DataOwner,Identifier,GeositeType,Latitude,Longitude,WaterLevel,DepthToTop,DepthToBottom,LithologyName,MaterialType,HardnessQualifier,distance_km
Dept Water - Pretoria,2528CA00422,Borehole,-25.73567,28.09338,,0,5.48,SOIL,Unconsolidated,,24.73001808
Dept Water - Pretoria,2528CA00422,Borehole,-25.73567,28.09338,,5.48,14.02,Shale,Consolidated,,24.73001808
Dept Water - Pretoria,2528CA00422,Borehole,-25.73567,28.09338,,14.02,16.15,Norite,Consolidated,,24.73001808
Dept Water - Pretoria,2528CA00422,Borehole,-25.73567,28.09338,,16.15,17.52,Diabase,Consolidated,,24.73001808
Dept Water - Pretoria,2528CA00421,Borehole,-25.73566,28.09337,,0,5.48,SOIL,Unconsolidated,,24.72893289
Dept Water - Pretoria,2528CA00421,Borehole,-25.73566,28.09337,,5.48,21.33,Shale,Consolidated,,24.72893289
Dept Water - Pretoria,2528CA00421,Borehole,-25.73566,28.09337,,21.33,25.75,Norite,Consolidated,,24.72893289
Dept Water - Pretoria,2528CA00421,Borehole,-25.73566,28.09337,,25.75,26.28,Lava,Consolidated,,24.72893289
Dept Water - Pretoria,2528CA00420,Borehole,-25.73565,28.09336,29.26,0,2.43,SOIL,Unconsolidated,,24.72784776
Dept Water - Pretoria,2528CA00420,Borehole,-25.73565,28.09336,29.26,2.43,12.19,Shale,Consolidated,,24.72784776
Dept Water - Pretoria,2528CA00420,Borehole,-25.73565,28.09336,29.26,12.19,14.93,Sandstone,Consolidated,,24.72784776
Dept Water - Pretoria,2528CA00420,Borehole,-25.73565,28.09336,29.26,14.93,24.38,Shale,Consolidated,,24.72784776
Dept Water - Pretoria,2528CA00420,Borehole,-25.73565,28.09336,29.26,24.38,39.62,Diabase,Consolidated,,24.72784776
Dept Water - Pretoria,2528CA00419,Borehole,-25.73563,28.09334,,0,15.24,Norite,Consolidated,,24.72567765
Dept Water - Pretoria,2528CA00417,Borehole,-25.73562,28.09333,,0,27.43,Clay,Unconsolidated,,24.72459268
Dept Water - Pretoria,2528CA00417,Borehole,-25.73562,28.09333,,27.43,91.44,Norite,Consolidated,,24.72459268
Dept Water - Pretoria,2528CA00418,Borehole,-25.73562,28.09333,,0,21.33,Lava,Consolidated,,24.72459268
Dept Water - Pretoria,2528CA00418,Borehole,-25.73562,28.09333,,21.33,76.2,Diabase,Consolidated,,24.72459268
Dept Water - Pretoria,2528CA00416,Borehole,-25.73561,28.09332,30.48,0,57.91,Clay,Unconsolidated,,24.72350776
Dept Water - Pretoria,2528CA00416,Borehole,-25.73561,28.09332,30.48,57.91,72.23,Norite,Consolidated,,24.72350776
Dept Water - Pretoria,2528CA00153,Borehole,-25.72922,28.04443,21.94,0,21.03,Clay,Unconsolidated,,24.75829779
Dept Water - Pretoria,2528CA00153,Borehole,-25.72922,28.04443,21.94,21.03,91.74,Quartzite,Consolidated,,24.75829779
Dept Water - Pretoria,2528CA00658,Borehole,-25.727,28.11304,,0,2,Sand & Silt,Unconsolidated,,23.80935723
Dept Water - Pretoria,2528CA00658,Borehole,-25.727,28.11304,,2,8,Clay,Unconsolidated,,23.80935723
Dept Water - Pretoria,2528CA00658,Borehole,-25.727,28.11304,,8,15,Silt,Unconsolidated,,23.80935723
Dept Water - Pretoria,2528CA00658,Borehole,-25.727,28.11304,,15,17.5,Diabase,Consolidated,,23.80935723
Dept Water - Pretoria,2528CA00098,Borehole,-25.72591,28.15445,8.58,0,1.82,Laterite,Consolidated,,24.43153631
Dept Water - Pretoria,2528CA00098,Borehole,-25.72591,28.15445,8.58,1.82,10.36,Clay,Unconsolidated,,24.43153631
Dept Water - Pretoria,2528CA00098,Borehole,-25.72591,28.15445,8.58,10.36,14.32,Shale,Consolidated,Soft,24.43153631
Dept Water - Pretoria,2528CA00098,Borehole,-25.72591,28.15445,8.58,14.32,43.58,Shale,Consolidated,,24.43153631
Dept Water - Pretoria,2528CA00097,Borehole,-25.7259,28.15444,12.19,0,0.91,SOIL,Unconsolidated,,24.4301776
Dept Water - Pretoria,2528CA00097,Borehole,-25.7259,28.15444,12.19,0.91,7.31,Dolerite,Consolidated,,24.4301776
Dept Water - Pretoria,2528CA00097,Borehole,-25.7259,28.15444,12.19,7.31,18.89,Dolerite,Consolidated,,24.4301776
Dept Water - Pretoria,2528CA00099,Borehole,-25.72588,28.15442,8.53,0,3.04,SOIL,Unconsolidated,,24.42746025
Dept Water - Pretoria,2528CA00099,Borehole,-25.72588,28.15442,8.53,3.04,16.76,Shale,Consolidated,,24.42746025
Dept Water - Pretoria,2528CA00099,Borehole,-25.72588,28.15442,8.53,16.76,26.82,Shale,Consolidated,,24.42746025
Dept Water - Pretoria,2528CA00099,Borehole,-25.72588,28.15442,8.53,26.82,43.28,Dolerite,Consolidated,,24.42746025
Dept Water - Pretoria,2528CA00099,Borehole,-25.72588,28.15442,8.53,43.28,55.77,Shale,Consolidated,,24.42746025
Dept Water - Pretoria,2528CA00100,Borehole,-25.72587,28.15441,18.28,0,6.09,SOIL,Unconsolidated,,24.42610162
Dept Water - Pretoria,2528CA00100,Borehole,-25.72587,28.15441,18.28,6.09,9.14,Diabase,Consolidated,,24.42610162
Dept Water - Pretoria,2528CA00100,Borehole,-25.72587,28.15441,18.28,9.14,27.43,Diabase,Consolidated,,24.42610162
Dept Water - Pretoria,2528CA00104,Borehole,-25.72561,28.15415,12.19,0,0.91,SOIL,Unconsolidated,,24.39078627
Dept Water - Pretoria,2528CA00104,Borehole,-25.72561,28.15415,12.19,0.91,47.24,Diabase,Consolidated,,24.39078627
Dept Water - Pretoria,2528CA00661,Borehole,-25.72533,28.10943,,,,,,,23.60048733
Dept Water - Pretoria,2528CA00657,Borehole,-25.7245,28.11415,,0,20,Shale,Consolidated,,23.54026358
Dept Water - Pretoria,2528CA00657,Borehole,-25.7245,28.11415,,20,30,Shale,Consolidated,,23.54026358
Dept Water - Pretoria,2528CA00657,Borehole,-25.7245,28.11415,,30,32,Shale,Consolidated,,23.54026358
Dept Water - Pretoria,2528CA00660,Borehole,-25.72422,28.11777,,0,1.5,Sand & Silt,Unconsolidated,,23.5417119
Dept Water - Pretoria,2528CA00660,Borehole,-25.72422,28.11777,,1.5,3.5,Gravel,Unconsolidated,,23.5417119
Dept Water - Pretoria,2528CA00660,Borehole,-25.72422,28.11777,,3.5,16,Silt,Unconsolidated,,23.5417119
Dept Water - Pretoria,2528CA00660,Borehole,-25.72422,28.11777,,16,17,Shale,Consolidated,,23.5417119
Dept Water - Pretoria,2528CA00660,Borehole,-25.72422,28.11777,,17,30,Shale,Consolidated,,23.5417119
Dept Water - Pretoria,2528CA00660,Borehole,-25.72422,28.11777,,30,34,Shale,Consolidated,,23.5417119
Dept Water - Pretoria,2528CA00662,Borehole,-25.72005,28.11749,,0,1.5,Sand,Unconsolidated,,23.07658041
Dept Water - Pretoria,2528CA00662,Borehole,-25.72005,28.11749,,1.5,22,Shale,Consolidated,,23.07658041
Dept Water - Pretoria,2528CA00662,Borehole,-25.72005,28.11749,,22,30,Shale,Consolidated,,23.07658041
Dept Water - Pretoria,2528CA00659,Borehole,-25.71839,28.10971,1.7,0,1,Sand,Unconsolidated,,22.83053502
Dept Water - Pretoria,2528CA00659,Borehole,-25.71839,28.10971,1.7,1,14,Shale,Consolidated,,22.83053502
Dept Water - Pretoria,2528CA00663,Borehole,-25.71811,28.11804,12.4,0,28,Shale,Consolidated,,22.86712263
Dept Water - Gauteng,2528CA00020,Borehole,-25.71728,28.16638,1.2,,,,,,23.8872076
Dept Water - Gauteng,2528CA00020,Borehole,-25.71728,28.16638,1.33,,,,,,23.8872076
Dept Water - Gauteng,2528CA00020,Borehole,-25.71728,28.16638,1.5,,,,,,23.8872076
Dept Water - Gauteng,2528CA00020,Borehole,-25.71728,28.16638,1.61,,,,,,23.8872076
Dept Water - Gauteng,2528CA00020,Borehole,-25.71728,28.16638,1.63,,,,,,23.8872076
Dept Water - Gauteng,2528CA00020,Borehole,-25.71728,28.16638,1.64,,,,,,23.8872076
Dept Water - Gauteng,2528CA00020,Borehole,-25.71728,28.16638,1.66,,,,,,23.8872076
Dept Water - Gauteng,2528CA00020,Borehole,-25.71728,28.16638,1.68,,,,,,23.8872076
Dept Water - Gauteng,2528CA00020,Borehole,-25.71728,28.16638,1.75,,,,,,23.8872076
Dept Water - Gauteng,2528CA00020,Borehole,-25.71728,28.16638,1.77,,,,,,23.8872076
Dept Water - Gauteng,2528CA00020,Borehole,-25.71728,28.16638,1.78,,,,,,23.8872076
Dept Water - Gauteng,2528CA00020,Borehole,-25.71728,28.16638,1.79,,,,,,23.8872076
Dept Water - Gauteng,2528CA00020,Borehole,-25.71728,28.16638,1.8,,,,,,23.8872076
Dept Water - Gauteng,2528CA00020,Borehole,-25.71728,28.16638,1.89,,,,,,23.8872076
Dept Water - Gauteng,2528CA00020,Borehole,-25.71728,28.16638,1.92,,,,,,23.8872076
Dept Water - Gauteng,2528CA00020,Borehole,-25.71728,28.16638,1.93,,,,,,23.8872076
Dept Water - Gauteng,2528CA00020,Borehole,-25.71728,28.16638,1.97,,,,,,23.8872076
Dept Water - Gauteng,2528CA00020,Borehole,-25.71728,28.16638,1.98,,,,,,23.8872076
Dept Water - Gauteng,2528CA00020,Borehole,-25.71728,28.16638,1.99,,,,,,23.8872076
Dept Water - Gauteng,2528CA00020,Borehole,-25.71728,28.16638,2.01,,,,,,23.8872076
Dept Water - Gauteng,2528CA00020,Borehole,-25.71728,28.16638,2.03,,,,,,23.8872076
Dept Water - Gauteng,2528CA00020,Borehole,-25.71728,28.16638,2.07,,,,,,23.8872076
Dept Water - Gauteng,2528CA00020,Borehole,-25.71728,28.16638,2.12,,,,,,23.8872076
Dept Water - Gauteng,2528CA00020,Borehole,-25.71728,28.16638,2.19,,,,,,23.8872076
Dept Water - Gauteng,2528CA00020,Borehole,-25.71728,28.16638,2.23,,,,,,23.8872076
Dept Water - Gauteng,2528CA00020,Borehole,-25.71728,28.16638,2.28,,,,,,23.8872076
Dept Water - Gauteng,2528CA00020,Borehole,-25.71728,28.16638,2.32,,,,,,23.8872076
Dept Water - Gauteng,2528CA00020,Borehole,-25.71728,28.16638,2.34,,,,,,23.8872076
Dept Water - Gauteng,2528CA00020,Borehole,-25.71728,28.16638,2.4,,,,,,23.8872076
Dept Water - Gauteng,2528CA00020,Borehole,-25.71728,28.16638,2.45,,,,,,23.8872076
Dept Water - Gauteng,2528CA00020,Borehole,-25.71728,28.16638,2.57,,,,,,23.8872076
Dept Water - Gauteng,2528CA00020,Borehole,-25.71728,28.16638,2.67,,,,,,23.8872076
Dept Water - Gauteng,2528CA00020,Borehole,-25.71728,28.16638,2.68,,,,,,23.8872076
Dept Water - Gauteng,2528CA00020,Borehole,-25.71728,28.16638,2.93,,,,,,23.8872076
Dept Water - Gauteng,2528CA00020,Borehole,-25.71728,28.16638,2.98,,,,,,23.8872076
Dept Water - Gauteng,2528CA00020,Borehole,-25.71728,28.16638,3.07,,,,,,23.8872076
Dept Water - Gauteng,2528CA00020,Borehole,-25.71728,28.16638,3.09,,,,,,23.8872076
Dept Water - Gauteng,2528CA00020,Borehole,-25.71728,28.16638,3.14,,,,,,23.8872076
Dept Water - Gauteng,2528CA00020,Borehole,-25.71728,28.16638,3.18,,,,,,23.8872076
Dept Water - Gauteng,2528CA00020,Borehole,-25.71728,28.16638,3.2,,,,,,23.8872076
Dept Water - Gauteng,2528CA00020,Borehole,-25.71728,28.16638,3.41,,,,,,23.8872076
Dept Water - Gauteng,2528CA00020,Borehole,-25.71728,28.16638,3.43,,,,,,23.8872076
Dept Water - Gauteng,2528CA00020,Borehole,-25.71728,28.16638,3.51,,,,,,23.8872076
Dept Water - Gauteng,2528CA00020,Borehole,-25.71728,28.16638,3.56,,,,,,23.8872076
Dept Water - Gauteng,2528CA00020,Borehole,-25.71728,28.16638,3.57,,,,,,23.8872076
Dept Water - Gauteng,2528CA00020,Borehole,-25.71728,28.16638,3.58,,,,,,23.8872076
Dept Water - Gauteng,2528CA00020,Borehole,-25.71728,28.16638,3.74,,,,,,23.8872076
Dept Water - Gauteng,2528CA00020,Borehole,-25.71728,28.16638,3.76,,,,,,23.8872076
Dept Water - Gauteng,2528CA00020,Borehole,-25.71728,28.16638,3.79,,,,,,23.8872076
Dept Water - Gauteng,2528CA00020,Borehole,-25.71728,28.16638,3.8,,,,,,23.8872076
Dept Water - Gauteng,2528CA00020,Borehole,-25.71728,28.16638,3.83,,,,,,23.8872076
Dept Water - Gauteng,2528CA00020,Borehole,-25.71728,28.16638,3.89,,,,,,23.8872076
Dept Water - Gauteng,2528CA00020,Borehole,-25.71728,28.16638,4.06,,,,,,23.8872076
Dept Water - Pretoria,2528CA00296,Borehole,-25.71394,28.13637,9.14,0,15.24,Shale,Consolidated,,22.69015957
Dept Water - Pretoria,2528CA00296,Borehole,-25.71394,28.13637,9.14,15.24,30.48,Diabase,Consolidated,,22.69015957
Dept Water - Pretoria,2528CA00296,Borehole,-25.71394,28.13637,9.14,30.48,39.62,Shale,Consolidated,,22.69015957
Dept Water - Pretoria,2528CA00151,Borehole,-25.71344,28.18583,2.43,0,17.83,Shale,Consolidated,,24.26136791
Dept Water - Pretoria,2528CA00150,Borehole,-25.71343,28.18945,2.43,0,31.69,Shale,Consolidated,,24.42388963
Dept Water - Pretoria,2528CA00149,Borehole,-25.71342,28.18584,5.48,0,3.04,SOIL,Unconsolidated,,24.2597704
Dept Water - Pretoria,2528CA00149,Borehole,-25.71342,28.18584,5.48,3.04,9.44,Boulders,Unconsolidated,,24.2597704
Dept Water - Pretoria,2528CA00149,Borehole,-25.71342,28.18584,5.48,9.44,60.96,Diabase,Consolidated,,24.2597704
Dept Water - Pretoria,2528CA00149,Borehole,-25.71342,28.18584,5.48,60.96,88.7,Shale,Consolidated,,24.2597704
Dept Water - Pretoria,2528CA00148,Borehole,-25.71341,28.18582,16.76,0,9.75,Shale,Consolidated,,24.25786146
Dept Water - Pretoria,2528CA00148,Borehole,-25.71341,28.18582,16.76,9.75,19.35,Shale,Consolidated,,24.25786146
Dept Water - Pretoria,2528CA00152,Borehole,-25.71339,28.19776,0.6,0,1.52,Gravel,Unconsolidated,,24.8160049
Dept Water - Pretoria,2528CA00152,Borehole,-25.71339,28.19776,0.6,1.52,9.75,Clay,Unconsolidated,,24.8160049
Dept Water - Pretoria,2528CA00152,Borehole,-25.71339,28.19776,0.6,9.75,30.78,Shale,Consolidated,,24.8160049
Dept Water - Pretoria,2528CA00289,Borehole,-25.71253,28.14338,3.04,0,1.21,Clay,Unconsolidated,,22.69330007
Dept Water - Pretoria,2528CA00289,Borehole,-25.71253,28.14338,3.04,1.21,74.06,Shale,Consolidated,,22.69330007
Dept Water - Pretoria,2528CA00288,Borehole,-25.71252,28.14337,3.96,0,1.82,SOIL,Unconsolidated,,22.69197081
Dept Water - Pretoria,2528CA00288,Borehole,-25.71252,28.14337,3.96,1.82,32,Shale,Consolidated,,22.69197081
Dept Water - Pretoria,2528CA00288,Borehole,-25.71252,28.14337,3.96,32,32.76,Diabase,Consolidated,,22.69197081
Dept Water - Pretoria,2528CA00287,Borehole,-25.71251,28.14336,8.22,0,1.82,SOIL,Unconsolidated,,22.69064157
Dept Water - Pretoria,2528CA00287,Borehole,-25.71251,28.14336,8.22,1.82,30.48,Shale,Consolidated,,22.69064157
Dept Water - Pretoria,2528CA00287,Borehole,-25.71251,28.14336,8.22,30.48,40.23,Shale,Consolidated,,22.69064157
Dept Water - Pretoria,2528CA00285,Borehole,-25.7125,28.14334,6.09,0,0.6,SOIL,Unconsolidated,,22.6890696
Dept Water - Pretoria,2528CA00285,Borehole,-25.7125,28.14334,6.09,0.6,31.08,Shale,Consolidated,,22.6890696
Dept Water - Pretoria,2528CA00286,Borehole,-25.7125,28.14335,12.19,0,20.42,Gabbro,Consolidated,,22.68931237
Dept Water - Pretoria,2528CA00284,Borehole,-25.71249,28.14333,4.57,0,0.6,SOIL,Unconsolidated,,22.68774047
Dept Water - Pretoria,2528CA00284,Borehole,-25.71249,28.14333,4.57,0.6,46.32,Shale,Consolidated,,22.68774047
Dept Water - Pretoria,2528CA00283,Borehole,-25.71248,28.14332,11.88,0,56.38,Shale,Consolidated,,22.68641137
Dept Water - Pretoria,2528CA00290,Borehole,-25.71247,28.14331,4.57,0,2.43,SOIL,Unconsolidated,,22.6850823
Dept Water - Pretoria,2528CA00290,Borehole,-25.71247,28.14331,4.57,2.43,54.86,Shale,Consolidated,,22.6850823
Dept Water - Pretoria,2528CA00291,Borehole,-25.71246,28.1433,7.62,0,46.02,NO SAMPLE,,,22.68375326
Dept Water - Pretoria,2528CA00291,Borehole,-25.71246,28.1433,7.62,46.02,62.17,Shale,Consolidated,,22.68375326
Dept Water - Pretoria,2528CA00292,Borehole,-25.71245,28.14329,8.83,0,47.24,Shale,Consolidated,,22.68242425
Dept Water - Pretoria,2528CA00293,Borehole,-25.71244,28.14328,3.96,0,0.91,SOIL,Unconsolidated,,22.68109528
Dept Water - Pretoria,2528CA00293,Borehole,-25.71244,28.14328,3.96,0.91,32,Shale,Consolidated,,22.68109528
Dept Water - Pretoria,2528CA00294,Borehole,-25.71243,28.14327,,0,19.2,Shale,Consolidated,,22.67976633
Dept Water - Pretoria,2528CA00294,Borehole,-25.71243,28.14327,,19.2,26.51,Diabase,Consolidated,,22.67976633
Dept Water - Pretoria,2528CA00295,Borehole,-25.71242,28.14326,6.24,0,3.04,Shale,Consolidated,,22.67843742
Dept Water - Pretoria,2528CA00295,Borehole,-25.71242,28.14326,6.24,3.04,8.83,Shale,Consolidated,,22.67843742
Dept Water - Pretoria,2528CA00295,Borehole,-25.71242,28.14326,6.24,8.83,34.74,Diabase,Consolidated,,22.67843742
Dept Water - Pretoria,2528CA00297,Borehole,-25.71061,28.12694,17.67,0,32.91,Shale,Consolidated,,22.15376141
Dept Water - Pretoria,2528CA00297,Borehole,-25.71061,28.12694,17.67,32.91,45.41,Diabase,Consolidated,,22.15376141
Dept Water - Pretoria,2528CA00155,Borehole,-25.70979,28.18721,,0,16.15,Diabase,Consolidated,,23.9519656
Dept Water - Pretoria,2528CA00154,Borehole,-25.70978,28.18721,6.09,0,42.67,Slate,Consolidated,,23.95095049
Dept Water - Pretoria,2528CA00156,Borehole,-25.70977,28.1872,5.18,0,30.48,Shale,Consolidated,,23.94947847
Dept Water - Pretoria,2528CA00156,Borehole,-25.70977,28.1872,5.18,30.48,38.1,Diabase,Consolidated,,23.94947847
Dept Water - Pretoria,2527DB00121,Borehole,-25.70372,27.98274,,,,,,,24.802982
Dept Water - Pretoria,2528CA00127,Borehole,-25.70194,28.00965,18.28,0,1.21,SOIL,Unconsolidated,,23.20221167
Dept Water - Pretoria,2528CA00127,Borehole,-25.70194,28.00965,18.28,1.21,28.04,Shale,Consolidated,,23.20221167
Dept Water - Pretoria,2528CA00127,Borehole,-25.70194,28.00965,18.28,28.04,31.39,Diabase,Consolidated,,23.20221167
Dept Water - Pretoria,2528CA00127,Borehole,-25.70194,28.00965,18.28,31.39,32,Diabase,Consolidated,,23.20221167
Dept Water - Pretoria,2528CA00126,Borehole,-25.70193,28.00964,18.28,0,20.72,Shale,Consolidated,,23.2016824
Dept Water - Pretoria,2528CA00126,Borehole,-25.70193,28.00964,18.28,20.72,52.12,Diabase,Consolidated,,23.2016824
Dept Water - Pretoria,2528CA00126,Borehole,-25.70193,28.00964,18.28,52.12,54.55,Diabase,Consolidated,,23.2016824
Dept Water - Pretoria,2528CA00125,Borehole,-25.70192,28.00963,16.15,0,1.82,SOIL,Unconsolidated,,23.20115322
Dept Water - Pretoria,2528CA00125,Borehole,-25.70192,28.00963,16.15,1.82,38.7,Shale,Consolidated,,23.20115322
Dept Water - Pretoria,2528CA00125,Borehole,-25.70192,28.00963,16.15,38.7,44.5,Diabase,Consolidated,,23.20115322
Dept Water - Pretoria,2528CA00124,Borehole,-25.70191,28.00962,17.67,0,2.43,SOIL,Unconsolidated,,23.20062413
Dept Water - Pretoria,2528CA00124,Borehole,-25.70191,28.00962,17.67,2.43,12.19,Diabase,Consolidated,,23.20062413
Dept Water - Pretoria,2528CA00124,Borehole,-25.70191,28.00962,17.67,12.19,15.24,Diabase,Consolidated,,23.20062413
Dept Water - Pretoria,2528CA00124,Borehole,-25.70191,28.00962,17.67,15.24,36.57,Diabase,Consolidated,,23.20062413
Dept Water - Pretoria,2528CA00123,Borehole,-25.7019,28.00961,24.38,0,8.53,SOIL,Unconsolidated,,23.20009514
Dept Water - Pretoria,2528CA00123,Borehole,-25.7019,28.00961,24.38,8.53,19.2,Diabase,Consolidated,,23.20009514
Dept Water - Pretoria,2528CA00123,Borehole,-25.7019,28.00961,24.38,19.2,36.57,Quartzite,Consolidated,,23.20009514
Dept Water - Pretoria,2528CA00123,Borehole,-25.7019,28.00961,24.38,36.57,63.39,Diabase,Consolidated,,23.20009514
Dept Water - Pretoria,2528CA00122,Borehole,-25.70189,28.0096,7.31,0,0.91,SOIL,Unconsolidated,,23.19956624
Dept Water - Pretoria,2528CA00122,Borehole,-25.70189,28.0096,7.31,0.91,32.3,Diabase,Consolidated,,23.19956624
Dept Water - Pretoria,2528CA00121,Borehole,-25.70188,28.00959,32,0,49.07,Shale,Consolidated,,23.19903744
Dept Water - Pretoria,2528CA00120,Borehole,-25.70187,28.00958,10.05,0,0.6,SOIL,Unconsolidated,,23.19850873
Dept Water - Pretoria,2528CA00120,Borehole,-25.70187,28.00958,10.05,0.6,12.19,Shale,Consolidated,,23.19850873
Dept Water - Pretoria,2528CA00120,Borehole,-25.70187,28.00958,10.05,12.19,30.48,Diabase,Consolidated,,23.19850873
Dept Water - Pretoria,2528CA00120,Borehole,-25.70187,28.00958,10.05,30.48,33.22,Diabase,Consolidated,Hard,23.19850873
Dept Water - Pretoria,2528CA00119,Borehole,-25.70186,28.01221,14.94,0,0.3,SOIL,Unconsolidated,,23.07353329
Dept Water - Pretoria,2528CA00119,Borehole,-25.70186,28.01221,14.94,0.3,11.89,Sand,Unconsolidated,,23.07353329
Dept Water - Pretoria,2528CA00119,Borehole,-25.70186,28.01221,14.94,11.89,30.18,Shale,Consolidated,,23.07353329
Dept Water - Pretoria,2528CA00119,Borehole,-25.70186,28.01221,14.94,30.18,42.98,Diabase,Consolidated,,23.07353329
Dept Water - Pretoria,2528CA00118,Borehole,-25.70185,28.00956,15.84,0,0.3,SOIL,Unconsolidated,,23.1974516
Dept Water - Pretoria,2528CA00118,Borehole,-25.70185,28.00956,15.84,0.3,3.96,Shale,Consolidated,,23.1974516
Dept Water - Pretoria,2528CA00118,Borehole,-25.70185,28.00956,15.84,3.96,39.62,Shale,Consolidated,,23.1974516
Dept Water - Pretoria,2528CA00117,Borehole,-25.70184,28.00955,20.72,0,0.3,SOIL,Unconsolidated,,23.19692318
Dept Water - Pretoria,2528CA00117,Borehole,-25.70184,28.00955,20.72,0.3,32.91,Shale,Consolidated,,23.19692318
Dept Water - Pretoria,2528CA00116,Borehole,-25.70183,28.00954,15.24,0,0.6,SOIL,Unconsolidated,,23.19639485
Dept Water - Pretoria,2528CA00116,Borehole,-25.70183,28.00954,15.24,0.6,30.48,Shale,Consolidated,,23.19639485
Dept Water - Pretoria,2528CA00115,Borehole,-25.70182,28.00953,,0,0.6,SOIL,Unconsolidated,,23.19586661
Dept Water - Pretoria,2528CA00115,Borehole,-25.70182,28.00953,,0.6,18.28,Quartzite,Consolidated,,23.19586661
Dept Water - Pretoria,2528CA00114,Borehole,-25.70181,28.00952,,0,0.6,SOIL,Unconsolidated,,23.19533847
Dept Water - Pretoria,2528CA00114,Borehole,-25.70181,28.00952,,0.6,19.2,Quartzite,Consolidated,,23.19533847
Dept Water - Pretoria,2528CA00113,Borehole,-25.7018,28.00951,15.24,0,0.6,SOIL,Unconsolidated,,23.19481043
Dept Water - Pretoria,2528CA00113,Borehole,-25.7018,28.00951,15.24,0.6,32,Shale,Consolidated,,23.19481043
Dept Water - Pretoria,2528CA00112,Borehole,-25.70179,28.0095,6.7,0,3.04,SOIL,Unconsolidated,,23.19428248
Dept Water - Pretoria,2528CA00112,Borehole,-25.70179,28.0095,6.7,3.04,55.16,Shale,Consolidated,,23.19428248
Dept Water - Pretoria,2528CA00111,Borehole,-25.70178,28.00949,16.76,0,0.91,SOIL,Unconsolidated,,23.19375463
Dept Water - Pretoria,2528CA00111,Borehole,-25.70178,28.00949,16.76,0.91,54.55,Shale,Consolidated,,23.19375463
Dept Water - Pretoria,2528CA00111,Borehole,-25.70178,28.00949,16.76,54.55,55.47,Diabase,Consolidated,,23.19375463
Dept Water - Pretoria,2528CA00110,Borehole,-25.70177,28.00948,34.44,0,5.48,SOIL,Unconsolidated,,23.19322687
Dept Water - Pretoria,2528CA00110,Borehole,-25.70177,28.00948,34.44,5.48,23.46,Shale,Consolidated,,23.19322687
Dept Water - Pretoria,2528CA00110,Borehole,-25.70177,28.00948,34.44,23.46,61.56,Shale,Consolidated,,23.19322687
Dept Water - Pretoria,2528CA00110,Borehole,-25.70177,28.00948,34.44,61.56,76.2,Shale,Consolidated,,23.19322687
Dept Water - Pretoria,2528CA00109,Borehole,-25.70176,28.00947,27.43,0,4.57,SOIL,Unconsolidated,,23.1926992
Dept Water - Pretoria,2528CA00109,Borehole,-25.70176,28.00947,27.43,4.57,7.62,Quartzite,Consolidated,,23.1926992
Dept Water - Pretoria,2528CA00109,Borehole,-25.70176,28.00947,27.43,7.62,10.66,Quartzite,Consolidated,,23.1926992
Dept Water - Pretoria,2528CA00109,Borehole,-25.70176,28.00947,27.43,10.66,26.51,Shale,Consolidated,,23.1926992
Dept Water - Pretoria,2528CA00109,Borehole,-25.70176,28.00947,27.43,26.51,42.06,Diabase,Consolidated,,23.1926992
Dept Water - Pretoria,2528CA00108,Borehole,-25.70175,28.00946,1.82,0,0.6,SOIL,Unconsolidated,,23.19217163
Dept Water - Pretoria,2528CA00108,Borehole,-25.70175,28.00946,1.82,0.6,3.65,Diabase,Consolidated,,23.19217163
Dept Water - Pretoria,2528CA00108,Borehole,-25.70175,28.00946,1.82,3.65,22.55,Diabase,Consolidated,,23.19217163
Dept Water - Pretoria,2528CA00107,Borehole,-25.70174,28.00945,14.63,0,0.91,SOIL,Unconsolidated,,23.19164416
Dept Water - Pretoria,2528CA00107,Borehole,-25.70174,28.00945,14.63,0.91,2.43,Shale,Consolidated,,23.19164416
Dept Water - Pretoria,2528CA00107,Borehole,-25.70174,28.00945,14.63,2.43,16.76,Shale,Consolidated,,23.19164416
Dept Water - Pretoria,2528CA00107,Borehole,-25.70174,28.00945,14.63,16.76,30.66,Quartzite,Consolidated,,23.19164416
Dept Water - Pretoria,2528CA00106,Borehole,-25.70173,28.00944,,0,0.91,SOIL,Unconsolidated,,23.19111678
Dept Water - Pretoria,2528CA00106,Borehole,-25.70173,28.00944,,0.91,7.01,Clay,Unconsolidated,,23.19111678
Dept Water - Pretoria,2528CA00106,Borehole,-25.70173,28.00944,,7.01,8.53,Sandstone,Consolidated,,23.19111678
Dept Water - Pretoria,2528CA00106,Borehole,-25.70173,28.00944,,8.53,15.84,Sandstone,Consolidated,,23.19111678
Dept Water - Pretoria,2528CA00106,Borehole,-25.70173,28.00944,,15.84,17.06,Sandstone,Consolidated,,23.19111678
Dept Water - Pretoria,2528CA00106,Borehole,-25.70173,28.00944,,17.06,28.34,Shale,Consolidated,,23.19111678
Dept Water - Pretoria,2528CA00106,Borehole,-25.70173,28.00944,,28.34,30.78,Shale,Consolidated,,23.19111678
Dept Water - Pretoria,2528CA00105,Borehole,-25.70172,28.00943,16.76,0,1.4,SOIL,Unconsolidated,,23.19058949
Dept Water - Pretoria,2528CA00105,Borehole,-25.70172,28.00943,16.76,1.4,25.29,Shale,Consolidated,,23.19058949
Dept Water - Pretoria,2528CA00105,Borehole,-25.70172,28.00943,16.76,25.29,29.44,Shale,Consolidated,,23.19058949
Dept Water - Pretoria,2528CA00105,Borehole,-25.70172,28.00943,16.76,29.44,41.45,Quartzite,Consolidated,,23.19058949
Dept Water - Pretoria,2528CA00128,Borehole,-25.70171,28.00942,7.92,0,4.57,Boulders,Unconsolidated,,23.1900623
Dept Water - Pretoria,2528CA00128,Borehole,-25.70171,28.00942,7.92,4.57,35.35,Shale,Consolidated,,23.1900623
Dept Water - Pretoria,2528CA00128,Borehole,-25.70171,28.00942,7.92,35.35,44.8,Diabase,Consolidated,,23.1900623
Dept Water - Pretoria,2528CA00129,Borehole,-25.7017,28.00941,,0,36.57,Shale,Consolidated,,23.18953521
Dept Water - Pretoria,2528CA00129,Borehole,-25.7017,28.00941,,36.57,48.76,Diabase,Consolidated,,23.18953521
Dept Water - Pretoria,2528CA00130,Borehole,-25.70169,28.0094,12.19,0,39.62,Shale,Consolidated,,23.18900821
Dept Water - Pretoria,2528CA00131,Borehole,-25.70168,28.00939,13.71,0,30.48,Shale,Consolidated,,23.1884813
Dept Water - Pretoria,2528CA00131,Borehole,-25.70168,28.00939,13.71,30.48,32,Diabase,Consolidated,,23.1884813
Dept Water - Pretoria,2528CA00132,Borehole,-25.70167,28.00938,6.09,0,18.28,Shale,Consolidated,,23.18795449
Dept Water - Pretoria,2528CA00132,Borehole,-25.70167,28.00938,6.09,18.28,22.86,Diabase,Consolidated,,23.18795449
Dept Water - Pretoria,2528CA00132,Borehole,-25.70167,28.00938,6.09,22.86,25.9,Shale,Consolidated,,23.18795449
Dept Water - Pretoria,2528CA00132,Borehole,-25.70167,28.00938,6.09,25.9,37.79,Diabase,Consolidated,Hard,23.18795449
Dept Water - Pretoria,2528CA00133,Borehole,-25.70166,28.00937,,0,0.91,SOIL,Unconsolidated,,23.18742777
Dept Water - Pretoria,2528CA00133,Borehole,-25.70166,28.00937,,0.91,19.5,Shale,Consolidated,,23.18742777
Dept Water - Pretoria,2528CA00133,Borehole,-25.70166,28.00937,,19.5,20.42,Shale,Consolidated,,23.18742777
Dept Water - Pretoria,2528CA00133,Borehole,-25.70166,28.00937,,20.42,25.29,Shale,Consolidated,,23.18742777
Dept Water - Pretoria,2528CA00133,Borehole,-25.70166,28.00937,,25.29,28.65,Shale,Consolidated,,23.18742777
Dept Water - Pretoria,2528CA00133,Borehole,-25.70166,28.00937,,28.65,52.42,Shale,Consolidated,,23.18742777
Dept Water - Pretoria,2528CA00134,Borehole,-25.70165,28.00936,13.41,0,1.52,SOIL,Unconsolidated,,23.18690115
Dept Water - Pretoria,2528CA00134,Borehole,-25.70165,28.00936,13.41,1.52,18.28,Shale,Consolidated,,23.18690115
Dept Water - Pretoria,2528CA00134,Borehole,-25.70165,28.00936,13.41,18.28,22.86,Boulders,Unconsolidated,,23.18690115
Dept Water - Pretoria,2528CA00134,Borehole,-25.70165,28.00936,13.41,22.86,32,Shale,Consolidated,,23.18690115
Dept Water - Pretoria,2528CA00134,Borehole,-25.70165,28.00936,13.41,32,32.91,Shale,Consolidated,,23.18690115
Dept Water - Pretoria,2528CA00135,Borehole,-25.70164,28.00935,4.57,0,1.52,SOIL,Unconsolidated,,23.18637463
Dept Water - Pretoria,2528CA00135,Borehole,-25.70164,28.00935,4.57,1.52,13.71,Shale,Consolidated,,23.18637463
Dept Water - Pretoria,2528CA00135,Borehole,-25.70164,28.00935,4.57,13.71,21.33,Shale,Consolidated,,23.18637463
Dept Water - Pretoria,2528CA00135,Borehole,-25.70164,28.00935,4.57,21.33,26.82,Shale,Consolidated,,23.18637463
Dept Water - Pretoria,2528CA00136,Borehole,-25.70163,28.00934,10.05,0,0.91,SOIL,Unconsolidated,,23.1858482
Dept Water - Pretoria,2528CA00136,Borehole,-25.70163,28.00934,10.05,0.91,15.24,Shale,Consolidated,,23.1858482
Dept Water - Pretoria,2528CA00136,Borehole,-25.70163,28.00934,10.05,15.24,31.39,Diabase,Consolidated,,23.1858482
Dept Water - Pretoria,2528CA00137,Borehole,-25.70162,28.00933,6.09,0,34.13,Diabase,Consolidated,,23.18532186
Dept Water - Pretoria,2528CA00137,Borehole,-25.70162,28.00933,6.09,34.13,34.74,Diabase,Consolidated,,23.18532186
Dept Water - Pretoria,2528CA00142,Borehole,-25.70157,28.00928,44.19,0,3.04,SOIL,Unconsolidated,,23.1826916
Dept Water - Pretoria,2528CA00142,Borehole,-25.70157,28.00928,44.19,3.04,16.76,Schist,Consolidated,,23.1826916
Dept Water - Pretoria,2528CA00142,Borehole,-25.70157,28.00928,44.19,16.76,27.43,Granite,Consolidated,,23.1826916
Dept Water - Pretoria,2528CA00142,Borehole,-25.70157,28.00928,44.19,27.43,56.38,Granite,Consolidated,,23.1826916
Dept Water - Pretoria,2528CA00143,Borehole,-25.70156,28.00927,27.43,0,3.04,SOIL,Unconsolidated,,23.18216584
Dept Water - Pretoria,2528CA00143,Borehole,-25.70156,28.00927,27.43,3.04,10.66,Schist,Consolidated,,23.18216584
Dept Water - Pretoria,2528CA00143,Borehole,-25.70156,28.00927,27.43,10.66,28.95,Granite,Consolidated,,23.18216584
Dept Water - Pretoria,2528CA00143,Borehole,-25.70156,28.00927,27.43,28.95,41.14,Granite,Consolidated,,23.18216584
Dept Water - Pretoria,2528CA00143,Borehole,-25.70156,28.00927,27.43,41.14,65.53,Granite,Consolidated,,23.18216584
Dept Water - Pretoria,2527DB00330,Borehole,-25.70153,27.97617,30.48,0,12.49,SOIL,Unconsolidated,,24.98752499
Dept Water - Pretoria,2527DB00330,Borehole,-25.70153,27.97617,30.48,12.49,15.24,Granite,Consolidated,,24.98752499
Dept Water - Pretoria,2527DB00330,Borehole,-25.70153,27.97617,30.48,15.24,20.72,Diabase,Consolidated,,24.98752499
Dept Water - Pretoria,2527DB00330,Borehole,-25.70153,27.97617,30.48,20.72,43.58,Sandstone,Consolidated,,24.98752499
Dept Water - Pretoria,2527DB00329,Borehole,-25.70152,27.97616,26.21,0,6.09,SOIL,Unconsolidated,,24.98720161
Dept Water - Pretoria,2527DB00329,Borehole,-25.70152,27.97616,26.21,6.09,45.72,Sandstone,Consolidated,,24.98720161
Dept Water - Pretoria,2527DB00328,Borehole,-25.70151,27.97615,,0,28.34,Sandstone,Consolidated,,24.98687832
Dept Water - Pretoria,2527DB00327,Borehole,-25.7015,27.97614,4.26,0,6.09,SOIL,Unconsolidated,,24.98655512
Dept Water - Pretoria,2527DB00327,Borehole,-25.7015,27.97614,4.26,6.09,14.63,Sandstone,Consolidated,,24.98655512
Dept Water - Pretoria,2527DB00326,Borehole,-25.70149,27.97613,8.53,0,7.31,SOIL,Unconsolidated,,24.98623202
Dept Water - Pretoria,2527DB00326,Borehole,-25.70149,27.97613,8.53,7.31,13.41,Dolerite,Consolidated,,24.98623202
Dept Water - Pretoria,2527DB00326,Borehole,-25.70149,27.97613,8.53,13.41,18.34,Dolerite,Consolidated,,24.98623202
Dept Water - Pretoria,2527DB00325,Borehole,-25.70148,27.97612,19.81,0,8.23,SOIL,Unconsolidated,,24.98590902
Dept Water - Pretoria,2527DB00325,Borehole,-25.70148,27.97612,19.81,8.23,44.65,Diabase,Consolidated,,24.98590902
Dept Water - Pretoria,2527DB00324,Borehole,-25.70147,27.97611,11.27,0,11.58,SOIL,Unconsolidated,,24.98558611
Dept Water - Pretoria,2527DB00324,Borehole,-25.70147,27.97611,11.27,11.58,24.07,Sandstone,Consolidated,,24.98558611
Dept Water - Pretoria,2527DB00323,Borehole,-25.70146,27.9761,19.81,0,8.22,SOIL,Unconsolidated,,24.98526329
Dept Water - Pretoria,2527DB00323,Borehole,-25.70146,27.9761,19.81,8.22,44.65,Diabase,Consolidated,,24.98526329
Dept Water - Pretoria,2527DB00322,Borehole,-25.70145,27.97609,35.66,0,6.7,Sandstone,Consolidated,,24.98494057
Dept Water - Pretoria,2527DB00322,Borehole,-25.70145,27.97609,35.66,6.7,24.38,Sandstone,Consolidated,,24.98494057
Dept Water - Pretoria,2527DB00322,Borehole,-25.70145,27.97609,35.66,24.38,59.58,Sandstone,Consolidated,,24.98494057
Dept Water - Pretoria,2527DB00331,Borehole,-25.70143,27.97607,32.61,0,23.77,Sandstone,Consolidated,,24.98429542
Dept Water - Pretoria,2527DB00331,Borehole,-25.70143,27.97607,32.61,23.77,46.93,Granite,Consolidated,,24.98429542
Dept Water - Pretoria,2527DB00331,Borehole,-25.70143,27.97607,32.61,46.93,57.6,Granite,Consolidated,,24.98429542
Dept Water - Pretoria,2527DB00331,Borehole,-25.70143,27.97607,32.61,57.6,66.14,Diabase,Consolidated,,24.98429542
Dept Water - Pretoria,2527DB00332,Borehole,-25.70142,27.97606,28.95,0,3.65,SOIL,Unconsolidated,,24.98397298
Dept Water - Pretoria,2527DB00332,Borehole,-25.70142,27.97606,28.95,3.65,20.72,Sandstone,Consolidated,,24.98397298
Dept Water - Pretoria,2527DB00332,Borehole,-25.70142,27.97606,28.95,20.72,54.55,Sandstone,Consolidated,,24.98397298
Dept Water - Pretoria,2527DB00332,Borehole,-25.70142,27.97606,28.95,54.55,56.08,Diabase,Consolidated,,24.98397298
Dept Water - Pretoria,2527DB00332,Borehole,-25.70142,27.97606,28.95,56.08,62.48,Sandstone,Consolidated,,24.98397298
Dept Water - Pretoria,2527DB00334,Borehole,-25.7014,27.97604,35.35,0,5.48,SOIL,Unconsolidated,,24.9833284
Dept Water - Pretoria,2527DB00334,Borehole,-25.7014,27.97604,35.35,5.48,56.38,Sandstone,Consolidated,,24.9833284
Dept Water - Pretoria,2527DB00335,Borehole,-25.70139,27.97603,6.09,0,2.13,SOIL,Unconsolidated,,24.98300625
Dept Water - Pretoria,2527DB00335,Borehole,-25.70139,27.97603,6.09,2.13,20.11,Diabase,Consolidated,,24.98300625
Dept Water - Pretoria,2527DB00335,Borehole,-25.70139,27.97603,6.09,20.11,28.34,Diabase,Consolidated,,24.98300625
Dept Water - Pretoria,2527DB00336,Borehole,-25.70138,27.97602,15.85,0,1.82,SOIL,Unconsolidated,,24.98268419
Dept Water - Pretoria,2527DB00336,Borehole,-25.70138,27.97602,15.85,1.82,28.65,Clay,Unconsolidated,,24.98268419
Dept Water - Pretoria,2527DB00336,Borehole,-25.70138,27.97602,15.85,28.65,36.57,Gravel,Unconsolidated,,24.98268419
Dept Water - Pretoria,2527DB00336,Borehole,-25.70138,27.97602,15.85,36.57,47.85,Shale,Consolidated,,24.98268419
Dept Water - Pretoria,2527DB00336,Borehole,-25.70138,27.97602,15.85,47.85,59.13,Shale,Consolidated,,24.98268419
Dept Water - Pretoria,2527DB00337,Borehole,-25.70137,27.97601,6.4,0,3.04,Clay,Unconsolidated,,24.98236223
Dept Water - Pretoria,2527DB00337,Borehole,-25.70137,27.97601,6.4,3.04,22.55,Shale,Consolidated,,24.98236223
Dept Water - Pretoria,2527DB00337,Borehole,-25.70137,27.97601,6.4,22.55,23.92,Diabase,Consolidated,,24.98236223
Dept Water - Pretoria,2527DB00339,Borehole,-25.70135,27.97599,9.75,0,6.09,Clay,Unconsolidated,,24.9817186
Dept Water - Pretoria,2527DB00339,Borehole,-25.70135,27.97599,9.75,6.09,30.78,Diabase,Consolidated,,24.9817186
Dept Water - Pretoria,2527DB00339,Borehole,-25.70135,27.97599,9.75,30.78,61.26,Quartzite,Consolidated,,24.9817186
Dept Water - Pretoria,2527DB00340,Borehole,-25.70134,27.97598,6.7,0,1.21,SOIL,Unconsolidated,,24.98139692
Dept Water - Pretoria,2527DB00340,Borehole,-25.70134,27.97598,6.7,1.21,4.87,Clay,Unconsolidated,,24.98139692
Dept Water - Pretoria,2527DB00340,Borehole,-25.70134,27.97598,6.7,4.87,40.84,Shale,Consolidated,,24.98139692
Dept Water - Pretoria,2527DB00341,Borehole,-25.70133,27.97597,7.62,0,1.52,SOIL,Unconsolidated,,24.98107534
Dept Water - Pretoria,2527DB00341,Borehole,-25.70133,27.97597,7.62,1.52,3.65,Gravel,Unconsolidated,,24.98107534
Dept Water - Pretoria,2527DB00341,Borehole,-25.70133,27.97597,7.62,3.65,9.75,Clay,Unconsolidated,,24.98107534
Dept Water - Pretoria,2527DB00341,Borehole,-25.70133,27.97597,7.62,9.75,29.87,Shale,Consolidated,,24.98107534
Dept Water - Pretoria,2527DB00341,Borehole,-25.70133,27.97597,7.62,29.87,33.52,Diabase,Consolidated,,24.98107534
Dept Water - Pretoria,2527DB00342,Borehole,-25.70132,27.97596,,0,12.49,Clay,Unconsolidated,,24.98075386
Dept Water - Pretoria,2527DB00343,Borehole,-25.70131,27.97595,20,0,9,Boulders,Unconsolidated,,24.98043247
Dept Water - Pretoria,2527DB00343,Borehole,-25.70131,27.97595,20,9,37,Clay,Unconsolidated,,24.98043247
Dept Water - Pretoria,2527DB00343,Borehole,-25.70131,27.97595,20,37,92,Diabase,Consolidated,,24.98043247
Dept Water - Pretoria,2527DB00344,Borehole,-25.7013,27.97594,16.15,0,4.57,Boulders,Unconsolidated,,24.98011118
Dept Water - Pretoria,2527DB00344,Borehole,-25.7013,27.97594,16.15,4.57,7.01,Clay,Unconsolidated,,24.98011118
Dept Water - Pretoria,2527DB00344,Borehole,-25.7013,27.97594,16.15,7.01,17.37,Shale,Consolidated,,24.98011118
Dept Water - Pretoria,2527DB00344,Borehole,-25.7013,27.97594,16.15,17.37,22.25,Shale,Consolidated,,24.98011118
Dept Water - Pretoria,2527DB00344,Borehole,-25.7013,27.97594,16.15,22.25,38.7,Shale,Consolidated,,24.98011118
Dept Water - Pretoria,2527DB00344,Borehole,-25.7013,27.97594,16.15,38.7,55.47,Quartzite,Consolidated,,24.98011118
Dept Water - Pretoria,2528CA00160,Borehole,-25.70118,28.1575,10.97,0,3.04,SOIL,Unconsolidated,,21.87822359
Dept Water - Pretoria,2528CA00160,Borehole,-25.70118,28.1575,10.97,3.04,5.48,Laterite,Consolidated,,21.87822359
Dept Water - Pretoria,2528CA00160,Borehole,-25.70118,28.1575,10.97,5.48,31.69,Shale,Consolidated,,21.87822359
Dept Water - Pretoria,2528CA00160,Borehole,-25.70118,28.1575,10.97,31.69,34.59,Shale,Consolidated,,21.87822359
Dept Water - Pretoria,2528CA00159,Borehole,-25.70117,28.15749,,0,3.04,SOIL,Unconsolidated,,21.8768291
Dept Water - Pretoria,2528CA00159,Borehole,-25.70117,28.15749,,3.04,15.54,Shale,Consolidated,,21.8768291
Dept Water - Pretoria,2528CA00159,Borehole,-25.70117,28.15749,,15.54,17.98,Sandstone,Consolidated,,21.8768291
Dept Water - Pretoria,2528CA00158,Borehole,-25.70062,28.19138,4.26,0,31.39,Shale,Consolidated,,23.22691799
Dept Water - Pretoria,2528CA00298,Borehole,-25.70061,28.06637,50,0,20,Dolerite,Consolidated,,21.13203786
Dept Water - Pretoria,2528CA00298,Borehole,-25.70061,28.06637,50,20,70,Dolerite,Consolidated,,21.13203786
Dept Water - Pretoria,2528CA00157,Borehole,-25.70061,28.19137,3.04,0,13.41,Boulders,Unconsolidated,,23.2254267
Dept Water - Pretoria,2528CA00157,Borehole,-25.70061,28.19137,3.04,13.41,23.06,Diabase,Consolidated,,23.2254267
Dept Water - Pretoria,2528CA00390,Borehole,-25.69734,28.08311,10.05,0,0.6,SOIL,Unconsolidated,,20.5308493
Dept Water - Pretoria,2528CA00390,Borehole,-25.69734,28.08311,10.05,0.6,43.28,Shale,Consolidated,,20.5308493
Dept Water - Pretoria,2528CA00389,Borehole,-25.69733,28.0831,2.59,0,1.82,Clay,Unconsolidated,,20.52983551
Dept Water - Pretoria,2528CA00389,Borehole,-25.69733,28.0831,2.59,1.82,31.39,Shale,Consolidated,,20.52983551
Dept Water - Pretoria,2528CA00388,Borehole,-25.69732,28.08309,18.28,0,4.26,SOIL,Unconsolidated,,20.52882179
Dept Water - Pretoria,2528CA00388,Borehole,-25.69732,28.08309,18.28,4.26,107.89,Sandstone,Consolidated,,20.52882179
Dept Water - Pretoria,2528CA00387,Borehole,-25.69731,28.08308,,0,67.05,Sandstone,Consolidated,,20.52780814
Dept Water - Pretoria,2528CA00387,Borehole,-25.69731,28.08308,,67.05,160.02,Sandstone,Consolidated,,20.52780814
Dept Water - Pretoria,2528CA00387,Borehole,-25.69731,28.08308,,160.02,164.28,Shale,Consolidated,,20.52780814
Dept Water - Pretoria,2528CA00386,Borehole,-25.6973,28.08307,,0,149.96,Sandstone,Consolidated,,20.52679456
Dept Water - Pretoria,2528CA00385,Borehole,-25.69729,28.08306,6.09,0,2.13,SOIL,Unconsolidated,,20.52578105
Dept Water - Pretoria,2528CA00385,Borehole,-25.69729,28.08306,6.09,2.13,10.66,Sandstone,Consolidated,,20.52578105
Dept Water - Pretoria,2528CA00385,Borehole,-25.69729,28.08306,6.09,10.66,34.13,Sand,Unconsolidated,,20.52578105
Dept Water - Pretoria,2528CA00385,Borehole,-25.69729,28.08306,6.09,34.13,103.93,Shale,Consolidated,,20.52578105
Dept Water - Pretoria,2528CA00385,Borehole,-25.69729,28.08306,6.09,103.93,135.94,Shale,Consolidated,,20.52578105
Dept Water - Pretoria,2528CA00385,Borehole,-25.69729,28.08306,6.09,135.94,142.34,Gravel,Unconsolidated,,20.52578105
Dept Water - Pretoria,2528CA00384,Borehole,-25.69728,28.08305,24.38,0,92.96,Clay,Unconsolidated,,20.52476762
Dept Water - Pretoria,2528CA00384,Borehole,-25.69728,28.08305,24.38,92.96,138.98,Sandstone,Consolidated,,20.52476762
Dept Water - Pretoria,2528CA00383,Borehole,-25.69727,28.08304,15.24,0,0.91,SOIL,Unconsolidated,,20.52375425
Dept Water - Pretoria,2528CA00383,Borehole,-25.69727,28.08304,15.24,0.91,15.24,Sandstone,Consolidated,,20.52375425
Dept Water - Pretoria,2528CA00383,Borehole,-25.69727,28.08304,15.24,15.24,74.67,Sandstone,Consolidated,,20.52375425
Dept Water - Pretoria,2528CA00391,Borehole,-25.69726,28.08303,,0,1.21,SOIL,Unconsolidated,,20.52274095
Dept Water - Pretoria,2528CA00391,Borehole,-25.69726,28.08303,,1.21,3.04,Boulders,Unconsolidated,,20.52274095
Dept Water - Pretoria,2528CA00391,Borehole,-25.69726,28.08303,,3.04,17.37,Diabase,Consolidated,,20.52274095
Dept Water - Pretoria,2528CA00391,Borehole,-25.69726,28.08303,,17.37,17.98,Diabase,Consolidated,Hard,20.52274095
Dept Water - Pretoria,2528CA00392,Borehole,-25.69725,28.08302,6.4,0,4.57,Clay,Unconsolidated,,20.52172773
Dept Water - Pretoria,2528CA00392,Borehole,-25.69725,28.08302,6.4,4.57,25.9,Shale,Consolidated,,20.52172773
Dept Water - Pretoria,2528CA00392,Borehole,-25.69725,28.08302,6.4,25.9,31.39,Shale,Consolidated,,20.52172773
Dept Water - Pretoria,2528CA00392,Borehole,-25.69725,28.08302,6.4,31.39,35.66,Diabase,Consolidated,,20.52172773
Dept Water - Pretoria,2528CA00393,Borehole,-25.69724,28.08301,9.14,0,0.6,SOIL,Unconsolidated,,20.52071457
Dept Water - Pretoria,2528CA00393,Borehole,-25.69724,28.08301,9.14,0.6,5.79,Clay,Unconsolidated,,20.52071457
Dept Water - Pretoria,2528CA00393,Borehole,-25.69724,28.08301,9.14,5.79,43.89,Shale,Consolidated,,20.52071457
Dept Water - Pretoria,2528CA00393,Borehole,-25.69724,28.08301,9.14,43.89,54.25,Quartzite,Consolidated,,20.52071457
Dept Water - Pretoria,2528CA00394,Borehole,-25.69723,28.083,14.02,0,8.53,Sand,Unconsolidated,,20.51970149
Dept Water - Pretoria,2528CA00394,Borehole,-25.69723,28.083,14.02,8.53,51.81,Sandstone,Consolidated,,20.51970149
Dept Water - Pretoria,2528CA00394,Borehole,-25.69723,28.083,14.02,51.81,108.2,Granite,Consolidated,,20.51970149
Dept Water - Pretoria,2528CA00450,Borehole,-25.69721,28.08299,17.06,0,4.57,SOIL,Unconsolidated,,20.51757943
Dept Water - Pretoria,2528CA00450,Borehole,-25.69721,28.08299,17.06,4.57,15.24,Sandstone,Consolidated,,20.51757943
Dept Water - Pretoria,2528CA00450,Borehole,-25.69721,28.08299,17.06,15.24,48.76,Sandstone,Consolidated,,20.51757943
Dept Water - Pretoria,2528CA00450,Borehole,-25.69721,28.08299,17.06,48.76,82.29,Sandstone & Shale,Consolidated,,20.51757943
Dept Water - Pretoria,2528CA00450,Borehole,-25.69721,28.08299,17.06,82.29,88.39,Clay,Unconsolidated,,20.51757943
Dept Water - Pretoria,2528CA00451,Borehole,-25.6972,28.08298,12.19,0,18.28,Chalk,Consolidated,,20.51656649
Dept Water - Pretoria,2528CA00451,Borehole,-25.6972,28.08298,12.19,18.28,36.57,Sandstone,Consolidated,,20.51656649
Dept Water - Pretoria,2528CA00451,Borehole,-25.6972,28.08298,12.19,36.57,70.71,Shale,Consolidated,Hard,20.51656649
Dept Water - Pretoria,2528CA00452,Borehole,-25.69719,28.08297,,0,0.6,SOIL,Unconsolidated,,20.51555363
Dept Water - Pretoria,2528CA00452,Borehole,-25.69719,28.08297,,0.6,2.13,Diabase,Consolidated,,20.51555363
Dept Water - Pretoria,2528CA00453,Borehole,-25.69718,28.08296,5.48,0,0.6,SOIL,Unconsolidated,,20.51454083
Dept Water - Pretoria,2528CA00453,Borehole,-25.69718,28.08296,5.48,0.6,1.21,Clay,Unconsolidated,,20.51454083
Dept Water - Pretoria,2528CA00453,Borehole,-25.69718,28.08296,5.48,1.21,3.04,Clay,Unconsolidated,,20.51454083
Dept Water - Pretoria,2528CA00453,Borehole,-25.69718,28.08296,5.48,3.04,5.48,Sandstone,Consolidated,,20.51454083
Dept Water - Pretoria,2528CA00453,Borehole,-25.69718,28.08296,5.48,5.48,8.15,Quartzite,Consolidated,,20.51454083
Dept Water - Pretoria,2528CA00453,Borehole,-25.69718,28.08296,5.48,8.15,8.68,Granite,Consolidated,,20.51454083
Dept Water - Pretoria,2528CA00453,Borehole,-25.69718,28.08296,5.48,8.68,13.86,Granite,Consolidated,,20.51454083
Dept Water - Pretoria,2528CA00453,Borehole,-25.69718,28.08296,5.48,13.86,14.17,Granite,Consolidated,,20.51454083
Dept Water - Pretoria,2528CA00453,Borehole,-25.69718,28.08296,5.48,14.17,16.61,Granite,Consolidated,,20.51454083
Dept Water - Pretoria,2528CA00454,Borehole,-25.69717,28.08295,12.19,0,1.82,SOIL,Unconsolidated,,20.51352811
Dept Water - Pretoria,2528CA00454,Borehole,-25.69717,28.08295,12.19,1.82,36.88,Diabase,Consolidated,,20.51352811
Dept Water - Pretoria,2528CA00455,Borehole,-25.69716,28.08294,10.97,0,3.04,SOIL,Unconsolidated,,20.51251546
Dept Water - Pretoria,2528CA00455,Borehole,-25.69716,28.08294,10.97,3.04,34.44,Diabase,Consolidated,,20.51251546
Dept Water - Pretoria,2528CA00455,Borehole,-25.69716,28.08294,10.97,34.44,35.35,Diabase,Consolidated,,20.51251546
Dept Water - Pretoria,2528CA00456,Borehole,-25.69715,28.08293,13.1,0,0.6,SOIL,Unconsolidated,,20.51150287
Dept Water - Pretoria,2528CA00456,Borehole,-25.69715,28.08293,13.1,0.6,2.13,Clay,Unconsolidated,,20.51150287
Dept Water - Pretoria,2528CA00456,Borehole,-25.69715,28.08293,13.1,2.13,45.11,Shale,Consolidated,,20.51150287
Dept Water - Pretoria,2528CA00457,Borehole,-25.69714,28.08292,4.87,0,46.63,Quartzite,Consolidated,,20.51049036
Dept Water - Pretoria,2528CA00458,Borehole,-25.69713,28.08291,10.97,0,0.6,SOIL,Unconsolidated,,20.50947792
Dept Water - Pretoria,2528CA00458,Borehole,-25.69713,28.08291,10.97,0.6,45.11,Shale,Consolidated,,20.50947792
Dept Water - Pretoria,2528CA00459,Borehole,-25.69712,28.0829,,0,0.6,SOIL,Unconsolidated,,20.50846555
Dept Water - Pretoria,2528CA00459,Borehole,-25.69712,28.0829,,0.6,23.16,Shale,Consolidated,Soft,20.50846555
Dept Water - Pretoria,2528CA00459,Borehole,-25.69712,28.0829,,23.16,25.6,Diabase,Consolidated,,20.50846555
Dept Water - Pretoria,2528CA00459,Borehole,-25.69712,28.0829,,25.6,31.24,Shale,Consolidated,,20.50846555
Dept Water - Pretoria,2528CA00460,Borehole,-25.69711,28.08289,6.7,0,0.6,SOIL,Unconsolidated,,20.50745325
Dept Water - Pretoria,2528CA00460,Borehole,-25.69711,28.08289,6.7,0.6,20.72,Shale,Consolidated,,20.50745325
Dept Water - Pretoria,2528CA00460,Borehole,-25.69711,28.08289,6.7,20.72,32.3,Diabase,Consolidated,,20.50745325
Dept Water - Pretoria,2528CA00316,Borehole,-25.6965,28.06477,6.09,0,35.05,Granite,Consolidated,,20.71335387
Dept Water - Pretoria,2528CA00315,Borehole,-25.69649,28.06476,,0,45.72,Granite,Consolidated,,20.71246376
Dept Water - Pretoria,2528CA00314,Borehole,-25.69648,28.06475,,0,45.72,Granite,Consolidated,,20.71157374
Dept Water - Pretoria,2528CA00313,Borehole,-25.69647,28.06474,18.28,0,48.76,Granite,Consolidated,,20.7106838
Dept Water - Pretoria,2528CA00311,Borehole,-25.69645,28.06472,12.19,0,43.89,Granite,Consolidated,,20.70890416
Dept Water - Pretoria,2528CA00310,Borehole,-25.69644,28.06471,,0,45.72,Granite,Consolidated,,20.70801446
Dept Water - Pretoria,2528CA00317,Borehole,-25.69643,28.0647,9.14,0,43.89,Granite,Consolidated,,20.70712484
Dept Water - Pretoria,2528CA00318,Borehole,-25.69642,28.06469,,0,45.72,Granite,Consolidated,,20.70623531
Dept Water - Pretoria,2528CA00319,Borehole,-25.69641,28.06468,12.19,0,16.76,Granite,Consolidated,,20.70534586
Dept Water - Pretoria,2528CA00319,Borehole,-25.69641,28.06468,12.19,16.76,60.96,Granite,Consolidated,,20.70534586
Dept Water - Pretoria,2528CA00320,Borehole,-25.6964,28.06467,6.09,0,0.6,SOIL,Unconsolidated,,20.70445649
Dept Water - Pretoria,2528CA00320,Borehole,-25.6964,28.06467,6.09,0.6,128.93,Granite,Consolidated,,20.70445649
Dept Water - Gauteng,2528CA00004,Borehole,-25.69255,28.08304,5.77,,,,,,20.0003219
Dept Water - Gauteng,2528CA00004,Borehole,-25.69255,28.08304,5.91,,,,,,20.0003219
Dept Water - Gauteng,2528CA00004,Borehole,-25.69255,28.08304,7.04,,,,,,20.0003219
Dept Water - Gauteng,2528CA00004,Borehole,-25.69255,28.08304,7.26,,,,,,20.0003219
Dept Water - Gauteng,2528CA00004,Borehole,-25.69255,28.08304,8.11,,,,,,20.0003219
Dept Water - Gauteng,2528CA00004,Borehole,-25.69255,28.08304,8.37,,,,,,20.0003219
Dept Water - Gauteng,2528CA00004,Borehole,-25.69255,28.08304,8.58,,,,,,20.0003219
Dept Water - Gauteng,2528CA00004,Borehole,-25.69255,28.08304,8.6,,,,,,20.0003219
Dept Water - Gauteng,2528CA00004,Borehole,-25.69255,28.08304,8.64,,,,,,20.0003219
Dept Water - Gauteng,2528CA00004,Borehole,-25.69255,28.08304,8.99,,,,,,20.0003219
Dept Water - Gauteng,2528CA00004,Borehole,-25.69255,28.08304,9.56,,,,,,20.0003219
Dept Water - Gauteng,2528CA00004,Borehole,-25.69255,28.08304,9.65,,,,,,20.0003219
Dept Water - Gauteng,2528CA00004,Borehole,-25.69255,28.08304,9.86,,,,,,20.0003219
Dept Water - Gauteng,2528CA00004,Borehole,-25.69255,28.08304,10.58,,,,,,20.0003219
Dept Water - Gauteng,2528CA00004,Borehole,-25.69255,28.08304,10.66,,,,,,20.0003219
Dept Water - Gauteng,2528CA00004,Borehole,-25.69255,28.08304,12.38,,,,,,20.0003219
Dept Water - Gauteng,2528CA00004,Borehole,-25.69255,28.08304,13.14,,,,,,20.0003219
Dept Water - Gauteng,2528CA00004,Borehole,-25.69255,28.08304,13.66,,,,,,20.0003219
Dept Water - Gauteng,2528CA00004,Borehole,-25.69255,28.08304,13.87,,,,,,20.0003219
Dept Water - Gauteng,2528CA00004,Borehole,-25.69255,28.08304,14.27,,,,,,20.0003219
Dept Water - Gauteng,2528CA00004,Borehole,-25.69255,28.08304,15.23,,,,,,20.0003219
Dept Water - Gauteng,2528CA00004,Borehole,-25.69255,28.08304,15.27,,,,,,20.0003219
Dept Water - Gauteng,2528CA00004,Borehole,-25.69255,28.08304,15.38,,,,,,20.0003219
Dept Water - Gauteng,2528CA00004,Borehole,-25.69255,28.08304,19.35,,,,,,20.0003219
Dept Water - Gauteng,2528CA00004,Borehole,-25.69255,28.08304,20.12,,,,,,20.0003219
Dept Water - Pretoria,2528CA00511,Borehole,-25.69128,28.19503,4.42,0,20.72,Granite,Consolidated,,22.49014226
Dept Water - Pretoria,2528CA00510,Borehole,-25.69127,28.19502,3.65,0,1.21,Clay,Unconsolidated,,22.48863347
Dept Water - Pretoria,2528CA00510,Borehole,-25.69127,28.19502,3.65,1.21,9.14,Limestone,Consolidated,,22.48863347
Dept Water - Pretoria,2528CA00510,Borehole,-25.69127,28.19502,3.65,9.14,10.05,Norite,Consolidated,,22.48863347
Dept Water - Pretoria,2528CA00510,Borehole,-25.69127,28.19502,3.65,10.05,10.51,Norite,Consolidated,,22.48863347
Dept Water - Pretoria,2528CA00509,Borehole,-25.69126,28.19501,6.09,0,3.65,Clay,Unconsolidated,,22.48712469
Dept Water - Pretoria,2528CA00509,Borehole,-25.69126,28.19501,6.09,3.65,28.19,Norite,Consolidated,,22.48712469
Dept Water - Pretoria,2528CA00508,Borehole,-25.69124,28.19499,15.24,0,2.13,Ferricrete,Consolidated,,22.48410715
Dept Water - Pretoria,2528CA00508,Borehole,-25.69124,28.19499,15.24,2.13,9.14,Quartzite,Consolidated,,22.48410715
Dept Water - Pretoria,2528CA00508,Borehole,-25.69124,28.19499,15.24,9.14,18.28,Quartzite,Consolidated,,22.48410715
Dept Water - Pretoria,2528CA00508,Borehole,-25.69124,28.19499,15.24,18.28,48.76,Diabase,Consolidated,,22.48410715
Dept Water - Pretoria,2528CA00507,Borehole,-25.69123,28.19498,22.55,0,6.4,Boulders,Unconsolidated,,22.4825984
Dept Water - Pretoria,2528CA00507,Borehole,-25.69123,28.19498,22.55,6.4,33.52,Quartzite,Consolidated,,22.4825984
Dept Water - Pretoria,2528CA00507,Borehole,-25.69123,28.19498,22.55,33.52,37.79,Quartzite,Consolidated,,22.4825984
Dept Water - Pretoria,2528CA00506,Borehole,-25.69122,28.19497,9.14,0,0.6,SOIL,Unconsolidated,,22.48108965
Dept Water - Pretoria,2528CA00506,Borehole,-25.69122,28.19497,9.14,0.6,4.57,Ferricrete,Consolidated,,22.48108965
Dept Water - Pretoria,2528CA00506,Borehole,-25.69122,28.19497,9.14,4.57,35.05,Shale,Consolidated,,22.48108965
Dept Water - Pretoria,2528CA00505,Borehole,-25.69121,28.19496,18.28,0,8.22,Boulders,Unconsolidated,,22.47958091
Dept Water - Pretoria,2528CA00505,Borehole,-25.69121,28.19496,18.28,8.22,24.38,Quartzite,Consolidated,,22.47958091
Dept Water - Pretoria,2528CA00505,Borehole,-25.69121,28.19496,18.28,24.38,26.21,Diabase,Consolidated,,22.47958091
Dept Water - Pretoria,2528CA00505,Borehole,-25.69121,28.19496,18.28,26.21,30.48,Diabase,Consolidated,,22.47958091
Dept Water - Pretoria,2528CA00504,Borehole,-25.6912,28.19495,,0,1.82,SOIL,Unconsolidated,,22.47807218
Dept Water - Pretoria,2528CA00504,Borehole,-25.6912,28.19495,,1.82,23.46,Quartzite,Consolidated,,22.47807218
Dept Water - Pretoria,2528CA00504,Borehole,-25.6912,28.19495,,23.46,37.49,Diabase,Consolidated,,22.47807218
Dept Water - Pretoria,2528CA00503,Borehole,-25.69119,28.19494,12.19,0,1.52,SOIL,Unconsolidated,,22.47656347
Dept Water - Pretoria,2528CA00503,Borehole,-25.69119,28.19494,12.19,1.52,20.72,Quartzite,Consolidated,,22.47656347
Dept Water - Pretoria,2528CA00503,Borehole,-25.69119,28.19494,12.19,20.72,34.13,Quartzite,Consolidated,,22.47656347
Dept Water - Pretoria,2528CA00502,Borehole,-25.69118,28.19493,12.19,0,6.09,SOIL,Unconsolidated,,22.47505476
Dept Water - Pretoria,2528CA00502,Borehole,-25.69118,28.19493,12.19,6.09,7.92,Diabase,Consolidated,,22.47505476
Dept Water - Pretoria,2528CA00502,Borehole,-25.69118,28.19493,12.19,7.92,29.26,Quartzite,Consolidated,,22.47505476
Dept Water - Pretoria,2528CA00502,Borehole,-25.69118,28.19493,12.19,29.26,30.17,Quartzite,Consolidated,,22.47505476
Dept Water - Pretoria,2528CA00501,Borehole,-25.69117,28.19492,15.24,0,3.04,SOIL,Unconsolidated,,22.47354605
Dept Water - Pretoria,2528CA00501,Borehole,-25.69117,28.19492,15.24,3.04,19.5,Diabase,Consolidated,,22.47354605
Dept Water - Pretoria,2528CA00501,Borehole,-25.69117,28.19492,15.24,19.5,34.13,Quartzite,Consolidated,,22.47354605
Dept Water - Pretoria,2528CA00501,Borehole,-25.69117,28.19492,15.24,34.13,35.35,Quartzite,Consolidated,,22.47354605
Dept Water - Pretoria,2528CA00500,Borehole,-25.69116,28.19491,24.99,0,17.37,Sandstone,Consolidated,,22.47203736
Dept Water - Pretoria,2528CA00500,Borehole,-25.69116,28.19491,24.99,17.37,25.9,Diabase,Consolidated,,22.47203736
Dept Water - Pretoria,2528CA00500,Borehole,-25.69116,28.19491,24.99,25.9,34.44,Diabase,Consolidated,,22.47203736
Dept Water - Pretoria,2528CA00500,Borehole,-25.69116,28.19491,24.99,34.44,38.7,Quartzite,Consolidated,,22.47203736
Dept Water - Pretoria,2528CA00500,Borehole,-25.69116,28.19491,24.99,38.7,45.72,Diabase,Consolidated,,22.47203736
Dept Water - Pretoria,2528CA00512,Borehole,-25.69115,28.1949,10.66,0,45.41,Diabase,Consolidated,,22.47052868
Dept Water - Pretoria,2528CA00513,Borehole,-25.69114,28.19489,9.14,0,0.6,SOIL,Unconsolidated,,22.46902
Dept Water - Pretoria,2528CA00513,Borehole,-25.69114,28.19489,9.14,0.6,20.11,Norite,Consolidated,,22.46902
Dept Water - Pretoria,2528CA00513,Borehole,-25.69114,28.19489,9.14,20.11,36.57,Norite,Consolidated,Hard,22.46902
Dept Water - Pretoria,2528CA00514,Borehole,-25.69113,28.19488,4.57,0,6.4,Norite,Consolidated,,22.46751134
Dept Water - Pretoria,2528CA00514,Borehole,-25.69113,28.19488,4.57,6.4,26.21,Norite,Consolidated,,22.46751134
Dept Water - Pretoria,2528CA00514,Borehole,-25.69113,28.19488,4.57,26.21,60.96,Diabase,Consolidated,,22.46751134
Dept Water - Pretoria,2528CA00515,Borehole,-25.69112,28.19487,24.38,0,7.62,Quartzite,Consolidated,,22.46600268
Dept Water - Pretoria,2528CA00515,Borehole,-25.69112,28.19487,24.38,7.62,22.86,Diabase,Consolidated,,22.46600268
Dept Water - Pretoria,2528CA00515,Borehole,-25.69112,28.19487,24.38,22.86,28.95,Diabase,Consolidated,,22.46600268
Dept Water - Pretoria,2528CA00515,Borehole,-25.69112,28.19487,24.38,28.95,41.14,Diabase,Consolidated,,22.46600268
Dept Water - Pretoria,2528CA00516,Borehole,-25.69111,28.19486,27.43,0,28.95,Diabase,Consolidated,,22.46449403
Dept Water - Pretoria,2528CA00516,Borehole,-25.69111,28.19486,27.43,28.95,39.31,Quartzite,Consolidated,,22.46449403
Dept Water - Pretoria,2528CA00517,Borehole,-25.6911,28.19485,19.81,0,16.15,Diabase,Consolidated,,22.4629854
Dept Water - Pretoria,2528CA00517,Borehole,-25.6911,28.19485,19.81,16.15,72.54,Diabase,Consolidated,,22.4629854
Dept Water - Pretoria,2528CA00518,Borehole,-25.69109,28.19484,24.99,0,16.76,Quartzite,Consolidated,,22.46147677
Dept Water - Pretoria,2528CA00518,Borehole,-25.69109,28.19484,24.99,16.76,52.73,Quartzite,Consolidated,,22.46147677
Dept Water - Pretoria,2528CA00519,Borehole,-25.69108,28.19483,13.41,0,3.04,SOIL,Unconsolidated,,22.45996815
Dept Water - Pretoria,2528CA00519,Borehole,-25.69108,28.19483,13.41,3.04,13.71,Diabase,Consolidated,,22.45996815
Dept Water - Pretoria,2528CA00519,Borehole,-25.69108,28.19483,13.41,13.71,17.98,Diabase,Consolidated,,22.45996815
Dept Water - Pretoria,2528CA00520,Borehole,-25.69107,28.19482,,0,7.62,Quartzite,Consolidated,,22.45845954
Dept Water - Pretoria,2528CA00520,Borehole,-25.69107,28.19482,,7.62,15.24,Diabase,Consolidated,,22.45845954
Dept Water - Pretoria,2528CA00520,Borehole,-25.69107,28.19482,,15.24,52.27,Quartzite,Consolidated,,22.45845954
Dept Water - Pretoria,2528CA00521,Borehole,-25.69106,28.19481,6.4,0,8.22,Quartzite,Consolidated,,22.45695093
Dept Water - Pretoria,2528CA00521,Borehole,-25.69106,28.19481,6.4,8.22,23.46,Quartzite,Consolidated,,22.45695093
Dept Water - Pretoria,2528CA00521,Borehole,-25.69106,28.19481,6.4,23.46,32,Diabase,Consolidated,,22.45695093
Dept Water - Pretoria,2528CA00522,Borehole,-25.69105,28.1948,24.38,0,29.56,Quartzite,Consolidated,,22.45544234
Dept Water - Pretoria,2528CA00522,Borehole,-25.69105,28.1948,24.38,29.56,39.62,Quartzite,Consolidated,,22.45544234
Dept Water - Pretoria,2528CA00523,Borehole,-25.69104,28.19479,17.37,0,2.43,SOIL,Unconsolidated,,22.45393376
Dept Water - Pretoria,2528CA00523,Borehole,-25.69104,28.19479,17.37,2.43,29.87,Quartzite,Consolidated,Soft,22.45393376
Dept Water - Pretoria,2528CA00523,Borehole,-25.69104,28.19479,17.37,29.87,30.78,Quartzite,Consolidated,,22.45393376
Dept Water - Pretoria,2528CA00524,Borehole,-25.69103,28.19478,,0,6.09,SOIL,Unconsolidated,,22.45242518
Dept Water - Pretoria,2528CA00524,Borehole,-25.69103,28.19478,,6.09,15.24,Granite,Consolidated,,22.45242518
Dept Water - Pretoria,2528CA00525,Borehole,-25.69102,28.19477,10.97,0,6.09,SOIL,Unconsolidated,,22.45091661
Dept Water - Pretoria,2528CA00525,Borehole,-25.69102,28.19477,10.97,6.09,28.95,Granite,Consolidated,,22.45091661
Dept Water - Pretoria,2528CA00300,Borehole,-25.68894,28.06027,25.6,0,3.35,Sandstone,Consolidated,,19.98839504
Dept Water - Pretoria,2528CA00300,Borehole,-25.68894,28.06027,25.6,3.35,5.48,Sandstone,Consolidated,,19.98839504
Dept Water - Pretoria,2528CA00300,Borehole,-25.68894,28.06027,25.6,5.48,30.48,Slate,Consolidated,,19.98839504
Dept Water - Pretoria,2528CA00300,Borehole,-25.68894,28.06027,25.6,30.48,48.15,Diabase,Consolidated,,19.98839504
Dept Water - Pretoria,2528CA00300,Borehole,-25.68894,28.06027,25.6,48.15,62.48,Shale,Consolidated,,19.98839504
Dept Water - Pretoria,2528CA00300,Borehole,-25.68894,28.06027,25.6,62.48,65.22,Granite,Consolidated,,19.98839504
Dept Water - Pretoria,2528CA00312,Borehole,-25.68646,28.06473,7.62,0,45.41,Granite,Consolidated,,19.61659415
Dept Water - Pretoria,2528CA00299,Borehole,-25.68645,28.05222,4,0,118,Felsite,Consolidated,,19.93240627
Dept Water - Pretoria,2528CA00299,Borehole,-25.68645,28.05222,4,118,155,Felsite,Consolidated,Hard,19.93240627
Dept Water - Pretoria,2528CA00596,Borehole,-25.68395,28.17421,16.76,0,7.62,SOIL,Unconsolidated,,20.73540535
Dept Water - Pretoria,2528CA00596,Borehole,-25.68395,28.17421,16.76,7.62,18.89,Granite,Consolidated,,20.73540535
Dept Water - Pretoria,2528CA00596,Borehole,-25.68395,28.17421,16.76,18.89,24.99,Granite,Consolidated,,20.73540535
Dept Water - Pretoria,2528CA00595,Borehole,-25.68394,28.1742,24.99,0,39.31,Sandstone,Consolidated,,20.73393711
Dept Water - Pretoria,2528CA00594,Borehole,-25.6787,28.17419,18.89,0,34.44,Sandstone,Consolidated,,20.20133485
Dept Water - Pretoria,2528CA00594,Borehole,-25.6787,28.17419,18.89,34.44,39.16,Diabase,Consolidated,,20.20133485
Dept Water - Pretoria,2528CA00593,Borehole,-25.67869,28.17418,15.85,0,34.59,Norite,Consolidated,,20.19986013
Dept Water - Pretoria,2528CA00592,Borehole,-25.67868,28.17417,13.71,0,1.21,SOIL,Unconsolidated,,20.19838542
Dept Water - Pretoria,2528CA00592,Borehole,-25.67868,28.17417,13.71,1.21,19.81,Quartzite,Consolidated,,20.19838542
Dept Water - Pretoria,2528CA00592,Borehole,-25.67868,28.17417,13.71,19.81,24.38,Shale,Consolidated,,20.19838542
Dept Water - Pretoria,2528CA00592,Borehole,-25.67868,28.17417,13.71,24.38,45.72,Quartzite,Consolidated,,20.19838542
Dept Water - Pretoria,2528CA00591,Borehole,-25.67867,28.17416,,0,7.62,Boulders,Unconsolidated,,20.19691072
Dept Water - Pretoria,2528CA00591,Borehole,-25.67867,28.17416,,7.62,23.77,Quartzite,Consolidated,,20.19691072
Dept Water - Pretoria,2528CA00591,Borehole,-25.67867,28.17416,,23.77,37.79,Quartzite,Consolidated,,20.19691072
Dept Water - Pretoria,2528CA00597,Borehole,-25.67866,28.17415,17.98,0,9.14,Granite,Consolidated,,20.19543604
Dept Water - Pretoria,2528CA00597,Borehole,-25.67866,28.17415,17.98,9.14,26.21,Granite,Consolidated,,20.19543604
Dept Water - Pretoria,2528CA00598,Borehole,-25.67865,28.17414,,0,10.66,SOIL,Unconsolidated,,20.19396137
Dept Water - Pretoria,2528CA00598,Borehole,-25.67865,28.17414,,10.66,41.45,Granite,Consolidated,,20.19396137
Dept Water - Pretoria,2528CA00599,Borehole,-25.67839,28.17749,12.8,0,7.62,Sandstone,Consolidated,,20.32534264
Dept Water - Pretoria,2528CA00599,Borehole,-25.67839,28.17749,12.8,7.62,10.05,Norite,Consolidated,,20.32534264
Dept Water - Pretoria,2528CA00599,Borehole,-25.67839,28.17749,12.8,10.05,34.13,Norite,Consolidated,,20.32534264
Dept Water - Pretoria,2528CA00040,Borehole,-25.67651,28.22971,,,,,,,23.25929328
Dept Water - Pretoria,2528CA00492,Borehole,-25.67375,28.04451,8.53,0,5.48,SOIL,Unconsolidated,,18.82936015
Dept Water - Pretoria,2528CA00492,Borehole,-25.67375,28.04451,8.53,5.48,9.75,Sandstone & Shale,Consolidated,,18.82936015
Dept Water - Pretoria,2528CA00492,Borehole,-25.67375,28.04451,8.53,9.75,11.88,Quartzite,Consolidated,,18.82936015
Dept Water - Pretoria,2528CA00492,Borehole,-25.67375,28.04451,8.53,11.88,13.41,Rubble,Unconsolidated,,18.82936015
Dept Water - Pretoria,2528CA00491,Borehole,-25.67374,28.0445,,0,0.45,Sand,Unconsolidated,,18.82866405
Dept Water - Pretoria,2528CA00491,Borehole,-25.67374,28.0445,,0.45,2.28,Quartzite,Consolidated,,18.82866405
Dept Water - Pretoria,2528CA00491,Borehole,-25.67374,28.0445,,2.28,6.55,Quartzite,Consolidated,,18.82866405
Dept Water - Pretoria,2528CA00491,Borehole,-25.67374,28.0445,,6.55,16.91,Quartzite,Consolidated,,18.82866405
Dept Water - Pretoria,2528CA00490,Borehole,-25.67373,28.04449,,0,0.91,SOIL,Unconsolidated,,18.82796806
Dept Water - Pretoria,2528CA00490,Borehole,-25.67373,28.04449,,0.91,4.26,Boulders,Unconsolidated,,18.82796806
Dept Water - Pretoria,2528CA00490,Borehole,-25.67373,28.04449,,4.26,54.86,Diabase,Consolidated,,18.82796806
Dept Water - Pretoria,2528CA00489,Borehole,-25.67372,28.04448,9.14,0,3.04,SOIL,Unconsolidated,,18.82727218
Dept Water - Pretoria,2528CA00489,Borehole,-25.67372,28.04448,9.14,3.04,29.41,Granite,Consolidated,,18.82727218
Dept Water - Pretoria,2528CA00488,Borehole,-25.67371,28.04447,33.22,0,1.21,Boulders,Unconsolidated,,18.8265764
Dept Water - Pretoria,2528CA00488,Borehole,-25.67371,28.04447,33.22,1.21,8.22,Clay,Unconsolidated,,18.8265764
Dept Water - Pretoria,2528CA00488,Borehole,-25.67371,28.04447,33.22,8.22,76.5,Diabase,Consolidated,,18.8265764
Dept Water - Pretoria,2528CA00487,Borehole,-25.6737,28.04446,29,0,46.8,Quartzite,Consolidated,,18.82588073
Dept Water - Pretoria,2528CA00487,Borehole,-25.6737,28.04446,29,46.8,99,Quartzite,Consolidated,Hard,18.82588073
Dept Water - Pretoria,2528CA00487,Borehole,-25.6737,28.04446,29,99,109,Granite,Consolidated,Hard,18.82588073
Dept Water - Pretoria,2528CA00486,Borehole,-25.67369,28.04445,36,0,37,Granite,Consolidated,,18.82518516
Dept Water - Pretoria,2528CA00486,Borehole,-25.67369,28.04445,36,37,67,Quartzite,Consolidated,Hard,18.82518516
Dept Water - Pretoria,2528CA00485,Borehole,-25.67368,28.04444,5,0,25,Granite,Consolidated,,18.8244897
Dept Water - Pretoria,2528CA00485,Borehole,-25.67368,28.04444,5,25,34,Granite,Consolidated,,18.8244897
Dept Water - Pretoria,2528CA00485,Borehole,-25.67368,28.04444,5,34,35,Granite,Consolidated,Hard,18.8244897
Dept Water - Pretoria,2528CA00484,Borehole,-25.67367,28.04443,,0,6,Granite,Consolidated,,18.82379435
Dept Water - Pretoria,2528CA00484,Borehole,-25.67367,28.04443,,6,44,Granite,Consolidated,Hard,18.82379435
Dept Water - Pretoria,2528CA00493,Borehole,-25.67366,28.04442,8.53,0,5.48,SOIL,Unconsolidated,,18.8230991
Dept Water - Pretoria,2528CA00493,Borehole,-25.67366,28.04442,8.53,5.48,9.75,Sandstone & Shale,Consolidated,,18.8230991
Dept Water - Pretoria,2528CA00493,Borehole,-25.67366,28.04442,8.53,9.75,11.88,Quartzite,Consolidated,,18.8230991
Dept Water - Pretoria,2528CA00493,Borehole,-25.67366,28.04442,8.53,11.88,13.41,Rubble,Unconsolidated,,18.8230991
Dept Water - Pretoria,2528CA00494,Borehole,-25.67364,28.0444,,0,3.04,SOIL,Unconsolidated,,18.82170892
Dept Water - Pretoria,2528CA00494,Borehole,-25.67364,28.0444,,3.04,19.81,Diabase,Consolidated,,18.82170892
Dept Water - Pretoria,2528CA00495,Borehole,-25.67363,28.04439,19.5,0,3.04,SOIL,Unconsolidated,,18.82101399
Dept Water - Pretoria,2528CA00495,Borehole,-25.67363,28.04439,19.5,3.04,35.66,Diabase,Consolidated,,18.82101399
Dept Water - Pretoria,2528CA00496,Borehole,-25.67362,28.04438,28.95,0,0.6,SOIL,Unconsolidated,,18.82031916
Dept Water - Pretoria,2528CA00496,Borehole,-25.67362,28.04438,28.95,0.6,1.52,Gravel,Unconsolidated,,18.82031916
Dept Water - Pretoria,2528CA00496,Borehole,-25.67362,28.04438,28.95,1.52,90.22,Diabase,Consolidated,,18.82031916
Dept Water - Pretoria,2528CA00497,Borehole,-25.67361,28.04437,27.43,0,3.04,SOIL,Unconsolidated,,18.81962445
Dept Water - Pretoria,2528CA00497,Borehole,-25.67361,28.04437,27.43,3.04,53.34,Granite,Consolidated,,18.81962445
Dept Water - Pretoria,2528CA00497,Borehole,-25.67361,28.04437,27.43,53.34,92.65,Norite,Consolidated,,18.81962445
Dept Water - Pretoria,2528CA00498,Borehole,-25.6736,28.04436,24.38,0,1.82,SOIL,Unconsolidated,,18.81892983
Dept Water - Pretoria,2528CA00498,Borehole,-25.6736,28.04436,24.38,1.82,137.46,Granite,Consolidated,,18.81892983
Dept Water - Pretoria,2528CA00499,Borehole,-25.67359,28.04435,25.29,0,3.04,SOIL,Unconsolidated,,18.81823533
Dept Water - Pretoria,2528CA00499,Borehole,-25.67359,28.04435,25.29,3.04,44.5,Diabase,Consolidated,,18.81823533
Dept Water - Pretoria,2527DD00153,Borehole,-25.66733,28.08302,24.68,0,1.82,SOIL,Unconsolidated,,17.20580036
Dept Water - Pretoria,2527DD00153,Borehole,-25.66733,28.08302,24.68,1.82,46.63,Sandstone,Consolidated,,17.20580036
Dept Water - Pretoria,2527DD00153,Borehole,-25.66733,28.08302,24.68,46.63,50.9,Dolerite,Consolidated,,17.20580036
Dept Water - Pretoria,2527DD00133,Borehole,-25.66732,28.08302,12.19,0,2.13,SOIL,Unconsolidated,,17.20469305
Dept Water - Pretoria,2527DD00133,Borehole,-25.66732,28.08302,12.19,2.13,24.07,Sandstone,Consolidated,,17.20469305
Dept Water - Pretoria,2527DD00133,Borehole,-25.66732,28.08302,12.19,24.07,29.56,Shale,Consolidated,,17.20469305
Dept Water - Pretoria,2527DD00133,Borehole,-25.66732,28.08302,12.19,29.56,35.96,Shale,Consolidated,,17.20469305
Dept Water - Pretoria,2527DD00133,Borehole,-25.66732,28.08302,12.19,35.96,46.02,Quartzite,Consolidated,,17.20469305
Dept Water - Pretoria,2527DD00134,Borehole,-25.6673,28.08304,,0,5.48,SOIL,Unconsolidated,,17.20224983
Dept Water - Pretoria,2527DD00134,Borehole,-25.6673,28.08304,,5.48,26.21,Sandstone,Consolidated,,17.20224983
Dept Water - Pretoria,2527DD00134,Borehole,-25.6673,28.08304,,26.21,40.23,Sandstone,Consolidated,,17.20224983
Dept Water - Pretoria,2527DD00150,Borehole,-25.6673,28.08307,21.03,0,1.82,SOIL,Unconsolidated,,17.20190746
Dept Water - Pretoria,2527DD00150,Borehole,-25.6673,28.08307,21.03,1.82,27.43,Diabase,Consolidated,,17.20190746
Dept Water - Pretoria,2527DD00150,Borehole,-25.6673,28.08307,21.03,27.43,32.91,Diabase,Consolidated,,17.20190746
Dept Water - Pretoria,2527DD00151,Borehole,-25.6673,28.08307,21.33,0,28.04,Diabase,Consolidated,,17.20190746
Dept Water - Pretoria,2527DD00151,Borehole,-25.6673,28.08307,21.33,28.04,35.05,Diabase,Consolidated,,17.20190746
Dept Water - Pretoria,2527DD00136,Borehole,-25.66729,28.08301,21.33,0,3.65,SOIL,Unconsolidated,,17.20148554
Dept Water - Pretoria,2527DD00136,Borehole,-25.66729,28.08301,21.33,3.65,25.9,Norite,Consolidated,,17.20148554
Dept Water - Pretoria,2527DD00135,Borehole,-25.66729,28.08302,9.44,0,1.52,SOIL,Unconsolidated,,17.20137112
Dept Water - Pretoria,2527DD00135,Borehole,-25.66729,28.08302,9.44,1.52,2.13,Shale,Consolidated,,17.20137112
Dept Water - Pretoria,2527DD00135,Borehole,-25.66729,28.08302,9.44,2.13,18.89,Shale,Consolidated,,17.20137112
Dept Water - Pretoria,2527DD00135,Borehole,-25.66729,28.08302,9.44,18.89,29.87,Sandstone,Consolidated,,17.20137112
Dept Water - Pretoria,2527DD00139,Borehole,-25.66729,28.08306,,0,4.87,Sandstone,Consolidated,,17.20091417
Dept Water - Pretoria,2527DD00139,Borehole,-25.66729,28.08306,,4.87,13.71,Sandstone,Consolidated,,17.20091417
Dept Water - Pretoria,2527DD00139,Borehole,-25.66729,28.08306,,13.71,42.97,Shale,Consolidated,,17.20091417
Dept Water - Pretoria,2527DD00139,Borehole,-25.66729,28.08306,,42.97,47.24,Shale,Consolidated,,17.20091417
Dept Water - Pretoria,2527DD00146,Borehole,-25.66727,28.08304,15.24,0,14.02,Quartzite,Consolidated,,17.19892786
Dept Water - Pretoria,2527DD00146,Borehole,-25.66727,28.08304,15.24,14.02,23.16,Quartzite,Consolidated,,17.19892786
Dept Water - Pretoria,2527DD00145,Borehole,-25.66726,28.08303,,0,2.43,SOIL,Unconsolidated,,17.19793484
Dept Water - Pretoria,2527DD00145,Borehole,-25.66726,28.08303,,2.43,21.33,Diabase,Consolidated,,17.19793484
Dept Water - Pretoria,2527DD00145,Borehole,-25.66726,28.08303,,21.33,49.37,Diabase,Consolidated,,17.19793484
Dept Water - Pretoria,2527DD00147,Borehole,-25.66726,28.08303,14.93,0,21.64,Shale,Consolidated,,17.19793484
Dept Water - Pretoria,2527DD00147,Borehole,-25.66726,28.08303,14.93,21.64,35.96,Quartzite,Consolidated,,17.19793484
Dept Water - Pretoria,2527DD00143,Borehole,-25.66725,28.08301,,0,3.04,SOIL,Unconsolidated,,17.19705634
Dept Water - Pretoria,2527DD00143,Borehole,-25.66725,28.08301,,3.04,15.24,Sandstone,Consolidated,,17.19705634
Dept Water - Pretoria,2527DD00143,Borehole,-25.66725,28.08301,,15.24,56.69,Sandstone,Consolidated,,17.19705634
Dept Water - Pretoria,2527DD00152,Borehole,-25.66725,28.08301,19.2,0,2.43,SOIL,Unconsolidated,,17.19705634
Dept Water - Pretoria,2527DD00152,Borehole,-25.66725,28.08301,19.2,2.43,17.06,Gravel,Unconsolidated,,17.19705634
Dept Water - Pretoria,2527DD00152,Borehole,-25.66725,28.08301,19.2,17.06,37.79,Clay,Unconsolidated,,17.19705634
Dept Water - Pretoria,2527DD00152,Borehole,-25.66725,28.08301,19.2,37.79,42.06,Quartzite,Consolidated,,17.19705634
Dept Water - Pretoria,2527DD00144,Borehole,-25.66725,28.08302,15.84,0,3.65,SOIL,Unconsolidated,,17.1969419
Dept Water - Pretoria,2527DD00144,Borehole,-25.66725,28.08302,15.84,3.65,24.68,Sandstone,Consolidated,,17.1969419
Dept Water - Pretoria,2527DD00144,Borehole,-25.66725,28.08302,15.84,24.68,29.56,Sandstone,Consolidated,,17.1969419
Dept Water - Pretoria,2527DD00140,Borehole,-25.66725,28.08303,13.71,0,1.21,SOIL,Unconsolidated,,17.19682752
Dept Water - Pretoria,2527DD00140,Borehole,-25.66725,28.08303,13.71,1.21,13.71,Shale,Consolidated,,17.19682752
Dept Water - Pretoria,2527DD00140,Borehole,-25.66725,28.08303,13.71,13.71,42.06,Shale,Consolidated,,17.19682752
Dept Water - Pretoria,2527DD00140,Borehole,-25.66725,28.08303,13.71,42.06,44.5,Granite,Consolidated,,17.19682752
Dept Water - Pretoria,2527DD00156,Borehole,-25.66724,28.08302,19.81,0,1.82,SOIL,Unconsolidated,,17.19583459
Dept Water - Pretoria,2527DD00156,Borehole,-25.66724,28.08302,19.81,1.82,15.24,Quartzite,Consolidated,,17.19583459
Dept Water - Pretoria,2527DD00156,Borehole,-25.66724,28.08302,19.81,15.24,45.11,Quartzite,Consolidated,,17.19583459
Dept Water - Pretoria,2527DD00137,Borehole,-25.66724,28.08303,20.72,0,3.04,SOIL,Unconsolidated,,17.19572021
Dept Water - Pretoria,2527DD00137,Borehole,-25.66724,28.08303,20.72,3.04,35.66,Quartzite,Consolidated,,17.19572021
Dept Water - Pretoria,2527DD00142,Borehole,-25.66724,28.08305,,0,2.43,SOIL,Unconsolidated,,17.19549166
Dept Water - Pretoria,2527DD00142,Borehole,-25.66724,28.08305,,2.43,23.77,Diabase,Consolidated,,17.19549166
Dept Water - Pretoria,2527DD00142,Borehole,-25.66724,28.08305,,23.77,42.36,Diabase,Consolidated,,17.19549166
Dept Water - Pretoria,2527DD00142,Borehole,-25.66724,28.08305,,42.36,44.8,Shale,Consolidated,,17.19549166
Dept Water - Pretoria,2527DD00149,Borehole,-25.66723,28.08302,15.24,0,1.82,SOIL,Unconsolidated,,17.19472729
Dept Water - Pretoria,2527DD00149,Borehole,-25.66723,28.08302,15.24,1.82,26.82,Quartzite,Consolidated,,17.19472729
Dept Water - Pretoria,2527DD00149,Borehole,-25.66723,28.08302,15.24,26.82,36.88,Quartzite,Consolidated,,17.19472729
Dept Water - Pretoria,2527DD00155,Borehole,-25.66723,28.08304,,0,1.82,SOIL,Unconsolidated,,17.19449858
Dept Water - Pretoria,2527DD00155,Borehole,-25.66723,28.08304,,1.82,25.9,Sandstone,Consolidated,,17.19449858
Dept Water - Pretoria,2527DD00155,Borehole,-25.66723,28.08304,,25.9,37.18,Dolerite,Consolidated,,17.19449858
Dept Water - Pretoria,2527DD00141,Borehole,-25.66723,28.08306,17.98,0,3.04,SOIL,Unconsolidated,,17.19427016
Dept Water - Pretoria,2527DD00141,Borehole,-25.66723,28.08306,17.98,3.04,24.38,Norite,Consolidated,,17.19427016
Dept Water - Pretoria,2527DD00141,Borehole,-25.66723,28.08306,17.98,24.38,39.01,Norite,Consolidated,,17.19427016
Dept Water - Pretoria,2527DD00141,Borehole,-25.66723,28.08306,17.98,39.01,47.54,Norite,Consolidated,,17.19427016
Dept Water - Pretoria,2527DD00132,Borehole,-25.66722,28.0831,20.11,0,3,SOIL,Unconsolidated,,17.19270681
Dept Water - Pretoria,2527DD00132,Borehole,-25.66722,28.0831,20.11,3,33.52,Diabase,Consolidated,,17.19270681
Dept Water - Pretoria,2527DD00138,Borehole,-25.66721,28.08304,21.33,0,3.04,SOIL,Unconsolidated,,17.19228395
Dept Water - Pretoria,2527DD00138,Borehole,-25.66721,28.08304,21.33,3.04,36.88,Quartzite,Consolidated,,17.19228395
Dept Water - Pretoria,2527DD00154,Borehole,-25.66721,28.08307,24.68,0,2.74,SOIL,Unconsolidated,,17.19194138
Dept Water - Pretoria,2527DD00154,Borehole,-25.66721,28.08307,24.68,2.74,32,Sandstone,Consolidated,,17.19194138
Dept Water - Pretoria,2527DD00154,Borehole,-25.66721,28.08307,24.68,32,37.18,Dolerite,Consolidated,,17.19194138
Dept Water - Pretoria,2527DD00148,Borehole,-25.66721,28.0831,15.84,0,1.82,SOIL,Unconsolidated,,17.19159945
Dept Water - Pretoria,2527DD00148,Borehole,-25.66721,28.0831,15.84,1.82,18.28,Diabase,Consolidated,,17.19159945
Dept Water - Pretoria,2527DD00148,Borehole,-25.66721,28.0831,15.84,18.28,24.07,Diabase,Consolidated,,17.19159945
Dept Water - Pretoria,2527DD00148,Borehole,-25.66721,28.0831,15.84,24.07,37.18,Quartzite,Consolidated,,17.19159945
Dept Water - Pretoria,2527DD00148,Borehole,-25.66721,28.0831,15.84,37.18,52.42,Shale,Consolidated,,17.19159945
Dept Water - Pretoria,2528DC00060,Borehole,-25.66317,28.12745,15.84,0,30.63,Quartzite,Consolidated,,16.95233902
Dept Water - Pretoria,2528DC00068,Borehole,-25.66317,28.12747,12.8,0,0.3,SOIL,Unconsolidated,,16.95275661
Dept Water - Pretoria,2528DC00068,Borehole,-25.66317,28.12747,12.8,0.3,3.35,Boulders,Unconsolidated,,16.95275661
Dept Water - Pretoria,2528DC00068,Borehole,-25.66317,28.12747,12.8,3.35,9.75,Clay,Unconsolidated,,16.95275661
Dept Water - Pretoria,2528DC00068,Borehole,-25.66317,28.12747,12.8,9.75,25.29,Quartzite,Consolidated,,16.95275661
Dept Water - Pretoria,2528DC00068,Borehole,-25.66317,28.12747,12.8,25.29,40.23,Shale,Consolidated,,16.95275661
Dept Water - Pretoria,2528DC00068,Borehole,-25.66317,28.12747,12.8,40.23,40.84,Quartzite,Consolidated,,16.95275661
Dept Water - Pretoria,2528DC00076,Borehole,-25.66316,28.12746,10.66,0,3.04,SOIL,Unconsolidated,,16.95145434
Dept Water - Pretoria,2528DC00076,Borehole,-25.66316,28.12746,10.66,3.04,35.05,Diabase,Consolidated,,16.95145434
Dept Water - Pretoria,2528DC00076,Borehole,-25.66316,28.12746,10.66,35.05,35.35,Diabase,Consolidated,,16.95145434
Dept Water - Pretoria,2528DC00077,Borehole,-25.66315,28.12747,,0,2.43,SOIL,Unconsolidated,,16.95056975
Dept Water - Pretoria,2528DC00077,Borehole,-25.66315,28.12747,,2.43,27.43,Diabase,Consolidated,,16.95056975
Dept Water - Pretoria,2528DC00077,Borehole,-25.66315,28.12747,,27.43,52.73,Diabase,Consolidated,,16.95056975
Dept Water - Pretoria,2528DC00077,Borehole,-25.66315,28.12747,,52.73,65.53,Quartzite,Consolidated,,16.95056975
Dept Water - Pretoria,2528DC00066,Borehole,-25.66314,28.12743,12.19,0,5.18,SOIL,Unconsolidated,,16.94864128
Dept Water - Pretoria,2528DC00066,Borehole,-25.66314,28.12743,12.19,5.18,29.87,Clay,Unconsolidated,,16.94864128
Dept Water - Pretoria,2528DC00066,Borehole,-25.66314,28.12743,12.19,29.87,42.06,Shale,Consolidated,,16.94864128
Dept Water - Pretoria,2528DC00066,Borehole,-25.66314,28.12743,12.19,42.06,48.46,Shale,Consolidated,,16.94864128
Dept Water - Pretoria,2528DC00067,Borehole,-25.66314,28.12747,29.56,0,2.43,SOIL,Unconsolidated,,16.94947633
Dept Water - Pretoria,2528DC00067,Borehole,-25.66314,28.12747,29.56,2.43,4.26,Quartzite,Consolidated,,16.94947633
Dept Water - Pretoria,2528DC00067,Borehole,-25.66314,28.12747,29.56,4.26,14.32,Clay,Unconsolidated,,16.94947633
Dept Water - Pretoria,2528DC00067,Borehole,-25.66314,28.12747,29.56,14.32,23.46,Quartzite,Consolidated,,16.94947633
Dept Water - Pretoria,2528DC00067,Borehole,-25.66314,28.12747,29.56,23.46,29.87,Quartzite,Consolidated,,16.94947633
Dept Water - Pretoria,2528DC00067,Borehole,-25.66314,28.12747,29.56,29.87,42.97,Grit,Unconsolidated,,16.94947633
Dept Water - Pretoria,2528DC00067,Borehole,-25.66314,28.12747,29.56,42.97,66.14,Granite,Consolidated,,16.94947633
Dept Water - Pretoria,2528DC00080,Borehole,-25.66314,28.12748,26.82,0,39.62,Shale,Consolidated,,16.94968527
Dept Water - Pretoria,2528DC00080,Borehole,-25.66314,28.12748,26.82,39.62,90.22,Shale,Consolidated,,16.94968527
Dept Water - Pretoria,2528DC00080,Borehole,-25.66314,28.12748,26.82,90.22,94.79,Quartzite,Consolidated,,16.94968527
Dept Water - Pretoria,2528DC00065,Borehole,-25.66313,28.1275,10.66,0,3.04,SOIL,Unconsolidated,,16.94900997
Dept Water - Pretoria,2528DC00065,Borehole,-25.66313,28.1275,10.66,3.04,11.58,Diabase,Consolidated,,16.94900997
Dept Water - Pretoria,2528DC00065,Borehole,-25.66313,28.1275,10.66,11.58,12.8,Quartzite,Consolidated,,16.94900997
Dept Water - Pretoria,2528DC00065,Borehole,-25.66313,28.1275,10.66,12.8,18.28,Quartzite,Consolidated,,16.94900997
Dept Water - Pretoria,2528DC00065,Borehole,-25.66313,28.1275,10.66,18.28,19.81,Diabase,Consolidated,,16.94900997
Dept Water - Pretoria,2528DC00065,Borehole,-25.66313,28.1275,10.66,19.81,21.64,Gravel,Unconsolidated,,16.94900997
Dept Water - Pretoria,2528DC00065,Borehole,-25.66313,28.1275,10.66,21.64,22.09,Quartzite,Consolidated,,16.94900997
Dept Water - Pretoria,2528DC00074,Borehole,-25.66312,28.12742,,0,2.43,Sand,Unconsolidated,,16.94624572
Dept Water - Pretoria,2528DC00074,Borehole,-25.66312,28.12742,,2.43,12.49,Diabase,Consolidated,,16.94624572
Dept Water - Pretoria,2528DC00074,Borehole,-25.66312,28.12742,,12.49,22.25,Boulders,Unconsolidated,,16.94624572
Dept Water - Pretoria,2528DC00074,Borehole,-25.66312,28.12742,,22.25,27.12,Diabase,Consolidated,,16.94624572
Dept Water - Pretoria,2528DC00073,Borehole,-25.66312,28.12744,,0,28.04,Shale,Consolidated,,16.94666301
Dept Water - Pretoria,2528DC00073,Borehole,-25.66312,28.12744,,28.04,39.31,Shale,Consolidated,,16.94666301
Dept Water - Pretoria,2528DC00078,Borehole,-25.66312,28.12747,16.76,0,5.48,SOIL,Unconsolidated,,16.94728949
Dept Water - Pretoria,2528DC00078,Borehole,-25.66312,28.12747,16.76,5.48,35.66,Shale,Consolidated,,16.94728949
Dept Water - Pretoria,2528DC00078,Borehole,-25.66312,28.12747,16.76,35.66,37.33,Quartzite,Consolidated,,16.94728949
Dept Water - Pretoria,2528DC00079,Borehole,-25.66312,28.1275,13.71,0,5.18,SOIL,Unconsolidated,,16.9479166
Dept Water - Pretoria,2528DC00079,Borehole,-25.66312,28.1275,13.71,5.18,28.95,Quartzite,Consolidated,,16.9479166
Dept Water - Pretoria,2528DC00079,Borehole,-25.66312,28.1275,13.71,28.95,34.74,Diabase,Consolidated,,16.9479166
Dept Water - Pretoria,2528DC00064,Borehole,-25.66311,28.12744,7.62,0,5.79,Boulders,Unconsolidated,,16.94556956
Dept Water - Pretoria,2528DC00064,Borehole,-25.66311,28.12744,7.62,5.79,11.88,Clay,Unconsolidated,,16.94556956
Dept Water - Pretoria,2528DC00064,Borehole,-25.66311,28.12744,7.62,11.88,26.21,Sandstone,Consolidated,,16.94556956
Dept Water - Pretoria,2528DC00064,Borehole,-25.66311,28.12744,7.62,26.21,33.52,Clay,Unconsolidated,,16.94556956
Dept Water - Pretoria,2528DC00064,Borehole,-25.66311,28.12744,7.62,33.52,36.57,Diabase,Consolidated,,16.94556956
Dept Water - Pretoria,2528DC00064,Borehole,-25.66311,28.12744,7.62,36.57,39.92,Diabase,Consolidated,,16.94556956
Dept Water - Pretoria,2528DC00064,Borehole,-25.66311,28.12744,7.62,39.92,56.69,Quartzite,Consolidated,Hard,16.94556956
Dept Water - Pretoria,2528DC00064,Borehole,-25.66311,28.12744,7.62,56.69,62.48,Quartzite,Consolidated,Hard,16.94556956
Dept Water - Pretoria,2528DC00071,Borehole,-25.66311,28.12746,,0,2.43,SOIL,Unconsolidated,,16.94598716
Dept Water - Pretoria,2528DC00071,Borehole,-25.66311,28.12746,,2.43,6.09,Granite,Consolidated,,16.94598716
Dept Water - Pretoria,2528DC00071,Borehole,-25.66311,28.12746,,6.09,23.46,Granite,Consolidated,,16.94598716
Dept Water - Pretoria,2528DC00072,Borehole,-25.66311,28.12748,10.66,0,5.48,SOIL,Unconsolidated,,16.94640505
Dept Water - Pretoria,2528DC00072,Borehole,-25.66311,28.12748,10.66,5.48,18.28,Diabase,Consolidated,,16.94640505
Dept Water - Pretoria,2528DC00072,Borehole,-25.66311,28.12748,10.66,18.28,22.55,Diabase,Consolidated,,16.94640505
Dept Water - Pretoria,2528DC00072,Borehole,-25.66311,28.12748,10.66,22.55,24.38,Quartzite,Consolidated,,16.94640505
Dept Water - Pretoria,2528DC00072,Borehole,-25.66311,28.12748,10.66,24.38,36.27,Diabase,Consolidated,,16.94640505
Dept Water - Pretoria,2528DC00059,Borehole,-25.66311,28.12749,,0,18.28,SOIL,Unconsolidated,,16.9466141
Dept Water - Pretoria,2528DC00059,Borehole,-25.66311,28.12749,,18.28,27.43,Norite,Consolidated,,16.9466141
Dept Water - Pretoria,2528DC00059,Borehole,-25.66311,28.12749,,27.43,31.39,Norite,Consolidated,,16.9466141
Dept Water - Pretoria,2528DC00059,Borehole,-25.66311,28.12749,,31.39,32.81,Quartzite,Consolidated,,16.9466141
Dept Water - Pretoria,2528CA00537,Borehole,-25.66231,28.13724,,0,1.21,SOIL,Unconsolidated,,17.09732197
Dept Water - Pretoria,2528CA00537,Borehole,-25.66231,28.13724,,1.21,19.5,Clay,Unconsolidated,,17.09732197
Dept Water - Pretoria,2528CA00537,Borehole,-25.66231,28.13724,,19.5,43.28,Sandstone,Consolidated,,17.09732197
Dept Water - Pretoria,2528CA00528,Borehole,-25.6623,28.13721,10.97,0,6.09,SOIL,Unconsolidated,,17.09541054
Dept Water - Pretoria,2528CA00528,Borehole,-25.6623,28.13721,10.97,6.09,28.34,Sandstone,Consolidated,,17.09541054
Dept Water - Pretoria,2528CA00528,Borehole,-25.6623,28.13721,10.97,28.34,40.23,Quartzite,Consolidated,,17.09541054
Dept Water - Pretoria,2528CA00532,Borehole,-25.6623,28.13722,6.7,0,0.6,SOIL,Unconsolidated,,17.0956883
Dept Water - Pretoria,2528CA00532,Borehole,-25.6623,28.13722,6.7,0.6,5.48,Clay,Unconsolidated,,17.0956883
Dept Water - Pretoria,2528CA00532,Borehole,-25.6623,28.13722,6.7,5.48,35.35,Diabase,Consolidated,,17.0956883
Dept Water - Pretoria,2528CA00536,Borehole,-25.6623,28.13724,11.27,0,0.91,SOIL,Unconsolidated,,17.09624402
Dept Water - Pretoria,2528CA00536,Borehole,-25.6623,28.13724,11.27,0.91,3.65,Clay,Unconsolidated,,17.09624402
Dept Water - Pretoria,2528CA00536,Borehole,-25.6623,28.13724,11.27,3.65,13.41,Diabase,Consolidated,,17.09624402
Dept Water - Pretoria,2528CA00536,Borehole,-25.6623,28.13724,11.27,13.41,26.51,Diabase,Consolidated,,17.09624402
Dept Water - Pretoria,2528CA00536,Borehole,-25.6623,28.13724,11.27,26.51,28.95,Quartzite,Consolidated,Hard,17.09624402
Dept Water - Pretoria,2528CA00540,Borehole,-25.6623,28.13724,21.94,0,3.04,SOIL,Unconsolidated,,17.09624402
Dept Water - Pretoria,2528CA00540,Borehole,-25.6623,28.13724,21.94,3.04,30.78,Quartzite,Consolidated,,17.09624402
Dept Water - Pretoria,2528CA00527,Borehole,-25.66229,28.13721,14.93,0,16.76,Gravel,Unconsolidated,,17.09433254
Dept Water - Pretoria,2528CA00527,Borehole,-25.66229,28.13721,14.93,16.76,34.44,Sandstone,Consolidated,,17.09433254
Dept Water - Pretoria,2528CA00527,Borehole,-25.66229,28.13721,14.93,34.44,50.9,Dolomite,Consolidated,,17.09433254
Dept Water - Pretoria,2528CA00530,Borehole,-25.66229,28.13722,17.98,0,6.4,Clay,Unconsolidated,,17.09461032
Dept Water - Pretoria,2528CA00530,Borehole,-25.66229,28.13722,17.98,6.4,23.77,Diabase,Consolidated,,17.09461032
Dept Water - Pretoria,2528CA00530,Borehole,-25.66229,28.13722,17.98,23.77,29.26,Diabase,Consolidated,Hard,17.09461032
Dept Water - Pretoria,2528CA00530,Borehole,-25.66229,28.13722,17.98,29.26,32,Diabase,Consolidated,Hard,17.09461032
Dept Water - Pretoria,2528CA00531,Borehole,-25.66229,28.13723,21.33,0,24.38,SOIL,Unconsolidated,,17.09488816
Dept Water - Pretoria,2528CA00531,Borehole,-25.66229,28.13723,21.33,24.38,44.19,Diabase,Consolidated,,17.09488816
Dept Water - Pretoria,2528CA00535,Borehole,-25.66229,28.13724,,0,3.04,SOIL,Unconsolidated,,17.09516607
Dept Water - Pretoria,2528CA00535,Borehole,-25.66229,28.13724,,3.04,14.02,Norite,Consolidated,,17.09516607
Dept Water - Pretoria,2528CA00539,Borehole,-25.66229,28.13724,23.46,0,11.58,SOIL,Unconsolidated,,17.09516607
Dept Water - Pretoria,2528CA00539,Borehole,-25.66229,28.13724,23.46,11.58,18.89,Norite,Consolidated,,17.09516607
Dept Water - Pretoria,2528CA00539,Borehole,-25.66229,28.13724,23.46,18.89,70.71,Norite,Consolidated,,17.09516607
Dept Water - Pretoria,2528CA00526,Borehole,-25.66228,28.13721,18.59,0,2.43,SOIL,Unconsolidated,,17.09325455
Dept Water - Pretoria,2528CA00526,Borehole,-25.66228,28.13721,18.59,2.43,32.3,Shale,Consolidated,,17.09325455
Dept Water - Pretoria,2528CA00526,Borehole,-25.66228,28.13721,18.59,32.3,35.96,Quartzite,Consolidated,,17.09325455
Dept Water - Pretoria,2528CA00529,Borehole,-25.66228,28.13722,,0,9.14,Boulders,Unconsolidated,,17.09353234
Dept Water - Pretoria,2528CA00529,Borehole,-25.66228,28.13722,,9.14,18.28,Sand,Unconsolidated,,17.09353234
Dept Water - Pretoria,2528CA00533,Borehole,-25.66228,28.13723,1.21,0,0.91,SOIL,Unconsolidated,,17.0938102
Dept Water - Pretoria,2528CA00533,Borehole,-25.66228,28.13723,1.21,0.91,8.83,Clay,Unconsolidated,,17.0938102
Dept Water - Pretoria,2528CA00533,Borehole,-25.66228,28.13723,1.21,8.83,12.19,Diabase,Consolidated,,17.0938102
Dept Water - Pretoria,2528CA00533,Borehole,-25.66228,28.13723,1.21,12.19,20.11,Diabase,Consolidated,Hard,17.0938102
Dept Water - Pretoria,2528CA00534,Borehole,-25.66228,28.13724,13.71,0,1.52,SOIL,Unconsolidated,,17.09408813
Dept Water - Pretoria,2528CA00534,Borehole,-25.66228,28.13724,13.71,1.52,7.62,Clay,Unconsolidated,,17.09408813
Dept Water - Pretoria,2528CA00534,Borehole,-25.66228,28.13724,13.71,7.62,19.81,Norite,Consolidated,,17.09408813
Dept Water - Pretoria,2528CA00534,Borehole,-25.66228,28.13724,13.71,19.81,24.38,Norite,Consolidated,,17.09408813
Dept Water - Pretoria,2528CA00538,Borehole,-25.66228,28.13724,,0,12.19,SOIL,Unconsolidated,,17.09408813
Dept Water - Pretoria,2528CA00538,Borehole,-25.66228,28.13724,,12.19,17.06,Quartzite,Consolidated,,17.09408813
Dept Water - Pretoria,2528CA00541,Borehole,-25.66228,28.13725,19.81,0,2.43,SOIL,Unconsolidated,,17.09436613
Dept Water - Pretoria,2528CA00541,Borehole,-25.66228,28.13725,19.81,2.43,40.53,Quartzite,Consolidated,,17.09436613
Dept Water - Pretoria,2528CA00437,Borehole,-25.6606,28.0097,,0,0.6,SOIL,Unconsolidated,,19.14225685
Dept Water - Pretoria,2528CA00437,Borehole,-25.6606,28.0097,,0.6,5.48,Boulders,Unconsolidated,,19.14225685
Dept Water - Pretoria,2528CA00437,Borehole,-25.6606,28.0097,,5.48,26.82,Clay,Unconsolidated,,19.14225685
Dept Water - Pretoria,2528CA00437,Borehole,-25.6606,28.0097,,26.82,32.3,Diabase,Consolidated,,19.14225685
Dept Water - Pretoria,2528CA00437,Borehole,-25.6606,28.0097,,32.3,45.11,Diabase,Consolidated,,19.14225685
Dept Water - Pretoria,2528CA00437,Borehole,-25.6606,28.0097,,45.11,51.81,Quartzite,Consolidated,,19.14225685
Dept Water - Pretoria,2528CA00067,Borehole,-25.66034,28.05249,,0,12,SOIL,Unconsolidated,,17.13400546
Dept Water - Pretoria,2528CA00067,Borehole,-25.66034,28.05249,,12,45,Diabase,Consolidated,,17.13400546
Dept Water - Pretoria,2528CA00067,Borehole,-25.66034,28.05249,,45,75,Granite,Consolidated,,17.13400546
Dept Water - Pretoria,2528CA00065,Borehole,-25.66033,28.05249,,0,12,SOIL,Unconsolidated,,17.13294407
Dept Water - Pretoria,2528CA00065,Borehole,-25.66033,28.05249,,12,48,Sandstone,Consolidated,,17.13294407
Dept Water - Pretoria,2528CA00065,Borehole,-25.66033,28.05249,,48,78,Diabase,Consolidated,,17.13294407
Dept Water - Pretoria,2528CA00066,Borehole,-25.66033,28.0525,,0,6,SOIL,Unconsolidated,,17.13260844
Dept Water - Pretoria,2528CA00066,Borehole,-25.66033,28.0525,,6,90,Diabase,Consolidated,Hard,17.13260844
Dept Water - Pretoria,2527DB00413,Borehole,-25.65962,27.96285,25.9,0,1.52,SOIL,Unconsolidated,,22.21795367
Dept Water - Pretoria,2527DB00413,Borehole,-25.65962,27.96285,25.9,1.52,12.19,Shale,Consolidated,,22.21795367
Dept Water - Pretoria,2527DB00413,Borehole,-25.65962,27.96285,25.9,12.19,45.11,Dolerite,Consolidated,,22.21795367
Dept Water - Pretoria,2527DB00413,Borehole,-25.65962,27.96285,25.9,45.11,47.24,Quartzite,Consolidated,,22.21795367
Dept Water - Pretoria,2527DB00412,Borehole,-25.65961,27.96284,9.14,0,3.04,SOIL,Unconsolidated,,22.21789802
Dept Water - Pretoria,2527DB00412,Borehole,-25.65961,27.96284,9.14,3.04,15.24,Diabase,Consolidated,,22.21789802
Dept Water - Pretoria,2527DB00412,Borehole,-25.65961,27.96284,9.14,15.24,18.28,Diabase,Consolidated,,22.21789802
Dept Water - Pretoria,2527DB00412,Borehole,-25.65961,27.96284,9.14,18.28,20.42,Diabase,Consolidated,,22.21789802
Dept Water - Pretoria,2527DB00411,Borehole,-25.6596,27.96283,15.24,0,10.97,SOIL,Unconsolidated,,22.21784249
Dept Water - Pretoria,2527DB00411,Borehole,-25.6596,27.96283,15.24,10.97,30.17,Quartzite,Consolidated,,22.21784249
Dept Water - Pretoria,2527DB00411,Borehole,-25.6596,27.96283,15.24,30.17,31.39,Diabase,Consolidated,,22.21784249
Dept Water - Pretoria,2527DB00410,Borehole,-25.65959,27.96282,,0,9.14,SOIL,Unconsolidated,,22.21778706
Dept Water - Pretoria,2527DB00410,Borehole,-25.65959,27.96282,,9.14,16.45,Quartzite,Consolidated,,22.21778706
Dept Water - Pretoria,2527DB00410,Borehole,-25.65959,27.96282,,16.45,18.28,Quartzite,Consolidated,,22.21778706
Dept Water - Pretoria,2527DB00410,Borehole,-25.65959,27.96282,,18.28,28.04,Diabase,Consolidated,,22.21778706
Dept Water - Pretoria,2527DB00410,Borehole,-25.65959,27.96282,,28.04,34.74,Quartzite,Consolidated,,22.21778706
Dept Water - Pretoria,2527DB00410,Borehole,-25.65959,27.96282,,34.74,36.57,Diabase,Consolidated,,22.21778706
Dept Water - Pretoria,2527DB00410,Borehole,-25.65959,27.96282,,36.57,37.18,Quartzite,Consolidated,,22.21778706
Dept Water - Pretoria,2527DB00409,Borehole,-25.65958,27.96281,20.72,0,10.36,SOIL,Unconsolidated,,22.21773175
Dept Water - Pretoria,2527DB00409,Borehole,-25.65958,27.96281,20.72,10.36,23.77,Diabase,Consolidated,,22.21773175
Dept Water - Pretoria,2527DB00409,Borehole,-25.65958,27.96281,20.72,23.77,41.45,Diabase,Consolidated,,22.21773175
Dept Water - Pretoria,2527DB00409,Borehole,-25.65958,27.96281,20.72,41.45,44.5,Diabase,Consolidated,,22.21773175
Dept Water - Pretoria,2527DB00395,Borehole,-25.65958,27.96283,19.5,0,1.82,SOIL,Unconsolidated,,22.21621373
Dept Water - Pretoria,2527DB00395,Borehole,-25.65958,27.96283,19.5,1.82,24.38,Shale,Consolidated,,22.21621373
Dept Water - Pretoria,2527DB00395,Borehole,-25.65958,27.96283,19.5,24.38,31.39,Shale,Consolidated,,22.21621373
Dept Water - Pretoria,2527DB00395,Borehole,-25.65958,27.96283,19.5,31.39,32.91,Diabase,Consolidated,,22.21621373
Dept Water - Pretoria,2527DB00408,Borehole,-25.65957,27.9628,22.25,0,7.62,SOIL,Unconsolidated,,22.21767655
Dept Water - Pretoria,2527DB00408,Borehole,-25.65957,27.9628,22.25,7.62,13.71,Quartzite,Consolidated,,22.21767655
Dept Water - Pretoria,2527DB00408,Borehole,-25.65957,27.9628,22.25,13.71,27.43,Clay,Unconsolidated,,22.21767655
Dept Water - Pretoria,2527DB00408,Borehole,-25.65957,27.9628,22.25,27.43,30.48,Diabase,Consolidated,,22.21767655
Dept Water - Pretoria,2527DB00408,Borehole,-25.65957,27.9628,22.25,30.48,38.4,Diabase,Consolidated,,22.21767655
Dept Water - Pretoria,2527DB00394,Borehole,-25.65957,27.96282,21.94,0,1.21,SOIL,Unconsolidated,,22.21615842
Dept Water - Pretoria,2527DB00394,Borehole,-25.65957,27.96282,21.94,1.21,30.17,Diabase,Consolidated,,22.21615842
Dept Water - Pretoria,2527DB00394,Borehole,-25.65957,27.96282,21.94,30.17,35.96,Diabase,Consolidated,,22.21615842
Dept Water - Pretoria,2527DB00393,Borehole,-25.65956,27.96281,15.84,0,3.04,SOIL,Unconsolidated,,22.21610321
Dept Water - Pretoria,2527DB00393,Borehole,-25.65956,27.96281,15.84,3.04,6.7,Norite,Consolidated,,22.21610321
Dept Water - Pretoria,2527DB00393,Borehole,-25.65956,27.96281,15.84,6.7,24.38,Norite,Consolidated,,22.21610321
Dept Water - Pretoria,2527DB00393,Borehole,-25.65956,27.96281,15.84,24.38,36.57,Norite,Consolidated,,22.21610321
Dept Water - Pretoria,2527DB00392,Borehole,-25.65955,27.9628,21.94,0,2.43,SOIL,Unconsolidated,,22.21604812
Dept Water - Pretoria,2527DB00392,Borehole,-25.65955,27.9628,21.94,2.43,20.11,Diabase,Consolidated,,22.21604812
Dept Water - Pretoria,2527DB00392,Borehole,-25.65955,27.9628,21.94,20.11,37.49,Diabase,Consolidated,,22.21604812
Dept Water - Pretoria,2527DB00391,Borehole,-25.65954,27.96279,14.63,0,5.48,SOIL,Unconsolidated,,22.21599314
Dept Water - Pretoria,2527DB00391,Borehole,-25.65954,27.96279,14.63,5.48,18.28,Quartzite,Consolidated,,22.21599314
Dept Water - Pretoria,2527DB00391,Borehole,-25.65954,27.96279,14.63,18.28,26.21,Quartzite,Consolidated,,22.21599314
Dept Water - Pretoria,2527DB00391,Borehole,-25.65954,27.96279,14.63,26.21,32,Quartzite,Consolidated,,22.21599314
Dept Water - Pretoria,2527DB00390,Borehole,-25.65953,27.96278,15.24,0,3.04,SOIL,Unconsolidated,,22.21593826
Dept Water - Pretoria,2527DB00390,Borehole,-25.65953,27.96278,15.24,3.04,21.64,Diabase,Consolidated,,22.21593826
Dept Water - Pretoria,2527DB00390,Borehole,-25.65953,27.96278,15.24,21.64,32.3,Quartzite,Consolidated,,22.21593826
Dept Water - Pretoria,2527DB00387,Borehole,-25.65952,27.96277,25,0,42,Boulders,Unconsolidated,,22.2158835
Dept Water - Pretoria,2527DB00387,Borehole,-25.65952,27.96277,25,42,73,Diabase,Consolidated,,22.2158835
Dept Water - Pretoria,2527DB00386,Borehole,-25.65951,27.96276,,0,13,Boulders,Unconsolidated,,22.21582886
Dept Water - Pretoria,2527DB00386,Borehole,-25.65951,27.96276,,13,37,Sandstone,Consolidated,,22.21582886
Dept Water - Pretoria,2527DB00386,Borehole,-25.65951,27.96276,,37,117,Diabase,Consolidated,,22.21582886
Dept Water - Pretoria,2527DB00385,Borehole,-25.6595,27.96275,38,0,38,Diabase,Consolidated,,22.21577432
Dept Water - Pretoria,2527DB00385,Borehole,-25.6595,27.96275,38,38,98,Quartzite,Consolidated,,22.21577432
Dept Water - Pretoria,2527DB00388,Borehole,-25.65949,27.96274,30,0,26,Clay,Unconsolidated,,22.21571989
Dept Water - Pretoria,2527DB00388,Borehole,-25.65949,27.96274,30,26,72,Granite,Consolidated,Hard,22.21571989
Dept Water - Pretoria,2527DB00388,Borehole,-25.65949,27.96274,30,72,92,Sandstone,Consolidated,,22.21571989
Dept Water - Pretoria,2527DB00389,Borehole,-25.65948,27.96273,25.3,0,6.09,Boulders,Unconsolidated,,22.21566558
Dept Water - Pretoria,2527DB00389,Borehole,-25.65948,27.96273,25.3,6.09,12.49,Clay,Unconsolidated,,22.21566558
Dept Water - Pretoria,2527DB00389,Borehole,-25.65948,27.96273,25.3,12.49,17.98,Quartzite,Consolidated,,22.21566558
Dept Water - Pretoria,2527DB00389,Borehole,-25.65948,27.96273,25.3,17.98,33.22,Quartzite,Consolidated,,22.21566558
Dept Water - Pretoria,2527DB00389,Borehole,-25.65948,27.96273,25.3,33.22,37.79,Clay,Unconsolidated,,22.21566558
Dept Water - Pretoria,2527DB00389,Borehole,-25.65948,27.96273,25.3,37.79,61.87,Diabase,Consolidated,,22.21566558
Dept Water - Pretoria,2527DB00389,Borehole,-25.65948,27.96273,25.3,61.87,63.7,Diabase,Consolidated,,22.21566558
Dept Water - Pretoria,2527DB00389,Borehole,-25.65948,27.96273,25.3,63.7,92.04,Quartzite,Consolidated,,22.21566558
Dept Water - Pretoria,2527DB00397,Borehole,-25.65948,27.96273,14.63,0,5.48,SOIL,Unconsolidated,,22.21566558
Dept Water - Pretoria,2527DB00397,Borehole,-25.65948,27.96273,14.63,5.48,12.19,Quartzite,Consolidated,,22.21566558
Dept Water - Pretoria,2527DB00397,Borehole,-25.65948,27.96273,14.63,12.19,24.38,Quartzite,Consolidated,,22.21566558
Dept Water - Pretoria,2527DB00397,Borehole,-25.65948,27.96273,14.63,24.38,35.96,Diabase,Consolidated,,22.21566558
Dept Water - Pretoria,2527DB00397,Borehole,-25.65948,27.96273,14.63,35.96,39.01,Diabase,Consolidated,,22.21566558
Dept Water - Pretoria,2527DB00396,Borehole,-25.65947,27.96272,12.19,0,3.04,SOIL,Unconsolidated,,22.21561138
Dept Water - Pretoria,2527DB00396,Borehole,-25.65947,27.96272,12.19,3.04,18.28,Diabase,Consolidated,,22.21561138
Dept Water - Pretoria,2527DB00396,Borehole,-25.65947,27.96272,12.19,18.28,43.89,Diabase,Consolidated,,22.21561138
Dept Water - Pretoria,2527DB00396,Borehole,-25.65947,27.96272,12.19,43.89,56.38,Shale,Consolidated,,22.21561138
Dept Water - Pretoria,2527DB00396,Borehole,-25.65947,27.96272,12.19,56.38,64,Quartzite,Consolidated,,22.21561138
Dept Water - Pretoria,2527DB00396,Borehole,-25.65947,27.96272,12.19,64,65.53,Shale,Consolidated,,22.21561138
Dept Water - Pretoria,2527DB00396,Borehole,-25.65947,27.96272,12.19,65.53,92.96,Quartzite,Consolidated,,22.21561138
Dept Water - Pretoria,2527DB00398,Borehole,-25.65947,27.96272,28.95,0,0.6,SOIL,Unconsolidated,,22.21561138
Dept Water - Pretoria,2527DB00398,Borehole,-25.65947,27.96272,28.95,0.6,15.24,Shale,Consolidated,,22.21561138
Dept Water - Pretoria,2527DB00398,Borehole,-25.65947,27.96272,28.95,15.24,31.39,Quartzite,Consolidated,,22.21561138
Dept Water - Pretoria,2527DB00398,Borehole,-25.65947,27.96272,28.95,31.39,62.48,Quartzite,Consolidated,,22.21561138
Dept Water - Pretoria,2527DB00399,Borehole,-25.65946,27.96271,,0,1.21,SOIL,Unconsolidated,,22.21555729
Dept Water - Pretoria,2527DB00399,Borehole,-25.65946,27.96271,,1.21,9.75,Diabase,Consolidated,,22.21555729
Dept Water - Pretoria,2527DB00399,Borehole,-25.65946,27.96271,,9.75,11.27,Diabase,Consolidated,,22.21555729
Dept Water - Pretoria,2527DB00400,Borehole,-25.65945,27.9627,7.01,0,1.82,SOIL,Unconsolidated,,22.21550331
Dept Water - Pretoria,2527DB00400,Borehole,-25.65945,27.9627,7.01,1.82,16.15,Sandstone,Consolidated,,22.21550331
Dept Water - Pretoria,2527DB00400,Borehole,-25.65945,27.9627,7.01,16.15,17.06,Sandstone,Consolidated,,22.21550331
Dept Water - Pretoria,2527DB00401,Borehole,-25.65943,27.96268,24.99,0,1.21,SOIL,Unconsolidated,,22.21539568
Dept Water - Pretoria,2527DB00401,Borehole,-25.65943,27.96268,24.99,1.21,9.14,Sandstone,Consolidated,,22.21539568
Dept Water - Pretoria,2527DB00401,Borehole,-25.65943,27.96268,24.99,9.14,39.26,Shale,Consolidated,,22.21539568
Dept Water - Pretoria,2527DB00401,Borehole,-25.65943,27.96268,24.99,39.26,42.36,Quartzite,Consolidated,,22.21539568
Dept Water - Pretoria,2527DB00402,Borehole,-25.65942,27.96267,,0,4.87,SOIL,Unconsolidated,,22.21534204
Dept Water - Pretoria,2527DB00402,Borehole,-25.65942,27.96267,,4.87,12.19,Quartzite,Consolidated,,22.21534204
Dept Water - Pretoria,2527DB00402,Borehole,-25.65942,27.96267,,12.19,18.28,Quartzite,Consolidated,,22.21534204
Dept Water - Pretoria,2527DB00402,Borehole,-25.65942,27.96267,,18.28,18.89,Quartzite,Consolidated,,22.21534204
Dept Water - Pretoria,2527DB00402,Borehole,-25.65942,27.96267,,18.89,23.77,Quartzite,Consolidated,,22.21534204
Dept Water - Pretoria,2527DB00402,Borehole,-25.65942,27.96267,,23.77,35.35,Shale,Consolidated,,22.21534204
Dept Water - Pretoria,2527DB00402,Borehole,-25.65942,27.96267,,35.35,39.01,Shale,Consolidated,Soft,22.21534204
Dept Water - Pretoria,2527DB00402,Borehole,-25.65942,27.96267,,39.01,40.23,Shale,Consolidated,Hard,22.21534204
Dept Water - Pretoria,2527DB00402,Borehole,-25.65942,27.96267,,40.23,41.45,Quartzite,Consolidated,,22.21534204
Dept Water - Pretoria,2527DB00403,Borehole,-25.65941,27.96266,,0,3.96,SOIL,Unconsolidated,,22.2152885
Dept Water - Pretoria,2527DB00403,Borehole,-25.65941,27.96266,,3.96,7.01,Quartzite,Consolidated,,22.2152885
Dept Water - Pretoria,2527DB00404,Borehole,-25.6594,27.96265,12.19,0,3.04,SOIL,Unconsolidated,,22.21523508
Dept Water - Pretoria,2527DB00404,Borehole,-25.6594,27.96265,12.19,3.04,16.76,Shale,Consolidated,,22.21523508
Dept Water - Pretoria,2527DB00404,Borehole,-25.6594,27.96265,12.19,16.76,22.25,Shale,Consolidated,,22.21523508
Dept Water - Pretoria,2527DB00404,Borehole,-25.6594,27.96265,12.19,22.25,26.51,Shale,Consolidated,,22.21523508
Dept Water - Pretoria,2527DB00404,Borehole,-25.6594,27.96265,12.19,26.51,31.08,Quartzite,Consolidated,,22.21523508
Dept Water - Pretoria,2527DB00405,Borehole,-25.65939,27.96264,6.09,0,4.87,Sand,Unconsolidated,,22.21518177
Dept Water - Pretoria,2527DB00405,Borehole,-25.65939,27.96264,6.09,4.87,16.45,Quartzite,Consolidated,,22.21518177
Dept Water - Pretoria,2527DB00405,Borehole,-25.65939,27.96264,6.09,16.45,18.89,Quartzite,Consolidated,,22.21518177
Dept Water - Pretoria,2527DB00405,Borehole,-25.65939,27.96264,6.09,18.89,31.39,Quartzite,Consolidated,,22.21518177
Dept Water - Pretoria,2527DB00406,Borehole,-25.65938,27.96263,21.33,0,6.09,SOIL,Unconsolidated,,22.21512857
Dept Water - Pretoria,2527DB00406,Borehole,-25.65938,27.96263,21.33,6.09,13.71,Quartzite,Consolidated,,22.21512857
Dept Water - Pretoria,2527DB00406,Borehole,-25.65938,27.96263,21.33,13.71,25.6,Quartzite,Consolidated,,22.21512857
Dept Water - Pretoria,2527DB00406,Borehole,-25.65938,27.96263,21.33,25.6,35.35,Quartzite,Consolidated,,22.21512857
Dept Water - Pretoria,2527DB00407,Borehole,-25.65937,27.96262,21.33,0,6.09,SOIL,Unconsolidated,,22.21507548
Dept Water - Pretoria,2527DB00407,Borehole,-25.65937,27.96262,21.33,6.09,12.19,Quartzite,Consolidated,,22.21507548
Dept Water - Pretoria,2527DB00407,Borehole,-25.65937,27.96262,21.33,12.19,23.46,Quartzite,Consolidated,,22.21507548
Dept Water - Pretoria,2527DB00407,Borehole,-25.65937,27.96262,21.33,23.46,27.43,Diabase,Consolidated,,22.21507548
Dept Water - Pretoria,2527DB00407,Borehole,-25.65937,27.96262,21.33,27.43,31.39,Diabase,Consolidated,,22.21507548
Dept Water - Pretoria,2527DB00407,Borehole,-25.65937,27.96262,21.33,31.39,32,Diabase,Consolidated,,22.21507548
Dept Water - Pretoria,2527DB00407,Borehole,-25.65937,27.96262,21.33,32,34.74,Diabase,Consolidated,,22.21507548
Dept Water - Pretoria,2528CA00242,Borehole,-25.65871,28.08891,17.37,0,0.3,SOIL,Unconsolidated,,16.19341225
Dept Water - Pretoria,2528CA00242,Borehole,-25.65871,28.08891,17.37,0.3,7.62,Norite,Consolidated,,16.19341225
Dept Water - Pretoria,2528CA00242,Borehole,-25.65871,28.08891,17.37,7.62,13.41,Norite,Consolidated,,16.19341225
Dept Water - Pretoria,2528CA00242,Borehole,-25.65871,28.08891,17.37,13.41,22.25,Norite,Consolidated,Soft,16.19341225
Dept Water - Pretoria,2528CA00242,Borehole,-25.65871,28.08891,17.37,22.25,26.21,Norite,Consolidated,,16.19341225
Dept Water - Pretoria,2528CA00242,Borehole,-25.65871,28.08891,17.37,26.21,30.48,Norite,Consolidated,Hard,16.19341225
Dept Water - Pretoria,2528CA00241,Borehole,-25.6587,28.0889,19.81,0,10.66,Clay,Unconsolidated,,16.19237815
Dept Water - Pretoria,2528CA00241,Borehole,-25.6587,28.0889,19.81,10.66,31.39,Diabase,Consolidated,,16.19237815
Dept Water - Pretoria,2528CA00241,Borehole,-25.6587,28.0889,19.81,31.39,34.44,Sandstone,Consolidated,,16.19237815
Dept Water - Pretoria,2528CA00241,Borehole,-25.6587,28.0889,19.81,34.44,39.31,Diabase,Consolidated,,16.19237815
Dept Water - Pretoria,2528CA00241,Borehole,-25.6587,28.0889,19.81,39.31,44.19,Quartzite,Consolidated,,16.19237815
Dept Water - Pretoria,2528CA00241,Borehole,-25.6587,28.0889,19.81,44.19,47.24,Sandstone,Consolidated,,16.19237815
Dept Water - Pretoria,2528CA00241,Borehole,-25.6587,28.0889,19.81,47.24,56.69,Quartzite,Consolidated,,16.19237815
Dept Water - Pretoria,2528CA00240,Borehole,-25.65869,28.08889,5.18,0,0.6,SOIL,Unconsolidated,,16.19134413
Dept Water - Pretoria,2528CA00240,Borehole,-25.65869,28.08889,5.18,0.6,2.43,Quartzite,Consolidated,,16.19134413
Dept Water - Pretoria,2528CA00240,Borehole,-25.65869,28.08889,5.18,2.43,3.96,Shale,Consolidated,,16.19134413
Dept Water - Pretoria,2528CA00240,Borehole,-25.65869,28.08889,5.18,3.96,5.79,Shale,Consolidated,,16.19134413
Dept Water - Pretoria,2528CA00240,Borehole,-25.65869,28.08889,5.18,5.79,12.8,Diabase,Consolidated,,16.19134413
Dept Water - Pretoria,2528CA00240,Borehole,-25.65869,28.08889,5.18,12.8,18.28,Quartzite,Consolidated,,16.19134413
Dept Water - Pretoria,2528CA00240,Borehole,-25.65869,28.08889,5.18,18.28,19.2,Diabase,Consolidated,,16.19134413
Dept Water - Pretoria,2528CA00240,Borehole,-25.65869,28.08889,5.18,19.2,21.03,Diabase,Consolidated,Hard,16.19134413
Dept Water - Pretoria,2528CA00239,Borehole,-25.65868,28.08888,14.32,0,4.57,SOIL,Unconsolidated,,16.1903102
Dept Water - Pretoria,2528CA00239,Borehole,-25.65868,28.08888,14.32,4.57,5.18,Boulders,Unconsolidated,,16.1903102
Dept Water - Pretoria,2528CA00239,Borehole,-25.65868,28.08888,14.32,5.18,27.73,Quartzite,Consolidated,,16.1903102
Dept Water - Pretoria,2528CA00239,Borehole,-25.65868,28.08888,14.32,27.73,29.26,Quartzite,Consolidated,,16.1903102
Dept Water - Pretoria,2528CA00239,Borehole,-25.65868,28.08888,14.32,29.26,30.32,Diabase,Consolidated,,16.1903102
Dept Water - Pretoria,2528CA00238,Borehole,-25.65867,28.08887,20.42,0,16.76,Shale,Consolidated,,16.18927636
Dept Water - Pretoria,2528CA00238,Borehole,-25.65867,28.08887,20.42,16.76,51.81,Norite,Consolidated,,16.18927636
Dept Water - Pretoria,2528CA00243,Borehole,-25.65866,28.08886,,0,13.25,Shale,Consolidated,,16.1882426
Dept Water - Pretoria,2528CA00243,Borehole,-25.65866,28.08886,,13.25,110.94,Norite,Consolidated,,16.1882426
Dept Water - Pretoria,2528CA00245,Borehole,-25.65864,28.08884,8.84,0,4.87,SOIL,Unconsolidated,,16.18617535
Dept Water - Pretoria,2528CA00245,Borehole,-25.65864,28.08884,8.84,4.87,60.35,Granite,Consolidated,,16.18617535
Dept Water - Pretoria,2528CA00246,Borehole,-25.65863,28.08883,,0,18,Clay,Unconsolidated,,16.18514186
Dept Water - Pretoria,2528CA00246,Borehole,-25.65863,28.08883,,18,75,Diabase,Consolidated,Hard,16.18514186
Dept Water - Pretoria,2528CA00247,Borehole,-25.65862,28.08882,31,0,42,Clay,Unconsolidated,,16.18410845
Dept Water - Pretoria,2528CA00247,Borehole,-25.65862,28.08882,31,42,60,Quartzite,Consolidated,,16.18410845
Dept Water - Pretoria,2528CA00247,Borehole,-25.65862,28.08882,31,60,66,Granite,Consolidated,Hard,16.18410845
Dept Water - Pretoria,2528CA00248,Borehole,-25.65861,28.08881,,0,11,Diabase,Consolidated,,16.18307513
Dept Water - Pretoria,2528CA00248,Borehole,-25.65861,28.08881,,11,85,Diabase,Consolidated,,16.18307513
Dept Water - Pretoria,2528CA00249,Borehole,-25.6586,28.0888,8,0,1.5,SOIL,Unconsolidated,,16.1820419
Dept Water - Pretoria,2528CA00249,Borehole,-25.6586,28.0888,8,1.5,60,Shale,Consolidated,,16.1820419
Dept Water - Pretoria,2528CA00249,Borehole,-25.6586,28.0888,8,60,110,Sandstone & Shale,Consolidated,,16.1820419
Dept Water - Pretoria,2528CA00249,Borehole,-25.6586,28.0888,8,110,120,Sandstone,Consolidated,,16.1820419
Dept Water - Pretoria,2528CA00249,Borehole,-25.6586,28.0888,8,120,130,Sandstone & Shale,Consolidated,,16.1820419
Dept Water - Pretoria,2528CA00250,Borehole,-25.65859,28.08879,7.31,0,1.82,SOIL,Unconsolidated,,16.18100876
Dept Water - Pretoria,2528CA00250,Borehole,-25.65859,28.08879,7.31,1.82,28.34,Quartzite,Consolidated,Soft,16.18100876
Dept Water - Pretoria,2528CA00250,Borehole,-25.65859,28.08879,7.31,28.34,29.26,Quartzite,Consolidated,,16.18100876
Dept Water - Pretoria,2528CA00251,Borehole,-25.65858,28.08878,9.14,0,4.87,SOIL,Unconsolidated,,16.1799757
Dept Water - Pretoria,2528CA00251,Borehole,-25.65858,28.08878,9.14,4.87,16.76,Quartzite,Consolidated,Soft,16.1799757
Dept Water - Pretoria,2528CA00251,Borehole,-25.65858,28.08878,9.14,16.76,37.79,Quartzite,Consolidated,,16.1799757
Dept Water - Pretoria,2528CA00251,Borehole,-25.65858,28.08878,9.14,37.79,38.4,Quartzite,Consolidated,,16.1799757
Dept Water - Pretoria,2527DB00353,Borehole,-25.65737,27.9895,11.88,0,1.52,SOIL,Unconsolidated,,20.11215155
Dept Water - Pretoria,2527DB00353,Borehole,-25.65737,27.9895,11.88,1.52,7.92,Clay,Unconsolidated,,20.11215155
Dept Water - Pretoria,2527DB00353,Borehole,-25.65737,27.9895,11.88,7.92,27.12,Quartzite,Consolidated,,20.11215155
Dept Water - Pretoria,2527DB00353,Borehole,-25.65737,27.9895,11.88,27.12,40.53,Quartzite,Consolidated,,20.11215155
Dept Water - Pretoria,2527DB00352,Borehole,-25.65736,27.98949,11.27,0,0.91,SOIL,Unconsolidated,,20.11193973
Dept Water - Pretoria,2527DB00352,Borehole,-25.65736,27.98949,11.27,0.91,1.82,Sandstone,Consolidated,,20.11193973
Dept Water - Pretoria,2527DB00352,Borehole,-25.65736,27.98949,11.27,1.82,27.73,Quartzite,Consolidated,,20.11193973
Dept Water - Pretoria,2527DB00352,Borehole,-25.65736,27.98949,11.27,27.73,54.25,Quartzite,Consolidated,,20.11193973
Dept Water - Pretoria,2527DB00352,Borehole,-25.65736,27.98949,11.27,54.25,58.21,Diabase,Consolidated,,20.11193973
Dept Water - Pretoria,2527DB00351,Borehole,-25.65735,27.98948,6.09,0,2.13,SOIL,Unconsolidated,,20.11172804
Dept Water - Pretoria,2527DB00351,Borehole,-25.65735,27.98948,6.09,2.13,5.48,Gravel,Unconsolidated,,20.11172804
Dept Water - Pretoria,2527DB00351,Borehole,-25.65735,27.98948,6.09,5.48,7.92,Boulders,Unconsolidated,,20.11172804
Dept Water - Pretoria,2527DB00351,Borehole,-25.65735,27.98948,6.09,7.92,21.03,Sandstone,Consolidated,,20.11172804
Dept Water - Pretoria,2527DB00351,Borehole,-25.65735,27.98948,6.09,21.03,27.49,Shale,Consolidated,,20.11172804
Dept Water - Pretoria,2527DB00351,Borehole,-25.65735,27.98948,6.09,27.49,33.22,Quartzite,Consolidated,,20.11172804
Dept Water - Pretoria,2527DB00350,Borehole,-25.65734,27.98947,,0,3.65,SOIL,Unconsolidated,,20.11151646
Dept Water - Pretoria,2527DB00350,Borehole,-25.65734,27.98947,,3.65,6.09,Sandstone,Consolidated,,20.11151646
Dept Water - Pretoria,2527DB00350,Borehole,-25.65734,27.98947,,6.09,13.41,Sandstone,Consolidated,,20.11151646
Dept Water - Pretoria,2527DB00350,Borehole,-25.65734,27.98947,,13.41,20.11,Quartzite,Consolidated,,20.11151646
Dept Water - Pretoria,2527DB00349,Borehole,-25.65733,27.98946,8.83,0,16.76,Clay,Unconsolidated,,20.11130501
Dept Water - Pretoria,2527DB00349,Borehole,-25.65733,27.98946,8.83,16.76,23.46,Shale,Consolidated,,20.11130501
Dept Water - Pretoria,2527DB00349,Borehole,-25.65733,27.98946,8.83,23.46,26.51,Quartzite,Consolidated,,20.11130501
Dept Water - Pretoria,2527DB00349,Borehole,-25.65733,27.98946,8.83,26.51,30.48,Sandstone,Consolidated,,20.11130501
Dept Water - Pretoria,2527DB00348,Borehole,-25.65732,27.98945,21.33,0,0.6,SOIL,Unconsolidated,,20.11109368
Dept Water - Pretoria,2527DB00348,Borehole,-25.65732,27.98945,21.33,0.6,2.74,Boulders,Unconsolidated,,20.11109368
Dept Water - Pretoria,2527DB00348,Borehole,-25.65732,27.98945,21.33,2.74,18.59,Clay,Unconsolidated,,20.11109368
Dept Water - Pretoria,2527DB00348,Borehole,-25.65732,27.98945,21.33,18.59,21.64,Quartzite,Consolidated,,20.11109368
Dept Water - Pretoria,2527DB00348,Borehole,-25.65732,27.98945,21.33,21.64,24.38,Rubble,Unconsolidated,,20.11109368
Dept Water - Pretoria,2527DB00348,Borehole,-25.65732,27.98945,21.33,24.38,28.95,Diabase,Consolidated,,20.11109368
Dept Water - Pretoria,2527DB00348,Borehole,-25.65732,27.98945,21.33,28.95,29.87,Quartzite,Consolidated,,20.11109368
Dept Water - Pretoria,2527DB00347,Borehole,-25.65731,27.98944,,0,4.57,SOIL,Unconsolidated,,20.11088247
Dept Water - Pretoria,2527DB00347,Borehole,-25.65731,27.98944,,4.57,12.8,Diabase,Consolidated,,20.11088247
Dept Water - Pretoria,2527DB00347,Borehole,-25.65731,27.98944,,12.8,26.82,Diabase,Consolidated,,20.11088247
Dept Water - Pretoria,2527DB00347,Borehole,-25.65731,27.98944,,26.82,33.07,Diabase,Consolidated,,20.11088247
Dept Water - Pretoria,2527DB00347,Borehole,-25.65731,27.98944,,33.07,33.52,Quartzite,Consolidated,,20.11088247
Dept Water - Pretoria,2527DB00347,Borehole,-25.65731,27.98944,,33.52,37.79,Quartzite,Consolidated,,20.11088247
Dept Water - Pretoria,2527DB00346,Borehole,-25.6573,27.98943,24.38,0,0.3,SOIL,Unconsolidated,,20.11067138
Dept Water - Pretoria,2527DB00346,Borehole,-25.6573,27.98943,24.38,0.3,9.14,Shale,Consolidated,,20.11067138
Dept Water - Pretoria,2527DB00346,Borehole,-25.6573,27.98943,24.38,9.14,18.28,Clay,Unconsolidated,,20.11067138
Dept Water - Pretoria,2527DB00346,Borehole,-25.6573,27.98943,24.38,18.28,18.89,Quartzite,Consolidated,,20.11067138
Dept Water - Pretoria,2527DB00346,Borehole,-25.6573,27.98943,24.38,18.89,27.43,Diabase,Consolidated,,20.11067138
Dept Water - Pretoria,2527DB00346,Borehole,-25.6573,27.98943,24.38,27.43,38.7,Diabase,Consolidated,,20.11067138
Dept Water - Pretoria,2527DB00346,Borehole,-25.6573,27.98943,24.38,38.7,42.36,Quartzite,Consolidated,,20.11067138
Dept Water - Pretoria,2527DB00345,Borehole,-25.65729,27.98942,25.9,0,0.6,SOIL,Unconsolidated,,20.11046041
Dept Water - Pretoria,2527DB00345,Borehole,-25.65729,27.98942,25.9,0.6,8.22,Shale,Consolidated,,20.11046041
Dept Water - Pretoria,2527DB00345,Borehole,-25.65729,27.98942,25.9,8.22,22.86,Shale,Consolidated,,20.11046041
Dept Water - Pretoria,2527DB00345,Borehole,-25.65729,27.98942,25.9,22.86,30.48,Shale,Consolidated,,20.11046041
Dept Water - Pretoria,2527DB00345,Borehole,-25.65729,27.98942,25.9,30.48,33.52,Diabase,Consolidated,,20.11046041
Dept Water - Pretoria,2527DB00345,Borehole,-25.65729,27.98942,25.9,33.52,44.19,Diabase,Consolidated,,20.11046041
Dept Water - Pretoria,2527DB00357,Borehole,-25.65728,27.98941,24.38,0,1.52,SOIL,Unconsolidated,,20.11024956
Dept Water - Pretoria,2527DB00357,Borehole,-25.65728,27.98941,24.38,1.52,6.09,Quartzite,Consolidated,,20.11024956
Dept Water - Pretoria,2527DB00357,Borehole,-25.65728,27.98941,24.38,6.09,21.33,Quartzite,Consolidated,,20.11024956
Dept Water - Pretoria,2527DB00357,Borehole,-25.65728,27.98941,24.38,21.33,35.35,Quartzite,Consolidated,,20.11024956
Dept Water - Pretoria,2527DB00357,Borehole,-25.65728,27.98941,24.38,35.35,38.1,Diabase,Consolidated,,20.11024956
Dept Water - Pretoria,2527DB00354,Borehole,-25.65727,27.9894,2.13,0,2.74,Boulders,Unconsolidated,,20.11003884
Dept Water - Pretoria,2527DB00354,Borehole,-25.65727,27.9894,2.13,2.74,16.15,Clay,Unconsolidated,,20.11003884
Dept Water - Pretoria,2527DB00354,Borehole,-25.65727,27.9894,2.13,16.15,19.81,Boulders,Unconsolidated,,20.11003884
Dept Water - Pretoria,2527DB00354,Borehole,-25.65727,27.9894,2.13,19.81,22.4,Quartzite,Consolidated,,20.11003884
Dept Water - Pretoria,2527DB00355,Borehole,-25.65726,27.98939,23,0,25,Clay,Unconsolidated,,20.10982823
Dept Water - Pretoria,2527DB00355,Borehole,-25.65726,27.98939,23,25,56,Dolerite,Consolidated,,20.10982823
Dept Water - Pretoria,2527DB00355,Borehole,-25.65726,27.98939,23,56,70,Dolerite,Consolidated,Hard,20.10982823
Dept Water - Pretoria,2527DB00356,Borehole,-25.65725,27.98938,,0,15,Clay,Unconsolidated,,20.10961775
Dept Water - Pretoria,2527DB00356,Borehole,-25.65725,27.98938,,15,46,Granite,Consolidated,Hard,20.10961775
Dept Water - Pretoria,2527DB00204,Borehole,-25.65644,27.98941,10.67,0,2.44,SOIL,Unconsolidated,,20.03595131
Dept Water - Pretoria,2527DB00204,Borehole,-25.65644,27.98941,10.67,2.44,33.53,Shale,Consolidated,,20.03595131
Dept Water - Pretoria,2527DB00204,Borehole,-25.65644,27.98941,10.67,33.53,36.27,Diabase,Consolidated,,20.03595131
Dept Water - Pretoria,2527DB00204,Borehole,-25.65644,27.98941,10.67,36.27,36.88,Sandstone,Consolidated,,20.03595131
Dept Water - Pretoria,2527DB00286,Borehole,-25.65373,27.93302,,0,0.61,SOIL,Unconsolidated,,24.17349617
Dept Water - Pretoria,2527DB00286,Borehole,-25.65373,27.93302,,0.61,15.24,Clay,Unconsolidated,,24.17349617
Dept Water - Pretoria,2527DB00286,Borehole,-25.65373,27.93302,,15.24,18.29,Clay,Unconsolidated,,24.17349617
Dept Water - Pretoria,2527DB00286,Borehole,-25.65373,27.93302,,18.29,23.77,Norite,Consolidated,,24.17349617
Dept Water - Pretoria,2527DB00286,Borehole,-25.65373,27.93302,,23.77,26.52,Norite,Consolidated,,24.17349617
Dept Water - Pretoria,2527DB00286,Borehole,-25.65373,27.93302,,26.52,28.35,Norite,Consolidated,Hard,24.17349617
Dept Water - Pretoria,2527DB00284,Borehole,-25.65372,27.93302,,0,3.05,SOIL,Unconsolidated,,24.17277776
Dept Water - Pretoria,2527DB00284,Borehole,-25.65372,27.93302,,3.05,24.38,Diabase,Consolidated,,24.17277776
Dept Water - Pretoria,2527DB00282,Borehole,-25.65371,27.93302,17.68,0,3.05,SOIL,Unconsolidated,,24.17205938
Dept Water - Pretoria,2527DB00282,Borehole,-25.65371,27.93302,17.68,3.05,33.53,Diabase,Consolidated,,24.17205938
Dept Water - Pretoria,2527DB00247,Borehole,-25.6537,27.93302,17.07,0,0.91,SOIL,Unconsolidated,,24.17134103
Dept Water - Pretoria,2527DB00247,Borehole,-25.6537,27.93302,17.07,0.91,22.25,Norite,Consolidated,,24.17134103
Dept Water - Pretoria,2527DB00247,Borehole,-25.6537,27.93302,17.07,22.25,35.97,Norite,Consolidated,,24.17134103
Dept Water - Pretoria,2527DB00247,Borehole,-25.6537,27.93302,17.07,35.97,40.54,Norite,Consolidated,,24.17134103
Dept Water - Pretoria,2527DB00247,Borehole,-25.6537,27.93302,17.07,40.54,48.46,Norite,Consolidated,,24.17134103
Dept Water - Pretoria,2527DB00247,Borehole,-25.6537,27.93302,17.07,48.46,49.68,Norite,Consolidated,,24.17134103
Dept Water - Pretoria,2527DB00247,Borehole,-25.6537,27.93302,17.07,49.68,53.95,Norite,Consolidated,,24.17134103
Dept Water - Pretoria,2527DB00247,Borehole,-25.6537,27.93302,17.07,53.95,56.39,Norite,Consolidated,,24.17134103
Dept Water - Pretoria,2527DB00245,Borehole,-25.65369,27.93302,11.28,0,3.66,Tuff,Consolidated,,24.17062271
Dept Water - Pretoria,2527DB00245,Borehole,-25.65369,27.93302,11.28,3.66,23.77,Norite,Consolidated,,24.17062271
Dept Water - Pretoria,2527DB00210,Borehole,-25.65368,27.93302,18.59,0,1.22,SOIL,Unconsolidated,,24.16990442
Dept Water - Pretoria,2527DB00210,Borehole,-25.65368,27.93302,18.59,1.22,5.18,Quartzite,Consolidated,,24.16990442
Dept Water - Pretoria,2527DB00210,Borehole,-25.65368,27.93302,18.59,5.18,21.95,Norite,Consolidated,,24.16990442
Dept Water - Pretoria,2527DB00210,Borehole,-25.65368,27.93302,18.59,21.95,22.86,Boulders,Unconsolidated,,24.16990442
Dept Water - Pretoria,2527DB00210,Borehole,-25.65368,27.93302,18.59,22.86,26.21,Norite,Consolidated,,24.16990442
Dept Water - Pretoria,2527DB00210,Borehole,-25.65368,27.93302,18.59,26.21,28.35,Norite,Consolidated,Hard,24.16990442
Dept Water - Pretoria,2527DB00208,Borehole,-25.65367,27.93303,24.38,0,0.91,SOIL,Unconsolidated,,24.16833568
Dept Water - Pretoria,2527DB00208,Borehole,-25.65367,27.93303,24.38,0.91,25.6,Quartzite,Consolidated,,24.16833568
Dept Water - Pretoria,2527DB00208,Borehole,-25.65367,27.93303,24.38,25.6,34.14,Quartzite,Consolidated,,24.16833568
Dept Water - Pretoria,2527DB00208,Borehole,-25.65367,27.93303,24.38,34.14,41.76,Quartzite,Consolidated,,24.16833568
Dept Water - Pretoria,2527DB00208,Borehole,-25.65367,27.93303,24.38,41.76,44.5,Quartzite,Consolidated,,24.16833568
Dept Water - Pretoria,2527DB00208,Borehole,-25.65367,27.93303,24.38,44.5,48.78,Quartzite,Consolidated,Hard,24.16833568
Dept Water - Pretoria,2527DB00244,Borehole,-25.65367,27.93304,19.51,0,2.44,SOIL,Unconsolidated,,24.16748522
Dept Water - Pretoria,2527DB00244,Borehole,-25.65367,27.93304,19.51,2.44,8.53,Clay,Unconsolidated,,24.16748522
Dept Water - Pretoria,2527DB00244,Borehole,-25.65367,27.93304,19.51,8.53,32.31,Norite,Consolidated,,24.16748522
Dept Water - Pretoria,2527DB00244,Borehole,-25.65367,27.93304,19.51,32.31,32.92,Norite,Consolidated,,24.16748522
Dept Water - Pretoria,2527DB00246,Borehole,-25.65367,27.93305,1.83,0,1.22,SOIL,Unconsolidated,,24.16663478
Dept Water - Pretoria,2527DB00246,Borehole,-25.65367,27.93305,1.83,1.22,20.12,Norite,Consolidated,,24.16663478
Dept Water - Pretoria,2527DB00281,Borehole,-25.65367,27.93306,7.62,0,1.22,SOIL,Unconsolidated,,24.16578436
Dept Water - Pretoria,2527DB00281,Borehole,-25.65367,27.93306,7.62,1.22,13.41,Norite,Consolidated,,24.16578436
Dept Water - Pretoria,2527DB00283,Borehole,-25.65367,27.93307,10.97,0,1.83,SOIL,Unconsolidated,,24.16493396
Dept Water - Pretoria,2527DB00283,Borehole,-25.65367,27.93307,10.97,1.83,14.02,Quartzite,Consolidated,,24.16493396
Dept Water - Pretoria,2527DB00283,Borehole,-25.65367,27.93307,10.97,14.02,56.08,Quartzite,Consolidated,,24.16493396
Dept Water - Pretoria,2527DB00285,Borehole,-25.65367,27.93308,,0,0.91,SOIL,Unconsolidated,,24.16408359
Dept Water - Pretoria,2527DB00285,Borehole,-25.65367,27.93308,,0.91,16.76,Quartzite,Consolidated,,24.16408359
Dept Water - Pretoria,2527DB00285,Borehole,-25.65367,27.93308,,16.76,29.26,Quartzite,Consolidated,Hard,24.16408359
Dept Water - Pretoria,2527DB00287,Borehole,-25.65367,27.93309,,0,6.4,Boulders,Unconsolidated,,24.16323323
Dept Water - Pretoria,2527DB00209,Borehole,-25.65366,27.93302,21.34,0,1.22,SOIL,Unconsolidated,,24.16846793
Dept Water - Pretoria,2527DB00209,Borehole,-25.65366,27.93302,21.34,1.22,12.19,Quartzite,Consolidated,,24.16846793
Dept Water - Pretoria,2527DB00209,Borehole,-25.65366,27.93302,21.34,12.19,23.77,Norite,Consolidated,,24.16846793
Dept Water - Pretoria,2527DB00209,Borehole,-25.65366,27.93302,21.34,23.77,24.99,Norite,Consolidated,Hard,24.16846793
Dept Water - Pretoria,2527DB00209,Borehole,-25.65366,27.93302,21.34,24.99,25.6,Norite,Consolidated,,24.16846793
Dept Water - Pretoria,2527DB00209,Borehole,-25.65366,27.93302,21.34,25.6,26.82,Norite,Consolidated,,24.16846793
Dept Water - Pretoria,2527DB00209,Borehole,-25.65366,27.93302,21.34,26.82,28.36,Norite,Consolidated,Hard,24.16846793
Dept Water - Pretoria,2527DB00243,Borehole,-25.65361,27.93302,14.63,0,1.52,Gravel,Unconsolidated,,24.16487723
Dept Water - Pretoria,2527DB00243,Borehole,-25.65361,27.93302,14.63,1.52,4.57,Clay,Unconsolidated,,24.16487723
Dept Water - Pretoria,2527DB00243,Borehole,-25.65361,27.93302,14.63,4.57,16.47,Ferricrete,Consolidated,,24.16487723
Dept Water - Pretoria,2527DB00243,Borehole,-25.65361,27.93302,14.63,16.47,24.38,Diabase,Consolidated,,24.16487723
Dept Water - Pretoria,2527DB00243,Borehole,-25.65361,27.93302,14.63,24.38,39.62,Diabase,Consolidated,,24.16487723
Dept Water - Pretoria,2528CA00436,Borehole,-25.65075,28.00985,0.35,0,3.65,Boulders,Unconsolidated,,18.20459193
Dept Water - Pretoria,2528CA00436,Borehole,-25.65075,28.00985,0.35,3.65,7.62,Quartzite,Consolidated,,18.20459193
Dept Water - Pretoria,2528CA00436,Borehole,-25.65075,28.00985,0.35,7.62,11.58,Quartzite,Consolidated,,18.20459193
Dept Water - Pretoria,2528CA00436,Borehole,-25.65075,28.00985,0.35,11.58,13.71,Clay,Unconsolidated,,18.20459193
Dept Water - Pretoria,2528CA00436,Borehole,-25.65075,28.00985,0.35,13.71,15.54,Quartzite,Consolidated,,18.20459193
Dept Water - Pretoria,2528CA00436,Borehole,-25.65075,28.00985,0.35,15.54,18.59,Clay,Unconsolidated,,18.20459193
Dept Water - Pretoria,2528CA00436,Borehole,-25.65075,28.00985,0.35,18.59,23.46,Quartzite,Consolidated,,18.20459193
Dept Water - Pretoria,2528CA00435,Borehole,-25.65074,28.00984,19.81,0,1.82,SOIL,Unconsolidated,,18.20426445
Dept Water - Pretoria,2528CA00435,Borehole,-25.65074,28.00984,19.81,1.82,5.79,Sandstone,Consolidated,,18.20426445
Dept Water - Pretoria,2528CA00435,Borehole,-25.65074,28.00984,19.81,5.79,9.44,Clay,Unconsolidated,,18.20426445
Dept Water - Pretoria,2528CA00435,Borehole,-25.65074,28.00984,19.81,9.44,44.8,Diabase,Consolidated,,18.20426445
Dept Water - Pretoria,2528CA00434,Borehole,-25.65073,28.00983,,0,3.04,SOIL,Unconsolidated,,18.20393711
Dept Water - Pretoria,2528CA00434,Borehole,-25.65073,28.00983,,3.04,42.36,Quartzite,Consolidated,,18.20393711
Dept Water - Pretoria,2528CA00433,Borehole,-25.65072,28.00982,15.24,0,4.57,SOIL,Unconsolidated,,18.2036099
Dept Water - Pretoria,2528CA00433,Borehole,-25.65072,28.00982,15.24,4.57,34.13,Diabase,Consolidated,,18.2036099
Dept Water - Pretoria,2528CA00432,Borehole,-25.65071,28.00981,34.13,0,3.65,Sandstone,Consolidated,,18.20328281
Dept Water - Pretoria,2528CA00432,Borehole,-25.65071,28.00981,34.13,3.65,6.7,Diabase,Consolidated,,18.20328281
Dept Water - Pretoria,2528CA00432,Borehole,-25.65071,28.00981,34.13,6.7,61.26,Diabase,Consolidated,,18.20328281
Dept Water - Pretoria,2528CA00431,Borehole,-25.6507,28.0098,16.76,0,11.27,Sandstone,Consolidated,,18.20295586
Dept Water - Pretoria,2528CA00431,Borehole,-25.6507,28.0098,16.76,11.27,14.02,Norite,Consolidated,,18.20295586
Dept Water - Pretoria,2528CA00431,Borehole,-25.6507,28.0098,16.76,14.02,21.03,Sandstone,Consolidated,,18.20295586
Dept Water - Pretoria,2528CA00431,Borehole,-25.6507,28.0098,16.76,21.03,23.16,Norite,Consolidated,,18.20295586
Dept Water - Pretoria,2528CA00431,Borehole,-25.6507,28.0098,16.76,23.16,76.8,Norite,Consolidated,,18.20295586
Dept Water - Pretoria,2528CA00430,Borehole,-25.65069,28.00979,,0,24.99,Quartzite,Consolidated,,18.20262904
Dept Water - Pretoria,2528CA00429,Borehole,-25.65068,28.00978,,0,15.2,Clay,Unconsolidated,,18.20230234
Dept Water - Pretoria,2528CA00429,Borehole,-25.65068,28.00978,,15.2,27.5,Granite,Consolidated,,18.20230234
Dept Water - Pretoria,2528CA00428,Borehole,-25.65067,28.00977,,0,6,Clay,Unconsolidated,,18.20197578
Dept Water - Pretoria,2528CA00428,Borehole,-25.65067,28.00977,,6,36,Granite,Consolidated,,18.20197578
Dept Water - Pretoria,2528CA00427,Borehole,-25.65066,28.00976,,0,10.8,Clay,Unconsolidated,,18.20164935
Dept Water - Pretoria,2528CA00427,Borehole,-25.65066,28.00976,,10.8,60,Granite,Consolidated,Hard,18.20164935
Dept Water - Pretoria,2528CA00426,Borehole,-25.65065,28.00975,13.71,0,21.33,Quartzite,Consolidated,,18.20132305
Dept Water - Pretoria,2528CA00426,Borehole,-25.65065,28.00975,13.71,21.33,64,Quartzite,Consolidated,,18.20132305
Dept Water - Pretoria,2528CA00426,Borehole,-25.65065,28.00975,13.71,64,65.53,Diabase,Consolidated,,18.20132305
Dept Water - Pretoria,2528CA00425,Borehole,-25.65064,28.00974,,0,4.87,Sandstone,Consolidated,,18.20099687
Dept Water - Pretoria,2528CA00424,Borehole,-25.65063,28.00973,16.15,0,1.21,SOIL,Unconsolidated,,18.20067083
Dept Water - Pretoria,2528CA00424,Borehole,-25.65063,28.00973,16.15,1.21,39.31,Sandstone,Consolidated,,18.20067083
Dept Water - Pretoria,2528CA00424,Borehole,-25.65063,28.00973,16.15,39.31,55.47,Diabase,Consolidated,,18.20067083
Dept Water - Pretoria,2528CA00423,Borehole,-25.65061,28.00971,39.62,0,1.21,SOIL,Unconsolidated,,18.20001914
Dept Water - Pretoria,2528CA00423,Borehole,-25.65061,28.00971,39.62,1.21,65.22,Shale,Consolidated,,18.20001914
Dept Water - Pretoria,2528CA00423,Borehole,-25.65061,28.00971,39.62,65.22,74.67,Shale,Consolidated,,18.20001914
Dept Water - Pretoria,2528CA00423,Borehole,-25.65061,28.00971,39.62,74.67,83.51,Granite,Consolidated,,18.20001914
Dept Water - Pretoria,2528CA00070,Borehole,-25.65061,28.18304,,0,24,Granite,Consolidated,,17.89990328
Dept Water - Pretoria,2528CA00070,Borehole,-25.65061,28.18304,,24,200,Granite,Consolidated,,17.89990328
Dept Water - Pretoria,2528CA00438,Borehole,-25.65058,28.00968,17,0,16.7,Clay,Unconsolidated,,18.19904258
Dept Water - Pretoria,2528CA00438,Borehole,-25.65058,28.00968,17,16.7,36.6,Shale,Consolidated,Hard,18.19904258
Dept Water - Pretoria,2528CA00438,Borehole,-25.65058,28.00968,17,36.6,73,Mudstone,Consolidated,,18.19904258
Dept Water - Pretoria,2528CA00439,Borehole,-25.65057,28.00967,20,0,9.7,Clay,Unconsolidated,,18.19871732
Dept Water - Pretoria,2528CA00439,Borehole,-25.65057,28.00967,20,9.7,106.5,Granite,Consolidated,Hard,18.19871732
Dept Water - Pretoria,2528CA00440,Borehole,-25.65056,28.00966,10,0,26,Clay,Unconsolidated,,18.19839219
Dept Water - Pretoria,2528CA00440,Borehole,-25.65056,28.00966,10,26,45.5,Granite,Consolidated,Hard,18.19839219
Dept Water - Pretoria,2528CA00441,Borehole,-25.65055,28.00965,24.99,0,0.91,SOIL,Unconsolidated,,18.19806719
Dept Water - Pretoria,2528CA00441,Borehole,-25.65055,28.00965,24.99,0.91,25.9,Clay,Unconsolidated,,18.19806719
Dept Water - Pretoria,2528CA00441,Borehole,-25.65055,28.00965,24.99,25.9,27.73,Boulders,Unconsolidated,,18.19806719
Dept Water - Pretoria,2528CA00441,Borehole,-25.65055,28.00965,24.99,27.73,29.56,Clay,Unconsolidated,,18.19806719
Dept Water - Pretoria,2528CA00441,Borehole,-25.65055,28.00965,24.99,29.56,31.08,Quartzite,Consolidated,,18.19806719
Dept Water - Pretoria,2528CA00441,Borehole,-25.65055,28.00965,24.99,31.08,36.88,Clay,Unconsolidated,,18.19806719
Dept Water - Pretoria,2528CA00441,Borehole,-25.65055,28.00965,24.99,36.88,40.53,Diabase,Consolidated,,18.19806719
Dept Water - Pretoria,2528CA00443,Borehole,-25.65053,28.00963,27.43,,,,,,18.19741759
Dept Water - Pretoria,2528CA00626,Borehole,-25.64867,28.17778,6.09,0,2.13,SOIL,Unconsolidated,,17.41374129
Dept Water - Pretoria,2528CA00626,Borehole,-25.64867,28.17778,6.09,2.13,17.67,Diabase,Consolidated,,17.41374129
Dept Water - Pretoria,2528CA00625,Borehole,-25.64866,28.17777,12.19,0,15.24,Norite,Consolidated,,17.41221864
Dept Water - Pretoria,2528CA00625,Borehole,-25.64866,28.17777,12.19,15.24,60.04,Norite,Consolidated,,17.41221864
Dept Water - Pretoria,2528CA00624,Borehole,-25.64865,28.17776,,0,16.76,NO SAMPLE,,,17.410696
Dept Water - Pretoria,2528CA00624,Borehole,-25.64865,28.17776,,16.76,32.91,Magnetite Gabbro,Consolidated,,17.410696
Dept Water - Pretoria,2528CA00624,Borehole,-25.64865,28.17776,,32.91,66.14,Norite,Consolidated,,17.410696
Dept Water - Pretoria,2528CA00622,Borehole,-25.64863,28.17774,,0,1.82,SOIL,Unconsolidated,,17.40765075
Dept Water - Pretoria,2528CA00622,Borehole,-25.64863,28.17774,,1.82,55.16,Norite,Consolidated,,17.40765075
Dept Water - Pretoria,2528CA00621,Borehole,-25.64862,28.17773,,0,15.54,Boulders,Unconsolidated,,17.40612814
Dept Water - Pretoria,2528CA00620,Borehole,-25.64861,28.17772,,0,25.29,Norite,Consolidated,Hard,17.40460553
Dept Water - Pretoria,2528CA00619,Borehole,-25.6486,28.17771,36.57,0,36.57,Norite,Consolidated,,17.40308294
Dept Water - Pretoria,2528CA00618,Borehole,-25.64859,28.1777,21.34,0,15.24,Norite,Consolidated,,17.40156035
Dept Water - Pretoria,2528CA00618,Borehole,-25.64859,28.1777,21.34,15.24,57.91,Norite,Consolidated,,17.40156035
Dept Water - Pretoria,2528CA00618,Borehole,-25.64859,28.1777,21.34,57.91,62.48,Magnetite Gabbro,Consolidated,,17.40156035
Dept Water - Pretoria,2528CA00617,Borehole,-25.64858,28.17769,,0,60.96,Granite,Consolidated,,17.40003778
Dept Water - Pretoria,2528CA00616,Borehole,-25.64857,28.17768,,0,83.82,Granite,Consolidated,,17.39851521
Dept Water - Pretoria,2528CA00615,Borehole,-25.64856,28.17767,,0,9.14,Granite,Consolidated,,17.39699266
Dept Water - Pretoria,2528CA00615,Borehole,-25.64856,28.17767,,9.14,91.44,Granite,Consolidated,,17.39699266
Dept Water - Pretoria,2528CA00613,Borehole,-25.64853,28.17764,21.34,0,36.27,Norite,Consolidated,,17.39242504
Dept Water - Pretoria,2528CA00613,Borehole,-25.64853,28.17764,21.34,36.27,65.22,Norite,Consolidated,,17.39242504
Dept Water - Pretoria,2528CA00612,Borehole,-25.64852,28.17763,,0,3.04,Norite,Consolidated,,17.39090252
Dept Water - Pretoria,2528CA00612,Borehole,-25.64852,28.17763,,3.04,30.48,Norite,Consolidated,,17.39090252
Dept Water - Pretoria,2528CA00611,Borehole,-25.64851,28.17762,10.36,0,18.28,Norite,Consolidated,,17.38938001
Dept Water - Pretoria,2528CA00611,Borehole,-25.64851,28.17762,10.36,18.28,60.96,Norite,Consolidated,,17.38938001
Dept Water - Pretoria,2528CA00610,Borehole,-25.6485,28.17761,,0,12.19,Boulders,Unconsolidated,,17.38785751
Dept Water - Pretoria,2528CA00610,Borehole,-25.6485,28.17761,,12.19,60.96,Norite,Consolidated,,17.38785751
Dept Water - Pretoria,2528CA00609,Borehole,-25.64849,28.1776,,0,18.28,Norite,Consolidated,,17.38633502
Dept Water - Pretoria,2528CA00609,Borehole,-25.64849,28.1776,,18.28,51.81,Norite,Consolidated,,17.38633502
Dept Water - Pretoria,2528CA00609,Borehole,-25.64849,28.1776,,51.81,64,Norite,Consolidated,,17.38633502
Dept Water - Pretoria,2528CA00609,Borehole,-25.64849,28.1776,,64,65.22,Norite,Consolidated,,17.38633502
Dept Water - Pretoria,2528CA00607,Borehole,-25.64847,28.17758,0.91,0,2.43,Tuff,Consolidated,,17.38329006
Dept Water - Pretoria,2528CA00607,Borehole,-25.64847,28.17758,0.91,2.43,9.14,Gravel,Unconsolidated,,17.38329006
Dept Water - Pretoria,2528CA00607,Borehole,-25.64847,28.17758,0.91,9.14,13.71,Boulders,Unconsolidated,,17.38329006
Dept Water - Pretoria,2528CA00607,Borehole,-25.64847,28.17758,0.91,13.71,22.86,Norite,Consolidated,,17.38329006
Dept Water - Pretoria,2528CA00607,Borehole,-25.64847,28.17758,0.91,22.86,44.5,Norite,Consolidated,,17.38329006
Dept Water - Pretoria,2528CA00605,Borehole,-25.64844,28.17755,18.28,0,2.13,SOIL,Unconsolidated,,17.37872269
Dept Water - Pretoria,2528CA00605,Borehole,-25.64844,28.17755,18.28,2.13,30.48,Norite,Consolidated,,17.37872269
Dept Water - Pretoria,2528CA00605,Borehole,-25.64844,28.17755,18.28,30.48,33.52,Norite,Consolidated,,17.37872269
Dept Water - Pretoria,2528CA00602,Borehole,-25.64841,28.17752,5.48,0,1.21,SOIL,Unconsolidated,,17.37415541
Dept Water - Pretoria,2528CA00602,Borehole,-25.64841,28.17752,5.48,1.21,30.48,Norite,Consolidated,,17.37415541
Dept Water - Pretoria,2528CA00602,Borehole,-25.64841,28.17752,5.48,30.48,31.69,Norite,Consolidated,,17.37415541
Dept Water - Pretoria,2528CA00600,Borehole,-25.64839,28.1775,,0,5.18,SOIL,Unconsolidated,,17.3711106
Dept Water - Pretoria,2528CA00600,Borehole,-25.64839,28.1775,,5.18,6.4,Norite,Consolidated,,17.3711106
Dept Water - Pretoria,2528CA00600,Borehole,-25.64839,28.1775,,6.4,17.67,Norite,Consolidated,,17.3711106
Dept Water - Pretoria,2528CA00600,Borehole,-25.64839,28.1775,,17.67,49.68,Norite,Consolidated,Hard,17.3711106
Dept Water - Pretoria,2528CA00627,Borehole,-25.64837,28.17748,,0,38.1,Diabase,Consolidated,,17.36806583
Dept Water - Pretoria,2528CA00628,Borehole,-25.64836,28.17747,18.28,0,9.75,Tuff,Consolidated,,17.36654345
Dept Water - Pretoria,2528CA00628,Borehole,-25.64836,28.17747,18.28,9.75,17.37,Granite,Consolidated,,17.36654345
Dept Water - Pretoria,2528CA00628,Borehole,-25.64836,28.17747,18.28,17.37,25.9,Diabase,Consolidated,,17.36654345
Dept Water - Pretoria,2528CA00629,Borehole,-25.64835,28.17746,24.38,0,3.04,SOIL,Unconsolidated,,17.36502109
Dept Water - Pretoria,2528CA00629,Borehole,-25.64835,28.17746,24.38,3.04,16.76,Norite,Consolidated,,17.36502109
Dept Water - Pretoria,2528CA00629,Borehole,-25.64835,28.17746,24.38,16.76,60.35,Norite,Consolidated,,17.36502109
Dept Water - Pretoria,2528CA00630,Borehole,-25.64834,28.17745,8.53,0,1.21,SOIL,Unconsolidated,,17.36349874
Dept Water - Pretoria,2528CA00630,Borehole,-25.64834,28.17745,8.53,1.21,6.09,Norite,Consolidated,,17.36349874
Dept Water - Pretoria,2528CA00630,Borehole,-25.64834,28.17745,8.53,6.09,24.99,Norite,Consolidated,,17.36349874
Dept Water - Pretoria,2528CA00566,Borehole,-25.64833,28.17744,5.36,0,2.74,SOIL,Unconsolidated,,17.36197639
Dept Water - Pretoria,2528CA00566,Borehole,-25.64833,28.17744,5.36,2.74,45.72,Norite,Consolidated,,17.36197639
Dept Water - Pretoria,2528CA00567,Borehole,-25.64832,28.17743,10.97,0,1.21,SOIL,Unconsolidated,,17.36045406
Dept Water - Pretoria,2528CA00567,Borehole,-25.64832,28.17743,10.97,1.21,7.92,Norite,Consolidated,,17.36045406
Dept Water - Pretoria,2528CA00567,Borehole,-25.64832,28.17743,10.97,7.92,46.32,Norite,Consolidated,,17.36045406
Dept Water - Pretoria,2528CA00568,Borehole,-25.64831,28.17742,3.05,0,2.13,SOIL,Unconsolidated,,17.35893173
Dept Water - Pretoria,2528CA00568,Borehole,-25.64831,28.17742,3.05,2.13,7.92,Norite,Consolidated,,17.35893173
Dept Water - Pretoria,2528CA00568,Borehole,-25.64831,28.17742,3.05,7.92,31.39,Norite,Consolidated,,17.35893173
Dept Water - Pretoria,2528CA00569,Borehole,-25.6483,28.17741,,0,1.52,Clay,Unconsolidated,,17.35740941
Dept Water - Pretoria,2528CA00569,Borehole,-25.6483,28.17741,,1.52,7.31,Granite,Consolidated,Hard,17.35740941
Dept Water - Pretoria,2528CA00571,Borehole,-25.64828,28.17739,,0,1.52,Boulders,Unconsolidated,,17.35436481
Dept Water - Pretoria,2528CA00571,Borehole,-25.64828,28.17739,,1.52,60.96,Granite,Consolidated,,17.35436481
Dept Water - Pretoria,2528CA00572,Borehole,-25.64827,28.17738,9.14,0,0.3,SOIL,Unconsolidated,,17.35284252
Dept Water - Pretoria,2528CA00572,Borehole,-25.64827,28.17738,9.14,0.3,74.98,Granite,Consolidated,,17.35284252
Dept Water - Pretoria,2528CA00573,Borehole,-25.64826,28.17737,18.29,0,1.21,SOIL,Unconsolidated,,17.35132024
Dept Water - Pretoria,2528CA00573,Borehole,-25.64826,28.17737,18.29,1.21,25.6,Norite,Consolidated,,17.35132024
Dept Water - Pretoria,2528CA00573,Borehole,-25.64826,28.17737,18.29,25.6,39.62,Norite,Consolidated,,17.35132024
Dept Water - Pretoria,2528CA00574,Borehole,-25.64825,28.17736,,0,1.82,SOIL,Unconsolidated,,17.34979797
Dept Water - Pretoria,2528CA00574,Borehole,-25.64825,28.17736,,1.82,5.48,Norite,Consolidated,,17.34979797
Dept Water - Pretoria,2528CA00574,Borehole,-25.64825,28.17736,,5.48,30.78,Norite,Consolidated,,17.34979797
Dept Water - Pretoria,2528CA00575,Borehole,-25.64824,28.17735,,0,2.13,SOIL,Unconsolidated,,17.34827571
Dept Water - Pretoria,2528CA00575,Borehole,-25.64824,28.17735,,2.13,17.98,Norite,Consolidated,,17.34827571
Dept Water - Pretoria,2528CA00575,Borehole,-25.64824,28.17735,,17.98,25.29,Norite,Consolidated,,17.34827571
Dept Water - Pretoria,2528CA00576,Borehole,-25.64823,28.17734,,0,1.21,SOIL,Unconsolidated,,17.34675346
Dept Water - Pretoria,2528CA00576,Borehole,-25.64823,28.17734,,1.21,20.14,Norite,Consolidated,,17.34675346
Dept Water - Pretoria,2528CA00576,Borehole,-25.64823,28.17734,,20.14,29.56,Norite,Consolidated,,17.34675346
Dept Water - Pretoria,2528CA00577,Borehole,-25.64822,28.17733,,0,1.21,SOIL,Unconsolidated,,17.34523122
Dept Water - Pretoria,2528CA00577,Borehole,-25.64822,28.17733,,1.21,20.11,Norite,Consolidated,,17.34523122
Dept Water - Pretoria,2528CA00577,Borehole,-25.64822,28.17733,,20.11,29.56,Norite,Consolidated,,17.34523122
Dept Water - Pretoria,2528CA00578,Borehole,-25.64821,28.17732,,0,3.04,SOIL,Unconsolidated,,17.34370898
Dept Water - Pretoria,2528CA00578,Borehole,-25.64821,28.17732,,3.04,9.14,Norite,Consolidated,,17.34370898
Dept Water - Pretoria,2528CA00578,Borehole,-25.64821,28.17732,,9.14,30.48,Norite,Consolidated,,17.34370898
Dept Water - Pretoria,2528CA00579,Borehole,-25.6482,28.17731,,0,0.91,SOIL,Unconsolidated,,17.34218676
Dept Water - Pretoria,2528CA00579,Borehole,-25.6482,28.17731,,0.91,10.36,Norite,Consolidated,,17.34218676
Dept Water - Pretoria,2528CA00579,Borehole,-25.6482,28.17731,,10.36,14.02,Norite,Consolidated,,17.34218676
Dept Water - Pretoria,2528CA00580,Borehole,-25.64819,28.1773,,0,4.87,Clay,Unconsolidated,,17.34066454
Dept Water - Pretoria,2528CA00580,Borehole,-25.64819,28.1773,,4.87,18.28,Norite,Consolidated,,17.34066454
Dept Water - Pretoria,2528CA00580,Borehole,-25.64819,28.1773,,18.28,62.48,Norite,Consolidated,,17.34066454
Dept Water - Pretoria,2528CA00581,Borehole,-25.64818,28.17729,,0,1.21,Tuff,Consolidated,,17.33914234
Dept Water - Pretoria,2528CA00581,Borehole,-25.64818,28.17729,,1.21,3.04,Norite,Consolidated,,17.33914234
Dept Water - Pretoria,2528CA00581,Borehole,-25.64818,28.17729,,3.04,84.12,Norite,Consolidated,,17.33914234
Dept Water - Pretoria,2528CA00582,Borehole,-25.64817,28.17728,,0,1.21,Tuff,Consolidated,,17.33762014
Dept Water - Pretoria,2528CA00582,Borehole,-25.64817,28.17728,,1.21,3.65,Norite,Consolidated,,17.33762014
Dept Water - Pretoria,2528CA00582,Borehole,-25.64817,28.17728,,3.65,86.56,Norite,Consolidated,,17.33762014
Dept Water - Pretoria,2528CA00583,Borehole,-25.64816,28.17727,6.09,0,0.91,SOIL,Unconsolidated,,17.33609796
Dept Water - Pretoria,2528CA00583,Borehole,-25.64816,28.17727,6.09,0.91,2.43,Rubble,Unconsolidated,,17.33609796
Dept Water - Pretoria,2528CA00583,Borehole,-25.64816,28.17727,6.09,2.43,5.48,Norite,Consolidated,,17.33609796
Dept Water - Pretoria,2528CA00583,Borehole,-25.64816,28.17727,6.09,5.48,6.7,Sand,Unconsolidated,,17.33609796
Dept Water - Pretoria,2528CA00583,Borehole,-25.64816,28.17727,6.09,6.7,14.93,Norite,Consolidated,,17.33609796
Dept Water - Pretoria,2528CA00583,Borehole,-25.64816,28.17727,6.09,14.93,21.94,Norite,Consolidated,,17.33609796
Dept Water - Pretoria,2528CA00583,Borehole,-25.64816,28.17727,6.09,21.94,22.86,Diabase,Consolidated,,17.33609796
Dept Water - Pretoria,2528CA00583,Borehole,-25.64816,28.17727,6.09,22.86,32,Norite,Consolidated,,17.33609796
Dept Water - Pretoria,2528CA00584,Borehole,-25.64815,28.17726,6.09,0,0.91,SOIL,Unconsolidated,,17.33457578
Dept Water - Pretoria,2528CA00584,Borehole,-25.64815,28.17726,6.09,0.91,14.32,Norite,Consolidated,,17.33457578
Dept Water - Pretoria,2528CA00584,Borehole,-25.64815,28.17726,6.09,14.32,23.77,Norite,Consolidated,,17.33457578
Dept Water - Pretoria,2528CA00588,Borehole,-25.64811,28.17722,3.96,0,1.21,SOIL,Unconsolidated,,17.32848716
Dept Water - Pretoria,2528CA00588,Borehole,-25.64811,28.17722,3.96,1.21,6.09,Norite,Consolidated,,17.32848716
Dept Water - Pretoria,2528CA00588,Borehole,-25.64811,28.17722,3.96,6.09,15.42,Sand,Unconsolidated,,17.32848716
Dept Water - Pretoria,2528CA00588,Borehole,-25.64811,28.17722,3.96,15.42,30.96,Norite,Consolidated,,17.32848716
Dept Water - Pretoria,2528CA00608,Borehole,-25.64148,28.17759,,0,16.15,Tuff,Consolidated,,16.71634417
Dept Water - Pretoria,2528CA00608,Borehole,-25.64148,28.17759,,16.15,91.44,Norite,Consolidated,,16.71634417
Dept Water - Pretoria,2528CA00379,Borehole,-25.6368,28.15558,24.07,0,9.14,Sandstone,Consolidated,,15.09798498
Dept Water - Pretoria,2528CA00379,Borehole,-25.6368,28.15558,24.07,9.14,34.74,Norite,Consolidated,,15.09798498
Dept Water - Pretoria,2528CA00378,Borehole,-25.63675,28.15557,,0,7.62,Norite,Consolidated,,15.09246321
Dept Water - Pretoria,2528CA00378,Borehole,-25.63675,28.15557,,7.62,20.11,Norite,Consolidated,,15.09246321
Dept Water - Pretoria,2528CA00378,Borehole,-25.63675,28.15557,,20.11,23.77,Diabase,Consolidated,,15.09246321
Dept Water - Pretoria,2528CA00381,Borehole,-25.63674,28.15553,27.43,0,0.91,SOIL,Unconsolidated,,15.08959103
Dept Water - Pretoria,2528CA00381,Borehole,-25.63674,28.15553,27.43,0.91,26.51,Norite,Consolidated,,15.08959103
Dept Water - Pretoria,2528CA00381,Borehole,-25.63674,28.15553,27.43,26.51,45.72,Norite,Consolidated,Hard,15.08959103
Dept Water - Pretoria,2528CA00381,Borehole,-25.63674,28.15553,27.43,45.72,47.85,Norite,Consolidated,,15.08959103
Dept Water - Pretoria,2528CA00381,Borehole,-25.63674,28.15553,27.43,47.85,52.12,Norite,Consolidated,Hard,15.08959103
Dept Water - Pretoria,2528CA00377,Borehole,-25.63674,28.15556,,0,2.43,SOIL,Unconsolidated,,15.09098661
Dept Water - Pretoria,2528CA00377,Borehole,-25.63674,28.15556,,2.43,24.99,Norite,Consolidated,,15.09098661
Dept Water - Pretoria,2528CA00377,Borehole,-25.63674,28.15556,,24.99,27.73,Norite,Consolidated,,15.09098661
Dept Water - Pretoria,2528CA00376,Borehole,-25.63673,28.15555,24.99,0,3.04,SOIL,Unconsolidated,,15.08951003
Dept Water - Pretoria,2528CA00376,Borehole,-25.63673,28.15555,24.99,3.04,20.72,Norite,Consolidated,,15.08951003
Dept Water - Pretoria,2528CA00376,Borehole,-25.63673,28.15555,24.99,20.72,42.06,Norite,Consolidated,,15.08951003
Dept Water - Pretoria,2528CA00380,Borehole,-25.63673,28.15559,,0,7.92,Clay,Unconsolidated,,15.09137161
Dept Water - Pretoria,2528CA00380,Borehole,-25.63673,28.15559,,7.92,43.89,Norite,Consolidated,,15.09137161
Dept Water - Pretoria,2528CA00375,Borehole,-25.63672,28.15554,25.9,0,3.04,SOIL,Unconsolidated,,15.08803347
Dept Water - Pretoria,2528CA00375,Borehole,-25.63672,28.15554,25.9,3.04,32.61,Norite,Consolidated,,15.08803347
Dept Water - Pretoria,2528CA00375,Borehole,-25.63672,28.15554,25.9,32.61,37.49,Norite,Consolidated,,15.08803347
Dept Water - Pretoria,2528CA00375,Borehole,-25.63672,28.15554,25.9,37.49,48.76,Norite,Consolidated,,15.08803347
Dept Water - Gauteng,2528CA00022,Borehole,-25.63395,28.08444,25.68,,,,,,13.49522463
Dept Water - Gauteng,2528CA00022,Borehole,-25.63395,28.08444,25.71,,,,,,13.49522463
Dept Water - Gauteng,2528CA00022,Borehole,-25.63395,28.08444,25.74,,,,,,13.49522463
Dept Water - Gauteng,2528CA00022,Borehole,-25.63395,28.08444,25.76,,,,,,13.49522463
Dept Water - Gauteng,2528CA00022,Borehole,-25.63395,28.08444,25.77,,,,,,13.49522463
Dept Water - Gauteng,2528CA00022,Borehole,-25.63395,28.08444,25.8,,,,,,13.49522463
Dept Water - Gauteng,2528CA00022,Borehole,-25.63395,28.08444,25.81,,,,,,13.49522463
Dept Water - Gauteng,2528CA00022,Borehole,-25.63395,28.08444,25.82,,,,,,13.49522463
Dept Water - Gauteng,2528CA00022,Borehole,-25.63395,28.08444,25.86,,,,,,13.49522463
Dept Water - Gauteng,2528CA00022,Borehole,-25.63395,28.08444,25.87,,,,,,13.49522463
Dept Water - Gauteng,2528CA00022,Borehole,-25.63395,28.08444,25.89,,,,,,13.49522463
Dept Water - Gauteng,2528CA00022,Borehole,-25.63395,28.08444,25.92,,,,,,13.49522463
Dept Water - Gauteng,2528CA00022,Borehole,-25.63395,28.08444,25.96,,,,,,13.49522463
Dept Water - Gauteng,2528CA00022,Borehole,-25.63395,28.08444,25.97,,,,,,13.49522463
Dept Water - Gauteng,2528CA00022,Borehole,-25.63395,28.08444,25.98,,,,,,13.49522463
Dept Water - Gauteng,2528CA00022,Borehole,-25.63395,28.08444,26,,,,,,13.49522463
Dept Water - Gauteng,2528CA00022,Borehole,-25.63395,28.08444,26.01,,,,,,13.49522463
Dept Water - Gauteng,2528CA00022,Borehole,-25.63395,28.08444,26.03,,,,,,13.49522463
Dept Water - Gauteng,2528CA00022,Borehole,-25.63395,28.08444,26.04,,,,,,13.49522463
Dept Water - Gauteng,2528CA00022,Borehole,-25.63395,28.08444,26.05,,,,,,13.49522463
Dept Water - Gauteng,2528CA00022,Borehole,-25.63395,28.08444,26.06,,,,,,13.49522463
Dept Water - Gauteng,2528CA00022,Borehole,-25.63395,28.08444,26.07,,,,,,13.49522463
Dept Water - Gauteng,2528CA00022,Borehole,-25.63395,28.08444,26.09,,,,,,13.49522463
Dept Water - Gauteng,2528CA00022,Borehole,-25.63395,28.08444,26.1,,,,,,13.49522463
Dept Water - Gauteng,2528CA00022,Borehole,-25.63395,28.08444,26.12,,,,,,13.49522463
Dept Water - Gauteng,2528CA00022,Borehole,-25.63395,28.08444,26.14,,,,,,13.49522463
Dept Water - Gauteng,2528CA00022,Borehole,-25.63395,28.08444,26.15,,,,,,13.49522463
Dept Water - Gauteng,2528CA00022,Borehole,-25.63395,28.08444,26.16,,,,,,13.49522463
Dept Water - Gauteng,2528CA00022,Borehole,-25.63395,28.08444,26.17,,,,,,13.49522463
Dept Water - Gauteng,2528CA00022,Borehole,-25.63395,28.08444,26.18,,,,,,13.49522463
Dept Water - Gauteng,2528CA00022,Borehole,-25.63395,28.08444,26.19,,,,,,13.49522463
Dept Water - Gauteng,2528CA00022,Borehole,-25.63395,28.08444,26.2,,,,,,13.49522463
Dept Water - Gauteng,2528CA00022,Borehole,-25.63395,28.08444,26.21,,,,,,13.49522463
Dept Water - Gauteng,2528CA00022,Borehole,-25.63395,28.08444,26.22,,,,,,13.49522463
Dept Water - Gauteng,2528CA00022,Borehole,-25.63395,28.08444,26.23,,,,,,13.49522463
Dept Water - Gauteng,2528CA00022,Borehole,-25.63395,28.08444,26.24,,,,,,13.49522463
Dept Water - Gauteng,2528CA00022,Borehole,-25.63395,28.08444,26.25,,,,,,13.49522463
Dept Water - Gauteng,2528CA00022,Borehole,-25.63395,28.08444,26.26,,,,,,13.49522463
Dept Water - Gauteng,2528CA00022,Borehole,-25.63395,28.08444,26.28,,,,,,13.49522463
Dept Water - Gauteng,2528CA00022,Borehole,-25.63395,28.08444,26.29,,,,,,13.49522463
Dept Water - Gauteng,2528CA00022,Borehole,-25.63395,28.08444,26.3,,,,,,13.49522463
Dept Water - Gauteng,2528CA00022,Borehole,-25.63395,28.08444,26.31,,,,,,13.49522463
Dept Water - Gauteng,2528CA00022,Borehole,-25.63395,28.08444,26.32,,,,,,13.49522463
Dept Water - Gauteng,2528CA00022,Borehole,-25.63395,28.08444,26.33,,,,,,13.49522463
Dept Water - Gauteng,2528CA00022,Borehole,-25.63395,28.08444,26.34,,,,,,13.49522463
Dept Water - Gauteng,2528CA00022,Borehole,-25.63395,28.08444,26.35,,,,,,13.49522463
Dept Water - Gauteng,2528CA00022,Borehole,-25.63395,28.08444,26.36,,,,,,13.49522463
Dept Water - Gauteng,2528CA00022,Borehole,-25.63395,28.08444,26.38,,,,,,13.49522463
Dept Water - Gauteng,2528CA00022,Borehole,-25.63395,28.08444,26.39,,,,,,13.49522463
Dept Water - Gauteng,2528CA00022,Borehole,-25.63395,28.08444,26.4,,,,,,13.49522463
Dept Water - Gauteng,2528CA00022,Borehole,-25.63395,28.08444,26.41,,,,,,13.49522463
Dept Water - Gauteng,2528CA00022,Borehole,-25.63395,28.08444,26.42,,,,,,13.49522463
Dept Water - Gauteng,2528CA00022,Borehole,-25.63395,28.08444,26.43,,,,,,13.49522463
Dept Water - Gauteng,2528CA00022,Borehole,-25.63395,28.08444,26.44,,,,,,13.49522463
Dept Water - Gauteng,2528CA00022,Borehole,-25.63395,28.08444,26.46,,,,,,13.49522463
Dept Water - Gauteng,2528CA00022,Borehole,-25.63395,28.08444,26.47,,,,,,13.49522463
Dept Water - Gauteng,2528CA00022,Borehole,-25.63395,28.08444,26.49,,,,,,13.49522463
Dept Water - Gauteng,2528CA00022,Borehole,-25.63395,28.08444,26.5,,,,,,13.49522463
Dept Water - Gauteng,2528CA00022,Borehole,-25.63395,28.08444,26.51,,,,,,13.49522463
Dept Water - Gauteng,2528CA00022,Borehole,-25.63395,28.08444,26.52,,,,,,13.49522463
Dept Water - Gauteng,2528CA00022,Borehole,-25.63395,28.08444,26.53,,,,,,13.49522463
Dept Water - Gauteng,2528CA00022,Borehole,-25.63395,28.08444,26.54,,,,,,13.49522463
Dept Water - Gauteng,2528CA00022,Borehole,-25.63395,28.08444,26.55,,,,,,13.49522463
Dept Water - Gauteng,2528CA00022,Borehole,-25.63395,28.08444,26.56,,,,,,13.49522463
Dept Water - Gauteng,2528CA00022,Borehole,-25.63395,28.08444,26.57,,,,,,13.49522463
Dept Water - Gauteng,2528CA00022,Borehole,-25.63395,28.08444,26.58,,,,,,13.49522463
Dept Water - Gauteng,2528CA00022,Borehole,-25.63395,28.08444,26.59,,,,,,13.49522463
Dept Water - Gauteng,2528CA00022,Borehole,-25.63395,28.08444,26.6,,,,,,13.49522463
Dept Water - Gauteng,2528CA00022,Borehole,-25.63395,28.08444,26.61,,,,,,13.49522463
Dept Water - Gauteng,2528CA00022,Borehole,-25.63395,28.08444,26.62,,,,,,13.49522463
Dept Water - Gauteng,2528CA00022,Borehole,-25.63395,28.08444,26.63,,,,,,13.49522463
Dept Water - Gauteng,2528CA00022,Borehole,-25.63395,28.08444,26.64,,,,,,13.49522463
Dept Water - Gauteng,2528CA00022,Borehole,-25.63395,28.08444,26.65,,,,,,13.49522463
Dept Water - Gauteng,2528CA00022,Borehole,-25.63395,28.08444,26.66,,,,,,13.49522463
Dept Water - Gauteng,2528CA00022,Borehole,-25.63395,28.08444,26.67,,,,,,13.49522463
Dept Water - Gauteng,2528CA00022,Borehole,-25.63395,28.08444,26.68,,,,,,13.49522463
Dept Water - Gauteng,2528CA00022,Borehole,-25.63395,28.08444,26.69,,,,,,13.49522463
Dept Water - Gauteng,2528CA00022,Borehole,-25.63395,28.08444,26.7,,,,,,13.49522463
Dept Water - Gauteng,2528CA00022,Borehole,-25.63395,28.08444,26.71,,,,,,13.49522463
Dept Water - Gauteng,2528CA00022,Borehole,-25.63395,28.08444,26.72,,,,,,13.49522463
Dept Water - Gauteng,2528CA00022,Borehole,-25.63395,28.08444,26.73,,,,,,13.49522463
Dept Water - Gauteng,2528CA00022,Borehole,-25.63395,28.08444,26.74,,,,,,13.49522463
Dept Water - Gauteng,2528CA00022,Borehole,-25.63395,28.08444,26.75,,,,,,13.49522463
Dept Water - Gauteng,2528CA00022,Borehole,-25.63395,28.08444,26.76,,,,,,13.49522463
Dept Water - Gauteng,2528CA00022,Borehole,-25.63395,28.08444,26.77,,,,,,13.49522463
Dept Water - Gauteng,2528CA00022,Borehole,-25.63395,28.08444,26.78,,,,,,13.49522463
Dept Water - Gauteng,2528CA00022,Borehole,-25.63395,28.08444,26.79,,,,,,13.49522463
Dept Water - Gauteng,2528CA00022,Borehole,-25.63395,28.08444,26.8,,,,,,13.49522463
Dept Water - Gauteng,2528CA00022,Borehole,-25.63395,28.08444,26.81,,,,,,13.49522463
Dept Water - Gauteng,2528CA00022,Borehole,-25.63395,28.08444,26.82,,,,,,13.49522463
Dept Water - Gauteng,2528CA00022,Borehole,-25.63395,28.08444,26.83,,,,,,13.49522463
Dept Water - Gauteng,2528CA00022,Borehole,-25.63395,28.08444,26.84,,,,,,13.49522463
Dept Water - Gauteng,2528CA00022,Borehole,-25.63395,28.08444,26.85,,,,,,13.49522463
Dept Water - Gauteng,2528CA00022,Borehole,-25.63395,28.08444,26.86,,,,,,13.49522463
Dept Water - Gauteng,2528CA00022,Borehole,-25.63395,28.08444,26.87,,,,,,13.49522463
Dept Water - Gauteng,2528CA00022,Borehole,-25.63395,28.08444,26.88,,,,,,13.49522463
Dept Water - Gauteng,2528CA00022,Borehole,-25.63395,28.08444,26.89,,,,,,13.49522463
Dept Water - Gauteng,2528CA00022,Borehole,-25.63395,28.08444,26.9,,,,,,13.49522463
Dept Water - Gauteng,2528CA00022,Borehole,-25.63395,28.08444,26.91,,,,,,13.49522463
Dept Water - Gauteng,2528CA00022,Borehole,-25.63395,28.08444,26.92,,,,,,13.49522463
Dept Water - Gauteng,2528CA00022,Borehole,-25.63395,28.08444,26.93,,,,,,13.49522463
Dept Water - Gauteng,2528CA00022,Borehole,-25.63395,28.08444,26.94,,,,,,13.49522463
Dept Water - Gauteng,2528CA00022,Borehole,-25.63395,28.08444,26.95,,,,,,13.49522463
Dept Water - Gauteng,2528CA00022,Borehole,-25.63395,28.08444,26.96,,,,,,13.49522463
Dept Water - Gauteng,2528CA00022,Borehole,-25.63395,28.08444,26.97,,,,,,13.49522463
Dept Water - Gauteng,2528CA00022,Borehole,-25.63395,28.08444,26.98,,,,,,13.49522463
Dept Water - Gauteng,2528CA00022,Borehole,-25.63395,28.08444,26.99,,,,,,13.49522463
Dept Water - Gauteng,2528CA00022,Borehole,-25.63395,28.08444,27,,,,,,13.49522463
Dept Water - Gauteng,2528CA00022,Borehole,-25.63395,28.08444,27.01,,,,,,13.49522463
Dept Water - Gauteng,2528CA00022,Borehole,-25.63395,28.08444,27.02,,,,,,13.49522463
Dept Water - Gauteng,2528CA00022,Borehole,-25.63395,28.08444,27.03,,,,,,13.49522463
Dept Water - Gauteng,2528CA00022,Borehole,-25.63395,28.08444,27.04,,,,,,13.49522463
Dept Water - Gauteng,2528CA00022,Borehole,-25.63395,28.08444,27.05,,,,,,13.49522463
Dept Water - Gauteng,2528CA00022,Borehole,-25.63395,28.08444,27.06,,,,,,13.49522463
Dept Water - Gauteng,2528CA00022,Borehole,-25.63395,28.08444,27.07,,,,,,13.49522463
Dept Water - Gauteng,2528CA00022,Borehole,-25.63395,28.08444,27.08,,,,,,13.49522463
Dept Water - Gauteng,2528CA00022,Borehole,-25.63395,28.08444,27.09,,,,,,13.49522463
Dept Water - Gauteng,2528CA00022,Borehole,-25.63395,28.08444,27.1,,,,,,13.49522463
Dept Water - Gauteng,2528CA00022,Borehole,-25.63395,28.08444,27.11,,,,,,13.49522463
Dept Water - Gauteng,2528CA00022,Borehole,-25.63395,28.08444,27.12,,,,,,13.49522463
Dept Water - Gauteng,2528CA00022,Borehole,-25.63395,28.08444,27.13,,,,,,13.49522463
Dept Water - Gauteng,2528CA00022,Borehole,-25.63395,28.08444,27.14,,,,,,13.49522463
Dept Water - Gauteng,2528CA00022,Borehole,-25.63395,28.08444,27.15,,,,,,13.49522463
Dept Water - Gauteng,2528CA00022,Borehole,-25.63395,28.08444,27.16,,,,,,13.49522463
Dept Water - Gauteng,2528CA00022,Borehole,-25.63395,28.08444,27.17,,,,,,13.49522463
Dept Water - Gauteng,2528CA00022,Borehole,-25.63395,28.08444,27.18,,,,,,13.49522463
Dept Water - Gauteng,2528CA00022,Borehole,-25.63395,28.08444,27.19,,,,,,13.49522463
Dept Water - Gauteng,2528CA00022,Borehole,-25.63395,28.08444,27.2,,,,,,13.49522463
Dept Water - Gauteng,2528CA00022,Borehole,-25.63395,28.08444,27.21,,,,,,13.49522463
Dept Water - Gauteng,2528CA00022,Borehole,-25.63395,28.08444,27.22,,,,,,13.49522463
Dept Water - Gauteng,2528CA00022,Borehole,-25.63395,28.08444,27.23,,,,,,13.49522463
Dept Water - Gauteng,2528CA00022,Borehole,-25.63395,28.08444,27.24,,,,,,13.49522463
Dept Water - Gauteng,2528CA00022,Borehole,-25.63395,28.08444,27.25,,,,,,13.49522463
Dept Water - Gauteng,2528CA00022,Borehole,-25.63395,28.08444,27.26,,,,,,13.49522463
Dept Water - Gauteng,2528CA00022,Borehole,-25.63395,28.08444,27.27,,,,,,13.49522463
Dept Water - Gauteng,2528CA00022,Borehole,-25.63395,28.08444,27.28,,,,,,13.49522463
Dept Water - Gauteng,2528CA00022,Borehole,-25.63395,28.08444,27.29,,,,,,13.49522463
Dept Water - Gauteng,2528CA00022,Borehole,-25.63395,28.08444,27.3,,,,,,13.49522463
Dept Water - Gauteng,2528CA00022,Borehole,-25.63395,28.08444,27.31,,,,,,13.49522463
Dept Water - Gauteng,2528CA00022,Borehole,-25.63395,28.08444,27.32,,,,,,13.49522463
Dept Water - Gauteng,2528CA00022,Borehole,-25.63395,28.08444,27.33,,,,,,13.49522463
Dept Water - Gauteng,2528CA00022,Borehole,-25.63395,28.08444,27.34,,,,,,13.49522463
Dept Water - Gauteng,2528CA00022,Borehole,-25.63395,28.08444,27.35,,,,,,13.49522463
Dept Water - Gauteng,2528CA00022,Borehole,-25.63395,28.08444,27.36,,,,,,13.49522463
Dept Water - Gauteng,2528CA00022,Borehole,-25.63395,28.08444,27.37,,,,,,13.49522463
Dept Water - Gauteng,2528CA00022,Borehole,-25.63395,28.08444,27.38,,,,,,13.49522463
Dept Water - Gauteng,2528CA00022,Borehole,-25.63395,28.08444,27.39,,,,,,13.49522463
Dept Water - Gauteng,2528CA00022,Borehole,-25.63395,28.08444,27.4,,,,,,13.49522463
Dept Water - Gauteng,2528CA00022,Borehole,-25.63395,28.08444,27.42,,,,,,13.49522463
Dept Water - Gauteng,2528CA00022,Borehole,-25.63395,28.08444,27.43,,,,,,13.49522463
Dept Water - Gauteng,2528CA00022,Borehole,-25.63395,28.08444,27.44,,,,,,13.49522463
Dept Water - Gauteng,2528CA00022,Borehole,-25.63395,28.08444,27.46,,,,,,13.49522463
Dept Water - Gauteng,2528CA00022,Borehole,-25.63395,28.08444,27.47,,,,,,13.49522463
Dept Water - Gauteng,2528CA00022,Borehole,-25.63395,28.08444,27.48,,,,,,13.49522463
Dept Water - Gauteng,2528CA00022,Borehole,-25.63395,28.08444,27.5,,,,,,13.49522463
Dept Water - Gauteng,2528CA00022,Borehole,-25.63395,28.08444,27.51,,,,,,13.49522463
Dept Water - Gauteng,2528CA00022,Borehole,-25.63395,28.08444,27.52,,,,,,13.49522463
Dept Water - Gauteng,2528CA00022,Borehole,-25.63395,28.08444,27.53,,,,,,13.49522463
Dept Water - Gauteng,2528CA00022,Borehole,-25.63395,28.08444,27.54,,,,,,13.49522463
Dept Water - Gauteng,2528CA00022,Borehole,-25.63395,28.08444,27.55,,,,,,13.49522463
Dept Water - Gauteng,2528CA00022,Borehole,-25.63395,28.08444,27.59,,,,,,13.49522463
Dept Water - Gauteng,2528CA00022,Borehole,-25.63395,28.08444,27.61,,,,,,13.49522463
Dept Water - Gauteng,2528CA00022,Borehole,-25.63395,28.08444,27.66,,,,,,13.49522463
Dept Water - Gauteng,2528CA00022,Borehole,-25.63395,28.08444,27.68,,,,,,13.49522463
Dept Water - Gauteng,2528CA00022,Borehole,-25.63395,28.08444,27.71,,,,,,13.49522463
Dept Water - Gauteng,2528CA00022,Borehole,-25.63395,28.08444,27.73,,,,,,13.49522463
Dept Water - Gauteng,2528CA00022,Borehole,-25.63395,28.08444,27.76,,,,,,13.49522463
Dept Water - Gauteng,2528CA00022,Borehole,-25.63395,28.08444,27.77,,,,,,13.49522463
Dept Water - Gauteng,2528CA00022,Borehole,-25.63395,28.08444,27.78,,,,,,13.49522463
Dept Water - Gauteng,2528CA00022,Borehole,-25.63395,28.08444,27.8,,,,,,13.49522463
Dept Water - Gauteng,2528CA00022,Borehole,-25.63395,28.08444,27.81,,,,,,13.49522463
Dept Water - Gauteng,2528CA00022,Borehole,-25.63395,28.08444,27.82,,,,,,13.49522463
Dept Water - Gauteng,2528CA00022,Borehole,-25.63395,28.08444,27.83,,,,,,13.49522463
Dept Water - Gauteng,2528CA00022,Borehole,-25.63395,28.08444,27.84,,,,,,13.49522463
Dept Water - Gauteng,2528CA00022,Borehole,-25.63395,28.08444,27.85,,,,,,13.49522463
Dept Water - Gauteng,2528CA00022,Borehole,-25.63395,28.08444,27.86,,,,,,13.49522463
Dept Water - Gauteng,2528CA00022,Borehole,-25.63395,28.08444,27.87,,,,,,13.49522463
Dept Water - Gauteng,2528CA00022,Borehole,-25.63395,28.08444,27.88,,,,,,13.49522463
Dept Water - Gauteng,2528CA00022,Borehole,-25.63395,28.08444,27.89,,,,,,13.49522463
Dept Water - Gauteng,2528CA00022,Borehole,-25.63395,28.08444,27.9,,,,,,13.49522463
Dept Water - Gauteng,2528CA00022,Borehole,-25.63395,28.08444,27.91,,,,,,13.49522463
Dept Water - Gauteng,2528CA00022,Borehole,-25.63395,28.08444,27.92,,,,,,13.49522463
Dept Water - Gauteng,2528CA00022,Borehole,-25.63395,28.08444,27.93,,,,,,13.49522463
Dept Water - Gauteng,2528CA00022,Borehole,-25.63395,28.08444,27.94,,,,,,13.49522463
Dept Water - Gauteng,2528CA00022,Borehole,-25.63395,28.08444,27.95,,,,,,13.49522463
Dept Water - Gauteng,2528CA00022,Borehole,-25.63395,28.08444,27.96,,,,,,13.49522463
Dept Water - Gauteng,2528CA00022,Borehole,-25.63395,28.08444,27.97,,,,,,13.49522463
Dept Water - Gauteng,2528CA00022,Borehole,-25.63395,28.08444,27.98,,,,,,13.49522463
Dept Water - Gauteng,2528CA00022,Borehole,-25.63395,28.08444,27.99,,,,,,13.49522463
Dept Water - Gauteng,2528CA00022,Borehole,-25.63395,28.08444,28.01,,,,,,13.49522463
Dept Water - Gauteng,2528CA00022,Borehole,-25.63395,28.08444,28.02,,,,,,13.49522463
Dept Water - Gauteng,2528CA00022,Borehole,-25.63395,28.08444,28.04,,,,,,13.49522463
Dept Water - Gauteng,2528CA00022,Borehole,-25.63395,28.08444,28.09,,,,,,13.49522463
Dept Water - Gauteng,2528CA00022,Borehole,-25.63395,28.08444,28.11,,,,,,13.49522463
Dept Water - Gauteng,2528CA00022,Borehole,-25.63395,28.08444,28.13,,,,,,13.49522463
Dept Water - Gauteng,2528CA00022,Borehole,-25.63395,28.08444,28.15,,,,,,13.49522463
Dept Water - Gauteng,2528CA00022,Borehole,-25.63395,28.08444,28.16,,,,,,13.49522463
Dept Water - Gauteng,2528CA00022,Borehole,-25.63395,28.08444,28.17,,,,,,13.49522463
Dept Water - Gauteng,2528CA00022,Borehole,-25.63395,28.08444,28.18,,,,,,13.49522463
Dept Water - Gauteng,2528CA00022,Borehole,-25.63395,28.08444,28.19,,,,,,13.49522463
Dept Water - Gauteng,2528CA00022,Borehole,-25.63395,28.08444,28.21,,,,,,13.49522463
Dept Water - Gauteng,2528CA00022,Borehole,-25.63395,28.08444,28.22,,,,,,13.49522463
Dept Water - Gauteng,2528CA00022,Borehole,-25.63395,28.08444,28.25,,,,,,13.49522463
Dept Water - Gauteng,2528CA00022,Borehole,-25.63395,28.08444,28.31,,,,,,13.49522463
Dept Water - Gauteng,2528CA00022,Borehole,-25.63395,28.08444,28.33,,,,,,13.49522463
Dept Water - Gauteng,2528CA00022,Borehole,-25.63395,28.08444,28.34,,,,,,13.49522463
Dept Water - Gauteng,2528CA00022,Borehole,-25.63395,28.08444,28.35,,,,,,13.49522463
Dept Water - Gauteng,2528CA00022,Borehole,-25.63395,28.08444,28.36,,,,,,13.49522463
Dept Water - Gauteng,2528CA00022,Borehole,-25.63395,28.08444,28.37,,,,,,13.49522463
Dept Water - Gauteng,2528CA00022,Borehole,-25.63395,28.08444,28.38,,,,,,13.49522463
Dept Water - Gauteng,2528CA00022,Borehole,-25.63395,28.08444,28.42,,,,,,13.49522463
Dept Water - Gauteng,2528CA00022,Borehole,-25.63395,28.08444,28.43,,,,,,13.49522463
Dept Water - Gauteng,2528CA00022,Borehole,-25.63395,28.08444,28.44,,,,,,13.49522463
Dept Water - Gauteng,2528CA00022,Borehole,-25.63395,28.08444,28.45,,,,,,13.49522463
Dept Water - Gauteng,2528CA00022,Borehole,-25.63395,28.08444,28.47,,,,,,13.49522463
Dept Water - Gauteng,2528CA00022,Borehole,-25.63395,28.08444,28.48,,,,,,13.49522463
Dept Water - Gauteng,2528CA00022,Borehole,-25.63395,28.08444,28.49,,,,,,13.49522463
Dept Water - Gauteng,2528CA00022,Borehole,-25.63395,28.08444,28.5,,,,,,13.49522463
Dept Water - Gauteng,2528CA00022,Borehole,-25.63395,28.08444,28.51,,,,,,13.49522463
Dept Water - Gauteng,2528CA00022,Borehole,-25.63395,28.08444,28.52,,,,,,13.49522463
Dept Water - Gauteng,2528CA00022,Borehole,-25.63395,28.08444,28.53,,,,,,13.49522463
Dept Water - Gauteng,2528CA00022,Borehole,-25.63395,28.08444,28.54,,,,,,13.49522463
Dept Water - Gauteng,2528CA00022,Borehole,-25.63395,28.08444,28.55,,,,,,13.49522463
Dept Water - Gauteng,2528CA00022,Borehole,-25.63395,28.08444,28.56,,,,,,13.49522463
Dept Water - Gauteng,2528CA00022,Borehole,-25.63395,28.08444,28.57,,,,,,13.49522463
Dept Water - Gauteng,2528CA00022,Borehole,-25.63395,28.08444,28.58,,,,,,13.49522463
Dept Water - Gauteng,2528CA00022,Borehole,-25.63395,28.08444,28.59,,,,,,13.49522463
Dept Water - Gauteng,2528CA00022,Borehole,-25.63395,28.08444,28.6,,,,,,13.49522463
Dept Water - Gauteng,2528CA00022,Borehole,-25.63395,28.08444,28.61,,,,,,13.49522463
Dept Water - Gauteng,2528CA00022,Borehole,-25.63395,28.08444,28.62,,,,,,13.49522463
Dept Water - Gauteng,2528CA00022,Borehole,-25.63395,28.08444,28.63,,,,,,13.49522463
Dept Water - Gauteng,2528CA00022,Borehole,-25.63395,28.08444,28.64,,,,,,13.49522463
Dept Water - Gauteng,2528CA00022,Borehole,-25.63395,28.08444,28.65,,,,,,13.49522463
Dept Water - Gauteng,2528CA00022,Borehole,-25.63395,28.08444,28.66,,,,,,13.49522463
Dept Water - Gauteng,2528CA00022,Borehole,-25.63395,28.08444,28.67,,,,,,13.49522463
Dept Water - Gauteng,2528CA00022,Borehole,-25.63395,28.08444,28.68,,,,,,13.49522463
Dept Water - Gauteng,2528CA00022,Borehole,-25.63395,28.08444,28.69,,,,,,13.49522463
Dept Water - Gauteng,2528CA00022,Borehole,-25.63395,28.08444,28.7,,,,,,13.49522463
Dept Water - Gauteng,2528CA00022,Borehole,-25.63395,28.08444,28.71,,,,,,13.49522463
Dept Water - Gauteng,2528CA00022,Borehole,-25.63395,28.08444,28.72,,,,,,13.49522463
Dept Water - Gauteng,2528CA00022,Borehole,-25.63395,28.08444,28.73,,,,,,13.49522463
Dept Water - Gauteng,2528CA00022,Borehole,-25.63395,28.08444,28.74,,,,,,13.49522463
Dept Water - Gauteng,2528CA00022,Borehole,-25.63395,28.08444,28.75,,,,,,13.49522463
Dept Water - Gauteng,2528CA00022,Borehole,-25.63395,28.08444,28.76,,,,,,13.49522463
Dept Water - Gauteng,2528CA00022,Borehole,-25.63395,28.08444,28.77,,,,,,13.49522463
Dept Water - Gauteng,2528CA00022,Borehole,-25.63395,28.08444,28.78,,,,,,13.49522463
Dept Water - Gauteng,2528CA00022,Borehole,-25.63395,28.08444,28.79,,,,,,13.49522463
Dept Water - Gauteng,2528CA00022,Borehole,-25.63395,28.08444,28.8,,,,,,13.49522463
Dept Water - Gauteng,2528CA00022,Borehole,-25.63395,28.08444,28.81,,,,,,13.49522463
Dept Water - Gauteng,2528CA00022,Borehole,-25.63395,28.08444,28.83,,,,,,13.49522463
Dept Water - Gauteng,2528CA00022,Borehole,-25.63395,28.08444,28.84,,,,,,13.49522463
Dept Water - Gauteng,2528CA00022,Borehole,-25.63395,28.08444,28.85,,,,,,13.49522463
Dept Water - Gauteng,2528CA00022,Borehole,-25.63395,28.08444,28.86,,,,,,13.49522463
Dept Water - Gauteng,2528CA00022,Borehole,-25.63395,28.08444,28.88,,,,,,13.49522463
Dept Water - Gauteng,2528CA00022,Borehole,-25.63395,28.08444,28.9,,,,,,13.49522463
Dept Water - Gauteng,2528CA00022,Borehole,-25.63395,28.08444,28.91,,,,,,13.49522463
Dept Water - Gauteng,2528CA00022,Borehole,-25.63395,28.08444,28.92,,,,,,13.49522463
Dept Water - Gauteng,2528CA00022,Borehole,-25.63395,28.08444,28.93,,,,,,13.49522463
Dept Water - Gauteng,2528CA00022,Borehole,-25.63395,28.08444,28.94,,,,,,13.49522463
Dept Water - Gauteng,2528CA00022,Borehole,-25.63395,28.08444,28.96,,,,,,13.49522463
Dept Water - Gauteng,2528CA00022,Borehole,-25.63395,28.08444,28.97,,,,,,13.49522463
Dept Water - Gauteng,2528CA00022,Borehole,-25.63395,28.08444,28.98,,,,,,13.49522463
Dept Water - Gauteng,2528CA00022,Borehole,-25.63395,28.08444,29.01,,,,,,13.49522463
Dept Water - Gauteng,2528CA00022,Borehole,-25.63395,28.08444,29.04,,,,,,13.49522463
Dept Water - Gauteng,2528CA00022,Borehole,-25.63395,28.08444,29.05,,,,,,13.49522463
Dept Water - Gauteng,2528CA00022,Borehole,-25.63395,28.08444,29.06,,,,,,13.49522463
Dept Water - Gauteng,2528CA00022,Borehole,-25.63395,28.08444,29.07,,,,,,13.49522463
Dept Water - Gauteng,2528CA00022,Borehole,-25.63395,28.08444,29.08,,,,,,13.49522463
Dept Water - Gauteng,2528CA00022,Borehole,-25.63395,28.08444,29.09,,,,,,13.49522463
Dept Water - Gauteng,2528CA00022,Borehole,-25.63395,28.08444,29.1,,,,,,13.49522463
Dept Water - Gauteng,2528CA00022,Borehole,-25.63395,28.08444,29.11,,,,,,13.49522463
Dept Water - Gauteng,2528CA00022,Borehole,-25.63395,28.08444,29.12,,,,,,13.49522463
Dept Water - Gauteng,2528CA00022,Borehole,-25.63395,28.08444,29.13,,,,,,13.49522463
Dept Water - Gauteng,2528CA00022,Borehole,-25.63395,28.08444,29.15,,,,,,13.49522463
Dept Water - Gauteng,2528CA00022,Borehole,-25.63395,28.08444,29.16,,,,,,13.49522463
Dept Water - Gauteng,2528CA00022,Borehole,-25.63395,28.08444,29.17,,,,,,13.49522463
Dept Water - Gauteng,2528CA00022,Borehole,-25.63395,28.08444,29.18,,,,,,13.49522463
Dept Water - Gauteng,2528CA00022,Borehole,-25.63395,28.08444,29.19,,,,,,13.49522463
Dept Water - Gauteng,2528CA00022,Borehole,-25.63395,28.08444,29.2,,,,,,13.49522463
Dept Water - Gauteng,2528CA00022,Borehole,-25.63395,28.08444,29.21,,,,,,13.49522463
Dept Water - Gauteng,2528CA00022,Borehole,-25.63395,28.08444,29.22,,,,,,13.49522463
Dept Water - Gauteng,2528CA00022,Borehole,-25.63395,28.08444,29.23,,,,,,13.49522463
Dept Water - Gauteng,2528CA00022,Borehole,-25.63395,28.08444,29.24,,,,,,13.49522463
Dept Water - Gauteng,2528CA00022,Borehole,-25.63395,28.08444,29.25,,,,,,13.49522463
Dept Water - Gauteng,2528CA00022,Borehole,-25.63395,28.08444,29.26,,,,,,13.49522463
Dept Water - Gauteng,2528CA00022,Borehole,-25.63395,28.08444,29.27,,,,,,13.49522463
Dept Water - Gauteng,2528CA00022,Borehole,-25.63395,28.08444,29.28,,,,,,13.49522463
Dept Water - Gauteng,2528CA00022,Borehole,-25.63395,28.08444,29.29,,,,,,13.49522463
Dept Water - Gauteng,2528CA00022,Borehole,-25.63395,28.08444,29.3,,,,,,13.49522463
Dept Water - Gauteng,2528CA00022,Borehole,-25.63395,28.08444,29.31,,,,,,13.49522463
Dept Water - Gauteng,2528CA00022,Borehole,-25.63395,28.08444,29.32,,,,,,13.49522463
Dept Water - Gauteng,2528CA00022,Borehole,-25.63395,28.08444,29.34,,,,,,13.49522463
Dept Water - Gauteng,2528CA00022,Borehole,-25.63395,28.08444,29.35,,,,,,13.49522463
Dept Water - Gauteng,2528CA00022,Borehole,-25.63395,28.08444,29.36,,,,,,13.49522463
Dept Water - Gauteng,2528CA00022,Borehole,-25.63395,28.08444,29.37,,,,,,13.49522463
Dept Water - Gauteng,2528CA00022,Borehole,-25.63395,28.08444,29.38,,,,,,13.49522463
Dept Water - Gauteng,2528CA00022,Borehole,-25.63395,28.08444,29.39,,,,,,13.49522463
Dept Water - Gauteng,2528CA00022,Borehole,-25.63395,28.08444,29.4,,,,,,13.49522463
Dept Water - Gauteng,2528CA00022,Borehole,-25.63395,28.08444,29.41,,,,,,13.49522463
Dept Water - Gauteng,2528CA00022,Borehole,-25.63395,28.08444,29.43,,,,,,13.49522463
Dept Water - Gauteng,2528CA00022,Borehole,-25.63395,28.08444,29.44,,,,,,13.49522463
Dept Water - Gauteng,2528CA00022,Borehole,-25.63395,28.08444,29.46,,,,,,13.49522463
Dept Water - Gauteng,2528CA00022,Borehole,-25.63395,28.08444,29.47,,,,,,13.49522463
Dept Water - Gauteng,2528CA00022,Borehole,-25.63395,28.08444,29.48,,,,,,13.49522463
Dept Water - Gauteng,2528CA00022,Borehole,-25.63395,28.08444,29.49,,,,,,13.49522463
Dept Water - Gauteng,2528CA00022,Borehole,-25.63395,28.08444,29.5,,,,,,13.49522463
Dept Water - Gauteng,2528CA00022,Borehole,-25.63395,28.08444,29.51,,,,,,13.49522463
Dept Water - Gauteng,2528CA00022,Borehole,-25.63395,28.08444,29.52,,,,,,13.49522463
Dept Water - Gauteng,2528CA00022,Borehole,-25.63395,28.08444,29.53,,,,,,13.49522463
Dept Water - Gauteng,2528CA00022,Borehole,-25.63395,28.08444,29.54,,,,,,13.49522463
Dept Water - Gauteng,2528CA00022,Borehole,-25.63395,28.08444,29.55,,,,,,13.49522463
Dept Water - Gauteng,2528CA00022,Borehole,-25.63395,28.08444,29.56,,,,,,13.49522463
Dept Water - Gauteng,2528CA00022,Borehole,-25.63395,28.08444,29.57,,,,,,13.49522463
Dept Water - Gauteng,2528CA00022,Borehole,-25.63395,28.08444,29.58,,,,,,13.49522463
Dept Water - Gauteng,2528CA00022,Borehole,-25.63395,28.08444,29.59,,,,,,13.49522463
Dept Water - Gauteng,2528CA00022,Borehole,-25.63395,28.08444,29.6,,,,,,13.49522463
Dept Water - Gauteng,2528CA00022,Borehole,-25.63395,28.08444,29.61,,,,,,13.49522463
Dept Water - Gauteng,2528CA00022,Borehole,-25.63395,28.08444,29.62,,,,,,13.49522463
Dept Water - Gauteng,2528CA00022,Borehole,-25.63395,28.08444,29.63,,,,,,13.49522463
Dept Water - Gauteng,2528CA00022,Borehole,-25.63395,28.08444,29.64,,,,,,13.49522463
Dept Water - Gauteng,2528CA00022,Borehole,-25.63395,28.08444,29.65,,,,,,13.49522463
Dept Water - Gauteng,2528CA00022,Borehole,-25.63395,28.08444,29.66,,,,,,13.49522463
Dept Water - Gauteng,2528CA00022,Borehole,-25.63395,28.08444,29.67,,,,,,13.49522463
Dept Water - Gauteng,2528CA00022,Borehole,-25.63395,28.08444,29.68,,,,,,13.49522463
Dept Water - Gauteng,2528CA00022,Borehole,-25.63395,28.08444,29.69,,,,,,13.49522463
Dept Water - Gauteng,2528CA00022,Borehole,-25.63395,28.08444,29.7,,,,,,13.49522463
Dept Water - Gauteng,2528CA00022,Borehole,-25.63395,28.08444,29.71,,,,,,13.49522463
Dept Water - Gauteng,2528CA00022,Borehole,-25.63395,28.08444,29.72,,,,,,13.49522463
Dept Water - Gauteng,2528CA00022,Borehole,-25.63395,28.08444,29.73,,,,,,13.49522463
Dept Water - Gauteng,2528CA00022,Borehole,-25.63395,28.08444,29.74,,,,,,13.49522463
Dept Water - Gauteng,2528CA00022,Borehole,-25.63395,28.08444,29.75,,,,,,13.49522463
Dept Water - Gauteng,2528CA00022,Borehole,-25.63395,28.08444,29.76,,,,,,13.49522463
Dept Water - Gauteng,2528CA00022,Borehole,-25.63395,28.08444,29.77,,,,,,13.49522463
Dept Water - Gauteng,2528CA00022,Borehole,-25.63395,28.08444,29.78,,,,,,13.49522463
Dept Water - Gauteng,2528CA00022,Borehole,-25.63395,28.08444,29.79,,,,,,13.49522463
Dept Water - Gauteng,2528CA00022,Borehole,-25.63395,28.08444,29.81,,,,,,13.49522463
Dept Water - Gauteng,2528CA00022,Borehole,-25.63395,28.08444,29.82,,,,,,13.49522463
Dept Water - Gauteng,2528CA00022,Borehole,-25.63395,28.08444,29.83,,,,,,13.49522463
Dept Water - Gauteng,2528CA00022,Borehole,-25.63395,28.08444,29.84,,,,,,13.49522463
Dept Water - Gauteng,2528CA00022,Borehole,-25.63395,28.08444,29.85,,,,,,13.49522463
Dept Water - Gauteng,2528CA00022,Borehole,-25.63395,28.08444,29.86,,,,,,13.49522463
Dept Water - Gauteng,2528CA00022,Borehole,-25.63395,28.08444,29.87,,,,,,13.49522463
Dept Water - Gauteng,2528CA00022,Borehole,-25.63395,28.08444,29.88,,,,,,13.49522463
Dept Water - Gauteng,2528CA00022,Borehole,-25.63395,28.08444,29.89,,,,,,13.49522463
Dept Water - Gauteng,2528CA00022,Borehole,-25.63395,28.08444,29.9,,,,,,13.49522463
Dept Water - Gauteng,2528CA00022,Borehole,-25.63395,28.08444,29.91,,,,,,13.49522463
Dept Water - Gauteng,2528CA00022,Borehole,-25.63395,28.08444,29.92,,,,,,13.49522463
Dept Water - Gauteng,2528CA00022,Borehole,-25.63395,28.08444,29.93,,,,,,13.49522463
Dept Water - Gauteng,2528CA00022,Borehole,-25.63395,28.08444,29.94,,,,,,13.49522463
Dept Water - Gauteng,2528CA00022,Borehole,-25.63395,28.08444,29.95,,,,,,13.49522463
Dept Water - Gauteng,2528CA00022,Borehole,-25.63395,28.08444,29.96,,,,,,13.49522463
Dept Water - Gauteng,2528CA00022,Borehole,-25.63395,28.08444,29.97,,,,,,13.49522463
Dept Water - Gauteng,2528CA00022,Borehole,-25.63395,28.08444,29.98,,,,,,13.49522463
Dept Water - Gauteng,2528CA00022,Borehole,-25.63395,28.08444,29.99,,,,,,13.49522463
Dept Water - Gauteng,2528CA00022,Borehole,-25.63395,28.08444,30,,,,,,13.49522463
Dept Water - Gauteng,2528CA00022,Borehole,-25.63395,28.08444,30.01,,,,,,13.49522463
Dept Water - Gauteng,2528CA00022,Borehole,-25.63395,28.08444,30.02,,,,,,13.49522463
Dept Water - Gauteng,2528CA00022,Borehole,-25.63395,28.08444,30.03,,,,,,13.49522463
Dept Water - Gauteng,2528CA00022,Borehole,-25.63395,28.08444,30.04,,,,,,13.49522463
Dept Water - Gauteng,2528CA00022,Borehole,-25.63395,28.08444,30.05,,,,,,13.49522463
Dept Water - Gauteng,2528CA00022,Borehole,-25.63395,28.08444,30.06,,,,,,13.49522463
Dept Water - Gauteng,2528CA00022,Borehole,-25.63395,28.08444,30.07,,,,,,13.49522463
Dept Water - Gauteng,2528CA00022,Borehole,-25.63395,28.08444,30.08,,,,,,13.49522463
Dept Water - Gauteng,2528CA00022,Borehole,-25.63395,28.08444,30.09,,,,,,13.49522463
Dept Water - Gauteng,2528CA00022,Borehole,-25.63395,28.08444,30.1,,,,,,13.49522463
Dept Water - Gauteng,2528CA00022,Borehole,-25.63395,28.08444,30.11,,,,,,13.49522463
Dept Water - Gauteng,2528CA00022,Borehole,-25.63395,28.08444,30.12,,,,,,13.49522463
Dept Water - Gauteng,2528CA00022,Borehole,-25.63395,28.08444,30.13,,,,,,13.49522463
Dept Water - Gauteng,2528CA00022,Borehole,-25.63395,28.08444,30.14,,,,,,13.49522463
Dept Water - Gauteng,2528CA00022,Borehole,-25.63395,28.08444,30.15,,,,,,13.49522463
Dept Water - Gauteng,2528CA00022,Borehole,-25.63395,28.08444,30.16,,,,,,13.49522463
Dept Water - Gauteng,2528CA00022,Borehole,-25.63395,28.08444,30.17,,,,,,13.49522463
Dept Water - Gauteng,2528CA00022,Borehole,-25.63395,28.08444,30.18,,,,,,13.49522463
Dept Water - Gauteng,2528CA00022,Borehole,-25.63395,28.08444,30.19,,,,,,13.49522463
Dept Water - Gauteng,2528CA00022,Borehole,-25.63395,28.08444,30.2,,,,,,13.49522463
Dept Water - Gauteng,2528CA00022,Borehole,-25.63395,28.08444,30.21,,,,,,13.49522463
Dept Water - Gauteng,2528CA00022,Borehole,-25.63395,28.08444,30.22,,,,,,13.49522463
Dept Water - Gauteng,2528CA00022,Borehole,-25.63395,28.08444,30.23,,,,,,13.49522463
Dept Water - Gauteng,2528CA00022,Borehole,-25.63395,28.08444,30.24,,,,,,13.49522463
Dept Water - Gauteng,2528CA00022,Borehole,-25.63395,28.08444,30.25,,,,,,13.49522463
Dept Water - Gauteng,2528CA00022,Borehole,-25.63395,28.08444,30.26,,,,,,13.49522463
Dept Water - Gauteng,2528CA00022,Borehole,-25.63395,28.08444,30.27,,,,,,13.49522463
Dept Water - Gauteng,2528CA00022,Borehole,-25.63395,28.08444,30.28,,,,,,13.49522463
Dept Water - Gauteng,2528CA00022,Borehole,-25.63395,28.08444,30.29,,,,,,13.49522463
Dept Water - Gauteng,2528CA00022,Borehole,-25.63395,28.08444,30.3,,,,,,13.49522463
Dept Water - Gauteng,2528CA00022,Borehole,-25.63395,28.08444,30.31,,,,,,13.49522463
Dept Water - Gauteng,2528CA00022,Borehole,-25.63395,28.08444,30.32,,,,,,13.49522463
Dept Water - Gauteng,2528CA00022,Borehole,-25.63395,28.08444,30.33,,,,,,13.49522463
Dept Water - Gauteng,2528CA00022,Borehole,-25.63395,28.08444,30.34,,,,,,13.49522463
Dept Water - Gauteng,2528CA00022,Borehole,-25.63395,28.08444,30.35,,,,,,13.49522463
Dept Water - Gauteng,2528CA00022,Borehole,-25.63395,28.08444,30.36,,,,,,13.49522463
Dept Water - Gauteng,2528CA00022,Borehole,-25.63395,28.08444,30.37,,,,,,13.49522463
Dept Water - Gauteng,2528CA00022,Borehole,-25.63395,28.08444,30.38,,,,,,13.49522463
Dept Water - Gauteng,2528CA00022,Borehole,-25.63395,28.08444,30.39,,,,,,13.49522463
Dept Water - Gauteng,2528CA00022,Borehole,-25.63395,28.08444,30.4,,,,,,13.49522463
Dept Water - Gauteng,2528CA00022,Borehole,-25.63395,28.08444,30.41,,,,,,13.49522463
Dept Water - Gauteng,2528CA00022,Borehole,-25.63395,28.08444,30.42,,,,,,13.49522463
Dept Water - Gauteng,2528CA00022,Borehole,-25.63395,28.08444,30.43,,,,,,13.49522463
Dept Water - Gauteng,2528CA00022,Borehole,-25.63395,28.08444,30.44,,,,,,13.49522463
Dept Water - Gauteng,2528CA00022,Borehole,-25.63395,28.08444,30.45,,,,,,13.49522463
Dept Water - Gauteng,2528CA00022,Borehole,-25.63395,28.08444,30.46,,,,,,13.49522463
Dept Water - Gauteng,2528CA00022,Borehole,-25.63395,28.08444,30.47,,,,,,13.49522463
Dept Water - Gauteng,2528CA00022,Borehole,-25.63395,28.08444,30.48,,,,,,13.49522463
Dept Water - Gauteng,2528CA00022,Borehole,-25.63395,28.08444,30.49,,,,,,13.49522463
Dept Water - Gauteng,2528CA00022,Borehole,-25.63395,28.08444,30.5,,,,,,13.49522463
Dept Water - Gauteng,2528CA00022,Borehole,-25.63395,28.08444,30.51,,,,,,13.49522463
Dept Water - Gauteng,2528CA00022,Borehole,-25.63395,28.08444,30.52,,,,,,13.49522463
Dept Water - Gauteng,2528CA00022,Borehole,-25.63395,28.08444,30.53,,,,,,13.49522463
Dept Water - Gauteng,2528CA00022,Borehole,-25.63395,28.08444,30.54,,,,,,13.49522463
Dept Water - Gauteng,2528CA00022,Borehole,-25.63395,28.08444,30.55,,,,,,13.49522463
Dept Water - Gauteng,2528CA00022,Borehole,-25.63395,28.08444,30.56,,,,,,13.49522463
Dept Water - Gauteng,2528CA00022,Borehole,-25.63395,28.08444,30.57,,,,,,13.49522463
Dept Water - Gauteng,2528CA00022,Borehole,-25.63395,28.08444,30.58,,,,,,13.49522463
Dept Water - Gauteng,2528CA00022,Borehole,-25.63395,28.08444,30.59,,,,,,13.49522463
Dept Water - Gauteng,2528CA00022,Borehole,-25.63395,28.08444,30.6,,,,,,13.49522463
Dept Water - Gauteng,2528CA00022,Borehole,-25.63395,28.08444,30.61,,,,,,13.49522463
Dept Water - Gauteng,2528CA00022,Borehole,-25.63395,28.08444,30.62,,,,,,13.49522463
Dept Water - Gauteng,2528CA00022,Borehole,-25.63395,28.08444,30.63,,,,,,13.49522463
Dept Water - Gauteng,2528CA00022,Borehole,-25.63395,28.08444,30.64,,,,,,13.49522463
Dept Water - Gauteng,2528CA00022,Borehole,-25.63395,28.08444,30.65,,,,,,13.49522463
Dept Water - Gauteng,2528CA00022,Borehole,-25.63395,28.08444,30.66,,,,,,13.49522463
Dept Water - Gauteng,2528CA00022,Borehole,-25.63395,28.08444,30.67,,,,,,13.49522463
Dept Water - Gauteng,2528CA00022,Borehole,-25.63395,28.08444,30.68,,,,,,13.49522463
Dept Water - Gauteng,2528CA00022,Borehole,-25.63395,28.08444,30.69,,,,,,13.49522463
Dept Water - Gauteng,2528CA00022,Borehole,-25.63395,28.08444,30.7,,,,,,13.49522463
Dept Water - Gauteng,2528CA00022,Borehole,-25.63395,28.08444,30.71,,,,,,13.49522463
Dept Water - Gauteng,2528CA00022,Borehole,-25.63395,28.08444,30.72,,,,,,13.49522463
Dept Water - Gauteng,2528CA00022,Borehole,-25.63395,28.08444,30.73,,,,,,13.49522463
Dept Water - Gauteng,2528CA00022,Borehole,-25.63395,28.08444,30.74,,,,,,13.49522463
Dept Water - Gauteng,2528CA00022,Borehole,-25.63395,28.08444,30.75,,,,,,13.49522463
Dept Water - Gauteng,2528CA00022,Borehole,-25.63395,28.08444,30.76,,,,,,13.49522463
Dept Water - Gauteng,2528CA00022,Borehole,-25.63395,28.08444,30.77,,,,,,13.49522463
Dept Water - Gauteng,2528CA00022,Borehole,-25.63395,28.08444,30.78,,,,,,13.49522463
Dept Water - Gauteng,2528CA00022,Borehole,-25.63395,28.08444,30.79,,,,,,13.49522463
Dept Water - Gauteng,2528CA00022,Borehole,-25.63395,28.08444,30.8,,,,,,13.49522463
Dept Water - Gauteng,2528CA00022,Borehole,-25.63395,28.08444,30.81,,,,,,13.49522463
Dept Water - Gauteng,2528CA00022,Borehole,-25.63395,28.08444,30.82,,,,,,13.49522463
Dept Water - Gauteng,2528CA00022,Borehole,-25.63395,28.08444,30.83,,,,,,13.49522463
Dept Water - Gauteng,2528CA00022,Borehole,-25.63395,28.08444,30.84,,,,,,13.49522463
Dept Water - Gauteng,2528CA00022,Borehole,-25.63395,28.08444,30.85,,,,,,13.49522463
Dept Water - Gauteng,2528CA00022,Borehole,-25.63395,28.08444,30.86,,,,,,13.49522463
Dept Water - Gauteng,2528CA00022,Borehole,-25.63395,28.08444,30.87,,,,,,13.49522463
Dept Water - Gauteng,2528CA00022,Borehole,-25.63395,28.08444,30.88,,,,,,13.49522463
Dept Water - Gauteng,2528CA00022,Borehole,-25.63395,28.08444,30.89,,,,,,13.49522463
Dept Water - Gauteng,2528CA00022,Borehole,-25.63395,28.08444,30.9,,,,,,13.49522463
Dept Water - Gauteng,2528CA00022,Borehole,-25.63395,28.08444,30.91,,,,,,13.49522463
Dept Water - Gauteng,2528CA00022,Borehole,-25.63395,28.08444,30.92,,,,,,13.49522463
Dept Water - Gauteng,2528CA00022,Borehole,-25.63395,28.08444,30.93,,,,,,13.49522463
Dept Water - Gauteng,2528CA00022,Borehole,-25.63395,28.08444,30.94,,,,,,13.49522463
Dept Water - Gauteng,2528CA00022,Borehole,-25.63395,28.08444,30.95,,,,,,13.49522463
Dept Water - Gauteng,2528CA00022,Borehole,-25.63395,28.08444,30.96,,,,,,13.49522463
Dept Water - Gauteng,2528CA00022,Borehole,-25.63395,28.08444,30.97,,,,,,13.49522463
Dept Water - Gauteng,2528CA00022,Borehole,-25.63395,28.08444,30.98,,,,,,13.49522463
Dept Water - Gauteng,2528CA00022,Borehole,-25.63395,28.08444,30.99,,,,,,13.49522463
Dept Water - Gauteng,2528CA00022,Borehole,-25.63395,28.08444,31,,,,,,13.49522463
Dept Water - Gauteng,2528CA00022,Borehole,-25.63395,28.08444,31.01,,,,,,13.49522463
Dept Water - Gauteng,2528CA00022,Borehole,-25.63395,28.08444,31.02,,,,,,13.49522463
Dept Water - Gauteng,2528CA00022,Borehole,-25.63395,28.08444,31.03,,,,,,13.49522463
Dept Water - Gauteng,2528CA00022,Borehole,-25.63395,28.08444,31.04,,,,,,13.49522463
Dept Water - Gauteng,2528CA00022,Borehole,-25.63395,28.08444,31.05,,,,,,13.49522463
Dept Water - Gauteng,2528CA00022,Borehole,-25.63395,28.08444,31.06,,,,,,13.49522463
Dept Water - Gauteng,2528CA00022,Borehole,-25.63395,28.08444,31.07,,,,,,13.49522463
Dept Water - Gauteng,2528CA00022,Borehole,-25.63395,28.08444,31.08,,,,,,13.49522463
Dept Water - Gauteng,2528CA00022,Borehole,-25.63395,28.08444,31.09,,,,,,13.49522463
Dept Water - Gauteng,2528CA00022,Borehole,-25.63395,28.08444,31.1,,,,,,13.49522463
Dept Water - Gauteng,2528CA00022,Borehole,-25.63395,28.08444,31.11,,,,,,13.49522463
Dept Water - Gauteng,2528CA00022,Borehole,-25.63395,28.08444,31.12,,,,,,13.49522463
Dept Water - Gauteng,2528CA00022,Borehole,-25.63395,28.08444,31.13,,,,,,13.49522463
Dept Water - Gauteng,2528CA00022,Borehole,-25.63395,28.08444,31.14,,,,,,13.49522463
Dept Water - Gauteng,2528CA00022,Borehole,-25.63395,28.08444,31.15,,,,,,13.49522463
Dept Water - Gauteng,2528CA00022,Borehole,-25.63395,28.08444,31.16,,,,,,13.49522463
Dept Water - Gauteng,2528CA00022,Borehole,-25.63395,28.08444,31.17,,,,,,13.49522463
Dept Water - Gauteng,2528CA00022,Borehole,-25.63395,28.08444,31.18,,,,,,13.49522463
Dept Water - Gauteng,2528CA00022,Borehole,-25.63395,28.08444,31.19,,,,,,13.49522463
Dept Water - Gauteng,2528CA00022,Borehole,-25.63395,28.08444,31.2,,,,,,13.49522463
Dept Water - Gauteng,2528CA00022,Borehole,-25.63395,28.08444,31.21,,,,,,13.49522463
Dept Water - Gauteng,2528CA00022,Borehole,-25.63395,28.08444,31.22,,,,,,13.49522463
Dept Water - Gauteng,2528CA00022,Borehole,-25.63395,28.08444,31.23,,,,,,13.49522463
Dept Water - Gauteng,2528CA00022,Borehole,-25.63395,28.08444,31.24,,,,,,13.49522463
Dept Water - Gauteng,2528CA00022,Borehole,-25.63395,28.08444,31.25,,,,,,13.49522463
Dept Water - Gauteng,2528CA00022,Borehole,-25.63395,28.08444,31.26,,,,,,13.49522463
Dept Water - Gauteng,2528CA00022,Borehole,-25.63395,28.08444,31.27,,,,,,13.49522463
Dept Water - Gauteng,2528CA00022,Borehole,-25.63395,28.08444,31.28,,,,,,13.49522463
Dept Water - Gauteng,2528CA00022,Borehole,-25.63395,28.08444,31.29,,,,,,13.49522463
Dept Water - Gauteng,2528CA00022,Borehole,-25.63395,28.08444,31.3,,,,,,13.49522463
Dept Water - Gauteng,2528CA00022,Borehole,-25.63395,28.08444,31.31,,,,,,13.49522463
Dept Water - Gauteng,2528CA00022,Borehole,-25.63395,28.08444,31.32,,,,,,13.49522463
Dept Water - Gauteng,2528CA00022,Borehole,-25.63395,28.08444,31.33,,,,,,13.49522463
Dept Water - Gauteng,2528CA00022,Borehole,-25.63395,28.08444,31.34,,,,,,13.49522463
Dept Water - Gauteng,2528CA00022,Borehole,-25.63395,28.08444,31.35,,,,,,13.49522463
Dept Water - Gauteng,2528CA00022,Borehole,-25.63395,28.08444,31.36,,,,,,13.49522463
Dept Water - Gauteng,2528CA00022,Borehole,-25.63395,28.08444,31.37,,,,,,13.49522463
Dept Water - Gauteng,2528CA00022,Borehole,-25.63395,28.08444,31.38,,,,,,13.49522463
Dept Water - Gauteng,2528CA00022,Borehole,-25.63395,28.08444,31.39,,,,,,13.49522463
Dept Water - Gauteng,2528CA00022,Borehole,-25.63395,28.08444,31.4,,,,,,13.49522463
Dept Water - Gauteng,2528CA00022,Borehole,-25.63395,28.08444,31.41,,,,,,13.49522463
Dept Water - Gauteng,2528CA00022,Borehole,-25.63395,28.08444,31.42,,,,,,13.49522463
Dept Water - Gauteng,2528CA00022,Borehole,-25.63395,28.08444,31.43,,,,,,13.49522463
Dept Water - Gauteng,2528CA00022,Borehole,-25.63395,28.08444,31.44,,,,,,13.49522463
Dept Water - Gauteng,2528CA00022,Borehole,-25.63395,28.08444,31.45,,,,,,13.49522463
Dept Water - Gauteng,2528CA00022,Borehole,-25.63395,28.08444,31.46,,,,,,13.49522463
Dept Water - Gauteng,2528CA00022,Borehole,-25.63395,28.08444,31.47,,,,,,13.49522463
Dept Water - Gauteng,2528CA00022,Borehole,-25.63395,28.08444,31.48,,,,,,13.49522463
Dept Water - Gauteng,2528CA00022,Borehole,-25.63395,28.08444,31.49,,,,,,13.49522463
Dept Water - Gauteng,2528CA00022,Borehole,-25.63395,28.08444,31.5,,,,,,13.49522463
Dept Water - Gauteng,2528CA00022,Borehole,-25.63395,28.08444,31.51,,,,,,13.49522463
Dept Water - Gauteng,2528CA00022,Borehole,-25.63395,28.08444,31.52,,,,,,13.49522463
Dept Water - Gauteng,2528CA00022,Borehole,-25.63395,28.08444,31.53,,,,,,13.49522463
Dept Water - Gauteng,2528CA00022,Borehole,-25.63395,28.08444,31.54,,,,,,13.49522463
Dept Water - Gauteng,2528CA00022,Borehole,-25.63395,28.08444,31.55,,,,,,13.49522463
Dept Water - Gauteng,2528CA00022,Borehole,-25.63395,28.08444,31.56,,,,,,13.49522463
Dept Water - Gauteng,2528CA00022,Borehole,-25.63395,28.08444,31.57,,,,,,13.49522463
Dept Water - Gauteng,2528CA00022,Borehole,-25.63395,28.08444,31.58,,,,,,13.49522463
Dept Water - Gauteng,2528CA00022,Borehole,-25.63395,28.08444,31.59,,,,,,13.49522463
Dept Water - Gauteng,2528CA00022,Borehole,-25.63395,28.08444,31.6,,,,,,13.49522463
Dept Water - Gauteng,2528CA00022,Borehole,-25.63395,28.08444,31.61,,,,,,13.49522463
Dept Water - Gauteng,2528CA00022,Borehole,-25.63395,28.08444,31.62,,,,,,13.49522463
Dept Water - Gauteng,2528CA00022,Borehole,-25.63395,28.08444,31.63,,,,,,13.49522463
Dept Water - Gauteng,2528CA00022,Borehole,-25.63395,28.08444,31.64,,,,,,13.49522463
Dept Water - Gauteng,2528CA00022,Borehole,-25.63395,28.08444,31.65,,,,,,13.49522463
Dept Water - Gauteng,2528CA00022,Borehole,-25.63395,28.08444,31.66,,,,,,13.49522463
Dept Water - Gauteng,2528CA00022,Borehole,-25.63395,28.08444,31.67,,,,,,13.49522463
Dept Water - Gauteng,2528CA00022,Borehole,-25.63395,28.08444,31.68,,,,,,13.49522463
Dept Water - Gauteng,2528CA00022,Borehole,-25.63395,28.08444,31.69,,,,,,13.49522463
Dept Water - Gauteng,2528CA00022,Borehole,-25.63395,28.08444,31.7,,,,,,13.49522463
Dept Water - Gauteng,2528CA00022,Borehole,-25.63395,28.08444,31.71,,,,,,13.49522463
Dept Water - Gauteng,2528CA00022,Borehole,-25.63395,28.08444,31.72,,,,,,13.49522463
Dept Water - Gauteng,2528CA00022,Borehole,-25.63395,28.08444,31.73,,,,,,13.49522463
Dept Water - Gauteng,2528CA00022,Borehole,-25.63395,28.08444,31.74,,,,,,13.49522463
Dept Water - Gauteng,2528CA00022,Borehole,-25.63395,28.08444,31.75,,,,,,13.49522463
Dept Water - Gauteng,2528CA00022,Borehole,-25.63395,28.08444,31.76,,,,,,13.49522463
Dept Water - Gauteng,2528CA00022,Borehole,-25.63395,28.08444,31.77,,,,,,13.49522463
Dept Water - Gauteng,2528CA00022,Borehole,-25.63395,28.08444,31.78,,,,,,13.49522463
Dept Water - Gauteng,2528CA00022,Borehole,-25.63395,28.08444,31.79,,,,,,13.49522463
Dept Water - Gauteng,2528CA00022,Borehole,-25.63395,28.08444,31.8,,,,,,13.49522463
Dept Water - Gauteng,2528CA00022,Borehole,-25.63395,28.08444,31.81,,,,,,13.49522463
Dept Water - Gauteng,2528CA00022,Borehole,-25.63395,28.08444,31.82,,,,,,13.49522463
Dept Water - Gauteng,2528CA00022,Borehole,-25.63395,28.08444,31.83,,,,,,13.49522463
Dept Water - Gauteng,2528CA00022,Borehole,-25.63395,28.08444,31.84,,,,,,13.49522463
Dept Water - Gauteng,2528CA00022,Borehole,-25.63395,28.08444,31.85,,,,,,13.49522463
Dept Water - Gauteng,2528CA00022,Borehole,-25.63395,28.08444,31.86,,,,,,13.49522463
Dept Water - Gauteng,2528CA00022,Borehole,-25.63395,28.08444,31.87,,,,,,13.49522463
Dept Water - Gauteng,2528CA00022,Borehole,-25.63395,28.08444,31.91,,,,,,13.49522463
Dept Water - Gauteng,2528CA00022,Borehole,-25.63395,28.08444,31.92,,,,,,13.49522463
Dept Water - Gauteng,2528CA00022,Borehole,-25.63395,28.08444,31.94,,,,,,13.49522463
Dept Water - Gauteng,2528CA00022,Borehole,-25.63395,28.08444,31.95,,,,,,13.49522463
Dept Water - Gauteng,2528CA00022,Borehole,-25.63395,28.08444,31.98,,,,,,13.49522463
Dept Water - Gauteng,2528CA00022,Borehole,-25.63395,28.08444,31.99,,,,,,13.49522463
Dept Water - Gauteng,2528CA00022,Borehole,-25.63395,28.08444,32.04,,,,,,13.49522463
Dept Water - Gauteng,2528CA00022,Borehole,-25.63395,28.08444,32.06,,,,,,13.49522463
Dept Water - Gauteng,2528CA00022,Borehole,-25.63395,28.08444,32.11,,,,,,13.49522463
Dept Water - Gauteng,2528CA00022,Borehole,-25.63395,28.08444,32.21,,,,,,13.49522463
Dept Water - Gauteng,2528CA00022,Borehole,-25.63395,28.08444,32.34,,,,,,13.49522463
Dept Water - Gauteng,2528CA00022,Borehole,-25.63395,28.08444,32.44,,,,,,13.49522463
Dept Water - Gauteng,2528CA00021,Borehole,-25.63394,28.08304,32.33,,,,,,13.51359224
Dept Water - Gauteng,2528CA00021,Borehole,-25.63394,28.08304,32.35,,,,,,13.51359224
Dept Water - Gauteng,2528CA00021,Borehole,-25.63394,28.08304,32.41,,,,,,13.51359224
Dept Water - Gauteng,2528CA00021,Borehole,-25.63394,28.08304,32.49,,,,,,13.51359224
Dept Water - Gauteng,2528CA00021,Borehole,-25.63394,28.08304,32.59,,,,,,13.51359224
Dept Water - Gauteng,2528CA00021,Borehole,-25.63394,28.08304,32.61,,,,,,13.51359224
Dept Water - Gauteng,2528CA00021,Borehole,-25.63394,28.08304,32.69,,,,,,13.51359224
Dept Water - Gauteng,2528CA00021,Borehole,-25.63394,28.08304,32.8,,,,,,13.51359224
Dept Water - Gauteng,2528CA00021,Borehole,-25.63394,28.08304,32.87,,,,,,13.51359224
Dept Water - Gauteng,2528CA00021,Borehole,-25.63394,28.08304,32.92,,,,,,13.51359224
Dept Water - Gauteng,2528CA00021,Borehole,-25.63394,28.08304,32.94,,,,,,13.51359224
Dept Water - Gauteng,2528CA00021,Borehole,-25.63394,28.08304,33.01,,,,,,13.51359224
Dept Water - Gauteng,2528CA00021,Borehole,-25.63394,28.08304,33.06,,,,,,13.51359224
Dept Water - Gauteng,2528CA00021,Borehole,-25.63394,28.08304,33.07,,,,,,13.51359224
Dept Water - Gauteng,2528CA00021,Borehole,-25.63394,28.08304,33.1,,,,,,13.51359224
Dept Water - Gauteng,2528CA00021,Borehole,-25.63394,28.08304,33.12,,,,,,13.51359224
Dept Water - Gauteng,2528CA00021,Borehole,-25.63394,28.08304,33.15,,,,,,13.51359224
Dept Water - Gauteng,2528CA00021,Borehole,-25.63394,28.08304,33.18,,,,,,13.51359224
Dept Water - Gauteng,2528CA00021,Borehole,-25.63394,28.08304,33.23,,,,,,13.51359224
Dept Water - Gauteng,2528CA00021,Borehole,-25.63394,28.08304,33.24,,,,,,13.51359224
Dept Water - Gauteng,2528CA00021,Borehole,-25.63394,28.08304,33.41,,,,,,13.51359224
Dept Water - Gauteng,2528CA00021,Borehole,-25.63394,28.08304,33.53,,,,,,13.51359224
Dept Water - Gauteng,2528CA00021,Borehole,-25.63394,28.08304,33.69,,,,,,13.51359224
Dept Water - Gauteng,2528CA00023,Borehole,-25.63394,28.08443,30.3,,,,,,13.49425219
Dept Water - Gauteng,2528CA00023,Borehole,-25.63394,28.08443,30.33,,,,,,13.49425219
Dept Water - Gauteng,2528CA00023,Borehole,-25.63394,28.08443,30.35,,,,,,13.49425219
Dept Water - Gauteng,2528CA00023,Borehole,-25.63394,28.08443,30.36,,,,,,13.49425219
Dept Water - Gauteng,2528CA00023,Borehole,-25.63394,28.08443,30.38,,,,,,13.49425219
Dept Water - Gauteng,2528CA00023,Borehole,-25.63394,28.08443,30.43,,,,,,13.49425219
Dept Water - Gauteng,2528CA00023,Borehole,-25.63394,28.08443,30.46,,,,,,13.49425219
Dept Water - Gauteng,2528CA00023,Borehole,-25.63394,28.08443,30.47,,,,,,13.49425219
Dept Water - Gauteng,2528CA00023,Borehole,-25.63394,28.08443,30.5,,,,,,13.49425219
Dept Water - Gauteng,2528CA00023,Borehole,-25.63394,28.08443,30.54,,,,,,13.49425219
Dept Water - Gauteng,2528CA00023,Borehole,-25.63394,28.08443,30.59,,,,,,13.49425219
Dept Water - Gauteng,2528CA00023,Borehole,-25.63394,28.08443,30.64,,,,,,13.49425219
Dept Water - Gauteng,2528CA00023,Borehole,-25.63394,28.08443,30.68,,,,,,13.49425219
Dept Water - Gauteng,2528CA00023,Borehole,-25.63394,28.08443,30.71,,,,,,13.49425219
Dept Water - Gauteng,2528CA00023,Borehole,-25.63394,28.08443,30.78,,,,,,13.49425219
Dept Water - Gauteng,2528CA00023,Borehole,-25.63394,28.08443,30.81,,,,,,13.49425219
Dept Water - Gauteng,2528CA00023,Borehole,-25.63394,28.08443,30.86,,,,,,13.49425219
Dept Water - Gauteng,2528CA00023,Borehole,-25.63394,28.08443,30.87,,,,,,13.49425219
Dept Water - Gauteng,2528CA00023,Borehole,-25.63394,28.08443,30.95,,,,,,13.49425219
Dept Water - Gauteng,2528CA00023,Borehole,-25.63394,28.08443,31,,,,,,13.49425219
Dept Water - Gauteng,2528CA00023,Borehole,-25.63394,28.08443,31.01,,,,,,13.49425219
Dept Water - Gauteng,2528CA00023,Borehole,-25.63394,28.08443,31.04,,,,,,13.49425219
Dept Water - Gauteng,2528CA00023,Borehole,-25.63394,28.08443,31.19,,,,,,13.49425219
Dept Water - Gauteng,2528CA00023,Borehole,-25.63394,28.08443,31.21,,,,,,13.49425219
Dept Water - Gauteng,2528CA00023,Borehole,-25.63394,28.08443,31.34,,,,,,13.49425219
Dept Water - Gauteng,2528CA00023,Borehole,-25.63394,28.08443,31.41,,,,,,13.49425219
Dept Water - Gauteng,2528CA00023,Borehole,-25.63394,28.08443,31.44,,,,,,13.49425219
Dept Water - Gauteng,2528CA00023,Borehole,-25.63394,28.08443,31.51,,,,,,13.49425219
Dept Water - Gauteng,2528CA00023,Borehole,-25.63394,28.08443,31.55,,,,,,13.49425219
Dept Water - Gauteng,2528CA00023,Borehole,-25.63394,28.08443,31.7,,,,,,13.49425219
Dept Water - Gauteng,2528CA00023,Borehole,-25.63394,28.08443,31.75,,,,,,13.49425219
Dept Water - Gauteng,2528CA00023,Borehole,-25.63394,28.08443,31.85,,,,,,13.49425219
Dept Water - Gauteng,2528CA00023,Borehole,-25.63394,28.08443,31.9,,,,,,13.49425219
Dept Water - Gauteng,2528CA00023,Borehole,-25.63394,28.08443,31.92,,,,,,13.49425219
Dept Water - Gauteng,2528CA00023,Borehole,-25.63394,28.08443,31.99,,,,,,13.49425219
Dept Water - Gauteng,2528CA00023,Borehole,-25.63394,28.08443,32.08,,,,,,13.49425219
Dept Water - Gauteng,2528CA00023,Borehole,-25.63394,28.08443,32.1,,,,,,13.49425219
Dept Water - Gauteng,2528CA00023,Borehole,-25.63394,28.08443,32.17,,,,,,13.49425219
Dept Water - Gauteng,2528CA00023,Borehole,-25.63394,28.08443,32.26,,,,,,13.49425219
Dept Water - Gauteng,2528CA00023,Borehole,-25.63394,28.08443,32.39,,,,,,13.49425219
Dept Water - Gauteng,2528CA00023,Borehole,-25.63394,28.08443,32.44,,,,,,13.49425219
Dept Water - Gauteng,2528CA00023,Borehole,-25.63394,28.08443,32.46,,,,,,13.49425219
Dept Water - Gauteng,2528CA00023,Borehole,-25.63394,28.08443,32.51,,,,,,13.49425219
Dept Water - Gauteng,2528CA00023,Borehole,-25.63394,28.08443,32.6,,,,,,13.49425219
Dept Water - Gauteng,2528CA00023,Borehole,-25.63394,28.08443,32.66,,,,,,13.49425219
Dept Water - Gauteng,2528CA00023,Borehole,-25.63394,28.08443,32.78,,,,,,13.49425219
Dept Water - Gauteng,2528CA00023,Borehole,-25.63394,28.08443,32.79,,,,,,13.49425219
Dept Water - Pretoria,2527DB00078,Borehole,-25.62729,27.95608,,0,3.96,SOIL,Unconsolidated,,20.32170767
Dept Water - Pretoria,2527DB00078,Borehole,-25.62729,27.95608,,3.96,26.52,Clay,Unconsolidated,,20.32170767
Dept Water - Pretoria,2527DB00078,Borehole,-25.62729,27.95608,,26.52,38.71,Granite,Consolidated,,20.32170767
Dept Water - Pretoria,2527DB00078,Borehole,-25.62729,27.95608,,38.71,71.32,Granite,Consolidated,,20.32170767
Dept Water - Pretoria,2527DB00078,Borehole,-25.62729,27.95608,,71.32,77.42,Quartzite,Consolidated,,20.32170767
Dept Water - Pretoria,2527DB00077,Borehole,-25.62728,27.95608,26.52,0,4.57,SOIL,Unconsolidated,,20.32101432
Dept Water - Pretoria,2527DB00077,Borehole,-25.62728,27.95608,26.52,4.57,10.06,Sandstone,Consolidated,,20.32101432
Dept Water - Pretoria,2527DB00077,Borehole,-25.62728,27.95608,26.52,10.06,39.01,Clay,Unconsolidated,,20.32101432
Dept Water - Pretoria,2528CA00226,Borehole,-25.62181,28.20397,15.2,0,3,Clay,Unconsolidated,,16.79153238
Dept Water - Pretoria,2528CA00226,Borehole,-25.62181,28.20397,15.2,3,30.5,Sandstone,Consolidated,,16.79153238
Dept Water - Pretoria,2528CA00226,Borehole,-25.62181,28.20397,15.2,30.5,100.9,Dolerite,Consolidated,Hard,16.79153238
Dept Water - Pretoria,2528CA00226,Borehole,-25.62181,28.20397,15.2,100.9,105.5,Sandstone,Consolidated,,16.79153238
Dept Water - Pretoria,2528CA00226,Borehole,-25.62181,28.20397,15.2,105.5,108.5,Dolerite,Consolidated,Hard,16.79153238
Dept Water - Pretoria,2528CA00226,Borehole,-25.62181,28.20397,15.2,108.5,111.9,Sandstone,Consolidated,,16.79153238
Dept Water - Pretoria,2528CA00226,Borehole,-25.62181,28.20397,15.2,111.9,135,Shale,Consolidated,,16.79153238
Dept Water - Pretoria,2528CA00225,Borehole,-25.6218,28.20396,2.3,0,24,Clay,Unconsolidated,,16.78995825
Dept Water - Pretoria,2528CA00225,Borehole,-25.6218,28.20396,2.3,24,30,Granite,Consolidated,Hard,16.78995825
Dept Water - Pretoria,2528CA00224,Borehole,-25.62179,28.20395,2.8,0,19.5,Clay,Unconsolidated,,16.78838412
Dept Water - Pretoria,2528CA00224,Borehole,-25.62179,28.20395,2.8,19.5,27,Granite,Consolidated,,16.78838412
Dept Water - Pretoria,2528CA00223,Borehole,-25.62178,28.20394,20.11,0,7.62,SOIL,Unconsolidated,,16.78680999
Dept Water - Pretoria,2528CA00223,Borehole,-25.62178,28.20394,20.11,7.62,14.32,Diabase,Consolidated,,16.78680999
Dept Water - Pretoria,2528CA00223,Borehole,-25.62178,28.20394,20.11,14.32,30.17,Granite,Consolidated,,16.78680999
Dept Water - Pretoria,2528CA00222,Borehole,-25.62177,28.20393,,0,38.1,Granite,Consolidated,,16.78523586
Dept Water - Pretoria,2528CA00221,Borehole,-25.62176,28.20392,,0,3.04,SOIL,Unconsolidated,,16.78366173
Dept Water - Pretoria,2528CA00221,Borehole,-25.62176,28.20392,,3.04,13.1,Granite,Consolidated,,16.78366173
Dept Water - Pretoria,2528CA00220,Borehole,-25.62175,28.20391,18.28,0,12.19,SOIL,Unconsolidated,,16.7820876
Dept Water - Pretoria,2528CA00220,Borehole,-25.62175,28.20391,18.28,12.19,33.83,Granite,Consolidated,,16.7820876
Dept Water - Pretoria,2528CA00219,Borehole,-25.62174,28.2039,,0,3.04,SOIL,Unconsolidated,,16.78051347
Dept Water - Pretoria,2528CA00219,Borehole,-25.62174,28.2039,,3.04,13.71,Granite,Consolidated,,16.78051347
Dept Water - Pretoria,2528CA00218,Borehole,-25.62173,28.20389,6.09,0,5.48,Granite,Consolidated,,16.77893934
Dept Water - Pretoria,2528CA00218,Borehole,-25.62173,28.20389,6.09,5.48,15.69,Granite,Consolidated,,16.77893934
Dept Water - Pretoria,2528CA00217,Borehole,-25.62172,28.20388,10.05,0,7.92,SOIL,Unconsolidated,,16.77736521
Dept Water - Pretoria,2528CA00217,Borehole,-25.62172,28.20388,10.05,7.92,33.98,Granite,Consolidated,,16.77736521
Dept Water - Pretoria,2528CA00227,Borehole,-25.62171,28.20387,13.71,0,7.31,Dolerite,Consolidated,,16.77579107
Dept Water - Pretoria,2528CA00227,Borehole,-25.62171,28.20387,13.71,7.31,20.72,Dolerite,Consolidated,,16.77579107
Dept Water - Pretoria,2528CA00227,Borehole,-25.62171,28.20387,13.71,20.72,24.99,Shale,Consolidated,Soft,16.77579107
Dept Water - Pretoria,2528CA00227,Borehole,-25.62171,28.20387,13.71,24.99,26.82,Dolerite,Consolidated,,16.77579107
Dept Water - Pretoria,2528CA00227,Borehole,-25.62171,28.20387,13.71,26.82,27.43,Dolerite,Consolidated,,16.77579107
Dept Water - Pretoria,2528CA00228,Borehole,-25.6217,28.20386,,0,0.91,SOIL,Unconsolidated,,16.77421694
Dept Water - Pretoria,2528CA00228,Borehole,-25.6217,28.20386,,0.91,13.71,Norite,Consolidated,,16.77421694
Dept Water - Pretoria,2528CA00228,Borehole,-25.6217,28.20386,,13.71,56.38,Norite,Consolidated,,16.77421694
Dept Water - Pretoria,2528CA00231,Borehole,-25.62169,28.20383,,0,0.31,SOIL,Unconsolidated,,16.77109204
Dept Water - Pretoria,2528CA00231,Borehole,-25.62169,28.20383,,0.31,4.87,Norite,Consolidated,,16.77109204
Dept Water - Pretoria,2528CA00231,Borehole,-25.62169,28.20383,,4.87,11.88,Diabase,Consolidated,,16.77109204
Dept Water - Pretoria,2528CA00229,Borehole,-25.62169,28.20385,,0,3.65,SOIL,Unconsolidated,,16.77264281
Dept Water - Pretoria,2528CA00229,Borehole,-25.62169,28.20385,,3.65,12.49,Norite,Consolidated,,16.77264281
Dept Water - Pretoria,2528CA00229,Borehole,-25.62169,28.20385,,12.49,39.62,Norite,Consolidated,,16.77264281
Dept Water - Pretoria,2528CA00232,Borehole,-25.62168,28.20382,,0,1.21,SOIL,Unconsolidated,,16.76951791
Dept Water - Pretoria,2528CA00232,Borehole,-25.62168,28.20382,,1.21,10.97,Norite,Consolidated,,16.76951791
Dept Water - Pretoria,2528CA00232,Borehole,-25.62168,28.20382,,10.97,73.15,Norite,Consolidated,,16.76951791
Dept Water - Pretoria,2528CA00230,Borehole,-25.62168,28.20384,,0,0.91,SOIL,Unconsolidated,,16.77106868
Dept Water - Pretoria,2528CA00230,Borehole,-25.62168,28.20384,,0.91,3.65,Diabase,Consolidated,,16.77106868
Dept Water - Pretoria,2528CA00230,Borehole,-25.62168,28.20384,,3.65,102.71,Diabase,Consolidated,,16.77106868
Dept Water - Pretoria,2528CA00230,Borehole,-25.62168,28.20384,,102.71,114.3,Norite,Consolidated,,16.77106868
Dept Water - Gauteng,2528CA00027,Borehole,-25.6173,28.08304,23.47,,,,,,11.67960519
Dept Water - Gauteng,2528CA00027,Borehole,-25.6173,28.08304,23.6,,,,,,11.67960519
Dept Water - Gauteng,2528CA00027,Borehole,-25.6173,28.08304,23.63,,,,,,11.67960519
Dept Water - Gauteng,2528CA00027,Borehole,-25.6173,28.08304,23.72,,,,,,11.67960519
Dept Water - Gauteng,2528CA00027,Borehole,-25.6173,28.08304,23.74,,,,,,11.67960519
Dept Water - Gauteng,2528CA00027,Borehole,-25.6173,28.08304,23.76,,,,,,11.67960519
Dept Water - Gauteng,2528CA00027,Borehole,-25.6173,28.08304,23.77,,,,,,11.67960519
Dept Water - Gauteng,2528CA00027,Borehole,-25.6173,28.08304,23.79,,,,,,11.67960519
Dept Water - Gauteng,2528CA00027,Borehole,-25.6173,28.08304,23.8,,,,,,11.67960519
Dept Water - Gauteng,2528CA00027,Borehole,-25.6173,28.08304,23.81,,,,,,11.67960519
Dept Water - Gauteng,2528CA00027,Borehole,-25.6173,28.08304,23.83,,,,,,11.67960519
Dept Water - Gauteng,2528CA00027,Borehole,-25.6173,28.08304,23.85,,,,,,11.67960519
Dept Water - Gauteng,2528CA00027,Borehole,-25.6173,28.08304,23.92,,,,,,11.67960519
Dept Water - Gauteng,2528CA00027,Borehole,-25.6173,28.08304,24.08,,,,,,11.67960519
Dept Water - Gauteng,2528CA00027,Borehole,-25.6173,28.08304,24.1,,,,,,11.67960519
Dept Water - Gauteng,2528CA00027,Borehole,-25.6173,28.08304,24.23,,,,,,11.67960519
Dept Water - Gauteng,2528CA00027,Borehole,-25.6173,28.08304,24.28,,,,,,11.67960519
Dept Water - Gauteng,2528CA00027,Borehole,-25.6173,28.08304,24.38,,,,,,11.67960519
Dept Water - Gauteng,2528CA00027,Borehole,-25.6173,28.08304,24.6,,,,,,11.67960519
Dept Water - Gauteng,2528CA00027,Borehole,-25.6173,28.08304,24.61,,,,,,11.67960519
Dept Water - Gauteng,2528CA00027,Borehole,-25.6173,28.08304,24.65,,,,,,11.67960519
Dept Water - Gauteng,2528CA00027,Borehole,-25.6173,28.08304,24.66,,,,,,11.67960519
Dept Water - Gauteng,2528CA00027,Borehole,-25.6173,28.08304,24.87,,,,,,11.67960519
Dept Water - Gauteng,2528CA00027,Borehole,-25.6173,28.08304,24.92,,,,,,11.67960519
Dept Water - Gauteng,2528CA00026,Borehole,-25.61728,28.08305,24.44,,,,,,11.67723615
Dept Water - Gauteng,2528CA00026,Borehole,-25.61728,28.08305,24.45,,,,,,11.67723615
Dept Water - Gauteng,2528CA00026,Borehole,-25.61728,28.08305,24.65,,,,,,11.67723615
Dept Water - Gauteng,2528CA00026,Borehole,-25.61728,28.08305,25.02,,,,,,11.67723615
Dept Water - Gauteng,2528CA00026,Borehole,-25.61728,28.08305,25.13,,,,,,11.67723615
Dept Water - Gauteng,2528CA00026,Borehole,-25.61728,28.08305,25.23,,,,,,11.67723615
Dept Water - Gauteng,2528CA00026,Borehole,-25.61728,28.08305,25.33,,,,,,11.67723615
Dept Water - Gauteng,2528CA00026,Borehole,-25.61728,28.08305,25.35,,,,,,11.67723615
Dept Water - Gauteng,2528CA00026,Borehole,-25.61728,28.08305,25.67,,,,,,11.67723615
Dept Water - Gauteng,2528CA00026,Borehole,-25.61728,28.08305,25.96,,,,,,11.67723615
Dept Water - Gauteng,2528CA00026,Borehole,-25.61728,28.08305,26.27,,,,,,11.67723615
Dept Water - Gauteng,2528CA00026,Borehole,-25.61728,28.08305,26.78,,,,,,11.67723615
Dept Water - Gauteng,2528CA00026,Borehole,-25.61728,28.08305,26.92,,,,,,11.67723615
Dept Water - Gauteng,2528CA00026,Borehole,-25.61728,28.08305,27.13,,,,,,11.67723615
Dept Water - Gauteng,2528CA00026,Borehole,-25.61728,28.08305,27.18,,,,,,11.67723615
Dept Water - Gauteng,2528CA00026,Borehole,-25.61728,28.08305,27.43,,,,,,11.67723615
Dept Water - Gauteng,2528CA00026,Borehole,-25.61728,28.08305,27.5,,,,,,11.67723615
Dept Water - Gauteng,2528CA00026,Borehole,-25.61728,28.08305,27.58,,,,,,11.67723615
Dept Water - Gauteng,2528CA00026,Borehole,-25.61728,28.08305,28.04,,,,,,11.67723615
Dept Water - Gauteng,2528CA00025,Borehole,-25.61667,28.08306,26.85,,,,,,11.60994574
Dept Water - Gauteng,2528CA00025,Borehole,-25.61667,28.08306,27.13,,,,,,11.60994574
Dept Water - Gauteng,2528CA00025,Borehole,-25.61667,28.08306,27.18,,,,,,11.60994574
Dept Water - Gauteng,2528CA00025,Borehole,-25.61667,28.08306,27.3,,,,,,11.60994574
Dept Water - Gauteng,2528CA00025,Borehole,-25.61667,28.08306,27.34,,,,,,11.60994574
Dept Water - Gauteng,2528CA00025,Borehole,-25.61667,28.08306,27.37,,,,,,11.60994574
Dept Water - Gauteng,2528CA00025,Borehole,-25.61667,28.08306,27.41,,,,,,11.60994574
Dept Water - Gauteng,2528CA00025,Borehole,-25.61667,28.08306,27.55,,,,,,11.60994574
Dept Water - Gauteng,2528CA00025,Borehole,-25.61667,28.08306,27.56,,,,,,11.60994574
Dept Water - Gauteng,2528CA00025,Borehole,-25.61667,28.08306,27.81,,,,,,11.60994574
Dept Water - Gauteng,2528CA00025,Borehole,-25.61667,28.08306,28.12,,,,,,11.60994574
Dept Water - Pretoria,2528CA00649,Borehole,-25.61593,28.2236,6.1,0,3.05,SOIL,Unconsolidated,,17.95848403
Dept Water - Pretoria,2528CA00649,Borehole,-25.61593,28.2236,6.1,3.05,24.08,Norite,Consolidated,,17.95848403
Dept Water - Pretoria,2528CA00649,Borehole,-25.61593,28.2236,6.1,24.08,26.82,Norite,Consolidated,,17.95848403
Dept Water - Pretoria,2528CA00648,Borehole,-25.61592,28.2236,3.05,0,3.05,SOIL,Unconsolidated,,17.95777783
Dept Water - Pretoria,2528CA00648,Borehole,-25.61592,28.2236,3.05,3.05,26.52,Norite,Consolidated,,17.95777783
Dept Water - Pretoria,2528CA00648,Borehole,-25.61592,28.2236,3.05,26.52,29.26,Norite,Consolidated,,17.95777783
Dept Water - Pretoria,2528CA00647,Borehole,-25.61591,28.2236,6.71,0,1.52,SOIL,Unconsolidated,,17.95707167
Dept Water - Pretoria,2528CA00647,Borehole,-25.61591,28.2236,6.71,1.52,41.94,Norite,Consolidated,,17.95707167
Dept Water - Pretoria,2528CA00647,Borehole,-25.61591,28.2236,6.71,41.94,42.37,Norite,Consolidated,,17.95707167
Dept Water - Pretoria,2528CA00646,Borehole,-25.6159,28.2236,22.86,0,1.22,SOIL,Unconsolidated,,17.95636555
Dept Water - Pretoria,2528CA00646,Borehole,-25.6159,28.2236,22.86,1.22,31.7,Granite,Consolidated,,17.95636555
Dept Water - Pretoria,2528CA00646,Borehole,-25.6159,28.2236,22.86,31.7,35.05,Granite,Consolidated,,17.95636555
Dept Water - Pretoria,2528CA00645,Borehole,-25.61589,28.2236,7.32,0,3.05,Clay,Unconsolidated,,17.95565948
Dept Water - Pretoria,2528CA00645,Borehole,-25.61589,28.2236,7.32,3.05,12.8,Norite,Consolidated,,17.95565948
Dept Water - Pretoria,2528CA00645,Borehole,-25.61589,28.2236,7.32,12.8,16.46,Norite,Consolidated,,17.95565948
Dept Water - Pretoria,2528CA00645,Borehole,-25.61589,28.2236,7.32,16.46,30.78,Norite,Consolidated,,17.95565948
Dept Water - Pretoria,2528CA00651,Borehole,-25.61589,28.22361,7.62,0,1.83,SOIL,Unconsolidated,,17.95652014
Dept Water - Pretoria,2528CA00651,Borehole,-25.61589,28.22361,7.62,1.83,3.66,Gravel,Unconsolidated,,17.95652014
Dept Water - Pretoria,2528CA00651,Borehole,-25.61589,28.22361,7.62,3.66,17.68,Norite,Consolidated,,17.95652014
Dept Water - Pretoria,2528CA00651,Borehole,-25.61589,28.22361,7.62,17.68,20.42,Norite,Consolidated,,17.95652014
Dept Water - Pretoria,2528CA00652,Borehole,-25.61589,28.22362,14.63,0,3.05,SOIL,Unconsolidated,,17.95738082
Dept Water - Pretoria,2528CA00652,Borehole,-25.61589,28.22362,14.63,3.05,23.47,Norite,Consolidated,,17.95738082
Dept Water - Pretoria,2528CA00652,Borehole,-25.61589,28.22362,14.63,23.47,25.6,Norite,Consolidated,,17.95738082
Dept Water - Pretoria,2528CA00652,Borehole,-25.61589,28.22362,17.68,0,3.05,SOIL,Unconsolidated,,17.95738082
Dept Water - Pretoria,2528CA00652,Borehole,-25.61589,28.22362,17.68,3.05,23.47,Norite,Consolidated,,17.95738082
Dept Water - Pretoria,2528CA00652,Borehole,-25.61589,28.22362,17.68,23.47,25.6,Norite,Consolidated,,17.95738082
Dept Water - Pretoria,2528CA00653,Borehole,-25.61589,28.22363,10.06,0,0.91,SOIL,Unconsolidated,,17.95824153
Dept Water - Pretoria,2528CA00653,Borehole,-25.61589,28.22363,10.06,0.91,14.94,Granite,Consolidated,,17.95824153
Dept Water - Pretoria,2528CA00653,Borehole,-25.61589,28.22363,10.06,14.94,17.37,Granite,Consolidated,,17.95824153
Dept Water - Pretoria,2528CA00654,Borehole,-25.61589,28.22364,10.06,0,1.22,SOIL,Unconsolidated,,17.95910227
Dept Water - Pretoria,2528CA00654,Borehole,-25.61589,28.22364,10.06,1.22,16.46,Granite,Consolidated,,17.95910227
Dept Water - Pretoria,2528CA00654,Borehole,-25.61589,28.22364,10.06,16.46,17.37,Granite,Consolidated,,17.95910227
Dept Water - Pretoria,2528CA00560,Borehole,-25.60177,28.04753,17.37,0,35.05,Granite,Consolidated,,11.36063362
Dept Water - Pretoria,2528CA00558,Borehole,-25.60175,28.04751,13.71,0,0.6,Tuff,Consolidated,,11.35983084
Dept Water - Pretoria,2528CA00558,Borehole,-25.60175,28.04751,13.71,0.6,6.4,Sandstone,Consolidated,,11.35983084
Dept Water - Pretoria,2528CA00558,Borehole,-25.60175,28.04751,13.71,6.4,7.32,Norite,Consolidated,,11.35983084
Dept Water - Pretoria,2528CA00558,Borehole,-25.60175,28.04751,13.71,7.32,28.65,Norite,Consolidated,,11.35983084
Dept Water - Pretoria,2528CA00558,Borehole,-25.60175,28.04751,13.71,28.65,32,Norite,Consolidated,,11.35983084
Dept Water - Pretoria,2528CA00556,Borehole,-25.60174,28.0475,11.27,0,0.6,SOIL,Unconsolidated,,11.35942975
Dept Water - Pretoria,2528CA00556,Borehole,-25.60174,28.0475,11.27,0.6,1.21,Gravel,Unconsolidated,,11.35942975
Dept Water - Pretoria,2528CA00556,Borehole,-25.60174,28.0475,11.27,1.21,12.8,Norite,Consolidated,,11.35942975
Dept Water - Pretoria,2528CA00556,Borehole,-25.60174,28.0475,11.27,12.8,13.41,Norite,Consolidated,,11.35942975
Dept Water - Pretoria,2528CA00556,Borehole,-25.60174,28.0475,11.27,13.41,16.15,Boulders,Unconsolidated,,11.35942975
Dept Water - Pretoria,2528CA00556,Borehole,-25.60174,28.0475,11.27,16.15,19.5,Boulders,Unconsolidated,,11.35942975
Dept Water - Pretoria,2528CA00557,Borehole,-25.60173,28.04749,16.76,0,3.04,SOIL,Unconsolidated,,11.35902886
Dept Water - Pretoria,2528CA00557,Borehole,-25.60173,28.04749,16.76,3.04,29.56,Norite,Consolidated,,11.35902886
Dept Water - Pretoria,2528CA00555,Borehole,-25.60172,28.04748,6.09,0,0.91,SOIL,Unconsolidated,,11.35862818
Dept Water - Pretoria,2528CA00555,Borehole,-25.60172,28.04748,6.09,0.91,7.92,Norite,Consolidated,,11.35862818
Dept Water - Pretoria,2528CA00555,Borehole,-25.60172,28.04748,6.09,7.92,10.36,Norite,Consolidated,Hard,11.35862818
Dept Water - Pretoria,2528CA00555,Borehole,-25.60172,28.04748,6.09,10.36,35.35,Norite,Consolidated,Hard,11.35862818
Dept Water - Pretoria,2528CA00555,Borehole,-25.60172,28.04748,6.09,35.35,45.72,Norite,Consolidated,Hard,11.35862818
Dept Water - Pretoria,2528CB00185,Borehole,-25.58869,28.28613,36.57,0,12.19,Sand,Unconsolidated,,22.45708416
Dept Water - Pretoria,2528CB00185,Borehole,-25.58869,28.28613,36.57,12.19,52.42,Granite,Consolidated,,22.45708416
Dept Water - Pretoria,2528CB00185,Borehole,-25.58869,28.28613,36.57,52.42,90.22,Sandstone,Consolidated,,22.45708416
Dept Water - Pretoria,2528CB00184,Borehole,-25.58868,28.28612,39.62,0,12.19,Sand,Unconsolidated,,22.45563655
Dept Water - Pretoria,2528CB00184,Borehole,-25.58868,28.28612,39.62,12.19,52.42,Granite,Consolidated,,22.45563655
Dept Water - Pretoria,2528CB00184,Borehole,-25.58868,28.28612,39.62,52.42,90.22,Sandstone,Consolidated,,22.45563655
Dept Water - Pretoria,2528CB00184,Borehole,-25.58868,28.28612,39.62,90.22,113.99,Sandstone,Consolidated,,22.45563655
Dept Water - Pretoria,2528CB00183,Borehole,-25.58867,28.28611,48.76,0,18.28,Sand,Unconsolidated,,22.45418897
Dept Water - Pretoria,2528CB00183,Borehole,-25.58867,28.28611,48.76,18.28,118.26,Granite,Consolidated,,22.45418897
Dept Water - Pretoria,2528CB00182,Borehole,-25.58866,28.2861,48.76,0,18.28,Sandstone,Consolidated,,22.45274139
Dept Water - Pretoria,2528CB00182,Borehole,-25.58866,28.2861,48.76,18.28,143.56,Quartzite,Consolidated,,22.45274139
Dept Water - Pretoria,2528CB00186,Borehole,-25.58865,28.28609,79.24,0,9.14,Sand,Unconsolidated,,22.45129384
Dept Water - Pretoria,2528CB00186,Borehole,-25.58865,28.28609,79.24,9.14,21.33,Granite,Consolidated,,22.45129384
Dept Water - Pretoria,2528CB00186,Borehole,-25.58865,28.28609,79.24,21.33,144.47,Shale,Consolidated,,22.45129384
Dept Water - Pretoria,2528CA00237,Borehole,-25.5862,28.12948,22.86,0,1.52,SOIL,Unconsolidated,,8.771078549
Dept Water - Pretoria,2528CA00237,Borehole,-25.5862,28.12948,22.86,1.52,18.28,Clay,Unconsolidated,,8.771078549
Dept Water - Pretoria,2528CA00237,Borehole,-25.5862,28.12948,22.86,18.28,37.79,Granite,Consolidated,,8.771078549
Dept Water - Pretoria,2528CA00237,Borehole,-25.5862,28.12948,22.86,37.79,44.5,Granite,Consolidated,,8.771078549
Dept Water - Pretoria,2528CA00236,Borehole,-25.58619,28.12947,8.22,0,0.6,SOIL,Unconsolidated,,8.769620559
Dept Water - Pretoria,2528CA00236,Borehole,-25.58619,28.12947,8.22,0.6,1.21,Gravel,Unconsolidated,,8.769620559
Dept Water - Pretoria,2528CA00236,Borehole,-25.58619,28.12947,8.22,1.21,3.35,SOIL,Unconsolidated,,8.769620559
Dept Water - Pretoria,2528CA00236,Borehole,-25.58619,28.12947,8.22,3.35,24.38,Gravel,Unconsolidated,,8.769620559
Dept Water - Pretoria,2528CA00236,Borehole,-25.58619,28.12947,8.22,24.38,30.78,Gravel,Unconsolidated,,8.769620559
Dept Water - Pretoria,2528CA00235,Borehole,-25.58618,28.12946,13.41,0,1.21,Tuff,Consolidated,,8.768162609
Dept Water - Pretoria,2528CA00235,Borehole,-25.58618,28.12946,13.41,1.21,10.36,Granite,Consolidated,,8.768162609
Dept Water - Pretoria,2528CA00235,Borehole,-25.58618,28.12946,13.41,10.36,17.67,Granite,Consolidated,,8.768162609
Dept Water - Pretoria,2528CA00234,Borehole,-25.58617,28.12945,5.48,0,10.05,Sandstone,Consolidated,,8.7667047
Dept Water - Pretoria,2528CA00234,Borehole,-25.58617,28.12945,5.48,10.05,12.19,Sandstone,Consolidated,,8.7667047
Dept Water - Pretoria,2528CA00234,Borehole,-25.58617,28.12945,5.48,12.19,20.42,Conglomerate,Unconsolidated,,8.7667047
Dept Water - Pretoria,2528CA00234,Borehole,-25.58617,28.12945,5.48,20.42,20.57,Quartzite,Consolidated,,8.7667047
Dept Water - Pretoria,2528CA00234,Borehole,-25.58617,28.12945,5.48,20.57,29.41,Shale,Consolidated,,8.7667047
Dept Water - Pretoria,2528CA00234,Borehole,-25.58617,28.12945,5.48,29.41,32.61,Granite,Consolidated,,8.7667047
Dept Water - Pretoria,2528CA00233,Borehole,-25.58616,28.12944,,0,49.98,Norite,Consolidated,,8.765246831
Dept Water - Pretoria,2528CA00642,Borehole,-25.5787,28.2286,6.1,0,1.22,SOIL,Unconsolidated,,16.15586558
Dept Water - Pretoria,2528CA00642,Borehole,-25.5787,28.2286,6.1,1.22,6.71,Gravel,Unconsolidated,,16.15586558
Dept Water - Pretoria,2528CA00642,Borehole,-25.5787,28.2286,6.1,6.71,24.38,Sandstone,Consolidated,,16.15586558
Dept Water - Pretoria,2528CA00642,Borehole,-25.5787,28.2286,6.1,24.38,39.93,Granite,Consolidated,,16.15586558
Dept Water - Pretoria,2528CA00641,Borehole,-25.57869,28.2286,6.1,0,1.52,SOIL,Unconsolidated,,16.15536616
Dept Water - Pretoria,2528CA00641,Borehole,-25.57869,28.2286,6.1,1.52,5.49,Gravel,Unconsolidated,,16.15536616
Dept Water - Pretoria,2528CA00641,Borehole,-25.57869,28.2286,6.1,5.49,12.19,Granite,Consolidated,,16.15536616
Dept Water - Pretoria,2528CA00641,Borehole,-25.57869,28.2286,6.1,12.19,26.52,Granite,Consolidated,,16.15536616
Dept Water - Pretoria,2528CA00614,Borehole,-25.57868,28.2286,14.94,0,21.34,Grit,Unconsolidated,,16.15486681
Dept Water - Pretoria,2528CA00614,Borehole,-25.57868,28.2286,14.94,21.34,29.57,Shale,Consolidated,,16.15486681
Dept Water - Pretoria,2528CA00614,Borehole,-25.57868,28.2286,14.94,29.57,60.96,Sandstone,Consolidated,,16.15486681
Dept Water - Pretoria,2528CA00614,Borehole,-25.57868,28.2286,14.94,60.96,83.52,Granite,Consolidated,,16.15486681
Dept Water - Pretoria,2528CA00544,Borehole,-25.57867,28.2286,7.92,0,1.52,SOIL,Unconsolidated,,16.15436751
Dept Water - Pretoria,2528CA00544,Borehole,-25.57867,28.2286,7.92,1.52,6.1,Granite,Consolidated,,16.15436751
Dept Water - Pretoria,2528CA00544,Borehole,-25.57867,28.2286,7.92,6.1,33.83,Granite,Consolidated,,16.15436751
Dept Water - Pretoria,2528CB00237,Borehole,-25.57651,28.2606,6.09,0,5.79,Grit,Unconsolidated,,19.31563679
Dept Water - Pretoria,2528CB00237,Borehole,-25.57651,28.2606,6.09,5.79,27.12,Granite,Consolidated,,19.31563679
Dept Water - Pretoria,2528CB00236,Borehole,-25.5765,28.26059,1.21,0,8.53,Granite,Consolidated,,19.31419569
Dept Water - Pretoria,2528CB00236,Borehole,-25.5765,28.26059,1.21,8.53,61.26,Granite,Consolidated,,19.31419569
Dept Water - Pretoria,2528CB00235,Borehole,-25.57649,28.26058,,0,2.13,SOIL,Unconsolidated,,19.3127546
Dept Water - Pretoria,2528CB00235,Borehole,-25.57649,28.26058,,2.13,11.27,Clay,Unconsolidated,,19.3127546
Dept Water - Pretoria,2528CB00235,Borehole,-25.57649,28.26058,,11.27,14.02,Sandstone,Consolidated,,19.3127546
Dept Water - Pretoria,2528CB00235,Borehole,-25.57649,28.26058,,14.02,25.29,Clay,Unconsolidated,,19.3127546
Dept Water - Pretoria,2528CB00235,Borehole,-25.57649,28.26058,,25.29,40.53,Shale,Consolidated,,19.3127546
Dept Water - Pretoria,2528CB00235,Borehole,-25.57649,28.26058,,40.53,57.4,Sandstone,Consolidated,,19.3127546
Dept Water - Pretoria,2528CB00235,Borehole,-25.57649,28.26058,,57.4,59.52,Coal,Consolidated,,19.3127546
Dept Water - Pretoria,2528CB00235,Borehole,-25.57649,28.26058,,59.52,59.74,Sandstone,Consolidated,,19.3127546
Dept Water - Pretoria,2528CB00235,Borehole,-25.57649,28.26058,,59.74,60.42,Coal,Consolidated,,19.3127546
Dept Water - Pretoria,2528CB00235,Borehole,-25.57649,28.26058,,60.42,60.96,Sandstone,Consolidated,,19.3127546
Dept Water - Pretoria,2528CB00235,Borehole,-25.57649,28.26058,,60.96,110.33,Coal,Consolidated,,19.3127546
Dept Water - Pretoria,2528CB00232,Borehole,-25.57646,28.26055,21.33,0,1.21,SOIL,Unconsolidated,,19.30843147
Dept Water - Pretoria,2528CB00232,Borehole,-25.57646,28.26055,21.33,1.21,3.35,Granite,Consolidated,,19.30843147
Dept Water - Pretoria,2528CB00232,Borehole,-25.57646,28.26055,21.33,3.35,4.26,Granite,Consolidated,,19.30843147
Dept Water - Pretoria,2528CB00232,Borehole,-25.57646,28.26055,21.33,4.26,39.01,Granite,Consolidated,,19.30843147
Dept Water - Pretoria,2528CB00231,Borehole,-25.57645,28.26054,19.5,0,1.21,SOIL,Unconsolidated,,19.30699047
Dept Water - Pretoria,2528CB00231,Borehole,-25.57645,28.26054,19.5,1.21,5.48,SOIL,Unconsolidated,,19.30699047
Dept Water - Pretoria,2528CB00231,Borehole,-25.57645,28.26054,19.5,5.48,20.72,Grit,Unconsolidated,,19.30699047
Dept Water - Pretoria,2528CB00231,Borehole,-25.57645,28.26054,19.5,20.72,28.04,Granite,Consolidated,,19.30699047
Dept Water - Pretoria,2528CB00231,Borehole,-25.57645,28.26054,19.5,28.04,28.34,Felsite,Consolidated,,19.30699047
Dept Water - Pretoria,2528CB00231,Borehole,-25.57645,28.26054,19.5,28.34,32,Granite,Consolidated,,19.30699047
Dept Water - Pretoria,2528CB00231,Borehole,-25.57645,28.26054,19.5,32,39.62,Granite,Consolidated,Soft,19.30699047
Dept Water - Pretoria,2528CB00231,Borehole,-25.57645,28.26054,19.5,39.62,43.89,Norite,Consolidated,,19.30699047
Dept Water - Pretoria,2528CB00238,Borehole,-25.57644,28.26053,3.04,0,3.04,Gravel,Unconsolidated,,19.30554948
Dept Water - Pretoria,2528CB00238,Borehole,-25.57644,28.26053,3.04,3.04,76.5,Granite,Consolidated,,19.30554948
Dept Water - Pretoria,2528CB00240,Borehole,-25.57642,28.26051,7.01,0,8.53,SOIL,Unconsolidated,,19.30266758
Dept Water - Pretoria,2528CB00240,Borehole,-25.57642,28.26051,7.01,8.53,12.19,Granite,Consolidated,,19.30266758
Dept Water - Pretoria,2528CB00240,Borehole,-25.57642,28.26051,7.01,12.19,35.96,Granite,Consolidated,,19.30266758
Dept Water - Pretoria,2528CB00241,Borehole,-25.57641,28.2605,13.71,0,1.52,SOIL,Unconsolidated,,19.30122666
Dept Water - Pretoria,2528CB00241,Borehole,-25.57641,28.2605,13.71,1.52,14.02,Granite,Consolidated,,19.30122666
Dept Water - Pretoria,2528CB00241,Borehole,-25.57641,28.2605,13.71,14.02,38.1,Granite,Consolidated,,19.30122666
Dept Water - Pretoria,2528CB00245,Borehole,-25.57639,28.26048,12.8,0,14.89,SOIL,Unconsolidated,,19.29834489
Dept Water - Pretoria,2528CB00245,Borehole,-25.57639,28.26048,12.8,14.89,40.23,Granite,Consolidated,,19.29834489
Dept Water - Pretoria,2528CB00246,Borehole,-25.57638,28.26047,7.62,0,5.18,Granite,Consolidated,,19.29690403
Dept Water - Pretoria,2528CB00246,Borehole,-25.57638,28.26047,7.62,5.18,8.22,Granite,Consolidated,,19.29690403
Dept Water - Pretoria,2528CB00246,Borehole,-25.57638,28.26047,7.62,8.22,36.57,Granite,Consolidated,,19.29690403
Dept Water - Pretoria,2528CB00324,Borehole,-25.57628,28.26038,,0,10.66,Sandstone,Consolidated,,19.28353434
Dept Water - Pretoria,2528CB00324,Borehole,-25.57628,28.26038,,10.66,16.76,Sandstone,Consolidated,,19.28353434
Dept Water - Pretoria,2528CB00324,Borehole,-25.57628,28.26038,,16.76,31.39,Sandstone,Consolidated,,19.28353434
Dept Water - Pretoria,2528CB00321,Borehole,-25.57602,28.26043,,0,6.09,Sandstone,Consolidated,,19.2782697
Dept Water - Pretoria,2528CB00321,Borehole,-25.57602,28.26043,,6.09,17.37,Sandstone,Consolidated,,19.2782697
Dept Water - Pretoria,2528CB00321,Borehole,-25.57602,28.26043,,17.37,30.48,Sandstone,Consolidated,,19.2782697
Dept Water - Pretoria,2528CA00209,Borehole,-25.57551,28.18099,2.13,0,22.86,SOIL,Unconsolidated,,11.44694549
Dept Water - Pretoria,2528CA00209,Borehole,-25.57551,28.18099,2.13,22.86,44.19,Norite,Consolidated,,11.44694549
Dept Water - Pretoria,2528CA00208,Borehole,-25.5755,28.18098,2.13,0,1.21,SOIL,Unconsolidated,,11.4453864
Dept Water - Pretoria,2528CA00208,Borehole,-25.5755,28.18098,2.13,1.21,4.57,Gravel,Unconsolidated,,11.4453864
Dept Water - Pretoria,2528CA00208,Borehole,-25.5755,28.18098,2.13,4.57,16.76,Norite,Consolidated,,11.4453864
Dept Water - Pretoria,2528CA00208,Borehole,-25.5755,28.18098,2.13,16.76,20.42,Granite,Consolidated,,11.4453864
Dept Water - Pretoria,2528CA00207,Borehole,-25.57549,28.18097,51.2,0,9.14,Granite,Consolidated,,11.44382732
Dept Water - Pretoria,2528CA00207,Borehole,-25.57549,28.18097,51.2,9.14,90.52,Granite,Consolidated,,11.44382732
Dept Water - Pretoria,2528CA00206,Borehole,-25.57548,28.18096,44.19,0,7.01,Granite,Consolidated,,11.44226825
Dept Water - Pretoria,2528CA00206,Borehole,-25.57548,28.18096,44.19,7.01,65.83,Granite,Consolidated,,11.44226825
Dept Water - Pretoria,2528CA00205,Borehole,-25.57547,28.18095,73.15,0,11.27,Granite,Consolidated,,11.44070917
Dept Water - Pretoria,2528CA00205,Borehole,-25.57547,28.18095,73.15,11.27,92.96,Granite,Consolidated,,11.44070917
Dept Water - Pretoria,2528CA00202,Borehole,-25.57546,28.18094,1.21,0,1.82,SOIL,Unconsolidated,,11.4391501
Dept Water - Pretoria,2528CA00202,Borehole,-25.57546,28.18094,1.21,1.82,21.94,Clay,Unconsolidated,,11.4391501
Dept Water - Pretoria,2528CA00202,Borehole,-25.57546,28.18094,1.21,21.94,31.08,Quartzite,Consolidated,,11.4391501
Dept Water - Pretoria,2528CA00202,Borehole,-25.57546,28.18094,1.21,31.08,32.91,Shale,Consolidated,,11.4391501
Dept Water - Pretoria,2528CA00203,Borehole,-25.57545,28.18093,0.6,0,1.82,SOIL,Unconsolidated,,11.43759104
Dept Water - Pretoria,2528CA00203,Borehole,-25.57545,28.18093,0.6,1.82,19.2,Norite,Consolidated,,11.43759104
Dept Water - Pretoria,2528CA00203,Borehole,-25.57545,28.18093,0.6,19.2,21.94,Norite,Consolidated,,11.43759104
Dept Water - Pretoria,2528CA00200,Borehole,-25.57542,28.1809,1.82,0,1.82,SOIL,Unconsolidated,,11.43291387
Dept Water - Pretoria,2528CA00200,Borehole,-25.57542,28.1809,1.82,1.82,3.65,Gravel,Unconsolidated,,11.43291387
Dept Water - Pretoria,2528CA00200,Borehole,-25.57542,28.1809,1.82,3.65,24.07,Norite,Consolidated,,11.43291387
Dept Water - Pretoria,2528CA00200,Borehole,-25.57542,28.1809,1.82,24.07,25.9,Norite,Consolidated,,11.43291387
Dept Water - Pretoria,2528CA00199,Borehole,-25.57541,28.18089,4.57,0,0.91,SOIL,Unconsolidated,,11.43135482
Dept Water - Pretoria,2528CA00199,Borehole,-25.57541,28.18089,4.57,0.91,4.57,Clay,Unconsolidated,,11.43135482
Dept Water - Pretoria,2528CA00199,Borehole,-25.57541,28.18089,4.57,4.57,14.02,Granite,Consolidated,,11.43135482
Dept Water - Pretoria,2528CA00199,Borehole,-25.57541,28.18089,4.57,14.02,20.42,Norite,Consolidated,,11.43135482
Dept Water - Pretoria,2528CA00198,Borehole,-25.5754,28.18088,4.87,0,3.04,SOIL,Unconsolidated,,11.42979578
Dept Water - Pretoria,2528CA00198,Borehole,-25.5754,28.18088,4.87,3.04,32.91,Norite,Consolidated,,11.42979578
Dept Water - Pretoria,2528CA00198,Borehole,-25.5754,28.18088,4.87,32.91,37.49,Norite,Consolidated,Hard,11.42979578
Dept Water - Pretoria,2528CA00197,Borehole,-25.57539,28.18087,3.65,0,3.04,SOIL,Unconsolidated,,11.42823674
Dept Water - Pretoria,2528CA00197,Borehole,-25.57539,28.18087,3.65,3.04,13.71,Norite,Consolidated,,11.42823674
Dept Water - Pretoria,2528CA00197,Borehole,-25.57539,28.18087,3.65,13.71,21.94,Norite,Consolidated,,11.42823674
Dept Water - Pretoria,2528CA00357,Borehole,-25.57539,28.18087,,0,81.38,Granite,Consolidated,,11.42823674
Dept Water - Pretoria,2528CA00357,Borehole,-25.57539,28.18087,,81.38,107.59,Diabase,Consolidated,,11.42823674
Dept Water - Pretoria,2528CA00196,Borehole,-25.57538,28.18086,4.87,0,3.04,SOIL,Unconsolidated,,11.4266777
Dept Water - Pretoria,2528CA00196,Borehole,-25.57538,28.18086,4.87,3.04,21.94,Norite,Consolidated,,11.4266777
Dept Water - Pretoria,2528CA00196,Borehole,-25.57538,28.18086,4.87,21.94,24.07,Norite,Consolidated,Hard,11.4266777
Dept Water - Pretoria,2528CA00356,Borehole,-25.57538,28.18086,,0,1.21,SOIL,Unconsolidated,,11.4266777
Dept Water - Pretoria,2528CA00356,Borehole,-25.57538,28.18086,,1.21,3.04,Boulders & Sand,Unconsolidated,,11.4266777
Dept Water - Pretoria,2528CA00356,Borehole,-25.57538,28.18086,,3.04,75.59,Granite,Consolidated,,11.4266777
Dept Water - Pretoria,2528CA00195,Borehole,-25.57537,28.18085,3.04,0,5.48,SOIL,Unconsolidated,,11.42511867
Dept Water - Pretoria,2528CA00195,Borehole,-25.57537,28.18085,3.04,5.48,18.89,Granite,Consolidated,,11.42511867
Dept Water - Pretoria,2528CA00195,Borehole,-25.57537,28.18085,3.04,18.89,24.07,Norite,Consolidated,Hard,11.42511867
Dept Water - Pretoria,2528CA00355,Borehole,-25.57537,28.18085,,0,1.21,SOIL,Unconsolidated,,11.42511867
Dept Water - Pretoria,2528CA00355,Borehole,-25.57537,28.18085,,1.21,9.75,Shale,Consolidated,,11.42511867
Dept Water - Pretoria,2528CA00355,Borehole,-25.57537,28.18085,,9.75,98.14,Granite,Consolidated,,11.42511867
Dept Water - Pretoria,2528CA00194,Borehole,-25.57536,28.18084,10.36,0,1.52,Boulders,Unconsolidated,,11.42355964
Dept Water - Pretoria,2528CA00194,Borehole,-25.57536,28.18084,10.36,1.52,6.09,Shale,Consolidated,,11.42355964
Dept Water - Pretoria,2528CA00194,Borehole,-25.57536,28.18084,10.36,6.09,18.28,Granite,Consolidated,,11.42355964
Dept Water - Pretoria,2528CA00194,Borehole,-25.57536,28.18084,10.36,18.28,24.38,Granite,Consolidated,,11.42355964
Dept Water - Pretoria,2528CA00194,Borehole,-25.57536,28.18084,10.36,24.38,26.82,Norite,Consolidated,,11.42355964
Dept Water - Pretoria,2528CA00354,Borehole,-25.57536,28.18084,2.01,0,2.43,SOIL,Unconsolidated,,11.42355964
Dept Water - Pretoria,2528CA00354,Borehole,-25.57536,28.18084,2.01,2.43,27.43,Norite,Consolidated,,11.42355964
Dept Water - Pretoria,2528CA00193,Borehole,-25.57535,28.18083,3.35,0,3.04,SOIL,Unconsolidated,,11.42200062
Dept Water - Pretoria,2528CA00193,Borehole,-25.57535,28.18083,3.35,3.04,21.03,Dolerite,Consolidated,,11.42200062
Dept Water - Pretoria,2528CA00193,Borehole,-25.57535,28.18083,3.35,21.03,23.77,Norite,Consolidated,,11.42200062
Dept Water - Pretoria,2528CA00192,Borehole,-25.57534,28.18082,,0,0.91,SOIL,Unconsolidated,,11.4204416
Dept Water - Pretoria,2528CA00192,Borehole,-25.57534,28.18082,,0.91,25.29,Norite,Consolidated,,11.4204416
Dept Water - Pretoria,2528CA00192,Borehole,-25.57534,28.18082,,25.29,27,Norite,Consolidated,,11.4204416
Dept Water - Pretoria,2528CA00210,Borehole,-25.57533,28.18081,1.82,0,0.91,SOIL,Unconsolidated,,11.41888259
Dept Water - Pretoria,2528CA00210,Borehole,-25.57533,28.18081,1.82,0.91,19.15,Norite,Consolidated,,11.41888259
Dept Water - Pretoria,2528CA00210,Borehole,-25.57533,28.18081,1.82,19.15,19.5,Norite,Consolidated,,11.41888259
Dept Water - Pretoria,2528CA00211,Borehole,-25.57532,28.1808,0.6,0,0.91,SOIL,Unconsolidated,,11.41732358
Dept Water - Pretoria,2528CA00211,Borehole,-25.57532,28.1808,0.6,0.91,21.03,Norite,Consolidated,,11.41732358
Dept Water - Pretoria,2528CA00211,Borehole,-25.57532,28.1808,0.6,21.03,21.33,Norite,Consolidated,,11.41732358
Dept Water - Pretoria,2528CA00212,Borehole,-25.57531,28.18079,6.09,0,0.91,SOIL,Unconsolidated,,11.41576457
Dept Water - Pretoria,2528CA00212,Borehole,-25.57531,28.18079,6.09,0.91,2.96,Clay,Unconsolidated,,11.41576457
Dept Water - Pretoria,2528CA00212,Borehole,-25.57531,28.18079,6.09,2.96,6.4,Boulders,Unconsolidated,,11.41576457
Dept Water - Pretoria,2528CA00212,Borehole,-25.57531,28.18079,6.09,6.4,18.28,Norite,Consolidated,,11.41576457
Dept Water - Pretoria,2528CA00212,Borehole,-25.57531,28.18079,6.09,18.28,19.81,Norite,Consolidated,,11.41576457
Dept Water - Pretoria,2528CA00213,Borehole,-25.5753,28.18078,4.87,0,0.91,SOIL,Unconsolidated,,11.41420557
Dept Water - Pretoria,2528CA00213,Borehole,-25.5753,28.18078,4.87,0.91,2.74,Magnetite Gabbro,Consolidated,,11.41420557
Dept Water - Pretoria,2528CA00213,Borehole,-25.5753,28.18078,4.87,2.74,18.28,Norite,Consolidated,,11.41420557
Dept Water - Pretoria,2528CA00213,Borehole,-25.5753,28.18078,4.87,18.28,18.89,Norite,Consolidated,,11.41420557
Dept Water - Pretoria,2528CA00214,Borehole,-25.57529,28.18077,3.04,0,6.09,SOIL,Unconsolidated,,11.41264657
Dept Water - Pretoria,2528CA00214,Borehole,-25.57529,28.18077,3.04,6.09,21.33,Norite,Consolidated,,11.41264657
Dept Water - Pretoria,2528CA00215,Borehole,-25.57528,28.18076,3.04,0,3.65,SOIL,Unconsolidated,,11.41108758
Dept Water - Pretoria,2528CA00215,Borehole,-25.57528,28.18076,3.04,3.65,51.81,Norite,Consolidated,,11.41108758
Dept Water - Pretoria,2528CA00216,Borehole,-25.57527,28.18075,6.09,0,5.18,SOIL,Unconsolidated,,11.40952859
Dept Water - Pretoria,2528CA00216,Borehole,-25.57527,28.18075,6.09,5.18,10.71,Norite,Consolidated,,11.40952859
Dept Water - Pretoria,2528CA00216,Borehole,-25.57527,28.18075,6.09,10.71,18.28,Norite,Consolidated,,11.40952859
Dept Water - Pretoria,2528CA00216,Borehole,-25.57527,28.18075,6.09,18.28,38.1,Norite,Consolidated,,11.40952859
Dept Water - Pretoria,2528CA00365,Borehole,-25.57526,28.18074,13.71,0,2.13,SOIL,Unconsolidated,,11.4079696
Dept Water - Pretoria,2528CA00365,Borehole,-25.57526,28.18074,13.71,2.13,9.75,Norite,Consolidated,,11.4079696
Dept Water - Pretoria,2528CA00365,Borehole,-25.57526,28.18074,13.71,9.75,42.06,Norite,Consolidated,,11.4079696
Dept Water - Pretoria,2528CA00366,Borehole,-25.57525,28.18073,3.96,0,3.04,SOIL,Unconsolidated,,11.40641062
Dept Water - Pretoria,2528CA00366,Borehole,-25.57525,28.18073,3.96,3.04,22.43,Norite,Consolidated,,11.40641062
Dept Water - Pretoria,2528CA00366,Borehole,-25.57525,28.18073,3.96,22.43,22.55,Norite,Consolidated,Hard,11.40641062
Dept Water - Pretoria,2528CA00367,Borehole,-25.57524,28.18072,3.65,0,0.91,SOIL,Unconsolidated,,11.40485165
Dept Water - Pretoria,2528CA00367,Borehole,-25.57524,28.18072,3.65,0.91,16.94,Norite,Consolidated,,11.40485165
Dept Water - Pretoria,2528CA00368,Borehole,-25.57523,28.18071,3.35,0,2.43,SOIL,Unconsolidated,,11.40329267
Dept Water - Pretoria,2528CA00368,Borehole,-25.57523,28.18071,3.35,2.43,18.89,Norite,Consolidated,,11.40329267
Dept Water - Pretoria,2528CA00368,Borehole,-25.57523,28.18071,3.35,18.89,21.64,Norite,Consolidated,Hard,11.40329267
Dept Water - Pretoria,2528CA00369,Borehole,-25.57522,28.1807,36.88,0,3.04,SOIL,Unconsolidated,,11.40173371
Dept Water - Pretoria,2528CA00369,Borehole,-25.57522,28.1807,36.88,3.04,17.06,Norite,Consolidated,,11.40173371
Dept Water - Pretoria,2528CA00370,Borehole,-25.57521,28.18069,3.66,0,3.04,SOIL,Unconsolidated,,11.40017474
Dept Water - Pretoria,2528CA00370,Borehole,-25.57521,28.18069,3.66,3.04,14.5,Norite,Consolidated,,11.40017474
Dept Water - Pretoria,2528CA00371,Borehole,-25.5752,28.18068,2.74,0,6.09,SOIL,Unconsolidated,,11.39861578
Dept Water - Pretoria,2528CA00371,Borehole,-25.5752,28.18068,2.74,6.09,17.67,Norite,Consolidated,,11.39861578
Dept Water - Pretoria,2528CA00371,Borehole,-25.5752,28.18068,2.74,17.67,18.28,Norite,Consolidated,Hard,11.39861578
Dept Water - Pretoria,2528CA00358,Borehole,-25.57519,28.18067,4.75,0,3.65,SOIL,Unconsolidated,,11.39705683
Dept Water - Pretoria,2528CA00358,Borehole,-25.57519,28.18067,4.75,3.65,14.02,Norite,Consolidated,,11.39705683
Dept Water - Pretoria,2528CA00359,Borehole,-25.57518,28.18066,4.26,0,1.52,SOIL,Unconsolidated,,11.39549787
Dept Water - Pretoria,2528CA00359,Borehole,-25.57518,28.18066,4.26,1.52,19.81,Norite,Consolidated,,11.39549787
Dept Water - Pretoria,2528CA00359,Borehole,-25.57518,28.18066,4.26,19.81,35.96,Norite,Consolidated,,11.39549787
Dept Water - Pretoria,2528CA00360,Borehole,-25.57517,28.18065,3.65,0,9.14,SOIL,Unconsolidated,,11.39393893
Dept Water - Pretoria,2528CA00360,Borehole,-25.57517,28.18065,3.65,9.14,15.84,Norite,Consolidated,,11.39393893
Dept Water - Pretoria,2528CA00360,Borehole,-25.57517,28.18065,3.65,15.84,18.28,Norite,Consolidated,Hard,11.39393893
Dept Water - Pretoria,2528CA00361,Borehole,-25.57516,28.18064,5.18,0,6.09,SOIL,Unconsolidated,,11.39237998
Dept Water - Pretoria,2528CA00361,Borehole,-25.57516,28.18064,5.18,6.09,39.01,Norite,Consolidated,,11.39237998
Dept Water - Pretoria,2528CA00362,Borehole,-25.57515,28.18063,3.65,0,1.52,SOIL,Unconsolidated,,11.39082105
Dept Water - Pretoria,2528CA00362,Borehole,-25.57515,28.18063,3.65,1.52,22.55,Norite,Consolidated,,11.39082105
Dept Water - Pretoria,2528CA00362,Borehole,-25.57515,28.18063,3.65,22.55,23.46,Norite,Consolidated,,11.39082105
Dept Water - Pretoria,2528CA00363,Borehole,-25.57514,28.18062,6.7,0,1.52,Boulders,Unconsolidated,,11.38926211
Dept Water - Pretoria,2528CA00363,Borehole,-25.57514,28.18062,6.7,1.52,8.53,Granite,Consolidated,,11.38926211
Dept Water - Pretoria,2528CA00363,Borehole,-25.57514,28.18062,6.7,8.53,21.33,Norite,Consolidated,,11.38926211
Dept Water - Pretoria,2528CA00363,Borehole,-25.57514,28.18062,6.7,21.33,23.13,Norite,Consolidated,,11.38926211
Dept Water - Pretoria,2528CA00364,Borehole,-25.57513,28.18061,,0,1.52,SOIL,Unconsolidated,,11.38770318
Dept Water - Pretoria,2528CA00364,Borehole,-25.57513,28.18061,,1.52,25.29,Clay,Unconsolidated,,11.38770318
Dept Water - Pretoria,2528CA00364,Borehole,-25.57513,28.18061,,25.29,28.34,Sandstone,Consolidated,,11.38770318
Dept Water - Pretoria,2528CA00364,Borehole,-25.57513,28.18061,,28.34,47.54,Shale,Consolidated,,11.38770318
Dept Water - Pretoria,2528CB00242,Borehole,-25.5744,28.26049,10.66,0,65.22,Granite,Consolidated,,19.22024191
Dept Water - Pretoria,2528CA00448,Borehole,-25.56283,28.08027,7.32,0,2.74,Ferricrete,Consolidated,,5.860907257
Dept Water - Pretoria,2528CA00448,Borehole,-25.56283,28.08027,7.32,2.74,7.62,Clay,Unconsolidated,,5.860907257
Dept Water - Pretoria,2528CA00448,Borehole,-25.56283,28.08027,7.32,7.62,12.19,Granite,Consolidated,,5.860907257
Dept Water - Pretoria,2528CA00448,Borehole,-25.56283,28.08027,7.32,12.19,31.39,Granite,Consolidated,,5.860907257
Dept Water - Pretoria,2528CA00449,Borehole,-25.56282,28.08026,,0,1.52,SOIL,Unconsolidated,,5.860260075
Dept Water - Pretoria,2528CA00449,Borehole,-25.56282,28.08026,,1.52,10.66,Granite,Consolidated,,5.860260075
Dept Water - Pretoria,2528CA00449,Borehole,-25.56282,28.08026,,10.66,32,Granite,Consolidated,,5.860260075
Dept Water - Pretoria,2528CA00374,Borehole,-25.55619,28.20584,,0,35.32,Granite,Consolidated,,12.81481592
Dept Water - Pretoria,2528CA00644,Borehole,-25.5559,28.20943,,0,3.66,SOIL,Unconsolidated,,13.17533158
Dept Water - Pretoria,2528CA00644,Borehole,-25.5559,28.20943,,3.66,7.32,Granite,Consolidated,,13.17533158
Dept Water - Pretoria,2528CA00644,Borehole,-25.5559,28.20943,,7.32,17.68,Granite,Consolidated,,13.17533158
Dept Water - Pretoria,2528CA00062,Borehole,-25.55283,28.21479,23.35,,,,,,13.62080104
Dept Water - Gauteng,2528CA00019,Borehole,-25.55033,28.12471,5.37,,,,,,4.998791728
Dept Water - Gauteng,2528CA00019,Borehole,-25.55033,28.12471,5.38,,,,,,4.998791728
Dept Water - Gauteng,2528CA00019,Borehole,-25.55033,28.12471,5.39,,,,,,4.998791728
Dept Water - Gauteng,2528CA00019,Borehole,-25.55033,28.12471,5.42,,,,,,4.998791728
Dept Water - Gauteng,2528CA00019,Borehole,-25.55033,28.12471,5.43,,,,,,4.998791728
Dept Water - Gauteng,2528CA00019,Borehole,-25.55033,28.12471,5.44,,,,,,4.998791728
Dept Water - Gauteng,2528CA00019,Borehole,-25.55033,28.12471,5.45,,,,,,4.998791728
Dept Water - Gauteng,2528CA00019,Borehole,-25.55033,28.12471,5.46,,,,,,4.998791728
Dept Water - Gauteng,2528CA00019,Borehole,-25.55033,28.12471,5.48,,,,,,4.998791728
Dept Water - Gauteng,2528CA00019,Borehole,-25.55033,28.12471,5.49,,,,,,4.998791728
Dept Water - Gauteng,2528CA00019,Borehole,-25.55033,28.12471,5.51,,,,,,4.998791728
Dept Water - Gauteng,2528CA00019,Borehole,-25.55033,28.12471,5.52,,,,,,4.998791728
Dept Water - Gauteng,2528CA00019,Borehole,-25.55033,28.12471,5.53,,,,,,4.998791728
Dept Water - Gauteng,2528CA00019,Borehole,-25.55033,28.12471,5.54,,,,,,4.998791728
Dept Water - Gauteng,2528CA00019,Borehole,-25.55033,28.12471,5.55,,,,,,4.998791728
Dept Water - Gauteng,2528CA00019,Borehole,-25.55033,28.12471,5.56,,,,,,4.998791728
Dept Water - Gauteng,2528CA00019,Borehole,-25.55033,28.12471,5.57,,,,,,4.998791728
Dept Water - Gauteng,2528CA00019,Borehole,-25.55033,28.12471,5.58,,,,,,4.998791728
Dept Water - Gauteng,2528CA00019,Borehole,-25.55033,28.12471,5.59,,,,,,4.998791728
Dept Water - Gauteng,2528CA00019,Borehole,-25.55033,28.12471,5.6,,,,,,4.998791728
Dept Water - Gauteng,2528CA00019,Borehole,-25.55033,28.12471,5.61,,,,,,4.998791728
Dept Water - Gauteng,2528CA00019,Borehole,-25.55033,28.12471,5.62,,,,,,4.998791728
Dept Water - Gauteng,2528CA00019,Borehole,-25.55033,28.12471,5.63,,,,,,4.998791728
Dept Water - Gauteng,2528CA00019,Borehole,-25.55033,28.12471,5.64,,,,,,4.998791728
Dept Water - Gauteng,2528CA00019,Borehole,-25.55033,28.12471,5.65,,,,,,4.998791728
Dept Water - Gauteng,2528CA00019,Borehole,-25.55033,28.12471,5.66,,,,,,4.998791728
Dept Water - Gauteng,2528CA00019,Borehole,-25.55033,28.12471,5.67,,,,,,4.998791728
Dept Water - Gauteng,2528CA00019,Borehole,-25.55033,28.12471,5.68,,,,,,4.998791728
Dept Water - Gauteng,2528CA00019,Borehole,-25.55033,28.12471,5.69,,,,,,4.998791728
Dept Water - Gauteng,2528CA00019,Borehole,-25.55033,28.12471,5.7,,,,,,4.998791728
Dept Water - Gauteng,2528CA00019,Borehole,-25.55033,28.12471,5.71,,,,,,4.998791728
Dept Water - Gauteng,2528CA00019,Borehole,-25.55033,28.12471,5.72,,,,,,4.998791728
Dept Water - Gauteng,2528CA00019,Borehole,-25.55033,28.12471,5.73,,,,,,4.998791728
Dept Water - Gauteng,2528CA00019,Borehole,-25.55033,28.12471,5.74,,,,,,4.998791728
Dept Water - Gauteng,2528CA00019,Borehole,-25.55033,28.12471,5.75,,,,,,4.998791728
Dept Water - Gauteng,2528CA00019,Borehole,-25.55033,28.12471,5.76,,,,,,4.998791728
Dept Water - Gauteng,2528CA00019,Borehole,-25.55033,28.12471,5.77,,,,,,4.998791728
Dept Water - Gauteng,2528CA00019,Borehole,-25.55033,28.12471,5.78,,,,,,4.998791728
Dept Water - Gauteng,2528CA00019,Borehole,-25.55033,28.12471,5.79,,,,,,4.998791728
Dept Water - Gauteng,2528CA00019,Borehole,-25.55033,28.12471,5.8,,,,,,4.998791728
Dept Water - Gauteng,2528CA00019,Borehole,-25.55033,28.12471,5.81,,,,,,4.998791728
Dept Water - Gauteng,2528CA00019,Borehole,-25.55033,28.12471,5.82,,,,,,4.998791728
Dept Water - Gauteng,2528CA00019,Borehole,-25.55033,28.12471,5.83,,,,,,4.998791728
Dept Water - Gauteng,2528CA00019,Borehole,-25.55033,28.12471,5.84,,,,,,4.998791728
Dept Water - Gauteng,2528CA00019,Borehole,-25.55033,28.12471,5.85,,,,,,4.998791728
Dept Water - Gauteng,2528CA00019,Borehole,-25.55033,28.12471,5.86,,,,,,4.998791728
Dept Water - Gauteng,2528CA00019,Borehole,-25.55033,28.12471,5.87,,,,,,4.998791728
Dept Water - Gauteng,2528CA00019,Borehole,-25.55033,28.12471,5.88,,,,,,4.998791728
Dept Water - Gauteng,2528CA00019,Borehole,-25.55033,28.12471,5.89,,,,,,4.998791728
Dept Water - Gauteng,2528CA00019,Borehole,-25.55033,28.12471,5.9,,,,,,4.998791728
Dept Water - Gauteng,2528CA00019,Borehole,-25.55033,28.12471,5.91,,,,,,4.998791728
Dept Water - Gauteng,2528CA00019,Borehole,-25.55033,28.12471,5.92,,,,,,4.998791728
Dept Water - Gauteng,2528CA00019,Borehole,-25.55033,28.12471,5.93,,,,,,4.998791728
Dept Water - Gauteng,2528CA00019,Borehole,-25.55033,28.12471,5.94,,,,,,4.998791728
Dept Water - Gauteng,2528CA00019,Borehole,-25.55033,28.12471,5.95,,,,,,4.998791728
Dept Water - Gauteng,2528CA00019,Borehole,-25.55033,28.12471,5.96,,,,,,4.998791728
Dept Water - Gauteng,2528CA00019,Borehole,-25.55033,28.12471,5.97,,,,,,4.998791728
Dept Water - Gauteng,2528CA00019,Borehole,-25.55033,28.12471,5.98,,,,,,4.998791728
Dept Water - Gauteng,2528CA00019,Borehole,-25.55033,28.12471,5.99,,,,,,4.998791728
Dept Water - Gauteng,2528CA00019,Borehole,-25.55033,28.12471,6,,,,,,4.998791728
Dept Water - Gauteng,2528CA00019,Borehole,-25.55033,28.12471,6.01,,,,,,4.998791728
Dept Water - Gauteng,2528CA00019,Borehole,-25.55033,28.12471,6.02,,,,,,4.998791728
Dept Water - Gauteng,2528CA00019,Borehole,-25.55033,28.12471,6.03,,,,,,4.998791728
Dept Water - Gauteng,2528CA00019,Borehole,-25.55033,28.12471,6.04,,,,,,4.998791728
Dept Water - Gauteng,2528CA00019,Borehole,-25.55033,28.12471,6.05,,,,,,4.998791728
Dept Water - Gauteng,2528CA00019,Borehole,-25.55033,28.12471,6.06,,,,,,4.998791728
Dept Water - Gauteng,2528CA00019,Borehole,-25.55033,28.12471,6.07,,,,,,4.998791728
Dept Water - Gauteng,2528CA00019,Borehole,-25.55033,28.12471,6.08,,,,,,4.998791728
Dept Water - Gauteng,2528CA00019,Borehole,-25.55033,28.12471,6.09,,,,,,4.998791728
Dept Water - Gauteng,2528CA00019,Borehole,-25.55033,28.12471,6.1,,,,,,4.998791728
Dept Water - Gauteng,2528CA00019,Borehole,-25.55033,28.12471,6.11,,,,,,4.998791728
Dept Water - Gauteng,2528CA00019,Borehole,-25.55033,28.12471,6.12,,,,,,4.998791728
Dept Water - Gauteng,2528CA00019,Borehole,-25.55033,28.12471,6.13,,,,,,4.998791728
Dept Water - Gauteng,2528CA00019,Borehole,-25.55033,28.12471,6.14,,,,,,4.998791728
Dept Water - Gauteng,2528CA00019,Borehole,-25.55033,28.12471,6.15,,,,,,4.998791728
Dept Water - Gauteng,2528CA00019,Borehole,-25.55033,28.12471,6.16,,,,,,4.998791728
Dept Water - Gauteng,2528CA00019,Borehole,-25.55033,28.12471,6.17,,,,,,4.998791728
Dept Water - Gauteng,2528CA00019,Borehole,-25.55033,28.12471,6.18,,,,,,4.998791728
Dept Water - Gauteng,2528CA00019,Borehole,-25.55033,28.12471,6.19,,,,,,4.998791728
Dept Water - Gauteng,2528CA00019,Borehole,-25.55033,28.12471,6.2,,,,,,4.998791728
Dept Water - Gauteng,2528CA00019,Borehole,-25.55033,28.12471,6.21,,,,,,4.998791728
Dept Water - Gauteng,2528CA00019,Borehole,-25.55033,28.12471,6.22,,,,,,4.998791728
Dept Water - Gauteng,2528CA00019,Borehole,-25.55033,28.12471,6.23,,,,,,4.998791728
Dept Water - Gauteng,2528CA00019,Borehole,-25.55033,28.12471,6.24,,,,,,4.998791728
Dept Water - Gauteng,2528CA00019,Borehole,-25.55033,28.12471,6.25,,,,,,4.998791728
Dept Water - Gauteng,2528CA00019,Borehole,-25.55033,28.12471,6.26,,,,,,4.998791728
Dept Water - Gauteng,2528CA00019,Borehole,-25.55033,28.12471,6.27,,,,,,4.998791728
Dept Water - Gauteng,2528CA00019,Borehole,-25.55033,28.12471,6.28,,,,,,4.998791728
Dept Water - Gauteng,2528CA00019,Borehole,-25.55033,28.12471,6.29,,,,,,4.998791728
Dept Water - Gauteng,2528CA00019,Borehole,-25.55033,28.12471,6.3,,,,,,4.998791728
Dept Water - Gauteng,2528CA00019,Borehole,-25.55033,28.12471,6.31,,,,,,4.998791728
Dept Water - Gauteng,2528CA00019,Borehole,-25.55033,28.12471,6.32,,,,,,4.998791728
Dept Water - Gauteng,2528CA00019,Borehole,-25.55033,28.12471,6.33,,,,,,4.998791728
Dept Water - Gauteng,2528CA00019,Borehole,-25.55033,28.12471,6.34,,,,,,4.998791728
Dept Water - Gauteng,2528CA00019,Borehole,-25.55033,28.12471,6.35,,,,,,4.998791728
Dept Water - Gauteng,2528CA00019,Borehole,-25.55033,28.12471,6.36,,,,,,4.998791728
Dept Water - Gauteng,2528CA00019,Borehole,-25.55033,28.12471,6.37,,,,,,4.998791728
Dept Water - Gauteng,2528CA00019,Borehole,-25.55033,28.12471,6.38,,,,,,4.998791728
Dept Water - Gauteng,2528CA00019,Borehole,-25.55033,28.12471,6.39,,,,,,4.998791728
Dept Water - Gauteng,2528CA00019,Borehole,-25.55033,28.12471,6.4,,,,,,4.998791728
Dept Water - Gauteng,2528CA00019,Borehole,-25.55033,28.12471,6.41,,,,,,4.998791728
Dept Water - Gauteng,2528CA00019,Borehole,-25.55033,28.12471,6.42,,,,,,4.998791728
Dept Water - Gauteng,2528CA00019,Borehole,-25.55033,28.12471,6.43,,,,,,4.998791728
Dept Water - Gauteng,2528CA00019,Borehole,-25.55033,28.12471,6.44,,,,,,4.998791728
Dept Water - Gauteng,2528CA00019,Borehole,-25.55033,28.12471,6.45,,,,,,4.998791728
Dept Water - Gauteng,2528CA00019,Borehole,-25.55033,28.12471,6.46,,,,,,4.998791728
Dept Water - Gauteng,2528CA00019,Borehole,-25.55033,28.12471,6.47,,,,,,4.998791728
Dept Water - Gauteng,2528CA00019,Borehole,-25.55033,28.12471,6.48,,,,,,4.998791728
Dept Water - Gauteng,2528CA00019,Borehole,-25.55033,28.12471,6.49,,,,,,4.998791728
Dept Water - Gauteng,2528CA00019,Borehole,-25.55033,28.12471,6.5,,,,,,4.998791728
Dept Water - Gauteng,2528CA00019,Borehole,-25.55033,28.12471,6.51,,,,,,4.998791728
Dept Water - Gauteng,2528CA00019,Borehole,-25.55033,28.12471,6.52,,,,,,4.998791728
Dept Water - Gauteng,2528CA00019,Borehole,-25.55033,28.12471,6.53,,,,,,4.998791728
Dept Water - Gauteng,2528CA00019,Borehole,-25.55033,28.12471,6.54,,,,,,4.998791728
Dept Water - Gauteng,2528CA00019,Borehole,-25.55033,28.12471,6.55,,,,,,4.998791728
Dept Water - Gauteng,2528CA00019,Borehole,-25.55033,28.12471,6.56,,,,,,4.998791728
Dept Water - Gauteng,2528CA00019,Borehole,-25.55033,28.12471,6.57,,,,,,4.998791728
Dept Water - Gauteng,2528CA00019,Borehole,-25.55033,28.12471,6.58,,,,,,4.998791728
Dept Water - Gauteng,2528CA00019,Borehole,-25.55033,28.12471,6.59,,,,,,4.998791728
Dept Water - Gauteng,2528CA00019,Borehole,-25.55033,28.12471,6.6,,,,,,4.998791728
Dept Water - Gauteng,2528CA00019,Borehole,-25.55033,28.12471,6.61,,,,,,4.998791728
Dept Water - Gauteng,2528CA00019,Borehole,-25.55033,28.12471,6.62,,,,,,4.998791728
Dept Water - Gauteng,2528CA00019,Borehole,-25.55033,28.12471,6.63,,,,,,4.998791728
Dept Water - Gauteng,2528CA00019,Borehole,-25.55033,28.12471,6.64,,,,,,4.998791728
Dept Water - Gauteng,2528CA00019,Borehole,-25.55033,28.12471,6.65,,,,,,4.998791728
Dept Water - Gauteng,2528CA00019,Borehole,-25.55033,28.12471,6.66,,,,,,4.998791728
Dept Water - Gauteng,2528CA00019,Borehole,-25.55033,28.12471,6.67,,,,,,4.998791728
Dept Water - Gauteng,2528CA00019,Borehole,-25.55033,28.12471,6.68,,,,,,4.998791728
Dept Water - Gauteng,2528CA00019,Borehole,-25.55033,28.12471,6.69,,,,,,4.998791728
Dept Water - Gauteng,2528CA00019,Borehole,-25.55033,28.12471,6.7,,,,,,4.998791728
Dept Water - Gauteng,2528CA00019,Borehole,-25.55033,28.12471,6.71,,,,,,4.998791728
Dept Water - Gauteng,2528CA00019,Borehole,-25.55033,28.12471,6.72,,,,,,4.998791728
Dept Water - Gauteng,2528CA00019,Borehole,-25.55033,28.12471,6.73,,,,,,4.998791728
Dept Water - Gauteng,2528CA00019,Borehole,-25.55033,28.12471,6.74,,,,,,4.998791728
Dept Water - Gauteng,2528CA00019,Borehole,-25.55033,28.12471,6.75,,,,,,4.998791728
Dept Water - Gauteng,2528CA00019,Borehole,-25.55033,28.12471,6.76,,,,,,4.998791728
Dept Water - Gauteng,2528CA00019,Borehole,-25.55033,28.12471,6.77,,,,,,4.998791728
Dept Water - Gauteng,2528CA00019,Borehole,-25.55033,28.12471,6.78,,,,,,4.998791728
Dept Water - Gauteng,2528CA00019,Borehole,-25.55033,28.12471,6.79,,,,,,4.998791728
Dept Water - Gauteng,2528CA00019,Borehole,-25.55033,28.12471,6.8,,,,,,4.998791728
Dept Water - Gauteng,2528CA00019,Borehole,-25.55033,28.12471,6.81,,,,,,4.998791728
Dept Water - Gauteng,2528CA00019,Borehole,-25.55033,28.12471,6.82,,,,,,4.998791728
Dept Water - Gauteng,2528CA00019,Borehole,-25.55033,28.12471,6.83,,,,,,4.998791728
Dept Water - Gauteng,2528CA00019,Borehole,-25.55033,28.12471,6.84,,,,,,4.998791728
Dept Water - Gauteng,2528CA00019,Borehole,-25.55033,28.12471,6.85,,,,,,4.998791728
Dept Water - Gauteng,2528CA00019,Borehole,-25.55033,28.12471,6.86,,,,,,4.998791728
Dept Water - Gauteng,2528CA00019,Borehole,-25.55033,28.12471,6.87,,,,,,4.998791728
Dept Water - Gauteng,2528CA00019,Borehole,-25.55033,28.12471,6.88,,,,,,4.998791728
Dept Water - Gauteng,2528CA00019,Borehole,-25.55033,28.12471,6.89,,,,,,4.998791728
Dept Water - Gauteng,2528CA00019,Borehole,-25.55033,28.12471,6.9,,,,,,4.998791728
Dept Water - Gauteng,2528CA00019,Borehole,-25.55033,28.12471,6.91,,,,,,4.998791728
Dept Water - Gauteng,2528CA00019,Borehole,-25.55033,28.12471,6.92,,,,,,4.998791728
Dept Water - Gauteng,2528CA00019,Borehole,-25.55033,28.12471,6.93,,,,,,4.998791728
Dept Water - Gauteng,2528CA00019,Borehole,-25.55033,28.12471,6.94,,,,,,4.998791728
Dept Water - Gauteng,2528CA00019,Borehole,-25.55033,28.12471,6.95,,,,,,4.998791728
Dept Water - Gauteng,2528CA00019,Borehole,-25.55033,28.12471,6.96,,,,,,4.998791728
Dept Water - Gauteng,2528CA00019,Borehole,-25.55033,28.12471,6.97,,,,,,4.998791728
Dept Water - Gauteng,2528CA00019,Borehole,-25.55033,28.12471,6.98,,,,,,4.998791728
Dept Water - Gauteng,2528CA00019,Borehole,-25.55033,28.12471,6.99,,,,,,4.998791728
Dept Water - Gauteng,2528CA00019,Borehole,-25.55033,28.12471,7,,,,,,4.998791728
Dept Water - Gauteng,2528CA00019,Borehole,-25.55033,28.12471,7.01,,,,,,4.998791728
Dept Water - Gauteng,2528CA00019,Borehole,-25.55033,28.12471,7.02,,,,,,4.998791728
Dept Water - Gauteng,2528CA00019,Borehole,-25.55033,28.12471,7.03,,,,,,4.998791728
Dept Water - Gauteng,2528CA00019,Borehole,-25.55033,28.12471,7.04,,,,,,4.998791728
Dept Water - Gauteng,2528CA00019,Borehole,-25.55033,28.12471,7.05,,,,,,4.998791728
Dept Water - Gauteng,2528CA00019,Borehole,-25.55033,28.12471,7.06,,,,,,4.998791728
Dept Water - Gauteng,2528CA00019,Borehole,-25.55033,28.12471,7.07,,,,,,4.998791728
Dept Water - Gauteng,2528CA00019,Borehole,-25.55033,28.12471,7.08,,,,,,4.998791728
Dept Water - Gauteng,2528CA00019,Borehole,-25.55033,28.12471,7.09,,,,,,4.998791728
Dept Water - Gauteng,2528CA00019,Borehole,-25.55033,28.12471,7.1,,,,,,4.998791728
Dept Water - Gauteng,2528CA00019,Borehole,-25.55033,28.12471,7.11,,,,,,4.998791728
Dept Water - Gauteng,2528CA00019,Borehole,-25.55033,28.12471,7.12,,,,,,4.998791728
Dept Water - Gauteng,2528CA00019,Borehole,-25.55033,28.12471,7.13,,,,,,4.998791728
Dept Water - Gauteng,2528CA00019,Borehole,-25.55033,28.12471,7.14,,,,,,4.998791728
Dept Water - Gauteng,2528CA00019,Borehole,-25.55033,28.12471,7.15,,,,,,4.998791728
Dept Water - Gauteng,2528CA00019,Borehole,-25.55033,28.12471,7.16,,,,,,4.998791728
Dept Water - Gauteng,2528CA00019,Borehole,-25.55033,28.12471,7.17,,,,,,4.998791728
Dept Water - Gauteng,2528CA00019,Borehole,-25.55033,28.12471,7.18,,,,,,4.998791728
Dept Water - Gauteng,2528CA00019,Borehole,-25.55033,28.12471,7.19,,,,,,4.998791728
Dept Water - Gauteng,2528CA00019,Borehole,-25.55033,28.12471,7.2,,,,,,4.998791728
Dept Water - Gauteng,2528CA00019,Borehole,-25.55033,28.12471,7.21,,,,,,4.998791728
Dept Water - Gauteng,2528CA00019,Borehole,-25.55033,28.12471,7.22,,,,,,4.998791728
Dept Water - Gauteng,2528CA00019,Borehole,-25.55033,28.12471,7.23,,,,,,4.998791728
Dept Water - Gauteng,2528CA00019,Borehole,-25.55033,28.12471,7.24,,,,,,4.998791728
Dept Water - Gauteng,2528CA00019,Borehole,-25.55033,28.12471,7.25,,,,,,4.998791728
Dept Water - Gauteng,2528CA00019,Borehole,-25.55033,28.12471,7.26,,,,,,4.998791728
Dept Water - Gauteng,2528CA00019,Borehole,-25.55033,28.12471,7.27,,,,,,4.998791728
Dept Water - Gauteng,2528CA00019,Borehole,-25.55033,28.12471,7.28,,,,,,4.998791728
Dept Water - Gauteng,2528CA00019,Borehole,-25.55033,28.12471,7.29,,,,,,4.998791728
Dept Water - Gauteng,2528CA00019,Borehole,-25.55033,28.12471,7.3,,,,,,4.998791728
Dept Water - Gauteng,2528CA00019,Borehole,-25.55033,28.12471,7.31,,,,,,4.998791728
Dept Water - Gauteng,2528CA00019,Borehole,-25.55033,28.12471,7.32,,,,,,4.998791728
Dept Water - Gauteng,2528CA00019,Borehole,-25.55033,28.12471,7.33,,,,,,4.998791728
Dept Water - Gauteng,2528CA00019,Borehole,-25.55033,28.12471,7.34,,,,,,4.998791728
Dept Water - Gauteng,2528CA00019,Borehole,-25.55033,28.12471,7.35,,,,,,4.998791728
Dept Water - Gauteng,2528CA00019,Borehole,-25.55033,28.12471,7.36,,,,,,4.998791728
Dept Water - Gauteng,2528CA00019,Borehole,-25.55033,28.12471,7.37,,,,,,4.998791728
Dept Water - Gauteng,2528CA00019,Borehole,-25.55033,28.12471,7.38,,,,,,4.998791728
Dept Water - Gauteng,2528CA00019,Borehole,-25.55033,28.12471,7.39,,,,,,4.998791728
Dept Water - Gauteng,2528CA00019,Borehole,-25.55033,28.12471,7.4,,,,,,4.998791728
Dept Water - Gauteng,2528CA00019,Borehole,-25.55033,28.12471,7.41,,,,,,4.998791728
Dept Water - Gauteng,2528CA00019,Borehole,-25.55033,28.12471,7.42,,,,,,4.998791728
Dept Water - Gauteng,2528CA00019,Borehole,-25.55033,28.12471,7.43,,,,,,4.998791728
Dept Water - Gauteng,2528CA00019,Borehole,-25.55033,28.12471,7.44,,,,,,4.998791728
Dept Water - Gauteng,2528CA00019,Borehole,-25.55033,28.12471,7.45,,,,,,4.998791728
Dept Water - Gauteng,2528CA00019,Borehole,-25.55033,28.12471,7.46,,,,,,4.998791728
Dept Water - Gauteng,2528CA00019,Borehole,-25.55033,28.12471,7.47,,,,,,4.998791728
Dept Water - Gauteng,2528CA00019,Borehole,-25.55033,28.12471,7.48,,,,,,4.998791728
Dept Water - Gauteng,2528CA00019,Borehole,-25.55033,28.12471,7.5,,,,,,4.998791728
Dept Water - Gauteng,2528CA00019,Borehole,-25.55033,28.12471,7.51,,,,,,4.998791728
Dept Water - Gauteng,2528CA00019,Borehole,-25.55033,28.12471,7.52,,,,,,4.998791728
Dept Water - Gauteng,2528CA00019,Borehole,-25.55033,28.12471,7.53,,,,,,4.998791728
Dept Water - Gauteng,2528CA00019,Borehole,-25.55033,28.12471,7.54,,,,,,4.998791728
Dept Water - Gauteng,2528CA00019,Borehole,-25.55033,28.12471,7.55,,,,,,4.998791728
Dept Water - Gauteng,2528CA00019,Borehole,-25.55033,28.12471,7.56,,,,,,4.998791728
Dept Water - Gauteng,2528CA00019,Borehole,-25.55033,28.12471,7.58,,,,,,4.998791728
Dept Water - Gauteng,2528CA00019,Borehole,-25.55033,28.12471,7.59,,,,,,4.998791728
Dept Water - Gauteng,2528CA00019,Borehole,-25.55033,28.12471,7.6,,,,,,4.998791728
Dept Water - Gauteng,2528CA00019,Borehole,-25.55033,28.12471,7.62,,,,,,4.998791728
Dept Water - Gauteng,2528CA00019,Borehole,-25.55033,28.12471,7.63,,,,,,4.998791728
Dept Water - Gauteng,2528CA00019,Borehole,-25.55033,28.12471,7.64,,,,,,4.998791728
Dept Water - Gauteng,2528CA00019,Borehole,-25.55033,28.12471,7.65,,,,,,4.998791728
Dept Water - Gauteng,2528CA00019,Borehole,-25.55033,28.12471,7.66,,,,,,4.998791728
Dept Water - Gauteng,2528CA00019,Borehole,-25.55033,28.12471,7.67,,,,,,4.998791728
Dept Water - Gauteng,2528CA00019,Borehole,-25.55033,28.12471,7.68,,,,,,4.998791728
Dept Water - Gauteng,2528CA00019,Borehole,-25.55033,28.12471,7.69,,,,,,4.998791728
Dept Water - Gauteng,2528CA00019,Borehole,-25.55033,28.12471,7.7,,,,,,4.998791728
Dept Water - Gauteng,2528CA00019,Borehole,-25.55033,28.12471,7.71,,,,,,4.998791728
Dept Water - Gauteng,2528CA00019,Borehole,-25.55033,28.12471,7.72,,,,,,4.998791728
Dept Water - Gauteng,2528CA00019,Borehole,-25.55033,28.12471,7.73,,,,,,4.998791728
Dept Water - Gauteng,2528CA00019,Borehole,-25.55033,28.12471,7.74,,,,,,4.998791728
Dept Water - Gauteng,2528CA00019,Borehole,-25.55033,28.12471,7.75,,,,,,4.998791728
Dept Water - Gauteng,2528CA00019,Borehole,-25.55033,28.12471,7.76,,,,,,4.998791728
Dept Water - Gauteng,2528CA00019,Borehole,-25.55033,28.12471,7.77,,,,,,4.998791728
Dept Water - Gauteng,2528CA00019,Borehole,-25.55033,28.12471,7.78,,,,,,4.998791728
Dept Water - Gauteng,2528CA00019,Borehole,-25.55033,28.12471,7.79,,,,,,4.998791728
Dept Water - Gauteng,2528CA00019,Borehole,-25.55033,28.12471,7.8,,,,,,4.998791728
Dept Water - Gauteng,2528CA00019,Borehole,-25.55033,28.12471,7.81,,,,,,4.998791728
Dept Water - Gauteng,2528CA00019,Borehole,-25.55033,28.12471,7.83,,,,,,4.998791728
Dept Water - Gauteng,2528CA00019,Borehole,-25.55033,28.12471,7.84,,,,,,4.998791728
Dept Water - Gauteng,2528CA00019,Borehole,-25.55033,28.12471,7.85,,,,,,4.998791728
Dept Water - Gauteng,2528CA00019,Borehole,-25.55033,28.12471,7.86,,,,,,4.998791728
Dept Water - Gauteng,2528CA00019,Borehole,-25.55033,28.12471,7.87,,,,,,4.998791728
Dept Water - Gauteng,2528CA00019,Borehole,-25.55033,28.12471,7.88,,,,,,4.998791728
Dept Water - Gauteng,2528CA00019,Borehole,-25.55033,28.12471,7.89,,,,,,4.998791728
Dept Water - Gauteng,2528CA00019,Borehole,-25.55033,28.12471,7.9,,,,,,4.998791728
Dept Water - Gauteng,2528CA00019,Borehole,-25.55033,28.12471,7.91,,,,,,4.998791728
Dept Water - Gauteng,2528CA00019,Borehole,-25.55033,28.12471,7.92,,,,,,4.998791728
Dept Water - Gauteng,2528CA00019,Borehole,-25.55033,28.12471,7.94,,,,,,4.998791728
Dept Water - Gauteng,2528CA00019,Borehole,-25.55033,28.12471,7.95,,,,,,4.998791728
Dept Water - Gauteng,2528CA00019,Borehole,-25.55033,28.12471,7.96,,,,,,4.998791728
Dept Water - Gauteng,2528CA00019,Borehole,-25.55033,28.12471,7.97,,,,,,4.998791728
Dept Water - Gauteng,2528CA00019,Borehole,-25.55033,28.12471,7.98,,,,,,4.998791728
Dept Water - Gauteng,2528CA00019,Borehole,-25.55033,28.12471,7.99,,,,,,4.998791728
Dept Water - Gauteng,2528CA00019,Borehole,-25.55033,28.12471,8,,,,,,4.998791728
Dept Water - Gauteng,2528CA00019,Borehole,-25.55033,28.12471,8.01,,,,,,4.998791728
Dept Water - Gauteng,2528CA00019,Borehole,-25.55033,28.12471,8.02,,,,,,4.998791728
Dept Water - Gauteng,2528CA00019,Borehole,-25.55033,28.12471,8.03,,,,,,4.998791728
Dept Water - Gauteng,2528CA00019,Borehole,-25.55033,28.12471,8.05,,,,,,4.998791728
Dept Water - Gauteng,2528CA00019,Borehole,-25.55033,28.12471,8.06,,,,,,4.998791728
Dept Water - Gauteng,2528CA00019,Borehole,-25.55033,28.12471,8.08,,,,,,4.998791728
Dept Water - Gauteng,2528CA00019,Borehole,-25.55033,28.12471,8.09,,,,,,4.998791728
Dept Water - Gauteng,2528CA00019,Borehole,-25.55033,28.12471,8.1,,,,,,4.998791728
Dept Water - Gauteng,2528CA00019,Borehole,-25.55033,28.12471,8.11,,,,,,4.998791728
Dept Water - Gauteng,2528CA00019,Borehole,-25.55033,28.12471,8.12,,,,,,4.998791728
Dept Water - Gauteng,2528CA00019,Borehole,-25.55033,28.12471,8.13,,,,,,4.998791728
Dept Water - Gauteng,2528CA00019,Borehole,-25.55033,28.12471,8.14,,,,,,4.998791728
Dept Water - Gauteng,2528CA00019,Borehole,-25.55033,28.12471,8.15,,,,,,4.998791728
Dept Water - Gauteng,2528CA00019,Borehole,-25.55033,28.12471,8.17,,,,,,4.998791728
Dept Water - Gauteng,2528CA00019,Borehole,-25.55033,28.12471,8.19,,,,,,4.998791728
Dept Water - Gauteng,2528CA00019,Borehole,-25.55033,28.12471,8.2,,,,,,4.998791728
Dept Water - Gauteng,2528CA00019,Borehole,-25.55033,28.12471,8.21,,,,,,4.998791728
Dept Water - Gauteng,2528CA00019,Borehole,-25.55033,28.12471,8.22,,,,,,4.998791728
Dept Water - Gauteng,2528CA00019,Borehole,-25.55033,28.12471,8.23,,,,,,4.998791728
Dept Water - Gauteng,2528CA00019,Borehole,-25.55033,28.12471,8.25,,,,,,4.998791728
Dept Water - Gauteng,2528CA00019,Borehole,-25.55033,28.12471,8.28,,,,,,4.998791728
Dept Water - Gauteng,2528CA00019,Borehole,-25.55033,28.12471,8.3,,,,,,4.998791728
Dept Water - Gauteng,2528CA00019,Borehole,-25.55033,28.12471,8.31,,,,,,4.998791728
Dept Water - Gauteng,2528CA00019,Borehole,-25.55033,28.12471,8.33,,,,,,4.998791728
Dept Water - Gauteng,2528CA00019,Borehole,-25.55033,28.12471,8.34,,,,,,4.998791728
Dept Water - Gauteng,2528CA00019,Borehole,-25.55033,28.12471,8.36,,,,,,4.998791728
Dept Water - Gauteng,2528CA00019,Borehole,-25.55033,28.12471,8.37,,,,,,4.998791728
Dept Water - Gauteng,2528CA00019,Borehole,-25.55033,28.12471,8.4,,,,,,4.998791728
Dept Water - Gauteng,2528CA00019,Borehole,-25.55033,28.12471,8.41,,,,,,4.998791728
Dept Water - Gauteng,2528CA00019,Borehole,-25.55033,28.12471,8.42,,,,,,4.998791728
Dept Water - Gauteng,2528CA00019,Borehole,-25.55033,28.12471,8.44,,,,,,4.998791728
Dept Water - Gauteng,2528CA00019,Borehole,-25.55033,28.12471,8.45,,,,,,4.998791728
Dept Water - Gauteng,2528CA00019,Borehole,-25.55033,28.12471,8.46,,,,,,4.998791728
Dept Water - Gauteng,2528CA00019,Borehole,-25.55033,28.12471,8.48,,,,,,4.998791728
Dept Water - Gauteng,2528CA00019,Borehole,-25.55033,28.12471,8.49,,,,,,4.998791728
Dept Water - Gauteng,2528CA00019,Borehole,-25.55033,28.12471,8.5,,,,,,4.998791728
Dept Water - Gauteng,2528CA00019,Borehole,-25.55033,28.12471,8.51,,,,,,4.998791728
Dept Water - Gauteng,2528CA00019,Borehole,-25.55033,28.12471,8.52,,,,,,4.998791728
Dept Water - Gauteng,2528CA00019,Borehole,-25.55033,28.12471,8.53,,,,,,4.998791728
Dept Water - Gauteng,2528CA00019,Borehole,-25.55033,28.12471,8.54,,,,,,4.998791728
Dept Water - Gauteng,2528CA00019,Borehole,-25.55033,28.12471,8.55,,,,,,4.998791728
Dept Water - Gauteng,2528CA00019,Borehole,-25.55033,28.12471,8.56,,,,,,4.998791728
Dept Water - Gauteng,2528CA00019,Borehole,-25.55033,28.12471,8.57,,,,,,4.998791728
Dept Water - Gauteng,2528CA00019,Borehole,-25.55033,28.12471,8.58,,,,,,4.998791728
Dept Water - Gauteng,2528CA00019,Borehole,-25.55033,28.12471,8.59,,,,,,4.998791728
Dept Water - Gauteng,2528CA00019,Borehole,-25.55033,28.12471,8.62,,,,,,4.998791728
Dept Water - Gauteng,2528CA00019,Borehole,-25.55033,28.12471,8.66,,,,,,4.998791728
Dept Water - Gauteng,2528CA00019,Borehole,-25.55033,28.12471,8.67,,,,,,4.998791728
Dept Water - Gauteng,2528CA00019,Borehole,-25.55033,28.12471,8.68,,,,,,4.998791728
Dept Water - Gauteng,2528CA00019,Borehole,-25.55033,28.12471,8.69,,,,,,4.998791728
Dept Water - Gauteng,2528CA00019,Borehole,-25.55033,28.12471,8.75,,,,,,4.998791728
Dept Water - Gauteng,2528CA00019,Borehole,-25.55033,28.12471,8.76,,,,,,4.998791728
Dept Water - Gauteng,2528CA00019,Borehole,-25.55033,28.12471,8.78,,,,,,4.998791728
Dept Water - Gauteng,2528CA00019,Borehole,-25.55033,28.12471,8.79,,,,,,4.998791728
Dept Water - Gauteng,2528CA00019,Borehole,-25.55033,28.12471,8.8,,,,,,4.998791728
Dept Water - Gauteng,2528CA00019,Borehole,-25.55033,28.12471,8.81,,,,,,4.998791728
Dept Water - Gauteng,2528CA00019,Borehole,-25.55033,28.12471,8.82,,,,,,4.998791728
Dept Water - Gauteng,2528CA00019,Borehole,-25.55033,28.12471,8.83,,,,,,4.998791728
Dept Water - Gauteng,2528CA00019,Borehole,-25.55033,28.12471,8.84,,,,,,4.998791728
Dept Water - Gauteng,2528CA00019,Borehole,-25.55033,28.12471,8.86,,,,,,4.998791728
Dept Water - Gauteng,2528CA00019,Borehole,-25.55033,28.12471,8.87,,,,,,4.998791728
Dept Water - Gauteng,2528CA00019,Borehole,-25.55033,28.12471,8.88,,,,,,4.998791728
Dept Water - Gauteng,2528CA00019,Borehole,-25.55033,28.12471,8.89,,,,,,4.998791728
Dept Water - Gauteng,2528CA00019,Borehole,-25.55033,28.12471,8.9,,,,,,4.998791728
Dept Water - Gauteng,2528CA00019,Borehole,-25.55033,28.12471,8.91,,,,,,4.998791728
Dept Water - Gauteng,2528CA00019,Borehole,-25.55033,28.12471,8.92,,,,,,4.998791728
Dept Water - Gauteng,2528CA00019,Borehole,-25.55033,28.12471,8.93,,,,,,4.998791728
Dept Water - Gauteng,2528CA00019,Borehole,-25.55033,28.12471,8.94,,,,,,4.998791728
Dept Water - Gauteng,2528CA00019,Borehole,-25.55033,28.12471,8.95,,,,,,4.998791728
Dept Water - Gauteng,2528CA00019,Borehole,-25.55033,28.12471,9,,,,,,4.998791728
Dept Water - Gauteng,2528CA00019,Borehole,-25.55033,28.12471,9.01,,,,,,4.998791728
Dept Water - Gauteng,2528CA00019,Borehole,-25.55033,28.12471,9.06,,,,,,4.998791728
Dept Water - Gauteng,2528CA00019,Borehole,-25.55033,28.12471,9.08,,,,,,4.998791728
Dept Water - Gauteng,2528CA00019,Borehole,-25.55033,28.12471,9.1,,,,,,4.998791728
Dept Water - Gauteng,2528CA00019,Borehole,-25.55033,28.12471,9.11,,,,,,4.998791728
Dept Water - Pretoria,2528CA00087,Borehole,-25.54811,28.08665,,,,,,,4.077862329
Dept Water - Pretoria,2528CA00085,Borehole,-25.54033,28.20999,,,,,,,12.72017755
Dept Water - Pretoria,2528CA00543,Borehole,-25.53399,28.21165,3.05,0,3.66,SOIL,Unconsolidated,,12.75552448
Dept Water - Pretoria,2528CA00543,Borehole,-25.53399,28.21165,3.05,3.66,40.54,Granite,Consolidated,,12.75552448
Dept Water - Pretoria,2528CA00075,Borehole,-25.53398,28.21165,,0,3.05,SOIL,Unconsolidated,,12.7553263
Dept Water - Pretoria,2528CA00075,Borehole,-25.53398,28.21165,,3.05,9.14,Granite,Consolidated,,12.7553263
Dept Water - Pretoria,2528CA00075,Borehole,-25.53398,28.21165,,9.14,46.94,Granite,Consolidated,,12.7553263
Dept Water - Pretoria,2528CA00074,Borehole,-25.53397,28.21165,3.96,0,4.57,SOIL,Unconsolidated,,12.75512821
Dept Water - Pretoria,2528CA00074,Borehole,-25.53397,28.21165,3.96,4.57,51.82,Granite,Consolidated,,12.75512821
Dept Water - Pretoria,2528CA00073,Borehole,-25.53396,28.21165,15.24,0,6.1,SOIL,Unconsolidated,,12.75493022
Dept Water - Pretoria,2528CA00073,Borehole,-25.53396,28.21165,15.24,6.1,9.75,Granite,Consolidated,,12.75493022
Dept Water - Pretoria,2528CA00073,Borehole,-25.53396,28.21165,15.24,9.75,41.45,Granite,Consolidated,,12.75493022
Dept Water - Pretoria,2528CA00072,Borehole,-25.53395,28.21165,12.19,0,0.61,SOIL,Unconsolidated,,12.75473232
Dept Water - Pretoria,2528CA00072,Borehole,-25.53395,28.21165,12.19,0.61,12.19,Granite,Consolidated,,12.75473232
Dept Water - Pretoria,2528CA00072,Borehole,-25.53395,28.21165,12.19,12.19,92.66,Granite,Consolidated,,12.75473232
Dept Water - Pretoria,2528CA00071,Borehole,-25.53394,28.21165,13.26,0,0.61,SOIL,Unconsolidated,,12.75453452
Dept Water - Pretoria,2528CA00071,Borehole,-25.53394,28.21165,13.26,0.61,21.03,Granite,Consolidated,,12.75453452
Dept Water - Pretoria,2528CA00071,Borehole,-25.53394,28.21165,13.26,21.03,49.68,Diabase,Consolidated,,12.75453452
Dept Water - Pretoria,2528CA00479,Borehole,-25.53393,28.21638,13.25,0,0.6,SOIL,Unconsolidated,,13.27284266
Dept Water - Pretoria,2528CA00479,Borehole,-25.53393,28.21638,13.25,0.6,21.03,Granite,Consolidated,,13.27284266
Dept Water - Pretoria,2528CA00479,Borehole,-25.53393,28.21638,13.25,21.03,28.65,Diabase,Consolidated,,13.27284266
Dept Water - Pretoria,2528CA00481,Borehole,-25.53391,28.21638,6.09,0,4.57,SOIL,Unconsolidated,,13.27246296
Dept Water - Pretoria,2528CA00481,Borehole,-25.53391,28.21638,6.09,4.57,47.24,Granite,Consolidated,,13.27246296
Dept Water - Pretoria,2528CB00368,Borehole,-25.52568,28.27027,7.62,0,1.22,SOIL,Unconsolidated,,19.12468851
Dept Water - Pretoria,2528CB00368,Borehole,-25.52568,28.27027,7.62,1.22,104.85,Granite,Consolidated,,19.12468851
Dept Water - Pretoria,2528CB00367,Borehole,-25.52567,28.27027,11.58,0,0.61,SOIL,Unconsolidated,,19.12461018
Dept Water - Pretoria,2528CB00367,Borehole,-25.52567,28.27027,11.58,0.61,78.64,Granite,Consolidated,,19.12461018
Dept Water - Pretoria,2528CB00366,Borehole,-25.52566,28.27027,3.66,0,4.27,SOIL,Unconsolidated,,19.12453191
Dept Water - Pretoria,2528CB00366,Borehole,-25.52566,28.27027,3.66,4.27,28.19,Granite,Consolidated,,19.12453191
Dept Water - Pretoria,2528CB00365,Borehole,-25.52565,28.27027,,0,2.44,SOIL,Unconsolidated,,19.12445371
Dept Water - Pretoria,2528CB00365,Borehole,-25.52565,28.27027,,2.44,9.14,Granite,Consolidated,,19.12445371
Dept Water - Pretoria,2528CB00365,Borehole,-25.52565,28.27027,,9.14,19.51,Granite,Consolidated,,19.12445371
Dept Water - Pretoria,2528CB00364,Borehole,-25.52564,28.27027,15.24,0,9.14,SOIL,Unconsolidated,,19.12437557
Dept Water - Pretoria,2528CB00364,Borehole,-25.52564,28.27027,15.24,9.14,45.72,Granite,Consolidated,,19.12437557
Dept Water - Pretoria,2528CB00362,Borehole,-25.52562,28.27027,12.19,0,3.05,SOIL,Unconsolidated,,19.12421948
Dept Water - Pretoria,2528CB00362,Borehole,-25.52562,28.27027,12.19,3.05,71.63,Granite,Consolidated,,19.12421948
Dept Water - Pretoria,2528CB00361,Borehole,-25.52561,28.27027,54.86,0,0.61,SOIL,Unconsolidated,,19.12414154
Dept Water - Pretoria,2528CB00361,Borehole,-25.52561,28.27027,54.86,0.61,2.13,Granite,Consolidated,,19.12414154
Dept Water - Pretoria,2528CB00361,Borehole,-25.52561,28.27027,54.86,2.13,82.3,Granite,Consolidated,,19.12414154
Dept Water - Pretoria,2528CB00250,Borehole,-25.5256,28.26746,5.18,0,3.04,Granite,Consolidated,,18.81203302
Dept Water - Pretoria,2528CB00250,Borehole,-25.5256,28.26746,5.18,3.04,61.56,Granite,Consolidated,,18.81203302
Dept Water - Pretoria,2528CB00262,Borehole,-25.5256,28.26938,13.71,0,6.09,Granite,Consolidated,,19.02523268
Dept Water - Pretoria,2528CB00262,Borehole,-25.5256,28.26938,13.71,6.09,64.61,Granite,Consolidated,,19.02523268
Dept Water - Pretoria,2528CB00261,Borehole,-25.5256,28.26939,,0,7.01,Granite,Consolidated,,19.02634313
Dept Water - Pretoria,2528CB00261,Borehole,-25.5256,28.26939,,7.01,28.65,Granite,Consolidated,,19.02634313
Dept Water - Pretoria,2528CB00260,Borehole,-25.5256,28.26941,,0,10.36,Granite,Consolidated,,19.02856402
Dept Water - Pretoria,2528CB00260,Borehole,-25.5256,28.26941,,10.36,92.04,Granite,Consolidated,,19.02856402
Dept Water - Pretoria,2528CB00259,Borehole,-25.5256,28.26943,5.79,0,6.4,Granite,Consolidated,,19.03078492
Dept Water - Pretoria,2528CB00259,Borehole,-25.5256,28.26943,5.79,6.4,90.22,Granite,Consolidated,,19.03078492
Dept Water - Pretoria,2528CB00248,Borehole,-25.5256,28.26944,12.19,0,3.04,Granite,Consolidated,,19.03189537
Dept Water - Pretoria,2528CB00248,Borehole,-25.5256,28.26944,12.19,3.04,71.62,Granite,Consolidated,,19.03189537
Dept Water - Pretoria,2528CB00249,Borehole,-25.5256,28.26945,30.48,0,3.65,Granite,Consolidated,,19.03300581
Dept Water - Pretoria,2528CB00249,Borehole,-25.5256,28.26945,30.48,3.65,48.76,Granite,Consolidated,,19.03300581
Dept Water - Pretoria,2528CB00255,Borehole,-25.5256,28.26952,,0,0.6,SOIL,Unconsolidated,,19.04077896
Dept Water - Pretoria,2528CB00255,Borehole,-25.5256,28.26952,,0.6,56.69,Granite,Consolidated,,19.04077896
Dept Water - Pretoria,2528CB00257,Borehole,-25.5256,28.26954,7.32,0,0.6,SOIL,Unconsolidated,,19.04299986
Dept Water - Pretoria,2528CB00257,Borehole,-25.5256,28.26954,7.32,0.6,91.44,Granite,Consolidated,,19.04299986
Dept Water - Pretoria,2528CB00304,Borehole,-25.51315,28.32114,,0,3,SOIL,Unconsolidated,,24.74013837
Dept Water - Pretoria,2528CB00304,Borehole,-25.51315,28.32114,,3,183,Granite,Consolidated,,24.74013837
Dept Water - Pretoria,2528CB00303,Borehole,-25.51314,28.32113,,0,60,Sandstone,Consolidated,,24.73902738
Dept Water - Pretoria,2528CB00303,Borehole,-25.51314,28.32113,,60,85,Granite,Consolidated,,24.73902738
Dept Water - Pretoria,2528CB00302,Borehole,-25.51313,28.32112,16,0,6,SOIL,Unconsolidated,,24.73791644
Dept Water - Pretoria,2528CB00302,Borehole,-25.51313,28.32112,16,6,167,Granite,Consolidated,,24.73791644
Dept Water - Pretoria,2528CB00302,Borehole,-25.51313,28.32112,16,167,177,Granite,Consolidated,Hard,24.73791644
Dept Water - Pretoria,2528CB00301,Borehole,-25.51312,28.32111,12,0,60,Granite,Consolidated,,24.73680555
Dept Water - Pretoria,2528CB00301,Borehole,-25.51312,28.32111,12,60,134,Granite,Consolidated,Hard,24.73680555
Dept Water - Pretoria,2528CB00300,Borehole,-25.51311,28.3211,,0,10,Clay,Unconsolidated,,24.73569472
Dept Water - Pretoria,2528CB00300,Borehole,-25.51311,28.3211,,10,61,Gravel,Unconsolidated,,24.73569472
Dept Water - Pretoria,2527DB00057,Borehole,-25.51033,27.89663,18.7,,,,,,22.51927959
Dept Water - Pretoria,2527DB00418,Borehole,-25.50701,27.97554,18.28,0,4.57,Granite,Consolidated,,13.75159945
Dept Water - Pretoria,2527DB00418,Borehole,-25.50701,27.97554,18.28,4.57,48.76,Granite,Consolidated,,13.75159945
Dept Water - Pretoria,2528CA00347,Borehole,-25.5009,28.16071,,0,60.96,Clay,Unconsolidated,,7.024443334
Dept Water - Pretoria,2528CA00343,Borehole,-25.5009,28.16076,0.6,0,0.6,SOIL,Unconsolidated,,7.029895781
Dept Water - Pretoria,2528CA00343,Borehole,-25.5009,28.16076,0.6,0.6,1.82,Clay,Unconsolidated,,7.029895781
Dept Water - Pretoria,2528CA00343,Borehole,-25.5009,28.16076,0.6,1.82,44.19,Diabase,Consolidated,,7.029895781
Dept Water - Pretoria,2528CA00343,Borehole,-25.5009,28.16076,0.6,44.19,63.7,Felsite,Consolidated,,7.029895781
Dept Water - Pretoria,2528CA00330,Borehole,-25.5009,28.16089,,0,22.86,Grit,Unconsolidated,,7.044072973
Dept Water - Pretoria,2528CA00330,Borehole,-25.5009,28.16089,,22.86,34.13,Granite,Consolidated,,7.044072973
Dept Water - Pretoria,2528CA00346,Borehole,-25.50089,28.16072,8.22,0,36.27,Quartzite,Consolidated,,7.025757659
Dept Water - Pretoria,2528CA00346,Borehole,-25.50089,28.16072,8.22,36.27,152.7,Granite,Consolidated,,7.025757659
Dept Water - Pretoria,2528CA00342,Borehole,-25.50089,28.16077,11.27,0,30.78,Granite,Consolidated,,7.031209967
Dept Water - Pretoria,2528CA00333,Borehole,-25.50089,28.16094,,0,1.52,SOIL,Unconsolidated,,7.049749145
Dept Water - Pretoria,2528CA00333,Borehole,-25.50089,28.16094,,1.52,21.33,Granite,Consolidated,,7.049749145
Dept Water - Pretoria,2528CA00345,Borehole,-25.50088,28.16073,24.38,0,17.06,Clay,Unconsolidated,,7.02707209
Dept Water - Pretoria,2528CA00345,Borehole,-25.50088,28.16073,24.38,17.06,31.69,Granite,Consolidated,,7.02707209
Dept Water - Pretoria,2528CA00341,Borehole,-25.50088,28.16078,6.7,,,,,,7.032524261
Dept Water - Pretoria,2528CA00329,Borehole,-25.50088,28.16088,,0,28.34,Granite,Consolidated,,7.043429136
Dept Water - Pretoria,2528CA00329,Borehole,-25.50088,28.16088,,28.34,48.15,Granite,Consolidated,,7.043429136
Dept Water - Pretoria,2528CA00340,Borehole,-25.50087,28.16079,5.18,0,0.91,SOIL,Unconsolidated,,7.033838661
Dept Water - Pretoria,2528CA00340,Borehole,-25.50087,28.16079,5.18,0.91,25.9,Granite,Consolidated,,7.033838661
Dept Water - Pretoria,2528CA00340,Borehole,-25.50087,28.16079,5.18,25.9,39.01,Granite,Consolidated,,7.033838661
Dept Water - Pretoria,2528CA00349,Borehole,-25.50086,28.16069,3.04,0,3.65,Clay,Unconsolidated,,7.023159236
Dept Water - Pretoria,2528CA00349,Borehole,-25.50086,28.16069,3.04,3.65,49.37,Chalk,Consolidated,,7.023159236
Dept Water - Pretoria,2528CA00349,Borehole,-25.50086,28.16069,3.04,49.37,71.62,Shale,Consolidated,,7.023159236
Dept Water - Pretoria,2528CA00338,Borehole,-25.50086,28.16081,3.65,0,3.04,SOIL,Unconsolidated,,7.036243568
Dept Water - Pretoria,2528CA00338,Borehole,-25.50086,28.16081,3.65,3.04,27.73,Felsite,Consolidated,,7.036243568
Dept Water - Pretoria,2528CA00338,Borehole,-25.50086,28.16081,3.65,27.73,29.87,Felsite,Consolidated,,7.036243568
Dept Water - Pretoria,2528CA00338,Borehole,-25.50086,28.16081,3.65,29.87,31.69,Mud,Unconsolidated,,7.036243568
Dept Water - Pretoria,2528CA00338,Borehole,-25.50086,28.16081,3.65,31.69,45.41,Felsite,Consolidated,,7.036243568
Dept Water - Pretoria,2528CA00338,Borehole,-25.50086,28.16081,3.65,45.41,45.72,Mud,Unconsolidated,,7.036243568
Dept Water - Pretoria,2528CA00338,Borehole,-25.50086,28.16081,3.65,45.72,62.48,Felsite,Consolidated,,7.036243568
Dept Water - Pretoria,2528CA00338,Borehole,-25.50086,28.16081,3.65,62.48,69.79,Mud,Unconsolidated,,7.036243568
Dept Water - Pretoria,2528CA00338,Borehole,-25.50086,28.16081,3.65,69.79,77.41,Felsite,Consolidated,,7.036243568
Dept Water - Pretoria,2528CA00338,Borehole,-25.50086,28.16081,3.65,77.41,89,Mud,Unconsolidated,,7.036243568
Dept Water - Pretoria,2528CA00325,Borehole,-25.50085,28.16083,,0,30.48,Granite,Consolidated,,7.038648533
Dept Water - Pretoria,2528CA00324,Borehole,-25.50084,28.16082,,0,33.52,Granite,Consolidated,,7.037782501
Dept Water - Pretoria,2528CA00334,Borehole,-25.50084,28.16095,,0,22.86,Granite,Consolidated,,7.051957544
Dept Water - Pretoria,2528CA00337,Borehole,-25.50084,28.16098,9.14,0,19.2,Felsite,Consolidated,,7.055228879
Dept Water - Pretoria,2528CA00337,Borehole,-25.50084,28.16098,9.14,19.2,30.48,Felsite,Consolidated,,7.055228879
Dept Water - Pretoria,2528CA00337,Borehole,-25.50084,28.16098,9.14,30.48,51.81,Felsite,Consolidated,Hard,7.055228879
Dept Water - Pretoria,2528CA00335,Borehole,-25.50083,28.16096,,0,91.44,Granite,Consolidated,,7.053272012
Dept Water - Pretoria,2528CA00332,Borehole,-25.50082,28.16091,12.19,0,6.09,SOIL,Unconsolidated,,7.04804444
Dept Water - Pretoria,2528CA00332,Borehole,-25.50082,28.16091,12.19,6.09,9.14,Granite,Consolidated,,7.04804444
Dept Water - Pretoria,2528CA00332,Borehole,-25.50082,28.16091,12.19,9.14,39.62,Granite,Consolidated,,7.04804444
Dept Water - Pretoria,2528CA00323,Borehole,-25.50082,28.16092,12.19,0,6.09,SOIL,Unconsolidated,,7.04913478
Dept Water - Pretoria,2528CA00323,Borehole,-25.50082,28.16092,12.19,6.09,12.19,Granite,Consolidated,,7.04913478
Dept Water - Pretoria,2528CA00323,Borehole,-25.50082,28.16092,12.19,12.19,32,Granite,Consolidated,,7.04913478
Dept Water - Pretoria,2528CA00323,Borehole,-25.50082,28.16092,12.19,32,33.52,Quartzite,Consolidated,,7.04913478
Dept Water - Pretoria,2528CA00323,Borehole,-25.50082,28.16092,12.19,33.52,38.4,Granite,Consolidated,,7.04913478
Dept Water - Pretoria,2528CA00336,Borehole,-25.50082,28.16097,2.13,0,3.04,Gravel,Unconsolidated,,7.054586587
Dept Water - Pretoria,2528CA00336,Borehole,-25.50082,28.16097,2.13,3.04,36.57,Granite,Consolidated,,7.054586587
Dept Water - Pretoria,2528CA00322,Borehole,-25.50081,28.16093,,0,6.09,SOIL,Unconsolidated,,7.050449599
Dept Water - Pretoria,2528CA00322,Borehole,-25.50081,28.16093,,6.09,13.1,Granite,Consolidated,,7.050449599
Dept Water - Pretoria,2528CA00322,Borehole,-25.50081,28.16093,,13.1,34.44,Granite,Consolidated,,7.050449599
Dept Water - Pretoria,2528CA00322,Borehole,-25.50081,28.16093,,34.44,42.97,Quartzite,Consolidated,,7.050449599
Dept Water - Pretoria,2528CA00322,Borehole,-25.50081,28.16093,,42.97,60.96,Granite,Consolidated,,7.050449599
Dept Water - Pretoria,2528AC00281,Borehole,-25.49228,28.0711,8,0,2,SOIL,Unconsolidated,,3.898773576
Dept Water - Pretoria,2528AC00281,Borehole,-25.49228,28.0711,8,2,5,Conglomerate,Unconsolidated,,3.898773576
Dept Water - Pretoria,2528AC00281,Borehole,-25.49228,28.0711,8,5,10,Granite,Consolidated,,3.898773576
Dept Water - Pretoria,2528AC00281,Borehole,-25.49228,28.0711,8,10,12,Granite,Consolidated,Hard,3.898773576
Dept Water - Pretoria,2528AC00281,Borehole,-25.49228,28.0711,8,12,60,Granite,Consolidated,,3.898773576
Dept Water - Pretoria,2528AC00282,Borehole,-25.49228,28.17109,,0,2,SOIL,Unconsolidated,,8.379205761
Dept Water - Pretoria,2528AC00282,Borehole,-25.49228,28.17109,,2,5,Sand,Unconsolidated,,8.379205761
Dept Water - Pretoria,2528AC00282,Borehole,-25.49228,28.17109,,5,10,Granite,Consolidated,,8.379205761
Dept Water - Pretoria,2528AC00282,Borehole,-25.49228,28.17109,,10,12,Granite,Consolidated,Hard,8.379205761
Dept Water - Pretoria,2528AC00282,Borehole,-25.49228,28.17109,,12,120,Granite,Consolidated,,8.379205761
Dept Water - Pretoria,2528AC00148,Borehole,-25.48484,28.17054,18.29,0,23.47,Granite,Consolidated,,8.59333582
Dept Water - Pretoria,2528AC00148,Borehole,-25.48484,28.17054,18.29,23.47,35.66,Dolerite,Consolidated,,8.59333582
Dept Water - Pretoria,2528AC00148,Borehole,-25.48484,28.17054,18.29,35.66,37.19,Dolerite,Consolidated,,8.59333582
Dept Water - Pretoria,2528AC00146,Borehole,-25.48482,28.17054,14.02,0,9.45,Granite,Consolidated,,8.59416514
Dept Water - Pretoria,2528AC00146,Borehole,-25.48482,28.17054,14.02,9.45,38.71,Granite,Consolidated,,8.59416514
Dept Water - Pretoria,2528AC00145,Borehole,-25.48481,28.17054,9.14,0,0.91,SOIL,Unconsolidated,,8.594579986
Dept Water - Pretoria,2528AC00145,Borehole,-25.48481,28.17054,9.14,0.91,77.11,Granite,Consolidated,,8.594579986
Dept Water - Pretoria,2528AD00030,Borehole,-25.48481,28.31893,,0,0.91,SOIL,Unconsolidated,,24.70265278
Dept Water - Pretoria,2528AD00030,Borehole,-25.48481,28.31893,,0.91,6.7,Granite,Consolidated,,24.70265278
Dept Water - Pretoria,2528AD00030,Borehole,-25.48481,28.31893,,6.7,52.12,Granite,Consolidated,,24.70265278
Dept Water - Pretoria,2528AD00030,Borehole,-25.48481,28.31893,,52.12,73.45,Clay,Unconsolidated,,24.70265278
Dept Water - Pretoria,2528AD00030,Borehole,-25.48481,28.31893,,73.45,83.82,Granite,Consolidated,,24.70265278
Dept Water - Pretoria,2528AD00030,Borehole,-25.48481,28.31893,,83.82,91.13,Granite,Consolidated,,24.70265278
Dept Water - Pretoria,2528AC00144,Borehole,-25.4848,28.17054,,0,15.24,Granite,Consolidated,,8.594994957
Dept Water - Pretoria,2528AC00144,Borehole,-25.4848,28.17054,,15.24,24.38,Dolerite,Consolidated,,8.594994957
Dept Water - Pretoria,2528AC00144,Borehole,-25.4848,28.17054,,24.38,33.22,Dolerite,Consolidated,,8.594994957
Dept Water - Pretoria,2528AD00029,Borehole,-25.4848,28.31892,,0,1.21,SOIL,Unconsolidated,,24.70169337
Dept Water - Pretoria,2528AD00029,Borehole,-25.4848,28.31892,,1.21,12.19,Conglomerate,Unconsolidated,,24.70169337
Dept Water - Pretoria,2528AD00029,Borehole,-25.4848,28.31892,,12.19,21.33,Clay,Unconsolidated,,24.70169337
Dept Water - Pretoria,2528AD00029,Borehole,-25.4848,28.31892,,21.33,52.12,Granite,Consolidated,,24.70169337
Dept Water - Pretoria,2528AD00028,Borehole,-25.48479,28.31891,,0,91.44,Mudstone,Consolidated,,24.70073402
Dept Water - Pretoria,2528AC00142,Borehole,-25.48478,28.17054,,0,13.72,Granite,Consolidated,,8.59582527
Dept Water - Pretoria,2528AC00142,Borehole,-25.48478,28.17054,,13.72,43.28,Granite,Consolidated,,8.59582527
Dept Water - Pretoria,2528AD00026,Borehole,-25.48478,28.31889,,0,91.44,Shale,Consolidated,,24.69867095
Dept Water - Pretoria,2528AD00027,Borehole,-25.48478,28.3189,,0,46.93,Clay,Unconsolidated,,24.69977473
Dept Water - Pretoria,2528AD00027,Borehole,-25.48478,28.3189,,46.93,51.81,Shale,Consolidated,,24.69977473
Dept Water - Pretoria,2528AD00027,Borehole,-25.48478,28.3189,,51.81,91.44,Mudstone,Consolidated,,24.69977473
Dept Water - Pretoria,2528AD00025,Borehole,-25.48477,28.31888,35.36,0,1.82,SOIL,Unconsolidated,,24.69771173
Dept Water - Pretoria,2528AD00025,Borehole,-25.48477,28.31888,35.36,1.82,4.26,Ferricrete,Consolidated,,24.69771173
Dept Water - Pretoria,2528AD00025,Borehole,-25.48477,28.31888,35.36,4.26,91.44,Clay,Unconsolidated,,24.69771173
Dept Water - Pretoria,2528AD00025,Borehole,-25.48477,28.31888,35.36,91.44,137.16,Granite,Consolidated,,24.69771173
Dept Water - Pretoria,2528AD00031,Borehole,-25.48476,28.31887,,0,91.44,Clay,Unconsolidated,,24.69675258
Dept Water - Pretoria,2528AC00279,Borehole,-25.48453,28.15391,14.47,0,5,SOIL,Unconsolidated,,6.925751506
Dept Water - Pretoria,2528AC00279,Borehole,-25.48453,28.15391,14.47,5,45,Siltstone,Consolidated,,6.925751506
Dept Water - Pretoria,2528AC00279,Borehole,-25.48453,28.15391,14.47,45,72,Granite,Consolidated,,6.925751506
Dept Water - Pretoria,2528AC00279,Borehole,-25.48453,28.15391,29.02,0,5,SOIL,Unconsolidated,,6.925751506
Dept Water - Pretoria,2528AC00279,Borehole,-25.48453,28.15391,29.02,5,45,Siltstone,Consolidated,,6.925751506
Dept Water - Pretoria,2528AC00279,Borehole,-25.48453,28.15391,29.02,45,72,Granite,Consolidated,,6.925751506
Dept Water - Pretoria,2528AC00279,Borehole,-25.48453,28.15391,61.91,0,5,SOIL,Unconsolidated,,6.925751506
Dept Water - Pretoria,2528AC00279,Borehole,-25.48453,28.15391,61.91,5,45,Siltstone,Consolidated,,6.925751506
Dept Water - Pretoria,2528AC00279,Borehole,-25.48453,28.15391,61.91,45,72,Granite,Consolidated,,6.925751506
Dept Water - Pretoria,2528AC00143,Borehole,-25.48079,28.17054,26.21,0,1.52,SOIL,Unconsolidated,,8.771208656
Dept Water - Pretoria,2528AC00143,Borehole,-25.48079,28.17054,26.21,1.52,4.57,Granite,Consolidated,,8.771208656
Dept Water - Pretoria,2528AC00143,Borehole,-25.48079,28.17054,26.21,4.57,16.15,Diabase,Consolidated,,8.771208656
Dept Water - Pretoria,2528AC00143,Borehole,-25.48079,28.17054,26.21,16.15,24.38,Diabase,Consolidated,,8.771208656
Dept Water - Pretoria,2528AC00143,Borehole,-25.48079,28.17054,26.21,24.38,49.07,Granite,Consolidated,,8.771208656
Dept Water - Pretoria,2528AD00050,Borehole,-25.47425,28.27638,5.79,0,0.91,SOIL,Unconsolidated,,20.23684201
Dept Water - Pretoria,2528AD00050,Borehole,-25.47425,28.27638,5.79,0.91,15.85,Granite,Consolidated,,20.23684201
Dept Water - Pretoria,2528AD00050,Borehole,-25.47425,28.27638,5.79,15.85,22.86,Granite,Consolidated,,20.23684201
Dept Water - Pretoria,2528AD00049,Borehole,-25.47424,28.27638,7.01,0,0.91,SOIL,Unconsolidated,,20.23708291
Dept Water - Pretoria,2528AD00049,Borehole,-25.47424,28.27638,7.01,0.91,15.24,Granite,Consolidated,,20.23708291
Dept Water - Pretoria,2528AD00049,Borehole,-25.47424,28.27638,7.01,15.24,28.04,Granite,Consolidated,,20.23708291
Dept Water - Pretoria,2528AD00048,Borehole,-25.47423,28.27638,5.49,0,0.91,SOIL,Unconsolidated,,20.23732388
Dept Water - Pretoria,2528AD00048,Borehole,-25.47423,28.27638,5.49,0.91,14.63,Granite,Consolidated,,20.23732388
Dept Water - Pretoria,2528AD00048,Borehole,-25.47423,28.27638,5.49,14.63,27.43,Granite,Consolidated,,20.23732388
Dept Water - Pretoria,2528AC00139,Borehole,-25.47422,28.11082,13.41,0,1.83,SOIL,Unconsolidated,,4.578812157
Dept Water - Pretoria,2528AC00139,Borehole,-25.47422,28.11082,13.41,1.83,44.81,Granite,Consolidated,,4.578812157
Dept Water - Pretoria,2528AC00139,Borehole,-25.47422,28.11082,13.41,44.81,46.94,Granite,Consolidated,,4.578812157
Dept Water - Pretoria,2528AC00139,Borehole,-25.47422,28.11082,13.41,46.94,55.17,Granite,Consolidated,,4.578812157
Dept Water - Pretoria,2528AC00139,Borehole,-25.47422,28.11082,13.41,55.17,56.69,Diabase,Consolidated,,4.578812157
Dept Water - Pretoria,2528AC00139,Borehole,-25.47422,28.11082,13.41,56.69,91.74,Granite,Consolidated,,4.578812157
Dept Water - Pretoria,2528AC00140,Borehole,-25.47422,28.11083,9.14,0,1.22,Sand,Unconsolidated,,4.579134967
Dept Water - Pretoria,2528AC00140,Borehole,-25.47422,28.11083,9.14,1.22,6.1,Grit,Unconsolidated,,4.579134967
Dept Water - Pretoria,2528AC00140,Borehole,-25.47422,28.11083,9.14,6.1,80.47,Granite,Consolidated,,4.579134967
Dept Water - Pretoria,2528AC00141,Borehole,-25.47422,28.11084,24.38,0,0.61,SOIL,Unconsolidated,,4.579458024
Dept Water - Pretoria,2528AC00141,Borehole,-25.47422,28.11084,24.38,0.61,70.1,Granite,Consolidated,,4.579458024
Dept Water - Pretoria,2528AC00141,Borehole,-25.47422,28.11084,24.38,70.1,71.63,Diabase,Consolidated,,4.579458024
Dept Water - Pretoria,2528AD00047,Borehole,-25.47422,28.27638,12.5,0,0.3,SOIL,Unconsolidated,,20.2375649
Dept Water - Pretoria,2528AD00047,Borehole,-25.47422,28.27638,12.5,0.3,5.18,Granite,Consolidated,,20.2375649
Dept Water - Pretoria,2528AD00047,Borehole,-25.47422,28.27638,12.5,5.18,7.92,Shale,Consolidated,,20.2375649
Dept Water - Pretoria,2528AD00047,Borehole,-25.47422,28.27638,12.5,7.92,12.8,Granite,Consolidated,,20.2375649
Dept Water - Pretoria,2528AD00047,Borehole,-25.47422,28.27638,12.5,12.8,16.46,Granite,Consolidated,,20.2375649
Dept Water - Pretoria,2528AD00047,Borehole,-25.47422,28.27638,12.5,16.46,48.46,Dolerite,Consolidated,,20.2375649
Dept Water - Pretoria,2528AD00047,Borehole,-25.47422,28.27638,12.5,48.46,50.9,Granite,Consolidated,,20.2375649
Dept Water - Pretoria,2528AD00047,Borehole,-25.47422,28.27638,12.5,50.9,53.34,Granite,Consolidated,,20.2375649
Dept Water - Pretoria,2528AC00283,Borehole,-25.46811,28.09193,2,,,,,,5.121452802
Dept Water - Pretoria,2528AC00283,Borehole,-25.46811,28.09193,24,,,,,,5.121452802
Dept Water - Pretoria,2528AC00121,Borehole,-25.46565,28.01086,16.15,0,49.37,Granite,Consolidated,,11.15889219
Dept Water - Pretoria,2528AC00121,Borehole,-25.46565,28.01086,16.15,49.37,83.82,Granite,Consolidated,,11.15889219
Dept Water - Pretoria,2528AC00119,Borehole,-25.46563,28.01084,,0,33.22,Granite,Consolidated,,11.16191223
Dept Water - Pretoria,2528AC00119,Borehole,-25.46563,28.01084,,33.22,47.85,Granite,Consolidated,,11.16191223
Dept Water - Pretoria,2528AC00118,Borehole,-25.46562,28.01083,17.67,0,29.26,Granite,Consolidated,,11.16342228
Dept Water - Pretoria,2528AC00118,Borehole,-25.46562,28.01083,17.67,29.26,103.63,Granite,Consolidated,,11.16342228
Dept Water - Pretoria,2528AC00117,Borehole,-25.46561,28.01082,18.9,0,0.6,SOIL,Unconsolidated,,11.16493234
Dept Water - Pretoria,2528AC00117,Borehole,-25.46561,28.01082,18.9,0.6,6.4,Sandstone,Consolidated,,11.16493234
Dept Water - Pretoria,2528AC00117,Borehole,-25.46561,28.01082,18.9,6.4,28.34,Granite,Consolidated,,11.16493234
Dept Water - Pretoria,2528AC00117,Borehole,-25.46561,28.01082,18.9,28.34,51.81,Granite,Consolidated,,11.16493234
Dept Water - Pretoria,2527BD00025,Borehole,-25.46283,27.99691,,0,2,SOIL,Unconsolidated,,12.68145387
Dept Water - Pretoria,2527BD00025,Borehole,-25.46283,27.99691,,2,7,Granite,Consolidated,,12.68145387
Dept Water - Pretoria,2527BD00025,Borehole,-25.46283,27.99691,,7,15,Granite,Consolidated,,12.68145387
Dept Water - Pretoria,2527BD00025,Borehole,-25.46283,27.99691,,15,21,Dolerite,Consolidated,,12.68145387
Dept Water - Pretoria,2527BD00025,Borehole,-25.46283,27.99691,,21,31,Dolerite,Consolidated,,12.68145387
Dept Water - Pretoria,2527BD00025,Borehole,-25.46283,27.99691,,31,34,Granite,Consolidated,,12.68145387
Dept Water - Pretoria,2527BD00025,Borehole,-25.46283,27.99691,,34,37,Granite,Consolidated,,12.68145387
Dept Water - Pretoria,2527BD00025,Borehole,-25.46283,27.99691,,37,40,Granite,Consolidated,,12.68145387
Dept Water - Pretoria,2528AC00123,Borehole,-25.46067,28.01088,16.45,0,2.13,SOIL,Unconsolidated,,11.4324585
Dept Water - Pretoria,2528AC00123,Borehole,-25.46067,28.01088,16.45,2.13,13.1,Granite,Consolidated,,11.4324585
Dept Water - Pretoria,2528AC00123,Borehole,-25.46067,28.01088,16.45,13.1,59.13,Granite,Consolidated,,11.4324585
Dept Water - Pretoria,2528AC00122,Borehole,-25.46066,28.01087,15.24,0,22.86,Granite,Consolidated,,11.43398614
Dept Water - Pretoria,2528AC00122,Borehole,-25.46066,28.01087,15.24,22.86,28.95,Granite,Consolidated,,11.43398614
Dept Water - Pretoria,2528AC00120,Borehole,-25.46064,28.01085,,0,3.04,SOIL,Unconsolidated,,11.43704146
Dept Water - Pretoria,2528AC00120,Borehole,-25.46064,28.01085,,3.04,67.36,Granite,Consolidated,,11.43704146
Dept Water - Pretoria,2527BD00024,Borehole,-25.46005,27.98997,,0,2,SOIL,Unconsolidated,,13.51114583
Dept Water - Pretoria,2527BD00024,Borehole,-25.46005,27.98997,,2,18,Granite,Consolidated,,13.51114583
Dept Water - Pretoria,2527BD00024,Borehole,-25.46005,27.98997,,18,29,Granite,Consolidated,,13.51114583
Dept Water - Pretoria,2527BD00024,Borehole,-25.46005,27.98997,,29,31,Granite,Consolidated,,13.51114583
Dept Water - Pretoria,2527BD00024,Borehole,-25.46005,27.98997,,31,48,Granite,Consolidated,,13.51114583
Dept Water - Pretoria,2527BD00024,Borehole,-25.46005,27.98997,,48,61,Granite,Consolidated,,13.51114583
Dept Water - Pretoria,2527BD00035,Borehole,-25.45644,27.99552,,0,2,SOIL,Unconsolidated,,13.14918204
Dept Water - Pretoria,2527BD00035,Borehole,-25.45644,27.99552,,2,7,Granite,Consolidated,,13.14918204
Dept Water - Pretoria,2527BD00035,Borehole,-25.45644,27.99552,,7,11,Dolerite,Consolidated,,13.14918204
Dept Water - Pretoria,2527BD00035,Borehole,-25.45644,27.99552,,11,12,Dolerite,Consolidated,,13.14918204
Dept Water - Pretoria,2527BD00035,Borehole,-25.45644,27.99552,,12,15,Granite,Consolidated,,13.14918204
Dept Water - Pretoria,2527BD00035,Borehole,-25.45644,27.99552,,15,121,Granite,Consolidated,,13.14918204
Dept Water - Pretoria,2527BD00089,Borehole,-25.45089,27.99089,4.01,0,4,SOIL,Unconsolidated,,13.9022148
Dept Water - Pretoria,2527BD00089,Borehole,-25.45089,27.99089,4.01,4,6,Alluvium,Unconsolidated,,13.9022148
Dept Water - Pretoria,2527BD00089,Borehole,-25.45089,27.99089,4.01,6,14,Granite,Consolidated,,13.9022148
Dept Water - Pretoria,2527BD00089,Borehole,-25.45089,27.99089,4.01,14,23,Granite,Consolidated,,13.9022148
Dept Water - Pretoria,2527BD00089,Borehole,-25.45089,27.99089,4.01,23,31,Granite,Consolidated,,13.9022148
Dept Water - Pretoria,2527BD00089,Borehole,-25.45089,27.99089,4.01,31,51,Granite,Consolidated,,13.9022148
Dept Water - Pretoria,2528AC00284,Borehole,-25.45088,28.10082,6,0,2,SOIL,Unconsolidated,,6.983713557
Dept Water - Pretoria,2528AC00284,Borehole,-25.45088,28.10082,6,2,44,Granite,Consolidated,,6.983713557
Dept Water - Pretoria,2528AC00284,Borehole,-25.45088,28.10082,6,44,78,Granite,Consolidated,Hard,6.983713557
Dept Water - Pretoria,2528AC00284,Borehole,-25.45088,28.10082,38,0,2,SOIL,Unconsolidated,,6.983713557
Dept Water - Pretoria,2528AC00284,Borehole,-25.45088,28.10082,38,2,44,Granite,Consolidated,,6.983713557
Dept Water - Pretoria,2528AC00284,Borehole,-25.45088,28.10082,38,44,78,Granite,Consolidated,Hard,6.983713557
Dept Water - Pretoria,2528AC00154,Borehole,-25.44902,28.06618,,0,4,SOIL,Unconsolidated,,8.057576944
Dept Water - Pretoria,2528AC00154,Borehole,-25.44902,28.06618,,4,21,Granite,Consolidated,,8.057576944
Dept Water - Pretoria,2528AC00154,Borehole,-25.44902,28.06618,,21,44,Granite,Consolidated,,8.057576944
Dept Water - Pretoria,2528AC00154,Borehole,-25.44902,28.06618,,44,85,Granite,Consolidated,,8.057576944
Dept Water - Pretoria,2527BD00088,Borehole,-25.44483,27.98687,5.48,0,1,SOIL,Unconsolidated,,14.63230845
Dept Water - Pretoria,2527BD00088,Borehole,-25.44483,27.98687,5.48,1,15,Granite,Consolidated,,14.63230845
Dept Water - Pretoria,2527BD00088,Borehole,-25.44483,27.98687,5.48,15,39,Granite,Consolidated,,14.63230845
Dept Water - Pretoria,2527BD00088,Borehole,-25.44483,27.98687,5.48,39,53,Granite,Consolidated,,14.63230845
Dept Water - Pretoria,2527BD00088,Borehole,-25.44483,27.98687,5.48,53,71,Granite,Consolidated,,14.63230845
Dept Water - Pretoria,2528AC00046,Borehole,-25.44148,28.22864,,0,0.6,SOIL,Unconsolidated,,16.52362373
Dept Water - Pretoria,2528AC00046,Borehole,-25.44148,28.22864,,0.6,51.2,Granite,Consolidated,,16.52362373
Dept Water - Pretoria,2528AC00052,Borehole,-25.44148,28.22864,12.19,0,3.04,SOIL,Unconsolidated,,16.52362373
Dept Water - Pretoria,2528AC00052,Borehole,-25.44148,28.22864,12.19,3.04,8.83,Granite,Consolidated,,16.52362373
Dept Water - Pretoria,2528AC00052,Borehole,-25.44148,28.22864,12.19,8.83,31.39,Granite,Consolidated,,16.52362373
Dept Water - Pretoria,2528AC00052,Borehole,-25.44148,28.22864,12.19,31.39,31.69,Shale,Consolidated,,16.52362373
Dept Water - Pretoria,2528AC00052,Borehole,-25.44148,28.22864,12.19,31.69,33.22,Granite,Consolidated,,16.52362373
Dept Water - Pretoria,2528AC00051,Borehole,-25.44147,28.22863,,0,2.74,SOIL,Unconsolidated,,16.52319154
Dept Water - Pretoria,2528AC00051,Borehole,-25.44147,28.22863,,2.74,14.93,Granite,Consolidated,,16.52319154
Dept Water - Pretoria,2528AC00050,Borehole,-25.44146,28.22862,12.8,0,1.82,SOIL,Unconsolidated,,16.52275949
Dept Water - Pretoria,2528AC00050,Borehole,-25.44146,28.22862,12.8,1.82,43.28,Granite,Consolidated,,16.52275949
Dept Water - Pretoria,2528AC00050,Borehole,-25.44146,28.22862,12.8,43.28,76.5,Diabase,Consolidated,,16.52275949
Dept Water - Pretoria,2528AC00049,Borehole,-25.44145,28.22861,,0,4.57,SOIL,Unconsolidated,,16.52232758
Dept Water - Pretoria,2528AC00049,Borehole,-25.44145,28.22861,,4.57,5.48,Granite,Consolidated,,16.52232758
Dept Water - Pretoria,2528AC00049,Borehole,-25.44145,28.22861,,5.48,13.71,Granite,Consolidated,,16.52232758
Dept Water - Pretoria,2528AC00048,Borehole,-25.44144,28.2286,1.52,0,3.04,Granite,Consolidated,,16.52189581
Dept Water - Pretoria,2528AC00048,Borehole,-25.44144,28.2286,1.52,3.04,51.05,Granite,Consolidated,,16.52189581
Dept Water - Pretoria,2528AC00053,Borehole,-25.44143,28.22859,7.62,0,6.7,Granite,Consolidated,,16.52146418
Dept Water - Pretoria,2528AC00053,Borehole,-25.44143,28.22859,7.62,6.7,31.39,Granite,Consolidated,,16.52146418
Dept Water - Pretoria,2528AC00054,Borehole,-25.44142,28.22858,,0,6.09,Granite,Consolidated,,16.52103268
Dept Water - Pretoria,2528AC00054,Borehole,-25.44142,28.22858,,6.09,27.73,Granite,Consolidated,,16.52103268
Dept Water - Pretoria,2528AC00055,Borehole,-25.44141,28.22857,,0,0.91,SOIL,Unconsolidated,,16.52060133
Dept Water - Pretoria,2528AC00055,Borehole,-25.44141,28.22857,,0.91,66.14,Granite,Consolidated,,16.52060133
Dept Water - Pretoria,2528AC00056,Borehole,-25.44139,28.22855,3.96,0,1.52,SOIL,Unconsolidated,,16.51973903
Dept Water - Pretoria,2528AC00056,Borehole,-25.44139,28.22855,3.96,1.52,7.62,Clay,Unconsolidated,,16.51973903
Dept Water - Pretoria,2528AC00056,Borehole,-25.44139,28.22855,3.96,7.62,16.76,Granite,Consolidated,,16.51973903
Dept Water - Pretoria,2528AC00056,Borehole,-25.44139,28.22855,3.96,16.76,30.78,Granite,Consolidated,,16.51973903
Dept Water - Pretoria,2528AC00047,Borehole,-25.44123,28.22815,3.66,0,112.16,Granite,Consolidated,,16.48954296
Dept Water - Pretoria,2527BD00095,Borehole,-25.44075,27.98932,,0,1,Calcrete,Consolidated,,14.64702257
Dept Water - Pretoria,2527BD00095,Borehole,-25.44075,27.98932,,1,14,Granite,Consolidated,,14.64702257
Dept Water - Pretoria,2527BD00095,Borehole,-25.44075,27.98932,,14,26,Granite,Consolidated,,14.64702257
Dept Water - Pretoria,2527BD00095,Borehole,-25.44075,27.98932,,26,52,Granite,Consolidated,,14.64702257
Dept Water - Pretoria,2527BD00095,Borehole,-25.44075,27.98932,,52,70,Granite,Consolidated,,14.64702257
Dept Water - Pretoria,2527BD00077,Borehole,-25.44071,27.98136,15.84,0,3,SOIL,Unconsolidated,,15.39514055
Dept Water - Pretoria,2527BD00077,Borehole,-25.44071,27.98136,15.84,3,8,Granite,Consolidated,,15.39514055
Dept Water - Pretoria,2527BD00077,Borehole,-25.44071,27.98136,15.84,8,29,Granite,Consolidated,,15.39514055
Dept Water - Pretoria,2527BD00077,Borehole,-25.44071,27.98136,15.84,29,30,Granite,Consolidated,,15.39514055
Dept Water - Pretoria,2527BD00077,Borehole,-25.44071,27.98136,15.84,30,36,Granite,Consolidated,,15.39514055
Dept Water - Pretoria,2527BD00077,Borehole,-25.44071,27.98136,15.84,36,51.4,Granite,Consolidated,,15.39514055
Dept Water - Pretoria,2528AC00037,Borehole,-25.44045,28.22837,4,0,2,SOIL,Unconsolidated,,16.55344953
Dept Water - Pretoria,2528AC00037,Borehole,-25.44045,28.22837,4,2,47,Granite,Consolidated,,16.55344953
Dept Water - Pretoria,2528AC00036,Borehole,-25.44044,28.22836,,0,6.09,Granite,Consolidated,,16.55302785
Dept Water - Pretoria,2528AC00036,Borehole,-25.44044,28.22836,,6.09,66.14,Granite,Consolidated,,16.55302785
Dept Water - Pretoria,2528AC00035,Borehole,-25.44043,28.22835,14.02,0,15.24,Clay,Unconsolidated,,16.55260631
Dept Water - Pretoria,2528AC00035,Borehole,-25.44043,28.22835,14.02,15.24,39.01,Granite,Consolidated,,16.55260631
Dept Water - Pretoria,2528AC00035,Borehole,-25.44043,28.22835,14.02,39.01,61.56,Granite,Consolidated,,16.55260631
Dept Water - Pretoria,2528AC00034,Borehole,-25.44042,28.22834,21.34,0,9.75,Granite,Consolidated,,16.55218491
Dept Water - Pretoria,2528AC00034,Borehole,-25.44042,28.22834,21.34,9.75,170.99,Granite,Consolidated,,16.55218491
Dept Water - Pretoria,2528AC00033,Borehole,-25.44041,28.22833,21.95,0,13.41,Granite,Consolidated,,16.55176365
Dept Water - Pretoria,2528AC00033,Borehole,-25.44041,28.22833,21.95,13.41,154.83,Granite,Consolidated,,16.55176365
Dept Water - Pretoria,2528AC00032,Borehole,-25.4404,28.22832,26.82,0,7.31,Granite,Consolidated,,16.55134253
Dept Water - Pretoria,2528AC00032,Borehole,-25.4404,28.22832,26.82,7.31,62.17,Granite,Consolidated,,16.55134253
Dept Water - Pretoria,2528AC00031,Borehole,-25.44039,28.22831,12.19,0,12.19,Clay,Unconsolidated,,16.55092155
Dept Water - Pretoria,2528AC00031,Borehole,-25.44039,28.22831,12.19,12.19,35.66,Granite,Consolidated,,16.55092155
Dept Water - Pretoria,2528AC00031,Borehole,-25.44039,28.22831,12.19,35.66,56.69,Gravel,Unconsolidated,,16.55092155
Dept Water - Pretoria,2528AC00030,Borehole,-25.44038,28.2283,18.9,0,0.6,SOIL,Unconsolidated,,16.55050071
Dept Water - Pretoria,2528AC00030,Borehole,-25.44038,28.2283,18.9,0.6,44.5,Granite,Consolidated,,16.55050071
Dept Water - Pretoria,2528AC00030,Borehole,-25.44038,28.2283,18.9,44.5,55.16,Diabase,Consolidated,,16.55050071
Dept Water - Pretoria,2528AC00029,Borehole,-25.44037,28.22829,5.48,,,,,,16.55008
Dept Water - Pretoria,2528AC00028,Borehole,-25.44036,28.22828,17.06,0,0.91,SOIL,Unconsolidated,,16.54965944
Dept Water - Pretoria,2528AC00028,Borehole,-25.44036,28.22828,17.06,0.91,1.52,Boulders,Unconsolidated,,16.54965944
Dept Water - Pretoria,2528AC00028,Borehole,-25.44036,28.22828,17.06,1.52,51.51,Granite,Consolidated,,16.54965944
Dept Water - Pretoria,2528AC00027,Borehole,-25.44035,28.22827,10,0,3,Clay,Unconsolidated,,16.54923901
Dept Water - Pretoria,2528AC00027,Borehole,-25.44035,28.22827,10,3,65,Granite,Consolidated,,16.54923901
Dept Water - Pretoria,2528AC00027,Borehole,-25.44035,28.22827,10,65,91,Granite,Consolidated,Hard,16.54923901
Dept Water - Pretoria,2528AC00026,Borehole,-25.44034,28.22826,10,0,10,Clay,Unconsolidated,,16.54881873
Dept Water - Pretoria,2528AC00026,Borehole,-25.44034,28.22826,10,10,80,Granite,Consolidated,,16.54881873
Dept Water - Pretoria,2528AC00025,Borehole,-25.44033,28.22825,11.28,0,1.52,SOIL,Unconsolidated,,16.54839858
Dept Water - Pretoria,2528AC00025,Borehole,-25.44033,28.22825,11.28,1.52,18.28,Granite,Consolidated,,16.54839858
Dept Water - Pretoria,2528AC00025,Borehole,-25.44033,28.22825,11.28,18.28,43.89,Granite,Consolidated,,16.54839858
Dept Water - Pretoria,2528AC00038,Borehole,-25.44032,28.22824,,0,4,Clay,Unconsolidated,,16.54797857
Dept Water - Pretoria,2528AC00038,Borehole,-25.44032,28.22824,,4,42,Granite,Consolidated,Hard,16.54797857
Dept Water - Pretoria,2528AC00039,Borehole,-25.44031,28.22823,,0,5,Clay,Unconsolidated,,16.5475587
Dept Water - Pretoria,2528AC00039,Borehole,-25.44031,28.22823,,5,27,Granite,Consolidated,Hard,16.5475587
Dept Water - Pretoria,2528AC00040,Borehole,-25.4403,28.22822,8.22,0,6.7,Granite,Consolidated,,16.54713897
Dept Water - Pretoria,2528AC00040,Borehole,-25.4403,28.22822,8.22,6.7,47.24,Granite,Consolidated,,16.54713897
Dept Water - Pretoria,2528AC00041,Borehole,-25.44029,28.22821,9.14,0,3.65,Granite,Consolidated,,16.54671938
Dept Water - Pretoria,2528AC00041,Borehole,-25.44029,28.22821,9.14,3.65,69.79,Granite,Consolidated,,16.54671938
Dept Water - Pretoria,2528AC00042,Borehole,-25.44028,28.2282,3.66,0,1.21,SOIL,Unconsolidated,,16.54629993
Dept Water - Pretoria,2528AC00042,Borehole,-25.44028,28.2282,3.66,1.21,46.32,Granite,Consolidated,,16.54629993
Dept Water - Pretoria,2528AC00043,Borehole,-25.44026,28.22818,7.62,0,12.8,SOIL,Unconsolidated,,16.54546144
Dept Water - Pretoria,2528AC00043,Borehole,-25.44026,28.22818,7.62,12.8,17.98,Granite,Consolidated,,16.54546144
Dept Water - Pretoria,2528AC00044,Borehole,-25.44025,28.22817,12,0,3,SOIL,Unconsolidated,,16.54504241
Dept Water - Pretoria,2528AC00044,Borehole,-25.44025,28.22817,12,3,61,Granite,Consolidated,,16.54504241
Dept Water - Pretoria,2528AC00045,Borehole,-25.44024,28.22816,12,0,3,SOIL,Unconsolidated,,16.54462351
Dept Water - Pretoria,2528AC00045,Borehole,-25.44024,28.22816,12,3,55,Granite,Consolidated,,16.54462351
Dept Water - Pretoria,2528CD00254,Borehole,-25.43981,28.26021,53,0,4,SOIL,Unconsolidated,,19.74629233
Dept Water - Pretoria,2528CD00254,Borehole,-25.43981,28.26021,53,4,100,Felsite,Consolidated,,19.74629233
Dept Water - Pretoria,2528CD00254,Borehole,-25.43981,28.26021,53,100,170,Felsite,Consolidated,Hard,19.74629233
Dept Water - Pretoria,2528CD00217,Borehole,-25.43977,28.26027,99,0,6,SOIL,Unconsolidated,,19.75421845
Dept Water - Pretoria,2528CD00217,Borehole,-25.43977,28.26027,99,6,162,Granite,Consolidated,,19.75421845
Dept Water - Pretoria,2528CD00217,Borehole,-25.43977,28.26027,99,162,183,Granite,Consolidated,Hard,19.75421845
Dept Water - Pretoria,2528AC00170,Borehole,-25.43895,28.04464,5.61,0,3,SOIL,Unconsolidated,,10.27185932
Dept Water - Pretoria,2528AC00170,Borehole,-25.43895,28.04464,5.61,3,12,Granite,Consolidated,,10.27185932
Dept Water - Pretoria,2528AC00170,Borehole,-25.43895,28.04464,5.61,12,27,Granite,Consolidated,,10.27185932
Dept Water - Pretoria,2528AC00170,Borehole,-25.43895,28.04464,5.61,27,57,Granite,Consolidated,,10.27185932
Dept Water - Pretoria,2528AC00170,Borehole,-25.43895,28.04464,5.61,57,79,Granite,Consolidated,,10.27185932
Dept Water - Pretoria,2528CD00225,Borehole,-25.4382,28.26632,2.43,0,11.58,Granite,Consolidated,,20.4397313
Dept Water - Pretoria,2528CD00225,Borehole,-25.4382,28.26632,2.43,11.58,35.35,Granite,Consolidated,,20.4397313
Dept Water - Pretoria,2528AC00006,Borehole,-25.43812,28.16638,15,0,12,SOIL,Unconsolidated,,11.26978106
Dept Water - Pretoria,2528AC00006,Borehole,-25.43812,28.16638,15,12,114,Granite,Consolidated,Hard,11.26978106
Dept Water - Pretoria,2528AC00004,Borehole,-25.43811,28.16638,30,0,5,SOIL,Unconsolidated,,11.2706109
Dept Water - Pretoria,2528AC00004,Borehole,-25.43811,28.16638,30,5,120,Granite,Consolidated,Hard,11.2706109
Dept Water - Pretoria,2528AC00005,Borehole,-25.43811,28.16639,10,0,4,SOIL,Unconsolidated,,11.27135292
Dept Water - Pretoria,2528AC00005,Borehole,-25.43811,28.16639,10,4,108,Granite,Consolidated,Hard,11.27135292
Dept Water - Pretoria,2528CD00224,Borehole,-25.43811,28.26637,,0,21.64,Clay,Unconsolidated,,20.44892112
Dept Water - Pretoria,2528CD00224,Borehole,-25.43811,28.26637,,21.64,30.17,Dolomite,Consolidated,,20.44892112
Dept Water - Pretoria,2528AC00171,Borehole,-25.4372,28.01856,10.9,0,1,SOIL,Unconsolidated,,12.34039042
Dept Water - Pretoria,2528AC00171,Borehole,-25.4372,28.01856,10.9,1,36,Granite,Consolidated,,12.34039042
Dept Water - Pretoria,2528AC00171,Borehole,-25.4372,28.01856,10.9,36,56,Granite,Consolidated,,12.34039042
Dept Water - Pretoria,2528AC00171,Borehole,-25.4372,28.01856,10.9,56,71,Granite,Consolidated,,12.34039042
Dept Water - Pretoria,2528AC00288,Borehole,-25.43539,28.07535,,,,,,,9.090881961
Dept Water - Pretoria,2528AC00285,Borehole,-25.43505,28.10054,2,0,3,SOIL,Unconsolidated,,8.744540463
Dept Water - Pretoria,2528AC00285,Borehole,-25.43505,28.10054,2,3,10,Granite,Consolidated,,8.744540463
Dept Water - Pretoria,2528AC00285,Borehole,-25.43505,28.10054,2,10,72,Granite,Consolidated,,8.744540463
Dept Water - Pretoria,2528AC00168,Borehole,-25.43493,28.05088,,0,3,SOIL,Unconsolidated,,10.25860678
Dept Water - Pretoria,2528AC00168,Borehole,-25.43493,28.05088,,3,18,Granite,Consolidated,,10.25860678
Dept Water - Pretoria,2528AC00168,Borehole,-25.43493,28.05088,,18,37,Granite,Consolidated,,10.25860678
Dept Water - Pretoria,2528AC00168,Borehole,-25.43493,28.05088,,37,84,Granite,Consolidated,,10.25860678
Dept Water - Pretoria,2528AC00292,Borehole,-25.43394,28.0236,,0,5,Quartzite,Consolidated,,12.20116131
Dept Water - Pretoria,2528AC00292,Borehole,-25.43394,28.0236,,5,25,Quartzite,Consolidated,,12.20116131
Dept Water - Pretoria,2528AC00292,Borehole,-25.43394,28.0236,,25,32,Dolerite,Consolidated,,12.20116131
Dept Water - Pretoria,2528AC00292,Borehole,-25.43394,28.0236,,32,61,Granite,Consolidated,,12.20116131
Dept Water - Pretoria,2528AC00292,Borehole,-25.43394,28.0236,,61,64,Granite,Consolidated,,12.20116131
Dept Water - Pretoria,2528AC00292,Borehole,-25.43394,28.0236,,64,81,Granite,Consolidated,,12.20116131
Dept Water - Pretoria,2528AC00292,Borehole,-25.43394,28.0236,,81,120,Granite,Consolidated,Hard,12.20116131
Dept Water - Pretoria,2527BD00096,Borehole,-25.43314,27.97956,3.55,0,1,SOIL,Unconsolidated,,16.0211404
Dept Water - Pretoria,2527BD00096,Borehole,-25.43314,27.97956,3.55,1,5,Granite,Consolidated,,16.0211404
Dept Water - Pretoria,2527BD00096,Borehole,-25.43314,27.97956,3.55,5,20,Granite,Consolidated,,16.0211404
Dept Water - Pretoria,2527BD00096,Borehole,-25.43314,27.97956,3.55,20,27,Granite,Consolidated,,16.0211404
Dept Water - Pretoria,2527BD00096,Borehole,-25.43314,27.97956,3.55,27,37,Granite,Consolidated,,16.0211404
Dept Water - Pretoria,2527BD00096,Borehole,-25.43314,27.97956,3.55,37,67,Granite,Consolidated,,16.0211404
Dept Water - Pretoria,2527BD00087,Borehole,-25.43304,27.99522,3.3,0,3,SOIL,Unconsolidated,,14.61499691
Dept Water - Pretoria,2527BD00087,Borehole,-25.43304,27.99522,3.3,3,13,Granite,Consolidated,,14.61499691
Dept Water - Pretoria,2527BD00087,Borehole,-25.43304,27.99522,3.3,13,26,Granite,Consolidated,,14.61499691
Dept Water - Pretoria,2527BD00087,Borehole,-25.43304,27.99522,3.3,26,30,Granite,Consolidated,,14.61499691
Dept Water - Pretoria,2527BD00087,Borehole,-25.43304,27.99522,3.3,30,51,Granite,Consolidated,,14.61499691
Dept Water - Pretoria,2528AC00157,Borehole,-25.43299,28.06556,16.91,0,2,SOIL,Unconsolidated,,9.709166
Dept Water - Pretoria,2528AC00157,Borehole,-25.43299,28.06556,16.91,2,17,Granite,Consolidated,,9.709166
Dept Water - Pretoria,2528AC00157,Borehole,-25.43299,28.06556,16.91,17,40,Granite,Consolidated,,9.709166
Dept Water - Pretoria,2528AC00157,Borehole,-25.43299,28.06556,16.91,40,61,Granite,Consolidated,,9.709166
Dept Water - Pretoria,2528AC00172,Borehole,-25.43122,28.07129,18.9,0,1,SOIL,Unconsolidated,,9.670309136
Dept Water - Pretoria,2528AC00172,Borehole,-25.43122,28.07129,18.9,1,18,Granite,Consolidated,,9.670309136
Dept Water - Pretoria,2528AC00172,Borehole,-25.43122,28.07129,18.9,18,40,Granite,Consolidated,,9.670309136
Dept Water - Pretoria,2528AC00172,Borehole,-25.43122,28.07129,18.9,40,61,Granite,Consolidated,,9.670309136
Dept Water - Pretoria,2528AC00166,Borehole,-25.43053,28.03452,,0,2,SOIL,Unconsolidated,,11.69797747
Dept Water - Pretoria,2528AC00166,Borehole,-25.43053,28.03452,,2,15,Granite,Consolidated,,11.69797747
Dept Water - Pretoria,2528AC00166,Borehole,-25.43053,28.03452,,15,36,Granite,Consolidated,,11.69797747
Dept Water - Pretoria,2528AC00166,Borehole,-25.43053,28.03452,,36,45,Granite,Consolidated,,11.69797747
Dept Water - Pretoria,2528AC00166,Borehole,-25.43053,28.03452,,45,81,Granite,Consolidated,,11.69797747
Dept Water - Pretoria,2528AC00291,Borehole,-25.4295,28.02193,,,,,,,12.68968632
Dept Water - Pretoria,2527BD00086,Borehole,-25.429,27.9922,7.03,0,1,SOIL,Unconsolidated,,15.15712501
Dept Water - Pretoria,2527BD00086,Borehole,-25.429,27.9922,7.03,1,11,Granite,Consolidated,,15.15712501
Dept Water - Pretoria,2527BD00086,Borehole,-25.429,27.9922,7.03,11,31,Granite,Consolidated,,15.15712501
Dept Water - Pretoria,2527BD00086,Borehole,-25.429,27.9922,7.03,31,47,Granite,Consolidated,,15.15712501
Dept Water - Pretoria,2527BD00086,Borehole,-25.429,27.9922,7.03,47,66,Granite,Consolidated,,15.15712501
Dept Water - Pretoria,2528AC00124,Borehole,-25.42706,28.08172,3.04,0,6.7,Sand,Unconsolidated,,9.820038137
Dept Water - Pretoria,2528AC00124,Borehole,-25.42706,28.08172,3.04,6.7,9.75,Granite,Consolidated,,9.820038137
Dept Water - Pretoria,2528AC00124,Borehole,-25.42706,28.08172,3.04,9.75,51.51,Granite,Consolidated,,9.820038137
Dept Water - Pretoria,2528AC00162,Borehole,-25.42705,28.01989,5.8,0,1,SOIL,Unconsolidated,,13.04420825
Dept Water - Pretoria,2528AC00162,Borehole,-25.42705,28.01989,5.8,1,9,Clay,Unconsolidated,,13.04420825
Dept Water - Pretoria,2528AC00162,Borehole,-25.42705,28.01989,5.8,9,16,Granite,Consolidated,,13.04420825
Dept Water - Pretoria,2528AC00162,Borehole,-25.42705,28.01989,5.8,16,31,Granite,Consolidated,,13.04420825
Dept Water - Pretoria,2528AC00162,Borehole,-25.42705,28.01989,5.8,31,38,Granite,Consolidated,,13.04420825
Dept Water - Pretoria,2528AC00162,Borehole,-25.42705,28.01989,5.8,38,61,Granite,Consolidated,,13.04420825
Dept Water - Pretoria,2528AC00085,Borehole,-25.42703,28.08169,,0,6,SOIL,Unconsolidated,,9.823964447
Dept Water - Pretoria,2528AC00085,Borehole,-25.42703,28.08169,,6,91.44,Granite,Consolidated,,9.823964447
Dept Water - Pretoria,2528AC00084,Borehole,-25.42702,28.08168,18.28,0,3.04,SOIL,Unconsolidated,,9.825273373
Dept Water - Pretoria,2528AC00084,Borehole,-25.42702,28.08168,18.28,3.04,24.38,Granite,Consolidated,,9.825273373
Dept Water - Pretoria,2528AC00084,Borehole,-25.42702,28.08168,18.28,24.38,71.62,Granite,Consolidated,,9.825273373
Dept Water - Pretoria,2528AC00083,Borehole,-25.42701,28.08167,39.62,0,27.43,Granite,Consolidated,,9.826582376
Dept Water - Pretoria,2528AC00083,Borehole,-25.42701,28.08167,39.62,27.43,49.37,Granite,Consolidated,,9.826582376
Dept Water - Pretoria,2528AC00082,Borehole,-25.427,28.08166,24.38,0,7.62,SOIL,Unconsolidated,,9.827891458
Dept Water - Pretoria,2528AC00082,Borehole,-25.427,28.08166,24.38,7.62,12.19,Granite,Consolidated,,9.827891458
Dept Water - Pretoria,2528AC00082,Borehole,-25.427,28.08166,24.38,12.19,41.14,Granite,Consolidated,,9.827891458
Dept Water - Pretoria,2528AC00082,Borehole,-25.427,28.08166,24.38,41.14,67.97,Granite,Consolidated,,9.827891458
Dept Water - Pretoria,2528AC00082,Borehole,-25.427,28.08166,24.38,67.97,71.01,Granite,Consolidated,,9.827891458
Dept Water - Pretoria,2528AC00082,Borehole,-25.427,28.08166,24.38,71.01,76.5,Granite,Consolidated,,9.827891458
Dept Water - Pretoria,2528AC00167,Borehole,-25.42585,28.04375,,0,2,SOIL,Unconsolidated,,11.53588772
Dept Water - Pretoria,2528AC00167,Borehole,-25.42585,28.04375,,2,15,Granite,Consolidated,,11.53588772
Dept Water - Pretoria,2528AC00167,Borehole,-25.42585,28.04375,,15,33,Granite,Consolidated,,11.53588772
Dept Water - Pretoria,2528AC00167,Borehole,-25.42585,28.04375,,33,47,Granite,Consolidated,,11.53588772
Dept Water - Pretoria,2528AC00167,Borehole,-25.42585,28.04375,,47,81,Granite,Consolidated,,11.53588772
Dept Water - Pretoria,2528AC00289,Borehole,-25.42333,28.07929,,,,,,,10.28164199
Dept Water - Pretoria,2528AC00212,Borehole,-25.42298,28.12676,,0,10,SOIL,Unconsolidated,,10.55240441
Dept Water - Pretoria,2528AC00212,Borehole,-25.42298,28.12676,,10,21,Granite,Consolidated,,10.55240441
Dept Water - Pretoria,2528AC00212,Borehole,-25.42298,28.12676,,21,42,Granite,Consolidated,,10.55240441
Dept Water - Pretoria,2528AC00212,Borehole,-25.42298,28.12676,,42,103,Granite,Consolidated,,10.55240441
Dept Water - Pretoria,2528AC00158,Borehole,-25.42295,28.0636,,0,3,SOIL,Unconsolidated,,10.82770145
Dept Water - Pretoria,2528AC00158,Borehole,-25.42295,28.0636,,3,15,Granite,Consolidated,,10.82770145
Dept Water - Pretoria,2528AC00158,Borehole,-25.42295,28.0636,,15,32,Granite,Consolidated,,10.82770145
Dept Water - Pretoria,2528AC00158,Borehole,-25.42295,28.0636,,32,101,Granite,Consolidated,,10.82770145
Dept Water - Pretoria,2527BD00091,Borehole,-25.42179,27.99016,13.57,0,1,SOIL,Unconsolidated,,15.84120789
Dept Water - Pretoria,2527BD00091,Borehole,-25.42179,27.99016,13.57,1,35,Granite,Consolidated,,15.84120789
Dept Water - Pretoria,2527BD00091,Borehole,-25.42179,27.99016,13.57,35,36,Granite,Consolidated,,15.84120789
Dept Water - Pretoria,2527BD00091,Borehole,-25.42179,27.99016,13.57,36,66,Granite,Consolidated,,15.84120789
Dept Water - Pretoria,2527BD00093,Borehole,-25.42096,27.97847,7.75,0,1,SOIL,Unconsolidated,,16.9126693
Dept Water - Pretoria,2527BD00093,Borehole,-25.42096,27.97847,7.75,1,7,Granite,Consolidated,,16.9126693
Dept Water - Pretoria,2527BD00093,Borehole,-25.42096,27.97847,7.75,7,25,Granite,Consolidated,,16.9126693
Dept Water - Pretoria,2527BD00093,Borehole,-25.42096,27.97847,7.75,25,51,Granite,Consolidated,,16.9126693
Dept Water - Pretoria,2528AC00164,Borehole,-25.42043,28.00826,10.5,0,1,SOIL,Unconsolidated,,14.46864805
Dept Water - Pretoria,2528AC00164,Borehole,-25.42043,28.00826,10.5,1,4,Granite,Consolidated,,14.46864805
Dept Water - Pretoria,2528AC00164,Borehole,-25.42043,28.00826,10.5,4,12,Granite,Consolidated,,14.46864805
Dept Water - Pretoria,2528AC00164,Borehole,-25.42043,28.00826,10.5,12,31,Granite,Consolidated,,14.46864805
Dept Water - Pretoria,2528AC00164,Borehole,-25.42043,28.00826,10.5,31,39,Granite,Consolidated,,14.46864805
Dept Water - Pretoria,2528AC00164,Borehole,-25.42043,28.00826,10.5,39,61,Granite,Consolidated,,14.46864805
Dept Water - Pretoria,2528AC00209,Borehole,-25.41834,28.14195,15.3,0,6,Sand,Unconsolidated,,11.63566213
Dept Water - Pretoria,2528AC00209,Borehole,-25.41834,28.14195,15.3,6,26,Mudstone,Consolidated,,11.63566213
Dept Water - Pretoria,2528AC00209,Borehole,-25.41834,28.14195,15.3,26,42,Granite,Consolidated,,11.63566213
Dept Water - Pretoria,2528AC00209,Borehole,-25.41834,28.14195,15.3,42,66,Granite,Consolidated,,11.63566213
Dept Water - Pretoria,2528AC00209,Borehole,-25.41834,28.14195,15.68,0,6,Sand,Unconsolidated,,11.63566213
Dept Water - Pretoria,2528AC00209,Borehole,-25.41834,28.14195,15.68,6,26,Mudstone,Consolidated,,11.63566213
Dept Water - Pretoria,2528AC00209,Borehole,-25.41834,28.14195,15.68,26,42,Granite,Consolidated,,11.63566213
Dept Water - Pretoria,2528AC00209,Borehole,-25.41834,28.14195,15.68,42,66,Granite,Consolidated,,11.63566213
Dept Water - Pretoria,2528AC00209,Borehole,-25.41834,28.14195,16.33,0,6,Sand,Unconsolidated,,11.63566213
Dept Water - Pretoria,2528AC00209,Borehole,-25.41834,28.14195,16.33,6,26,Mudstone,Consolidated,,11.63566213
Dept Water - Pretoria,2528AC00209,Borehole,-25.41834,28.14195,16.33,26,42,Granite,Consolidated,,11.63566213
Dept Water - Pretoria,2528AC00209,Borehole,-25.41834,28.14195,16.33,42,66,Granite,Consolidated,,11.63566213
Dept Water - Pretoria,2528AC00209,Borehole,-25.41834,28.14195,17.95,0,6,Sand,Unconsolidated,,11.63566213
Dept Water - Pretoria,2528AC00209,Borehole,-25.41834,28.14195,17.95,6,26,Mudstone,Consolidated,,11.63566213
Dept Water - Pretoria,2528AC00209,Borehole,-25.41834,28.14195,17.95,26,42,Granite,Consolidated,,11.63566213
Dept Water - Pretoria,2528AC00209,Borehole,-25.41834,28.14195,17.95,42,66,Granite,Consolidated,,11.63566213
Dept Water - Pretoria,2528AC00209,Borehole,-25.41834,28.14195,21.88,0,6,Sand,Unconsolidated,,11.63566213
Dept Water - Pretoria,2528AC00209,Borehole,-25.41834,28.14195,21.88,6,26,Mudstone,Consolidated,,11.63566213
Dept Water - Pretoria,2528AC00209,Borehole,-25.41834,28.14195,21.88,26,42,Granite,Consolidated,,11.63566213
Dept Water - Pretoria,2528AC00209,Borehole,-25.41834,28.14195,21.88,42,66,Granite,Consolidated,,11.63566213
Dept Water - Pretoria,2528AC00209,Borehole,-25.41834,28.14195,29.57,0,6,Sand,Unconsolidated,,11.63566213
Dept Water - Pretoria,2528AC00209,Borehole,-25.41834,28.14195,29.57,6,26,Mudstone,Consolidated,,11.63566213
Dept Water - Pretoria,2528AC00209,Borehole,-25.41834,28.14195,29.57,26,42,Granite,Consolidated,,11.63566213
Dept Water - Pretoria,2528AC00209,Borehole,-25.41834,28.14195,29.57,42,66,Granite,Consolidated,,11.63566213
Dept Water - Pretoria,2528AC00216,Borehole,-25.41699,28.14321,19.7,0,4,SOIL,Unconsolidated,,11.83056105
Dept Water - Pretoria,2528AC00216,Borehole,-25.41699,28.14321,19.7,4,7,SOIL,Unconsolidated,,11.83056105
Dept Water - Pretoria,2528AC00216,Borehole,-25.41699,28.14321,19.7,7,16,Mudstone,Consolidated,,11.83056105
Dept Water - Pretoria,2528AC00216,Borehole,-25.41699,28.14321,19.7,16,25,Mudstone,Consolidated,,11.83056105
Dept Water - Pretoria,2528AC00216,Borehole,-25.41699,28.14321,19.7,25,32,Shale,Consolidated,,11.83056105
Dept Water - Pretoria,2528AC00216,Borehole,-25.41699,28.14321,19.7,32,73,Granite,Consolidated,,11.83056105
Dept Water - Pretoria,2528AC00216,Borehole,-25.41699,28.14321,21.9,0,4,SOIL,Unconsolidated,,11.83056105
Dept Water - Pretoria,2528AC00216,Borehole,-25.41699,28.14321,21.9,4,7,SOIL,Unconsolidated,,11.83056105
Dept Water - Pretoria,2528AC00216,Borehole,-25.41699,28.14321,21.9,7,16,Mudstone,Consolidated,,11.83056105
Dept Water - Pretoria,2528AC00216,Borehole,-25.41699,28.14321,21.9,16,25,Mudstone,Consolidated,,11.83056105
Dept Water - Pretoria,2528AC00216,Borehole,-25.41699,28.14321,21.9,25,32,Shale,Consolidated,,11.83056105
Dept Water - Pretoria,2528AC00216,Borehole,-25.41699,28.14321,21.9,32,73,Granite,Consolidated,,11.83056105
Dept Water - Pretoria,2528AC00216,Borehole,-25.41699,28.14321,25.26,0,4,SOIL,Unconsolidated,,11.83056105
Dept Water - Pretoria,2528AC00216,Borehole,-25.41699,28.14321,25.26,4,7,SOIL,Unconsolidated,,11.83056105
Dept Water - Pretoria,2528AC00216,Borehole,-25.41699,28.14321,25.26,7,16,Mudstone,Consolidated,,11.83056105
Dept Water - Pretoria,2528AC00216,Borehole,-25.41699,28.14321,25.26,16,25,Mudstone,Consolidated,,11.83056105
Dept Water - Pretoria,2528AC00216,Borehole,-25.41699,28.14321,25.26,25,32,Shale,Consolidated,,11.83056105
Dept Water - Pretoria,2528AC00216,Borehole,-25.41699,28.14321,25.26,32,73,Granite,Consolidated,,11.83056105
Dept Water - Pretoria,2528AC00216,Borehole,-25.41699,28.14321,37.64,0,4,SOIL,Unconsolidated,,11.83056105
Dept Water - Pretoria,2528AC00216,Borehole,-25.41699,28.14321,37.64,4,7,SOIL,Unconsolidated,,11.83056105
Dept Water - Pretoria,2528AC00216,Borehole,-25.41699,28.14321,37.64,7,16,Mudstone,Consolidated,,11.83056105
Dept Water - Pretoria,2528AC00216,Borehole,-25.41699,28.14321,37.64,16,25,Mudstone,Consolidated,,11.83056105
Dept Water - Pretoria,2528AC00216,Borehole,-25.41699,28.14321,37.64,25,32,Shale,Consolidated,,11.83056105
Dept Water - Pretoria,2528AC00216,Borehole,-25.41699,28.14321,37.64,32,73,Granite,Consolidated,,11.83056105
Dept Water - Pretoria,2527BD00094,Borehole,-25.41662,27.98639,,0,2,SOIL,Unconsolidated,,16.53401083
Dept Water - Pretoria,2527BD00094,Borehole,-25.41662,27.98639,,2,19,Granite,Consolidated,,16.53401083
Dept Water - Pretoria,2527BD00094,Borehole,-25.41662,27.98639,,19,32,Granite,Consolidated,,16.53401083
Dept Water - Pretoria,2527BD00094,Borehole,-25.41662,27.98639,,32,46,Granite,Consolidated,,16.53401083
Dept Water - Pretoria,2527BD00094,Borehole,-25.41662,27.98639,,46,101,Granite,Consolidated,,16.53401083
Dept Water - Pretoria,2528AC00159,Borehole,-25.41627,28.02718,,0,4,SOIL,Unconsolidated,,13.45717085
Dept Water - Pretoria,2528AC00159,Borehole,-25.41627,28.02718,,4,17,Granite,Consolidated,,13.45717085
Dept Water - Pretoria,2528AC00159,Borehole,-25.41627,28.02718,,17,33,Granite,Consolidated,,13.45717085
Dept Water - Pretoria,2528AC00159,Borehole,-25.41627,28.02718,,33,53,Granite,Consolidated,,13.45717085
Dept Water - Pretoria,2528AC00159,Borehole,-25.41627,28.02718,,53,81,Granite,Consolidated,,13.45717085
Dept Water - Pretoria,2528AD00040,Borehole,-25.41581,28.27211,,0,6,SOIL,Unconsolidated,,22.142018
Dept Water - Pretoria,2528AD00040,Borehole,-25.41581,28.27211,,6,32,Granite,Consolidated,,22.142018
Dept Water - Pretoria,2528AD00040,Borehole,-25.41581,28.27211,,32,96,Sand,Unconsolidated,,22.142018
Dept Water - Pretoria,2528AD00020,Borehole,-25.41565,28.27198,17.37,0,18.28,Granite,Consolidated,,22.13818267
Dept Water - Pretoria,2528AD00020,Borehole,-25.41565,28.27198,17.37,18.28,44.8,Granite,Consolidated,,22.13818267
Dept Water - Pretoria,2528AD00020,Borehole,-25.41565,28.27198,17.37,44.8,45.11,Dolerite,Consolidated,,22.13818267
Dept Water - Pretoria,2528AD00020,Borehole,-25.41565,28.27198,17.37,45.11,46.63,Granite,Consolidated,Hard,22.13818267
Dept Water - Pretoria,2528AD00019,Borehole,-25.41564,28.27197,,0,0.6,SOIL,Unconsolidated,,22.13776208
Dept Water - Pretoria,2528AD00019,Borehole,-25.41564,28.27197,,0.6,48.46,Granite,Consolidated,,22.13776208
Dept Water - Pretoria,2528AD00018,Borehole,-25.41563,28.27196,6.7,0,0.6,SOIL,Unconsolidated,,22.13734159
Dept Water - Pretoria,2528AD00018,Borehole,-25.41563,28.27196,6.7,0.6,113.38,Granite,Consolidated,,22.13734159
Dept Water - Pretoria,2528AD00017,Borehole,-25.41562,28.27195,7.01,0,0.6,SOIL,Unconsolidated,,22.13692121
Dept Water - Pretoria,2528AD00017,Borehole,-25.41562,28.27195,7.01,0.6,91.74,Granite,Consolidated,,22.13692121
Dept Water - Pretoria,2528AD00016,Borehole,-25.41561,28.27194,16.76,0,0.6,SOIL,Unconsolidated,,22.13650093
Dept Water - Pretoria,2528AD00016,Borehole,-25.41561,28.27194,16.76,0.6,106.37,Granite,Consolidated,,22.13650093
Dept Water - Pretoria,2528AD00021,Borehole,-25.41557,28.27191,28.35,0,6.09,SOIL,Unconsolidated,,22.1357894
Dept Water - Pretoria,2528AD00021,Borehole,-25.41557,28.27191,28.35,6.09,11.27,Sandstone,Consolidated,,22.1357894
Dept Water - Pretoria,2528AD00021,Borehole,-25.41557,28.27191,28.35,11.27,27.12,Quartzite,Consolidated,,22.1357894
Dept Water - Pretoria,2528AD00021,Borehole,-25.41557,28.27191,28.35,27.12,34.44,Granite,Consolidated,,22.1357894
Dept Water - Pretoria,2528AD00022,Borehole,-25.41556,28.2719,11.27,0,2.59,SOIL,Unconsolidated,,22.1353696
Dept Water - Pretoria,2528AD00022,Borehole,-25.41556,28.2719,11.27,2.59,3.81,Sandstone,Consolidated,,22.1353696
Dept Water - Pretoria,2528AD00022,Borehole,-25.41556,28.2719,11.27,3.81,6.4,Granite,Consolidated,,22.1353696
Dept Water - Pretoria,2528AD00022,Borehole,-25.41556,28.2719,11.27,6.4,82.75,Granite,Consolidated,,22.1353696
Dept Water - Pretoria,2528AD00023,Borehole,-25.41554,28.27188,,0,96.92,Granite,Consolidated,,22.13453032
Dept Water - Pretoria,2528AD00024,Borehole,-25.41553,28.27187,9.14,0,6.09,SOIL,Unconsolidated,,22.13411083
Dept Water - Pretoria,2528AD00024,Borehole,-25.41553,28.27187,9.14,6.09,49.37,Granite,Consolidated,,22.13411083
Dept Water - Pretoria,2528AC00188,Borehole,-25.41533,28.14277,16.7,0,86,Granite,Consolidated,,11.97871566
Dept Water - Pretoria,2528AC00211,Borehole,-25.41463,28.12633,26.91,0,4,SOIL,Unconsolidated,,11.43124663
Dept Water - Pretoria,2528AC00211,Borehole,-25.41463,28.12633,26.91,4,23,Granite,Consolidated,,11.43124663
Dept Water - Pretoria,2528AC00211,Borehole,-25.41463,28.12633,26.91,23,39,Granite,Consolidated,,11.43124663
Dept Water - Pretoria,2528AC00211,Borehole,-25.41463,28.12633,26.91,39,61,Granite,Consolidated,,11.43124663
Dept Water - Pretoria,2528AC00211,Borehole,-25.41463,28.12633,29.63,0,4,SOIL,Unconsolidated,,11.43124663
Dept Water - Pretoria,2528AC00211,Borehole,-25.41463,28.12633,29.63,4,23,Granite,Consolidated,,11.43124663
Dept Water - Pretoria,2528AC00211,Borehole,-25.41463,28.12633,29.63,23,39,Granite,Consolidated,,11.43124663
Dept Water - Pretoria,2528AC00211,Borehole,-25.41463,28.12633,29.63,39,61,Granite,Consolidated,,11.43124663
Dept Water - Pretoria,2528AC00211,Borehole,-25.41463,28.12633,30.75,0,4,SOIL,Unconsolidated,,11.43124663
Dept Water - Pretoria,2528AC00211,Borehole,-25.41463,28.12633,30.75,4,23,Granite,Consolidated,,11.43124663
Dept Water - Pretoria,2528AC00211,Borehole,-25.41463,28.12633,30.75,23,39,Granite,Consolidated,,11.43124663
Dept Water - Pretoria,2528AC00211,Borehole,-25.41463,28.12633,30.75,39,61,Granite,Consolidated,,11.43124663
Dept Water - Pretoria,2528AC00211,Borehole,-25.41463,28.12633,37.85,0,4,SOIL,Unconsolidated,,11.43124663
Dept Water - Pretoria,2528AC00211,Borehole,-25.41463,28.12633,37.85,4,23,Granite,Consolidated,,11.43124663
Dept Water - Pretoria,2528AC00211,Borehole,-25.41463,28.12633,37.85,23,39,Granite,Consolidated,,11.43124663
Dept Water - Pretoria,2528AC00211,Borehole,-25.41463,28.12633,37.85,39,61,Granite,Consolidated,,11.43124663
Dept Water - Pretoria,2528AC00068,Borehole,-25.4126,28.08594,30.48,0,1.82,SOIL,Unconsolidated,,11.33391559
Dept Water - Pretoria,2528AC00068,Borehole,-25.4126,28.08594,30.48,1.82,9.75,Gravel,Unconsolidated,,11.33391559
Dept Water - Pretoria,2528AC00068,Borehole,-25.4126,28.08594,30.48,9.75,106.68,Granite,Consolidated,,11.33391559
Dept Water - Pretoria,2528AC00067,Borehole,-25.41259,28.08593,24.38,0,76.2,Granite,Consolidated,,11.33516145
Dept Water - Pretoria,2528AC00067,Borehole,-25.41259,28.08593,24.38,76.2,121.92,Granite,Consolidated,,11.33516145
Dept Water - Pretoria,2528AC00066,Borehole,-25.41257,28.08591,,0,33.52,Granite,Consolidated,,11.33765341
Dept Water - Pretoria,2528AC00066,Borehole,-25.41257,28.08591,,33.52,35.35,Granite,Consolidated,,11.33765341
Dept Water - Pretoria,2528AC00065,Borehole,-25.41256,28.0859,41.15,0,4.87,Granite,Consolidated,,11.33889951
Dept Water - Pretoria,2528AC00065,Borehole,-25.41256,28.0859,41.15,4.87,76.2,Granite,Consolidated,,11.33889951
Dept Water - Pretoria,2528AC00063,Borehole,-25.41254,28.08588,39.62,0,6.09,SOIL,Unconsolidated,,11.34139196
Dept Water - Pretoria,2528AC00063,Borehole,-25.41254,28.08588,39.62,6.09,30,Granite,Consolidated,,11.34139196
Dept Water - Pretoria,2528AC00063,Borehole,-25.41254,28.08588,39.62,30,41.14,Granite,Consolidated,,11.34139196
Dept Water - Pretoria,2528AC00063,Borehole,-25.41254,28.08588,39.62,41.14,91.44,Granite,Consolidated,,11.34139196
Dept Water - Pretoria,2528AC00062,Borehole,-25.41253,28.08587,24.07,0,9.75,SOIL,Unconsolidated,,11.34263831
Dept Water - Pretoria,2528AC00062,Borehole,-25.41253,28.08587,24.07,9.75,53.34,Granite,Consolidated,,11.34263831
Dept Water - Pretoria,2528AC00062,Borehole,-25.41253,28.08587,24.07,53.34,91.44,Granite,Consolidated,,11.34263831
Dept Water - Pretoria,2528AC00061,Borehole,-25.41252,28.08586,,0,4.57,Granite,Consolidated,,11.34388474
Dept Water - Pretoria,2528AC00061,Borehole,-25.41252,28.08586,,4.57,41.45,Granite,Consolidated,,11.34388474
Dept Water - Pretoria,2528AC00061,Borehole,-25.41252,28.08586,,41.45,74.67,Granite,Consolidated,,11.34388474
Dept Water - Pretoria,2528AC00061,Borehole,-25.41252,28.08586,,74.67,76.2,Granite,Consolidated,,11.34388474
Dept Water - Pretoria,2528AC00061,Borehole,-25.41252,28.08586,,76.2,98.14,Granite,Consolidated,,11.34388474
Dept Water - Pretoria,2528AC00060,Borehole,-25.41251,28.08585,,0,0.6,SOIL,Unconsolidated,,11.34513125
Dept Water - Pretoria,2528AC00060,Borehole,-25.41251,28.08585,,0.6,2.13,Gravel,Unconsolidated,,11.34513125
Dept Water - Pretoria,2528AC00060,Borehole,-25.41251,28.08585,,2.13,4.57,Granite,Consolidated,,11.34513125
Dept Water - Pretoria,2528AC00060,Borehole,-25.41251,28.08585,,4.57,16.76,Granite,Consolidated,,11.34513125
Dept Water - Pretoria,2528AC00060,Borehole,-25.41251,28.08585,,16.76,122.22,Granite,Consolidated,,11.34513125
Dept Water - Pretoria,2528AC00059,Borehole,-25.41249,28.08583,51.81,0,65.83,Quartzite,Consolidated,,11.34762451
Dept Water - Pretoria,2528AC00059,Borehole,-25.41249,28.08583,51.81,65.83,100.58,Granite,Consolidated,,11.34762451
Dept Water - Pretoria,2528AC00059,Borehole,-25.41249,28.08583,51.81,100.58,101.8,Granite,Consolidated,,11.34762451
Dept Water - Pretoria,2528AC00059,Borehole,-25.41249,28.08583,51.81,101.8,105.15,Granite,Consolidated,Hard,11.34762451
Dept Water - Pretoria,2528AC00071,Borehole,-25.41245,28.08579,10.67,0,24.38,Grit,Unconsolidated,,11.35261202
Dept Water - Pretoria,2528AC00071,Borehole,-25.41245,28.08579,10.67,24.38,68.27,Granite,Consolidated,,11.35261202
Dept Water - Pretoria,2528AC00071,Borehole,-25.41245,28.08579,10.67,68.27,71.62,Granite,Consolidated,,11.35261202
Dept Water - Pretoria,2528AC00072,Borehole,-25.41244,28.08578,,0,11.27,Sandstone,Consolidated,,11.3538591
Dept Water - Pretoria,2528AC00072,Borehole,-25.41244,28.08578,,11.27,23.77,Granite,Consolidated,,11.3538591
Dept Water - Pretoria,2528AC00072,Borehole,-25.41244,28.08578,,23.77,25.9,Granite,Consolidated,Hard,11.3538591
Dept Water - Pretoria,2528AC00072,Borehole,-25.41244,28.08578,,25.9,30.48,Granite,Consolidated,Hard,11.3538591
Dept Water - Pretoria,2528AC00073,Borehole,-25.41243,28.08577,0.61,0,6.09,Sand,Unconsolidated,,11.35510626
Dept Water - Pretoria,2528AC00073,Borehole,-25.41243,28.08577,0.61,6.09,9.14,Granite,Consolidated,,11.35510626
Dept Water - Pretoria,2528AC00073,Borehole,-25.41243,28.08577,0.61,9.14,28.95,Granite,Consolidated,,11.35510626
Dept Water - Pretoria,2528AC00073,Borehole,-25.41243,28.08577,0.61,28.95,30.48,Granite,Consolidated,,11.35510626
Dept Water - Pretoria,2528AC00073,Borehole,-25.41243,28.08577,0.61,30.48,31.69,Granite,Consolidated,,11.35510626
Dept Water - Pretoria,2528AC00074,Borehole,-25.41242,28.08576,,0,3.04,Ferricrete,Consolidated,,11.3563535
Dept Water - Pretoria,2528AC00074,Borehole,-25.41242,28.08576,,3.04,13.1,Granite,Consolidated,,11.3563535
Dept Water - Pretoria,2528AC00074,Borehole,-25.41242,28.08576,,13.1,76.2,Granite,Consolidated,Hard,11.3563535
Dept Water - Pretoria,2528AC00075,Borehole,-25.41241,28.08575,6.01,0,7.62,Sand,Unconsolidated,,11.35760083
Dept Water - Pretoria,2528AC00075,Borehole,-25.41241,28.08575,6.01,7.62,8.1,Quartzite,Consolidated,,11.35760083
Dept Water - Pretoria,2528AC00075,Borehole,-25.41241,28.08575,6.01,8.1,31.39,Granite,Consolidated,,11.35760083
Dept Water - Pretoria,2528AC00077,Borehole,-25.41239,28.08573,,0,10.66,SOIL,Unconsolidated,,11.36009572
Dept Water - Pretoria,2528AC00077,Borehole,-25.41239,28.08573,,10.66,35.66,Granite,Consolidated,,11.36009572
Dept Water - Pretoria,2528AC00077,Borehole,-25.41239,28.08573,,35.66,36.57,Granite,Consolidated,Hard,11.36009572
Dept Water - Pretoria,2528AC00077,Borehole,-25.41239,28.08573,,36.57,49.37,Granite,Consolidated,Hard,11.36009572
Dept Water - Pretoria,2528AC00077,Borehole,-25.41239,28.08573,,49.37,53.34,Granite,Consolidated,Hard,11.36009572
Dept Water - Pretoria,2528AC00077,Borehole,-25.41239,28.08573,,53.34,70.71,Granite,Consolidated,Hard,11.36009572
Dept Water - Pretoria,2528AC00077,Borehole,-25.41239,28.08573,,70.71,121.92,Granite,Consolidated,Hard,11.36009572
Dept Water - Pretoria,2528AC00078,Borehole,-25.41238,28.08572,,0,0.45,SOIL,Unconsolidated,,11.36134329
Dept Water - Pretoria,2528AC00078,Borehole,-25.41238,28.08572,,0.45,14.63,Granite,Consolidated,,11.36134329
Dept Water - Pretoria,2528AC00078,Borehole,-25.41238,28.08572,,14.63,45.72,Granite,Consolidated,Soft,11.36134329
Dept Water - Pretoria,2528AC00078,Borehole,-25.41238,28.08572,,45.72,60.35,Granite,Consolidated,Hard,11.36134329
Dept Water - Pretoria,2528AC00078,Borehole,-25.41238,28.08572,,60.35,62.78,Granite,Consolidated,Hard,11.36134329
Dept Water - Pretoria,2528AC00079,Borehole,-25.41237,28.08571,,0,4.57,Granite,Consolidated,,11.36259093
Dept Water - Pretoria,2528AC00079,Borehole,-25.41237,28.08571,,4.57,5.18,Granite,Consolidated,,11.36259093
Dept Water - Pretoria,2528AC00079,Borehole,-25.41237,28.08571,,5.18,121.92,Granite,Consolidated,,11.36259093
Dept Water - Pretoria,2528AC00080,Borehole,-25.41236,28.0857,,0,8.22,Sand,Unconsolidated,,11.36383866
Dept Water - Pretoria,2528AC00080,Borehole,-25.41236,28.0857,,8.22,30.48,Granite,Consolidated,Hard,11.36383866
Dept Water - Pretoria,2528AC00081,Borehole,-25.41235,28.08569,,0,11.27,SOIL,Unconsolidated,,11.36508648
Dept Water - Pretoria,2528AC00081,Borehole,-25.41235,28.08569,,11.27,29.26,Granite,Consolidated,,11.36508648
Dept Water - Pretoria,2528AC00081,Borehole,-25.41235,28.08569,,29.26,47.85,Granite,Consolidated,,11.36508648
Dept Water - Pretoria,2527BD00090,Borehole,-25.41207,27.99206,16,0,1,SOIL,Unconsolidated,,16.40588025
Dept Water - Pretoria,2527BD00090,Borehole,-25.41207,27.99206,16,1,12,Granite,Consolidated,,16.40588025
Dept Water - Pretoria,2527BD00090,Borehole,-25.41207,27.99206,16,12,37,Granite,Consolidated,,16.40588025
Dept Water - Pretoria,2527BD00090,Borehole,-25.41207,27.99206,16,37,42,Granite,Consolidated,,16.40588025
Dept Water - Pretoria,2527BD00090,Borehole,-25.41207,27.99206,16,42,61,Granite,Consolidated,,16.40588025
Dept Water - Pretoria,2527BD00090,Borehole,-25.41207,27.99206,16,61,76,Granite,Consolidated,,16.40588025
Dept Water - Pretoria,2528AC00086,Borehole,-25.41204,28.0867,,0,1.21,SOIL,Unconsolidated,,11.38535167
Dept Water - Pretoria,2528AC00086,Borehole,-25.41204,28.0867,,1.21,6.09,Granite,Consolidated,,11.38535167
Dept Water - Pretoria,2528AC00086,Borehole,-25.41204,28.0867,,6.09,104.54,Granite,Consolidated,,11.38535167
Dept Water - Pretoria,2528AC00214,Borehole,-25.41114,28.14573,3.34,0,6,SOIL,Unconsolidated,,12.53945204
Dept Water - Pretoria,2528AC00214,Borehole,-25.41114,28.14573,3.34,6,16,Mudstone,Consolidated,,12.53945204
Dept Water - Pretoria,2528AC00214,Borehole,-25.41114,28.14573,3.34,16,35,Mudstone,Consolidated,,12.53945204
Dept Water - Pretoria,2528AC00214,Borehole,-25.41114,28.14573,3.34,35,54,Shale,Consolidated,,12.53945204
Dept Water - Pretoria,2528AC00214,Borehole,-25.41114,28.14573,3.34,54,82,Granite,Consolidated,,12.53945204
Dept Water - Pretoria,2528AC00214,Borehole,-25.41114,28.14573,3.34,82,91,Granite,Consolidated,,12.53945204
Dept Water - Pretoria,2528AC00214,Borehole,-25.41114,28.14573,6.34,0,6,SOIL,Unconsolidated,,12.53945204
Dept Water - Pretoria,2528AC00214,Borehole,-25.41114,28.14573,6.34,6,16,Mudstone,Consolidated,,12.53945204
Dept Water - Pretoria,2528AC00214,Borehole,-25.41114,28.14573,6.34,16,35,Mudstone,Consolidated,,12.53945204
Dept Water - Pretoria,2528AC00214,Borehole,-25.41114,28.14573,6.34,35,54,Shale,Consolidated,,12.53945204
Dept Water - Pretoria,2528AC00214,Borehole,-25.41114,28.14573,6.34,54,82,Granite,Consolidated,,12.53945204
Dept Water - Pretoria,2528AC00214,Borehole,-25.41114,28.14573,6.34,82,91,Granite,Consolidated,,12.53945204
Dept Water - Pretoria,2528AC00214,Borehole,-25.41114,28.14573,9.07,0,6,SOIL,Unconsolidated,,12.53945204
Dept Water - Pretoria,2528AC00214,Borehole,-25.41114,28.14573,9.07,6,16,Mudstone,Consolidated,,12.53945204
Dept Water - Pretoria,2528AC00214,Borehole,-25.41114,28.14573,9.07,16,35,Mudstone,Consolidated,,12.53945204
Dept Water - Pretoria,2528AC00214,Borehole,-25.41114,28.14573,9.07,35,54,Shale,Consolidated,,12.53945204
Dept Water - Pretoria,2528AC00214,Borehole,-25.41114,28.14573,9.07,54,82,Granite,Consolidated,,12.53945204
Dept Water - Pretoria,2528AC00214,Borehole,-25.41114,28.14573,9.07,82,91,Granite,Consolidated,,12.53945204
Dept Water - Pretoria,2528AC00214,Borehole,-25.41114,28.14573,18.21,0,6,SOIL,Unconsolidated,,12.53945204
Dept Water - Pretoria,2528AC00214,Borehole,-25.41114,28.14573,18.21,6,16,Mudstone,Consolidated,,12.53945204
Dept Water - Pretoria,2528AC00214,Borehole,-25.41114,28.14573,18.21,16,35,Mudstone,Consolidated,,12.53945204
Dept Water - Pretoria,2528AC00214,Borehole,-25.41114,28.14573,18.21,35,54,Shale,Consolidated,,12.53945204
Dept Water - Pretoria,2528AC00214,Borehole,-25.41114,28.14573,18.21,54,82,Granite,Consolidated,,12.53945204
Dept Water - Pretoria,2528AC00214,Borehole,-25.41114,28.14573,18.21,82,91,Granite,Consolidated,,12.53945204
Dept Water - Pretoria,2528AC00214,Borehole,-25.41114,28.14573,37.58,0,6,SOIL,Unconsolidated,,12.53945204
Dept Water - Pretoria,2528AC00214,Borehole,-25.41114,28.14573,37.58,6,16,Mudstone,Consolidated,,12.53945204
Dept Water - Pretoria,2528AC00214,Borehole,-25.41114,28.14573,37.58,16,35,Mudstone,Consolidated,,12.53945204
Dept Water - Pretoria,2528AC00214,Borehole,-25.41114,28.14573,37.58,35,54,Shale,Consolidated,,12.53945204
Dept Water - Pretoria,2528AC00214,Borehole,-25.41114,28.14573,37.58,54,82,Granite,Consolidated,,12.53945204
Dept Water - Pretoria,2528AC00214,Borehole,-25.41114,28.14573,37.58,82,91,Granite,Consolidated,,12.53945204
Dept Water - Pretoria,2528AC00160,Borehole,-25.41028,28.04362,11.04,0,4,SOIL,Unconsolidated,,13.04282639
Dept Water - Pretoria,2528AC00160,Borehole,-25.41028,28.04362,11.04,4,22,Granite,Consolidated,,13.04282639
Dept Water - Pretoria,2528AC00160,Borehole,-25.41028,28.04362,11.04,22,41,Granite,Consolidated,,13.04282639
Dept Water - Pretoria,2528AC00160,Borehole,-25.41028,28.04362,11.04,41,56,Granite,Consolidated,,13.04282639
Dept Water - Pretoria,2528AC00160,Borehole,-25.41028,28.04362,11.04,56,84,Granite,Consolidated,,13.04282639
Dept Water - Pretoria,2528AC00271,Borehole,-25.40971,28.13406,12.7,0,5,SOIL,Unconsolidated,,12.20803353
Dept Water - Pretoria,2528AC00271,Borehole,-25.40971,28.13406,12.7,5,78,Granite,Consolidated,,12.20803353
Dept Water - Pretoria,2528AC00271,Borehole,-25.40971,28.13406,22.5,0,5,SOIL,Unconsolidated,,12.20803353
Dept Water - Pretoria,2528AC00271,Borehole,-25.40971,28.13406,22.5,5,78,Granite,Consolidated,,12.20803353
Dept Water - Pretoria,2528AC00271,Borehole,-25.40971,28.13406,41,0,5,SOIL,Unconsolidated,,12.20803353
Dept Water - Pretoria,2528AC00271,Borehole,-25.40971,28.13406,41,5,78,Granite,Consolidated,,12.20803353
Dept Water - Pretoria,2528AC00271,Borehole,-25.40971,28.13406,48.48,0,5,SOIL,Unconsolidated,,12.20803353
Dept Water - Pretoria,2528AC00271,Borehole,-25.40971,28.13406,48.48,5,78,Granite,Consolidated,,12.20803353
Dept Water - Pretoria,2528AC00271,Borehole,-25.40971,28.13406,69.37,0,5,SOIL,Unconsolidated,,12.20803353
Dept Water - Pretoria,2528AC00271,Borehole,-25.40971,28.13406,69.37,5,78,Granite,Consolidated,,12.20803353
Dept Water - Pretoria,2528AC00127,Borehole,-25.40894,28.08138,,,,,,,11.81127265
Dept Water - Pretoria,2528AC00126,Borehole,-25.40858,28.08196,,,,,,,11.84034708
Dept Water - Pretoria,2528AC00287,Borehole,-25.40858,28.08196,,,,,,,11.84034708
Dept Water - Pretoria,2528AC00226,Borehole,-25.40725,28.17607,4.83,,,,,,14.62620124
Dept Water - Pretoria,2528AC00226,Borehole,-25.40725,28.17607,5.08,,,,,,14.62620124
Dept Water - Pretoria,2528AC00226,Borehole,-25.40725,28.17607,5.33,,,,,,14.62620124
Dept Water - Pretoria,2528AC00226,Borehole,-25.40725,28.17607,5.44,,,,,,14.62620124
Dept Water - Pretoria,2528AC00226,Borehole,-25.40725,28.17607,5.74,,,,,,14.62620124
Dept Water - Pretoria,2528AC00200,Borehole,-25.40588,28.17138,14.6,0,2,Alluvium,Unconsolidated,,14.45204916
Dept Water - Pretoria,2528AC00200,Borehole,-25.40588,28.17138,14.6,2,25,Granite,Consolidated,,14.45204916
Dept Water - Pretoria,2528AC00200,Borehole,-25.40588,28.17138,14.6,25,45,Granite,Consolidated,,14.45204916
Dept Water - Pretoria,2528AC00200,Borehole,-25.40588,28.17138,14.6,45,51,Dolerite,Consolidated,,14.45204916
Dept Water - Pretoria,2528AC00200,Borehole,-25.40588,28.17138,14.6,51,91,Granite,Consolidated,,14.45204916
Dept Water - Pretoria,2528AC00155,Borehole,-25.40554,28.00987,5.71,0,2,SOIL,Unconsolidated,,15.58469856
Dept Water - Pretoria,2528AC00155,Borehole,-25.40554,28.00987,5.71,2,16,Granite,Consolidated,,15.58469856
Dept Water - Pretoria,2528AC00155,Borehole,-25.40554,28.00987,5.71,16,38,Granite,Consolidated,,15.58469856
Dept Water - Pretoria,2528AC00155,Borehole,-25.40554,28.00987,5.71,38,46,Granite,Consolidated,,15.58469856
Dept Water - Pretoria,2528AC00155,Borehole,-25.40554,28.00987,5.71,46,61,Granite,Consolidated,,15.58469856
Dept Water - Pretoria,2528AC00156,Borehole,-25.40554,28.00987,7.6,0,2,SOIL,Unconsolidated,,15.58469856
Dept Water - Pretoria,2528AC00156,Borehole,-25.40554,28.00987,7.6,2,16,Granite,Consolidated,,15.58469856
Dept Water - Pretoria,2528AC00156,Borehole,-25.40554,28.00987,7.6,16,28,Granite,Consolidated,,15.58469856
Dept Water - Pretoria,2528AC00156,Borehole,-25.40554,28.00987,7.6,28,58,Granite,Consolidated,,15.58469856
Dept Water - Pretoria,2528AC00156,Borehole,-25.40554,28.00987,7.6,58,76,Granite,Consolidated,,15.58469856
Dept Water - Pretoria,2528AC00261,Borehole,-25.40462,28.1505,10.57,,,,,,13.42154488
Dept Water - Pretoria,2528AD00064,Borehole,-25.40394,28.28832,,0,2,SOIL,Unconsolidated,,24.36441547
Dept Water - Pretoria,2528AD00064,Borehole,-25.40394,28.28832,,2,4,Sand,Unconsolidated,,24.36441547
Dept Water - Pretoria,2528AD00064,Borehole,-25.40394,28.28832,,4,6,Granite,Consolidated,Hard,24.36441547
Dept Water - Pretoria,2528AD00064,Borehole,-25.40394,28.28832,,6,36,Granite,Consolidated,,24.36441547
Dept Water - Pretoria,2528AD00064,Borehole,-25.40394,28.28832,,36,102,Granite,Consolidated,,24.36441547
Dept Water - Pretoria,2528AD00064,Borehole,-25.40394,28.28832,,102,120,Granite,Consolidated,,24.36441547
Dept Water - Pretoria,2528AC00161,Borehole,-25.40343,28.03126,6.7,0,2,SOIL,Unconsolidated,,14.38963679
Dept Water - Pretoria,2528AC00161,Borehole,-25.40343,28.03126,6.7,2,15,Clay,Unconsolidated,,14.38963679
Dept Water - Pretoria,2528AC00161,Borehole,-25.40343,28.03126,6.7,15,24,Granite,Consolidated,,14.38963679
Dept Water - Pretoria,2528AC00161,Borehole,-25.40343,28.03126,6.7,24,38,Granite,Consolidated,,14.38963679
Dept Water - Pretoria,2528AC00161,Borehole,-25.40343,28.03126,6.7,38,71,Granite,Consolidated,,14.38963679
Dept Water - Pretoria,2528AC00213,Borehole,-25.40213,28.14927,,0,5,SOIL,Unconsolidated,,13.61561426
Dept Water - Pretoria,2528AC00213,Borehole,-25.40213,28.14927,,5,13,Mudstone,Consolidated,,13.61561426
Dept Water - Pretoria,2528AC00213,Borehole,-25.40213,28.14927,,13,19,Granite,Consolidated,,13.61561426
Dept Water - Pretoria,2528AC00213,Borehole,-25.40213,28.14927,,19,44,Granite,Consolidated,,13.61561426
Dept Water - Pretoria,2528AC00213,Borehole,-25.40213,28.14927,,44,86,Granite,Consolidated,,13.61561426
Dept Water - Pretoria,2527BD00092,Borehole,-25.40191,27.99347,10.83,0,3,SOIL,Unconsolidated,,17.09636791
Dept Water - Pretoria,2527BD00092,Borehole,-25.40191,27.99347,10.83,3,31,Granite,Consolidated,,17.09636791
Dept Water - Pretoria,2527BD00092,Borehole,-25.40191,27.99347,10.83,31,39,Granite,Consolidated,,17.09636791
Dept Water - Pretoria,2527BD00092,Borehole,-25.40191,27.99347,10.83,39,73,Granite,Consolidated,,17.09636791
Dept Water - Pretoria,2528AC00153,Borehole,-25.4012,28.23479,13.2,0,5,Granite,Consolidated,,19.63071322
Dept Water - Pretoria,2528AC00153,Borehole,-25.4012,28.23479,13.2,5,9,Mudstone,Consolidated,,19.63071322
Dept Water - Pretoria,2528AC00153,Borehole,-25.4012,28.23479,13.2,9,18,Mudstone,Consolidated,,19.63071322
Dept Water - Pretoria,2528AC00153,Borehole,-25.4012,28.23479,13.2,18,19,Granite,Consolidated,,19.63071322
Dept Water - Pretoria,2528AC00153,Borehole,-25.4012,28.23479,13.2,19,22,Mudstone,Consolidated,,19.63071322
Dept Water - Pretoria,2528AC00153,Borehole,-25.4012,28.23479,13.2,22,33,Granite,Consolidated,,19.63071322
Dept Water - Pretoria,2528AC00153,Borehole,-25.4012,28.23479,13.2,33,56,Granite,Consolidated,,19.63071322
Dept Water - Pretoria,2528AC00153,Borehole,-25.4012,28.23479,13.2,56,83,Granite,Consolidated,,19.63071322
Dept Water - Pretoria,2528AC00153,Borehole,-25.4012,28.23479,13.2,83,97,Granite,Consolidated,,19.63071322
Dept Water - Pretoria,2528AC00153,Borehole,-25.4012,28.23479,13.2,97,107,Granite,Consolidated,,19.63071322
Dept Water - Pretoria,2528AC00270,Borehole,-25.40112,28.13065,23.11,0,3,SOIL,Unconsolidated,,13.00913839
Dept Water - Pretoria,2528AC00270,Borehole,-25.40112,28.13065,23.11,3,84,Granite,Consolidated,,13.00913839
Dept Water - Pretoria,2528AC00270,Borehole,-25.40112,28.13065,25.42,0,3,SOIL,Unconsolidated,,13.00913839
Dept Water - Pretoria,2528AC00270,Borehole,-25.40112,28.13065,25.42,3,84,Granite,Consolidated,,13.00913839
Dept Water - Pretoria,2528AC00270,Borehole,-25.40112,28.13065,31.67,0,3,SOIL,Unconsolidated,,13.00913839
Dept Water - Pretoria,2528AC00270,Borehole,-25.40112,28.13065,31.67,3,84,Granite,Consolidated,,13.00913839
Dept Water - Pretoria,2528AC00270,Borehole,-25.40112,28.13065,41.68,0,3,SOIL,Unconsolidated,,13.00913839
Dept Water - Pretoria,2528AC00270,Borehole,-25.40112,28.13065,41.68,3,84,Granite,Consolidated,,13.00913839
Dept Water - Pretoria,2528AC00270,Borehole,-25.40112,28.13065,56.03,0,3,SOIL,Unconsolidated,,13.00913839
Dept Water - Pretoria,2528AC00270,Borehole,-25.40112,28.13065,56.03,3,84,Granite,Consolidated,,13.00913839
Dept Water - Pretoria,2528AC00208,Borehole,-25.40046,28.13338,,0,1,SOIL,Unconsolidated,,13.16524048
Dept Water - Pretoria,2528AC00208,Borehole,-25.40046,28.13338,,1,23,Granite,Consolidated,,13.16524048
Dept Water - Pretoria,2528AC00208,Borehole,-25.40046,28.13338,,23,29,Granite,Consolidated,,13.16524048
Dept Water - Pretoria,2528AC00208,Borehole,-25.40046,28.13338,,29,38,Granite,Consolidated,,13.16524048
Dept Water - Pretoria,2528AC00208,Borehole,-25.40046,28.13338,,38,91,Granite,Consolidated,,13.16524048
Dept Water - Pretoria,2528AC00201,Borehole,-25.39978,28.13304,,0,21,Mudstone,Consolidated,,13.22674151
Dept Water - Pretoria,2528AC00201,Borehole,-25.39978,28.13304,,21,29,Mudstone,Consolidated,,13.22674151
Dept Water - Pretoria,2528AC00201,Borehole,-25.39978,28.13304,,29,46,Mudstone,Consolidated,,13.22674151
Dept Water - Pretoria,2528AC00201,Borehole,-25.39978,28.13304,,46,83,Mudstone,Consolidated,,13.22674151
Dept Water - Pretoria,2528AC00201,Borehole,-25.39978,28.13304,,83,121,Dolerite,Consolidated,,13.22674151
Dept Water - Pretoria,2528AC00169,Borehole,-25.39919,28.03775,6.51,0,1,SOIL,Unconsolidated,,14.43962458
Dept Water - Pretoria,2528AC00169,Borehole,-25.39919,28.03775,6.51,1,26,Granite,Consolidated,,14.43962458
Dept Water - Pretoria,2528AC00169,Borehole,-25.39919,28.03775,6.51,26,37,Granite,Consolidated,,14.43962458
Dept Water - Pretoria,2528AC00169,Borehole,-25.39919,28.03775,6.51,37,61,Granite,Consolidated,,14.43962458
Dept Water - Pretoria,2528AC00163,Borehole,-25.39835,28.01391,,0,3,SOIL,Unconsolidated,,15.93942481
Dept Water - Pretoria,2528AC00163,Borehole,-25.39835,28.01391,,3,31,Granite,Consolidated,,15.93942481
Dept Water - Pretoria,2528AC00163,Borehole,-25.39835,28.01391,,31,57,Granite,Consolidated,,15.93942481
Dept Water - Pretoria,2528AC00163,Borehole,-25.39835,28.01391,,57,81,Granite,Consolidated,,15.93942481
Dept Water - Pretoria,2528AC00217,Borehole,-25.39801,28.13961,17,,,,,,13.64083872
Dept Water - Pretoria,2528AC00217,Borehole,-25.39801,28.13961,17.25,,,,,,13.64083872
Dept Water - Pretoria,2528AC00217,Borehole,-25.39801,28.13961,17.5,,,,,,13.64083872
Dept Water - Pretoria,2528AC00217,Borehole,-25.39801,28.13961,18,,,,,,13.64083872
Dept Water - Pretoria,2528AC00217,Borehole,-25.39801,28.13961,18.8,,,,,,13.64083872
Dept Water - Pretoria,2528AC00224,Borehole,-25.39782,28.14483,13,,,,,,13.86441653
Dept Water - Pretoria,2528AC00224,Borehole,-25.39782,28.14483,13.25,,,,,,13.86441653
Dept Water - Pretoria,2528AC00223,Borehole,-25.39758,28.14334,6.7,,,,,,13.82905034
Dept Water - Pretoria,2528AC00223,Borehole,-25.39758,28.14334,7.06,,,,,,13.82905034
Dept Water - Pretoria,2528AC00223,Borehole,-25.39758,28.14334,7.2,,,,,,13.82905034
Dept Water - Pretoria,2528AC00223,Borehole,-25.39758,28.14334,7.7,,,,,,13.82905034
Dept Water - Pretoria,2528AC00223,Borehole,-25.39758,28.14334,7.92,,,,,,13.82905034
Dept Water - Pretoria,2528AC00223,Borehole,-25.39758,28.14334,8.27,,,,,,13.82905034
Dept Water - Pretoria,2528AC00223,Borehole,-25.39758,28.14334,9.45,,,,,,13.82905034
Dept Water - Pretoria,2528AC00259,Borehole,-25.39741,28.23551,,0,1,Sand,Unconsolidated,,19.96324088
Dept Water - Pretoria,2528AC00259,Borehole,-25.39741,28.23551,,1,24,Mudstone,Consolidated,,19.96324088
Dept Water - Pretoria,2528AC00259,Borehole,-25.39741,28.23551,,24,65,Granite,Consolidated,,19.96324088
Dept Water - Pretoria,2528AC00259,Borehole,-25.39741,28.23551,,65,78,Felsite,Consolidated,,19.96324088
Dept Water - Pretoria,2528AC00259,Borehole,-25.39741,28.23551,,78,84,Granite,Consolidated,,19.96324088
Dept Water - Pretoria,2527BD00023,Borehole,-25.39644,27.94802,,0,2,SOIL,Unconsolidated,,21.26388427
Dept Water - Pretoria,2527BD00023,Borehole,-25.39644,27.94802,,2,4,Gravel,Unconsolidated,,21.26388427
Dept Water - Pretoria,2527BD00023,Borehole,-25.39644,27.94802,,4,7,Mudstone,Consolidated,,21.26388427
Dept Water - Pretoria,2527BD00023,Borehole,-25.39644,27.94802,,7,33,Mudstone,Consolidated,,21.26388427
Dept Water - Pretoria,2527BD00023,Borehole,-25.39644,27.94802,,33,55,Grit,Unconsolidated,,21.26388427
Dept Water - Pretoria,2527BD00023,Borehole,-25.39644,27.94802,,55,61,Mudstone,Consolidated,,21.26388427
Dept Water - Pretoria,2528AC00165,Borehole,-25.39503,28.02412,8.15,0,3,SOIL,Unconsolidated,,15.60352425
Dept Water - Pretoria,2528AC00165,Borehole,-25.39503,28.02412,8.15,3,36,Granite,Consolidated,,15.60352425
Dept Water - Pretoria,2528AC00165,Borehole,-25.39503,28.02412,8.15,36,66,Granite,Consolidated,,15.60352425
Dept Water - Pretoria,2528AC00165,Borehole,-25.39503,28.02412,8.15,66,91,Granite,Consolidated,,15.60352425
Dept Water - Pretoria,2528AC00187,Borehole,-25.39144,28.17637,10.4,0,106,Granite,Consolidated,,16.10170247
Dept Water - Pretoria,2528AC00235,Borehole,-25.38963,28.21519,7.1,0,3,Sandstone,Consolidated,,18.92084783
Dept Water - Pretoria,2528AC00235,Borehole,-25.38963,28.21519,7.1,3,84,Granite,Consolidated,,18.92084783
Dept Water - Pretoria,2528AC00235,Borehole,-25.38963,28.21519,7.32,0,3,Sandstone,Consolidated,,18.92084783
Dept Water - Pretoria,2528AC00235,Borehole,-25.38963,28.21519,7.32,3,84,Granite,Consolidated,,18.92084783
Dept Water - Pretoria,2528AC00237,Borehole,-25.38883,28.19184,12.6,0,16,Sandstone,Consolidated,,17.31820835
Dept Water - Pretoria,2528AC00237,Borehole,-25.38883,28.19184,12.6,16,18,Mudstone,Consolidated,,17.31820835
Dept Water - Pretoria,2528AC00237,Borehole,-25.38883,28.19184,12.6,18,100,Granite,Consolidated,,17.31820835
Dept Water - Pretoria,2528AC00237,Borehole,-25.38883,28.19184,12.84,0,16,Sandstone,Consolidated,,17.31820835
Dept Water - Pretoria,2528AC00237,Borehole,-25.38883,28.19184,12.84,16,18,Mudstone,Consolidated,,17.31820835
Dept Water - Pretoria,2528AC00237,Borehole,-25.38883,28.19184,12.84,18,100,Granite,Consolidated,,17.31820835
Dept Water - Pretoria,2527BD00021,Borehole,-25.38839,27.94469,,0,3,Clay,Unconsolidated,,22.11148049
Dept Water - Pretoria,2527BD00021,Borehole,-25.38839,27.94469,,3,6,Grit,Unconsolidated,,22.11148049
Dept Water - Pretoria,2527BD00021,Borehole,-25.38839,27.94469,,6,19,Mudstone,Consolidated,,22.11148049
Dept Water - Pretoria,2527BD00021,Borehole,-25.38839,27.94469,,19,21,Grit,Unconsolidated,,22.11148049
Dept Water - Pretoria,2527BD00021,Borehole,-25.38839,27.94469,,21,48,Mudstone,Consolidated,,22.11148049
Dept Water - Pretoria,2527BD00021,Borehole,-25.38839,27.94469,,48,83,Mudstone,Consolidated,,22.11148049
Dept Water - Pretoria,2527BD00021,Borehole,-25.38839,27.94469,,83,96,Granite,Consolidated,,22.11148049
Dept Water - Pretoria,2527BD00021,Borehole,-25.38839,27.94469,,96,105,Granite,Consolidated,,22.11148049
Dept Water - Pretoria,2527BD00021,Borehole,-25.38839,27.94469,,105,124,Granite,Consolidated,,22.11148049
Dept Water - Pretoria,2527BD00021,Borehole,-25.38839,27.94469,,124,127,Granite,Consolidated,,22.11148049
Dept Water - Pretoria,2527BD00021,Borehole,-25.38839,27.94469,,127,131,Granite,Consolidated,,22.11148049
Dept Water - Pretoria,2528AC00219,Borehole,-25.38822,28.16378,25.4,,,,,,15.71404635
Dept Water - Pretoria,2528AC00219,Borehole,-25.38822,28.16378,25.64,,,,,,15.71404635
Dept Water - Pretoria,2528AC00218,Borehole,-25.38816,28.15384,15.1,,,,,,15.24328735
Dept Water - Pretoria,2528AC00218,Borehole,-25.38816,28.15384,15.33,,,,,,15.24328735
Dept Water - Pretoria,2528AC00150,Borehole,-25.388,28.05314,17.1,0,4,SOIL,Unconsolidated,,14.87926059
Dept Water - Pretoria,2528AC00150,Borehole,-25.388,28.05314,17.1,4,11,Grit,Unconsolidated,,14.87926059
Dept Water - Pretoria,2528AC00150,Borehole,-25.388,28.05314,17.1,11,23,Mudstone,Consolidated,,14.87926059
Dept Water - Pretoria,2528AC00150,Borehole,-25.388,28.05314,17.1,23,26,Dolerite,Consolidated,,14.87926059
Dept Water - Pretoria,2528AC00150,Borehole,-25.388,28.05314,17.1,26,66,Dolerite,Consolidated,,14.87926059
Dept Water - Pretoria,2528AC00150,Borehole,-25.388,28.05314,17.1,66,96,Granite,Consolidated,,14.87926059
Dept Water - Pretoria,2527BD00022,Borehole,-25.38617,27.94663,,0,2,SOIL,Unconsolidated,,22.102018
Dept Water - Pretoria,2527BD00022,Borehole,-25.38617,27.94663,,2,5,Gravel,Unconsolidated,,22.102018
Dept Water - Pretoria,2527BD00022,Borehole,-25.38617,27.94663,,5,10,Mudstone,Consolidated,,22.102018
Dept Water - Pretoria,2527BD00022,Borehole,-25.38617,27.94663,,10,36,Mudstone,Consolidated,,22.102018
Dept Water - Pretoria,2527BD00022,Borehole,-25.38617,27.94663,,36,45,Grit,Unconsolidated,,22.102018
Dept Water - Pretoria,2527BD00022,Borehole,-25.38617,27.94663,,45,51,Mudstone,Consolidated,,22.102018
Dept Water - Pretoria,2528AC00220,Borehole,-25.38435,28.15784,26.1,,,,,,15.81222954
Dept Water - Pretoria,2528AC00220,Borehole,-25.38435,28.15784,26.35,,,,,,15.81222954
Dept Water - Pretoria,2528AC00220,Borehole,-25.38435,28.15784,26.6,,,,,,15.81222954
Dept Water - Pretoria,2528AC00220,Borehole,-25.38435,28.15784,27.51,,,,,,15.81222954
Dept Water - Pretoria,2528AC00234,Borehole,-25.38428,28.2264,18.1,0,3,Sandstone,Consolidated,,20.21525122
Dept Water - Pretoria,2528AC00234,Borehole,-25.38428,28.2264,18.1,3,26,Mudstone,Consolidated,,20.21525122
Dept Water - Pretoria,2528AC00234,Borehole,-25.38428,28.2264,18.1,26,34,Shale,Consolidated,,20.21525122
Dept Water - Pretoria,2528AC00234,Borehole,-25.38428,28.2264,18.1,34,50,Granite,Consolidated,,20.21525122
Dept Water - Pretoria,2528AC00234,Borehole,-25.38428,28.2264,18.35,0,3,Sandstone,Consolidated,,20.21525122
Dept Water - Pretoria,2528AC00234,Borehole,-25.38428,28.2264,18.35,3,26,Mudstone,Consolidated,,20.21525122
Dept Water - Pretoria,2528AC00234,Borehole,-25.38428,28.2264,18.35,26,34,Shale,Consolidated,,20.21525122
Dept Water - Pretoria,2528AC00234,Borehole,-25.38428,28.2264,18.35,34,50,Granite,Consolidated,,20.21525122
Dept Water - Pretoria,2528AC00234,Borehole,-25.38428,28.2264,18.6,0,3,Sandstone,Consolidated,,20.21525122
Dept Water - Pretoria,2528AC00234,Borehole,-25.38428,28.2264,18.6,3,26,Mudstone,Consolidated,,20.21525122
Dept Water - Pretoria,2528AC00234,Borehole,-25.38428,28.2264,18.6,26,34,Shale,Consolidated,,20.21525122
Dept Water - Pretoria,2528AC00234,Borehole,-25.38428,28.2264,18.6,34,50,Granite,Consolidated,,20.21525122
Dept Water - Pretoria,2528AC00234,Borehole,-25.38428,28.2264,19.1,0,3,Sandstone,Consolidated,,20.21525122
Dept Water - Pretoria,2528AC00234,Borehole,-25.38428,28.2264,19.1,3,26,Mudstone,Consolidated,,20.21525122
Dept Water - Pretoria,2528AC00234,Borehole,-25.38428,28.2264,19.1,26,34,Shale,Consolidated,,20.21525122
Dept Water - Pretoria,2528AC00234,Borehole,-25.38428,28.2264,19.1,34,50,Granite,Consolidated,,20.21525122
Dept Water - Pretoria,2528AC00269,Borehole,-25.38162,28.19462,9.76,0,72,Granite,Consolidated,,18.14820496
Dept Water - Pretoria,2528AC00269,Borehole,-25.38162,28.19462,28.94,0,72,Granite,Consolidated,,18.14820496
Dept Water - Pretoria,2528AC00269,Borehole,-25.38162,28.19462,63.4,0,72,Granite,Consolidated,,18.14820496
Dept Water - Pretoria,2528AC00196,Borehole,-25.38145,28.20721,,0,1,SOIL,Unconsolidated,,19.01964292
Dept Water - Pretoria,2528AC00196,Borehole,-25.38145,28.20721,,1,6,Clay,Unconsolidated,,19.01964292
Dept Water - Pretoria,2528AC00196,Borehole,-25.38145,28.20721,,6,13,Granite,Consolidated,,19.01964292
Dept Water - Pretoria,2528AC00196,Borehole,-25.38145,28.20721,,13,49,Granite,Consolidated,,19.01964292
Dept Water - Pretoria,2528AC00196,Borehole,-25.38145,28.20721,,49,119,Granite,Consolidated,,19.01964292
Dept Water - Pretoria,2528AC00207,Borehole,-25.37968,28.21029,,0,1,SOIL,Unconsolidated,,19.38989172
Dept Water - Pretoria,2528AC00207,Borehole,-25.37968,28.21029,,1,8,Sandstone,Consolidated,,19.38989172
Dept Water - Pretoria,2528AC00207,Borehole,-25.37968,28.21029,,8,11,Sandstone,Consolidated,,19.38989172
Dept Water - Pretoria,2528AC00207,Borehole,-25.37968,28.21029,,11,26,Mudstone,Consolidated,,19.38989172
Dept Water - Pretoria,2528AC00207,Borehole,-25.37968,28.21029,,26,49,Granite,Consolidated,,19.38989172
Dept Water - Pretoria,2528AC00207,Borehole,-25.37968,28.21029,,49,91,Granite,Consolidated,,19.38989172
Dept Water - Pretoria,2528AC00222,Borehole,-25.3789,28.15117,26.4,,,,,,16.08286435
Dept Water - Pretoria,2528AC00222,Borehole,-25.3789,28.15117,26.65,,,,,,16.08286435
Dept Water - Pretoria,2528AC00222,Borehole,-25.3789,28.15117,26.9,,,,,,16.08286435
Dept Water - Pretoria,2528AC00197,Borehole,-25.37866,28.20833,19.8,0,1,SOIL,Unconsolidated,,19.33914112
Dept Water - Pretoria,2528AC00197,Borehole,-25.37866,28.20833,19.8,1,4,Clay,Unconsolidated,,19.33914112
Dept Water - Pretoria,2528AC00197,Borehole,-25.37866,28.20833,19.8,4,22,Granite,Consolidated,,19.33914112
Dept Water - Pretoria,2528AC00197,Borehole,-25.37866,28.20833,19.8,22,77,Granite,Consolidated,,19.33914112
Dept Water - Pretoria,2528AC00197,Borehole,-25.37866,28.20833,19.8,77,87,Granite,Consolidated,,19.33914112
Dept Water - Pretoria,2528AC00197,Borehole,-25.37866,28.20833,19.8,87,101,Granite,Consolidated,,19.33914112
Dept Water - Pretoria,2528AC00221,Borehole,-25.37823,28.15366,29.7,,,,,,16.25433364
Dept Water - Pretoria,2528AC00221,Borehole,-25.37823,28.15366,29.93,,,,,,16.25433364
Dept Water - Pretoria,2528AC00221,Borehole,-25.37823,28.15366,30.2,,,,,,16.25433364
Dept Water - Pretoria,2527BD00075,Borehole,-25.37784,27.93427,26.6,,,,,,23.75294022
Dept Water - Pretoria,2528AC00210,Borehole,-25.37764,28.20931,,0,3,SOIL,Unconsolidated,,19.49605275
Dept Water - Pretoria,2528AC00210,Borehole,-25.37764,28.20931,,3,12,Mudstone,Consolidated,,19.49605275
Dept Water - Pretoria,2528AC00210,Borehole,-25.37764,28.20931,,12,36,Granite,Consolidated,,19.49605275
Dept Water - Pretoria,2528AC00210,Borehole,-25.37764,28.20931,,36,48,Granite,Consolidated,,19.49605275
Dept Water - Pretoria,2528AC00210,Borehole,-25.37764,28.20931,,48,81,Granite,Consolidated,,19.49605275
Dept Water - Pretoria,2527BD00049,Borehole,-25.37755,27.9358,,,,,,,23.64244569
Dept Water - Pretoria,2528AC00238,Borehole,-25.37732,28.19118,,0,5,Sandstone,Consolidated,,18.32036867
Dept Water - Pretoria,2528AC00238,Borehole,-25.37732,28.19118,,5,100,Granite,Consolidated,,18.32036867
Dept Water - Pretoria,2528AC00013,Borehole,-25.37652,28.23811,13.71,0,1.52,Ferricrete,Consolidated,,21.7479932
Dept Water - Pretoria,2528AC00013,Borehole,-25.37652,28.23811,13.71,1.52,4.57,Granite,Consolidated,,21.7479932
Dept Water - Pretoria,2528AC00013,Borehole,-25.37652,28.23811,13.71,4.57,104.85,Granite,Consolidated,,21.7479932
Dept Water - Pretoria,2528AC00012,Borehole,-25.37651,28.2381,14.93,0,1.21,SOIL,Unconsolidated,,21.74798102
Dept Water - Pretoria,2528AC00012,Borehole,-25.37651,28.2381,14.93,1.21,3.04,Clay,Unconsolidated,,21.74798102
Dept Water - Pretoria,2528AC00012,Borehole,-25.37651,28.2381,14.93,3.04,13.1,Sandstone,Consolidated,,21.74798102
Dept Water - Pretoria,2528AC00012,Borehole,-25.37651,28.2381,14.93,13.1,28.34,Shale,Consolidated,,21.74798102
Dept Water - Pretoria,2528AC00012,Borehole,-25.37651,28.2381,14.93,28.34,34.44,Shale,Consolidated,,21.74798102
Dept Water - Pretoria,2528AC00012,Borehole,-25.37651,28.2381,14.93,34.44,58.36,Sandstone,Consolidated,,21.74798102
Dept Water - Pretoria,2528AC00011,Borehole,-25.3765,28.23809,12.8,0,3.65,SOIL,Unconsolidated,,21.74796896
Dept Water - Pretoria,2528AC00011,Borehole,-25.3765,28.23809,12.8,3.65,6.09,Granite,Consolidated,,21.74796896
Dept Water - Pretoria,2528AC00011,Borehole,-25.3765,28.23809,12.8,6.09,60.65,Granite,Consolidated,,21.74796896
Dept Water - Pretoria,2528AC00010,Borehole,-25.37649,28.23808,,0,68.58,Dolerite,Consolidated,,21.74795701
Dept Water - Pretoria,2528AC00010,Borehole,-25.37649,28.23808,,68.58,85.34,Clay,Unconsolidated,,21.74795701
Dept Water - Pretoria,2528AC00010,Borehole,-25.37649,28.23808,,85.34,91.44,Granite,Consolidated,,21.74795701
Dept Water - Pretoria,2528AC00009,Borehole,-25.37647,28.23806,,0,500,Clay,Unconsolidated,,21.74793345
Dept Water - Pretoria,2528AC00008,Dug Well,-25.37646,28.23805,22.86,0,1.21,SOIL,Unconsolidated,,21.74792184
Dept Water - Pretoria,2528AC00008,Dug Well,-25.37646,28.23805,22.86,1.21,4.87,Clay,Unconsolidated,,21.74792184
Dept Water - Pretoria,2528AC00008,Dug Well,-25.37646,28.23805,22.86,4.87,9.75,Sandstone,Consolidated,,21.74792184
Dept Water - Pretoria,2528AC00008,Dug Well,-25.37646,28.23805,22.86,9.75,16.76,Shale,Consolidated,,21.74792184
Dept Water - Pretoria,2528AC00008,Dug Well,-25.37646,28.23805,22.86,16.76,26.21,Sandstone,Consolidated,,21.74792184
Dept Water - Pretoria,2528AC00008,Dug Well,-25.37646,28.23805,22.86,26.21,34.74,Shale,Consolidated,,21.74792184
Dept Water - Pretoria,2528AC00008,Dug Well,-25.37646,28.23805,22.86,34.74,60.35,Sandstone,Consolidated,,21.74792184
Dept Water - Pretoria,2528AC00007,Borehole,-25.37645,28.23804,24.38,0,1.21,SOIL,Unconsolidated,,21.74791035
Dept Water - Pretoria,2528AC00007,Borehole,-25.37645,28.23804,24.38,1.21,6.09,Clay,Unconsolidated,,21.74791035
Dept Water - Pretoria,2528AC00007,Borehole,-25.37645,28.23804,24.38,6.09,9.75,Sandstone,Consolidated,,21.74791035
Dept Water - Pretoria,2528AC00007,Borehole,-25.37645,28.23804,24.38,9.75,11.27,Shale,Consolidated,,21.74791035
Dept Water - Pretoria,2528AC00007,Borehole,-25.37645,28.23804,24.38,11.27,52.73,Granite,Consolidated,,21.74791035
Dept Water - Pretoria,2528AC00014,Borehole,-25.37644,28.23803,15.24,0,12.19,Clay,Unconsolidated,,21.74789897
Dept Water - Pretoria,2528AC00014,Borehole,-25.37644,28.23803,15.24,12.19,46.93,Granite,Consolidated,,21.74789897
Dept Water - Pretoria,2528AC00015,Borehole,-25.37643,28.23802,,0,3.96,Ferricrete,Consolidated,,21.74788771
Dept Water - Pretoria,2528AC00015,Borehole,-25.37643,28.23802,,3.96,19.5,Diabase,Consolidated,,21.74788771
Dept Water - Pretoria,2528AC00015,Borehole,-25.37643,28.23802,,19.5,28.65,Diabase,Consolidated,,21.74788771
Dept Water - Pretoria,2528AC00016,Borehole,-25.37642,28.23801,15.24,0,7.62,SOIL,Unconsolidated,,21.74787656
Dept Water - Pretoria,2528AC00016,Borehole,-25.37642,28.23801,15.24,7.62,46.32,Granite,Consolidated,,21.74787656
Dept Water - Pretoria,2528AC00017,Borehole,-25.37641,28.238,,0,27.43,Dolerite,Consolidated,,21.74786552
Dept Water - Pretoria,2528AC00017,Borehole,-25.37641,28.238,,27.43,109.72,Clay,Unconsolidated,,21.74786552
Dept Water - Pretoria,2528AC00018,Borehole,-25.3764,28.23799,36,0,5,Gravel,Unconsolidated,,21.7478546
Dept Water - Pretoria,2528AC00018,Borehole,-25.3764,28.23799,36,5,110,Granite,Consolidated,,21.7478546
Dept Water - Pretoria,2528AC00019,Borehole,-25.37639,28.23798,60.95,0,4.57,Granite,Consolidated,,21.74784379
Dept Water - Pretoria,2528AC00019,Borehole,-25.37639,28.23798,60.95,4.57,102.1,Granite,Consolidated,,21.74784379
Dept Water - Pretoria,2528AC00020,Borehole,-25.37638,28.23797,7.31,0,111.55,NO SAMPLE,,,21.74783309
Dept Water - Pretoria,2528AC00021,Borehole,-25.37637,28.23796,12.8,0,79.24,NO SAMPLE,,,21.74782251
Dept Water - Pretoria,2528AC00022,Borehole,-25.37636,28.23795,13.71,0,1.52,SOIL,Unconsolidated,,21.74781204
Dept Water - Pretoria,2528AC00022,Borehole,-25.37636,28.23795,13.71,1.52,57.91,Sandstone,Consolidated,,21.74781204
Dept Water - Pretoria,2528AC00022,Borehole,-25.37636,28.23795,13.71,57.91,101.49,Granite,Consolidated,,21.74781204
Dept Water - Pretoria,2528AC00024,Borehole,-25.37635,28.23794,14.32,0,1.82,SOIL,Unconsolidated,,21.74780169
Dept Water - Pretoria,2528AC00024,Borehole,-25.37635,28.23794,14.32,1.82,15.24,Granite,Consolidated,,21.74780169
Dept Water - Pretoria,2528AC00024,Borehole,-25.37635,28.23794,14.32,15.24,16.76,Diabase,Consolidated,,21.74780169
Dept Water - Pretoria,2528AC00024,Borehole,-25.37635,28.23794,14.32,16.76,60.96,Granite,Consolidated,,21.74780169
Dept Water - Pretoria,2528AC00023,Borehole,-25.37634,28.23793,0.91,0,1.52,SOIL,Unconsolidated,,21.74779145
Dept Water - Pretoria,2528AC00023,Borehole,-25.37634,28.23793,0.91,1.52,9.14,Clay,Unconsolidated,,21.74779145
Dept Water - Pretoria,2528AC00023,Borehole,-25.37634,28.23793,0.91,9.14,51.81,Sandstone,Consolidated,,21.74779145
Dept Water - Pretoria,2528AC00236,Borehole,-25.37588,28.21801,9.6,0,6,Mudstone,Consolidated,,20.26844947
Dept Water - Pretoria,2528AC00236,Borehole,-25.37588,28.21801,9.6,6,12,Sandstone,Consolidated,,20.26844947
Dept Water - Pretoria,2528AC00236,Borehole,-25.37588,28.21801,9.6,12,75,Granite,Consolidated,,20.26844947
Dept Water - Pretoria,2528AC00236,Borehole,-25.37588,28.21801,9.83,0,6,Mudstone,Consolidated,,20.26844947
Dept Water - Pretoria,2528AC00236,Borehole,-25.37588,28.21801,9.83,6,12,Sandstone,Consolidated,,20.26844947
Dept Water - Pretoria,2528AC00236,Borehole,-25.37588,28.21801,9.83,12,75,Granite,Consolidated,,20.26844947
Dept Water - Pretoria,2528AC00202,Borehole,-25.37421,28.06818,7.8,0,4,Alluvium,Unconsolidated,,15.88767037
Dept Water - Pretoria,2528AC00202,Borehole,-25.37421,28.06818,7.8,4,8,Mudstone,Consolidated,,15.88767037
Dept Water - Pretoria,2528AC00202,Borehole,-25.37421,28.06818,7.8,8,21,Mudstone,Consolidated,,15.88767037
Dept Water - Pretoria,2528AC00202,Borehole,-25.37421,28.06818,7.8,21,26,Dolerite,Consolidated,,15.88767037
Dept Water - Pretoria,2528AC00202,Borehole,-25.37421,28.06818,7.8,26,34,Mudstone,Consolidated,,15.88767037
Dept Water - Pretoria,2528AC00202,Borehole,-25.37421,28.06818,7.8,34,70,Dolerite,Consolidated,,15.88767037
Dept Water - Pretoria,2528AC00202,Borehole,-25.37421,28.06818,7.8,70,81,Granite,Consolidated,,15.88767037
Dept Water - Pretoria,2528AC00100,Borehole,-25.36785,28.05166,29.87,0,74.67,Shale,Consolidated,,17.05425156
Dept Water - Pretoria,2528AC00100,Borehole,-25.36785,28.05166,29.87,74.67,92.96,Granite,Consolidated,,17.05425156
Dept Water - Pretoria,2528AC00099,Borehole,-25.36784,28.05165,,0,3.04,Ferricrete,Consolidated,,17.05565378
Dept Water - Pretoria,2528AC00099,Borehole,-25.36784,28.05165,,3.04,9.14,Gravel,Unconsolidated,,17.05565378
Dept Water - Pretoria,2528AC00099,Borehole,-25.36784,28.05165,,9.14,57.6,Shale,Consolidated,,17.05565378
Dept Water - Pretoria,2528AC00099,Borehole,-25.36784,28.05165,,57.6,61.26,Granite,Consolidated,,17.05565378
Dept Water - Pretoria,2528AC00103,Borehole,-25.36783,28.05164,30.48,0,1.21,Felsite,Consolidated,,17.05705603
Dept Water - Pretoria,2528AC00103,Borehole,-25.36783,28.05164,30.48,1.21,4.26,Granite,Consolidated,,17.05705603
Dept Water - Pretoria,2528AC00103,Borehole,-25.36783,28.05164,30.48,4.26,21.03,Schist,Consolidated,,17.05705603
Dept Water - Pretoria,2528AC00103,Borehole,-25.36783,28.05164,30.48,21.03,33.22,Granite,Consolidated,,17.05705603
Dept Water - Pretoria,2528AC00103,Borehole,-25.36783,28.05164,30.48,33.22,64.61,Quartzite,Consolidated,,17.05705603
Dept Water - Pretoria,2528AC00101,Borehole,-25.36782,28.05163,,0,1.52,SOIL,Unconsolidated,,17.0584583
Dept Water - Pretoria,2528AC00101,Borehole,-25.36782,28.05163,,1.52,6.7,Gravel,Unconsolidated,,17.0584583
Dept Water - Pretoria,2528AC00101,Borehole,-25.36782,28.05163,,6.7,50.29,Clay,Unconsolidated,,17.0584583
Dept Water - Pretoria,2528AC00101,Borehole,-25.36782,28.05163,,50.29,64.61,Sandstone,Consolidated,,17.0584583
Dept Water - Pretoria,2528AC00101,Borehole,-25.36782,28.05163,,64.61,91.74,Granite,Consolidated,,17.0584583
Dept Water - Pretoria,2528AC00104,Borehole,-25.36782,28.05163,23.16,0,3.04,Granite,Consolidated,,17.0584583
Dept Water - Pretoria,2528AC00104,Borehole,-25.36782,28.05163,23.16,3.04,49.68,Granite,Consolidated,,17.0584583
Dept Water - Pretoria,2528AC00102,Borehole,-25.36781,28.05162,36.57,0,1.21,SOIL,Unconsolidated,,17.05986061
Dept Water - Pretoria,2528AC00102,Borehole,-25.36781,28.05162,36.57,1.21,11.27,Granite,Consolidated,,17.05986061
Dept Water - Pretoria,2528AC00102,Borehole,-25.36781,28.05162,36.57,11.27,54.86,Granite,Consolidated,,17.05986061
Dept Water - Pretoria,2528AC00102,Borehole,-25.36781,28.05162,36.57,54.86,64.92,Granite,Consolidated,,17.05986061
Dept Water - Pretoria,2528AC00105,Borehole,-25.36781,28.05162,24.38,0,4.87,SOIL,Unconsolidated,,17.05986061
Dept Water - Pretoria,2528AC00105,Borehole,-25.36781,28.05162,24.38,4.87,75.89,Granite,Consolidated,,17.05986061
Dept Water - Pretoria,2527BD00016,Borehole,-25.36506,27.93193,39.62,0,1.82,SOIL,Unconsolidated,,24.87645894
Dept Water - Pretoria,2527BD00016,Borehole,-25.36506,27.93193,39.62,1.82,18.28,Clay,Unconsolidated,,24.87645894
Dept Water - Pretoria,2527BD00016,Borehole,-25.36506,27.93193,39.62,18.28,24.38,Sandstone,Consolidated,,24.87645894
Dept Water - Pretoria,2527BD00016,Borehole,-25.36506,27.93193,39.62,24.38,54.25,Limestone,Consolidated,,24.87645894
Dept Water - Pretoria,2527BD00016,Borehole,-25.36506,27.93193,39.62,54.25,64.61,Limestone,Consolidated,,24.87645894
Dept Water - Pretoria,2527BD00015,Borehole,-25.36505,27.93192,,0,24.38,Gravel,Unconsolidated,,24.87803056
Dept Water - Pretoria,2527BD00015,Borehole,-25.36505,27.93192,,24.38,28.04,Gravel,Unconsolidated,,24.87803056
Dept Water - Pretoria,2528AC00001,Borehole,-25.36303,28.22082,17.8,0,1,Sandstone,Consolidated,,21.56631497
Dept Water - Pretoria,2528AC00001,Borehole,-25.36303,28.22082,17.8,1,11,Mudstone,Consolidated,,21.56631497
Dept Water - Pretoria,2528AC00001,Borehole,-25.36303,28.22082,17.8,11,16,Sandstone,Consolidated,,21.56631497
Dept Water - Pretoria,2528AC00001,Borehole,-25.36303,28.22082,17.8,16,17,Shale,Consolidated,,21.56631497
Dept Water - Pretoria,2528AC00001,Borehole,-25.36303,28.22082,17.8,17,19,Dolerite,Consolidated,,21.56631497
Dept Water - Pretoria,2528AC00001,Borehole,-25.36303,28.22082,17.8,19,37,Mudstone,Consolidated,,21.56631497
Dept Water - Pretoria,2528AC00001,Borehole,-25.36303,28.22082,17.8,37,78,Granite,Consolidated,,21.56631497
Dept Water - Pretoria,2528AC00001,Borehole,-25.36303,28.22082,18.62,0,1,Sandstone,Consolidated,,21.56631497
Dept Water - Pretoria,2528AC00001,Borehole,-25.36303,28.22082,18.62,1,11,Mudstone,Consolidated,,21.56631497
Dept Water - Pretoria,2528AC00001,Borehole,-25.36303,28.22082,18.62,11,16,Sandstone,Consolidated,,21.56631497
Dept Water - Pretoria,2528AC00001,Borehole,-25.36303,28.22082,18.62,16,17,Shale,Consolidated,,21.56631497
Dept Water - Pretoria,2528AC00001,Borehole,-25.36303,28.22082,18.62,17,19,Dolerite,Consolidated,,21.56631497
Dept Water - Pretoria,2528AC00001,Borehole,-25.36303,28.22082,18.62,19,37,Mudstone,Consolidated,,21.56631497
Dept Water - Pretoria,2528AC00001,Borehole,-25.36303,28.22082,18.62,37,78,Granite,Consolidated,,21.56631497
Dept Water - Pretoria,2528AC00001,Borehole,-25.36303,28.22082,19.51,0,1,Sandstone,Consolidated,,21.56631497
Dept Water - Pretoria,2528AC00001,Borehole,-25.36303,28.22082,19.51,1,11,Mudstone,Consolidated,,21.56631497
Dept Water - Pretoria,2528AC00001,Borehole,-25.36303,28.22082,19.51,11,16,Sandstone,Consolidated,,21.56631497
Dept Water - Pretoria,2528AC00001,Borehole,-25.36303,28.22082,19.51,16,17,Shale,Consolidated,,21.56631497
Dept Water - Pretoria,2528AC00001,Borehole,-25.36303,28.22082,19.51,17,19,Dolerite,Consolidated,,21.56631497
Dept Water - Pretoria,2528AC00001,Borehole,-25.36303,28.22082,19.51,19,37,Mudstone,Consolidated,,21.56631497
Dept Water - Pretoria,2528AC00001,Borehole,-25.36303,28.22082,19.51,37,78,Granite,Consolidated,,21.56631497
Dept Water - Pretoria,2528AC00001,Borehole,-25.36303,28.22082,20.9,0,1,Sandstone,Consolidated,,21.56631497
Dept Water - Pretoria,2528AC00001,Borehole,-25.36303,28.22082,20.9,1,11,Mudstone,Consolidated,,21.56631497
Dept Water - Pretoria,2528AC00001,Borehole,-25.36303,28.22082,20.9,11,16,Sandstone,Consolidated,,21.56631497
Dept Water - Pretoria,2528AC00001,Borehole,-25.36303,28.22082,20.9,16,17,Shale,Consolidated,,21.56631497
Dept Water - Pretoria,2528AC00001,Borehole,-25.36303,28.22082,20.9,17,19,Dolerite,Consolidated,,21.56631497
Dept Water - Pretoria,2528AC00001,Borehole,-25.36303,28.22082,20.9,19,37,Mudstone,Consolidated,,21.56631497
Dept Water - Pretoria,2528AC00001,Borehole,-25.36303,28.22082,20.9,37,78,Granite,Consolidated,,21.56631497
Dept Water - Pretoria,2528AC00001,Borehole,-25.36303,28.22082,24,0,1,Sandstone,Consolidated,,21.56631497
Dept Water - Pretoria,2528AC00001,Borehole,-25.36303,28.22082,24,1,11,Mudstone,Consolidated,,21.56631497
Dept Water - Pretoria,2528AC00001,Borehole,-25.36303,28.22082,24,11,16,Sandstone,Consolidated,,21.56631497
Dept Water - Pretoria,2528AC00001,Borehole,-25.36303,28.22082,24,16,17,Shale,Consolidated,,21.56631497
Dept Water - Pretoria,2528AC00001,Borehole,-25.36303,28.22082,24,17,19,Dolerite,Consolidated,,21.56631497
Dept Water - Pretoria,2528AC00001,Borehole,-25.36303,28.22082,24,19,37,Mudstone,Consolidated,,21.56631497
Dept Water - Pretoria,2528AC00001,Borehole,-25.36303,28.22082,24,37,78,Granite,Consolidated,,21.56631497
Dept Water - Pretoria,2528AC00227,Borehole,-25.36293,28.24492,6,,,,,,23.35597247
Dept Water - Pretoria,2528AC00227,Borehole,-25.36293,28.24492,6.25,,,,,,23.35597247
Dept Water - Pretoria,2528AC00227,Borehole,-25.36293,28.24492,6.5,,,,,,23.35597247
Dept Water - Pretoria,2528AC00227,Borehole,-25.36293,28.24492,6.91,,,,,,23.35597247
Dept Water - Pretoria,2528AC00228,Borehole,-25.36291,28.15774,18.3,,,,,,18.00693671
Dept Water - Pretoria,2528AC00228,Borehole,-25.36291,28.15774,18.52,,,,,,18.00693671
Dept Water - Pretoria,2528AC00228,Borehole,-25.36291,28.15774,18.8,,,,,,18.00693671
Dept Water - Pretoria,2528AC00228,Borehole,-25.36291,28.15774,19.32,,,,,,18.00693671
Dept Water - Pretoria,2528AC00228,Borehole,-25.36291,28.15774,19.87,,,,,,18.00693671
Dept Water - Pretoria,2528AC00199,Borehole,-25.36144,28.05721,,0,2,Calcrete,Consolidated,,17.56113533
Dept Water - Pretoria,2528AC00199,Borehole,-25.36144,28.05721,,2,12,Clay,Unconsolidated,,17.56113533
Dept Water - Pretoria,2528AC00199,Borehole,-25.36144,28.05721,,12,31,Mudstone,Consolidated,,17.56113533
Dept Water - Pretoria,2528AC00199,Borehole,-25.36144,28.05721,,31,36,Granite,Consolidated,,17.56113533
Dept Water - Pretoria,2528AC00199,Borehole,-25.36144,28.05721,,36,81,Granite,Consolidated,,17.56113533
Dept Water - Pretoria,2528AC00185,Borehole,-25.36144,28.06027,11.1,0,106,Granite,Consolidated,,17.47420873
Dept Water - Pretoria,2528AC00184,Borehole,-25.36088,28.06221,13.9,0,67,Granite,Consolidated,,17.48293214
Dept Water - Pretoria,2528AC00258,Borehole,-25.36072,28.05742,,0,8,Sand,Unconsolidated,,17.63231334
Dept Water - Pretoria,2528AC00258,Borehole,-25.36072,28.05742,,8,36,Mudstone,Consolidated,,17.63231334
Dept Water - Pretoria,2528AC00258,Borehole,-25.36072,28.05742,,36,48,Mudstone,Consolidated,,17.63231334
Dept Water - Pretoria,2528AC00258,Borehole,-25.36072,28.05742,,48,102,Granite,Consolidated,,17.63231334
Dept Water - Pretoria,2528AD00052,Borehole,-25.35867,28.24971,13.7,0,71,Granite,Consolidated,,24.06766411
Dept Water - Pretoria,2528AC00240,Borehole,-25.35851,28.13021,30,0,45,Mudstone,Consolidated,,17.61146775
Dept Water - Pretoria,2528AC00240,Borehole,-25.35851,28.13021,30,45,52,Shale,Consolidated,,17.61146775
Dept Water - Pretoria,2528AC00240,Borehole,-25.35851,28.13021,30,52,72,Granite,Consolidated,,17.61146775
Dept Water - Pretoria,2528AC00229,Borehole,-25.35843,28.24792,4.7,,,,,,23.9483549
Dept Water - Pretoria,2528AC00229,Borehole,-25.35843,28.24792,4.9,,,,,,23.9483549
Dept Water - Pretoria,2528AC00229,Borehole,-25.35843,28.24792,5.09,,,,,,23.9483549
Dept Water - Pretoria,2528AC00239,Borehole,-25.35808,28.14213,,0,3,Mudstone,Consolidated,,17.96747849
Dept Water - Pretoria,2528AC00239,Borehole,-25.35808,28.14213,,3,10,Sandstone,Consolidated,,17.96747849
Dept Water - Pretoria,2528AC00239,Borehole,-25.35808,28.14213,,10,100,Mudstone,Consolidated,,17.96747849
Dept Water - Pretoria,2527BD00053,Borehole,-25.35644,27.98903,,0,1,SOIL,Unconsolidated,,21.34490187
Dept Water - Pretoria,2527BD00053,Borehole,-25.35644,27.98903,,1,2,Mudstone,Consolidated,,21.34490187
Dept Water - Pretoria,2527BD00053,Borehole,-25.35644,27.98903,,2,8,Dolerite,Consolidated,,21.34490187
Dept Water - Pretoria,2527BD00053,Borehole,-25.35644,27.98903,,8,28,Shale,Consolidated,Soft,21.34490187
Dept Water - Pretoria,2527BD00053,Borehole,-25.35644,27.98903,,28,34,Dolerite,Consolidated,,21.34490187
Dept Water - Pretoria,2527BD00053,Borehole,-25.35644,27.98903,,34,36,Dolerite,Consolidated,,21.34490187
Dept Water - Pretoria,2527BD00053,Borehole,-25.35644,27.98903,,36,41,Shale,Consolidated,Soft,21.34490187
Dept Water - Pretoria,2527BD00053,Borehole,-25.35644,27.98903,,41,47,Shale,Consolidated,Hard,21.34490187
Dept Water - Pretoria,2527BD00053,Borehole,-25.35644,27.98903,,47,48,Shale,Consolidated,Hard,21.34490187
Dept Water - Pretoria,2527BD00053,Borehole,-25.35644,27.98903,,48,53,Coal,Consolidated,Soft,21.34490187
Dept Water - Pretoria,2527BD00053,Borehole,-25.35644,27.98903,,53,102,Sandstone,Consolidated,,21.34490187
Dept Water - Pretoria,2527BD00053,Borehole,-25.35644,27.98903,,102,121.2,Granite,Consolidated,,21.34490187
Dept Water - Pretoria,2528AC00225,Borehole,-25.35596,28.23993,7.29,,,,,,23.54523606
Dept Water - Pretoria,2528AC00225,Borehole,-25.35596,28.23993,7.49,,,,,,23.54523606
Dept Water - Pretoria,2528AC00263,Borehole,-25.35351,28.13198,26.92,,,,,,18.1962443
Dept Water - Pretoria,2528AC00263,Borehole,-25.35351,28.13198,31.44,,,,,,18.1962443
Dept Water - Pretoria,2528AC00241,Borehole,-25.3517,28.13125,29.19,0,9,Sandstone,Consolidated,,18.37751048
Dept Water - Pretoria,2528AC00241,Borehole,-25.3517,28.13125,29.19,9,25,Mudstone,Consolidated,,18.37751048
Dept Water - Pretoria,2528AC00241,Borehole,-25.3517,28.13125,29.19,25,78,Granite,Consolidated,,18.37751048
Dept Water - Pretoria,2528AC00262,Borehole,-25.35128,28.13746,28.63,,,,,,18.57087959
Dept Water - Pretoria,2528AC00276,Borehole,-25.3502,28.14492,23.45,0,42,Shale,Consolidated,,18.895927
Dept Water - Pretoria,2528AC00276,Borehole,-25.3502,28.14492,23.45,42,90,Granite,Consolidated,,18.895927
Dept Water - Pretoria,2528AC00276,Borehole,-25.3502,28.14492,39.26,0,42,Shale,Consolidated,,18.895927
Dept Water - Pretoria,2528AC00276,Borehole,-25.3502,28.14492,39.26,42,90,Granite,Consolidated,,18.895927
Dept Water - Pretoria,2528AC00276,Borehole,-25.3502,28.14492,78.79,0,42,Shale,Consolidated,,18.895927
Dept Water - Pretoria,2528AC00276,Borehole,-25.3502,28.14492,78.79,42,90,Granite,Consolidated,,18.895927
Dept Water - Pretoria,2528AC00278,Borehole,-25.34908,28.14642,23.8,0,68,Shale,Consolidated,,19.06163132
Dept Water - Pretoria,2528AC00278,Borehole,-25.34908,28.14642,23.8,68,90,Granite,Consolidated,,19.06163132
Dept Water - Pretoria,2528AC00278,Borehole,-25.34908,28.14642,34.17,0,68,Shale,Consolidated,,19.06163132
Dept Water - Pretoria,2528AC00278,Borehole,-25.34908,28.14642,34.17,68,90,Granite,Consolidated,,19.06163132
Dept Water - Pretoria,2528AC00278,Borehole,-25.34908,28.14642,66.13,0,68,Shale,Consolidated,,19.06163132
Dept Water - Pretoria,2528AC00278,Borehole,-25.34908,28.14642,66.13,68,90,Granite,Consolidated,,19.06163132
Dept Water - Pretoria,2528AC00278,Borehole,-25.34908,28.14642,81.66,0,68,Shale,Consolidated,,19.06163132
Dept Water - Pretoria,2528AC00278,Borehole,-25.34908,28.14642,81.66,68,90,Granite,Consolidated,,19.06163132
Dept Water - Pretoria,2528AC00277,Borehole,-25.34634,28.14172,,0,2,Sand,Unconsolidated,,19.21843447
Dept Water - Pretoria,2528AC00277,Borehole,-25.34634,28.14172,,2,11,Sandstone,Consolidated,,19.21843447
Dept Water - Pretoria,2528AC00277,Borehole,-25.34634,28.14172,,11,36,Shale,Consolidated,,19.21843447
Dept Water - Pretoria,2528AC00277,Borehole,-25.34634,28.14172,,36,120,Granite,Consolidated,,19.21843447
Dept Water - Pretoria,2528AC00138,Borehole,-25.34507,28.01037,,0,10,Quartzite,Consolidated,,21.19021508
Dept Water - Pretoria,2528AC00138,Borehole,-25.34507,28.01037,,10,13,Clay,Unconsolidated,,21.19021508
Dept Water - Pretoria,2528AC00138,Borehole,-25.34507,28.01037,,13,17,Mudstone,Consolidated,Hard,21.19021508
Dept Water - Pretoria,2528AC00138,Borehole,-25.34507,28.01037,,17,26,Mudstone,Consolidated,,21.19021508
Dept Water - Pretoria,2528AC00138,Borehole,-25.34507,28.01037,,26,62,Mudstone,Consolidated,Hard,21.19021508
Dept Water - Pretoria,2528AC00138,Borehole,-25.34507,28.01037,,62,64,Mudstone,Consolidated,,21.19021508
Dept Water - Pretoria,2528AC00138,Borehole,-25.34507,28.01037,,64,78,Mudstone,Consolidated,Soft,21.19021508
Dept Water - Pretoria,2528AC00138,Borehole,-25.34507,28.01037,,78,120,Granite,Consolidated,,21.19021508
Dept Water - Pretoria,2528AC00193,Borehole,-25.34228,28.04416,22.2,0,4,Alluvium,Unconsolidated,,20.01962142
Dept Water - Pretoria,2528AC00193,Borehole,-25.34228,28.04416,22.2,4,5,Grit,Unconsolidated,,20.01962142
Dept Water - Pretoria,2528AC00193,Borehole,-25.34228,28.04416,22.2,5,84,Mudstone,Consolidated,,20.01962142
Dept Water - Pretoria,2528AC00193,Borehole,-25.34228,28.04416,22.2,84,130,Granite,Consolidated,,20.01962142
Dept Water - Pretoria,2528AC00133,Borehole,-25.34089,28.05527,,0,5,SOIL,Unconsolidated,,19.82847125
Dept Water - Pretoria,2528AC00133,Borehole,-25.34089,28.05527,,5,49,Shale,Consolidated,,19.82847125
Dept Water - Pretoria,2528AC00133,Borehole,-25.34089,28.05527,,49,78,Mudstone,Consolidated,,19.82847125
Dept Water - Pretoria,2528AC00133,Borehole,-25.34089,28.05527,,78,100,Granite,Consolidated,,19.82847125
Dept Water - Pretoria,2528AC00189,Borehole,-25.34088,28.08026,,0,105,Dolerite,Consolidated,,19.33724856
Dept Water - Pretoria,2528AC00134,Borehole,-25.34033,28.05082,,0,6,SOIL,Unconsolidated,,20.0156454
Dept Water - Pretoria,2528AC00134,Borehole,-25.34033,28.05082,,6,54,Shale,Consolidated,,20.0156454
Dept Water - Pretoria,2528AC00134,Borehole,-25.34033,28.05082,,54,84,Mudstone,Consolidated,,20.0156454
Dept Water - Pretoria,2528AC00134,Borehole,-25.34033,28.05082,,84,152,Granite,Consolidated,,20.0156454
Dept Water - Pretoria,2528AC00132,Borehole,-25.33867,28.05832,,0,3,SOIL,Unconsolidated,,19.98871417
Dept Water - Pretoria,2528AC00132,Borehole,-25.33867,28.05832,,3,41,Shale,Consolidated,,19.98871417
Dept Water - Pretoria,2528AC00132,Borehole,-25.33867,28.05832,,41,83,Mudstone,Consolidated,,19.98871417
Dept Water - Pretoria,2528AC00132,Borehole,-25.33867,28.05832,,83,127,Granite,Consolidated,,19.98871417
Dept Water - Pretoria,2528AC00130,Borehole,-25.33839,28.06443,,0,3,SOIL,Unconsolidated,,19.87665671
Dept Water - Pretoria,2528AC00130,Borehole,-25.33839,28.06443,,3,19,Sandstone,Consolidated,,19.87665671
Dept Water - Pretoria,2528AC00130,Borehole,-25.33839,28.06443,,19,41,Shale,Consolidated,,19.87665671
Dept Water - Pretoria,2528AC00130,Borehole,-25.33839,28.06443,,41,72,Mudstone,Consolidated,,19.87665671
Dept Water - Pretoria,2528AC00130,Borehole,-25.33839,28.06443,,72,120,Granite,Consolidated,,19.87665671
Dept Water - Pretoria,2528AC00272,Borehole,-25.33769,28.05462,,0,2,SOIL,Unconsolidated,,20.19157485
Dept Water - Pretoria,2528AC00272,Borehole,-25.33769,28.05462,,2,88,Mudstone,Consolidated,,20.19157485
Dept Water - Pretoria,2528AC00272,Borehole,-25.33769,28.05462,,88,120,Granite,Consolidated,,20.19157485
Dept Water - Pretoria,2528AC00273,Borehole,-25.33655,28.05339,,0,82,Mudstone,Consolidated,,20.34831929
Dept Water - Pretoria,2528AC00273,Borehole,-25.33655,28.05339,,82,92,Dolerite,Consolidated,,20.34831929
Dept Water - Pretoria,2528AC00273,Borehole,-25.33655,28.05339,,92,120,Granite,Consolidated,,20.34831929
Dept Water - Pretoria,2528AC00182,Borehole,-25.3364,28.04975,,0,151,Granite,Consolidated,,20.46905296
Dept Water - Pretoria,2528AC00183,Borehole,-25.3364,28.04975,33.5,0,121,Mudstone,Consolidated,,20.46905296
Dept Water - Pretoria,2528AC00131,Borehole,-25.3345,28.05499,,0,8,Calcrete,Consolidated,,20.52627909
Dept Water - Pretoria,2528AC00131,Borehole,-25.3345,28.05499,,8,40,Shale,Consolidated,,20.52627909
Dept Water - Pretoria,2528AC00131,Borehole,-25.3345,28.05499,,40,94,Mudstone,Consolidated,,20.52627909
Dept Water - Pretoria,2528AC00131,Borehole,-25.3345,28.05499,,94,120,Granite,Consolidated,,20.52627909
Dept Water - Pretoria,2528AC00190,Borehole,-25.33394,28.02971,,0,119,Dolerite,Consolidated,,21.43004729
Dept Water - Pretoria,2528AC00135,Borehole,-25.33311,28.04915,,0,6,Calcrete,Consolidated,,20.83985046
Dept Water - Pretoria,2528AC00135,Borehole,-25.33311,28.04915,,6,34,Shale,Consolidated,,20.83985046
Dept Water - Pretoria,2528AC00135,Borehole,-25.33311,28.04915,,34,92,Mudstone,Consolidated,,20.83985046
Dept Water - Pretoria,2528AC00135,Borehole,-25.33311,28.04915,,92,147,Granite,Consolidated,,20.83985046
Dept Water - Pretoria,2528AC00215,Borehole,-25.3331,28.11549,,0,2,SOIL,Unconsolidated,,20.17643104
Dept Water - Pretoria,2528AC00215,Borehole,-25.3331,28.11549,,2,9,Sand,Unconsolidated,,20.17643104
Dept Water - Pretoria,2528AC00215,Borehole,-25.3331,28.11549,,9,25,Sandstone,Consolidated,,20.17643104
Dept Water - Pretoria,2528AC00215,Borehole,-25.3331,28.11549,,25,60,Granite,Consolidated,,20.17643104
Dept Water - Pretoria,2528AC00215,Borehole,-25.3331,28.11549,,60,103,Dolerite,Consolidated,,20.17643104
Dept Water - Pretoria,2527BD00020,Borehole,-25.33173,27.98775,,0,40.23,Clay,Unconsolidated,,23.72585709
Dept Water - Pretoria,2527BD00020,Borehole,-25.33173,27.98775,,40.23,135.63,Sandstone,Consolidated,,23.72585709
Dept Water - Pretoria,2528AC00195,Borehole,-25.32895,28.04721,,0,7,Dolerite,Consolidated,,21.3438497
Dept Water - Pretoria,2528AC00195,Borehole,-25.32895,28.04721,,7,16,Dolerite,Consolidated,,21.3438497
Dept Water - Pretoria,2528AC00195,Borehole,-25.32895,28.04721,,16,84,Mudstone,Consolidated,,21.3438497
Dept Water - Pretoria,2528AC00195,Borehole,-25.32895,28.04721,,84,138,Granite,Consolidated,,21.3438497
Dept Water - Pretoria,2528AC00192,Borehole,-25.32839,28.02971,,0,6,Calcrete,Consolidated,,22.00771326
Dept Water - Pretoria,2528AC00192,Borehole,-25.32839,28.02971,,6,28,Mudstone,Consolidated,,22.00771326
Dept Water - Pretoria,2528AC00192,Borehole,-25.32839,28.02971,,28,34,Coal,Consolidated,,22.00771326
Dept Water - Pretoria,2528AC00192,Borehole,-25.32839,28.02971,,34,94,Mudstone,Consolidated,,22.00771326
Dept Water - Pretoria,2528AC00192,Borehole,-25.32839,28.02971,,94,143,Granite,Consolidated,,22.00771326
Dept Water - Pretoria,2528AC00191,Borehole,-25.32533,28.03944,,0,1,SOIL,Unconsolidated,,21.97701994
Dept Water - Pretoria,2528AC00191,Borehole,-25.32533,28.03944,,1,32,Mudstone,Consolidated,,21.97701994
Dept Water - Pretoria,2528AC00191,Borehole,-25.32533,28.03944,,32,86,Mudstone,Consolidated,,21.97701994
Dept Water - Pretoria,2528AC00191,Borehole,-25.32533,28.03944,,86,119,Granite,Consolidated,,21.97701994
Dept Water - Pretoria,2528AC00290,Borehole,-25.32394,28.07638,,,,,,,21.25967799
Dept Water - Pretoria,2528AC00147,Borehole,-25.32367,28.07638,,,,,,,21.28952504
Dept Water - Pretoria,2528AC00186,Borehole,-25.32283,28.08944,,0,145,Dolerite,Consolidated,,21.26103777
Dept Water - Pretoria,2528AC00076,Borehole,-25.30918,28.00679,28.78,,,,,,24.95791229
Dept Water - Pretoria,2528AC00149,Borehole,-25.30916,28.00698,,,,,,,24.95126102
Dept Water - Pretoria,2528AC00180,Borehole,-25.30061,28.05998,,0,127,Dolerite,Consolidated,,24.10105238
Dept Water - Pretoria,2528AC00181,Borehole,-25.3003,28.05277,,0,115,Dolerite,Consolidated,,24.29190594
