Identifier,GeositeType,Latitude,Longitude,WaterLevel,DepthToTop,DepthToBottom,LithologyName,MaterialType,HardnessQualifier,distance_km
2528CA00022,Borehole,-25.63395,28.08444,25.68,,,,,,13.49522463
2528CA00022,Borehole,-25.63395,28.08444,25.71,,,,,,13.49522463
2528CA00022,Borehole,-25.63395,28.08444,25.74,,,,,,13.49522463
2528CA00022,Borehole,-25.63395,28.08444,25.76,,,,,,13.49522463
2528CA00022,Borehole,-25.63395,28.08444,25.77,,,,,,13.49522463
2528CA00022,Borehole,-25.63395,28.08444,25.8,,,,,,13.49522463
2528CA00022,Borehole,-25.63395,28.08444,25.81,,,,,,13.49522463
2528CA00022,Borehole,-25.63395,28.08444,25.82,,,,,,13.49522463
2528CA00022,Borehole,-25.63395,28.08444,25.86,,,,,,13.49522463
2528CA00022,Borehole,-25.63395,28.08444,25.87,,,,,,13.49522463
2528CA00022,Borehole,-25.63395,28.08444,25.89,,,,,,13.49522463
2528CA00022,Borehole,-25.63395,28.08444,25.92,,,,,,13.49522463
2528CA00022,Borehole,-25.63395,28.08444,25.96,,,,,,13.49522463
2528CA00022,Borehole,-25.63395,28.08444,25.97,,,,,,13.49522463
2528CA00022,Borehole,-25.63395,28.08444,25.98,,,,,,13.49522463
2528CA00022,Borehole,-25.63395,28.08444,26,,,,,,13.49522463
2528CA00022,Borehole,-25.63395,28.08444,26.01,,,,,,13.49522463
2528CA00022,Borehole,-25.63395,28.08444,26.03,,,,,,13.49522463
2528CA00022,Borehole,-25.63395,28.08444,26.04,,,,,,13.49522463
2528CA00022,Borehole,-25.63395,28.08444,26.05,,,,,,13.49522463
2528CA00022,Borehole,-25.63395,28.08444,26.06,,,,,,13.49522463
2528CA00022,Borehole,-25.63395,28.08444,26.07,,,,,,13.49522463
2528CA00022,Borehole,-25.63395,28.08444,26.09,,,,,,13.49522463
2528CA00022,Borehole,-25.63395,28.08444,26.1,,,,,,13.49522463
2528CA00022,Borehole,-25.63395,28.08444,26.12,,,,,,13.49522463
2528CA00022,Borehole,-25.63395,28.08444,26.14,,,,,,13.49522463
2528CA00022,Borehole,-25.63395,28.08444,26.15,,,,,,13.49522463
2528CA00022,Borehole,-25.63395,28.08444,26.16,,,,,,13.49522463
2528CA00022,Borehole,-25.63395,28.08444,26.17,,,,,,13.49522463
2528CA00022,Borehole,-25.63395,28.08444,26.18,,,,,,13.49522463
2528CA00022,Borehole,-25.63395,28.08444,26.19,,,,,,13.49522463
2528CA00022,Borehole,-25.63395,28.08444,26.2,,,,,,13.49522463
2528CA00022,Borehole,-25.63395,28.08444,26.21,,,,,,13.49522463
2528CA00022,Borehole,-25.63395,28.08444,26.22,,,,,,13.49522463
2528CA00022,Borehole,-25.63395,28.08444,26.23,,,,,,13.49522463
2528CA00022,Borehole,-25.63395,28.08444,26.24,,,,,,13.49522463
2528CA00022,Borehole,-25.63395,28.08444,26.25,,,,,,13.49522463
2528CA00022,Borehole,-25.63395,28.08444,26.26,,,,,,13.49522463
2528CA00022,Borehole,-25.63395,28.08444,26.28,,,,,,13.49522463
2528CA00022,Borehole,-25.63395,28.08444,26.29,,,,,,13.49522463
2528CA00022,Borehole,-25.63395,28.08444,26.3,,,,,,13.49522463
2528CA00022,Borehole,-25.63395,28.08444,26.31,,,,,,13.49522463
2528CA00022,Borehole,-25.63395,28.08444,26.32,,,,,,13.49522463
2528CA00022,Borehole,-25.63395,28.08444,26.33,,,,,,13.49522463
2528CA00022,Borehole,-25.63395,28.08444,26.34,,,,,,13.49522463
2528CA00022,Borehole,-25.63395,28.08444,26.35,,,,,,13.49522463
2528CA00022,Borehole,-25.63395,28.08444,26.36,,,,,,13.49522463
2528CA00022,Borehole,-25.63395,28.08444,26.38,,,,,,13.49522463
2528CA00022,Borehole,-25.63395,28.08444,26.39,,,,,,13.49522463
2528CA00022,Borehole,-25.63395,28.08444,26.4,,,,,,13.49522463
2528CA00022,Borehole,-25.63395,28.08444,26.41,,,,,,13.49522463
2528CA00022,Borehole,-25.63395,28.08444,26.42,,,,,,13.49522463
2528CA00022,Borehole,-25.63395,28.08444,26.43,,,,,,13.49522463
2528CA00022,Borehole,-25.63395,28.08444,26.44,,,,,,13.49522463
2528CA00022,Borehole,-25.63395,28.08444,26.46,,,,,,13.49522463
2528CA00022,Borehole,-25.63395,28.08444,26.47,,,,,,13.49522463
2528CA00022,Borehole,-25.63395,28.08444,26.49,,,,,,13.49522463
2528CA00022,Borehole,-25.63395,28.08444,26.5,,,,,,13.49522463
2528CA00022,Borehole,-25.63395,28.08444,26.51,,,,,,13.49522463
2528CA00022,Borehole,-25.63395,28.08444,26.52,,,,,,13.49522463
2528CA00022,Borehole,-25.63395,28.08444,26.53,,,,,,13.49522463
2528CA00022,Borehole,-25.63395,28.08444,26.54,,,,,,13.49522463
2528CA00022,Borehole,-25.63395,28.08444,26.55,,,,,,13.49522463
2528CA00022,Borehole,-25.63395,28.08444,26.56,,,,,,13.49522463
2528CA00022,Borehole,-25.63395,28.08444,26.57,,,,,,13.49522463
2528CA00022,Borehole,-25.63395,28.08444,26.58,,,,,,13.49522463
2528CA00022,Borehole,-25.63395,28.08444,26.59,,,,,,13.49522463
2528CA00022,Borehole,-25.63395,28.08444,26.6,,,,,,13.49522463
2528CA00022,Borehole,-25.63395,28.08444,26.61,,,,,,13.49522463
2528CA00022,Borehole,-25.63395,28.08444,26.62,,,,,,13.49522463
2528CA00022,Borehole,-25.63395,28.08444,26.63,,,,,,13.49522463
2528CA00022,Borehole,-25.63395,28.08444,26.64,,,,,,13.49522463
2528CA00022,Borehole,-25.63395,28.08444,26.65,,,,,,13.49522463
2528CA00022,Borehole,-25.63395,28.08444,26.66,,,,,,13.49522463
2528CA00022,Borehole,-25.63395,28.08444,26.67,,,,,,13.49522463
2528CA00022,Borehole,-25.63395,28.08444,26.68,,,,,,13.49522463
2528CA00022,Borehole,-25.63395,28.08444,26.69,,,,,,13.49522463
2528CA00022,Borehole,-25.63395,28.08444,26.7,,,,,,13.49522463
2528CA00022,Borehole,-25.63395,28.08444,26.71,,,,,,13.49522463
2528CA00022,Borehole,-25.63395,28.08444,26.72,,,,,,13.49522463
2528CA00022,Borehole,-25.63395,28.08444,26.73,,,,,,13.49522463
2528CA00022,Borehole,-25.63395,28.08444,26.74,,,,,,13.49522463
2528CA00022,Borehole,-25.63395,28.08444,26.75,,,,,,13.49522463
2528CA00022,Borehole,-25.63395,28.08444,26.76,,,,,,13.49522463
2528CA00022,Borehole,-25.63395,28.08444,26.77,,,,,,13.49522463
2528CA00022,Borehole,-25.63395,28.08444,26.78,,,,,,13.49522463
2528CA00022,Borehole,-25.63395,28.08444,26.79,,,,,,13.49522463
2528CA00022,Borehole,-25.63395,28.08444,26.8,,,,,,13.49522463
2528CA00022,Borehole,-25.63395,28.08444,26.81,,,,,,13.49522463
2528CA00022,Borehole,-25.63395,28.08444,26.82,,,,,,13.49522463
2528CA00022,Borehole,-25.63395,28.08444,26.83,,,,,,13.49522463
2528CA00022,Borehole,-25.63395,28.08444,26.84,,,,,,13.49522463
2528CA00022,Borehole,-25.63395,28.08444,26.85,,,,,,13.49522463
2528CA00022,Borehole,-25.63395,28.08444,26.86,,,,,,13.49522463
2528CA00022,Borehole,-25.63395,28.08444,26.87,,,,,,13.49522463
2528CA00022,Borehole,-25.63395,28.08444,26.88,,,,,,13.49522463
2528CA00022,Borehole,-25.63395,28.08444,26.89,,,,,,13.49522463
2528CA00022,Borehole,-25.63395,28.08444,26.9,,,,,,13.49522463
2528CA00022,Borehole,-25.63395,28.08444,26.91,,,,,,13.49522463
2528CA00022,Borehole,-25.63395,28.08444,26.92,,,,,,13.49522463
2528CA00022,Borehole,-25.63395,28.08444,26.93,,,,,,13.49522463
2528CA00022,Borehole,-25.63395,28.08444,26.94,,,,,,13.49522463
2528CA00022,Borehole,-25.63395,28.08444,26.95,,,,,,13.49522463
2528CA00022,Borehole,-25.63395,28.08444,26.96,,,,,,13.49522463
2528CA00022,Borehole,-25.63395,28.08444,26.97,,,,,,13.49522463
2528CA00022,Borehole,-25.63395,28.08444,26.98,,,,,,13.49522463
2528CA00022,Borehole,-25.63395,28.08444,26.99,,,,,,13.49522463
2528CA00022,Borehole,-25.63395,28.08444,27,,,,,,13.49522463
2528CA00022,Borehole,-25.63395,28.08444,27.01,,,,,,13.49522463
2528CA00022,Borehole,-25.63395,28.08444,27.02,,,,,,13.49522463
2528CA00022,Borehole,-25.63395,28.08444,27.03,,,,,,13.49522463
2528CA00022,Borehole,-25.63395,28.08444,27.04,,,,,,13.49522463
2528CA00022,Borehole,-25.63395,28.08444,27.05,,,,,,13.49522463
2528CA00022,Borehole,-25.63395,28.08444,27.06,,,,,,13.49522463
2528CA00022,Borehole,-25.63395,28.08444,27.07,,,,,,13.49522463
2528CA00022,Borehole,-25.63395,28.08444,27.08,,,,,,13.49522463
2528CA00022,Borehole,-25.63395,28.08444,27.09,,,,,,13.49522463
2528CA00022,Borehole,-25.63395,28.08444,27.1,,,,,,13.49522463
2528CA00022,Borehole,-25.63395,28.08444,27.11,,,,,,13.49522463
2528CA00022,Borehole,-25.63395,28.08444,27.12,,,,,,13.49522463
2528CA00022,Borehole,-25.63395,28.08444,27.13,,,,,,13.49522463
2528CA00022,Borehole,-25.63395,28.08444,27.14,,,,,,13.49522463
2528CA00022,Borehole,-25.63395,28.08444,27.15,,,,,,13.49522463
2528CA00022,Borehole,-25.63395,28.08444,27.16,,,,,,13.49522463
2528CA00022,Borehole,-25.63395,28.08444,27.17,,,,,,13.49522463
2528CA00022,Borehole,-25.63395,28.08444,27.18,,,,,,13.49522463
2528CA00022,Borehole,-25.63395,28.08444,27.19,,,,,,13.49522463
2528CA00022,Borehole,-25.63395,28.08444,27.2,,,,,,13.49522463
2528CA00022,Borehole,-25.63395,28.08444,27.21,,,,,,13.49522463
2528CA00022,Borehole,-25.63395,28.08444,27.22,,,,,,13.49522463
2528CA00022,Borehole,-25.63395,28.08444,27.23,,,,,,13.49522463
2528CA00022,Borehole,-25.63395,28.08444,27.24,,,,,,13.49522463
2528CA00022,Borehole,-25.63395,28.08444,27.25,,,,,,13.49522463
2528CA00022,Borehole,-25.63395,28.08444,27.26,,,,,,13.49522463
2528CA00022,Borehole,-25.63395,28.08444,27.27,,,,,,13.49522463
2528CA00022,Borehole,-25.63395,28.08444,27.28,,,,,,13.49522463
2528CA00022,Borehole,-25.63395,28.08444,27.29,,,,,,13.49522463
2528CA00022,Borehole,-25.63395,28.08444,27.3,,,,,,13.49522463
2528CA00022,Borehole,-25.63395,28.08444,27.31,,,,,,13.49522463
2528CA00022,Borehole,-25.63395,28.08444,27.32,,,,,,13.49522463
2528CA00022,Borehole,-25.63395,28.08444,27.33,,,,,,13.49522463
2528CA00022,Borehole,-25.63395,28.08444,27.34,,,,,,13.49522463
2528CA00022,Borehole,-25.63395,28.08444,27.35,,,,,,13.49522463
2528CA00022,Borehole,-25.63395,28.08444,27.36,,,,,,13.49522463
2528CA00022,Borehole,-25.63395,28.08444,27.37,,,,,,13.49522463
2528CA00022,Borehole,-25.63395,28.08444,27.38,,,,,,13.49522463
2528CA00022,Borehole,-25.63395,28.08444,27.39,,,,,,13.49522463
2528CA00022,Borehole,-25.63395,28.08444,27.4,,,,,,13.49522463
2528CA00022,Borehole,-25.63395,28.08444,27.42,,,,,,13.49522463
2528CA00022,Borehole,-25.63395,28.08444,27.43,,,,,,13.49522463
2528CA00022,Borehole,-25.63395,28.08444,27.44,,,,,,13.49522463
2528CA00022,Borehole,-25.63395,28.08444,27.46,,,,,,13.49522463
2528CA00022,Borehole,-25.63395,28.08444,27.47,,,,,,13.49522463
2528CA00022,Borehole,-25.63395,28.08444,27.48,,,,,,13.49522463
2528CA00022,Borehole,-25.63395,28.08444,27.5,,,,,,13.49522463
2528CA00022,Borehole,-25.63395,28.08444,27.51,,,,,,13.49522463
2528CA00022,Borehole,-25.63395,28.08444,27.52,,,,,,13.49522463
2528CA00022,Borehole,-25.63395,28.08444,27.53,,,,,,13.49522463
2528CA00022,Borehole,-25.63395,28.08444,27.54,,,,,,13.49522463
2528CA00022,Borehole,-25.63395,28.08444,27.55,,,,,,13.49522463
2528CA00022,Borehole,-25.63395,28.08444,27.59,,,,,,13.49522463
2528CA00022,Borehole,-25.63395,28.08444,27.61,,,,,,13.49522463
2528CA00022,Borehole,-25.63395,28.08444,27.66,,,,,,13.49522463
2528CA00022,Borehole,-25.63395,28.08444,27.68,,,,,,13.49522463
2528CA00022,Borehole,-25.63395,28.08444,27.71,,,,,,13.49522463
2528CA00022,Borehole,-25.63395,28.08444,27.73,,,,,,13.49522463
2528CA00022,Borehole,-25.63395,28.08444,27.76,,,,,,13.49522463
2528CA00022,Borehole,-25.63395,28.08444,27.77,,,,,,13.49522463
2528CA00022,Borehole,-25.63395,28.08444,27.78,,,,,,13.49522463
2528CA00022,Borehole,-25.63395,28.08444,27.8,,,,,,13.49522463
2528CA00022,Borehole,-25.63395,28.08444,27.81,,,,,,13.49522463
2528CA00022,Borehole,-25.63395,28.08444,27.82,,,,,,13.49522463
2528CA00022,Borehole,-25.63395,28.08444,27.83,,,,,,13.49522463
2528CA00022,Borehole,-25.63395,28.08444,27.84,,,,,,13.49522463
2528CA00022,Borehole,-25.63395,28.08444,27.85,,,,,,13.49522463
2528CA00022,Borehole,-25.63395,28.08444,27.86,,,,,,13.49522463
2528CA00022,Borehole,-25.63395,28.08444,27.87,,,,,,13.49522463
2528CA00022,Borehole,-25.63395,28.08444,27.88,,,,,,13.49522463
2528CA00022,Borehole,-25.63395,28.08444,27.89,,,,,,13.49522463
2528CA00022,Borehole,-25.63395,28.08444,27.9,,,,,,13.49522463
2528CA00022,Borehole,-25.63395,28.08444,27.91,,,,,,13.49522463
2528CA00022,Borehole,-25.63395,28.08444,27.92,,,,,,13.49522463
2528CA00022,Borehole,-25.63395,28.08444,27.93,,,,,,13.49522463
2528CA00022,Borehole,-25.63395,28.08444,27.94,,,,,,13.49522463
2528CA00022,Borehole,-25.63395,28.08444,27.95,,,,,,13.49522463
2528CA00022,Borehole,-25.63395,28.08444,27.96,,,,,,13.49522463
2528CA00022,Borehole,-25.63395,28.08444,27.97,,,,,,13.49522463
2528CA00022,Borehole,-25.63395,28.08444,27.98,,,,,,13.49522463
2528CA00022,Borehole,-25.63395,28.08444,27.99,,,,,,13.49522463
2528CA00022,Borehole,-25.63395,28.08444,28.01,,,,,,13.49522463
2528CA00022,Borehole,-25.63395,28.08444,28.02,,,,,,13.49522463
2528CA00022,Borehole,-25.63395,28.08444,28.04,,,,,,13.49522463
2528CA00022,Borehole,-25.63395,28.08444,28.09,,,,,,13.49522463
2528CA00022,Borehole,-25.63395,28.08444,28.11,,,,,,13.49522463
2528CA00022,Borehole,-25.63395,28.08444,28.13,,,,,,13.49522463
2528CA00022,Borehole,-25.63395,28.08444,28.15,,,,,,13.49522463
2528CA00022,Borehole,-25.63395,28.08444,28.16,,,,,,13.49522463
2528CA00022,Borehole,-25.63395,28.08444,28.17,,,,,,13.49522463
2528CA00022,Borehole,-25.63395,28.08444,28.18,,,,,,13.49522463
2528CA00022,Borehole,-25.63395,28.08444,28.19,,,,,,13.49522463
2528CA00022,Borehole,-25.63395,28.08444,28.21,,,,,,13.49522463
2528CA00022,Borehole,-25.63395,28.08444,28.22,,,,,,13.49522463
2528CA00022,Borehole,-25.63395,28.08444,28.25,,,,,,13.49522463
2528CA00022,Borehole,-25.63395,28.08444,28.31,,,,,,13.49522463
2528CA00022,Borehole,-25.63395,28.08444,28.33,,,,,,13.49522463
2528CA00022,Borehole,-25.63395,28.08444,28.34,,,,,,13.49522463
2528CA00022,Borehole,-25.63395,28.08444,28.35,,,,,,13.49522463
2528CA00022,Borehole,-25.63395,28.08444,28.36,,,,,,13.49522463
2528CA00022,Borehole,-25.63395,28.08444,28.37,,,,,,13.49522463
2528CA00022,Borehole,-25.63395,28.08444,28.38,,,,,,13.49522463
2528CA00022,Borehole,-25.63395,28.08444,28.42,,,,,,13.49522463
2528CA00022,Borehole,-25.63395,28.08444,28.43,,,,,,13.49522463
2528CA00022,Borehole,-25.63395,28.08444,28.44,,,,,,13.49522463
2528CA00022,Borehole,-25.63395,28.08444,28.45,,,,,,13.49522463
2528CA00022,Borehole,-25.63395,28.08444,28.47,,,,,,13.49522463
2528CA00022,Borehole,-25.63395,28.08444,28.48,,,,,,13.49522463
2528CA00022,Borehole,-25.63395,28.08444,28.49,,,,,,13.49522463
2528CA00022,Borehole,-25.63395,28.08444,28.5,,,,,,13.49522463
2528CA00022,Borehole,-25.63395,28.08444,28.51,,,,,,13.49522463
2528CA00022,Borehole,-25.63395,28.08444,28.52,,,,,,13.49522463
2528CA00022,Borehole,-25.63395,28.08444,28.53,,,,,,13.49522463
2528CA00022,Borehole,-25.63395,28.08444,28.54,,,,,,13.49522463
2528CA00022,Borehole,-25.63395,28.08444,28.55,,,,,,13.49522463
2528CA00022,Borehole,-25.63395,28.08444,28.56,,,,,,13.49522463
2528CA00022,Borehole,-25.63395,28.08444,28.57,,,,,,13.49522463
2528CA00022,Borehole,-25.63395,28.08444,28.58,,,,,,13.49522463
2528CA00022,Borehole,-25.63395,28.08444,28.59,,,,,,13.49522463
2528CA00022,Borehole,-25.63395,28.08444,28.6,,,,,,13.49522463
2528CA00022,Borehole,-25.63395,28.08444,28.61,,,,,,13.49522463
2528CA00022,Borehole,-25.63395,28.08444,28.62,,,,,,13.49522463
2528CA00022,Borehole,-25.63395,28.08444,28.63,,,,,,13.49522463
2528CA00022,Borehole,-25.63395,28.08444,28.64,,,,,,13.49522463
2528CA00022,Borehole,-25.63395,28.08444,28.65,,,,,,13.49522463
2528CA00022,Borehole,-25.63395,28.08444,28.66,,,,,,13.49522463
2528CA00022,Borehole,-25.63395,28.08444,28.67,,,,,,13.49522463
2528CA00022,Borehole,-25.63395,28.08444,28.68,,,,,,13.49522463
2528CA00022,Borehole,-25.63395,28.08444,28.69,,,,,,13.49522463
2528CA00022,Borehole,-25.63395,28.08444,28.7,,,,,,13.49522463
2528CA00022,Borehole,-25.63395,28.08444,28.71,,,,,,13.49522463
2528CA00022,Borehole,-25.63395,28.08444,28.72,,,,,,13.49522463
2528CA00022,Borehole,-25.63395,28.08444,28.73,,,,,,13.49522463
2528CA00022,Borehole,-25.63395,28.08444,28.74,,,,,,13.49522463
2528CA00022,Borehole,-25.63395,28.08444,28.75,,,,,,13.49522463
2528CA00022,Borehole,-25.63395,28.08444,28.76,,,,,,13.49522463
2528CA00022,Borehole,-25.63395,28.08444,28.77,,,,,,13.49522463
2528CA00022,Borehole,-25.63395,28.08444,28.78,,,,,,13.49522463
2528CA00022,Borehole,-25.63395,28.08444,28.79,,,,,,13.49522463
2528CA00022,Borehole,-25.63395,28.08444,28.8,,,,,,13.49522463
2528CA00022,Borehole,-25.63395,28.08444,28.81,,,,,,13.49522463
2528CA00022,Borehole,-25.63395,28.08444,28.83,,,,,,13.49522463
2528CA00022,Borehole,-25.63395,28.08444,28.84,,,,,,13.49522463
2528CA00022,Borehole,-25.63395,28.08444,28.85,,,,,,13.49522463
2528CA00022,Borehole,-25.63395,28.08444,28.86,,,,,,13.49522463
2528CA00022,Borehole,-25.63395,28.08444,28.88,,,,,,13.49522463
2528CA00022,Borehole,-25.63395,28.08444,28.9,,,,,,13.49522463
2528CA00022,Borehole,-25.63395,28.08444,28.91,,,,,,13.49522463
2528CA00022,Borehole,-25.63395,28.08444,28.92,,,,,,13.49522463
2528CA00022,Borehole,-25.63395,28.08444,28.93,,,,,,13.49522463
2528CA00022,Borehole,-25.63395,28.08444,28.94,,,,,,13.49522463
2528CA00022,Borehole,-25.63395,28.08444,28.96,,,,,,13.49522463
2528CA00022,Borehole,-25.63395,28.08444,28.97,,,,,,13.49522463
2528CA00022,Borehole,-25.63395,28.08444,28.98,,,,,,13.49522463
2528CA00022,Borehole,-25.63395,28.08444,29.01,,,,,,13.49522463
2528CA00022,Borehole,-25.63395,28.08444,29.04,,,,,,13.49522463
2528CA00022,Borehole,-25.63395,28.08444,29.05,,,,,,13.49522463
2528CA00022,Borehole,-25.63395,28.08444,29.06,,,,,,13.49522463
2528CA00022,Borehole,-25.63395,28.08444,29.07,,,,,,13.49522463
2528CA00022,Borehole,-25.63395,28.08444,29.08,,,,,,13.49522463
2528CA00022,Borehole,-25.63395,28.08444,29.09,,,,,,13.49522463
2528CA00022,Borehole,-25.63395,28.08444,29.1,,,,,,13.49522463
2528CA00022,Borehole,-25.63395,28.08444,29.11,,,,,,13.49522463
2528CA00022,Borehole,-25.63395,28.08444,29.12,,,,,,13.49522463
2528CA00022,Borehole,-25.63395,28.08444,29.13,,,,,,13.49522463
2528CA00022,Borehole,-25.63395,28.08444,29.15,,,,,,13.49522463
2528CA00022,Borehole,-25.63395,28.08444,29.16,,,,,,13.49522463
2528CA00022,Borehole,-25.63395,28.08444,29.17,,,,,,13.49522463
2528CA00022,Borehole,-25.63395,28.08444,29.18,,,,,,13.49522463
2528CA00022,Borehole,-25.63395,28.08444,29.19,,,,,,13.49522463
2528CA00022,Borehole,-25.63395,28.08444,29.2,,,,,,13.49522463
2528CA00022,Borehole,-25.63395,28.08444,29.21,,,,,,13.49522463
2528CA00022,Borehole,-25.63395,28.08444,29.22,,,,,,13.49522463
2528CA00022,Borehole,-25.63395,28.08444,29.23,,,,,,13.49522463
2528CA00022,Borehole,-25.63395,28.08444,29.24,,,,,,13.49522463
2528CA00022,Borehole,-25.63395,28.08444,29.25,,,,,,13.49522463
2528CA00022,Borehole,-25.63395,28.08444,29.26,,,,,,13.49522463
2528CA00022,Borehole,-25.63395,28.08444,29.27,,,,,,13.49522463
2528CA00022,Borehole,-25.63395,28.08444,29.28,,,,,,13.49522463
2528CA00022,Borehole,-25.63395,28.08444,29.29,,,,,,13.49522463
2528CA00022,Borehole,-25.63395,28.08444,29.3,,,,,,13.49522463
2528CA00022,Borehole,-25.63395,28.08444,29.31,,,,,,13.49522463
2528CA00022,Borehole,-25.63395,28.08444,29.32,,,,,,13.49522463
2528CA00022,Borehole,-25.63395,28.08444,29.34,,,,,,13.49522463
2528CA00022,Borehole,-25.63395,28.08444,29.35,,,,,,13.49522463
2528CA00022,Borehole,-25.63395,28.08444,29.36,,,,,,13.49522463
2528CA00022,Borehole,-25.63395,28.08444,29.37,,,,,,13.49522463
2528CA00022,Borehole,-25.63395,28.08444,29.38,,,,,,13.49522463
2528CA00022,Borehole,-25.63395,28.08444,29.39,,,,,,13.49522463
2528CA00022,Borehole,-25.63395,28.08444,29.4,,,,,,13.49522463
2528CA00022,Borehole,-25.63395,28.08444,29.41,,,,,,13.49522463
2528CA00022,Borehole,-25.63395,28.08444,29.43,,,,,,13.49522463
2528CA00022,Borehole,-25.63395,28.08444,29.44,,,,,,13.49522463
2528CA00022,Borehole,-25.63395,28.08444,29.46,,,,,,13.49522463
2528CA00022,Borehole,-25.63395,28.08444,29.47,,,,,,13.49522463
2528CA00022,Borehole,-25.63395,28.08444,29.48,,,,,,13.49522463
2528CA00022,Borehole,-25.63395,28.08444,29.49,,,,,,13.49522463
2528CA00022,Borehole,-25.63395,28.08444,29.5,,,,,,13.49522463
2528CA00022,Borehole,-25.63395,28.08444,29.51,,,,,,13.49522463
2528CA00022,Borehole,-25.63395,28.08444,29.52,,,,,,13.49522463
2528CA00022,Borehole,-25.63395,28.08444,29.53,,,,,,13.49522463
2528CA00022,Borehole,-25.63395,28.08444,29.54,,,,,,13.49522463
2528CA00022,Borehole,-25.63395,28.08444,29.55,,,,,,13.49522463
2528CA00022,Borehole,-25.63395,28.08444,29.56,,,,,,13.49522463
2528CA00022,Borehole,-25.63395,28.08444,29.57,,,,,,13.49522463
2528CA00022,Borehole,-25.63395,28.08444,29.58,,,,,,13.49522463
2528CA00022,Borehole,-25.63395,28.08444,29.59,,,,,,13.49522463
2528CA00022,Borehole,-25.63395,28.08444,29.6,,,,,,13.49522463
2528CA00022,Borehole,-25.63395,28.08444,29.61,,,,,,13.49522463
2528CA00022,Borehole,-25.63395,28.08444,29.62,,,,,,13.49522463
2528CA00022,Borehole,-25.63395,28.08444,29.63,,,,,,13.49522463
2528CA00022,Borehole,-25.63395,28.08444,29.64,,,,,,13.49522463
2528CA00022,Borehole,-25.63395,28.08444,29.65,,,,,,13.49522463
2528CA00022,Borehole,-25.63395,28.08444,29.66,,,,,,13.49522463
2528CA00022,Borehole,-25.63395,28.08444,29.67,,,,,,13.49522463
2528CA00022,Borehole,-25.63395,28.08444,29.68,,,,,,13.49522463
2528CA00022,Borehole,-25.63395,28.08444,29.69,,,,,,13.49522463
2528CA00022,Borehole,-25.63395,28.08444,29.7,,,,,,13.49522463
2528CA00022,Borehole,-25.63395,28.08444,29.71,,,,,,13.49522463
2528CA00022,Borehole,-25.63395,28.08444,29.72,,,,,,13.49522463
2528CA00022,Borehole,-25.63395,28.08444,29.73,,,,,,13.49522463
2528CA00022,Borehole,-25.63395,28.08444,29.74,,,,,,13.49522463
2528CA00022,Borehole,-25.63395,28.08444,29.75,,,,,,13.49522463
2528CA00022,Borehole,-25.63395,28.08444,29.76,,,,,,13.49522463
2528CA00022,Borehole,-25.63395,28.08444,29.77,,,,,,13.49522463
2528CA00022,Borehole,-25.63395,28.08444,29.78,,,,,,13.49522463
2528CA00022,Borehole,-25.63395,28.08444,29.79,,,,,,13.49522463
2528CA00022,Borehole,-25.63395,28.08444,29.81,,,,,,13.49522463
2528CA00022,Borehole,-25.63395,28.08444,29.82,,,,,,13.49522463
2528CA00022,Borehole,-25.63395,28.08444,29.83,,,,,,13.49522463
2528CA00022,Borehole,-25.63395,28.08444,29.84,,,,,,13.49522463
2528CA00022,Borehole,-25.63395,28.08444,29.85,,,,,,13.49522463
2528CA00022,Borehole,-25.63395,28.08444,29.86,,,,,,13.49522463
2528CA00022,Borehole,-25.63395,28.08444,29.87,,,,,,13.49522463
2528CA00022,Borehole,-25.63395,28.08444,29.88,,,,,,13.49522463
2528CA00022,Borehole,-25.63395,28.08444,29.89,,,,,,13.49522463
2528CA00022,Borehole,-25.63395,28.08444,29.9,,,,,,13.49522463
2528CA00022,Borehole,-25.63395,28.08444,29.91,,,,,,13.49522463
2528CA00022,Borehole,-25.63395,28.08444,29.92,,,,,,13.49522463
2528CA00022,Borehole,-25.63395,28.08444,29.93,,,,,,13.49522463
2528CA00022,Borehole,-25.63395,28.08444,29.94,,,,,,13.49522463
2528CA00022,Borehole,-25.63395,28.08444,29.95,,,,,,13.49522463
2528CA00022,Borehole,-25.63395,28.08444,29.96,,,,,,13.49522463
2528CA00022,Borehole,-25.63395,28.08444,29.97,,,,,,13.49522463
2528CA00022,Borehole,-25.63395,28.08444,29.98,,,,,,13.49522463
2528CA00022,Borehole,-25.63395,28.08444,29.99,,,,,,13.49522463
2528CA00022,Borehole,-25.63395,28.08444,30,,,,,,13.49522463
2528CA00022,Borehole,-25.63395,28.08444,30.01,,,,,,13.49522463
2528CA00022,Borehole,-25.63395,28.08444,30.02,,,,,,13.49522463
2528CA00022,Borehole,-25.63395,28.08444,30.03,,,,,,13.49522463
2528CA00022,Borehole,-25.63395,28.08444,30.04,,,,,,13.49522463
2528CA00022,Borehole,-25.63395,28.08444,30.05,,,,,,13.49522463
2528CA00022,Borehole,-25.63395,28.08444,30.06,,,,,,13.49522463
2528CA00022,Borehole,-25.63395,28.08444,30.07,,,,,,13.49522463
2528CA00022,Borehole,-25.63395,28.08444,30.08,,,,,,13.49522463
2528CA00022,Borehole,-25.63395,28.08444,30.09,,,,,,13.49522463
2528CA00022,Borehole,-25.63395,28.08444,30.1,,,,,,13.49522463
2528CA00022,Borehole,-25.63395,28.08444,30.11,,,,,,13.49522463
2528CA00022,Borehole,-25.63395,28.08444,30.12,,,,,,13.49522463
2528CA00022,Borehole,-25.63395,28.08444,30.13,,,,,,13.49522463
2528CA00022,Borehole,-25.63395,28.08444,30.14,,,,,,13.49522463
2528CA00022,Borehole,-25.63395,28.08444,30.15,,,,,,13.49522463
2528CA00022,Borehole,-25.63395,28.08444,30.16,,,,,,13.49522463
2528CA00022,Borehole,-25.63395,28.08444,30.17,,,,,,13.49522463
2528CA00022,Borehole,-25.63395,28.08444,30.18,,,,,,13.49522463
2528CA00022,Borehole,-25.63395,28.08444,30.19,,,,,,13.49522463
2528CA00022,Borehole,-25.63395,28.08444,30.2,,,,,,13.49522463
2528CA00022,Borehole,-25.63395,28.08444,30.21,,,,,,13.49522463
2528CA00022,Borehole,-25.63395,28.08444,30.22,,,,,,13.49522463
2528CA00022,Borehole,-25.63395,28.08444,30.23,,,,,,13.49522463
2528CA00022,Borehole,-25.63395,28.08444,30.24,,,,,,13.49522463
2528CA00022,Borehole,-25.63395,28.08444,30.25,,,,,,13.49522463
2528CA00022,Borehole,-25.63395,28.08444,30.26,,,,,,13.49522463
2528CA00022,Borehole,-25.63395,28.08444,30.27,,,,,,13.49522463
2528CA00022,Borehole,-25.63395,28.08444,30.28,,,,,,13.49522463
2528CA00022,Borehole,-25.63395,28.08444,30.29,,,,,,13.49522463
2528CA00022,Borehole,-25.63395,28.08444,30.3,,,,,,13.49522463
2528CA00022,Borehole,-25.63395,28.08444,30.31,,,,,,13.49522463
2528CA00022,Borehole,-25.63395,28.08444,30.32,,,,,,13.49522463
2528CA00022,Borehole,-25.63395,28.08444,30.33,,,,,,13.49522463
2528CA00022,Borehole,-25.63395,28.08444,30.34,,,,,,13.49522463
2528CA00022,Borehole,-25.63395,28.08444,30.35,,,,,,13.49522463
2528CA00022,Borehole,-25.63395,28.08444,30.36,,,,,,13.49522463
2528CA00022,Borehole,-25.63395,28.08444,30.37,,,,,,13.49522463
2528CA00022,Borehole,-25.63395,28.08444,30.38,,,,,,13.49522463
2528CA00022,Borehole,-25.63395,28.08444,30.39,,,,,,13.49522463
2528CA00022,Borehole,-25.63395,28.08444,30.4,,,,,,13.49522463
2528CA00022,Borehole,-25.63395,28.08444,30.41,,,,,,13.49522463
2528CA00022,Borehole,-25.63395,28.08444,30.42,,,,,,13.49522463
2528CA00022,Borehole,-25.63395,28.08444,30.43,,,,,,13.49522463
2528CA00022,Borehole,-25.63395,28.08444,30.44,,,,,,13.49522463
2528CA00022,Borehole,-25.63395,28.08444,30.45,,,,,,13.49522463
2528CA00022,Borehole,-25.63395,28.08444,30.46,,,,,,13.49522463
2528CA00022,Borehole,-25.63395,28.08444,30.47,,,,,,13.49522463
2528CA00022,Borehole,-25.63395,28.08444,30.48,,,,,,13.49522463
2528CA00022,Borehole,-25.63395,28.08444,30.49,,,,,,13.49522463
2528CA00022,Borehole,-25.63395,28.08444,30.5,,,,,,13.49522463
2528CA00022,Borehole,-25.63395,28.08444,30.51,,,,,,13.49522463
2528CA00022,Borehole,-25.63395,28.08444,30.52,,,,,,13.49522463
2528CA00022,Borehole,-25.63395,28.08444,30.53,,,,,,13.49522463
2528CA00022,Borehole,-25.63395,28.08444,30.54,,,,,,13.49522463
2528CA00022,Borehole,-25.63395,28.08444,30.55,,,,,,13.49522463
2528CA00022,Borehole,-25.63395,28.08444,30.56,,,,,,13.49522463
2528CA00022,Borehole,-25.63395,28.08444,30.57,,,,,,13.49522463
2528CA00022,Borehole,-25.63395,28.08444,30.58,,,,,,13.49522463
2528CA00022,Borehole,-25.63395,28.08444,30.59,,,,,,13.49522463
2528CA00022,Borehole,-25.63395,28.08444,30.6,,,,,,13.49522463
2528CA00022,Borehole,-25.63395,28.08444,30.61,,,,,,13.49522463
2528CA00022,Borehole,-25.63395,28.08444,30.62,,,,,,13.49522463
2528CA00022,Borehole,-25.63395,28.08444,30.63,,,,,,13.49522463
2528CA00022,Borehole,-25.63395,28.08444,30.64,,,,,,13.49522463
2528CA00022,Borehole,-25.63395,28.08444,30.65,,,,,,13.49522463
2528CA00022,Borehole,-25.63395,28.08444,30.66,,,,,,13.49522463
2528CA00022,Borehole,-25.63395,28.08444,30.67,,,,,,13.49522463
2528CA00022,Borehole,-25.63395,28.08444,30.68,,,,,,13.49522463
2528CA00022,Borehole,-25.63395,28.08444,30.69,,,,,,13.49522463
2528CA00022,Borehole,-25.63395,28.08444,30.7,,,,,,13.49522463
2528CA00022,Borehole,-25.63395,28.08444,30.71,,,,,,13.49522463
2528CA00022,Borehole,-25.63395,28.08444,30.72,,,,,,13.49522463
2528CA00022,Borehole,-25.63395,28.08444,30.73,,,,,,13.49522463
2528CA00022,Borehole,-25.63395,28.08444,30.74,,,,,,13.49522463
2528CA00022,Borehole,-25.63395,28.08444,30.75,,,,,,13.49522463
2528CA00022,Borehole,-25.63395,28.08444,30.76,,,,,,13.49522463
2528CA00022,Borehole,-25.63395,28.08444,30.77,,,,,,13.49522463
2528CA00022,Borehole,-25.63395,28.08444,30.78,,,,,,13.49522463
2528CA00022,Borehole,-25.63395,28.08444,30.79,,,,,,13.49522463
2528CA00022,Borehole,-25.63395,28.08444,30.8,,,,,,13.49522463
2528CA00022,Borehole,-25.63395,28.08444,30.81,,,,,,13.49522463
2528CA00022,Borehole,-25.63395,28.08444,30.82,,,,,,13.49522463
2528CA00022,Borehole,-25.63395,28.08444,30.83,,,,,,13.49522463
2528CA00022,Borehole,-25.63395,28.08444,30.84,,,,,,13.49522463
2528CA00022,Borehole,-25.63395,28.08444,30.85,,,,,,13.49522463
2528CA00022,Borehole,-25.63395,28.08444,30.86,,,,,,13.49522463
2528CA00022,Borehole,-25.63395,28.08444,30.87,,,,,,13.49522463
2528CA00022,Borehole,-25.63395,28.08444,30.88,,,,,,13.49522463
2528CA00022,Borehole,-25.63395,28.08444,30.89,,,,,,13.49522463
2528CA00022,Borehole,-25.63395,28.08444,30.9,,,,,,13.49522463
2528CA00022,Borehole,-25.63395,28.08444,30.91,,,,,,13.49522463
2528CA00022,Borehole,-25.63395,28.08444,30.92,,,,,,13.49522463
2528CA00022,Borehole,-25.63395,28.08444,30.93,,,,,,13.49522463
2528CA00022,Borehole,-25.63395,28.08444,30.94,,,,,,13.49522463
2528CA00022,Borehole,-25.63395,28.08444,30.95,,,,,,13.49522463
2528CA00022,Borehole,-25.63395,28.08444,30.96,,,,,,13.49522463
2528CA00022,Borehole,-25.63395,28.08444,30.97,,,,,,13.49522463
2528CA00022,Borehole,-25.63395,28.08444,30.98,,,,,,13.49522463
2528CA00022,Borehole,-25.63395,28.08444,30.99,,,,,,13.49522463
2528CA00022,Borehole,-25.63395,28.08444,31,,,,,,13.49522463
2528CA00022,Borehole,-25.63395,28.08444,31.01,,,,,,13.49522463
2528CA00022,Borehole,-25.63395,28.08444,31.02,,,,,,13.49522463
2528CA00022,Borehole,-25.63395,28.08444,31.03,,,,,,13.49522463
2528CA00022,Borehole,-25.63395,28.08444,31.04,,,,,,13.49522463
2528CA00022,Borehole,-25.63395,28.08444,31.05,,,,,,13.49522463
2528CA00022,Borehole,-25.63395,28.08444,31.06,,,,,,13.49522463
2528CA00022,Borehole,-25.63395,28.08444,31.07,,,,,,13.49522463
2528CA00022,Borehole,-25.63395,28.08444,31.08,,,,,,13.49522463
2528CA00022,Borehole,-25.63395,28.08444,31.09,,,,,,13.49522463
2528CA00022,Borehole,-25.63395,28.08444,31.1,,,,,,13.49522463
2528CA00022,Borehole,-25.63395,28.08444,31.11,,,,,,13.49522463
2528CA00022,Borehole,-25.63395,28.08444,31.12,,,,,,13.49522463
2528CA00022,Borehole,-25.63395,28.08444,31.13,,,,,,13.49522463
2528CA00022,Borehole,-25.63395,28.08444,31.14,,,,,,13.49522463
2528CA00022,Borehole,-25.63395,28.08444,31.15,,,,,,13.49522463
2528CA00022,Borehole,-25.63395,28.08444,31.16,,,,,,13.49522463
2528CA00022,Borehole,-25.63395,28.08444,31.17,,,,,,13.49522463
2528CA00022,Borehole,-25.63395,28.08444,31.18,,,,,,13.49522463
2528CA00022,Borehole,-25.63395,28.08444,31.19,,,,,,13.49522463
2528CA00022,Borehole,-25.63395,28.08444,31.2,,,,,,13.49522463
2528CA00022,Borehole,-25.63395,28.08444,31.21,,,,,,13.49522463
2528CA00022,Borehole,-25.63395,28.08444,31.22,,,,,,13.49522463
2528CA00022,Borehole,-25.63395,28.08444,31.23,,,,,,13.49522463
2528CA00022,Borehole,-25.63395,28.08444,31.24,,,,,,13.49522463
2528CA00022,Borehole,-25.63395,28.08444,31.25,,,,,,13.49522463
2528CA00022,Borehole,-25.63395,28.08444,31.26,,,,,,13.49522463
2528CA00022,Borehole,-25.63395,28.08444,31.27,,,,,,13.49522463
2528CA00022,Borehole,-25.63395,28.08444,31.28,,,,,,13.49522463
2528CA00022,Borehole,-25.63395,28.08444,31.29,,,,,,13.49522463
2528CA00022,Borehole,-25.63395,28.08444,31.3,,,,,,13.49522463
2528CA00022,Borehole,-25.63395,28.08444,31.31,,,,,,13.49522463
2528CA00022,Borehole,-25.63395,28.08444,31.32,,,,,,13.49522463
2528CA00022,Borehole,-25.63395,28.08444,31.33,,,,,,13.49522463
2528CA00022,Borehole,-25.63395,28.08444,31.34,,,,,,13.49522463
2528CA00022,Borehole,-25.63395,28.08444,31.35,,,,,,13.49522463
2528CA00022,Borehole,-25.63395,28.08444,31.36,,,,,,13.49522463
2528CA00022,Borehole,-25.63395,28.08444,31.37,,,,,,13.49522463
2528CA00022,Borehole,-25.63395,28.08444,31.38,,,,,,13.49522463
2528CA00022,Borehole,-25.63395,28.08444,31.39,,,,,,13.49522463
2528CA00022,Borehole,-25.63395,28.08444,31.4,,,,,,13.49522463
2528CA00022,Borehole,-25.63395,28.08444,31.41,,,,,,13.49522463
2528CA00022,Borehole,-25.63395,28.08444,31.42,,,,,,13.49522463
2528CA00022,Borehole,-25.63395,28.08444,31.43,,,,,,13.49522463
2528CA00022,Borehole,-25.63395,28.08444,31.44,,,,,,13.49522463
2528CA00022,Borehole,-25.63395,28.08444,31.45,,,,,,13.49522463
2528CA00022,Borehole,-25.63395,28.08444,31.46,,,,,,13.49522463
2528CA00022,Borehole,-25.63395,28.08444,31.47,,,,,,13.49522463
2528CA00022,Borehole,-25.63395,28.08444,31.48,,,,,,13.49522463
2528CA00022,Borehole,-25.63395,28.08444,31.49,,,,,,13.49522463
2528CA00022,Borehole,-25.63395,28.08444,31.5,,,,,,13.49522463
2528CA00022,Borehole,-25.63395,28.08444,31.51,,,,,,13.49522463
2528CA00022,Borehole,-25.63395,28.08444,31.52,,,,,,13.49522463
2528CA00022,Borehole,-25.63395,28.08444,31.53,,,,,,13.49522463
2528CA00022,Borehole,-25.63395,28.08444,31.54,,,,,,13.49522463
2528CA00022,Borehole,-25.63395,28.08444,31.55,,,,,,13.49522463
2528CA00022,Borehole,-25.63395,28.08444,31.56,,,,,,13.49522463
2528CA00022,Borehole,-25.63395,28.08444,31.57,,,,,,13.49522463
2528CA00022,Borehole,-25.63395,28.08444,31.58,,,,,,13.49522463
2528CA00022,Borehole,-25.63395,28.08444,31.59,,,,,,13.49522463
2528CA00022,Borehole,-25.63395,28.08444,31.6,,,,,,13.49522463
2528CA00022,Borehole,-25.63395,28.08444,31.61,,,,,,13.49522463
2528CA00022,Borehole,-25.63395,28.08444,31.62,,,,,,13.49522463
2528CA00022,Borehole,-25.63395,28.08444,31.63,,,,,,13.49522463
2528CA00022,Borehole,-25.63395,28.08444,31.64,,,,,,13.49522463
2528CA00022,Borehole,-25.63395,28.08444,31.65,,,,,,13.49522463
2528CA00022,Borehole,-25.63395,28.08444,31.66,,,,,,13.49522463
2528CA00022,Borehole,-25.63395,28.08444,31.67,,,,,,13.49522463
2528CA00022,Borehole,-25.63395,28.08444,31.68,,,,,,13.49522463
2528CA00022,Borehole,-25.63395,28.08444,31.69,,,,,,13.49522463
2528CA00022,Borehole,-25.63395,28.08444,31.7,,,,,,13.49522463
2528CA00022,Borehole,-25.63395,28.08444,31.71,,,,,,13.49522463
2528CA00022,Borehole,-25.63395,28.08444,31.72,,,,,,13.49522463
2528CA00022,Borehole,-25.63395,28.08444,31.73,,,,,,13.49522463
2528CA00022,Borehole,-25.63395,28.08444,31.74,,,,,,13.49522463
2528CA00022,Borehole,-25.63395,28.08444,31.75,,,,,,13.49522463
2528CA00022,Borehole,-25.63395,28.08444,31.76,,,,,,13.49522463
2528CA00022,Borehole,-25.63395,28.08444,31.77,,,,,,13.49522463
2528CA00022,Borehole,-25.63395,28.08444,31.78,,,,,,13.49522463
2528CA00022,Borehole,-25.63395,28.08444,31.79,,,,,,13.49522463
2528CA00022,Borehole,-25.63395,28.08444,31.8,,,,,,13.49522463
2528CA00022,Borehole,-25.63395,28.08444,31.81,,,,,,13.49522463
2528CA00022,Borehole,-25.63395,28.08444,31.82,,,,,,13.49522463
2528CA00022,Borehole,-25.63395,28.08444,31.83,,,,,,13.49522463
2528CA00022,Borehole,-25.63395,28.08444,31.84,,,,,,13.49522463
2528CA00022,Borehole,-25.63395,28.08444,31.85,,,,,,13.49522463
2528CA00022,Borehole,-25.63395,28.08444,31.86,,,,,,13.49522463
2528CA00022,Borehole,-25.63395,28.08444,31.87,,,,,,13.49522463
2528CA00022,Borehole,-25.63395,28.08444,31.91,,,,,,13.49522463
2528CA00022,Borehole,-25.63395,28.08444,31.92,,,,,,13.49522463
2528CA00022,Borehole,-25.63395,28.08444,31.94,,,,,,13.49522463
2528CA00022,Borehole,-25.63395,28.08444,31.95,,,,,,13.49522463
2528CA00022,Borehole,-25.63395,28.08444,31.98,,,,,,13.49522463
2528CA00022,Borehole,-25.63395,28.08444,31.99,,,,,,13.49522463
2528CA00022,Borehole,-25.63395,28.08444,32.04,,,,,,13.49522463
2528CA00022,Borehole,-25.63395,28.08444,32.06,,,,,,13.49522463
2528CA00022,Borehole,-25.63395,28.08444,32.11,,,,,,13.49522463
2528CA00022,Borehole,-25.63395,28.08444,32.21,,,,,,13.49522463
2528CA00022,Borehole,-25.63395,28.08444,32.34,,,,,,13.49522463
2528CA00022,Borehole,-25.63395,28.08444,32.44,,,,,,13.49522463
2528CA00021,Borehole,-25.63394,28.08304,32.33,,,,,,13.51359224
2528CA00021,Borehole,-25.63394,28.08304,32.35,,,,,,13.51359224
2528CA00021,Borehole,-25.63394,28.08304,32.41,,,,,,13.51359224
2528CA00021,Borehole,-25.63394,28.08304,32.49,,,,,,13.51359224
2528CA00021,Borehole,-25.63394,28.08304,32.59,,,,,,13.51359224
2528CA00021,Borehole,-25.63394,28.08304,32.61,,,,,,13.51359224
2528CA00021,Borehole,-25.63394,28.08304,32.69,,,,,,13.51359224
2528CA00021,Borehole,-25.63394,28.08304,32.8,,,,,,13.51359224
2528CA00021,Borehole,-25.63394,28.08304,32.87,,,,,,13.51359224
2528CA00021,Borehole,-25.63394,28.08304,32.92,,,,,,13.51359224
2528CA00021,Borehole,-25.63394,28.08304,32.94,,,,,,13.51359224
2528CA00021,Borehole,-25.63394,28.08304,33.01,,,,,,13.51359224
2528CA00021,Borehole,-25.63394,28.08304,33.06,,,,,,13.51359224
2528CA00021,Borehole,-25.63394,28.08304,33.07,,,,,,13.51359224
2528CA00021,Borehole,-25.63394,28.08304,33.1,,,,,,13.51359224
2528CA00021,Borehole,-25.63394,28.08304,33.12,,,,,,13.51359224
2528CA00021,Borehole,-25.63394,28.08304,33.15,,,,,,13.51359224
2528CA00021,Borehole,-25.63394,28.08304,33.18,,,,,,13.51359224
2528CA00021,Borehole,-25.63394,28.08304,33.23,,,,,,13.51359224
2528CA00021,Borehole,-25.63394,28.08304,33.24,,,,,,13.51359224
2528CA00021,Borehole,-25.63394,28.08304,33.41,,,,,,13.51359224
2528CA00021,Borehole,-25.63394,28.08304,33.53,,,,,,13.51359224
2528CA00021,Borehole,-25.63394,28.08304,33.69,,,,,,13.51359224
2528CA00023,Borehole,-25.63394,28.08443,30.3,,,,,,13.49425219
2528CA00023,Borehole,-25.63394,28.08443,30.33,,,,,,13.49425219
2528CA00023,Borehole,-25.63394,28.08443,30.35,,,,,,13.49425219
2528CA00023,Borehole,-25.63394,28.08443,30.36,,,,,,13.49425219
2528CA00023,Borehole,-25.63394,28.08443,30.38,,,,,,13.49425219
2528CA00023,Borehole,-25.63394,28.08443,30.43,,,,,,13.49425219
2528CA00023,Borehole,-25.63394,28.08443,30.46,,,,,,13.49425219
2528CA00023,Borehole,-25.63394,28.08443,30.47,,,,,,13.49425219
2528CA00023,Borehole,-25.63394,28.08443,30.5,,,,,,13.49425219
2528CA00023,Borehole,-25.63394,28.08443,30.54,,,,,,13.49425219
2528CA00023,Borehole,-25.63394,28.08443,30.59,,,,,,13.49425219
2528CA00023,Borehole,-25.63394,28.08443,30.64,,,,,,13.49425219
2528CA00023,Borehole,-25.63394,28.08443,30.68,,,,,,13.49425219
2528CA00023,Borehole,-25.63394,28.08443,30.71,,,,,,13.49425219
2528CA00023,Borehole,-25.63394,28.08443,30.78,,,,,,13.49425219
2528CA00023,Borehole,-25.63394,28.08443,30.81,,,,,,13.49425219
2528CA00023,Borehole,-25.63394,28.08443,30.86,,,,,,13.49425219
2528CA00023,Borehole,-25.63394,28.08443,30.87,,,,,,13.49425219
2528CA00023,Borehole,-25.63394,28.08443,30.95,,,,,,13.49425219
2528CA00023,Borehole,-25.63394,28.08443,31,,,,,,13.49425219
2528CA00023,Borehole,-25.63394,28.08443,31.01,,,,,,13.49425219
2528CA00023,Borehole,-25.63394,28.08443,31.04,,,,,,13.49425219
2528CA00023,Borehole,-25.63394,28.08443,31.19,,,,,,13.49425219
2528CA00023,Borehole,-25.63394,28.08443,31.21,,,,,,13.49425219
2528CA00023,Borehole,-25.63394,28.08443,31.34,,,,,,13.49425219
2528CA00023,Borehole,-25.63394,28.08443,31.41,,,,,,13.49425219
2528CA00023,Borehole,-25.63394,28.08443,31.44,,,,,,13.49425219
2528CA00023,Borehole,-25.63394,28.08443,31.51,,,,,,13.49425219
2528CA00023,Borehole,-25.63394,28.08443,31.55,,,,,,13.49425219
2528CA00023,Borehole,-25.63394,28.08443,31.7,,,,,,13.49425219
2528CA00023,Borehole,-25.63394,28.08443,31.75,,,,,,13.49425219
2528CA00023,Borehole,-25.63394,28.08443,31.85,,,,,,13.49425219
2528CA00023,Borehole,-25.63394,28.08443,31.9,,,,,,13.49425219
2528CA00023,Borehole,-25.63394,28.08443,31.92,,,,,,13.49425219
2528CA00023,Borehole,-25.63394,28.08443,31.99,,,,,,13.49425219
2528CA00023,Borehole,-25.63394,28.08443,32.08,,,,,,13.49425219
2528CA00023,Borehole,-25.63394,28.08443,32.1,,,,,,13.49425219
2528CA00023,Borehole,-25.63394,28.08443,32.17,,,,,,13.49425219
2528CA00023,Borehole,-25.63394,28.08443,32.26,,,,,,13.49425219
2528CA00023,Borehole,-25.63394,28.08443,32.39,,,,,,13.49425219
2528CA00023,Borehole,-25.63394,28.08443,32.44,,,,,,13.49425219
2528CA00023,Borehole,-25.63394,28.08443,32.46,,,,,,13.49425219
2528CA00023,Borehole,-25.63394,28.08443,32.51,,,,,,13.49425219
2528CA00023,Borehole,-25.63394,28.08443,32.6,,,,,,13.49425219
2528CA00023,Borehole,-25.63394,28.08443,32.66,,,,,,13.49425219
2528CA00023,Borehole,-25.63394,28.08443,32.78,,,,,,13.49425219
2528CA00023,Borehole,-25.63394,28.08443,32.79,,,,,,13.49425219
2528CA00027,Borehole,-25.6173,28.08304,23.47,,,,,,11.67960519
2528CA00027,Borehole,-25.6173,28.08304,23.6,,,,,,11.67960519
2528CA00027,Borehole,-25.6173,28.08304,23.63,,,,,,11.67960519
2528CA00027,Borehole,-25.6173,28.08304,23.72,,,,,,11.67960519
2528CA00027,Borehole,-25.6173,28.08304,23.74,,,,,,11.67960519
2528CA00027,Borehole,-25.6173,28.08304,23.76,,,,,,11.67960519
2528CA00027,Borehole,-25.6173,28.08304,23.77,,,,,,11.67960519
2528CA00027,Borehole,-25.6173,28.08304,23.79,,,,,,11.67960519
2528CA00027,Borehole,-25.6173,28.08304,23.8,,,,,,11.67960519
2528CA00027,Borehole,-25.6173,28.08304,23.81,,,,,,11.67960519
2528CA00027,Borehole,-25.6173,28.08304,23.83,,,,,,11.67960519
2528CA00027,Borehole,-25.6173,28.08304,23.85,,,,,,11.67960519
2528CA00027,Borehole,-25.6173,28.08304,23.92,,,,,,11.67960519
2528CA00027,Borehole,-25.6173,28.08304,24.08,,,,,,11.67960519
2528CA00027,Borehole,-25.6173,28.08304,24.1,,,,,,11.67960519
2528CA00027,Borehole,-25.6173,28.08304,24.23,,,,,,11.67960519
2528CA00027,Borehole,-25.6173,28.08304,24.28,,,,,,11.67960519
2528CA00027,Borehole,-25.6173,28.08304,24.38,,,,,,11.67960519
2528CA00027,Borehole,-25.6173,28.08304,24.6,,,,,,11.67960519
2528CA00027,Borehole,-25.6173,28.08304,24.61,,,,,,11.67960519
2528CA00027,Borehole,-25.6173,28.08304,24.65,,,,,,11.67960519
2528CA00027,Borehole,-25.6173,28.08304,24.66,,,,,,11.67960519
2528CA00027,Borehole,-25.6173,28.08304,24.87,,,,,,11.67960519
2528CA00027,Borehole,-25.6173,28.08304,24.92,,,,,,11.67960519
2528CA00026,Borehole,-25.61728,28.08305,24.44,,,,,,11.67723615
2528CA00026,Borehole,-25.61728,28.08305,24.45,,,,,,11.67723615
2528CA00026,Borehole,-25.61728,28.08305,24.65,,,,,,11.67723615
2528CA00026,Borehole,-25.61728,28.08305,25.02,,,,,,11.67723615
2528CA00026,Borehole,-25.61728,28.08305,25.13,,,,,,11.67723615
2528CA00026,Borehole,-25.61728,28.08305,25.23,,,,,,11.67723615
2528CA00026,Borehole,-25.61728,28.08305,25.33,,,,,,11.67723615
2528CA00026,Borehole,-25.61728,28.08305,25.35,,,,,,11.67723615
2528CA00026,Borehole,-25.61728,28.08305,25.67,,,,,,11.67723615
2528CA00026,Borehole,-25.61728,28.08305,25.96,,,,,,11.67723615
2528CA00026,Borehole,-25.61728,28.08305,26.27,,,,,,11.67723615
2528CA00026,Borehole,-25.61728,28.08305,26.78,,,,,,11.67723615
2528CA00026,Borehole,-25.61728,28.08305,26.92,,,,,,11.67723615
2528CA00026,Borehole,-25.61728,28.08305,27.13,,,,,,11.67723615
2528CA00026,Borehole,-25.61728,28.08305,27.18,,,,,,11.67723615
2528CA00026,Borehole,-25.61728,28.08305,27.43,,,,,,11.67723615
2528CA00026,Borehole,-25.61728,28.08305,27.5,,,,,,11.67723615
2528CA00026,Borehole,-25.61728,28.08305,27.58,,,,,,11.67723615
2528CA00026,Borehole,-25.61728,28.08305,28.04,,,,,,11.67723615
2528CA00025,Borehole,-25.61667,28.08306,26.85,,,,,,11.60994574
2528CA00025,Borehole,-25.61667,28.08306,27.13,,,,,,11.60994574
2528CA00025,Borehole,-25.61667,28.08306,27.18,,,,,,11.60994574
2528CA00025,Borehole,-25.61667,28.08306,27.3,,,,,,11.60994574
2528CA00025,Borehole,-25.61667,28.08306,27.34,,,,,,11.60994574
2528CA00025,Borehole,-25.61667,28.08306,27.37,,,,,,11.60994574
2528CA00025,Borehole,-25.61667,28.08306,27.41,,,,,,11.60994574
2528CA00025,Borehole,-25.61667,28.08306,27.55,,,,,,11.60994574
2528CA00025,Borehole,-25.61667,28.08306,27.56,,,,,,11.60994574
2528CA00025,Borehole,-25.61667,28.08306,27.81,,,,,,11.60994574
2528CA00025,Borehole,-25.61667,28.08306,28.12,,,,,,11.60994574
2528CA00560,Borehole,-25.60177,28.04753,17.37,0,35.05,Granite,Consolidated,,11.36063362
2528CA00558,Borehole,-25.60175,28.04751,13.71,0,0.6,Tuff,Consolidated,,11.35983084
2528CA00558,Borehole,-25.60175,28.04751,13.71,0.6,6.4,Sandstone,Consolidated,,11.35983084
2528CA00558,Borehole,-25.60175,28.04751,13.71,6.4,7.32,Norite,Consolidated,,11.35983084
2528CA00558,Borehole,-25.60175,28.04751,13.71,7.32,28.65,Norite,Consolidated,,11.35983084
2528CA00558,Borehole,-25.60175,28.04751,13.71,28.65,32,Norite,Consolidated,,11.35983084
2528CA00556,Borehole,-25.60174,28.0475,11.27,0,0.6,SOIL,Unconsolidated,,11.35942975
2528CA00556,Borehole,-25.60174,28.0475,11.27,0.6,1.21,Gravel,Unconsolidated,,11.35942975
2528CA00556,Borehole,-25.60174,28.0475,11.27,1.21,12.8,Norite,Consolidated,,11.35942975
2528CA00556,Borehole,-25.60174,28.0475,11.27,12.8,13.41,Norite,Consolidated,,11.35942975
2528CA00556,Borehole,-25.60174,28.0475,11.27,13.41,16.15,Boulders,Unconsolidated,,11.35942975
2528CA00556,Borehole,-25.60174,28.0475,11.27,16.15,19.5,Boulders,Unconsolidated,,11.35942975
2528CA00557,Borehole,-25.60173,28.04749,16.76,0,3.04,SOIL,Unconsolidated,,11.35902886
2528CA00557,Borehole,-25.60173,28.04749,16.76,3.04,29.56,Norite,Consolidated,,11.35902886
2528CA00555,Borehole,-25.60172,28.04748,6.09,0,0.91,SOIL,Unconsolidated,,11.35862818
2528CA00555,Borehole,-25.60172,28.04748,6.09,0.91,7.92,Norite,Consolidated,,11.35862818
2528CA00555,Borehole,-25.60172,28.04748,6.09,7.92,10.36,Norite,Consolidated,Hard,11.35862818
2528CA00555,Borehole,-25.60172,28.04748,6.09,10.36,35.35,Norite,Consolidated,Hard,11.35862818
2528CA00555,Borehole,-25.60172,28.04748,6.09,35.35,45.72,Norite,Consolidated,Hard,11.35862818
2528CA00237,Borehole,-25.5862,28.12948,22.86,0,1.52,SOIL,Unconsolidated,,8.771078549
2528CA00237,Borehole,-25.5862,28.12948,22.86,1.52,18.28,Clay,Unconsolidated,,8.771078549
2528CA00237,Borehole,-25.5862,28.12948,22.86,18.28,37.79,Granite,Consolidated,,8.771078549
2528CA00237,Borehole,-25.5862,28.12948,22.86,37.79,44.5,Granite,Consolidated,,8.771078549
2528CA00236,Borehole,-25.58619,28.12947,8.22,0,0.6,SOIL,Unconsolidated,,8.769620559
2528CA00236,Borehole,-25.58619,28.12947,8.22,0.6,1.21,Gravel,Unconsolidated,,8.769620559
2528CA00236,Borehole,-25.58619,28.12947,8.22,1.21,3.35,SOIL,Unconsolidated,,8.769620559
2528CA00236,Borehole,-25.58619,28.12947,8.22,3.35,24.38,Gravel,Unconsolidated,,8.769620559
2528CA00236,Borehole,-25.58619,28.12947,8.22,24.38,30.78,Gravel,Unconsolidated,,8.769620559
2528CA00235,Borehole,-25.58618,28.12946,13.41,0,1.21,Tuff,Consolidated,,8.768162609
2528CA00235,Borehole,-25.58618,28.12946,13.41,1.21,10.36,Granite,Consolidated,,8.768162609
2528CA00235,Borehole,-25.58618,28.12946,13.41,10.36,17.67,Granite,Consolidated,,8.768162609
2528CA00234,Borehole,-25.58617,28.12945,5.48,0,10.05,Sandstone,Consolidated,,8.7667047
2528CA00234,Borehole,-25.58617,28.12945,5.48,10.05,12.19,Sandstone,Consolidated,,8.7667047
2528CA00234,Borehole,-25.58617,28.12945,5.48,12.19,20.42,Conglomerate,Unconsolidated,,8.7667047
2528CA00234,Borehole,-25.58617,28.12945,5.48,20.42,20.57,Quartzite,Consolidated,,8.7667047
2528CA00234,Borehole,-25.58617,28.12945,5.48,20.57,29.41,Shale,Consolidated,,8.7667047
2528CA00234,Borehole,-25.58617,28.12945,5.48,29.41,32.61,Granite,Consolidated,,8.7667047
2528CA00233,Borehole,-25.58616,28.12944,,0,49.98,Norite,Consolidated,,8.765246831
2528CA00209,Borehole,-25.57551,28.18099,2.13,0,22.86,SOIL,Unconsolidated,,11.44694549
2528CA00209,Borehole,-25.57551,28.18099,2.13,22.86,44.19,Norite,Consolidated,,11.44694549
2528CA00208,Borehole,-25.5755,28.18098,2.13,0,1.21,SOIL,Unconsolidated,,11.4453864
2528CA00208,Borehole,-25.5755,28.18098,2.13,1.21,4.57,Gravel,Unconsolidated,,11.4453864
2528CA00208,Borehole,-25.5755,28.18098,2.13,4.57,16.76,Norite,Consolidated,,11.4453864
2528CA00208,Borehole,-25.5755,28.18098,2.13,16.76,20.42,Granite,Consolidated,,11.4453864
2528CA00207,Borehole,-25.57549,28.18097,51.2,0,9.14,Granite,Consolidated,,11.44382732
2528CA00207,Borehole,-25.57549,28.18097,51.2,9.14,90.52,Granite,Consolidated,,11.44382732
2528CA00206,Borehole,-25.57548,28.18096,44.19,0,7.01,Granite,Consolidated,,11.44226825
2528CA00206,Borehole,-25.57548,28.18096,44.19,7.01,65.83,Granite,Consolidated,,11.44226825
2528CA00205,Borehole,-25.57547,28.18095,73.15,0,11.27,Granite,Consolidated,,11.44070917
2528CA00205,Borehole,-25.57547,28.18095,73.15,11.27,92.96,Granite,Consolidated,,11.44070917
2528CA00202,Borehole,-25.57546,28.18094,1.21,0,1.82,SOIL,Unconsolidated,,11.4391501
2528CA00202,Borehole,-25.57546,28.18094,1.21,1.82,21.94,Clay,Unconsolidated,,11.4391501
2528CA00202,Borehole,-25.57546,28.18094,1.21,21.94,31.08,Quartzite,Consolidated,,11.4391501
2528CA00202,Borehole,-25.57546,28.18094,1.21,31.08,32.91,Shale,Consolidated,,11.4391501
2528CA00203,Borehole,-25.57545,28.18093,0.6,0,1.82,SOIL,Unconsolidated,,11.43759104
2528CA00203,Borehole,-25.57545,28.18093,0.6,1.82,19.2,Norite,Consolidated,,11.43759104
2528CA00203,Borehole,-25.57545,28.18093,0.6,19.2,21.94,Norite,Consolidated,,11.43759104
2528CA00200,Borehole,-25.57542,28.1809,1.82,0,1.82,SOIL,Unconsolidated,,11.43291387
2528CA00200,Borehole,-25.57542,28.1809,1.82,1.82,3.65,Gravel,Unconsolidated,,11.43291387
2528CA00200,Borehole,-25.57542,28.1809,1.82,3.65,24.07,Norite,Consolidated,,11.43291387
2528CA00200,Borehole,-25.57542,28.1809,1.82,24.07,25.9,Norite,Consolidated,,11.43291387
2528CA00199,Borehole,-25.57541,28.18089,4.57,0,0.91,SOIL,Unconsolidated,,11.43135482
2528CA00199,Borehole,-25.57541,28.18089,4.57,0.91,4.57,Clay,Unconsolidated,,11.43135482
2528CA00199,Borehole,-25.57541,28.18089,4.57,4.57,14.02,Granite,Consolidated,,11.43135482
2528CA00199,Borehole,-25.57541,28.18089,4.57,14.02,20.42,Norite,Consolidated,,11.43135482
2528CA00198,Borehole,-25.5754,28.18088,4.87,0,3.04,SOIL,Unconsolidated,,11.42979578
2528CA00198,Borehole,-25.5754,28.18088,4.87,3.04,32.91,Norite,Consolidated,,11.42979578
2528CA00198,Borehole,-25.5754,28.18088,4.87,32.91,37.49,Norite,Consolidated,Hard,11.42979578
2528CA00197,Borehole,-25.57539,28.18087,3.65,0,3.04,SOIL,Unconsolidated,,11.42823674
2528CA00197,Borehole,-25.57539,28.18087,3.65,3.04,13.71,Norite,Consolidated,,11.42823674
2528CA00197,Borehole,-25.57539,28.18087,3.65,13.71,21.94,Norite,Consolidated,,11.42823674
2528CA00357,Borehole,-25.57539,28.18087,,0,81.38,Granite,Consolidated,,11.42823674
2528CA00357,Borehole,-25.57539,28.18087,,81.38,107.59,Diabase,Consolidated,,11.42823674
2528CA00196,Borehole,-25.57538,28.18086,4.87,0,3.04,SOIL,Unconsolidated,,11.4266777
2528CA00196,Borehole,-25.57538,28.18086,4.87,3.04,21.94,Norite,Consolidated,,11.4266777
2528CA00196,Borehole,-25.57538,28.18086,4.87,21.94,24.07,Norite,Consolidated,Hard,11.4266777
2528CA00356,Borehole,-25.57538,28.18086,,0,1.21,SOIL,Unconsolidated,,11.4266777
2528CA00356,Borehole,-25.57538,28.18086,,1.21,3.04,Boulders & Sand,Unconsolidated,,11.4266777
2528CA00356,Borehole,-25.57538,28.18086,,3.04,75.59,Granite,Consolidated,,11.4266777
2528CA00195,Borehole,-25.57537,28.18085,3.04,0,5.48,SOIL,Unconsolidated,,11.42511867
2528CA00195,Borehole,-25.57537,28.18085,3.04,5.48,18.89,Granite,Consolidated,,11.42511867
2528CA00195,Borehole,-25.57537,28.18085,3.04,18.89,24.07,Norite,Consolidated,Hard,11.42511867
2528CA00355,Borehole,-25.57537,28.18085,,0,1.21,SOIL,Unconsolidated,,11.42511867
2528CA00355,Borehole,-25.57537,28.18085,,1.21,9.75,Shale,Consolidated,,11.42511867
2528CA00355,Borehole,-25.57537,28.18085,,9.75,98.14,Granite,Consolidated,,11.42511867
2528CA00194,Borehole,-25.57536,28.18084,10.36,0,1.52,Boulders,Unconsolidated,,11.42355964
2528CA00194,Borehole,-25.57536,28.18084,10.36,1.52,6.09,Shale,Consolidated,,11.42355964
2528CA00194,Borehole,-25.57536,28.18084,10.36,6.09,18.28,Granite,Consolidated,,11.42355964
2528CA00194,Borehole,-25.57536,28.18084,10.36,18.28,24.38,Granite,Consolidated,,11.42355964
2528CA00194,Borehole,-25.57536,28.18084,10.36,24.38,26.82,Norite,Consolidated,,11.42355964
2528CA00354,Borehole,-25.57536,28.18084,2.01,0,2.43,SOIL,Unconsolidated,,11.42355964
2528CA00354,Borehole,-25.57536,28.18084,2.01,2.43,27.43,Norite,Consolidated,,11.42355964
2528CA00193,Borehole,-25.57535,28.18083,3.35,0,3.04,SOIL,Unconsolidated,,11.42200062
2528CA00193,Borehole,-25.57535,28.18083,3.35,3.04,21.03,Dolerite,Consolidated,,11.42200062
2528CA00193,Borehole,-25.57535,28.18083,3.35,21.03,23.77,Norite,Consolidated,,11.42200062
2528CA00192,Borehole,-25.57534,28.18082,,0,0.91,SOIL,Unconsolidated,,11.4204416
2528CA00192,Borehole,-25.57534,28.18082,,0.91,25.29,Norite,Consolidated,,11.4204416
2528CA00192,Borehole,-25.57534,28.18082,,25.29,27,Norite,Consolidated,,11.4204416
2528CA00210,Borehole,-25.57533,28.18081,1.82,0,0.91,SOIL,Unconsolidated,,11.41888259
2528CA00210,Borehole,-25.57533,28.18081,1.82,0.91,19.15,Norite,Consolidated,,11.41888259
2528CA00210,Borehole,-25.57533,28.18081,1.82,19.15,19.5,Norite,Consolidated,,11.41888259
2528CA00211,Borehole,-25.57532,28.1808,0.6,0,0.91,SOIL,Unconsolidated,,11.41732358
2528CA00211,Borehole,-25.57532,28.1808,0.6,0.91,21.03,Norite,Consolidated,,11.41732358
2528CA00211,Borehole,-25.57532,28.1808,0.6,21.03,21.33,Norite,Consolidated,,11.41732358
2528CA00212,Borehole,-25.57531,28.18079,6.09,0,0.91,SOIL,Unconsolidated,,11.41576457
2528CA00212,Borehole,-25.57531,28.18079,6.09,0.91,2.96,Clay,Unconsolidated,,11.41576457
2528CA00212,Borehole,-25.57531,28.18079,6.09,2.96,6.4,Boulders,Unconsolidated,,11.41576457
2528CA00212,Borehole,-25.57531,28.18079,6.09,6.4,18.28,Norite,Consolidated,,11.41576457
2528CA00212,Borehole,-25.57531,28.18079,6.09,18.28,19.81,Norite,Consolidated,,11.41576457
2528CA00213,Borehole,-25.5753,28.18078,4.87,0,0.91,SOIL,Unconsolidated,,11.41420557
2528CA00213,Borehole,-25.5753,28.18078,4.87,0.91,2.74,Magnetite Gabbro,Consolidated,,11.41420557
2528CA00213,Borehole,-25.5753,28.18078,4.87,2.74,18.28,Norite,Consolidated,,11.41420557
2528CA00213,Borehole,-25.5753,28.18078,4.87,18.28,18.89,Norite,Consolidated,,11.41420557
2528CA00214,Borehole,-25.57529,28.18077,3.04,0,6.09,SOIL,Unconsolidated,,11.41264657
2528CA00214,Borehole,-25.57529,28.18077,3.04,6.09,21.33,Norite,Consolidated,,11.41264657
2528CA00215,Borehole,-25.57528,28.18076,3.04,0,3.65,SOIL,Unconsolidated,,11.41108758
2528CA00215,Borehole,-25.57528,28.18076,3.04,3.65,51.81,Norite,Consolidated,,11.41108758
2528CA00216,Borehole,-25.57527,28.18075,6.09,0,5.18,SOIL,Unconsolidated,,11.40952859
2528CA00216,Borehole,-25.57527,28.18075,6.09,5.18,10.71,Norite,Consolidated,,11.40952859
2528CA00216,Borehole,-25.57527,28.18075,6.09,10.71,18.28,Norite,Consolidated,,11.40952859
2528CA00216,Borehole,-25.57527,28.18075,6.09,18.28,38.1,Norite,Consolidated,,11.40952859
2528CA00365,Borehole,-25.57526,28.18074,13.71,0,2.13,SOIL,Unconsolidated,,11.4079696
2528CA00365,Borehole,-25.57526,28.18074,13.71,2.13,9.75,Norite,Consolidated,,11.4079696
2528CA00365,Borehole,-25.57526,28.18074,13.71,9.75,42.06,Norite,Consolidated,,11.4079696
2528CA00366,Borehole,-25.57525,28.18073,3.96,0,3.04,SOIL,Unconsolidated,,11.40641062
2528CA00366,Borehole,-25.57525,28.18073,3.96,3.04,22.43,Norite,Consolidated,,11.40641062
2528CA00366,Borehole,-25.57525,28.18073,3.96,22.43,22.55,Norite,Consolidated,Hard,11.40641062
2528CA00367,Borehole,-25.57524,28.18072,3.65,0,0.91,SOIL,Unconsolidated,,11.40485165
2528CA00367,Borehole,-25.57524,28.18072,3.65,0.91,16.94,Norite,Consolidated,,11.40485165
2528CA00368,Borehole,-25.57523,28.18071,3.35,0,2.43,SOIL,Unconsolidated,,11.40329267
2528CA00368,Borehole,-25.57523,28.18071,3.35,2.43,18.89,Norite,Consolidated,,11.40329267
2528CA00368,Borehole,-25.57523,28.18071,3.35,18.89,21.64,Norite,Consolidated,Hard,11.40329267
2528CA00369,Borehole,-25.57522,28.1807,36.88,0,3.04,SOIL,Unconsolidated,,11.40173371
2528CA00369,Borehole,-25.57522,28.1807,36.88,3.04,17.06,Norite,Consolidated,,11.40173371
2528CA00370,Borehole,-25.57521,28.18069,3.66,0,3.04,SOIL,Unconsolidated,,11.40017474
2528CA00370,Borehole,-25.57521,28.18069,3.66,3.04,14.5,Norite,Consolidated,,11.40017474
2528CA00371,Borehole,-25.5752,28.18068,2.74,0,6.09,SOIL,Unconsolidated,,11.39861578
2528CA00371,Borehole,-25.5752,28.18068,2.74,6.09,17.67,Norite,Consolidated,,11.39861578
2528CA00371,Borehole,-25.5752,28.18068,2.74,17.67,18.28,Norite,Consolidated,Hard,11.39861578
2528CA00358,Borehole,-25.57519,28.18067,4.75,0,3.65,SOIL,Unconsolidated,,11.39705683
2528CA00358,Borehole,-25.57519,28.18067,4.75,3.65,14.02,Norite,Consolidated,,11.39705683
2528CA00359,Borehole,-25.57518,28.18066,4.26,0,1.52,SOIL,Unconsolidated,,11.39549787
2528CA00359,Borehole,-25.57518,28.18066,4.26,1.52,19.81,Norite,Consolidated,,11.39549787
2528CA00359,Borehole,-25.57518,28.18066,4.26,19.81,35.96,Norite,Consolidated,,11.39549787
2528CA00360,Borehole,-25.57517,28.18065,3.65,0,9.14,SOIL,Unconsolidated,,11.39393893
2528CA00360,Borehole,-25.57517,28.18065,3.65,9.14,15.84,Norite,Consolidated,,11.39393893
2528CA00360,Borehole,-25.57517,28.18065,3.65,15.84,18.28,Norite,Consolidated,Hard,11.39393893
2528CA00361,Borehole,-25.57516,28.18064,5.18,0,6.09,SOIL,Unconsolidated,,11.39237998
2528CA00361,Borehole,-25.57516,28.18064,5.18,6.09,39.01,Norite,Consolidated,,11.39237998
2528CA00362,Borehole,-25.57515,28.18063,3.65,0,1.52,SOIL,Unconsolidated,,11.39082105
2528CA00362,Borehole,-25.57515,28.18063,3.65,1.52,22.55,Norite,Consolidated,,11.39082105
2528CA00362,Borehole,-25.57515,28.18063,3.65,22.55,23.46,Norite,Consolidated,,11.39082105
2528CA00363,Borehole,-25.57514,28.18062,6.7,0,1.52,Boulders,Unconsolidated,,11.38926211
2528CA00363,Borehole,-25.57514,28.18062,6.7,1.52,8.53,Granite,Consolidated,,11.38926211
2528CA00363,Borehole,-25.57514,28.18062,6.7,8.53,21.33,Norite,Consolidated,,11.38926211
2528CA00363,Borehole,-25.57514,28.18062,6.7,21.33,23.13,Norite,Consolidated,,11.38926211
2528CA00364,Borehole,-25.57513,28.18061,,0,1.52,SOIL,Unconsolidated,,11.38770318
2528CA00364,Borehole,-25.57513,28.18061,,1.52,25.29,Clay,Unconsolidated,,11.38770318
2528CA00364,Borehole,-25.57513,28.18061,,25.29,28.34,Sandstone,Consolidated,,11.38770318
2528CA00364,Borehole,-25.57513,28.18061,,28.34,47.54,Shale,Consolidated,,11.38770318
2528CA00448,Borehole,-25.56283,28.08027,7.32,0,2.74,Ferricrete,Consolidated,,5.860907257
2528CA00448,Borehole,-25.56283,28.08027,7.32,2.74,7.62,Clay,Unconsolidated,,5.860907257
2528CA00448,Borehole,-25.56283,28.08027,7.32,7.62,12.19,Granite,Consolidated,,5.860907257
2528CA00448,Borehole,-25.56283,28.08027,7.32,12.19,31.39,Granite,Consolidated,,5.860907257
2528CA00449,Borehole,-25.56282,28.08026,,0,1.52,SOIL,Unconsolidated,,5.860260075
2528CA00449,Borehole,-25.56282,28.08026,,1.52,10.66,Granite,Consolidated,,5.860260075
2528CA00449,Borehole,-25.56282,28.08026,,10.66,32,Granite,Consolidated,,5.860260075
2528CA00374,Borehole,-25.55619,28.20584,,0,35.32,Granite,Consolidated,,12.81481592
2528CA00644,Borehole,-25.5559,28.20943,,0,3.66,SOIL,Unconsolidated,,13.17533158
2528CA00644,Borehole,-25.5559,28.20943,,3.66,7.32,Granite,Consolidated,,13.17533158
2528CA00644,Borehole,-25.5559,28.20943,,7.32,17.68,Granite,Consolidated,,13.17533158
2528CA00062,Borehole,-25.55283,28.21479,23.35,,,,,,13.62080104
2528CA00019,Borehole,-25.55033,28.12471,5.37,,,,,,4.998791728
2528CA00019,Borehole,-25.55033,28.12471,5.38,,,,,,4.998791728
2528CA00019,Borehole,-25.55033,28.12471,5.39,,,,,,4.998791728
2528CA00019,Borehole,-25.55033,28.12471,5.42,,,,,,4.998791728
2528CA00019,Borehole,-25.55033,28.12471,5.43,,,,,,4.998791728
2528CA00019,Borehole,-25.55033,28.12471,5.44,,,,,,4.998791728
2528CA00019,Borehole,-25.55033,28.12471,5.45,,,,,,4.998791728
2528CA00019,Borehole,-25.55033,28.12471,5.46,,,,,,4.998791728
2528CA00019,Borehole,-25.55033,28.12471,5.48,,,,,,4.998791728
2528CA00019,Borehole,-25.55033,28.12471,5.49,,,,,,4.998791728
2528CA00019,Borehole,-25.55033,28.12471,5.51,,,,,,4.998791728
2528CA00019,Borehole,-25.55033,28.12471,5.52,,,,,,4.998791728
2528CA00019,Borehole,-25.55033,28.12471,5.53,,,,,,4.998791728
2528CA00019,Borehole,-25.55033,28.12471,5.54,,,,,,4.998791728
2528CA00019,Borehole,-25.55033,28.12471,5.55,,,,,,4.998791728
2528CA00019,Borehole,-25.55033,28.12471,5.56,,,,,,4.998791728
2528CA00019,Borehole,-25.55033,28.12471,5.57,,,,,,4.998791728
2528CA00019,Borehole,-25.55033,28.12471,5.58,,,,,,4.998791728
2528CA00019,Borehole,-25.55033,28.12471,5.59,,,,,,4.998791728
2528CA00019,Borehole,-25.55033,28.12471,5.6,,,,,,4.998791728
2528CA00019,Borehole,-25.55033,28.12471,5.61,,,,,,4.998791728
2528CA00019,Borehole,-25.55033,28.12471,5.62,,,,,,4.998791728
2528CA00019,Borehole,-25.55033,28.12471,5.63,,,,,,4.998791728
2528CA00019,Borehole,-25.55033,28.12471,5.64,,,,,,4.998791728
2528CA00019,Borehole,-25.55033,28.12471,5.65,,,,,,4.998791728
2528CA00019,Borehole,-25.55033,28.12471,5.66,,,,,,4.998791728
2528CA00019,Borehole,-25.55033,28.12471,5.67,,,,,,4.998791728
2528CA00019,Borehole,-25.55033,28.12471,5.68,,,,,,4.998791728
2528CA00019,Borehole,-25.55033,28.12471,5.69,,,,,,4.998791728
2528CA00019,Borehole,-25.55033,28.12471,5.7,,,,,,4.998791728
2528CA00019,Borehole,-25.55033,28.12471,5.71,,,,,,4.998791728
2528CA00019,Borehole,-25.55033,28.12471,5.72,,,,,,4.998791728
2528CA00019,Borehole,-25.55033,28.12471,5.73,,,,,,4.998791728
2528CA00019,Borehole,-25.55033,28.12471,5.74,,,,,,4.998791728
2528CA00019,Borehole,-25.55033,28.12471,5.75,,,,,,4.998791728
2528CA00019,Borehole,-25.55033,28.12471,5.76,,,,,,4.998791728
2528CA00019,Borehole,-25.55033,28.12471,5.77,,,,,,4.998791728
2528CA00019,Borehole,-25.55033,28.12471,5.78,,,,,,4.998791728
2528CA00019,Borehole,-25.55033,28.12471,5.79,,,,,,4.998791728
2528CA00019,Borehole,-25.55033,28.12471,5.8,,,,,,4.998791728
2528CA00019,Borehole,-25.55033,28.12471,5.81,,,,,,4.998791728
2528CA00019,Borehole,-25.55033,28.12471,5.82,,,,,,4.998791728
2528CA00019,Borehole,-25.55033,28.12471,5.83,,,,,,4.998791728
2528CA00019,Borehole,-25.55033,28.12471,5.84,,,,,,4.998791728
2528CA00019,Borehole,-25.55033,28.12471,5.85,,,,,,4.998791728
2528CA00019,Borehole,-25.55033,28.12471,5.86,,,,,,4.998791728
2528CA00019,Borehole,-25.55033,28.12471,5.87,,,,,,4.998791728
2528CA00019,Borehole,-25.55033,28.12471,5.88,,,,,,4.998791728
2528CA00019,Borehole,-25.55033,28.12471,5.89,,,,,,4.998791728
2528CA00019,Borehole,-25.55033,28.12471,5.9,,,,,,4.998791728
2528CA00019,Borehole,-25.55033,28.12471,5.91,,,,,,4.998791728
2528CA00019,Borehole,-25.55033,28.12471,5.92,,,,,,4.998791728
2528CA00019,Borehole,-25.55033,28.12471,5.93,,,,,,4.998791728
2528CA00019,Borehole,-25.55033,28.12471,5.94,,,,,,4.998791728
2528CA00019,Borehole,-25.55033,28.12471,5.95,,,,,,4.998791728
2528CA00019,Borehole,-25.55033,28.12471,5.96,,,,,,4.998791728
2528CA00019,Borehole,-25.55033,28.12471,5.97,,,,,,4.998791728
2528CA00019,Borehole,-25.55033,28.12471,5.98,,,,,,4.998791728
2528CA00019,Borehole,-25.55033,28.12471,5.99,,,,,,4.998791728
2528CA00019,Borehole,-25.55033,28.12471,6,,,,,,4.998791728
2528CA00019,Borehole,-25.55033,28.12471,6.01,,,,,,4.998791728
2528CA00019,Borehole,-25.55033,28.12471,6.02,,,,,,4.998791728
2528CA00019,Borehole,-25.55033,28.12471,6.03,,,,,,4.998791728
2528CA00019,Borehole,-25.55033,28.12471,6.04,,,,,,4.998791728
2528CA00019,Borehole,-25.55033,28.12471,6.05,,,,,,4.998791728
2528CA00019,Borehole,-25.55033,28.12471,6.06,,,,,,4.998791728
2528CA00019,Borehole,-25.55033,28.12471,6.07,,,,,,4.998791728
2528CA00019,Borehole,-25.55033,28.12471,6.08,,,,,,4.998791728
2528CA00019,Borehole,-25.55033,28.12471,6.09,,,,,,4.998791728
2528CA00019,Borehole,-25.55033,28.12471,6.1,,,,,,4.998791728
2528CA00019,Borehole,-25.55033,28.12471,6.11,,,,,,4.998791728
2528CA00019,Borehole,-25.55033,28.12471,6.12,,,,,,4.998791728
2528CA00019,Borehole,-25.55033,28.12471,6.13,,,,,,4.998791728
2528CA00019,Borehole,-25.55033,28.12471,6.14,,,,,,4.998791728
2528CA00019,Borehole,-25.55033,28.12471,6.15,,,,,,4.998791728
2528CA00019,Borehole,-25.55033,28.12471,6.16,,,,,,4.998791728
2528CA00019,Borehole,-25.55033,28.12471,6.17,,,,,,4.998791728
2528CA00019,Borehole,-25.55033,28.12471,6.18,,,,,,4.998791728
2528CA00019,Borehole,-25.55033,28.12471,6.19,,,,,,4.998791728
2528CA00019,Borehole,-25.55033,28.12471,6.2,,,,,,4.998791728
2528CA00019,Borehole,-25.55033,28.12471,6.21,,,,,,4.998791728
2528CA00019,Borehole,-25.55033,28.12471,6.22,,,,,,4.998791728
2528CA00019,Borehole,-25.55033,28.12471,6.23,,,,,,4.998791728
2528CA00019,Borehole,-25.55033,28.12471,6.24,,,,,,4.998791728
2528CA00019,Borehole,-25.55033,28.12471,6.25,,,,,,4.998791728
2528CA00019,Borehole,-25.55033,28.12471,6.26,,,,,,4.998791728
2528CA00019,Borehole,-25.55033,28.12471,6.27,,,,,,4.998791728
2528CA00019,Borehole,-25.55033,28.12471,6.28,,,,,,4.998791728
2528CA00019,Borehole,-25.55033,28.12471,6.29,,,,,,4.998791728
2528CA00019,Borehole,-25.55033,28.12471,6.3,,,,,,4.998791728
2528CA00019,Borehole,-25.55033,28.12471,6.31,,,,,,4.998791728
2528CA00019,Borehole,-25.55033,28.12471,6.32,,,,,,4.998791728
2528CA00019,Borehole,-25.55033,28.12471,6.33,,,,,,4.998791728
2528CA00019,Borehole,-25.55033,28.12471,6.34,,,,,,4.998791728
2528CA00019,Borehole,-25.55033,28.12471,6.35,,,,,,4.998791728
2528CA00019,Borehole,-25.55033,28.12471,6.36,,,,,,4.998791728
2528CA00019,Borehole,-25.55033,28.12471,6.37,,,,,,4.998791728
2528CA00019,Borehole,-25.55033,28.12471,6.38,,,,,,4.998791728
2528CA00019,Borehole,-25.55033,28.12471,6.39,,,,,,4.998791728
2528CA00019,Borehole,-25.55033,28.12471,6.4,,,,,,4.998791728
2528CA00019,Borehole,-25.55033,28.12471,6.41,,,,,,4.998791728
2528CA00019,Borehole,-25.55033,28.12471,6.42,,,,,,4.998791728
2528CA00019,Borehole,-25.55033,28.12471,6.43,,,,,,4.998791728
2528CA00019,Borehole,-25.55033,28.12471,6.44,,,,,,4.998791728
2528CA00019,Borehole,-25.55033,28.12471,6.45,,,,,,4.998791728
2528CA00019,Borehole,-25.55033,28.12471,6.46,,,,,,4.998791728
2528CA00019,Borehole,-25.55033,28.12471,6.47,,,,,,4.998791728
2528CA00019,Borehole,-25.55033,28.12471,6.48,,,,,,4.998791728
2528CA00019,Borehole,-25.55033,28.12471,6.49,,,,,,4.998791728
2528CA00019,Borehole,-25.55033,28.12471,6.5,,,,,,4.998791728
2528CA00019,Borehole,-25.55033,28.12471,6.51,,,,,,4.998791728
2528CA00019,Borehole,-25.55033,28.12471,6.52,,,,,,4.998791728
2528CA00019,Borehole,-25.55033,28.12471,6.53,,,,,,4.998791728
2528CA00019,Borehole,-25.55033,28.12471,6.54,,,,,,4.998791728
2528CA00019,Borehole,-25.55033,28.12471,6.55,,,,,,4.998791728
2528CA00019,Borehole,-25.55033,28.12471,6.56,,,,,,4.998791728
2528CA00019,Borehole,-25.55033,28.12471,6.57,,,,,,4.998791728
2528CA00019,Borehole,-25.55033,28.12471,6.58,,,,,,4.998791728
2528CA00019,Borehole,-25.55033,28.12471,6.59,,,,,,4.998791728
2528CA00019,Borehole,-25.55033,28.12471,6.6,,,,,,4.998791728
2528CA00019,Borehole,-25.55033,28.12471,6.61,,,,,,4.998791728
2528CA00019,Borehole,-25.55033,28.12471,6.62,,,,,,4.998791728
2528CA00019,Borehole,-25.55033,28.12471,6.63,,,,,,4.998791728
2528CA00019,Borehole,-25.55033,28.12471,6.64,,,,,,4.998791728
2528CA00019,Borehole,-25.55033,28.12471,6.65,,,,,,4.998791728
2528CA00019,Borehole,-25.55033,28.12471,6.66,,,,,,4.998791728
2528CA00019,Borehole,-25.55033,28.12471,6.67,,,,,,4.998791728
2528CA00019,Borehole,-25.55033,28.12471,6.68,,,,,,4.998791728
2528CA00019,Borehole,-25.55033,28.12471,6.69,,,,,,4.998791728
2528CA00019,Borehole,-25.55033,28.12471,6.7,,,,,,4.998791728
2528CA00019,Borehole,-25.55033,28.12471,6.71,,,,,,4.998791728
2528CA00019,Borehole,-25.55033,28.12471,6.72,,,,,,4.998791728
2528CA00019,Borehole,-25.55033,28.12471,6.73,,,,,,4.998791728
2528CA00019,Borehole,-25.55033,28.12471,6.74,,,,,,4.998791728
2528CA00019,Borehole,-25.55033,28.12471,6.75,,,,,,4.998791728
2528CA00019,Borehole,-25.55033,28.12471,6.76,,,,,,4.998791728
2528CA00019,Borehole,-25.55033,28.12471,6.77,,,,,,4.998791728
2528CA00019,Borehole,-25.55033,28.12471,6.78,,,,,,4.998791728
2528CA00019,Borehole,-25.55033,28.12471,6.79,,,,,,4.998791728
2528CA00019,Borehole,-25.55033,28.12471,6.8,,,,,,4.998791728
2528CA00019,Borehole,-25.55033,28.12471,6.81,,,,,,4.998791728
2528CA00019,Borehole,-25.55033,28.12471,6.82,,,,,,4.998791728
2528CA00019,Borehole,-25.55033,28.12471,6.83,,,,,,4.998791728
2528CA00019,Borehole,-25.55033,28.12471,6.84,,,,,,4.998791728
2528CA00019,Borehole,-25.55033,28.12471,6.85,,,,,,4.998791728
2528CA00019,Borehole,-25.55033,28.12471,6.86,,,,,,4.998791728
2528CA00019,Borehole,-25.55033,28.12471,6.87,,,,,,4.998791728
2528CA00019,Borehole,-25.55033,28.12471,6.88,,,,,,4.998791728
2528CA00019,Borehole,-25.55033,28.12471,6.89,,,,,,4.998791728
2528CA00019,Borehole,-25.55033,28.12471,6.9,,,,,,4.998791728
2528CA00019,Borehole,-25.55033,28.12471,6.91,,,,,,4.998791728
2528CA00019,Borehole,-25.55033,28.12471,6.92,,,,,,4.998791728
2528CA00019,Borehole,-25.55033,28.12471,6.93,,,,,,4.998791728
2528CA00019,Borehole,-25.55033,28.12471,6.94,,,,,,4.998791728
2528CA00019,Borehole,-25.55033,28.12471,6.95,,,,,,4.998791728
2528CA00019,Borehole,-25.55033,28.12471,6.96,,,,,,4.998791728
2528CA00019,Borehole,-25.55033,28.12471,6.97,,,,,,4.998791728
2528CA00019,Borehole,-25.55033,28.12471,6.98,,,,,,4.998791728
2528CA00019,Borehole,-25.55033,28.12471,6.99,,,,,,4.998791728
2528CA00019,Borehole,-25.55033,28.12471,7,,,,,,4.998791728
2528CA00019,Borehole,-25.55033,28.12471,7.01,,,,,,4.998791728
2528CA00019,Borehole,-25.55033,28.12471,7.02,,,,,,4.998791728
2528CA00019,Borehole,-25.55033,28.12471,7.03,,,,,,4.998791728
2528CA00019,Borehole,-25.55033,28.12471,7.04,,,,,,4.998791728
2528CA00019,Borehole,-25.55033,28.12471,7.05,,,,,,4.998791728
2528CA00019,Borehole,-25.55033,28.12471,7.06,,,,,,4.998791728
2528CA00019,Borehole,-25.55033,28.12471,7.07,,,,,,4.998791728
2528CA00019,Borehole,-25.55033,28.12471,7.08,,,,,,4.998791728
2528CA00019,Borehole,-25.55033,28.12471,7.09,,,,,,4.998791728
2528CA00019,Borehole,-25.55033,28.12471,7.1,,,,,,4.998791728
2528CA00019,Borehole,-25.55033,28.12471,7.11,,,,,,4.998791728
2528CA00019,Borehole,-25.55033,28.12471,7.12,,,,,,4.998791728
2528CA00019,Borehole,-25.55033,28.12471,7.13,,,,,,4.998791728
2528CA00019,Borehole,-25.55033,28.12471,7.14,,,,,,4.998791728
2528CA00019,Borehole,-25.55033,28.12471,7.15,,,,,,4.998791728
2528CA00019,Borehole,-25.55033,28.12471,7.16,,,,,,4.998791728
2528CA00019,Borehole,-25.55033,28.12471,7.17,,,,,,4.998791728
2528CA00019,Borehole,-25.55033,28.12471,7.18,,,,,,4.998791728
2528CA00019,Borehole,-25.55033,28.12471,7.19,,,,,,4.998791728
2528CA00019,Borehole,-25.55033,28.12471,7.2,,,,,,4.998791728
2528CA00019,Borehole,-25.55033,28.12471,7.21,,,,,,4.998791728
2528CA00019,Borehole,-25.55033,28.12471,7.22,,,,,,4.998791728
2528CA00019,Borehole,-25.55033,28.12471,7.23,,,,,,4.998791728
2528CA00019,Borehole,-25.55033,28.12471,7.24,,,,,,4.998791728
2528CA00019,Borehole,-25.55033,28.12471,7.25,,,,,,4.998791728
2528CA00019,Borehole,-25.55033,28.12471,7.26,,,,,,4.998791728
2528CA00019,Borehole,-25.55033,28.12471,7.27,,,,,,4.998791728
2528CA00019,Borehole,-25.55033,28.12471,7.28,,,,,,4.998791728
2528CA00019,Borehole,-25.55033,28.12471,7.29,,,,,,4.998791728
2528CA00019,Borehole,-25.55033,28.12471,7.3,,,,,,4.998791728
2528CA00019,Borehole,-25.55033,28.12471,7.31,,,,,,4.998791728
2528CA00019,Borehole,-25.55033,28.12471,7.32,,,,,,4.998791728
2528CA00019,Borehole,-25.55033,28.12471,7.33,,,,,,4.998791728
2528CA00019,Borehole,-25.55033,28.12471,7.34,,,,,,4.998791728
2528CA00019,Borehole,-25.55033,28.12471,7.35,,,,,,4.998791728
2528CA00019,Borehole,-25.55033,28.12471,7.36,,,,,,4.998791728
2528CA00019,Borehole,-25.55033,28.12471,7.37,,,,,,4.998791728
2528CA00019,Borehole,-25.55033,28.12471,7.38,,,,,,4.998791728
2528CA00019,Borehole,-25.55033,28.12471,7.39,,,,,,4.998791728
2528CA00019,Borehole,-25.55033,28.12471,7.4,,,,,,4.998791728
2528CA00019,Borehole,-25.55033,28.12471,7.41,,,,,,4.998791728
2528CA00019,Borehole,-25.55033,28.12471,7.42,,,,,,4.998791728
2528CA00019,Borehole,-25.55033,28.12471,7.43,,,,,,4.998791728
2528CA00019,Borehole,-25.55033,28.12471,7.44,,,,,,4.998791728
2528CA00019,Borehole,-25.55033,28.12471,7.45,,,,,,4.998791728
2528CA00019,Borehole,-25.55033,28.12471,7.46,,,,,,4.998791728
2528CA00019,Borehole,-25.55033,28.12471,7.47,,,,,,4.998791728
2528CA00019,Borehole,-25.55033,28.12471,7.48,,,,,,4.998791728
2528CA00019,Borehole,-25.55033,28.12471,7.5,,,,,,4.998791728
2528CA00019,Borehole,-25.55033,28.12471,7.51,,,,,,4.998791728
2528CA00019,Borehole,-25.55033,28.12471,7.52,,,,,,4.998791728
2528CA00019,Borehole,-25.55033,28.12471,7.53,,,,,,4.998791728
2528CA00019,Borehole,-25.55033,28.12471,7.54,,,,,,4.998791728
2528CA00019,Borehole,-25.55033,28.12471,7.55,,,,,,4.998791728
2528CA00019,Borehole,-25.55033,28.12471,7.56,,,,,,4.998791728
2528CA00019,Borehole,-25.55033,28.12471,7.58,,,,,,4.998791728
2528CA00019,Borehole,-25.55033,28.12471,7.59,,,,,,4.998791728
2528CA00019,Borehole,-25.55033,28.12471,7.6,,,,,,4.998791728
2528CA00019,Borehole,-25.55033,28.12471,7.62,,,,,,4.998791728
2528CA00019,Borehole,-25.55033,28.12471,7.63,,,,,,4.998791728
2528CA00019,Borehole,-25.55033,28.12471,7.64,,,,,,4.998791728
2528CA00019,Borehole,-25.55033,28.12471,7.65,,,,,,4.998791728
2528CA00019,Borehole,-25.55033,28.12471,7.66,,,,,,4.998791728
2528CA00019,Borehole,-25.55033,28.12471,7.67,,,,,,4.998791728
2528CA00019,Borehole,-25.55033,28.12471,7.68,,,,,,4.998791728
2528CA00019,Borehole,-25.55033,28.12471,7.69,,,,,,4.998791728
2528CA00019,Borehole,-25.55033,28.12471,7.7,,,,,,4.998791728
2528CA00019,Borehole,-25.55033,28.12471,7.71,,,,,,4.998791728
2528CA00019,Borehole,-25.55033,28.12471,7.72,,,,,,4.998791728
2528CA00019,Borehole,-25.55033,28.12471,7.73,,,,,,4.998791728
2528CA00019,Borehole,-25.55033,28.12471,7.74,,,,,,4.998791728
2528CA00019,Borehole,-25.55033,28.12471,7.75,,,,,,4.998791728
2528CA00019,Borehole,-25.55033,28.12471,7.76,,,,,,4.998791728
2528CA00019,Borehole,-25.55033,28.12471,7.77,,,,,,4.998791728
2528CA00019,Borehole,-25.55033,28.12471,7.78,,,,,,4.998791728
2528CA00019,Borehole,-25.55033,28.12471,7.79,,,,,,4.998791728
2528CA00019,Borehole,-25.55033,28.12471,7.8,,,,,,4.998791728
2528CA00019,Borehole,-25.55033,28.12471,7.81,,,,,,4.998791728
2528CA00019,Borehole,-25.55033,28.12471,7.83,,,,,,4.998791728
2528CA00019,Borehole,-25.55033,28.12471,7.84,,,,,,4.998791728
2528CA00019,Borehole,-25.55033,28.12471,7.85,,,,,,4.998791728
2528CA00019,Borehole,-25.55033,28.12471,7.86,,,,,,4.998791728
2528CA00019,Borehole,-25.55033,28.12471,7.87,,,,,,4.998791728
2528CA00019,Borehole,-25.55033,28.12471,7.88,,,,,,4.998791728
2528CA00019,Borehole,-25.55033,28.12471,7.89,,,,,,4.998791728
2528CA00019,Borehole,-25.55033,28.12471,7.9,,,,,,4.998791728
2528CA00019,Borehole,-25.55033,28.12471,7.91,,,,,,4.998791728
2528CA00019,Borehole,-25.55033,28.12471,7.92,,,,,,4.998791728
2528CA00019,Borehole,-25.55033,28.12471,7.94,,,,,,4.998791728
2528CA00019,Borehole,-25.55033,28.12471,7.95,,,,,,4.998791728
2528CA00019,Borehole,-25.55033,28.12471,7.96,,,,,,4.998791728
2528CA00019,Borehole,-25.55033,28.12471,7.97,,,,,,4.998791728
2528CA00019,Borehole,-25.55033,28.12471,7.98,,,,,,4.998791728
2528CA00019,Borehole,-25.55033,28.12471,7.99,,,,,,4.998791728
2528CA00019,Borehole,-25.55033,28.12471,8,,,,,,4.998791728
2528CA00019,Borehole,-25.55033,28.12471,8.01,,,,,,4.998791728
2528CA00019,Borehole,-25.55033,28.12471,8.02,,,,,,4.998791728
2528CA00019,Borehole,-25.55033,28.12471,8.03,,,,,,4.998791728
2528CA00019,Borehole,-25.55033,28.12471,8.05,,,,,,4.998791728
2528CA00019,Borehole,-25.55033,28.12471,8.06,,,,,,4.998791728
2528CA00019,Borehole,-25.55033,28.12471,8.08,,,,,,4.998791728
2528CA00019,Borehole,-25.55033,28.12471,8.09,,,,,,4.998791728
2528CA00019,Borehole,-25.55033,28.12471,8.1,,,,,,4.998791728
2528CA00019,Borehole,-25.55033,28.12471,8.11,,,,,,4.998791728
2528CA00019,Borehole,-25.55033,28.12471,8.12,,,,,,4.998791728
2528CA00019,Borehole,-25.55033,28.12471,8.13,,,,,,4.998791728
2528CA00019,Borehole,-25.55033,28.12471,8.14,,,,,,4.998791728
2528CA00019,Borehole,-25.55033,28.12471,8.15,,,,,,4.998791728
2528CA00019,Borehole,-25.55033,28.12471,8.17,,,,,,4.998791728
2528CA00019,Borehole,-25.55033,28.12471,8.19,,,,,,4.998791728
2528CA00019,Borehole,-25.55033,28.12471,8.2,,,,,,4.998791728
2528CA00019,Borehole,-25.55033,28.12471,8.21,,,,,,4.998791728
2528CA00019,Borehole,-25.55033,28.12471,8.22,,,,,,4.998791728
2528CA00019,Borehole,-25.55033,28.12471,8.23,,,,,,4.998791728
2528CA00019,Borehole,-25.55033,28.12471,8.25,,,,,,4.998791728
2528CA00019,Borehole,-25.55033,28.12471,8.28,,,,,,4.998791728
2528CA00019,Borehole,-25.55033,28.12471,8.3,,,,,,4.998791728
2528CA00019,Borehole,-25.55033,28.12471,8.31,,,,,,4.998791728
2528CA00019,Borehole,-25.55033,28.12471,8.33,,,,,,4.998791728
2528CA00019,Borehole,-25.55033,28.12471,8.34,,,,,,4.998791728
2528CA00019,Borehole,-25.55033,28.12471,8.36,,,,,,4.998791728
2528CA00019,Borehole,-25.55033,28.12471,8.37,,,,,,4.998791728
2528CA00019,Borehole,-25.55033,28.12471,8.4,,,,,,4.998791728
2528CA00019,Borehole,-25.55033,28.12471,8.41,,,,,,4.998791728
2528CA00019,Borehole,-25.55033,28.12471,8.42,,,,,,4.998791728
2528CA00019,Borehole,-25.55033,28.12471,8.44,,,,,,4.998791728
2528CA00019,Borehole,-25.55033,28.12471,8.45,,,,,,4.998791728
2528CA00019,Borehole,-25.55033,28.12471,8.46,,,,,,4.998791728
2528CA00019,Borehole,-25.55033,28.12471,8.48,,,,,,4.998791728
2528CA00019,Borehole,-25.55033,28.12471,8.49,,,,,,4.998791728
2528CA00019,Borehole,-25.55033,28.12471,8.5,,,,,,4.998791728
2528CA00019,Borehole,-25.55033,28.12471,8.51,,,,,,4.998791728
2528CA00019,Borehole,-25.55033,28.12471,8.52,,,,,,4.998791728
2528CA00019,Borehole,-25.55033,28.12471,8.53,,,,,,4.998791728
2528CA00019,Borehole,-25.55033,28.12471,8.54,,,,,,4.998791728
2528CA00019,Borehole,-25.55033,28.12471,8.55,,,,,,4.998791728
2528CA00019,Borehole,-25.55033,28.12471,8.56,,,,,,4.998791728
2528CA00019,Borehole,-25.55033,28.12471,8.57,,,,,,4.998791728
2528CA00019,Borehole,-25.55033,28.12471,8.58,,,,,,4.998791728
2528CA00019,Borehole,-25.55033,28.12471,8.59,,,,,,4.998791728
2528CA00019,Borehole,-25.55033,28.12471,8.62,,,,,,4.998791728
2528CA00019,Borehole,-25.55033,28.12471,8.66,,,,,,4.998791728
2528CA00019,Borehole,-25.55033,28.12471,8.67,,,,,,4.998791728
2528CA00019,Borehole,-25.55033,28.12471,8.68,,,,,,4.998791728
2528CA00019,Borehole,-25.55033,28.12471,8.69,,,,,,4.998791728
2528CA00019,Borehole,-25.55033,28.12471,8.75,,,,,,4.998791728
2528CA00019,Borehole,-25.55033,28.12471,8.76,,,,,,4.998791728
2528CA00019,Borehole,-25.55033,28.12471,8.78,,,,,,4.998791728
2528CA00019,Borehole,-25.55033,28.12471,8.79,,,,,,4.998791728
2528CA00019,Borehole,-25.55033,28.12471,8.8,,,,,,4.998791728
2528CA00019,Borehole,-25.55033,28.12471,8.81,,,,,,4.998791728
2528CA00019,Borehole,-25.55033,28.12471,8.82,,,,,,4.998791728
2528CA00019,Borehole,-25.55033,28.12471,8.83,,,,,,4.998791728
2528CA00019,Borehole,-25.55033,28.12471,8.84,,,,,,4.998791728
2528CA00019,Borehole,-25.55033,28.12471,8.86,,,,,,4.998791728
2528CA00019,Borehole,-25.55033,28.12471,8.87,,,,,,4.998791728
2528CA00019,Borehole,-25.55033,28.12471,8.88,,,,,,4.998791728
2528CA00019,Borehole,-25.55033,28.12471,8.89,,,,,,4.998791728
2528CA00019,Borehole,-25.55033,28.12471,8.9,,,,,,4.998791728
2528CA00019,Borehole,-25.55033,28.12471,8.91,,,,,,4.998791728
2528CA00019,Borehole,-25.55033,28.12471,8.92,,,,,,4.998791728
2528CA00019,Borehole,-25.55033,28.12471,8.93,,,,,,4.998791728
2528CA00019,Borehole,-25.55033,28.12471,8.94,,,,,,4.998791728
2528CA00019,Borehole,-25.55033,28.12471,8.95,,,,,,4.998791728
2528CA00019,Borehole,-25.55033,28.12471,9,,,,,,4.998791728
2528CA00019,Borehole,-25.55033,28.12471,9.01,,,,,,4.998791728
2528CA00019,Borehole,-25.55033,28.12471,9.06,,,,,,4.998791728
2528CA00019,Borehole,-25.55033,28.12471,9.08,,,,,,4.998791728
2528CA00019,Borehole,-25.55033,28.12471,9.1,,,,,,4.998791728
2528CA00019,Borehole,-25.55033,28.12471,9.11,,,,,,4.998791728
2528CA00087,Borehole,-25.54811,28.08665,,,,,,,4.077862329
2528CA00085,Borehole,-25.54033,28.20999,,,,,,,12.72017755
2528CA00543,Borehole,-25.53399,28.21165,3.05,0,3.66,SOIL,Unconsolidated,,12.75552448
2528CA00543,Borehole,-25.53399,28.21165,3.05,3.66,40.54,Granite,Consolidated,,12.75552448
2528CA00075,Borehole,-25.53398,28.21165,,0,3.05,SOIL,Unconsolidated,,12.7553263
2528CA00075,Borehole,-25.53398,28.21165,,3.05,9.14,Granite,Consolidated,,12.7553263
2528CA00075,Borehole,-25.53398,28.21165,,9.14,46.94,Granite,Consolidated,,12.7553263
2528CA00074,Borehole,-25.53397,28.21165,3.96,0,4.57,SOIL,Unconsolidated,,12.75512821
2528CA00074,Borehole,-25.53397,28.21165,3.96,4.57,51.82,Granite,Consolidated,,12.75512821
2528CA00073,Borehole,-25.53396,28.21165,15.24,0,6.1,SOIL,Unconsolidated,,12.75493022
2528CA00073,Borehole,-25.53396,28.21165,15.24,6.1,9.75,Granite,Consolidated,,12.75493022
2528CA00073,Borehole,-25.53396,28.21165,15.24,9.75,41.45,Granite,Consolidated,,12.75493022
2528CA00072,Borehole,-25.53395,28.21165,12.19,0,0.61,SOIL,Unconsolidated,,12.75473232
2528CA00072,Borehole,-25.53395,28.21165,12.19,0.61,12.19,Granite,Consolidated,,12.75473232
2528CA00072,Borehole,-25.53395,28.21165,12.19,12.19,92.66,Granite,Consolidated,,12.75473232
2528CA00071,Borehole,-25.53394,28.21165,13.26,0,0.61,SOIL,Unconsolidated,,12.75453452
2528CA00071,Borehole,-25.53394,28.21165,13.26,0.61,21.03,Granite,Consolidated,,12.75453452
2528CA00071,Borehole,-25.53394,28.21165,13.26,21.03,49.68,Diabase,Consolidated,,12.75453452
2528CA00479,Borehole,-25.53393,28.21638,13.25,0,0.6,SOIL,Unconsolidated,,13.27284266
2528CA00479,Borehole,-25.53393,28.21638,13.25,0.6,21.03,Granite,Consolidated,,13.27284266
2528CA00479,Borehole,-25.53393,28.21638,13.25,21.03,28.65,Diabase,Consolidated,,13.27284266
2528CA00481,Borehole,-25.53391,28.21638,6.09,0,4.57,SOIL,Unconsolidated,,13.27246296
2528CA00481,Borehole,-25.53391,28.21638,6.09,4.57,47.24,Granite,Consolidated,,13.27246296
2527DB00418,Borehole,-25.50701,27.97554,18.28,0,4.57,Granite,Consolidated,,13.75159945
2527DB00418,Borehole,-25.50701,27.97554,18.28,4.57,48.76,Granite,Consolidated,,13.75159945
2528CA00347,Borehole,-25.5009,28.16071,,0,60.96,Clay,Unconsolidated,,7.024443334
2528CA00343,Borehole,-25.5009,28.16076,0.6,0,0.6,SOIL,Unconsolidated,,7.029895781
2528CA00343,Borehole,-25.5009,28.16076,0.6,0.6,1.82,Clay,Unconsolidated,,7.029895781
2528CA00343,Borehole,-25.5009,28.16076,0.6,1.82,44.19,Diabase,Consolidated,,7.029895781
2528CA00343,Borehole,-25.5009,28.16076,0.6,44.19,63.7,Felsite,Consolidated,,7.029895781
2528CA00330,Borehole,-25.5009,28.16089,,0,22.86,Grit,Unconsolidated,,7.044072973
2528CA00330,Borehole,-25.5009,28.16089,,22.86,34.13,Granite,Consolidated,,7.044072973
2528CA00346,Borehole,-25.50089,28.16072,8.22,0,36.27,Quartzite,Consolidated,,7.025757659
2528CA00346,Borehole,-25.50089,28.16072,8.22,36.27,152.7,Granite,Consolidated,,7.025757659
2528CA00342,Borehole,-25.50089,28.16077,11.27,0,30.78,Granite,Consolidated,,7.031209967
2528CA00333,Borehole,-25.50089,28.16094,,0,1.52,SOIL,Unconsolidated,,7.049749145
2528CA00333,Borehole,-25.50089,28.16094,,1.52,21.33,Granite,Consolidated,,7.049749145
2528CA00345,Borehole,-25.50088,28.16073,24.38,0,17.06,Clay,Unconsolidated,,7.02707209
2528CA00345,Borehole,-25.50088,28.16073,24.38,17.06,31.69,Granite,Consolidated,,7.02707209
2528CA00341,Borehole,-25.50088,28.16078,6.7,,,,,,7.032524261
2528CA00329,Borehole,-25.50088,28.16088,,0,28.34,Granite,Consolidated,,7.043429136
2528CA00329,Borehole,-25.50088,28.16088,,28.34,48.15,Granite,Consolidated,,7.043429136
2528CA00340,Borehole,-25.50087,28.16079,5.18,0,0.91,SOIL,Unconsolidated,,7.033838661
2528CA00340,Borehole,-25.50087,28.16079,5.18,0.91,25.9,Granite,Consolidated,,7.033838661
2528CA00340,Borehole,-25.50087,28.16079,5.18,25.9,39.01,Granite,Consolidated,,7.033838661
2528CA00349,Borehole,-25.50086,28.16069,3.04,0,3.65,Clay,Unconsolidated,,7.023159236
2528CA00349,Borehole,-25.50086,28.16069,3.04,3.65,49.37,Chalk,Consolidated,,7.023159236
2528CA00349,Borehole,-25.50086,28.16069,3.04,49.37,71.62,Shale,Consolidated,,7.023159236
2528CA00338,Borehole,-25.50086,28.16081,3.65,0,3.04,SOIL,Unconsolidated,,7.036243568
2528CA00338,Borehole,-25.50086,28.16081,3.65,3.04,27.73,Felsite,Consolidated,,7.036243568
2528CA00338,Borehole,-25.50086,28.16081,3.65,27.73,29.87,Felsite,Consolidated,,7.036243568
2528CA00338,Borehole,-25.50086,28.16081,3.65,29.87,31.69,Mud,Unconsolidated,,7.036243568
2528CA00338,Borehole,-25.50086,28.16081,3.65,31.69,45.41,Felsite,Consolidated,,7.036243568
2528CA00338,Borehole,-25.50086,28.16081,3.65,45.41,45.72,Mud,Unconsolidated,,7.036243568
2528CA00338,Borehole,-25.50086,28.16081,3.65,45.72,62.48,Felsite,Consolidated,,7.036243568
2528CA00338,Borehole,-25.50086,28.16081,3.65,62.48,69.79,Mud,Unconsolidated,,7.036243568
2528CA00338,Borehole,-25.50086,28.16081,3.65,69.79,77.41,Felsite,Consolidated,,7.036243568
2528CA00338,Borehole,-25.50086,28.16081,3.65,77.41,89,Mud,Unconsolidated,,7.036243568
2528CA00325,Borehole,-25.50085,28.16083,,0,30.48,Granite,Consolidated,,7.038648533
2528CA00324,Borehole,-25.50084,28.16082,,0,33.52,Granite,Consolidated,,7.037782501
2528CA00334,Borehole,-25.50084,28.16095,,0,22.86,Granite,Consolidated,,7.051957544
2528CA00337,Borehole,-25.50084,28.16098,9.14,0,19.2,Felsite,Consolidated,,7.055228879
2528CA00337,Borehole,-25.50084,28.16098,9.14,19.2,30.48,Felsite,Consolidated,,7.055228879
2528CA00337,Borehole,-25.50084,28.16098,9.14,30.48,51.81,Felsite,Consolidated,Hard,7.055228879
2528CA00335,Borehole,-25.50083,28.16096,,0,91.44,Granite,Consolidated,,7.053272012
2528CA00332,Borehole,-25.50082,28.16091,12.19,0,6.09,SOIL,Unconsolidated,,7.04804444
2528CA00332,Borehole,-25.50082,28.16091,12.19,6.09,9.14,Granite,Consolidated,,7.04804444
2528CA00332,Borehole,-25.50082,28.16091,12.19,9.14,39.62,Granite,Consolidated,,7.04804444
2528CA00323,Borehole,-25.50082,28.16092,12.19,0,6.09,SOIL,Unconsolidated,,7.04913478
2528CA00323,Borehole,-25.50082,28.16092,12.19,6.09,12.19,Granite,Consolidated,,7.04913478
2528CA00323,Borehole,-25.50082,28.16092,12.19,12.19,32,Granite,Consolidated,,7.04913478
2528CA00323,Borehole,-25.50082,28.16092,12.19,32,33.52,Quartzite,Consolidated,,7.04913478
2528CA00323,Borehole,-25.50082,28.16092,12.19,33.52,38.4,Granite,Consolidated,,7.04913478
2528CA00336,Borehole,-25.50082,28.16097,2.13,0,3.04,Gravel,Unconsolidated,,7.054586587
2528CA00336,Borehole,-25.50082,28.16097,2.13,3.04,36.57,Granite,Consolidated,,7.054586587
2528CA00322,Borehole,-25.50081,28.16093,,0,6.09,SOIL,Unconsolidated,,7.050449599
2528CA00322,Borehole,-25.50081,28.16093,,6.09,13.1,Granite,Consolidated,,7.050449599
2528CA00322,Borehole,-25.50081,28.16093,,13.1,34.44,Granite,Consolidated,,7.050449599
2528CA00322,Borehole,-25.50081,28.16093,,34.44,42.97,Quartzite,Consolidated,,7.050449599
2528CA00322,Borehole,-25.50081,28.16093,,42.97,60.96,Granite,Consolidated,,7.050449599
2528AC00281,Borehole,-25.49228,28.0711,8,0,2,SOIL,Unconsolidated,,3.898773576
2528AC00281,Borehole,-25.49228,28.0711,8,2,5,Conglomerate,Unconsolidated,,3.898773576
2528AC00281,Borehole,-25.49228,28.0711,8,5,10,Granite,Consolidated,,3.898773576
2528AC00281,Borehole,-25.49228,28.0711,8,10,12,Granite,Consolidated,Hard,3.898773576
2528AC00281,Borehole,-25.49228,28.0711,8,12,60,Granite,Consolidated,,3.898773576
2528AC00282,Borehole,-25.49228,28.17109,,0,2,SOIL,Unconsolidated,,8.379205761
2528AC00282,Borehole,-25.49228,28.17109,,2,5,Sand,Unconsolidated,,8.379205761
2528AC00282,Borehole,-25.49228,28.17109,,5,10,Granite,Consolidated,,8.379205761
2528AC00282,Borehole,-25.49228,28.17109,,10,12,Granite,Consolidated,Hard,8.379205761
2528AC00282,Borehole,-25.49228,28.17109,,12,120,Granite,Consolidated,,8.379205761
2528AC00148,Borehole,-25.48484,28.17054,18.29,0,23.47,Granite,Consolidated,,8.59333582
2528AC00148,Borehole,-25.48484,28.17054,18.29,23.47,35.66,Dolerite,Consolidated,,8.59333582
2528AC00148,Borehole,-25.48484,28.17054,18.29,35.66,37.19,Dolerite,Consolidated,,8.59333582
2528AC00146,Borehole,-25.48482,28.17054,14.02,0,9.45,Granite,Consolidated,,8.59416514
2528AC00146,Borehole,-25.48482,28.17054,14.02,9.45,38.71,Granite,Consolidated,,8.59416514
2528AC00145,Borehole,-25.48481,28.17054,9.14,0,0.91,SOIL,Unconsolidated,,8.594579986
2528AC00145,Borehole,-25.48481,28.17054,9.14,0.91,77.11,Granite,Consolidated,,8.594579986
2528AC00144,Borehole,-25.4848,28.17054,,0,15.24,Granite,Consolidated,,8.594994957
2528AC00144,Borehole,-25.4848,28.17054,,15.24,24.38,Dolerite,Consolidated,,8.594994957
2528AC00144,Borehole,-25.4848,28.17054,,24.38,33.22,Dolerite,Consolidated,,8.594994957
2528AC00142,Borehole,-25.48478,28.17054,,0,13.72,Granite,Consolidated,,8.59582527
2528AC00142,Borehole,-25.48478,28.17054,,13.72,43.28,Granite,Consolidated,,8.59582527
2528AC00279,Borehole,-25.48453,28.15391,14.47,0,5,SOIL,Unconsolidated,,6.925751506
2528AC00279,Borehole,-25.48453,28.15391,14.47,5,45,Siltstone,Consolidated,,6.925751506
2528AC00279,Borehole,-25.48453,28.15391,14.47,45,72,Granite,Consolidated,,6.925751506
2528AC00279,Borehole,-25.48453,28.15391,29.02,0,5,SOIL,Unconsolidated,,6.925751506
2528AC00279,Borehole,-25.48453,28.15391,29.02,5,45,Siltstone,Consolidated,,6.925751506
2528AC00279,Borehole,-25.48453,28.15391,29.02,45,72,Granite,Consolidated,,6.925751506
2528AC00279,Borehole,-25.48453,28.15391,61.91,0,5,SOIL,Unconsolidated,,6.925751506
2528AC00279,Borehole,-25.48453,28.15391,61.91,5,45,Siltstone,Consolidated,,6.925751506
2528AC00279,Borehole,-25.48453,28.15391,61.91,45,72,Granite,Consolidated,,6.925751506
2528AC00143,Borehole,-25.48079,28.17054,26.21,0,1.52,SOIL,Unconsolidated,,8.771208656
2528AC00143,Borehole,-25.48079,28.17054,26.21,1.52,4.57,Granite,Consolidated,,8.771208656
2528AC00143,Borehole,-25.48079,28.17054,26.21,4.57,16.15,Diabase,Consolidated,,8.771208656
2528AC00143,Borehole,-25.48079,28.17054,26.21,16.15,24.38,Diabase,Consolidated,,8.771208656
2528AC00143,Borehole,-25.48079,28.17054,26.21,24.38,49.07,Granite,Consolidated,,8.771208656
2528AC00139,Borehole,-25.47422,28.11082,13.41,0,1.83,SOIL,Unconsolidated,,4.578812157
2528AC00139,Borehole,-25.47422,28.11082,13.41,1.83,44.81,Granite,Consolidated,,4.578812157
2528AC00139,Borehole,-25.47422,28.11082,13.41,44.81,46.94,Granite,Consolidated,,4.578812157
2528AC00139,Borehole,-25.47422,28.11082,13.41,46.94,55.17,Granite,Consolidated,,4.578812157
2528AC00139,Borehole,-25.47422,28.11082,13.41,55.17,56.69,Diabase,Consolidated,,4.578812157
2528AC00139,Borehole,-25.47422,28.11082,13.41,56.69,91.74,Granite,Consolidated,,4.578812157
2528AC00140,Borehole,-25.47422,28.11083,9.14,0,1.22,Sand,Unconsolidated,,4.579134967
2528AC00140,Borehole,-25.47422,28.11083,9.14,1.22,6.1,Grit,Unconsolidated,,4.579134967
2528AC00140,Borehole,-25.47422,28.11083,9.14,6.1,80.47,Granite,Consolidated,,4.579134967
2528AC00141,Borehole,-25.47422,28.11084,24.38,0,0.61,SOIL,Unconsolidated,,4.579458024
2528AC00141,Borehole,-25.47422,28.11084,24.38,0.61,70.1,Granite,Consolidated,,4.579458024
2528AC00141,Borehole,-25.47422,28.11084,24.38,70.1,71.63,Diabase,Consolidated,,4.579458024
2528AC00283,Borehole,-25.46811,28.09193,2,,,,,,5.121452802
2528AC00283,Borehole,-25.46811,28.09193,24,,,,,,5.121452802
2528AC00121,Borehole,-25.46565,28.01086,16.15,0,49.37,Granite,Consolidated,,11.15889219
2528AC00121,Borehole,-25.46565,28.01086,16.15,49.37,83.82,Granite,Consolidated,,11.15889219
2528AC00119,Borehole,-25.46563,28.01084,,0,33.22,Granite,Consolidated,,11.16191223
2528AC00119,Borehole,-25.46563,28.01084,,33.22,47.85,Granite,Consolidated,,11.16191223
2528AC00118,Borehole,-25.46562,28.01083,17.67,0,29.26,Granite,Consolidated,,11.16342228
2528AC00118,Borehole,-25.46562,28.01083,17.67,29.26,103.63,Granite,Consolidated,,11.16342228
2528AC00117,Borehole,-25.46561,28.01082,18.9,0,0.6,SOIL,Unconsolidated,,11.16493234
2528AC00117,Borehole,-25.46561,28.01082,18.9,0.6,6.4,Sandstone,Consolidated,,11.16493234
2528AC00117,Borehole,-25.46561,28.01082,18.9,6.4,28.34,Granite,Consolidated,,11.16493234
2528AC00117,Borehole,-25.46561,28.01082,18.9,28.34,51.81,Granite,Consolidated,,11.16493234
2527BD00025,Borehole,-25.46283,27.99691,,0,2,SOIL,Unconsolidated,,12.68145387
2527BD00025,Borehole,-25.46283,27.99691,,2,7,Granite,Consolidated,,12.68145387
2527BD00025,Borehole,-25.46283,27.99691,,7,15,Granite,Consolidated,,12.68145387
2527BD00025,Borehole,-25.46283,27.99691,,15,21,Dolerite,Consolidated,,12.68145387
2527BD00025,Borehole,-25.46283,27.99691,,21,31,Dolerite,Consolidated,,12.68145387
2527BD00025,Borehole,-25.46283,27.99691,,31,34,Granite,Consolidated,,12.68145387
2527BD00025,Borehole,-25.46283,27.99691,,34,37,Granite,Consolidated,,12.68145387
2527BD00025,Borehole,-25.46283,27.99691,,37,40,Granite,Consolidated,,12.68145387
2528AC00123,Borehole,-25.46067,28.01088,16.45,0,2.13,SOIL,Unconsolidated,,11.4324585
2528AC00123,Borehole,-25.46067,28.01088,16.45,2.13,13.1,Granite,Consolidated,,11.4324585
2528AC00123,Borehole,-25.46067,28.01088,16.45,13.1,59.13,Granite,Consolidated,,11.4324585
2528AC00122,Borehole,-25.46066,28.01087,15.24,0,22.86,Granite,Consolidated,,11.43398614
2528AC00122,Borehole,-25.46066,28.01087,15.24,22.86,28.95,Granite,Consolidated,,11.43398614
2528AC00120,Borehole,-25.46064,28.01085,,0,3.04,SOIL,Unconsolidated,,11.43704146
2528AC00120,Borehole,-25.46064,28.01085,,3.04,67.36,Granite,Consolidated,,11.43704146
2527BD00024,Borehole,-25.46005,27.98997,,0,2,SOIL,Unconsolidated,,13.51114583
2527BD00024,Borehole,-25.46005,27.98997,,2,18,Granite,Consolidated,,13.51114583
2527BD00024,Borehole,-25.46005,27.98997,,18,29,Granite,Consolidated,,13.51114583
2527BD00024,Borehole,-25.46005,27.98997,,29,31,Granite,Consolidated,,13.51114583
2527BD00024,Borehole,-25.46005,27.98997,,31,48,Granite,Consolidated,,13.51114583
2527BD00024,Borehole,-25.46005,27.98997,,48,61,Granite,Consolidated,,13.51114583
2527BD00035,Borehole,-25.45644,27.99552,,0,2,SOIL,Unconsolidated,,13.14918204
2527BD00035,Borehole,-25.45644,27.99552,,2,7,Granite,Consolidated,,13.14918204
2527BD00035,Borehole,-25.45644,27.99552,,7,11,Dolerite,Consolidated,,13.14918204
2527BD00035,Borehole,-25.45644,27.99552,,11,12,Dolerite,Consolidated,,13.14918204
2527BD00035,Borehole,-25.45644,27.99552,,12,15,Granite,Consolidated,,13.14918204
2527BD00035,Borehole,-25.45644,27.99552,,15,121,Granite,Consolidated,,13.14918204
2527BD00089,Borehole,-25.45089,27.99089,4.01,0,4,SOIL,Unconsolidated,,13.9022148
2527BD00089,Borehole,-25.45089,27.99089,4.01,4,6,Alluvium,Unconsolidated,,13.9022148
2527BD00089,Borehole,-25.45089,27.99089,4.01,6,14,Granite,Consolidated,,13.9022148
2527BD00089,Borehole,-25.45089,27.99089,4.01,14,23,Granite,Consolidated,,13.9022148
2527BD00089,Borehole,-25.45089,27.99089,4.01,23,31,Granite,Consolidated,,13.9022148
2527BD00089,Borehole,-25.45089,27.99089,4.01,31,51,Granite,Consolidated,,13.9022148
2528AC00284,Borehole,-25.45088,28.10082,6,0,2,SOIL,Unconsolidated,,6.983713557
2528AC00284,Borehole,-25.45088,28.10082,6,2,44,Granite,Consolidated,,6.983713557
2528AC00284,Borehole,-25.45088,28.10082,6,44,78,Granite,Consolidated,Hard,6.983713557
2528AC00284,Borehole,-25.45088,28.10082,38,0,2,SOIL,Unconsolidated,,6.983713557
2528AC00284,Borehole,-25.45088,28.10082,38,2,44,Granite,Consolidated,,6.983713557
2528AC00284,Borehole,-25.45088,28.10082,38,44,78,Granite,Consolidated,Hard,6.983713557
2528AC00154,Borehole,-25.44902,28.06618,,0,4,SOIL,Unconsolidated,,8.057576944
2528AC00154,Borehole,-25.44902,28.06618,,4,21,Granite,Consolidated,,8.057576944
2528AC00154,Borehole,-25.44902,28.06618,,21,44,Granite,Consolidated,,8.057576944
2528AC00154,Borehole,-25.44902,28.06618,,44,85,Granite,Consolidated,,8.057576944
2527BD00088,Borehole,-25.44483,27.98687,5.48,0,1,SOIL,Unconsolidated,,14.63230845
2527BD00088,Borehole,-25.44483,27.98687,5.48,1,15,Granite,Consolidated,,14.63230845
2527BD00088,Borehole,-25.44483,27.98687,5.48,15,39,Granite,Consolidated,,14.63230845
2527BD00088,Borehole,-25.44483,27.98687,5.48,39,53,Granite,Consolidated,,14.63230845
2527BD00088,Borehole,-25.44483,27.98687,5.48,53,71,Granite,Consolidated,,14.63230845
2527BD00095,Borehole,-25.44075,27.98932,,0,1,Calcrete,Consolidated,,14.64702257
2527BD00095,Borehole,-25.44075,27.98932,,1,14,Granite,Consolidated,,14.64702257
2527BD00095,Borehole,-25.44075,27.98932,,14,26,Granite,Consolidated,,14.64702257
2527BD00095,Borehole,-25.44075,27.98932,,26,52,Granite,Consolidated,,14.64702257
2527BD00095,Borehole,-25.44075,27.98932,,52,70,Granite,Consolidated,,14.64702257
2528AC00170,Borehole,-25.43895,28.04464,5.61,0,3,SOIL,Unconsolidated,,10.27185932
2528AC00170,Borehole,-25.43895,28.04464,5.61,3,12,Granite,Consolidated,,10.27185932
2528AC00170,Borehole,-25.43895,28.04464,5.61,12,27,Granite,Consolidated,,10.27185932
2528AC00170,Borehole,-25.43895,28.04464,5.61,27,57,Granite,Consolidated,,10.27185932
2528AC00170,Borehole,-25.43895,28.04464,5.61,57,79,Granite,Consolidated,,10.27185932
2528AC00006,Borehole,-25.43812,28.16638,15,0,12,SOIL,Unconsolidated,,11.26978106
2528AC00006,Borehole,-25.43812,28.16638,15,12,114,Granite,Consolidated,Hard,11.26978106
2528AC00004,Borehole,-25.43811,28.16638,30,0,5,SOIL,Unconsolidated,,11.2706109
2528AC00004,Borehole,-25.43811,28.16638,30,5,120,Granite,Consolidated,Hard,11.2706109
2528AC00005,Borehole,-25.43811,28.16639,10,0,4,SOIL,Unconsolidated,,11.27135292
2528AC00005,Borehole,-25.43811,28.16639,10,4,108,Granite,Consolidated,Hard,11.27135292
2528AC00171,Borehole,-25.4372,28.01856,10.9,0,1,SOIL,Unconsolidated,,12.34039042
2528AC00171,Borehole,-25.4372,28.01856,10.9,1,36,Granite,Consolidated,,12.34039042
2528AC00171,Borehole,-25.4372,28.01856,10.9,36,56,Granite,Consolidated,,12.34039042
2528AC00171,Borehole,-25.4372,28.01856,10.9,56,71,Granite,Consolidated,,12.34039042
2528AC00288,Borehole,-25.43539,28.07535,,,,,,,9.090881961
2528AC00285,Borehole,-25.43505,28.10054,2,0,3,SOIL,Unconsolidated,,8.744540463
2528AC00285,Borehole,-25.43505,28.10054,2,3,10,Granite,Consolidated,,8.744540463
2528AC00285,Borehole,-25.43505,28.10054,2,10,72,Granite,Consolidated,,8.744540463
2528AC00168,Borehole,-25.43493,28.05088,,0,3,SOIL,Unconsolidated,,10.25860678
2528AC00168,Borehole,-25.43493,28.05088,,3,18,Granite,Consolidated,,10.25860678
2528AC00168,Borehole,-25.43493,28.05088,,18,37,Granite,Consolidated,,10.25860678
2528AC00168,Borehole,-25.43493,28.05088,,37,84,Granite,Consolidated,,10.25860678
2528AC00292,Borehole,-25.43394,28.0236,,0,5,Quartzite,Consolidated,,12.20116131
2528AC00292,Borehole,-25.43394,28.0236,,5,25,Quartzite,Consolidated,,12.20116131
2528AC00292,Borehole,-25.43394,28.0236,,25,32,Dolerite,Consolidated,,12.20116131
2528AC00292,Borehole,-25.43394,28.0236,,32,61,Granite,Consolidated,,12.20116131
2528AC00292,Borehole,-25.43394,28.0236,,61,64,Granite,Consolidated,,12.20116131
2528AC00292,Borehole,-25.43394,28.0236,,64,81,Granite,Consolidated,,12.20116131
2528AC00292,Borehole,-25.43394,28.0236,,81,120,Granite,Consolidated,Hard,12.20116131
2527BD00087,Borehole,-25.43304,27.99522,3.3,0,3,SOIL,Unconsolidated,,14.61499691
2527BD00087,Borehole,-25.43304,27.99522,3.3,3,13,Granite,Consolidated,,14.61499691
2527BD00087,Borehole,-25.43304,27.99522,3.3,13,26,Granite,Consolidated,,14.61499691
2527BD00087,Borehole,-25.43304,27.99522,3.3,26,30,Granite,Consolidated,,14.61499691
2527BD00087,Borehole,-25.43304,27.99522,3.3,30,51,Granite,Consolidated,,14.61499691
2528AC00157,Borehole,-25.43299,28.06556,16.91,0,2,SOIL,Unconsolidated,,9.709166
2528AC00157,Borehole,-25.43299,28.06556,16.91,2,17,Granite,Consolidated,,9.709166
2528AC00157,Borehole,-25.43299,28.06556,16.91,17,40,Granite,Consolidated,,9.709166
2528AC00157,Borehole,-25.43299,28.06556,16.91,40,61,Granite,Consolidated,,9.709166
2528AC00172,Borehole,-25.43122,28.07129,18.9,0,1,SOIL,Unconsolidated,,9.670309136
2528AC00172,Borehole,-25.43122,28.07129,18.9,1,18,Granite,Consolidated,,9.670309136
2528AC00172,Borehole,-25.43122,28.07129,18.9,18,40,Granite,Consolidated,,9.670309136
2528AC00172,Borehole,-25.43122,28.07129,18.9,40,61,Granite,Consolidated,,9.670309136
2528AC00166,Borehole,-25.43053,28.03452,,0,2,SOIL,Unconsolidated,,11.69797747
2528AC00166,Borehole,-25.43053,28.03452,,2,15,Granite,Consolidated,,11.69797747
2528AC00166,Borehole,-25.43053,28.03452,,15,36,Granite,Consolidated,,11.69797747
2528AC00166,Borehole,-25.43053,28.03452,,36,45,Granite,Consolidated,,11.69797747
2528AC00166,Borehole,-25.43053,28.03452,,45,81,Granite,Consolidated,,11.69797747
2528AC00291,Borehole,-25.4295,28.02193,,,,,,,12.68968632
2528AC00124,Borehole,-25.42706,28.08172,3.04,0,6.7,Sand,Unconsolidated,,9.820038137
2528AC00124,Borehole,-25.42706,28.08172,3.04,6.7,9.75,Granite,Consolidated,,9.820038137
2528AC00124,Borehole,-25.42706,28.08172,3.04,9.75,51.51,Granite,Consolidated,,9.820038137
2528AC00162,Borehole,-25.42705,28.01989,5.8,0,1,SOIL,Unconsolidated,,13.04420825
2528AC00162,Borehole,-25.42705,28.01989,5.8,1,9,Clay,Unconsolidated,,13.04420825
2528AC00162,Borehole,-25.42705,28.01989,5.8,9,16,Granite,Consolidated,,13.04420825
2528AC00162,Borehole,-25.42705,28.01989,5.8,16,31,Granite,Consolidated,,13.04420825
2528AC00162,Borehole,-25.42705,28.01989,5.8,31,38,Granite,Consolidated,,13.04420825
2528AC00162,Borehole,-25.42705,28.01989,5.8,38,61,Granite,Consolidated,,13.04420825
2528AC00085,Borehole,-25.42703,28.08169,,0,6,SOIL,Unconsolidated,,9.823964447
2528AC00085,Borehole,-25.42703,28.08169,,6,91.44,Granite,Consolidated,,9.823964447
2528AC00084,Borehole,-25.42702,28.08168,18.28,0,3.04,SOIL,Unconsolidated,,9.825273373
2528AC00084,Borehole,-25.42702,28.08168,18.28,3.04,24.38,Granite,Consolidated,,9.825273373
2528AC00084,Borehole,-25.42702,28.08168,18.28,24.38,71.62,Granite,Consolidated,,9.825273373
2528AC00083,Borehole,-25.42701,28.08167,39.62,0,27.43,Granite,Consolidated,,9.826582376
2528AC00083,Borehole,-25.42701,28.08167,39.62,27.43,49.37,Granite,Consolidated,,9.826582376
2528AC00082,Borehole,-25.427,28.08166,24.38,0,7.62,SOIL,Unconsolidated,,9.827891458
2528AC00082,Borehole,-25.427,28.08166,24.38,7.62,12.19,Granite,Consolidated,,9.827891458
2528AC00082,Borehole,-25.427,28.08166,24.38,12.19,41.14,Granite,Consolidated,,9.827891458
2528AC00082,Borehole,-25.427,28.08166,24.38,41.14,67.97,Granite,Consolidated,,9.827891458
2528AC00082,Borehole,-25.427,28.08166,24.38,67.97,71.01,Granite,Consolidated,,9.827891458
2528AC00082,Borehole,-25.427,28.08166,24.38,71.01,76.5,Granite,Consolidated,,9.827891458
2528AC00167,Borehole,-25.42585,28.04375,,0,2,SOIL,Unconsolidated,,11.53588772
2528AC00167,Borehole,-25.42585,28.04375,,2,15,Granite,Consolidated,,11.53588772
2528AC00167,Borehole,-25.42585,28.04375,,15,33,Granite,Consolidated,,11.53588772
2528AC00167,Borehole,-25.42585,28.04375,,33,47,Granite,Consolidated,,11.53588772
2528AC00167,Borehole,-25.42585,28.04375,,47,81,Granite,Consolidated,,11.53588772
2528AC00289,Borehole,-25.42333,28.07929,,,,,,,10.28164199
2528AC00212,Borehole,-25.42298,28.12676,,0,10,SOIL,Unconsolidated,,10.55240441
2528AC00212,Borehole,-25.42298,28.12676,,10,21,Granite,Consolidated,,10.55240441
2528AC00212,Borehole,-25.42298,28.12676,,21,42,Granite,Consolidated,,10.55240441
2528AC00212,Borehole,-25.42298,28.12676,,42,103,Granite,Consolidated,,10.55240441
2528AC00158,Borehole,-25.42295,28.0636,,0,3,SOIL,Unconsolidated,,10.82770145
2528AC00158,Borehole,-25.42295,28.0636,,3,15,Granite,Consolidated,,10.82770145
2528AC00158,Borehole,-25.42295,28.0636,,15,32,Granite,Consolidated,,10.82770145
2528AC00158,Borehole,-25.42295,28.0636,,32,101,Granite,Consolidated,,10.82770145
2528AC00164,Borehole,-25.42043,28.00826,10.5,0,1,SOIL,Unconsolidated,,14.46864805
2528AC00164,Borehole,-25.42043,28.00826,10.5,1,4,Granite,Consolidated,,14.46864805
2528AC00164,Borehole,-25.42043,28.00826,10.5,4,12,Granite,Consolidated,,14.46864805
2528AC00164,Borehole,-25.42043,28.00826,10.5,12,31,Granite,Consolidated,,14.46864805
2528AC00164,Borehole,-25.42043,28.00826,10.5,31,39,Granite,Consolidated,,14.46864805
2528AC00164,Borehole,-25.42043,28.00826,10.5,39,61,Granite,Consolidated,,14.46864805
2528AC00209,Borehole,-25.41834,28.14195,15.3,0,6,Sand,Unconsolidated,,11.63566213
2528AC00209,Borehole,-25.41834,28.14195,15.3,6,26,Mudstone,Consolidated,,11.63566213
2528AC00209,Borehole,-25.41834,28.14195,15.3,26,42,Granite,Consolidated,,11.63566213
2528AC00209,Borehole,-25.41834,28.14195,15.3,42,66,Granite,Consolidated,,11.63566213
2528AC00209,Borehole,-25.41834,28.14195,15.68,0,6,Sand,Unconsolidated,,11.63566213
2528AC00209,Borehole,-25.41834,28.14195,15.68,6,26,Mudstone,Consolidated,,11.63566213
2528AC00209,Borehole,-25.41834,28.14195,15.68,26,42,Granite,Consolidated,,11.63566213
2528AC00209,Borehole,-25.41834,28.14195,15.68,42,66,Granite,Consolidated,,11.63566213
2528AC00209,Borehole,-25.41834,28.14195,16.33,0,6,Sand,Unconsolidated,,11.63566213
2528AC00209,Borehole,-25.41834,28.14195,16.33,6,26,Mudstone,Consolidated,,11.63566213
2528AC00209,Borehole,-25.41834,28.14195,16.33,26,42,Granite,Consolidated,,11.63566213
2528AC00209,Borehole,-25.41834,28.14195,16.33,42,66,Granite,Consolidated,,11.63566213
2528AC00209,Borehole,-25.41834,28.14195,17.95,0,6,Sand,Unconsolidated,,11.63566213
2528AC00209,Borehole,-25.41834,28.14195,17.95,6,26,Mudstone,Consolidated,,11.63566213
2528AC00209,Borehole,-25.41834,28.14195,17.95,26,42,Granite,Consolidated,,11.63566213
2528AC00209,Borehole,-25.41834,28.14195,17.95,42,66,Granite,Consolidated,,11.63566213
2528AC00209,Borehole,-25.41834,28.14195,21.88,0,6,Sand,Unconsolidated,,11.63566213
2528AC00209,Borehole,-25.41834,28.14195,21.88,6,26,Mudstone,Consolidated,,11.63566213
2528AC00209,Borehole,-25.41834,28.14195,21.88,26,42,Granite,Consolidated,,11.63566213
2528AC00209,Borehole,-25.41834,28.14195,21.88,42,66,Granite,Consolidated,,11.63566213
2528AC00209,Borehole,-25.41834,28.14195,29.57,0,6,Sand,Unconsolidated,,11.63566213
2528AC00209,Borehole,-25.41834,28.14195,29.57,6,26,Mudstone,Consolidated,,11.63566213
2528AC00209,Borehole,-25.41834,28.14195,29.57,26,42,Granite,Consolidated,,11.63566213
2528AC00209,Borehole,-25.41834,28.14195,29.57,42,66,Granite,Consolidated,,11.63566213
2528AC00216,Borehole,-25.41699,28.14321,19.7,0,4,SOIL,Unconsolidated,,11.83056105
2528AC00216,Borehole,-25.41699,28.14321,19.7,4,7,SOIL,Unconsolidated,,11.83056105
2528AC00216,Borehole,-25.41699,28.14321,19.7,7,16,Mudstone,Consolidated,,11.83056105
2528AC00216,Borehole,-25.41699,28.14321,19.7,16,25,Mudstone,Consolidated,,11.83056105
2528AC00216,Borehole,-25.41699,28.14321,19.7,25,32,Shale,Consolidated,,11.83056105
2528AC00216,Borehole,-25.41699,28.14321,19.7,32,73,Granite,Consolidated,,11.83056105
2528AC00216,Borehole,-25.41699,28.14321,21.9,0,4,SOIL,Unconsolidated,,11.83056105
2528AC00216,Borehole,-25.41699,28.14321,21.9,4,7,SOIL,Unconsolidated,,11.83056105
2528AC00216,Borehole,-25.41699,28.14321,21.9,7,16,Mudstone,Consolidated,,11.83056105
2528AC00216,Borehole,-25.41699,28.14321,21.9,16,25,Mudstone,Consolidated,,11.83056105
2528AC00216,Borehole,-25.41699,28.14321,21.9,25,32,Shale,Consolidated,,11.83056105
2528AC00216,Borehole,-25.41699,28.14321,21.9,32,73,Granite,Consolidated,,11.83056105
2528AC00216,Borehole,-25.41699,28.14321,25.26,0,4,SOIL,Unconsolidated,,11.83056105
2528AC00216,Borehole,-25.41699,28.14321,25.26,4,7,SOIL,Unconsolidated,,11.83056105
2528AC00216,Borehole,-25.41699,28.14321,25.26,7,16,Mudstone,Consolidated,,11.83056105
2528AC00216,Borehole,-25.41699,28.14321,25.26,16,25,Mudstone,Consolidated,,11.83056105
2528AC00216,Borehole,-25.41699,28.14321,25.26,25,32,Shale,Consolidated,,11.83056105
2528AC00216,Borehole,-25.41699,28.14321,25.26,32,73,Granite,Consolidated,,11.83056105
2528AC00216,Borehole,-25.41699,28.14321,37.64,0,4,SOIL,Unconsolidated,,11.83056105
2528AC00216,Borehole,-25.41699,28.14321,37.64,4,7,SOIL,Unconsolidated,,11.83056105
2528AC00216,Borehole,-25.41699,28.14321,37.64,7,16,Mudstone,Consolidated,,11.83056105
2528AC00216,Borehole,-25.41699,28.14321,37.64,16,25,Mudstone,Consolidated,,11.83056105
2528AC00216,Borehole,-25.41699,28.14321,37.64,25,32,Shale,Consolidated,,11.83056105
2528AC00216,Borehole,-25.41699,28.14321,37.64,32,73,Granite,Consolidated,,11.83056105
2528AC00159,Borehole,-25.41627,28.02718,,0,4,SOIL,Unconsolidated,,13.45717085
2528AC00159,Borehole,-25.41627,28.02718,,4,17,Granite,Consolidated,,13.45717085
2528AC00159,Borehole,-25.41627,28.02718,,17,33,Granite,Consolidated,,13.45717085
2528AC00159,Borehole,-25.41627,28.02718,,33,53,Granite,Consolidated,,13.45717085
2528AC00159,Borehole,-25.41627,28.02718,,53,81,Granite,Consolidated,,13.45717085
2528AC00188,Borehole,-25.41533,28.14277,16.7,0,86,Granite,Consolidated,,11.97871566
2528AC00211,Borehole,-25.41463,28.12633,26.91,0,4,SOIL,Unconsolidated,,11.43124663
2528AC00211,Borehole,-25.41463,28.12633,26.91,4,23,Granite,Consolidated,,11.43124663
2528AC00211,Borehole,-25.41463,28.12633,26.91,23,39,Granite,Consolidated,,11.43124663
2528AC00211,Borehole,-25.41463,28.12633,26.91,39,61,Granite,Consolidated,,11.43124663
2528AC00211,Borehole,-25.41463,28.12633,29.63,0,4,SOIL,Unconsolidated,,11.43124663
2528AC00211,Borehole,-25.41463,28.12633,29.63,4,23,Granite,Consolidated,,11.43124663
2528AC00211,Borehole,-25.41463,28.12633,29.63,23,39,Granite,Consolidated,,11.43124663
2528AC00211,Borehole,-25.41463,28.12633,29.63,39,61,Granite,Consolidated,,11.43124663
2528AC00211,Borehole,-25.41463,28.12633,30.75,0,4,SOIL,Unconsolidated,,11.43124663
2528AC00211,Borehole,-25.41463,28.12633,30.75,4,23,Granite,Consolidated,,11.43124663
2528AC00211,Borehole,-25.41463,28.12633,30.75,23,39,Granite,Consolidated,,11.43124663
2528AC00211,Borehole,-25.41463,28.12633,30.75,39,61,Granite,Consolidated,,11.43124663
2528AC00211,Borehole,-25.41463,28.12633,37.85,0,4,SOIL,Unconsolidated,,11.43124663
2528AC00211,Borehole,-25.41463,28.12633,37.85,4,23,Granite,Consolidated,,11.43124663
2528AC00211,Borehole,-25.41463,28.12633,37.85,23,39,Granite,Consolidated,,11.43124663
2528AC00211,Borehole,-25.41463,28.12633,37.85,39,61,Granite,Consolidated,,11.43124663
2528AC00068,Borehole,-25.4126,28.08594,30.48,0,1.82,SOIL,Unconsolidated,,11.33391559
2528AC00068,Borehole,-25.4126,28.08594,30.48,1.82,9.75,Gravel,Unconsolidated,,11.33391559
2528AC00068,Borehole,-25.4126,28.08594,30.48,9.75,106.68,Granite,Consolidated,,11.33391559
2528AC00067,Borehole,-25.41259,28.08593,24.38,0,76.2,Granite,Consolidated,,11.33516145
2528AC00067,Borehole,-25.41259,28.08593,24.38,76.2,121.92,Granite,Consolidated,,11.33516145
2528AC00066,Borehole,-25.41257,28.08591,,0,33.52,Granite,Consolidated,,11.33765341
2528AC00066,Borehole,-25.41257,28.08591,,33.52,35.35,Granite,Consolidated,,11.33765341
2528AC00065,Borehole,-25.41256,28.0859,41.15,0,4.87,Granite,Consolidated,,11.33889951
2528AC00065,Borehole,-25.41256,28.0859,41.15,4.87,76.2,Granite,Consolidated,,11.33889951
2528AC00063,Borehole,-25.41254,28.08588,39.62,0,6.09,SOIL,Unconsolidated,,11.34139196
2528AC00063,Borehole,-25.41254,28.08588,39.62,6.09,30,Granite,Consolidated,,11.34139196
2528AC00063,Borehole,-25.41254,28.08588,39.62,30,41.14,Granite,Consolidated,,11.34139196
2528AC00063,Borehole,-25.41254,28.08588,39.62,41.14,91.44,Granite,Consolidated,,11.34139196
2528AC00062,Borehole,-25.41253,28.08587,24.07,0,9.75,SOIL,Unconsolidated,,11.34263831
2528AC00062,Borehole,-25.41253,28.08587,24.07,9.75,53.34,Granite,Consolidated,,11.34263831
2528AC00062,Borehole,-25.41253,28.08587,24.07,53.34,91.44,Granite,Consolidated,,11.34263831
2528AC00061,Borehole,-25.41252,28.08586,,0,4.57,Granite,Consolidated,,11.34388474
2528AC00061,Borehole,-25.41252,28.08586,,4.57,41.45,Granite,Consolidated,,11.34388474
2528AC00061,Borehole,-25.41252,28.08586,,41.45,74.67,Granite,Consolidated,,11.34388474
2528AC00061,Borehole,-25.41252,28.08586,,74.67,76.2,Granite,Consolidated,,11.34388474
2528AC00061,Borehole,-25.41252,28.08586,,76.2,98.14,Granite,Consolidated,,11.34388474
2528AC00060,Borehole,-25.41251,28.08585,,0,0.6,SOIL,Unconsolidated,,11.34513125
2528AC00060,Borehole,-25.41251,28.08585,,0.6,2.13,Gravel,Unconsolidated,,11.34513125
2528AC00060,Borehole,-25.41251,28.08585,,2.13,4.57,Granite,Consolidated,,11.34513125
2528AC00060,Borehole,-25.41251,28.08585,,4.57,16.76,Granite,Consolidated,,11.34513125
2528AC00060,Borehole,-25.41251,28.08585,,16.76,122.22,Granite,Consolidated,,11.34513125
2528AC00059,Borehole,-25.41249,28.08583,51.81,0,65.83,Quartzite,Consolidated,,11.34762451
2528AC00059,Borehole,-25.41249,28.08583,51.81,65.83,100.58,Granite,Consolidated,,11.34762451
2528AC00059,Borehole,-25.41249,28.08583,51.81,100.58,101.8,Granite,Consolidated,,11.34762451
2528AC00059,Borehole,-25.41249,28.08583,51.81,101.8,105.15,Granite,Consolidated,Hard,11.34762451
2528AC00071,Borehole,-25.41245,28.08579,10.67,0,24.38,Grit,Unconsolidated,,11.35261202
2528AC00071,Borehole,-25.41245,28.08579,10.67,24.38,68.27,Granite,Consolidated,,11.35261202
2528AC00071,Borehole,-25.41245,28.08579,10.67,68.27,71.62,Granite,Consolidated,,11.35261202
2528AC00072,Borehole,-25.41244,28.08578,,0,11.27,Sandstone,Consolidated,,11.3538591
2528AC00072,Borehole,-25.41244,28.08578,,11.27,23.77,Granite,Consolidated,,11.3538591
2528AC00072,Borehole,-25.41244,28.08578,,23.77,25.9,Granite,Consolidated,Hard,11.3538591
2528AC00072,Borehole,-25.41244,28.08578,,25.9,30.48,Granite,Consolidated,Hard,11.3538591
2528AC00073,Borehole,-25.41243,28.08577,0.61,0,6.09,Sand,Unconsolidated,,11.35510626
2528AC00073,Borehole,-25.41243,28.08577,0.61,6.09,9.14,Granite,Consolidated,,11.35510626
2528AC00073,Borehole,-25.41243,28.08577,0.61,9.14,28.95,Granite,Consolidated,,11.35510626
2528AC00073,Borehole,-25.41243,28.08577,0.61,28.95,30.48,Granite,Consolidated,,11.35510626
2528AC00073,Borehole,-25.41243,28.08577,0.61,30.48,31.69,Granite,Consolidated,,11.35510626
2528AC00074,Borehole,-25.41242,28.08576,,0,3.04,Ferricrete,Consolidated,,11.3563535
2528AC00074,Borehole,-25.41242,28.08576,,3.04,13.1,Granite,Consolidated,,11.3563535
2528AC00074,Borehole,-25.41242,28.08576,,13.1,76.2,Granite,Consolidated,Hard,11.3563535
2528AC00075,Borehole,-25.41241,28.08575,6.01,0,7.62,Sand,Unconsolidated,,11.35760083
2528AC00075,Borehole,-25.41241,28.08575,6.01,7.62,8.1,Quartzite,Consolidated,,11.35760083
2528AC00075,Borehole,-25.41241,28.08575,6.01,8.1,31.39,Granite,Consolidated,,11.35760083
2528AC00077,Borehole,-25.41239,28.08573,,0,10.66,SOIL,Unconsolidated,,11.36009572
2528AC00077,Borehole,-25.41239,28.08573,,10.66,35.66,Granite,Consolidated,,11.36009572
2528AC00077,Borehole,-25.41239,28.08573,,35.66,36.57,Granite,Consolidated,Hard,11.36009572
2528AC00077,Borehole,-25.41239,28.08573,,36.57,49.37,Granite,Consolidated,Hard,11.36009572
2528AC00077,Borehole,-25.41239,28.08573,,49.37,53.34,Granite,Consolidated,Hard,11.36009572
2528AC00077,Borehole,-25.41239,28.08573,,53.34,70.71,Granite,Consolidated,Hard,11.36009572
2528AC00077,Borehole,-25.41239,28.08573,,70.71,121.92,Granite,Consolidated,Hard,11.36009572
2528AC00078,Borehole,-25.41238,28.08572,,0,0.45,SOIL,Unconsolidated,,11.36134329
2528AC00078,Borehole,-25.41238,28.08572,,0.45,14.63,Granite,Consolidated,,11.36134329
2528AC00078,Borehole,-25.41238,28.08572,,14.63,45.72,Granite,Consolidated,Soft,11.36134329
2528AC00078,Borehole,-25.41238,28.08572,,45.72,60.35,Granite,Consolidated,Hard,11.36134329
2528AC00078,Borehole,-25.41238,28.08572,,60.35,62.78,Granite,Consolidated,Hard,11.36134329
2528AC00079,Borehole,-25.41237,28.08571,,0,4.57,Granite,Consolidated,,11.36259093
2528AC00079,Borehole,-25.41237,28.08571,,4.57,5.18,Granite,Consolidated,,11.36259093
2528AC00079,Borehole,-25.41237,28.08571,,5.18,121.92,Granite,Consolidated,,11.36259093
2528AC00080,Borehole,-25.41236,28.0857,,0,8.22,Sand,Unconsolidated,,11.36383866
2528AC00080,Borehole,-25.41236,28.0857,,8.22,30.48,Granite,Consolidated,Hard,11.36383866
2528AC00081,Borehole,-25.41235,28.08569,,0,11.27,SOIL,Unconsolidated,,11.36508648
2528AC00081,Borehole,-25.41235,28.08569,,11.27,29.26,Granite,Consolidated,,11.36508648
2528AC00081,Borehole,-25.41235,28.08569,,29.26,47.85,Granite,Consolidated,,11.36508648
2528AC00086,Borehole,-25.41204,28.0867,,0,1.21,SOIL,Unconsolidated,,11.38535167
2528AC00086,Borehole,-25.41204,28.0867,,1.21,6.09,Granite,Consolidated,,11.38535167
2528AC00086,Borehole,-25.41204,28.0867,,6.09,104.54,Granite,Consolidated,,11.38535167
2528AC00214,Borehole,-25.41114,28.14573,3.34,0,6,SOIL,Unconsolidated,,12.53945204
2528AC00214,Borehole,-25.41114,28.14573,3.34,6,16,Mudstone,Consolidated,,12.53945204
2528AC00214,Borehole,-25.41114,28.14573,3.34,16,35,Mudstone,Consolidated,,12.53945204
2528AC00214,Borehole,-25.41114,28.14573,3.34,35,54,Shale,Consolidated,,12.53945204
2528AC00214,Borehole,-25.41114,28.14573,3.34,54,82,Granite,Consolidated,,12.53945204
2528AC00214,Borehole,-25.41114,28.14573,3.34,82,91,Granite,Consolidated,,12.53945204
2528AC00214,Borehole,-25.41114,28.14573,6.34,0,6,SOIL,Unconsolidated,,12.53945204
2528AC00214,Borehole,-25.41114,28.14573,6.34,6,16,Mudstone,Consolidated,,12.53945204
2528AC00214,Borehole,-25.41114,28.14573,6.34,16,35,Mudstone,Consolidated,,12.53945204
2528AC00214,Borehole,-25.41114,28.14573,6.34,35,54,Shale,Consolidated,,12.53945204
2528AC00214,Borehole,-25.41114,28.14573,6.34,54,82,Granite,Consolidated,,12.53945204
2528AC00214,Borehole,-25.41114,28.14573,6.34,82,91,Granite,Consolidated,,12.53945204
2528AC00214,Borehole,-25.41114,28.14573,9.07,0,6,SOIL,Unconsolidated,,12.53945204
2528AC00214,Borehole,-25.41114,28.14573,9.07,6,16,Mudstone,Consolidated,,12.53945204
2528AC00214,Borehole,-25.41114,28.14573,9.07,16,35,Mudstone,Consolidated,,12.53945204
2528AC00214,Borehole,-25.41114,28.14573,9.07,35,54,Shale,Consolidated,,12.53945204
2528AC00214,Borehole,-25.41114,28.14573,9.07,54,82,Granite,Consolidated,,12.53945204
2528AC00214,Borehole,-25.41114,28.14573,9.07,82,91,Granite,Consolidated,,12.53945204
2528AC00214,Borehole,-25.41114,28.14573,18.21,0,6,SOIL,Unconsolidated,,12.53945204
2528AC00214,Borehole,-25.41114,28.14573,18.21,6,16,Mudstone,Consolidated,,12.53945204
2528AC00214,Borehole,-25.41114,28.14573,18.21,16,35,Mudstone,Consolidated,,12.53945204
2528AC00214,Borehole,-25.41114,28.14573,18.21,35,54,Shale,Consolidated,,12.53945204
2528AC00214,Borehole,-25.41114,28.14573,18.21,54,82,Granite,Consolidated,,12.53945204
2528AC00214,Borehole,-25.41114,28.14573,18.21,82,91,Granite,Consolidated,,12.53945204
2528AC00214,Borehole,-25.41114,28.14573,37.58,0,6,SOIL,Unconsolidated,,12.53945204
2528AC00214,Borehole,-25.41114,28.14573,37.58,6,16,Mudstone,Consolidated,,12.53945204
2528AC00214,Borehole,-25.41114,28.14573,37.58,16,35,Mudstone,Consolidated,,12.53945204
2528AC00214,Borehole,-25.41114,28.14573,37.58,35,54,Shale,Consolidated,,12.53945204
2528AC00214,Borehole,-25.41114,28.14573,37.58,54,82,Granite,Consolidated,,12.53945204
2528AC00214,Borehole,-25.41114,28.14573,37.58,82,91,Granite,Consolidated,,12.53945204
2528AC00160,Borehole,-25.41028,28.04362,11.04,0,4,SOIL,Unconsolidated,,13.04282639
2528AC00160,Borehole,-25.41028,28.04362,11.04,4,22,Granite,Consolidated,,13.04282639
2528AC00160,Borehole,-25.41028,28.04362,11.04,22,41,Granite,Consolidated,,13.04282639
2528AC00160,Borehole,-25.41028,28.04362,11.04,41,56,Granite,Consolidated,,13.04282639
2528AC00160,Borehole,-25.41028,28.04362,11.04,56,84,Granite,Consolidated,,13.04282639
2528AC00271,Borehole,-25.40971,28.13406,12.7,0,5,SOIL,Unconsolidated,,12.20803353
2528AC00271,Borehole,-25.40971,28.13406,12.7,5,78,Granite,Consolidated,,12.20803353
2528AC00271,Borehole,-25.40971,28.13406,22.5,0,5,SOIL,Unconsolidated,,12.20803353
2528AC00271,Borehole,-25.40971,28.13406,22.5,5,78,Granite,Consolidated,,12.20803353
2528AC00271,Borehole,-25.40971,28.13406,41,0,5,SOIL,Unconsolidated,,12.20803353
2528AC00271,Borehole,-25.40971,28.13406,41,5,78,Granite,Consolidated,,12.20803353
2528AC00271,Borehole,-25.40971,28.13406,48.48,0,5,SOIL,Unconsolidated,,12.20803353
2528AC00271,Borehole,-25.40971,28.13406,48.48,5,78,Granite,Consolidated,,12.20803353
2528AC00271,Borehole,-25.40971,28.13406,69.37,0,5,SOIL,Unconsolidated,,12.20803353
2528AC00271,Borehole,-25.40971,28.13406,69.37,5,78,Granite,Consolidated,,12.20803353
2528AC00127,Borehole,-25.40894,28.08138,,,,,,,11.81127265
2528AC00126,Borehole,-25.40858,28.08196,,,,,,,11.84034708
2528AC00287,Borehole,-25.40858,28.08196,,,,,,,11.84034708
2528AC00226,Borehole,-25.40725,28.17607,4.83,,,,,,14.62620124
2528AC00226,Borehole,-25.40725,28.17607,5.08,,,,,,14.62620124
2528AC00226,Borehole,-25.40725,28.17607,5.33,,,,,,14.62620124
2528AC00226,Borehole,-25.40725,28.17607,5.44,,,,,,14.62620124
2528AC00226,Borehole,-25.40725,28.17607,5.74,,,,,,14.62620124
2528AC00200,Borehole,-25.40588,28.17138,14.6,0,2,Alluvium,Unconsolidated,,14.45204916
2528AC00200,Borehole,-25.40588,28.17138,14.6,2,25,Granite,Consolidated,,14.45204916
2528AC00200,Borehole,-25.40588,28.17138,14.6,25,45,Granite,Consolidated,,14.45204916
2528AC00200,Borehole,-25.40588,28.17138,14.6,45,51,Dolerite,Consolidated,,14.45204916
2528AC00200,Borehole,-25.40588,28.17138,14.6,51,91,Granite,Consolidated,,14.45204916
2528AC00261,Borehole,-25.40462,28.1505,10.57,,,,,,13.42154488
2528AC00161,Borehole,-25.40343,28.03126,6.7,0,2,SOIL,Unconsolidated,,14.38963679
2528AC00161,Borehole,-25.40343,28.03126,6.7,2,15,Clay,Unconsolidated,,14.38963679
2528AC00161,Borehole,-25.40343,28.03126,6.7,15,24,Granite,Consolidated,,14.38963679
2528AC00161,Borehole,-25.40343,28.03126,6.7,24,38,Granite,Consolidated,,14.38963679
2528AC00161,Borehole,-25.40343,28.03126,6.7,38,71,Granite,Consolidated,,14.38963679
2528AC00213,Borehole,-25.40213,28.14927,,0,5,SOIL,Unconsolidated,,13.61561426
2528AC00213,Borehole,-25.40213,28.14927,,5,13,Mudstone,Consolidated,,13.61561426
2528AC00213,Borehole,-25.40213,28.14927,,13,19,Granite,Consolidated,,13.61561426
2528AC00213,Borehole,-25.40213,28.14927,,19,44,Granite,Consolidated,,13.61561426
2528AC00213,Borehole,-25.40213,28.14927,,44,86,Granite,Consolidated,,13.61561426
2528AC00270,Borehole,-25.40112,28.13065,23.11,0,3,SOIL,Unconsolidated,,13.00913839
2528AC00270,Borehole,-25.40112,28.13065,23.11,3,84,Granite,Consolidated,,13.00913839
2528AC00270,Borehole,-25.40112,28.13065,25.42,0,3,SOIL,Unconsolidated,,13.00913839
2528AC00270,Borehole,-25.40112,28.13065,25.42,3,84,Granite,Consolidated,,13.00913839
2528AC00270,Borehole,-25.40112,28.13065,31.67,0,3,SOIL,Unconsolidated,,13.00913839
2528AC00270,Borehole,-25.40112,28.13065,31.67,3,84,Granite,Consolidated,,13.00913839
2528AC00270,Borehole,-25.40112,28.13065,41.68,0,3,SOIL,Unconsolidated,,13.00913839
2528AC00270,Borehole,-25.40112,28.13065,41.68,3,84,Granite,Consolidated,,13.00913839
2528AC00270,Borehole,-25.40112,28.13065,56.03,0,3,SOIL,Unconsolidated,,13.00913839
2528AC00270,Borehole,-25.40112,28.13065,56.03,3,84,Granite,Consolidated,,13.00913839
2528AC00208,Borehole,-25.40046,28.13338,,0,1,SOIL,Unconsolidated,,13.16524048
2528AC00208,Borehole,-25.40046,28.13338,,1,23,Granite,Consolidated,,13.16524048
2528AC00208,Borehole,-25.40046,28.13338,,23,29,Granite,Consolidated,,13.16524048
2528AC00208,Borehole,-25.40046,28.13338,,29,38,Granite,Consolidated,,13.16524048
2528AC00208,Borehole,-25.40046,28.13338,,38,91,Granite,Consolidated,,13.16524048
2528AC00201,Borehole,-25.39978,28.13304,,0,21,Mudstone,Consolidated,,13.22674151
2528AC00201,Borehole,-25.39978,28.13304,,21,29,Mudstone,Consolidated,,13.22674151
2528AC00201,Borehole,-25.39978,28.13304,,29,46,Mudstone,Consolidated,,13.22674151
2528AC00201,Borehole,-25.39978,28.13304,,46,83,Mudstone,Consolidated,,13.22674151
2528AC00201,Borehole,-25.39978,28.13304,,83,121,Dolerite,Consolidated,,13.22674151
2528AC00169,Borehole,-25.39919,28.03775,6.51,0,1,SOIL,Unconsolidated,,14.43962458
2528AC00169,Borehole,-25.39919,28.03775,6.51,1,26,Granite,Consolidated,,14.43962458
2528AC00169,Borehole,-25.39919,28.03775,6.51,26,37,Granite,Consolidated,,14.43962458
2528AC00169,Borehole,-25.39919,28.03775,6.51,37,61,Granite,Consolidated,,14.43962458
2528AC00217,Borehole,-25.39801,28.13961,17,,,,,,13.64083872
2528AC00217,Borehole,-25.39801,28.13961,17.25,,,,,,13.64083872
2528AC00217,Borehole,-25.39801,28.13961,17.5,,,,,,13.64083872
2528AC00217,Borehole,-25.39801,28.13961,18,,,,,,13.64083872
2528AC00217,Borehole,-25.39801,28.13961,18.8,,,,,,13.64083872
2528AC00224,Borehole,-25.39782,28.14483,13,,,,,,13.86441653
2528AC00224,Borehole,-25.39782,28.14483,13.25,,,,,,13.86441653
2528AC00223,Borehole,-25.39758,28.14334,6.7,,,,,,13.82905034
2528AC00223,Borehole,-25.39758,28.14334,7.06,,,,,,13.82905034
2528AC00223,Borehole,-25.39758,28.14334,7.2,,,,,,13.82905034
2528AC00223,Borehole,-25.39758,28.14334,7.7,,,,,,13.82905034
2528AC00223,Borehole,-25.39758,28.14334,7.92,,,,,,13.82905034
2528AC00223,Borehole,-25.39758,28.14334,8.27,,,,,,13.82905034
2528AC00223,Borehole,-25.39758,28.14334,9.45,,,,,,13.82905034
2528AC00150,Borehole,-25.388,28.05314,17.1,0,4,SOIL,Unconsolidated,,14.87926059
2528AC00150,Borehole,-25.388,28.05314,17.1,4,11,Grit,Unconsolidated,,14.87926059
2528AC00150,Borehole,-25.388,28.05314,17.1,11,23,Mudstone,Consolidated,,14.87926059
2528AC00150,Borehole,-25.388,28.05314,17.1,23,26,Dolerite,Consolidated,,14.87926059
2528AC00150,Borehole,-25.388,28.05314,17.1,26,66,Dolerite,Consolidated,,14.87926059
2528AC00150,Borehole,-25.388,28.05314,17.1,66,96,Granite,Consolidated,,14.87926059
