ISO-10303-21;
HEADER;
FILE_DESCRIPTION (( 'STEP AP203' ),
    '1' );
FILE_NAME ('angled base.STEP',
    '2021-08-04T16:05:19',
    ( '' ),
    ( '' ),
    'SwSTEP 2.0',
    'SolidWorks 2019',
    '' );
FILE_SCHEMA (( 'CONFIG_CONTROL_DESIGN' ));
ENDSEC;

DATA;
#1 = CARTESIAN_POINT ( 'NONE',  ( -113.4035488654613033, 0.07735952212441254972, 318.2402637728069976 ) ) ;
#2 = ORIENTED_EDGE ( 'NONE', *, *, #3131, .T. ) ;
#3 = ADVANCED_FACE ( 'NONE', ( #1968 ), #1505, .T. ) ;
#4 = FACE_OUTER_BOUND ( 'NONE', #1806, .T. ) ;
#5 = CARTESIAN_POINT ( 'NONE',  ( -106.0928674035703096, 7.351874933466787887, 268.6544379066511397 ) ) ;
#6 = ORIENTED_EDGE ( 'NONE', *, *, #5174, .T. ) ;
#7 = CARTESIAN_POINT ( 'NONE',  ( -40.72978669934519758, 0.5838328060736768244, 290.4539749053107016 ) ) ;
#8 = CARTESIAN_POINT ( 'NONE',  ( -112.6727503727682915, 3.060728795407715808, 0.4613916525772437938 ) ) ;
#9 = CARTESIAN_POINT ( 'NONE',  ( -104.1861368306290103, 0.6458992370158400664, 289.6544379066506849 ) ) ;
#10 = ADVANCED_FACE ( 'NONE', ( #1535 ), #4798, .F. ) ;
#11 = VERTEX_POINT ( 'NONE', #1602 ) ;
#12 = ORIENTED_EDGE ( 'NONE', *, *, #687, .T. ) ;
#13 = CARTESIAN_POINT ( 'NONE',  ( -113.6268475669119198, 5.958093097454616682, 276.5113580487196714 ) ) ;
#14 = CARTESIAN_POINT ( 'NONE',  ( -12.62800909129815352, 2.432668594829567876, 11.14253395619477871 ) ) ;
#15 = CARTESIAN_POINT ( 'NONE',  ( -106.1116998854963072, 5.729218793377918395, 281.9386487198431155 ) ) ;
#16 = CARTESIAN_POINT ( 'NONE',  ( -2.882910196170477057, 1.765820392340954559, 323.7500000000000000 ) ) ;
#17 = CARTESIAN_POINT ( 'NONE',  ( -104.7350395635183702, 6.388396075372596350, 11.75291759746132669 ) ) ;
#18 = B_SPLINE_CURVE_WITH_KNOTS ( 'NONE', 3,
 ( #1564, #747, #3009, #3987, #5331, #2034, #1141, #4867, #3436, #2981, #681, #1194, #2617, #5759, #3105, #1108, #3071, #4893 ),
 .UNSPECIFIED., .F., .F.,
 ( 4, 2, 2, 2, 2, 2, 2, 2, 4 ),
 ( 0.0006675155651307868206, 0.001416466704163854519, 0.002165417843196922217, 0.002914368982229990565, 0.003663320121263059347, 0.004412271260296127262, 0.005161222399329194743, 0.005910173538362262224, 0.006659124677395329706 ),
 .UNSPECIFIED. ) ;
#19 = CARTESIAN_POINT ( 'NONE',  ( -114.4254346790436330, 0.3695843737257485939, 2.219137324934095545 ) ) ;
#20 = CARTESIAN_POINT ( 'NONE',  ( -112.6815355638766505, 0.1625995955846889496, 320.9054399898412839 ) ) ;
#21 = ORIENTED_EDGE ( 'NONE', *, *, #1318, .T. ) ;
#22 = CARTESIAN_POINT ( 'NONE',  ( -106.1882192376679370, 0.0000000000000000000, 3.999999999999976019 ) ) ;
#23 = CARTESIAN_POINT ( 'NONE',  ( -39.07048466529363395, 2.768918407238844637, 266.6706142698204189 ) ) ;
#24 = CARTESIAN_POINT ( 'NONE',  ( -9.947549840990188130, 9.004964835517380806, 314.7489999999995689 ) ) ;
#25 = AXIS2_PLACEMENT_3D ( 'NONE', #2646, #5295, #1663 ) ;
#26 = VECTOR ( 'NONE', #2518, 1000.000000000000000 ) ;
#27 = CARTESIAN_POINT ( 'NONE',  ( -40.34439132010114548, 0.5834558522204660314, 268.5236413618023903 ) ) ;
#28 = EDGE_CURVE ( 'NONE', #2985, #2287, #3010, .T. ) ;
#29 = CARTESIAN_POINT ( 'NONE',  ( -9.027136049143225094, 6.675254411270234556, 314.7243694321927592 ) ) ;
#30 = CARTESIAN_POINT ( 'NONE',  ( -104.8509621475896978, 13.45168003562943682, 289.6544379066506849 ) ) ;
#31 = AXIS2_PLACEMENT_3D ( 'NONE', #4950, #1469, #3780 ) ;
#32 = VECTOR ( 'NONE', #3723, 1000.000000000000000 ) ;
#33 = AXIS2_PLACEMENT_3D ( 'NONE', #2477, #1652, #2541 ) ;
#34 = CARTESIAN_POINT ( 'NONE',  ( -40.33597331856349655, 1.580769036895421475, 266.9072061009965182 ) ) ;
#35 = VERTEX_POINT ( 'NONE', #3949 ) ;
#36 = VECTOR ( 'NONE', #2248, 1000.000000000000000 ) ;
#37 = CIRCLE ( 'NONE', #1995, 2.200000000000008615 ) ;
#38 = AXIS2_PLACEMENT_3D ( 'NONE', #4173, #1473, #1849 ) ;
#39 = CARTESIAN_POINT ( 'NONE',  ( -102.6781278393537633, 4.196718073539243754, 292.6544379066506849 ) ) ;
#40 = ORIENTED_EDGE ( 'NONE', *, *, #301, .T. ) ;
#41 = CARTESIAN_POINT ( 'NONE',  ( -114.0434928689723790, 12.99999999999998046, 4.000000000000003553 ) ) ;
#42 = ADVANCED_FACE ( 'NONE', ( #4825 ), #1624, .F. ) ;
#43 = CARTESIAN_POINT ( 'NONE',  ( -114.3102374033766466, 2.259859357842454841, 2.137725499563909892 ) ) ;
#44 = DIRECTION ( 'NONE',  ( 0.9999995216640081841, -0.0009780959844864834437, -0.0000000000000000000 ) ) ;
#45 = ORIENTED_EDGE ( 'NONE', *, *, #5078, .T. ) ;
#46 = ORIENTED_EDGE ( 'NONE', *, *, #4967, .F. ) ;
#47 = CARTESIAN_POINT ( 'NONE',  ( -106.0928674035677943, 7.351874933454479510, 274.3154313336156065 ) ) ;
#48 = CYLINDRICAL_SURFACE ( 'NONE', #3059, 2.200000000000008615 ) ;
#49 = EDGE_LOOP ( 'NONE', ( #2567, #2367, #2428, #4913 ) ) ;
#50 = EDGE_CURVE ( 'NONE', #5106, #2137, #5854, .T. ) ;
#51 = ADVANCED_FACE ( 'NONE', ( #3028 ), #640, .F. ) ;
#52 = CARTESIAN_POINT ( 'NONE',  ( -105.1389784662985107, 5.390667814030138949, 283.0060270016047639 ) ) ;
#53 = LINE ( 'NONE', #1474, #4740 ) ;
#54 = DIRECTION ( 'NONE',  ( -0.9988390925805179510, 0.04817122723086510183, 0.0000000000000000000 ) ) ;
#55 = CARTESIAN_POINT ( 'NONE',  ( -106.0807419664349709, 7.603298061307249611, 275.2832326482225653 ) ) ;
#56 = CARTESIAN_POINT ( 'NONE',  ( -111.1720105406749468, 3.106954052454567350, 323.6751831017631957 ) ) ;
#57 = VERTEX_POINT ( 'NONE', #1185 ) ;
#58 = CARTESIAN_POINT ( 'NONE',  ( -105.0928674035610015, 7.351874933421254532, 283.9934444796773505 ) ) ;
#59 = DIRECTION ( 'NONE',  ( 4.201102815188015135E-13, -2.903348250445445588E-12, 1.000000000000000000 ) ) ;
#60 = CARTESIAN_POINT ( 'NONE',  ( -9.134506838025638231, 2.388244256645830621, 313.7134660940667459 ) ) ;
#61 =( BOUNDED_CURVE ( )  B_SPLINE_CURVE ( 3, ( #4091, #269, #2141, #5960 ),
 .UNSPECIFIED., .F., .F. ) 
 B_SPLINE_CURVE_WITH_KNOTS ( ( 4, 4 ),
 ( 0.0000000000000000000, 3.141592653589793116 ),
 .UNSPECIFIED. ) 
 CURVE ( )  GEOMETRIC_REPRESENTATION_ITEM ( )  RATIONAL_B_SPLINE_CURVE ( ( 1.000000000000000000, 0.3333333333333333703, 0.3333333333333333703, 1.000000000000000000 ) ) 
 REPRESENTATION_ITEM ( '' )  );
#62 = ADVANCED_FACE ( 'NONE', ( #2512, #5750 ), #251, .T. ) ;
#63 = CARTESIAN_POINT ( 'NONE',  ( -11.60901814786366693, 5.999134316529705302, 314.5535861852513904 ) ) ;
#64 = CARTESIAN_POINT ( 'NONE',  ( 0.0000000000000000000, 7.500000000000000000, 319.7500000000000000 ) ) ;
#65 = CARTESIAN_POINT ( 'NONE',  ( -102.7050701735651188, 7.923974289766273493, 314.7167695589621417 ) ) ;
#66 = PLANE ( 'NONE',  #1788 ) ;
#67 = VERTEX_POINT ( 'NONE', #2930 ) ;
#68 = DIRECTION ( 'NONE',  ( 0.0009780959844898910911, 0.9999995216640081841, 0.0000000000000000000 ) ) ;
#69 = ORIENTED_EDGE ( 'NONE', *, *, #5017, .T. ) ;
#70 = CARTESIAN_POINT ( 'NONE',  ( -103.0873795387529412, 8.526223444348049796, 291.6544379066506849 ) ) ;
#71 = CARTESIAN_POINT ( 'NONE',  ( -113.1217657375749468, 0.03220253029617746454, 4.000000000000003553 ) ) ;
#72 = ORIENTED_EDGE ( 'NONE', *, *, #3628, .T. ) ;
#73 = ORIENTED_EDGE ( 'NONE', *, *, #1041, .F. ) ;
#74 = DIRECTION ( 'NONE',  ( 0.02655026913684868303, 0.9674502699833104069, -0.2516645750159936523 ) ) ;
#75 = CARTESIAN_POINT ( 'NONE',  ( -105.0924767566579021, 7.361986994004673157, 275.3324038175378519 ) ) ;
#76 = ORIENTED_EDGE ( 'NONE', *, *, #925, .T. ) ;
#77 = CARTESIAN_POINT ( 'NONE',  ( -105.1679960304782213, 3.597055368840894385, 279.7082013651680086 ) ) ;
#78 = DIRECTION ( 'NONE',  ( 0.8662767110661219183, 0.0000000000000000000, -0.4995644701782370189 ) ) ;
#79 = CARTESIAN_POINT ( 'NONE',  ( -102.1383918325383178, 5.266910660663230992, 10.23306594515172208 ) ) ;
#80 = CARTESIAN_POINT ( 'NONE',  ( -113.5126878880765275, 2.651548150180615071, 1.095221860398890579 ) ) ;
#81 = EDGE_CURVE ( 'NONE', #4408, #5302, #1065, .T. ) ;
#82 = CARTESIAN_POINT ( 'NONE',  ( -114.6709827367601662, 5.051564502097623865, 282.2179184690277225 ) ) ;
#83 = ORIENTED_EDGE ( 'NONE', *, *, #1054, .T. ) ;
#84 = DIRECTION ( 'NONE',  ( 1.000000000000000000, 0.0000000000000000000, -1.371950217666838499E-14 ) ) ;
#85 = CARTESIAN_POINT ( 'NONE',  ( -39.83615178573197113, 1.774533911819913268, 267.3318888182930664 ) ) ;
#86 = CARTESIAN_POINT ( 'NONE',  ( -113.1745425947540298, 12.95809294868148775, 283.1544379066507418 ) ) ;
#87 = CARTESIAN_POINT ( 'NONE',  ( -39.55106970605793038, 0.5826799071644248595, 267.7701414516716341 ) ) ;
#88 = CARTESIAN_POINT ( 'NONE',  ( -10.91084810166784713, 3.409358003235495538, 312.8823363448991017 ) ) ;
#89 = CARTESIAN_POINT ( 'NONE',  ( -106.0896927654650597, 7.182038231676733275, 275.4116420578376960 ) ) ;
#90 = EDGE_CURVE ( 'NONE', #5302, #3782, #2680, .T. ) ;
#91 =( BOUNDED_CURVE ( )  B_SPLINE_CURVE ( 3, ( #606, #1189, #4343, #159 ),
 .UNSPECIFIED., .F., .F. ) 
 B_SPLINE_CURVE_WITH_KNOTS ( ( 4, 4 ),
 ( 3.141592653589793116, 6.283185307179586232 ),
 .UNSPECIFIED. ) 
 CURVE ( )  GEOMETRIC_REPRESENTATION_ITEM ( )  RATIONAL_B_SPLINE_CURVE ( ( 1.000000000000000000, 0.3333333333333333703, 0.3333333333333333703, 1.000000000000000000 ) ) 
 REPRESENTATION_ITEM ( '' )  );
#92 = CARTESIAN_POINT ( 'NONE',  ( -102.9746102825277916, 4.293254727756922406, 312.4562375993593264 ) ) ;
#93 = CARTESIAN_POINT ( 'NONE',  ( -105.1390659873791691, 5.386231344451347880, 275.3065540594777758 ) ) ;
#94 = ORIENTED_EDGE ( 'NONE', *, *, #5950, .T. ) ;
#95 = CARTESIAN_POINT ( 'NONE',  ( -8.994473609821586280, 7.308181882541997076, 8.999999999999621636 ) ) ;
#96 = CARTESIAN_POINT ( 'NONE',  ( -12.77220151159580830, 2.559504677321438049, 13.35853024690256419 ) ) ;
#97 = ORIENTED_EDGE ( 'NONE', *, *, #1213, .T. ) ;
#98 = DIRECTION ( 'NONE',  ( 3.508876978744393058E-15, -4.461984743328477095E-17, 1.000000000000000000 ) ) ;
#99 = ADVANCED_FACE ( 'NONE', ( #3517 ), #156, .T. ) ;
#100 = LINE ( 'NONE', #3410, #1301 ) ;
#101 = ORIENTED_EDGE ( 'NONE', *, *, #779, .T. ) ;
#102 = VERTEX_POINT ( 'NONE', #2605 ) ;
#103 = CARTESIAN_POINT ( 'NONE',  ( -1.807315091076553193, 3.995356370322071804, 315.2499999999996021 ) ) ;
#104 = CARTESIAN_POINT ( 'NONE',  ( -105.1346779772985087, 5.604809632119178708, 275.1337748758109001 ) ) ;
#105 = ORIENTED_EDGE ( 'NONE', *, *, #4920, .T. ) ;
#106 =( BOUNDED_CURVE ( )  B_SPLINE_CURVE ( 3, ( #4603, #4127, #427, #4663 ),
 .UNSPECIFIED., .F., .F. ) 
 B_SPLINE_CURVE_WITH_KNOTS ( ( 4, 4 ),
 ( 1.702298743188832342, 2.004338114032111484 ),
 .UNSPECIFIED. ) 
 CURVE ( )  GEOMETRIC_REPRESENTATION_ITEM ( )  RATIONAL_B_SPLINE_CURVE ( ( 1.000000000000000000, 0.9924121226905839865, 0.9924121226905839865, 1.000000000000000000 ) ) 
 REPRESENTATION_ITEM ( '' )  );
#107 = CARTESIAN_POINT ( 'NONE',  ( -106.0928674035635169, 7.351874933433336423, 283.9934444796803632 ) ) ;
#108 = CARTESIAN_POINT ( 'NONE',  ( -101.7409881315781348, 3.565853814257147203, 11.07106781186528721 ) ) ;
#109 = CARTESIAN_POINT ( 'NONE',  ( -111.2378976158336172, 12.86469395575253394, 318.7499999999999432 ) ) ;
#110 = CARTESIAN_POINT ( 'NONE',  ( -103.1842722068120821, 4.585506075544207860, 266.6544379066506281 ) ) ;
#111 = ORIENTED_EDGE ( 'NONE', *, *, #3647, .T. ) ;
#112 = PLANE ( 'NONE',  #2384 ) ;
#113 = ORIENTED_EDGE ( 'NONE', *, *, #90, .F. ) ;
#114 = CARTESIAN_POINT ( 'NONE',  ( -100.2130641889379064, 8.546828554825687263, 274.1544379066506281 ) ) ;
#115 = CARTESIAN_POINT ( 'NONE',  ( -41.11206721418189858, 9.818827606159260313, 266.6544379066506849 ) ) ;
#116 = CARTESIAN_POINT ( 'NONE',  ( -11.61042060231624085, 4.298265512551834533, 314.7489999999996257 ) ) ;
#117 = EDGE_CURVE ( 'NONE', #5667, #5178, #4005, .T. ) ;
#118 = LINE ( 'NONE', #572, #4134 ) ;
#119 = DIRECTION ( 'NONE',  ( 0.8650200284677294071, -0.04171750651340225269, 0.4999999999999927280 ) ) ;
#120 = CARTESIAN_POINT ( 'NONE',  ( -8.802211628616108285, 0.0000000000000000000, 4.000000000000003553 ) ) ;
#121 = CARTESIAN_POINT ( 'NONE',  ( -103.1861293549775951, 0.6449211332515866202, 267.6544379066506281 ) ) ;
#122 = CARTESIAN_POINT ( 'NONE',  ( -105.0901036452681723, 7.438862770116477563, 289.6544379066506849 ) ) ;
#123 = AXIS2_PLACEMENT_3D ( 'NONE', #502, #2776, #4240 ) ;
#124 = VECTOR ( 'NONE', #1560, 999.9999999999998863 ) ;
#125 = DIRECTION ( 'NONE',  ( 0.9999995216640081841, -0.0009780959844864834437, 0.0000000000000000000 ) ) ;
#126 = ORIENTED_EDGE ( 'NONE', *, *, #900, .F. ) ;
#127 = EDGE_CURVE ( 'NONE', #4044, #5038, #1555, .T. ) ;
#128 = EDGE_CURVE ( 'NONE', #2237, #2982, #4437, .T. ) ;
#129 = AXIS2_PLACEMENT_3D ( 'NONE', #4709, #524, #4258 ) ;
#130 = CARTESIAN_POINT ( 'NONE',  ( 0.8923104593159745246, 3.995356370322071804, 322.1895589341586401 ) ) ;
#131 = AXIS2_PLACEMENT_3D ( 'NONE', #885, #2184, #1313 ) ;
#132 = LINE ( 'NONE', #5201, #2201 ) ;
#133 = ORIENTED_EDGE ( 'NONE', *, *, #3308, .T. ) ;
#134 = CYLINDRICAL_SURFACE ( 'NONE', #3736, 114.7820467919759295 ) ;
#135 = AXIS2_PLACEMENT_3D ( 'NONE', #4274, #59, #5282 ) ;
#136 = AXIS2_PLACEMENT_3D ( 'NONE', #5278, #5835, #4851 ) ;
#137 = ADVANCED_FACE ( 'NONE', ( #737 ), #5285, .F. ) ;
#138 = AXIS2_PLACEMENT_3D ( 'NONE', #4812, #593, #178 ) ;
#139 = CARTESIAN_POINT ( 'NONE',  ( -104.9735017887116726, 14.13761165742181447, 11.49999999999995381 ) ) ;
#140 = CIRCLE ( 'NONE', #1101, 1.000000000000000888 ) ;
#141 = ORIENTED_EDGE ( 'NONE', *, *, #4939, .T. ) ;
#142 = ORIENTED_EDGE ( 'NONE', *, *, #5751, .F. ) ;
#143 = CARTESIAN_POINT ( 'NONE',  ( -2.409784746521412835, 0.8195694930428253366, 1.560040839377908162 ) ) ;
#144 = CARTESIAN_POINT ( 'NONE',  ( -105.1453162844270395, 5.136628553205766501, 277.0421225833126755 ) ) ;
#145 = EDGE_LOOP ( 'NONE', ( #4766, #5167, #4508, #4421 ) ) ;
#146 = CARTESIAN_POINT ( 'NONE',  ( 39.62960771708790020, 3.995356370322071804, 251.8957282297277800 ) ) ;
#147 = CARTESIAN_POINT ( 'NONE',  ( -106.1197445713579413, 4.608561637179880321, 279.5973549123671091 ) ) ;
#148 = DIRECTION ( 'NONE',  ( 1.000000000000000000, 0.0000000000000000000, -8.467505249662494022E-15 ) ) ;
#149 = CARTESIAN_POINT ( 'NONE',  ( -113.5655653050508818, 12.97695088482961090, 275.0460426550433226 ) ) ;
#150 = ORIENTED_EDGE ( 'NONE', *, *, #2561, .T. ) ;
#151 = CARTESIAN_POINT ( 'NONE',  ( -100.2130641889379348, 8.546828554825689039, 266.6544379066506281 ) ) ;
#152 = VERTEX_POINT ( 'NONE', #217 ) ;
#153 = CARTESIAN_POINT ( 'NONE',  ( -112.9671519962925714, 3.995356370322071804, 159.8547740578390233 ) ) ;
#154 = CARTESIAN_POINT ( 'NONE',  ( -39.60714360640623966, 1.770998660592344898, 267.6508735655945088 ) ) ;
#155 = CARTESIAN_POINT ( 'NONE',  ( -11.40988436978735798, 9.083950065530347118, 314.7489999999996257 ) ) ;
#156 = SPHERICAL_SURFACE ( 'NONE', #824, 1.000000000000000000 ) ;
#157 = CARTESIAN_POINT ( 'NONE',  ( -9.578762876157128403, 5.080415435731498341, 311.9710329863014522 ) ) ;
#158 = CARTESIAN_POINT ( 'NONE',  ( -103.3827421052682354, 4.668904922591971207, 291.7090464541993811 ) ) ;
#159 = CARTESIAN_POINT ( 'NONE',  ( -2.939419985850488803, 3.995356370322071804, 5.000999999999672596 ) ) ;
#160 = EDGE_CURVE ( 'NONE', #5867, #2312, #683, .T. ) ;
#161 = CARTESIAN_POINT ( 'NONE',  ( -41.08277266141349315, 0.5841780603908800495, 290.6284588011062624 ) ) ;
#162 = LINE ( 'NONE', #3864, #124 ) ;
#163 = VERTEX_POINT ( 'NONE', #1684 ) ;
#164 = CARTESIAN_POINT ( 'NONE',  ( -110.9608011526057396, 3.881173842098582405, 3.468599919006360283E-15 ) ) ;
#165 = LINE ( 'NONE', #4767, #4316 ) ;
#166 = VECTOR ( 'NONE', #3354, 1000.000000000000000 ) ;
#167 = ADVANCED_FACE ( 'NONE', ( #3458 ), #5321, .F. ) ;
#168 = ORIENTED_EDGE ( 'NONE', *, *, #483, .T. ) ;
#169 = EDGE_CURVE ( 'NONE', #3326, #3606, #1253, .T. ) ;
#170 = LINE ( 'NONE', #2983, #2577 ) ;
#171 = CARTESIAN_POINT ( 'NONE',  ( -107.2605271331458141, 3.995356370322071804, 161.8755000000000166 ) ) ;
#172 = ORIENTED_EDGE ( 'NONE', *, *, #2677, .F. ) ;
#173 = ORIENTED_EDGE ( 'NONE', *, *, #5841, .T. ) ;
#174 = CARTESIAN_POINT ( 'NONE',  ( -4.000000000000005329, 4.000000000000005329, 3.903127820947815962E-15 ) ) ;
#175 = CARTESIAN_POINT ( 'NONE',  ( -107.4400095534590918, 3.995356370322071804, 8.500999999999258705 ) ) ;
#176 = ORIENTED_EDGE ( 'NONE', *, *, #4192, .F. ) ;
#177 = CARTESIAN_POINT ( 'NONE',  ( -8.994473609820492044, 7.308181882542179153, 314.7489999999996826 ) ) ;
#178 = DIRECTION ( 'NONE',  ( 1.000000000000000000, 0.0000000000000000000, -1.450866736987088992E-15 ) ) ;
#179 = CARTESIAN_POINT ( 'NONE',  ( -7.344533915294348958, 3.995356370322071804, 161.8754999999996755 ) ) ;
#180 = CARTESIAN_POINT ( 'NONE',  ( -112.1322853133721367, 1.238438764239858880, 1.095221860376281109 ) ) ;
#181 = VERTEX_POINT ( 'NONE', #345 ) ;
#182 = CARTESIAN_POINT ( 'NONE',  ( -105.1158944058802547, 11.28184463387116310, 274.1544379066506849 ) ) ;
#183 = VERTEX_POINT ( 'NONE', #4953 ) ;
#184 = CARTESIAN_POINT ( 'NONE',  ( -111.2378976158341715, 12.86469395575256058, 161.8755000000000166 ) ) ;
#185 = CARTESIAN_POINT ( 'NONE',  ( -39.38752508686486209, 2.772949980681407744, 268.1293381194913650 ) ) ;
#186 = FACE_OUTER_BOUND ( 'NONE', #2007, .T. ) ;
#187 = DIRECTION ( 'NONE',  ( 0.04817122723086569858, 0.9988390925805179510, 0.0000000000000000000 ) ) ;
#188 = DIRECTION ( 'NONE',  ( -0.0000000000000000000, -0.0000000000000000000, -1.000000000000000000 ) ) ;
#189 = CARTESIAN_POINT ( 'NONE',  ( -104.9831825251807800, 6.657835218655971055, 290.3671608842545311 ) ) ;
#190 = CARTESIAN_POINT ( 'NONE',  ( -39.84052769353844070, 0.5829630249948155596, 267.3356067778904617 ) ) ;
#191 = CARTESIAN_POINT ( 'NONE',  ( -40.34220397797278679, 1.580791420573795625, 291.3907006561337312 ) ) ;
#192 = DIRECTION ( 'NONE',  ( 0.0000000000000000000, 0.0000000000000000000, 1.000000000000000000 ) ) ;
#193 = VERTEX_POINT ( 'NONE', #767 ) ;
#194 = PLANE ( 'NONE',  #4814 ) ;
#195 = CARTESIAN_POINT ( 'NONE',  ( -40.82605829637738992, 1.582553337911008384, 291.5907456360682772 ) ) ;
#196 = ORIENTED_EDGE ( 'NONE', *, *, #1198, .F. ) ;
#197 = CARTESIAN_POINT ( 'NONE',  ( -7.344533915294840121, 3.995356370322072248, 0.6009999999996773479 ) ) ;
#198 = EDGE_CURVE ( 'NONE', #2287, #761, #4980, .T. ) ;
#199 = CARTESIAN_POINT ( 'NONE',  ( -105.2169884363110413, 8.244108641324707776, 284.1544379019389908 ) ) ;
#200 = VERTEX_POINT ( 'NONE', #2240 ) ;
#201 = VERTEX_POINT ( 'NONE', #370 ) ;
#202 =( BOUNDED_CURVE ( )  B_SPLINE_CURVE ( 3, ( #2053, #3454, #5378, #5811 ),
 .UNSPECIFIED., .F., .F. ) 
 B_SPLINE_CURVE_WITH_KNOTS ( ( 4, 4 ),
 ( 0.0000000000000000000, 3.141592653589793116 ),
 .UNSPECIFIED. ) 
 CURVE ( )  GEOMETRIC_REPRESENTATION_ITEM ( )  RATIONAL_B_SPLINE_CURVE ( ( 1.000000000000000000, 0.3333333333333333703, 0.3333333333333333703, 1.000000000000000000 ) ) 
 REPRESENTATION_ITEM ( '' )  );
#203 = FACE_OUTER_BOUND ( 'NONE', #5491, .T. ) ;
#204 = PLANE ( 'NONE',  #4128 ) ;
#205 = ORIENTED_EDGE ( 'NONE', *, *, #2552, .F. ) ;
#206 = EDGE_CURVE ( 'NONE', #4300, #1864, #5496, .T. ) ;
#207 = CARTESIAN_POINT ( 'NONE',  ( -11.49203277363221609, 7.418627449499085813, 314.7489999999996826 ) ) ;
#208 = EDGE_CURVE ( 'NONE', #4650, #1680, #5968, .T. ) ;
#209 = CARTESIAN_POINT ( 'NONE',  ( -113.9138977503118895, 12.99374998840615092, 2.956644390996883143 ) ) ;
#210 = CARTESIAN_POINT ( 'NONE',  ( -111.8304410115665064, 1.827409992562948782, 0.6330435575449115948 ) ) ;
#211 = ORIENTED_EDGE ( 'NONE', *, *, #160, .F. ) ;
#212 = LINE ( 'NONE', #3912, #3564 ) ;
#213 = ORIENTED_EDGE ( 'NONE', *, *, #3162, .T. ) ;
#214 = CARTESIAN_POINT ( 'NONE',  ( -105.0844965366138126, 7.419135712314225195, 268.1621166226480000 ) ) ;
#215 = CARTESIAN_POINT ( 'NONE',  ( -104.4155162364252192, 1.648575321342643063, 291.2526286062418990 ) ) ;
#216 = CARTESIAN_POINT ( 'NONE',  ( -106.1679015045278760, 7.932020015213325337, 275.1989266516167163 ) ) ;
#217 = CARTESIAN_POINT ( 'NONE',  ( -39.34213890066337882, 1.766904805648898957, 268.6544379066506849 ) ) ;
#218 = CARTESIAN_POINT ( 'NONE',  ( -113.7004245384670895, 2.559652184711390444, 322.4678746753592691 ) ) ;
#219 = CARTESIAN_POINT ( 'NONE',  ( -104.5405666570962495, 6.035154782289390063, 291.6240985237405425 ) ) ;
#220 = CARTESIAN_POINT ( 'NONE',  ( -40.72921507116022610, 0.5838322469661514358, 267.8553406615991435 ) ) ;
#221 = CARTESIAN_POINT ( 'NONE',  ( -39.60122650772773767, 0.5827289653532555791, 290.6595668970829252 ) ) ;
#222 = CARTESIAN_POINT ( 'NONE',  ( -70.94352702659848831, 3.995356370322071804, 203.8633910309820294 ) ) ;
#223 = APPLICATION_PROTOCOL_DEFINITION ( 'international standard', 'config_control_design', 1994, #5146 ) ;
#224 = CARTESIAN_POINT ( 'NONE',  ( -102.8303985497780957, 13.78439564410993512, 266.6544379066506281 ) ) ;
#225 = CARTESIAN_POINT ( 'NONE',  ( -39.39650380292986398, 1.577338169066038631, 290.1809881263008037 ) ) ;
#226 = CARTESIAN_POINT ( 'NONE',  ( -103.9940161437034192, 13.04725450259214270, 8.999999999994944488 ) ) ;
#227 = AXIS2_PLACEMENT_3D ( 'NONE', #47, #74, #3689 ) ;
#228 = APPROVAL_PERSON_ORGANIZATION ( #3068, #695, #3594 ) ;
#229 = DIRECTION ( 'NONE',  ( -8.467505249662516110E-15, 4.083641924809397674E-16, -1.000000000000000000 ) ) ;
#230 = ORIENTED_EDGE ( 'NONE', *, *, #4562, .F. ) ;
#231 = VERTEX_POINT ( 'NONE', #1770 ) ;
#232 = VECTOR ( 'NONE', #2963, 1000.000000000000000 ) ;
#233 = EDGE_CURVE ( 'NONE', #4793, #854, #2266, .T. ) ;
#234 = AXIS2_PLACEMENT_3D ( 'NONE', #1240, #294, #5979 ) ;
#235 = CARTESIAN_POINT ( 'NONE',  ( -3.205122712792579875, 3.205122712792580320, 0.05241439425903730159 ) ) ;
#236 = DIRECTION ( 'NONE',  ( 5.551191419549779809E-14, -5.429600633769780266E-17, 1.000000000000000000 ) ) ;
#237 = VERTEX_POINT ( 'NONE', #5989 ) ;
#238 = CARTESIAN_POINT ( 'NONE',  ( -100.2130641889378353, 8.546828554825683710, 292.6544379066506849 ) ) ;
#239 = AXIS2_PLACEMENT_3D ( 'NONE', #701, #4855, #5413 ) ;
#240 = VECTOR ( 'NONE', #2667, 1000.000000000000000 ) ;
#241 = FACE_BOUND ( 'NONE', #4265, .T. ) ;
#242 = CARTESIAN_POINT ( 'NONE',  ( -113.9168855666146385, 12.99389408246405608, 274.6585795903464486 ) ) ;
#243 = VERTEX_POINT ( 'NONE', #3669 ) ;
#244 = CARTESIAN_POINT ( 'NONE',  ( 65.47178443006298210, 0.0000000000000000000, 206.7496146743888232 ) ) ;
#245 = ORIENTED_EDGE ( 'NONE', *, *, #5161, .T. ) ;
#246 = EDGE_CURVE ( 'NONE', #57, #4260, #416, .T. ) ;
#247 = CARTESIAN_POINT ( 'NONE',  ( -9.506026631893282897, 3.995356370322071804, 319.2999807591427839 ) ) ;
#248 = CARTESIAN_POINT ( 'NONE',  ( -41.34440498179763068, 0.5844339620352685394, 267.6544379066506849 ) ) ;
#249 = EDGE_CURVE ( 'NONE', #1595, #5061, #1309, .T. ) ;
#250 = CARTESIAN_POINT ( 'NONE',  ( -105.1129002011315521, 7.551033870359936451, 274.3154313336124233 ) ) ;
#251 = PLANE ( 'NONE',  #1495 ) ;
#252 = DIRECTION ( 'NONE',  ( 1.000000000000000000, 0.0000000000000000000, 0.0000000000000000000 ) ) ;
#253 = CARTESIAN_POINT ( 'NONE',  ( -104.2257142296077035, 5.557316346715255762, 291.9987014989613385 ) ) ;
#254 = DIRECTION ( 'NONE',  ( -0.5004356563159256810, 0.0000000000000000000, 0.8657737313453491845 ) ) ;
#255 = CARTESIAN_POINT ( 'NONE',  ( -100.2766404279233257, 3.547232764980635888, 265.6544379066506281 ) ) ;
#256 = DIRECTION ( 'NONE',  ( -1.000000000000000000, 0.0000000000000000000, 0.0000000000000000000 ) ) ;
#257 = LINE ( 'NONE', #1233, #5206 ) ;
#258 = EDGE_CURVE ( 'NONE', #4260, #3261, #586, .T. ) ;
#259 = APPROVAL_DATE_TIME ( #4438, #3389 ) ;
#260 = CARTESIAN_POINT ( 'NONE',  ( -11.19939157107385874, 2.414501900420189973, 311.1777330219019859 ) ) ;
#261 = CARTESIAN_POINT ( 'NONE',  ( -40.69911991827586206, 1.582091419413896638, 291.5523400111483170 ) ) ;
#262 = DIRECTION ( 'NONE',  ( 0.02655026913684868303, 0.9674502699833104069, -0.2516645750159936523 ) ) ;
#263 = CARTESIAN_POINT ( 'NONE',  ( -110.0392907047369562, 12.80688848307549321, 0.0000000000000000000 ) ) ;
#264 = ORIENTED_EDGE ( 'NONE', *, *, #607, .T. ) ;
#265 = ORIENTED_EDGE ( 'NONE', *, *, #5407, .F. ) ;
#266 = CARTESIAN_POINT ( 'NONE',  ( -105.1901225061591560, 0.6468812318451074850, 289.9165542078121689 ) ) ;
#267 = CARTESIAN_POINT ( 'NONE',  ( -8.975653750143564480, 7.724342106489412885, 312.2489999999995689 ) ) ;
#268 = ORIENTED_EDGE ( 'NONE', *, *, #489, .T. ) ;
#269 = CARTESIAN_POINT ( 'NONE',  ( -2.939419985849450967, 3.995356370322072248, 314.3499999999996817 ) ) ;
#270 = B_SPLINE_CURVE_WITH_KNOTS ( 'NONE', 3,
 ( #1350, #896, #5566, #4649, #1409, #3777, #1942, #1372, #2764, #5634, #466, #4618, #4166, #2795, #6038, #955, #2398, #4259 ),
 .UNSPECIFIED., .F., .F.,
 ( 4, 2, 2, 2, 2, 2, 2, 2, 4 ),
 ( 0.0000000000000000000, 0.0007875561209191373532, 0.001575112241838274706, 0.002362668362757411843, 0.003150224483676549413, 0.003937780604595686983, 0.004725336725514823685, 0.005512892846433961255, 0.006300448967353098825 ),
 .UNSPECIFIED. ) ;
#271 = CARTESIAN_POINT ( 'NONE',  ( -8.646044848995705578, 3.995356370322071804, 323.7500000000001137 ) ) ;
#272 = CARTESIAN_POINT ( 'NONE',  ( -39.34213890066337882, 1.766904805648899845, 289.6544379066506849 ) ) ;
#273 = EDGE_LOOP ( 'NONE', ( #3779, #5927, #4319, #3630 ) ) ;
#274 = DIRECTION ( 'NONE',  ( -1.000000000000000000, 0.0000000000000000000, -0.0000000000000000000 ) ) ;
#275 = VERTEX_POINT ( 'NONE', #1800 ) ;
#276 = FACE_OUTER_BOUND ( 'NONE', #3052, .T. ) ;
#277 = CARTESIAN_POINT ( 'NONE',  ( -1.807315091079282121, 3.995356370322071804, 1.500999999999641510 ) ) ;
#278 = DIRECTION ( 'NONE',  ( 3.965082230804116415E-15, -1.652117596168381839E-16, 1.000000000000000000 ) ) ;
#279 = CARTESIAN_POINT ( 'NONE',  ( -109.0404516121575682, 12.75871725584468308, 5.001000000000005663 ) ) ;
#280 = ADVANCED_FACE ( 'NONE', ( #4037 ), #4894, .F. ) ;
#281 = CARTESIAN_POINT ( 'NONE',  ( -14.05662661152041615, 2.450835289238894710, 309.7489999999994552 ) ) ;
#282 = CARTESIAN_POINT ( 'NONE',  ( -0.1279334032063324522, 2.063966701603159315, 320.7871302637299209 ) ) ;
#283 = CARTESIAN_POINT ( 'NONE',  ( -41.08112862387021380, 0.5841764523635737394, 267.6809727991367254 ) ) ;
#284 = CARTESIAN_POINT ( 'NONE',  ( -41.34607956385803362, 1.584436078274261694, 290.6544379066506849 ) ) ;
#285 = EDGE_LOOP ( 'NONE', ( #2, #3602, #688, #3709 ) ) ;
#286 = CARTESIAN_POINT ( 'NONE',  ( -112.6855345496609573, 12.93450945276820363, 322.7633813652095682 ) ) ;
#287 = DIRECTION ( 'NONE',  ( -0.9988390925805179510, 0.04817122723086490754, 0.0000000000000000000 ) ) ;
#288 = DATE_AND_TIME ( #4468, #2957 ) ;
#289 = FACE_OUTER_BOUND ( 'NONE', #3719, .T. ) ;
#290 = CARTESIAN_POINT ( 'NONE',  ( -40.34219934130862129, 1.580791403666913730, 291.3906979990167656 ) ) ;
#291 = B_SPLINE_CURVE_WITH_KNOTS ( 'NONE', 3,
 ( #2030, #2060, #3922, #4280, #4765, #2936, #93, #611, #1138, #1531, #4736, #3894, #4792, #646 ),
 .UNSPECIFIED., .F., .F.,
 ( 4, 2, 2, 2, 2, 2, 4 ),
 ( 0.0000000000000000000, 0.0008194290750144406135, 0.001638858150028881227, 0.002458287225043321624, 0.003277716300057762454, 0.004916574450086643247, 0.006555432600115524908 ),
 .UNSPECIFIED. ) ;
#292 = FACE_OUTER_BOUND ( 'NONE', #1735, .T. ) ;
#293 = CARTESIAN_POINT ( 'NONE',  ( -105.0808037046480479, 7.230345390555809715, 289.9023042800876055 ) ) ;
#294 = DIRECTION ( 'NONE',  ( 8.925871739611245839E-13, 8.873058081997743467E-13, 1.000000000000000000 ) ) ;
#295 = ORIENTED_EDGE ( 'NONE', *, *, #4018, .T. ) ;
#296 = ORIENTED_EDGE ( 'NONE', *, *, #760, .F. ) ;
#297 = CARTESIAN_POINT ( 'NONE',  ( -104.1861368084695272, 0.6458992369941716216, 289.7852340802641606 ) ) ;
#298 =( BOUNDED_CURVE ( )  B_SPLINE_CURVE ( 3, ( #3802, #2003, #3338, #4432 ),
 .UNSPECIFIED., .F., .F. ) 
 B_SPLINE_CURVE_WITH_KNOTS ( ( 4, 4 ),
 ( 3.141592653589793116, 6.283185307179586232 ),
 .UNSPECIFIED. ) 
 CURVE ( )  GEOMETRIC_REPRESENTATION_ITEM ( )  RATIONAL_B_SPLINE_CURVE ( ( 1.000000000000000000, 0.3333333333333333703, 0.3333333333333333703, 1.000000000000000000 ) ) 
 REPRESENTATION_ITEM ( '' )  );
#299 = FACE_OUTER_BOUND ( 'NONE', #1044, .T. ) ;
#300 = EDGE_LOOP ( 'NONE', ( #3385, #836, #930, #2256 ) ) ;
#301 = EDGE_CURVE ( 'NONE', #5264, #5106, #2222, .T. ) ;
#302 = CARTESIAN_POINT ( 'NONE',  ( -111.4861586422782977, 3.995356370322071804, 1.501000000000015211 ) ) ;
#303 = CARTESIAN_POINT ( 'NONE',  ( -111.9659966613506583, 0.4492249765529242600, 2.035267474800516396 ) ) ;
#304 = CARTESIAN_POINT ( 'NONE',  ( -7.165051494980998470, 3.995356370322071804, 322.2499999999978400 ) ) ;
#305 = VERTEX_POINT ( 'NONE', #6044 ) ;
#306 = CARTESIAN_POINT ( 'NONE',  ( -40.02062515523269326, 1.777379945599623312, 267.1475334418885836 ) ) ;
#307 = ORIENTED_EDGE ( 'NONE', *, *, #5806, .F. ) ;
#308 = CARTESIAN_POINT ( 'NONE',  ( -103.8447541711033892, 5.104037690422214446, 266.0017280743140873 ) ) ;
#309 = LINE ( 'NONE', #1583, #5510 ) ;
#310 = LINE ( 'NONE', #3093, #4710 ) ;
#311 = CARTESIAN_POINT ( 'NONE',  ( -104.0597506159630825, 0.6457756191076283736, 268.1507073853626366 ) ) ;
#312 = CARTESIAN_POINT ( 'NONE',  ( -112.2799550337934278, 3.250018615144513401, 323.4468661874020654 ) ) ;
#313 = CARTESIAN_POINT ( 'NONE',  ( -1.443214681111850695, 1.443214681111850695, 322.9131518766095041 ) ) ;
#314 = CARTESIAN_POINT ( 'NONE',  ( -112.7643120787221847, 2.000000000000000000, 323.7500000000000000 ) ) ;
#315 = ORIENTED_EDGE ( 'NONE', *, *, #525, .F. ) ;
#316 = CARTESIAN_POINT ( 'NONE',  ( -38.34216575632032686, 1.759576054550197277, 268.6544379066506849 ) ) ;
#317 = DIRECTION ( 'NONE',  ( -1.000000000000000000, 0.0000000000000000000, 9.003423303438627401E-15 ) ) ;
#318 = EDGE_CURVE ( 'NONE', #2168, #3933, #1115, .T. ) ;
#319 = CARTESIAN_POINT ( 'NONE',  ( -105.0530035507141662, 7.042840150857909265, 268.2147319324189425 ) ) ;
#320 = CARTESIAN_POINT ( 'NONE',  ( -106.2126457168427294, 8.617691027423845185, 283.1544379066507418 ) ) ;
#321 = ADVANCED_FACE ( 'NONE', ( #1354 ), #2373, .T. ) ;
#322 = FACE_OUTER_BOUND ( 'NONE', #3601, .T. ) ;
#323 = ADVANCED_FACE ( 'NONE', ( #905 ), #4625, .F. ) ;
#324 = B_SPLINE_CURVE_WITH_KNOTS ( 'NONE', 3,
 ( #325, #563, #3419, #4935, #293, #2648, #3529, #2196, #2434, #5393, #4059, #1701, #5275, #4965, #4362, #3568, #1517, #3388 ),
 .UNSPECIFIED., .F., .F.,
 ( 4, 2, 2, 2, 2, 2, 2, 2, 4 ),
 ( -5.999999920048444429E-08, 0.0001607495772939164351, 0.0003215591545870333484, 0.0006431783091733939183, 0.001286416618346014661, 0.002572893236691175482, 0.003859369855036335652, 0.004502608164208893836, 0.005145846473381453755 ),
 .UNSPECIFIED. ) ;
#325 = CARTESIAN_POINT ( 'NONE',  ( -105.0932437651792526, 7.324441712893342782, 289.6544379066506849 ) ) ;
#326 = ORIENTED_EDGE ( 'NONE', *, *, #4353, .F. ) ;
#327 = ORIENTED_EDGE ( 'NONE', *, *, #5483, .T. ) ;
#328 = CARTESIAN_POINT ( 'NONE',  ( -5.334661859500711145, 0.0000000000000000000, 165.9169518843244759 ) ) ;
#329 = CARTESIAN_POINT ( 'NONE',  ( -39.34343311930974352, 1.577143931193278004, 268.6544379066506849 ) ) ;
#330 = VECTOR ( 'NONE', #2057, 1000.000000000000114 ) ;
#331 = ORIENTED_EDGE ( 'NONE', *, *, #5818, .F. ) ;
#332 = SECURITY_CLASSIFICATION ( '', '', #1692 ) ;
#333 = CARTESIAN_POINT ( 'NONE',  ( -4.961418165266573865, 7.739275378388469129, 318.7499999999996589 ) ) ;
#334 = CARTESIAN_POINT ( 'NONE',  ( -39.34303389037241772, 1.640397454448510262, 289.6544379066506849 ) ) ;
#335 = VECTOR ( 'NONE', #653, 1000.000000000000000 ) ;
#336 = TOROIDAL_SURFACE ( 'NONE', #616, 113.7820467919759295, 1.000000000000000000 ) ;
#337 = ORIENTED_EDGE ( 'NONE', *, *, #169, .F. ) ;
#338 =( BOUNDED_SURFACE ( )  B_SPLINE_SURFACE ( 3, 2, ( 
 ( #4860, #1528, #739 ),
 ( #3951, #4430, #3400 ),
 ( #5256, #2932, #4789 ),
 ( #605, #674, #705 ),
 ( #3061, #158, #3519 ),
 ( #2026, #5784, #2479 ),
 ( #2543, #4400, #3891 ),
 ( #5753, #5815, #253 ),
 ( #1992, #1557, #3430 ),
 ( #5353, #5287, #219 ),
 ( #5844, #5325, #2573 ),
 ( #1097, #2087, #2969 ),
 ( #1627, #4372, #3491 ),
 ( #189, #3919, #3031 ),
 ( #4887, #2122, #1654 ),
 ( #5382, #1187, #4922 ),
 ( #2608, #575, #1457 ),
 ( #5588, #5136, #3369 ),
 ( #4735, #546, #3767 ),
 ( #1530, #122, #2356 ) ),
 .UNSPECIFIED., .F., .F., .F. ) 
 B_SPLINE_SURFACE_WITH_KNOTS ( ( 4, 2, 2, 2, 2, 2, 2, 2, 2, 4 ),
 ( 3, 3 ),
 ( -2.168404344971008868E-19, 0.0007761053298264633657, 0.001552210659652926948, 0.002328315989479390422, 0.003104421319305853896, 0.003880526649132317370, 0.004656631978958780844, 0.005432737308785243885, 0.005820789973698475839, 0.006208842638611707793 ),
 ( 0.0000000000000000000, 1.000000000000000000 ),
 .UNSPECIFIED. ) 
 GEOMETRIC_REPRESENTATION_ITEM ( )  RATIONAL_B_SPLINE_SURFACE ( (
 ( 1.000000000000000000, 0.7071067811865476838, 1.000000000000000000),
 ( 1.000000000000000000, 0.7202248586288249044, 1.000000000000000000),
 ( 1.000000000000000000, 0.7352509921443323160, 1.000000000000000000),
 ( 1.000000000000000000, 0.7670844798756216720, 1.000000000000000000),
 ( 1.000000000000000000, 0.7840542662439563548, 1.000000000000000000),
 ( 1.000000000000000000, 0.8172991831835728638, 1.000000000000000000),
 ( 1.000000000000000000, 0.8335921668621566472, 1.000000000000000000),
 ( 1.000000000000000000, 0.8647515178972278171, 1.000000000000000000),
 ( 1.000000000000000000, 0.8797021216302810531, 1.000000000000000000),
 ( 1.000000000000000000, 0.9073370175798144421, 1.000000000000000000),
 ( 1.000000000000000000, 0.9199369882906401896, 1.000000000000000000),
 ( 1.000000000000000000, 0.9426204809215620317, 1.000000000000000000),
 ( 1.000000000000000000, 0.9527082910048291220, 1.000000000000000000),
 ( 1.000000000000000000, 0.9702390235827823561, 1.000000000000000000),
 ( 1.000000000000000000, 0.9777537418028982019, 1.000000000000000000),
 ( 1.000000000000000000, 0.9863865453440453512, 1.000000000000000000),
 ( 1.000000000000000000, 0.9888351749534127766, 1.000000000000000000),
 ( 1.000000000000000000, 0.9924040858966465262, 1.000000000000000000),
 ( 1.000000000000000000, 0.9935310948024447253, 1.000000000000000000),
 ( 1.000000000000000000, 0.9935126595445117337, 1.000000000000000000) ) ) 
 REPRESENTATION_ITEM ( '' )  SURFACE ( )  );
#339 = EDGE_LOOP ( 'NONE', ( #3415, #105, #4298, #3408, #931, #1574, #3830, #1880 ) ) ;
#340 = CARTESIAN_POINT ( 'NONE',  ( -102.8075149917786462, 4.270037484528772964, 266.6181568598537979 ) ) ;
#341 = CARTESIAN_POINT ( 'NONE',  ( -41.07688791334468448, 10.49420186094486951, 291.6544379066506849 ) ) ;
#342 = VECTOR ( 'NONE', #2128, 1000.000000000000000 ) ;
#343 = CIRCLE ( 'NONE', #1308, 5.000000000000004441 ) ;
#344 = CIRCLE ( 'NONE', #4140, 1.000000000000000000 ) ;
#345 = CARTESIAN_POINT ( 'NONE',  ( -107.6326944623784243, 0.0000000000000000000, 315.2500000000001705 ) ) ;
#346 = CARTESIAN_POINT ( 'NONE',  ( -113.8623119517666282, 2.480262838991954322, 322.2828815747242857 ) ) ;
#347 = CARTESIAN_POINT ( 'NONE',  ( -2.418669776893918932, 2.418669776893918488, 323.4799954190905851 ) ) ;
#348 = CARTESIAN_POINT ( 'NONE',  ( -39.75082407728841360, 1.773216912315625837, 290.8729991901055882 ) ) ;
#349 = CARTESIAN_POINT ( 'NONE',  ( -41.34196608152250008, 1.797722342852040134, 291.6544379066506849 ) ) ;
#350 = VERTEX_POINT ( 'NONE', #2891 ) ;
#351 = AXIS2_PLACEMENT_3D ( 'NONE', #521, #615, #5627 ) ;
#352 = CARTESIAN_POINT ( 'NONE',  ( -39.40582756842223944, 1.767888952090000965, 290.1718156838904861 ) ) ;
#353 = PLANE ( 'NONE',  #1204 ) ;
#354 = CARTESIAN_POINT ( 'NONE',  ( 0.0000000000000000000, 0.0000000000000000000, 0.0000000000000000000 ) ) ;
#355 = DIRECTION ( 'NONE',  ( 1.625896048388380614E-15, -7.841243758125038658E-17, 1.000000000000000000 ) ) ;
#356 = DIRECTION ( 'NONE',  ( 0.5004356563159398918, 0.0000000000000000000, 0.8657737313453409689 ) ) ;
#357 = ADVANCED_FACE ( 'NONE', ( #2317 ), #3232, .T. ) ;
#358 = CARTESIAN_POINT ( 'NONE',  ( -3.269267886037739768, 0.8775010007999973771, 322.2499999999994884 ) ) ;
#359 = DIRECTION ( 'NONE',  ( -0.04817122723086528918, -0.9988390925805179510, 0.0000000000000000000 ) ) ;
#360 = ORIENTED_EDGE ( 'NONE', *, *, #5563, .T. ) ;
#361 = ORIENTED_EDGE ( 'NONE', *, *, #5361, .T. ) ;
#362 = CARTESIAN_POINT ( 'NONE',  ( -1.999999999999999556, 0.0000000000000000000, 317.5190985932532612 ) ) ;
#363 = CARTESIAN_POINT ( 'NONE',  ( -114.6712624563270424, 5.045154629304088090, 276.0994097606788955 ) ) ;
#364 = EDGE_LOOP ( 'NONE', ( #1753, #3749, #387, #436 ) ) ;
#365 = DIRECTION ( 'NONE',  ( -0.9988390925805179510, 0.04817122723086550429, 0.0000000000000000000 ) ) ;
#366 = EDGE_LOOP ( 'NONE', ( #264, #2392 ) ) ;
#367 = ORIENTED_EDGE ( 'NONE', *, *, #4674, .T. ) ;
#368 = CARTESIAN_POINT ( 'NONE',  ( -104.8412170034036706, 6.089338072105115351, 267.6224202579788312 ) ) ;
#369 = LINE ( 'NONE', #4170, #6003 ) ;
#370 = CARTESIAN_POINT ( 'NONE',  ( -105.6096199179649915, 0.0000000000000000000, 318.7500000000017621 ) ) ;
#371 = FACE_OUTER_BOUND ( 'NONE', #6043, .T. ) ;
#372 = CARTESIAN_POINT ( 'NONE',  ( -0.2433703556326728135, 0.2433703556326728135, 321.2452681180539003 ) ) ;
#373 = CARTESIAN_POINT ( 'NONE',  ( -39.33477056452893095, 2.772279139625326572, 289.6544379066507418 ) ) ;
#374 = CARTESIAN_POINT ( 'NONE',  ( -104.1861368306290956, 0.6458992370158401775, 268.6544379066506281 ) ) ;
#375 = ORIENTED_EDGE ( 'NONE', *, *, #3043, .T. ) ;
#376 = DIRECTION ( 'NONE',  ( -0.0000000000000000000, -0.0000000000000000000, -1.000000000000000000 ) ) ;
#377 = LINE ( 'NONE', #941, #1706 ) ;
#378 = CARTESIAN_POINT ( 'NONE',  ( -114.4660414635864640, 8.516080197604024349, 283.1319997808113271 ) ) ;
#379 = CARTESIAN_POINT ( 'NONE',  ( -103.1711405694369432, 3.326695977282428718, 291.6544379066506849 ) ) ;
#380 = LINE ( 'NONE', #2254, #5890 ) ;
#381 = DIRECTION ( 'NONE',  ( -0.9999191579690124287, 0.01271524779707759213, 0.0000000000000000000 ) ) ;
#382 = ORIENTED_EDGE ( 'NONE', *, *, #1606, .T. ) ;
#383 = EDGE_LOOP ( 'NONE', ( #1964, #2208, #5094, #2868 ) ) ;
#384 = CARTESIAN_POINT ( 'NONE',  ( -104.4155137103645785, 1.648575313841738943, 291.2526305531918638 ) ) ;
#385 = ADVANCED_FACE ( 'NONE', ( #3714 ), #3459, .T. ) ;
#386 = CARTESIAN_POINT ( 'NONE',  ( -113.1223387349417493, 0.03230670239586777570, 319.7500000000000000 ) ) ;
#387 = ORIENTED_EDGE ( 'NONE', *, *, #4441, .T. ) ;
#388 = ORIENTED_EDGE ( 'NONE', *, *, #3840, .T. ) ;
#389 = CARTESIAN_POINT ( 'NONE',  ( -100.2766404279231551, 3.547232764980633668, 312.2489999999997963 ) ) ;
#390 = CARTESIAN_POINT ( 'NONE',  ( -39.07972058494023315, 10.38779386146216410, 289.6544379066506849 ) ) ;
#391 = ADVANCED_FACE ( 'NONE', ( #4810 ), #5227, .T. ) ;
#392 = ADVANCED_FACE ( 'NONE', ( #2560 ), #832, .T. ) ;
#393 = CARTESIAN_POINT ( 'NONE',  ( -104.5093361067846729, 0.6462153570815798442, 267.1455525123017765 ) ) ;
#394 = CARTESIAN_POINT ( 'NONE',  ( -111.1656772940234674, 3.784188027933793386, 323.7500000000000000 ) ) ;
#395 = DIRECTION ( 'NONE',  ( -1.625896048388380614E-15, 7.841243758125038658E-17, -1.000000000000000000 ) ) ;
#396 = B_SPLINE_CURVE_WITH_KNOTS ( 'NONE', 3,
 ( #2903, #5164, #2877, #5102, #2842, #4734, #545, #2418, #4763, #89, #1960, #918 ),
 .UNSPECIFIED., .F., .F.,
 ( 4, 2, 2, 2, 2, 4 ),
 ( 0.0000000000000000000, 0.001309871968668173663, 0.002619743937336347327, 0.003929615906004520556, 0.004584551890338605870, 0.005239487874672692051 ),
 .UNSPECIFIED. ) ;
#397 = CARTESIAN_POINT ( 'NONE',  ( -39.54449955654266091, 1.770031165759383684, 290.5408476658188874 ) ) ;
#398 = LINE ( 'NONE', #3129, #3954 ) ;
#399 = ORIENTED_EDGE ( 'NONE', *, *, #4542, .T. ) ;
#400 = CARTESIAN_POINT ( 'NONE',  ( -39.44423114787279161, 1.768482327775928509, 290.2987565074095073 ) ) ;
#401 = CARTESIAN_POINT ( 'NONE',  ( -39.34705861651449510, 0.5824803646412805014, 268.6544379066506849 ) ) ;
#402 = COORDINATED_UNIVERSAL_TIME_OFFSET ( 0, 0, .AHEAD. ) ;
#403 = CARTESIAN_POINT ( 'NONE',  ( -113.5742607467814338, 6.968174646421954499, 282.6270992845594492 ) ) ;
#404 = ADVANCED_FACE ( 'NONE', ( #3417 ), #3479, .F. ) ;
#405 = CARTESIAN_POINT ( 'NONE',  ( -38.63370047568371746, 2.763364139015778598, 267.3235841168725528 ) ) ;
#406 = CARTESIAN_POINT ( 'NONE',  ( -11.50546899602530893, 6.943196777614301318, 9.012340229572794570 ) ) ;
#407 = ORIENTED_EDGE ( 'NONE', *, *, #2019, .T. ) ;
#408 = CARTESIAN_POINT ( 'NONE',  ( -40.34439129794159129, 0.5834558521987921464, 289.9185483770879728 ) ) ;
#409 = CARTESIAN_POINT ( 'NONE',  ( -113.6878541835061327, 2.565831610585378897, 1.269430376732869403 ) ) ;
#410 = EDGE_CURVE ( 'NONE', #785, #5264, #3968, .T. ) ;
#411 = VERTEX_POINT ( 'NONE', #3508 ) ;
#412 = ORIENTED_EDGE ( 'NONE', *, *, #1584, .T. ) ;
#413 = AXIS2_PLACEMENT_3D ( 'NONE', #2071, #236, #5306 ) ;
#414 = CARTESIAN_POINT ( 'NONE',  ( -104.0995484013733972, 4.407998847334841486, 266.8859646908470609 ) ) ;
#415 = CARTESIAN_POINT ( 'NONE',  ( -39.27198691319490109, 6.454664549271047491, 290.8260107819045288 ) ) ;
#416 = LINE ( 'NONE', #1334, #3746 ) ;
#417 = CIRCLE ( 'NONE', #31, 0.9999999999999998890 ) ;
#418 = VECTOR ( 'NONE', #5405, 1000.000000000000000 ) ;
#419 = CARTESIAN_POINT ( 'NONE',  ( -110.7098093730611765, 4.000000000000000000, 323.7500000000000000 ) ) ;
#420 = DIRECTION ( 'NONE',  ( 1.000000000000000000, 0.0000000000000000000, -8.467505249662517688E-15 ) ) ;
#421 = CARTESIAN_POINT ( 'NONE',  ( -39.06906706641910887, 2.768900380660574534, 291.6366460730717449 ) ) ;
#422 = EDGE_CURVE ( 'NONE', #5440, #4541, #661, .T. ) ;
#423 = DIRECTION ( 'NONE',  ( -0.4930127300831890214, -0.8700220962572852157, 0.0000000000000000000 ) ) ;
#424 = ORIENTED_EDGE ( 'NONE', *, *, #1015, .T. ) ;
#425 = EDGE_CURVE ( 'NONE', #2654, #3913, #881, .T. ) ;
#426 = CARTESIAN_POINT ( 'NONE',  ( -105.1851464518892101, 1.650855100457929492, 268.6544379066506281 ) ) ;
#427 = CARTESIAN_POINT ( 'NONE',  ( -113.5118156947902861, 0.1339629188028776952, 4.683292429529172907 ) ) ;
#428 = AXIS2_PLACEMENT_3D ( 'NONE', #4695, #3330, #3396 ) ;
#429 = AXIS2_PLACEMENT_3D ( 'NONE', #3569, #4564, #381 ) ;
#430 = CARTESIAN_POINT ( 'NONE',  ( -114.4757590264125042, 8.385860436715494970, 284.1220876626364884 ) ) ;
#431 = CIRCLE ( 'NONE', #711, 0.9999999999999962252 ) ;
#432 = VECTOR ( 'NONE', #2047, 1000.000000000000000 ) ;
#433 =( BOUNDED_CURVE ( )  B_SPLINE_CURVE ( 3, ( #5166, #1364, #1, #2391 ),
 .UNSPECIFIED., .F., .F. ) 
 B_SPLINE_CURVE_WITH_KNOTS ( ( 4, 4 ),
 ( 1.522606450125260968, 2.004338114032290008 ),
 .UNSPECIFIED. ) 
 CURVE ( )  GEOMETRIC_REPRESENTATION_ITEM ( )  RATIONAL_B_SPLINE_CURVE ( ( 1.000000000000000000, 0.9807545335062296532, 0.9807545335062296532, 1.000000000000000000 ) ) 
 REPRESENTATION_ITEM ( '' )  );
#434 = CARTESIAN_POINT ( 'NONE',  ( 0.0000000000000000000, 0.0000000000000000000, 319.7500000000000000 ) ) ;
#435 = CARTESIAN_POINT ( 'NONE',  ( -109.0404516121570282, 12.75871725584465644, 161.8755000000000166 ) ) ;
#436 = ORIENTED_EDGE ( 'NONE', *, *, #5341, .T. ) ;
#437 = CARTESIAN_POINT ( 'NONE',  ( -104.8509621475846814, 13.45168003562936931, 289.6544379066506849 ) ) ;
#438 = LINE ( 'NONE', #4794, #2476 ) ;
#439 = CARTESIAN_POINT ( 'NONE',  ( -112.8651530421478526, 0.01855798864850301613, 3.554911325282808843 ) ) ;
#440 = ORIENTED_EDGE ( 'NONE', *, *, #5280, .T. ) ;
#441 = ORIENTED_EDGE ( 'NONE', *, *, #5389, .F. ) ;
#442 = CARTESIAN_POINT ( 'NONE',  ( -113.6506173632195669, 5.377029728932250841, 277.3815182566231101 ) ) ;
#443 = CARTESIAN_POINT ( 'NONE',  ( -102.7633557007377618, 8.579258765077076632, 309.7489999999995689 ) ) ;
#444 = ORIENTED_EDGE ( 'NONE', *, *, #5322, .F. ) ;
#445 = CARTESIAN_POINT ( 'NONE',  ( -9.506026631893282897, 3.995356370322071804, 319.2999807591427839 ) ) ;
#446 = CARTESIAN_POINT ( 'NONE',  ( -106.2098146117498345, 8.744273145798896252, 283.1544379066506849 ) ) ;
#447 = CARTESIAN_POINT ( 'NONE',  ( -101.9946824954173223, 3.836031390336430924, 12.27842467643304047 ) ) ;
#448 = CARTESIAN_POINT ( 'NONE',  ( -112.7643120675802493, 0.0000000000000000000, 3.674428399225517783 ) ) ;
#449 = FACE_BOUND ( 'NONE', #3172, .T. ) ;
#450 = EDGE_LOOP ( 'NONE', ( #4383, #4094, #3665, #4836 ) ) ;
#451 = LINE ( 'NONE', #1389, #614 ) ;
#452 = LINE ( 'NONE', #5948, #36 ) ;
#453 = EDGE_CURVE ( 'NONE', #35, #3158, #4669, .T. ) ;
#454 = CARTESIAN_POINT ( 'NONE',  ( -40.44558174940721074, 0.5835548262203780201, 268.2112330374834528 ) ) ;
#455 = CARTESIAN_POINT ( 'NONE',  ( 0.1926849089234611567, 3.995356370322071804, 0.0000000000000000000 ) ) ;
#456 = FACE_OUTER_BOUND ( 'NONE', #2380, .T. ) ;
#457 = EDGE_LOOP ( 'NONE', ( #2467, #911, #468, #375, #1468 ) ) ;
#458 = EDGE_CURVE ( 'NONE', #665, #3443, #2502, .T. ) ;
#459 = LINE ( 'NONE', #3656, #2674 ) ;
#460 =( BOUNDED_CURVE ( )  B_SPLINE_CURVE ( 3, ( #5589, #4216, #3114, #1401 ),
 .UNSPECIFIED., .F., .F. ) 
 B_SPLINE_CURVE_WITH_KNOTS ( ( 4, 4 ),
 ( 0.0000000000000000000, 1.000000000000000000 ),
 .UNSPECIFIED. ) 
 CURVE ( )  GEOMETRIC_REPRESENTATION_ITEM ( )  RATIONAL_B_SPLINE_CURVE ( ( 1.000000000000000000, 0.8047378541243649375, 0.8047378541243649375, 1.000000000000000000 ) ) 
 REPRESENTATION_ITEM ( '' )  );
#461 = B_SPLINE_CURVE_WITH_KNOTS ( 'NONE', 3,
 ( #3302, #4278, #1036, #2328 ),
 .UNSPECIFIED., .F., .F.,
 ( 4, 4 ),
 ( 0.0000000000000000000, 7.628795045051116493E-05 ),
 .UNSPECIFIED. ) ;
#462 = CARTESIAN_POINT ( 'NONE',  ( -9.312088004799145224, 5.663954221622806706, 11.64835027742065421 ) ) ;
#463 = EDGE_LOOP ( 'NONE', ( #6039, #4364, #1303, #1048 ) ) ;
#464 = CARTESIAN_POINT ( 'NONE',  ( -102.8303985497780388, 13.78439564410993334, 291.6544379066506849 ) ) ;
#465 = CARTESIAN_POINT ( 'NONE',  ( -100.2130641889378353, 8.546828554825683710, 292.6544379066506849 ) ) ;
#466 = CARTESIAN_POINT ( 'NONE',  ( -113.6341811215583135, 5.789510972561865643, 276.7171063400249409 ) ) ;
#467 = EDGE_LOOP ( 'NONE', ( #3911, #2640, #5400, #2246, #4809 ) ) ;
#468 = ORIENTED_EDGE ( 'NONE', *, *, #5017, .F. ) ;
#469 = CARTESIAN_POINT ( 'NONE',  ( -114.6931390281384324, 4.518641441913693768, 276.9382883438288445 ) ) ;
#470 = CARTESIAN_POINT ( 'NONE',  ( -105.1071629945909791, 6.801985944510799520, 274.4752408613982197 ) ) ;
#471 = ADVANCED_FACE ( 'NONE', ( #4906 ), #4083, .F. ) ;
#472 = DIRECTION ( 'NONE',  ( 0.0000000000000000000, -1.000000000000000000, 0.0000000000000000000 ) ) ;
#473 = CARTESIAN_POINT ( 'NONE',  ( -8.994473609821570292, 7.308181882542173824, 11.49999999999962164 ) ) ;
#474 = CARTESIAN_POINT ( 'NONE',  ( -114.5654910263970692, 2.133763045523892288, 2.751889360920816152 ) ) ;
#475 = CARTESIAN_POINT ( 'NONE',  ( -2.939419985849978545, 3.995356370322071804, 161.8754999999996755 ) ) ;
#476 = ORIENTED_EDGE ( 'NONE', *, *, #3139, .T. ) ;
#477 = LINE ( 'NONE', #3296, #1987 ) ;
#478 = CARTESIAN_POINT ( 'NONE',  ( -2.939419985849978545, 3.995356370322071804, 161.8754999999996755 ) ) ;
#479 = CARTESIAN_POINT ( 'NONE',  ( -114.0434928689723932, 12.99999999999998757, 283.8900312780459103 ) ) ;
#480 = CARTESIAN_POINT ( 'NONE',  ( -11.61042060231750739, 4.298265512551822987, 8.999999999999710454 ) ) ;
#481 = FACE_OUTER_BOUND ( 'NONE', #5686, .T. ) ;
#482 = CARTESIAN_POINT ( 'NONE',  ( -41.34196608152250008, 1.797722342852040134, 266.6544379066506849 ) ) ;
#483 = EDGE_CURVE ( 'NONE', #67, #5515, #1900, .T. ) ;
#484 = CARTESIAN_POINT ( 'NONE',  ( -103.4590627952351412, 4.633846046370767802, 312.9449816509575157 ) ) ;
#485 = CARTESIAN_POINT ( 'NONE',  ( -114.6617639112277658, 5.258558300702331323, 275.8424004807532697 ) ) ;
#486 = ORIENTED_EDGE ( 'NONE', *, *, #5924, .F. ) ;
#487 = CARTESIAN_POINT ( 'NONE',  ( -104.6660683116314630, 6.266120714880231368, 291.4273311485642921 ) ) ;
#488 = DIRECTION ( 'NONE',  ( 0.9994584038019933558, -0.03290743182887018170, 0.0000000000000000000 ) ) ;
#489 = EDGE_CURVE ( 'NONE', #1549, #5336, #3664, .T. ) ;
#490 = VERTEX_POINT ( 'NONE', #3201 ) ;
#491 = CARTESIAN_POINT ( 'NONE',  ( -103.1861293549776235, 0.6449211332515867312, 290.6544379066506849 ) ) ;
#492 = CARTESIAN_POINT ( 'NONE',  ( -9.054684967972056242, 6.085615533651797193, 312.2489999999995121 ) ) ;
#493 = DIRECTION ( 'NONE',  ( 3.965082230804116415E-15, -1.652117596168381839E-16, 1.000000000000000000 ) ) ;
#494 = ORIENTED_EDGE ( 'NONE', *, *, #3840, .F. ) ;
#495 = ORIENTED_EDGE ( 'NONE', *, *, #2360, .T. ) ;
#496 = EDGE_CURVE ( 'NONE', #3619, #3610, #5217, .T. ) ;
#497 = CARTESIAN_POINT ( 'NONE',  ( -102.5568433044173702, 12.44603088416359249, 8.999999999999786837 ) ) ;
#498 = DIRECTION ( 'NONE',  ( 0.04817122723086528918, 0.9988390925805179510, -0.0000000000000000000 ) ) ;
#499 = ORIENTED_EDGE ( 'NONE', *, *, #900, .T. ) ;
#500 = CARTESIAN_POINT ( 'NONE',  ( -104.1861368160875543, 0.6458992370015966822, 268.5228816370138247 ) ) ;
#501 = CARTESIAN_POINT ( 'NONE',  ( -106.1673247439569394, 10.03476751308905968, 283.1544379066506849 ) ) ;
#502 = CARTESIAN_POINT ( 'NONE',  ( -103.1851512589931303, 1.644920654915595026, 290.6544379066506849 ) ) ;
#503 = CARTESIAN_POINT ( 'NONE',  ( -112.6875651384718680, 0.1507474481337024719, 2.900917156123083096 ) ) ;
#504 = CARTESIAN_POINT ( 'NONE',  ( -114.7639975833967583, 2.035466637765298792, 319.7500000000000000 ) ) ;
#505 = ORIENTED_EDGE ( 'NONE', *, *, #5941, .F. ) ;
#506 = CARTESIAN_POINT ( 'NONE',  ( -105.1978088487344536, 9.583333864162195681, 312.2489999999998531 ) ) ;
#507 = CARTESIAN_POINT ( 'NONE',  ( -41.06741091603711169, 2.794311872208536052, 266.6680879241494608 ) ) ;
#508 = CARTESIAN_POINT ( 'NONE',  ( -9.054684967972033149, 6.085615533651796305, 313.7134660940667459 ) ) ;
#509 = VECTOR ( 'NONE', #3190, 1000.000000000000000 ) ;
#510 = CARTESIAN_POINT ( 'NONE',  ( -9.983937447938918908, 8.314336048158230241, 9.000000000004536815 ) ) ;
#511 = DIRECTION ( 'NONE',  ( 0.0000000000000000000, -1.000000000000000000, -2.886579864025407005E-12 ) ) ;
#512 = ADVANCED_FACE ( 'NONE', ( #3662 ), #3607, .F. ) ;
#513 = CARTESIAN_POINT ( 'NONE',  ( -41.08008908376708490, 1.793696911149111894, 266.6673879124616633 ) ) ;
#514 = AXIS2_PLACEMENT_3D ( 'NONE', #2807, #4632, #4209 ) ;
#515 =( BOUNDED_SURFACE ( )  B_SPLINE_SURFACE ( 3, 2, ( 
 ( #3126, #4120, #2268 ),
 ( #4983, #2664, #2214 ),
 ( #4521, #4074, #5943 ),
 ( #1750, #3616, #834 ),
 ( #2700, #4554, #4100 ),
 ( #5970, #3234, #17 ),
 ( #4151, #3692, #2832 ),
 ( #5673, #1417, #3756 ),
 ( #79, #1919, #1886 ),
 ( #2295, #5091, #1475 ),
 ( #1385, #3292, #2319 ),
 ( #5153, #6019, #3355 ),
 ( #1950, #447, #1825 ),
 ( #5184, #2746, #4688 ),
 ( #2377, #1356, #991 ),
 ( #4176, #963, #3813 ) ),
 .UNSPECIFIED., .F., .F., .F. ) 
 B_SPLINE_SURFACE_WITH_KNOTS ( ( 4, 2, 2, 2, 2, 2, 2, 4 ),
 ( 3, 3 ),
 ( 3.141592653589793116, 3.337942194439154964, 3.534291735288516811, 3.730641276137879103, 3.926990816987240951, 4.123340357836602799, 4.319689898685965090, 4.712388980384688786 ),
 ( 0.0000000000000000000, 1.000000000000000000 ),
 .UNSPECIFIED. ) 
 GEOMETRIC_REPRESENTATION_ITEM ( )  RATIONAL_B_SPLINE_SURFACE ( (
 ( 1.000000000000000000, 0.7071067811865455743, 1.000000000000000000),
 ( 1.000000000000000000, 0.7070717273041057238, 1.000000000000000000),
 ( 1.000000000000000000, 0.7117460039581410269, 1.000000000000000000),
 ( 1.000000000000000000, 0.7291288925851767688, 1.000000000000000000),
 ( 1.000000000000000000, 0.7418334198131212309, 1.000000000000000000),
 ( 1.000000000000000000, 0.7723968198840834853, 1.000000000000000000),
 ( 1.000000000000000000, 0.7902180103235018072, 1.000000000000000000),
 ( 1.000000000000000000, 0.8275942679198390328, 1.000000000000000000),
 ( 1.000000000000000000, 0.8471316616387203347, 1.000000000000000000),
 ( 1.000000000000000000, 0.8849191459301573026, 1.000000000000000000),
 ( 1.000000000000000000, 0.9031651001990875782, 1.000000000000000000),
 ( 1.000000000000000000, 0.9360421834873098312, 1.000000000000000000),
 ( 1.000000000000000000, 0.9506740358621316167, 1.000000000000000000),
 ( 1.000000000000000000, 0.9867291879192061632, 1.000000000000000000),
 ( 1.000000000000000000, 1.000158581772794930, 1.000000000000000000),
 ( 1.000000000000000000, 1.000000000000000000, 1.000000000000000000) ) ) 
 REPRESENTATION_ITEM ( '' )  SURFACE ( )  );
#516 = CARTESIAN_POINT ( 'NONE',  ( -101.7884653369389412, 4.591002242999377536, 312.7989489551574138 ) ) ;
#517 = CARTESIAN_POINT ( 'NONE',  ( -114.6929889180507445, 4.522473638056960787, 276.9304544598981010 ) ) ;
#518 = VERTEX_POINT ( 'NONE', #4512 ) ;
#519 = VECTOR ( 'NONE', #2708, 1000.000000000000114 ) ;
#520 = VECTOR ( 'NONE', #4153, 1000.000000000000000 ) ;
#521 = CARTESIAN_POINT ( 'NONE',  ( -106.2098146117498629, 8.744273145798890923, 274.1544379066506281 ) ) ;
#522 = CARTESIAN_POINT ( 'NONE',  ( -11.80061622879988370, 5.108669135765687486, 9.555934027400281749 ) ) ;
#523 = EDGE_LOOP ( 'NONE', ( #1689, #5827, #2597, #2316, #3423 ) ) ;
#524 = DIRECTION ( 'NONE',  ( 0.04817122723086528918, 0.9988390925805179510, -0.0000000000000000000 ) ) ;
#525 = EDGE_CURVE ( 'NONE', #3870, #5336, #5862, .T. ) ;
#526 = CARTESIAN_POINT ( 'NONE',  ( -106.2126457168427720, 8.617691027423846961, 274.1544379066506281 ) ) ;
#527 = ORIENTED_EDGE ( 'NONE', *, *, #4200, .T. ) ;
#528 = ORIENTED_EDGE ( 'NONE', *, *, #4501, .F. ) ;
#529 = CARTESIAN_POINT ( 'NONE',  ( -114.6274820111169248, 6.005028951516114155, 276.5127052756620856 ) ) ;
#530 = CARTESIAN_POINT ( 'NONE',  ( -106.1168350587373936, 5.174411100521947304, 277.0572191350960907 ) ) ;
#531 = ORIENTED_EDGE ( 'NONE', *, *, #3041, .T. ) ;
#532 = DIRECTION ( 'NONE',  ( -0.8650200284677328488, 0.04171750651340242616, -0.4999999999999868994 ) ) ;
#533 = EDGE_CURVE ( 'NONE', #1053, #3326, #1711, .T. ) ;
#534 = CARTESIAN_POINT ( 'NONE',  ( -1.637909052153259104, 3.995356370322071804, 159.8547740578324294 ) ) ;
#535 = DIRECTION ( 'NONE',  ( -1.625896048388380614E-15, 7.841243758125038658E-17, -1.000000000000000000 ) ) ;
#536 = DIRECTION ( 'NONE',  ( 1.000000000000000000, -0.0000000000000000000, 0.0000000000000000000 ) ) ;
#537 = CARTESIAN_POINT ( 'NONE',  ( -1.282084449473380738, 0.1332924004247854621, 318.7499999999956231 ) ) ;
#538 = ORIENTED_EDGE ( 'NONE', *, *, #3603, .F. ) ;
#539 = DIRECTION ( 'NONE',  ( -0.9988390925805177289, 0.04817122723086507408, 0.0000000000000000000 ) ) ;
#540 = CARTESIAN_POINT ( 'NONE',  ( -41.09491957025841913, 10.15576644122143968, 266.6544379066506849 ) ) ;
#541 = DIRECTION ( 'NONE',  ( -4.403279950663192628E-13, 2.166646399162705614E-12, -1.000000000000000000 ) ) ;
#542 = CARTESIAN_POINT ( 'NONE',  ( -39.39539291723976078, 1.577334105725833657, 268.1311726884630957 ) ) ;
#543 = AXIS2_PLACEMENT_3D ( 'NONE', #4267, #5609, #1977 ) ;
#544 = CARTESIAN_POINT ( 'NONE',  ( -12.18068121153199534, 4.060516651931302512, 313.4596524947028229 ) ) ;
#545 = CARTESIAN_POINT ( 'NONE',  ( -106.1084648756637847, 6.036034473923352017, 276.0607580623272383 ) ) ;
#546 = CARTESIAN_POINT ( 'NONE',  ( -105.0901036346778028, 7.438862722843891717, 289.7637278045490916 ) ) ;
#547 = DIRECTION ( 'NONE',  ( 0.8650200284677272977, -0.04171750651340215554, -0.4999999999999964473 ) ) ;
#548 = ORIENTED_EDGE ( 'NONE', *, *, #2039, .F. ) ;
#549 = EDGE_CURVE ( 'NONE', #4972, #4314, #873, .T. ) ;
#550 = VECTOR ( 'NONE', #2407, 999.9999999999998863 ) ;
#551 = CARTESIAN_POINT ( 'NONE',  ( -8.994473609821573845, 7.308181882542085894, 11.49999999999962164 ) ) ;
#552 = DIRECTION ( 'NONE',  ( -0.0000000000000000000, -0.0000000000000000000, -1.000000000000000000 ) ) ;
#553 = ORIENTED_EDGE ( 'NONE', *, *, #645, .T. ) ;
#554 = CARTESIAN_POINT ( 'NONE',  ( -105.1978088487354341, 9.583333864162243643, 10.03553390592868588 ) ) ;
#555 = FACE_OUTER_BOUND ( 'NONE', #2688, .T. ) ;
#556 = EDGE_LOOP ( 'NONE', ( #1242, #3150, #1715, #5699 ) ) ;
#557 = VERTEX_POINT ( 'NONE', #1763 ) ;
#558 = EDGE_CURVE ( 'NONE', #4900, #4348, #5933, .T. ) ;
#559 = CARTESIAN_POINT ( 'NONE',  ( -114.5952483180622892, 6.577561301777861580, 275.9749553998991018 ) ) ;
#560 = CARTESIAN_POINT ( 'NONE',  ( -105.1545323096376023, 4.635184976497522591, 278.2725182827682602 ) ) ;
#561 = DIRECTION ( 'NONE',  ( 0.0000000000000000000, 0.0000000000000000000, -1.000000000000000000 ) ) ;
#562 = CARTESIAN_POINT ( 'NONE',  ( -105.2103562079478252, 8.711365713970041114, 284.1544379066506849 ) ) ;
#563 = CARTESIAN_POINT ( 'NONE',  ( -105.0932427198774946, 7.324436592282721037, 289.7080410988285166 ) ) ;
#564 = CARTESIAN_POINT ( 'NONE',  ( -113.8505657904418911, 0.9359564508294977436, 1.324996546689059196 ) ) ;
#565 = ORIENTED_EDGE ( 'NONE', *, *, #3463, .T. ) ;
#566 = CARTESIAN_POINT ( 'NONE',  ( -114.5093895796390768, 7.908458536022096474, 284.0280413298405051 ) ) ;
#567 = EDGE_LOOP ( 'NONE', ( #1705, #72, #4289, #69, #636 ) ) ;
#568 = EDGE_CURVE ( 'NONE', #5828, #2528, #1211, .T. ) ;
#569 = CARTESIAN_POINT ( 'NONE',  ( -105.2887561036906305, 6.597681612626497660, 312.2489999999998531 ) ) ;
#570 = ADVANCED_FACE ( 'NONE', ( #5464 ), #1272, .F. ) ;
#571 = DIRECTION ( 'NONE',  ( -0.04817122723086528918, -0.9988390925805179510, 0.0000000000000000000 ) ) ;
#572 = CARTESIAN_POINT ( 'NONE',  ( -112.9671519962925288, 3.995356370322071804, 163.8962259421607826 ) ) ;
#573 = FACE_OUTER_BOUND ( 'NONE', #5709, .T. ) ;
#574 = PLANE ( 'NONE',  #1712 ) ;
#575 = CARTESIAN_POINT ( 'NONE',  ( -105.0560362554777640, 7.295931513027007931, 290.0621189677287930 ) ) ;
#576 = EDGE_CURVE ( 'NONE', #5521, #3870, #61, .T. ) ;
#577 = LINE ( 'NONE', #4310, #5498 ) ;
#578 = VERTEX_POINT ( 'NONE', #4482 ) ;
#579 = CARTESIAN_POINT ( 'NONE',  ( -8.997824869315506291, 7.231977029052687023, 11.50120031178776614 ) ) ;
#580 = PRODUCT ( 'angled base', 'angled base', '', ( #3958 ) ) ;
#581 = FACE_OUTER_BOUND ( 'NONE', #4103, .T. ) ;
#582 = EDGE_CURVE ( 'NONE', #4281, #5467, #5705, .T. ) ;
#583 = ORIENTED_EDGE ( 'NONE', *, *, #3773, .F. ) ;
#584 = LINE ( 'NONE', #2453, #3836 ) ;
#585 = CARTESIAN_POINT ( 'NONE',  ( -105.0012955040212574, 13.62303811808742182, 11.49999999999995381 ) ) ;
#586 = B_SPLINE_CURVE_WITH_KNOTS ( 'NONE', 3,
 ( #2212, #880, #1278, #5065 ),
 .UNSPECIFIED., .F., .F.,
 ( 4, 4 ),
 ( 0.1515543800034847843, 0.5169179799734742176 ),
 .UNSPECIFIED. ) ;
#587 = EDGE_LOOP ( 'NONE', ( #598, #4748, #939, #3221, #3237, #3875, #2897, #399, #2199, #3079, #173, #5432 ) ) ;
#588 = ORIENTED_EDGE ( 'NONE', *, *, #592, .T. ) ;
#589 = PLANE ( 'NONE',  #712 ) ;
#590 = EDGE_LOOP ( 'NONE', ( #5594, #5486, #949, #4875 ) ) ;
#591 = CARTESIAN_POINT ( 'NONE',  ( -106.0854893403597288, 7.389972498878075058, 282.9701642735626024 ) ) ;
#592 = EDGE_CURVE ( 'NONE', #2625, #4685, #1245, .T. ) ;
#593 = DIRECTION ( 'NONE',  ( 1.625896048388380614E-15, -7.841243758125038658E-17, 1.000000000000000000 ) ) ;
#594 = CARTESIAN_POINT ( 'NONE',  ( -3.118902406155701801, 3.995356370322071804, 315.2499999999979536 ) ) ;
#595 = CARTESIAN_POINT ( 'NONE',  ( -114.0434928689723790, 12.99999999999998046, 274.1544379066506849 ) ) ;
#596 = VERTEX_POINT ( 'NONE', #757 ) ;
#597 = LINE ( 'NONE', #5374, #915 ) ;
#598 = ORIENTED_EDGE ( 'NONE', *, *, #2935, .T. ) ;
#599 = LINE ( 'NONE', #247, #2856 ) ;
#600 = CARTESIAN_POINT ( 'NONE',  ( -39.53654757548952148, 2.774844991748136813, 267.7693726954399267 ) ) ;
#601 = CARTESIAN_POINT ( 'NONE',  ( -113.6572852555725888, 12.98137428256304737, 283.3545613546827440 ) ) ;
#602 = CARTESIAN_POINT ( 'NONE',  ( -8.965620329267160571, 7.932386900179794864, 11.49999999999962164 ) ) ;
#603 = EDGE_CURVE ( 'NONE', #2986, #2237, #1106, .T. ) ;
#604 = LINE ( 'NONE', #3272, #2691 ) ;
#605 = CARTESIAN_POINT ( 'NONE',  ( -103.7364084136346207, 3.900463566846081864, 291.5758809769976097 ) ) ;
#606 = CARTESIAN_POINT ( 'NONE',  ( -7.344533915294841897, 3.995356370322071804, 5.000999999999672596 ) ) ;
#607 = EDGE_CURVE ( 'NONE', #1241, #2064, #1310, .T. ) ;
#608 = CARTESIAN_POINT ( 'NONE',  ( -102.7737884628933926, 4.239882624001725553, 311.0018766875176652 ) ) ;
#609 = VECTOR ( 'NONE', #3368, 999.9999999999998863 ) ;
#610 = AXIS2_PLACEMENT_3D ( 'NONE', #3442, #2109, #2499 ) ;
#611 = CARTESIAN_POINT ( 'NONE',  ( -105.1466237543399131, 4.987812385712769192, 275.6783187416019132 ) ) ;
#612 = VERTEX_POINT ( 'NONE', #302 ) ;
#613 = CARTESIAN_POINT ( 'NONE',  ( -38.32945050852324442, 2.759495212519210483, 289.6544379066506849 ) ) ;
#614 = VECTOR ( 'NONE', #4662, 1000.000000000000000 ) ;
#615 = DIRECTION ( 'NONE',  ( -0.03290743182884545842, -0.9994584038019941330, 2.345255614483079576E-14 ) ) ;
#616 = AXIS2_PLACEMENT_3D ( 'NONE', #2173, #5894, #3086 ) ;
#617 = CARTESIAN_POINT ( 'NONE',  ( -81.63569240683938233, 3.995356370322071804, 277.6074976944942136 ) ) ;
#618 = ORIENTED_EDGE ( 'NONE', *, *, #5204, .T. ) ;
#619 = LINE ( 'NONE', #3073, #3346 ) ;
#620 = AXIS2_PLACEMENT_3D ( 'NONE', #838, #5555, #4559 ) ;
#621 = CIRCLE ( 'NONE', #4716, 1.999999999999988010 ) ;
#622 = CARTESIAN_POINT ( 'NONE',  ( -105.0282425151980306, 13.09932242070893338, 312.2489999999998531 ) ) ;
#623 = AXIS2_PLACEMENT_3D ( 'NONE', #1237, #3526, #5428 ) ;
#624 = ORIENTED_EDGE ( 'NONE', *, *, #3197, .T. ) ;
#625 = ORIENTED_EDGE ( 'NONE', *, *, #3787, .F. ) ;
#626 = CIRCLE ( 'NONE', #4824, 2.500000000000002220 ) ;
#627 = CARTESIAN_POINT ( 'NONE',  ( -2.000000000000000000, 4.336808689942017736E-16, 4.000000000000003553 ) ) ;
#628 = CARTESIAN_POINT ( 'NONE',  ( 0.0000000000000000000, 2.000000000000014211, 4.000000000000003553 ) ) ;
#629 = ORIENTED_EDGE ( 'NONE', *, *, #2561, .F. ) ;
#630 = CARTESIAN_POINT ( 'NONE',  ( -39.11456060040958249, 9.718927587920520139, 268.6544379066506849 ) ) ;
#631 = CARTESIAN_POINT ( 'NONE',  ( -102.8396471875202138, 2.579743817263003169, 265.6544379066506281 ) ) ;
#632 = CYLINDRICAL_SURFACE ( 'NONE', #5098, 2.200000000000008615 ) ;
#633 = CARTESIAN_POINT ( 'NONE',  ( -105.1881255202161043, 0.6468792785984146532, 267.4828650313967842 ) ) ;
#634 = ORIENTED_EDGE ( 'NONE', *, *, #3978, .T. ) ;
#635 = CARTESIAN_POINT ( 'NONE',  ( -112.7643120787221847, 1.999999999999994005, 319.7500000000000000 ) ) ;
#636 = ORIENTED_EDGE ( 'NONE', *, *, #3223, .T. ) ;
#637 = FACE_OUTER_BOUND ( 'NONE', #467, .T. ) ;
#638 = CARTESIAN_POINT ( 'NONE',  ( -40.45564299743490011, 1.784085626924084123, 266.8568111623411028 ) ) ;
#639 = CARTESIAN_POINT ( 'NONE',  ( -105.2159530889684476, 8.331766386572432737, 275.1512927107209521 ) ) ;
#640 = CYLINDRICAL_SURFACE ( 'NONE', #5307, 2.199999999999993960 ) ;
#641 = CARTESIAN_POINT ( 'NONE',  ( -114.1924689629898637, 2.317888222958601752, 321.8061681784573125 ) ) ;
#642 = FACE_OUTER_BOUND ( 'NONE', #5530, .T. ) ;
#643 = CARTESIAN_POINT ( 'NONE',  ( -107.6326944623825455, 0.0000000000000000000, 8.500999999999258705 ) ) ;
#644 = CARTESIAN_POINT ( 'NONE',  ( -114.0434928689723648, 12.99999999999997691, 320.0144055683121564 ) ) ;
#645 = EDGE_CURVE ( 'NONE', #4548, #3261, #626, .T. ) ;
#646 = CARTESIAN_POINT ( 'NONE',  ( -105.1679960305266519, 3.597055365082852507, 279.1544379066491501 ) ) ;
#647 = VERTEX_POINT ( 'NONE', #4617 ) ;
#648 = FACE_OUTER_BOUND ( 'NONE', #5366, .T. ) ;
#649 = CARTESIAN_POINT ( 'NONE',  ( -40.12487606398625672, 1.579998971409858122, 291.2457224821330897 ) ) ;
#650 = CIRCLE ( 'NONE', #543, 1.000000000000000000 ) ;
#651 = ORIENTED_EDGE ( 'NONE', *, *, #994, .T. ) ;
#652 = ADVANCED_FACE ( 'NONE', ( #1909 ), #2341, .T. ) ;
#653 = DIRECTION ( 'NONE',  ( -0.0000000000000000000, -0.0000000000000000000, -1.000000000000000000 ) ) ;
#654 = ADVANCED_FACE ( 'NONE', ( #5175 ), #6037, .F. ) ;
#655 = CARTESIAN_POINT ( 'NONE',  ( -105.2127154621919374, 8.605880615324151606, 283.1544379066506849 ) ) ;
#656 = ORIENTED_EDGE ( 'NONE', *, *, #198, .F. ) ;
#657 = ORIENTED_EDGE ( 'NONE', *, *, #1777, .T. ) ;
#658 = CARTESIAN_POINT ( 'NONE',  ( -4.336808689942017736E-16, 4.336808689942017736E-16, 4.000000000000003553 ) ) ;
#659 = FACE_OUTER_BOUND ( 'NONE', #3609, .T. ) ;
#660 = ORIENTED_EDGE ( 'NONE', *, *, #2158, .F. ) ;
#661 = LINE ( 'NONE', #5370, #4344 ) ;
#662 = CARTESIAN_POINT ( 'NONE',  ( 0.0000000000000000000, 0.0000000000000000000, 323.7500000000000000 ) ) ;
#663 = CARTESIAN_POINT ( 'NONE',  ( -110.7098093730611765, 4.000000000000000000, 3.469446951953614189E-15 ) ) ;
#664 =( BOUNDED_SURFACE ( )  B_SPLINE_SURFACE ( 3, 3, ( 
 ( #341, #1847, #5939, #6016, #3668, #1333 ),
 ( #5495, #4117, #5064, #879, #3637, #4623 ),
 ( #4595, #1746, #1821, #415, #5988, #5006 ),
 ( #390, #2290, #1378, #3613, #4551, #3690 ) ),
 .UNSPECIFIED., .F., .F., .F. ) 
 B_SPLINE_SURFACE_WITH_KNOTS ( ( 4, 4 ),
 ( 4, 2, 4 ),
 ( 0.0000000000000000000, 1.000000000000000000 ),
 ( 0.0000000000000000000, 0.1016369166048252115, 1.000000000000000000 ),
 .UNSPECIFIED. ) 
 GEOMETRIC_REPRESENTATION_ITEM ( )  RATIONAL_B_SPLINE_SURFACE ( (
 ( 1.000000000000000000, 1.000000000000000000, 1.000000000000000000, 1.000000000000000000, 1.000000000000000000, 1.000000000000000000),
 ( 0.8047378541243632721, 0.8047378541243632721, 0.8047378541243632721, 0.8047378541243632721, 0.8047378541243632721, 0.8047378541243632721),
 ( 0.8047378541243632721, 0.8047378541243632721, 0.8047378541243632721, 0.8047378541243632721, 0.8047378541243632721, 0.8047378541243632721),
 ( 1.000000000000000000, 1.000000000000000000, 1.000000000000000000, 1.000000000000000000, 1.000000000000000000, 1.000000000000000000) ) ) 
 REPRESENTATION_ITEM ( '' )  SURFACE ( )  );
#665 = VERTEX_POINT ( 'NONE', #1371 ) ;
#666 = CARTESIAN_POINT ( 'NONE',  ( -105.3267298346456613, 3.611451094724708710, 11.49999999999995381 ) ) ;
#667 = EDGE_CURVE ( 'NONE', #152, #5981, #1610, .T. ) ;
#668 = EDGE_LOOP ( 'NONE', ( #5956, #3115, #5567, #1410, #1147, #2460 ) ) ;
#669 = FACE_OUTER_BOUND ( 'NONE', #364, .T. ) ;
#670 = CARTESIAN_POINT ( 'NONE',  ( -39.34343311930974352, 1.577143931193278004, 268.6544379066506849 ) ) ;
#671 = FACE_OUTER_BOUND ( 'NONE', #848, .T. ) ;
#672 = CARTESIAN_POINT ( 'NONE',  ( -113.0886114414818167, 1.665927005839020686E-14, 6.062045078839992662 ) ) ;
#673 = CARTESIAN_POINT ( 'NONE',  ( -113.6464542770318502, 1.136788039052413657, 322.6411333223026645 ) ) ;
#674 = CARTESIAN_POINT ( 'NONE',  ( -103.2341386025613446, 4.554568166264028051, 291.7218432446082375 ) ) ;
#675 = DIRECTION ( 'NONE',  ( -1.000000000000000000, 0.0000000000000000000, 9.003423303438600580E-15 ) ) ;
#676 = CARTESIAN_POINT ( 'NONE',  ( -106.2098146117498345, 8.744273145798914015, 275.1544379066506281 ) ) ;
#677 = CARTESIAN_POINT ( 'NONE',  ( -4.961418165266573865, 7.739275378388469129, 318.7499999999996589 ) ) ;
#678 = DIRECTION ( 'NONE',  ( -0.01271524779707655650, -0.9999191579690125398, 0.0000000000000000000 ) ) ;
#679 = DIRECTION ( 'NONE',  ( -1.000000000000000000, 0.0000000000000000000, 0.0000000000000000000 ) ) ;
#680 = EDGE_CURVE ( 'NONE', #4455, #1029, #4679, .T. ) ;
#681 = CARTESIAN_POINT ( 'NONE',  ( -111.8129201104088821, 1.861539855555766731, 0.6120191760190810681 ) ) ;
#682 = CARTESIAN_POINT ( 'NONE',  ( -102.5047003484243078, 13.49253353243923215, 8.999999999999786837 ) ) ;
#683 =( BOUNDED_CURVE ( )  B_SPLINE_CURVE ( 3, ( #3427, #2054, #672, #3917 ),
 .UNSPECIFIED., .F., .F. ) 
 B_SPLINE_CURVE_WITH_KNOTS ( ( 4, 4 ),
 ( 1.137254539557419175, 1.618986203464491291 ),
 .UNSPECIFIED. ) 
 CURVE ( )  GEOMETRIC_REPRESENTATION_ITEM ( )  RATIONAL_B_SPLINE_CURVE ( ( 1.000000000000000000, 0.9807545335062262115, 0.9807545335062262115, 1.000000000000000000 ) ) 
 REPRESENTATION_ITEM ( '' )  );
#684 = AXIS2_PLACEMENT_3D ( 'NONE', #1546, #2112, #3418 ) ;
#685 = EDGE_CURVE ( 'NONE', #1176, #1670, #3253, .T. ) ;
#686 = CARTESIAN_POINT ( 'NONE',  ( -105.0928674035703096, 7.351874933466787887, 268.6544379066511397 ) ) ;
#687 = EDGE_CURVE ( 'NONE', #612, #5973, #438, .T. ) ;
#688 = ORIENTED_EDGE ( 'NONE', *, *, #3679, .F. ) ;
#689 = ORIENTED_EDGE ( 'NONE', *, *, #5976, .T. ) ;
#690 = CARTESIAN_POINT ( 'NONE',  ( -2.000000000004058975, 4.336808689942017736E-16, 3.738197650142448314 ) ) ;
#691 = CARTESIAN_POINT ( 'NONE',  ( -2.939419985849450523, 3.995356370322071804, 318.7499999999996589 ) ) ;
#692 = ORIENTED_EDGE ( 'NONE', *, *, #3577, .T. ) ;
#693 = CARTESIAN_POINT ( 'NONE',  ( -105.1192829999885987, 6.304987279903816244, 283.6116119981602424 ) ) ;
#694 = DIRECTION ( 'NONE',  ( -0.01271524779707100539, -0.9999191579690125398, 0.0000000000000000000 ) ) ;
#695 = APPROVAL ( #4930, 'UNSPECIFIED' ) ;
#696 = CARTESIAN_POINT ( 'NONE',  ( -106.8430056084793875, 12.65274055593672742, 318.7499999999999432 ) ) ;
#697 = EDGE_CURVE ( 'NONE', #237, #4986, #4706, .T. ) ;
#698 = ORIENTED_EDGE ( 'NONE', *, *, #3986, .T. ) ;
#699 = EDGE_LOOP ( 'NONE', ( #5676, #3391, #981, #5603 ) ) ;
#700 = CARTESIAN_POINT ( 'NONE',  ( -105.0882891141210962, 7.284612954688133968, 268.4806153375203053 ) ) ;
#701 = CARTESIAN_POINT ( 'NONE',  ( -1.999999999999999556, 1.999999999999999556, 323.7500000000000000 ) ) ;
#702 = CARTESIAN_POINT ( 'NONE',  ( 0.0000000000000000000, 2.000000000000014211, 319.7500000000000000 ) ) ;
#703 = DIRECTION ( 'NONE',  ( -0.0000000000000000000, -0.0000000000000000000, 1.000000000000000000 ) ) ;
#704 = CARTESIAN_POINT ( 'NONE',  ( -112.6875651384718537, 0.1507474481342949701, 320.8490828438793869 ) ) ;
#705 = CARTESIAN_POINT ( 'NONE',  ( -103.3877164798889510, 4.678150974517779837, 292.5366025166920281 ) ) ;
#706 = DIRECTION ( 'NONE',  ( 1.625896048388380614E-15, -7.841243758125038658E-17, 1.000000000000000000 ) ) ;
#707 = FACE_OUTER_BOUND ( 'NONE', #3743, .T. ) ;
#708 = CARTESIAN_POINT ( 'NONE',  ( -100.2766404279231693, 3.547232764980633668, 309.7489999999995689 ) ) ;
#709 = PLANE ( 'NONE',  #1006 ) ;
#710 = CARTESIAN_POINT ( 'NONE',  ( -40.02196525836851038, 1.579623467110972790, 291.1613330759507789 ) ) ;
#711 = AXIS2_PLACEMENT_3D ( 'NONE', #1022, #5180, #5243 ) ;
#712 = AXIS2_PLACEMENT_3D ( 'NONE', #3383, #4773, #3965 ) ;
#713 = AXIS2_PLACEMENT_3D ( 'NONE', #5329, #4865, #678 ) ;
#714 = DIRECTION ( 'NONE',  ( 0.04817122723086528918, 0.9988390925805179510, -0.0000000000000000000 ) ) ;
#715 = ORIENTED_EDGE ( 'NONE', *, *, #944, .F. ) ;
#716 = VERTEX_POINT ( 'NONE', #613 ) ;
#717 = VECTOR ( 'NONE', #4036, 1000.000000000000000 ) ;
#718 = CIRCLE ( 'NONE', #5207, 6.000000000000005329 ) ;
#719 = CARTESIAN_POINT ( 'NONE',  ( -0.4046681546277217101, 2.202334077313859328, 2.227395183318632732 ) ) ;
#720 =( BOUNDED_CURVE ( )  B_SPLINE_CURVE ( 3, ( #2681, #845, #891, #3626 ),
 .UNSPECIFIED., .F., .F. ) 
 B_SPLINE_CURVE_WITH_KNOTS ( ( 4, 4 ),
 ( 4.760578857054323265, 4.845558150143567389 ),
 .UNSPECIFIED. ) 
 CURVE ( )  GEOMETRIC_REPRESENTATION_ITEM ( )  RATIONAL_B_SPLINE_CURVE ( ( 1.000000000000000000, 0.9993983005111968243, 0.9993983005111968243, 1.000000000000000000 ) ) 
 REPRESENTATION_ITEM ( '' )  );
#721 = DIRECTION ( 'NONE',  ( 0.5004356563159242377, 0.0000000000000000000, -0.8657737313453498507 ) ) ;
#722 = AXIS2_PLACEMENT_3D ( 'NONE', #3925, #1076, #2004 ) ;
#723 = ORIENTED_EDGE ( 'NONE', *, *, #1938, .T. ) ;
#724 = EDGE_CURVE ( 'NONE', #731, #4958, #5724, .T. ) ;
#725 = CARTESIAN_POINT ( 'NONE',  ( -8.994473609820547111, 7.308181882542171159, 312.2489999999996257 ) ) ;
#726 = VECTOR ( 'NONE', #2239, 1000.000000000000000 ) ;
#727 = CARTESIAN_POINT ( 'NONE',  ( -105.1680342064927061, 9.996761677021721582, 11.49999999999978861 ) ) ;
#728 = CARTESIAN_POINT ( 'NONE',  ( -106.0527801283272566, 12.61463018215301624, 283.1544379066506849 ) ) ;
#729 = ORIENTED_EDGE ( 'NONE', *, *, #2843, .F. ) ;
#730 = CARTESIAN_POINT ( 'NONE',  ( -112.3403400350326677, 0.1700034482327690555, 321.0914003455313832 ) ) ;
#731 = VERTEX_POINT ( 'NONE', #3225 ) ;
#732 = B_SPLINE_CURVE_WITH_KNOTS ( 'NONE', 3,
 ( #808, #2676, #4534, #2224, #5952, #1858, #3722, #3040, #2472, #2414, #4665, #4759, #4275, #4730 ),
 .UNSPECIFIED., .F., .F.,
 ( 4, 2, 2, 2, 2, 2, 4 ),
 ( 0.0000000000000000000, 0.001634658120113585732, 0.003269316240227171464, 0.004086645300283964222, 0.004903974360340757413, 0.005721303420397549737, 0.006538632480454342928 ),
 .UNSPECIFIED. ) ;
#733 = LINE ( 'NONE', #4978, #4613 ) ;
#734 = CARTESIAN_POINT ( 'NONE',  ( -104.1861368306110762, 0.6458992370158225249, 268.3903282915034083 ) ) ;
#735 = EDGE_CURVE ( 'NONE', #2554, #3610, #5294, .T. ) ;
#736 = AXIS2_PLACEMENT_3D ( 'NONE', #2655, #3177, #5000 ) ;
#737 = FACE_OUTER_BOUND ( 'NONE', #457, .T. ) ;
#738 = CARTESIAN_POINT ( 'NONE',  ( -113.5126878880762291, 2.651548150180330410, 322.6547781396013761 ) ) ;
#739 = CARTESIAN_POINT ( 'NONE',  ( -102.6781278393537633, 4.196718073539245530, 292.6544379066506849 ) ) ;
#740 = CARTESIAN_POINT ( 'NONE',  ( -41.34342688581313041, 1.584433483699276390, 266.6544379066506849 ) ) ;
#741 = CARTESIAN_POINT ( 'NONE',  ( -13.41498531086661927, 2.442676001490870163, 13.67915341178138711 ) ) ;
#742 = ORIENTED_EDGE ( 'NONE', *, *, #117, .T. ) ;
#743 = CARTESIAN_POINT ( 'NONE',  ( -40.73512166521610567, 0.5838380241848606378, 290.4500819430833189 ) ) ;
#744 = DIRECTION ( 'NONE',  ( -0.9988390925805179510, 0.04817122723086510877, 0.0000000000000000000 ) ) ;
#745 = COORDINATED_UNIVERSAL_TIME_OFFSET ( 0, 0, .AHEAD. ) ;
#746 = CARTESIAN_POINT ( 'NONE',  ( -104.7242188904923950, 5.697449668198909301, 267.4221268957245456 ) ) ;
#747 = CARTESIAN_POINT ( 'NONE',  ( -112.7148437399059588, 0.09718004045195048624, 3.088970124533225725 ) ) ;
#748 = ADVANCED_FACE ( 'NONE', ( #5541 ), #5079, .T. ) ;
#749 = CARTESIAN_POINT ( 'NONE',  ( -111.4861586422812536, 3.995356370322071804, 8.501000000000590973 ) ) ;
#750 = CARTESIAN_POINT ( 'NONE',  ( -113.4721135573585684, 8.443655516443026698, 283.1285690030374553 ) ) ;
#751 = CARTESIAN_POINT ( 'NONE',  ( -8.997824869315502738, 7.231977029052675476, 11.49999999999962164 ) ) ;
#752 = ORIENTED_EDGE ( 'NONE', *, *, #4027, .F. ) ;
#753 = ORIENTED_EDGE ( 'NONE', *, *, #1011, .F. ) ;
#754 = CARTESIAN_POINT ( 'NONE',  ( -3.118902406155701801, 3.995356370322071804, 315.2499999999979536 ) ) ;
#755 = CARTESIAN_POINT ( 'NONE',  ( -2.003531487377095299, 0.007062974754190078086, 319.9876003207513122 ) ) ;
#756 = ORIENTED_EDGE ( 'NONE', *, *, #5825, .F. ) ;
#757 = CARTESIAN_POINT ( 'NONE',  ( -114.0434928689723790, 12.99999999999998046, 319.7500000000000000 ) ) ;
#758 = CARTESIAN_POINT ( 'NONE',  ( -111.6365627221622248, 0.8767006227390602424, 1.501000000000015211 ) ) ;
#759 = DIRECTION ( 'NONE',  ( -1.000000000000000000, 0.0000000000000000000, 0.0000000000000000000 ) ) ;
#760 = EDGE_CURVE ( 'NONE', #2400, #6034, #3110, .T. ) ;
#761 = VERTEX_POINT ( 'NONE', #3561 ) ;
#762 = CARTESIAN_POINT ( 'NONE',  ( -39.39520684802700146, 1.767725056383810944, 268.1278802269777657 ) ) ;
#763 = ORIENTED_EDGE ( 'NONE', *, *, #4671, .F. ) ;
#764 = CARTESIAN_POINT ( 'NONE',  ( -104.6488855462139895, 5.515852517318052151, 267.3406150705380355 ) ) ;
#765 = CARTESIAN_POINT ( 'NONE',  ( -39.34213890066337882, 1.766904805648898957, 268.6544379066506849 ) ) ;
#766 = CARTESIAN_POINT ( 'NONE',  ( -103.1861293549775951, 0.6449211332515866202, 267.6544379066506281 ) ) ;
#767 = CARTESIAN_POINT ( 'NONE',  ( -103.1851512589931872, 1.644920654915599689, 266.6544379066506281 ) ) ;
#768 = CARTESIAN_POINT ( 'NONE',  ( -114.7639975831956463, 2.035466649103223169, 320.0755716007915908 ) ) ;
#769 = CARTESIAN_POINT ( 'NONE',  ( -0.9864527579709002625, 2.493226378986366676, 322.3933070074632496 ) ) ;
#770 = CARTESIAN_POINT ( 'NONE',  ( -40.01954184139967197, 1.777363236422945469, 291.1603915980854822 ) ) ;
#771 = B_SPLINE_CURVE_WITH_KNOTS ( 'NONE', 3,
 ( #2189, #5427, #5822, #4502, #2579, #2644, #4439, #2980, #4834, #746, #5919, #3104, #1166, #319, #2131, #4050, #1596, #5330, #1662, #3525 ),
 .UNSPECIFIED., .F., .F.,
 ( 4, 2, 2, 2, 2, 2, 2, 2, 2, 4 ),
 ( -6.000000000348231914E-08, 0.0006412829373841111595, 0.001282625874768225649, 0.001923968812152340030, 0.002565311749536454845, 0.003847997624304749960, 0.004489340561688901637, 0.004810012030381027349, 0.004970347764727091507, 0.005130683499073154796 ),
 .UNSPECIFIED. ) ;
#772 = EDGE_CURVE ( 'NONE', #4137, #3705, #3069, .T. ) ;
#773 = CARTESIAN_POINT ( 'NONE',  ( -14.05662661152142512, 2.450835289238927572, 13.99999999999979394 ) ) ;
#774 = ORIENTED_EDGE ( 'NONE', *, *, #5104, .F. ) ;
#775 = CARTESIAN_POINT ( 'NONE',  ( -39.34343311930973641, 1.577143931192366733, 289.6544379066506849 ) ) ;
#776 = CARTESIAN_POINT ( 'NONE',  ( -113.4282625802592719, 8.965680130093533151, 284.1544379066506849 ) ) ;
#777 = CARTESIAN_POINT ( 'NONE',  ( -9.122669875333714984, 4.377239577732344955, 312.2035315786084197 ) ) ;
#778 = CARTESIAN_POINT ( 'NONE',  ( -41.08152447507193017, 1.583482244943547945, 291.6414875371244761 ) ) ;
#779 = EDGE_CURVE ( 'NONE', #5900, #647, #3807, .T. ) ;
#780 = DIRECTION ( 'NONE',  ( 1.000000000000000000, 0.0000000000000000000, 0.0000000000000000000 ) ) ;
#781 = EDGE_CURVE ( 'NONE', #5791, #3179, #3037, .T. ) ;
#782 = DIRECTION ( 'NONE',  ( -0.9988390925805177289, 0.04817122723086487979, 0.0000000000000000000 ) ) ;
#783 = DIRECTION ( 'NONE',  ( -0.0000000000000000000, -0.0000000000000000000, -1.000000000000000000 ) ) ;
#784 = ORIENTED_EDGE ( 'NONE', *, *, #5283, .F. ) ;
#785 = VERTEX_POINT ( 'NONE', #4892 ) ;
#786 = CARTESIAN_POINT ( 'NONE',  ( -103.3176852449992822, 0.6450498076009002490, 290.6544378921180964 ) ) ;
#787 = CARTESIAN_POINT ( 'NONE',  ( -39.75214909112606421, 1.578638275199290231, 267.4358808636933986 ) ) ;
#788 = ORIENTED_EDGE ( 'NONE', *, *, #1052, .T. ) ;
#789 = DIRECTION ( 'NONE',  ( -0.01271524779707100539, -0.9999191579690125398, 0.0000000000000000000 ) ) ;
#790 = CARTESIAN_POINT ( 'NONE',  ( -145.4421876330851546, 3.995356370322071804, 240.7259844772399049 ) ) ;
#791 = VERTEX_POINT ( 'NONE', #4962 ) ;
#792 = ORIENTED_EDGE ( 'NONE', *, *, #5825, .T. ) ;
#793 = CARTESIAN_POINT ( 'NONE',  ( -104.4178223874531710, 5.823975821502789252, 267.0803911212497042 ) ) ;
#794 = CARTESIAN_POINT ( 'NONE',  ( -41.32925083372542474, 2.797641500819330940, 265.6544379066506849 ) ) ;
#795 = DIRECTION ( 'NONE',  ( -0.0000000000000000000, -0.0000000000000000000, 1.000000000000000000 ) ) ;
#796 = CARTESIAN_POINT ( 'NONE',  ( -103.3169255521434167, 0.6450490645480119190, 267.6544379288137634 ) ) ;
#797 = CARTESIAN_POINT ( 'NONE',  ( -113.6878854281715832, 2.565816301176802927, 322.4805360126792948 ) ) ;
#798 = DIRECTION ( 'NONE',  ( 1.000000000000000000, 0.0000000000000000000, 0.0000000000000000000 ) ) ;
#799 = CARTESIAN_POINT ( 'NONE',  ( -38.42498382818563130, 2.760710040560768075, 290.4304981996096444 ) ) ;
#800 = CARTESIAN_POINT ( 'NONE',  ( -5.334661859500350545, 0.0000000000000000000, 157.8340481156690771 ) ) ;
#801 = ORIENTED_EDGE ( 'NONE', *, *, #5770, .T. ) ;
#802 = CARTESIAN_POINT ( 'NONE',  ( -41.34705765984251968, 0.5844365566102533993, 267.6544379066506281 ) ) ;
#803 = CARTESIAN_POINT ( 'NONE',  ( -11.47291194813302795, 7.841442871736168385, 8.999999999999710454 ) ) ;
#804 = ADVANCED_FACE ( 'NONE', ( #5454 ), #709, .F. ) ;
#805 = EDGE_CURVE ( 'NONE', #1359, #3808, #771, .T. ) ;
#806 = ADVANCED_FACE ( 'NONE', ( #2616 ), #194, .F. ) ;
#807 = CARTESIAN_POINT ( 'NONE',  ( -114.6712677520893635, 5.045060642166764531, 282.2094982524379247 ) ) ;
#808 = CARTESIAN_POINT ( 'NONE',  ( -105.1679960305266519, 3.597055365082852507, 279.1544379066491501 ) ) ;
#809 = ADVANCED_FACE ( 'NONE', ( #648 ), #2974, .T. ) ;
#810 = CARTESIAN_POINT ( 'NONE',  ( -38.32945050852325863, 2.759495212519210927, 268.2582721796641181 ) ) ;
#811 = CARTESIAN_POINT ( 'NONE',  ( -2.003500029963031004, 0.007000059926061570625, 3.763459351126448471 ) ) ;
#812 = ORIENTED_EDGE ( 'NONE', *, *, #2074, .T. ) ;
#813 = ORIENTED_EDGE ( 'NONE', *, *, #4703, .F. ) ;
#814 = CARTESIAN_POINT ( 'NONE',  ( -104.6952876711145706, 0.6463972356463956181, 290.9778960794129716 ) ) ;
#815 = CARTESIAN_POINT ( 'NONE',  ( -114.7059805518229183, 4.178352275796327397, 277.8570069826212716 ) ) ;
#816 = CIRCLE ( 'NONE', #1375, 1.000000000000000888 ) ;
#817 = ORIENTED_EDGE ( 'NONE', *, *, #944, .T. ) ;
#818 = AXIS2_PLACEMENT_3D ( 'NONE', #3993, #4480, #2043 ) ;
#819 = DIRECTION ( 'NONE',  ( 0.04817122723086528918, 0.9988390925805179510, -0.0000000000000000000 ) ) ;
#820 = CARTESIAN_POINT ( 'NONE',  ( -105.1077980212216119, 7.525361618376646966, 268.4232046539331122 ) ) ;
#821 = AXIS2_PLACEMENT_3D ( 'NONE', #4725, #3693, #1026 ) ;
#822 = VERTEX_POINT ( 'NONE', #5879 ) ;
#823 = ORIENTED_EDGE ( 'NONE', *, *, #3750, .T. ) ;
#824 = AXIS2_PLACEMENT_3D ( 'NONE', #2024, #3058, #3889 ) ;
#825 = CARTESIAN_POINT ( 'NONE',  ( -103.6699574453946013, 4.921070640920479633, 266.6611819782067414 ) ) ;
#826 = FACE_OUTER_BOUND ( 'NONE', #567, .T. ) ;
#827 = ADVANCED_FACE ( 'NONE', ( #289 ), #3217, .T. ) ;
#828 = AXIS2_PLACEMENT_3D ( 'NONE', #4561, #262, #3988 ) ;
#829 = AXIS2_PLACEMENT_3D ( 'NONE', #284, #2451, #68 ) ;
#830 = TOROIDAL_SURFACE ( 'NONE', #2104, 6.000000000000000000, 1.000000000000000000 ) ;
#831 = CARTESIAN_POINT ( 'NONE',  ( 43.12757376993445746, 3.995356370322071804, 245.8300315908137463 ) ) ;
#832 = TOROIDAL_SURFACE ( 'NONE', #5024, 6.000000000000000000, 1.000000000000000000 ) ;
#833 = DIRECTION ( 'NONE',  ( 0.8650200284677218576, -0.04171750651340189187, 0.5000000000000061062 ) ) ;
#834 = CARTESIAN_POINT ( 'NONE',  ( -105.0692403622840914, 7.312063382991219385, 11.57995837746508094 ) ) ;
#835 = CARTESIAN_POINT ( 'NONE',  ( -103.1711405694369574, 3.326695977281955763, 292.6544379066506849 ) ) ;
#836 = ORIENTED_EDGE ( 'NONE', *, *, #1958, .T. ) ;
#837 = DIRECTION ( 'NONE',  ( 0.0000000000000000000, 0.0000000000000000000, -1.000000000000000000 ) ) ;
#838 = CARTESIAN_POINT ( 'NONE',  ( -100.2130641889379348, 8.546828554825689039, 265.6544379066506281 ) ) ;
#839 = VECTOR ( 'NONE', #5740, 1000.000000000000114 ) ;
#840 =( BOUNDED_CURVE ( )  B_SPLINE_CURVE ( 3, ( #5271, #5889, #5860, #4941 ),
 .UNSPECIFIED., .F., .T. ) 
 B_SPLINE_CURVE_WITH_KNOTS ( ( 4, 4 ),
 ( 1.722624958348565073E-16, 0.003905398263490738806 ),
 .UNSPECIFIED. ) 
 CURVE ( )  GEOMETRIC_REPRESENTATION_ITEM ( )  RATIONAL_B_SPLINE_CURVE ( ( 1.000000000000000000, 0.8047378541235858940, 0.8047378541235858940, 1.000000000000000000 ) ) 
 REPRESENTATION_ITEM ( '' )  );
#841 = APPROVAL_ROLE ( '' ) ;
#842 = CARTESIAN_POINT ( 'NONE',  ( -114.5032124946052647, 8.000866086609621064, 283.0257118111852606 ) ) ;
#843 = EDGE_CURVE ( 'NONE', #183, #1329, #2732, .T. ) ;
#844 = CARTESIAN_POINT ( 'NONE',  ( -105.0539410357334162, 12.56645895519829992, 275.1544379066505712 ) ) ;
#845 = CARTESIAN_POINT ( 'NONE',  ( -1.943330084706256011, 3.452252443947123613E-16, 163.9612386120761585 ) ) ;
#846 = CARTESIAN_POINT ( 'NONE',  ( -105.2103562079477115, 8.711365713970034008, 312.2489999999998531 ) ) ;
#847 = ADVANCED_FACE ( 'NONE', ( #1287 ), #830, .T. ) ;
#848 = EDGE_LOOP ( 'NONE', ( #723, #2204, #5996, #296 ) ) ;
#849 = ORIENTED_EDGE ( 'NONE', *, *, #5073, .F. ) ;
#850 = CARTESIAN_POINT ( 'NONE',  ( -105.1901225506562980, 0.6468812318867924738, 289.6544379066506849 ) ) ;
#851 = CARTESIAN_POINT ( 'NONE',  ( -105.0539410358650514, 12.56645895246722233, 312.2489999999996826 ) ) ;
#852 = CARTESIAN_POINT ( 'NONE',  ( -112.8966035137325008, 3.338281627674561888E-15, 164.0480273793595529 ) ) ;
#853 = EDGE_LOOP ( 'NONE', ( #4661, #1704, #1018, #2948, #73 ) ) ;
#854 = VERTEX_POINT ( 'NONE', #2752 ) ;
#855 = AXIS2_PLACEMENT_3D ( 'NONE', #3950, #188, #252 ) ;
#856 = CARTESIAN_POINT ( 'NONE',  ( -102.8683738917554535, 4.304524215573496626, 265.6544379151573025 ) ) ;
#857 = LINE ( 'NONE', #2720, #3362 ) ;
#858 = CARTESIAN_POINT ( 'NONE',  ( -104.0733153426358086, 0.6457888867191465820, 266.8552210783787473 ) ) ;
#859 = DIRECTION ( 'NONE',  ( 0.5004356563159384486, 0.0000000000000000000, -0.8657737313453417460 ) ) ;
#860 = CARTESIAN_POINT ( 'NONE',  ( -0.3783915829976949863, 0.3783915829976949863, 321.5668277958130261 ) ) ;
#861 = ADVANCED_FACE ( 'NONE', ( #3241, #5101 ), #917, .T. ) ;
#862 = CARTESIAN_POINT ( 'NONE',  ( -39.33477056700832009, 2.772279139658826885, 289.7861274309463511 ) ) ;
#863 = CARTESIAN_POINT ( 'NONE',  ( -104.1861368306291098, 0.6458992370158401775, 268.6544379066509123 ) ) ;
#864 = ORIENTED_EDGE ( 'NONE', *, *, #1870, .F. ) ;
#865 = CARTESIAN_POINT ( 'NONE',  ( -110.3033728633032098, 12.81962442999868301, 323.7500000000000000 ) ) ;
#866 = DIRECTION ( 'NONE',  ( 1.625896048388380614E-15, -7.841243758125038658E-17, 1.000000000000000000 ) ) ;
#867 = CARTESIAN_POINT ( 'NONE',  ( -113.5366397910119787, 7.559858262842504395, 282.9001991306676018 ) ) ;
#868 = ADVANCED_FACE ( 'NONE', ( #4762 ), #1396, .F. ) ;
#869 = CARTESIAN_POINT ( 'NONE',  ( -39.34719092646349026, 2.772437080373284957, 266.3940893633551354 ) ) ;
#870 = CARTESIAN_POINT ( 'NONE',  ( -9.386835301699370859, 5.360388871212578010, 9.367581900366330316 ) ) ;
#871 = VERTEX_POINT ( 'NONE', #1035 ) ;
#872 = ADVANCED_FACE ( 'NONE', ( #573 ), #1427, .T. ) ;
#873 = LINE ( 'NONE', #2690, #922 ) ;
#874 = EDGE_CURVE ( 'NONE', #5435, #411, #344, .T. ) ;
#875 = DIRECTION ( 'NONE',  ( 1.000000000000000000, 0.0000000000000000000, 0.0000000000000000000 ) ) ;
#876 = ORIENTED_EDGE ( 'NONE', *, *, #1961, .F. ) ;
#877 = ORIENTED_EDGE ( 'NONE', *, *, #2849, .F. ) ;
#878 = CARTESIAN_POINT ( 'NONE',  ( -104.2291479485463981, 5.561841069530030879, 266.3134636141198825 ) ) ;
#879 = CARTESIAN_POINT ( 'NONE',  ( -40.10008046976479790, 6.481545909748380296, 291.6544379066506849 ) ) ;
#880 = CARTESIAN_POINT ( 'NONE',  ( -102.6181833718314209, 11.17413350608840794, 314.7489999999998531 ) ) ;
#881 =( BOUNDED_CURVE ( )  B_SPLINE_CURVE ( 3, ( #3879, #4326, #2533, #2461 ),
 .UNSPECIFIED., .F., .F. ) 
 B_SPLINE_CURVE_WITH_KNOTS ( ( 4, 4 ),
 ( 0.0000000000000000000, 3.141592653589793116 ),
 .UNSPECIFIED. ) 
 CURVE ( )  GEOMETRIC_REPRESENTATION_ITEM ( )  RATIONAL_B_SPLINE_CURVE ( ( 1.000000000000000000, 0.3333333333333333703, 0.3333333333333333703, 1.000000000000000000 ) ) 
 REPRESENTATION_ITEM ( '' )  );
#882 = PRODUCT_RELATED_PRODUCT_CATEGORY ( 'detail', '', ( #580 ) ) ;
#883 = CARTESIAN_POINT ( 'NONE',  ( -2.000000000000035527, 0.8767006227395653939, 1.500999999999086842 ) ) ;
#884 = CARTESIAN_POINT ( 'NONE',  ( -4.000000000000005329, 4.000000000000005329, 323.7500000000000000 ) ) ;
#885 = CARTESIAN_POINT ( 'NONE',  ( 43.12757376993445746, 3.995356370322071804, 245.8300315908137463 ) ) ;
#886 = CARTESIAN_POINT ( 'NONE',  ( -112.7643120787221704, 0.0000000000000000000, 159.6266827933874595 ) ) ;
#887 = ORIENTED_EDGE ( 'NONE', *, *, #5204, .F. ) ;
#888 = CARTESIAN_POINT ( 'NONE',  ( -110.0392907047369562, 12.80688848307549321, 323.7500000000000000 ) ) ;
#889 = PLANE ( 'NONE',  #2765 ) ;
#890 = CARTESIAN_POINT ( 'NONE',  ( -2.003531487377095299, 0.007062974754190078086, 319.9876003207513122 ) ) ;
#891 = CARTESIAN_POINT ( 'NONE',  ( -1.886711316801118477, 0.002407160215459553613, 163.9286546470740404 ) ) ;
#892 = CARTESIAN_POINT ( 'NONE',  ( -106.7184105508188310, 4.845309091407682847E-15, 3.082747790409789967 ) ) ;
#893 = ORIENTED_EDGE ( 'NONE', *, *, #4674, .F. ) ;
#894 = CARTESIAN_POINT ( 'NONE',  ( -103.7091405821138181, 0.6454326886773885663, 290.5457751928123002 ) ) ;
#895 = CARTESIAN_POINT ( 'NONE',  ( -1.999999999999999556, 1.999999999999999556, 323.7500000000000000 ) ) ;
#896 = CARTESIAN_POINT ( 'NONE',  ( -113.4510938032153859, 8.702529064944963366, 275.1544379066506281 ) ) ;
#897 = ORIENTED_EDGE ( 'NONE', *, *, #1581, .T. ) ;
#898 = VERTEX_POINT ( 'NONE', #5255 ) ;
#899 = VECTOR ( 'NONE', #6006, 999.9999999999998863 ) ;
#900 = EDGE_CURVE ( 'NONE', #1368, #716, #5596, .T. ) ;
#901 = AXIS2_PLACEMENT_3D ( 'NONE', #5768, #5368, #1612 ) ;
#902 = CARTESIAN_POINT ( 'NONE',  ( -114.6647276420692521, 5.273993679089109321, 277.7482229684746358 ) ) ;
#903 = DIRECTION ( 'NONE',  ( 0.04817122723086528918, 0.9988390925805179510, -0.0000000000000000000 ) ) ;
#904 = ORIENTED_EDGE ( 'NONE', *, *, #735, .T. ) ;
#905 = FACE_OUTER_BOUND ( 'NONE', #2372, .T. ) ;
#906 = VECTOR ( 'NONE', #254, 999.9999999999998863 ) ;
#907 = DIRECTION ( 'NONE',  ( -0.9988390925805179510, 0.04817122723086529612, 1.376085551261574142E-14 ) ) ;
#908 = CARTESIAN_POINT ( 'NONE',  ( -106.0928674035677233, 7.351874933454649153, 274.3154313336154928 ) ) ;
#909 = FACE_OUTER_BOUND ( 'NONE', #3902, .T. ) ;
#910 = CARTESIAN_POINT ( 'NONE',  ( -103.1861293549776235, 0.6449211332515867312, 290.6544379066506849 ) ) ;
#911 = ORIENTED_EDGE ( 'NONE', *, *, #1961, .T. ) ;
#912 = DIRECTION ( 'NONE',  ( 0.5004356563159404470, 0.0000000000000000000, 0.8657737313453405248 ) ) ;
#913 = LINE ( 'NONE', #2751, #4715 ) ;
#914 = CIRCLE ( 'NONE', #828, 1.000000000000025535 ) ;
#915 = VECTOR ( 'NONE', #5866, 1000.000000000000000 ) ;
#916 =( BOUNDED_CURVE ( )  B_SPLINE_CURVE ( 3, ( #2408, #4268, #2955, #3599 ),
 .UNSPECIFIED., .F., .F. ) 
 B_SPLINE_CURVE_WITH_KNOTS ( ( 4, 4 ),
 ( 1.137254539557704280, 1.439002715530170562 ),
 .UNSPECIFIED. ) 
 CURVE ( )  GEOMETRIC_REPRESENTATION_ITEM ( )  RATIONAL_B_SPLINE_CURVE ( ( 1.000000000000000000, 0.9924267187674207236, 0.9924267187674207236, 1.000000000000000000 ) ) 
 REPRESENTATION_ITEM ( '' )  );
#917 = PLANE ( 'NONE',  #1206 ) ;
#918 = CARTESIAN_POINT ( 'NONE',  ( -106.0807419664349709, 7.603298061307249611, 275.2832326482225653 ) ) ;
#919 = VECTOR ( 'NONE', #5610, 1000.000000000000000 ) ;
#920 = CARTESIAN_POINT ( 'NONE',  ( -114.5796581952182294, 6.819949856127322185, 274.6576236721327291 ) ) ;
#921 = ORIENTED_EDGE ( 'NONE', *, *, #3378, .F. ) ;
#922 = VECTOR ( 'NONE', #2205, 1000.000000000000000 ) ;
#923 = DIRECTION ( 'NONE',  ( 0.0000000000000000000, -0.2517533232453100789, 0.9677914363306499013 ) ) ;
#924 = FACE_OUTER_BOUND ( 'NONE', #5602, .T. ) ;
#925 = EDGE_CURVE ( 'NONE', #3710, #1053, #604, .T. ) ;
#926 = ORIENTED_EDGE ( 'NONE', *, *, #2742, .T. ) ;
#927 = CARTESIAN_POINT ( 'NONE',  ( -41.08277265777811493, 0.5841780603873276689, 290.6284588076755995 ) ) ;
#928 = CARTESIAN_POINT ( 'NONE',  ( -114.7639975833967441, 2.035466637765298348, 3.719234979891418824 ) ) ;
#929 = CARTESIAN_POINT ( 'NONE',  ( -105.2127154621919232, 8.605880615324151606, 284.1544379066506849 ) ) ;
#930 = ORIENTED_EDGE ( 'NONE', *, *, #4194, .F. ) ;
#931 = ORIENTED_EDGE ( 'NONE', *, *, #6026, .T. ) ;
#932 = CARTESIAN_POINT ( 'NONE',  ( -113.6560017730547543, 5.226679241471808623, 277.7446794302726971 ) ) ;
#933 = CARTESIAN_POINT ( 'NONE',  ( -106.1197445713587086, 4.608561637179932724, 279.1544379066506849 ) ) ;
#934 = ADVANCED_FACE ( 'NONE', ( #481 ), #1572, .F. ) ;
#935 = CARTESIAN_POINT ( 'NONE',  ( -111.3279437985980707, 12.86903663232921247, 0.2037373603583461368 ) ) ;
#936 = CARTESIAN_POINT ( 'NONE',  ( -113.5092331866923985, 3.995356370322071804, 5.001000000001642576 ) ) ;
#937 = CARTESIAN_POINT ( 'NONE',  ( -105.9590161994471487, 3.995356370322071804, 163.8962259421648184 ) ) ;
#938 = CARTESIAN_POINT ( 'NONE',  ( -112.7643120787221704, 0.0000000000000000000, 317.1279040331453416 ) ) ;
#939 = ORIENTED_EDGE ( 'NONE', *, *, #3945, .T. ) ;
#940 = DIRECTION ( 'NONE',  ( 4.960310595328045663E-15, -2.392219633754015712E-16, 1.000000000000000000 ) ) ;
#941 = CARTESIAN_POINT ( 'NONE',  ( -102.8269319397231385, 3.579662975232015931, 265.6544379066506281 ) ) ;
#942 = DIRECTION ( 'NONE',  ( -0.8662767110661238057, 0.0000000000000000000, 0.4995644701782337993 ) ) ;
#943 = CARTESIAN_POINT ( 'NONE',  ( -11.40988436978020815, 9.083950065529959872, 8.999999999999710454 ) ) ;
#944 = EDGE_CURVE ( 'NONE', #2717, #596, #1608, .T. ) ;
#945 = CARTESIAN_POINT ( 'NONE',  ( -12.54514592739538870, 3.417458281868503089, 312.7471352841552630 ) ) ;
#946 = SPHERICAL_SURFACE ( 'NONE', #3245, 1.000000000000000000 ) ;
#947 =( BOUNDED_CURVE ( )  B_SPLINE_CURVE ( 3, ( #2433, #108, #4657, #5152 ),
 .UNSPECIFIED., .F., .F. ) 
 B_SPLINE_CURVE_WITH_KNOTS ( ( 4, 4 ),
 ( 1.570796326794897224, 3.141592653589790007 ),
 .UNSPECIFIED. ) 
 CURVE ( )  GEOMETRIC_REPRESENTATION_ITEM ( )  RATIONAL_B_SPLINE_CURVE ( ( 1.000000000000000000, 0.8047378541243658256, 0.8047378541243658256, 1.000000000000000000 ) ) 
 REPRESENTATION_ITEM ( '' )  );
#948 = CARTESIAN_POINT ( 'NONE',  ( -103.5648283330154413, 4.822211906053602171, 311.4010668785065832 ) ) ;
#949 = ORIENTED_EDGE ( 'NONE', *, *, #5407, .T. ) ;
#950 = CARTESIAN_POINT ( 'NONE',  ( -104.5806127718087311, 6.105493573935558693, 291.5652260053053624 ) ) ;
#951 = CARTESIAN_POINT ( 'NONE',  ( -105.1851464518891675, 1.650855100457923719, 289.6544379066506849 ) ) ;
#952 = ORIENTED_EDGE ( 'NONE', *, *, #410, .F. ) ;
#953 = CARTESIAN_POINT ( 'NONE',  ( -105.9590161994467223, 3.995356370322071804, 323.7500000000006821 ) ) ;
#954 = CARTESIAN_POINT ( 'NONE',  ( -114.5320845357260708, 2.150308702383354476, 2.636277201676018755 ) ) ;
#955 = CARTESIAN_POINT ( 'NONE',  ( -113.6636641793275402, 4.998320451473379222, 278.6305740891952496 ) ) ;
#956 = EDGE_LOOP ( 'NONE', ( #2452, #1019, #2536, #505 ) ) ;
#957 = VERTEX_POINT ( 'NONE', #3890 ) ;
#958 = DIRECTION ( 'NONE',  ( 1.000000000000000000, 0.0000000000000000000, 0.0000000000000000000 ) ) ;
#959 = FACE_OUTER_BOUND ( 'NONE', #383, .T. ) ;
#960 = ORIENTED_EDGE ( 'NONE', *, *, #5725, .T. ) ;
#961 = DIRECTION ( 'NONE',  ( -0.5004356563159192417, 0.0000000000000000000, 0.8657737313453527372 ) ) ;
#962 = CARTESIAN_POINT ( 'NONE',  ( -106.0527801283406006, 12.61463018187581042, 283.1544379066506849 ) ) ;
#963 = CARTESIAN_POINT ( 'NONE',  ( -100.2766404279242067, 3.547232764980659869, 13.99999999999981526 ) ) ;
#964 = CARTESIAN_POINT ( 'NONE',  ( -112.5801278183864440, 0.3616073354864732248, 2.331587115094544860 ) ) ;
#965 = CARTESIAN_POINT ( 'NONE',  ( -110.7098093730611765, 4.000000000000000000, 323.7500000000000000 ) ) ;
#966 = ORIENTED_EDGE ( 'NONE', *, *, #2305, .T. ) ;
#967 = CARTESIAN_POINT ( 'NONE',  ( -104.9735017887106494, 14.13761165742175585, 313.7134660940670869 ) ) ;
#968 = CARTESIAN_POINT ( 'NONE',  ( -40.34082658957562018, 1.782316533340747133, 266.9181751681974220 ) ) ;
#969 = CARTESIAN_POINT ( 'NONE',  ( -11.55320689834213432, 6.176512579664852787, 314.7489999999996257 ) ) ;
#970 = LINE ( 'NONE', #1957, #5018 ) ;
#971 = B_SPLINE_CURVE_WITH_KNOTS ( 'NONE', 3,
 ( #965, #2867, #56, #3294, #4691, #5250, #4755, #1521, #5155, #4660, #1028, #2805, #4726, #20, #2778, #1888 ),
 .UNSPECIFIED., .F., .F.,
 ( 4, 2, 2, 2, 2, 2, 2, 4 ),
 ( -1.279316054183309722E-05, 0.001497212578546596850, 0.002252215448090796358, 0.003007218317634996300, 0.003762221187179195375, 0.004517224056723395317, 0.005272226926267595259, 0.006027229795811794334 ),
 .UNSPECIFIED. ) ;
#972 = B_SPLINE_CURVE_WITH_KNOTS ( 'NONE', 3,
 ( #728, #1178, #1087, #3848 ),
 .UNSPECIFIED., .F., .F.,
 ( 4, 4 ),
 ( 0.0000000000000000000, 0.003873594378912465375 ),
 .UNSPECIFIED. ) ;
#973 = CARTESIAN_POINT ( 'NONE',  ( -3.440329995356932624, 3.995356370322071804, 322.8060826047154706 ) ) ;
#974 = CARTESIAN_POINT ( 'NONE',  ( -105.0865742339167213, 8.591120789383644762, 289.6544379066506849 ) ) ;
#975 = DIRECTION ( 'NONE',  ( 0.0000000000000000000, 0.0000000000000000000, 1.000000000000000000 ) ) ;
#976 = ADVANCED_FACE ( 'NONE', ( #2542 ), #1935, .T. ) ;
#977 = LINE ( 'NONE', #2331, #4801 ) ;
#978 = EDGE_LOOP ( 'NONE', ( #4086, #3878, #3503, #729 ) ) ;
#979 = CARTESIAN_POINT ( 'NONE',  ( -8.996716895021561911, 7.257312249201863352, 11.50040200597887541 ) ) ;
#980 = FACE_BOUND ( 'NONE', #2651, .T. ) ;
#981 = ORIENTED_EDGE ( 'NONE', *, *, #603, .F. ) ;
#982 = CARTESIAN_POINT ( 'NONE',  ( -40.45305824173641440, 0.5835621389510268209, 290.1774499854283249 ) ) ;
#983 = CARTESIAN_POINT ( 'NONE',  ( -8.997824869315506291, 7.231977029052680805, 11.50120031178776436 ) ) ;
#984 = ORIENTED_EDGE ( 'NONE', *, *, #2600, .F. ) ;
#985 = VERTEX_POINT ( 'NONE', #4597 ) ;
#986 = CARTESIAN_POINT ( 'NONE',  ( -41.32925083372541764, 2.797641500819330940, 292.6544379066506849 ) ) ;
#987 = CARTESIAN_POINT ( 'NONE',  ( -109.0404516121570282, 12.75871725584465644, 161.8755000000000166 ) ) ;
#988 = ORIENTED_EDGE ( 'NONE', *, *, #5512, .T. ) ;
#989 = CARTESIAN_POINT ( 'NONE',  ( -105.1346779772893996, 5.604809632103000538, 283.1751009374760883 ) ) ;
#990 = CARTESIAN_POINT ( 'NONE',  ( -105.1680338993245982, 9.996771005520690423, 283.1544379067582327 ) ) ;
#991 = CARTESIAN_POINT ( 'NONE',  ( -100.9312039746564977, 3.555556375573880157, 13.67269176636935057 ) ) ;
#992 = CARTESIAN_POINT ( 'NONE',  ( -114.7639975833967441, 2.035466637765293019, 4.000000000000003553 ) ) ;
#993 = FACE_BOUND ( 'NONE', #3865, .T. ) ;
#994 = EDGE_CURVE ( 'NONE', #3357, #2717, #1490, .T. ) ;
#995 = ORIENTED_EDGE ( 'NONE', *, *, #1941, .T. ) ;
#996 = CARTESIAN_POINT ( 'NONE',  ( -112.7643120787221847, 2.000000000000000000, 4.000000000000003553 ) ) ;
#997 = CARTESIAN_POINT ( 'NONE',  ( -40.11272592481272881, 2.782171834548336609, 267.0657743393584838 ) ) ;
#998 = CARTESIAN_POINT ( 'NONE',  ( -7.315416974860426969, 0.8775010008004011652, 322.2499999999986358 ) ) ;
#999 = AXIS2_PLACEMENT_3D ( 'NONE', #1671, #3081, #3631 ) ;
#1000 = AXIS2_PLACEMENT_3D ( 'NONE', #465, #1105, #4589 ) ;
#1001 = DIRECTION ( 'NONE',  ( -0.04817122723086528918, -0.9988390925805179510, 0.0000000000000000000 ) ) ;
#1002 = CARTESIAN_POINT ( 'NONE',  ( -10.79179088910151307, 3.596232592856602128, 311.3740038879632834 ) ) ;
#1003 = DIRECTION ( 'NONE',  ( 1.000000000000000000, 0.0000000000000000000, 0.0000000000000000000 ) ) ;
#1004 = AXIS2_PLACEMENT_3D ( 'NONE', #2661, #4403, #287 ) ;
#1005 = AXIS2_PLACEMENT_3D ( 'NONE', #3952, #2609, #3431 ) ;
#1006 = AXIS2_PLACEMENT_3D ( 'NONE', #224, #3596, #4931 ) ;
#1007 = CARTESIAN_POINT ( 'NONE',  ( -102.4857855093325725, 4.081200955217285653, 310.8568780137430281 ) ) ;
#1008 = DIRECTION ( 'NONE',  ( 1.000000000000000000, 0.0000000000000000000, -9.003423303438600580E-15 ) ) ;
#1009 = ORIENTED_EDGE ( 'NONE', *, *, #198, .T. ) ;
#1010 = VECTOR ( 'NONE', #5410, 999.9999999999998863 ) ;
#1011 = EDGE_CURVE ( 'NONE', #4137, #4793, #1355, .T. ) ;
#1012 = CARTESIAN_POINT ( 'NONE',  ( -104.2730069069660885, 5.621656827430194348, 291.9510571026968933 ) ) ;
#1013 = CARTESIAN_POINT ( 'NONE',  ( -10.91084810166918828, 3.409358003235606560, 10.86666365509855758 ) ) ;
#1014 = ORIENTED_EDGE ( 'NONE', *, *, #1511, .T. ) ;
#1015 = EDGE_CURVE ( 'NONE', #3411, #4727, #5969, .T. ) ;
#1016 = DIRECTION ( 'NONE',  ( -0.9988390925805179510, 0.04817122723086519898, 0.0000000000000000000 ) ) ;
#1017 = ADVANCED_FACE ( 'NONE', ( #371 ), #3185, .F. ) ;
#1018 = ORIENTED_EDGE ( 'NONE', *, *, #1660, .T. ) ;
#1019 = ORIENTED_EDGE ( 'NONE', *, *, #4381, .F. ) ;
#1020 = B_SPLINE_SURFACE_WITH_KNOTS ( 'NONE', 1, 3, ( 
 ( #5808, #5315, #4912, #2050, #2507, #666 ),
 ( #1619, #1126, #5346, #4392, #2018, #3512 ) ),
 .UNSPECIFIED., .F., .F., .F.,
 ( 2, 2 ),
 ( 4, 2, 4 ),
 ( 0.0000000000000000000, 1.000000000000000000 ),
 ( 0.0000000000000000000, 0.1515543800034849509, 1.000000000000000000 ),
 .UNSPECIFIED. ) ;
#1021 = LINE ( 'NONE', #103, #3456 ) ;
#1022 = CARTESIAN_POINT ( 'NONE',  ( -106.0527801283405580, 12.61463018187581930, 284.1544379066507986 ) ) ;
#1023 = ORIENTED_EDGE ( 'NONE', *, *, #4113, .F. ) ;
#1024 = LINE ( 'NONE', #2892, #6021 ) ;
#1025 = CARTESIAN_POINT ( 'NONE',  ( -113.6339656949630950, 5.794591375903875630, 281.5985675153579564 ) ) ;
#1026 = DIRECTION ( 'NONE',  ( 0.0009780959844898910911, 0.9999995216640081841, 0.0000000000000000000 ) ) ;
#1027 = EDGE_LOOP ( 'NONE', ( #5369, #4587, #1302, #3941, #4545 ) ) ;
#1028 = CARTESIAN_POINT ( 'NONE',  ( -112.4132990450139431, 0.6886469370271438573, 322.0069776818682499 ) ) ;
#1029 = VERTEX_POINT ( 'NONE', #1771 ) ;
#1030 = CARTESIAN_POINT ( 'NONE',  ( -102.5313991825886859, 12.97361934662710503, 314.7489999999998531 ) ) ;
#1031 = CARTESIAN_POINT ( 'NONE',  ( -39.34719092695889486, 2.772437080379604790, 266.3940893637723093 ) ) ;
#1032 = DIRECTION ( 'NONE',  ( 1.000000000000000000, 0.0000000000000000000, -4.878726723271825943E-15 ) ) ;
#1033 = CARTESIAN_POINT ( 'NONE',  ( -9.134506838026778652, 2.388244256645846164, 10.03553390593623718 ) ) ;
#1034 = ADVANCED_FACE ( 'NONE', ( #4150 ), #1254, .F. ) ;
#1035 = CARTESIAN_POINT ( 'NONE',  ( -106.2098146117498061, 8.744273145798912239, 283.1544379066506849 ) ) ;
#1036 = CARTESIAN_POINT ( 'NONE',  ( -8.996714391952316703, 7.257369485015598087, 11.50040020306505362 ) ) ;
#1037 =( BOUNDED_SURFACE ( )  B_SPLINE_SURFACE ( 3, 2, ( 
 ( #627, #658, #1542 ),
 ( #690, #2530, #5242 ),
 ( #4843, #5367, #5737 ),
 ( #4385, #4410, #1974 ),
 ( #2498, #5305, #2070 ),
 ( #4807, #1638, #719 ),
 ( #1050, #3016, #5800 ),
 ( #143, #2591, #1571 ),
 ( #3441, #2009, #4446 ),
 ( #1611, #3876, #3838 ),
 ( #1120, #3413, #5270 ),
 ( #4873, #235, #1081 ),
 ( #2949, #4357, #2108 ),
 ( #2042, #174, #3904 ) ),
 .UNSPECIFIED., .F., .F., .F. ) 
 B_SPLINE_SURFACE_WITH_KNOTS ( ( 4, 2, 2, 2, 2, 2, 4 ),
 ( 3, 3 ),
 ( 6.283185307179586232, 6.479534848028948524, 6.675884388878310816, 6.872233929727672219, 7.068583470577034511, 7.461282552275758206, 7.853981633974482790 ),
 ( 0.0000000000000000000, 1.000000000000000000 ),
 .UNSPECIFIED. ) 
 GEOMETRIC_REPRESENTATION_ITEM ( )  RATIONAL_B_SPLINE_SURFACE ( (
 ( 1.000000000000000000, 0.7071067811865475727, 1.000000000000000000),
 ( 1.000000000000000000, 0.7070717266846575644, 1.000000000000000000),
 ( 1.000000000000000000, 0.7117460047829144987, 1.000000000000000000),
 ( 1.000000000000000000, 0.7291288917604019648, 1.000000000000000000),
 ( 1.000000000000000000, 0.7418334209259092038, 1.000000000000000000),
 ( 1.000000000000000000, 0.7723968187712942912, 1.000000000000000000),
 ( 1.000000000000000000, 0.7902180112882437601, 1.000000000000000000),
 ( 1.000000000000000000, 0.8275942669550974129, 1.000000000000000000),
 ( 1.000000000000000000, 0.8471316623313641658, 1.000000000000000000),
 ( 1.000000000000000000, 0.9038128866905852377, 1.000000000000000000),
 ( 1.000000000000000000, 0.9386556523773945671, 1.000000000000000000),
 ( 1.000000000000000000, 0.9867291873849178829, 1.000000000000000000),
 ( 1.000000000000000000, 1.000158582174072830, 1.000000000000000000),
 ( 1.000000000000000000, 1.000000000000000000, 1.000000000000000000) ) ) 
 REPRESENTATION_ITEM ( '' )  SURFACE ( )  );
#1038 = DIRECTION ( 'NONE',  ( 1.000000000000000000, 0.0000000000000000000, 0.0000000000000000000 ) ) ;
#1039 = DIRECTION ( 'NONE',  ( 1.000000000000000000, 0.0000000000000000000, 0.0000000000000000000 ) ) ;
#1040 = ORIENTED_EDGE ( 'NONE', *, *, #4981, .T. ) ;
#1041 = EDGE_CURVE ( 'NONE', #67, #4592, #5071, .T. ) ;
#1042 = PLANE ( 'NONE',  #4800 ) ;
#1043 = DIRECTION ( 'NONE',  ( -1.000000000000000000, 1.942890293094022368E-14, 0.0000000000000000000 ) ) ;
#1044 = EDGE_LOOP ( 'NONE', ( #5422, #2431, #1125, #657, #3806 ) ) ;
#1045 = CARTESIAN_POINT ( 'NONE',  ( -103.9671719308256570, 13.56898134876027662, 8.999999999994944488 ) ) ;
#1046 = ADVANCED_FACE ( 'NONE', ( #2267 ), #4627, .F. ) ;
#1047 = CARTESIAN_POINT ( 'NONE',  ( -104.0715538623039578, 1.647554791542536146, 266.8568136236776240 ) ) ;
#1048 = ORIENTED_EDGE ( 'NONE', *, *, #3416, .F. ) ;
#1049 = EDGE_LOOP ( 'NONE', ( #168, #887, #2035, #1283 ) ) ;
#1050 = CARTESIAN_POINT ( 'NONE',  ( -2.264336804268405778, 0.5286736085368117788, 1.995397296465282855 ) ) ;
#1051 = CARTESIAN_POINT ( 'NONE',  ( -106.1195194297764033, 4.680296009023192205, 278.2803814320691913 ) ) ;
#1052 = EDGE_CURVE ( 'NONE', #4163, #3619, #1342, .T. ) ;
#1053 = VERTEX_POINT ( 'NONE', #3691 ) ;
#1054 = EDGE_CURVE ( 'NONE', #5973, #957, #1802, .T. ) ;
#1055 = CARTESIAN_POINT ( 'NONE',  ( -39.34705861651449510, 0.5824803646412805014, 289.6544379066506849 ) ) ;
#1056 = LINE ( 'NONE', #4174, #2130 ) ;
#1057 = CARTESIAN_POINT ( 'NONE',  ( -113.6644701333618031, 4.972422735670595451, 279.4185751235411885 ) ) ;
#1058 = CARTESIAN_POINT ( 'NONE',  ( -104.8509621475897973, 13.45168003562944037, 267.4828650313967842 ) ) ;
#1059 = ORIENTED_EDGE ( 'NONE', *, *, #4058, .T. ) ;
#1060 = DIRECTION ( 'NONE',  ( -0.8662767110661262482, 0.0000000000000000000, -0.4995644701782294694 ) ) ;
#1061 = ORIENTED_EDGE ( 'NONE', *, *, #4463, .T. ) ;
#1062 = CARTESIAN_POINT ( 'NONE',  ( -100.2893556757203015, 2.547313607011621350, 291.6544379066506849 ) ) ;
#1063 = CARTESIAN_POINT ( 'NONE',  ( -38.94630608173790165, 2.767339318121073699, 266.8214958208475309 ) ) ;
#1064 = CARTESIAN_POINT ( 'NONE',  ( -10.08960663742024977, 6.123266322889500124, 314.7489999999995689 ) ) ;
#1065 = LINE ( 'NONE', #2571, #5901 ) ;
#1066 = DIRECTION ( 'NONE',  ( 0.0000000000000000000, 0.0000000000000000000, -1.000000000000000000 ) ) ;
#1067 = CARTESIAN_POINT ( 'NONE',  ( -7.315455574864520472, 0.8767006227395146567, 1.500999999999686807 ) ) ;
#1068 = CARTESIAN_POINT ( 'NONE',  ( -105.0539410357467318, 12.56645895492215104, 284.1544379066507418 ) ) ;
#1069 = CARTESIAN_POINT ( 'NONE',  ( -104.9777964031964075, 6.996209651591375867, 312.1213152600205945 ) ) ;
#1070 = CARTESIAN_POINT ( 'NONE',  ( -111.6365627221622248, 0.8767006227390602424, 1.501000000000015211 ) ) ;
#1071 = VERTEX_POINT ( 'NONE', #5548 ) ;
#1072 = DIRECTION ( 'NONE',  ( 0.04817122723086528918, 0.9988390925805179510, -0.0000000000000000000 ) ) ;
#1073 =( BOUNDED_SURFACE ( )  B_SPLINE_SURFACE ( 3, 2, ( 
 ( #1681, #5779, #2021 ),
 ( #3886, #4882, #3453 ),
 ( #700, #2997, #3974 ),
 ( #4854, #4394, #214 ),
 ( #1649, #3514, #4914 ),
 ( #5377, #1182, #3055 ),
 ( #2601, #4456, #2148 ),
 ( #3544, #1304, #2289 ),
 ( #368, #1332, #2659 ),
 ( #3181, #2210, #4977 ),
 ( #764, #793, #3121 ),
 ( #3205, #4489, #5987 ),
 ( #5040, #5063, #878 ),
 ( #4071, #2238, #3582 ),
 ( #414, #825, #308 ),
 ( #2695, #1796, #3612 ),
 ( #4550, #5938, #1276 ),
 ( #2740, #4147, #5412 ),
 ( #4116, #340, #856 ),
 ( #1221, #4515, #1745 ) ),
 .UNSPECIFIED., .F., .F., .F. ) 
 B_SPLINE_SURFACE_WITH_KNOTS ( ( 4, 2, 2, 2, 2, 2, 2, 2, 2, 4 ),
 ( 3, 3 ),
 ( 5.453536927602087303E-17, 0.0003916461260646420125, 0.0007832922521292294896, 0.001566584504258404335, 0.002349876756387579181, 0.003133169008516754027, 0.003916461260645928873, 0.004699753512775103718, 0.005483045764904278564, 0.006266338017033453410 ),
 ( 0.0000000000000000000, 1.000000000000000000 ),
 .UNSPECIFIED. ) 
 GEOMETRIC_REPRESENTATION_ITEM ( )  RATIONAL_B_SPLINE_SURFACE ( (
 ( 1.000000000000000000, 0.9935126595445754605, 1.000000000000000000),
 ( 1.000000000000000000, 0.9935312843560298868, 1.000000000000000000),
 ( 1.000000000000000000, 0.9923987089817222218, 1.000000000000000000),
 ( 1.000000000000000000, 0.9888128276091000535, 1.000000000000000000),
 ( 1.000000000000000000, 0.9863472816260666631, 1.000000000000000000),
 ( 1.000000000000000000, 0.9777208886539388022, 1.000000000000000000),
 ( 1.000000000000000000, 0.9703377443338397912, 1.000000000000000000),
 ( 1.000000000000000000, 0.9527714024372214707, 1.000000000000000000),
 ( 1.000000000000000000, 0.9425263500386175108, 1.000000000000000000),
 ( 1.000000000000000000, 0.9197744612893253846, 1.000000000000000000),
 ( 1.000000000000000000, 0.9072157448130010460, 1.000000000000000000),
 ( 1.000000000000000000, 0.8799286788990187125, 1.000000000000000000),
 ( 1.000000000000000000, 0.8651959622870308841, 1.000000000000000000),
 ( 1.000000000000000000, 0.8338330001526179647, 1.000000000000000000),
 ( 1.000000000000000000, 0.8173464594714243692, 1.000000000000000000),
 ( 1.000000000000000000, 0.7842605092879286754, 1.000000000000000000),
 ( 1.000000000000000000, 0.7675129571084468028, 1.000000000000000000),
 ( 1.000000000000000000, 0.7352899541110450299, 1.000000000000000000),
 ( 1.000000000000000000, 0.7201924831359830526, 1.000000000000000000),
 ( 1.000000000000000000, 0.7071067811865500152, 1.000000000000000000) ) ) 
 REPRESENTATION_ITEM ( '' )  SURFACE ( )  );
#1074 = CARTESIAN_POINT ( 'NONE',  ( -103.8919263731756644, 5.154041387671025376, 292.2761341896181762 ) ) ;
#1075 = CARTESIAN_POINT ( 'NONE',  ( -14.05662661152142157, 2.450835289238927572, 13.99999999999979572 ) ) ;
#1076 = DIRECTION ( 'NONE',  ( -0.9999191579690125398, 0.01271524779707759040, 0.0000000000000000000 ) ) ;
#1077 = DIRECTION ( 'NONE',  ( 0.0000000000000000000, 0.0000000000000000000, -1.000000000000000000 ) ) ;
#1078 = CARTESIAN_POINT ( 'NONE',  ( -1.656854249492380582, 2.828427124746189847, 323.7500000000000000 ) ) ;
#1079 = ORIENTED_EDGE ( 'NONE', *, *, #1757, .F. ) ;
#1080 = ORIENTED_EDGE ( 'NONE', *, *, #874, .F. ) ;
#1081 = CARTESIAN_POINT ( 'NONE',  ( -2.953008451688784231, 3.476504225844362583, 0.1041092978309383632 ) ) ;
#1082 = FACE_OUTER_BOUND ( 'NONE', #2395, .T. ) ;
#1083 = EDGE_LOOP ( 'NONE', ( #1122, #5666, #1402, #2769 ) ) ;
#1084 = CARTESIAN_POINT ( 'NONE',  ( -106.0970230862558310, 6.784280302555143471, 282.7201771799681183 ) ) ;
#1085 = FACE_OUTER_BOUND ( 'NONE', #4146, .T. ) ;
#1086 = DIRECTION ( 'NONE',  ( 1.000000000000000000, 0.0000000000000000000, 0.0000000000000000000 ) ) ;
#1087 = CARTESIAN_POINT ( 'NONE',  ( -106.1673244739702113, 10.03477571383122324, 283.1544379066506849 ) ) ;
#1088 = EDGE_CURVE ( 'NONE', #4260, #2986, #2789, .T. ) ;
#1089 = ORIENTED_EDGE ( 'NONE', *, *, #582, .F. ) ;
#1090 = CARTESIAN_POINT ( 'NONE',  ( -105.2103562079478394, 8.711365713970041114, 274.1544379066506281 ) ) ;
#1091 = VERTEX_POINT ( 'NONE', #4040 ) ;
#1092 = CARTESIAN_POINT ( 'NONE',  ( -106.0928674035677233, 7.351874933454649153, 274.3154313336154928 ) ) ;
#1093 = CARTESIAN_POINT ( 'NONE',  ( -41.27118160836987926, 6.519561894309434003, 266.6544379066506849 ) ) ;
#1094 = CARTESIAN_POINT ( 'NONE',  ( -106.2126457168427720, 8.617691027423845185, 275.1544379066506281 ) ) ;
#1095 = DIRECTION ( 'NONE',  ( 3.506950558086308462E-15, -1.961123667350896153E-16, 1.000000000000000000 ) ) ;
#1096 = CARTESIAN_POINT ( 'NONE',  ( -111.9257647238814570, 2.821621160211999602, 323.5968649400128925 ) ) ;
#1097 = CARTESIAN_POINT ( 'NONE',  ( -104.8417104810876737, 6.091081423522700433, 290.6855395764945342 ) ) ;
#1098 = CARTESIAN_POINT ( 'NONE',  ( -41.08138357292902754, 0.5841767017283173713, 266.6551356071847749 ) ) ;
#1099 = EDGE_CURVE ( 'NONE', #1127, #4756, #2802, .T. ) ;
#1100 = CARTESIAN_POINT ( 'NONE',  ( -40.12782488635663469, 0.5832440293598136760, 291.2431543194807091 ) ) ;
#1101 = AXIS2_PLACEMENT_3D ( 'NONE', #908, #5549, #4205 ) ;
#1102 = AXIS2_PLACEMENT_3D ( 'NONE', #5685, #1496, #192 ) ;
#1103 = CARTESIAN_POINT ( 'NONE',  ( -11.57700302462468400, 4.408449554980112595, 314.6580631572172138 ) ) ;
#1104 = ORIENTED_EDGE ( 'NONE', *, *, #90, .T. ) ;
#1105 = DIRECTION ( 'NONE',  ( 0.0000000000000000000, 0.0000000000000000000, -1.000000000000000000 ) ) ;
#1106 = B_SPLINE_CURVE_WITH_KNOTS ( 'NONE', 3,
 ( #851, #2715, #4569, #3538 ),
 .UNSPECIFIED., .F., .F.,
 ( 4, 4 ),
 ( 0.1515543802362242232, 0.5169180040286674993 ),
 .UNSPECIFIED. ) ;
#1107 = AXIS2_PLACEMENT_3D ( 'NONE', #4799, #3926, #3012 ) ;
#1108 = CARTESIAN_POINT ( 'NONE',  ( -110.9412651464277246, 3.553158608257727558, 0.01871817455153147389 ) ) ;
#1109 = AXIS2_PLACEMENT_3D ( 'NONE', #5826, #229, #5732 ) ;
#1110 = EDGE_LOOP ( 'NONE', ( #5861, #307, #4645, #1766 ) ) ;
#1111 = CARTESIAN_POINT ( 'NONE',  ( -104.2534616248189820, 6.572269410539733236, 8.999999999994944488 ) ) ;
#1112 = VECTOR ( 'NONE', #3133, 1000.000000000000000 ) ;
#1113 = CIRCLE ( 'NONE', #5311, 6.000000000000005329 ) ;
#1114 =( BOUNDED_SURFACE ( )  B_SPLINE_SURFACE ( 3, 2, ( 
 ( #5301, #655, #4382 ),
 ( #199, #2067, #3927 ),
 ( #3013, #5458, #1265 ),
 ( #2166, #2197, #3078 ) ),
 .UNSPECIFIED., .F., .F., .F. ) 
 B_SPLINE_SURFACE_WITH_KNOTS ( ( 4, 4 ),
 ( 3, 3 ),
 ( 0.0000000000000000000, 0.001281386694808543192 ),
 ( 0.0000000000000000000, 1.000000000000000000 ),
 .UNSPECIFIED. ) 
 GEOMETRIC_REPRESENTATION_ITEM ( )  RATIONAL_B_SPLINE_SURFACE ( (
 ( 1.000000000000000000, 0.7071067811865425767, 1.000000000000000000),
 ( 1.000000000000000000, 0.7082153863813841488, 1.000000000000000000),
 ( 1.000000000000000000, 0.7159930811301414844, 1.000000000000000000),
 ( 1.000000000000000000, 0.7286822673707975540, 1.000000000000000000) ) ) 
 REPRESENTATION_ITEM ( '' )  SURFACE ( )  );
#1115 = CIRCLE ( 'NONE', #1501, 1.000000000000000888 ) ;
#1116 = CARTESIAN_POINT ( 'NONE',  ( -103.4470540309250737, 1.645699654795943712, 266.6673882947592347 ) ) ;
#1117 = CIRCLE ( 'NONE', #623, 1.000000000000000888 ) ;
#1118 = ORIENTED_EDGE ( 'NONE', *, *, #4991, .T. ) ;
#1119 = ORIENTED_EDGE ( 'NONE', *, *, #5129, .F. ) ;
#1120 = CARTESIAN_POINT ( 'NONE',  ( -2.992762044695273183, 1.985524089390487967, 0.5048544420787793863 ) ) ;
#1121 = CARTESIAN_POINT ( 'NONE',  ( -2.482456945134400961, 0.05661258068450703701, 320.8202947189739689 ) ) ;
#1122 = ORIENTED_EDGE ( 'NONE', *, *, #2192, .T. ) ;
#1123 = CARTESIAN_POINT ( 'NONE',  ( -39.09758418044155803, 10.05251277932856446, 268.6544379066506849 ) ) ;
#1124 = CARTESIAN_POINT ( 'NONE',  ( -102.8536267577880210, 13.34842637373754926, 266.6544379066506281 ) ) ;
#1125 = ORIENTED_EDGE ( 'NONE', *, *, #1099, .T. ) ;
#1126 = CARTESIAN_POINT ( 'NONE',  ( -105.0012955040202769, 13.62303811808736853, 312.2489999999998531 ) ) ;
#1127 = VERTEX_POINT ( 'NONE', #4239 ) ;
#1128 = CARTESIAN_POINT ( 'NONE',  ( -105.1451340726542014, 5.433640090345245532, 268.6544379066506281 ) ) ;
#1129 = CARTESIAN_POINT ( 'NONE',  ( -103.4476437075683748, 1.645701617832882935, 291.6544379066506849 ) ) ;
#1130 = DIRECTION ( 'NONE',  ( -0.0000000000000000000, -1.000000000000000000, -0.0000000000000000000 ) ) ;
#1131 = EDGE_CURVE ( 'NONE', #3574, #3710, #5218, .T. ) ;
#1132 = CARTESIAN_POINT ( 'NONE',  ( 58.63310904902472487, 3.995356370322071804, 288.8141475624760233 ) ) ;
#1133 = CARTESIAN_POINT ( 'NONE',  ( -114.7639975833967441, 2.035466637765293019, 319.7500000000000000 ) ) ;
#1134 = CARTESIAN_POINT ( 'NONE',  ( -5.173386177220856474, 3.995356370322071804, 325.6956607797318384 ) ) ;
#1135 = CARTESIAN_POINT ( 'NONE',  ( -41.21284880778408422, 0.5843052874081811066, 267.6544379211431419 ) ) ;
#1136 = CARTESIAN_POINT ( 'NONE',  ( -40.68366529116753583, 0.5837876948879391348, 290.4078874173953295 ) ) ;
#1137 = CARTESIAN_POINT ( 'NONE',  ( -11.49203277865280093, 7.418627449721097555, 8.999999999999710454 ) ) ;
#1138 = CARTESIAN_POINT ( 'NONE',  ( -105.1499011491902280, 4.802542562612735821, 275.8818219775139937 ) ) ;
#1139 = EDGE_CURVE ( 'NONE', #3674, #5293, #53, .T. ) ;
#1140 = EDGE_CURVE ( 'NONE', #102, #2257, #1024, .T. ) ;
#1141 = CARTESIAN_POINT ( 'NONE',  ( -112.3418247326988393, 0.8286207262940293861, 1.550891417927670712 ) ) ;
#1142 = DIRECTION ( 'NONE',  ( -0.5004356563159247928, 0.0000000000000000000, 0.8657737313453496286 ) ) ;
#1143 = CARTESIAN_POINT ( 'NONE',  ( 0.0000000000000000000, 7.500000000000000000, 323.7500000000000000 ) ) ;
#1144 = EDGE_CURVE ( 'NONE', #4387, #3371, #947, .T. ) ;
#1145 = DIRECTION ( 'NONE',  ( -0.9999191579690125398, 0.01271524779707100539, 0.0000000000000000000 ) ) ;
#1146 = ORIENTED_EDGE ( 'NONE', *, *, #576, .T. ) ;
#1147 = ORIENTED_EDGE ( 'NONE', *, *, #781, .T. ) ;
#1148 = CARTESIAN_POINT ( 'NONE',  ( -114.4251532653744476, 9.044477096599898402, 274.1544379066506849 ) ) ;
#1149 =( BOUNDED_CURVE ( )  B_SPLINE_CURVE ( 3, ( #5037, #3579, #852, #5060 ),
 .UNSPECIFIED., .F., .F. ) 
 B_SPLINE_CURVE_WITH_KNOTS ( ( 4, 4 ),
 ( 1.420873725764250528, 1.618986203464544582 ),
 .UNSPECIFIED. ) 
 CURVE ( )  GEOMETRIC_REPRESENTATION_ITEM ( )  RATIONAL_B_SPLINE_CURVE ( ( 1.000000000000000000, 0.9967319606976428048, 0.9967319606976428048, 1.000000000000000000 ) ) 
 REPRESENTATION_ITEM ( '' )  );
#1150 = DIRECTION ( 'NONE',  ( -0.04817122723086528918, -0.9988390925805179510, 0.0000000000000000000 ) ) ;
#1151 = EDGE_LOOP ( 'NONE', ( #2558, #4911, #5272, #2340, #3484 ) ) ;
#1152 = CARTESIAN_POINT ( 'NONE',  ( -105.1086732206524204, 6.756302351398937311, 282.7302137651495286 ) ) ;
#1153 = CARTESIAN_POINT ( 'NONE',  ( -113.2188119959910466, 12.96022793859347821, 1.554335441757318748 ) ) ;
#1154 = CARTESIAN_POINT ( 'NONE',  ( -105.0865742339168065, 8.591120789383648315, 268.6544379066506281 ) ) ;
#1155 = VERTEX_POINT ( 'NONE', #5183 ) ;
#1156 = CARTESIAN_POINT ( 'NONE',  ( -105.2126599787838899, 8.610404793811065716, 11.49999999999980105 ) ) ;
#1157 = ORIENTED_EDGE ( 'NONE', *, *, #4611, .F. ) ;
#1158 = DIRECTION ( 'NONE',  ( -0.9988390925805179510, 0.04817122723086510183, 0.0000000000000000000 ) ) ;
#1159 = CARTESIAN_POINT ( 'NONE',  ( -11.49543762092475419, 7.341204054068284357, 312.2477996882115008 ) ) ;
#1160 = CARTESIAN_POINT ( 'NONE',  ( -105.2126599787838899, 8.610404793811065716, 11.49999999999980105 ) ) ;
#1161 = DIRECTION ( 'NONE',  ( 0.9988390925805179510, -0.04817122723086528918, -4.966075749511364176E-15 ) ) ;
#1162 = CARTESIAN_POINT ( 'NONE',  ( -14.05662661152040727, 2.450835289238894710, 309.7489999999995121 ) ) ;
#1163 = CARTESIAN_POINT ( 'NONE',  ( -1.830245898735155086, 0.007217135485130393713, 159.8547740578324294 ) ) ;
#1164 = CARTESIAN_POINT ( 'NONE',  ( -109.6557690067969872, 0.0000000000000000000, 157.8340481156695887 ) ) ;
#1165 = CARTESIAN_POINT ( 'NONE',  ( -8.646044848997965104, 3.995356370322071804, 159.8547740578359821 ) ) ;
#1166 = CARTESIAN_POINT ( 'NONE',  ( -105.0094575364297498, 6.790356998958886336, 268.0223018114143656 ) ) ;
#1167 = CARTESIAN_POINT ( 'NONE',  ( -114.4251532653744476, 9.044477096599903732, 274.1544379066506849 ) ) ;
#1168 = ADVANCED_FACE ( 'NONE', ( #5706 ), #3029, .T. ) ;
#1169 = LINE ( 'NONE', #3528, #519 ) ;
#1170 = CARTESIAN_POINT ( 'NONE',  ( -1.656854249492382802, 7.579905465388348418, 323.7500000000000000 ) ) ;
#1171 = EDGE_LOOP ( 'NONE', ( #5723, #5796, #3504, #5636 ) ) ;
#1172 = ORIENTED_EDGE ( 'NONE', *, *, #4463, .F. ) ;
#1173 = EDGE_CURVE ( 'NONE', #5957, #1329, #5520, .T. ) ;
#1174 = CARTESIAN_POINT ( 'NONE',  ( -114.5237375753920048, 7.720079086920955014, 274.2870266474592995 ) ) ;
#1175 = CARTESIAN_POINT ( 'NONE',  ( -111.4861586422829731, 3.995356370322071804, 315.2499999999999432 ) ) ;
#1176 = VERTEX_POINT ( 'NONE', #534 ) ;
#1177 = CYLINDRICAL_SURFACE ( 'NONE', #5632, 1.000000000000000000 ) ;
#1178 = CARTESIAN_POINT ( 'NONE',  ( -106.1149789071021985, 11.32492726862290766, 283.1544379066506849 ) ) ;
#1179 = ORIENTED_EDGE ( 'NONE', *, *, #3209, .T. ) ;
#1180 = CARTESIAN_POINT ( 'NONE',  ( -103.1823637759853511, 2.205522034684581190, 291.6544379066506849 ) ) ;
#1181 = ORIENTED_EDGE ( 'NONE', *, *, #4604, .T. ) ;
#1182 = CARTESIAN_POINT ( 'NONE',  ( -104.9732215493867500, 7.001451907834357336, 267.9140078803458209 ) ) ;
#1183 = PLANE ( 'NONE',  #3659 ) ;
#1184 = CARTESIAN_POINT ( 'NONE',  ( -105.0932437651897686, 7.324441712896369694, 268.6544379066506281 ) ) ;
#1185 = CARTESIAN_POINT ( 'NONE',  ( -11.46271806071731980, 8.052814968258134698, 314.7489999999995121 ) ) ;
#1186 = CARTESIAN_POINT ( 'NONE',  ( -113.5445743938534378, 1.236973847267585969, 322.7359503989929408 ) ) ;
#1187 = CARTESIAN_POINT ( 'NONE',  ( -105.0379846717333407, 7.226310723944473047, 290.1494749320040114 ) ) ;
#1188 = EDGE_CURVE ( 'NONE', #3339, #4741, #3387, .T. ) ;
#1189 = CARTESIAN_POINT ( 'NONE',  ( -7.344533915294842785, 3.995356370322072248, 9.400999999999665846 ) ) ;
#1190 = DIRECTION ( 'NONE',  ( -0.5004356563159415572, 0.0000000000000000000, -0.8657737313453399697 ) ) ;
#1191 = LINE ( 'NONE', #4988, #1112 ) ;
#1192 = CARTESIAN_POINT ( 'NONE',  ( -107.4400095534520858, 3.995356370322071804, 322.2499999999998863 ) ) ;
#1193 = DIRECTION ( 'NONE',  ( -0.0000000000000000000, -0.0000000000000000000, -1.000000000000000000 ) ) ;
#1194 = CARTESIAN_POINT ( 'NONE',  ( -111.6091571622553857, 2.258162345048084774, 0.3920327832932729017 ) ) ;
#1195 = VECTOR ( 'NONE', #2357, 1000.000000000000114 ) ;
#1196 = DIRECTION ( 'NONE',  ( -0.0000000000000000000, -0.0000000000000000000, -1.000000000000000000 ) ) ;
#1197 = VECTOR ( 'NONE', #5729, 1000.000000000000000 ) ;
#1198 = EDGE_CURVE ( 'NONE', #3933, #275, #650, .T. ) ;
#1199 = VECTOR ( 'NONE', #4635, 1000.000000000000000 ) ;
#1200 = CARTESIAN_POINT ( 'NONE',  ( -113.5986143146786560, 6.534254789610802305, 282.3372396010062744 ) ) ;
#1201 = CARTESIAN_POINT ( 'NONE',  ( -105.2103562079477257, 8.711365713970048219, 312.2489999999998531 ) ) ;
#1202 = ORIENTED_EDGE ( 'NONE', *, *, #5818, .T. ) ;
#1203 = ORIENTED_EDGE ( 'NONE', *, *, #3868, .T. ) ;
#1204 = AXIS2_PLACEMENT_3D ( 'NONE', #4436, #5386, #5452 ) ;
#1205 = VECTOR ( 'NONE', #4936, 1000.000000000000000 ) ;
#1206 = AXIS2_PLACEMENT_3D ( 'NONE', #455, #1756, #3163 ) ;
#1207 = CARTESIAN_POINT ( 'NONE',  ( -104.9827698735935257, 1.650256053944096690, 290.5408454437661021 ) ) ;
#1208 = CARTESIAN_POINT ( 'NONE',  ( -7.344533915293768089, 3.995356370322072248, 323.1499999999995794 ) ) ;
#1209 = ORIENTED_EDGE ( 'NONE', *, *, #5161, .F. ) ;
#1210 = EDGE_CURVE ( 'NONE', #201, #2883, #1056, .T. ) ;
#1211 = LINE ( 'NONE', #2736, #4932 ) ;
#1212 = AXIS2_PLACEMENT_3D ( 'NONE', #1159, #1622, #3915 ) ;
#1213 = EDGE_CURVE ( 'NONE', #3158, #2137, #5058, .T. ) ;
#1214 = VECTOR ( 'NONE', #2817, 1000.000000000000000 ) ;
#1215 = CARTESIAN_POINT ( 'NONE',  ( -105.1158944058811784, 11.28184463387128389, 11.49999999999978861 ) ) ;
#1216 = CARTESIAN_POINT ( 'NONE',  ( -105.1129002011238924, 7.551033870322108932, 268.6544379066510828 ) ) ;
#1217 = VECTOR ( 'NONE', #5380, 1000.000000000000114 ) ;
#1218 = ORIENTED_EDGE ( 'NONE', *, *, #1210, .T. ) ;
#1219 = CARTESIAN_POINT ( 'NONE',  ( -39.34213890066337882, 1.766904805648898957, 268.6544379066506849 ) ) ;
#1220 = ORIENTED_EDGE ( 'NONE', *, *, #2293, .T. ) ;
#1221 = CARTESIAN_POINT ( 'NONE',  ( -103.1711405694369859, 3.326695977281928229, 266.6544379066506281 ) ) ;
#1222 = DIRECTION ( 'NONE',  ( 0.9999302546508108680, -0.01181041209969390347, 0.0000000000000000000 ) ) ;
#1223 = CARTESIAN_POINT ( 'NONE',  ( -100.2766404279241925, 3.547232764980646547, 13.99999999999980105 ) ) ;
#1224 = VECTOR ( 'NONE', #5036, 1000.000000000000000 ) ;
#1225 = CARTESIAN_POINT ( 'NONE',  ( -104.7833352566184004, 1.649665514305657554, 267.4240662162968079 ) ) ;
#1226 = EDGE_CURVE ( 'NONE', #5178, #5828, #3715, .T. ) ;
#1227 = CARTESIAN_POINT ( 'NONE',  ( -114.7245065406612810, 2.055052771717089666, 320.3907172505718677 ) ) ;
#1228 = CARTESIAN_POINT ( 'NONE',  ( -2.063966701603159315, 0.1279334032063324522, 320.7871302637299209 ) ) ;
#1229 = CARTESIAN_POINT ( 'NONE',  ( -103.1711405694370001, 3.326695977282411398, 266.6544379066506281 ) ) ;
#1230 = CARTESIAN_POINT ( 'NONE',  ( -14.05662661152142867, 2.450835289238927572, 13.99999999999979039 ) ) ;
#1231 = EDGE_LOOP ( 'NONE', ( #213, #4077 ) ) ;
#1232 = CARTESIAN_POINT ( 'NONE',  ( -111.3329104619858327, 12.86927616067007207, 323.5444595228096887 ) ) ;
#1233 = CARTESIAN_POINT ( 'NONE',  ( -114.0434928689723790, 12.99999999999998046, 323.7500000000000000 ) ) ;
#1234 = DIRECTION ( 'NONE',  ( 0.0000000000000000000, 0.0000000000000000000, 1.000000000000000000 ) ) ;
#1235 = EDGE_CURVE ( 'NONE', #2167, #4444, #3826, .T. ) ;
#1236 = CARTESIAN_POINT ( 'NONE',  ( -14.05662661152041792, 2.450835289238910253, 309.7489999999995689 ) ) ;
#1237 = CARTESIAN_POINT ( 'NONE',  ( -113.7126413605926700, 3.973583643090076833, 279.1544379066506849 ) ) ;
#1238 = DIRECTION ( 'NONE',  ( 0.5004356563159287896, 0.0000000000000000000, 0.8657737313453471861 ) ) ;
#1239 = CARTESIAN_POINT ( 'NONE',  ( -113.4282625802592719, 8.965680130093533151, 283.1544379066507418 ) ) ;
#1240 = CARTESIAN_POINT ( 'NONE',  ( -104.1851587346446024, 1.645898758679851026, 268.6544379066497186 ) ) ;
#1241 = VERTEX_POINT ( 'NONE', #3050 ) ;
#1242 = ORIENTED_EDGE ( 'NONE', *, *, #2559, .F. ) ;
#1243 = CARTESIAN_POINT ( 'NONE',  ( -103.1861293549775667, 0.6449211332515852879, 291.6544379066506849 ) ) ;
#1244 = ORIENTED_EDGE ( 'NONE', *, *, #5088, .T. ) ;
#1245 = LINE ( 'NONE', #3116, #1224 ) ;
#1246 = CARTESIAN_POINT ( 'NONE',  ( -105.0896869059923944, 7.442127298073619279, 268.2081935620456079 ) ) ;
#1247 = VERTEX_POINT ( 'NONE', #2462 ) ;
#1248 = ORIENTED_EDGE ( 'NONE', *, *, #4413, .T. ) ;
#1249 = EDGE_CURVE ( 'NONE', #4281, #243, #2603, .T. ) ;
#1250 = CARTESIAN_POINT ( 'NONE',  ( -38.32945050852324442, 2.759495212519210483, 289.6544379066506849 ) ) ;
#1251 = CARTESIAN_POINT ( 'NONE',  ( -104.6920413362906146, 1.649394923631069654, 290.9759052924068783 ) ) ;
#1252 = FACE_OUTER_BOUND ( 'NONE', #2772, .T. ) ;
#1253 = LINE ( 'NONE', #2634, #5213 ) ;
#1254 = PLANE ( 'NONE',  #1637 ) ;
#1255 = CARTESIAN_POINT ( 'NONE',  ( -3.607326170774797891, 3.607326170774797891, 323.7499999999794795 ) ) ;
#1256 = CARTESIAN_POINT ( 'NONE',  ( -39.34764798086428073, 2.772442892403536696, 289.9156293157142272 ) ) ;
#1257 = CARTESIAN_POINT ( 'NONE',  ( -112.8966035137325434, 4.790517072723737247E-15, 159.7029726206399403 ) ) ;
#1258 = EDGE_LOOP ( 'NONE', ( #2156, #1939, #4879, #1761, #1953, #2819 ) ) ;
#1259 = CARTESIAN_POINT ( 'NONE',  ( -39.83521246540792049, 1.774519416033569330, 290.9759165411246045 ) ) ;
#1260 = LINE ( 'NONE', #222, #4133 ) ;
#1261 = PERSON_AND_ORGANIZATION ( #4286, #3347 ) ;
#1262 = CARTESIAN_POINT ( 'NONE',  ( -114.6361858278946926, 5.841081233018029728, 281.5962119376873147 ) ) ;
#1263 = DIRECTION ( 'NONE',  ( 0.0000000000000000000, 0.0000000000000000000, -1.000000000000000000 ) ) ;
#1264 = CARTESIAN_POINT ( 'NONE',  ( -38.94630608289141094, 2.767339318135739301, 266.8214958218419497 ) ) ;
#1265 = CARTESIAN_POINT ( 'NONE',  ( -106.1679015045315992, 7.932020015195409002, 283.1099491616822661 ) ) ;
#1266 = ORIENTED_EDGE ( 'NONE', *, *, #2810, .F. ) ;
#1267 = ORIENTED_EDGE ( 'NONE', *, *, #4020, .F. ) ;
#1268 = CARTESIAN_POINT ( 'NONE',  ( -104.9869781677900846, 0.6466825370866766676, 290.5424365547511343 ) ) ;
#1269 = CARTESIAN_POINT ( 'NONE',  ( -1.511831567794229780, 0.04493414390457358548, 5.391099545376843771 ) ) ;
#1270 = ORIENTED_EDGE ( 'NONE', *, *, #5660, .F. ) ;
#1271 = B_SPLINE_CURVE_WITH_KNOTS ( 'NONE', 3,
 ( #5247, #1057, #1547, #4813, #1667, #1733, #3909, #1025, #4778, #4296, #1200, #5430, #2893, #3077, #1978, #750, #2920, #1239 ),
 .UNSPECIFIED., .F., .F.,
 ( 4, 2, 2, 2, 2, 2, 2, 2, 4 ),
 ( 0.0000000000000000000, 0.0007875299845736030138, 0.001575059969147206028, 0.002362589953720808933, 0.003150119938294412055, 0.003937649922868015177, 0.004725179907441617866, 0.005512709892015221422, 0.006300239876588824110 ),
 .UNSPECIFIED. ) ;
#1272 = CYLINDRICAL_SURFACE ( 'NONE', #5598, 2.199999999999980194 ) ;
#1273 = FACE_OUTER_BOUND ( 'NONE', #1739, .T. ) ;
#1274 = EDGE_LOOP ( 'NONE', ( #3928, #150, #495, #1267 ) ) ;
#1275 = EDGE_LOOP ( 'NONE', ( #499, #1868, #5663, #4673 ) ) ;
#1276 = CARTESIAN_POINT ( 'NONE',  ( -103.3920899658408956, 4.681608283089549793, 265.7736832531963387 ) ) ;
#1277 = CARTESIAN_POINT ( 'NONE',  ( -109.0404516121565024, 12.75871725584463157, 318.7499999999999432 ) ) ;
#1278 = CARTESIAN_POINT ( 'NONE',  ( -102.6698070707137163, 9.901770371515533853, 314.7489999999998531 ) ) ;
#1279 = EDGE_CURVE ( 'NONE', #3531, #4109, #2869, .T. ) ;
#1280 = CARTESIAN_POINT ( 'NONE',  ( -139.3764909965510412, 3.995356370322071804, 244.2320863228084420 ) ) ;
#1281 = CARTESIAN_POINT ( 'NONE',  ( -41.07888003878307615, 1.793679433703990300, 291.6544379066506849 ) ) ;
#1282 = DIRECTION ( 'NONE',  ( 0.0000000000000000000, 0.0000000000000000000, -1.000000000000000000 ) ) ;
#1283 = ORIENTED_EDGE ( 'NONE', *, *, #1923, .F. ) ;
#1284 = PLANE ( 'NONE',  #5497 ) ;
#1285 = DIRECTION ( 'NONE',  ( 0.04817122723086528918, 0.9988390925805179510, -0.0000000000000000000 ) ) ;
#1286 = EDGE_CURVE ( 'NONE', #4487, #1071, #3935, .T. ) ;
#1287 = FACE_OUTER_BOUND ( 'NONE', #3923, .T. ) ;
#1288 = EDGE_CURVE ( 'NONE', #1071, #3357, #2944, .T. ) ;
#1289 = DIRECTION ( 'NONE',  ( 0.0000000000000000000, 0.0000000000000000000, 1.000000000000000000 ) ) ;
#1290 = CARTESIAN_POINT ( 'NONE',  ( -40.36285792594772204, 2.785352582066447535, 265.8075827385022194 ) ) ;
#1291 = LINE ( 'NONE', #846, #2482 ) ;
#1292 = ORIENTED_EDGE ( 'NONE', *, *, #1139, .F. ) ;
#1293 = ORIENTED_EDGE ( 'NONE', *, *, #6030, .T. ) ;
#1294 = CARTESIAN_POINT ( 'NONE',  ( -1.095827861744699261, 3.995356370322071804, 318.7499999999956231 ) ) ;
#1295 = AXIS2_PLACEMENT_3D ( 'NONE', #1665, #6052, #1732 ) ;
#1296 = B_SPLINE_CURVE_WITH_KNOTS ( 'NONE', 3,
 ( #4700, #1738, #4971, #34, #2653, #3275, #787, #3145, #5137, #5930, #4640, #4510, #3605, #329 ),
 .UNSPECIFIED., .F., .F.,
 ( 4, 2, 2, 2, 2, 2, 4 ),
 ( -6.000000000261010020E-08, 0.0007874211182091143263, 0.001574902236418231115, 0.001968642795522789618, 0.002362383354627347904, 0.002756123913731906624, 0.003149864472836464910 ),
 .UNSPECIFIED. ) ;
#1297 = VECTOR ( 'NONE', #5114, 1000.000000000000000 ) ;
#1298 = CARTESIAN_POINT ( 'NONE',  ( -7.165051494988363245, 3.995356370322071804, 8.501000000000036749 ) ) ;
#1299 = PLANE ( 'NONE',  #4223 ) ;
#1300 = VECTOR ( 'NONE', #2719, 1000.000000000000000 ) ;
#1301 = VECTOR ( 'NONE', #3833, 1000.000000000000000 ) ;
#1302 = ORIENTED_EDGE ( 'NONE', *, *, #5053, .F. ) ;
#1303 = ORIENTED_EDGE ( 'NONE', *, *, #1740, .F. ) ;
#1304 = CARTESIAN_POINT ( 'NONE',  ( -104.7811861859605500, 6.496657075228566391, 267.5143629760625004 ) ) ;
#1305 = CARTESIAN_POINT ( 'NONE',  ( 0.1681798777952481505, 3.487240126180946476, 279.1544379066505144 ) ) ;
#1306 = ADVANCED_BREP_SHAPE_REPRESENTATION ( 'angled base', ( #5639, #5582 ), #2193 ) ;
#1307 = CIRCLE ( 'NONE', #428, 2.500000000000006217 ) ;
#1308 = AXIS2_PLACEMENT_3D ( 'NONE', #2995, #3542, #3053 ) ;
#1309 = LINE ( 'NONE', #3638, #3365 ) ;
#1310 =( BOUNDED_CURVE ( )  B_SPLINE_CURVE ( 3, ( #3996, #5983, #2763, #3314 ),
 .UNSPECIFIED., .F., .F. ) 
 B_SPLINE_CURVE_WITH_KNOTS ( ( 4, 4 ),
 ( 3.141592653589793116, 6.283185307179586232 ),
 .UNSPECIFIED. ) 
 CURVE ( )  GEOMETRIC_REPRESENTATION_ITEM ( )  RATIONAL_B_SPLINE_CURVE ( ( 1.000000000000000000, 0.3333333333333333703, 0.3333333333333333703, 1.000000000000000000 ) ) 
 REPRESENTATION_ITEM ( '' )  );
#1311 = CARTESIAN_POINT ( 'NONE',  ( -41.34196608152250008, 1.797722342852040134, 266.6544379066506849 ) ) ;
#1312 = CARTESIAN_POINT ( 'NONE',  ( -3.205122712793109230, 3.205122712793109230, 323.6975856057550800 ) ) ;
#1313 = DIRECTION ( 'NONE',  ( -0.8662767110661316883, 0.0000000000000000000, -0.4995644701782201436 ) ) ;
#1314 = CARTESIAN_POINT ( 'NONE',  ( -70.94352702659848831, 3.995356370322071804, 203.8633910309820294 ) ) ;
#1315 = EDGE_LOOP ( 'NONE', ( #3825, #3111, #2011, #2694, #4125, #494 ) ) ;
#1316 = CARTESIAN_POINT ( 'NONE',  ( -106.2098146117498345, 8.744273145798914015, 275.1544379066506281 ) ) ;
#1317 = CARTESIAN_POINT ( 'NONE',  ( -39.07972058494023315, 10.38779386146216410, 268.6544379066506849 ) ) ;
#1318 = EDGE_CURVE ( 'NONE', #898, #5913, #2080, .T. ) ;
#1319 = CARTESIAN_POINT ( 'NONE',  ( -113.6339683254687714, 5.794529633176910721, 281.5984861828761154 ) ) ;
#1320 = EDGE_CURVE ( 'NONE', #4685, #4167, #4924, .T. ) ;
#1321 = ADVANCED_FACE ( 'NONE', ( #5403 ), #1177, .T. ) ;
#1322 = DIRECTION ( 'NONE',  ( -0.04817122723086528918, -0.9988390925805179510, 0.0000000000000000000 ) ) ;
#1323 = DIRECTION ( 'NONE',  ( 1.000000000000000000, 0.0000000000000000000, 0.0000000000000000000 ) ) ;
#1324 = VERTEX_POINT ( 'NONE', #1576 ) ;
#1325 = CARTESIAN_POINT ( 'NONE',  ( -106.7180939715338042, -8.954795057347134915E-16, 320.6677045147522449 ) ) ;
#1326 = CC_DESIGN_PERSON_AND_ORGANIZATION_ASSIGNMENT ( #3560, #1780, ( #332 ) ) ;
#1327 = CARTESIAN_POINT ( 'NONE',  ( -8.997824869314483109, 7.231977029052613304, 312.2477996882116145 ) ) ;
#1328 = CARTESIAN_POINT ( 'NONE',  ( -104.6651974220081343, 6.264365034482858974, 266.8799859830637047 ) ) ;
#1329 = VERTEX_POINT ( 'NONE', #4415 ) ;
#1330 = EDGE_LOOP ( 'NONE', ( #5858, #97, #5891, #1406 ) ) ;
#1331 = VECTOR ( 'NONE', #5472, 1000.000000000000000 ) ;
#1332 = CARTESIAN_POINT ( 'NONE',  ( -104.7004574466841120, 6.323916072258910503, 267.3947261013873913 ) ) ;
#1333 = CARTESIAN_POINT ( 'NONE',  ( -41.34705765984253389, 0.5844365566102525111, 291.6544379066506849 ) ) ;
#1334 = CARTESIAN_POINT ( 'NONE',  ( -11.45962034845942412, 8.052665569345030860, 314.7489999999995689 ) ) ;
#1335 = CARTESIAN_POINT ( 'NONE',  ( -1.866898254099290222, 0.004433933632318892704, 4.000000000000003553 ) ) ;
#1336 = CARTESIAN_POINT ( 'NONE',  ( -9.122669875334732836, 4.377239577732384035, 11.54546842139089691 ) ) ;
#1337 = CARTESIAN_POINT ( 'NONE',  ( -106.8430056084798849, 12.65274055593675406, 161.8755000000000166 ) ) ;
#1338 = VERTEX_POINT ( 'NONE', #1644 ) ;
#1339 = CARTESIAN_POINT ( 'NONE',  ( -41.34196608152250008, 1.797722342852040134, 291.6544379066506849 ) ) ;
#1340 = DIRECTION ( 'NONE',  ( 1.000000000000000000, 1.372447495514301582E-32, -1.625896048388380614E-15 ) ) ;
#1341 =( BOUNDED_SURFACE ( )  B_SPLINE_SURFACE ( 3, 2, ( 
 ( #3035, #4889, #3893 ),
 ( #4863, #3004, #2575 ),
 ( #161, #5755, #1559 ),
 ( #5385, #3432, #4435 ),
 ( #2545, #3101, #191 ),
 ( #743, #1100, #2127 ),
 ( #1136, #3982, #4374 ),
 ( #2975, #3921, #5290 ),
 ( #4959, #221, #3956 ),
 ( #4928, #5847, #2089 ),
 ( #5819, #3064, #2612 ),
 ( #1628, #1658, #775 ) ),
 .UNSPECIFIED., .F., .F., .T. ) 
 B_SPLINE_SURFACE_WITH_KNOTS ( ( 4, 2, 2, 2, 2, 4 ),
 ( 3, 3 ),
 ( 0.0000000000000000000, 0.0003905425914885729804, 0.0005858138872328594706, 0.0007810851829771459608, 0.001171627774465718941, 0.001562170365954291922 ),
 ( 0.0000000000000000000, 1.000000000000000000 ),
 .UNSPECIFIED. ) 
 GEOMETRIC_REPRESENTATION_ITEM ( )  RATIONAL_B_SPLINE_SURFACE ( (
 ( 1.000000000000000000, 0.7071067811865475727, 1.000000000000000000),
 ( 1.000000000000000000, 0.7073520946479366911, 1.000000000000000000),
 ( 1.000000000000000000, 0.7075978986352385869, 1.000000000000000000),
 ( 1.000000000000000000, 0.7079394973086073906, 1.000000000000000000),
 ( 1.000000000000000000, 0.7080475938265335945, 1.000000000000000000),
 ( 1.000000000000000000, 0.7082523064416201830, 1.000000000000000000),
 ( 1.000000000000000000, 0.7083493140289293111, 1.000000000000000000),
 ( 1.000000000000000000, 0.7086102969697343212, 1.000000000000000000),
 ( 1.000000000000000000, 0.7087510517295295687, 1.000000000000000000),
 ( 1.000000000000000000, 0.7089397188129417104, 1.000000000000000000),
 ( 1.000000000000000000, 0.7089903174609444303, 1.000000000000000000),
 ( 1.000000000000000000, 0.7089899023075091344, 1.000000000000000000) ) ) 
 REPRESENTATION_ITEM ( '' )  SURFACE ( )  );
#1342 = B_SPLINE_CURVE_WITH_KNOTS ( 'NONE', 3,
 ( #3670, #5066, #3233, #1335 ),
 .UNSPECIFIED., .F., .F.,
 ( 4, 4 ),
 ( 0.0000000000000000000, 0.0002731631540724434293 ),
 .UNSPECIFIED. ) ;
#1343 = CARTESIAN_POINT ( 'NONE',  ( -113.6644701333835599, 4.972422735671641725, 279.6806460840026602 ) ) ;
#1344 = ADVANCED_FACE ( 'NONE', ( #1085, #241 ), #4777, .T. ) ;
#1345 = CARTESIAN_POINT ( 'NONE',  ( -106.2126457168427294, 8.617691027423845185, 283.1544379066507418 ) ) ;
#1346 = DIRECTION ( 'NONE',  ( -1.000000000000000000, 0.0000000000000000000, 0.0000000000000000000 ) ) ;
#1347 = ORIENTED_EDGE ( 'NONE', *, *, #5269, .F. ) ;
#1348 = CARTESIAN_POINT ( 'NONE',  ( -104.8275658781825115, 13.89080364359263520, 289.6544379066506849 ) ) ;
#1349 = CARTESIAN_POINT ( 'NONE',  ( -38.34216575632032686, 1.759576054550196833, 268.6544379066506849 ) ) ;
#1350 = CARTESIAN_POINT ( 'NONE',  ( -113.4282625802592719, 8.965680130093533151, 275.1544379066506849 ) ) ;
#1351 = ORIENTED_EDGE ( 'NONE', *, *, #1249, .F. ) ;
#1352 = ORIENTED_EDGE ( 'NONE', *, *, #5855, .F. ) ;
#1353 = FACE_OUTER_BOUND ( 'NONE', #1636, .T. ) ;
#1354 = FACE_OUTER_BOUND ( 'NONE', #5613, .T. ) ;
#1355 = LINE ( 'NONE', #5043, #5730 ) ;
#1356 = CARTESIAN_POINT ( 'NONE',  ( -100.7674430339000935, 3.553473946289870344, 13.50915771333279203 ) ) ;
#1357 = FACE_OUTER_BOUND ( 'NONE', #4781, .T. ) ;
#1358 = CARTESIAN_POINT ( 'NONE',  ( 0.0000000000000000000, 2.000000000000014211, 319.7500000000000000 ) ) ;
#1359 = VERTEX_POINT ( 'NONE', #5274 ) ;
#1360 = LINE ( 'NONE', #3238, #2473 ) ;
#1361 = DIRECTION ( 'NONE',  ( -0.4994195462902478178, 0.02408561361543210683, 0.8660254037844451469 ) ) ;
#1362 = ADVANCED_FACE ( 'NONE', ( #5773 ), #5371, .F. ) ;
#1363 = CARTESIAN_POINT ( 'NONE',  ( -1.866318363392777568, 0.004472696244420346773, 319.7500000000000000 ) ) ;
#1364 = CARTESIAN_POINT ( 'NONE',  ( -113.0886114414817030, 2.494606122945775072E-15, 317.6889549211579720 ) ) ;
#1365 = ORIENTED_EDGE ( 'NONE', *, *, #3488, .F. ) ;
#1366 = CARTESIAN_POINT ( 'NONE',  ( -1.282084449470526133, 0.1332924004258384532, 5.001000000001088353 ) ) ;
#1367 = CARTESIAN_POINT ( 'NONE',  ( -10.11363822274224233, 4.279773478044893054, 12.04029288634297501 ) ) ;
#1368 = VERTEX_POINT ( 'NONE', #5312 ) ;
#1369 = CARTESIAN_POINT ( 'NONE',  ( -113.4282625802592719, 8.965680130093533151, 275.1544379066506849 ) ) ;
#1370 = ADVANCED_FACE ( 'NONE', ( #2954 ), #336, .T. ) ;
#1371 = CARTESIAN_POINT ( 'NONE',  ( -109.4630840978696398, 3.995356370322071804, 165.9169518843274602 ) ) ;
#1372 = CARTESIAN_POINT ( 'NONE',  ( -113.5989780291835416, 6.527463735405684808, 275.9767232521064102 ) ) ;
#1373 = EDGE_LOOP ( 'NONE', ( #2298, #3734, #1059, #4565 ) ) ;
#1374 = ORIENTED_EDGE ( 'NONE', *, *, #5116, .T. ) ;
#1375 = AXIS2_PLACEMENT_3D ( 'NONE', #4106, #5535, #5029 ) ;
#1376 = AXIS2_PLACEMENT_3D ( 'NONE', #1630, #5849, #4961 ) ;
#1377 = CARTESIAN_POINT ( 'NONE',  ( -113.6092681288417765, 6.326417060732005382, 276.1423897659684599 ) ) ;
#1378 = CARTESIAN_POINT ( 'NONE',  ( -39.11456060040958249, 9.718927587920520139, 289.6544379066506849 ) ) ;
#1379 = ORIENTED_EDGE ( 'NONE', *, *, #5881, .F. ) ;
#1380 = EDGE_CURVE ( 'NONE', #3898, #2779, #4029, .T. ) ;
#1381 = EDGE_CURVE ( 'NONE', #11, #5973, #4054, .T. ) ;
#1382 = CARTESIAN_POINT ( 'NONE',  ( -106.1195194297797144, 4.680296009018693582, 280.0284943812163192 ) ) ;
#1383 = AXIS2_PLACEMENT_3D ( 'NONE', #271, #5863, #2991 ) ;
#1384 = CARTESIAN_POINT ( 'NONE',  ( -110.0392907047369562, 12.80688848307549321, 0.0000000000000000000 ) ) ;
#1385 = CARTESIAN_POINT ( 'NONE',  ( -101.7884653369414849, 4.591002242994746574, 10.95005104484892655 ) ) ;
#1386 = CARTESIAN_POINT ( 'NONE',  ( -114.3989828206208159, 2.216046634259990267, 2.331587115114821529 ) ) ;
#1387 = CARTESIAN_POINT ( 'NONE',  ( -7.344533915294348958, 3.995356370322071804, 161.8754999999996755 ) ) ;
#1388 = ORIENTED_EDGE ( 'NONE', *, *, #5466, .T. ) ;
#1389 = CARTESIAN_POINT ( 'NONE',  ( -111.2378976158341715, 12.86469395575256058, 161.8755000000000166 ) ) ;
#1390 = FACE_OUTER_BOUND ( 'NONE', #3789, .T. ) ;
#1391 = VECTOR ( 'NONE', #1238, 1000.000000000000114 ) ;
#1392 = VECTOR ( 'NONE', #3171, 1000.000000000000000 ) ;
#1393 = CARTESIAN_POINT ( 'NONE',  ( -11.46271806071731980, 8.052814968258134698, 314.7489999999995121 ) ) ;
#1394 = EDGE_CURVE ( 'NONE', #4408, #3570, #4527, .T. ) ;
#1395 = DIRECTION ( 'NONE',  ( -0.07879696650637028899, -0.9968906851151706494, 0.0000000000000000000 ) ) ;
#1396 = PLANE ( 'NONE',  #4231 ) ;
#1397 = CARTESIAN_POINT ( 'NONE',  ( -40.82464730188738855, 1.789767256800296247, 266.7181285015693106 ) ) ;
#1398 = AXIS2_PLACEMENT_3D ( 'NONE', #4012, #256, #2059 ) ;
#1399 = CARTESIAN_POINT ( 'NONE',  ( -101.5210130604663448, 4.223951986455781515, 312.2547533750376374 ) ) ;
#1400 = EDGE_CURVE ( 'NONE', #5667, #5577, #970, .T. ) ;
#1401 = CARTESIAN_POINT ( 'NONE',  ( -105.2103562079477257, 8.711365713970048219, 312.2489999999998531 ) ) ;
#1402 = ORIENTED_EDGE ( 'NONE', *, *, #2971, .F. ) ;
#1403 = CLOSED_SHELL ( 'NONE', ( #99, #2365, #3011, #1453, #2709, #51, #5655, #570, #3137, #5652, #2777, #4642, #42, #3038, #2821, #2250, #2766, #4570, #2126, #654, #5027, #4157, #1538, #3279, #2072, #872, #6001, #748, #1034, #5508, #1492, #4639, #1774, #1674, #4262, #2487, #3342, #976, #3729, #3084, #321, #3869, #10, #62, #3586, #3290, #167, #2100, #1046, #3639, #5323, #861, #5087, #5455, #1664, #806, #512, #4346, #2454, #3900, #4845, #3995, #1017, #5980, #1344, #5475, #1865, #5617, #5965, #2522, #2851, #3303, #4253, #4760, #1362, #2330, #3533, #868, #2303, #323, #5694, #5771, #2989, #1419, #652, #4833, #2786, #3942, #4492, #2885, #2529, #5733, #404, #5357, #391, #5537, #2689, #4398, #1791, #804, #4294, #934, #471, #3496, #2404, #5539, #5991, #3683, #1845, #3106, #4626, #137, #5564, #1642, #3, #3871, #392, #1168, #5375, #3677, #847, #1321, #4131, #2151, #3034, #357, #4160, #385, #4636, #4097, #5643, #809, #4123, #4951, #1370, #4238, #827, #5291, #3737, #2397, #2486, #1471, #4305, #1703, #2033, #280 ) ) ;
#1404 = LINE ( 'NONE', #1432, #1214 ) ;
#1405 = DIRECTION ( 'NONE',  ( -3.965082230804116415E-15, 1.652117596168381839E-16, -1.000000000000000000 ) ) ;
#1406 = ORIENTED_EDGE ( 'NONE', *, *, #301, .F. ) ;
#1407 = CARTESIAN_POINT ( 'NONE',  ( -104.8735753543058564, 13.00769105333517217, 289.6544379066506849 ) ) ;
#1408 = CARTESIAN_POINT ( 'NONE',  ( -100.2130641889377785, 8.546828554825680158, 314.7489999999995689 ) ) ;
#1409 = CARTESIAN_POINT ( 'NONE',  ( -113.5290357503237004, 7.675892315210816719, 275.3602897460754662 ) ) ;
#1410 = ORIENTED_EDGE ( 'NONE', *, *, #3527, .T. ) ;
#1411 = ORIENTED_EDGE ( 'NONE', *, *, #3679, .T. ) ;
#1412 = CARTESIAN_POINT ( 'NONE',  ( -114.5537830720518144, 7.252545182928535006, 275.5554339232864436 ) ) ;
#1413 = CARTESIAN_POINT ( 'NONE',  ( -105.1248021742559899, 6.063415617482911024, 274.8298341730890115 ) ) ;
#1414 = ORIENTED_EDGE ( 'NONE', *, *, #2215, .F. ) ;
#1415 = CARTESIAN_POINT ( 'NONE',  ( -11.46271806071016996, 8.052814963378398971, 8.999999999999786837 ) ) ;
#1416 = DIRECTION ( 'NONE',  ( -0.5004356563159255700, 0.0000000000000000000, 0.8657737313453491845 ) ) ;
#1417 = CARTESIAN_POINT ( 'NONE',  ( -103.6990838500977361, 4.838920086523355479, 10.56140913073415355 ) ) ;
#1418 = CARTESIAN_POINT ( 'NONE',  ( -100.2893556757203015, 2.547313607011621350, 292.6544379066506849 ) ) ;
#1419 = ADVANCED_FACE ( 'NONE', ( #5620 ), #5488, .T. ) ;
#1420 = CARTESIAN_POINT ( 'NONE',  ( -114.5511736734158745, 7.278054103528768692, 283.8391549090369494 ) ) ;
#1421 = ORIENTED_EDGE ( 'NONE', *, *, #128, .T. ) ;
#1422 =( BOUNDED_CURVE ( )  B_SPLINE_CURVE ( 3, ( #4315, #4380, #197, #2551 ),
 .UNSPECIFIED., .F., .F. ) 
 B_SPLINE_CURVE_WITH_KNOTS ( ( 4, 4 ),
 ( 0.0000000000000000000, 3.141592653589793116 ),
 .UNSPECIFIED. ) 
 CURVE ( )  GEOMETRIC_REPRESENTATION_ITEM ( )  RATIONAL_B_SPLINE_CURVE ( ( 1.000000000000000000, 0.3333333333333333703, 0.3333333333333333703, 1.000000000000000000 ) ) 
 REPRESENTATION_ITEM ( '' )  );
#1423 = CARTESIAN_POINT ( 'NONE',  ( -105.2887561036906305, 6.597681612626498548, 313.7134660940670869 ) ) ;
#1424 = CARTESIAN_POINT ( 'NONE',  ( -39.82751193980719506, 2.778544974854705529, 266.0500437959877331 ) ) ;
#1425 = CARTESIAN_POINT ( 'NONE',  ( -10.16995702929422585, 2.401411326862040951, 314.7489999999995689 ) ) ;
#1426 = CARTESIAN_POINT ( 'NONE',  ( -9.110998630567992862, 4.236915029627176033, 11.49999999999962164 ) ) ;
#1427 = CYLINDRICAL_SURFACE ( 'NONE', #3744, 1.999999999999988010 ) ;
#1428 = LINE ( 'NONE', #3273, #609 ) ;
#1429 = CARTESIAN_POINT ( 'NONE',  ( -103.3133165324799592, 4.610392671361085881, 311.2739744775794293 ) ) ;
#1430 = CARTESIAN_POINT ( 'NONE',  ( -113.6909409977380392, 0.2276121061002252532, 5.001000000001642576 ) ) ;
#1431 = EDGE_LOOP ( 'NONE', ( #2008, #2456, #2497, #2538 ) ) ;
#1432 = CARTESIAN_POINT ( 'NONE',  ( -5.141976950576888861, 3.995356370322071804, 157.8340481156690771 ) ) ;
#1433 = PLANE ( 'NONE',  #2973 ) ;
#1434 = ORIENTED_EDGE ( 'NONE', *, *, #5395, .F. ) ;
#1435 = DIRECTION ( 'NONE',  ( -0.0000000000000000000, -0.0000000000000000000, -1.000000000000000000 ) ) ;
#1436 = CARTESIAN_POINT ( 'NONE',  ( -8.949711076456534187, 8.262268130041812597, 11.49999999999962164 ) ) ;
#1437 = CARTESIAN_POINT ( 'NONE',  ( -105.1757717948279094, 3.542278716587277554, 289.6544379066506849 ) ) ;
#1438 = ORIENTED_EDGE ( 'NONE', *, *, #1511, .F. ) ;
#1439 = ORIENTED_EDGE ( 'NONE', *, *, #4732, .F. ) ;
#1440 = CARTESIAN_POINT ( 'NONE',  ( -114.7109036998188145, 4.041155024682675290, 278.4996344360867511 ) ) ;
#1441 = CARTESIAN_POINT ( 'NONE',  ( -105.1557710122903160, 4.562071877514569884, 279.1544379066492070 ) ) ;
#1442 = ORIENTED_EDGE ( 'NONE', *, *, #1443, .F. ) ;
#1443 = EDGE_CURVE ( 'NONE', #596, #3531, #3764, .T. ) ;
#1444 = CARTESIAN_POINT ( 'NONE',  ( -105.1453162844286311, 5.136628553187474466, 281.2667532299975051 ) ) ;
#1445 = CARTESIAN_POINT ( 'NONE',  ( -2.069886711301575755, 0.1397734226031511484, 322.2178349398691353 ) ) ;
#1446 = LINE ( 'NONE', #5742, #3548 ) ;
#1447 = CARTESIAN_POINT ( 'NONE',  ( -112.3978704176901999, 0.7188434727423730353, 1.707890847781790011 ) ) ;
#1448 = CARTESIAN_POINT ( 'NONE',  ( -114.7120313748054912, 4.008506407753949397, 279.4860849530492715 ) ) ;
#1449 = ORIENTED_EDGE ( 'NONE', *, *, #3006, .F. ) ;
#1450 = CARTESIAN_POINT ( 'NONE',  ( -104.2534616248223927, 6.572269410539784751, 314.7489999999998531 ) ) ;
#1451 = CARTESIAN_POINT ( 'NONE',  ( -40.44390913294110135, 2.786383251567341457, 266.8589588937164763 ) ) ;
#1452 = CARTESIAN_POINT ( 'NONE',  ( -9.110998630566916390, 4.236915029627155604, 312.2489999999995121 ) ) ;
#1453 = ADVANCED_FACE ( 'NONE', ( #4276 ), #5162, .T. ) ;
#1454 = CARTESIAN_POINT ( 'NONE',  ( -8.913523179315655298, 8.949113843761695719, 11.49999999999962164 ) ) ;
#1455 = CARTESIAN_POINT ( 'NONE',  ( -9.312088004798090068, 5.663954221622821805, 312.1006497225765770 ) ) ;
#1456 = CARTESIAN_POINT ( 'NONE',  ( -105.1842404588559816, 4.618943178514108183, 268.6544379066506281 ) ) ;
#1457 = CARTESIAN_POINT ( 'NONE',  ( -105.0846327734138015, 7.419734392268852119, 290.1455929526411524 ) ) ;
#1458 = DIRECTION ( 'NONE',  ( 1.000000000000000000, 0.0000000000000000000, 0.0000000000000000000 ) ) ;
#1459 = ORIENTED_EDGE ( 'NONE', *, *, #3930, .F. ) ;
#1460 = EDGE_CURVE ( 'NONE', #2051, #4325, #4304, .T. ) ;
#1461 = EDGE_CURVE ( 'NONE', #3443, #1155, #118, .T. ) ;
#1462 = CARTESIAN_POINT ( 'NONE',  ( -104.3842100639492685, 5.783291111252574446, 291.8271723921324678 ) ) ;
#1463 = CARTESIAN_POINT ( 'NONE',  ( -100.2130641889388301, 8.546828554825738777, 8.999999999999799272 ) ) ;
#1464 = ORIENTED_EDGE ( 'NONE', *, *, #3465, .F. ) ;
#1465 = CARTESIAN_POINT ( 'NONE',  ( -104.0003120844289413, 13.84672800706191431, 291.6544379066506849 ) ) ;
#1466 = CARTESIAN_POINT ( 'NONE',  ( -104.4037035803543887, 1.648540203837036477, 267.0631538347570313 ) ) ;
#1467 = ORIENTED_EDGE ( 'NONE', *, *, #3797, .F. ) ;
#1468 = ORIENTED_EDGE ( 'NONE', *, *, #1700, .T. ) ;
#1469 = DIRECTION ( 'NONE',  ( 0.9999995216640081841, -0.0009780959844898906574, 6.938890584784524344E-15 ) ) ;
#1470 = CARTESIAN_POINT ( 'NONE',  ( -105.1583166716646076, 4.301284003866819639, 276.5329144411714424 ) ) ;
#1471 = ADVANCED_FACE ( 'NONE', ( #2353 ), #1537, .F. ) ;
#1472 = ORIENTED_EDGE ( 'NONE', *, *, #5887, .T. ) ;
#1473 = DIRECTION ( 'NONE',  ( 0.0000000000000000000, 1.000000000000000000, 0.0000000000000000000 ) ) ;
#1474 = CARTESIAN_POINT ( 'NONE',  ( -123.8713504447933360, 13.47397019599458012, 275.1544379066507418 ) ) ;
#1475 = CARTESIAN_POINT ( 'NONE',  ( -103.5648283330163224, 4.822211906053448516, 12.34793312149098554 ) ) ;
#1476 = CARTESIAN_POINT ( 'NONE',  ( -111.6788435512047215, 0.0000000000000000000, 8.501000000000590973 ) ) ;
#1477 = APPROVAL_PERSON_ORGANIZATION ( #5019, #3389, #841 ) ;
#1478 = ORIENTED_EDGE ( 'NONE', *, *, #6029, .T. ) ;
#1479 = FACE_BOUND ( 'NONE', #6040, .T. ) ;
#1480 = VERTEX_POINT ( 'NONE', #1068 ) ;
#1481 = CARTESIAN_POINT ( 'NONE',  ( -77.49573686109486914, 0.0000000000000000000, 367.3881438443847287 ) ) ;
#1482 = CARTESIAN_POINT ( 'NONE',  ( -41.32925083372542474, 2.797641500819330940, 265.6544379066506849 ) ) ;
#1483 = DIRECTION ( 'NONE',  ( 0.0000000000000000000, 1.000000000000000000, 2.164934898019055254E-12 ) ) ;
#1484 = VECTOR ( 'NONE', #4940, 1000.000000000000000 ) ;
#1485 = AXIS2_PLACEMENT_3D ( 'NONE', #1418, #6046, #5611 ) ;
#1486 = CARTESIAN_POINT ( 'NONE',  ( -11.42890907223662644, 8.731726247994510359, 8.999999999999710454 ) ) ;
#1487 = CARTESIAN_POINT ( 'NONE',  ( -11.80061622879883743, 5.108669135767831548, 314.1930659725999817 ) ) ;
#1488 = B_SPLINE_CURVE_WITH_KNOTS ( 'NONE', 3,
 ( #3249, #4646, #927, #2793, #7, #982, #408, #3735 ),
 .UNSPECIFIED., .F., .F.,
 ( 4, 2, 2, 4 ),
 ( 0.0000000000000000000, 0.0003905425914885316181, 0.0007810851829770632361, 0.001562170365954244000 ),
 .UNSPECIFIED. ) ;
#1489 = DIRECTION ( 'NONE',  ( 0.0000000000000000000, 1.000000000000000000, 0.0000000000000000000 ) ) ;
#1490 = B_SPLINE_CURVE_WITH_KNOTS ( 'NONE', 3,
 ( #419, #4553, #6018, #5499, #2294, #797, #346, #3640, #2699, #3615, #5446, #2242, #5942, #4577 ),
 .UNSPECIFIED., .F., .F.,
 ( 4, 2, 2, 2, 2, 2, 4 ),
 ( -1.279308917699498597E-05, 0.001667236449894359289, 0.003347265988965713885, 0.004187280758501429889, 0.005027295528037146327, 0.005867310297572862765, 0.006707325067108580070 ),
 .UNSPECIFIED. ) ;
#1491 = CIRCLE ( 'NONE', #3953, 2.200000000000008615 ) ;
#1492 = ADVANCED_FACE ( 'NONE', ( #2154 ), #2970, .F. ) ;
#1493 = CIRCLE ( 'NONE', #6000, 6.000000000000005329 ) ;
#1494 = CARTESIAN_POINT ( 'NONE',  ( -104.1605647564063162, 5.336871032498621048, 313.6553660381913460 ) ) ;
#1495 = AXIS2_PLACEMENT_3D ( 'NONE', #5351, #4370, #5782 ) ;
#1496 = DIRECTION ( 'NONE',  ( 0.0000000000000000000, 1.000000000000000000, -0.0000000000000000000 ) ) ;
#1497 = ORIENTED_EDGE ( 'NONE', *, *, #1460, .F. ) ;
#1498 = AXIS2_PLACEMENT_3D ( 'NONE', #4457, #2118, #2632 ) ;
#1499 = AXIS2_PLACEMENT_3D ( 'NONE', #1314, #3590, #3673 ) ;
#1500 =( BOUNDED_CURVE ( )  B_SPLINE_CURVE ( 3, ( #811, #4506, #3109, #4022 ),
 .UNSPECIFIED., .F., .F. ) 
 B_SPLINE_CURVE_WITH_KNOTS ( ( 4, 4 ),
 ( 0.05916968219039042687, 1.570796326794896780 ),
 .UNSPECIFIED. ) 
 CURVE ( )  GEOMETRIC_REPRESENTATION_ITEM ( )  RATIONAL_B_SPLINE_CURVE ( ( 1.000000000000000000, 0.8184759612087489922, 0.8184759612087489922, 1.000000000000000000 ) ) 
 REPRESENTATION_ITEM ( '' )  );
#1501 = AXIS2_PLACEMENT_3D ( 'NONE', #107, #1917, #561 ) ;
#1502 = CARTESIAN_POINT ( 'NONE',  ( -11.49496940825622460, 7.315240705357446416, 9.000804013091507016 ) ) ;
#1503 = FACE_OUTER_BOUND ( 'NONE', #1431, .T. ) ;
#1504 = EDGE_CURVE ( 'NONE', #4692, #4044, #1493, .T. ) ;
#1505 = CYLINDRICAL_SURFACE ( 'NONE', #722, 1.000000000000000000 ) ;
#1506 = CARTESIAN_POINT ( 'NONE',  ( 0.0000000000000000000, 0.0000000000000000000, 323.7500000000000000 ) ) ;
#1507 = VECTOR ( 'NONE', #2259, 1000.000000000000000 ) ;
#1508 = CARTESIAN_POINT ( 'NONE',  ( -105.3267298346456613, 3.611451094724708710, 11.49999999999995381 ) ) ;
#1509 = VERTEX_POINT ( 'NONE', #643 ) ;
#1510 = ORIENTED_EDGE ( 'NONE', *, *, #2836, .F. ) ;
#1511 = EDGE_CURVE ( 'NONE', #3411, #2440, #4431, .T. ) ;
#1512 = CARTESIAN_POINT ( 'NONE',  ( -113.4282625802592719, 8.965680130093529598, 275.1544379066506849 ) ) ;
#1513 = CARTESIAN_POINT ( 'NONE',  ( -105.1086732206659491, 6.756302351414725571, 275.5786620481289901 ) ) ;
#1514 = ORIENTED_EDGE ( 'NONE', *, *, #533, .F. ) ;
#1515 = CARTESIAN_POINT ( 'NONE',  ( -106.0896623100397562, 7.183568760961757782, 282.8977955427395159 ) ) ;
#1516 = CARTESIAN_POINT ( 'NONE',  ( -105.1158941431086191, 11.28185008248765087, 284.1544379067582327 ) ) ;
#1517 = CARTESIAN_POINT ( 'NONE',  ( -103.3347630032810969, 3.465261972254566114, 291.6544359963316424 ) ) ;
#1518 = CARTESIAN_POINT ( 'NONE',  ( -105.1842404587667090, 4.618943178514049563, 267.4828650313967842 ) ) ;
#1519 =( BOUNDED_SURFACE ( )  B_SPLINE_SURFACE ( 3, 2, ( 
 ( #4202, #1441, #933 ),
 ( #5120, #5606, #4654 ),
 ( #1543, #560, #1051 ),
 ( #3287, #3781, #1946 ),
 ( #1470, #144, #530 ),
 ( #2430, #4264, #5702 ),
 ( #1879, #4291, #3349 ),
 ( #2799, #2916, #3877 ),
 ( #104, #2858, #3839 ),
 ( #1413, #1975, #1915 ),
 ( #5640, #1513, #4684 ),
 ( #470, #2010, #3748 ),
 ( #3810, #75, #3384 ),
 ( #2459, #4324, #5738 ) ),
 .UNSPECIFIED., .F., .F., .F. ) 
 B_SPLINE_SURFACE_WITH_KNOTS ( ( 4, 2, 2, 2, 2, 2, 4 ),
 ( 3, 3 ),
 ( 0.0000000000000000000, 0.001638163269819407474, 0.003276326539638814948, 0.004095408174548518035, 0.004914489809458221989, 0.005733571444367925943, 0.006552653079277629897 ),
 ( 0.0000000000000000000, 1.000000000000000000 ),
 .UNSPECIFIED. ) 
 GEOMETRIC_REPRESENTATION_ITEM ( )  RATIONAL_B_SPLINE_SURFACE ( (
 ( 1.000000000000000000, 0.7195536422901787077, 1.000000000000000000),
 ( 1.000000000000000000, 0.7195525429521317795, 1.000000000000000000),
 ( 1.000000000000000000, 0.7192034205118958967, 1.000000000000000000),
 ( 1.000000000000000000, 0.7178815945183468772, 1.000000000000000000),
 ( 1.000000000000000000, 0.7169426052195467802, 1.000000000000000000),
 ( 1.000000000000000000, 0.7152787440573162847, 1.000000000000000000),
 ( 1.000000000000000000, 0.7146905260488537470, 1.000000000000000000),
 ( 1.000000000000000000, 0.7134958413749764583, 1.000000000000000000),
 ( 1.000000000000000000, 0.7128866277487236891, 1.000000000000000000),
 ( 1.000000000000000000, 0.7116739347541812810, 1.000000000000000000),
 ( 1.000000000000000000, 0.7110789620855670901, 1.000000000000000000),
 ( 1.000000000000000000, 0.7099614292814582228, 1.000000000000000000),
 ( 1.000000000000000000, 0.7094347960233428063, 1.000000000000000000),
 ( 1.000000000000000000, 0.7089511716120785456, 1.000000000000000000) ) ) 
 REPRESENTATION_ITEM ( '' )  SURFACE ( )  );
#1520 = ORIENTED_EDGE ( 'NONE', *, *, #2914, .T. ) ;
#1521 = CARTESIAN_POINT ( 'NONE',  ( -112.0951629658408848, 1.310946142092600297, 322.7203103001800173 ) ) ;
#1522 = ORIENTED_EDGE ( 'NONE', *, *, #2037, .F. ) ;
#1523 = CARTESIAN_POINT ( 'NONE',  ( -105.0012955040203053, 13.62303811808736498, 312.2489999999998531 ) ) ;
#1524 = CARTESIAN_POINT ( 'NONE',  ( -39.82641583857171952, 2.778531036534773069, 267.3345941832533299 ) ) ;
#1525 = CARTESIAN_POINT ( 'NONE',  ( -8.949711076455550085, 8.262268130041764636, 312.2489999999995121 ) ) ;
#1526 = CARTESIAN_POINT ( 'NONE',  ( -40.34439129794159840, 0.5834558521987919244, 268.6544379066506849 ) ) ;
#1527 = CARTESIAN_POINT ( 'NONE',  ( -106.0928674035674391, 7.351874933467131612, 274.3154313336122527 ) ) ;
#1528 = CARTESIAN_POINT ( 'NONE',  ( -102.6781278393537491, 4.196718073539244642, 291.6544379066506849 ) ) ;
#1529 = CARTESIAN_POINT ( 'NONE',  ( -105.1842404587666238, 4.618943178514051340, 289.6544379066506849 ) ) ;
#1530 = CARTESIAN_POINT ( 'NONE',  ( -105.0932437651897970, 7.324441712893748679, 289.6544379066506849 ) ) ;
#1531 = CARTESIAN_POINT ( 'NONE',  ( -105.1583553035894596, 4.298716912468254492, 276.5372425900926032 ) ) ;
#1532 = ORIENTED_EDGE ( 'NONE', *, *, #1809, .T. ) ;
#1533 = CARTESIAN_POINT ( 'NONE',  ( -111.6788435512064410, 0.0000000000000000000, 315.2499999999999432 ) ) ;
#1534 = CARTESIAN_POINT ( 'NONE',  ( -10.79179088910257356, 3.596232592856605681, 12.37499611203635830 ) ) ;
#1535 = FACE_OUTER_BOUND ( 'NONE', #5138, .T. ) ;
#1536 = CARTESIAN_POINT ( 'NONE',  ( -102.4771405982305481, 14.00277543565265326, 8.999999999999786837 ) ) ;
#1537 =( BOUNDED_SURFACE ( )  B_SPLINE_SURFACE ( 3, 2, ( 
 ( #1526, #1927, #4212 ),
 ( #27, #2840, #4731 ),
 ( #3397, #5228, #542 ),
 ( #454, #87, #4184 ),
 ( #6053, #1859, #3794 ),
 ( #3271, #1896, #4869 ),
 ( #3492, #190, #5383 ),
 ( #220, #2480, #2574 ),
 ( #5288, #2058, #4462 ),
 ( #283, #3920, #1558 ),
 ( #1135, #1098, #5754 ),
 ( #5354, #4923, #740 ) ),
 .UNSPECIFIED., .F., .F., .F. ) 
 B_SPLINE_SURFACE_WITH_KNOTS ( ( 4, 2, 2, 2, 2, 4 ),
 ( 3, 3 ),
 ( 0.0000000000000000000, 0.0003905425874919180311, 0.0005858138812378770738, 0.0007810851749838360622, 0.001171627762475754148, 0.001562170349967672124 ),
 ( 0.0000000000000000000, 1.000000000000000000 ),
 .UNSPECIFIED. ) 
 GEOMETRIC_REPRESENTATION_ITEM ( )  RATIONAL_B_SPLINE_SURFACE ( (
 ( 1.000000000000000000, 0.7089899023075125761, 1.000000000000000000),
 ( 1.000000000000000000, 0.7089902411292304807, 1.000000000000000000),
 ( 1.000000000000000000, 0.7089407691240634524, 1.000000000000000000),
 ( 1.000000000000000000, 0.7087986611178096474, 1.000000000000000000),
 ( 1.000000000000000000, 0.7087406997569005718, 1.000000000000000000),
 ( 1.000000000000000000, 0.7086038329239832123, 1.000000000000000000),
 ( 1.000000000000000000, 0.7085241943716172885, 1.000000000000000000),
 ( 1.000000000000000000, 0.7082633972262870614, 1.000000000000000000),
 ( 1.000000000000000000, 0.7080533699978562856, 1.000000000000000000),
 ( 1.000000000000000000, 0.7076009901208858421, 1.000000000000000000),
 ( 1.000000000000000000, 0.7073535188234976179, 1.000000000000000000),
 ( 1.000000000000000000, 0.7071067811865474617, 1.000000000000000000) ) ) 
 REPRESENTATION_ITEM ( '' )  SURFACE ( )  );
#1538 = ADVANCED_FACE ( 'NONE', ( #3401 ), #3892, .F. ) ;
#1539 = CARTESIAN_POINT ( 'NONE',  ( -8.965620329500850971, 7.932386895312903086, 312.2489999999993984 ) ) ;
#1540 = ORIENTED_EDGE ( 'NONE', *, *, #5950, .F. ) ;
#1541 = ORIENTED_EDGE ( 'NONE', *, *, #1381, .T. ) ;
#1542 = CARTESIAN_POINT ( 'NONE',  ( -4.336808689942017736E-16, 2.000000000000000000, 4.000000000000003553 ) ) ;
#1543 = CARTESIAN_POINT ( 'NONE',  ( -105.1669121720558024, 3.686330734059158676, 278.0618673128459477 ) ) ;
#1544 = ORIENTED_EDGE ( 'NONE', *, *, #3497, .F. ) ;
#1545 = CARTESIAN_POINT ( 'NONE',  ( -8.995599854958285846, 7.282713555094007418, 312.2489999993001106 ) ) ;
#1546 = CARTESIAN_POINT ( 'NONE',  ( 0.1926849089234611567, 3.995356370322071804, 0.0000000000000000000 ) ) ;
#1547 = CARTESIAN_POINT ( 'NONE',  ( -113.6636647006119887, 4.998323397636039722, 279.6798226062593926 ) ) ;
#1548 = CARTESIAN_POINT ( 'NONE',  ( -112.1053013884120730, 2.646679460456718758, 0.2045722039551005345 ) ) ;
#1549 = VERTEX_POINT ( 'NONE', #4008 ) ;
#1550 = CARTESIAN_POINT ( 'NONE',  ( -105.1680342064855722, 9.996761677021453352, 274.1544379066506849 ) ) ;
#1551 = ORIENTED_EDGE ( 'NONE', *, *, #2810, .T. ) ;
#1552 = CARTESIAN_POINT ( 'NONE',  ( -105.0932437651803468, 7.324441712857003850, 268.6544379066506281 ) ) ;
#1553 = CARTESIAN_POINT ( 'NONE',  ( -41.13119610417081162, 2.795122982253504862, 265.6544379103945062 ) ) ;
#1554 = LINE ( 'NONE', #1585, #232 ) ;
#1555 = LINE ( 'NONE', #5870, #1217 ) ;
#1556 = CARTESIAN_POINT ( 'NONE',  ( -111.8304410115653837, 1.827409992563773011, 323.1169564424555460 ) ) ;
#1557 = CARTESIAN_POINT ( 'NONE',  ( -104.1932010744692150, 5.503356974695589265, 291.4030594941199297 ) ) ;
#1558 = CARTESIAN_POINT ( 'NONE',  ( -40.81688296739580579, 1.582520252177055164, 266.7075076911766587 ) ) ;
#1559 = CARTESIAN_POINT ( 'NONE',  ( -40.82017098148960343, 1.582532219678396856, 291.6024797102033403 ) ) ;
#1560 = DIRECTION ( 'NONE',  ( 0.5004356563159242377, 0.0000000000000000000, -0.8657737313453498507 ) ) ;
#1561 = EDGE_LOOP ( 'NONE', ( #3284, #1580, #813, #4023, #2519, #5736, #3994, #784, #2994, #1347, #3405, #1544, #4199, #3800, #2658, #1459, #2937, #625, #624, #3257, #337, #1514, #2041, #2887, #1578, #2532, #583, #3963, #1157, #361, #1540, #3149 ) ) ;
#1562 = EDGE_CURVE ( 'NONE', #3580, #1509, #5873, .T. ) ;
#1563 = CARTESIAN_POINT ( 'NONE',  ( -114.7345015779358590, 2.050094045700382672, 3.443376359755744076 ) ) ;
#1564 = CARTESIAN_POINT ( 'NONE',  ( -112.7359310433501491, 0.05575724214123767286, 3.334455811325272023 ) ) ;
#1565 = ORIENTED_EDGE ( 'NONE', *, *, #4823, .F. ) ;
#1566 = LINE ( 'NONE', #3472, #1197 ) ;
#1567 = CARTESIAN_POINT ( 'NONE',  ( -7.165051494980619218, 3.995356370322071804, 1.500999999999686807 ) ) ;
#1568 = EDGE_LOOP ( 'NONE', ( #2683, #4366, #4768, #3014, #1218 ) ) ;
#1569 = ORIENTED_EDGE ( 'NONE', *, *, #3372, .T. ) ;
#1570 = EDGE_CURVE ( 'NONE', #2611, #3759, #1884, .T. ) ;
#1571 = CARTESIAN_POINT ( 'NONE',  ( -0.8195694930428253366, 2.409784746521412835, 1.560040839377908162 ) ) ;
#1572 =( BOUNDED_SURFACE ( )  B_SPLINE_SURFACE ( 3, 2, ( 
 ( #2354, #5229, #4213 ),
 ( #2478, #29, #5621 ),
 ( #3331, #4277, #4306 ),
 ( #63, #3765, #1991 ),
 ( #3301, #5163, #1455 ),
 ( #1487, #4341, #157 ),
 ( #2876, #5192, #2841 ),
 ( #3821, #4697, #2025 ),
 ( #544, #88, #5584 ),
 ( #4733, #5135, #1002 ),
 ( #945, #3367, #4248 ),
 ( #2812, #4667, #1959 ),
 ( #1928, #2417, #3795 ),
 ( #5653, #2902, #1626 ),
 ( #2514, #4826, #3518 ),
 ( #281, #3918, #1162 ) ),
 .UNSPECIFIED., .F., .F., .F. ) 
 B_SPLINE_SURFACE_WITH_KNOTS ( ( 4, 2, 2, 2, 2, 2, 2, 4 ),
 ( 3, 3 ),
 ( 3.172581785235200513, 3.365057684628886658, 3.557533584022572803, 3.750009483416258949, 3.942485382809945094, 4.134961282203631683, 4.327437181597317384, 4.712388980384689674 ),
 ( 0.0000000000000000000, 1.000000000000000000 ),
 .UNSPECIFIED. ) 
 GEOMETRIC_REPRESENTATION_ITEM ( )  RATIONAL_B_SPLINE_SURFACE ( (
 ( 1.000000000000000000, 0.7074461177046057481, 1.000000000000000000),
 ( 1.000000000000000000, 0.7088198047430875892, 1.000000000000000000),
 ( 1.000000000000000000, 0.7146904362205457328, 1.000000000000000000),
 ( 1.000000000000000000, 0.7338335800435682454, 1.000000000000000000),
 ( 1.000000000000000000, 0.7470991864448363051, 1.000000000000000000),
 ( 1.000000000000000000, 0.7781922998882194742, 1.000000000000000000),
 ( 1.000000000000000000, 0.7959875963184871450, 1.000000000000000000),
 ( 1.000000000000000000, 0.8329330503416828568, 1.000000000000000000),
 ( 1.000000000000000000, 0.8520688501907639489, 1.000000000000000000),
 ( 1.000000000000000000, 0.8889033414129148269, 1.000000000000000000),
 ( 1.000000000000000000, 0.9065988849333777022, 1.000000000000000000),
 ( 1.000000000000000000, 0.9384081103303155702, 1.000000000000000000),
 ( 1.000000000000000000, 0.9525225598780607816, 1.000000000000000000),
 ( 1.000000000000000000, 0.9872636456855136133, 1.000000000000000000),
 ( 1.000000000000000000, 1.000146308573637510, 1.000000000000000000),
 ( 1.000000000000000000, 1.000000000000000000, 1.000000000000000000) ) ) 
 REPRESENTATION_ITEM ( '' )  SURFACE ( )  );
#1573 = DIRECTION ( 'NONE',  ( -4.960310595328045663E-15, 2.392219633754015712E-16, -1.000000000000000000 ) ) ;
#1574 = ORIENTED_EDGE ( 'NONE', *, *, #4426, .T. ) ;
#1575 = CARTESIAN_POINT ( 'NONE',  ( -39.11456060040958249, 9.718927587920520139, 289.6544379066506849 ) ) ;
#1576 = CARTESIAN_POINT ( 'NONE',  ( -107.5903750333315685, 0.8775010007995569516, 322.2499999999991473 ) ) ;
#1577 = CARTESIAN_POINT ( 'NONE',  ( -113.0437204744441289, 1.728895301536002904, 0.6308692162491639221 ) ) ;
#1578 = ORIENTED_EDGE ( 'NONE', *, *, #5261, .T. ) ;
#1579 = PLANE ( 'NONE',  #136 ) ;
#1580 = ORIENTED_EDGE ( 'NONE', *, *, #1606, .F. ) ;
#1581 = EDGE_CURVE ( 'NONE', #2628, #822, #4471, .T. ) ;
#1582 = DIRECTION ( 'NONE',  ( 1.000000000000000000, 0.0000000000000000000, 0.0000000000000000000 ) ) ;
#1583 = CARTESIAN_POINT ( 'NONE',  ( 130.5700899150454006, 0.0000000000000000000, 247.1216644978270836 ) ) ;
#1584 = EDGE_CURVE ( 'NONE', #4727, #4900, #4790, .T. ) ;
#1585 = CARTESIAN_POINT ( 'NONE',  ( -114.4794896093042382, 9.016377881576733699, 283.1544379066507418 ) ) ;
#1586 = CARTESIAN_POINT ( 'NONE',  ( -8.975653750144546805, 7.724342106489477722, 11.49999999999962164 ) ) ;
#1587 = CARTESIAN_POINT ( 'NONE',  ( -114.8000987936699886, 4.492334674044275372E-08, 320.2456322150896426 ) ) ;
#1588 = CARTESIAN_POINT ( 'NONE',  ( -113.0425008268919811, 12.95172494201164781, 275.1544379066506849 ) ) ;
#1589 = CARTESIAN_POINT ( 'NONE',  ( -1.943330084706296423, -3.379290490180843940E-16, 159.7897613879195831 ) ) ;
#1590 = CARTESIAN_POINT ( 'NONE',  ( -106.1673244739702682, 10.03477571383122680, 275.1544379066506281 ) ) ;
#1591 = DIRECTION ( 'NONE',  ( 0.8662767110661238057, 0.0000000000000000000, -0.4995644701782338548 ) ) ;
#1592 = AXIS2_PLACEMENT_3D ( 'NONE', #3186, #395, #798 ) ;
#1593 = LOCAL_TIME ( 17, 5, 19.00000000000000000, #3984 ) ;
#1594 = CARTESIAN_POINT ( 'NONE',  ( -114.5212908100968292, 7.739349794174930075, 274.3144252192756767 ) ) ;
#1595 = VERTEX_POINT ( 'NONE', #2088 ) ;
#1596 = CARTESIAN_POINT ( 'NONE',  ( -105.0850011286197656, 7.261301413859395204, 268.4491575012640965 ) ) ;
#1597 = TOROIDAL_SURFACE ( 'NONE', #2761, 110.7820467919759295, 4.000000000000000000 ) ;
#1598 = CARTESIAN_POINT ( 'NONE',  ( -105.6096199179687574, 0.0000000000000000000, 5.000999999996897039 ) ) ;
#1599 = CIRCLE ( 'NONE', #3837, 0.9999999999999995559 ) ;
#1600 = EDGE_CURVE ( 'NONE', #5210, #5568, #91, .T. ) ;
#1601 = VECTOR ( 'NONE', #2085, 1000.000000000000000 ) ;
#1602 = CARTESIAN_POINT ( 'NONE',  ( -112.7359310433501491, 0.05575724214123767286, 3.334455811325272023 ) ) ;
#1603 = CARTESIAN_POINT ( 'NONE',  ( -111.2378976158347115, 12.86469395575258723, 5.001000000000005663 ) ) ;
#1604 = VECTOR ( 'NONE', #552, 1000.000000000000000 ) ;
#1605 = DIRECTION ( 'NONE',  ( 0.9999191579690124287, -0.01271524779707759040, 0.0000000000000000000 ) ) ;
#1606 = EDGE_CURVE ( 'NONE', #2136, #5172, #3033, .T. ) ;
#1607 = ORIENTED_EDGE ( 'NONE', *, *, #533, .T. ) ;
#1608 = CIRCLE ( 'NONE', #855, 114.7820467919759295 ) ;
#1609 = ORIENTED_EDGE ( 'NONE', *, *, #4839, .T. ) ;
#1610 = CIRCLE ( 'NONE', #3169, 1.000000000000000888 ) ;
#1611 = CARTESIAN_POINT ( 'NONE',  ( -2.770906554907969888, 1.541813109815835636, 0.8013326406917865574 ) ) ;
#1612 = DIRECTION ( 'NONE',  ( 1.000000000000000000, 0.0000000000000000000, -1.625896048388380614E-15 ) ) ;
#1613 = ORIENTED_EDGE ( 'NONE', *, *, #3448, .T. ) ;
#1614 = CARTESIAN_POINT ( 'NONE',  ( -105.1005310841073737, 7.058903212215144052, 283.9240958356030546 ) ) ;
#1615 = AXIS2_PLACEMENT_3D ( 'NONE', #5333, #3471, #1142 ) ;
#1616 = CARTESIAN_POINT ( 'NONE',  ( -114.0175041108338547, 12.99874663458503754, 3.474037647046648747 ) ) ;
#1617 = CARTESIAN_POINT ( 'NONE',  ( -105.0865742339167923, 8.591120789383648315, 267.4828650313967842 ) ) ;
#1618 = EDGE_LOOP ( 'NONE', ( #4257, #4419, #5031, #21 ) ) ;
#1619 = CARTESIAN_POINT ( 'NONE',  ( -104.9735017887106210, 14.13761165742175585, 312.2489999999998531 ) ) ;
#1620 = ORIENTED_EDGE ( 'NONE', *, *, #2735, .T. ) ;
#1621 = FACE_OUTER_BOUND ( 'NONE', #4701, .T. ) ;
#1622 = DIRECTION ( 'NONE',  ( -0.04366985309241986496, -0.9985658945570967671, -0.03096930994181081379 ) ) ;
#1623 = DIRECTION ( 'NONE',  ( -1.000000000000000000, 0.0000000000000000000, -0.0000000000000000000 ) ) ;
#1624 = CYLINDRICAL_SURFACE ( 'NONE', #5033, 5.000000000000004441 ) ;
#1625 = EDGE_CURVE ( 'NONE', #871, #3288, #718, .T. ) ;
#1626 = CARTESIAN_POINT ( 'NONE',  ( -12.77220151159538553, 2.559504677321163602, 310.3904697531001489 ) ) ;
#1627 = CARTESIAN_POINT ( 'NONE',  ( -104.8942596096874667, 6.282210436695058853, 290.5845747631173026 ) ) ;
#1628 = CARTESIAN_POINT ( 'NONE',  ( -40.34439129794159129, 0.5834558521987786017, 289.6544379066506849 ) ) ;
#1629 = CARTESIAN_POINT ( 'NONE',  ( -11.48268354664595670, 7.630046100458908853, 8.999999999999710454 ) ) ;
#1630 = CARTESIAN_POINT ( 'NONE',  ( -103.1711405694370001, 3.326695977281940220, 265.6544379066506281 ) ) ;
#1631 = CARTESIAN_POINT ( 'NONE',  ( -87.70138904338151065, 3.995356370322071804, 274.1013958489188553 ) ) ;
#1632 = CARTESIAN_POINT ( 'NONE',  ( -41.21218071595824028, 1.583956977421059120, 291.6544379066507418 ) ) ;
#1633 = CARTESIAN_POINT ( 'NONE',  ( -113.1579502396571968, 0.03912035089970872237, 323.7500000000000000 ) ) ;
#1634 = DIRECTION ( 'NONE',  ( 3.965082230804116415E-15, -1.652117596168381839E-16, 1.000000000000000000 ) ) ;
#1635 = ORIENTED_EDGE ( 'NONE', *, *, #3575, .F. ) ;
#1636 = EDGE_LOOP ( 'NONE', ( #3142, #548, #1023, #1352, #5626 ) ) ;
#1637 = AXIS2_PLACEMENT_3D ( 'NONE', #3154, #5908, #5526 ) ;
#1638 = CARTESIAN_POINT ( 'NONE',  ( -0.6962209886538203163, 0.6962209886538203163, 1.626924544495656155 ) ) ;
#1639 = DIRECTION ( 'NONE',  ( 1.000000000000000000, 0.0000000000000000000, -1.371950217666835185E-14 ) ) ;
#1640 = EDGE_LOOP ( 'NONE', ( #5898, #5223, #2829, #1478, #864 ) ) ;
#1641 = B_SPLINE_CURVE_WITH_KNOTS ( 'NONE', 3,
 ( #1250, #4034, #4594, #5522, #5902, #5469, #2631, #3151, #5005, #2264, #6015, #4095, #5442, #1820, #5966, #1768 ),
 .UNSPECIFIED., .F., .F.,
 ( 4, 2, 2, 2, 2, 2, 2, 4 ),
 ( 0.0000000000000000000, 0.0005858139101741321585, 0.001171627820348264317, 0.001757441730522396476, 0.002343255640696528634, 0.002929069550870661010, 0.003514883461044792951, 0.004686511281393057268 ),
 .UNSPECIFIED. ) ;
#1642 = ADVANCED_FACE ( 'NONE', ( #3062 ), #5929, .T. ) ;
#1643 = DIRECTION ( 'NONE',  ( 0.9988390925805179510, -0.04817122723086529612, -0.0000000000000000000 ) ) ;
#1644 = CARTESIAN_POINT ( 'NONE',  ( -107.4400095534557806, 3.995356370322071804, 1.500999999998586798 ) ) ;
#1645 = CARTESIAN_POINT ( 'NONE',  ( -104.3558264845559762, 4.605093076978700850, 266.6544379066506281 ) ) ;
#1646 = ORIENTED_EDGE ( 'NONE', *, *, #3128, .F. ) ;
#1647 = FACE_OUTER_BOUND ( 'NONE', #4871, .T. ) ;
#1648 = ORIENTED_EDGE ( 'NONE', *, *, #2241, .F. ) ;
#1649 = CARTESIAN_POINT ( 'NONE',  ( -105.0605268568603918, 7.090345380753793059, 268.2554412069346199 ) ) ;
#1650 = DIRECTION ( 'NONE',  ( 0.04817122723086529612, 0.9988390925805179510, 0.0000000000000000000 ) ) ;
#1651 = CARTESIAN_POINT ( 'NONE',  ( -5.141976950577250349, 3.995356370322071804, 165.9169518843244759 ) ) ;
#1652 = DIRECTION ( 'NONE',  ( -4.960310595328045663E-15, 2.392219633754015712E-16, -1.000000000000000000 ) ) ;
#1653 = CARTESIAN_POINT ( 'NONE',  ( -114.2657357289958782, 2.281780951383913347, 321.6803399598326791 ) ) ;
#1654 = CARTESIAN_POINT ( 'NONE',  ( -105.0159064430513496, 7.149359972889572035, 290.5488099192320419 ) ) ;
#1655 = DIRECTION ( 'NONE',  ( -0.04817122723086528918, -0.9988390925805179510, 0.0000000000000000000 ) ) ;
#1656 = DIRECTION ( 'NONE',  ( 1.000000000000000000, 0.0000000000000000000, 0.0000000000000000000 ) ) ;
#1657 = B_SPLINE_CURVE_WITH_KNOTS ( 'NONE', 3,
 ( #3600, #5925, #5884, #3141, #4898, #5030, #2255, #1702 ),
 .UNSPECIFIED., .F., .F.,
 ( 4, 2, 2, 4 ),
 ( 0.0000000000000000000, 0.0003905425874918679952, 0.0007810851749837359904, 0.001562170349967471981 ),
 .UNSPECIFIED. ) ;
#1658 = CARTESIAN_POINT ( 'NONE',  ( -39.34971099005131379, 0.5824829589184102874, 289.6544379066506849 ) ) ;
#1659 = DIRECTION ( 'NONE',  ( -0.04817122723086528918, -0.9988390925805179510, 0.0000000000000000000 ) ) ;
#1660 = EDGE_CURVE ( 'NONE', #1359, #193, #2666, .T. ) ;
#1661 = PERSON_AND_ORGANIZATION_ROLE ( 'design_owner' ) ;
#1662 = CARTESIAN_POINT ( 'NONE',  ( -105.0932427229514161, 7.324436607350198969, 268.6009926621212003 ) ) ;
#1663 = DIRECTION ( 'NONE',  ( -0.9988390925805179510, 0.04817122723086519898, 0.0000000000000000000 ) ) ;
#1664 = ADVANCED_FACE ( 'NONE', ( #4496 ), #3210, .F. ) ;
#1665 = CARTESIAN_POINT ( 'NONE',  ( -100.2130641889383043, 8.546828554825708579, 161.8744999999998413 ) ) ;
#1666 = EDGE_CURVE ( 'NONE', #2457, #1943, #3193, .T. ) ;
#1667 = CARTESIAN_POINT ( 'NONE',  ( -113.6577336585590672, 5.178372165862075605, 280.4481264519088199 ) ) ;
#1668 = CARTESIAN_POINT ( 'NONE',  ( -105.0983863577424842, 7.351874933433336423, 283.8885280867633583 ) ) ;
#1669 = ORIENTED_EDGE ( 'NONE', *, *, #4058, .F. ) ;
#1670 = VERTEX_POINT ( 'NONE', #5911 ) ;
#1671 = CARTESIAN_POINT ( 'NONE',  ( 0.1926849089234611567, 3.995356370322071804, 0.0000000000000000000 ) ) ;
#1672 = PLANE ( 'NONE',  #901 ) ;
#1673 = EDGE_LOOP ( 'NONE', ( #4850, #3834, #2946 ) ) ;
#1674 = ADVANCED_FACE ( 'NONE', ( #909 ), #1951, .T. ) ;
#1675 = DIRECTION ( 'NONE',  ( 0.0000000000000000000, 0.2491308442505634768, -0.9684698355875631659 ) ) ;
#1676 = CARTESIAN_POINT ( 'NONE',  ( -106.1120053559708651, 5.714233604674660683, 281.9495411266273663 ) ) ;
#1677 = CARTESIAN_POINT ( 'NONE',  ( -104.3855013277422472, 5.785375714888978393, 266.4833857497572467 ) ) ;
#1678 = EDGE_LOOP ( 'NONE', ( #1944, #4846, #877, #2958, #2044 ) ) ;
#1679 = DIRECTION ( 'NONE',  ( 0.0000000000000000000, 0.0000000000000000000, 1.000000000000000000 ) ) ;
#1680 = VERTEX_POINT ( 'NONE', #1476 ) ;
#1681 = CARTESIAN_POINT ( 'NONE',  ( -105.0932437651804037, 7.324441712856940789, 268.6544379066506849 ) ) ;
#1682 = DIRECTION ( 'NONE',  ( -0.01181041209969390174, -0.9999302546508108680, -0.0000000000000000000 ) ) ;
#1683 = LINE ( 'NONE', #3546, #3843 ) ;
#1684 = CARTESIAN_POINT ( 'NONE',  ( -4.000000000000003553, 7.692908858248284965, 0.0000000000000000000 ) ) ;
#1685 = CARTESIAN_POINT ( 'NONE',  ( -112.4965193952537561, 3.145476416441396861, 323.3506410487952962 ) ) ;
#1686 = CARTESIAN_POINT ( 'NONE',  ( -2.493226378986366676, 0.9864527579709002625, 322.3933070074632496 ) ) ;
#1687 = CARTESIAN_POINT ( 'NONE',  ( -39.39811566226641304, 2.773084653358754981, 290.1704470410538761 ) ) ;
#1688 = CARTESIAN_POINT ( 'NONE',  ( -12.12289932763365918, 2.766430812654607774, 12.07044191783694842 ) ) ;
#1689 = ORIENTED_EDGE ( 'NONE', *, *, #1913, .F. ) ;
#1690 = CARTESIAN_POINT ( 'NONE',  ( -113.9157118852494079, 12.99383747908102471, 320.7858262000650598 ) ) ;
#1691 = CARTESIAN_POINT ( 'NONE',  ( -3.311587315081659710, 0.0000000000000000000, 8.500999999999605095 ) ) ;
#1692 = SECURITY_CLASSIFICATION_LEVEL ( 'unclassified' ) ;
#1693 = CARTESIAN_POINT ( 'NONE',  ( -114.4251532653744476, 9.044477096599903732, 283.1544379066506849 ) ) ;
#1694 = CARTESIAN_POINT ( 'NONE',  ( -1.866898254099290222, 0.004433933632318892704, 4.000000000000003553 ) ) ;
#1695 = CIRCLE ( 'NONE', #3566, 113.7820467919759295 ) ;
#1696 = AXIS2_PLACEMENT_3D ( 'NONE', #3966, #1573, #4411 ) ;
#1697 = CARTESIAN_POINT ( 'NONE',  ( -105.1158941431127971, 11.28185008266880196, 275.1544379062922303 ) ) ;
#1698 = CIRCLE ( 'NONE', #3174, 0.9999999999999998890 ) ;
#1699 = VECTOR ( 'NONE', #6012, 1000.000000000000114 ) ;
#1700 = EDGE_CURVE ( 'NONE', #4842, #5302, #4055, .T. ) ;
#1701 = CARTESIAN_POINT ( 'NONE',  ( -104.4215806509101157, 4.970604277945463778, 291.2124556489548581 ) ) ;
#1702 = CARTESIAN_POINT ( 'NONE',  ( -41.34440498179763068, 0.5844339620352685394, 267.6544379066506849 ) ) ;
#1703 = ADVANCED_FACE ( 'NONE', ( #1357 ), #5185, .F. ) ;
#1704 = ORIENTED_EDGE ( 'NONE', *, *, #2925, .T. ) ;
#1705 = ORIENTED_EDGE ( 'NONE', *, *, #4905, .F. ) ;
#1706 = VECTOR ( 'NONE', #1808, 1000.000000000000114 ) ;
#1707 = AXIS2_PLACEMENT_3D ( 'NONE', #4124, #5995, #2185 ) ;
#1708 = CARTESIAN_POINT ( 'NONE',  ( -105.1331870011125318, 1.650701365468426607, 290.1777014338052254 ) ) ;
#1709 = CARTESIAN_POINT ( 'NONE',  ( -1.282084449470526133, 0.1332924004258384532, 5.001000000001088353 ) ) ;
#1710 = ORIENTED_EDGE ( 'NONE', *, *, #3649, .F. ) ;
#1711 = LINE ( 'NONE', #4066, #4144 ) ;
#1712 = AXIS2_PLACEMENT_3D ( 'NONE', #2445, #5585, #4249 ) ;
#1713 = CARTESIAN_POINT ( 'NONE',  ( -3.118902406156922158, 3.995356370322071804, 1.500999999996616152 ) ) ;
#1714 = CARTESIAN_POINT ( 'NONE',  ( 0.0000000000000000000, 7.500000000000000000, 4.000000000000003553 ) ) ;
#1715 = ORIENTED_EDGE ( 'NONE', *, *, #1811, .T. ) ;
#1716 = DIRECTION ( 'NONE',  ( -1.000000000000000000, 0.0000000000000000000, 0.0000000000000000000 ) ) ;
#1717 = EDGE_LOOP ( 'NONE', ( #2061, #2768, #1442, #823, #3311, #2668, #4243, #5937, #5561, #2368, #4453, #1532, #5268, #440, #588, #960, #1785, #40, #5081, #3688, #3666, #4819, #4445, #4062 ) ) ;
#1718 = CARTESIAN_POINT ( 'NONE',  ( -111.6656410625907085, 3.995356370322071804, 5.001000000000005663 ) ) ;
#1719 = CARTESIAN_POINT ( 'NONE',  ( -103.1851512589931161, 1.644920654915599245, 291.6544379066506849 ) ) ;
#1720 = CARTESIAN_POINT ( 'NONE',  ( -1.656854249492380804, 7.579905465388348418, 1.818744353634923192E-15 ) ) ;
#1721 = DIRECTION ( 'NONE',  ( -0.8662767110661202530, 0.0000000000000000000, 0.4995644701782400166 ) ) ;
#1722 = CARTESIAN_POINT ( 'NONE',  ( -102.5568433042953131, 12.44603088684498005, 314.7489999999995689 ) ) ;
#1723 = CARTESIAN_POINT ( 'NONE',  ( -4.336808689942017736E-16, 4.336808689942017736E-16, 319.7500000000000000 ) ) ;
#1724 = CARTESIAN_POINT ( 'NONE',  ( -39.82402236177549781, 2.778500600418003064, 292.2569067105970362 ) ) ;
#1725 = LINE ( 'NONE', #1337, #2767 ) ;
#1726 = ORIENTED_EDGE ( 'NONE', *, *, #2159, .F. ) ;
#1727 = CARTESIAN_POINT ( 'NONE',  ( -40.11171618906031711, 1.778785295614226269, 291.2526376029611015 ) ) ;
#1728 = LINE ( 'NONE', #5975, #5506 ) ;
#1729 = PERSON_AND_ORGANIZATION ( #4286, #3347 ) ;
#1730 = CARTESIAN_POINT ( 'NONE',  ( -105.2170071981895489, 8.242520164161149410, 274.1544379066506281 ) ) ;
#1731 = CARTESIAN_POINT ( 'NONE',  ( -106.0807419664304803, 7.603298061290478138, 283.0256431650744275 ) ) ;
#1732 = DIRECTION ( 'NONE',  ( 1.000000000000000000, 0.0000000000000000000, -5.551115123125777969E-15 ) ) ;
#1733 = CARTESIAN_POINT ( 'NONE',  ( -113.6505807767619842, 5.377997720881075416, 280.9290746234217977 ) ) ;
#1734 = CARTESIAN_POINT ( 'NONE',  ( -105.0928674035609589, 7.351874933421254532, 289.6544379066511965 ) ) ;
#1735 = EDGE_LOOP ( 'NONE', ( #2988, #4872, #2177, #1551 ) ) ;
#1736 = ORIENTED_EDGE ( 'NONE', *, *, #3763, .T. ) ;
#1737 = CARTESIAN_POINT ( 'NONE',  ( -104.9253967381904715, 0.6466223045082536425, 290.6574080856385081 ) ) ;
#1738 = CARTESIAN_POINT ( 'NONE',  ( -41.08093490972378703, 1.583480472461334942, 266.6544379066506849 ) ) ;
#1739 = EDGE_LOOP ( 'NONE', ( #5297, #2759, #3119, #4572 ) ) ;
#1740 = EDGE_CURVE ( 'NONE', #237, #4044, #4918, .T. ) ;
#1741 = DIRECTION ( 'NONE',  ( -0.9999191579690125398, 0.01271524779707100539, -6.938332949631224427E-15 ) ) ;
#1742 = CARTESIAN_POINT ( 'NONE',  ( -105.0768003645440700, 7.385677901241615828, 268.1073196887502377 ) ) ;
#1743 = ORIENTED_EDGE ( 'NONE', *, *, #3223, .F. ) ;
#1744 = ORIENTED_EDGE ( 'NONE', *, *, #1625, .F. ) ;
#1745 = CARTESIAN_POINT ( 'NONE',  ( -102.6781278393538344, 4.196718073539219773, 265.6544379066506281 ) ) ;
#1746 = CARTESIAN_POINT ( 'NONE',  ( -39.09758418044155803, 10.05251277932856624, 290.8260107819045288 ) ) ;
#1747 = DIRECTION ( 'NONE',  ( -0.04817122723086528918, -0.9988390925805179510, 0.0000000000000000000 ) ) ;
#1748 =( BOUNDED_CURVE ( )  B_SPLINE_CURVE ( 3, ( #537, #5710, #2348, #4207 ),
 .UNSPECIFIED., .F., .F. ) 
 B_SPLINE_CURVE_WITH_KNOTS ( ( 4, 4 ),
 ( 4.297048095259543565, 4.664199103715064965 ),
 .UNSPECIFIED. ) 
 CURVE ( )  GEOMETRIC_REPRESENTATION_ITEM ( )  RATIONAL_B_SPLINE_CURVE ( ( 1.000000000000000000, 0.9887981895465248749, 0.9887981895465248749, 1.000000000000000000 ) ) 
 REPRESENTATION_ITEM ( '' )  );
#1749 = DIRECTION ( 'NONE',  ( 0.8662767110661219183, 0.0000000000000000000, -0.4995644701782370189 ) ) ;
#1750 = CARTESIAN_POINT ( 'NONE',  ( -102.6493943808287952, 7.281291954081711815, 9.159916754930263139 ) ) ;
#1751 = CARTESIAN_POINT ( 'NONE',  ( -39.99850109019749311, 2.780719320051010524, 292.3501751625045131 ) ) ;
#1752 = DIRECTION ( 'NONE',  ( -0.8700220962572857708, 0.4930127300831880777, 1.069050946038403360E-15 ) ) ;
#1753 = ORIENTED_EDGE ( 'NONE', *, *, #5466, .F. ) ;
#1754 = DIRECTION ( 'NONE',  ( -1.377684915902153477E-14, 0.0000000000000000000, -1.000000000000000000 ) ) ;
#1755 = LINE ( 'NONE', #5532, #2097 ) ;
#1756 = DIRECTION ( 'NONE',  ( 0.0000000000000000000, -1.000000000000000000, 0.0000000000000000000 ) ) ;
#1757 = EDGE_CURVE ( 'NONE', #5203, #3243, #3293, .T. ) ;
#1758 = CARTESIAN_POINT ( 'NONE',  ( -105.2103562079478252, 8.711365713970032232, 275.1544379066505712 ) ) ;
#1759 = CARTESIAN_POINT ( 'NONE',  ( -4.000000000000000000, 1.999999999999999556, 0.0000000000000000000 ) ) ;
#1760 = VERTEX_POINT ( 'NONE', #937 ) ;
#1761 = ORIENTED_EDGE ( 'NONE', *, *, #2474, .T. ) ;
#1762 = PLANE ( 'NONE',  #999 ) ;
#1763 = CARTESIAN_POINT ( 'NONE',  ( -8.994473609820579085, 7.308181882542210239, 312.2489999999995121 ) ) ;
#1764 = CARTESIAN_POINT ( 'NONE',  ( -104.2766280988644922, 5.626642460812181668, 266.3615349198665285 ) ) ;
#1765 = EDGE_CURVE ( 'NONE', #1338, #957, #5645, .T. ) ;
#1766 = ORIENTED_EDGE ( 'NONE', *, *, #5129, .T. ) ;
#1767 = ORIENTED_EDGE ( 'NONE', *, *, #4381, .T. ) ;
#1768 = CARTESIAN_POINT ( 'NONE',  ( -41.32925083372541764, 2.797641500819330940, 292.6544379066506849 ) ) ;
#1769 = DIRECTION ( 'NONE',  ( -0.9999191579690125398, 0.01271524779707759040, 0.0000000000000000000 ) ) ;
#1770 = CARTESIAN_POINT ( 'NONE',  ( -9.188126039396339095, 3.995356370322071804, 5.001000000002974843 ) ) ;
#1771 = CARTESIAN_POINT ( 'NONE',  ( -39.34343311930973641, 1.577143931193279114, 289.6544379066506849 ) ) ;
#1772 = CARTESIAN_POINT ( 'NONE',  ( -0.5286736085354118986, 2.264336804268405778, 321.7546027035326119 ) ) ;
#1773 = CARTESIAN_POINT ( 'NONE',  ( -39.49644744755018166, 2.774335067461377591, 292.0375540890402135 ) ) ;
#1774 = ADVANCED_FACE ( 'NONE', ( #3717 ), #2563, .T. ) ;
#1775 = DIRECTION ( 'NONE',  ( -0.04817122723086528918, -0.9988390925805179510, 0.0000000000000000000 ) ) ;
#1776 = VERTEX_POINT ( 'NONE', #4878 ) ;
#1777 = EDGE_CURVE ( 'NONE', #4756, #871, #972, .T. ) ;
#1778 = DIRECTION ( 'NONE',  ( -0.8650200284677206364, 0.04171750651340182942, 0.5000000000000081046 ) ) ;
#1779 = CARTESIAN_POINT ( 'NONE',  ( -100.2893556757203868, 2.547313607011622683, 266.6544379066506281 ) ) ;
#1780 = PERSON_AND_ORGANIZATION_ROLE ( 'classification_officer' ) ;
#1781 =( BOUNDED_CURVE ( )  B_SPLINE_CURVE ( 3, ( #5774, #4505, #2165, #179 ),
 .UNSPECIFIED., .F., .F. ) 
 B_SPLINE_CURVE_WITH_KNOTS ( ( 4, 4 ),
 ( 0.0000000000000000000, 3.141592653589793116 ),
 .UNSPECIFIED. ) 
 CURVE ( )  GEOMETRIC_REPRESENTATION_ITEM ( )  RATIONAL_B_SPLINE_CURVE ( ( 1.000000000000000000, 0.3333333333333333703, 0.3333333333333333703, 1.000000000000000000 ) ) 
 REPRESENTATION_ITEM ( '' )  );
#1782 = CARTESIAN_POINT ( 'NONE',  ( -114.6719128903415879, 5.126156535869074382, 280.2035835787107771 ) ) ;
#1783 = DIRECTION ( 'NONE',  ( 0.4994195462902416005, -0.02408561361543181192, -0.8660254037844486996 ) ) ;
#1784 = CARTESIAN_POINT ( 'NONE',  ( -107.2040638491111793, 0.3036473047979794115, 2.217213313749835546 ) ) ;
#1785 = ORIENTED_EDGE ( 'NONE', *, *, #410, .T. ) ;
#1786 = CYLINDRICAL_SURFACE ( 'NONE', #4805, 5.000000000000000888 ) ;
#1787 = VECTOR ( 'NONE', #5142, 1000.000000000000000 ) ;
#1788 = AXIS2_PLACEMENT_3D ( 'NONE', #3335, #5196, #1008 ) ;
#1789 = DIRECTION ( 'NONE',  ( -0.0000000000000000000, 0.0000000000000000000, 1.000000000000000000 ) ) ;
#1790 = B_SPLINE_CURVE_WITH_KNOTS ( 'NONE', 3,
 ( #1552, #1128, #2470, #2509 ),
 .UNSPECIFIED., .F., .F.,
 ( 4, 4 ),
 ( 0.4965247197270478141, 0.9243101203882994055 ),
 .UNSPECIFIED. ) ;
#1791 = ADVANCED_FACE ( 'NONE', ( #5833 ), #4689, .T. ) ;
#1792 = DIRECTION ( 'NONE',  ( -1.000000000000000000, 0.0000000000000000000, 0.0000000000000000000 ) ) ;
#1793 = CIRCLE ( 'NONE', #135, 1.000000000000000000 ) ;
#1794 = EDGE_LOOP ( 'NONE', ( #5761, #2403, #3973, #2895, #211 ) ) ;
#1795 = VERTEX_POINT ( 'NONE', #696 ) ;
#1796 = CARTESIAN_POINT ( 'NONE',  ( -103.3845627173882207, 4.670425691443241156, 266.6001270732201647 ) ) ;
#1797 = CARTESIAN_POINT ( 'NONE',  ( -105.1214542559757206, 1.650666602114289727, 290.1718084134318474 ) ) ;
#1798 = CIRCLE ( 'NONE', #2584, 2.199999999999980194 ) ;
#1799 = AXIS2_PLACEMENT_3D ( 'NONE', #2307, #6007, #488 ) ;
#1800 = CARTESIAN_POINT ( 'NONE',  ( -105.0932437651831464, 7.324441712857029607, 283.9934444796773505 ) ) ;
#1801 = AXIS2_PLACEMENT_3D ( 'NONE', #1132, #3000, #4397 ) ;
#1802 = LINE ( 'NONE', #883, #5051 ) ;
#1803 = CARTESIAN_POINT ( 'NONE',  ( -2.992762044695273183, 1.985524089387679769, 323.2451455579200115 ) ) ;
#1804 = CARTESIAN_POINT ( 'NONE',  ( -39.60585942860770103, 1.770978828325184162, 290.6556745459250237 ) ) ;
#1805 = FACE_OUTER_BOUND ( 'NONE', #587, .T. ) ;
#1806 = EDGE_LOOP ( 'NONE', ( #2738, #921, #1613, #3437, #4745 ) ) ;
#1807 = CARTESIAN_POINT ( 'NONE',  ( -1.282084449473380738, 0.1332924004247854621, 318.7499999999956231 ) ) ;
#1808 = DIRECTION ( 'NONE',  ( 0.9999191579690124287, -0.01271524779707759040, -0.0000000000000000000 ) ) ;
#1809 = EDGE_CURVE ( 'NONE', #2288, #3674, #4067, .T. ) ;
#1810 = CARTESIAN_POINT ( 'NONE',  ( -113.6505819342189483, 5.377966330324449373, 280.9290095644869893 ) ) ;
#1811 = EDGE_CURVE ( 'NONE', #1368, #1029, #6028, .T. ) ;
#1812 = CARTESIAN_POINT ( 'NONE',  ( -217.5718534080391748, 3.995356370322071804, 199.0335014125865882 ) ) ;
#1813 = CARTESIAN_POINT ( 'NONE',  ( 0.1926849089234611567, 3.995356370322071804, 0.0000000000000000000 ) ) ;
#1814 = ORIENTED_EDGE ( 'NONE', *, *, #687, .F. ) ;
#1815 = CARTESIAN_POINT ( 'NONE',  ( -8.994473609820579085, 7.308181882542210239, 312.2489999999995121 ) ) ;
#1816 = CARTESIAN_POINT ( 'NONE',  ( 0.0000000000000000000, 2.000000000000014211, 323.7500000000000000 ) ) ;
#1817 = CARTESIAN_POINT ( 'NONE',  ( -112.7359310433501491, 0.05575724214123767286, 3.334455811325272023 ) ) ;
#1818 = ORIENTED_EDGE ( 'NONE', *, *, #4014, .T. ) ;
#1819 = EDGE_LOOP ( 'NONE', ( #3088, #5117, #2493, #1854 ) ) ;
#1820 = CARTESIAN_POINT ( 'NONE',  ( -40.53948519692455221, 2.787598623159163846, 292.5748332175726318 ) ) ;
#1821 = CARTESIAN_POINT ( 'NONE',  ( -39.11456060040958249, 9.718927587920520139, 290.8260107819045288 ) ) ;
#1822 = EDGE_CURVE ( 'NONE', #5172, #4348, #4363, .T. ) ;
#1823 = CARTESIAN_POINT ( 'NONE',  ( -103.8468661366660371, 0.6455673975536835307, 267.9009894220847627 ) ) ;
#1824 = DIRECTION ( 'NONE',  ( -0.04817122723086529612, -0.9988390925805179510, 0.0000000000000000000 ) ) ;
#1825 = CARTESIAN_POINT ( 'NONE',  ( -102.4857855093363952, 4.081200955218512227, 12.89212198625461880 ) ) ;
#1826 = CARTESIAN_POINT ( 'NONE',  ( -113.9565452391381655, 2.433946838146258340, 1.596863349247843455 ) ) ;
#1827 = CARTESIAN_POINT ( 'NONE',  ( -41.34249323546902843, 1.726625964851883799, 291.6544379066506849 ) ) ;
#1828 = ORIENTED_EDGE ( 'NONE', *, *, #2600, .T. ) ;
#1829 = CARTESIAN_POINT ( 'NONE',  ( -40.33460741899899205, 1.782221683687071678, 291.4016756478242201 ) ) ;
#1830 = CARTESIAN_POINT ( 'NONE',  ( -9.380810948319801668, 0.0000000000000000000, 5.001000000002974843 ) ) ;
#1831 = CARTESIAN_POINT ( 'NONE',  ( -114.6397469882936093, 5.718461671081027653, 282.9218579348630556 ) ) ;
#1832 = EDGE_CURVE ( 'NONE', #2528, #822, #5518, .T. ) ;
#1833 = CARTESIAN_POINT ( 'NONE',  ( -114.6394734408051193, 5.723955612246260038, 275.3822466597259222 ) ) ;
#1834 = VERTEX_POINT ( 'NONE', #1714 ) ;
#1835 = DIRECTION ( 'NONE',  ( 0.8650200284677291851, -0.04171750651340223881, 0.4999999999999931721 ) ) ;
#1836 = CARTESIAN_POINT ( 'NONE',  ( -9.976320027877196850, 4.330639696102579705, 9.943925455469088348 ) ) ;
#1837 = EDGE_CURVE ( 'NONE', #5791, #3536, #3148, .T. ) ;
#1838 = ORIENTED_EDGE ( 'NONE', *, *, #1871, .F. ) ;
#1839 = EDGE_CURVE ( 'NONE', #2554, #183, #2099, .T. ) ;
#1840 = CARTESIAN_POINT ( 'NONE',  ( -104.3596987917363492, 0.6460689973542621534, 291.6544379066506849 ) ) ;
#1841 = CARTESIAN_POINT ( 'NONE',  ( -1.637909052151570677, 3.995356370322071804, 323.7500000000000000 ) ) ;
#1842 = CARTESIAN_POINT ( 'NONE',  ( -106.0928674035610015, 7.351874933421251868, 283.9934444796772368 ) ) ;
#1843 = VERTEX_POINT ( 'NONE', #304 ) ;
#1844 = ORIENTED_EDGE ( 'NONE', *, *, #3334, .T. ) ;
#1845 = ADVANCED_FACE ( 'NONE', ( #1273 ), #4049, .F. ) ;
#1846 = CARTESIAN_POINT ( 'NONE',  ( -114.6513929743251339, 5.546109412434070407, 277.1553420101479901 ) ) ;
#1847 = CARTESIAN_POINT ( 'NONE',  ( -41.09491957025841913, 10.15576644122143968, 291.6544379066506849 ) ) ;
#1848 = EDGE_LOOP ( 'NONE', ( #3695, #2555, #4717, #360 ) ) ;
#1849 = DIRECTION ( 'NONE',  ( 1.000000000000000000, 0.0000000000000000000, 0.0000000000000000000 ) ) ;
#1850 = DIRECTION ( 'NONE',  ( 0.04817122723086528918, 0.9988390925805179510, -0.0000000000000000000 ) ) ;
#1851 = EDGE_CURVE ( 'NONE', #1907, #578, #5734, .T. ) ;
#1852 = CARTESIAN_POINT ( 'NONE',  ( -2.763972161589980381, 7.633298678480592514, 161.8754999999996755 ) ) ;
#1853 = DIRECTION ( 'NONE',  ( 0.9988390925805179510, -0.04817122723086529612, 0.0000000000000000000 ) ) ;
#1854 = ORIENTED_EDGE ( 'NONE', *, *, #2925, .F. ) ;
#1855 =( BOUNDED_SURFACE ( )  B_SPLINE_SURFACE ( 3, 2, ( 
 ( #5605, #2770, #5638 ),
 ( #5214, #4169, #2826 ),
 ( #5084, #4622, #1440 ),
 ( #3318, #1914, #4201 ),
 ( #3230, #5668, #4290 ),
 ( #3348, #2401, #4653 ),
 ( #932, #902, #2798 ),
 ( #442, #2314, #469 ),
 ( #4263, #1846, #4746 ),
 ( #2857, #5179, #4719 ),
 ( #13, #529, #1945 ),
 ( #1377, #3809, #2889 ),
 ( #3711, #559, #5569 ),
 ( #3259, #5119, #1878 ),
 ( #3747, #1412, #3286 ),
 ( #5148, #2556, #1174 ),
 ( #4323, #2458, #5701 ),
 ( #1512, #2915, #1148 ) ),
 .UNSPECIFIED., .F., .F., .T. ) 
 B_SPLINE_SURFACE_WITH_KNOTS ( ( 4, 2, 2, 2, 2, 2, 2, 2, 4 ),
 ( 3, 3 ),
 ( 0.0000000000000000000, 0.0009764184149430152251, 0.001464627622414522729, 0.001952836829886030450, 0.002929255244829045458, 0.003905673659772060900, 0.004882092074715075475, 0.005858510489658090917, 0.007811347319544121801 ),
 ( 0.0000000000000000000, 1.000000000000000000 ),
 .UNSPECIFIED. ) 
 GEOMETRIC_REPRESENTATION_ITEM ( )  RATIONAL_B_SPLINE_SURFACE ( (
 ( 1.000000000000000000, 0.7024031531465235734, 1.000000000000000000),
 ( 1.000000000000000000, 0.7024029282997104051, 1.000000000000000000),
 ( 1.000000000000000000, 0.7025368989462372760, 1.000000000000000000),
 ( 1.000000000000000000, 0.7029127497653185896, 1.000000000000000000),
 ( 1.000000000000000000, 0.7030671337199659865, 1.000000000000000000),
 ( 1.000000000000000000, 0.7034283243658986384, 1.000000000000000000),
 ( 1.000000000000000000, 0.7036360452702918877, 1.000000000000000000),
 ( 1.000000000000000000, 0.7043107941770455627, 1.000000000000000000),
 ( 1.000000000000000000, 0.7048328628268326623, 1.000000000000000000),
 ( 1.000000000000000000, 0.7059229852232068447, 1.000000000000000000),
 ( 1.000000000000000000, 0.7064940787519405907, 1.000000000000000000),
 ( 1.000000000000000000, 0.7075202592737971363, 1.000000000000000000),
 ( 1.000000000000000000, 0.7079815488658546263, 1.000000000000000000),
 ( 1.000000000000000000, 0.7086834489377323854, 1.000000000000000000),
 ( 1.000000000000000000, 0.7089158538356993278, 1.000000000000000000),
 ( 1.000000000000000000, 0.7091075998841115391, 1.000000000000000000),
 ( 1.000000000000000000, 0.7085495022917557284, 1.000000000000000000),
 ( 1.000000000000000000, 0.7071067811865475727, 1.000000000000000000) ) ) 
 REPRESENTATION_ITEM ( '' )  SURFACE ( )  );
#1856 = CARTESIAN_POINT ( 'NONE',  ( -4.961418165267627245, 7.739275378388520643, 5.000999999999672596 ) ) ;
#1857 = CARTESIAN_POINT ( 'NONE',  ( -107.2605271331463683, 3.995356370322071804, 5.001000000000005663 ) ) ;
#1858 = CARTESIAN_POINT ( 'NONE',  ( -105.1499011491814173, 4.802542562598462794, 282.4270538357667988 ) ) ;
#1859 = CARTESIAN_POINT ( 'NONE',  ( -39.61214723978137897, 0.5827396468830448040, 267.6555068365901207 ) ) ;
#1860 = CARTESIAN_POINT ( 'NONE',  ( -1.957951269445771469, 0.002347247494060962503, 319.9083512611609308 ) ) ;
#1861 = FACE_OUTER_BOUND ( 'NONE', #2110, .T. ) ;
#1862 = CARTESIAN_POINT ( 'NONE',  ( -104.9322374920356538, 6.737602582987991084, 314.4447870389929562 ) ) ;
#1863 = DIRECTION ( 'NONE',  ( -0.9999191579690124287, 0.01271524779707759040, -0.0000000000000000000 ) ) ;
#1864 = VERTEX_POINT ( 'NONE', #2144 ) ;
#1865 = ADVANCED_FACE ( 'NONE', ( #3540 ), #1299, .F. ) ;
#1866 = CARTESIAN_POINT ( 'NONE',  ( -1.866898254099290222, 0.004433933632318892704, 4.000000000000003553 ) ) ;
#1867 = CARTESIAN_POINT ( 'NONE',  ( -8.997824869315502738, 7.231977029052688799, 11.50120031178777147 ) ) ;
#1868 = ORIENTED_EDGE ( 'NONE', *, *, #4991, .F. ) ;
#1869 = CARTESIAN_POINT ( 'NONE',  ( -111.2378976158336172, 12.86469395575253394, 318.7499999999999432 ) ) ;
#1870 = EDGE_CURVE ( 'NONE', #1155, #4938, #1149, .T. ) ;
#1871 = EDGE_CURVE ( 'NONE', #2020, #4252, #4856, .T. ) ;
#1872 = DIRECTION ( 'NONE',  ( -0.04817122723086528918, -0.9988390925805179510, 0.0000000000000000000 ) ) ;
#1873 = FACE_OUTER_BOUND ( 'NONE', #3475, .T. ) ;
#1874 = ORIENTED_EDGE ( 'NONE', *, *, #3773, .T. ) ;
#1875 = ORIENTED_EDGE ( 'NONE', *, *, #1997, .F. ) ;
#1876 = CIRCLE ( 'NONE', #351, 1.000000000000006217 ) ;
#1877 = AXIS2_PLACEMENT_3D ( 'NONE', #4830, #547, #3007 ) ;
#1878 = CARTESIAN_POINT ( 'NONE',  ( -114.5970956448076095, 6.519186969078288207, 274.8168218099634714 ) ) ;
#1879 = CARTESIAN_POINT ( 'NONE',  ( -105.1465514425590726, 4.991798038049792829, 275.6741743902335315 ) ) ;
#1880 = ORIENTED_EDGE ( 'NONE', *, *, #2241, .T. ) ;
#1881 = CARTESIAN_POINT ( 'NONE',  ( -105.1368976725181881, 5.546071611757843911, 281.7911113115250146 ) ) ;
#1882 = AXIS2_PLACEMENT_3D ( 'NONE', #3424, #2539, #1582 ) ;
#1883 = EDGE_CURVE ( 'NONE', #102, #201, #2656, .T. ) ;
#1884 = CIRCLE ( 'NONE', #4322, 0.9999999999999998890 ) ;
#1885 = CARTESIAN_POINT ( 'NONE',  ( -4.000000000000000000, 4.000000000000000000, 323.7500000000000000 ) ) ;
#1886 = CARTESIAN_POINT ( 'NONE',  ( -104.0217065966614456, 5.290859410633472315, 12.11653297257589834 ) ) ;
#1887 = CARTESIAN_POINT ( 'NONE',  ( -112.5128532561732158, 0.4935359155897083294, 2.069660040188496364 ) ) ;
#1888 = CARTESIAN_POINT ( 'NONE',  ( -112.7358316877925404, 0.05595241092712795877, 320.4166997938565942 ) ) ;
#1889 = ORIENTED_EDGE ( 'NONE', *, *, #81, .T. ) ;
#1890 = CARTESIAN_POINT ( 'NONE',  ( -105.0282425151980590, 13.09932242070893338, 312.2489999999998531 ) ) ;
#1891 = CARTESIAN_POINT ( 'NONE',  ( -40.82464413552417426, 1.789767208077353899, 266.7181292923020237 ) ) ;
#1892 = CIRCLE ( 'NONE', #4425, 2.199999999999999734 ) ;
#1893 = AXIS2_PLACEMENT_3D ( 'NONE', #314, #5013, #2702 ) ;
#1894 = CARTESIAN_POINT ( 'NONE',  ( -9.966437489849889531, 8.655278431673826489, 314.7489999999995689 ) ) ;
#1895 = APPROVAL_DATE_TIME ( #5619, #1965 ) ;
#1896 = CARTESIAN_POINT ( 'NONE',  ( -39.75648454148264932, 0.5828808226861761366, 267.4384483303692832 ) ) ;
#1897 = DIRECTION ( 'NONE',  ( -0.0000000000000000000, -0.0000000000000000000, -1.000000000000000000 ) ) ;
#1898 = CARTESIAN_POINT ( 'NONE',  ( -105.0539410358650514, 12.56645895246722233, 312.2489999999996826 ) ) ;
#1899 = TOROIDAL_SURFACE ( 'NONE', #2206, 110.7820467919759295, 4.000000000000000000 ) ;
#1900 = CIRCLE ( 'NONE', #4619, 1.000000000000000000 ) ;
#1901 = CARTESIAN_POINT ( 'NONE',  ( -102.2405651373376543, 3.926962388299685802, 311.7175942979982324 ) ) ;
#1902 = CARTESIAN_POINT ( 'NONE',  ( -8.997824869314481333, 7.231977029052622186, 312.2477996882115008 ) ) ;
#1903 = EDGE_LOOP ( 'NONE', ( #904, #3440, #230, #2485 ) ) ;
#1904 = EDGE_CURVE ( 'NONE', #1760, #3326, #3178, .T. ) ;
#1905 = CARTESIAN_POINT ( 'NONE',  ( -104.0271587500696029, 5.307623839595467352, 292.1750201777999791 ) ) ;
#1906 = CARTESIAN_POINT ( 'NONE',  ( -9.001204309022403649, 7.154701906856121063, 9.004797217754594740 ) ) ;
#1907 = VERTEX_POINT ( 'NONE', #1216 ) ;
#1908 = CARTESIAN_POINT ( 'NONE',  ( -39.34343311930974352, 1.577143931193278004, 268.6544379066506849 ) ) ;
#1909 = FACE_OUTER_BOUND ( 'NONE', #1934, .T. ) ;
#1910 = CARTESIAN_POINT ( 'NONE',  ( -102.7117101684909812, 8.629097123652604395, 8.999999999999786837 ) ) ;
#1911 = ORIENTED_EDGE ( 'NONE', *, *, #3224, .F. ) ;
#1912 = ORIENTED_EDGE ( 'NONE', *, *, #3463, .F. ) ;
#1913 = EDGE_CURVE ( 'NONE', #350, #11, #3556, .T. ) ;
#1914 = CARTESIAN_POINT ( 'NONE',  ( -114.6719273593034245, 5.122527835506204497, 278.2501178762867653 ) ) ;
#1915 = CARTESIAN_POINT ( 'NONE',  ( -106.1002276848407604, 6.590198166017726678, 275.6947549192718725 ) ) ;
#1916 = EDGE_LOOP ( 'NONE', ( #1292, #5267, #1889, #1104, #4513 ) ) ;
#1917 = DIRECTION ( 'NONE',  ( 0.0000000000000000000, -1.000000000000000000, 0.0000000000000000000 ) ) ;
#1918 = CARTESIAN_POINT ( 'NONE',  ( -8.838729757919166374, 0.0000000000000000000, 323.7500000000001137 ) ) ;
#1919 = CARTESIAN_POINT ( 'NONE',  ( -103.4590627952365054, 4.633846046370848626, 10.80401834904063030 ) ) ;
#1920 = CARTESIAN_POINT ( 'NONE',  ( -114.4591936663798606, 2.186306806649606305, 2.467819631226107369 ) ) ;
#1921 = CARTESIAN_POINT ( 'NONE',  ( -114.6866915721150377, 4.681384621644069988, 281.6718372600588509 ) ) ;
#1922 = ORIENTED_EDGE ( 'NONE', *, *, #549, .T. ) ;
#1923 = EDGE_CURVE ( 'NONE', #67, #5244, #3227, .T. ) ;
#1924 = CARTESIAN_POINT ( 'NONE',  ( -111.6656410625907085, 3.995356370322071804, 5.001000000000005663 ) ) ;
#1925 = CARTESIAN_POINT ( 'NONE',  ( -41.34196608152250718, 1.797722342850318400, 266.6544379066506849 ) ) ;
#1926 = CARTESIAN_POINT ( 'NONE',  ( -9.999952076202740514, 7.982269839299928726, 314.7489999999996257 ) ) ;
#1927 = CARTESIAN_POINT ( 'NONE',  ( -39.34971099005132800, 0.5824829589184236101, 268.6544379066506849 ) ) ;
#1928 = CARTESIAN_POINT ( 'NONE',  ( -12.96308572143812299, 2.923348646540489426, 311.9238887231710464 ) ) ;
#1929 = CARTESIAN_POINT ( 'NONE',  ( -106.0928674035635169, 7.351874933433336423, 283.9934444796803632 ) ) ;
#1930 = AXIS2_PLACEMENT_3D ( 'NONE', #1280, #833, #859 ) ;
#1931 = CARTESIAN_POINT ( 'NONE',  ( -105.2168210810175140, 8.283178308798397893, 312.2489999999904740 ) ) ;
#1932 = PLANE ( 'NONE',  #1102 ) ;
#1933 = B_SPLINE_CURVE_WITH_KNOTS ( 'NONE', 3,
 ( #320, #5922, #2190, #1731 ),
 .UNSPECIFIED., .F., .F.,
 ( 4, 4 ),
 ( 6.938893903907228378E-18, 0.001031009104989550522 ),
 .UNSPECIFIED. ) ;
#1934 = EDGE_LOOP ( 'NONE', ( #2421, #531, #1220, #3112, #756, #5181 ) ) ;
#1935 =( BOUNDED_SURFACE ( )  B_SPLINE_SURFACE ( 3, 2, ( 
 ( #3030, #5814, #1133 ),
 ( #2121, #1587, #768 ),
 ( #4886, #2572, #1227 ),
 ( #704, #3550, #5352 ),
 ( #4429, #5324, #4399 ),
 ( #3460, #3096, #2607 ),
 ( #3429, #2636, #5843 ),
 ( #3001, #5286, #1653 ),
 ( #4859, #4371, #641 ),
 ( #2056, #673, #4006 ),
 ( #5381, #1186, #2968 ),
 ( #3060, #3490, #218 ),
 ( #4954, #4921, #738 ),
 ( #5783, #5752, #2086 ),
 ( #1556, #4460, #2152 ),
 ( #4494, #5871, #1685 ),
 ( #5417, #1096, #312 ),
 ( #5010, #5090, #2213 ),
 ( #2745, #3125, #394 ),
 ( #4073, #3207, #4520 ) ),
 .UNSPECIFIED., .F., .F., .F. ) 
 B_SPLINE_SURFACE_WITH_KNOTS ( ( 4, 2, 2, 2, 2, 2, 2, 2, 2, 4 ),
 ( 3, 3 ),
 ( 0.0000000000000000000, 0.0004799641762786132216, 0.0007199462644179198054, 0.0009599283525572264433, 0.001199910440696533081, 0.001439892528835839611, 0.001919856705114452887, 0.002399820881393066162, 0.002879785057671679221, 0.003839713410228905773 ),
 ( 0.0000000000000000000, 1.000000000000000000 ),
 .UNSPECIFIED. ) 
 GEOMETRIC_REPRESENTATION_ITEM ( )  RATIONAL_B_SPLINE_SURFACE ( (
 ( 1.000000000000000000, 0.7008090614130750851, 1.000000000000000000),
 ( 1.000000000000000000, 0.7007906210057290863, 1.000000000000000000),
 ( 1.000000000000000000, 0.7080165146605100768, 1.000000000000000000),
 ( 1.000000000000000000, 0.7270029034473345364, 1.000000000000000000),
 ( 1.000000000000000000, 0.7346439130386984706, 1.000000000000000000),
 ( 1.000000000000000000, 0.7514246397565867985, 1.000000000000000000),
 ( 1.000000000000000000, 0.7606124743840015912, 1.000000000000000000),
 ( 1.000000000000000000, 0.7799544311731375634, 1.000000000000000000),
 ( 1.000000000000000000, 0.7901313933044401550, 1.000000000000000000),
 ( 1.000000000000000000, 0.8104231272441432266, 1.000000000000000000),
 ( 1.000000000000000000, 0.8206040697607871470, 1.000000000000000000),
 ( 1.000000000000000000, 0.8507365830085875658, 1.000000000000000000),
 ( 1.000000000000000000, 0.8704072424780734396, 1.000000000000000000),
 ( 1.000000000000000000, 0.9060852000881397528, 1.000000000000000000),
 ( 1.000000000000000000, 0.9220617098642550635, 1.000000000000000000),
 ( 1.000000000000000000, 0.9498544995515419975, 1.000000000000000000),
 ( 1.000000000000000000, 0.9616978294209593825, 1.000000000000000000),
 ( 1.000000000000000000, 0.9903845051532236266, 1.000000000000000000),
 ( 1.000000000000000000, 0.9999535776358446926, 1.000000000000000000),
 ( 1.000000000000000000, 1.000000000000000000, 1.000000000000000000) ) ) 
 REPRESENTATION_ITEM ( '' )  SURFACE ( )  );
#1936 = CARTESIAN_POINT ( 'NONE',  ( -106.8430056084798849, 12.65274055593675406, 161.8755000000000166 ) ) ;
#1937 = CARTESIAN_POINT ( 'NONE',  ( -4.000000000000000000, 2.000000000000014211, 4.000000000000003553 ) ) ;
#1938 = EDGE_CURVE ( 'NONE', #2400, #5302, #1599, .T. ) ;
#1939 = ORIENTED_EDGE ( 'NONE', *, *, #233, .T. ) ;
#1940 = CARTESIAN_POINT ( 'NONE',  ( -104.0598777803976134, 0.6457757434867416046, 290.1581656743043141 ) ) ;
#1941 = EDGE_CURVE ( 'NONE', #3816, #1981, #2028, .T. ) ;
#1942 = CARTESIAN_POINT ( 'NONE',  ( -113.5745304598795968, 6.963664947511347236, 275.6842643764658760 ) ) ;
#1943 = VERTEX_POINT ( 'NONE', #983 ) ;
#1944 = ORIENTED_EDGE ( 'NONE', *, *, #2559, .T. ) ;
#1945 = CARTESIAN_POINT ( 'NONE',  ( -114.6620954754929329, 5.251302555323161592, 275.8505880845090132 ) ) ;
#1946 = CARTESIAN_POINT ( 'NONE',  ( -106.1180532553106843, 4.966599450227713319, 277.4428620721706693 ) ) ;
#1947 = CARTESIAN_POINT ( 'NONE',  ( -105.1368423434770278, 0.6468291187054443503, 268.1268629013703162 ) ) ;
#1948 = EDGE_CURVE ( 'NONE', #193, #4592, #2311, .T. ) ;
#1949 = CARTESIAN_POINT ( 'NONE',  ( -105.0539410358650514, 12.56645895246722233, 312.2489999999996826 ) ) ;
#1950 = CARTESIAN_POINT ( 'NONE',  ( -101.3779970586992363, 4.067114011744245694, 11.78424397250946143 ) ) ;
#1951 = CYLINDRICAL_SURFACE ( 'NONE', #4806, 4.000000000000000000 ) ;
#1952 = CARTESIAN_POINT ( 'NONE',  ( -114.7108942047135116, 4.041451096330780146, 279.8140238118872389 ) ) ;
#1953 = ORIENTED_EDGE ( 'NONE', *, *, #458, .T. ) ;
#1954 = DIRECTION ( 'NONE',  ( 0.04817122723086528918, 0.9988390925805179510, -0.0000000000000000000 ) ) ;
#1955 = CARTESIAN_POINT ( 'NONE',  ( -39.34418722376913991, 3.518175385115935860, 267.4828650313968410 ) ) ;
#1956 = CARTESIAN_POINT ( 'NONE',  ( -113.5463142187192744, 12.97602245855855152, 283.2804677108998703 ) ) ;
#1957 = CARTESIAN_POINT ( 'NONE',  ( -8.646044848995705578, 3.995356370322071804, 323.7500000000001137 ) ) ;
#1958 = EDGE_CURVE ( 'NONE', #4167, #4498, #4651, .T. ) ;
#1959 = CARTESIAN_POINT ( 'NONE',  ( -11.58817483910343782, 3.055037817883170970, 310.9792848164456700 ) ) ;
#1960 = CARTESIAN_POINT ( 'NONE',  ( -106.0855104947833780, 7.389021918338376516, 275.3389587541558399 ) ) ;
#1961 = EDGE_CURVE ( 'NONE', #4408, #3316, #270, .T. ) ;
#1962 = CARTESIAN_POINT ( 'NONE',  ( -100.9312039746536840, 3.555556375573825534, 310.0763082336226830 ) ) ;
#1963 = FACE_OUTER_BOUND ( 'NONE', #4514, .T. ) ;
#1964 = ORIENTED_EDGE ( 'NONE', *, *, #3216, .F. ) ;
#1965 = APPROVAL ( #5133, 'UNSPECIFIED' ) ;
#1966 = CARTESIAN_POINT ( 'NONE',  ( -11.49203277363324283, 7.418627449498897519, 8.999999999999630518 ) ) ;
#1967 = CARTESIAN_POINT ( 'NONE',  ( -1.830245898733456222, 0.007217135485356341446, 323.7500000000000000 ) ) ;
#1968 = FACE_OUTER_BOUND ( 'NONE', #463, .T. ) ;
#1969 = CARTESIAN_POINT ( 'NONE',  ( -102.7893341319822724, 6.536331129700808873, 8.999999999999786837 ) ) ;
#1970 =( BOUNDED_CURVE ( )  B_SPLINE_CURVE ( 3, ( #5335, #1078, #2525, #2945 ),
 .UNSPECIFIED., .F., .F. ) 
 B_SPLINE_CURVE_WITH_KNOTS ( ( 4, 4 ),
 ( 4.712388980384689674, 6.283185307179586232 ),
 .UNSPECIFIED. ) 
 CURVE ( )  GEOMETRIC_REPRESENTATION_ITEM ( )  RATIONAL_B_SPLINE_CURVE ( ( 1.000000000000000000, 0.8047378541243649375, 0.8047378541243649375, 1.000000000000000000 ) ) 
 REPRESENTATION_ITEM ( '' )  );
#1971 = CARTESIAN_POINT ( 'NONE',  ( -105.3267298346446097, 3.611451094724694943, 312.2489999999998531 ) ) ;
#1972 = ORIENTED_EDGE ( 'NONE', *, *, #5910, .T. ) ;
#1973 = EDGE_LOOP ( 'NONE', ( #196, #3571, #2496, #4946 ) ) ;
#1974 = CARTESIAN_POINT ( 'NONE',  ( -0.1279334032063489113, 2.063966701603159315, 2.962869736270009380 ) ) ;
#1975 = CARTESIAN_POINT ( 'NONE',  ( -105.1135754069121759, 6.561830151212983075, 275.6835336982314288 ) ) ;
#1976 = ORIENTED_EDGE ( 'NONE', *, *, #3094, .T. ) ;
#1977 = DIRECTION ( 'NONE',  ( 0.0000000000000000000, 1.000000000000000000, -4.996003610813204432E-13 ) ) ;
#1978 = CARTESIAN_POINT ( 'NONE',  ( -113.5108350707077562, 7.934120245044218755, 283.0271557475684858 ) ) ;
#1979 = CARTESIAN_POINT ( 'NONE',  ( -111.6156619598301774, 3.569443832528575999, 0.07304427684967458589 ) ) ;
#1980 = CIRCLE ( 'NONE', #3549, 1.000000000000000888 ) ;
#1981 = VERTEX_POINT ( 'NONE', #4197 ) ;
#1982 = DIRECTION ( 'NONE',  ( -0.04817122723086529612, -0.9988390925805179510, 0.0000000000000000000 ) ) ;
#1983 = ORIENTED_EDGE ( 'NONE', *, *, #2516, .T. ) ;
#1984 = DIRECTION ( 'NONE',  ( 1.000000000000000000, 0.0000000000000000000, 0.0000000000000000000 ) ) ;
#1985 = CARTESIAN_POINT ( 'NONE',  ( -40.17260119804681295, 3.532025486651332091, 266.6544379066506849 ) ) ;
#1986 = CARTESIAN_POINT ( 'NONE',  ( -9.983937447942189181, 8.314336048158388337, 314.7489999999995689 ) ) ;
#1987 = VECTOR ( 'NONE', #3914, 1000.000000000000000 ) ;
#1988 = AXIS2_PLACEMENT_3D ( 'NONE', #1842, #4143, #2338 ) ;
#1989 = VECTOR ( 'NONE', #6011, 1000.000000000000000 ) ;
#1990 = CARTESIAN_POINT ( 'NONE',  ( -8.949711076456624781, 8.262268130041817926, 11.49999999999962164 ) ) ;
#1991 = CARTESIAN_POINT ( 'NONE',  ( -9.206919261491696815, 5.968588564575916244, 312.1512930926251101 ) ) ;
#1992 = CARTESIAN_POINT ( 'NONE',  ( -104.4903258138125040, 5.136430751881979617, 291.1380002237613098 ) ) ;
#1993 = CARTESIAN_POINT ( 'NONE',  ( -104.8735753543007974, 13.00769105333517217, 289.6544379066506849 ) ) ;
#1994 = VECTOR ( 'NONE', #317, 1000.000000000000000 ) ;
#1995 = AXIS2_PLACEMENT_3D ( 'NONE', #435, #5110, #4191 ) ;
#1996 = CARTESIAN_POINT ( 'NONE',  ( -104.7685855230644307, 6.333539466049928457, 314.2760105373270108 ) ) ;
#1997 = EDGE_CURVE ( 'NONE', #5467, #5145, #5516, .T. ) ;
#1998 = DIRECTION ( 'NONE',  ( 0.0000000000000000000, 0.0000000000000000000, 1.000000000000000000 ) ) ;
#1999 = ORIENTED_EDGE ( 'NONE', *, *, #4896, .F. ) ;
#2000 = AXIS2_PLACEMENT_3D ( 'NONE', #277, #5780, #4395 ) ;
#2001 = CIRCLE ( 'NONE', #25, 2.199999999999993960 ) ;
#2002 = CARTESIAN_POINT ( 'NONE',  ( -11.49350620084780772, 7.366865924863374104, 8.999999999999632294 ) ) ;
#2003 = CARTESIAN_POINT ( 'NONE',  ( -111.6656410625907085, 3.995356370322072248, 9.400999999999999801 ) ) ;
#2004 = DIRECTION ( 'NONE',  ( -0.01271524779707100539, -0.9999191579690125398, 0.0000000000000000000 ) ) ;
#2005 = LINE ( 'NONE', #1633, #2964 ) ;
#2006 = CARTESIAN_POINT ( 'NONE',  ( -100.2893556757203868, 2.547313607011622683, 265.6544379066506281 ) ) ;
#2007 = EDGE_LOOP ( 'NONE', ( #1983, #984, #5197, #3635 ) ) ;
#2008 = ORIENTED_EDGE ( 'NONE', *, *, #1570, .T. ) ;
#2009 = CARTESIAN_POINT ( 'NONE',  ( -1.443214681112955144, 1.443214681112955144, 0.8368481233853590773 ) ) ;
#2010 = CARTESIAN_POINT ( 'NONE',  ( -105.0981383031565457, 7.155785680745952781, 275.4034644105090592 ) ) ;
#2011 = ORIENTED_EDGE ( 'NONE', *, *, #4604, .F. ) ;
#2012 = B_SPLINE_CURVE_WITH_KNOTS ( 'NONE', 3,
 ( #1339, #3213, #4104, #1829, #1727, #1259, #5997, #5504, #4582, #400, #352, #3132, #6024, #2750 ),
 .UNSPECIFIED., .F., .F.,
 ( 4, 2, 2, 2, 2, 2, 4 ),
 ( -5.999999998743770194E-08, 0.0007874323949653748780, 0.001574924789930737040, 0.001968670987413410640, 0.002362417184896084456, 0.002756163382378758273, 0.003149909579861432090 ),
 .UNSPECIFIED. ) ;
#2013 = CARTESIAN_POINT ( 'NONE',  ( -105.0863757647659327, 7.574700903143727793, 283.0306722323458644 ) ) ;
#2014 = CARTESIAN_POINT ( 'NONE',  ( -109.0404516121575682, 12.75871725584468308, 5.001000000000005663 ) ) ;
#2015 = LINE ( 'NONE', #3881, #3730 ) ;
#2016 = CARTESIAN_POINT ( 'NONE',  ( -113.0425008268919811, 12.95172494201164781, 275.1544379066506849 ) ) ;
#2017 = ORIENTED_EDGE ( 'NONE', *, *, #4703, .T. ) ;
#2018 = CARTESIAN_POINT ( 'NONE',  ( -105.2887561036905879, 6.597681612626495884, 312.2489999999998531 ) ) ;
#2019 = EDGE_CURVE ( 'NONE', #5467, #3933, #5587, .T. ) ;
#2020 = VERTEX_POINT ( 'NONE', #4590 ) ;
#2021 = CARTESIAN_POINT ( 'NONE',  ( -105.1129002011239209, 7.551033870321970376, 268.6544379066506849 ) ) ;
#2022 = CARTESIAN_POINT ( 'NONE',  ( -39.34705861651449510, 0.5824803646412805014, 267.4828650313968410 ) ) ;
#2023 = CARTESIAN_POINT ( 'NONE',  ( -11.42890907224526842, 8.731726247994973988, 314.7489999999996257 ) ) ;
#2024 = CARTESIAN_POINT ( 'NONE',  ( -106.0928674035677233, 7.351874933454649153, 274.3154313336154928 ) ) ;
#2025 = CARTESIAN_POINT ( 'NONE',  ( -10.11363822274111790, 4.279773478044990753, 311.7087071136558620 ) ) ;
#2026 = CARTESIAN_POINT ( 'NONE',  ( -104.0992578762688794, 4.407466995072531368, 291.4231186511137821 ) ) ;
#2027 = DIRECTION ( 'NONE',  ( 0.9999995216640081841, -0.0009780959844898906574, 0.0000000000000000000 ) ) ;
#2028 = B_SPLINE_CURVE_WITH_KNOTS ( 'NONE', 3,
 ( #5144, #3805, #1437, #3254 ),
 .UNSPECIFIED., .F., .F.,
 ( 4, 4 ),
 ( 0.4965247197243071176, 0.9243101203882995165 ),
 .UNSPECIFIED. ) ;
#2029 = CARTESIAN_POINT ( 'NONE',  ( -114.0175092651526114, 12.99874688316347537, 320.2743790175882168 ) ) ;
#2030 = CARTESIAN_POINT ( 'NONE',  ( -105.0932437651869265, 7.324441712896289758, 274.3154313336117411 ) ) ;
#2031 = VERTEX_POINT ( 'NONE', #9 ) ;
#2032 = DIRECTION ( 'NONE',  ( 0.0000000000000000000, 0.0000000000000000000, -1.000000000000000000 ) ) ;
#2033 = ADVANCED_FACE ( 'NONE', ( #1873 ), #3283, .F. ) ;
#2034 = CARTESIAN_POINT ( 'NONE',  ( -112.4135218601605573, 0.6882104967681914598, 1.743655822849259796 ) ) ;
#2035 = ORIENTED_EDGE ( 'NONE', *, *, #2055, .F. ) ;
#2036 = CARTESIAN_POINT ( 'NONE',  ( -103.9394751270315140, 14.08176066566582563, 8.999999999994944488 ) ) ;
#2037 = EDGE_CURVE ( 'NONE', #3835, #193, #3329, .T. ) ;
#2038 = PLANE ( 'NONE',  #1109 ) ;
#2039 = EDGE_CURVE ( 'NONE', #5249, #647, #4840, .T. ) ;
#2040 = ORIENTED_EDGE ( 'NONE', *, *, #4224, .T. ) ;
#2041 = ORIENTED_EDGE ( 'NONE', *, *, #925, .F. ) ;
#2042 = CARTESIAN_POINT ( 'NONE',  ( -4.000000000000003553, 4.000000000000007105, 3.903127820947815962E-15 ) ) ;
#2043 = DIRECTION ( 'NONE',  ( 0.0000000000000000000, -1.000000000000000000, -2.220446049250313081E-12 ) ) ;
#2044 = ORIENTED_EDGE ( 'NONE', *, *, #127, .T. ) ;
#2045 = CARTESIAN_POINT ( 'NONE',  ( -11.49350620084670638, 7.366865924863398085, 314.7489999999996826 ) ) ;
#2046 = CARTESIAN_POINT ( 'NONE',  ( -113.5118463600237249, 12.97436016974173967, 1.991019644357755247 ) ) ;
#2047 = DIRECTION ( 'NONE',  ( -0.04817122723086528918, -0.9988390925805179510, 0.0000000000000000000 ) ) ;
#2048 = CARTESIAN_POINT ( 'NONE',  ( -111.1706782722729230, 3.109553327572672110, 0.07304427685477231369 ) ) ;
#2049 = ORIENTED_EDGE ( 'NONE', *, *, #3308, .F. ) ;
#2050 = CARTESIAN_POINT ( 'NONE',  ( -105.1978088487354768, 9.583333864162248972, 11.49999999999995381 ) ) ;
#2051 = VERTEX_POINT ( 'NONE', #1567 ) ;
#2052 = CARTESIAN_POINT ( 'NONE',  ( -102.7501041824132813, 5.649921267010572734, 314.7489999999995689 ) ) ;
#2053 = CARTESIAN_POINT ( 'NONE',  ( -107.2605271331458141, 3.995356370322071804, 161.8755000000000166 ) ) ;
#2054 = CARTESIAN_POINT ( 'NONE',  ( -113.4035488654614170, 0.07735952212445273979, 5.510736227190979442 ) ) ;
#2055 = EDGE_CURVE ( 'NONE', #5244, #2501, #3168, .T. ) ;
#2056 = CARTESIAN_POINT ( 'NONE',  ( -112.3978704176896457, 0.7188434727441062044, 322.0421091522208599 ) ) ;
#2057 = DIRECTION ( 'NONE',  ( -0.5004356563159415572, 0.0000000000000000000, -0.8657737313453399697 ) ) ;
#2058 = CARTESIAN_POINT ( 'NONE',  ( -40.33829918998631570, 0.5834498935286618337, 266.9095380924780443 ) ) ;
#2059 = DIRECTION ( 'NONE',  ( 0.0000000000000000000, 0.0000000000000000000, 1.000000000000000000 ) ) ;
#2060 = CARTESIAN_POINT ( 'NONE',  ( -105.1005794080736422, 7.057142362701545046, 274.3852398436112026 ) ) ;
#2061 = ORIENTED_EDGE ( 'NONE', *, *, #1099, .F. ) ;
#2062 = DIRECTION ( 'NONE',  ( -0.5004356563159194637, 0.0000000000000000000, 0.8657737313453526262 ) ) ;
#2063 = CARTESIAN_POINT ( 'NONE',  ( -41.34342688581313041, 1.584433483700090628, 291.6544379066506849 ) ) ;
#2064 = VERTEX_POINT ( 'NONE', #171 ) ;
#2065 = CARTESIAN_POINT ( 'NONE',  ( -102.8269319397148678, 3.579662975231909794, 8.999999999999786837 ) ) ;
#2066 =( BOUNDED_CURVE ( )  B_SPLINE_CURVE ( 3, ( #5580, #4211, #1926, #1393 ),
 .UNSPECIFIED., .F., .F. ) 
 B_SPLINE_CURVE_WITH_KNOTS ( ( 4, 4 ),
 ( 1.126635790294588687E-16, 0.003905398263482471981 ),
 .UNSPECIFIED. ) 
 CURVE ( )  GEOMETRIC_REPRESENTATION_ITEM ( )  RATIONAL_B_SPLINE_CURVE ( ( 1.000000000000000000, 0.8047378541243622729, 0.8047378541243622729, 1.000000000000000000 ) ) 
 REPRESENTATION_ITEM ( '' )  );
#2067 = CARTESIAN_POINT ( 'NONE',  ( -105.2159530889655770, 8.331766386556999748, 283.1575831025804746 ) ) ;
#2068 = ORIENTED_EDGE ( 'NONE', *, *, #3978, .F. ) ;
#2069 = ORIENTED_EDGE ( 'NONE', *, *, #4187, .F. ) ;
#2070 = CARTESIAN_POINT ( 'NONE',  ( -0.2042955852819804685, 2.102147792640991497, 2.711137357760666777 ) ) ;
#2071 = CARTESIAN_POINT ( 'NONE',  ( -40.34341320195709812, 1.583455373862800108, 289.6544379066507418 ) ) ;
#2072 = ADVANCED_FACE ( 'NONE', ( #2886 ), #3873, .F. ) ;
#2073 = ORIENTED_EDGE ( 'NONE', *, *, #3139, .F. ) ;
#2074 = EDGE_CURVE ( 'NONE', #2654, #1795, #4287, .T. ) ;
#2075 = CARTESIAN_POINT ( 'NONE',  ( -105.0981383031620453, 7.155785680724459752, 282.9054114027989613 ) ) ;
#2076 = CARTESIAN_POINT ( 'NONE',  ( -113.0529332609250162, 12.95222806924616599, 1.353228690764924913 ) ) ;
#2077 = CARTESIAN_POINT ( 'NONE',  ( -103.1881264768880726, 0.6449230866294427544, 266.6544379066506281 ) ) ;
#2078 = ORIENTED_EDGE ( 'NONE', *, *, #5436, .T. ) ;
#2079 = CARTESIAN_POINT ( 'NONE',  ( -1.637909052151570677, 3.995356370322071804, 323.7500000000000000 ) ) ;
#2080 = CIRCLE ( 'NONE', #4048, 2.199999999999993960 ) ;
#2081 = EDGE_LOOP ( 'NONE', ( #4612, #812, #1061, #5776 ) ) ;
#2082 = DIRECTION ( 'NONE',  ( 1.000000000000000000, 0.0000000000000000000, 0.0000000000000000000 ) ) ;
#2083 = CARTESIAN_POINT ( 'NONE',  ( -39.33477056775492287, 2.772279139663155867, 268.3920391862477572 ) ) ;
#2084 = CARTESIAN_POINT ( 'NONE',  ( -106.0807419664375715, 7.603298061317125267, 275.2832326482200642 ) ) ;
#2085 = DIRECTION ( 'NONE',  ( -0.04817122723086528918, -0.9988390925805179510, 0.0000000000000000000 ) ) ;
#2086 = CARTESIAN_POINT ( 'NONE',  ( -113.1201004202456204, 2.843038940798414238, 322.9794520985871031 ) ) ;
#2087 = CARTESIAN_POINT ( 'NONE',  ( -104.7012038101183720, 6.325470386593281091, 290.9130810295020524 ) ) ;
#2088 = CARTESIAN_POINT ( 'NONE',  ( -9.188126039393161193, 3.995356370322071804, 318.7499999999984084 ) ) ;
#2089 = CARTESIAN_POINT ( 'NONE',  ( -39.39650438708509483, 1.577338171207052886, 290.1809908242236133 ) ) ;
#2090 = LINE ( 'NONE', #4079, #2685 ) ;
#2091 = CIRCLE ( 'NONE', #227, 1.000000000000025535 ) ;
#2092 = VECTOR ( 'NONE', #3573, 1000.000000000000000 ) ;
#2093 = LINE ( 'NONE', #4989, #5200 ) ;
#2094 = B_SPLINE_CURVE_WITH_KNOTS ( 'NONE', 3,
 ( #676, #1590, #3467, #2157 ),
 .UNSPECIFIED., .F., .F.,
 ( 4, 4 ),
 ( 0.0000000000000000000, 0.003873552715200356995 ),
 .UNSPECIFIED. ) ;
#2095 = B_SPLINE_CURVE_WITH_KNOTS ( 'NONE', 3,
 ( #5484, #2587, #4085, #5364 ),
 .UNSPECIFIED., .F., .F.,
 ( 4, 4 ),
 ( 0.0000000000000000000, 7.628795045054871898E-05 ),
 .UNSPECIFIED. ) ;
#2096 = CARTESIAN_POINT ( 'NONE',  ( -114.4461767059865736, 8.778501474740743049, 283.1564609061073270 ) ) ;
#2097 = VECTOR ( 'NONE', #5479, 1000.000000000000227 ) ;
#2098 = CARTESIAN_POINT ( 'NONE',  ( -105.2103562079477967, 8.711365713970039337, 284.1544379066507418 ) ) ;
#2099 = CIRCLE ( 'NONE', #3067, 1.999999999999999556 ) ;
#2100 = ADVANCED_FACE ( 'NONE', ( #555 ), #2038, .F. ) ;
#2101 = CARTESIAN_POINT ( 'NONE',  ( -105.0012955040123046, 13.62303811808693688, 11.49999999999978861 ) ) ;
#2102 = CIRCLE ( 'NONE', #3562, 1.000000000000002665 ) ;
#2103 = CIRCLE ( 'NONE', #5511, 1.999999999999988010 ) ;
#2104 = AXIS2_PLACEMENT_3D ( 'NONE', #4637, #355, #4081 ) ;
#2105 = DIRECTION ( 'NONE',  ( -0.01271524779707100539, -0.9999191579690125398, 0.0000000000000000000 ) ) ;
#2106 = ORIENTED_EDGE ( 'NONE', *, *, #1054, .F. ) ;
#2107 = ORIENTED_EDGE ( 'NONE', *, *, #2671, .T. ) ;
#2108 = CARTESIAN_POINT ( 'NONE',  ( -3.476306829135209497, 3.738153414567604749, 2.994664983239774354E-15 ) ) ;
#2109 = DIRECTION ( 'NONE',  ( -0.01271524779706550111, -0.9999191579690127618, -0.0000000000000000000 ) ) ;
#2110 = EDGE_LOOP ( 'NONE', ( #3903, #1911, #4478, #3687 ) ) ;
#2111 = CARTESIAN_POINT ( 'NONE',  ( -39.09758418044155803, 10.05251277932856446, 289.6544379066506849 ) ) ;
#2112 = DIRECTION ( 'NONE',  ( 0.0000000000000000000, -1.000000000000000000, 0.0000000000000000000 ) ) ;
#2113 = CARTESIAN_POINT ( 'NONE',  ( -113.3065745796493644, 12.96446048354608926, 275.1544379066506281 ) ) ;
#2114 = EDGE_CURVE ( 'NONE', #305, #411, #2911, .T. ) ;
#2115 = ORIENTED_EDGE ( 'NONE', *, *, #4832, .F. ) ;
#2116 = FACE_OUTER_BOUND ( 'NONE', #1083, .T. ) ;
#2117 = VERTEX_POINT ( 'NONE', #1539 ) ;
#2118 = DIRECTION ( 'NONE',  ( -0.1931172784086566951, 0.9502390503633061369, -0.2444411257228935597 ) ) ;
#2119 = CARTESIAN_POINT ( 'NONE',  ( -110.7098093730611765, 4.000000000000000000, 0.0000000000000000000 ) ) ;
#2120 = CARTESIAN_POINT ( 'NONE',  ( -8.994473609821570292, 7.308181882542173824, 11.49999999999962164 ) ) ;
#2121 = CARTESIAN_POINT ( 'NONE',  ( -112.7643120675802493, 0.0000000000000000000, 320.0755716007781189 ) ) ;
#2122 = CARTESIAN_POINT ( 'NONE',  ( -104.9734697779773853, 7.002201907414351112, 290.3942612332049293 ) ) ;
#2123 = CARTESIAN_POINT ( 'NONE',  ( -2.000000000000014211, 0.0000000000000000000, 159.7570809800924962 ) ) ;
#2124 = EDGE_CURVE ( 'NONE', #3180, #5867, #100, .T. ) ;
#2125 = CARTESIAN_POINT ( 'NONE',  ( -11.58817483910446278, 3.055037817883204276, 12.76971518355418311 ) ) ;
#2126 = ADVANCED_FACE ( 'NONE', ( #5266 ), #5716, .T. ) ;
#2127 = CARTESIAN_POINT ( 'NONE',  ( -40.12488066653052243, 1.579998988192165221, 291.2457259884373570 ) ) ;
#2128 = DIRECTION ( 'NONE',  ( -1.000000000000000000, 0.0000000000000000000, 0.0000000000000000000 ) ) ;
#2129 = PERSON_AND_ORGANIZATION_ROLE ( 'creator' ) ;
#2130 = VECTOR ( 'NONE', #1416, 1000.000000000000114 ) ;
#2131 = CARTESIAN_POINT ( 'NONE',  ( -105.0657994163448024, 7.125434505722888723, 268.2844771952748033 ) ) ;
#2132 = CARTESIAN_POINT ( 'NONE',  ( -39.34343311937577425, 1.577143920732781757, 289.9169319763728936 ) ) ;
#2133 = DIRECTION ( 'NONE',  ( 0.0009780959844829519804, 0.9999995216640081841, 0.0000000000000000000 ) ) ;
#2134 = EDGE_CURVE ( 'NONE', #5957, #2554, #1970, .T. ) ;
#2135 = CARTESIAN_POINT ( 'NONE',  ( -113.5092331866929101, 3.995356370322071804, 318.7499999999960778 ) ) ;
#2136 = VERTEX_POINT ( 'NONE', #4354 ) ;
#2137 = VERTEX_POINT ( 'NONE', #5764 ) ;
#2138 = CARTESIAN_POINT ( 'NONE',  ( -7.315455574864520472, 0.8767006227395146567, 1.500999999999686807 ) ) ;
#2139 = CARTESIAN_POINT ( 'NONE',  ( -8.985271536212305676, 7.516272835394996576, 312.2489999999996257 ) ) ;
#2140 = VERTEX_POINT ( 'NONE', #5795 ) ;
#2141 = CARTESIAN_POINT ( 'NONE',  ( -7.344533915293765425, 3.995356370322072248, 314.3499999999996817 ) ) ;
#2142 = CARTESIAN_POINT ( 'NONE',  ( -106.1180553471290438, 4.966228744193708522, 280.8651615433434472 ) ) ;
#2143 =( BOUNDED_CURVE ( )  B_SPLINE_CURVE ( 3, ( #5075, #1784, #892, #2758 ),
 .UNSPECIFIED., .F., .F. ) 
 B_SPLINE_CURVE_WITH_KNOTS ( ( 4, 4 ),
 ( 3.954335453219825602, 4.629146770892097251 ),
 .UNSPECIFIED. ) 
 CURVE ( )  GEOMETRIC_REPRESENTATION_ITEM ( )  RATIONAL_B_SPLINE_CURVE ( ( 1.000000000000000000, 0.9624111141301432415, 0.9624111141301432415, 1.000000000000000000 ) ) 
 REPRESENTATION_ITEM ( '' )  );
#2144 = CARTESIAN_POINT ( 'NONE',  ( -107.4400095534590918, 3.995356370322071804, 8.500999999999258705 ) ) ;
#2145 = ORIENTED_EDGE ( 'NONE', *, *, #685, .T. ) ;
#2146 = CARTESIAN_POINT ( 'NONE',  ( -112.7643120787221847, 2.000000000000000000, 4.000000000000003553 ) ) ;
#2147 = ORIENTED_EDGE ( 'NONE', *, *, #1948, .F. ) ;
#2148 = CARTESIAN_POINT ( 'NONE',  ( -104.9687679935896227, 6.993908667760953435, 267.5874191471563677 ) ) ;
#2149 = DIRECTION ( 'NONE',  ( -0.5004356563159397808, 0.0000000000000000000, -0.8657737313453409689 ) ) ;
#2150 = CARTESIAN_POINT ( 'NONE',  ( -112.7643120787221420, 0.0000000000000000000, 164.1243172066120337 ) ) ;
#2151 = ADVANCED_FACE ( 'NONE', ( #5696 ), #1114, .T. ) ;
#2152 = CARTESIAN_POINT ( 'NONE',  ( -112.9163653464356400, 2.942096037217362348, 323.1169564424393457 ) ) ;
#2153 = CARTESIAN_POINT ( 'NONE',  ( -0.02578435356781550933, 2.012892176783918519, 320.2735923123989892 ) ) ;
#2154 = FACE_OUTER_BOUND ( 'NONE', #5964, .T. ) ;
#2155 = FACE_OUTER_BOUND ( 'NONE', #1568, .T. ) ;
#2156 = ORIENTED_EDGE ( 'NONE', *, *, #1011, .T. ) ;
#2157 = CARTESIAN_POINT ( 'NONE',  ( -106.0527801283272851, 12.61463018215301624, 275.1544379066506281 ) ) ;
#2158 = EDGE_CURVE ( 'NONE', #3835, #2713, #4711, .T. ) ;
#2159 = EDGE_CURVE ( 'NONE', #4477, #2717, #3653, .T. ) ;
#2160 = CARTESIAN_POINT ( 'NONE',  ( -113.4282625802592719, 8.965680130093533151, 283.1544379066506849 ) ) ;
#2161 = CARTESIAN_POINT ( 'NONE',  ( -109.6557690067931077, 0.0000000000000000000, 165.9169518843274602 ) ) ;
#2162 = DESIGN_CONTEXT ( 'detailed design', #5146, 'design' ) ;
#2163 =( BOUNDED_CURVE ( )  B_SPLINE_CURVE ( 3, ( #3017, #1208, #4874, #691 ),
 .UNSPECIFIED., .F., .F. ) 
 B_SPLINE_CURVE_WITH_KNOTS ( ( 4, 4 ),
 ( 3.141592653589793116, 6.283185307179586232 ),
 .UNSPECIFIED. ) 
 CURVE ( )  GEOMETRIC_REPRESENTATION_ITEM ( )  RATIONAL_B_SPLINE_CURVE ( ( 1.000000000000000000, 0.3333333333333333703, 0.3333333333333333703, 1.000000000000000000 ) ) 
 REPRESENTATION_ITEM ( '' )  );
#2164 = CARTESIAN_POINT ( 'NONE',  ( -103.1851512589931019, 1.644920654915594582, 267.6544379066506281 ) ) ;
#2165 = CARTESIAN_POINT ( 'NONE',  ( -7.344533915294348958, 3.995356370322072248, 157.4754999999996699 ) ) ;
#2166 = CARTESIAN_POINT ( 'NONE',  ( -105.1129002011258819, 7.551033870332263476, 283.9934444796803632 ) ) ;
#2167 = VERTEX_POINT ( 'NONE', #263 ) ;
#2168 = VERTEX_POINT ( 'NONE', #1668 ) ;
#2169 = CARTESIAN_POINT ( 'NONE',  ( -107.5903750333315685, 0.8775010007995569516, 322.2499999999991473 ) ) ;
#2170 = CARTESIAN_POINT ( 'NONE',  ( -8.646044848997908261, 3.995356370322071804, 163.8962259421614078 ) ) ;
#2171 = ORIENTED_EDGE ( 'NONE', *, *, #258, .F. ) ;
#2172 = CARTESIAN_POINT ( 'NONE',  ( -11.49642254948468612, 7.263749886283449975, 314.7465993764236032 ) ) ;
#2173 = CARTESIAN_POINT ( 'NONE',  ( 0.0000000000000000000, 0.0000000000000000000, 274.1544379066501165 ) ) ;
#2174 = DIRECTION ( 'NONE',  ( 0.0000000000000000000, 0.0000000000000000000, -1.000000000000000000 ) ) ;
#2175 = ORIENTED_EDGE ( 'NONE', *, *, #2843, .T. ) ;
#2176 = CARTESIAN_POINT ( 'NONE',  ( -40.12352771015019925, 1.778966940825064791, 267.0631450363441104 ) ) ;
#2177 = ORIENTED_EDGE ( 'NONE', *, *, #1958, .F. ) ;
#2178 = CARTESIAN_POINT ( 'NONE',  ( -2.003500029963031004, 0.007000059926061570625, 3.763459351126448471 ) ) ;
#2179 = CARTESIAN_POINT ( 'NONE',  ( -111.4861586422782267, 3.995356370322071804, 322.2499999999988631 ) ) ;
#2180 = EDGE_CURVE ( 'NONE', #4487, #2996, #5289, .T. ) ;
#2181 = LINE ( 'NONE', #4517, #717 ) ;
#2182 = CARTESIAN_POINT ( 'NONE',  ( -104.9364063200101214, 0.6466330729413939382, 267.6452191167149977 ) ) ;
#2183 = CARTESIAN_POINT ( 'NONE',  ( -4.000000000000007105, 4.000000000000003553, 323.7500000000000000 ) ) ;
#2184 = DIRECTION ( 'NONE',  ( 0.4994195462902477067, -0.02408561361543209989, -0.8660254037844451469 ) ) ;
#2185 = DIRECTION ( 'NONE',  ( -0.01271524779707794428, -0.9999191579690125398, 0.0000000000000000000 ) ) ;
#2186 = EDGE_LOOP ( 'NONE', ( #326, #3658, #2349, #2978, #4031 ) ) ;
#2187 = CARTESIAN_POINT ( 'NONE',  ( -2.000000000002852829, 0.0000000000000000000, 8.500999999998981593 ) ) ;
#2188 = CARTESIAN_POINT ( 'NONE',  ( -8.838729757921369057, 0.0000000000000000000, 163.8962259421614078 ) ) ;
#2189 = CARTESIAN_POINT ( 'NONE',  ( -103.1711405694370001, 3.326695977282411398, 266.6544379066506281 ) ) ;
#2190 = CARTESIAN_POINT ( 'NONE',  ( -106.1675385958365183, 7.930651308993486026, 283.1095981351206206 ) ) ;
#2191 = VECTOR ( 'NONE', #2549, 1000.000000000000000 ) ;
#2192 = EDGE_CURVE ( 'NONE', #2237, #791, #1291, .T. ) ;
#2193 =( GEOMETRIC_REPRESENTATION_CONTEXT ( 3 ) GLOBAL_UNCERTAINTY_ASSIGNED_CONTEXT ( ( #4473 ) ) GLOBAL_UNIT_ASSIGNED_CONTEXT ( ( #3103, #5949, #3495 ) ) REPRESENTATION_CONTEXT ( 'NONE', 'WORKASPACE' ) );
#2194 = CIRCLE ( 'NONE', #129, 2.199999999999980194 ) ;
#2195 = VECTOR ( 'NONE', #44, 1000.000000000000000 ) ;
#2196 = CARTESIAN_POINT ( 'NONE',  ( -105.0096817615497287, 6.791468308592349956, 290.2859233705400470 ) ) ;
#2197 = CARTESIAN_POINT ( 'NONE',  ( -105.1586545681450815, 7.776169532057128464, 283.0821057859158714 ) ) ;
#2198 = ORIENTED_EDGE ( 'NONE', *, *, #5035, .T. ) ;
#2199 = ORIENTED_EDGE ( 'NONE', *, *, #1870, .T. ) ;
#2200 = CIRCLE ( 'NONE', #620, 5.000000000000004441 ) ;
#2201 = VECTOR ( 'NONE', #1656, 1000.000000000000000 ) ;
#2202 = DIRECTION ( 'NONE',  ( -1.000000000000000000, 0.0000000000000000000, 5.551115123125781913E-15 ) ) ;
#2203 = LINE ( 'NONE', #4251, #2092 ) ;
#2204 = ORIENTED_EDGE ( 'NONE', *, *, #1700, .F. ) ;
#2205 = DIRECTION ( 'NONE',  ( -0.04817122723086528918, -0.9988390925805179510, 0.0000000000000000000 ) ) ;
#2206 = AXIS2_PLACEMENT_3D ( 'NONE', #434, #2306, #4190 ) ;
#2207 = CARTESIAN_POINT ( 'NONE',  ( -2.000000000002852829, 0.0000000000000000000, 8.500999999999592660 ) ) ;
#2208 = ORIENTED_EDGE ( 'NONE', *, *, #1757, .T. ) ;
#2209 = ORIENTED_EDGE ( 'NONE', *, *, #3787, .T. ) ;
#2210 = CARTESIAN_POINT ( 'NONE',  ( -104.5194677874709583, 5.988560927746080509, 267.1780650388927256 ) ) ;
#2211 = DIRECTION ( 'NONE',  ( -0.04817122723086528918, -0.9988390925805179510, 0.0000000000000000000 ) ) ;
#2212 = CARTESIAN_POINT ( 'NONE',  ( -102.5568433042953131, 12.44603088684498005, 314.7489999999995689 ) ) ;
#2213 = CARTESIAN_POINT ( 'NONE',  ( -111.6156619598327353, 3.569443832526982163, 323.6769557231493764 ) ) ;
#2214 = CARTESIAN_POINT ( 'NONE',  ( -105.2168210810185514, 8.283178308798104794, 11.50000000000236433 ) ) ;
#2215 = EDGE_CURVE ( 'NONE', #5900, #557, #2095, .T. ) ;
#2216 = CARTESIAN_POINT ( 'NONE',  ( -39.83520673805914925, 1.774519327651090439, 290.9759100153136160 ) ) ;
#2217 = CARTESIAN_POINT ( 'NONE',  ( -41.34342688581313041, 1.584433483700090628, 291.6544379066506849 ) ) ;
#2218 = VERTEX_POINT ( 'NONE', #2649 ) ;
#2219 = CARTESIAN_POINT ( 'NONE',  ( -111.0812159075287866, 12.85713763338816484, 323.6211801520628342 ) ) ;
#2220 = DIRECTION ( 'NONE',  ( -0.9988390925805177289, 0.04817122723086487979, 0.0000000000000000000 ) ) ;
#2221 = PERSON_AND_ORGANIZATION ( #4286, #3347 ) ;
#2222 =( BOUNDED_CURVE ( )  B_SPLINE_CURVE ( 3, ( #1415, #3811, #5122, #3263 ),
 .UNSPECIFIED., .F., .F. ) 
 B_SPLINE_CURVE_WITH_KNOTS ( ( 4, 4 ),
 ( 2.317188913933297331E-13, 0.003905398263474138803 ),
 .UNSPECIFIED. ) 
 CURVE ( )  GEOMETRIC_REPRESENTATION_ITEM ( )  RATIONAL_B_SPLINE_CURVE ( ( 1.000000000000000000, 0.8047378541251424267, 0.8047378541251424267, 1.000000000000000000 ) ) 
 REPRESENTATION_ITEM ( '' )  );
#2223 = CARTESIAN_POINT ( 'NONE',  ( -113.4721214829947371, 8.443556926171764232, 283.1285577112896590 ) ) ;
#2224 = CARTESIAN_POINT ( 'NONE',  ( -105.1620458463820000, 4.040868681379931715, 281.2898238297221383 ) ) ;
#2225 = EDGE_CURVE ( 'NONE', #4163, #2905, #1500, .T. ) ;
#2226 = CARTESIAN_POINT ( 'NONE',  ( -41.32925083372542474, 2.797641500819330940, 265.6544379066506849 ) ) ;
#2227 = LINE ( 'NONE', #3627, #5592 ) ;
#2228 = ORIENTED_EDGE ( 'NONE', *, *, #2914, .F. ) ;
#2229 = ORIENTED_EDGE ( 'NONE', *, *, #1394, .T. ) ;
#2230 = CARTESIAN_POINT ( 'NONE',  ( -103.6898605082317317, 0.6454138309055186262, 290.5280543369198085 ) ) ;
#2231 = CARTESIAN_POINT ( 'NONE',  ( -114.7639975833967583, 2.035466637765298792, 323.7500000000000000 ) ) ;
#2232 = ORIENTED_EDGE ( 'NONE', *, *, #2836, .T. ) ;
#2233 = EDGE_CURVE ( 'NONE', #3933, #1091, #4966, .T. ) ;
#2234 = EDGE_CURVE ( 'NONE', #163, #2905, #5955, .T. ) ;
#2235 = CARTESIAN_POINT ( 'NONE',  ( -104.9863867685351835, 7.049635047516941810, 267.6500887591517994 ) ) ;
#2236 = ORIENTED_EDGE ( 'NONE', *, *, #697, .F. ) ;
#2237 = VERTEX_POINT ( 'NONE', #1201 ) ;
#2238 = CARTESIAN_POINT ( 'NONE',  ( -103.8101593440872676, 5.058791537269383909, 266.7082069948768890 ) ) ;
#2239 = DIRECTION ( 'NONE',  ( -1.000000000000000000, 0.0000000000000000000, -0.0000000000000000000 ) ) ;
#2240 = CARTESIAN_POINT ( 'NONE',  ( -3.311587315079162597, 0.0000000000000000000, 315.2499999999979536 ) ) ;
#2241 = EDGE_CURVE ( 'NONE', #5769, #5459, #1657, .T. ) ;
#2242 = CARTESIAN_POINT ( 'NONE',  ( -114.7345025023615364, 2.050093587051096566, 320.3066148982965160 ) ) ;
#2243 = CARTESIAN_POINT ( 'NONE',  ( -0.8195694930442387616, 2.409784746521412835, 322.1899591606241984 ) ) ;
#2244 = CARTESIAN_POINT ( 'NONE',  ( -39.74145309494295475, 2.777450626843064985, 290.8703638220121661 ) ) ;
#2245 = DIRECTION ( 'NONE',  ( 0.9999191579690124287, -0.01271524779707759040, -0.0000000000000000000 ) ) ;
#2246 = ORIENTED_EDGE ( 'NONE', *, *, #5550, .F. ) ;
#2247 = CARTESIAN_POINT ( 'NONE',  ( -105.0932437651803468, 7.324441712857003850, 268.6544379066506281 ) ) ;
#2248 = DIRECTION ( 'NONE',  ( 0.5004356563159415572, 0.0000000000000000000, 0.8657737313453398587 ) ) ;
#2249 = APPROVAL_ROLE ( '' ) ;
#2250 = ADVANCED_FACE ( 'NONE', ( #2711 ), #4994, .T. ) ;
#2251 = CARTESIAN_POINT ( 'NONE',  ( -114.6067855018972494, 6.377347237760409016, 282.1690655289322081 ) ) ;
#2252 = B_SPLINE_CURVE_WITH_KNOTS ( 'NONE', 3,
 ( #349, #1827, #4102, #2217 ),
 .UNSPECIFIED., .F., .F.,
 ( 4, 4 ),
 ( 0.8775554778194913919, 0.8990802331906569966 ),
 .UNSPECIFIED. ) ;
#2253 = LINE ( 'NONE', #4056, #1391 ) ;
#2254 = CARTESIAN_POINT ( 'NONE',  ( 69.16243539183159328, 3.995356370322071804, 200.6839180354723169 ) ) ;
#2255 = CARTESIAN_POINT ( 'NONE',  ( -41.08029480810932199, 0.5841756368113557585, 267.6544379066507418 ) ) ;
#2256 = ORIENTED_EDGE ( 'NONE', *, *, #5725, .F. ) ;
#2257 = VERTEX_POINT ( 'NONE', #4107 ) ;
#2258 = CARTESIAN_POINT ( 'NONE',  ( -103.4494048924715059, 0.6451786421207971189, 290.6279028376436600 ) ) ;
#2259 = DIRECTION ( 'NONE',  ( -0.04817122723086528918, -0.9988390925805179510, 0.0000000000000000000 ) ) ;
#2260 = CARTESIAN_POINT ( 'NONE',  ( -105.9590161994471487, 3.995356370322071804, 163.8962259421648184 ) ) ;
#2261 = VERTEX_POINT ( 'NONE', #5856 ) ;
#2262 = ORIENTED_EDGE ( 'NONE', *, *, #582, .T. ) ;
#2263 = EDGE_CURVE ( 'NONE', #854, #1053, #2682, .T. ) ;
#2264 = CARTESIAN_POINT ( 'NONE',  ( -39.34557523408844304, 2.772416534783419984, 291.9133684471797210 ) ) ;
#2265 = CARTESIAN_POINT ( 'NONE',  ( -14.05662661152142690, 2.450835289238923131, 13.99999999999980105 ) ) ;
#2266 = LINE ( 'NONE', #831, #2976 ) ;
#2267 = FACE_OUTER_BOUND ( 'NONE', #5340, .T. ) ;
#2268 = CARTESIAN_POINT ( 'NONE',  ( -105.2126599787838899, 8.610404793811097690, 11.49999999999980815 ) ) ;
#2269 = CARTESIAN_POINT ( 'NONE',  ( -41.06605945718238360, 2.794294686715410592, 291.6537402695207675 ) ) ;
#2270 = DIRECTION ( 'NONE',  ( -1.000000000000000000, 0.0000000000000000000, 1.371950217666838499E-14 ) ) ;
#2271 = ORIENTED_EDGE ( 'NONE', *, *, #1213, .F. ) ;
#2272 = LINE ( 'NONE', #802, #2979 ) ;
#2273 = FACE_OUTER_BOUND ( 'NONE', #1640, .T. ) ;
#2274 = EDGE_CURVE ( 'NONE', #5241, #5913, #2227, .T. ) ;
#2275 = CARTESIAN_POINT ( 'NONE',  ( -114.5205974004987581, 7.744425012415057985, 283.9874682774321286 ) ) ;
#2276 = CARTESIAN_POINT ( 'NONE',  ( -110.7098093730611765, 4.000000000000000000, 323.7500000000000000 ) ) ;
#2277 = CC_DESIGN_APPROVAL ( #695, ( #5684 ) ) ;
#2278 = CARTESIAN_POINT ( 'NONE',  ( -11.66354761523714423, 5.693856030577349792, 9.296700554841299535 ) ) ;
#2279 = ORIENTED_EDGE ( 'NONE', *, *, #5436, .F. ) ;
#2280 = CARTESIAN_POINT ( 'NONE',  ( -105.1842404588559248, 4.618943178514107295, 289.6544379066506849 ) ) ;
#2281 = AXIS2_PLACEMENT_3D ( 'NONE', #316, #837, #2704 ) ;
#2282 = VECTOR ( 'NONE', #4866, 1000.000000000000000 ) ;
#2283 = CARTESIAN_POINT ( 'NONE',  ( -8.913523179314539746, 8.949113843761635323, 312.2489999999995121 ) ) ;
#2284 = CARTESIAN_POINT ( 'NONE',  ( -104.1863800584541480, 1.647895546191465499, 266.9181781417330512 ) ) ;
#2285 = CIRCLE ( 'NONE', #3070, 113.7820467919759295 ) ;
#2286 = CIRCLE ( 'NONE', #2585, 1.000000000000000666 ) ;
#2287 = VERTEX_POINT ( 'NONE', #2135 ) ;
#2288 = VERTEX_POINT ( 'NONE', #3530 ) ;
#2289 = CARTESIAN_POINT ( 'NONE',  ( -104.8536817307933120, 6.677885622726423165, 267.2601795165552971 ) ) ;
#2290 = CARTESIAN_POINT ( 'NONE',  ( -39.09758418044155803, 10.05251277932856446, 289.6544379066506849 ) ) ;
#2291 = CIRCLE ( 'NONE', #1212, 2.499999999999999556 ) ;
#2292 = AXIS2_PLACEMENT_3D ( 'NONE', #5449, #5529, #5912 ) ;
#2293 = EDGE_CURVE ( 'NONE', #1943, #5900, #5394, .T. ) ;
#2294 = CARTESIAN_POINT ( 'NONE',  ( -113.1096004830736206, 2.848450636589535012, 323.0194541429501101 ) ) ;
#2295 = CARTESIAN_POINT ( 'NONE',  ( -101.9128950109483043, 4.801205466314806714, 10.69586624298242228 ) ) ;
#2296 = CARTESIAN_POINT ( 'NONE',  ( -40.10933662566347380, 2.782128735289022714, 291.2405540406601858 ) ) ;
#2297 = FACE_OUTER_BOUND ( 'NONE', #1678, .T. ) ;
#2298 = ORIENTED_EDGE ( 'NONE', *, *, #1660, .F. ) ;
#2299 = CARTESIAN_POINT ( 'NONE',  ( -4.961418165267627245, 7.739275378388520643, 5.000999999999672596 ) ) ;
#2300 = SHAPE_DEFINITION_REPRESENTATION ( #3374, #1306 ) ;
#2301 = EDGE_CURVE ( 'NONE', #957, #3991, #2143, .T. ) ;
#2302 = CARTESIAN_POINT ( 'NONE',  ( -113.5604221452246350, 7.197443773187802485, 282.7498137333617478 ) ) ;
#2303 = ADVANCED_FACE ( 'NONE', ( #3771, #980 ), #4136, .T. ) ;
#2304 = CC_DESIGN_DATE_AND_TIME_ASSIGNMENT ( #4528, #5387, ( #5404 ) ) ;
#2305 = EDGE_CURVE ( 'NONE', #1981, #3835, #6033, .T. ) ;
#2306 = DIRECTION ( 'NONE',  ( 0.0000000000000000000, 0.0000000000000000000, 1.000000000000000000 ) ) ;
#2307 = CARTESIAN_POINT ( 'NONE',  ( -106.2098146117498061, 8.744273145798912239, 284.1544379066506849 ) ) ;
#2308 = ORIENTED_EDGE ( 'NONE', *, *, #206, .T. ) ;
#2309 = CARTESIAN_POINT ( 'NONE',  ( 0.0000000000000000000, 0.0000000000000000000, 0.0000000000000000000 ) ) ;
#2310 = DIRECTION ( 'NONE',  ( -1.000000000000000000, 0.0000000000000000000, 0.0000000000000000000 ) ) ;
#2311 = LINE ( 'NONE', #5601, #2195 ) ;
#2312 = VERTEX_POINT ( 'NONE', #2362 ) ;
#2313 = EDGE_LOOP ( 'NONE', ( #3929, #2040, #692, #3883, #2917, #111 ) ) ;
#2314 = CARTESIAN_POINT ( 'NONE',  ( -114.6574510043300279, 5.423756225952616639, 277.3852764477069286 ) ) ;
#2315 = DIRECTION ( 'NONE',  ( -0.9988390925805179510, 0.04817122723086550429, 0.0000000000000000000 ) ) ;
#2316 = ORIENTED_EDGE ( 'NONE', *, *, #724, .T. ) ;
#2317 = FACE_OUTER_BOUND ( 'NONE', #5807, .T. ) ;
#2318 = CARTESIAN_POINT ( 'NONE',  ( -105.1158941430607712, 11.28185008248393828, 283.1544379067582327 ) ) ;
#2319 = CARTESIAN_POINT ( 'NONE',  ( -103.3133165324833271, 4.610392671362715689, 12.47502552242437268 ) ) ;
#2320 = CARTESIAN_POINT ( 'NONE',  ( -114.8000988391973323, 0.0000000000000000000, 4.000000000000003553 ) ) ;
#2321 = CARTESIAN_POINT ( 'NONE',  ( -2.939419985849979433, 3.995356370322072248, 166.2754999999996812 ) ) ;
#2322 = ORIENTED_EDGE ( 'NONE', *, *, #3380, .F. ) ;
#2323 = CARTESIAN_POINT ( 'NONE',  ( -1.999999999999999556, 4.000000000000000000, 0.0000000000000000000 ) ) ;
#2324 = CARTESIAN_POINT ( 'NONE',  ( -7.158864168943693151, 7.845252078296371501, 318.7499999999996589 ) ) ;
#2325 = EDGE_CURVE ( 'NONE', #871, #791, #4139, .T. ) ;
#2326 = CARTESIAN_POINT ( 'NONE',  ( -9.054684967973171794, 6.085615533651851372, 11.49999999999962164 ) ) ;
#2327 = CARTESIAN_POINT ( 'NONE',  ( -114.4941320153357367, 8.128875294912605298, 283.0570860097753325 ) ) ;
#2328 = CARTESIAN_POINT ( 'NONE',  ( -8.997824869315506291, 7.231977029052680805, 11.50120031178776436 ) ) ;
#2329 =( BOUNDED_CURVE ( )  B_SPLINE_CURVE ( 3, ( #1223, #4952, #3916, #1160 ),
 .UNSPECIFIED., .F., .F. ) 
 B_SPLINE_CURVE_WITH_KNOTS ( ( 4, 4 ),
 ( 1.570796326794896336, 3.141592653589784234 ),
 .UNSPECIFIED. ) 
 CURVE ( )  GEOMETRIC_REPRESENTATION_ITEM ( )  RATIONAL_B_SPLINE_CURVE ( ( 1.000000000000000000, 0.8047378541243670469, 0.8047378541243670469, 1.000000000000000000 ) ) 
 REPRESENTATION_ITEM ( '' )  );
#2330 = ADVANCED_FACE ( 'NONE', ( #924 ), #1433, .F. ) ;
#2331 = CARTESIAN_POINT ( 'NONE',  ( -102.7633557007367102, 8.579258765077064197, 314.7489999999995689 ) ) ;
#2332 = ORIENTED_EDGE ( 'NONE', *, *, #1460, .T. ) ;
#2333 = PLANE ( 'NONE',  #2465 ) ;
#2334 = CARTESIAN_POINT ( 'NONE',  ( -11.52997789522897953, 6.623813341139730859, 9.053231986203090997 ) ) ;
#2335 = EDGE_LOOP ( 'NONE', ( #801, #5260, #2399, #1646 ) ) ;
#2336 = CARTESIAN_POINT ( 'NONE',  ( -104.3558264845559336, 4.605093076978700850, 291.6544379066506849 ) ) ;
#2337 = CARTESIAN_POINT ( 'NONE',  ( -111.9581806679435232, 3.404872345186182869, 0.1847633034593970935 ) ) ;
#2338 = DIRECTION ( 'NONE',  ( 0.0000000000000000000, 1.000000000000000000, -4.996003610813204432E-13 ) ) ;
#2339 = ORIENTED_EDGE ( 'NONE', *, *, #3194, .F. ) ;
#2340 = ORIENTED_EDGE ( 'NONE', *, *, #5887, .F. ) ;
#2341 = B_SPLINE_SURFACE_WITH_KNOTS ( 'NONE', 1, 3, ( 
 ( #2283, #3776, #3707, #492, #2364, #4165 ),
 ( #5633, #4226, #1436, #5599, #4196, #4648 ) ),
 .UNSPECIFIED., .F., .F., .F.,
 ( 2, 2 ),
 ( 4, 2, 4 ),
 ( 0.0000000000000000000, 1.000000000000000000 ),
 ( 0.0000000000000000000, 0.1515543800034849509, 1.000000000000000000 ),
 .UNSPECIFIED. ) ;
#2342 = CARTESIAN_POINT ( 'NONE',  ( -102.7117101684909812, 8.629097123652604395, 8.999999999999786837 ) ) ;
#2343 = CARTESIAN_POINT ( 'NONE',  ( -2.763972161590489751, 7.633298678480617383, 5.000999999999672596 ) ) ;
#2344 = CARTESIAN_POINT ( 'NONE',  ( -105.1336996081746804, 5.696427711823536910, 281.9535283808675672 ) ) ;
#2345 = CARTESIAN_POINT ( 'NONE',  ( -105.0539410357467034, 12.56645895492213327, 284.1544379066506849 ) ) ;
#2346 = CARTESIAN_POINT ( 'NONE',  ( -111.6656410625896285, 3.995356370322071804, 318.7499999999999432 ) ) ;
#2347 = DIRECTION ( 'NONE',  ( -0.04817122723086528918, -0.9988390925805179510, 0.0000000000000000000 ) ) ;
#2348 = CARTESIAN_POINT ( 'NONE',  ( -1.753847770937826844, -1.027486157856983383E-15, 317.9449518096348015 ) ) ;
#2349 = ORIENTED_EDGE ( 'NONE', *, *, #3224, .T. ) ;
#2350 = DIRECTION ( 'NONE',  ( 0.0000000000000000000, 0.0000000000000000000, 1.000000000000000000 ) ) ;
#2351 = DIRECTION ( 'NONE',  ( 0.8662767110661316883, 0.0000000000000000000, 0.4995644701782202546 ) ) ;
#2352 = CARTESIAN_POINT ( 'NONE',  ( -109.4630840978735336, 3.995356370322071804, 157.8340481156695887 ) ) ;
#2353 = FACE_OUTER_BOUND ( 'NONE', #4070, .T. ) ;
#2354 = CARTESIAN_POINT ( 'NONE',  ( -11.49642254948467368, 7.263749886283466850, 314.7465993764235463 ) ) ;
#2355 = CARTESIAN_POINT ( 'NONE',  ( -100.2130641889379348, 8.546828554825689039, 265.6544379066506281 ) ) ;
#2356 = CARTESIAN_POINT ( 'NONE',  ( -105.1129002011315237, 7.551033870360049249, 289.6544379066506849 ) ) ;
#2357 = DIRECTION ( 'NONE',  ( -0.9999191579690124287, 0.01271524779707759040, -0.0000000000000000000 ) ) ;
#2358 = ORIENTED_EDGE ( 'NONE', *, *, #2500, .T. ) ;
#2359 =( BOUNDED_SURFACE ( )  B_SPLINE_SURFACE ( 3, 2, ( 
 ( #4461, #1723, #5447 ),
 ( #5418, #3588, #3641 ),
 ( #2153, #5527, #3551 ),
 ( #282, #372, #1228 ),
 ( #3097, #860, #4007 ),
 ( #5011, #3671, #4495 ),
 ( #1772, #5473, #3155 ),
 ( #2243, #5872, #5500 ),
 ( #769, #313, #1686 ),
 ( #5044, #3208, #2723 ),
 ( #5993, #347, #1803 ),
 ( #4955, #1312, #2637 ),
 ( #4578, #1255, #5067 ),
 ( #2183, #884, #4041 ) ),
 .UNSPECIFIED., .F., .F., .F. ) 
 B_SPLINE_SURFACE_WITH_KNOTS ( ( 4, 2, 2, 2, 2, 2, 4 ),
 ( 3, 3 ),
 ( 6.283185307179586232, 6.479534848028948524, 6.675884388878310816, 6.872233929727672219, 7.068583470577034511, 7.461282552275758206, 7.853981633974482790 ),
 ( 0.0000000000000000000, 1.000000000000000000 ),
 .UNSPECIFIED. ) 
 GEOMETRIC_REPRESENTATION_ITEM ( )  RATIONAL_B_SPLINE_SURFACE ( (
 ( 1.000000000000000000, 0.7071067811865475727, 1.000000000000000000),
 ( 1.000000000000000000, 0.7070717266846588966, 1.000000000000000000),
 ( 1.000000000000000000, 0.7117460047829130554, 1.000000000000000000),
 ( 1.000000000000000000, 0.7291288917604005215, 1.000000000000000000),
 ( 1.000000000000000000, 0.7418334209260868395, 1.000000000000000000),
 ( 1.000000000000000000, 0.7723968187711141020, 1.000000000000000000),
 ( 1.000000000000000000, 0.7902180112880381468, 1.000000000000000000),
 ( 1.000000000000000000, 0.8275942669553074671, 1.000000000000000000),
 ( 1.000000000000000000, 0.8471316623311326843, 1.000000000000000000),
 ( 1.000000000000000000, 0.9038128866910479786, 1.000000000000000000),
 ( 1.000000000000000000, 0.9386556523772149330, 1.000000000000000000),
 ( 1.000000000000000000, 0.9867291873850944084, 1.000000000000000000),
 ( 1.000000000000000000, 1.000158582173940935, 1.000000000000000000),
 ( 1.000000000000000000, 1.000000000000000000, 1.000000000000000000) ) ) 
 REPRESENTATION_ITEM ( '' )  SURFACE ( )  );
#2360 = EDGE_CURVE ( 'NONE', #3532, #4154, #37, .T. ) ;
#2361 = CARTESIAN_POINT ( 'NONE',  ( -104.8788242936701351, 6.742137934541083233, 290.9854247815345047 ) ) ;
#2362 = CARTESIAN_POINT ( 'NONE',  ( -112.7643120787222273, 0.0000000000000000000, 6.623095966852621252 ) ) ;
#2363 = ORIENTED_EDGE ( 'NONE', *, *, #5976, .F. ) ;
#2364 = CARTESIAN_POINT ( 'NONE',  ( -9.110998630566928824, 4.236915029627155604, 312.2489999999995121 ) ) ;
#2365 = ADVANCED_FACE ( 'NONE', ( #2818 ), #3310, .T. ) ;
#2366 = CARTESIAN_POINT ( 'NONE',  ( -105.1851464518892101, 1.650855100457929492, 268.6544379066506281 ) ) ;
#2367 = ORIENTED_EDGE ( 'NONE', *, *, #5604, .F. ) ;
#2368 = ORIENTED_EDGE ( 'NONE', *, *, #1235, .T. ) ;
#2369 = APPROVAL_PERSON_ORGANIZATION ( #5097, #1965, #2249 ) ;
#2370 = CARTESIAN_POINT ( 'NONE',  ( -102.6698070709700943, 9.901770365017796394, 8.999999999999786837 ) ) ;
#2371 = DIRECTION ( 'NONE',  ( -0.9988390925805179510, 0.04817122723086490754, 0.0000000000000000000 ) ) ;
#2372 = EDGE_LOOP ( 'NONE', ( #5156, #2508, #3229, #5086 ) ) ;
#2373 = CYLINDRICAL_SURFACE ( 'NONE', #4533, 4.000000000000003553 ) ;
#2374 = VECTOR ( 'NONE', #3091, 1000.000000000000000 ) ;
#2375 = VECTOR ( 'NONE', #4483, 1000.000000000000000 ) ;
#2376 = CARTESIAN_POINT ( 'NONE',  ( -8.994473679999973825, 7.308180295565774642, 10.03553390593623895 ) ) ;
#2377 = CARTESIAN_POINT ( 'NONE',  ( -100.6039222012885830, 3.551394570277245588, 13.34538353274249367 ) ) ;
#2378 = CARTESIAN_POINT ( 'NONE',  ( -112.4758541009257868, 0.5660627635524784207, 1.943831821521650793 ) ) ;
#2379 = CARTESIAN_POINT ( 'NONE',  ( -114.7061958165230493, 4.172675102435029260, 280.4625469221821277 ) ) ;
#2380 = EDGE_LOOP ( 'NONE', ( #3048, #5376, #2880, #5240 ) ) ;
#2381 = DIRECTION ( 'NONE',  ( 1.000000000000000000, 0.0000000000000000000, 0.0000000000000000000 ) ) ;
#2382 = CARTESIAN_POINT ( 'NONE',  ( -41.34705765984253389, 0.5844365566102525111, 266.6544379066506849 ) ) ;
#2383 = VECTOR ( 'NONE', #1196, 1000.000000000000000 ) ;
#2384 = AXIS2_PLACEMENT_3D ( 'NONE', #3392, #1982, #1853 ) ;
#2385 = CARTESIAN_POINT ( 'NONE',  ( -9.110998630566903955, 4.236915029627154716, 313.7134660940667459 ) ) ;
#2386 = CARTESIAN_POINT ( 'NONE',  ( -8.949711076456624781, 8.262268130041817926, 10.03553390593623718 ) ) ;
#2387 = DIRECTION ( 'NONE',  ( 0.8662767110661316883, 0.0000000000000000000, 0.4995644701782200880 ) ) ;
#2388 = CARTESIAN_POINT ( 'NONE',  ( -40.34083250502845175, 1.782316624497129132, 266.9181717991762639 ) ) ;
#2389 = AXIS2_PLACEMENT_3D ( 'NONE', #333, #5517, #4028 ) ;
#2390 = CARTESIAN_POINT ( 'NONE',  ( -102.4143290665694224, 6.068864483264089671, 314.0881579914125155 ) ) ;
#2391 = CARTESIAN_POINT ( 'NONE',  ( -113.6909409977385650, 0.2276121061000110357, 318.7499999999960778 ) ) ;
#2392 = ORIENTED_EDGE ( 'NONE', *, *, #5392, .T. ) ;
#2393 = CARTESIAN_POINT ( 'NONE',  ( -8.998986032674219260, 7.205712775379240043, 9.002417516499003014 ) ) ;
#2394 = CARTESIAN_POINT ( 'NONE',  ( -10.20199119474762917, 4.056614763655600697, 10.16609408370635848 ) ) ;
#2395 = EDGE_LOOP ( 'NONE', ( #3591, #2718, #4511, #3285, #527 ) ) ;
#2396 = CARTESIAN_POINT ( 'NONE',  ( -104.8275658781825257, 13.89080364359263520, 290.8260107819045288 ) ) ;
#2397 = ADVANCED_FACE ( 'NONE', ( #3680 ), #4676, .F. ) ;
#2398 = CARTESIAN_POINT ( 'NONE',  ( -113.6644701333618315, 4.972422735670598115, 278.8902995144252941 ) ) ;
#2399 = ORIENTED_EDGE ( 'NONE', *, *, #6004, .F. ) ;
#2400 = VERTEX_POINT ( 'NONE', #2791 ) ;
#2401 = CARTESIAN_POINT ( 'NONE',  ( -114.6668556563269732, 5.229580540268653266, 277.8729378797866616 ) ) ;
#2402 = CARTESIAN_POINT ( 'NONE',  ( -11.49642254948570930, 7.263749886283586754, 9.002400623575754324 ) ) ;
#2403 = ORIENTED_EDGE ( 'NONE', *, *, #4939, .F. ) ;
#2404 = ADVANCED_FACE ( 'NONE', ( #5514 ), #5760, .F. ) ;
#2405 = EDGE_CURVE ( 'NONE', #4498, #3371, #4053, .T. ) ;
#2406 = CARTESIAN_POINT ( 'NONE',  ( -105.1679960305266519, 3.597055365082849399, 279.1544379066491501 ) ) ;
#2407 = DIRECTION ( 'NONE',  ( 0.9988390925805179510, -0.04817122723086525449, -1.627785756950952361E-15 ) ) ;
#2408 = CARTESIAN_POINT ( 'NONE',  ( -113.6909409977385650, 0.2276121061000110357, 318.7499999999960778 ) ) ;
#2409 = CARTESIAN_POINT ( 'NONE',  ( -113.2449723362231424, 1.531390751355305113, 0.7634211489995047506 ) ) ;
#2410 = CARTESIAN_POINT ( 'NONE',  ( -114.4755478664812358, 8.388695767105623702, 284.1223740705661385 ) ) ;
#2411 = ORIENTED_EDGE ( 'NONE', *, *, #3751, .T. ) ;
#2412 = LINE ( 'NONE', #2323, #3650 ) ;
#2413 = CARTESIAN_POINT ( 'NONE',  ( -39.92490758751788604, 10.09528184644963567, 266.6544379066506849 ) ) ;
#2414 = CARTESIAN_POINT ( 'NONE',  ( -105.1249088055567000, 6.058659329731558074, 283.4762577448441334 ) ) ;
#2415 = CC_DESIGN_PERSON_AND_ORGANIZATION_ASSIGNMENT ( #2221, #3134, ( #5684 ) ) ;
#2416 = DIRECTION ( 'NONE',  ( -1.377684915902153477E-14, 0.0000000000000000000, -1.000000000000000000 ) ) ;
#2417 = CARTESIAN_POINT ( 'NONE',  ( -12.36603815672434159, 2.685457848373738354, 311.4364685002086617 ) ) ;
#2418 = CARTESIAN_POINT ( 'NONE',  ( -106.1002607608367043, 6.588116808978992545, 275.6959804646078283 ) ) ;
#2419 = CARTESIAN_POINT ( 'NONE',  ( -101.2693236353562298, 3.625379291206400012, 310.7425966093453553 ) ) ;
#2420 = FACE_OUTER_BOUND ( 'NONE', #1151, .T. ) ;
#2421 = ORIENTED_EDGE ( 'NONE', *, *, #50, .T. ) ;
#2422 = CARTESIAN_POINT ( 'NONE',  ( -105.0294085530986337, 7.197901225738570830, 290.4880537729890193 ) ) ;
#2423 = DIRECTION ( 'NONE',  ( 0.0000000000000000000, 0.0000000000000000000, 1.000000000000000000 ) ) ;
#2424 = ORIENTED_EDGE ( 'NONE', *, *, #4593, .F. ) ;
#2425 = CARTESIAN_POINT ( 'NONE',  ( -105.1978088487354626, 9.583333864162245419, 11.49999999999978861 ) ) ;
#2426 = CARTESIAN_POINT ( 'NONE',  ( -105.2887561036905879, 6.597681612626495884, 312.2489999999998531 ) ) ;
#2427 = ORIENTED_EDGE ( 'NONE', *, *, #2234, .T. ) ;
#2428 = ORIENTED_EDGE ( 'NONE', *, *, #5099, .F. ) ;
#2429 = CARTESIAN_POINT ( 'NONE',  ( -7.165051494980998470, 3.995356370322071804, 322.2499999999978400 ) ) ;
#2430 = CARTESIAN_POINT ( 'NONE',  ( -105.1498361873501892, 4.806279571276480311, 275.8774622881603023 ) ) ;
#2431 = ORIENTED_EDGE ( 'NONE', *, *, #3183, .T. ) ;
#2432 = DIRECTION ( 'NONE',  ( 0.0000000000000000000, 0.0000000000000000000, -1.000000000000000000 ) ) ;
#2433 = CARTESIAN_POINT ( 'NONE',  ( -100.2766404279241925, 3.547232764980646547, 13.99999999999980105 ) ) ;
#2434 = CARTESIAN_POINT ( 'NONE',  ( -104.9727930244544751, 6.610133461929567744, 290.3960013827509101 ) ) ;
#2435 = DIRECTION ( 'NONE',  ( 0.0000000000000000000, 0.0000000000000000000, -1.000000000000000000 ) ) ;
#2436 = EDGE_CURVE ( 'NONE', #4968, #5061, #5846, .T. ) ;
#2437 = VERTEX_POINT ( 'NONE', #5420 ) ;
#2438 = CARTESIAN_POINT ( 'NONE',  ( -114.5202424387109090, 7.749661132206849601, 283.9888344657481412 ) ) ;
#2439 = B_SPLINE_CURVE_WITH_KNOTS ( 'NONE', 3,
 ( #2226, #4161, #5559, #4585, #1290, #2790, #5054, #3170, #869, #4563, #1264, #5109, #405, #3140, #810, #4084 ),
 .UNSPECIFIED., .F., .F.,
 ( 4, 2, 2, 2, 2, 2, 2, 4 ),
 ( 0.0000000000000000000, 0.0005858139160082667662, 0.001171627832016533532, 0.001757441748024800516, 0.002343255664033067065, 0.002929069580041334265, 0.003514883496049601031, 0.004686511328066142804 ),
 .UNSPECIFIED. ) ;
#2440 = VERTEX_POINT ( 'NONE', #3867 ) ;
#2441 = CARTESIAN_POINT ( 'NONE',  ( -102.5047003484345112, 13.49253353243977749, 314.7489999999998531 ) ) ;
#2442 = CARTESIAN_POINT ( 'NONE',  ( -40.32938785824796213, 2.784926967457917790, 266.9205247862248029 ) ) ;
#2443 = CARTESIAN_POINT ( 'NONE',  ( -9.110998630567992862, 4.236915029627175144, 10.03553390593623718 ) ) ;
#2444 = CARTESIAN_POINT ( 'NONE',  ( -112.7643120787221847, 2.000000000000000000, 323.7500000000000000 ) ) ;
#2445 = CARTESIAN_POINT ( 'NONE',  ( -1.807315091076553193, 3.995356370322071804, 315.2499999999996021 ) ) ;
#2446 = EDGE_CURVE ( 'NONE', #1247, #2628, #3554, .T. ) ;
#2447 = CARTESIAN_POINT ( 'NONE',  ( -101.9128950109474090, 4.801205466312736370, 313.0531337570149617 ) ) ;
#2448 = CARTESIAN_POINT ( 'NONE',  ( -11.49642254948468612, 7.263749886283466850, 314.7465993764235463 ) ) ;
#2449 = ORIENTED_EDGE ( 'NONE', *, *, #1188, .F. ) ;
#2450 = CARTESIAN_POINT ( 'NONE',  ( -87.70138904338151065, 3.995356370322071804, 274.1013958489188553 ) ) ;
#2451 = DIRECTION ( 'NONE',  ( 0.9999995216640081841, -0.0009780959844864834437, 0.0000000000000000000 ) ) ;
#2452 = ORIENTED_EDGE ( 'NONE', *, *, #1235, .F. ) ;
#2453 = CARTESIAN_POINT ( 'NONE',  ( -100.2766404279231551, 3.547232764980633668, 312.2489999999997963 ) ) ;
#2454 = ADVANCED_FACE ( 'NONE', ( #2155 ), #2610, .F. ) ;
#2455 = CARTESIAN_POINT ( 'NONE',  ( -103.3163975602957407, 1.645311136599284740, 266.6544379066507418 ) ) ;
#2456 = ORIENTED_EDGE ( 'NONE', *, *, #6026, .F. ) ;
#2457 = VERTEX_POINT ( 'NONE', #2940 ) ;
#2458 = CARTESIAN_POINT ( 'NONE',  ( -114.4670031185424506, 8.515018530863152080, 275.1504108657235292 ) ) ;
#2459 = CARTESIAN_POINT ( 'NONE',  ( -105.0932437651872249, 7.324441712883693612, 274.3154313336150381 ) ) ;
#2460 = ORIENTED_EDGE ( 'NONE', *, *, #4027, .T. ) ;
#2461 = CARTESIAN_POINT ( 'NONE',  ( -111.6656410625896285, 3.995356370322071804, 318.7499999999999432 ) ) ;
#2462 = CARTESIAN_POINT ( 'NONE',  ( -1.830245898735711529, 0.007217135485464327982, 163.8962259421622321 ) ) ;
#2463 = DIRECTION ( 'NONE',  ( 0.04817122723086528918, 0.9988390925805179510, -0.0000000000000000000 ) ) ;
#2464 = CARTESIAN_POINT ( 'NONE',  ( -112.4696433384823422, 2.291004593438383363, 0.3367318301085887033 ) ) ;
#2465 = AXIS2_PLACEMENT_3D ( 'NONE', #6032, #1783, #3246 ) ;
#2466 = VECTOR ( 'NONE', #2615, 1000.000000000000114 ) ;
#2467 = ORIENTED_EDGE ( 'NONE', *, *, #81, .F. ) ;
#2468 = CARTESIAN_POINT ( 'NONE',  ( -103.1711405694369432, 3.326695977282428718, 291.6544379066506849 ) ) ;
#2469 = ORIENTED_EDGE ( 'NONE', *, *, #5168, .F. ) ;
#2470 = CARTESIAN_POINT ( 'NONE',  ( -105.1757717948280515, 3.542278716575161024, 268.6544379066506281 ) ) ;
#2471 = CARTESIAN_POINT ( 'NONE',  ( -38.63370047571535792, 2.763364139016187604, 267.3235841169025662 ) ) ;
#2472 = CARTESIAN_POINT ( 'NONE',  ( -105.1347727374517547, 5.600209807801821427, 283.1716764864248148 ) ) ;
#2473 = VECTOR ( 'NONE', #1754, 1000.000000000000000 ) ;
#2474 = EDGE_CURVE ( 'NONE', #1760, #665, #2492, .T. ) ;
#2475 = AXIS2_PLACEMENT_3D ( 'NONE', #5001, #2174, #1792 ) ;
#2476 = VECTOR ( 'NONE', #1872, 1000.000000000000000 ) ;
#2477 = CARTESIAN_POINT ( 'NONE',  ( -100.2130641889379064, 8.546828554825687263, 275.1544379066506281 ) ) ;
#2478 = CARTESIAN_POINT ( 'NONE',  ( -11.50546899602371553, 6.943196777614107695, 314.7366597704265132 ) ) ;
#2479 = CARTESIAN_POINT ( 'NONE',  ( -103.8443873174256140, 5.103591344571187349, 292.3074590326221482 ) ) ;
#2480 = CARTESIAN_POINT ( 'NONE',  ( -40.11605024635176164, 0.5832325126263768755, 267.0588511449861926 ) ) ;
#2481 = CIRCLE ( 'NONE', #4607, 2.199999999999980194 ) ;
#2482 = VECTOR ( 'NONE', #4060, 1000.000000000000000 ) ;
#2483 = CARTESIAN_POINT ( 'NONE',  ( -104.7350395635176454, 6.388396075373385941, 311.9960824025350234 ) ) ;
#2484 = CARTESIAN_POINT ( 'NONE',  ( -12.62800909129713212, 2.432668594829568764, 312.6064660438044598 ) ) ;
#2485 = ORIENTED_EDGE ( 'NONE', *, *, #4868, .T. ) ;
#2486 = ADVANCED_FACE ( 'NONE', ( #1503 ), #2639, .F. ) ;
#2487 = ADVANCED_FACE ( 'NONE', ( #581 ), #5263, .T. ) ;
#2488 = VECTOR ( 'NONE', #5139, 1000.000000000000114 ) ;
#2489 = CARTESIAN_POINT ( 'NONE',  ( -111.7137717079613424, 3.522111400285000915, 0.1157097103707535185 ) ) ;
#2490 = VECTOR ( 'NONE', #3206, 1000.000000000000000 ) ;
#2491 = CARTESIAN_POINT ( 'NONE',  ( -104.9858259884516087, 7.047838763347167301, 290.6608306444686036 ) ) ;
#2492 = LINE ( 'NONE', #3829, #4608 ) ;
#2493 = ORIENTED_EDGE ( 'NONE', *, *, #6048, .F. ) ;
#2494 = CARTESIAN_POINT ( 'NONE',  ( -104.1628871793079583, 9.545683074924328437, 8.999999999994944488 ) ) ;
#2495 = CARTESIAN_POINT ( 'NONE',  ( -11.63430473294813616, 2.420032376138525620, 309.7489999999995689 ) ) ;
#2496 = ORIENTED_EDGE ( 'NONE', *, *, #4967, .T. ) ;
#2497 = ORIENTED_EDGE ( 'NONE', *, *, #3131, .F. ) ;
#2498 = CARTESIAN_POINT ( 'NONE',  ( -2.102147792640991497, 0.2042955852819804685, 2.711137357760666777 ) ) ;
#2499 = DIRECTION ( 'NONE',  ( -0.9999191579690126508, 0.01271524779706542652, 0.0000000000000000000 ) ) ;
#2500 = EDGE_CURVE ( 'NONE', #4172, #5241, #298, .T. ) ;
#2501 = VERTEX_POINT ( 'NONE', #255 ) ;
#2502 = LINE ( 'NONE', #146, #839 ) ;
#2503 = CARTESIAN_POINT ( 'NONE',  ( -106.1195195882698528, 4.680227231237761742, 280.0280606062611355 ) ) ;
#2504 = CARTESIAN_POINT ( 'NONE',  ( -109.0404516121570282, 12.75871725584465644, 161.8755000000000166 ) ) ;
#2505 = CARTESIAN_POINT ( 'NONE',  ( -104.8275658781825683, 13.89080364359263875, 268.6544379066506281 ) ) ;
#2506 = ORIENTED_EDGE ( 'NONE', *, *, #2967, .T. ) ;
#2507 = CARTESIAN_POINT ( 'NONE',  ( -105.2887561036917390, 6.597681612626510983, 11.49999999999995381 ) ) ;
#2508 = ORIENTED_EDGE ( 'NONE', *, *, #4742, .F. ) ;
#2509 = CARTESIAN_POINT ( 'NONE',  ( -105.1851464518892101, 1.650855100457929492, 268.6544379066506281 ) ) ;
#2510 = CARTESIAN_POINT ( 'NONE',  ( -38.32945051338553810, 2.759495212581044132, 268.2597674738895535 ) ) ;
#2511 = CARTESIAN_POINT ( 'NONE',  ( -9.134506838025702180, 2.388244256645832397, 312.2489999999995121 ) ) ;
#2512 = FACE_OUTER_BOUND ( 'NONE', #4591, .T. ) ;
#2513 = B_SPLINE_CURVE_WITH_KNOTS ( 'NONE', 3,
 ( #39, #5661, #4675, #3828, #5262, #1074, #1905, #1012, #1462, #950, #487, #5688, #2361, #2491, #2422, #4738, #4282, #2939, #2906, #2881 ),
 .UNSPECIFIED., .F., .F.,
 ( 4, 2, 2, 2, 2, 2, 2, 2, 2, 4 ),
 ( 0.0000000000000000000, 0.0006847679564201543086, 0.001369535912840308617, 0.002054303869260463034, 0.002739071825680617234, 0.003423839782100771435, 0.004108607738520926068, 0.004793375694941080269, 0.005135759673151088847, 0.005478143651361098293 ),
 .UNSPECIFIED. ) ;
#2514 = CARTESIAN_POINT ( 'NONE',  ( -13.73580596119975716, 2.446755645364936615, 310.3906931764354340 ) ) ;
#2515 = CARTESIAN_POINT ( 'NONE',  ( -109.0404516121565024, 12.75871725584463157, 318.7499999999999432 ) ) ;
#2516 = EDGE_CURVE ( 'NONE', #3536, #181, #132, .T. ) ;
#2517 = CARTESIAN_POINT ( 'NONE',  ( -112.4840733053136006, 12.92479353811112119, 322.9288388044633962 ) ) ;
#2518 = DIRECTION ( 'NONE',  ( 3.965082230804116415E-15, -1.652117596168381839E-16, 1.000000000000000000 ) ) ;
#2519 = ORIENTED_EDGE ( 'NONE', *, *, #568, .F. ) ;
#2520 = DIRECTION ( 'NONE',  ( 1.000000000000000000, 0.0000000000000000000, 0.0000000000000000000 ) ) ;
#2521 = CARTESIAN_POINT ( 'NONE',  ( -11.49496611690083903, 7.315357331287430931, 314.7481996032065581 ) ) ;
#2522 = ADVANCED_FACE ( 'NONE', ( #3521 ), #3063, .F. ) ;
#2523 = ORIENTED_EDGE ( 'NONE', *, *, #3043, .F. ) ;
#2524 = B_SPLINE_CURVE_WITH_KNOTS ( 'NONE', 3,
 ( #5562, #6035, #4195, #1940, #4164, #894, #3774, #491 ),
 .UNSPECIFIED., .F., .F.,
 ( 4, 2, 2, 4 ),
 ( 0.0000000000000000000, 0.0003905413793411758217, 0.0007810827586823516433, 0.001562165517364821248 ),
 .UNSPECIFIED. ) ;
#2525 = CARTESIAN_POINT ( 'NONE',  ( 0.0000000000000000000, 2.000000000000000000, 322.0931457505077447 ) ) ;
#2526 = EDGE_LOOP ( 'NONE', ( #629, #5836, #6023, #1374 ) ) ;
#2527 =( BOUNDED_CURVE ( )  B_SPLINE_CURVE ( 3, ( #1815, #3222, #3706, #5631 ),
 .UNSPECIFIED., .F., .F. ) 
 B_SPLINE_CURVE_WITH_KNOTS ( ( 4, 4 ),
 ( 0.0000000000000000000, 1.000000000000000000 ),
 .UNSPECIFIED. ) 
 CURVE ( )  GEOMETRIC_REPRESENTATION_ITEM ( )  RATIONAL_B_SPLINE_CURVE ( ( 1.000000000000000000, 0.8047378541243622729, 0.8047378541243622729, 1.000000000000000000 ) ) 
 REPRESENTATION_ITEM ( '' )  );
#2528 = VERTEX_POINT ( 'NONE', #800 ) ;
#2529 = ADVANCED_FACE ( 'NONE', ( #4523 ), #4043, .T. ) ;
#2530 = CARTESIAN_POINT ( 'NONE',  ( -1.884850435641107868E-10, 1.884850435641107868E-10, 3.606800873522070017 ) ) ;
#2531 = CARTESIAN_POINT ( 'NONE',  ( -1.807315091076573621, 3.995356370322071804, 322.2499999999994884 ) ) ;
#2532 = ORIENTED_EDGE ( 'NONE', *, *, #4664, .F. ) ;
#2533 = CARTESIAN_POINT ( 'NONE',  ( -111.6656410625896427, 3.995356370322072248, 314.3499999999999659 ) ) ;
#2534 = CARTESIAN_POINT ( 'NONE',  ( -113.8368672249492448, 12.99003502073165883, 2.705133978162906239 ) ) ;
#2535 = CARTESIAN_POINT ( 'NONE',  ( -112.6566621800097465, 2.108091708416215404, 0.4188372000744824963 ) ) ;
#2536 = ORIENTED_EDGE ( 'NONE', *, *, #724, .F. ) ;
#2537 = CARTESIAN_POINT ( 'NONE',  ( -3.269306486040842064, 0.8767006227391213047, 1.500999999998128942 ) ) ;
#2538 = ORIENTED_EDGE ( 'NONE', *, *, #5238, .F. ) ;
#2539 = DIRECTION ( 'NONE',  ( 3.965082230804116415E-15, -1.652117596168381839E-16, 1.000000000000000000 ) ) ;
#2540 = CARTESIAN_POINT ( 'NONE',  ( -7.344533915294348958, 3.995356370322071804, 161.8754999999996755 ) ) ;
#2541 = DIRECTION ( 'NONE',  ( 1.000000000000000000, 0.0000000000000000000, -9.251858538542962756E-15 ) ) ;
#2542 = FACE_OUTER_BOUND ( 'NONE', #3054, .T. ) ;
#2543 = CARTESIAN_POINT ( 'NONE',  ( -104.2059682366382702, 4.584183419174168606, 291.3595839703153842 ) ) ;
#2544 = CARTESIAN_POINT ( 'NONE',  ( -1.886711316801175542, 0.002407160215457410362, 159.8223453529216727 ) ) ;
#2545 = CARTESIAN_POINT ( 'NONE',  ( -40.84378514510257929, 0.5839443075490371449, 290.5225692820010295 ) ) ;
#2546 = CARTESIAN_POINT ( 'NONE',  ( -103.2053358352309971, 3.584474863533589239, 311.2134660940669164 ) ) ;
#2547 = FACE_OUTER_BOUND ( 'NONE', #1561, .T. ) ;
#2548 = CARTESIAN_POINT ( 'NONE',  ( -100.2130641889379064, 8.546828554825687263, 274.1544379066506281 ) ) ;
#2549 = DIRECTION ( 'NONE',  ( 0.5004356563159415572, 0.0000000000000000000, 0.8657737313453398587 ) ) ;
#2550 = B_SPLINE_CURVE_WITH_KNOTS ( 'NONE', 3,
 ( #765, #3486, #3975, #670 ),
 .UNSPECIFIED., .F., .F.,
 ( 4, 4 ),
 ( 0.8791864796032374807, 0.8985421484867356368 ),
 .UNSPECIFIED. ) ;
#2551 = CARTESIAN_POINT ( 'NONE',  ( -7.344533915294841897, 3.995356370322071804, 5.000999999999672596 ) ) ;
#2552 = EDGE_CURVE ( 'NONE', #2713, #2031, #2748, .T. ) ;
#2553 = CARTESIAN_POINT ( 'NONE',  ( -105.1978088487354768, 9.583333864162248972, 11.49999999999995381 ) ) ;
#2554 = VERTEX_POINT ( 'NONE', #1358 ) ;
#2555 = ORIENTED_EDGE ( 'NONE', *, *, #3162, .F. ) ;
#2556 = CARTESIAN_POINT ( 'NONE',  ( -114.5055150498017298, 7.980992832915676516, 275.2550770031576803 ) ) ;
#2557 = DIRECTION ( 'NONE',  ( 3.408894374718763654E-15, -1.845763451624372836E-16, 1.000000000000000000 ) ) ;
#2558 = ORIENTED_EDGE ( 'NONE', *, *, #453, .T. ) ;
#2559 = EDGE_CURVE ( 'NONE', #5038, #2611, #2252, .T. ) ;
#2560 = FACE_OUTER_BOUND ( 'NONE', #4093, .T. ) ;
#2561 = EDGE_CURVE ( 'NONE', #2064, #3532, #1725, .T. ) ;
#2562 = CARTESIAN_POINT ( 'NONE',  ( -105.0539410357476839, 12.56645895492219900, 11.49999999999995381 ) ) ;
#2563 =( BOUNDED_SURFACE ( )  B_SPLINE_SURFACE ( 3, 2, ( 
 ( #992, #2320, #4270 ),
 ( #3757, #2833, #448 ),
 ( #5125, #5154, #5674 ),
 ( #4690, #4206, #503 ),
 ( #474, #19, #5575 ),
 ( #1920, #3266, #5220 ),
 ( #1386, #4177, #964 ),
 ( #3786, #4659, #1887 ),
 ( #4753, #564, #2378 ),
 ( #4241, #6020, #1447 ),
 ( #1826, #3324, #5551 ),
 ( #2866, #2409, #3235 ),
 ( #80, #1577, #180 ),
 ( #3051, #2535, #4908 ),
 ( #2564, #2464, #210 ),
 ( #4297, #1548, #5276 ),
 ( #5248, #3420, #3481 ),
 ( #1979, #5372, #2048 ),
 ( #5743, #3882, #5313 ),
 ( #3446, #663, #4390 ) ),
 .UNSPECIFIED., .F., .F., .F. ) 
 B_SPLINE_SURFACE_WITH_KNOTS ( ( 4, 2, 2, 2, 2, 2, 2, 2, 2, 4 ),
 ( 3, 3 ),
 ( 0.0000000000000000000, 0.0004799641762786121374, 0.0007199462644179181791, 0.0009599283525572242749, 0.001199910440696530262, 0.001439892528835836358, 0.001919856705114448550, 0.002399820881393060525, 0.002879785057671672716, 0.003839713410228897100 ),
 ( 0.0000000000000000000, 1.000000000000000000 ),
 .UNSPECIFIED. ) 
 GEOMETRIC_REPRESENTATION_ITEM ( )  RATIONAL_B_SPLINE_SURFACE ( (
 ( 1.000000000000000000, 0.7008090614130750851, 1.000000000000000000),
 ( 1.000000000000000000, 0.7007906210055800944, 1.000000000000000000),
 ( 1.000000000000000000, 0.7080165146607112492, 1.000000000000000000),
 ( 1.000000000000000000, 0.7270029034472259566, 1.000000000000000000),
 ( 1.000000000000000000, 0.7346439130388210392, 1.000000000000000000),
 ( 1.000000000000000000, 0.7514246397564595670, 1.000000000000000000),
 ( 1.000000000000000000, 0.7606124743840755320, 1.000000000000000000),
 ( 1.000000000000000000, 0.7799544311730591817, 1.000000000000000000),
 ( 1.000000000000000000, 0.7901313933046992810, 1.000000000000000000),
 ( 1.000000000000000000, 0.8104231272438758849, 1.000000000000000000),
 ( 1.000000000000000000, 0.8206040697610892387, 1.000000000000000000),
 ( 1.000000000000000000, 0.8507365830079838265, 1.000000000000000000),
 ( 1.000000000000000000, 0.8704072424780652240, 1.000000000000000000),
 ( 1.000000000000000000, 0.9060852000881493007, 1.000000000000000000),
 ( 1.000000000000000000, 0.9220617098642014398, 1.000000000000000000),
 ( 1.000000000000000000, 0.9498544995515947331, 1.000000000000000000),
 ( 1.000000000000000000, 0.9616978294209332923, 1.000000000000000000),
 ( 1.000000000000000000, 0.9903845051532780275, 1.000000000000000000),
 ( 1.000000000000000000, 0.9999535776358042805, 1.000000000000000000),
 ( 1.000000000000000000, 1.000000000000000000, 1.000000000000000000) ) ) 
 REPRESENTATION_ITEM ( '' )  SURFACE ( )  );
#2564 = CARTESIAN_POINT ( 'NONE',  ( -112.9163653464369190, 2.942096037216300086, 0.6330435575613699850 ) ) ;
#2565 = EDGE_LOOP ( 'NONE', ( #5409, #715, #4852, #3541 ) ) ;
#2566 = DIRECTION ( 'NONE',  ( 0.9988390925805179510, -0.04817122723086528918, -1.028962663250115345E-14 ) ) ;
#2567 = ORIENTED_EDGE ( 'NONE', *, *, #5482, .T. ) ;
#2568 = CARTESIAN_POINT ( 'NONE',  ( -7.165051494983972979, 3.995356370322071804, 315.2499999999996021 ) ) ;
#2569 = CARTESIAN_POINT ( 'NONE',  ( -105.9590161994467223, 3.995356370322071804, 323.7500000000006821 ) ) ;
#2570 = CARTESIAN_POINT ( 'NONE',  ( -105.2007761474120713, 8.065269550457317749, 275.1719545691101416 ) ) ;
#2571 = CARTESIAN_POINT ( 'NONE',  ( -124.0640353537167897, 9.478613825672505655, 275.1544379066507418 ) ) ;
#2572 = CARTESIAN_POINT ( 'NONE',  ( -114.7188489735437429, 0.08019201046773584418, 320.7117610355263650 ) ) ;
#2573 = CARTESIAN_POINT ( 'NONE',  ( -104.6294169001674277, 6.195729932926694161, 291.4884444130786960 ) ) ;
#2574 = CARTESIAN_POINT ( 'NONE',  ( -40.11306768434532444, 1.579956052948295664, 267.0562434173129418 ) ) ;
#2575 = CARTESIAN_POINT ( 'NONE',  ( -41.08183798170217216, 1.583483751295283515, 291.6544379066506849 ) ) ;
#2576 = CARTESIAN_POINT ( 'NONE',  ( -105.2126599787828383, 8.610404793811097690, 312.2489999999995689 ) ) ;
#2577 = VECTOR ( 'NONE', #1077, 1000.000000000000000 ) ;
#2578 = AXIS2_PLACEMENT_3D ( 'NONE', #3404, #1998, #1458 ) ;
#2579 = CARTESIAN_POINT ( 'NONE',  ( -103.8910415838370511, 4.101419340078574116, 266.7879115755194448 ) ) ;
#2580 = VECTOR ( 'NONE', #5320, 1000.000000000000114 ) ;
#2581 = CARTESIAN_POINT ( 'NONE',  ( -40.45702541856122281, 1.581209846594132440, 291.4520624536325499 ) ) ;
#2582 = VECTOR ( 'NONE', #3117, 1000.000000000000000 ) ;
#2583 = DIRECTION ( 'NONE',  ( 0.9999995216640081841, -0.0009780959844829519804, -6.938933002936175847E-14 ) ) ;
#2584 = AXIS2_PLACEMENT_3D ( 'NONE', #1277, #903, #2315 ) ;
#2585 = AXIS2_PLACEMENT_3D ( 'NONE', #835, #1752, #423 ) ;
#2586 = VECTOR ( 'NONE', #5940, 999.9999999999998863 ) ;
#2587 = CARTESIAN_POINT ( 'NONE',  ( -8.996714391951293521, 7.257369485015553678, 312.2485997969341724 ) ) ;
#2588 = ORIENTED_EDGE ( 'NONE', *, *, #5751, .T. ) ;
#2589 = ORIENTED_EDGE ( 'NONE', *, *, #453, .F. ) ;
#2590 = EDGE_CURVE ( 'NONE', #3371, #3158, #5093, .T. ) ;
#2591 = CARTESIAN_POINT ( 'NONE',  ( -1.249127299186579609, 1.249127299186579609, 0.9984525401314851001 ) ) ;
#2592 = CARTESIAN_POINT ( 'NONE',  ( -8.838729757921425900, 0.0000000000000000000, 159.8547740578359821 ) ) ;
#2593 = EDGE_LOOP ( 'NONE', ( #3345, #3024, #1080, #6014 ) ) ;
#2594 = CARTESIAN_POINT ( 'NONE',  ( -11.49496611690186398, 7.315357331287516196, 9.000800396792795866 ) ) ;
#2595 = DIRECTION ( 'NONE',  ( -0.9999191579690125398, 0.01271524779707759040, 0.0000000000000000000 ) ) ;
#2596 = DIRECTION ( 'NONE',  ( 0.8662767110661351300, 0.0000000000000000000, 0.4995644701782139818 ) ) ;
#2597 = ORIENTED_EDGE ( 'NONE', *, *, #2909, .F. ) ;
#2598 = FACE_OUTER_BOUND ( 'NONE', #4355, .T. ) ;
#2599 = EDGE_LOOP ( 'NONE', ( #4942, #1520, #4804, #5746 ) ) ;
#2600 = EDGE_CURVE ( 'NONE', #3179, #181, #5972, .T. ) ;
#2601 = CARTESIAN_POINT ( 'NONE',  ( -104.9836745729887753, 6.660103920956342627, 267.9430920765086626 ) ) ;
#2602 = FACE_OUTER_BOUND ( 'NONE', #5477, .T. ) ;
#2603 = B_SPLINE_CURVE_WITH_KNOTS ( 'NONE', 3,
 ( #3480, #4361, #3997, #3509, #5343, #4329, #1676, #3020, #2142, #2503, #147, #4877 ),
 .UNSPECIFIED., .F., .F.,
 ( 4, 2, 2, 2, 2, 4 ),
 ( 0.0000000000000000000, 0.0006566764191809608018, 0.001313352838361921604, 0.002626705676723751701, 0.003940058515085581581, 0.005253411353447411461 ),
 .UNSPECIFIED. ) ;
#2604 = CARTESIAN_POINT ( 'NONE',  ( -104.1861368306290956, 0.6458992370158401775, 268.6544379066506281 ) ) ;
#2605 = CARTESIAN_POINT ( 'NONE',  ( -105.4169350090415378, 3.995356370322071804, 318.7500000000017621 ) ) ;
#2606 =( BOUNDED_CURVE ( )  B_SPLINE_CURVE ( 3, ( #4078, #5947, #3696, #1807 ),
 .UNSPECIFIED., .F., .F. ) 
 B_SPLINE_CURVE_WITH_KNOTS ( ( 4, 4 ),
 ( 4.827469546418573287, 5.127729865509779827 ),
 .UNSPECIFIED. ) 
 CURVE ( )  GEOMETRIC_REPRESENTATION_ITEM ( )  RATIONAL_B_SPLINE_CURVE ( ( 1.000000000000000000, 0.9925010791740283000, 0.9925010791740283000, 1.000000000000000000 ) ) 
 REPRESENTATION_ITEM ( '' )  );
#2607 = CARTESIAN_POINT ( 'NONE',  ( -114.4591936663791216, 2.186306806650030410, 321.2821803687758120 ) ) ;
#2608 = CARTESIAN_POINT ( 'NONE',  ( -105.0720310787834819, 7.167842456209918112, 289.9818745984272823 ) ) ;
#2609 = DIRECTION ( 'NONE',  ( 0.0000000000000000000, 0.0000000000000000000, 1.000000000000000000 ) ) ;
#2610 = PLANE ( 'NONE',  #3844 ) ;
#2611 = VERTEX_POINT ( 'NONE', #4076 ) ;
#2612 = CARTESIAN_POINT ( 'NONE',  ( -39.34343311931021958, 1.577143931116116393, 289.9175515110538868 ) ) ;
#2613 = CARTESIAN_POINT ( 'NONE',  ( -103.1851512589931161, 1.644920654915599245, 291.6544379066506849 ) ) ;
#2614 = EDGE_CURVE ( 'NONE', #665, #3606, #6022, .T. ) ;
#2615 = DIRECTION ( 'NONE',  ( -0.8662767110661316883, 0.0000000000000000000, -0.4995644701782201436 ) ) ;
#2616 = FACE_OUTER_BOUND ( 'NONE', #3999, .T. ) ;
#2617 = CARTESIAN_POINT ( 'NONE',  ( -111.5021087164126072, 2.466256194336563734, 0.2988108911791903521 ) ) ;
#2618 = CARTESIAN_POINT ( 'NONE',  ( -106.1149785589951335, 11.32493448478207121, 275.1544379066506281 ) ) ;
#2619 = CARTESIAN_POINT ( 'NONE',  ( -102.7117101681772340, 8.629097133401382180, 314.7489999999998531 ) ) ;
#2620 = DIRECTION ( 'NONE',  ( 3.408894374718763654E-15, -1.845763451624372836E-16, 1.000000000000000000 ) ) ;
#2621 = ORIENTED_EDGE ( 'NONE', *, *, #1562, .T. ) ;
#2622 = ORIENTED_EDGE ( 'NONE', *, *, #2159, .T. ) ;
#2623 = CARTESIAN_POINT ( 'NONE',  ( -13.99305037253553330, 7.450431079083967845, 161.8744999999995855 ) ) ;
#2624 = CARTESIAN_POINT ( 'NONE',  ( -5.173386177220856474, 3.995356370322071804, 325.6956607797318384 ) ) ;
#2625 = VERTEX_POINT ( 'NONE', #4600 ) ;
#2626 = CARTESIAN_POINT ( 'NONE',  ( -41.34196608152250008, 1.797722342850318400, 265.6544379066506849 ) ) ;
#2627 = CARTESIAN_POINT ( 'NONE',  ( -102.8803493399366573, 4.311310305751191230, 265.6544379066505144 ) ) ;
#2628 = VERTEX_POINT ( 'NONE', #5502 ) ;
#2629 = CARTESIAN_POINT ( 'NONE',  ( -39.59489263517641433, 1.770809580547348272, 267.6469676340773844 ) ) ;
#2630 = EDGE_LOOP ( 'NONE', ( #4089, #4033, #995, #966, #1669, #1040, #689 ) ) ;
#2631 = CARTESIAN_POINT ( 'NONE',  ( -38.72503922689170963, 2.764525627767973504, 291.1562928695220762 ) ) ;
#2632 = DIRECTION ( 'NONE',  ( 0.0000000000000000000, -0.2491308442336175599, -0.9684698355919223456 ) ) ;
#2633 = CARTESIAN_POINT ( 'NONE',  ( -1.807315091076553193, 3.995356370322071804, 315.2499999999999432 ) ) ;
#2634 = CARTESIAN_POINT ( 'NONE',  ( -97.17107355741903518, 0.0000000000000000000, 158.7172774756432716 ) ) ;
#2635 = EDGE_CURVE ( 'NONE', #57, #4114, #4334, .T. ) ;
#2636 = CARTESIAN_POINT ( 'NONE',  ( -114.1519132080635615, 0.6391845741337137676, 322.0264879928311075 ) ) ;
#2637 = CARTESIAN_POINT ( 'NONE',  ( -3.476504225844363027, 2.953008451691574443, 323.6458907021701634 ) ) ;
#2638 = CARTESIAN_POINT ( 'NONE',  ( -39.43631350231530774, 2.773570387627942502, 290.2970807903597006 ) ) ;
#2639 = CYLINDRICAL_SURFACE ( 'NONE', #829, 0.9999999999999996669 ) ;
#2640 = ORIENTED_EDGE ( 'NONE', *, *, #1851, .F. ) ;
#2641 = FACE_OUTER_BOUND ( 'NONE', #5303, .T. ) ;
#2642 = LINE ( 'NONE', #4500, #1994 ) ;
#2643 = CARTESIAN_POINT ( 'NONE',  ( -105.1129002011315521, 7.551033870359938227, 274.3154313336124233 ) ) ;
#2644 = CARTESIAN_POINT ( 'NONE',  ( -104.1209589252064944, 4.442291335161567822, 266.8979328642167843 ) ) ;
#2645 = EDGE_CURVE ( 'NONE', #3574, #3705, #5332, .T. ) ;
#2646 = CARTESIAN_POINT ( 'NONE',  ( -109.0404516121575682, 12.75871725584468308, 5.001000000000005663 ) ) ;
#2647 = CARTESIAN_POINT ( 'NONE',  ( -105.1158941431011868, 11.28185008267180045, 274.1544379063997781 ) ) ;
#2648 = CARTESIAN_POINT ( 'NONE',  ( -105.0659988181460562, 7.126770468587193541, 290.0231143076591138 ) ) ;
#2649 = CARTESIAN_POINT ( 'NONE',  ( -105.1129002011315094, 7.551033870359978195, 289.6544379066511965 ) ) ;
#2650 = ORIENTED_EDGE ( 'NONE', *, *, #4113, .T. ) ;
#2651 = EDGE_LOOP ( 'NONE', ( #4975, #1146 ) ) ;
#2652 = CARTESIAN_POINT ( 'NONE',  ( -107.2039519418826075, 0.3039356790801884256, 321.5336171427803720 ) ) ;
#2653 = CARTESIAN_POINT ( 'NONE',  ( -40.11306334391986184, 1.579956037100361588, 267.0562467575415440 ) ) ;
#2654 = VERTEX_POINT ( 'NONE', #4580 ) ;
#2655 = CARTESIAN_POINT ( 'NONE',  ( -83.36874858870622518, 3.995356370322071804, 370.8942456899567901 ) ) ;
#2656 = LINE ( 'NONE', #4451, #2862 ) ;
#2657 = VERTEX_POINT ( 'NONE', #910 ) ;
#2658 = ORIENTED_EDGE ( 'NONE', *, *, #1210, .F. ) ;
#2659 = CARTESIAN_POINT ( 'NONE',  ( -104.7851360031035881, 6.515044244599874190, 267.1064114160415102 ) ) ;
#2660 = CYLINDRICAL_SURFACE ( 'NONE', #4138, 4.000000000000000000 ) ;
#2661 = CARTESIAN_POINT ( 'NONE',  ( -4.961418165267128089, 7.739275378388495774, 161.8754999999996755 ) ) ;
#2662 = CARTESIAN_POINT ( 'NONE',  ( -104.1883581734753648, 0.6459014097033202173, 266.9164405787225860 ) ) ;
#2663 = CARTESIAN_POINT ( 'NONE',  ( -105.0539410358772017, 12.56645895221429754, 313.7134660940670869 ) ) ;
#2664 = CARTESIAN_POINT ( 'NONE',  ( -105.2189095092668367, 8.118945603782401932, 9.000000000121717747 ) ) ;
#2665 = CARTESIAN_POINT ( 'NONE',  ( -38.48258938972907828, 2.761442568769343353, 290.6209080300062624 ) ) ;
#2666 = B_SPLINE_CURVE_WITH_KNOTS ( 'NONE', 3,
 ( #1229, #3187, #5045, #3589 ),
 .UNSPECIFIED., .F., .F.,
 ( 4, 4 ),
 ( 0.7962031240562985612, 0.9240077912028020757 ),
 .UNSPECIFIED. ) ;
#2667 = DIRECTION ( 'NONE',  ( 3.965240030403315899E-15, -3.878387206434735664E-18, 1.000000000000000000 ) ) ;
#2668 = ORIENTED_EDGE ( 'NONE', *, *, #2180, .T. ) ;
#2669 = CARTESIAN_POINT ( 'NONE',  ( -105.1129002011242335, 7.551033870322021002, 161.8744999999998697 ) ) ;
#2670 = DIRECTION ( 'NONE',  ( 0.04817122723086528918, 0.9988390925805179510, -0.0000000000000000000 ) ) ;
#2671 = EDGE_CURVE ( 'NONE', #4986, #4692, #2286, .T. ) ;
#2672 = APPROVAL_STATUS ( 'not_yet_approved' ) ;
#2673 = CARTESIAN_POINT ( 'NONE',  ( -114.7120313748054485, 4.008506407753948508, 279.1544379066506849 ) ) ;
#2674 = VECTOR ( 'NONE', #1322, 1000.000000000000000 ) ;
#2675 = EDGE_CURVE ( 'NONE', #2257, #2985, #398, .T. ) ;
#2676 = CARTESIAN_POINT ( 'NONE',  ( -105.1679960305257424, 3.597055365082785894, 279.7071105954721588 ) ) ;
#2677 = EDGE_CURVE ( 'NONE', #4236, #5038, #5695, .T. ) ;
#2678 = VECTOR ( 'NONE', #5478, 1000.000000000000227 ) ;
#2679 = AXIS2_PLACEMENT_3D ( 'NONE', #2515, #5785, #3003 ) ;
#2680 = CIRCLE ( 'NONE', #33, 6.000000000000005329 ) ;
#2681 = CARTESIAN_POINT ( 'NONE',  ( -1.999999999999994005, 0.0000000000000000000, 163.9939190199032453 ) ) ;
#2682 = LINE ( 'NONE', #4538, #6005 ) ;
#2683 = ORIENTED_EDGE ( 'NONE', *, *, #4308, .T. ) ;
#2684 = ORIENTED_EDGE ( 'NONE', *, *, #1381, .F. ) ;
#2685 = VECTOR ( 'NONE', #1591, 1000.000000000000000 ) ;
#2686 = CARTESIAN_POINT ( 'NONE',  ( -104.4180057765199336, 0.6461260272096804869, 291.2545941462774408 ) ) ;
#2687 = CARTESIAN_POINT ( 'NONE',  ( -114.7024207902005912, 4.274958124191128306, 277.5419583044583192 ) ) ;
#2688 = EDGE_LOOP ( 'NONE', ( #83, #2825, #2073, #12 ) ) ;
#2689 = ADVANCED_FACE ( 'NONE', ( #2297 ), #5552, .T. ) ;
#2690 = CARTESIAN_POINT ( 'NONE',  ( -5.141976950577250349, 3.995356370322071804, 165.9169518843244759 ) ) ;
#2691 = VECTOR ( 'NONE', #2387, 1000.000000000000000 ) ;
#2692 = CARTESIAN_POINT ( 'NONE',  ( -105.0292038010942974, 7.197161580682291948, 267.8199095024364738 ) ) ;
#2693 = ORIENTED_EDGE ( 'NONE', *, *, #4647, .F. ) ;
#2694 = ORIENTED_EDGE ( 'NONE', *, *, #4949, .F. ) ;
#2695 = CARTESIAN_POINT ( 'NONE',  ( -103.8661657687109994, 4.067652269737626725, 266.7781112218094677 ) ) ;
#2696 = DIRECTION ( 'NONE',  ( -0.04817122723086528918, -0.9988390925805179510, 0.0000000000000000000 ) ) ;
#2697 =( BOUNDED_SURFACE ( )  B_SPLINE_SURFACE ( 3, 3, ( 
 ( #155, #2023, #3270, #969, #116, #2809 ),
 ( #24, #1894, #1986, #1064, #4303, #1425 ),
 ( #5159, #2839, #3856, #508, #2385, #60 ),
 ( #5715, #3792, #1525, #5650, #1452, #2511 ) ),
 .UNSPECIFIED., .F., .F., .F. ) 
 B_SPLINE_SURFACE_WITH_KNOTS ( ( 4, 4 ),
 ( 4, 2, 4 ),
 ( 0.0000000000000000000, 1.000000000000000000 ),
 ( 0.0000000000000000000, 0.1515543800034849509, 1.000000000000000000 ),
 .UNSPECIFIED. ) 
 GEOMETRIC_REPRESENTATION_ITEM ( )  RATIONAL_B_SPLINE_SURFACE ( (
 ( 1.000000000000000000, 1.000000000000000000, 1.000000000000000000, 1.000000000000000000, 1.000000000000000000, 1.000000000000000000),
 ( 0.8047378541243622729, 0.8047378541243622729, 0.8047378541243622729, 0.8047378541243622729, 0.8047378541243622729, 0.8047378541243622729),
 ( 0.8047378541243622729, 0.8047378541243622729, 0.8047378541243622729, 0.8047378541243622729, 0.8047378541243622729, 0.8047378541243622729),
 ( 1.000000000000000000, 1.000000000000000000, 1.000000000000000000, 1.000000000000000000, 1.000000000000000000, 1.000000000000000000) ) ) 
 REPRESENTATION_ITEM ( '' )  SURFACE ( )  );
#2698 = CARTESIAN_POINT ( 'NONE',  ( -103.7954101368604540, 0.6455170686228337562, 267.8587947971833501 ) ) ;
#2699 = CARTESIAN_POINT ( 'NONE',  ( -114.3102512919126923, 2.259852505909548892, 321.6122476674042332 ) ) ;
#2700 = CARTESIAN_POINT ( 'NONE',  ( -102.6056729259631624, 6.966045075207919268, 9.255369479963786006 ) ) ;
#2701 = CARTESIAN_POINT ( 'NONE',  ( -38.32945050852324442, 2.759495212519210039, 289.6544379066506849 ) ) ;
#2702 = DIRECTION ( 'NONE',  ( -1.000000000000000000, 0.0000000000000000000, 0.0000000000000000000 ) ) ;
#2703 = ORIENTED_EDGE ( 'NONE', *, *, #5053, .T. ) ;
#2704 = DIRECTION ( 'NONE',  ( -1.000000000000000000, 0.0000000000000000000, 0.0000000000000000000 ) ) ;
#2705 = CARTESIAN_POINT ( 'NONE',  ( -112.7643120787221847, 0.0000000000000000000, 323.7500000000000000 ) ) ;
#2706 = COORDINATED_UNIVERSAL_TIME_OFFSET ( 0, 0, .AHEAD. ) ;
#2707 = CARTESIAN_POINT ( 'NONE',  ( -113.5104297941949341, 7.935011850005206036, 283.0208622029578578 ) ) ;
#2708 = DIRECTION ( 'NONE',  ( -0.5004356563159404470, 0.0000000000000000000, -0.8657737313453405248 ) ) ;
#2709 = ADVANCED_FACE ( 'NONE', ( #1805 ), #4497, .T. ) ;
#2710 = FACE_OUTER_BOUND ( 'NONE', #2800, .T. ) ;
#2711 = FACE_OUTER_BOUND ( 'NONE', #5765, .T. ) ;
#2712 = VERTEX_POINT ( 'NONE', #4556 ) ;
#2713 = VERTEX_POINT ( 'NONE', #374 ) ;
#2714 = CARTESIAN_POINT ( 'NONE',  ( -105.1851464519067605, 1.650855100546436915, 289.9160302508307154 ) ) ;
#2715 = CARTESIAN_POINT ( 'NONE',  ( -105.1158944058801268, 11.28184463387115777, 312.2489999999998531 ) ) ;
#2716 = CARTESIAN_POINT ( 'NONE',  ( -39.34343311930973641, 1.577143931193279114, 289.6544379066506849 ) ) ;
#2717 = VERTEX_POINT ( 'NONE', #504 ) ;
#2718 = ORIENTED_EDGE ( 'NONE', *, *, #2436, .T. ) ;
#2719 = DIRECTION ( 'NONE',  ( -0.04817122723086528918, -0.9988390925805179510, 0.0000000000000000000 ) ) ;
#2720 = CARTESIAN_POINT ( 'NONE',  ( -9.188126039396339095, 3.995356370322071804, 5.001000000002974843 ) ) ;
#2721 = DIRECTION ( 'NONE',  ( 0.8662767110661316883, 0.0000000000000000000, 0.4995644701782200880 ) ) ;
#2722 = CARTESIAN_POINT ( 'NONE',  ( -41.34249323546902843, 1.726625964851883355, 266.6544379066506849 ) ) ;
#2723 = CARTESIAN_POINT ( 'NONE',  ( -2.770906554907969888, 1.541813109819606398, 322.9486673593119690 ) ) ;
#2724 = CARTESIAN_POINT ( 'NONE',  ( -40.00910904456810613, 2.780854213722579349, 291.1576915537588661 ) ) ;
#2725 = CARTESIAN_POINT ( 'NONE',  ( -113.0282464483294405, 0.01308287230768153536, 159.7792523272021299 ) ) ;
#2726 = VERTEX_POINT ( 'NONE', #938 ) ;
#2727 = CARTESIAN_POINT ( 'NONE',  ( -87.89407395230497855, 0.0000000000000000000, 274.1013958489188553 ) ) ;
#2728 = CARTESIAN_POINT ( 'NONE',  ( -39.34418722376914701, 3.518175385115935860, 268.6544379066506849 ) ) ;
#2729 = CARTESIAN_POINT ( 'NONE',  ( -114.5293673211223080, 7.620969790403229638, 282.9052218436915496 ) ) ;
#2730 = LINE ( 'NONE', #5199, #2488 ) ;
#2731 = CARTESIAN_POINT ( 'NONE',  ( -9.011840717085544128, 6.911487112660075205, 11.50617011478891172 ) ) ;
#2732 = B_SPLINE_CURVE_WITH_KNOTS ( 'NONE', 3,
 ( #1363, #4529, #1860, #890 ),
 .UNSPECIFIED., .F., .F.,
 ( 4, 4 ),
 ( 8.470329472543002450E-22, 0.0002743867040463536587 ),
 .UNSPECIFIED. ) ;
#2733 = ORIENTED_EDGE ( 'NONE', *, *, #2635, .T. ) ;
#2734 = FACE_OUTER_BOUND ( 'NONE', #285, .T. ) ;
#2735 = EDGE_CURVE ( 'NONE', #3357, #2020, #971, .T. ) ;
#2736 = CARTESIAN_POINT ( 'NONE',  ( -74.63417798836709949, 0.0000000000000000000, 197.7976943920669157 ) ) ;
#2737 = CARTESIAN_POINT ( 'NONE',  ( -105.2170071981896768, 8.242520164147196127, 284.1544379066506849 ) ) ;
#2738 = ORIENTED_EDGE ( 'NONE', *, *, #5202, .F. ) ;
#2739 = EDGE_LOOP ( 'NONE', ( #4682, #1609, #268, #315 ) ) ;
#2740 = CARTESIAN_POINT ( 'NONE',  ( -103.4667003323902321, 3.596643842293994364, 266.6717854778762558 ) ) ;
#2741 = CARTESIAN_POINT ( 'NONE',  ( -105.1851464518891532, 1.650855100457928160, 289.6544379066506849 ) ) ;
#2742 = EDGE_CURVE ( 'NONE', #5440, #5203, #5963, .T. ) ;
#2743 = EDGE_CURVE ( 'NONE', #5062, #4288, #1748, .T. ) ;
#2744 = CARTESIAN_POINT ( 'NONE',  ( -103.7096616572482901, 0.6454331983381998983, 266.7053785215412063 ) ) ;
#2745 = CARTESIAN_POINT ( 'NONE',  ( -110.9419300158267987, 3.552216045176045167, 323.7500000000000000 ) ) ;
#2746 = CARTESIAN_POINT ( 'NONE',  ( -101.2693236353543682, 3.625379291206848986, 13.00640339064854878 ) ) ;
#2747 = CARTESIAN_POINT ( 'NONE',  ( -38.63299757511581589, 2.763355200738297768, 290.9840525495619659 ) ) ;
#2748 = LINE ( 'NONE', #863, #240 ) ;
#2749 = ORIENTED_EDGE ( 'NONE', *, *, #2816, .T. ) ;
#2750 = CARTESIAN_POINT ( 'NONE',  ( -39.34213890066337882, 1.766904805648899845, 289.6544379066506849 ) ) ;
#2751 = CARTESIAN_POINT ( 'NONE',  ( -41.08560277283896767, 1.584181306849046678, 291.6544379066506849 ) ) ;
#2752 = CARTESIAN_POINT ( 'NONE',  ( -105.9590161994478450, 3.995356370322071804, 159.8547740578347600 ) ) ;
#2753 =( BOUNDED_CURVE ( )  B_SPLINE_CURVE ( 3, ( #5823, #3499, #3597, #4052 ),
 .UNSPECIFIED., .F., .T. ) 
 B_SPLINE_CURVE_WITH_KNOTS ( ( 4, 4 ),
 ( 4.120499656940616262, 4.795631189877277656 ),
 .UNSPECIFIED. ) 
 CURVE ( )  GEOMETRIC_REPRESENTATION_ITEM ( )  RATIONAL_B_SPLINE_CURVE ( ( 1.000000000000000000, 0.9623757713647044243, 0.9623757713647044243, 1.000000000000000000 ) ) 
 REPRESENTATION_ITEM ( '' )  );
#2754 = EDGE_CURVE ( 'NONE', #4109, #3681, #4255, .T. ) ;
#2755 = CIRCLE ( 'NONE', #4614, 2.499999999999999556 ) ;
#2756 = LINE ( 'NONE', #4135, #899 ) ;
#2757 = VECTOR ( 'NONE', #4188, 1000.000000000000000 ) ;
#2758 = CARTESIAN_POINT ( 'NONE',  ( -106.1882192376679370, 0.0000000000000000000, 3.999999999999976019 ) ) ;
#2759 = ORIENTED_EDGE ( 'NONE', *, *, #4749, .T. ) ;
#2760 = CARTESIAN_POINT ( 'NONE',  ( -104.0461810239506235, 12.96631111089941513, 291.6544379066506849 ) ) ;
#2761 = AXIS2_PLACEMENT_3D ( 'NONE', #5429, #1289, #780 ) ;
#2762 = VECTOR ( 'NONE', #1655, 1000.000000000000000 ) ;
#2763 = CARTESIAN_POINT ( 'NONE',  ( -107.2605271331458141, 3.995356370322072248, 166.2755000000000223 ) ) ;
#2764 = CARTESIAN_POINT ( 'NONE',  ( -113.6092632885389548, 6.326513973301049809, 276.1423037400415978 ) ) ;
#2765 = AXIS2_PLACEMENT_3D ( 'NONE', #5016, #1361, #2351 ) ;
#2766 = ADVANCED_FACE ( 'NONE', ( #993, #3815, #1479, #2896, #4299, #449, #4178 ), #112, .F. ) ;
#2767 = VECTOR ( 'NONE', #3236, 1000.000000000000000 ) ;
#2768 = ORIENTED_EDGE ( 'NONE', *, *, #4750, .T. ) ;
#2769 = ORIENTED_EDGE ( 'NONE', *, *, #603, .T. ) ;
#2770 = CARTESIAN_POINT ( 'NONE',  ( -114.6766424363864445, 5.021236986502357169, 279.1544379066506849 ) ) ;
#2771 = LINE ( 'NONE', #5570, #726 ) ;
#2772 = EDGE_LOOP ( 'NONE', ( #1079, #4379, #5830, #245 ) ) ;
#2773 = CIRCLE ( 'NONE', #1592, 5.000000000000004441 ) ;
#2774 = CARTESIAN_POINT ( 'NONE',  ( -105.1901225215017917, 0.6468812318595256183, 268.3907980012263010 ) ) ;
#2775 = DIRECTION ( 'NONE',  ( 1.000000000000000000, -0.0000000000000000000, 0.0000000000000000000 ) ) ;
#2776 = DIRECTION ( 'NONE',  ( 0.9999995216640081841, -0.0009780959844829517635, 0.0000000000000000000 ) ) ;
#2777 = ADVANCED_FACE ( 'NONE', ( #6047 ), #3718, .F. ) ;
#2778 = CARTESIAN_POINT ( 'NONE',  ( -112.7147122521318039, 0.09743829152485979084, 320.6621210297108178 ) ) ;
#2779 = VERTEX_POINT ( 'NONE', #2537 ) ;
#2780 = CARTESIAN_POINT ( 'NONE',  ( -111.6656410625896285, 3.995356370322071804, 318.7499999999999432 ) ) ;
#2781 = CARTESIAN_POINT ( 'NONE',  ( -100.2766404279231693, 3.547232764980633668, 309.7489999999995689 ) ) ;
#2782 = AXIS2_PLACEMENT_3D ( 'NONE', #5893, #1789, #4111 ) ;
#2783 = CARTESIAN_POINT ( 'NONE',  ( -8.932313916647341756, 8.601221662346500096, 11.49999999999962164 ) ) ;
#2784 = CARTESIAN_POINT ( 'NONE',  ( -114.6273796200369048, 6.006925889357858317, 281.7983370134447227 ) ) ;
#2785 = LINE ( 'NONE', #4186, #4434 ) ;
#2786 = ADVANCED_FACE ( 'NONE', ( #1647 ), #1579, .T. ) ;
#2787 = CARTESIAN_POINT ( 'NONE',  ( -102.8269319397148678, 3.579662975231910682, 13.99999999999980105 ) ) ;
#2788 = ORIENTED_EDGE ( 'NONE', *, *, #4750, .F. ) ;
#2789 =( BOUNDED_CURVE ( )  B_SPLINE_CURVE ( 3, ( #1722, #3587, #2663, #1949 ),
 .UNSPECIFIED., .F., .F. ) 
 B_SPLINE_CURVE_WITH_KNOTS ( ( 4, 4 ),
 ( 6.947562107041944757E-17, 0.003905398263482650657 ),
 .UNSPECIFIED. ) 
 CURVE ( )  GEOMETRIC_REPRESENTATION_ITEM ( )  RATIONAL_B_SPLINE_CURVE ( ( 1.000000000000000000, 0.8047378541243649375, 0.8047378541243649375, 1.000000000000000000 ) ) 
 REPRESENTATION_ITEM ( '' )  );
#2790 = CARTESIAN_POINT ( 'NONE',  ( -39.99973996963220202, 2.780735073983596095, 265.9579977883284982 ) ) ;
#2791 = CARTESIAN_POINT ( 'NONE',  ( -105.2127154621919658, 8.605880615324153382, 274.1544379066506281 ) ) ;
#2792 = ORIENTED_EDGE ( 'NONE', *, *, #1380, .T. ) ;
#2793 = CARTESIAN_POINT ( 'NONE',  ( -40.84067457979161730, 0.5839412651161297596, 290.5281821081925955 ) ) ;
#2794 = CARTESIAN_POINT ( 'NONE',  ( -113.1095530360443036, 2.848473748695099950, 0.7305106270771932753 ) ) ;
#2795 = CARTESIAN_POINT ( 'NONE',  ( -113.6577960322818797, 5.176578497436317150, 277.8656838883376281 ) ) ;
#2796 = EDGE_LOOP ( 'NONE', ( #1999, #4566, #4803 ) ) ;
#2797 = ORIENTED_EDGE ( 'NONE', *, *, #1913, .T. ) ;
#2798 = CARTESIAN_POINT ( 'NONE',  ( -114.7003983456141043, 4.329074245849796831, 277.3922398113218719 ) ) ;
#2799 = CARTESIAN_POINT ( 'NONE',  ( -105.1389784663078188, 5.390667814041633754, 275.3028488116722770 ) ) ;
#2800 = EDGE_LOOP ( 'NONE', ( #2621, #1270, #5236, #4721 ) ) ;
#2801 = CARTESIAN_POINT ( 'NONE',  ( -105.1545323096490847, 4.635184976498107901, 280.0363575305108270 ) ) ;
#2802 = LINE ( 'NONE', #4687, #550 ) ;
#2803 = CARTESIAN_POINT ( 'NONE',  ( -1.625896048388350045E-15, 7.841243758124890747E-17, 283.1544379066505144 ) ) ;
#2804 = CARTESIAN_POINT ( 'NONE',  ( -106.1675385958381526, 7.930651309005198435, 275.1992776781791576 ) ) ;
#2805 = CARTESIAN_POINT ( 'NONE',  ( -112.5402406893948921, 0.4398626276224575915, 321.5896818349682462 ) ) ;
#2806 = ORIENTED_EDGE ( 'NONE', *, *, #2405, .T. ) ;
#2807 = CARTESIAN_POINT ( 'NONE',  ( -77.30305195217141545, 3.995356370322071804, 367.3881438443847287 ) ) ;
#2808 = DIRECTION ( 'NONE',  ( -0.0000000000000000000, -0.0000000000000000000, -1.000000000000000000 ) ) ;
#2809 = CARTESIAN_POINT ( 'NONE',  ( -11.63430473294813972, 2.420032376138524732, 314.7489999999996257 ) ) ;
#2810 = EDGE_CURVE ( 'NONE', #4167, #2824, #343, .T. ) ;
#2811 = CARTESIAN_POINT ( 'NONE',  ( -9.947549840986919634, 9.004964835517203170, 9.000000000004536815 ) ) ;
#2812 = CARTESIAN_POINT ( 'NONE',  ( -12.81836019682631544, 3.070681194185940655, 312.2095696328914300 ) ) ;
#2813 = CARTESIAN_POINT ( 'NONE',  ( -104.1851587346445598, 1.645898758679845919, 289.6544379066506849 ) ) ;
#2814 = CARTESIAN_POINT ( 'NONE',  ( 0.0000000000000000000, 2.000000000000014211, 4.000000000000003553 ) ) ;
#2815 = ORIENTED_EDGE ( 'NONE', *, *, #2134, .T. ) ;
#2816 = EDGE_CURVE ( 'NONE', #4314, #5178, #3483, .T. ) ;
#2817 = DIRECTION ( 'NONE',  ( -0.04817122723086528918, -0.9988390925805179510, 0.0000000000000000000 ) ) ;
#2818 = FACE_OUTER_BOUND ( 'NONE', #2593, .T. ) ;
#2819 = ORIENTED_EDGE ( 'NONE', *, *, #3861, .T. ) ;
#2820 = DIRECTION ( 'NONE',  ( 6.867723879941330434E-15, 0.0000000000000000000, 1.000000000000000000 ) ) ;
#2821 = ADVANCED_FACE ( 'NONE', ( #2116 ), #1020, .T. ) ;
#2822 = CARTESIAN_POINT ( 'NONE',  ( -114.7639975833967583, 2.035466637765298792, 4.000000000000003553 ) ) ;
#2823 = DIRECTION ( 'NONE',  ( 0.9999302546508108680, -0.01181041209969390347, 0.0000000000000000000 ) ) ;
#2824 = VERTEX_POINT ( 'NONE', #1156 ) ;
#2825 = ORIENTED_EDGE ( 'NONE', *, *, #1765, .F. ) ;
#2826 = CARTESIAN_POINT ( 'NONE',  ( -114.7120313747262657, 4.008506410019811561, 278.8242986168163497 ) ) ;
#2827 = CARTESIAN_POINT ( 'NONE',  ( -4.961418165267128089, 7.739275378388495774, 161.8754999999996755 ) ) ;
#2828 = EDGE_CURVE ( 'NONE', #6034, #1907, #212, .T. ) ;
#2829 = ORIENTED_EDGE ( 'NONE', *, *, #2614, .T. ) ;
#2830 = CARTESIAN_POINT ( 'NONE',  ( -105.1583166716569053, 4.301284003859988658, 281.7759613721014489 ) ) ;
#2831 = CARTESIAN_POINT ( 'NONE',  ( -2.003531487377095299, 0.007062974754190078086, 319.9876003207513122 ) ) ;
#2832 = CARTESIAN_POINT ( 'NONE',  ( -104.5837326691049469, 6.096451217809719658, 11.83042100429330645 ) ) ;
#2833 = CARTESIAN_POINT ( 'NONE',  ( -114.8000987936699744, 4.492329369421463987E-08, 3.504367784917097328 ) ) ;
#2834 = CARTESIAN_POINT ( 'NONE',  ( -114.6929414767156175, 4.523661528353217776, 281.3804923135423905 ) ) ;
#2835 = EDGE_LOOP ( 'NONE', ( #5396, #5128, #5373, #4203, #2588, #2922, #5590, #3990, #817 ) ) ;
#2836 = EDGE_CURVE ( 'NONE', #5757, #2020, #3624, .T. ) ;
#2837 = CARTESIAN_POINT ( 'NONE',  ( -102.7893341319894631, 6.536331129700919895, 314.7489999999998531 ) ) ;
#2838 = CARTESIAN_POINT ( 'NONE',  ( -40.01018230122628694, 2.780867861546526321, 267.1502383918719943 ) ) ;
#2839 = CARTESIAN_POINT ( 'NONE',  ( -8.932313916646201335, 8.601221662346437924, 313.7134660940667459 ) ) ;
#2840 = CARTESIAN_POINT ( 'NONE',  ( -39.34971103413774784, 0.5824829589611222325, 268.3935407409401250 ) ) ;
#2841 = CARTESIAN_POINT ( 'NONE',  ( -9.740262932759526038, 4.801524277574604760, 311.8920625710869103 ) ) ;
#2842 = CARTESIAN_POINT ( 'NONE',  ( -106.1168387268454438, 5.173838123827385616, 277.0582180960199707 ) ) ;
#2843 = EDGE_CURVE ( 'NONE', #647, #2457, #597, .T. ) ;
#2844 = CARTESIAN_POINT ( 'NONE',  ( -102.7170231860916942, 8.251390189306240686, 314.7489999999995689 ) ) ;
#2845 = CARTESIAN_POINT ( 'NONE',  ( -4.000000000000000000, 4.000000000000000000, 0.0000000000000000000 ) ) ;
#2846 = ORIENTED_EDGE ( 'NONE', *, *, #3622, .F. ) ;
#2847 = LINE ( 'NONE', #3731, #5914 ) ;
#2848 = DIRECTION ( 'NONE',  ( 3.965082230804116415E-15, -1.652117596168381839E-16, 1.000000000000000000 ) ) ;
#2849 = EDGE_CURVE ( 'NONE', #4692, #5147, #5637, .T. ) ;
#2850 = ORIENTED_EDGE ( 'NONE', *, *, #5296, .T. ) ;
#2851 = ADVANCED_FACE ( 'NONE', ( #3422 ), #4880, .F. ) ;
#2852 = LINE ( 'NONE', #953, #5798 ) ;
#2853 = CARTESIAN_POINT ( 'NONE',  ( -104.5066144071443262, 1.648845329616963840, 267.1475432765627716 ) ) ;
#2854 = ORIENTED_EDGE ( 'NONE', *, *, #1941, .F. ) ;
#2855 = ORIENTED_EDGE ( 'NONE', *, *, #5078, .F. ) ;
#2856 = VECTOR ( 'NONE', #4002, 1000.000000000000114 ) ;
#2857 = CARTESIAN_POINT ( 'NONE',  ( -113.6341836868030413, 5.789450635657776623, 276.7171863055108361 ) ) ;
#2858 = CARTESIAN_POINT ( 'NONE',  ( -105.1225248047425396, 6.192058225365152602, 275.9247657547153381 ) ) ;
#2859 = ORIENTED_EDGE ( 'NONE', *, *, #4413, .F. ) ;
#2860 = CARTESIAN_POINT ( 'NONE',  ( -106.1002276848376766, 6.590198165999872515, 282.6141208940190950 ) ) ;
#2861 = VECTOR ( 'NONE', #571, 1000.000000000000000 ) ;
#2862 = VECTOR ( 'NONE', #3998, 1000.000000000000000 ) ;
#2863 = CARTESIAN_POINT ( 'NONE',  ( -106.1149785590134940, 11.32493448459836749, 283.1544379066506849 ) ) ;
#2864 = AXIS2_PLACEMENT_3D ( 'NONE', #895, #1193, #679 ) ;
#2865 = CARTESIAN_POINT ( 'NONE',  ( -40.34439129794159840, 0.5834558521987921464, 268.6544379066506849 ) ) ;
#2866 = CARTESIAN_POINT ( 'NONE',  ( -113.7004245384718786, 2.559652184711353584, 1.282125324646682385 ) ) ;
#2867 = CARTESIAN_POINT ( 'NONE',  ( -110.9414538192407349, 3.553135788765080072, 323.7499999999999432 ) ) ;
#2868 = ORIENTED_EDGE ( 'NONE', *, *, #422, .F. ) ;
#2869 = CIRCLE ( 'NONE', #138, 114.7820467919759295 ) ;
#2870 = CARTESIAN_POINT ( 'NONE',  ( -104.1628871793113404, 9.545683074924493638, 314.7489999999998531 ) ) ;
#2871 = CARTESIAN_POINT ( 'NONE',  ( -40.02061894819331656, 1.777379849863872208, 267.1475388800358246 ) ) ;
#2872 = VECTOR ( 'NONE', #4003, 1000.000000000000000 ) ;
#2873 = AXIS2_PLACEMENT_3D ( 'NONE', #1463, #4739, #1043 ) ;
#2874 = CARTESIAN_POINT ( 'NONE',  ( -113.9344572797688500, 12.99474151724456661, 283.6309630692317683 ) ) ;
#2875 = CARTESIAN_POINT ( 'NONE',  ( -8.932313916647341756, 8.601221662346500096, 10.03553390593623718 ) ) ;
#2876 = CARTESIAN_POINT ( 'NONE',  ( -11.88315225431550815, 4.828773849211134284, 314.0351251421739107 ) ) ;
#2877 = CARTESIAN_POINT ( 'NONE',  ( -106.1195195882731781, 4.680227231238375474, 278.2808152070373922 ) ) ;
#2878 = CARTESIAN_POINT ( 'NONE',  ( -101.5836193378940209, 3.693999810895509661, 310.4033697152508466 ) ) ;
#2879 = CARTESIAN_POINT ( 'NONE',  ( -114.4756967064608375, 8.386801989898522436, 274.1865071759917782 ) ) ;
#2880 = ORIENTED_EDGE ( 'NONE', *, *, #2134, .F. ) ;
#2881 = CARTESIAN_POINT ( 'NONE',  ( -105.1129002011315094, 7.551033870359978195, 289.6544379066511965 ) ) ;
#2882 = CARTESIAN_POINT ( 'NONE',  ( -13.41361940698082300, 2.567661124186449317, 12.71706049380537529 ) ) ;
#2883 = VERTEX_POINT ( 'NONE', #5745 ) ;
#2884 = CARTESIAN_POINT ( 'NONE',  ( -105.0282425151990680, 13.09932242070898312, 11.49999999999978861 ) ) ;
#2885 = ADVANCED_FACE ( 'NONE', ( #2598 ), #4454, .F. ) ;
#2886 = FACE_OUTER_BOUND ( 'NONE', #1618, .T. ) ;
#2887 = ORIENTED_EDGE ( 'NONE', *, *, #1131, .F. ) ;
#2888 = EDGE_LOOP ( 'NONE', ( #1379, #1818, #3885, #3198, #4524, #2850, #2069, #4841, #1266 ) ) ;
#2889 = CARTESIAN_POINT ( 'NONE',  ( -114.6398818055085655, 5.715751654649591451, 275.3893777305257231 ) ) ;
#2890 = CARTESIAN_POINT ( 'NONE',  ( -11.57700302462569120, 4.408449554980163221, 9.090936842781983884 ) ) ;
#2891 = CARTESIAN_POINT ( 'NONE',  ( -113.1217657375749468, 0.03220253029617746454, 4.000000000000003553 ) ) ;
#2892 = CARTESIAN_POINT ( 'NONE',  ( -81.63569240683938233, 3.995356370322071804, 277.6074976944942136 ) ) ;
#2893 = CARTESIAN_POINT ( 'NONE',  ( -113.5604130074995624, 7.197590664102346381, 282.7498862303255009 ) ) ;
#2894 = CARTESIAN_POINT ( 'NONE',  ( -106.2126457168427720, 8.617691027423846961, 275.1544379066506281 ) ) ;
#2895 = ORIENTED_EDGE ( 'NONE', *, *, #4664, .T. ) ;
#2896 = FACE_BOUND ( 'NONE', #4332, .T. ) ;
#2897 = ORIENTED_EDGE ( 'NONE', *, *, #2645, .T. ) ;
#2898 = CARTESIAN_POINT ( 'NONE',  ( -105.1978088487344536, 9.583333864162195681, 313.7134660940670869 ) ) ;
#2899 = CARTESIAN_POINT ( 'NONE',  ( -39.90697437869378206, 10.43186949799289032, 266.6544379066506849 ) ) ;
#2900 = FACE_OUTER_BOUND ( 'NONE', #5801, .T. ) ;
#2901 = CARTESIAN_POINT ( 'NONE',  ( -8.913523179315655298, 8.949113843761693943, 10.03553390593623718 ) ) ;
#2902 = CARTESIAN_POINT ( 'NONE',  ( -13.08233881945856147, 2.501375827712371880, 310.7225663931955637 ) ) ;
#2903 = CARTESIAN_POINT ( 'NONE',  ( -106.1197445713587513, 4.608561637179930059, 279.1544379066506849 ) ) ;
#2904 = CARTESIAN_POINT ( 'NONE',  ( -101.9946824954147360, 3.836031390336581470, 311.4705753235689940 ) ) ;
#2905 = VERTEX_POINT ( 'NONE', #4365 ) ;
#2906 = CARTESIAN_POINT ( 'NONE',  ( -105.1129002011315663, 7.551033870360082112, 289.7710403512270432 ) ) ;
#2907 = CARTESIAN_POINT ( 'NONE',  ( -13.73580596120399733, 2.446755645365026322, 13.35830682355767962 ) ) ;
#2908 = ORIENTED_EDGE ( 'NONE', *, *, #1871, .T. ) ;
#2909 = EDGE_CURVE ( 'NONE', #731, #2261, #621, .T. ) ;
#2910 = LINE ( 'NONE', #1143, #335 ) ;
#2911 = LINE ( 'NONE', #686, #3948 ) ;
#2912 = EDGE_LOOP ( 'NONE', ( #656, #4026, #327, #2232, #2908, #2339 ) ) ;
#2913 = ORIENTED_EDGE ( 'NONE', *, *, #2675, .F. ) ;
#2914 = EDGE_CURVE ( 'NONE', #2625, #5121, #3537, .T. ) ;
#2915 = CARTESIAN_POINT ( 'NONE',  ( -114.4251532653744476, 9.044477096599900179, 275.1544379066506849 ) ) ;
#2916 = CARTESIAN_POINT ( 'NONE',  ( -105.1265202718209082, 6.019074676016964887, 276.0592461938045403 ) ) ;
#2917 = ORIENTED_EDGE ( 'NONE', *, *, #5104, .T. ) ;
#2918 = CARTESIAN_POINT ( 'NONE',  ( -105.0924767565657447, 7.361986994001609830, 282.9764719956747854 ) ) ;
#2919 = CARTESIAN_POINT ( 'NONE',  ( -100.6690396102657417, 0.0000000000000000000, 152.6515808367279874 ) ) ;
#2920 = CARTESIAN_POINT ( 'NONE',  ( -113.4510935870651878, 8.702531556277367741, 283.1544379066506849 ) ) ;
#2921 = CARTESIAN_POINT ( 'NONE',  ( -105.1881255202161185, 0.6468792785984146532, 268.6544379066506281 ) ) ;
#2922 = ORIENTED_EDGE ( 'NONE', *, *, #5126, .T. ) ;
#2923 = CARTESIAN_POINT ( 'NONE',  ( -102.4771405982305481, 14.00277543565265326, 8.999999999999799272 ) ) ;
#2924 = ORIENTED_EDGE ( 'NONE', *, *, #4568, .T. ) ;
#2925 = EDGE_CURVE ( 'NONE', #5244, #1359, #1113, .T. ) ;
#2926 = DIRECTION ( 'NONE',  ( 1.000000000000000000, 0.0000000000000000000, 0.0000000000000000000 ) ) ;
#2927 = CARTESIAN_POINT ( 'NONE',  ( -39.59841791593895977, 2.775631752061949786, 267.6532460967544012 ) ) ;
#2928 = CARTESIAN_POINT ( 'NONE',  ( -74.44149307944364580, 3.995356370322071804, 197.7976943920669157 ) ) ;
#2929 =( BOUNDED_CURVE ( )  B_SPLINE_CURVE ( 3, ( #3727, #4544, #1269, #1709 ),
 .UNSPECIFIED., .F., .F. ) 
 B_SPLINE_CURVE_WITH_KNOTS ( ( 4, 4 ),
 ( 4.760578857054313495, 5.127729865510140428 ),
 .UNSPECIFIED. ) 
 CURVE ( )  GEOMETRIC_REPRESENTATION_ITEM ( )  RATIONAL_B_SPLINE_CURVE ( ( 1.000000000000000000, 0.9887981895465062232, 0.9887981895465062232, 1.000000000000000000 ) ) 
 REPRESENTATION_ITEM ( '' )  );
#2930 = CARTESIAN_POINT ( 'NONE',  ( -41.34196608152250008, 1.797722342852040134, 266.6544379066506849 ) ) ;
#2931 = DIRECTION ( 'NONE',  ( -1.000000000000000000, 0.0000000000000000000, 0.0000000000000000000 ) ) ;
#2932 = CARTESIAN_POINT ( 'NONE',  ( -102.9468693587061097, 4.355115483550187072, 291.7131870842726471 ) ) ;
#2933 = CARTESIAN_POINT ( 'NONE',  ( -100.2130641889378353, 8.546828554825683710, 291.6544379066506849 ) ) ;
#2934 = CARTESIAN_POINT ( 'NONE',  ( -104.0217065966602092, 5.290859410633259152, 311.6324670274252640 ) ) ;
#2935 = EDGE_CURVE ( 'NONE', #4252, #4477, #2103, .T. ) ;
#2936 = CARTESIAN_POINT ( 'NONE',  ( -105.1347727374607501, 5.600209807824569452, 275.1371993268554661 ) ) ;
#2937 = ORIENTED_EDGE ( 'NONE', *, *, #2516, .F. ) ;
#2938 = DIRECTION ( 'NONE',  ( -1.000000000000000000, 0.0000000000000000000, 0.0000000000000000000 ) ) ;
#2939 = CARTESIAN_POINT ( 'NONE',  ( -105.1078141695013954, 7.525445224457925519, 289.8852856127477935 ) ) ;
#2940 = CARTESIAN_POINT ( 'NONE',  ( -14.05662661152142690, 2.450835289238923131, 13.99999999999980105 ) ) ;
#2941 = ORIENTED_EDGE ( 'NONE', *, *, #3567, .T. ) ;
#2942 = CARTESIAN_POINT ( 'NONE',  ( -41.34342688581313041, 1.584433483700089962, 266.6544379066506849 ) ) ;
#2943 = B_SPLINE_CURVE_WITH_KNOTS ( 'NONE', 3,
 ( #1219, #4947, #762, #2629, #4486, #306, #2176, #2388, #5681, #3725, #1397, #513, #5622, #482 ),
 .UNSPECIFIED., .F., .F.,
 ( 4, 2, 2, 2, 2, 2, 4 ),
 ( -6.000000003068040149E-08, 0.0007874335153798723858, 0.001574927030759775423, 0.001968673788449734098, 0.002362420546139692989, 0.002756167303829651881, 0.003149914061519610772 ),
 .UNSPECIFIED. ) ;
#2944 = CIRCLE ( 'NONE', #4897, 110.7820467919759295 ) ;
#2945 = CARTESIAN_POINT ( 'NONE',  ( 0.0000000000000000000, 2.000000000000014211, 319.7500000000000000 ) ) ;
#2946 = ORIENTED_EDGE ( 'NONE', *, *, #1198, .T. ) ;
#2947 =( BOUNDED_CURVE ( )  B_SPLINE_CURVE ( 3, ( #5904, #5444, #1720, #3584 ),
 .UNSPECIFIED., .F., .F. ) 
 B_SPLINE_CURVE_WITH_KNOTS ( ( 4, 4 ),
 ( 3.141592653589793116, 4.712388980384690562 ),
 .UNSPECIFIED. ) 
 CURVE ( )  GEOMETRIC_REPRESENTATION_ITEM ( )  RATIONAL_B_SPLINE_CURVE ( ( 1.000000000000000000, 0.8047378541243648264, 0.8047378541243648264, 1.000000000000000000 ) ) 
 REPRESENTATION_ITEM ( '' )  );
#2948 = ORIENTED_EDGE ( 'NONE', *, *, #1948, .T. ) ;
#2949 = CARTESIAN_POINT ( 'NONE',  ( -3.738153414567604749, 3.476306829135209497, 2.994664983239774354E-15 ) ) ;
#2950 = CARTESIAN_POINT ( 'NONE',  ( -2.918020277567343612, 0.3561464233565093673, 321.5988283414804982 ) ) ;
#2951 = ORIENTED_EDGE ( 'NONE', *, *, #3300, .F. ) ;
#2952 = CARTESIAN_POINT ( 'NONE',  ( -105.1135754069106696, 6.561830151199687045, 282.6253421150597092 ) ) ;
#2953 = EDGE_CURVE ( 'NONE', #1338, #4300, #4032, .T. ) ;
#2954 = FACE_OUTER_BOUND ( 'NONE', #5150, .T. ) ;
#2955 = CARTESIAN_POINT ( 'NONE',  ( -113.3210092715615502, 0.06845529730237261135, 319.4032759550279366 ) ) ;
#2956 = AXIS2_PLACEMENT_3D ( 'NONE', #4342, #4827, #3002 ) ;
#2957 = LOCAL_TIME ( 17, 5, 19.00000000000000000, #745 ) ;
#2958 = ORIENTED_EDGE ( 'NONE', *, *, #1504, .T. ) ;
#2959 = DIRECTION ( 'NONE',  ( 0.0000000000000000000, 0.0000000000000000000, -1.000000000000000000 ) ) ;
#2960 = ORIENTED_EDGE ( 'NONE', *, *, #5025, .F. ) ;
#2961 = DIRECTION ( 'NONE',  ( 0.0000000000000000000, 1.000000000000000000, 0.0000000000000000000 ) ) ;
#2962 = CARTESIAN_POINT ( 'NONE',  ( -39.11456060040958249, 9.718927587920520139, 267.4828650313968410 ) ) ;
#2963 = DIRECTION ( 'NONE',  ( -0.9988390925805179510, 0.04817122723086528918, 1.627785756950952361E-15 ) ) ;
#2964 = VECTOR ( 'NONE', #5334, 1000.000000000000000 ) ;
#2965 = VECTOR ( 'NONE', #4318, 1000.000000000000000 ) ;
#2966 = CARTESIAN_POINT ( 'NONE',  ( -100.2130641889383043, 8.546828554825708579, 161.8744999999998413 ) ) ;
#2967 = EDGE_CURVE ( 'NONE', #152, #67, #2943, .T. ) ;
#2968 = CARTESIAN_POINT ( 'NONE',  ( -113.9565452391405671, 2.433946838146222813, 322.1531366507491612 ) ) ;
#2969 = CARTESIAN_POINT ( 'NONE',  ( -104.7857691516854857, 6.516507072019739333, 291.2010904292065447 ) ) ;
#2970 = PLANE ( 'NONE',  #1005 ) ;
#2971 = EDGE_CURVE ( 'NONE', #2986, #1480, #2785, .T. ) ;
#2972 = CIRCLE ( 'NONE', #5421, 0.9999999999999995559 ) ;
#2973 = AXIS2_PLACEMENT_3D ( 'NONE', #4586, #3733, #3278 ) ;
#2974 = TOROIDAL_SURFACE ( 'NONE', #3955, 6.000000000000000000, 1.000000000000000000 ) ;
#2975 = CARTESIAN_POINT ( 'NONE',  ( -40.54530105809208607, 0.5836523613224365858, 290.2696249612595238 ) ) ;
#2976 = VECTOR ( 'NONE', #2721, 1000.000000000000000 ) ;
#2977 = CARTESIAN_POINT ( 'NONE',  ( 39.43692280816443940, 0.0000000000000000000, 251.8957282297277800 ) ) ;
#2978 = ORIENTED_EDGE ( 'NONE', *, *, #5269, .T. ) ;
#2979 = VECTOR ( 'NONE', #5072, 1000.000000000000000 ) ;
#2980 = CARTESIAN_POINT ( 'NONE',  ( -104.4142778798544811, 4.974924565788984232, 267.1027462966728194 ) ) ;
#2981 = CARTESIAN_POINT ( 'NONE',  ( -111.9102735962353989, 1.671771092448037566, 0.7391519536633265330 ) ) ;
#2982 = VERTEX_POINT ( 'NONE', #4668 ) ;
#2983 = CARTESIAN_POINT ( 'NONE',  ( -39.34213890066339303, 1.766904805647121268, 289.6544379066506849 ) ) ;
#2984 = CARTESIAN_POINT ( 'NONE',  ( -104.9735017887106210, 14.13761165742175585, 312.2489999999998531 ) ) ;
#2985 = VERTEX_POINT ( 'NONE', #3766 ) ;
#2986 = VERTEX_POINT ( 'NONE', #1898 ) ;
#2987 = FACE_BOUND ( 'NONE', #4540, .T. ) ;
#2988 = ORIENTED_EDGE ( 'NONE', *, *, #5763, .T. ) ;
#2989 = ADVANCED_FACE ( 'NONE', ( #1861 ), #574, .F. ) ;
#2990 = CARTESIAN_POINT ( 'NONE',  ( -39.07972058494023315, 10.38779386146216410, 268.6544379066506849 ) ) ;
#2991 = DIRECTION ( 'NONE',  ( -0.04817122723086528918, -0.9988390925805179510, 0.0000000000000000000 ) ) ;
#2992 =( BOUNDED_CURVE ( )  B_SPLINE_CURVE ( 3, ( #120, #3859, #5718, #1067 ),
 .UNSPECIFIED., .F., .F. ) 
 B_SPLINE_CURVE_WITH_KNOTS ( ( 4, 4 ),
 ( 4.629146770892098139, 5.303958088564317386 ),
 .UNSPECIFIED. ) 
 CURVE ( )  GEOMETRIC_REPRESENTATION_ITEM ( )  RATIONAL_B_SPLINE_CURVE ( ( 1.000000000000000000, 0.9624111141301489036, 0.9624111141301489036, 1.000000000000000000 ) ) 
 REPRESENTATION_ITEM ( '' )  );
#2993 = CARTESIAN_POINT ( 'NONE',  ( -104.0236387405197007, 13.40891096850884345, 266.6544379066506281 ) ) ;
#2994 = ORIENTED_EDGE ( 'NONE', *, *, #3751, .F. ) ;
#2995 = CARTESIAN_POINT ( 'NONE',  ( -100.2130641889388301, 8.546828554825738777, 11.49999999999978861 ) ) ;
#2996 = VERTEX_POINT ( 'NONE', #64 ) ;
#2997 = CARTESIAN_POINT ( 'NONE',  ( -105.0820581408066374, 7.402384877363292759, 268.4375830639094715 ) ) ;
#2998 = CARTESIAN_POINT ( 'NONE',  ( -104.1926061283235754, 1.647914202926482607, 291.4016693750393188 ) ) ;
#2999 = DIRECTION ( 'NONE',  ( 0.0000000000000000000, 0.0000000000000000000, -1.000000000000000000 ) ) ;
#3000 = DIRECTION ( 'NONE',  ( 0.8650200284677209694, -0.04171750651340185023, -0.5000000000000076605 ) ) ;
#3001 = CARTESIAN_POINT ( 'NONE',  ( -112.5128532561732300, 0.4935359155903024098, 321.6803399598127271 ) ) ;
#3002 = DIRECTION ( 'NONE',  ( -0.8662767110661218073, 0.0000000000000000000, 0.4995644701782370745 ) ) ;
#3003 = DIRECTION ( 'NONE',  ( -0.9988390925805179510, 0.04817122723086550429, 0.0000000000000000000 ) ) ;
#3004 = CARTESIAN_POINT ( 'NONE',  ( -41.08290164269659783, 0.5841781865469416468, 291.6537442175122692 ) ) ;
#3005 = CARTESIAN_POINT ( 'NONE',  ( -105.2499020773358325, 5.681709386503271730, 312.2489999999996257 ) ) ;
#3006 = EDGE_CURVE ( 'NONE', #163, #2167, #1428, .T. ) ;
#3007 = DIRECTION ( 'NONE',  ( -0.5004356563159287896, 0.0000000000000000000, -0.8657737313453471861 ) ) ;
#3008 = DIRECTION ( 'NONE',  ( 4.960310595328045663E-15, -2.392219633754015712E-16, 1.000000000000000000 ) ) ;
#3009 = CARTESIAN_POINT ( 'NONE',  ( -112.6816935061488323, 0.1622894771444240158, 2.845577638546070709 ) ) ;
#3010 = LINE ( 'NONE', #5813, #4712 ) ;
#3011 = ADVANCED_FACE ( 'NONE', ( #5654 ), #946, .T. ) ;
#3012 = DIRECTION ( 'NONE',  ( -0.9988390925805177289, 0.04817122723086567082, 0.0000000000000000000 ) ) ;
#3013 = CARTESIAN_POINT ( 'NONE',  ( -105.1822761155245445, 7.892400026471058538, 284.0988208195475409 ) ) ;
#3014 = ORIENTED_EDGE ( 'NONE', *, *, #1883, .T. ) ;
#3015 = EDGE_LOOP ( 'NONE', ( #4999, #565, #3874 ) ) ;
#3016 = CARTESIAN_POINT ( 'NONE',  ( -0.8749071755604236333, 0.8749071755604236333, 1.392086829270849480 ) ) ;
#3017 = CARTESIAN_POINT ( 'NONE',  ( -7.344533915293767201, 3.995356370322071804, 318.7499999999996589 ) ) ;
#3018 = VERTEX_POINT ( 'NONE', #121 ) ;
#3019 = CARTESIAN_POINT ( 'NONE',  ( -39.34705861651449510, 0.5824803646412805014, 268.6544379066506849 ) ) ;
#3020 = CARTESIAN_POINT ( 'NONE',  ( -106.1168387268376279, 5.173838123823467861, 281.2506577172752031 ) ) ;
#3021 = CARTESIAN_POINT ( 'NONE',  ( -104.8735753543008826, 13.00769105333517572, 268.6544379066506281 ) ) ;
#3022 = ORIENTED_EDGE ( 'NONE', *, *, #2849, .T. ) ;
#3023 = CARTESIAN_POINT ( 'NONE',  ( -111.6365241221576952, 0.8775010007995569516, 322.2499999999986358 ) ) ;
#3024 = ORIENTED_EDGE ( 'NONE', *, *, #2114, .T. ) ;
#3025 = CARTESIAN_POINT ( 'NONE',  ( -101.7409881315770548, 3.565853814257107679, 312.6779321881339797 ) ) ;
#3026 = FACE_OUTER_BOUND ( 'NONE', #5670, .T. ) ;
#3027 = CARTESIAN_POINT ( 'NONE',  ( -105.2127154621919658, 8.605880615324153382, 274.1544379066506281 ) ) ;
#3028 = FACE_OUTER_BOUND ( 'NONE', #5519, .T. ) ;
#3029 =( BOUNDED_SURFACE ( )  B_SPLINE_SURFACE ( 3, 2, ( 
 ( #446, #4723, #562 ),
 ( #501, #990, #3812 ),
 ( #2863, #2318, #1516 ),
 ( #962, #3322, #2345 ) ),
 .UNSPECIFIED., .F., .F., .F. ) 
 B_SPLINE_SURFACE_WITH_KNOTS ( ( 4, 4 ),
 ( 3, 3 ),
 ( 1.604619215278546562E-17, 0.003873560822003572698 ),
 ( 0.0000000000000000000, 1.000000000000000000 ),
 .UNSPECIFIED. ) 
 GEOMETRIC_REPRESENTATION_ITEM ( )  RATIONAL_B_SPLINE_SURFACE ( (
 ( 1.000000000000000000, 0.7071067811865475727, 1.000000000000000000),
 ( 1.000000000000000000, 0.7071067811865475727, 1.000000000000000000),
 ( 1.000000000000000000, 0.7071067811865426878, 1.000000000000000000),
 ( 1.000000000000000000, 0.7071067811865426878, 1.000000000000000000) ) ) 
 REPRESENTATION_ITEM ( '' )  SURFACE ( )  );
#3030 = CARTESIAN_POINT ( 'NONE',  ( -112.7643120787221704, 0.0000000000000000000, 319.7500000000000000 ) ) ;
#3031 = CARTESIAN_POINT ( 'NONE',  ( -104.9681299488841404, 6.992005517304274775, 290.7235223871210223 ) ) ;
#3032 = B_SPLINE_CURVE_WITH_KNOTS ( 'NONE', 3,
 ( #497, #4683, #2370, #2342 ),
 .UNSPECIFIED., .F., .F.,
 ( 4, 4 ),
 ( 0.1515543802602020151, 0.5169179809063549902 ),
 .UNSPECIFIED. ) ;
#3033 = LINE ( 'NONE', #4888, #3457 ) ;
#3034 = ADVANCED_FACE ( 'NONE', ( #3822 ), #4535, .T. ) ;
#3035 = CARTESIAN_POINT ( 'NONE',  ( -41.34440498179762358, 0.5844339620352682063, 290.6544379066506849 ) ) ;
#3036 = DIRECTION ( 'NONE',  ( 0.07879696650637028899, 0.9968906851151706494, 0.0000000000000000000 ) ) ;
#3037 = LINE ( 'NONE', #3959, #3654 ) ;
#3038 = ADVANCED_FACE ( 'NONE', ( #4307 ), #3219, .T. ) ;
#3039 = PLANE ( 'NONE',  #5581 ) ;
#3040 = CARTESIAN_POINT ( 'NONE',  ( -105.1390659873700315, 5.386231344430968626, 283.0023217538023914 ) ) ;
#3041 = EDGE_CURVE ( 'NONE', #2137, #1943, #461, .T. ) ;
#3042 = CARTESIAN_POINT ( 'NONE',  ( 8.673617379884035472E-16, 7.500000000000000000, 322.0931457505076310 ) ) ;
#3043 = EDGE_CURVE ( 'NONE', #243, #4842, #396, .T. ) ;
#3044 = ORIENTED_EDGE ( 'NONE', *, *, #3628, .F. ) ;
#3045 = EDGE_LOOP ( 'NONE', ( #45, #4573, #2145, #2703, #1203, #4771 ) ) ;
#3046 = CARTESIAN_POINT ( 'NONE',  ( -102.5568433042953131, 12.44603088684498005, 314.7489999999995689 ) ) ;
#3047 = LINE ( 'NONE', #175, #4705 ) ;
#3048 = ORIENTED_EDGE ( 'NONE', *, *, #843, .F. ) ;
#3049 = CARTESIAN_POINT ( 'NONE',  ( -39.34418722376914701, 3.518175385115935860, 268.6544379066506849 ) ) ;
#3050 = CARTESIAN_POINT ( 'NONE',  ( -111.6656410625901827, 3.995356370322071804, 161.8755000000000166 ) ) ;
#3051 = CARTESIAN_POINT ( 'NONE',  ( -113.1201004202453078, 2.843038940798126468, 0.7705479014126280779 ) ) ;
#3052 = EDGE_LOOP ( 'NONE', ( #3376, #3212, #1434, #367 ) ) ;
#3053 = DIRECTION ( 'NONE',  ( -1.000000000000000000, -5.759281940242994505E-14, 0.0000000000000000000 ) ) ;
#3054 = EDGE_LOOP ( 'NONE', ( #1838, #3393, #651, #1726, #3173 ) ) ;
#3055 = CARTESIAN_POINT ( 'NONE',  ( -105.0156978446447482, 7.148662496661276400, 267.7593128461778633 ) ) ;
#3056 = LINE ( 'NONE', #2179, #2872 ) ;
#3057 = CARTESIAN_POINT ( 'NONE',  ( -103.6898578308101690, 0.6454138282867437626, 267.7806943443366094 ) ) ;
#3058 = DIRECTION ( 'NONE',  ( 0.0000000000000000000, 1.000000000000000000, 0.0000000000000000000 ) ) ;
#3059 = AXIS2_PLACEMENT_3D ( 'NONE', #987, #4720, #4386 ) ;
#3060 = CARTESIAN_POINT ( 'NONE',  ( -112.2272226409118332, 1.052847796719179163, 322.4678746753222640 ) ) ;
#3061 = CARTESIAN_POINT ( 'NONE',  ( -103.8646676831466635, 4.065576583182221704, 291.5313830753590878 ) ) ;
#3062 = FACE_OUTER_BOUND ( 'NONE', #5014, .T. ) ;
#3063 = PLANE ( 'NONE',  #1499 ) ;
#3064 = CARTESIAN_POINT ( 'NONE',  ( -39.34971101892475787, 0.5824829589496325344, 289.9168510519819506 ) ) ;
#3065 = FACE_OUTER_BOUND ( 'NONE', #5337, .T. ) ;
#3066 = AXIS2_PLACEMENT_3D ( 'NONE', #114, #940, #2381 ) ;
#3067 = AXIS2_PLACEMENT_3D ( 'NONE', #4068, #4484, #759 ) ;
#3068 = PERSON_AND_ORGANIZATION ( #4286, #3347 ) ;
#3069 = LINE ( 'NONE', #3498, #2282 ) ;
#3070 = AXIS2_PLACEMENT_3D ( 'NONE', #5226, #5618, #1032 ) ;
#3071 = CARTESIAN_POINT ( 'NONE',  ( -110.8247032223616486, 3.778358815912243873, 3.469446951953614189E-15 ) ) ;
#3072 = AXIS2_PLACEMENT_3D ( 'NONE', #5, #2848, #1323 ) ;
#3073 = CARTESIAN_POINT ( 'NONE',  ( -3.118902406158292617, 3.995356370322071804, 322.2499999999994884 ) ) ;
#3074 = CIRCLE ( 'NONE', #1498, 0.9999999999999777955 ) ;
#3075 = VECTOR ( 'NONE', #5048, 1000.000000000000000 ) ;
#3076 = AXIS2_PLACEMENT_3D ( 'NONE', #4919, #703, #4428 ) ;
#3077 = CARTESIAN_POINT ( 'NONE',  ( -113.5287017506532834, 7.680816807941743818, 282.9503798300503377 ) ) ;
#3078 = CARTESIAN_POINT ( 'NONE',  ( -106.0807419664304803, 7.603298061290478138, 283.0256431650744275 ) ) ;
#3079 = ORIENTED_EDGE ( 'NONE', *, *, #3197, .F. ) ;
#3080 = ORIENTED_EDGE ( 'NONE', *, *, #5194, .T. ) ;
#3081 = DIRECTION ( 'NONE',  ( 0.0000000000000000000, -1.000000000000000000, 0.0000000000000000000 ) ) ;
#3082 = CARTESIAN_POINT ( 'NONE',  ( -8.994473609820579085, 7.308181882542210239, 312.2489999999995121 ) ) ;
#3083 = ORIENTED_EDGE ( 'NONE', *, *, #2909, .T. ) ;
#3084 = ADVANCED_FACE ( 'NONE', ( #456 ), #2359, .T. ) ;
#3085 = DIRECTION ( 'NONE',  ( 0.8662767110661238057, 0.0000000000000000000, -0.4995644701782338548 ) ) ;
#3086 = DIRECTION ( 'NONE',  ( 1.000000000000000000, 2.968460817246943702E-32, -4.960310595328045663E-15 ) ) ;
#3087 = CARTESIAN_POINT ( 'NONE',  ( -112.9941511225965769, 0.008982649672371854910, 319.9737157468028954 ) ) ;
#3088 = ORIENTED_EDGE ( 'NONE', *, *, #2055, .T. ) ;
#3089 = DIRECTION ( 'NONE',  ( -0.0000000000000000000, -0.0000000000000000000, -1.000000000000000000 ) ) ;
#3090 = ORIENTED_EDGE ( 'NONE', *, *, #3118, .T. ) ;
#3091 = DIRECTION ( 'NONE',  ( 3.508876978744393058E-15, -4.461984743328477095E-17, 1.000000000000000000 ) ) ;
#3092 = CARTESIAN_POINT ( 'NONE',  ( -38.40905239237268631, 2.760507452028968967, 267.8646084979182547 ) ) ;
#3093 = CARTESIAN_POINT ( 'NONE',  ( -2.763972161589454135, 7.633298678480566757, 318.7499999999996589 ) ) ;
#3094 = EDGE_CURVE ( 'NONE', #5145, #791, #2773, .T. ) ;
#3095 = CARTESIAN_POINT ( 'NONE',  ( -104.7868669226872385, 0.6464868089870101642, 267.4221026328913240 ) ) ;
#3096 = CARTESIAN_POINT ( 'NONE',  ( -114.2473849428157706, 0.5451009789339860134, 321.8733392568269664 ) ) ;
#3097 = CARTESIAN_POINT ( 'NONE',  ( -0.2042955852831429553, 2.102147792640991497, 321.0388626422421225 ) ) ;
#3098 = CARTESIAN_POINT ( 'NONE',  ( -39.44422943992408648, 1.768482301394744383, 290.2987513205491723 ) ) ;
#3099 = DIRECTION ( 'NONE',  ( 0.5004356563159255700, 0.0000000000000000000, -0.8657737313453491845 ) ) ;
#3100 = ORIENTED_EDGE ( 'NONE', *, *, #1504, .F. ) ;
#3101 = CARTESIAN_POINT ( 'NONE',  ( -40.34450896826673727, 0.5834559672918533391, 291.3883951451977055 ) ) ;
#3102 = CARTESIAN_POINT ( 'NONE',  ( -1.282084449473380738, 0.1332924004247854621, 318.7499999999956231 ) ) ;
#3103 =( LENGTH_UNIT ( ) NAMED_UNIT ( * ) SI_UNIT ( .MILLI., .METRE. ) );
#3104 = CARTESIAN_POINT ( 'NONE',  ( -104.9729823100100106, 6.610958908936838796, 267.9133600106385416 ) ) ;
#3105 = CARTESIAN_POINT ( 'NONE',  ( -111.1697500245411590, 3.111024932762561424, 0.09359557484754868484 ) ) ;
#3106 = ADVANCED_FACE ( 'NONE', ( #5909 ), #515, .F. ) ;
#3107 = CARTESIAN_POINT ( 'NONE',  ( 58.44042414010126407, 0.0000000000000000000, 288.8141475624760233 ) ) ;
#3108 = LINE ( 'NONE', #109, #4519 ) ;
#3109 = CARTESIAN_POINT ( 'NONE',  ( -2.882670077997946834, 1.765340155995893445, 3.977447978995430940E-15 ) ) ;
#3110 = B_SPLINE_CURVE_WITH_KNOTS ( 'NONE', 3,
 ( #3470, #1730, #5851, #3985 ),
 .UNSPECIFIED., .F., .F.,
 ( 4, 4 ),
 ( 0.0000000000000000000, 0.001071719937869525805 ),
 .UNSPECIFIED. ) ;
#3111 = ORIENTED_EDGE ( 'NONE', *, *, #5683, .T. ) ;
#3112 = ORIENTED_EDGE ( 'NONE', *, *, #2215, .T. ) ;
#3113 = CARTESIAN_POINT ( 'NONE',  ( -105.1851464519072010, 1.650855100458012759, 289.6544379066506849 ) ) ;
#3114 = CARTESIAN_POINT ( 'NONE',  ( -105.2103561995883894, 8.711365967857789272, 313.7134660940670869 ) ) ;
#3115 = ORIENTED_EDGE ( 'NONE', *, *, #2675, .T. ) ;
#3116 = CARTESIAN_POINT ( 'NONE',  ( -105.0539410357471724, 12.56645895492217591, 161.8744999999998981 ) ) ;
#3117 = DIRECTION ( 'NONE',  ( -0.04817122723086528918, -0.9988390925805179510, 0.0000000000000000000 ) ) ;
#3118 = EDGE_CURVE ( 'NONE', #411, #518, #140, .T. ) ;
#3119 = ORIENTED_EDGE ( 'NONE', *, *, #128, .F. ) ;
#3120 = ORIENTED_EDGE ( 'NONE', *, *, #3930, .T. ) ;
#3121 = CARTESIAN_POINT ( 'NONE',  ( -104.5396709893037581, 6.033788328542413204, 266.6837036352786754 ) ) ;
#3122 = CARTESIAN_POINT ( 'NONE',  ( -104.7764306693436112, 1.649644945495127635, 290.8729942802705750 ) ) ;
#3123 =( BOUNDED_CURVE ( )  B_SPLINE_CURVE ( 3, ( #5958, #1325, #2652, #2169 ),
 .UNSPECIFIED., .F., .F. ) 
 B_SPLINE_CURVE_WITH_KNOTS ( ( 4, 4 ),
 ( 4.795631189877280320, 5.470762722814050960 ),
 .UNSPECIFIED. ) 
 CURVE ( )  GEOMETRIC_REPRESENTATION_ITEM ( )  RATIONAL_B_SPLINE_CURVE ( ( 1.000000000000000000, 0.9623757713646924339, 0.9623757713646924339, 1.000000000000000000 ) ) 
 REPRESENTATION_ITEM ( '' )  );
#3124 = DIRECTION ( 'NONE',  ( -0.04817122723086528918, -0.9988390925805179510, 0.0000000000000000000 ) ) ;
#3125 = CARTESIAN_POINT ( 'NONE',  ( -111.0540716415233931, 3.667941576736440279, 323.7500000007615313 ) ) ;
#3126 = CARTESIAN_POINT ( 'NONE',  ( -102.7128620838613529, 8.578616674318434221, 8.999999999999808153 ) ) ;
#3127 = CARTESIAN_POINT ( 'NONE',  ( -39.59714001946986173, 2.775615501982348299, 290.6533059919441939 ) ) ;
#3128 = EDGE_CURVE ( 'NONE', #985, #5769, #5574, .T. ) ;
#3129 = CARTESIAN_POINT ( 'NONE',  ( -1.807315091076573621, 3.995356370322071804, 322.2499999999984084 ) ) ;
#3130 = ORIENTED_EDGE ( 'NONE', *, *, #1570, .F. ) ;
#3131 = EDGE_CURVE ( 'NONE', #5147, #2657, #5008, .T. ) ;
#3132 = CARTESIAN_POINT ( 'NONE',  ( -39.35508854485146912, 1.767104935342021621, 289.9163450686361330 ) ) ;
#3133 = DIRECTION ( 'NONE',  ( -1.000000000000000000, 0.0000000000000000000, 1.371950217666835185E-14 ) ) ;
#3134 = PERSON_AND_ORGANIZATION_ROLE ( 'design_supplier' ) ;
#3135 = CARTESIAN_POINT ( 'NONE',  ( -113.6091603996540158, 6.328566146057454489, 282.1683739294336419 ) ) ;
#3136 = CC_DESIGN_PERSON_AND_ORGANIZATION_ASSIGNMENT ( #1729, #2129, ( #5404 ) ) ;
#3137 = ADVANCED_FACE ( 'NONE', ( #4628 ), #5219, .F. ) ;
#3138 = CYLINDRICAL_SURFACE ( 'NONE', #1295, 5.000000000000004441 ) ;
#3139 = EDGE_CURVE ( 'NONE', #612, #1338, #4598, .T. ) ;
#3140 = CARTESIAN_POINT ( 'NONE',  ( -38.40905239243571145, 2.760507452029763442, 267.8646084979789634 ) ) ;
#3141 = CARTESIAN_POINT ( 'NONE',  ( -40.47065179131052304, 0.5835793471394135068, 268.1507089528258234 ) ) ;
#3142 = ORIENTED_EDGE ( 'NONE', *, *, #6010, .T. ) ;
#3143 = ORIENTED_EDGE ( 'NONE', *, *, #6036, .T. ) ;
#3144 = CARTESIAN_POINT ( 'NONE',  ( -104.6920392605967578, 1.649394917485757395, 290.9759076600440153 ) ) ;
#3145 = CARTESIAN_POINT ( 'NONE',  ( -39.60717325302756109, 1.578108502113133360, 267.6532053712597872 ) ) ;
#3146 = ORIENTED_EDGE ( 'NONE', *, *, #4018, .F. ) ;
#3147 = CARTESIAN_POINT ( 'NONE',  ( -11.49496940825515168, 7.315240705357426876, 314.7481959869078878 ) ) ;
#3148 = LINE ( 'NONE', #4547, #2582 ) ;
#3149 = ORIENTED_EDGE ( 'NONE', *, *, #5482, .F. ) ;
#3150 = ORIENTED_EDGE ( 'NONE', *, *, #3797, .T. ) ;
#3151 = CARTESIAN_POINT ( 'NONE',  ( -38.94249054691954370, 2.767290798727965573, 291.4822798357286615 ) ) ;
#3152 = CARTESIAN_POINT ( 'NONE',  ( -2.939419985850488803, 3.995356370322071804, 5.000999999999672596 ) ) ;
#3153 = CARTESIAN_POINT ( 'NONE',  ( -103.1861293549776519, 0.6449211332515837336, 266.6544379066506281 ) ) ;
#3154 = CARTESIAN_POINT ( 'NONE',  ( 0.0000000000000000000, 2.000000000000014211, 323.7500000000000000 ) ) ;
#3155 = CARTESIAN_POINT ( 'NONE',  ( -2.264336804268405778, 0.5286736085354118986, 321.7546027035326119 ) ) ;
#3156 = CARTESIAN_POINT ( 'NONE',  ( -39.35508831055656032, 1.767104931719466698, 289.9163427738105838 ) ) ;
#3157 = DIRECTION ( 'NONE',  ( -1.000000000000000000, 0.0000000000000000000, -0.0000000000000000000 ) ) ;
#3158 = VERTEX_POINT ( 'NONE', #5124 ) ;
#3159 =( BOUNDED_SURFACE ( )  B_SPLINE_SURFACE ( 3, 2, ( 
 ( #1094, #4396, #3027 ),
 ( #4822, #639, #3976 ),
 ( #216, #2570, #4424 ),
 ( #2084, #4916, #250 ) ),
 .UNSPECIFIED., .F., .F., .F. ) 
 B_SPLINE_SURFACE_WITH_KNOTS ( ( 4, 4 ),
 ( 3, 3 ),
 ( -1.951563910473907981E-18, 0.001281386694773945433 ),
 ( 0.0000000000000000000, 1.000000000000000000 ),
 .UNSPECIFIED. ) 
 GEOMETRIC_REPRESENTATION_ITEM ( )  RATIONAL_B_SPLINE_SURFACE ( (
 ( 1.000000000000000000, 0.7071067811865523467, 1.000000000000000000),
 ( 1.000000000000000000, 0.7082153863813517303, 1.000000000000000000),
 ( 1.000000000000000000, 0.7159930811297324782, 1.000000000000000000),
 ( 1.000000000000000000, 0.7286822673697735953, 1.000000000000000000) ) ) 
 REPRESENTATION_ITEM ( '' )  SURFACE ( )  );
#3160 = CARTESIAN_POINT ( 'NONE',  ( -105.0932437651792526, 7.324441712893342782, 289.6544379066506849 ) ) ;
#3161 = DIRECTION ( 'NONE',  ( -0.9988390925805177289, 0.04817122723086507408, 0.0000000000000000000 ) ) ;
#3162 = EDGE_CURVE ( 'NONE', #3913, #2654, #4232, .T. ) ;
#3163 = DIRECTION ( 'NONE',  ( 0.0000000000000000000, -0.0000000000000000000, -1.000000000000000000 ) ) ;
#3164 = AXIS2_PLACEMENT_3D ( 'NONE', #5915, #5451, #3620 ) ;
#3165 = CC_DESIGN_SECURITY_CLASSIFICATION ( #332, ( #5684 ) ) ;
#3166 = CARTESIAN_POINT ( 'NONE',  ( -105.0539410357334305, 12.56645895519829992, 274.1544379066506281 ) ) ;
#3167 = AXIS2_PLACEMENT_3D ( 'NONE', #4422, #5348, #1158 ) ;
#3168 = CIRCLE ( 'NONE', #5897, 1.000000000000000000 ) ;
#3169 = AXIS2_PLACEMENT_3D ( 'NONE', #1349, #4349, #2938 ) ;
#3170 = CARTESIAN_POINT ( 'NONE',  ( -39.50154766162725650, 2.774399923190240980, 266.2675057896698263 ) ) ;
#3171 = DIRECTION ( 'NONE',  ( -0.0000000000000000000, -1.000000000000000000, 0.0000000000000000000 ) ) ;
#3172 = EDGE_LOOP ( 'NONE', ( #5460, #2068 ) ) ;
#3173 = ORIENTED_EDGE ( 'NONE', *, *, #2935, .F. ) ;
#3174 = AXIS2_PLACEMENT_3D ( 'NONE', #2164, #2583, #2133 ) ;
#3175 = FACE_OUTER_BOUND ( 'NONE', #978, .T. ) ;
#3176 = AXIS2_PLACEMENT_3D ( 'NONE', #3907, #4876, #5342 ) ;
#3177 = DIRECTION ( 'NONE',  ( -0.8650200284677198592, 0.04171750651340179472, 0.5000000000000094369 ) ) ;
#3178 = LINE ( 'NONE', #2260, #418 ) ;
#3179 = VERTEX_POINT ( 'NONE', #4724 ) ;
#3180 = VERTEX_POINT ( 'NONE', #936 ) ;
#3181 = CARTESIAN_POINT ( 'NONE',  ( -104.7184799488521492, 5.706237638311764115, 267.4305167086807273 ) ) ;
#3182 = CARTESIAN_POINT ( 'NONE',  ( -8.646044848997965104, 3.995356370322071804, 159.8547740578359821 ) ) ;
#3183 = EDGE_CURVE ( 'NONE', #5433, #1127, #1695, .T. ) ;
#3184 = CARTESIAN_POINT ( 'NONE',  ( -103.4477846463806827, 0.6451770573641938400, 266.6539154035662591 ) ) ;
#3185 = PLANE ( 'NONE',  #1930 ) ;
#3186 = CARTESIAN_POINT ( 'NONE',  ( -100.2130641889378637, 8.546828554825685487, 284.1544379066506849 ) ) ;
#3187 = CARTESIAN_POINT ( 'NONE',  ( -103.1776934528005825, 2.766118236356089888, 266.6544379066506281 ) ) ;
#3188 = CARTESIAN_POINT ( 'NONE',  ( -11.46271806071731980, 8.052814968258134698, 314.7489999999995121 ) ) ;
#3189 = ORIENTED_EDGE ( 'NONE', *, *, #5361, .F. ) ;
#3190 = DIRECTION ( 'NONE',  ( -1.000000000000000000, 0.0000000000000000000, 9.003423303438627401E-15 ) ) ;
#3191 = CARTESIAN_POINT ( 'NONE',  ( -39.09758418044155803, 10.05251277932856446, 268.6544379066506849 ) ) ;
#3192 = CARTESIAN_POINT ( 'NONE',  ( -114.6619866078413708, 5.253686378801595502, 282.4609825836062669 ) ) ;
#3193 =( BOUNDED_CURVE ( )  B_SPLINE_CURVE ( 3, ( #5994, #5448, #1336, #3553 ),
 .UNSPECIFIED., .F., .F. ) 
 B_SPLINE_CURVE_WITH_KNOTS ( ( 4, 4 ),
 ( 1.570796326794895670, 3.110603521944393712 ),
 .UNSPECIFIED. ) 
 CURVE ( )  GEOMETRIC_REPRESENTATION_ITEM ( )  RATIONAL_B_SPLINE_CURVE ( ( 1.000000000000000000, 0.8119851836001468204, 0.8119851836001468204, 1.000000000000000000 ) ) 
 REPRESENTATION_ITEM ( '' )  );
#3194 = EDGE_CURVE ( 'NONE', #761, #4252, #916, .T. ) ;
#3195 = CARTESIAN_POINT ( 'NONE',  ( -1.095827861741895504, 3.995356370322071804, 5.001000000001088353 ) ) ;
#3196 = CARTESIAN_POINT ( 'NONE',  ( -11.49642254948570574, 7.263749886283576096, 9.002400623575750771 ) ) ;
#3197 = EDGE_CURVE ( 'NONE', #2726, #4938, #1446, .T. ) ;
#3198 = ORIENTED_EDGE ( 'NONE', *, *, #2828, .T. ) ;
#3199 = CARTESIAN_POINT ( 'NONE',  ( -104.1945971271657498, 0.6459075120009121207, 291.4034285730215288 ) ) ;
#3200 = B_SPLINE_CURVE_WITH_KNOTS ( 'NONE', 3,
 ( #4447, #267, #2139, #3082 ),
 .UNSPECIFIED., .F., .F.,
 ( 4, 4 ),
 ( 0.1515543800034849786, 0.2471345332941586870 ),
 .UNSPECIFIED. ) ;
#3201 = CARTESIAN_POINT ( 'NONE',  ( -11.49642254948468612, 7.263749886283466850, 314.7465993764235463 ) ) ;
#3202 = CARTESIAN_POINT ( 'NONE',  ( -103.4302133701663280, 4.712621948688386020, 265.7871435525947845 ) ) ;
#3203 = ORIENTED_EDGE ( 'NONE', *, *, #3313, .T. ) ;
#3204 = ORIENTED_EDGE ( 'NONE', *, *, #4532, .T. ) ;
#3205 = CARTESIAN_POINT ( 'NONE',  ( -104.4916388052292433, 5.139510844160794178, 267.1722408904944359 ) ) ;
#3206 = DIRECTION ( 'NONE',  ( -0.04817122723086528918, -0.9988390925805179510, 0.0000000000000000000 ) ) ;
#3207 = CARTESIAN_POINT ( 'NONE',  ( -110.7098093730611765, 4.000000000000000000, 323.7500000000000000 ) ) ;
#3208 = CARTESIAN_POINT ( 'NONE',  ( -2.017447207805338483, 2.017447207805338483, 323.3060478636587618 ) ) ;
#3209 = EDGE_CURVE ( 'NONE', #3816, #4692, #324, .T. ) ;
#3210 = PLANE ( 'NONE',  #131 ) ;
#3211 = CARTESIAN_POINT ( 'NONE',  ( -11.49203277866662987, 7.418627449564008103, 314.7489999999996257 ) ) ;
#3212 = ORIENTED_EDGE ( 'NONE', *, *, #5363, .T. ) ;
#3213 = CARTESIAN_POINT ( 'NONE',  ( -41.07949960572342718, 1.793688954390109558, 291.6544379066507418 ) ) ;
#3214 = CARTESIAN_POINT ( 'NONE',  ( -7.344533915294841897, 3.995356370322071804, 5.000999999999672596 ) ) ;
#3215 = CARTESIAN_POINT ( 'NONE',  ( -114.7120313747020930, 4.008506410711309975, 279.8121981283218247 ) ) ;
#3216 = EDGE_CURVE ( 'NONE', #5203, #5440, #1781, .T. ) ;
#3217 =( BOUNDED_SURFACE ( )  B_SPLINE_SURFACE ( 3, 2, ( 
 ( #2160, #1693, #4016 ),
 ( #5789, #2096, #4404 ),
 ( #2223, #378, #430 ),
 ( #4990, #2327, #5050 ),
 ( #2707, #842, #2275 ),
 ( #4584, #3678, #4560 ),
 ( #867, #2729, #4129 ),
 ( #2302, #6002, #4606 ),
 ( #403, #4105, #3724 ),
 ( #4158, #6027, #3623 ),
 ( #3135, #2251, #1831 ),
 ( #5977, #2784, #3192 ),
 ( #1319, #1262, #807 ),
 ( #4185, #3699, #3648 ),
 ( #1810, #5556, #5951 ),
 ( #5533, #1782, #5509 ),
 ( #1343, #5481, #3215 ),
 ( #6054, #5021, #2673 ) ),
 .UNSPECIFIED., .F., .F., .F. ) 
 B_SPLINE_SURFACE_WITH_KNOTS ( ( 4, 2, 2, 2, 2, 2, 2, 2, 4 ),
 ( 3, 3 ),
 ( 0.0000000000000000000, 0.0009764199105924254276, 0.001464629865888638196, 0.001952839821184850855, 0.002929259731777276391, 0.003905679642369701710, 0.004882099552962127463, 0.005858519463554552782, 0.007811359284739403420 ),
 ( 0.0000000000000000000, 1.000000000000000000 ),
 .UNSPECIFIED. ) 
 GEOMETRIC_REPRESENTATION_ITEM ( )  RATIONAL_B_SPLINE_SURFACE ( (
 ( 1.000000000000000000, 0.7071067811865475727, 1.000000000000000000),
 ( 1.000000000000000000, 0.7078226584336535510, 1.000000000000000000),
 ( 1.000000000000000000, 0.7083230532671579427, 1.000000000000000000),
 ( 1.000000000000000000, 0.7087815081749463397, 1.000000000000000000),
 ( 1.000000000000000000, 0.7088856007884862809, 1.000000000000000000),
 ( 1.000000000000000000, 0.7090011463035055250, 1.000000000000000000),
 ( 1.000000000000000000, 0.7090120369082089091, 1.000000000000000000),
 ( 1.000000000000000000, 0.7089178274700449478, 1.000000000000000000),
 ( 1.000000000000000000, 0.7086884805390973874, 1.000000000000000000),
 ( 1.000000000000000000, 0.7079948511284568369, 1.000000000000000000),
 ( 1.000000000000000000, 0.7075255147779575537, 1.000000000000000000),
 ( 1.000000000000000000, 0.7065000698901156007, 1.000000000000000000),
 ( 1.000000000000000000, 0.7059409839231903794, 1.000000000000000000),
 ( 1.000000000000000000, 0.7048434978021170805, 1.000000000000000000),
 ( 1.000000000000000000, 0.7043147260718222169, 1.000000000000000000),
 ( 1.000000000000000000, 0.7029718046320824199, 1.000000000000000000),
 ( 1.000000000000000000, 0.7023886002031572984, 1.000000000000000000),
 ( 1.000000000000000000, 0.7024031531465284584, 1.000000000000000000) ) ) 
 REPRESENTATION_ITEM ( '' )  SURFACE ( )  );
#3218 = CARTESIAN_POINT ( 'NONE',  ( -113.6644701333618173, 4.972422735670596339, 279.1544379066506849 ) ) ;
#3219 = B_SPLINE_SURFACE_WITH_KNOTS ( 'NONE', 1, 3, ( 
 ( #4698, #4214, #5719, #3796, #1456, #4638 ),
 ( #5230, #30, #1993, #974, #1529, #5193 ) ),
 .UNSPECIFIED., .F., .F., .F.,
 ( 2, 2 ),
 ( 4, 2, 4 ),
 ( 0.0000000000000000000, 1.000000000000000000 ),
 ( 0.0000000000000000000, 0.1016369166048252115, 1.000000000000000000 ),
 .UNSPECIFIED. ) ;
#3220 = DIRECTION ( 'NONE',  ( 0.0000000000000000000, -0.0000000000000000000, -1.000000000000000000 ) ) ;
#3221 = ORIENTED_EDGE ( 'NONE', *, *, #5322, .T. ) ;
#3222 = CARTESIAN_POINT ( 'NONE',  ( -8.994473609820518689, 7.308181882542209351, 313.7134660940667459 ) ) ;
#3223 = EDGE_CURVE ( 'NONE', #3316, #5433, #1271, .T. ) ;
#3224 = EDGE_CURVE ( 'NONE', #4284, #200, #4752, .T. ) ;
#3225 = CARTESIAN_POINT ( 'NONE',  ( -114.7639975833967583, 2.035466637765298792, 4.000000000000003553 ) ) ;
#3226 = EDGE_CURVE ( 'NONE', #3913, #4384, #3108, .T. ) ;
#3227 = LINE ( 'NONE', #4714, #1699 ) ;
#3228 = ORIENTED_EDGE ( 'NONE', *, *, #5169, .T. ) ;
#3229 = ORIENTED_EDGE ( 'NONE', *, *, #4090, .F. ) ;
#3230 = CARTESIAN_POINT ( 'NONE',  ( -113.6601319343985210, 5.106028148060212324, 278.1206933784487205 ) ) ;
#3231 = DIRECTION ( 'NONE',  ( 0.0000000000000000000, -1.000000000000000000, -2.220446049250313081E-12 ) ) ;
#3232 = SPHERICAL_SURFACE ( 'NONE', #38, 1.000000000000000000 ) ;
#3233 = CARTESIAN_POINT ( 'NONE',  ( -1.912591654621347725, 0.001386241306752809864, 3.921202871008116819 ) ) ;
#3234 = CARTESIAN_POINT ( 'NONE',  ( -104.3801718860699168, 5.633234502396080146, 9.870276250674066887 ) ) ;
#3235 = CARTESIAN_POINT ( 'NONE',  ( -112.2272226409129559, 1.052847796715225215, 1.282125324682610534 ) ) ;
#3236 = DIRECTION ( 'NONE',  ( 0.04817122723086528918, 0.9988390925805179510, -0.0000000000000000000 ) ) ;
#3237 = ORIENTED_EDGE ( 'NONE', *, *, #160, .T. ) ;
#3238 = CARTESIAN_POINT ( 'NONE',  ( -112.9671519962903119, 3.995356370322071804, 323.7500000000015348 ) ) ;
#3239 = CARTESIAN_POINT ( 'NONE',  ( -39.11456060040958249, 9.718927587920520139, 268.6544379066506849 ) ) ;
#3240 = CALENDAR_DATE ( 2021, 4, 8 ) ;
#3241 = FACE_OUTER_BOUND ( 'NONE', #1258, .T. ) ;
#3242 = CARTESIAN_POINT ( 'NONE',  ( -114.7108936472978513, 4.041448674911586991, 278.4967858815041950 ) ) ;
#3243 = VERTEX_POINT ( 'NONE', #4330 ) ;
#3244 = EDGE_CURVE ( 'NONE', #2051, #3898, #3846, .T. ) ;
#3245 = AXIS2_PLACEMENT_3D ( 'NONE', #1929, #1489, #1003 ) ;
#3246 = DIRECTION ( 'NONE',  ( -0.8662767110661351300, 0.0000000000000000000, -0.4995644701782139818 ) ) ;
#3247 = CARTESIAN_POINT ( 'NONE',  ( -10.66994367686545075, 3.597671057295247277, 10.62817315264403639 ) ) ;
#3248 = ORIENTED_EDGE ( 'NONE', *, *, #3595, .F. ) ;
#3249 = CARTESIAN_POINT ( 'NONE',  ( -41.34440498179762358, 0.5844339620352684284, 290.6544379066506849 ) ) ;
#3250 = CIRCLE ( 'NONE', #4909, 1.999999999999988010 ) ;
#3251 = AXIS2_PLACEMENT_3D ( 'NONE', #4680, #493, #875 ) ;
#3252 = VECTOR ( 'NONE', #3684, 1000.000000000000000 ) ;
#3253 = LINE ( 'NONE', #1841, #1297 ) ;
#3254 = CARTESIAN_POINT ( 'NONE',  ( -105.1851464518891532, 1.650855100457928160, 289.6544379066506849 ) ) ;
#3255 = VECTOR ( 'NONE', #1130, 1000.000000000000000 ) ;
#3256 = ORIENTED_EDGE ( 'NONE', *, *, #4014, .F. ) ;
#3257 = ORIENTED_EDGE ( 'NONE', *, *, #6029, .F. ) ;
#3258 = EDGE_CURVE ( 'NONE', #2140, #200, #2015, .T. ) ;
#3259 = CARTESIAN_POINT ( 'NONE',  ( -113.5745385608349238, 6.963527057377060459, 275.6843450286946222 ) ) ;
#3260 = DIRECTION ( 'NONE',  ( -0.04817122723086528918, -0.9988390925805179510, 0.0000000000000000000 ) ) ;
#3261 = VERTEX_POINT ( 'NONE', #2619 ) ;
#3262 = VECTOR ( 'NONE', #5593, 1000.000000000000000 ) ;
#3263 = CARTESIAN_POINT ( 'NONE',  ( -8.965620329267160571, 7.932386900179794864, 11.49999999999962164 ) ) ;
#3264 = CARTESIAN_POINT ( 'NONE',  ( -110.3033827551749795, 12.81962490705610058, 3.811648262644349985E-18 ) ) ;
#3265 = CARTESIAN_POINT ( 'NONE',  ( -107.2605271331453025, 3.995356370322071804, 318.7499999999999432 ) ) ;
#3266 = CARTESIAN_POINT ( 'NONE',  ( -114.2473849428163248, 0.5451009789326028976, 1.876660743176314705 ) ) ;
#3267 = DIRECTION ( 'NONE',  ( 0.04817122723086528918, 0.9988390925805179510, -0.0000000000000000000 ) ) ;
#3268 = ORIENTED_EDGE ( 'NONE', *, *, #169, .T. ) ;
#3269 = CARTESIAN_POINT ( 'NONE',  ( -102.6992869183705892, 9.492436818151233524, 314.7489999999998531 ) ) ;
#3270 = CARTESIAN_POINT ( 'NONE',  ( -11.44655440906366550, 8.387971204123214619, 314.7489999999996257 ) ) ;
#3271 = CARTESIAN_POINT ( 'NONE',  ( -40.54875434413246182, 0.5836557389692526021, 268.0451572761529064 ) ) ;
#3272 = CARTESIAN_POINT ( 'NONE',  ( 42.93488886101099666, 0.0000000000000000000, 245.8300315908137463 ) ) ;
#3273 = CARTESIAN_POINT ( 'NONE',  ( -114.0434928689723932, 12.99999999999998579, 0.0000000000000000000 ) ) ;
#3274 = CARTESIAN_POINT ( 'NONE',  ( -100.6039222012903167, 3.551394570277248253, 310.4036164672495488 ) ) ;
#3275 = CARTESIAN_POINT ( 'NONE',  ( -39.83653839593602441, 1.578946536964585201, 267.3329699065326395 ) ) ;
#3276 = ORIENTED_EDGE ( 'NONE', *, *, #1286, .T. ) ;
#3277 = CARTESIAN_POINT ( 'NONE',  ( -1.095827861744699261, 3.995356370322071804, 318.7499999999956231 ) ) ;
#3278 = DIRECTION ( 'NONE',  ( 0.8662767110661262482, 0.0000000000000000000, 0.4995644701782295249 ) ) ;
#3279 = ADVANCED_FACE ( 'NONE', ( #4476 ), #632, .F. ) ;
#3280 = ORIENTED_EDGE ( 'NONE', *, *, #3300, .T. ) ;
#3281 = LINE ( 'NONE', #4221, #1787 ) ;
#3282 = CARTESIAN_POINT ( 'NONE',  ( -39.34343311930974352, 1.577143931192373616, 268.6544379066506849 ) ) ;
#3283 = CYLINDRICAL_SURFACE ( 'NONE', #3251, 1.000000000000000888 ) ;
#3284 = ORIENTED_EDGE ( 'NONE', *, *, #1822, .F. ) ;
#3285 = ORIENTED_EDGE ( 'NONE', *, *, #3647, .F. ) ;
#3286 = CARTESIAN_POINT ( 'NONE',  ( -114.5801269633217316, 6.812101490874674425, 274.6613916319569739 ) ) ;
#3287 = CARTESIAN_POINT ( 'NONE',  ( -105.1620206313991019, 4.042649962177649492, 277.0149681141255655 ) ) ;
#3288 = VERTEX_POINT ( 'NONE', #1345 ) ;
#3289 = CARTESIAN_POINT ( 'NONE',  ( -105.1669121720525055, 3.686330734057543523, 280.2470085004322300 ) ) ;
#3290 = ADVANCED_FACE ( 'NONE', ( #2710 ), #4993, .F. ) ;
#3291 = CARTESIAN_POINT ( 'NONE',  ( -111.8124041805900646, 12.89240080711835823, 0.4039583207385745722 ) ) ;
#3292 = CARTESIAN_POINT ( 'NONE',  ( -102.7295635581759683, 4.154313124731208617, 11.53955599183055725 ) ) ;
#3293 = LINE ( 'NONE', #1852, #4910 ) ;
#3294 = CARTESIAN_POINT ( 'NONE',  ( -111.5019917828586244, 2.466483335850622627, 323.4512801842707290 ) ) ;
#3295 = ORIENTED_EDGE ( 'NONE', *, *, #3041, .F. ) ;
#3296 = CARTESIAN_POINT ( 'NONE',  ( -77.30305195217141545, 3.995356370322071804, 367.3881438443847287 ) ) ;
#3297 = CARTESIAN_POINT ( 'NONE',  ( -41.32925083372542474, 2.797641500819330496, 266.6544379066506281 ) ) ;
#3298 = DIRECTION ( 'NONE',  ( -0.4994195462902613625, 0.02408561361543276255, -0.8660254037844372643 ) ) ;
#3299 = CARTESIAN_POINT ( 'NONE',  ( -9.966437489848091857, 8.655278431673728790, 9.000000000004536815 ) ) ;
#3300 = EDGE_CURVE ( 'NONE', #3180, #612, #2756, .T. ) ;
#3301 = CARTESIAN_POINT ( 'NONE',  ( -11.66354761523613881, 5.693856030575011218, 314.4522994451569389 ) ) ;
#3302 = CARTESIAN_POINT ( 'NONE',  ( -8.994473609821570292, 7.308181882542173824, 11.49999999999962164 ) ) ;
#3303 = ADVANCED_FACE ( 'NONE', ( #4 ), #2333, .F. ) ;
#3304 = B_SPLINE_CURVE_WITH_KNOTS ( 'NONE', 3,
 ( #4440, #2132, #225, #5880, #4963, #710, #649, #290, #2581, #261, #195, #778, #1632, #2063 ),
 .UNSPECIFIED., .F., .F.,
 ( 4, 2, 2, 2, 2, 2, 4 ),
 ( -6.000000008619097039E-08, 0.0007874222090776531640, 0.001574904418155392491, 0.001968645522694202794, 0.002362386627233013531, 0.002756127731771823835, 0.003149868836310634572 ),
 .UNSPECIFIED. ) ;
#3305 = CARTESIAN_POINT ( 'NONE',  ( -105.1602141842243157, 7.634705713979794695, 314.6841521896874383 ) ) ;
#3306 = CARTESIAN_POINT ( 'NONE',  ( -106.8430056084804392, 12.65274055593678071, 5.001000000000005663 ) ) ;
#3307 = ORIENTED_EDGE ( 'NONE', *, *, #6010, .F. ) ;
#3308 = EDGE_CURVE ( 'NONE', #2440, #3619, #3655, .T. ) ;
#3309 = FACE_OUTER_BOUND ( 'NONE', #3701, .T. ) ;
#3310 = CYLINDRICAL_SURFACE ( 'NONE', #3072, 1.000000000000000888 ) ;
#3311 = ORIENTED_EDGE ( 'NONE', *, *, #1286, .F. ) ;
#3312 = CARTESIAN_POINT ( 'NONE',  ( -104.2584806773133437, 8.564239428906310181, 291.6544379066506849 ) ) ;
#3313 = EDGE_CURVE ( 'NONE', #243, #5187, #816, .T. ) ;
#3314 = CARTESIAN_POINT ( 'NONE',  ( -107.2605271331458141, 3.995356370322071804, 161.8755000000000166 ) ) ;
#3315 = CARTESIAN_POINT ( 'NONE',  ( -105.1320758157862514, 1.650698076312725471, 268.1278880913721991 ) ) ;
#3316 = VERTEX_POINT ( 'NONE', #3218 ) ;
#3317 = ORIENTED_EDGE ( 'NONE', *, *, #3183, .F. ) ;
#3318 = CARTESIAN_POINT ( 'NONE',  ( -113.6611775901945265, 5.074410135413604195, 278.2473695102877400 ) ) ;
#3319 = PLANE ( 'NONE',  #4926 ) ;
#3320 = ORIENTED_EDGE ( 'NONE', *, *, #318, .F. ) ;
#3321 = CARTESIAN_POINT ( 'NONE',  ( -106.1057073328982341, 6.221741721986377982, 282.3709683307808405 ) ) ;
#3322 = CARTESIAN_POINT ( 'NONE',  ( -105.0539410357467034, 12.56645895492213327, 283.1544379066506849 ) ) ;
#3323 = CARTESIAN_POINT ( 'NONE',  ( -107.2605271331453025, 3.995356370322072248, 323.1499999999998636 ) ) ;
#3324 = CARTESIAN_POINT ( 'NONE',  ( -113.5445743938522583, 1.236973847269406290, 1.014049601006324908 ) ) ;
#3325 = CARTESIAN_POINT ( 'NONE',  ( -114.6261690640936166, 5.986207344553529097, 283.1392358452316671 ) ) ;
#3326 = VERTEX_POINT ( 'NONE', #5074 ) ;
#3327 = CARTESIAN_POINT ( 'NONE',  ( -105.0012955040202911, 13.62303811808736498, 313.7134660940670869 ) ) ;
#3328 = CARTESIAN_POINT ( 'NONE',  ( -39.27198691319488688, 6.454664549271045715, 267.4828650313968410 ) ) ;
#3329 = B_SPLINE_CURVE_WITH_KNOTS ( 'NONE', 3,
 ( #2366, #4227, #3315, #5176, #3343, #2853, #1466, #2284, #1047, #3473, #3379, #1116, #2455, #5208 ),
 .UNSPECIFIED., .F., .F.,
 ( 4, 2, 2, 2, 2, 2, 4 ),
 ( -5.999999986414602135E-08, 0.0007874212929819642730, 0.001574902585963792664, 0.001968643232454706481, 0.002362383878945620731, 0.002756124525436534980, 0.003149865171927449230 ),
 .UNSPECIFIED. ) ;
#3330 = DIRECTION ( 'NONE',  ( -0.01271524779708353703, -0.9999191579690125398, 0.0000000000000000000 ) ) ;
#3331 = CARTESIAN_POINT ( 'NONE',  ( -11.52997789522796346, 6.623813341139711319, 314.6957680137962257 ) ) ;
#3332 = DIRECTION ( 'NONE',  ( -1.000000000000000000, 0.0000000000000000000, 0.0000000000000000000 ) ) ;
#3333 = CARTESIAN_POINT ( 'NONE',  ( -105.2189095092668936, 8.118945603783581433, 314.7489999998721828 ) ) ;
#3334 = EDGE_CURVE ( 'NONE', #1776, #1247, #720, .T. ) ;
#3335 = CARTESIAN_POINT ( 'NONE',  ( -1.807315091079391811, 3.995356370322071804, 8.500999999999592660 ) ) ;
#3336 = ORIENTED_EDGE ( 'NONE', *, *, #4171, .F. ) ;
#3337 = DIRECTION ( 'NONE',  ( 0.04366985309242154417, 0.9985658945570973222, -0.03096930994178924770 ) ) ;
#3338 = CARTESIAN_POINT ( 'NONE',  ( -107.2605271331463683, 3.995356370322072248, 9.400999999999999801 ) ) ;
#3339 = VERTEX_POINT ( 'NONE', #358 ) ;
#3340 = CARTESIAN_POINT ( 'NONE',  ( -103.1842722068120395, 4.585506075544208748, 291.6544379066506849 ) ) ;
#3341 =( BOUNDED_CURVE ( )  B_SPLINE_CURVE ( 3, ( #4156, #3676, #4633, #6025 ),
 .UNSPECIFIED., .F., .F. ) 
 B_SPLINE_CURVE_WITH_KNOTS ( ( 4, 4 ),
 ( 3.954335453219692376, 4.569977088701710599 ),
 .UNSPECIFIED. ) 
 CURVE ( )  GEOMETRIC_REPRESENTATION_ITEM ( )  RATIONAL_B_SPLINE_CURVE ( ( 1.000000000000000000, 0.9686640576608656072, 0.9686640576608656072, 1.000000000000000000 ) ) 
 REPRESENTATION_ITEM ( '' )  );
#3342 = ADVANCED_FACE ( 'NONE', ( #4609 ), #1899, .T. ) ;
#3343 = CARTESIAN_POINT ( 'NONE',  ( -104.7833372656357938, 1.649665520266640595, 267.4240688615121826 ) ) ;
#3344 = ORIENTED_EDGE ( 'NONE', *, *, #5855, .T. ) ;
#3345 = ORIENTED_EDGE ( 'NONE', *, *, #5550, .T. ) ;
#3346 = VECTOR ( 'NONE', #5026, 1000.000000000000000 ) ;
#3347 = ORGANIZATION ( 'UNSPECIFIED', 'UNSPECIFIED', '' ) ;
#3348 = CARTESIAN_POINT ( 'NONE',  ( -113.6575480812666115, 5.182054708223461148, 277.8695210390886245 ) ) ;
#3349 = CARTESIAN_POINT ( 'NONE',  ( -106.1116998854985098, 5.729218793382745645, 276.3702270934526268 ) ) ;
#3350 = ORIENTED_EDGE ( 'NONE', *, *, #5850, .T. ) ;
#3351 = CARTESIAN_POINT ( 'NONE',  ( -106.1132037844692206, 5.580161367366547331, 281.7760184018464997 ) ) ;
#3352 = CIRCLE ( 'NONE', #3464, 1.000000000000000000 ) ;
#3353 = AXIS2_PLACEMENT_3D ( 'NONE', #5254, #5717, #3820 ) ;
#3354 = DIRECTION ( 'NONE',  ( -1.000000000000000000, 0.0000000000000000000, 0.0000000000000000000 ) ) ;
#3355 = CARTESIAN_POINT ( 'NONE',  ( -102.7737884628920284, 4.239882624000133049, 12.74712331247723007 ) ) ;
#3356 = CARTESIAN_POINT ( 'NONE',  ( -107.4400095534557806, 3.995356370322071804, 1.500999999998586798 ) ) ;
#3357 = VERTEX_POINT ( 'NONE', #2276 ) ;
#3358 = CARTESIAN_POINT ( 'NONE',  ( -114.4251532653744476, 9.044477096599903732, 284.1544379066506849 ) ) ;
#3359 = ORIENTED_EDGE ( 'NONE', *, *, #3552, .T. ) ;
#3360 = CARTESIAN_POINT ( 'NONE',  ( -105.3267298346446381, 3.611451094724694943, 312.2489999999998531 ) ) ;
#3361 = CARTESIAN_POINT ( 'NONE',  ( -41.19718926624921096, 2.795962169504007555, 266.6547879609781262 ) ) ;
#3362 = VECTOR ( 'NONE', #2211, 1000.000000000000000 ) ;
#3363 = VECTOR ( 'NONE', #2620, 1000.000000000000000 ) ;
#3364 = CARTESIAN_POINT ( 'NONE',  ( -114.0434928689723790, 12.99999999999998046, 284.1544379066506849 ) ) ;
#3365 = VECTOR ( 'NONE', #1747, 1000.000000000000000 ) ;
#3366 = CARTESIAN_POINT ( 'NONE',  ( -114.0434928689723790, 12.99999999999998046, 323.7500000000000000 ) ) ;
#3367 = CARTESIAN_POINT ( 'NONE',  ( -11.63811324047332718, 2.971481520410359511, 312.1606977076643261 ) ) ;
#3368 = DIRECTION ( 'NONE',  ( -0.9988390925805179510, 0.04817122723086529612, -0.0000000000000000000 ) ) ;
#3369 = CARTESIAN_POINT ( 'NONE',  ( -105.1062874225392108, 7.517805663599868460, 289.9145453252182847 ) ) ;
#3370 = CARTESIAN_POINT ( 'NONE',  ( -40.34341320195710523, 1.583455373862800108, 268.6544379066506849 ) ) ;
#3371 = VERTEX_POINT ( 'NONE', #5954 ) ;
#3372 = EDGE_CURVE ( 'NONE', #5515, #5981, #2439, .T. ) ;
#3373 = DIRECTION ( 'NONE',  ( -0.04817122723086528918, -0.9988390925805179510, 0.0000000000000000000 ) ) ;
#3374 = PRODUCT_DEFINITION_SHAPE ( 'NONE', 'NONE',  #5404 ) ;
#3375 = DIRECTION ( 'NONE',  ( 0.0000000000000000000, 1.000000000000000000, -0.0000000000000000000 ) ) ;
#3376 = ORIENTED_EDGE ( 'NONE', *, *, #3118, .F. ) ;
#3377 = CARTESIAN_POINT ( 'NONE',  ( -104.9735017887116726, 14.13761165742181269, 11.49999999999978861 ) ) ;
#3378 = EDGE_CURVE ( 'NONE', #2437, #1176, #380, .T. ) ;
#3379 = CARTESIAN_POINT ( 'NONE',  ( -103.7025205743609462, 1.646458920573079521, 266.7181302735615986 ) ) ;
#3380 = EDGE_CURVE ( 'NONE', #4281, #2168, #5112, .T. ) ;
#3381 = ORIENTED_EDGE ( 'NONE', *, *, #3216, .T. ) ;
#3382 = ORIENTED_EDGE ( 'NONE', *, *, #4713, .F. ) ;
#3383 = CARTESIAN_POINT ( 'NONE',  ( 0.1926849089234611567, 3.995356370322071804, 0.0000000000000000000 ) ) ;
#3384 = CARTESIAN_POINT ( 'NONE',  ( -106.0854893404051609, 7.389972498906123732, 275.3387115397305251 ) ) ;
#3385 = ORIENTED_EDGE ( 'NONE', *, *, #1320, .T. ) ;
#3386 = CARTESIAN_POINT ( 'NONE',  ( -105.1248021742476055, 6.063415617464703367, 283.4790416401962148 ) ) ;
#3387 = LINE ( 'NONE', #3755, #166 ) ;
#3388 = CARTESIAN_POINT ( 'NONE',  ( -103.1711405694369432, 3.326695977282428718, 291.6544379066506849 ) ) ;
#3389 = APPROVAL ( #2672, 'UNSPECIFIED' ) ;
#3390 = CARTESIAN_POINT ( 'NONE',  ( -105.1842404587667090, 4.618943178514049563, 268.6544379066506281 ) ) ;
#3391 = ORIENTED_EDGE ( 'NONE', *, *, #5920, .T. ) ;
#3392 = CARTESIAN_POINT ( 'NONE',  ( -114.0434928689723932, 12.99999999999998579, 323.7500000000000000 ) ) ;
#3393 = ORIENTED_EDGE ( 'NONE', *, *, #2735, .F. ) ;
#3394 = CARTESIAN_POINT ( 'NONE',  ( -107.2605271331463683, 3.995356370322072248, 0.6010000000000104148 ) ) ;
#3395 = CARTESIAN_POINT ( 'NONE',  ( -39.75336771715232231, 1.773256176898585501, 267.4324765193189251 ) ) ;
#3396 = DIRECTION ( 'NONE',  ( -0.9999191579690123177, 0.01271524779708346417, 0.0000000000000000000 ) ) ;
#3397 = CARTESIAN_POINT ( 'NONE',  ( -40.37037164339663065, 0.5834812634825085054, 268.3928053023652183 ) ) ;
#3398 = EDGE_CURVE ( 'NONE', #1670, #1247, #459, .T. ) ;
#3399 = DIRECTION ( 'NONE',  ( 4.201102815188015135E-13, -2.903348250445445588E-12, 1.000000000000000000 ) ) ;
#3400 = CARTESIAN_POINT ( 'NONE',  ( -102.8687996677701761, 4.304765488750785352, 292.6544378968329738 ) ) ;
#3401 = FACE_OUTER_BOUND ( 'NONE', #1848, .T. ) ;
#3402 = CARTESIAN_POINT ( 'NONE',  ( -100.2766404279231836, 3.547232764980625230, 309.7489999999995689 ) ) ;
#3403 =( BOUNDED_CURVE ( )  B_SPLINE_CURVE ( 3, ( #2448, #1103, #2484, #4347 ),
 .UNSPECIFIED., .F., .T. ) 
 B_SPLINE_CURVE_WITH_KNOTS ( ( 4, 4 ),
 ( 3.172581785235203178, 4.712388980384679016 ),
 .UNSPECIFIED. ) 
 CURVE ( )  GEOMETRIC_REPRESENTATION_ITEM ( )  RATIONAL_B_SPLINE_CURVE ( ( 1.000000000000000000, 0.8119851836001520384, 0.8119851836001520384, 1.000000000000000000 ) ) 
 REPRESENTATION_ITEM ( '' )  );
#3404 = CARTESIAN_POINT ( 'NONE',  ( 0.0000000000000000000, 0.0000000000000000000, 4.000000000000003553 ) ) ;
#3405 = ORIENTED_EDGE ( 'NONE', *, *, #3258, .F. ) ;
#3406 = CARTESIAN_POINT ( 'NONE',  ( -8.996742606231661554, 7.256871965568199911, 9.000814612466118803 ) ) ;
#3407 = CARTESIAN_POINT ( 'NONE',  ( -5.366071086144317270, 0.0000000000000000000, 325.6956607797318384 ) ) ;
#3408 = ORIENTED_EDGE ( 'NONE', *, *, #4377, .T. ) ;
#3409 = CARTESIAN_POINT ( 'NONE',  ( -102.7128620838603155, 8.578616674318388036, 314.7489999999995689 ) ) ;
#3410 = CARTESIAN_POINT ( 'NONE',  ( -113.5092331866923985, 3.995356370322071804, 5.001000000001642576 ) ) ;
#3411 = VERTEX_POINT ( 'NONE', #3195 ) ;
#3412 = ORIENTED_EDGE ( 'NONE', *, *, #4187, .T. ) ;
#3413 = CARTESIAN_POINT ( 'NONE',  ( -2.418669776894634360, 2.418669776894635248, 0.2700045808943279946 ) ) ;
#3414 = DIRECTION ( 'NONE',  ( -0.8650200284677199702, 0.04171750651340180166, 0.5000000000000091038 ) ) ;
#3415 = ORIENTED_EDGE ( 'NONE', *, *, #3819, .T. ) ;
#3416 = EDGE_CURVE ( 'NONE', #4236, #237, #2730, .T. ) ;
#3417 = FACE_OUTER_BOUND ( 'NONE', #339, .T. ) ;
#3418 = DIRECTION ( 'NONE',  ( 0.0000000000000000000, -0.0000000000000000000, -1.000000000000000000 ) ) ;
#3419 = CARTESIAN_POINT ( 'NONE',  ( -105.0913789409623433, 7.309621696122794887, 289.7615142332729761 ) ) ;
#3420 = CARTESIAN_POINT ( 'NONE',  ( -111.9257647238848534, 2.821621160211749135, 0.1531350599830345882 ) ) ;
#3421 = VERTEX_POINT ( 'NONE', #3277 ) ;
#3422 = FACE_OUTER_BOUND ( 'NONE', #1171, .T. ) ;
#3423 = ORIENTED_EDGE ( 'NONE', *, *, #3567, .F. ) ;
#3424 = CARTESIAN_POINT ( 'NONE',  ( -106.0928674035609589, 7.351874933421254532, 289.6544379066511965 ) ) ;
#3425 = CARTESIAN_POINT ( 'NONE',  ( -41.08008747031512797, 1.793696886340534480, 266.6673880711872471 ) ) ;
#3426 = CARTESIAN_POINT ( 'NONE',  ( -3.440329995356932624, 3.995356370322071804, 322.8060826047154706 ) ) ;
#3427 = CARTESIAN_POINT ( 'NONE',  ( -113.6909409977380392, 0.2276121061002252532, 5.001000000001642576 ) ) ;
#3428 = B_SPLINE_CURVE_WITH_KNOTS ( 'NONE', 3,
 ( #4013, #803, #1629, #1137 ),
 .UNSPECIFIED., .F., .F.,
 ( 4, 4 ),
 ( 0.1515543800034852284, 0.2471347762703708095 ),
 .UNSPECIFIED. ) ;
#3429 = CARTESIAN_POINT ( 'NONE',  ( -112.5801278183864582, 0.3616073354858674871, 321.4184128849042281 ) ) ;
#3430 = CARTESIAN_POINT ( 'NONE',  ( -104.3384214008911499, 5.715360627168974084, 291.8797813954254252 ) ) ;
#3431 = DIRECTION ( 'NONE',  ( 1.000000000000000000, 0.0000000000000000000, -0.0000000000000000000 ) ) ;
#3432 = CARTESIAN_POINT ( 'NONE',  ( -40.45904777528045315, 0.5835679972924784353, 291.4499514330307761 ) ) ;
#3433 = CARTESIAN_POINT ( 'NONE',  ( -38.32945050852324442, 2.759495212519210483, 268.6544379066506849 ) ) ;
#3434 = ORIENTED_EDGE ( 'NONE', *, *, #4671, .T. ) ;
#3435 = CARTESIAN_POINT ( 'NONE',  ( -110.7098093730611765, 4.000000000000000000, 0.0000000000000000000 ) ) ;
#3436 = CARTESIAN_POINT ( 'NONE',  ( -112.0953741704974220, 1.310533641135553928, 1.030058833613916258 ) ) ;
#3437 = ORIENTED_EDGE ( 'NONE', *, *, #1832, .T. ) ;
#3438 = CARTESIAN_POINT ( 'NONE',  ( -105.0012955040122904, 13.62303811808693155, 10.03553390592868588 ) ) ;
#3439 = ORIENTED_EDGE ( 'NONE', *, *, #4532, .F. ) ;
#3440 = ORIENTED_EDGE ( 'NONE', *, *, #5731, .T. ) ;
#3441 = CARTESIAN_POINT ( 'NONE',  ( -2.493226378986366676, 0.9864527579727868645, 1.356692992534838327 ) ) ;
#3442 = CARTESIAN_POINT ( 'NONE',  ( -102.7128620838613671, 8.578616674318402247, 11.49999999999980105 ) ) ;
#3443 = VERTEX_POINT ( 'NONE', #4704 ) ;
#3444 = CARTESIAN_POINT ( 'NONE',  ( -39.27198691319489399, 6.454664549271045715, 289.6544379066506849 ) ) ;
#3445 = CARTESIAN_POINT ( 'NONE',  ( -112.6833417953713763, 12.93440370233659742, 0.9846944170405073082 ) ) ;
#3446 = CARTESIAN_POINT ( 'NONE',  ( -110.7098093730611765, 4.000000000000000000, 3.469446951953614189E-15 ) ) ;
#3447 = AXIS2_PLACEMENT_3D ( 'NONE', #2813, #975, #1038 ) ;
#3448 = EDGE_CURVE ( 'NONE', #2437, #2528, #1404, .T. ) ;
#3449 = CIRCLE ( 'NONE', #1376, 1.000000000000000666 ) ;
#3450 = ORIENTED_EDGE ( 'NONE', *, *, #1188, .T. ) ;
#3451 = DIRECTION ( 'NONE',  ( 1.000000000000000000, 0.0000000000000000000, 0.0000000000000000000 ) ) ;
#3452 = ORIENTED_EDGE ( 'NONE', *, *, #4749, .F. ) ;
#3453 = CARTESIAN_POINT ( 'NONE',  ( -105.1129001921559478, 7.551033826194843535, 268.5226350041642149 ) ) ;
#3454 = CARTESIAN_POINT ( 'NONE',  ( -107.2605271331458141, 3.995356370322072248, 157.4754999999999825 ) ) ;
#3455 = CARTESIAN_POINT ( 'NONE',  ( -103.3181840697172191, 0.6450502954995889215, 267.6544379066506281 ) ) ;
#3456 = VECTOR ( 'NONE', #958, 1000.000000000000000 ) ;
#3457 = VECTOR ( 'NONE', #5257, 1000.000000000000000 ) ;
#3458 = FACE_OUTER_BOUND ( 'NONE', #5279, .T. ) ;
#3459 =( BOUNDED_SURFACE ( )  B_SPLINE_SURFACE ( 3, 2, ( 
 ( #5608, #4751, #2406 ),
 ( #4204, #5572, #77 ),
 ( #1382, #2801, #3289 ),
 ( #3783, #4293, #5547 ),
 ( #4656, #1444, #2830 ),
 ( #3351, #1881, #5642 ),
 ( #15, #2344, #4237 ),
 ( #3753, #4686, #52 ),
 ( #3321, #5182, #989 ),
 ( #2860, #2952, #3386 ),
 ( #1084, #1152, #693 ),
 ( #1515, #2075, #5772 ),
 ( #591, #2918, #1614 ),
 ( #4414, #2013, #5309 ) ),
 .UNSPECIFIED., .F., .F., .F. ) 
 B_SPLINE_SURFACE_WITH_KNOTS ( ( 4, 2, 2, 2, 2, 2, 4 ),
 ( 3, 3 ),
 ( 0.0000000000000000000, 0.001638163269811566958, 0.003276326539623133915, 0.004095408174528917394, 0.004914489809434700873, 0.005733571444340484352, 0.006552653079246267831 ),
 ( 0.0000000000000000000, 1.000000000000000000 ),
 .UNSPECIFIED. ) 
 GEOMETRIC_REPRESENTATION_ITEM ( )  RATIONAL_B_SPLINE_SURFACE ( (
 ( 1.000000000000000000, 0.7195536422901670504, 1.000000000000000000),
 ( 1.000000000000000000, 0.7195525429526450356, 1.000000000000000000),
 ( 1.000000000000000000, 0.7192034205115549472, 1.000000000000000000),
 ( 1.000000000000000000, 0.7178815945194250148, 1.000000000000000000),
 ( 1.000000000000000000, 0.7169426052267684479, 1.000000000000000000),
 ( 1.000000000000000000, 0.7152787440550703035, 1.000000000000000000),
 ( 1.000000000000000000, 0.7146905260502716128, 1.000000000000000000),
 ( 1.000000000000000000, 0.7134958413758845097, 1.000000000000000000),
 ( 1.000000000000000000, 0.7128866277512059257, 1.000000000000000000),
 ( 1.000000000000000000, 0.7116739347542199168, 1.000000000000000000),
 ( 1.000000000000000000, 0.7110789620840701764, 1.000000000000000000),
 ( 1.000000000000000000, 0.7099614292851824660, 1.000000000000000000),
 ( 1.000000000000000000, 0.7094347960221961680, 1.000000000000000000),
 ( 1.000000000000000000, 0.7089511716128210628, 1.000000000000000000) ) ) 
 REPRESENTATION_ITEM ( '' )  SURFACE ( )  );
#3460 = CARTESIAN_POINT ( 'NONE',  ( -112.6105198230821998, 0.3019777468256281683, 321.2821803687613738 ) ) ;
#3461 = LINE ( 'NONE', #1134, #330 ) ;
#3462 = CARTESIAN_POINT ( 'NONE',  ( -1.095827861741895504, 3.995356370322071804, 5.001000000001088353 ) ) ;
#3463 = EDGE_CURVE ( 'NONE', #1943, #35, #2755, .T. ) ;
#3464 = AXIS2_PLACEMENT_3D ( 'NONE', #4339, #541, #1483 ) ;
#3465 = EDGE_CURVE ( 'NONE', #5121, #3782, #1876, .T. ) ;
#3466 = VECTOR ( 'NONE', #1060, 1000.000000000000227 ) ;
#3467 = CARTESIAN_POINT ( 'NONE',  ( -106.1149789071020706, 11.32492726862290233, 275.1544379066506281 ) ) ;
#3468 = DIRECTION ( 'NONE',  ( 0.04817122723086528918, 0.9988390925805179510, -0.0000000000000000000 ) ) ;
#3469 = FACE_OUTER_BOUND ( 'NONE', #450, .T. ) ;
#3470 = CARTESIAN_POINT ( 'NONE',  ( -105.2127154621919658, 8.605880615324153382, 274.1544379066506281 ) ) ;
#3471 = DIRECTION ( 'NONE',  ( -0.8650200284677296292, 0.04171750651340225269, -0.4999999999999923950 ) ) ;
#3472 = CARTESIAN_POINT ( 'NONE',  ( -2.000000000000014211, 4.000000000000000000, 323.7500000000000000 ) ) ;
#3473 = CARTESIAN_POINT ( 'NONE',  ( -103.8294591450756172, 1.646835991599397531, 266.7565359664441758 ) ) ;
#3474 = ORIENTED_EDGE ( 'NONE', *, *, #3986, .F. ) ;
#3475 = EDGE_LOOP ( 'NONE', ( #1411, #205, #660, #4481 ) ) ;
#3476 = DIRECTION ( 'NONE',  ( -0.0000000000000000000, -0.0000000000000000000, -1.000000000000000000 ) ) ;
#3477 = CARTESIAN_POINT ( 'NONE',  ( -111.6365241221576952, 0.8775010007995569516, 322.2499999999986358 ) ) ;
#3478 = ORIENTED_EDGE ( 'NONE', *, *, #1288, .T. ) ;
#3479 = PLANE ( 'NONE',  #3176 ) ;
#3480 = CARTESIAN_POINT ( 'NONE',  ( -106.0807419664304803, 7.603298061290478138, 283.0256431650744275 ) ) ;
#3481 = CARTESIAN_POINT ( 'NONE',  ( -111.5078420405286863, 2.455121517910701101, 0.3031338125958041307 ) ) ;
#3482 = ORIENTED_EDGE ( 'NONE', *, *, #2158, .T. ) ;
#3483 = LINE ( 'NONE', #244, #3466 ) ;
#3484 = ORIENTED_EDGE ( 'NONE', *, *, #5614, .T. ) ;
#3485 = DIRECTION ( 'NONE',  ( 3.965082230804116415E-15, -1.652117596168381839E-16, 1.000000000000000000 ) ) ;
#3486 = CARTESIAN_POINT ( 'NONE',  ( -39.34260248381276881, 1.703651095236503155, 268.6544379066506849 ) ) ;
#3487 = CARTESIAN_POINT ( 'NONE',  ( -8.802789649912137193, 0.0000000000000000000, 319.7500000000000000 ) ) ;
#3488 = EDGE_CURVE ( 'NONE', #4986, #2218, #2513, .T. ) ;
#3489 = DIRECTION ( 'NONE',  ( -0.9988390925805179510, 0.04817122723086519898, 0.0000000000000000000 ) ) ;
#3490 = CARTESIAN_POINT ( 'NONE',  ( -113.2449723362211103, 1.531390751358552071, 322.9865788510018092 ) ) ;
#3491 = CARTESIAN_POINT ( 'NONE',  ( -104.8532594475798305, 6.676878549852979461, 291.0496432093482895 ) ) ;
#3492 = CARTESIAN_POINT ( 'NONE',  ( -40.59094989936453146, 0.5836970102921351655, 267.9937018606336210 ) ) ;
#3493 = CARTESIAN_POINT ( 'NONE',  ( -113.8386541267968397, 12.99012119803045984, 321.0399594753760084 ) ) ;
#3494 = LINE ( 'NONE', #3593, #5022 ) ;
#3495 =( NAMED_UNIT ( * ) SI_UNIT ( $, .STERADIAN. ) SOLID_ANGLE_UNIT ( ) );
#3496 = ADVANCED_FACE ( 'NONE', ( #3309 ), #4862, .F. ) ;
#3497 = EDGE_CURVE ( 'NONE', #5061, #2140, #165, .T. ) ;
#3498 = CARTESIAN_POINT ( 'NONE',  ( -112.9671519962925714, 3.995356370322071804, 159.8547740578390233 ) ) ;
#3499 = CARTESIAN_POINT ( 'NONE',  ( -7.757162981979418781, 0.3039356790800917807, 321.5336171427800878 ) ) ;
#3500 = CARTESIAN_POINT ( 'NONE',  ( -104.2912796433726044, 3.598284024508441981, 8.999999999994944488 ) ) ;
#3501 = EDGE_CURVE ( 'NONE', #4793, #3710, #2847, .T. ) ;
#3502 = CARTESIAN_POINT ( 'NONE',  ( -4.000000000000003553, 7.692908858248284965, 323.7500000000000000 ) ) ;
#3503 = ORIENTED_EDGE ( 'NONE', *, *, #1666, .F. ) ;
#3504 = ORIENTED_EDGE ( 'NONE', *, *, #5202, .T. ) ;
#3505 = LINE ( 'NONE', #5767, #5304 ) ;
#3506 = LINE ( 'NONE', #4902, #3832 ) ;
#3507 = ORIENTED_EDGE ( 'NONE', *, *, #2274, .T. ) ;
#3508 = CARTESIAN_POINT ( 'NONE',  ( -105.0928674035674391, 7.351874933466787887, 274.3154313336117980 ) ) ;
#3509 = CARTESIAN_POINT ( 'NONE',  ( -106.0970599281676812, 6.782159144340882406, 282.7191134687548129 ) ) ;
#3510 = CARTESIAN_POINT ( 'NONE',  ( -104.8509621475897831, 13.45168003562944037, 268.6544379066506281 ) ) ;
#3511 = ORIENTED_EDGE ( 'NONE', *, *, #3861, .F. ) ;
#3512 = CARTESIAN_POINT ( 'NONE',  ( -105.3267298346446097, 3.611451094724694943, 312.2489999999998531 ) ) ;
#3513 = ORIENTED_EDGE ( 'NONE', *, *, #4180, .F. ) ;
#3514 = CARTESIAN_POINT ( 'NONE',  ( -105.0376940634165663, 7.225246107979342192, 268.1581337362813429 ) ) ;
#3515 = CARTESIAN_POINT ( 'NONE',  ( -105.1129002011238072, 7.551033870321990804, 283.9934444796772368 ) ) ;
#3516 = CARTESIAN_POINT ( 'NONE',  ( -3.118902406158292617, 3.995356370322071804, 322.2499999999994884 ) ) ;
#3517 = FACE_OUTER_BOUND ( 'NONE', #5450, .T. ) ;
#3518 = CARTESIAN_POINT ( 'NONE',  ( -13.41498531086378243, 2.442676001490814652, 310.0698465882124992 ) ) ;
#3519 = CARTESIAN_POINT ( 'NONE',  ( -103.5490041553588014, 4.816695220746773032, 292.4698556607824571 ) ) ;
#3520 = CARTESIAN_POINT ( 'NONE',  ( -100.2130641889378637, 8.546828554825685487, 283.1544379066506849 ) ) ;
#3521 = FACE_OUTER_BOUND ( 'NONE', #1027, .T. ) ;
#3522 = CARTESIAN_POINT ( 'NONE',  ( -113.6375699947147382, 12.98042347044751033, 321.5244048050754486 ) ) ;
#3523 = DIRECTION ( 'NONE',  ( -0.5004356563159397808, 0.0000000000000000000, -0.8657737313453409689 ) ) ;
#3524 = CALENDAR_DATE ( 2021, 4, 8 ) ;
#3525 = CARTESIAN_POINT ( 'NONE',  ( -105.0932437651803468, 7.324441712857003850, 268.6544379066506281 ) ) ;
#3526 = DIRECTION ( 'NONE',  ( 0.0000000000000000000, -0.0000000000000000000, 1.000000000000000000 ) ) ;
#3527 = EDGE_CURVE ( 'NONE', #2287, #5791, #5234, .T. ) ;
#3528 = CARTESIAN_POINT ( 'NONE',  ( 52.37472750356351270, 0.0000000000000000000, 292.3202494080496763 ) ) ;
#3529 = CARTESIAN_POINT ( 'NONE',  ( -105.0532876204455022, 7.044582882879524277, 290.0927161384489068 ) ) ;
#3530 = CARTESIAN_POINT ( 'NONE',  ( -114.0434928689723790, 12.99999999999998046, 274.1544379066506849 ) ) ;
#3531 = VERTEX_POINT ( 'NONE', #4312 ) ;
#3532 = VERTEX_POINT ( 'NONE', #1936 ) ;
#3533 = ADVANCED_FACE ( 'NONE', ( #3801 ), #1042, .F. ) ;
#3534 = CARTESIAN_POINT ( 'NONE',  ( -105.1379581501705474, 0.6468302100716898373, 290.1787193246462948 ) ) ;
#3535 = LINE ( 'NONE', #5339, #4418 ) ;
#3536 = VERTEX_POINT ( 'NONE', #1533 ) ;
#3537 = B_SPLINE_CURVE_WITH_KNOTS ( 'NONE', 3,
 ( #3940, #182, #1550, #1090 ),
 .UNSPECIFIED., .F., .F.,
 ( 4, 4 ),
 ( 1.734723475976807094E-18, 0.003858317816045059214 ),
 .UNSPECIFIED. ) ;
#3538 = CARTESIAN_POINT ( 'NONE',  ( -105.2103562079477257, 8.711365713970048219, 312.2489999999998531 ) ) ;
#3539 = CARTESIAN_POINT ( 'NONE',  ( -105.2103562079593644, 8.711365713970430136, 11.49999999999978861 ) ) ;
#3540 = FACE_OUTER_BOUND ( 'NONE', #3643, .T. ) ;
#3541 = ORIENTED_EDGE ( 'NONE', *, *, #1288, .F. ) ;
#3542 = DIRECTION ( 'NONE',  ( -0.0000000000000000000, -0.0000000000000000000, 1.000000000000000000 ) ) ;
#3543 = ORIENTED_EDGE ( 'NONE', *, *, #2233, .F. ) ;
#3544 = CARTESIAN_POINT ( 'NONE',  ( -104.8945883598419044, 6.283410661722889756, 267.7249323250852058 ) ) ;
#3545 = DIRECTION ( 'NONE',  ( 0.04817122723086528918, 0.9988390925805179510, -0.0000000000000000000 ) ) ;
#3546 = CARTESIAN_POINT ( 'NONE',  ( -38.32945050852323732, 2.759495212519210483, 11.49999999999978861 ) ) ;
#3547 = DIRECTION ( 'NONE',  ( -0.5004356563159417792, 0.0000000000000000000, -0.8657737313453397476 ) ) ;
#3548 = VECTOR ( 'NONE', #5707, 1000.000000000000000 ) ;
#3549 = AXIS2_PLACEMENT_3D ( 'NONE', #3370, #5232, #1039 ) ;
#3550 = CARTESIAN_POINT ( 'NONE',  ( -114.5078490602318482, 0.2883109635163485507, 321.3398247663567986 ) ) ;
#3551 = CARTESIAN_POINT ( 'NONE',  ( -2.012892176783918519, 0.02578435356781550933, 320.2735923123989892 ) ) ;
#3552 = EDGE_CURVE ( 'NONE', #3316, #3681, #1117, .T. ) ;
#3553 = CARTESIAN_POINT ( 'NONE',  ( -8.997824869315506291, 7.231977029052680805, 11.50120031178776436 ) ) ;
#3554 = LINE ( 'NONE', #1967, #1604 ) ;
#3555 = ORIENTED_EDGE ( 'NONE', *, *, #1226, .T. ) ;
#3556 = B_SPLINE_CURVE_WITH_KNOTS ( 'NONE', 3,
 ( #71, #5080, #439, #1817 ),
 .UNSPECIFIED., .F., .F.,
 ( 4, 4 ),
 ( 0.0000000000000000000, 0.0007696572631998900311 ),
 .UNSPECIFIED. ) ;
#3557 = CARTESIAN_POINT ( 'NONE',  ( -111.8140401712577585, 12.89247970639131324, 323.3451125604810272 ) ) ;
#3558 = LINE ( 'NONE', #4864, #342 ) ;
#3559 = AXIS2_PLACEMENT_3D ( 'NONE', #3578, #1395, #5134 ) ;
#3560 = PERSON_AND_ORGANIZATION ( #4286, #3347 ) ;
#3561 = CARTESIAN_POINT ( 'NONE',  ( -113.6909409977385650, 0.2276121061000110357, 318.7499999999960778 ) ) ;
#3562 = AXIS2_PLACEMENT_3D ( 'NONE', #776, #3036, #4890 ) ;
#3563 = CARTESIAN_POINT ( 'NONE',  ( -105.1680342064855296, 9.996761677021455128, 284.1544379066507418 ) ) ;
#3564 = VECTOR ( 'NONE', #3972, 1000.000000000000000 ) ;
#3565 = CARTESIAN_POINT ( 'NONE',  ( -106.2098146117498345, 8.744273145798887370, 275.1544379066506281 ) ) ;
#3566 = AXIS2_PLACEMENT_3D ( 'NONE', #2803, #535, #4658 ) ;
#3567 = EDGE_CURVE ( 'NONE', #11, #4958, #18, .T. ) ;
#3568 = CARTESIAN_POINT ( 'NONE',  ( -103.4855913448488280, 3.615949032276731145, 291.6342802431174732 ) ) ;
#3569 = CARTESIAN_POINT ( 'NONE',  ( -102.8269319397231385, 3.579662975232015931, 11.49999999999978861 ) ) ;
#3570 = VERTEX_POINT ( 'NONE', #1167 ) ;
#3571 = ORIENTED_EDGE ( 'NONE', *, *, #2233, .T. ) ;
#3572 = CARTESIAN_POINT ( 'NONE',  ( -103.7129530617528417, 0.6454364176511451223, 291.6023915526637893 ) ) ;
#3573 = DIRECTION ( 'NONE',  ( -3.506950558086308462E-15, 1.961123667350896153E-16, -1.000000000000000000 ) ) ;
#3574 = VERTEX_POINT ( 'NONE', #5852 ) ;
#3575 = EDGE_CURVE ( 'NONE', #5913, #898, #2001, .T. ) ;
#3576 = DIRECTION ( 'NONE',  ( 0.04817122723086528918, 0.9988390925805179510, -0.0000000000000000000 ) ) ;
#3577 = EDGE_CURVE ( 'NONE', #4284, #3421, #4378, .T. ) ;
#3578 = CARTESIAN_POINT ( 'NONE',  ( -113.4282625802592719, 8.965680130093533151, 274.1544379066506849 ) ) ;
#3579 = CARTESIAN_POINT ( 'NONE',  ( -113.0282464483293836, 0.01308287230767273164, 163.9717476727973917 ) ) ;
#3580 = VERTEX_POINT ( 'NONE', #1598 ) ;
#3581 = ORIENTED_EDGE ( 'NONE', *, *, #2192, .F. ) ;
#3582 = CARTESIAN_POINT ( 'NONE',  ( -103.9809463769890669, 5.254087619293477118, 266.0981292488583563 ) ) ;
#3583 = CARTESIAN_POINT ( 'NONE',  ( -39.39520575780736777, 1.767725039532108022, 268.1278849692762378 ) ) ;
#3584 = CARTESIAN_POINT ( 'NONE',  ( -4.000000000000003553, 7.692908858248284965, 0.0000000000000000000 ) ) ;
#3585 = DIRECTION ( 'NONE',  ( -0.9988390925805179510, 0.04817122723086529612, 0.0000000000000000000 ) ) ;
#3586 = ADVANCED_FACE ( 'NONE', ( #4933 ), #3039, .F. ) ;
#3587 = CARTESIAN_POINT ( 'NONE',  ( -104.0196092889384545, 12.51657601313745438, 314.7489999999998531 ) ) ;
#3588 = CARTESIAN_POINT ( 'NONE',  ( -1.884850435671194237E-10, 1.884850435671194237E-10, 320.1431991264811359 ) ) ;
#3589 = CARTESIAN_POINT ( 'NONE',  ( -103.1851512589931872, 1.644920654915599689, 266.6544379066506281 ) ) ;
#3590 = DIRECTION ( 'NONE',  ( 0.4994195462902732419, -0.02408561361543333154, 0.8660254037844304920 ) ) ;
#3591 = ORIENTED_EDGE ( 'NONE', *, *, #3622, .T. ) ;
#3592 = LINE ( 'NONE', #2187, #509 ) ;
#3593 = CARTESIAN_POINT ( 'NONE',  ( 130.7627748239688685, 3.995356370322071804, 247.1216644978270836 ) ) ;
#3594 = APPROVAL_ROLE ( '' ) ;
#3595 = EDGE_CURVE ( 'NONE', #1029, #2611, #3304, .T. ) ;
#3596 = DIRECTION ( 'NONE',  ( 0.0000000000000000000, 0.0000000000000000000, -1.000000000000000000 ) ) ;
#3597 = CARTESIAN_POINT ( 'NONE',  ( -8.272336894744316993, 9.949772285939590029E-17, 320.6677045147521312 ) ) ;
#3598 = CARTESIAN_POINT ( 'NONE',  ( -100.2130641889388301, 8.546828554825738777, 11.49999999999978861 ) ) ;
#3599 = CARTESIAN_POINT ( 'NONE',  ( -113.1223387349417493, 0.03230670239586777570, 319.7500000000000000 ) ) ;
#3600 = CARTESIAN_POINT ( 'NONE',  ( -40.34439129794159840, 0.5834558521987921464, 268.6544379066506849 ) ) ;
#3601 = EDGE_LOOP ( 'NONE', ( #5703, #4557, #1464, #2228 ) ) ;
#3602 = ORIENTED_EDGE ( 'NONE', *, *, #4377, .F. ) ;
#3603 = EDGE_CURVE ( 'NONE', #4114, #490, #5492, .T. ) ;
#3604 = DIRECTION ( 'NONE',  ( -3.408894374718763654E-15, 1.845763451624372836E-16, -1.000000000000000000 ) ) ;
#3605 = CARTESIAN_POINT ( 'NONE',  ( -39.34343311930973641, 1.577143931192379611, 268.5223834429651788 ) ) ;
#3606 = VERTEX_POINT ( 'NONE', #2161 ) ;
#3607 = PLANE ( 'NONE',  #736 ) ;
#3608 = CARTESIAN_POINT ( 'NONE',  ( -105.1129002011239209, 7.551033870322100938, 268.5375999592387188 ) ) ;
#3609 = EDGE_LOOP ( 'NONE', ( #3450, #5076, #774, #1181 ) ) ;
#3610 = VERTEX_POINT ( 'NONE', #5790 ) ;
#3611 = EDGE_CURVE ( 'NONE', #791, #1480, #4853, .T. ) ;
#3612 = CARTESIAN_POINT ( 'NONE',  ( -103.5508894305249896, 4.818436982149171932, 265.8399478776532874 ) ) ;
#3613 = CARTESIAN_POINT ( 'NONE',  ( -39.27198691319489399, 6.454664549271045715, 289.6544379066506849 ) ) ;
#3614 = CARTESIAN_POINT ( 'NONE',  ( -104.1863771393599762, 1.647895537523774934, 266.9181764653754954 ) ) ;
#3615 = CARTESIAN_POINT ( 'NONE',  ( -114.5320917339890343, 2.150305141412717003, 321.1137022430854699 ) ) ;
#3616 = CARTESIAN_POINT ( 'NONE',  ( -104.9322374920330390, 6.737602582986412791, 9.304212961010792426 ) ) ;
#3617 = CARTESIAN_POINT ( 'NONE',  ( -40.81546602333376228, 1.789626854036065806, 291.6013681135294746 ) ) ;
#3618 = CARTESIAN_POINT ( 'NONE',  ( -41.07688791334468448, 10.49420186094486951, 291.6544379066506849 ) ) ;
#3619 = VERTEX_POINT ( 'NONE', #1694 ) ;
#3620 = DIRECTION ( 'NONE',  ( 1.526556658859613972E-13, -0.2517533232453141312, 0.9677914363306489021 ) ) ;
#3621 = DIRECTION ( 'NONE',  ( -0.9999995216640081841, 0.0009780959844864834437, -0.0000000000000000000 ) ) ;
#3622 = EDGE_CURVE ( 'NONE', #4741, #4968, #2753, .T. ) ;
#3623 = CARTESIAN_POINT ( 'NONE',  ( -114.6266137099219975, 5.977693310469362586, 283.1328280308962917 ) ) ;
#3624 =( BOUNDED_CURVE ( )  B_SPLINE_CURVE ( 3, ( #3023, #5777, #730, #4000 ),
 .UNSPECIFIED., .F., .F. ) 
 B_SPLINE_CURVE_WITH_KNOTS ( ( 4, 4 ),
 ( 4.120499656940689093, 4.628174711375960371 ),
 .UNSPECIFIED. ) 
 CURVE ( )  GEOMETRIC_REPRESENTATION_ITEM ( )  RATIONAL_B_SPLINE_CURVE ( ( 1.000000000000000000, 0.9786372468147500614, 0.9786372468147500614, 1.000000000000000000 ) ) 
 REPRESENTATION_ITEM ( '' )  );
#3625 = CARTESIAN_POINT ( 'NONE',  ( -105.1680338991951800, 9.996771005609573990, 275.1544379068656667 ) ) ;
#3626 = CARTESIAN_POINT ( 'NONE',  ( -1.830245898735711529, 0.007217135485464327982, 163.8962259421622321 ) ) ;
#3627 = CARTESIAN_POINT ( 'NONE',  ( -106.8430056084804392, 12.65274055593678071, 5.001000000000005663 ) ) ;
#3628 = EDGE_CURVE ( 'NONE', #3288, #4281, #1933, .T. ) ;
#3629 = ORIENTED_EDGE ( 'NONE', *, *, #5116, .F. ) ;
#3630 = ORIENTED_EDGE ( 'NONE', *, *, #1777, .F. ) ;
#3631 = DIRECTION ( 'NONE',  ( 0.0000000000000000000, -0.0000000000000000000, -1.000000000000000000 ) ) ;
#3632 = DIRECTION ( 'NONE',  ( 0.1931172784024579592, -0.9502390503602086147, -0.2444411257398327875 ) ) ;
#3633 = CARTESIAN_POINT ( 'NONE',  ( -103.0707786811674254, 4.437734124938834235, 265.6837722333524994 ) ) ;
#3634 = ORIENTED_EDGE ( 'NONE', *, *, #1997, .T. ) ;
#3635 = ORIENTED_EDGE ( 'NONE', *, *, #1837, .T. ) ;
#3636 = LINE ( 'NONE', #5494, #1300 ) ;
#3637 = CARTESIAN_POINT ( 'NONE',  ( -40.17260119804681295, 3.532025486651332091, 291.6544379066506849 ) ) ;
#3638 = CARTESIAN_POINT ( 'NONE',  ( -9.188126039393161193, 3.995356370322071804, 318.7499999999984084 ) ) ;
#3639 = ADVANCED_FACE ( 'NONE', ( #3960 ), #3979, .F. ) ;
#3640 = CARTESIAN_POINT ( 'NONE',  ( -114.1730846873156651, 2.327484879337025081, 321.8500212351102618 ) ) ;
#3641 = CARTESIAN_POINT ( 'NONE',  ( -2.000000000004058975, 4.336808689942017736E-16, 320.0118023498575894 ) ) ;
#3642 = CARTESIAN_POINT ( 'NONE',  ( -40.44308570440393424, 2.786372780624378098, 291.4494470697651991 ) ) ;
#3643 = EDGE_LOOP ( 'NONE', ( #3964, #1497, #331, #4010, #94 ) ) ;
#3644 = FACE_OUTER_BOUND ( 'NONE', #1275, .T. ) ;
#3645 = DIRECTION ( 'NONE',  ( 0.9988390925805178400, -0.04817122723086587899, -3.330669073875482243E-13 ) ) ;
#3646 = DATE_TIME_ROLE ( 'classification_date' ) ;
#3647 = EDGE_CURVE ( 'NONE', #1843, #1595, #3461, .T. ) ;
#3648 = CARTESIAN_POINT ( 'NONE',  ( -114.6868892650330736, 4.676506758741507674, 281.6634306378207384 ) ) ;
#3649 = EDGE_CURVE ( 'NONE', #4292, #4325, #2992, .T. ) ;
#3650 = VECTOR ( 'NONE', #6050, 1000.000000000000000 ) ;
#3651 = LOCAL_TIME ( 17, 5, 19.00000000000000000, #402 ) ;
#3652 = AXIS2_PLACEMENT_3D ( 'NONE', #3946, #5869, #5812 ) ;
#3653 = CIRCLE ( 'NONE', #4229, 1.999999999999988010 ) ;
#3654 = VECTOR ( 'NONE', #2520, 1000.000000000000000 ) ;
#3655 =( BOUNDED_CURVE ( )  B_SPLINE_CURVE ( 3, ( #1366, #4537, #3703, #1866 ),
 .UNSPECIFIED., .F., .F. ) 
 B_SPLINE_CURVE_WITH_KNOTS ( ( 4, 4 ),
 ( 4.297048095258069189, 4.597599006751761586 ),
 .UNSPECIFIED. ) 
 CURVE ( )  GEOMETRIC_REPRESENTATION_ITEM ( )  RATIONAL_B_SPLINE_CURVE ( ( 1.000000000000000000, 0.9924865845548286325, 0.9924865845548286325, 1.000000000000000000 ) ) 
 REPRESENTATION_ITEM ( '' )  );
#3656 = CARTESIAN_POINT ( 'NONE',  ( -1.637909052153831535, 3.995356370322071804, 163.8962259421622321 ) ) ;
#3657 = DIRECTION ( 'NONE',  ( 0.0000000000000000000, -1.000000000000000000, 0.0000000000000000000 ) ) ;
#3658 = ORIENTED_EDGE ( 'NONE', *, *, #3577, .F. ) ;
#3659 = AXIS2_PLACEMENT_3D ( 'NONE', #2569, #5838, #1650 ) ;
#3660 = AXIS2_PLACEMENT_3D ( 'NONE', #2923, #4420, #274 ) ;
#3661 = CARTESIAN_POINT ( 'NONE',  ( -103.1851512589931019, 1.644920654915594138, 291.6544379066506849 ) ) ;
#3662 = FACE_OUTER_BOUND ( 'NONE', #2912, .T. ) ;
#3663 = CARTESIAN_POINT ( 'NONE',  ( -39.34260248381276881, 1.703651095236505375, 289.6544379066506849 ) ) ;
#3664 = CIRCLE ( 'NONE', #2389, 2.199999999999980194 ) ;
#3665 = ORIENTED_EDGE ( 'NONE', *, *, #1584, .F. ) ;
#3666 = ORIENTED_EDGE ( 'NONE', *, *, #246, .T. ) ;
#3667 = CARTESIAN_POINT ( 'NONE',  ( -105.2103562079593644, 8.711365713970430136, 11.49999999999978861 ) ) ;
#3668 = CARTESIAN_POINT ( 'NONE',  ( -41.34415547574609917, 3.551612488083716102, 291.6544379066506849 ) ) ;
#3669 = CARTESIAN_POINT ( 'NONE',  ( -106.1197445713587513, 4.608561637179930059, 279.1544379066506849 ) ) ;
#3670 = CARTESIAN_POINT ( 'NONE',  ( -2.003500029963031004, 0.007000059926061570625, 3.763459351126448471 ) ) ;
#3671 = CARTESIAN_POINT ( 'NONE',  ( -0.6962209886525960734, 0.6962209886525960734, 322.1230754555011231 ) ) ;
#3672 = CARTESIAN_POINT ( 'NONE',  ( -39.82547465744579540, 2.778519068212264465, 290.9732051239465704 ) ) ;
#3673 = DIRECTION ( 'NONE',  ( 0.8662767110661169223, 0.0000000000000000000, -0.4995644701782456232 ) ) ;
#3674 = VERTEX_POINT ( 'NONE', #1588 ) ;
#3675 = LINE ( 'NONE', #2727, #3075 ) ;
#3676 = CARTESIAN_POINT ( 'NONE',  ( -2.917984645004353617, 0.3556025015831280611, 2.152278686392949059 ) ) ;
#3677 = ADVANCED_FACE ( 'NONE', ( #642 ), #338, .T. ) ;
#3678 = CARTESIAN_POINT ( 'NONE',  ( -114.5208186077597219, 7.747101525254618259, 282.9498916348490525 ) ) ;
#3679 = EDGE_CURVE ( 'NONE', #1981, #2031, #4057, .T. ) ;
#3680 = FACE_OUTER_BOUND ( 'NONE', #2335, .T. ) ;
#3681 = VERTEX_POINT ( 'NONE', #4699 ) ;
#3682 = CARTESIAN_POINT ( 'NONE',  ( -102.8536267577879642, 13.34842637373754748, 291.6544379066506849 ) ) ;
#3683 = ADVANCED_FACE ( 'NONE', ( #3863 ), #4269, .F. ) ;
#3684 = DIRECTION ( 'NONE',  ( -0.0000000000000000000, -0.0000000000000000000, -1.000000000000000000 ) ) ;
#3685 = B_SPLINE_CURVE_WITH_KNOTS ( 'NONE', 3,
 ( #4829, #644, #2029, #1690, #3493, #3522, #5355, #5424, #4466, #286, #2517, #5876, #3557, #1232, #2219, #4045, #865, #888 ),
 .UNSPECIFIED., .F., .F.,
 ( 4, 2, 2, 2, 2, 2, 2, 2, 4 ),
 ( 0.0000000000000000000, 0.0007819487392675229321, 0.001563897478535045864, 0.002345846217802568905, 0.003127794957070091728, 0.003909743696337614552, 0.004691692435605137809, 0.005473641174872660199, 0.006255589914140183457 ),
 .UNSPECIFIED. ) ;
#3686 = DIRECTION ( 'NONE',  ( -0.01181041209969390174, -0.9999302546508108680, -1.734602487082226729E-15 ) ) ;
#3687 = ORIENTED_EDGE ( 'NONE', *, *, #4742, .T. ) ;
#3688 = ORIENTED_EDGE ( 'NONE', *, *, #4832, .T. ) ;
#3689 = DIRECTION ( 'NONE',  ( 0.0000000000000000000, 0.2517533232311692792, 0.9677914363343284032 ) ) ;
#3690 = CARTESIAN_POINT ( 'NONE',  ( -39.34705861651449510, 0.5824803646412805014, 289.6544379066506849 ) ) ;
#3691 = CARTESIAN_POINT ( 'NONE',  ( -106.1517011083713129, 0.0000000000000000000, 159.8547740578347600 ) ) ;
#3692 = CARTESIAN_POINT ( 'NONE',  ( -104.1605647564070551, 5.336871032498581968, 10.09363396180879846 ) ) ;
#3693 = DIRECTION ( 'NONE',  ( 0.9999995216640081841, -0.0009780959844864834437, 0.0000000000000000000 ) ) ;
#3694 = CARTESIAN_POINT ( 'NONE',  ( -11.48268354665784585, 7.630046100354394234, 314.7489999999997394 ) ) ;
#3695 = ORIENTED_EDGE ( 'NONE', *, *, #2074, .F. ) ;
#3696 = CARTESIAN_POINT ( 'NONE',  ( -1.469622473410047814, 0.06116730502692806215, 319.0684305353304921 ) ) ;
#3697 = CARTESIAN_POINT ( 'NONE',  ( -106.2126457168427720, 8.617691027423846961, 275.1544379066506281 ) ) ;
#3698 = DATE_AND_TIME ( #4634, #5009 ) ;
#3699 = CARTESIAN_POINT ( 'NONE',  ( -114.6512668509991357, 5.548642673798660496, 281.1581493434941308 ) ) ;
#3700 = CARTESIAN_POINT ( 'NONE',  ( -114.6266211556072108, 5.977611580213868514, 275.1759851489197217 ) ) ;
#3701 = EDGE_LOOP ( 'NONE', ( #1912, #3295, #2271, #2589 ) ) ;
#3702 = EDGE_CURVE ( 'NONE', #3782, #5293, #2094, .T. ) ;
#3703 = CARTESIAN_POINT ( 'NONE',  ( -1.666219019250892330, 0.01781898611166825297, 4.346066332854887193 ) ) ;
#3704 = CARTESIAN_POINT ( 'NONE',  ( -9.740262932760462178, 4.801524277574767297, 11.85693742891280245 ) ) ;
#3705 = VERTEX_POINT ( 'NONE', #5786 ) ;
#3706 = CARTESIAN_POINT ( 'NONE',  ( -10.02899646085027285, 7.353930602229194591, 314.7489999999996257 ) ) ;
#3707 = CARTESIAN_POINT ( 'NONE',  ( -8.949711076455509229, 8.262268130041762859, 312.2489999999995121 ) ) ;
#3708 = CARTESIAN_POINT ( 'NONE',  ( -105.1129002011238072, 7.551033870321990804, 283.9934444796772368 ) ) ;
#3709 = ORIENTED_EDGE ( 'NONE', *, *, #5512, .F. ) ;
#3710 = VERTEX_POINT ( 'NONE', #1164 ) ;
#3711 = CARTESIAN_POINT ( 'NONE',  ( -113.5989838223443655, 6.527353718572782348, 275.9768088202291665 ) ) ;
#3712 = DIRECTION ( 'NONE',  ( -0.9988390925805179510, 0.04817122723086528918, 1.627785756950952361E-15 ) ) ;
#3713 = ORIENTED_EDGE ( 'NONE', *, *, #117, .F. ) ;
#3714 = FACE_OUTER_BOUND ( 'NONE', #4899, .T. ) ;
#3715 = LINE ( 'NONE', #1918, #5020 ) ;
#3716 = CARTESIAN_POINT ( 'NONE',  ( -111.6656410625896427, 3.995356370322072248, 323.1499999999998636 ) ) ;
#3717 = FACE_OUTER_BOUND ( 'NONE', #523, .T. ) ;
#3718 = CYLINDRICAL_SURFACE ( 'NONE', #3742, 2.199999999999980194 ) ;
#3719 = EDGE_LOOP ( 'NONE', ( #3359, #5691, #4601, #1743 ) ) ;
#3720 = DIRECTION ( 'NONE',  ( 0.5004356563159417792, 0.0000000000000000000, 0.8657737313453397476 ) ) ;
#3721 = FACE_OUTER_BOUND ( 'NONE', #5251, .T. ) ;
#3722 = CARTESIAN_POINT ( 'NONE',  ( -105.1466237543308750, 4.987812385696675399, 282.6305570716785951 ) ) ;
#3723 = DIRECTION ( 'NONE',  ( -0.0000000000000000000, -0.0000000000000000000, -1.000000000000000000 ) ) ;
#3724 = CARTESIAN_POINT ( 'NONE',  ( -114.5967588301541014, 6.525048163899094256, 283.4952646294896681 ) ) ;
#3725 = CARTESIAN_POINT ( 'NONE',  ( -40.69772101015454524, 1.787813584947546497, 266.7565331061052234 ) ) ;
#3726 = CARTESIAN_POINT ( 'NONE',  ( -105.0692403622831108, 7.312063382991632388, 312.1690416225363833 ) ) ;
#3727 = CARTESIAN_POINT ( 'NONE',  ( -2.000000000000000888, 0.0000000000000000000, 6.231901406742180072 ) ) ;
#3728 = ORIENTED_EDGE ( 'NONE', *, *, #1938, .F. ) ;
#3729 = ADVANCED_FACE ( 'NONE', ( #707 ), #5327, .T. ) ;
#3730 = VECTOR ( 'NONE', #1086, 1000.000000000000000 ) ;
#3731 = CARTESIAN_POINT ( 'NONE',  ( -109.4630840978735336, 3.995356370322071804, 157.8340481156695887 ) ) ;
#3732 = CIRCLE ( 'NONE', #818, 1.000000000000000000 ) ;
#3733 = DIRECTION ( 'NONE',  ( -0.4994195462902570881, 0.02408561361543255785, 0.8660254037844397068 ) ) ;
#3734 = ORIENTED_EDGE ( 'NONE', *, *, #805, .T. ) ;
#3735 = CARTESIAN_POINT ( 'NONE',  ( -40.34439129794159129, 0.5834558521987921464, 289.6544379066507418 ) ) ;
#3736 = AXIS2_PLACEMENT_3D ( 'NONE', #1506, #5265, #5792 ) ;
#3737 = ADVANCED_FACE ( 'NONE', ( #2641 ), #1341, .F. ) ;
#3738 = VECTOR ( 'NONE', #2347, 1000.000000000000000 ) ;
#3739 = CARTESIAN_POINT ( 'NONE',  ( -111.2156038162926990, 3.760022630731710169, 0.02317168091991333306 ) ) ;
#3740 = CARTESIAN_POINT ( 'NONE',  ( -105.2103562079593786, 8.711365713970399938, 10.03553390592868588 ) ) ;
#3741 = VECTOR ( 'NONE', #1659, 1000.000000000000000 ) ;
#3742 = AXIS2_PLACEMENT_3D ( 'NONE', #5576, #3267, #5127 ) ;
#3743 = EDGE_LOOP ( 'NONE', ( #2846, #2449, #4969, #5931, #4359, #1620, #1510, #4995, #5834, #5177 ) ) ;
#3744 = AXIS2_PLACEMENT_3D ( 'NONE', #2444, #1897, #3858 ) ;
#3745 = ORIENTED_EDGE ( 'NONE', *, *, #5841, .F. ) ;
#3746 = VECTOR ( 'NONE', #3585, 999.9999999999998863 ) ;
#3747 = CARTESIAN_POINT ( 'NONE',  ( -113.5605196969973889, 7.195790027108013298, 275.5600008868786404 ) ) ;
#3748 = CARTESIAN_POINT ( 'NONE',  ( -106.0896623100452274, 7.183568760978515044, 275.4110802705557717 ) ) ;
#3749 = ORIENTED_EDGE ( 'NONE', *, *, #1600, .F. ) ;
#3750 = EDGE_CURVE ( 'NONE', #596, #1071, #3685, .T. ) ;
#3751 = EDGE_CURVE ( 'NONE', #4288, #1776, #4987, .T. ) ;
#3752 = VECTOR ( 'NONE', #4525, 1000.000000000000000 ) ;
#3753 = CARTESIAN_POINT ( 'NONE',  ( -106.1079539911308132, 6.049691389219113091, 282.2357091825513180 ) ) ;
#3754 = VECTOR ( 'NONE', #1643, 999.9999999999998863 ) ;
#3755 = CARTESIAN_POINT ( 'NONE',  ( -1.999999999999965361, 0.8775010008004011652, 322.2499999999994884 ) ) ;
#3756 = CARTESIAN_POINT ( 'NONE',  ( -104.2270617866917490, 5.547676117467292833, 12.01223093419358179 ) ) ;
#3757 = CARTESIAN_POINT ( 'NONE',  ( -114.7639975831956463, 2.035466649103223169, 3.674428399211917551 ) ) ;
#3758 = CARTESIAN_POINT ( 'NONE',  ( -114.5411214711869548, 7.434693538267260315, 283.8945299198762768 ) ) ;
#3759 = VERTEX_POINT ( 'NONE', #4155 ) ;
#3760 = LINE ( 'NONE', #1481, #5896 ) ;
#3761 = CARTESIAN_POINT ( 'NONE',  ( -40.81222435801924320, 2.791066849555193574, 266.7194725046563235 ) ) ;
#3762 = CARTESIAN_POINT ( 'NONE',  ( -113.3040977685077593, 12.96434103384373238, 283.1803493026178558 ) ) ;
#3763 = EDGE_CURVE ( 'NONE', #2168, #275, #5595, .T. ) ;
#3764 = LINE ( 'NONE', #3366, #32 ) ;
#3765 = CARTESIAN_POINT ( 'NONE',  ( -9.386835301698491563, 5.360388871212641071, 314.3814180996341179 ) ) ;
#3766 = CARTESIAN_POINT ( 'NONE',  ( -111.4861586422782267, 3.995356370322071804, 322.2499999999988631 ) ) ;
#3767 = CARTESIAN_POINT ( 'NONE',  ( -105.1129001923162463, 7.551033826984185460, 289.7859188215591075 ) ) ;
#3768 = LINE ( 'NONE', #2787, #1195 ) ;
#3769 = ORIENTED_EDGE ( 'NONE', *, *, #2263, .F. ) ;
#3770 = CARTESIAN_POINT ( 'NONE',  ( -11.49543762092577737, 7.341204054068347418, 11.50120031178777147 ) ) ;
#3771 = FACE_OUTER_BOUND ( 'NONE', #2313, .T. ) ;
#3772 = ORIENTED_EDGE ( 'NONE', *, *, #1740, .T. ) ;
#3773 = EDGE_CURVE ( 'NONE', #1509, #1680, #3592, .T. ) ;
#3774 = CARTESIAN_POINT ( 'NONE',  ( -103.4502387480518877, 0.6451794577119837060, 290.6544379066505712 ) ) ;
#3775 =( BOUNDED_CURVE ( )  B_SPLINE_CURVE ( 3, ( #2576, #3005, #2546, #708 ),
 .UNSPECIFIED., .F., .F. ) 
 B_SPLINE_CURVE_WITH_KNOTS ( ( 4, 4 ),
 ( -4.440892098500626162E-15, 1.570796326794897224 ),
 .UNSPECIFIED. ) 
 CURVE ( )  GEOMETRIC_REPRESENTATION_ITEM ( )  RATIONAL_B_SPLINE_CURVE ( ( 1.000000000000000000, 0.8047378541243637162, 0.8047378541243637162, 1.000000000000000000 ) ) 
 REPRESENTATION_ITEM ( '' )  );
#3776 = CARTESIAN_POINT ( 'NONE',  ( -8.932313916646226204, 8.601221662346434371, 312.2489999999995121 ) ) ;
#3777 = CARTESIAN_POINT ( 'NONE',  ( -113.5605106198499072, 7.195935837754185549, 275.5599290638032244 ) ) ;
#3778 = ORIENTED_EDGE ( 'NONE', *, *, #4452, .F. ) ;
#3779 = ORIENTED_EDGE ( 'NONE', *, *, #5629, .F. ) ;
#3780 = DIRECTION ( 'NONE',  ( 0.0009780959844898908743, 0.9999995216640081841, 0.0000000000000000000 ) ) ;
#3781 = CARTESIAN_POINT ( 'NONE',  ( -105.1492510266641176, 4.925696040949403276, 277.4295381924272874 ) ) ;
#3782 = VERTEX_POINT ( 'NONE', #1316 ) ;
#3783 = CARTESIAN_POINT ( 'NONE',  ( -106.1180532552976814, 4.966599450227698220, 280.8660137411345659 ) ) ;
#3784 = CARTESIAN_POINT ( 'NONE',  ( -111.0740494361715918, 12.85679201443636543, 0.1271017024310665267 ) ) ;
#3785 = CARTESIAN_POINT ( 'NONE',  ( -1.807315091079282121, 3.995356370322071804, 1.500999999999086398 ) ) ;
#3786 = CARTESIAN_POINT ( 'NONE',  ( -114.2657357289963329, 2.281780951383717060, 2.069660040168230797 ) ) ;
#3787 = EDGE_CURVE ( 'NONE', #2726, #3536, #3675, .T. ) ;
#3788 = B_SPLINE_CURVE_WITH_KNOTS ( 'NONE', 3,
 ( #1719, #1129, #5443, #2998, #215, #1251, #3122, #4423, #4516, #4148, #1797, #5523, #5085, #2741 ),
 .UNSPECIFIED., .F., .F.,
 ( 4, 2, 2, 2, 2, 2, 4 ),
 ( -5.999999997324647223E-08, 0.0007874208308902504215, 0.001574901661780474249, 0.001968642077225571472, 0.002362382492670668695, 0.002756122908115765918, 0.003149863323560863140 ),
 .UNSPECIFIED. ) ;
#3789 = EDGE_LOOP ( 'NONE', ( #2788, #3317, #3228, #3851 ) ) ;
#3790 = CARTESIAN_POINT ( 'NONE',  ( -105.0282425151980448, 13.09932242070893160, 313.7134660940670869 ) ) ;
#3791 = CARTESIAN_POINT ( 'NONE',  ( -40.69771684133117873, 1.787813520775693998, 266.7565344618440690 ) ) ;
#3792 = CARTESIAN_POINT ( 'NONE',  ( -8.932313916646206664, 8.601221662346430819, 312.2489999999995121 ) ) ;
#3793 =( BOUNDED_CURVE ( )  B_SPLINE_CURVE ( 3, ( #2814, #5105, #4064, #2845 ),
 .UNSPECIFIED., .F., .T. ) 
 B_SPLINE_CURVE_WITH_KNOTS ( ( 4, 4 ),
 ( 0.0000000000000000000, 1.570796326794896780 ),
 .UNSPECIFIED. ) 
 CURVE ( )  GEOMETRIC_REPRESENTATION_ITEM ( )  RATIONAL_B_SPLINE_CURVE ( ( 1.000000000000000000, 0.8047378541243649375, 0.8047378541243649375, 1.000000000000000000 ) ) 
 REPRESENTATION_ITEM ( '' )  );
#3794 = CARTESIAN_POINT ( 'NONE',  ( -39.60717558664750726, 1.578108510656389463, 267.6532012850468618 ) ) ;
#3795 = CARTESIAN_POINT ( 'NONE',  ( -11.87572927106409892, 2.909521522018825301, 310.8364443615851656 ) ) ;
#3796 = CARTESIAN_POINT ( 'NONE',  ( -105.0865742338721276, 8.591120789383646539, 268.6544379066506281 ) ) ;
#3797 = EDGE_CURVE ( 'NONE', #5038, #1368, #2012, .T. ) ;
#3798 = CARTESIAN_POINT ( 'NONE',  ( -102.7128620838603155, 8.578616674318388036, 314.7489999999995689 ) ) ;
#3799 = CARTESIAN_POINT ( 'NONE',  ( -4.000000000000000000, 4.000000000000000000, 323.7500000000000000 ) ) ;
#3800 = ORIENTED_EDGE ( 'NONE', *, *, #5534, .T. ) ;
#3801 = FACE_OUTER_BOUND ( 'NONE', #2186, .T. ) ;
#3802 = CARTESIAN_POINT ( 'NONE',  ( -111.6656410625907085, 3.995356370322071804, 5.001000000000005663 ) ) ;
#3803 = ORIENTED_EDGE ( 'NONE', *, *, #3448, .F. ) ;
#3804 = CARTESIAN_POINT ( 'NONE',  ( -104.8735753543058564, 13.00769105333517217, 290.8260107819045288 ) ) ;
#3805 = CARTESIAN_POINT ( 'NONE',  ( -105.1451340726537325, 5.433640090369478592, 289.6544379066506849 ) ) ;
#3806 = ORIENTED_EDGE ( 'NONE', *, *, #1625, .T. ) ;
#3807 =( BOUNDED_CURVE ( )  B_SPLINE_CURVE ( 3, ( #5359, #777, #260, #1236 ),
 .UNSPECIFIED., .F., .F. ) 
 B_SPLINE_CURVE_WITH_KNOTS ( ( 4, 4 ),
 ( 3.172581785235197405, 4.712388980384686121 ),
 .UNSPECIFIED. ) 
 CURVE ( )  GEOMETRIC_REPRESENTATION_ITEM ( )  RATIONAL_B_SPLINE_CURVE ( ( 1.000000000000000000, 0.8119851836001489298, 0.8119851836001489298, 1.000000000000000000 ) ) 
 REPRESENTATION_ITEM ( '' )  );
#3808 = VERTEX_POINT ( 'NONE', #2247 ) ;
#3809 = CARTESIAN_POINT ( 'NONE',  ( -114.6069087783256748, 6.375184467504805497, 276.1417101894041366 ) ) ;
#3810 = CARTESIAN_POINT ( 'NONE',  ( -105.1005310841127738, 7.058903212231711244, 274.3847799776463603 ) ) ;
#3811 = CARTESIAN_POINT ( 'NONE',  ( -9.999952076319228667, 7.982269836816536568, 9.000000000004536815 ) ) ;
#3812 = CARTESIAN_POINT ( 'NONE',  ( -105.1680338993422765, 9.996771005519667241, 284.1544379067582327 ) ) ;
#3813 = CARTESIAN_POINT ( 'NONE',  ( -100.2766404279242067, 3.547232764980659869, 13.99999999999980993 ) ) ;
#3814 = CARTESIAN_POINT ( 'NONE',  ( -106.2135986536494698, 8.268267974139735799, 275.1544379066506281 ) ) ;
#3815 = FACE_BOUND ( 'NONE', #5485, .T. ) ;
#3816 = VERTEX_POINT ( 'NONE', #3160 ) ;
#3817 = CARTESIAN_POINT ( 'NONE',  ( -40.17548534499418622, 0.5832906458854338894, 266.6544379066506849 ) ) ;
#3818 = CARTESIAN_POINT ( 'NONE',  ( -106.0527801283272566, 12.61463018215301624, 283.1544379066506849 ) ) ;
#3819 = EDGE_CURVE ( 'NONE', #5459, #3018, #2272, .T. ) ;
#3820 = DIRECTION ( 'NONE',  ( 1.000000000000000000, 0.0000000000000000000, 0.0000000000000000000 ) ) ;
#3821 = CARTESIAN_POINT ( 'NONE',  ( -12.07318690969498398, 4.304691639604199871, 313.6684142273126099 ) ) ;
#3822 = FACE_OUTER_BOUND ( 'NONE', #1819, .T. ) ;
#3823 = CARTESIAN_POINT ( 'NONE',  ( -103.6990838500964287, 4.838920086523250674, 313.1875908692643975 ) ) ;
#3824 = CYLINDRICAL_SURFACE ( 'NONE', #713, 5.000000000000000000 ) ;
#3825 = ORIENTED_EDGE ( 'NONE', *, *, #843, .T. ) ;
#3826 = B_SPLINE_CURVE_WITH_KNOTS ( 'NONE', 3,
 ( #1384, #3264, #5123, #3784, #935, #3291, #5644, #5804, #3445, #2076, #1153, #2046, #4907, #2534, #209, #1616, #3880, #3969 ),
 .UNSPECIFIED., .F., .F.,
 ( 4, 2, 2, 2, 2, 2, 2, 2, 4 ),
 ( 1.382328246692494479E-20, 0.0007819501160409436788, 0.001563900232081887358, 0.002345850348122830928, 0.003127800464163774715, 0.003909750580204718502, 0.004691700696245661856, 0.005473650812286606077, 0.006255600928327549430 ),
 .UNSPECIFIED. ) ;
#3827 = EDGE_CURVE ( 'NONE', #2218, #5467, #4602, .T. ) ;
#3828 = CARTESIAN_POINT ( 'NONE',  ( -103.4241959351337243, 4.707774946838664043, 292.5237908872683761 ) ) ;
#3829 = CARTESIAN_POINT ( 'NONE',  ( -96.97838864849558149, 3.995356370322071804, 158.7172774756432716 ) ) ;
#3830 = ORIENTED_EDGE ( 'NONE', *, *, #3128, .T. ) ;
#3831 = CARTESIAN_POINT ( 'NONE',  ( -114.7643120787221704, 2.000000000000000000, 319.7500000000000000 ) ) ;
#3832 = VECTOR ( 'NONE', #721, 999.9999999999998863 ) ;
#3833 = DIRECTION ( 'NONE',  ( -0.04817122723086528918, -0.9988390925805179510, 0.0000000000000000000 ) ) ;
#3834 = ORIENTED_EDGE ( 'NONE', *, *, #318, .T. ) ;
#3835 = VERTEX_POINT ( 'NONE', #426 ) ;
#3836 = VECTOR ( 'NONE', #98, 1000.000000000000000 ) ;
#3837 = AXIS2_PLACEMENT_3D ( 'NONE', #526, #3686, #2823 ) ;
#3838 = CARTESIAN_POINT ( 'NONE',  ( -1.541813109815835636, 2.770906554907969888, 0.8013326406917865574 ) ) ;
#3839 = CARTESIAN_POINT ( 'NONE',  ( -106.1057073329128571, 6.221741722000999175, 275.9379074825101270 ) ) ;
#3840 = EDGE_CURVE ( 'NONE', #183, #5062, #2606, .T. ) ;
#3841 = ORIENTED_EDGE ( 'NONE', *, *, #697, .T. ) ;
#3842 = CARTESIAN_POINT ( 'NONE',  ( -8.996742606233139483, 7.256871965568418403, 314.7481853875380011 ) ) ;
#3843 = VECTOR ( 'NONE', #795, 1000.000000000000000 ) ;
#3844 = AXIS2_PLACEMENT_3D ( 'NONE', #617, #5662, #3099 ) ;
#3845 = CARTESIAN_POINT ( 'NONE',  ( -11.49203277865280093, 7.418627449721097555, 8.999999999999710454 ) ) ;
#3846 = LINE ( 'NONE', #5883, #5299 ) ;
#3847 =( BOUNDED_SURFACE ( )  B_SPLINE_SURFACE ( 3, 3, ( 
 ( #4244, #1523, #1890, #506, #569, #3360 ),
 ( #967, #3327, #3790, #2898, #1423, #5188 ),
 ( #5157, #4728, #5713, #2870, #1450, #4757 ),
 ( #5578, #2441, #1030, #3269, #2837, #4181 ) ),
 .UNSPECIFIED., .F., .F., .F. ) 
 B_SPLINE_SURFACE_WITH_KNOTS ( ( 4, 4 ),
 ( 4, 2, 4 ),
 ( 0.0000000000000000000, 1.000000000000000000 ),
 ( 0.0000000000000000000, 0.1515543800034849509, 1.000000000000000000 ),
 .UNSPECIFIED. ) 
 GEOMETRIC_REPRESENTATION_ITEM ( )  RATIONAL_B_SPLINE_SURFACE ( (
 ( 1.000000000000000000, 1.000000000000000000, 1.000000000000000000, 1.000000000000000000, 1.000000000000000000, 1.000000000000000000),
 ( 0.8047378541243649375, 0.8047378541243649375, 0.8047378541243649375, 0.8047378541243649375, 0.8047378541243649375, 0.8047378541243649375),
 ( 0.8047378541243649375, 0.8047378541243649375, 0.8047378541243649375, 0.8047378541243649375, 0.8047378541243649375, 0.8047378541243649375),
 ( 1.000000000000000000, 1.000000000000000000, 1.000000000000000000, 1.000000000000000000, 1.000000000000000000, 1.000000000000000000) ) ) 
 REPRESENTATION_ITEM ( '' )  SURFACE ( )  );
#3848 = CARTESIAN_POINT ( 'NONE',  ( -106.2098146117498061, 8.744273145798912239, 283.1544379066506849 ) ) ;
#3849 = ORIENTED_EDGE ( 'NONE', *, *, #2301, .F. ) ;
#3850 = CARTESIAN_POINT ( 'NONE',  ( -114.6393358783798959, 5.726718599178339808, 282.9290303064829004 ) ) ;
#3851 = ORIENTED_EDGE ( 'NONE', *, *, #1279, .F. ) ;
#3852 = CARTESIAN_POINT ( 'NONE',  ( -107.2605271331463683, 3.995356370322071804, 5.001000000000005663 ) ) ;
#3853 = FACE_OUTER_BOUND ( 'NONE', #145, .T. ) ;
#3854 = AXIS2_PLACEMENT_3D ( 'NONE', #5470, #5546, #3231 ) ;
#3855 = AXIS2_PLACEMENT_3D ( 'NONE', #6045, #1850, #54 ) ;
#3856 = CARTESIAN_POINT ( 'NONE',  ( -8.949711076455484360, 8.262268130041761083, 313.7134660940667459 ) ) ;
#3857 = CARTESIAN_POINT ( 'NONE',  ( -10.16995702929095380, 2.401411326861999207, 9.000000000004536815 ) ) ;
#3858 = DIRECTION ( 'NONE',  ( -1.000000000000000000, 0.0000000000000000000, 0.0000000000000000000 ) ) ;
#3859 = CARTESIAN_POINT ( 'NONE',  ( -8.272020315465304918, 1.243108547943424386E-17, 3.082747790409881006 ) ) ;
#3860 = DIRECTION ( 'NONE',  ( 0.0000000000000000000, 0.0000000000000000000, -1.000000000000000000 ) ) ;
#3861 = EDGE_CURVE ( 'NONE', #3443, #4137, #1360, .T. ) ;
#3862 = VECTOR ( 'NONE', #819, 1000.000000000000000 ) ;
#3863 = FACE_OUTER_BOUND ( 'NONE', #3967, .T. ) ;
#3864 = CARTESIAN_POINT ( 'NONE',  ( -145.6348725420086225, 0.0000000000000000000, 240.7259844772399049 ) ) ;
#3865 = EDGE_LOOP ( 'NONE', ( #5277, #1635 ) ) ;
#3866 = DIRECTION ( 'NONE',  ( 0.8650200284677199702, -0.04171750651340180860, -0.5000000000000092149 ) ) ;
#3867 = CARTESIAN_POINT ( 'NONE',  ( -1.282084449470526133, 0.1332924004258384532, 5.001000000001088353 ) ) ;
#3868 = EDGE_CURVE ( 'NONE', #4972, #5667, #4126, .T. ) ;
#3869 = ADVANCED_FACE ( 'NONE', ( #5974 ), #1284, .F. ) ;
#3870 = VERTEX_POINT ( 'NONE', #4499 ) ;
#3871 = ADVANCED_FACE ( 'NONE', ( #3644 ), #5015, .T. ) ;
#3872 = FACE_OUTER_BOUND ( 'NONE', #300, .T. ) ;
#3873 = CYLINDRICAL_SURFACE ( 'NONE', #4427, 2.199999999999993960 ) ;
#3874 = ORIENTED_EDGE ( 'NONE', *, *, #5614, .F. ) ;
#3875 = ORIENTED_EDGE ( 'NONE', *, *, #5261, .F. ) ;
#3876 = CARTESIAN_POINT ( 'NONE',  ( -2.017447207803565679, 2.017447207803565679, 0.4439521363506346296 ) ) ;
#3877 = CARTESIAN_POINT ( 'NONE',  ( -106.1079539911471983, 6.049691389237983330, 276.0731666307343630 ) ) ;
#3878 = ORIENTED_EDGE ( 'NONE', *, *, #2293, .F. ) ;
#3879 = CARTESIAN_POINT ( 'NONE',  ( -107.2605271331453025, 3.995356370322071804, 318.7499999999999432 ) ) ;
#3880 = CARTESIAN_POINT ( 'NONE',  ( -114.0434928689723648, 12.99999999999998757, 3.735584225055622376 ) ) ;
#3881 = CARTESIAN_POINT ( 'NONE',  ( -2.000000000000014211, 0.0000000000000000000, 315.2499999999996021 ) ) ;
#3882 = CARTESIAN_POINT ( 'NONE',  ( -111.0540716415292053, 3.667941576735299858, -2.356770611108161302E-10 ) ) ;
#3883 = ORIENTED_EDGE ( 'NONE', *, *, #4949, .T. ) ;
#3884 = CARTESIAN_POINT ( 'NONE',  ( -103.1776934528005398, 2.766118236356100102, 291.6544379066506849 ) ) ;
#3885 = ORIENTED_EDGE ( 'NONE', *, *, #760, .T. ) ;
#3886 = CARTESIAN_POINT ( 'NONE',  ( -105.0932437666189543, 7.324441660438854029, 268.5665693071367741 ) ) ;
#3887 = CARTESIAN_POINT ( 'NONE',  ( -40.10008046976480500, 6.481545909748378520, 266.6544379066506849 ) ) ;
#3888 = CARTESIAN_POINT ( 'NONE',  ( -7.165051494988363245, 3.995356370322071804, 8.501000000000036749 ) ) ;
#3889 = DIRECTION ( 'NONE',  ( 1.000000000000000000, 0.0000000000000000000, 0.0000000000000000000 ) ) ;
#3890 = CARTESIAN_POINT ( 'NONE',  ( -107.5904136333396792, 0.8767006227395656159, 1.500999999998836820 ) ) ;
#3891 = CARTESIAN_POINT ( 'NONE',  ( -103.9789550588156715, 5.251891598296772656, 292.2121570097912127 ) ) ;
#3892 = CYLINDRICAL_SURFACE ( 'NONE', #2679, 2.199999999999980194 ) ;
#3893 = CARTESIAN_POINT ( 'NONE',  ( -41.34342688581313041, 1.584433483699276390, 291.6544379066506849 ) ) ;
#3894 = CARTESIAN_POINT ( 'NONE',  ( -105.1669167779702860, 3.685939401274095140, 278.0641738374229135 ) ) ;
#3895 = ORIENTED_EDGE ( 'NONE', *, *, #246, .F. ) ;
#3896 = CARTESIAN_POINT ( 'NONE',  ( -114.1730668218659872, 2.327493680938435006, 1.899949532591186152 ) ) ;
#3897 = CARTESIAN_POINT ( 'NONE',  ( -105.0539410357467318, 12.56645895492215104, 284.1544379066507418 ) ) ;
#3898 = VERTEX_POINT ( 'NONE', #4558 ) ;
#3899 = CARTESIAN_POINT ( 'NONE',  ( -105.0282425151990680, 13.09932242070898134, 10.03553390592868588 ) ) ;
#3900 = ADVANCED_FACE ( 'NONE', ( #5648 ), #5130, .F. ) ;
#3901 = CARTESIAN_POINT ( 'NONE',  ( -105.1978088487344252, 9.583333864162195681, 312.2489999999998531 ) ) ;
#3902 = EDGE_LOOP ( 'NONE', ( #5365, #5985, #1710, #3189, #3849, #2106, #2684, #2941, #3474, #5635 ) ) ;
#3903 = ORIENTED_EDGE ( 'NONE', *, *, #3258, .T. ) ;
#3904 = CARTESIAN_POINT ( 'NONE',  ( -4.000000000000007105, 4.000000000000003553, 3.903127820947815962E-15 ) ) ;
#3905 = PLANE ( 'NONE',  #4132 ) ;
#3906 = ORIENTED_EDGE ( 'NONE', *, *, #874, .T. ) ;
#3907 = CARTESIAN_POINT ( 'NONE',  ( -41.34705765984251968, 0.5844365566102533993, 268.6544379066506849 ) ) ;
#3908 = DIRECTION ( 'NONE',  ( -0.9988390925805179510, 0.04817122723086519898, 0.0000000000000000000 ) ) ;
#3909 = CARTESIAN_POINT ( 'NONE',  ( -113.6459292482247321, 5.502276063293348507, 281.1617048386869442 ) ) ;
#3910 = CARTESIAN_POINT ( 'NONE',  ( -102.8760687405272876, 12.90779103509611758, 266.6544379066506281 ) ) ;
#3911 = ORIENTED_EDGE ( 'NONE', *, *, #6048, .T. ) ;
#3912 = CARTESIAN_POINT ( 'NONE',  ( -105.1129002011319500, 7.551033870359967537, 161.8744999999998697 ) ) ;
#3913 = VERTEX_POINT ( 'NONE', #2780 ) ;
#3914 = DIRECTION ( 'NONE',  ( 0.5004356563159417792, 0.0000000000000000000, 0.8657737313453397476 ) ) ;
#3915 = DIRECTION ( 'NONE',  ( -0.9990451006441082304, 0.04369081000626490185, 0.0000000000000000000 ) ) ;
#3916 = CARTESIAN_POINT ( 'NONE',  ( -105.2499020773368557, 5.681709386503276171, 11.49999999999982592 ) ) ;
#3917 = CARTESIAN_POINT ( 'NONE',  ( -112.7643120787222273, 0.0000000000000000000, 6.623095966852621252 ) ) ;
#3918 = CARTESIAN_POINT ( 'NONE',  ( -14.05662661152041260, 2.450835289238894710, 309.7489999999995121 ) ) ;
#3919 = CARTESIAN_POINT ( 'NONE',  ( -104.9161727393256882, 6.832001398799289582, 290.5359974537369112 ) ) ;
#3920 = CARTESIAN_POINT ( 'NONE',  ( -40.81822742277213223, 0.5839193096323925802, 266.7088670751356290 ) ) ;
#3921 = CARTESIAN_POINT ( 'NONE',  ( -39.74960726914456899, 0.5828740960507898805, 290.8822042550452807 ) ) ;
#3922 = CARTESIAN_POINT ( 'NONE',  ( -105.1072388029238880, 6.799026804984578121, 274.4763196917411960 ) ) ;
#3923 = EDGE_LOOP ( 'NONE', ( #4230, #4217, #441, #1744 ) ) ;
#3924 = CARTESIAN_POINT ( 'NONE',  ( -11.49642254948468612, 7.263749886283466850, 314.7465993764235463 ) ) ;
#3925 = CARTESIAN_POINT ( 'NONE',  ( -102.8396471875202138, 2.579743817263003169, 292.6544379066506849 ) ) ;
#3926 = DIRECTION ( 'NONE',  ( 0.04817122723086528918, 0.9988390925805179510, -0.0000000000000000000 ) ) ;
#3927 = CARTESIAN_POINT ( 'NONE',  ( -106.2135933250058173, 8.270220597959053066, 283.1544379066506849 ) ) ;
#3928 = ORIENTED_EDGE ( 'NONE', *, *, #5392, .F. ) ;
#3929 = ORIENTED_EDGE ( 'NONE', *, *, #4090, .T. ) ;
#3930 = EDGE_CURVE ( 'NONE', #181, #201, #3760, .T. ) ;
#3931 = CARTESIAN_POINT ( 'NONE',  ( -113.1223387349417493, 0.03230670239586777570, 319.7500000000000000 ) ) ;
#3932 = DIRECTION ( 'NONE',  ( 1.371950217666835185E-14, -6.616533751589895877E-16, 1.000000000000000000 ) ) ;
#3933 = VERTEX_POINT ( 'NONE', #58 ) ;
#3934 = DIRECTION ( 'NONE',  ( 0.04817122723086528918, 0.9988390925805179510, -0.0000000000000000000 ) ) ;
#3935 = LINE ( 'NONE', #4389, #4121 ) ;
#3936 = CARTESIAN_POINT ( 'NONE',  ( -104.2584806773134147, 8.564239428906315510, 266.6544379066506281 ) ) ;
#3937 = VECTOR ( 'NONE', #356, 999.9999999999998863 ) ;
#3938 = AXIS2_PLACEMENT_3D ( 'NONE', #2827, #498, #2371 ) ;
#3939 = ORIENTED_EDGE ( 'NONE', *, *, #4611, .T. ) ;
#3940 = CARTESIAN_POINT ( 'NONE',  ( -105.0539410357467744, 12.56645895492215281, 274.1544379066507418 ) ) ;
#3941 = ORIENTED_EDGE ( 'NONE', *, *, #3398, .T. ) ;
#3942 = ADVANCED_FACE ( 'NONE', ( #5615 ), #3847, .T. ) ;
#3943 = CARTESIAN_POINT ( 'NONE',  ( -114.4251532653744476, 9.044477096599903732, 284.1544379066506849 ) ) ;
#3944 = CARTESIAN_POINT ( 'NONE',  ( -106.2126457168427294, 8.617691027423845185, 284.1544379066506849 ) ) ;
#3945 = EDGE_CURVE ( 'NONE', #2261, #350, #3250, .T. ) ;
#3946 = CARTESIAN_POINT ( 'NONE',  ( -106.0928674035702386, 7.351874933466837625, 289.6544379066511965 ) ) ;
#3947 = AXIS2_PLACEMENT_3D ( 'NONE', #1092, #2961, #2926 ) ;
#3948 = VECTOR ( 'NONE', #1634, 1000.000000000000000 ) ;
#3949 = CARTESIAN_POINT ( 'NONE',  ( -11.49642254948570930, 7.263749886283586754, 9.002400623575754324 ) ) ;
#3950 = CARTESIAN_POINT ( 'NONE',  ( 0.0000000000000000000, 0.0000000000000000000, 319.7500000000000000 ) ) ;
#3951 = CARTESIAN_POINT ( 'NONE',  ( -103.3231934413819886, 3.455464126358867460, 291.6544379066506849 ) ) ;
#3952 = CARTESIAN_POINT ( 'NONE',  ( -1.999999999999999556, 1.999999999999999556, 0.0000000000000000000 ) ) ;
#3953 = AXIS2_PLACEMENT_3D ( 'NONE', #4467, #3957, #5820 ) ;
#3954 = VECTOR ( 'NONE', #2270, 1000.000000000000000 ) ;
#3955 = AXIS2_PLACEMENT_3D ( 'NONE', #2548, #3008, #4469 ) ;
#3956 = CARTESIAN_POINT ( 'NONE',  ( -39.59620418780030349, 1.578068440288573848, 290.6619013862596148 ) ) ;
#3957 = DIRECTION ( 'NONE',  ( 0.04817122723086528918, 0.9988390925805179510, -0.0000000000000000000 ) ) ;
#3958 = MECHANICAL_CONTEXT ( 'NONE', #4838, 'mechanical' ) ;
#3959 = CARTESIAN_POINT ( 'NONE',  ( -1.807315091076553193, 3.995356370322071804, 315.2499999999999432 ) ) ;
#3960 = FACE_OUTER_BOUND ( 'NONE', #5959, .T. ) ;
#3961 = LINE ( 'NONE', #1603, #5586 ) ;
#3962 = CARTESIAN_POINT ( 'NONE',  ( -109.0404516121575682, 12.75871725584468308, 5.001000000000005663 ) ) ;
#3963 = ORIENTED_EDGE ( 'NONE', *, *, #1562, .F. ) ;
#3964 = ORIENTED_EDGE ( 'NONE', *, *, #3649, .T. ) ;
#3965 = DIRECTION ( 'NONE',  ( 0.0000000000000000000, -0.0000000000000000000, -1.000000000000000000 ) ) ;
#3966 = CARTESIAN_POINT ( 'NONE',  ( 0.0000000000000000000, 0.0000000000000000000, 274.1544379066501165 ) ) ;
#3967 = EDGE_LOOP ( 'NONE', ( #3452, #2650, #4448 ) ) ;
#3968 = LINE ( 'NONE', #4776, #3754 ) ;
#3969 = CARTESIAN_POINT ( 'NONE',  ( -114.0434928689723790, 12.99999999999998046, 4.000000000000003553 ) ) ;
#3970 = CARTESIAN_POINT ( 'NONE',  ( -104.8275658781825683, 13.89080364359264053, 267.4828650313967842 ) ) ;
#3971 = EDGE_LOOP ( 'NONE', ( #2017, #3350, #133, #5141, #4208, #4465, #388, #5221, #2411, #1844, #4065, #897 ) ) ;
#3972 = DIRECTION ( 'NONE',  ( -3.506950558086308462E-15, 1.961123667350896153E-16, -1.000000000000000000 ) ) ;
#3973 = ORIENTED_EDGE ( 'NONE', *, *, #208, .T. ) ;
#3974 = CARTESIAN_POINT ( 'NONE',  ( -105.1062554352001683, 7.517642618011034727, 268.3937040499456543 ) ) ;
#3975 = CARTESIAN_POINT ( 'NONE',  ( -39.34303389037241772, 1.640397454448507819, 268.6544379066506849 ) ) ;
#3976 = CARTESIAN_POINT ( 'NONE',  ( -105.2169884363109560, 8.244108641336037380, 274.1544379113622654 ) ) ;
#3977 = CARTESIAN_POINT ( 'NONE',  ( -8.985271536213286225, 7.516272835395077401, 11.49999999999962164 ) ) ;
#3978 = EDGE_CURVE ( 'NONE', #5647, #2712, #5103, .T. ) ;
#3979 = PLANE ( 'NONE',  #2956 ) ;
#3980 = CARTESIAN_POINT ( 'NONE',  ( -41.34342688581313041, 1.584433483699276390, 290.6544379066506849 ) ) ;
#3981 = CARTESIAN_POINT ( 'NONE',  ( -13.57550263490345621, 2.444717184058655235, 13.51883712518896985 ) ) ;
#3982 = CARTESIAN_POINT ( 'NONE',  ( -40.02526028163469363, 0.5831437112836667103, 291.1586959729327191 ) ) ;
#3983 = CARTESIAN_POINT ( 'NONE',  ( -9.380810948316623765, 0.0000000000000000000, 318.7499999999984084 ) ) ;
#3984 = COORDINATED_UNIVERSAL_TIME_OFFSET ( 0, 0, .AHEAD. ) ;
#3985 = CARTESIAN_POINT ( 'NONE',  ( -105.1129002011315521, 7.551033870359938227, 274.3154313336124233 ) ) ;
#3986 = EDGE_CURVE ( 'NONE', #2905, #4958, #2412, .T. ) ;
#3987 = CARTESIAN_POINT ( 'NONE',  ( -112.5947179801584497, 0.3329915593068502044, 2.383286623502336887 ) ) ;
#3988 = DIRECTION ( 'NONE',  ( 0.0000000000000000000, 0.2517533232311692792, 0.9677914363343284032 ) ) ;
#3989 = CARTESIAN_POINT ( 'NONE',  ( -112.7643120787221847, 1.999999999999994005, 319.7500000000000000 ) ) ;
#3990 = ORIENTED_EDGE ( 'NONE', *, *, #5910, .F. ) ;
#3991 = VERTEX_POINT ( 'NONE', #22 ) ;
#3992 = FACE_BOUND ( 'NONE', #1231, .T. ) ;
#3993 = CARTESIAN_POINT ( 'NONE',  ( -106.0928674035611152, 7.351874933421312264, 268.6544379066506281 ) ) ;
#3994 = ORIENTED_EDGE ( 'NONE', *, *, #2816, .F. ) ;
#3995 = ADVANCED_FACE ( 'NONE', ( #4301 ), #5224, .F. ) ;
#3996 = CARTESIAN_POINT ( 'NONE',  ( -111.6656410625901827, 3.995356370322071804, 161.8755000000000166 ) ) ;
#3997 = CARTESIAN_POINT ( 'NONE',  ( -106.0896927654586079, 7.182038231661794114, 282.8972337554580463 ) ) ;
#3998 = DIRECTION ( 'NONE',  ( -0.04817122723086528918, -0.9988390925805179510, 0.0000000000000000000 ) ) ;
#3999 = EDGE_LOOP ( 'NONE', ( #2209, #5875, #5070, #1009, #3745 ) ) ;
#4000 = CARTESIAN_POINT ( 'NONE',  ( -112.7358316877925404, 0.05595241092712795877, 320.4166997938565942 ) ) ;
#4001 = ORIENTED_EDGE ( 'NONE', *, *, #5934, .F. ) ;
#4002 = DIRECTION ( 'NONE',  ( 0.5004356563159192417, 0.0000000000000000000, -0.8657737313453527372 ) ) ;
#4003 = DIRECTION ( 'NONE',  ( -0.04817122723086528918, -0.9988390925805179510, 0.0000000000000000000 ) ) ;
#4004 = CARTESIAN_POINT ( 'NONE',  ( -102.6781278393537633, 4.196718073539243754, 292.6544379066506849 ) ) ;
#4005 = LINE ( 'NONE', #4885, #1601 ) ;
#4006 = CARTESIAN_POINT ( 'NONE',  ( -114.0380871659790074, 2.393865714615075024, 322.0421091522392771 ) ) ;
#4007 = CARTESIAN_POINT ( 'NONE',  ( -2.102147792640991497, 0.2042955852831429553, 321.0388626422421225 ) ) ;
#4008 = CARTESIAN_POINT ( 'NONE',  ( -2.763972161589454135, 7.633298678480566757, 318.7499999999996589 ) ) ;
#4009 = CARTESIAN_POINT ( 'NONE',  ( -11.04619947299130978, 3.398397265335702855, 12.50093235792145485 ) ) ;
#4010 = ORIENTED_EDGE ( 'NONE', *, *, #5604, .T. ) ;
#4011 =( BOUNDED_SURFACE ( )  B_SPLINE_SURFACE ( 3, 3, ( 
 ( #1536, #682, #5824, #5762, #1969, #2065 ),
 ( #2036, #1045, #226, #2494, #1111, #3500 ),
 ( #4769, #3438, #3899, #554, #5362, #4352 ),
 ( #3377, #2101, #2884, #2425, #4285, #5692 ) ),
 .UNSPECIFIED., .F., .F., .F. ) 
 B_SPLINE_SURFACE_WITH_KNOTS ( ( 4, 4 ),
 ( 4, 2, 4 ),
 ( 0.0000000000000000000, 1.000000000000000000 ),
 ( 0.0000000000000000000, 0.1515543800034849509, 1.000000000000000000 ),
 .UNSPECIFIED. ) 
 GEOMETRIC_REPRESENTATION_ITEM ( )  RATIONAL_B_SPLINE_SURFACE ( (
 ( 1.000000000000000000, 1.000000000000000000, 1.000000000000000000, 1.000000000000000000, 1.000000000000000000, 1.000000000000000000),
 ( 0.8047378541235856719, 0.8047378541235856719, 0.8047378541235856719, 0.8047378541235856719, 0.8047378541235856719, 0.8047378541235856719),
 ( 0.8047378541235856719, 0.8047378541235856719, 0.8047378541235856719, 0.8047378541235856719, 0.8047378541235856719, 0.8047378541235856719),
 ( 1.000000000000000000, 1.000000000000000000, 1.000000000000000000, 1.000000000000000000, 1.000000000000000000, 1.000000000000000000) ) ) 
 REPRESENTATION_ITEM ( '' )  SURFACE ( )  );
#4012 = CARTESIAN_POINT ( 'NONE',  ( -1.999999999999999556, 4.000000000000000000, 319.7500000000000000 ) ) ;
#4013 = CARTESIAN_POINT ( 'NONE',  ( -11.46271806071016996, 8.052814963378398971, 8.999999999999786837 ) ) ;
#4014 = EDGE_CURVE ( 'NONE', #5121, #2400, #4222, .T. ) ;
#4015 = PERSON_AND_ORGANIZATION_ROLE ( 'creator' ) ;
#4016 = CARTESIAN_POINT ( 'NONE',  ( -114.4251532653744476, 9.044477096599903732, 284.1544379066506849 ) ) ;
#4017 = CARTESIAN_POINT ( 'NONE',  ( -1.807315091079391811, 3.995356370322071804, 8.500999999998981593 ) ) ;
#4018 = EDGE_CURVE ( 'NONE', #5241, #4172, #5082, .T. ) ;
#4019 = DIRECTION ( 'NONE',  ( -1.000000000000000000, 0.0000000000000000000, 0.0000000000000000000 ) ) ;
#4020 = EDGE_CURVE ( 'NONE', #1241, #4154, #451, .T. ) ;
#4021 = DIRECTION ( 'NONE',  ( 0.04817122723086528918, 0.9988390925805179510, -0.0000000000000000000 ) ) ;
#4022 = CARTESIAN_POINT ( 'NONE',  ( -4.000000000000000000, 4.000000000000000000, 0.0000000000000000000 ) ) ;
#4023 = ORIENTED_EDGE ( 'NONE', *, *, #1832, .F. ) ;
#4024 = ORIENTED_EDGE ( 'NONE', *, *, #4225, .F. ) ;
#4025 = CARTESIAN_POINT ( 'NONE',  ( -8.802211628616108285, 0.0000000000000000000, 4.000000000000003553 ) ) ;
#4026 = ORIENTED_EDGE ( 'NONE', *, *, #28, .F. ) ;
#4027 = EDGE_CURVE ( 'NONE', #3179, #102, #477, .T. ) ;
#4028 = DIRECTION ( 'NONE',  ( -0.9988390925805179510, 0.04817122723086510877, 0.0000000000000000000 ) ) ;
#4029 = LINE ( 'NONE', #1713, #2375 ) ;
#4030 = CARTESIAN_POINT ( 'NONE',  ( -103.8927161413407987, 5.154942459220507978, 266.0333378503643758 ) ) ;
#4031 = ORIENTED_EDGE ( 'NONE', *, *, #2743, .F. ) ;
#4032 = LINE ( 'NONE', #5899, #1010 ) ;
#4033 = ORIENTED_EDGE ( 'NONE', *, *, #5953, .T. ) ;
#4034 = CARTESIAN_POINT ( 'NONE',  ( -38.32945050852323732, 2.759495212519210039, 289.8525207209900714 ) ) ;
#4035 = CARTESIAN_POINT ( 'NONE',  ( -38.32945050852323732, 2.759495212519214036, 268.6544379066506849 ) ) ;
#4036 = DIRECTION ( 'NONE',  ( -0.9988390925805179510, 0.04817122723086528918, 4.966075749511363387E-15 ) ) ;
#4037 = FACE_OUTER_BOUND ( 'NONE', #5766, .T. ) ;
#4038 = AXIS2_PLACEMENT_3D ( 'NONE', #2355, #3860, #3332 ) ;
#4039 = CIRCLE ( 'NONE', #610, 2.500000000000005329 ) ;
#4040 = CARTESIAN_POINT ( 'NONE',  ( -105.0928674035702386, 7.351874933421254532, 289.6544379066507418 ) ) ;
#4041 = CARTESIAN_POINT ( 'NONE',  ( -4.000000000000003553, 4.000000000000007105, 323.7500000000000000 ) ) ;
#4042 = CARTESIAN_POINT ( 'NONE',  ( -40.32706739976513433, 2.784897459864389635, 291.3870634551486205 ) ) ;
#4043 = PLANE ( 'NONE',  #2292 ) ;
#4044 = VERTEX_POINT ( 'NONE', #1062 ) ;
#4045 = CARTESIAN_POINT ( 'NONE',  ( -110.5645657418878898, 12.83222103499627309, 323.7241591711276669 ) ) ;
#4046 = CARTESIAN_POINT ( 'NONE',  ( -105.1679960305266519, 3.597055365082852507, 279.1544379066491501 ) ) ;
#4047 = VECTOR ( 'NONE', #5545, 1000.000000000000000 ) ;
#4048 = AXIS2_PLACEMENT_3D ( 'NONE', #2014, #5832, #3908 ) ;
#4049 = TOROIDAL_SURFACE ( 'NONE', #2475, 2.500000000000000000, 2.500000000000000000 ) ;
#4050 = CARTESIAN_POINT ( 'NONE',  ( -105.0806922973856814, 7.229537083871377945, 268.4054946415598124 ) ) ;
#4051 = VECTOR ( 'NONE', #4694, 1000.000000000000000 ) ;
#4052 = CARTESIAN_POINT ( 'NONE',  ( -8.802789649912137193, 0.0000000000000000000, 319.7500000000000000 ) ) ;
#4053 = CIRCLE ( 'NONE', #2873, 2.500000000000002220 ) ;
#4054 =( BOUNDED_CURVE ( )  B_SPLINE_CURVE ( 3, ( #5438, #4944, #303, #758 ),
 .UNSPECIFIED., .F., .F. ) 
 B_SPLINE_CURVE_WITH_KNOTS ( ( 4, 4 ),
 ( 4.796310256837912789, 5.303958088564126427 ),
 .UNSPECIFIED. ) 
 CURVE ( )  GEOMETRIC_REPRESENTATION_ITEM ( )  RATIONAL_B_SPLINE_CURVE ( ( 1.000000000000000000, 0.9786395254804377553, 0.9786395254804377553, 1.000000000000000000 ) ) 
 REPRESENTATION_ITEM ( '' )  );
#4055 = B_SPLINE_CURVE_WITH_KNOTS ( 'NONE', 3,
 ( #55, #2804, #3814, #2894 ),
 .UNSPECIFIED., .F., .F.,
 ( 4, 4 ),
 ( 3.469446951953614189E-18, 0.001031009104971952620 ),
 .UNSPECIFIED. ) ;
#4056 = CARTESIAN_POINT ( 'NONE',  ( 136.8284714605098316, 3.995356370322071804, 243.6155626522538000 ) ) ;
#4057 = CIRCLE ( 'NONE', #3447, 1.000000000000000888 ) ;
#4058 = EDGE_CURVE ( 'NONE', #3808, #3835, #1790, .T. ) ;
#4059 = CARTESIAN_POINT ( 'NONE',  ( -104.7253022470980426, 5.700003212859465762, 290.8856145051057069 ) ) ;
#4060 = DIRECTION ( 'NONE',  ( -3.506950558086308462E-15, 1.961123667350896153E-16, -1.000000000000000000 ) ) ;
#4061 = ORIENTED_EDGE ( 'NONE', *, *, #3313, .F. ) ;
#4062 = ORIENTED_EDGE ( 'NONE', *, *, #5629, .T. ) ;
#4063 = CARTESIAN_POINT ( 'NONE',  ( -105.4169350090452895, 3.995356370322071804, 5.000999999996897039 ) ) ;
#4064 = CARTESIAN_POINT ( 'NONE',  ( -1.656854249492380582, 2.828427124746189847, 3.960002114653530782E-15 ) ) ;
#4065 = ORIENTED_EDGE ( 'NONE', *, *, #2446, .T. ) ;
#4066 = CARTESIAN_POINT ( 'NONE',  ( -106.1517011083701902, 0.0000000000000000000, 323.7500000000006821 ) ) ;
#4067 = B_SPLINE_CURVE_WITH_KNOTS ( 'NONE', 3,
 ( #595, #5775, #4416, #242, #4331, #149, #2113, #2016 ),
 .UNSPECIFIED., .F., .F.,
 ( 4, 2, 2, 4 ),
 ( 0.0000000000000000000, 0.0003909611392393507888, 0.0007819222784787015776, 0.001563844556957490976 ),
 .UNSPECIFIED. ) ;
#4068 = CARTESIAN_POINT ( 'NONE',  ( -1.999999999999999556, 1.999999999999999556, 319.7500000000000000 ) ) ;
#4069 = ORIENTED_EDGE ( 'NONE', *, *, #3552, .F. ) ;
#4070 = EDGE_LOOP ( 'NONE', ( #4311, #486, #176, #1648 ) ) ;
#4071 = CARTESIAN_POINT ( 'NONE',  ( -104.2075473021445191, 4.586800214360676087, 266.9502321394469391 ) ) ;
#4072 = CARTESIAN_POINT ( 'NONE',  ( -103.4467410490469774, 1.645698932314135554, 266.6544379066506281 ) ) ;
#4073 = CARTESIAN_POINT ( 'NONE',  ( -110.7098093730611765, 4.000000000000000000, 323.7500000000000000 ) ) ;
#4074 = CARTESIAN_POINT ( 'NONE',  ( -105.1602141842289626, 7.634705713980953767, 9.064847810307709253 ) ) ;
#4075 = CARTESIAN_POINT ( 'NONE',  ( -40.12012131484060262, 1.778914418582729029, 291.2431820253780188 ) ) ;
#4076 = CARTESIAN_POINT ( 'NONE',  ( -41.34342688581313041, 1.584433483700090628, 291.6544379066506849 ) ) ;
#4077 = ORIENTED_EDGE ( 'NONE', *, *, #425, .T. ) ;
#4078 = CARTESIAN_POINT ( 'NONE',  ( -1.866318363392777568, 0.004472696244420346773, 319.7500000000000000 ) ) ;
#4079 = CARTESIAN_POINT ( 'NONE',  ( -74.44149307944364580, 3.995356370322071804, 197.7976943920669157 ) ) ;
#4080 = LINE ( 'NONE', #1192, #5892 ) ;
#4081 = DIRECTION ( 'NONE',  ( 1.000000000000000000, 1.274904724078555587E-31, -1.625896048388380614E-15 ) ) ;
#4082 = CARTESIAN_POINT ( 'NONE',  ( -106.0527801283272709, 12.61463018215306064, 275.1544379066506281 ) ) ;
#4083 =( BOUNDED_SURFACE ( )  B_SPLINE_SURFACE ( 3, 2, ( 
 ( #207, #177, #725 ),
 ( #2045, #3842, #1545 ),
 ( #3147, #5402, #5489 ),
 ( #2172, #4973, #1327 ) ),
 .UNSPECIFIED., .F., .F., .F. ) 
 B_SPLINE_SURFACE_WITH_KNOTS ( ( 4, 4 ),
 ( 3, 3 ),
 ( 0.0008403575345477881046, 0.0009169570725424882208 ),
 ( 0.0000000000000000000, 1.000000000000000000 ),
 .UNSPECIFIED. ) 
 GEOMETRIC_REPRESENTATION_ITEM ( )  RATIONAL_B_SPLINE_SURFACE ( (
 ( 1.000000000000000000, 0.7071067811865379138, 1.000000000000000000),
 ( 1.000000000000000000, 0.7072220033406454442, 1.000000000000000000),
 ( 1.000000000000000000, 0.7073351037280689591, 1.000000000000000000),
 ( 1.000000000000000000, 0.7074461177046057481, 1.000000000000000000) ) ) 
 REPRESENTATION_ITEM ( '' )  SURFACE ( )  );
#4084 = CARTESIAN_POINT ( 'NONE',  ( -38.32945050852324442, 2.759495212519210483, 268.6544379066506849 ) ) ;
#4085 = CARTESIAN_POINT ( 'NONE',  ( -8.995597031945811395, 7.282777393243997643, 312.2489999999995121 ) ) ;
#4086 = ORIENTED_EDGE ( 'NONE', *, *, #779, .F. ) ;
#4087 = ORIENTED_EDGE ( 'NONE', *, *, #2124, .T. ) ;
#4088 = CARTESIAN_POINT ( 'NONE',  ( -104.1926035800707950, 1.647914195365283163, 291.4016707695505488 ) ) ;
#4089 = ORIENTED_EDGE ( 'NONE', *, *, #4732, .T. ) ;
#4090 = EDGE_CURVE ( 'NONE', #1595, #4108, #599, .T. ) ;
#4091 = CARTESIAN_POINT ( 'NONE',  ( -2.939419985849450523, 3.995356370322071804, 318.7499999999996589 ) ) ;
#4092 = CARTESIAN_POINT ( 'NONE',  ( -104.5798116855386724, 6.104213201275523026, 266.7426213400834740 ) ) ;
#4093 = EDGE_LOOP ( 'NONE', ( #3772, #3100, #5503, #2236 ) ) ;
#4094 = ORIENTED_EDGE ( 'NONE', *, *, #558, .F. ) ;
#4095 = CARTESIAN_POINT ( 'NONE',  ( -39.82402236075468238, 2.778500600405027665, 292.2569067117463533 ) ) ;
#4096 = FACE_OUTER_BOUND ( 'NONE', #556, .T. ) ;
#4097 = ADVANCED_FACE ( 'NONE', ( #1621 ), #5810, .T. ) ;
#4098 = CARTESIAN_POINT ( 'NONE',  ( -217.5718534080391748, 3.995356370322071804, 199.0335014125865882 ) ) ;
#4099 = CARTESIAN_POINT ( 'NONE',  ( -41.34342688581313041, 1.584433483700089962, 266.6544379066506849 ) ) ;
#4100 = CARTESIAN_POINT ( 'NONE',  ( -104.9777964031977717, 6.996209651592208090, 11.62768473998185392 ) ) ;
#4101 = CARTESIAN_POINT ( 'NONE',  ( -38.94249054772155461, 2.767290798738172963, 291.4822798353093276 ) ) ;
#4102 = CARTESIAN_POINT ( 'NONE',  ( -41.34298017070507569, 1.655529656531103511, 291.6544379066506849 ) ) ;
#4103 = EDGE_LOOP ( 'NONE', ( #5744, #5083, #2960, #5788 ) ) ;
#4104 = CARTESIAN_POINT ( 'NONE',  ( -40.81547025291117592, 1.789626919115195003, 291.6013690408653929 ) ) ;
#4105 = CARTESIAN_POINT ( 'NONE',  ( -114.5683106630112462, 7.022381003389559062, 282.6308640702018238 ) ) ;
#4106 = CARTESIAN_POINT ( 'NONE',  ( -106.1679157985895898, 3.609722544599410110, 279.1544379066506849 ) ) ;
#4107 = CARTESIAN_POINT ( 'NONE',  ( -107.4400095534520858, 3.995356370322071804, 322.2499999999998863 ) ) ;
#4108 = VERTEX_POINT ( 'NONE', #2568 ) ;
#4109 = VERTEX_POINT ( 'NONE', #3943 ) ;
#4110 = CARTESIAN_POINT ( 'NONE',  ( -104.7799384600353250, 0.6464800322835009272, 290.8749329649017454 ) ) ;
#4111 = DIRECTION ( 'NONE',  ( 1.000000000000000000, 0.0000000000000000000, 0.0000000000000000000 ) ) ;
#4112 = CARTESIAN_POINT ( 'NONE',  ( -112.7358316877925404, 0.05595241092712795877, 320.4166997938565942 ) ) ;
#4113 = EDGE_CURVE ( 'NONE', #4548, #5249, #5720, .T. ) ;
#4114 = VERTEX_POINT ( 'NONE', #4820 ) ;
#4115 = ORIENTED_EDGE ( 'NONE', *, *, #1394, .F. ) ;
#4116 = CARTESIAN_POINT ( 'NONE',  ( -103.3228521497624399, 3.455175097683023555, 266.6544379066506281 ) ) ;
#4117 = CARTESIAN_POINT ( 'NONE',  ( -39.92490758751787894, 10.09528184644963389, 291.6544379066506849 ) ) ;
#4118 = CARTESIAN_POINT ( 'NONE',  ( -111.4861586422812536, 3.995356370322071804, 8.501000000000590973 ) ) ;
#4119 = CARTESIAN_POINT ( 'NONE',  ( -139.3764909965510412, 3.995356370322071804, 244.2320863228084420 ) ) ;
#4120 = CARTESIAN_POINT ( 'NONE',  ( -105.2126599787838899, 8.610404793811113677, 8.999999999999793943 ) ) ;
#4121 = VECTOR ( 'NONE', #5741, 999.9999999999998863 ) ;
#4122 = CARTESIAN_POINT ( 'NONE',  ( -40.93461401480715978, 2.792623190186511284, 292.6544379017651067 ) ) ;
#4123 = ADVANCED_FACE ( 'NONE', ( #276 ), #5281, .T. ) ;
#4124 = CARTESIAN_POINT ( 'NONE',  ( -41.34196608152250008, 1.797722342850318400, 292.6544379066506849 ) ) ;
#4125 = ORIENTED_EDGE ( 'NONE', *, *, #4353, .T. ) ;
#4126 = LINE ( 'NONE', #5095, #2678 ) ;
#4127 = CARTESIAN_POINT ( 'NONE',  ( -113.3206399902788348, 0.06832836660560298592, 4.347074583093918143 ) ) ;
#4128 = AXIS2_PLACEMENT_3D ( 'NONE', #2531, #3932, #1639 ) ;
#4129 = CARTESIAN_POINT ( 'NONE',  ( -114.5516054063401583, 7.271263122201190754, 283.8366394363289373 ) ) ;
#4130 = AXIS2_PLACEMENT_3D ( 'NONE', #4273, #4693, #84 ) ;
#4131 = ADVANCED_FACE ( 'NONE', ( #4784 ), #5747, .T. ) ;
#4132 = AXIS2_PLACEMENT_3D ( 'NONE', #2624, #3414, #4808 ) ;
#4133 = VECTOR ( 'NONE', #4526, 1000.000000000000227 ) ;
#4134 = VECTOR ( 'NONE', #1001, 1000.000000000000000 ) ;
#4135 = CARTESIAN_POINT ( 'NONE',  ( -223.6375500445716682, 3.995356370322071804, 195.5273995670162890 ) ) ;
#4136 = PLANE ( 'NONE',  #4927 ) ;
#4137 = VERTEX_POINT ( 'NONE', #153 ) ;
#4138 = AXIS2_PLACEMENT_3D ( 'NONE', #1305, #3712, #3260 ) ;
#4139 = CIRCLE ( 'NONE', #1799, 0.9999999999999932276 ) ;
#4140 = AXIS2_PLACEMENT_3D ( 'NONE', #1527, #3399, #511 ) ;
#4141 = CARTESIAN_POINT ( 'NONE',  ( -105.1842404588559248, 4.618943178514108183, 290.8260107819045288 ) ) ;
#4142 = CARTESIAN_POINT ( 'NONE',  ( -4.961418165266573865, 7.739275378388469129, 318.7499999999996589 ) ) ;
#4143 = DIRECTION ( 'NONE',  ( 9.785066557478442180E-14, -4.814769775946861048E-13, -1.000000000000000000 ) ) ;
#4144 = VECTOR ( 'NONE', #5059, 1000.000000000000000 ) ;
#4145 = ORIENTED_EDGE ( 'NONE', *, *, #2360, .F. ) ;
#4146 = EDGE_LOOP ( 'NONE', ( #424, #412, #4409, #1202, #5558, #4198 ) ) ;
#4147 = CARTESIAN_POINT ( 'NONE',  ( -102.9471897394814164, 4.355225135567255990, 266.5955037832333119 ) ) ;
#4148 = CARTESIAN_POINT ( 'NONE',  ( -105.0830485595615613, 1.650552930058249768, 290.2987476103801896 ) ) ;
#4149 = CARTESIAN_POINT ( 'NONE',  ( -103.1861293549775951, 0.6449211332515837336, 267.6544379066506281 ) ) ;
#4150 = FACE_OUTER_BOUND ( 'NONE', #1903, .T. ) ;
#4151 = CARTESIAN_POINT ( 'NONE',  ( -102.4143290665703603, 6.068864483264030163, 9.660842008586856267 ) ) ;
#4152 = CARTESIAN_POINT ( 'NONE',  ( -41.34196608152250718, 1.797722342850318400, 291.6544379066506849 ) ) ;
#4153 = DIRECTION ( 'NONE',  ( -0.04817122723086528918, -0.9988390925805179510, 0.0000000000000000000 ) ) ;
#4154 = VERTEX_POINT ( 'NONE', #184 ) ;
#4155 = CARTESIAN_POINT ( 'NONE',  ( -41.34440498179762358, 0.5844339620352684284, 290.6544379066506849 ) ) ;
#4156 = CARTESIAN_POINT ( 'NONE',  ( -3.269306486040842064, 0.8767006227391213047, 1.500999999998128942 ) ) ;
#4157 = ADVANCED_FACE ( 'NONE', ( #669 ), #4336, .F. ) ;
#4158 = CARTESIAN_POINT ( 'NONE',  ( -113.5986204512808371, 6.534138661020559624, 282.3371500064095585 ) ) ;
#4159 = LINE ( 'NONE', #2231, #2757 ) ;
#4160 = ADVANCED_FACE ( 'NONE', ( #637 ), #1073, .T. ) ;
#4161 = CARTESIAN_POINT ( 'NONE',  ( -41.13118406295108542, 2.795122829134033982, 265.6544379066506281 ) ) ;
#4162 = CARTESIAN_POINT ( 'NONE',  ( -9.206919261492737760, 5.968588564575924238, 11.59770690737373400 ) ) ;
#4163 = VERTEX_POINT ( 'NONE', #2178 ) ;
#4164 = CARTESIAN_POINT ( 'NONE',  ( -103.9856688567620751, 0.6457031600017951734, 290.2690522995183642 ) ) ;
#4165 = CARTESIAN_POINT ( 'NONE',  ( -9.134506838025661324, 2.388244256645831509, 312.2489999999995121 ) ) ;
#4166 = CARTESIAN_POINT ( 'NONE',  ( -113.6506162399344362, 5.377060201142718654, 277.3814550695293519 ) ) ;
#4167 = VERTEX_POINT ( 'NONE', #3667 ) ;
#4168 = ORIENTED_EDGE ( 'NONE', *, *, #233, .F. ) ;
#4169 = CARTESIAN_POINT ( 'NONE',  ( -114.6766424362948271, 5.021236988287168579, 278.8912153940671601 ) ) ;
#4170 = CARTESIAN_POINT ( 'NONE',  ( -105.4169350090452895, 3.995356370322071804, 5.000999999996897039 ) ) ;
#4171 = EDGE_CURVE ( 'NONE', #716, #4236, #1641, .T. ) ;
#4172 = VERTEX_POINT ( 'NONE', #1718 ) ;
#4173 = CARTESIAN_POINT ( 'NONE',  ( -106.0928674035635169, 7.351874933433336423, 283.9934444796803632 ) ) ;
#4174 = CARTESIAN_POINT ( 'NONE',  ( -81.82837731576283602, 0.0000000000000000000, 277.6074976944942136 ) ) ;
#4175 =( BOUNDED_SURFACE ( )  B_SPLINE_SURFACE ( 3, 2, ( 
 ( #1925, #3297, #1482 ),
 ( #5189, #3361, #1553 ),
 ( #3425, #507, #4821 ),
 ( #1891, #3761, #5158 ),
 ( #3791, #5714, #5649 ),
 ( #638, #1451, #4210 ),
 ( #968, #2442, #1424 ),
 ( #4302, #997, #5225 ),
 ( #2871, #2838, #1031 ),
 ( #85, #1524, #23 ),
 ( #3395, #5253, #1063 ),
 ( #154, #2927, #4785 ),
 ( #5616, #600, #2471 ),
 ( #3583, #185, #3092 ),
 ( #5349, #2083, #2510 ),
 ( #4883, #4368, #4035 ) ),
 .UNSPECIFIED., .F., .F., .F. ) 
 B_SPLINE_SURFACE_WITH_KNOTS ( ( 4, 2, 2, 2, 2, 2, 2, 4 ),
 ( 3, 3 ),
 ( 6.938893903907228378E-18, 0.0005858139160082869324, 0.001171627832016566926, 0.001757441748024846919, 0.002343255664033126913, 0.002929069580041406690, 0.003514883496049686900, 0.004686511328066246887 ),
 ( 0.0000000000000000000, 1.000000000000000000 ),
 .UNSPECIFIED. ) 
 GEOMETRIC_REPRESENTATION_ITEM ( )  RATIONAL_B_SPLINE_SURFACE ( (
 ( 1.000000000000000000, 0.7071067811865475727, 1.000000000000000000),
 ( 1.000000000000000000, 0.7069830408857536996, 1.000000000000000000),
 ( 1.000000000000000000, 0.7068609302383088711, 1.000000000000000000),
 ( 1.000000000000000000, 0.7066199169687121806, 1.000000000000000000),
 ( 1.000000000000000000, 0.7064997502222277737, 1.000000000000000000),
 ( 1.000000000000000000, 0.7062698600974474106, 1.000000000000000000),
 ( 1.000000000000000000, 0.7061604612959500038, 1.000000000000000000),
 ( 1.000000000000000000, 0.7059528541219848297, 1.000000000000000000),
 ( 1.000000000000000000, 0.7058542425553914201, 1.000000000000000000),
 ( 1.000000000000000000, 0.7056770724514883630, 1.000000000000000000),
 ( 1.000000000000000000, 0.7055973510963058359, 1.000000000000000000),
 ( 1.000000000000000000, 0.7054563011755079494, 1.000000000000000000),
 ( 1.000000000000000000, 0.7053961923639272547, 1.000000000000000000),
 ( 1.000000000000000000, 0.7052512603015991255, 1.000000000000000000),
 ( 1.000000000000000000, 0.7051992638223613108, 1.000000000000000000),
 ( 1.000000000000000000, 0.7051997065743346171, 1.000000000000000000) ) ) 
 REPRESENTATION_ITEM ( '' )  SURFACE ( )  );
#4176 = CARTESIAN_POINT ( 'NONE',  ( -100.2766404279242067, 3.547232764980659869, 13.99999999999981881 ) ) ;
#4177 = CARTESIAN_POINT ( 'NONE',  ( -114.1519132080629788, 0.6391845741345044685, 1.723512007163253701 ) ) ;
#4178 = FACE_OUTER_BOUND ( 'NONE', #1717, .T. ) ;
#4179 = ORIENTED_EDGE ( 'NONE', *, *, #4780, .T. ) ;
#4180 = EDGE_CURVE ( 'NONE', #4727, #5172, #3636, .T. ) ;
#4181 = CARTESIAN_POINT ( 'NONE',  ( -102.8269319397220869, 3.579662975231999944, 314.7489999999998531 ) ) ;
#4182 = CARTESIAN_POINT ( 'NONE',  ( 0.0000000000000000000, 0.0000000000000000000, 284.1544379066505144 ) ) ;
#4183 = CARTESIAN_POINT ( 'NONE',  ( -105.2103562079478252, 8.711365713970032232, 274.1544379066506281 ) ) ;
#4184 = CARTESIAN_POINT ( 'NONE',  ( -39.54581060832638428, 1.577884159823562227, 267.7680281657345063 ) ) ;
#4185 = CARTESIAN_POINT ( 'NONE',  ( -113.6459308370593106, 5.502234710523366878, 281.1616320919910095 ) ) ;
#4186 = CARTESIAN_POINT ( 'NONE',  ( -105.0539410357471724, 12.56645895492217591, 161.8744999999998981 ) ) ;
#4187 = EDGE_CURVE ( 'NONE', #4387, #2501, #4574, .T. ) ;
#4188 = DIRECTION ( 'NONE',  ( -0.0000000000000000000, -0.0000000000000000000, -1.000000000000000000 ) ) ;
#4189 = ORIENTED_EDGE ( 'NONE', *, *, #1041, .T. ) ;
#4190 = DIRECTION ( 'NONE',  ( 1.000000000000000000, 0.0000000000000000000, 0.0000000000000000000 ) ) ;
#4191 = DIRECTION ( 'NONE',  ( -0.9988390925805177289, 0.04817122723086487979, 0.0000000000000000000 ) ) ;
#4192 = EDGE_CURVE ( 'NONE', #5459, #4592, #417, .T. ) ;
#4193 = ORIENTED_EDGE ( 'NONE', *, *, #489, .F. ) ;
#4194 = EDGE_CURVE ( 'NONE', #785, #4498, #3032, .T. ) ;
#4195 = CARTESIAN_POINT ( 'NONE',  ( -104.1601568500313277, 0.6458738260889949068, 289.9160696698625657 ) ) ;
#4196 = CARTESIAN_POINT ( 'NONE',  ( -9.110998630567955558, 4.236915029627174256, 11.49999999999962164 ) ) ;
#4197 = CARTESIAN_POINT ( 'NONE',  ( -105.1851464518891532, 1.650855100457928160, 289.6544379066506849 ) ) ;
#4198 = ORIENTED_EDGE ( 'NONE', *, *, #4713, .T. ) ;
#4199 = ORIENTED_EDGE ( 'NONE', *, *, #2436, .F. ) ;
#4200 = EDGE_CURVE ( 'NONE', #1843, #4741, #6041, .T. ) ;
#4201 = CARTESIAN_POINT ( 'NONE',  ( -114.7074703969054781, 4.137091351448047405, 278.0206024112143268 ) ) ;
#4202 = CARTESIAN_POINT ( 'NONE',  ( -105.1679960305266235, 3.597055365082852951, 279.1544379066491501 ) ) ;
#4203 = ORIENTED_EDGE ( 'NONE', *, *, #5934, .T. ) ;
#4204 = CARTESIAN_POINT ( 'NONE',  ( -106.1197445714421690, 4.608561637183957949, 279.5974486738070937 ) ) ;
#4205 = DIRECTION ( 'NONE',  ( 0.0000000000000000000, 0.0000000000000000000, -1.000000000000000000 ) ) ;
#4206 = CARTESIAN_POINT ( 'NONE',  ( -114.5078490602318624, 0.2883109635154401107, 2.410175233647743109 ) ) ;
#4207 = CARTESIAN_POINT ( 'NONE',  ( -1.999999999999999556, 0.0000000000000000000, 317.5190985932532612 ) ) ;
#4208 = ORIENTED_EDGE ( 'NONE', *, *, #735, .F. ) ;
#4209 = DIRECTION ( 'NONE',  ( -0.5004356563159417792, 0.0000000000000000000, -0.8657737313453397476 ) ) ;
#4210 = CARTESIAN_POINT ( 'NONE',  ( -39.99973996903811013, 2.780735073976043026, 265.9579977872331824 ) ) ;
#4211 = CARTESIAN_POINT ( 'NONE',  ( -8.965620329266112520, 7.932386900179742462, 313.7134660940667459 ) ) ;
#4212 = CARTESIAN_POINT ( 'NONE',  ( -39.34343311930974352, 1.577143931192370507, 268.6544379066506849 ) ) ;
#4213 = CARTESIAN_POINT ( 'NONE',  ( -8.997824869314470675, 7.231977029052623074, 312.2477996882115576 ) ) ;
#4214 = CARTESIAN_POINT ( 'NONE',  ( -104.8509621475847382, 13.45168003562937287, 268.6544379066506281 ) ) ;
#4215 = CARTESIAN_POINT ( 'NONE',  ( -100.2766404279231836, 3.547232764980625230, 309.7489999999995689 ) ) ;
#4216 = CARTESIAN_POINT ( 'NONE',  ( -104.1753831257861407, 8.677289100864935989, 314.7489999999998531 ) ) ;
#4217 = ORIENTED_EDGE ( 'NONE', *, *, #3094, .F. ) ;
#4218 = DIRECTION ( 'NONE',  ( -0.9990451006441082304, 0.04369081000626662964, 0.0000000000000000000 ) ) ;
#4219 = CARTESIAN_POINT ( 'NONE',  ( -40.34341320195710523, 1.583455373862799886, 289.6544379066507418 ) ) ;
#4220 = EDGE_LOOP ( 'NONE', ( #2854, #1179, #3022, #988 ) ) ;
#4221 = CARTESIAN_POINT ( 'NONE',  ( -7.158864168944765183, 7.845252078296423903, 5.000999999999672596 ) ) ;
#4222 = CIRCLE ( 'NONE', #3066, 5.000000000000004441 ) ;
#4223 = AXIS2_PLACEMENT_3D ( 'NONE', #790, #5895, #5864 ) ;
#4224 = EDGE_CURVE ( 'NONE', #4108, #4284, #1021, .T. ) ;
#4225 = EDGE_CURVE ( 'NONE', #518, #5435, #2091, .T. ) ;
#4226 = CARTESIAN_POINT ( 'NONE',  ( -8.932313916647251162, 8.601221662346494767, 11.49999999999962164 ) ) ;
#4227 = CARTESIAN_POINT ( 'NONE',  ( -105.1851464518503434, 1.650855108304677188, 268.3919441422938235 ) ) ;
#4228 = AXIS2_PLACEMENT_3D ( 'NONE', #2633, #2999, #1623 ) ;
#4229 = AXIS2_PLACEMENT_3D ( 'NONE', #3989, #783, #5431 ) ;
#4230 = ORIENTED_EDGE ( 'NONE', *, *, #2325, .T. ) ;
#4231 = AXIS2_PLACEMENT_3D ( 'NONE', #973, #119, #4788 ) ;
#4232 =( BOUNDED_CURVE ( )  B_SPLINE_CURVE ( 3, ( #2346, #3716, #3323, #3265 ),
 .UNSPECIFIED., .F., .T. ) 
 B_SPLINE_CURVE_WITH_KNOTS ( ( 4, 4 ),
 ( 3.141592653589793116, 6.283185307179586232 ),
 .UNSPECIFIED. ) 
 CURVE ( )  GEOMETRIC_REPRESENTATION_ITEM ( )  RATIONAL_B_SPLINE_CURVE ( ( 1.000000000000000000, 0.3333333333333333703, 0.3333333333333333703, 1.000000000000000000 ) ) 
 REPRESENTATION_ITEM ( '' )  );
#4233 = EDGE_LOOP ( 'NONE', ( #4581, #1172 ) ) ;
#4234 = FACE_OUTER_BOUND ( 'NONE', #4996, .T. ) ;
#4235 = FACE_OUTER_BOUND ( 'NONE', #1274, .T. ) ;
#4236 = VERTEX_POINT ( 'NONE', #986 ) ;
#4237 = CARTESIAN_POINT ( 'NONE',  ( -105.1465514425499634, 4.991798038035897278, 282.6347014230603918 ) ) ;
#4238 = ADVANCED_FACE ( 'NONE', ( #4234 ), #1855, .T. ) ;
#4239 = CARTESIAN_POINT ( 'NONE',  ( -113.0425008268919811, 12.95172494201164959, 283.1544379066507418 ) ) ;
#4240 = DIRECTION ( 'NONE',  ( 0.0009780959844829519804, 0.9999995216640081841, 0.0000000000000000000 ) ) ;
#4241 = CARTESIAN_POINT ( 'NONE',  ( -114.0380871659809117, 2.393865714614701989, 1.707890847763630537 ) ) ;
#4242 = CARTESIAN_POINT ( 'NONE',  ( -114.6616568213217278, 5.260902160240034320, 282.4691198817258737 ) ) ;
#4243 = ORIENTED_EDGE ( 'NONE', *, *, #4562, .T. ) ;
#4244 = CARTESIAN_POINT ( 'NONE',  ( -104.9735017887106494, 14.13761165742175585, 312.2489999999998531 ) ) ;
#4245 = CARTESIAN_POINT ( 'NONE',  ( -2.000000000000014211, 0.0000000000000000000, 4.000000000000003553 ) ) ;
#4246 = CARTESIAN_POINT ( 'NONE',  ( -113.0425008268919811, 12.95172494201164959, 283.1544379066507418 ) ) ;
#4247 = CARTESIAN_POINT ( 'NONE',  ( -11.44655440905651389, 8.387971204122868230, 8.999999999999710454 ) ) ;
#4248 = CARTESIAN_POINT ( 'NONE',  ( -11.04619947299028659, 3.398397265335668216, 311.2480676420772170 ) ) ;
#4249 = DIRECTION ( 'NONE',  ( -1.000000000000000000, 0.0000000000000000000, -0.0000000000000000000 ) ) ;
#4250 = CARTESIAN_POINT ( 'NONE',  ( -102.4881388196857301, 6.359823865801113918, 314.2431648050751392 ) ) ;
#4251 = CARTESIAN_POINT ( 'NONE',  ( -105.2103562079477115, 8.711365713970034008, 312.2489999999998531 ) ) ;
#4252 = VERTEX_POINT ( 'NONE', #3931 ) ;
#4253 = ADVANCED_FACE ( 'NONE', ( #4901, #2987 ), #589, .T. ) ;
#4254 = CARTESIAN_POINT ( 'NONE',  ( -11.49642254948570930, 7.263749886283583201, 9.002400623575748995 ) ) ;
#4255 = B_SPLINE_CURVE_WITH_KNOTS ( 'NONE', 3,
 ( #3358, #4630, #2410, #566, #2438, #3758, #1420, #5646, #5612, #3325, #3850, #4242, #82, #1921, #2834, #5675, #2379, #1952, #1448, #5186 ),
 .UNSPECIFIED., .F., .F.,
 ( 4, 2, 2, 2, 2, 2, 2, 2, 2, 4 ),
 ( 0.0000000000000000000, 0.0009808225073817383038, 0.001471233761072606155, 0.001961645014763474006, 0.002942467522145209707, 0.003923290029526945409, 0.004904112536908681111, 0.005884935044290416813, 0.006865757551672152514, 0.007846580059053887349 ),
 .UNSPECIFIED. ) ;
#4256 = CARTESIAN_POINT ( 'NONE',  ( -12.07318690969616526, 4.304691639604778075, 10.08058577268629463 ) ) ;
#4257 = ORIENTED_EDGE ( 'NONE', *, *, #2274, .F. ) ;
#4258 = DIRECTION ( 'NONE',  ( -0.9988390925805179510, 0.04817122723086550429, 0.0000000000000000000 ) ) ;
#4259 = CARTESIAN_POINT ( 'NONE',  ( -113.6644701333618173, 4.972422735670596339, 279.1544379066506849 ) ) ;
#4260 = VERTEX_POINT ( 'NONE', #3046 ) ;
#4261 = ORIENTED_EDGE ( 'NONE', *, *, #3465, .T. ) ;
#4262 = ADVANCED_FACE ( 'NONE', ( #203 ), #1037, .T. ) ;
#4263 = CARTESIAN_POINT ( 'NONE',  ( -113.6460270695672676, 5.499695267193587256, 277.1518544427757433 ) ) ;
#4264 = CARTESIAN_POINT ( 'NONE',  ( -105.1368976725280078, 5.546071611760321929, 276.5177645017570853 ) ) ;
#4265 = EDGE_LOOP ( 'NONE', ( #5962, #2924 ) ) ;
#4266 = CARTESIAN_POINT ( 'NONE',  ( -4.000000000000000000, 1.999999999999999556, 319.7500000000000000 ) ) ;
#4267 = CARTESIAN_POINT ( 'NONE',  ( -106.0928674035610015, 7.351874933421251868, 283.9934444796772368 ) ) ;
#4268 = CARTESIAN_POINT ( 'NONE',  ( -113.5119897077132407, 0.1340538951671730039, 319.0673989305270766 ) ) ;
#4269 =( BOUNDED_SURFACE ( )  B_SPLINE_SURFACE ( 3, 2, ( 
 ( #3402, #4215, #5195 ),
 ( #3274, #4670, #1962 ),
 ( #4791, #2419, #2878 ),
 ( #5258, #2904, #1007 ),
 ( #1399, #1901, #608 ),
 ( #516, #4279, #1429 ),
 ( #2447, #92, #948 ),
 ( #4309, #484, #2934 ),
 ( #4764, #3823, #5682 ),
 ( #2390, #1494, #5231 ),
 ( #4250, #5721, #2483 ),
 ( #5624, #1996, #1069 ),
 ( #4345, #1862, #3726 ),
 ( #65, #3305, #5165 ),
 ( #2844, #3333, #1931 ),
 ( #3798, #5656, #4402 ) ),
 .UNSPECIFIED., .F., .F., .F. ) 
 B_SPLINE_SURFACE_WITH_KNOTS ( ( 4, 2, 2, 2, 2, 2, 2, 4 ),
 ( 3, 3 ),
 ( 4.712388980384690562, 5.105088062083414258, 5.301437602932776549, 5.497787143782138841, 5.694136684631500245, 5.890486225480862537, 6.086835766330224828, 6.283185307179586232 ),
 ( 0.0000000000000000000, 1.000000000000000000 ),
 .UNSPECIFIED. ) 
 GEOMETRIC_REPRESENTATION_ITEM ( )  RATIONAL_B_SPLINE_SURFACE ( (
 ( 1.000000000000000000, 1.000000000000000000, 1.000000000000000000),
 ( 1.000000000000000000, 1.000158581772980337, 1.000000000000000000),
 ( 1.000000000000000000, 0.9867291879189581394, 1.000000000000000000),
 ( 1.000000000000000000, 0.9506740358622545184, 1.000000000000000000),
 ( 1.000000000000000000, 0.9360421834874624869, 1.000000000000000000),
 ( 1.000000000000000000, 0.9031651001989330352, 1.000000000000000000),
 ( 1.000000000000000000, 0.8849191459302424567, 1.000000000000000000),
 ( 1.000000000000000000, 0.8471316616386344034, 1.000000000000000000),
 ( 1.000000000000000000, 0.8275942679198331486, 1.000000000000000000),
 ( 1.000000000000000000, 0.7902180103235108000, 1.000000000000000000),
 ( 1.000000000000000000, 0.7723968198842677824, 1.000000000000000000),
 ( 1.000000000000000000, 0.7418334198129358237, 1.000000000000000000),
 ( 1.000000000000000000, 0.7291288925855997638, 1.000000000000000000),
 ( 1.000000000000000000, 0.7117460039577138131, 1.000000000000000000),
 ( 1.000000000000000000, 0.7070717273044284656, 1.000000000000000000),
 ( 1.000000000000000000, 0.7071067811865475727, 1.000000000000000000) ) ) 
 REPRESENTATION_ITEM ( '' )  SURFACE ( )  );
#4270 = CARTESIAN_POINT ( 'NONE',  ( -112.7643120787221704, 0.0000000000000000000, 4.000000000000003553 ) ) ;
#4271 = ORIENTED_EDGE ( 'NONE', *, *, #5168, .T. ) ;
#4272 = EDGE_CURVE ( 'NONE', #4477, #2261, #3505, .T. ) ;
#4273 = CARTESIAN_POINT ( 'NONE',  ( -1.807315091076573621, 3.995356370322071804, 322.2499999999984084 ) ) ;
#4274 = CARTESIAN_POINT ( 'NONE',  ( -106.0928674035674391, 7.351874933467131612, 274.3154313336122527 ) ) ;
#4275 = CARTESIAN_POINT ( 'NONE',  ( -105.1005794080687394, 7.057142362664613700, 283.9236359696757859 ) ) ;
#4276 = FACE_OUTER_BOUND ( 'NONE', #1973, .T. ) ;
#4277 = CARTESIAN_POINT ( 'NONE',  ( -9.114267117560496345, 6.210471775775770809, 314.6431552340266649 ) ) ;
#4278 = CARTESIAN_POINT ( 'NONE',  ( -8.995597031946836353, 7.282777393244028730, 11.49999999999953637 ) ) ;
#4279 = CARTESIAN_POINT ( 'NONE',  ( -102.7295635581719893, 4.154313124731099371, 312.2094440081778544 ) ) ;
#4280 = CARTESIAN_POINT ( 'NONE',  ( -105.1193884008586252, 6.300513423900477861, 274.6995091592738731 ) ) ;
#4281 = VERTEX_POINT ( 'NONE', #5338 ) ;
#4282 = CARTESIAN_POINT ( 'NONE',  ( -105.0897705136871849, 7.442502198203779784, 290.0998824497656301 ) ) ;
#4283 = CARTESIAN_POINT ( 'NONE',  ( -12.18068121153300609, 4.060516651931886933, 10.28934750529595377 ) ) ;
#4284 = VERTEX_POINT ( 'NONE', #754 ) ;
#4285 = CARTESIAN_POINT ( 'NONE',  ( -105.2887561037252055, 6.597681612626938197, 11.49999999999978861 ) ) ;
#4286 = PERSON ( 'UNSPECIFIED', 'UNSPECIFIED', 'UNSPECIFIED', ('UNSPECIFIED'), ('UNSPECIFIED'), ('UNSPECIFIED') ) ;
#4287 = LINE ( 'NONE', #4743, #2965 ) ;
#4288 = VERTEX_POINT ( 'NONE', #362 ) ;
#4289 = ORIENTED_EDGE ( 'NONE', *, *, #1249, .T. ) ;
#4290 = CARTESIAN_POINT ( 'NONE',  ( -114.7060312689651056, 4.176955404808974315, 277.8622572462752487 ) ) ;
#4291 = CARTESIAN_POINT ( 'NONE',  ( -105.1336996081731598, 5.696427711838183860, 276.3553474324311878 ) ) ;
#4292 = VERTEX_POINT ( 'NONE', #4025 ) ;
#4293 = CARTESIAN_POINT ( 'NONE',  ( -105.1492510266449472, 4.925696040942296960, 280.8793376208782888 ) ) ;
#4294 = ADVANCED_FACE ( 'NONE', ( #3175 ), #1786, .F. ) ;
#4295 = DIRECTION ( 'NONE',  ( -0.5004356563159255700, 0.0000000000000000000, 0.8657737313453491845 ) ) ;
#4296 = CARTESIAN_POINT ( 'NONE',  ( -113.6091554012472216, 6.328666204342948909, 282.1684627205019069 ) ) ;
#4297 = CARTESIAN_POINT ( 'NONE',  ( -112.4965193952524629, 3.145476416442460010, 0.3993589512039961709 ) ) ;
#4298 = ORIENTED_EDGE ( 'NONE', *, *, #2552, .T. ) ;
#4299 = FACE_BOUND ( 'NONE', #4233, .T. ) ;
#4300 = VERTEX_POINT ( 'NONE', #4063 ) ;
#4301 = FACE_OUTER_BOUND ( 'NONE', #4718, .T. ) ;
#4302 = CARTESIAN_POINT ( 'NONE',  ( -40.12352138928542189, 1.778966843362543626, 267.0631498307217271 ) ) ;
#4303 = CARTESIAN_POINT ( 'NONE',  ( -10.14629310936805773, 4.262327231713252118, 314.7489999999995689 ) ) ;
#4304 = LINE ( 'NONE', #4761, #1199 ) ;
#4305 = ADVANCED_FACE ( 'NONE', ( #2734 ), #5817, .F. ) ;
#4306 = CARTESIAN_POINT ( 'NONE',  ( -9.056793841714732451, 6.592363650594601054, 312.2223840068981531 ) ) ;
#4307 = FACE_OUTER_BOUND ( 'NONE', #2630, .T. ) ;
#4308 = EDGE_CURVE ( 'NONE', #2883, #1324, #3123, .T. ) ;
#4309 = CARTESIAN_POINT ( 'NONE',  ( -102.1383918325370956, 5.266910660665219623, 313.5159340548496516 ) ) ;
#4310 = CARTESIAN_POINT ( 'NONE',  ( -41.34705765984251968, 0.5844365566102533993, 290.6544379066506849 ) ) ;
#4311 = ORIENTED_EDGE ( 'NONE', *, *, #6004, .T. ) ;
#4312 = CARTESIAN_POINT ( 'NONE',  ( -114.0434928689723790, 12.99999999999998046, 284.1544379066506849 ) ) ;
#4313 = CARTESIAN_POINT ( 'NONE',  ( -12.96308572143932736, 2.923348646541827023, 11.82511127682506036 ) ) ;
#4314 = VERTEX_POINT ( 'NONE', #328 ) ;
#4315 = CARTESIAN_POINT ( 'NONE',  ( -2.939419985850488803, 3.995356370322071804, 5.000999999999672596 ) ) ;
#4316 = VECTOR ( 'NONE', #4350, 1000.000000000000114 ) ;
#4317 = CIRCLE ( 'NONE', #1696, 114.7820467919759295 ) ;
#4318 = DIRECTION ( 'NONE',  ( 0.04817122723086528918, 0.9988390925805179510, -0.0000000000000000000 ) ) ;
#4319 = ORIENTED_EDGE ( 'NONE', *, *, #2325, .F. ) ;
#4320 = ORIENTED_EDGE ( 'NONE', *, *, #4542, .F. ) ;
#4321 = TOROIDAL_SURFACE ( 'NONE', #5406, 2.500000000000000000, 2.500000000000000000 ) ;
#4322 = AXIS2_PLACEMENT_3D ( 'NONE', #3980, #2027, #4373 ) ;
#4323 = CARTESIAN_POINT ( 'NONE',  ( -113.4737614797009257, 8.441263023166637680, 275.1544379066506849 ) ) ;
#4324 = CARTESIAN_POINT ( 'NONE',  ( -105.0863757647681638, 7.574700903164813148, 275.2782035809500485 ) ) ;
#4325 = VERTEX_POINT ( 'NONE', #2138 ) ;
#4326 = CARTESIAN_POINT ( 'NONE',  ( -107.2605271331453025, 3.995356370322072248, 314.3499999999999659 ) ) ;
#4327 = VECTOR ( 'NONE', #5284, 1000.000000000000114 ) ;
#4328 = VECTOR ( 'NONE', #1190, 1000.000000000000114 ) ;
#4329 = CARTESIAN_POINT ( 'NONE',  ( -106.1084648756541498, 6.036034473914274834, 282.2481177509667418 ) ) ;
#4330 = CARTESIAN_POINT ( 'NONE',  ( -2.763972161589980381, 7.633298678480592514, 161.8754999999996755 ) ) ;
#4331 = CARTESIAN_POINT ( 'NONE',  ( -113.8424909234496027, 12.99030623604586410, 274.7694913919280566 ) ) ;
#4332 = EDGE_LOOP ( 'NONE', ( #1119, #4193 ) ) ;
#4333 = CARTESIAN_POINT ( 'NONE',  ( -103.1851512589931161, 1.644920654915599245, 291.6544379066506849 ) ) ;
#4334 = B_SPLINE_CURVE_WITH_KNOTS ( 'NONE', 3,
 ( #3188, #5945, #3694, #3211 ),
 .UNSPECIFIED., .F., .F.,
 ( 4, 4 ),
 ( 0.1515543792697209846, 0.2471347762940757919 ),
 .UNSPECIFIED. ) ;
#4335 = ORIENTED_EDGE ( 'NONE', *, *, #1015, .F. ) ;
#4336 = CYLINDRICAL_SURFACE ( 'NONE', #3167, 2.199999999999998401 ) ;
#4337 = CARTESIAN_POINT ( 'NONE',  ( -41.07688791334468448, 10.49420186094486951, 266.6544379066506849 ) ) ;
#4338 = AXIS2_PLACEMENT_3D ( 'NONE', #1812, #1835, #5457 ) ;
#4339 = CARTESIAN_POINT ( 'NONE',  ( -106.0928674035702386, 7.351874933466837625, 289.6544379066511965 ) ) ;
#4340 = AXIS2_PLACEMENT_3D ( 'NONE', #4459, #4858, #187 ) ;
#4341 = CARTESIAN_POINT ( 'NONE',  ( -9.976320027876333540, 4.330639696102713820, 313.8050745445358984 ) ) ;
#4342 = CARTESIAN_POINT ( 'NONE',  ( -100.4763547013422738, 3.995356370322071804, 152.6515808367279874 ) ) ;
#4343 = CARTESIAN_POINT ( 'NONE',  ( -2.939419985850489248, 3.995356370322072248, 9.400999999999665846 ) ) ;
#4344 = VECTOR ( 'NONE', #3934, 1000.000000000000000 ) ;
#4345 = CARTESIAN_POINT ( 'NONE',  ( -102.6493943808289231, 7.281291954082655060, 314.5890832450693324 ) ) ;
#4346 = ADVANCED_FACE ( 'NONE', ( #5461, #3992 ), #1762, .T. ) ;
#4347 = CARTESIAN_POINT ( 'NONE',  ( -14.05662661152041792, 2.450835289238910253, 309.7489999999995689 ) ) ;
#4348 = VERTEX_POINT ( 'NONE', #5859 ) ;
#4349 = DIRECTION ( 'NONE',  ( 0.0000000000000000000, 0.0000000000000000000, -1.000000000000000000 ) ) ;
#4350 = DIRECTION ( 'NONE',  ( 0.5004356563159192417, 0.0000000000000000000, -0.8657737313453527372 ) ) ;
#4351 = ORIENTED_EDGE ( 'NONE', *, *, #3827, .F. ) ;
#4352 = CARTESIAN_POINT ( 'NONE',  ( -105.3267298346456613, 3.611451094724706934, 10.03553390592868588 ) ) ;
#4353 = EDGE_CURVE ( 'NONE', #3421, #5062, #5487, .T. ) ;
#4354 = CARTESIAN_POINT ( 'NONE',  ( -2.000000000000000888, 0.0000000000000000000, 6.231901406742180072 ) ) ;
#4355 = EDGE_LOOP ( 'NONE', ( #4393, #2806, #5397, #849, #952 ) ) ;
#4356 = ORIENTED_EDGE ( 'NONE', *, *, #4272, .F. ) ;
#4357 = CARTESIAN_POINT ( 'NONE',  ( -3.607326170775320584, 3.607326170775320584, 5.302243820760532167E-12 ) ) ;
#4358 = CARTESIAN_POINT ( 'NONE',  ( -40.34439129794159840, 0.5834558521987921464, 268.6544379066506849 ) ) ;
#4359 = ORIENTED_EDGE ( 'NONE', *, *, #4475, .F. ) ;
#4360 = DIRECTION ( 'NONE',  ( 0.0000000000000000000, 0.0000000000000000000, -1.000000000000000000 ) ) ;
#4361 = CARTESIAN_POINT ( 'NONE',  ( -106.0855104947778500, 7.389021918322510984, 282.9699170591404140 ) ) ;
#4362 = CARTESIAN_POINT ( 'NONE',  ( -103.7624704153968196, 3.932348363124737123, 291.5680757156397931 ) ) ;
#4363 = LINE ( 'NONE', #2207, #5408 ) ;
#4364 = ORIENTED_EDGE ( 'NONE', *, *, #127, .F. ) ;
#4365 = CARTESIAN_POINT ( 'NONE',  ( -4.000000000000000000, 4.000000000000000000, 0.0000000000000000000 ) ) ;
#4366 = ORIENTED_EDGE ( 'NONE', *, *, #6030, .F. ) ;
#4367 = CARTESIAN_POINT ( 'NONE',  ( -100.2766404279231693, 3.547232764980633668, 309.7489999999995689 ) ) ;
#4368 = CARTESIAN_POINT ( 'NONE',  ( -39.33477056452891674, 2.772279139625328792, 268.6544379066506849 ) ) ;
#4369 = CARTESIAN_POINT ( 'NONE',  ( -106.0807419664349709, 7.603298061307249611, 275.2832326482225653 ) ) ;
#4370 = DIRECTION ( 'NONE',  ( 0.0000000000000000000, -1.000000000000000000, 0.0000000000000000000 ) ) ;
#4371 = CARTESIAN_POINT ( 'NONE',  ( -113.8505657904441790, 0.9359564508276581041, 322.4250034533106941 ) ) ;
#4372 = CARTESIAN_POINT ( 'NONE',  ( -104.7806943244531226, 6.495599043349437274, 290.7952423723036190 ) ) ;
#4373 = DIRECTION ( 'NONE',  ( 0.0009780959844898908743, 0.9999995216640081841, 0.0000000000000000000 ) ) ;
#4374 = CARTESIAN_POINT ( 'NONE',  ( -40.02196965125071415, 1.579623483134372286, 291.1613369358020122 ) ) ;
#4375 = CARTESIAN_POINT ( 'NONE',  ( -114.4251532653744476, 9.044477096599903732, 274.1544379066506849 ) ) ;
#4376 = ORIENTED_EDGE ( 'NONE', *, *, #5363, .F. ) ;
#4377 = EDGE_CURVE ( 'NONE', #2031, #2657, #2524, .T. ) ;
#4378 = LINE ( 'NONE', #4835, #2191 ) ;
#4379 = ORIENTED_EDGE ( 'NONE', *, *, #2742, .F. ) ;
#4380 = CARTESIAN_POINT ( 'NONE',  ( -2.939419985850489248, 3.995356370322072248, 0.6009999999996773479 ) ) ;
#4381 = EDGE_CURVE ( 'NONE', #4958, #2167, #5687, .T. ) ;
#4382 = CARTESIAN_POINT ( 'NONE',  ( -106.2126457168427436, 8.617691027423845185, 283.1544379066506849 ) ) ;
#4383 = ORIENTED_EDGE ( 'NONE', *, *, #1822, .T. ) ;
#4384 = VERTEX_POINT ( 'NONE', #1869 ) ;
#4385 = CARTESIAN_POINT ( 'NONE',  ( -2.063966701603159315, 0.1279334032063489113, 2.962869736270009380 ) ) ;
#4386 = DIRECTION ( 'NONE',  ( -0.9988390925805177289, 0.04817122723086487979, 0.0000000000000000000 ) ) ;
#4387 = VERTEX_POINT ( 'NONE', #5540 ) ;
#4388 = CARTESIAN_POINT ( 'NONE',  ( -11.49203277865280093, 7.418627449721097555, 8.999999999999710454 ) ) ;
#4389 = CARTESIAN_POINT ( 'NONE',  ( -114.0434928689723932, 12.99999999999998579, 323.7500000000000000 ) ) ;
#4390 = CARTESIAN_POINT ( 'NONE',  ( -110.7098093730611765, 4.000000000000000000, 3.469446951953614189E-15 ) ) ;
#4391 = ORIENTED_EDGE ( 'NONE', *, *, #1461, .T. ) ;
#4392 = CARTESIAN_POINT ( 'NONE',  ( -105.1978088487344252, 9.583333864162195681, 312.2489999999998531 ) ) ;
#4393 = ORIENTED_EDGE ( 'NONE', *, *, #4194, .T. ) ;
#4394 = CARTESIAN_POINT ( 'NONE',  ( -105.0558722191622394, 7.295280116524279990, 268.2457914457675656 ) ) ;
#4395 = DIRECTION ( 'NONE',  ( -1.000000000000000000, 0.0000000000000000000, 8.467505249662494022E-15 ) ) ;
#4396 = CARTESIAN_POINT ( 'NONE',  ( -105.2127154621919658, 8.605880615324153382, 275.1544379066506281 ) ) ;
#4397 = DIRECTION ( 'NONE',  ( -0.5004356563159400029, 0.0000000000000000000, -0.8657737313453408579 ) ) ;
#4398 = ADVANCED_FACE ( 'NONE', ( #5173 ), #5600, .T. ) ;
#4399 = CARTESIAN_POINT ( 'NONE',  ( -114.5654910263977797, 2.133763045523472623, 320.9981106390773107 ) ) ;
#4400 = CARTESIAN_POINT ( 'NONE',  ( -103.8081480229246694, 5.056810457639545398, 291.6013478303959801 ) ) ;
#4401 = DIRECTION ( 'NONE',  ( -0.0000000000000000000, -0.0000000000000000000, 1.000000000000000000 ) ) ;
#4402 = CARTESIAN_POINT ( 'NONE',  ( -105.2126599787828525, 8.610404793811097690, 312.2489999999995689 ) ) ;
#4403 = DIRECTION ( 'NONE',  ( 0.04817122723086528918, 0.9988390925805179510, -0.0000000000000000000 ) ) ;
#4404 = CARTESIAN_POINT ( 'NONE',  ( -114.4513957346031532, 8.712473540011087536, 284.1544379044240145 ) ) ;
#4405 = DIRECTION ( 'NONE',  ( 9.003423303438627401E-15, -4.342100274480878783E-16, 1.000000000000000000 ) ) ;
#4406 = FACE_OUTER_BOUND ( 'NONE', #2835, .T. ) ;
#4407 = CARTESIAN_POINT ( 'NONE',  ( -105.0012955040202769, 13.62303811808736853, 312.2489999999998531 ) ) ;
#4408 = VERTEX_POINT ( 'NONE', #1369 ) ;
#4409 = ORIENTED_EDGE ( 'NONE', *, *, #5099, .T. ) ;
#4410 = CARTESIAN_POINT ( 'NONE',  ( -0.2433703556326697881, 0.2433703556326697881, 2.504731881950403416 ) ) ;
#4411 = DIRECTION ( 'NONE',  ( 1.000000000000000000, 0.0000000000000000000, -4.836222456623630236E-15 ) ) ;
#4412 = ORIENTED_EDGE ( 'NONE', *, *, #2180, .F. ) ;
#4413 = EDGE_CURVE ( 'NONE', #557, #4114, #2527, .T. ) ;
#4414 = CARTESIAN_POINT ( 'NONE',  ( -106.0807419664306650, 7.603298061282536935, 283.0256431650724380 ) ) ;
#4415 = CARTESIAN_POINT ( 'NONE',  ( -2.003531487377095299, 0.007062974754190078086, 319.9876003207513122 ) ) ;
#4416 = CARTESIAN_POINT ( 'NONE',  ( -114.0174205294363077, 12.99874260368704171, 274.4163629381245073 ) ) ;
#4417 = AXIS2_PLACEMENT_3D ( 'NONE', #2309, #1435, #5664 ) ;
#4418 = VECTOR ( 'NONE', #2557, 1000.000000000000000 ) ;
#4419 = ORIENTED_EDGE ( 'NONE', *, *, #2500, .F. ) ;
#4420 = DIRECTION ( 'NONE',  ( 0.0000000000000000000, 0.0000000000000000000, -1.000000000000000000 ) ) ;
#4421 = ORIENTED_EDGE ( 'NONE', *, *, #2967, .F. ) ;
#4422 = CARTESIAN_POINT ( 'NONE',  ( -4.961418165267627245, 7.739275378388520643, 5.000999999999672596 ) ) ;
#4423 = CARTESIAN_POINT ( 'NONE',  ( -104.9214064406664590, 1.650074358538697439, 290.6556698619044141 ) ) ;
#4424 = CARTESIAN_POINT ( 'NONE',  ( -105.1822761155259940, 7.892400026487953468, 274.2100549937475762 ) ) ;
#4425 = AXIS2_PLACEMENT_3D ( 'NONE', #2299, #1285, #3161 ) ;
#4426 = EDGE_CURVE ( 'NONE', #3759, #985, #1488, .T. ) ;
#4427 = AXIS2_PLACEMENT_3D ( 'NONE', #3962, #5239, #1016 ) ;
#4428 = DIRECTION ( 'NONE',  ( -1.000000000000000000, 1.314920394790418515E-13, 0.0000000000000000000 ) ) ;
#4429 = CARTESIAN_POINT ( 'NONE',  ( -112.6641659474972528, 0.1966902440141925501, 320.9981106390917489 ) ) ;
#4430 = CARTESIAN_POINT ( 'NONE',  ( -102.8078080747463758, 4.270203565227395082, 291.6908011351243886 ) ) ;
#4431 = LINE ( 'NONE', #3462, #2762 ) ;
#4432 = CARTESIAN_POINT ( 'NONE',  ( -107.2605271331463683, 3.995356370322071804, 5.001000000000005663 ) ) ;
#4433 = CIRCLE ( 'NONE', #3854, 1.000000000000000000 ) ;
#4434 = VECTOR ( 'NONE', #6055, 1000.000000000000000 ) ;
#4435 = CARTESIAN_POINT ( 'NONE',  ( -40.45702995379964051, 1.581209863124684700, 291.4520646617706916 ) ) ;
#4436 = CARTESIAN_POINT ( 'NONE',  ( -96.97838864849558149, 3.995356370322071804, 158.7172774756432716 ) ) ;
#4437 = CIRCLE ( 'NONE', #3076, 5.000000000000004441 ) ;
#4438 = DATE_AND_TIME ( #5821, #4904 ) ;
#4439 = CARTESIAN_POINT ( 'NONE',  ( -104.2255074256252385, 4.618376577680464834, 266.9620988775659498 ) ) ;
#4440 = CARTESIAN_POINT ( 'NONE',  ( -39.34343311930973641, 1.577143931193279114, 289.6544379066506849 ) ) ;
#4441 = EDGE_CURVE ( 'NONE', #5210, #2712, #3281, .T. ) ;
#4442 = LINE ( 'NONE', #4474, #5693 ) ;
#4443 = CARTESIAN_POINT ( 'NONE',  ( 0.0000000000000000000, 7.500000000000000000, 319.7500000000000000 ) ) ;
#4444 = VERTEX_POINT ( 'NONE', #41 ) ;
#4445 = ORIENTED_EDGE ( 'NONE', *, *, #2971, .T. ) ;
#4446 = CARTESIAN_POINT ( 'NONE',  ( -0.9864527579727868645, 2.493226378986366676, 1.356692992534838327 ) ) ;
#4447 = CARTESIAN_POINT ( 'NONE',  ( -8.965620329500850971, 7.932386895312903086, 312.2489999999993984 ) ) ;
#4448 = ORIENTED_EDGE ( 'NONE', *, *, #5035, .F. ) ;
#4449 = CARTESIAN_POINT ( 'NONE',  ( -39.27198691319489399, 6.454664549271045715, 268.6544379066506849 ) ) ;
#4450 = DIRECTION ( 'NONE',  ( 0.0000000000000000000, 0.0000000000000000000, 1.000000000000000000 ) ) ;
#4451 = CARTESIAN_POINT ( 'NONE',  ( -105.4169350090415378, 3.995356370322071804, 318.7500000000017621 ) ) ;
#4452 = EDGE_CURVE ( 'NONE', #854, #1760, #2852, .T. ) ;
#4453 = ORIENTED_EDGE ( 'NONE', *, *, #5126, .F. ) ;
#4454 = PLANE ( 'NONE',  #3660 ) ;
#4455 = VERTEX_POINT ( 'NONE', #1908 ) ;
#4456 = CARTESIAN_POINT ( 'NONE',  ( -104.9169265627616312, 6.834035016792118888, 267.7745305972325127 ) ) ;
#4457 = CARTESIAN_POINT ( 'NONE',  ( -106.0928674035702812, 7.351874933466784334, 274.3154313336124233 ) ) ;
#4458 = LINE ( 'NONE', #3426, #4327 ) ;
#4459 = CARTESIAN_POINT ( 'NONE',  ( -124.0640353537167755, 9.478613825672505655, 279.1544379066507418 ) ) ;
#4460 = CARTESIAN_POINT ( 'NONE',  ( -112.4696433384800827, 2.291004593439797343, 323.4132681698909551 ) ) ;
#4461 = CARTESIAN_POINT ( 'NONE',  ( -4.336808689942017736E-16, 2.000000000000000000, 319.7500000000000000 ) ) ;
#4462 = CARTESIAN_POINT ( 'NONE',  ( -40.33597765185980677, 1.580769052687692300, 266.9072037388977492 ) ) ;
#4463 = EDGE_CURVE ( 'NONE', #1795, #4384, #2194, .T. ) ;
#4464 = CARTESIAN_POINT ( 'NONE',  ( -11.87572927106544896, 2.909521522018728934, 12.91255563841244403 ) ) ;
#4465 = ORIENTED_EDGE ( 'NONE', *, *, #1839, .T. ) ;
#4466 = CARTESIAN_POINT ( 'NONE',  ( -113.0547952914078991, 12.95231786978978228, 322.3946494459202654 ) ) ;
#4467 = CARTESIAN_POINT ( 'NONE',  ( -4.961418165267128089, 7.739275378388495774, 161.8754999999996755 ) ) ;
#4468 = CALENDAR_DATE ( 2021, 4, 8 ) ;
#4469 = DIRECTION ( 'NONE',  ( 1.000000000000000000, -7.104542728295786314E-31, -4.960310595328046452E-15 ) ) ;
#4470 = DIRECTION ( 'NONE',  ( 1.000000000000000000, 0.0000000000000000000, -9.003423303438627401E-15 ) ) ;
#4471 =( BOUNDED_CURVE ( )  B_SPLINE_CURVE ( 3, ( #1163, #2544, #1589, #2123 ),
 .UNSPECIFIED., .F., .F. ) 
 B_SPLINE_CURVE_WITH_KNOTS ( ( 4, 4 ),
 ( 4.579219810625849263, 4.664199103715068517 ),
 .UNSPECIFIED. ) 
 CURVE ( )  GEOMETRIC_REPRESENTATION_ITEM ( )  RATIONAL_B_SPLINE_CURVE ( ( 1.000000000000000000, 0.9993983005111971574, 0.9993983005111971574, 1.000000000000000000 ) ) 
 REPRESENTATION_ITEM ( '' )  );
#4472 = CC_DESIGN_PERSON_AND_ORGANIZATION_ASSIGNMENT ( #5426, #1661, ( #580 ) ) ;
#4473 = UNCERTAINTY_MEASURE_WITH_UNIT (LENGTH_MEASURE( 1.000000000000000082E-05 ), #3103, 'distance_accuracy_value', 'NONE');
#4474 = CARTESIAN_POINT ( 'NONE',  ( -4.000000000000000000, 7.500000000000000000, 323.7500000000000000 ) ) ;
#4475 = EDGE_CURVE ( 'NONE', #3357, #5957, #1566, .T. ) ;
#4476 = FACE_OUTER_BOUND ( 'NONE', #2526, .T. ) ;
#4477 = VERTEX_POINT ( 'NONE', #3831 ) ;
#4478 = ORIENTED_EDGE ( 'NONE', *, *, #4224, .F. ) ;
#4479 = CARTESIAN_POINT ( 'NONE',  ( -104.0849475510849373, 0.6458002641405181654, 290.0976416750194744 ) ) ;
#4480 = DIRECTION ( 'NONE',  ( -6.065314064128701869E-14, -2.210105553773347959E-12, 1.000000000000000000 ) ) ;
#4481 = ORIENTED_EDGE ( 'NONE', *, *, #2305, .F. ) ;
#4482 = CARTESIAN_POINT ( 'NONE',  ( -102.6781278393538344, 4.196718073539234872, 265.6544379066506281 ) ) ;
#4483 = DIRECTION ( 'NONE',  ( -0.04817122723086528918, -0.9988390925805179510, 0.0000000000000000000 ) ) ;
#4484 = DIRECTION ( 'NONE',  ( 0.0000000000000000000, 0.0000000000000000000, -1.000000000000000000 ) ) ;
#4485 = EDGE_LOOP ( 'NONE', ( #6008, #1388, #634, #4775 ) ) ;
#4486 = CARTESIAN_POINT ( 'NONE',  ( -39.74392339928730422, 1.773111022993974606, 267.4240570661145284 ) ) ;
#4487 = VERTEX_POINT ( 'NONE', #4870 ) ;
#4488 =( BOUNDED_SURFACE ( )  B_SPLINE_SURFACE ( 3, 3, ( 
 ( #1317, #3191, #3239, #5049, #2728, #401 ),
 ( #5998, #5677, #2962, #3328, #1955, #2022 ),
 ( #2899, #2413, #4758, #3887, #1985, #3817 ),
 ( #4337, #540, #115, #1093, #4729, #2382 ) ),
 .UNSPECIFIED., .F., .F., .F. ) 
 B_SPLINE_SURFACE_WITH_KNOTS ( ( 4, 4 ),
 ( 4, 2, 4 ),
 ( 0.0000000000000000000, 1.000000000000000000 ),
 ( 0.0000000000000000000, 0.1016369166048252115, 1.000000000000000000 ),
 .UNSPECIFIED. ) 
 GEOMETRIC_REPRESENTATION_ITEM ( )  RATIONAL_B_SPLINE_SURFACE ( (
 ( 1.000000000000000000, 1.000000000000000000, 1.000000000000000000, 1.000000000000000000, 1.000000000000000000, 1.000000000000000000),
 ( 0.8047378541243634942, 0.8047378541243634942, 0.8047378541243634942, 0.8047378541243634942, 0.8047378541243634942, 0.8047378541243634942),
 ( 0.8047378541243634942, 0.8047378541243634942, 0.8047378541243634942, 0.8047378541243634942, 0.8047378541243634942, 0.8047378541243634942),
 ( 1.000000000000000000, 1.000000000000000000, 1.000000000000000000, 1.000000000000000000, 1.000000000000000000, 1.000000000000000000) ) ) 
 REPRESENTATION_ITEM ( '' )  SURFACE ( )  );
#4489 = CARTESIAN_POINT ( 'NONE',  ( -104.1950983200497376, 5.506012754968501177, 266.9072401838549240 ) ) ;
#4490 = PLANE ( 'NONE',  #2000 ) ;
#4491 = LINE ( 'NONE', #5749, #2580 ) ;
#4492 = ADVANCED_FACE ( 'NONE', ( #3872 ), #4011, .T. ) ;
#4493 = CARTESIAN_POINT ( 'NONE',  ( -104.0715509602962499, 1.647554782923892569, 266.8568122059957659 ) ) ;
#4494 = CARTESIAN_POINT ( 'NONE',  ( -111.6176712747710411, 2.241612368204383809, 323.3506410487790959 ) ) ;
#4495 = CARTESIAN_POINT ( 'NONE',  ( -2.202334077313859328, 0.4046681546265509799, 321.5226048166784949 ) ) ;
#4496 = FACE_OUTER_BOUND ( 'NONE', #5544, .T. ) ;
#4497 = CYLINDRICAL_SURFACE ( 'NONE', #1893, 1.999999999999988010 ) ;
#4498 = VERTEX_POINT ( 'NONE', #5298 ) ;
#4499 = CARTESIAN_POINT ( 'NONE',  ( -7.344533915293767201, 3.995356370322071804, 318.7499999999996589 ) ) ;
#4500 = CARTESIAN_POINT ( 'NONE',  ( -1.807315091079391811, 3.995356370322071804, 8.500999999998981593 ) ) ;
#4501 = EDGE_CURVE ( 'NONE', #4172, #898, #3961, .T. ) ;
#4502 = CARTESIAN_POINT ( 'NONE',  ( -103.7653369710892264, 3.935795223741295867, 266.7416130740043627 ) ) ;
#4503 = CARTESIAN_POINT ( 'NONE',  ( -11.49350251019812141, 7.366995577792796013, 314.7489999999995689 ) ) ;
#4504 = CARTESIAN_POINT ( 'NONE',  ( -105.1680338993392496, 9.996771005611782002, 274.1544379067581190 ) ) ;
#4505 = CARTESIAN_POINT ( 'NONE',  ( -2.939419985849979433, 3.995356370322072248, 157.4754999999996699 ) ) ;
#4506 = CARTESIAN_POINT ( 'NONE',  ( -2.069573516152082515, 0.1391470323041648915, 1.532710195327938729 ) ) ;
#4507 = ORIENTED_EDGE ( 'NONE', *, *, #2953, .F. ) ;
#4508 = ORIENTED_EDGE ( 'NONE', *, *, #483, .F. ) ;
#4509 = CARTESIAN_POINT ( 'NONE',  ( -103.9395808097128509, 0.6456580814464774054, 290.3151727803147537 ) ) ;
#4510 = CARTESIAN_POINT ( 'NONE',  ( -39.35638346226602380, 1.577191320176702494, 268.3925344576829275 ) ) ;
#4511 = ORIENTED_EDGE ( 'NONE', *, *, #249, .F. ) ;
#4512 = CARTESIAN_POINT ( 'NONE',  ( -105.0983863577394999, 7.351874933454649153, 274.4203477264639446 ) ) ;
#4513 = ORIENTED_EDGE ( 'NONE', *, *, #3702, .T. ) ;
#4514 = EDGE_LOOP ( 'NONE', ( #1438, #3382, #2792, #3080, #788, #2049 ) ) ;
#4515 = CARTESIAN_POINT ( 'NONE',  ( -102.6781278393538201, 4.196718073539214444, 266.6544379066506281 ) ) ;
#4516 = CARTESIAN_POINT ( 'NONE',  ( -104.9827709531729880, 1.650256057154730005, 290.5408432132803682 ) ) ;
#4517 = CARTESIAN_POINT ( 'NONE',  ( -0.02450503112728214666, -0.5081162441411696262, 279.1544379066501165 ) ) ;
#4518 = CARTESIAN_POINT ( 'NONE',  ( -104.9323765058281310, 1.650106863333633322, 267.6469768603737975 ) ) ;
#4519 = VECTOR ( 'NONE', #2463, 1000.000000000000000 ) ;
#4520 = CARTESIAN_POINT ( 'NONE',  ( -110.7098093730611765, 4.000000000000000000, 323.7500000000000000 ) ) ;
#4521 = CARTESIAN_POINT ( 'NONE',  ( -102.7050701735673357, 7.923974289767330426, 9.032230441037047086 ) ) ;
#4522 = CARTESIAN_POINT ( 'NONE',  ( -38.72503922608955662, 2.764525627757782100, 291.1562928699412396 ) ) ;
#4523 = FACE_OUTER_BOUND ( 'NONE', #1916, .T. ) ;
#4524 = ORIENTED_EDGE ( 'NONE', *, *, #1851, .T. ) ;
#4525 = DIRECTION ( 'NONE',  ( -3.506950558086308462E-15, 1.961123667350896153E-16, -1.000000000000000000 ) ) ;
#4526 = DIRECTION ( 'NONE',  ( -0.8662767110661169223, 0.0000000000000000000, 0.4995644701782456787 ) ) ;
#4527 = CIRCLE ( 'NONE', #3559, 1.000000000000002665 ) ;
#4528 = DATE_AND_TIME ( #3524, #1593 ) ;
#4529 = CARTESIAN_POINT ( 'NONE',  ( -1.912217073577530790, 0.001397912609984518694, 319.8291500625686581 ) ) ;
#4530 = CIRCLE ( 'NONE', #5802, 2.200000000000008615 ) ;
#4531 = AXIS2_PLACEMENT_3D ( 'NONE', #4219, #5536, #1346 ) ;
#4532 = EDGE_CURVE ( 'NONE', #237, #5249, #584, .T. ) ;
#4533 = AXIS2_PLACEMENT_3D ( 'NONE', #4266, #472, #2432 ) ;
#4534 = CARTESIAN_POINT ( 'NONE',  ( -105.1669167779670033, 3.685939401272775751, 280.2447019758686224 ) ) ;
#4535 = TOROIDAL_SURFACE ( 'NONE', #4038, 6.000000000000000000, 1.000000000000000000 ) ;
#4536 = AXIS2_PLACEMENT_3D ( 'NONE', #5680, #1066, #2931 ) ;
#4537 = CARTESIAN_POINT ( 'NONE',  ( -1.469805346854810901, 0.06109697387789327083, 4.682258954356858460 ) ) ;
#4538 = CARTESIAN_POINT ( 'NONE',  ( -105.9590161994478450, 3.995356370322071804, 159.8547740578347600 ) ) ;
#4539 = EDGE_CURVE ( 'NONE', #1368, #152, #170, .T. ) ;
#4540 = EDGE_LOOP ( 'NONE', ( #926, #3381 ) ) ;
#4541 = VERTEX_POINT ( 'NONE', #4837 ) ;
#4542 = EDGE_CURVE ( 'NONE', #3705, #1155, #2005, .T. ) ;
#4543 = CARTESIAN_POINT ( 'NONE',  ( -104.1601568434734162, 0.6458738260825866995, 289.9160696662112287 ) ) ;
#4544 = CARTESIAN_POINT ( 'NONE',  ( -1.753847770937622119, -1.341068726133598396E-15, 5.806048190360306727 ) ) ;
#4545 = ORIENTED_EDGE ( 'NONE', *, *, #3334, .F. ) ;
#4546 = CARTESIAN_POINT ( 'NONE',  ( -109.0404516121565024, 12.75871725584463157, 318.7499999999999432 ) ) ;
#4547 = CARTESIAN_POINT ( 'NONE',  ( -111.4861586422829731, 3.995356370322071804, 315.2499999999999432 ) ) ;
#4548 = VERTEX_POINT ( 'NONE', #3409 ) ;
#4549 = ORIENTED_EDGE ( 'NONE', *, *, #4780, .F. ) ;
#4550 = CARTESIAN_POINT ( 'NONE',  ( -103.7398886695880122, 3.904583972029501027, 266.7339348070860297 ) ) ;
#4551 = CARTESIAN_POINT ( 'NONE',  ( -39.34418722376914701, 3.518175385115935860, 289.6544379066506849 ) ) ;
#4552 = CARTESIAN_POINT ( 'NONE',  ( -104.4037007573442111, 1.648540195471644099, 267.0631516805857473 ) ) ;
#4553 = CARTESIAN_POINT ( 'NONE',  ( -111.2159623182802903, 3.760373786309247457, 323.7500000000001137 ) ) ;
#4554 = CARTESIAN_POINT ( 'NONE',  ( -104.7685855230666334, 6.333539466050029709, 9.472989462680223127 ) ) ;
#4555 = CARTESIAN_POINT ( 'NONE',  ( -38.34887501286321054, 2.759742219873811298, 290.0472952087785643 ) ) ;
#4556 = CARTESIAN_POINT ( 'NONE',  ( -7.158864168944765183, 7.845252078296423903, 5.000999999999672596 ) ) ;
#4557 = ORIENTED_EDGE ( 'NONE', *, *, #3702, .F. ) ;
#4558 = CARTESIAN_POINT ( 'NONE',  ( -3.118902406156922158, 3.995356370322071804, 1.500999999996616152 ) ) ;
#4559 = DIRECTION ( 'NONE',  ( -1.000000000000000000, 1.040834085586083271E-15, 0.0000000000000000000 ) ) ;
#4560 = CARTESIAN_POINT ( 'NONE',  ( -114.5415323840954045, 7.428371749129601298, 283.8924280442234362 ) ) ;
#4561 = CARTESIAN_POINT ( 'NONE',  ( -106.0928674035677943, 7.351874933454479510, 274.3154313336156065 ) ) ;
#4562 = EDGE_CURVE ( 'NONE', #2996, #1834, #2910, .T. ) ;
#4563 = CARTESIAN_POINT ( 'NONE',  ( -39.07048466578957857, 2.768918407245131164, 266.6706142702373086 ) ) ;
#4564 = DIRECTION ( 'NONE',  ( 0.01271524779707759387, 0.9999191579690125398, 0.0000000000000000000 ) ) ;
#4565 = ORIENTED_EDGE ( 'NONE', *, *, #2037, .T. ) ;
#4566 = ORIENTED_EDGE ( 'NONE', *, *, #1144, .T. ) ;
#4567 = CARTESIAN_POINT ( 'NONE',  ( -103.7116971065443778, 1.646486349154649753, 291.6013677687222980 ) ) ;
#4568 = EDGE_CURVE ( 'NONE', #5568, #5210, #1422, .T. ) ;
#4569 = CARTESIAN_POINT ( 'NONE',  ( -105.1680342064854301, 9.996761677021453352, 312.2489999999998531 ) ) ;
#4570 = ADVANCED_FACE ( 'NONE', ( #4406 ), #134, .T. ) ;
#4571 = CARTESIAN_POINT ( 'NONE',  ( -104.8150077572237677, 6.583860027055417952, 267.1710810698058367 ) ) ;
#4572 = ORIENTED_EDGE ( 'NONE', *, *, #5920, .F. ) ;
#4573 = ORIENTED_EDGE ( 'NONE', *, *, #3378, .T. ) ;
#4574 = LINE ( 'NONE', #389, #2374 ) ;
#4575 = FACE_OUTER_BOUND ( 'NONE', #49, .T. ) ;
#4576 = CARTESIAN_POINT ( 'NONE',  ( -103.6867472579964158, 0.6454107858465151226, 267.7863071847478409 ) ) ;
#4577 = CARTESIAN_POINT ( 'NONE',  ( -114.7639975833967583, 2.035466637765298792, 319.7500000000000000 ) ) ;
#4578 = CARTESIAN_POINT ( 'NONE',  ( -3.476306829133534393, 3.738153414566767196, 323.7500000000000000 ) ) ;
#4579 = CARTESIAN_POINT ( 'NONE',  ( -40.33850024947276580, 1.782280686921552171, 291.3894171086172378 ) ) ;
#4580 = CARTESIAN_POINT ( 'NONE',  ( -107.2605271331453025, 3.995356370322071804, 318.7499999999999432 ) ) ;
#4581 = ORIENTED_EDGE ( 'NONE', *, *, #5563, .F. ) ;
#4582 = CARTESIAN_POINT ( 'NONE',  ( -39.54450260133740613, 1.770031212793435893, 290.5408539541296591 ) ) ;
#4583 = DIRECTION ( 'NONE',  ( 0.04817122723086528918, 0.9988390925805178400, -0.0000000000000000000 ) ) ;
#4584 = CARTESIAN_POINT ( 'NONE',  ( -113.5281578550440287, 7.684426348569345144, 282.9448300170268453 ) ) ;
#4585 = CARTESIAN_POINT ( 'NONE',  ( -40.55325263074442432, 2.787773693644782558, 265.7499749844890289 ) ) ;
#4586 = CARTESIAN_POINT ( 'NONE',  ( 65.66446933898643579, 3.995356370322071804, 206.7496146743888232 ) ) ;
#4587 = ORIENTED_EDGE ( 'NONE', *, *, #549, .F. ) ;
#4588 = CARTESIAN_POINT ( 'NONE',  ( -105.0865742338720850, 8.591120789383642986, 290.8260107819045288 ) ) ;
#4589 = DIRECTION ( 'NONE',  ( -1.000000000000000000, 0.0000000000000000000, 0.0000000000000000000 ) ) ;
#4590 = CARTESIAN_POINT ( 'NONE',  ( -112.7358316877925404, 0.05595241092712795877, 320.4166997938565942 ) ) ;
#4591 = EDGE_LOOP ( 'NONE', ( #6, #141, #3280, #476, #4783, #2308 ) ) ;
#4592 = VERTEX_POINT ( 'NONE', #2942 ) ;
#4593 = EDGE_CURVE ( 'NONE', #3243, #4541, #4702, .T. ) ;
#4594 = CARTESIAN_POINT ( 'NONE',  ( -38.34887501315633074, 2.759742219877534986, 290.0472952087230851 ) ) ;
#4595 = CARTESIAN_POINT ( 'NONE',  ( -39.07972058494023315, 10.38779386146216410, 290.8260107819045288 ) ) ;
#4596 = CARTESIAN_POINT ( 'NONE',  ( -104.5066117417194675, 1.648845321719972112, 267.1475409318595666 ) ) ;
#4597 = CARTESIAN_POINT ( 'NONE',  ( -40.34439129794159129, 0.5834558521987921464, 289.6544379066507418 ) ) ;
#4598 = LINE ( 'NONE', #3785, #5423 ) ;
#4599 = CARTESIAN_POINT ( 'NONE',  ( -39.34213890066339303, 1.766904805647123267, 289.6544379066506849 ) ) ;
#4600 = CARTESIAN_POINT ( 'NONE',  ( -105.0539410357467744, 12.56645895492215281, 274.1544379066507418 ) ) ;
#4601 = ORIENTED_EDGE ( 'NONE', *, *, #5169, .F. ) ;
#4602 = LINE ( 'NONE', #2669, #3752 ) ;
#4603 = CARTESIAN_POINT ( 'NONE',  ( -113.1217657375749468, 0.03220253029617746454, 4.000000000000003553 ) ) ;
#4604 = EDGE_CURVE ( 'NONE', #4976, #3339, #619, .T. ) ;
#4605 = CIRCLE ( 'NONE', #2578, 114.7820467919759295 ) ;
#4606 = CARTESIAN_POINT ( 'NONE',  ( -114.5800084296305243, 6.814187057037681683, 283.6486576907252584 ) ) ;
#4607 = AXIS2_PLACEMENT_3D ( 'NONE', #677, #3468, #744 ) ;
#4608 = VECTOR ( 'NONE', #5384, 1000.000000000000000 ) ;
#4609 = FACE_OUTER_BOUND ( 'NONE', #2565, .T. ) ;
#4610 = CARTESIAN_POINT ( 'NONE',  ( -9.114267117561659859, 6.210471775775999070, 9.105844765971440324 ) ) ;
#4611 = EDGE_CURVE ( 'NONE', #3991, #3580, #5923, .T. ) ;
#4612 = ORIENTED_EDGE ( 'NONE', *, *, #425, .F. ) ;
#4613 = VECTOR ( 'NONE', #3545, 1000.000000000000000 ) ;
#4614 = AXIS2_PLACEMENT_3D ( 'NONE', #3770, #3337, #4218 ) ;
#4615 = CARTESIAN_POINT ( 'NONE',  ( -103.1881264768880158, 0.6449230866294435316, 291.6544379066506849 ) ) ;
#4616 =( BOUNDED_SURFACE ( )  B_SPLINE_SURFACE ( 3, 2, ( 
 ( #4183, #1758, #3565 ),
 ( #4504, #3625, #5853 ),
 ( #2647, #1697, #2618 ),
 ( #3166, #844, #4082 ) ),
 .UNSPECIFIED., .F., .F., .F. ) 
 B_SPLINE_SURFACE_WITH_KNOTS ( ( 4, 4 ),
 ( 3, 3 ),
 ( 3.469446951953614189E-18, 0.003873560822281152741 ),
 ( 0.0000000000000000000, 1.000000000000000000 ),
 .UNSPECIFIED. ) 
 GEOMETRIC_REPRESENTATION_ITEM ( )  RATIONAL_B_SPLINE_SURFACE ( (
 ( 1.000000000000000000, 0.7071067811865475727, 1.000000000000000000),
 ( 1.000000000000000000, 0.7071067811865475727, 1.000000000000000000),
 ( 1.000000000000000000, 0.7071067811865475727, 1.000000000000000000),
 ( 1.000000000000000000, 0.7071067811865475727, 1.000000000000000000) ) ) 
 REPRESENTATION_ITEM ( '' )  SURFACE ( )  );
#4617 = CARTESIAN_POINT ( 'NONE',  ( -14.05662661152041792, 2.450835289238910253, 309.7489999999995689 ) ) ;
#4618 = CARTESIAN_POINT ( 'NONE',  ( -113.6460255702712487, 5.499734370855620114, 277.1517852389907830 ) ) ;
#4619 = AXIS2_PLACEMENT_3D ( 'NONE', #2626, #1741, #789 ) ;
#4620 = ORIENTED_EDGE ( 'NONE', *, *, #4868, .F. ) ;
#4621 = ORIENTED_EDGE ( 'NONE', *, *, #2039, .T. ) ;
#4622 = CARTESIAN_POINT ( 'NONE',  ( -114.6754645569401987, 5.046910339692784575, 278.6324413708404677 ) ) ;
#4623 = CARTESIAN_POINT ( 'NONE',  ( -40.17548534499418622, 0.5832906458854338894, 291.6544379066506849 ) ) ;
#4624 = EDGE_LOOP ( 'NONE', ( #3203, #2363, #4024, #893, #2523 ) ) ;
#4625 = PLANE ( 'NONE',  #5916 ) ;
#4626 = ADVANCED_FACE ( 'NONE', ( #292 ), #4321, .F. ) ;
#4627 = PLANE ( 'NONE',  #5052 ) ;
#4628 = FACE_OUTER_BOUND ( 'NONE', #4485, .T. ) ;
#4629 = DIRECTION ( 'NONE',  ( 0.04817122723086528918, 0.9988390925805179510, -0.0000000000000000000 ) ) ;
#4630 = CARTESIAN_POINT ( 'NONE',  ( -114.4512796077141559, 8.713942705882105955, 284.1544379066506849 ) ) ;
#4631 = ORIENTED_EDGE ( 'NONE', *, *, #1904, .T. ) ;
#4632 = DIRECTION ( 'NONE',  ( 0.8650200284677198592, -0.04171750651340179472, -0.5000000000000094369 ) ) ;
#4633 = CARTESIAN_POINT ( 'NONE',  ( -2.482399694760840880, 0.05632414464201285220, 2.930828392122490023 ) ) ;
#4634 = CALENDAR_DATE ( 2021, 4, 8 ) ;
#4635 = DIRECTION ( 'NONE',  ( -0.04817122723086528918, -0.9988390925805179510, 0.0000000000000000000 ) ) ;
#4636 = ADVANCED_FACE ( 'NONE', ( #322 ), #4616, .T. ) ;
#4637 = CARTESIAN_POINT ( 'NONE',  ( -100.2130641889378637, 8.546828554825685487, 284.1544379066506849 ) ) ;
#4638 = CARTESIAN_POINT ( 'NONE',  ( -105.1881255202160901, 0.6468792785984155413, 268.6544379066506281 ) ) ;
#4639 = ADVANCED_FACE ( 'NONE', ( #4895 ), #1597, .T. ) ;
#4640 = CARTESIAN_POINT ( 'NONE',  ( -39.40712536160931023, 1.577376958043223976, 268.1370670128725351 ) ) ;
#4641 = ORIENTED_EDGE ( 'NONE', *, *, #2614, .F. ) ;
#4642 = ADVANCED_FACE ( 'NONE', ( #4934 ), #3138, .F. ) ;
#4643 = DIRECTION ( 'NONE',  ( -0.02655026914603489038, -0.9674502699793997573, -0.2516645750300577355 ) ) ;
#4644 = CARTESIAN_POINT ( 'NONE',  ( -10.32550495252229439, 4.036925718952507403, 12.14467375264793603 ) ) ;
#4645 = ORIENTED_EDGE ( 'NONE', *, *, #525, .T. ) ;
#4646 = CARTESIAN_POINT ( 'NONE',  ( -41.21234986237718090, 0.5843047993914490812, 290.6544379066506281 ) ) ;
#4647 = EDGE_CURVE ( 'NONE', #3018, #193, #1698, .T. ) ;
#4648 = CARTESIAN_POINT ( 'NONE',  ( -9.134506838026688058, 2.388244256645843944, 11.49999999999962164 ) ) ;
#4649 = CARTESIAN_POINT ( 'NONE',  ( -113.5113753764334490, 7.926800914935293818, 275.2834828868938075 ) ) ;
#4650 = VERTEX_POINT ( 'NONE', #749 ) ;
#4651 =( BOUNDED_CURVE ( )  B_SPLINE_CURVE ( 3, ( #5665, #3740, #5542, #1910 ),
 .UNSPECIFIED., .F., .F. ) 
 B_SPLINE_CURVE_WITH_KNOTS ( ( 4, 4 ),
 ( 0.0000000000000000000, 1.000000000000000000 ),
 .UNSPECIFIED. ) 
 CURVE ( )  GEOMETRIC_REPRESENTATION_ITEM ( )  RATIONAL_B_SPLINE_CURVE ( ( 1.000000000000000000, 0.8047378541235856719, 0.8047378541235856719, 1.000000000000000000 ) ) 
 REPRESENTATION_ITEM ( '' )  );
#4652 = ORIENTED_EDGE ( 'NONE', *, *, #1380, .F. ) ;
#4653 = CARTESIAN_POINT ( 'NONE',  ( -114.7025006473047029, 4.272810689186362865, 277.5482918223212323 ) ) ;
#4654 = CARTESIAN_POINT ( 'NONE',  ( -106.1197445714921059, 4.608561637186362248, 278.7114271395010974 ) ) ;
#4655 = ORIENTED_EDGE ( 'NONE', *, *, #1765, .T. ) ;
#4656 = CARTESIAN_POINT ( 'NONE',  ( -106.1168350587209090, 5.174411100513898631, 281.2516566781933989 ) ) ;
#4657 = CARTESIAN_POINT ( 'NONE',  ( -102.7501041824143186, 5.649921267010599379, 8.999999999999817035 ) ) ;
#4658 = DIRECTION ( 'NONE',  ( 1.000000000000000000, 0.0000000000000000000, -1.463618016981547665E-15 ) ) ;
#4659 = CARTESIAN_POINT ( 'NONE',  ( -113.9534343579033191, 0.8346799375910116670, 1.447931303925199975 ) ) ;
#4660 = CARTESIAN_POINT ( 'NONE',  ( -112.3416012199911762, 0.8290582439413128890, 322.1996699057239653 ) ) ;
#4661 = ORIENTED_EDGE ( 'NONE', *, *, #1923, .T. ) ;
#4662 = DIRECTION ( 'NONE',  ( 0.04817122723086528918, 0.9988390925805179510, -0.0000000000000000000 ) ) ;
#4663 = CARTESIAN_POINT ( 'NONE',  ( -113.6909409977380392, 0.2276121061002252532, 5.001000000001642576 ) ) ;
#4664 = EDGE_CURVE ( 'NONE', #1680, #2312, #1169, .T. ) ;
#4665 = CARTESIAN_POINT ( 'NONE',  ( -105.1193884008510793, 6.300513423870391705, 283.6093666540084541 ) ) ;
#4666 = CARTESIAN_POINT ( 'NONE',  ( -11.55320689833498271, 6.176512579664507285, 8.999999999999710454 ) ) ;
#4667 = CARTESIAN_POINT ( 'NONE',  ( -12.12289932763318134, 2.766430812654519400, 311.6785580821668304 ) ) ;
#4668 = CARTESIAN_POINT ( 'NONE',  ( -105.2126599787828383, 8.610404793811097690, 312.2489999999995689 ) ) ;
#4669 = B_SPLINE_CURVE_WITH_KNOTS ( 'NONE', 3,
 ( #5704, #2594, #5245, #4388 ),
 .UNSPECIFIED., .F., .F.,
 ( 4, 4 ),
 ( 0.0000000000000000000, 0.0001549583579970965561 ),
 .UNSPECIFIED. ) ;
#4670 = CARTESIAN_POINT ( 'NONE',  ( -100.7674430338954465, 3.553473946288986163, 310.2398422866717738 ) ) ;
#4671 = EDGE_CURVE ( 'NONE', #5957, #4487, #4442, .T. ) ;
#4672 = CARTESIAN_POINT ( 'NONE',  ( -114.6868253448870831, 4.678045625342422298, 276.6429944201105400 ) ) ;
#4673 = ORIENTED_EDGE ( 'NONE', *, *, #4539, .F. ) ;
#4674 = EDGE_CURVE ( 'NONE', #4842, #518, #914, .T. ) ;
#4675 = CARTESIAN_POINT ( 'NONE',  ( -103.0697904352247605, 4.437228227518831503, 292.6250531957372800 ) ) ;
#4676 = CYLINDRICAL_SURFACE ( 'NONE', #4531, 1.000000000000000888 ) ;
#4677 = ORIENTED_EDGE ( 'NONE', *, *, #5924, .T. ) ;
#4678 = CARTESIAN_POINT ( 'NONE',  ( -102.8760687405272449, 12.90779103509611581, 291.6544379066506849 ) ) ;
#4679 = LINE ( 'NONE', #3282, #1989 ) ;
#4680 = CARTESIAN_POINT ( 'NONE',  ( -104.1851587346446024, 1.645898758679850582, 268.6544379066497186 ) ) ;
#4681 = ORIENTED_EDGE ( 'NONE', *, *, #3501, .T. ) ;
#4682 = ORIENTED_EDGE ( 'NONE', *, *, #576, .F. ) ;
#4683 = CARTESIAN_POINT ( 'NONE',  ( -102.6181833719807770, 11.17413350284053308, 8.999999999999786837 ) ) ;
#4684 = CARTESIAN_POINT ( 'NONE',  ( -106.0970230862646275, 6.784280302579111854, 275.5886986333214281 ) ) ;
#4685 = VERTEX_POINT ( 'NONE', #5391 ) ;
#4686 = CARTESIAN_POINT ( 'NONE',  ( -105.1265202718072800, 6.019074676007640790, 282.2496296194775596 ) ) ;
#4687 = CARTESIAN_POINT ( 'NONE',  ( -123.7278047069355438, 13.46704738489544262, 283.1544379066507418 ) ) ;
#4688 = CARTESIAN_POINT ( 'NONE',  ( -101.5836193378894734, 3.693999810893152880, 13.34563028475200319 ) ) ;
#4689 =( BOUNDED_SURFACE ( )  B_SPLINE_SURFACE ( 3, 3, ( 
 ( #4779, #1124, #3910, #4815, #110, #2077 ),
 ( #5708, #2993, #4849, #3936, #1645, #5344 ),
 ( #3970, #1058, #5805, #1617, #1518, #633 ),
 ( #2505, #3510, #3021, #1154, #3390, #2921 ) ),
 .UNSPECIFIED., .F., .F., .F. ) 
 B_SPLINE_SURFACE_WITH_KNOTS ( ( 4, 4 ),
 ( 4, 2, 4 ),
 ( 0.0000000000000000000, 1.000000000000000000 ),
 ( 0.0000000000000000000, 0.1016369166048252115, 1.000000000000000000 ),
 .UNSPECIFIED. ) 
 GEOMETRIC_REPRESENTATION_ITEM ( )  RATIONAL_B_SPLINE_SURFACE ( (
 ( 1.000000000000000000, 1.000000000000000000, 1.000000000000000000, 1.000000000000000000, 1.000000000000000000, 1.000000000000000000),
 ( 0.8047378541243617178, 0.8047378541243617178, 0.8047378541243617178, 0.8047378541243617178, 0.8047378541243617178, 0.8047378541243617178),
 ( 0.8047378541243617178, 0.8047378541243617178, 0.8047378541243617178, 0.8047378541243617178, 0.8047378541243617178, 0.8047378541243617178),
 ( 1.000000000000000000, 1.000000000000000000, 1.000000000000000000, 1.000000000000000000, 1.000000000000000000, 1.000000000000000000) ) ) 
 REPRESENTATION_ITEM ( '' )  SURFACE ( )  );
#4690 = CARTESIAN_POINT ( 'NONE',  ( -114.6118650631649842, 2.110816745238282000, 2.900917156114000584 ) ) ;
#4691 = CARTESIAN_POINT ( 'NONE',  ( -111.6090213570542602, 2.258426416694114813, 323.3580915929699131 ) ) ;
#4692 = VERTEX_POINT ( 'NONE', #379 ) ;
#4693 = DIRECTION ( 'NONE',  ( 1.371950217666838499E-14, -6.616533751589911654E-16, 1.000000000000000000 ) ) ;
#4694 = DIRECTION ( 'NONE',  ( 1.000000000000000000, -0.0000000000000000000, 0.0000000000000000000 ) ) ;
#4695 = CARTESIAN_POINT ( 'NONE',  ( -102.7128620838603155, 8.578616674318388036, 312.2489999999995689 ) ) ;
#4696 = CARTESIAN_POINT ( 'NONE',  ( -11.63430473294097922, 2.420032376138432806, 8.999999999999710454 ) ) ;
#4697 = CARTESIAN_POINT ( 'NONE',  ( -10.66994367686443468, 3.597671057295150909, 313.1208268473538965 ) ) ;
#4698 = CARTESIAN_POINT ( 'NONE',  ( -104.8275658781825683, 13.89080364359263875, 268.6544379066506281 ) ) ;
#4699 = CARTESIAN_POINT ( 'NONE',  ( -114.7120313748054485, 4.008506407753950285, 279.1544379066506849 ) ) ;
#4700 = CARTESIAN_POINT ( 'NONE',  ( -41.34342688581313041, 1.584433483700089962, 266.6544379066506849 ) ) ;
#4701 = EDGE_LOOP ( 'NONE', ( #5886, #5739, #5538, #4376 ) ) ;
#4702 = CIRCLE ( 'NONE', #1107, 2.200000000000008615 ) ;
#4703 = EDGE_CURVE ( 'NONE', #822, #2136, #5882, .T. ) ;
#4704 = CARTESIAN_POINT ( 'NONE',  ( -112.9671519962925288, 3.995356370322071804, 163.8962259421607826 ) ) ;
#4705 = VECTOR ( 'NONE', #1150, 1000.000000000000000 ) ;
#4706 = CIRCLE ( 'NONE', #1000, 5.000000000000004441 ) ;
#4707 = CARTESIAN_POINT ( 'NONE',  ( -9.578762876158132045, 5.080415435731602258, 11.77796701369993393 ) ) ;
#4708 = EDGE_LOOP ( 'NONE', ( #5039, #3803, #2855, #4271 ) ) ;
#4709 = CARTESIAN_POINT ( 'NONE',  ( -109.0404516121565024, 12.75871725584463157, 318.7499999999999432 ) ) ;
#4710 = VECTOR ( 'NONE', #5414, 1000.000000000000000 ) ;
#4711 = CIRCLE ( 'NONE', #234, 1.000000000000000888 ) ;
#4712 = VECTOR ( 'NONE', #3547, 1000.000000000000000 ) ;
#4713 = EDGE_CURVE ( 'NONE', #3898, #3411, #2253, .T. ) ;
#4714 = CARTESIAN_POINT ( 'NONE',  ( -102.9728584519752701, 2.581437768442365943, 266.6544379066506281 ) ) ;
#4715 = VECTOR ( 'NONE', #3621, 1000.000000000000000 ) ;
#4716 = AXIS2_PLACEMENT_3D ( 'NONE', #2146, #1679, #3451 ) ;
#4717 = ORIENTED_EDGE ( 'NONE', *, *, #3226, .T. ) ;
#4718 = EDGE_LOOP ( 'NONE', ( #1244, #4772, #2913, #1293 ) ) ;
#4719 = CARTESIAN_POINT ( 'NONE',  ( -114.6715467634932821, 5.038656458034669328, 276.1078734055302562 ) ) ;
#4720 = DIRECTION ( 'NONE',  ( 0.04817122723086528918, 0.9988390925805179510, -0.0000000000000000000 ) ) ;
#4721 = ORIENTED_EDGE ( 'NONE', *, *, #5524, .T. ) ;
#4722 = CARTESIAN_POINT ( 'NONE',  ( -105.1901225506521911, 0.6468812318867760425, 268.6544379066506281 ) ) ;
#4723 = CARTESIAN_POINT ( 'NONE',  ( -105.2103562079478252, 8.711365713970041114, 283.1544379066506849 ) ) ;
#4724 = CARTESIAN_POINT ( 'NONE',  ( -107.4400095534549706, 3.995356370322071804, 315.2500000000001705 ) ) ;
#4725 = CARTESIAN_POINT ( 'NONE',  ( -41.34607956385803362, 1.584436078274261694, 267.6544379066506281 ) ) ;
#4726 = CARTESIAN_POINT ( 'NONE',  ( -112.5945221307071193, 0.3333758078823284010, 321.3675754905748931 ) ) ;
#4727 = VERTEX_POINT ( 'NONE', #4964 ) ;
#4728 = CARTESIAN_POINT ( 'NONE',  ( -103.9671719308319950, 13.56898134876061235, 314.7489999999998531 ) ) ;
#4729 = CARTESIAN_POINT ( 'NONE',  ( -41.34415547574609917, 3.551612488083716102, 266.6544379066506849 ) ) ;
#4730 = CARTESIAN_POINT ( 'NONE',  ( -105.0932437651831464, 7.324441712857029607, 283.9934444796773505 ) ) ;
#4731 = CARTESIAN_POINT ( 'NONE',  ( -39.34343311931048959, 1.577143931074890926, 268.3928448191896337 ) ) ;
#4732 = EDGE_CURVE ( 'NONE', #5187, #275, #732, .T. ) ;
#4733 = CARTESIAN_POINT ( 'NONE',  ( -12.41666340844951222, 3.616894919963778765, 312.9990077759266569 ) ) ;
#4734 = CARTESIAN_POINT ( 'NONE',  ( -106.1120053559803296, 5.714233604682093848, 276.3593346866665570 ) ) ;
#4735 = CARTESIAN_POINT ( 'NONE',  ( -105.0932437666039334, 7.324441661364903489, 289.7420918477928922 ) ) ;
#4736 = CARTESIAN_POINT ( 'NONE',  ( -105.1620458463882954, 4.040868681385629380, 277.0190519835632017 ) ) ;
#4737 = ORIENTED_EDGE ( 'NONE', *, *, #3380, .T. ) ;
#4738 = CARTESIAN_POINT ( 'NONE',  ( -105.0769460327446865, 7.386290790329472777, 290.2005133176524510 ) ) ;
#4739 = DIRECTION ( 'NONE',  ( -0.0000000000000000000, -0.0000000000000000000, 1.000000000000000000 ) ) ;
#4740 = VECTOR ( 'NONE', #5246, 1000.000000000000000 ) ;
#4741 = VERTEX_POINT ( 'NONE', #998 ) ;
#4742 = EDGE_CURVE ( 'NONE', #4108, #2140, #5132, .T. ) ;
#4743 = CARTESIAN_POINT ( 'NONE',  ( -106.8430056084793875, 12.65274055593672742, 318.7499999999999432 ) ) ;
#4744 = EDGE_LOOP ( 'NONE', ( #2358, #295 ) ) ;
#4745 = ORIENTED_EDGE ( 'NONE', *, *, #1581, .F. ) ;
#4746 = CARTESIAN_POINT ( 'NONE',  ( -114.6870172146443565, 4.673304873640448776, 276.6512085765025404 ) ) ;
#4747 = DIRECTION ( 'NONE',  ( 0.5004356563159397808, 0.0000000000000000000, 0.8657737313453409689 ) ) ;
#4748 = ORIENTED_EDGE ( 'NONE', *, *, #4272, .T. ) ;
#4749 = EDGE_CURVE ( 'NONE', #4548, #2982, #1307, .T. ) ;
#4750 = EDGE_CURVE ( 'NONE', #1127, #3531, #4797, .T. ) ;
#4751 = CARTESIAN_POINT ( 'NONE',  ( -105.1557710122903160, 4.562071877514599194, 279.1544379066492070 ) ) ;
#4752 = LINE ( 'NONE', #594, #432 ) ;
#4753 = CARTESIAN_POINT ( 'NONE',  ( -114.1924689629879595, 2.317888222958951250, 1.943831821539795834 ) ) ;
#4754 = ORIENTED_EDGE ( 'NONE', *, *, #1904, .F. ) ;
#4755 = CARTESIAN_POINT ( 'NONE',  ( -111.9100881224017741, 1.672132738197116275, 323.0111022586709737 ) ) ;
#4756 = VERTEX_POINT ( 'NONE', #3818 ) ;
#4757 = CARTESIAN_POINT ( 'NONE',  ( -104.2912796433759866, 3.598284024508485501, 314.7489999999998531 ) ) ;
#4758 = CARTESIAN_POINT ( 'NONE',  ( -39.94195493076357195, 9.760307530356277184, 266.6544379066506849 ) ) ;
#4759 = CARTESIAN_POINT ( 'NONE',  ( -105.1072388029179905, 6.799026804949947156, 283.8325561215440302 ) ) ;
#4760 = ADVANCED_FACE ( 'NONE', ( #5190 ), #5678, .F. ) ;
#4761 = CARTESIAN_POINT ( 'NONE',  ( -7.165051494980619218, 3.995356370322071804, 1.500999999999686807 ) ) ;
#4762 = FACE_OUTER_BOUND ( 'NONE', #1315, .T. ) ;
#4763 = CARTESIAN_POINT ( 'NONE',  ( -106.0970599281756677, 6.782159144354004354, 275.5897623445397926 ) ) ;
#4764 = CARTESIAN_POINT ( 'NONE',  ( -102.2394534161732906, 5.522401141232007760, 313.7245381316119506 ) ) ;
#4765 = CARTESIAN_POINT ( 'NONE',  ( -105.1249088055648855, 6.058659329759612966, 274.8326180684370001 ) ) ;
#4766 = ORIENTED_EDGE ( 'NONE', *, *, #667, .T. ) ;
#4767 = CARTESIAN_POINT ( 'NONE',  ( -9.698711540816743693, 0.0000000000000000000, 319.2999807591427839 ) ) ;
#4768 = ORIENTED_EDGE ( 'NONE', *, *, #1140, .F. ) ;
#4769 = CARTESIAN_POINT ( 'NONE',  ( -104.9735017887116584, 14.13761165742180737, 10.03553390592868588 ) ) ;
#4770 = CARTESIAN_POINT ( 'NONE',  ( -105.2887561036917390, 6.597681612626510983, 11.49999999999995381 ) ) ;
#4771 = ORIENTED_EDGE ( 'NONE', *, *, #1400, .T. ) ;
#4772 = ORIENTED_EDGE ( 'NONE', *, *, #5483, .F. ) ;
#4773 = DIRECTION ( 'NONE',  ( 0.0000000000000000000, -1.000000000000000000, 0.0000000000000000000 ) ) ;
#4774 = DIRECTION ( 'NONE',  ( -0.8650200284677210805, 0.04171750651340186411, 0.5000000000000074385 ) ) ;
#4775 = ORIENTED_EDGE ( 'NONE', *, *, #4441, .F. ) ;
#4776 = CARTESIAN_POINT ( 'NONE',  ( -102.5522287843510725, 12.44580834140152881, 8.999999999999799272 ) ) ;
#4777 = PLANE ( 'NONE',  #684 ) ;
#4778 = CARTESIAN_POINT ( 'NONE',  ( -113.6267591574202669, 5.960056892252066696, 281.7997582573115665 ) ) ;
#4779 = CARTESIAN_POINT ( 'NONE',  ( -102.8303985497780957, 13.78439564410993512, 266.6544379066506281 ) ) ;
#4780 = EDGE_CURVE ( 'NONE', #2218, #1091, #3352, .T. ) ;
#4781 = EDGE_LOOP ( 'NONE', ( #4903, #2147, #2693, #4881 ) ) ;
#4782 = DIRECTION ( 'NONE',  ( 0.04817122723086528918, 0.9988390925805179510, 0.0000000000000000000 ) ) ;
#4783 = ORIENTED_EDGE ( 'NONE', *, *, #2953, .T. ) ;
#4784 = FACE_OUTER_BOUND ( 'NONE', #5728, .T. ) ;
#4785 = CARTESIAN_POINT ( 'NONE',  ( -38.72696553335217828, 2.764550123212221155, 267.1490913920140997 ) ) ;
#4786 = CARTESIAN_POINT ( 'NONE',  ( -7.165051494983972979, 3.995356370322071804, 315.2499999999996021 ) ) ;
#4787 = DIRECTION ( 'NONE',  ( 1.000000000000000000, 0.0000000000000000000, -5.551115123125777969E-15 ) ) ;
#4788 = DIRECTION ( 'NONE',  ( 0.5004356563159251259, 0.0000000000000000000, -0.8657737313453494066 ) ) ;
#4789 = CARTESIAN_POINT ( 'NONE',  ( -103.0483064316342308, 4.422936604974421648, 292.6283564158176205 ) ) ;
#4790 = LINE ( 'NONE', #5326, #5689 ) ;
#4791 = CARTESIAN_POINT ( 'NONE',  ( -100.9293025232218923, 3.685679337816610612, 311.0577394305014991 ) ) ;
#4792 = CARTESIAN_POINT ( 'NONE',  ( -105.1679960305274761, 3.597055365082916456, 278.6017652178227877 ) ) ;
#4793 = VERTEX_POINT ( 'NONE', #2352 ) ;
#4794 = CARTESIAN_POINT ( 'NONE',  ( -111.4861586422782977, 3.995356370322071804, 1.501000000000015211 ) ) ;
#4795 = CARTESIAN_POINT ( 'NONE',  ( -9.001204309022414307, 7.154701906856121951, 9.004797217754591188 ) ) ;
#4796 = CARTESIAN_POINT ( 'NONE',  ( -12.54514592739639944, 3.417458281869260261, 11.00186471584291859 ) ) ;
#4797 = B_SPLINE_CURVE_WITH_KNOTS ( 'NONE', 3,
 ( #4246, #86, #3762, #1956, #601, #2874, #479, #3364 ),
 .UNSPECIFIED., .F., .F.,
 ( 4, 2, 2, 4 ),
 ( 0.0000000000000000000, 0.0003909617554481597569, 0.0007819235108963195138, 0.001563847021792638594 ),
 .UNSPECIFIED. ) ;
#4798 = PLANE ( 'NONE',  #1615 ) ;
#4799 = CARTESIAN_POINT ( 'NONE',  ( -4.961418165267128089, 7.739275378388495774, 161.8754999999996755 ) ) ;
#4800 = AXIS2_PLACEMENT_3D ( 'NONE', #130, #3866, #5726 ) ;
#4801 = VECTOR ( 'NONE', #1863, 1000.000000000000114 ) ;
#4802 = CARTESIAN_POINT ( 'NONE',  ( -105.0282425151990822, 13.09932242070898489, 11.49999999999995381 ) ) ;
#4803 = ORIENTED_EDGE ( 'NONE', *, *, #5763, .F. ) ;
#4804 = ORIENTED_EDGE ( 'NONE', *, *, #5881, .T. ) ;
#4805 = AXIS2_PLACEMENT_3D ( 'NONE', #2623, #3604, #2202 ) ;
#4806 = AXIS2_PLACEMENT_3D ( 'NONE', #5092, #536, #2435 ) ;
#4807 = CARTESIAN_POINT ( 'NONE',  ( -2.202334077313859328, 0.4046681546277217101, 2.227395183318632732 ) ) ;
#4808 = DIRECTION ( 'NONE',  ( 0.5004356563159415572, 0.0000000000000000000, 0.8657737313453399697 ) ) ;
#4809 = ORIENTED_EDGE ( 'NONE', *, *, #805, .F. ) ;
#4810 = FACE_OUTER_BOUND ( 'NONE', #590, .T. ) ;
#4811 = CIRCLE ( 'NONE', #3652, 1.000000000000000000 ) ;
#4812 = CARTESIAN_POINT ( 'NONE',  ( 0.0000000000000000000, 0.0000000000000000000, 284.1544379066505144 ) ) ;
#4813 = CARTESIAN_POINT ( 'NONE',  ( -113.6602904820001783, 5.101536357948047495, 280.1965809881338600 ) ) ;
#4814 = AXIS2_PLACEMENT_3D ( 'NONE', #1631, #5388, #2062 ) ;
#4815 = CARTESIAN_POINT ( 'NONE',  ( -103.0873795387529981, 8.526223444348051572, 266.6544379066506281 ) ) ;
#4816 = VECTOR ( 'NONE', #3124, 1000.000000000000000 ) ;
#4817 = ORIENTED_EDGE ( 'NONE', *, *, #496, .F. ) ;
#4818 = DIRECTION ( 'NONE',  ( -1.000000000000000000, 0.0000000000000000000, 0.0000000000000000000 ) ) ;
#4819 = ORIENTED_EDGE ( 'NONE', *, *, #1088, .T. ) ;
#4820 = CARTESIAN_POINT ( 'NONE',  ( -11.49203277866662987, 7.418627449564008103, 314.7489999999996257 ) ) ;
#4821 = CARTESIAN_POINT ( 'NONE',  ( -40.93642519117990730, 2.792646221604799361, 265.6738631530159864 ) ) ;
#4822 = CARTESIAN_POINT ( 'NONE',  ( -106.2135933250148696, 8.270220597968711118, 275.1544379066506281 ) ) ;
#4823 = EDGE_CURVE ( 'NONE', #3674, #4408, #2285, .T. ) ;
#4824 = AXIS2_PLACEMENT_3D ( 'NONE', #1408, #2032, #2310 ) ;
#4825 = FACE_OUTER_BOUND ( 'NONE', #5797, .T. ) ;
#4826 = CARTESIAN_POINT ( 'NONE',  ( -13.57550263488909437, 2.444717184058860404, 310.2301628747933933 ) ) ;
#4827 = DIRECTION ( 'NONE',  ( -0.4994195462902646931, 0.02408561361543292215, -0.8660254037844353769 ) ) ;
#4828 = DIRECTION ( 'NONE',  ( -1.000000000000000000, -2.602085213965208275E-15, 0.0000000000000000000 ) ) ;
#4829 = CARTESIAN_POINT ( 'NONE',  ( -114.0434928689723790, 12.99999999999998046, 319.7500000000000000 ) ) ;
#4830 = CARTESIAN_POINT ( 'NONE',  ( 136.8284714605098316, 3.995356370322071804, 243.6155626522538000 ) ) ;
#4831 = ORIENTED_EDGE ( 'NONE', *, *, #5770, .F. ) ;
#4832 = EDGE_CURVE ( 'NONE', #2117, #57, #2066, .T. ) ;
#4833 = ADVANCED_FACE ( 'NONE', ( #2900 ), #2697, .T. ) ;
#4834 = CARTESIAN_POINT ( 'NONE',  ( -104.4982374965456984, 5.154674541615254846, 267.1788965088238683 ) ) ;
#4835 = CARTESIAN_POINT ( 'NONE',  ( 0.8923104593159745246, 3.995356370322071804, 322.1895589341586401 ) ) ;
#4836 = ORIENTED_EDGE ( 'NONE', *, *, #4180, .T. ) ;
#4837 = CARTESIAN_POINT ( 'NONE',  ( -7.158864168944274020, 7.845252078296399034, 161.8754999999996755 ) ) ;
#4838 = APPLICATION_CONTEXT ( 'configuration controlled 3d designs of mechanical parts and assemblies' ) ;
#4839 = EDGE_CURVE ( 'NONE', #5521, #1549, #310, .T. ) ;
#4840 = LINE ( 'NONE', #2495, #5799 ) ;
#4841 = ORIENTED_EDGE ( 'NONE', *, *, #4896, .T. ) ;
#4842 = VERTEX_POINT ( 'NONE', #4369 ) ;
#4843 = CARTESIAN_POINT ( 'NONE',  ( -2.012892176783918519, 0.02578435356780683571, 3.476407687600977958 ) ) ;
#4844 = DIRECTION ( 'NONE',  ( 0.0000000000000000000, 1.000000000000000000, -0.0000000000000000000 ) ) ;
#4845 = ADVANCED_FACE ( 'NONE', ( #186 ), #5350, .F. ) ;
#4846 = ORIENTED_EDGE ( 'NONE', *, *, #5238, .T. ) ;
#4847 = CARTESIAN_POINT ( 'NONE',  ( -39.34418722376914701, 3.518175385115935860, 289.6544379066506849 ) ) ;
#4848 = DIRECTION ( 'NONE',  ( 1.000000000000000000, 0.0000000000000000000, 0.0000000000000000000 ) ) ;
#4849 = CARTESIAN_POINT ( 'NONE',  ( -104.0461810239506519, 12.96631111089941868, 266.6544379066506281 ) ) ;
#4850 = ORIENTED_EDGE ( 'NONE', *, *, #3763, .F. ) ;
#4851 = DIRECTION ( 'NONE',  ( -1.000000000000000000, 0.0000000000000000000, -0.0000000000000000000 ) ) ;
#4852 = ORIENTED_EDGE ( 'NONE', *, *, #994, .F. ) ;
#4853 = B_SPLINE_CURVE_WITH_KNOTS ( 'NONE', 3,
 ( #2098, #3563, #5360, #3897 ),
 .UNSPECIFIED., .F., .F.,
 ( 4, 4 ),
 ( 1.734723475976807094E-18, 0.003858276316637363791 ),
 .UNSPECIFIED. ) ;
#4854 = CARTESIAN_POINT ( 'NONE',  ( -105.0719284139761385, 7.167128463796724525, 268.3262237228798313 ) ) ;
#4855 = DIRECTION ( 'NONE',  ( 0.0000000000000000000, 0.0000000000000000000, 1.000000000000000000 ) ) ;
#4856 = B_SPLINE_CURVE_WITH_KNOTS ( 'NONE', 3,
 ( #4112, #5984, #3087, #386 ),
 .UNSPECIFIED., .F., .F.,
 ( 4, 4 ),
 ( 6.208646992726683589E-17, 0.0007709963891981106180 ),
 .UNSPECIFIED. ) ;
#4857 = CARTESIAN_POINT ( 'NONE',  ( -104.0774713391486159, 0.6457929516841348638, 268.1314271579573187 ) ) ;
#4858 = DIRECTION ( 'NONE',  ( 0.9988390925805179510, -0.04817122723086528918, -4.966075749511363387E-15 ) ) ;
#4859 = CARTESIAN_POINT ( 'NONE',  ( -112.4758541009263411, 0.5660627635507803346, 321.8061681784757297 ) ) ;
#4860 = CARTESIAN_POINT ( 'NONE',  ( -103.1711405694369574, 3.326695977281958427, 291.6544379066506849 ) ) ;
#4861 = CARTESIAN_POINT ( 'NONE',  ( -217.7645383169626427, 0.0000000000000000000, 199.0335014125865882 ) ) ;
#4862 =( BOUNDED_SURFACE ( )  B_SPLINE_SURFACE ( 3, 2, ( 
 ( #551, #95, #1966 ),
 ( #5170, #3406, #2002 ),
 ( #979, #2393, #1502 ),
 ( #579, #4795, #4254 ) ),
 .UNSPECIFIED., .F., .F., .F. ) 
 B_SPLINE_SURFACE_WITH_KNOTS ( ( 4, 4 ),
 ( 3, 3 ),
 ( 0.0008403575345478939227, 0.0009169570725424430096 ),
 ( 0.0000000000000000000, 1.000000000000000000 ),
 .UNSPECIFIED. ) 
 GEOMETRIC_REPRESENTATION_ITEM ( )  RATIONAL_B_SPLINE_SURFACE ( (
 ( 1.000000000000000000, 0.7071067811865476838, 1.000000000000000000),
 ( 1.000000000000000000, 0.7072220033406168005, 1.000000000000000000),
 ( 1.000000000000000000, 0.7073351037280832809, 1.000000000000000000),
 ( 1.000000000000000000, 0.7074461177046060811, 1.000000000000000000) ) ) 
 REPRESENTATION_ITEM ( '' )  SURFACE ( )  );
#4863 = CARTESIAN_POINT ( 'NONE',  ( -41.21360834586403854, 0.5843060303096828667, 290.6544378844765788 ) ) ;
#4864 = CARTESIAN_POINT ( 'NONE',  ( -1.999999999999965361, 0.8775010007995567296, 322.2499999999984084 ) ) ;
#4865 = DIRECTION ( 'NONE',  ( -0.9999191579690125398, 0.01271524779707759040, 0.0000000000000000000 ) ) ;
#4866 = DIRECTION ( 'NONE',  ( -0.04817122723086528918, -0.9988390925805179510, 0.0000000000000000000 ) ) ;
#4867 = CARTESIAN_POINT ( 'NONE',  ( -112.1832225479489864, 1.138862301740912963, 1.194706714784915969 ) ) ;
#4868 = EDGE_CURVE ( 'NONE', #2996, #2554, #4884, .T. ) ;
#4869 = CARTESIAN_POINT ( 'NONE',  ( -39.75215230312952741, 1.578638286920921230, 267.4358766368201259 ) ) ;
#4870 = CARTESIAN_POINT ( 'NONE',  ( -4.000000000000003553, 7.692908858248284965, 323.7500000000000000 ) ) ;
#4871 = EDGE_LOOP ( 'NONE', ( #2733, #3344, #553, #2171, #3895 ) ) ;
#4872 = ORIENTED_EDGE ( 'NONE', *, *, #2405, .F. ) ;
#4873 = CARTESIAN_POINT ( 'NONE',  ( -3.476504225844362583, 2.953008451688784231, 0.1041092978309383632 ) ) ;
#4874 = CARTESIAN_POINT ( 'NONE',  ( -2.939419985849450967, 3.995356370322072248, 323.1499999999995794 ) ) ;
#4875 = ORIENTED_EDGE ( 'NONE', *, *, #680, .T. ) ;
#4876 = DIRECTION ( 'NONE',  ( -0.0009780959844864832269, -0.9999995216640081841, 0.0000000000000000000 ) ) ;
#4877 = CARTESIAN_POINT ( 'NONE',  ( -106.1197445713587513, 4.608561637179930059, 279.1544379066506849 ) ) ;
#4878 = CARTESIAN_POINT ( 'NONE',  ( -1.999999999999994005, 0.0000000000000000000, 163.9939190199032453 ) ) ;
#4879 = ORIENTED_EDGE ( 'NONE', *, *, #4452, .T. ) ;
#4880 = PLANE ( 'NONE',  #5108 ) ;
#4881 = ORIENTED_EDGE ( 'NONE', *, *, #3819, .F. ) ;
#4882 = CARTESIAN_POINT ( 'NONE',  ( -105.0901036344669706, 7.438862722012376416, 268.5448803085271265 ) ) ;
#4883 = CARTESIAN_POINT ( 'NONE',  ( -39.34213890066338593, 1.766904805647125265, 268.6544379066506849 ) ) ;
#4884 = LINE ( 'NONE', #702, #3255 ) ;
#4885 = CARTESIAN_POINT ( 'NONE',  ( -8.646044848997908261, 3.995356370322071804, 163.8962259421614078 ) ) ;
#4886 = CARTESIAN_POINT ( 'NONE',  ( -112.7443953984602700, 0.03914218535749916517, 320.3907172505900576 ) ) ;
#4887 = CARTESIAN_POINT ( 'NONE',  ( -105.0198442117503390, 6.845431879347279924, 290.2506859053036123 ) ) ;
#4888 = CARTESIAN_POINT ( 'NONE',  ( -139.5691759054744807, 0.0000000000000000000, 244.2320863228084420 ) ) ;
#4889 = CARTESIAN_POINT ( 'NONE',  ( -41.34440498179762358, 0.5844339620352684284, 291.6544379066506849 ) ) ;
#4890 = DIRECTION ( 'NONE',  ( -0.9968906851151705384, 0.07879696650637028899, 0.0000000000000000000 ) ) ;
#4891 = DIRECTION ( 'NONE',  ( -0.04817122723086528918, -0.9988390925805179510, 0.0000000000000000000 ) ) ;
#4892 = CARTESIAN_POINT ( 'NONE',  ( -102.5568433044173702, 12.44603088416359249, 8.999999999999786837 ) ) ;
#4893 = CARTESIAN_POINT ( 'NONE',  ( -110.7098093730611765, 4.000000000000000000, 0.0000000000000000000 ) ) ;
#4894 =( BOUNDED_SURFACE ( )  B_SPLINE_SURFACE ( 3, 2, ( 
 ( #4149, #3153, #5525 ),
 ( #796, #3184, #4072 ),
 ( #5042, #2744, #5007 ),
 ( #6017, #858, #4493 ),
 ( #4576, #2662, #3614 ),
 ( #2698, #5445, #4552 ),
 ( #1823, #393, #4596 ),
 ( #5416, #3095, #1225 ),
 ( #311, #2182, #4518 ),
 ( #5471, #1947, #5216 ),
 ( #500, #2774, #5671 ),
 ( #5089, #4722, #5151 ) ),
 .UNSPECIFIED., .F., .F., .F. ) 
 B_SPLINE_SURFACE_WITH_KNOTS ( ( 4, 2, 2, 2, 2, 4 ),
 ( 3, 3 ),
 ( 0.0000000000000000000, 0.0003905413816543905998, 0.0005858120724815858455, 0.0007810827633087811996, 0.001171624144963171691, 0.001562165526617562399 ),
 ( 0.0000000000000000000, 1.000000000000000000 ),
 .UNSPECIFIED. ) 
 GEOMETRIC_REPRESENTATION_ITEM ( )  RATIONAL_B_SPLINE_SURFACE ( (
 ( 1.000000000000000000, 0.7071067811865471286, 1.000000000000000000),
 ( 1.000000000000000000, 0.7069220745484392499, 1.000000000000000000),
 ( 1.000000000000000000, 0.7067375490477697531, 1.000000000000000000),
 ( 1.000000000000000000, 0.7064817307518553857, 1.000000000000000000),
 ( 1.000000000000000000, 0.7064008867176017059, 1.000000000000000000),
 ( 1.000000000000000000, 0.7062479491133395459, 1.000000000000000000),
 ( 1.000000000000000000, 0.7061755655245293140, 1.000000000000000000),
 ( 1.000000000000000000, 0.7059810032347451081, 1.000000000000000000),
 ( 1.000000000000000000, 0.7058763198653754678, 1.000000000000000000),
 ( 1.000000000000000000, 0.7057360947630026971, 1.000000000000000000),
 ( 1.000000000000000000, 0.7056985518271746693, 1.000000000000000000),
 ( 1.000000000000000000, 0.7056988538142946465, 1.000000000000000000) ) ) 
 REPRESENTATION_ITEM ( '' )  SURFACE ( )  );
#4895 = FACE_OUTER_BOUND ( 'NONE', #956, .T. ) ;
#4896 = EDGE_CURVE ( 'NONE', #4387, #2824, #2329, .T. ) ;
#4897 = AXIS2_PLACEMENT_3D ( 'NONE', #662, #4450, #4848 ) ;
#4898 = CARTESIAN_POINT ( 'NONE',  ( -40.54486150623035456, 0.5836519313983240531, 268.0398222574573310 ) ) ;
#4899 = EDGE_LOOP ( 'NONE', ( #4737, #1736, #1439, #4061, #1351 ) ) ;
#4900 = VERTEX_POINT ( 'NONE', #3888 ) ;
#4901 = FACE_OUTER_BOUND ( 'NONE', #3045, .T. ) ;
#4902 = CARTESIAN_POINT ( 'NONE',  ( -145.4421876330851546, 3.995356370322071804, 240.7259844772399049 ) ) ;
#4903 = ORIENTED_EDGE ( 'NONE', *, *, #4192, .T. ) ;
#4904 = LOCAL_TIME ( 17, 5, 19.00000000000000000, #5917 ) ;
#4905 = EDGE_CURVE ( 'NONE', #3288, #5433, #1554, .T. ) ;
#4906 = FACE_OUTER_BOUND ( 'NONE', #5004, .T. ) ;
#4907 = CARTESIAN_POINT ( 'NONE',  ( -113.6366226309291676, 12.98037778173095447, 2.223922717876531063 ) ) ;
#4908 = CARTESIAN_POINT ( 'NONE',  ( -111.9336115059844161, 1.626269677835206595, 0.7705479014352394351 ) ) ;
#4909 = AXIS2_PLACEMENT_3D ( 'NONE', #996, #2350, #1984 ) ;
#4910 = VECTOR ( 'NONE', #4629, 1000.000000000000000 ) ;
#4911 = ORIENTED_EDGE ( 'NONE', *, *, #2590, .F. ) ;
#4912 = CARTESIAN_POINT ( 'NONE',  ( -105.0282425151990822, 13.09932242070898489, 11.49999999999995381 ) ) ;
#4913 = ORIENTED_EDGE ( 'NONE', *, *, #558, .T. ) ;
#4914 = CARTESIAN_POINT ( 'NONE',  ( -105.0693992904013498, 7.354750968601804217, 268.0559428491248468 ) ) ;
#4915 = CARTESIAN_POINT ( 'NONE',  ( -105.0932437651869265, 7.324441712896289758, 274.3154313336117411 ) ) ;
#4916 = CARTESIAN_POINT ( 'NONE',  ( -105.1586545681484495, 7.776169532080139390, 275.2267700273811215 ) ) ;
#4917 = VECTOR ( 'NONE', #2808, 1000.000000000000000 ) ;
#4918 = CIRCLE ( 'NONE', #1485, 1.000000000000000000 ) ;
#4919 = CARTESIAN_POINT ( 'NONE',  ( -100.2130641889377785, 8.546828554825680158, 312.2489999999995689 ) ) ;
#4920 = EDGE_CURVE ( 'NONE', #3018, #2713, #5918, .T. ) ;
#4921 = CARTESIAN_POINT ( 'NONE',  ( -113.0437204744441289, 1.728895301535868345, 323.1191307837569866 ) ) ;
#4922 = CARTESIAN_POINT ( 'NONE',  ( -105.0696416573886012, 7.355733121291502918, 290.2513926770852208 ) ) ;
#4923 = CARTESIAN_POINT ( 'NONE',  ( -41.34440498179762358, 0.5844339620352682063, 266.6544379066506281 ) ) ;
#4924 = B_SPLINE_CURVE_WITH_KNOTS ( 'NONE', 3,
 ( #2562, #1215, #727, #3539 ),
 .UNSPECIFIED., .F., .F.,
 ( 4, 4 ),
 ( 0.1515543800034844790, 0.5169180040286472932 ),
 .UNSPECIFIED. ) ;
#4925 = CARTESIAN_POINT ( 'NONE',  ( -11.63811324047488860, 2.971481520410359067, 11.58830229233001852 ) ) ;
#4926 = AXIS2_PLACEMENT_3D ( 'NONE', #5669, #4774, #4747 ) ;
#4927 = AXIS2_PLACEMENT_3D ( 'NONE', #1813, #3657, #3220 ) ;
#4928 = CARTESIAN_POINT ( 'NONE',  ( -40.37092738060964336, 0.5834818070471088358, 289.9177143635654375 ) ) ;
#4929 = CARTESIAN_POINT ( 'NONE',  ( -109.0404516121570282, 12.75871725584465644, 161.8755000000000166 ) ) ;
#4930 = APPROVAL_STATUS ( 'not_yet_approved' ) ;
#4931 = DIRECTION ( 'NONE',  ( -1.000000000000000000, 0.0000000000000000000, -0.0000000000000000000 ) ) ;
#4932 = VECTOR ( 'NONE', #3085, 1000.000000000000000 ) ;
#4933 = FACE_OUTER_BOUND ( 'NONE', #5468, .T. ) ;
#4934 = FACE_OUTER_BOUND ( 'NONE', #2888, .T. ) ;
#4935 = CARTESIAN_POINT ( 'NONE',  ( -105.0850731698172211, 7.261837614886127668, 289.8588906174300632 ) ) ;
#4936 = DIRECTION ( 'NONE',  ( 3.965082230804116415E-15, -1.652117596168381839E-16, 1.000000000000000000 ) ) ;
#4937 = ORIENTED_EDGE ( 'NONE', *, *, #4475, .T. ) ;
#4938 = VERTEX_POINT ( 'NONE', #2150 ) ;
#4939 = EDGE_CURVE ( 'NONE', #4650, #3180, #4491, .T. ) ;
#4940 = DIRECTION ( 'NONE',  ( -0.04817122723086528918, -0.9988390925805179510, 0.0000000000000000000 ) ) ;
#4941 = CARTESIAN_POINT ( 'NONE',  ( -102.5568433044173702, 12.44603088416359249, 8.999999999999786837 ) ) ;
#4942 = ORIENTED_EDGE ( 'NONE', *, *, #592, .F. ) ;
#4943 = CARTESIAN_POINT ( 'NONE',  ( -106.0928674035635026, 7.351874933433578008, 283.9934444796803632 ) ) ;
#4944 = CARTESIAN_POINT ( 'NONE',  ( -112.3404512971191593, 0.1696043538335670064, 2.659758843886086410 ) ) ;
#4945 = DIRECTION ( 'NONE',  ( -1.000000000000000000, 0.0000000000000000000, 9.003423303438600580E-15 ) ) ;
#4946 = ORIENTED_EDGE ( 'NONE', *, *, #5953, .F. ) ;
#4947 = CARTESIAN_POINT ( 'NONE',  ( -39.34213890042903472, 1.766904837623467506, 268.3919400681612046 ) ) ;
#4948 = ORIENTED_EDGE ( 'NONE', *, *, #5932, .F. ) ;
#4949 = EDGE_CURVE ( 'NONE', #3421, #4976, #4458, .T. ) ;
#4950 = CARTESIAN_POINT ( 'NONE',  ( -41.34342688581313752, 1.584433483699276390, 267.6544379066506849 ) ) ;
#4951 = ADVANCED_FACE ( 'NONE', ( #671 ), #3159, .T. ) ;
#4952 = CARTESIAN_POINT ( 'NONE',  ( -103.2053358352319918, 3.584474863533626987, 12.53553390593255834 ) ) ;
#4953 = CARTESIAN_POINT ( 'NONE',  ( -1.866318363392777568, 0.004472696244420346773, 319.7500000000000000 ) ) ;
#4954 = CARTESIAN_POINT ( 'NONE',  ( -112.1322853133721367, 1.238438764239301104, 322.6547781396232608 ) ) ;
#4955 = CARTESIAN_POINT ( 'NONE',  ( -2.953008451691574443, 3.476504225844363027, 323.6458907021701634 ) ) ;
#4956 = CARTESIAN_POINT ( 'NONE',  ( -40.53948519691469699, 2.787598623159035505, 292.5748332176355575 ) ) ;
#4957 = CARTESIAN_POINT ( 'NONE',  ( -11.39454008939833152, 3.097837200508089417, 11.34635547598510819 ) ) ;
#4958 = VERTEX_POINT ( 'NONE', #2119 ) ;
#4959 = CARTESIAN_POINT ( 'NONE',  ( -40.47077896854867163, 0.5835794715310330671, 290.1581696433933075 ) ) ;
#4960 = LINE ( 'NONE', #1165, #3741 ) ;
#4961 = DIRECTION ( 'NONE',  ( -0.4930127300831751436, -0.8700220962572930983, 0.0000000000000000000 ) ) ;
#4962 = CARTESIAN_POINT ( 'NONE',  ( -105.2103562079477967, 8.711365713970039337, 284.1544379066507418 ) ) ;
#4963 = CARTESIAN_POINT ( 'NONE',  ( -39.74524244241288073, 1.578613248609788799, 290.8848075457714799 ) ) ;
#4964 = CARTESIAN_POINT ( 'NONE',  ( -3.118902406158198914, 3.995356370322071804, 8.500999999999605095 ) ) ;
#4965 = CARTESIAN_POINT ( 'NONE',  ( -103.8901661424642384, 4.100185063739899327, 291.5213402616432177 ) ) ;
#4966 = LINE ( 'NONE', #1734, #1205 ) ;
#4967 = EDGE_CURVE ( 'NONE', #1091, #3816, #4811, .T. ) ;
#4968 = VERTEX_POINT ( 'NONE', #3487 ) ;
#4969 = ORIENTED_EDGE ( 'NONE', *, *, #5683, .F. ) ;
#4970 = CARTESIAN_POINT ( 'NONE',  ( -103.8013166762120960, 0.6455228457880137771, 290.4535342312191233 ) ) ;
#4971 = CARTESIAN_POINT ( 'NONE',  ( -40.81687992732923220, 1.582520241119521609, 266.7075083908769670 ) ) ;
#4972 = VERTEX_POINT ( 'NONE', #1651 ) ;
#4973 = CARTESIAN_POINT ( 'NONE',  ( -9.001204309021385797, 7.154701906855989613, 314.7442027822448267 ) ) ;
#4974 = CARTESIAN_POINT ( 'NONE',  ( -103.5931393112521874, 4.856324260844453455, 265.8593585314644656 ) ) ;
#4975 = ORIENTED_EDGE ( 'NONE', *, *, #5806, .T. ) ;
#4976 = VERTEX_POINT ( 'NONE', #3516 ) ;
#4977 = CARTESIAN_POINT ( 'NONE',  ( -104.6282807853845185, 6.193564743938661188, 266.8185560921486399 ) ) ;
#4978 = CARTESIAN_POINT ( 'NONE',  ( -2.763972161590489751, 7.633298678480617383, 5.000999999999672596 ) ) ;
#4979 = CYLINDRICAL_SURFACE ( 'NONE', #1004, 2.200000000000007283 ) ;
#4980 = LINE ( 'NONE', #5907, #2490 ) ;
#4981 = EDGE_CURVE ( 'NONE', #3808, #5435, #5379, .T. ) ;
#4982 = CARTESIAN_POINT ( 'NONE',  ( -41.34298017070507569, 1.655529656531102622, 266.6544379066506849 ) ) ;
#4983 = CARTESIAN_POINT ( 'NONE',  ( -102.7170231860916090, 8.251390189305565670, 8.999999999999806377 ) ) ;
#4984 = CARTESIAN_POINT ( 'NONE',  ( -39.40582650281072574, 1.767888935626465097, 290.1718114336686085 ) ) ;
#4985 = CARTESIAN_POINT ( 'NONE',  ( -113.1579502396594563, 0.03912035089981714259, 159.8547740578390233 ) ) ;
#4986 = VERTEX_POINT ( 'NONE', #4004 ) ;
#4987 = LINE ( 'NONE', #5554, #5793 ) ;
#4988 = CARTESIAN_POINT ( 'NONE',  ( -1.807315091076573621, 3.995356370322071804, 322.2499999999994884 ) ) ;
#4989 = CARTESIAN_POINT ( 'NONE',  ( -2.000000000000035527, 0.8767006227391213047, 1.500999999999641954 ) ) ;
#4990 = CARTESIAN_POINT ( 'NONE',  ( -113.5011647379200070, 8.061369020262235452, 283.0524780153865549 ) ) ;
#4991 = EDGE_CURVE ( 'NONE', #5981, #716, #1683, .T. ) ;
#4992 = CARTESIAN_POINT ( 'NONE',  ( -2.000000000000014211, 0.0000000000000000000, 323.7500000000000000 ) ) ;
#4993 = PLANE ( 'NONE',  #4338 ) ;
#4994 = PLANE ( 'NONE',  #429 ) ;
#4995 = ORIENTED_EDGE ( 'NONE', *, *, #5088, .F. ) ;
#4996 = EDGE_LOOP ( 'NONE', ( #2229, #4001, #4069, #876 ) ) ;
#4997 = CARTESIAN_POINT ( 'NONE',  ( -104.1861368306290245, 0.6458992370158456175, 289.6544379066506849 ) ) ;
#4998 = CARTESIAN_POINT ( 'NONE',  ( -114.7120313748054912, 4.008506407753951173, 278.8227803438891215 ) ) ;
#4999 = ORIENTED_EDGE ( 'NONE', *, *, #1666, .T. ) ;
#5000 = DIRECTION ( 'NONE',  ( 0.5004356563159417792, 0.0000000000000000000, 0.8657737313453397476 ) ) ;
#5001 = CARTESIAN_POINT ( 'NONE',  ( -100.2130641889377785, 8.546828554825680158, 312.2489999999995689 ) ) ;
#5002 =( BOUNDED_CURVE ( )  B_SPLINE_CURVE ( 3, ( #2265, #14, #2890, #2402 ),
 .UNSPECIFIED., .F., .F. ) 
 B_SPLINE_CURVE_WITH_KNOTS ( ( 4, 4 ),
 ( 1.570796326794895448, 3.110603521944399485 ),
 .UNSPECIFIED. ) 
 CURVE ( )  GEOMETRIC_REPRESENTATION_ITEM ( )  RATIONAL_B_SPLINE_CURVE ( ( 1.000000000000000000, 0.8119851836001453771, 0.8119851836001453771, 1.000000000000000000 ) ) 
 REPRESENTATION_ITEM ( '' )  );
#5003 = ORIENTED_EDGE ( 'NONE', *, *, #2645, .F. ) ;
#5004 = EDGE_LOOP ( 'NONE', ( #1414, #2078, #538, #2859 ) ) ;
#5005 = CARTESIAN_POINT ( 'NONE',  ( -39.06906706598566359, 2.768900380655035853, 291.6366460735231954 ) ) ;
#5006 = CARTESIAN_POINT ( 'NONE',  ( -39.34705861651450221, 0.5824803646412805014, 290.8260107819045288 ) ) ;
#5007 = CARTESIAN_POINT ( 'NONE',  ( -103.7084091612076406, 1.646476583837933605, 266.7063964817248802 ) ) ;
#5008 = CIRCLE ( 'NONE', #123, 0.9999999999999998890 ) ;
#5009 = LOCAL_TIME ( 17, 5, 19.00000000000000000, #2706 ) ;
#5010 = CARTESIAN_POINT ( 'NONE',  ( -111.1706782722751541, 3.109553327571776826, 323.6769557231448857 ) ) ;
#5011 = CARTESIAN_POINT ( 'NONE',  ( -0.4046681546265509799, 2.202334077313859328, 321.5226048166784949 ) ) ;
#5012 = CARTESIAN_POINT ( 'NONE',  ( -38.32945051226230504, 2.759495212566756894, 289.8525086778699915 ) ) ;
#5013 = DIRECTION ( 'NONE',  ( -0.0000000000000000000, -0.0000000000000000000, -1.000000000000000000 ) ) ;
#5014 = EDGE_LOOP ( 'NONE', ( #126, #1467, #172, #3336 ) ) ;
#5015 = CYLINDRICAL_SURFACE ( 'NONE', #2281, 1.000000000000000888 ) ;
#5016 = CARTESIAN_POINT ( 'NONE',  ( 39.62960771708790020, 3.995356370322071804, 251.8957282297277800 ) ) ;
#5017 = EDGE_CURVE ( 'NONE', #243, #3316, #2181, .T. ) ;
#5018 = VECTOR ( 'NONE', #2416, 1000.000000000000000 ) ;
#5019 = PERSON_AND_ORGANIZATION ( #4286, #3347 ) ;
#5020 = VECTOR ( 'NONE', #5672, 1000.000000000000000 ) ;
#5021 = CARTESIAN_POINT ( 'NONE',  ( -114.6766424363864587, 5.021236986502342958, 279.1544379066506849 ) ) ;
#5022 = VECTOR ( 'NONE', #3523, 1000.000000000000114 ) ;
#5023 = AXIS2_PLACEMENT_3D ( 'NONE', #3618, #1282, #3157 ) ;
#5024 = AXIS2_PLACEMENT_3D ( 'NONE', #238, #4360, #5831 ) ;
#5025 = EDGE_CURVE ( 'NONE', #1834, #163, #2947, .T. ) ;
#5026 = DIRECTION ( 'NONE',  ( -0.04817122723086528918, -0.9988390925805179510, 0.0000000000000000000 ) ) ;
#5027 = ADVANCED_FACE ( 'NONE', ( #1252 ), #4979, .F. ) ;
#5028 = AXIS2_PLACEMENT_3D ( 'NONE', #4142, #1072, #5565 ) ;
#5029 = DIRECTION ( 'NONE',  ( -1.000000000000000000, 0.0000000000000000000, 1.498801083243959916E-12 ) ) ;
#5030 = CARTESIAN_POINT ( 'NONE',  ( -40.82139185742862253, 0.5839224047537969753, 267.7630998679520644 ) ) ;
#5031 = ORIENTED_EDGE ( 'NONE', *, *, #4501, .T. ) ;
#5032 = ORIENTED_EDGE ( 'NONE', *, *, #2225, .T. ) ;
#5033 = AXIS2_PLACEMENT_3D ( 'NONE', #2966, #1095, #4787 ) ;
#5034 = CARTESIAN_POINT ( 'NONE',  ( -104.7764288194022555, 1.649644940023460515, 290.8729967152869449 ) ) ;
#5035 = EDGE_CURVE ( 'NONE', #2982, #5249, #3775, .T. ) ;
#5036 = DIRECTION ( 'NONE',  ( -3.506950558086308462E-15, 1.961123667350896153E-16, -1.000000000000000000 ) ) ;
#5037 = CARTESIAN_POINT ( 'NONE',  ( -113.1579502396593711, 0.03912035090029852835, 163.8962259421607826 ) ) ;
#5038 = VERTEX_POINT ( 'NONE', #5328 ) ;
#5039 = ORIENTED_EDGE ( 'NONE', *, *, #568, .T. ) ;
#5040 = CARTESIAN_POINT ( 'NONE',  ( -104.4040147391759632, 4.953508651122149331, 267.0937883876706564 ) ) ;
#5041 = CYLINDRICAL_SURFACE ( 'NONE', #5697, 5.000000000000000000 ) ;
#5042 = CARTESIAN_POINT ( 'NONE',  ( -103.4477609005799366, 0.6451770341381618534, 267.6804172013412995 ) ) ;
#5043 = CARTESIAN_POINT ( 'NONE',  ( -100.4763547013422738, 3.995356370322071804, 152.6515808367279874 ) ) ;
#5044 = CARTESIAN_POINT ( 'NONE',  ( -1.541813109819606398, 2.770906554907969888, 322.9486673593119690 ) ) ;
#5045 = CARTESIAN_POINT ( 'NONE',  ( -103.1823637759853938, 2.205522034684576305, 266.6544379066506281 ) ) ;
#5046 = CARTESIAN_POINT ( 'NONE',  ( -109.4630840978696398, 3.995356370322071804, 165.9169518843274602 ) ) ;
#5047 = ORIENTED_EDGE ( 'NONE', *, *, #3416, .T. ) ;
#5048 = DIRECTION ( 'NONE',  ( 0.5004356563159195748, 0.0000000000000000000, -0.8657737313453526262 ) ) ;
#5049 = CARTESIAN_POINT ( 'NONE',  ( -39.27198691319489399, 6.454664549271045715, 268.6544379066506849 ) ) ;
#5050 = CARTESIAN_POINT ( 'NONE',  ( -114.5097122073275955, 7.903798105711898003, 284.0269880424769440 ) ) ;
#5051 = VECTOR ( 'NONE', #2775, 1000.000000000000000 ) ;
#5052 = AXIS2_PLACEMENT_3D ( 'NONE', #5992, #907, #1824 ) ;
#5053 = EDGE_CURVE ( 'NONE', #1670, #4972, #1260, .T. ) ;
#5054 = CARTESIAN_POINT ( 'NONE',  ( -39.82751194023972374, 2.778544974860190475, 266.0500437967839957 ) ) ;
#5055 = CARTESIAN_POINT ( 'NONE',  ( -9.056793841715753857, 6.592363650594684543, 11.52661599310153484 ) ) ;
#5056 = ORIENTED_EDGE ( 'NONE', *, *, #5660, .T. ) ;
#5057 = CARTESIAN_POINT ( 'NONE',  ( -104.9214051019220335, 1.650074354565613577, 290.6556722068468162 ) ) ;
#5058 =( BOUNDED_CURVE ( )  B_SPLINE_CURVE ( 3, ( #3845, #5573, #2376, #473 ),
 .UNSPECIFIED., .F., .F. ) 
 B_SPLINE_CURVE_WITH_KNOTS ( ( 4, 4 ),
 ( 0.0000000000000000000, 1.000000000000000000 ),
 .UNSPECIFIED. ) 
 CURVE ( )  GEOMETRIC_REPRESENTATION_ITEM ( )  RATIONAL_B_SPLINE_CURVE ( ( 1.000000000000000000, 0.8047378541251425377, 0.8047378541251425377, 1.000000000000000000 ) ) 
 REPRESENTATION_ITEM ( '' )  );
#5059 = DIRECTION ( 'NONE',  ( 6.867723879941330434E-15, 0.0000000000000000000, 1.000000000000000000 ) ) ;
#5060 = CARTESIAN_POINT ( 'NONE',  ( -112.7643120787221420, 0.0000000000000000000, 164.1243172066120337 ) ) ;
#5061 = VERTEX_POINT ( 'NONE', #3983 ) ;
#5062 = VERTEX_POINT ( 'NONE', #3102 ) ;
#5063 = CARTESIAN_POINT ( 'NONE',  ( -104.0728346261230541, 5.352151429190549869, 266.8320983228267664 ) ) ;
#5064 = CARTESIAN_POINT ( 'NONE',  ( -39.94195493076356485, 9.760307530356277184, 291.6544379066506849 ) ) ;
#5065 = CARTESIAN_POINT ( 'NONE',  ( -102.7117101681772340, 8.629097133401382180, 314.7489999999998531 ) ) ;
#5066 = CARTESIAN_POINT ( 'NONE',  ( -1.958122116596742401, 0.002326379387869696377, 3.842354907546862375 ) ) ;
#5067 = CARTESIAN_POINT ( 'NONE',  ( -3.738153414566767196, 3.476306829133534393, 323.7500000000000000 ) ) ;
#5068 = CARTESIAN_POINT ( 'NONE',  ( -39.34213890066324382, 1.766904805667295131, 289.7864850870417968 ) ) ;
#5069 = CARTESIAN_POINT ( 'NONE',  ( -107.4400095534549706, 3.995356370322071804, 315.2500000000001705 ) ) ;
#5070 = ORIENTED_EDGE ( 'NONE', *, *, #3527, .F. ) ;
#5071 = B_SPLINE_CURVE_WITH_KNOTS ( 'NONE', 3,
 ( #1311, #2722, #4982, #4099 ),
 .UNSPECIFIED., .F., .F.,
 ( 4, 4 ),
 ( 0.8775554778194913919, 0.8990802331906571077 ),
 .UNSPECIFIED. ) ;
#5072 = DIRECTION ( 'NONE',  ( -0.9999995216640081841, 0.0009780959844864834437, -0.0000000000000000000 ) ) ;
#5073 = EDGE_CURVE ( 'NONE', #5264, #3158, #3428, .T. ) ;
#5074 = CARTESIAN_POINT ( 'NONE',  ( -106.1517011083706024, 0.0000000000000000000, 163.8962259421648184 ) ) ;
#5075 = CARTESIAN_POINT ( 'NONE',  ( -107.5904136333396792, 0.8767006227395656159, 1.500999999998836820 ) ) ;
#5076 = ORIENTED_EDGE ( 'NONE', *, *, #4200, .F. ) ;
#5077 = CARTESIAN_POINT ( 'NONE',  ( -104.8509621475846814, 13.45168003562936931, 290.8260107819045288 ) ) ;
#5078 = EDGE_CURVE ( 'NONE', #5577, #2437, #2090, .T. ) ;
#5079 = CYLINDRICAL_SURFACE ( 'NONE', #2864, 1.999999999999999556 ) ;
#5080 = CARTESIAN_POINT ( 'NONE',  ( -112.9938009840697930, 0.008957521575082958223, 3.776676402954746159 ) ) ;
#5081 = ORIENTED_EDGE ( 'NONE', *, *, #5816, .T. ) ;
#5082 =( BOUNDED_CURVE ( )  B_SPLINE_CURVE ( 3, ( #3852, #3394, #5252, #1924 ),
 .UNSPECIFIED., .F., .F. ) 
 B_SPLINE_CURVE_WITH_KNOTS ( ( 4, 4 ),
 ( 0.0000000000000000000, 3.141592653589793116 ),
 .UNSPECIFIED. ) 
 CURVE ( )  GEOMETRIC_REPRESENTATION_ITEM ( )  RATIONAL_B_SPLINE_CURVE ( ( 1.000000000000000000, 0.3333333333333333703, 0.3333333333333333703, 1.000000000000000000 ) ) 
 REPRESENTATION_ITEM ( '' )  );
#5083 = ORIENTED_EDGE ( 'NONE', *, *, #2234, .F. ) ;
#5084 = CARTESIAN_POINT ( 'NONE',  ( -113.6636642441447549, 4.998318340133377724, 278.6305951302273911 ) ) ;
#5085 = CARTESIAN_POINT ( 'NONE',  ( -105.1851464519072294, 1.650855100458015867, 289.7864922747401693 ) ) ;
#5086 = ORIENTED_EDGE ( 'NONE', *, *, #249, .T. ) ;
#5087 = ADVANCED_FACE ( 'NONE', ( #3065 ), #353, .F. ) ;
#5088 = EDGE_CURVE ( 'NONE', #1324, #5757, #3558, .T. ) ;
#5089 = CARTESIAN_POINT ( 'NONE',  ( -104.1861368306110762, 0.6458992370158020968, 268.6544379066506281 ) ) ;
#5090 = CARTESIAN_POINT ( 'NONE',  ( -111.3995317719707145, 3.333350323194570031, 323.7145798712384135 ) ) ;
#5091 = CARTESIAN_POINT ( 'NONE',  ( -102.9746102825285448, 4.293254727756887767, 11.29276240064126391 ) ) ;
#5092 = CARTESIAN_POINT ( 'NONE',  ( -2.000000000000014211, 4.000000000000000000, 4.000000000000003553 ) ) ;
#5093 = LINE ( 'NONE', #5476, #5906 ) ;
#5094 = ORIENTED_EDGE ( 'NONE', *, *, #4593, .T. ) ;
#5095 = CARTESIAN_POINT ( 'NONE',  ( 65.66446933898643579, 3.995356370322071804, 206.7496146743888232 ) ) ;
#5096 = DIRECTION ( 'NONE',  ( -0.04817122723086528918, -0.9988390925805179510, 0.0000000000000000000 ) ) ;
#5097 = PERSON_AND_ORGANIZATION ( #4286, #3347 ) ;
#5098 = AXIS2_PLACEMENT_3D ( 'NONE', #2504, #4021, #782 ) ;
#5099 = EDGE_CURVE ( 'NONE', #4900, #231, #3494, .T. ) ;
#5100 = VECTOR ( 'NONE', #4844, 1000.000000000000000 ) ;
#5101 = FACE_BOUND ( 'NONE', #366, .T. ) ;
#5102 = CARTESIAN_POINT ( 'NONE',  ( -106.1180553471354244, 4.966228744196349965, 277.4437142699525793 ) ) ;
#5103 = CIRCLE ( 'NONE', #5990, 2.199999999999999734 ) ;
#5104 = EDGE_CURVE ( 'NONE', #4976, #1843, #1191, .T. ) ;
#5105 = CARTESIAN_POINT ( 'NONE',  ( 0.0000000000000000000, 2.000000000000000000, 1.656854249492384357 ) ) ;
#5106 = VERTEX_POINT ( 'NONE', #5425 ) ;
#5107 = CIRCLE ( 'NONE', #5591, 0.9999999999999962252 ) ;
#5108 = AXIS2_PLACEMENT_3D ( 'NONE', #2079, #2566, #4782 ) ;
#5109 = CARTESIAN_POINT ( 'NONE',  ( -38.72696553219849847, 2.764550123197548004, 267.1490913910203062 ) ) ;
#5110 = DIRECTION ( 'NONE',  ( 0.04817122723086528918, 0.9988390925805179510, -0.0000000000000000000 ) ) ;
#5111 = ORIENTED_EDGE ( 'NONE', *, *, #2474, .F. ) ;
#5112 = CIRCLE ( 'NONE', #5319, 0.9999999999999834577 ) ;
#5113 = CARTESIAN_POINT ( 'NONE',  ( -104.0236387405196723, 13.40891096850884168, 291.6544379066506849 ) ) ;
#5114 = DIRECTION ( 'NONE',  ( 1.030158581991192308E-14, 0.0000000000000000000, 1.000000000000000000 ) ) ;
#5115 = CARTESIAN_POINT ( 'NONE',  ( -105.1820742197950125, 7.891406592799174113, 284.0985141563099319 ) ) ;
#5116 = EDGE_CURVE ( 'NONE', #4154, #3532, #4530, .T. ) ;
#5117 = ORIENTED_EDGE ( 'NONE', *, *, #5296, .F. ) ;
#5118 = ORIENTED_EDGE ( 'NONE', *, *, #1052, .F. ) ;
#5119 = CARTESIAN_POINT ( 'NONE',  ( -114.5686055494809494, 7.017682605229618176, 275.6805975688956778 ) ) ;
#5120 = CARTESIAN_POINT ( 'NONE',  ( -105.1679960304798982, 3.597055368836830525, 278.6006744481389887 ) ) ;
#5121 = VERTEX_POINT ( 'NONE', #5356 ) ;
#5122 = CARTESIAN_POINT ( 'NONE',  ( -8.965620329386226217, 7.932386897712903284, 10.03553390593623718 ) ) ;
#5123 = CARTESIAN_POINT ( 'NONE',  ( -110.5630816166964223, 12.83214945977222499, 0.02583967964975831741 ) ) ;
#5124 = CARTESIAN_POINT ( 'NONE',  ( -11.49203277865280093, 7.418627449721097555, 8.999999999999710454 ) ) ;
#5125 = CARTESIAN_POINT ( 'NONE',  ( -114.7245065406601583, 2.055052771717169158, 3.359282749423451175 ) ) ;
#5126 = EDGE_CURVE ( 'NONE', #2288, #4444, #257, .T. ) ;
#5127 = DIRECTION ( 'NONE',  ( -0.9988390925805179510, 0.04817122723086510877, 0.0000000000000000000 ) ) ;
#5128 = ORIENTED_EDGE ( 'NONE', *, *, #1279, .T. ) ;
#5129 = EDGE_CURVE ( 'NONE', #5336, #1549, #2481, .T. ) ;
#5130 = PLANE ( 'NONE',  #514 ) ;
#5131 = CARTESIAN_POINT ( 'NONE',  ( -11.46271806071016996, 8.052814963378398971, 8.999999999999786837 ) ) ;
#5132 = LINE ( 'NONE', #4786, #2861 ) ;
#5133 = APPROVAL_STATUS ( 'not_yet_approved' ) ;
#5134 = DIRECTION ( 'NONE',  ( 0.9968906851151705384, -0.07879696650637028899, 0.0000000000000000000 ) ) ;
#5135 = CARTESIAN_POINT ( 'NONE',  ( -11.39454008939767427, 3.097837200508065436, 312.4026445240156136 ) ) ;
#5136 = CARTESIAN_POINT ( 'NONE',  ( -105.0820970060278370, 7.402563463564359125, 289.8707710701569908 ) ) ;
#5137 = CARTESIAN_POINT ( 'NONE',  ( -39.54580872427754201, 1.577884152917299110, 267.7680320576743611 ) ) ;
#5138 = EDGE_LOOP ( 'NONE', ( #2797, #1541, #1814, #2951, #4087, #444 ) ) ;
#5139 = DIRECTION ( 'NONE',  ( -0.9999191579690124287, 0.01271524779707759040, 0.0000000000000000000 ) ) ;
#5140 = CARTESIAN_POINT ( 'NONE',  ( -9.027136049144139918, 6.675254411269628818, 9.024630567793115787 ) ) ;
#5141 = ORIENTED_EDGE ( 'NONE', *, *, #496, .T. ) ;
#5142 = DIRECTION ( 'NONE',  ( 0.04817122723086528918, 0.9988390925805179510, -0.0000000000000000000 ) ) ;
#5143 = CARTESIAN_POINT ( 'NONE',  ( -114.6187408461373991, 2.107419411329423564, 2.901096690165992253 ) ) ;
#5144 = CARTESIAN_POINT ( 'NONE',  ( -105.0932437651792526, 7.324441712893342782, 289.6544379066506849 ) ) ;
#5145 = VERTEX_POINT ( 'NONE', #5848 ) ;
#5146 = APPLICATION_CONTEXT ( 'configuration controlled 3d designs of mechanical parts and assemblies' ) ;
#5147 = VERTEX_POINT ( 'NONE', #2613 ) ;
#5148 = CARTESIAN_POINT ( 'NONE',  ( -113.5133089253417609, 7.915723548557700440, 275.2605088993317963 ) ) ;
#5149 = CYLINDRICAL_SURFACE ( 'NONE', #3938, 2.200000000000007283 ) ;
#5150 = EDGE_LOOP ( 'NONE', ( #5865, #142, #4115, #1565 ) ) ;
#5151 = CARTESIAN_POINT ( 'NONE',  ( -105.1851464518891817, 1.650855100471775527, 268.6544379066506281 ) ) ;
#5152 = CARTESIAN_POINT ( 'NONE',  ( -102.7128620838613671, 8.578616674318402247, 8.999999999999799272 ) ) ;
#5153 = CARTESIAN_POINT ( 'NONE',  ( -101.5210130604658616, 4.223951986460502184, 11.49424662495465910 ) ) ;
#5154 = CARTESIAN_POINT ( 'NONE',  ( -114.7188489735437145, 0.08019201046953984557, 3.038238964464245129 ) ) ;
#5155 = CARTESIAN_POINT ( 'NONE',  ( -112.1830044555702699, 1.139288606513262803, 322.5557235413528474 ) ) ;
#5156 = ORIENTED_EDGE ( 'NONE', *, *, #3497, .T. ) ;
#5157 = CARTESIAN_POINT ( 'NONE',  ( -103.9394751270348962, 14.08176066566601037, 314.7489999999998531 ) ) ;
#5158 = CARTESIAN_POINT ( 'NONE',  ( -40.55325263079454601, 2.787773693645402506, 265.7499749847946759 ) ) ;
#5159 = CARTESIAN_POINT ( 'NONE',  ( -8.913523179314514877, 8.949113843761631770, 313.7134660940667459 ) ) ;
#5160 = B_SPLINE_CURVE_WITH_KNOTS ( 'NONE', 3,
 ( #5462, #4998, #3242, #6031, #815, #2687, #5625, #517, #4672, #363, #485, #1833, #3700, #5557, #920, #5657, #1594, #2879, #5787, #4375 ),
 .UNSPECIFIED., .F., .F.,
 ( 4, 2, 2, 2, 2, 2, 2, 2, 2, 4 ),
 ( 0.0000000000000000000, 0.0009806052524406626194, 0.001470907878660994038, 0.001961210504881325239, 0.002941815757321987208, 0.003922421009762648743, 0.004903026262203309844, 0.005883631514643971813, 0.006864236767084633782, 0.007844842019525297486 ),
 .UNSPECIFIED. ) ;
#5161 = EDGE_CURVE ( 'NONE', #4541, #3243, #1491, .T. ) ;
#5162 = CYLINDRICAL_SURFACE ( 'NONE', #3353, 1.000000000000000888 ) ;
#5163 = CARTESIAN_POINT ( 'NONE',  ( -9.566494836653326672, 4.982099461382322403, 314.2065831322985900 ) ) ;
#5164 = CARTESIAN_POINT ( 'NONE',  ( -106.1197445713595755, 4.608561637179963810, 278.7115209009328396 ) ) ;
#5165 = CARTESIAN_POINT ( 'NONE',  ( -105.1887541507569068, 7.955557500237588009, 312.2328847794789226 ) ) ;
#5166 = CARTESIAN_POINT ( 'NONE',  ( -112.7643120787221704, 0.0000000000000000000, 317.1279040331453416 ) ) ;
#5167 = ORIENTED_EDGE ( 'NONE', *, *, #3372, .F. ) ;
#5168 = EDGE_CURVE ( 'NONE', #5577, #5828, #4960, .T. ) ;
#5169 = EDGE_CURVE ( 'NONE', #5433, #4109, #2102, .T. ) ;
#5170 = CARTESIAN_POINT ( 'NONE',  ( -8.995599854959326791, 7.282713555093610402, 11.50000000070602368 ) ) ;
#5171 = CARTESIAN_POINT ( 'NONE',  ( -9.566494836654486633, 4.982099461382646588, 9.542416867694658578 ) ) ;
#5172 = VERTEX_POINT ( 'NONE', #1691 ) ;
#5173 = FACE_OUTER_BOUND ( 'NONE', #4220, .T. ) ;
#5174 = EDGE_CURVE ( 'NONE', #1864, #4650, #2642, .T. ) ;
#5175 = FACE_OUTER_BOUND ( 'NONE', #1110, .T. ) ;
#5176 = CARTESIAN_POINT ( 'NONE',  ( -104.9323778556620113, 1.650106867330675131, 267.6469793761568781 ) ) ;
#5177 = ORIENTED_EDGE ( 'NONE', *, *, #5534, .F. ) ;
#5178 = VERTEX_POINT ( 'NONE', #2188 ) ;
#5179 = CARTESIAN_POINT ( 'NONE',  ( -114.6364524677295833, 5.835995955543018532, 276.7194831456820339 ) ) ;
#5180 = DIRECTION ( 'NONE',  ( 0.04817122723086528918, 0.9988390925805178400, -0.0000000000000000000 ) ) ;
#5181 = ORIENTED_EDGE ( 'NONE', *, *, #5816, .F. ) ;
#5182 = CARTESIAN_POINT ( 'NONE',  ( -105.1225248047333594, 6.192058225348683997, 282.3841100585771642 ) ) ;
#5183 = CARTESIAN_POINT ( 'NONE',  ( -113.1579502396593711, 0.03912035090029852835, 163.8962259421607826 ) ) ;
#5184 = CARTESIAN_POINT ( 'NONE',  ( -100.9293025232198744, 3.685679337814013135, 12.69126056950413961 ) ) ;
#5185 = CYLINDRICAL_SURFACE ( 'NONE', #821, 0.9999999999999996669 ) ;
#5186 = CARTESIAN_POINT ( 'NONE',  ( -114.7120313748054485, 4.008506407753950285, 279.1544379066506849 ) ) ;
#5187 = VERTEX_POINT ( 'NONE', #4046 ) ;
#5188 = CARTESIAN_POINT ( 'NONE',  ( -105.3267298346446381, 3.611451094724694499, 313.7134660940670869 ) ) ;
#5189 = CARTESIAN_POINT ( 'NONE',  ( -41.20993218921354639, 1.795693344930173074, 266.6544379066506849 ) ) ;
#5190 = FACE_OUTER_BOUND ( 'NONE', #4708, .T. ) ;
#5191 = CARTESIAN_POINT ( 'NONE',  ( -10.08960663741697594, 6.123266322889342916, 9.000000000004536815 ) ) ;
#5192 = CARTESIAN_POINT ( 'NONE',  ( -10.20199119474661487, 4.056614763655580269, 313.5829059162944077 ) ) ;
#5193 = CARTESIAN_POINT ( 'NONE',  ( -105.1881255202160332, 0.6468792785984155413, 289.6544379066506849 ) ) ;
#5194 = EDGE_CURVE ( 'NONE', #2779, #4163, #3341, .T. ) ;
#5195 = CARTESIAN_POINT ( 'NONE',  ( -100.2766404279231836, 3.547232764980625230, 309.7489999999995689 ) ) ;
#5196 = DIRECTION ( 'NONE',  ( 9.003423303438600580E-15, -4.342100274480866457E-16, 1.000000000000000000 ) ) ;
#5197 = ORIENTED_EDGE ( 'NONE', *, *, #781, .F. ) ;
#5198 = AXIS2_PLACEMENT_3D ( 'NONE', #5317, #3485, #2082 ) ;
#5199 = CARTESIAN_POINT ( 'NONE',  ( -102.8269319397231385, 3.579662975232015931, 292.6544379066506849 ) ) ;
#5200 = VECTOR ( 'NONE', #5878, 1000.000000000000000 ) ;
#5201 = CARTESIAN_POINT ( 'NONE',  ( -2.000000000000014211, 0.0000000000000000000, 315.2499999999999432 ) ) ;
#5202 = EDGE_CURVE ( 'NONE', #1176, #2628, #1728, .T. ) ;
#5203 = VERTEX_POINT ( 'NONE', #478 ) ;
#5204 = EDGE_CURVE ( 'NONE', #2501, #5515, #377, .T. ) ;
#5205 = CARTESIAN_POINT ( 'NONE',  ( -105.1881255202160332, 0.6468792785984146532, 289.6544379066506849 ) ) ;
#5206 = VECTOR ( 'NONE', #5877, 1000.000000000000000 ) ;
#5207 = AXIS2_PLACEMENT_3D ( 'NONE', #3520, #706, #5845 ) ;
#5208 = CARTESIAN_POINT ( 'NONE',  ( -103.1851512589931872, 1.644920654915599689, 266.6544379066506281 ) ) ;
#5209 = AXIS2_PLACEMENT_3D ( 'NONE', #1937, #3375, #2423 ) ;
#5210 = VERTEX_POINT ( 'NONE', #3214 ) ;
#5211 = CC_DESIGN_DATE_AND_TIME_ASSIGNMENT ( #3698, #3646, ( #332 ) ) ;
#5212 = VERTEX_POINT ( 'NONE', #1830 ) ;
#5213 = VECTOR ( 'NONE', #1721, 1000.000000000000000 ) ;
#5214 = CARTESIAN_POINT ( 'NONE',  ( -113.6644701333911343, 4.972422735672010319, 278.8903264747630715 ) ) ;
#5215 = FACE_OUTER_BOUND ( 'NONE', #4624, .T. ) ;
#5216 = CARTESIAN_POINT ( 'NONE',  ( -105.1320755051924749, 1.650698075394075204, 268.1278866085519894 ) ) ;
#5217 = CIRCLE ( 'NONE', #2782, 1.999999999999999556 ) ;
#5218 = LINE ( 'NONE', #2919, #5840 ) ;
#5219 = CYLINDRICAL_SURFACE ( 'NONE', #3855, 2.199999999999998401 ) ;
#5220 = CARTESIAN_POINT ( 'NONE',  ( -112.6105198230821998, 0.3019777468247762942, 2.467819631240884881 ) ) ;
#5221 = ORIENTED_EDGE ( 'NONE', *, *, #2743, .T. ) ;
#5222 = CARTESIAN_POINT ( 'NONE',  ( -7.344533915294351623, 3.995356370322072248, 166.2754999999996812 ) ) ;
#5223 = ORIENTED_EDGE ( 'NONE', *, *, #458, .F. ) ;
#5224 = PLANE ( 'NONE',  #4130 ) ;
#5225 = CARTESIAN_POINT ( 'NONE',  ( -39.50154766205917412, 2.774399923195749462, 266.2675057904663163 ) ) ;
#5226 = CARTESIAN_POINT ( 'NONE',  ( 4.960310595328015686E-15, -2.392219633754001414E-16, 275.1544379066501165 ) ) ;
#5227 = B_SPLINE_SURFACE_WITH_KNOTS ( 'NONE', 1, 3, ( 
 ( #5273, #2111, #1575, #3444, #4847, #1055 ),
 ( #2990, #1123, #630, #4449, #3049, #3019 ) ),
 .UNSPECIFIED., .F., .F., .F.,
 ( 2, 2 ),
 ( 4, 2, 4 ),
 ( 0.0000000000000000000, 1.000000000000000000 ),
 ( 0.0000000000000000000, 0.1016369166048252115, 1.000000000000000000 ),
 .UNSPECIFIED. ) ;
#5228 = CARTESIAN_POINT ( 'NONE',  ( -39.40139886909604883, 0.5825335146490830951, 268.1325245250799298 ) ) ;
#5229 = CARTESIAN_POINT ( 'NONE',  ( -9.001204309021373362, 7.154701906856006488, 314.7442027822447699 ) ) ;
#5230 = CARTESIAN_POINT ( 'NONE',  ( -104.8275658781824831, 13.89080364359263520, 289.6544379066506849 ) ) ;
#5231 = CARTESIAN_POINT ( 'NONE',  ( -104.5837326691039948, 6.096451217809823575, 311.9185789957061274 ) ) ;
#5232 = DIRECTION ( 'NONE',  ( 0.0000000000000000000, 0.0000000000000000000, 1.000000000000000000 ) ) ;
#5233 = ORIENTED_EDGE ( 'NONE', *, *, #1400, .F. ) ;
#5234 = LINE ( 'NONE', #2450, #3262 ) ;
#5235 = CARTESIAN_POINT ( 'NONE',  ( -12.41666340845053007, 3.616894919963411059, 10.74999222407303279 ) ) ;
#5236 = ORIENTED_EDGE ( 'NONE', *, *, #206, .F. ) ;
#5237 = DIRECTION ( 'NONE',  ( 0.04817122723086528918, 0.9988390925805179510, -0.0000000000000000000 ) ) ;
#5238 = EDGE_CURVE ( 'NONE', #2611, #5147, #913, .T. ) ;
#5239 = DIRECTION ( 'NONE',  ( 0.04817122723086528918, 0.9988390925805179510, -0.0000000000000000000 ) ) ;
#5240 = ORIENTED_EDGE ( 'NONE', *, *, #1173, .T. ) ;
#5241 = VERTEX_POINT ( 'NONE', #1857 ) ;
#5242 = CARTESIAN_POINT ( 'NONE',  ( -4.336808689942017736E-16, 2.000000000004058975, 3.738197650142448314 ) ) ;
#5243 = DIRECTION ( 'NONE',  ( 0.9988390925805178400, -0.04817122723086587899, -5.551115123125803528E-14 ) ) ;
#5244 = VERTEX_POINT ( 'NONE', #1779 ) ;
#5245 = CARTESIAN_POINT ( 'NONE',  ( -11.49350251019914282, 7.366995577792844863, 8.999999999999799272 ) ) ;
#5246 = DIRECTION ( 'NONE',  ( 0.9988390925805179510, -0.04817122723086528224, -4.966075749511364964E-15 ) ) ;
#5247 = CARTESIAN_POINT ( 'NONE',  ( -113.6644701333618173, 4.972422735670596339, 279.1544379066506849 ) ) ;
#5248 = CARTESIAN_POINT ( 'NONE',  ( -112.2799550337947068, 3.250018615143713596, 0.3031338125983563114 ) ) ;
#5249 = VERTEX_POINT ( 'NONE', #2781 ) ;
#5250 = CARTESIAN_POINT ( 'NONE',  ( -111.8127498936886894, 1.861871452034189023, 323.1381868014771044 ) ) ;
#5251 = EDGE_LOOP ( 'NONE', ( #265, #2506, #4189, #4677 ) ) ;
#5252 = CARTESIAN_POINT ( 'NONE',  ( -111.6656410625907085, 3.995356370322072248, 0.6010000000000104148 ) ) ;
#5253 = CARTESIAN_POINT ( 'NONE',  ( -39.74398557226019335, 2.777482830527453039, 267.4351152099865772 ) ) ;
#5254 = CARTESIAN_POINT ( 'NONE',  ( -106.0928674035609589, 7.351874933421254532, 289.6544379066511965 ) ) ;
#5255 = CARTESIAN_POINT ( 'NONE',  ( -111.2378976158347115, 12.86469395575258723, 5.001000000000005663 ) ) ;
#5256 = CARTESIAN_POINT ( 'NONE',  ( -103.4662153612782731, 3.596297530612391657, 291.6370502473741908 ) ) ;
#5257 = DIRECTION ( 'NONE',  ( -0.5004356563159384486, 0.0000000000000000000, 0.8657737313453417460 ) ) ;
#5258 = CARTESIAN_POINT ( 'NONE',  ( -101.3779970586966499, 4.067114011742892998, 311.9647560274868283 ) ) ;
#5259 = CARTESIAN_POINT ( 'NONE',  ( -105.0932437651830895, 7.324441712857031384, 283.9934444796773505 ) ) ;
#5260 = ORIENTED_EDGE ( 'NONE', *, *, #680, .F. ) ;
#5261 = EDGE_CURVE ( 'NONE', #3574, #2312, #5579, .T. ) ;
#5262 = CARTESIAN_POINT ( 'NONE',  ( -103.5912257498956848, 4.854531681564938417, 292.4504897719231167 ) ) ;
#5263 = CYLINDRICAL_SURFACE ( 'NONE', #5209, 4.000000000000000000 ) ;
#5264 = VERTEX_POINT ( 'NONE', #5131 ) ;
#5265 = DIRECTION ( 'NONE',  ( -0.0000000000000000000, -0.0000000000000000000, -1.000000000000000000 ) ) ;
#5266 = FACE_OUTER_BOUND ( 'NONE', #2599, .T. ) ;
#5267 = ORIENTED_EDGE ( 'NONE', *, *, #4823, .T. ) ;
#5268 = ORIENTED_EDGE ( 'NONE', *, *, #1139, .T. ) ;
#5269 = EDGE_CURVE ( 'NONE', #200, #4288, #452, .T. ) ;
#5270 = CARTESIAN_POINT ( 'NONE',  ( -1.985524089390487967, 2.992762044695273183, 0.5048544420787793863 ) ) ;
#5271 = CARTESIAN_POINT ( 'NONE',  ( -105.0539410357476839, 12.56645895492219900, 11.49999999999995381 ) ) ;
#5272 = ORIENTED_EDGE ( 'NONE', *, *, #1144, .F. ) ;
#5273 = CARTESIAN_POINT ( 'NONE',  ( -39.07972058494023315, 10.38779386146216410, 289.6544379066506849 ) ) ;
#5274 = CARTESIAN_POINT ( 'NONE',  ( -103.1711405694370001, 3.326695977282411398, 266.6544379066506281 ) ) ;
#5275 = CARTESIAN_POINT ( 'NONE',  ( -104.2361118214309244, 4.612888437407126396, 291.3559248681302734 ) ) ;
#5276 = CARTESIAN_POINT ( 'NONE',  ( -111.6176712747699327, 2.241612368205211592, 0.3993589512204545056 ) ) ;
#5277 = ORIENTED_EDGE ( 'NONE', *, *, #1318, .F. ) ;
#5278 = CARTESIAN_POINT ( 'NONE',  ( -11.40988436978735798, 9.083950065530347118, 314.7489999999995689 ) ) ;
#5279 = EDGE_LOOP ( 'NONE', ( #6013, #3939, #5553, #4507, #4655 ) ) ;
#5280 = EDGE_CURVE ( 'NONE', #5293, #2625, #5107, .T. ) ;
#5281 = SPHERICAL_SURFACE ( 'NONE', #3947, 1.000000000000000000 ) ;
#5282 = DIRECTION ( 'NONE',  ( 0.0000000000000000000, -1.000000000000000000, -2.886579864025407005E-12 ) ) ;
#5283 = EDGE_CURVE ( 'NONE', #1776, #4314, #1755, .T. ) ;
#5284 = DIRECTION ( 'NONE',  ( -0.5004356563159252369, 0.0000000000000000000, 0.8657737313453494066 ) ) ;
#5285 = CYLINDRICAL_SURFACE ( 'NONE', #4340, 4.000000000000000000 ) ;
#5286 = CARTESIAN_POINT ( 'NONE',  ( -113.9534343579027791, 0.8346799375917700603, 322.3020686960802550 ) ) ;
#5287 = CARTESIAN_POINT ( 'NONE',  ( -104.4187728713308445, 5.825281796446033056, 291.2277951175161093 ) ) ;
#5288 = CARTESIAN_POINT ( 'NONE',  ( -40.84067193267533469, 0.5839412625269734258, 267.7808208245900801 ) ) ;
#5289 =( BOUNDED_CURVE ( )  B_SPLINE_CURVE ( 3, ( #3502, #1170, #3042, #4443 ),
 .UNSPECIFIED., .F., .F. ) 
 B_SPLINE_CURVE_WITH_KNOTS ( ( 4, 4 ),
 ( 4.712388980384688786, 6.283185307179586232 ),
 .UNSPECIFIED. ) 
 CURVE ( )  GEOMETRIC_REPRESENTATION_ITEM ( )  RATIONAL_B_SPLINE_CURVE ( ( 1.000000000000000000, 0.8047378541243648264, 0.8047378541243648264, 1.000000000000000000 ) ) 
 REPRESENTATION_ITEM ( '' )  );
#5290 = CARTESIAN_POINT ( 'NONE',  ( -39.74524585581713865, 1.578613261097987497, 290.8848120165054070 ) ) ;
#5291 = ADVANCED_FACE ( 'NONE', ( #1390 ), #5415, .T. ) ;
#5292 = PLANE ( 'NONE',  #1877 ) ;
#5293 = VERTEX_POINT ( 'NONE', #5505 ) ;
#5294 = LINE ( 'NONE', #1816, #3252 ) ;
#5295 = DIRECTION ( 'NONE',  ( 0.04817122723086528918, 0.9988390925805179510, -0.0000000000000000000 ) ) ;
#5296 = EDGE_CURVE ( 'NONE', #578, #2501, #2200, .T. ) ;
#5297 = ORIENTED_EDGE ( 'NONE', *, *, #645, .F. ) ;
#5298 = CARTESIAN_POINT ( 'NONE',  ( -102.7117101684909812, 8.629097123652604395, 8.999999999999786837 ) ) ;
#5299 = VECTOR ( 'NONE', #148, 1000.000000000000000 ) ;
#5300 = CC_DESIGN_APPROVAL ( #3389, ( #5404 ) ) ;
#5301 = CARTESIAN_POINT ( 'NONE',  ( -105.2127154621919232, 8.605880615324151606, 284.1544379066506849 ) ) ;
#5302 = VERTEX_POINT ( 'NONE', #3697 ) ;
#5303 = EDGE_LOOP ( 'NONE', ( #3130, #3248, #4831, #5308 ) ) ;
#5304 = VECTOR ( 'NONE', #3476, 1000.000000000000000 ) ;
#5305 = CARTESIAN_POINT ( 'NONE',  ( -0.3783915829963623856, 0.3783915829963623856, 2.183172204190607868 ) ) ;
#5306 = DIRECTION ( 'NONE',  ( 1.000000000000000000, 0.0000000000000000000, -5.551115123125777653E-14 ) ) ;
#5307 = AXIS2_PLACEMENT_3D ( 'NONE', #279, #5842, #3489 ) ;
#5308 = ORIENTED_EDGE ( 'NONE', *, *, #4426, .F. ) ;
#5309 = CARTESIAN_POINT ( 'NONE',  ( -105.0932437651831464, 7.324441712857015396, 283.9934444796773505 ) ) ;
#5310 = AXIS2_PLACEMENT_3D ( 'NONE', #2928, #3298, #942 ) ;
#5311 = AXIS2_PLACEMENT_3D ( 'NONE', #151, #2959, #4818 ) ;
#5312 = CARTESIAN_POINT ( 'NONE',  ( -39.34213890066337882, 1.766904805648899845, 289.6544379066506849 ) ) ;
#5313 = CARTESIAN_POINT ( 'NONE',  ( -110.9419300158313035, 3.552216045176810777, 3.469446951953614189E-15 ) ) ;
#5314 = ORIENTED_EDGE ( 'NONE', *, *, #1131, .T. ) ;
#5315 = CARTESIAN_POINT ( 'NONE',  ( -105.0012955040212574, 13.62303811808742182, 11.49999999999995381 ) ) ;
#5316 = ORIENTED_EDGE ( 'NONE', *, *, #5174, .F. ) ;
#5317 = CARTESIAN_POINT ( 'NONE',  ( -106.0928674035703096, 7.351874933466787887, 268.6544379066511397 ) ) ;
#5318 = CARTESIAN_POINT ( 'NONE',  ( -113.4282625802592719, 8.965680130093533151, 283.1544379066507418 ) ) ;
#5319 = AXIS2_PLACEMENT_3D ( 'NONE', #5513, #4643, #923 ) ;
#5320 = DIRECTION ( 'NONE',  ( -0.5004356563159404470, 0.0000000000000000000, -0.8657737313453405248 ) ) ;
#5321 = PLANE ( 'NONE',  #1801 ) ;
#5322 = EDGE_CURVE ( 'NONE', #350, #5867, #106, .T. ) ;
#5323 = ADVANCED_FACE ( 'NONE', ( #2273 ), #889, .F. ) ;
#5324 = CARTESIAN_POINT ( 'NONE',  ( -114.4254346790441730, 0.3695843737243381666, 321.5308626750625081 ) ) ;
#5325 = CARTESIAN_POINT ( 'NONE',  ( -104.5207765119213406, 5.990812228138739925, 291.1294216314203709 ) ) ;
#5326 = CARTESIAN_POINT ( 'NONE',  ( -1.807315091079391811, 3.995356370322071804, 8.500999999999592660 ) ) ;
#5327 = CYLINDRICAL_SURFACE ( 'NONE', #1398, 4.000000000000003553 ) ;
#5328 = CARTESIAN_POINT ( 'NONE',  ( -41.34196608152250008, 1.797722342852040134, 291.6544379066506849 ) ) ;
#5329 = CARTESIAN_POINT ( 'NONE',  ( -102.7633557007377618, 8.579258765077076632, 13.99999999999980105 ) ) ;
#5330 = CARTESIAN_POINT ( 'NONE',  ( -105.0913358904423376, 7.309285926349789797, 268.5464171220665435 ) ) ;
#5331 = CARTESIAN_POINT ( 'NONE',  ( -112.5404527092133833, 0.4394468635351931884, 2.161114434803224071 ) ) ;
#5332 =( BOUNDED_CURVE ( )  B_SPLINE_CURVE ( 3, ( #886, #1257, #2725, #4985 ),
 .UNSPECIFIED., .F., .F. ) 
 B_SPLINE_CURVE_WITH_KNOTS ( ( 4, 4 ),
 ( 1.522606450125259636, 1.720718927825592548 ),
 .UNSPECIFIED. ) 
 CURVE ( )  GEOMETRIC_REPRESENTATION_ITEM ( )  RATIONAL_B_SPLINE_CURVE ( ( 1.000000000000000000, 0.9967319606976415836, 0.9967319606976415836, 1.000000000000000000 ) ) 
 REPRESENTATION_ITEM ( '' )  );
#5333 = CARTESIAN_POINT ( 'NONE',  ( -223.6375500445716682, 3.995356370322071804, 195.5273995670162890 ) ) ;
#5334 = DIRECTION ( 'NONE',  ( 0.0000000000000000000, 0.0000000000000000000, 1.000000000000000000 ) ) ;
#5335 = CARTESIAN_POINT ( 'NONE',  ( -4.000000000000000000, 4.000000000000000000, 323.7500000000000000 ) ) ;
#5336 = VERTEX_POINT ( 'NONE', #2324 ) ;
#5337 = EDGE_LOOP ( 'NONE', ( #3268, #4641, #5111, #4631 ) ) ;
#5338 = CARTESIAN_POINT ( 'NONE',  ( -106.0807419664304803, 7.603298061290478138, 283.0256431650744275 ) ) ;
#5339 = CARTESIAN_POINT ( 'NONE',  ( -8.965620329501360786, 7.932386895312927955, 161.8744999999995002 ) ) ;
#5340 = EDGE_LOOP ( 'NONE', ( #5986, #3511, #4391, #4320 ) ) ;
#5341 = EDGE_CURVE ( 'NONE', #2712, #5647, #1892, .T. ) ;
#5342 = DIRECTION ( 'NONE',  ( 0.9999995216640081841, -0.0009780959844864832269, 0.0000000000000000000 ) ) ;
#5343 = CARTESIAN_POINT ( 'NONE',  ( -106.1002607608281210, 6.588116808966691273, 282.6128953486866635 ) ) ;
#5344 = CARTESIAN_POINT ( 'NONE',  ( -104.3596987917363919, 0.6460689973542613762, 266.6544379066506281 ) ) ;
#5345 = ORIENTED_EDGE ( 'NONE', *, *, #3827, .T. ) ;
#5346 = CARTESIAN_POINT ( 'NONE',  ( -105.0282425151980306, 13.09932242070893338, 312.2489999999998531 ) ) ;
#5347 = ORIENTED_EDGE ( 'NONE', *, *, #4171, .T. ) ;
#5348 = DIRECTION ( 'NONE',  ( 0.04817122723086528918, 0.9988390925805179510, -0.0000000000000000000 ) ) ;
#5349 = CARTESIAN_POINT ( 'NONE',  ( -39.34213890066322250, 1.766904805669306855, 268.3913242856969532 ) ) ;
#5350 = PLANE ( 'NONE',  #4228 ) ;
#5351 = CARTESIAN_POINT ( 'NONE',  ( 0.1926849089234611567, 3.995356370322071804, 0.0000000000000000000 ) ) ;
#5352 = CARTESIAN_POINT ( 'NONE',  ( -114.6118650631643732, 2.110816745238328629, 320.8490828438884250 ) ) ;
#5353 = CARTESIAN_POINT ( 'NONE',  ( -104.6495917881640594, 5.517480701262659437, 290.9675449730310675 ) ) ;
#5354 = CARTESIAN_POINT ( 'NONE',  ( -41.34440498179763068, 0.5844339620352679843, 267.6544379066506849 ) ) ;
#5355 = CARTESIAN_POINT ( 'NONE',  ( -113.5145330671001460, 12.97448974214038309, 321.7541470808220652 ) ) ;
#5356 = CARTESIAN_POINT ( 'NONE',  ( -105.2103562079478394, 8.711365713970041114, 274.1544379066506281 ) ) ;
#5357 = ADVANCED_FACE ( 'NONE', ( #3721 ), #4488, .T. ) ;
#5358 = APPLICATION_PROTOCOL_DEFINITION ( 'international standard', 'config_control_design', 1994, #4838 ) ;
#5359 = CARTESIAN_POINT ( 'NONE',  ( -8.997824869314481333, 7.231977029052622186, 312.2477996882115008 ) ) ;
#5360 = CARTESIAN_POINT ( 'NONE',  ( -105.1158944058802405, 11.28184463387116310, 284.1544379066507418 ) ) ;
#5361 = EDGE_CURVE ( 'NONE', #3991, #4292, #5748, .T. ) ;
#5362 = CARTESIAN_POINT ( 'NONE',  ( -105.2887561037251913, 6.597681612626934644, 10.03553390592868588 ) ) ;
#5363 = EDGE_CURVE ( 'NONE', #411, #6034, #1793, .T. ) ;
#5364 = CARTESIAN_POINT ( 'NONE',  ( -8.994473609820579085, 7.308181882542210239, 312.2489999999995121 ) ) ;
#5365 = ORIENTED_EDGE ( 'NONE', *, *, #5194, .F. ) ;
#5366 = EDGE_LOOP ( 'NONE', ( #4261, #113, #3728, #3256 ) ) ;
#5367 = CARTESIAN_POINT ( 'NONE',  ( -0.05187826196613241209, 0.05187826196613241209, 3.220037309340117559 ) ) ;
#5368 = DIRECTION ( 'NONE',  ( 1.625896048388380614E-15, -7.841243758125038658E-17, 1.000000000000000000 ) ) ;
#5369 = ORIENTED_EDGE ( 'NONE', *, *, #5283, .T. ) ;
#5370 = CARTESIAN_POINT ( 'NONE',  ( -7.158864168944274020, 7.845252078296399034, 161.8754999999996755 ) ) ;
#5371 = PLANE ( 'NONE',  #1383 ) ;
#5372 = CARTESIAN_POINT ( 'NONE',  ( -111.3995317719641349, 3.333350323195031883, 0.03542012876945409283 ) ) ;
#5373 = ORIENTED_EDGE ( 'NONE', *, *, #2754, .T. ) ;
#5374 = CARTESIAN_POINT ( 'NONE',  ( -14.05662661152143578, 2.450835289238923131, 11.49999999999965006 ) ) ;
#5375 = ADVANCED_FACE ( 'NONE', ( #3853 ), #4175, .T. ) ;
#5376 = ORIENTED_EDGE ( 'NONE', *, *, #1839, .F. ) ;
#5377 = CARTESIAN_POINT ( 'NONE',  ( -105.0196842742908672, 6.844600333614009990, 268.0576878762044544 ) ) ;
#5378 = CARTESIAN_POINT ( 'NONE',  ( -111.6656410625901970, 3.995356370322072248, 157.4754999999999825 ) ) ;
#5379 = LINE ( 'NONE', #1184, #5999 ) ;
#5380 = DIRECTION ( 'NONE',  ( 0.9999191579690124287, -0.01271524779707759040, -0.0000000000000000000 ) ) ;
#5381 = CARTESIAN_POINT ( 'NONE',  ( -112.3566704031377697, 0.7995201214891785035, 322.1531366507676353 ) ) ;
#5382 = CARTESIAN_POINT ( 'NONE',  ( -105.0607105384488591, 7.091516596047556575, 290.0524077482528469 ) ) ;
#5383 = CARTESIAN_POINT ( 'NONE',  ( -39.83654199200530854, 1.578946550091382628, 267.3329658062475005 ) ) ;
#5384 = DIRECTION ( 'NONE',  ( -0.8662767110661202530, 0.0000000000000000000, 0.4995644701782400166 ) ) ;
#5385 = CARTESIAN_POINT ( 'NONE',  ( -40.90119909747058102, 0.5840004639321478841, 290.5532512863479155 ) ) ;
#5386 = DIRECTION ( 'NONE',  ( 0.4994195462902675797, -0.02408561361543306092, 0.8660254037844337116 ) ) ;
#5387 = DATE_TIME_ROLE ( 'creation_date' ) ;
#5388 = DIRECTION ( 'NONE',  ( -0.8650200284677327378, 0.04171750651340241922, -0.4999999999999871214 ) ) ;
#5389 = EDGE_CURVE ( 'NONE', #3288, #5145, #2972, .T. ) ;
#5390 = CARTESIAN_POINT ( 'NONE',  ( -11.49203277866662987, 7.418627449564008103, 314.7489999999996257 ) ) ;
#5391 = CARTESIAN_POINT ( 'NONE',  ( -105.0539410357476839, 12.56645895492219900, 11.49999999999995381 ) ) ;
#5392 = EDGE_CURVE ( 'NONE', #2064, #1241, #202, .T. ) ;
#5393 = CARTESIAN_POINT ( 'NONE',  ( -104.8412387157569725, 6.067324385161333211, 290.7060156621657825 ) ) ;
#5394 = LINE ( 'NONE', #751, #3363 ) ;
#5395 = EDGE_CURVE ( 'NONE', #4842, #6034, #3074, .T. ) ;
#5396 = ORIENTED_EDGE ( 'NONE', *, *, #1443, .T. ) ;
#5397 = ORIENTED_EDGE ( 'NONE', *, *, #2590, .T. ) ;
#5398 = CARTESIAN_POINT ( 'NONE',  ( -104.0542648624545166, 0.6457702535116119913, 290.1550550565387425 ) ) ;
#5399 = LINE ( 'NONE', #628, #5100 ) ;
#5400 = ORIENTED_EDGE ( 'NONE', *, *, #5711, .F. ) ;
#5401 = CIRCLE ( 'NONE', #413, 1.000000000000000888 ) ;
#5402 = CARTESIAN_POINT ( 'NONE',  ( -8.998986032673057522, 7.205712775379010004, 314.7465824834998784 ) ) ;
#5403 = FACE_OUTER_BOUND ( 'NONE', #1049, .T. ) ;
#5404 = PRODUCT_DEFINITION ( 'UNKNOWN', '', #5684, #2162 ) ;
#5405 = DIRECTION ( 'NONE',  ( -0.04817122723086528918, -0.9988390925805179510, 0.0000000000000000000 ) ) ;
#5406 = AXIS2_PLACEMENT_3D ( 'NONE', #3598, #1263, #4019 ) ;
#5407 = EDGE_CURVE ( 'NONE', #152, #4455, #2550, .T. ) ;
#5408 = VECTOR ( 'NONE', #4945, 1000.000000000000000 ) ;
#5409 = ORIENTED_EDGE ( 'NONE', *, *, #3750, .F. ) ;
#5410 = DIRECTION ( 'NONE',  ( 0.5004356563159398918, 0.0000000000000000000, 0.8657737313453409689 ) ) ;
#5411 = ORIENTED_EDGE ( 'NONE', *, *, #3501, .F. ) ;
#5412 = CARTESIAN_POINT ( 'NONE',  ( -103.0489139931352582, 4.423227152254451511, 265.6804592649687038 ) ) ;
#5413 = DIRECTION ( 'NONE',  ( 1.000000000000000000, 0.0000000000000000000, -0.0000000000000000000 ) ) ;
#5414 = DIRECTION ( 'NONE',  ( 0.04817122723086528918, 0.9988390925805179510, -0.0000000000000000000 ) ) ;
#5415 = TOROIDAL_SURFACE ( 'NONE', #5905, 113.7820467919759295, 1.000000000000000000 ) ;
#5416 = CARTESIAN_POINT ( 'NONE',  ( -103.9852292615829015, 0.6457027300353002097, 268.0392520605651043 ) ) ;
#5417 = CARTESIAN_POINT ( 'NONE',  ( -111.5078420405275637, 2.455121517911140749, 323.4468661874043391 ) ) ;
#5418 = CARTESIAN_POINT ( 'NONE',  ( -4.336808689942017736E-16, 2.000000000004058975, 320.0118023498575894 ) ) ;
#5419 = CARTESIAN_POINT ( 'NONE',  ( -39.53608120655961500, 2.774839061272690532, 290.5386782698146817 ) ) ;
#5420 = CARTESIAN_POINT ( 'NONE',  ( -5.141976950576888861, 3.995356370322071804, 157.8340481156690771 ) ) ;
#5421 = AXIS2_PLACEMENT_3D ( 'NONE', #3944, #1682, #1222 ) ;
#5422 = ORIENTED_EDGE ( 'NONE', *, *, #4905, .T. ) ;
#5423 = VECTOR ( 'NONE', #420, 1000.000000000000000 ) ;
#5424 = CARTESIAN_POINT ( 'NONE',  ( -113.2238903640204768, 12.96047285413805739, 322.1889043602126890 ) ) ;
#5425 = CARTESIAN_POINT ( 'NONE',  ( -8.965620329267160571, 7.932386900179794864, 11.49999999999962164 ) ) ;
#5426 = PERSON_AND_ORGANIZATION ( #4286, #3347 ) ;
#5427 = CARTESIAN_POINT ( 'NONE',  ( -103.3342808719456087, 3.464853672447220312, 266.6544398109452345 ) ) ;
#5428 = DIRECTION ( 'NONE',  ( 1.000000000000000000, 0.0000000000000000000, 0.0000000000000000000 ) ) ;
#5429 = CARTESIAN_POINT ( 'NONE',  ( 0.0000000000000000000, 0.0000000000000000000, 4.000000000000003553 ) ) ;
#5430 = CARTESIAN_POINT ( 'NONE',  ( -113.5742525937457685, 6.968313123550476718, 282.6271797672982871 ) ) ;
#5431 = DIRECTION ( 'NONE',  ( -1.000000000000000000, 0.0000000000000000000, 0.0000000000000000000 ) ) ;
#5432 = ORIENTED_EDGE ( 'NONE', *, *, #3194, .T. ) ;
#5433 = VERTEX_POINT ( 'NONE', #5318 ) ;
#5434 = CARTESIAN_POINT ( 'NONE',  ( -103.1861293549775951, 0.6449211332515850659, 290.6544379066506849 ) ) ;
#5435 = VERTEX_POINT ( 'NONE', #4915 ) ;
#5436 = EDGE_CURVE ( 'NONE', #5900, #490, #2291, .T. ) ;
#5437 = CARTESIAN_POINT ( 'NONE',  ( -7.158864168943693151, 7.845252078296371501, 318.7499999999996589 ) ) ;
#5438 = CARTESIAN_POINT ( 'NONE',  ( -112.7359310433501491, 0.05575724214123767286, 3.334455811325272023 ) ) ;
#5439 = CARTESIAN_POINT ( 'NONE',  ( -104.8795640815481676, 6.744059684590440362, 267.3253569094296722 ) ) ;
#5440 = VERTEX_POINT ( 'NONE', #2540 ) ;
#5441 = EDGE_LOOP ( 'NONE', ( #4937, #3434, #3276, #3478 ) ) ;
#5442 = CARTESIAN_POINT ( 'NONE',  ( -39.99850109019219957, 2.780719320050945687, 292.3501751625359475 ) ) ;
#5443 = CARTESIAN_POINT ( 'NONE',  ( -103.7116989656546195, 1.646486354679234765, 291.6013673330674010 ) ) ;
#5444 = CARTESIAN_POINT ( 'NONE',  ( 1.154314332317891682E-15, 7.500000000000000000, 1.656854249492383024 ) ) ;
#5445 = CARTESIAN_POINT ( 'NONE',  ( -104.4061639125362575, 0.6461144447241575772, 267.0612154272662337 ) ) ;
#5446 = CARTESIAN_POINT ( 'NONE',  ( -114.6187454232964029, 2.107417145562986871, 320.8488862794689567 ) ) ;
#5447 = CARTESIAN_POINT ( 'NONE',  ( -2.000000000000000000, 4.336808689942017736E-16, 319.7500000000000000 ) ) ;
#5448 = CARTESIAN_POINT ( 'NONE',  ( -11.19939157107488192, 2.414501900420212177, 12.57126697809729166 ) ) ;
#5449 = CARTESIAN_POINT ( 'NONE',  ( -124.2567202626402576, 5.483257455350436516, 275.1544379066507418 ) ) ;
#5450 = EDGE_LOOP ( 'NONE', ( #3906, #3090, #5630 ) ) ;
#5451 = DIRECTION ( 'NONE',  ( -0.02655026914603489038, -0.9674502699793997573, -0.2516645750300577355 ) ) ;
#5452 = DIRECTION ( 'NONE',  ( 0.8662767110661202530, 0.0000000000000000000, -0.4995644701782400166 ) ) ;
#5453 = APPROVAL_DATE_TIME ( #288, #695 ) ;
#5454 = FACE_OUTER_BOUND ( 'NONE', #853, .T. ) ;
#5455 = ADVANCED_FACE ( 'NONE', ( #3026 ), #1183, .F. ) ;
#5456 = DIRECTION ( 'NONE',  ( 0.0000000000000000000, 1.000000000000000000, -0.0000000000000000000 ) ) ;
#5457 = DIRECTION ( 'NONE',  ( 0.5004356563159255700, 0.0000000000000000000, -0.8657737313453491845 ) ) ;
#5458 = CARTESIAN_POINT ( 'NONE',  ( -105.2007761473990257, 8.065269550453663783, 283.1369212441778700 ) ) ;
#5459 = VERTEX_POINT ( 'NONE', #248 ) ;
#5460 = ORIENTED_EDGE ( 'NONE', *, *, #5341, .F. ) ;
#5461 = FACE_OUTER_BOUND ( 'NONE', #668, .T. ) ;
#5462 = CARTESIAN_POINT ( 'NONE',  ( -114.7120313748054485, 4.008506407753950285, 279.1544379066506849 ) ) ;
#5463 = ORIENTED_EDGE ( 'NONE', *, *, #3244, .F. ) ;
#5464 = FACE_OUTER_BOUND ( 'NONE', #2081, .T. ) ;
#5465 = CARTESIAN_POINT ( 'NONE',  ( -105.1129002011238924, 7.551033870322108932, 268.6544379066510828 ) ) ;
#5466 = EDGE_CURVE ( 'NONE', #5568, #5647, #733, .T. ) ;
#5467 = VERTEX_POINT ( 'NONE', #3515 ) ;
#5468 = EDGE_LOOP ( 'NONE', ( #1874, #5885, #5316, #5056 ) ) ;
#5469 = CARTESIAN_POINT ( 'NONE',  ( -38.63299757621415154, 2.763355200752259488, 290.9840525489751712 ) ) ;
#5470 = CARTESIAN_POINT ( 'NONE',  ( -106.0928674035611152, 7.351874933421312264, 268.6544379066506281 ) ) ;
#5471 = CARTESIAN_POINT ( 'NONE',  ( -104.1596010971467052, 0.6458732825090390817, 268.3911622586737735 ) ) ;
#5472 = DIRECTION ( 'NONE',  ( -0.5004356563159384486, 0.0000000000000000000, 0.8657737313453417460 ) ) ;
#5473 = CARTESIAN_POINT ( 'NONE',  ( -0.8749071755592715549, 0.8749071755592715549, 322.3579131707303986 ) ) ;
#5474 = CARTESIAN_POINT ( 'NONE',  ( -40.80294657613307407, 2.790948870722112840, 291.5999387419642517 ) ) ;
#5475 = ADVANCED_FACE ( 'NONE', ( #2602 ), #4490, .F. ) ;
#5476 = CARTESIAN_POINT ( 'NONE',  ( -11.57072849395558656, 7.419628165983496615, 8.999999999999799272 ) ) ;
#5477 = EDGE_LOOP ( 'NONE', ( #3143, #4652, #5463, #2332 ) ) ;
#5478 = DIRECTION ( 'NONE',  ( -0.8662767110661262482, 0.0000000000000000000, -0.4995644701782294694 ) ) ;
#5479 = DIRECTION ( 'NONE',  ( -0.8662767110661169223, 0.0000000000000000000, 0.4995644701782456787 ) ) ;
#5480 = DIRECTION ( 'NONE',  ( 1.000000000000000000, 0.0000000000000000000, 0.0000000000000000000 ) ) ;
#5481 = CARTESIAN_POINT ( 'NONE',  ( -114.6766424362586605, 5.021236988838976067, 279.6788333085966656 ) ) ;
#5482 = EDGE_CURVE ( 'NONE', #4348, #5212, #309, .T. ) ;
#5483 = EDGE_CURVE ( 'NONE', #2985, #5757, #3056, .T. ) ;
#5484 = CARTESIAN_POINT ( 'NONE',  ( -8.997824869314481333, 7.231977029052622186, 312.2477996882115008 ) ) ;
#5485 = EDGE_LOOP ( 'NONE', ( #3629, #4145 ) ) ;
#5486 = ORIENTED_EDGE ( 'NONE', *, *, #4539, .T. ) ;
#5487 = LINE ( 'NONE', #1294, #1484 ) ;
#5488 =( BOUNDED_SURFACE ( )  B_SPLINE_SURFACE ( 3, 3, ( 
 ( #1454, #2783, #1990, #2326, #1426, #5651 ),
 ( #2901, #2875, #2386, #5583, #2443, #1033 ),
 ( #2811, #3299, #510, #5191, #5679, #3857 ),
 ( #943, #1486, #4247, #4666, #480, #4696 ) ),
 .UNSPECIFIED., .F., .F., .T. ) 
 B_SPLINE_SURFACE_WITH_KNOTS ( ( 4, 4 ),
 ( 4, 2, 4 ),
 ( 0.0000000000000000000, 1.000000000000000000 ),
 ( 0.0000000000000000000, 0.1515543800034849509, 1.000000000000000000 ),
 .UNSPECIFIED. ) 
 GEOMETRIC_REPRESENTATION_ITEM ( )  RATIONAL_B_SPLINE_SURFACE ( (
 ( 1.000000000000000000, 1.000000000000000000, 1.000000000000000000, 1.000000000000000000, 1.000000000000000000, 1.000000000000000000),
 ( 0.8047378541251424267, 0.8047378541251424267, 0.8047378541251424267, 0.8047378541251424267, 0.8047378541251424267, 0.8047378541251424267),
 ( 0.8047378541251424267, 0.8047378541251424267, 0.8047378541251424267, 0.8047378541251424267, 0.8047378541251424267, 0.8047378541251424267),
 ( 1.000000000000000000, 1.000000000000000000, 1.000000000000000000, 1.000000000000000000, 1.000000000000000000, 1.000000000000000000) ) ) 
 REPRESENTATION_ITEM ( '' )  SURFACE ( )  );
#5489 = CARTESIAN_POINT ( 'NONE',  ( -8.996716895020558269, 7.257312249201340215, 312.2485979940220773 ) ) ;
#5490 = CARTESIAN_POINT ( 'NONE',  ( -102.6781278393538344, 4.196718073539234872, 265.6544379066506281 ) ) ;
#5491 = EDGE_LOOP ( 'NONE', ( #5118, #5032, #4948, #4817 ) ) ;
#5492 = B_SPLINE_CURVE_WITH_KNOTS ( 'NONE', 3,
 ( #5390, #4503, #2521, #3924 ),
 .UNSPECIFIED., .F., .F.,
 ( 4, 4 ),
 ( 0.0000000000000000000, 0.0001549583579972036210 ),
 .UNSPECIFIED. ) ;
#5493 = EDGE_LOOP ( 'NONE', ( #3555, #2469, #5233, #742 ) ) ;
#5494 = CARTESIAN_POINT ( 'NONE',  ( -3.118902406158198914, 3.995356370322071804, 8.500999999999605095 ) ) ;
#5495 = CARTESIAN_POINT ( 'NONE',  ( -39.90697437869379627, 10.43186949799289032, 291.6544379066506849 ) ) ;
#5496 = LINE ( 'NONE', #4098, #2586 ) ;
#5497 = AXIS2_PLACEMENT_3D ( 'NONE', #5531, #1778, #912 ) ;
#5498 = VECTOR ( 'NONE', #125, 1000.000000000000000 ) ;
#5499 = CARTESIAN_POINT ( 'NONE',  ( -112.6728080033592647, 3.060700861701283859, 323.2885762667950758 ) ) ;
#5500 = CARTESIAN_POINT ( 'NONE',  ( -2.409784746521412835, 0.8195694930442387616, 322.1899591606241984 ) ) ;
#5501 = CARTESIAN_POINT ( 'NONE',  ( -41.32925083372542474, 2.797641500819330496, 291.6544379066506849 ) ) ;
#5502 = CARTESIAN_POINT ( 'NONE',  ( -1.830245898735155086, 0.007217135485130393713, 159.8547740578324294 ) ) ;
#5503 = ORIENTED_EDGE ( 'NONE', *, *, #2671, .F. ) ;
#5504 = CARTESIAN_POINT ( 'NONE',  ( -39.60586319092060847, 1.770978886425890186, 290.6556811300656022 ) ) ;
#5505 = CARTESIAN_POINT ( 'NONE',  ( -106.0527801283272851, 12.61463018215301624, 275.1544379066506281 ) ) ;
#5506 = VECTOR ( 'NONE', #5096, 1000.000000000000000 ) ;
#5507 = VECTOR ( 'NONE', #2596, 1000.000000000000227 ) ;
#5508 = ADVANCED_FACE ( 'NONE', ( #5868 ), #5903, .T. ) ;
#5509 = CARTESIAN_POINT ( 'NONE',  ( -114.7075541608890319, 4.142308290654126424, 280.4709028626758140 ) ) ;
#5510 = VECTOR ( 'NONE', #2149, 1000.000000000000114 ) ;
#5511 = AXIS2_PLACEMENT_3D ( 'NONE', #635, #3089, #1716 ) ;
#5512 = EDGE_CURVE ( 'NONE', #5147, #1981, #3788, .T. ) ;
#5513 = CARTESIAN_POINT ( 'NONE',  ( -106.0928674035637727, 7.351874933423689029, 283.9934444796778621 ) ) ;
#5514 = FACE_OUTER_BOUND ( 'NONE', #3015, .T. ) ;
#5515 = VERTEX_POINT ( 'NONE', #794 ) ;
#5516 = B_SPLINE_CURVE_WITH_KNOTS ( 'NONE', 3,
 ( #3708, #5115, #2737, #929 ),
 .UNSPECIFIED., .F., .F.,
 ( 4, 4 ),
 ( 2.602085213965210642E-18, 0.001071719937909339660 ),
 .UNSPECIFIED. ) ;
#5517 = DIRECTION ( 'NONE',  ( 0.04817122723086528918, 0.9988390925805179510, -0.0000000000000000000 ) ) ;
#5518 = LINE ( 'NONE', #5935, #5507 ) ;
#5519 = EDGE_LOOP ( 'NONE', ( #3146, #3507, #5607, #528 ) ) ;
#5520 =( BOUNDED_CURVE ( )  B_SPLINE_CURVE ( 3, ( #1885, #16, #1445, #2831 ),
 .UNSPECIFIED., .F., .F. ) 
 B_SPLINE_CURVE_WITH_KNOTS ( ( 4, 4 ),
 ( 4.712388980384689674, 6.223750240507412990 ),
 .UNSPECIFIED. ) 
 CURVE ( )  GEOMETRIC_REPRESENTATION_ITEM ( )  RATIONAL_B_SPLINE_CURVE ( ( 1.000000000000000000, 0.8185366309743736801, 0.8185366309743736801, 1.000000000000000000 ) ) 
 REPRESENTATION_ITEM ( '' )  );
#5521 = VERTEX_POINT ( 'NONE', #6042 ) ;
#5522 = CARTESIAN_POINT ( 'NONE',  ( -38.42498382789254663, 2.760710040557035949, 290.4304981996650667 ) ) ;
#5523 = CARTESIAN_POINT ( 'NONE',  ( -105.1721961173106621, 1.650816778296311904, 289.9163411633164742 ) ) ;
#5524 = EDGE_CURVE ( 'NONE', #4300, #3580, #369, .T. ) ;
#5525 = CARTESIAN_POINT ( 'NONE',  ( -103.1851512589931730, 1.644920654915593472, 266.6544379066506281 ) ) ;
#5526 = DIRECTION ( 'NONE',  ( 0.0000000000000000000, 0.0000000000000000000, 1.000000000000000000 ) ) ;
#5527 = CARTESIAN_POINT ( 'NONE',  ( -0.05187826196610647450, 0.05187826196610647450, 320.5299626906552817 ) ) ;
#5528 = CARTESIAN_POINT ( 'NONE',  ( -41.32925083372542474, 2.797641500819330940, 292.6544379066506849 ) ) ;
#5529 = DIRECTION ( 'NONE',  ( 4.960310595328045663E-15, -2.392219633754015712E-16, 1.000000000000000000 ) ) ;
#5530 = EDGE_LOOP ( 'NONE', ( #2107, #5735, #46, #4549, #1365 ) ) ;
#5531 = CARTESIAN_POINT ( 'NONE',  ( 52.56741241248697349, 3.995356370322071804, 292.3202494080496763 ) ) ;
#5532 = CARTESIAN_POINT ( 'NONE',  ( -71.13621193552195621, 0.0000000000000000000, 203.8633910309820294 ) ) ;
#5533 = CARTESIAN_POINT ( 'NONE',  ( -113.6613103516486234, 5.078550525317892195, 280.2076098714560999 ) ) ;
#5534 = EDGE_CURVE ( 'NONE', #4968, #2883, #2771, .T. ) ;
#5535 = DIRECTION ( 'NONE',  ( -1.498006135058853482E-12, 7.224466329077273165E-14, -1.000000000000000000 ) ) ;
#5536 = DIRECTION ( 'NONE',  ( 0.0000000000000000000, 0.0000000000000000000, -1.000000000000000000 ) ) ;
#5537 = ADVANCED_FACE ( 'NONE', ( #4096 ), #664, .T. ) ;
#5538 = ORIENTED_EDGE ( 'NONE', *, *, #2828, .F. ) ;
#5539 = ADVANCED_FACE ( 'NONE', ( #1353 ), #5041, .F. ) ;
#5540 = CARTESIAN_POINT ( 'NONE',  ( -100.2766404279241925, 3.547232764980646547, 13.99999999999980105 ) ) ;
#5541 = FACE_OUTER_BOUND ( 'NONE', #3971, .T. ) ;
#5542 = CARTESIAN_POINT ( 'NONE',  ( -104.1753831341077756, 8.677288848018154255, 8.999999999994942712 ) ) ;
#5543 = ORIENTED_EDGE ( 'NONE', *, *, #2019, .F. ) ;
#5544 = EDGE_LOOP ( 'NONE', ( #76, #3769, #4168, #4681 ) ) ;
#5545 = DIRECTION ( 'NONE',  ( -0.04817122723086528918, -0.9988390925805179510, 0.0000000000000000000 ) ) ;
#5546 = DIRECTION ( 'NONE',  ( -6.065314064128701869E-14, -2.210105553773347959E-12, 1.000000000000000000 ) ) ;
#5547 = CARTESIAN_POINT ( 'NONE',  ( -105.1620206313927213, 4.042649962173910261, 281.2939076991780212 ) ) ;
#5548 = CARTESIAN_POINT ( 'NONE',  ( -110.0392907047369562, 12.80688848307549321, 323.7500000000000000 ) ) ;
#5549 = DIRECTION ( 'NONE',  ( 0.0000000000000000000, -1.000000000000000000, 0.0000000000000000000 ) ) ;
#5550 = EDGE_CURVE ( 'NONE', #3808, #305, #4433, .T. ) ;
#5551 = CARTESIAN_POINT ( 'NONE',  ( -112.3566704031372154, 0.7995201214911840104, 1.596863349229873608 ) ) ;
#5552 = PLANE ( 'NONE',  #5023 ) ;
#5553 = ORIENTED_EDGE ( 'NONE', *, *, #5524, .F. ) ;
#5554 = CARTESIAN_POINT ( 'NONE',  ( -2.000000000000014211, 0.0000000000000000000, 323.7500000000000000 ) ) ;
#5555 = DIRECTION ( 'NONE',  ( -0.0000000000000000000, -0.0000000000000000000, 1.000000000000000000 ) ) ;
#5556 = CARTESIAN_POINT ( 'NONE',  ( -114.6574044633137959, 5.424691668194038918, 280.9252557794806080 ) ) ;
#5557 = CARTESIAN_POINT ( 'NONE',  ( -114.5966156298622991, 6.527618550175363410, 274.8120264578610090 ) ) ;
#5558 = ORIENTED_EDGE ( 'NONE', *, *, #3244, .T. ) ;
#5559 = CARTESIAN_POINT ( 'NONE',  ( -40.93642519122984424, 2.792646221605451728, 265.6738631533216335 ) ) ;
#5560 = CARTESIAN_POINT ( 'NONE',  ( -11.88315225431637501, 4.828773849210758584, 9.713874857825663511 ) ) ;
#5561 = ORIENTED_EDGE ( 'NONE', *, *, #3006, .T. ) ;
#5562 = CARTESIAN_POINT ( 'NONE',  ( -104.1861368306290103, 0.6458992370158400664, 289.6544379066506849 ) ) ;
#5563 = EDGE_CURVE ( 'NONE', #4384, #1795, #1798, .T. ) ;
#5564 = ADVANCED_FACE ( 'NONE', ( #826 ), #2660, .F. ) ;
#5565 = DIRECTION ( 'NONE',  ( -0.9988390925805179510, 0.04817122723086510877, 0.0000000000000000000 ) ) ;
#5566 = CARTESIAN_POINT ( 'NONE',  ( -113.4722453575519410, 8.442127058525253247, 275.1803101815120840 ) ) ;
#5567 = ORIENTED_EDGE ( 'NONE', *, *, #28, .T. ) ;
#5568 = VERTEX_POINT ( 'NONE', #3152 ) ;
#5569 = CARTESIAN_POINT ( 'NONE',  ( -114.6270628193820329, 5.969137154097325926, 275.1824015478658794 ) ) ;
#5570 = CARTESIAN_POINT ( 'NONE',  ( -112.7643120787221847, 0.0000000000000000000, 319.7500000000000000 ) ) ;
#5571 = ORIENTED_EDGE ( 'NONE', *, *, #4920, .F. ) ;
#5572 = CARTESIAN_POINT ( 'NONE',  ( -105.1557710122057898, 4.562071880552868386, 279.6012542285308200 ) ) ;
#5573 = CARTESIAN_POINT ( 'NONE',  ( -10.02899653149004600, 7.353929004742245645, 9.000000000004538592 ) ) ;
#5574 = LINE ( 'NONE', #2865, #919 ) ;
#5575 = CARTESIAN_POINT ( 'NONE',  ( -112.6641659474972528, 0.1966902440150297415, 2.751889360906043969 ) ) ;
#5576 = CARTESIAN_POINT ( 'NONE',  ( -4.961418165266573865, 7.739275378388469129, 318.7499999999996589 ) ) ;
#5577 = VERTEX_POINT ( 'NONE', #3182 ) ;
#5578 = CARTESIAN_POINT ( 'NONE',  ( -102.4771405982377530, 14.00277543565304228, 314.7489999999998531 ) ) ;
#5579 = LINE ( 'NONE', #2705, #4917 ) ;
#5580 = CARTESIAN_POINT ( 'NONE',  ( -8.965620329500850971, 7.932386895312903086, 312.2489999999993984 ) ) ;
#5581 = AXIS2_PLACEMENT_3D ( 'NONE', #4017, #4405, #4470 ) ;
#5582 = AXIS2_PLACEMENT_3D ( 'NONE', #354, #1234, #5480 ) ;
#5583 = CARTESIAN_POINT ( 'NONE',  ( -9.054684967973171794, 6.085615533651850484, 10.03553390593623718 ) ) ;
#5584 = CARTESIAN_POINT ( 'NONE',  ( -10.32550495252132272, 4.036925718952421249, 311.6043262473509685 ) ) ;
#5585 = DIRECTION ( 'NONE',  ( 0.0000000000000000000, 0.0000000000000000000, -1.000000000000000000 ) ) ;
#5586 = VECTOR ( 'NONE', #5237, 1000.000000000000000 ) ;
#5587 = CIRCLE ( 'NONE', #1988, 1.000000000000000000 ) ;
#5588 = CARTESIAN_POINT ( 'NONE',  ( -105.0883129365884798, 7.284807436207334952, 289.8278428503576833 ) ) ;
#5589 = CARTESIAN_POINT ( 'NONE',  ( -102.7117101681772340, 8.629097133401382180, 314.7489999999998531 ) ) ;
#5590 = ORIENTED_EDGE ( 'NONE', *, *, #5941, .T. ) ;
#5591 = AXIS2_PLACEMENT_3D ( 'NONE', #6051, #4583, #3645 ) ;
#5592 = VECTOR ( 'NONE', #714, 1000.000000000000000 ) ;
#5593 = DIRECTION ( 'NONE',  ( 0.5004356563159195748, 0.0000000000000000000, -0.8657737313453526262 ) ) ;
#5594 = ORIENTED_EDGE ( 'NONE', *, *, #1811, .F. ) ;
#5595 = CIRCLE ( 'NONE', #3164, 0.9999999999999844569 ) ;
#5596 = CIRCLE ( 'NONE', #4536, 1.000000000000000888 ) ;
#5597 = CARTESIAN_POINT ( 'NONE',  ( -105.0865742338720707, 8.591120789383642986, 289.6544379066506849 ) ) ;
#5598 = AXIS2_PLACEMENT_3D ( 'NONE', #4546, #3576, #365 ) ;
#5599 = CARTESIAN_POINT ( 'NONE',  ( -9.054684967973082976, 6.085615533651846043, 11.49999999999962164 ) ) ;
#5600 =( BOUNDED_SURFACE ( )  B_SPLINE_SURFACE ( 3, 3, ( 
 ( #1348, #437, #1407, #5597, #2280, #5205 ),
 ( #2396, #5077, #3804, #4588, #4141, #6009 ),
 ( #1465, #5113, #2760, #3312, #2336, #1840 ),
 ( #464, #3682, #4678, #70, #3340, #4615 ) ),
 .UNSPECIFIED., .F., .F., .F. ) 
 B_SPLINE_SURFACE_WITH_KNOTS ( ( 4, 4 ),
 ( 4, 2, 4 ),
 ( 0.0000000000000000000, 1.000000000000000000 ),
 ( 0.0000000000000000000, 0.1016369166048252115, 1.000000000000000000 ),
 .UNSPECIFIED. ) 
 GEOMETRIC_REPRESENTATION_ITEM ( )  RATIONAL_B_SPLINE_SURFACE ( (
 ( 1.000000000000000000, 1.000000000000000000, 1.000000000000000000, 1.000000000000000000, 1.000000000000000000, 1.000000000000000000),
 ( 0.8047378541243632721, 0.8047378541243632721, 0.8047378541243632721, 0.8047378541243632721, 0.8047378541243632721, 0.8047378541243632721),
 ( 0.8047378541243632721, 0.8047378541243632721, 0.8047378541243632721, 0.8047378541243632721, 0.8047378541243632721, 0.8047378541243632721),
 ( 1.000000000000000000, 1.000000000000000000, 1.000000000000000000, 1.000000000000000000, 1.000000000000000000, 1.000000000000000000) ) ) 
 REPRESENTATION_ITEM ( '' )  SURFACE ( )  );
#5601 = CARTESIAN_POINT ( 'NONE',  ( -102.8422724552211491, 1.644585286374041333, 266.6544379066506281 ) ) ;
#5602 = EDGE_LOOP ( 'NONE', ( #2749, #3713, #5936, #1922 ) ) ;
#5603 = ORIENTED_EDGE ( 'NONE', *, *, #1088, .F. ) ;
#5604 = EDGE_CURVE ( 'NONE', #231, #5212, #857, .T. ) ;
#5605 = CARTESIAN_POINT ( 'NONE',  ( -113.6644701333617888, 4.972422735670594562, 279.1544379066506849 ) ) ;
#5606 = CARTESIAN_POINT ( 'NONE',  ( -105.1557710122326910, 4.562071880578296046, 278.7076215847764615 ) ) ;
#5607 = ORIENTED_EDGE ( 'NONE', *, *, #3575, .T. ) ;
#5608 = CARTESIAN_POINT ( 'NONE',  ( -106.1197445713587513, 4.608561637179935389, 279.1544379066506849 ) ) ;
#5609 = DIRECTION ( 'NONE',  ( 9.785066557478442180E-14, -4.814769775946861048E-13, -1.000000000000000000 ) ) ;
#5610 = DIRECTION ( 'NONE',  ( 0.0000000000000000000, 0.0000000000000000000, -1.000000000000000000 ) ) ;
#5611 = DIRECTION ( 'NONE',  ( -0.01271524779707100539, -0.9999191579690125398, 0.0000000000000000000 ) ) ;
#5612 = CARTESIAN_POINT ( 'NONE',  ( -114.5962891571859927, 6.533285856655895785, 283.4999251765531199 ) ) ;
#5613 = EDGE_LOOP ( 'NONE', ( #2815, #4620, #4412, #763 ) ) ;
#5614 = EDGE_CURVE ( 'NONE', #2457, #35, #5002, .T. ) ;
#5615 = FACE_OUTER_BOUND ( 'NONE', #699, .T. ) ;
#5616 = CARTESIAN_POINT ( 'NONE',  ( -39.54496814677460748, 1.770038402528579136, 267.7672020492665297 ) ) ;
#5617 = ADVANCED_FACE ( 'NONE', ( #4575 ), #3319, .F. ) ;
#5618 = DIRECTION ( 'NONE',  ( 4.960310595328045663E-15, -2.392219633754015712E-16, 1.000000000000000000 ) ) ;
#5619 = DATE_AND_TIME ( #3240, #3651 ) ;
#5620 = FACE_OUTER_BOUND ( 'NONE', #1330, .T. ) ;
#5621 = CARTESIAN_POINT ( 'NONE',  ( -9.011840717084510288, 6.911487112660045007, 312.2428298852092894 ) ) ;
#5622 = CARTESIAN_POINT ( 'NONE',  ( -41.21073265690924359, 1.795705645751186408, 266.6544379066507418 ) ) ;
#5623 =( BOUNDED_CURVE ( )  B_SPLINE_CURVE ( 3, ( #755, #1121, #2950, #5829 ),
 .UNSPECIFIED., .F., .F. ) 
 B_SPLINE_CURVE_WITH_KNOTS ( ( 4, 4 ),
 ( 4.855066256549454451, 5.470762722814009216 ),
 .UNSPECIFIED. ) 
 CURVE ( )  GEOMETRIC_REPRESENTATION_ITEM ( )  RATIONAL_B_SPLINE_CURVE ( ( 1.000000000000000000, 0.9686585198309929368, 0.9686585198309929368, 1.000000000000000000 ) ) 
 REPRESENTATION_ITEM ( '' )  );
#5624 = CARTESIAN_POINT ( 'NONE',  ( -102.6056729259608886, 6.966045075210983484, 314.4936305200369020 ) ) ;
#5625 = CARTESIAN_POINT ( 'NONE',  ( -114.7003016445209767, 4.331641797652861392, 277.3854433109596584 ) ) ;
#5626 = ORIENTED_EDGE ( 'NONE', *, *, #3603, .T. ) ;
#5627 = DIRECTION ( 'NONE',  ( 0.9994584038019942440, -0.03290743182884547230, 0.0000000000000000000 ) ) ;
#5628 = CARTESIAN_POINT ( 'NONE',  ( -11.60901814786467945, 5.999134316529890043, 9.195413814747853465 ) ) ;
#5629 = EDGE_CURVE ( 'NONE', #1480, #4756, #431, .T. ) ;
#5630 = ORIENTED_EDGE ( 'NONE', *, *, #4225, .T. ) ;
#5631 = CARTESIAN_POINT ( 'NONE',  ( -11.49203277866662987, 7.418627449564008103, 314.7489999999996257 ) ) ;
#5632 = AXIS2_PLACEMENT_3D ( 'NONE', #631, #2595, #694 ) ;
#5633 = CARTESIAN_POINT ( 'NONE',  ( -8.913523179315564704, 8.949113843761690390, 11.49999999999962164 ) ) ;
#5634 = CARTESIAN_POINT ( 'NONE',  ( -113.6268443229245833, 5.958165564669822167, 276.5112744036443360 ) ) ;
#5635 = ORIENTED_EDGE ( 'NONE', *, *, #2225, .F. ) ;
#5636 = ORIENTED_EDGE ( 'NONE', *, *, #2446, .F. ) ;
#5637 = B_SPLINE_CURVE_WITH_KNOTS ( 'NONE', 3,
 ( #2468, #3884, #1180, #4333 ),
 .UNSPECIFIED., .F., .F.,
 ( 4, 4 ),
 ( 0.7962031240562973400, 0.9240077912028021867 ),
 .UNSPECIFIED. ) ;
#5638 = CARTESIAN_POINT ( 'NONE',  ( -114.7120313748054485, 4.008506407753950285, 279.1544379066506849 ) ) ;
#5639 = MANIFOLD_SOLID_BREP ( 'Fillet10', #1403 ) ;
#5640 = CARTESIAN_POINT ( 'NONE',  ( -105.1192829999963010, 6.304987279925768462, 274.6972638151212323 ) ) ;
#5641 = ORIENTED_EDGE ( 'NONE', *, *, #5389, .T. ) ;
#5642 = CARTESIAN_POINT ( 'NONE',  ( -105.1498361873412790, 4.806279571266533601, 282.4314135251321431 ) ) ;
#5643 = ADVANCED_FACE ( 'NONE', ( #5215 ), #1519, .T. ) ;
#5644 = CARTESIAN_POINT ( 'NONE',  ( -112.0422163041145183, 12.90348400570854004, 0.5265013305549922640 ) ) ;
#5645 = LINE ( 'NONE', #3356, #3738 ) ;
#5646 = CARTESIAN_POINT ( 'NONE',  ( -114.5795397984513215, 6.822031095864582007, 283.6524195091513434 ) ) ;
#5647 = VERTEX_POINT ( 'NONE', #2343 ) ;
#5648 = FACE_OUTER_BOUND ( 'NONE', #5946, .T. ) ;
#5649 = CARTESIAN_POINT ( 'NONE',  ( -40.36285792654143734, 2.785352582073999272, 265.8075827395978195 ) ) ;
#5650 = CARTESIAN_POINT ( 'NONE',  ( -9.054684967972097098, 6.085615533651798970, 312.2489999999995121 ) ) ;
#5651 = CARTESIAN_POINT ( 'NONE',  ( -9.134506838026778652, 2.388244256645846164, 11.49999999999962164 ) ) ;
#5652 = ADVANCED_FACE ( 'NONE', ( #959 ), #5149, .F. ) ;
#5653 = CARTESIAN_POINT ( 'NONE',  ( -13.41361940698015687, 2.567661124188949984, 311.0319395062001036 ) ) ;
#5654 = FACE_OUTER_BOUND ( 'NONE', #1673, .T. ) ;
#5655 = ADVANCED_FACE ( 'NONE', ( #4235 ), #48, .F. ) ;
#5656 = CARTESIAN_POINT ( 'NONE',  ( -105.2126599787828525, 8.610404793811095914, 314.7489999999995689 ) ) ;
#5657 = CARTESIAN_POINT ( 'NONE',  ( -114.5421163807679363, 7.423837497396172935, 274.4097137054399127 ) ) ;
#5658 = ORIENTED_EDGE ( 'NONE', *, *, #1883, .F. ) ;
#5659 = CC_DESIGN_PERSON_AND_ORGANIZATION_ASSIGNMENT ( #1261, #4015, ( #5684 ) ) ;
#5660 = EDGE_CURVE ( 'NONE', #1864, #1509, #3047, .T. ) ;
#5661 = CARTESIAN_POINT ( 'NONE',  ( -102.8809773829277248, 4.311666196930286077, 292.6544379066507418 ) ) ;
#5662 = DIRECTION ( 'NONE',  ( 0.8650200284677291851, -0.04171750651340223881, 0.4999999999999931721 ) ) ;
#5663 = ORIENTED_EDGE ( 'NONE', *, *, #667, .F. ) ;
#5664 = DIRECTION ( 'NONE',  ( 1.000000000000000000, 0.0000000000000000000, 0.0000000000000000000 ) ) ;
#5665 = CARTESIAN_POINT ( 'NONE',  ( -105.2103562079593644, 8.711365713970430136, 11.49999999999978861 ) ) ;
#5666 = ORIENTED_EDGE ( 'NONE', *, *, #3611, .T. ) ;
#5667 = VERTEX_POINT ( 'NONE', #2170 ) ;
#5668 = CARTESIAN_POINT ( 'NONE',  ( -114.6704504558961872, 5.153949710672538487, 278.1237201888117738 ) ) ;
#5669 = CARTESIAN_POINT ( 'NONE',  ( 130.7627748239688685, 3.995356370322071804, 247.1216644978270836 ) ) ;
#5670 = EDGE_LOOP ( 'NONE', ( #1607, #4754, #3778, #6049 ) ) ;
#5671 = CARTESIAN_POINT ( 'NONE',  ( -105.1851464518888974, 1.650855100531273489, 268.3913253660105624 ) ) ;
#5672 = DIRECTION ( 'NONE',  ( -1.377684915902153477E-14, 0.0000000000000000000, -1.000000000000000000 ) ) ;
#5673 = CARTESIAN_POINT ( 'NONE',  ( -102.2394534161744417, 5.522401141232188948, 10.02446186838729147 ) ) ;
#5674 = CARTESIAN_POINT ( 'NONE',  ( -112.7443953984602842, 0.03914218535864578963, 3.359282749405292368 ) ) ;
#5675 = CARTESIAN_POINT ( 'NONE',  ( -114.7026544298924335, 4.270293308555499046, 280.7779139472681891 ) ) ;
#5676 = ORIENTED_EDGE ( 'NONE', *, *, #258, .T. ) ;
#5677 = CARTESIAN_POINT ( 'NONE',  ( -39.09758418044155803, 10.05251277932856269, 267.4828650313968410 ) ) ;
#5678 = PLANE ( 'NONE',  #5310 ) ;
#5679 = CARTESIAN_POINT ( 'NONE',  ( -10.14629310936270201, 4.262327231713174847, 9.000000000004536815 ) ) ;
#5680 = CARTESIAN_POINT ( 'NONE',  ( -38.34216575632032686, 1.759576054550197277, 289.6544379066506849 ) ) ;
#5681 = CARTESIAN_POINT ( 'NONE',  ( -40.45564849952122444, 1.784085711682509290, 266.8568085120158457 ) ) ;
#5682 = CARTESIAN_POINT ( 'NONE',  ( -104.2270617866906548, 5.547676117467152501, 311.7367690658056745 ) ) ;
#5683 = EDGE_CURVE ( 'NONE', #1329, #3339, #5623, .T. ) ;
#5684 = PRODUCT_DEFINITION_FORMATION_WITH_SPECIFIED_SOURCE ( 'ANY', '', #580, .NOT_KNOWN. ) ;
#5685 = CARTESIAN_POINT ( 'NONE',  ( -2.000000000000014211, 0.0000000000000000000, 323.7500000000000000 ) ) ;
#5686 = EDGE_LOOP ( 'NONE', ( #2279, #101, #3307 ) ) ;
#5687 = CIRCLE ( 'NONE', #4417, 110.7820467919759295 ) ;
#5688 = CARTESIAN_POINT ( 'NONE',  ( -104.8151827847867992, 6.584335650977090282, 291.1373201735025873 ) ) ;
#5689 = VECTOR ( 'NONE', #675, 1000.000000000000000 ) ;
#5690 = CARTESIAN_POINT ( 'NONE',  ( -13.08233881945880128, 2.501375827712696509, 13.02643360680882267 ) ) ;
#5691 = ORIENTED_EDGE ( 'NONE', *, *, #2754, .F. ) ;
#5692 = CARTESIAN_POINT ( 'NONE',  ( -105.3267298346456613, 3.611451094724708710, 11.49999999999978861 ) ) ;
#5693 = VECTOR ( 'NONE', #5456, 1000.000000000000000 ) ;
#5694 = ADVANCED_FACE ( 'NONE', ( #1082 ), #3905, .F. ) ;
#5695 = CIRCLE ( 'NONE', #1707, 1.000000000000000000 ) ;
#5696 = FACE_OUTER_BOUND ( 'NONE', #5778, .T. ) ;
#5697 = AXIS2_PLACEMENT_3D ( 'NONE', #443, #1769, #5967 ) ;
#5698 = VECTOR ( 'NONE', #1775, 1000.000000000000000 ) ;
#5699 = ORIENTED_EDGE ( 'NONE', *, *, #3595, .T. ) ;
#5700 = ORIENTED_EDGE ( 'NONE', *, *, #772, .T. ) ;
#5701 = CARTESIAN_POINT ( 'NONE',  ( -114.4774420700919819, 8.382951346690393990, 274.1544379095171848 ) ) ;
#5702 = CARTESIAN_POINT ( 'NONE',  ( -106.1132037844738534, 5.580161367374656400, 276.5328574114455478 ) ) ;
#5703 = ORIENTED_EDGE ( 'NONE', *, *, #5280, .F. ) ;
#5704 = CARTESIAN_POINT ( 'NONE',  ( -11.49642254948570930, 7.263749886283586754, 9.002400623575754324 ) ) ;
#5705 = CIRCLE ( 'NONE', #5921, 1.000000000000007994 ) ;
#5706 = FACE_OUTER_BOUND ( 'NONE', #273, .T. ) ;
#5707 = DIRECTION ( 'NONE',  ( -0.0000000000000000000, -0.0000000000000000000, -1.000000000000000000 ) ) ;
#5708 = CARTESIAN_POINT ( 'NONE',  ( -104.0003120844289981, 13.84672800706191786, 266.6544379066506281 ) ) ;
#5709 = EDGE_LOOP ( 'NONE', ( #4356, #2622, #1972, #3083 ) ) ;
#5710 = CARTESIAN_POINT ( 'NONE',  ( -1.511831567794631237, 0.04493414390449927687, 318.3599004546179003 ) ) ;
#5711 = EDGE_CURVE ( 'NONE', #305, #1907, #3732, .T. ) ;
#5712 = ORIENTED_EDGE ( 'NONE', *, *, #5850, .F. ) ;
#5713 = CARTESIAN_POINT ( 'NONE',  ( -103.9940161437068156, 13.04725450259230612, 314.7489999999998531 ) ) ;
#5714 = CARTESIAN_POINT ( 'NONE',  ( -40.68549413558918815, 2.789455313095156708, 266.7581821567890188 ) ) ;
#5715 = CARTESIAN_POINT ( 'NONE',  ( -8.913523179314580602, 8.949113843761638876, 312.2489999999995121 ) ) ;
#5716 = B_SPLINE_SURFACE_WITH_KNOTS ( 'NONE', 1, 3, ( 
 ( #139, #585, #4802, #2553, #4770, #1508 ),
 ( #2984, #4407, #622, #3901, #2426, #1971 ) ),
 .UNSPECIFIED., .F., .F., .F.,
 ( 2, 2 ),
 ( 4, 2, 4 ),
 ( 0.0000000000000000000, 1.000000000000000000 ),
 ( 0.0000000000000000000, 0.1515543800034849509, 1.000000000000000000 ),
 .UNSPECIFIED. ) ;
#5717 = DIRECTION ( 'NONE',  ( 3.965082230804116415E-15, -1.652117596168381839E-16, 1.000000000000000000 ) ) ;
#5718 = CARTESIAN_POINT ( 'NONE',  ( -7.757078889733634242, 0.3036473047979250661, 2.217213313749986536 ) ) ;
#5719 = CARTESIAN_POINT ( 'NONE',  ( -104.8735753543059133, 13.00769105333517572, 268.6544379066506281 ) ) ;
#5720 =( BOUNDED_CURVE ( )  B_SPLINE_CURVE ( 3, ( #5837, #2052, #3025, #4367 ),
 .UNSPECIFIED., .F., .T. ) 
 B_SPLINE_CURVE_WITH_KNOTS ( ( 4, 4 ),
 ( -1.776356839400250465E-15, 1.570796326794896780 ),
 .UNSPECIFIED. ) 
 CURVE ( )  GEOMETRIC_REPRESENTATION_ITEM ( )  RATIONAL_B_SPLINE_CURVE ( ( 1.000000000000000000, 0.8047378541243644934, 0.8047378541243644934, 1.000000000000000000 ) ) 
 REPRESENTATION_ITEM ( '' )  );
#5721 = CARTESIAN_POINT ( 'NONE',  ( -104.3801718860701016, 5.633234502396271992, 313.8787237493178850 ) ) ;
#5722 = LINE ( 'NONE', #2977, #2466 ) ;
#5723 = ORIENTED_EDGE ( 'NONE', *, *, #3398, .F. ) ;
#5724 = B_SPLINE_CURVE_WITH_KNOTS ( 'NONE', 3,
 ( #2822, #928, #1563, #5143, #954, #43, #3896, #5758, #409, #2794, #8, #2337, #2489, #3739, #164, #3435 ),
 .UNSPECIFIED., .F., .F.,
 ( 4, 2, 2, 2, 2, 2, 2, 4 ),
 ( 0.0000000000000000000, 0.0008330952287651553160, 0.001666190457530310632, 0.002499285686295465731, 0.003332380915060621264, 0.004998571372590931462, 0.005831666601356069214, 0.006664761830121206966 ),
 .UNSPECIFIED. ) ;
#5725 = EDGE_CURVE ( 'NONE', #4685, #785, #840, .T. ) ;
#5726 = DIRECTION ( 'NONE',  ( -0.5004356563159415572, 0.0000000000000000000, -0.8657737313453398587 ) ) ;
#5727 = CARTESIAN_POINT ( 'NONE',  ( -12.81836019682733685, 3.070681194185352680, 11.53943036710875525 ) ) ;
#5728 = EDGE_LOOP ( 'NONE', ( #3543, #5543, #4351, #4179 ) ) ;
#5729 = DIRECTION ( 'NONE',  ( 1.000000000000000000, -0.0000000000000000000, 0.0000000000000000000 ) ) ;
#5730 = VECTOR ( 'NONE', #1749, 1000.000000000000227 ) ;
#5731 = EDGE_CURVE ( 'NONE', #3610, #1834, #5399, .T. ) ;
#5732 = DIRECTION ( 'NONE',  ( -1.000000000000000000, 0.0000000000000000000, 8.467505249662516110E-15 ) ) ;
#5733 = ADVANCED_FACE ( 'NONE', ( #299 ), #1672, .F. ) ;
#5734 = B_SPLINE_CURVE_WITH_KNOTS ( 'NONE', 3,
 ( #5465, #3608, #820, #1246, #1742, #2692, #2235, #5439, #4571, #1328, #4092, #1677, #1764, #5961, #4030, #4974, #3202, #3633, #2627, #5490 ),
 .UNSPECIFIED., .F., .F.,
 ( 4, 2, 2, 2, 2, 2, 2, 2, 2, 4 ),
 ( 0.0000000000000000000, 0.0003462847117089871887, 0.0006925694234179743773, 0.001385138846835954176, 0.002077708270253933974, 0.002770277693671913989, 0.003462847117089894004, 0.004155416540507874019, 0.004847985963925853167, 0.005540555387343834050 ),
 .UNSPECIFIED. ) ;
#5735 = ORIENTED_EDGE ( 'NONE', *, *, #3209, .F. ) ;
#5736 = ORIENTED_EDGE ( 'NONE', *, *, #1226, .F. ) ;
#5737 = CARTESIAN_POINT ( 'NONE',  ( -0.02578435356780683571, 2.012892176783918519, 3.476407687600977958 ) ) ;
#5738 = CARTESIAN_POINT ( 'NONE',  ( -106.0807419664349140, 7.603298061307246059, 275.2832326482224516 ) ) ;
#5739 = ORIENTED_EDGE ( 'NONE', *, *, #5711, .T. ) ;
#5740 = DIRECTION ( 'NONE',  ( -0.8662767110661316883, 0.0000000000000000000, -0.4995644701782201436 ) ) ;
#5741 = DIRECTION ( 'NONE',  ( -0.9988390925805179510, 0.04817122723086529612, -0.0000000000000000000 ) ) ;
#5742 = CARTESIAN_POINT ( 'NONE',  ( -112.7643120787221847, 0.0000000000000000000, 323.7500000000000000 ) ) ;
#5743 = CARTESIAN_POINT ( 'NONE',  ( -111.1656772940263096, 3.784188027934562104, 3.469446951953614189E-15 ) ) ;
#5744 = ORIENTED_EDGE ( 'NONE', *, *, #5932, .T. ) ;
#5745 = CARTESIAN_POINT ( 'NONE',  ( -106.1876412163659040, 0.0000000000000000000, 319.7500000000000000 ) ) ;
#5746 = ORIENTED_EDGE ( 'NONE', *, *, #1320, .F. ) ;
#5747 = CYLINDRICAL_SURFACE ( 'NONE', #1882, 1.000000000000000888 ) ;
#5748 = LINE ( 'NONE', #4245, #4051 ) ;
#5749 = CARTESIAN_POINT ( 'NONE',  ( 52.56741241248697349, 3.995356370322071804, 292.3202494080496763 ) ) ;
#5750 = FACE_BOUND ( 'NONE', #4744, .T. ) ;
#5751 = EDGE_CURVE ( 'NONE', #3570, #2288, #4317, .T. ) ;
#5752 = CARTESIAN_POINT ( 'NONE',  ( -112.6566621800097465, 2.108091708416361065, 323.3311627999196958 ) ) ;
#5753 = CARTESIAN_POINT ( 'NONE',  ( -104.4012994793000217, 4.948117236876946379, 291.2172802926356212 ) ) ;
#5754 = CARTESIAN_POINT ( 'NONE',  ( -41.08031892646965133, 1.583478236168867070, 266.6544379066506849 ) ) ;
#5755 = CARTESIAN_POINT ( 'NONE',  ( -40.82151087399135037, 0.5839225211635366009, 291.6011280339562859 ) ) ;
#5756 = LINE ( 'NONE', #5259, #26 ) ;
#5757 = VERTEX_POINT ( 'NONE', #3477 ) ;
#5758 = CARTESIAN_POINT ( 'NONE',  ( -113.8622855070324107, 2.480275820571284040, 1.467085940678160449 ) ) ;
#5759 = CARTESIAN_POINT ( 'NONE',  ( -111.2820767316330546, 2.893323387087209486, 0.1494886371941950287 ) ) ;
#5760 =( BOUNDED_SURFACE ( )  B_SPLINE_SURFACE ( 3, 2, ( 
 ( #1867, #1906, #3196 ),
 ( #2731, #5140, #406 ),
 ( #5055, #4610, #2334 ),
 ( #4162, #870, #5628 ),
 ( #462, #5171, #2278 ),
 ( #4707, #1836, #522 ),
 ( #3704, #2394, #5560 ),
 ( #1367, #3247, #4256 ),
 ( #4644, #1013, #4283 ),
 ( #1534, #4957, #5235 ),
 ( #4009, #4925, #4796 ),
 ( #2125, #1688, #5727 ),
 ( #4464, #5874, #4313 ),
 ( #96, #5690, #2882 ),
 ( #741, #3981, #2907 ),
 ( #1075, #773, #1230 ) ),
 .UNSPECIFIED., .F., .F., .F. ) 
 B_SPLINE_SURFACE_WITH_KNOTS ( ( 4, 2, 2, 2, 2, 2, 2, 4 ),
 ( 3, 3 ),
 ( 3.172581785235189855, 3.365057684628877332, 3.557533584022564810, 3.750009483416252287, 3.942485382809939765, 4.134961282203627242, 4.327437181597314719, 4.712388980384689674 ),
 ( 0.0000000000000000000, 1.000000000000000000 ),
 .UNSPECIFIED. ) 
 GEOMETRIC_REPRESENTATION_ITEM ( )  RATIONAL_B_SPLINE_SURFACE ( (
 ( 1.000000000000000000, 0.7074461177046054150, 1.000000000000000000),
 ( 1.000000000000000000, 0.7088198047430633864, 1.000000000000000000),
 ( 1.000000000000000000, 0.7146904362205735994, 1.000000000000000000),
 ( 1.000000000000000000, 0.7338335800435414891, 1.000000000000000000),
 ( 1.000000000000000000, 0.7470991864447953379, 1.000000000000000000),
 ( 1.000000000000000000, 0.7781922998882553344, 1.000000000000000000),
 ( 1.000000000000000000, 0.7959875963184939174, 1.000000000000000000),
 ( 1.000000000000000000, 0.8329330503416694231, 1.000000000000000000),
 ( 1.000000000000000000, 0.8520688501907489609, 1.000000000000000000),
 ( 1.000000000000000000, 0.8889033414129219324, 1.000000000000000000),
 ( 1.000000000000000000, 0.9065988849333266320, 1.000000000000000000),
 ( 1.000000000000000000, 0.9384081103303576477, 1.000000000000000000),
 ( 1.000000000000000000, 0.9525225598779980540, 1.000000000000000000),
 ( 1.000000000000000000, 0.9872636456856332954, 1.000000000000000000),
 ( 1.000000000000000000, 1.000146308573546028, 1.000000000000000000),
 ( 1.000000000000000000, 1.000000000000000000, 1.000000000000000000) ) ) 
 REPRESENTATION_ITEM ( '' )  SURFACE ( )  );
#5761 = ORIENTED_EDGE ( 'NONE', *, *, #2124, .F. ) ;
#5762 = CARTESIAN_POINT ( 'NONE',  ( -102.6992869183633701, 9.492436818150887134, 8.999999999999786837 ) ) ;
#5763 = EDGE_CURVE ( 'NONE', #2824, #3371, #4039, .T. ) ;
#5764 = CARTESIAN_POINT ( 'NONE',  ( -8.994473609821570292, 7.308181882542173824, 11.49999999999962164 ) ) ;
#5765 = EDGE_LOOP ( 'NONE', ( #3412, #618, #1569, #1118, #5347, #5047, #3204, #4621, #2175, #1472 ) ) ;
#5766 = EDGE_LOOP ( 'NONE', ( #5857, #1522, #3482, #5571 ) ) ;
#5767 = CARTESIAN_POINT ( 'NONE',  ( -114.7643120787221704, 2.000000000000000000, 323.7500000000000000 ) ) ;
#5768 = CARTESIAN_POINT ( 'NONE',  ( -124.1131745247824796, 5.476334644251299011, 283.1544379066507418 ) ) ;
#5769 = VERTEX_POINT ( 'NONE', #4358 ) ;
#5770 = EDGE_CURVE ( 'NONE', #985, #1029, #5401, .T. ) ;
#5771 = ADVANCED_FACE ( 'NONE', ( #659 ), #204, .F. ) ;
#5772 = CARTESIAN_POINT ( 'NONE',  ( -105.1071629945847263, 6.801985944489491231, 283.8336349518973520 ) ) ;
#5773 = FACE_OUTER_BOUND ( 'NONE', #5493, .T. ) ;
#5774 = CARTESIAN_POINT ( 'NONE',  ( -2.939419985849978545, 3.995356370322071804, 161.8754999999996755 ) ) ;
#5775 = CARTESIAN_POINT ( 'NONE',  ( -114.0434928689724075, 12.99999999999998224, 274.2866362501168851 ) ) ;
#5776 = ORIENTED_EDGE ( 'NONE', *, *, #3226, .F. ) ;
#5777 = CARTESIAN_POINT ( 'NONE',  ( -111.9659052213116155, 0.4498308621686703535, 321.7158401680529209 ) ) ;
#5778 = EDGE_LOOP ( 'NONE', ( #5641, #1875, #1089, #3044 ) ) ;
#5779 = CARTESIAN_POINT ( 'NONE',  ( -105.0901036452598163, 7.438862770079138542, 268.6544379066505712 ) ) ;
#5780 = DIRECTION ( 'NONE',  ( -8.467505249662494022E-15, 4.083641924809386335E-16, -1.000000000000000000 ) ) ;
#5781 = CARTESIAN_POINT ( 'NONE',  ( -103.4477609042187822, 0.6451770341417210064, 267.6804171947698023 ) ) ;
#5782 = DIRECTION ( 'NONE',  ( 0.0000000000000000000, -0.0000000000000000000, -1.000000000000000000 ) ) ;
#5783 = CARTESIAN_POINT ( 'NONE',  ( -111.9336115059844161, 1.626269677835780358, 322.9794520985652184 ) ) ;
#5784 = CARTESIAN_POINT ( 'NONE',  ( -103.6695338088715062, 4.920624170997209390, 291.6478718344828280 ) ) ;
#5785 = DIRECTION ( 'NONE',  ( 0.04817122723086528918, 0.9988390925805179510, -0.0000000000000000000 ) ) ;
#5786 = CARTESIAN_POINT ( 'NONE',  ( -113.1579502396594563, 0.03912035089981714259, 159.8547740578390233 ) ) ;
#5787 = CARTESIAN_POINT ( 'NONE',  ( -114.4512805025160134, 8.713931385400597307, 274.1544379066507418 ) ) ;
#5788 = ORIENTED_EDGE ( 'NONE', *, *, #5731, .F. ) ;
#5789 = CARTESIAN_POINT ( 'NONE',  ( -113.4510972914083879, 8.702488859114088982, 283.1544379066506849 ) ) ;
#5790 = CARTESIAN_POINT ( 'NONE',  ( 0.0000000000000000000, 2.000000000000014211, 4.000000000000003553 ) ) ;
#5791 = VERTEX_POINT ( 'NONE', #1175 ) ;
#5792 = DIRECTION ( 'NONE',  ( -1.000000000000000000, 0.0000000000000000000, 0.0000000000000000000 ) ) ;
#5793 = VECTOR ( 'NONE', #376, 1000.000000000000000 ) ;
#5794 = CC_DESIGN_APPROVAL ( #1965, ( #332 ) ) ;
#5795 = CARTESIAN_POINT ( 'NONE',  ( -7.357736403907433775, 0.0000000000000000000, 315.2499999999996021 ) ) ;
#5796 = ORIENTED_EDGE ( 'NONE', *, *, #685, .F. ) ;
#5797 = EDGE_LOOP ( 'NONE', ( #3634, #1976, #3581, #1421, #2198, #3439, #3841, #5809, #5345 ) ) ;
#5798 = VECTOR ( 'NONE', #2820, 1000.000000000000000 ) ;
#5799 = VECTOR ( 'NONE', #1605, 1000.000000000000114 ) ;
#5800 = CARTESIAN_POINT ( 'NONE',  ( -0.5286736085368117788, 2.264336804268405778, 1.995397296465282855 ) ) ;
#5801 = EDGE_LOOP ( 'NONE', ( #792, #1248, #5926, #2115 ) ) ;
#5802 = AXIS2_PLACEMENT_3D ( 'NONE', #4929, #2670, #2220 ) ;
#5803 = VECTOR ( 'NONE', #1405, 1000.000000000000000 ) ;
#5804 = CARTESIAN_POINT ( 'NONE',  ( -112.4772231598120555, 12.92446317467423533, 0.8160572616356459585 ) ) ;
#5805 = CARTESIAN_POINT ( 'NONE',  ( -104.8735753543008684, 13.00769105333517572, 267.4828650313967842 ) ) ;
#5806 = EDGE_CURVE ( 'NONE', #3870, #5521, #2163, .T. ) ;
#5807 = EDGE_LOOP ( 'NONE', ( #3320, #2322, #2262, #407 ) ) ;
#5808 = CARTESIAN_POINT ( 'NONE',  ( -104.9735017887116726, 14.13761165742181447, 11.49999999999995381 ) ) ;
#5809 = ORIENTED_EDGE ( 'NONE', *, *, #3488, .T. ) ;
#5810 = CYLINDRICAL_SURFACE ( 'NONE', #5198, 1.000000000000000888 ) ;
#5811 = CARTESIAN_POINT ( 'NONE',  ( -111.6656410625901827, 3.995356370322071804, 161.8755000000000166 ) ) ;
#5812 = DIRECTION ( 'NONE',  ( 0.0000000000000000000, 1.000000000000000000, 2.164934898019055254E-12 ) ) ;
#5813 = CARTESIAN_POINT ( 'NONE',  ( -83.36874858870622518, 3.995356370322071804, 370.8942456899567901 ) ) ;
#5814 = CARTESIAN_POINT ( 'NONE',  ( -114.8000988391973323, -5.421010862427522786E-17, 319.7499999999999432 ) ) ;
#5815 = CARTESIAN_POINT ( 'NONE',  ( -104.0691678221374019, 5.347806209183558757, 291.4787612055101249 ) ) ;
#5816 = EDGE_CURVE ( 'NONE', #5106, #2117, #3535, .T. ) ;
#5817 =( BOUNDED_SURFACE ( )  B_SPLINE_SURFACE ( 3, 2, ( 
 ( #4997, #850, #3113 ),
 ( #297, #266, #2714 ),
 ( #4543, #3534, #1708 ),
 ( #4479, #1268, #1207 ),
 ( #5398, #1737, #5057 ),
 ( #5928, #4110, #5034 ),
 ( #4509, #814, #3144 ),
 ( #4970, #2686, #384 ),
 ( #2230, #3199, #4088 ),
 ( #2258, #3572, #4567 ),
 ( #786, #5888, #5982 ),
 ( #5434, #1243, #3661 ) ),
 .UNSPECIFIED., .F., .F., .F. ) 
 B_SPLINE_SURFACE_WITH_KNOTS ( ( 4, 2, 2, 2, 2, 4 ),
 ( 3, 3 ),
 ( 0.0000000000000000000, 0.0003905413793411868263, 0.0005858120690117802395, 0.0007810827586823736526, 0.001171624138023560479, 0.001562165517364747305 ),
 ( 0.0000000000000000000, 1.000000000000000000 ),
 .UNSPECIFIED. ) 
 GEOMETRIC_REPRESENTATION_ITEM ( )  RATIONAL_B_SPLINE_SURFACE ( (
 ( 1.000000000000000000, 0.7056988538191807381, 1.000000000000000000),
 ( 1.000000000000000000, 0.7056986088237976462, 1.000000000000000000),
 ( 1.000000000000000000, 0.7057353144488122121, 1.000000000000000000),
 ( 1.000000000000000000, 0.7058409344617839754, 1.000000000000000000),
 ( 1.000000000000000000, 0.7058840311609428930, 1.000000000000000000),
 ( 1.000000000000000000, 0.7059858867390662596, 1.000000000000000000),
 ( 1.000000000000000000, 0.7060451929884238309, 1.000000000000000000),
 ( 1.000000000000000000, 0.7062396154896762868, 1.000000000000000000),
 ( 1.000000000000000000, 0.7063964550579627799, 1.000000000000000000),
 ( 1.000000000000000000, 0.7067352319907150848, 1.000000000000000000),
 ( 1.000000000000000000, 0.7069210015311714335, 1.000000000000000000),
 ( 1.000000000000000000, 0.7071067811865472397, 1.000000000000000000) ) ) 
 REPRESENTATION_ITEM ( '' )  SURFACE ( )  );
#5818 = EDGE_CURVE ( 'NONE', #231, #2051, #3506, .T. ) ;
#5819 = CARTESIAN_POINT ( 'NONE',  ( -40.34439131245559196, 0.5834558522129748015, 289.7859947077567995 ) ) ;
#5820 = DIRECTION ( 'NONE',  ( -0.9988390925805177289, 0.04817122723086567082, 0.0000000000000000000 ) ) ;
#5821 = CALENDAR_DATE ( 2021, 4, 8 ) ;
#5822 = CARTESIAN_POINT ( 'NONE',  ( -103.4859519342536345, 3.616191907624525026, 266.6745557009329559 ) ) ;
#5823 = CARTESIAN_POINT ( 'NONE',  ( -7.315416974860426969, 0.8775010008004011652, 322.2499999999986358 ) ) ;
#5824 = CARTESIAN_POINT ( 'NONE',  ( -102.5313991825814668, 12.97361934662675687, 8.999999999999786837 ) ) ;
#5825 = EDGE_CURVE ( 'NONE', #2117, #557, #3200, .T. ) ;
#5826 = CARTESIAN_POINT ( 'NONE',  ( -1.807315091079282121, 3.995356370322071804, 1.500999999999086398 ) ) ;
#5827 = ORIENTED_EDGE ( 'NONE', *, *, #3945, .F. ) ;
#5828 = VERTEX_POINT ( 'NONE', #2592 ) ;
#5829 = CARTESIAN_POINT ( 'NONE',  ( -3.269267886037739768, 0.8775010007999973771, 322.2499999999994884 ) ) ;
#5830 = ORIENTED_EDGE ( 'NONE', *, *, #422, .T. ) ;
#5831 = DIRECTION ( 'NONE',  ( -1.000000000000000000, 0.0000000000000000000, 0.0000000000000000000 ) ) ;
#5832 = DIRECTION ( 'NONE',  ( 0.04817122723086528918, 0.9988390925805179510, -0.0000000000000000000 ) ) ;
#5833 = FACE_OUTER_BOUND ( 'NONE', #1373, .T. ) ;
#5834 = ORIENTED_EDGE ( 'NONE', *, *, #4308, .F. ) ;
#5835 = DIRECTION ( 'NONE',  ( 0.0000000000000000000, 0.0000000000000000000, -1.000000000000000000 ) ) ;
#5836 = ORIENTED_EDGE ( 'NONE', *, *, #607, .F. ) ;
#5837 = CARTESIAN_POINT ( 'NONE',  ( -102.7128620838603155, 8.578616674318388036, 314.7489999999995689 ) ) ;
#5838 = DIRECTION ( 'NONE',  ( 0.9988390925805179510, -0.04817122723086529612, -6.859751088334151473E-15 ) ) ;
#5839 = CARTESIAN_POINT ( 'NONE',  ( -103.8007450978835067, 0.6455222867292823574, 267.8549018733890534 ) ) ;
#5840 = VECTOR ( 'NONE', #78, 1000.000000000000227 ) ;
#5841 = EDGE_CURVE ( 'NONE', #2726, #761, #433, .T. ) ;
#5842 = DIRECTION ( 'NONE',  ( 0.04817122723086528918, 0.9988390925805179510, -0.0000000000000000000 ) ) ;
#5843 = CARTESIAN_POINT ( 'NONE',  ( -114.3989828206212849, 2.216046634259783765, 321.4184128848842761 ) ) ;
#5844 = CARTESIAN_POINT ( 'NONE',  ( -104.7193708735062785, 5.708817720047584920, 290.8771088993522085 ) ) ;
#5845 = DIRECTION ( 'NONE',  ( 1.000000000000000000, 0.0000000000000000000, 0.0000000000000000000 ) ) ;
#5846 = LINE ( 'NONE', #3407, #4328 ) ;
#5847 = CARTESIAN_POINT ( 'NONE',  ( -39.40250458618830010, 0.5825345961482295554, 290.1796312745456703 ) ) ;
#5848 = CARTESIAN_POINT ( 'NONE',  ( -105.2127154621919232, 8.605880615324151606, 284.1544379066506849 ) ) ;
#5849 = DIRECTION ( 'NONE',  ( -0.8700220962572934313, 0.4930127300831745329, 0.0000000000000000000 ) ) ;
#5850 = EDGE_CURVE ( 'NONE', #2136, #2440, #2929, .T. ) ;
#5851 = CARTESIAN_POINT ( 'NONE',  ( -105.1820742197976983, 7.891406592825682687, 274.2103616569871747 ) ) ;
#5852 = CARTESIAN_POINT ( 'NONE',  ( -112.7643120787221704, 0.0000000000000000000, 159.6266827933874595 ) ) ;
#5853 = CARTESIAN_POINT ( 'NONE',  ( -106.1673247439359073, 10.03476751318155635, 275.1544379066506281 ) ) ;
#5854 = B_SPLINE_CURVE_WITH_KNOTS ( 'NONE', 3,
 ( #602, #1586, #3977, #2120 ),
 .UNSPECIFIED., .F., .F.,
 ( 4, 4 ),
 ( 0.1515543792581755256, 0.2471345332941505823 ),
 .UNSPECIFIED. ) ;
#5855 = EDGE_CURVE ( 'NONE', #4114, #4548, #977, .T. ) ;
#5856 = CARTESIAN_POINT ( 'NONE',  ( -114.7643120787221704, 2.000000000000000000, 4.000000000000003553 ) ) ;
#5857 = ORIENTED_EDGE ( 'NONE', *, *, #4647, .T. ) ;
#5858 = ORIENTED_EDGE ( 'NONE', *, *, #5073, .T. ) ;
#5859 = CARTESIAN_POINT ( 'NONE',  ( -7.357736403911824041, 0.0000000000000000000, 8.501000000000036749 ) ) ;
#5860 = CARTESIAN_POINT ( 'NONE',  ( -104.0196092889228936, 12.51657601338916947, 8.999999999994942712 ) ) ;
#5861 = ORIENTED_EDGE ( 'NONE', *, *, #4839, .F. ) ;
#5862 = LINE ( 'NONE', #5437, #3862 ) ;
#5863 = DIRECTION ( 'NONE',  ( -0.9988390925805179510, 0.04817122723086528918, 1.376085551261573984E-14 ) ) ;
#5864 = DIRECTION ( 'NONE',  ( -0.5004356563159242377, 0.0000000000000000000, 0.8657737313453499617 ) ) ;
#5865 = ORIENTED_EDGE ( 'NONE', *, *, #1809, .F. ) ;
#5866 = DIRECTION ( 'NONE',  ( -3.410689977343330463E-15, 4.337127444284187269E-17, -1.000000000000000000 ) ) ;
#5867 = VERTEX_POINT ( 'NONE', #1430 ) ;
#5868 = FACE_OUTER_BOUND ( 'NONE', #5441, .T. ) ;
#5869 = DIRECTION ( 'NONE',  ( -4.403279950663192628E-13, 2.166646399162705614E-12, -1.000000000000000000 ) ) ;
#5870 = CARTESIAN_POINT ( 'NONE',  ( -41.18749972322066100, 1.795758106035303614, 291.6544379066506849 ) ) ;
#5871 = CARTESIAN_POINT ( 'NONE',  ( -112.1053013884142189, 2.646679460455363841, 323.5454277960453737 ) ) ;
#5872 = CARTESIAN_POINT ( 'NONE',  ( -1.249127299187608564, 1.249127299187608564, 322.7515474598673109 ) ) ;
#5873 = LINE ( 'NONE', #4861, #906 ) ;
#5874 = CARTESIAN_POINT ( 'NONE',  ( -12.36603815672574314, 2.685457848373631329, 12.31253149978792116 ) ) ;
#5875 = ORIENTED_EDGE ( 'NONE', *, *, #1837, .F. ) ;
#5876 = CARTESIAN_POINT ( 'NONE',  ( -112.0466968249372286, 12.90370008874760899, 323.2210466006995944 ) ) ;
#5877 = DIRECTION ( 'NONE',  ( -0.0000000000000000000, -0.0000000000000000000, -1.000000000000000000 ) ) ;
#5878 = DIRECTION ( 'NONE',  ( 1.000000000000000000, -0.0000000000000000000, 0.0000000000000000000 ) ) ;
#5879 = CARTESIAN_POINT ( 'NONE',  ( -2.000000000000014211, 0.0000000000000000000, 159.7570809800924962 ) ) ;
#5880 = CARTESIAN_POINT ( 'NONE',  ( -39.59620185450307872, 1.578068431760944801, 290.6618970584495401 ) ) ;
#5881 = EDGE_CURVE ( 'NONE', #5121, #4167, #2203, .T. ) ;
#5882 = LINE ( 'NONE', #4992, #2383 ) ;
#5883 = CARTESIAN_POINT ( 'NONE',  ( -1.807315091079282121, 3.995356370322071804, 1.500999999999641510 ) ) ;
#5884 = CARTESIAN_POINT ( 'NONE',  ( -40.37037163683004337, 0.5834812634760757621, 268.3928052987291721 ) ) ;
#5885 = ORIENTED_EDGE ( 'NONE', *, *, #208, .F. ) ;
#5886 = ORIENTED_EDGE ( 'NONE', *, *, #2114, .F. ) ;
#5887 = EDGE_CURVE ( 'NONE', #2457, #4387, #3768, .T. ) ;
#5888 = CARTESIAN_POINT ( 'NONE',  ( -103.4493047644141512, 0.6451785441863677750, 291.6549634608117003 ) ) ;
#5889 = CARTESIAN_POINT ( 'NONE',  ( -105.0539410358660177, 12.56645895246726496, 10.03553390592868411 ) ) ;
#5890 = VECTOR ( 'NONE', #5978, 1000.000000000000227 ) ;
#5891 = ORIENTED_EDGE ( 'NONE', *, *, #50, .F. ) ;
#5892 = VECTOR ( 'NONE', #4891, 1000.000000000000000 ) ;
#5893 = CARTESIAN_POINT ( 'NONE',  ( -1.999999999999999556, 1.999999999999999556, 4.000000000000003553 ) ) ;
#5894 = DIRECTION ( 'NONE',  ( 4.960310595328045663E-15, -2.392219633754015712E-16, 1.000000000000000000 ) ) ;
#5895 = DIRECTION ( 'NONE',  ( -0.8650200284677299623, 0.04171750651340227350, -0.4999999999999918399 ) ) ;
#5896 = VECTOR ( 'NONE', #3720, 1000.000000000000000 ) ;
#5897 = AXIS2_PLACEMENT_3D ( 'NONE', #2006, #1145, #2105 ) ;
#5898 = ORIENTED_EDGE ( 'NONE', *, *, #1461, .F. ) ;
#5899 = CARTESIAN_POINT ( 'NONE',  ( 58.63310904902472487, 3.995356370322071804, 288.8141475624760233 ) ) ;
#5900 = VERTEX_POINT ( 'NONE', #1902 ) ;
#5901 = VECTOR ( 'NONE', #1161, 1000.000000000000000 ) ;
#5902 = CARTESIAN_POINT ( 'NONE',  ( -38.48258938863070000, 2.761442568755370530, 290.6209080305928865 ) ) ;
#5903 = PLANE ( 'NONE',  #239 ) ;
#5904 = CARTESIAN_POINT ( 'NONE',  ( 0.0000000000000000000, 7.500000000000000000, 4.000000000000003553 ) ) ;
#5905 = AXIS2_PLACEMENT_3D ( 'NONE', #4182, #866, #1340 ) ;
#5906 = VECTOR ( 'NONE', #2245, 1000.000000000000114 ) ;
#5907 = CARTESIAN_POINT ( 'NONE',  ( -113.5092331866929101, 3.995356370322071804, 318.7499999999960778 ) ) ;
#5908 = DIRECTION ( 'NONE',  ( -1.000000000000000000, 0.0000000000000000000, 0.0000000000000000000 ) ) ;
#5909 = FACE_OUTER_BOUND ( 'NONE', #2796, .T. ) ;
#5910 = EDGE_CURVE ( 'NONE', #2717, #731, #4159, .T. ) ;
#5911 = CARTESIAN_POINT ( 'NONE',  ( -1.637909052153831535, 3.995356370322071804, 163.8962259421622321 ) ) ;
#5912 = DIRECTION ( 'NONE',  ( 1.000000000000000000, 0.0000000000000000000, -4.960310595328045663E-15 ) ) ;
#5913 = VERTEX_POINT ( 'NONE', #3306 ) ;
#5914 = VECTOR ( 'NONE', #3373, 1000.000000000000000 ) ;
#5915 = CARTESIAN_POINT ( 'NONE',  ( -106.0928674035637727, 7.351874933423689029, 283.9934444796778621 ) ) ;
#5916 = AXIS2_PLACEMENT_3D ( 'NONE', #445, #532, #961 ) ;
#5917 = COORDINATED_UNIVERSAL_TIME_OFFSET ( 0, 0, .AHEAD. ) ;
#5918 = B_SPLINE_CURVE_WITH_KNOTS ( 'NONE', 3,
 ( #766, #3455, #5781, #3057, #5839, #4857, #734, #2604 ),
 .UNSPECIFIED., .F., .F.,
 ( 4, 2, 2, 4 ),
 ( 0.0000000000000000000, 0.0003905413816545873825, 0.0007810827633091747650, 0.001562165526618320040 ),
 .UNSPECIFIED. ) ;
#5919 = CARTESIAN_POINT ( 'NONE',  ( -104.8411718682638849, 6.066959858236121939, 267.6026237232940730 ) ) ;
#5920 = EDGE_CURVE ( 'NONE', #3261, #2237, #460, .T. ) ;
#5921 = AXIS2_PLACEMENT_3D ( 'NONE', #4943, #3632, #1675 ) ;
#5922 = CARTESIAN_POINT ( 'NONE',  ( -106.2135986536494698, 8.268267974133571840, 283.1544379066506849 ) ) ;
#5923 = LINE ( 'NONE', #3107, #3937 ) ;
#5924 = EDGE_CURVE ( 'NONE', #4592, #4455, #1296, .T. ) ;
#5925 = CARTESIAN_POINT ( 'NONE',  ( -40.34439129794159840, 0.5834558521987919244, 268.5223827039180264 ) ) ;
#5926 = ORIENTED_EDGE ( 'NONE', *, *, #2635, .F. ) ;
#5927 = ORIENTED_EDGE ( 'NONE', *, *, #3611, .F. ) ;
#5928 = CARTESIAN_POINT ( 'NONE',  ( -103.9817760035980285, 0.6456993524159300168, 290.2637173077313264 ) ) ;
#5929 =( BOUNDED_SURFACE ( )  B_SPLINE_SURFACE ( 3, 2, ( 
 ( #4599, #373, #2701 ),
 ( #5068, #862, #5012 ),
 ( #3156, #1256, #4555 ),
 ( #4984, #1687, #799 ),
 ( #3098, #2638, #2665 ),
 ( #397, #5419, #2747 ),
 ( #1804, #3127, #4522 ),
 ( #348, #2244, #4101 ),
 ( #2216, #3672, #421 ),
 ( #770, #2724, #5971 ),
 ( #4075, #2296, #1773 ),
 ( #4579, #4042, #1724 ),
 ( #5944, #3642, #1751 ),
 ( #3617, #5474, #4956 ),
 ( #1281, #2269, #4122 ),
 ( #4152, #5501, #5528 ) ),
 .UNSPECIFIED., .F., .F., .F. ) 
 B_SPLINE_SURFACE_WITH_KNOTS ( ( 4, 2, 2, 2, 2, 2, 2, 4 ),
 ( 3, 3 ),
 ( 0.0000000000000000000, 0.0005858139101741241354, 0.001171627820348248271, 0.001757441730522372406, 0.002343255640696496542, 0.002929069550870620677, 0.003514883461044744813, 0.004686511281392993084 ),
 ( 0.0000000000000000000, 1.000000000000000000 ),
 .UNSPECIFIED. ) 
 GEOMETRIC_REPRESENTATION_ITEM ( )  RATIONAL_B_SPLINE_SURFACE ( (
 ( 1.000000000000000000, 0.7051997065743353943, 1.000000000000000000),
 ( 1.000000000000000000, 0.7051997508089664635, 1.000000000000000000),
 ( 1.000000000000000000, 0.7052122760042583982, 1.000000000000000000),
 ( 1.000000000000000000, 0.7052614764369552480, 1.000000000000000000),
 ( 1.000000000000000000, 0.7052987022265296835, 1.000000000000000000),
 ( 1.000000000000000000, 0.7053957394625322008, 1.000000000000000000),
 ( 1.000000000000000000, 0.7054550600656126491, 1.000000000000000000),
 ( 1.000000000000000000, 0.7055948997753251906, 1.000000000000000000),
 ( 1.000000000000000000, 0.7056761632192073419, 1.000000000000000000),
 ( 1.000000000000000000, 0.7058532096074808804, 1.000000000000000000),
 ( 1.000000000000000000, 0.7059496005206251645, 1.000000000000000000),
 ( 1.000000000000000000, 0.7061582439082672025, 1.000000000000000000),
 ( 1.000000000000000000, 0.7062690724784437268, 1.000000000000000000),
 ( 1.000000000000000000, 0.7066115795196589167, 1.000000000000000000),
 ( 1.000000000000000000, 0.7068602562704685566, 1.000000000000000000),
 ( 1.000000000000000000, 0.7071067811865475727, 1.000000000000000000) ) ) 
 REPRESENTATION_ITEM ( '' )  SURFACE ( )  );
#5930 = CARTESIAN_POINT ( 'NONE',  ( -39.44553109601236685, 1.577517453262831992, 268.0101277096374019 ) ) ;
#5931 = ORIENTED_EDGE ( 'NONE', *, *, #1173, .F. ) ;
#5932 = EDGE_CURVE ( 'NONE', #3610, #2905, #3793, .T. ) ;
#5933 = LINE ( 'NONE', #1298, #1507 ) ;
#5934 = EDGE_CURVE ( 'NONE', #3681, #3570, #5160, .T. ) ;
#5935 = CARTESIAN_POINT ( 'NONE',  ( 68.96975048290812538, 0.0000000000000000000, 200.6839180354723169 ) ) ;
#5936 = ORIENTED_EDGE ( 'NONE', *, *, #3868, .F. ) ;
#5937 = ORIENTED_EDGE ( 'NONE', *, *, #5025, .T. ) ;
#5938 = CARTESIAN_POINT ( 'NONE',  ( -103.2378878218788856, 4.557280904038287339, 266.5870899816074484 ) ) ;
#5939 = CARTESIAN_POINT ( 'NONE',  ( -41.11206721418189858, 9.818827606159260313, 291.6544379066506849 ) ) ;
#5940 = DIRECTION ( 'NONE',  ( -0.5004356563159256810, 0.0000000000000000000, 0.8657737313453491845 ) ) ;
#5941 = EDGE_CURVE ( 'NONE', #4444, #731, #4605, .T. ) ;
#5942 = CARTESIAN_POINT ( 'NONE',  ( -114.7639975833967867, 2.035466637765298792, 320.0307605722426274 ) ) ;
#5943 = CARTESIAN_POINT ( 'NONE',  ( -105.1887541507580295, 7.955557500238033874, 11.51611522051838499 ) ) ;
#5944 = CARTESIAN_POINT ( 'NONE',  ( -40.45481709429746076, 1.784072899605838813, 291.4515960760385269 ) ) ;
#5945 = CARTESIAN_POINT ( 'NONE',  ( -11.47291194814270554, 7.841442871684093596, 314.7489999999996826 ) ) ;
#5946 = EDGE_LOOP ( 'NONE', ( #3120, #5658, #752, #1828 ) ) ;
#5947 = CARTESIAN_POINT ( 'NONE',  ( -1.665838519981204913, 0.01790296779399022653, 319.4042823951714354 ) ) ;
#5948 = CARTESIAN_POINT ( 'NONE',  ( 0.6996255503925133956, 0.0000000000000000000, 322.1895589341586401 ) ) ;
#5949 =( NAMED_UNIT ( * ) PLANE_ANGLE_UNIT ( ) SI_UNIT ( $, .RADIAN. ) );
#5950 = EDGE_CURVE ( 'NONE', #5212, #4292, #162, .T. ) ;
#5951 = CARTESIAN_POINT ( 'NONE',  ( -114.6930919017664934, 4.519822365589816648, 281.3726524789369137 ) ) ;
#5952 = CARTESIAN_POINT ( 'NONE',  ( -105.1583553035817431, 4.298716912459896733, 281.7716332231909746 ) ) ;
#5953 = EDGE_CURVE ( 'NONE', #275, #3816, #5756, .T. ) ;
#5954 = CARTESIAN_POINT ( 'NONE',  ( -102.7128620838613671, 8.578616674318402247, 8.999999999999799272 ) ) ;
#5955 = LINE ( 'NONE', #1759, #1392 ) ;
#5956 = ORIENTED_EDGE ( 'NONE', *, *, #1140, .T. ) ;
#5957 = VERTEX_POINT ( 'NONE', #3799 ) ;
#5958 = CARTESIAN_POINT ( 'NONE',  ( -106.1876412163659040, 0.0000000000000000000, 319.7500000000000000 ) ) ;
#5959 = EDGE_LOOP ( 'NONE', ( #5314, #5411, #753, #5700, #5003 ) ) ;
#5960 = CARTESIAN_POINT ( 'NONE',  ( -7.344533915293767201, 3.995356370322071804, 318.7499999999996589 ) ) ;
#5961 = CARTESIAN_POINT ( 'NONE',  ( -104.0302795130162394, 5.311259726420249017, 266.1362924817573798 ) ) ;
#5962 = ORIENTED_EDGE ( 'NONE', *, *, #1600, .T. ) ;
#5963 =( BOUNDED_CURVE ( )  B_SPLINE_CURVE ( 3, ( #1387, #5222, #2321, #475 ),
 .UNSPECIFIED., .F., .F. ) 
 B_SPLINE_CURVE_WITH_KNOTS ( ( 4, 4 ),
 ( 3.141592653589793116, 6.283185307179586232 ),
 .UNSPECIFIED. ) 
 CURVE ( )  GEOMETRIC_REPRESENTATION_ITEM ( )  RATIONAL_B_SPLINE_CURVE ( ( 1.000000000000000000, 0.3333333333333333703, 0.3333333333333333703, 1.000000000000000000 ) ) 
 REPRESENTATION_ITEM ( '' )  );
#5964 = EDGE_LOOP ( 'NONE', ( #1449, #2427, #698, #1767 ) ) ;
#5965 = ADVANCED_FACE ( 'NONE', ( #3469 ), #66, .F. ) ;
#5966 = CARTESIAN_POINT ( 'NONE',  ( -40.93311739130691507, 2.792604158709303341, 292.6544379066507418 ) ) ;
#5967 = DIRECTION ( 'NONE',  ( -0.01271524779707655650, -0.9999191579690125398, 0.0000000000000000000 ) ) ;
#5968 = LINE ( 'NONE', #4118, #4816 ) ;
#5969 = LINE ( 'NONE', #4119, #1331 ) ;
#5970 = CARTESIAN_POINT ( 'NONE',  ( -102.4881388196855312, 6.359823865804286491, 9.505835194922953590 ) ) ;
#5971 = CARTESIAN_POINT ( 'NONE',  ( -39.34557523365526066, 2.772416534777937702, 291.9133684476315693 ) ) ;
#5972 = LINE ( 'NONE', #5069, #520 ) ;
#5973 = VERTEX_POINT ( 'NONE', #1070 ) ;
#5974 = FACE_OUTER_BOUND ( 'NONE', #1794, .T. ) ;
#5975 = CARTESIAN_POINT ( 'NONE',  ( -1.637909052153259104, 3.995356370322071804, 159.8547740578324294 ) ) ;
#5976 = EDGE_CURVE ( 'NONE', #5435, #5187, #291, .T. ) ;
#5977 = CARTESIAN_POINT ( 'NONE',  ( -113.6267624376392575, 5.959983600220233768, 281.7996736480019990 ) ) ;
#5978 = DIRECTION ( 'NONE',  ( 0.8662767110661351300, 0.0000000000000000000, 0.4995644701782139818 ) ) ;
#5979 = DIRECTION ( 'NONE',  ( 1.000000000000000000, 0.0000000000000000000, -8.881784197001244245E-13 ) ) ;
#5980 = ADVANCED_FACE ( 'NONE', ( #1963 ), #5292, .F. ) ;
#5981 = VERTEX_POINT ( 'NONE', #3433 ) ;
#5982 = CARTESIAN_POINT ( 'NONE',  ( -103.4482604240617860, 1.645703452732678596, 291.6544379066506849 ) ) ;
#5983 = CARTESIAN_POINT ( 'NONE',  ( -111.6656410625901970, 3.995356370322072248, 166.2755000000000223 ) ) ;
#5984 = CARTESIAN_POINT ( 'NONE',  ( -112.8652789280206292, 0.01862269253398326357, 320.1958654885427222 ) ) ;
#5985 = ORIENTED_EDGE ( 'NONE', *, *, #6036, .F. ) ;
#5986 = ORIENTED_EDGE ( 'NONE', *, *, #772, .F. ) ;
#5987 = CARTESIAN_POINT ( 'NONE',  ( -104.3400871764848574, 5.717945587266075158, 266.4311423689945286 ) ) ;
#5988 = CARTESIAN_POINT ( 'NONE',  ( -39.34418722376914701, 3.518175385115935860, 290.8260107819045288 ) ) ;
#5989 = CARTESIAN_POINT ( 'NONE',  ( -100.2766404279232262, 3.547232764980634556, 292.6544379066506849 ) ) ;
#5990 = AXIS2_PLACEMENT_3D ( 'NONE', #1856, #1954, #539 ) ;
#5991 = ADVANCED_FACE ( 'NONE', ( #2420 ), #3824, .F. ) ;
#5992 = CARTESIAN_POINT ( 'NONE',  ( -112.9671519962903119, 3.995356370322071804, 323.7500000000015348 ) ) ;
#5993 = CARTESIAN_POINT ( 'NONE',  ( -1.985524089387679769, 2.992762044695273183, 323.2451455579200115 ) ) ;
#5994 = CARTESIAN_POINT ( 'NONE',  ( -14.05662661152142690, 2.450835289238923131, 13.99999999999980105 ) ) ;
#5995 = DIRECTION ( 'NONE',  ( -0.9999191579690125398, 0.01271524779707794602, 6.938332949631224427E-15 ) ) ;
#5996 = ORIENTED_EDGE ( 'NONE', *, *, #5395, .T. ) ;
#5997 = CARTESIAN_POINT ( 'NONE',  ( -39.75082921574322370, 1.773216991632327266, 290.8730059495476894 ) ) ;
#5998 = CARTESIAN_POINT ( 'NONE',  ( -39.07972058494024026, 10.38779386146216588, 267.4828650313968410 ) ) ;
#5999 = VECTOR ( 'NONE', #278, 1000.000000000000000 ) ;
#6000 = AXIS2_PLACEMENT_3D ( 'NONE', #2933, #4401, #4828 ) ;
#6001 = ADVANCED_FACE ( 'NONE', ( #2547 ), #1932, .F. ) ;
#6002 = CARTESIAN_POINT ( 'NONE',  ( -114.5536789602517160, 7.254216677378151346, 282.7543870503815810 ) ) ;
#6003 = VECTOR ( 'NONE', #2696, 1000.000000000000000 ) ;
#6004 = EDGE_CURVE ( 'NONE', #5769, #4455, #1980, .T. ) ;
#6005 = VECTOR ( 'NONE', #359, 1000.000000000000000 ) ;
#6006 = DIRECTION ( 'NONE',  ( 0.5004356563159249038, 0.0000000000000000000, -0.8657737313453495176 ) ) ;
#6007 = DIRECTION ( 'NONE',  ( -0.03290743182886972373, -0.9994584038019933558, -0.0000000000000000000 ) ) ;
#6008 = ORIENTED_EDGE ( 'NONE', *, *, #4568, .F. ) ;
#6009 = CARTESIAN_POINT ( 'NONE',  ( -105.1881255202160332, 0.6468792785984146532, 290.8260107819045288 ) ) ;
#6010 = EDGE_CURVE ( 'NONE', #490, #647, #3403, .T. ) ;
#6011 = DIRECTION ( 'NONE',  ( -0.0000000000000000000, -0.0000000000000000000, 1.000000000000000000 ) ) ;
#6012 = DIRECTION ( 'NONE',  ( -0.9999191579690124287, 0.01271524779707759040, -0.0000000000000000000 ) ) ;
#6013 = ORIENTED_EDGE ( 'NONE', *, *, #2301, .T. ) ;
#6014 = ORIENTED_EDGE ( 'NONE', *, *, #4981, .F. ) ;
#6015 = CARTESIAN_POINT ( 'NONE',  ( -39.49644744857086209, 2.774335067474361871, 292.0375540878908964 ) ) ;
#6016 = CARTESIAN_POINT ( 'NONE',  ( -41.27118160836987926, 6.519561894309434003, 291.6544379066506849 ) ) ;
#6017 = CARTESIAN_POINT ( 'NONE',  ( -103.6293336009815391, 0.6453546297522673170, 267.7556250536591165 ) ) ;
#6018 = CARTESIAN_POINT ( 'NONE',  ( -111.7200689775022369, 3.519549372780550023, 323.6574256376356971 ) ) ;
#6019 = CARTESIAN_POINT ( 'NONE',  ( -102.2405651373357500, 3.926962388299610751, 12.03140570199236592 ) ) ;
#6020 = CARTESIAN_POINT ( 'NONE',  ( -113.6464542770340103, 1.136788039050625754, 1.108866677697594172 ) ) ;
#6021 = VECTOR ( 'NONE', #4295, 1000.000000000000114 ) ;
#6022 = LINE ( 'NONE', #5046, #5698 ) ;
#6023 = ORIENTED_EDGE ( 'NONE', *, *, #4020, .T. ) ;
#6024 = CARTESIAN_POINT ( 'NONE',  ( -39.34213890066340014, 1.766904805647117715, 289.7864943238856199 ) ) ;
#6025 = CARTESIAN_POINT ( 'NONE',  ( -2.003500029963031004, 0.007000059926061570625, 3.763459351126448471 ) ) ;
#6026 = EDGE_CURVE ( 'NONE', #2657, #3759, #577, .T. ) ;
#6027 = CARTESIAN_POINT ( 'NONE',  ( -114.5948443792707536, 6.584402714218667185, 282.3390385913313594 ) ) ;
#6028 = B_SPLINE_CURVE_WITH_KNOTS ( 'NONE', 3,
 ( #272, #3663, #334, #2716 ),
 .UNSPECIFIED., .F., .F.,
 ( 4, 4 ),
 ( 0.8791864796032373697, 0.8985421484867354147 ),
 .UNSPECIFIED. ) ;
#6029 = EDGE_CURVE ( 'NONE', #3606, #4938, #5722, .T. ) ;
#6030 = EDGE_CURVE ( 'NONE', #2257, #1324, #4080, .T. ) ;
#6031 = CARTESIAN_POINT ( 'NONE',  ( -114.7074316094542894, 4.138168685213514664, 278.0159274158967264 ) ) ;
#6032 = CARTESIAN_POINT ( 'NONE',  ( 69.16243539183159328, 3.995356370322071804, 200.6839180354723169 ) ) ;
#6033 = LINE ( 'NONE', #951, #5803 ) ;
#6034 = VERTEX_POINT ( 'NONE', #2643 ) ;
#6035 = CARTESIAN_POINT ( 'NONE',  ( -104.1861368306290672, 0.6458992370158403995, 289.7864926959820764 ) ) ;
#6036 = EDGE_CURVE ( 'NONE', #4325, #2779, #2093, .T. ) ;
#6037 = CYLINDRICAL_SURFACE ( 'NONE', #5028, 2.199999999999980194 ) ;
#6038 = CARTESIAN_POINT ( 'NONE',  ( -113.6603483739467322, 5.099784086146099682, 278.1195875866395113 ) ) ;
#6039 = ORIENTED_EDGE ( 'NONE', *, *, #2677, .T. ) ;
#6040 = EDGE_LOOP ( 'NONE', ( #1209, #2424 ) ) ;
#6041 = LINE ( 'NONE', #2429, #4047 ) ;
#6042 = CARTESIAN_POINT ( 'NONE',  ( -2.939419985849450523, 3.995356370322071804, 318.7499999999996589 ) ) ;
#6043 = EDGE_LOOP ( 'NONE', ( #382, #3513, #4335, #1014, #5712 ) ) ;
#6044 = CARTESIAN_POINT ( 'NONE',  ( -105.0928674035611010, 7.351874933466787887, 268.6544379066506849 ) ) ;
#6045 = CARTESIAN_POINT ( 'NONE',  ( -4.961418165267627245, 7.739275378388520643, 5.000999999999672596 ) ) ;
#6046 = DIRECTION ( 'NONE',  ( -0.9999191579690125398, 0.01271524779707100539, 0.0000000000000000000 ) ) ;
#6047 = FACE_OUTER_BOUND ( 'NONE', #2739, .T. ) ;
#6048 = EDGE_CURVE ( 'NONE', #1359, #578, #3449, .T. ) ;
#6049 = ORIENTED_EDGE ( 'NONE', *, *, #2263, .T. ) ;
#6050 = DIRECTION ( 'NONE',  ( -1.000000000000000000, -0.0000000000000000000, -0.0000000000000000000 ) ) ;
#6051 = CARTESIAN_POINT ( 'NONE',  ( -106.0527801283272993, 12.61463018215307308, 274.1544379066506281 ) ) ;
#6052 = DIRECTION ( 'NONE',  ( 3.506950558086308462E-15, -1.961123667350896153E-16, 1.000000000000000000 ) ) ;
#6053 = CARTESIAN_POINT ( 'NONE',  ( -40.47626475802311319, 0.5835848371622470721, 268.1538195972190124 ) ) ;
#6054 = CARTESIAN_POINT ( 'NONE',  ( -113.6644701333618031, 4.972422735670593674, 279.1544379066506849 ) ) ;
#6055 = DIRECTION ( 'NONE',  ( -3.506950558086308462E-15, 1.961123667350896153E-16, -1.000000000000000000 ) ) ;
ENDSEC;
END-ISO-10303-21;
