ISO-10303-21;
HEADER;
/* Generated by software containing ST-Developer
 * from STEP Tools, Inc. (www.steptools.com) 
 */

FILE_DESCRIPTION(
/* description */ ('STEP AP203'),
/* implementation_level */ '2;1');

FILE_NAME(
/* name */ 'C:\\Users\\harra\\OneDrive\\CMR\\kb laser cut stuff\\left.
stp',
/* time_stamp */ '2021-08-05T17:14:37+01:00',
/* author */ ('harra'),
/* organization */ (''),
/* preprocessor_version */ 'ST-DEVELOPER v18.1',
/* originating_system */ 'Autodesk Inventor 2021',
/* authorisation */ '');

FILE_SCHEMA (('CONFIG_CONTROL_DESIGN'));
ENDSEC;

DATA;
#10=MECHANICAL_DESIGN_GEOMETRIC_PRESENTATION_REPRESENTATION('',(#13),#8081);
#11=SHAPE_REPRESENTATION_RELATIONSHIP('SRR','None',#8088,#12);
#12=ADVANCED_BREP_SHAPE_REPRESENTATION('',(#14),#8080);
#13=STYLED_ITEM('',(#8097),#14);
#14=MANIFOLD_SOLID_BREP('Solid1',#2265);
#15=(
BOUNDED_SURFACE()
B_SPLINE_SURFACE(3,2,((#5611,#5612,#5613),(#5614,#5615,#5616),(#5617,#5618,
#5619),(#5620,#5621,#5622),(#5623,#5624,#5625),(#5626,#5627,#5628),(#5629,
#5630,#5631),(#5632,#5633,#5634),(#5635,#5636,#5637),(#5638,#5639,#5640),
(#5641,#5642,#5643),(#5644,#5645,#5646),(#5647,#5648,#5649),(#5650,#5651,
#5652),(#5653,#5654,#5655),(#5656,#5657,#5658),(#5659,#5660,#5661),(#5662,
#5663,#5664),(#5665,#5666,#5667),(#5668,#5669,#5670)),.UNSPECIFIED.,.F.,
 .F.,.F.)
B_SPLINE_SURFACE_WITH_KNOTS((4,2,2,2,2,2,2,2,2,4),(3,3),(0.,0.000479964176278613,
0.00071994626441792,0.000959928352557226,0.00119991044069653,0.00143989252883584,
0.00191985670511445,0.00239982088139307,0.00287978505767168,0.00383971341022891),
(0.,1.),.UNSPECIFIED.)
GEOMETRIC_REPRESENTATION_ITEM()
RATIONAL_B_SPLINE_SURFACE(((1.,0.700809061413075,1.),(1.,0.700790621005729,
1.),(1.,0.70801651466051,1.),(1.,0.727002903447335,1.),(1.,0.734643913038698,
1.),(1.,0.751424639756587,1.),(1.,0.760612474384002,1.),(1.,0.779954431173138,
1.),(1.,0.79013139330444,1.),(1.,0.810423127244143,1.),(1.,0.820604069760787,
1.),(1.,0.850736583008588,1.),(1.,0.870407242478073,1.),(1.,0.90608520008814,
1.),(1.,0.922061709864255,1.),(1.,0.949854499551542,1.),(1.,0.961697829420959,
1.),(1.,0.990384505153224,1.),(1.,0.999953577635845,1.),(1.,1.,1.)))
REPRESENTATION_ITEM('')
SURFACE()
);
#16=(
BOUNDED_SURFACE()
B_SPLINE_SURFACE(3,2,((#5773,#5774,#5775),(#5776,#5777,#5778),(#5779,#5780,
#5781),(#5782,#5783,#5784),(#5785,#5786,#5787),(#5788,#5789,#5790),(#5791,
#5792,#5793),(#5794,#5795,#5796),(#5797,#5798,#5799),(#5800,#5801,#5802),
(#5803,#5804,#5805),(#5806,#5807,#5808),(#5809,#5810,#5811),(#5812,#5813,
#5814)),.UNSPECIFIED.,.F.,.F.,.F.)
B_SPLINE_SURFACE_WITH_KNOTS((4,2,2,2,2,2,4),(3,3),(6.28318530717959,6.47953484802895,
6.67588438887831,6.87223392972767,7.06858347057703,7.46128255227576,7.85398163397448),
(0.,1.),.UNSPECIFIED.)
GEOMETRIC_REPRESENTATION_ITEM()
RATIONAL_B_SPLINE_SURFACE(((1.,0.707106781186548,1.),(1.,0.707071726684659,
1.),(1.,0.711746004782913,1.),(1.,0.729128891760401,1.),(1.,0.741833420926087,
1.),(1.,0.772396818771114,1.),(1.,0.790218011288038,1.),(1.,0.827594266955307,
1.),(1.,0.847131662331133,1.),(1.,0.903812886691048,1.),(1.,0.938655652377215,
1.),(1.,0.986729187385094,1.),(1.,1.00015858217394,1.),(1.,1.,1.)))
REPRESENTATION_ITEM('')
SURFACE()
);
#17=(
BOUNDED_SURFACE()
B_SPLINE_SURFACE(3,3,((#6007,#6008,#6009,#6010,#6011,#6012),(#6013,#6014,
#6015,#6016,#6017,#6018),(#6019,#6020,#6021,#6022,#6023,#6024),(#6025,#6026,
#6027,#6028,#6029,#6030)),.UNSPECIFIED.,.F.,.F.,.F.)
B_SPLINE_SURFACE_WITH_KNOTS((4,4),(4,2,4),(0.,1.),(0.,0.151554380003485,
1.),.UNSPECIFIED.)
GEOMETRIC_REPRESENTATION_ITEM()
RATIONAL_B_SPLINE_SURFACE(((1.,1.,1.,1.,1.,1.),(0.804737854124362,0.804737854124362,
0.804737854124362,0.804737854124362,0.804737854124362,0.804737854124362),
(0.804737854124362,0.804737854124362,0.804737854124362,0.804737854124362,
0.804737854124362,0.804737854124362),(1.,1.,1.,1.,1.,1.)))
REPRESENTATION_ITEM('')
SURFACE()
);
#18=(
BOUNDED_SURFACE()
B_SPLINE_SURFACE(3,3,((#6040,#6041,#6042,#6043,#6044,#6045),(#6046,#6047,
#6048,#6049,#6050,#6051),(#6052,#6053,#6054,#6055,#6056,#6057),(#6058,#6059,
#6060,#6061,#6062,#6063)),.UNSPECIFIED.,.F.,.F.,.F.)
B_SPLINE_SURFACE_WITH_KNOTS((4,4),(4,2,4),(0.,1.),(0.,0.151554380003485,
1.),.UNSPECIFIED.)
GEOMETRIC_REPRESENTATION_ITEM()
RATIONAL_B_SPLINE_SURFACE(((1.,1.,1.,1.,1.,1.),(0.804737854124365,0.804737854124365,
0.804737854124365,0.804737854124365,0.804737854124365,0.804737854124365),
(0.804737854124365,0.804737854124365,0.804737854124365,0.804737854124365,
0.804737854124365,0.804737854124365),(1.,1.,1.,1.,1.,1.)))
REPRESENTATION_ITEM('')
SURFACE()
);
#19=(
BOUNDED_SURFACE()
B_SPLINE_SURFACE(3,3,((#6266,#6267,#6268,#6269,#6270,#6271),(#6272,#6273,
#6274,#6275,#6276,#6277),(#6278,#6279,#6280,#6281,#6282,#6283),(#6284,#6285,
#6286,#6287,#6288,#6289)),.UNSPECIFIED.,.F.,.F.,.F.)
B_SPLINE_SURFACE_WITH_KNOTS((4,4),(4,2,4),(0.,1.),(0.,0.101636916604825,
1.),.UNSPECIFIED.)
GEOMETRIC_REPRESENTATION_ITEM()
RATIONAL_B_SPLINE_SURFACE(((1.,1.,1.,1.,1.,1.),(0.804737854124363,0.804737854124363,
0.804737854124363,0.804737854124363,0.804737854124363,0.804737854124363),
(0.804737854124363,0.804737854124363,0.804737854124363,0.804737854124363,
0.804737854124363,0.804737854124363),(1.,1.,1.,1.,1.,1.)))
REPRESENTATION_ITEM('')
SURFACE()
);
#20=(
BOUNDED_SURFACE()
B_SPLINE_SURFACE(3,3,((#6363,#6364,#6365,#6366,#6367,#6368),(#6369,#6370,
#6371,#6372,#6373,#6374),(#6375,#6376,#6377,#6378,#6379,#6380),(#6381,#6382,
#6383,#6384,#6385,#6386)),.UNSPECIFIED.,.F.,.F.,.F.)
B_SPLINE_SURFACE_WITH_KNOTS((4,4),(4,2,4),(0.,1.),(0.,0.101636916604825,
1.),.UNSPECIFIED.)
GEOMETRIC_REPRESENTATION_ITEM()
RATIONAL_B_SPLINE_SURFACE(((1.,1.,1.,1.,1.,1.),(0.804737854124363,0.804737854124363,
0.804737854124363,0.804737854124363,0.804737854124363,0.804737854124363),
(0.804737854124363,0.804737854124363,0.804737854124363,0.804737854124363,
0.804737854124363,0.804737854124363),(1.,1.,1.,1.,1.,1.)))
REPRESENTATION_ITEM('')
SURFACE()
);
#21=(
BOUNDED_SURFACE()
B_SPLINE_SURFACE(3,3,((#6445,#6446,#6447,#6448,#6449,#6450),(#6451,#6452,
#6453,#6454,#6455,#6456),(#6457,#6458,#6459,#6460,#6461,#6462),(#6463,#6464,
#6465,#6466,#6467,#6468)),.UNSPECIFIED.,.F.,.F.,.F.)
B_SPLINE_SURFACE_WITH_KNOTS((4,4),(4,2,4),(0.,1.),(0.,0.101636916604825,
1.),.UNSPECIFIED.)
GEOMETRIC_REPRESENTATION_ITEM()
RATIONAL_B_SPLINE_SURFACE(((1.,1.,1.,1.,1.,1.),(0.804737854124363,0.804737854124363,
0.804737854124363,0.804737854124363,0.804737854124363,0.804737854124363),
(0.804737854124363,0.804737854124363,0.804737854124363,0.804737854124363,
0.804737854124363,0.804737854124363),(1.,1.,1.,1.,1.,1.)))
REPRESENTATION_ITEM('')
SURFACE()
);
#22=(
BOUNDED_SURFACE()
B_SPLINE_SURFACE(3,3,((#6642,#6643,#6644,#6645,#6646,#6647),(#6648,#6649,
#6650,#6651,#6652,#6653),(#6654,#6655,#6656,#6657,#6658,#6659),(#6660,#6661,
#6662,#6663,#6664,#6665)),.UNSPECIFIED.,.F.,.F.,.F.)
B_SPLINE_SURFACE_WITH_KNOTS((4,4),(4,2,4),(0.,1.),(0.,0.101636916604825,
1.),.UNSPECIFIED.)
GEOMETRIC_REPRESENTATION_ITEM()
RATIONAL_B_SPLINE_SURFACE(((1.,1.,1.,1.,1.,1.),(0.804737854124362,0.804737854124362,
0.804737854124362,0.804737854124362,0.804737854124362,0.804737854124362),
(0.804737854124362,0.804737854124362,0.804737854124362,0.804737854124362,
0.804737854124362,0.804737854124362),(1.,1.,1.,1.,1.,1.)))
REPRESENTATION_ITEM('')
SURFACE()
);
#23=(
BOUNDED_SURFACE()
B_SPLINE_SURFACE(3,2,((#6921,#6922,#6923),(#6924,#6925,#6926),(#6927,#6928,
#6929),(#6930,#6931,#6932),(#6933,#6934,#6935),(#6936,#6937,#6938),(#6939,
#6940,#6941),(#6942,#6943,#6944),(#6945,#6946,#6947),(#6948,#6949,#6950),
(#6951,#6952,#6953),(#6954,#6955,#6956),(#6957,#6958,#6959),(#6960,#6961,
#6962),(#6963,#6964,#6965),(#6966,#6967,#6968)),.UNSPECIFIED.,.F.,.F.,.F.)
B_SPLINE_SURFACE_WITH_KNOTS((4,2,2,2,2,2,2,4),(3,3),(3.1725817852352,3.36505768462889,
3.55753358402257,3.75000948341626,3.94248538280995,4.13496128220363,4.32743718159732,
4.71238898038469),(0.,1.),.UNSPECIFIED.)
GEOMETRIC_REPRESENTATION_ITEM()
RATIONAL_B_SPLINE_SURFACE(((1.,0.707446117704606,1.),(1.,0.708819804743088,
1.),(1.,0.714690436220546,1.),(1.,0.733833580043568,1.),(1.,0.747099186444836,
1.),(1.,0.778192299888219,1.),(1.,0.795987596318487,1.),(1.,0.832933050341683,
1.),(1.,0.852068850190764,1.),(1.,0.888903341412915,1.),(1.,0.906598884933378,
1.),(1.,0.938408110330316,1.),(1.,0.952522559878061,1.),(1.,0.987263645685514,
1.),(1.,1.00014630857364,1.),(1.,1.,1.)))
REPRESENTATION_ITEM('')
SURFACE()
);
#24=(
BOUNDED_SURFACE()
B_SPLINE_SURFACE(3,2,((#7044,#7045,#7046),(#7047,#7048,#7049),(#7050,#7051,
#7052),(#7053,#7054,#7055)),.UNSPECIFIED.,.F.,.F.,.F.)
B_SPLINE_SURFACE_WITH_KNOTS((4,4),(3,3),(0.000840357534547788,0.000916957072542488),
(0.,1.),.UNSPECIFIED.)
GEOMETRIC_REPRESENTATION_ITEM()
RATIONAL_B_SPLINE_SURFACE(((1.,0.707106781186538,1.),(1.,0.707222003340645,
1.),(1.,0.707335103728069,1.),(1.,0.707446117704606,1.)))
REPRESENTATION_ITEM('')
SURFACE()
);
#25=(
BOUNDED_SURFACE()
B_SPLINE_SURFACE(3,2,((#7134,#7135,#7136),(#7137,#7138,#7139),(#7140,#7141,
#7142),(#7143,#7144,#7145),(#7146,#7147,#7148),(#7149,#7150,#7151),(#7152,
#7153,#7154),(#7155,#7156,#7157),(#7158,#7159,#7160),(#7161,#7162,#7163),
(#7164,#7165,#7166),(#7167,#7168,#7169),(#7170,#7171,#7172),(#7173,#7174,
#7175),(#7176,#7177,#7178),(#7179,#7180,#7181)),.UNSPECIFIED.,.F.,.F.,.F.)
B_SPLINE_SURFACE_WITH_KNOTS((4,2,2,2,2,2,2,4),(3,3),(4.71238898038469,5.10508806208341,
5.30143760293278,5.49778714378214,5.6941366846315,5.89048622548086,6.08683576633022,
6.28318530717959),(0.,1.),.UNSPECIFIED.)
GEOMETRIC_REPRESENTATION_ITEM()
RATIONAL_B_SPLINE_SURFACE(((1.,1.,1.),(1.,1.00015858177298,1.),(1.,0.986729187918958,
1.),(1.,0.950674035862255,1.),(1.,0.936042183487462,1.),(1.,0.903165100198933,
1.),(1.,0.884919145930242,1.),(1.,0.847131661638634,1.),(1.,0.827594267919833,
1.),(1.,0.790218010323511,1.),(1.,0.772396819884268,1.),(1.,0.741833419812936,
1.),(1.,0.7291288925856,1.),(1.,0.711746003957714,1.),(1.,0.707071727304428,
1.),(1.,0.707106781186548,1.)))
REPRESENTATION_ITEM('')
SURFACE()
);
#26=(
BOUNDED_SURFACE()
B_SPLINE_SURFACE(2,2,((#7183,#7184,#7185),(#7186,#7187,#7188),(#7189,#7190,
#7191),(#7192,#7193,#7194),(#7195,#7196,#7197)),.UNSPECIFIED.,.F.,.F.,.F.)
B_SPLINE_SURFACE_WITH_KNOTS((3,2,3),(3,3),(-1.57079633292606,-0.785398166463028,
0.),(0.0127155904503158,0.0329134091438155),.UNSPECIFIED.)
GEOMETRIC_REPRESENTATION_ITEM()
RATIONAL_B_SPLINE_SURFACE(((1.,0.999949006448399,1.),(0.92387953192481,
0.923832420026226,0.92387953192481),(1.,0.999949006448399,1.),(0.92387953192465,
0.923832420026066,0.92387953192465),(1.,0.999949006448399,1.)))
REPRESENTATION_ITEM('')
SURFACE()
);
#27=(
BOUNDED_SURFACE()
B_SPLINE_SURFACE(3,2,((#7441,#7442,#7443),(#7444,#7445,#7446),(#7447,#7448,
#7449),(#7450,#7451,#7452),(#7453,#7454,#7455),(#7456,#7457,#7458),(#7459,
#7460,#7461),(#7462,#7463,#7464),(#7465,#7466,#7467),(#7468,#7469,#7470),
(#7471,#7472,#7473),(#7474,#7475,#7476),(#7477,#7478,#7479),(#7480,#7481,
#7482),(#7483,#7484,#7485),(#7486,#7487,#7488)),.UNSPECIFIED.,.F.,.F.,.F.)
B_SPLINE_SURFACE_WITH_KNOTS((4,2,2,2,2,2,2,4),(3,3),(0.,0.000585813910174124,
0.00117162782034825,0.00175744173052237,0.0023432556406965,0.00292906955087062,
0.00351488346104474,0.00468651128139299),(0.,1.),.UNSPECIFIED.)
GEOMETRIC_REPRESENTATION_ITEM()
RATIONAL_B_SPLINE_SURFACE(((1.,0.705199706574335,1.),(1.,0.705199750808966,
1.),(1.,0.705212276004258,1.),(1.,0.705261476436955,1.),(1.,0.70529870222653,
1.),(1.,0.705395739462532,1.),(1.,0.705455060065613,1.),(1.,0.705594899775325,
1.),(1.,0.705676163219207,1.),(1.,0.705853209607481,1.),(1.,0.705949600520625,
1.),(1.,0.706158243908267,1.),(1.,0.706269072478444,1.),(1.,0.706611579519659,
1.),(1.,0.706860256270469,1.),(1.,0.707106781186548,1.)))
REPRESENTATION_ITEM('')
SURFACE()
);
#28=(
BOUNDED_SURFACE()
B_SPLINE_SURFACE(3,2,((#7497,#7498,#7499),(#7500,#7501,#7502),(#7503,#7504,
#7505),(#7506,#7507,#7508)),.UNSPECIFIED.,.F.,.F.,.F.)
B_SPLINE_SURFACE_WITH_KNOTS((4,4),(3,3),(1.60461921527855E-17,0.00387356082200357),
(0.,1.),.UNSPECIFIED.)
GEOMETRIC_REPRESENTATION_ITEM()
RATIONAL_B_SPLINE_SURFACE(((1.,0.707106781186548,1.),(1.,0.707106781186548,
1.),(1.,0.707106781186543,1.),(1.,0.707106781186543,1.)))
REPRESENTATION_ITEM('')
SURFACE()
);
#29=(
BOUNDED_SURFACE()
B_SPLINE_SURFACE(3,2,((#7510,#7511,#7512),(#7513,#7514,#7515),(#7516,#7517,
#7518),(#7519,#7520,#7521),(#7522,#7523,#7524),(#7525,#7526,#7527),(#7528,
#7529,#7530),(#7531,#7532,#7533),(#7534,#7535,#7536),(#7537,#7538,#7539),
(#7540,#7541,#7542),(#7543,#7544,#7545),(#7546,#7547,#7548),(#7549,#7550,
#7551),(#7552,#7553,#7554),(#7555,#7556,#7557)),.UNSPECIFIED.,.F.,.F.,.F.)
B_SPLINE_SURFACE_WITH_KNOTS((4,2,2,2,2,2,2,4),(3,3),(6.93889390390723E-18,
0.000585813916008287,0.00117162783201657,0.00175744174802485,0.00234325566403313,
0.00292906958004141,0.00351488349604969,0.00468651132806625),(0.,1.),
 .UNSPECIFIED.)
GEOMETRIC_REPRESENTATION_ITEM()
RATIONAL_B_SPLINE_SURFACE(((1.,0.707106781186548,1.),(1.,0.706983040885754,
1.),(1.,0.706860930238309,1.),(1.,0.706619916968712,1.),(1.,0.706499750222228,
1.),(1.,0.706269860097447,1.),(1.,0.70616046129595,1.),(1.,0.705952854121985,
1.),(1.,0.705854242555391,1.),(1.,0.705677072451488,1.),(1.,0.705597351096306,
1.),(1.,0.705456301175508,1.),(1.,0.705396192363927,1.),(1.,0.705251260301599,
1.),(1.,0.705199263822361,1.),(1.,0.705199706574335,1.)))
REPRESENTATION_ITEM('')
SURFACE()
);
#30=(
BOUNDED_SURFACE()
B_SPLINE_SURFACE(3,2,((#7559,#7560,#7561),(#7562,#7563,#7564),(#7565,#7566,
#7567),(#7568,#7569,#7570),(#7571,#7572,#7573),(#7574,#7575,#7576),(#7577,
#7578,#7579),(#7580,#7581,#7582),(#7583,#7584,#7585),(#7586,#7587,#7588),
(#7589,#7590,#7591),(#7592,#7593,#7594),(#7595,#7596,#7597),(#7598,#7599,
#7600),(#7601,#7602,#7603),(#7604,#7605,#7606),(#7607,#7608,#7609),(#7610,
#7611,#7612),(#7613,#7614,#7615),(#7616,#7617,#7618)),.UNSPECIFIED.,.F.,
 .F.,.F.)
B_SPLINE_SURFACE_WITH_KNOTS((4,2,2,2,2,2,2,2,2,4),(3,3),(-2.17223126548566E-5,
0.000776105329826463,0.00155221065965293,0.00232831598947939,0.00310442131930585,
0.00388052664913232,0.00465663197895878,0.00543273730878524,0.00582078997369848,
0.00623056495126612),(0.,1.00069925715832),.UNSPECIFIED.)
GEOMETRIC_REPRESENTATION_ITEM()
RATIONAL_B_SPLINE_SURFACE(((0.999999999999999,0.705804232362294,1.00041143699294),
(1.,0.719188204812333,1.00039271931585),(1.,0.734620061287099,1.00037113764364),
(1.,0.76692161203089,1.00032596346248),(1.,0.783903264643818,1.00030221437818),
(1.,0.817171428329583,1.00025568837497),(1.,0.833475804993634,1.00023288647078),
(1.,0.864656944427965,1.00018927920088),(1.,0.8796180024777,1.000168355947),
(1.,0.907272222326046,1.00012968112463),(1.,0.919881003656586,1.00011204756342),
(1.,0.942580357882105,1.00008030219156),(1.,0.952675221938785,1.00006618437965),
(1.,0.970218213006984,1.00004165025548),(1.,0.977738185947608,1.00003113346567),
(1.,0.986377026038428,1.00001905192412),(1.,0.988827367869577,1.00001562508599),
(1.,0.992498734039186,1.00001049062784),(1.,0.993650772879902,1.00000887948503),
(1.,0.993494164205989,1.0000090985045)))
REPRESENTATION_ITEM('')
SURFACE()
);
#31=(
BOUNDED_SURFACE()
B_SPLINE_SURFACE(3,2,((#7623,#7624,#7625),(#7626,#7627,#7628),(#7629,#7630,
#7631),(#7632,#7633,#7634)),.UNSPECIFIED.,.F.,.F.,.F.)
B_SPLINE_SURFACE_WITH_KNOTS((4,4),(3,3),(0.,0.00128138669480854),(0.,1.),
 .UNSPECIFIED.)
GEOMETRIC_REPRESENTATION_ITEM()
RATIONAL_B_SPLINE_SURFACE(((1.,0.707106781186543,1.),(1.,0.708215386381384,
1.),(1.,0.715993081130141,1.),(1.,0.728682267370798,1.)))
REPRESENTATION_ITEM('')
SURFACE()
);
#32=(
BOUNDED_SURFACE()
B_SPLINE_SURFACE(3,2,((#7637,#7638,#7639),(#7640,#7641,#7642),(#7643,#7644,
#7645),(#7646,#7647,#7648),(#7649,#7650,#7651),(#7652,#7653,#7654),(#7655,
#7656,#7657),(#7658,#7659,#7660),(#7661,#7662,#7663),(#7664,#7665,#7666),
(#7667,#7668,#7669),(#7670,#7671,#7672),(#7673,#7674,#7675),(#7676,#7677,
#7678),(#7679,#7680,#7681),(#7682,#7683,#7684),(#7685,#7686,#7687),(#7688,
#7689,#7690),(#7691,#7692,#7693),(#7694,#7695,#7696)),.UNSPECIFIED.,.F.,
 .F.,.F.)
B_SPLINE_SURFACE_WITH_KNOTS((4,2,2,2,2,2,2,2,2,4),(3,3),(-0.000125783485495467,
0.000391646126064642,0.000783292252129229,0.0015665845042584,0.00234987675638758,
0.00313316900851675,0.00391646126064593,0.0046997535127751,0.00548304576490428,
0.00639212150252854),(0.,1.00082131246475),.UNSPECIFIED.)
GEOMETRIC_REPRESENTATION_ITEM()
RATIONAL_B_SPLINE_SURFACE(((1.,0.993116574624374,1.00001130688612),(1.,
0.994185887689568,1.00000955040582),(1.,0.99296877077413,1.00001154967241),
(1.,0.98880363944497,1.00001839142097),(1.,0.986336068478288,1.00002244471455),
(1.,0.977702590542087,1.00003662628064),(1.,0.970313382353529,1.00004876397822),
(1.,0.95273261300135,1.00007764258824),(1.,0.942479146213509,1.0000944851884),
(1.,0.919708571054391,1.00013188870281),(1.,0.907139539947683,1.00015253490665),
(1.,0.879830062826339,1.00019739413458),(1.,0.865085246050558,1.00022161433819),
(1.,0.833696525124413,1.00027317423369),(1.,0.817196443841857,1.00030027767855),
(1.,0.784083319755068,1.00035467012167),(1.,0.767322012602227,1.00038220266265),
(1.,0.732483184924772,1.0004394297895),(1.,0.715136064665958,1.0004679246017),
(1.,0.700716914451757,1.0004916098573)))
REPRESENTATION_ITEM('')
SURFACE()
);
#33=(
BOUNDED_SURFACE()
B_SPLINE_SURFACE(3,2,((#7697,#7698,#7699),(#7700,#7701,#7702),(#7703,#7704,
#7705),(#7706,#7707,#7708),(#7709,#7710,#7711),(#7712,#7713,#7714),(#7715,
#7716,#7717),(#7718,#7719,#7720),(#7721,#7722,#7723),(#7724,#7725,#7726),
(#7727,#7728,#7729),(#7730,#7731,#7732),(#7733,#7734,#7735),(#7736,#7737,
#7738)),.UNSPECIFIED.,.F.,.F.,.F.)
B_SPLINE_SURFACE_WITH_KNOTS((4,2,2,2,2,2,4),(3,3),(-2.48135232667687E-5,
0.00163816326981157,0.00327632653962313,0.00409540817452892,0.0049144898094347,
0.00573357144434048,0.00657746660251304),(0.,1.00002481352327),
 .UNSPECIFIED.)
GEOMETRIC_REPRESENTATION_ITEM()
RATIONAL_B_SPLINE_SURFACE(((1.,0.719546493705243,1.00001391807921),(1.,
0.719556089215526,1.00001391760301),(1.,0.719206464163254,1.00001393495387),
(1.,0.717874594167807,1.00001400105064),(1.,0.716935581575517,1.00001404765107),
(1.,0.715271679117561,1.00001413022563),(1.,0.714683446517002,1.00001415941788),
(1.,0.713488732198278,1.00001421870802),(1.,0.712879503456863,1.00001424894224),
(1.,0.711666780368692,1.00001430912611),(1.,0.711071792935174,1.00001433865358),
(1.,0.709937304536779,1.00001439495489),(1.,0.709395706778886,1.00001442183278),
(1.,0.708900114072643,1.00001444642758)))
REPRESENTATION_ITEM('')
SURFACE()
);
#34=(
BOUNDED_SURFACE()
B_SPLINE_SURFACE(3,2,((#7740,#7741,#7742),(#7743,#7744,#7745),(#7746,#7747,
#7748),(#7749,#7750,#7751)),.UNSPECIFIED.,.F.,.F.,.F.)
B_SPLINE_SURFACE_WITH_KNOTS((4,4),(3,3),(3.46944695195361E-18,0.00387356082228115),
(0.,1.),.UNSPECIFIED.)
GEOMETRIC_REPRESENTATION_ITEM()
RATIONAL_B_SPLINE_SURFACE(((1.,0.707106781186548,1.),(1.,0.707106781186548,
1.),(1.,0.707106781186548,1.),(1.,0.707106781186548,1.)))
REPRESENTATION_ITEM('')
SURFACE()
);
#35=(
BOUNDED_SURFACE()
B_SPLINE_SURFACE(3,2,((#7753,#7754,#7755),(#7756,#7757,#7758),(#7759,#7760,
#7761),(#7762,#7763,#7764),(#7765,#7766,#7767),(#7768,#7769,#7770),(#7771,
#7772,#7773),(#7774,#7775,#7776),(#7777,#7778,#7779),(#7780,#7781,#7782),
(#7783,#7784,#7785),(#7786,#7787,#7788),(#7789,#7790,#7791),(#7792,#7793,
#7794)),.UNSPECIFIED.,.F.,.F.,.F.)
B_SPLINE_SURFACE_WITH_KNOTS((4,2,2,2,2,2,4),(3,3),(-2.48135192069104E-5,
0.00163816326981941,0.00327632653963881,0.00409540817454852,0.00491448980945822,
0.00573357144436793,0.00657746659848454),(-2.48135192069104E-5,1.),
 .UNSPECIFIED.)
GEOMETRIC_REPRESENTATION_ITEM()
RATIONAL_B_SPLINE_SURFACE(((1.00001391807693,0.719546493706488,1.),(1.00001391760073,
0.719556089214418,1.),(1.00001393495159,0.719206464163107,1.),(1.00001400104835,
0.717874594167874,1.),(1.00001404764877,0.716935581569445,1.),(1.00001413022332,
0.715271679120963,1.),(1.00001415941556,0.714683446516742,1.),(1.00001421870569,
0.713488732198534,1.),(1.00001424893991,0.712879503455547,1.),(1.00001430912377,
0.711666780369823,1.),(1.00001433865123,0.711071792937844,1.),(1.00001439495253,
0.709937304536923,1.),(1.00001442183042,0.709395706786725,1.),(1.00001444642522,
0.708900114080044,1.)))
REPRESENTATION_ITEM('')
SURFACE()
);
#36=(
BOUNDED_SURFACE()
B_SPLINE_SURFACE(3,2,((#7797,#7798,#7799),(#7800,#7801,#7802),(#7803,#7804,
#7805),(#7806,#7807,#7808)),.UNSPECIFIED.,.F.,.F.,.F.)
B_SPLINE_SURFACE_WITH_KNOTS((4,4),(3,3),(-1.95156391047391E-18,0.00128138669477395),
(0.,1.),.UNSPECIFIED.)
GEOMETRIC_REPRESENTATION_ITEM()
RATIONAL_B_SPLINE_SURFACE(((1.,0.707106781186552,1.),(1.,0.708215386381352,
1.),(1.,0.715993081129732,1.),(1.,0.728682267369774,1.)))
REPRESENTATION_ITEM('')
SURFACE()
);
#37=(
BOUNDED_SURFACE()
B_SPLINE_SURFACE(3,2,((#7811,#7812,#7813),(#7814,#7815,#7816),(#7817,#7818,
#7819),(#7820,#7821,#7822),(#7823,#7824,#7825),(#7826,#7827,#7828),(#7829,
#7830,#7831),(#7832,#7833,#7834),(#7835,#7836,#7837),(#7838,#7839,#7840),
(#7841,#7842,#7843),(#7844,#7845,#7846),(#7847,#7848,#7849),(#7850,#7851,
#7852),(#7853,#7854,#7855),(#7856,#7857,#7858),(#7859,#7860,#7861),(#7862,
#7863,#7864)),.UNSPECIFIED.,.F.,.F.,.F.)
B_SPLINE_SURFACE_WITH_KNOTS((4,2,2,2,2,2,2,2,4),(3,3),(0.,0.000976418414943015,
0.00146462762241452,0.00195283682988603,0.00292925524482905,0.00390567365977206,
0.00488209207471508,0.00585851048965809,0.00781134731954412),(0.,1.),
 .UNSPECIFIED.)
GEOMETRIC_REPRESENTATION_ITEM()
RATIONAL_B_SPLINE_SURFACE(((1.,0.702403153146524,1.),(1.,0.70240292829971,
1.),(1.,0.702536898946237,1.),(1.,0.702912749765319,1.),(1.,0.703067133719966,
1.),(1.,0.703428324365899,1.),(1.,0.703636045270292,1.),(1.,0.704310794177046,
1.),(1.,0.704832862826833,1.),(1.,0.705922985223207,1.),(1.,0.706494078751941,
1.),(1.,0.707520259273797,1.),(1.,0.707981548865855,1.),(1.,0.708683448937732,
1.),(1.,0.708915853835699,1.),(1.,0.709107599884112,1.),(1.,0.708549502291756,
1.),(1.,0.707106781186548,1.)))
REPRESENTATION_ITEM('')
SURFACE()
);
#38=(
BOUNDED_SURFACE()
B_SPLINE_SURFACE(3,2,((#7866,#7867,#7868),(#7869,#7870,#7871),(#7872,#7873,
#7874),(#7875,#7876,#7877),(#7878,#7879,#7880),(#7881,#7882,#7883),(#7884,
#7885,#7886),(#7887,#7888,#7889),(#7890,#7891,#7892),(#7893,#7894,#7895),
(#7896,#7897,#7898),(#7899,#7900,#7901),(#7902,#7903,#7904),(#7905,#7906,
#7907),(#7908,#7909,#7910),(#7911,#7912,#7913),(#7914,#7915,#7916),(#7917,
#7918,#7919)),.UNSPECIFIED.,.F.,.F.,.F.)
B_SPLINE_SURFACE_WITH_KNOTS((4,2,2,2,2,2,2,2,4),(3,3),(0.,0.000976419910592425,
0.00146462986588864,0.00195283982118485,0.00292925973177728,0.0039056796423697,
0.00488209955296213,0.00585851946355455,0.0078113592847394),(0.,1.),
 .UNSPECIFIED.)
GEOMETRIC_REPRESENTATION_ITEM()
RATIONAL_B_SPLINE_SURFACE(((1.,0.707106781186548,1.),(1.,0.707822658433654,
1.),(1.,0.708323053267158,1.),(1.,0.708781508174946,1.),(1.,0.708885600788486,
1.),(1.,0.709001146303506,1.),(1.,0.709012036908209,1.),(1.,0.708917827470045,
1.),(1.,0.708688480539097,1.),(1.,0.707994851128457,1.),(1.,0.707525514777958,
1.),(1.,0.706500069890116,1.),(1.,0.70594098392319,1.),(1.,0.704843497802117,
1.),(1.,0.704314726071822,1.),(1.,0.702971804632082,1.),(1.,0.702388600203157,
1.),(1.,0.702403153146528,1.)))
REPRESENTATION_ITEM('')
SURFACE()
);
#39=(
BOUNDED_SURFACE()
B_SPLINE_SURFACE(3,2,((#7922,#7923,#7924),(#7925,#7926,#7927),(#7928,#7929,
#7930),(#7931,#7932,#7933),(#7934,#7935,#7936),(#7937,#7938,#7939),(#7940,
#7941,#7942),(#7943,#7944,#7945),(#7946,#7947,#7948),(#7949,#7950,#7951),
(#7952,#7953,#7954),(#7955,#7956,#7957)),.UNSPECIFIED.,.F.,.F.,.F.)
B_SPLINE_SURFACE_WITH_KNOTS((4,2,2,2,2,4),(3,3),(0.,0.000390542591488573,
0.000585813887232859,0.000781085182977146,0.00117162777446572,0.00156217036595429),
(0.,1.),.UNSPECIFIED.)
GEOMETRIC_REPRESENTATION_ITEM()
RATIONAL_B_SPLINE_SURFACE(((1.,0.707106781186548,1.),(1.,0.707352094647937,
1.),(1.,0.707597898635239,1.),(1.,0.707939497308607,1.),(1.,0.708047593826534,
1.),(1.,0.70825230644162,1.),(1.,0.708349314028929,1.),(1.,0.708610296969734,
1.),(1.,0.70875105172953,1.),(1.,0.708939718812942,1.),(1.,0.708990317460944,
1.),(1.,0.708989902307509,1.)))
REPRESENTATION_ITEM('')
SURFACE()
);
#40=(
BOUNDED_SURFACE()
B_SPLINE_SURFACE(3,2,((#7964,#7965,#7966),(#7967,#7968,#7969),(#7970,#7971,
#7972),(#7973,#7974,#7975),(#7976,#7977,#7978),(#7979,#7980,#7981),(#7982,
#7983,#7984),(#7985,#7986,#7987),(#7988,#7989,#7990),(#7991,#7992,#7993),
(#7994,#7995,#7996),(#7997,#7998,#7999)),.UNSPECIFIED.,.F.,.F.,.F.)
B_SPLINE_SURFACE_WITH_KNOTS((4,2,2,2,2,4),(3,3),(0.,0.000390542587491918,
0.000585813881237877,0.000781085174983836,0.00117162776247575,0.00156217034996767),
(0.,1.),.UNSPECIFIED.)
GEOMETRIC_REPRESENTATION_ITEM()
RATIONAL_B_SPLINE_SURFACE(((1.,0.708989902307513,1.),(1.,0.70899024112923,
1.),(1.,0.708940769124063,1.),(1.,0.70879866111781,1.),(1.,0.708740699756901,
1.),(1.,0.708603832923983,1.),(1.,0.708524194371617,1.),(1.,0.708263397226287,
1.),(1.,0.708053369997856,1.),(1.,0.707600990120886,1.),(1.,0.707353518823498,
1.),(1.,0.707106781186547,1.)))
REPRESENTATION_ITEM('')
SURFACE()
);
#41=(
BOUNDED_SURFACE()
B_SPLINE_SURFACE(3,2,((#8001,#8002,#8003),(#8004,#8005,#8006),(#8007,#8008,
#8009),(#8010,#8011,#8012),(#8013,#8014,#8015),(#8016,#8017,#8018),(#8019,
#8020,#8021),(#8022,#8023,#8024),(#8025,#8026,#8027),(#8028,#8029,#8030),
(#8031,#8032,#8033),(#8034,#8035,#8036)),.UNSPECIFIED.,.F.,.F.,.F.)
B_SPLINE_SURFACE_WITH_KNOTS((4,2,2,2,2,4),(3,3),(0.,0.000390541379341187,
0.00058581206901178,0.000781082758682374,0.00117162413802356,0.00156216551736475),
(0.,1.),.UNSPECIFIED.)
GEOMETRIC_REPRESENTATION_ITEM()
RATIONAL_B_SPLINE_SURFACE(((1.,0.705698853819181,1.),(1.,0.705698608823798,
1.),(1.,0.705735314448812,1.),(1.,0.705840934461784,1.),(1.,0.705884031160943,
1.),(1.,0.705985886739066,1.),(1.,0.706045192988424,1.),(1.,0.706239615489676,
1.),(1.,0.706396455057963,1.),(1.,0.706735231990715,1.),(1.,0.706921001531171,
1.),(1.,0.707106781186547,1.)))
REPRESENTATION_ITEM('')
SURFACE()
);
#42=(
BOUNDED_SURFACE()
B_SPLINE_SURFACE(3,2,((#8042,#8043,#8044),(#8045,#8046,#8047),(#8048,#8049,
#8050),(#8051,#8052,#8053),(#8054,#8055,#8056),(#8057,#8058,#8059),(#8060,
#8061,#8062),(#8063,#8064,#8065),(#8066,#8067,#8068),(#8069,#8070,#8071),
(#8072,#8073,#8074),(#8075,#8076,#8077)),.UNSPECIFIED.,.F.,.F.,.F.)
B_SPLINE_SURFACE_WITH_KNOTS((4,2,2,2,2,4),(3,3),(0.,0.000390541381654391,
0.000585812072481586,0.000781082763308781,0.00117162414496317,0.00156216552661756),
(0.,1.),.UNSPECIFIED.)
GEOMETRIC_REPRESENTATION_ITEM()
RATIONAL_B_SPLINE_SURFACE(((1.,0.707106781186547,1.),(1.,0.706922074548439,
1.),(1.,0.70673754904777,1.),(1.,0.706481730751855,1.),(1.,0.706400886717602,
1.),(1.,0.70624794911334,1.),(1.,0.706175565524529,1.),(1.,0.705981003234745,
1.),(1.,0.705876319865375,1.),(1.,0.705736094763003,1.),(1.,0.705698551827175,
1.),(1.,0.705698853814295,1.)))
REPRESENTATION_ITEM('')
SURFACE()
);
#43=TOROIDAL_SURFACE('',#2380,110.782046791976,4.);
#44=TOROIDAL_SURFACE('',#2457,6.,1.);
#45=TOROIDAL_SURFACE('',#2461,6.,1.);
#46=TOROIDAL_SURFACE('',#2465,6.,1.);
#47=TOROIDAL_SURFACE('',#2469,6.,1.);
#48=TOROIDAL_SURFACE('',#2471,113.782046791976,1.);
#49=TOROIDAL_SURFACE('',#2475,113.782046791976,1.);
#50=SPHERICAL_SURFACE('',#2339,1.);
#51=SPHERICAL_SURFACE('',#2345,1.);
#52=FACE_BOUND('',#293,.T.);
#53=FACE_BOUND('',#294,.T.);
#54=FACE_BOUND('',#295,.T.);
#55=FACE_BOUND('',#297,.T.);
#56=FACE_BOUND('',#322,.T.);
#57=FACE_BOUND('',#329,.T.);
#58=FACE_BOUND('',#338,.T.);
#59=FACE_BOUND('',#345,.T.);
#60=ELLIPSE('',#2290,7.65499688050721,7.65437803501219);
#61=ELLIPSE('',#2293,7.65499688050722,7.65437803501219);
#62=ELLIPSE('',#2296,7.65499688050721,7.65437803501219);
#63=ELLIPSE('',#2299,7.65499688050722,7.65437803501219);
#64=ELLIPSE('',#2309,2.3094010767585,1.99999999999999);
#65=ELLIPSE('',#2310,2.30940107675847,1.99999999999999);
#66=ELLIPSE('',#2311,4.00000000001834,2.00000000001678);
#67=ELLIPSE('',#2312,3.99999999945488,1.99999999950997);
#68=ELLIPSE('',#2318,3.99999999938622,1.99999999943814);
#69=ELLIPSE('',#2319,3.99999999961102,1.99999999963998);
#70=ELLIPSE('',#2327,4.00942580320421,4.00060044634371);
#71=ELLIPSE('',#2328,4.00464902676612,3.9999999999983);
#72=ELLIPSE('',#2352,2.20255696472218,2.20000000000004);
#73=ELLIPSE('',#2353,2.20255696472218,2.20000000000004);
#74=ELLIPSE('',#2355,2.20255696472217,2.19999999999984);
#75=ELLIPSE('',#2356,2.20255696472217,2.19999999999984);
#76=ELLIPSE('',#2358,2.20255696472219,2.19999999999985);
#77=ELLIPSE('',#2359,2.20255696472219,2.19999999999985);
#78=ELLIPSE('',#2361,2.20255696472216,2.20000000000003);
#79=ELLIPSE('',#2362,2.20255696472216,2.20000000000003);
#80=ELLIPSE('',#2365,100.243250041097,16.9851964899012);
#81=ELLIPSE('',#2368,100.243249448924,16.9851964396713);
#82=ELLIPSE('',#2382,4.62417038724717,4.00000000003135);
#83=ELLIPSE('',#2383,4.62417038723019,4.00000000000358);
#84=ELLIPSE('',#2384,4.62417038718309,3.99999999993558);
#85=ELLIPSE('',#2385,4.62417038721544,3.99999999998529);
#86=ELLIPSE('',#2386,5.05952120829188,3.56505999363066);
#87=ELLIPSE('',#2432,133.754125436775,95.8656922967218);
#88=ELLIPSE('',#2434,135.532076451002,97.3884837878512);
#89=ELLIPSE('',#2435,133.364247593367,95.30814120215);
#90=ELLIPSE('',#2436,135.532133832978,97.3885661836931);
#91=ELLIPSE('',#2449,123.191329330896,18.5737875257689);
#92=ELLIPSE('',#2450,123.191330590489,18.5737876192229);
#93=CYLINDRICAL_SURFACE('',#2289,7.65437803501219);
#94=CYLINDRICAL_SURFACE('',#2292,7.65437803501219);
#95=CYLINDRICAL_SURFACE('',#2295,7.65437803501219);
#96=CYLINDRICAL_SURFACE('',#2298,7.65437803501219);
#97=CYLINDRICAL_SURFACE('',#2304,114.782046791976);
#98=CYLINDRICAL_SURFACE('',#2308,1.99999999999999);
#99=CYLINDRICAL_SURFACE('',#2316,2.);
#100=CYLINDRICAL_SURFACE('',#2343,1.);
#101=CYLINDRICAL_SURFACE('',#2349,1.);
#102=CYLINDRICAL_SURFACE('',#2351,2.20000000000001);
#103=CYLINDRICAL_SURFACE('',#2354,2.19999999999998);
#104=CYLINDRICAL_SURFACE('',#2357,2.20000000000001);
#105=CYLINDRICAL_SURFACE('',#2360,2.19999999999998);
#106=CYLINDRICAL_SURFACE('',#2363,5.00000000000001);
#107=CYLINDRICAL_SURFACE('',#2367,5.00000000000001);
#108=CYLINDRICAL_SURFACE('',#2381,4.);
#109=CYLINDRICAL_SURFACE('',#2387,4.);
#110=CYLINDRICAL_SURFACE('',#2444,5.);
#111=CYLINDRICAL_SURFACE('',#2446,5.);
#112=CYLINDRICAL_SURFACE('',#2448,4.);
#113=CYLINDRICAL_SURFACE('',#2453,1.);
#114=CYLINDRICAL_SURFACE('',#2455,1.);
#115=CYLINDRICAL_SURFACE('',#2463,1.);
#116=CYLINDRICAL_SURFACE('',#2478,1.);
#117=CYLINDRICAL_SURFACE('',#2480,1.);
#118=CYLINDRICAL_SURFACE('',#2484,1.);
#119=CYLINDRICAL_SURFACE('',#2486,1.);
#120=B_SPLINE_SURFACE_WITH_KNOTS('',2,1,((#3068,#3069),(#3070,#3071),(#3072,
#3073)),.UNSPECIFIED.,.F.,.F.,.F.,(3,3),(2,2),(-2.,-1.),(0.,1.3004216446264),
 .UNSPECIFIED.);
#121=B_SPLINE_SURFACE_WITH_KNOTS('',4,1,((#3109,#3110),(#3111,#3112),(#3113,
#3114),(#3115,#3116),(#3117,#3118)),.UNSPECIFIED.,.F.,.F.,.F.,(5,5),(2,
2),(-1.,0.),(0.,1.3004216446264),.UNSPECIFIED.);
#122=B_SPLINE_SURFACE_WITH_KNOTS('',4,1,((#3304,#3305),(#3306,#3307),(#3308,
#3309),(#3310,#3311),(#3312,#3313)),.UNSPECIFIED.,.F.,.F.,.F.,(5,5),(2,
2),(-1.,0.),(0.,1.3004216446264),.UNSPECIFIED.);
#123=B_SPLINE_SURFACE_WITH_KNOTS('',2,1,((#3496,#3497),(#3498,#3499),(#3500,
#3501)),.UNSPECIFIED.,.F.,.F.,.F.,(3,3),(2,2),(-2.,-1.),(0.,1.3004216446264),
 .UNSPECIFIED.);
#124=B_SPLINE_SURFACE_WITH_KNOTS('',2,1,((#3534,#3535),(#3536,#3537),(#3538,
#3539)),.UNSPECIFIED.,.F.,.F.,.F.,(3,3),(2,2),(-2.,-1.),(0.,1.3004216446264),
 .UNSPECIFIED.);
#125=B_SPLINE_SURFACE_WITH_KNOTS('',4,1,((#3572,#3573),(#3574,#3575),(#3576,
#3577),(#3578,#3579),(#3580,#3581)),.UNSPECIFIED.,.F.,.F.,.F.,(5,5),(2,
2),(-1.,0.),(0.,1.3004216446264),.UNSPECIFIED.);
#126=B_SPLINE_SURFACE_WITH_KNOTS('',4,1,((#3767,#3768),(#3769,#3770),(#3771,
#3772),(#3773,#3774),(#3775,#3776)),.UNSPECIFIED.,.F.,.F.,.F.,(5,5),(2,
2),(-1.,0.),(0.,1.3004216446264),.UNSPECIFIED.);
#127=B_SPLINE_SURFACE_WITH_KNOTS('',2,1,((#3953,#3954),(#3955,#3956),(#3957,
#3958)),.UNSPECIFIED.,.F.,.F.,.F.,(3,3),(2,2),(-2.,-1.),(0.,1.3004216446264),
 .UNSPECIFIED.);
#128=B_SPLINE_SURFACE_WITH_KNOTS('',4,1,((#3979,#3980),(#3981,#3982),(#3983,
#3984),(#3985,#3986),(#3987,#3988)),.UNSPECIFIED.,.F.,.F.,.F.,(5,5),(2,
2),(-1.,0.),(0.,1.3004216446264),.UNSPECIFIED.);
#129=B_SPLINE_SURFACE_WITH_KNOTS('',4,1,((#4177,#4178),(#4179,#4180),(#4181,
#4182),(#4183,#4184),(#4185,#4186)),.UNSPECIFIED.,.F.,.F.,.F.,(5,5),(2,
2),(-1.,0.),(0.,1.3004216446264),.UNSPECIFIED.);
#130=B_SPLINE_SURFACE_WITH_KNOTS('',2,1,((#4369,#4370),(#4371,#4372),(#4373,
#4374)),.UNSPECIFIED.,.F.,.F.,.F.,(3,3),(2,2),(-2.,-1.),(0.,1.3004216446264),
 .UNSPECIFIED.);
#131=B_SPLINE_SURFACE_WITH_KNOTS('',2,1,((#4407,#4408),(#4409,#4410),(#4411,
#4412)),.UNSPECIFIED.,.F.,.F.,.F.,(3,3),(2,2),(-2.,-1.),(0.,1.3004216446264),
 .UNSPECIFIED.);
#132=B_SPLINE_SURFACE_WITH_KNOTS('',4,1,((#4445,#4446),(#4447,#4448),(#4449,
#4450),(#4451,#4452),(#4453,#4454)),.UNSPECIFIED.,.F.,.F.,.F.,(5,5),(2,
2),(-1.,0.),(0.,1.3004216446264),.UNSPECIFIED.);
#133=B_SPLINE_SURFACE_WITH_KNOTS('',4,1,((#4649,#4650),(#4651,#4652),(#4653,
#4654),(#4655,#4656),(#4657,#4658)),.UNSPECIFIED.,.F.,.F.,.F.,(5,5),(2,
2),(-1.,0.),(0.,1.3004216446264),.UNSPECIFIED.);
#134=B_SPLINE_SURFACE_WITH_KNOTS('',2,1,((#4841,#4842),(#4843,#4844),(#4845,
#4846)),.UNSPECIFIED.,.F.,.F.,.F.,(3,3),(2,2),(-2.,-1.),(0.,1.3004216446264),
 .UNSPECIFIED.);
#135=B_SPLINE_SURFACE_WITH_KNOTS('',3,1,((#5385,#5386),(#5387,#5388),(#5389,
#5390),(#5391,#5392),(#5393,#5394),(#5395,#5396)),.UNSPECIFIED.,.F.,.F.,
 .F.,(4,2,4),(2,2),(0.,0.101636916604825,1.),(0.,2.52000000000001),
 .UNSPECIFIED.);
#136=B_SPLINE_SURFACE_WITH_KNOTS('',3,1,((#5431,#5432),(#5433,#5434),(#5435,
#5436),(#5437,#5438),(#5439,#5440),(#5441,#5442)),.UNSPECIFIED.,.F.,.F.,
 .F.,(4,2,4),(2,2),(0.,0.151554380003485,1.),(0.,36.08988),
 .UNSPECIFIED.);
#137=B_SPLINE_SURFACE_WITH_KNOTS('',3,1,((#5518,#5519),(#5520,#5521),(#5522,
#5523),(#5524,#5525),(#5526,#5527),(#5528,#5529)),.UNSPECIFIED.,.F.,.F.,
 .F.,(4,2,4),(2,2),(0.,0.151554380003485,1.),(0.,36.08988),
 .UNSPECIFIED.);
#138=B_SPLINE_SURFACE_WITH_KNOTS('',3,1,((#5987,#5988),(#5989,#5990),(#5991,
#5992),(#5993,#5994),(#5995,#5996),(#5997,#5998)),.UNSPECIFIED.,.F.,.F.,
 .F.,(4,2,4),(2,2),(0.,0.151554380003485,1.),(0.,36.08988),
 .UNSPECIFIED.);
#139=B_SPLINE_SURFACE_WITH_KNOTS('',3,1,((#6346,#6347),(#6348,#6349),(#6350,
#6351),(#6352,#6353),(#6354,#6355),(#6356,#6357)),.UNSPECIFIED.,.F.,.F.,
 .F.,(4,2,4),(2,2),(0.,0.101636916604825,1.),(0.,2.52),.UNSPECIFIED.);
#140=FACE_OUTER_BOUND('',#266,.T.);
#141=FACE_OUTER_BOUND('',#267,.T.);
#142=FACE_OUTER_BOUND('',#268,.T.);
#143=FACE_OUTER_BOUND('',#269,.T.);
#144=FACE_OUTER_BOUND('',#270,.T.);
#145=FACE_OUTER_BOUND('',#271,.T.);
#146=FACE_OUTER_BOUND('',#272,.T.);
#147=FACE_OUTER_BOUND('',#273,.T.);
#148=FACE_OUTER_BOUND('',#274,.T.);
#149=FACE_OUTER_BOUND('',#275,.T.);
#150=FACE_OUTER_BOUND('',#276,.T.);
#151=FACE_OUTER_BOUND('',#277,.T.);
#152=FACE_OUTER_BOUND('',#278,.T.);
#153=FACE_OUTER_BOUND('',#279,.T.);
#154=FACE_OUTER_BOUND('',#280,.T.);
#155=FACE_OUTER_BOUND('',#281,.T.);
#156=FACE_OUTER_BOUND('',#282,.T.);
#157=FACE_OUTER_BOUND('',#283,.T.);
#158=FACE_OUTER_BOUND('',#284,.T.);
#159=FACE_OUTER_BOUND('',#285,.T.);
#160=FACE_OUTER_BOUND('',#286,.T.);
#161=FACE_OUTER_BOUND('',#287,.T.);
#162=FACE_OUTER_BOUND('',#288,.T.);
#163=FACE_OUTER_BOUND('',#289,.T.);
#164=FACE_OUTER_BOUND('',#290,.T.);
#165=FACE_OUTER_BOUND('',#291,.T.);
#166=FACE_OUTER_BOUND('',#292,.T.);
#167=FACE_OUTER_BOUND('',#296,.T.);
#168=FACE_OUTER_BOUND('',#298,.T.);
#169=FACE_OUTER_BOUND('',#299,.T.);
#170=FACE_OUTER_BOUND('',#300,.T.);
#171=FACE_OUTER_BOUND('',#301,.T.);
#172=FACE_OUTER_BOUND('',#302,.T.);
#173=FACE_OUTER_BOUND('',#303,.T.);
#174=FACE_OUTER_BOUND('',#304,.T.);
#175=FACE_OUTER_BOUND('',#305,.T.);
#176=FACE_OUTER_BOUND('',#306,.T.);
#177=FACE_OUTER_BOUND('',#307,.T.);
#178=FACE_OUTER_BOUND('',#308,.T.);
#179=FACE_OUTER_BOUND('',#309,.T.);
#180=FACE_OUTER_BOUND('',#310,.T.);
#181=FACE_OUTER_BOUND('',#311,.T.);
#182=FACE_OUTER_BOUND('',#312,.T.);
#183=FACE_OUTER_BOUND('',#313,.T.);
#184=FACE_OUTER_BOUND('',#314,.T.);
#185=FACE_OUTER_BOUND('',#315,.T.);
#186=FACE_OUTER_BOUND('',#316,.T.);
#187=FACE_OUTER_BOUND('',#317,.T.);
#188=FACE_OUTER_BOUND('',#318,.T.);
#189=FACE_OUTER_BOUND('',#319,.T.);
#190=FACE_OUTER_BOUND('',#320,.T.);
#191=FACE_OUTER_BOUND('',#321,.T.);
#192=FACE_OUTER_BOUND('',#323,.T.);
#193=FACE_OUTER_BOUND('',#324,.T.);
#194=FACE_OUTER_BOUND('',#325,.T.);
#195=FACE_OUTER_BOUND('',#326,.T.);
#196=FACE_OUTER_BOUND('',#327,.T.);
#197=FACE_OUTER_BOUND('',#328,.T.);
#198=FACE_OUTER_BOUND('',#330,.T.);
#199=FACE_OUTER_BOUND('',#331,.T.);
#200=FACE_OUTER_BOUND('',#332,.T.);
#201=FACE_OUTER_BOUND('',#333,.T.);
#202=FACE_OUTER_BOUND('',#334,.T.);
#203=FACE_OUTER_BOUND('',#335,.T.);
#204=FACE_OUTER_BOUND('',#336,.T.);
#205=FACE_OUTER_BOUND('',#337,.T.);
#206=FACE_OUTER_BOUND('',#339,.T.);
#207=FACE_OUTER_BOUND('',#340,.T.);
#208=FACE_OUTER_BOUND('',#341,.T.);
#209=FACE_OUTER_BOUND('',#342,.T.);
#210=FACE_OUTER_BOUND('',#343,.T.);
#211=FACE_OUTER_BOUND('',#344,.T.);
#212=FACE_OUTER_BOUND('',#346,.T.);
#213=FACE_OUTER_BOUND('',#347,.T.);
#214=FACE_OUTER_BOUND('',#348,.T.);
#215=FACE_OUTER_BOUND('',#349,.T.);
#216=FACE_OUTER_BOUND('',#350,.T.);
#217=FACE_OUTER_BOUND('',#351,.T.);
#218=FACE_OUTER_BOUND('',#352,.T.);
#219=FACE_OUTER_BOUND('',#353,.T.);
#220=FACE_OUTER_BOUND('',#354,.T.);
#221=FACE_OUTER_BOUND('',#355,.T.);
#222=FACE_OUTER_BOUND('',#356,.T.);
#223=FACE_OUTER_BOUND('',#357,.T.);
#224=FACE_OUTER_BOUND('',#358,.T.);
#225=FACE_OUTER_BOUND('',#359,.T.);
#226=FACE_OUTER_BOUND('',#360,.T.);
#227=FACE_OUTER_BOUND('',#361,.T.);
#228=FACE_OUTER_BOUND('',#362,.T.);
#229=FACE_OUTER_BOUND('',#363,.T.);
#230=FACE_OUTER_BOUND('',#364,.T.);
#231=FACE_OUTER_BOUND('',#365,.T.);
#232=FACE_OUTER_BOUND('',#366,.T.);
#233=FACE_OUTER_BOUND('',#367,.T.);
#234=FACE_OUTER_BOUND('',#368,.T.);
#235=FACE_OUTER_BOUND('',#369,.T.);
#236=FACE_OUTER_BOUND('',#370,.T.);
#237=FACE_OUTER_BOUND('',#371,.T.);
#238=FACE_OUTER_BOUND('',#372,.T.);
#239=FACE_OUTER_BOUND('',#373,.T.);
#240=FACE_OUTER_BOUND('',#374,.T.);
#241=FACE_OUTER_BOUND('',#375,.T.);
#242=FACE_OUTER_BOUND('',#376,.T.);
#243=FACE_OUTER_BOUND('',#377,.T.);
#244=FACE_OUTER_BOUND('',#378,.T.);
#245=FACE_OUTER_BOUND('',#379,.T.);
#246=FACE_OUTER_BOUND('',#380,.T.);
#247=FACE_OUTER_BOUND('',#381,.T.);
#248=FACE_OUTER_BOUND('',#382,.T.);
#249=FACE_OUTER_BOUND('',#383,.T.);
#250=FACE_OUTER_BOUND('',#384,.T.);
#251=FACE_OUTER_BOUND('',#385,.T.);
#252=FACE_OUTER_BOUND('',#386,.T.);
#253=FACE_OUTER_BOUND('',#387,.T.);
#254=FACE_OUTER_BOUND('',#388,.T.);
#255=FACE_OUTER_BOUND('',#389,.T.);
#256=FACE_OUTER_BOUND('',#390,.T.);
#257=FACE_OUTER_BOUND('',#391,.T.);
#258=FACE_OUTER_BOUND('',#392,.T.);
#259=FACE_OUTER_BOUND('',#393,.T.);
#260=FACE_OUTER_BOUND('',#394,.T.);
#261=FACE_OUTER_BOUND('',#395,.T.);
#262=FACE_OUTER_BOUND('',#396,.T.);
#263=FACE_OUTER_BOUND('',#397,.T.);
#264=FACE_OUTER_BOUND('',#398,.T.);
#265=FACE_OUTER_BOUND('',#399,.T.);
#266=EDGE_LOOP('',(#1415,#1416,#1417,#1418,#1419,#1420,#1421,#1422));
#267=EDGE_LOOP('',(#1423,#1424,#1425,#1426));
#268=EDGE_LOOP('',(#1427,#1428,#1429,#1430));
#269=EDGE_LOOP('',(#1431,#1432,#1433,#1434));
#270=EDGE_LOOP('',(#1435,#1436,#1437,#1438));
#271=EDGE_LOOP('',(#1439,#1440,#1441,#1442));
#272=EDGE_LOOP('',(#1443,#1444,#1445,#1446));
#273=EDGE_LOOP('',(#1447,#1448,#1449,#1450));
#274=EDGE_LOOP('',(#1451,#1452,#1453,#1454));
#275=EDGE_LOOP('',(#1455,#1456,#1457,#1458));
#276=EDGE_LOOP('',(#1459,#1460,#1461,#1462));
#277=EDGE_LOOP('',(#1463,#1464,#1465,#1466));
#278=EDGE_LOOP('',(#1467,#1468,#1469,#1470));
#279=EDGE_LOOP('',(#1471,#1472,#1473,#1474));
#280=EDGE_LOOP('',(#1475,#1476,#1477,#1478));
#281=EDGE_LOOP('',(#1479,#1480,#1481,#1482));
#282=EDGE_LOOP('',(#1483,#1484,#1485,#1486));
#283=EDGE_LOOP('',(#1487,#1488,#1489,#1490));
#284=EDGE_LOOP('',(#1491,#1492,#1493,#1494));
#285=EDGE_LOOP('',(#1495,#1496,#1497,#1498));
#286=EDGE_LOOP('',(#1499,#1500,#1501,#1502,#1503,#1504,#1505,#1506));
#287=EDGE_LOOP('',(#1507,#1508,#1509,#1510,#1511,#1512,#1513,#1514,#1515));
#288=EDGE_LOOP('',(#1516,#1517,#1518,#1519,#1520,#1521,#1522,#1523,#1524,
#1525,#1526));
#289=EDGE_LOOP('',(#1527,#1528,#1529,#1530,#1531,#1532,#1533,#1534,#1535,
#1536,#1537,#1538,#1539,#1540,#1541,#1542,#1543,#1544,#1545,#1546,#1547,
#1548,#1549,#1550,#1551,#1552,#1553,#1554,#1555,#1556,#1557,#1558,#1559,
#1560,#1561,#1562,#1563,#1564,#1565,#1566,#1567,#1568,#1569,#1570));
#290=EDGE_LOOP('',(#1571,#1572,#1573,#1574,#1575,#1576,#1577,#1578,#1579,
#1580));
#291=EDGE_LOOP('',(#1581,#1582,#1583,#1584));
#292=EDGE_LOOP('',(#1585,#1586,#1587,#1588,#1589,#1590,#1591,#1592,#1593,
#1594,#1595,#1596,#1597,#1598));
#293=EDGE_LOOP('',(#1599,#1600));
#294=EDGE_LOOP('',(#1601,#1602));
#295=EDGE_LOOP('',(#1603,#1604));
#296=EDGE_LOOP('',(#1605,#1606,#1607,#1608,#1609,#1610));
#297=EDGE_LOOP('',(#1611,#1612));
#298=EDGE_LOOP('',(#1613,#1614,#1615));
#299=EDGE_LOOP('',(#1616,#1617,#1618,#1619));
#300=EDGE_LOOP('',(#1620,#1621,#1622));
#301=EDGE_LOOP('',(#1623,#1624,#1625,#1626));
#302=EDGE_LOOP('',(#1627,#1628,#1629,#1630,#1631,#1632));
#303=EDGE_LOOP('',(#1633,#1634,#1635,#1636,#1637,#1638));
#304=EDGE_LOOP('',(#1639,#1640,#1641,#1642,#1643,#1644));
#305=EDGE_LOOP('',(#1645,#1646,#1647,#1648,#1649,#1650));
#306=EDGE_LOOP('',(#1651,#1652,#1653,#1654,#1655,#1656,#1657,#1658));
#307=EDGE_LOOP('',(#1659,#1660,#1661,#1662,#1663,#1664,#1665,#1666,#1667));
#308=EDGE_LOOP('',(#1668,#1669,#1670,#1671,#1672,#1673,#1674));
#309=EDGE_LOOP('',(#1675,#1676,#1677,#1678));
#310=EDGE_LOOP('',(#1679,#1680,#1681,#1682,#1683,#1684,#1685,#1686,#1687,
#1688,#1689,#1690,#1691,#1692,#1693,#1694,#1695,#1696,#1697,#1698,#1699,
#1700,#1701,#1702,#1703,#1704,#1705,#1706,#1707,#1708));
#311=EDGE_LOOP('',(#1709,#1710,#1711,#1712));
#312=EDGE_LOOP('',(#1713,#1714,#1715,#1716));
#313=EDGE_LOOP('',(#1717,#1718,#1719,#1720));
#314=EDGE_LOOP('',(#1721,#1722,#1723,#1724,#1725));
#315=EDGE_LOOP('',(#1726,#1727,#1728,#1729,#1730,#1731,#1732,#1733,#1734,
#1735));
#316=EDGE_LOOP('',(#1736,#1737,#1738,#1739));
#317=EDGE_LOOP('',(#1740,#1741,#1742,#1743));
#318=EDGE_LOOP('',(#1744,#1745,#1746,#1747));
#319=EDGE_LOOP('',(#1748,#1749,#1750,#1751,#1752));
#320=EDGE_LOOP('',(#1753,#1754,#1755,#1756,#1757));
#321=EDGE_LOOP('',(#1758,#1759,#1760,#1761,#1762,#1763));
#322=EDGE_LOOP('',(#1764,#1765));
#323=EDGE_LOOP('',(#1766,#1767,#1768,#1769));
#324=EDGE_LOOP('',(#1770,#1771,#1772,#1773));
#325=EDGE_LOOP('',(#1774,#1775,#1776,#1777));
#326=EDGE_LOOP('',(#1778,#1779,#1780,#1781,#1782));
#327=EDGE_LOOP('',(#1783,#1784,#1785,#1786,#1787,#1788));
#328=EDGE_LOOP('',(#1789,#1790,#1791,#1792,#1793,#1794));
#329=EDGE_LOOP('',(#1795,#1796));
#330=EDGE_LOOP('',(#1797,#1798,#1799,#1800,#1801));
#331=EDGE_LOOP('',(#1802,#1803,#1804,#1805));
#332=EDGE_LOOP('',(#1806,#1807,#1808,#1809));
#333=EDGE_LOOP('',(#1810,#1811,#1812,#1813));
#334=EDGE_LOOP('',(#1814,#1815,#1816,#1817,#1818));
#335=EDGE_LOOP('',(#1819,#1820,#1821,#1822));
#336=EDGE_LOOP('',(#1823,#1824,#1825,#1826,#1827));
#337=EDGE_LOOP('',(#1828,#1829,#1830,#1831,#1832,#1833));
#338=EDGE_LOOP('',(#1834,#1835));
#339=EDGE_LOOP('',(#1836,#1837,#1838,#1839));
#340=EDGE_LOOP('',(#1840,#1841,#1842,#1843));
#341=EDGE_LOOP('',(#1844,#1845,#1846,#1847));
#342=EDGE_LOOP('',(#1848,#1849,#1850,#1851,#1852));
#343=EDGE_LOOP('',(#1853,#1854,#1855,#1856,#1857,#1858));
#344=EDGE_LOOP('',(#1859,#1860,#1861,#1862,#1863,#1864));
#345=EDGE_LOOP('',(#1865,#1866));
#346=EDGE_LOOP('',(#1867,#1868,#1869,#1870));
#347=EDGE_LOOP('',(#1871,#1872,#1873,#1874,#1875));
#348=EDGE_LOOP('',(#1876,#1877,#1878,#1879));
#349=EDGE_LOOP('',(#1880,#1881,#1882,#1883));
#350=EDGE_LOOP('',(#1884,#1885,#1886,#1887,#1888));
#351=EDGE_LOOP('',(#1889,#1890,#1891,#1892));
#352=EDGE_LOOP('',(#1893,#1894,#1895,#1896,#1897));
#353=EDGE_LOOP('',(#1898,#1899,#1900,#1901));
#354=EDGE_LOOP('',(#1902,#1903,#1904,#1905,#1906));
#355=EDGE_LOOP('',(#1907,#1908,#1909,#1910,#1911));
#356=EDGE_LOOP('',(#1912,#1913,#1914,#1915,#1916,#1917,#1918,#1919));
#357=EDGE_LOOP('',(#1920,#1921,#1922,#1923));
#358=EDGE_LOOP('',(#1924,#1925,#1926,#1927));
#359=EDGE_LOOP('',(#1928,#1929,#1930,#1931));
#360=EDGE_LOOP('',(#1932,#1933,#1934,#1935,#1936));
#361=EDGE_LOOP('',(#1937,#1938,#1939,#1940));
#362=EDGE_LOOP('',(#1941,#1942,#1943,#1944));
#363=EDGE_LOOP('',(#1945,#1946,#1947,#1948,#1949));
#364=EDGE_LOOP('',(#1950,#1951,#1952,#1953));
#365=EDGE_LOOP('',(#1954,#1955,#1956));
#366=EDGE_LOOP('',(#1957,#1958,#1959,#1960));
#367=EDGE_LOOP('',(#1961,#1962,#1963,#1964,#1965));
#368=EDGE_LOOP('',(#1966,#1967,#1968));
#369=EDGE_LOOP('',(#1969,#1970,#1971,#1972));
#370=EDGE_LOOP('',(#1973,#1974,#1975,#1976,#1977,#1978,#1979,#1980));
#371=EDGE_LOOP('',(#1981,#1982,#1983,#1984));
#372=EDGE_LOOP('',(#1985,#1986,#1987,#1988));
#373=EDGE_LOOP('',(#1989,#1990,#1991,#1992));
#374=EDGE_LOOP('',(#1993,#1994,#1995,#1996));
#375=EDGE_LOOP('',(#1997,#1998,#1999,#2000));
#376=EDGE_LOOP('',(#2001,#2002,#2003,#2004));
#377=EDGE_LOOP('',(#2005,#2006,#2007,#2008));
#378=EDGE_LOOP('',(#2009,#2010,#2011,#2012));
#379=EDGE_LOOP('',(#2013,#2014,#2015,#2016));
#380=EDGE_LOOP('',(#2017,#2018,#2019,#2020));
#381=EDGE_LOOP('',(#2021,#2022,#2023,#2024));
#382=EDGE_LOOP('',(#2025,#2026,#2027,#2028));
#383=EDGE_LOOP('',(#2029,#2030,#2031,#2032));
#384=EDGE_LOOP('',(#2033,#2034,#2035,#2036));
#385=EDGE_LOOP('',(#2037,#2038,#2039,#2040));
#386=EDGE_LOOP('',(#2041,#2042,#2043,#2044));
#387=EDGE_LOOP('',(#2045,#2046,#2047,#2048));
#388=EDGE_LOOP('',(#2049,#2050,#2051,#2052));
#389=EDGE_LOOP('',(#2053,#2054,#2055,#2056));
#390=EDGE_LOOP('',(#2057,#2058,#2059,#2060));
#391=EDGE_LOOP('',(#2061,#2062,#2063,#2064));
#392=EDGE_LOOP('',(#2065,#2066,#2067,#2068));
#393=EDGE_LOOP('',(#2069,#2070,#2071,#2072));
#394=EDGE_LOOP('',(#2073,#2074,#2075,#2076));
#395=EDGE_LOOP('',(#2077,#2078,#2079,#2080));
#396=EDGE_LOOP('',(#2081,#2082,#2083,#2084));
#397=EDGE_LOOP('',(#2085,#2086,#2087,#2088));
#398=EDGE_LOOP('',(#2089,#2090,#2091,#2092));
#399=EDGE_LOOP('',(#2093,#2094,#2095,#2096));
#400=B_SPLINE_CURVE_WITH_KNOTS('',3,(#3061,#3062,#3063,#3064,#3065,#3066),
 .UNSPECIFIED.,.F.,.F.,(4,2,4),(-0.385830191994048,-0.192915653491886,0.),
 .UNSPECIFIED.);
#401=B_SPLINE_CURVE_WITH_KNOTS('',3,(#3076,#3077,#3078,#3079,#3080,#3081,
#3082,#3083,#3084,#3085,#3086,#3087,#3088,#3089,#3090,#3091,#3092,#3093,
#3094,#3095,#3096,#3097,#3098,#3099,#3100),.UNSPECIFIED.,.F.,.F.,(4,3,3,
3,3,3,3,3,4),(0.,0.0978917015136383,0.206424286671008,0.290942148242478,
0.314956871828377,0.374072075809634,0.459978708513897,0.513051650016947,
0.545885341218161),.UNSPECIFIED.);
#402=B_SPLINE_CURVE_WITH_KNOTS('',3,(#3104,#3105,#3106,#3107),
 .UNSPECIFIED.,.F.,.F.,(4,4),(0.,0.548576878781573),.UNSPECIFIED.);
#403=B_SPLINE_CURVE_WITH_KNOTS('',3,(#3120,#3121,#3122,#3123,#3124,#3125,
#3126,#3127,#3128,#3129,#3130,#3131,#3132,#3133,#3134,#3135,#3136,#3137,
#3138,#3139,#3140,#3141,#3142,#3143,#3144,#3145,#3146,#3147,#3148,#3149,
#3150,#3151,#3152,#3153,#3154,#3155,#3156,#3157,#3158,#3159,#3160,#3161,
#3162,#3163,#3164,#3165,#3166,#3167,#3168,#3169,#3170,#3171,#3172,#3173,
#3174,#3175,#3176,#3177,#3178,#3179,#3180,#3181,#3182,#3183,#3184,#3185,
#3186,#3187,#3188,#3189,#3190,#3191,#3192,#3193,#3194,#3195,#3196,#3197,
#3198),.UNSPECIFIED.,.F.,.F.,(4,3,3,3,3,3,3,3,3,3,3,3,3,3,3,3,3,3,3,3,3,
3,3,3,3,3,4),(0.,0.0456047072401063,0.102196985968015,0.143455390854445,
0.158789264695924,0.215160239206425,0.262463367547748,0.280576423181974,
0.33378343931026,0.396031009328474,0.409496419166202,0.505289309850826,
0.590681706946914,0.6260020717421,0.72091513018142,0.833654735740268,0.910795085251316,
0.954931236486883,0.98994793759301,1.01066616673823,1.0547991095495,1.09379999288248,
1.12820705545987,1.1840169318874,1.1887739182364,1.30518808420454,1.38898267855025),
 .UNSPECIFIED.);
#404=B_SPLINE_CURVE_WITH_KNOTS('',3,(#3200,#3201,#3202,#3203,#3204,#3205,
#3206,#3207,#3208,#3209,#3210,#3211,#3212,#3213,#3214,#3215,#3216,#3217,
#3218,#3219,#3220,#3221,#3222,#3223,#3224,#3225,#3226,#3227,#3228,#3229,
#3230,#3231,#3232,#3233,#3234,#3235,#3236,#3237,#3238,#3239,#3240,#3241,
#3242,#3243,#3244,#3245,#3246,#3247,#3248,#3249,#3250,#3251,#3252,#3253,
#3254,#3255,#3256,#3257,#3258,#3259,#3260,#3261,#3262,#3263,#3264,#3265,
#3266,#3267,#3268,#3269,#3270,#3271,#3272,#3273,#3274,#3275,#3276,#3277,
#3278,#3279,#3280,#3281,#3282,#3283,#3284,#3285,#3286,#3287,#3288,#3289,
#3290,#3291,#3292,#3293,#3294,#3295,#3296),.UNSPECIFIED.,.F.,.F.,(4,3,3,
3,3,3,3,3,3,3,3,3,3,3,3,3,3,3,3,3,3,3,3,3,3,3,3,3,3,3,3,3,4),(0.,0.0707448406184333,
0.141489681236826,0.212234521855242,0.282979362473663,0.353724203092058,
0.424469043710495,0.495213884328897,0.565958724947311,0.636703565565745,
0.707448406184187,0.778193246802589,0.848938087421028,0.919682928039498,
0.990427768657841,1.06117260927636,1.13420748105295,1.20495232167134,1.27569716228975,
1.34644200290812,1.41718684352655,1.48793168414497,1.55867652476344,1.6294213653818,
1.70016620600053,1.77091104661896,1.84165588723743,1.91240072785579,1.98314556847398,
2.05389040909238,2.12463524971094,2.19538009032939,2.22973055770172),
 .UNSPECIFIED.);
#405=B_SPLINE_CURVE_WITH_KNOTS('',3,(#3315,#3316,#3317,#3318,#3319,#3320,
#3321,#3322,#3323,#3324,#3325,#3326,#3327,#3328,#3329,#3330,#3331,#3332,
#3333,#3334,#3335,#3336,#3337,#3338,#3339,#3340,#3341,#3342,#3343,#3344,
#3345,#3346,#3347,#3348,#3349,#3350,#3351,#3352,#3353,#3354,#3355,#3356,
#3357,#3358,#3359,#3360,#3361,#3362,#3363,#3364,#3365,#3366,#3367,#3368,
#3369,#3370,#3371,#3372,#3373,#3374,#3375,#3376,#3377,#3378,#3379,#3380,
#3381,#3382,#3383,#3384,#3385,#3386,#3387,#3388,#3389,#3390,#3391,#3392,
#3393,#3394,#3395,#3396),.UNSPECIFIED.,.F.,.F.,(4,3,3,3,3,3,3,3,3,3,3,3,
3,3,3,3,3,3,3,3,3,3,3,3,3,3,3,4),(0.,0.059279342117153,0.11990214351934,
0.182986964114109,0.232646997308549,0.28798918102627,0.348536514400524,
0.40622004514355,0.488143394129641,0.545743078197932,0.614188121127154,
0.682198003879258,0.767421349767697,0.842074578376466,0.884674599027905,
1.07371058012123,1.24019940327572,1.3580410593063,1.47769750237096,1.61058877111662,
1.68759969641235,1.79371257215153,1.87935465180068,1.89943040929165,1.98160149167717,
2.05401397891727,2.13879980135582,2.23043742080549),.UNSPECIFIED.);
#406=B_SPLINE_CURVE_WITH_KNOTS('',3,(#3398,#3399,#3400,#3401,#3402,#3403,
#3404,#3405,#3406,#3407,#3408,#3409,#3410,#3411,#3412,#3413,#3414,#3415,
#3416,#3417,#3418,#3419,#3420,#3421,#3422,#3423,#3424,#3425,#3426,#3427,
#3428,#3429,#3430,#3431,#3432,#3433,#3434,#3435,#3436,#3437,#3438,#3439,
#3440,#3441,#3442,#3443,#3444,#3445,#3446,#3447,#3448,#3449,#3450,#3451,
#3452,#3453,#3454,#3455,#3456,#3457,#3458,#3459,#3460,#3461,#3462,#3463,
#3464,#3465,#3466,#3467,#3468,#3469,#3470,#3471,#3472,#3473,#3474,#3475,
#3476,#3477,#3478,#3479,#3480,#3481,#3482,#3483,#3484,#3485,#3486,#3487,
#3488,#3489,#3490,#3491,#3492,#3493,#3494),.UNSPECIFIED.,.F.,.F.,(4,3,3,
3,3,3,3,3,3,3,3,3,3,3,3,3,3,3,3,3,3,3,3,3,3,3,3,3,3,3,3,3,4),(0.,0.0440650556973534,
0.088130111394718,0.132195167092069,0.176260222789417,0.220325278486774,
0.264390334184113,0.308455389881458,0.352520445578801,0.396585501276165,
0.440650556973501,0.484715612670836,0.528780668368192,0.572845724065555,
0.616910779762889,0.660975835460255,0.706466173897405,0.75053122959475,
0.794596285292116,0.838661340989467,0.882726396686806,0.926791452384142,
0.970856508081464,1.0149215637788,1.0589866194762,1.10305167517355,1.14711673087088,
1.19118178656826,1.23524684226558,1.27931189796291,1.32337695366031,1.36744200935763,
1.38882125045465),.UNSPECIFIED.);
#407=B_SPLINE_CURVE_WITH_KNOTS('',3,(#3503,#3504,#3505,#3506,#3507,#3508,
#3509,#3510,#3511,#3512,#3513,#3514,#3515,#3516,#3517,#3518,#3519,#3520,
#3521,#3522,#3523,#3524,#3525,#3526,#3527),.UNSPECIFIED.,.F.,.F.,(4,3,3,
3,3,3,3,3,4),(0.,0.0516500974576201,0.11412740432468,0.182672140490812,
0.232069062564375,0.315584955791232,0.427562465551138,0.528098154198418,
0.548619779362931),.UNSPECIFIED.);
#408=B_SPLINE_CURVE_WITH_KNOTS('',3,(#3529,#3530,#3531,#3532),
 .UNSPECIFIED.,.F.,.F.,(4,4),(0.,0.545842788472095),.UNSPECIFIED.);
#409=B_SPLINE_CURVE_WITH_KNOTS('',3,(#3541,#3542,#3543,#3544,#3545,#3546,
#3547,#3548,#3549,#3550,#3551,#3552,#3553,#3554,#3555,#3556,#3557,#3558,
#3559,#3560,#3561,#3562,#3563,#3564,#3565),.UNSPECIFIED.,.F.,.F.,(4,3,3,
3,3,3,3,3,4),(0.,0.0978917015132447,0.206424286670814,0.290942148242093,
0.314956871828384,0.374072075808717,0.459978708513445,0.513051650016436,
0.545885341218173),.UNSPECIFIED.);
#410=B_SPLINE_CURVE_WITH_KNOTS('',3,(#3567,#3568,#3569,#3570),
 .UNSPECIFIED.,.F.,.F.,(4,4),(0.,0.548576878781571),.UNSPECIFIED.);
#411=B_SPLINE_CURVE_WITH_KNOTS('',3,(#3583,#3584,#3585,#3586,#3587,#3588,
#3589,#3590,#3591,#3592,#3593,#3594,#3595,#3596,#3597,#3598,#3599,#3600,
#3601,#3602,#3603,#3604,#3605,#3606,#3607,#3608,#3609,#3610,#3611,#3612,
#3613,#3614,#3615,#3616,#3617,#3618,#3619,#3620,#3621,#3622,#3623,#3624,
#3625,#3626,#3627,#3628,#3629,#3630,#3631,#3632,#3633,#3634,#3635,#3636,
#3637,#3638,#3639,#3640,#3641,#3642,#3643,#3644,#3645,#3646,#3647,#3648,
#3649,#3650,#3651,#3652,#3653,#3654,#3655,#3656,#3657,#3658,#3659,#3660,
#3661),.UNSPECIFIED.,.F.,.F.,(4,3,3,3,3,3,3,3,3,3,3,3,3,3,3,3,3,3,3,3,3,
3,3,3,3,3,4),(0.,0.0459887843278316,0.102775251231992,0.144527378214736,
0.159561718136152,0.206391447281187,0.267823852021768,0.283336825811471,
0.33571390434112,0.397793944645318,0.417032842043889,0.508900196652377,
0.592750043621833,0.648242287871046,0.744047033016346,0.859480167440052,
0.903110063025443,0.944323133153474,0.97931657000247,1.00597029458798,1.06200437201638,
1.09046245794023,1.12504710618032,1.18070991443406,1.18559714810373,1.30070207275871,
1.38185554937893),.UNSPECIFIED.);
#412=B_SPLINE_CURVE_WITH_KNOTS('',3,(#3663,#3664,#3665,#3666,#3667,#3668,
#3669,#3670,#3671,#3672,#3673,#3674,#3675,#3676,#3677,#3678,#3679,#3680,
#3681,#3682,#3683,#3684,#3685,#3686,#3687,#3688,#3689,#3690,#3691,#3692,
#3693,#3694,#3695,#3696,#3697,#3698,#3699,#3700,#3701,#3702,#3703,#3704,
#3705,#3706,#3707,#3708,#3709,#3710,#3711,#3712,#3713,#3714,#3715,#3716,
#3717,#3718,#3719,#3720,#3721,#3722,#3723,#3724,#3725,#3726,#3727,#3728,
#3729,#3730,#3731,#3732,#3733,#3734,#3735,#3736,#3737,#3738,#3739,#3740,
#3741,#3742,#3743,#3744,#3745,#3746,#3747,#3748,#3749,#3750,#3751,#3752,
#3753,#3754,#3755,#3756,#3757,#3758,#3759),.UNSPECIFIED.,.F.,.F.,(4,3,3,
3,3,3,3,3,3,3,3,3,3,3,3,3,3,3,3,3,3,3,3,3,3,3,3,3,3,3,3,3,4),(0.,0.0573992374465534,
0.114798474893092,0.172197712339634,0.229596949786207,0.286996187232765,
0.344395424679293,0.401794662125845,0.459193899572421,0.516593137018936,
0.573992374465485,0.631391611912041,0.688790849358556,0.746190086805039,
0.80358932425171,0.860988561698228,0.919901741640126,0.977300979086677,
1.03470021653322,1.09209945397974,1.14949869142631,1.2068979288729,1.26429716631952,
1.32169640376609,1.3819342833914,1.43933352083791,1.49673275828449,1.55413199573097,
1.61153123317759,1.66893047062413,1.72632970807079,1.78372894551731,1.8035994407686),
 .UNSPECIFIED.);
#413=B_SPLINE_CURVE_WITH_KNOTS('',3,(#3778,#3779,#3780,#3781,#3782,#3783,
#3784,#3785,#3786,#3787,#3788,#3789,#3790,#3791,#3792,#3793,#3794,#3795,
#3796,#3797,#3798,#3799,#3800,#3801,#3802,#3803,#3804,#3805,#3806,#3807,
#3808,#3809,#3810,#3811,#3812,#3813,#3814,#3815,#3816,#3817,#3818,#3819,
#3820,#3821,#3822,#3823,#3824,#3825,#3826,#3827,#3828,#3829,#3830,#3831,
#3832,#3833,#3834,#3835,#3836,#3837,#3838,#3839,#3840,#3841,#3842,#3843,
#3844,#3845,#3846,#3847,#3848,#3849,#3850,#3851,#3852,#3853,#3854,#3855,
#3856,#3857,#3858,#3859,#3860,#3861,#3862),.UNSPECIFIED.,.F.,.F.,(4,3,3,
3,3,3,3,3,3,3,3,3,3,3,3,3,3,3,3,3,3,3,3,3,3,3,3,3,4),(0.,0.0596805404857084,
0.120713063611021,0.184235741764697,0.233114345520998,0.288275003249732,
0.348718885588308,0.406875523582263,0.488952798952271,0.54646091962128,
0.615329505792214,0.683024213072677,0.769038768687497,0.844425229272312,
0.885868057990153,1.04816567734073,1.20658603359981,1.3650063898589,1.46584643722352,
1.5799057523163,1.64586494084725,1.78651067363308,1.83889474674101,1.9070037328439,
1.99404261326403,2.02547862386324,2.11598370446412,2.21821329478664,2.28419099177124),
 .UNSPECIFIED.);
#414=B_SPLINE_CURVE_WITH_KNOTS('',3,(#3864,#3865,#3866,#3867,#3868,#3869,
#3870,#3871,#3872,#3873,#3874,#3875,#3876,#3877,#3878,#3879,#3880,#3881,
#3882,#3883,#3884,#3885,#3886,#3887,#3888,#3889,#3890,#3891,#3892,#3893,
#3894,#3895,#3896,#3897,#3898,#3899,#3900,#3901,#3902,#3903,#3904,#3905,
#3906,#3907,#3908,#3909,#3910,#3911,#3912,#3913,#3914,#3915,#3916,#3917,
#3918,#3919,#3920,#3921,#3922,#3923,#3924,#3925,#3926,#3927,#3928,#3929,
#3930,#3931,#3932,#3933,#3934,#3935,#3936,#3937,#3938,#3939,#3940,#3941,
#3942,#3943,#3944,#3945,#3946,#3947,#3948,#3949,#3950,#3951),
 .UNSPECIFIED.,.F.,.F.,(4,3,3,3,3,3,3,3,3,3,3,3,3,3,3,3,3,3,3,3,3,3,3,3,
3,3,3,3,3,4),(0.,0.0727840416109631,0.145568083221928,0.218352124832828,
0.29113616644372,0.363920208054649,0.436704249665608,0.509488291276538,
0.582272332887495,0.655056374498455,0.727840416109442,0.800624457720401,
0.873408499331349,0.948120883417608,1.02090492502853,1.09368896663947,1.1664730082504,
1.23925704986138,1.31204109147231,1.38482513308319,1.45760917469416,1.53400885844633,
1.60679290005727,1.67957694166817,1.75236098327917,1.82514502488995,1.89792906650091,
1.97071310811196,2.04349714972297,2.0688066447115),.UNSPECIFIED.);
#415=B_SPLINE_CURVE_WITH_KNOTS('',3,(#3960,#3961,#3962,#3963,#3964,#3965,
#3966,#3967,#3968,#3969,#3970,#3971,#3972),.UNSPECIFIED.,.F.,.F.,(4,3,3,
3,4),(0.,0.42986015567542,0.510927314248065,0.860111721194033,0.964337754805581),
 .UNSPECIFIED.);
#416=B_SPLINE_CURVE_WITH_KNOTS('',3,(#3974,#3975,#3976,#3977),
 .UNSPECIFIED.,.F.,.F.,(4,4),(0.,0.964553999280605),.UNSPECIFIED.);
#417=B_SPLINE_CURVE_WITH_KNOTS('',3,(#3990,#3991,#3992,#3993,#3994,#3995,
#3996,#3997,#3998,#3999,#4000,#4001,#4002,#4003,#4004,#4005,#4006,#4007,
#4008,#4009,#4010,#4011,#4012,#4013,#4014,#4015,#4016,#4017,#4018,#4019,
#4020,#4021,#4022,#4023,#4024,#4025,#4026,#4027,#4028,#4029,#4030,#4031,
#4032,#4033,#4034,#4035,#4036,#4037,#4038,#4039,#4040,#4041,#4042,#4043,
#4044,#4045,#4046,#4047,#4048,#4049,#4050,#4051,#4052,#4053,#4054,#4055,
#4056,#4057,#4058,#4059,#4060,#4061,#4062,#4063,#4064,#4065,#4066,#4067,
#4068,#4069,#4070,#4071,#4072,#4073,#4074,#4075,#4076,#4077,#4078,#4079,
#4080,#4081,#4082,#4083),.UNSPECIFIED.,.F.,.F.,(4,3,3,3,3,3,3,3,3,3,3,3,
3,3,3,3,3,3,3,3,3,3,3,3,3,3,3,3,3,3,3,4),(0.,0.0777152121802193,0.149811966522484,
0.221908720864749,0.290782132737311,0.354346047241201,0.390744703327623,
0.480405701747055,0.539149729396424,0.590252024464202,0.661029499281295,
0.720461657913578,0.734361510584494,0.822525710907951,0.927208455307026,
1.03598645147058,1.1296811967333,1.14476444763414,1.21564135861069,1.29458619931044,
1.38225608636581,1.43908149705964,1.49018455532686,1.52975200673337,1.61146252305799,
1.65033662260499,1.70062876184454,1.78047093287255,1.78536341618164,1.89114958914079,
1.99389011080636,2.07662606701004),.UNSPECIFIED.);
#418=B_SPLINE_CURVE_WITH_KNOTS('',3,(#4085,#4086,#4087,#4088,#4089,#4090,
#4091,#4092,#4093,#4094,#4095,#4096,#4097,#4098,#4099,#4100,#4101,#4102,
#4103,#4104,#4105,#4106,#4107,#4108,#4109,#4110,#4111,#4112,#4113,#4114,
#4115,#4116,#4117,#4118,#4119,#4120,#4121,#4122,#4123,#4124,#4125,#4126,
#4127,#4128,#4129,#4130,#4131,#4132,#4133,#4134,#4135,#4136,#4137,#4138,
#4139,#4140,#4141,#4142,#4143,#4144,#4145,#4146,#4147,#4148,#4149,#4150,
#4151,#4152,#4153,#4154,#4155,#4156,#4157,#4158,#4159,#4160,#4161,#4162,
#4163,#4164,#4165,#4166,#4167,#4168,#4169),.UNSPECIFIED.,.F.,.F.,(4,3,3,
3,3,3,3,3,3,3,3,3,3,3,3,3,3,3,3,3,3,3,3,3,3,3,3,3,4),(0.,0.0664417860928369,
0.132883572185671,0.199325358278499,0.265767144371306,0.332208930464108,
0.398650716556903,0.465092502649722,0.531534288742569,0.597976074835512,
0.664417860928411,0.730859647021145,0.797301433114075,0.864294241919411,
0.93073602801226,0.997177814105076,1.06361960019794,1.13006138629079,1.19650317238365,
1.26294495847645,1.32938674456924,1.39686169824802,1.46330348434084,1.5297452704336,
1.59618705652654,1.66443688589477,1.73087867198748,1.80003252299346,1.86918637399945),
 .UNSPECIFIED.);
#419=B_SPLINE_CURVE_WITH_KNOTS('',3,(#4188,#4189,#4190,#4191,#4192,#4193,
#4194,#4195,#4196,#4197,#4198,#4199,#4200,#4201,#4202,#4203,#4204,#4205,
#4206,#4207,#4208,#4209,#4210,#4211,#4212,#4213,#4214,#4215,#4216,#4217,
#4218,#4219,#4220,#4221,#4222,#4223,#4224,#4225,#4226,#4227,#4228,#4229,
#4230,#4231,#4232,#4233,#4234,#4235,#4236,#4237,#4238,#4239,#4240,#4241,
#4242,#4243,#4244,#4245,#4246,#4247,#4248,#4249,#4250,#4251,#4252,#4253,
#4254,#4255,#4256,#4257,#4258,#4259,#4260,#4261,#4262,#4263,#4264,#4265,
#4266,#4267,#4268,#4269),.UNSPECIFIED.,.F.,.F.,(4,3,3,3,3,3,3,3,3,3,3,3,
3,3,3,3,3,3,3,3,3,3,3,3,3,3,3,4),(0.,0.0592793421156382,0.119902143516081,
0.182986964108796,0.232646997309391,0.287989181028528,0.348536514405265,
0.406220045144839,0.488143394128228,0.545743078198928,0.614188121117463,
0.682198003879995,0.767421349771824,0.842074578379923,0.884674599028625,
1.07371058012578,1.24019940327931,1.35804105930781,1.47769750236958,1.61058877111671,
1.68759969641418,1.79371257215386,1.87935465180306,1.89943040929365,1.98160149166894,
2.05401397891941,2.138799801368,2.23043742080784),.UNSPECIFIED.);
#420=B_SPLINE_CURVE_WITH_KNOTS('',3,(#4271,#4272,#4273,#4274,#4275,#4276,
#4277,#4278,#4279,#4280,#4281,#4282,#4283,#4284,#4285,#4286,#4287,#4288,
#4289,#4290,#4291,#4292,#4293,#4294,#4295,#4296,#4297,#4298,#4299,#4300,
#4301,#4302,#4303,#4304,#4305,#4306,#4307,#4308,#4309,#4310,#4311,#4312,
#4313,#4314,#4315,#4316,#4317,#4318,#4319,#4320,#4321,#4322,#4323,#4324,
#4325,#4326,#4327,#4328,#4329,#4330,#4331,#4332,#4333,#4334,#4335,#4336,
#4337,#4338,#4339,#4340,#4341,#4342,#4343,#4344,#4345,#4346,#4347,#4348,
#4349,#4350,#4351,#4352,#4353,#4354,#4355,#4356,#4357,#4358,#4359,#4360,
#4361,#4362,#4363,#4364,#4365,#4366,#4367),.UNSPECIFIED.,.F.,.F.,(4,3,3,
3,3,3,3,3,3,3,3,3,3,3,3,3,3,3,3,3,3,3,3,3,3,3,3,3,3,3,3,3,4),(0.,0.0440650556973345,
0.0881301113946711,0.132195167092002,0.176260222789332,0.220325278486657,
0.264390334183984,0.308455389881307,0.352520445578629,0.396585501275971,
0.440650556973308,0.484715612670648,0.52878066836797,0.572845724065316,
0.616910779762665,0.660975835459987,0.706466173897123,0.75053122959446,
0.794596285291793,0.838661340989125,0.882726396686461,0.926791452383787,
0.970856508081182,1.01492156377857,1.05898661947581,1.10305167517313,1.14711673087045,
1.1911817865678,1.23524684226496,1.27931189796231,1.32337695365969,1.36744200935695,
1.38882125045417),.UNSPECIFIED.);
#421=B_SPLINE_CURVE_WITH_KNOTS('',3,(#4376,#4377,#4378,#4379,#4380,#4381,
#4382,#4383,#4384,#4385,#4386,#4387,#4388,#4389,#4390,#4391,#4392,#4393,
#4394,#4395,#4396,#4397,#4398,#4399,#4400),.UNSPECIFIED.,.F.,.F.,(4,3,3,
3,3,3,3,3,4),(0.,0.0516500974576051,0.114127404324791,0.182672140490788,
0.232069062564375,0.315584955793768,0.427562465552552,0.52809815419944,
0.548619779362931),.UNSPECIFIED.);
#422=B_SPLINE_CURVE_WITH_KNOTS('',3,(#4402,#4403,#4404,#4405),
 .UNSPECIFIED.,.F.,.F.,(4,4),(0.,0.545842788472101),.UNSPECIFIED.);
#423=B_SPLINE_CURVE_WITH_KNOTS('',3,(#4414,#4415,#4416,#4417,#4418,#4419,
#4420,#4421,#4422,#4423,#4424,#4425,#4426,#4427,#4428,#4429,#4430,#4431,
#4432,#4433,#4434,#4435,#4436,#4437,#4438),.UNSPECIFIED.,.F.,.F.,(4,3,3,
3,3,3,3,3,4),(0.,0.0978917015144549,0.206424286671413,0.290942148242117,
0.31495687182837,0.374072075808454,0.459978708513301,0.513051650016276,
0.545885341218148),.UNSPECIFIED.);
#424=B_SPLINE_CURVE_WITH_KNOTS('',3,(#4440,#4441,#4442,#4443),
 .UNSPECIFIED.,.F.,.F.,(4,4),(0.,0.548576878781584),.UNSPECIFIED.);
#425=B_SPLINE_CURVE_WITH_KNOTS('',3,(#4456,#4457,#4458,#4459,#4460,#4461,
#4462,#4463,#4464,#4465,#4466,#4467,#4468,#4469,#4470,#4471,#4472,#4473,
#4474,#4475,#4476,#4477,#4478,#4479,#4480,#4481,#4482,#4483,#4484,#4485,
#4486,#4487,#4488,#4489,#4490,#4491,#4492,#4493,#4494,#4495,#4496,#4497,
#4498,#4499,#4500,#4501,#4502,#4503,#4504,#4505,#4506,#4507,#4508,#4509,
#4510,#4511,#4512,#4513,#4514,#4515,#4516,#4517,#4518,#4519,#4520,#4521,
#4522,#4523,#4524,#4525,#4526,#4527,#4528,#4529,#4530,#4531,#4532,#4533,
#4534,#4535,#4536,#4537,#4538,#4539,#4540,#4541,#4542,#4543),
 .UNSPECIFIED.,.F.,.F.,(4,3,3,3,3,3,3,3,3,3,3,3,3,3,3,3,3,3,3,3,3,3,3,3,
3,3,3,3,3,4),(0.,0.0465365836250707,0.103828644206934,0.14628648414985,
0.161120704788798,0.208976865785829,0.272318683501018,0.288092495118655,
0.340220375986795,0.402074888153866,0.42928295595556,0.517612297423048,
0.60846615399293,0.685201432343751,0.741535646584248,0.810365592304257,
0.893157130540924,0.898523533883549,0.940014206579383,0.9753952010425,1.00297344688541,
1.05821903604778,1.08940785847799,1.12399080821218,1.18009011530139,1.18753304509868,
1.24536438685734,1.30240252577195,1.35836094771463,1.37145895303564),
 .UNSPECIFIED.);
#426=B_SPLINE_CURVE_WITH_KNOTS('',3,(#4545,#4546,#4547,#4548,#4549,#4550,
#4551,#4552,#4553,#4554,#4555,#4556,#4557,#4558,#4559,#4560,#4561,#4562,
#4563,#4564,#4565,#4566,#4567,#4568,#4569,#4570,#4571,#4572,#4573,#4574,
#4575,#4576,#4577,#4578,#4579,#4580,#4581,#4582,#4583,#4584,#4585,#4586,
#4587,#4588,#4589,#4590,#4591,#4592,#4593,#4594,#4595,#4596,#4597,#4598,
#4599,#4600,#4601,#4602,#4603,#4604,#4605,#4606,#4607,#4608,#4609,#4610,
#4611,#4612,#4613,#4614,#4615,#4616,#4617,#4618,#4619,#4620,#4621,#4622,
#4623,#4624,#4625,#4626,#4627,#4628,#4629,#4630,#4631,#4632,#4633,#4634,
#4635,#4636,#4637,#4638,#4639,#4640,#4641),.UNSPECIFIED.,.F.,.F.,(4,3,3,
3,3,3,3,3,3,3,3,3,3,3,3,3,3,3,3,3,3,3,3,3,3,3,3,3,3,3,3,3,4),(0.,0.0572990268495663,
0.114598053699126,0.171897080548688,0.229196107398255,0.286495134247798,
0.343794161097347,0.401093187946903,0.458392214796457,0.515691241646056,
0.572990268495584,0.630289295345151,0.687588322194715,0.744887349044291,
0.802186375893873,0.85948540274339,0.917738102853991,0.975037129703561,
1.03233615655313,1.08963518340268,1.14693421025221,1.20423323710182,1.26153226395147,
1.31883129080095,1.37791845501496,1.43521748186451,1.49251650871401,1.54981553556344,
1.60711456241317,1.66441358926283,1.7217126161125,1.77901164296202,1.79152860451301),
 .UNSPECIFIED.);
#427=B_SPLINE_CURVE_WITH_KNOTS('',3,(#4660,#4661,#4662,#4663,#4664,#4665,
#4666,#4667,#4668,#4669,#4670,#4671,#4672,#4673,#4674,#4675,#4676,#4677,
#4678,#4679,#4680,#4681,#4682,#4683,#4684,#4685,#4686,#4687,#4688,#4689,
#4690,#4691,#4692,#4693,#4694,#4695,#4696,#4697,#4698,#4699,#4700,#4701,
#4702,#4703,#4704,#4705,#4706,#4707,#4708,#4709,#4710,#4711,#4712,#4713,
#4714,#4715,#4716,#4717,#4718,#4719,#4720,#4721,#4722,#4723,#4724,#4725,
#4726,#4727,#4728,#4729,#4730,#4731,#4732,#4733,#4734,#4735,#4736,#4737,
#4738,#4739,#4740,#4741),.UNSPECIFIED.,.F.,.F.,(4,3,3,3,3,3,3,3,3,3,3,3,
3,3,3,3,3,3,3,3,3,3,3,3,3,3,3,4),(0.,0.0592249449035564,0.119790593299196,
0.182814664610645,0.232704216675228,0.288014686892301,0.348531836058916,
0.406328594790645,0.488078367990878,0.545814237159052,0.614355528174225,
0.682074961544549,0.767196501539062,0.841757024273071,0.884101261842966,
1.07968963260934,1.25081463895778,1.35581207409088,1.47752710414476,1.61327592125834,
1.68625565609724,1.79107725149442,1.87658780896625,1.89868922918488,1.98085509170511,
2.05349681299016,2.13829910389005,2.23016789679743),.UNSPECIFIED.);
#428=B_SPLINE_CURVE_WITH_KNOTS('',3,(#4743,#4744,#4745,#4746,#4747,#4748,
#4749,#4750,#4751,#4752,#4753,#4754,#4755,#4756,#4757,#4758,#4759,#4760,
#4761,#4762,#4763,#4764,#4765,#4766,#4767,#4768,#4769,#4770,#4771,#4772,
#4773,#4774,#4775,#4776,#4777,#4778,#4779,#4780,#4781,#4782,#4783,#4784,
#4785,#4786,#4787,#4788,#4789,#4790,#4791,#4792,#4793,#4794,#4795,#4796,
#4797,#4798,#4799,#4800,#4801,#4802,#4803,#4804,#4805,#4806,#4807,#4808,
#4809,#4810,#4811,#4812,#4813,#4814,#4815,#4816,#4817,#4818,#4819,#4820,
#4821,#4822,#4823,#4824,#4825,#4826,#4827,#4828,#4829,#4830,#4831,#4832,
#4833,#4834,#4835,#4836,#4837,#4838,#4839),.UNSPECIFIED.,.F.,.F.,(4,3,3,
3,3,3,3,3,3,3,3,3,3,3,3,3,3,3,3,3,3,3,3,3,3,3,3,3,3,3,3,3,4),(0.,0.0439688850800635,
0.0879377701601163,0.13190665524017,0.175875540320241,0.2198444254003,0.263813310480354,
0.307782195560424,0.351751080640494,0.395719965720567,0.439688850800641,
0.483657735880695,0.527626620960747,0.571595506040837,0.615564391120925,
0.659533276200972,0.70505598059967,0.74902486567973,0.792993750759799,0.836962635839857,
0.880931520919933,0.924900405999999,0.968869291080082,1.0128381761602,1.05680706124033,
1.10077594632039,1.14474483140049,1.18871371648058,1.23268260156066,1.27665148664074,
1.32062037172082,1.36458925680084,1.38789654658014),.UNSPECIFIED.);
#429=B_SPLINE_CURVE_WITH_KNOTS('',3,(#4847,#4848,#4849,#4850,#4851,#4852,
#4853,#4854,#4855,#4856,#4857,#4858,#4859,#4860,#4861,#4862,#4863,#4864,
#4865,#4866,#4867,#4868,#4869,#4870,#4871),.UNSPECIFIED.,.F.,.F.,(4,3,3,
3,3,3,3,3,4),(0.,0.0516500974573184,0.114127404324441,0.18267214049069,
0.232069062564376,0.315584955792785,0.427562465553562,0.528098154205088,
0.548619779362941),.UNSPECIFIED.);
#430=B_SPLINE_CURVE_WITH_KNOTS('',3,(#4872,#4873,#4874,#4875),
 .UNSPECIFIED.,.F.,.F.,(4,4),(0.,0.545842788472076),.UNSPECIFIED.);
#431=B_SPLINE_CURVE_WITH_KNOTS('',3,(#4882,#4883,#4884,#4885),
 .UNSPECIFIED.,.F.,.F.,(4,4),(-0.070145232410753,0.),.UNSPECIFIED.);
#432=B_SPLINE_CURVE_WITH_KNOTS('',3,(#4903,#4904,#4905,#4906,#4907,#4908,
#4909,#4910,#4911,#4912,#4913,#4914,#4915,#4916,#4917,#4918,#4919,#4920,
#4921,#4922,#4923,#4924,#4925,#4926,#4927,#4928,#4929,#4930,#4931,#4932,
#4933,#4934,#4935,#4936,#4937,#4938,#4939,#4940,#4941,#4942,#4943,#4944,
#4945,#4946,#4947,#4948,#4949,#4950,#4951,#4952,#4953,#4954,#4955,#4956,
#4957,#4958,#4959,#4960,#4961,#4962,#4963,#4964,#4965,#4966,#4967,#4968,
#4969,#4970,#4971,#4972,#4973,#4974,#4975,#4976,#4977,#4978),
 .UNSPECIFIED.,.F.,.F.,(4,3,3,3,3,3,3,3,3,3,3,3,3,3,3,3,3,3,3,3,3,3,3,3,
3,4),(0.,0.000980822507381738,0.000984960697354891,0.00147123376107261,
0.00147723300423703,0.00196164501476347,0.00196932919946286,0.00276616355221021,
0.00294246752214521,0.00295248428748748,0.0036674488685942,0.00392329002952695,
0.00393416322929765,0.00468440825295414,0.00490411253690868,0.00491417849054578,
0.00563766760524432,0.00588493504429042,0.00589267431195512,0.0063332589043691,
0.00677129403473865,0.00686575755167215,0.00716526702678042,0.00746408575799735,
0.0077590167072062,0.00784658005905389),.UNSPECIFIED.);
#433=B_SPLINE_CURVE_WITH_KNOTS('',3,(#4980,#4981,#4982,#4983,#4984,#4985,
#4986,#4987,#4988,#4989,#4990,#4991,#4992,#4993,#4994,#4995,#4996,#4997,
#4998,#4999,#5000,#5001,#5002,#5003,#5004,#5005,#5006,#5007,#5008,#5009,
#5010,#5011,#5012,#5013,#5014,#5015,#5016,#5017,#5018,#5019,#5020,#5021,
#5022,#5023,#5024,#5025,#5026,#5027,#5028,#5029,#5030,#5031,#5032,#5033,
#5034,#5035,#5036,#5037,#5038,#5039,#5040,#5041,#5042,#5043,#5044,#5045,
#5046,#5047,#5048,#5049,#5050,#5051,#5052,#5053,#5054,#5055),
 .UNSPECIFIED.,.F.,.F.,(4,3,3,3,3,3,3,3,3,3,3,3,3,3,3,3,3,3,3,3,3,3,3,3,
3,4),(0.,0.000976459508474067,0.000980605252440663,0.00146489915124586,
0.00147090787866099,0.00195351706363705,0.00196121050488133,0.00282945847969937,
0.00293179247628562,0.00294181575732199,0.00364182298055384,0.00391155205780134,
0.00392242100976265,0.00460350919195031,0.00489297245491895,0.00490302626220331,
0.00556524038084222,0.00587590692625768,0.00588363151464397,0.00632203455263665,
0.00676117702893748,0.00686423676708463,0.00716695022912623,0.00746909696081127,
0.00776745155378184,0.0078448420195253),.UNSPECIFIED.);
#434=B_SPLINE_CURVE_WITH_KNOTS('',3,(#5150,#5151,#5152,#5153,#5154,#5155,
#5156,#5157,#5158,#5159),.UNSPECIFIED.,.F.,.F.,(4,2,2,2,4),(-0.148256119266943,
-0.11112614370407,-0.0740377576558268,-0.0369986934680071,0.),
 .UNSPECIFIED.);
#435=B_SPLINE_CURVE_WITH_KNOTS('',3,(#5179,#5180,#5181,#5182,#5183,#5184,
#5185,#5186,#5187,#5188),.UNSPECIFIED.,.F.,.F.,(4,2,2,2,4),(-0.593029303416739,
-0.556030609948736,-0.518991545760915,-0.481903159712665,-0.444773184149795),
 .UNSPECIFIED.);
#436=B_SPLINE_CURVE_WITH_KNOTS('',3,(#5255,#5256,#5257,#5258,#5259,#5260,
#5261,#5262,#5263,#5264,#5265,#5266,#5267,#5268,#5269,#5270,#5271,#5272,
#5273,#5274),.UNSPECIFIED.,.F.,.F.,(4,2,2,2,2,2,2,2,2,4),(0.,0.000346284711708987,
0.000692569423417974,0.00138513884683595,0.00207770827025393,0.00277027769367191,
0.00346284711708989,0.00415541654050787,0.00484798596392585,0.00554055538734383),
 .UNSPECIFIED.);
#437=B_SPLINE_CURVE_WITH_KNOTS('',3,(#5288,#5289,#5290,#5291,#5292,#5293,
#5294,#5295,#5296,#5297,#5298,#5299,#5300,#5301,#5302,#5303,#5304,#5305,
#5306,#5307,#5308,#5309,#5310,#5311,#5312,#5313,#5314,#5315,#5316,#5317,
#5318,#5319,#5320,#5321,#5322,#5323,#5324,#5325,#5326,#5327,#5328,#5329,
#5330,#5331,#5332,#5333,#5334,#5335,#5336,#5337,#5338,#5339,#5340,#5341,
#5342,#5343,#5344,#5345,#5346,#5347,#5348,#5349,#5350,#5351,#5352,#5353,
#5354,#5355,#5356,#5357,#5358,#5359,#5360),.UNSPECIFIED.,.F.,.F.,(4,3,3,
3,3,3,3,3,3,3,3,3,3,3,3,3,3,3,3,3,3,3,3,3,4),(-4.44089209850063E-15,0.0709708975197136,
0.14239958945332,0.209621716597381,0.280072716046095,0.351392371348811,
0.407168327920988,0.47818223354055,0.550218717940941,0.597843088981942,
0.670140330014809,0.743236289635249,0.785369719426069,0.859021550465601,
0.932714984378359,0.972899153549653,1.0469722455505,1.1201386542477,1.16358280888485,
1.23760261625893,1.31069147041723,1.38241999747307,1.45347483882839,1.52375375704224,
1.5707963267949),.UNSPECIFIED.);
#438=B_SPLINE_CURVE_WITH_KNOTS('',3,(#5365,#5366,#5367,#5368,#5369,#5370,
#5371,#5372,#5373,#5374,#5375,#5376,#5377,#5378,#5379,#5380,#5381,#5382,
#5383,#5384),.UNSPECIFIED.,.F.,.F.,(4,2,2,2,2,2,2,2,2,4),(0.,0.000684767956420154,
0.00136953591284031,0.00205430386926046,0.00273907182568062,0.00342383978210077,
0.00410860773852093,0.00479337569494108,0.00513575967315109,0.0054781436513611),
 .UNSPECIFIED.);
#439=B_SPLINE_CURVE_WITH_KNOTS('',3,(#5398,#5399,#5400,#5401,#5402,#5403,
#5404,#5405,#5406,#5407,#5408,#5409,#5410,#5411),.UNSPECIFIED.,.F.,.F.,
(4,2,2,2,2,2,4),(0.,0.00163465812011359,0.00326931624022717,0.00408664530028396,
0.00490397436034076,0.00572130342039755,0.00653863248045434),
 .UNSPECIFIED.);
#440=B_SPLINE_CURVE_WITH_KNOTS('',3,(#5417,#5418,#5419,#5420,#5421,#5422,
#5423,#5424,#5425,#5426,#5427,#5428,#5429,#5430),.UNSPECIFIED.,.F.,.F.,
(4,2,2,2,2,2,4),(0.,0.000819429075014441,0.00163885815002888,0.00245828722504332,
0.00327771630005776,0.00491657445008664,0.00655543260011552),
 .UNSPECIFIED.);
#441=B_SPLINE_CURVE_WITH_KNOTS('',3,(#5449,#5450,#5451,#5452,#5453,#5454,
#5455,#5456,#5457,#5458,#5459,#5460,#5461,#5462,#5463,#5464,#5465,#5466,
#5467,#5468,#5469,#5470,#5471,#5472,#5473,#5474,#5475,#5476,#5477,#5478,
#5479),.UNSPECIFIED.,.F.,.F.,(4,3,3,3,3,3,3,3,3,3,4),(0.,0.000585813916008267,
0.00117162783201653,0.0017574417480248,0.00234325566403307,0.00292906958004133,
0.0035148834960496,0.00385861280072745,0.00420247786496235,0.00453691322990208,
0.00468651132806614),.UNSPECIFIED.);
#442=B_SPLINE_CURVE_WITH_KNOTS('',3,(#5483,#5484,#5485,#5486,#5487,#5488,
#5489,#5490,#5491,#5492,#5493,#5494,#5495,#5496,#5497,#5498,#5499,#5500,
#5501,#5502,#5503,#5504,#5505,#5506,#5507,#5508,#5509,#5510,#5511,#5512,
#5513),.UNSPECIFIED.,.F.,.F.,(4,3,3,3,3,3,3,3,3,3,4),(0.,0.000585813910174132,
0.00117162782034826,0.0017574417305224,0.00234325564069653,0.00292906955087066,
0.00351488346104479,0.0038585316427653,0.00420231747140836,0.00453667720880035,
0.00468651128139306),.UNSPECIFIED.);
#443=B_SPLINE_CURVE_WITH_KNOTS('',3,(#5538,#5539,#5540,#5541,#5542,#5543,
#5544,#5545,#5546,#5547,#5548,#5549,#5550,#5551,#5552,#5553,#5554,#5555,
#5556,#5557,#5558,#5559,#5560,#5561,#5562,#5563,#5564,#5565,#5566,#5567,
#5568,#5569,#5570,#5571,#5572,#5573,#5574,#5575,#5576,#5577,#5578,#5579,
#5580,#5581,#5582,#5583,#5584,#5585,#5586,#5587,#5588,#5589,#5590,#5591,
#5592,#5593,#5594,#5595,#5596,#5597,#5598,#5599,#5600,#5601,#5602,#5603,
#5604,#5605,#5606,#5607,#5608,#5609,#5610),.UNSPECIFIED.,.F.,.F.,(4,3,3,
3,3,3,3,3,3,3,3,3,3,3,3,3,3,3,3,3,3,3,3,3,4),(-1.2793089176995E-5,0.000366982628186986,
0.000723184589822086,0.00107598814350366,0.00142513459137119,0.00150630978027893,
0.00166723644989436,0.00213804582774862,0.00228699174329955,0.0026907512035907,
0.00309328212385407,0.00334726598896571,0.00364427394587698,0.00393239612132431,
0.00418728075850143,0.0043680091654142,0.00460506952180629,0.00481516338878477,
0.00502729552803715,0.00527408331914294,0.0055260650043726,0.00574463337105042,
0.00586731029757286,0.00640452589340017,0.00670732506710858),
 .UNSPECIFIED.);
#444=B_SPLINE_CURVE_WITH_KNOTS('',3,(#5672,#5673,#5674,#5675,#5676,#5677),
 .UNSPECIFIED.,.F.,.F.,(4,2,4),(0.,0.0391803256069734,0.0773524411562081),
 .UNSPECIFIED.);
#445=B_SPLINE_CURVE_WITH_KNOTS('',3,(#5678,#5679,#5680,#5681,#5682,#5683,
#5684,#5685,#5686,#5687,#5688,#5689,#5690,#5691,#5692,#5693),
 .UNSPECIFIED.,.F.,.F.,(4,2,2,2,2,2,2,4),(-1.27931605418331E-5,0.0014972125785466,
0.0022522154480908,0.003007218317635,0.0037622211871792,0.0045172240567234,
0.0052722269262676,0.00602722979581179),.UNSPECIFIED.);
#446=B_SPLINE_CURVE_WITH_KNOTS('',3,(#5701,#5702,#5703,#5704,#5705,#5706,
#5707,#5708,#5709,#5710,#5711,#5712,#5713,#5714,#5715,#5716,#5717,#5718,
#5719,#5720,#5721,#5722,#5723,#5724,#5725,#5726,#5727,#5728,#5729,#5730,
#5731,#5732,#5733,#5734,#5735,#5736,#5737,#5738,#5739,#5740,#5741,#5742,
#5743,#5744,#5745,#5746,#5747,#5748,#5749,#5750,#5751,#5752,#5753,#5754,
#5755,#5756,#5757,#5758,#5759,#5760,#5761,#5762,#5763,#5764,#5765,#5766,
#5767),.UNSPECIFIED.,.F.,.F.,(4,3,3,3,3,3,3,3,3,3,3,3,3,3,3,3,3,3,3,3,3,
3,4),(4.71238898038469,4.78671321451282,4.86169911051374,4.93802571263024,
5.01522548987057,5.09367583769553,5.11784126510859,5.19451377098505,5.2725377421578,
5.35089133124815,5.42892239600755,5.49650282751122,5.57378948453736,5.65018564224727,
5.68495179511837,5.76115279312089,5.83625943522098,5.87712063401151,5.95264410422172,
6.02727344879519,6.07695968940268,6.15261271938837,6.22375019155485),
 .UNSPECIFIED.);
#447=B_SPLINE_CURVE_WITH_KNOTS('',3,(#5816,#5817,#5818,#5819,#5820,#5821,
#5822,#5823,#5824,#5825,#5826,#5827,#5828,#5829,#5830,#5831,#5832,#5833,
#5834,#5835,#5836,#5837,#5838,#5839,#5840,#5841,#5842,#5843,#5844,#5845,
#5846,#5847,#5848,#5849,#5850,#5851,#5852,#5853,#5854,#5855,#5856,#5857,
#5858,#5859,#5860,#5861,#5862,#5863,#5864,#5865,#5866,#5867,#5868,#5869,
#5870,#5871,#5872,#5873,#5874,#5875,#5876,#5877,#5878,#5879,#5880,#5881,
#5882,#5883,#5884,#5885),.UNSPECIFIED.,.F.,.F.,(4,3,3,3,3,3,3,3,3,3,3,3,
3,3,3,3,3,3,3,3,3,3,3,4),(4.71238898038469,4.78663356865537,4.86147220776509,
4.93757961305217,5.01453838441167,5.09278233096391,5.11960249791936,5.19603669838515,
5.2739159760314,5.35222202064198,5.43038626871559,5.49781558859961,5.57516755785124,
5.65172094083027,5.68534221962356,5.76164515579694,5.83686784113615,5.87601698097801,
5.95157706182449,6.0261959907265,6.07356359201149,6.14919594431588,6.22430903959552,
6.28318530717959),.UNSPECIFIED.);
#448=B_SPLINE_CURVE_WITH_KNOTS('',3,(#6002,#6003,#6004,#6005),
 .UNSPECIFIED.,.F.,.F.,(4,4),(0.,7.62879504505487E-5),.UNSPECIFIED.);
#449=B_SPLINE_CURVE_WITH_KNOTS('',3,(#6086,#6087,#6088,#6089,#6090,#6091,
#6092,#6093,#6094,#6095,#6096,#6097,#6098,#6099,#6100,#6101,#6102,#6103,
#6104,#6105,#6106,#6107,#6108,#6109,#6110,#6111,#6112,#6113,#6114,#6115,
#6116,#6117,#6118,#6119,#6120,#6121,#6122,#6123,#6124,#6125,#6126,#6127,
#6128),.UNSPECIFIED.,.F.,.F.,(4,3,3,3,3,3,3,3,3,3,3,3,3,3,4),(0.,0.000117891477610913,
0.000237461002840507,0.000356613571118762,0.000390541381654587,0.000585812072711903,
0.000781082763309175,0.000905255785905827,0.00102948997965009,0.00114031143479047,
0.00117205813568496,0.00119304319626895,0.00131979874085324,0.00144667798987917,
0.00156216552661832),.UNSPECIFIED.);
#450=B_SPLINE_CURVE_WITH_KNOTS('',3,(#6132,#6133,#6134,#6135,#6136,#6137,
#6138,#6139,#6140,#6141,#6142,#6143,#6144,#6145,#6146,#6147,#6148,#6149,
#6150,#6151,#6152,#6153,#6154,#6155,#6156,#6157,#6158,#6159,#6160,#6161,
#6162,#6163,#6164,#6165,#6166,#6167,#6168,#6169,#6170,#6171,#6172,#6173,
#6174),.UNSPECIFIED.,.F.,.F.,(4,3,3,3,3,3,3,3,3,3,3,3,3,3,4),(0.,0.000117888121546757,
0.000237454567394184,0.000356604265576898,0.000390541379341176,0.00058581206925646,
0.000781082758682352,0.000905253018726649,0.00102948500328409,0.00114031294443523,
0.00117205824938133,0.00119304451605143,0.00131979387816561,0.00144666683948102,
0.00156216551736482),.UNSPECIFIED.);
#451=B_SPLINE_CURVE_WITH_KNOTS('',3,(#6178,#6179,#6180,#6181,#6182,#6183,
#6184,#6185,#6186,#6187,#6188,#6189,#6190,#6191,#6192,#6193,#6194,#6195,
#6196,#6197,#6198,#6199,#6200,#6201,#6202,#6203,#6204,#6205,#6206,#6207,
#6208,#6209,#6210,#6211,#6212,#6213,#6214,#6215,#6216,#6217,#6218,#6219,
#6220),.UNSPECIFIED.,.F.,.F.,(4,3,3,3,3,3,3,3,3,3,3,3,3,3,4),(0.,0.000117893048479469,
0.000237464043446166,0.000356618007789263,0.000390542591488532,0.000585813887464789,
0.000781085182977063,0.000905259580631268,0.00102949492966976,0.00114031440895877,
0.0011720617188614,0.00119304640358321,0.00131980462731894,0.00144668659604487,
0.00156217036595424),.UNSPECIFIED.);
#452=B_SPLINE_CURVE_WITH_KNOTS('',3,(#6223,#6224,#6225,#6226,#6227,#6228,
#6229,#6230,#6231,#6232,#6233,#6234,#6235,#6236,#6237,#6238,#6239,#6240,
#6241,#6242,#6243,#6244,#6245,#6246,#6247,#6248,#6249,#6250,#6251,#6252,
#6253,#6254,#6255,#6256,#6257,#6258,#6259,#6260,#6261,#6262,#6263,#6264,
#6265),.UNSPECIFIED.,.F.,.F.,(4,3,3,3,3,3,3,3,3,3,3,3,3,3,4),(0.,0.00011788707607158,
0.000237452589342094,0.000356601440212827,0.000390542587491868,0.000585813881468365,
0.000781085174983736,0.000905254668330652,0.0010294860994344,0.00114031712268815,
0.00117206192129441,0.00119304877609807,0.00131979602794364,0.00144666682825482,
0.00156217034996747),.UNSPECIFIED.);
#453=B_SPLINE_CURVE_WITH_KNOTS('',3,(#6297,#6298,#6299,#6300,#6301,#6302,
#6303,#6304,#6305,#6306,#6307,#6308,#6309,#6310,#6311,#6312,#6313,#6314,
#6315,#6316,#6317,#6318,#6319,#6320,#6321,#6322,#6323,#6324,#6325,#6326,
#6327,#6328,#6329,#6330,#6331,#6332,#6333,#6334,#6335,#6336,#6337,#6338,
#6339,#6340,#6341,#6342,#6343,#6344,#6345),.UNSPECIFIED.,.F.,.F.,(4,3,3,
3,3,3,3,3,3,3,3,3,3,3,3,3,4),(-6.00000000026101E-8,0.000282216710307764,
0.000570865522164541,0.000787417093601066,0.000787421118209114,0.0015748967627312,
0.00157490223641823,0.00196863777507108,0.00196864279552279,0.00236237951237055,
0.00236238335462735,0.00251666550436048,0.0026718306189157,0.00275612391373191,
0.00291478518841716,0.00307127023183914,0.00314986447283646),
 .UNSPECIFIED.);
#454=B_SPLINE_CURVE_WITH_KNOTS('',3,(#6391,#6392,#6393,#6394,#6395,#6396,
#6397,#6398,#6399,#6400,#6401,#6402,#6403,#6404,#6405,#6406,#6407,#6408,
#6409,#6410,#6411,#6412,#6413,#6414,#6415,#6416,#6417,#6418,#6419,#6420,
#6421,#6422,#6423,#6424,#6425,#6426,#6427,#6428,#6429,#6430,#6431,#6432,
#6433,#6434,#6435,#6436),.UNSPECIFIED.,.F.,.F.,(4,3,3,3,3,3,3,3,3,3,3,3,
3,3,3,4),(-6.0000000086191E-8,0.000282173874326211,0.000570785912442468,
0.000787422209077653,0.000787426043928537,0.00157490441815539,0.00157491020409869,
0.0019686455226942,0.00196865110248213,0.00236238662723301,0.00236239128371696,
0.0025166783759624,0.00267184852071602,0.00275612773177182,0.00305249519227123,
0.00314986883631063),.UNSPECIFIED.);
#455=B_SPLINE_CURVE_WITH_KNOTS('',3,(#6469,#6470,#6471,#6472,#6473,#6474,
#6475,#6476,#6477,#6478,#6479,#6480,#6481,#6482,#6483,#6484,#6485,#6486,
#6487,#6488,#6489,#6490,#6491,#6492,#6493,#6494,#6495,#6496,#6497,#6498,
#6499,#6500,#6501,#6502,#6503,#6504,#6505,#6506,#6507,#6508,#6509,#6510,
#6511,#6512,#6513,#6514,#6515,#6516,#6517,#6518,#6519,#6520,#6521,#6522,
#6523,#6524,#6525,#6526,#6527,#6528,#6529,#6530,#6531,#6532,#6533,#6534,
#6535,#6536,#6537,#6538,#6539,#6540,#6541,#6542,#6543,#6544,#6545,#6546,
#6547,#6548,#6549,#6550,#6551,#6552,#6553,#6554,#6555,#6556,#6557,#6558,
#6559,#6560,#6561,#6562,#6563,#6564,#6565,#6566,#6567,#6568,#6569,#6570,
#6571,#6572,#6573,#6574,#6575,#6576,#6577,#6578,#6579,#6580,#6581,#6582,
#6583,#6584,#6585,#6586,#6587,#6588,#6589,#6590,#6591,#6592),
 .UNSPECIFIED.,.F.,.F.,(4,3,3,3,3,3,3,3,3,3,3,3,3,3,3,3,3,3,3,3,3,3,3,3,
3,3,3,3,3,3,3,3,3,3,3,3,3,3,3,3,3,4),(-5.99999992004844E-8,4.01423943240787E-5,
9.07663773172089E-5,0.000100445985808998,0.000130597781551457,0.000138135730487072,
0.000143789192188783,0.00015226938474135,0.000160749577293916,0.000212111990336793,
0.000267042485208274,0.000272548647633619,0.000321559154587033,0.000341660351748681,
0.00041919442666252,0.000492419330461037,0.000530109075139127,0.000580050371873912,
0.000643178309173394,0.000723583097819971,0.000883966980732237,0.00100499985808299,
0.0011457082382145,0.00123800671304355,0.00128641661834601,0.00168247274082258,
0.00190956487949943,0.00232505501022067,0.00257289323669118,0.00258270874643274,
0.00292439242938253,0.0032495079697754,0.00358093254021219,0.00385936985503634,
0.00390279618783692,0.00414205969372718,0.00436463653864498,0.00450260816420889,
0.00453763694116649,0.00481433780781925,0.00506787715256595,0.00514584647338145),
 .UNSPECIFIED.);
#456=B_SPLINE_CURVE_WITH_KNOTS('',3,(#6593,#6594,#6595,#6596,#6597,#6598,
#6599,#6600,#6601,#6602,#6603,#6604,#6605,#6606,#6607,#6608,#6609,#6610,
#6611,#6612,#6613,#6614,#6615,#6616,#6617,#6618,#6619,#6620,#6621,#6622,
#6623,#6624,#6625,#6626,#6627,#6628,#6629,#6630,#6631,#6632,#6633,#6634,
#6635,#6636,#6637,#6638,#6639,#6640,#6641),.UNSPECIFIED.,.F.,.F.,(4,3,3,
3,3,3,3,3,3,3,3,3,3,3,3,3,4),(-5.99999999732465E-8,0.000282208709929449,
0.000570850900008341,0.000787418425219316,0.00078742083089025,0.00157489849247258,
0.00157490166178047,0.00196863919050633,0.00196864207722557,0.00236238029313158,
0.00236238249267067,0.00251666472505855,0.00267182993529593,0.00275612290811577,
0.00291478558789635,0.00307127213185265,0.00314986332356086),
 .UNSPECIFIED.);
#457=B_SPLINE_CURVE_WITH_KNOTS('',3,(#6669,#6670,#6671,#6672,#6673,#6674,
#6675,#6676,#6677,#6678,#6679,#6680,#6681,#6682,#6683,#6684,#6685,#6686,
#6687,#6688,#6689,#6690,#6691,#6692,#6693,#6694,#6695,#6696,#6697,#6698,
#6699,#6700,#6701,#6702,#6703,#6704,#6705,#6706,#6707,#6708,#6709,#6710,
#6711,#6712,#6713,#6714,#6715,#6716,#6717,#6718,#6719,#6720,#6721,#6722,
#6723,#6724,#6725,#6726,#6727,#6728,#6729,#6730,#6731,#6732,#6733,#6734,
#6735,#6736,#6737,#6738,#6739,#6740,#6741,#6742,#6743,#6744,#6745,#6746,
#6747,#6748,#6749,#6750,#6751,#6752,#6753,#6754,#6755,#6756,#6757,#6758,
#6759,#6760,#6761,#6762,#6763,#6764,#6765,#6766,#6767,#6768,#6769,#6770,
#6771,#6772,#6773,#6774,#6775,#6776,#6777,#6778,#6779,#6780,#6781,#6782,
#6783,#6784,#6785,#6786,#6787,#6788,#6789,#6790,#6791,#6792,#6793,#6794,
#6795),.UNSPECIFIED.,.F.,.F.,(4,3,3,3,3,3,3,3,3,3,3,3,3,3,3,3,3,3,3,3,3,
3,3,3,3,3,3,3,3,3,3,3,3,3,3,3,3,3,3,3,3,3,4),(-6.00000000034823E-8,0.000321632610794062,
0.000607267616770686,0.000641282937384111,0.0008893288252186,0.00114837157927427,
0.00123984229987326,0.00128262587476823,0.00155511446929599,0.00184370641468509,
0.00189218700909005,0.00192396881215234,0.00237656009253624,0.00255595507528303,
0.00256531174953645,0.00292634057366402,0.00322649716994287,0.00357699548419523,
0.00384799762430475,0.00389774269676288,0.00400833335865079,0.00417398855684113,
0.00424883696016985,0.00436908876092937,0.0044893405616889,0.00455296015286539,
0.00456950842886193,0.00462963432924171,0.00471143451782066,0.00471982317981137,
0.0047649176050962,0.00478746481773861,0.00481001203038103,0.00485944511439555,
0.00491519814438764,0.00497034776472709,0.00498036874812372,0.00498506608409089,
0.00503274380533201,0.00505787479158202,0.00507607696845481,0.00510338023376398,
0.00513068349907312),.UNSPECIFIED.);
#458=B_SPLINE_CURVE_WITH_KNOTS('',3,(#6796,#6797,#6798,#6799,#6800,#6801,
#6802,#6803,#6804,#6805,#6806,#6807,#6808,#6809,#6810,#6811,#6812,#6813,
#6814,#6815,#6816,#6817,#6818,#6819,#6820,#6821,#6822,#6823,#6824,#6825,
#6826,#6827,#6828,#6829,#6830,#6831,#6832,#6833,#6834,#6835,#6836,#6837,
#6838,#6839,#6840,#6841),.UNSPECIFIED.,.F.,.F.,(4,3,3,3,3,3,3,3,3,3,3,3,
3,3,3,4),(-5.9999999864146E-8,0.000282184431136721,0.000570805808724161,
0.000787421292981964,0.000787423475534805,0.00157490258596379,0.0015749060671864,
0.00196864323245471,0.00196864670024757,0.00236238387894562,0.00236238692545239,
0.0025166732105251,0.00267184254230637,0.00275612452543653,0.00305250294853834,
0.00314986517192745),.UNSPECIFIED.);
#459=B_SPLINE_CURVE_WITH_KNOTS('',3,(#6848,#6849,#6850,#6851,#6852,#6853,
#6854,#6855,#6856,#6857,#6858,#6859,#6860,#6861,#6862,#6863,#6864,#6865,
#6866,#6867,#6868,#6869,#6870,#6871,#6872,#6873,#6874,#6875,#6876,#6877,
#6878,#6879,#6880,#6881,#6882,#6883,#6884,#6885,#6886,#6887,#6888,#6889,
#6890,#6891,#6892,#6893,#6894,#6895,#6896,#6897,#6898,#6899,#6900,#6901,
#6902,#6903,#6904,#6905,#6906,#6907,#6908,#6909,#6910,#6911,#6912,#6913,
#6914,#6915,#6916,#6917,#6918,#6919,#6920),.UNSPECIFIED.,.F.,.F.,(4,3,3,
3,3,3,3,3,3,3,3,3,3,3,3,3,3,3,3,3,3,3,3,3,4),(3.1725817852352,3.24349835933437,
3.31489515741454,3.37755985380448,3.44803376812479,3.51938006411508,3.57118761826028,
3.64226032602159,3.71434911454045,3.75831665647302,3.83067366565164,3.90381867875198,
3.94245932872236,4.01614751632719,4.08987807131731,4.12660459271869,4.20070620076094,
4.27392105292652,4.31374183732736,4.38779294723313,4.46091708921105,4.5326868662697,
4.60377300753072,4.67407839976422,4.71238898038469),.UNSPECIFIED.);
#460=B_SPLINE_CURVE_WITH_KNOTS('',3,(#6971,#6972,#6973,#6974,#6975,#6976,
#6977,#6978,#6979,#6980,#6981,#6982,#6983,#6984,#6985,#6986,#6987,#6988,
#6989,#6990,#6991,#6992,#6993,#6994,#6995,#6996,#6997,#6998,#6999,#7000,
#7001,#7002,#7003,#7004,#7005,#7006,#7007,#7008,#7009,#7010,#7011,#7012,
#7013,#7014,#7015,#7016,#7017,#7018,#7019,#7020,#7021,#7022,#7023,#7024,
#7025,#7026,#7027,#7028,#7029,#7030,#7031,#7032,#7033,#7034,#7035,#7036,
#7037,#7038,#7039,#7040,#7041,#7042,#7043),.UNSPECIFIED.,.F.,.F.,(4,3,3,
3,3,3,3,3,3,3,3,3,3,3,3,3,3,3,3,3,3,3,3,3,4),(3.1725817852352,3.2434983593227,
3.31489515739066,3.37755985380453,3.44803376812189,3.5193800641104,3.57118761826047,
3.64226032602578,3.71434911454772,3.75831665647337,3.83067366565066,3.90381867874963,
3.94245932872285,4.01614751632617,4.08987807131319,4.12660459271928,4.2007062007548,
4.27392105290969,4.31374183732795,4.38779294723109,4.460917089206,4.53268686626116,
4.60377300751911,4.67407839974914,4.71238898038468),.UNSPECIFIED.);
#461=B_SPLINE_CURVE_WITH_KNOTS('',3,(#7056,#7057,#7058,#7059),
 .UNSPECIFIED.,.F.,.F.,(4,4),(0.,0.000154958357997204),.UNSPECIFIED.);
#462=B_SPLINE_CURVE_WITH_KNOTS('',3,(#7061,#7062,#7063,#7064,#7065,#7066,
#7067,#7068,#7069,#7070,#7071,#7072,#7073,#7074,#7075,#7076,#7077,#7078,
#7079,#7080,#7081,#7082,#7083,#7084,#7085,#7086,#7087,#7088,#7089,#7090,
#7091,#7092,#7093,#7094,#7095,#7096,#7097,#7098,#7099,#7100,#7101,#7102,
#7103,#7104,#7105,#7106,#7107,#7108,#7109,#7110,#7111,#7112,#7113,#7114,
#7115,#7116,#7117,#7118,#7119,#7120,#7121,#7122,#7123,#7124,#7125,#7126,
#7127,#7128,#7129,#7130,#7131,#7132,#7133),.UNSPECIFIED.,.F.,.F.,(4,3,3,
3,3,3,3,3,3,3,3,3,3,3,3,3,3,3,3,3,3,3,3,3,4),(-1.77635683940025E-15,0.0709708975086533,
0.142399589430578,0.209621716597428,0.280072716051641,0.351392371356061,
0.407168327921586,0.478182233536156,0.550218717930038,0.597843088983265,
0.670140330014351,0.743236289631747,0.785369719428086,0.859021550465395,
0.932714984384854,0.972899153552169,1.04697224556065,1.12013865427462,1.16358280888746,
1.23760261626151,1.31069147042067,1.38241999747686,1.45347483883233,1.52375375704662,
1.5707963267949),.UNSPECIFIED.);
#463=B_SPLINE_CURVE_WITH_KNOTS('',3,(#7200,#7201,#7202,#7203,#7204,#7205,
#7206,#7207,#7208,#7209,#7210,#7211,#7212,#7213,#7214,#7215,#7216,#7217,
#7218,#7219,#7220,#7221,#7222,#7223,#7224,#7225,#7226,#7227,#7228,#7229,
#7230,#7231,#7232,#7233,#7234,#7235,#7236,#7237,#7238,#7239,#7240,#7241,
#7242,#7243,#7244,#7245,#7246,#7247,#7248,#7249,#7250,#7251,#7252,#7253,
#7254,#7255,#7256,#7257),.UNSPECIFIED.,.F.,.F.,(4,3,3,3,3,3,3,3,3,3,3,3,
3,3,3,3,3,3,3,4),(0.,0.000252950640576122,0.000520253380747629,0.000787556120919137,
0.00115268529845062,0.00151844852025277,0.00157511224183827,0.0015752721852229,
0.00236266836275741,0.00236281756227778,0.00315022448367655,0.00315034520087833,
0.00393778060459569,0.00393787069292022,0.00472533672551482,0.00472539769059698,
0.00511916113549626,0.00551289284643396,0.0055129242320302,0.0063004489673531),
 .UNSPECIFIED.);
#464=B_SPLINE_CURVE_WITH_KNOTS('',3,(#7258,#7259,#7260,#7261,#7262,#7263,
#7264,#7265,#7266,#7267,#7268,#7269,#7270,#7271,#7272,#7273,#7274,#7275,
#7276,#7277,#7278,#7279,#7280,#7281,#7282,#7283,#7284,#7285,#7286,#7287,
#7288,#7289,#7290,#7291,#7292,#7293,#7294,#7295,#7296,#7297,#7298,#7299,
#7300,#7301,#7302,#7303,#7304,#7305,#7306,#7307,#7308,#7309,#7310,#7311,
#7312,#7313,#7314,#7315),.UNSPECIFIED.,.F.,.F.,(4,3,3,3,3,3,3,3,3,3,3,3,
3,3,3,3,3,3,3,4),(0.,0.000252807418696439,0.000520168701635021,0.000787529984573603,
0.00115705205168509,0.00152740776146336,0.00157499715931433,0.00157505996914721,
0.00236249736868666,0.00236258995372081,0.00314999648238314,0.00315011993829441,
0.00393749594058892,0.00393764992286802,0.00472501660269529,0.00472517990744162,
0.00511879115515374,0.00551258326516821,0.00551270989201522,0.00630023987658882),
 .UNSPECIFIED.);
#465=B_SPLINE_CURVE_WITH_KNOTS('',3,(#7318,#7319,#7320,#7321,#7322,#7323,
#7324,#7325,#7326,#7327,#7328,#7329,#7330,#7331,#7332,#7333,#7334,#7335,
#7336,#7337,#7338,#7339,#7340,#7341,#7342,#7343,#7344,#7345,#7346,#7347,
#7348,#7349,#7350,#7351,#7352,#7353,#7354,#7355,#7356,#7357,#7358,#7359,
#7360,#7361,#7362,#7363,#7364,#7365,#7366,#7367,#7368,#7369,#7370,#7371,
#7372,#7373,#7374,#7375,#7376,#7377,#7378),.UNSPECIFIED.,.F.,.F.,(4,3,3,
3,3,3,3,3,3,3,3,3,3,3,3,3,3,3,3,3,4),(0.,0.000280689449366937,0.000563665642391229,
0.000656676419180961,0.000941668937651447,0.0012264153090988,0.00131335283836192,
0.00164169104795238,0.00196351390417914,0.00229510979045145,0.00262670567672375,
0.00292431700405005,0.00322496067834397,0.00352536409803912,0.00382300406483996,
0.00394005851508558,0.00422142758130163,0.00450562467996644,0.00478974070927518,
0.00507150957786179,0.00525341135344741),.UNSPECIFIED.);
#466=B_SPLINE_CURVE_WITH_KNOTS('',3,(#7379,#7380,#7381,#7382,#7383,#7384,
#7385,#7386,#7387,#7388,#7389,#7390,#7391,#7392,#7393,#7394,#7395,#7396,
#7397,#7398,#7399,#7400,#7401,#7402,#7403,#7404,#7405,#7406,#7407,#7408,
#7409,#7410,#7411,#7412,#7413,#7414,#7415,#7416,#7417,#7418,#7419,#7420,
#7421,#7422,#7423,#7424,#7425,#7426,#7427,#7428,#7429,#7430,#7431,#7432,
#7433,#7434,#7435,#7436,#7437,#7438,#7439),.UNSPECIFIED.,.F.,.F.,(4,3,3,
3,3,3,3,3,3,3,3,3,3,3,3,3,3,3,3,3,4),(0.,0.000280183104721942,0.00056351481380855,
0.0008469694433012,0.00112837986086048,0.00130987196866817,0.00160613227805517,
0.00190584992538697,0.002205604640025,0.00250297780897589,0.00261974393733635,
0.00294721192950339,0.00326805786387867,0.00359883688494159,0.00392961590600452,
0.00421358195168968,0.00449780879690576,0.00458455189033861,0.00486684584128887,
0.00514704716128842,0.00523948787467269),.UNSPECIFIED.);
#467=CIRCLE('',#2286,1.99999999999999);
#468=CIRCLE('',#2287,114.782046791976);
#469=CIRCLE('',#2288,5.);
#470=CIRCLE('',#2291,7.65437803501219);
#471=CIRCLE('',#2294,7.65437803501219);
#472=CIRCLE('',#2297,7.65437803501219);
#473=CIRCLE('',#2300,7.65437803501219);
#474=CIRCLE('',#2302,5.);
#475=CIRCLE('',#2303,2.);
#476=CIRCLE('',#2305,114.782046791976);
#477=CIRCLE('',#2306,114.782046791976);
#478=CIRCLE('',#2307,114.782046791976);
#479=CIRCLE('',#2313,1.99999999999999);
#480=CIRCLE('',#2314,1.99999999999999);
#481=CIRCLE('',#2317,2.);
#482=CIRCLE('',#2320,2.65817377167531);
#483=CIRCLE('',#2321,2.6581737718429);
#484=CIRCLE('',#2324,2.49999999999996);
#485=CIRCLE('',#2325,2.49999999999975);
#486=CIRCLE('',#2326,0.999999999999996);
#487=CIRCLE('',#2329,2.20000000000001);
#488=CIRCLE('',#2330,2.20000000000001);
#489=CIRCLE('',#2331,2.19999999999998);
#490=CIRCLE('',#2332,2.19999999999998);
#491=CIRCLE('',#2333,2.19999999999998);
#492=CIRCLE('',#2334,2.19999999999998);
#493=CIRCLE('',#2336,0.999999999999996);
#494=CIRCLE('',#2337,2.20000000000001);
#495=CIRCLE('',#2338,2.20000000000001);
#496=CIRCLE('',#2340,1.);
#497=CIRCLE('',#2341,0.999999999999978);
#498=CIRCLE('',#2342,1.00000000000003);
#499=CIRCLE('',#2344,1.);
#500=CIRCLE('',#2346,0.999999999999985);
#501=CIRCLE('',#2347,1.00000000000001);
#502=CIRCLE('',#2348,1.);
#503=CIRCLE('',#2350,1.);
#504=CIRCLE('',#2364,5.);
#505=CIRCLE('',#2366,5.);
#506=CIRCLE('',#2369,5.);
#507=CIRCLE('',#2370,5.);
#508=CIRCLE('',#2371,5.);
#509=CIRCLE('',#2372,252.421889986937);
#510=CIRCLE('',#2373,252.421889987358);
#511=CIRCLE('',#2374,252.565938937522);
#512=CIRCLE('',#2375,252.565938938491);
#513=CIRCLE('',#2377,252.565938938435);
#514=CIRCLE('',#2379,110.782046791976);
#515=CIRCLE('',#2416,156.325002839485);
#516=CIRCLE('',#2417,2.50000000251669);
#517=CIRCLE('',#2418,158.825550954477);
#518=CIRCLE('',#2420,2.5);
#519=CIRCLE('',#2421,250.065912709047);
#520=CIRCLE('',#2422,2.50000001515433);
#521=CIRCLE('',#2424,113.782046791976);
#522=CIRCLE('',#2425,6.00000000000001);
#523=CIRCLE('',#2426,253.565541611171);
#524=CIRCLE('',#2428,113.782046791976);
#525=CIRCLE('',#2429,253.565541239373);
#526=CIRCLE('',#2430,6.00000000000001);
#527=CIRCLE('',#2433,2.00003281631924);
#528=CIRCLE('',#2437,2.00003278351758);
#529=CIRCLE('',#2439,250.395926437165);
#530=CIRCLE('',#2440,6.00000000000001);
#531=CIRCLE('',#2441,250.395926443462);
#532=CIRCLE('',#2443,6.00000000000001);
#533=CIRCLE('',#2445,2.5);
#534=CIRCLE('',#2447,2.50000000000001);
#535=CIRCLE('',#2451,1.);
#536=CIRCLE('',#2452,1.);
#537=CIRCLE('',#2454,1.);
#538=CIRCLE('',#2456,1.);
#539=CIRCLE('',#2458,1.);
#540=CIRCLE('',#2459,0.999999999999993);
#541=CIRCLE('',#2460,1.);
#542=CIRCLE('',#2462,1.);
#543=CIRCLE('',#2464,1.);
#544=CIRCLE('',#2466,1.);
#545=CIRCLE('',#2467,1.);
#546=CIRCLE('',#2468,1.00000000000001);
#547=CIRCLE('',#2470,1.);
#548=CIRCLE('',#2472,1.);
#549=CIRCLE('',#2473,1.);
#550=CIRCLE('',#2474,1.);
#551=CIRCLE('',#2476,1.);
#552=CIRCLE('',#2477,1.);
#553=CIRCLE('',#2479,1.);
#554=CIRCLE('',#2481,1.);
#555=CIRCLE('',#2482,1.);
#556=CIRCLE('',#2483,1.);
#557=CIRCLE('',#2485,1.);
#558=CIRCLE('',#2487,1.);
#559=LINE('',#3049,#708);
#560=LINE('',#3051,#709);
#561=LINE('',#3053,#710);
#562=LINE('',#3059,#711);
#563=LINE('',#3102,#712);
#564=LINE('',#3108,#713);
#565=LINE('',#3297,#714);
#566=LINE('',#3303,#715);
#567=LINE('',#3495,#716);
#568=LINE('',#3533,#717);
#569=LINE('',#3571,#718);
#570=LINE('',#3760,#719);
#571=LINE('',#3766,#720);
#572=LINE('',#3952,#721);
#573=LINE('',#3978,#722);
#574=LINE('',#4170,#723);
#575=LINE('',#4176,#724);
#576=LINE('',#4368,#725);
#577=LINE('',#4406,#726);
#578=LINE('',#4444,#727);
#579=LINE('',#4642,#728);
#580=LINE('',#4648,#729);
#581=LINE('',#4840,#730);
#582=LINE('',#4878,#731);
#583=LINE('',#4887,#732);
#584=LINE('',#4889,#733);
#585=LINE('',#4892,#734);
#586=LINE('',#4895,#735);
#587=LINE('',#4899,#736);
#588=LINE('',#5058,#737);
#589=LINE('',#5061,#738);
#590=LINE('',#5065,#739);
#591=LINE('',#5069,#740);
#592=LINE('',#5079,#741);
#593=LINE('',#5081,#742);
#594=LINE('',#5083,#743);
#595=LINE('',#5085,#744);
#596=LINE('',#5087,#745);
#597=LINE('',#5089,#746);
#598=LINE('',#5091,#747);
#599=LINE('',#5093,#748);
#600=LINE('',#5095,#749);
#601=LINE('',#5097,#750);
#602=LINE('',#5099,#751);
#603=LINE('',#5101,#752);
#604=LINE('',#5103,#753);
#605=LINE('',#5105,#754);
#606=LINE('',#5107,#755);
#607=LINE('',#5108,#756);
#608=LINE('',#5110,#757);
#609=LINE('',#5112,#758);
#610=LINE('',#5114,#759);
#611=LINE('',#5116,#760);
#612=LINE('',#5117,#761);
#613=LINE('',#5120,#762);
#614=LINE('',#5129,#763);
#615=LINE('',#5133,#764);
#616=LINE('',#5134,#765);
#617=LINE('',#5137,#766);
#618=LINE('',#5141,#767);
#619=LINE('',#5145,#768);
#620=LINE('',#5149,#769);
#621=LINE('',#5163,#770);
#622=LINE('',#5190,#771);
#623=LINE('',#5193,#772);
#624=LINE('',#5209,#773);
#625=LINE('',#5210,#774);
#626=LINE('',#5220,#775);
#627=LINE('',#5223,#776);
#628=LINE('',#5229,#777);
#629=LINE('',#5235,#778);
#630=LINE('',#5241,#779);
#631=LINE('',#5247,#780);
#632=LINE('',#5250,#781);
#633=LINE('',#5277,#782);
#634=LINE('',#5284,#783);
#635=LINE('',#5362,#784);
#636=LINE('',#5415,#785);
#637=LINE('',#5447,#786);
#638=LINE('',#5481,#787);
#639=LINE('',#5514,#788);
#640=LINE('',#5516,#789);
#641=LINE('',#5517,#790);
#642=LINE('',#5534,#791);
#643=LINE('',#5535,#792);
#644=LINE('',#5698,#793);
#645=LINE('',#5771,#794);
#646=LINE('',#5889,#795);
#647=LINE('',#5891,#796);
#648=LINE('',#5892,#797);
#649=LINE('',#5895,#798);
#650=LINE('',#5896,#799);
#651=LINE('',#5899,#800);
#652=LINE('',#5900,#801);
#653=LINE('',#5903,#802);
#654=LINE('',#5905,#803);
#655=LINE('',#5906,#804);
#656=LINE('',#5908,#805);
#657=LINE('',#5910,#806);
#658=LINE('',#5914,#807);
#659=LINE('',#5916,#808);
#660=LINE('',#5917,#809);
#661=LINE('',#5920,#810);
#662=LINE('',#5921,#811);
#663=LINE('',#5925,#812);
#664=LINE('',#5926,#813);
#665=LINE('',#5928,#814);
#666=LINE('',#5929,#815);
#667=LINE('',#5931,#816);
#668=LINE('',#5932,#817);
#669=LINE('',#5934,#818);
#670=LINE('',#5939,#819);
#671=LINE('',#5941,#820);
#672=LINE('',#5942,#821);
#673=LINE('',#5945,#822);
#674=LINE('',#5946,#823);
#675=LINE('',#5949,#824);
#676=LINE('',#5950,#825);
#677=LINE('',#5953,#826);
#678=LINE('',#5955,#827);
#679=LINE('',#5956,#828);
#680=LINE('',#5958,#829);
#681=LINE('',#5960,#830);
#682=LINE('',#5964,#831);
#683=LINE('',#5966,#832);
#684=LINE('',#5967,#833);
#685=LINE('',#5970,#834);
#686=LINE('',#5971,#835);
#687=LINE('',#5975,#836);
#688=LINE('',#5976,#837);
#689=LINE('',#5978,#838);
#690=LINE('',#5979,#839);
#691=LINE('',#5981,#840);
#692=LINE('',#5982,#841);
#693=LINE('',#5984,#842);
#694=LINE('',#6000,#843);
#695=LINE('',#6036,#844);
#696=LINE('',#6069,#845);
#697=LINE('',#6076,#846);
#698=LINE('',#6084,#847);
#699=LINE('',#6130,#848);
#700=LINE('',#6176,#849);
#701=LINE('',#6222,#850);
#702=LINE('',#6361,#851);
#703=LINE('',#6362,#852);
#704=LINE('',#6439,#853);
#705=LINE('',#6444,#854);
#706=LINE('',#6844,#855);
#707=LINE('',#6846,#856);
#708=VECTOR('',#2492,10.);
#709=VECTOR('',#2493,10.);
#710=VECTOR('',#2494,10.);
#711=VECTOR('',#2499,10.);
#712=VECTOR('',#2502,10.);
#713=VECTOR('',#2503,10.);
#714=VECTOR('',#2504,10.);
#715=VECTOR('',#2511,10.);
#716=VECTOR('',#2512,10.);
#717=VECTOR('',#2513,10.);
#718=VECTOR('',#2514,10.);
#719=VECTOR('',#2515,10.);
#720=VECTOR('',#2522,10.);
#721=VECTOR('',#2523,10.);
#722=VECTOR('',#2524,10.);
#723=VECTOR('',#2525,10.);
#724=VECTOR('',#2532,10.);
#725=VECTOR('',#2533,10.);
#726=VECTOR('',#2534,10.);
#727=VECTOR('',#2535,10.);
#728=VECTOR('',#2536,10.);
#729=VECTOR('',#2543,10.);
#730=VECTOR('',#2544,10.);
#731=VECTOR('',#2547,10.);
#732=VECTOR('',#2550,10.);
#733=VECTOR('',#2551,10.);
#734=VECTOR('',#2554,10.);
#735=VECTOR('',#2557,1000.);
#736=VECTOR('',#2560,1000.);
#737=VECTOR('',#2565,1000.);
#738=VECTOR('',#2568,1000.);
#739=VECTOR('',#2571,1000.);
#740=VECTOR('',#2574,1000.);
#741=VECTOR('',#2585,1000.);
#742=VECTOR('',#2586,1000.);
#743=VECTOR('',#2587,1000.);
#744=VECTOR('',#2588,1000.);
#745=VECTOR('',#2589,1000.);
#746=VECTOR('',#2590,1000.);
#747=VECTOR('',#2591,1000.);
#748=VECTOR('',#2592,1000.);
#749=VECTOR('',#2593,1000.);
#750=VECTOR('',#2594,1000.);
#751=VECTOR('',#2595,1000.);
#752=VECTOR('',#2596,1000.);
#753=VECTOR('',#2597,1000.);
#754=VECTOR('',#2598,1000.);
#755=VECTOR('',#2599,1000.);
#756=VECTOR('',#2600,1000.);
#757=VECTOR('',#2601,1000.);
#758=VECTOR('',#2602,1000.);
#759=VECTOR('',#2603,1000.);
#760=VECTOR('',#2604,1000.);
#761=VECTOR('',#2605,1000.);
#762=VECTOR('',#2608,1000.);
#763=VECTOR('',#2617,1000.);
#764=VECTOR('',#2622,1000.);
#765=VECTOR('',#2623,1000.);
#766=VECTOR('',#2626,1000.);
#767=VECTOR('',#2629,1000.);
#768=VECTOR('',#2632,1000.);
#769=VECTOR('',#2635,1000.);
#770=VECTOR('',#2638,1000.);
#771=VECTOR('',#2655,1000.);
#772=VECTOR('',#2658,1000.);
#773=VECTOR('',#2675,1000.);
#774=VECTOR('',#2676,1000.);
#775=VECTOR('',#2687,1000.);
#776=VECTOR('',#2690,1000.);
#777=VECTOR('',#2697,2.20000000000001);
#778=VECTOR('',#2704,2.19999999999998);
#779=VECTOR('',#2711,2.20000000000001);
#780=VECTOR('',#2718,2.19999999999998);
#781=VECTOR('',#2721,1000.);
#782=VECTOR('',#2728,1000.);
#783=VECTOR('',#2735,1000.);
#784=VECTOR('',#2738,1000.);
#785=VECTOR('',#2743,1000.);
#786=VECTOR('',#2752,1000.);
#787=VECTOR('',#2753,1000.);
#788=VECTOR('',#2754,1000.);
#789=VECTOR('',#2755,1000.);
#790=VECTOR('',#2756,1000.);
#791=VECTOR('',#2761,1000.);
#792=VECTOR('',#2762,1000.);
#793=VECTOR('',#2771,1000.);
#794=VECTOR('',#2776,1000.);
#795=VECTOR('',#2785,1000.);
#796=VECTOR('',#2786,1000.);
#797=VECTOR('',#2787,1000.);
#798=VECTOR('',#2790,1000.);
#799=VECTOR('',#2791,1000.);
#800=VECTOR('',#2794,1000.);
#801=VECTOR('',#2795,1000.);
#802=VECTOR('',#2798,1000.);
#803=VECTOR('',#2799,1000.);
#804=VECTOR('',#2800,1000.);
#805=VECTOR('',#2803,1000.);
#806=VECTOR('',#2806,1000.);
#807=VECTOR('',#2811,1000.);
#808=VECTOR('',#2812,1000.);
#809=VECTOR('',#2813,1000.);
#810=VECTOR('',#2816,1000.);
#811=VECTOR('',#2817,1000.);
#812=VECTOR('',#2820,1000.);
#813=VECTOR('',#2821,1000.);
#814=VECTOR('',#2822,1000.);
#815=VECTOR('',#2823,1000.);
#816=VECTOR('',#2826,1000.);
#817=VECTOR('',#2827,1000.);
#818=VECTOR('',#2830,1000.);
#819=VECTOR('',#2837,1000.);
#820=VECTOR('',#2838,1000.);
#821=VECTOR('',#2839,1000.);
#822=VECTOR('',#2842,1000.);
#823=VECTOR('',#2843,1000.);
#824=VECTOR('',#2846,1000.);
#825=VECTOR('',#2847,1000.);
#826=VECTOR('',#2850,1000.);
#827=VECTOR('',#2851,1000.);
#828=VECTOR('',#2852,1000.);
#829=VECTOR('',#2855,1000.);
#830=VECTOR('',#2858,1000.);
#831=VECTOR('',#2863,1000.);
#832=VECTOR('',#2864,1000.);
#833=VECTOR('',#2865,1000.);
#834=VECTOR('',#2868,1000.);
#835=VECTOR('',#2869,1000.);
#836=VECTOR('',#2872,1000.);
#837=VECTOR('',#2873,1000.);
#838=VECTOR('',#2874,1000.);
#839=VECTOR('',#2875,1000.);
#840=VECTOR('',#2878,1000.);
#841=VECTOR('',#2879,1000.);
#842=VECTOR('',#2882,1000.);
#843=VECTOR('',#2887,1000.);
#844=VECTOR('',#2896,1000.);
#845=VECTOR('',#2907,1000.);
#846=VECTOR('',#2914,1000.);
#847=VECTOR('',#2923,1000.);
#848=VECTOR('',#2924,1000.);
#849=VECTOR('',#2925,1000.);
#850=VECTOR('',#2926,1000.);
#851=VECTOR('',#2935,1000.);
#852=VECTOR('',#2936,1000.);
#853=VECTOR('',#2943,1000.);
#854=VECTOR('',#2948,1000.);
#855=VECTOR('',#2953,1000.);
#856=VECTOR('',#2956,1000.);
#857=VERTEX_POINT('',#3047);
#858=VERTEX_POINT('',#3048);
#859=VERTEX_POINT('',#3050);
#860=VERTEX_POINT('',#3052);
#861=VERTEX_POINT('',#3054);
#862=VERTEX_POINT('',#3056);
#863=VERTEX_POINT('',#3058);
#864=VERTEX_POINT('',#3060);
#865=VERTEX_POINT('',#3074);
#866=VERTEX_POINT('',#3075);
#867=VERTEX_POINT('',#3101);
#868=VERTEX_POINT('',#3103);
#869=VERTEX_POINT('',#3119);
#870=VERTEX_POINT('',#3199);
#871=VERTEX_POINT('',#3299);
#872=VERTEX_POINT('',#3301);
#873=VERTEX_POINT('',#3314);
#874=VERTEX_POINT('',#3397);
#875=VERTEX_POINT('',#3502);
#876=VERTEX_POINT('',#3528);
#877=VERTEX_POINT('',#3540);
#878=VERTEX_POINT('',#3566);
#879=VERTEX_POINT('',#3582);
#880=VERTEX_POINT('',#3662);
#881=VERTEX_POINT('',#3762);
#882=VERTEX_POINT('',#3764);
#883=VERTEX_POINT('',#3777);
#884=VERTEX_POINT('',#3863);
#885=VERTEX_POINT('',#3959);
#886=VERTEX_POINT('',#3973);
#887=VERTEX_POINT('',#3989);
#888=VERTEX_POINT('',#4084);
#889=VERTEX_POINT('',#4172);
#890=VERTEX_POINT('',#4174);
#891=VERTEX_POINT('',#4187);
#892=VERTEX_POINT('',#4270);
#893=VERTEX_POINT('',#4375);
#894=VERTEX_POINT('',#4401);
#895=VERTEX_POINT('',#4413);
#896=VERTEX_POINT('',#4439);
#897=VERTEX_POINT('',#4455);
#898=VERTEX_POINT('',#4544);
#899=VERTEX_POINT('',#4644);
#900=VERTEX_POINT('',#4646);
#901=VERTEX_POINT('',#4659);
#902=VERTEX_POINT('',#4742);
#903=VERTEX_POINT('',#4877);
#904=VERTEX_POINT('',#4879);
#905=VERTEX_POINT('',#4881);
#906=VERTEX_POINT('',#4886);
#907=VERTEX_POINT('',#4888);
#908=VERTEX_POINT('',#4890);
#909=VERTEX_POINT('',#4894);
#910=VERTEX_POINT('',#4896);
#911=VERTEX_POINT('',#4898);
#912=VERTEX_POINT('',#4900);
#913=VERTEX_POINT('',#4902);
#914=VERTEX_POINT('',#4979);
#915=VERTEX_POINT('',#5056);
#916=VERTEX_POINT('',#5060);
#917=VERTEX_POINT('',#5062);
#918=VERTEX_POINT('',#5064);
#919=VERTEX_POINT('',#5066);
#920=VERTEX_POINT('',#5068);
#921=VERTEX_POINT('',#5070);
#922=VERTEX_POINT('',#5072);
#923=VERTEX_POINT('',#5074);
#924=VERTEX_POINT('',#5078);
#925=VERTEX_POINT('',#5080);
#926=VERTEX_POINT('',#5082);
#927=VERTEX_POINT('',#5084);
#928=VERTEX_POINT('',#5086);
#929=VERTEX_POINT('',#5088);
#930=VERTEX_POINT('',#5090);
#931=VERTEX_POINT('',#5092);
#932=VERTEX_POINT('',#5094);
#933=VERTEX_POINT('',#5096);
#934=VERTEX_POINT('',#5098);
#935=VERTEX_POINT('',#5100);
#936=VERTEX_POINT('',#5102);
#937=VERTEX_POINT('',#5104);
#938=VERTEX_POINT('',#5106);
#939=VERTEX_POINT('',#5109);
#940=VERTEX_POINT('',#5111);
#941=VERTEX_POINT('',#5113);
#942=VERTEX_POINT('',#5115);
#943=VERTEX_POINT('',#5119);
#944=VERTEX_POINT('',#5121);
#945=VERTEX_POINT('',#5123);
#946=VERTEX_POINT('',#5126);
#947=VERTEX_POINT('',#5128);
#948=VERTEX_POINT('',#5132);
#949=VERTEX_POINT('',#5136);
#950=VERTEX_POINT('',#5138);
#951=VERTEX_POINT('',#5140);
#952=VERTEX_POINT('',#5142);
#953=VERTEX_POINT('',#5144);
#954=VERTEX_POINT('',#5146);
#955=VERTEX_POINT('',#5148);
#956=VERTEX_POINT('',#5160);
#957=VERTEX_POINT('',#5162);
#958=VERTEX_POINT('',#5165);
#959=VERTEX_POINT('',#5166);
#960=VERTEX_POINT('',#5169);
#961=VERTEX_POINT('',#5170);
#962=VERTEX_POINT('',#5173);
#963=VERTEX_POINT('',#5174);
#964=VERTEX_POINT('',#5178);
#965=VERTEX_POINT('',#5189);
#966=VERTEX_POINT('',#5191);
#967=VERTEX_POINT('',#5194);
#968=VERTEX_POINT('',#5195);
#969=VERTEX_POINT('',#5199);
#970=VERTEX_POINT('',#5200);
#971=VERTEX_POINT('',#5202);
#972=VERTEX_POINT('',#5206);
#973=VERTEX_POINT('',#5207);
#974=VERTEX_POINT('',#5212);
#975=VERTEX_POINT('',#5213);
#976=VERTEX_POINT('',#5215);
#977=VERTEX_POINT('',#5219);
#978=VERTEX_POINT('',#5221);
#979=VERTEX_POINT('',#5225);
#980=VERTEX_POINT('',#5226);
#981=VERTEX_POINT('',#5231);
#982=VERTEX_POINT('',#5232);
#983=VERTEX_POINT('',#5237);
#984=VERTEX_POINT('',#5238);
#985=VERTEX_POINT('',#5243);
#986=VERTEX_POINT('',#5244);
#987=VERTEX_POINT('',#5249);
#988=VERTEX_POINT('',#5251);
#989=VERTEX_POINT('',#5254);
#990=VERTEX_POINT('',#5275);
#991=VERTEX_POINT('',#5279);
#992=VERTEX_POINT('',#5281);
#993=VERTEX_POINT('',#5283);
#994=VERTEX_POINT('',#5285);
#995=VERTEX_POINT('',#5287);
#996=VERTEX_POINT('',#5361);
#997=VERTEX_POINT('',#5363);
#998=VERTEX_POINT('',#5397);
#999=VERTEX_POINT('',#5412);
#1000=VERTEX_POINT('',#5414);
#1001=VERTEX_POINT('',#5446);
#1002=VERTEX_POINT('',#5448);
#1003=VERTEX_POINT('',#5480);
#1004=VERTEX_POINT('',#5482);
#1005=VERTEX_POINT('',#5515);
#1006=VERTEX_POINT('',#5532);
#1007=VERTEX_POINT('',#5533);
#1008=VERTEX_POINT('',#5671);
#1009=VERTEX_POINT('',#5695);
#1010=VERTEX_POINT('',#5697);
#1011=VERTEX_POINT('',#5699);
#1012=VERTEX_POINT('',#5768);
#1013=VERTEX_POINT('',#5770);
#1014=VERTEX_POINT('',#5888);
#1015=VERTEX_POINT('',#5890);
#1016=VERTEX_POINT('',#5894);
#1017=VERTEX_POINT('',#5898);
#1018=VERTEX_POINT('',#5902);
#1019=VERTEX_POINT('',#5904);
#1020=VERTEX_POINT('',#5913);
#1021=VERTEX_POINT('',#5915);
#1022=VERTEX_POINT('',#5919);
#1023=VERTEX_POINT('',#5923);
#1024=VERTEX_POINT('',#5924);
#1025=VERTEX_POINT('',#5927);
#1026=VERTEX_POINT('',#5938);
#1027=VERTEX_POINT('',#5940);
#1028=VERTEX_POINT('',#5944);
#1029=VERTEX_POINT('',#5948);
#1030=VERTEX_POINT('',#5952);
#1031=VERTEX_POINT('',#5954);
#1032=VERTEX_POINT('',#5963);
#1033=VERTEX_POINT('',#5965);
#1034=VERTEX_POINT('',#5969);
#1035=VERTEX_POINT('',#5973);
#1036=VERTEX_POINT('',#5974);
#1037=VERTEX_POINT('',#5977);
#1038=VERTEX_POINT('',#5999);
#1039=VERTEX_POINT('',#6001);
#1040=VERTEX_POINT('',#6031);
#1041=VERTEX_POINT('',#6035);
#1042=VERTEX_POINT('',#6037);
#1043=VERTEX_POINT('',#6066);
#1044=VERTEX_POINT('',#6068);
#1045=VERTEX_POINT('',#6070);
#1046=VERTEX_POINT('',#6074);
#1047=VERTEX_POINT('',#6075);
#1048=VERTEX_POINT('',#6078);
#1049=VERTEX_POINT('',#6082);
#1050=VERTEX_POINT('',#6083);
#1051=VERTEX_POINT('',#6085);
#1052=VERTEX_POINT('',#6129);
#1053=VERTEX_POINT('',#6131);
#1054=VERTEX_POINT('',#6175);
#1055=VERTEX_POINT('',#6177);
#1056=VERTEX_POINT('',#6221);
#1057=VERTEX_POINT('',#6290);
#1058=VERTEX_POINT('',#6291);
#1059=VERTEX_POINT('',#6293);
#1060=VERTEX_POINT('',#6295);
#1061=VERTEX_POINT('',#6358);
#1062=VERTEX_POINT('',#6359);
#1063=VERTEX_POINT('',#6387);
#1064=VERTEX_POINT('',#6388);
#1065=VERTEX_POINT('',#6438);
#1066=VERTEX_POINT('',#6440);
#1067=VERTEX_POINT('',#6442);
#1068=VERTEX_POINT('',#6666);
#1069=VERTEX_POINT('',#6667);
#1070=VERTEX_POINT('',#6843);
#1071=VERTEX_POINT('',#6969);
#1072=VERTEX_POINT('',#7199);
#1073=VERTEX_POINT('',#7317);
#1074=EDGE_CURVE('',#857,#858,#559,.T.);
#1075=EDGE_CURVE('',#859,#857,#560,.T.);
#1076=EDGE_CURVE('',#860,#859,#561,.T.);
#1077=EDGE_CURVE('',#861,#860,#467,.T.);
#1078=EDGE_CURVE('',#862,#861,#468,.T.);
#1079=EDGE_CURVE('',#863,#862,#562,.T.);
#1080=EDGE_CURVE('',#864,#863,#400,.T.);
#1081=EDGE_CURVE('',#858,#864,#469,.T.);
#1082=EDGE_CURVE('',#865,#866,#401,.T.);
#1083=EDGE_CURVE('',#867,#865,#563,.T.);
#1084=EDGE_CURVE('',#868,#867,#402,.T.);
#1085=EDGE_CURVE('',#868,#866,#564,.T.);
#1086=EDGE_CURVE('',#866,#869,#403,.T.);
#1087=EDGE_CURVE('',#870,#868,#404,.T.);
#1088=EDGE_CURVE('',#870,#869,#565,.T.);
#1089=EDGE_CURVE('',#869,#871,#60,.T.);
#1090=EDGE_CURVE('',#872,#870,#470,.T.);
#1091=EDGE_CURVE('',#872,#871,#566,.T.);
#1092=EDGE_CURVE('',#871,#873,#405,.T.);
#1093=EDGE_CURVE('',#874,#872,#406,.T.);
#1094=EDGE_CURVE('',#874,#873,#567,.T.);
#1095=EDGE_CURVE('',#873,#875,#407,.T.);
#1096=EDGE_CURVE('',#876,#874,#408,.T.);
#1097=EDGE_CURVE('',#876,#875,#568,.T.);
#1098=EDGE_CURVE('',#875,#877,#409,.T.);
#1099=EDGE_CURVE('',#878,#876,#410,.T.);
#1100=EDGE_CURVE('',#878,#877,#569,.T.);
#1101=EDGE_CURVE('',#877,#879,#411,.T.);
#1102=EDGE_CURVE('',#880,#878,#412,.T.);
#1103=EDGE_CURVE('',#880,#879,#570,.T.);
#1104=EDGE_CURVE('',#879,#881,#61,.T.);
#1105=EDGE_CURVE('',#882,#880,#471,.T.);
#1106=EDGE_CURVE('',#882,#881,#571,.T.);
#1107=EDGE_CURVE('',#881,#883,#413,.T.);
#1108=EDGE_CURVE('',#884,#882,#414,.T.);
#1109=EDGE_CURVE('',#884,#883,#572,.T.);
#1110=EDGE_CURVE('',#883,#885,#415,.T.);
#1111=EDGE_CURVE('',#886,#884,#416,.T.);
#1112=EDGE_CURVE('',#886,#885,#573,.T.);
#1113=EDGE_CURVE('',#885,#887,#417,.T.);
#1114=EDGE_CURVE('',#888,#886,#418,.T.);
#1115=EDGE_CURVE('',#888,#887,#574,.T.);
#1116=EDGE_CURVE('',#887,#889,#62,.T.);
#1117=EDGE_CURVE('',#890,#888,#472,.T.);
#1118=EDGE_CURVE('',#890,#889,#575,.T.);
#1119=EDGE_CURVE('',#889,#891,#419,.T.);
#1120=EDGE_CURVE('',#892,#890,#420,.T.);
#1121=EDGE_CURVE('',#892,#891,#576,.T.);
#1122=EDGE_CURVE('',#891,#893,#421,.T.);
#1123=EDGE_CURVE('',#894,#892,#422,.T.);
#1124=EDGE_CURVE('',#894,#893,#577,.T.);
#1125=EDGE_CURVE('',#893,#895,#423,.T.);
#1126=EDGE_CURVE('',#896,#894,#424,.T.);
#1127=EDGE_CURVE('',#896,#895,#578,.T.);
#1128=EDGE_CURVE('',#895,#897,#425,.T.);
#1129=EDGE_CURVE('',#898,#896,#426,.T.);
#1130=EDGE_CURVE('',#898,#897,#579,.T.);
#1131=EDGE_CURVE('',#897,#899,#63,.T.);
#1132=EDGE_CURVE('',#900,#898,#473,.T.);
#1133=EDGE_CURVE('',#900,#899,#580,.T.);
#1134=EDGE_CURVE('',#899,#901,#427,.T.);
#1135=EDGE_CURVE('',#902,#900,#428,.T.);
#1136=EDGE_CURVE('',#902,#901,#581,.T.);
#1137=EDGE_CURVE('',#901,#857,#429,.T.);
#1138=EDGE_CURVE('',#859,#902,#430,.T.);
#1139=EDGE_CURVE('',#903,#865,#582,.T.);
#1140=EDGE_CURVE('',#904,#903,#474,.T.);
#1141=EDGE_CURVE('',#905,#904,#431,.T.);
#1142=EDGE_CURVE('',#906,#905,#583,.T.);
#1143=EDGE_CURVE('',#907,#906,#584,.T.);
#1144=EDGE_CURVE('',#908,#907,#475,.T.);
#1145=EDGE_CURVE('',#867,#908,#585,.T.);
#1146=EDGE_CURVE('',#909,#861,#586,.T.);
#1147=EDGE_CURVE('',#909,#910,#476,.T.);
#1148=EDGE_CURVE('',#910,#911,#587,.T.);
#1149=EDGE_CURVE('',#911,#912,#477,.T.);
#1150=EDGE_CURVE('',#912,#913,#432,.T.);
#1151=EDGE_CURVE('',#913,#914,#433,.T.);
#1152=EDGE_CURVE('',#914,#915,#478,.T.);
#1153=EDGE_CURVE('',#915,#862,#588,.T.);
#1154=EDGE_CURVE('',#916,#860,#589,.T.);
#1155=EDGE_CURVE('',#916,#917,#64,.T.);
#1156=EDGE_CURVE('',#917,#918,#590,.T.);
#1157=EDGE_CURVE('',#918,#919,#65,.T.);
#1158=EDGE_CURVE('',#920,#919,#591,.T.);
#1159=EDGE_CURVE('',#920,#921,#66,.T.);
#1160=EDGE_CURVE('',#921,#922,#67,.T.);
#1161=EDGE_CURVE('',#922,#923,#479,.T.);
#1162=EDGE_CURVE('',#923,#909,#480,.T.);
#1163=EDGE_CURVE('',#924,#908,#592,.T.);
#1164=EDGE_CURVE('',#925,#924,#593,.T.);
#1165=EDGE_CURVE('',#926,#925,#594,.T.);
#1166=EDGE_CURVE('',#927,#926,#595,.T.);
#1167=EDGE_CURVE('',#928,#927,#596,.T.);
#1168=EDGE_CURVE('',#929,#928,#597,.T.);
#1169=EDGE_CURVE('',#930,#929,#598,.T.);
#1170=EDGE_CURVE('',#931,#930,#599,.T.);
#1171=EDGE_CURVE('',#932,#931,#600,.T.);
#1172=EDGE_CURVE('',#933,#932,#601,.T.);
#1173=EDGE_CURVE('',#934,#933,#602,.T.);
#1174=EDGE_CURVE('',#934,#935,#603,.T.);
#1175=EDGE_CURVE('',#936,#935,#604,.T.);
#1176=EDGE_CURVE('',#937,#936,#605,.T.);
#1177=EDGE_CURVE('',#938,#937,#606,.T.);
#1178=EDGE_CURVE('',#920,#938,#607,.T.);
#1179=EDGE_CURVE('',#939,#919,#608,.T.);
#1180=EDGE_CURVE('',#940,#939,#609,.T.);
#1181=EDGE_CURVE('',#941,#940,#610,.T.);
#1182=EDGE_CURVE('',#942,#941,#611,.T.);
#1183=EDGE_CURVE('',#916,#942,#612,.T.);
#1184=EDGE_CURVE('',#943,#907,#613,.T.);
#1185=EDGE_CURVE('',#943,#944,#481,.T.);
#1186=EDGE_CURVE('',#944,#945,#68,.T.);
#1187=EDGE_CURVE('',#945,#930,#69,.T.);
#1188=EDGE_CURVE('',#929,#946,#482,.T.);
#1189=EDGE_CURVE('',#946,#947,#614,.T.);
#1190=EDGE_CURVE('',#947,#924,#483,.T.);
#1191=EDGE_CURVE('',#948,#906,#615,.T.);
#1192=EDGE_CURVE('',#948,#943,#616,.T.);
#1193=EDGE_CURVE('',#905,#949,#617,.T.);
#1194=EDGE_CURVE('',#949,#950,#484,.T.);
#1195=EDGE_CURVE('',#950,#951,#618,.T.);
#1196=EDGE_CURVE('',#951,#952,#485,.T.);
#1197=EDGE_CURVE('',#952,#953,#619,.T.);
#1198=EDGE_CURVE('',#953,#954,#486,.T.);
#1199=EDGE_CURVE('',#955,#954,#620,.T.);
#1200=EDGE_CURVE('',#955,#911,#434,.T.);
#1201=EDGE_CURVE('',#910,#956,#70,.T.);
#1202=EDGE_CURVE('',#957,#956,#621,.T.);
#1203=EDGE_CURVE('',#957,#948,#71,.T.);
#1204=EDGE_CURVE('',#958,#959,#487,.T.);
#1205=EDGE_CURVE('',#959,#958,#488,.T.);
#1206=EDGE_CURVE('',#960,#961,#489,.T.);
#1207=EDGE_CURVE('',#961,#960,#490,.T.);
#1208=EDGE_CURVE('',#962,#963,#491,.T.);
#1209=EDGE_CURVE('',#963,#962,#492,.T.);
#1210=EDGE_CURVE('',#915,#964,#435,.T.);
#1211=EDGE_CURVE('',#964,#965,#622,.T.);
#1212=EDGE_CURVE('',#965,#966,#493,.T.);
#1213=EDGE_CURVE('',#966,#863,#623,.T.);
#1214=EDGE_CURVE('',#967,#968,#494,.T.);
#1215=EDGE_CURVE('',#968,#967,#495,.T.);
#1216=EDGE_CURVE('',#969,#970,#496,.T.);
#1217=EDGE_CURVE('',#971,#970,#497,.T.);
#1218=EDGE_CURVE('',#971,#969,#498,.T.);
#1219=EDGE_CURVE('',#972,#973,#499,.T.);
#1220=EDGE_CURVE('',#970,#973,#624,.T.);
#1221=EDGE_CURVE('',#972,#969,#625,.T.);
#1222=EDGE_CURVE('',#974,#975,#500,.T.);
#1223=EDGE_CURVE('',#974,#976,#501,.T.);
#1224=EDGE_CURVE('',#976,#975,#502,.T.);
#1225=EDGE_CURVE('',#977,#976,#626,.T.);
#1226=EDGE_CURVE('',#977,#978,#503,.T.);
#1227=EDGE_CURVE('',#975,#978,#627,.T.);
#1228=EDGE_CURVE('',#979,#980,#72,.T.);
#1229=EDGE_CURVE('',#980,#979,#73,.T.);
#1230=EDGE_CURVE('',#980,#968,#628,.T.);
#1231=EDGE_CURVE('',#981,#982,#74,.T.);
#1232=EDGE_CURVE('',#982,#981,#75,.T.);
#1233=EDGE_CURVE('',#982,#963,#629,.T.);
#1234=EDGE_CURVE('',#983,#984,#76,.T.);
#1235=EDGE_CURVE('',#984,#983,#77,.T.);
#1236=EDGE_CURVE('',#984,#959,#630,.T.);
#1237=EDGE_CURVE('',#985,#986,#78,.T.);
#1238=EDGE_CURVE('',#986,#985,#79,.T.);
#1239=EDGE_CURVE('',#986,#961,#631,.T.);
#1240=EDGE_CURVE('',#987,#864,#632,.T.);
#1241=EDGE_CURVE('',#987,#988,#504,.T.);
#1242=EDGE_CURVE('',#988,#970,#80,.T.);
#1243=EDGE_CURVE('',#973,#989,#436,.T.);
#1244=EDGE_CURVE('',#989,#990,#505,.T.);
#1245=EDGE_CURVE('',#858,#990,#633,.T.);
#1246=EDGE_CURVE('',#976,#991,#81,.T.);
#1247=EDGE_CURVE('',#991,#992,#506,.T.);
#1248=EDGE_CURVE('',#993,#992,#634,.T.);
#1249=EDGE_CURVE('',#993,#994,#507,.T.);
#1250=EDGE_CURVE('',#994,#995,#437,.T.);
#1251=EDGE_CURVE('',#996,#995,#635,.T.);
#1252=EDGE_CURVE('',#996,#997,#508,.T.);
#1253=EDGE_CURVE('',#997,#977,#438,.T.);
#1254=EDGE_CURVE('',#998,#975,#439,.T.);
#1255=EDGE_CURVE('',#978,#999,#509,.T.);
#1256=EDGE_CURVE('',#999,#1000,#636,.T.);
#1257=EDGE_CURVE('',#972,#1000,#510,.T.);
#1258=EDGE_CURVE('',#969,#998,#440,.T.);
#1259=EDGE_CURVE('',#992,#953,#511,.T.);
#1260=EDGE_CURVE('',#952,#993,#512,.T.);
#1261=EDGE_CURVE('',#990,#1001,#637,.T.);
#1262=EDGE_CURVE('',#1001,#1002,#441,.T.);
#1263=EDGE_CURVE('',#1002,#1003,#638,.T.);
#1264=EDGE_CURVE('',#1003,#1004,#442,.T.);
#1265=EDGE_CURVE('',#1004,#996,#639,.T.);
#1266=EDGE_CURVE('',#995,#1005,#640,.T.);
#1267=EDGE_CURVE('',#1005,#903,#641,.T.);
#1268=EDGE_CURVE('',#966,#987,#513,.T.);
#1269=EDGE_CURVE('',#1006,#1007,#642,.T.);
#1270=EDGE_CURVE('',#1007,#957,#643,.T.);
#1271=EDGE_CURVE('',#956,#1006,#514,.T.);
#1272=EDGE_CURVE('',#1006,#909,#443,.T.);
#1273=EDGE_CURVE('',#1008,#922,#444,.T.);
#1274=EDGE_CURVE('',#1006,#1008,#445,.T.);
#1275=EDGE_CURVE('',#1009,#934,#82,.T.);
#1276=EDGE_CURVE('',#1010,#1009,#644,.T.);
#1277=EDGE_CURVE('',#1011,#1010,#83,.T.);
#1278=EDGE_CURVE('',#1007,#1011,#446,.T.);
#1279=EDGE_CURVE('',#1012,#1008,#84,.T.);
#1280=EDGE_CURVE('',#1013,#1012,#645,.T.);
#1281=EDGE_CURVE('',#935,#1013,#85,.T.);
#1282=EDGE_CURVE('',#944,#1011,#86,.T.);
#1283=EDGE_CURVE('',#1007,#943,#447,.T.);
#1284=EDGE_CURVE('',#1014,#917,#646,.T.);
#1285=EDGE_CURVE('',#1015,#1014,#647,.T.);
#1286=EDGE_CURVE('',#1015,#918,#648,.T.);
#1287=EDGE_CURVE('',#1016,#942,#649,.T.);
#1288=EDGE_CURVE('',#1014,#1016,#650,.T.);
#1289=EDGE_CURVE('',#1017,#1015,#651,.T.);
#1290=EDGE_CURVE('',#1017,#939,#652,.T.);
#1291=EDGE_CURVE('',#1016,#1018,#653,.T.);
#1292=EDGE_CURVE('',#1018,#1019,#654,.T.);
#1293=EDGE_CURVE('',#1019,#1017,#655,.T.);
#1294=EDGE_CURVE('',#1019,#940,#656,.T.);
#1295=EDGE_CURVE('',#1018,#941,#657,.T.);
#1296=EDGE_CURVE('',#1020,#938,#658,.T.);
#1297=EDGE_CURVE('',#1021,#1020,#659,.T.);
#1298=EDGE_CURVE('',#1021,#921,#660,.T.);
#1299=EDGE_CURVE('',#1022,#1021,#661,.T.);
#1300=EDGE_CURVE('',#1022,#1012,#662,.T.);
#1301=EDGE_CURVE('',#1023,#1024,#663,.T.);
#1302=EDGE_CURVE('',#1024,#1022,#664,.T.);
#1303=EDGE_CURVE('',#1020,#1025,#665,.T.);
#1304=EDGE_CURVE('',#1025,#1023,#666,.T.);
#1305=EDGE_CURVE('',#1024,#1013,#667,.T.);
#1306=EDGE_CURVE('',#1023,#936,#668,.T.);
#1307=EDGE_CURVE('',#1025,#937,#669,.T.);
#1308=EDGE_CURVE('',#1026,#928,#670,.T.);
#1309=EDGE_CURVE('',#1027,#1026,#671,.T.);
#1310=EDGE_CURVE('',#1027,#946,#672,.T.);
#1311=EDGE_CURVE('',#1028,#1027,#673,.T.);
#1312=EDGE_CURVE('',#1028,#947,#674,.T.);
#1313=EDGE_CURVE('',#1029,#1028,#675,.T.);
#1314=EDGE_CURVE('',#1029,#925,#676,.T.);
#1315=EDGE_CURVE('',#1030,#1029,#677,.T.);
#1316=EDGE_CURVE('',#1026,#1031,#678,.T.);
#1317=EDGE_CURVE('',#1031,#1030,#679,.T.);
#1318=EDGE_CURVE('',#1030,#926,#680,.T.);
#1319=EDGE_CURVE('',#1031,#927,#681,.T.);
#1320=EDGE_CURVE('',#1032,#945,#682,.T.);
#1321=EDGE_CURVE('',#1033,#1032,#683,.T.);
#1322=EDGE_CURVE('',#1033,#931,#684,.T.);
#1323=EDGE_CURVE('',#1034,#1010,#685,.T.);
#1324=EDGE_CURVE('',#1032,#1034,#686,.T.);
#1325=EDGE_CURVE('',#1035,#1036,#687,.T.);
#1326=EDGE_CURVE('',#1036,#1033,#688,.T.);
#1327=EDGE_CURVE('',#1034,#1037,#689,.T.);
#1328=EDGE_CURVE('',#1037,#1035,#690,.T.);
#1329=EDGE_CURVE('',#1036,#932,#691,.T.);
#1330=EDGE_CURVE('',#1035,#933,#692,.T.);
#1331=EDGE_CURVE('',#1037,#1009,#693,.T.);
#1332=EDGE_CURVE('',#904,#1038,#694,.T.);
#1333=EDGE_CURVE('',#1038,#1039,#448,.T.);
#1334=EDGE_CURVE('',#949,#1039,#515,.T.);
#1335=EDGE_CURVE('',#1039,#1040,#516,.T.);
#1336=EDGE_CURVE('',#950,#1040,#517,.T.);
#1337=EDGE_CURVE('',#1040,#1041,#695,.T.);
#1338=EDGE_CURVE('',#1041,#1042,#518,.T.);
#1339=EDGE_CURVE('',#951,#1042,#519,.T.);
#1340=EDGE_CURVE('',#1042,#993,#520,.T.);
#1341=EDGE_CURVE('',#964,#1043,#521,.T.);
#1342=EDGE_CURVE('',#1043,#1044,#696,.T.);
#1343=EDGE_CURVE('',#1044,#1045,#522,.T.);
#1344=EDGE_CURVE('',#1045,#965,#523,.T.);
#1345=EDGE_CURVE('',#1046,#1047,#697,.T.);
#1346=EDGE_CURVE('',#1047,#955,#524,.T.);
#1347=EDGE_CURVE('',#954,#1048,#525,.T.);
#1348=EDGE_CURVE('',#1048,#1046,#526,.T.);
#1349=EDGE_CURVE('',#1049,#1050,#698,.T.);
#1350=EDGE_CURVE('',#1050,#1051,#449,.T.);
#1351=EDGE_CURVE('',#1051,#1052,#699,.T.);
#1352=EDGE_CURVE('',#1052,#1053,#450,.T.);
#1353=EDGE_CURVE('',#1053,#1054,#700,.T.);
#1354=EDGE_CURVE('',#1054,#1055,#451,.T.);
#1355=EDGE_CURVE('',#1055,#1056,#701,.T.);
#1356=EDGE_CURVE('',#1056,#1049,#452,.T.);
#1357=EDGE_CURVE('',#1057,#1058,#87,.T.);
#1358=EDGE_CURVE('',#1057,#1059,#527,.T.);
#1359=EDGE_CURVE('',#1059,#1060,#88,.T.);
#1360=EDGE_CURVE('',#1060,#1058,#453,.T.);
#1361=EDGE_CURVE('',#1061,#1062,#89,.T.);
#1362=EDGE_CURVE('',#1061,#1057,#702,.T.);
#1363=EDGE_CURVE('',#1058,#1062,#703,.T.);
#1364=EDGE_CURVE('',#1063,#1064,#90,.T.);
#1365=EDGE_CURVE('',#1063,#1061,#528,.T.);
#1366=EDGE_CURVE('',#1062,#1064,#454,.T.);
#1367=EDGE_CURVE('',#1064,#1065,#704,.T.);
#1368=EDGE_CURVE('',#1066,#1065,#529,.T.);
#1369=EDGE_CURVE('',#1066,#1067,#530,.T.);
#1370=EDGE_CURVE('',#1067,#1063,#705,.T.);
#1371=EDGE_CURVE('',#978,#1066,#455,.T.);
#1372=EDGE_CURVE('',#1065,#999,#456,.T.);
#1373=EDGE_CURVE('',#1068,#1069,#531,.T.);
#1374=EDGE_CURVE('',#1068,#972,#457,.T.);
#1375=EDGE_CURVE('',#1000,#1069,#458,.T.);
#1376=EDGE_CURVE('',#1059,#1070,#706,.T.);
#1377=EDGE_CURVE('',#1070,#1068,#532,.T.);
#1378=EDGE_CURVE('',#1069,#1060,#707,.T.);
#1379=EDGE_CURVE('',#1038,#1005,#459,.T.);
#1380=EDGE_CURVE('',#1038,#1071,#533,.T.);
#1381=EDGE_CURVE('',#1071,#1005,#460,.T.);
#1382=EDGE_CURVE('',#1040,#1071,#461,.T.);
#1383=EDGE_CURVE('',#1041,#995,#462,.T.);
#1384=EDGE_CURVE('',#1041,#994,#534,.T.);
#1385=EDGE_CURVE('',#1043,#1072,#463,.T.);
#1386=EDGE_CURVE('',#1072,#1047,#464,.T.);
#1387=EDGE_CURVE('',#1046,#974,#91,.T.);
#1388=EDGE_CURVE('',#974,#1073,#465,.T.);
#1389=EDGE_CURVE('',#1073,#971,#466,.T.);
#1390=EDGE_CURVE('',#971,#1044,#92,.T.);
#1391=EDGE_CURVE('',#1061,#1003,#535,.T.);
#1392=EDGE_CURVE('',#1004,#1063,#536,.T.);
#1393=EDGE_CURVE('',#996,#1067,#537,.T.);
#1394=EDGE_CURVE('',#1057,#1002,#538,.T.);
#1395=EDGE_CURVE('',#997,#1066,#539,.T.);
#1396=EDGE_CURVE('',#1048,#992,#540,.T.);
#1397=EDGE_CURVE('',#1059,#1001,#541,.T.);
#1398=EDGE_CURVE('',#1046,#991,#542,.T.);
#1399=EDGE_CURVE('',#1070,#990,#543,.T.);
#1400=EDGE_CURVE('',#1068,#989,#544,.T.);
#1401=EDGE_CURVE('',#1073,#998,#545,.T.);
#1402=EDGE_CURVE('',#987,#1045,#546,.T.);
#1403=EDGE_CURVE('',#988,#1044,#547,.T.);
#1404=EDGE_CURVE('',#1043,#914,#548,.T.);
#1405=EDGE_CURVE('',#1072,#913,#549,.T.);
#1406=EDGE_CURVE('',#1047,#912,#550,.T.);
#1407=EDGE_CURVE('',#1064,#1054,#551,.T.);
#1408=EDGE_CURVE('',#1055,#1062,#552,.T.);
#1409=EDGE_CURVE('',#1056,#1058,#553,.T.);
#1410=EDGE_CURVE('',#1065,#1053,#554,.T.);
#1411=EDGE_CURVE('',#1049,#1060,#555,.T.);
#1412=EDGE_CURVE('',#999,#1052,#556,.T.);
#1413=EDGE_CURVE('',#1050,#1069,#557,.T.);
#1414=EDGE_CURVE('',#1000,#1051,#558,.T.);
#1415=ORIENTED_EDGE('',*,*,#1074,.F.);
#1416=ORIENTED_EDGE('',*,*,#1075,.F.);
#1417=ORIENTED_EDGE('',*,*,#1076,.F.);
#1418=ORIENTED_EDGE('',*,*,#1077,.F.);
#1419=ORIENTED_EDGE('',*,*,#1078,.F.);
#1420=ORIENTED_EDGE('',*,*,#1079,.F.);
#1421=ORIENTED_EDGE('',*,*,#1080,.F.);
#1422=ORIENTED_EDGE('',*,*,#1081,.F.);
#1423=ORIENTED_EDGE('',*,*,#1082,.F.);
#1424=ORIENTED_EDGE('',*,*,#1083,.F.);
#1425=ORIENTED_EDGE('',*,*,#1084,.F.);
#1426=ORIENTED_EDGE('',*,*,#1085,.T.);
#1427=ORIENTED_EDGE('',*,*,#1086,.F.);
#1428=ORIENTED_EDGE('',*,*,#1085,.F.);
#1429=ORIENTED_EDGE('',*,*,#1087,.F.);
#1430=ORIENTED_EDGE('',*,*,#1088,.T.);
#1431=ORIENTED_EDGE('',*,*,#1089,.F.);
#1432=ORIENTED_EDGE('',*,*,#1088,.F.);
#1433=ORIENTED_EDGE('',*,*,#1090,.F.);
#1434=ORIENTED_EDGE('',*,*,#1091,.T.);
#1435=ORIENTED_EDGE('',*,*,#1092,.F.);
#1436=ORIENTED_EDGE('',*,*,#1091,.F.);
#1437=ORIENTED_EDGE('',*,*,#1093,.F.);
#1438=ORIENTED_EDGE('',*,*,#1094,.T.);
#1439=ORIENTED_EDGE('',*,*,#1095,.F.);
#1440=ORIENTED_EDGE('',*,*,#1094,.F.);
#1441=ORIENTED_EDGE('',*,*,#1096,.F.);
#1442=ORIENTED_EDGE('',*,*,#1097,.T.);
#1443=ORIENTED_EDGE('',*,*,#1098,.F.);
#1444=ORIENTED_EDGE('',*,*,#1097,.F.);
#1445=ORIENTED_EDGE('',*,*,#1099,.F.);
#1446=ORIENTED_EDGE('',*,*,#1100,.T.);
#1447=ORIENTED_EDGE('',*,*,#1101,.F.);
#1448=ORIENTED_EDGE('',*,*,#1100,.F.);
#1449=ORIENTED_EDGE('',*,*,#1102,.F.);
#1450=ORIENTED_EDGE('',*,*,#1103,.T.);
#1451=ORIENTED_EDGE('',*,*,#1104,.F.);
#1452=ORIENTED_EDGE('',*,*,#1103,.F.);
#1453=ORIENTED_EDGE('',*,*,#1105,.F.);
#1454=ORIENTED_EDGE('',*,*,#1106,.T.);
#1455=ORIENTED_EDGE('',*,*,#1107,.F.);
#1456=ORIENTED_EDGE('',*,*,#1106,.F.);
#1457=ORIENTED_EDGE('',*,*,#1108,.F.);
#1458=ORIENTED_EDGE('',*,*,#1109,.T.);
#1459=ORIENTED_EDGE('',*,*,#1110,.F.);
#1460=ORIENTED_EDGE('',*,*,#1109,.F.);
#1461=ORIENTED_EDGE('',*,*,#1111,.F.);
#1462=ORIENTED_EDGE('',*,*,#1112,.T.);
#1463=ORIENTED_EDGE('',*,*,#1113,.F.);
#1464=ORIENTED_EDGE('',*,*,#1112,.F.);
#1465=ORIENTED_EDGE('',*,*,#1114,.F.);
#1466=ORIENTED_EDGE('',*,*,#1115,.T.);
#1467=ORIENTED_EDGE('',*,*,#1116,.F.);
#1468=ORIENTED_EDGE('',*,*,#1115,.F.);
#1469=ORIENTED_EDGE('',*,*,#1117,.F.);
#1470=ORIENTED_EDGE('',*,*,#1118,.T.);
#1471=ORIENTED_EDGE('',*,*,#1119,.F.);
#1472=ORIENTED_EDGE('',*,*,#1118,.F.);
#1473=ORIENTED_EDGE('',*,*,#1120,.F.);
#1474=ORIENTED_EDGE('',*,*,#1121,.T.);
#1475=ORIENTED_EDGE('',*,*,#1122,.F.);
#1476=ORIENTED_EDGE('',*,*,#1121,.F.);
#1477=ORIENTED_EDGE('',*,*,#1123,.F.);
#1478=ORIENTED_EDGE('',*,*,#1124,.T.);
#1479=ORIENTED_EDGE('',*,*,#1125,.F.);
#1480=ORIENTED_EDGE('',*,*,#1124,.F.);
#1481=ORIENTED_EDGE('',*,*,#1126,.F.);
#1482=ORIENTED_EDGE('',*,*,#1127,.T.);
#1483=ORIENTED_EDGE('',*,*,#1128,.F.);
#1484=ORIENTED_EDGE('',*,*,#1127,.F.);
#1485=ORIENTED_EDGE('',*,*,#1129,.F.);
#1486=ORIENTED_EDGE('',*,*,#1130,.T.);
#1487=ORIENTED_EDGE('',*,*,#1131,.F.);
#1488=ORIENTED_EDGE('',*,*,#1130,.F.);
#1489=ORIENTED_EDGE('',*,*,#1132,.F.);
#1490=ORIENTED_EDGE('',*,*,#1133,.T.);
#1491=ORIENTED_EDGE('',*,*,#1134,.F.);
#1492=ORIENTED_EDGE('',*,*,#1133,.F.);
#1493=ORIENTED_EDGE('',*,*,#1135,.F.);
#1494=ORIENTED_EDGE('',*,*,#1136,.T.);
#1495=ORIENTED_EDGE('',*,*,#1137,.F.);
#1496=ORIENTED_EDGE('',*,*,#1136,.F.);
#1497=ORIENTED_EDGE('',*,*,#1138,.F.);
#1498=ORIENTED_EDGE('',*,*,#1075,.T.);
#1499=ORIENTED_EDGE('',*,*,#1139,.F.);
#1500=ORIENTED_EDGE('',*,*,#1140,.F.);
#1501=ORIENTED_EDGE('',*,*,#1141,.F.);
#1502=ORIENTED_EDGE('',*,*,#1142,.F.);
#1503=ORIENTED_EDGE('',*,*,#1143,.F.);
#1504=ORIENTED_EDGE('',*,*,#1144,.F.);
#1505=ORIENTED_EDGE('',*,*,#1145,.F.);
#1506=ORIENTED_EDGE('',*,*,#1083,.T.);
#1507=ORIENTED_EDGE('',*,*,#1078,.T.);
#1508=ORIENTED_EDGE('',*,*,#1146,.F.);
#1509=ORIENTED_EDGE('',*,*,#1147,.T.);
#1510=ORIENTED_EDGE('',*,*,#1148,.T.);
#1511=ORIENTED_EDGE('',*,*,#1149,.T.);
#1512=ORIENTED_EDGE('',*,*,#1150,.T.);
#1513=ORIENTED_EDGE('',*,*,#1151,.T.);
#1514=ORIENTED_EDGE('',*,*,#1152,.T.);
#1515=ORIENTED_EDGE('',*,*,#1153,.T.);
#1516=ORIENTED_EDGE('',*,*,#1077,.T.);
#1517=ORIENTED_EDGE('',*,*,#1154,.F.);
#1518=ORIENTED_EDGE('',*,*,#1155,.T.);
#1519=ORIENTED_EDGE('',*,*,#1156,.T.);
#1520=ORIENTED_EDGE('',*,*,#1157,.T.);
#1521=ORIENTED_EDGE('',*,*,#1158,.F.);
#1522=ORIENTED_EDGE('',*,*,#1159,.T.);
#1523=ORIENTED_EDGE('',*,*,#1160,.T.);
#1524=ORIENTED_EDGE('',*,*,#1161,.T.);
#1525=ORIENTED_EDGE('',*,*,#1162,.T.);
#1526=ORIENTED_EDGE('',*,*,#1146,.T.);
#1527=ORIENTED_EDGE('',*,*,#1076,.T.);
#1528=ORIENTED_EDGE('',*,*,#1138,.T.);
#1529=ORIENTED_EDGE('',*,*,#1135,.T.);
#1530=ORIENTED_EDGE('',*,*,#1132,.T.);
#1531=ORIENTED_EDGE('',*,*,#1129,.T.);
#1532=ORIENTED_EDGE('',*,*,#1126,.T.);
#1533=ORIENTED_EDGE('',*,*,#1123,.T.);
#1534=ORIENTED_EDGE('',*,*,#1120,.T.);
#1535=ORIENTED_EDGE('',*,*,#1117,.T.);
#1536=ORIENTED_EDGE('',*,*,#1114,.T.);
#1537=ORIENTED_EDGE('',*,*,#1111,.T.);
#1538=ORIENTED_EDGE('',*,*,#1108,.T.);
#1539=ORIENTED_EDGE('',*,*,#1105,.T.);
#1540=ORIENTED_EDGE('',*,*,#1102,.T.);
#1541=ORIENTED_EDGE('',*,*,#1099,.T.);
#1542=ORIENTED_EDGE('',*,*,#1096,.T.);
#1543=ORIENTED_EDGE('',*,*,#1093,.T.);
#1544=ORIENTED_EDGE('',*,*,#1090,.T.);
#1545=ORIENTED_EDGE('',*,*,#1087,.T.);
#1546=ORIENTED_EDGE('',*,*,#1084,.T.);
#1547=ORIENTED_EDGE('',*,*,#1145,.T.);
#1548=ORIENTED_EDGE('',*,*,#1163,.F.);
#1549=ORIENTED_EDGE('',*,*,#1164,.F.);
#1550=ORIENTED_EDGE('',*,*,#1165,.F.);
#1551=ORIENTED_EDGE('',*,*,#1166,.F.);
#1552=ORIENTED_EDGE('',*,*,#1167,.F.);
#1553=ORIENTED_EDGE('',*,*,#1168,.F.);
#1554=ORIENTED_EDGE('',*,*,#1169,.F.);
#1555=ORIENTED_EDGE('',*,*,#1170,.F.);
#1556=ORIENTED_EDGE('',*,*,#1171,.F.);
#1557=ORIENTED_EDGE('',*,*,#1172,.F.);
#1558=ORIENTED_EDGE('',*,*,#1173,.F.);
#1559=ORIENTED_EDGE('',*,*,#1174,.T.);
#1560=ORIENTED_EDGE('',*,*,#1175,.F.);
#1561=ORIENTED_EDGE('',*,*,#1176,.F.);
#1562=ORIENTED_EDGE('',*,*,#1177,.F.);
#1563=ORIENTED_EDGE('',*,*,#1178,.F.);
#1564=ORIENTED_EDGE('',*,*,#1158,.T.);
#1565=ORIENTED_EDGE('',*,*,#1179,.F.);
#1566=ORIENTED_EDGE('',*,*,#1180,.F.);
#1567=ORIENTED_EDGE('',*,*,#1181,.F.);
#1568=ORIENTED_EDGE('',*,*,#1182,.F.);
#1569=ORIENTED_EDGE('',*,*,#1183,.F.);
#1570=ORIENTED_EDGE('',*,*,#1154,.T.);
#1571=ORIENTED_EDGE('',*,*,#1144,.T.);
#1572=ORIENTED_EDGE('',*,*,#1184,.F.);
#1573=ORIENTED_EDGE('',*,*,#1185,.T.);
#1574=ORIENTED_EDGE('',*,*,#1186,.T.);
#1575=ORIENTED_EDGE('',*,*,#1187,.T.);
#1576=ORIENTED_EDGE('',*,*,#1169,.T.);
#1577=ORIENTED_EDGE('',*,*,#1188,.T.);
#1578=ORIENTED_EDGE('',*,*,#1189,.T.);
#1579=ORIENTED_EDGE('',*,*,#1190,.T.);
#1580=ORIENTED_EDGE('',*,*,#1163,.T.);
#1581=ORIENTED_EDGE('',*,*,#1143,.T.);
#1582=ORIENTED_EDGE('',*,*,#1191,.F.);
#1583=ORIENTED_EDGE('',*,*,#1192,.T.);
#1584=ORIENTED_EDGE('',*,*,#1184,.T.);
#1585=ORIENTED_EDGE('',*,*,#1142,.T.);
#1586=ORIENTED_EDGE('',*,*,#1193,.T.);
#1587=ORIENTED_EDGE('',*,*,#1194,.T.);
#1588=ORIENTED_EDGE('',*,*,#1195,.T.);
#1589=ORIENTED_EDGE('',*,*,#1196,.T.);
#1590=ORIENTED_EDGE('',*,*,#1197,.T.);
#1591=ORIENTED_EDGE('',*,*,#1198,.T.);
#1592=ORIENTED_EDGE('',*,*,#1199,.F.);
#1593=ORIENTED_EDGE('',*,*,#1200,.T.);
#1594=ORIENTED_EDGE('',*,*,#1148,.F.);
#1595=ORIENTED_EDGE('',*,*,#1201,.T.);
#1596=ORIENTED_EDGE('',*,*,#1202,.F.);
#1597=ORIENTED_EDGE('',*,*,#1203,.T.);
#1598=ORIENTED_EDGE('',*,*,#1191,.T.);
#1599=ORIENTED_EDGE('',*,*,#1204,.F.);
#1600=ORIENTED_EDGE('',*,*,#1205,.F.);
#1601=ORIENTED_EDGE('',*,*,#1206,.F.);
#1602=ORIENTED_EDGE('',*,*,#1207,.F.);
#1603=ORIENTED_EDGE('',*,*,#1208,.F.);
#1604=ORIENTED_EDGE('',*,*,#1209,.F.);
#1605=ORIENTED_EDGE('',*,*,#1079,.T.);
#1606=ORIENTED_EDGE('',*,*,#1153,.F.);
#1607=ORIENTED_EDGE('',*,*,#1210,.T.);
#1608=ORIENTED_EDGE('',*,*,#1211,.T.);
#1609=ORIENTED_EDGE('',*,*,#1212,.T.);
#1610=ORIENTED_EDGE('',*,*,#1213,.T.);
#1611=ORIENTED_EDGE('',*,*,#1214,.F.);
#1612=ORIENTED_EDGE('',*,*,#1215,.F.);
#1613=ORIENTED_EDGE('',*,*,#1216,.T.);
#1614=ORIENTED_EDGE('',*,*,#1217,.F.);
#1615=ORIENTED_EDGE('',*,*,#1218,.T.);
#1616=ORIENTED_EDGE('',*,*,#1219,.T.);
#1617=ORIENTED_EDGE('',*,*,#1220,.F.);
#1618=ORIENTED_EDGE('',*,*,#1216,.F.);
#1619=ORIENTED_EDGE('',*,*,#1221,.F.);
#1620=ORIENTED_EDGE('',*,*,#1222,.F.);
#1621=ORIENTED_EDGE('',*,*,#1223,.T.);
#1622=ORIENTED_EDGE('',*,*,#1224,.T.);
#1623=ORIENTED_EDGE('',*,*,#1224,.F.);
#1624=ORIENTED_EDGE('',*,*,#1225,.F.);
#1625=ORIENTED_EDGE('',*,*,#1226,.T.);
#1626=ORIENTED_EDGE('',*,*,#1227,.F.);
#1627=ORIENTED_EDGE('',*,*,#1228,.F.);
#1628=ORIENTED_EDGE('',*,*,#1229,.F.);
#1629=ORIENTED_EDGE('',*,*,#1230,.T.);
#1630=ORIENTED_EDGE('',*,*,#1215,.T.);
#1631=ORIENTED_EDGE('',*,*,#1214,.T.);
#1632=ORIENTED_EDGE('',*,*,#1230,.F.);
#1633=ORIENTED_EDGE('',*,*,#1231,.F.);
#1634=ORIENTED_EDGE('',*,*,#1232,.F.);
#1635=ORIENTED_EDGE('',*,*,#1233,.T.);
#1636=ORIENTED_EDGE('',*,*,#1209,.T.);
#1637=ORIENTED_EDGE('',*,*,#1208,.T.);
#1638=ORIENTED_EDGE('',*,*,#1233,.F.);
#1639=ORIENTED_EDGE('',*,*,#1234,.F.);
#1640=ORIENTED_EDGE('',*,*,#1235,.F.);
#1641=ORIENTED_EDGE('',*,*,#1236,.T.);
#1642=ORIENTED_EDGE('',*,*,#1205,.T.);
#1643=ORIENTED_EDGE('',*,*,#1204,.T.);
#1644=ORIENTED_EDGE('',*,*,#1236,.F.);
#1645=ORIENTED_EDGE('',*,*,#1237,.F.);
#1646=ORIENTED_EDGE('',*,*,#1238,.F.);
#1647=ORIENTED_EDGE('',*,*,#1239,.T.);
#1648=ORIENTED_EDGE('',*,*,#1207,.T.);
#1649=ORIENTED_EDGE('',*,*,#1206,.T.);
#1650=ORIENTED_EDGE('',*,*,#1239,.F.);
#1651=ORIENTED_EDGE('',*,*,#1081,.T.);
#1652=ORIENTED_EDGE('',*,*,#1240,.F.);
#1653=ORIENTED_EDGE('',*,*,#1241,.T.);
#1654=ORIENTED_EDGE('',*,*,#1242,.T.);
#1655=ORIENTED_EDGE('',*,*,#1220,.T.);
#1656=ORIENTED_EDGE('',*,*,#1243,.T.);
#1657=ORIENTED_EDGE('',*,*,#1244,.T.);
#1658=ORIENTED_EDGE('',*,*,#1245,.F.);
#1659=ORIENTED_EDGE('',*,*,#1246,.T.);
#1660=ORIENTED_EDGE('',*,*,#1247,.T.);
#1661=ORIENTED_EDGE('',*,*,#1248,.F.);
#1662=ORIENTED_EDGE('',*,*,#1249,.T.);
#1663=ORIENTED_EDGE('',*,*,#1250,.T.);
#1664=ORIENTED_EDGE('',*,*,#1251,.F.);
#1665=ORIENTED_EDGE('',*,*,#1252,.T.);
#1666=ORIENTED_EDGE('',*,*,#1253,.T.);
#1667=ORIENTED_EDGE('',*,*,#1225,.T.);
#1668=ORIENTED_EDGE('',*,*,#1254,.T.);
#1669=ORIENTED_EDGE('',*,*,#1227,.T.);
#1670=ORIENTED_EDGE('',*,*,#1255,.T.);
#1671=ORIENTED_EDGE('',*,*,#1256,.T.);
#1672=ORIENTED_EDGE('',*,*,#1257,.F.);
#1673=ORIENTED_EDGE('',*,*,#1221,.T.);
#1674=ORIENTED_EDGE('',*,*,#1258,.T.);
#1675=ORIENTED_EDGE('',*,*,#1248,.T.);
#1676=ORIENTED_EDGE('',*,*,#1259,.T.);
#1677=ORIENTED_EDGE('',*,*,#1197,.F.);
#1678=ORIENTED_EDGE('',*,*,#1260,.T.);
#1679=ORIENTED_EDGE('',*,*,#1074,.T.);
#1680=ORIENTED_EDGE('',*,*,#1245,.T.);
#1681=ORIENTED_EDGE('',*,*,#1261,.T.);
#1682=ORIENTED_EDGE('',*,*,#1262,.T.);
#1683=ORIENTED_EDGE('',*,*,#1263,.T.);
#1684=ORIENTED_EDGE('',*,*,#1264,.T.);
#1685=ORIENTED_EDGE('',*,*,#1265,.T.);
#1686=ORIENTED_EDGE('',*,*,#1251,.T.);
#1687=ORIENTED_EDGE('',*,*,#1266,.T.);
#1688=ORIENTED_EDGE('',*,*,#1267,.T.);
#1689=ORIENTED_EDGE('',*,*,#1139,.T.);
#1690=ORIENTED_EDGE('',*,*,#1082,.T.);
#1691=ORIENTED_EDGE('',*,*,#1086,.T.);
#1692=ORIENTED_EDGE('',*,*,#1089,.T.);
#1693=ORIENTED_EDGE('',*,*,#1092,.T.);
#1694=ORIENTED_EDGE('',*,*,#1095,.T.);
#1695=ORIENTED_EDGE('',*,*,#1098,.T.);
#1696=ORIENTED_EDGE('',*,*,#1101,.T.);
#1697=ORIENTED_EDGE('',*,*,#1104,.T.);
#1698=ORIENTED_EDGE('',*,*,#1107,.T.);
#1699=ORIENTED_EDGE('',*,*,#1110,.T.);
#1700=ORIENTED_EDGE('',*,*,#1113,.T.);
#1701=ORIENTED_EDGE('',*,*,#1116,.T.);
#1702=ORIENTED_EDGE('',*,*,#1119,.T.);
#1703=ORIENTED_EDGE('',*,*,#1122,.T.);
#1704=ORIENTED_EDGE('',*,*,#1125,.T.);
#1705=ORIENTED_EDGE('',*,*,#1128,.T.);
#1706=ORIENTED_EDGE('',*,*,#1131,.T.);
#1707=ORIENTED_EDGE('',*,*,#1134,.T.);
#1708=ORIENTED_EDGE('',*,*,#1137,.T.);
#1709=ORIENTED_EDGE('',*,*,#1080,.T.);
#1710=ORIENTED_EDGE('',*,*,#1213,.F.);
#1711=ORIENTED_EDGE('',*,*,#1268,.T.);
#1712=ORIENTED_EDGE('',*,*,#1240,.T.);
#1713=ORIENTED_EDGE('',*,*,#1269,.T.);
#1714=ORIENTED_EDGE('',*,*,#1270,.T.);
#1715=ORIENTED_EDGE('',*,*,#1202,.T.);
#1716=ORIENTED_EDGE('',*,*,#1271,.T.);
#1717=ORIENTED_EDGE('',*,*,#1201,.F.);
#1718=ORIENTED_EDGE('',*,*,#1147,.F.);
#1719=ORIENTED_EDGE('',*,*,#1272,.F.);
#1720=ORIENTED_EDGE('',*,*,#1271,.F.);
#1721=ORIENTED_EDGE('',*,*,#1273,.F.);
#1722=ORIENTED_EDGE('',*,*,#1274,.F.);
#1723=ORIENTED_EDGE('',*,*,#1272,.T.);
#1724=ORIENTED_EDGE('',*,*,#1162,.F.);
#1725=ORIENTED_EDGE('',*,*,#1161,.F.);
#1726=ORIENTED_EDGE('',*,*,#1275,.F.);
#1727=ORIENTED_EDGE('',*,*,#1276,.F.);
#1728=ORIENTED_EDGE('',*,*,#1277,.F.);
#1729=ORIENTED_EDGE('',*,*,#1278,.F.);
#1730=ORIENTED_EDGE('',*,*,#1269,.F.);
#1731=ORIENTED_EDGE('',*,*,#1274,.T.);
#1732=ORIENTED_EDGE('',*,*,#1279,.F.);
#1733=ORIENTED_EDGE('',*,*,#1280,.F.);
#1734=ORIENTED_EDGE('',*,*,#1281,.F.);
#1735=ORIENTED_EDGE('',*,*,#1174,.F.);
#1736=ORIENTED_EDGE('',*,*,#1282,.F.);
#1737=ORIENTED_EDGE('',*,*,#1185,.F.);
#1738=ORIENTED_EDGE('',*,*,#1283,.F.);
#1739=ORIENTED_EDGE('',*,*,#1278,.T.);
#1740=ORIENTED_EDGE('',*,*,#1283,.T.);
#1741=ORIENTED_EDGE('',*,*,#1192,.F.);
#1742=ORIENTED_EDGE('',*,*,#1203,.F.);
#1743=ORIENTED_EDGE('',*,*,#1270,.F.);
#1744=ORIENTED_EDGE('',*,*,#1284,.F.);
#1745=ORIENTED_EDGE('',*,*,#1285,.F.);
#1746=ORIENTED_EDGE('',*,*,#1286,.T.);
#1747=ORIENTED_EDGE('',*,*,#1156,.F.);
#1748=ORIENTED_EDGE('',*,*,#1183,.T.);
#1749=ORIENTED_EDGE('',*,*,#1287,.F.);
#1750=ORIENTED_EDGE('',*,*,#1288,.F.);
#1751=ORIENTED_EDGE('',*,*,#1284,.T.);
#1752=ORIENTED_EDGE('',*,*,#1155,.F.);
#1753=ORIENTED_EDGE('',*,*,#1286,.F.);
#1754=ORIENTED_EDGE('',*,*,#1289,.F.);
#1755=ORIENTED_EDGE('',*,*,#1290,.T.);
#1756=ORIENTED_EDGE('',*,*,#1179,.T.);
#1757=ORIENTED_EDGE('',*,*,#1157,.F.);
#1758=ORIENTED_EDGE('',*,*,#1288,.T.);
#1759=ORIENTED_EDGE('',*,*,#1291,.T.);
#1760=ORIENTED_EDGE('',*,*,#1292,.T.);
#1761=ORIENTED_EDGE('',*,*,#1293,.T.);
#1762=ORIENTED_EDGE('',*,*,#1289,.T.);
#1763=ORIENTED_EDGE('',*,*,#1285,.T.);
#1764=ORIENTED_EDGE('',*,*,#1228,.T.);
#1765=ORIENTED_EDGE('',*,*,#1229,.T.);
#1766=ORIENTED_EDGE('',*,*,#1180,.T.);
#1767=ORIENTED_EDGE('',*,*,#1290,.F.);
#1768=ORIENTED_EDGE('',*,*,#1293,.F.);
#1769=ORIENTED_EDGE('',*,*,#1294,.T.);
#1770=ORIENTED_EDGE('',*,*,#1181,.T.);
#1771=ORIENTED_EDGE('',*,*,#1294,.F.);
#1772=ORIENTED_EDGE('',*,*,#1292,.F.);
#1773=ORIENTED_EDGE('',*,*,#1295,.T.);
#1774=ORIENTED_EDGE('',*,*,#1182,.T.);
#1775=ORIENTED_EDGE('',*,*,#1295,.F.);
#1776=ORIENTED_EDGE('',*,*,#1291,.F.);
#1777=ORIENTED_EDGE('',*,*,#1287,.T.);
#1778=ORIENTED_EDGE('',*,*,#1178,.T.);
#1779=ORIENTED_EDGE('',*,*,#1296,.F.);
#1780=ORIENTED_EDGE('',*,*,#1297,.F.);
#1781=ORIENTED_EDGE('',*,*,#1298,.T.);
#1782=ORIENTED_EDGE('',*,*,#1159,.F.);
#1783=ORIENTED_EDGE('',*,*,#1298,.F.);
#1784=ORIENTED_EDGE('',*,*,#1299,.F.);
#1785=ORIENTED_EDGE('',*,*,#1300,.T.);
#1786=ORIENTED_EDGE('',*,*,#1279,.T.);
#1787=ORIENTED_EDGE('',*,*,#1273,.T.);
#1788=ORIENTED_EDGE('',*,*,#1160,.F.);
#1789=ORIENTED_EDGE('',*,*,#1301,.T.);
#1790=ORIENTED_EDGE('',*,*,#1302,.T.);
#1791=ORIENTED_EDGE('',*,*,#1299,.T.);
#1792=ORIENTED_EDGE('',*,*,#1297,.T.);
#1793=ORIENTED_EDGE('',*,*,#1303,.T.);
#1794=ORIENTED_EDGE('',*,*,#1304,.T.);
#1795=ORIENTED_EDGE('',*,*,#1231,.T.);
#1796=ORIENTED_EDGE('',*,*,#1232,.T.);
#1797=ORIENTED_EDGE('',*,*,#1281,.T.);
#1798=ORIENTED_EDGE('',*,*,#1305,.F.);
#1799=ORIENTED_EDGE('',*,*,#1301,.F.);
#1800=ORIENTED_EDGE('',*,*,#1306,.T.);
#1801=ORIENTED_EDGE('',*,*,#1175,.T.);
#1802=ORIENTED_EDGE('',*,*,#1176,.T.);
#1803=ORIENTED_EDGE('',*,*,#1306,.F.);
#1804=ORIENTED_EDGE('',*,*,#1304,.F.);
#1805=ORIENTED_EDGE('',*,*,#1307,.T.);
#1806=ORIENTED_EDGE('',*,*,#1177,.T.);
#1807=ORIENTED_EDGE('',*,*,#1307,.F.);
#1808=ORIENTED_EDGE('',*,*,#1303,.F.);
#1809=ORIENTED_EDGE('',*,*,#1296,.T.);
#1810=ORIENTED_EDGE('',*,*,#1280,.T.);
#1811=ORIENTED_EDGE('',*,*,#1300,.F.);
#1812=ORIENTED_EDGE('',*,*,#1302,.F.);
#1813=ORIENTED_EDGE('',*,*,#1305,.T.);
#1814=ORIENTED_EDGE('',*,*,#1168,.T.);
#1815=ORIENTED_EDGE('',*,*,#1308,.F.);
#1816=ORIENTED_EDGE('',*,*,#1309,.F.);
#1817=ORIENTED_EDGE('',*,*,#1310,.T.);
#1818=ORIENTED_EDGE('',*,*,#1188,.F.);
#1819=ORIENTED_EDGE('',*,*,#1310,.F.);
#1820=ORIENTED_EDGE('',*,*,#1311,.F.);
#1821=ORIENTED_EDGE('',*,*,#1312,.T.);
#1822=ORIENTED_EDGE('',*,*,#1189,.F.);
#1823=ORIENTED_EDGE('',*,*,#1312,.F.);
#1824=ORIENTED_EDGE('',*,*,#1313,.F.);
#1825=ORIENTED_EDGE('',*,*,#1314,.T.);
#1826=ORIENTED_EDGE('',*,*,#1164,.T.);
#1827=ORIENTED_EDGE('',*,*,#1190,.F.);
#1828=ORIENTED_EDGE('',*,*,#1315,.T.);
#1829=ORIENTED_EDGE('',*,*,#1313,.T.);
#1830=ORIENTED_EDGE('',*,*,#1311,.T.);
#1831=ORIENTED_EDGE('',*,*,#1309,.T.);
#1832=ORIENTED_EDGE('',*,*,#1316,.T.);
#1833=ORIENTED_EDGE('',*,*,#1317,.T.);
#1834=ORIENTED_EDGE('',*,*,#1234,.T.);
#1835=ORIENTED_EDGE('',*,*,#1235,.T.);
#1836=ORIENTED_EDGE('',*,*,#1165,.T.);
#1837=ORIENTED_EDGE('',*,*,#1314,.F.);
#1838=ORIENTED_EDGE('',*,*,#1315,.F.);
#1839=ORIENTED_EDGE('',*,*,#1318,.T.);
#1840=ORIENTED_EDGE('',*,*,#1166,.T.);
#1841=ORIENTED_EDGE('',*,*,#1318,.F.);
#1842=ORIENTED_EDGE('',*,*,#1317,.F.);
#1843=ORIENTED_EDGE('',*,*,#1319,.T.);
#1844=ORIENTED_EDGE('',*,*,#1167,.T.);
#1845=ORIENTED_EDGE('',*,*,#1319,.F.);
#1846=ORIENTED_EDGE('',*,*,#1316,.F.);
#1847=ORIENTED_EDGE('',*,*,#1308,.T.);
#1848=ORIENTED_EDGE('',*,*,#1320,.F.);
#1849=ORIENTED_EDGE('',*,*,#1321,.F.);
#1850=ORIENTED_EDGE('',*,*,#1322,.T.);
#1851=ORIENTED_EDGE('',*,*,#1170,.T.);
#1852=ORIENTED_EDGE('',*,*,#1187,.F.);
#1853=ORIENTED_EDGE('',*,*,#1282,.T.);
#1854=ORIENTED_EDGE('',*,*,#1277,.T.);
#1855=ORIENTED_EDGE('',*,*,#1323,.F.);
#1856=ORIENTED_EDGE('',*,*,#1324,.F.);
#1857=ORIENTED_EDGE('',*,*,#1320,.T.);
#1858=ORIENTED_EDGE('',*,*,#1186,.F.);
#1859=ORIENTED_EDGE('',*,*,#1325,.T.);
#1860=ORIENTED_EDGE('',*,*,#1326,.T.);
#1861=ORIENTED_EDGE('',*,*,#1321,.T.);
#1862=ORIENTED_EDGE('',*,*,#1324,.T.);
#1863=ORIENTED_EDGE('',*,*,#1327,.T.);
#1864=ORIENTED_EDGE('',*,*,#1328,.T.);
#1865=ORIENTED_EDGE('',*,*,#1237,.T.);
#1866=ORIENTED_EDGE('',*,*,#1238,.T.);
#1867=ORIENTED_EDGE('',*,*,#1172,.T.);
#1868=ORIENTED_EDGE('',*,*,#1329,.F.);
#1869=ORIENTED_EDGE('',*,*,#1325,.F.);
#1870=ORIENTED_EDGE('',*,*,#1330,.T.);
#1871=ORIENTED_EDGE('',*,*,#1275,.T.);
#1872=ORIENTED_EDGE('',*,*,#1173,.T.);
#1873=ORIENTED_EDGE('',*,*,#1330,.F.);
#1874=ORIENTED_EDGE('',*,*,#1328,.F.);
#1875=ORIENTED_EDGE('',*,*,#1331,.T.);
#1876=ORIENTED_EDGE('',*,*,#1276,.T.);
#1877=ORIENTED_EDGE('',*,*,#1331,.F.);
#1878=ORIENTED_EDGE('',*,*,#1327,.F.);
#1879=ORIENTED_EDGE('',*,*,#1323,.T.);
#1880=ORIENTED_EDGE('',*,*,#1171,.T.);
#1881=ORIENTED_EDGE('',*,*,#1322,.F.);
#1882=ORIENTED_EDGE('',*,*,#1326,.F.);
#1883=ORIENTED_EDGE('',*,*,#1329,.T.);
#1884=ORIENTED_EDGE('',*,*,#1141,.T.);
#1885=ORIENTED_EDGE('',*,*,#1332,.T.);
#1886=ORIENTED_EDGE('',*,*,#1333,.T.);
#1887=ORIENTED_EDGE('',*,*,#1334,.F.);
#1888=ORIENTED_EDGE('',*,*,#1193,.F.);
#1889=ORIENTED_EDGE('',*,*,#1334,.T.);
#1890=ORIENTED_EDGE('',*,*,#1335,.T.);
#1891=ORIENTED_EDGE('',*,*,#1336,.F.);
#1892=ORIENTED_EDGE('',*,*,#1194,.F.);
#1893=ORIENTED_EDGE('',*,*,#1336,.T.);
#1894=ORIENTED_EDGE('',*,*,#1337,.T.);
#1895=ORIENTED_EDGE('',*,*,#1338,.T.);
#1896=ORIENTED_EDGE('',*,*,#1339,.F.);
#1897=ORIENTED_EDGE('',*,*,#1195,.F.);
#1898=ORIENTED_EDGE('',*,*,#1339,.T.);
#1899=ORIENTED_EDGE('',*,*,#1340,.T.);
#1900=ORIENTED_EDGE('',*,*,#1260,.F.);
#1901=ORIENTED_EDGE('',*,*,#1196,.F.);
#1902=ORIENTED_EDGE('',*,*,#1211,.F.);
#1903=ORIENTED_EDGE('',*,*,#1341,.T.);
#1904=ORIENTED_EDGE('',*,*,#1342,.T.);
#1905=ORIENTED_EDGE('',*,*,#1343,.T.);
#1906=ORIENTED_EDGE('',*,*,#1344,.T.);
#1907=ORIENTED_EDGE('',*,*,#1345,.T.);
#1908=ORIENTED_EDGE('',*,*,#1346,.T.);
#1909=ORIENTED_EDGE('',*,*,#1199,.T.);
#1910=ORIENTED_EDGE('',*,*,#1347,.T.);
#1911=ORIENTED_EDGE('',*,*,#1348,.T.);
#1912=ORIENTED_EDGE('',*,*,#1349,.T.);
#1913=ORIENTED_EDGE('',*,*,#1350,.T.);
#1914=ORIENTED_EDGE('',*,*,#1351,.T.);
#1915=ORIENTED_EDGE('',*,*,#1352,.T.);
#1916=ORIENTED_EDGE('',*,*,#1353,.T.);
#1917=ORIENTED_EDGE('',*,*,#1354,.T.);
#1918=ORIENTED_EDGE('',*,*,#1355,.T.);
#1919=ORIENTED_EDGE('',*,*,#1356,.T.);
#1920=ORIENTED_EDGE('',*,*,#1357,.F.);
#1921=ORIENTED_EDGE('',*,*,#1358,.T.);
#1922=ORIENTED_EDGE('',*,*,#1359,.T.);
#1923=ORIENTED_EDGE('',*,*,#1360,.T.);
#1924=ORIENTED_EDGE('',*,*,#1361,.F.);
#1925=ORIENTED_EDGE('',*,*,#1362,.T.);
#1926=ORIENTED_EDGE('',*,*,#1357,.T.);
#1927=ORIENTED_EDGE('',*,*,#1363,.T.);
#1928=ORIENTED_EDGE('',*,*,#1364,.F.);
#1929=ORIENTED_EDGE('',*,*,#1365,.T.);
#1930=ORIENTED_EDGE('',*,*,#1361,.T.);
#1931=ORIENTED_EDGE('',*,*,#1366,.T.);
#1932=ORIENTED_EDGE('',*,*,#1364,.T.);
#1933=ORIENTED_EDGE('',*,*,#1367,.T.);
#1934=ORIENTED_EDGE('',*,*,#1368,.F.);
#1935=ORIENTED_EDGE('',*,*,#1369,.T.);
#1936=ORIENTED_EDGE('',*,*,#1370,.T.);
#1937=ORIENTED_EDGE('',*,*,#1255,.F.);
#1938=ORIENTED_EDGE('',*,*,#1371,.T.);
#1939=ORIENTED_EDGE('',*,*,#1368,.T.);
#1940=ORIENTED_EDGE('',*,*,#1372,.T.);
#1941=ORIENTED_EDGE('',*,*,#1373,.F.);
#1942=ORIENTED_EDGE('',*,*,#1374,.T.);
#1943=ORIENTED_EDGE('',*,*,#1257,.T.);
#1944=ORIENTED_EDGE('',*,*,#1375,.T.);
#1945=ORIENTED_EDGE('',*,*,#1376,.T.);
#1946=ORIENTED_EDGE('',*,*,#1377,.T.);
#1947=ORIENTED_EDGE('',*,*,#1373,.T.);
#1948=ORIENTED_EDGE('',*,*,#1378,.T.);
#1949=ORIENTED_EDGE('',*,*,#1359,.F.);
#1950=ORIENTED_EDGE('',*,*,#1140,.T.);
#1951=ORIENTED_EDGE('',*,*,#1267,.F.);
#1952=ORIENTED_EDGE('',*,*,#1379,.F.);
#1953=ORIENTED_EDGE('',*,*,#1332,.F.);
#1954=ORIENTED_EDGE('',*,*,#1380,.F.);
#1955=ORIENTED_EDGE('',*,*,#1379,.T.);
#1956=ORIENTED_EDGE('',*,*,#1381,.F.);
#1957=ORIENTED_EDGE('',*,*,#1333,.F.);
#1958=ORIENTED_EDGE('',*,*,#1380,.T.);
#1959=ORIENTED_EDGE('',*,*,#1382,.F.);
#1960=ORIENTED_EDGE('',*,*,#1335,.F.);
#1961=ORIENTED_EDGE('',*,*,#1381,.T.);
#1962=ORIENTED_EDGE('',*,*,#1266,.F.);
#1963=ORIENTED_EDGE('',*,*,#1383,.F.);
#1964=ORIENTED_EDGE('',*,*,#1337,.F.);
#1965=ORIENTED_EDGE('',*,*,#1382,.T.);
#1966=ORIENTED_EDGE('',*,*,#1384,.F.);
#1967=ORIENTED_EDGE('',*,*,#1383,.T.);
#1968=ORIENTED_EDGE('',*,*,#1250,.F.);
#1969=ORIENTED_EDGE('',*,*,#1338,.F.);
#1970=ORIENTED_EDGE('',*,*,#1384,.T.);
#1971=ORIENTED_EDGE('',*,*,#1249,.F.);
#1972=ORIENTED_EDGE('',*,*,#1340,.F.);
#1973=ORIENTED_EDGE('',*,*,#1342,.F.);
#1974=ORIENTED_EDGE('',*,*,#1385,.T.);
#1975=ORIENTED_EDGE('',*,*,#1386,.T.);
#1976=ORIENTED_EDGE('',*,*,#1345,.F.);
#1977=ORIENTED_EDGE('',*,*,#1387,.T.);
#1978=ORIENTED_EDGE('',*,*,#1388,.T.);
#1979=ORIENTED_EDGE('',*,*,#1389,.T.);
#1980=ORIENTED_EDGE('',*,*,#1390,.T.);
#1981=ORIENTED_EDGE('',*,*,#1391,.F.);
#1982=ORIENTED_EDGE('',*,*,#1365,.F.);
#1983=ORIENTED_EDGE('',*,*,#1392,.F.);
#1984=ORIENTED_EDGE('',*,*,#1264,.F.);
#1985=ORIENTED_EDGE('',*,*,#1392,.T.);
#1986=ORIENTED_EDGE('',*,*,#1370,.F.);
#1987=ORIENTED_EDGE('',*,*,#1393,.F.);
#1988=ORIENTED_EDGE('',*,*,#1265,.F.);
#1989=ORIENTED_EDGE('',*,*,#1391,.T.);
#1990=ORIENTED_EDGE('',*,*,#1263,.F.);
#1991=ORIENTED_EDGE('',*,*,#1394,.F.);
#1992=ORIENTED_EDGE('',*,*,#1362,.F.);
#1993=ORIENTED_EDGE('',*,*,#1393,.T.);
#1994=ORIENTED_EDGE('',*,*,#1369,.F.);
#1995=ORIENTED_EDGE('',*,*,#1395,.F.);
#1996=ORIENTED_EDGE('',*,*,#1252,.F.);
#1997=ORIENTED_EDGE('',*,*,#1198,.F.);
#1998=ORIENTED_EDGE('',*,*,#1259,.F.);
#1999=ORIENTED_EDGE('',*,*,#1396,.F.);
#2000=ORIENTED_EDGE('',*,*,#1347,.F.);
#2001=ORIENTED_EDGE('',*,*,#1394,.T.);
#2002=ORIENTED_EDGE('',*,*,#1262,.F.);
#2003=ORIENTED_EDGE('',*,*,#1397,.F.);
#2004=ORIENTED_EDGE('',*,*,#1358,.F.);
#2005=ORIENTED_EDGE('',*,*,#1395,.T.);
#2006=ORIENTED_EDGE('',*,*,#1371,.F.);
#2007=ORIENTED_EDGE('',*,*,#1226,.F.);
#2008=ORIENTED_EDGE('',*,*,#1253,.F.);
#2009=ORIENTED_EDGE('',*,*,#1396,.T.);
#2010=ORIENTED_EDGE('',*,*,#1247,.F.);
#2011=ORIENTED_EDGE('',*,*,#1398,.F.);
#2012=ORIENTED_EDGE('',*,*,#1348,.F.);
#2013=ORIENTED_EDGE('',*,*,#1397,.T.);
#2014=ORIENTED_EDGE('',*,*,#1261,.F.);
#2015=ORIENTED_EDGE('',*,*,#1399,.F.);
#2016=ORIENTED_EDGE('',*,*,#1376,.F.);
#2017=ORIENTED_EDGE('',*,*,#1398,.T.);
#2018=ORIENTED_EDGE('',*,*,#1246,.F.);
#2019=ORIENTED_EDGE('',*,*,#1223,.F.);
#2020=ORIENTED_EDGE('',*,*,#1387,.F.);
#2021=ORIENTED_EDGE('',*,*,#1399,.T.);
#2022=ORIENTED_EDGE('',*,*,#1244,.F.);
#2023=ORIENTED_EDGE('',*,*,#1400,.F.);
#2024=ORIENTED_EDGE('',*,*,#1377,.F.);
#2025=ORIENTED_EDGE('',*,*,#1400,.T.);
#2026=ORIENTED_EDGE('',*,*,#1243,.F.);
#2027=ORIENTED_EDGE('',*,*,#1219,.F.);
#2028=ORIENTED_EDGE('',*,*,#1374,.F.);
#2029=ORIENTED_EDGE('',*,*,#1222,.T.);
#2030=ORIENTED_EDGE('',*,*,#1254,.F.);
#2031=ORIENTED_EDGE('',*,*,#1401,.F.);
#2032=ORIENTED_EDGE('',*,*,#1388,.F.);
#2033=ORIENTED_EDGE('',*,*,#1212,.F.);
#2034=ORIENTED_EDGE('',*,*,#1344,.F.);
#2035=ORIENTED_EDGE('',*,*,#1402,.F.);
#2036=ORIENTED_EDGE('',*,*,#1268,.F.);
#2037=ORIENTED_EDGE('',*,*,#1401,.T.);
#2038=ORIENTED_EDGE('',*,*,#1258,.F.);
#2039=ORIENTED_EDGE('',*,*,#1218,.F.);
#2040=ORIENTED_EDGE('',*,*,#1389,.F.);
#2041=ORIENTED_EDGE('',*,*,#1402,.T.);
#2042=ORIENTED_EDGE('',*,*,#1343,.F.);
#2043=ORIENTED_EDGE('',*,*,#1403,.F.);
#2044=ORIENTED_EDGE('',*,*,#1241,.F.);
#2045=ORIENTED_EDGE('',*,*,#1403,.T.);
#2046=ORIENTED_EDGE('',*,*,#1390,.F.);
#2047=ORIENTED_EDGE('',*,*,#1217,.T.);
#2048=ORIENTED_EDGE('',*,*,#1242,.F.);
#2049=ORIENTED_EDGE('',*,*,#1210,.F.);
#2050=ORIENTED_EDGE('',*,*,#1152,.F.);
#2051=ORIENTED_EDGE('',*,*,#1404,.F.);
#2052=ORIENTED_EDGE('',*,*,#1341,.F.);
#2053=ORIENTED_EDGE('',*,*,#1404,.T.);
#2054=ORIENTED_EDGE('',*,*,#1151,.F.);
#2055=ORIENTED_EDGE('',*,*,#1405,.F.);
#2056=ORIENTED_EDGE('',*,*,#1385,.F.);
#2057=ORIENTED_EDGE('',*,*,#1405,.T.);
#2058=ORIENTED_EDGE('',*,*,#1150,.F.);
#2059=ORIENTED_EDGE('',*,*,#1406,.F.);
#2060=ORIENTED_EDGE('',*,*,#1386,.F.);
#2061=ORIENTED_EDGE('',*,*,#1200,.F.);
#2062=ORIENTED_EDGE('',*,*,#1346,.F.);
#2063=ORIENTED_EDGE('',*,*,#1406,.T.);
#2064=ORIENTED_EDGE('',*,*,#1149,.F.);
#2065=ORIENTED_EDGE('',*,*,#1407,.F.);
#2066=ORIENTED_EDGE('',*,*,#1366,.F.);
#2067=ORIENTED_EDGE('',*,*,#1408,.F.);
#2068=ORIENTED_EDGE('',*,*,#1354,.F.);
#2069=ORIENTED_EDGE('',*,*,#1408,.T.);
#2070=ORIENTED_EDGE('',*,*,#1363,.F.);
#2071=ORIENTED_EDGE('',*,*,#1409,.F.);
#2072=ORIENTED_EDGE('',*,*,#1355,.F.);
#2073=ORIENTED_EDGE('',*,*,#1407,.T.);
#2074=ORIENTED_EDGE('',*,*,#1353,.F.);
#2075=ORIENTED_EDGE('',*,*,#1410,.F.);
#2076=ORIENTED_EDGE('',*,*,#1367,.F.);
#2077=ORIENTED_EDGE('',*,*,#1409,.T.);
#2078=ORIENTED_EDGE('',*,*,#1360,.F.);
#2079=ORIENTED_EDGE('',*,*,#1411,.F.);
#2080=ORIENTED_EDGE('',*,*,#1356,.F.);
#2081=ORIENTED_EDGE('',*,*,#1410,.T.);
#2082=ORIENTED_EDGE('',*,*,#1352,.F.);
#2083=ORIENTED_EDGE('',*,*,#1412,.F.);
#2084=ORIENTED_EDGE('',*,*,#1372,.F.);
#2085=ORIENTED_EDGE('',*,*,#1411,.T.);
#2086=ORIENTED_EDGE('',*,*,#1378,.F.);
#2087=ORIENTED_EDGE('',*,*,#1413,.F.);
#2088=ORIENTED_EDGE('',*,*,#1349,.F.);
#2089=ORIENTED_EDGE('',*,*,#1412,.T.);
#2090=ORIENTED_EDGE('',*,*,#1351,.F.);
#2091=ORIENTED_EDGE('',*,*,#1414,.F.);
#2092=ORIENTED_EDGE('',*,*,#1256,.F.);
#2093=ORIENTED_EDGE('',*,*,#1413,.T.);
#2094=ORIENTED_EDGE('',*,*,#1375,.F.);
#2095=ORIENTED_EDGE('',*,*,#1414,.T.);
#2096=ORIENTED_EDGE('',*,*,#1350,.F.);
#2097=PLANE('',#2285);
#2098=PLANE('',#2301);
#2099=PLANE('',#2315);
#2100=PLANE('',#2322);
#2101=PLANE('',#2323);
#2102=PLANE('',#2335);
#2103=PLANE('',#2376);
#2104=PLANE('',#2378);
#2105=PLANE('',#2388);
#2106=PLANE('',#2389);
#2107=PLANE('',#2390);
#2108=PLANE('',#2391);
#2109=PLANE('',#2392);
#2110=PLANE('',#2393);
#2111=PLANE('',#2394);
#2112=PLANE('',#2395);
#2113=PLANE('',#2396);
#2114=PLANE('',#2397);
#2115=PLANE('',#2398);
#2116=PLANE('',#2399);
#2117=PLANE('',#2400);
#2118=PLANE('',#2401);
#2119=PLANE('',#2402);
#2120=PLANE('',#2403);
#2121=PLANE('',#2404);
#2122=PLANE('',#2405);
#2123=PLANE('',#2406);
#2124=PLANE('',#2407);
#2125=PLANE('',#2408);
#2126=PLANE('',#2409);
#2127=PLANE('',#2410);
#2128=PLANE('',#2411);
#2129=PLANE('',#2412);
#2130=PLANE('',#2413);
#2131=PLANE('',#2414);
#2132=PLANE('',#2415);
#2133=PLANE('',#2419);
#2134=PLANE('',#2423);
#2135=PLANE('',#2427);
#2136=PLANE('',#2431);
#2137=PLANE('',#2438);
#2138=PLANE('',#2442);
#2139=ADVANCED_FACE('',(#140),#2097,.F.);
#2140=ADVANCED_FACE('',(#141),#120,.F.);
#2141=ADVANCED_FACE('',(#142),#121,.F.);
#2142=ADVANCED_FACE('',(#143),#93,.F.);
#2143=ADVANCED_FACE('',(#144),#122,.F.);
#2144=ADVANCED_FACE('',(#145),#123,.F.);
#2145=ADVANCED_FACE('',(#146),#124,.F.);
#2146=ADVANCED_FACE('',(#147),#125,.F.);
#2147=ADVANCED_FACE('',(#148),#94,.T.);
#2148=ADVANCED_FACE('',(#149),#126,.F.);
#2149=ADVANCED_FACE('',(#150),#127,.F.);
#2150=ADVANCED_FACE('',(#151),#128,.F.);
#2151=ADVANCED_FACE('',(#152),#95,.F.);
#2152=ADVANCED_FACE('',(#153),#129,.F.);
#2153=ADVANCED_FACE('',(#154),#130,.F.);
#2154=ADVANCED_FACE('',(#155),#131,.F.);
#2155=ADVANCED_FACE('',(#156),#132,.F.);
#2156=ADVANCED_FACE('',(#157),#96,.T.);
#2157=ADVANCED_FACE('',(#158),#133,.F.);
#2158=ADVANCED_FACE('',(#159),#134,.F.);
#2159=ADVANCED_FACE('',(#160),#2098,.F.);
#2160=ADVANCED_FACE('',(#161),#97,.T.);
#2161=ADVANCED_FACE('',(#162),#98,.T.);
#2162=ADVANCED_FACE('',(#163),#2099,.F.);
#2163=ADVANCED_FACE('',(#164),#99,.T.);
#2164=ADVANCED_FACE('',(#165),#2100,.F.);
#2165=ADVANCED_FACE('',(#166,#52,#53,#54),#2101,.F.);
#2166=ADVANCED_FACE('',(#167,#55),#2102,.F.);
#2167=ADVANCED_FACE('',(#168),#50,.T.);
#2168=ADVANCED_FACE('',(#169),#100,.T.);
#2169=ADVANCED_FACE('',(#170),#51,.T.);
#2170=ADVANCED_FACE('',(#171),#101,.T.);
#2171=ADVANCED_FACE('',(#172),#102,.F.);
#2172=ADVANCED_FACE('',(#173),#103,.F.);
#2173=ADVANCED_FACE('',(#174),#104,.F.);
#2174=ADVANCED_FACE('',(#175),#105,.F.);
#2175=ADVANCED_FACE('',(#176),#106,.F.);
#2176=ADVANCED_FACE('',(#177),#107,.F.);
#2177=ADVANCED_FACE('',(#178),#135,.F.);
#2178=ADVANCED_FACE('',(#179),#136,.F.);
#2179=ADVANCED_FACE('',(#180),#2103,.T.);
#2180=ADVANCED_FACE('',(#181),#137,.F.);
#2181=ADVANCED_FACE('',(#182),#2104,.T.);
#2182=ADVANCED_FACE('',(#183),#43,.T.);
#2183=ADVANCED_FACE('',(#184),#15,.T.);
#2184=ADVANCED_FACE('',(#185),#108,.T.);
#2185=ADVANCED_FACE('',(#186),#16,.T.);
#2186=ADVANCED_FACE('',(#187),#109,.T.);
#2187=ADVANCED_FACE('',(#188),#2105,.F.);
#2188=ADVANCED_FACE('',(#189),#2106,.F.);
#2189=ADVANCED_FACE('',(#190),#2107,.F.);
#2190=ADVANCED_FACE('',(#191,#56),#2108,.T.);
#2191=ADVANCED_FACE('',(#192),#2109,.F.);
#2192=ADVANCED_FACE('',(#193),#2110,.F.);
#2193=ADVANCED_FACE('',(#194),#2111,.F.);
#2194=ADVANCED_FACE('',(#195),#2112,.F.);
#2195=ADVANCED_FACE('',(#196),#2113,.F.);
#2196=ADVANCED_FACE('',(#197,#57),#2114,.T.);
#2197=ADVANCED_FACE('',(#198),#2115,.F.);
#2198=ADVANCED_FACE('',(#199),#2116,.F.);
#2199=ADVANCED_FACE('',(#200),#2117,.F.);
#2200=ADVANCED_FACE('',(#201),#2118,.F.);
#2201=ADVANCED_FACE('',(#202),#2119,.F.);
#2202=ADVANCED_FACE('',(#203),#2120,.F.);
#2203=ADVANCED_FACE('',(#204),#2121,.F.);
#2204=ADVANCED_FACE('',(#205,#58),#2122,.T.);
#2205=ADVANCED_FACE('',(#206),#2123,.F.);
#2206=ADVANCED_FACE('',(#207),#2124,.F.);
#2207=ADVANCED_FACE('',(#208),#2125,.F.);
#2208=ADVANCED_FACE('',(#209),#2126,.F.);
#2209=ADVANCED_FACE('',(#210),#2127,.F.);
#2210=ADVANCED_FACE('',(#211,#59),#2128,.T.);
#2211=ADVANCED_FACE('',(#212),#2129,.F.);
#2212=ADVANCED_FACE('',(#213),#2130,.F.);
#2213=ADVANCED_FACE('',(#214),#2131,.F.);
#2214=ADVANCED_FACE('',(#215),#2132,.F.);
#2215=ADVANCED_FACE('',(#216),#138,.F.);
#2216=ADVANCED_FACE('',(#217),#17,.T.);
#2217=ADVANCED_FACE('',(#218),#2133,.T.);
#2218=ADVANCED_FACE('',(#219),#18,.T.);
#2219=ADVANCED_FACE('',(#220),#2134,.T.);
#2220=ADVANCED_FACE('',(#221),#2135,.F.);
#2221=ADVANCED_FACE('',(#222),#2136,.F.);
#2222=ADVANCED_FACE('',(#223),#19,.T.);
#2223=ADVANCED_FACE('',(#224),#139,.F.);
#2224=ADVANCED_FACE('',(#225),#20,.T.);
#2225=ADVANCED_FACE('',(#226),#2137,.T.);
#2226=ADVANCED_FACE('',(#227),#21,.T.);
#2227=ADVANCED_FACE('',(#228),#22,.T.);
#2228=ADVANCED_FACE('',(#229),#2138,.F.);
#2229=ADVANCED_FACE('',(#230),#110,.F.);
#2230=ADVANCED_FACE('',(#231),#23,.F.);
#2231=ADVANCED_FACE('',(#232),#24,.F.);
#2232=ADVANCED_FACE('',(#233),#111,.F.);
#2233=ADVANCED_FACE('',(#234),#25,.F.);
#2234=ADVANCED_FACE('',(#235),#26,.T.);
#2235=ADVANCED_FACE('',(#236),#112,.F.);
#2236=ADVANCED_FACE('',(#237),#27,.T.);
#2237=ADVANCED_FACE('',(#238),#113,.T.);
#2238=ADVANCED_FACE('',(#239),#114,.T.);
#2239=ADVANCED_FACE('',(#240),#44,.T.);
#2240=ADVANCED_FACE('',(#241),#28,.T.);
#2241=ADVANCED_FACE('',(#242),#29,.T.);
#2242=ADVANCED_FACE('',(#243),#30,.T.);
#2243=ADVANCED_FACE('',(#244),#45,.T.);
#2244=ADVANCED_FACE('',(#245),#115,.T.);
#2245=ADVANCED_FACE('',(#246),#31,.T.);
#2246=ADVANCED_FACE('',(#247),#46,.T.);
#2247=ADVANCED_FACE('',(#248),#32,.T.);
#2248=ADVANCED_FACE('',(#249),#33,.T.);
#2249=ADVANCED_FACE('',(#250),#34,.T.);
#2250=ADVANCED_FACE('',(#251),#35,.T.);
#2251=ADVANCED_FACE('',(#252),#47,.T.);
#2252=ADVANCED_FACE('',(#253),#36,.T.);
#2253=ADVANCED_FACE('',(#254),#48,.T.);
#2254=ADVANCED_FACE('',(#255),#37,.T.);
#2255=ADVANCED_FACE('',(#256),#38,.T.);
#2256=ADVANCED_FACE('',(#257),#49,.T.);
#2257=ADVANCED_FACE('',(#258),#39,.F.);
#2258=ADVANCED_FACE('',(#259),#116,.F.);
#2259=ADVANCED_FACE('',(#260),#117,.F.);
#2260=ADVANCED_FACE('',(#261),#40,.F.);
#2261=ADVANCED_FACE('',(#262),#41,.F.);
#2262=ADVANCED_FACE('',(#263),#118,.F.);
#2263=ADVANCED_FACE('',(#264),#119,.F.);
#2264=ADVANCED_FACE('',(#265),#42,.F.);
#2265=CLOSED_SHELL('',(#2139,#2140,#2141,#2142,#2143,#2144,#2145,#2146,
#2147,#2148,#2149,#2150,#2151,#2152,#2153,#2154,#2155,#2156,#2157,#2158,
#2159,#2160,#2161,#2162,#2163,#2164,#2165,#2166,#2167,#2168,#2169,#2170,
#2171,#2172,#2173,#2174,#2175,#2176,#2177,#2178,#2179,#2180,#2181,#2182,
#2183,#2184,#2185,#2186,#2187,#2188,#2189,#2190,#2191,#2192,#2193,#2194,
#2195,#2196,#2197,#2198,#2199,#2200,#2201,#2202,#2203,#2204,#2205,#2206,
#2207,#2208,#2209,#2210,#2211,#2212,#2213,#2214,#2215,#2216,#2217,#2218,
#2219,#2220,#2221,#2222,#2223,#2224,#2225,#2226,#2227,#2228,#2229,#2230,
#2231,#2232,#2233,#2234,#2235,#2236,#2237,#2238,#2239,#2240,#2241,#2242,
#2243,#2244,#2245,#2246,#2247,#2248,#2249,#2250,#2251,#2252,#2253,#2254,
#2255,#2256,#2257,#2258,#2259,#2260,#2261,#2262,#2263,#2264));
#2266=DERIVED_UNIT_ELEMENT(#2268,1.);
#2267=DERIVED_UNIT_ELEMENT(#8083,3.);
#2268=(
MASS_UNIT()
NAMED_UNIT(*)
SI_UNIT($,.GRAM.)
);
#2269=DERIVED_UNIT((#2266,#2267));
#2270=MEASURE_REPRESENTATION_ITEM('density measure',
POSITIVE_RATIO_MEASURE(1.),#2269);
#2271=PROPERTY_DEFINITION_REPRESENTATION(#2276,#2273);
#2272=PROPERTY_DEFINITION_REPRESENTATION(#2277,#2274);
#2273=REPRESENTATION('material name',(#2275),#8080);
#2274=REPRESENTATION('density',(#2270),#8080);
#2275=DESCRIPTIVE_REPRESENTATION_ITEM('Generic','Generic');
#2276=PROPERTY_DEFINITION('material property','material name',#8090);
#2277=PROPERTY_DEFINITION('material property','density of part',#8090);
#2278=DATE_TIME_ROLE('creation_date');
#2279=CC_DESIGN_DATE_AND_TIME_ASSIGNMENT(#2280,#2278,(#8090));
#2280=DATE_AND_TIME(#2281,#2282);
#2281=CALENDAR_DATE(2021,4,8);
#2282=LOCAL_TIME(16,5,19.,#2283);
#2283=COORDINATED_UNIVERSAL_TIME_OFFSET(0,0,.BEHIND.);
#2284=AXIS2_PLACEMENT_3D('placement',#3045,#2488,#2489);
#2285=AXIS2_PLACEMENT_3D('',#3046,#2490,#2491);
#2286=AXIS2_PLACEMENT_3D('',#3055,#2495,#2496);
#2287=AXIS2_PLACEMENT_3D('',#3057,#2497,#2498);
#2288=AXIS2_PLACEMENT_3D('',#3067,#2500,#2501);
#2289=AXIS2_PLACEMENT_3D('',#3298,#2505,#2506);
#2290=AXIS2_PLACEMENT_3D('',#3300,#2507,#2508);
#2291=AXIS2_PLACEMENT_3D('',#3302,#2509,#2510);
#2292=AXIS2_PLACEMENT_3D('',#3761,#2516,#2517);
#2293=AXIS2_PLACEMENT_3D('',#3763,#2518,#2519);
#2294=AXIS2_PLACEMENT_3D('',#3765,#2520,#2521);
#2295=AXIS2_PLACEMENT_3D('',#4171,#2526,#2527);
#2296=AXIS2_PLACEMENT_3D('',#4173,#2528,#2529);
#2297=AXIS2_PLACEMENT_3D('',#4175,#2530,#2531);
#2298=AXIS2_PLACEMENT_3D('',#4643,#2537,#2538);
#2299=AXIS2_PLACEMENT_3D('',#4645,#2539,#2540);
#2300=AXIS2_PLACEMENT_3D('',#4647,#2541,#2542);
#2301=AXIS2_PLACEMENT_3D('',#4876,#2545,#2546);
#2302=AXIS2_PLACEMENT_3D('',#4880,#2548,#2549);
#2303=AXIS2_PLACEMENT_3D('',#4891,#2552,#2553);
#2304=AXIS2_PLACEMENT_3D('',#4893,#2555,#2556);
#2305=AXIS2_PLACEMENT_3D('',#4897,#2558,#2559);
#2306=AXIS2_PLACEMENT_3D('',#4901,#2561,#2562);
#2307=AXIS2_PLACEMENT_3D('',#5057,#2563,#2564);
#2308=AXIS2_PLACEMENT_3D('',#5059,#2566,#2567);
#2309=AXIS2_PLACEMENT_3D('',#5063,#2569,#2570);
#2310=AXIS2_PLACEMENT_3D('',#5067,#2572,#2573);
#2311=AXIS2_PLACEMENT_3D('',#5071,#2575,#2576);
#2312=AXIS2_PLACEMENT_3D('',#5073,#2577,#2578);
#2313=AXIS2_PLACEMENT_3D('',#5075,#2579,#2580);
#2314=AXIS2_PLACEMENT_3D('',#5076,#2581,#2582);
#2315=AXIS2_PLACEMENT_3D('',#5077,#2583,#2584);
#2316=AXIS2_PLACEMENT_3D('',#5118,#2606,#2607);
#2317=AXIS2_PLACEMENT_3D('',#5122,#2609,#2610);
#2318=AXIS2_PLACEMENT_3D('',#5124,#2611,#2612);
#2319=AXIS2_PLACEMENT_3D('',#5125,#2613,#2614);
#2320=AXIS2_PLACEMENT_3D('',#5127,#2615,#2616);
#2321=AXIS2_PLACEMENT_3D('',#5130,#2618,#2619);
#2322=AXIS2_PLACEMENT_3D('',#5131,#2620,#2621);
#2323=AXIS2_PLACEMENT_3D('',#5135,#2624,#2625);
#2324=AXIS2_PLACEMENT_3D('',#5139,#2627,#2628);
#2325=AXIS2_PLACEMENT_3D('',#5143,#2630,#2631);
#2326=AXIS2_PLACEMENT_3D('',#5147,#2633,#2634);
#2327=AXIS2_PLACEMENT_3D('',#5161,#2636,#2637);
#2328=AXIS2_PLACEMENT_3D('',#5164,#2639,#2640);
#2329=AXIS2_PLACEMENT_3D('',#5167,#2641,#2642);
#2330=AXIS2_PLACEMENT_3D('',#5168,#2643,#2644);
#2331=AXIS2_PLACEMENT_3D('',#5171,#2645,#2646);
#2332=AXIS2_PLACEMENT_3D('',#5172,#2647,#2648);
#2333=AXIS2_PLACEMENT_3D('',#5175,#2649,#2650);
#2334=AXIS2_PLACEMENT_3D('',#5176,#2651,#2652);
#2335=AXIS2_PLACEMENT_3D('',#5177,#2653,#2654);
#2336=AXIS2_PLACEMENT_3D('',#5192,#2656,#2657);
#2337=AXIS2_PLACEMENT_3D('',#5196,#2659,#2660);
#2338=AXIS2_PLACEMENT_3D('',#5197,#2661,#2662);
#2339=AXIS2_PLACEMENT_3D('',#5198,#2663,#2664);
#2340=AXIS2_PLACEMENT_3D('',#5201,#2665,#2666);
#2341=AXIS2_PLACEMENT_3D('',#5203,#2667,#2668);
#2342=AXIS2_PLACEMENT_3D('',#5204,#2669,#2670);
#2343=AXIS2_PLACEMENT_3D('',#5205,#2671,#2672);
#2344=AXIS2_PLACEMENT_3D('',#5208,#2673,#2674);
#2345=AXIS2_PLACEMENT_3D('',#5211,#2677,#2678);
#2346=AXIS2_PLACEMENT_3D('',#5214,#2679,#2680);
#2347=AXIS2_PLACEMENT_3D('',#5216,#2681,#2682);
#2348=AXIS2_PLACEMENT_3D('',#5217,#2683,#2684);
#2349=AXIS2_PLACEMENT_3D('',#5218,#2685,#2686);
#2350=AXIS2_PLACEMENT_3D('',#5222,#2688,#2689);
#2351=AXIS2_PLACEMENT_3D('',#5224,#2691,#2692);
#2352=AXIS2_PLACEMENT_3D('',#5227,#2693,#2694);
#2353=AXIS2_PLACEMENT_3D('',#5228,#2695,#2696);
#2354=AXIS2_PLACEMENT_3D('',#5230,#2698,#2699);
#2355=AXIS2_PLACEMENT_3D('',#5233,#2700,#2701);
#2356=AXIS2_PLACEMENT_3D('',#5234,#2702,#2703);
#2357=AXIS2_PLACEMENT_3D('',#5236,#2705,#2706);
#2358=AXIS2_PLACEMENT_3D('',#5239,#2707,#2708);
#2359=AXIS2_PLACEMENT_3D('',#5240,#2709,#2710);
#2360=AXIS2_PLACEMENT_3D('',#5242,#2712,#2713);
#2361=AXIS2_PLACEMENT_3D('',#5245,#2714,#2715);
#2362=AXIS2_PLACEMENT_3D('',#5246,#2716,#2717);
#2363=AXIS2_PLACEMENT_3D('',#5248,#2719,#2720);
#2364=AXIS2_PLACEMENT_3D('',#5252,#2722,#2723);
#2365=AXIS2_PLACEMENT_3D('',#5253,#2724,#2725);
#2366=AXIS2_PLACEMENT_3D('',#5276,#2726,#2727);
#2367=AXIS2_PLACEMENT_3D('',#5278,#2729,#2730);
#2368=AXIS2_PLACEMENT_3D('',#5280,#2731,#2732);
#2369=AXIS2_PLACEMENT_3D('',#5282,#2733,#2734);
#2370=AXIS2_PLACEMENT_3D('',#5286,#2736,#2737);
#2371=AXIS2_PLACEMENT_3D('',#5364,#2739,#2740);
#2372=AXIS2_PLACEMENT_3D('',#5413,#2741,#2742);
#2373=AXIS2_PLACEMENT_3D('',#5416,#2744,#2745);
#2374=AXIS2_PLACEMENT_3D('',#5443,#2746,#2747);
#2375=AXIS2_PLACEMENT_3D('',#5444,#2748,#2749);
#2376=AXIS2_PLACEMENT_3D('',#5445,#2750,#2751);
#2377=AXIS2_PLACEMENT_3D('',#5530,#2757,#2758);
#2378=AXIS2_PLACEMENT_3D('',#5531,#2759,#2760);
#2379=AXIS2_PLACEMENT_3D('',#5536,#2763,#2764);
#2380=AXIS2_PLACEMENT_3D('',#5537,#2765,#2766);
#2381=AXIS2_PLACEMENT_3D('',#5694,#2767,#2768);
#2382=AXIS2_PLACEMENT_3D('',#5696,#2769,#2770);
#2383=AXIS2_PLACEMENT_3D('',#5700,#2772,#2773);
#2384=AXIS2_PLACEMENT_3D('',#5769,#2774,#2775);
#2385=AXIS2_PLACEMENT_3D('',#5772,#2777,#2778);
#2386=AXIS2_PLACEMENT_3D('',#5815,#2779,#2780);
#2387=AXIS2_PLACEMENT_3D('',#5886,#2781,#2782);
#2388=AXIS2_PLACEMENT_3D('',#5887,#2783,#2784);
#2389=AXIS2_PLACEMENT_3D('',#5893,#2788,#2789);
#2390=AXIS2_PLACEMENT_3D('',#5897,#2792,#2793);
#2391=AXIS2_PLACEMENT_3D('',#5901,#2796,#2797);
#2392=AXIS2_PLACEMENT_3D('',#5907,#2801,#2802);
#2393=AXIS2_PLACEMENT_3D('',#5909,#2804,#2805);
#2394=AXIS2_PLACEMENT_3D('',#5911,#2807,#2808);
#2395=AXIS2_PLACEMENT_3D('',#5912,#2809,#2810);
#2396=AXIS2_PLACEMENT_3D('',#5918,#2814,#2815);
#2397=AXIS2_PLACEMENT_3D('',#5922,#2818,#2819);
#2398=AXIS2_PLACEMENT_3D('',#5930,#2824,#2825);
#2399=AXIS2_PLACEMENT_3D('',#5933,#2828,#2829);
#2400=AXIS2_PLACEMENT_3D('',#5935,#2831,#2832);
#2401=AXIS2_PLACEMENT_3D('',#5936,#2833,#2834);
#2402=AXIS2_PLACEMENT_3D('',#5937,#2835,#2836);
#2403=AXIS2_PLACEMENT_3D('',#5943,#2840,#2841);
#2404=AXIS2_PLACEMENT_3D('',#5947,#2844,#2845);
#2405=AXIS2_PLACEMENT_3D('',#5951,#2848,#2849);
#2406=AXIS2_PLACEMENT_3D('',#5957,#2853,#2854);
#2407=AXIS2_PLACEMENT_3D('',#5959,#2856,#2857);
#2408=AXIS2_PLACEMENT_3D('',#5961,#2859,#2860);
#2409=AXIS2_PLACEMENT_3D('',#5962,#2861,#2862);
#2410=AXIS2_PLACEMENT_3D('',#5968,#2866,#2867);
#2411=AXIS2_PLACEMENT_3D('',#5972,#2870,#2871);
#2412=AXIS2_PLACEMENT_3D('',#5980,#2876,#2877);
#2413=AXIS2_PLACEMENT_3D('',#5983,#2880,#2881);
#2414=AXIS2_PLACEMENT_3D('',#5985,#2883,#2884);
#2415=AXIS2_PLACEMENT_3D('',#5986,#2885,#2886);
#2416=AXIS2_PLACEMENT_3D('',#6006,#2888,#2889);
#2417=AXIS2_PLACEMENT_3D('',#6032,#2890,#2891);
#2418=AXIS2_PLACEMENT_3D('',#6033,#2892,#2893);
#2419=AXIS2_PLACEMENT_3D('',#6034,#2894,#2895);
#2420=AXIS2_PLACEMENT_3D('',#6038,#2897,#2898);
#2421=AXIS2_PLACEMENT_3D('',#6039,#2899,#2900);
#2422=AXIS2_PLACEMENT_3D('',#6064,#2901,#2902);
#2423=AXIS2_PLACEMENT_3D('',#6065,#2903,#2904);
#2424=AXIS2_PLACEMENT_3D('',#6067,#2905,#2906);
#2425=AXIS2_PLACEMENT_3D('',#6071,#2908,#2909);
#2426=AXIS2_PLACEMENT_3D('',#6072,#2910,#2911);
#2427=AXIS2_PLACEMENT_3D('',#6073,#2912,#2913);
#2428=AXIS2_PLACEMENT_3D('',#6077,#2915,#2916);
#2429=AXIS2_PLACEMENT_3D('',#6079,#2917,#2918);
#2430=AXIS2_PLACEMENT_3D('',#6080,#2919,#2920);
#2431=AXIS2_PLACEMENT_3D('',#6081,#2921,#2922);
#2432=AXIS2_PLACEMENT_3D('',#6292,#2927,#2928);
#2433=AXIS2_PLACEMENT_3D('',#6294,#2929,#2930);
#2434=AXIS2_PLACEMENT_3D('',#6296,#2931,#2932);
#2435=AXIS2_PLACEMENT_3D('',#6360,#2933,#2934);
#2436=AXIS2_PLACEMENT_3D('',#6389,#2937,#2938);
#2437=AXIS2_PLACEMENT_3D('',#6390,#2939,#2940);
#2438=AXIS2_PLACEMENT_3D('',#6437,#2941,#2942);
#2439=AXIS2_PLACEMENT_3D('',#6441,#2944,#2945);
#2440=AXIS2_PLACEMENT_3D('',#6443,#2946,#2947);
#2441=AXIS2_PLACEMENT_3D('',#6668,#2949,#2950);
#2442=AXIS2_PLACEMENT_3D('',#6842,#2951,#2952);
#2443=AXIS2_PLACEMENT_3D('',#6845,#2954,#2955);
#2444=AXIS2_PLACEMENT_3D('',#6847,#2957,#2958);
#2445=AXIS2_PLACEMENT_3D('',#6970,#2959,#2960);
#2446=AXIS2_PLACEMENT_3D('',#7060,#2961,#2962);
#2447=AXIS2_PLACEMENT_3D('',#7182,#2963,#2964);
#2448=AXIS2_PLACEMENT_3D('',#7198,#2965,#2966);
#2449=AXIS2_PLACEMENT_3D('',#7316,#2967,#2968);
#2450=AXIS2_PLACEMENT_3D('',#7440,#2969,#2970);
#2451=AXIS2_PLACEMENT_3D('',#7489,#2971,#2972);
#2452=AXIS2_PLACEMENT_3D('',#7490,#2973,#2974);
#2453=AXIS2_PLACEMENT_3D('',#7491,#2975,#2976);
#2454=AXIS2_PLACEMENT_3D('',#7492,#2977,#2978);
#2455=AXIS2_PLACEMENT_3D('',#7493,#2979,#2980);
#2456=AXIS2_PLACEMENT_3D('',#7494,#2981,#2982);
#2457=AXIS2_PLACEMENT_3D('',#7495,#2983,#2984);
#2458=AXIS2_PLACEMENT_3D('',#7496,#2985,#2986);
#2459=AXIS2_PLACEMENT_3D('',#7509,#2987,#2988);
#2460=AXIS2_PLACEMENT_3D('',#7558,#2989,#2990);
#2461=AXIS2_PLACEMENT_3D('',#7619,#2991,#2992);
#2462=AXIS2_PLACEMENT_3D('',#7620,#2993,#2994);
#2463=AXIS2_PLACEMENT_3D('',#7621,#2995,#2996);
#2464=AXIS2_PLACEMENT_3D('',#7622,#2997,#2998);
#2465=AXIS2_PLACEMENT_3D('',#7635,#2999,#3000);
#2466=AXIS2_PLACEMENT_3D('',#7636,#3001,#3002);
#2467=AXIS2_PLACEMENT_3D('',#7739,#3003,#3004);
#2468=AXIS2_PLACEMENT_3D('',#7752,#3005,#3006);
#2469=AXIS2_PLACEMENT_3D('',#7795,#3007,#3008);
#2470=AXIS2_PLACEMENT_3D('',#7796,#3009,#3010);
#2471=AXIS2_PLACEMENT_3D('',#7809,#3011,#3012);
#2472=AXIS2_PLACEMENT_3D('',#7810,#3013,#3014);
#2473=AXIS2_PLACEMENT_3D('',#7865,#3015,#3016);
#2474=AXIS2_PLACEMENT_3D('',#7920,#3017,#3018);
#2475=AXIS2_PLACEMENT_3D('',#7921,#3019,#3020);
#2476=AXIS2_PLACEMENT_3D('',#7958,#3021,#3022);
#2477=AXIS2_PLACEMENT_3D('',#7959,#3023,#3024);
#2478=AXIS2_PLACEMENT_3D('',#7960,#3025,#3026);
#2479=AXIS2_PLACEMENT_3D('',#7961,#3027,#3028);
#2480=AXIS2_PLACEMENT_3D('',#7962,#3029,#3030);
#2481=AXIS2_PLACEMENT_3D('',#7963,#3031,#3032);
#2482=AXIS2_PLACEMENT_3D('',#8000,#3033,#3034);
#2483=AXIS2_PLACEMENT_3D('',#8037,#3035,#3036);
#2484=AXIS2_PLACEMENT_3D('',#8038,#3037,#3038);
#2485=AXIS2_PLACEMENT_3D('',#8039,#3039,#3040);
#2486=AXIS2_PLACEMENT_3D('',#8040,#3041,#3042);
#2487=AXIS2_PLACEMENT_3D('',#8041,#3043,#3044);
#2488=DIRECTION('axis',(0.,0.,1.));
#2489=DIRECTION('refdir',(1.,0.,0.));
#2490=DIRECTION('center_axis',(0.,0.,1.));
#2491=DIRECTION('ref_axis',(1.,0.,0.));
#2492=DIRECTION('',(-0.999919157969013,0.0127152477970776,0.));
#2493=DIRECTION('',(0.,1.,0.));
#2494=DIRECTION('',(1.,0.,0.));
#2495=DIRECTION('center_axis',(0.,0.,1.));
#2496=DIRECTION('ref_axis',(-1.,0.,0.));
#2497=DIRECTION('center_axis',(0.,0.,1.));
#2498=DIRECTION('ref_axis',(-1.,0.,0.));
#2499=DIRECTION('',(-0.998839092580518,0.0481712272308653,0.));
#2500=DIRECTION('center_axis',(0.,0.,-1.));
#2501=DIRECTION('ref_axis',(1.,-4.00885950845895E-31,-3.50695055808631E-15));
#2502=DIRECTION('',(0.,1.,0.));
#2503=DIRECTION('',(0.,1.,0.));
#2504=DIRECTION('',(0.,1.,0.));
#2505=DIRECTION('center_axis',(0.,1.,0.));
#2506=DIRECTION('ref_axis',(0.121409366695364,0.,-0.992602521495201));
#2507=DIRECTION('center_axis',(-0.0127152477970776,-0.999919157969013,0.));
#2508=DIRECTION('ref_axis',(0.999919157969012,-0.0127152477970776,4.96011011302522E-14));
#2509=DIRECTION('center_axis',(0.,1.,0.));
#2510=DIRECTION('ref_axis',(0.121409366695364,0.,-0.992602521495201));
#2511=DIRECTION('',(0.,1.,0.));
#2512=DIRECTION('',(0.,1.,0.));
#2513=DIRECTION('',(0.,1.,0.));
#2514=DIRECTION('',(0.,1.,0.));
#2515=DIRECTION('',(0.,1.,0.));
#2516=DIRECTION('center_axis',(0.,1.,0.));
#2517=DIRECTION('ref_axis',(0.121409366695364,0.,-0.992602521495201));
#2518=DIRECTION('center_axis',(0.0127152477970776,0.999919157969013,0.));
#2519=DIRECTION('ref_axis',(0.999919157969012,-0.0127152477970776,-9.18780630585227E-14));
#2520=DIRECTION('center_axis',(0.,-1.,0.));
#2521=DIRECTION('ref_axis',(0.121409366695364,0.,-0.992602521495201));
#2522=DIRECTION('',(0.,1.,0.));
#2523=DIRECTION('',(0.,1.,0.));
#2524=DIRECTION('',(0.,1.,0.));
#2525=DIRECTION('',(0.,1.,0.));
#2526=DIRECTION('center_axis',(0.,1.,0.));
#2527=DIRECTION('ref_axis',(0.121409366695364,0.,-0.992602521495201));
#2528=DIRECTION('center_axis',(-0.0127152477970776,-0.999919157969013,0.));
#2529=DIRECTION('ref_axis',(0.999919157969012,-0.0127152477970776,4.96011011302522E-14));
#2530=DIRECTION('center_axis',(0.,1.,0.));
#2531=DIRECTION('ref_axis',(0.121409366695364,0.,-0.992602521495201));
#2532=DIRECTION('',(0.,1.,0.));
#2533=DIRECTION('',(0.,1.,0.));
#2534=DIRECTION('',(0.,1.,0.));
#2535=DIRECTION('',(0.,1.,0.));
#2536=DIRECTION('',(0.,1.,0.));
#2537=DIRECTION('center_axis',(0.,1.,0.));
#2538=DIRECTION('ref_axis',(0.121409366695364,0.,-0.992602521495201));
#2539=DIRECTION('center_axis',(0.0127152477970776,0.999919157969013,0.));
#2540=DIRECTION('ref_axis',(0.999919157969012,-0.0127152477970776,-9.18780630585227E-14));
#2541=DIRECTION('center_axis',(0.,-1.,0.));
#2542=DIRECTION('ref_axis',(0.121409366695364,0.,-0.992602521495201));
#2543=DIRECTION('',(0.,1.,0.));
#2544=DIRECTION('',(0.,1.,0.));
#2545=DIRECTION('center_axis',(0.,0.,1.));
#2546=DIRECTION('ref_axis',(1.,0.,0.));
#2547=DIRECTION('',(-0.999919157969013,0.0127152477970776,0.));
#2548=DIRECTION('center_axis',(0.,0.,-1.));
#2549=DIRECTION('ref_axis',(-1.,3.95403276272109E-31,3.40889437471876E-15));
#2550=DIRECTION('',(-0.998839092580518,0.0481712272308653,0.));
#2551=DIRECTION('',(0.,1.,0.));
#2552=DIRECTION('center_axis',(0.,0.,1.));
#2553=DIRECTION('ref_axis',(-1.,0.,0.));
#2554=DIRECTION('',(1.,0.,0.));
#2555=DIRECTION('center_axis',(0.,0.,-1.));
#2556=DIRECTION('ref_axis',(-1.,0.,0.));
#2557=DIRECTION('',(0.,0.,-1.));
#2558=DIRECTION('center_axis',(0.,0.,-1.));
#2559=DIRECTION('ref_axis',(1.,0.,0.));
#2560=DIRECTION('',(0.,0.,-1.));
#2561=DIRECTION('center_axis',(1.62589604838838E-15,-7.84124375812504E-17,
1.));
#2562=DIRECTION('ref_axis',(1.,1.3724474955143E-32,-1.62589604838838E-15));
#2563=DIRECTION('center_axis',(-4.96031059532805E-15,2.39221963375402E-16,
-1.));
#2564=DIRECTION('ref_axis',(1.,2.96846081724694E-32,-4.96031059532805E-15));
#2565=DIRECTION('',(0.,0.,-1.));
#2566=DIRECTION('center_axis',(0.,0.,-1.));
#2567=DIRECTION('ref_axis',(-1.,0.,0.));
#2568=DIRECTION('',(0.,0.,-1.));
#2569=DIRECTION('center_axis',(-0.499419546290265,0.0240856136154329,-0.866025403784435));
#2570=DIRECTION('ref_axis',(-0.865020028467722,0.0417175065134019,0.500000000000006));
#2571=DIRECTION('',(0.,0.,1.));
#2572=DIRECTION('center_axis',(-0.499419546290248,0.0240856136154321,0.866025403784445));
#2573=DIRECTION('ref_axis',(-0.865020028467732,0.0417175065134024,-0.499999999999989));
#2574=DIRECTION('',(0.,0.,-1.));
#2575=DIRECTION('center_axis',(-0.86502002846774,0.0417175065133443,-0.49999999999998));
#2576=DIRECTION('ref_axis',(0.499419546290255,-0.0240856136150946,-0.86602540378445));
#2577=DIRECTION('center_axis',(-0.865020028468384,0.0417175065062364,0.499999999999459));
#2578=DIRECTION('ref_axis',(0.499419546287542,-0.0240856136605349,0.866025403784751));
#2579=DIRECTION('center_axis',(0.,0.,-1.));
#2580=DIRECTION('ref_axis',(-1.,0.,0.));
#2581=DIRECTION('center_axis',(0.,0.,-1.));
#2582=DIRECTION('ref_axis',(-1.,0.,0.));
#2583=DIRECTION('center_axis',(0.,1.,0.));
#2584=DIRECTION('ref_axis',(0.,0.,1.));
#2585=DIRECTION('',(0.,0.,-1.));
#2586=DIRECTION('',(0.866276711066135,0.,0.499564470178214));
#2587=DIRECTION('',(0.866276711066124,0.,-0.499564470178234));
#2588=DIRECTION('',(-1.37768491590215E-14,0.,-1.));
#2589=DIRECTION('',(-0.866276711066126,0.,-0.49956447017823));
#2590=DIRECTION('',(-0.866276711066117,0.,0.499564470178246));
#2591=DIRECTION('',(0.,0.,-1.));
#2592=DIRECTION('',(0.500435656315942,0.,0.86577373134534));
#2593=DIRECTION('',(1.,0.,0.));
#2594=DIRECTION('',(0.500435656315919,0.,-0.865773731345353));
#2595=DIRECTION('',(-0.500435656315942,0.,-0.86577373134534));
#2596=DIRECTION('',(-1.,0.,0.));
#2597=DIRECTION('',(-0.500435656315926,0.,0.865773731345349));
#2598=DIRECTION('',(0.500435656315942,0.,0.86577373134534));
#2599=DIRECTION('',(1.,0.,0.));
#2600=DIRECTION('',(0.50043565631592,0.,-0.865773731345353));
#2601=DIRECTION('',(-0.866276711066132,0.,-0.49956447017822));
#2602=DIRECTION('',(-0.86627671106612,0.,0.49956447017824));
#2603=DIRECTION('',(6.86772387994133E-15,0.,1.));
#2604=DIRECTION('',(0.866276711066132,0.,0.49956447017822));
#2605=DIRECTION('',(0.866276711066122,0.,-0.499564470178237));
#2606=DIRECTION('center_axis',(0.,0.,-1.));
#2607=DIRECTION('ref_axis',(-1.,0.,0.));
#2608=DIRECTION('',(0.,0.,-1.));
#2609=DIRECTION('center_axis',(0.,0.,-1.));
#2610=DIRECTION('ref_axis',(-1.,0.,0.));
#2611=DIRECTION('center_axis',(0.865020028467745,-0.0417175065139061,0.499999999999923));
#2612=DIRECTION('ref_axis',(0.499419546292411,-0.0240856135692154,-0.866025403784483));
#2613=DIRECTION('center_axis',(0.865020028467746,-0.0417175065110633,-0.500000000000159));
#2614=DIRECTION('ref_axis',(0.499419546291824,-0.0240856135862954,0.866025403784347));
#2615=DIRECTION('center_axis',(0.49941954629037,-0.0240856136237033,0.866025403784145));
#2616=DIRECTION('ref_axis',(0.0518017825339955,-0.996994826172894,-0.0576011450474944));
#2617=DIRECTION('',(0.,0.,-1.));
#2618=DIRECTION('center_axis',(0.499419546289695,-0.0240856138606916,-0.866025403777943));
#2619=DIRECTION('ref_axis',(-0.0120593929038586,-0.99970989903502,0.0208491921709541));
#2620=DIRECTION('center_axis',(-1.,0.,0.));
#2621=DIRECTION('ref_axis',(0.,0.,1.));
#2622=DIRECTION('',(0.,0.,-1.));
#2623=DIRECTION('',(0.,-1.,0.));
#2624=DIRECTION('center_axis',(-0.0481712272308653,-0.998839092580518,0.));
#2625=DIRECTION('ref_axis',(0.998839092580518,-0.0481712272308653,0.));
#2626=DIRECTION('',(3.40889437471876E-15,-1.84576345162437E-16,1.));
#2627=DIRECTION('center_axis',(-0.0481712265322501,-0.99883909261421,2.64891851901689E-9));
#2628=DIRECTION('ref_axis',(1.27611698985676E-10,2.6458426560794E-9,1.));
#2629=DIRECTION('',(-0.998839092580518,0.0481712272308653,0.));
#2630=DIRECTION('center_axis',(-0.0481712257328054,-0.998839092652765,-5.16690278907532E-10));
#2631=DIRECTION('ref_axis',(-0.998839092652765,0.0481712257328052,-5.68434188608136E-14));
#2632=DIRECTION('',(-3.50695055808631E-15,1.9611236673509E-16,-1.));
#2633=DIRECTION('center_axis',(0.0481712272308653,0.998839092580518,0.));
#2634=DIRECTION('ref_axis',(0.998839092580518,-0.0481712272308653,-5.5511151231258E-14));
#2635=DIRECTION('',(0.998839092580518,-0.0481712272308653,-1.62778575695095E-15));
#2636=DIRECTION('center_axis',(0.0481712272308535,0.998839092580518,4.31124678415457E-15));
#2637=DIRECTION('ref_axis',(0.998306015395508,-0.0481455184030738,-0.0326666294992652));
#2638=DIRECTION('',(-0.998839092580518,0.0481712272308653,0.));
#2639=DIRECTION('center_axis',(0.0481712272308647,0.998839092580518,-5.03138762112933E-16));
#2640=DIRECTION('ref_axis',(0.998839092580518,-0.0481712272308647,-1.51427854822659E-10));
#2641=DIRECTION('center_axis',(0.0481712272308653,0.998839092580518,0.));
#2642=DIRECTION('ref_axis',(-0.998839092580518,0.0481712272308653,0.));
#2643=DIRECTION('center_axis',(0.0481712272308653,0.998839092580518,0.));
#2644=DIRECTION('ref_axis',(-0.998839092580518,0.0481712272308653,0.));
#2645=DIRECTION('center_axis',(0.0481712272308653,0.998839092580518,0.));
#2646=DIRECTION('ref_axis',(-0.998839092580518,0.0481712272308653,0.));
#2647=DIRECTION('center_axis',(0.0481712272308653,0.998839092580518,0.));
#2648=DIRECTION('ref_axis',(-0.998839092580518,0.0481712272308653,0.));
#2649=DIRECTION('center_axis',(0.0481712272308653,0.998839092580518,0.));
#2650=DIRECTION('ref_axis',(-0.998839092580518,0.0481712272308653,0.));
#2651=DIRECTION('center_axis',(0.0481712272308653,0.998839092580518,0.));
#2652=DIRECTION('ref_axis',(-0.998839092580518,0.0481712272308653,0.));
#2653=DIRECTION('center_axis',(-0.0481712272308653,-0.998839092580518,0.));
#2654=DIRECTION('ref_axis',(0.998839092580518,-0.0481712272308653,0.));
#2655=DIRECTION('',(0.998839092580518,-0.0481712272308653,-4.96607574951136E-15));
#2656=DIRECTION('center_axis',(0.0481712272308653,0.998839092580518,0.));
#2657=DIRECTION('ref_axis',(0.998839092580518,-0.0481712272308653,-3.33066907387548E-13));
#2658=DIRECTION('',(-3.50695055808631E-15,1.9611236673509E-16,-1.));
#2659=DIRECTION('center_axis',(0.0481712272308653,0.998839092580518,0.));
#2660=DIRECTION('ref_axis',(-0.998839092580518,0.0481712272308653,0.));
#2661=DIRECTION('center_axis',(0.0481712272308653,0.998839092580518,0.));
#2662=DIRECTION('ref_axis',(-0.998839092580518,0.0481712272308653,0.));
#2663=DIRECTION('center_axis',(0.,1.,0.));
#2664=DIRECTION('ref_axis',(1.,0.,0.));
#2665=DIRECTION('center_axis',(4.20110281518802E-13,-2.90334825044545E-12,
1.));
#2666=DIRECTION('ref_axis',(-7.04457153953857E-27,-1.,-2.90334825044545E-12));
#2667=DIRECTION('center_axis',(-0.193117278408657,0.950239050363306,-0.244441125722894));
#2668=DIRECTION('ref_axis',(-1.23512311489549E-15,-0.249130844233612,-0.968469835591924));
#2669=DIRECTION('center_axis',(0.0265502691368487,0.96745026998331,-0.251664575015994));
#2670=DIRECTION('ref_axis',(1.72604985859692E-16,0.251753323231176,0.967791436334327));
#2671=DIRECTION('center_axis',(3.96508223080412E-15,-1.65211759616838E-16,
1.));
#2672=DIRECTION('ref_axis',(1.,6.55078212376606E-31,-3.96508223080412E-15));
#2673=DIRECTION('center_axis',(-6.0653140641287E-14,-2.21010555377335E-12,
1.));
#2674=DIRECTION('ref_axis',(-6.27183526464968E-28,-1.,-2.21010555377335E-12));
#2675=DIRECTION('',(-3.50695055808631E-15,1.9611236673509E-16,-1.));
#2676=DIRECTION('',(3.96508223080412E-15,-1.65211759616838E-16,1.));
#2677=DIRECTION('center_axis',(0.,1.,0.));
#2678=DIRECTION('ref_axis',(1.,0.,0.));
#2679=DIRECTION('center_axis',(-0.0265502691460349,-0.9674502699794,-0.251664575030058));
#2680=DIRECTION('ref_axis',(1.52768422911898E-13,-0.25175332324531,0.96779143633065));
#2681=DIRECTION('center_axis',(0.193117278402458,-0.950239050360209,-0.244441125739833));
#2682=DIRECTION('ref_axis',(-4.37150315946155E-16,0.249130844250566,-0.968469835587563));
#2683=DIRECTION('center_axis',(9.78506655747844E-14,-4.81476977594686E-13,
-1.));
#2684=DIRECTION('ref_axis',(-1.77338513663423E-27,1.,-4.81476977594686E-13));
#2685=DIRECTION('center_axis',(3.96508223080412E-15,-1.65211759616838E-16,
1.));
#2686=DIRECTION('ref_axis',(1.,6.55078212376606E-31,-3.96508223080412E-15));
#2687=DIRECTION('',(-3.50695055808631E-15,1.9611236673509E-16,-1.));
#2688=DIRECTION('center_axis',(-4.40327995066319E-13,2.16664639916271E-12,
-1.));
#2689=DIRECTION('ref_axis',(7.53621867137352E-28,1.,2.16664639916271E-12));
#2690=DIRECTION('',(3.96508223080412E-15,-1.65211759616838E-16,1.));
#2691=DIRECTION('center_axis',(0.0481712272308653,0.998839092580518,0.));
#2692=DIRECTION('ref_axis',(-0.998839092580518,0.0481712272308653,0.));
#2693=DIRECTION('center_axis',(0.,1.,0.));
#2694=DIRECTION('ref_axis',(1.,0.,-3.20667414144981E-14));
#2695=DIRECTION('center_axis',(0.,1.,0.));
#2696=DIRECTION('ref_axis',(1.,0.,-3.20667414144981E-14));
#2697=DIRECTION('',(0.0481712272308653,0.998839092580518,0.));
#2698=DIRECTION('center_axis',(0.0481712272308653,0.998839092580518,0.));
#2699=DIRECTION('ref_axis',(-0.998839092580518,0.0481712272308653,0.));
#2700=DIRECTION('center_axis',(0.,1.,0.));
#2701=DIRECTION('ref_axis',(1.,0.,8.69008692272231E-12));
#2702=DIRECTION('center_axis',(0.,1.,0.));
#2703=DIRECTION('ref_axis',(1.,0.,8.69008692272231E-12));
#2704=DIRECTION('',(0.0481712272308653,0.998839092580518,0.));
#2705=DIRECTION('center_axis',(0.0481712272308653,0.998839092580518,0.));
#2706=DIRECTION('ref_axis',(-0.998839092580518,0.0481712272308653,0.));
#2707=DIRECTION('center_axis',(0.,1.,0.));
#2708=DIRECTION('ref_axis',(1.,0.,2.08433819178626E-13));
#2709=DIRECTION('center_axis',(0.,1.,0.));
#2710=DIRECTION('ref_axis',(1.,0.,2.08433819178626E-13));
#2711=DIRECTION('',(0.0481712272308653,0.998839092580518,0.));
#2712=DIRECTION('center_axis',(0.0481712272308653,0.998839092580518,0.));
#2713=DIRECTION('ref_axis',(-0.998839092580518,0.0481712272308653,0.));
#2714=DIRECTION('center_axis',(0.,1.,0.));
#2715=DIRECTION('ref_axis',(1.,0.,0.));
#2716=DIRECTION('center_axis',(0.,1.,0.));
#2717=DIRECTION('ref_axis',(1.,0.,0.));
#2718=DIRECTION('',(0.0481712272308653,0.998839092580518,0.));
#2719=DIRECTION('center_axis',(3.50695055808631E-15,-1.9611236673509E-16,
1.));
#2720=DIRECTION('ref_axis',(-0.723053640054616,-0.69079188877966,2.40024053428589E-15));
#2721=DIRECTION('',(-3.50695055808631E-15,1.9611236673509E-16,-1.));
#2722=DIRECTION('center_axis',(4.96031059532805E-15,-2.39221963375402E-16,
1.));
#2723=DIRECTION('ref_axis',(1.,1.18661523956618E-30,-4.96031059532805E-15));
#2724=DIRECTION('center_axis',(-0.820484872308492,0.00959849676949999,0.571587651347266));
#2725=DIRECTION('ref_axis',(0.571196117100884,0.0543921973266227,0.819009453351337));
#2726=DIRECTION('center_axis',(0.,0.,1.));
#2727=DIRECTION('ref_axis',(-1.,1.04083408558608E-15,0.));
#2728=DIRECTION('',(3.50887697874439E-15,-4.46198474332848E-17,1.));
#2729=DIRECTION('center_axis',(3.50695055808631E-15,-1.9611236673509E-16,
1.));
#2730=DIRECTION('ref_axis',(-0.723053640054617,-0.690791888779659,2.40024053428589E-15));
#2731=DIRECTION('center_axis',(-0.820484872308598,0.00959849676945531,-0.571587651347115));
#2732=DIRECTION('ref_axis',(0.57119611710121,0.0543921973060013,-0.819009453352479));
#2733=DIRECTION('center_axis',(-1.62589604838838E-15,7.84124375812504E-17,
-1.));
#2734=DIRECTION('ref_axis',(1.,1.27490472407856E-31,-1.62589604838838E-15));
#2735=DIRECTION('',(-3.50695055808631E-15,1.9611236673509E-16,-1.));
#2736=DIRECTION('center_axis',(0.,0.,1.));
#2737=DIRECTION('ref_axis',(-1.,1.31492039479042E-13,0.));
#2738=DIRECTION('',(3.50887697874439E-15,-4.46198474332848E-17,1.));
#2739=DIRECTION('center_axis',(0.,0.,-1.));
#2740=DIRECTION('ref_axis',(-1.,0.,0.));
#2741=DIRECTION('center_axis',(0.,0.,1.));
#2742=DIRECTION('ref_axis',(-0.999987714540231,0.00495689102209437,0.));
#2743=DIRECTION('',(-3.96508223080412E-15,1.65211759616838E-16,-1.));
#2744=DIRECTION('center_axis',(0.,0.,1.));
#2745=DIRECTION('ref_axis',(-0.999987714540231,0.00495689102218002,0.));
#2746=DIRECTION('center_axis',(0.,0.,-1.));
#2747=DIRECTION('ref_axis',(-0.998839105527649,0.0481709587690187,0.));
#2748=DIRECTION('center_axis',(2.41089014683985E-12,-5.17404122054919E-14,
1.));
#2749=DIRECTION('ref_axis',(-0.999458409828376,0.0329072487961927,2.41127596769213E-12));
#2750=DIRECTION('center_axis',(0.0127152477970776,0.999919157969013,0.));
#2751=DIRECTION('ref_axis',(-0.999919157969013,0.0127152477970776,0.));
#2752=DIRECTION('',(0.999919157969012,-0.0127152477970776,0.));
#2753=DIRECTION('',(0.,0.,1.));
#2754=DIRECTION('',(-0.999919157969012,0.0127152477970776,0.));
#2755=DIRECTION('',(0.999919157969012,-0.0127152477970776,0.));
#2756=DIRECTION('',(-3.41068997734333E-15,4.33712744428419E-17,-1.));
#2757=DIRECTION('center_axis',(-2.41015746838873E-12,7.01419571939801E-14,
1.));
#2758=DIRECTION('ref_axis',(-0.999458409828372,0.0329072487963071,-2.41113530289464E-12));
#2759=DIRECTION('center_axis',(0.,0.,1.));
#2760=DIRECTION('ref_axis',(1.,0.,0.));
#2761=DIRECTION('',(1.,0.,0.));
#2762=DIRECTION('',(0.,1.,0.));
#2763=DIRECTION('center_axis',(0.,0.,1.));
#2764=DIRECTION('ref_axis',(1.,0.,0.));
#2765=DIRECTION('center_axis',(0.,0.,1.));
#2766=DIRECTION('ref_axis',(1.,0.,0.));
#2767=DIRECTION('center_axis',(-1.,0.,0.));
#2768=DIRECTION('ref_axis',(0.,0.,1.));
#2769=DIRECTION('center_axis',(0.865020028467721,-0.0417175065127839,-0.50000000000006));
#2770=DIRECTION('ref_axis',(0.501737332027132,0.0719230488999117,0.862024781944949));
#2771=DIRECTION('',(-1.,0.,0.));
#2772=DIRECTION('center_axis',(-0.865020028467508,0.0417175065153619,-0.500000000000213));
#2773=DIRECTION('ref_axis',(0.501737332027498,0.0719230489112836,-0.862024781943787));
#2774=DIRECTION('center_axis',(0.865020028467724,-0.0417175065135752,-0.499999999999988));
#2775=DIRECTION('ref_axis',(0.501737332027126,0.07192304893506,0.86202478194202));
#2776=DIRECTION('',(-1.,0.,0.));
#2777=DIRECTION('center_axis',(-0.865020028467862,0.0417175065116887,-0.499999999999907));
#2778=DIRECTION('ref_axis',(0.501737332026888,0.0719230488986445,-0.862024781945197));
#2779=DIRECTION('center_axis',(-0.865014830960327,0.0418096319559933,-0.5000012968927));
#2780=DIRECTION('ref_axis',(-0.241068372197822,0.839335683206323,0.487238802665045));
#2781=DIRECTION('center_axis',(0.,-1.,0.));
#2782=DIRECTION('ref_axis',(0.,0.,-1.));
#2783=DIRECTION('center_axis',(-0.998839092580518,0.0481712272308653,1.37608555126157E-14));
#2784=DIRECTION('ref_axis',(-0.0481712272308653,-0.998839092580518,0.));
#2785=DIRECTION('',(-0.0481712272308653,-0.998839092580518,0.));
#2786=DIRECTION('',(-1.37768491590215E-14,0.,-1.));
#2787=DIRECTION('',(-0.0481712272308653,-0.998839092580518,0.));
#2788=DIRECTION('center_axis',(-0.499419546290265,0.0240856136154329,-0.866025403784435));
#2789=DIRECTION('ref_axis',(-0.866276711066122,0.,0.499564470178237));
#2790=DIRECTION('',(-0.0481712272308653,-0.998839092580518,0.));
#2791=DIRECTION('',(0.866276711066122,0.,-0.499564470178237));
#2792=DIRECTION('center_axis',(-0.499419546290248,0.0240856136154321,0.866025403784445));
#2793=DIRECTION('ref_axis',(0.866276711066132,0.,0.49956447017822));
#2794=DIRECTION('',(-0.866276711066132,0.,-0.49956447017822));
#2795=DIRECTION('',(-0.0481712272308653,-0.998839092580518,0.));
#2796=DIRECTION('center_axis',(0.,-1.,0.));
#2797=DIRECTION('ref_axis',(0.,0.,-1.));
#2798=DIRECTION('',(0.866276711066132,0.,0.49956447017822));
#2799=DIRECTION('',(6.86772387994133E-15,0.,1.));
#2800=DIRECTION('',(-0.86627671106612,0.,0.49956447017824));
#2801=DIRECTION('center_axis',(0.499419546290268,-0.0240856136154331,0.866025403784434));
#2802=DIRECTION('ref_axis',(0.86627671106612,-1.73472347597681E-18,-0.49956447017824));
#2803=DIRECTION('',(-0.0481712272308653,-0.998839092580518,0.));
#2804=DIRECTION('center_axis',(0.998839092580518,-0.0481712272308653,-6.85975108833415E-15));
#2805=DIRECTION('ref_axis',(0.0481712272308653,0.998839092580518,4.93038065763132E-32));
#2806=DIRECTION('',(-0.0481712272308653,-0.998839092580518,0.));
#2807=DIRECTION('center_axis',(0.499419546290248,-0.0240856136154321,-0.866025403784445));
#2808=DIRECTION('ref_axis',(-0.866276711066132,1.73472347597681E-18,-0.49956447017822));
#2809=DIRECTION('center_axis',(-0.865020028467733,0.0417175065134024,-0.499999999999987));
#2810=DIRECTION('ref_axis',(-0.500435656315919,0.,0.865773731345353));
#2811=DIRECTION('',(-0.0481712272308653,-0.998839092580518,0.));
#2812=DIRECTION('',(0.50043565631592,0.,-0.865773731345353));
#2813=DIRECTION('',(-0.0481712272308653,-0.998839092580518,0.));
#2814=DIRECTION('center_axis',(-0.86502002846772,0.0417175065134018,0.500000000000009));
#2815=DIRECTION('ref_axis',(0.500435656315942,0.,0.86577373134534));
#2816=DIRECTION('',(-0.500435656315942,0.,-0.86577373134534));
#2817=DIRECTION('',(-0.0481712272308653,-0.998839092580518,0.));
#2818=DIRECTION('center_axis',(0.,-1.,0.));
#2819=DIRECTION('ref_axis',(0.,0.,-1.));
#2820=DIRECTION('',(-0.500435656315926,0.,0.865773731345349));
#2821=DIRECTION('',(-1.,0.,1.37195021766684E-14));
#2822=DIRECTION('',(1.,0.,0.));
#2823=DIRECTION('',(0.500435656315942,0.,0.86577373134534));
#2824=DIRECTION('center_axis',(0.865020028467729,-0.0417175065134022,0.499999999999993));
#2825=DIRECTION('ref_axis',(0.500435656315926,0.,-0.865773731345349));
#2826=DIRECTION('',(-0.0481712272308653,-0.998839092580518,0.));
#2827=DIRECTION('',(-0.0481712272308653,-0.998839092580518,0.));
#2828=DIRECTION('center_axis',(0.86502002846772,-0.0417175065134018,-0.500000000000009));
#2829=DIRECTION('ref_axis',(-0.500435656315942,0.,-0.86577373134534));
#2830=DIRECTION('',(-0.0481712272308653,-0.998839092580518,0.));
#2831=DIRECTION('center_axis',(0.,0.,-1.));
#2832=DIRECTION('ref_axis',(-1.,0.,0.));
#2833=DIRECTION('center_axis',(1.37195021766684E-14,-6.61653375158991E-16,
1.));
#2834=DIRECTION('ref_axis',(1.,0.,-1.37195021766684E-14));
#2835=DIRECTION('center_axis',(0.499419546290273,-0.0240856136154333,0.86602540378443));
#2836=DIRECTION('ref_axis',(0.866276711066117,-1.73472347597681E-18,-0.499564470178246));
#2837=DIRECTION('',(-0.0481712272308653,-0.998839092580518,0.));
#2838=DIRECTION('',(-0.866276711066117,0.,0.499564470178246));
#2839=DIRECTION('',(-0.0481712272308653,-0.998839092580518,0.));
#2840=DIRECTION('center_axis',(0.998839092580518,-0.0481712272308653,-1.02896266325012E-14));
#2841=DIRECTION('ref_axis',(0.0481712272308653,0.998839092580518,0.));
#2842=DIRECTION('',(1.03015858199119E-14,0.,1.));
#2843=DIRECTION('',(-0.0481712272308653,-0.998839092580518,0.));
#2844=DIRECTION('center_axis',(0.499419546290242,-0.0240856136154318,-0.866025403784449));
#2845=DIRECTION('ref_axis',(-0.866276711066135,1.73472347597681E-18,-0.499564470178214));
#2846=DIRECTION('',(0.866276711066135,0.,0.499564470178214));
#2847=DIRECTION('',(-0.0481712272308653,-0.998839092580518,0.));
#2848=DIRECTION('center_axis',(0.,-1.,0.));
#2849=DIRECTION('ref_axis',(0.,0.,-1.));
#2850=DIRECTION('',(0.866276711066124,0.,-0.499564470178234));
#2851=DIRECTION('',(-0.866276711066126,0.,-0.49956447017823));
#2852=DIRECTION('',(-1.37768491590215E-14,0.,-1.));
#2853=DIRECTION('center_axis',(-0.499419546290261,0.0240856136154328,-0.866025403784437));
#2854=DIRECTION('ref_axis',(-0.866276711066124,0.,0.499564470178234));
#2855=DIRECTION('',(-0.0481712272308653,-0.998839092580518,0.));
#2856=DIRECTION('center_axis',(-0.998839092580518,0.0481712272308653,1.37608555126157E-14));
#2857=DIRECTION('ref_axis',(-0.0481712272308653,-0.998839092580518,9.86076131526265E-32));
#2858=DIRECTION('',(-0.0481712272308653,-0.998839092580518,0.));
#2859=DIRECTION('center_axis',(-0.499419546290257,0.0240856136154326,0.86602540378444));
#2860=DIRECTION('ref_axis',(0.866276711066126,0.,0.49956447017823));
#2861=DIRECTION('center_axis',(0.86502002846772,-0.0417175065134018,-0.500000000000009));
#2862=DIRECTION('ref_axis',(-0.500435656315942,3.46944695195361E-18,-0.86577373134534));
#2863=DIRECTION('',(-0.0481712272308653,-0.998839092580518,0.));
#2864=DIRECTION('',(0.500435656315942,0.,0.86577373134534));
#2865=DIRECTION('',(-0.0481712272308653,-0.998839092580518,0.));
#2866=DIRECTION('center_axis',(0.865020028467729,-0.0417175065134023,0.499999999999993));
#2867=DIRECTION('ref_axis',(0.500435656315925,3.46944695195362E-18,-0.86577373134535));
#2868=DIRECTION('',(-0.0481712272308653,-0.998839092580518,0.));
#2869=DIRECTION('',(-0.500435656315925,0.,0.865773731345349));
#2870=DIRECTION('center_axis',(0.,-1.,0.));
#2871=DIRECTION('ref_axis',(0.,0.,-1.));
#2872=DIRECTION('',(0.500435656315919,0.,-0.865773731345353));
#2873=DIRECTION('',(1.,0.,0.));
#2874=DIRECTION('',(-1.,0.,1.37195021766684E-14));
#2875=DIRECTION('',(-0.500435656315942,0.,-0.86577373134534));
#2876=DIRECTION('center_axis',(-0.865020028467733,0.0417175065134024,-0.499999999999987));
#2877=DIRECTION('ref_axis',(-0.500435656315919,0.,0.865773731345353));
#2878=DIRECTION('',(-0.0481712272308653,-0.998839092580518,0.));
#2879=DIRECTION('',(-0.0481712272308653,-0.998839092580518,0.));
#2880=DIRECTION('center_axis',(-0.86502002846772,0.0417175065134018,0.500000000000009));
#2881=DIRECTION('ref_axis',(0.500435656315942,0.,0.86577373134534));
#2882=DIRECTION('',(-0.0481712272308653,-0.998839092580518,0.));
#2883=DIRECTION('center_axis',(1.37195021766684E-14,-6.6165337515899E-16,
1.));
#2884=DIRECTION('ref_axis',(1.,0.,-1.37195021766684E-14));
#2885=DIRECTION('center_axis',(0.,0.,-1.));
#2886=DIRECTION('ref_axis',(-1.,0.,0.));
#2887=DIRECTION('',(3.40889437471876E-15,-1.84576345162437E-16,1.));
#2888=DIRECTION('center_axis',(2.84176223543968E-10,-1.29650269737973E-11,
1.));
#2889=DIRECTION('ref_axis',(-0.999023668873608,0.0441781510513379,2.84471625475956E-10));
#2890=DIRECTION('center_axis',(-0.0441785405573394,-0.999023651649011,-3.14144263739076E-7));
#2891=DIRECTION('ref_axis',(-1.48836676167102E-8,-3.13793096524099E-7,0.999999999999951));
#2892=DIRECTION('center_axis',(0.,0.,1.));
#2893=DIRECTION('ref_axis',(-0.999023668166059,0.0441781670515234,0.));
#2894=DIRECTION('center_axis',(0.,0.,-1.));
#2895=DIRECTION('ref_axis',(-1.,0.,0.));
#2896=DIRECTION('',(-0.999919157969012,0.0127152477970776,0.));
#2897=DIRECTION('center_axis',(0.,0.,-1.));
#2898=DIRECTION('ref_axis',(-1.,0.,0.));
#2899=DIRECTION('center_axis',(4.86925288099105E-12,-1.23101122307719E-13,
1.));
#2900=DIRECTION('ref_axis',(-0.99945841017582,0.0329072382436057,4.87062317813903E-12));
#2901=DIRECTION('center_axis',(-0.0329075692892254,-0.999458399276056,1.37534849326765E-7));
#2902=DIRECTION('ref_axis',(-0.999458399276065,0.0329075692892267,6.06172530715315E-9));
#2903=DIRECTION('center_axis',(4.96031059532805E-15,-2.39221963375402E-16,
1.));
#2904=DIRECTION('ref_axis',(1.,0.,-4.96031059532805E-15));
#2905=DIRECTION('center_axis',(4.96031059532805E-15,-2.39221963375402E-16,
1.));
#2906=DIRECTION('ref_axis',(1.,1.95166540530565E-32,-4.96031059532804E-15));
#2907=DIRECTION('',(0.998839092580518,-0.0481712272308653,-4.96607574951136E-15));
#2908=DIRECTION('center_axis',(-4.96031059532805E-15,2.39221963375402E-16,
-1.));
#2909=DIRECTION('ref_axis',(1.,-1.02663252489554E-30,-4.96031059532804E-15));
#2910=DIRECTION('center_axis',(0.,0.,-1.));
#2911=DIRECTION('ref_axis',(-0.998839104900027,0.0481709717829387,0.));
#2912=DIRECTION('center_axis',(1.62589604838838E-15,-7.84124375812504E-17,
1.));
#2913=DIRECTION('ref_axis',(1.,0.,-1.62589604838838E-15));
#2914=DIRECTION('',(-0.998839092580518,0.0481712272308653,1.62778575695095E-15));
#2915=DIRECTION('center_axis',(-1.62589604838838E-15,7.84124375812504E-17,
-1.));
#2916=DIRECTION('ref_axis',(1.,1.27246160084965E-32,-1.62589604838838E-15));
#2917=DIRECTION('center_axis',(0.,0.,1.));
#2918=DIRECTION('ref_axis',(-0.999458410198843,0.0329072375443649,0.));
#2919=DIRECTION('center_axis',(1.62589604838838E-15,-7.84124375812504E-17,
1.));
#2920=DIRECTION('ref_axis',(1.,1.27490472407856E-31,-1.62589604838838E-15));
#2921=DIRECTION('center_axis',(-0.000978095984486483,-0.999999521664008,
0.));
#2922=DIRECTION('ref_axis',(0.999999521664008,-0.000978095984486483,0.));
#2923=DIRECTION('',(-0.999999521664008,0.000978095984486483,0.));
#2924=DIRECTION('',(3.96524003040332E-15,-3.87838720643474E-18,1.));
#2925=DIRECTION('',(0.999999521664008,-0.000978095984486483,0.));
#2926=DIRECTION('',(0.,0.,-1.));
#2927=DIRECTION('center_axis',(0.,0.,1.));
#2928=DIRECTION('ref_axis',(-0.0246964550356241,-0.999694996040629,0.));
#2929=DIRECTION('center_axis',(0.0153865987553564,0.999881619047437,2.16752908990566E-5));
#2930=DIRECTION('ref_axis',(-1.55648037628933E-5,2.19173748811815E-5,-0.999999999638683));
#2931=DIRECTION('center_axis',(0.,0.,1.));
#2932=DIRECTION('ref_axis',(-0.0244508353962858,-0.999701033633768,0.));
#2933=DIRECTION('center_axis',(0.,0.,1.));
#2934=DIRECTION('ref_axis',(-0.0244850483233323,-0.999700196263162,0.));
#2935=DIRECTION('',(0.,0.,-1.));
#2936=DIRECTION('',(0.,0.,1.));
#2937=DIRECTION('center_axis',(0.,0.,1.));
#2938=DIRECTION('ref_axis',(-0.0244508651990135,-0.999701032904848,0.));
#2939=DIRECTION('center_axis',(0.0153866204770753,0.999881618713644,-2.16535659132897E-5));
#2940=DIRECTION('ref_axis',(0.999881618819197,-0.0153866201237312,1.63911290175023E-5));
#2941=DIRECTION('center_axis',(0.,0.,-1.));
#2942=DIRECTION('ref_axis',(-1.,0.,0.));
#2943=DIRECTION('',(-0.999999521664008,0.000978095984486483,0.));
#2944=DIRECTION('center_axis',(0.,0.,1.));
#2945=DIRECTION('ref_axis',(-0.999987637918983,0.00497232432697722,0.));
#2946=DIRECTION('center_axis',(0.,0.,1.));
#2947=DIRECTION('ref_axis',(-1.,-2.60208521396521E-15,0.));
#2948=DIRECTION('',(0.999919157969012,-0.0127152477970776,0.));
#2949=DIRECTION('center_axis',(0.,0.,1.));
#2950=DIRECTION('ref_axis',(-0.999987637918983,0.00497232432696099,0.));
#2951=DIRECTION('center_axis',(0.,0.,-1.));
#2952=DIRECTION('ref_axis',(-1.,0.,0.));
#2953=DIRECTION('',(-0.999919157969012,0.0127152477970776,0.));
#2954=DIRECTION('center_axis',(0.,0.,-1.));
#2955=DIRECTION('ref_axis',(-1.,0.,0.));
#2956=DIRECTION('',(0.999999521664008,-0.000978095984486483,0.));
#2957=DIRECTION('center_axis',(-3.40889437471876E-15,1.84576345162437E-16,
-1.));
#2958=DIRECTION('ref_axis',(-1.,3.95403276272109E-31,3.40889437471876E-15));
#2959=DIRECTION('center_axis',(-0.0436698530924199,-0.998565894557097,-0.0309693099418108));
#2960=DIRECTION('ref_axis',(-0.999045100644108,0.0436908100062648,-1.30104260698261E-18));
#2961=DIRECTION('center_axis',(-0.999919157969013,0.0127152477970776,0.));
#2962=DIRECTION('ref_axis',(-0.0127152477970776,-0.999919157969013,0.));
#2963=DIRECTION('center_axis',(-0.0127152477970835,-0.999919157969013,0.));
#2964=DIRECTION('ref_axis',(-0.999919157969012,0.0127152477970835,0.));
#2965=DIRECTION('center_axis',(0.998839092580518,-0.0481712272308653,-4.96607574951136E-15));
#2966=DIRECTION('ref_axis',(-0.0481712272308653,-0.998839092580518,-1.22464679914737E-16));
#2967=DIRECTION('center_axis',(0.691547910726504,-0.00178859085382346,0.722328379694834));
#2968=DIRECTION('ref_axis',(0.721570987454541,0.0475591418699649,-0.690705029725766));
#2969=DIRECTION('center_axis',(0.691547910690442,-0.00178859086285368,-0.722328379729338));
#2970=DIRECTION('ref_axis',(0.721570987498016,0.0475591416074228,0.690705029698425));
#2971=DIRECTION('center_axis',(0.,0.,-1.));
#2972=DIRECTION('ref_axis',(-1.,0.,0.));
#2973=DIRECTION('center_axis',(-0.999919157969013,0.0127152477970779,6.93833294963122E-15));
#2974=DIRECTION('ref_axis',(-0.0127152477970779,-0.999919157969013,1.23259516440783E-32));
#2975=DIRECTION('center_axis',(-0.999919157969013,0.0127152477970776,0.));
#2976=DIRECTION('ref_axis',(-0.0127152477970776,-0.999919157969013,0.));
#2977=DIRECTION('center_axis',(-0.999919157969013,0.012715247797071,0.));
#2978=DIRECTION('ref_axis',(-0.012715247797071,-0.999919157969013,0.));
#2979=DIRECTION('center_axis',(0.,0.,-1.));
#2980=DIRECTION('ref_axis',(-1.,0.,0.));
#2981=DIRECTION('center_axis',(0.,0.,-1.));
#2982=DIRECTION('ref_axis',(-1.,0.,0.));
#2983=DIRECTION('center_axis',(0.,0.,-1.));
#2984=DIRECTION('ref_axis',(-1.,0.,0.));
#2985=DIRECTION('center_axis',(-0.870022096257286,0.493012730083188,1.0690509460384E-15));
#2986=DIRECTION('ref_axis',(-0.493012730083188,-0.870022096257286,-1.18329135783152E-30));
#2987=DIRECTION('center_axis',(-0.0329074318288697,-0.999458403801993,0.));
#2988=DIRECTION('ref_axis',(0.999458403801993,-0.0329074318288697,0.));
#2989=DIRECTION('center_axis',(-0.999919157969013,0.012715247797071,-6.93833294963122E-15));
#2990=DIRECTION('ref_axis',(-0.012715247797071,-0.999919157969013,0.));
#2991=DIRECTION('center_axis',(1.62589604838838E-15,-7.84124375812504E-17,
1.));
#2992=DIRECTION('ref_axis',(1.,0.,0.));
#2993=DIRECTION('center_axis',(-0.0118104120996939,-0.999930254650811,0.));
#2994=DIRECTION('ref_axis',(0.999930254650811,-0.0118104120996939,0.));
#2995=DIRECTION('center_axis',(-0.999919157969013,0.0127152477970776,0.));
#2996=DIRECTION('ref_axis',(-0.0127152477970776,-0.999919157969013,0.));
#2997=DIRECTION('center_axis',(-0.999919157969013,0.012715247797071,0.));
#2998=DIRECTION('ref_axis',(-0.012715247797071,-0.999919157969013,0.));
#2999=DIRECTION('center_axis',(0.,0.,-1.));
#3000=DIRECTION('ref_axis',(-1.,0.,0.));
#3001=DIRECTION('center_axis',(-0.870022096257293,0.493012730083175,0.));
#3002=DIRECTION('ref_axis',(-0.493012730083174,-0.870022096257293,0.));
#3003=DIRECTION('center_axis',(-1.49800613505885E-12,7.22446632907727E-14,
-1.));
#3004=DIRECTION('ref_axis',(-1.,5.74307639666242E-29,1.49800613505885E-12));
#3005=DIRECTION('center_axis',(-0.0329074318288455,-0.999458403801994,2.34525561448308E-14));
#3006=DIRECTION('ref_axis',(0.999458403801994,-0.0329074318288455,-1.97215226305253E-31));
#3007=DIRECTION('center_axis',(4.96031059532805E-15,-2.39221963375402E-16,
1.));
#3008=DIRECTION('ref_axis',(1.,0.,-8.12048840868686E-15));
#3009=DIRECTION('center_axis',(-0.0118104120996939,-0.999930254650811,-1.73460248708223E-15));
#3010=DIRECTION('ref_axis',(0.999930254650811,-0.0118104120996939,3.08148791101958E-33));
#3011=DIRECTION('center_axis',(4.96031059532805E-15,-2.39221963375402E-16,
1.));
#3012=DIRECTION('ref_axis',(1.,2.96846081724694E-32,-4.9522917955826E-15));
#3013=DIRECTION('center_axis',(-0.0787969665063703,-0.996890685115171,0.));
#3014=DIRECTION('ref_axis',(0.99689068511517,-0.0787969665063703,0.));
#3015=DIRECTION('center_axis',(0.,0.,1.));
#3016=DIRECTION('ref_axis',(1.,0.,0.));
#3017=DIRECTION('center_axis',(0.0787969665063703,0.996890685115171,0.));
#3018=DIRECTION('ref_axis',(-0.99689068511517,0.0787969665063703,0.));
#3019=DIRECTION('center_axis',(1.62589604838838E-15,-7.84124375812504E-17,
1.));
#3020=DIRECTION('ref_axis',(1.,1.3724474955143E-32,-1.48568753867478E-15));
#3021=DIRECTION('center_axis',(0.999999521664008,-0.000978095984489891,
0.));
#3022=DIRECTION('ref_axis',(0.000978095984489891,0.999999521664008,0.));
#3023=DIRECTION('center_axis',(5.55119141954978E-14,-5.42960063376978E-17,
1.));
#3024=DIRECTION('ref_axis',(1.,4.14259112116014E-35,-5.55119141954978E-14));
#3025=DIRECTION('center_axis',(0.,0.,-1.));
#3026=DIRECTION('ref_axis',(-1.,0.,0.));
#3027=DIRECTION('center_axis',(0.,0.,1.));
#3028=DIRECTION('ref_axis',(1.,0.,0.));
#3029=DIRECTION('center_axis',(0.999999521664008,-0.000978095984486483,
0.));
#3030=DIRECTION('ref_axis',(0.000978095984486483,0.999999521664008,0.));
#3031=DIRECTION('center_axis',(0.999999521664008,-0.000978095984482952,
0.));
#3032=DIRECTION('ref_axis',(0.000978095984482952,0.999999521664008,0.));
#3033=DIRECTION('center_axis',(0.999999521664008,-0.000978095984489891,
6.93889058478452E-15));
#3034=DIRECTION('ref_axis',(0.000978095984489891,0.999999521664008,-1.54074395550979E-33));
#3035=DIRECTION('center_axis',(0.,0.,1.));
#3036=DIRECTION('ref_axis',(1.,0.,0.));
#3037=DIRECTION('center_axis',(0.999999521664008,-0.000978095984486483,
0.));
#3038=DIRECTION('ref_axis',(0.000978095984486483,0.999999521664008,0.));
#3039=DIRECTION('center_axis',(0.999999521664008,-0.000978095984482952,
-6.93893300293618E-14));
#3040=DIRECTION('ref_axis',(0.000978095984482952,0.999999521664008,0.));
#3041=DIRECTION('center_axis',(3.96508223080412E-15,-1.65211759616838E-16,
1.));
#3042=DIRECTION('ref_axis',(-0.709201813089251,-0.705005523603127,2.69556830404019E-15));
#3043=DIRECTION('center_axis',(8.92587173961125E-13,8.87305808199774E-13,
1.));
#3044=DIRECTION('ref_axis',(1.,-3.91191326271103E-27,-8.92587173961125E-13));
#3045=CARTESIAN_POINT('',(0.,0.,0.));
#3046=CARTESIAN_POINT('Origin',(-114.802098840197,-0.00100000129802602,
149.170592709036));
#3047=CARTESIAN_POINT('',(-98.1242561776001,3.51986245321166,149.170592709036));
#3048=CARTESIAN_POINT('',(-100.276640427924,3.54723276498064,149.170592709036));
#3049=CARTESIAN_POINT('',(-108.790784664095,3.65550097134531,149.170592709036));
#3050=CARTESIAN_POINT('',(-98.1242561776001,0.,149.170592709036));
#3051=CARTESIAN_POINT('',(-98.1242561776001,-0.00100000129802602,149.170592709036));
#3052=CARTESIAN_POINT('',(-112.764312078722,0.,149.170592709036));
#3053=CARTESIAN_POINT('',(-58.4010494200987,0.,149.170592709036));
#3054=CARTESIAN_POINT('',(-114.763997583397,2.0354666377653,149.170592709036));
#3055=CARTESIAN_POINT('Origin',(-112.764312078722,2.,149.170592709036));
#3056=CARTESIAN_POINT('',(-114.043492868972,13.,149.170592709036));
#3057=CARTESIAN_POINT('Origin',(0.,0.,149.170592709036));
#3058=CARTESIAN_POINT('',(-105.053941035747,12.5664589549222,149.170592709036));
#3059=CARTESIAN_POINT('',(-114.109142154967,13.0031660822015,149.170592709036));
#3060=CARTESIAN_POINT('',(-105.210356207948,8.71136571397007,149.170592709036));
#3061=CARTESIAN_POINT('Ctrl Pts',(-105.210356207948,8.71136571397006,149.170592709037));
#3062=CARTESIAN_POINT('Ctrl Pts',(-105.189195134538,9.35406590289572,149.170592709037));
#3063=CARTESIAN_POINT('Ctrl Pts',(-105.165579667165,9.99668563221173,149.170592709037));
#3064=CARTESIAN_POINT('Ctrl Pts',(-105.113440952361,11.2817289817578,149.170592709037));
#3065=CARTESIAN_POINT('Ctrl Pts',(-105.084917648171,11.9241533006522,149.170592709037));
#3066=CARTESIAN_POINT('Ctrl Pts',(-105.053941035747,12.5664589549222,149.170592709037));
#3067=CARTESIAN_POINT('Origin',(-100.213064188938,8.54682855482571,149.170592709036));
#3068=CARTESIAN_POINT('Ctrl Pts',(-22.7697194986754,-0.00100000129802602,
149.815998102716));
#3069=CARTESIAN_POINT('Ctrl Pts',(-22.7697194986754,13.003216444966,149.815998102716));
#3070=CARTESIAN_POINT('Ctrl Pts',(-20.8718424076902,-0.00100000129802602,
149.170592709036));
#3071=CARTESIAN_POINT('Ctrl Pts',(-20.8718424076902,13.003216444966,149.170592709036));
#3072=CARTESIAN_POINT('Ctrl Pts',(-17.2170240400634,-0.00100000129802602,
149.170592709036));
#3073=CARTESIAN_POINT('Ctrl Pts',(-17.2170240400634,13.003216444966,149.170592709036));
#3074=CARTESIAN_POINT('',(-17.2170240400634,2.49102377459886,149.170592709036));
#3075=CARTESIAN_POINT('',(-22.7697194986754,2.56163338152085,149.815998102716));
#3076=CARTESIAN_POINT('Ctrl Pts',(-17.2170240400634,2.49102377459886,149.170592709036));
#3077=CARTESIAN_POINT('Ctrl Pts',(-17.5433033325623,2.49517283207227,149.170592709036));
#3078=CARTESIAN_POINT('Ctrl Pts',(-17.876483139162,2.49940957500494,149.174448692045));
#3079=CARTESIAN_POINT('Ctrl Pts',(-18.2121212455931,2.50367749681455,149.183407143808));
#3080=CARTESIAN_POINT('Ctrl Pts',(-18.5842434051331,2.50840934415284,149.193339384373));
#3081=CARTESIAN_POINT('Ctrl Pts',(-18.9593812504422,2.51317951709519,149.209545906122));
#3082=CARTESIAN_POINT('Ctrl Pts',(-19.331457133705,2.5179110065764,149.233734149083));
#3083=CARTESIAN_POINT('Ctrl Pts',(-19.6212047514374,2.52159557165351,149.252570322268));
#3084=CARTESIAN_POINT('Ctrl Pts',(-19.9090939844045,2.52525667813386,149.276247370655));
#3085=CARTESIAN_POINT('Ctrl Pts',(-20.1922858653835,2.52885795906493,149.305560174828));
#3086=CARTESIAN_POINT('Ctrl Pts',(-20.2727513979588,2.52988121929073,149.313889052022));
#3087=CARTESIAN_POINT('Ctrl Pts',(-20.3528379803274,2.53089964954156,149.322672822579));
#3088=CARTESIAN_POINT('Ctrl Pts',(-20.4324812693835,2.53191241557135,149.33192943358));
#3089=CARTESIAN_POINT('Ctrl Pts',(-20.6285330482621,2.53440546406395,149.35471572323));
#3090=CARTESIAN_POINT('Ctrl Pts',(-20.8293830358327,2.53695946652981,149.381234675129));
#3091=CARTESIAN_POINT('Ctrl Pts',(-21.0320215938911,2.53953607240782,149.412256787029));
#3092=CARTESIAN_POINT('Ctrl Pts',(-21.3264973802617,2.54328041430091,149.457338339543));
#3093=CARTESIAN_POINT('Ctrl Pts',(-21.624741274836,2.54707249032403,149.511933025361));
#3094=CARTESIAN_POINT('Ctrl Pts',(-21.9174401711317,2.55079460650144,149.578433647954));
#3095=CARTESIAN_POINT('Ctrl Pts',(-22.0982689489815,2.55309412224235,149.619517596208));
#3096=CARTESIAN_POINT('Ctrl Pts',(-22.2769803726891,2.5553669361077,149.665146091228));
#3097=CARTESIAN_POINT('Ctrl Pts',(-22.4514082942036,2.55758529614007,149.715872381334));
#3098=CARTESIAN_POINT('Ctrl Pts',(-22.5593185088946,2.55895768942021,149.747254311521));
#3099=CARTESIAN_POINT('Ctrl Pts',(-22.6655899575471,2.56030924155624,149.780587080683));
#3100=CARTESIAN_POINT('Ctrl Pts',(-22.7697194986754,2.56163338152085,149.815998102716));
#3101=CARTESIAN_POINT('',(-17.2170240400634,0.,149.170592709036));
#3102=CARTESIAN_POINT('',(-17.2170240400634,-0.00100000129802602,149.170592709036));
#3103=CARTESIAN_POINT('',(-22.7697194986754,0.,149.815998102716));
#3104=CARTESIAN_POINT('Ctrl Pts',(-22.7697194986754,0.,149.815998102716));
#3105=CARTESIAN_POINT('Ctrl Pts',(-21.5044681046852,0.,149.385727840263));
#3106=CARTESIAN_POINT('Ctrl Pts',(-19.6535696184812,0.,149.170592709036));
#3107=CARTESIAN_POINT('Ctrl Pts',(-17.2170240400634,0.,149.170592709036));
#3108=CARTESIAN_POINT('',(-22.7697194986754,-0.00100000129802602,149.815998102716));
#3109=CARTESIAN_POINT('Ctrl Pts',(-26.4011148675777,-0.00100000129802602,
160.480214690209));
#3110=CARTESIAN_POINT('Ctrl Pts',(-26.4011148675777,13.003216444966,160.480214690209));
#3111=CARTESIAN_POINT('Ctrl Pts',(-20.0633026481221,-0.00100000129802602,
159.681531847625));
#3112=CARTESIAN_POINT('Ctrl Pts',(-20.0633026481221,13.003216444966,159.681531847625));
#3113=CARTESIAN_POINT('Ctrl Pts',(-24.6710278076755,-0.00100000129802602,
155.529960090256));
#3114=CARTESIAN_POINT('Ctrl Pts',(-24.6710278076755,13.003216444966,155.529960090256));
#3115=CARTESIAN_POINT('Ctrl Pts',(-26.1256761387127,-0.00100000129802602,
152.001476950913));
#3116=CARTESIAN_POINT('Ctrl Pts',(-26.1256761387127,13.003216444966,152.001476950913));
#3117=CARTESIAN_POINT('Ctrl Pts',(-22.7697194986754,-0.00100000129802602,
149.815998102716));
#3118=CARTESIAN_POINT('Ctrl Pts',(-22.7697194986754,13.003216444966,149.815998102716));
#3119=CARTESIAN_POINT('',(-26.4011148675777,2.60781120659477,160.48021469021));
#3120=CARTESIAN_POINT('Ctrl Pts',(-22.7697194986754,2.56163338152085,149.815998102716));
#3121=CARTESIAN_POINT('Ctrl Pts',(-22.8970975707008,2.56325315621644,149.898949735289));
#3122=CARTESIAN_POINT('Ctrl Pts',(-23.0213419257879,2.56483319445056,149.987111092758));
#3123=CARTESIAN_POINT('Ctrl Pts',(-23.1409561652345,2.56635421049211,150.080956216762));
#3124=CARTESIAN_POINT('Ctrl Pts',(-23.2893891404304,2.56824168590819,150.197411506934));
#3125=CARTESIAN_POINT('Ctrl Pts',(-23.430688036102,2.57003827252678,150.322621538061));
#3126=CARTESIAN_POINT('Ctrl Pts',(-23.5619286877794,2.57170711685675,150.45748476489));
#3127=CARTESIAN_POINT('Ctrl Pts',(-23.6576092305351,2.57292378203804,150.555806333518));
#3128=CARTESIAN_POINT('Ctrl Pts',(-23.7479409626766,2.57407255106181,150.659258881725));
#3129=CARTESIAN_POINT('Ctrl Pts',(-23.8318095477791,2.57513914339591,150.768174159733));
#3130=CARTESIAN_POINT('Ctrl Pts',(-23.8629796889119,2.57553554728832,150.80865301821));
#3131=CARTESIAN_POINT('Ctrl Pts',(-23.8932574785846,2.57592060035261,150.849886219249));
#3132=CARTESIAN_POINT('Ctrl Pts',(-23.9225875389453,2.57629356948958,150.891889910492));
#3133=CARTESIAN_POINT('Ctrl Pts',(-24.030411830581,2.57766469292068,151.046305489545));
#3134=CARTESIAN_POINT('Ctrl Pts',(-24.1226160678021,2.57883716770164,151.207095685278));
#3135=CARTESIAN_POINT('Ctrl Pts',(-24.1993500592583,2.57981289195544,151.374705285896));
#3136=CARTESIAN_POINT('Ctrl Pts',(-24.2637406055902,2.58063166101175,151.515353172829));
#3137=CARTESIAN_POINT('Ctrl Pts',(-24.3172327072968,2.58131188708139,151.660804243566));
#3138=CARTESIAN_POINT('Ctrl Pts',(-24.3599142363436,2.58185469173675,151.811310713933));
#3139=CARTESIAN_POINT('Ctrl Pts',(-24.3762576144094,2.58206253953172,151.868941829816));
#3140=CARTESIAN_POINT('Ctrl Pts',(-24.3910162450191,2.58225023811177,151.927313975144));
#3141=CARTESIAN_POINT('Ctrl Pts',(-24.4041971745265,2.58241785044677,151.986440253348));
#3142=CARTESIAN_POINT('Ctrl Pts',(-24.4429160932475,2.58291021089616,152.160123418771));
#3143=CARTESIAN_POINT('Ctrl Pts',(-24.4669570392413,2.5832158044294,152.335559798764));
#3144=CARTESIAN_POINT('Ctrl Pts',(-24.4787620153525,2.58336592637616,152.511847616876));
#3145=CARTESIAN_POINT('Ctrl Pts',(-24.4925728081861,2.5835415559655,152.718088994421));
#3146=CARTESIAN_POINT('Ctrl Pts',(-24.4896430141605,2.58350439221714,152.925493222787));
#3147=CARTESIAN_POINT('Ctrl Pts',(-24.4739265633493,2.58330454693369,153.132631096951));
#3148=CARTESIAN_POINT('Ctrl Pts',(-24.4705267767984,2.58326131635224,153.17743921344));
#3149=CARTESIAN_POINT('Ctrl Pts',(-24.4665285318438,2.58321047317782,153.222235004751));
#3150=CARTESIAN_POINT('Ctrl Pts',(-24.4619714974427,2.58315252467151,153.267004278872));
#3151=CARTESIAN_POINT('Ctrl Pts',(-24.4295527665246,2.58274027914786,153.585492778927));
#3152=CARTESIAN_POINT('Ctrl Pts',(-24.3684262902602,2.58196308447595,153.906808438715));
#3153=CARTESIAN_POINT('Ctrl Pts',(-24.2904298528502,2.58097130308155,154.227707192592));
#3154=CARTESIAN_POINT('Ctrl Pts',(-24.2209016998966,2.5800872020793,154.513765099634));
#3155=CARTESIAN_POINT('Ctrl Pts',(-24.1379709366378,2.57903258132247,154.799492085788));
#3156=CARTESIAN_POINT('Ctrl Pts',(-24.0500085944683,2.57791395245848,155.082627099664));
#3157=CARTESIAN_POINT('Ctrl Pts',(-24.013625238112,2.57745126045204,155.199738602754));
#3158=CARTESIAN_POINT('Ctrl Pts',(-23.9763806572281,2.57697761761817,155.316407094875));
#3159=CARTESIAN_POINT('Ctrl Pts',(-23.9388652413953,2.57650056124344,155.432474406158));
#3160=CARTESIAN_POINT('Ctrl Pts',(-23.838053630984,2.57521861300093,155.744371057355));
#3161=CARTESIAN_POINT('Ctrl Pts',(-23.7352654356088,2.5739116876007,156.051995989022));
#3162=CARTESIAN_POINT('Ctrl Pts',(-23.6419252760312,2.57272478245449,156.352293161195));
#3163=CARTESIAN_POINT('Ctrl Pts',(-23.5310539908085,2.57131495307781,156.70899207384));
#3164=CARTESIAN_POINT('Ctrl Pts',(-23.4335112512743,2.57007446216951,157.055352280141));
#3165=CARTESIAN_POINT('Ctrl Pts',(-23.3683916127549,2.56924631286585,157.386314377397));
#3166=CARTESIAN_POINT('Ctrl Pts',(-23.3238344968194,2.56867966438047,157.612770126738));
#3167=CARTESIAN_POINT('Ctrl Pts',(-23.2944551507769,2.56830606479855,157.832018449093));
#3168=CARTESIAN_POINT('Ctrl Pts',(-23.2863783899365,2.56820335848008,158.042446715596));
#3169=CARTESIAN_POINT('Ctrl Pts',(-23.2817572397835,2.56814459466019,158.162844067351));
#3170=CARTESIAN_POINT('Ctrl Pts',(-23.2839820928666,2.5681729709381,158.283531878754));
#3171=CARTESIAN_POINT('Ctrl Pts',(-23.2953762827945,2.56831793888247,158.40310328402));
#3172=CARTESIAN_POINT('Ctrl Pts',(-23.3044161952445,2.56843295342351,158.497968741063));
#3173=CARTESIAN_POINT('Ctrl Pts',(-23.3192323561095,2.56862135664008,158.592130485113));
#3174=CARTESIAN_POINT('Ctrl Pts',(-23.340983057769,2.56889785643464,158.68489588287));
#3175=CARTESIAN_POINT('Ctrl Pts',(-23.3538522318151,2.56906145225952,158.73978211449));
#3176=CARTESIAN_POINT('Ctrl Pts',(-23.369148658771,2.56925588804717,158.794179782574));
#3177=CARTESIAN_POINT('Ctrl Pts',(-23.3871037681115,2.56948421016968,158.847949338352));
#3178=CARTESIAN_POINT('Ctrl Pts',(-23.4253508503373,2.56997057061606,158.962486575754));
#3179=CARTESIAN_POINT('Ctrl Pts',(-23.4744014204047,2.57059438647443,159.070393719868));
#3180=CARTESIAN_POINT('Ctrl Pts',(-23.5343925686001,2.57135723193749,159.17203818402));
#3181=CARTESIAN_POINT('Ctrl Pts',(-23.5874075642641,2.5720313688749,159.261862782955));
#3182=CARTESIAN_POINT('Ctrl Pts',(-23.6489627301045,2.57281408095282,159.346797446929));
#3183=CARTESIAN_POINT('Ctrl Pts',(-23.7191384355572,2.57370645457829,159.427091681446));
#3184=CARTESIAN_POINT('Ctrl Pts',(-23.7810483125288,2.57449371764901,159.497928250148));
#3185=CARTESIAN_POINT('Ctrl Pts',(-23.8481953414165,2.57534777284682,159.563459700648));
#3186=CARTESIAN_POINT('Ctrl Pts',(-23.9194712169878,2.57625417419187,159.624179501593));
#3187=CARTESIAN_POINT('Ctrl Pts',(-24.0350840449923,2.57772439987438,159.722669879255));
#3188=CARTESIAN_POINT('Ctrl Pts',(-24.1615525153496,2.57933235019808,159.808505282414));
#3189=CARTESIAN_POINT('Ctrl Pts',(-24.2939856629973,2.58101637455049,159.883796202924));
#3190=CARTESIAN_POINT('Ctrl Pts',(-24.3052736771596,2.58115991331762,159.890213667072));
#3191=CARTESIAN_POINT('Ctrl Pts',(-24.3166050450839,2.58130400477029,159.896554489229));
#3192=CARTESIAN_POINT('Ctrl Pts',(-24.3279767677152,2.58144861073166,159.90281995149));
#3193=CARTESIAN_POINT('Ctrl Pts',(-24.6062684231067,2.58498744417631,160.056149919264));
#3194=CARTESIAN_POINT('Ctrl Pts',(-24.9499923919016,2.58935823042853,160.187082819914));
#3195=CARTESIAN_POINT('Ctrl Pts',(-25.3702990650372,2.59470298072235,160.292677372907));
#3196=CARTESIAN_POINT('Ctrl Pts',(-25.6728346446489,2.59855011718573,160.368684039789));
#3197=CARTESIAN_POINT('Ctrl Pts',(-26.0150478770617,2.60290187226353,160.431563030814));
#3198=CARTESIAN_POINT('Ctrl Pts',(-26.4011148675777,2.60781120659477,160.480214690209));
#3199=CARTESIAN_POINT('',(-26.4011148675777,0.,160.48021469021));
#3200=CARTESIAN_POINT('Ctrl Pts',(-26.4011148675777,0.,160.480214690209));
#3201=CARTESIAN_POINT('Ctrl Pts',(-26.1330002508968,0.,160.446427235363));
#3202=CARTESIAN_POINT('Ctrl Pts',(-25.8869184005673,-1.48028055650803E-21,
160.405890411589));
#3203=CARTESIAN_POINT('Ctrl Pts',(-25.6610933247217,0.,160.359105581497));
#3204=CARTESIAN_POINT('Ctrl Pts',(-25.4352682488761,1.48028055650717E-21,
160.312320751404));
#3205=CARTESIAN_POINT('Ctrl Pts',(-25.2296999475143,0.,160.259287914993));
#3206=CARTESIAN_POINT('Ctrl Pts',(-25.0426628586366,0.,160.200495236446));
#3207=CARTESIAN_POINT('Ctrl Pts',(-24.8556257697589,0.,160.141702557899));
#3208=CARTESIAN_POINT('Ctrl Pts',(-24.6871198933654,0.,160.077150037216));
#3209=CARTESIAN_POINT('Ctrl Pts',(-24.5354700973246,0.,160.007312640151));
#3210=CARTESIAN_POINT('Ctrl Pts',(-24.3838203012839,0.,159.937475243086));
#3211=CARTESIAN_POINT('Ctrl Pts',(-24.2490265855959,0.,159.862352969639));
#3212=CARTESIAN_POINT('Ctrl Pts',(-24.1294642479975,0.,159.782407587139));
#3213=CARTESIAN_POINT('Ctrl Pts',(-24.0099019103992,0.,159.702462204638));
#3214=CARTESIAN_POINT('Ctrl Pts',(-23.9055709508904,0.,159.617693713084));
#3215=CARTESIAN_POINT('Ctrl Pts',(-23.814897097076,0.,159.528550681375));
#3216=CARTESIAN_POINT('Ctrl Pts',(-23.7242232432616,0.,159.439407649667));
#3217=CARTESIAN_POINT('Ctrl Pts',(-23.6472064951417,0.,159.345890077804));
#3218=CARTESIAN_POINT('Ctrl Pts',(-23.5823230101894,0.,159.24843333626));
#3219=CARTESIAN_POINT('Ctrl Pts',(-23.5174395252371,0.,159.150976594717));
#3220=CARTESIAN_POINT('Ctrl Pts',(-23.4646893034523,0.,159.049580683492));
#3221=CARTESIAN_POINT('Ctrl Pts',(-23.4225989321764,0.,158.944667774631));
#3222=CARTESIAN_POINT('Ctrl Pts',(-23.3805085609004,0.,158.839754865771));
#3223=CARTESIAN_POINT('Ctrl Pts',(-23.3490780401333,0.,158.731324959274));
#3224=CARTESIAN_POINT('Ctrl Pts',(-23.3268843870843,0.,158.619787028761));
#3225=CARTESIAN_POINT('Ctrl Pts',(-23.3046907340354,0.,158.508249098247));
#3226=CARTESIAN_POINT('Ctrl Pts',(-23.2917339487047,0.,158.393603143715));
#3227=CARTESIAN_POINT('Ctrl Pts',(-23.2866414781697,0.,158.276244940357));
#3228=CARTESIAN_POINT('Ctrl Pts',(-23.2815490076348,0.,158.158886736999));
#3229=CARTESIAN_POINT('Ctrl Pts',(-23.2843208518956,0.,158.038816284814));
#3230=CARTESIAN_POINT('Ctrl Pts',(-23.2936348878979,0.,157.916416160566));
#3231=CARTESIAN_POINT('Ctrl Pts',(-23.3029489239002,0.,157.794016036317));
#3232=CARTESIAN_POINT('Ctrl Pts',(-23.318805151644,0.,157.669286240006));
#3233=CARTESIAN_POINT('Ctrl Pts',(-23.3399318779432,0.,157.542596149967));
#3234=CARTESIAN_POINT('Ctrl Pts',(-23.3610586042424,0.,157.415906059928));
#3235=CARTESIAN_POINT('Ctrl Pts',(-23.387455829097,0.,157.287255676163));
#3236=CARTESIAN_POINT('Ctrl Pts',(-23.417902289189,0.,157.157001178578));
#3237=CARTESIAN_POINT('Ctrl Pts',(-23.448348749281,0.,157.026746680994));
#3238=CARTESIAN_POINT('Ctrl Pts',(-23.4828444446105,0.,156.894888069592));
#3239=CARTESIAN_POINT('Ctrl Pts',(-23.5202185417276,0.,156.761768325852));
#3240=CARTESIAN_POINT('Ctrl Pts',(-23.5575926388446,0.,156.628648582113));
#3241=CARTESIAN_POINT('Ctrl Pts',(-23.5978451377492,0.,156.494267706037));
#3242=CARTESIAN_POINT('Ctrl Pts',(-23.6398556348598,0.,156.358955480678));
#3243=CARTESIAN_POINT('Ctrl Pts',(-23.6818661319706,0.,156.223643255319));
#3244=CARTESIAN_POINT('Ctrl Pts',(-23.7256346272873,0.,156.087399680678));
#3245=CARTESIAN_POINT('Ctrl Pts',(-23.7700911470965,0.,155.95054134138));
#3246=CARTESIAN_POINT('Ctrl Pts',(-23.8159867374394,0.,155.809252857658));
#3247=CARTESIAN_POINT('Ctrl Pts',(-23.8626153216552,0.,155.667309242004));
#3248=CARTESIAN_POINT('Ctrl Pts',(-23.9088560056484,0.,155.525044071662));
#3249=CARTESIAN_POINT('Ctrl Pts',(-23.953646798589,0.,155.387239670058));
#3250=CARTESIAN_POINT('Ctrl Pts',(-23.9980739118805,0.,155.249133490164));
#3251=CARTESIAN_POINT('Ctrl Pts',(-24.0411698639755,0.,155.111015292516));
#3252=CARTESIAN_POINT('Ctrl Pts',(-24.0842658160704,0.,154.972897094868));
#3253=CARTESIAN_POINT('Ctrl Pts',(-24.1260306069687,0.,154.834766879465));
#3254=CARTESIAN_POINT('Ctrl Pts',(-24.165547184991,0.,154.696901208416));
#3255=CARTESIAN_POINT('Ctrl Pts',(-24.2050637630132,0.,154.559035537366));
#3256=CARTESIAN_POINT('Ctrl Pts',(-24.2423321281594,0.,154.42143441067));
#3257=CARTESIAN_POINT('Ctrl Pts',(-24.2764856586183,0.,154.284361192008));
#3258=CARTESIAN_POINT('Ctrl Pts',(-24.3106391890772,0.,154.147287973346));
#3259=CARTESIAN_POINT('Ctrl Pts',(-24.3416778848488,0.,154.010742662718));
#3260=CARTESIAN_POINT('Ctrl Pts',(-24.3687855539899,0.,153.874975425377));
#3261=CARTESIAN_POINT('Ctrl Pts',(-24.395893223131,0.,153.739208188036));
#3262=CARTESIAN_POINT('Ctrl Pts',(-24.4190698656417,0.,153.604219023982));
#3263=CARTESIAN_POINT('Ctrl Pts',(-24.437549719447,0.,153.470244900042));
#3264=CARTESIAN_POINT('Ctrl Pts',(-24.4560295732523,0.,153.336270776101));
#3265=CARTESIAN_POINT('Ctrl Pts',(-24.4698126383522,0.,153.203311692274));
#3266=CARTESIAN_POINT('Ctrl Pts',(-24.4781835825399,0.,153.071591416958));
#3267=CARTESIAN_POINT('Ctrl Pts',(-24.4865545267276,0.,152.939871141642));
#3268=CARTESIAN_POINT('Ctrl Pts',(-24.4895133500032,0.,152.809389674838));
#3269=CARTESIAN_POINT('Ctrl Pts',(-24.4863951500279,0.,152.680357586517));
#3270=CARTESIAN_POINT('Ctrl Pts',(-24.4832769500526,0.,152.551325498196));
#3271=CARTESIAN_POINT('Ctrl Pts',(-24.4740817268265,0.,152.423742788357));
#3272=CARTESIAN_POINT('Ctrl Pts',(-24.458195007879,0.,152.297806828546));
#3273=CARTESIAN_POINT('Ctrl Pts',(-24.4423082889316,0.,152.171870868734));
#3274=CARTESIAN_POINT('Ctrl Pts',(-24.4197300742629,0.,152.04758165895));
#3275=CARTESIAN_POINT('Ctrl Pts',(-24.3898963212705,0.,151.92512337231));
#3276=CARTESIAN_POINT('Ctrl Pts',(-24.3600625682782,0.,151.802665085669));
#3277=CARTESIAN_POINT('Ctrl Pts',(-24.3229732769623,0.,151.682037722172));
#3278=CARTESIAN_POINT('Ctrl Pts',(-24.2781148345886,0.,151.563412256508));
#3279=CARTESIAN_POINT('Ctrl Pts',(-24.233256392215,0.,151.444786790844));
#3280=CARTESIAN_POINT('Ctrl Pts',(-24.1806287987836,0.,151.328163223013));
#3281=CARTESIAN_POINT('Ctrl Pts',(-24.1197688714285,0.,151.213699329276));
#3282=CARTESIAN_POINT('Ctrl Pts',(-24.0589089440736,0.,151.09923543554));
#3283=CARTESIAN_POINT('Ctrl Pts',(-23.9898166827949,0.,150.986931215899));
#3284=CARTESIAN_POINT('Ctrl Pts',(-23.9120793345948,0.,150.876931248187));
#3285=CARTESIAN_POINT('Ctrl Pts',(-23.8343419863944,0.,150.766931280474));
#3286=CARTESIAN_POINT('Ctrl Pts',(-23.7479595512724,0.,150.659235564692));
#3287=CARTESIAN_POINT('Ctrl Pts',(-23.6525697060992,0.,150.553975480246));
#3288=CARTESIAN_POINT('Ctrl Pts',(-23.5571798609258,0.,150.448715395799));
#3289=CARTESIAN_POINT('Ctrl Pts',(-23.4527826057012,0.,150.34589094269));
#3290=CARTESIAN_POINT('Ctrl Pts',(-23.3390660471637,0.,150.245620301897));
#3291=CARTESIAN_POINT('Ctrl Pts',(-23.2253494886264,0.,150.145349661104));
#3292=CARTESIAN_POINT('Ctrl Pts',(-23.1023136267763,0.,150.047632832628));
#3293=CARTESIAN_POINT('Ctrl Pts',(-22.9696969982202,0.,149.952574799022));
#3294=CARTESIAN_POINT('Ctrl Pts',(-22.9053044130871,0.,149.906418954251));
#3295=CARTESIAN_POINT('Ctrl Pts',(-22.8386537942974,0.,149.860889756917));
#3296=CARTESIAN_POINT('Ctrl Pts',(-22.7697194986754,0.,149.815998102716));
#3297=CARTESIAN_POINT('',(-26.4011148675777,-0.00100000129802602,160.48021469021));
#3298=CARTESIAN_POINT('Origin',(-27.3304280572555,-0.00100000129802602,
152.882459752179));
#3299=CARTESIAN_POINT('',(-28.2597412469332,2.63144601225615,160.48021469021));
#3300=CARTESIAN_POINT('Origin',(-27.3304280572555,2.61962860942546,152.882459752179));
#3301=CARTESIAN_POINT('',(-28.2597412469332,0.,160.48021469021));
#3302=CARTESIAN_POINT('Origin',(-27.3304280572555,0.,152.882459752179));
#3303=CARTESIAN_POINT('',(-28.2597412469332,-0.00100000129802602,160.48021469021));
#3304=CARTESIAN_POINT('Ctrl Pts',(-31.8911366158355,-0.00100000129802602,
149.815998102716));
#3305=CARTESIAN_POINT('Ctrl Pts',(-31.8911366158355,13.003216444966,149.815998102716));
#3306=CARTESIAN_POINT('Ctrl Pts',(-28.5344600320291,-0.00100000129802602,
152.003221044737));
#3307=CARTESIAN_POINT('Ctrl Pts',(-28.5344600320291,13.003216444966,152.003221044737));
#3308=CARTESIAN_POINT('Ctrl Pts',(-29.9918879846147,-0.00100000129802602,
155.530657707494));
#3309=CARTESIAN_POINT('Ctrl Pts',(-29.9918879846147,13.003216444966,155.530657707494));
#3310=CARTESIAN_POINT('Ctrl Pts',(-34.6017301246078,-0.00100000129802602,
159.678775480803));
#3311=CARTESIAN_POINT('Ctrl Pts',(-34.6017301246078,13.003216444966,159.678775480803));
#3312=CARTESIAN_POINT('Ctrl Pts',(-28.2597412469332,-0.00100000129802602,
160.48021469021));
#3313=CARTESIAN_POINT('Ctrl Pts',(-28.2597412469332,13.003216444966,160.48021469021));
#3314=CARTESIAN_POINT('',(-31.8911366158355,2.67762383733007,149.815998102716));
#3315=CARTESIAN_POINT('Ctrl Pts',(-28.2597412469332,2.63144601225615,160.48021469021));
#3316=CARTESIAN_POINT('Ctrl Pts',(-28.4557643388324,2.63393869595721,160.455443187953));
#3317=CARTESIAN_POINT('Ctrl Pts',(-28.6400107575043,2.63628232941085,160.427077398173));
#3318=CARTESIAN_POINT('Ctrl Pts',(-28.8132454398534,2.63848576238079,160.395297420714));
#3319=CARTESIAN_POINT('Ctrl Pts',(-28.9904061735751,2.64073913218161,160.362797207432));
#3320=CARTESIAN_POINT('Ctrl Pts',(-29.1560501720284,2.64284587470713,160.326726240556));
#3321=CARTESIAN_POINT('Ctrl Pts',(-29.3109416626239,2.64481545515211,160.287261220644));
#3322=CARTESIAN_POINT('Ctrl Pts',(-29.4721236217196,2.64686502439248,160.246193443449));
#3323=CARTESIAN_POINT('Ctrl Pts',(-29.6216618606882,2.64876606444514,160.201450309203));
#3324=CARTESIAN_POINT('Ctrl Pts',(-29.7603622123852,2.65052924117719,160.153214488241));
#3325=CARTESIAN_POINT('Ctrl Pts',(-29.8695463870316,2.65191720446559,160.115243508097));
#3326=CARTESIAN_POINT('Ctrl Pts',(-29.9720134025942,2.65321973724357,160.075107844248));
#3327=CARTESIAN_POINT('Ctrl Pts',(-30.0681347160386,2.65444204237622,160.032890132546));
#3328=CARTESIAN_POINT('Ctrl Pts',(-30.1752543260275,2.65580420488114,159.985841828168));
#3329=CARTESIAN_POINT('Ctrl Pts',(-30.2751021359032,2.6570742975409,159.93594232237));
#3330=CARTESIAN_POINT('Ctrl Pts',(-30.3679864191596,2.65825564199618,159.883160877765));
#3331=CARTESIAN_POINT('Ctrl Pts',(-30.4696068339274,2.65954809653553,159.825415131071));
#3332=CARTESIAN_POINT('Ctrl Pts',(-30.562892069894,2.66073432355713,159.764219847254));
#3333=CARTESIAN_POINT('Ctrl Pts',(-30.6481819578082,2.66181867285645,159.699513185177));
#3334=CARTESIAN_POINT('Ctrl Pts',(-30.7294377555022,2.66285173397835,159.637867056054));
#3335=CARTESIAN_POINT('Ctrl Pts',(-30.8034352529219,2.663792326804,159.573033441289));
#3336=CARTESIAN_POINT('Ctrl Pts',(-30.8704270242291,2.66464421264472,159.504944009221));
#3337=CARTESIAN_POINT('Ctrl Pts',(-30.9655701298833,2.66585407861732,159.408241982945));
#3338=CARTESIAN_POINT('Ctrl Pts',(-31.0479507566131,2.66690156124853,159.30358022999));
#3339=CARTESIAN_POINT('Ctrl Pts',(-31.1170232610083,2.66777991132921,159.190140605676));
#3340=CARTESIAN_POINT('Ctrl Pts',(-31.165587613909,2.66839747259562,159.110382067943));
#3341=CARTESIAN_POINT('Ctrl Pts',(-31.2075707351398,2.66893142505913,159.026283069579));
#3342=CARTESIAN_POINT('Ctrl Pts',(-31.2428010079182,2.66937942292453,158.93755671574));
#3343=CARTESIAN_POINT('Ctrl Pts',(-31.2846647363697,2.66991177364181,158.832124208674));
#3344=CARTESIAN_POINT('Ctrl Pts',(-31.3155321128204,2.6703042280576,158.723833682669));
#3345=CARTESIAN_POINT('Ctrl Pts',(-31.3371847673966,2.67057958604104,158.613585732285));
#3346=CARTESIAN_POINT('Ctrl Pts',(-31.358699758636,2.67085319335235,158.504038716777));
#3347=CARTESIAN_POINT('Ctrl Pts',(-31.3711220313626,2.67101118845044,158.392560645367));
#3348=CARTESIAN_POINT('Ctrl Pts',(-31.3762139814467,2.6710759390921,158.280050813338));
#3349=CARTESIAN_POINT('Ctrl Pts',(-31.3825947162121,2.67115707827522,158.139064475134));
#3350=CARTESIAN_POINT('Ctrl Pts',(-31.3775702719797,2.67109351598391,157.994125275567));
#3351=CARTESIAN_POINT('Ctrl Pts',(-31.3634452258491,2.670913987256,157.846007139763));
#3352=CARTESIAN_POINT('Ctrl Pts',(-31.3510720869292,2.67075672519328,157.71625986291));
#3353=CARTESIAN_POINT('Ctrl Pts',(-31.3317162519972,2.67051047904521,157.584073532416));
#3354=CARTESIAN_POINT('Ctrl Pts',(-31.3068865990104,2.67019456323824,157.449960969573));
#3355=CARTESIAN_POINT('Ctrl Pts',(-31.2927178383323,2.67001428945568,157.373431152267));
#3356=CARTESIAN_POINT('Ctrl Pts',(-31.2767658516785,2.66981132924551,157.296273941315));
#3357=CARTESIAN_POINT('Ctrl Pts',(-31.2593033723128,2.66958927154163,157.218582989193));
#3358=CARTESIAN_POINT('Ctrl Pts',(-31.1818142803187,2.66860389887583,156.873832326357));
#3359=CARTESIAN_POINT('Ctrl Pts',(-31.073512889978,2.66722660630065,156.513844839799));
#3360=CARTESIAN_POINT('Ctrl Pts',(-30.9550801056516,2.66572053369979,156.144095676449));
#3361=CARTESIAN_POINT('Ctrl Pts',(-30.8507733235704,2.66439409704233,155.81844813193));
#3362=CARTESIAN_POINT('Ctrl Pts',(-30.7386056218846,2.66296776861152,155.485228065745));
#3363=CARTESIAN_POINT('Ctrl Pts',(-30.6327161843004,2.66162131479933,155.148217562302));
#3364=CARTESIAN_POINT('Ctrl Pts',(-30.5577670889518,2.66066828777932,154.909679772959));
#3365=CARTESIAN_POINT('Ctrl Pts',(-30.4859641738316,2.65975527700166,154.66924397503));
#3366=CARTESIAN_POINT('Ctrl Pts',(-30.4223253369775,2.65894602800021,154.428266758351));
#3367=CARTESIAN_POINT('Ctrl Pts',(-30.3577064482482,2.65812431638881,154.183578440326));
#3368=CARTESIAN_POINT('Ctrl Pts',(-30.3014451003326,2.65740867111131,153.938119200175));
#3369=CARTESIAN_POINT('Ctrl Pts',(-30.2588567164033,2.65686704499003,153.693311005019));
#3370=CARTESIAN_POINT('Ctrl Pts',(-30.2115577642596,2.65626551129407,153.421425339522));
#3371=CARTESIAN_POINT('Ctrl Pts',(-30.1811250857974,2.65587862111547,153.150342260952));
#3372=CARTESIAN_POINT('Ctrl Pts',(-30.1748910895941,2.65579946135605,152.882051701279));
#3373=CARTESIAN_POINT('Ctrl Pts',(-30.1712784683855,2.65575358801631,152.726576443622));
#3374=CARTESIAN_POINT('Ctrl Pts',(-30.1757932471294,2.65581105795051,152.572039802937));
#3375=CARTESIAN_POINT('Ctrl Pts',(-30.1898641086217,2.65598998690608,152.418834908345));
#3376=CARTESIAN_POINT('Ctrl Pts',(-30.2092522612942,2.65623653200285,152.207734835466));
#3377=CARTESIAN_POINT('Ctrl Pts',(-30.2464780885385,2.65670982333451,152.002554293842));
#3378=CARTESIAN_POINT('Ctrl Pts',(-30.303551930079,2.6574355538621,151.803296947318));
#3379=CARTESIAN_POINT('Ctrl Pts',(-30.3496153549843,2.65802127987522,151.642479389385));
#3380=CARTESIAN_POINT('Ctrl Pts',(-30.4086023794516,2.65877144117844,151.485518193269));
#3381=CARTESIAN_POINT('Ctrl Pts',(-30.4815833446195,2.65969954516423,151.332412743518));
#3382=CARTESIAN_POINT('Ctrl Pts',(-30.4986911514846,2.65991710632834,151.296522584238));
#3383=CARTESIAN_POINT('Ctrl Pts',(-30.5165681405193,2.66014444548284,151.260844341237));
#3384=CARTESIAN_POINT('Ctrl Pts',(-30.5352285674447,2.66038173661829,151.22537811036));
#3385=CARTESIAN_POINT('Ctrl Pts',(-30.611606630834,2.66135298113792,151.080213048438));
#3386=CARTESIAN_POINT('Ctrl Pts',(-30.698969709691,2.66246393004869,150.942679364769));
#3387=CARTESIAN_POINT('Ctrl Pts',(-30.7960515184099,2.66369843434575,150.812182250323));
#3388=CARTESIAN_POINT('Ctrl Pts',(-30.8816039418541,2.66478632955249,150.697182905537));
#3389=CARTESIAN_POINT('Ctrl Pts',(-30.9746999557033,2.66597017600051,150.587646531476));
#3390=CARTESIAN_POINT('Ctrl Pts',(-31.0744733490592,2.66723892198859,150.483153463702));
#3391=CARTESIAN_POINT('Ctrl Pts',(-31.1912953163135,2.66872446234447,150.360805357346));
#3392=CARTESIAN_POINT('Ctrl Pts',(-31.3163808743194,2.67031509658576,150.24631493562));
#3393=CARTESIAN_POINT('Ctrl Pts',(-31.4475201429488,2.67198267867747,150.139078292653));
#3394=CARTESIAN_POINT('Ctrl Pts',(-31.5892571698236,2.67378502308749,150.023175534425));
#3395=CARTESIAN_POINT('Ctrl Pts',(-31.7380585675669,2.67567725464834,149.915744328107));
#3396=CARTESIAN_POINT('Ctrl Pts',(-31.8911366158355,2.67762383733007,149.815998102716));
#3397=CARTESIAN_POINT('',(-31.8911366158355,0.,149.815998102716));
#3398=CARTESIAN_POINT('Ctrl Pts',(-31.8911366158355,0.,149.815998102716));
#3399=CARTESIAN_POINT('Ctrl Pts',(-31.7491340453583,0.,149.9085275056));
#3400=CARTESIAN_POINT('Ctrl Pts',(-31.6168283040281,0.,150.003756366285));
#3401=CARTESIAN_POINT('Ctrl Pts',(-31.493981870679,0.,150.101586172518));
#3402=CARTESIAN_POINT('Ctrl Pts',(-31.3711354373298,0.,150.199415978751));
#3403=CARTESIAN_POINT('Ctrl Pts',(-31.2577483119616,0.,150.299846730532));
#3404=CARTESIAN_POINT('Ctrl Pts',(-31.1535325349928,0.,150.402766749882));
#3405=CARTESIAN_POINT('Ctrl Pts',(-31.049316758024,0.,150.505686769232));
#3406=CARTESIAN_POINT('Ctrl Pts',(-30.9542723294544,0.,150.611096056152));
#3407=CARTESIAN_POINT('Ctrl Pts',(-30.8680608512867,0.,150.718869766938));
#3408=CARTESIAN_POINT('Ctrl Pts',(-30.781849373119,0.,150.826643477725));
#3409=CARTESIAN_POINT('Ctrl Pts',(-30.7044708453532,0.,150.936781612378));
#3410=CARTESIAN_POINT('Ctrl Pts',(-30.635536431576,0.,151.04914616147));
#3411=CARTESIAN_POINT('Ctrl Pts',(-30.5666020177988,0.,151.161510710562));
#3412=CARTESIAN_POINT('Ctrl Pts',(-30.5061117180103,0.,151.276101674094));
#3413=CARTESIAN_POINT('Ctrl Pts',(-30.4536262573816,0.,151.392767876912));
#3414=CARTESIAN_POINT('Ctrl Pts',(-30.401140796753,0.,151.50943407973));
#3415=CARTESIAN_POINT('Ctrl Pts',(-30.3566601752841,0.,151.628175521835));
#3416=CARTESIAN_POINT('Ctrl Pts',(-30.3196946797304,0.,151.74882786235));
#3417=CARTESIAN_POINT('Ctrl Pts',(-30.2827291841767,0.,151.869480202865));
#3418=CARTESIAN_POINT('Ctrl Pts',(-30.2532788145382,0.,151.99204344179));
#3419=CARTESIAN_POINT('Ctrl Pts',(-30.2308034191547,0.,152.116340072523));
#3420=CARTESIAN_POINT('Ctrl Pts',(-30.2083280237711,0.,152.240636703256));
#3421=CARTESIAN_POINT('Ctrl Pts',(-30.1928276026424,0.,152.366666725797));
#3422=CARTESIAN_POINT('Ctrl Pts',(-30.1837115656926,0.,152.494239467821));
#3423=CARTESIAN_POINT('Ctrl Pts',(-30.1745955287427,0.,152.621812209844));
#3424=CARTESIAN_POINT('Ctrl Pts',(-30.1718638759718,0.,152.750927671349));
#3425=CARTESIAN_POINT('Ctrl Pts',(-30.174875578888,0.,152.881382014285));
#3426=CARTESIAN_POINT('Ctrl Pts',(-30.1778872818041,0.,153.011836357221));
#3427=CARTESIAN_POINT('Ctrl Pts',(-30.1866423404074,0.,153.143629581588));
#3428=CARTESIAN_POINT('Ctrl Pts',(-30.2004492877904,0.,153.27654468361));
#3429=CARTESIAN_POINT('Ctrl Pts',(-30.2142562351733,0.,153.409459785633));
#3430=CARTESIAN_POINT('Ctrl Pts',(-30.2331150713359,0.,153.54349676531));
#3431=CARTESIAN_POINT('Ctrl Pts',(-30.256283890955,0.,153.678425453142));
#3432=CARTESIAN_POINT('Ctrl Pts',(-30.279452710574,0.,153.813354140974));
#3433=CARTESIAN_POINT('Ctrl Pts',(-30.3069315136496,0.,153.949174536961));
#3434=CARTESIAN_POINT('Ctrl Pts',(-30.3379279564428,0.,154.085643305878));
#3435=CARTESIAN_POINT('Ctrl Pts',(-30.3689243992359,0.,154.222112074795));
#3436=CARTESIAN_POINT('Ctrl Pts',(-30.4034384817467,0.,154.359229216642));
#3437=CARTESIAN_POINT('Ctrl Pts',(-30.4406274218204,0.,154.496738230468));
#3438=CARTESIAN_POINT('Ctrl Pts',(-30.4778163618941,0.,154.634247244295));
#3439=CARTESIAN_POINT('Ctrl Pts',(-30.5176801595307,0.,154.772148130101));
#3440=CARTESIAN_POINT('Ctrl Pts',(-30.55932559416,0.,154.910171221213));
#3441=CARTESIAN_POINT('Ctrl Pts',(-30.6009710287894,0.,155.048194312325));
#3442=CARTESIAN_POINT('Ctrl Pts',(-30.6443981004113,0.,155.186339608743));
#3443=CARTESIAN_POINT('Ctrl Pts',(-30.6886631500399,0.,155.324324278067));
#3444=CARTESIAN_POINT('Ctrl Pts',(-30.7343599512052,0.,155.466772056864));
#3445=CARTESIAN_POINT('Ctrl Pts',(-30.780950110273,0.,155.609048726428));
#3446=CARTESIAN_POINT('Ctrl Pts',(-30.8273390165416,0.,155.750828393194));
#3447=CARTESIAN_POINT('Ctrl Pts',(-30.8722744865489,0.,155.88816588347));
#3448=CARTESIAN_POINT('Ctrl Pts',(-30.9170208410154,0.,156.02503695467));
#3449=CARTESIAN_POINT('Ctrl Pts',(-30.9605319126948,0.,156.161132017101));
#3450=CARTESIAN_POINT('Ctrl Pts',(-31.0040429843743,0.,156.297227079531));
#3451=CARTESIAN_POINT('Ctrl Pts',(-31.0463187732666,0.,156.432546133192));
#3452=CARTESIAN_POINT('Ctrl Pts',(-31.0862626737098,0.,156.566766422666));
#3453=CARTESIAN_POINT('Ctrl Pts',(-31.126206574153,0.,156.700986712139));
#3454=CARTESIAN_POINT('Ctrl Pts',(-31.163818586147,0.,156.834108237424));
#3455=CARTESIAN_POINT('Ctrl Pts',(-31.1979516656141,0.,156.965795077379));
#3456=CARTESIAN_POINT('Ctrl Pts',(-31.2320847450812,0.,157.097481917334));
#3457=CARTESIAN_POINT('Ctrl Pts',(-31.2627388920213,0.,157.227734071958));
#3458=CARTESIAN_POINT('Ctrl Pts',(-31.2887166239411,0.,157.356202454384));
#3459=CARTESIAN_POINT('Ctrl Pts',(-31.3146943558608,0.,157.484670836811));
#3460=CARTESIAN_POINT('Ctrl Pts',(-31.3359956727602,0.,157.611355447039));
#3461=CARTESIAN_POINT('Ctrl Pts',(-31.35137265373,0.,157.735894032477));
#3462=CARTESIAN_POINT('Ctrl Pts',(-31.3667496346997,0.,157.860432617915));
#3463=CARTESIAN_POINT('Ctrl Pts',(-31.3762022797399,0.,157.982825178562));
#3464=CARTESIAN_POINT('Ctrl Pts',(-31.3784322295255,0.,158.102696296103));
#3465=CARTESIAN_POINT('Ctrl Pts',(-31.3806621793112,0.,158.222567413643));
#3466=CARTESIAN_POINT('Ctrl Pts',(-31.3756694338423,1.96137608161007E-21,
158.339917088077));
#3467=CARTESIAN_POINT('Ctrl Pts',(-31.3621051953783,0.,158.454356735361));
#3468=CARTESIAN_POINT('Ctrl Pts',(-31.3485409569143,-1.96137608161294E-21,
158.568796382646));
#3469=CARTESIAN_POINT('Ctrl Pts',(-31.326405225455,0.,158.680326002782));
#3470=CARTESIAN_POINT('Ctrl Pts',(-31.2942987648443,0.,158.788543846004));
#3471=CARTESIAN_POINT('Ctrl Pts',(-31.2621923042336,0.,158.896761689225));
#3472=CARTESIAN_POINT('Ctrl Pts',(-31.2201151144714,0.,159.001667755531));
#3473=CARTESIAN_POINT('Ctrl Pts',(-31.1666175209856,0.,159.102847129431));
#3474=CARTESIAN_POINT('Ctrl Pts',(-31.1131199274998,0.,159.204026503332));
#3475=CARTESIAN_POINT('Ctrl Pts',(-31.0482019302905,0.,159.301479184826));
#3476=CARTESIAN_POINT('Ctrl Pts',(-30.9703634163698,0.,159.394777092699));
#3477=CARTESIAN_POINT('Ctrl Pts',(-30.892524902449,0.,159.488075000572));
#3478=CARTESIAN_POINT('Ctrl Pts',(-30.8017658718169,0.,159.577218134824));
#3479=CARTESIAN_POINT('Ctrl Pts',(-30.6965357730698,0.,159.661765248514));
#3480=CARTESIAN_POINT('Ctrl Pts',(-30.5913056743229,0.,159.746312362203));
#3481=CARTESIAN_POINT('Ctrl Pts',(-30.4716045074612,0.,159.826263455331));
#3482=CARTESIAN_POINT('Ctrl Pts',(-30.3358312826654,0.,159.901164115232));
#3483=CARTESIAN_POINT('Ctrl Pts',(-30.2000580578696,0.,159.976064775134));
#3484=CARTESIAN_POINT('Ctrl Pts',(-30.0482127751397,0.,160.045915001808));
#3485=CARTESIAN_POINT('Ctrl Pts',(-29.8786440062408,0.,160.110247216866));
#3486=CARTESIAN_POINT('Ctrl Pts',(-29.7090752373417,0.,160.174579431924));
#3487=CARTESIAN_POINT('Ctrl Pts',(-29.5217829822735,0.,160.233393635365));
#3488=CARTESIAN_POINT('Ctrl Pts',(-29.3150653743856,0.,160.286209083076));
#3489=CARTESIAN_POINT('Ctrl Pts',(-29.108347766498,0.,160.339024530787));
#3490=CARTESIAN_POINT('Ctrl Pts',(-28.8822048057909,0.,160.385841222766));
#3491=CARTESIAN_POINT('Ctrl Pts',(-28.6348841871977,0.,160.426165249176));
#3492=CARTESIAN_POINT('Ctrl Pts',(-28.5148905312385,0.,160.445729438282));
#3493=CARTESIAN_POINT('Ctrl Pts',(-28.3899110190389,0.,160.463765093521));
#3494=CARTESIAN_POINT('Ctrl Pts',(-28.2597412469332,0.,160.48021469021));
#3495=CARTESIAN_POINT('',(-31.8911366158355,-0.00100000129802602,149.815998102716));
#3496=CARTESIAN_POINT('Ctrl Pts',(-37.4438320744476,-0.00100000129802602,
149.170592709036));
#3497=CARTESIAN_POINT('Ctrl Pts',(-37.4438320744476,13.003216444966,149.170592709036));
#3498=CARTESIAN_POINT('Ctrl Pts',(-33.7890137068208,-0.00100000129802602,
149.170592709036));
#3499=CARTESIAN_POINT('Ctrl Pts',(-33.7890137068208,13.003216444966,149.170592709036));
#3500=CARTESIAN_POINT('Ctrl Pts',(-31.8911366158355,-0.00100000129802602,
149.815998102716));
#3501=CARTESIAN_POINT('Ctrl Pts',(-31.8911366158355,13.003216444966,149.815998102716));
#3502=CARTESIAN_POINT('',(-37.4438320744476,2.74823344425206,149.170592709036));
#3503=CARTESIAN_POINT('Ctrl Pts',(-31.8911366158355,2.67762383733007,149.815998102716));
#3504=CARTESIAN_POINT('Ctrl Pts',(-32.0541244901991,2.67969643609361,149.7605713031));
#3505=CARTESIAN_POINT('Ctrl Pts',(-32.2223623373735,2.68183619231932,149.710237140838));
#3506=CARTESIAN_POINT('Ctrl Pts',(-32.3939115399836,2.68401790668297,149.664503647773));
#3507=CARTESIAN_POINT('Ctrl Pts',(-32.6014219359333,2.68665696535862,149.609183220108));
#3508=CARTESIAN_POINT('Ctrl Pts',(-32.813776762796,2.68935741698639,149.560594202421));
#3509=CARTESIAN_POINT('Ctrl Pts',(-33.027470376524,2.69207466079589,149.517838502695));
#3510=CARTESIAN_POINT('Ctrl Pts',(-33.2619166596286,2.69505578737386,149.470930620389));
#3511=CARTESIAN_POINT('Ctrl Pts',(-33.4979692312819,2.69805712601945,149.431042172545));
#3512=CARTESIAN_POINT('Ctrl Pts',(-33.730965544152,2.70101977910726,149.396974999903));
#3513=CARTESIAN_POINT('Ctrl Pts',(-33.8988748739417,2.70315482188217,149.372424413433));
#3514=CARTESIAN_POINT('Ctrl Pts',(-34.0651958136468,2.7052697737094,149.350896622827));
#3515=CARTESIAN_POINT('Ctrl Pts',(-34.2282009014989,2.70734259136441,149.331949651164));
#3516=CARTESIAN_POINT('Ctrl Pts',(-34.5037953098349,2.71084712587158,149.299915807841));
#3517=CARTESIAN_POINT('Ctrl Pts',(-34.7847022038106,2.71441949066223,149.273545515029));
#3518=CARTESIAN_POINT('Ctrl Pts',(-35.068236663289,2.71802511752562,149.252088216889));
#3519=CARTESIAN_POINT('Ctrl Pts',(-35.4483976299839,2.72285951612552,149.223318425668));
#3520=CARTESIAN_POINT('Ctrl Pts',(-35.8332809794613,2.72775371079772,149.203380387384));
#3521=CARTESIAN_POINT('Ctrl Pts',(-36.2163204764582,2.73262437911259,149.190430241304));
#3522=CARTESIAN_POINT('Ctrl Pts',(-36.5602211373343,2.73699736431523,149.178803336428));
#3523=CARTESIAN_POINT('Ctrl Pts',(-36.9026296890708,2.74135138535865,149.172807105808));
#3524=CARTESIAN_POINT('Ctrl Pts',(-37.2387950525203,2.74562614044212,149.171107489256));
#3525=CARTESIAN_POINT('Ctrl Pts',(-37.3074140640855,2.74649871537222,149.170760558785));
#3526=CARTESIAN_POINT('Ctrl Pts',(-37.3757731028307,2.74736798759786,149.170592709036));
#3527=CARTESIAN_POINT('Ctrl Pts',(-37.4438320744476,2.74823344425206,149.170592709036));
#3528=CARTESIAN_POINT('',(-37.4438320744476,0.,149.170592709036));
#3529=CARTESIAN_POINT('Ctrl Pts',(-37.4438320744476,0.,149.170592709036));
#3530=CARTESIAN_POINT('Ctrl Pts',(-35.0072864960297,0.,149.170592709036));
#3531=CARTESIAN_POINT('Ctrl Pts',(-33.1563880098257,0.,149.385727840263));
#3532=CARTESIAN_POINT('Ctrl Pts',(-31.8911366158355,0.,149.815998102716));
#3533=CARTESIAN_POINT('',(-37.4438320744476,-0.00100000129802602,149.170592709036));
#3534=CARTESIAN_POINT('Ctrl Pts',(-42.9965275330596,-0.00100000129802602,
148.525187315357));
#3535=CARTESIAN_POINT('Ctrl Pts',(-42.9965275330596,13.003216444966,148.525187315357));
#3536=CARTESIAN_POINT('Ctrl Pts',(-41.0986504420744,-0.00100000129802602,
149.170592709036));
#3537=CARTESIAN_POINT('Ctrl Pts',(-41.0986504420744,13.003216444966,149.170592709036));
#3538=CARTESIAN_POINT('Ctrl Pts',(-37.4438320744476,-0.00100000129802602,
149.170592709036));
#3539=CARTESIAN_POINT('Ctrl Pts',(-37.4438320744476,13.003216444966,149.170592709036));
#3540=CARTESIAN_POINT('',(-42.9965275330596,2.81884305117405,148.525187315357));
#3541=CARTESIAN_POINT('Ctrl Pts',(-37.4438320744476,2.74823344425206,149.170592709036));
#3542=CARTESIAN_POINT('Ctrl Pts',(-37.7701113669451,2.75238250172545,149.170592709036));
#3543=CARTESIAN_POINT('Ctrl Pts',(-38.1032911735435,2.7566192446581,149.166736726028));
#3544=CARTESIAN_POINT('Ctrl Pts',(-38.4389292799733,2.7608871664677,149.157778274265));
#3545=CARTESIAN_POINT('Ctrl Pts',(-38.8110514395139,2.76561901380599,149.1478460337));
#3546=CARTESIAN_POINT('Ctrl Pts',(-39.1861892848236,2.77038918674836,149.131639511951));
#3547=CARTESIAN_POINT('Ctrl Pts',(-39.5582651680872,2.77512067622957,149.10745126899));
#3548=CARTESIAN_POINT('Ctrl Pts',(-39.8480127858189,2.77880524130667,149.088615095806));
#3549=CARTESIAN_POINT('Ctrl Pts',(-40.1359020187854,2.78246634778701,149.064938047419));
#3550=CARTESIAN_POINT('Ctrl Pts',(-40.4190938997637,2.78606762871808,149.035625243246));
#3551=CARTESIAN_POINT('Ctrl Pts',(-40.4995594323404,2.78709088894389,149.027296366051));
#3552=CARTESIAN_POINT('Ctrl Pts',(-40.5796460147103,2.78810931919475,149.018512595494));
#3553=CARTESIAN_POINT('Ctrl Pts',(-40.6592893037677,2.78912208522455,149.009255984493));
#3554=CARTESIAN_POINT('Ctrl Pts',(-40.8553410826432,2.79161513371711,148.986469694843));
#3555=CARTESIAN_POINT('Ctrl Pts',(-41.0561910702107,2.79416913618293,148.959950742945));
#3556=CARTESIAN_POINT('Ctrl Pts',(-41.2588296282658,2.7967457420609,148.928928631046));
#3557=CARTESIAN_POINT('Ctrl Pts',(-41.5533054146378,2.80049008395401,148.883847078531));
#3558=CARTESIAN_POINT('Ctrl Pts',(-41.8515493092139,2.80428215997715,148.829252392713));
#3559=CARTESIAN_POINT('Ctrl Pts',(-42.1442482055111,2.80800427615458,148.762751770121));
#3560=CARTESIAN_POINT('Ctrl Pts',(-42.3250769833608,2.81030379189548,148.721667821866));
#3561=CARTESIAN_POINT('Ctrl Pts',(-42.5037884070682,2.81257660576083,148.676039326846));
#3562=CARTESIAN_POINT('Ctrl Pts',(-42.6782163285826,2.8147949657932,148.625313036741));
#3563=CARTESIAN_POINT('Ctrl Pts',(-42.7861265432754,2.81616735907337,148.593931106553));
#3564=CARTESIAN_POINT('Ctrl Pts',(-42.8923979919297,2.81751891120942,148.560598337391));
#3565=CARTESIAN_POINT('Ctrl Pts',(-42.9965275330596,2.81884305117405,148.525187315357));
#3566=CARTESIAN_POINT('',(-42.9965275330596,0.,148.525187315357));
#3567=CARTESIAN_POINT('Ctrl Pts',(-42.9965275330596,0.,148.525187315357));
#3568=CARTESIAN_POINT('Ctrl Pts',(-41.7312761390694,0.,148.95545757781));
#3569=CARTESIAN_POINT('Ctrl Pts',(-39.8803776528654,0.,149.170592709036));
#3570=CARTESIAN_POINT('Ctrl Pts',(-37.4438320744476,0.,149.170592709036));
#3571=CARTESIAN_POINT('',(-42.9965275330596,-0.00100000129802602,148.525187315357));
#3572=CARTESIAN_POINT('Ctrl Pts',(-46.6279229019619,-0.00100000129802602,
137.860970727863));
#3573=CARTESIAN_POINT('Ctrl Pts',(-46.6279229019619,13.003216444966,137.860970727863));
#3574=CARTESIAN_POINT('Ctrl Pts',(-40.4250891340709,-0.00100000129802602,
138.694193605804));
#3575=CARTESIAN_POINT('Ctrl Pts',(-40.4250891340709,13.003216444966,138.694193605804));
#3576=CARTESIAN_POINT('Ctrl Pts',(-44.9163904488957,-0.00100000129802602,
142.819915341111));
#3577=CARTESIAN_POINT('Ctrl Pts',(-44.9163904488957,13.003216444966,142.819915341111));
#3578=CARTESIAN_POINT('Ctrl Pts',(-46.2808278896313,-0.00100000129802602,
146.336510902974));
#3579=CARTESIAN_POINT('Ctrl Pts',(-46.2808278896313,13.003216444966,146.336510902974));
#3580=CARTESIAN_POINT('Ctrl Pts',(-42.9965275330596,-0.00100000129802602,
148.525187315357));
#3581=CARTESIAN_POINT('Ctrl Pts',(-42.9965275330596,13.003216444966,148.525187315357));
#3582=CARTESIAN_POINT('',(-46.6279229019619,2.86502087624797,137.860970727863));
#3583=CARTESIAN_POINT('Ctrl Pts',(-42.9965275330596,2.81884305117405,148.525187315357));
#3584=CARTESIAN_POINT('Ctrl Pts',(-43.1240856938547,2.82046511592811,148.440181832475));
#3585=CARTESIAN_POINT('Ctrl Pts',(-43.2482355767594,2.82204396147046,148.349940473627));
#3586=CARTESIAN_POINT('Ctrl Pts',(-43.3675416503999,2.82356106659026,148.253987005396));
#3587=CARTESIAN_POINT('Ctrl Pts',(-43.5148595345597,2.82543437202626,148.135504672634));
#3588=CARTESIAN_POINT('Ctrl Pts',(-43.6547880728337,2.8272135415282,148.008310785922));
#3589=CARTESIAN_POINT('Ctrl Pts',(-43.7845601314025,2.82886370540229,147.871517529227));
#3590=CARTESIAN_POINT('Ctrl Pts',(-43.8799747568154,2.83007698482202,147.770940583077));
#3591=CARTESIAN_POINT('Ctrl Pts',(-43.9698960676728,2.83122052516906,147.665174099856));
#3592=CARTESIAN_POINT('Ctrl Pts',(-44.0532422830534,2.83228046688477,147.553882418867));
#3593=CARTESIAN_POINT('Ctrl Pts',(-44.0832540554768,2.83266213663917,147.513807886542));
#3594=CARTESIAN_POINT('Ctrl Pts',(-44.1124136540725,2.83303296685765,147.47301715529));
#3595=CARTESIAN_POINT('Ctrl Pts',(-44.1406722098844,2.83339231044725,147.431495381695));
#3596=CARTESIAN_POINT('Ctrl Pts',(-44.2286934014777,2.83451161219638,147.302161242567));
#3597=CARTESIAN_POINT('Ctrl Pts',(-44.3059899265081,2.83549469911823,147.168657824858));
#3598=CARTESIAN_POINT('Ctrl Pts',(-44.3727772381754,2.83634400121071,147.030731772077));
#3599=CARTESIAN_POINT('Ctrl Pts',(-44.4603904966074,2.83745813684303,146.849796941716));
#3600=CARTESIAN_POINT('Ctrl Pts',(-44.5299125435771,2.83834204422714,146.661248221186));
#3601=CARTESIAN_POINT('Ctrl Pts',(-44.5817516202053,2.83900120908147,146.464513560159));
#3602=CARTESIAN_POINT('Ctrl Pts',(-44.5948420769506,2.83916766206588,146.414833921979));
#3603=CARTESIAN_POINT('Ctrl Pts',(-44.6068050278539,2.83931978392308,146.364632464263));
#3604=CARTESIAN_POINT('Ctrl Pts',(-44.6176477514424,2.83945766298673,146.313900499216));
#3605=CARTESIAN_POINT('Ctrl Pts',(-44.6542564760213,2.8399231896254,146.142612121292));
#3606=CARTESIAN_POINT('Ctrl Pts',(-44.6771440742515,2.84021410352367,145.969702180479));
#3607=CARTESIAN_POINT('Ctrl Pts',(-44.6885691471414,2.84035938802947,145.796026090629));
#3608=CARTESIAN_POINT('Ctrl Pts',(-44.7021107383372,2.84053158678947,145.590176147095));
#3609=CARTESIAN_POINT('Ctrl Pts',(-44.6995557113795,2.84049920210964,145.383252369675));
#3610=CARTESIAN_POINT('Ctrl Pts',(-44.684714223196,2.84031049325555,145.176663713488));
#3611=CARTESIAN_POINT('Ctrl Pts',(-44.6801147759823,2.8402520114913,145.112640914201));
#3612=CARTESIAN_POINT('Ctrl Pts',(-44.6743351992074,2.84017851620728,145.048650037797));
#3613=CARTESIAN_POINT('Ctrl Pts',(-44.6674878770365,2.84009144377002,144.984732127084));
#3614=CARTESIAN_POINT('Ctrl Pts',(-44.6347913372632,2.83967566555234,144.67951872282));
#3615=CARTESIAN_POINT('Ctrl Pts',(-44.5773268658754,2.83894502066401,144.372081165806));
#3616=CARTESIAN_POINT('Ctrl Pts',(-44.5052533495613,2.83802857898127,144.065252897213));
#3617=CARTESIAN_POINT('Ctrl Pts',(-44.4394698801315,2.83719211759429,143.78520234523));
#3618=CARTESIAN_POINT('Ctrl Pts',(-44.3615193421256,2.83620087424655,143.505659185164));
#3619=CARTESIAN_POINT('Ctrl Pts',(-44.2791205032958,2.83515298939696,143.22873982763));
#3620=CARTESIAN_POINT('Ctrl Pts',(-44.224588543424,2.83445949401063,143.045473224518));
#3621=CARTESIAN_POINT('Ctrl Pts',(-44.1681079158169,2.83374119045084,142.863355013834));
#3622=CARTESIAN_POINT('Ctrl Pts',(-44.1119071353667,2.83302652582609,142.682989259193));
#3623=CARTESIAN_POINT('Ctrl Pts',(-44.0148791358535,2.83179269102331,142.371596281847));
#3624=CARTESIAN_POINT('Ctrl Pts',(-43.9186482749024,2.83056909974544,142.065308618305));
#3625=CARTESIAN_POINT('Ctrl Pts',(-43.8346462624328,2.82950092146551,141.767206993501));
#3626=CARTESIAN_POINT('Ctrl Pts',(-43.7334339938488,2.82821389578855,141.408030578223));
#3627=CARTESIAN_POINT('Ctrl Pts',(-43.6499726336875,2.82715248838697,141.060738173039));
#3628=CARTESIAN_POINT('Ctrl Pts',(-43.6042178325749,2.82657062440392,140.730646265113));
#3629=CARTESIAN_POINT('Ctrl Pts',(-43.5869240355638,2.82635069912032,140.605882473951));
#3630=CARTESIAN_POINT('Ctrl Pts',(-43.5750168510494,2.8261992808928,140.483575313963));
#3631=CARTESIAN_POINT('Ctrl Pts',(-43.5695749868365,2.82613008064657,140.364010258768));
#3632=CARTESIAN_POINT('Ctrl Pts',(-43.5644345681298,2.82606471366453,140.251068365634));
#3633=CARTESIAN_POINT('Ctrl Pts',(-43.5649254394067,2.8260710299002,140.137665961438));
#3634=CARTESIAN_POINT('Ctrl Pts',(-43.5729112522369,2.82617267178009,140.024978582756));
#3635=CARTESIAN_POINT('Ctrl Pts',(-43.579691893332,2.82625897446742,139.929297318116));
#3636=CARTESIAN_POINT('Ctrl Pts',(-43.5918803410687,2.82641400187958,139.834132599469));
#3637=CARTESIAN_POINT('Ctrl Pts',(-43.6106205977574,2.82665222662922,139.740195412139));
#3638=CARTESIAN_POINT('Ctrl Pts',(-43.6248946355606,2.82683367713647,139.668645540366));
#3639=CARTESIAN_POINT('Ctrl Pts',(-43.6429702327659,2.8270633948367,139.597807795183));
#3640=CARTESIAN_POINT('Ctrl Pts',(-43.6653337137607,2.82734777502903,139.527987106803));
#3641=CARTESIAN_POINT('Ctrl Pts',(-43.7123484197771,2.8279456269977,139.381203198752));
#3642=CARTESIAN_POINT('Ctrl Pts',(-43.7764442511514,2.82876064111681,139.244732932441));
#3643=CARTESIAN_POINT('Ctrl Pts',(-43.858220726321,2.82980054257238,139.117886513137));
#3644=CARTESIAN_POINT('Ctrl Pts',(-43.8997526308999,2.83032867841994,139.053464888558));
#3645=CARTESIAN_POINT('Ctrl Pts',(-43.9458439165575,2.83091482013437,138.991525809278));
#3646=CARTESIAN_POINT('Ctrl Pts',(-43.9965788616828,2.83155997968962,138.93198380433));
#3647=CARTESIAN_POINT('Ctrl Pts',(-44.0582362140197,2.83234403158744,138.859623375657));
#3648=CARTESIAN_POINT('Ctrl Pts',(-44.1252076863923,2.83319585360587,138.792625152834));
#3649=CARTESIAN_POINT('Ctrl Pts',(-44.1964210729164,2.8341014598711,138.730492502755));
#3650=CARTESIAN_POINT('Ctrl Pts',(-44.3110365824243,2.83555900217554,138.630492127917));
#3651=CARTESIAN_POINT('Ctrl Pts',(-44.4366329363938,2.83715586612439,138.543090812991));
#3652=CARTESIAN_POINT('Ctrl Pts',(-44.5685827164151,2.83883374281651,138.466215257929));
#3653=CARTESIAN_POINT('Ctrl Pts',(-44.5801679998001,2.83898106156884,138.459465530187));
#3654=CARTESIAN_POINT('Ctrl Pts',(-44.5918022801519,2.83912900484544,138.452796982394));
#3655=CARTESIAN_POINT('Ctrl Pts',(-44.6034824557482,2.8392775331798,138.446208238127));
#3656=CARTESIAN_POINT('Ctrl Pts',(-44.8785758568094,2.84277569674028,138.291029058318));
#3657=CARTESIAN_POINT('Ctrl Pts',(-45.2181582120536,2.8470938187516,138.158100302152));
#3658=CARTESIAN_POINT('Ctrl Pts',(-45.6332952595998,2.85237283200222,138.050340144859));
#3659=CARTESIAN_POINT('Ctrl Pts',(-45.9259831248949,2.85609474294302,137.974365016673));
#3660=CARTESIAN_POINT('Ctrl Pts',(-46.2562274116501,2.86029429387708,137.91090035644));
#3661=CARTESIAN_POINT('Ctrl Pts',(-46.6279229019619,2.86502087624797,137.860970727863));
#3662=CARTESIAN_POINT('',(-46.6279229019619,0.,137.860970727863));
#3663=CARTESIAN_POINT('Ctrl Pts',(-46.6279229019619,0.,137.860970727863));
#3664=CARTESIAN_POINT('Ctrl Pts',(-46.3647174323979,0.,137.896326958104));
#3665=CARTESIAN_POINT('Ctrl Pts',(-46.1231702148003,0.,137.93835151423));
#3666=CARTESIAN_POINT('Ctrl Pts',(-45.9015245239142,0.,137.986547884896));
#3667=CARTESIAN_POINT('Ctrl Pts',(-45.6798788330282,0.,138.034744255562));
#3668=CARTESIAN_POINT('Ctrl Pts',(-45.4781346688536,2.1837585270199E-19,
138.089112440768));
#3669=CARTESIAN_POINT('Ctrl Pts',(-45.2945857720715,2.16840434497101E-19,
138.149168989007));
#3670=CARTESIAN_POINT('Ctrl Pts',(-45.1110368752894,2.15305016292212E-19,
138.209225537247));
#3671=CARTESIAN_POINT('Ctrl Pts',(-44.9456832458997,0.,138.27497044852));
#3672=CARTESIAN_POINT('Ctrl Pts',(-44.7968690905191,0.,138.34593333116));
#3673=CARTESIAN_POINT('Ctrl Pts',(-44.6480549351385,0.,138.416896213799));
#3674=CARTESIAN_POINT('Ctrl Pts',(-44.5157802537672,0.,138.493077067806));
#3675=CARTESIAN_POINT('Ctrl Pts',(-44.3984397189576,0.,138.574018561351));
#3676=CARTESIAN_POINT('Ctrl Pts',(-44.281099184148,0.,138.654960054897));
#3677=CARTESIAN_POINT('Ctrl Pts',(-44.1786927959003,0.,138.740662187982));
#3678=CARTESIAN_POINT('Ctrl Pts',(-44.0896656927028,0.,138.830680688618));
#3679=CARTESIAN_POINT('Ctrl Pts',(-44.0006385895053,0.,138.920699189254));
#3680=CARTESIAN_POINT('Ctrl Pts',(-43.9249907713581,0.,139.015034057441));
#3681=CARTESIAN_POINT('Ctrl Pts',(-43.8612178426853,0.,139.113254081031));
#3682=CARTESIAN_POINT('Ctrl Pts',(-43.7974449140126,0.,139.211474104621));
#3683=CARTESIAN_POINT('Ctrl Pts',(-43.7455468748144,0.,139.313579283613));
#3684=CARTESIAN_POINT('Ctrl Pts',(-43.7040697954508,0.,139.419151465699));
#3685=CARTESIAN_POINT('Ctrl Pts',(-43.6625927160873,0.,139.524723647785));
#3686=CARTESIAN_POINT('Ctrl Pts',(-43.6315365965583,-1.92874520967394E-21,
139.633762832965));
#3687=CARTESIAN_POINT('Ctrl Pts',(-43.60949797316,0.,139.745863928768));
#3688=CARTESIAN_POINT('Ctrl Pts',(-43.5874593497618,1.92874520967188E-21,
139.857965024571));
#3689=CARTESIAN_POINT('Ctrl Pts',(-43.5744382224941,0.,139.973128030998));
#3690=CARTESIAN_POINT('Ctrl Pts',(-43.5690815935888,0.,140.090960915419));
#3691=CARTESIAN_POINT('Ctrl Pts',(-43.5637249646836,0.,140.208793799839));
#3692=CARTESIAN_POINT('Ctrl Pts',(-43.5660328341407,0.,140.329296562254));
#3693=CARTESIAN_POINT('Ctrl Pts',(-43.5747026701279,0.,140.45209022987));
#3694=CARTESIAN_POINT('Ctrl Pts',(-43.5833725061152,0.,140.574883897487));
#3695=CARTESIAN_POINT('Ctrl Pts',(-43.5984043086324,0.,140.699968470307));
#3696=CARTESIAN_POINT('Ctrl Pts',(-43.6185460117833,0.,140.826978035378));
#3697=CARTESIAN_POINT('Ctrl Pts',(-43.6386877149341,0.,140.953987600449));
#3698=CARTESIAN_POINT('Ctrl Pts',(-43.6639393187184,0.,141.082922157772));
#3699=CARTESIAN_POINT('Ctrl Pts',(-43.6930992231757,0.,141.213428854234));
#3700=CARTESIAN_POINT('Ctrl Pts',(-43.7222591276329,0.,141.343935550696));
#3701=CARTESIAN_POINT('Ctrl Pts',(-43.755327332763,0.,141.476014386298));
#3702=CARTESIAN_POINT('Ctrl Pts',(-43.7911527045411,0.,141.609325567766));
#3703=CARTESIAN_POINT('Ctrl Pts',(-43.8269780763193,0.,141.742636749235));
#3704=CARTESIAN_POINT('Ctrl Pts',(-43.8655606147456,0.,141.877180276572));
#3705=CARTESIAN_POINT('Ctrl Pts',(-43.9057996517309,0.,142.012629416342));
#3706=CARTESIAN_POINT('Ctrl Pts',(-43.9460386887161,0.,142.148078556112));
#3707=CARTESIAN_POINT('Ctrl Pts',(-43.9879342242604,0.,142.284433308316));
#3708=CARTESIAN_POINT('Ctrl Pts',(-44.0304360562105,0.,142.42137999936));
#3709=CARTESIAN_POINT('Ctrl Pts',(-44.0740589018253,0.,142.561938749108));
#3710=CARTESIAN_POINT('Ctrl Pts',(-44.118320211777,0.,142.703121013766));
#3711=CARTESIAN_POINT('Ctrl Pts',(-44.1621397585348,0.,142.844601946245));
#3712=CARTESIAN_POINT('Ctrl Pts',(-44.2048332368301,0.,142.9824471219));
#3713=CARTESIAN_POINT('Ctrl Pts',(-44.2471075897062,0.,143.12057587053));
#3714=CARTESIAN_POINT('Ctrl Pts',(-44.2880148779538,0.,143.258700982683));
#3715=CARTESIAN_POINT('Ctrl Pts',(-44.3289221662014,0.,143.396826094835));
#3716=CARTESIAN_POINT('Ctrl Pts',(-44.3684623898205,0.,143.53494757051));
#3717=CARTESIAN_POINT('Ctrl Pts',(-44.4057380755375,0.,143.672791260095));
#3718=CARTESIAN_POINT('Ctrl Pts',(-44.4430137612545,0.,143.810634949679));
#3719=CARTESIAN_POINT('Ctrl Pts',(-44.4780249090694,0.,143.948200853172));
#3720=CARTESIAN_POINT('Ctrl Pts',(-44.5099245116447,0.,144.0852278808));
#3721=CARTESIAN_POINT('Ctrl Pts',(-44.54182411422,0.,144.222254908429));
#3722=CARTESIAN_POINT('Ctrl Pts',(-44.5706121715555,0.,144.358743060192));
#3723=CARTESIAN_POINT('Ctrl Pts',(-44.5954921422495,0.,144.494444306157));
#3724=CARTESIAN_POINT('Ctrl Pts',(-44.6203721129435,0.,144.630145552121));
#3725=CARTESIAN_POINT('Ctrl Pts',(-44.641343996996,0.,144.765059892286));
#3726=CARTESIAN_POINT('Ctrl Pts',(-44.6576617189409,0.,144.898952356556));
#3727=CARTESIAN_POINT('Ctrl Pts',(-44.6739794408859,0.,145.032844820826));
#3728=CARTESIAN_POINT('Ctrl Pts',(-44.6856430007232,0.,145.165715409202));
#3729=CARTESIAN_POINT('Ctrl Pts',(-44.6919567889229,0.,145.297342211428));
#3730=CARTESIAN_POINT('Ctrl Pts',(-44.6982705771226,0.,145.428969013654));
#3731=CARTESIAN_POINT('Ctrl Pts',(-44.6992345936845,0.,145.55935202973));
#3732=CARTESIAN_POINT('Ctrl Pts',(-44.6942036950145,0.,145.688282409239));
#3733=CARTESIAN_POINT('Ctrl Pts',(-44.6889239965033,0.,145.823588957312));
#3734=CARTESIAN_POINT('Ctrl Pts',(-44.677041302036,0.,145.957295516168));
#3735=CARTESIAN_POINT('Ctrl Pts',(-44.6578697128872,0.,146.089176160156));
#3736=CARTESIAN_POINT('Ctrl Pts',(-44.6396015632673,0.,146.214842077448));
#3737=CARTESIAN_POINT('Ctrl Pts',(-44.6147157209511,0.,146.338850223805));
#3738=CARTESIAN_POINT('Ctrl Pts',(-44.582670469976,0.,146.461018514354));
#3739=CARTESIAN_POINT('Ctrl Pts',(-44.5506252190009,0.,146.583186804904));
#3740=CARTESIAN_POINT('Ctrl Pts',(-44.511420559367,0.,146.703515239646));
#3741=CARTESIAN_POINT('Ctrl Pts',(-44.4645652410478,0.,146.821834793549));
#3742=CARTESIAN_POINT('Ctrl Pts',(-44.4177099227286,0.,146.940154347452));
#3743=CARTESIAN_POINT('Ctrl Pts',(-44.363203945724,0.,147.056465020516));
#3744=CARTESIAN_POINT('Ctrl Pts',(-44.3006065259434,0.,147.170610847547));
#3745=CARTESIAN_POINT('Ctrl Pts',(-44.2380091061627,0.,147.28475667458));
#3746=CARTESIAN_POINT('Ctrl Pts',(-44.1673202436058,0.,147.39673765558));
#3747=CARTESIAN_POINT('Ctrl Pts',(-44.088149620118,0.,147.506410885196));
#3748=CARTESIAN_POINT('Ctrl Pts',(-44.0089789966302,0.,147.616084114811));
#3749=CARTESIAN_POINT('Ctrl Pts',(-43.9213266122115,2.15286735410721E-19,
147.723449593042));
#3750=CARTESIAN_POINT('Ctrl Pts',(-43.8248526146428,2.16840434497101E-19,
147.828377474375));
#3751=CARTESIAN_POINT('Ctrl Pts',(-43.7283786170739,2.18394133583483E-19,
147.933305355708));
#3752=CARTESIAN_POINT('Ctrl Pts',(-43.6230830063549,0.,148.035795640142));
#3753=CARTESIAN_POINT('Ctrl Pts',(-43.5086763962027,0.,148.135731542004));
#3754=CARTESIAN_POINT('Ctrl Pts',(-43.3942697860508,0.,148.235667443866));
#3755=CARTESIAN_POINT('Ctrl Pts',(-43.2707521764656,0.,148.333048963155));
#3756=CARTESIAN_POINT('Ctrl Pts',(-43.1378846470999,0.,148.427772374038));
#3757=CARTESIAN_POINT('Ctrl Pts',(-43.0918885027474,0.,148.460563769357));
#3758=CARTESIAN_POINT('Ctrl Pts',(-43.04477229899,0.,148.493036729311));
#3759=CARTESIAN_POINT('Ctrl Pts',(-42.9965275330596,0.,148.525187315357));
#3760=CARTESIAN_POINT('',(-46.6279229019619,-0.00100000129802602,137.860970727863));
#3761=CARTESIAN_POINT('Origin',(-47.5572360916397,-0.00100000129802602,
145.458725665894));
#3762=CARTESIAN_POINT('',(-48.4865492813174,2.88865568190935,137.860970727863));
#3763=CARTESIAN_POINT('Origin',(-47.5572360916397,2.87683827907866,145.458725665894));
#3764=CARTESIAN_POINT('',(-48.4865492813174,0.,137.860970727863));
#3765=CARTESIAN_POINT('Origin',(-47.5572360916397,0.,145.458725665894));
#3766=CARTESIAN_POINT('',(-48.4865492813174,-0.00100000129802602,137.860970727863));
#3767=CARTESIAN_POINT('Ctrl Pts',(-52.8408562372433,-0.00100000129802602,
148.525187315357));
#3768=CARTESIAN_POINT('Ctrl Pts',(-52.8408562372433,13.003216444966,148.525187315357));
#3769=CARTESIAN_POINT('Ctrl Pts',(-48.1771844945522,-0.00100000129802602,
146.674072499229));
#3770=CARTESIAN_POINT('Ctrl Pts',(-48.1771844945522,13.003216444966,146.674072499229));
#3771=CARTESIAN_POINT('Ctrl Pts',(-50.393518008741,-0.00100000129802602,
142.848336119439));
#3772=CARTESIAN_POINT('Ctrl Pts',(-50.393518008741,13.003216444966,142.848336119439));
#3773=CARTESIAN_POINT('Ctrl Pts',(-54.8163459940329,-0.00100000129802602,
138.713520594492));
#3774=CARTESIAN_POINT('Ctrl Pts',(-54.8163459940329,13.003216444966,138.713520594492));
#3775=CARTESIAN_POINT('Ctrl Pts',(-48.4865492813174,-0.00100000129802602,
137.860970727863));
#3776=CARTESIAN_POINT('Ctrl Pts',(-48.4865492813174,13.003216444966,137.860970727863));
#3777=CARTESIAN_POINT('',(-52.8408562372434,2.94402625010768,148.525187315357));
#3778=CARTESIAN_POINT('Ctrl Pts',(-48.4865492813174,2.88865568190935,137.860970727863));
#3779=CARTESIAN_POINT('Ctrl Pts',(-48.683688510823,2.89116255872405,137.887523085143));
#3780=CARTESIAN_POINT('Ctrl Pts',(-48.8689944520423,2.89351965902981,137.917641859363));
#3781=CARTESIAN_POINT('Ctrl Pts',(-49.0432255737668,2.89573575505131,137.951152281152));
#3782=CARTESIAN_POINT('Ctrl Pts',(-49.2214036679875,2.89800205375738,137.985421836623));
#3783=CARTESIAN_POINT('Ctrl Pts',(-49.3879992686994,2.90012088729136,138.023238505031));
#3784=CARTESIAN_POINT('Ctrl Pts',(-49.5437696393998,2.90210163765431,138.064431105814));
#3785=CARTESIAN_POINT('Ctrl Pts',(-49.7058955129044,2.90416320354354,138.107304383664));
#3786=CARTESIAN_POINT('Ctrl Pts',(-49.8562946721437,2.90607518868394,138.153834719601));
#3787=CARTESIAN_POINT('Ctrl Pts',(-49.9957655191297,2.90784817093768,138.203845376045));
#3788=CARTESIAN_POINT('Ctrl Pts',(-50.103083731515,2.90921242225022,138.24232692517));
#3789=CARTESIAN_POINT('Ctrl Pts',(-50.2039303159575,2.91049437281093,138.282869451768));
#3790=CARTESIAN_POINT('Ctrl Pts',(-50.2986490015792,2.91169884174133,138.325398352136));
#3791=CARTESIAN_POINT('Ctrl Pts',(-50.4055412733827,2.91305811335119,138.373393219757));
#3792=CARTESIAN_POINT('Ctrl Pts',(-50.5053380133898,2.91432755932785,138.42423385546));
#3793=CARTESIAN_POINT('Ctrl Pts',(-50.5982938504857,2.91550981664348,138.477974679317));
#3794=CARTESIAN_POINT('Ctrl Pts',(-50.7001528911763,2.91680530921051,138.536862737721));
#3795=CARTESIAN_POINT('Ctrl Pts',(-50.793797699583,2.91799611162342,138.599233120526));
#3796=CARTESIAN_POINT('Ctrl Pts',(-50.8794991059224,2.91908569344133,138.66517937154));
#3797=CARTESIAN_POINT('Ctrl Pts',(-50.9619575032195,2.92013404462092,138.728630164224));
#3798=CARTESIAN_POINT('Ctrl Pts',(-51.037060876365,2.92108869080001,138.795391734571));
#3799=CARTESIAN_POINT('Ctrl Pts',(-51.1050077811588,2.92195272238158,138.865563050791));
#3800=CARTESIAN_POINT('Ctrl Pts',(-51.2009021967866,2.92317214221902,138.964596809327));
#3801=CARTESIAN_POINT('Ctrl Pts',(-51.2837247333748,2.92422524488877,139.071645430523));
#3802=CARTESIAN_POINT('Ctrl Pts',(-51.3529095070259,2.92510502278984,139.187525895055));
#3803=CARTESIAN_POINT('Ctrl Pts',(-51.401384389917,2.92572144644021,139.26871849931));
#3804=CARTESIAN_POINT('Ctrl Pts',(-51.4431617213214,2.92625278114979,139.354248064072));
#3805=CARTESIAN_POINT('Ctrl Pts',(-51.4780646584059,2.92669661652421,139.444398190885));
#3806=CARTESIAN_POINT('Ctrl Pts',(-51.519862510644,2.9272281295414,139.552357061816));
#3807=CARTESIAN_POINT('Ctrl Pts',(-51.5503348834152,2.92761556245611,139.663157489685));
#3808=CARTESIAN_POINT('Ctrl Pts',(-51.571328367724,2.92788253813858,139.775881717553));
#3809=CARTESIAN_POINT('Ctrl Pts',(-51.5919640138742,2.92814496316689,139.886684538305));
#3810=CARTESIAN_POINT('Ctrl Pts',(-51.6034461695441,2.9282910024009,139.999344606698));
#3811=CARTESIAN_POINT('Ctrl Pts',(-51.6075424013432,2.92834309121423,140.112974442153));
#3812=CARTESIAN_POINT('Ctrl Pts',(-51.6127471739473,2.92840927653817,140.25735529841));
#3813=CARTESIAN_POINT('Ctrl Pts',(-51.6061119787271,2.92832522595401,140.405648921355));
#3814=CARTESIAN_POINT('Ctrl Pts',(-51.5900719852213,2.92812134145018,140.557035642188));
#3815=CARTESIAN_POINT('Ctrl Pts',(-51.5760139187747,2.92794264923929,140.689716779487));
#3816=CARTESIAN_POINT('Ctrl Pts',(-51.5547320405543,2.92767190728712,140.824773611666));
#3817=CARTESIAN_POINT('Ctrl Pts',(-51.5278253759203,2.92732958315974,140.961660937545));
#3818=CARTESIAN_POINT('Ctrl Pts',(-51.5130337504063,2.92714139445759,141.036913150688));
#3819=CARTESIAN_POINT('Ctrl Pts',(-51.4965414690727,2.92693157274468,141.112718703414));
#3820=CARTESIAN_POINT('Ctrl Pts',(-51.4786074219173,2.92670351845472,141.188988379493));
#3821=CARTESIAN_POINT('Ctrl Pts',(-51.4083744467874,2.92581041657225,141.487674237556));
#3822=CARTESIAN_POINT('Ctrl Pts',(-51.3152502669892,2.92462611266056,141.796768018803));
#3823=CARTESIAN_POINT('Ctrl Pts',(-51.2129176437174,2.92332476016293,142.112421416613));
#3824=CARTESIAN_POINT('Ctrl Pts',(-51.1130297297695,2.9220544967597,142.420533907328));
#3825=CARTESIAN_POINT('Ctrl Pts',(-51.0043674607696,2.92067271051051,142.734896720631));
#3826=CARTESIAN_POINT('Ctrl Pts',(-50.8996669958952,2.91934136917462,143.051881334832));
#3827=CARTESIAN_POINT('Ctrl Pts',(-50.7949665310209,2.91801002783873,143.368865949034));
#3828=CARTESIAN_POINT('Ctrl Pts',(-50.6942278448898,2.91672913141614,143.688472800744));
#3829=CARTESIAN_POINT('Ctrl Pts',(-50.6102029490568,2.91566064766611,144.007016941023));
#3830=CARTESIAN_POINT('Ctrl Pts',(-50.5567181906855,2.91498052072721,144.20978132656));
#3831=CARTESIAN_POINT('Ctrl Pts',(-50.5098957126989,2.91438487814887,144.412516991111));
#3832=CARTESIAN_POINT('Ctrl Pts',(-50.4731524799481,2.91391756593341,144.614175453051));
#3833=CARTESIAN_POINT('Ctrl Pts',(-50.4315925236473,2.91338899308341,144.842269614574));
#3834=CARTESIAN_POINT('Ctrl Pts',(-50.4029289344833,2.91302460197535,145.068985754448));
#3835=CARTESIAN_POINT('Ctrl Pts',(-50.3921634828526,2.91288784137197,145.292769291026));
#3836=CARTESIAN_POINT('Ctrl Pts',(-50.3859379461381,2.91280875428983,145.422180733373));
#3837=CARTESIAN_POINT('Ctrl Pts',(-50.3856987891004,2.91280579084836,145.550610775589));
#3838=CARTESIAN_POINT('Ctrl Pts',(-50.3924169938654,2.91289122139308,145.677754130017));
#3839=CARTESIAN_POINT('Ctrl Pts',(-50.4067423191649,2.91307338618061,145.948863745685));
#3840=CARTESIAN_POINT('Ctrl Pts',(-50.4525913847771,2.91365636555256,146.21196541232));
#3841=CARTESIAN_POINT('Ctrl Pts',(-50.5378677018935,2.91474078483681,146.4651302086));
#3842=CARTESIAN_POINT('Ctrl Pts',(-50.5696292117645,2.91514468119357,146.559422462862));
#3843=CARTESIAN_POINT('Ctrl Pts',(-50.6068600396739,2.9156181383084,146.652336131013));
#3844=CARTESIAN_POINT('Ctrl Pts',(-50.6499714779826,2.91616635524835,146.743770035688));
#3845=CARTESIAN_POINT('Ctrl Pts',(-50.7060243234074,2.91687913869052,146.862651027053));
#3846=CARTESIAN_POINT('Ctrl Pts',(-50.7704171360741,2.9176980511768,146.975621692884));
#3847=CARTESIAN_POINT('Ctrl Pts',(-50.8424005916765,2.91861339993674,147.083073862102));
#3848=CARTESIAN_POINT('Ctrl Pts',(-50.9343907936001,2.91978315646695,147.220390786676));
#3849=CARTESIAN_POINT('Ctrl Pts',(-51.0387708227653,2.92111040488263,147.348696534287));
#3850=CARTESIAN_POINT('Ctrl Pts',(-51.1539380712219,2.92257491617656,147.468847588009));
#3851=CARTESIAN_POINT('Ctrl Pts',(-51.1955332620801,2.92310385671826,147.512242790016));
#3852=CARTESIAN_POINT('Ctrl Pts',(-51.2385358828081,2.92365070255008,147.554574434736));
#3853=CARTESIAN_POINT('Ctrl Pts',(-51.2828726114,2.92421450061922,147.595883098097));
#3854=CARTESIAN_POINT('Ctrl Pts',(-51.4105191899035,2.92583768971725,147.714811799154));
#3855=CARTESIAN_POINT('Ctrl Pts',(-51.5550764622868,2.92767563668444,147.830718766549));
#3856=CARTESIAN_POINT('Ctrl Pts',(-51.7186206078774,2.92975520092385,147.942904221612));
#3857=CARTESIAN_POINT('Ctrl Pts',(-51.9033511323117,2.93210416298026,148.069622777466));
#3858=CARTESIAN_POINT('Ctrl Pts',(-52.112306995511,2.93476139790179,148.191593411253));
#3859=CARTESIAN_POINT('Ctrl Pts',(-52.3485429011985,2.93776561427728,148.307772446558));
#3860=CARTESIAN_POINT('Ctrl Pts',(-52.5010065954495,2.93970449789281,148.382752940593));
#3861=CARTESIAN_POINT('Ctrl Pts',(-52.6648344061245,2.94178790795518,148.455320344111));
#3862=CARTESIAN_POINT('Ctrl Pts',(-52.8408562372433,2.94402625010768,148.525187315357));
#3863=CARTESIAN_POINT('',(-52.8408562372434,0.,148.525187315357));
#3864=CARTESIAN_POINT('Ctrl Pts',(-52.8408562372433,0.,148.525187315357));
#3865=CARTESIAN_POINT('Ctrl Pts',(-52.6220886502723,0.,148.438353604951));
#3866=CARTESIAN_POINT('Ctrl Pts',(-52.4203567317042,-1.64728879477412E-21,
148.346630739959));
#3867=CARTESIAN_POINT('Ctrl Pts',(-52.2348210422749,0.,148.250314732316));
#3868=CARTESIAN_POINT('Ctrl Pts',(-52.0492853528456,1.64728879477417E-21,
148.153998724673));
#3869=CARTESIAN_POINT('Ctrl Pts',(-51.8799458925551,0.,148.053089574379));
#3870=CARTESIAN_POINT('Ctrl Pts',(-51.725912447195,0.,147.947895094861));
#3871=CARTESIAN_POINT('Ctrl Pts',(-51.571879001835,0.,147.842700615343));
#3872=CARTESIAN_POINT('Ctrl Pts',(-51.4331515714054,0.,147.733220806601));
#3873=CARTESIAN_POINT('Ctrl Pts',(-51.3087891667535,0.,147.619775283546));
#3874=CARTESIAN_POINT('Ctrl Pts',(-51.1844267621016,0.,147.506329760492));
#3875=CARTESIAN_POINT('Ctrl Pts',(-51.0744293832273,0.,147.388918523127));
#3876=CARTESIAN_POINT('Ctrl Pts',(-50.9778052660338,0.,147.267872987851));
#3877=CARTESIAN_POINT('Ctrl Pts',(-50.8811811488403,0.,147.146827452576));
#3878=CARTESIAN_POINT('Ctrl Pts',(-50.7979302933275,0.,147.022147619391));
#3879=CARTESIAN_POINT('Ctrl Pts',(-50.7270101604542,0.,146.894176706185));
#3880=CARTESIAN_POINT('Ctrl Pts',(-50.6560900275809,0.,146.76620579298));
#3881=CARTESIAN_POINT('Ctrl Pts',(-50.5975006173471,0.,146.634943799754));
#3882=CARTESIAN_POINT('Ctrl Pts',(-50.5501486157674,0.,146.500745745886));
#3883=CARTESIAN_POINT('Ctrl Pts',(-50.5027966141878,0.,146.366547692018));
#3884=CARTESIAN_POINT('Ctrl Pts',(-50.4666820212621,0.,146.229413577508));
#3885=CARTESIAN_POINT('Ctrl Pts',(-50.4406607480608,0.,146.089710223221));
#3886=CARTESIAN_POINT('Ctrl Pts',(-50.4146394748595,0.,145.950006868934));
#3887=CARTESIAN_POINT('Ctrl Pts',(-50.3987115213826,0.,145.80773427487));
#3888=CARTESIAN_POINT('Ctrl Pts',(-50.3916820237559,0.,145.663271063384));
#3889=CARTESIAN_POINT('Ctrl Pts',(-50.3846525261293,0.,145.518807851898));
#3890=CARTESIAN_POINT('Ctrl Pts',(-50.3865214843529,0.,145.372154022989));
#3891=CARTESIAN_POINT('Ctrl Pts',(-50.3960432596087,0.,145.2237000005));
#3892=CARTESIAN_POINT('Ctrl Pts',(-50.4055650348644,0.,145.075245978011));
#3893=CARTESIAN_POINT('Ctrl Pts',(-50.4227396271522,0.,144.924991761941));
#3894=CARTESIAN_POINT('Ctrl Pts',(-50.4462706227094,0.,144.773339577621));
#3895=CARTESIAN_POINT('Ctrl Pts',(-50.4698016182667,0.,144.621687393301));
#3896=CARTESIAN_POINT('Ctrl Pts',(-50.4996890170935,0.,144.46863724073));
#3897=CARTESIAN_POINT('Ctrl Pts',(-50.534585630483,0.,144.314603146728));
#3898=CARTESIAN_POINT('Ctrl Pts',(-50.5694822438725,0.,144.160569052725));
#3899=CARTESIAN_POINT('Ctrl Pts',(-50.6093880718247,0.,144.005551017291));
#3900=CARTESIAN_POINT('Ctrl Pts',(-50.6529051506886,0.,143.849974868731));
#3901=CARTESIAN_POINT('Ctrl Pts',(-50.6975751722816,0.,143.690276881251));
#3902=CARTESIAN_POINT('Ctrl Pts',(-50.7460505721864,0.,143.529990759921));
#3903=CARTESIAN_POINT('Ctrl Pts',(-50.7967636578394,0.,143.369590017055));
#3904=CARTESIAN_POINT('Ctrl Pts',(-50.8461678279985,0.,143.213329251374));
#3905=CARTESIAN_POINT('Ctrl Pts',(-50.8976954371154,0.,143.056959757414));
#3906=CARTESIAN_POINT('Ctrl Pts',(-50.9498456264178,0.,142.900931279128));
#3907=CARTESIAN_POINT('Ctrl Pts',(-51.0019958157203,0.,142.744902800841));
#3908=CARTESIAN_POINT('Ctrl Pts',(-51.0547685852082,0.,142.589215338228));
#3909=CARTESIAN_POINT('Ctrl Pts',(-51.1066123011649,0.,142.434330436727));
#3910=CARTESIAN_POINT('Ctrl Pts',(-51.1584560171216,0.,142.279445535226));
#3911=CARTESIAN_POINT('Ctrl Pts',(-51.2093706795471,0.,142.125363194838));
#3912=CARTESIAN_POINT('Ctrl Pts',(-51.2577538797805,0.,141.97255676249));
#3913=CARTESIAN_POINT('Ctrl Pts',(-51.3061370800139,0.,141.819750330142));
#3914=CARTESIAN_POINT('Ctrl Pts',(-51.3519888180551,0.,141.668219805835));
#3915=CARTESIAN_POINT('Ctrl Pts',(-51.393655910299,0.,141.518450337983));
#3916=CARTESIAN_POINT('Ctrl Pts',(-51.4353230025428,0.,141.368680870132));
#3917=CARTESIAN_POINT('Ctrl Pts',(-51.4728054489893,0.,141.220672458738));
#3918=CARTESIAN_POINT('Ctrl Pts',(-51.5043992910889,0.,141.074922053703));
#3919=CARTESIAN_POINT('Ctrl Pts',(-51.5359931331885,0.,140.929171648669));
#3920=CARTESIAN_POINT('Ctrl Pts',(-51.5616983709413,0.,140.785679249994));
#3921=CARTESIAN_POINT('Ctrl Pts',(-51.5797602708535,0.,140.644953609072));
#3922=CARTESIAN_POINT('Ctrl Pts',(-51.5978221707657,0.,140.50422796815));
#3923=CARTESIAN_POINT('Ctrl Pts',(-51.6082407328373,0.,140.366269084981));
#3924=CARTESIAN_POINT('Ctrl Pts',(-51.6092104486303,0.,140.231597512443));
#3925=CARTESIAN_POINT('Ctrl Pts',(-51.6102283363194,0.,140.090235953996));
#3926=CARTESIAN_POINT('Ctrl Pts',(-51.6008357676628,0.,139.952496310942));
#3927=CARTESIAN_POINT('Ctrl Pts',(-51.5788843907874,0.,139.818994619248));
#3928=CARTESIAN_POINT('Ctrl Pts',(-51.5579718706113,0.,139.691810942482));
#3929=CARTESIAN_POINT('Ctrl Pts',(-51.5256606836723,2.14794106268936E-19,
139.568473683803));
#3930=CARTESIAN_POINT('Ctrl Pts',(-51.4800412493324,2.16840434497101E-19,
139.44952758532));
#3931=CARTESIAN_POINT('Ctrl Pts',(-51.4344218149925,2.18886762725265E-19,
139.330581486838));
#3932=CARTESIAN_POINT('Ctrl Pts',(-51.3754941332516,0.,139.216026548553));
#3933=CARTESIAN_POINT('Ctrl Pts',(-51.3012978485275,0.,139.106419314064));
#3934=CARTESIAN_POINT('Ctrl Pts',(-51.2271015638032,0.,138.996812079575));
#3935=CARTESIAN_POINT('Ctrl Pts',(-51.1376366760956,0.,138.892152548882));
#3936=CARTESIAN_POINT('Ctrl Pts',(-51.0308920548781,0.,138.793009067072));
#3937=CARTESIAN_POINT('Ctrl Pts',(-50.9241474336609,0.,138.693865585262));
#3938=CARTESIAN_POINT('Ctrl Pts',(-50.8001230789339,0.,138.600238152334));
#3939=CARTESIAN_POINT('Ctrl Pts',(-50.6567570852261,0.,138.512706914865));
#3940=CARTESIAN_POINT('Ctrl Pts',(-50.513391091518,0.,138.425175677396));
#3941=CARTESIAN_POINT('Ctrl Pts',(-50.3506834588292,2.15108006385725E-19,
138.343740635384));
#3942=CARTESIAN_POINT('Ctrl Pts',(-50.1665215067443,2.16840434497101E-19,
138.268993736893));
#3943=CARTESIAN_POINT('Ctrl Pts',(-49.9823595546593,2.18572862608479E-19,
138.194246838402));
#3944=CARTESIAN_POINT('Ctrl Pts',(-49.7767432831782,0.,138.126188083433));
#3945=CARTESIAN_POINT('Ctrl Pts',(-49.5475092369418,0.,138.065421221535));
#3946=CARTESIAN_POINT('Ctrl Pts',(-49.3182751907055,0.,138.004654359637));
#3947=CARTESIAN_POINT('Ctrl Pts',(-49.0654233697138,0.,137.951179390812));
#3948=CARTESIAN_POINT('Ctrl Pts',(-48.7867395436631,0.,137.905611866098));
#3949=CARTESIAN_POINT('Ctrl Pts',(-48.6898316673938,0.,137.889766482785));
#3950=CARTESIAN_POINT('Ctrl Pts',(-48.5897997605819,0.,137.874877364414));
#3951=CARTESIAN_POINT('Ctrl Pts',(-48.4865492813174,0.,137.860970727863));
#3952=CARTESIAN_POINT('',(-52.8408562372434,-0.00100000129802602,148.525187315357));
#3953=CARTESIAN_POINT('Ctrl Pts',(-62.4405422113663,-0.00100000129802602,
149.815998102716));
#3954=CARTESIAN_POINT('Ctrl Pts',(-62.4405422113663,13.003216444966,149.815998102716));
#3955=CARTESIAN_POINT('Ctrl Pts',(-58.2189450705962,-0.00100000129802602,
149.170592709036));
#3956=CARTESIAN_POINT('Ctrl Pts',(-58.2189450705962,13.003216444966,149.170592709036));
#3957=CARTESIAN_POINT('Ctrl Pts',(-52.8408562372434,-0.00100000129802602,
148.525187315357));
#3958=CARTESIAN_POINT('Ctrl Pts',(-52.8408562372434,13.003216444966,148.525187315357));
#3959=CARTESIAN_POINT('',(-62.4405422113663,3.06609850461176,149.815998102716));
#3960=CARTESIAN_POINT('Ctrl Pts',(-52.8408562372434,2.94402625010768,148.525187315357));
#3961=CARTESIAN_POINT('Ctrl Pts',(-54.2634024134282,2.96211573963173,148.695902043826));
#3962=CARTESIAN_POINT('Ctrl Pts',(-55.6992847003917,2.98037477963964,148.875499438686));
#3963=CARTESIAN_POINT('Ctrl Pts',(-57.124365906147,2.9984965305376,149.063361126946));
#3964=CARTESIAN_POINT('Ctrl Pts',(-57.3931214131661,3.00191410444917,149.098789889233));
#3965=CARTESIAN_POINT('Ctrl Pts',(-57.6614929043876,3.00532679553069,149.134512579714));
#3966=CARTESIAN_POINT('Ctrl Pts',(-57.9293189732591,3.00873254569066,149.170525050722));
#3967=CARTESIAN_POINT('Ctrl Pts',(-59.0829388690367,3.0234022944614,149.325643270641));
#3968=CARTESIAN_POINT('Ctrl Pts',(-60.2489964344505,3.03823015299321,149.489170311496));
#3969=CARTESIAN_POINT('Ctrl Pts',(-61.4066804095197,3.05295160996768,149.660505079194));
#3970=CARTESIAN_POINT('Ctrl Pts',(-61.7522308020828,3.05734573249695,149.71164580284));
#3971=CARTESIAN_POINT('Ctrl Pts',(-62.0970352548124,3.06173037541072,149.763482138939));
#3972=CARTESIAN_POINT('Ctrl Pts',(-62.4405422113663,3.06609850461176,149.815998102716));
#3973=CARTESIAN_POINT('',(-62.4405422113663,0.,149.815998102716));
#3974=CARTESIAN_POINT('Ctrl Pts',(-62.4405422113663,0.,149.815998102716));
#3975=CARTESIAN_POINT('Ctrl Pts',(-59.6261441175196,0.,149.385727840263));
#3976=CARTESIAN_POINT('Ctrl Pts',(-56.4262487928119,0.,148.95545757781));
#3977=CARTESIAN_POINT('Ctrl Pts',(-52.8408562372434,0.,148.525187315357));
#3978=CARTESIAN_POINT('',(-62.4405422113663,-0.00100000129802602,149.815998102716));
#3979=CARTESIAN_POINT('Ctrl Pts',(-66.8547309363461,-0.00100000129802602,
160.48021469021));
#3980=CARTESIAN_POINT('Ctrl Pts',(-66.8547309363461,13.003216444966,160.48021469021));
#3981=CARTESIAN_POINT('Ctrl Pts',(-60.5291236104644,-0.00100000129802602,
159.625261692554));
#3982=CARTESIAN_POINT('Ctrl Pts',(-60.5291236104644,13.003216444966,159.625261692554));
#3983=CARTESIAN_POINT('Ctrl Pts',(-64.9355496375668,-0.00100000129802602,
155.486653290808));
#3984=CARTESIAN_POINT('Ctrl Pts',(-64.9355496375668,13.003216444966,155.486653290808));
#3985=CARTESIAN_POINT('Ctrl Pts',(-67.2078715634755,-0.00100000129802602,
151.630614234618));
#3986=CARTESIAN_POINT('Ctrl Pts',(-67.2078715634755,13.003216444966,151.630614234618));
#3987=CARTESIAN_POINT('Ctrl Pts',(-62.4405422113663,-0.00100000129802602,
149.815998102716));
#3988=CARTESIAN_POINT('Ctrl Pts',(-62.4405422113663,13.003216444966,149.815998102716));
#3989=CARTESIAN_POINT('',(-66.8547309363461,3.12223054590117,160.48021469021));
#3990=CARTESIAN_POINT('Ctrl Pts',(-62.4405422113663,3.06609850461176,149.815998102716));
#3991=CARTESIAN_POINT('Ctrl Pts',(-62.6826303146461,3.06917696370257,149.908145497013));
#3992=CARTESIAN_POINT('Ctrl Pts',(-62.9017979057615,3.0719643698428,150.005260777289));
#3993=CARTESIAN_POINT('Ctrl Pts',(-63.1002858268815,3.07448859676452,150.106565768022));
#3994=CARTESIAN_POINT('Ctrl Pts',(-63.2844239703342,3.07683033351302,150.200546866775));
#3995=CARTESIAN_POINT('Ctrl Pts',(-63.4507648310023,3.07894556883219,150.298133838722));
#3996=CARTESIAN_POINT('Ctrl Pts',(-63.6010592535319,3.08085655754544,150.398726201697));
#3997=CARTESIAN_POINT('Ctrl Pts',(-63.7513536760615,3.08276754625869,150.499318564671));
#3998=CARTESIAN_POINT('Ctrl Pts',(-63.8856023872908,3.08447428836601,150.602916147021));
#3999=CARTESIAN_POINT('Ctrl Pts',(-64.0055078020508,3.08599903869081,150.708941279242));
#4000=CARTESIAN_POINT('Ctrl Pts',(-64.1200524177115,3.08745561961572,150.810226179885));
#4001=CARTESIAN_POINT('Ctrl Pts',(-64.2264731460038,3.08880893120964,150.918117418492));
#4002=CARTESIAN_POINT('Ctrl Pts',(-64.3234619381558,3.09004222124571,151.033297763106));
#4003=CARTESIAN_POINT('Ctrl Pts',(-64.4129737994759,3.09118043612835,151.139598777946));
#4004=CARTESIAN_POINT('Ctrl Pts',(-64.4944470103384,3.09221642125275,151.252109769537));
#4005=CARTESIAN_POINT('Ctrl Pts',(-64.5668385830883,3.09313700771415,151.371356482241));
#4006=CARTESIAN_POINT('Ctrl Pts',(-64.6082922282996,3.09366416388865,151.439640824371));
#4007=CARTESIAN_POINT('Ctrl Pts',(-64.646767993062,3.09415348014353,151.510133554274));
#4008=CARTESIAN_POINT('Ctrl Pts',(-64.6820773578932,3.09460248376528,151.582928762223));
#4009=CARTESIAN_POINT('Ctrl Pts',(-64.7690550995108,3.09570851671673,151.762245575717));
#4010=CARTESIAN_POINT('Ctrl Pts',(-64.8331051534725,3.09652303150092,151.947850646879));
#4011=CARTESIAN_POINT('Ctrl Pts',(-64.8771553734254,3.09708316938056,152.139124779635));
#4012=CARTESIAN_POINT('Ctrl Pts',(-64.9060161644548,3.09745016010862,152.264443626639));
#4013=CARTESIAN_POINT('Ctrl Pts',(-64.926289839564,3.09770795703763,152.392196606197));
#4014=CARTESIAN_POINT('Ctrl Pts',(-64.9387973395461,3.09786700585705,152.522210372328));
#4015=CARTESIAN_POINT('Ctrl Pts',(-64.9496777980408,3.09800536476817,152.635311262846));
#4016=CARTESIAN_POINT('Ctrl Pts',(-64.9545802852861,3.09806743624703,152.74911764228));
#4017=CARTESIAN_POINT('Ctrl Pts',(-64.9543630447931,3.09806455921572,152.863122534144));
#4018=CARTESIAN_POINT('Ctrl Pts',(-64.9540621633259,3.09806057448254,153.021021085515));
#4019=CARTESIAN_POINT('Ctrl Pts',(-64.9439420012583,3.09793200109057,153.179298908524));
#4020=CARTESIAN_POINT('Ctrl Pts',(-64.9263893670451,3.09770896464275,153.336599471935));
#4021=CARTESIAN_POINT('Ctrl Pts',(-64.911650342466,3.09752167995109,153.468685450727));
#4022=CARTESIAN_POINT('Ctrl Pts',(-64.8916759416304,3.09726778902648,153.600081272239));
#4023=CARTESIAN_POINT('Ctrl Pts',(-64.8678743069496,3.09696512859198,153.729998854153));
#4024=CARTESIAN_POINT('Ctrl Pts',(-64.8623076369346,3.09689434308551,153.760383670884));
#4025=CARTESIAN_POINT('Ctrl Pts',(-64.8565314367747,3.09682088994793,153.790687736468));
#4026=CARTESIAN_POINT('Ctrl Pts',(-64.8505632910698,3.09674499736109,153.820901189919));
#4027=CARTESIAN_POINT('Ctrl Pts',(-64.8127084442635,3.09626362468848,154.01253954937));
#4028=CARTESIAN_POINT('Ctrl Pts',(-64.7661299149223,3.09567091610383,154.205575531723));
#4029=CARTESIAN_POINT('Ctrl Pts',(-64.7136691390198,3.09500356960228,154.399087418774));
#4030=CARTESIAN_POINT('Ctrl Pts',(-64.6513792529364,3.09421118830703,154.628855911383));
#4031=CARTESIAN_POINT('Ctrl Pts',(-64.5807974873658,3.09331358050238,154.859294542056));
#4032=CARTESIAN_POINT('Ctrl Pts',(-64.506754278258,3.09237217764593,155.088858525586));
#4033=CARTESIAN_POINT('Ctrl Pts',(-64.4298144543884,3.09139394654495,155.327403189876));
#4034=CARTESIAN_POINT('Ctrl Pts',(-64.3491414570384,3.0903684267899,155.565002061262));
#4035=CARTESIAN_POINT('Ctrl Pts',(-64.2701819865498,3.08936454527079,155.799937830112));
#4036=CARTESIAN_POINT('Ctrl Pts',(-64.2021711044373,3.08849986283019,156.002297202338));
#4037=CARTESIAN_POINT('Ctrl Pts',(-64.1354337842347,3.08765123390736,156.202680558027));
#4038=CARTESIAN_POINT('Ctrl Pts',(-64.0734256019428,3.08686270498413,156.400011607516));
#4039=CARTESIAN_POINT('Ctrl Pts',(-64.0634433455335,3.08673576531897,156.431778530213));
#4040=CARTESIAN_POINT('Ctrl Pts',(-64.053583551058,3.08661038317479,156.463466404986));
#4041=CARTESIAN_POINT('Ctrl Pts',(-64.0438605106564,3.08648674231137,156.495070807644));
#4042=CARTESIAN_POINT('Ctrl Pts',(-63.9981714829068,3.08590574803317,156.643581393883));
#4043=CARTESIAN_POINT('Ctrl Pts',(-63.9552412103997,3.08535942386602,156.791081247029));
#4044=CARTESIAN_POINT('Ctrl Pts',(-63.9167014690736,3.08486912980924,156.936985006335));
#4045=CARTESIAN_POINT('Ctrl Pts',(-63.8737747430399,3.08432302550425,157.099497013097));
#4046=CARTESIAN_POINT('Ctrl Pts',(-63.8362959735182,3.08384643314105,157.260028429124));
#4047=CARTESIAN_POINT('Ctrl Pts',(-63.806588678025,3.08346886876358,157.417758975103));
#4048=CARTESIAN_POINT('Ctrl Pts',(-63.7735981086917,3.08304957567191,157.59292202602));
#4049=CARTESIAN_POINT('Ctrl Pts',(-63.7501949054344,3.08275240948044,157.76462974072));
#4050=CARTESIAN_POINT('Ctrl Pts',(-63.7396088351572,3.08261779409109,157.931758178892));
#4051=CARTESIAN_POINT('Ctrl Pts',(-63.7327472112708,3.08253053978927,158.040086619326));
#4052=CARTESIAN_POINT('Ctrl Pts',(-63.7311114818079,3.08250980332057,158.148935964481));
#4053=CARTESIAN_POINT('Ctrl Pts',(-63.7363706586015,3.08257676694519,158.257280074388));
#4054=CARTESIAN_POINT('Ctrl Pts',(-63.7411002331851,3.08263698729326,158.354713868423));
#4055=CARTESIAN_POINT('Ctrl Pts',(-63.7514101135457,3.08276813416458,158.45173797587));
#4056=CARTESIAN_POINT('Ctrl Pts',(-63.7685184730581,3.08298561339349,158.547614513965));
#4057=CARTESIAN_POINT('Ctrl Pts',(-63.7817649245739,3.08315400055295,158.621848628139));
#4058=CARTESIAN_POINT('Ctrl Pts',(-63.7990876534112,3.08337414314866,158.695394777083));
#4059=CARTESIAN_POINT('Ctrl Pts',(-63.8210318849249,3.08365319204895,158.767920384327));
#4060=CARTESIAN_POINT('Ctrl Pts',(-63.86634879121,3.08422945432798,158.91769259871));
#4061=CARTESIAN_POINT('Ctrl Pts',(-63.9295511689363,3.08503310774946,159.057108523129));
#4062=CARTESIAN_POINT('Ctrl Pts',(-64.0112722406775,3.08607230717078,159.186835882801));
#4063=CARTESIAN_POINT('Ctrl Pts',(-64.0501513620054,3.08656671038313,159.248554184443));
#4064=CARTESIAN_POINT('Ctrl Pts',(-64.0932212826673,3.08711442750229,159.308079294403));
#4065=CARTESIAN_POINT('Ctrl Pts',(-64.1405550441136,3.08771633666781,159.365479167117));
#4066=CARTESIAN_POINT('Ctrl Pts',(-64.2017916039088,3.08849503765161,159.439738440632));
#4067=CARTESIAN_POINT('Ctrl Pts',(-64.2685983502088,3.08934475361746,159.508531771485));
#4068=CARTESIAN_POINT('Ctrl Pts',(-64.3398504256779,3.09025084511012,159.572363994218));
#4069=CARTESIAN_POINT('Ctrl Pts',(-64.4529679124606,3.09168932661076,159.673701963165));
#4070=CARTESIAN_POINT('Ctrl Pts',(-64.5772815699735,3.09326989534864,159.762540741929));
#4071=CARTESIAN_POINT('Ctrl Pts',(-64.7081454706681,3.09493397506895,159.840899778907));
#4072=CARTESIAN_POINT('Ctrl Pts',(-64.716164409052,3.09503594476931,159.845701380312));
#4073=CARTESIAN_POINT('Ctrl Pts',(-64.7242079537379,3.09513822804194,159.850463613189));
#4074=CARTESIAN_POINT('Ctrl Pts',(-64.7322750457724,3.0952408114092,159.855186933375));
#4075=CARTESIAN_POINT('Ctrl Pts',(-64.9067031918338,3.09745888782296,159.957315430193));
#4076=CARTESIAN_POINT('Ctrl Pts',(-65.1081597329912,3.10002028962758,160.050634157875));
#4077=CARTESIAN_POINT('Ctrl Pts',(-65.3398401894669,3.10296624687708,160.134274389363));
#4078=CARTESIAN_POINT('Ctrl Pts',(-65.5648504180458,3.10582738814112,160.215506565316));
#4079=CARTESIAN_POINT('Ctrl Pts',(-65.8183692098663,3.109051260416,160.287609570543));
#4080=CARTESIAN_POINT('Ctrl Pts',(-66.1033714967459,3.11267563418014,160.349777909623));
#4081=CARTESIAN_POINT('Ctrl Pts',(-66.3328811035004,3.11559430759307,160.399841476519));
#4082=CARTESIAN_POINT('Ctrl Pts',(-66.5828083481824,3.11877270327202,160.4434623248));
#4083=CARTESIAN_POINT('Ctrl Pts',(-66.8547309363461,3.12223054590117,160.48021469021));
#4084=CARTESIAN_POINT('',(-66.8547309363461,0.,160.48021469021));
#4085=CARTESIAN_POINT('Ctrl Pts',(-66.8547309363461,0.,160.48021469021));
#4086=CARTESIAN_POINT('Ctrl Pts',(-66.5549322968955,0.,160.439694668607));
#4087=CARTESIAN_POINT('Ctrl Pts',(-66.2822494030271,0.,160.390877770737));
#4088=CARTESIAN_POINT('Ctrl Pts',(-66.034396276623,0.,160.334398896425));
#4089=CARTESIAN_POINT('Ctrl Pts',(-65.7865431502188,0.,160.277920022113));
#4090=CARTESIAN_POINT('Ctrl Pts',(-65.563519791279,0.,160.213779171359));
#4091=CARTESIAN_POINT('Ctrl Pts',(-65.3630910563581,0.,160.142599702494));
#4092=CARTESIAN_POINT('Ctrl Pts',(-65.1626623214373,0.,160.071420233629));
#4093=CARTESIAN_POINT('Ctrl Pts',(-64.9848282105354,0.,159.993202146653));
#4094=CARTESIAN_POINT('Ctrl Pts',(-64.8274044148801,0.,159.9085572584));
#4095=CARTESIAN_POINT('Ctrl Pts',(-64.6699806192248,0.,159.823912370146));
#4096=CARTESIAN_POINT('Ctrl Pts',(-64.5329671388161,0.,159.732840680616));
#4097=CARTESIAN_POINT('Ctrl Pts',(-64.4142304995541,0.,159.635942465146));
#4098=CARTESIAN_POINT('Ctrl Pts',(-64.2954938602921,0.,159.539044249677));
#4099=CARTESIAN_POINT('Ctrl Pts',(-64.1950340621769,0.,159.436319508268));
#4100=CARTESIAN_POINT('Ctrl Pts',(-64.1107684657814,0.,159.328356974763));
#4101=CARTESIAN_POINT('Ctrl Pts',(-64.026502869386,0.,159.220394441258));
#4102=CARTESIAN_POINT('Ctrl Pts',(-63.9584314747103,0.,159.107194115655));
#4103=CARTESIAN_POINT('Ctrl Pts',(-63.9045224770002,0.,158.989333190301));
#4104=CARTESIAN_POINT('Ctrl Pts',(-63.85061347929,0.,158.871472264947));
#4105=CARTESIAN_POINT('Ctrl Pts',(-63.8108668785454,0.,158.748950739842));
#4106=CARTESIAN_POINT('Ctrl Pts',(-63.7833017046847,0.,158.622334265836));
#4107=CARTESIAN_POINT('Ctrl Pts',(-63.7557365308241,0.,158.495717791829));
#4108=CARTESIAN_POINT('Ctrl Pts',(-63.7403527838475,0.,158.36500636892));
#4109=CARTESIAN_POINT('Ctrl Pts',(-63.7352203283462,0.,158.230754106464));
#4110=CARTESIAN_POINT('Ctrl Pts',(-63.7300878728449,0.,158.096501844007));
#4111=CARTESIAN_POINT('Ctrl Pts',(-63.7352067088189,0.,157.958708742002));
#4112=CARTESIAN_POINT('Ctrl Pts',(-63.7486975355322,0.,157.817917368306));
#4113=CARTESIAN_POINT('Ctrl Pts',(-63.7621883622454,0.,157.677125994611));
#4114=CARTESIAN_POINT('Ctrl Pts',(-63.784051179698,0.,157.533336349224));
#4115=CARTESIAN_POINT('Ctrl Pts',(-63.8124575218266,0.,157.387079458509));
#4116=CARTESIAN_POINT('Ctrl Pts',(-63.8408638639551,0.,157.240822567793));
#4117=CARTESIAN_POINT('Ctrl Pts',(-63.8758137307595,0.,157.092098431748));
#4118=CARTESIAN_POINT('Ctrl Pts',(-63.9155294908495,0.,156.941426535238));
#4119=CARTESIAN_POINT('Ctrl Pts',(-63.9552452509396,0.,156.790754638728));
#4120=CARTESIAN_POINT('Ctrl Pts',(-63.9997269043151,0.,156.638134981753));
#4121=CARTESIAN_POINT('Ctrl Pts',(-64.0472476542584,0.,156.484075507683));
#4122=CARTESIAN_POINT('Ctrl Pts',(-64.0951625087866,0.,156.328738369747));
#4123=CARTESIAN_POINT('Ctrl Pts',(-64.1461670055527,0.,156.171937450256));
#4124=CARTESIAN_POINT('Ctrl Pts',(-64.1985433539769,0.,156.014181555186));
#4125=CARTESIAN_POINT('Ctrl Pts',(-64.2504889015719,0.,155.857723218507));
#4126=CARTESIAN_POINT('Ctrl Pts',(-64.3037838969494,0.,155.700325535167));
#4127=CARTESIAN_POINT('Ctrl Pts',(-64.356803634325,0.,155.542473269825));
#4128=CARTESIAN_POINT('Ctrl Pts',(-64.4098233717006,0.,155.384621004484));
#4129=CARTESIAN_POINT('Ctrl Pts',(-64.4625678510744,0.,155.226314157141));
#4130=CARTESIAN_POINT('Ctrl Pts',(-64.5134632013347,0.,155.06802595096));
#4131=CARTESIAN_POINT('Ctrl Pts',(-64.564358551595,0.,154.909737744778));
#4132=CARTESIAN_POINT('Ctrl Pts',(-64.613404772742,0.,154.751468179758));
#4133=CARTESIAN_POINT('Ctrl Pts',(-64.6590788283367,0.,154.593678937567));
#4134=CARTESIAN_POINT('Ctrl Pts',(-64.7047528839314,0.,154.435889695376));
#4135=CARTESIAN_POINT('Ctrl Pts',(-64.747054773974,0.,154.278580776014));
#4136=CARTESIAN_POINT('Ctrl Pts',(-64.7845122966983,0.,154.122202319651));
#4137=CARTESIAN_POINT('Ctrl Pts',(-64.8219698194225,0.,153.965823863288));
#4138=CARTESIAN_POINT('Ctrl Pts',(-64.8545829748286,0.,153.810375869925));
#4139=CARTESIAN_POINT('Ctrl Pts',(-64.8809303958231,0.,153.656296938237));
#4140=CARTESIAN_POINT('Ctrl Pts',(-64.9072778168176,0.,153.502218006548));
#4141=CARTESIAN_POINT('Ctrl Pts',(-64.9273595034005,0.,153.349508136534));
#4142=CARTESIAN_POINT('Ctrl Pts',(-64.9398049231514,0.,153.198594385373));
#4143=CARTESIAN_POINT('Ctrl Pts',(-64.9522503429023,0.,153.047680634212));
#4144=CARTESIAN_POINT('Ctrl Pts',(-64.9570594958211,0.,152.898563001904));
#4145=CARTESIAN_POINT('Ctrl Pts',(-64.95291268416,0.,152.751657004131));
#4146=CARTESIAN_POINT('Ctrl Pts',(-64.9487013897142,0.,152.60246662293));
#4147=CARTESIAN_POINT('Ctrl Pts',(-64.9352532982825,0.,152.455557223819));
#4148=CARTESIAN_POINT('Ctrl Pts',(-64.9112398432079,0.,152.311351826916));
#4149=CARTESIAN_POINT('Ctrl Pts',(-64.8875940789882,0.,152.16935448402));
#4150=CARTESIAN_POINT('Ctrl Pts',(-64.8537041577193,0.,152.0299789405));
#4151=CARTESIAN_POINT('Ctrl Pts',(-64.8083528414763,0.,151.893617449578));
#4152=CARTESIAN_POINT('Ctrl Pts',(-64.7630015252333,0.,151.757255958655));
#4153=CARTESIAN_POINT('Ctrl Pts',(-64.7061888140162,1.96210033074038E-21,
151.62390852033));
#4154=CARTESIAN_POINT('Ctrl Pts',(-64.636748304573,0.,151.493955846326));
#4155=CARTESIAN_POINT('Ctrl Pts',(-64.5673077951296,-1.96210033074559E-21,
151.364003172322));
#4156=CARTESIAN_POINT('Ctrl Pts',(-64.48523948746,0.,151.237445262639));
#4157=CARTESIAN_POINT('Ctrl Pts',(-64.3894278129849,0.,151.114651287505));
#4158=CARTESIAN_POINT('Ctrl Pts',(-64.2910088688393,0.,150.988515788399));
#4159=CARTESIAN_POINT('Ctrl Pts',(-64.178088152952,0.,150.866351918788));
#4160=CARTESIAN_POINT('Ctrl Pts',(-64.049512372254,0.,150.748547134748));
#4161=CARTESIAN_POINT('Ctrl Pts',(-63.9243427623528,0.,150.633863181185));
#4162=CARTESIAN_POINT('Ctrl Pts',(-63.7843367882192,0.,150.523310361545));
#4163=CARTESIAN_POINT('Ctrl Pts',(-63.6284819339551,0.,150.417234448992));
#4164=CARTESIAN_POINT('Ctrl Pts',(-63.4662652928296,0.,150.306828659452));
#4165=CARTESIAN_POINT('Ctrl Pts',(-63.2868791222499,2.15104892811541E-19,
150.201272805779));
#4166=CARTESIAN_POINT('Ctrl Pts',(-63.0892402748117,2.16840434497101E-19,
150.100943476103));
#4167=CARTESIAN_POINT('Ctrl Pts',(-62.8916014273734,2.1857597618266E-19,
150.000614146428));
#4168=CARTESIAN_POINT('Ctrl Pts',(-62.6757099030765,0.,149.90551134075));
#4169=CARTESIAN_POINT('Ctrl Pts',(-62.4405422113663,0.,149.815998102716));
#4170=CARTESIAN_POINT('',(-66.8547309363461,-0.00100000129802602,160.48021469021));
#4171=CARTESIAN_POINT('Origin',(-67.7840441260238,-0.00100000129802602,
152.882459752179));
#4172=CARTESIAN_POINT('',(-68.7133573157016,3.14586535156255,160.48021469021));
#4173=CARTESIAN_POINT('Origin',(-67.7840441260238,3.13404794873186,152.882459752179));
#4174=CARTESIAN_POINT('',(-68.7133573157016,0.,160.48021469021));
#4175=CARTESIAN_POINT('Origin',(-67.7840441260238,0.,152.882459752179));
#4176=CARTESIAN_POINT('',(-68.7133573157016,-0.00100000129802602,160.48021469021));
#4177=CARTESIAN_POINT('Ctrl Pts',(-72.3447526846038,-0.00100000129802602,
149.815998102716));
#4178=CARTESIAN_POINT('Ctrl Pts',(-72.3447526846038,13.003216444966,149.815998102716));
#4179=CARTESIAN_POINT('Ctrl Pts',(-68.9880761007975,-0.00100000129802602,
152.003221044737));
#4180=CARTESIAN_POINT('Ctrl Pts',(-68.9880761007975,13.003216444966,152.003221044737));
#4181=CARTESIAN_POINT('Ctrl Pts',(-70.4455040533832,-0.00100000129802602,
155.530657707494));
#4182=CARTESIAN_POINT('Ctrl Pts',(-70.4455040533832,13.003216444966,155.530657707494));
#4183=CARTESIAN_POINT('Ctrl Pts',(-75.055346193376,-0.00100000129802602,
159.678775480803));
#4184=CARTESIAN_POINT('Ctrl Pts',(-75.055346193376,13.003216444966,159.678775480803));
#4185=CARTESIAN_POINT('Ctrl Pts',(-68.7133573157017,-0.00100000129802602,
160.48021469021));
#4186=CARTESIAN_POINT('Ctrl Pts',(-68.7133573157017,13.003216444966,160.48021469021));
#4187=CARTESIAN_POINT('',(-72.3447526846039,3.19204317663647,149.815998102716));
#4188=CARTESIAN_POINT('Ctrl Pts',(-68.7133573157017,3.14586535156255,160.48021469021));
#4189=CARTESIAN_POINT('Ctrl Pts',(-68.9093804075958,3.14835803526355,160.455443187953));
#4190=CARTESIAN_POINT('Ctrl Pts',(-69.0936268262632,3.15070166871712,160.427077398174));
#4191=CARTESIAN_POINT('Ctrl Pts',(-69.2668615086081,3.15290510168701,160.395297420717));
#4192=CARTESIAN_POINT('Ctrl Pts',(-69.4440222423249,3.15515847148778,160.362797207436));
#4193=CARTESIAN_POINT('Ctrl Pts',(-69.609666240774,3.15726521401325,160.326726240561));
#4194=CARTESIAN_POINT('Ctrl Pts',(-69.7645577313657,3.15923479445818,160.287261220651));
#4195=CARTESIAN_POINT('Ctrl Pts',(-69.9257396904568,3.16128436369848,160.246193443458));
#4196=CARTESIAN_POINT('Ctrl Pts',(-70.0752779294214,3.16318540375109,160.201450309214));
#4197=CARTESIAN_POINT('Ctrl Pts',(-70.2139782811151,3.1649485804831,160.153214488254));
#4198=CARTESIAN_POINT('Ctrl Pts',(-70.323162455776,3.16633654377169,160.115243508107));
#4199=CARTESIAN_POINT('Ctrl Pts',(-70.4256294713514,3.16763907654982,160.075107844253));
#4200=CARTESIAN_POINT('Ctrl Pts',(-70.521750784807,3.16886138168262,160.032890132546));
#4201=CARTESIAN_POINT('Ctrl Pts',(-70.6288703947979,3.17022354418756,159.985841828167));
#4202=CARTESIAN_POINT('Ctrl Pts',(-70.7287182046754,3.17149363684735,159.935942322368));
#4203=CARTESIAN_POINT('Ctrl Pts',(-70.8216024879335,3.17267498130265,159.883160877762));
#4204=CARTESIAN_POINT('Ctrl Pts',(-70.9232229027048,3.17396743584204,159.825415131065));
#4205=CARTESIAN_POINT('Ctrl Pts',(-71.0165081386744,3.17515366286368,159.764219847246));
#4206=CARTESIAN_POINT('Ctrl Pts',(-71.1017980265911,3.17623801216303,159.699513185166));
#4207=CARTESIAN_POINT('Ctrl Pts',(-71.1830538242792,3.17727107328486,159.637867056046));
#4208=CARTESIAN_POINT('Ctrl Pts',(-71.2570513216942,3.17821166611045,159.573033441285));
#4209=CARTESIAN_POINT('Ctrl Pts',(-71.3240430929975,3.17906355195112,159.504944009221));
#4210=CARTESIAN_POINT('Ctrl Pts',(-71.4191861986488,3.18027341792368,159.408241982948));
#4211=CARTESIAN_POINT('Ctrl Pts',(-71.5015668253764,3.18132090055486,159.303580229996));
#4212=CARTESIAN_POINT('Ctrl Pts',(-71.5706393297703,3.18219925063553,159.190140605686));
#4213=CARTESIAN_POINT('Ctrl Pts',(-71.6192036826737,3.18281681190197,159.110382067951));
#4214=CARTESIAN_POINT('Ctrl Pts',(-71.6611868039066,3.18335076436551,159.026283069583));
#4215=CARTESIAN_POINT('Ctrl Pts',(-71.6964170766866,3.18379876223093,158.93755671574));
#4216=CARTESIAN_POINT('Ctrl Pts',(-71.7382808051316,3.18433111294813,158.832124208691));
#4217=CARTESIAN_POINT('Ctrl Pts',(-71.7691481815793,3.18472356736388,158.723833682702));
#4218=CARTESIAN_POINT('Ctrl Pts',(-71.790800836155,3.18499892534731,158.613585732336));
#4219=CARTESIAN_POINT('Ctrl Pts',(-71.8123158274005,3.1852725326587,158.504038716812));
#4220=CARTESIAN_POINT('Ctrl Pts',(-71.8247381001302,3.18543052775682,158.392560645385));
#4221=CARTESIAN_POINT('Ctrl Pts',(-71.8298300502151,3.1854952783985,158.280050813338));
#4222=CARTESIAN_POINT('Ctrl Pts',(-71.8362107849808,3.18557641758163,158.139064475128));
#4223=CARTESIAN_POINT('Ctrl Pts',(-71.8311863407476,3.18551285529031,157.994125275555));
#4224=CARTESIAN_POINT('Ctrl Pts',(-71.8170612946157,3.18533332656238,157.846007139745));
#4225=CARTESIAN_POINT('Ctrl Pts',(-71.8046881556953,3.18517606449965,157.716259862893));
#4226=CARTESIAN_POINT('Ctrl Pts',(-71.785332320763,3.18492981835158,157.5840735324));
#4227=CARTESIAN_POINT('Ctrl Pts',(-71.760502667776,3.1846139025446,157.449960969558));
#4228=CARTESIAN_POINT('Ctrl Pts',(-71.7463339070986,3.18443362876205,157.373431152257));
#4229=CARTESIAN_POINT('Ctrl Pts',(-71.7303819204458,3.1842306685519,157.296273941309));
#4230=CARTESIAN_POINT('Ctrl Pts',(-71.7129194410812,3.18400861084803,157.218582989193));
#4231=CARTESIAN_POINT('Ctrl Pts',(-71.6354303490856,3.18302323818221,156.873832326351));
#4232=CARTESIAN_POINT('Ctrl Pts',(-71.5271289587424,3.181645945607,156.513844839786));
#4233=CARTESIAN_POINT('Ctrl Pts',(-71.4086961744134,3.18013987300611,156.144095676428));
#4234=CARTESIAN_POINT('Ctrl Pts',(-71.3043893923326,3.17881343634865,155.818448131912));
#4235=CARTESIAN_POINT('Ctrl Pts',(-71.1922216906476,3.17738710791785,155.485228065729));
#4236=CARTESIAN_POINT('Ctrl Pts',(-71.0863322530644,3.17604065410568,155.148217562288));
#4237=CARTESIAN_POINT('Ctrl Pts',(-71.0113831577174,3.17508762708568,154.90967977295));
#4238=CARTESIAN_POINT('Ctrl Pts',(-70.9395802425987,3.17417461630804,154.669243975025));
#4239=CARTESIAN_POINT('Ctrl Pts',(-70.8759414057459,3.17336536730661,154.428266758351));
#4240=CARTESIAN_POINT('Ctrl Pts',(-70.8113225170182,3.17254365569523,154.183578440332));
#4241=CARTESIAN_POINT('Ctrl Pts',(-70.7550611691039,3.17182801041775,153.938119200188));
#4242=CARTESIAN_POINT('Ctrl Pts',(-70.7124727851749,3.17128638429647,153.693311005038));
#4243=CARTESIAN_POINT('Ctrl Pts',(-70.66517383303,3.17068485060049,153.421425339538));
#4244=CARTESIAN_POINT('Ctrl Pts',(-70.6347411545667,3.17029796042188,153.150342260965));
#4245=CARTESIAN_POINT('Ctrl Pts',(-70.6285071583627,3.17021880066245,152.882051701289));
#4246=CARTESIAN_POINT('Ctrl Pts',(-70.6248945371537,3.17017292732271,152.726576443629));
#4247=CARTESIAN_POINT('Ctrl Pts',(-70.6294093158974,3.17023039725691,152.57203980294));
#4248=CARTESIAN_POINT('Ctrl Pts',(-70.6434801773901,3.17040932621248,152.418834908345));
#4249=CARTESIAN_POINT('Ctrl Pts',(-70.6628683300627,3.17065587130925,152.207734835465));
#4250=CARTESIAN_POINT('Ctrl Pts',(-70.7000941573072,3.17112916264092,152.00255429384));
#4251=CARTESIAN_POINT('Ctrl Pts',(-70.7571679988481,3.17185489316851,151.803296947316));
#4252=CARTESIAN_POINT('Ctrl Pts',(-70.8032314237535,3.17244061918163,151.642479389383));
#4253=CARTESIAN_POINT('Ctrl Pts',(-70.8622184482209,3.17319078048485,151.485518193266));
#4254=CARTESIAN_POINT('Ctrl Pts',(-70.9351994133889,3.17411888447065,151.332412743516));
#4255=CARTESIAN_POINT('Ctrl Pts',(-70.9523072202537,3.17433644563475,151.296522584236));
#4256=CARTESIAN_POINT('Ctrl Pts',(-70.9701842092881,3.17456378478924,151.260844341236));
#4257=CARTESIAN_POINT('Ctrl Pts',(-70.9888446362131,3.17480107592469,151.22537811036));
#4258=CARTESIAN_POINT('Ctrl Pts',(-71.0652226995928,3.1757723204442,151.080213048456));
#4259=CARTESIAN_POINT('Ctrl Pts',(-71.1525857784375,3.17688326935481,150.942679364803));
#4260=CARTESIAN_POINT('Ctrl Pts',(-71.2496675871418,3.17811777365169,150.812182250372));
#4261=CARTESIAN_POINT('Ctrl Pts',(-71.335220010596,3.17920566885855,150.697182905568));
#4262=CARTESIAN_POINT('Ctrl Pts',(-71.4283160244576,3.18038951530673,150.587646531491));
#4263=CARTESIAN_POINT('Ctrl Pts',(-71.5280894178276,3.18165826129499,150.483153463702));
#4264=CARTESIAN_POINT('Ctrl Pts',(-71.6449113850956,3.18314380165104,150.360805357332));
#4265=CARTESIAN_POINT('Ctrl Pts',(-71.769996943117,3.18473443589253,150.246314935593));
#4266=CARTESIAN_POINT('Ctrl Pts',(-71.9011362117632,3.18640201798445,150.139078292615));
#4267=CARTESIAN_POINT('Ctrl Pts',(-72.0428732386241,3.1882043623943,150.023175534402));
#4268=CARTESIAN_POINT('Ctrl Pts',(-72.1916746363518,3.19009659395495,149.915744328096));
#4269=CARTESIAN_POINT('Ctrl Pts',(-72.3447526846038,3.19204317663647,149.815998102716));
#4270=CARTESIAN_POINT('',(-72.3447526846039,0.,149.815998102716));
#4271=CARTESIAN_POINT('Ctrl Pts',(-72.3447526846038,0.,149.815998102716));
#4272=CARTESIAN_POINT('Ctrl Pts',(-72.2027501141266,0.,149.9085275056));
#4273=CARTESIAN_POINT('Ctrl Pts',(-72.0704443727965,0.,150.003756366285));
#4274=CARTESIAN_POINT('Ctrl Pts',(-71.9475979394473,0.,150.101586172518));
#4275=CARTESIAN_POINT('Ctrl Pts',(-71.8247515060982,0.,150.199415978751));
#4276=CARTESIAN_POINT('Ctrl Pts',(-71.7113643807301,0.,150.299846730531));
#4277=CARTESIAN_POINT('Ctrl Pts',(-71.6071486037612,0.,150.402766749882));
#4278=CARTESIAN_POINT('Ctrl Pts',(-71.5029328267924,0.,150.505686769232));
#4279=CARTESIAN_POINT('Ctrl Pts',(-71.4078883982229,0.,150.611096056152));
#4280=CARTESIAN_POINT('Ctrl Pts',(-71.3216769200552,0.,150.718869766938));
#4281=CARTESIAN_POINT('Ctrl Pts',(-71.2354654418875,0.,150.826643477725));
#4282=CARTESIAN_POINT('Ctrl Pts',(-71.1580869141217,0.,150.936781612378));
#4283=CARTESIAN_POINT('Ctrl Pts',(-71.0891525003445,0.,151.04914616147));
#4284=CARTESIAN_POINT('Ctrl Pts',(-71.0202180865673,0.,151.161510710562));
#4285=CARTESIAN_POINT('Ctrl Pts',(-70.9597277867788,2.18544028628071E-19,
151.276101674094));
#4286=CARTESIAN_POINT('Ctrl Pts',(-70.9072423261501,2.16840434497101E-19,
151.392767876912));
#4287=CARTESIAN_POINT('Ctrl Pts',(-70.8547568655215,2.15136840366131E-19,
151.50943407973));
#4288=CARTESIAN_POINT('Ctrl Pts',(-70.8102762440526,0.,151.628175521835));
#4289=CARTESIAN_POINT('Ctrl Pts',(-70.7733107484989,0.,151.74882786235));
#4290=CARTESIAN_POINT('Ctrl Pts',(-70.7363452529452,0.,151.869480202865));
#4291=CARTESIAN_POINT('Ctrl Pts',(-70.7068948833067,0.,151.99204344179));
#4292=CARTESIAN_POINT('Ctrl Pts',(-70.6844194879231,0.,152.116340072523));
#4293=CARTESIAN_POINT('Ctrl Pts',(-70.6619440925395,0.,152.240636703256));
#4294=CARTESIAN_POINT('Ctrl Pts',(-70.6464436714108,0.,152.366666725797));
#4295=CARTESIAN_POINT('Ctrl Pts',(-70.637327634461,0.,152.49423946782));
#4296=CARTESIAN_POINT('Ctrl Pts',(-70.6282115975112,0.,152.621812209843));
#4297=CARTESIAN_POINT('Ctrl Pts',(-70.6254799447402,0.,152.750927671349));
#4298=CARTESIAN_POINT('Ctrl Pts',(-70.6284916476563,0.,152.881382014285));
#4299=CARTESIAN_POINT('Ctrl Pts',(-70.6315033505725,0.,153.011836357221));
#4300=CARTESIAN_POINT('Ctrl Pts',(-70.6402584091758,0.,153.143629581588));
#4301=CARTESIAN_POINT('Ctrl Pts',(-70.6540653565587,0.,153.27654468361));
#4302=CARTESIAN_POINT('Ctrl Pts',(-70.6678723039416,0.,153.409459785632));
#4303=CARTESIAN_POINT('Ctrl Pts',(-70.6867311401042,0.,153.54349676531));
#4304=CARTESIAN_POINT('Ctrl Pts',(-70.7098999597233,0.,153.678425453142));
#4305=CARTESIAN_POINT('Ctrl Pts',(-70.7330687793424,0.,153.813354140974));
#4306=CARTESIAN_POINT('Ctrl Pts',(-70.7605475824179,0.,153.949174536961));
#4307=CARTESIAN_POINT('Ctrl Pts',(-70.7915440252111,0.,154.085643305878));
#4308=CARTESIAN_POINT('Ctrl Pts',(-70.8225404680042,0.,154.222112074795));
#4309=CARTESIAN_POINT('Ctrl Pts',(-70.857054550515,0.,154.359229216641));
#4310=CARTESIAN_POINT('Ctrl Pts',(-70.8942434905887,0.,154.496738230468));
#4311=CARTESIAN_POINT('Ctrl Pts',(-70.9314324306624,0.,154.634247244294));
#4312=CARTESIAN_POINT('Ctrl Pts',(-70.9712962282991,0.,154.772148130101));
#4313=CARTESIAN_POINT('Ctrl Pts',(-71.0129416629284,0.,154.910171221213));
#4314=CARTESIAN_POINT('Ctrl Pts',(-71.0545870975577,0.,155.048194312325));
#4315=CARTESIAN_POINT('Ctrl Pts',(-71.0980141691797,0.,155.186339608742));
#4316=CARTESIAN_POINT('Ctrl Pts',(-71.1422792188082,0.,155.324324278066));
#4317=CARTESIAN_POINT('Ctrl Pts',(-71.1879760199735,0.,155.466772056864));
#4318=CARTESIAN_POINT('Ctrl Pts',(-71.2345661790413,0.,155.609048726428));
#4319=CARTESIAN_POINT('Ctrl Pts',(-71.2809550853099,0.,155.750828393193));
#4320=CARTESIAN_POINT('Ctrl Pts',(-71.3258905553172,0.,155.88816588347));
#4321=CARTESIAN_POINT('Ctrl Pts',(-71.3706369097837,0.,156.02503695467));
#4322=CARTESIAN_POINT('Ctrl Pts',(-71.4141479814631,0.,156.1611320171));
#4323=CARTESIAN_POINT('Ctrl Pts',(-71.4576590531426,0.,156.297227079531));
#4324=CARTESIAN_POINT('Ctrl Pts',(-71.4999348420349,0.,156.432546133192));
#4325=CARTESIAN_POINT('Ctrl Pts',(-71.5398787424781,0.,156.566766422665));
#4326=CARTESIAN_POINT('Ctrl Pts',(-71.5798226429212,0.,156.700986712138));
#4327=CARTESIAN_POINT('Ctrl Pts',(-71.6174346549153,0.,156.834108237424));
#4328=CARTESIAN_POINT('Ctrl Pts',(-71.6515677343824,0.,156.965795077379));
#4329=CARTESIAN_POINT('Ctrl Pts',(-71.6857008138495,0.,157.097481917334));
#4330=CARTESIAN_POINT('Ctrl Pts',(-71.7163549607896,2.1458532703982E-19,
157.227734071958));
#4331=CARTESIAN_POINT('Ctrl Pts',(-71.7423326927094,2.16840434497101E-19,
157.356202454384));
#4332=CARTESIAN_POINT('Ctrl Pts',(-71.7683104246292,2.19095541954381E-19,
157.48467083681));
#4333=CARTESIAN_POINT('Ctrl Pts',(-71.7896117415286,0.,157.611355447039));
#4334=CARTESIAN_POINT('Ctrl Pts',(-71.8049887224983,0.,157.735894032476));
#4335=CARTESIAN_POINT('Ctrl Pts',(-71.8203657034681,0.,157.860432617915));
#4336=CARTESIAN_POINT('Ctrl Pts',(-71.8298183485083,0.,157.982825178562));
#4337=CARTESIAN_POINT('Ctrl Pts',(-71.8320482982939,0.,158.102696296103));
#4338=CARTESIAN_POINT('Ctrl Pts',(-71.8342782480796,0.,158.222567413644));
#4339=CARTESIAN_POINT('Ctrl Pts',(-71.8292855026107,2.14879058415488E-19,
158.339917088077));
#4340=CARTESIAN_POINT('Ctrl Pts',(-71.8157212641466,2.16840434497101E-19,
158.454356735362));
#4341=CARTESIAN_POINT('Ctrl Pts',(-71.8021570256825,2.18801810578708E-19,
158.568796382647));
#4342=CARTESIAN_POINT('Ctrl Pts',(-71.7800212942233,0.,158.680326002783));
#4343=CARTESIAN_POINT('Ctrl Pts',(-71.7479148336127,0.,158.788543846004));
#4344=CARTESIAN_POINT('Ctrl Pts',(-71.715808373002,0.,158.896761689225));
#4345=CARTESIAN_POINT('Ctrl Pts',(-71.6737311832398,0.,159.001667755531));
#4346=CARTESIAN_POINT('Ctrl Pts',(-71.6202335897541,0.,159.102847129431));
#4347=CARTESIAN_POINT('Ctrl Pts',(-71.5667359962683,0.,159.204026503332));
#4348=CARTESIAN_POINT('Ctrl Pts',(-71.501817999059,0.,159.301479184826));
#4349=CARTESIAN_POINT('Ctrl Pts',(-71.4239794851383,0.,159.394777092699));
#4350=CARTESIAN_POINT('Ctrl Pts',(-71.3461409712176,0.,159.488075000572));
#4351=CARTESIAN_POINT('Ctrl Pts',(-71.2553819405855,0.,159.577218134824));
#4352=CARTESIAN_POINT('Ctrl Pts',(-71.1501518418385,0.,159.661765248514));
#4353=CARTESIAN_POINT('Ctrl Pts',(-71.044921743092,0.,159.746312362203));
#4354=CARTESIAN_POINT('Ctrl Pts',(-70.9252205762308,0.,159.826263455331));
#4355=CARTESIAN_POINT('Ctrl Pts',(-70.7894473514356,0.,159.901164115232));
#4356=CARTESIAN_POINT('Ctrl Pts',(-70.6536741266398,0.,159.976064775133));
#4357=CARTESIAN_POINT('Ctrl Pts',(-70.5018288439099,0.,160.045915001807));
#4358=CARTESIAN_POINT('Ctrl Pts',(-70.332260075011,0.,160.110247216865));
#4359=CARTESIAN_POINT('Ctrl Pts',(-70.1626913061121,0.,160.174579431923));
#4360=CARTESIAN_POINT('Ctrl Pts',(-69.975399051044,0.,160.233393635365));
#4361=CARTESIAN_POINT('Ctrl Pts',(-69.7686814431563,0.,160.286209083075));
#4362=CARTESIAN_POINT('Ctrl Pts',(-69.5619638352691,0.,160.339024530786));
#4363=CARTESIAN_POINT('Ctrl Pts',(-69.3358208745623,0.,160.385841222766));
#4364=CARTESIAN_POINT('Ctrl Pts',(-69.0885002559696,0.,160.426165249176));
#4365=CARTESIAN_POINT('Ctrl Pts',(-68.9685066000093,0.,160.445729438282));
#4366=CARTESIAN_POINT('Ctrl Pts',(-68.8435270878086,0.,160.46376509352));
#4367=CARTESIAN_POINT('Ctrl Pts',(-68.7133573157017,0.,160.48021469021));
#4368=CARTESIAN_POINT('',(-72.3447526846039,-0.00100000129802602,149.815998102716));
#4369=CARTESIAN_POINT('Ctrl Pts',(-77.8974481432159,-0.00100000129802602,
149.170592709036));
#4370=CARTESIAN_POINT('Ctrl Pts',(-77.8974481432159,13.003216444966,149.170592709036));
#4371=CARTESIAN_POINT('Ctrl Pts',(-74.2426297755891,-0.00100000129802602,
149.170592709036));
#4372=CARTESIAN_POINT('Ctrl Pts',(-74.2426297755891,13.003216444966,149.170592709036));
#4373=CARTESIAN_POINT('Ctrl Pts',(-72.3447526846039,-0.00100000129802602,
149.815998102716));
#4374=CARTESIAN_POINT('Ctrl Pts',(-72.3447526846039,13.003216444966,149.815998102716));
#4375=CARTESIAN_POINT('',(-77.8974481432159,3.26265278355846,149.170592709036));
#4376=CARTESIAN_POINT('Ctrl Pts',(-72.3447526846039,3.19204317663647,149.815998102716));
#4377=CARTESIAN_POINT('Ctrl Pts',(-72.5077405589674,3.19411577540001,149.7605713031));
#4378=CARTESIAN_POINT('Ctrl Pts',(-72.6759784061418,3.19625553162571,149.710237140838));
#4379=CARTESIAN_POINT('Ctrl Pts',(-72.8475276087518,3.19843724598936,149.664503647773));
#4380=CARTESIAN_POINT('Ctrl Pts',(-73.0550380047019,3.20107630466502,149.609183220108));
#4381=CARTESIAN_POINT('Ctrl Pts',(-73.2673928315651,3.2037767562928,149.56059420242));
#4382=CARTESIAN_POINT('Ctrl Pts',(-73.4810864452935,3.2064940001023,149.517838502695));
#4383=CARTESIAN_POINT('Ctrl Pts',(-73.7155327283977,3.20947512668026,149.470930620389));
#4384=CARTESIAN_POINT('Ctrl Pts',(-73.9515853000505,3.21247646532585,149.431042172545));
#4385=CARTESIAN_POINT('Ctrl Pts',(-74.1845816129201,3.21543911841365,149.396974999903));
#4386=CARTESIAN_POINT('Ctrl Pts',(-74.3524909427099,3.21757416118856,149.372424413433));
#4387=CARTESIAN_POINT('Ctrl Pts',(-74.5188118824152,3.2196891130158,149.350896622827));
#4388=CARTESIAN_POINT('Ctrl Pts',(-74.6818169702672,3.22176193067081,149.331949651164));
#4389=CARTESIAN_POINT('Ctrl Pts',(-74.9574113786116,3.22526646517809,149.29991580784));
#4390=CARTESIAN_POINT('Ctrl Pts',(-75.2383182725961,3.22883882996885,149.273545515027));
#4391=CARTESIAN_POINT('Ctrl Pts',(-75.5218527320832,3.23244445683235,149.252088216887));
#4392=CARTESIAN_POINT('Ctrl Pts',(-75.9020136987745,3.2372788554322,149.223318425666));
#4393=CARTESIAN_POINT('Ctrl Pts',(-76.2868970482481,3.24217305010435,149.203380387383));
#4394=CARTESIAN_POINT('Ctrl Pts',(-76.6699365452411,3.24704371841917,149.190430241304));
#4395=CARTESIAN_POINT('Ctrl Pts',(-77.0138372061158,3.25141670362179,149.178803336428));
#4396=CARTESIAN_POINT('Ctrl Pts',(-77.3562457578509,3.25577072466519,149.172807105808));
#4397=CARTESIAN_POINT('Ctrl Pts',(-77.6924111212989,3.26004547974865,149.171107489256));
#4398=CARTESIAN_POINT('Ctrl Pts',(-77.7610301328607,3.2609180546787,149.170760558785));
#4399=CARTESIAN_POINT('Ctrl Pts',(-77.8293891716025,3.26178732690431,149.170592709036));
#4400=CARTESIAN_POINT('Ctrl Pts',(-77.8974481432159,3.26265278355846,149.170592709036));
#4401=CARTESIAN_POINT('',(-77.8974481432159,0.,149.170592709036));
#4402=CARTESIAN_POINT('Ctrl Pts',(-77.8974481432159,0.,149.170592709036));
#4403=CARTESIAN_POINT('Ctrl Pts',(-75.4609025647981,0.,149.170592709036));
#4404=CARTESIAN_POINT('Ctrl Pts',(-73.6100040785941,0.,149.385727840263));
#4405=CARTESIAN_POINT('Ctrl Pts',(-72.3447526846039,0.,149.815998102716));
#4406=CARTESIAN_POINT('',(-77.8974481432159,-0.00100000129802602,149.170592709036));
#4407=CARTESIAN_POINT('Ctrl Pts',(-83.450143601828,-0.00100000129802602,
148.525187315357));
#4408=CARTESIAN_POINT('Ctrl Pts',(-83.450143601828,13.003216444966,148.525187315357));
#4409=CARTESIAN_POINT('Ctrl Pts',(-81.5522665108427,-0.00100000129802602,
149.170592709036));
#4410=CARTESIAN_POINT('Ctrl Pts',(-81.5522665108427,13.003216444966,149.170592709036));
#4411=CARTESIAN_POINT('Ctrl Pts',(-77.8974481432159,-0.00100000129802602,
149.170592709036));
#4412=CARTESIAN_POINT('Ctrl Pts',(-77.8974481432159,13.003216444966,149.170592709036));
#4413=CARTESIAN_POINT('',(-83.450143601828,3.33326239048045,148.525187315357));
#4414=CARTESIAN_POINT('Ctrl Pts',(-77.8974481432159,3.26265278355846,149.170592709036));
#4415=CARTESIAN_POINT('Ctrl Pts',(-78.2237274357176,3.2668018410319,149.170592709036));
#4416=CARTESIAN_POINT('Ctrl Pts',(-78.5569072423202,3.27103858396461,149.166736726028));
#4417=CARTESIAN_POINT('Ctrl Pts',(-78.8925453487541,3.27530650577426,149.157778274265));
#4418=CARTESIAN_POINT('Ctrl Pts',(-79.2646675082927,3.28003835311252,149.147846033699));
#4419=CARTESIAN_POINT('Ctrl Pts',(-79.6398053536004,3.28480852605486,149.131639511951));
#4420=CARTESIAN_POINT('Ctrl Pts',(-80.0118812368618,3.28954001553605,149.10745126899));
#4421=CARTESIAN_POINT('Ctrl Pts',(-80.3016288545915,3.29322458061313,149.088615095805));
#4422=CARTESIAN_POINT('Ctrl Pts',(-80.5895180875561,3.29688568709344,149.064938047418));
#4423=CARTESIAN_POINT('Ctrl Pts',(-80.8727099685325,3.30048696802449,149.035625243246));
#4424=CARTESIAN_POINT('Ctrl Pts',(-80.953175501109,3.30151022825029,149.027296366051));
#4425=CARTESIAN_POINT('Ctrl Pts',(-81.0332620834788,3.30252865850115,149.018512595494));
#4426=CARTESIAN_POINT('Ctrl Pts',(-81.1129053725361,3.30354142453095,149.009255984493));
#4427=CARTESIAN_POINT('Ctrl Pts',(-81.3089571514108,3.3060344730235,148.986469694843));
#4428=CARTESIAN_POINT('Ctrl Pts',(-81.5098071389774,3.3085884754893,148.959950742945));
#4429=CARTESIAN_POINT('Ctrl Pts',(-81.7124456970316,3.31116508136726,148.928928631046));
#4430=CARTESIAN_POINT('Ctrl Pts',(-82.0069214834041,3.31490942326038,148.883847078532));
#4431=CARTESIAN_POINT('Ctrl Pts',(-82.3051653779806,3.31870149928353,148.829252392714));
#4432=CARTESIAN_POINT('Ctrl Pts',(-82.5978642742783,3.32242361546097,148.762751770121));
#4433=CARTESIAN_POINT('Ctrl Pts',(-82.7786930521279,3.32472313120187,148.721667821866));
#4434=CARTESIAN_POINT('Ctrl Pts',(-82.9574044758353,3.32699594506721,148.676039326847));
#4435=CARTESIAN_POINT('Ctrl Pts',(-83.1318323973497,3.32921430509958,148.625313036741));
#4436=CARTESIAN_POINT('Ctrl Pts',(-83.2397426120429,3.33058669837975,148.593931106553));
#4437=CARTESIAN_POINT('Ctrl Pts',(-83.3460140606976,3.33193825051582,148.560598337391));
#4438=CARTESIAN_POINT('Ctrl Pts',(-83.450143601828,3.33326239048045,148.525187315357));
#4439=CARTESIAN_POINT('',(-83.450143601828,0.,148.525187315357));
#4440=CARTESIAN_POINT('Ctrl Pts',(-83.450143601828,0.,148.525187315357));
#4441=CARTESIAN_POINT('Ctrl Pts',(-82.1848922078378,0.,148.95545757781));
#4442=CARTESIAN_POINT('Ctrl Pts',(-80.3339937216338,0.,149.170592709036));
#4443=CARTESIAN_POINT('Ctrl Pts',(-77.8974481432159,0.,149.170592709036));
#4444=CARTESIAN_POINT('',(-83.450143601828,-0.00100000129802602,148.525187315357));
#4445=CARTESIAN_POINT('Ctrl Pts',(-87.0815389707303,-0.00100000129802602,
137.860970727863));
#4446=CARTESIAN_POINT('Ctrl Pts',(-87.0815389707303,13.003216444966,137.860970727863));
#4447=CARTESIAN_POINT('Ctrl Pts',(-81.0618621549975,-0.00100000129802602,
138.757109423085));
#4448=CARTESIAN_POINT('Ctrl Pts',(-81.0618621549975,13.003216444966,138.757109423085));
#4449=CARTESIAN_POINT('Ctrl Pts',(-85.3879233244036,-0.00100000129802602,
142.829249559705));
#4450=CARTESIAN_POINT('Ctrl Pts',(-85.3879233244036,13.003216444966,142.829249559705));
#4451=CARTESIAN_POINT('Ctrl Pts',(-86.6331267436878,-0.00100000129802602,
146.324947937306));
#4452=CARTESIAN_POINT('Ctrl Pts',(-86.6331267436878,13.003216444966,146.324947937306));
#4453=CARTESIAN_POINT('Ctrl Pts',(-83.450143601828,-0.00100000129802602,
148.525187315357));
#4454=CARTESIAN_POINT('Ctrl Pts',(-83.450143601828,13.003216444966,148.525187315357));
#4455=CARTESIAN_POINT('',(-87.0815389707303,3.37944021555437,137.860970727863));
#4456=CARTESIAN_POINT('Ctrl Pts',(-83.450143601828,3.33326239048045,148.525187315357));
#4457=CARTESIAN_POINT('Ctrl Pts',(-83.5777397616825,3.33488493844103,148.436986378409));
#4458=CARTESIAN_POINT('Ctrl Pts',(-83.7015388640213,3.33645933511734,148.343537980252));
#4459=CARTESIAN_POINT('Ctrl Pts',(-83.8201989562445,3.33796823593741,148.244369326706));
#4460=CARTESIAN_POINT('Ctrl Pts',(-83.9662836204534,3.3398258720263,148.122280938085));
#4461=CARTESIAN_POINT('Ctrl Pts',(-84.104575564558,3.34158423909979,147.991520319757));
#4462=CARTESIAN_POINT('Ctrl Pts',(-84.2325057140915,3.34321097306625,147.851216153035));
#4463=CARTESIAN_POINT('Ctrl Pts',(-84.3273118313371,3.34441650852223,147.747239933756));
#4464=CARTESIAN_POINT('Ctrl Pts',(-84.4164243837996,3.34554975167882,147.638022239273));
#4465=CARTESIAN_POINT('Ctrl Pts',(-84.4988148431576,3.34659753047358,147.523226778103));
#4466=CARTESIAN_POINT('Ctrl Pts',(-84.5276010050138,3.34696361084514,147.483118727348));
#4467=CARTESIAN_POINT('Ctrl Pts',(-84.5555669350159,3.34731925846836,147.442329999431));
#4468=CARTESIAN_POINT('Ctrl Pts',(-84.5826702386667,3.34766391155286,147.400847038657));
#4469=CARTESIAN_POINT('Ctrl Pts',(-84.6701072597706,3.34877578482892,147.267020308037));
#4470=CARTESIAN_POINT('Ctrl Pts',(-84.7465107521581,3.34974751579668,147.129125783221));
#4471=CARTESIAN_POINT('Ctrl Pts',(-84.8122253204215,3.35058317665354,146.986945660258));
#4472=CARTESIAN_POINT('Ctrl Pts',(-84.8992043032202,3.35168924693926,146.798757823127));
#4473=CARTESIAN_POINT('Ctrl Pts',(-84.9674513057912,3.3525569381833,146.60305904447));
#4474=CARTESIAN_POINT('Ctrl Pts',(-85.0176852490581,3.35319569288191,146.399340358128));
#4475=CARTESIAN_POINT('Ctrl Pts',(-85.0301948483479,3.35335475993507,146.348608940918));
#4476=CARTESIAN_POINT('Ctrl Pts',(-85.0415874697107,3.35349962963523,146.297380332329));
#4477=CARTESIAN_POINT('Ctrl Pts',(-85.0518749290167,3.35363044780512,146.245647162025));
#4478=CARTESIAN_POINT('Ctrl Pts',(-85.0858720037974,3.35406276398465,146.074684010955));
#4479=CARTESIAN_POINT('Ctrl Pts',(-85.1069928225943,3.35433119048907,145.902241831181));
#4480=CARTESIAN_POINT('Ctrl Pts',(-85.1173612997041,3.35446302982092,145.729142268592));
#4481=CARTESIAN_POINT('Ctrl Pts',(-85.1296644488607,3.35461946928134,145.523743759733));
#4482=CARTESIAN_POINT('Ctrl Pts',(-85.1268338857154,3.35458359401291,145.317422018739));
#4483=CARTESIAN_POINT('Ctrl Pts',(-85.1124733996351,3.35440101888169,145.111533052606));
#4484=CARTESIAN_POINT('Ctrl Pts',(-85.1061566239425,3.35432070919409,145.020968261876));
#4485=CARTESIAN_POINT('Ctrl Pts',(-85.0976090054878,3.35421201493529,144.930486772026));
#4486=CARTESIAN_POINT('Ctrl Pts',(-85.0871345107938,3.35407881837182,144.840201133387));
#4487=CARTESIAN_POINT('Ctrl Pts',(-85.0531296992331,3.35364640380926,144.547094284968));
#4488=CARTESIAN_POINT('Ctrl Pts',(-84.9984038632438,3.35295056443229,144.252534726339));
#4489=CARTESIAN_POINT('Ctrl Pts',(-84.9316582300512,3.35210185970864,143.958920634938));
#4490=CARTESIAN_POINT('Ctrl Pts',(-84.8630049594166,3.35122889840324,143.656914844973));
#4491=CARTESIAN_POINT('Ctrl Pts',(-84.7816370504229,3.35019420888243,143.355909320281));
#4492=CARTESIAN_POINT('Ctrl Pts',(-84.697017027381,3.34911810373244,143.058457316308));
#4493=CARTESIAN_POINT('Ctrl Pts',(-84.6255468524503,3.34820922400693,142.807228990043));
#4494=CARTESIAN_POINT('Ctrl Pts',(-84.551756222076,3.3472708003916,142.558534253722));
#4495=CARTESIAN_POINT('Ctrl Pts',(-84.4813362729997,3.34637532089685,142.313884170622));
#4496=CARTESIAN_POINT('Ctrl Pts',(-84.4296383762393,3.34571791618303,142.134277469618));
#4497=CARTESIAN_POINT('Ctrl Pts',(-84.3796192734833,3.34508147789945,141.956386750228));
#4498=CARTESIAN_POINT('Ctrl Pts',(-84.3336156289562,3.34449626501273,141.780945099864));
#4499=CARTESIAN_POINT('Ctrl Pts',(-84.2774077205222,3.34378124356848,141.56658799141));
#4500=CARTESIAN_POINT('Ctrl Pts',(-84.2271949165422,3.34314269293656,141.355887583778));
#4501=CARTESIAN_POINT('Ctrl Pts',(-84.1873190701571,3.34263580429325,141.150187746306));
#4502=CARTESIAN_POINT('Ctrl Pts',(-84.1393547339052,3.3420260974272,140.90276337627));
#4503=CARTESIAN_POINT('Ctrl Pts',(-84.106353289999,3.34160688287611,140.662576804936));
#4504=CARTESIAN_POINT('Ctrl Pts',(-84.0959163385223,3.34147421016551,140.43194728886));
#4505=CARTESIAN_POINT('Ctrl Pts',(-84.0952398335015,3.34146561055144,140.416998285226));
#4506=CARTESIAN_POINT('Ctrl Pts',(-84.0946581169527,3.34145821481616,140.402089418683));
#4507=CARTESIAN_POINT('Ctrl Pts',(-84.0941732501871,3.34145204911664,140.387221313384));
#4508=CARTESIAN_POINT('Ctrl Pts',(-84.0904244734018,3.3414043786371,140.272267656127));
#4509=CARTESIAN_POINT('Ctrl Pts',(-84.0923693455269,3.34142918285273,140.156980758788));
#4510=CARTESIAN_POINT('Ctrl Pts',(-84.1018509083819,3.34154984655089,140.04251477614));
#4511=CARTESIAN_POINT('Ctrl Pts',(-84.1099362707316,3.34165274200567,139.944904396862));
#4512=CARTESIAN_POINT('Ctrl Pts',(-84.1235064641748,3.34182534410843,139.847892003959));
#4513=CARTESIAN_POINT('Ctrl Pts',(-84.1437080979068,3.34208215366385,139.752184385407));
#4514=CARTESIAN_POINT('Ctrl Pts',(-84.1594545637691,3.34228232771666,139.677583649234));
#4515=CARTESIAN_POINT('Ctrl Pts',(-84.1792307170364,3.34253366332451,139.603775657326));
#4516=CARTESIAN_POINT('Ctrl Pts',(-84.2035589403803,3.34284302772243,139.53108500056));
#4517=CARTESIAN_POINT('Ctrl Pts',(-84.2522939846454,3.34346275598676,139.385468844171));
#4518=CARTESIAN_POINT('Ctrl Pts',(-84.3173755092409,3.34429030234341,139.250058110085));
#4519=CARTESIAN_POINT('Ctrl Pts',(-84.3992704410787,3.34533170573173,139.124112795825));
#4520=CARTESIAN_POINT('Ctrl Pts',(-84.4455041137709,3.34591962860211,139.053010539483));
#4521=CARTESIAN_POINT('Ctrl Pts',(-84.4970948220532,3.34657571095293,138.984925202392));
#4522=CARTESIAN_POINT('Ctrl Pts',(-84.5541341966269,3.34730103937185,138.919730490768));
#4523=CARTESIAN_POINT('Ctrl Pts',(-84.6173808879109,3.34810530174207,138.847440956911));
#4524=CARTESIAN_POINT('Ctrl Pts',(-84.6858047529158,3.34897561008761,138.780455083224));
#4525=CARTESIAN_POINT('Ctrl Pts',(-84.7583585828955,3.34989827266729,138.71828725164));
#4526=CARTESIAN_POINT('Ctrl Pts',(-84.8760529849005,3.35139498511649,138.617440669672));
#4527=CARTESIAN_POINT('Ctrl Pts',(-85.0046087351703,3.35302946378433,138.529267926853));
#4528=CARTESIAN_POINT('Ctrl Pts',(-85.1393852352852,3.35474326397914,138.451691422045));
#4529=CARTESIAN_POINT('Ctrl Pts',(-85.1572665974754,3.35497064102172,138.441399022564));
#4530=CARTESIAN_POINT('Ctrl Pts',(-85.1752574771294,3.35519941431664,138.431293222921));
#4531=CARTESIAN_POINT('Ctrl Pts',(-85.1933471332261,3.35542944737282,138.421369266806));
#4532=CARTESIAN_POINT('Ctrl Pts',(-85.333903219675,3.3572167973344,138.344260424819));
#4533=CARTESIAN_POINT('Ctrl Pts',(-85.4907504965046,3.35921080222196,138.272461141547));
#4534=CARTESIAN_POINT('Ctrl Pts',(-85.6655103542576,3.36143280360351,138.206407580235));
#4535=CARTESIAN_POINT('Ctrl Pts',(-85.8378732415793,3.36362432846901,138.141259996047));
#4536=CARTESIAN_POINT('Ctrl Pts',(-86.027660583397,3.36603763841342,138.081701560608));
#4537=CARTESIAN_POINT('Ctrl Pts',(-86.2364767341165,3.36869320884447,138.028163505891));
#4538=CARTESIAN_POINT('Ctrl Pts',(-86.4413400500093,3.37129851002552,137.975638912473));
#4539=CARTESIAN_POINT('Ctrl Pts',(-86.6645184950076,3.374136986649,137.928908902457));
#4540=CARTESIAN_POINT('Ctrl Pts',(-86.9075757195763,3.37722797321264,137.888393523083));
#4541=CARTESIAN_POINT('Ctrl Pts',(-86.9644673314229,3.37795147035664,137.87891022037));
#4542=CARTESIAN_POINT('Ctrl Pts',(-87.0224482634395,3.37868880182285,137.869767457481));
#4543=CARTESIAN_POINT('Ctrl Pts',(-87.0815389707303,3.37944021555437,137.860970727863));
#4544=CARTESIAN_POINT('',(-87.0815389707303,0.,137.860970727863));
#4545=CARTESIAN_POINT('Ctrl Pts',(-87.0815389707303,0.,137.860970727863));
#4546=CARTESIAN_POINT('Ctrl Pts',(-86.8248333301792,0.,137.899186044868));
#4547=CARTESIAN_POINT('Ctrl Pts',(-86.5892894607186,0.,137.943897974337));
#4548=CARTESIAN_POINT('Ctrl Pts',(-86.3731755419307,0.,137.994621793198));
#4549=CARTESIAN_POINT('Ctrl Pts',(-86.1570616231428,0.,138.045345612059));
#4550=CARTESIAN_POINT('Ctrl Pts',(-85.9603776550276,0.,138.102081320312));
#4551=CARTESIAN_POINT('Ctrl Pts',(-85.781442375712,0.,138.164356891483));
#4552=CARTESIAN_POINT('Ctrl Pts',(-85.6025070963965,0.,138.226632462654));
#4553=CARTESIAN_POINT('Ctrl Pts',(-85.4413205058806,0.,138.294447896742));
#4554=CARTESIAN_POINT('Ctrl Pts',(-85.2962519008365,0.,138.367343863873));
#4555=CARTESIAN_POINT('Ctrl Pts',(-85.1511832957924,0.,138.440239831004));
#4556=CARTESIAN_POINT('Ctrl Pts',(-85.02223267622,-1.65681039691008E-21,
138.518216331178));
#4557=CARTESIAN_POINT('Ctrl Pts',(-84.9078198973364,0.,138.600826731117));
#4558=CARTESIAN_POINT('Ctrl Pts',(-84.7934071184528,1.6568103969094E-21,
138.683437131057));
#4559=CARTESIAN_POINT('Ctrl Pts',(-84.6935321802581,0.,138.770681430762));
#4560=CARTESIAN_POINT('Ctrl Pts',(-84.6066654965141,0.,138.862125693554));
#4561=CARTESIAN_POINT('Ctrl Pts',(-84.5197988127702,0.,138.953569956346));
#4562=CARTESIAN_POINT('Ctrl Pts',(-84.445940383477,0.,139.049214182226));
#4563=CARTESIAN_POINT('Ctrl Pts',(-84.3836111809417,0.,139.148637131113));
#4564=CARTESIAN_POINT('Ctrl Pts',(-84.3212819784064,0.,139.24806008));
#4565=CARTESIAN_POINT('Ctrl Pts',(-84.270482002629,0.,139.351261751895));
#4566=CARTESIAN_POINT('Ctrl Pts',(-84.2297827844614,0.,139.457833603317));
#4567=CARTESIAN_POINT('Ctrl Pts',(-84.1890835662938,0.,139.564405454738));
#4568=CARTESIAN_POINT('Ctrl Pts',(-84.1584851057361,0.,139.674347485686));
#4569=CARTESIAN_POINT('Ctrl Pts',(-84.1366094921853,0.,139.787263849277));
#4570=CARTESIAN_POINT('Ctrl Pts',(-84.1147338786345,0.,139.900180212868));
#4571=CARTESIAN_POINT('Ctrl Pts',(-84.1015811120906,-2.02885477411874E-21,
140.016070909104));
#4572=CARTESIAN_POINT('Ctrl Pts',(-84.0958238404956,0.,140.134552787698));
#4573=CARTESIAN_POINT('Ctrl Pts',(-84.0900665689006,2.02885477411624E-21,
140.253034666293));
#4574=CARTESIAN_POINT('Ctrl Pts',(-84.0917047922545,0.,140.374107727247));
#4575=CARTESIAN_POINT('Ctrl Pts',(-84.0994617170444,0.,140.497401516876));
#4576=CARTESIAN_POINT('Ctrl Pts',(-84.1072186418342,0.,140.620695306504));
#4577=CARTESIAN_POINT('Ctrl Pts',(-84.12109426806,0.,140.746209824807));
#4578=CARTESIAN_POINT('Ctrl Pts',(-84.1398623607536,0.,140.873587314696));
#4579=CARTESIAN_POINT('Ctrl Pts',(-84.1586304534473,0.,141.000964804586));
#4580=CARTESIAN_POINT('Ctrl Pts',(-84.1822910126089,0.,141.130205266062));
#4581=CARTESIAN_POINT('Ctrl Pts',(-84.2096683618154,0.,141.260963638637));
#4582=CARTESIAN_POINT('Ctrl Pts',(-84.2370457110219,0.,141.391722011212));
#4583=CARTESIAN_POINT('Ctrl Pts',(-84.2681398502733,0.,141.523998294886));
#4584=CARTESIAN_POINT('Ctrl Pts',(-84.3018256616916,0.,141.657460125768));
#4585=CARTESIAN_POINT('Ctrl Pts',(-84.3355114731099,0.,141.790921956651));
#4586=CARTESIAN_POINT('Ctrl Pts',(-84.3717889566951,0.,141.925569334742));
#4587=CARTESIAN_POINT('Ctrl Pts',(-84.4095835531142,0.,142.06108259275));
#4588=CARTESIAN_POINT('Ctrl Pts',(-84.4473781495333,0.,142.196595850758));
#4589=CARTESIAN_POINT('Ctrl Pts',(-84.4866898587862,0.,142.332974988683));
#4590=CARTESIAN_POINT('Ctrl Pts',(-84.526494680085,0.,142.469913035833));
#4591=CARTESIAN_POINT('Ctrl Pts',(-84.5669620046726,0.,142.609130251778));
#4592=CARTESIAN_POINT('Ctrl Pts',(-84.6079388462563,0.,142.74892509981));
#4593=CARTESIAN_POINT('Ctrl Pts',(-84.6484027859112,0.,142.888988477433));
#4594=CARTESIAN_POINT('Ctrl Pts',(-84.6882042776931,0.,143.026758833483));
#4595=CARTESIAN_POINT('Ctrl Pts',(-84.7275096652504,0.,143.164789034243));
#4596=CARTESIAN_POINT('Ctrl Pts',(-84.7653969063711,0.,143.302797713538));
#4597=CARTESIAN_POINT('Ctrl Pts',(-84.8032841474918,0.,143.440806392833));
#4598=CARTESIAN_POINT('Ctrl Pts',(-84.839753242176,0.,143.578793550663));
#4599=CARTESIAN_POINT('Ctrl Pts',(-84.8739327067566,0.,143.716490517449));
#4600=CARTESIAN_POINT('Ctrl Pts',(-84.9081121713372,0.,143.854187484236));
#4601=CARTESIAN_POINT('Ctrl Pts',(-84.9400020058142,0.,143.991594259979));
#4602=CARTESIAN_POINT('Ctrl Pts',(-84.9687812850657,0.,144.128454871701));
#4603=CARTESIAN_POINT('Ctrl Pts',(-84.9975605643172,0.,144.265315483422));
#4604=CARTESIAN_POINT('Ctrl Pts',(-85.0232292883431,0.,144.401629931122));
#4605=CARTESIAN_POINT('Ctrl Pts',(-85.0450170905666,0.,144.537154938419));
#4606=CARTESIAN_POINT('Ctrl Pts',(-85.06680489279,0.,144.672679945716));
#4607=CARTESIAN_POINT('Ctrl Pts',(-85.084711773211,0.,144.80741551261));
#4608=CARTESIAN_POINT('Ctrl Pts',(-85.0980179237973,0.,144.94113105932));
#4609=CARTESIAN_POINT('Ctrl Pts',(-85.1113240743837,0.,145.07484660603));
#4610=CARTESIAN_POINT('Ctrl Pts',(-85.1200294951356,0.,145.207542132556));
#4611=CARTESIAN_POINT('Ctrl Pts',(-85.1234649365659,0.,145.338999755713));
#4612=CARTESIAN_POINT('Ctrl Pts',(-85.1269003779962,0.,145.470457378871));
#4613=CARTESIAN_POINT('Ctrl Pts',(-85.1250658401049,0.,145.60067709866));
#4614=CARTESIAN_POINT('Ctrl Pts',(-85.1173426319501,0.,145.729453728496));
#4615=CARTESIAN_POINT('Ctrl Pts',(-85.1093784047443,0.,145.862249105529));
#4616=CARTESIAN_POINT('Ctrl Pts',(-85.095151951567,0.,145.993509846537));
#4617=CARTESIAN_POINT('Ctrl Pts',(-85.0740411386279,0.,146.123025089367));
#4618=CARTESIAN_POINT('Ctrl Pts',(-85.0535691959733,0.,146.248620850732));
#4619=CARTESIAN_POINT('Ctrl Pts',(-85.026623534397,0.,146.372575229396));
#4620=CARTESIAN_POINT('Ctrl Pts',(-84.9926881578331,0.,146.494708828194));
#4621=CARTESIAN_POINT('Ctrl Pts',(-84.9587527812693,0.,146.616842426992));
#4622=CARTESIAN_POINT('Ctrl Pts',(-84.9178276897181,0.,146.737155245924));
#4623=CARTESIAN_POINT('Ctrl Pts',(-84.8694474456588,0.,146.855480584427));
#4624=CARTESIAN_POINT('Ctrl Pts',(-84.8210672015995,0.,146.973805922929));
#4625=CARTESIAN_POINT('Ctrl Pts',(-84.7652318050322,0.,147.090143781));
#4626=CARTESIAN_POINT('Ctrl Pts',(-84.7015263769811,0.,147.204340154675));
#4627=CARTESIAN_POINT('Ctrl Pts',(-84.6378209489297,0.,147.318536528351));
#4628=CARTESIAN_POINT('Ctrl Pts',(-84.5662454893945,1.61064356281524E-21,
147.430591417629));
#4629=CARTESIAN_POINT('Ctrl Pts',(-84.4864356779448,0.,147.540363515143));
#4630=CARTESIAN_POINT('Ctrl Pts',(-84.4066258664951,-1.61064356281359E-21,
147.650135612656));
#4631=CARTESIAN_POINT('Ctrl Pts',(-84.318581703131,0.,147.757624918405));
#4632=CARTESIAN_POINT('Ctrl Pts',(-84.2219894259667,0.,147.86270282162));
#4633=CARTESIAN_POINT('Ctrl Pts',(-84.1253971488024,0.,147.967780724835));
#4634=CARTESIAN_POINT('Ctrl Pts',(-84.020256757838,0.,148.070447225516));
#4635=CARTESIAN_POINT('Ctrl Pts',(-83.9063050497327,0.,148.170586409491));
#4636=CARTESIAN_POINT('Ctrl Pts',(-83.7923533416276,0.,148.270725593467));
#4637=CARTESIAN_POINT('Ctrl Pts',(-83.6695903163818,0.,148.368337460737));
#4638=CARTESIAN_POINT('Ctrl Pts',(-83.5378033291995,0.,148.46331879373));
#4639=CARTESIAN_POINT('Ctrl Pts',(-83.5090144868372,0.,148.484067447914));
#4640=CARTESIAN_POINT('Ctrl Pts',(-83.4797952095881,0.,148.504690620241));
#4641=CARTESIAN_POINT('Ctrl Pts',(-83.450143601828,0.,148.525187315357));
#4642=CARTESIAN_POINT('',(-87.0815389707303,-0.00100000129802602,137.860970727863));
#4643=CARTESIAN_POINT('Origin',(-88.010852160408,-0.00100000129802602,145.458725665894));
#4644=CARTESIAN_POINT('',(-88.9401653500858,3.40307502121575,137.860970727863));
#4645=CARTESIAN_POINT('Origin',(-88.010852160408,3.39125761838506,145.458725665894));
#4646=CARTESIAN_POINT('',(-88.9401653500858,0.,137.860970727863));
#4647=CARTESIAN_POINT('Origin',(-88.010852160408,0.,145.458725665894));
#4648=CARTESIAN_POINT('',(-88.9401653500858,-0.00100000129802602,137.860970727863));
#4649=CARTESIAN_POINT('Ctrl Pts',(-92.5715607189881,-0.00100000129802602,
148.525187315357));
#4650=CARTESIAN_POINT('Ctrl Pts',(-92.5715607189881,13.003216444966,148.525187315357));
#4651=CARTESIAN_POINT('Ctrl Pts',(-89.2175807657013,-0.00100000129802602,
146.326818045068));
#4652=CARTESIAN_POINT('Ctrl Pts',(-89.2175807657013,13.003216444966,146.326818045068));
#4653=CARTESIAN_POINT('Ctrl Pts',(-90.6646946506951,-0.00100000129802602,
142.809202446935));
#4654=CARTESIAN_POINT('Ctrl Pts',(-90.6646946506951,13.003216444966,142.809202446935));
#4655=CARTESIAN_POINT('Ctrl Pts',(-95.2861703275064,-0.00100000129802602,
138.66349865007));
#4656=CARTESIAN_POINT('Ctrl Pts',(-95.2861703275064,13.003216444966,138.66349865007));
#4657=CARTESIAN_POINT('Ctrl Pts',(-88.9401653500858,-0.00100000129802602,
137.860970727863));
#4658=CARTESIAN_POINT('Ctrl Pts',(-88.9401653500858,13.003216444966,137.860970727863));
#4659=CARTESIAN_POINT('',(-92.5715607189881,3.44925284628967,148.525187315357));
#4660=CARTESIAN_POINT('Ctrl Pts',(-88.9401653500858,3.40307502121575,137.860970727863));
#4661=CARTESIAN_POINT('Ctrl Pts',(-89.136006331568,3.40556538915052,137.885737152805));
#4662=CARTESIAN_POINT('Ctrl Pts',(-89.3200895172019,3.40790694870775,137.91408275281));
#4663=CARTESIAN_POINT('Ctrl Pts',(-89.4931787995935,3.41010853490256,137.945828044126));
#4664=CARTESIAN_POINT('Ctrl Pts',(-89.6701863871134,3.41235995946031,137.978291968831));
#4665=CARTESIAN_POINT('Ctrl Pts',(-89.8356964683312,3.41446500163719,138.014311307223));
#4666=CARTESIAN_POINT('Ctrl Pts',(-89.9904720855433,3.41643311014089,138.053710019272));
#4667=CARTESIAN_POINT('Ctrl Pts',(-90.151530206687,3.41848110622401,138.094707966186));
#4668=CARTESIAN_POINT('Ctrl Pts',(-90.3009646177229,3.42038082645594,138.13936522584));
#4669=CARTESIAN_POINT('Ctrl Pts',(-90.4395797534347,3.42214291747904,138.187499874137));
#4670=CARTESIAN_POINT('Ctrl Pts',(-90.5493068289176,3.42353778026734,138.225603030476));
#4671=CARTESIAN_POINT('Ctrl Pts',(-90.6522531145816,3.42484640143425,138.265885548622));
#4672=CARTESIAN_POINT('Ctrl Pts',(-90.748795580042,3.4260740620521,138.308263782635));
#4673=CARTESIAN_POINT('Ctrl Pts',(-90.8558281938771,3.42743511828993,138.355246767113));
#4674=CARTESIAN_POINT('Ctrl Pts',(-90.9556013779607,3.42870426277259,138.405072046411));
#4675=CARTESIAN_POINT('Ctrl Pts',(-91.0484220580276,3.42988479918341,138.457770905841));
#4676=CARTESIAN_POINT('Ctrl Pts',(-91.1499804595256,3.43117646598337,138.515430598925));
#4677=CARTESIAN_POINT('Ctrl Pts',(-91.2432156353184,3.43236205718079,138.576530336389));
#4678=CARTESIAN_POINT('Ctrl Pts',(-91.3284657044324,3.43344590002324,138.641132666026));
#4679=CARTESIAN_POINT('Ctrl Pts',(-91.4098835792712,3.43448102154054,138.702830966605));
#4680=CARTESIAN_POINT('Ctrl Pts',(-91.4840167133009,3.43542333676149,138.767724451863));
#4681=CARTESIAN_POINT('Ctrl Pts',(-91.551117998625,3.43627661521265,138.835882584043));
#4682=CARTESIAN_POINT('Ctrl Pts',(-91.6460284222726,3.43748352233668,138.932287849143));
#4683=CARTESIAN_POINT('Ctrl Pts',(-91.7282414162477,3.43852887297333,139.036618708839));
#4684=CARTESIAN_POINT('Ctrl Pts',(-91.7972034618053,3.43940581813348,139.149692915425));
#4685=CARTESIAN_POINT('Ctrl Pts',(-91.8459079839588,3.44002516163808,139.229551700865));
#4686=CARTESIAN_POINT('Ctrl Pts',(-91.888000504019,3.44056050606567,139.313772812229));
#4687=CARTESIAN_POINT('Ctrl Pts',(-91.9233042874575,3.4410094387129,139.402646937769));
#4688=CARTESIAN_POINT('Ctrl Pts',(-91.9652152680915,3.44154239030197,139.508154092855));
#4689=CARTESIAN_POINT('Ctrl Pts',(-91.9960904380109,3.44193494422505,139.616526478006));
#4690=CARTESIAN_POINT('Ctrl Pts',(-92.0177201343115,3.44221001035505,139.726862355757));
#4691=CARTESIAN_POINT('Ctrl Pts',(-92.039090475543,3.44248177825127,139.835875229765));
#4692=CARTESIAN_POINT('Ctrl Pts',(-92.0514408814281,3.44263885898275,139.94680324601));
#4693=CARTESIAN_POINT('Ctrl Pts',(-92.0565122692321,3.44270334814879,140.058761304155));
#4694=CARTESIAN_POINT('Ctrl Pts',(-92.0628868698202,3.44278440932802,140.199489627618));
#4695=CARTESIAN_POINT('Ctrl Pts',(-92.0578653963529,3.44272088391582,140.344159175165));
#4696=CARTESIAN_POINT('Ctrl Pts',(-92.0437501422797,3.44254147902567,140.491999084048));
#4697=CARTESIAN_POINT('Ctrl Pts',(-92.0313861657552,3.4423843328745,140.621496516637));
#4698=CARTESIAN_POINT('Ctrl Pts',(-92.0120453882496,3.44213827777484,140.753426196294));
#4699=CARTESIAN_POINT('Ctrl Pts',(-91.9872349333556,3.44182260664572,140.887277517942));
#4700=CARTESIAN_POINT('Ctrl Pts',(-91.9731446378784,3.44164333143687,140.963294047267));
#4701=CARTESIAN_POINT('Ctrl Pts',(-91.9572894125939,3.44144160293745,141.039930523101));
#4702=CARTESIAN_POINT('Ctrl Pts',(-91.93993779999,3.44122095504589,141.117095038046));
#4703=CARTESIAN_POINT('Ctrl Pts',(-91.8597905631017,3.44020178067648,141.473518547483));
#4704=CARTESIAN_POINT('Ctrl Pts',(-91.7465711322519,3.43876195374836,141.846275688056));
#4705=CARTESIAN_POINT('Ctrl Pts',(-91.6232381118465,3.43719357513362,142.229323076991));
#4706=CARTESIAN_POINT('Ctrl Pts',(-91.5153310628887,3.43582136266847,142.564460522057));
#4707=CARTESIAN_POINT('Ctrl Pts',(-91.3996797495213,3.43435074486124,142.907475750433));
#4708=CARTESIAN_POINT('Ctrl Pts',(-91.2916723757834,3.43297735565039,143.254279183694));
#4709=CARTESIAN_POINT('Ctrl Pts',(-91.2254021242291,3.4321346831056,143.467067903267));
#4710=CARTESIAN_POINT('Ctrl Pts',(-91.1620102855634,3.43132861421487,143.681281820461));
#4711=CARTESIAN_POINT('Ctrl Pts',(-91.1050537120959,3.43060433871766,143.895966743413));
#4712=CARTESIAN_POINT('Ctrl Pts',(-91.0390285654571,3.42976474474282,144.144833602077));
#4713=CARTESIAN_POINT('Ctrl Pts',(-90.9815946802025,3.42903419082459,144.394531772711));
#4714=CARTESIAN_POINT('Ctrl Pts',(-90.9383497673744,3.42848421914685,144.643583116422));
#4715=CARTESIAN_POINT('Ctrl Pts',(-90.8901187004307,3.42787083553543,144.921350170289));
#4716=CARTESIAN_POINT('Ctrl Pts',(-90.8595385906606,3.42748207725163,145.198313104842));
#4717=CARTESIAN_POINT('Ctrl Pts',(-90.8544275733346,3.42741719594263,145.472379841219));
#4718=CARTESIAN_POINT('Ctrl Pts',(-90.8516798463404,3.42738231519135,145.61972048237));
#4719=CARTESIAN_POINT('Ctrl Pts',(-90.856294057926,3.42744104234567,145.766223317289));
#4720=CARTESIAN_POINT('Ctrl Pts',(-90.8694863565187,3.4276087992531,145.911558802593));
#4721=CARTESIAN_POINT('Ctrl Pts',(-90.888434600007,3.42784975034334,146.120305757771));
#4722=CARTESIAN_POINT('Ctrl Pts',(-90.9247800845727,3.42831184766119,146.323281754613));
#4723=CARTESIAN_POINT('Ctrl Pts',(-90.9804362610343,3.42901954780738,146.520506468133));
#4724=CARTESIAN_POINT('Ctrl Pts',(-91.0258390299765,3.42959687000701,146.681396932892));
#4725=CARTESIAN_POINT('Ctrl Pts',(-91.0840876296933,3.43033763708206,146.838461934228));
#4726=CARTESIAN_POINT('Ctrl Pts',(-91.156233507004,3.43125512612594,146.991715742561));
#4727=CARTESIAN_POINT('Ctrl Pts',(-91.174880635483,3.43149226422332,147.031326369813));
#4728=CARTESIAN_POINT('Ctrl Pts',(-91.1944564045047,3.43174120801218,147.070682350401));
#4729=CARTESIAN_POINT('Ctrl Pts',(-91.2149796089145,3.43200218673989,147.109783798871));
#4730=CARTESIAN_POINT('Ctrl Pts',(-91.2912781804688,3.43297242041943,147.255150214585));
#4731=CARTESIAN_POINT('Ctrl Pts',(-91.378540583101,3.43408208966323,147.392926654457));
#4732=CARTESIAN_POINT('Ctrl Pts',(-91.4754977367294,3.43531500870938,147.523704782559));
#4733=CARTESIAN_POINT('Ctrl Pts',(-91.5612162372651,3.43640501566568,147.639323946531));
#4734=CARTESIAN_POINT('Ctrl Pts',(-91.6545083743919,3.43759135574666,147.749474686968));
#4735=CARTESIAN_POINT('Ctrl Pts',(-91.754497451935,3.43886284443435,147.85457850383));
#4736=CARTESIAN_POINT('Ctrl Pts',(-91.8712251765899,3.44034718637534,147.977277199491));
#4737=CARTESIAN_POINT('Ctrl Pts',(-91.9962057584715,3.44193648793931,148.09216834113));
#4738=CARTESIAN_POINT('Ctrl Pts',(-92.1272360002784,3.44360268370853,148.199846282013));
#4739=CARTESIAN_POINT('Ctrl Pts',(-92.2691848795059,3.44540772213899,148.316496933153));
#4740=CARTESIAN_POINT('Ctrl Pts',(-92.4182263186695,3.44730300376457,148.424684140492));
#4741=CARTESIAN_POINT('Ctrl Pts',(-92.5715607189881,3.44925284628967,148.525187315357));
#4742=CARTESIAN_POINT('',(-92.5715607189881,0.,148.525187315357));
#4743=CARTESIAN_POINT('Ctrl Pts',(-92.5715607189881,0.,148.525187315357));
#4744=CARTESIAN_POINT('Ctrl Pts',(-92.4298875666769,0.,148.432327516311));
#4745=CARTESIAN_POINT('Ctrl Pts',(-92.2978557284754,0.,148.336818526753));
#4746=CARTESIAN_POINT('Ctrl Pts',(-92.1752331009991,0.,148.238754857457));
#4747=CARTESIAN_POINT('Ctrl Pts',(-92.0526104735227,0.,148.140691188162));
#4748=CARTESIAN_POINT('Ctrl Pts',(-91.9393970567715,0.,148.040072839128));
#4749=CARTESIAN_POINT('Ctrl Pts',(-91.835310322105,0.,147.937007537169));
#4750=CARTESIAN_POINT('Ctrl Pts',(-91.7312235874385,0.,147.83394223521));
#4751=CARTESIAN_POINT('Ctrl Pts',(-91.6362635348567,-1.58146046975416E-21,
147.728429980326));
#4752=CARTESIAN_POINT('Ctrl Pts',(-91.5500972104636,0.,147.620591715368));
#4753=CARTESIAN_POINT('Ctrl Pts',(-91.4639308860704,1.58146046975477E-21,
147.51275345041));
#4754=CARTESIAN_POINT('Ctrl Pts',(-91.386558289866,0.,147.402589175378));
#4755=CARTESIAN_POINT('Ctrl Pts',(-91.3175960426984,0.,147.290233049162));
#4756=CARTESIAN_POINT('Ctrl Pts',(-91.2486337955308,0.,147.177876922946));
#4757=CARTESIAN_POINT('Ctrl Pts',(-91.1880818974002,0.,147.063328945545));
#4758=CARTESIAN_POINT('Ctrl Pts',(-91.1355065438989,0.,146.946736491888));
#4759=CARTESIAN_POINT('Ctrl Pts',(-91.0829311903977,0.,146.830144038232));
#4760=CARTESIAN_POINT('Ctrl Pts',(-91.0383323815259,0.,146.711507108319));
#4761=CARTESIAN_POINT('Ctrl Pts',(-91.0012258876203,0.,146.590986293117));
#4762=CARTESIAN_POINT('Ctrl Pts',(-90.9641193937148,0.,146.470465477915));
#4763=CARTESIAN_POINT('Ctrl Pts',(-90.9345052147755,0.,146.348060777423));
#4764=CARTESIAN_POINT('Ctrl Pts',(-90.9118486958835,0.,146.223945998647));
#4765=CARTESIAN_POINT('Ctrl Pts',(-90.8891921769916,0.,146.099831219872));
#4766=CARTESIAN_POINT('Ctrl Pts',(-90.873493318147,0.,145.974006362812));
#4767=CARTESIAN_POINT('Ctrl Pts',(-90.8641670391752,0.,145.846658450512));
#4768=CARTESIAN_POINT('Ctrl Pts',(-90.8548407602034,0.,145.719310538211));
#4769=CARTESIAN_POINT('Ctrl Pts',(-90.8518870611044,0.,145.590439570671));
#4770=CARTESIAN_POINT('Ctrl Pts',(-90.8546704364479,0.,145.460245786972));
#4771=CARTESIAN_POINT('Ctrl Pts',(-90.8574538117915,0.,145.330052003273));
#4772=CARTESIAN_POINT('Ctrl Pts',(-90.8659742615775,0.,145.198535403416));
#4773=CARTESIAN_POINT('Ctrl Pts',(-90.87954585512,0.,145.065909442522));
#4774=CARTESIAN_POINT('Ctrl Pts',(-90.8931174486626,0.,144.933283481627));
#4775=CARTESIAN_POINT('Ctrl Pts',(-90.9117401859616,0.,144.799548159695));
#4776=CARTESIAN_POINT('Ctrl Pts',(-90.9346777110755,0.,144.664930147886));
#4777=CARTESIAN_POINT('Ctrl Pts',(-90.9576152361894,0.,144.530312136076));
#4778=CARTESIAN_POINT('Ctrl Pts',(-90.9848675491181,0.,144.394811434388));
#4779=CARTESIAN_POINT('Ctrl Pts',(-91.0156478686642,0.,144.258667930019));
#4780=CARTESIAN_POINT('Ctrl Pts',(-91.0464281882103,0.,144.122524425651));
#4781=CARTESIAN_POINT('Ctrl Pts',(-91.0807365143739,0.,143.985738118602));
#4782=CARTESIAN_POINT('Ctrl Pts',(-91.1177356407018,0.,143.848562112108));
#4783=CARTESIAN_POINT('Ctrl Pts',(-91.1547347670298,0.,143.711386105615));
#4784=CARTESIAN_POINT('Ctrl Pts',(-91.194424693522,0.,143.573820399678));
#4785=CARTESIAN_POINT('Ctrl Pts',(-91.2359177884698,0.,143.436131313572));
#4786=CARTESIAN_POINT('Ctrl Pts',(-91.2774108834176,0.,143.298442227465));
#4787=CARTESIAN_POINT('Ctrl Pts',(-91.3207071468209,0.,143.16062976119));
#4788=CARTESIAN_POINT('Ctrl Pts',(-91.3648685217152,0.,143.022973450058));
#4789=CARTESIAN_POINT('Ctrl Pts',(-91.4105905183383,0.,142.880452493503));
#4790=CARTESIAN_POINT('Ctrl Pts',(-91.4572401752945,0.,142.738098838946));
#4791=CARTESIAN_POINT('Ctrl Pts',(-91.503719478399,0.,142.596237643308));
#4792=CARTESIAN_POINT('Ctrl Pts',(-91.5486123107515,0.,142.459218573578));
#4793=CARTESIAN_POINT('Ctrl Pts',(-91.5933459178592,0.,142.322658997677));
#4794=CARTESIAN_POINT('Ctrl Pts',(-91.6368796102648,0.,142.186865350037));
#4795=CARTESIAN_POINT('Ctrl Pts',(-91.6804133026704,0.,142.051071702397));
#4796=CARTESIAN_POINT('Ctrl Pts',(-91.7227470803739,0.,141.916043983018));
#4797=CARTESIAN_POINT('Ctrl Pts',(-91.7627898286622,0.,141.782101842372));
#4798=CARTESIAN_POINT('Ctrl Pts',(-91.8028325769505,0.,141.648159701726));
#4799=CARTESIAN_POINT('Ctrl Pts',(-91.8405842958236,0.,141.515303139813));
#4800=CARTESIAN_POINT('Ctrl Pts',(-91.8749034453128,0.,141.383865023142));
#4801=CARTESIAN_POINT('Ctrl Pts',(-91.9092225948021,0.,141.252426906471));
#4802=CARTESIAN_POINT('Ctrl Pts',(-91.9401091749074,0.,141.122407235042));
#4803=CARTESIAN_POINT('Ctrl Pts',(-91.9663712204044,0.,140.994152091405));
#4804=CARTESIAN_POINT('Ctrl Pts',(-91.9926332659014,0.,140.865896947767));
#4805=CARTESIAN_POINT('Ctrl Pts',(-92.0142707767901,0.,140.73940633192));
#4806=CARTESIAN_POINT('Ctrl Pts',(-92.0300413625903,0.,140.615039542451));
#4807=CARTESIAN_POINT('Ctrl Pts',(-92.0458119483904,0.,140.490672752981));
#4808=CARTESIAN_POINT('Ctrl Pts',(-92.0557156091021,0.,140.368429789889));
#4809=CARTESIAN_POINT('Ctrl Pts',(-92.0584595289894,0.,140.2486831678));
#4810=CARTESIAN_POINT('Ctrl Pts',(-92.0612034488768,0.,140.128936545711));
#4811=CARTESIAN_POINT('Ctrl Pts',(-92.0567876279398,0.,140.011686264625));
#4812=CARTESIAN_POINT('Ctrl Pts',(-92.0438688251868,0.,139.897318055205));
#4813=CARTESIAN_POINT('Ctrl Pts',(-92.0309500224339,0.,139.782949845786));
#4814=CARTESIAN_POINT('Ctrl Pts',(-92.0095282378651,2.1496090659043E-19,
139.671463708033));
#4815=CARTESIAN_POINT('Ctrl Pts',(-91.978209805233,2.16840434497101E-19,
139.563258588648));
#4816=CARTESIAN_POINT('Ctrl Pts',(-91.9468913726011,2.18719962403769E-19,
139.455053469265));
#4817=CARTESIAN_POINT('Ctrl Pts',(-91.905676291906,0.,139.35012936825));
#4818=CARTESIAN_POINT('Ctrl Pts',(-91.8531204716447,0.,139.248898448344));
#4819=CARTESIAN_POINT('Ctrl Pts',(-91.8005646513835,0.,139.147667528439));
#4820=CARTESIAN_POINT('Ctrl Pts',(-91.7366680915561,0.,139.050129789644));
#4821=CARTESIAN_POINT('Ctrl Pts',(-91.6599362754039,0.,138.956710610737));
#4822=CARTESIAN_POINT('Ctrl Pts',(-91.5832044592517,0.,138.863291431831));
#4823=CARTESIAN_POINT('Ctrl Pts',(-91.4936373867748,0.,138.773990812814));
#4824=CARTESIAN_POINT('Ctrl Pts',(-91.3896901159587,0.,138.689247348504));
#4825=CARTESIAN_POINT('Ctrl Pts',(-91.2857428451426,0.,138.604503884193));
#4826=CARTESIAN_POINT('Ctrl Pts',(-91.1674153759874,0.,138.52431757459));
#4827=CARTESIAN_POINT('Ctrl Pts',(-91.033112341223,0.,138.44914023055));
#4828=CARTESIAN_POINT('Ctrl Pts',(-90.8988093064586,0.,138.37396288651));
#4829=CARTESIAN_POINT('Ctrl Pts',(-90.7485307060849,0.,138.303794508034));
#4830=CARTESIAN_POINT('Ctrl Pts',(-90.5806307475763,0.,138.239100122015));
#4831=CARTESIAN_POINT('Ctrl Pts',(-90.4127307890677,0.,138.174405735997));
#4832=CARTESIAN_POINT('Ctrl Pts',(-90.2272094724241,0.,138.115185342436));
#4833=CARTESIAN_POINT('Ctrl Pts',(-90.0223705798641,0.,138.061917184267));
#4834=CARTESIAN_POINT('Ctrl Pts',(-89.8175316873043,0.,138.008649026099));
#4835=CARTESIAN_POINT('Ctrl Pts',(-89.5933752188281,0.,137.961333103321));
#4836=CARTESIAN_POINT('Ctrl Pts',(-89.3481545313983,0.,137.920460874908));
#4837=CARTESIAN_POINT('Ctrl Pts',(-89.2181664816354,0.,137.898795079429));
#4838=CARTESIAN_POINT('Ctrl Pts',(-89.0822587237493,0.,137.878940127562));
#4839=CARTESIAN_POINT('Ctrl Pts',(-88.9401653500858,0.,137.860970727863));
#4840=CARTESIAN_POINT('',(-92.5715607189881,-0.00100000129802602,148.525187315357));
#4841=CARTESIAN_POINT('Ctrl Pts',(-98.1242561776001,-0.00100000129802602,
149.170592709036));
#4842=CARTESIAN_POINT('Ctrl Pts',(-98.1242561776001,13.003216444966,149.170592709036));
#4843=CARTESIAN_POINT('Ctrl Pts',(-94.4694378099733,-0.00100000129802602,
149.170592709036));
#4844=CARTESIAN_POINT('Ctrl Pts',(-94.4694378099733,13.003216444966,149.170592709036));
#4845=CARTESIAN_POINT('Ctrl Pts',(-92.5715607189881,-0.00100000129802602,
148.525187315357));
#4846=CARTESIAN_POINT('Ctrl Pts',(-92.5715607189881,13.003216444966,148.525187315357));
#4847=CARTESIAN_POINT('Ctrl Pts',(-92.5715607189881,3.44925284628967,148.525187315357));
#4848=CARTESIAN_POINT('Ctrl Pts',(-92.7345485933507,3.4513254450532,148.580614114973));
#4849=CARTESIAN_POINT('Ctrl Pts',(-92.9027864405242,3.45346520127889,148.630948277235));
#4850=CARTESIAN_POINT('Ctrl Pts',(-93.0743356431332,3.45564691564253,148.676681770299));
#4851=CARTESIAN_POINT('Ctrl Pts',(-93.281846039083,3.45828597431818,148.732002197964));
#4852=CARTESIAN_POINT('Ctrl Pts',(-93.4942008659459,3.46098642594595,148.780591215652));
#4853=CARTESIAN_POINT('Ctrl Pts',(-93.7078944796741,3.46370366975545,148.823346915377));
#4854=CARTESIAN_POINT('Ctrl Pts',(-93.9423407627791,3.46668479633343,148.870254797683));
#4855=CARTESIAN_POINT('Ctrl Pts',(-94.1783933344329,3.46968613497903,148.910143245527));
#4856=CARTESIAN_POINT('Ctrl Pts',(-94.4113896473033,3.47264878806684,148.94421041817));
#4857=CARTESIAN_POINT('Ctrl Pts',(-94.5792989770934,3.47478383084175,148.96876100464));
#4858=CARTESIAN_POINT('Ctrl Pts',(-94.745619916799,3.47689878266899,148.990288795246));
#4859=CARTESIAN_POINT('Ctrl Pts',(-94.9086250046514,3.47897160032401,149.009235766909));
#4860=CARTESIAN_POINT('Ctrl Pts',(-95.1842194129926,3.48247613483124,149.041269610233));
#4861=CARTESIAN_POINT('Ctrl Pts',(-95.4651263069736,3.48604849962196,149.067639903045));
#4862=CARTESIAN_POINT('Ctrl Pts',(-95.7486607664574,3.48965412648542,149.089097201185));
#4863=CARTESIAN_POINT('Ctrl Pts',(-96.1288217331553,3.49448852508535,149.117866992407));
#4864=CARTESIAN_POINT('Ctrl Pts',(-96.5137050826358,3.49938271975759,149.13780503069));
#4865=CARTESIAN_POINT('Ctrl Pts',(-96.8967445796356,3.5042533880725,149.15075517677));
#4866=CARTESIAN_POINT('Ctrl Pts',(-97.2406452405261,3.50862637327532,149.162382081646));
#4867=CARTESIAN_POINT('Ctrl Pts',(-97.5830537922768,3.51298039431892,149.168378312266));
#4868=CARTESIAN_POINT('Ctrl Pts',(-97.9192191557397,3.51725514940257,149.170077928817));
#4869=CARTESIAN_POINT('Ctrl Pts',(-97.9878381672825,3.51812772433238,149.170424859288));
#4870=CARTESIAN_POINT('Ctrl Pts',(-98.0561972060054,3.51899699655774,149.170592709036));
#4871=CARTESIAN_POINT('Ctrl Pts',(-98.1242561776001,3.51986245321166,149.170592709036));
#4872=CARTESIAN_POINT('Ctrl Pts',(-98.1242561776001,0.,149.170592709036));
#4873=CARTESIAN_POINT('Ctrl Pts',(-95.6877105991823,0.,149.170592709036));
#4874=CARTESIAN_POINT('Ctrl Pts',(-93.8368121129783,0.,148.95545757781));
#4875=CARTESIAN_POINT('Ctrl Pts',(-92.5715607189881,0.,148.525187315357));
#4876=CARTESIAN_POINT('Origin',(0.,-0.00100000129802602,149.170592709036));
#4877=CARTESIAN_POINT('',(-14.056626611521,2.45083528923892,149.170592709036));
#4878=CARTESIAN_POINT('',(-51.3990157036874,2.92569140821379,149.170592709036));
#4879=CARTESIAN_POINT('',(-8.99782486931503,7.23197702905265,149.170592709036));
#4880=CARTESIAN_POINT('Origin',(-13.9930503725356,7.45043107908397,149.170592709037));
#4881=CARTESIAN_POINT('',(-8.96562032950141,7.93238689531293,149.170592709036));
#4882=CARTESIAN_POINT('Ctrl Pts',(-8.9656203292667,7.93238690017977,149.170592709037));
#4883=CARTESIAN_POINT('Ctrl Pts',(-8.97687851200088,7.69894644837733,149.170592709036));
#4884=CARTESIAN_POINT('Ctrl Pts',(-8.98761339535801,7.46547517261332,149.170592709037));
#4885=CARTESIAN_POINT('Ctrl Pts',(-8.99782486931504,7.23197702905264,149.170592709037));
#4886=CARTESIAN_POINT('',(0.,7.5,149.170592709036));
#4887=CARTESIAN_POINT('',(-56.8412899834434,10.2412970880164,149.170592709036));
#4888=CARTESIAN_POINT('',(0.,2.00000000000001,149.170592709036));
#4889=CARTESIAN_POINT('',(0.,0.999499999350994,149.170592709036));
#4890=CARTESIAN_POINT('',(-2.00000000000001,0.,149.170592709036));
#4891=CARTESIAN_POINT('Origin',(-2.,2.,149.170592709036));
#4892=CARTESIAN_POINT('',(-1.00000000000001,0.,149.170592709036));
#4893=CARTESIAN_POINT('Origin',(0.,0.,323.75));
#4894=CARTESIAN_POINT('',(-114.763997583397,2.0354666377653,319.75));
#4895=CARTESIAN_POINT('',(-114.763997583397,2.0354666377653,323.75));
#4896=CARTESIAN_POINT('',(-114.043492868972,13.,319.75));
#4897=CARTESIAN_POINT('Origin',(0.,0.,319.75));
#4898=CARTESIAN_POINT('',(-114.043492868972,13.,284.154437906651));
#4899=CARTESIAN_POINT('',(-114.043492868972,13.,323.75));
#4900=CARTESIAN_POINT('',(-114.425153265374,9.0444770965999,284.154437906651));
#4901=CARTESIAN_POINT('Origin',(0.,0.,284.154437906651));
#4902=CARTESIAN_POINT('',(-114.712031374805,4.00850640775395,279.154437906651));
#4903=CARTESIAN_POINT('Ctrl Pts',(-114.425153265374,9.0444770965999,284.154437906651));
#4904=CARTESIAN_POINT('Ctrl Pts',(-114.451279607714,8.71394270588211,284.154437904434));
#4905=CARTESIAN_POINT('Ctrl Pts',(-114.475547877008,8.38869571448532,284.122374059671));
#4906=CARTESIAN_POINT('Ctrl Pts',(-114.49810899721,8.06853777513084,284.059484754757));
#4907=CARTESIAN_POINT('Ctrl Pts',(-114.498204184872,8.06718699620346,284.059219418379));
#4908=CARTESIAN_POINT('Ctrl Pts',(-114.49829934212,8.06583630820619,284.058953533118));
#4909=CARTESIAN_POINT('Ctrl Pts',(-114.498394468963,8.06448571112835,284.058687099067));
#4910=CARTESIAN_POINT('Ctrl Pts',(-114.509572694677,7.90577888926891,284.027378796834));
#4911=CARTESIAN_POINT('Ctrl Pts',(-114.520330529403,7.74833224531839,283.988436581265));
#4912=CARTESIAN_POINT('Ctrl Pts',(-114.530681950573,7.59217740113182,283.941681973687));
#4913=CARTESIAN_POINT('Ctrl Pts',(-114.530809658023,7.59025088915434,283.941105153212));
#4914=CARTESIAN_POINT('Ctrl Pts',(-114.530937303795,7.58832457105957,283.94052714267));
#4915=CARTESIAN_POINT('Ctrl Pts',(-114.531064887914,7.586398446949,283.939947941719));
#4916=CARTESIAN_POINT('Ctrl Pts',(-114.541366733944,7.43087255354047,283.893180059671));
#4917=CARTESIAN_POINT('Ctrl Pts',(-114.551289111775,7.27619581152285,283.838390249512));
#4918=CARTESIAN_POINT('Ctrl Pts',(-114.560628990336,7.12604731035541,283.776907646252));
#4919=CARTESIAN_POINT('Ctrl Pts',(-114.560777148001,7.12366551801699,283.775932353178));
#4920=CARTESIAN_POINT('Ctrl Pts',(-114.560925160016,7.12128485036621,283.774955371036));
#4921=CARTESIAN_POINT('Ctrl Pts',(-114.561073025567,7.11890532212318,283.773976705092));
#4922=CARTESIAN_POINT('Ctrl Pts',(-114.576406383077,6.87215307428501,283.672491033659));
#4923=CARTESIAN_POINT('Ctrl Pts',(-114.590319417611,6.63541175334849,283.552512210518));
#4924=CARTESIAN_POINT('Ctrl Pts',(-114.602995035921,6.40873249113788,283.414131345514));
#4925=CARTESIAN_POINT('Ctrl Pts',(-114.605799585978,6.35857846139271,283.383513820329));
#4926=CARTESIAN_POINT('Ctrl Pts',(-114.60854357776,6.30891691480441,283.351995619624));
#4927=CARTESIAN_POINT('Ctrl Pts',(-114.611229021968,6.25974824385691,283.319578032909));
#4928=CARTESIAN_POINT('Ctrl Pts',(-114.611381596322,6.25695471039732,283.317736217553));
#4929=CARTESIAN_POINT('Ctrl Pts',(-114.611533982252,6.25416275761712,283.315891491538));
#4930=CARTESIAN_POINT('Ctrl Pts',(-114.611686180121,6.25137238562692,283.314043855047));
#4931=CARTESIAN_POINT('Ctrl Pts',(-114.622549575842,6.05220458315427,283.182165488674));
#4932=CARTESIAN_POINT('Ctrl Pts',(-114.632470007412,5.86055120226172,283.0344342056));
#4933=CARTESIAN_POINT('Ctrl Pts',(-114.641356926448,5.68128236399073,282.874810816707));
#4934=CARTESIAN_POINT('Ctrl Pts',(-114.64453699962,5.61713324539898,282.817691577229));
#4935=CARTESIAN_POINT('Ctrl Pts',(-114.6475847473,5.55457004929042,282.759050089249));
#4936=CARTESIAN_POINT('Ctrl Pts',(-114.650496069358,5.49381607593679,282.699069361497));
#4937=CARTESIAN_POINT('Ctrl Pts',(-114.650619799982,5.49123404384028,282.696520192189));
#4938=CARTESIAN_POINT('Ctrl Pts',(-114.65074328541,5.4886552542069,282.693968583226));
#4939=CARTESIAN_POINT('Ctrl Pts',(-114.650866525314,5.48607972440389,282.691414548571));
#4940=CARTESIAN_POINT('Ctrl Pts',(-114.659370013382,5.30836953248838,282.515187510458));
#4941=CARTESIAN_POINT('Ctrl Pts',(-114.666806430065,5.1443794995965,282.326485289694));
#4942=CARTESIAN_POINT('Ctrl Pts',(-114.673333110299,4.99450553643124,282.125084269886));
#4943=CARTESIAN_POINT('Ctrl Pts',(-114.675244405359,4.95061593940309,282.066105315745));
#4944=CARTESIAN_POINT('Ctrl Pts',(-114.677077712191,4.90793667473913,282.006037599563));
#4945=CARTESIAN_POINT('Ctrl Pts',(-114.67883704806,4.86647711703923,281.944876144492));
#4946=CARTESIAN_POINT('Ctrl Pts',(-114.678917653649,4.86457760930952,281.942073976232));
#4947=CARTESIAN_POINT('Ctrl Pts',(-114.678998104196,4.86268065650283,281.939269504871));
#4948=CARTESIAN_POINT('Ctrl Pts',(-114.679078400088,4.86078625952468,281.936462729924));
#4949=CARTESIAN_POINT('Ctrl Pts',(-114.684849656881,4.72462672193671,281.734726143879));
#4950=CARTESIAN_POINT('Ctrl Pts',(-114.689746530035,4.60344431063037,281.523163005519));
#4951=CARTESIAN_POINT('Ctrl Pts',(-114.693856291458,4.49864129439576,281.305028797794));
#4952=CARTESIAN_POINT('Ctrl Pts',(-114.695260887825,4.46282268579176,281.230476899477));
#4953=CARTESIAN_POINT('Ctrl Pts',(-114.696573567749,4.42891700664794,281.155157798183));
#4954=CARTESIAN_POINT('Ctrl Pts',(-114.697797885242,4.39697922858219,281.079202374838));
#4955=CARTESIAN_POINT('Ctrl Pts',(-114.697836205374,4.39597960237171,281.076825032499));
#4956=CARTESIAN_POINT('Ctrl Pts',(-114.697874438747,4.39498190910244,281.074447080315));
#4957=CARTESIAN_POINT('Ctrl Pts',(-114.697912585487,4.39398615004805,281.0720685215));
#4958=CARTESIAN_POINT('Ctrl Pts',(-114.700084220683,4.33729912019911,280.936660830307));
#4959=CARTESIAN_POINT('Ctrl Pts',(-114.70199368958,4.28659692503914,280.798359376448));
#4960=CARTESIAN_POINT('Ctrl Pts',(-114.703650213135,4.24202399952107,280.657690345666));
#4961=CARTESIAN_POINT('Ctrl Pts',(-114.705297151143,4.1977089971891,280.517835302393));
#4962=CARTESIAN_POINT('Ctrl Pts',(-114.706694051144,4.15945233774429,280.375639125664));
#4963=CARTESIAN_POINT('Ctrl Pts',(-114.707848069995,4.12744585215509,280.231608100343));
#4964=CARTESIAN_POINT('Ctrl Pts',(-114.70809693743,4.12054356285494,280.200547401655));
#4965=CARTESIAN_POINT('Ctrl Pts',(-114.708334502685,4.11393213678369,280.169401358924));
#4966=CARTESIAN_POINT('Ctrl Pts',(-114.708560826619,4.10761381859528,280.138175044348));
#4967=CARTESIAN_POINT('Ctrl Pts',(-114.709278417548,4.08758072830171,280.03916775146));
#4968=CARTESIAN_POINT('Ctrl Pts',(-114.709879840069,4.07058299801958,279.939815352936));
#4969=CARTESIAN_POINT('Ctrl Pts',(-114.710370360145,4.05660183122778,279.840123090894));
#4970=CARTESIAN_POINT('Ctrl Pts',(-114.710859748958,4.04265290850955,279.740660744186));
#4971=CARTESIAN_POINT('Ctrl Pts',(-114.71123873778,4.03170652758306,279.640859494332));
#4972=CARTESIAN_POINT('Ctrl Pts',(-114.711510633809,4.023794589364,279.540713884054));
#4973=CARTESIAN_POINT('Ctrl Pts',(-114.711778992334,4.01598558944112,279.441871218542));
#4974=CARTESIAN_POINT('Ctrl Pts',(-114.711943016683,4.01113252628178,279.342692523443));
#4975=CARTESIAN_POINT('Ctrl Pts',(-114.712004153089,4.00931661560816,279.24317088573));
#4976=CARTESIAN_POINT('Ctrl Pts',(-114.712022304147,4.00877748186969,279.213623467249));
#4977=CARTESIAN_POINT('Ctrl Pts',(-114.712031374801,4.00850640788707,279.184045839579));
#4978=CARTESIAN_POINT('Ctrl Pts',(-114.712031374805,4.00850640775395,279.154437906651));
#4979=CARTESIAN_POINT('',(-114.425153265374,9.0444770965999,274.154437906651));
#4980=CARTESIAN_POINT('Ctrl Pts',(-114.712031374805,4.00850640775395,279.154437906651));
#4981=CARTESIAN_POINT('Ctrl Pts',(-114.712031374726,4.00850641002061,278.824182505805));
#4982=CARTESIAN_POINT('Ctrl Pts',(-114.710903042522,4.04117339479043,278.499542710224));
#4983=CARTESIAN_POINT('Ctrl Pts',(-114.708614823525,4.10511279059918,278.180279795525));
#4984=CARTESIAN_POINT('Ctrl Pts',(-114.708605108457,4.10538425742612,278.178924304292));
#4985=CARTESIAN_POINT('Ctrl Pts',(-114.708595372163,4.10565629222983,278.177568910343));
#4986=CARTESIAN_POINT('Ctrl Pts',(-114.708585614621,4.10592889511714,278.176213613689));
#4987=CARTESIAN_POINT('Ctrl Pts',(-114.7074457667,4.13777358118146,278.017891752605));
#4988=CARTESIAN_POINT('Ctrl Pts',(-114.706015823808,4.17737475087195,277.860892665007));
#4989=CARTESIAN_POINT('Ctrl Pts',(-114.704265909405,4.22488436996799,277.705274935232));
#4990=CARTESIAN_POINT('Ctrl Pts',(-114.704244197881,4.22547383093673,277.703344156171));
#4991=CARTESIAN_POINT('Ctrl Pts',(-114.704222435474,4.22606455035346,277.701413524386));
#4992=CARTESIAN_POINT('Ctrl Pts',(-114.704200622221,4.22665652553955,277.699483047008));
#4993=CARTESIAN_POINT('Ctrl Pts',(-114.702448624621,4.27420280986083,277.544430895368));
#4994=CARTESIAN_POINT('Ctrl Pts',(-114.700367805337,4.32987178381734,277.39032997035));
#4995=CARTESIAN_POINT('Ctrl Pts',(-114.697978518827,4.39226472903134,277.240923243269));
#4996=CARTESIAN_POINT('Ctrl Pts',(-114.697940430377,4.39325935671976,277.238541498552));
#4997=CARTESIAN_POINT('Ctrl Pts',(-114.697902262799,4.39425572871517,277.236160736551));
#4998=CARTESIAN_POINT('Ctrl Pts',(-114.697864015938,4.395253844665,277.233780957472));
#4999=CARTESIAN_POINT('Ctrl Pts',(-114.693547643271,4.50789682516674,276.965209547049));
#5000=CARTESIAN_POINT('Ctrl Pts',(-114.688219555674,4.64279662164002,276.70906041627));
#5001=CARTESIAN_POINT('Ctrl Pts',(-114.681654821849,4.79962221992542,276.465242585046));
#5002=CARTESIAN_POINT('Ctrl Pts',(-114.680881085004,4.81810609861564,276.436505572312));
#5003=CARTESIAN_POINT('Ctrl Pts',(-114.680090174128,4.83689451757725,276.40793982194));
#5004=CARTESIAN_POINT('Ctrl Pts',(-114.679281725058,4.85598690008442,276.379545154003));
#5005=CARTESIAN_POINT('Ctrl Pts',(-114.679202540109,4.85785693665005,276.376763988934));
#5006=CARTESIAN_POINT('Ctrl Pts',(-114.67912317615,4.85973009449851,276.373984357214));
#5007=CARTESIAN_POINT('Ctrl Pts',(-114.679043633259,4.86160636221655,276.371206272023));
#5008=CARTESIAN_POINT('Ctrl Pts',(-114.673488506335,4.99264139461587,276.177189991951));
#5009=CARTESIAN_POINT('Ctrl Pts',(-114.667058256877,5.13889843992242,275.990663534487));
#5010=CARTESIAN_POINT('Ctrl Pts',(-114.659779257474,5.2965058850621,275.816135585921));
#5011=CARTESIAN_POINT('Ctrl Pts',(-114.65697448957,5.35723570231826,275.748885904834));
#5012=CARTESIAN_POINT('Ctrl Pts',(-114.65404372234,5.41965069847355,275.683417189011));
#5013=CARTESIAN_POINT('Ctrl Pts',(-114.650988530695,5.48352940072412,275.619985204478));
#5014=CARTESIAN_POINT('Ctrl Pts',(-114.650865419269,5.4861034448472,275.617429161207));
#5015=CARTESIAN_POINT('Ctrl Pts',(-114.65074209886,5.48868006011793,275.61487605003));
#5016=CARTESIAN_POINT('Ctrl Pts',(-114.650618568873,5.49125924684166,275.612325871669));
#5017=CARTESIAN_POINT('Ctrl Pts',(-114.642877729204,5.65288049638276,275.452522391985));
#5018=CARTESIAN_POINT('Ctrl Pts',(-114.634314909426,5.8245793356503,275.304243149198));
#5019=CARTESIAN_POINT('Ctrl Pts',(-114.624778163308,6.0065555806887,275.167571239249));
#5020=CARTESIAN_POINT('Ctrl Pts',(-114.620725035209,6.08389569471387,275.109485519889));
#5021=CARTESIAN_POINT('Ctrl Pts',(-114.616495965631,6.16309259328846,275.0534968672));
#5022=CARTESIAN_POINT('Ctrl Pts',(-114.612079154191,6.24416349146451,274.999613817888));
#5023=CARTESIAN_POINT('Ctrl Pts',(-114.611925746913,6.24697929329813,274.997742320317));
#5024=CARTESIAN_POINT('Ctrl Pts',(-114.61177213196,6.24979696287772,274.995873695626));
#5025=CARTESIAN_POINT('Ctrl Pts',(-114.611618309488,6.25261649170052,274.994007947119));
#5026=CARTESIAN_POINT('Ctrl Pts',(-114.601486484833,6.43833039505675,274.871116691327));
#5027=CARTESIAN_POINT('Ctrl Pts',(-114.590461430602,6.63198181191353,274.760791825078));
#5028=CARTESIAN_POINT('Ctrl Pts',(-114.578590812127,6.83112042553757,274.663935212377));
#5029=CARTESIAN_POINT('Ctrl Pts',(-114.573021912386,6.92454293558698,274.61849657188));
#5030=CARTESIAN_POINT('Ctrl Pts',(-114.567266869112,7.01917377018072,274.576022518625));
#5031=CARTESIAN_POINT('Ctrl Pts',(-114.561330362952,7.11476290694812,274.53660865552));
#5032=CARTESIAN_POINT('Ctrl Pts',(-114.561182754311,7.11713968921395,274.535628646974));
#5033=CARTESIAN_POINT('Ctrl Pts',(-114.561035012021,7.1195173504085,274.534650444451));
#5034=CARTESIAN_POINT('Ctrl Pts',(-114.56088713624,7.12189588707287,274.53367404879));
#5035=CARTESIAN_POINT('Ctrl Pts',(-114.552494560707,7.25688789538341,274.478259468386));
#5036=CARTESIAN_POINT('Ctrl Pts',(-114.543676887279,7.394624071896,274.428696150444));
#5037=CARTESIAN_POINT('Ctrl Pts',(-114.534455786363,7.53458832522078,274.38509747276));
#5038=CARTESIAN_POINT('Ctrl Pts',(-114.525219132555,7.67478865111284,274.341425258788));
#5039=CARTESIAN_POINT('Ctrl Pts',(-114.51557765,7.81722545265851,274.303737568412));
#5040=CARTESIAN_POINT('Ctrl Pts',(-114.505549940721,7.96139596991477,274.272197504205));
#5041=CARTESIAN_POINT('Ctrl Pts',(-114.50319659722,7.99523049187249,274.264795553963));
#5042=CARTESIAN_POINT('Ctrl Pts',(-114.500821969352,8.02916053745219,274.257732416531));
#5043=CARTESIAN_POINT('Ctrl Pts',(-114.498426275858,8.0631796541518,274.25101061541));
#5044=CARTESIAN_POINT('Ctrl Pts',(-114.491389496173,8.16310271602713,274.231266923791));
#5045=CARTESIAN_POINT('Ctrl Pts',(-114.484202215886,8.26335296004318,274.214551012584));
#5046=CARTESIAN_POINT('Ctrl Pts',(-114.476861141618,8.36392430688805,274.200842619448));
#5047=CARTESIAN_POINT('Ctrl Pts',(-114.469533811072,8.46430736730895,274.187159890722));
#5048=CARTESIAN_POINT('Ctrl Pts',(-114.462053231777,8.56501094520771,274.176473304753));
#5049=CARTESIAN_POINT('Ctrl Pts',(-114.454413188921,8.66603974299688,274.16881327071));
#5050=CARTESIAN_POINT('Ctrl Pts',(-114.44686903359,8.76580056342539,274.161249375094));
#5051=CARTESIAN_POINT('Ctrl Pts',(-114.439169361285,8.86587907426225,274.156636475837));
#5052=CARTESIAN_POINT('Ctrl Pts',(-114.43130577926,8.96628139328183,274.155054440038));
#5053=CARTESIAN_POINT('Ctrl Pts',(-114.429266037659,8.99232484095691,274.154644074351));
#5054=CARTESIAN_POINT('Ctrl Pts',(-114.427215256217,9.018390058543,274.154437906764));
#5055=CARTESIAN_POINT('Ctrl Pts',(-114.425153265374,9.0444770965999,274.154437906651));
#5056=CARTESIAN_POINT('',(-114.043492868972,13.,274.154437906651));
#5057=CARTESIAN_POINT('Origin',(0.,0.,274.15443790665));
#5058=CARTESIAN_POINT('',(-114.043492868972,13.,323.75));
#5059=CARTESIAN_POINT('Origin',(-112.764312078722,2.,323.75));
#5060=CARTESIAN_POINT('',(-112.764312078722,0.,159.626682793387));
#5061=CARTESIAN_POINT('',(-112.764312078722,0.,323.75));
#5062=CARTESIAN_POINT('',(-113.157950239659,0.0391203508998171,159.854774057839));
#5063=CARTESIAN_POINT('Origin',(-112.764312078722,2.,159.682306135405));
#5064=CARTESIAN_POINT('',(-113.157950239659,0.0391203509002985,163.896225942161));
#5065=CARTESIAN_POINT('',(-113.157950239657,0.0391203508997087,323.75));
#5066=CARTESIAN_POINT('',(-112.764312078722,0.,164.124317206612));
#5067=CARTESIAN_POINT('Origin',(-112.764312078722,2.,164.068693864594));
#5068=CARTESIAN_POINT('',(-112.764312078722,0.,317.127904033145));
#5069=CARTESIAN_POINT('',(-112.764312078722,0.,323.75));
#5070=CARTESIAN_POINT('',(-113.690940997739,0.227612106100011,318.749999999996));
#5071=CARTESIAN_POINT('Origin',(-112.764312078721,2.00000000001672,317.294774059197));
#5072=CARTESIAN_POINT('',(-113.122338734942,0.0323067023958678,319.75));
#5073=CARTESIAN_POINT('Origin',(-112.764312078898,1.99999999951818,320.205225940557));
#5074=CARTESIAN_POINT('',(-114.764312078722,2.,319.75));
#5075=CARTESIAN_POINT('Origin',(-112.764312078722,1.99999999999999,319.75));
#5076=CARTESIAN_POINT('Origin',(-112.764312078722,1.99999999999999,319.75));
#5077=CARTESIAN_POINT('Origin',(-2.00000000000001,0.,323.75));
#5078=CARTESIAN_POINT('',(-2.00000000000001,0.,159.757080980092));
#5079=CARTESIAN_POINT('',(-2.00000000000001,0.,323.75));
#5080=CARTESIAN_POINT('',(-5.33466185950035,0.,157.834048115669));
#5081=CARTESIAN_POINT('',(68.9697504829081,0.,200.683918035472));
#5082=CARTESIAN_POINT('',(-8.83872975792143,0.,159.854774057836));
#5083=CARTESIAN_POINT('',(-74.6341779883671,0.,197.797694392067));
#5084=CARTESIAN_POINT('',(-8.83872975792137,0.,163.896225942161));
#5085=CARTESIAN_POINT('',(-8.83872975791917,0.,323.75));
#5086=CARTESIAN_POINT('',(-5.33466185950071,0.,165.916951884325));
#5087=CARTESIAN_POINT('',(65.471784430063,0.,206.749614674389));
#5088=CARTESIAN_POINT('',(-1.99999999999999,0.,163.993919019903));
#5089=CARTESIAN_POINT('',(-71.136211935522,0.,203.863391030982));
#5090=CARTESIAN_POINT('',(-2.,0.,317.519098593253));
#5091=CARTESIAN_POINT('',(-2.00000000000001,0.,323.75));
#5092=CARTESIAN_POINT('',(-3.31158731507916,0.,315.249999999998));
#5093=CARTESIAN_POINT('',(0.699625550392514,0.,322.189558934159));
#5094=CARTESIAN_POINT('',(-7.35773640390743,0.,315.25));
#5095=CARTESIAN_POINT('',(-2.00000000000001,0.,315.25));
#5096=CARTESIAN_POINT('',(-9.38081094831663,0.,318.749999999998));
#5097=CARTESIAN_POINT('',(-9.69871154081675,0.,319.299980759143));
#5098=CARTESIAN_POINT('',(-8.80278964991214,0.,319.75));
#5099=CARTESIAN_POINT('',(-5.36607108614432,0.,325.695660779732));
#5100=CARTESIAN_POINT('',(-106.187641216366,0.,319.75));
#5101=CARTESIAN_POINT('',(-112.764312078722,0.,319.75));
#5102=CARTESIAN_POINT('',(-105.609619917965,0.,318.750000000002));
#5103=CARTESIAN_POINT('',(-81.8283773157628,0.,277.607497694494));
#5104=CARTESIAN_POINT('',(-107.632694462378,0.,315.25));
#5105=CARTESIAN_POINT('',(-77.4957368610949,0.,367.388143844385));
#5106=CARTESIAN_POINT('',(-111.678843551206,0.,315.25));
#5107=CARTESIAN_POINT('',(-2.00000000000001,0.,315.25));
#5108=CARTESIAN_POINT('',(-87.894073952305,0.,274.101395848919));
#5109=CARTESIAN_POINT('',(-109.655769006793,0.,165.916951884327));
#5110=CARTESIAN_POINT('',(39.4369228081644,0.,251.895728229728));
#5111=CARTESIAN_POINT('',(-106.151701108371,0.,163.896225942165));
#5112=CARTESIAN_POINT('',(-97.171073557419,0.,158.717277475643));
#5113=CARTESIAN_POINT('',(-106.151701108371,0.,159.854774057835));
#5114=CARTESIAN_POINT('',(-106.15170110837,0.,323.750000000001));
#5115=CARTESIAN_POINT('',(-109.655769006797,0.,157.83404811567));
#5116=CARTESIAN_POINT('',(42.934888861011,0.,245.830031590814));
#5117=CARTESIAN_POINT('',(-100.669039610266,0.,152.651580836728));
#5118=CARTESIAN_POINT('Origin',(-2.,2.,323.75));
#5119=CARTESIAN_POINT('',(0.,2.00000000000001,319.75));
#5120=CARTESIAN_POINT('',(0.,2.00000000000001,323.75));
#5121=CARTESIAN_POINT('',(-1.86631836339278,0.00447269624442035,319.75));
#5122=CARTESIAN_POINT('Origin',(-2.,2.,319.75));
#5123=CARTESIAN_POINT('',(-1.28208444947338,0.133292400424785,318.749999999996));
#5124=CARTESIAN_POINT('Origin',(-1.99999999988341,1.99999999943209,320.147771432544));
#5125=CARTESIAN_POINT('Origin',(-1.99999999993223,1.99999999963635,317.352228567357));
#5126=CARTESIAN_POINT('',(-1.83024589873571,0.00721713548546433,163.896225942162));
#5127=CARTESIAN_POINT('Origin',(-1.96794403839361,2.65740263291424,164.049339795146));
#5128=CARTESIAN_POINT('',(-1.83024589873516,0.00721713548513039,159.854774057832));
#5129=CARTESIAN_POINT('',(-1.83024589873346,0.00721713548535634,323.75));
#5130=CARTESIAN_POINT('Origin',(-1.96794403807863,2.65740263306661,159.7016602043));
#5131=CARTESIAN_POINT('Origin',(0.,2.00000000000001,323.75));
#5132=CARTESIAN_POINT('',(0.,7.5,319.75));
#5133=CARTESIAN_POINT('',(0.,7.5,323.75));
#5134=CARTESIAN_POINT('',(0.,2.00000000000001,319.75));
#5135=CARTESIAN_POINT('Origin',(-114.043492868972,13.,323.75));
#5136=CARTESIAN_POINT('',(-8.96562032950085,7.9323868953129,312.248999999999));
#5137=CARTESIAN_POINT('',(-8.96562032950136,7.93238689531293,161.8745));
#5138=CARTESIAN_POINT('',(-11.462718060845,8.05281496561376,314.749));
#5139=CARTESIAN_POINT('Origin',(-11.4627180610363,8.05281496164353,312.249));
#5140=CARTESIAN_POINT('',(-102.556843304295,12.446030886845,314.749));
#5141=CARTESIAN_POINT('',(-11.4596203484594,8.05266556934503,314.749));
#5142=CARTESIAN_POINT('',(-105.053941035799,12.5664589538311,312.249));
#5143=CARTESIAN_POINT('Origin',(-102.556843304233,12.4460308881352,312.249));
#5144=CARTESIAN_POINT('',(-105.053941035747,12.5664589549222,284.154437906651));
#5145=CARTESIAN_POINT('',(-105.053941035747,12.5664589549222,161.8745));
#5146=CARTESIAN_POINT('',(-106.052780128327,12.614630182153,283.154437906651));
#5147=CARTESIAN_POINT('Origin',(-106.052780128341,12.6146301818758,284.154437906651));
#5148=CARTESIAN_POINT('',(-113.042500826892,12.9517249420117,283.154437906651));
#5149=CARTESIAN_POINT('',(-123.727804706936,13.4670473848954,283.154437906651));
#5150=CARTESIAN_POINT('Ctrl Pts',(-113.042500826892,12.9517249420116,283.154437906651));
#5151=CARTESIAN_POINT('Ctrl Pts',(-113.166123730555,12.9576869303114,283.154437906651));
#5152=CARTESIAN_POINT('Ctrl Pts',(-113.311629672587,12.9647042765978,283.18336780553));
#5153=CARTESIAN_POINT('Ctrl Pts',(-113.53996902234,12.9757164474113,283.277940165281));
#5154=CARTESIAN_POINT('Ctrl Pts',(-113.663238760626,12.9816614035286,283.360268794532));
#5155=CARTESIAN_POINT('Ctrl Pts',(-113.837869379832,12.9900833518702,283.534875287489));
#5156=CARTESIAN_POINT('Ctrl Pts',(-113.920176385347,12.9940527894851,283.65800155123));
#5157=CARTESIAN_POINT('Ctrl Pts',(-114.014610343861,12.9986070762643,283.885966541093));
#5158=CARTESIAN_POINT('Ctrl Pts',(-114.043492868972,13.,284.031108928424));
#5159=CARTESIAN_POINT('Ctrl Pts',(-114.043492868972,13.,284.154437906651));
#5160=CARTESIAN_POINT('',(-110.039290704737,12.8068884830755,323.75));
#5161=CARTESIAN_POINT('Origin',(-110.038731034418,12.806861491735,319.749390125699));
#5162=CARTESIAN_POINT('',(-4.,7.69290885824828,323.75));
#5163=CARTESIAN_POINT('',(-114.043492868972,13.,323.75));
#5164=CARTESIAN_POINT('Origin',(-3.99999999999853,7.69290885824821,319.750000000002));
#5165=CARTESIAN_POINT('',(-7.15886416894427,7.8452520782964,161.8755));
#5166=CARTESIAN_POINT('',(-2.76397216158998,7.63329867848059,161.8755));
#5167=CARTESIAN_POINT('Origin',(-4.96141816526713,7.7392753783885,161.8755));
#5168=CARTESIAN_POINT('Origin',(-4.96141816526713,7.7392753783885,161.8755));
#5169=CARTESIAN_POINT('',(-7.15886416894369,7.84525207829637,318.75));
#5170=CARTESIAN_POINT('',(-2.76397216158945,7.63329867848057,318.75));
#5171=CARTESIAN_POINT('Origin',(-4.96141816526657,7.73927537838847,318.75));
#5172=CARTESIAN_POINT('Origin',(-4.96141816526657,7.73927537838847,318.75));
#5173=CARTESIAN_POINT('',(-111.237897615834,12.8646939557525,318.75));
#5174=CARTESIAN_POINT('',(-106.843005608479,12.6527405559367,318.75));
#5175=CARTESIAN_POINT('Origin',(-109.040451612157,12.7587172558446,318.75));
#5176=CARTESIAN_POINT('Origin',(-109.040451612157,12.7587172558446,318.75));
#5177=CARTESIAN_POINT('Origin',(-114.043492868972,13.,323.75));
#5178=CARTESIAN_POINT('',(-113.042500826892,12.9517249420116,275.154437906651));
#5179=CARTESIAN_POINT('Ctrl Pts',(-114.043492868972,13.,274.154437906651));
#5180=CARTESIAN_POINT('Ctrl Pts',(-114.043492868972,13.,274.277766884877));
#5181=CARTESIAN_POINT('Ctrl Pts',(-114.014610343861,12.9986070762643,274.422909272208));
#5182=CARTESIAN_POINT('Ctrl Pts',(-113.920176385347,12.9940527894851,274.650874262072));
#5183=CARTESIAN_POINT('Ctrl Pts',(-113.837869379832,12.9900833518702,274.774000525813));
#5184=CARTESIAN_POINT('Ctrl Pts',(-113.663238760626,12.9816614035286,274.94860701877));
#5185=CARTESIAN_POINT('Ctrl Pts',(-113.53996902234,12.9757164474113,275.03093564802));
#5186=CARTESIAN_POINT('Ctrl Pts',(-113.311629672587,12.9647042765978,275.125508007771));
#5187=CARTESIAN_POINT('Ctrl Pts',(-113.166123730555,12.9576869303114,275.154437906651));
#5188=CARTESIAN_POINT('Ctrl Pts',(-113.042500826892,12.9517249420116,275.154437906651));
#5189=CARTESIAN_POINT('',(-106.052780128327,12.614630182153,275.154437906651));
#5190=CARTESIAN_POINT('',(-123.871350444793,13.4739701959946,275.154437906651));
#5191=CARTESIAN_POINT('',(-105.053941035747,12.5664589549222,274.154437906651));
#5192=CARTESIAN_POINT('Origin',(-106.052780128327,12.6146301821531,274.154437906651));
#5193=CARTESIAN_POINT('',(-105.053941035747,12.5664589549222,161.8745));
#5194=CARTESIAN_POINT('',(-111.237897615834,12.8646939557526,161.8755));
#5195=CARTESIAN_POINT('',(-106.84300560848,12.6527405559368,161.8755));
#5196=CARTESIAN_POINT('Origin',(-109.040451612157,12.7587172558447,161.8755));
#5197=CARTESIAN_POINT('Origin',(-109.040451612157,12.7587172558447,161.8755));
#5198=CARTESIAN_POINT('Origin',(-106.092867403568,7.35187493345465,274.315431333615));
#5199=CARTESIAN_POINT('',(-105.093243765187,7.32444171289629,274.315431333612));
#5200=CARTESIAN_POINT('',(-105.112900201132,7.55103387035994,274.315431333612));
#5201=CARTESIAN_POINT('Origin',(-106.092867403567,7.35187493346713,274.315431333612));
#5202=CARTESIAN_POINT('',(-106.080741966435,7.60329806130725,275.283232648223));
#5203=CARTESIAN_POINT('Origin',(-106.09286740357,7.35187493346678,274.315431333612));
#5204=CARTESIAN_POINT('Origin',(-106.092867403568,7.35187493345448,274.315431333616));
#5205=CARTESIAN_POINT('Origin',(-106.09286740357,7.35187493346679,268.654437906651));
#5206=CARTESIAN_POINT('',(-105.09324376518,7.324441712857,268.654437906651));
#5207=CARTESIAN_POINT('',(-105.112900201124,7.55103387032211,268.654437906651));
#5208=CARTESIAN_POINT('Origin',(-106.092867403561,7.35187493342131,268.654437906651));
#5209=CARTESIAN_POINT('',(-105.112900201132,7.55103387035997,161.8745));
#5210=CARTESIAN_POINT('',(-105.09324376519,7.32444171289637,268.654437906651));
#5211=CARTESIAN_POINT('Origin',(-106.092867403564,7.35187493343334,283.99344447968));
#5212=CARTESIAN_POINT('',(-106.08074196643,7.60329806129048,283.025643165074));
#5213=CARTESIAN_POINT('',(-105.093243765183,7.32444171285703,283.993444479677));
#5214=CARTESIAN_POINT('Origin',(-106.092867403564,7.35187493342369,283.993444479678));
#5215=CARTESIAN_POINT('',(-105.112900201124,7.55103387032199,283.993444479677));
#5216=CARTESIAN_POINT('Origin',(-106.092867403564,7.35187493343358,283.99344447968));
#5217=CARTESIAN_POINT('Origin',(-106.092867403561,7.35187493342125,283.993444479677));
#5218=CARTESIAN_POINT('Origin',(-106.092867403561,7.35187493342126,289.654437906651));
#5219=CARTESIAN_POINT('',(-105.112900201132,7.55103387035998,289.654437906651));
#5220=CARTESIAN_POINT('',(-105.112900201124,7.55103387032202,161.8745));
#5221=CARTESIAN_POINT('',(-105.093243765179,7.32444171289334,289.654437906651));
#5222=CARTESIAN_POINT('Origin',(-106.09286740357,7.35187493346684,289.654437906651));
#5223=CARTESIAN_POINT('',(-105.093243765183,7.32444171285703,283.993444479677));
#5224=CARTESIAN_POINT('Origin',(-109.040451612157,12.7587172558447,161.8755));
#5225=CARTESIAN_POINT('',(-111.66564106259,3.99535637032207,161.8755));
#5226=CARTESIAN_POINT('',(-107.260527133146,3.99535637032207,161.8755));
#5227=CARTESIAN_POINT('Origin',(-109.463084097868,3.99535637032207,161.8755));
#5228=CARTESIAN_POINT('Origin',(-109.463084097868,3.99535637032207,161.8755));
#5229=CARTESIAN_POINT('',(-106.84300560848,12.6527405559368,161.8755));
#5230=CARTESIAN_POINT('Origin',(-109.040451612157,12.7587172558446,318.75));
#5231=CARTESIAN_POINT('',(-111.66564106259,3.99535637032207,318.75));
#5232=CARTESIAN_POINT('',(-107.260527133145,3.99535637032207,318.75));
#5233=CARTESIAN_POINT('Origin',(-109.463084097867,3.99535637032207,318.75));
#5234=CARTESIAN_POINT('Origin',(-109.463084097867,3.99535637032207,318.75));
#5235=CARTESIAN_POINT('',(-106.843005608479,12.6527405559367,318.75));
#5236=CARTESIAN_POINT('Origin',(-4.96141816526713,7.7392753783885,161.8755));
#5237=CARTESIAN_POINT('',(-7.34453391529435,3.99535637032207,161.8755));
#5238=CARTESIAN_POINT('',(-2.93941998584998,3.99535637032207,161.8755));
#5239=CARTESIAN_POINT('Origin',(-5.14197695057216,3.99535637032207,161.8755));
#5240=CARTESIAN_POINT('Origin',(-5.14197695057216,3.99535637032207,161.8755));
#5241=CARTESIAN_POINT('',(-2.76397216158998,7.63329867848059,161.8755));
#5242=CARTESIAN_POINT('Origin',(-4.96141816526657,7.73927537838847,318.75));
#5243=CARTESIAN_POINT('',(-7.34453391529377,3.99535637032207,318.75));
#5244=CARTESIAN_POINT('',(-2.93941998584945,3.99535637032207,318.75));
#5245=CARTESIAN_POINT('Origin',(-5.14197695057161,3.99535637032207,318.75));
#5246=CARTESIAN_POINT('Origin',(-5.14197695057161,3.99535637032207,318.75));
#5247=CARTESIAN_POINT('',(-2.76397216158945,7.63329867848057,318.75));
#5248=CARTESIAN_POINT('Origin',(-100.213064188938,8.54682855482571,161.8745));
#5249=CARTESIAN_POINT('',(-105.210356207948,8.71136571397004,274.154437906651));
#5250=CARTESIAN_POINT('',(-105.210356207948,8.71136571397003,312.249));
#5251=CARTESIAN_POINT('',(-105.212715462192,8.60588061532415,274.154437906651));
#5252=CARTESIAN_POINT('Origin',(-100.213064188938,8.54682855482569,274.154437906651));
#5253=CARTESIAN_POINT('Origin',(-47.9531491637628,13.8820410808704,356.259019107811));
#5254=CARTESIAN_POINT('',(-102.678127839354,4.19671807353923,265.654437906651));
#5255=CARTESIAN_POINT('Ctrl Pts',(-105.112900201124,7.55103387032211,268.654437906651));
#5256=CARTESIAN_POINT('Ctrl Pts',(-105.112900201124,7.5510338703221,268.537599959239));
#5257=CARTESIAN_POINT('Ctrl Pts',(-105.107798021222,7.52536161837665,268.423204653933));
#5258=CARTESIAN_POINT('Ctrl Pts',(-105.089686905992,7.44212729807362,268.208193562046));
#5259=CARTESIAN_POINT('Ctrl Pts',(-105.076800364544,7.38567790124162,268.10731968875));
#5260=CARTESIAN_POINT('Ctrl Pts',(-105.029203801094,7.19716158068229,267.819909502436));
#5261=CARTESIAN_POINT('Ctrl Pts',(-104.986386768535,7.04963504751694,267.650088759152));
#5262=CARTESIAN_POINT('Ctrl Pts',(-104.879564081548,6.74405968459044,267.32535690943));
#5263=CARTESIAN_POINT('Ctrl Pts',(-104.815007757224,6.58386002705542,267.171081069806));
#5264=CARTESIAN_POINT('Ctrl Pts',(-104.665197422008,6.26436503448286,266.879985983064));
#5265=CARTESIAN_POINT('Ctrl Pts',(-104.579811685539,6.10421320127552,266.742621340083));
#5266=CARTESIAN_POINT('Ctrl Pts',(-104.385501327742,5.78537571488898,266.483385749757));
#5267=CARTESIAN_POINT('Ctrl Pts',(-104.276628098864,5.62664246081218,266.361534919867));
#5268=CARTESIAN_POINT('Ctrl Pts',(-104.030279513016,5.31125972642025,266.136292481757));
#5269=CARTESIAN_POINT('Ctrl Pts',(-103.892716141341,5.15494245922051,266.033337850364));
#5270=CARTESIAN_POINT('Ctrl Pts',(-103.593139311252,4.85632426084445,265.859358531464));
#5271=CARTESIAN_POINT('Ctrl Pts',(-103.430213370166,4.71262194868839,265.787143552595));
#5272=CARTESIAN_POINT('Ctrl Pts',(-103.070778681167,4.43773412493884,265.683772233352));
#5273=CARTESIAN_POINT('Ctrl Pts',(-102.880349339937,4.31131030575119,265.654437906651));
#5274=CARTESIAN_POINT('Ctrl Pts',(-102.678127839354,4.19671807353923,265.654437906651));
#5275=CARTESIAN_POINT('',(-100.276640427923,3.54723276498064,265.654437906651));
#5276=CARTESIAN_POINT('Origin',(-100.213064188938,8.54682855482569,265.654437906651));
#5277=CARTESIAN_POINT('',(-100.276640427923,3.54723276498063,312.249));
#5278=CARTESIAN_POINT('Origin',(-100.213064188938,8.54682855482571,161.8745));
#5279=CARTESIAN_POINT('',(-105.212715462192,8.60588061532415,284.154437906651));
#5280=CARTESIAN_POINT('Origin',(-47.9531495019785,13.8820410466511,202.049857190374));
#5281=CARTESIAN_POINT('',(-105.210356207948,8.71136571397004,284.154437906651));
#5282=CARTESIAN_POINT('Origin',(-100.213064188938,8.54682855482569,284.154437906651));
#5283=CARTESIAN_POINT('',(-105.210356207948,8.71136571397005,312.249));
#5284=CARTESIAN_POINT('',(-105.210356207948,8.71136571397003,312.249));
#5285=CARTESIAN_POINT('',(-105.212659978783,8.6104047938111,312.249));
#5286=CARTESIAN_POINT('Origin',(-100.213064188938,8.54682855482568,312.249));
#5287=CARTESIAN_POINT('',(-100.276640427923,3.54723276498063,309.749));
#5288=CARTESIAN_POINT('Ctrl Pts',(-105.212659978783,8.6104047938111,312.249));
#5289=CARTESIAN_POINT('Ctrl Pts',(-105.214014073351,8.50391964130089,312.249));
#5290=CARTESIAN_POINT('Ctrl Pts',(-105.211972990861,8.39579048557794,312.247292096754));
#5291=CARTESIAN_POINT('Ctrl Pts',(-105.206261884673,8.28639326362588,312.243741268118));
#5292=CARTESIAN_POINT('Ctrl Pts',(-105.200513939265,8.17629038007372,312.24016753503));
#5293=CARTESIAN_POINT('Ctrl Pts',(-105.191048284377,8.06490324154329,312.234726932667));
#5294=CARTESIAN_POINT('Ctrl Pts',(-105.177618993181,7.9526517351063,312.227299177037));
#5295=CARTESIAN_POINT('Ctrl Pts',(-105.164980577219,7.84701092280032,312.220308855364));
#5296=CARTESIAN_POINT('Ctrl Pts',(-105.148831832404,7.74060508901392,312.211558647436));
#5297=CARTESIAN_POINT('Ctrl Pts',(-105.128997256519,7.63381044161097,312.200963201027));
#5298=CARTESIAN_POINT('Ctrl Pts',(-105.10820996885,7.52188613982287,312.189858824821));
#5299=CARTESIAN_POINT('Ctrl Pts',(-105.083373766182,7.40953736845693,312.17672745616));
#5300=CARTESIAN_POINT('Ctrl Pts',(-105.054376029666,7.29721300888941,312.161515643988));
#5301=CARTESIAN_POINT('Ctrl Pts',(-105.025020753104,7.18350369789112,312.146116271246));
#5302=CARTESIAN_POINT('Ctrl Pts',(-104.991400588627,7.06981976469562,312.128584788278));
#5303=CARTESIAN_POINT('Ctrl Pts',(-104.95344322245,6.95664706084808,312.108888129979));
#5304=CARTESIAN_POINT('Ctrl Pts',(-104.923758440625,6.86813968110593,312.093484242323));
#5305=CARTESIAN_POINT('Ctrl Pts',(-104.89142187026,6.77994545146368,312.076756558475));
#5306=CARTESIAN_POINT('Ctrl Pts',(-104.856417983354,6.69230286347379,312.058698831302));
#5307=CARTESIAN_POINT('Ctrl Pts',(-104.811851061084,6.5807163868938,312.035707746756));
#5308=CARTESIAN_POINT('Ctrl Pts',(-104.762959448236,6.4700263737897,312.010560191108));
#5309=CARTESIAN_POINT('Ctrl Pts',(-104.709808777538,6.36070865303806,311.983292003209));
#5310=CARTESIAN_POINT('Ctrl Pts',(-104.655892753244,6.24981679014294,311.955631161645));
#5311=CARTESIAN_POINT('Ctrl Pts',(-104.597594178793,6.1403375056611,311.925788202792));
#5312=CARTESIAN_POINT('Ctrl Pts',(-104.535029737844,6.03276731486678,311.89382462042));
#5313=CARTESIAN_POINT('Ctrl Pts',(-104.493667472952,5.96165109199747,311.87269302968));
#5314=CARTESIAN_POINT('Ctrl Pts',(-104.450441708917,5.89136926787208,311.850635069487));
#5315=CARTESIAN_POINT('Ctrl Pts',(-104.405397227891,5.82206366762877,311.827674030777));
#5316=CARTESIAN_POINT('Ctrl Pts',(-104.337016446565,5.71685275195275,311.792817512702));
#5317=CARTESIAN_POINT('Ctrl Pts',(-104.264443556385,5.61389461516219,311.755879431971));
#5318=CARTESIAN_POINT('Ctrl Pts',(-104.187931091971,5.51363554884476,311.716988883038));
#5319=CARTESIAN_POINT('Ctrl Pts',(-104.110573340425,5.41226884994418,311.677668682796));
#5320=CARTESIAN_POINT('Ctrl Pts',(-104.029188758336,5.31366171547827,311.636352774324));
#5321=CARTESIAN_POINT('Ctrl Pts',(-103.944081701608,5.21825315969062,311.593196114358));
#5322=CARTESIAN_POINT('Ctrl Pts',(-103.89502492449,5.16325846904566,311.568320073164));
#5323=CARTESIAN_POINT('Ctrl Pts',(-103.844732128724,5.10932605837612,311.542832826183));
#5324=CARTESIAN_POINT('Ctrl Pts',(-103.793267464831,5.05653565833625,311.51676695298));
#5325=CARTESIAN_POINT('Ctrl Pts',(-103.7033040617,4.9642547867445,311.47120220075));
#5326=CARTESIAN_POINT('Ctrl Pts',(-103.609759781227,4.87546758811001,311.423869366052));
#5327=CARTESIAN_POINT('Ctrl Pts',(-103.513058705051,4.79051920794793,311.374982666868));
#5328=CARTESIAN_POINT('Ctrl Pts',(-103.416303006436,4.70552284395923,311.326068353608));
#5329=CARTESIAN_POINT('Ctrl Pts',(-103.316387445523,4.6243700368803,311.275598672814));
#5330=CARTESIAN_POINT('Ctrl Pts',(-103.213765273748,4.54736535886083,311.223802168237));
#5331=CARTESIAN_POINT('Ctrl Pts',(-103.157806601553,4.5053756069356,311.195558138995));
#5332=CARTESIAN_POINT('Ctrl Pts',(-103.101043598389,4.46461850446117,311.166919813501));
#5333=CARTESIAN_POINT('Ctrl Pts',(-103.043552497682,4.42513764767786,311.137925582556));
#5334=CARTESIAN_POINT('Ctrl Pts',(-102.93757684409,4.3523609996323,311.084479352844));
#5335=CARTESIAN_POINT('Ctrl Pts',(-102.829128708232,4.28392527678001,311.02982457991));
#5336=CARTESIAN_POINT('Ctrl Pts',(-102.718739313302,4.22000332136918,310.974227952745));
#5337=CARTESIAN_POINT('Ctrl Pts',(-102.609701127274,4.15686379542285,310.919311849805));
#5338=CARTESIAN_POINT('Ctrl Pts',(-102.498769476411,4.09812832813826,310.863477090333));
#5339=CARTESIAN_POINT('Ctrl Pts',(-102.386462790194,4.04391347216964,310.806983609111));
#5340=CARTESIAN_POINT('Ctrl Pts',(-102.319778240142,4.0117222162604,310.773439369644));
#5341=CARTESIAN_POINT('Ctrl Pts',(-102.252608982534,3.98112380661219,310.739662922709));
#5342=CARTESIAN_POINT('Ctrl Pts',(-102.185063452184,3.95213390710903,310.705708580915));
#5343=CARTESIAN_POINT('Ctrl Pts',(-102.069979911321,3.90274114541438,310.647857441675));
#5344=CARTESIAN_POINT('Ctrl Pts',(-101.953801513959,3.85806536113554,310.589488907208));
#5345=CARTESIAN_POINT('Ctrl Pts',(-101.837090196434,3.81804357425542,310.530883522566));
#5346=CARTESIAN_POINT('Ctrl Pts',(-101.721846766765,3.77852514468626,310.473015222676));
#5347=CARTESIAN_POINT('Ctrl Pts',(-101.606084215448,3.7435442628562,310.414916230966));
#5348=CARTESIAN_POINT('Ctrl Pts',(-101.490327059135,3.71299309524043,310.356848098997));
#5349=CARTESIAN_POINT('Ctrl Pts',(-101.376724370816,3.68301054484815,310.299860728994));
#5350=CARTESIAN_POINT('Ctrl Pts',(-101.263127234419,3.65729416904303,310.242903257461));
#5351=CARTESIAN_POINT('Ctrl Pts',(-101.150009364228,3.63569858835083,310.186211598125));
#5352=CARTESIAN_POINT('Ctrl Pts',(-101.037953915012,3.61430583677703,310.130052395843));
#5353=CARTESIAN_POINT('Ctrl Pts',(-100.926369080738,3.59695670235209,310.074154189806));
#5354=CARTESIAN_POINT('Ctrl Pts',(-100.815688551131,3.58346906502031,310.018732649497));
#5355=CARTESIAN_POINT('Ctrl Pts',(-100.706216659565,3.57012871349947,309.963916315741));
#5356=CARTESIAN_POINT('Ctrl Pts',(-100.597629656937,3.56056581986014,309.909566406343));
#5357=CARTESIAN_POINT('Ctrl Pts',(-100.49031688755,3.554566298969,309.855876216643));
#5358=CARTESIAN_POINT('Ctrl Pts',(-100.418484984505,3.55055040220825,309.819937637078));
#5359=CARTESIAN_POINT('Ctrl Pts',(-100.347223376563,3.54813031722277,309.784294327584));
#5360=CARTESIAN_POINT('Ctrl Pts',(-100.276640427923,3.54723276498063,309.749));
#5361=CARTESIAN_POINT('',(-100.276640427923,3.54723276498063,292.654437906651));
#5362=CARTESIAN_POINT('',(-100.276640427923,3.54723276498063,312.249));
#5363=CARTESIAN_POINT('',(-102.678127839354,4.19671807353924,292.654437906651));
#5364=CARTESIAN_POINT('Origin',(-100.213064188938,8.54682855482568,292.654437906651));
#5365=CARTESIAN_POINT('Ctrl Pts',(-102.678127839354,4.19671807353924,292.654437906651));
#5366=CARTESIAN_POINT('Ctrl Pts',(-102.880977382928,4.31166619693029,292.654437906651));
#5367=CARTESIAN_POINT('Ctrl Pts',(-103.069790435225,4.43722822751883,292.625053195737));
#5368=CARTESIAN_POINT('Ctrl Pts',(-103.424195935134,4.70777494683866,292.523790887268));
#5369=CARTESIAN_POINT('Ctrl Pts',(-103.591225749896,4.85453168156494,292.450489771923));
#5370=CARTESIAN_POINT('Ctrl Pts',(-103.891926373176,5.15404138767103,292.276134189618));
#5371=CARTESIAN_POINT('Ctrl Pts',(-104.02715875007,5.30762383959547,292.1750201778));
#5372=CARTESIAN_POINT('Ctrl Pts',(-104.273006906966,5.6216568274302,291.951057102697));
#5373=CARTESIAN_POINT('Ctrl Pts',(-104.384210063949,5.78329111125257,291.827172392132));
#5374=CARTESIAN_POINT('Ctrl Pts',(-104.580612771809,6.10549357393556,291.565226005305));
#5375=CARTESIAN_POINT('Ctrl Pts',(-104.666068311631,6.26612071488023,291.427331148564));
#5376=CARTESIAN_POINT('Ctrl Pts',(-104.815182784787,6.58433565097709,291.137320173503));
#5377=CARTESIAN_POINT('Ctrl Pts',(-104.87882429367,6.74213793454108,290.985424781535));
#5378=CARTESIAN_POINT('Ctrl Pts',(-104.985825988452,7.04783876334717,290.660830644469));
#5379=CARTESIAN_POINT('Ctrl Pts',(-105.029408553099,7.19790122573857,290.488053772989));
#5380=CARTESIAN_POINT('Ctrl Pts',(-105.076946032745,7.38629079032947,290.200513317652));
#5381=CARTESIAN_POINT('Ctrl Pts',(-105.089770513687,7.44250219820378,290.099882449766));
#5382=CARTESIAN_POINT('Ctrl Pts',(-105.107814169501,7.52544522445793,289.885285612748));
#5383=CARTESIAN_POINT('Ctrl Pts',(-105.112900201132,7.55103387036008,289.771040351227));
#5384=CARTESIAN_POINT('Ctrl Pts',(-105.112900201132,7.55103387035998,289.654437906651));
#5385=CARTESIAN_POINT('Ctrl Pts',(-104.827565878183,13.8908036435926,268.654437906651));
#5386=CARTESIAN_POINT('Ctrl Pts',(-104.827565878182,13.8908036435926,293.854437906651));
#5387=CARTESIAN_POINT('Ctrl Pts',(-104.850962147585,13.4516800356294,268.654437906651));
#5388=CARTESIAN_POINT('Ctrl Pts',(-104.850962147585,13.4516800356294,293.854437906651));
#5389=CARTESIAN_POINT('Ctrl Pts',(-104.873575354306,13.0076910533352,268.654437906651));
#5390=CARTESIAN_POINT('Ctrl Pts',(-104.873575354306,13.0076910533352,293.854437906651));
#5391=CARTESIAN_POINT('Ctrl Pts',(-105.086574233872,8.59112078938365,268.654437906651));
#5392=CARTESIAN_POINT('Ctrl Pts',(-105.086574233872,8.59112078938364,293.854437906651));
#5393=CARTESIAN_POINT('Ctrl Pts',(-105.184240458856,4.61894317851411,268.654437906651));
#5394=CARTESIAN_POINT('Ctrl Pts',(-105.184240458856,4.6189431785141,293.854437906651));
#5395=CARTESIAN_POINT('Ctrl Pts',(-105.188125520216,0.646879278598416,268.654437906651));
#5396=CARTESIAN_POINT('Ctrl Pts',(-105.188125520216,0.64687927859841,293.854437906651));
#5397=CARTESIAN_POINT('',(-105.167996030527,3.59705536508285,279.154437906649));
#5398=CARTESIAN_POINT('Ctrl Pts',(-105.167996030527,3.59705536508285,279.154437906649));
#5399=CARTESIAN_POINT('Ctrl Pts',(-105.167996030526,3.59705536508279,279.707110595472));
#5400=CARTESIAN_POINT('Ctrl Pts',(-105.166916777967,3.68593940127278,280.244701975869));
#5401=CARTESIAN_POINT('Ctrl Pts',(-105.162045846382,4.04086868137993,281.289823829722));
#5402=CARTESIAN_POINT('Ctrl Pts',(-105.158355303582,4.2987169124599,281.771633223191));
#5403=CARTESIAN_POINT('Ctrl Pts',(-105.149901149181,4.80254256259846,282.427053835767));
#5404=CARTESIAN_POINT('Ctrl Pts',(-105.146623754331,4.98781238569668,282.630557071679));
#5405=CARTESIAN_POINT('Ctrl Pts',(-105.13906598737,5.38623134443097,283.002321753802));
#5406=CARTESIAN_POINT('Ctrl Pts',(-105.134772737452,5.60020980780182,283.171676486425));
#5407=CARTESIAN_POINT('Ctrl Pts',(-105.124908805557,6.05865932973156,283.476257744844));
#5408=CARTESIAN_POINT('Ctrl Pts',(-105.119388400851,6.30051342387039,283.609366654008));
#5409=CARTESIAN_POINT('Ctrl Pts',(-105.107238802918,6.79902680494995,283.832556121544));
#5410=CARTESIAN_POINT('Ctrl Pts',(-105.100579408069,7.05714236266461,283.923635969676));
#5411=CARTESIAN_POINT('Ctrl Pts',(-105.093243765183,7.32444171285703,283.993444479677));
#5412=CARTESIAN_POINT('',(-105.185146451889,1.65085510045793,289.654437906651));
#5413=CARTESIAN_POINT('Origin',(147.233642416074,0.399627300201588,289.654437906651));
#5414=CARTESIAN_POINT('',(-105.185146451889,1.65085510045793,268.654437906651));
#5415=CARTESIAN_POINT('',(-105.185146451889,1.65085510045792,289.654437906651));
#5416=CARTESIAN_POINT('Origin',(147.233642416495,0.399627300177881,268.654437906651));
#5417=CARTESIAN_POINT('Ctrl Pts',(-105.093243765187,7.32444171289629,274.315431333612));
#5418=CARTESIAN_POINT('Ctrl Pts',(-105.100579408074,7.05714236270155,274.385239843611));
#5419=CARTESIAN_POINT('Ctrl Pts',(-105.107238802924,6.79902680498458,274.476319691741));
#5420=CARTESIAN_POINT('Ctrl Pts',(-105.119388400859,6.30051342390048,274.699509159274));
#5421=CARTESIAN_POINT('Ctrl Pts',(-105.124908805565,6.05865932975961,274.832618068437));
#5422=CARTESIAN_POINT('Ctrl Pts',(-105.134772737461,5.60020980782457,275.137199326855));
#5423=CARTESIAN_POINT('Ctrl Pts',(-105.139065987379,5.38623134445135,275.306554059478));
#5424=CARTESIAN_POINT('Ctrl Pts',(-105.14662375434,4.98781238571277,275.678318741602));
#5425=CARTESIAN_POINT('Ctrl Pts',(-105.14990114919,4.80254256261274,275.881821977514));
#5426=CARTESIAN_POINT('Ctrl Pts',(-105.158355303589,4.29871691246825,276.537242590093));
#5427=CARTESIAN_POINT('Ctrl Pts',(-105.162045846388,4.04086868138563,277.019051983563));
#5428=CARTESIAN_POINT('Ctrl Pts',(-105.16691677797,3.6859394012741,278.064173837423));
#5429=CARTESIAN_POINT('Ctrl Pts',(-105.167996030527,3.59705536508292,278.601765217823));
#5430=CARTESIAN_POINT('Ctrl Pts',(-105.167996030527,3.59705536508285,279.154437906649));
#5431=CARTESIAN_POINT('Ctrl Pts',(-104.973501788712,14.1376116574218,11.5));
#5432=CARTESIAN_POINT('Ctrl Pts',(-104.97350178871,14.1376116574217,372.3988));
#5433=CARTESIAN_POINT('Ctrl Pts',(-105.001295504021,13.6230381180874,11.5));
#5434=CARTESIAN_POINT('Ctrl Pts',(-105.00129550402,13.6230381180874,372.3988));
#5435=CARTESIAN_POINT('Ctrl Pts',(-105.028242515199,13.099322420709,11.5));
#5436=CARTESIAN_POINT('Ctrl Pts',(-105.028242515198,13.0993224207089,372.3988));
#5437=CARTESIAN_POINT('Ctrl Pts',(-105.197808848735,9.58333386416225,11.5));
#5438=CARTESIAN_POINT('Ctrl Pts',(-105.197808848734,9.58333386416218,372.3988));
#5439=CARTESIAN_POINT('Ctrl Pts',(-105.288756103692,6.59768161262651,11.5));
#5440=CARTESIAN_POINT('Ctrl Pts',(-105.28875610369,6.59768161262644,372.3988));
#5441=CARTESIAN_POINT('Ctrl Pts',(-105.326729834646,3.61145109472471,11.5));
#5442=CARTESIAN_POINT('Ctrl Pts',(-105.326729834644,3.61145109472464,372.3988));
#5443=CARTESIAN_POINT('Origin',(147.218795499358,0.400115523904294,284.154437906651));
#5444=CARTESIAN_POINT('Origin',(147.218795500327,0.400115523877098,312.248999999391));
#5445=CARTESIAN_POINT('Origin',(-102.826931939723,3.57966297523202,11.4999999999998));
#5446=CARTESIAN_POINT('',(-41.3292508337254,2.79764150081933,265.654437906651));
#5447=CARTESIAN_POINT('',(-102.826931939723,3.57966297523202,265.654437906651));
#5448=CARTESIAN_POINT('',(-38.3294505085232,2.75949521251921,268.654437906651));
#5449=CARTESIAN_POINT('Ctrl Pts',(-41.3292508337254,2.79764150081933,265.654437906651));
#5450=CARTESIAN_POINT('Ctrl Pts',(-41.1311840629511,2.79512282913403,265.654437910395));
#5451=CARTESIAN_POINT('Ctrl Pts',(-40.93642519122,2.79264622160531,265.673863153324));
#5452=CARTESIAN_POINT('Ctrl Pts',(-40.7448389110173,2.79020995762548,265.711919069057));
#5453=CARTESIAN_POINT('Ctrl Pts',(-40.5532526308146,2.78777369364566,265.749974984791));
#5454=CARTESIAN_POINT('Ctrl Pts',(-40.3628579263845,2.785352582072,265.807582739663));
#5455=CARTESIAN_POINT('Ctrl Pts',(-40.1812989480271,2.78304382802804,265.882790263988));
#5456=CARTESIAN_POINT('Ctrl Pts',(-39.9997399696698,2.78073507398408,265.957997788313));
#5457=CARTESIAN_POINT('Ctrl Pts',(-39.8275119402152,2.77854497485989,266.0500437968));
#5458=CARTESIAN_POINT('Ctrl Pts',(-39.6645298011838,2.77647244902841,266.158774793602));
#5459=CARTESIAN_POINT('Ctrl Pts',(-39.5015476621525,2.77439992319694,266.267505790404));
#5460=CARTESIAN_POINT('Ctrl Pts',(-39.3471909269047,2.77243708037892,266.394089363826));
#5461=CARTESIAN_POINT('Ctrl Pts',(-39.2088377963546,2.77067774381213,266.532351817025));
#5462=CARTESIAN_POINT('Ctrl Pts',(-39.0704846658045,2.76891840724534,266.670614270223));
#5463=CARTESIAN_POINT('Ctrl Pts',(-38.9463060828637,2.76733931813539,266.821495821883));
#5464=CARTESIAN_POINT('Ctrl Pts',(-38.8366358081729,2.76594472067463,266.985293606852));
#5465=CARTESIAN_POINT('Ctrl Pts',(-38.7269655334821,2.76455012321387,267.14909139182));
#5466=CARTESIAN_POINT('Ctrl Pts',(-38.6337004757206,2.76336413901626,267.32358411689));
#5467=CARTESIAN_POINT('Ctrl Pts',(-38.5588177812928,2.76241191002077,267.503925577252));
#5468=CARTESIAN_POINT('Ctrl Pts',(-38.5148799782042,2.76185318479835,267.609741849418));
#5469=CARTESIAN_POINT('Ctrl Pts',(-38.4770261836233,2.76137182550614,267.718405531156));
#5470=CARTESIAN_POINT('Ctrl Pts',(-38.445434223569,2.76097009342881,267.829132367909));
#5471=CARTESIAN_POINT('Ctrl Pts',(-38.413829785933,2.76056820268312,267.939902937408));
#5472=CARTESIAN_POINT('Ctrl Pts',(-38.3884918183824,2.76024599809937,268.052739442704));
#5473=CARTESIAN_POINT('Ctrl Pts',(-38.3696471281147,2.76000636382043,268.166874436603));
#5474=CARTESIAN_POINT('Ctrl Pts',(-38.3513192096305,2.75977330095403,268.27787954386));
#5475=CARTESIAN_POINT('Ctrl Pts',(-38.3391332573801,2.75961834102424,268.390113949285));
#5476=CARTESIAN_POINT('Ctrl Pts',(-38.3333464685705,2.75954475462171,268.502872176562));
#5477=CARTESIAN_POINT('Ctrl Pts',(-38.3307579486616,2.75951183828861,268.553310671176));
#5478=CARTESIAN_POINT('Ctrl Pts',(-38.3294505091464,2.75949521252714,268.60385389209));
#5479=CARTESIAN_POINT('Ctrl Pts',(-38.3294505085233,2.75949521251921,268.654437906651));
#5480=CARTESIAN_POINT('',(-38.3294505085232,2.75949521251921,289.654437906651));
#5481=CARTESIAN_POINT('',(-38.3294505085232,2.75949521251921,11.4999999999998));
#5482=CARTESIAN_POINT('',(-41.3292508337254,2.79764150081933,292.654437906651));
#5483=CARTESIAN_POINT('Ctrl Pts',(-38.3294505085232,2.75949521251921,289.654437906651));
#5484=CARTESIAN_POINT('Ctrl Pts',(-38.3294505122625,2.75949521256676,289.85252072099));
#5485=CARTESIAN_POINT('Ctrl Pts',(-38.3488750131582,2.75974221987756,290.047295208733));
#5486=CARTESIAN_POINT('Ctrl Pts',(-38.3869294206707,2.76022613021915,290.238896704165));
#5487=CARTESIAN_POINT('Ctrl Pts',(-38.4249838281832,2.76071004056074,290.430498199597));
#5488=CARTESIAN_POINT('Ctrl Pts',(-38.4825893897912,2.76144256877013,290.620908030156));
#5489=CARTESIAN_POINT('Ctrl Pts',(-38.5577934829949,2.7623988847611,290.802480289547));
#5490=CARTESIAN_POINT('Ctrl Pts',(-38.6329975761986,2.76335520075207,290.984052548938));
#5491=CARTESIAN_POINT('Ctrl Pts',(-38.7250392269081,2.76452562776819,291.156292869547));
#5492=CARTESIAN_POINT('Ctrl Pts',(-38.8337648872799,2.76590821325274,291.319286352376));
#5493=CARTESIAN_POINT('Ctrl Pts',(-38.9424905476518,2.76729079873729,291.482279835205));
#5494=CARTESIAN_POINT('Ctrl Pts',(-39.0690670664427,2.76890038066087,291.636646073095));
#5495=CARTESIAN_POINT('Ctrl Pts',(-39.2073211502584,2.77065845772207,291.77500726013));
#5496=CARTESIAN_POINT('Ctrl Pts',(-39.345575234074,2.77241653478326,291.913368447165));
#5497=CARTESIAN_POINT('Ctrl Pts',(-39.4964474486125,2.77433506747489,292.037554087919));
#5498=CARTESIAN_POINT('Ctrl Pts',(-39.6602349050864,2.77641783394508,292.147230399186));
#5499=CARTESIAN_POINT('Ctrl Pts',(-39.8240223615604,2.77850060041527,292.256906710453));
#5500=CARTESIAN_POINT('Ctrl Pts',(-39.9985010902054,2.78071932005111,292.350175162508));
#5501=CARTESIAN_POINT('Ctrl Pts',(-40.1788291257776,2.78301242108712,292.425061180862));
#5502=CARTESIAN_POINT('Ctrl Pts',(-40.2846125502771,2.78435759228882,292.468990564574));
#5503=CARTESIAN_POINT('Ctrl Pts',(-40.3932416490177,2.78573894986904,292.506838432874));
#5504=CARTESIAN_POINT('Ctrl Pts',(-40.5039328050566,2.78714652913858,292.538427178933));
#5505=CARTESIAN_POINT('Ctrl Pts',(-40.6146682980011,2.78855467220845,292.57002857774));
#5506=CARTESIAN_POINT('Ctrl Pts',(-40.7274686509766,2.78998907260797,292.595366150891));
#5507=CARTESIAN_POINT('Ctrl Pts',(-40.8415670446767,2.79143997925136,292.614213303974));
#5508=CARTESIAN_POINT('Ctrl Pts',(-40.9525370317323,2.79285110421302,292.632543696417));
#5509=CARTESIAN_POINT('Ctrl Pts',(-41.0647359036989,2.79427785601414,292.644734772527));
#5510=CARTESIAN_POINT('Ctrl Pts',(-41.1774587580262,2.79571127091948,292.650529525204));
#5511=CARTESIAN_POINT('Ctrl Pts',(-41.2279723888536,2.79635361618107,292.653126283415));
#5512=CARTESIAN_POINT('Ctrl Pts',(-41.2785911567044,2.79699729839406,292.654437906024));
#5513=CARTESIAN_POINT('Ctrl Pts',(-41.3292508337254,2.79764150081933,292.654437906651));
#5514=CARTESIAN_POINT('',(-102.826931939723,3.57966297523202,292.654437906651));
#5515=CARTESIAN_POINT('',(-14.0566266115204,2.45083528923891,309.749));
#5516=CARTESIAN_POINT('',(-11.6343047329481,2.42003237613853,309.749));
#5517=CARTESIAN_POINT('',(-14.0566266115214,2.45083528923892,11.4999999999997));
#5518=CARTESIAN_POINT('Ctrl Pts',(-104.973501788712,14.1376116574218,11.5));
#5519=CARTESIAN_POINT('Ctrl Pts',(-104.97350178871,14.1376116574217,372.3988));
#5520=CARTESIAN_POINT('Ctrl Pts',(-105.001295504021,13.6230381180874,11.5));
#5521=CARTESIAN_POINT('Ctrl Pts',(-105.00129550402,13.6230381180874,372.3988));
#5522=CARTESIAN_POINT('Ctrl Pts',(-105.028242515199,13.099322420709,11.5));
#5523=CARTESIAN_POINT('Ctrl Pts',(-105.028242515198,13.0993224207089,372.3988));
#5524=CARTESIAN_POINT('Ctrl Pts',(-105.197808848735,9.58333386416225,11.5));
#5525=CARTESIAN_POINT('Ctrl Pts',(-105.197808848734,9.58333386416218,372.3988));
#5526=CARTESIAN_POINT('Ctrl Pts',(-105.288756103692,6.59768161262651,11.5));
#5527=CARTESIAN_POINT('Ctrl Pts',(-105.28875610369,6.59768161262644,372.3988));
#5528=CARTESIAN_POINT('Ctrl Pts',(-105.326729834646,3.61145109472471,11.5));
#5529=CARTESIAN_POINT('Ctrl Pts',(-105.326729834644,3.61145109472464,372.3988));
#5530=CARTESIAN_POINT('Origin',(147.21879550027,0.400115523850058,274.15443790726));
#5531=CARTESIAN_POINT('Origin',(-2.,2.,323.75));
#5532=CARTESIAN_POINT('',(-110.709809373061,4.,323.75));
#5533=CARTESIAN_POINT('',(-4.,4.,323.75));
#5534=CARTESIAN_POINT('',(-2.00000000000001,4.,323.75));
#5535=CARTESIAN_POINT('',(-4.,7.5,323.75));
#5536=CARTESIAN_POINT('Origin',(0.,0.,323.75));
#5537=CARTESIAN_POINT('Origin',(0.,0.,319.75));
#5538=CARTESIAN_POINT('Ctrl Pts',(-110.709809373061,4.,323.75));
#5539=CARTESIAN_POINT('Ctrl Pts',(-110.824226764777,3.94583177552109,323.75));
#5540=CARTESIAN_POINT('Ctrl Pts',(-110.938416737988,3.89166052765107,323.745393467709));
#5541=CARTESIAN_POINT('Ctrl Pts',(-111.052167875298,3.83759164864944,323.736060764821));
#5542=CARTESIAN_POINT('Ctrl Pts',(-111.158858156944,3.7868789782937,323.727307369268));
#5543=CARTESIAN_POINT('Ctrl Pts',(-111.265162397679,3.73625635865675,323.714396658542));
#5544=CARTESIAN_POINT('Ctrl Pts',(-111.370909360586,3.68580878395012,323.69728106463));
#5545=CARTESIAN_POINT('Ctrl Pts',(-111.47564742585,3.63584251327206,323.680328765074));
#5546=CARTESIAN_POINT('Ctrl Pts',(-111.579838767541,3.58604797723594,323.659251339099));
#5547=CARTESIAN_POINT('Ctrl Pts',(-111.683320457989,3.53650567066737,323.634053354423));
#5548=CARTESIAN_POINT('Ctrl Pts',(-111.785729473606,3.4874769118097,323.60911656807));
#5549=CARTESIAN_POINT('Ctrl Pts',(-111.887443441565,3.43869519385374,323.580144159916));
#5550=CARTESIAN_POINT('Ctrl Pts',(-111.988308302294,3.39023627500357,323.547191576016));
#5551=CARTESIAN_POINT('Ctrl Pts',(-112.011758989459,3.37896976515948,323.539530228637));
#5552=CARTESIAN_POINT('Ctrl Pts',(-112.035163796401,3.36772069382836,323.531653956));
#5553=CARTESIAN_POINT('Ctrl Pts',(-112.05852082029,3.35648999413567,323.523563858845));
#5554=CARTESIAN_POINT('Ctrl Pts',(-112.104825215971,3.33422556674951,323.507525554413));
#5555=CARTESIAN_POINT('Ctrl Pts',(-112.15080679518,3.31209829026741,323.490671163032));
#5556=CARTESIAN_POINT('Ctrl Pts',(-112.196438382742,3.29012180621565,323.473009100264));
#5557=CARTESIAN_POINT('Ctrl Pts',(-112.32993881124,3.22582708857464,323.421336715548));
#5558=CARTESIAN_POINT('Ctrl Pts',(-112.460250794529,3.16292081576286,323.362824669987));
#5559=CARTESIAN_POINT('Ctrl Pts',(-112.587098919294,3.10155721184826,323.297649749639));
#5560=CARTESIAN_POINT('Ctrl Pts',(-112.627228770073,3.08214413599106,323.277030920366));
#5561=CARTESIAN_POINT('Ctrl Pts',(-112.667012260242,3.06288529113357,323.255745401134));
#5562=CARTESIAN_POINT('Ctrl Pts',(-112.706441543252,3.04378510360745,323.233799229465));
#5563=CARTESIAN_POINT('Ctrl Pts',(-112.813325615693,2.99200871632968,323.174308008135));
#5564=CARTESIAN_POINT('Ctrl Pts',(-112.917723406323,2.94134200684205,323.109946384921));
#5565=CARTESIAN_POINT('Ctrl Pts',(-113.019553357011,2.89183785774818,323.040455781686));
#5566=CARTESIAN_POINT('Ctrl Pts',(-113.121073464382,2.84248433751799,322.971176621144));
#5567=CARTESIAN_POINT('Ctrl Pts',(-113.220041379837,2.79428628882129,322.896799802833));
#5568=CARTESIAN_POINT('Ctrl Pts',(-113.316391007827,2.74728802378686,322.817117864306));
#5569=CARTESIAN_POINT('Ctrl Pts',(-113.37718447657,2.71763365338676,322.766841163292));
#5570=CARTESIAN_POINT('Ctrl Pts',(-113.436827685306,2.68850892423886,322.71447980679));
#5571=CARTESIAN_POINT('Ctrl Pts',(-113.495103977566,2.66002419130912,322.660157667126));
#5572=CARTESIAN_POINT('Ctrl Pts',(-113.563252095924,2.6267142315331,322.596633522749));
#5573=CARTESIAN_POINT('Ctrl Pts',(-113.629220726746,2.59443465434476,322.530720540511));
#5574=CARTESIAN_POINT('Ctrl Pts',(-113.69283359084,2.56327756517903,322.462575102325));
#5575=CARTESIAN_POINT('Ctrl Pts',(-113.754543307239,2.53305262304483,322.39646841582));
#5576=CARTESIAN_POINT('Ctrl Pts',(-113.8140369248,2.50388358341464,322.328260382905));
#5577=CARTESIAN_POINT('Ctrl Pts',(-113.871170286645,2.47584494257825,322.258051146025));
#5578=CARTESIAN_POINT('Ctrl Pts',(-113.921712790644,2.45104081639314,322.19594118923));
#5579=CARTESIAN_POINT('Ctrl Pts',(-113.970554974505,2.42704982377076,322.132128500612));
#5580=CARTESIAN_POINT('Ctrl Pts',(-114.017702598327,2.4038717391412,322.066456014924));
#5581=CARTESIAN_POINT('Ctrl Pts',(-114.051133075101,2.3874370949948,322.019890306422));
#5582=CARTESIAN_POINT('Ctrl Pts',(-114.083659149287,2.37143790869093,321.972461704631));
#5583=CARTESIAN_POINT('Ctrl Pts',(-114.115278064484,2.35587696878684,321.924138665348));
#5584=CARTESIAN_POINT('Ctrl Pts',(-114.156752403983,2.33546577819166,321.860753627489));
#5585=CARTESIAN_POINT('Ctrl Pts',(-114.196786756546,2.31574892839749,321.795569491077));
#5586=CARTESIAN_POINT('Ctrl Pts',(-114.235044237934,2.2968958556596,321.729055678658));
#5587=CARTESIAN_POINT('Ctrl Pts',(-114.268949789786,2.2801873894436,321.670108057591));
#5588=CARTESIAN_POINT('Ctrl Pts',(-114.30146032672,2.2641570617567,321.610115242193));
#5589=CARTESIAN_POINT('Ctrl Pts',(-114.332359274809,2.24891379282185,321.549376422358));
#5590=CARTESIAN_POINT('Ctrl Pts',(-114.363557995899,2.23352263793069,321.488048331384));
#5591=CARTESIAN_POINT('Ctrl Pts',(-114.393165581992,2.21890850251062,321.425928365358));
#5592=CARTESIAN_POINT('Ctrl Pts',(-114.421177307995,2.20507599148331,321.362978806665));
#5593=CARTESIAN_POINT('Ctrl Pts',(-114.453765260059,2.18898368763013,321.289745290068));
#5594=CARTESIAN_POINT('Ctrl Pts',(-114.484143640517,2.17397130469044,321.215503919104));
#5595=CARTESIAN_POINT('Ctrl Pts',(-114.512341777114,2.16002945115988,321.140147318138));
#5596=CARTESIAN_POINT('Ctrl Pts',(-114.541133371497,2.14579417747753,321.063204762676));
#5597=CARTESIAN_POINT('Ctrl Pts',(-114.567735147425,2.1326337862072,320.984754232039));
#5598=CARTESIAN_POINT('Ctrl Pts',(-114.591945069078,2.12065323106896,320.905257933477));
#5599=CARTESIAN_POINT('Ctrl Pts',(-114.612944702556,2.11026132355364,320.836303016703));
#5600=CARTESIAN_POINT('Ctrl Pts',(-114.632145037097,2.10075695820203,320.76655985359));
#5601=CARTESIAN_POINT('Ctrl Pts',(-114.64941149269,2.0922099068322,320.696298720878));
#5602=CARTESIAN_POINT('Ctrl Pts',(-114.659102719908,2.087412661884,320.656862914379));
#5603=CARTESIAN_POINT('Ctrl Pts',(-114.66817977325,2.08291961560095,320.617354498004));
#5604=CARTESIAN_POINT('Ctrl Pts',(-114.676644645839,2.07873019358791,320.577760375447));
#5605=CARTESIAN_POINT('Ctrl Pts',(-114.713713243011,2.06038425921616,320.404373409016));
#5606=CARTESIAN_POINT('Ctrl Pts',(-114.739101616949,2.04780636415144,320.22903760367));
#5607=CARTESIAN_POINT('Ctrl Pts',(-114.752582641218,2.04112523902936,320.051721393285));
#5608=CARTESIAN_POINT('Ctrl Pts',(-114.760181160399,2.03735945266328,319.951777902428));
#5609=CARTESIAN_POINT('Ctrl Pts',(-114.763997583397,2.03546663776529,319.851205445866));
#5610=CARTESIAN_POINT('Ctrl Pts',(-114.763997583397,2.03546663776529,319.75));
#5611=CARTESIAN_POINT('Ctrl Pts',(-112.764312078722,0.,319.75));
#5612=CARTESIAN_POINT('Ctrl Pts',(-114.800098839197,-5.42101086242752E-17,
319.75));
#5613=CARTESIAN_POINT('Ctrl Pts',(-114.763997583397,2.03546663776529,319.75));
#5614=CARTESIAN_POINT('Ctrl Pts',(-112.76431206758,0.,320.075571600778));
#5615=CARTESIAN_POINT('Ctrl Pts',(-114.80009879367,4.49233467404428E-8,
320.24563221509));
#5616=CARTESIAN_POINT('Ctrl Pts',(-114.763997583196,2.03546664910322,320.075571600792));
#5617=CARTESIAN_POINT('Ctrl Pts',(-112.74439539846,0.0391421853574992,320.39071725059));
#5618=CARTESIAN_POINT('Ctrl Pts',(-114.718848973544,0.0801920104677359,
320.711761035526));
#5619=CARTESIAN_POINT('Ctrl Pts',(-114.724506540661,2.05505277171709,320.390717250572));
#5620=CARTESIAN_POINT('Ctrl Pts',(-112.687565138472,0.150747448134295,320.849082843879));
#5621=CARTESIAN_POINT('Ctrl Pts',(-114.507849060232,0.288310963516349,321.339824766357));
#5622=CARTESIAN_POINT('Ctrl Pts',(-114.611865063164,2.11081674523833,320.849082843888));
#5623=CARTESIAN_POINT('Ctrl Pts',(-112.664165947497,0.196690244014193,320.998110639092));
#5624=CARTESIAN_POINT('Ctrl Pts',(-114.425434679044,0.369584373724338,321.530862675063));
#5625=CARTESIAN_POINT('Ctrl Pts',(-114.565491026398,2.13376304552347,320.998110639077));
#5626=CARTESIAN_POINT('Ctrl Pts',(-112.610519823082,0.301977746825628,321.282180368761));
#5627=CARTESIAN_POINT('Ctrl Pts',(-114.247384942816,0.545100978933986,321.873339256827));
#5628=CARTESIAN_POINT('Ctrl Pts',(-114.459193666379,2.18630680665003,321.282180368776));
#5629=CARTESIAN_POINT('Ctrl Pts',(-112.580127818386,0.361607335485868,321.418412884904));
#5630=CARTESIAN_POINT('Ctrl Pts',(-114.151913208064,0.639184574133714,322.026487992831));
#5631=CARTESIAN_POINT('Ctrl Pts',(-114.398982820621,2.21604663425978,321.418412884884));
#5632=CARTESIAN_POINT('Ctrl Pts',(-112.512853256173,0.493535915590302,321.680339959813));
#5633=CARTESIAN_POINT('Ctrl Pts',(-113.953434357903,0.83467993759177,322.30206869608));
#5634=CARTESIAN_POINT('Ctrl Pts',(-114.265735728996,2.28178095138391,321.680339959833));
#5635=CARTESIAN_POINT('Ctrl Pts',(-112.475854100926,0.56606276355078,321.806168178476));
#5636=CARTESIAN_POINT('Ctrl Pts',(-113.850565790444,0.935956450827658,322.425003453311));
#5637=CARTESIAN_POINT('Ctrl Pts',(-114.19246896299,2.3178882229586,321.806168178457));
#5638=CARTESIAN_POINT('Ctrl Pts',(-112.39787041769,0.718843472744106,322.042109152221));
#5639=CARTESIAN_POINT('Ctrl Pts',(-113.646454277032,1.13678803905241,322.641133322303));
#5640=CARTESIAN_POINT('Ctrl Pts',(-114.038087165979,2.39386571461508,322.042109152239));
#5641=CARTESIAN_POINT('Ctrl Pts',(-112.356670403138,0.799520121489179,322.153136650768));
#5642=CARTESIAN_POINT('Ctrl Pts',(-113.544574393853,1.23697384726759,322.735950398993));
#5643=CARTESIAN_POINT('Ctrl Pts',(-113.956545239141,2.43394683814622,322.153136650749));
#5644=CARTESIAN_POINT('Ctrl Pts',(-112.227222640912,1.05284779671918,322.467874675322));
#5645=CARTESIAN_POINT('Ctrl Pts',(-113.244972336221,1.53139075135855,322.986578851002));
#5646=CARTESIAN_POINT('Ctrl Pts',(-113.700424538467,2.55965218471139,322.467874675359));
#5647=CARTESIAN_POINT('Ctrl Pts',(-112.132285313372,1.2384387642393,322.654778139623));
#5648=CARTESIAN_POINT('Ctrl Pts',(-113.043720474444,1.72889530153587,323.119130783757));
#5649=CARTESIAN_POINT('Ctrl Pts',(-113.512687888076,2.65154815018033,322.654778139601));
#5650=CARTESIAN_POINT('Ctrl Pts',(-111.933611505984,1.62626967783578,322.979452098565));
#5651=CARTESIAN_POINT('Ctrl Pts',(-112.65666218001,2.10809170841636,323.33116279992));
#5652=CARTESIAN_POINT('Ctrl Pts',(-113.120100420246,2.84303894079841,322.979452098587));
#5653=CARTESIAN_POINT('Ctrl Pts',(-111.830441011565,1.82740999256377,323.116956442456));
#5654=CARTESIAN_POINT('Ctrl Pts',(-112.46964333848,2.2910045934398,323.413268169891));
#5655=CARTESIAN_POINT('Ctrl Pts',(-112.916365346436,2.94209603721736,323.116956442439));
#5656=CARTESIAN_POINT('Ctrl Pts',(-111.617671274771,2.24161236820438,323.350641048779));
#5657=CARTESIAN_POINT('Ctrl Pts',(-112.105301388414,2.64667946045536,323.545427796045));
#5658=CARTESIAN_POINT('Ctrl Pts',(-112.496519395254,3.1454764164414,323.350641048795));
#5659=CARTESIAN_POINT('Ctrl Pts',(-111.507842040528,2.45512151791114,323.446866187404));
#5660=CARTESIAN_POINT('Ctrl Pts',(-111.925764723881,2.821621160212,323.596864940013));
#5661=CARTESIAN_POINT('Ctrl Pts',(-112.279955033793,3.25001861514451,323.446866187402));
#5662=CARTESIAN_POINT('Ctrl Pts',(-111.170678272275,3.10955332757178,323.676955723145));
#5663=CARTESIAN_POINT('Ctrl Pts',(-111.399531771971,3.33335032319457,323.714579871238));
#5664=CARTESIAN_POINT('Ctrl Pts',(-111.615661959833,3.56944383252698,323.676955723149));
#5665=CARTESIAN_POINT('Ctrl Pts',(-110.941930015827,3.55221604517605,323.75));
#5666=CARTESIAN_POINT('Ctrl Pts',(-111.054071641523,3.66794157673644,323.75));
#5667=CARTESIAN_POINT('Ctrl Pts',(-111.165677294023,3.78418802793379,323.75));
#5668=CARTESIAN_POINT('Ctrl Pts',(-110.709809373061,4.,323.75));
#5669=CARTESIAN_POINT('Ctrl Pts',(-110.709809373061,4.,323.75));
#5670=CARTESIAN_POINT('Ctrl Pts',(-110.709809373061,4.,323.75));
#5671=CARTESIAN_POINT('',(-112.735831687793,0.055952410927128,320.416699793857));
#5672=CARTESIAN_POINT('Ctrl Pts',(-112.735878522665,0.0558615535877655,
320.416626348334));
#5673=CARTESIAN_POINT('Ctrl Pts',(-112.801230710356,0.0369811541998282,
320.30513973219));
#5674=CARTESIAN_POINT('Ctrl Pts',(-112.866676721165,0.0251917632837587,
320.192899159092));
#5675=CARTESIAN_POINT('Ctrl Pts',(-112.995887393703,0.0173145422164341,
319.970016755861));
#5676=CARTESIAN_POINT('Ctrl Pts',(-113.059375717445,0.0208508724539679,
319.859884359695));
#5677=CARTESIAN_POINT('Ctrl Pts',(-113.122338734942,0.0323067023958632,
319.75));
#5678=CARTESIAN_POINT('Ctrl Pts',(-110.709809373061,4.,323.75));
#5679=CARTESIAN_POINT('Ctrl Pts',(-110.941453819241,3.55313578876508,323.75));
#5680=CARTESIAN_POINT('Ctrl Pts',(-111.172010540675,3.10695405245457,323.675183101763));
#5681=CARTESIAN_POINT('Ctrl Pts',(-111.501991782859,2.46648333585062,323.451280184271));
#5682=CARTESIAN_POINT('Ctrl Pts',(-111.609021357054,2.25842641669411,323.35809159297));
#5683=CARTESIAN_POINT('Ctrl Pts',(-111.812749893689,1.86187145203419,323.138186801477));
#5684=CARTESIAN_POINT('Ctrl Pts',(-111.910088122402,1.67213273819712,323.011102258671));
#5685=CARTESIAN_POINT('Ctrl Pts',(-112.095162965841,1.3109461420926,322.72031030018));
#5686=CARTESIAN_POINT('Ctrl Pts',(-112.18300445557,1.13928860651326,322.555723541353));
#5687=CARTESIAN_POINT('Ctrl Pts',(-112.341601219991,0.829058243941313,322.199669905724));
#5688=CARTESIAN_POINT('Ctrl Pts',(-112.413299045014,0.688646937027144,322.006977681868));
#5689=CARTESIAN_POINT('Ctrl Pts',(-112.540240689395,0.439862627622458,321.589681834968));
#5690=CARTESIAN_POINT('Ctrl Pts',(-112.594522130707,0.333375807882328,321.367575490575));
#5691=CARTESIAN_POINT('Ctrl Pts',(-112.681535563877,0.162599595584689,320.905439989841));
#5692=CARTESIAN_POINT('Ctrl Pts',(-112.714712252132,0.0974382915248598,
320.662121029711));
#5693=CARTESIAN_POINT('Ctrl Pts',(-112.735831687793,0.055952410927128,320.416699793857));
#5694=CARTESIAN_POINT('Origin',(-2.,4.,319.75));
#5695=CARTESIAN_POINT('',(-7.31541697486043,0.877501000800401,322.249999999999));
#5696=CARTESIAN_POINT('Origin',(-8.60988079167347,4.00000000003027,319.749999999986));
#5697=CARTESIAN_POINT('',(-3.26926788603774,0.877501000799997,322.25));
#5698=CARTESIAN_POINT('',(-1.99999999999997,0.877501000800401,322.25));
#5699=CARTESIAN_POINT('',(-2.00353149311717,0.00707391264943821,319.987599847317));
#5700=CARTESIAN_POINT('Origin',(-1.67362521081891,4.00000000000328,319.750000000004));
#5701=CARTESIAN_POINT('Ctrl Pts',(-4.,4.,323.75));
#5702=CARTESIAN_POINT('Ctrl Pts',(-3.9550335746585,3.910067149317,323.75));
#5703=CARTESIAN_POINT('Ctrl Pts',(-3.90939446456431,3.81878892981444,323.746926760181));
#5704=CARTESIAN_POINT('Ctrl Pts',(-3.86325759330728,3.72651523988082,323.74056053561));
#5705=CARTESIAN_POINT('Ctrl Pts',(-3.81670999452646,3.63342009536773,323.73413763655));
#5706=CARTESIAN_POINT('Ctrl Pts',(-3.76965585026163,3.53931191287435,323.724362691948));
#5707=CARTESIAN_POINT('Ctrl Pts',(-3.72229130159284,3.44458301725977,323.711048243574));
#5708=CARTESIAN_POINT('Ctrl Pts',(-3.6740799011366,3.34816042167699,323.697495740267));
#5709=CARTESIAN_POINT('Ctrl Pts',(-3.62554703852785,3.25109500109925,323.680275820308));
#5710=CARTESIAN_POINT('Ctrl Pts',(-3.5769146549358,3.15383067009169,323.659233203091));
#5711=CARTESIAN_POINT('Ctrl Pts',(-3.52772591764283,3.05545363667216,323.637949858664));
#5712=CARTESIAN_POINT('Ctrl Pts',(-3.47843557475567,2.95687352675815,323.612755707212));
#5713=CARTESIAN_POINT('Ctrl Pts',(-3.4292859105753,2.85857492701735,323.583535761614));
#5714=CARTESIAN_POINT('Ctrl Pts',(-3.37934006373139,2.75868397375247,323.553842477805));
#5715=CARTESIAN_POINT('Ctrl Pts',(-3.32953974103728,2.65908422663718,323.519991754483));
#5716=CARTESIAN_POINT('Ctrl Pts',(-3.28014870747441,2.56030321709722,323.481912230821));
#5717=CARTESIAN_POINT('Ctrl Pts',(-3.26493455649215,2.5298752409058,323.470182417117));
#5718=CARTESIAN_POINT('Ctrl Pts',(-3.24975929303815,2.49952505475846,323.458051709267));
#5719=CARTESIAN_POINT('Ctrl Pts',(-3.23463074382085,2.46926831177003,323.445518975548));
#5720=CARTESIAN_POINT('Ctrl Pts',(-3.18663060879575,2.3732691694859,323.40575489096));
#5721=CARTESIAN_POINT('Ctrl Pts',(-3.13911011101498,2.27822945039508,323.36194588307));
#5722=CARTESIAN_POINT('Ctrl Pts',(-3.09229809009827,2.18460681515095,323.314203123027));
#5723=CARTESIAN_POINT('Ctrl Pts',(-3.04466093869973,2.08933394373633,323.26561882686));
#5724=CARTESIAN_POINT('Ctrl Pts',(-2.99775773733582,1.99552910708602,323.212960989471));
#5725=CARTESIAN_POINT('Ctrl Pts',(-2.95182734733086,1.90366999358889,323.156400645612));
#5726=CARTESIAN_POINT('Ctrl Pts',(-2.90570292106652,1.81142281461329,323.099601358483));
#5727=CARTESIAN_POINT('Ctrl Pts',(-2.86055983788221,1.721138422958,323.038866802675));
#5728=CARTESIAN_POINT('Ctrl Pts',(-2.81663337174147,1.63328731856974,322.974420920201));
#5729=CARTESIAN_POINT('Ctrl Pts',(-2.77288771868496,1.54579783282584,322.910240314218));
#5730=CARTESIAN_POINT('Ctrl Pts',(-2.73034897091435,1.46072221022219,322.842379249215));
#5731=CARTESIAN_POINT('Ctrl Pts',(-2.68923862649216,1.37850338862617,322.771104084136));
#5732=CARTESIAN_POINT('Ctrl Pts',(-2.65363415506936,1.30729606294997,322.709374740491));
#5733=CARTESIAN_POINT('Ctrl Pts',(-2.61910103883231,1.23823144313151,322.645085400996));
#5734=CARTESIAN_POINT('Ctrl Pts',(-2.58577406533972,1.17157906143798,322.578433310849));
#5735=CARTESIAN_POINT('Ctrl Pts',(-2.54766051215975,1.09535374518438,322.502208328016));
#5736=CARTESIAN_POINT('Ctrl Pts',(-2.51111387338048,1.02226219702366,322.422929023055));
#5737=CARTESIAN_POINT('Ctrl Pts',(-2.47628466990031,0.952605392241856,322.340997875659));
#5738=CARTESIAN_POINT('Ctrl Pts',(-2.44185676960853,0.883751175376463,322.260010741544));
#5739=CARTESIAN_POINT('Ctrl Pts',(-2.40910710191243,0.818253299233152,322.176433064628));
#5740=CARTESIAN_POINT('Ctrl Pts',(-2.37816107577122,0.756362515336959,322.090677561884));
#5741=CARTESIAN_POINT('Ctrl Pts',(-2.36407824349497,0.728197427998171,322.051652184073));
#5742=CARTESIAN_POINT('Ctrl Pts',(-2.35036864839078,0.700778775462058,322.012176069925));
#5743=CARTESIAN_POINT('Ctrl Pts',(-2.3370425958089,0.674127162159543,321.972289329892));
#5744=CARTESIAN_POINT('Ctrl Pts',(-2.30783434518831,0.615711738987511,321.884864948805));
#5745=CARTESIAN_POINT('Ctrl Pts',(-2.2804707330789,0.560985372884177,321.795469194476));
#5746=CARTESIAN_POINT('Ctrl Pts',(-2.25501706723473,0.510078613788773,321.70456764384));
#5747=CARTESIAN_POINT('Ctrl Pts',(-2.22992895263248,0.459902948953945,321.614971570181));
#5748=CARTESIAN_POINT('Ctrl Pts',(-2.2066963545957,0.413438039737394,321.523913143965));
#5749=CARTESIAN_POINT('Ctrl Pts',(-2.18535930558566,0.370763891493706,321.43184148464));
#5750=CARTESIAN_POINT('Ctrl Pts',(-2.17375104595875,0.347547344916131,321.381750596944));
#5751=CARTESIAN_POINT('Ctrl Pts',(-2.16270343872156,0.325452003416308,321.331359823277));
#5752=CARTESIAN_POINT('Ctrl Pts',(-2.15222002127403,0.304484932811615,321.280741123523));
#5753=CARTESIAN_POINT('Ctrl Pts',(-2.13284359354467,0.265731641692413,321.187182931985));
#5754=CARTESIAN_POINT('Ctrl Pts',(-2.11539618124545,0.230836009559828,321.092848781345));
#5755=CARTESIAN_POINT('Ctrl Pts',(-2.09985588641137,0.199754187887981,320.99820712091));
#5756=CARTESIAN_POINT('Ctrl Pts',(-2.0844995738013,0.169040345249883,320.904685927195));
#5757=CARTESIAN_POINT('Ctrl Pts',(-2.07100544919591,0.142050464041275,320.81086486139));
#5758=CARTESIAN_POINT('Ctrl Pts',(-2.05933086907797,0.118699214788298,320.717179899682));
#5759=CARTESIAN_POINT('Ctrl Pts',(-2.05155824290731,0.103152571634724,320.654806933989));
#5760=CARTESIAN_POINT('Ctrl Pts',(-2.04459169609046,0.0892178847886639,
320.592493954661));
#5761=CARTESIAN_POINT('Ctrl Pts',(-2.03841340101039,0.0768594888695448,
320.530364356825));
#5762=CARTESIAN_POINT('Ctrl Pts',(-2.02900623441379,0.0580424062001167,
320.435764880781));
#5763=CARTESIAN_POINT('Ctrl Pts',(-2.02142742649474,0.0428815470944664,
320.341594295951));
#5764=CARTESIAN_POINT('Ctrl Pts',(-2.01557313166599,0.0311691946629428,
320.248273696346));
#5765=CARTESIAN_POINT('Ctrl Pts',(-2.01006826642117,0.0201559259907031,
320.160523191729));
#5766=CARTESIAN_POINT('Ctrl Pts',(-2.00608798124819,0.0121913582116057,
320.073524203217));
#5767=CARTESIAN_POINT('Ctrl Pts',(-2.00353149311717,0.00707391264943859,
319.987599847317));
#5768=CARTESIAN_POINT('',(-111.636524122158,0.877501000799557,322.249999999999));
#5769=CARTESIAN_POINT('Origin',(-112.930987938944,3.99999999993828,319.750000000034));
#5770=CARTESIAN_POINT('',(-107.590375033332,0.877501000799557,322.249999999999));
#5771=CARTESIAN_POINT('',(-1.99999999999997,0.877501000799557,322.249999999998));
#5772=CARTESIAN_POINT('Origin',(-105.994732358132,3.99999999998442,319.75000000001));
#5773=CARTESIAN_POINT('Ctrl Pts',(-4.33680868994202E-16,2.,319.75));
#5774=CARTESIAN_POINT('Ctrl Pts',(-4.33680868994202E-16,4.33680868994202E-16,
319.75));
#5775=CARTESIAN_POINT('Ctrl Pts',(-2.,4.33680868994202E-16,319.75));
#5776=CARTESIAN_POINT('Ctrl Pts',(-4.33680868994202E-16,2.00000000000406,
320.011802349858));
#5777=CARTESIAN_POINT('Ctrl Pts',(-1.88485043567119E-10,1.88485043567119E-10,
320.143199126481));
#5778=CARTESIAN_POINT('Ctrl Pts',(-2.00000000000406,4.33680868994202E-16,
320.011802349858));
#5779=CARTESIAN_POINT('Ctrl Pts',(-0.0257843535678155,2.01289217678392,
320.273592312399));
#5780=CARTESIAN_POINT('Ctrl Pts',(-0.0518782619661065,0.0518782619661065,
320.529962690655));
#5781=CARTESIAN_POINT('Ctrl Pts',(-2.01289217678392,0.0257843535678155,
320.273592312399));
#5782=CARTESIAN_POINT('Ctrl Pts',(-0.127933403206332,2.06396670160316,320.78713026373));
#5783=CARTESIAN_POINT('Ctrl Pts',(-0.243370355632673,0.243370355632673,
321.245268118054));
#5784=CARTESIAN_POINT('Ctrl Pts',(-2.06396670160316,0.127933403206332,320.78713026373));
#5785=CARTESIAN_POINT('Ctrl Pts',(-0.204295585283143,2.10214779264099,321.038862642242));
#5786=CARTESIAN_POINT('Ctrl Pts',(-0.378391582997695,0.378391582997695,
321.566827795813));
#5787=CARTESIAN_POINT('Ctrl Pts',(-2.10214779264099,0.204295585283143,321.038862642242));
#5788=CARTESIAN_POINT('Ctrl Pts',(-0.404668154626551,2.20233407731386,321.522604816678));
#5789=CARTESIAN_POINT('Ctrl Pts',(-0.696220988652596,0.696220988652596,
322.123075455501));
#5790=CARTESIAN_POINT('Ctrl Pts',(-2.20233407731386,0.404668154626551,321.522604816678));
#5791=CARTESIAN_POINT('Ctrl Pts',(-0.528673608535412,2.26433680426841,321.754602703533));
#5792=CARTESIAN_POINT('Ctrl Pts',(-0.874907175559272,0.874907175559272,
322.35791317073));
#5793=CARTESIAN_POINT('Ctrl Pts',(-2.26433680426841,0.528673608535412,321.754602703533));
#5794=CARTESIAN_POINT('Ctrl Pts',(-0.819569493044239,2.40978474652141,322.189959160624));
#5795=CARTESIAN_POINT('Ctrl Pts',(-1.24912729918761,1.24912729918761,322.751547459867));
#5796=CARTESIAN_POINT('Ctrl Pts',(-2.40978474652141,0.819569493044239,322.189959160624));
#5797=CARTESIAN_POINT('Ctrl Pts',(-0.9864527579709,2.49322637898637,322.393307007463));
#5798=CARTESIAN_POINT('Ctrl Pts',(-1.44321468111185,1.44321468111185,322.91315187661));
#5799=CARTESIAN_POINT('Ctrl Pts',(-2.49322637898637,0.9864527579709,322.393307007463));
#5800=CARTESIAN_POINT('Ctrl Pts',(-1.54181310981961,2.77090655490797,322.948667359312));
#5801=CARTESIAN_POINT('Ctrl Pts',(-2.01744720780534,2.01744720780534,323.306047863659));
#5802=CARTESIAN_POINT('Ctrl Pts',(-2.77090655490797,1.54181310981961,322.948667359312));
#5803=CARTESIAN_POINT('Ctrl Pts',(-1.98552408938768,2.99276204469527,323.24514555792));
#5804=CARTESIAN_POINT('Ctrl Pts',(-2.41866977689392,2.41866977689392,323.479995419091));
#5805=CARTESIAN_POINT('Ctrl Pts',(-2.99276204469527,1.98552408938768,323.24514555792));
#5806=CARTESIAN_POINT('Ctrl Pts',(-2.95300845169157,3.47650422584436,323.64589070217));
#5807=CARTESIAN_POINT('Ctrl Pts',(-3.20512271279311,3.20512271279311,323.697585605755));
#5808=CARTESIAN_POINT('Ctrl Pts',(-3.47650422584436,2.95300845169157,323.64589070217));
#5809=CARTESIAN_POINT('Ctrl Pts',(-3.47630682913353,3.73815341456677,323.75));
#5810=CARTESIAN_POINT('Ctrl Pts',(-3.6073261707748,3.6073261707748,323.75));
#5811=CARTESIAN_POINT('Ctrl Pts',(-3.73815341456677,3.47630682913353,323.75));
#5812=CARTESIAN_POINT('Ctrl Pts',(-4.00000000000001,4.00000000000001,323.75));
#5813=CARTESIAN_POINT('Ctrl Pts',(-4.00000000000001,4.00000000000001,323.75));
#5814=CARTESIAN_POINT('Ctrl Pts',(-4.00000000000001,4.00000000000001,323.75));
#5815=CARTESIAN_POINT('Origin',(-2.37987543498214,4.6682771526271,321.028449546587));
#5816=CARTESIAN_POINT('Ctrl Pts',(-4.,4.,323.75));
#5817=CARTESIAN_POINT('Ctrl Pts',(-3.91087518105805,3.95543759052903,323.75));
#5818=CARTESIAN_POINT('Ctrl Pts',(-3.82035781091318,3.91017890545655,323.746981762545));
#5819=CARTESIAN_POINT('Ctrl Pts',(-3.72879209856537,3.86439604928257,323.740716968771));
#5820=CARTESIAN_POINT('Ctrl Pts',(-3.6364937444249,3.81824687221225,323.734402048704));
#5821=CARTESIAN_POINT('Ctrl Pts',(-3.54313042347674,3.77156521173806,323.724788239945));
#5822=CARTESIAN_POINT('Ctrl Pts',(-3.44908847472751,3.72454423736331,323.711678899331));
#5823=CARTESIAN_POINT('Ctrl Pts',(-3.35345219923415,3.67672609961649,323.698347311384));
#5824=CARTESIAN_POINT('Ctrl Pts',(-3.25711435247532,3.62855717623691,323.681400451893));
#5825=CARTESIAN_POINT('Ctrl Pts',(-3.16051249869572,3.58025624934695,323.660672841856));
#5826=CARTESIAN_POINT('Ctrl Pts',(-3.06283002023145,3.53141501011465,323.639713364974));
#5827=CARTESIAN_POINT('Ctrl Pts',(-2.96487798120486,3.48243899060118,323.614887925833));
#5828=CARTESIAN_POINT('Ctrl Pts',(-2.86713550046539,3.4335677502313,323.58607007803));
#5829=CARTESIAN_POINT('Ctrl Pts',(-2.76776076638682,3.38388038319187,323.556770985758));
#5830=CARTESIAN_POINT('Ctrl Pts',(-2.6686031206728,3.33430156033474,323.523344855755));
#5831=CARTESIAN_POINT('Ctrl Pts',(-2.57018703103988,3.28509351551823,323.485707249401));
#5832=CARTESIAN_POINT('Ctrl Pts',(-2.5364523324291,3.26822616621282,323.472805971657));
#5833=CARTESIAN_POINT('Ctrl Pts',(-2.50280490841656,3.25140245420654,323.459410288717));
#5834=CARTESIAN_POINT('Ctrl Pts',(-2.46926627054067,3.23463313526859,323.445518130046));
#5835=CARTESIAN_POINT('Ctrl Pts',(-2.37368524843097,3.18684262421373,323.405927174382));
#5836=CARTESIAN_POINT('Ctrl Pts',(-2.27900624767153,3.13950312383379,323.36230615173));
#5837=CARTESIAN_POINT('Ctrl Pts',(-2.18568682628817,3.09284341314174,323.314753667363));
#5838=CARTESIAN_POINT('Ctrl Pts',(-2.09060309304554,3.04530154652005,323.266302148144));
#5839=CARTESIAN_POINT('Ctrl Pts',(-1.99693137363797,2.99846568681574,323.213769186538));
#5840=CARTESIAN_POINT('Ctrl Pts',(-1.90515299291269,2.95257649645252,323.157313325602));
#5841=CARTESIAN_POINT('Ctrl Pts',(-1.81287168018653,2.90643584008885,323.100548094867));
#5842=CARTESIAN_POINT('Ctrl Pts',(-1.72250510071669,2.86125255035329,323.039817110162));
#5843=CARTESIAN_POINT('Ctrl Pts',(-1.63453129692024,2.81726564845446,322.97533310419));
#5844=CARTESIAN_POINT('Ctrl Pts',(-1.5467167960331,2.77335839801029,322.910965865816));
#5845=CARTESIAN_POINT('Ctrl Pts',(-1.4612869946127,2.73064349729953,322.842859539194));
#5846=CARTESIAN_POINT('Ctrl Pts',(-1.37869740978838,2.68934870488695,322.771272262027));
#5847=CARTESIAN_POINT('Ctrl Pts',(-1.30745052043094,2.65372526020788,322.709516644456));
#5848=CARTESIAN_POINT('Ctrl Pts',(-1.23831718113291,2.61915859055861,322.645171430625));
#5849=CARTESIAN_POINT('Ctrl Pts',(-1.17157287525697,2.58578643762057,322.578427124749));
#5850=CARTESIAN_POINT('Ctrl Pts',(-1.09500672414174,2.54750336206288,322.501860973634));
#5851=CARTESIAN_POINT('Ctrl Pts',(-1.02156314502279,2.5107815725029,322.422173805038));
#5852=CARTESIAN_POINT('Ctrl Pts',(-0.951556183247988,2.47577809161494,322.339763277532));
#5853=CARTESIAN_POINT('Ctrl Pts',(-0.882271977457308,2.44113598871905,322.258203561151));
#5854=CARTESIAN_POINT('Ctrl Pts',(-0.816354110464704,2.40817705522214,322.173976973107));
#5855=CARTESIAN_POINT('Ctrl Pts',(-0.754067871261974,2.37703393562046,322.08749482594));
#5856=CARTESIAN_POINT('Ctrl Pts',(-0.726712541794772,2.36335627088672,322.049512959334));
#5857=CARTESIAN_POINT('Ctrl Pts',(-0.700057161697347,2.35002858083793,322.011096316821));
#5858=CARTESIAN_POINT('Ctrl Pts',(-0.6741215507927,2.3370607753856,321.972280932083));
#5859=CARTESIAN_POINT('Ctrl Pts',(-0.615261110782602,2.30763055538056,321.884190058371));
#5860=CARTESIAN_POINT('Ctrl Pts',(-0.560112098932108,2.28005604945523,321.794046617156));
#5861=CARTESIAN_POINT('Ctrl Pts',(-0.508819212283303,2.25440960613072,321.702317097164));
#5862=CARTESIAN_POINT('Ctrl Pts',(-0.458252499309699,2.2291262496438,321.611886228252));
#5863=CARTESIAN_POINT('Ctrl Pts',(-0.411433585977347,2.20571679297748,321.51991439145));
#5864=CARTESIAN_POINT('Ctrl Pts',(-0.368456213336497,2.18422810665691,321.426853570735));
#5865=CARTESIAN_POINT('Ctrl Pts',(-0.346088929265671,2.17304446462143,321.378420693504));
#5866=CARTESIAN_POINT('Ctrl Pts',(-0.324761417496041,2.16238070873654,321.329692888173));
#5867=CARTESIAN_POINT('Ctrl Pts',(-0.304481869956424,2.15224093496666,321.280733729464));
#5868=CARTESIAN_POINT('Ctrl Pts',(-0.265341182375209,2.13267059117593,321.186239750665));
#5869=CARTESIAN_POINT('Ctrl Pts',(-0.230107705501247,2.11505385273909,321.090886580401));
#5870=CARTESIAN_POINT('Ctrl Pts',(-0.198750679251764,2.09937533961467,320.995147371598));
#5871=CARTESIAN_POINT('Ctrl Pts',(-0.167784225986013,2.08389211298211,320.900600659436));
#5872=CARTESIAN_POINT('Ctrl Pts',(-0.140598185126988,2.07029909255309,320.805677882737));
#5873=CARTESIAN_POINT('Ctrl Pts',(-0.117119559418562,2.05855977969946,320.710820152339));
#5874=CARTESIAN_POINT('Ctrl Pts',(-0.102215483500554,2.05110774174082,320.650605094064));
#5875=CARTESIAN_POINT('Ctrl Pts',(-0.0888044896775864,2.04440224482975,
320.590415931463));
#5876=CARTESIAN_POINT('Ctrl Pts',(-0.0768588783873946,2.03842943918508,
320.530361288066));
#5877=CARTESIAN_POINT('Ctrl Pts',(-0.0577851939051376,2.02889259694463,
320.434471400808));
#5878=CARTESIAN_POINT('Ctrl Pts',(-0.0424495146714254,2.02122475732913,
320.338928301369));
#5879=CARTESIAN_POINT('Ctrl Pts',(-0.0306552424396763,2.01532762121468,
320.244161462745));
#5880=CARTESIAN_POINT('Ctrl Pts',(-0.0189419442689151,2.00947097213071,
320.150045249747));
#5881=CARTESIAN_POINT('Ctrl Pts',(-0.0107214189202628,2.00536070945785,
320.056694971329));
#5882=CARTESIAN_POINT('Ctrl Pts',(-0.0057650963788949,2.00288254818817,
319.964499498624));
#5883=CARTESIAN_POINT('Ctrl Pts',(-0.00188015765959225,2.0009400788293,
319.892233466972));
#5884=CARTESIAN_POINT('Ctrl Pts',(-4.33680868994202E-16,2.,319.820676352454));
#5885=CARTESIAN_POINT('Ctrl Pts',(-4.33680868994202E-16,2.,319.75));
#5886=CARTESIAN_POINT('Origin',(-4.,2.,319.75));
#5887=CARTESIAN_POINT('Origin',(-112.96715199629,3.99535637032207,323.750000000002));
#5888=CARTESIAN_POINT('',(-112.967151996293,3.99535637032207,159.854774057839));
#5889=CARTESIAN_POINT('',(-112.967151996293,3.99535637032207,159.854774057839));
#5890=CARTESIAN_POINT('',(-112.967151996293,3.99535637032207,163.896225942161));
#5891=CARTESIAN_POINT('',(-112.96715199629,3.99535637032207,323.750000000002));
#5892=CARTESIAN_POINT('',(-112.967151996293,3.99535637032207,163.896225942161));
#5893=CARTESIAN_POINT('Origin',(-100.476354701342,3.99535637032207,152.651580836728));
#5894=CARTESIAN_POINT('',(-109.463084097874,3.99535637032207,157.83404811567));
#5895=CARTESIAN_POINT('',(-109.463084097874,3.99535637032207,157.83404811567));
#5896=CARTESIAN_POINT('',(-100.476354701342,3.99535637032207,152.651580836728));
#5897=CARTESIAN_POINT('Origin',(39.6296077170879,3.99535637032207,251.895728229728));
#5898=CARTESIAN_POINT('',(-109.46308409787,3.99535637032207,165.916951884327));
#5899=CARTESIAN_POINT('',(39.6296077170879,3.99535637032207,251.895728229728));
#5900=CARTESIAN_POINT('',(-109.46308409787,3.99535637032207,165.916951884327));
#5901=CARTESIAN_POINT('Origin',(0.192684908923461,3.99535637032207,0.));
#5902=CARTESIAN_POINT('',(-105.959016199448,3.99535637032207,159.854774057835));
#5903=CARTESIAN_POINT('',(43.1275737699345,3.99535637032207,245.830031590814));
#5904=CARTESIAN_POINT('',(-105.959016199447,3.99535637032207,163.896225942165));
#5905=CARTESIAN_POINT('',(-105.959016199447,3.99535637032207,323.750000000001));
#5906=CARTESIAN_POINT('',(-96.9783886484956,3.99535637032207,158.717277475643));
#5907=CARTESIAN_POINT('Origin',(-96.9783886484956,3.99535637032207,158.717277475643));
#5908=CARTESIAN_POINT('',(-105.959016199447,3.99535637032207,163.896225942165));
#5909=CARTESIAN_POINT('Origin',(-105.959016199447,3.99535637032207,323.750000000001));
#5910=CARTESIAN_POINT('',(-105.959016199448,3.99535637032207,159.854774057835));
#5911=CARTESIAN_POINT('Origin',(43.1275737699345,3.99535637032207,245.830031590814));
#5912=CARTESIAN_POINT('Origin',(-87.7013890433815,3.99535637032207,274.101395848919));
#5913=CARTESIAN_POINT('',(-111.486158642283,3.99535637032207,315.25));
#5914=CARTESIAN_POINT('',(-111.486158642283,3.99535637032207,315.25));
#5915=CARTESIAN_POINT('',(-113.509233186693,3.99535637032207,318.749999999996));
#5916=CARTESIAN_POINT('',(-87.7013890433815,3.99535637032207,274.101395848919));
#5917=CARTESIAN_POINT('',(-113.509233186693,3.99535637032207,318.749999999996));
#5918=CARTESIAN_POINT('Origin',(-83.3687485887062,3.99535637032207,370.894245689957));
#5919=CARTESIAN_POINT('',(-111.486158642278,3.99535637032207,322.249999999999));
#5920=CARTESIAN_POINT('',(-83.3687485887062,3.99535637032207,370.894245689957));
#5921=CARTESIAN_POINT('',(-111.486158642278,3.99535637032207,322.249999999999));
#5922=CARTESIAN_POINT('Origin',(0.192684908923461,3.99535637032207,0.));
#5923=CARTESIAN_POINT('',(-105.416935009042,3.99535637032207,318.750000000002));
#5924=CARTESIAN_POINT('',(-107.440009553452,3.99535637032207,322.25));
#5925=CARTESIAN_POINT('',(-81.6356924068394,3.99535637032207,277.607497694494));
#5926=CARTESIAN_POINT('',(-1.80731509107657,3.99535637032207,322.249999999998));
#5927=CARTESIAN_POINT('',(-107.440009553455,3.99535637032207,315.25));
#5928=CARTESIAN_POINT('',(-1.80731509107655,3.99535637032207,315.25));
#5929=CARTESIAN_POINT('',(-77.3030519521714,3.99535637032207,367.388143844385));
#5930=CARTESIAN_POINT('Origin',(-81.6356924068394,3.99535637032207,277.607497694494));
#5931=CARTESIAN_POINT('',(-107.440009553452,3.99535637032207,322.25));
#5932=CARTESIAN_POINT('',(-105.416935009042,3.99535637032207,318.750000000002));
#5933=CARTESIAN_POINT('Origin',(-77.3030519521714,3.99535637032207,367.388143844385));
#5934=CARTESIAN_POINT('',(-107.440009553455,3.99535637032207,315.25));
#5935=CARTESIAN_POINT('Origin',(-1.80731509107655,3.99535637032207,315.25));
#5936=CARTESIAN_POINT('Origin',(-1.80731509107657,3.99535637032207,322.249999999998));
#5937=CARTESIAN_POINT('Origin',(-70.9435270265985,3.99535637032207,203.863391030982));
#5938=CARTESIAN_POINT('',(-5.14197695057725,3.99535637032207,165.916951884325));
#5939=CARTESIAN_POINT('',(-5.14197695057725,3.99535637032207,165.916951884325));
#5940=CARTESIAN_POINT('',(-1.63790905215383,3.99535637032207,163.896225942162));
#5941=CARTESIAN_POINT('',(-70.9435270265985,3.99535637032207,203.863391030982));
#5942=CARTESIAN_POINT('',(-1.63790905215383,3.99535637032207,163.896225942162));
#5943=CARTESIAN_POINT('Origin',(-1.63790905215157,3.99535637032207,323.75));
#5944=CARTESIAN_POINT('',(-1.63790905215326,3.99535637032207,159.854774057832));
#5945=CARTESIAN_POINT('',(-1.63790905215157,3.99535637032207,323.75));
#5946=CARTESIAN_POINT('',(-1.63790905215326,3.99535637032207,159.854774057832));
#5947=CARTESIAN_POINT('Origin',(69.1624353918316,3.99535637032207,200.683918035472));
#5948=CARTESIAN_POINT('',(-5.14197695057689,3.99535637032207,157.834048115669));
#5949=CARTESIAN_POINT('',(69.1624353918316,3.99535637032207,200.683918035472));
#5950=CARTESIAN_POINT('',(-5.14197695057689,3.99535637032207,157.834048115669));
#5951=CARTESIAN_POINT('Origin',(0.192684908923461,3.99535637032207,0.));
#5952=CARTESIAN_POINT('',(-8.64604484899797,3.99535637032207,159.854774057836));
#5953=CARTESIAN_POINT('',(-74.4414930794436,3.99535637032207,197.797694392067));
#5954=CARTESIAN_POINT('',(-8.64604484899791,3.99535637032207,163.896225942161));
#5955=CARTESIAN_POINT('',(65.6644693389864,3.99535637032207,206.749614674389));
#5956=CARTESIAN_POINT('',(-8.64604484899571,3.99535637032207,323.75));
#5957=CARTESIAN_POINT('Origin',(-74.4414930794436,3.99535637032207,197.797694392067));
#5958=CARTESIAN_POINT('',(-8.64604484899797,3.99535637032207,159.854774057836));
#5959=CARTESIAN_POINT('Origin',(-8.64604484899571,3.99535637032207,323.75));
#5960=CARTESIAN_POINT('',(-8.64604484899791,3.99535637032207,163.896225942161));
#5961=CARTESIAN_POINT('Origin',(65.6644693389864,3.99535637032207,206.749614674389));
#5962=CARTESIAN_POINT('Origin',(0.892310459315975,3.99535637032207,322.189558934159));
#5963=CARTESIAN_POINT('',(-1.0958278617447,3.99535637032207,318.749999999996));
#5964=CARTESIAN_POINT('',(-1.0958278617447,3.99535637032207,318.749999999996));
#5965=CARTESIAN_POINT('',(-3.1189024061557,3.99535637032207,315.249999999998));
#5966=CARTESIAN_POINT('',(0.892310459315975,3.99535637032207,322.189558934159));
#5967=CARTESIAN_POINT('',(-3.1189024061557,3.99535637032207,315.249999999998));
#5968=CARTESIAN_POINT('Origin',(-3.44032999535693,3.99535637032207,322.806082604715));
#5969=CARTESIAN_POINT('',(-3.11890240615829,3.99535637032207,322.25));
#5970=CARTESIAN_POINT('',(-3.11890240615829,3.99535637032207,322.25));
#5971=CARTESIAN_POINT('',(-3.44032999535693,3.99535637032207,322.806082604715));
#5972=CARTESIAN_POINT('Origin',(0.192684908923461,3.99535637032207,0.));
#5973=CARTESIAN_POINT('',(-9.18812603939316,3.99535637032207,318.749999999998));
#5974=CARTESIAN_POINT('',(-7.16505149498397,3.99535637032207,315.25));
#5975=CARTESIAN_POINT('',(-9.50602663189328,3.99535637032207,319.299980759143));
#5976=CARTESIAN_POINT('',(-1.80731509107655,3.99535637032207,315.25));
#5977=CARTESIAN_POINT('',(-7.165051494981,3.99535637032207,322.249999999998));
#5978=CARTESIAN_POINT('',(-1.80731509107657,3.99535637032207,322.25));
#5979=CARTESIAN_POINT('',(-5.17338617722086,3.99535637032207,325.695660779732));
#5980=CARTESIAN_POINT('Origin',(-9.50602663189328,3.99535637032207,319.299980759143));
#5981=CARTESIAN_POINT('',(-7.16505149498397,3.99535637032207,315.25));
#5982=CARTESIAN_POINT('',(-9.18812603939316,3.99535637032207,318.749999999998));
#5983=CARTESIAN_POINT('Origin',(-5.17338617722086,3.99535637032207,325.695660779732));
#5984=CARTESIAN_POINT('',(-7.165051494981,3.99535637032207,322.249999999998));
#5985=CARTESIAN_POINT('Origin',(-1.80731509107657,3.99535637032207,322.25));
#5986=CARTESIAN_POINT('Origin',(-1.80731509107655,3.99535637032207,315.25));
#5987=CARTESIAN_POINT('Ctrl Pts',(-8.91352317931454,8.94911384376164,312.249));
#5988=CARTESIAN_POINT('Ctrl Pts',(-8.91352317931577,8.9491138437617,-48.6498000000003));
#5989=CARTESIAN_POINT('Ctrl Pts',(-8.93231391664623,8.60122166234643,312.249));
#5990=CARTESIAN_POINT('Ctrl Pts',(-8.93231391664746,8.6012216623465,-48.6498000000003));
#5991=CARTESIAN_POINT('Ctrl Pts',(-8.94971107645551,8.26226813004176,312.249));
#5992=CARTESIAN_POINT('Ctrl Pts',(-8.94971107645674,8.26226813004183,-48.6498000000003));
#5993=CARTESIAN_POINT('Ctrl Pts',(-9.05468496797206,6.0856155336518,312.249));
#5994=CARTESIAN_POINT('Ctrl Pts',(-9.05468496797329,6.08561553365186,-48.6498000000003));
#5995=CARTESIAN_POINT('Ctrl Pts',(-9.11099863056693,4.23691502962716,312.249));
#5996=CARTESIAN_POINT('Ctrl Pts',(-9.11099863056816,4.23691502962722,-48.6498000000003));
#5997=CARTESIAN_POINT('Ctrl Pts',(-9.13450683802566,2.38824425664583,312.249));
#5998=CARTESIAN_POINT('Ctrl Pts',(-9.13450683802689,2.3882442566459,-48.6498000000003));
#5999=CARTESIAN_POINT('',(-8.99782486931448,7.23197702905262,312.247799688212));
#6000=CARTESIAN_POINT('',(-8.9978248693155,7.23197702905268,11.4999999999996));
#6001=CARTESIAN_POINT('',(-8.99447360982058,7.30818188254221,312.249));
#6002=CARTESIAN_POINT('Ctrl Pts',(-8.99782486931448,7.23197702905262,312.247799688212));
#6003=CARTESIAN_POINT('Ctrl Pts',(-8.99671439195207,7.25736948499785,312.248599797506));
#6004=CARTESIAN_POINT('Ctrl Pts',(-8.99559703194581,7.282777393244,312.249));
#6005=CARTESIAN_POINT('Ctrl Pts',(-8.99447360982055,7.30818188254217,312.249));
#6006=CARTESIAN_POINT('Origin',(147.177904263559,0.402032293998626,312.248999955529));
#6007=CARTESIAN_POINT('Ctrl Pts',(-11.4098843697874,9.08395006553035,314.749));
#6008=CARTESIAN_POINT('Ctrl Pts',(-11.4289090722453,8.73172624799497,314.749));
#6009=CARTESIAN_POINT('Ctrl Pts',(-11.4465544090637,8.38797120412321,314.749));
#6010=CARTESIAN_POINT('Ctrl Pts',(-11.5532068983421,6.17651257966485,314.749));
#6011=CARTESIAN_POINT('Ctrl Pts',(-11.6104206023162,4.29826551255183,314.749));
#6012=CARTESIAN_POINT('Ctrl Pts',(-11.6343047329481,2.42003237613852,314.749));
#6013=CARTESIAN_POINT('Ctrl Pts',(-9.94754984099019,9.00496483551738,314.749));
#6014=CARTESIAN_POINT('Ctrl Pts',(-9.96643748984989,8.65527843167383,314.749));
#6015=CARTESIAN_POINT('Ctrl Pts',(-9.98393744794219,8.31433604815839,314.749));
#6016=CARTESIAN_POINT('Ctrl Pts',(-10.0896066374202,6.1232663228895,314.749));
#6017=CARTESIAN_POINT('Ctrl Pts',(-10.1462931093681,4.26232723171325,314.749));
#6018=CARTESIAN_POINT('Ctrl Pts',(-10.1699570292942,2.40141132686204,314.749));
#6019=CARTESIAN_POINT('Ctrl Pts',(-8.91352317931451,8.94911384376163,313.713466094067));
#6020=CARTESIAN_POINT('Ctrl Pts',(-8.9323139166462,8.60122166234644,313.713466094067));
#6021=CARTESIAN_POINT('Ctrl Pts',(-8.94971107645548,8.26226813004176,313.713466094067));
#6022=CARTESIAN_POINT('Ctrl Pts',(-9.05468496797203,6.0856155336518,313.713466094067));
#6023=CARTESIAN_POINT('Ctrl Pts',(-9.1109986305669,4.23691502962716,313.713466094067));
#6024=CARTESIAN_POINT('Ctrl Pts',(-9.13450683802564,2.38824425664583,313.713466094067));
#6025=CARTESIAN_POINT('Ctrl Pts',(-8.91352317931458,8.94911384376164,312.249));
#6026=CARTESIAN_POINT('Ctrl Pts',(-8.93231391664621,8.60122166234643,312.249));
#6027=CARTESIAN_POINT('Ctrl Pts',(-8.94971107645555,8.26226813004176,312.249));
#6028=CARTESIAN_POINT('Ctrl Pts',(-9.0546849679721,6.0856155336518,312.249));
#6029=CARTESIAN_POINT('Ctrl Pts',(-9.11099863056692,4.23691502962716,312.249));
#6030=CARTESIAN_POINT('Ctrl Pts',(-9.1345068380257,2.38824425664583,312.249));
#6031=CARTESIAN_POINT('',(-11.4920327764658,7.41862744948132,314.749));
#6032=CARTESIAN_POINT('Origin',(-11.4920327414575,7.41862823404675,312.248999997483));
#6033=CARTESIAN_POINT('Origin',(147.17845173437,0.40200572744689,314.749));
#6034=CARTESIAN_POINT('Origin',(-11.4098843697874,9.08395006553035,314.749));
#6035=CARTESIAN_POINT('',(-102.71286208386,8.57861667431839,314.749));
#6036=CARTESIAN_POINT('',(-102.763355700737,8.57925876507706,314.749));
#6037=CARTESIAN_POINT('',(-102.711710183123,8.62909713389348,314.749));
#6038=CARTESIAN_POINT('Origin',(-100.213064188938,8.54682855482568,314.749));
#6039=CARTESIAN_POINT('Origin',(147.218769387172,0.400118567280074,314.748999998782));
#6040=CARTESIAN_POINT('Ctrl Pts',(-104.973501788711,14.1376116574218,312.249));
#6041=CARTESIAN_POINT('Ctrl Pts',(-105.00129550402,13.6230381180874,312.249));
#6042=CARTESIAN_POINT('Ctrl Pts',(-105.028242515198,13.0993224207089,312.249));
#6043=CARTESIAN_POINT('Ctrl Pts',(-105.197808848734,9.5833338641622,312.249));
#6044=CARTESIAN_POINT('Ctrl Pts',(-105.288756103691,6.5976816126265,312.249));
#6045=CARTESIAN_POINT('Ctrl Pts',(-105.326729834645,3.6114510947247,312.249));
#6046=CARTESIAN_POINT('Ctrl Pts',(-104.973501788711,14.1376116574218,313.713466094067));
#6047=CARTESIAN_POINT('Ctrl Pts',(-105.00129550402,13.6230381180874,313.713466094067));
#6048=CARTESIAN_POINT('Ctrl Pts',(-105.028242515198,13.0993224207089,313.713466094067));
#6049=CARTESIAN_POINT('Ctrl Pts',(-105.197808848734,9.5833338641622,313.713466094067));
#6050=CARTESIAN_POINT('Ctrl Pts',(-105.288756103691,6.5976816126265,313.713466094067));
#6051=CARTESIAN_POINT('Ctrl Pts',(-105.326729834645,3.61145109472469,313.713466094067));
#6052=CARTESIAN_POINT('Ctrl Pts',(-103.939475127035,14.081760665666,314.749));
#6053=CARTESIAN_POINT('Ctrl Pts',(-103.967171930832,13.5689813487606,314.749));
#6054=CARTESIAN_POINT('Ctrl Pts',(-103.994016143707,13.0472545025923,314.749));
#6055=CARTESIAN_POINT('Ctrl Pts',(-104.162887179311,9.54568307492449,314.749));
#6056=CARTESIAN_POINT('Ctrl Pts',(-104.253461624822,6.57226941053978,314.749));
#6057=CARTESIAN_POINT('Ctrl Pts',(-104.291279643376,3.59828402450849,314.749));
#6058=CARTESIAN_POINT('Ctrl Pts',(-102.477140598238,14.002775435653,314.749));
#6059=CARTESIAN_POINT('Ctrl Pts',(-102.504700348435,13.4925335324398,314.749));
#6060=CARTESIAN_POINT('Ctrl Pts',(-102.531399182589,12.9736193466271,314.749));
#6061=CARTESIAN_POINT('Ctrl Pts',(-102.699286918371,9.49243681815123,314.749));
#6062=CARTESIAN_POINT('Ctrl Pts',(-102.789334131989,6.53633112970092,314.749));
#6063=CARTESIAN_POINT('Ctrl Pts',(-102.826931939722,3.579662975232,314.749));
#6064=CARTESIAN_POINT('Origin',(-102.711710194611,8.62909679024829,312.248999984846));
#6065=CARTESIAN_POINT('Origin',(-124.25672026264,5.48325745535044,275.154437906651));
#6066=CARTESIAN_POINT('',(-113.428262580259,8.96568013009353,275.154437906651));
#6067=CARTESIAN_POINT('Origin',(4.96031059532802E-15,-2.392219633754E-16,
275.15443790665));
#6068=CARTESIAN_POINT('',(-106.212645716843,8.61769102742385,275.154437906651));
#6069=CARTESIAN_POINT('',(-124.064035353717,9.47861382567251,275.154437906651));
#6070=CARTESIAN_POINT('',(-106.20981461175,8.74427314579891,275.154437906651));
#6071=CARTESIAN_POINT('Origin',(-100.213064188938,8.54682855482569,275.154437906651));
#6072=CARTESIAN_POINT('Origin',(147.218398488066,0.400131632075702,275.154437906651));
#6073=CARTESIAN_POINT('Origin',(-124.113174524782,5.4763346442513,283.154437906651));
#6074=CARTESIAN_POINT('',(-106.212645716843,8.61769102742385,283.154437906651));
#6075=CARTESIAN_POINT('',(-113.428262580259,8.96568013009353,283.154437906651));
#6076=CARTESIAN_POINT('',(-114.479489609304,9.01637788157673,283.154437906651));
#6077=CARTESIAN_POINT('Origin',(-1.62589604838835E-15,7.84124375812489E-17,
283.154437906651));
#6078=CARTESIAN_POINT('',(-106.20981461175,8.74427314579891,283.154437906651));
#6079=CARTESIAN_POINT('Origin',(147.218398116563,0.400131647169422,283.154437906651));
#6080=CARTESIAN_POINT('Origin',(-100.213064188938,8.54682855482569,283.154437906651));
#6081=CARTESIAN_POINT('Origin',(-41.3470576598425,0.584436556610253,268.654437906651));
#6082=CARTESIAN_POINT('',(-41.3444049817976,0.584433962035269,267.654437906651));
#6083=CARTESIAN_POINT('',(-103.186129354978,0.644921133251587,267.654437906651));
#6084=CARTESIAN_POINT('',(-41.3470576598425,0.584436556610253,267.654437906651));
#6085=CARTESIAN_POINT('',(-104.186136830629,0.64589923701584,268.654437906651));
#6086=CARTESIAN_POINT('Ctrl Pts',(-103.186129354978,0.644921133251584,267.654437906651));
#6087=CARTESIAN_POINT('Ctrl Pts',(-103.225992289298,0.644960123046222,267.654437906651));
#6088=CARTESIAN_POINT('Ctrl Pts',(-103.265628386986,0.644998890972757,267.65684657447));
#6089=CARTESIAN_POINT('Ctrl Pts',(-103.30487062708,0.645037273668575,267.661555879553));
#6090=CARTESIAN_POINT('Ctrl Pts',(-103.344671434671,0.645076202697281,267.666332216099));
#6091=CARTESIAN_POINT('Ctrl Pts',(-103.384068085504,0.645114736421695,267.673475265626));
#6092=CARTESIAN_POINT('Ctrl Pts',(-103.422891177918,0.645152709150655,267.682925923165));
#6093=CARTESIAN_POINT('Ctrl Pts',(-103.46157888836,0.645190549462988,267.692343624837));
#6094=CARTESIAN_POINT('Ctrl Pts',(-103.499698026452,0.645227833656723,267.704053091859));
#6095=CARTESIAN_POINT('Ctrl Pts',(-103.537070810748,0.645264387844456,267.718045906821));
#6096=CARTESIAN_POINT('Ctrl Pts',(-103.547712434031,0.645274796378437,267.722030257152));
#6097=CARTESIAN_POINT('Ctrl Pts',(-103.558293429826,0.645285145612886,267.7262000383));
#6098=CARTESIAN_POINT('Ctrl Pts',(-103.568809368943,0.645295431215629,267.730555766105));
#6099=CARTESIAN_POINT('Ctrl Pts',(-103.629333601602,0.645354629752874,267.755625051896));
#6100=CARTESIAN_POINT('Ctrl Pts',(-103.686747258752,0.645410785847254,267.786307182985));
#6101=CARTESIAN_POINT('Ctrl Pts',(-103.741078698607,0.645463927235828,267.822550989199));
#6102=CARTESIAN_POINT('Ctrl Pts',(-103.795410138334,0.645517068624276,267.858794795327));
#6103=CARTESIAN_POINT('Ctrl Pts',(-103.84686613871,0.645567397555683,267.900989420141));
#6104=CARTESIAN_POINT('Ctrl Pts',(-103.892987179596,0.645612508382152,267.947076966953));
#6105=CARTESIAN_POINT('Ctrl Pts',(-103.922315641716,0.645641194446904,267.976384130123));
#6106=CARTESIAN_POINT('Ctrl Pts',(-103.94976910029,0.645668046577338,268.007550577994));
#6107=CARTESIAN_POINT('Ctrl Pts',(-103.975215066369,0.645692935186485,268.040299184044));
#6108=CARTESIAN_POINT('Ctrl Pts',(-104.000673567852,0.645717836056465,268.073063922986));
#6109=CARTESIAN_POINT('Ctrl Pts',(-104.024123319941,0.645740772175789,268.107413489031));
#6110=CARTESIAN_POINT('Ctrl Pts',(-104.04539320976,0.645761576179561,268.143104049306));
#6111=CARTESIAN_POINT('Ctrl Pts',(-104.064366731215,0.645780134113582,268.174941337457));
#6112=CARTESIAN_POINT('Ctrl Pts',(-104.08160551737,0.645796995309162,268.207846674512));
#6113=CARTESIAN_POINT('Ctrl Pts',(-104.096955118872,0.645812008699935,268.241658860059));
#6114=CARTESIAN_POINT('Ctrl Pts',(-104.101352274704,0.645816309542455,268.251344938804));
#6115=CARTESIAN_POINT('Ctrl Pts',(-104.105596199764,0.645820460510499,268.261110399088));
#6116=CARTESIAN_POINT('Ctrl Pts',(-104.109675856555,0.645824450808334,268.270934822018));
#6117=CARTESIAN_POINT('Ctrl Pts',(-104.112372572828,0.645827088456954,268.277428917612));
#6118=CARTESIAN_POINT('Ctrl Pts',(-104.115001074814,0.64582965938542,268.283956697277));
#6119=CARTESIAN_POINT('Ctrl Pts',(-104.117559232745,0.645832161510618,268.290511885523));
#6120=CARTESIAN_POINT('Ctrl Pts',(-104.133011211093,0.645847275035822,268.330107027626));
#6121=CARTESIAN_POINT('Ctrl Pts',(-104.145907467509,0.645859888818471,268.370714342448));
#6122=CARTESIAN_POINT('Ctrl Pts',(-104.156206247045,0.645869962018199,268.412014208686));
#6123=CARTESIAN_POINT('Ctrl Pts',(-104.166515077462,0.645880045048657,268.453354380671));
#6124=CARTESIAN_POINT('Ctrl Pts',(-104.174221685004,0.645887582854155,268.495389712442));
#6125=CARTESIAN_POINT('Ctrl Pts',(-104.179236963809,0.645892488280561,268.537819504519));
#6126=CARTESIAN_POINT('Ctrl Pts',(-104.183801951383,0.645896953278712,268.576439784895));
#6127=CARTESIAN_POINT('Ctrl Pts',(-104.186136830608,0.6458992370158,268.615387795298));
#6128=CARTESIAN_POINT('Ctrl Pts',(-104.186136830611,0.645899237015802,268.654437906651));
#6129=CARTESIAN_POINT('',(-104.186136830629,0.64589923701584,289.654437906651));
#6130=CARTESIAN_POINT('',(-104.186136830629,0.64589923701584,268.654437906651));
#6131=CARTESIAN_POINT('',(-103.186129354978,0.644921133251587,290.654437906651));
#6132=CARTESIAN_POINT('Ctrl Pts',(-104.186136830629,0.645899237015846,289.654437906651));
#6133=CARTESIAN_POINT('Ctrl Pts',(-104.186136830629,0.645899237015846,289.694299728929));
#6134=CARTESIAN_POINT('Ctrl Pts',(-104.183728232268,0.645896881174334,289.733934733668));
#6135=CARTESIAN_POINT('Ctrl Pts',(-104.179019075427,0.645892275164736,289.773175895043));
#6136=CARTESIAN_POINT('Ctrl Pts',(-104.174242876272,0.645887603581288,289.81297571656));
#6137=CARTESIAN_POINT('Ctrl Pts',(-104.167100032324,0.645880617190964,289.8523713938));
#6138=CARTESIAN_POINT('Ctrl Pts',(-104.157649658861,0.645871373814209,289.891193519895));
#6139=CARTESIAN_POINT('Ctrl Pts',(-104.148232224582,0.645862162655151,289.929880331855));
#6140=CARTESIAN_POINT('Ctrl Pts',(-104.136523095243,0.645850709997287,289.967998576846));
#6141=CARTESIAN_POINT('Ctrl Pts',(-104.122530698617,0.645837024083787,290.005370467946));
#6142=CARTESIAN_POINT('Ctrl Pts',(-104.118545278902,0.645833125958903,290.016015011233));
#6143=CARTESIAN_POINT('Ctrl Pts',(-104.114374324284,0.645829046362988,290.026598890858));
#6144=CARTESIAN_POINT('Ctrl Pts',(-104.110017318659,0.645824784791243,290.03711767351));
#6145=CARTESIAN_POINT('Ctrl Pts',(-104.084947552847,0.645800264142242,290.097641675635));
#6146=CARTESIAN_POINT('Ctrl Pts',(-104.054264864219,0.645770253513338,290.15505505729));
#6147=CARTESIAN_POINT('Ctrl Pts',(-104.018020434792,0.645734802965498,290.209386183313));
#6148=CARTESIAN_POINT('Ctrl Pts',(-103.981776005457,0.645699352417748,290.2637173092));
#6149=CARTESIAN_POINT('Ctrl Pts',(-103.939580811659,0.645658081448381,290.315172782353));
#6150=CARTESIAN_POINT('Ctrl Pts',(-103.893492766504,0.645613002894919,290.36129326524));
#6151=CARTESIAN_POINT('Ctrl Pts',(-103.864185938281,0.645584337990205,290.390620720222));
#6152=CARTESIAN_POINT('Ctrl Pts',(-103.833019934342,0.645553854632318,290.418073233177));
#6153=CARTESIAN_POINT('Ctrl Pts',(-103.800271867661,0.645521823864476,290.443518344723));
#6154=CARTESIAN_POINT('Ctrl Pts',(-103.767507522054,0.645489777174274,290.468976104926));
#6155=CARTESIAN_POINT('Ctrl Pts',(-103.733158430731,0.64545618044991,290.492425188944));
#6156=CARTESIAN_POINT('Ctrl Pts',(-103.697468416031,0.645421272173147,290.513694511471));
#6157=CARTESIAN_POINT('Ctrl Pts',(-103.665629185072,0.6453901303343,290.532668974719));
#6158=CARTESIAN_POINT('Ctrl Pts',(-103.632721798626,0.645357943736362,290.549908518529));
#6159=CARTESIAN_POINT('Ctrl Pts',(-103.598907486129,0.64532487007727,290.565258676608));
#6160=CARTESIAN_POINT('Ctrl Pts',(-103.589221790892,0.64531539653312,290.569655541191));
#6161=CARTESIAN_POINT('Ctrl Pts',(-103.579456722799,0.645305845354662,290.573899190303));
#6162=CARTESIAN_POINT('Ctrl Pts',(-103.569632700352,0.645296236513158,290.577978587282));
#6163=CARTESIAN_POINT('Ctrl Pts',(-103.563138210687,0.645289884275857,290.580675405378));
#6164=CARTESIAN_POINT('Ctrl Pts',(-103.556610033352,0.645283499088765,290.583304002276));
#6165=CARTESIAN_POINT('Ctrl Pts',(-103.55005444564,0.645277087091681,290.585862247714));
#6166=CARTESIAN_POINT('Ctrl Pts',(-103.510461097582,0.645238360978409,290.601313112916));
#6167=CARTESIAN_POINT('Ctrl Pts',(-103.469855708501,0.645198644991403,290.614208537357));
#6168=CARTESIAN_POINT('Ctrl Pts',(-103.428557851666,0.645158251704143,290.62450679187));
#6169=CARTESIAN_POINT('Ctrl Pts',(-103.387219723368,0.645117819027508,290.634815088691));
#6170=CARTESIAN_POINT('Ctrl Pts',(-103.345186520173,0.645076706500583,290.642521474205));
#6171=CARTESIAN_POINT('Ctrl Pts',(-103.302758893715,0.645035208189662,290.647536868108));
#6172=CARTESIAN_POINT('Ctrl Pts',(-103.264134944916,0.644997430242367,290.652102627107));
#6173=CARTESIAN_POINT('Ctrl Pts',(-103.225183200908,0.64495933167974,290.654437906651));
#6174=CARTESIAN_POINT('Ctrl Pts',(-103.186129354978,0.644921133251585,290.654437906651));
#6175=CARTESIAN_POINT('',(-41.3444049817976,0.584433962035268,290.654437906651));
#6176=CARTESIAN_POINT('',(-41.3470576598425,0.584436556610253,290.654437906651));
#6177=CARTESIAN_POINT('',(-40.3443912979416,0.583455852198792,289.654437906651));
#6178=CARTESIAN_POINT('Ctrl Pts',(-41.3444049817976,0.584433962035268,290.654437906651));
#6179=CARTESIAN_POINT('Ctrl Pts',(-41.3045415176452,0.584394971722403,290.654437906651));
#6180=CARTESIAN_POINT('Ctrl Pts',(-41.2649048980264,0.58435620328537,290.652029208436));
#6181=CARTESIAN_POINT('Ctrl Pts',(-41.2256621421052,0.584317820085023,290.647319839194));
#6182=CARTESIAN_POINT('Ctrl Pts',(-41.1858608524511,0.584278890584814,290.642543442509));
#6183=CARTESIAN_POINT('Ctrl Pts',(-41.1464637250128,0.584240356394233,290.635400303006));
#6184=CARTESIAN_POINT('Ctrl Pts',(-41.1076401595226,0.58420238320256,290.625949521923));
#6185=CARTESIAN_POINT('Ctrl Pts',(-41.0689519999119,0.584164542450897,290.616531702556));
#6186=CARTESIAN_POINT('Ctrl Pts',(-41.0308324155223,0.58412725782064,290.604822087152));
#6187=CARTESIAN_POINT('Ctrl Pts',(-40.9934591857851,0.584090703197221,290.590829089383));
#6188=CARTESIAN_POINT('Ctrl Pts',(-40.9828185724633,0.584080295651081,290.586845112629));
#6189=CARTESIAN_POINT('Ctrl Pts',(-40.9722385737496,0.584069947391873,290.582675741877));
#6190=CARTESIAN_POINT('Ctrl Pts',(-40.9617236173574,0.584059662750329,290.57832046138));
#6191=CARTESIAN_POINT('Ctrl Pts',(-40.9011990968497,0.584000463931541,290.553251288109));
#6192=CARTESIAN_POINT('Ctrl Pts',(-40.8437851443472,0.583944307548298,290.522569283763));
#6193=CARTESIAN_POINT('Ctrl Pts',(-40.7894534039815,0.583891165865797,290.486325614308));
#6194=CARTESIAN_POINT('Ctrl Pts',(-40.7351216637449,0.583838024183422,290.450081944939));
#6195=CARTESIAN_POINT('Ctrl Pts',(-40.6836652891282,0.583787694885945,290.407887419338));
#6196=CARTESIAN_POINT('Ctrl Pts',(-40.6375438788529,0.583742583698177,290.361799933307));
#6197=CARTESIAN_POINT('Ctrl Pts',(-40.6082149479167,0.583713897174877,290.332492575037));
#6198=CARTESIAN_POINT('Ctrl Pts',(-40.5807610477484,0.58368704461252,290.30132588685));
#6199=CARTESIAN_POINT('Ctrl Pts',(-40.5553146790933,0.583662155609613,290.268577000733));
#6200=CARTESIAN_POINT('Ctrl Pts',(-40.5298558200101,0.583637254389863,290.235812039724));
#6201=CARTESIAN_POINT('Ctrl Pts',(-40.5064057422397,0.583614317951989,290.201462217445));
#6202=CARTESIAN_POINT('Ctrl Pts',(-40.4851355696588,0.583593513671646,290.165771371032));
#6203=CARTESIAN_POINT('Ctrl Pts',(-40.4661623106946,0.583574955994364,290.133934691331));
#6204=CARTESIAN_POINT('Ctrl Pts',(-40.448923727211,0.583558094997015,290.101029996868));
#6205=CARTESIAN_POINT('Ctrl Pts',(-40.4335742633962,0.583543081740913,290.067218478097));
#6206=CARTESIAN_POINT('Ctrl Pts',(-40.4291769842564,0.583538780777786,290.057532231855));
#6207=CARTESIAN_POINT('Ctrl Pts',(-40.4249329420443,0.583534629695155,290.047766600641));
#6208=CARTESIAN_POINT('Ctrl Pts',(-40.4208531745792,0.583530639289071,290.037942003479));
#6209=CARTESIAN_POINT('Ctrl Pts',(-40.4181564851823,0.583528001666739,290.031448033609));
#6210=CARTESIAN_POINT('Ctrl Pts',(-40.4155280077929,0.583525430762329,290.024920380867));
#6211=CARTESIAN_POINT('Ctrl Pts',(-40.4129698719979,0.583522928658783,290.018365320083));
#6212=CARTESIAN_POINT('Ctrl Pts',(-40.3975174239988,0.583507814674215,289.978769401798));
#6213=CARTESIAN_POINT('Ctrl Pts',(-40.3846208111293,0.583495200542918,289.938161258609));
#6214=CARTESIAN_POINT('Ctrl Pts',(-40.3743217984032,0.583485127115106,289.896860530476));
#6215=CARTESIAN_POINT('Ctrl Pts',(-40.3640127314874,0.583475043853327,289.855519483395));
#6216=CARTESIAN_POINT('Ctrl Pts',(-40.3563060124869,0.583467505938811,289.81348324253));
#6217=CARTESIAN_POINT('Ctrl Pts',(-40.3512907572477,0.583462600535452,289.77105252592));
#6218=CARTESIAN_POINT('Ctrl Pts',(-40.346726037864,0.583458135799615,289.732433491528));
#6219=CARTESIAN_POINT('Ctrl Pts',(-40.3443912979416,0.583455852198779,289.693486749803));
#6220=CARTESIAN_POINT('Ctrl Pts',(-40.3443912979416,0.583455852198779,289.654437906651));
#6221=CARTESIAN_POINT('',(-40.3443912979416,0.583455852198792,268.654437906651));
#6222=CARTESIAN_POINT('',(-40.3443912979416,0.583455852198792,268.654437906651));
#6223=CARTESIAN_POINT('Ctrl Pts',(-40.3443912979416,0.583455852198792,268.654437906651));
#6224=CARTESIAN_POINT('Ctrl Pts',(-40.3443912979416,0.583455852198792,268.614576436407));
#6225=CARTESIAN_POINT('Ctrl Pts',(-40.3467998732575,0.583458208017763,268.574941776538));
#6226=CARTESIAN_POINT('Ctrl Pts',(-40.3515089801872,0.583462813978544,268.535700954863));
#6227=CARTESIAN_POINT('Ctrl Pts',(-40.3562851338239,0.583467485517472,268.495901435348));
#6228=CARTESIAN_POINT('Ctrl Pts',(-40.3634279096818,0.583474471841198,268.456506055643));
#6229=CARTESIAN_POINT('Ctrl Pts',(-40.3728781882784,0.583483715125166,268.41768422474));
#6230=CARTESIAN_POINT('Ctrl Pts',(-40.3822955345047,0.5834929261981,268.378997680315));
#6231=CARTESIAN_POINT('Ctrl Pts',(-40.3940045523649,0.583504378746929,268.340879701296));
#6232=CARTESIAN_POINT('Ctrl Pts',(-40.4079968098797,0.583518064524365,268.303508076828));
#6233=CARTESIAN_POINT('Ctrl Pts',(-40.4119826919894,0.583521963101515,268.292862268657));
#6234=CARTESIAN_POINT('Ctrl Pts',(-40.4161541534979,0.583526043193218,268.282277139482));
#6235=CARTESIAN_POINT('Ctrl Pts',(-40.4205117106251,0.583530305304385,268.27175712435));
#6236=CARTESIAN_POINT('Ctrl Pts',(-40.4455817476454,0.583554826218655,268.211233036864));
#6237=CARTESIAN_POINT('Ctrl Pts',(-40.4762647562611,0.583584837160524,268.153819596464));
#6238=CARTESIAN_POINT('Ctrl Pts',(-40.5125095493115,0.583620288064022,268.099488435508));
#6239=CARTESIAN_POINT('Ctrl Pts',(-40.5487543422764,0.583655738967437,268.04515727468));
#6240=CARTESIAN_POINT('Ctrl Pts',(-40.5909498974213,0.583697010290235,267.993701858591));
#6241=CARTESIAN_POINT('Ctrl Pts',(-40.6370382886714,0.583742089182211,267.947581459665));
#6242=CARTESIAN_POINT('Ctrl Pts',(-40.6663450653495,0.583770754036509,267.918254329883));
#6243=CARTESIAN_POINT('Ctrl Pts',(-40.6975109789983,0.583801237306082,267.890802121045));
#6244=CARTESIAN_POINT('Ctrl Pts',(-40.7302589215216,0.583833267952483,267.865357281227));
#6245=CARTESIAN_POINT('Ctrl Pts',(-40.7630231992497,0.58386531457629,267.83989974911));
#6246=CARTESIAN_POINT('Ctrl Pts',(-40.7973721942386,0.583898911206428,267.816450867675));
#6247=CARTESIAN_POINT('Ctrl Pts',(-40.8330620878835,0.583933819364784,267.795181711678));
#6248=CARTESIAN_POINT('Ctrl Pts',(-40.8649022381364,0.583964962102787,267.776206784787));
#6249=CARTESIAN_POINT('Ctrl Pts',(-40.8978105931101,0.583997149648037,267.758966860414));
#6250=CARTESIAN_POINT('Ctrl Pts',(-40.9316259105917,0.5840302242901,267.743616412791));
#6251=CARTESIAN_POINT('Ctrl Pts',(-40.9413114698489,0.584039697701249,267.739219657677));
#6252=CARTESIAN_POINT('Ctrl Pts',(-40.9510763985282,0.584049248743347,267.734976111923));
#6253=CARTESIAN_POINT('Ctrl Pts',(-40.9609002782728,0.584058857445274,267.730896811863));
#6254=CARTESIAN_POINT('Ctrl Pts',(-40.9673949591925,0.58406520986964,267.728199939248));
#6255=CARTESIAN_POINT('Ctrl Pts',(-40.9739233294602,0.584071595245439,267.725571291065));
#6256=CARTESIAN_POINT('Ctrl Pts',(-40.9804791109906,0.584078007432096,267.7230129978));
#6257=CARTESIAN_POINT('Ctrl Pts',(-41.0200718608546,0.584116732960277,267.707562533984));
#6258=CARTESIAN_POINT('Ctrl Pts',(-41.0606766022436,0.584156448313781,267.694667404814));
#6259=CARTESIAN_POINT('Ctrl Pts',(-41.1019737802663,0.5841968409371,267.684369329714));
#6260=CARTESIAN_POINT('Ctrl Pts',(-41.1433112132287,0.584237272933632,267.674061216437));
#6261=CARTESIAN_POINT('Ctrl Pts',(-41.1853436893819,0.584278384749444,267.666354896406));
#6262=CARTESIAN_POINT('Ctrl Pts',(-41.2277705754797,0.584319882336223,267.661339440238));
#6263=CARTESIAN_POINT('Ctrl Pts',(-41.2663961279911,0.584357661852107,267.656773355299));
#6264=CARTESIAN_POINT('Ctrl Pts',(-41.3053495033964,0.584395762010399,267.654437906651));
#6265=CARTESIAN_POINT('Ctrl Pts',(-41.3444049817976,0.584433962035268,267.654437906651));
#6266=CARTESIAN_POINT('Ctrl Pts',(-39.0797205849402,10.3877938614622,268.654437906651));
#6267=CARTESIAN_POINT('Ctrl Pts',(-39.0975841804416,10.0525127793286,268.654437906651));
#6268=CARTESIAN_POINT('Ctrl Pts',(-39.1145606004096,9.71892758792052,268.654437906651));
#6269=CARTESIAN_POINT('Ctrl Pts',(-39.2719869131949,6.45466454927105,268.654437906651));
#6270=CARTESIAN_POINT('Ctrl Pts',(-39.3441872237691,3.51817538511594,268.654437906651));
#6271=CARTESIAN_POINT('Ctrl Pts',(-39.3470586165145,0.582480364641281,268.654437906651));
#6272=CARTESIAN_POINT('Ctrl Pts',(-39.0797205849402,10.3877938614622,267.482865031397));
#6273=CARTESIAN_POINT('Ctrl Pts',(-39.0975841804416,10.0525127793286,267.482865031397));
#6274=CARTESIAN_POINT('Ctrl Pts',(-39.1145606004096,9.71892758792052,267.482865031397));
#6275=CARTESIAN_POINT('Ctrl Pts',(-39.2719869131949,6.45466454927105,267.482865031397));
#6276=CARTESIAN_POINT('Ctrl Pts',(-39.3441872237691,3.51817538511594,267.482865031397));
#6277=CARTESIAN_POINT('Ctrl Pts',(-39.3470586165145,0.582480364641281,267.482865031397));
#6278=CARTESIAN_POINT('Ctrl Pts',(-39.9069743786938,10.4318694979929,266.654437906651));
#6279=CARTESIAN_POINT('Ctrl Pts',(-39.9249075875179,10.0952818464496,266.654437906651));
#6280=CARTESIAN_POINT('Ctrl Pts',(-39.9419549307636,9.76030753035628,266.654437906651));
#6281=CARTESIAN_POINT('Ctrl Pts',(-40.1000804697648,6.48154590974838,266.654437906651));
#6282=CARTESIAN_POINT('Ctrl Pts',(-40.1726011980468,3.53202548665133,266.654437906651));
#6283=CARTESIAN_POINT('Ctrl Pts',(-40.1754853449942,0.583290645885434,266.654437906651));
#6284=CARTESIAN_POINT('Ctrl Pts',(-41.0768879133447,10.4942018609449,266.654437906651));
#6285=CARTESIAN_POINT('Ctrl Pts',(-41.0949195702584,10.1557664412214,266.654437906651));
#6286=CARTESIAN_POINT('Ctrl Pts',(-41.1120672141819,9.81882760615926,266.654437906651));
#6287=CARTESIAN_POINT('Ctrl Pts',(-41.2711816083699,6.51956189430943,266.654437906651));
#6288=CARTESIAN_POINT('Ctrl Pts',(-41.3441554757461,3.55161248808372,266.654437906651));
#6289=CARTESIAN_POINT('Ctrl Pts',(-41.3470576598425,0.584436556610253,266.654437906651));
#6290=CARTESIAN_POINT('',(-39.3421389006634,1.7669048056489,268.654437906651));
#6291=CARTESIAN_POINT('',(-39.3434331193097,1.57714393119328,268.654437906651));
#6292=CARTESIAN_POINT('Origin',(56.5462157751519,2.64000774592357,268.654437906651));
#6293=CARTESIAN_POINT('',(-41.3419660815225,1.79772234285204,266.654437906651));
#6294=CARTESIAN_POINT('Origin',(-41.3419349514042,1.79767850738303,268.654470722247));
#6295=CARTESIAN_POINT('',(-41.3434268858131,1.58443348370009,266.654437906651));
#6296=CARTESIAN_POINT('Origin',(56.0686017906853,2.62937901703415,266.654437906651));
#6297=CARTESIAN_POINT('Ctrl Pts',(-41.3434268858131,1.58443348369928,266.654437906651));
#6298=CARTESIAN_POINT('Ctrl Pts',(-41.2493352691643,1.5840918718547,266.654437906651));
#6299=CARTESIAN_POINT('Ctrl Pts',(-41.1550418244899,1.58374932946414,266.661229368877));
#6300=CARTESIAN_POINT('Ctrl Pts',(-41.0617056903677,1.58341008602375,266.674566530858));
#6301=CARTESIAN_POINT('Ctrl Pts',(-40.9662625906225,1.58306318451746,266.688204765323));
#6302=CARTESIAN_POINT('Ctrl Pts',(-40.8718219002455,1.58271973765411,266.708687394085));
#6303=CARTESIAN_POINT('Ctrl Pts',(-40.7796256641891,1.5823842789941,266.735697687041));
#6304=CARTESIAN_POINT('Ctrl Pts',(-40.710457737704,1.58213260950164,266.755961485624));
#6305=CARTESIAN_POINT('Ctrl Pts',(-40.6425532663312,1.58188543680296,266.779898141393));
#6306=CARTESIAN_POINT('Ctrl Pts',(-40.5764303096278,1.58164465242536,266.807355715037));
#6307=CARTESIAN_POINT('Ctrl Pts',(-40.5764290807336,1.58164464795038,266.807356225336));
#6308=CARTESIAN_POINT('Ctrl Pts',(-40.5764278518398,1.58164464347541,266.807356735636));
#6309=CARTESIAN_POINT('Ctrl Pts',(-40.5764266229465,1.58164463900044,266.807357245937));
#6310=CARTESIAN_POINT('Ctrl Pts',(-40.3359749950903,1.58076904300007,266.907205419397));
#6311=CARTESIAN_POINT('Ctrl Pts',(-40.1130663280143,1.57995604795316,267.056244774609));
#6312=CARTESIAN_POINT('Ctrl Pts',(-39.9287172227854,1.57928305102915,267.240725009936));
#6313=CARTESIAN_POINT('Ctrl Pts',(-39.9287159413879,1.57928304635119,267.240726292245));
#6314=CARTESIAN_POINT('Ctrl Pts',(-39.9287146599919,1.57928304167324,267.240727574556));
#6315=CARTESIAN_POINT('Ctrl Pts',(-39.9287133785974,1.5792830369953,267.240728856869));
#6316=CARTESIAN_POINT('Ctrl Pts',(-39.8365395770458,1.57894654127004,267.332968736212));
#6317=CARTESIAN_POINT('Ctrl Pts',(-39.7521512259188,1.57863828298456,267.435878251593));
#6318=CARTESIAN_POINT('Ctrl Pts',(-39.6796639448886,1.57837339877877,267.544538960933));
#6319=CARTESIAN_POINT('Ctrl Pts',(-39.6796630206162,1.57837339540128,267.544540346447));
#6320=CARTESIAN_POINT('Ctrl Pts',(-39.6796620963456,1.57837339202379,267.544541731961));
#6321=CARTESIAN_POINT('Ctrl Pts',(-39.6796611720768,1.57837338864631,267.544543117477));
#6322=CARTESIAN_POINT('Ctrl Pts',(-39.6071739577983,1.57810850468165,267.653204309167));
#6323=CARTESIAN_POINT('Ctrl Pts',(-39.5458099357266,1.57788415733901,267.768029789553));
#6324=CARTESIAN_POINT('Ctrl Pts',(-39.4956713779642,1.57770080844517,267.889076339977));
#6325=CARTESIAN_POINT('Ctrl Pts',(-39.4956708886901,1.57770080665597,267.889077521203));
#6326=CARTESIAN_POINT('Ctrl Pts',(-39.495670399417,1.57770080486678,267.889078702429));
#6327=CARTESIAN_POINT('Ctrl Pts',(-39.4956699101451,1.57770080307759,267.889079883656));
#6328=CARTESIAN_POINT('Ctrl Pts',(-39.4760236648933,1.57762895981939,267.936510910415));
#6329=CARTESIAN_POINT('Ctrl Pts',(-39.45817410588,1.57756368038293,267.984844715519));
#6330=CARTESIAN_POINT('Ctrl Pts',(-39.4422238293604,1.57750534242665,268.03378203412));
#6331=CARTESIAN_POINT('Ctrl Pts',(-39.4261822685731,1.57744667059918,268.082999423557));
#6332=CARTESIAN_POINT('Ctrl Pts',(-39.4120619594598,1.577395020556,268.13282661097));
#6333=CARTESIAN_POINT('Ctrl Pts',(-39.399917086296,1.57735059306275,268.182943295751));
#6334=CARTESIAN_POINT('Ctrl Pts',(-39.3933193959772,1.57732645787104,268.210169135126));
#6335=CARTESIAN_POINT('Ctrl Pts',(-39.3873038106836,1.57730445096037,268.237480193812));
#6336=CARTESIAN_POINT('Ctrl Pts',(-39.3818726345747,1.57728458117159,268.2648242176));
#6337=CARTESIAN_POINT('Ctrl Pts',(-39.3716497891354,1.57724718120966,268.316292577909));
#6338=CARTESIAN_POINT('Ctrl Pts',(-39.3634468635797,1.57721716780187,268.368103325892));
#6339=CARTESIAN_POINT('Ctrl Pts',(-39.3572751189187,1.57719458475666,268.420263037436));
#6340=CARTESIAN_POINT('Ctrl Pts',(-39.3511880271996,1.57717231146522,268.471707315456));
#6341=CARTESIAN_POINT('Ctrl Pts',(-39.3470767395622,1.57715726594919,268.523491691182));
#6342=CARTESIAN_POINT('Ctrl Pts',(-39.3450022936593,1.57714967406837,268.575624101772));
#6343=CARTESIAN_POINT('Ctrl Pts',(-39.3439604081368,1.57714586106427,268.60180748104));
#6344=CARTESIAN_POINT('Ctrl Pts',(-39.3434331193098,1.57714393118053,268.628078619796));
#6345=CARTESIAN_POINT('Ctrl Pts',(-39.3434331193097,1.57714393119237,268.654437906651));
#6346=CARTESIAN_POINT('Ctrl Pts',(-39.0797205849402,10.3877938614622,289.654437906651));
#6347=CARTESIAN_POINT('Ctrl Pts',(-39.0797205849402,10.3877938614622,264.454437906651));
#6348=CARTESIAN_POINT('Ctrl Pts',(-39.0975841804416,10.0525127793286,289.654437906651));
#6349=CARTESIAN_POINT('Ctrl Pts',(-39.0975841804416,10.0525127793286,264.454437906651));
#6350=CARTESIAN_POINT('Ctrl Pts',(-39.1145606004096,9.71892758792052,289.654437906651));
#6351=CARTESIAN_POINT('Ctrl Pts',(-39.1145606004096,9.71892758792052,264.454437906651));
#6352=CARTESIAN_POINT('Ctrl Pts',(-39.2719869131949,6.45466454927105,289.654437906651));
#6353=CARTESIAN_POINT('Ctrl Pts',(-39.2719869131949,6.45466454927105,264.454437906651));
#6354=CARTESIAN_POINT('Ctrl Pts',(-39.3441872237691,3.51817538511594,289.654437906651));
#6355=CARTESIAN_POINT('Ctrl Pts',(-39.3441872237691,3.51817538511594,264.454437906651));
#6356=CARTESIAN_POINT('Ctrl Pts',(-39.3470586165145,0.582480364641281,289.654437906651));
#6357=CARTESIAN_POINT('Ctrl Pts',(-39.3470586165145,0.582480364641281,264.454437906651));
#6358=CARTESIAN_POINT('',(-39.3421389006634,1.7669048056489,289.654437906651));
#6359=CARTESIAN_POINT('',(-39.3434331193097,1.57714393119328,289.654437906651));
#6360=CARTESIAN_POINT('Origin',(55.9883597936165,2.63446820903901,289.654437906651));
#6361=CARTESIAN_POINT('',(-39.3421389006634,1.76690480564712,289.654437906651));
#6362=CARTESIAN_POINT('',(-39.3434331193097,1.57714393119237,268.654437906651));
#6363=CARTESIAN_POINT('Ctrl Pts',(-41.0768879133447,10.4942018609449,291.654437906651));
#6364=CARTESIAN_POINT('Ctrl Pts',(-41.0949195702584,10.1557664412214,291.654437906651));
#6365=CARTESIAN_POINT('Ctrl Pts',(-41.1120672141819,9.81882760615926,291.654437906651));
#6366=CARTESIAN_POINT('Ctrl Pts',(-41.2711816083699,6.51956189430943,291.654437906651));
#6367=CARTESIAN_POINT('Ctrl Pts',(-41.3441554757461,3.55161248808372,291.654437906651));
#6368=CARTESIAN_POINT('Ctrl Pts',(-41.3470576598425,0.584436556610253,291.654437906651));
#6369=CARTESIAN_POINT('Ctrl Pts',(-39.9069743786938,10.4318694979929,291.654437906651));
#6370=CARTESIAN_POINT('Ctrl Pts',(-39.9249075875179,10.0952818464496,291.654437906651));
#6371=CARTESIAN_POINT('Ctrl Pts',(-39.9419549307636,9.76030753035628,291.654437906651));
#6372=CARTESIAN_POINT('Ctrl Pts',(-40.1000804697648,6.48154590974838,291.654437906651));
#6373=CARTESIAN_POINT('Ctrl Pts',(-40.1726011980468,3.53202548665133,291.654437906651));
#6374=CARTESIAN_POINT('Ctrl Pts',(-40.1754853449942,0.583290645885434,291.654437906651));
#6375=CARTESIAN_POINT('Ctrl Pts',(-39.0797205849402,10.3877938614622,290.826010781905));
#6376=CARTESIAN_POINT('Ctrl Pts',(-39.0975841804416,10.0525127793286,290.826010781905));
#6377=CARTESIAN_POINT('Ctrl Pts',(-39.1145606004096,9.71892758792052,290.826010781905));
#6378=CARTESIAN_POINT('Ctrl Pts',(-39.2719869131949,6.45466454927105,290.826010781905));
#6379=CARTESIAN_POINT('Ctrl Pts',(-39.3441872237691,3.51817538511594,290.826010781905));
#6380=CARTESIAN_POINT('Ctrl Pts',(-39.3470586165145,0.582480364641281,290.826010781905));
#6381=CARTESIAN_POINT('Ctrl Pts',(-39.0797205849402,10.3877938614622,289.654437906651));
#6382=CARTESIAN_POINT('Ctrl Pts',(-39.0975841804416,10.0525127793286,289.654437906651));
#6383=CARTESIAN_POINT('Ctrl Pts',(-39.1145606004096,9.71892758792052,289.654437906651));
#6384=CARTESIAN_POINT('Ctrl Pts',(-39.2719869131949,6.45466454927105,289.654437906651));
#6385=CARTESIAN_POINT('Ctrl Pts',(-39.3441872237691,3.51817538511594,289.654437906651));
#6386=CARTESIAN_POINT('Ctrl Pts',(-39.3470586165145,0.582480364641281,289.654437906651));
#6387=CARTESIAN_POINT('',(-41.3419660815225,1.79772234285204,291.654437906651));
#6388=CARTESIAN_POINT('',(-41.3434268858131,1.58443348370009,291.654437906651));
#6389=CARTESIAN_POINT('Origin',(56.0686842284059,2.62937972194941,291.654437906651));
#6390=CARTESIAN_POINT('Origin',(-41.3419349179384,1.79767855032389,289.654405123855));
#6391=CARTESIAN_POINT('Ctrl Pts',(-39.3434331193097,1.57714393119237,289.654437906651));
#6392=CARTESIAN_POINT('Ctrl Pts',(-39.3434331193334,1.57714392744332,289.74851586477));
#6393=CARTESIAN_POINT('Ctrl Pts',(-39.3502225096557,1.57716877546006,289.842795457203));
#6394=CARTESIAN_POINT('Ctrl Pts',(-39.3635556601288,1.57721756030975,289.936118137412));
#6395=CARTESIAN_POINT('Ctrl Pts',(-39.3771901246016,1.57726744764142,290.031549803798));
#6396=CARTESIAN_POINT('Ctrl Pts',(-39.397667288785,1.57734236529684,290.125979429008));
#6397=CARTESIAN_POINT('Ctrl Pts',(-39.4246705409716,1.57744113741595,290.218165498754));
#6398=CARTESIAN_POINT('Ctrl Pts',(-39.4449395657461,1.57751527717198,290.287361672557));
#6399=CARTESIAN_POINT('Ctrl Pts',(-39.4688843721212,1.57760285280973,290.355293585591));
#6400=CARTESIAN_POINT('Ctrl Pts',(-39.4963528287166,1.57770330040109,290.421442592375));
#6401=CARTESIAN_POINT('Ctrl Pts',(-39.4963533149576,1.57770330217919,290.421443763331));
#6402=CARTESIAN_POINT('Ctrl Pts',(-39.4963538011996,1.5777033039573,290.421444934287));
#6403=CARTESIAN_POINT('Ctrl Pts',(-39.4963542874428,1.57770330573541,290.421446105242));
#6404=CARTESIAN_POINT('Ctrl Pts',(-39.5962032720183,1.5780684369149,290.661899180903));
#6405=CARTESIAN_POINT('Ctrl Pts',(-39.7452433544405,1.57861325195573,290.884808429859));
#6406=CARTESIAN_POINT('Ctrl Pts',(-39.9297243197168,1.579286727604,291.069157899224));
#6407=CARTESIAN_POINT('Ctrl Pts',(-39.929725675178,1.57928673255231,291.069159253719));
#6408=CARTESIAN_POINT('Ctrl Pts',(-39.9297270306412,1.57928673750064,291.069160608212));
#6409=CARTESIAN_POINT('Ctrl Pts',(-39.9297283861062,1.57928674244897,291.069161962703));
#6410=CARTESIAN_POINT('Ctrl Pts',(-40.0219682228737,1.57962347790995,291.161335508451));
#6411=CARTESIAN_POINT('Ctrl Pts',(-40.1248776653988,1.57999897724175,291.245723540351));
#6412=CARTESIAN_POINT('Ctrl Pts',(-40.2335377026477,1.58039518752852,291.318210240575));
#6413=CARTESIAN_POINT('Ctrl Pts',(-40.2335392425145,1.58039519314339,291.318211267814));
#6414=CARTESIAN_POINT('Ctrl Pts',(-40.2335407823825,1.58039519875825,291.318212295051));
#6415=CARTESIAN_POINT('Ctrl Pts',(-40.2335423222517,1.58039520437312,291.318213322286));
#6416=CARTESIAN_POINT('Ctrl Pts',(-40.3422025793836,1.58079141545436,291.390699723146));
#6417=CARTESIAN_POINT('Ctrl Pts',(-40.4570271328348,1.58120985283361,291.452063166845));
#6418=CARTESIAN_POINT('Ctrl Pts',(-40.5780726684185,1.58165063299834,291.50220123239));
#6419=CARTESIAN_POINT('Ctrl Pts',(-40.5780740999546,1.58165063821119,291.502201825345));
#6420=CARTESIAN_POINT('Ctrl Pts',(-40.5780755314916,1.58165064342405,291.502202418297));
#6421=CARTESIAN_POINT('Ctrl Pts',(-40.5780769630297,1.58165064863691,291.502203011248));
#6422=CARTESIAN_POINT('Ctrl Pts',(-40.6255092844715,1.58182337062959,291.521849744564));
#6423=CARTESIAN_POINT('Ctrl Pts',(-40.6738443649021,1.58199932944458,291.539699669941));
#6424=CARTESIAN_POINT('Ctrl Pts',(-40.7227829571117,1.58217743356355,291.555650192991));
#6425=CARTESIAN_POINT('Ctrl Pts',(-40.7720016462885,1.58235655705029,291.571692007861));
#6426=CARTESIAN_POINT('Ctrl Pts',(-40.8218301322565,1.58253784811855,291.585812448403));
#6427=CARTESIAN_POINT('Ctrl Pts',(-40.8719481325339,1.58272014000539,291.597957332665));
#6428=CARTESIAN_POINT('Ctrl Pts',(-40.8991692550622,1.58281915013668,291.604553712823));
#6429=CARTESIAN_POINT('Ctrl Pts',(-40.9264755678941,1.58291845474601,291.610568184843));
#6430=CARTESIAN_POINT('Ctrl Pts',(-40.9538148509422,1.58301786378274,291.615998445889));
#6431=CARTESIAN_POINT('Ctrl Pts',(-41.0499533148335,1.58336743520606,291.635093934038));
#6432=CARTESIAN_POINT('Ctrl Pts',(-41.1477408324094,1.58372281188091,291.647218860661));
#6433=CARTESIAN_POINT('Ctrl Pts',(-41.2461989131682,1.58408041586945,291.652050535228));
#6434=CARTESIAN_POINT('Ctrl Pts',(-41.2785480182031,1.58419790921176,291.653638016386));
#6435=CARTESIAN_POINT('Ctrl Pts',(-41.3109692183823,1.58431564191902,291.654437906651));
#6436=CARTESIAN_POINT('Ctrl Pts',(-41.3434268858131,1.58443348369928,291.654437906651));
#6437=CARTESIAN_POINT('Origin',(-41.0768879133447,10.4942018609449,291.654437906651));
#6438=CARTESIAN_POINT('',(-103.185151258993,1.6449206549156,291.654437906651));
#6439=CARTESIAN_POINT('',(-41.085602772839,1.58418130684905,291.654437906651));
#6440=CARTESIAN_POINT('',(-103.171140569437,3.32669597728243,291.654437906651));
#6441=CARTESIAN_POINT('Origin',(147.207679763443,0.399870898516085,291.654437906651));
#6442=CARTESIAN_POINT('',(-100.28935567572,2.54731360701162,291.654437906651));
#6443=CARTESIAN_POINT('Origin',(-100.213064188938,8.54682855482568,291.654437906651));
#6444=CARTESIAN_POINT('',(-41.1874997232207,1.7957581060353,291.654437906651));
#6445=CARTESIAN_POINT('Ctrl Pts',(-104.827565878183,13.8908036435926,289.654437906651));
#6446=CARTESIAN_POINT('Ctrl Pts',(-104.850962147585,13.4516800356294,289.654437906651));
#6447=CARTESIAN_POINT('Ctrl Pts',(-104.873575354306,13.0076910533352,289.654437906651));
#6448=CARTESIAN_POINT('Ctrl Pts',(-105.086574233872,8.59112078938364,289.654437906651));
#6449=CARTESIAN_POINT('Ctrl Pts',(-105.184240458856,4.61894317851411,289.654437906651));
#6450=CARTESIAN_POINT('Ctrl Pts',(-105.188125520216,0.646879278598415,289.654437906651));
#6451=CARTESIAN_POINT('Ctrl Pts',(-104.827565878183,13.8908036435926,290.826010781905));
#6452=CARTESIAN_POINT('Ctrl Pts',(-104.850962147585,13.4516800356294,290.826010781905));
#6453=CARTESIAN_POINT('Ctrl Pts',(-104.873575354306,13.0076910533352,290.826010781905));
#6454=CARTESIAN_POINT('Ctrl Pts',(-105.086574233872,8.59112078938364,290.826010781905));
#6455=CARTESIAN_POINT('Ctrl Pts',(-105.184240458856,4.61894317851411,290.826010781905));
#6456=CARTESIAN_POINT('Ctrl Pts',(-105.188125520216,0.646879278598415,290.826010781905));
#6457=CARTESIAN_POINT('Ctrl Pts',(-104.000312084429,13.8467280070619,291.654437906651));
#6458=CARTESIAN_POINT('Ctrl Pts',(-104.02363874052,13.4089109685088,291.654437906651));
#6459=CARTESIAN_POINT('Ctrl Pts',(-104.046181023951,12.9663111108994,291.654437906651));
#6460=CARTESIAN_POINT('Ctrl Pts',(-104.258480677313,8.56423942890631,291.654437906651));
#6461=CARTESIAN_POINT('Ctrl Pts',(-104.355826484556,4.6050930769787,291.654437906651));
#6462=CARTESIAN_POINT('Ctrl Pts',(-104.359698791736,0.646068997354262,291.654437906651));
#6463=CARTESIAN_POINT('Ctrl Pts',(-102.830398549778,13.7843956441099,291.654437906651));
#6464=CARTESIAN_POINT('Ctrl Pts',(-102.853626757788,13.3484263737375,291.654437906651));
#6465=CARTESIAN_POINT('Ctrl Pts',(-102.876068740527,12.9077910350961,291.654437906651));
#6466=CARTESIAN_POINT('Ctrl Pts',(-103.087379538753,8.52622344434805,291.654437906651));
#6467=CARTESIAN_POINT('Ctrl Pts',(-103.184272206812,4.58550607554421,291.654437906651));
#6468=CARTESIAN_POINT('Ctrl Pts',(-103.188126476888,0.644923086629444,291.654437906651));
#6469=CARTESIAN_POINT('Ctrl Pts',(-105.09324376519,7.32444171289375,289.654437906651));
#6470=CARTESIAN_POINT('Ctrl Pts',(-105.093243765406,7.32444170501586,289.667838704695));
#6471=CARTESIAN_POINT('Ctrl Pts',(-105.093128223809,7.32351358007491,289.681231403954));
#6472=CARTESIAN_POINT('Ctrl Pts',(-105.09290253917,7.32175060797457,289.694543179455));
#6473=CARTESIAN_POINT('Ctrl Pts',(-105.09261835074,7.31953062403762,289.711305740688));
#6474=CARTESIAN_POINT('Ctrl Pts',(-105.092159284155,7.31598658888886,289.727939789229));
#6475=CARTESIAN_POINT('Ctrl Pts',(-105.091545077596,7.31129263363683,289.744300277549));
#6476=CARTESIAN_POINT('Ctrl Pts',(-105.091427637627,7.31039512130312,289.74742850082));
#6477=CARTESIAN_POINT('Ctrl Pts',(-105.091304548728,7.30945571996718,289.75054671176));
#6478=CARTESIAN_POINT('Ctrl Pts',(-105.091175981365,7.30847584668605,289.753653885456));
#6479=CARTESIAN_POINT('Ctrl Pts',(-105.090775496482,7.3054235601136,289.763332672228));
#6480=CARTESIAN_POINT('Ctrl Pts',(-105.090321821988,7.30197657057218,289.772904500747));
#6481=CARTESIAN_POINT('Ctrl Pts',(-105.089820929591,7.29817272538259,289.782338847918));
#6482=CARTESIAN_POINT('Ctrl Pts',(-105.089695706492,7.29722176408519,289.78469743471));
#6483=CARTESIAN_POINT('Ctrl Pts',(-105.089567537392,7.29624849944482,289.787047429824));
#6484=CARTESIAN_POINT('Ctrl Pts',(-105.089436525755,7.2952535230977,289.78938835827));
#6485=CARTESIAN_POINT('Ctrl Pts',(-105.089338267027,7.29450729083736,289.791144054605));
#6486=CARTESIAN_POINT('Ctrl Pts',(-105.089238409455,7.29374884574419,289.792894650957));
#6487=CARTESIAN_POINT('Ctrl Pts',(-105.089136998165,7.2929784374561,289.794639947266));
#6488=CARTESIAN_POINT('Ctrl Pts',(-105.088984881231,7.29182282502397,289.79725789173));
#6489=CARTESIAN_POINT('Ctrl Pts',(-105.088829268138,7.29064029539434,289.799863911025));
#6490=CARTESIAN_POINT('Ctrl Pts',(-105.088670316498,7.28943169125004,289.802457331206));
#6491=CARTESIAN_POINT('Ctrl Pts',(-105.088511364859,7.28822308710574,289.805050751388));
#6492=CARTESIAN_POINT('Ctrl Pts',(-105.088349074675,7.28698840844597,289.807631572449));
#6493=CARTESIAN_POINT('Ctrl Pts',(-105.088183609904,7.2857284981489,289.810199122048));
#6494=CARTESIAN_POINT('Ctrl Pts',(-105.087181431017,7.27809753544678,289.825750130135));
#6495=CARTESIAN_POINT('Ctrl Pts',(-105.086061722726,7.26966091861765,289.840794488839));
#6496=CARTESIAN_POINT('Ctrl Pts',(-105.084844711137,7.26061307236381,289.855364564978));
#6497=CARTESIAN_POINT('Ctrl Pts',(-105.083543155294,7.25093668368188,289.870946805867));
#6498=CARTESIAN_POINT('Ctrl Pts',(-105.082130295777,7.24056083107102,289.885986812539));
#6499=CARTESIAN_POINT('Ctrl Pts',(-105.080623595334,7.22966519538561,289.900525724485));
#6500=CARTESIAN_POINT('Ctrl Pts',(-105.080472565613,7.22857303082471,289.90198308639));
#6501=CARTESIAN_POINT('Ctrl Pts',(-105.08032058745,7.22747560132778,289.903435412811));
#6502=CARTESIAN_POINT('Ctrl Pts',(-105.080167674826,7.22637306070384,289.904882744514));
#6503=CARTESIAN_POINT('Ctrl Pts',(-105.078806595254,7.21655931553223,289.917765484796));
#6504=CARTESIAN_POINT('Ctrl Pts',(-105.077372586923,7.20637037196422,289.930316091701));
#6505=CARTESIAN_POINT('Ctrl Pts',(-105.075869719044,7.19586065108841,289.942597555285));
#6506=CARTESIAN_POINT('Ctrl Pts',(-105.075253331958,7.1915501881985,289.947634681735));
#6507=CARTESIAN_POINT('Ctrl Pts',(-105.074625131163,7.18718590661794,289.95262768397));
#6508=CARTESIAN_POINT('Ctrl Pts',(-105.073985809007,7.18276954805663,289.957577237418));
#6509=CARTESIAN_POINT('Ctrl Pts',(-105.071519823945,7.16573482754789,289.976668590273));
#6510=CARTESIAN_POINT('Ctrl Pts',(-105.068885557347,7.1479557173218,289.995131249802));
#6511=CARTESIAN_POINT('Ctrl Pts',(-105.066104921644,7.12961900191176,290.013065294975));
#6512=CARTESIAN_POINT('Ctrl Pts',(-105.063478827478,7.11230140028468,290.030002605879));
#6513=CARTESIAN_POINT('Ctrl Pts',(-105.060722056338,7.09448538444687,290.046468000657));
#6514=CARTESIAN_POINT('Ctrl Pts',(-105.057851330303,7.07629011671394,290.062527127289));
#6515=CARTESIAN_POINT('Ctrl Pts',(-105.056373732851,7.06692479208216,290.070792954229));
#6516=CARTESIAN_POINT('Ctrl Pts',(-105.05486595435,7.05745900013966,290.078950721657));
#6517=CARTESIAN_POINT('Ctrl Pts',(-105.053329663471,7.0479103693292,290.087009728024));
#6518=CARTESIAN_POINT('Ctrl Pts',(-105.051293980838,7.03525782926057,290.097688421441));
#6519=CARTESIAN_POINT('Ctrl Pts',(-105.049208124747,7.02244799085506,290.108195685192));
#6520=CARTESIAN_POINT('Ctrl Pts',(-105.047075116766,7.00955063060627,290.118549433661));
#6521=CARTESIAN_POINT('Ctrl Pts',(-105.044378903354,6.99324781505387,290.131637015018));
#6522=CARTESIAN_POINT('Ctrl Pts',(-105.04160539352,6.97679764674668,290.144499284638));
#6523=CARTESIAN_POINT('Ctrl Pts',(-105.038751987246,6.96027026347747,290.157170238976));
#6524=CARTESIAN_POINT('Ctrl Pts',(-105.035117660858,6.9392196666183,290.173308979589));
#6525=CARTESIAN_POINT('Ctrl Pts',(-105.031357441186,6.91794533895563,290.189132454863));
#6526=CARTESIAN_POINT('Ctrl Pts',(-105.027475877312,6.89648606264921,290.204673388561));
#6527=CARTESIAN_POINT('Ctrl Pts',(-105.019733300081,6.85368112383345,290.235672976181));
#6528=CARTESIAN_POINT('Ctrl Pts',(-105.011508280827,6.81014400986179,290.265552339618));
#6529=CARTESIAN_POINT('Ctrl Pts',(-105.002822107693,6.76614031572976,290.294555443683));
#6530=CARTESIAN_POINT('Ctrl Pts',(-104.996267131542,6.73293315290171,290.316442487901));
#6531=CARTESIAN_POINT('Ctrl Pts',(-104.989449168109,6.6994588777989,290.337829848267));
#6532=CARTESIAN_POINT('Ctrl Pts',(-104.982371344213,6.66581572802239,290.358813360143));
#6533=CARTESIAN_POINT('Ctrl Pts',(-104.974142925977,6.626703437121,290.383208020752));
#6534=CARTESIAN_POINT('Ctrl Pts',(-104.965572950661,6.58733849094712,290.407032639358));
#6535=CARTESIAN_POINT('Ctrl Pts',(-104.956668422639,6.54785680718664,290.430413059252));
#6536=CARTESIAN_POINT('Ctrl Pts',(-104.950827446041,6.52195856863561,290.445749580751));
#6537=CARTESIAN_POINT('Ctrl Pts',(-104.944842711849,6.49598466001405,290.460895472461));
#6538=CARTESIAN_POINT('Ctrl Pts',(-104.938712581359,6.47004131198848,290.475885670223));
#6539=CARTESIAN_POINT('Ctrl Pts',(-104.935497370739,6.45643420717475,290.483747924235));
#6540=CARTESIAN_POINT('Ctrl Pts',(-104.932240585168,6.44281930937214,290.49156757305));
#6541=CARTESIAN_POINT('Ctrl Pts',(-104.928940714613,6.42920482100763,290.499348162509));
#6542=CARTESIAN_POINT('Ctrl Pts',(-104.901943472445,6.31782056116533,290.563003525448));
#6543=CARTESIAN_POINT('Ctrl Pts',(-104.87218310917,6.20568570821065,290.623832709974));
#6544=CARTESIAN_POINT('Ctrl Pts',(-104.83954599969,6.09333295521393,290.682480220778));
#6545=CARTESIAN_POINT('Ctrl Pts',(-104.820832411965,6.02891171409105,290.716107749556));
#6546=CARTESIAN_POINT('Ctrl Pts',(-104.80117250066,5.96441827523742,290.749017200033));
#6547=CARTESIAN_POINT('Ctrl Pts',(-104.780540259809,5.89995021673388,290.78132482929));
#6548=CARTESIAN_POINT('Ctrl Pts',(-104.742791298096,5.78199878868776,290.840435202645));
#6549=CARTESIAN_POINT('Ctrl Pts',(-104.701794354185,5.66405497332248,290.897468114721));
#6550=CARTESIAN_POINT('Ctrl Pts',(-104.657191610854,5.54617359766089,290.952544886303));
#6551=CARTESIAN_POINT('Ctrl Pts',(-104.630586250135,5.47585782138203,290.985397963618));
#6552=CARTESIAN_POINT('Ctrl Pts',(-104.602697144334,5.40556423759068,291.017554543723));
#6553=CARTESIAN_POINT('Ctrl Pts',(-104.573440490552,5.33530506926809,291.049036156186));
#6554=CARTESIAN_POINT('Ctrl Pts',(-104.572281795324,5.33252248983744,291.050282969796));
#6555=CARTESIAN_POINT('Ctrl Pts',(-104.571120893068,5.32973981741149,291.051528790126));
#6556=CARTESIAN_POINT('Ctrl Pts',(-104.569957777686,5.32695705279583,291.052773618079));
#6557=CARTESIAN_POINT('Ctrl Pts',(-104.529469045267,5.23008737534687,291.096106813284));
#6558=CARTESIAN_POINT('Ctrl Pts',(-104.486418918947,5.13346512303419,291.138048688103));
#6559=CARTESIAN_POINT('Ctrl Pts',(-104.440806545857,5.03755652130404,291.17831493049));
#6560=CARTESIAN_POINT('Ctrl Pts',(-104.397405903491,4.9462984998187,291.216628674477));
#6561=CARTESIAN_POINT('Ctrl Pts',(-104.351685263412,4.85568616479052,291.253425509955));
#6562=CARTESIAN_POINT('Ctrl Pts',(-104.303631008236,4.76615377702749,291.288434100295));
#6563=CARTESIAN_POINT('Ctrl Pts',(-104.254644236148,4.67488396839674,291.32412204988));
#6564=CARTESIAN_POINT('Ctrl Pts',(-104.203132107117,4.58446265551052,291.35808038302));
#6565=CARTESIAN_POINT('Ctrl Pts',(-104.148765353177,4.49491361329711,291.390044172223));
#6566=CARTESIAN_POINT('Ctrl Pts',(-104.103090607449,4.4196814275056,291.416897678061));
#6567=CARTESIAN_POINT('Ctrl Pts',(-104.055400620752,4.34506511653588,291.442343023394));
#6568=CARTESIAN_POINT('Ctrl Pts',(-104.005480847487,4.27108782392473,291.466204102545));
#6569=CARTESIAN_POINT('Ctrl Pts',(-103.997695135689,4.25954999347752,291.4699255835));
#6570=CARTESIAN_POINT('Ctrl Pts',(-103.989855723284,4.24802861044538,291.473608215671));
#6571=CARTESIAN_POINT('Ctrl Pts',(-103.981961497608,4.23652337701972,291.477251431101));
#6572=CARTESIAN_POINT('Ctrl Pts',(-103.938467147757,4.17313367063693,291.497324240391));
#6573=CARTESIAN_POINT('Ctrl Pts',(-103.893257015116,4.11023959491522,291.516171279217));
#6574=CARTESIAN_POINT('Ctrl Pts',(-103.846427813651,4.04815061989775,291.533551672742));
#6575=CARTESIAN_POINT('Ctrl Pts',(-103.802864563695,3.99039184004476,291.549719926818));
#6576=CARTESIAN_POINT('Ctrl Pts',(-103.75789984799,3.93332952857222,291.564619033215));
#6577=CARTESIAN_POINT('Ctrl Pts',(-103.711611037189,3.87724677748133,291.57802626408));
#6578=CARTESIAN_POINT('Ctrl Pts',(-103.682917385457,3.8424820276397,291.586337179969));
#6579=CARTESIAN_POINT('Ctrl Pts',(-103.653714952913,3.80809435973109,291.594074265556));
#6580=CARTESIAN_POINT('Ctrl Pts',(-103.624022922406,3.77415915896943,291.601178090507));
#6581=CARTESIAN_POINT('Ctrl Pts',(-103.616484593349,3.76554355722065,291.602981637423));
#6582=CARTESIAN_POINT('Ctrl Pts',(-103.608911543063,3.75695334613471,291.604745095749));
#6583=CARTESIAN_POINT('Ctrl Pts',(-103.601304660841,3.74839063334163,291.606467194053));
#6584=CARTESIAN_POINT('Ctrl Pts',(-103.541216039822,3.68075167313436,291.620070469262));
#6585=CARTESIAN_POINT('Ctrl Pts',(-103.478799243414,3.61447989673311,291.631233645885));
#6586=CARTESIAN_POINT('Ctrl Pts',(-103.414032823175,3.55000779548787,291.639353718051));
#6587=CARTESIAN_POINT('Ctrl Pts',(-103.354687740713,3.49093239575422,291.64679409148));
#6588=CARTESIAN_POINT('Ctrl Pts',(-103.293369831756,3.43336782168545,291.651678546542));
#6589=CARTESIAN_POINT('Ctrl Pts',(-103.230083745864,3.37761301237447,291.653562643935));
#6590=CARTESIAN_POINT('Ctrl Pts',(-103.210621783702,3.36046709516576,291.654142048265));
#6591=CARTESIAN_POINT('Ctrl Pts',(-103.19097385636,3.34349207994428,291.654437906651));
#6592=CARTESIAN_POINT('Ctrl Pts',(-103.171140569437,3.32669597728243,291.654437906651));
#6593=CARTESIAN_POINT('Ctrl Pts',(-103.185151258993,1.64492065491559,291.654437906651));
#6594=CARTESIAN_POINT('Ctrl Pts',(-103.279240412556,1.64520058731079,291.654437906651));
#6595=CARTESIAN_POINT('Ctrl Pts',(-103.37353135337,1.64548100799163,291.64764681678));
#6596=CARTESIAN_POINT('Ctrl Pts',(-103.466865054488,1.64575848091779,291.634310375283));
#6597=CARTESIAN_POINT('Ctrl Pts',(-103.562306181864,1.6460422190378,291.620672803898));
#6598=CARTESIAN_POINT('Ctrl Pts',(-103.65674496323,1.64632287065965,291.60019112824));
#6599=CARTESIAN_POINT('Ctrl Pts',(-103.748939450347,1.64659675479541,291.573182057678));
#6600=CARTESIAN_POINT('Ctrl Pts',(-103.818112747251,1.64680224938877,291.552917218473));
#6601=CARTESIAN_POINT('Ctrl Pts',(-103.886022434809,1.64700393369956,291.528978963725));
#6602=CARTESIAN_POINT('Ctrl Pts',(-103.952150343308,1.6472002722567,291.501519269136));
#6603=CARTESIAN_POINT('Ctrl Pts',(-103.952151077868,1.64720027443767,291.501518964109));
#6604=CARTESIAN_POINT('Ctrl Pts',(-103.952151812429,1.64720027661863,291.501518659082));
#6605=CARTESIAN_POINT('Ctrl Pts',(-103.952152546989,1.64720027879959,291.501518354053));
#6606=CARTESIAN_POINT('Ctrl Pts',(-104.192605157503,1.64791420003788,291.401669769459));
#6607=CARTESIAN_POINT('Ctrl Pts',(-104.41551450861,1.64857531620769,291.252629754377));
#6608=CARTESIAN_POINT('Ctrl Pts',(-104.599864077186,1.6491217162631,291.068148624427));
#6609=CARTESIAN_POINT('Ctrl Pts',(-104.599864819125,1.64912171846215,291.068147881958));
#6610=CARTESIAN_POINT('Ctrl Pts',(-104.599865561064,1.64912172066121,291.068147139489));
#6611=CARTESIAN_POINT('Ctrl Pts',(-104.599866303002,1.64912172286027,291.068146397018));
#6612=CARTESIAN_POINT('Ctrl Pts',(-104.692040657138,1.64939492161138,290.975905965309));
#6613=CARTESIAN_POINT('Ctrl Pts',(-104.776429441856,1.64964494185549,290.872995782207));
#6614=CARTESIAN_POINT('Ctrl Pts',(-104.848916960662,1.64985964728871,290.764334461067));
#6615=CARTESIAN_POINT('Ctrl Pts',(-104.84891749211,1.64985964886284,290.764333664408));
#6616=CARTESIAN_POINT('Ctrl Pts',(-104.848918023558,1.64985965043697,290.764332867748));
#6617=CARTESIAN_POINT('Ctrl Pts',(-104.848918555005,1.64985965201109,290.764332071087));
#6618=CARTESIAN_POINT('Ctrl Pts',(-104.92140603722,1.65007435733504,290.655670469915));
#6619=CARTESIAN_POINT('Ctrl Pts',(-104.982770259666,1.65025605508707,290.540844511691));
#6620=CARTESIAN_POINT('Ctrl Pts',(-105.0329089161,1.65040449111011,290.419797440446));
#6621=CARTESIAN_POINT('Ctrl Pts',(-105.032909196189,1.65040449193931,290.419796764241));
#6622=CARTESIAN_POINT('Ctrl Pts',(-105.032909476279,1.65040449276852,290.419796088036));
#6623=CARTESIAN_POINT('Ctrl Pts',(-105.032909756367,1.65040449359773,290.41979541183));
#6624=CARTESIAN_POINT('Ctrl Pts',(-105.052556015504,1.65046265655573,290.372364352165));
#6625=CARTESIAN_POINT('Ctrl Pts',(-105.070405583574,1.65051546029636,290.324030525716));
#6626=CARTESIAN_POINT('Ctrl Pts',(-105.086355864756,1.65056263092601,290.275093192119));
#6627=CARTESIAN_POINT('Ctrl Pts',(-105.10239743153,1.65061007151949,290.225875783617));
#6628=CARTESIAN_POINT('Ctrl Pts',(-105.11651774188,1.65065181384956,290.176048583442));
#6629=CARTESIAN_POINT('Ctrl Pts',(-105.128662612103,1.65068772792351,290.125931886926));
#6630=CARTESIAN_POINT('Ctrl Pts',(-105.135260271553,1.65070723812205,290.098706161966));
#6631=CARTESIAN_POINT('Ctrl Pts',(-105.141275829915,1.65072503092331,290.071395218757));
#6632=CARTESIAN_POINT('Ctrl Pts',(-105.146706983153,1.65074110438029,290.044051309994));
#6633=CARTESIAN_POINT('Ctrl Pts',(-105.156929915127,1.65077135907024,289.992582513784));
#6634=CARTESIAN_POINT('Ctrl Pts',(-105.165132889535,1.6507956738444,289.940771323267));
#6635=CARTESIAN_POINT('Ctrl Pts',(-105.171304645747,1.65081398463673,289.888611162578));
#6636=CARTESIAN_POINT('Ctrl Pts',(-105.177391753322,1.65083204428763,289.837166403862));
#6637=CARTESIAN_POINT('Ctrl Pts',(-105.181503017633,1.65084426363094,289.785381540523));
#6638=CARTESIAN_POINT('Ctrl Pts',(-105.183577401142,1.65085043255285,289.733248635455));
#6639=CARTESIAN_POINT('Ctrl Pts',(-105.184619204916,1.6508535307293,289.707066274767));
#6640=CARTESIAN_POINT('Ctrl Pts',(-105.185146451907,1.65085510045801,289.680796161357));
#6641=CARTESIAN_POINT('Ctrl Pts',(-105.185146451907,1.65085510045801,289.654437906651));
#6642=CARTESIAN_POINT('Ctrl Pts',(-102.830398549778,13.7843956441099,266.654437906651));
#6643=CARTESIAN_POINT('Ctrl Pts',(-102.853626757788,13.3484263737375,266.654437906651));
#6644=CARTESIAN_POINT('Ctrl Pts',(-102.876068740527,12.9077910350961,266.654437906651));
#6645=CARTESIAN_POINT('Ctrl Pts',(-103.087379538753,8.52622344434805,266.654437906651));
#6646=CARTESIAN_POINT('Ctrl Pts',(-103.184272206812,4.58550607554421,266.654437906651));
#6647=CARTESIAN_POINT('Ctrl Pts',(-103.188126476888,0.644923086629443,266.654437906651));
#6648=CARTESIAN_POINT('Ctrl Pts',(-104.000312084429,13.8467280070619,266.654437906651));
#6649=CARTESIAN_POINT('Ctrl Pts',(-104.02363874052,13.4089109685088,266.654437906651));
#6650=CARTESIAN_POINT('Ctrl Pts',(-104.046181023951,12.9663111108994,266.654437906651));
#6651=CARTESIAN_POINT('Ctrl Pts',(-104.258480677313,8.56423942890632,266.654437906651));
#6652=CARTESIAN_POINT('Ctrl Pts',(-104.355826484556,4.6050930769787,266.654437906651));
#6653=CARTESIAN_POINT('Ctrl Pts',(-104.359698791736,0.646068997354261,266.654437906651));
#6654=CARTESIAN_POINT('Ctrl Pts',(-104.827565878183,13.8908036435926,267.482865031397));
#6655=CARTESIAN_POINT('Ctrl Pts',(-104.85096214759,13.4516800356294,267.482865031397));
#6656=CARTESIAN_POINT('Ctrl Pts',(-104.873575354301,13.0076910533352,267.482865031397));
#6657=CARTESIAN_POINT('Ctrl Pts',(-105.086574233917,8.59112078938365,267.482865031397));
#6658=CARTESIAN_POINT('Ctrl Pts',(-105.184240458767,4.61894317851405,267.482865031397));
#6659=CARTESIAN_POINT('Ctrl Pts',(-105.188125520216,0.646879278598415,267.482865031397));
#6660=CARTESIAN_POINT('Ctrl Pts',(-104.827565878183,13.8908036435926,268.654437906651));
#6661=CARTESIAN_POINT('Ctrl Pts',(-104.85096214759,13.4516800356294,268.654437906651));
#6662=CARTESIAN_POINT('Ctrl Pts',(-104.873575354301,13.0076910533352,268.654437906651));
#6663=CARTESIAN_POINT('Ctrl Pts',(-105.086574233917,8.59112078938365,268.654437906651));
#6664=CARTESIAN_POINT('Ctrl Pts',(-105.184240458767,4.61894317851405,268.654437906651));
#6665=CARTESIAN_POINT('Ctrl Pts',(-105.188125520216,0.646879278598415,268.654437906651));
#6666=CARTESIAN_POINT('',(-103.171140569437,3.32669597728241,266.654437906651));
#6667=CARTESIAN_POINT('',(-103.185151258993,1.6449206549156,266.654437906651));
#6668=CARTESIAN_POINT('Origin',(147.20767976974,0.399870898488841,266.654437906651));
#6669=CARTESIAN_POINT('Ctrl Pts',(-103.171140569437,3.32669597728241,266.654437906651));
#6670=CARTESIAN_POINT('Ctrl Pts',(-103.252970471252,3.39599479933054,266.654437906651));
#6671=CARTESIAN_POINT('Ctrl Pts',(-103.331839196996,3.46850826971664,266.659486020716));
#6672=CARTESIAN_POINT('Ctrl Pts',(-103.407796825716,3.54380376931076,266.668757199181));
#6673=CARTESIAN_POINT('Ctrl Pts',(-103.475240581043,3.61065961167373,266.676989197764));
#6674=CARTESIAN_POINT('Ctrl Pts',(-103.540389789652,3.67970786624696,266.688549573274));
#6675=CARTESIAN_POINT('Ctrl Pts',(-103.603294015067,3.75061458468714,266.702860035604));
#6676=CARTESIAN_POINT('Ctrl Pts',(-103.610785069562,3.75905862939778,266.704564220855));
#6677=CARTESIAN_POINT('Ctrl Pts',(-103.61823508771,3.76751876272625,266.706305534508));
#6678=CARTESIAN_POINT('Ctrl Pts',(-103.625644258623,3.77599423206917,266.708083067639));
#6679=CARTESIAN_POINT('Ctrl Pts',(-103.679673276845,3.83779889185385,266.721045161657));
#6680=CARTESIAN_POINT('Ctrl Pts',(-103.731614109612,3.90051175769493,266.735949529086));
#6681=CARTESIAN_POINT('Ctrl Pts',(-103.781653005604,3.96402426685658,266.752516971722));
#6682=CARTESIAN_POINT('Ctrl Pts',(-103.833910325977,4.03035253955585,266.769818915347));
#6683=CARTESIAN_POINT('Ctrl Pts',(-103.884093364801,4.09755303490525,266.788934863957));
#6684=CARTESIAN_POINT('Ctrl Pts',(-103.932390331877,4.16553046856082,266.809590083105));
#6685=CARTESIAN_POINT('Ctrl Pts',(-103.949444498852,4.18953401524798,266.816883658201));
#6686=CARTESIAN_POINT('Ctrl Pts',(-103.966263284702,4.21363467725497,266.824369525338));
#6687=CARTESIAN_POINT('Ctrl Pts',(-103.982854297118,4.23782901080383,266.832036719855));
#6688=CARTESIAN_POINT('Ctrl Pts',(-103.990614406775,4.24914541975571,266.835622894629));
#6689=CARTESIAN_POINT('Ctrl Pts',(-103.998328631414,4.26048906132183,266.839251357377));
#6690=CARTESIAN_POINT('Ctrl Pts',(-104.00599717428,4.27185896335499,266.842921164009));
#6691=CARTESIAN_POINT('Ctrl Pts',(-104.054838124876,4.34427387100451,266.866294162963));
#6692=CARTESIAN_POINT('Ctrl Pts',(-104.101783537263,4.41769052593315,266.891320569706));
#6693=CARTESIAN_POINT('Ctrl Pts',(-104.146877392921,4.49185980715521,266.91776342009));
#6694=CARTESIAN_POINT('Ctrl Pts',(-104.194636175455,4.57041229553763,266.945768972568));
#6695=CARTESIAN_POINT('Ctrl Pts',(-104.240318396372,4.64980937209587,266.975363514084));
#6696=CARTESIAN_POINT('Ctrl Pts',(-104.283959814171,4.72979507844584,267.006304024654));
#6697=CARTESIAN_POINT('Ctrl Pts',(-104.291291141013,4.74323188654012,267.011501724616));
#6698=CARTESIAN_POINT('Ctrl Pts',(-104.298564833006,4.7566853844939,267.016737487915));
#6699=CARTESIAN_POINT('Ctrl Pts',(-104.305781007674,4.77015444846076,267.022010254561));
#6700=CARTESIAN_POINT('Ctrl Pts',(-104.310511622985,4.77898419041592,267.025466854737));
#6701=CARTESIAN_POINT('Ctrl Pts',(-104.315215561372,4.78781620510541,267.028937418484));
#6702=CARTESIAN_POINT('Ctrl Pts',(-104.319893155992,4.79665059288352,267.032421868242));
#6703=CARTESIAN_POINT('Ctrl Pts',(-104.386504812157,4.92245739081963,267.082042450627));
#6704=CARTESIAN_POINT('Ctrl Pts',(-104.447912438647,5.04900070249386,267.134577121001));
#6705=CARTESIAN_POINT('Ctrl Pts',(-104.504765685635,5.17617149189036,267.189691908021));
#6706=CARTESIAN_POINT('Ctrl Pts',(-104.527300780111,5.22657856458148,267.21153792383));
#6707=CARTESIAN_POINT('Ctrl Pts',(-104.549119835691,5.27708436137998,267.233789603494));
#6708=CARTESIAN_POINT('Ctrl Pts',(-104.570261454511,5.32768261558431,267.256427261536));
#6709=CARTESIAN_POINT('Ctrl Pts',(-104.571364134405,5.33032166030636,267.257607970099));
#6710=CARTESIAN_POINT('Ctrl Pts',(-104.572464965659,5.33296096558325,267.258789724843));
#6711=CARTESIAN_POINT('Ctrl Pts',(-104.573563951457,5.33560052897135,267.259972526538));
#6712=CARTESIAN_POINT('Ctrl Pts',(-104.615968500308,5.43744851901639,267.305611125649));
#6713=CARTESIAN_POINT('Ctrl Pts',(-104.655569450007,5.53953742281451,267.352741888718));
#6714=CARTESIAN_POINT('Ctrl Pts',(-104.692617742608,5.6418974464134,267.401481967781));
#6715=CARTESIAN_POINT('Ctrl Pts',(-104.723419409018,5.72699878521291,267.44200409581));
#6716=CARTESIAN_POINT('Ctrl Pts',(-104.752455682575,5.81228797174653,267.483639005487));
#6717=CARTESIAN_POINT('Ctrl Pts',(-104.779848019612,5.89778855980575,267.526467837561));
#6718=CARTESIAN_POINT('Ctrl Pts',(-104.811834549556,5.99762915086343,267.576479843392));
#6719=CARTESIAN_POINT('Ctrl Pts',(-104.841642272961,6.09812746456437,267.628257656484));
#6720=CARTESIAN_POINT('Ctrl Pts',(-104.869200958855,6.19830435088996,267.681907805044));
#6721=CARTESIAN_POINT('Ctrl Pts',(-104.890509086605,6.27576021723742,267.723389616755));
#6722=CARTESIAN_POINT('Ctrl Pts',(-104.910472079242,6.35302462352067,267.765991295009));
#6723=CARTESIAN_POINT('Ctrl Pts',(-104.929042368382,6.42963386103417,267.809773254545));
#6724=CARTESIAN_POINT('Ctrl Pts',(-104.932451125148,6.44369622994952,267.817809858052));
#6725=CARTESIAN_POINT('Ctrl Pts',(-104.93581068095,6.45774568935389,267.825881880272));
#6726=CARTESIAN_POINT('Ctrl Pts',(-104.939122859894,6.47177606561092,267.83399407606));
#6727=CARTESIAN_POINT('Ctrl Pts',(-104.946486324126,6.50296766952521,267.85202868848));
#6728=CARTESIAN_POINT('Ctrl Pts',(-104.953624360519,6.53411602051782,267.870233462009));
#6729=CARTESIAN_POINT('Ctrl Pts',(-104.960552389161,6.56511891018205,267.888708831213));
#6730=CARTESIAN_POINT('Ctrl Pts',(-104.970929973835,6.61155854390996,267.91638332827));
#6731=CARTESIAN_POINT('Ctrl Pts',(-104.980826065556,6.65771448408618,267.944643600837));
#6732=CARTESIAN_POINT('Ctrl Pts',(-104.990226846124,6.70345434572634,267.973713512863));
#6733=CARTESIAN_POINT('Ctrl Pts',(-104.994474424367,6.72412110203487,267.986848244062));
#6734=CARTESIAN_POINT('Ctrl Pts',(-104.998620927601,6.74470244831661,268.000148700299));
#6735=CARTESIAN_POINT('Ctrl Pts',(-105.002665233869,6.76518355879085,268.013638028695));
#6736=CARTESIAN_POINT('Ctrl Pts',(-105.009162835555,6.79808860828491,268.035310047848));
#6737=CARTESIAN_POINT('Ctrl Pts',(-105.015398663093,6.83073117317184,268.057473887481));
#6738=CARTESIAN_POINT('Ctrl Pts',(-105.021371382768,6.86302251846065,268.080249161511));
#6739=CARTESIAN_POINT('Ctrl Pts',(-105.027344102443,6.89531386374945,268.103024435541));
#6740=CARTESIAN_POINT('Ctrl Pts',(-105.033053643438,6.92725464583785,268.126411194182));
#6741=CARTESIAN_POINT('Ctrl Pts',(-105.038492509015,6.95874507700204,268.150529466675));
#6742=CARTESIAN_POINT('Ctrl Pts',(-105.041369957854,6.97540518806884,268.163289314147));
#6743=CARTESIAN_POINT('Ctrl Pts',(-105.04417133536,6.99201753956535,268.176260800491));
#6744=CARTESIAN_POINT('Ctrl Pts',(-105.046898712172,7.00849545136584,268.189472196977));
#6745=CARTESIAN_POINT('Ctrl Pts',(-105.047608138048,7.01278156869666,268.192908651555));
#6746=CARTESIAN_POINT('Ctrl Pts',(-105.048312490485,7.01705871626047,268.196362800892));
#6747=CARTESIAN_POINT('Ctrl Pts',(-105.049011625079,7.02132388314442,268.19983505417));
#6748=CARTESIAN_POINT('Ctrl Pts',(-105.051551835125,7.03682078440595,268.212451012157));
#6749=CARTESIAN_POINT('Ctrl Pts',(-105.054024260884,7.05216049620554,268.225309976298));
#6750=CARTESIAN_POINT('Ctrl Pts',(-105.056422281171,7.06726640735392,268.238447074963));
#6751=CARTESIAN_POINT('Ctrl Pts',(-105.059684743945,7.08781772338893,268.256319857598));
#6752=CARTESIAN_POINT('Ctrl Pts',(-105.062809919559,7.1079354171974,268.274707756742));
#6753=CARTESIAN_POINT('Ctrl Pts',(-105.065773968246,7.1274289317899,268.293699655386));
#6754=CARTESIAN_POINT('Ctrl Pts',(-105.066077933347,7.12942800425866,268.295647286816));
#6755=CARTESIAN_POINT('Ctrl Pts',(-105.066380200777,7.13142046994462,268.297601287128));
#6756=CARTESIAN_POINT('Ctrl Pts',(-105.066680742499,7.13340609280083,268.29956176402));
#6757=CARTESIAN_POINT('Ctrl Pts',(-105.068296346541,7.14408008605895,268.310100581632));
#6758=CARTESIAN_POINT('Ctrl Pts',(-105.069860449617,7.15456878771272,268.320818846933));
#6759=CARTESIAN_POINT('Ctrl Pts',(-105.071369005208,7.16483446866185,268.331736294877));
#6760=CARTESIAN_POINT('Ctrl Pts',(-105.072123283003,7.16996730913641,268.337195018849));
#6761=CARTESIAN_POINT('Ctrl Pts',(-105.072864112061,7.17504082167252,268.342705731622));
#6762=CARTESIAN_POINT('Ctrl Pts',(-105.073590901301,7.1800491422187,268.348271198313));
#6763=CARTESIAN_POINT('Ctrl Pts',(-105.074317690541,7.18505746276487,268.353836665004));
#6764=CARTESIAN_POINT('Ctrl Pts',(-105.075030431783,7.19000060489867,268.359456860598));
#6765=CARTESIAN_POINT('Ctrl Pts',(-105.075728207312,7.19487484422433,268.365133180991));
#6766=CARTESIAN_POINT('Ctrl Pts',(-105.077258028178,7.2055612508287,268.377578090583));
#6767=CARTESIAN_POINT('Ctrl Pts',(-105.078719081275,7.21593373835561,268.390315728556));
#6768=CARTESIAN_POINT('Ctrl Pts',(-105.080104459379,7.22591836277296,268.403395691908));
#6769=CARTESIAN_POINT('Ctrl Pts',(-105.081666956006,7.23717950651299,268.418147909044));
#6770=CARTESIAN_POINT('Ctrl Pts',(-105.083133222004,7.24791723841835,268.433421957387));
#6771=CARTESIAN_POINT('Ctrl Pts',(-105.084483632955,7.25793254694809,268.449239373306));
#6772=CARTESIAN_POINT('Ctrl Pts',(-105.085819428539,7.26783946076203,268.464885598862));
#6773=CARTESIAN_POINT('Ctrl Pts',(-105.08704192243,7.27704019843891,268.481063695976));
#6774=CARTESIAN_POINT('Ctrl Pts',(-105.088126073455,7.28529251298063,268.497790633019));
#6775=CARTESIAN_POINT('Ctrl Pts',(-105.088323069542,7.28679200303146,268.500830007675));
#6776=CARTESIAN_POINT('Ctrl Pts',(-105.088515956281,7.28825697774454,268.503892539727));
#6777=CARTESIAN_POINT('Ctrl Pts',(-105.08870436348,7.28968589225741,268.506976527423));
#6778=CARTESIAN_POINT('Ctrl Pts',(-105.088792679355,7.29035569593532,268.508422146655));
#6779=CARTESIAN_POINT('Ctrl Pts',(-105.088880011269,7.29101757623942,268.509872480186));
#6780=CARTESIAN_POINT('Ctrl Pts',(-105.088966322759,7.29167137410491,268.511327352344));
#6781=CARTESIAN_POINT('Ctrl Pts',(-105.089842379998,7.29830738919867,268.526094230786));
#6782=CARTESIAN_POINT('Ctrl Pts',(-105.090612268133,7.30411619238488,268.541330317985));
#6783=CARTESIAN_POINT('Ctrl Pts',(-105.09124442079,7.30891870144486,268.556847244293));
#6784=CARTESIAN_POINT('Ctrl Pts',(-105.091577629243,7.31145010995202,268.565026235476));
#6785=CARTESIAN_POINT('Ctrl Pts',(-105.091872767909,7.31370257761292,268.573283380494));
#6786=CARTESIAN_POINT('Ctrl Pts',(-105.092126503167,7.31565570828187,268.581592465986));
#6787=CARTESIAN_POINT('Ctrl Pts',(-105.092310281631,7.31707034555628,268.587610671649));
#6788=CARTESIAN_POINT('Ctrl Pts',(-105.092472373555,7.31832666300321,268.593655659729));
#6789=CARTESIAN_POINT('Ctrl Pts',(-105.092611616758,7.31942434244262,268.599716351872));
#6790=CARTESIAN_POINT('Ctrl Pts',(-105.092820481563,7.32107086160175,268.608807390086));
#6791=CARTESIAN_POINT('Ctrl Pts',(-105.092978859334,7.32232806077465,268.617937712767));
#6792=CARTESIAN_POINT('Ctrl Pts',(-105.093084680104,7.32317077849092,268.627070128676));
#6793=CARTESIAN_POINT('Ctrl Pts',(-105.093190500875,7.3240134962072,268.636202544585));
#6794=CARTESIAN_POINT('Ctrl Pts',(-105.093243765329,7.32444170742768,268.645336818257));
#6795=CARTESIAN_POINT('Ctrl Pts',(-105.09324376518,7.32444171285694,268.654437906651));
#6796=CARTESIAN_POINT('Ctrl Pts',(-105.185146451889,1.65085510047178,268.654437906651));
#6797=CARTESIAN_POINT('Ctrl Pts',(-105.185146451889,1.65085510049305,268.560356429594));
#6798=CARTESIAN_POINT('Ctrl Pts',(-105.178356540149,1.65083501067387,268.466073275015));
#6799=CARTESIAN_POINT('Ctrl Pts',(-105.165022379845,1.65079554988782,268.372747135391));
#6800=CARTESIAN_POINT('Ctrl Pts',(-105.151386951503,1.65075519753655,268.277312412819));
#6801=CARTESIAN_POINT('Ctrl Pts',(-105.130908381808,1.6506945894856,268.182879828856));
#6802=CARTESIAN_POINT('Ctrl Pts',(-105.103903313015,1.65061465404895,268.090691032565));
#6803=CARTESIAN_POINT('Ctrl Pts',(-105.083635527922,1.65055466108009,268.021501699056));
#6804=CARTESIAN_POINT('Ctrl Pts',(-105.059692674035,1.65048378486439,267.953576432163));
#6805=CARTESIAN_POINT('Ctrl Pts',(-105.032226835724,1.65040247181553,267.887433733765));
#6806=CARTESIAN_POINT('Ctrl Pts',(-105.032226558987,1.65040247099625,267.88743306733));
#6807=CARTESIAN_POINT('Ctrl Pts',(-105.032226282249,1.65040247017696,267.887432400897));
#6808=CARTESIAN_POINT('Ctrl Pts',(-105.03222600551,1.65040246935767,267.887431734463));
#6809=CARTESIAN_POINT('Ctrl Pts',(-104.932377048903,1.65010686494142,267.646978168191));
#6810=CARTESIAN_POINT('Ctrl Pts',(-104.783336746123,1.64966551871044,267.424068358789));
#6811=CARTESIAN_POINT('Ctrl Pts',(-104.598855359975,1.64911872649802,267.239718471546));
#6812=CARTESIAN_POINT('Ctrl Pts',(-104.598854544435,1.64911872408081,267.239717656587));
#6813=CARTESIAN_POINT('Ctrl Pts',(-104.598853728894,1.64911872166359,267.239716841629));
#6814=CARTESIAN_POINT('Ctrl Pts',(-104.598852913352,1.64911871924637,267.239716026672));
#6815=CARTESIAN_POINT('Ctrl Pts',(-104.506612623492,1.6488453243335,267.147541813));
#6816=CARTESIAN_POINT('Ctrl Pts',(-104.40370261674,1.64854020097284,267.063153198197));
#6817=CARTESIAN_POINT('Ctrl Pts',(-104.295041819404,1.64821787500831,266.990665988245));
#6818=CARTESIAN_POINT('Ctrl Pts',(-104.295040862387,1.64821787216946,266.990665349823));
#6819=CARTESIAN_POINT('Ctrl Pts',(-104.29503990537,1.64821786933062,266.990664711401));
#6820=CARTESIAN_POINT('Ctrl Pts',(-104.295038948352,1.64821786649177,266.990664072981));
#6821=CARTESIAN_POINT('Ctrl Pts',(-104.186378046011,1.64789554021322,266.918177070197));
#6822=CARTESIAN_POINT('Ctrl Pts',(-104.071552796931,1.64755478837432,266.856813180333));
#6823=CARTESIAN_POINT('Ctrl Pts',(-103.95050650369,1.64719539156773,266.806674795061));
#6824=CARTESIAN_POINT('Ctrl Pts',(-103.950505567105,1.64719538878692,266.80667440712));
#6825=CARTESIAN_POINT('Ctrl Pts',(-103.950504630519,1.64719538600612,266.806674019179));
#6826=CARTESIAN_POINT('Ctrl Pts',(-103.950503693933,1.64719538322532,266.806673631239));
#6827=CARTESIAN_POINT('Ctrl Pts',(-103.903071546054,1.64705455311652,266.787026923272));
#6828=CARTESIAN_POINT('Ctrl Pts',(-103.854736626595,1.64691100581196,266.769177005079));
#6829=CARTESIAN_POINT('Ctrl Pts',(-103.805798186935,1.64676563628546,266.753226472705));
#6830=CARTESIAN_POINT('Ctrl Pts',(-103.756579651555,1.6466194347467,266.737184648579));
#6831=CARTESIAN_POINT('Ctrl Pts',(-103.706751310894,1.64647139197225,266.723064182063));
#6832=CARTESIAN_POINT('Ctrl Pts',(-103.656633451973,1.64632246627879,266.71091925689));
#6833=CARTESIAN_POINT('Ctrl Pts',(-103.629411368256,1.64624157559865,266.704322602984));
#6834=CARTESIAN_POINT('Ctrl Pts',(-103.602104086575,1.64616042509396,266.698307897217));
#6835=CARTESIAN_POINT('Ctrl Pts',(-103.574763833727,1.64607917111145,266.692877442887));
#6836=CARTESIAN_POINT('Ctrl Pts',(-103.47862156553,1.64579344068231,266.673781196794));
#6837=CARTESIAN_POINT('Ctrl Pts',(-103.380830091485,1.64550270585853,266.661656044532));
#6838=CARTESIAN_POINT('Ctrl Pts',(-103.282368075135,1.64520984965352,266.656824730881));
#6839=CARTESIAN_POINT('Ctrl Pts',(-103.250022667764,1.64511364450149,266.655237613188));
#6840=CARTESIAN_POINT('Ctrl Pts',(-103.217605189824,1.64501721127891,266.654437906651));
#6841=CARTESIAN_POINT('Ctrl Pts',(-103.185151258993,1.64492065491559,266.654437906651));
#6842=CARTESIAN_POINT('Origin',(-102.830398549778,13.7843956441099,266.654437906651));
#6843=CARTESIAN_POINT('',(-100.28935567572,2.54731360701162,266.654437906651));
#6844=CARTESIAN_POINT('',(-102.972858451975,2.58143776844237,266.654437906651));
#6845=CARTESIAN_POINT('Origin',(-100.213064188938,8.54682855482569,266.654437906651));
#6846=CARTESIAN_POINT('',(-102.842272455221,1.64458528637404,266.654437906651));
#6847=CARTESIAN_POINT('Origin',(-13.9930503725355,7.45043107908397,161.8745));
#6848=CARTESIAN_POINT('Ctrl Pts',(-8.99782486931447,7.23197702905262,312.247799688212));
#6849=CARTESIAN_POINT('Ctrl Pts',(-9.00249361998801,7.12522019653195,312.24614422138));
#6850=CARTESIAN_POINT('Ctrl Pts',(-9.0106664842792,7.01704641353884,312.242745847819));
#6851=CARTESIAN_POINT('Ctrl Pts',(-9.02259146902379,6.90784816454126,312.237478078865));
#6852=CARTESIAN_POINT('Ctrl Pts',(-9.03459720588761,6.7979104605077,312.232174638293));
#6853=CARTESIAN_POINT('Ctrl Pts',(-9.05040622278776,6.68693460979341,312.224976311581));
#6854=CARTESIAN_POINT('Ctrl Pts',(-9.07023503860449,6.57535513954226,312.215772085482));
#6855=CARTESIAN_POINT('Ctrl Pts',(-9.0876387143482,6.4774222655948,312.207693571465));
#6856=CARTESIAN_POINT('Ctrl Pts',(-9.10813854648645,6.37902504555895,312.198070056539));
#6857=CARTESIAN_POINT('Ctrl Pts',(-9.13185655160362,6.28047610758357,312.18683854977));
#6858=CARTESIAN_POINT('Ctrl Pts',(-9.15853027312099,6.16964608986484,312.17420738276));
#6859=CARTESIAN_POINT('Ctrl Pts',(-9.18927497582566,6.05862637623089,312.159542095724));
#6860=CARTESIAN_POINT('Ctrl Pts',(-9.22417591829988,5.94787151434134,312.142797172976));
#6861=CARTESIAN_POINT('Ctrl Pts',(-9.25950889215441,5.83574564145708,312.125844968372));
#6862=CARTESIAN_POINT('Ctrl Pts',(-9.29910171796003,5.72389158880497,312.10676128185));
#6863=CARTESIAN_POINT('Ctrl Pts',(-9.3429972995402,5.61279820941968,312.085521555288));
#6864=CARTESIAN_POINT('Ctrl Pts',(-9.37487173237353,5.53212862191285,312.070098494166));
#6865=CARTESIAN_POINT('Ctrl Pts',(-9.40901397408875,5.45186051308172,312.05353906782));
#6866=CARTESIAN_POINT('Ctrl Pts',(-9.44542544047935,5.37218482867335,312.035841354449));
#6867=CARTESIAN_POINT('Ctrl Pts',(-9.49537687232434,5.26288094959488,312.011562570569));
#6868=CARTESIAN_POINT('Ctrl Pts',(-9.54960010768373,5.15469411845995,311.985140955831));
#6869=CARTESIAN_POINT('Ctrl Pts',(-9.60800431959092,5.0480960574028,311.956618921016));
#6870=CARTESIAN_POINT('Ctrl Pts',(-9.66724349892439,4.9399740324776,311.927689125027));
#6871=CARTESIAN_POINT('Ctrl Pts',(-9.73078397953918,4.83348701061009,311.896598457525));
#6872=CARTESIAN_POINT('Ctrl Pts',(-9.79848294340176,4.72912427892943,311.863415211051));
#6873=CARTESIAN_POINT('Ctrl Pts',(-9.83977309535988,4.66547259500404,311.843176477529));
#6874=CARTESIAN_POINT('Ctrl Pts',(-9.88260922145115,4.6026110341764,311.822159796124));
#6875=CARTESIAN_POINT('Ctrl Pts',(-9.92695057775363,4.54064887780518,311.800384842381));
#6876=CARTESIAN_POINT('Ctrl Pts',(-9.99992277005609,4.43867828494933,311.764549986518));
#6877=CARTESIAN_POINT('Ctrl Pts',(-10.0769725578278,4.33914657172802,311.726660992261));
#6878=CARTESIAN_POINT('Ctrl Pts',(-10.1578272071975,4.24248765848729,311.68685145682));
#6879=CARTESIAN_POINT('Ctrl Pts',(-10.2395624040293,4.1447760814678,311.646608375681));
#6880=CARTESIAN_POINT('Ctrl Pts',(-10.3251854912922,4.05000073345348,311.604402839039));
#6881=CARTESIAN_POINT('Ctrl Pts',(-10.4143724897933,3.95858545798351,311.560394128757));
#6882=CARTESIAN_POINT('Ctrl Pts',(-10.4614877126215,3.91029309310916,311.537145446482));
#6883=CARTESIAN_POINT('Ctrl Pts',(-10.509596852375,3.86293798209185,311.513393887211));
#6884=CARTESIAN_POINT('Ctrl Pts',(-10.5586479208158,3.81657915590038,311.489165067666));
#6885=CARTESIAN_POINT('Ctrl Pts',(-10.6521889025604,3.72817231274027,311.442960415274));
#6886=CARTESIAN_POINT('Ctrl Pts',(-10.7491554772199,3.64339270555529,311.395020044288));
#6887=CARTESIAN_POINT('Ctrl Pts',(-10.8491111028538,3.56256778371944,311.345560126233));
#6888=CARTESIAN_POINT('Ctrl Pts',(-10.9491241984655,3.4816963911979,311.296071770956));
#6889=CARTESIAN_POINT('Ctrl Pts',(-11.052129267215,3.40478461347758,311.245062376306));
#6890=CARTESIAN_POINT('Ctrl Pts',(-11.1576622164367,3.33211811738591,311.192762153696));
#6891=CARTESIAN_POINT('Ctrl Pts',(-11.210230084923,3.29592162294434,311.166710467998));
#6892=CARTESIAN_POINT('Ctrl Pts',(-11.2634248071704,3.2607777804286,311.140338688392));
#6893=CARTESIAN_POINT('Ctrl Pts',(-11.3171871560516,3.22671754160639,311.113676229268));
#6894=CARTESIAN_POINT('Ctrl Pts',(-11.4256612601109,3.15799558344855,311.059880470236));
#6895=CARTESIAN_POINT('Ctrl Pts',(-11.536444678708,3.09368935042875,311.004902073759));
#6896=CARTESIAN_POINT('Ctrl Pts',(-11.6490020714033,3.03395360228446,310.949007704515));
#6897=CARTESIAN_POINT('Ctrl Pts',(-11.7602125172229,2.97493269727398,310.89378220956));
#6898=CARTESIAN_POINT('Ctrl Pts',(-11.8731541674461,2.92037364285504,310.837662815612));
#6899=CARTESIAN_POINT('Ctrl Pts',(-11.9873057616809,2.87037543986278,310.780909502388));
#6900=CARTESIAN_POINT('Ctrl Pts',(-12.0493916074975,2.84318194560725,310.750041975062));
#6901=CARTESIAN_POINT('Ctrl Pts',(-12.1118353386831,2.81733673696284,310.718986947624));
#6902=CARTESIAN_POINT('Ctrl Pts',(-12.1745533512458,2.79284924045115,310.687786158762));
#6903=CARTESIAN_POINT('Ctrl Pts',(-12.2911843647035,2.74731205873089,310.629764874652));
#6904=CARTESIAN_POINT('Ctrl Pts',(-12.4087650798685,2.7065162071801,310.571238634483));
#6905=CARTESIAN_POINT('Ctrl Pts',(-12.5267368077788,2.67038448318808,310.512487250976));
#6906=CARTESIAN_POINT('Ctrl Pts',(-12.643231771758,2.63470505423069,310.454471314221));
#6907=CARTESIAN_POINT('Ctrl Pts',(-12.7601075426497,2.60357358265688,310.3962360752));
#6908=CARTESIAN_POINT('Ctrl Pts',(-12.8768437169179,2.57686886235188,310.338042485228));
#6909=CARTESIAN_POINT('Ctrl Pts',(-12.9914177683228,2.55065875210837,310.280926724747));
#6910=CARTESIAN_POINT('Ctrl Pts',(-13.1058569915773,2.52871274060862,310.223851263356));
#6911=CARTESIAN_POINT('Ctrl Pts',(-13.2196924679537,2.51087324388018,310.167051543323));
#6912=CARTESIAN_POINT('Ctrl Pts',(-13.3324436159417,2.49320367548473,310.110792863315));
#6913=CARTESIAN_POINT('Ctrl Pts',(-13.4446021562217,2.47956261820671,310.054804851448));
#6914=CARTESIAN_POINT('Ctrl Pts',(-13.5557402545419,2.46975675744398,309.999302636577));
#6915=CARTESIAN_POINT('Ctrl Pts',(-13.6656577075908,2.4600585958209,309.944410010291));
#6916=CARTESIAN_POINT('Ctrl Pts',(-13.7745767862527,2.45411167830965,309.889992681844));
#6917=CARTESIAN_POINT('Ctrl Pts',(-13.8821148583337,2.45169183017549,309.836243377086));
#6918=CARTESIAN_POINT('Ctrl Pts',(-13.9407141470845,2.4503732145745,309.806954484615));
#6919=CARTESIAN_POINT('Ctrl Pts',(-13.9989039348518,2.45010127176208,309.777863671732));
#6920=CARTESIAN_POINT('Ctrl Pts',(-14.0566266115204,2.45083528923889,309.748999999999));
#6921=CARTESIAN_POINT('Ctrl Pts',(-11.4964225494847,7.26374988628347,314.746599376424));
#6922=CARTESIAN_POINT('Ctrl Pts',(-9.00120430902137,7.15470190685601,314.744202782245));
#6923=CARTESIAN_POINT('Ctrl Pts',(-8.99782486931447,7.23197702905262,312.247799688212));
#6924=CARTESIAN_POINT('Ctrl Pts',(-11.5054689960237,6.94319677761411,314.736659770427));
#6925=CARTESIAN_POINT('Ctrl Pts',(-9.02713604914323,6.67525441127023,314.724369432193));
#6926=CARTESIAN_POINT('Ctrl Pts',(-9.01184071708451,6.91148711266005,312.242829885209));
#6927=CARTESIAN_POINT('Ctrl Pts',(-11.529977895228,6.62381334113971,314.695768013796));
#6928=CARTESIAN_POINT('Ctrl Pts',(-9.1142671175605,6.21047177577577,314.643155234027));
#6929=CARTESIAN_POINT('Ctrl Pts',(-9.05679384171473,6.5923636505946,312.222384006898));
#6930=CARTESIAN_POINT('Ctrl Pts',(-11.6090181478637,5.99913431652971,314.553586185251));
#6931=CARTESIAN_POINT('Ctrl Pts',(-9.38683530169849,5.36038887121264,314.381418099634));
#6932=CARTESIAN_POINT('Ctrl Pts',(-9.2069192614917,5.96858856457592,312.151293092625));
#6933=CARTESIAN_POINT('Ctrl Pts',(-11.6635476152361,5.69385603057501,314.452299445157));
#6934=CARTESIAN_POINT('Ctrl Pts',(-9.56649483665333,4.98209946138232,314.206583132299));
#6935=CARTESIAN_POINT('Ctrl Pts',(-9.31208800479809,5.66395422162282,312.100649722577));
#6936=CARTESIAN_POINT('Ctrl Pts',(-11.8006162287988,5.10866913576783,314.1930659726));
#6937=CARTESIAN_POINT('Ctrl Pts',(-9.97632002787633,4.33063969610271,313.805074544536));
#6938=CARTESIAN_POINT('Ctrl Pts',(-9.57876287615713,5.0804154357315,311.971032986301));
#6939=CARTESIAN_POINT('Ctrl Pts',(-11.8831522543155,4.82877384921113,314.035125142174));
#6940=CARTESIAN_POINT('Ctrl Pts',(-10.2019911947466,4.05661476365558,313.582905916294));
#6941=CARTESIAN_POINT('Ctrl Pts',(-9.74026293275953,4.8015242775746,311.892062571087));
#6942=CARTESIAN_POINT('Ctrl Pts',(-12.073186909695,4.3046916396042,313.668414227313));
#6943=CARTESIAN_POINT('Ctrl Pts',(-10.6699436768644,3.59767105729515,313.120826847354));
#6944=CARTESIAN_POINT('Ctrl Pts',(-10.1136382227411,4.27977347804499,311.708707113656));
#6945=CARTESIAN_POINT('Ctrl Pts',(-12.180681211532,4.0605166519313,313.459652494703));
#6946=CARTESIAN_POINT('Ctrl Pts',(-10.9108481016678,3.4093580032355,312.882336344899));
#6947=CARTESIAN_POINT('Ctrl Pts',(-10.3255049525213,4.03692571895242,311.604326247351));
#6948=CARTESIAN_POINT('Ctrl Pts',(-12.4166634084495,3.61689491996378,312.999007775927));
#6949=CARTESIAN_POINT('Ctrl Pts',(-11.3945400893977,3.09783720050807,312.402644524016));
#6950=CARTESIAN_POINT('Ctrl Pts',(-10.7917908891015,3.5962325928566,311.374003887963));
#6951=CARTESIAN_POINT('Ctrl Pts',(-12.5451459273954,3.4174582818685,312.747135284155));
#6952=CARTESIAN_POINT('Ctrl Pts',(-11.6381132404733,2.97148152041036,312.160697707664));
#6953=CARTESIAN_POINT('Ctrl Pts',(-11.0461994729903,3.39839726533567,311.248067642077));
#6954=CARTESIAN_POINT('Ctrl Pts',(-12.8183601968263,3.07068119418594,312.209569632891));
#6955=CARTESIAN_POINT('Ctrl Pts',(-12.1228993276332,2.76643081265452,311.678558082167));
#6956=CARTESIAN_POINT('Ctrl Pts',(-11.5881748391034,3.05503781788317,310.979284816446));
#6957=CARTESIAN_POINT('Ctrl Pts',(-12.9630857214381,2.92334864654049,311.923888723171));
#6958=CARTESIAN_POINT('Ctrl Pts',(-12.3660381567243,2.68545784837374,311.436468500209));
#6959=CARTESIAN_POINT('Ctrl Pts',(-11.8757292710641,2.90952152201883,310.836444361585));
#6960=CARTESIAN_POINT('Ctrl Pts',(-13.4136194069802,2.56766112418895,311.0319395062));
#6961=CARTESIAN_POINT('Ctrl Pts',(-13.0823388194586,2.50137582771237,310.722566393196));
#6962=CARTESIAN_POINT('Ctrl Pts',(-12.7722015115954,2.55950467732116,310.3904697531));
#6963=CARTESIAN_POINT('Ctrl Pts',(-13.7358059611998,2.44675564536494,310.390693176435));
#6964=CARTESIAN_POINT('Ctrl Pts',(-13.5755026348891,2.44471718405486,310.230162874793));
#6965=CARTESIAN_POINT('Ctrl Pts',(-13.4149853108638,2.44267600149081,310.069846588212));
#6966=CARTESIAN_POINT('Ctrl Pts',(-14.0566266115204,2.45083528923889,309.748999999999));
#6967=CARTESIAN_POINT('Ctrl Pts',(-14.0566266115204,2.45083528923889,309.748999999999));
#6968=CARTESIAN_POINT('Ctrl Pts',(-14.0566266115204,2.45083528923889,309.748999999999));
#6969=CARTESIAN_POINT('',(-11.4964225494847,7.26374988628347,314.746599376424));
#6970=CARTESIAN_POINT('Origin',(-11.4954376209248,7.34120405406828,312.247799688212));
#6971=CARTESIAN_POINT('Ctrl Pts',(-11.4964225494847,7.26374988628347,314.746599376424));
#6972=CARTESIAN_POINT('Ctrl Pts',(-11.4994359671572,7.15697200410937,314.743288442761));
#6973=CARTESIAN_POINT('Ctrl Pts',(-11.5042107326165,7.04875500997247,314.736491695639));
#6974=CARTESIAN_POINT('Ctrl Pts',(-11.5108683742619,6.93948978000582,314.725956157732));
#6975=CARTESIAN_POINT('Ctrl Pts',(-11.5175710992917,6.82948464143057,314.715349276589));
#6976=CARTESIAN_POINT('Ctrl Pts',(-11.5261823714041,6.71841726222815,314.700952623167));
#6977=CARTESIAN_POINT('Ctrl Pts',(-11.5368077052053,6.60672075798119,314.682544170971));
#6978=CARTESIAN_POINT('Ctrl Pts',(-11.5461335200172,6.50868516368934,314.666387142932));
#6979=CARTESIAN_POINT('Ctrl Pts',(-11.5570106152159,6.41016557823922,314.647140113071));
#6980=CARTESIAN_POINT('Ctrl Pts',(-11.5694980215456,6.31147382883467,314.624677099524));
#6981=CARTESIAN_POINT('Ctrl Pts',(-11.5835415971805,6.20048320270238,314.599414765504));
#6982=CARTESIAN_POINT('Ctrl Pts',(-11.5996221984199,6.08927701631447,314.570084191434));
#6983=CARTESIAN_POINT('Ctrl Pts',(-11.6177795718377,5.97830923858752,314.536594345939));
#6984=CARTESIAN_POINT('Ctrl Pts',(-11.6361617115384,5.86596781422385,314.502689936733));
#6985=CARTESIAN_POINT('Ctrl Pts',(-11.6566723935848,5.75387110777154,314.46452256369));
#6986=CARTESIAN_POINT('Ctrl Pts',(-11.6793299656644,5.64250766000294,314.422043110567));
#6987=CARTESIAN_POINT('Ctrl Pts',(-11.6957825842084,5.56164196444477,314.39119698832));
#6988=CARTESIAN_POINT('Ctrl Pts',(-11.7133667382764,5.48116329839711,314.358078135624));
#6989=CARTESIAN_POINT('Ctrl Pts',(-11.7320819220165,5.40126258317105,314.322682708878));
#6990=CARTESIAN_POINT('Ctrl Pts',(-11.7577565327284,5.29164999333423,314.274125141114));
#6991=CARTESIAN_POINT('Ctrl Pts',(-11.7855602893279,5.18312720481513,314.221281911635));
#6992=CARTESIAN_POINT('Ctrl Pts',(-11.8154447722003,5.0761664790119,314.164237842));
#6993=CARTESIAN_POINT('Ctrl Pts',(-11.8457564942891,4.96767660455763,314.106378250019));
#6994=CARTESIAN_POINT('Ctrl Pts',(-11.8782088208362,4.86079425714412,314.044196915012));
#6995=CARTESIAN_POINT('Ctrl Pts',(-11.9127272208278,4.75600959225746,313.977830422062));
#6996=CARTESIAN_POINT('Ctrl Pts',(-11.9337802754006,4.69210056783036,313.937352955023));
#6997=CARTESIAN_POINT('Ctrl Pts',(-11.955601419115,4.62897177470068,313.895319592221));
#6998=CARTESIAN_POINT('Ctrl Pts',(-11.9781695820028,4.56673274440651,313.851769684743));
#6999=CARTESIAN_POINT('Ctrl Pts',(-12.0153098154039,4.46430650248021,313.780099973018));
#7000=CARTESIAN_POINT('Ctrl Pts',(-12.0544736719413,4.36429302130973,313.704321984506));
#7001=CARTESIAN_POINT('Ctrl Pts',(-12.0955220041526,4.26712791996271,313.624702913626));
#7002=CARTESIAN_POINT('Ctrl Pts',(-12.1370173731767,4.16890464219598,313.544216751349));
#7003=CARTESIAN_POINT('Ctrl Pts',(-12.1804383357779,4.07359264032636,313.459805678068));
#7004=CARTESIAN_POINT('Ctrl Pts',(-12.2256201817496,3.98161778320137,313.371788257507));
#7005=CARTESIAN_POINT('Ctrl Pts',(-12.249488601774,3.9330298055672,313.325290892952));
#7006=CARTESIAN_POINT('Ctrl Pts',(-12.2738481023824,3.88537268758462,313.277787774406));
#7007=CARTESIAN_POINT('Ctrl Pts',(-12.2986723099866,3.8387057859454,313.229330135313));
#7008=CARTESIAN_POINT('Ctrl Pts',(-12.3460123746156,3.74971143918261,313.136920830531));
#7009=CARTESIAN_POINT('Ctrl Pts',(-12.395042453885,3.66432225830248,313.041040088561));
#7010=CARTESIAN_POINT('Ctrl Pts',(-12.4455421599033,3.58286844135374,312.942120252454));
#7011=CARTESIAN_POINT('Ctrl Pts',(-12.4960709009745,3.50136779213475,312.843143541904));
#7012=CARTESIAN_POINT('Ctrl Pts',(-12.5480706987754,3.42380741732406,312.74112475261));
#7013=CARTESIAN_POINT('Ctrl Pts',(-12.6013076534412,3.35047591094449,312.636524307395));
#7014=CARTESIAN_POINT('Ctrl Pts',(-12.6278259423035,3.31394816285871,312.584420935992));
#7015=CARTESIAN_POINT('Ctrl Pts',(-12.6546510168966,3.27846899662571,312.531677376773));
#7016=CARTESIAN_POINT('Ctrl Pts',(-12.6817530621051,3.24406973802452,312.478352458519));
#7017=CARTESIAN_POINT('Ctrl Pts',(-12.7364357560853,3.17466375346659,312.370760940464));
#7018=CARTESIAN_POINT('Ctrl Pts',(-12.7922452227655,3.1096584565173,312.260804147521));
#7019=CARTESIAN_POINT('Ctrl Pts',(-12.8489127648258,3.04921199762194,312.149015409044));
#7020=CARTESIAN_POINT('Ctrl Pts',(-12.9049021802233,2.98948888676597,312.03856441915));
#7021=CARTESIAN_POINT('Ctrl Pts',(-12.9617289732962,2.93421626035301,311.926325631272));
#7022=CARTESIAN_POINT('Ctrl Pts',(-13.0191318423519,2.88349642492505,311.812819004842));
#7023=CARTESIAN_POINT('Ctrl Pts',(-13.0503526562493,2.85591044239743,311.751083950162));
#7024=CARTESIAN_POINT('Ctrl Pts',(-13.0817438705628,2.82967036137185,311.68897389526));
#7025=CARTESIAN_POINT('Ctrl Pts',(-13.1132636166125,2.80478613908769,311.626572317509));
#7026=CARTESIAN_POINT('Ctrl Pts',(-13.1718780365176,2.7585112023646,311.510529749294));
#7027=CARTESIAN_POINT('Ctrl Pts',(-13.2309372428919,2.71697117516904,311.393477268959));
#7028=CARTESIAN_POINT('Ctrl Pts',(-13.2901623368761,2.68009241277848,311.275974501951));
#7029=CARTESIAN_POINT('Ctrl Pts',(-13.3486460542254,2.64367529681043,311.159942628447));
#7030=CARTESIAN_POINT('Ctrl Pts',(-13.4072912939497,2.6118033497428,311.04347215041));
#7031=CARTESIAN_POINT('Ctrl Pts',(-13.465838582733,2.58435868352154,310.927084970472));
#7032=CARTESIAN_POINT('Ctrl Pts',(-13.5233014910102,2.55742233223103,310.812853449518));
#7033=CARTESIAN_POINT('Ctrl Pts',(-13.5806698669684,2.53475059209672,310.698702526742));
#7034=CARTESIAN_POINT('Ctrl Pts',(-13.6377102151155,2.51618887285302,310.585103086683));
#7035=CARTESIAN_POINT('Ctrl Pts',(-13.6942072311599,2.49780396140019,310.472585726672));
#7036=CARTESIAN_POINT('Ctrl Pts',(-13.7503822857565,2.48345100267694,310.360609702943));
#7037=CARTESIAN_POINT('Ctrl Pts',(-13.806022656116,2.47293941749788,310.249605273206));
#7038=CARTESIAN_POINT('Ctrl Pts',(-13.8610519205088,2.46254328252846,310.13982002064));
#7039=CARTESIAN_POINT('Ctrl Pts',(-13.9155580699295,2.45590443520037,310.030985363752));
#7040=CARTESIAN_POINT('Ctrl Pts',(-13.9693511824531,2.45280115133585,309.923486754241));
#7041=CARTESIAN_POINT('Ctrl Pts',(-13.9986639465187,2.45111012020786,309.864908969276));
#7042=CARTESIAN_POINT('Ctrl Pts',(-14.0277652731747,2.45046828050034,309.806727343487));
#7043=CARTESIAN_POINT('Ctrl Pts',(-14.0566266115204,2.45083528923889,309.749));
#7044=CARTESIAN_POINT('Ctrl Pts',(-11.4920327736322,7.41862744949909,314.749));
#7045=CARTESIAN_POINT('Ctrl Pts',(-8.99447360982049,7.30818188254218,314.749));
#7046=CARTESIAN_POINT('Ctrl Pts',(-8.99447360982055,7.30818188254217,312.249));
#7047=CARTESIAN_POINT('Ctrl Pts',(-11.4935062008467,7.3668659248634,314.749));
#7048=CARTESIAN_POINT('Ctrl Pts',(-8.99674260623314,7.25687196556842,314.748185387538));
#7049=CARTESIAN_POINT('Ctrl Pts',(-8.99559985495829,7.28271355509401,312.2489999993));
#7050=CARTESIAN_POINT('Ctrl Pts',(-11.4949694082552,7.31524070535743,314.748195986908));
#7051=CARTESIAN_POINT('Ctrl Pts',(-8.99898603267306,7.20571277537901,314.7465824835));
#7052=CARTESIAN_POINT('Ctrl Pts',(-8.99671689502056,7.25731224920134,312.248597994022));
#7053=CARTESIAN_POINT('Ctrl Pts',(-11.4964225494847,7.26374988628345,314.746599376424));
#7054=CARTESIAN_POINT('Ctrl Pts',(-9.00120430902139,7.15470190685599,314.744202782245));
#7055=CARTESIAN_POINT('Ctrl Pts',(-8.99782486931448,7.23197702905261,312.247799688212));
#7056=CARTESIAN_POINT('Ctrl Pts',(-11.4920327736367,7.41862744934158,314.749));
#7057=CARTESIAN_POINT('Ctrl Pts',(-11.4935025101873,7.36699557779314,314.748999999998));
#7058=CARTESIAN_POINT('Ctrl Pts',(-11.4949661169008,7.31535733128743,314.748199603207));
#7059=CARTESIAN_POINT('Ctrl Pts',(-11.4964225494847,7.26374988628347,314.746599376424));
#7060=CARTESIAN_POINT('Origin',(-102.763355700738,8.57925876507708,309.749));
#7061=CARTESIAN_POINT('Ctrl Pts',(-102.71286208386,8.57861667431839,314.749));
#7062=CARTESIAN_POINT('Ctrl Pts',(-102.714216178429,8.47213152182478,314.749));
#7063=CARTESIAN_POINT('Ctrl Pts',(-102.713882861116,8.36402408253194,314.745584193507));
#7064=CARTESIAN_POINT('Ctrl Pts',(-102.711722296512,8.25467201026341,314.738482536232));
#7065=CARTESIAN_POINT('Ctrl Pts',(-102.709547795288,8.14461456763152,314.731335070054));
#7066=CARTESIAN_POINT('Ctrl Pts',(-102.70552230294,8.03329660772724,314.720453865326));
#7067=CARTESIAN_POINT('Ctrl Pts',(-102.699520166905,7.9211395470629,314.705598354066));
#7068=CARTESIAN_POINT('Ctrl Pts',(-102.693871507508,7.81558761839425,314.69161771071));
#7069=CARTESIAN_POINT('Ctrl Pts',(-102.686472263239,7.70929304563453,314.674117294845));
#7070=CARTESIAN_POINT('Ctrl Pts',(-102.677232277206,7.6026331219228,314.652926402015));
#7071=CARTESIAN_POINT('Ctrl Pts',(-102.667548468044,7.49085001502185,314.630717649599));
#7072=CARTESIAN_POINT('Ctrl Pts',(-102.655842572473,7.37866821225464,314.604454912271));
#7073=CARTESIAN_POINT('Ctrl Pts',(-102.642055418376,7.26653727464049,314.574031287922));
#7074=CARTESIAN_POINT('Ctrl Pts',(-102.628098269641,7.15302377048076,314.543232542433));
#7075=CARTESIAN_POINT('Ctrl Pts',(-102.612008170851,7.03956275443354,314.508169576496));
#7076=CARTESIAN_POINT('Ctrl Pts',(-102.593745870657,6.92664049847465,314.468776259895));
#7077=CARTESIAN_POINT('Ctrl Pts',(-102.579463731209,6.83832898299185,314.437968484586));
#7078=CARTESIAN_POINT('Ctrl Pts',(-102.563853492393,6.75034745000518,314.404513116894));
#7079=CARTESIAN_POINT('Ctrl Pts',(-102.546905872839,6.66293447050061,314.368397662554));
#7080=CARTESIAN_POINT('Ctrl Pts',(-102.525328176472,6.55164033126459,314.322415493467));
#7081=CARTESIAN_POINT('Ctrl Pts',(-102.501582086295,6.44127007556967,314.272120382175));
#7082=CARTESIAN_POINT('Ctrl Pts',(-102.475697399083,6.3322990765919,314.217584006382));
#7083=CARTESIAN_POINT('Ctrl Pts',(-102.449439980197,6.22175892816163,314.162262323259));
#7084=CARTESIAN_POINT('Ctrl Pts',(-102.420981952038,6.11265910430678,314.102576405559));
#7085=CARTESIAN_POINT('Ctrl Pts',(-102.390378509464,6.00549533839238,314.038649240823));
#7086=CARTESIAN_POINT('Ctrl Pts',(-102.370146126986,5.9346478089174,313.996386059334));
#7087=CARTESIAN_POINT('Ctrl Pts',(-102.348976539929,5.86464645720381,313.952270138938));
#7088=CARTESIAN_POINT('Ctrl Pts',(-102.32689124139,5.7956328122397,313.906348061506));
#7089=CARTESIAN_POINT('Ctrl Pts',(-102.293364160268,5.69086510583098,313.836635025359));
#7090=CARTESIAN_POINT('Ctrl Pts',(-102.257726364671,5.58837664589303,313.7627588639));
#7091=CARTESIAN_POINT('Ctrl Pts',(-102.220101305199,5.48861208254497,313.684977766039));
#7092=CARTESIAN_POINT('Ctrl Pts',(-102.182060575171,5.38774534973837,313.60633736556));
#7093=CARTESIAN_POINT('Ctrl Pts',(-102.141988561494,5.28966355729078,313.523705548621));
#7094=CARTESIAN_POINT('Ctrl Pts',(-102.10003467586,5.19480374913185,313.437392228695));
#7095=CARTESIAN_POINT('Ctrl Pts',(-102.075851928903,5.14012536350728,313.387640146301));
#7096=CARTESIAN_POINT('Ctrl Pts',(-102.051044319673,5.08651702949118,313.336665652334));
#7097=CARTESIAN_POINT('Ctrl Pts',(-102.02564342176,5.03405806348051,313.284533905924));
#7098=CARTESIAN_POINT('Ctrl Pts',(-101.981241087311,4.94235655900566,313.193404401469));
#7099=CARTESIAN_POINT('Ctrl Pts',(-101.935025815054,4.85417120909634,313.098738732078));
#7100=CARTESIAN_POINT('Ctrl Pts',(-101.887207485963,4.76984443543148,313.000965333713));
#7101=CARTESIAN_POINT('Ctrl Pts',(-101.83936214627,4.68547002904958,312.903136707188));
#7102=CARTESIAN_POINT('Ctrl Pts',(-101.789912186074,4.60495895646205,312.802197345592));
#7103=CARTESIAN_POINT('Ctrl Pts',(-101.739082331536,4.52861288382674,312.69860433643));
#7104=CARTESIAN_POINT('Ctrl Pts',(-101.711365405279,4.48698226173644,312.642116277951));
#7105=CARTESIAN_POINT('Ctrl Pts',(-101.68323841243,4.44658930267088,312.584839626972));
#7106=CARTESIAN_POINT('Ctrl Pts',(-101.654739198716,4.4074771147216,312.526851165088));
#7107=CARTESIAN_POINT('Ctrl Pts',(-101.602205454126,4.33538004872138,312.419958705656));
#7108=CARTESIAN_POINT('Ctrl Pts',(-101.54840767279,4.26763927484331,312.310649159779));
#7109=CARTESIAN_POINT('Ctrl Pts',(-101.493610410475,4.20442424431823,312.199455905438));
#7110=CARTESIAN_POINT('Ctrl Pts',(-101.439483887843,4.14198299021567,312.089623699535));
#7111=CARTESIAN_POINT('Ctrl Pts',(-101.384382482643,4.08395747572296,311.977954180566));
#7112=CARTESIAN_POINT('Ctrl Pts',(-101.328564710585,4.03046094835851,311.864967218095));
#7113=CARTESIAN_POINT('Ctrl Pts',(-101.295421688234,3.99869621578626,311.7978787392));
#7114=CARTESIAN_POINT('Ctrl Pts',(-101.262026147022,3.96852728204873,311.730325845368));
#7115=CARTESIAN_POINT('Ctrl Pts',(-101.228432213546,3.93996912043147,311.662417161818));
#7116=CARTESIAN_POINT('Ctrl Pts',(-101.171195135119,3.89131195030802,311.546714883339));
#7117=CARTESIAN_POINT('Ctrl Pts',(-101.113380553591,3.84737833640877,311.429977814407));
#7118=CARTESIAN_POINT('Ctrl Pts',(-101.055269882928,3.80810173151681,311.312767045124));
#7119=CARTESIAN_POINT('Ctrl Pts',(-100.997890074957,3.76931911172007,311.197030445342));
#7120=CARTESIAN_POINT('Ctrl Pts',(-100.940221818507,3.73507697296608,311.080832461923));
#7121=CARTESIAN_POINT('Ctrl Pts',(-100.882528099815,3.70526415603719,310.964696197985));
#7122=CARTESIAN_POINT('Ctrl Pts',(-100.825908174522,3.6760062141758,310.850721457979));
#7123=CARTESIAN_POINT('Ctrl Pts',(-100.769263905099,3.6510140667351,310.736806514913));
#7124=CARTESIAN_POINT('Ctrl Pts',(-100.712833111174,3.6301393345394,310.623423196239));
#7125=CARTESIAN_POINT('Ctrl Pts',(-100.656932324215,3.60946066113877,310.511104791675));
#7126=CARTESIAN_POINT('Ctrl Pts',(-100.601241177052,3.59282228625506,310.399308379602));
#7127=CARTESIAN_POINT('Ctrl Pts',(-100.545977707363,3.58003934754172,310.288465298982));
#7128=CARTESIAN_POINT('Ctrl Pts',(-100.491317718088,3.56739599928797,310.178832631469));
#7129=CARTESIAN_POINT('Ctrl Pts',(-100.4370762311,3.55852417821452,310.070132812672));
#7130=CARTESIAN_POINT('Ctrl Pts',(-100.383449310987,3.55320734138994,309.96275243327));
#7131=CARTESIAN_POINT('Ctrl Pts',(-100.347553082163,3.54964841257436,309.890875274146));
#7132=CARTESIAN_POINT('Ctrl Pts',(-100.31193190224,3.54768154110167,309.819588655163));
#7133=CARTESIAN_POINT('Ctrl Pts',(-100.276640427923,3.54723276498063,309.749));
#7134=CARTESIAN_POINT('Ctrl Pts',(-100.276640427923,3.54723276498063,309.749));
#7135=CARTESIAN_POINT('Ctrl Pts',(-100.276640427923,3.54723276498063,309.749));
#7136=CARTESIAN_POINT('Ctrl Pts',(-100.276640427923,3.54723276498063,309.749));
#7137=CARTESIAN_POINT('Ctrl Pts',(-100.60392220129,3.55139457027725,310.40361646725));
#7138=CARTESIAN_POINT('Ctrl Pts',(-100.767443033896,3.55347394628479,310.239842286672));
#7139=CARTESIAN_POINT('Ctrl Pts',(-100.931203974654,3.55555637557383,310.076308233623));
#7140=CARTESIAN_POINT('Ctrl Pts',(-100.929302523222,3.68567933781661,311.057739430502));
#7141=CARTESIAN_POINT('Ctrl Pts',(-101.269323635356,3.6253792912064,310.742596609345));
#7142=CARTESIAN_POINT('Ctrl Pts',(-101.583619337894,3.69399981089551,310.403369715251));
#7143=CARTESIAN_POINT('Ctrl Pts',(-101.377997058697,4.06711401174289,311.964756027487));
#7144=CARTESIAN_POINT('Ctrl Pts',(-101.994682495415,3.83603139033658,311.470575323569));
#7145=CARTESIAN_POINT('Ctrl Pts',(-102.485785509333,4.08120095521729,310.856878013743));
#7146=CARTESIAN_POINT('Ctrl Pts',(-101.521013060466,4.22395198645578,312.254753375038));
#7147=CARTESIAN_POINT('Ctrl Pts',(-102.240565137338,3.92696238829969,311.717594297998));
#7148=CARTESIAN_POINT('Ctrl Pts',(-102.773788462893,4.23988262400173,311.001876687518));
#7149=CARTESIAN_POINT('Ctrl Pts',(-101.788465336939,4.59100224299938,312.798948955157));
#7150=CARTESIAN_POINT('Ctrl Pts',(-102.729563558172,4.1543131247311,312.209444008178));
#7151=CARTESIAN_POINT('Ctrl Pts',(-103.31331653248,4.61039267136109,311.273974477579));
#7152=CARTESIAN_POINT('Ctrl Pts',(-101.912895010947,4.80120546631274,313.053133757015));
#7153=CARTESIAN_POINT('Ctrl Pts',(-102.974610282528,4.29325472775692,312.456237599359));
#7154=CARTESIAN_POINT('Ctrl Pts',(-103.564828333015,4.8222119060536,311.401066878507));
#7155=CARTESIAN_POINT('Ctrl Pts',(-102.138391832537,5.26691066066522,313.51593405485));
#7156=CARTESIAN_POINT('Ctrl Pts',(-103.459062795235,4.63384604637077,312.944981650958));
#7157=CARTESIAN_POINT('Ctrl Pts',(-104.02170659666,5.29085941063326,311.632467027425));
#7158=CARTESIAN_POINT('Ctrl Pts',(-102.239453416173,5.52240114123201,313.724538131612));
#7159=CARTESIAN_POINT('Ctrl Pts',(-103.699083850096,4.83892008652325,313.187590869264));
#7160=CARTESIAN_POINT('Ctrl Pts',(-104.227061786691,5.54767611746715,311.736769065806));
#7161=CARTESIAN_POINT('Ctrl Pts',(-102.414329066569,6.06886448326409,314.088157991413));
#7162=CARTESIAN_POINT('Ctrl Pts',(-104.160564756406,5.33687103249862,313.655366038191));
#7163=CARTESIAN_POINT('Ctrl Pts',(-104.583732669104,6.09645121780982,311.918578995706));
#7164=CARTESIAN_POINT('Ctrl Pts',(-102.488138819686,6.35982386580111,314.243164805075));
#7165=CARTESIAN_POINT('Ctrl Pts',(-104.38017188607,5.63323450239627,313.878723749318));
#7166=CARTESIAN_POINT('Ctrl Pts',(-104.735039563518,6.38839607537339,311.996082402535));
#7167=CARTESIAN_POINT('Ctrl Pts',(-102.605672925961,6.96604507521098,314.493630520037));
#7168=CARTESIAN_POINT('Ctrl Pts',(-104.768585523064,6.33353946604993,314.276010537327));
#7169=CARTESIAN_POINT('Ctrl Pts',(-104.977796403196,6.99620965159138,312.121315260021));
#7170=CARTESIAN_POINT('Ctrl Pts',(-102.649394380829,7.28129195408266,314.589083245069));
#7171=CARTESIAN_POINT('Ctrl Pts',(-104.932237492036,6.73760258298799,314.444787038993));
#7172=CARTESIAN_POINT('Ctrl Pts',(-105.069240362283,7.31206338299163,312.169041622536));
#7173=CARTESIAN_POINT('Ctrl Pts',(-102.705070173565,7.92397428976627,314.716769558962));
#7174=CARTESIAN_POINT('Ctrl Pts',(-105.160214184224,7.63470571397979,314.684152189687));
#7175=CARTESIAN_POINT('Ctrl Pts',(-105.188754150757,7.95555750023759,312.232884779479));
#7176=CARTESIAN_POINT('Ctrl Pts',(-102.717023186092,8.25139018930624,314.749));
#7177=CARTESIAN_POINT('Ctrl Pts',(-105.218909509267,8.11894560378358,314.748999999872));
#7178=CARTESIAN_POINT('Ctrl Pts',(-105.216821081018,8.2831783087984,312.24899999999));
#7179=CARTESIAN_POINT('Ctrl Pts',(-102.71286208386,8.57861667431839,314.749));
#7180=CARTESIAN_POINT('Ctrl Pts',(-105.212659978783,8.6104047938111,314.749));
#7181=CARTESIAN_POINT('Ctrl Pts',(-105.212659978783,8.6104047938111,312.249));
#7182=CARTESIAN_POINT('Origin',(-102.71286208386,8.57861667431839,312.249));
#7183=CARTESIAN_POINT('Ctrl Pts',(-102.712862068534,8.57861667412349,314.749));
#7184=CARTESIAN_POINT('Ctrl Pts',(-102.712541032285,8.6038627645664,314.749));
#7185=CARTESIAN_POINT('Ctrl Pts',(-102.711710180229,8.62909722179826,314.749));
#7186=CARTESIAN_POINT('Ctrl Pts',(-103.748312264291,8.59178374439679,314.749000006349));
#7187=CARTESIAN_POINT('Ctrl Pts',(-103.747858250472,8.6274871080075,314.749000006349));
#7188=CARTESIAN_POINT('Ctrl Pts',(-103.746683248223,8.66317401977332,314.749000006349));
#7189=CARTESIAN_POINT('Ctrl Pts',(-104.480486121537,8.60109426910394,314.016766958385));
#7190=CARTESIAN_POINT('Ctrl Pts',(-104.479938078377,8.644192041507,314.016766958385));
#7191=CARTESIAN_POINT('Ctrl Pts',(-104.478519725191,8.68726995477648,314.016766958385));
#7192=CARTESIAN_POINT('Ctrl Pts',(-105.212659978783,8.6104047938111,313.284533910422));
#7193=CARTESIAN_POINT('Ctrl Pts',(-105.212017906281,8.66089697500649,313.284533910422));
#7194=CARTESIAN_POINT('Ctrl Pts',(-105.210356202159,8.71136588977964,313.284533910422));
#7195=CARTESIAN_POINT('Ctrl Pts',(-105.212659978783,8.6104047938111,312.249));
#7196=CARTESIAN_POINT('Ctrl Pts',(-105.212017906281,8.66089697500649,312.249));
#7197=CARTESIAN_POINT('Ctrl Pts',(-105.210356202159,8.71136588977964,312.249));
#7198=CARTESIAN_POINT('Origin',(-124.064035353717,9.47861382567251,279.154437906651));
#7199=CARTESIAN_POINT('',(-113.664470133362,4.9724227356706,279.154437906651));
#7200=CARTESIAN_POINT('Ctrl Pts',(-113.428262580259,8.96568013009353,275.154437906651));
#7201=CARTESIAN_POINT('Ctrl Pts',(-113.435595610019,8.88116014640026,275.154437906651));
#7202=CARTESIAN_POINT('Ctrl Pts',(-113.442752880536,8.79693183973325,275.157188732647));
#7203=CARTESIAN_POINT('Ctrl Pts',(-113.449740771665,8.71298996527318,275.162602270709));
#7204=CARTESIAN_POINT('Ctrl Pts',(-113.457125146904,8.62428533496585,275.168322966078));
#7205=CARTESIAN_POINT('Ctrl Pts',(-113.464320440461,8.535899828548,275.177016772727));
#7206=CARTESIAN_POINT('Ctrl Pts',(-113.471330670675,8.4478271736447,275.188641995053));
#7207=CARTESIAN_POINT('Ctrl Pts',(-113.47834090089,8.3597545187414,275.20026721738));
#7208=CARTESIAN_POINT('Ctrl Pts',(-113.485166106015,8.27199391479428,275.214824047261));
#7209=CARTESIAN_POINT('Ctrl Pts',(-113.491806157353,8.1845507681403,275.232331569592));
#7210=CARTESIAN_POINT('Ctrl Pts',(-113.500876309356,8.06510551218054,275.256246428173));
#7211=CARTESIAN_POINT('Ctrl Pts',(-113.509537485751,7.94708455713323,275.285505758661));
#7212=CARTESIAN_POINT('Ctrl Pts',(-113.517788646844,7.83092374627016,275.319945996128));
#7213=CARTESIAN_POINT('Ctrl Pts',(-113.526054136021,7.71456122296905,275.354446038826));
#7214=CARTESIAN_POINT('Ctrl Pts',(-113.533908223703,7.60006439526847,275.394145232933));
#7215=CARTESIAN_POINT('Ctrl Pts',(-113.541346301226,7.48788278442242,275.438929500339));
#7216=CARTESIAN_POINT('Ctrl Pts',(-113.542498601755,7.47050370641486,275.445867440265));
#7217=CARTESIAN_POINT('Ctrl Pts',(-113.543640910443,7.45318023149463,275.45292751574));
#7218=CARTESIAN_POINT('Ctrl Pts',(-113.544773201569,7.43591407750062,275.460109404926));
#7219=CARTESIAN_POINT('Ctrl Pts',(-113.544776397661,7.43586534072456,275.46012967708));
#7220=CARTESIAN_POINT('Ctrl Pts',(-113.54477959367,7.43581660441811,275.460149950198));
#7221=CARTESIAN_POINT('Ctrl Pts',(-113.544782789596,7.43576786858132,275.460170224282));
#7222=CARTESIAN_POINT('Ctrl Pts',(-113.560516229808,7.19584289954654,275.559978891956));
#7223=CARTESIAN_POINT('Ctrl Pts',(-113.574532940314,6.96362069678983,275.684294138161));
#7224=CARTESIAN_POINT('Ctrl Pts',(-113.58675424807,6.74556434165668,275.830493814294));
#7225=CARTESIAN_POINT('Ctrl Pts',(-113.586756563821,6.74552302331589,275.830521516894));
#7226=CARTESIAN_POINT('Ctrl Pts',(-113.586758879507,6.74548170548395,275.83054922028));
#7227=CARTESIAN_POINT('Ctrl Pts',(-113.586761195129,6.7454403881609,275.830576924452));
#7228=CARTESIAN_POINT('Ctrl Pts',(-113.598981989103,6.52738642886912,275.976786887257));
#7229=CARTESIAN_POINT('Ctrl Pts',(-113.609264958424,6.32647902914669,276.142338636907));
#7230=CARTESIAN_POINT('Ctrl Pts',(-113.618053806729,6.14233976902109,276.326789071831));
#7231=CARTESIAN_POINT('Ctrl Pts',(-113.618055154145,6.14231153866698,276.326817349891));
#7232=CARTESIAN_POINT('Ctrl Pts',(-113.618056501527,6.142283308707,276.326845628396));
#7233=CARTESIAN_POINT('Ctrl Pts',(-113.618057848873,6.14225507914116,276.326873907344));
#7234=CARTESIAN_POINT('Ctrl Pts',(-113.626846556943,5.95811430014158,276.511336809039));
#7235=CARTESIAN_POINT('Ctrl Pts',(-113.634182023898,5.78948887641837,276.717139729092));
#7236=CARTESIAN_POINT('Ctrl Pts',(-113.640103346671,5.6446226717632,276.934445789523));
#7237=CARTESIAN_POINT('Ctrl Pts',(-113.640104024114,5.64460609801811,276.934470650913));
#7238=CARTESIAN_POINT('Ctrl Pts',(-113.640104701537,5.64458952458398,276.934495512454));
#7239=CARTESIAN_POINT('Ctrl Pts',(-113.640105378943,5.64457295146084,276.934520374145));
#7240=CARTESIAN_POINT('Ctrl Pts',(-113.64602660846,5.49970654846713,277.1518375195));
#7241=CARTESIAN_POINT('Ctrl Pts',(-113.650616653279,5.37704869953541,277.381482750362));
#7242=CARTESIAN_POINT('Ctrl Pts',(-113.65420613661,5.27681934930888,277.623569478934));
#7243=CARTESIAN_POINT('Ctrl Pts',(-113.654206414505,5.27681158962108,277.623588221123));
#7244=CARTESIAN_POINT('Ctrl Pts',(-113.654206692395,5.2768038300677,277.623606963386));
#7245=CARTESIAN_POINT('Ctrl Pts',(-113.654206970278,5.27679607064875,277.623625705725));
#7246=CARTESIAN_POINT('Ctrl Pts',(-113.656001773178,5.22667925907701,277.744679387836));
#7247=CARTESIAN_POINT('Ctrl Pts',(-113.657548081382,5.18205472332404,277.8695209893));
#7248=CARTESIAN_POINT('Ctrl Pts',(-113.658840008281,5.14404142816305,277.99510720877));
#7249=CARTESIAN_POINT('Ctrl Pts',(-113.660131831063,5.10603119654811,278.120683307066));
#7250=CARTESIAN_POINT('Ctrl Pts',(-113.661177423097,5.07441518934572,278.247349248167));
#7251=CARTESIAN_POINT('Ctrl Pts',(-113.662006276714,5.0490522688131,278.375080837918));
#7252=CARTESIAN_POINT('Ctrl Pts',(-113.662006342785,5.04905024705473,278.375091019805));
#7253=CARTESIAN_POINT('Ctrl Pts',(-113.662006408854,5.0490482253361,278.3751012017));
#7254=CARTESIAN_POINT('Ctrl Pts',(-113.662006474921,5.0490462036572,278.375111383601));
#7255=CARTESIAN_POINT('Ctrl Pts',(-113.663664242107,4.99831840719067,278.63059479254));
#7256=CARTESIAN_POINT('Ctrl Pts',(-113.664470133391,4.97242273567201,278.890310040838));
#7257=CARTESIAN_POINT('Ctrl Pts',(-113.664470133362,4.9724227356706,279.154437906651));
#7258=CARTESIAN_POINT('Ctrl Pts',(-113.664470133362,4.9724227356706,279.154437906651));
#7259=CARTESIAN_POINT('Ctrl Pts',(-113.664470133365,4.97242273567076,279.239229405758));
#7260=CARTESIAN_POINT('Ctrl Pts',(-113.664388210018,4.97517391664413,279.323714983131));
#7261=CARTESIAN_POINT('Ctrl Pts',(-113.664222049987,4.98058675578718,279.407900302306));
#7262=CARTESIAN_POINT('Ctrl Pts',(-113.664046324293,4.98631120653743,279.496932084109));
#7263=CARTESIAN_POINT('Ctrl Pts',(-113.663776413101,4.99501225701627,279.585628778624));
#7264=CARTESIAN_POINT('Ctrl Pts',(-113.663407708669,5.00664653091257,279.673997137583));
#7265=CARTESIAN_POINT('Ctrl Pts',(-113.663039004236,5.01828080480888,279.762365496541));
#7266=CARTESIAN_POINT('Ctrl Pts',(-113.662571521555,5.03284849722617,279.850406324606));
#7267=CARTESIAN_POINT('Ctrl Pts',(-113.66199852094,5.05036722569038,279.938114606585));
#7268=CARTESIAN_POINT('Ctrl Pts',(-113.661206572423,5.07457999383732,280.059336891665));
#7269=CARTESIAN_POINT('Ctrl Pts',(-113.660218312485,5.10426760827386,280.179083260123));
#7270=CARTESIAN_POINT('Ctrl Pts',(-113.659023375783,5.13925807764477,280.296894965459));
#7271=CARTESIAN_POINT('Ctrl Pts',(-113.6578257433,5.17432748559824,280.414972454284));
#7272=CARTESIAN_POINT('Ctrl Pts',(-113.65642051719,5.21472394506989,280.531107467639));
#7273=CARTESIAN_POINT('Ctrl Pts',(-113.654795447324,5.26032468157852,280.644826365125));
#7274=CARTESIAN_POINT('Ctrl Pts',(-113.654586631599,5.26618421481836,280.65943884095));
#7275=CARTESIAN_POINT('Ctrl Pts',(-113.654374183305,5.27212974279968,280.674011396385));
#7276=CARTESIAN_POINT('Ctrl Pts',(-113.654158074062,5.27816106202165,280.688543000141));
#7277=CARTESIAN_POINT('Ctrl Pts',(-113.654157788835,5.27816902232729,280.688562179362));
#7278=CARTESIAN_POINT('Ctrl Pts',(-113.654157503601,5.27817698278933,280.688581358536));
#7279=CARTESIAN_POINT('Ctrl Pts',(-113.65415721836,5.27818494340776,280.688600537661));
#7280=CARTESIAN_POINT('Ctrl Pts',(-113.650581197211,5.37798601580824,280.929046340209));
#7281=CARTESIAN_POINT('Ctrl Pts',(-113.64593036437,5.50224628634904,281.161649392751));
#7282=CARTESIAN_POINT('Ctrl Pts',(-113.639949581796,5.64838217187481,281.380059137432));
#7283=CARTESIAN_POINT('Ctrl Pts',(-113.639948878589,5.64839935418792,281.380084817535));
#7284=CARTESIAN_POINT('Ctrl Pts',(-113.639948175366,5.64841653676789,281.3801104974));
#7285=CARTESIAN_POINT('Ctrl Pts',(-113.639947472126,5.64843371961472,281.380136177027));
#7286=CARTESIAN_POINT('Ctrl Pts',(-113.633966636096,5.79456841510946,281.598533305936));
#7287=CARTESIAN_POINT('Ctrl Pts',(-113.62676138463,5.9600056500384,281.799695704863));
#7288=CARTESIAN_POINT('Ctrl Pts',(-113.617961421917,6.14427487329594,281.984023788717));
#7289=CARTESIAN_POINT('Ctrl Pts',(-113.617960042188,6.14430376450276,281.984052689153));
#7290=CARTESIAN_POINT('Ctrl Pts',(-113.617958662417,6.14433265623259,281.984081589205));
#7291=CARTESIAN_POINT('Ctrl Pts',(-113.617957282602,6.14436154848538,281.984110488875));
#7292=CARTESIAN_POINT('Ctrl Pts',(-113.609157115931,6.32863029885069,282.168426543867));
#7293=CARTESIAN_POINT('Ctrl Pts',(-113.598618426798,6.53417476279558,282.337174123443));
#7294=CARTESIAN_POINT('Ctrl Pts',(-113.586440599869,6.75115665376533,282.482124645487));
#7295=CARTESIAN_POINT('Ctrl Pts',(-113.586438218326,6.75119908757839,282.482152992569));
#7296=CARTESIAN_POINT('Ctrl Pts',(-113.58643583672,6.75124152185968,282.482181338799));
#7297=CARTESIAN_POINT('Ctrl Pts',(-113.586433455051,6.75128395660918,282.482209684178));
#7298=CARTESIAN_POINT('Ctrl Pts',(-113.574255123834,6.96826806687483,282.627149785255));
#7299=CARTESIAN_POINT('Ctrl Pts',(-113.560418675786,7.19749664327349,282.749835672028));
#7300=CARTESIAN_POINT('Ctrl Pts',(-113.544567247127,7.43905343324073,282.850070664922));
#7301=CARTESIAN_POINT('Ctrl Pts',(-113.544563959442,7.43910353362131,282.850091454283));
#7302=CARTESIAN_POINT('Ctrl Pts',(-113.544560671662,7.43915363464883,282.850112242698));
#7303=CARTESIAN_POINT('Ctrl Pts',(-113.544557383786,7.43920373632309,282.850133030168));
#7304=CARTESIAN_POINT('Ctrl Pts',(-113.53663266123,7.55996313225312,282.900236790085));
#7305=CARTESIAN_POINT('Ctrl Pts',(-113.528154029535,7.68448050799322,282.944846449892));
#7306=CARTESIAN_POINT('Ctrl Pts',(-113.519293829033,7.80971909957291,282.982846110014));
#7307=CARTESIAN_POINT('Ctrl Pts',(-113.510429557315,7.93501523762809,283.020863230781));
#7308=CARTESIAN_POINT('Ctrl Pts',(-113.501164430768,8.06137306870348,283.052478821279));
#7309=CARTESIAN_POINT('Ctrl Pts',(-113.491483653274,8.18876498892164,283.077837914022));
#7310=CARTESIAN_POINT('Ctrl Pts',(-113.491480540346,8.18880595276216,283.077846068431));
#7311=CARTESIAN_POINT('Ctrl Pts',(-113.491477427376,8.1888469167092,283.077854222198));
#7312=CARTESIAN_POINT('Ctrl Pts',(-113.491474314362,8.18888788076278,283.077862375323));
#7313=CARTESIAN_POINT('Ctrl Pts',(-113.472113558759,8.44365550109538,283.128569080677));
#7314=CARTESIAN_POINT('Ctrl Pts',(-113.451093587065,8.70253155627737,283.154437906651));
#7315=CARTESIAN_POINT('Ctrl Pts',(-113.428262580259,8.96568013009353,283.154437906651));
#7316=CARTESIAN_POINT('Origin',(-17.3192420309391,14.3376952116929,198.063198828998));
#7317=CARTESIAN_POINT('',(-106.119744571359,4.60856163717993,279.154437906651));
#7318=CARTESIAN_POINT('Ctrl Pts',(-106.080741966431,7.60329806129048,283.025643165074));
#7319=CARTESIAN_POINT('Ctrl Pts',(-106.082780223869,7.51170797091208,283.001823625446));
#7320=CARTESIAN_POINT('Ctrl Pts',(-106.084711208029,7.42145359086329,282.97488715544));
#7321=CARTESIAN_POINT('Ctrl Pts',(-106.086542029959,7.33250988108216,282.944912933898));
#7322=CARTESIAN_POINT('Ctrl Pts',(-106.088387767378,7.24284155744518,282.914694515927));
#7323=CARTESIAN_POINT('Ctrl Pts',(-106.090131737982,7.15450464011669,282.881388482781));
#7324=CARTESIAN_POINT('Ctrl Pts',(-106.091780808881,7.06748216334272,282.845023948811));
#7325=CARTESIAN_POINT('Ctrl Pts',(-106.092322838101,7.03887895090845,282.833071375995));
#7326=CARTESIAN_POINT('Ctrl Pts',(-106.092854609237,7.01041785970243,282.820787972653));
#7327=CARTESIAN_POINT('Ctrl Pts',(-106.093376346813,6.98209868800134,282.808173612106));
#7328=CARTESIAN_POINT('Ctrl Pts',(-106.094974992808,6.89532646286083,282.769522194441));
#7329=CARTESIAN_POINT('Ctrl Pts',(-106.09648305908,6.80965780540758,282.727656387652));
#7330=CARTESIAN_POINT('Ctrl Pts',(-106.097901287771,6.72544208697604,282.682690469549));
#7331=CARTESIAN_POINT('Ctrl Pts',(-106.099318291543,6.64129910536055,282.637763388349));
#7332=CARTESIAN_POINT('Ctrl Pts',(-106.100645590673,6.55860701393502,282.589741730453));
#7333=CARTESIAN_POINT('Ctrl Pts',(-106.101884871101,6.47769466987029,282.538787656264));
#7334=CARTESIAN_POINT('Ctrl Pts',(-106.102263242836,6.45299086330686,282.523230578948));
#7335=CARTESIAN_POINT('Ctrl Pts',(-106.102633417608,6.42845279610412,282.507400477077));
#7336=CARTESIAN_POINT('Ctrl Pts',(-106.10299546577,6.40408936394924,282.491302816113));
#7337=CARTESIAN_POINT('Ctrl Pts',(-106.104362818241,6.31207564144051,282.430506549827));
#7338=CARTESIAN_POINT('Ctrl Pts',(-106.105607501836,6.22299656258986,282.366193517761));
#7339=CARTESIAN_POINT('Ctrl Pts',(-106.10674447899,6.13688631176177,282.298502908638));
#7340=CARTESIAN_POINT('Ctrl Pts',(-106.107858894628,6.05248478290387,282.232155512778));
#7341=CARTESIAN_POINT('Ctrl Pts',(-106.108869868943,5.97093474338212,282.16256252177));
#7342=CARTESIAN_POINT('Ctrl Pts',(-106.109790273918,5.89229362343617,282.089807719695));
#7343=CARTESIAN_POINT('Ctrl Pts',(-106.110738629505,5.81126435108532,282.014843519336));
#7344=CARTESIAN_POINT('Ctrl Pts',(-106.111590876998,5.73332241123157,281.936522066599));
#7345=CARTESIAN_POINT('Ctrl Pts',(-106.112359179986,5.65857037693724,281.854893045512));
#7346=CARTESIAN_POINT('Ctrl Pts',(-106.113127482974,5.58381834264291,281.773264024424));
#7347=CARTESIAN_POINT('Ctrl Pts',(-106.113811875633,5.5122555052992,281.688326612983));
#7348=CARTESIAN_POINT('Ctrl Pts',(-106.114422041404,5.44403586424907,281.600099421951));
#7349=CARTESIAN_POINT('Ctrl Pts',(-106.11496967258,5.38280790949097,281.520914448566));
#7350=CARTESIAN_POINT('Ctrl Pts',(-106.115452568306,5.32485837765247,281.439836889594));
#7351=CARTESIAN_POINT('Ctrl Pts',(-106.11588240182,5.27014137771404,281.356951015701));
#7352=CARTESIAN_POINT('Ctrl Pts',(-106.116316614886,5.21486686899282,281.273220621773));
#7353=CARTESIAN_POINT('Ctrl Pts',(-106.116696703978,5.16289058069173,281.187644266101));
#7354=CARTESIAN_POINT('Ctrl Pts',(-106.117032853012,5.11420356034512,281.100272415453));
#7355=CARTESIAN_POINT('Ctrl Pts',(-106.117368733417,5.06555544745455,281.012970386627));
#7356=CARTESIAN_POINT('Ctrl Pts',(-106.117660762668,5.02019095964776,280.923875022147));
#7357=CARTESIAN_POINT('Ctrl Pts',(-106.117916938833,4.97814598399361,280.833010521805));
#7358=CARTESIAN_POINT('Ctrl Pts',(-106.118170758397,4.93648778592601,280.742981896656));
#7359=CARTESIAN_POINT('Ctrl Pts',(-106.118389393442,4.89808805949272,280.651215792624));
#7360=CARTESIAN_POINT('Ctrl Pts',(-106.118578277583,4.86303035001217,280.557720918603));
#7361=CARTESIAN_POINT('Ctrl Pts',(-106.118652561053,4.84924301844436,280.520951693028));
#7362=CARTESIAN_POINT('Ctrl Pts',(-106.118722216406,4.83597313467497,280.483914983976));
#7363=CARTESIAN_POINT('Ctrl Pts',(-106.118787467699,4.82322798771575,280.446611074802));
#7364=CARTESIAN_POINT('Ctrl Pts',(-106.118944315178,4.79259190261878,280.35694198432));
#7365=CARTESIAN_POINT('Ctrl Pts',(-106.119073845676,4.76531371185237,280.266694525792));
#7366=CARTESIAN_POINT('Ctrl Pts',(-106.119183068069,4.74130886228709,280.175894328087));
#7367=CARTESIAN_POINT('Ctrl Pts',(-106.119293388252,4.7170627406644,280.084181500189));
#7368=CARTESIAN_POINT('Ctrl Pts',(-106.119383002942,4.69615582403357,279.991904088606));
#7369=CARTESIAN_POINT('Ctrl Pts',(-106.119456816546,4.67854904685522,279.899066249303));
#7370=CARTESIAN_POINT('Ctrl Pts',(-106.119530609094,4.66094729214225,279.806254892692));
#7371=CARTESIAN_POINT('Ctrl Pts',(-106.11958861603,4.64664366042203,279.712882705406));
#7372=CARTESIAN_POINT('Ctrl Pts',(-106.119633292924,4.63564980962817,279.618942300122));
#7373=CARTESIAN_POINT('Ctrl Pts',(-106.11967760073,4.62474678206181,279.525777962383));
#7374=CARTESIAN_POINT('Ctrl Pts',(-106.119708798483,4.61709906180527,279.432054042372));
#7375=CARTESIAN_POINT('Ctrl Pts',(-106.119726828945,4.61276887222866,279.337762692647));
#7376=CARTESIAN_POINT('Ctrl Pts',(-106.119738468887,4.6099734279464,279.276890943319));
#7377=CARTESIAN_POINT('Ctrl Pts',(-106.119744571359,4.60856163717993,279.215782723842));
#7378=CARTESIAN_POINT('Ctrl Pts',(-106.119744571359,4.60856163717993,279.154437906651));
#7379=CARTESIAN_POINT('Ctrl Pts',(-106.119744571359,4.60856163717993,279.154437906651));
#7380=CARTESIAN_POINT('Ctrl Pts',(-106.119744571359,4.60856163717994,279.059697455092));
#7381=CARTESIAN_POINT('Ctrl Pts',(-106.119730135127,4.61192649696535,278.965521883619));
#7382=CARTESIAN_POINT('Ctrl Pts',(-106.119702910278,4.61856156135948,278.87190866934));
#7383=CARTESIAN_POINT('Ctrl Pts',(-106.119675379485,4.62527118839626,278.777243460954));
#7384=CARTESIAN_POINT('Ctrl Pts',(-106.119634773195,4.63532488711369,278.68315259466));
#7385=CARTESIAN_POINT('Ctrl Pts',(-106.119580253233,4.64867748329611,278.589627013793));
#7386=CARTESIAN_POINT('Ctrl Pts',(-106.119525709619,4.66203587235837,278.496060857861));
#7387=CARTESIAN_POINT('Ctrl Pts',(-106.119457235411,4.67869612238078,278.403059749));
#7388=CARTESIAN_POINT('Ctrl Pts',(-106.119371488432,4.69866489866314,278.31061916995));
#7389=CARTESIAN_POINT('Ctrl Pts',(-106.11928635984,4.71848966455893,278.218845251858));
#7390=CARTESIAN_POINT('Ctrl Pts',(-106.119184196584,4.74157561810817,278.127623121924));
#7391=CARTESIAN_POINT('Ctrl Pts',(-106.119059378474,4.76797800498988,278.036963372453));
#7392=CARTESIAN_POINT('Ctrl Pts',(-106.118978878604,4.78500589218707,277.978493507807));
#7393=CARTESIAN_POINT('Ctrl Pts',(-106.118888908233,4.80341421252997,277.920257892465));
#7394=CARTESIAN_POINT('Ctrl Pts',(-106.118787467704,4.82322798771737,277.862264738495));
#7395=CARTESIAN_POINT('Ctrl Pts',(-106.118621880325,4.8555711856561,277.767599080881));
#7396=CARTESIAN_POINT('Ctrl Pts',(-106.118428108707,4.89128993763806,277.674653850561));
#7397=CARTESIAN_POINT('Ctrl Pts',(-106.118201726722,4.93028097708485,277.583434894041));
#7398=CARTESIAN_POINT('Ctrl Pts',(-106.117972702874,4.96972703934744,277.491151418416));
#7399=CARTESIAN_POINT('Ctrl Pts',(-106.117710293126,5.01252241621625,277.400633971721));
#7400=CARTESIAN_POINT('Ctrl Pts',(-106.117407411302,5.05861208927794,277.311899464415));
#7401=CARTESIAN_POINT('Ctrl Pts',(-106.11710449202,5.10470746243785,277.22315398295));
#7402=CARTESIAN_POINT('Ctrl Pts',(-106.116761072834,5.15409831608062,277.13619116151));
#7403=CARTESIAN_POINT('Ctrl Pts',(-106.116367791996,5.20677674131608,277.05104991545));
#7404=CARTESIAN_POINT('Ctrl Pts',(-106.115977635766,5.25903663743324,276.966585115021));
#7405=CARTESIAN_POINT('Ctrl Pts',(-106.115538384123,5.3145325483524,276.883912432176));
#7406=CARTESIAN_POINT('Ctrl Pts',(-106.115038967933,5.37329674521366,276.803101500039));
#7407=CARTESIAN_POINT('Ctrl Pts',(-106.114842867877,5.39637101172502,276.771370393605));
#7408=CARTESIAN_POINT('Ctrl Pts',(-106.114637472393,5.41994958346081,276.739926729635));
#7409=CARTESIAN_POINT('Ctrl Pts',(-106.114422041413,5.44403586425475,276.708776391343));
#7410=CARTESIAN_POINT('Ctrl Pts',(-106.113817870055,5.51158529936159,276.621415965174));
#7411=CARTESIAN_POINT('Ctrl Pts',(-106.113140918802,5.58241265365932,276.537281038579));
#7412=CARTESIAN_POINT('Ctrl Pts',(-106.112381799618,5.65636815665349,276.456389554942));
#7413=CARTESIAN_POINT('Ctrl Pts',(-106.111638031341,5.72882813145387,276.377133858901));
#7414=CARTESIAN_POINT('Ctrl Pts',(-106.110815346835,5.80429180511206,276.300991119441));
#7415=CARTESIAN_POINT('Ctrl Pts',(-106.109902689065,5.88266448972422,276.228005852145));
#7416=CARTESIAN_POINT('Ctrl Pts',(-106.108961776275,5.96346351853087,276.152761030001));
#7417=CARTESIAN_POINT('Ctrl Pts',(-106.107925206618,6.04735501419591,276.080871302782));
#7418=CARTESIAN_POINT('Ctrl Pts',(-106.106778933882,6.13427524065597,276.012427201084));
#7419=CARTESIAN_POINT('Ctrl Pts',(-106.105632661146,6.22119546711604,275.943983099385));
#7420=CARTESIAN_POINT('Ctrl Pts',(-106.104376643551,6.31114529069524,275.878983974521));
#7421=CARTESIAN_POINT('Ctrl Pts',(-106.102995465779,6.40408936396041,275.817572997181));
#7422=CARTESIAN_POINT('Ctrl Pts',(-106.101809756997,6.48387967493651,275.764853110832));
#7423=CARTESIAN_POINT('Ctrl Pts',(-106.100536792067,6.56554498824127,275.715006403902));
#7424=CARTESIAN_POINT('Ctrl Pts',(-106.099174531364,6.64876387901245,275.668209112199));
#7425=CARTESIAN_POINT('Ctrl Pts',(-106.097811019536,6.73205919951179,275.62136884102));
#7426=CARTESIAN_POINT('Ctrl Pts',(-106.096358069624,6.8169105006903,275.577583794242));
#7427=CARTESIAN_POINT('Ctrl Pts',(-106.094814685817,6.90297371091118,275.536983253138));
#7428=CARTESIAN_POINT('Ctrl Pts',(-106.094343661042,6.92923931252824,275.524592387921));
#7429=CARTESIAN_POINT('Ctrl Pts',(-106.093864219298,6.95561766554667,275.512497785064));
#7430=CARTESIAN_POINT('Ctrl Pts',(-106.09337634682,6.98209868801541,275.500702201189));
#7431=CARTESIAN_POINT('Ctrl Pts',(-106.09178863022,7.06827768120164,275.462315030015));
#7432=CARTESIAN_POINT('Ctrl Pts',(-106.090108060804,7.15576960407841,275.426989108472));
#7433=CARTESIAN_POINT('Ctrl Pts',(-106.088328014168,7.2445862994782,275.394737217265));
#7434=CARTESIAN_POINT('Ctrl Pts',(-106.086561162929,7.33274460115363,275.362724407715));
#7435=CARTESIAN_POINT('Ctrl Pts',(-106.084696270573,7.42220879707667,275.333740037518));
#7436=CARTESIAN_POINT('Ctrl Pts',(-106.082726286863,7.51300233049355,275.307846358869));
#7437=CARTESIAN_POINT('Ctrl Pts',(-106.082076373081,7.54295586176081,275.29930382193));
#7438=CARTESIAN_POINT('Ctrl Pts',(-106.081415018722,7.57305412908935,275.291098090204));
#7439=CARTESIAN_POINT('Ctrl Pts',(-106.080741966435,7.60329806130726,275.283232648223));
#7440=CARTESIAN_POINT('Origin',(-17.3192411167237,14.337695239963,360.245677850917));
#7441=CARTESIAN_POINT('Ctrl Pts',(-39.3421389006634,1.76690480564712,289.654437906651));
#7442=CARTESIAN_POINT('Ctrl Pts',(-39.3347705645289,2.77227913962533,289.654437906651));
#7443=CARTESIAN_POINT('Ctrl Pts',(-38.3294505085232,2.75949521251921,289.654437906651));
#7444=CARTESIAN_POINT('Ctrl Pts',(-39.3421389006632,1.7669048056673,289.786485087042));
#7445=CARTESIAN_POINT('Ctrl Pts',(-39.3347705670083,2.77227913965883,289.786127430946));
#7446=CARTESIAN_POINT('Ctrl Pts',(-38.3294505122623,2.75949521256676,289.85250867787));
#7447=CARTESIAN_POINT('Ctrl Pts',(-39.3550883105566,1.76710493171947,289.916342773811));
#7448=CARTESIAN_POINT('Ctrl Pts',(-39.3476479808643,2.77244289240354,289.915629315714));
#7449=CARTESIAN_POINT('Ctrl Pts',(-38.3488750128632,2.75974221987381,290.047295208779));
#7450=CARTESIAN_POINT('Ctrl Pts',(-39.4058265028107,1.76788893562647,290.171811433669));
#7451=CARTESIAN_POINT('Ctrl Pts',(-39.3981156622664,2.77308465335875,290.170447041054));
#7452=CARTESIAN_POINT('Ctrl Pts',(-38.4249838281856,2.76071004056077,290.43049819961));
#7453=CARTESIAN_POINT('Ctrl Pts',(-39.4442294399241,1.76848230139474,290.298751320549));
#7454=CARTESIAN_POINT('Ctrl Pts',(-39.4363135023153,2.77357038762794,290.29708079036));
#7455=CARTESIAN_POINT('Ctrl Pts',(-38.4825893897291,2.76144256876934,290.620908030006));
#7456=CARTESIAN_POINT('Ctrl Pts',(-39.5444995565427,1.77003116575938,290.540847665819));
#7457=CARTESIAN_POINT('Ctrl Pts',(-39.5360812065596,2.77483906127269,290.538678269815));
#7458=CARTESIAN_POINT('Ctrl Pts',(-38.6329975751158,2.7633552007383,290.984052549562));
#7459=CARTESIAN_POINT('Ctrl Pts',(-39.6058594286077,1.77097882832518,290.655674545925));
#7460=CARTESIAN_POINT('Ctrl Pts',(-39.5971400194699,2.77561550198235,290.653305991944));
#7461=CARTESIAN_POINT('Ctrl Pts',(-38.7250392260896,2.76452562775778,291.156292869941));
#7462=CARTESIAN_POINT('Ctrl Pts',(-39.7508240772884,1.77321691231563,290.872999190106));
#7463=CARTESIAN_POINT('Ctrl Pts',(-39.741453094943,2.77745062684306,290.870363822012));
#7464=CARTESIAN_POINT('Ctrl Pts',(-38.9424905477216,2.76729079873817,291.482279835309));
#7465=CARTESIAN_POINT('Ctrl Pts',(-39.8352067380591,1.77451932765109,290.975910015314));
#7466=CARTESIAN_POINT('Ctrl Pts',(-39.8254746574458,2.77851906821226,290.973205123947));
#7467=CARTESIAN_POINT('Ctrl Pts',(-39.0690670664191,2.76890038066057,291.636646073072));
#7468=CARTESIAN_POINT('Ctrl Pts',(-40.0195418413997,1.77736323642295,291.160391598086));
#7469=CARTESIAN_POINT('Ctrl Pts',(-40.0091090445681,2.78085421372258,291.157691553759));
#7470=CARTESIAN_POINT('Ctrl Pts',(-39.3455752336553,2.77241653477794,291.913368447632));
#7471=CARTESIAN_POINT('Ctrl Pts',(-40.1201213148406,1.77891441858273,291.243182025378));
#7472=CARTESIAN_POINT('Ctrl Pts',(-40.1093366256635,2.78212873528902,291.24055404066));
#7473=CARTESIAN_POINT('Ctrl Pts',(-39.4964474475502,2.77433506746138,292.03755408904));
#7474=CARTESIAN_POINT('Ctrl Pts',(-40.3385002494728,1.78228068692155,291.389417108617));
#7475=CARTESIAN_POINT('Ctrl Pts',(-40.3270673997651,2.78489745986439,291.387063455149));
#7476=CARTESIAN_POINT('Ctrl Pts',(-39.8240223617755,2.778500600418,292.256906710597));
#7477=CARTESIAN_POINT('Ctrl Pts',(-40.4548170942975,1.78407289960584,291.451596076039));
#7478=CARTESIAN_POINT('Ctrl Pts',(-40.4430857044039,2.78637278062438,291.449447069765));
#7479=CARTESIAN_POINT('Ctrl Pts',(-39.9985010901975,2.78071932005101,292.350175162505));
#7480=CARTESIAN_POINT('Ctrl Pts',(-40.8154660233338,1.78962685403607,291.601368113529));
#7481=CARTESIAN_POINT('Ctrl Pts',(-40.8029465761331,2.79094887072211,291.599938741964));
#7482=CARTESIAN_POINT('Ctrl Pts',(-40.5394851969147,2.78759862315904,292.574833217636));
#7483=CARTESIAN_POINT('Ctrl Pts',(-41.0788800387831,1.79367943370399,291.654437906651));
#7484=CARTESIAN_POINT('Ctrl Pts',(-41.0660594571824,2.79429468671541,291.653740269521));
#7485=CARTESIAN_POINT('Ctrl Pts',(-40.9346140148072,2.79262319018651,292.654437901765));
#7486=CARTESIAN_POINT('Ctrl Pts',(-41.3419660815225,1.79772234285032,291.654437906651));
#7487=CARTESIAN_POINT('Ctrl Pts',(-41.3292508337254,2.79764150081933,291.654437906651));
#7488=CARTESIAN_POINT('Ctrl Pts',(-41.3292508337254,2.79764150081933,292.654437906651));
#7489=CARTESIAN_POINT('Origin',(-38.3421657563203,1.7595760545502,289.654437906651));
#7490=CARTESIAN_POINT('Origin',(-41.3419660815225,1.79772234285032,292.654437906651));
#7491=CARTESIAN_POINT('Origin',(-102.83964718752,2.579743817263,292.654437906651));
#7492=CARTESIAN_POINT('Origin',(-100.28935567572,2.54731360701162,292.654437906651));
#7493=CARTESIAN_POINT('Origin',(-38.3421657563203,1.7595760545502,268.654437906651));
#7494=CARTESIAN_POINT('Origin',(-38.3421657563203,1.7595760545502,268.654437906651));
#7495=CARTESIAN_POINT('Origin',(-100.213064188938,8.54682855482568,292.654437906651));
#7496=CARTESIAN_POINT('Origin',(-103.171140569437,3.32669597728196,292.654437906651));
#7497=CARTESIAN_POINT('Ctrl Pts',(-106.20981461175,8.7442731457989,283.154437906651));
#7498=CARTESIAN_POINT('Ctrl Pts',(-105.210356207948,8.71136571397004,283.154437906651));
#7499=CARTESIAN_POINT('Ctrl Pts',(-105.210356207948,8.71136571397004,284.154437906651));
#7500=CARTESIAN_POINT('Ctrl Pts',(-106.167324743957,10.0347675130891,283.154437906651));
#7501=CARTESIAN_POINT('Ctrl Pts',(-105.168033899325,9.99677100552069,283.154437906758));
#7502=CARTESIAN_POINT('Ctrl Pts',(-105.168033899342,9.99677100551967,284.154437906758));
#7503=CARTESIAN_POINT('Ctrl Pts',(-106.114978559013,11.3249344845984,283.154437906651));
#7504=CARTESIAN_POINT('Ctrl Pts',(-105.115894143061,11.2818500824839,283.154437906758));
#7505=CARTESIAN_POINT('Ctrl Pts',(-105.115894143109,11.2818500824877,284.154437906758));
#7506=CARTESIAN_POINT('Ctrl Pts',(-106.052780128341,12.6146301818758,283.154437906651));
#7507=CARTESIAN_POINT('Ctrl Pts',(-105.053941035747,12.5664589549221,283.154437906651));
#7508=CARTESIAN_POINT('Ctrl Pts',(-105.053941035747,12.5664589549221,284.154437906651));
#7509=CARTESIAN_POINT('Origin',(-106.20981461175,8.74427314579891,284.154437906651));
#7510=CARTESIAN_POINT('Ctrl Pts',(-41.3419660815225,1.79772234285032,266.654437906651));
#7511=CARTESIAN_POINT('Ctrl Pts',(-41.3292508337254,2.79764150081933,266.654437906651));
#7512=CARTESIAN_POINT('Ctrl Pts',(-41.3292508337254,2.79764150081933,265.654437906651));
#7513=CARTESIAN_POINT('Ctrl Pts',(-41.2099321892136,1.79569334493017,266.654437906651));
#7514=CARTESIAN_POINT('Ctrl Pts',(-41.1971892662492,2.79596216950401,266.654787960978));
#7515=CARTESIAN_POINT('Ctrl Pts',(-41.1311961041708,2.79512298225351,265.654437910395));
#7516=CARTESIAN_POINT('Ctrl Pts',(-41.0800874703151,1.79369688634053,266.667388071187));
#7517=CARTESIAN_POINT('Ctrl Pts',(-41.0674109160371,2.79431187220854,266.668087924149));
#7518=CARTESIAN_POINT('Ctrl Pts',(-40.9364251911799,2.7926462216048,265.673863153016));
#7519=CARTESIAN_POINT('Ctrl Pts',(-40.8246441355242,1.78976720807735,266.718129292302));
#7520=CARTESIAN_POINT('Ctrl Pts',(-40.8122243580193,2.79106684955519,266.719472504656));
#7521=CARTESIAN_POINT('Ctrl Pts',(-40.5532526307945,2.7877736936454,265.749974984795));
#7522=CARTESIAN_POINT('Ctrl Pts',(-40.6977168413312,1.78781352077569,266.756534461844));
#7523=CARTESIAN_POINT('Ctrl Pts',(-40.6854941355892,2.78945531309516,266.758182156789));
#7524=CARTESIAN_POINT('Ctrl Pts',(-40.3628579265414,2.785352582074,265.807582739598));
#7525=CARTESIAN_POINT('Ctrl Pts',(-40.4556429974349,1.78408562692408,266.856811162341));
#7526=CARTESIAN_POINT('Ctrl Pts',(-40.4439091329411,2.78638325156734,266.858958893716));
#7527=CARTESIAN_POINT('Ctrl Pts',(-39.9997399690381,2.78073507397604,265.957997787233));
#7528=CARTESIAN_POINT('Ctrl Pts',(-40.3408265895756,1.78231653334075,266.918175168197));
#7529=CARTESIAN_POINT('Ctrl Pts',(-40.329387858248,2.78492696745792,266.920524786225));
#7530=CARTESIAN_POINT('Ctrl Pts',(-39.8275119398072,2.77854497485471,266.050043795988));
#7531=CARTESIAN_POINT('Ctrl Pts',(-40.1235213892854,1.77896684336254,267.063149830722));
#7532=CARTESIAN_POINT('Ctrl Pts',(-40.1127259248127,2.78217183454834,267.065774339358));
#7533=CARTESIAN_POINT('Ctrl Pts',(-39.5015476620592,2.77439992319575,266.267505790466));
#7534=CARTESIAN_POINT('Ctrl Pts',(-40.0206189481933,1.77737984986387,267.147538880036));
#7535=CARTESIAN_POINT('Ctrl Pts',(-40.0101823012263,2.78086786154653,267.150238391872));
#7536=CARTESIAN_POINT('Ctrl Pts',(-39.3471909269589,2.77243708037961,266.394089363772));
#7537=CARTESIAN_POINT('Ctrl Pts',(-39.836151785732,1.77453391181991,267.331888818293));
#7538=CARTESIAN_POINT('Ctrl Pts',(-39.8264158385717,2.77853103653477,267.334594183253));
#7539=CARTESIAN_POINT('Ctrl Pts',(-39.0704846652936,2.76891840723884,266.67061426982));
#7540=CARTESIAN_POINT('Ctrl Pts',(-39.7533677171523,1.77325617689859,267.432476519319));
#7541=CARTESIAN_POINT('Ctrl Pts',(-39.7439855722602,2.77748283052745,267.435115209987));
#7542=CARTESIAN_POINT('Ctrl Pts',(-38.9463060817379,2.76733931812107,266.821495820848));
#7543=CARTESIAN_POINT('Ctrl Pts',(-39.6071436064062,1.77099866059234,267.650873565595));
#7544=CARTESIAN_POINT('Ctrl Pts',(-39.598417915939,2.77563175206195,267.653246096754));
#7545=CARTESIAN_POINT('Ctrl Pts',(-38.7269655333522,2.76455012321222,267.149091392014));
#7546=CARTESIAN_POINT('Ctrl Pts',(-39.5449681467746,1.77003840252858,267.767202049267));
#7547=CARTESIAN_POINT('Ctrl Pts',(-39.5365475754895,2.77484499174814,267.76937269544));
#7548=CARTESIAN_POINT('Ctrl Pts',(-38.6337004757154,2.76336413901619,267.323584116903));
#7549=CARTESIAN_POINT('Ctrl Pts',(-39.3952057578074,1.76772503953211,268.127884969276));
#7550=CARTESIAN_POINT('Ctrl Pts',(-39.3875250868649,2.77294998068141,268.129338119491));
#7551=CARTESIAN_POINT('Ctrl Pts',(-38.4090523923727,2.76050745202897,267.864608497918));
#7552=CARTESIAN_POINT('Ctrl Pts',(-39.3421389006632,1.76690480566931,268.391324285697));
#7553=CARTESIAN_POINT('Ctrl Pts',(-39.3347705677549,2.77227913966316,268.392039186248));
#7554=CARTESIAN_POINT('Ctrl Pts',(-38.3294505133855,2.75949521258104,268.25976747389));
#7555=CARTESIAN_POINT('Ctrl Pts',(-39.3421389006634,1.76690480564713,268.654437906651));
#7556=CARTESIAN_POINT('Ctrl Pts',(-39.3347705645289,2.77227913962533,268.654437906651));
#7557=CARTESIAN_POINT('Ctrl Pts',(-38.3294505085232,2.75949521251921,268.654437906651));
#7558=CARTESIAN_POINT('Origin',(-41.3419660815225,1.79772234285032,265.654437906651));
#7559=CARTESIAN_POINT('Ctrl Pts',(-103.158351956214,3.31591212440732,291.654396951492));
#7560=CARTESIAN_POINT('Ctrl Pts',(-102.666568999822,4.19132510981087,291.651289597247));
#7561=CARTESIAN_POINT('Ctrl Pts',(-102.662086841589,4.18766632404778,292.655366680633));
#7562=CARTESIAN_POINT('Ctrl Pts',(-103.315181188422,3.44758940282621,291.65540089038));
#7563=CARTESIAN_POINT('Ctrl Pts',(-102.799362062552,4.26615745252063,291.68953962212));
#7564=CARTESIAN_POINT('Ctrl Pts',(-102.858803084797,4.29819051729632,292.656854422141));
#7565=CARTESIAN_POINT('Ctrl Pts',(-103.462434161913,3.59204089850066,291.637906276811));
#7566=CARTESIAN_POINT('Ctrl Pts',(-102.942177845714,4.35292520938889,291.713132161357));
#7567=CARTESIAN_POINT('Ctrl Pts',(-103.04366049022,4.41943366159708,292.630582194534));
#7568=CARTESIAN_POINT('Ctrl Pts',(-103.736408413635,3.90046356684608,291.575880976998));
#7569=CARTESIAN_POINT('Ctrl Pts',(-103.233680647335,4.55516456010176,291.721976328823));
#7570=CARTESIAN_POINT('Ctrl Pts',(-103.387881466876,4.67828322085262,292.537476429597));
#7571=CARTESIAN_POINT('Ctrl Pts',(-103.864667683147,4.06557658318222,291.531383075359));
#7572=CARTESIAN_POINT('Ctrl Pts',(-103.382312218157,4.66944310335888,291.709204933434));
#7573=CARTESIAN_POINT('Ctrl Pts',(-103.549186690208,4.81685697161797,292.470689768925));
#7574=CARTESIAN_POINT('Ctrl Pts',(-104.099257876269,4.40746699507253,291.423118651114));
#7575=CARTESIAN_POINT('Ctrl Pts',(-103.669166092111,4.92106328183267,291.648064156763));
#7576=CARTESIAN_POINT('Ctrl Pts',(-103.84458738901,5.10380022934432,292.308212845858));
#7577=CARTESIAN_POINT('Ctrl Pts',(-104.205968236638,4.58418341917417,291.359583970315));
#7578=CARTESIAN_POINT('Ctrl Pts',(-103.807814265627,5.05720697525635,291.60155066185));
#7579=CARTESIAN_POINT('Ctrl Pts',(-103.979154387868,5.25211880168493,292.212869000615));
#7580=CARTESIAN_POINT('Ctrl Pts',(-104.4012994793,4.94811723687695,291.217280292636));
#7581=CARTESIAN_POINT('Ctrl Pts',(-104.068899223776,5.34812944185611,291.478972667872));
#7582=CARTESIAN_POINT('Ctrl Pts',(-104.225903734096,5.55756955281407,291.999330236392));
#7583=CARTESIAN_POINT('Ctrl Pts',(-104.490325813813,5.13643075188198,291.138000223761));
#7584=CARTESIAN_POINT('Ctrl Pts',(-104.192964873527,5.50364866471007,291.403270204442));
#7585=CARTESIAN_POINT('Ctrl Pts',(-104.338600231073,5.71562130559867,291.880367843625));
#7586=CARTESIAN_POINT('Ctrl Pts',(-104.649591788164,5.51748070126266,290.967544973031));
#7587=CARTESIAN_POINT('Ctrl Pts',(-104.418594973478,5.82551902636871,291.227995698744));
#7588=CARTESIAN_POINT('Ctrl Pts',(-104.540721345448,6.03542099369436,291.624601367972));
#7589=CARTESIAN_POINT('Ctrl Pts',(-104.719370873506,5.70881772004759,290.877108899352));
#7590=CARTESIAN_POINT('Ctrl Pts',(-104.520625548342,5.9910265892111,291.129613429581));
#7591=CARTESIAN_POINT('Ctrl Pts',(-104.629556796966,6.19599348552311,291.488906284376));
#7592=CARTESIAN_POINT('Ctrl Pts',(-104.841710481088,6.0910814235227,290.685539576495));
#7593=CARTESIAN_POINT('Ctrl Pts',(-104.70109957466,6.32564426902027,290.913249832075));
#7594=CARTESIAN_POINT('Ctrl Pts',(-104.785880727836,6.51675885747833,291.201470085769));
#7595=CARTESIAN_POINT('Ctrl Pts',(-104.894259609687,6.28221043669506,290.584574763117));
#7596=CARTESIAN_POINT('Ctrl Pts',(-104.780610968303,6.49575566914097,290.795397000901));
#7597=CARTESIAN_POINT('Ctrl Pts',(-104.853356212872,6.67712004228335,291.04998215415));
#7598=CARTESIAN_POINT('Ctrl Pts',(-104.983182525181,6.65783521865597,290.367160884255));
#7599=CARTESIAN_POINT('Ctrl Pts',(-104.91612444393,6.83212692411573,290.536119137888));
#7600=CARTESIAN_POINT('Ctrl Pts',(-104.968200502986,6.99222260517586,290.723776831504));
#7601=CARTESIAN_POINT('Ctrl Pts',(-105.01984421175,6.84543187934728,290.250685905304));
#7602=CARTESIAN_POINT('Ctrl Pts',(-104.973436611988,7.00231402594047,290.394363915168));
#7603=CARTESIAN_POINT('Ctrl Pts',(-105.015964511752,7.14956118304613,290.549021244932));
#7604=CARTESIAN_POINT('Ctrl Pts',(-105.060710538449,7.09151659604756,290.052407748253));
#7605=CARTESIAN_POINT('Ctrl Pts',(-105.037968561033,7.22640628148114,290.149543744356));
#7606=CARTESIAN_POINT('Ctrl Pts',(-105.069685352768,7.35591164859354,290.251533268475));
#7607=CARTESIAN_POINT('Ctrl Pts',(-105.072031078783,7.16784245620992,289.981874598427));
#7608=CARTESIAN_POINT('Ctrl Pts',(-105.056024944611,7.29602209222495,290.062175713174));
#7609=CARTESIAN_POINT('Ctrl Pts',(-105.084672340416,7.41990559316648,290.145708387691));
#7610=CARTESIAN_POINT('Ctrl Pts',(-105.088768647421,7.28808115404882,289.823531675493));
#7611=CARTESIAN_POINT('Ctrl Pts',(-105.08281953231,7.40561969185221,289.865464778273));
#7612=CARTESIAN_POINT('Ctrl Pts',(-105.106926935505,7.52071020662197,289.908137752434));
#7613=CARTESIAN_POINT('Ctrl Pts',(-105.093785741213,7.32881986918256,289.732464180897));
#7614=CARTESIAN_POINT('Ctrl Pts',(-105.090981389515,7.44294931594637,289.751735104635));
#7615=CARTESIAN_POINT('Ctrl Pts',(-105.113658800839,7.55485977716326,289.771504774548));
#7616=CARTESIAN_POINT('Ctrl Pts',(-105.093197110728,7.32406549358291,289.639701206865));
#7617=CARTESIAN_POINT('Ctrl Pts',(-105.090025699618,7.43859905501423,289.636059575852));
#7618=CARTESIAN_POINT('Ctrl Pts',(-105.112869323092,7.55087435010679,289.632327674884));
#7619=CARTESIAN_POINT('Origin',(-100.213064188938,8.54682855482569,284.154437906651));
#7620=CARTESIAN_POINT('Origin',(-106.212645716843,8.61769102742385,284.154437906651));
#7621=CARTESIAN_POINT('Origin',(-102.83964718752,2.579743817263,265.654437906651));
#7622=CARTESIAN_POINT('Origin',(-100.28935567572,2.54731360701162,265.654437906651));
#7623=CARTESIAN_POINT('Ctrl Pts',(-105.212715462192,8.60588061532415,284.154437906651));
#7624=CARTESIAN_POINT('Ctrl Pts',(-105.212715462192,8.60588061532415,283.154437906651));
#7625=CARTESIAN_POINT('Ctrl Pts',(-106.212645716843,8.61769102742385,283.154437906651));
#7626=CARTESIAN_POINT('Ctrl Pts',(-105.216988436311,8.24410864132471,284.154437901939));
#7627=CARTESIAN_POINT('Ctrl Pts',(-105.215953088966,8.331766386557,283.15758310258));
#7628=CARTESIAN_POINT('Ctrl Pts',(-106.213593325006,8.27022059795905,283.154437906651));
#7629=CARTESIAN_POINT('Ctrl Pts',(-105.182276115525,7.89240002647106,284.098820819548));
#7630=CARTESIAN_POINT('Ctrl Pts',(-105.200776147399,8.06526955045366,283.136921244178));
#7631=CARTESIAN_POINT('Ctrl Pts',(-106.167901504532,7.93202001519541,283.109949161682));
#7632=CARTESIAN_POINT('Ctrl Pts',(-105.112900201126,7.55103387033226,283.99344447968));
#7633=CARTESIAN_POINT('Ctrl Pts',(-105.158654568145,7.77616953205713,283.082105785916));
#7634=CARTESIAN_POINT('Ctrl Pts',(-106.08074196643,7.60329806129048,283.025643165074));
#7635=CARTESIAN_POINT('Origin',(-100.213064188938,8.54682855482569,265.654437906651));
#7636=CARTESIAN_POINT('Origin',(-103.171140569437,3.32669597728194,265.654437906651));
#7637=CARTESIAN_POINT('Ctrl Pts',(-105.091653304115,7.31142419396326,268.739464930379));
#7638=CARTESIAN_POINT('Ctrl Pts',(-105.087511135466,7.42702786090538,268.760519006783));
#7639=CARTESIAN_POINT('Ctrl Pts',(-105.110802144556,7.54030519888898,268.782013482062));
#7640=CARTESIAN_POINT('Ctrl Pts',(-105.096093576822,7.34807403777968,268.62268370558));
#7641=CARTESIAN_POINT('Ctrl Pts',(-105.094747761034,7.4606129664587,268.614899697639));
#7642=CARTESIAN_POINT('Ctrl Pts',(-105.116767450327,7.57102609196033,268.606793374188));
#7643=CARTESIAN_POINT('Ctrl Pts',(-105.090916365806,7.30347897655395,268.505408019138));
#7644=CARTESIAN_POINT('Ctrl Pts',(-105.086241669596,7.41960797973652,268.468221739692));
#7645=CARTESIAN_POINT('Ctrl Pts',(-105.109787901616,7.53364701681533,268.430832137805));
#7646=CARTESIAN_POINT('Ctrl Pts',(-105.071928413976,7.16712846379672,268.32622372288));
#7647=CARTESIAN_POINT('Ctrl Pts',(-105.055858882689,7.29538656086324,268.245724637729));
#7648=CARTESIAN_POINT('Ctrl Pts',(-105.084543058473,7.41933687612551,268.161980715509));
#7649=CARTESIAN_POINT('Ctrl Pts',(-105.06052685686,7.09034538075379,268.255441206935));
#7650=CARTESIAN_POINT('Ctrl Pts',(-105.037675050771,7.22535843850472,268.158052709296));
#7651=CARTESIAN_POINT('Ctrl Pts',(-105.069450694218,7.35496078146573,268.055777281893));
#7652=CARTESIAN_POINT('Ctrl Pts',(-105.019684274291,6.84460033361401,268.057687876204));
#7653=CARTESIAN_POINT('Ctrl Pts',(-104.973182518688,7.00158366994102,267.913887182935));
#7654=CARTESIAN_POINT('Ctrl Pts',(-105.015766119011,7.14889890150603,267.759064407831));
#7655=CARTESIAN_POINT('Ctrl Pts',(-104.983674572989,6.66010392095634,267.943092076509));
#7656=CARTESIAN_POINT('Ctrl Pts',(-104.916870064548,6.83418223910155,267.774387919984));
#7657=CARTESIAN_POINT('Ctrl Pts',(-104.968850697584,6.99416346222307,267.587120919552));
#7658=CARTESIAN_POINT('Ctrl Pts',(-104.894588359842,6.28341066172289,267.724932325085));
#7659=CARTESIAN_POINT('Ctrl Pts',(-104.781088426508,6.49684090638443,267.514181452696));
#7660=CARTESIAN_POINT('Ctrl Pts',(-104.853795301621,6.67816919858764,267.259781725395));
#7661=CARTESIAN_POINT('Ctrl Pts',(-104.841217003404,6.08933807210512,267.622420257979));
#7662=CARTESIAN_POINT('Ctrl Pts',(-104.700334783409,6.32412049252249,267.394527679969));
#7663=CARTESIAN_POINT('Ctrl Pts',(-104.785267237013,6.51534008045775,267.105965065901));
#7664=CARTESIAN_POINT('Ctrl Pts',(-104.718479948852,5.70623763831176,267.430516708681));
#7665=CARTESIAN_POINT('Ctrl Pts',(-104.51929006686,5.98881304634538,267.177839596063));
#7666=CARTESIAN_POINT('Ctrl Pts',(-104.628445359062,6.19387435763967,266.818012968375));
#7667=CARTESIAN_POINT('Ctrl Pts',(-104.648885546214,5.51585251731805,267.340615070538));
#7668=CARTESIAN_POINT('Ctrl Pts',(-104.417613185843,5.82425479237691,267.080155517835));
#7669=CARTESIAN_POINT('Ctrl Pts',(-104.539852765021,6.03410085407881,266.683112533325));
#7670=CARTESIAN_POINT('Ctrl Pts',(-104.491638805229,5.13951084416079,267.172240890494));
#7671=CARTESIAN_POINT('Ctrl Pts',(-104.194821502506,5.50635488079532,266.906992808376));
#7672=CARTESIAN_POINT('Ctrl Pts',(-104.340296975268,5.71825171442885,266.430454291197));
#7673=CARTESIAN_POINT('Ctrl Pts',(-104.404014739176,4.95350865112215,267.093788387671));
#7674=CARTESIAN_POINT('Ctrl Pts',(-104.07252020352,5.35252990088927,266.831849874118));
#7675=CARTESIAN_POINT('Ctrl Pts',(-104.229370350986,5.5621388472789,266.312726618712));
#7676=CARTESIAN_POINT('Ctrl Pts',(-104.207547302145,4.58680021436068,266.950232139447));
#7677=CARTESIAN_POINT('Ctrl Pts',(-103.809767859088,5.05925651744512,266.70796856487));
#7678=CARTESIAN_POINT('Ctrl Pts',(-103.981180580697,5.25435480801389,266.097293757428));
#7679=CARTESIAN_POINT('Ctrl Pts',(-104.099548401373,4.40799884733484,266.885964690847));
#7680=CARTESIAN_POINT('Ctrl Pts',(-103.669525690693,4.92158629693264,266.660956063318));
#7681=CARTESIAN_POINT('Ctrl Pts',(-103.844989146142,5.10428299940379,266.000842830789));
#7682=CARTESIAN_POINT('Ctrl Pts',(-103.866165768711,4.06765226973763,266.778111221809));
#7683=CARTESIAN_POINT('Ctrl Pts',(-103.38405824729,4.67105708521504,266.599940638187));
#7684=CARTESIAN_POINT('Ctrl Pts',(-103.551104012773,4.81862723976227,265.838968755747));
#7685=CARTESIAN_POINT('Ctrl Pts',(-103.739888669588,3.9045839720295,266.733934807086));
#7686=CARTESIAN_POINT('Ctrl Pts',(-103.237350499155,4.55797952615151,266.586932804459));
#7687=CARTESIAN_POINT('Ctrl Pts',(-103.392284693876,4.68176457193859,265.772657959482));
#7688=CARTESIAN_POINT('Ctrl Pts',(-103.444765619545,3.57191885443879,266.666795412401));
#7689=CARTESIAN_POINT('Ctrl Pts',(-102.922154913209,4.33909024837095,266.59613229183));
#7690=CARTESIAN_POINT('Ctrl Pts',(-103.021478890118,4.40255813119679,265.671863245621));
#7691=CARTESIAN_POINT('Ctrl Pts',(-103.276465921454,3.41006249372469,266.64922043323));
#7692=CARTESIAN_POINT('Ctrl Pts',(-102.761216329594,4.24345894699485,266.626079178152));
#7693=CARTESIAN_POINT('Ctrl Pts',(-102.810216824169,4.26669912434694,265.645460988769));
#7694=CARTESIAN_POINT('Ctrl Pts',(-103.097442787102,3.26580816665107,266.655794920499));
#7695=CARTESIAN_POINT('Ctrl Pts',(-102.614788002356,4.16265294314242,266.673377123068));
#7696=CARTESIAN_POINT('Ctrl Pts',(-102.58568918152,4.14560823010044,265.655302851921));
#7697=CARTESIAN_POINT('Ctrl Pts',(-106.119744417371,4.60861101373007,279.134298605472));
#7698=CARTESIAN_POINT('Ctrl Pts',(-105.155736918043,4.56212057869867,279.134125582812));
#7699=CARTESIAN_POINT('Ctrl Pts',(-105.167995722607,3.59708235591839,279.129263606586));
#7700=CARTESIAN_POINT('Ctrl Pts',(-106.119751275415,4.60640487872975,279.584387617237));
#7701=CARTESIAN_POINT('Ctrl Pts',(-105.155774957901,4.55987293845262,279.588076392547));
#7702=CARTESIAN_POINT('Ctrl Pts',(-105.16802898974,3.59433674774698,279.691878751032));
#7703=CARTESIAN_POINT('Ctrl Pts',(-106.11953053397,4.67812766681779,280.022151360802));
#7704=CARTESIAN_POINT('Ctrl Pts',(-105.154538941534,4.63298728451673,280.029985245653));
#7705=CARTESIAN_POINT('Ctrl Pts',(-105.166949660886,3.6835982370355,280.239087187973));
#7706=CARTESIAN_POINT('Ctrl Pts',(-106.118053255298,4.9665994502277,280.866013741135));
#7707=CARTESIAN_POINT('Ctrl Pts',(-105.149217539742,4.92569462710525,280.879338081422));
#7708=CARTESIAN_POINT('Ctrl Pts',(-105.162021086921,4.04261850269989,281.29392246869));
#7709=CARTESIAN_POINT('Ctrl Pts',(-106.116835058721,5.1744111005139,281.251656678193));
#7710=CARTESIAN_POINT('Ctrl Pts',(-105.145282659645,5.13662724551334,281.266753752497));
#7711=CARTESIAN_POINT('Ctrl Pts',(-105.158317134803,4.30125428273236,281.775979489469));
#7712=CARTESIAN_POINT('Ctrl Pts',(-106.113203784469,5.58016136736655,281.776018401846));
#7713=CARTESIAN_POINT('Ctrl Pts',(-105.136863803437,5.54607042914854,281.791111835114));
#7714=CARTESIAN_POINT('Ctrl Pts',(-105.14983664722,4.80625331093752,282.431436253889));
#7715=CARTESIAN_POINT('Ctrl Pts',(-106.111699885496,5.72921879337792,281.938648719843));
#7716=CARTESIAN_POINT('Ctrl Pts',(-105.133665652396,5.69642657333031,281.953528897483));
#7717=CARTESIAN_POINT('Ctrl Pts',(-105.146551898978,4.9917730464325,282.634725582721));
#7718=CARTESIAN_POINT('Ctrl Pts',(-106.107953991131,6.04969138921911,282.235709182551));
#7719=CARTESIAN_POINT('Ctrl Pts',(-105.126486139764,6.01907361122765,282.249630103599));
#7720=CARTESIAN_POINT('Ctrl Pts',(-105.138978908028,5.39064556313556,283.006053784456));
#7721=CARTESIAN_POINT('Ctrl Pts',(-106.105707332898,6.22174172198638,282.370968330781));
#7722=CARTESIAN_POINT('Ctrl Pts',(-105.122490582649,6.19205719214163,282.384110516007));
#7723=CARTESIAN_POINT('Ctrl Pts',(-105.134678407852,5.60478885631376,283.175128921314));
#7724=CARTESIAN_POINT('Ctrl Pts',(-106.100227684838,6.59019816599987,282.614120894019));
#7725=CARTESIAN_POINT('Ctrl Pts',(-105.113541005531,6.56182916209859,282.625342506307));
#7726=CARTESIAN_POINT('Ctrl Pts',(-105.124802571362,6.06339801446233,283.479071791175));
#7727=CARTESIAN_POINT('Ctrl Pts',(-106.097023086256,6.78428030255514,282.720177179968));
#7728=CARTESIAN_POINT('Ctrl Pts',(-105.108638731248,6.75630137508185,282.730214115386));
#7729=CARTESIAN_POINT('Ctrl Pts',(-105.119283375,6.30497135368793,283.611643101378));
#7730=CARTESIAN_POINT('Ctrl Pts',(-106.089550815175,7.18961684764238,282.900485956728));
#7731=CARTESIAN_POINT('Ctrl Pts',(-105.097943816926,7.16184541781588,282.908069655299));
#7732=CARTESIAN_POINT('Ctrl Pts',(-105.106979728641,6.80950164999685,283.837030697581));
#7733=CARTESIAN_POINT('Ctrl Pts',(-106.085236053716,7.40248442522613,282.974533908758));
#7734=CARTESIAN_POINT('Ctrl Pts',(-105.092098373668,7.37449480443777,282.980765700525));
#7735=CARTESIAN_POINT('Ctrl Pts',(-105.100129022871,7.07446664467771,283.9295912803));
#7736=CARTESIAN_POINT('Ctrl Pts',(-106.080308927253,7.62270478343092,283.030638737139));
#7737=CARTESIAN_POINT('Ctrl Pts',(-105.085784877901,7.59406344940012,283.035555230813));
#7738=CARTESIAN_POINT('Ctrl Pts',(-105.092579903629,7.34858974614489,283.999722866553));
#7739=CARTESIAN_POINT('Origin',(-106.16791579859,3.60972254459941,279.154437906651));
#7740=CARTESIAN_POINT('Ctrl Pts',(-105.210356207948,8.71136571397003,274.154437906651));
#7741=CARTESIAN_POINT('Ctrl Pts',(-105.210356207948,8.71136571397003,275.154437906651));
#7742=CARTESIAN_POINT('Ctrl Pts',(-106.20981461175,8.74427314579889,275.154437906651));
#7743=CARTESIAN_POINT('Ctrl Pts',(-105.168033899339,9.99677100561178,274.154437906758));
#7744=CARTESIAN_POINT('Ctrl Pts',(-105.168033899195,9.99677100560957,275.154437906866));
#7745=CARTESIAN_POINT('Ctrl Pts',(-106.167324743936,10.0347675131816,275.154437906651));
#7746=CARTESIAN_POINT('Ctrl Pts',(-105.115894143101,11.2818500826718,274.1544379064));
#7747=CARTESIAN_POINT('Ctrl Pts',(-105.115894143113,11.2818500826688,275.154437906292));
#7748=CARTESIAN_POINT('Ctrl Pts',(-106.114978558995,11.3249344847821,275.154437906651));
#7749=CARTESIAN_POINT('Ctrl Pts',(-105.053941035733,12.5664589551983,274.154437906651));
#7750=CARTESIAN_POINT('Ctrl Pts',(-105.053941035733,12.5664589551983,275.154437906651));
#7751=CARTESIAN_POINT('Ctrl Pts',(-106.052780128327,12.6146301821531,275.154437906651));
#7752=CARTESIAN_POINT('Origin',(-106.20981461175,8.74427314579889,274.154437906651));
#7753=CARTESIAN_POINT('Ctrl Pts',(-105.167995722607,3.59708235590411,279.179612202591));
#7754=CARTESIAN_POINT('Ctrl Pts',(-105.155736918047,4.56212057868125,279.174750227161));
#7755=CARTESIAN_POINT('Ctrl Pts',(-106.119744417368,4.6086110137138,279.174577204532));
#7756=CARTESIAN_POINT('Ctrl Pts',(-105.168028989736,3.59433674818423,278.616997059605));
#7757=CARTESIAN_POINT('Ctrl Pts',(-105.155774957929,4.55987293883593,278.720799418604));
#7758=CARTESIAN_POINT('Ctrl Pts',(-106.119751275466,4.6064048790823,278.724488193934));
#7759=CARTESIAN_POINT('Ctrl Pts',(-105.166949660883,3.68359823748419,278.069788624009));
#7760=CARTESIAN_POINT('Ctrl Pts',(-105.154538941521,4.63298728487567,278.278890566584));
#7761=CARTESIAN_POINT('Ctrl Pts',(-106.119530533965,4.67812766717711,278.286724451445));
#7762=CARTESIAN_POINT('Ctrl Pts',(-105.162021086927,4.04261850270877,277.014953344616));
#7763=CARTESIAN_POINT('Ctrl Pts',(-105.149217539767,4.92569462711259,277.429537731884));
#7764=CARTESIAN_POINT('Ctrl Pts',(-106.118053255311,4.96659945022771,277.442862072171));
#7765=CARTESIAN_POINT('Ctrl Pts',(-105.15831713481,4.30125428274405,276.532896323807));
#7766=CARTESIAN_POINT('Ctrl Pts',(-105.145282659649,5.13662724553185,277.042122060813));
#7767=CARTESIAN_POINT('Ctrl Pts',(-106.116835058737,5.17441110052195,277.057219135096));
#7768=CARTESIAN_POINT('Ctrl Pts',(-105.149836647229,4.80625331095177,275.877439559407));
#7769=CARTESIAN_POINT('Ctrl Pts',(-105.136863803453,5.54607042915121,276.517763978168));
#7770=CARTESIAN_POINT('Ctrl Pts',(-106.113203784474,5.58016136737466,276.532857411446));
#7771=CARTESIAN_POINT('Ctrl Pts',(-105.146551898987,4.99177304645048,275.674150230577));
#7772=CARTESIAN_POINT('Ctrl Pts',(-105.1336656524,5.69642657334514,276.355346915815));
#7773=CARTESIAN_POINT('Ctrl Pts',(-106.111699885499,5.72921879338275,276.370227093453));
#7774=CARTESIAN_POINT('Ctrl Pts',(-105.138978908037,5.39064556315069,275.302822028826));
#7775=CARTESIAN_POINT('Ctrl Pts',(-105.126486139783,6.01907361123715,276.059245709683));
#7776=CARTESIAN_POINT('Ctrl Pts',(-106.107953991147,6.04969138923798,276.073166630734));
#7777=CARTESIAN_POINT('Ctrl Pts',(-105.134678407861,5.60478885633333,275.133746891977));
#7778=CARTESIAN_POINT('Ctrl Pts',(-105.122490582664,6.19205719215826,275.924765297285));
#7779=CARTESIAN_POINT('Ctrl Pts',(-106.105707332913,6.221741722001,275.93790748251));
#7780=CARTESIAN_POINT('Ctrl Pts',(-105.124802571371,6.06339801448342,274.829804022115));
#7781=CARTESIAN_POINT('Ctrl Pts',(-105.113541005538,6.56182916211205,275.683533306984));
#7782=CARTESIAN_POINT('Ctrl Pts',(-106.100227684841,6.59019816601773,275.694754919272));
#7783=CARTESIAN_POINT('Ctrl Pts',(-105.119283375008,6.30497135371249,274.697232711909));
#7784=CARTESIAN_POINT('Ctrl Pts',(-105.108638731268,6.7563013750978,275.578661697893));
#7785=CARTESIAN_POINT('Ctrl Pts',(-106.097023086265,6.78428030257911,275.588698633321));
#7786=CARTESIAN_POINT('Ctrl Pts',(-105.106979728678,6.80950164878842,274.471845116271));
#7787=CARTESIAN_POINT('Ctrl Pts',(-105.097943816952,7.16184541684599,275.400806158444));
#7788=CARTESIAN_POINT('Ctrl Pts',(-106.089550815199,7.18961684666944,275.408389857007));
#7789=CARTESIAN_POINT('Ctrl Pts',(-105.100129022942,7.07446664214623,274.379284533843));
#7790=CARTESIAN_POINT('Ctrl Pts',(-105.092098373828,7.37449480239209,275.328110113382));
#7791=CARTESIAN_POINT('Ctrl Pts',(-106.085236053805,7.40248442320666,275.334341905248));
#7792=CARTESIAN_POINT('Ctrl Pts',(-105.092579903742,7.34858974221753,274.309152947762));
#7793=CARTESIAN_POINT('Ctrl Pts',(-105.085784877991,7.59406344625193,275.273320583282));
#7794=CARTESIAN_POINT('Ctrl Pts',(-106.080308927324,7.62270478027685,275.278237076966));
#7795=CARTESIAN_POINT('Origin',(-100.213064188938,8.54682855482569,274.154437906651));
#7796=CARTESIAN_POINT('Origin',(-106.212645716843,8.61769102742385,274.154437906651));
#7797=CARTESIAN_POINT('Ctrl Pts',(-106.212645716843,8.61769102742385,275.154437906651));
#7798=CARTESIAN_POINT('Ctrl Pts',(-105.212715462192,8.60588061532415,275.154437906651));
#7799=CARTESIAN_POINT('Ctrl Pts',(-105.212715462192,8.60588061532415,274.154437906651));
#7800=CARTESIAN_POINT('Ctrl Pts',(-106.213593325015,8.27022059796871,275.154437906651));
#7801=CARTESIAN_POINT('Ctrl Pts',(-105.215953088968,8.33176638657243,275.151292710721));
#7802=CARTESIAN_POINT('Ctrl Pts',(-105.216988436311,8.24410864133604,274.154437911362));
#7803=CARTESIAN_POINT('Ctrl Pts',(-106.167901504528,7.93202001521333,275.198926651617));
#7804=CARTESIAN_POINT('Ctrl Pts',(-105.200776147412,8.06526955045732,275.17195456911));
#7805=CARTESIAN_POINT('Ctrl Pts',(-105.182276115526,7.89240002648795,274.210054993748));
#7806=CARTESIAN_POINT('Ctrl Pts',(-106.080741966438,7.60329806131713,275.28323264822));
#7807=CARTESIAN_POINT('Ctrl Pts',(-105.158654568148,7.77616953208014,275.226770027381));
#7808=CARTESIAN_POINT('Ctrl Pts',(-105.112900201132,7.55103387035994,274.315431333612));
#7809=CARTESIAN_POINT('Origin',(0.,0.,274.15443790665));
#7810=CARTESIAN_POINT('Origin',(-113.428262580259,8.96568013009353,274.154437906651));
#7811=CARTESIAN_POINT('Ctrl Pts',(-113.664470133362,4.97242273567059,279.154437906651));
#7812=CARTESIAN_POINT('Ctrl Pts',(-114.676642436386,5.02123698650236,279.154437906651));
#7813=CARTESIAN_POINT('Ctrl Pts',(-114.712031374805,4.00850640775395,279.154437906651));
#7814=CARTESIAN_POINT('Ctrl Pts',(-113.664470133391,4.97242273567201,278.890326474763));
#7815=CARTESIAN_POINT('Ctrl Pts',(-114.676642436295,5.02123698828717,278.891215394067));
#7816=CARTESIAN_POINT('Ctrl Pts',(-114.712031374726,4.00850641001981,278.824298616816));
#7817=CARTESIAN_POINT('Ctrl Pts',(-113.663664244145,4.99831834013338,278.630595130227));
#7818=CARTESIAN_POINT('Ctrl Pts',(-114.67546455694,5.04691033969278,278.63244137084));
#7819=CARTESIAN_POINT('Ctrl Pts',(-114.710903699819,4.04115502468268,278.499634436087));
#7820=CARTESIAN_POINT('Ctrl Pts',(-113.661177590195,5.0744101354136,278.247369510288));
#7821=CARTESIAN_POINT('Ctrl Pts',(-114.671927359303,5.1225278355062,278.250117876287));
#7822=CARTESIAN_POINT('Ctrl Pts',(-114.707470396905,4.13709135144805,278.020602411214));
#7823=CARTESIAN_POINT('Ctrl Pts',(-113.660131934399,5.10602814806021,278.120693378449));
#7824=CARTESIAN_POINT('Ctrl Pts',(-114.670450455896,5.15394971067254,278.123720188812));
#7825=CARTESIAN_POINT('Ctrl Pts',(-114.706031268965,4.17695540480897,277.862257246275));
#7826=CARTESIAN_POINT('Ctrl Pts',(-113.657548081267,5.18205470822346,277.869521039089));
#7827=CARTESIAN_POINT('Ctrl Pts',(-114.666855656327,5.22958054026865,277.872937879787));
#7828=CARTESIAN_POINT('Ctrl Pts',(-114.702500647305,4.27281068918636,277.548291822321));
#7829=CARTESIAN_POINT('Ctrl Pts',(-113.656001773055,5.22667924147181,277.744679430273));
#7830=CARTESIAN_POINT('Ctrl Pts',(-114.664727642069,5.27399367908911,277.748222968475));
#7831=CARTESIAN_POINT('Ctrl Pts',(-114.700398345614,4.3290742458498,277.392239811322));
#7832=CARTESIAN_POINT('Ctrl Pts',(-113.65061736322,5.37702972893225,277.381518256623));
#7833=CARTESIAN_POINT('Ctrl Pts',(-114.65745100433,5.42375622595262,277.385276447707));
#7834=CARTESIAN_POINT('Ctrl Pts',(-114.693139028138,4.51864144191369,276.938288343829));
#7835=CARTESIAN_POINT('Ctrl Pts',(-113.646027069567,5.49969526719359,277.151854442776));
#7836=CARTESIAN_POINT('Ctrl Pts',(-114.651392974325,5.54610941243407,277.155342010148));
#7837=CARTESIAN_POINT('Ctrl Pts',(-114.687017214644,4.67330487364045,276.651208576503));
#7838=CARTESIAN_POINT('Ctrl Pts',(-113.634183686803,5.78945063565778,276.717186305511));
#7839=CARTESIAN_POINT('Ctrl Pts',(-114.63645246773,5.83599595554302,276.719483145682));
#7840=CARTESIAN_POINT('Ctrl Pts',(-114.671546763493,5.03865645803467,276.10787340553));
#7841=CARTESIAN_POINT('Ctrl Pts',(-113.626847566912,5.95809309745462,276.51135804872));
#7842=CARTESIAN_POINT('Ctrl Pts',(-114.627482011117,6.00502895151612,276.512705275662));
#7843=CARTESIAN_POINT('Ctrl Pts',(-114.662095475493,5.25130255532316,275.850588084509));
#7844=CARTESIAN_POINT('Ctrl Pts',(-113.609268128842,6.32641706073201,276.142389765968));
#7845=CARTESIAN_POINT('Ctrl Pts',(-114.606908778326,6.37518446750481,276.141710189404));
#7846=CARTESIAN_POINT('Ctrl Pts',(-114.639881805509,5.71575165464959,275.389377730526));
#7847=CARTESIAN_POINT('Ctrl Pts',(-113.598983822344,6.52735371857278,275.976808820229));
#7848=CARTESIAN_POINT('Ctrl Pts',(-114.595248318062,6.57756130177786,275.974955399899));
#7849=CARTESIAN_POINT('Ctrl Pts',(-114.627062819382,5.96913715409733,275.182401547866));
#7850=CARTESIAN_POINT('Ctrl Pts',(-113.574538560835,6.96352705737706,275.684345028695));
#7851=CARTESIAN_POINT('Ctrl Pts',(-114.568605549481,7.01768260522962,275.680597568896));
#7852=CARTESIAN_POINT('Ctrl Pts',(-114.597095644808,6.51918696907829,274.816821809963));
#7853=CARTESIAN_POINT('Ctrl Pts',(-113.560519696997,7.19579002710801,275.560000886879));
#7854=CARTESIAN_POINT('Ctrl Pts',(-114.553783072052,7.25254518292854,275.555433923286));
#7855=CARTESIAN_POINT('Ctrl Pts',(-114.580126963322,6.81210149087467,274.661391631957));
#7856=CARTESIAN_POINT('Ctrl Pts',(-113.513308925342,7.9157235485577,275.260508899332));
#7857=CARTESIAN_POINT('Ctrl Pts',(-114.505515049802,7.98099283291568,275.255077003158));
#7858=CARTESIAN_POINT('Ctrl Pts',(-114.523737575392,7.72007908692096,274.287026647459));
#7859=CARTESIAN_POINT('Ctrl Pts',(-113.473761479701,8.44126302316664,275.154437906651));
#7860=CARTESIAN_POINT('Ctrl Pts',(-114.467003118542,8.51501853086315,275.150410865724));
#7861=CARTESIAN_POINT('Ctrl Pts',(-114.477442070092,8.38295134669039,274.154437909517));
#7862=CARTESIAN_POINT('Ctrl Pts',(-113.428262580259,8.96568013009353,275.154437906651));
#7863=CARTESIAN_POINT('Ctrl Pts',(-114.425153265374,9.0444770965999,275.154437906651));
#7864=CARTESIAN_POINT('Ctrl Pts',(-114.425153265374,9.0444770965999,274.154437906651));
#7865=CARTESIAN_POINT('Origin',(-113.712641360593,3.97358364309008,279.154437906651));
#7866=CARTESIAN_POINT('Ctrl Pts',(-113.428262580259,8.96568013009353,283.154437906651));
#7867=CARTESIAN_POINT('Ctrl Pts',(-114.425153265374,9.0444770965999,283.154437906651));
#7868=CARTESIAN_POINT('Ctrl Pts',(-114.425153265374,9.0444770965999,284.154437906651));
#7869=CARTESIAN_POINT('Ctrl Pts',(-113.451097291408,8.70248885911409,283.154437906651));
#7870=CARTESIAN_POINT('Ctrl Pts',(-114.446176705987,8.77850147474074,283.156460906107));
#7871=CARTESIAN_POINT('Ctrl Pts',(-114.451395734603,8.71247354001109,284.154437904424));
#7872=CARTESIAN_POINT('Ctrl Pts',(-113.472121482995,8.44355692617176,283.12855771129));
#7873=CARTESIAN_POINT('Ctrl Pts',(-114.466041463586,8.51608019760402,283.131999780811));
#7874=CARTESIAN_POINT('Ctrl Pts',(-114.475759026413,8.38586043671549,284.122087662636));
#7875=CARTESIAN_POINT('Ctrl Pts',(-113.50116473792,8.06136902026224,283.052478015387));
#7876=CARTESIAN_POINT('Ctrl Pts',(-114.494132015336,8.12887529491261,283.057086009775));
#7877=CARTESIAN_POINT('Ctrl Pts',(-114.509712207328,7.9037981057119,284.026988042477));
#7878=CARTESIAN_POINT('Ctrl Pts',(-113.510429794195,7.93501185000521,283.020862202958));
#7879=CARTESIAN_POINT('Ctrl Pts',(-114.503212494605,8.00086608660962,283.025711811185));
#7880=CARTESIAN_POINT('Ctrl Pts',(-114.520597400499,7.74442501241506,283.987468277432));
#7881=CARTESIAN_POINT('Ctrl Pts',(-113.528157855044,7.68442634856935,282.944830017027));
#7882=CARTESIAN_POINT('Ctrl Pts',(-114.52081860776,7.74710152525462,282.949891634849));
#7883=CARTESIAN_POINT('Ctrl Pts',(-114.541532384095,7.4283717491296,283.892428044223));
#7884=CARTESIAN_POINT('Ctrl Pts',(-113.536639791012,7.55985826284251,282.900199130668));
#7885=CARTESIAN_POINT('Ctrl Pts',(-114.529367321122,7.62096979040323,282.905221843692));
#7886=CARTESIAN_POINT('Ctrl Pts',(-114.55160540634,7.27126312220119,283.836639436329));
#7887=CARTESIAN_POINT('Ctrl Pts',(-113.560422145225,7.1974437731878,282.749813733362));
#7888=CARTESIAN_POINT('Ctrl Pts',(-114.553678960252,7.25421667737815,282.754387050382));
#7889=CARTESIAN_POINT('Ctrl Pts',(-114.580008429631,6.81418705703768,283.648657690725));
#7890=CARTESIAN_POINT('Ctrl Pts',(-113.574260746781,6.96817464642196,282.627099284559));
#7891=CARTESIAN_POINT('Ctrl Pts',(-114.568310663011,7.02238100338956,282.630864070202));
#7892=CARTESIAN_POINT('Ctrl Pts',(-114.596758830154,6.52504816389909,283.49526462949));
#7893=CARTESIAN_POINT('Ctrl Pts',(-113.598620451281,6.53413866102056,282.33715000641));
#7894=CARTESIAN_POINT('Ctrl Pts',(-114.594844379271,6.58440271421867,282.339038591331));
#7895=CARTESIAN_POINT('Ctrl Pts',(-114.626613709922,5.97769331046936,283.132828030896));
#7896=CARTESIAN_POINT('Ctrl Pts',(-113.609160399654,6.32856614605745,282.168373929434));
#7897=CARTESIAN_POINT('Ctrl Pts',(-114.606785501897,6.37734723776041,282.169065528932));
#7898=CARTESIAN_POINT('Ctrl Pts',(-114.639746988294,5.71846167108103,282.921857934863));
#7899=CARTESIAN_POINT('Ctrl Pts',(-113.626762437639,5.95998360022023,281.799673648002));
#7900=CARTESIAN_POINT('Ctrl Pts',(-114.627379620037,6.00692588935786,281.798337013445));
#7901=CARTESIAN_POINT('Ctrl Pts',(-114.661986607841,5.2536863788016,282.460982583606));
#7902=CARTESIAN_POINT('Ctrl Pts',(-113.633968325469,5.79452963317691,281.598486182876));
#7903=CARTESIAN_POINT('Ctrl Pts',(-114.636185827895,5.84108123301803,281.596211937687));
#7904=CARTESIAN_POINT('Ctrl Pts',(-114.671267752089,5.04506064216676,282.209498252438));
#7905=CARTESIAN_POINT('Ctrl Pts',(-113.645930837059,5.50223471052337,281.161632091991));
#7906=CARTESIAN_POINT('Ctrl Pts',(-114.651266850999,5.54864267379866,281.158149343494));
#7907=CARTESIAN_POINT('Ctrl Pts',(-114.686889265033,4.67650675874151,281.663430637821));
#7908=CARTESIAN_POINT('Ctrl Pts',(-113.650581934219,5.37796633032445,280.929009564487));
#7909=CARTESIAN_POINT('Ctrl Pts',(-114.657404463314,5.42469166819404,280.925255779481));
#7910=CARTESIAN_POINT('Ctrl Pts',(-114.693091901767,4.51982236558982,281.372652478937));
#7911=CARTESIAN_POINT('Ctrl Pts',(-113.661310351649,5.07855052531789,280.207609871456));
#7912=CARTESIAN_POINT('Ctrl Pts',(-114.671912890342,5.12615653586907,280.203583578711));
#7913=CARTESIAN_POINT('Ctrl Pts',(-114.707554160889,4.14230829065413,280.470902862676));
#7914=CARTESIAN_POINT('Ctrl Pts',(-113.664470133384,4.97242273567164,279.680646084003));
#7915=CARTESIAN_POINT('Ctrl Pts',(-114.676642436259,5.02123698883898,279.678833308597));
#7916=CARTESIAN_POINT('Ctrl Pts',(-114.712031374702,4.00850641071131,279.812198128322));
#7917=CARTESIAN_POINT('Ctrl Pts',(-113.664470133362,4.97242273567059,279.154437906651));
#7918=CARTESIAN_POINT('Ctrl Pts',(-114.676642436386,5.02123698650234,279.154437906651));
#7919=CARTESIAN_POINT('Ctrl Pts',(-114.712031374805,4.00850640775395,279.154437906651));
#7920=CARTESIAN_POINT('Origin',(-113.428262580259,8.96568013009353,284.154437906651));
#7921=CARTESIAN_POINT('Origin',(0.,0.,284.154437906651));
#7922=CARTESIAN_POINT('Ctrl Pts',(-41.3444049817976,0.584433962035268,290.654437906651));
#7923=CARTESIAN_POINT('Ctrl Pts',(-41.3444049817976,0.584433962035268,291.654437906651));
#7924=CARTESIAN_POINT('Ctrl Pts',(-41.3434268858131,1.58443348369928,291.654437906651));
#7925=CARTESIAN_POINT('Ctrl Pts',(-41.213608345864,0.584306030309683,290.654437884477));
#7926=CARTESIAN_POINT('Ctrl Pts',(-41.0829016426966,0.584178186546942,291.653744217512));
#7927=CARTESIAN_POINT('Ctrl Pts',(-41.0818379817022,1.58348375129528,291.654437906651));
#7928=CARTESIAN_POINT('Ctrl Pts',(-41.0827726614135,0.58417806039088,290.628458801106));
#7929=CARTESIAN_POINT('Ctrl Pts',(-40.8215108739914,0.583922521163537,291.601128033956));
#7930=CARTESIAN_POINT('Ctrl Pts',(-40.8201709814896,1.5825322196784,291.602479710203));
#7931=CARTESIAN_POINT('Ctrl Pts',(-40.9011990974706,0.584000463932148,290.553251286348));
#7932=CARTESIAN_POINT('Ctrl Pts',(-40.4590477752805,0.583567997292478,291.449951433031));
#7933=CARTESIAN_POINT('Ctrl Pts',(-40.4570299537996,1.58120986312468,291.452064661771));
#7934=CARTESIAN_POINT('Ctrl Pts',(-40.8437851451026,0.583944307549037,290.522569282001));
#7935=CARTESIAN_POINT('Ctrl Pts',(-40.3445089682667,0.583455967291853,291.388395145198));
#7936=CARTESIAN_POINT('Ctrl Pts',(-40.3422039779728,1.5807914205738,291.390700656134));
#7937=CARTESIAN_POINT('Ctrl Pts',(-40.7351216652161,0.583838024184861,290.450081943083));
#7938=CARTESIAN_POINT('Ctrl Pts',(-40.1278248863566,0.583244029359814,291.243154319481));
#7939=CARTESIAN_POINT('Ctrl Pts',(-40.1248806665305,1.57999898819217,291.245725988437));
#7940=CARTESIAN_POINT('Ctrl Pts',(-40.6836652911675,0.583787694887939,290.407887417395));
#7941=CARTESIAN_POINT('Ctrl Pts',(-40.0252602816347,0.583143711283667,291.158695972933));
#7942=CARTESIAN_POINT('Ctrl Pts',(-40.0219696512507,1.57962348313437,291.161336935802));
#7943=CARTESIAN_POINT('Ctrl Pts',(-40.5453010580921,0.583652361322437,290.26962496126));
#7944=CARTESIAN_POINT('Ctrl Pts',(-39.7496072691446,0.58287409605079,290.882204255045));
#7945=CARTESIAN_POINT('Ctrl Pts',(-39.7452458558171,1.57861326109799,290.884812016505));
#7946=CARTESIAN_POINT('Ctrl Pts',(-40.4707789685487,0.583579471531033,290.158169643393));
#7947=CARTESIAN_POINT('Ctrl Pts',(-39.6012265077277,0.582728965353256,290.659566897083));
#7948=CARTESIAN_POINT('Ctrl Pts',(-39.5962041878003,1.57806844028857,290.66190138626));
#7949=CARTESIAN_POINT('Ctrl Pts',(-40.3709273806096,0.583481807047109,289.917714363565));
#7950=CARTESIAN_POINT('Ctrl Pts',(-39.4025045861883,0.58253459614823,290.179631274546));
#7951=CARTESIAN_POINT('Ctrl Pts',(-39.3965043870851,1.57733817120705,290.180990824224));
#7952=CARTESIAN_POINT('Ctrl Pts',(-40.3443913124556,0.583455852212975,289.785994707757));
#7953=CARTESIAN_POINT('Ctrl Pts',(-39.3497110189248,0.582482958949633,289.916851051982));
#7954=CARTESIAN_POINT('Ctrl Pts',(-39.3434331193102,1.57714393111612,289.917551511054));
#7955=CARTESIAN_POINT('Ctrl Pts',(-40.3443912979416,0.583455852198779,289.654437906651));
#7956=CARTESIAN_POINT('Ctrl Pts',(-39.3497109900513,0.58248295891841,289.654437906651));
#7957=CARTESIAN_POINT('Ctrl Pts',(-39.3434331193097,1.57714393119237,289.654437906651));
#7958=CARTESIAN_POINT('Origin',(-41.3434268858131,1.58443348369928,290.654437906651));
#7959=CARTESIAN_POINT('Origin',(-40.3434132019571,1.5834553738628,289.654437906651));
#7960=CARTESIAN_POINT('Origin',(-40.3434132019571,1.5834553738628,289.654437906651));
#7961=CARTESIAN_POINT('Origin',(-40.3434132019571,1.5834553738628,268.654437906651));
#7962=CARTESIAN_POINT('Origin',(-41.346079563858,1.58443607827426,290.654437906651));
#7963=CARTESIAN_POINT('Origin',(-103.185151258993,1.6449206549156,290.654437906651));
#7964=CARTESIAN_POINT('Ctrl Pts',(-40.3443912979416,0.583455852198792,268.654437906651));
#7965=CARTESIAN_POINT('Ctrl Pts',(-39.3497109900513,0.582482958918424,268.654437906651));
#7966=CARTESIAN_POINT('Ctrl Pts',(-39.3434331193097,1.57714393119237,268.654437906651));
#7967=CARTESIAN_POINT('Ctrl Pts',(-40.3443913201011,0.583455852220466,268.523641361802));
#7968=CARTESIAN_POINT('Ctrl Pts',(-39.3497110341377,0.582482958961122,268.39354074094));
#7969=CARTESIAN_POINT('Ctrl Pts',(-39.3434331193105,1.57714393107489,268.39284481919));
#7970=CARTESIAN_POINT('Ctrl Pts',(-40.3703716433966,0.583481263482509,268.392805302365));
#7971=CARTESIAN_POINT('Ctrl Pts',(-39.401398869096,0.582533514649083,268.13252452508));
#7972=CARTESIAN_POINT('Ctrl Pts',(-39.3953929172398,1.57733410572583,268.131172688463));
#7973=CARTESIAN_POINT('Ctrl Pts',(-40.4455817494072,0.583554826220378,268.211233037483));
#7974=CARTESIAN_POINT('Ctrl Pts',(-39.5510697060579,0.582679907164425,267.770141451672));
#7975=CARTESIAN_POINT('Ctrl Pts',(-39.5458106083264,1.57788415982356,267.768028165735));
#7976=CARTESIAN_POINT('Ctrl Pts',(-40.4762647580231,0.583584837162247,268.153819597219));
#7977=CARTESIAN_POINT('Ctrl Pts',(-39.6121472397814,0.582739646883045,267.65550683659));
#7978=CARTESIAN_POINT('Ctrl Pts',(-39.6071755866475,1.57810851065639,267.653201285047));
#7979=CARTESIAN_POINT('Ctrl Pts',(-40.5487543441325,0.583655738969253,268.045157276153));
#7980=CARTESIAN_POINT('Ctrl Pts',(-39.7564845414826,0.582880822686176,267.438448330369));
#7981=CARTESIAN_POINT('Ctrl Pts',(-39.7521523031295,1.57863828692092,267.43587663682));
#7982=CARTESIAN_POINT('Ctrl Pts',(-40.5909498993645,0.583697010292135,267.993701860634));
#7983=CARTESIAN_POINT('Ctrl Pts',(-39.8405276935384,0.582963024994816,267.33560677789));
#7984=CARTESIAN_POINT('Ctrl Pts',(-39.8365419920053,1.57894655009138,267.332965806248));
#7985=CARTESIAN_POINT('Ctrl Pts',(-40.7292150711602,0.583832246966151,267.855340661599));
#7986=CARTESIAN_POINT('Ctrl Pts',(-40.1160502463518,0.583232512626377,267.058851144986));
#7987=CARTESIAN_POINT('Ctrl Pts',(-40.1130676843453,1.5799560529483,267.056243417313));
#7988=CARTESIAN_POINT('Ctrl Pts',(-40.8406719326753,0.583941262526973,267.78082082459));
#7989=CARTESIAN_POINT('Ctrl Pts',(-40.3382991899863,0.583449893528662,266.909538092478));
#7990=CARTESIAN_POINT('Ctrl Pts',(-40.3359776518598,1.58076905268769,266.907203738898));
#7991=CARTESIAN_POINT('Ctrl Pts',(-41.0811286238702,0.584176452363574,267.680972799137));
#7992=CARTESIAN_POINT('Ctrl Pts',(-40.8182274227721,0.583919309632393,266.708867075136));
#7993=CARTESIAN_POINT('Ctrl Pts',(-40.8168829673958,1.58252025217706,266.707507691177));
#7994=CARTESIAN_POINT('Ctrl Pts',(-41.2128488077841,0.584305287408181,267.654437921143));
#7995=CARTESIAN_POINT('Ctrl Pts',(-41.081383572929,0.584176701728317,266.655135607185));
#7996=CARTESIAN_POINT('Ctrl Pts',(-41.0803189264697,1.58347823616887,266.654437906651));
#7997=CARTESIAN_POINT('Ctrl Pts',(-41.3444049817976,0.584433962035268,267.654437906651));
#7998=CARTESIAN_POINT('Ctrl Pts',(-41.3444049817976,0.584433962035268,266.654437906651));
#7999=CARTESIAN_POINT('Ctrl Pts',(-41.3434268858131,1.58443348369928,266.654437906651));
#8000=CARTESIAN_POINT('Origin',(-41.3434268858131,1.58443348369928,267.654437906651));
#8001=CARTESIAN_POINT('Ctrl Pts',(-104.186136830629,0.645899237015846,289.654437906651));
#8002=CARTESIAN_POINT('Ctrl Pts',(-105.190122550656,0.646881231886792,289.654437906651));
#8003=CARTESIAN_POINT('Ctrl Pts',(-105.185146451907,1.65085510045801,289.654437906651));
#8004=CARTESIAN_POINT('Ctrl Pts',(-104.18613680847,0.645899236994172,289.785234080264));
#8005=CARTESIAN_POINT('Ctrl Pts',(-105.190122506159,0.646881231845108,289.916554207812));
#8006=CARTESIAN_POINT('Ctrl Pts',(-105.185146451907,1.65085510054644,289.916030250831));
#8007=CARTESIAN_POINT('Ctrl Pts',(-104.160156843473,0.645873826082587,289.916069666211));
#8008=CARTESIAN_POINT('Ctrl Pts',(-105.137958150171,0.64683021007169,290.178719324646));
#8009=CARTESIAN_POINT('Ctrl Pts',(-105.133187001113,1.65070136546843,290.177701433805));
#8010=CARTESIAN_POINT('Ctrl Pts',(-104.084947551085,0.645800264140518,290.097641675019));
#8011=CARTESIAN_POINT('Ctrl Pts',(-104.98697816779,0.646682537086677,290.542436554751));
#8012=CARTESIAN_POINT('Ctrl Pts',(-104.982769873594,1.6502560539441,290.540845443766));
#8013=CARTESIAN_POINT('Ctrl Pts',(-104.054264862455,0.645770253511612,290.155055056539));
#8014=CARTESIAN_POINT('Ctrl Pts',(-104.92539673819,0.646622304508254,290.657408085639));
#8015=CARTESIAN_POINT('Ctrl Pts',(-104.921405101922,1.65007435456561,290.655672206847));
#8016=CARTESIAN_POINT('Ctrl Pts',(-103.981776003598,0.64569935241593,290.263717307731));
#8017=CARTESIAN_POINT('Ctrl Pts',(-104.779938460035,0.646480032283501,290.874932964902));
#8018=CARTESIAN_POINT('Ctrl Pts',(-104.776428819402,1.64964494002346,290.872996715287));
#8019=CARTESIAN_POINT('Ctrl Pts',(-103.939580809713,0.645658081446477,290.315172780315));
#8020=CARTESIAN_POINT('Ctrl Pts',(-104.695287671115,0.646397235646396,290.977896079413));
#8021=CARTESIAN_POINT('Ctrl Pts',(-104.692039260597,1.64939491748576,290.975907660044));
#8022=CARTESIAN_POINT('Ctrl Pts',(-103.801316676212,0.645522845788014,290.453534231219));
#8023=CARTESIAN_POINT('Ctrl Pts',(-104.41800577652,0.64612602720968,291.254594146277));
#8024=CARTESIAN_POINT('Ctrl Pts',(-104.415513710365,1.64857531384174,291.252630553192));
#8025=CARTESIAN_POINT('Ctrl Pts',(-103.689860508232,0.645413830905519,290.52805433692));
#8026=CARTESIAN_POINT('Ctrl Pts',(-104.194597127166,0.645907512000912,291.403428573022));
#8027=CARTESIAN_POINT('Ctrl Pts',(-104.192603580071,1.64791419536528,291.401670769551));
#8028=CARTESIAN_POINT('Ctrl Pts',(-103.449404892472,0.645178642120797,290.627902837644));
#8029=CARTESIAN_POINT('Ctrl Pts',(-103.712953061753,0.645436417651145,291.602391552664));
#8030=CARTESIAN_POINT('Ctrl Pts',(-103.711697106544,1.64648634915465,291.601367768722));
#8031=CARTESIAN_POINT('Ctrl Pts',(-103.317685244999,0.6450498076009,290.654437892118));
#8032=CARTESIAN_POINT('Ctrl Pts',(-103.449304764414,0.645178544186368,291.654963460812));
#8033=CARTESIAN_POINT('Ctrl Pts',(-103.448260424062,1.64570345273268,291.654437906651));
#8034=CARTESIAN_POINT('Ctrl Pts',(-103.186129354978,0.644921133251585,290.654437906651));
#8035=CARTESIAN_POINT('Ctrl Pts',(-103.186129354978,0.644921133251585,291.654437906651));
#8036=CARTESIAN_POINT('Ctrl Pts',(-103.185151258993,1.64492065491559,291.654437906651));
#8037=CARTESIAN_POINT('Origin',(-104.185158734645,1.64589875867985,289.654437906651));
#8038=CARTESIAN_POINT('Origin',(-41.346079563858,1.58443607827426,267.654437906651));
#8039=CARTESIAN_POINT('Origin',(-103.185151258993,1.64492065491559,267.654437906651));
#8040=CARTESIAN_POINT('Origin',(-104.185158734645,1.64589875867985,268.65443790665));
#8041=CARTESIAN_POINT('Origin',(-104.185158734645,1.64589875867985,268.65443790665));
#8042=CARTESIAN_POINT('Ctrl Pts',(-103.186129354978,0.644921133251584,267.654437906651));
#8043=CARTESIAN_POINT('Ctrl Pts',(-103.186129354978,0.644921133251584,266.654437906651));
#8044=CARTESIAN_POINT('Ctrl Pts',(-103.185151258993,1.64492065491559,266.654437906651));
#8045=CARTESIAN_POINT('Ctrl Pts',(-103.316925552143,0.645049064548012,267.654437928814));
#8046=CARTESIAN_POINT('Ctrl Pts',(-103.447784646381,0.645177057364194,266.653915403566));
#8047=CARTESIAN_POINT('Ctrl Pts',(-103.446741049047,1.64569893231414,266.654437906651));
#8048=CARTESIAN_POINT('Ctrl Pts',(-103.44776090058,0.645177034138162,267.680417201341));
#8049=CARTESIAN_POINT('Ctrl Pts',(-103.709661657248,0.6454331983382,266.705378521541));
#8050=CARTESIAN_POINT('Ctrl Pts',(-103.708409161208,1.64647658383793,266.706396481725));
#8051=CARTESIAN_POINT('Ctrl Pts',(-103.629333600982,0.645354629752267,267.755625053659));
#8052=CARTESIAN_POINT('Ctrl Pts',(-104.073315342636,0.645788886719147,266.855221078379));
#8053=CARTESIAN_POINT('Ctrl Pts',(-104.071550960296,1.64755478292389,266.856812205996));
#8054=CARTESIAN_POINT('Ctrl Pts',(-103.686747257996,0.645410785846515,267.786307184748));
#8055=CARTESIAN_POINT('Ctrl Pts',(-104.188358173475,0.64590140970332,266.916440578723));
#8056=CARTESIAN_POINT('Ctrl Pts',(-104.18637713936,1.64789553752377,266.918176465375));
#8057=CARTESIAN_POINT('Ctrl Pts',(-103.79541013686,0.645517068622834,267.858794797183));
#8058=CARTESIAN_POINT('Ctrl Pts',(-104.406163912536,0.646114444724158,267.061215427266));
#8059=CARTESIAN_POINT('Ctrl Pts',(-104.403700757344,1.64854019547164,267.063151680586));
#8060=CARTESIAN_POINT('Ctrl Pts',(-103.846866136666,0.645567397553684,267.900989422085));
#8061=CARTESIAN_POINT('Ctrl Pts',(-104.509336106785,0.64621535708158,267.145552512302));
#8062=CARTESIAN_POINT('Ctrl Pts',(-104.506611741719,1.64884532171997,267.14754093186));
#8063=CARTESIAN_POINT('Ctrl Pts',(-103.985229261583,0.6457027300353,268.039252060565));
#8064=CARTESIAN_POINT('Ctrl Pts',(-104.786866922687,0.64648680898701,267.422102632891));
#8065=CARTESIAN_POINT('Ctrl Pts',(-104.783335256618,1.64966551430566,267.424066216297));
#8066=CARTESIAN_POINT('Ctrl Pts',(-104.059750615963,0.645775619107628,268.150707385363));
#8067=CARTESIAN_POINT('Ctrl Pts',(-104.93640632001,0.646633072941394,267.645219116715));
#8068=CARTESIAN_POINT('Ctrl Pts',(-104.932376505828,1.65010686333363,267.646976860374));
#8069=CARTESIAN_POINT('Ctrl Pts',(-104.159601097147,0.645873282509039,268.391162258674));
#8070=CARTESIAN_POINT('Ctrl Pts',(-105.136842343477,0.646829118705444,268.12686290137));
#8071=CARTESIAN_POINT('Ctrl Pts',(-105.132075505192,1.65069807539408,268.127886608552));
#8072=CARTESIAN_POINT('Ctrl Pts',(-104.186136816088,0.645899237001597,268.522881637014));
#8073=CARTESIAN_POINT('Ctrl Pts',(-105.190122521502,0.646881231859526,268.390798001226));
#8074=CARTESIAN_POINT('Ctrl Pts',(-105.185146451889,1.65085510053127,268.391325366011));
#8075=CARTESIAN_POINT('Ctrl Pts',(-104.186136830611,0.645899237015802,268.654437906651));
#8076=CARTESIAN_POINT('Ctrl Pts',(-105.190122550652,0.646881231886776,268.654437906651));
#8077=CARTESIAN_POINT('Ctrl Pts',(-105.185146451889,1.65085510047178,268.654437906651));
#8078=UNCERTAINTY_MEASURE_WITH_UNIT(LENGTH_MEASURE(0.01),#8082,
'DISTANCE_ACCURACY_VALUE',
'Maximum model space distance between geometric entities at asserted c
onnectivities');
#8079=UNCERTAINTY_MEASURE_WITH_UNIT(LENGTH_MEASURE(0.01),#8082,
'DISTANCE_ACCURACY_VALUE',
'Maximum model space distance between geometric entities at asserted c
onnectivities');
#8080=(
GEOMETRIC_REPRESENTATION_CONTEXT(3)
GLOBAL_UNCERTAINTY_ASSIGNED_CONTEXT((#8078))
GLOBAL_UNIT_ASSIGNED_CONTEXT((#8082,#8084,#8085))
REPRESENTATION_CONTEXT('','3D')
);
#8081=(
GEOMETRIC_REPRESENTATION_CONTEXT(3)
GLOBAL_UNCERTAINTY_ASSIGNED_CONTEXT((#8079))
GLOBAL_UNIT_ASSIGNED_CONTEXT((#8082,#8084,#8085))
REPRESENTATION_CONTEXT('','3D')
);
#8082=(
LENGTH_UNIT()
NAMED_UNIT(*)
SI_UNIT(.MILLI.,.METRE.)
);
#8083=(
LENGTH_UNIT()
NAMED_UNIT(*)
SI_UNIT(.CENTI.,.METRE.)
);
#8084=(
NAMED_UNIT(*)
PLANE_ANGLE_UNIT()
SI_UNIT($,.RADIAN.)
);
#8085=(
NAMED_UNIT(*)
SI_UNIT($,.STERADIAN.)
SOLID_ANGLE_UNIT()
);
#8086=SHAPE_DEFINITION_REPRESENTATION(#8087,#8088);
#8087=PRODUCT_DEFINITION_SHAPE('',$,#8090);
#8088=SHAPE_REPRESENTATION('',(#2284),#8080);
#8089=DESIGN_CONTEXT('part definition',#8094,'design');
#8090=PRODUCT_DEFINITION('angled base','angled base',#8091,#8089);
#8091=PRODUCT_DEFINITION_FORMATION('ANY',$,#8096);
#8092=PRODUCT_RELATED_PRODUCT_CATEGORY('angled base','angled base',(#8096));
#8093=APPLICATION_PROTOCOL_DEFINITION('international standard',
'ap203_configuration_controlled_3d_design_of_mechanical_parts_and_asse
mblies_mim_lf',2004,#8094);
#8094=APPLICATION_CONTEXT(
'Configuration Controlled 3D Design of Mechanical Parts and Assemblies');
#8095=MECHANICAL_CONTEXT('part definition',#8094,'mechanical');
#8096=PRODUCT('angled base','angled base','STEP AP203',(#8095));
#8097=PRESENTATION_STYLE_ASSIGNMENT((#8098));
#8098=SURFACE_STYLE_USAGE(.BOTH.,#8101);
#8099=SURFACE_STYLE_RENDERING_WITH_PROPERTIES($,#8105,(#8100));
#8100=SURFACE_STYLE_TRANSPARENT(0.);
#8101=SURFACE_SIDE_STYLE('',(#8102,#8099));
#8102=SURFACE_STYLE_FILL_AREA(#8103);
#8103=FILL_AREA_STYLE('',(#8104));
#8104=FILL_AREA_STYLE_COLOUR('',#8105);
#8105=COLOUR_RGB('',0.749019607843137,0.749019607843137,0.749019607843137);
ENDSEC;
END-ISO-10303-21;
