ISO-10303-21;
HEADER;
/* Generated by software containing ST-Developer
 * from STEP Tools, Inc. (www.steptools.com) 
 */

FILE_DESCRIPTION(
/* description */ ('STEP AP203'),
/* implementation_level */ '2;1');

FILE_NAME(
/* name */ 'C:\\Users\\harra\\OneDrive\\CMR\\kb laser cut stuff\\right.
stp',
/* time_stamp */ '2021-08-05T17:13:52+01:00',
/* author */ ('harra'),
/* organization */ (''),
/* preprocessor_version */ 'ST-DEVELOPER v18.1',
/* originating_system */ 'Autodesk Inventor 2021',
/* authorisation */ '');

FILE_SCHEMA (('AUTOMOTIVE_DESIGN { 1 0 10303 214 3 1 1 }'));
ENDSEC;

DATA;
#10=MECHANICAL_DESIGN_GEOMETRIC_PRESENTATION_REPRESENTATION('',(#13),#4480);
#11=SHAPE_REPRESENTATION_RELATIONSHIP('SRR','None',#4487,#12);
#12=ADVANCED_BREP_SHAPE_REPRESENTATION('',(#14),#4479);
#13=STYLED_ITEM('',(#4496),#14);
#14=MANIFOLD_SOLID_BREP('Solid1',#1169);
#15=(
BOUNDED_SURFACE()
B_SPLINE_SURFACE(3,2,((#3741,#3742,#3743),(#3744,#3745,#3746),(#3747,#3748,
#3749),(#3750,#3751,#3752),(#3753,#3754,#3755),(#3756,#3757,#3758),(#3759,
#3760,#3761),(#3762,#3763,#3764),(#3765,#3766,#3767),(#3768,#3769,#3770),
(#3771,#3772,#3773),(#3774,#3775,#3776),(#3777,#3778,#3779),(#3780,#3781,
#3782),(#3783,#3784,#3785),(#3786,#3787,#3788),(#3789,#3790,#3791),(#3792,
#3793,#3794),(#3795,#3796,#3797),(#3798,#3799,#3800)),.UNSPECIFIED.,.F.,
 .F.,.F.)
B_SPLINE_SURFACE_WITH_KNOTS((4,2,2,2,2,2,2,2,2,4),(3,3),(0.,0.000479964176278612,
0.000719946264417918,0.000959928352557224,0.00119991044069653,0.00143989252883584,
0.00191985670511445,0.00239982088139306,0.00287978505767167,0.0038397134102289),
(0.,1.),.UNSPECIFIED.)
GEOMETRIC_REPRESENTATION_ITEM()
RATIONAL_B_SPLINE_SURFACE(((1.,0.700809061413075,1.),(1.,0.70079062100558,
1.),(1.,0.708016514660711,1.),(1.,0.727002903447226,1.),(1.,0.734643913038821,
1.),(1.,0.75142463975646,1.),(1.,0.760612474384076,1.),(1.,0.779954431173059,
1.),(1.,0.790131393304699,1.),(1.,0.810423127243876,1.),(1.,0.820604069761089,
1.),(1.,0.850736583007984,1.),(1.,0.870407242478065,1.),(1.,0.906085200088149,
1.),(1.,0.922061709864201,1.),(1.,0.949854499551595,1.),(1.,0.961697829420933,
1.),(1.,0.990384505153278,1.),(1.,0.999953577635804,1.),(1.,1.,1.)))
REPRESENTATION_ITEM('')
SURFACE()
);
#16=(
BOUNDED_SURFACE()
B_SPLINE_SURFACE(3,2,((#3978,#3979,#3980),(#3981,#3982,#3983),(#3984,#3985,
#3986),(#3987,#3988,#3989),(#3990,#3991,#3992),(#3993,#3994,#3995),(#3996,
#3997,#3998),(#3999,#4000,#4001),(#4002,#4003,#4004),(#4005,#4006,#4007),
(#4008,#4009,#4010),(#4011,#4012,#4013),(#4014,#4015,#4016),(#4017,#4018,
#4019)),.UNSPECIFIED.,.F.,.F.,.F.)
B_SPLINE_SURFACE_WITH_KNOTS((4,2,2,2,2,2,4),(3,3),(6.28318530717959,6.47953484802895,
6.67588438887831,6.87223392972767,7.06858347057703,7.46128255227576,7.85398163397448),
(0.,1.),.UNSPECIFIED.)
GEOMETRIC_REPRESENTATION_ITEM()
RATIONAL_B_SPLINE_SURFACE(((1.,0.707106781186548,1.),(1.,0.707071726684658,
1.),(1.,0.711746004782914,1.),(1.,0.729128891760402,1.),(1.,0.741833420925909,
1.),(1.,0.772396818771294,1.),(1.,0.790218011288244,1.),(1.,0.827594266955097,
1.),(1.,0.847131662331364,1.),(1.,0.903812886690585,1.),(1.,0.938655652377395,
1.),(1.,0.986729187384918,1.),(1.,1.00015858217407,1.),(1.,1.,1.)))
REPRESENTATION_ITEM('')
SURFACE()
);
#17=(
BOUNDED_SURFACE()
B_SPLINE_SURFACE(3,3,((#4142,#4143,#4144,#4145,#4146,#4147),(#4148,#4149,
#4150,#4151,#4152,#4153),(#4154,#4155,#4156,#4157,#4158,#4159),(#4160,#4161,
#4162,#4163,#4164,#4165)),.UNSPECIFIED.,.F.,.F.,.F.)
B_SPLINE_SURFACE_WITH_KNOTS((4,4),(4,2,4),(0.,1.),(0.,0.151554380003485,
1.),.UNSPECIFIED.)
GEOMETRIC_REPRESENTATION_ITEM()
RATIONAL_B_SPLINE_SURFACE(((1.,1.,1.,1.,1.,1.),(0.804737854125142,0.804737854125142,
0.804737854125142,0.804737854125142,0.804737854125142,0.804737854125142),
(0.804737854125142,0.804737854125142,0.804737854125142,0.804737854125142,
0.804737854125142,0.804737854125142),(1.,1.,1.,1.,1.,1.)))
REPRESENTATION_ITEM('')
SURFACE()
);
#18=(
BOUNDED_SURFACE()
B_SPLINE_SURFACE(3,3,((#4169,#4170,#4171,#4172,#4173,#4174),(#4175,#4176,
#4177,#4178,#4179,#4180),(#4181,#4182,#4183,#4184,#4185,#4186),(#4187,#4188,
#4189,#4190,#4191,#4192)),.UNSPECIFIED.,.F.,.F.,.F.)
B_SPLINE_SURFACE_WITH_KNOTS((4,4),(4,2,4),(0.,1.),(0.,0.151554380003485,
1.),.UNSPECIFIED.)
GEOMETRIC_REPRESENTATION_ITEM()
RATIONAL_B_SPLINE_SURFACE(((1.,1.,1.,1.,1.,1.),(0.804737854123586,0.804737854123586,
0.804737854123586,0.804737854123586,0.804737854123586,0.804737854123586),
(0.804737854123586,0.804737854123586,0.804737854123586,0.804737854123586,
0.804737854123586,0.804737854123586),(1.,1.,1.,1.,1.,1.)))
REPRESENTATION_ITEM('')
SURFACE()
);
#19=(
BOUNDED_SURFACE()
B_SPLINE_SURFACE(3,2,((#4200,#4201,#4202),(#4203,#4204,#4205),(#4206,#4207,
#4208),(#4209,#4210,#4211)),.UNSPECIFIED.,.F.,.F.,.F.)
B_SPLINE_SURFACE_WITH_KNOTS((4,4),(3,3),(0.000840357534547894,0.000916957072542443),
(0.,1.),.UNSPECIFIED.)
GEOMETRIC_REPRESENTATION_ITEM()
RATIONAL_B_SPLINE_SURFACE(((1.,0.707106781186548,1.),(1.,0.707222003340617,
1.),(1.,0.707335103728083,1.),(1.,0.707446117704606,1.)))
REPRESENTATION_ITEM('')
SURFACE()
);
#20=(
BOUNDED_SURFACE()
B_SPLINE_SURFACE(3,2,((#4218,#4219,#4220),(#4221,#4222,#4223),(#4224,#4225,
#4226),(#4227,#4228,#4229),(#4230,#4231,#4232),(#4233,#4234,#4235),(#4236,
#4237,#4238),(#4239,#4240,#4241),(#4242,#4243,#4244),(#4245,#4246,#4247),
(#4248,#4249,#4250),(#4251,#4252,#4253),(#4254,#4255,#4256),(#4257,#4258,
#4259),(#4260,#4261,#4262),(#4263,#4264,#4265)),.UNSPECIFIED.,.F.,.F.,.F.)
B_SPLINE_SURFACE_WITH_KNOTS((4,2,2,2,2,2,2,4),(3,3),(3.17258178523519,3.36505768462888,
3.55753358402256,3.75000948341625,3.94248538280994,4.13496128220363,4.32743718159731,
4.71238898038469),(0.,1.),.UNSPECIFIED.)
GEOMETRIC_REPRESENTATION_ITEM()
RATIONAL_B_SPLINE_SURFACE(((1.,0.707446117704605,1.),(1.,0.708819804743063,
1.),(1.,0.714690436220574,1.),(1.,0.733833580043541,1.),(1.,0.747099186444795,
1.),(1.,0.778192299888255,1.),(1.,0.795987596318494,1.),(1.,0.832933050341669,
1.),(1.,0.852068850190749,1.),(1.,0.888903341412922,1.),(1.,0.906598884933327,
1.),(1.,0.938408110330358,1.),(1.,0.952522559877998,1.),(1.,0.987263645685633,
1.),(1.,1.00014630857355,1.),(1.,1.,1.)))
REPRESENTATION_ITEM('')
SURFACE()
);
#21=(
BOUNDED_SURFACE()
B_SPLINE_SURFACE(3,2,((#4413,#4414,#4415),(#4416,#4417,#4418),(#4419,#4420,
#4421),(#4422,#4423,#4424),(#4425,#4426,#4427),(#4428,#4429,#4430),(#4431,
#4432,#4433),(#4434,#4435,#4436),(#4437,#4438,#4439),(#4440,#4441,#4442),
(#4443,#4444,#4445),(#4446,#4447,#4448),(#4449,#4450,#4451),(#4452,#4453,
#4454),(#4455,#4456,#4457),(#4458,#4459,#4460)),.UNSPECIFIED.,.F.,.F.,.F.)
B_SPLINE_SURFACE_WITH_KNOTS((4,2,2,2,2,2,2,4),(3,3),(3.14159265358979,3.33794219443915,
3.53429173528852,3.73064127613788,3.92699081698724,4.1233403578366,4.31968989868597,
4.71238898038469),(0.,1.),.UNSPECIFIED.)
GEOMETRIC_REPRESENTATION_ITEM()
RATIONAL_B_SPLINE_SURFACE(((1.,0.707106781186546,1.),(1.,0.707071727304106,
1.),(1.,0.711746003958141,1.),(1.,0.729128892585177,1.),(1.,0.741833419813121,
1.),(1.,0.772396819884083,1.),(1.,0.790218010323502,1.),(1.,0.827594267919839,
1.),(1.,0.84713166163872,1.),(1.,0.884919145930157,1.),(1.,0.903165100199088,
1.),(1.,0.93604218348731,1.),(1.,0.950674035862132,1.),(1.,0.986729187919206,
1.),(1.,1.00015858177279,1.),(1.,1.,1.)))
REPRESENTATION_ITEM('')
SURFACE()
);
#22=(
BOUNDED_SURFACE()
B_SPLINE_SURFACE(2,2,((#4462,#4463,#4464),(#4465,#4466,#4467),(#4468,#4469,
#4470),(#4471,#4472,#4473),(#4474,#4475,#4476)),.UNSPECIFIED.,.F.,.F.,.F.)
B_SPLINE_SURFACE_WITH_KNOTS((3,2,3),(3,3),(-5.32907051820077E-15,0.785398166463862,
1.57079633292773),(0.0127155904502976,0.0329133739628381),.UNSPECIFIED.)
GEOMETRIC_REPRESENTATION_ITEM()
RATIONAL_B_SPLINE_SURFACE(((1.,0.999949006626041,1.),(0.923879531924565,
0.9238324201901,0.923879531924565),(1.,0.999949006626041,1.),(0.923879531924527,
0.923832420190062,0.923879531924527),(1.,0.999949006626041,1.)))
REPRESENTATION_ITEM('')
SURFACE()
);
#23=TOROIDAL_SURFACE('',#1244,110.782046791976,4.);
#24=FACE_BOUND('',#167,.T.);
#25=FACE_BOUND('',#168,.T.);
#26=FACE_BOUND('',#185,.T.);
#27=FACE_BOUND('',#193,.T.);
#28=ELLIPSE('',#1195,7.65499688050721,7.65437803501219);
#29=ELLIPSE('',#1198,7.65499688050722,7.65437803501219);
#30=ELLIPSE('',#1201,7.65499688050721,7.65437803501219);
#31=ELLIPSE('',#1204,7.65499688050722,7.65437803501219);
#32=ELLIPSE('',#1217,4.00464902676759,3.99999999999999);
#33=ELLIPSE('',#1218,4.00942649346717,4.00060111128183);
#34=ELLIPSE('',#1226,4.00000000023316,2.000000000201);
#35=ELLIPSE('',#1227,4.00000000000241,2.00000000000222);
#36=ELLIPSE('',#1229,2.20255696472218,2.19999999999996);
#37=ELLIPSE('',#1230,2.20255696472218,2.19999999999996);
#38=ELLIPSE('',#1232,2.20255696472218,2.2);
#39=ELLIPSE('',#1233,2.20255696472218,2.2);
#40=ELLIPSE('',#1238,3.99999999998638,1.99999999998009);
#41=ELLIPSE('',#1239,3.99999999999178,1.99999999999252);
#42=ELLIPSE('',#1246,4.62417038723046,4.00000000000832);
#43=ELLIPSE('',#1247,4.62417038722844,3.99999999999997);
#44=ELLIPSE('',#1248,4.62417038722069,3.99999999998925);
#45=ELLIPSE('',#1249,4.62417038722343,3.9999999999925);
#46=ELLIPSE('',#1250,5.05990731779805,3.5651443274895);
#47=CYLINDRICAL_SURFACE('',#1193,7.65437803501219);
#48=CYLINDRICAL_SURFACE('',#1196,7.65437803501219);
#49=CYLINDRICAL_SURFACE('',#1199,7.65437803501219);
#50=CYLINDRICAL_SURFACE('',#1202,7.65437803501219);
#51=CYLINDRICAL_SURFACE('',#1209,5.);
#52=CYLINDRICAL_SURFACE('',#1212,5.);
#53=CYLINDRICAL_SURFACE('',#1223,1.99999999999999);
#54=CYLINDRICAL_SURFACE('',#1228,2.19999999999999);
#55=CYLINDRICAL_SURFACE('',#1231,2.2);
#56=CYLINDRICAL_SURFACE('',#1234,114.782046791976);
#57=CYLINDRICAL_SURFACE('',#1237,2.);
#58=CYLINDRICAL_SURFACE('',#1245,4.);
#59=CYLINDRICAL_SURFACE('',#1251,4.);
#60=CYLINDRICAL_SURFACE('',#1273,5.);
#61=B_SPLINE_SURFACE_WITH_KNOTS('',2,1,((#1555,#1556),(#1557,#1558),(#1559,
#1560)),.UNSPECIFIED.,.F.,.F.,.F.,(3,3),(2,2),(-2.,-1.),(0.,1.3004216446264),
 .UNSPECIFIED.);
#62=B_SPLINE_SURFACE_WITH_KNOTS('',4,1,((#1596,#1597),(#1598,#1599),(#1600,
#1601),(#1602,#1603),(#1604,#1605)),.UNSPECIFIED.,.F.,.F.,.F.,(5,5),(2,
2),(-1.,0.),(0.,1.3004216446264),.UNSPECIFIED.);
#63=B_SPLINE_SURFACE_WITH_KNOTS('',4,1,((#1794,#1795),(#1796,#1797),(#1798,
#1799),(#1800,#1801),(#1802,#1803)),.UNSPECIFIED.,.F.,.F.,.F.,(5,5),(2,
2),(-1.,0.),(0.,1.3004216446264),.UNSPECIFIED.);
#64=B_SPLINE_SURFACE_WITH_KNOTS('',2,1,((#1983,#1984),(#1985,#1986),(#1987,
#1988)),.UNSPECIFIED.,.F.,.F.,.F.,(3,3),(2,2),(-2.,-1.),(0.,1.3004216446264),
 .UNSPECIFIED.);
#65=B_SPLINE_SURFACE_WITH_KNOTS('',2,1,((#2023,#2024),(#2025,#2026),(#2027,
#2028)),.UNSPECIFIED.,.F.,.F.,.F.,(3,3),(2,2),(-2.,-1.),(0.,1.3004216446264),
 .UNSPECIFIED.);
#66=B_SPLINE_SURFACE_WITH_KNOTS('',4,1,((#2061,#2062),(#2063,#2064),(#2065,
#2066),(#2067,#2068),(#2069,#2070)),.UNSPECIFIED.,.F.,.F.,.F.,(5,5),(2,
2),(-1.,0.),(0.,1.3004216446264),.UNSPECIFIED.);
#67=B_SPLINE_SURFACE_WITH_KNOTS('',4,1,((#2265,#2266),(#2267,#2268),(#2269,
#2270),(#2271,#2272),(#2273,#2274)),.UNSPECIFIED.,.F.,.F.,.F.,(5,5),(2,
2),(-1.,0.),(0.,1.3004216446264),.UNSPECIFIED.);
#68=B_SPLINE_SURFACE_WITH_KNOTS('',2,1,((#2451,#2452),(#2453,#2454),(#2455,
#2456)),.UNSPECIFIED.,.F.,.F.,.F.,(3,3),(2,2),(-2.,-1.),(0.,1.3004216446264),
 .UNSPECIFIED.);
#69=B_SPLINE_SURFACE_WITH_KNOTS('',4,1,((#2477,#2478),(#2479,#2480),(#2481,
#2482),(#2483,#2484),(#2485,#2486)),.UNSPECIFIED.,.F.,.F.,.F.,(5,5),(2,
2),(-1.,0.),(0.,1.3004216446264),.UNSPECIFIED.);
#70=B_SPLINE_SURFACE_WITH_KNOTS('',4,1,((#2675,#2676),(#2677,#2678),(#2679,
#2680),(#2681,#2682),(#2683,#2684)),.UNSPECIFIED.,.F.,.F.,.F.,(5,5),(2,
2),(-1.,0.),(0.,1.3004216446264),.UNSPECIFIED.);
#71=B_SPLINE_SURFACE_WITH_KNOTS('',2,1,((#2864,#2865),(#2866,#2867),(#2868,
#2869)),.UNSPECIFIED.,.F.,.F.,.F.,(3,3),(2,2),(-2.,-1.),(0.,1.3004216446264),
 .UNSPECIFIED.);
#72=B_SPLINE_SURFACE_WITH_KNOTS('',2,1,((#2902,#2903),(#2904,#2905),(#2906,
#2907)),.UNSPECIFIED.,.F.,.F.,.F.,(3,3),(2,2),(-2.,-1.),(0.,1.3004216446264),
 .UNSPECIFIED.);
#73=B_SPLINE_SURFACE_WITH_KNOTS('',4,1,((#2940,#2941),(#2942,#2943),(#2944,
#2945),(#2946,#2947),(#2948,#2949)),.UNSPECIFIED.,.F.,.F.,.F.,(5,5),(2,
2),(-1.,0.),(0.,1.3004216446264),.UNSPECIFIED.);
#74=B_SPLINE_SURFACE_WITH_KNOTS('',4,1,((#3141,#3142),(#3143,#3144),(#3145,
#3146),(#3147,#3148),(#3149,#3150)),.UNSPECIFIED.,.F.,.F.,.F.,(5,5),(2,
2),(-1.,0.),(0.,1.3004216446264),.UNSPECIFIED.);
#75=B_SPLINE_SURFACE_WITH_KNOTS('',2,1,((#3330,#3331),(#3332,#3333),(#3334,
#3335)),.UNSPECIFIED.,.F.,.F.,.F.,(3,3),(2,2),(-2.,-1.),(0.,1.3004216446264),
 .UNSPECIFIED.);
#76=B_SPLINE_SURFACE_WITH_KNOTS('',3,1,((#3384,#3385),(#3386,#3387),(#3388,
#3389),(#3390,#3391),(#3392,#3393),(#3394,#3395)),.UNSPECIFIED.,.F.,.F.,
 .F.,(4,2,4),(2,2),(0.,0.151554380003485,1.),(0.,36.08988),
 .UNSPECIFIED.);
#77=B_SPLINE_SURFACE_WITH_KNOTS('',3,1,((#3559,#3560),(#3561,#3562),(#3563,
#3564),(#3565,#3566),(#3567,#3568),(#3569,#3570)),.UNSPECIFIED.,.F.,.F.,
 .F.,(4,2,4),(2,2),(0.,0.151554380003485,1.),(0.,36.08988),
 .UNSPECIFIED.);
#78=FACE_OUTER_BOUND('',#140,.T.);
#79=FACE_OUTER_BOUND('',#141,.T.);
#80=FACE_OUTER_BOUND('',#142,.T.);
#81=FACE_OUTER_BOUND('',#143,.T.);
#82=FACE_OUTER_BOUND('',#144,.T.);
#83=FACE_OUTER_BOUND('',#145,.T.);
#84=FACE_OUTER_BOUND('',#146,.T.);
#85=FACE_OUTER_BOUND('',#147,.T.);
#86=FACE_OUTER_BOUND('',#148,.T.);
#87=FACE_OUTER_BOUND('',#149,.T.);
#88=FACE_OUTER_BOUND('',#150,.T.);
#89=FACE_OUTER_BOUND('',#151,.T.);
#90=FACE_OUTER_BOUND('',#152,.T.);
#91=FACE_OUTER_BOUND('',#153,.T.);
#92=FACE_OUTER_BOUND('',#154,.T.);
#93=FACE_OUTER_BOUND('',#155,.T.);
#94=FACE_OUTER_BOUND('',#156,.T.);
#95=FACE_OUTER_BOUND('',#157,.T.);
#96=FACE_OUTER_BOUND('',#158,.T.);
#97=FACE_OUTER_BOUND('',#159,.T.);
#98=FACE_OUTER_BOUND('',#160,.T.);
#99=FACE_OUTER_BOUND('',#161,.T.);
#100=FACE_OUTER_BOUND('',#162,.T.);
#101=FACE_OUTER_BOUND('',#163,.T.);
#102=FACE_OUTER_BOUND('',#164,.T.);
#103=FACE_OUTER_BOUND('',#165,.T.);
#104=FACE_OUTER_BOUND('',#166,.T.);
#105=FACE_OUTER_BOUND('',#169,.T.);
#106=FACE_OUTER_BOUND('',#170,.T.);
#107=FACE_OUTER_BOUND('',#171,.T.);
#108=FACE_OUTER_BOUND('',#172,.T.);
#109=FACE_OUTER_BOUND('',#173,.T.);
#110=FACE_OUTER_BOUND('',#174,.T.);
#111=FACE_OUTER_BOUND('',#175,.T.);
#112=FACE_OUTER_BOUND('',#176,.T.);
#113=FACE_OUTER_BOUND('',#177,.T.);
#114=FACE_OUTER_BOUND('',#178,.T.);
#115=FACE_OUTER_BOUND('',#179,.T.);
#116=FACE_OUTER_BOUND('',#180,.T.);
#117=FACE_OUTER_BOUND('',#181,.T.);
#118=FACE_OUTER_BOUND('',#182,.T.);
#119=FACE_OUTER_BOUND('',#183,.T.);
#120=FACE_OUTER_BOUND('',#184,.T.);
#121=FACE_OUTER_BOUND('',#186,.T.);
#122=FACE_OUTER_BOUND('',#187,.T.);
#123=FACE_OUTER_BOUND('',#188,.T.);
#124=FACE_OUTER_BOUND('',#189,.T.);
#125=FACE_OUTER_BOUND('',#190,.T.);
#126=FACE_OUTER_BOUND('',#191,.T.);
#127=FACE_OUTER_BOUND('',#192,.T.);
#128=FACE_OUTER_BOUND('',#194,.T.);
#129=FACE_OUTER_BOUND('',#195,.T.);
#130=FACE_OUTER_BOUND('',#196,.T.);
#131=FACE_OUTER_BOUND('',#197,.T.);
#132=FACE_OUTER_BOUND('',#198,.T.);
#133=FACE_OUTER_BOUND('',#199,.T.);
#134=FACE_OUTER_BOUND('',#200,.T.);
#135=FACE_OUTER_BOUND('',#201,.T.);
#136=FACE_OUTER_BOUND('',#202,.T.);
#137=FACE_OUTER_BOUND('',#203,.T.);
#138=FACE_OUTER_BOUND('',#204,.T.);
#139=FACE_OUTER_BOUND('',#205,.T.);
#140=EDGE_LOOP('',(#735,#736,#737,#738,#739,#740,#741,#742));
#141=EDGE_LOOP('',(#743,#744,#745,#746));
#142=EDGE_LOOP('',(#747,#748,#749,#750));
#143=EDGE_LOOP('',(#751,#752,#753,#754));
#144=EDGE_LOOP('',(#755,#756,#757,#758));
#145=EDGE_LOOP('',(#759,#760,#761,#762));
#146=EDGE_LOOP('',(#763,#764,#765,#766));
#147=EDGE_LOOP('',(#767,#768,#769,#770));
#148=EDGE_LOOP('',(#771,#772,#773,#774));
#149=EDGE_LOOP('',(#775,#776,#777,#778));
#150=EDGE_LOOP('',(#779,#780,#781,#782));
#151=EDGE_LOOP('',(#783,#784,#785,#786));
#152=EDGE_LOOP('',(#787,#788,#789,#790));
#153=EDGE_LOOP('',(#791,#792,#793,#794));
#154=EDGE_LOOP('',(#795,#796,#797,#798));
#155=EDGE_LOOP('',(#799,#800,#801,#802));
#156=EDGE_LOOP('',(#803,#804,#805,#806));
#157=EDGE_LOOP('',(#807,#808,#809,#810));
#158=EDGE_LOOP('',(#811,#812,#813,#814));
#159=EDGE_LOOP('',(#815,#816,#817,#818));
#160=EDGE_LOOP('',(#819,#820,#821,#822,#823,#824,#825,#826));
#161=EDGE_LOOP('',(#827,#828,#829,#830));
#162=EDGE_LOOP('',(#831,#832,#833,#834,#835));
#163=EDGE_LOOP('',(#836,#837,#838,#839,#840,#841,#842,#843,#844,#845,#846,
#847,#848,#849,#850,#851,#852,#853,#854,#855,#856,#857,#858,#859));
#164=EDGE_LOOP('',(#860,#861,#862,#863));
#165=EDGE_LOOP('',(#864,#865,#866,#867,#868));
#166=EDGE_LOOP('',(#869,#870,#871,#872,#873,#874,#875,#876,#877,#878,#879,
#880));
#167=EDGE_LOOP('',(#881,#882));
#168=EDGE_LOOP('',(#883,#884));
#169=EDGE_LOOP('',(#885,#886,#887,#888,#889,#890,#891));
#170=EDGE_LOOP('',(#892,#893,#894,#895,#896,#897));
#171=EDGE_LOOP('',(#898,#899,#900,#901,#902,#903));
#172=EDGE_LOOP('',(#904,#905,#906,#907));
#173=EDGE_LOOP('',(#908,#909,#910,#911,#912,#913,#914,#915,#916,#917,#918,
#919,#920,#921,#922,#923,#924,#925,#926,#927,#928,#929,#930,#931,#932,#933,
#934,#935,#936,#937,#938,#939));
#174=EDGE_LOOP('',(#940,#941,#942,#943,#944,#945));
#175=EDGE_LOOP('',(#946,#947,#948,#949));
#176=EDGE_LOOP('',(#950,#951,#952,#953));
#177=EDGE_LOOP('',(#954,#955,#956,#957));
#178=EDGE_LOOP('',(#958,#959,#960,#961,#962));
#179=EDGE_LOOP('',(#963,#964,#965,#966,#967,#968,#969,#970,#971,#972));
#180=EDGE_LOOP('',(#973,#974,#975,#976));
#181=EDGE_LOOP('',(#977,#978,#979,#980));
#182=EDGE_LOOP('',(#981,#982,#983,#984,#985));
#183=EDGE_LOOP('',(#986,#987,#988,#989,#990,#991));
#184=EDGE_LOOP('',(#992,#993,#994,#995,#996,#997));
#185=EDGE_LOOP('',(#998,#999));
#186=EDGE_LOOP('',(#1000,#1001,#1002,#1003));
#187=EDGE_LOOP('',(#1004,#1005,#1006,#1007));
#188=EDGE_LOOP('',(#1008,#1009,#1010,#1011,#1012));
#189=EDGE_LOOP('',(#1013,#1014,#1015,#1016));
#190=EDGE_LOOP('',(#1017,#1018,#1019,#1020,#1021));
#191=EDGE_LOOP('',(#1022,#1023,#1024,#1025,#1026,#1027));
#192=EDGE_LOOP('',(#1028,#1029,#1030,#1031,#1032,#1033));
#193=EDGE_LOOP('',(#1034,#1035));
#194=EDGE_LOOP('',(#1036,#1037,#1038,#1039));
#195=EDGE_LOOP('',(#1040,#1041,#1042,#1043,#1044));
#196=EDGE_LOOP('',(#1045,#1046,#1047,#1048));
#197=EDGE_LOOP('',(#1049,#1050,#1051,#1052));
#198=EDGE_LOOP('',(#1053,#1054,#1055,#1056));
#199=EDGE_LOOP('',(#1057,#1058,#1059,#1060));
#200=EDGE_LOOP('',(#1061,#1062,#1063,#1064,#1065));
#201=EDGE_LOOP('',(#1066,#1067,#1068,#1069));
#202=EDGE_LOOP('',(#1070,#1071,#1072));
#203=EDGE_LOOP('',(#1073,#1074,#1075,#1076,#1077));
#204=EDGE_LOOP('',(#1078,#1079,#1080));
#205=EDGE_LOOP('',(#1081,#1082,#1083,#1084));
#206=B_SPLINE_CURVE_WITH_KNOTS('',3,(#1544,#1545,#1546,#1547,#1548,#1549),
 .UNSPECIFIED.,.F.,.F.,(4,2,4),(-0.385830191906262,-0.192914538458269,0.),
 .UNSPECIFIED.);
#207=B_SPLINE_CURVE_WITH_KNOTS('',3,(#1563,#1564,#1565,#1566),
 .UNSPECIFIED.,.F.,.F.,(4,4),(0.,0.545842788471825),.UNSPECIFIED.);
#208=B_SPLINE_CURVE_WITH_KNOTS('',3,(#1570,#1571,#1572,#1573,#1574,#1575,
#1576,#1577,#1578,#1579,#1580,#1581,#1582,#1583,#1584,#1585,#1586,#1587,
#1588,#1589,#1590,#1591,#1592,#1593,#1594),.UNSPECIFIED.,.F.,.F.,(4,3,3,
3,3,3,3,3,4),(0.,0.0516500974579418,0.114127404325066,0.182672140490947,
0.232069062564375,0.315584955793327,0.427562465553968,0.528098154201737,
0.548619779362931),.UNSPECIFIED.);
#209=B_SPLINE_CURVE_WITH_KNOTS('',3,(#1607,#1608,#1609,#1610,#1611,#1612,
#1613,#1614,#1615,#1616,#1617,#1618,#1619,#1620,#1621,#1622,#1623,#1624,
#1625,#1626,#1627,#1628,#1629,#1630,#1631,#1632,#1633,#1634,#1635,#1636,
#1637,#1638,#1639,#1640,#1641,#1642,#1643,#1644,#1645,#1646,#1647,#1648,
#1649,#1650,#1651,#1652,#1653,#1654,#1655,#1656,#1657,#1658,#1659,#1660,
#1661,#1662,#1663,#1664,#1665,#1666,#1667,#1668,#1669,#1670,#1671,#1672,
#1673,#1674,#1675,#1676,#1677,#1678,#1679,#1680,#1681,#1682,#1683,#1684,
#1685,#1686,#1687,#1688,#1689,#1690,#1691,#1692,#1693,#1694,#1695,#1696,
#1697,#1698,#1699,#1700,#1701,#1702,#1703),.UNSPECIFIED.,.F.,.F.,(4,3,3,
3,3,3,3,3,3,3,3,3,3,3,3,3,3,3,3,3,3,3,3,3,3,3,3,3,3,3,3,3,4),(0.,0.0440688692697808,
0.0881377385395733,0.132206607809354,0.176275477079169,0.220344346348962,
0.264413215618738,0.308482084888492,0.352550954158276,0.396619823428037,
0.440688692697822,0.484757561967598,0.528826431237387,0.572895300507154,
0.616964169776905,0.661033039046692,0.706528430488983,0.750597299758785,
0.794666169028563,0.838735038298355,0.882803907568145,0.926872776837933,
0.970941646107761,1.01501051537756,1.05907938464739,1.10314825391717,1.14721712318694,
1.19128599245672,1.23535486172643,1.2794237309962,1.32349260026596,1.36756146953574,
1.38895930212335),.UNSPECIFIED.);
#210=B_SPLINE_CURVE_WITH_KNOTS('',3,(#1705,#1706,#1707,#1708,#1709,#1710,
#1711,#1712,#1713,#1714,#1715,#1716,#1717,#1718,#1719,#1720,#1721,#1722,
#1723,#1724,#1725,#1726,#1727,#1728,#1729,#1730,#1731,#1732,#1733,#1734,
#1735,#1736,#1737,#1738,#1739,#1740,#1741,#1742,#1743,#1744,#1745,#1746,
#1747,#1748,#1749,#1750,#1751,#1752,#1753,#1754,#1755,#1756,#1757,#1758,
#1759,#1760,#1761,#1762,#1763,#1764,#1765,#1766,#1767,#1768,#1769,#1770,
#1771,#1772,#1773,#1774,#1775,#1776,#1777,#1778,#1779,#1780,#1781,#1782,
#1783,#1784,#1785,#1786),.UNSPECIFIED.,.F.,.F.,(4,3,3,3,3,3,3,3,3,3,3,3,
3,3,3,3,3,3,3,3,3,3,3,3,3,3,3,4),(0.,0.0592465283357214,0.119835661315734,
0.18288419900367,0.232410382249584,0.287732393280417,0.348254656970896,
0.405798788172356,0.487750260898313,0.545216495661711,0.613575454447461,
0.681656669319553,0.766873739515738,0.841509746023393,0.884197434065494,
1.07307349174428,1.23946050503363,1.35797057079449,1.47754696119592,1.61033154315181,
1.6873117975904,1.79343562823909,1.87907352790231,1.89910955386615,1.98134412914177,
2.05350148396534,2.13834112568435,2.22967031053093),.UNSPECIFIED.);
#211=B_SPLINE_CURVE_WITH_KNOTS('',3,(#1805,#1806,#1807,#1808,#1809,#1810,
#1811,#1812,#1813,#1814,#1815,#1816,#1817,#1818,#1819,#1820,#1821,#1822,
#1823,#1824,#1825,#1826,#1827,#1828,#1829,#1830,#1831,#1832,#1833,#1834,
#1835,#1836,#1837,#1838,#1839,#1840,#1841,#1842,#1843,#1844,#1845,#1846,
#1847,#1848,#1849,#1850,#1851,#1852,#1853,#1854,#1855,#1856,#1857,#1858,
#1859,#1860,#1861,#1862,#1863,#1864,#1865,#1866,#1867,#1868,#1869,#1870,
#1871,#1872,#1873,#1874,#1875,#1876,#1877,#1878,#1879,#1880,#1881,#1882,
#1883,#1884,#1885,#1886,#1887,#1888,#1889,#1890,#1891,#1892,#1893,#1894,
#1895,#1896,#1897,#1898,#1899,#1900,#1901),.UNSPECIFIED.,.F.,.F.,(4,3,3,
3,3,3,3,3,3,3,3,3,3,3,3,3,3,3,3,3,3,3,3,3,3,3,3,3,3,3,3,3,4),(0.,0.0707701109825311,
0.141540221965013,0.212310332947547,0.283080443930035,0.353850554912532,
0.424620665895053,0.495390776877598,0.566160887860066,0.636930998842596,
0.707701109825134,0.77847122080764,0.849241331790194,0.92001144277263,0.99078155375521,
1.06155166473777,1.13461083257228,1.2053809435548,1.27615105453733,1.34692116551986,
1.41769127650238,1.48846138748489,1.5592314984674,1.63000160944991,1.70077172043245,
1.77154183141497,1.84231194239751,1.91308205338005,1.98385216436256,2.05462227534511,
2.12539238632762,2.19616249731016,2.23049835008997),.UNSPECIFIED.);
#212=B_SPLINE_CURVE_WITH_KNOTS('',3,(#1903,#1904,#1905,#1906,#1907,#1908,
#1909,#1910,#1911,#1912,#1913,#1914,#1915,#1916,#1917,#1918,#1919,#1920,
#1921,#1922,#1923,#1924,#1925,#1926,#1927,#1928,#1929,#1930,#1931,#1932,
#1933,#1934,#1935,#1936,#1937,#1938,#1939,#1940,#1941,#1942,#1943,#1944,
#1945,#1946,#1947,#1948,#1949,#1950,#1951,#1952,#1953,#1954,#1955,#1956,
#1957,#1958,#1959,#1960,#1961,#1962,#1963,#1964,#1965,#1966,#1967,#1968,
#1969,#1970,#1971,#1972,#1973,#1974,#1975,#1976,#1977,#1978,#1979,#1980,
#1981),.UNSPECIFIED.,.F.,.F.,(4,3,3,3,3,3,3,3,3,3,3,3,3,3,3,3,3,3,3,3,3,
3,3,3,3,3,4),(0.,0.0455932416162249,0.102213277781231,0.143463086522132,
0.158833313946238,0.215153761092754,0.262437867419259,0.280619036998924,
0.333874095509564,0.396143075163285,0.409481731493677,0.505298619231462,
0.590697335806535,0.625817932711465,0.721120814384353,0.833961924899985,
0.910485317935077,0.954601353382973,0.989604289966684,1.01034645575099,
1.05446429508669,1.09346532635541,1.1278615541086,1.18365430196932,1.18841464081204,
1.30478977612813,1.38884479761621),.UNSPECIFIED.);
#213=B_SPLINE_CURVE_WITH_KNOTS('',3,(#1990,#1991,#1992,#1993,#1994,#1995),
 .UNSPECIFIED.,.F.,.F.,(4,2,4),(0.,0.232056079971571,0.54857687878143),
 .UNSPECIFIED.);
#214=B_SPLINE_CURVE_WITH_KNOTS('',3,(#1997,#1998,#1999,#2000,#2001,#2002,
#2003,#2004,#2005,#2006,#2007,#2008,#2009,#2010,#2011,#2012,#2013,#2014,
#2015,#2016,#2017,#2018,#2019,#2020,#2021),.UNSPECIFIED.,.F.,.F.,(4,3,3,
3,3,3,3,3,4),(0.,0.0978917015146759,0.206424286671527,0.290942148242821,
0.314956871828377,0.374072075809274,0.459978708513717,0.513051650016601,
0.545885341218161),.UNSPECIFIED.);
#215=B_SPLINE_CURVE_WITH_KNOTS('',3,(#2030,#2031,#2032,#2033),
 .UNSPECIFIED.,.F.,.F.,(4,4),(0.,0.545842788471819),.UNSPECIFIED.);
#216=B_SPLINE_CURVE_WITH_KNOTS('',3,(#2035,#2036,#2037,#2038,#2039,#2040,
#2041,#2042,#2043,#2044,#2045,#2046,#2047,#2048,#2049,#2050,#2051,#2052,
#2053,#2054,#2055,#2056,#2057,#2058,#2059),.UNSPECIFIED.,.F.,.F.,(4,3,3,
3,3,3,3,3,4),(0.,0.0516500974579117,0.114127404325207,0.182672140491042,
0.232069062564375,0.315584955791489,0.427562465550296,0.528098154202261,
0.548619779362931),.UNSPECIFIED.);
#217=B_SPLINE_CURVE_WITH_KNOTS('',3,(#2072,#2073,#2074,#2075,#2076,#2077,
#2078,#2079,#2080,#2081,#2082,#2083,#2084,#2085,#2086,#2087,#2088,#2089,
#2090,#2091,#2092,#2093,#2094,#2095,#2096,#2097,#2098,#2099,#2100,#2101,
#2102,#2103,#2104,#2105,#2106,#2107,#2108,#2109,#2110,#2111,#2112,#2113,
#2114,#2115,#2116,#2117,#2118,#2119,#2120,#2121,#2122,#2123,#2124,#2125,
#2126,#2127,#2128,#2129,#2130,#2131,#2132,#2133,#2134,#2135,#2136,#2137,
#2138,#2139,#2140,#2141,#2142,#2143,#2144,#2145,#2146,#2147,#2148,#2149,
#2150,#2151,#2152,#2153,#2154,#2155,#2156,#2157,#2158,#2159,#2160,#2161,
#2162,#2163,#2164,#2165,#2166,#2167,#2168),.UNSPECIFIED.,.F.,.F.,(4,3,3,
3,3,3,3,3,3,3,3,3,3,3,3,3,3,3,3,3,3,3,3,3,3,3,3,3,3,3,3,3,4),(0.,0.0439781558440134,
0.0879563116880268,0.131934467532049,0.175912623376071,0.219890779220074,
0.263868935064092,0.307847090908147,0.35182524675213,0.395803402596116,
0.43978155844008,0.483759714283993,0.527737870128053,0.57171602597203,0.615694181816083,
0.659672337660219,0.704810446178875,0.748788602022884,0.792766757866894,
0.83674491371089,0.880723069554917,0.924701225398916,0.96867938124295,1.01265753708695,
1.05881060419592,1.10278876003993,1.14676691588393,1.19074507172791,1.23472322757198,
1.27870138341602,1.32267953926007,1.36665769510409,1.38188207395872),
 .UNSPECIFIED.);
#218=B_SPLINE_CURVE_WITH_KNOTS('',3,(#2170,#2171,#2172,#2173,#2174,#2175,
#2176,#2177,#2178,#2179,#2180,#2181,#2182,#2183,#2184,#2185,#2186,#2187,
#2188,#2189,#2190,#2191,#2192,#2193,#2194,#2195,#2196,#2197,#2198,#2199,
#2200,#2201,#2202,#2203,#2204,#2205,#2206,#2207,#2208,#2209,#2210,#2211,
#2212,#2213,#2214,#2215,#2216,#2217,#2218,#2219,#2220,#2221,#2222,#2223,
#2224,#2225,#2226,#2227,#2228,#2229,#2230,#2231,#2232,#2233,#2234,#2235,
#2236,#2237,#2238,#2239,#2240,#2241,#2242,#2243,#2244,#2245,#2246,#2247,
#2248,#2249,#2250,#2251,#2252,#2253,#2254,#2255,#2256,#2257),
 .UNSPECIFIED.,.F.,.F.,(4,3,3,3,3,3,3,3,3,3,3,3,3,3,3,3,3,3,3,3,3,3,3,3,
3,3,3,3,3,4),(0.,0.0591201761242779,0.119557656885395,0.182376853229364,
0.22952924656626,0.286359868251489,0.333018615211776,0.37403231154551,0.379677362172063,
0.445305120715971,0.489040810739387,0.540518033621176,0.599074978254447,
0.668546345437902,0.728475883446292,0.766405026051493,0.903935552353912,
1.02746868071129,1.15020680422821,1.18278814022436,1.27882892340154,1.3860670087874,
1.41165190426918,1.48592098698504,1.5498902269012,1.57894216242377,1.6539136940777,
1.68470457373706,1.76317314976807,1.80352201786754),.UNSPECIFIED.);
#219=B_SPLINE_CURVE_WITH_KNOTS('',3,(#2276,#2277,#2278,#2279,#2280,#2281,
#2282,#2283,#2284,#2285,#2286,#2287,#2288,#2289,#2290,#2291,#2292,#2293,
#2294,#2295,#2296,#2297,#2298,#2299,#2300,#2301,#2302,#2303,#2304,#2305,
#2306,#2307,#2308,#2309,#2310,#2311,#2312,#2313,#2314,#2315,#2316,#2317,
#2318,#2319,#2320,#2321,#2322,#2323,#2324,#2325,#2326,#2327,#2328,#2329,
#2330,#2331,#2332,#2333,#2334,#2335,#2336,#2337,#2338,#2339,#2340,#2341,
#2342,#2343,#2344,#2345,#2346,#2347,#2348,#2349,#2350,#2351,#2352,#2353,
#2354,#2355,#2356,#2357,#2358,#2359,#2360,#2361,#2362,#2363),
 .UNSPECIFIED.,.F.,.F.,(4,3,3,3,3,3,3,3,3,3,3,3,3,3,3,3,3,3,3,3,3,3,3,3,
3,3,3,3,3,4),(0.,0.0803661667240745,0.160732333448114,0.241098500172194,
0.321464666896262,0.401830833620285,0.482197000344297,0.5625631670683,0.64292933379235,
0.723295500516442,0.803661667240454,0.884027833964417,0.964394000688495,
1.04688939092697,1.12725555765101,1.20762172437504,1.28798789109911,1.36835405782315,
1.44872022454723,1.5290863912713,1.60945255799532,1.69381101880891,1.77417718553295,
1.85454335225695,1.93490951898103,2.01527568570515,2.09564185242918,2.17600801915337,
2.25637418587743,2.28432024450402),.UNSPECIFIED.);
#220=B_SPLINE_CURVE_WITH_KNOTS('',3,(#2365,#2366,#2367,#2368,#2369,#2370,
#2371,#2372,#2373,#2374,#2375,#2376,#2377,#2378,#2379,#2380,#2381,#2382,
#2383,#2384,#2385,#2386,#2387,#2388,#2389,#2390,#2391,#2392,#2393,#2394,
#2395,#2396,#2397,#2398,#2399,#2400,#2401,#2402,#2403,#2404,#2405,#2406,
#2407,#2408,#2409,#2410,#2411,#2412,#2413,#2414,#2415,#2416,#2417,#2418,
#2419,#2420,#2421,#2422,#2423,#2424,#2425,#2426,#2427,#2428,#2429,#2430,
#2431,#2432,#2433,#2434,#2435,#2436,#2437,#2438,#2439,#2440,#2441,#2442,
#2443,#2444,#2445,#2446,#2447,#2448,#2449),.UNSPECIFIED.,.F.,.F.,(4,3,3,
3,3,3,3,3,3,3,3,3,3,3,3,3,3,3,3,3,3,3,3,3,3,3,3,3,4),(0.,0.0889722461340005,
0.166969035476077,0.218054952426567,0.286650450728715,0.349640645836612,
0.384831469688097,0.478683660416528,0.53300131504726,0.583001565758243,
0.650903803384299,0.710072131547884,0.730969898181849,0.869873983384419,
1.01561853059023,1.16136307779603,1.23109781124198,1.30798381065562,1.37682552229326,
1.44232523554429,1.49408356445645,1.52103029992982,1.58423470369831,1.64206533141817,
1.69227227824397,1.77363377813508,1.78139483806156,1.94175969252919,2.06878757616289),
 .UNSPECIFIED.);
#221=B_SPLINE_CURVE_WITH_KNOTS('',3,(#2458,#2459,#2460,#2461),
 .UNSPECIFIED.,.F.,.F.,(4,4),(0.,0.964261257088953),.UNSPECIFIED.);
#222=B_SPLINE_CURVE_WITH_KNOTS('',3,(#2463,#2464,#2465,#2466,#2467,#2468,
#2469,#2470,#2471,#2472,#2473,#2474,#2475),.UNSPECIFIED.,.F.,.F.,(4,3,3,
3,4),(0.,0.269585392182195,0.453463125031097,0.799991522542727,0.964630585329596),
 .UNSPECIFIED.);
#223=B_SPLINE_CURVE_WITH_KNOTS('',3,(#2488,#2489,#2490,#2491,#2492,#2493,
#2494,#2495,#2496,#2497,#2498,#2499,#2500,#2501,#2502,#2503,#2504,#2505,
#2506,#2507,#2508,#2509,#2510,#2511,#2512,#2513,#2514,#2515,#2516,#2517,
#2518,#2519,#2520,#2521,#2522,#2523,#2524,#2525,#2526,#2527,#2528,#2529,
#2530,#2531,#2532,#2533,#2534,#2535,#2536,#2537,#2538,#2539,#2540,#2541,
#2542,#2543,#2544,#2545,#2546,#2547,#2548,#2549,#2550,#2551,#2552,#2553,
#2554,#2555,#2556,#2557,#2558,#2559,#2560,#2561,#2562,#2563,#2564,#2565,
#2566,#2567,#2568,#2569,#2570,#2571,#2572),.UNSPECIFIED.,.F.,.F.,(4,3,3,
3,3,3,3,3,3,3,3,3,3,3,3,3,3,3,3,3,3,3,3,3,3,3,3,3,4),(0.,0.073815577788518,
0.147631155577065,0.221446733365653,0.29526231115412,0.369077888942632,
0.442893466731213,0.516709044519722,0.590524622308323,0.664340200096846,
0.738155777885493,0.811971355673845,0.885786933462392,0.960214687146395,
1.0340302649349,1.10784584272346,1.18166142051199,1.25547699830051,1.329292576089,
1.40310815387748,1.47692373166604,1.55188713925859,1.62570271704714,1.6995182948357,
1.7733338726242,1.84915815256976,1.92297373035824,1.99980236138234,2.07663099240644),
 .UNSPECIFIED.);
#224=B_SPLINE_CURVE_WITH_KNOTS('',3,(#2574,#2575,#2576,#2577,#2578,#2579,
#2580,#2581,#2582,#2583,#2584,#2585,#2586,#2587,#2588,#2589,#2590,#2591,
#2592,#2593,#2594,#2595,#2596,#2597,#2598,#2599,#2600,#2601,#2602,#2603,
#2604,#2605,#2606,#2607,#2608,#2609,#2610,#2611,#2612,#2613,#2614,#2615,
#2616,#2617,#2618,#2619,#2620,#2621,#2622,#2623,#2624,#2625,#2626,#2627,
#2628,#2629,#2630,#2631,#2632,#2633,#2634,#2635,#2636,#2637,#2638,#2639,
#2640,#2641,#2642,#2643,#2644,#2645,#2646,#2647,#2648,#2649,#2650,#2651,
#2652,#2653,#2654,#2655,#2656,#2657,#2658,#2659,#2660,#2661,#2662,#2663,
#2664,#2665,#2666,#2667),.UNSPECIFIED.,.F.,.F.,(4,3,3,3,3,3,3,3,3,3,3,3,
3,3,3,3,3,3,3,3,3,3,3,3,3,3,3,3,3,3,3,4),(0.,0.0597482808018112,0.120851663931297,
0.184449831244055,0.232966946425151,0.289965428432784,0.337709166480336,
0.378977673365695,0.385452904527888,0.450303244502916,0.495553115014436,
0.549787465105122,0.603404695564467,0.671367626362851,0.730931443627882,
0.763762211647719,0.889228628627223,1.01634588512857,1.13440003936167,1.14346314162991,
1.22198399278484,1.31068578903766,1.36190311463298,1.47379321550033,1.51316435494239,
1.56681925166058,1.63516683572624,1.65905661911223,1.72347633685784,1.79068144683294,
1.86365808320866,1.8690303962851),.UNSPECIFIED.);
#225=B_SPLINE_CURVE_WITH_KNOTS('',3,(#2686,#2687,#2688,#2689,#2690,#2691,
#2692,#2693,#2694,#2695,#2696,#2697,#2698,#2699,#2700,#2701,#2702,#2703,
#2704,#2705,#2706,#2707,#2708,#2709,#2710,#2711,#2712,#2713,#2714,#2715,
#2716,#2717,#2718,#2719,#2720,#2721,#2722,#2723,#2724,#2725,#2726,#2727,
#2728,#2729,#2730,#2731,#2732,#2733,#2734,#2735,#2736,#2737,#2738,#2739,
#2740,#2741,#2742,#2743,#2744,#2745,#2746,#2747,#2748,#2749,#2750,#2751,
#2752,#2753,#2754,#2755,#2756,#2757,#2758,#2759,#2760,#2761,#2762,#2763,
#2764,#2765,#2766,#2767,#2768,#2769,#2770,#2771,#2772,#2773,#2774,#2775,
#2776,#2777,#2778,#2779,#2780,#2781,#2782),.UNSPECIFIED.,.F.,.F.,(4,3,3,
3,3,3,3,3,3,3,3,3,3,3,3,3,3,3,3,3,3,3,3,3,3,3,3,3,3,3,3,3,4),(0.,0.0707701109825241,
0.141540221965033,0.212310332947487,0.283080443930013,0.35385055491254,
0.424620665895082,0.495390776877617,0.566160887860106,0.636930998842605,
0.707701109825077,0.77847122080758,0.849241331790082,0.920011442772615,
0.990781553755143,1.06155166473768,1.13461083257218,1.2053809435547,1.27615105453721,
1.34692116551973,1.41769127650224,1.48846138748476,1.55923149846728,1.63000160944981,
1.70077172043232,1.77154183141484,1.84231194239737,1.91308205337989,1.98385216436242,
2.05462227534493,2.12539238632742,2.19616249730992,2.23049835008968),
 .UNSPECIFIED.);
#226=B_SPLINE_CURVE_WITH_KNOTS('',3,(#2784,#2785,#2786,#2787,#2788,#2789,
#2790,#2791,#2792,#2793,#2794,#2795,#2796,#2797,#2798,#2799,#2800,#2801,
#2802,#2803,#2804,#2805,#2806,#2807,#2808,#2809,#2810,#2811,#2812,#2813,
#2814,#2815,#2816,#2817,#2818,#2819,#2820,#2821,#2822,#2823,#2824,#2825,
#2826,#2827,#2828,#2829,#2830,#2831,#2832,#2833,#2834,#2835,#2836,#2837,
#2838,#2839,#2840,#2841,#2842,#2843,#2844,#2845,#2846,#2847,#2848,#2849,
#2850,#2851,#2852,#2853,#2854,#2855,#2856,#2857,#2858,#2859,#2860,#2861,
#2862),.UNSPECIFIED.,.F.,.F.,(4,3,3,3,3,3,3,3,3,3,3,3,3,3,3,3,3,3,3,3,3,
3,3,3,3,3,4),(0.,0.0455932416139736,0.102213277780121,0.143463086521463,
0.158833313946268,0.215153761092043,0.262437867418961,0.280619036998992,
0.33387409550942,0.396143075163168,0.409481731493784,0.505298619231054,
0.590697335805457,0.625817932711655,0.721120814383161,0.833961924898859,
0.910485317935434,0.954601353382797,0.989604289966894,1.01034645575142,
1.05446429508697,1.09346532635592,1.12786155410894,1.18365430197077,1.18841464081263,
1.30478977612929,1.38884479761721),.UNSPECIFIED.);
#227=B_SPLINE_CURVE_WITH_KNOTS('',3,(#2871,#2872,#2873,#2874),
 .UNSPECIFIED.,.F.,.F.,(4,4),(0.,0.54857687878142),.UNSPECIFIED.);
#228=B_SPLINE_CURVE_WITH_KNOTS('',3,(#2876,#2877,#2878,#2879,#2880,#2881,
#2882,#2883,#2884,#2885,#2886,#2887,#2888,#2889,#2890,#2891,#2892,#2893,
#2894,#2895,#2896,#2897,#2898,#2899,#2900),.UNSPECIFIED.,.F.,.F.,(4,3,3,
3,3,3,3,3,4),(0.,0.0978917015144499,0.206424286671413,0.290942148243276,
0.314956871828377,0.374072075808555,0.459978708513358,0.513051650016491,
0.545885341218161),.UNSPECIFIED.);
#229=B_SPLINE_CURVE_WITH_KNOTS('',3,(#2909,#2910,#2911,#2912),
 .UNSPECIFIED.,.F.,.F.,(4,4),(0.,0.545842788471829),.UNSPECIFIED.);
#230=B_SPLINE_CURVE_WITH_KNOTS('',3,(#2914,#2915,#2916,#2917,#2918,#2919,
#2920,#2921,#2922,#2923,#2924,#2925,#2926,#2927,#2928,#2929,#2930,#2931,
#2932,#2933,#2934,#2935,#2936,#2937,#2938),.UNSPECIFIED.,.F.,.F.,(4,3,3,
3,3,3,3,3,4),(0.,0.0516500974573046,0.11412740432454,0.182672140490765,
0.232069062564375,0.315584955793403,0.427562465554448,0.52809815420517,
0.548619779362921),.UNSPECIFIED.);
#231=B_SPLINE_CURVE_WITH_KNOTS('',3,(#2951,#2952,#2953,#2954,#2955,#2956,
#2957,#2958,#2959,#2960,#2961,#2962,#2963,#2964,#2965,#2966,#2967,#2968,
#2969,#2970,#2971,#2972,#2973,#2974,#2975,#2976,#2977,#2978,#2979,#2980,
#2981,#2982,#2983,#2984,#2985,#2986,#2987,#2988,#2989,#2990,#2991,#2992,
#2993,#2994,#2995,#2996,#2997,#2998,#2999,#3000,#3001,#3002,#3003,#3004,
#3005,#3006,#3007,#3008,#3009,#3010,#3011,#3012,#3013,#3014,#3015,#3016,
#3017,#3018,#3019,#3020,#3021,#3022,#3023,#3024,#3025,#3026,#3027,#3028,
#3029,#3030,#3031,#3032,#3033,#3034,#3035,#3036,#3037,#3038,#3039,#3040,
#3041,#3042,#3043,#3044,#3045,#3046,#3047),.UNSPECIFIED.,.F.,.F.,(4,3,3,
3,3,3,3,3,3,3,3,3,3,3,3,3,3,3,3,3,3,3,3,3,3,3,3,3,3,3,3,3,4),(0.,0.0438654987697278,
0.0877309975394812,0.131596496309216,0.175461995078946,0.219327493848693,
0.263192992618433,0.307058491388125,0.350923990157824,0.394789488927554,
0.438654987697253,0.482520486467031,0.526385985236865,0.570251484006655,
0.614116982776451,0.65798248154617,0.702578068688431,0.746443567458175,
0.790309066227943,0.834174564997691,0.878040063767442,0.921905562537231,
0.965771061306995,1.00963656007672,1.05487097454492,1.09873647331469,1.14260197208447,
1.18646747085418,1.23033296962399,1.27419846839377,1.31806396716347,1.36192946593319,
1.37151187582235),.UNSPECIFIED.);
#232=B_SPLINE_CURVE_WITH_KNOTS('',3,(#3049,#3050,#3051,#3052,#3053,#3054,
#3055,#3056,#3057,#3058,#3059,#3060,#3061,#3062,#3063,#3064,#3065,#3066,
#3067,#3068,#3069,#3070,#3071,#3072,#3073,#3074,#3075,#3076,#3077,#3078,
#3079,#3080,#3081,#3082,#3083,#3084,#3085,#3086,#3087,#3088,#3089,#3090,
#3091,#3092,#3093,#3094,#3095,#3096,#3097,#3098,#3099,#3100,#3101,#3102,
#3103,#3104,#3105,#3106,#3107,#3108,#3109,#3110,#3111,#3112,#3113,#3114,
#3115,#3116,#3117,#3118,#3119,#3120,#3121,#3122,#3123,#3124,#3125,#3126,
#3127,#3128,#3129,#3130,#3131,#3132,#3133),.UNSPECIFIED.,.F.,.F.,(4,3,3,
3,3,3,3,3,3,3,3,3,3,3,3,3,3,3,3,3,3,3,3,3,3,3,3,3,4),(0.,0.0593159982749948,
0.119914015415808,0.18277844662653,0.226031315653451,0.284503862641189,
0.330185669102357,0.371624340741672,0.37491630453634,0.443121301552148,
0.48547763080293,0.534666781308181,0.60109575685674,0.676103040288224,0.73867840987161,
0.783461103398341,0.910545014986804,1.02545596314624,1.13829780039485,1.24778493635687,
1.29179674975219,1.39643627206767,1.48380118753499,1.54460714815744,1.61958416268902,
1.62790226015252,1.69199671675243,1.76251077292877,1.7914381302513),
 .UNSPECIFIED.);
#233=B_SPLINE_CURVE_WITH_KNOTS('',3,(#3152,#3153,#3154,#3155,#3156,#3157,
#3158,#3159,#3160,#3161,#3162,#3163,#3164,#3165,#3166,#3167,#3168,#3169,
#3170,#3171,#3172,#3173,#3174,#3175,#3176,#3177,#3178,#3179,#3180,#3181,
#3182,#3183,#3184,#3185,#3186,#3187,#3188,#3189,#3190,#3191,#3192,#3193,
#3194,#3195,#3196,#3197,#3198,#3199,#3200,#3201,#3202,#3203,#3204,#3205,
#3206,#3207,#3208,#3209,#3210,#3211,#3212,#3213,#3214,#3215,#3216,#3217,
#3218,#3219,#3220,#3221,#3222,#3223,#3224,#3225,#3226,#3227,#3228,#3229,
#3230,#3231,#3232,#3233,#3234,#3235,#3236,#3237,#3238,#3239,#3240,#3241,
#3242,#3243,#3244,#3245,#3246,#3247,#3248),.UNSPECIFIED.,.F.,.F.,(4,3,3,
3,3,3,3,3,3,3,3,3,3,3,3,3,3,3,3,3,3,3,3,3,3,3,3,3,3,3,3,3,4),(0.,0.0706541920984568,
0.141308384196914,0.211962576295416,0.282616768393896,0.353270960492373,
0.423925152590836,0.494579344689279,0.565233536787746,0.63588772888618,
0.706541920984643,0.777196113083107,0.847850305181621,0.918504497280061,
0.989158689378541,1.05981288147701,1.13296392671209,1.20361811881056,1.27427231090904,
1.34492650300753,1.41558069510602,1.48623488720449,1.55688907930301,1.6275432714015,
1.69819746349998,1.76885165559846,1.83950584769691,1.91016003979541,1.98081423189385,
2.05146842399232,2.12212261609079,2.19277680818927,2.23022960523837),
 .UNSPECIFIED.);
#234=B_SPLINE_CURVE_WITH_KNOTS('',3,(#3250,#3251,#3252,#3253,#3254,#3255,
#3256,#3257,#3258,#3259,#3260,#3261,#3262,#3263,#3264,#3265,#3266,#3267,
#3268,#3269,#3270,#3271,#3272,#3273,#3274,#3275,#3276,#3277,#3278,#3279,
#3280,#3281,#3282,#3283,#3284,#3285,#3286,#3287,#3288,#3289,#3290,#3291,
#3292,#3293,#3294,#3295,#3296,#3297,#3298,#3299,#3300,#3301,#3302,#3303,
#3304,#3305,#3306,#3307,#3308,#3309,#3310,#3311,#3312,#3313,#3314,#3315,
#3316,#3317,#3318,#3319,#3320,#3321,#3322,#3323,#3324,#3325,#3326,#3327,
#3328),.UNSPECIFIED.,.F.,.F.,(4,3,3,3,3,3,3,3,3,3,3,3,3,3,3,3,3,3,3,3,3,
3,3,3,3,3,4),(0.,0.0457139812406135,0.10266002406003,0.14392486424435,0.159606066879447,
0.215754800854425,0.263104137437286,0.281931751184219,0.335423141580486,
0.398233725272513,0.411346181882003,0.509978584051204,0.597516434595722,
0.629049038991769,0.720151826398114,0.839606449686937,0.909266346436485,
0.953028652649955,0.98779004330353,1.0093876949246,1.06455263216325,1.09233138371071,
1.12669250267699,1.18222114125804,1.18657353767283,1.30295895408888,1.38791534960039),
 .UNSPECIFIED.);
#235=B_SPLINE_CURVE_WITH_KNOTS('',3,(#3336,#3337,#3338,#3339,#3340,#3341),
 .UNSPECIFIED.,.F.,.F.,(4,2,4),(0.,0.232056079971574,0.548576878781461),
 .UNSPECIFIED.);
#236=B_SPLINE_CURVE_WITH_KNOTS('',3,(#3342,#3343,#3344,#3345,#3346,#3347,
#3348,#3349,#3350,#3351,#3352,#3353,#3354,#3355,#3356,#3357,#3358,#3359,
#3360,#3361,#3362,#3363,#3364,#3365,#3366),.UNSPECIFIED.,.F.,.F.,(4,3,3,
3,3,3,3,3,4),(0.,0.0978917015140107,0.206424286671191,0.29094214824126,
0.31495687182837,0.37407207580878,0.459978708513464,0.513051650016501,0.545885341218148),
 .UNSPECIFIED.);
#237=B_SPLINE_CURVE_WITH_KNOTS('',3,(#3377,#3378,#3379,#3380),
 .UNSPECIFIED.,.F.,.F.,(4,4),(-0.070024428513672,0.),.UNSPECIFIED.);
#238=B_SPLINE_CURVE_WITH_KNOTS('',3,(#3405,#3406,#3407,#3408,#3409,#3410,
#3411,#3412,#3413,#3414,#3415,#3416,#3417,#3418,#3419,#3420,#3421,#3422,
#3423,#3424,#3425,#3426,#3427,#3428,#3429,#3430,#3431,#3432,#3433,#3434,
#3435,#3436,#3437,#3438,#3439,#3440,#3441,#3442,#3443,#3444,#3445,#3446,
#3447,#3448,#3449,#3450,#3451,#3452,#3453,#3454,#3455,#3456,#3457,#3458,
#3459,#3460,#3461,#3462,#3463,#3464,#3465,#3466,#3467,#3468,#3469,#3470,
#3471,#3472,#3473,#3474,#3475,#3476,#3477),.UNSPECIFIED.,.F.,.F.,(4,3,3,
3,3,3,3,3,3,3,3,3,3,3,3,3,3,3,3,3,3,3,3,3,4),(1.5707963267949,1.64101252895521,
1.7117550242582,1.78365134300626,1.85630027866778,1.93018931625535,1.97800984470172,
2.051026041976,2.12501545163928,2.16869350003687,2.24233762986384,2.3160377907916,
2.35622293416089,2.42937790859942,2.50180323760417,2.54374956460573,2.61591243179539,
2.68708129032236,2.73442432566752,2.80588465694299,2.87647632460367,2.93197093699192,
3.00349963015659,3.0745474466031,3.14159265358978),.UNSPECIFIED.);
#239=B_SPLINE_CURVE_WITH_KNOTS('',3,(#3486,#3487,#3488,#3489,#3490,#3491,
#3492,#3493,#3494,#3495,#3496,#3497,#3498,#3499,#3500,#3501,#3502,#3503,
#3504,#3505,#3506,#3507,#3508,#3509,#3510,#3511,#3512,#3513,#3514,#3515,
#3516,#3517,#3518,#3519,#3520,#3521,#3522,#3523,#3524,#3525,#3526,#3527,
#3528,#3529,#3530,#3531,#3532,#3533,#3534,#3535,#3536,#3537,#3538,#3539,
#3540,#3541,#3542,#3543,#3544,#3545,#3546,#3547,#3548,#3549,#3550,#3551,
#3552,#3553,#3554,#3555,#3556,#3557,#3558),.UNSPECIFIED.,.F.,.F.,(4,3,3,
3,3,3,3,3,3,3,3,3,3,3,3,3,3,3,3,3,3,3,3,3,4),(1.5707963267949,1.64106369592559,
1.71188888943131,1.78388933415104,1.85665386751912,1.93061974134237,1.96944346985294,
2.04252204781899,2.11654863084459,2.15658071446161,2.23026708550138,2.30399966649631,
2.34072597845783,2.41392530441844,2.48639952517008,2.52486865070701,2.59707485116994,
2.66829117556863,2.71199768891956,2.78347666255983,2.85408336527339,2.9056254533752,
2.97712004319375,3.04811365359107,3.11060352194439),.UNSPECIFIED.);
#240=B_SPLINE_CURVE_WITH_KNOTS('',3,(#3575,#3576,#3577,#3578),
 .UNSPECIFIED.,.F.,.F.,(4,4),(0.,7.62879504505112E-5),.UNSPECIFIED.);
#241=B_SPLINE_CURVE_WITH_KNOTS('',3,(#3665,#3666,#3667,#3668,#3669,#3670,
#3671,#3672,#3673,#3674,#3675,#3676,#3677,#3678,#3679,#3680,#3681,#3682,
#3683,#3684,#3685,#3686,#3687,#3688,#3689,#3690,#3691,#3692,#3693,#3694,
#3695,#3696,#3697,#3698,#3699,#3700,#3701,#3702,#3703,#3704,#3705,#3706,
#3707,#3708,#3709,#3710,#3711,#3712,#3713,#3714,#3715,#3716,#3717,#3718,
#3719,#3720,#3721,#3722,#3723,#3724,#3725,#3726,#3727,#3728,#3729,#3730,
#3731,#3732,#3733,#3734,#3735,#3736,#3737,#3738,#3739,#3740),
 .UNSPECIFIED.,.F.,.F.,(4,3,3,3,3,3,3,3,3,3,3,3,3,3,3,3,3,3,3,3,3,3,3,3,
3,4),(0.,0.000532782511043882,0.000833095228765155,0.000954746493754024,
0.00120465029909429,0.00142141300769362,0.00166619045753031,0.0018765454378297,
0.00211164969520137,0.00232000923872511,0.00249928568629547,0.00275202711210024,
0.00304657188443415,0.00333238091506062,0.00358421533122025,0.00398462731629709,
0.00438385089790963,0.00485081271505399,0.00499857137259093,0.0051582947683332,
0.00551065116824987,0.00583166660135607,0.00607535494834412,0.00632085770275395,
0.00657028042630958,0.00666476183012121),.UNSPECIFIED.);
#242=B_SPLINE_CURVE_WITH_KNOTS('',3,(#3802,#3803,#3804,#3805,#3806,#3807),
 .UNSPECIFIED.,.F.,.F.,(4,2,4),(0.,0.0380829895211021,0.0771696962740804),
 .UNSPECIFIED.);
#243=B_SPLINE_CURVE_WITH_KNOTS('',3,(#3808,#3809,#3810,#3811,#3812,#3813,
#3814,#3815,#3816,#3817,#3818,#3819,#3820,#3821,#3822,#3823,#3824,#3825,
#3826,#3827,#3828,#3829,#3830,#3831,#3832,#3833,#3834,#3835,#3836,#3837,
#3838,#3839,#3840,#3841,#3842,#3843,#3844,#3845,#3846,#3847,#3848,#3849,
#3850,#3851,#3852,#3853,#3854,#3855,#3856,#3857,#3858,#3859,#3860,#3861,
#3862,#3863,#3864,#3865,#3866,#3867,#3868,#3869,#3870,#3871,#3872,#3873,
#3874,#3875,#3876,#3877,#3878,#3879,#3880,#3881,#3882,#3883,#3884,#3885,
#3886,#3887,#3888,#3889,#3890,#3891,#3892,#3893,#3894,#3895,#3896,#3897,
#3898),.UNSPECIFIED.,.F.,.F.,(4,3,3,3,3,3,3,3,3,3,3,3,3,3,3,3,3,3,3,3,3,
3,3,3,3,3,3,3,3,3,4),(0.000667515565130787,0.000924580531138207,0.000954821828190307,
0.00118984776272273,0.00141646670416385,0.00142141266480577,0.00175575304329931,
0.00187591363936879,0.00211868383208455,0.00216541784319692,0.00231907865703287,
0.00259294121180027,0.00275031504691817,0.00291436898222999,0.00317645993870074,
0.00344692803194367,0.00358161344349993,0.00366332012126306,0.00402967667631251,
0.00438031034891812,0.00441227126029613,0.00469634543548711,0.00498430452064656,
0.00515359355616438,0.00516122239932919,0.00558225891884859,0.00591017353836226,
0.0061470665762529,0.00638567631824402,0.00662780589815164,0.00665912467739533),
 .UNSPECIFIED.);
#244=B_SPLINE_CURVE_WITH_KNOTS('',3,(#3911,#3912,#3913,#3914,#3915,#3916,
#3917,#3918,#3919,#3920,#3921,#3922,#3923,#3924,#3925,#3926,#3927,#3928,
#3929,#3930,#3931,#3932,#3933,#3934,#3935,#3936,#3937,#3938,#3939,#3940,
#3941,#3942,#3943,#3944,#3945,#3946,#3947,#3948,#3949,#3950,#3951,#3952,
#3953,#3954,#3955,#3956,#3957,#3958,#3959,#3960,#3961,#3962,#3963,#3964,
#3965,#3966,#3967,#3968,#3969,#3970,#3971,#3972,#3973,#3974,#3975,#3976,
#3977),.UNSPECIFIED.,.F.,.F.,(4,3,3,3,3,3,3,3,3,3,3,3,3,3,3,3,3,3,3,3,3,
3,4),(0.0591697308186273,0.134821312288757,0.206241925326738,0.280748549553552,
0.356143908632512,0.406070391435349,0.481038859057636,0.557120546691573,
0.598232346398745,0.674511689326072,0.751735387885959,0.786677054339223,
0.864432593732607,0.942814959010158,1.02095055181404,1.09800934088516,1.16533641958227,
1.24379411463725,1.32123369450576,1.39717263039577,1.47233396379464,1.54664427359893,
1.5707963267949),.UNSPECIFIED.);
#245=B_SPLINE_CURVE_WITH_KNOTS('',3,(#4021,#4022,#4023,#4024,#4025,#4026,
#4027,#4028,#4029,#4030,#4031,#4032,#4033,#4034,#4035,#4036,#4037,#4038,
#4039,#4040,#4041,#4042,#4043,#4044,#4045,#4046,#4047,#4048,#4049,#4050,
#4051,#4052,#4053,#4054,#4055,#4056,#4057,#4058,#4059,#4060,#4061,#4062,
#4063,#4064,#4065,#4066,#4067,#4068,#4069,#4070,#4071,#4072,#4073,#4074,
#4075,#4076,#4077,#4078,#4079,#4080,#4081,#4082,#4083,#4084,#4085,#4086,
#4087,#4088,#4089,#4090),.UNSPECIFIED.,.F.,.F.,(4,3,3,3,3,3,3,3,3,3,3,3,
3,3,3,3,3,3,3,3,3,3,3,4),(0.,0.0750425454136803,0.150581290712058,0.209621715168395,
0.284114546023087,0.359547022362591,0.4071683262025,0.48225637335573,0.558448456279472,
0.597843087557662,0.674288108785431,0.75159056579923,0.785369718582247,
0.863299111740769,0.941662431732782,1.0196741183178,1.09650595210723,1.1635828092629,
1.24184922518733,1.31907304005994,1.39482790186069,1.46984807629269,1.54408912521876,
1.5707963267949),.UNSPECIFIED.);
#246=B_SPLINE_CURVE_WITH_KNOTS('',3,(#4214,#4215,#4216,#4217),
 .UNSPECIFIED.,.F.,.F.,(4,4),(0.,0.000154958357997097),.UNSPECIFIED.);
#247=B_SPLINE_CURVE_WITH_KNOTS('',3,(#4266,#4267,#4268,#4269,#4270,#4271,
#4272,#4273,#4274,#4275,#4276,#4277,#4278,#4279,#4280,#4281,#4282,#4283,
#4284,#4285,#4286,#4287,#4288,#4289,#4290,#4291,#4292,#4293,#4294,#4295,
#4296,#4297,#4298,#4299,#4300,#4301,#4302,#4303,#4304,#4305,#4306,#4307,
#4308,#4309,#4310,#4311,#4312,#4313,#4314,#4315,#4316,#4317,#4318,#4319,
#4320,#4321,#4322,#4323,#4324,#4325,#4326,#4327,#4328,#4329,#4330,#4331,
#4332,#4333,#4334,#4335,#4336,#4337,#4338),.UNSPECIFIED.,.F.,.F.,(4,3,3,
3,3,3,3,3,3,3,3,3,3,3,3,3,3,3,3,3,3,3,3,3,4),(1.5707963267949,1.64106369592724,
1.71188888943463,1.78388933415488,1.85665386752325,1.93061974134576,1.96944346985469,
2.04252204781924,2.11654863084239,2.15658071446337,2.23026708550133,2.30399966649481,
2.34072597845935,2.41392530441885,2.48639952516943,2.52486865070813,2.59707485117284,
2.66829117557498,2.71199768892022,2.78347666256093,2.85408336527549,2.90562545337544,
2.97712004318442,3.04811365357204,3.1106035219444),.UNSPECIFIED.);
#248=B_SPLINE_CURVE_WITH_KNOTS('',3,(#4340,#4341,#4342,#4343,#4344,#4345,
#4346,#4347,#4348,#4349,#4350,#4351,#4352,#4353,#4354,#4355,#4356,#4357,
#4358,#4359,#4360,#4361,#4362,#4363,#4364,#4365,#4366,#4367,#4368,#4369,
#4370,#4371,#4372,#4373,#4374,#4375,#4376,#4377,#4378,#4379,#4380,#4381,
#4382,#4383,#4384,#4385,#4386,#4387,#4388,#4389,#4390,#4391,#4392,#4393,
#4394,#4395,#4396,#4397,#4398,#4399,#4400,#4401,#4402,#4403,#4404,#4405,
#4406,#4407,#4408,#4409,#4410,#4411,#4412),.UNSPECIFIED.,.F.,.F.,(4,3,3,
3,3,3,3,3,3,3,3,3,3,3,3,3,3,3,3,3,3,3,3,3,4),(1.5707963267949,1.64101252894785,
1.71175502424414,1.78365134298786,1.85630027864604,1.93018931623252,1.9780098447031,
2.05102604197177,2.12501545163514,2.16869350003828,2.24233762987106,2.31603779080604,
2.35622293416212,2.42937790860955,2.50180323762325,2.54374956460666,2.61591243180474,
2.68708129033785,2.7344243256681,2.80588465694952,2.87647632461246,2.93197093699215,
3.00349963015986,3.07454744660574,3.14159265358979),.UNSPECIFIED.);
#249=CIRCLE('',#1190,5.);
#250=CIRCLE('',#1191,114.782046791976);
#251=CIRCLE('',#1192,1.99999999999999);
#252=CIRCLE('',#1194,7.65437803501219);
#253=CIRCLE('',#1197,7.65437803501219);
#254=CIRCLE('',#1200,7.65437803501219);
#255=CIRCLE('',#1203,7.65437803501219);
#256=CIRCLE('',#1206,2.);
#257=CIRCLE('',#1207,5.);
#258=CIRCLE('',#1208,252.565938995667);
#259=CIRCLE('',#1210,5.);
#260=CIRCLE('',#1213,156.325002848261);
#261=CIRCLE('',#1215,2.50000000000013);
#262=CIRCLE('',#1216,2.49999999994117);
#263=CIRCLE('',#1219,2.2);
#264=CIRCLE('',#1220,2.2);
#265=CIRCLE('',#1221,2.19999999999999);
#266=CIRCLE('',#1222,2.19999999999999);
#267=CIRCLE('',#1224,1.99999999999999);
#268=CIRCLE('',#1225,1.99999999999999);
#269=CIRCLE('',#1235,114.782046791976);
#270=CIRCLE('',#1240,2.);
#271=CIRCLE('',#1243,110.782046791976);
#272=CIRCLE('',#1266,158.825506855783);
#273=CIRCLE('',#1267,2.50000000251554);
#274=CIRCLE('',#1268,2.50000001516332);
#275=CIRCLE('',#1269,250.065912708549);
#276=CIRCLE('',#1271,2.5);
#277=CIRCLE('',#1272,2.5);
#278=CIRCLE('',#1274,2.50000000000001);
#279=LINE('',#1536,#362);
#280=LINE('',#1538,#363);
#281=LINE('',#1540,#364);
#282=LINE('',#1551,#365);
#283=LINE('',#1568,#366);
#284=LINE('',#1595,#367);
#285=LINE('',#1787,#368);
#286=LINE('',#1793,#369);
#287=LINE('',#1982,#370);
#288=LINE('',#2022,#371);
#289=LINE('',#2060,#372);
#290=LINE('',#2258,#373);
#291=LINE('',#2264,#374);
#292=LINE('',#2450,#375);
#293=LINE('',#2476,#376);
#294=LINE('',#2668,#377);
#295=LINE('',#2674,#378);
#296=LINE('',#2863,#379);
#297=LINE('',#2901,#380);
#298=LINE('',#2939,#381);
#299=LINE('',#3134,#382);
#300=LINE('',#3140,#383);
#301=LINE('',#3329,#384);
#302=LINE('',#3369,#385);
#303=LINE('',#3373,#386);
#304=LINE('',#3375,#387);
#305=LINE('',#3383,#388);
#306=LINE('',#3397,#389);
#307=LINE('',#3400,#390);
#308=LINE('',#3403,#391);
#309=LINE('',#3481,#392);
#310=LINE('',#3482,#393);
#311=LINE('',#3485,#394);
#312=LINE('',#3572,#395);
#313=LINE('',#3583,#396);
#314=LINE('',#3586,#397);
#315=LINE('',#3590,#398);
#316=LINE('',#3593,#399);
#317=LINE('',#3604,#400);
#318=LINE('',#3613,#401);
#319=LINE('',#3619,#402);
#320=LINE('',#3625,#403);
#321=LINE('',#3630,#404);
#322=LINE('',#3632,#405);
#323=LINE('',#3634,#406);
#324=LINE('',#3636,#407);
#325=LINE('',#3638,#408);
#326=LINE('',#3640,#409);
#327=LINE('',#3642,#410);
#328=LINE('',#3644,#411);
#329=LINE('',#3646,#412);
#330=LINE('',#3647,#413);
#331=LINE('',#3655,#414);
#332=LINE('',#3657,#415);
#333=LINE('',#3660,#416);
#334=LINE('',#3662,#417);
#335=LINE('',#3904,#418);
#336=LINE('',#3909,#419);
#337=LINE('',#4094,#420);
#338=LINE('',#4096,#421);
#339=LINE('',#4097,#422);
#340=LINE('',#4100,#423);
#341=LINE('',#4101,#424);
#342=LINE('',#4104,#425);
#343=LINE('',#4106,#426);
#344=LINE('',#4108,#427);
#345=LINE('',#4109,#428);
#346=LINE('',#4111,#429);
#347=LINE('',#4113,#430);
#348=LINE('',#4115,#431);
#349=LINE('',#4119,#432);
#350=LINE('',#4121,#433);
#351=LINE('',#4122,#434);
#352=LINE('',#4125,#435);
#353=LINE('',#4126,#436);
#354=LINE('',#4129,#437);
#355=LINE('',#4131,#438);
#356=LINE('',#4133,#439);
#357=LINE('',#4134,#440);
#358=LINE('',#4136,#441);
#359=LINE('',#4138,#442);
#360=LINE('',#4140,#443);
#361=LINE('',#4199,#444);
#362=VECTOR('',#1279,10.);
#363=VECTOR('',#1280,10.);
#364=VECTOR('',#1281,10.);
#365=VECTOR('',#1284,10.);
#366=VECTOR('',#1289,10.);
#367=VECTOR('',#1290,10.);
#368=VECTOR('',#1291,10.);
#369=VECTOR('',#1298,10.);
#370=VECTOR('',#1299,10.);
#371=VECTOR('',#1300,10.);
#372=VECTOR('',#1301,10.);
#373=VECTOR('',#1302,10.);
#374=VECTOR('',#1309,10.);
#375=VECTOR('',#1310,10.);
#376=VECTOR('',#1311,10.);
#377=VECTOR('',#1312,10.);
#378=VECTOR('',#1319,10.);
#379=VECTOR('',#1320,10.);
#380=VECTOR('',#1321,10.);
#381=VECTOR('',#1322,10.);
#382=VECTOR('',#1323,10.);
#383=VECTOR('',#1330,10.);
#384=VECTOR('',#1331,10.);
#385=VECTOR('',#1334,10.);
#386=VECTOR('',#1337,10.);
#387=VECTOR('',#1338,10.);
#388=VECTOR('',#1341,10.);
#389=VECTOR('',#1342,1000.);
#390=VECTOR('',#1345,1000.);
#391=VECTOR('',#1348,1000.);
#392=VECTOR('',#1353,1000.);
#393=VECTOR('',#1354,1000.);
#394=VECTOR('',#1357,1000.);
#395=VECTOR('',#1358,1000.);
#396=VECTOR('',#1365,1000.);
#397=VECTOR('',#1368,1000.);
#398=VECTOR('',#1371,1000.);
#399=VECTOR('',#1374,1000.);
#400=VECTOR('',#1385,1000.);
#401=VECTOR('',#1394,1000.);
#402=VECTOR('',#1401,2.19999999999999);
#403=VECTOR('',#1408,2.2);
#404=VECTOR('',#1415,1000.);
#405=VECTOR('',#1416,1000.);
#406=VECTOR('',#1417,1000.);
#407=VECTOR('',#1418,1000.);
#408=VECTOR('',#1419,1000.);
#409=VECTOR('',#1420,1000.);
#410=VECTOR('',#1421,1000.);
#411=VECTOR('',#1422,1000.);
#412=VECTOR('',#1423,1000.);
#413=VECTOR('',#1424,1000.);
#414=VECTOR('',#1433,1000.);
#415=VECTOR('',#1436,1000.);
#416=VECTOR('',#1439,1000.);
#417=VECTOR('',#1440,1000.);
#418=VECTOR('',#1449,1000.);
#419=VECTOR('',#1454,1000.);
#420=VECTOR('',#1463,1000.);
#421=VECTOR('',#1464,1000.);
#422=VECTOR('',#1465,1000.);
#423=VECTOR('',#1468,1000.);
#424=VECTOR('',#1469,1000.);
#425=VECTOR('',#1472,1000.);
#426=VECTOR('',#1473,1000.);
#427=VECTOR('',#1474,1000.);
#428=VECTOR('',#1475,1000.);
#429=VECTOR('',#1478,1000.);
#430=VECTOR('',#1481,1000.);
#431=VECTOR('',#1484,1000.);
#432=VECTOR('',#1489,1000.);
#433=VECTOR('',#1490,1000.);
#434=VECTOR('',#1491,1000.);
#435=VECTOR('',#1494,1000.);
#436=VECTOR('',#1495,1000.);
#437=VECTOR('',#1498,1000.);
#438=VECTOR('',#1499,1000.);
#439=VECTOR('',#1500,1000.);
#440=VECTOR('',#1501,1000.);
#441=VECTOR('',#1504,1000.);
#442=VECTOR('',#1507,1000.);
#443=VECTOR('',#1510,1000.);
#444=VECTOR('',#1525,1000.);
#445=VERTEX_POINT('',#1534);
#446=VERTEX_POINT('',#1535);
#447=VERTEX_POINT('',#1537);
#448=VERTEX_POINT('',#1539);
#449=VERTEX_POINT('',#1541);
#450=VERTEX_POINT('',#1543);
#451=VERTEX_POINT('',#1550);
#452=VERTEX_POINT('',#1552);
#453=VERTEX_POINT('',#1561);
#454=VERTEX_POINT('',#1562);
#455=VERTEX_POINT('',#1567);
#456=VERTEX_POINT('',#1569);
#457=VERTEX_POINT('',#1606);
#458=VERTEX_POINT('',#1704);
#459=VERTEX_POINT('',#1789);
#460=VERTEX_POINT('',#1791);
#461=VERTEX_POINT('',#1804);
#462=VERTEX_POINT('',#1902);
#463=VERTEX_POINT('',#1989);
#464=VERTEX_POINT('',#1996);
#465=VERTEX_POINT('',#2029);
#466=VERTEX_POINT('',#2034);
#467=VERTEX_POINT('',#2071);
#468=VERTEX_POINT('',#2169);
#469=VERTEX_POINT('',#2260);
#470=VERTEX_POINT('',#2262);
#471=VERTEX_POINT('',#2275);
#472=VERTEX_POINT('',#2364);
#473=VERTEX_POINT('',#2457);
#474=VERTEX_POINT('',#2462);
#475=VERTEX_POINT('',#2487);
#476=VERTEX_POINT('',#2573);
#477=VERTEX_POINT('',#2670);
#478=VERTEX_POINT('',#2672);
#479=VERTEX_POINT('',#2685);
#480=VERTEX_POINT('',#2783);
#481=VERTEX_POINT('',#2870);
#482=VERTEX_POINT('',#2875);
#483=VERTEX_POINT('',#2908);
#484=VERTEX_POINT('',#2913);
#485=VERTEX_POINT('',#2950);
#486=VERTEX_POINT('',#3048);
#487=VERTEX_POINT('',#3136);
#488=VERTEX_POINT('',#3138);
#489=VERTEX_POINT('',#3151);
#490=VERTEX_POINT('',#3249);
#491=VERTEX_POINT('',#3368);
#492=VERTEX_POINT('',#3370);
#493=VERTEX_POINT('',#3372);
#494=VERTEX_POINT('',#3374);
#495=VERTEX_POINT('',#3376);
#496=VERTEX_POINT('',#3381);
#497=VERTEX_POINT('',#3396);
#498=VERTEX_POINT('',#3398);
#499=VERTEX_POINT('',#3402);
#500=VERTEX_POINT('',#3404);
#501=VERTEX_POINT('',#3480);
#502=VERTEX_POINT('',#3484);
#503=VERTEX_POINT('',#3571);
#504=VERTEX_POINT('',#3573);
#505=VERTEX_POINT('',#3580);
#506=VERTEX_POINT('',#3582);
#507=VERTEX_POINT('',#3585);
#508=VERTEX_POINT('',#3587);
#509=VERTEX_POINT('',#3589);
#510=VERTEX_POINT('',#3591);
#511=VERTEX_POINT('',#3594);
#512=VERTEX_POINT('',#3595);
#513=VERTEX_POINT('',#3598);
#514=VERTEX_POINT('',#3599);
#515=VERTEX_POINT('',#3603);
#516=VERTEX_POINT('',#3605);
#517=VERTEX_POINT('',#3607);
#518=VERTEX_POINT('',#3609);
#519=VERTEX_POINT('',#3611);
#520=VERTEX_POINT('',#3615);
#521=VERTEX_POINT('',#3616);
#522=VERTEX_POINT('',#3621);
#523=VERTEX_POINT('',#3622);
#524=VERTEX_POINT('',#3629);
#525=VERTEX_POINT('',#3631);
#526=VERTEX_POINT('',#3633);
#527=VERTEX_POINT('',#3635);
#528=VERTEX_POINT('',#3637);
#529=VERTEX_POINT('',#3639);
#530=VERTEX_POINT('',#3641);
#531=VERTEX_POINT('',#3643);
#532=VERTEX_POINT('',#3645);
#533=VERTEX_POINT('',#3649);
#534=VERTEX_POINT('',#3651);
#535=VERTEX_POINT('',#3653);
#536=VERTEX_POINT('',#3659);
#537=VERTEX_POINT('',#3661);
#538=VERTEX_POINT('',#3801);
#539=VERTEX_POINT('',#3900);
#540=VERTEX_POINT('',#3901);
#541=VERTEX_POINT('',#3903);
#542=VERTEX_POINT('',#3906);
#543=VERTEX_POINT('',#3908);
#544=VERTEX_POINT('',#4093);
#545=VERTEX_POINT('',#4095);
#546=VERTEX_POINT('',#4099);
#547=VERTEX_POINT('',#4103);
#548=VERTEX_POINT('',#4105);
#549=VERTEX_POINT('',#4107);
#550=VERTEX_POINT('',#4118);
#551=VERTEX_POINT('',#4120);
#552=VERTEX_POINT('',#4124);
#553=VERTEX_POINT('',#4128);
#554=VERTEX_POINT('',#4130);
#555=VERTEX_POINT('',#4132);
#556=VERTEX_POINT('',#4166);
#557=VERTEX_POINT('',#4193);
#558=VERTEX_POINT('',#4197);
#559=VERTEX_POINT('',#4212);
#560=EDGE_CURVE('',#445,#446,#279,.T.);
#561=EDGE_CURVE('',#445,#447,#280,.T.);
#562=EDGE_CURVE('',#448,#447,#281,.T.);
#563=EDGE_CURVE('',#449,#448,#249,.T.);
#564=EDGE_CURVE('',#450,#449,#206,.T.);
#565=EDGE_CURVE('',#451,#450,#282,.T.);
#566=EDGE_CURVE('',#452,#451,#250,.T.);
#567=EDGE_CURVE('',#446,#452,#251,.T.);
#568=EDGE_CURVE('',#453,#454,#207,.T.);
#569=EDGE_CURVE('',#453,#455,#283,.T.);
#570=EDGE_CURVE('',#456,#455,#208,.T.);
#571=EDGE_CURVE('',#454,#456,#284,.T.);
#572=EDGE_CURVE('',#454,#457,#209,.T.);
#573=EDGE_CURVE('',#458,#456,#210,.T.);
#574=EDGE_CURVE('',#457,#458,#285,.T.);
#575=EDGE_CURVE('',#457,#459,#252,.T.);
#576=EDGE_CURVE('',#460,#458,#28,.T.);
#577=EDGE_CURVE('',#459,#460,#286,.T.);
#578=EDGE_CURVE('',#459,#461,#211,.T.);
#579=EDGE_CURVE('',#462,#460,#212,.T.);
#580=EDGE_CURVE('',#461,#462,#287,.T.);
#581=EDGE_CURVE('',#461,#463,#213,.T.);
#582=EDGE_CURVE('',#464,#462,#214,.T.);
#583=EDGE_CURVE('',#463,#464,#288,.T.);
#584=EDGE_CURVE('',#463,#465,#215,.T.);
#585=EDGE_CURVE('',#466,#464,#216,.T.);
#586=EDGE_CURVE('',#465,#466,#289,.T.);
#587=EDGE_CURVE('',#465,#467,#217,.T.);
#588=EDGE_CURVE('',#468,#466,#218,.T.);
#589=EDGE_CURVE('',#467,#468,#290,.T.);
#590=EDGE_CURVE('',#467,#469,#253,.T.);
#591=EDGE_CURVE('',#470,#468,#29,.T.);
#592=EDGE_CURVE('',#469,#470,#291,.T.);
#593=EDGE_CURVE('',#469,#471,#219,.T.);
#594=EDGE_CURVE('',#472,#470,#220,.T.);
#595=EDGE_CURVE('',#471,#472,#292,.T.);
#596=EDGE_CURVE('',#471,#473,#221,.T.);
#597=EDGE_CURVE('',#474,#472,#222,.T.);
#598=EDGE_CURVE('',#473,#474,#293,.T.);
#599=EDGE_CURVE('',#473,#475,#223,.T.);
#600=EDGE_CURVE('',#476,#474,#224,.T.);
#601=EDGE_CURVE('',#475,#476,#294,.T.);
#602=EDGE_CURVE('',#475,#477,#254,.T.);
#603=EDGE_CURVE('',#478,#476,#30,.T.);
#604=EDGE_CURVE('',#477,#478,#295,.T.);
#605=EDGE_CURVE('',#477,#479,#225,.T.);
#606=EDGE_CURVE('',#480,#478,#226,.T.);
#607=EDGE_CURVE('',#479,#480,#296,.T.);
#608=EDGE_CURVE('',#479,#481,#227,.T.);
#609=EDGE_CURVE('',#482,#480,#228,.T.);
#610=EDGE_CURVE('',#481,#482,#297,.T.);
#611=EDGE_CURVE('',#481,#483,#229,.T.);
#612=EDGE_CURVE('',#484,#482,#230,.T.);
#613=EDGE_CURVE('',#483,#484,#298,.T.);
#614=EDGE_CURVE('',#483,#485,#231,.T.);
#615=EDGE_CURVE('',#486,#484,#232,.T.);
#616=EDGE_CURVE('',#485,#486,#299,.T.);
#617=EDGE_CURVE('',#485,#487,#255,.T.);
#618=EDGE_CURVE('',#488,#486,#31,.T.);
#619=EDGE_CURVE('',#487,#488,#300,.T.);
#620=EDGE_CURVE('',#487,#489,#233,.T.);
#621=EDGE_CURVE('',#490,#488,#234,.T.);
#622=EDGE_CURVE('',#489,#490,#301,.T.);
#623=EDGE_CURVE('',#489,#445,#235,.T.);
#624=EDGE_CURVE('',#447,#490,#236,.T.);
#625=EDGE_CURVE('',#491,#453,#302,.T.);
#626=EDGE_CURVE('',#492,#491,#256,.T.);
#627=EDGE_CURVE('',#493,#492,#303,.T.);
#628=EDGE_CURVE('',#494,#493,#304,.T.);
#629=EDGE_CURVE('',#495,#494,#237,.T.);
#630=EDGE_CURVE('',#496,#495,#257,.T.);
#631=EDGE_CURVE('',#455,#496,#305,.T.);
#632=EDGE_CURVE('',#449,#497,#306,.T.);
#633=EDGE_CURVE('',#498,#497,#258,.T.);
#634=EDGE_CURVE('',#450,#498,#307,.T.);
#635=EDGE_CURVE('',#499,#448,#308,.T.);
#636=EDGE_CURVE('',#499,#500,#238,.T.);
#637=EDGE_CURVE('',#497,#500,#259,.T.);
#638=EDGE_CURVE('',#496,#501,#309,.T.);
#639=EDGE_CURVE('',#501,#499,#310,.T.);
#640=EDGE_CURVE('',#502,#495,#311,.T.);
#641=EDGE_CURVE('',#501,#502,#239,.T.);
#642=EDGE_CURVE('',#503,#494,#312,.T.);
#643=EDGE_CURVE('',#503,#504,#260,.T.);
#644=EDGE_CURVE('',#504,#502,#240,.T.);
#645=EDGE_CURVE('',#498,#505,#261,.T.);
#646=EDGE_CURVE('',#505,#506,#313,.T.);
#647=EDGE_CURVE('',#506,#503,#262,.T.);
#648=EDGE_CURVE('',#493,#507,#314,.T.);
#649=EDGE_CURVE('',#507,#508,#32,.T.);
#650=EDGE_CURVE('',#508,#509,#315,.T.);
#651=EDGE_CURVE('',#509,#510,#33,.T.);
#652=EDGE_CURVE('',#451,#510,#316,.T.);
#653=EDGE_CURVE('',#511,#512,#263,.T.);
#654=EDGE_CURVE('',#512,#511,#264,.T.);
#655=EDGE_CURVE('',#513,#514,#265,.T.);
#656=EDGE_CURVE('',#514,#513,#266,.T.);
#657=EDGE_CURVE('',#452,#515,#317,.T.);
#658=EDGE_CURVE('',#515,#516,#267,.T.);
#659=EDGE_CURVE('',#516,#517,#268,.T.);
#660=EDGE_CURVE('',#517,#518,#34,.T.);
#661=EDGE_CURVE('',#518,#519,#35,.T.);
#662=EDGE_CURVE('',#446,#519,#318,.T.);
#663=EDGE_CURVE('',#520,#521,#36,.T.);
#664=EDGE_CURVE('',#521,#520,#37,.T.);
#665=EDGE_CURVE('',#521,#514,#319,.T.);
#666=EDGE_CURVE('',#522,#523,#38,.T.);
#667=EDGE_CURVE('',#523,#522,#39,.T.);
#668=EDGE_CURVE('',#523,#512,#320,.T.);
#669=EDGE_CURVE('',#510,#515,#269,.T.);
#670=EDGE_CURVE('',#524,#519,#321,.T.);
#671=EDGE_CURVE('',#525,#524,#322,.T.);
#672=EDGE_CURVE('',#526,#525,#323,.T.);
#673=EDGE_CURVE('',#527,#526,#324,.T.);
#674=EDGE_CURVE('',#527,#528,#325,.T.);
#675=EDGE_CURVE('',#529,#528,#326,.T.);
#676=EDGE_CURVE('',#530,#529,#327,.T.);
#677=EDGE_CURVE('',#531,#530,#328,.T.);
#678=EDGE_CURVE('',#532,#531,#329,.T.);
#679=EDGE_CURVE('',#491,#532,#330,.T.);
#680=EDGE_CURVE('',#532,#533,#40,.T.);
#681=EDGE_CURVE('',#533,#534,#41,.T.);
#682=EDGE_CURVE('',#534,#535,#270,.T.);
#683=EDGE_CURVE('',#492,#535,#331,.T.);
#684=EDGE_CURVE('',#535,#507,#332,.T.);
#685=EDGE_CURVE('',#508,#536,#333,.T.);
#686=EDGE_CURVE('',#536,#537,#334,.T.);
#687=EDGE_CURVE('',#537,#509,#271,.T.);
#688=EDGE_CURVE('',#515,#537,#241,.T.);
#689=EDGE_CURVE('',#517,#538,#242,.T.);
#690=EDGE_CURVE('',#538,#537,#243,.T.);
#691=EDGE_CURVE('',#539,#540,#42,.T.);
#692=EDGE_CURVE('',#541,#539,#335,.T.);
#693=EDGE_CURVE('',#528,#541,#43,.T.);
#694=EDGE_CURVE('',#542,#527,#44,.T.);
#695=EDGE_CURVE('',#543,#542,#336,.T.);
#696=EDGE_CURVE('',#538,#543,#45,.T.);
#697=EDGE_CURVE('',#540,#536,#244,.T.);
#698=EDGE_CURVE('',#540,#534,#46,.T.);
#699=EDGE_CURVE('',#535,#536,#245,.T.);
#700=EDGE_CURVE('',#544,#518,#337,.T.);
#701=EDGE_CURVE('',#545,#544,#338,.T.);
#702=EDGE_CURVE('',#545,#524,#339,.T.);
#703=EDGE_CURVE('',#546,#543,#340,.T.);
#704=EDGE_CURVE('',#544,#546,#341,.T.);
#705=EDGE_CURVE('',#547,#545,#342,.T.);
#706=EDGE_CURVE('',#546,#548,#343,.T.);
#707=EDGE_CURVE('',#548,#549,#344,.T.);
#708=EDGE_CURVE('',#549,#547,#345,.T.);
#709=EDGE_CURVE('',#547,#525,#346,.T.);
#710=EDGE_CURVE('',#549,#526,#347,.T.);
#711=EDGE_CURVE('',#548,#542,#348,.T.);
#712=EDGE_CURVE('',#550,#531,#349,.T.);
#713=EDGE_CURVE('',#551,#550,#350,.T.);
#714=EDGE_CURVE('',#551,#533,#351,.T.);
#715=EDGE_CURVE('',#552,#551,#352,.T.);
#716=EDGE_CURVE('',#552,#539,#353,.T.);
#717=EDGE_CURVE('',#550,#553,#354,.T.);
#718=EDGE_CURVE('',#553,#554,#355,.T.);
#719=EDGE_CURVE('',#554,#555,#356,.T.);
#720=EDGE_CURVE('',#555,#552,#357,.T.);
#721=EDGE_CURVE('',#555,#541,#358,.T.);
#722=EDGE_CURVE('',#554,#529,#359,.T.);
#723=EDGE_CURVE('',#553,#530,#360,.T.);
#724=EDGE_CURVE('',#506,#556,#272,.T.);
#725=EDGE_CURVE('',#556,#504,#273,.T.);
#726=EDGE_CURVE('',#497,#557,#274,.T.);
#727=EDGE_CURVE('',#505,#557,#275,.T.);
#728=EDGE_CURVE('',#557,#558,#276,.T.);
#729=EDGE_CURVE('',#558,#556,#361,.T.);
#730=EDGE_CURVE('',#502,#559,#277,.T.);
#731=EDGE_CURVE('',#559,#556,#246,.T.);
#732=EDGE_CURVE('',#501,#559,#247,.T.);
#733=EDGE_CURVE('',#499,#558,#248,.T.);
#734=EDGE_CURVE('',#500,#558,#278,.T.);
#735=ORIENTED_EDGE('',*,*,#560,.F.);
#736=ORIENTED_EDGE('',*,*,#561,.T.);
#737=ORIENTED_EDGE('',*,*,#562,.F.);
#738=ORIENTED_EDGE('',*,*,#563,.F.);
#739=ORIENTED_EDGE('',*,*,#564,.F.);
#740=ORIENTED_EDGE('',*,*,#565,.F.);
#741=ORIENTED_EDGE('',*,*,#566,.F.);
#742=ORIENTED_EDGE('',*,*,#567,.F.);
#743=ORIENTED_EDGE('',*,*,#568,.F.);
#744=ORIENTED_EDGE('',*,*,#569,.T.);
#745=ORIENTED_EDGE('',*,*,#570,.F.);
#746=ORIENTED_EDGE('',*,*,#571,.F.);
#747=ORIENTED_EDGE('',*,*,#572,.F.);
#748=ORIENTED_EDGE('',*,*,#571,.T.);
#749=ORIENTED_EDGE('',*,*,#573,.F.);
#750=ORIENTED_EDGE('',*,*,#574,.F.);
#751=ORIENTED_EDGE('',*,*,#575,.F.);
#752=ORIENTED_EDGE('',*,*,#574,.T.);
#753=ORIENTED_EDGE('',*,*,#576,.F.);
#754=ORIENTED_EDGE('',*,*,#577,.F.);
#755=ORIENTED_EDGE('',*,*,#578,.F.);
#756=ORIENTED_EDGE('',*,*,#577,.T.);
#757=ORIENTED_EDGE('',*,*,#579,.F.);
#758=ORIENTED_EDGE('',*,*,#580,.F.);
#759=ORIENTED_EDGE('',*,*,#581,.F.);
#760=ORIENTED_EDGE('',*,*,#580,.T.);
#761=ORIENTED_EDGE('',*,*,#582,.F.);
#762=ORIENTED_EDGE('',*,*,#583,.F.);
#763=ORIENTED_EDGE('',*,*,#584,.F.);
#764=ORIENTED_EDGE('',*,*,#583,.T.);
#765=ORIENTED_EDGE('',*,*,#585,.F.);
#766=ORIENTED_EDGE('',*,*,#586,.F.);
#767=ORIENTED_EDGE('',*,*,#587,.F.);
#768=ORIENTED_EDGE('',*,*,#586,.T.);
#769=ORIENTED_EDGE('',*,*,#588,.F.);
#770=ORIENTED_EDGE('',*,*,#589,.F.);
#771=ORIENTED_EDGE('',*,*,#590,.F.);
#772=ORIENTED_EDGE('',*,*,#589,.T.);
#773=ORIENTED_EDGE('',*,*,#591,.F.);
#774=ORIENTED_EDGE('',*,*,#592,.F.);
#775=ORIENTED_EDGE('',*,*,#593,.F.);
#776=ORIENTED_EDGE('',*,*,#592,.T.);
#777=ORIENTED_EDGE('',*,*,#594,.F.);
#778=ORIENTED_EDGE('',*,*,#595,.F.);
#779=ORIENTED_EDGE('',*,*,#596,.F.);
#780=ORIENTED_EDGE('',*,*,#595,.T.);
#781=ORIENTED_EDGE('',*,*,#597,.F.);
#782=ORIENTED_EDGE('',*,*,#598,.F.);
#783=ORIENTED_EDGE('',*,*,#599,.F.);
#784=ORIENTED_EDGE('',*,*,#598,.T.);
#785=ORIENTED_EDGE('',*,*,#600,.F.);
#786=ORIENTED_EDGE('',*,*,#601,.F.);
#787=ORIENTED_EDGE('',*,*,#602,.F.);
#788=ORIENTED_EDGE('',*,*,#601,.T.);
#789=ORIENTED_EDGE('',*,*,#603,.F.);
#790=ORIENTED_EDGE('',*,*,#604,.F.);
#791=ORIENTED_EDGE('',*,*,#605,.F.);
#792=ORIENTED_EDGE('',*,*,#604,.T.);
#793=ORIENTED_EDGE('',*,*,#606,.F.);
#794=ORIENTED_EDGE('',*,*,#607,.F.);
#795=ORIENTED_EDGE('',*,*,#608,.F.);
#796=ORIENTED_EDGE('',*,*,#607,.T.);
#797=ORIENTED_EDGE('',*,*,#609,.F.);
#798=ORIENTED_EDGE('',*,*,#610,.F.);
#799=ORIENTED_EDGE('',*,*,#611,.F.);
#800=ORIENTED_EDGE('',*,*,#610,.T.);
#801=ORIENTED_EDGE('',*,*,#612,.F.);
#802=ORIENTED_EDGE('',*,*,#613,.F.);
#803=ORIENTED_EDGE('',*,*,#614,.F.);
#804=ORIENTED_EDGE('',*,*,#613,.T.);
#805=ORIENTED_EDGE('',*,*,#615,.F.);
#806=ORIENTED_EDGE('',*,*,#616,.F.);
#807=ORIENTED_EDGE('',*,*,#617,.F.);
#808=ORIENTED_EDGE('',*,*,#616,.T.);
#809=ORIENTED_EDGE('',*,*,#618,.F.);
#810=ORIENTED_EDGE('',*,*,#619,.F.);
#811=ORIENTED_EDGE('',*,*,#620,.F.);
#812=ORIENTED_EDGE('',*,*,#619,.T.);
#813=ORIENTED_EDGE('',*,*,#621,.F.);
#814=ORIENTED_EDGE('',*,*,#622,.F.);
#815=ORIENTED_EDGE('',*,*,#623,.F.);
#816=ORIENTED_EDGE('',*,*,#622,.T.);
#817=ORIENTED_EDGE('',*,*,#624,.F.);
#818=ORIENTED_EDGE('',*,*,#561,.F.);
#819=ORIENTED_EDGE('',*,*,#625,.F.);
#820=ORIENTED_EDGE('',*,*,#626,.F.);
#821=ORIENTED_EDGE('',*,*,#627,.F.);
#822=ORIENTED_EDGE('',*,*,#628,.F.);
#823=ORIENTED_EDGE('',*,*,#629,.F.);
#824=ORIENTED_EDGE('',*,*,#630,.F.);
#825=ORIENTED_EDGE('',*,*,#631,.F.);
#826=ORIENTED_EDGE('',*,*,#569,.F.);
#827=ORIENTED_EDGE('',*,*,#564,.T.);
#828=ORIENTED_EDGE('',*,*,#632,.T.);
#829=ORIENTED_EDGE('',*,*,#633,.F.);
#830=ORIENTED_EDGE('',*,*,#634,.F.);
#831=ORIENTED_EDGE('',*,*,#563,.T.);
#832=ORIENTED_EDGE('',*,*,#635,.F.);
#833=ORIENTED_EDGE('',*,*,#636,.T.);
#834=ORIENTED_EDGE('',*,*,#637,.F.);
#835=ORIENTED_EDGE('',*,*,#632,.F.);
#836=ORIENTED_EDGE('',*,*,#562,.T.);
#837=ORIENTED_EDGE('',*,*,#624,.T.);
#838=ORIENTED_EDGE('',*,*,#621,.T.);
#839=ORIENTED_EDGE('',*,*,#618,.T.);
#840=ORIENTED_EDGE('',*,*,#615,.T.);
#841=ORIENTED_EDGE('',*,*,#612,.T.);
#842=ORIENTED_EDGE('',*,*,#609,.T.);
#843=ORIENTED_EDGE('',*,*,#606,.T.);
#844=ORIENTED_EDGE('',*,*,#603,.T.);
#845=ORIENTED_EDGE('',*,*,#600,.T.);
#846=ORIENTED_EDGE('',*,*,#597,.T.);
#847=ORIENTED_EDGE('',*,*,#594,.T.);
#848=ORIENTED_EDGE('',*,*,#591,.T.);
#849=ORIENTED_EDGE('',*,*,#588,.T.);
#850=ORIENTED_EDGE('',*,*,#585,.T.);
#851=ORIENTED_EDGE('',*,*,#582,.T.);
#852=ORIENTED_EDGE('',*,*,#579,.T.);
#853=ORIENTED_EDGE('',*,*,#576,.T.);
#854=ORIENTED_EDGE('',*,*,#573,.T.);
#855=ORIENTED_EDGE('',*,*,#570,.T.);
#856=ORIENTED_EDGE('',*,*,#631,.T.);
#857=ORIENTED_EDGE('',*,*,#638,.T.);
#858=ORIENTED_EDGE('',*,*,#639,.T.);
#859=ORIENTED_EDGE('',*,*,#635,.T.);
#860=ORIENTED_EDGE('',*,*,#630,.T.);
#861=ORIENTED_EDGE('',*,*,#640,.F.);
#862=ORIENTED_EDGE('',*,*,#641,.F.);
#863=ORIENTED_EDGE('',*,*,#638,.F.);
#864=ORIENTED_EDGE('',*,*,#629,.T.);
#865=ORIENTED_EDGE('',*,*,#642,.F.);
#866=ORIENTED_EDGE('',*,*,#643,.T.);
#867=ORIENTED_EDGE('',*,*,#644,.T.);
#868=ORIENTED_EDGE('',*,*,#640,.T.);
#869=ORIENTED_EDGE('',*,*,#565,.T.);
#870=ORIENTED_EDGE('',*,*,#634,.T.);
#871=ORIENTED_EDGE('',*,*,#645,.T.);
#872=ORIENTED_EDGE('',*,*,#646,.T.);
#873=ORIENTED_EDGE('',*,*,#647,.T.);
#874=ORIENTED_EDGE('',*,*,#642,.T.);
#875=ORIENTED_EDGE('',*,*,#628,.T.);
#876=ORIENTED_EDGE('',*,*,#648,.T.);
#877=ORIENTED_EDGE('',*,*,#649,.T.);
#878=ORIENTED_EDGE('',*,*,#650,.T.);
#879=ORIENTED_EDGE('',*,*,#651,.T.);
#880=ORIENTED_EDGE('',*,*,#652,.F.);
#881=ORIENTED_EDGE('',*,*,#653,.F.);
#882=ORIENTED_EDGE('',*,*,#654,.F.);
#883=ORIENTED_EDGE('',*,*,#655,.F.);
#884=ORIENTED_EDGE('',*,*,#656,.F.);
#885=ORIENTED_EDGE('',*,*,#567,.T.);
#886=ORIENTED_EDGE('',*,*,#657,.T.);
#887=ORIENTED_EDGE('',*,*,#658,.T.);
#888=ORIENTED_EDGE('',*,*,#659,.T.);
#889=ORIENTED_EDGE('',*,*,#660,.T.);
#890=ORIENTED_EDGE('',*,*,#661,.T.);
#891=ORIENTED_EDGE('',*,*,#662,.F.);
#892=ORIENTED_EDGE('',*,*,#663,.F.);
#893=ORIENTED_EDGE('',*,*,#664,.F.);
#894=ORIENTED_EDGE('',*,*,#665,.T.);
#895=ORIENTED_EDGE('',*,*,#656,.T.);
#896=ORIENTED_EDGE('',*,*,#655,.T.);
#897=ORIENTED_EDGE('',*,*,#665,.F.);
#898=ORIENTED_EDGE('',*,*,#666,.F.);
#899=ORIENTED_EDGE('',*,*,#667,.F.);
#900=ORIENTED_EDGE('',*,*,#668,.T.);
#901=ORIENTED_EDGE('',*,*,#654,.T.);
#902=ORIENTED_EDGE('',*,*,#653,.T.);
#903=ORIENTED_EDGE('',*,*,#668,.F.);
#904=ORIENTED_EDGE('',*,*,#566,.T.);
#905=ORIENTED_EDGE('',*,*,#652,.T.);
#906=ORIENTED_EDGE('',*,*,#669,.T.);
#907=ORIENTED_EDGE('',*,*,#657,.F.);
#908=ORIENTED_EDGE('',*,*,#560,.T.);
#909=ORIENTED_EDGE('',*,*,#662,.T.);
#910=ORIENTED_EDGE('',*,*,#670,.F.);
#911=ORIENTED_EDGE('',*,*,#671,.F.);
#912=ORIENTED_EDGE('',*,*,#672,.F.);
#913=ORIENTED_EDGE('',*,*,#673,.F.);
#914=ORIENTED_EDGE('',*,*,#674,.T.);
#915=ORIENTED_EDGE('',*,*,#675,.F.);
#916=ORIENTED_EDGE('',*,*,#676,.F.);
#917=ORIENTED_EDGE('',*,*,#677,.F.);
#918=ORIENTED_EDGE('',*,*,#678,.F.);
#919=ORIENTED_EDGE('',*,*,#679,.F.);
#920=ORIENTED_EDGE('',*,*,#625,.T.);
#921=ORIENTED_EDGE('',*,*,#568,.T.);
#922=ORIENTED_EDGE('',*,*,#572,.T.);
#923=ORIENTED_EDGE('',*,*,#575,.T.);
#924=ORIENTED_EDGE('',*,*,#578,.T.);
#925=ORIENTED_EDGE('',*,*,#581,.T.);
#926=ORIENTED_EDGE('',*,*,#584,.T.);
#927=ORIENTED_EDGE('',*,*,#587,.T.);
#928=ORIENTED_EDGE('',*,*,#590,.T.);
#929=ORIENTED_EDGE('',*,*,#593,.T.);
#930=ORIENTED_EDGE('',*,*,#596,.T.);
#931=ORIENTED_EDGE('',*,*,#599,.T.);
#932=ORIENTED_EDGE('',*,*,#602,.T.);
#933=ORIENTED_EDGE('',*,*,#605,.T.);
#934=ORIENTED_EDGE('',*,*,#608,.T.);
#935=ORIENTED_EDGE('',*,*,#611,.T.);
#936=ORIENTED_EDGE('',*,*,#614,.T.);
#937=ORIENTED_EDGE('',*,*,#617,.T.);
#938=ORIENTED_EDGE('',*,*,#620,.T.);
#939=ORIENTED_EDGE('',*,*,#623,.T.);
#940=ORIENTED_EDGE('',*,*,#626,.T.);
#941=ORIENTED_EDGE('',*,*,#679,.T.);
#942=ORIENTED_EDGE('',*,*,#680,.T.);
#943=ORIENTED_EDGE('',*,*,#681,.T.);
#944=ORIENTED_EDGE('',*,*,#682,.T.);
#945=ORIENTED_EDGE('',*,*,#683,.F.);
#946=ORIENTED_EDGE('',*,*,#627,.T.);
#947=ORIENTED_EDGE('',*,*,#683,.T.);
#948=ORIENTED_EDGE('',*,*,#684,.T.);
#949=ORIENTED_EDGE('',*,*,#648,.F.);
#950=ORIENTED_EDGE('',*,*,#650,.F.);
#951=ORIENTED_EDGE('',*,*,#685,.T.);
#952=ORIENTED_EDGE('',*,*,#686,.T.);
#953=ORIENTED_EDGE('',*,*,#687,.T.);
#954=ORIENTED_EDGE('',*,*,#651,.F.);
#955=ORIENTED_EDGE('',*,*,#687,.F.);
#956=ORIENTED_EDGE('',*,*,#688,.F.);
#957=ORIENTED_EDGE('',*,*,#669,.F.);
#958=ORIENTED_EDGE('',*,*,#689,.F.);
#959=ORIENTED_EDGE('',*,*,#659,.F.);
#960=ORIENTED_EDGE('',*,*,#658,.F.);
#961=ORIENTED_EDGE('',*,*,#688,.T.);
#962=ORIENTED_EDGE('',*,*,#690,.F.);
#963=ORIENTED_EDGE('',*,*,#691,.F.);
#964=ORIENTED_EDGE('',*,*,#692,.F.);
#965=ORIENTED_EDGE('',*,*,#693,.F.);
#966=ORIENTED_EDGE('',*,*,#674,.F.);
#967=ORIENTED_EDGE('',*,*,#694,.F.);
#968=ORIENTED_EDGE('',*,*,#695,.F.);
#969=ORIENTED_EDGE('',*,*,#696,.F.);
#970=ORIENTED_EDGE('',*,*,#690,.T.);
#971=ORIENTED_EDGE('',*,*,#686,.F.);
#972=ORIENTED_EDGE('',*,*,#697,.F.);
#973=ORIENTED_EDGE('',*,*,#698,.F.);
#974=ORIENTED_EDGE('',*,*,#697,.T.);
#975=ORIENTED_EDGE('',*,*,#699,.F.);
#976=ORIENTED_EDGE('',*,*,#682,.F.);
#977=ORIENTED_EDGE('',*,*,#699,.T.);
#978=ORIENTED_EDGE('',*,*,#685,.F.);
#979=ORIENTED_EDGE('',*,*,#649,.F.);
#980=ORIENTED_EDGE('',*,*,#684,.F.);
#981=ORIENTED_EDGE('',*,*,#700,.F.);
#982=ORIENTED_EDGE('',*,*,#701,.F.);
#983=ORIENTED_EDGE('',*,*,#702,.T.);
#984=ORIENTED_EDGE('',*,*,#670,.T.);
#985=ORIENTED_EDGE('',*,*,#661,.F.);
#986=ORIENTED_EDGE('',*,*,#689,.T.);
#987=ORIENTED_EDGE('',*,*,#696,.T.);
#988=ORIENTED_EDGE('',*,*,#703,.F.);
#989=ORIENTED_EDGE('',*,*,#704,.F.);
#990=ORIENTED_EDGE('',*,*,#700,.T.);
#991=ORIENTED_EDGE('',*,*,#660,.F.);
#992=ORIENTED_EDGE('',*,*,#705,.T.);
#993=ORIENTED_EDGE('',*,*,#701,.T.);
#994=ORIENTED_EDGE('',*,*,#704,.T.);
#995=ORIENTED_EDGE('',*,*,#706,.T.);
#996=ORIENTED_EDGE('',*,*,#707,.T.);
#997=ORIENTED_EDGE('',*,*,#708,.T.);
#998=ORIENTED_EDGE('',*,*,#663,.T.);
#999=ORIENTED_EDGE('',*,*,#664,.T.);
#1000=ORIENTED_EDGE('',*,*,#671,.T.);
#1001=ORIENTED_EDGE('',*,*,#702,.F.);
#1002=ORIENTED_EDGE('',*,*,#705,.F.);
#1003=ORIENTED_EDGE('',*,*,#709,.T.);
#1004=ORIENTED_EDGE('',*,*,#672,.T.);
#1005=ORIENTED_EDGE('',*,*,#709,.F.);
#1006=ORIENTED_EDGE('',*,*,#708,.F.);
#1007=ORIENTED_EDGE('',*,*,#710,.T.);
#1008=ORIENTED_EDGE('',*,*,#694,.T.);
#1009=ORIENTED_EDGE('',*,*,#673,.T.);
#1010=ORIENTED_EDGE('',*,*,#710,.F.);
#1011=ORIENTED_EDGE('',*,*,#707,.F.);
#1012=ORIENTED_EDGE('',*,*,#711,.T.);
#1013=ORIENTED_EDGE('',*,*,#695,.T.);
#1014=ORIENTED_EDGE('',*,*,#711,.F.);
#1015=ORIENTED_EDGE('',*,*,#706,.F.);
#1016=ORIENTED_EDGE('',*,*,#703,.T.);
#1017=ORIENTED_EDGE('',*,*,#678,.T.);
#1018=ORIENTED_EDGE('',*,*,#712,.F.);
#1019=ORIENTED_EDGE('',*,*,#713,.F.);
#1020=ORIENTED_EDGE('',*,*,#714,.T.);
#1021=ORIENTED_EDGE('',*,*,#680,.F.);
#1022=ORIENTED_EDGE('',*,*,#714,.F.);
#1023=ORIENTED_EDGE('',*,*,#715,.F.);
#1024=ORIENTED_EDGE('',*,*,#716,.T.);
#1025=ORIENTED_EDGE('',*,*,#691,.T.);
#1026=ORIENTED_EDGE('',*,*,#698,.T.);
#1027=ORIENTED_EDGE('',*,*,#681,.F.);
#1028=ORIENTED_EDGE('',*,*,#713,.T.);
#1029=ORIENTED_EDGE('',*,*,#717,.T.);
#1030=ORIENTED_EDGE('',*,*,#718,.T.);
#1031=ORIENTED_EDGE('',*,*,#719,.T.);
#1032=ORIENTED_EDGE('',*,*,#720,.T.);
#1033=ORIENTED_EDGE('',*,*,#715,.T.);
#1034=ORIENTED_EDGE('',*,*,#666,.T.);
#1035=ORIENTED_EDGE('',*,*,#667,.T.);
#1036=ORIENTED_EDGE('',*,*,#692,.T.);
#1037=ORIENTED_EDGE('',*,*,#716,.F.);
#1038=ORIENTED_EDGE('',*,*,#720,.F.);
#1039=ORIENTED_EDGE('',*,*,#721,.T.);
#1040=ORIENTED_EDGE('',*,*,#693,.T.);
#1041=ORIENTED_EDGE('',*,*,#721,.F.);
#1042=ORIENTED_EDGE('',*,*,#719,.F.);
#1043=ORIENTED_EDGE('',*,*,#722,.T.);
#1044=ORIENTED_EDGE('',*,*,#675,.T.);
#1045=ORIENTED_EDGE('',*,*,#676,.T.);
#1046=ORIENTED_EDGE('',*,*,#722,.F.);
#1047=ORIENTED_EDGE('',*,*,#718,.F.);
#1048=ORIENTED_EDGE('',*,*,#723,.T.);
#1049=ORIENTED_EDGE('',*,*,#677,.T.);
#1050=ORIENTED_EDGE('',*,*,#723,.F.);
#1051=ORIENTED_EDGE('',*,*,#717,.F.);
#1052=ORIENTED_EDGE('',*,*,#712,.T.);
#1053=ORIENTED_EDGE('',*,*,#724,.T.);
#1054=ORIENTED_EDGE('',*,*,#725,.T.);
#1055=ORIENTED_EDGE('',*,*,#643,.F.);
#1056=ORIENTED_EDGE('',*,*,#647,.F.);
#1057=ORIENTED_EDGE('',*,*,#633,.T.);
#1058=ORIENTED_EDGE('',*,*,#726,.T.);
#1059=ORIENTED_EDGE('',*,*,#727,.F.);
#1060=ORIENTED_EDGE('',*,*,#645,.F.);
#1061=ORIENTED_EDGE('',*,*,#727,.T.);
#1062=ORIENTED_EDGE('',*,*,#728,.T.);
#1063=ORIENTED_EDGE('',*,*,#729,.T.);
#1064=ORIENTED_EDGE('',*,*,#724,.F.);
#1065=ORIENTED_EDGE('',*,*,#646,.F.);
#1066=ORIENTED_EDGE('',*,*,#730,.F.);
#1067=ORIENTED_EDGE('',*,*,#644,.F.);
#1068=ORIENTED_EDGE('',*,*,#725,.F.);
#1069=ORIENTED_EDGE('',*,*,#731,.F.);
#1070=ORIENTED_EDGE('',*,*,#641,.T.);
#1071=ORIENTED_EDGE('',*,*,#730,.T.);
#1072=ORIENTED_EDGE('',*,*,#732,.F.);
#1073=ORIENTED_EDGE('',*,*,#731,.T.);
#1074=ORIENTED_EDGE('',*,*,#729,.F.);
#1075=ORIENTED_EDGE('',*,*,#733,.F.);
#1076=ORIENTED_EDGE('',*,*,#639,.F.);
#1077=ORIENTED_EDGE('',*,*,#732,.T.);
#1078=ORIENTED_EDGE('',*,*,#636,.F.);
#1079=ORIENTED_EDGE('',*,*,#733,.T.);
#1080=ORIENTED_EDGE('',*,*,#734,.F.);
#1081=ORIENTED_EDGE('',*,*,#734,.T.);
#1082=ORIENTED_EDGE('',*,*,#728,.F.);
#1083=ORIENTED_EDGE('',*,*,#726,.F.);
#1084=ORIENTED_EDGE('',*,*,#637,.T.);
#1085=PLANE('',#1189);
#1086=PLANE('',#1205);
#1087=PLANE('',#1211);
#1088=PLANE('',#1214);
#1089=PLANE('',#1236);
#1090=PLANE('',#1241);
#1091=PLANE('',#1242);
#1092=PLANE('',#1252);
#1093=PLANE('',#1253);
#1094=PLANE('',#1254);
#1095=PLANE('',#1255);
#1096=PLANE('',#1256);
#1097=PLANE('',#1257);
#1098=PLANE('',#1258);
#1099=PLANE('',#1259);
#1100=PLANE('',#1260);
#1101=PLANE('',#1261);
#1102=PLANE('',#1262);
#1103=PLANE('',#1263);
#1104=PLANE('',#1264);
#1105=PLANE('',#1265);
#1106=PLANE('',#1270);
#1107=ADVANCED_FACE('',(#78),#1085,.T.);
#1108=ADVANCED_FACE('',(#79),#61,.T.);
#1109=ADVANCED_FACE('',(#80),#62,.T.);
#1110=ADVANCED_FACE('',(#81),#47,.T.);
#1111=ADVANCED_FACE('',(#82),#63,.T.);
#1112=ADVANCED_FACE('',(#83),#64,.T.);
#1113=ADVANCED_FACE('',(#84),#65,.T.);
#1114=ADVANCED_FACE('',(#85),#66,.T.);
#1115=ADVANCED_FACE('',(#86),#48,.F.);
#1116=ADVANCED_FACE('',(#87),#67,.T.);
#1117=ADVANCED_FACE('',(#88),#68,.T.);
#1118=ADVANCED_FACE('',(#89),#69,.T.);
#1119=ADVANCED_FACE('',(#90),#49,.T.);
#1120=ADVANCED_FACE('',(#91),#70,.T.);
#1121=ADVANCED_FACE('',(#92),#71,.T.);
#1122=ADVANCED_FACE('',(#93),#72,.T.);
#1123=ADVANCED_FACE('',(#94),#73,.T.);
#1124=ADVANCED_FACE('',(#95),#50,.F.);
#1125=ADVANCED_FACE('',(#96),#74,.T.);
#1126=ADVANCED_FACE('',(#97),#75,.T.);
#1127=ADVANCED_FACE('',(#98),#1086,.T.);
#1128=ADVANCED_FACE('',(#99),#76,.F.);
#1129=ADVANCED_FACE('',(#100),#51,.F.);
#1130=ADVANCED_FACE('',(#101),#1087,.T.);
#1131=ADVANCED_FACE('',(#102),#52,.F.);
#1132=ADVANCED_FACE('',(#103),#77,.F.);
#1133=ADVANCED_FACE('',(#104,#24,#25),#1088,.F.);
#1134=ADVANCED_FACE('',(#105),#53,.T.);
#1135=ADVANCED_FACE('',(#106),#54,.F.);
#1136=ADVANCED_FACE('',(#107),#55,.F.);
#1137=ADVANCED_FACE('',(#108),#56,.T.);
#1138=ADVANCED_FACE('',(#109),#1089,.F.);
#1139=ADVANCED_FACE('',(#110),#57,.T.);
#1140=ADVANCED_FACE('',(#111),#1090,.F.);
#1141=ADVANCED_FACE('',(#112),#1091,.F.);
#1142=ADVANCED_FACE('',(#113),#23,.T.);
#1143=ADVANCED_FACE('',(#114),#15,.T.);
#1144=ADVANCED_FACE('',(#115),#58,.T.);
#1145=ADVANCED_FACE('',(#116),#16,.T.);
#1146=ADVANCED_FACE('',(#117),#59,.T.);
#1147=ADVANCED_FACE('',(#118),#1092,.F.);
#1148=ADVANCED_FACE('',(#119),#1093,.F.);
#1149=ADVANCED_FACE('',(#120,#26),#1094,.T.);
#1150=ADVANCED_FACE('',(#121),#1095,.F.);
#1151=ADVANCED_FACE('',(#122),#1096,.F.);
#1152=ADVANCED_FACE('',(#123),#1097,.F.);
#1153=ADVANCED_FACE('',(#124),#1098,.F.);
#1154=ADVANCED_FACE('',(#125),#1099,.F.);
#1155=ADVANCED_FACE('',(#126),#1100,.F.);
#1156=ADVANCED_FACE('',(#127,#27),#1101,.T.);
#1157=ADVANCED_FACE('',(#128),#1102,.F.);
#1158=ADVANCED_FACE('',(#129),#1103,.F.);
#1159=ADVANCED_FACE('',(#130),#1104,.F.);
#1160=ADVANCED_FACE('',(#131),#1105,.F.);
#1161=ADVANCED_FACE('',(#132),#17,.T.);
#1162=ADVANCED_FACE('',(#133),#18,.T.);
#1163=ADVANCED_FACE('',(#134),#1106,.F.);
#1164=ADVANCED_FACE('',(#135),#19,.F.);
#1165=ADVANCED_FACE('',(#136),#20,.F.);
#1166=ADVANCED_FACE('',(#137),#60,.F.);
#1167=ADVANCED_FACE('',(#138),#21,.F.);
#1168=ADVANCED_FACE('',(#139),#22,.T.);
#1169=CLOSED_SHELL('',(#1107,#1108,#1109,#1110,#1111,#1112,#1113,#1114,
#1115,#1116,#1117,#1118,#1119,#1120,#1121,#1122,#1123,#1124,#1125,#1126,
#1127,#1128,#1129,#1130,#1131,#1132,#1133,#1134,#1135,#1136,#1137,#1138,
#1139,#1140,#1141,#1142,#1143,#1144,#1145,#1146,#1147,#1148,#1149,#1150,
#1151,#1152,#1153,#1154,#1155,#1156,#1157,#1158,#1159,#1160,#1161,#1162,
#1163,#1164,#1165,#1166,#1167,#1168));
#1170=DERIVED_UNIT_ELEMENT(#1172,1.);
#1171=DERIVED_UNIT_ELEMENT(#4482,3.);
#1172=(
MASS_UNIT()
NAMED_UNIT(*)
SI_UNIT($,.GRAM.)
);
#1173=DERIVED_UNIT((#1170,#1171));
#1174=MEASURE_REPRESENTATION_ITEM('density measure',
POSITIVE_RATIO_MEASURE(1.),#1173);
#1175=PROPERTY_DEFINITION_REPRESENTATION(#1180,#1177);
#1176=PROPERTY_DEFINITION_REPRESENTATION(#1181,#1178);
#1177=REPRESENTATION('material name',(#1179),#4479);
#1178=REPRESENTATION('density',(#1174),#4479);
#1179=DESCRIPTIVE_REPRESENTATION_ITEM('Generic','Generic');
#1180=PROPERTY_DEFINITION('material property','material name',#4489);
#1181=PROPERTY_DEFINITION('material property','density of part',#4489);
#1182=DATE_TIME_ROLE('creation_date');
#1183=APPLIED_DATE_AND_TIME_ASSIGNMENT(#1184,#1182,(#4489));
#1184=DATE_AND_TIME(#1185,#1186);
#1185=CALENDAR_DATE(2021,4,8);
#1186=LOCAL_TIME(16,5,19.,#1187);
#1187=COORDINATED_UNIVERSAL_TIME_OFFSET(0,0,.BEHIND.);
#1188=AXIS2_PLACEMENT_3D('placement',#1532,#1275,#1276);
#1189=AXIS2_PLACEMENT_3D('',#1533,#1277,#1278);
#1190=AXIS2_PLACEMENT_3D('',#1542,#1282,#1283);
#1191=AXIS2_PLACEMENT_3D('',#1553,#1285,#1286);
#1192=AXIS2_PLACEMENT_3D('',#1554,#1287,#1288);
#1193=AXIS2_PLACEMENT_3D('',#1788,#1292,#1293);
#1194=AXIS2_PLACEMENT_3D('',#1790,#1294,#1295);
#1195=AXIS2_PLACEMENT_3D('',#1792,#1296,#1297);
#1196=AXIS2_PLACEMENT_3D('',#2259,#1303,#1304);
#1197=AXIS2_PLACEMENT_3D('',#2261,#1305,#1306);
#1198=AXIS2_PLACEMENT_3D('',#2263,#1307,#1308);
#1199=AXIS2_PLACEMENT_3D('',#2669,#1313,#1314);
#1200=AXIS2_PLACEMENT_3D('',#2671,#1315,#1316);
#1201=AXIS2_PLACEMENT_3D('',#2673,#1317,#1318);
#1202=AXIS2_PLACEMENT_3D('',#3135,#1324,#1325);
#1203=AXIS2_PLACEMENT_3D('',#3137,#1326,#1327);
#1204=AXIS2_PLACEMENT_3D('',#3139,#1328,#1329);
#1205=AXIS2_PLACEMENT_3D('',#3367,#1332,#1333);
#1206=AXIS2_PLACEMENT_3D('',#3371,#1335,#1336);
#1207=AXIS2_PLACEMENT_3D('',#3382,#1339,#1340);
#1208=AXIS2_PLACEMENT_3D('',#3399,#1343,#1344);
#1209=AXIS2_PLACEMENT_3D('',#3401,#1346,#1347);
#1210=AXIS2_PLACEMENT_3D('',#3478,#1349,#1350);
#1211=AXIS2_PLACEMENT_3D('',#3479,#1351,#1352);
#1212=AXIS2_PLACEMENT_3D('',#3483,#1355,#1356);
#1213=AXIS2_PLACEMENT_3D('',#3574,#1359,#1360);
#1214=AXIS2_PLACEMENT_3D('',#3579,#1361,#1362);
#1215=AXIS2_PLACEMENT_3D('',#3581,#1363,#1364);
#1216=AXIS2_PLACEMENT_3D('',#3584,#1366,#1367);
#1217=AXIS2_PLACEMENT_3D('',#3588,#1369,#1370);
#1218=AXIS2_PLACEMENT_3D('',#3592,#1372,#1373);
#1219=AXIS2_PLACEMENT_3D('',#3596,#1375,#1376);
#1220=AXIS2_PLACEMENT_3D('',#3597,#1377,#1378);
#1221=AXIS2_PLACEMENT_3D('',#3600,#1379,#1380);
#1222=AXIS2_PLACEMENT_3D('',#3601,#1381,#1382);
#1223=AXIS2_PLACEMENT_3D('',#3602,#1383,#1384);
#1224=AXIS2_PLACEMENT_3D('',#3606,#1386,#1387);
#1225=AXIS2_PLACEMENT_3D('',#3608,#1388,#1389);
#1226=AXIS2_PLACEMENT_3D('',#3610,#1390,#1391);
#1227=AXIS2_PLACEMENT_3D('',#3612,#1392,#1393);
#1228=AXIS2_PLACEMENT_3D('',#3614,#1395,#1396);
#1229=AXIS2_PLACEMENT_3D('',#3617,#1397,#1398);
#1230=AXIS2_PLACEMENT_3D('',#3618,#1399,#1400);
#1231=AXIS2_PLACEMENT_3D('',#3620,#1402,#1403);
#1232=AXIS2_PLACEMENT_3D('',#3623,#1404,#1405);
#1233=AXIS2_PLACEMENT_3D('',#3624,#1406,#1407);
#1234=AXIS2_PLACEMENT_3D('',#3626,#1409,#1410);
#1235=AXIS2_PLACEMENT_3D('',#3627,#1411,#1412);
#1236=AXIS2_PLACEMENT_3D('',#3628,#1413,#1414);
#1237=AXIS2_PLACEMENT_3D('',#3648,#1425,#1426);
#1238=AXIS2_PLACEMENT_3D('',#3650,#1427,#1428);
#1239=AXIS2_PLACEMENT_3D('',#3652,#1429,#1430);
#1240=AXIS2_PLACEMENT_3D('',#3654,#1431,#1432);
#1241=AXIS2_PLACEMENT_3D('',#3656,#1434,#1435);
#1242=AXIS2_PLACEMENT_3D('',#3658,#1437,#1438);
#1243=AXIS2_PLACEMENT_3D('',#3663,#1441,#1442);
#1244=AXIS2_PLACEMENT_3D('',#3664,#1443,#1444);
#1245=AXIS2_PLACEMENT_3D('',#3899,#1445,#1446);
#1246=AXIS2_PLACEMENT_3D('',#3902,#1447,#1448);
#1247=AXIS2_PLACEMENT_3D('',#3905,#1450,#1451);
#1248=AXIS2_PLACEMENT_3D('',#3907,#1452,#1453);
#1249=AXIS2_PLACEMENT_3D('',#3910,#1455,#1456);
#1250=AXIS2_PLACEMENT_3D('',#4020,#1457,#1458);
#1251=AXIS2_PLACEMENT_3D('',#4091,#1459,#1460);
#1252=AXIS2_PLACEMENT_3D('',#4092,#1461,#1462);
#1253=AXIS2_PLACEMENT_3D('',#4098,#1466,#1467);
#1254=AXIS2_PLACEMENT_3D('',#4102,#1470,#1471);
#1255=AXIS2_PLACEMENT_3D('',#4110,#1476,#1477);
#1256=AXIS2_PLACEMENT_3D('',#4112,#1479,#1480);
#1257=AXIS2_PLACEMENT_3D('',#4114,#1482,#1483);
#1258=AXIS2_PLACEMENT_3D('',#4116,#1485,#1486);
#1259=AXIS2_PLACEMENT_3D('',#4117,#1487,#1488);
#1260=AXIS2_PLACEMENT_3D('',#4123,#1492,#1493);
#1261=AXIS2_PLACEMENT_3D('',#4127,#1496,#1497);
#1262=AXIS2_PLACEMENT_3D('',#4135,#1502,#1503);
#1263=AXIS2_PLACEMENT_3D('',#4137,#1505,#1506);
#1264=AXIS2_PLACEMENT_3D('',#4139,#1508,#1509);
#1265=AXIS2_PLACEMENT_3D('',#4141,#1511,#1512);
#1266=AXIS2_PLACEMENT_3D('',#4167,#1513,#1514);
#1267=AXIS2_PLACEMENT_3D('',#4168,#1515,#1516);
#1268=AXIS2_PLACEMENT_3D('',#4194,#1517,#1518);
#1269=AXIS2_PLACEMENT_3D('',#4195,#1519,#1520);
#1270=AXIS2_PLACEMENT_3D('',#4196,#1521,#1522);
#1271=AXIS2_PLACEMENT_3D('',#4198,#1523,#1524);
#1272=AXIS2_PLACEMENT_3D('',#4213,#1526,#1527);
#1273=AXIS2_PLACEMENT_3D('',#4339,#1528,#1529);
#1274=AXIS2_PLACEMENT_3D('',#4461,#1530,#1531);
#1275=DIRECTION('axis',(0.,0.,1.));
#1276=DIRECTION('refdir',(1.,0.,0.));
#1277=DIRECTION('center_axis',(0.,0.,1.));
#1278=DIRECTION('ref_axis',(1.,0.,0.));
#1279=DIRECTION('',(-1.,0.,0.));
#1280=DIRECTION('',(0.,1.,0.));
#1281=DIRECTION('',(0.999919157969013,-0.0127152477970776,0.));
#1282=DIRECTION('center_axis',(0.,0.,1.));
#1283=DIRECTION('ref_axis',(1.,-4.00885950845895E-31,-3.50695055808631E-15));
#1284=DIRECTION('',(0.998839092580518,-0.0481712272308653,0.));
#1285=DIRECTION('center_axis',(0.,0.,-1.));
#1286=DIRECTION('ref_axis',(-1.,0.,0.));
#1287=DIRECTION('center_axis',(0.,0.,-1.));
#1288=DIRECTION('ref_axis',(-1.,0.,0.));
#1289=DIRECTION('',(0.,1.,0.));
#1290=DIRECTION('',(0.,1.,0.));
#1291=DIRECTION('',(0.,1.,0.));
#1292=DIRECTION('center_axis',(0.,1.,0.));
#1293=DIRECTION('ref_axis',(0.121409366695364,0.,-0.992602521495201));
#1294=DIRECTION('center_axis',(0.,-1.,0.));
#1295=DIRECTION('ref_axis',(0.121409366695364,0.,-0.992602521495201));
#1296=DIRECTION('center_axis',(0.0127152477970776,0.999919157969013,0.));
#1297=DIRECTION('ref_axis',(0.999919157969012,-0.0127152477970776,4.96011011302522E-14));
#1298=DIRECTION('',(0.,1.,0.));
#1299=DIRECTION('',(0.,1.,0.));
#1300=DIRECTION('',(0.,1.,0.));
#1301=DIRECTION('',(0.,1.,0.));
#1302=DIRECTION('',(0.,1.,0.));
#1303=DIRECTION('center_axis',(0.,1.,0.));
#1304=DIRECTION('ref_axis',(0.121409366695364,0.,-0.992602521495201));
#1305=DIRECTION('center_axis',(0.,1.,0.));
#1306=DIRECTION('ref_axis',(0.121409366695364,0.,-0.992602521495201));
#1307=DIRECTION('center_axis',(-0.0127152477970776,-0.999919157969013,0.));
#1308=DIRECTION('ref_axis',(0.999919157969012,-0.0127152477970776,-9.18780630585227E-14));
#1309=DIRECTION('',(0.,1.,0.));
#1310=DIRECTION('',(0.,1.,0.));
#1311=DIRECTION('',(0.,1.,0.));
#1312=DIRECTION('',(0.,1.,0.));
#1313=DIRECTION('center_axis',(0.,1.,0.));
#1314=DIRECTION('ref_axis',(0.121409366695364,0.,-0.992602521495201));
#1315=DIRECTION('center_axis',(0.,-1.,0.));
#1316=DIRECTION('ref_axis',(0.121409366695364,0.,-0.992602521495201));
#1317=DIRECTION('center_axis',(0.0127152477970776,0.999919157969013,0.));
#1318=DIRECTION('ref_axis',(0.999919157969012,-0.0127152477970776,4.96011011302522E-14));
#1319=DIRECTION('',(0.,1.,0.));
#1320=DIRECTION('',(0.,1.,0.));
#1321=DIRECTION('',(0.,1.,0.));
#1322=DIRECTION('',(0.,1.,0.));
#1323=DIRECTION('',(0.,1.,0.));
#1324=DIRECTION('center_axis',(0.,1.,0.));
#1325=DIRECTION('ref_axis',(0.121409366695364,0.,-0.992602521495201));
#1326=DIRECTION('center_axis',(0.,1.,0.));
#1327=DIRECTION('ref_axis',(0.121409366695364,0.,-0.992602521495201));
#1328=DIRECTION('center_axis',(-0.0127152477970776,-0.999919157969013,0.));
#1329=DIRECTION('ref_axis',(0.999919157969012,-0.0127152477970776,-9.18780630585227E-14));
#1330=DIRECTION('',(0.,1.,0.));
#1331=DIRECTION('',(0.,1.,0.));
#1332=DIRECTION('center_axis',(0.,0.,1.));
#1333=DIRECTION('ref_axis',(1.,0.,0.));
#1334=DIRECTION('',(-1.,0.,0.));
#1335=DIRECTION('center_axis',(0.,0.,-1.));
#1336=DIRECTION('ref_axis',(-1.,0.,0.));
#1337=DIRECTION('',(0.,-1.,0.));
#1338=DIRECTION('',(0.998839092580518,-0.0481712272308653,0.));
#1339=DIRECTION('center_axis',(0.,0.,1.));
#1340=DIRECTION('ref_axis',(-1.,3.95403276272109E-31,3.40889437471876E-15));
#1341=DIRECTION('',(0.999919157969013,-0.0127152477970776,0.));
#1342=DIRECTION('',(-3.50695055808631E-15,1.9611236673509E-16,-1.));
#1343=DIRECTION('center_axis',(-9.18625257090466E-12,3.29521426529909E-13,
1.));
#1344=DIRECTION('ref_axis',(-0.999458409828222,0.0329072488008487,-9.19211926130757E-12));
#1345=DIRECTION('',(-3.50695055808631E-15,1.9611236673509E-16,-1.));
#1346=DIRECTION('center_axis',(3.50695055808631E-15,-1.9611236673509E-16,
1.));
#1347=DIRECTION('ref_axis',(-0.723053640054616,-0.69079188877966,2.40024053428589E-15));
#1348=DIRECTION('',(3.50887697874439E-15,-4.46198474332848E-17,1.));
#1349=DIRECTION('center_axis',(0.,0.,1.));
#1350=DIRECTION('ref_axis',(-1.,-5.75928194024299E-14,0.));
#1351=DIRECTION('center_axis',(0.0127152477970776,0.999919157969013,0.));
#1352=DIRECTION('ref_axis',(-0.999919157969013,0.0127152477970776,0.));
#1353=DIRECTION('',(-3.41068997734333E-15,4.33712744428419E-17,-1.));
#1354=DIRECTION('',(-0.999919157969012,0.0127152477970776,0.));
#1355=DIRECTION('center_axis',(-3.40889437471876E-15,1.84576345162437E-16,
-1.));
#1356=DIRECTION('ref_axis',(-1.,3.95403276272109E-31,3.40889437471876E-15));
#1357=DIRECTION('',(3.40889437471876E-15,-1.84576345162437E-16,1.));
#1358=DIRECTION('',(3.40889437471876E-15,-1.84576345162437E-16,1.));
#1359=DIRECTION('center_axis',(0.,0.,1.));
#1360=DIRECTION('ref_axis',(-0.999023668873608,0.0441781510513506,0.));
#1361=DIRECTION('center_axis',(-0.0481712272308653,-0.998839092580518,0.));
#1362=DIRECTION('ref_axis',(0.998839092580518,-0.0481712272308653,0.));
#1363=DIRECTION('center_axis',(-0.0481712270095452,-0.998839092591192,1.29524093101791E-9));
#1364=DIRECTION('ref_axis',(-5.91242610425949E-11,-1.2938947691054E-9,-1.));
#1365=DIRECTION('',(0.998839092580518,-0.0481712272308653,0.));
#1366=DIRECTION('center_axis',(-0.0481712262749295,-0.99883909262662,9.91951641856331E-10));
#1367=DIRECTION('ref_axis',(0.99883909262662,-0.0481712262749296,2.34674502058689E-11));
#1368=DIRECTION('',(0.,0.,-1.));
#1369=DIRECTION('center_axis',(0.0481712272308647,0.998839092580518,5.40134259327097E-16));
#1370=DIRECTION('ref_axis',(0.998839092580518,-0.0481712272308647,1.00770162892265E-12));
#1371=DIRECTION('',(-0.998839092580518,0.0481712272308653,0.));
#1372=DIRECTION('center_axis',(0.0481712272309259,0.998839092580515,6.82553365956401E-14));
#1373=DIRECTION('ref_axis',(0.998304964133813,-0.0481454677037252,0.0326988153512636));
#1374=DIRECTION('',(0.,0.,-1.));
#1375=DIRECTION('center_axis',(0.0481712272308653,0.998839092580518,0.));
#1376=DIRECTION('ref_axis',(-0.998839092580518,0.0481712272308653,0.));
#1377=DIRECTION('center_axis',(0.0481712272308653,0.998839092580518,0.));
#1378=DIRECTION('ref_axis',(-0.998839092580518,0.0481712272308653,0.));
#1379=DIRECTION('center_axis',(0.0481712272308653,0.998839092580518,0.));
#1380=DIRECTION('ref_axis',(-0.998839092580518,0.0481712272308653,0.));
#1381=DIRECTION('center_axis',(0.0481712272308653,0.998839092580518,0.));
#1382=DIRECTION('ref_axis',(-0.998839092580518,0.0481712272308653,0.));
#1383=DIRECTION('center_axis',(0.,0.,-1.));
#1384=DIRECTION('ref_axis',(-1.,0.,0.));
#1385=DIRECTION('',(0.,0.,-1.));
#1386=DIRECTION('center_axis',(0.,0.,1.));
#1387=DIRECTION('ref_axis',(1.,0.,0.));
#1388=DIRECTION('center_axis',(0.,0.,1.));
#1389=DIRECTION('ref_axis',(1.,0.,0.));
#1390=DIRECTION('center_axis',(-0.865020028467614,0.041717506514463,-0.500000000000104));
#1391=DIRECTION('ref_axis',(0.499419546291586,-0.0240856135900759,-0.866025403784379));
#1392=DIRECTION('center_axis',(-0.865020028467449,0.0417175065180391,0.500000000000091));
#1393=DIRECTION('ref_axis',(0.499419546290359,-0.0240856136152434,0.866025403784386));
#1394=DIRECTION('',(0.,0.,-1.));
#1395=DIRECTION('center_axis',(0.0481712272308653,0.998839092580518,0.));
#1396=DIRECTION('ref_axis',(-0.998839092580518,0.0481712272308653,0.));
#1397=DIRECTION('center_axis',(0.,1.,0.));
#1398=DIRECTION('ref_axis',(1.,0.,-5.77201345445303E-12));
#1399=DIRECTION('center_axis',(0.,1.,0.));
#1400=DIRECTION('ref_axis',(1.,0.,-5.77201345445303E-12));
#1401=DIRECTION('',(0.0481712272308653,0.998839092580518,0.));
#1402=DIRECTION('center_axis',(0.0481712272308653,0.998839092580518,0.));
#1403=DIRECTION('ref_axis',(-0.998839092580518,0.0481712272308653,0.));
#1404=DIRECTION('center_axis',(0.,1.,0.));
#1405=DIRECTION('ref_axis',(1.,0.,-1.28266965656619E-13));
#1406=DIRECTION('center_axis',(0.,1.,0.));
#1407=DIRECTION('ref_axis',(1.,0.,-1.28266965656619E-13));
#1408=DIRECTION('',(0.0481712272308653,0.998839092580518,0.));
#1409=DIRECTION('center_axis',(0.,0.,-1.));
#1410=DIRECTION('ref_axis',(-1.,0.,0.));
#1411=DIRECTION('center_axis',(0.,0.,1.));
#1412=DIRECTION('ref_axis',(1.,0.,0.));
#1413=DIRECTION('center_axis',(0.,1.,0.));
#1414=DIRECTION('ref_axis',(0.,0.,1.));
#1415=DIRECTION('',(-0.50043565631594,0.,-0.865773731345341));
#1416=DIRECTION('',(-1.,0.,9.00342330343863E-15));
#1417=DIRECTION('',(-0.500435656315926,0.,0.865773731345349));
#1418=DIRECTION('',(0.50043565631594,0.,0.865773731345341));
#1419=DIRECTION('',(1.,0.,0.));
#1420=DIRECTION('',(0.500435656315924,0.,-0.86577373134535));
#1421=DIRECTION('',(-0.50043565631594,0.,-0.865773731345341));
#1422=DIRECTION('',(-1.,0.,9.0034233034386E-15));
#1423=DIRECTION('',(-0.500435656315938,0.,0.865773731345342));
#1424=DIRECTION('',(0.,0.,-1.));
#1425=DIRECTION('center_axis',(0.,0.,-1.));
#1426=DIRECTION('ref_axis',(-1.,0.,0.));
#1427=DIRECTION('center_axis',(0.865020028467047,-0.0417175065461141,0.499999999998444));
#1428=DIRECTION('ref_axis',(0.499419546288043,-0.0240856136290685,-0.866025403785337));
#1429=DIRECTION('center_axis',(0.86502002846772,-0.0417175065127839,-0.500000000000061));
#1430=DIRECTION('ref_axis',(0.499419546290351,-0.0240856136147816,0.866025403784404));
#1431=DIRECTION('center_axis',(0.,0.,1.));
#1432=DIRECTION('ref_axis',(1.,0.,0.));
#1433=DIRECTION('',(0.,0.,-1.));
#1434=DIRECTION('center_axis',(-1.,0.,0.));
#1435=DIRECTION('ref_axis',(0.,0.,1.));
#1436=DIRECTION('',(0.,1.,0.));
#1437=DIRECTION('center_axis',(0.,0.,1.));
#1438=DIRECTION('ref_axis',(1.,0.,0.));
#1439=DIRECTION('',(0.,-1.,0.));
#1440=DIRECTION('',(-1.,0.,0.));
#1441=DIRECTION('center_axis',(0.,0.,-1.));
#1442=DIRECTION('ref_axis',(1.,0.,0.));
#1443=DIRECTION('center_axis',(0.,0.,1.));
#1444=DIRECTION('ref_axis',(1.,0.,0.));
#1445=DIRECTION('center_axis',(1.,0.,0.));
#1446=DIRECTION('ref_axis',(0.,0.,-1.));
#1447=DIRECTION('center_axis',(-0.86502002846788,0.0417175065119271,0.499999999999856));
#1448=DIRECTION('ref_axis',(0.501737332026857,0.0719230489028411,0.862024781944864));
#1449=DIRECTION('',(1.,0.,0.));
#1450=DIRECTION('center_axis',(0.865020028467756,-0.041717506515413,0.499999999999779));
#1451=DIRECTION('ref_axis',(0.50173733202707,0.0719230489109424,-0.862024781944065));
#1452=DIRECTION('center_axis',(-0.865020028467726,0.0417175065132864,0.500000000000009));
#1453=DIRECTION('ref_axis',(0.501737332027123,0.0719230489060199,0.862024781944444));
#1454=DIRECTION('',(1.,0.,0.));
#1455=DIRECTION('center_axis',(0.865020028467892,-0.0417175065154337,0.499999999999542));
#1456=DIRECTION('ref_axis',(0.501737332026836,0.0719230489132311,-0.86202478194401));
#1457=DIRECTION('center_axis',(-0.865014885511139,0.0418084378294699,0.500001302368715));
#1458=DIRECTION('ref_axis',(0.241071096346104,-0.839333425993122,0.487241343193634));
#1459=DIRECTION('center_axis',(0.,1.,0.));
#1460=DIRECTION('ref_axis',(0.,0.,1.));
#1461=DIRECTION('center_axis',(-0.865020028467721,0.0417175065134018,0.500000000000008));
#1462=DIRECTION('ref_axis',(0.50043565631594,3.46944695195361E-18,0.865773731345341));
#1463=DIRECTION('',(-0.0481712272308653,-0.998839092580518,0.));
#1464=DIRECTION('',(-0.50043565631594,0.,-0.865773731345341));
#1465=DIRECTION('',(-0.0481712272308653,-0.998839092580518,0.));
#1466=DIRECTION('center_axis',(-0.86502002846773,0.0417175065134023,-0.499999999999992));
#1467=DIRECTION('ref_axis',(-0.500435656315925,0.,0.86577373134535));
#1468=DIRECTION('',(-0.0481712272308653,-0.998839092580518,0.));
#1469=DIRECTION('',(0.500435656315925,0.,-0.86577373134535));
#1470=DIRECTION('center_axis',(0.,-1.,0.));
#1471=DIRECTION('ref_axis',(0.,0.,-1.));
#1472=DIRECTION('',(-1.,0.,9.00342330343863E-15));
#1473=DIRECTION('',(1.,0.,-8.46750524966252E-15));
#1474=DIRECTION('',(0.50043565631594,0.,0.865773731345341));
#1475=DIRECTION('',(-0.500435656315926,0.,0.865773731345349));
#1476=DIRECTION('center_axis',(9.00342330343863E-15,-4.34210027448088E-16,
1.));
#1477=DIRECTION('ref_axis',(1.,0.,-9.00342330343863E-15));
#1478=DIRECTION('',(-0.0481712272308653,-0.998839092580518,0.));
#1479=DIRECTION('center_axis',(0.865020028467729,-0.0417175065134022,0.499999999999993));
#1480=DIRECTION('ref_axis',(0.500435656315926,0.,-0.865773731345349));
#1481=DIRECTION('',(-0.0481712272308653,-0.998839092580518,0.));
#1482=DIRECTION('center_axis',(0.865020028467721,-0.0417175065134019,-0.500000000000008));
#1483=DIRECTION('ref_axis',(-0.50043565631594,0.,-0.865773731345341));
#1484=DIRECTION('',(-0.0481712272308653,-0.998839092580518,0.));
#1485=DIRECTION('center_axis',(-8.46750524966252E-15,4.0836419248094E-16,
-1.));
#1486=DIRECTION('ref_axis',(-1.,0.,8.46750524966252E-15));
#1487=DIRECTION('center_axis',(0.865020028467722,-0.0417175065134019,0.500000000000006));
#1488=DIRECTION('ref_axis',(0.500435656315938,0.,-0.865773731345342));
#1489=DIRECTION('',(-0.0481712272308653,-0.998839092580518,0.));
#1490=DIRECTION('',(-0.500435656315938,0.,0.865773731345342));
#1491=DIRECTION('',(-0.0481712272308653,-0.998839092580518,0.));
#1492=DIRECTION('center_axis',(0.865020028467727,-0.0417175065134022,-0.499999999999996));
#1493=DIRECTION('ref_axis',(-0.500435656315929,0.,-0.865773731345347));
#1494=DIRECTION('',(0.500435656315929,0.,0.865773731345347));
#1495=DIRECTION('',(-0.0481712272308653,-0.998839092580518,0.));
#1496=DIRECTION('center_axis',(0.,-1.,0.));
#1497=DIRECTION('ref_axis',(0.,0.,-1.));
#1498=DIRECTION('',(-1.,0.,9.0034233034386E-15));
#1499=DIRECTION('',(-0.50043565631594,0.,-0.865773731345341));
#1500=DIRECTION('',(0.500435656315924,0.,-0.86577373134535));
#1501=DIRECTION('',(1.,0.,-8.46750524966249E-15));
#1502=DIRECTION('center_axis',(-8.46750524966249E-15,4.08364192480939E-16,
-1.));
#1503=DIRECTION('ref_axis',(-1.,0.,8.46750524966249E-15));
#1504=DIRECTION('',(-0.0481712272308653,-0.998839092580518,0.));
#1505=DIRECTION('center_axis',(-0.86502002846773,0.0417175065134023,-0.499999999999992));
#1506=DIRECTION('ref_axis',(-0.500435656315924,0.,0.86577373134535));
#1507=DIRECTION('',(-0.0481712272308653,-0.998839092580518,0.));
#1508=DIRECTION('center_axis',(-0.865020028467721,0.0417175065134019,0.500000000000007));
#1509=DIRECTION('ref_axis',(0.50043565631594,3.46944695195361E-18,0.865773731345341));
#1510=DIRECTION('',(-0.0481712272308653,-0.998839092580518,0.));
#1511=DIRECTION('center_axis',(9.0034233034386E-15,-4.34210027448087E-16,
1.));
#1512=DIRECTION('ref_axis',(1.,0.,-9.0034233034386E-15));
#1513=DIRECTION('center_axis',(-9.26555070509014E-11,4.16212020811839E-12,
1.));
#1514=DIRECTION('ref_axis',(-0.99902366817414,0.0441781668687716,-9.27489203326936E-11));
#1515=DIRECTION('center_axis',(-0.044179086005718,-0.999023627527878,8.60062680806556E-7));
#1516=DIRECTION('ref_axis',(0.999023627528247,-0.0441790860057352,-1.00588337558033E-9));
#1517=DIRECTION('center_axis',(-0.0329074015573366,-0.999458404798691,3.41894625040207E-8));
#1518=DIRECTION('ref_axis',(4.92661908278466E-9,-3.43701993668399E-8,-0.999999999999999));
#1519=DIRECTION('center_axis',(0.,0.,1.));
#1520=DIRECTION('ref_axis',(-0.999458410177107,0.0329072382045196,0.));
#1521=DIRECTION('center_axis',(0.,0.,-1.));
#1522=DIRECTION('ref_axis',(-1.,0.,0.));
#1523=DIRECTION('center_axis',(0.,0.,1.));
#1524=DIRECTION('ref_axis',(-1.,1.94289029309402E-14,0.));
#1525=DIRECTION('',(0.999919157969012,-0.0127152477970776,0.));
#1526=DIRECTION('center_axis',(0.0436698530924215,0.998565894557097,-0.0309693099417892));
#1527=DIRECTION('ref_axis',(-0.999045100644108,0.0436908100062665,3.46944695195361E-18));
#1528=DIRECTION('center_axis',(-0.999919157969013,0.0127152477970776,0.));
#1529=DIRECTION('ref_axis',(-0.0127152477970776,-0.999919157969013,0.));
#1530=DIRECTION('center_axis',(-0.0127152477970655,-0.999919157969013,0.));
#1531=DIRECTION('ref_axis',(-0.999919157969013,0.0127152477970655,0.));
#1532=CARTESIAN_POINT('',(0.,0.,0.));
#1533=CARTESIAN_POINT('Origin',(-114.802098840197,-0.00100000129802602,
149.170592709036));
#1534=CARTESIAN_POINT('',(-98.1242561776001,0.,149.170592709036));
#1535=CARTESIAN_POINT('',(-112.764312078722,0.,149.170592709036));
#1536=CARTESIAN_POINT('',(-58.4010494200987,0.,149.170592709036));
#1537=CARTESIAN_POINT('',(-98.1242561776001,3.51986245321166,149.170592709036));
#1538=CARTESIAN_POINT('',(-98.1242561776001,-0.00100000129802602,149.170592709036));
#1539=CARTESIAN_POINT('',(-100.276640427924,3.54723276498064,149.170592709036));
#1540=CARTESIAN_POINT('',(-108.790784664095,3.65550097134531,149.170592709036));
#1541=CARTESIAN_POINT('',(-105.210356207948,8.71136571397007,149.170592709036));
#1542=CARTESIAN_POINT('Origin',(-100.213064188938,8.54682855482571,149.170592709036));
#1543=CARTESIAN_POINT('',(-105.053941035747,12.5664589549222,149.170592709036));
#1544=CARTESIAN_POINT('Ctrl Pts',(-105.053941035747,12.5664589549222,149.170592709037));
#1545=CARTESIAN_POINT('Ctrl Pts',(-105.084917648171,11.9241533006522,149.170592709037));
#1546=CARTESIAN_POINT('Ctrl Pts',(-105.113440952361,11.2817289817578,149.170592709037));
#1547=CARTESIAN_POINT('Ctrl Pts',(-105.165579667165,9.99668563221173,149.170592709037));
#1548=CARTESIAN_POINT('Ctrl Pts',(-105.189195134538,9.35406590289572,149.170592709037));
#1549=CARTESIAN_POINT('Ctrl Pts',(-105.210356207948,8.71136571397006,149.170592709037));
#1550=CARTESIAN_POINT('',(-114.043492868972,13.,149.170592709036));
#1551=CARTESIAN_POINT('',(-114.109142154967,13.0031660822015,149.170592709036));
#1552=CARTESIAN_POINT('',(-114.763997583397,2.0354666377653,149.170592709036));
#1553=CARTESIAN_POINT('Origin',(0.,0.,149.170592709036));
#1554=CARTESIAN_POINT('Origin',(-112.764312078722,2.,149.170592709036));
#1555=CARTESIAN_POINT('Ctrl Pts',(-22.7697194986754,-0.00100000129802602,
149.815998102716));
#1556=CARTESIAN_POINT('Ctrl Pts',(-22.7697194986754,13.003216444966,149.815998102716));
#1557=CARTESIAN_POINT('Ctrl Pts',(-20.8718424076902,-0.00100000129802602,
149.170592709036));
#1558=CARTESIAN_POINT('Ctrl Pts',(-20.8718424076902,13.003216444966,149.170592709036));
#1559=CARTESIAN_POINT('Ctrl Pts',(-17.2170240400634,-0.00100000129802602,
149.170592709036));
#1560=CARTESIAN_POINT('Ctrl Pts',(-17.2170240400634,13.003216444966,149.170592709036));
#1561=CARTESIAN_POINT('',(-17.2170240400634,0.,149.170592709036));
#1562=CARTESIAN_POINT('',(-22.7697194986754,0.,149.815998102716));
#1563=CARTESIAN_POINT('Ctrl Pts',(-17.2170240400634,0.,149.170592709036));
#1564=CARTESIAN_POINT('Ctrl Pts',(-19.6535696184812,0.,149.170592709036));
#1565=CARTESIAN_POINT('Ctrl Pts',(-21.5044681046852,0.,149.385727840263));
#1566=CARTESIAN_POINT('Ctrl Pts',(-22.7697194986754,0.,149.815998102716));
#1567=CARTESIAN_POINT('',(-17.2170240400634,2.49102377459886,149.170592709036));
#1568=CARTESIAN_POINT('',(-17.2170240400634,-0.00100000129802602,149.170592709036));
#1569=CARTESIAN_POINT('',(-22.7697194986754,2.56163338152085,149.815998102716));
#1570=CARTESIAN_POINT('Ctrl Pts',(-22.7697194986754,2.56163338152085,149.815998102716));
#1571=CARTESIAN_POINT('Ctrl Pts',(-22.6067316243108,2.55956078275729,149.760571303099));
#1572=CARTESIAN_POINT('Ctrl Pts',(-22.4384937771353,2.55742102653157,149.710237140837));
#1573=CARTESIAN_POINT('Ctrl Pts',(-22.2669445745241,2.55523931216791,149.664503647772));
#1574=CARTESIAN_POINT('Ctrl Pts',(-22.0594341785742,2.55260025349225,149.609183220107));
#1575=CARTESIAN_POINT('Ctrl Pts',(-21.8470793517112,2.54989980186448,149.56059420242));
#1576=CARTESIAN_POINT('Ctrl Pts',(-21.633385737983,2.54718255805498,149.517838502694));
#1577=CARTESIAN_POINT('Ctrl Pts',(-21.3989394548792,2.54420143147702,149.470930620389));
#1578=CARTESIAN_POINT('Ctrl Pts',(-21.1628868832268,2.54120009283144,149.431042172545));
#1579=CARTESIAN_POINT('Ctrl Pts',(-20.9298905703576,2.53823743974364,149.396974999902));
#1580=CARTESIAN_POINT('Ctrl Pts',(-20.7619812405683,2.53610239696874,149.372424413433));
#1581=CARTESIAN_POINT('Ctrl Pts',(-20.5956603008636,2.53398744514151,149.350896622827));
#1582=CARTESIAN_POINT('Ctrl Pts',(-20.432655213012,2.53191462748651,149.331949651164));
#1583=CARTESIAN_POINT('Ctrl Pts',(-20.1570608046691,2.52841009297925,149.29991580784));
#1584=CARTESIAN_POINT('Ctrl Pts',(-19.8761539106862,2.52483772818851,149.273545515027));
#1585=CARTESIAN_POINT('Ctrl Pts',(-19.5926194512006,2.52123210132503,149.252088216888));
#1586=CARTESIAN_POINT('Ctrl Pts',(-19.212458484503,2.5163977027251,149.223318425666));
#1587=CARTESIAN_POINT('Ctrl Pts',(-18.827575135023,2.51150350805287,149.203380387382));
#1588=CARTESIAN_POINT('Ctrl Pts',(-18.4445356380237,2.50663283973796,149.190430241303));
#1589=CARTESIAN_POINT('Ctrl Pts',(-18.100634977146,2.5022598545353,149.178803336428));
#1590=CARTESIAN_POINT('Ctrl Pts',(-17.7582264254081,2.49790583349187,149.172807105807));
#1591=CARTESIAN_POINT('Ctrl Pts',(-17.4220610619573,2.49363107840837,149.171107489256));
#1592=CARTESIAN_POINT('Ctrl Pts',(-17.3534420504033,2.49275850347842,149.170760558785));
#1593=CARTESIAN_POINT('Ctrl Pts',(-17.2850830116692,2.49188923125292,149.170592709036));
#1594=CARTESIAN_POINT('Ctrl Pts',(-17.2170240400634,2.49102377459886,149.170592709036));
#1595=CARTESIAN_POINT('',(-22.7697194986754,-0.00100000129802602,149.815998102716));
#1596=CARTESIAN_POINT('Ctrl Pts',(-26.4011148675777,-0.00100000129802602,
160.480214690209));
#1597=CARTESIAN_POINT('Ctrl Pts',(-26.4011148675777,13.003216444966,160.480214690209));
#1598=CARTESIAN_POINT('Ctrl Pts',(-20.0633026481221,-0.00100000129802602,
159.681531847625));
#1599=CARTESIAN_POINT('Ctrl Pts',(-20.0633026481221,13.003216444966,159.681531847625));
#1600=CARTESIAN_POINT('Ctrl Pts',(-24.6710278076755,-0.00100000129802602,
155.529960090256));
#1601=CARTESIAN_POINT('Ctrl Pts',(-24.6710278076755,13.003216444966,155.529960090256));
#1602=CARTESIAN_POINT('Ctrl Pts',(-26.1256761387127,-0.00100000129802602,
152.001476950913));
#1603=CARTESIAN_POINT('Ctrl Pts',(-26.1256761387127,13.003216444966,152.001476950913));
#1604=CARTESIAN_POINT('Ctrl Pts',(-22.7697194986754,-0.00100000129802602,
149.815998102716));
#1605=CARTESIAN_POINT('Ctrl Pts',(-22.7697194986754,13.003216444966,149.815998102716));
#1606=CARTESIAN_POINT('',(-26.4011148675777,0.,160.48021469021));
#1607=CARTESIAN_POINT('Ctrl Pts',(-22.7697194986754,0.,149.815998102716));
#1608=CARTESIAN_POINT('Ctrl Pts',(-22.9116897869997,0.,149.908452533892));
#1609=CARTESIAN_POINT('Ctrl Pts',(-23.0439705418932,0.,150.003611974548));
#1610=CARTESIAN_POINT('Ctrl Pts',(-23.1667987403057,0.,150.101377850685));
#1611=CARTESIAN_POINT('Ctrl Pts',(-23.2896269387183,0.,150.199143726822));
#1612=CARTESIAN_POINT('Ctrl Pts',(-23.40300258065,0.,150.299516038441));
#1613=CARTESIAN_POINT('Ctrl Pts',(-23.5072130729187,0.,150.402383013115));
#1614=CARTESIAN_POINT('Ctrl Pts',(-23.6114235651875,0.,150.50524998779));
#1615=CARTESIAN_POINT('Ctrl Pts',(-23.7064689077933,0.,150.61061162552));
#1616=CARTESIAN_POINT('Ctrl Pts',(-23.7926869374225,0.,150.718342955453));
#1617=CARTESIAN_POINT('Ctrl Pts',(-23.8789049670517,0.,150.826074285386));
#1618=CARTESIAN_POINT('Ctrl Pts',(-23.9562956837043,0.,150.936175307522));
#1619=CARTESIAN_POINT('Ctrl Pts',(-24.0252473539344,0.,151.04850785258));
#1620=CARTESIAN_POINT('Ctrl Pts',(-24.0941990241646,0.,151.160840397638));
#1621=CARTESIAN_POINT('Ctrl Pts',(-24.1547116479724,0.,151.275404465618));
#1622=CARTESIAN_POINT('Ctrl Pts',(-24.2072239217804,0.,151.392048688813));
#1623=CARTESIAN_POINT('Ctrl Pts',(-24.2597361955884,0.,151.508692912007));
#1624=CARTESIAN_POINT('Ctrl Pts',(-24.3042481193966,0.,151.627417290417));
#1625=CARTESIAN_POINT('Ctrl Pts',(-24.3412488194957,0.,151.748057257905));
#1626=CARTESIAN_POINT('Ctrl Pts',(-24.3782495195947,0.,151.868697225394));
#1627=CARTESIAN_POINT('Ctrl Pts',(-24.4077389959846,0.,151.991252781962));
#1628=CARTESIAN_POINT('Ctrl Pts',(-24.4302568048242,0.,152.115546163048));
#1629=CARTESIAN_POINT('Ctrl Pts',(-24.4527746136638,0.,152.239839544133));
#1630=CARTESIAN_POINT('Ctrl Pts',(-24.4683207549532,2.18761313619983E-19,
152.365870749735));
#1631=CARTESIAN_POINT('Ctrl Pts',(-24.4774852147192,2.16840434497101E-19,
152.493448816865));
#1632=CARTESIAN_POINT('Ctrl Pts',(-24.4866496744853,2.1491955537422E-19,
152.621026883995));
#1633=CARTESIAN_POINT('Ctrl Pts',(-24.489432452728,0.,152.750151812652));
#1634=CARTESIAN_POINT('Ctrl Pts',(-24.4864739653427,0.,152.88061944142));
#1635=CARTESIAN_POINT('Ctrl Pts',(-24.4835154779573,0.,153.011087070187));
#1636=CARTESIAN_POINT('Ctrl Pts',(-24.4748157249437,0.,153.142897399065));
#1637=CARTESIAN_POINT('Ctrl Pts',(-24.4610655520654,0.,153.275833068209));
#1638=CARTESIAN_POINT('Ctrl Pts',(-24.4473153791871,0.,153.408768737353));
#1639=CARTESIAN_POINT('Ctrl Pts',(-24.4285147864439,0.,153.542829746763));
#1640=CARTESIAN_POINT('Ctrl Pts',(-24.4054050494674,0.,153.677785538167));
#1641=CARTESIAN_POINT('Ctrl Pts',(-24.3822953124909,0.,153.812741329571));
#1642=CARTESIAN_POINT('Ctrl Pts',(-24.3548764312811,0.,153.948591902969));
#1643=CARTESIAN_POINT('Ctrl Pts',(-24.3239401113375,0.,154.085093501663));
#1644=CARTESIAN_POINT('Ctrl Pts',(-24.293003791394,0.,154.221595100356));
#1645=CARTESIAN_POINT('Ctrl Pts',(-24.2585500327168,0.,154.358747724345));
#1646=CARTESIAN_POINT('Ctrl Pts',(-24.2214209706736,0.,154.496294418503));
#1647=CARTESIAN_POINT('Ctrl Pts',(-24.1842919086305,0.,154.63384111266));
#1648=CARTESIAN_POINT('Ctrl Pts',(-24.1444875432215,0.,154.771781876987));
#1649=CARTESIAN_POINT('Ctrl Pts',(-24.1029004396825,0.,154.909846557928));
#1650=CARTESIAN_POINT('Ctrl Pts',(-24.0613133361435,0.,155.04791123887));
#1651=CARTESIAN_POINT('Ctrl Pts',(-24.0179434944746,0.,155.186099836427));
#1652=CARTESIAN_POINT('Ctrl Pts',(-23.9737339097798,0.,155.324128998618));
#1653=CARTESIAN_POINT('Ctrl Pts',(-23.9280932479131,0.,155.466626205113));
#1654=CARTESIAN_POINT('Ctrl Pts',(-23.8815573029897,0.,155.608953564361));
#1655=CARTESIAN_POINT('Ctrl Pts',(-23.8352200269576,0.,155.750784550373));
#1656=CARTESIAN_POINT('Ctrl Pts',(-23.7903356706515,0.,155.888168381633));
#1657=CARTESIAN_POINT('Ctrl Pts',(-23.7456379963844,0.,156.025086407161));
#1658=CARTESIAN_POINT('Ctrl Pts',(-23.7021724914263,0.,156.161228450886));
#1659=CARTESIAN_POINT('Ctrl Pts',(-23.6587069864681,0.,156.297370494611));
#1660=CARTESIAN_POINT('Ctrl Pts',(-23.6164736508189,0.,156.432736556533));
#1661=CARTESIAN_POINT('Ctrl Pts',(-23.5765684016167,0.,156.567003262151));
#1662=CARTESIAN_POINT('Ctrl Pts',(-23.5366631524145,0.,156.701269967769));
#1663=CARTESIAN_POINT('Ctrl Pts',(-23.4990859896594,0.,156.834437317084));
#1664=CARTESIAN_POINT('Ctrl Pts',(-23.4649832603578,0.,156.966168737168));
#1665=CARTESIAN_POINT('Ctrl Pts',(-23.4308805310561,0.,157.097900157252));
#1666=CARTESIAN_POINT('Ctrl Pts',(-23.4002522352078,0.,157.228195648105));
#1667=CARTESIAN_POINT('Ctrl Pts',(-23.3742951496875,0.,157.356705438373));
#1668=CARTESIAN_POINT('Ctrl Pts',(-23.3483380641671,0.,157.485215228641));
#1669=CARTESIAN_POINT('Ctrl Pts',(-23.3270521889746,0.,157.611939318324));
#1670=CARTESIAN_POINT('Ctrl Pts',(-23.3116847308527,0.,157.73651473764));
#1671=CARTESIAN_POINT('Ctrl Pts',(-23.2963172727307,0.,157.861090156955));
#1672=CARTESIAN_POINT('Ctrl Pts',(-23.2868682316793,0.,157.983516905904));
#1673=CARTESIAN_POINT('Ctrl Pts',(-23.2846352443092,0.,158.103418816276));
#1674=CARTESIAN_POINT('Ctrl Pts',(-23.2824022569392,0.,158.223320726648));
#1675=CARTESIAN_POINT('Ctrl Pts',(-23.2873853232505,0.,158.340697798443));
#1676=CARTESIAN_POINT('Ctrl Pts',(-23.3009325097221,0.,158.455160665026));
#1677=CARTESIAN_POINT('Ctrl Pts',(-23.3144796961937,0.,158.569623531608));
#1678=CARTESIAN_POINT('Ctrl Pts',(-23.3365910028256,0.,158.681172192977));
#1679=CARTESIAN_POINT('Ctrl Pts',(-23.368664925965,0.,158.78940408407));
#1680=CARTESIAN_POINT('Ctrl Pts',(-23.4007388491043,0.,158.897635975162));
#1681=CARTESIAN_POINT('Ctrl Pts',(-23.4427753887511,0.,159.002551095978));
#1682=CARTESIAN_POINT('Ctrl Pts',(-23.4962234711206,0.,159.103733683025));
#1683=CARTESIAN_POINT('Ctrl Pts',(-23.5496715534901,0.,159.204916270072));
#1684=CARTESIAN_POINT('Ctrl Pts',(-23.6145311785822,0.,159.302366323351));
#1685=CARTESIAN_POINT('Ctrl Pts',(-23.6923017024806,0.,159.395654880943));
#1686=CARTESIAN_POINT('Ctrl Pts',(-23.7700722263789,0.,159.488943438536));
#1687=CARTESIAN_POINT('Ctrl Pts',(-23.8607536490834,0.,159.578070500441));
#1688=CARTESIAN_POINT('Ctrl Pts',(-23.9658957565457,0.,159.662593906314));
#1689=CARTESIAN_POINT('Ctrl Pts',(-24.0710378640078,0.,159.747117312187));
#1690=CARTESIAN_POINT('Ctrl Pts',(-24.1906406562276,0.,159.827037062027));
#1691=CARTESIAN_POINT('Ctrl Pts',(-24.3263043490249,0.,159.901897797062));
#1692=CARTESIAN_POINT('Ctrl Pts',(-24.4619680418223,0.,159.976758532096));
#1693=CARTESIAN_POINT('Ctrl Pts',(-24.6136926351973,0.,160.046560252325));
#1694=CARTESIAN_POINT('Ctrl Pts',(-24.7831287748376,0.,160.110834400547));
#1695=CARTESIAN_POINT('Ctrl Pts',(-24.952564914478,0.,160.175108548769));
#1696=CARTESIAN_POINT('Ctrl Pts',(-25.1397126003839,0.,160.233855124985));
#1697=CARTESIAN_POINT('Ctrl Pts',(-25.3462729081112,0.,160.286592373566));
#1698=CARTESIAN_POINT('Ctrl Pts',(-25.5528332158386,0.,160.339329622148));
#1699=CARTESIAN_POINT('Ctrl Pts',(-25.7788061453874,0.,160.386057543095));
#1700=CARTESIAN_POINT('Ctrl Pts',(-26.0259432021821,0.,160.426281182353));
#1701=CARTESIAN_POINT('Ctrl Pts',(-26.1459416830851,0.,160.445811946658));
#1702=CARTESIAN_POINT('Ctrl Pts',(-26.2709306405464,0.,160.463809043449));
#1703=CARTESIAN_POINT('Ctrl Pts',(-26.4011148675777,0.,160.480214690209));
#1704=CARTESIAN_POINT('',(-26.4011148675777,2.60781120659477,160.48021469021));
#1705=CARTESIAN_POINT('Ctrl Pts',(-26.4011148675777,2.60781120659477,160.480214690209));
#1706=CARTESIAN_POINT('Ctrl Pts',(-26.2051917272679,2.60531979390569,160.455524711205));
#1707=CARTESIAN_POINT('Ctrl Pts',(-26.0210421276748,2.60297739244242,160.427232713251));
#1708=CARTESIAN_POINT('Ctrl Pts',(-25.8479011198835,2.60077515158407,160.395519353578));
#1709=CARTESIAN_POINT('Ctrl Pts',(-25.6708365079975,2.59852300503694,160.363087327255));
#1710=CARTESIAN_POINT('Ctrl Pts',(-25.5052853004829,2.59641744352132,160.3270770574));
#1711=CARTESIAN_POINT('Ctrl Pts',(-25.3504832478899,2.59444900097766,160.28766580499));
#1712=CARTESIAN_POINT('Ctrl Pts',(-25.1893975454372,2.59240065636872,160.246654790131));
#1713=CARTESIAN_POINT('Ctrl Pts',(-25.039951471936,2.59050078839236,160.201961059999));
#1714=CARTESIAN_POINT('Ctrl Pts',(-24.9013392032442,2.58873873083999,160.153767870123));
#1715=CARTESIAN_POINT('Ctrl Pts',(-24.7924558433582,2.58735459112115,160.115910929415));
#1716=CARTESIAN_POINT('Ctrl Pts',(-24.6902586599219,2.58605548719271,160.075894297699));
#1717=CARTESIAN_POINT('Ctrl Pts',(-24.5943785339061,2.58483624906592,160.033800361911));
#1718=CARTESIAN_POINT('Ctrl Pts',(-24.4872779854397,2.58347432895258,159.986780361028));
#1719=CARTESIAN_POINT('Ctrl Pts',(-24.3874515069087,2.58220450822828,159.936903592623));
#1720=CARTESIAN_POINT('Ctrl Pts',(-24.294590148736,2.58102345592735,159.884139768487));
#1721=CARTESIAN_POINT('Ctrl Pts',(-24.1929998503852,2.57973138505977,159.826416160503));
#1722=CARTESIAN_POINT('Ctrl Pts',(-24.0997458127528,2.57854555537945,159.765237232823));
#1723=CARTESIAN_POINT('Ctrl Pts',(-24.0144873461131,2.57746160552806,159.700541703842));
#1724=CARTESIAN_POINT('Ctrl Pts',(-23.933424211802,2.57643099383807,159.639029662143));
#1725=CARTESIAN_POINT('Ctrl Pts',(-23.859590535361,2.57549248221701,159.57433816722));
#1726=CARTESIAN_POINT('Ctrl Pts',(-23.7927344641433,2.57464232197606,159.506399769529));
#1727=CARTESIAN_POINT('Ctrl Pts',(-23.6975213923221,2.57343156629439,159.409645302492));
#1728=CARTESIAN_POINT('Ctrl Pts',(-23.6150941371276,2.57238349052726,159.304915190547));
#1729=CARTESIAN_POINT('Ctrl Pts',(-23.5459933236695,2.57150478026854,159.191391706129));
#1730=CARTESIAN_POINT('Ctrl Pts',(-23.4975382631753,2.57088860866921,159.111786459394));
#1731=CARTESIAN_POINT('Ctrl Pts',(-23.4556384702081,2.57035571634387,159.027856183301));
#1732=CARTESIAN_POINT('Ctrl Pts',(-23.4204624594196,2.5699084084889,158.939316427333));
#1733=CARTESIAN_POINT('Ctrl Pts',(-23.3786188362617,2.56937631343608,158.833993961819));
#1734=CARTESIAN_POINT('Ctrl Pts',(-23.3477475484312,2.56898380945675,158.725814819859));
#1735=CARTESIAN_POINT('Ctrl Pts',(-23.3260715707887,2.56870815492351,158.615679715074));
#1736=CARTESIAN_POINT('Ctrl Pts',(-23.3044836631076,2.56843362038054,158.505992091579));
#1737=CARTESIAN_POINT('Ctrl Pts',(-23.2920112662619,2.56827498768902,158.394365931909));
#1738=CARTESIAN_POINT('Ctrl Pts',(-23.2868842625663,2.56820979129596,158.28170691362));
#1739=CARTESIAN_POINT('Ctrl Pts',(-23.2804668060822,2.56812818514933,158.140691928974));
#1740=CARTESIAN_POINT('Ctrl Pts',(-23.285451348026,2.56819123963406,157.995716609041));
#1741=CARTESIAN_POINT('Ctrl Pts',(-23.2995336991215,2.56837022514454,157.84755665782));
#1742=CARTESIAN_POINT('Ctrl Pts',(-23.3118675008539,2.56852698673813,157.717793136755));
#1743=CARTESIAN_POINT('Ctrl Pts',(-23.331179662651,2.56877267730303,157.58558696029));
#1744=CARTESIAN_POINT('Ctrl Pts',(-23.3559622758737,2.569087995162,157.451451881052));
#1745=CARTESIAN_POINT('Ctrl Pts',(-23.3701365666968,2.56926833962344,157.37473399801));
#1746=CARTESIAN_POINT('Ctrl Pts',(-23.3861011528785,2.56947146063785,157.297384972231));
#1747=CARTESIAN_POINT('Ctrl Pts',(-23.4035816101261,2.56969374695344,157.219499269047));
#1748=CARTESIAN_POINT('Ctrl Pts',(-23.4809256876055,2.57067727557467,156.87488598026));
#1749=CARTESIAN_POINT('Ctrl Pts',(-23.5890135758359,2.57205185382498,156.515039768414));
#1750=CARTESIAN_POINT('Ctrl Pts',(-23.7072188650264,2.57355503389177,156.145435973154));
#1751=CARTESIAN_POINT('Ctrl Pts',(-23.8113497181642,2.57487923371267,155.819840064654));
#1752=CARTESIAN_POINT('Ctrl Pts',(-23.9233343135084,2.57630323390014,155.486671256064));
#1753=CARTESIAN_POINT('Ctrl Pts',(-24.0290607419128,2.57764761459662,155.149714409642));
#1754=CARTESIAN_POINT('Ctrl Pts',(-24.1043649723041,2.57860515714514,154.909715041671));
#1755=CARTESIAN_POINT('Ctrl Pts',(-24.1764935296886,2.57952230809683,154.667794926488));
#1756=CARTESIAN_POINT('Ctrl Pts',(-24.2403431252636,2.58033423716431,154.425337452036));
#1757=CARTESIAN_POINT('Ctrl Pts',(-24.3047672239124,2.58115347177132,154.180698404418));
#1758=CARTESIAN_POINT('Ctrl Pts',(-24.3608225924939,2.58186649765217,153.935299176498));
#1759=CARTESIAN_POINT('Ctrl Pts',(-24.4032047401801,2.5824055011937,153.690562581132));
#1760=CARTESIAN_POINT('Ctrl Pts',(-24.450268343154,2.5830040420904,153.418792824612));
#1761=CARTESIAN_POINT('Ctrl Pts',(-24.4804698720077,2.58338799301424,153.147839730059));
#1762=CARTESIAN_POINT('Ctrl Pts',(-24.4864948632072,2.58346449506877,152.879693632712));
#1763=CARTESIAN_POINT('Ctrl Pts',(-24.489987778941,2.58350884620906,152.724239177862));
#1764=CARTESIAN_POINT('Ctrl Pts',(-24.4853541558421,2.58344986500481,152.56972896646));
#1765=CARTESIAN_POINT('Ctrl Pts',(-24.471167071099,2.58326945812233,152.41655668658));
#1766=CARTESIAN_POINT('Ctrl Pts',(-24.4516089676651,2.58302075188481,152.205395666022));
#1767=CARTESIAN_POINT('Ctrl Pts',(-24.4142030093856,2.58254516998568,152.000172906352));
#1768=CARTESIAN_POINT('Ctrl Pts',(-24.3569402287695,2.58181703679358,151.800892615478));
#1769=CARTESIAN_POINT('Ctrl Pts',(-24.3107313402394,2.5812294609695,151.64008099145));
#1770=CARTESIAN_POINT('Ctrl Pts',(-24.2515970456402,2.58047742685356,151.483137103277));
#1771=CARTESIAN_POINT('Ctrl Pts',(-24.1784681886537,2.57954744231937,151.330060643807));
#1772=CARTESIAN_POINT('Ctrl Pts',(-24.1613588050391,2.57932986115092,151.294246548314));
#1773=CARTESIAN_POINT('Ctrl Pts',(-24.1434831718761,2.57910253928241,151.258644191435));
#1774=CARTESIAN_POINT('Ctrl Pts',(-24.1248271312574,2.57886530392445,151.223253672789));
#1775=CARTESIAN_POINT('Ctrl Pts',(-24.0482564790047,2.57789161039171,151.077999106092));
#1776=CARTESIAN_POINT('Ctrl Pts',(-23.9606856521435,2.57677801996077,150.940396749689));
#1777=CARTESIAN_POINT('Ctrl Pts',(-23.8633842934565,2.5755407237179,150.809849370129));
#1778=CARTESIAN_POINT('Ctrl Pts',(-23.7780064746976,2.57445504869959,150.695299576971));
#1779=CARTESIAN_POINT('Ctrl Pts',(-23.6851405928233,2.57327412863325,150.586180117355));
#1780=CARTESIAN_POINT('Ctrl Pts',(-23.5856439542211,2.57200890193495,150.482075069754));
#1781=CARTESIAN_POINT('Ctrl Pts',(-23.4686599102259,2.57052130056653,150.359672648529));
#1782=CARTESIAN_POINT('Ctrl Pts',(-23.3434022149203,2.56892847771242,150.24514703684));
#1783=CARTESIAN_POINT('Ctrl Pts',(-23.2120855482157,2.5672586396749,150.137891277099));
#1784=CARTESIAN_POINT('Ctrl Pts',(-23.0707242236756,2.56546107259773,150.022431323371));
#1785=CARTESIAN_POINT('Ctrl Pts',(-22.9223487871689,2.5635742576495,149.915393928526));
#1786=CARTESIAN_POINT('Ctrl Pts',(-22.7697194986754,2.56163338152085,149.815998102716));
#1787=CARTESIAN_POINT('',(-26.4011148675777,-0.00100000129802602,160.48021469021));
#1788=CARTESIAN_POINT('Origin',(-27.3304280572555,-0.00100000129802602,
152.882459752179));
#1789=CARTESIAN_POINT('',(-28.2597412469332,0.,160.48021469021));
#1790=CARTESIAN_POINT('Origin',(-27.3304280572555,0.,152.882459752179));
#1791=CARTESIAN_POINT('',(-28.2597412469332,2.63144601225615,160.48021469021));
#1792=CARTESIAN_POINT('Origin',(-27.3304280572555,2.61962860942546,152.882459752179));
#1793=CARTESIAN_POINT('',(-28.2597412469332,-0.00100000129802602,160.48021469021));
#1794=CARTESIAN_POINT('Ctrl Pts',(-31.8911366158355,-0.00100000129802602,
149.815998102716));
#1795=CARTESIAN_POINT('Ctrl Pts',(-31.8911366158355,13.003216444966,149.815998102716));
#1796=CARTESIAN_POINT('Ctrl Pts',(-28.5344600320291,-0.00100000129802602,
152.003221044737));
#1797=CARTESIAN_POINT('Ctrl Pts',(-28.5344600320291,13.003216444966,152.003221044737));
#1798=CARTESIAN_POINT('Ctrl Pts',(-29.9918879846147,-0.00100000129802602,
155.530657707494));
#1799=CARTESIAN_POINT('Ctrl Pts',(-29.9918879846147,13.003216444966,155.530657707494));
#1800=CARTESIAN_POINT('Ctrl Pts',(-34.6017301246078,-0.00100000129802602,
159.678775480803));
#1801=CARTESIAN_POINT('Ctrl Pts',(-34.6017301246078,13.003216444966,159.678775480803));
#1802=CARTESIAN_POINT('Ctrl Pts',(-28.2597412469332,-0.00100000129802602,
160.48021469021));
#1803=CARTESIAN_POINT('Ctrl Pts',(-28.2597412469332,13.003216444966,160.48021469021));
#1804=CARTESIAN_POINT('',(-31.8911366158355,0.,149.815998102716));
#1805=CARTESIAN_POINT('Ctrl Pts',(-28.2597412469332,0.,160.48021469021));
#1806=CARTESIAN_POINT('Ctrl Pts',(-28.5280360022016,0.,160.446310194207));
#1807=CARTESIAN_POINT('Ctrl Pts',(-28.7742847536863,0.,160.405668656774));
#1808=CARTESIAN_POINT('Ctrl Pts',(-29.0002642778865,0.,160.358790375422));
#1809=CARTESIAN_POINT('Ctrl Pts',(-29.2262438020865,0.,160.31191209407));
#1810=CARTESIAN_POINT('Ctrl Pts',(-29.4319540990021,-1.53045009697248E-21,
160.2587970688));
#1811=CARTESIAN_POINT('Ctrl Pts',(-29.6191215067166,0.,160.199932431399));
#1812=CARTESIAN_POINT('Ctrl Pts',(-29.8062889144312,1.53045009697362E-21,
160.141067793999));
#1813=CARTESIAN_POINT('Ctrl Pts',(-29.9749134329448,0.,160.076453544468));
#1814=CARTESIAN_POINT('Ctrl Pts',(-30.1266709619251,0.,160.006563648871));
#1815=CARTESIAN_POINT('Ctrl Pts',(-30.2784284909052,0.,159.936673753274));
#1816=CARTESIAN_POINT('Ctrl Pts',(-30.4133190303521,0.,159.86150821161));
#1817=CARTESIAN_POINT('Ctrl Pts',(-30.5329680415178,0.,159.781527824218));
#1818=CARTESIAN_POINT('Ctrl Pts',(-30.6526170526834,0.,159.701547436826));
#1819=CARTESIAN_POINT('Ctrl Pts',(-30.7570245355679,0.,159.616752203707));
#1820=CARTESIAN_POINT('Ctrl Pts',(-30.8477655130073,0.,159.527589759473));
#1821=CARTESIAN_POINT('Ctrl Pts',(-30.9385064904469,0.,159.43842731524));
#1822=CARTESIAN_POINT('Ctrl Pts',(-31.0155809624414,0.,159.344897659893));
#1823=CARTESIAN_POINT('Ctrl Pts',(-31.0805135134117,0.,159.247435262321));
#1824=CARTESIAN_POINT('Ctrl Pts',(-31.1454460643819,0.,159.14997286475));
#1825=CARTESIAN_POINT('Ctrl Pts',(-31.1982366943278,0.,159.048577724954));
#1826=CARTESIAN_POINT('Ctrl Pts',(-31.2403595492543,0.,158.943671146099));
#1827=CARTESIAN_POINT('Ctrl Pts',(-31.2824824041807,0.,158.838764567244));
#1828=CARTESIAN_POINT('Ctrl Pts',(-31.3139374840877,0.,158.730346549329));
#1829=CARTESIAN_POINT('Ctrl Pts',(-31.3361484965644,0.,158.618825229795));
#1830=CARTESIAN_POINT('Ctrl Pts',(-31.3583595090411,0.,158.507303910261));
#1831=CARTESIAN_POINT('Ctrl Pts',(-31.3713264540875,0.,158.392679289107));
#1832=CARTESIAN_POINT('Ctrl Pts',(-31.3764226008772,0.,158.275346338049));
#1833=CARTESIAN_POINT('Ctrl Pts',(-31.3815187476668,0.,158.158013386991));
#1834=CARTESIAN_POINT('Ctrl Pts',(-31.3787440961995,0.,158.037972106029));
#1835=CARTESIAN_POINT('Ctrl Pts',(-31.3694214772332,0.,157.915604301153));
#1836=CARTESIAN_POINT('Ctrl Pts',(-31.3600988582669,0.,157.793236496278));
#1837=CARTESIAN_POINT('Ctrl Pts',(-31.3442282718015,0.,157.668542167489));
#1838=CARTESIAN_POINT('Ctrl Pts',(-31.323082110179,0.,157.541889955053));
#1839=CARTESIAN_POINT('Ctrl Pts',(-31.3019359485566,0.,157.415237742616));
#1840=CARTESIAN_POINT('Ctrl Pts',(-31.275514211777,0.,157.286627646532));
#1841=CARTESIAN_POINT('Ctrl Pts',(-31.2450388537667,0.,157.156415141342));
#1842=CARTESIAN_POINT('Ctrl Pts',(-31.2145634957564,0.,157.026202636152));
#1843=CARTESIAN_POINT('Ctrl Pts',(-31.1800345165153,0.,156.894387721857));
#1844=CARTESIAN_POINT('Ctrl Pts',(-31.1426234315541,0.,156.761312707271));
#1845=CARTESIAN_POINT('Ctrl Pts',(-31.1052123465928,0.,156.628237692685));
#1846=CARTESIAN_POINT('Ctrl Pts',(-31.0649191559114,0.,156.49390257781));
#1847=CARTESIAN_POINT('Ctrl Pts',(-31.0228649366046,0.,156.358636505737));
#1848=CARTESIAN_POINT('Ctrl Pts',(-30.9808107172978,0.,156.223370433665));
#1849=CARTESIAN_POINT('Ctrl Pts',(-30.9369954693657,0.,156.087173404394));
#1850=CARTESIAN_POINT('Ctrl Pts',(-30.8924898314874,0.,155.950361395294));
#1851=CARTESIAN_POINT('Ctrl Pts',(-30.8465446602536,0.,155.809124206375));
#1852=CARTESIAN_POINT('Ctrl Pts',(-30.799864009976,0.,155.667231688095));
#1853=CARTESIAN_POINT('Ctrl Pts',(-30.7535694150061,0.,155.525016761783));
#1854=CARTESIAN_POINT('Ctrl Pts',(-30.7087253013785,0.,155.387257649316));
#1855=CARTESIAN_POINT('Ctrl Pts',(-30.6642431543125,0.,155.249195943285));
#1856=CARTESIAN_POINT('Ctrl Pts',(-30.6210911042271,0.,155.111120863761));
#1857=CARTESIAN_POINT('Ctrl Pts',(-30.5779390541417,0.,154.973045784238));
#1858=CARTESIAN_POINT('Ctrl Pts',(-30.5361171010369,0.,154.834957331223));
#1859=CARTESIAN_POINT('Ctrl Pts',(-30.4965429369157,0.,154.697131559064));
#1860=CARTESIAN_POINT('Ctrl Pts',(-30.4569687727946,0.,154.559305786905));
#1861=CARTESIAN_POINT('Ctrl Pts',(-30.4196423976571,0.,154.421742695602));
#1862=CARTESIAN_POINT('Ctrl Pts',(-30.3854310650908,0.,154.284705173779));
#1863=CARTESIAN_POINT('Ctrl Pts',(-30.3512197325246,0.,154.147667651957));
#1864=CARTESIAN_POINT('Ctrl Pts',(-30.3201234425294,0.,154.011155699614));
#1865=CARTESIAN_POINT('Ctrl Pts',(-30.2929590102771,0.,153.87541903965));
#1866=CARTESIAN_POINT('Ctrl Pts',(-30.2657945780248,0.,153.739682379686));
#1867=CARTESIAN_POINT('Ctrl Pts',(-30.2425620035154,0.,153.604721012101));
#1868=CARTESIAN_POINT('Ctrl Pts',(-30.2240276635048,0.,153.47077149407));
#1869=CARTESIAN_POINT('Ctrl Pts',(-30.2054933234942,0.,153.336821976038));
#1870=CARTESIAN_POINT('Ctrl Pts',(-30.1916572179824,0.,153.203884307559));
#1871=CARTESIAN_POINT('Ctrl Pts',(-30.1832352853098,0.,153.072181880082));
#1872=CARTESIAN_POINT('Ctrl Pts',(-30.1748133526372,0.,152.940479452606));
#1873=CARTESIAN_POINT('Ctrl Pts',(-30.1718055928037,0.,152.810012266132));
#1874=CARTESIAN_POINT('Ctrl Pts',(-30.1748775057339,0.,152.680990546386));
#1875=CARTESIAN_POINT('Ctrl Pts',(-30.1779494186641,0.,152.551968826639));
#1876=CARTESIAN_POINT('Ctrl Pts',(-30.187101004358,0.,152.42439257362));
#1877=CARTESIAN_POINT('Ctrl Pts',(-30.2029473243244,0.,152.298458847329));
#1878=CARTESIAN_POINT('Ctrl Pts',(-30.2187936442909,0.,152.172525121037));
#1879=CARTESIAN_POINT('Ctrl Pts',(-30.2413346985298,2.15035765754276E-19,
152.048233921473));
#1880=CARTESIAN_POINT('Ctrl Pts',(-30.2711351101345,2.16840434497101E-19,
151.925769142912));
#1881=CARTESIAN_POINT('Ctrl Pts',(-30.3009355217392,2.18645103239927E-19,
151.803304364351));
#1882=CARTESIAN_POINT('Ctrl Pts',(-30.3379952907095,0.,151.682666006793));
#1883=CARTESIAN_POINT('Ctrl Pts',(-30.3828286017229,0.,151.564024798789));
#1884=CARTESIAN_POINT('Ctrl Pts',(-30.4276619127364,0.,151.445383590785));
#1885=CARTESIAN_POINT('Ctrl Pts',(-30.4802687657929,0.,151.328739532334));
#1886=CARTESIAN_POINT('Ctrl Pts',(-30.5411129071542,0.,151.214250186263));
#1887=CARTESIAN_POINT('Ctrl Pts',(-30.6019570485155,0.,151.099760840192));
#1888=CARTESIAN_POINT('Ctrl Pts',(-30.6710384781816,0.,150.987426206502));
#1889=CARTESIAN_POINT('Ctrl Pts',(-30.7487705039984,0.,150.877390682292));
#1890=CARTESIAN_POINT('Ctrl Pts',(-30.8265025298153,0.,150.767355158082));
#1891=CARTESIAN_POINT('Ctrl Pts',(-30.912885151783,0.,150.659618743354));
#1892=CARTESIAN_POINT('Ctrl Pts',(-31.0082812393317,0.,150.554312669483));
#1893=CARTESIAN_POINT('Ctrl Pts',(-31.1036773268803,0.,150.449006595612));
#1894=CARTESIAN_POINT('Ctrl Pts',(-31.2080868800099,0.,150.3461308626));
#1895=CARTESIAN_POINT('Ctrl Pts',(-31.3218223297352,0.,150.245803536097));
#1896=CARTESIAN_POINT('Ctrl Pts',(-31.4355577794605,0.,150.145476209594));
#1897=CARTESIAN_POINT('Ctrl Pts',(-31.5586191257813,0.,150.047697289601));
#1898=CARTESIAN_POINT('Ctrl Pts',(-31.6912683612966,0.,149.952571676046));
#1899=CARTESIAN_POINT('Ctrl Pts',(-31.7556263870051,0.,149.906419154631));
#1900=CARTESIAN_POINT('Ctrl Pts',(-31.8222405905705,0.,149.860891008932));
#1901=CARTESIAN_POINT('Ctrl Pts',(-31.8911366158355,0.,149.815998102716));
#1902=CARTESIAN_POINT('',(-31.8911366158355,2.67762383733007,149.815998102716));
#1903=CARTESIAN_POINT('Ctrl Pts',(-31.8911366158355,2.67762383733007,149.815998102716));
#1904=CARTESIAN_POINT('Ctrl Pts',(-31.7638126904842,2.67600475117852,149.898962845861));
#1905=CARTESIAN_POINT('Ctrl Pts',(-31.6396171291361,2.67442533342382,149.987132469404));
#1906=CARTESIAN_POINT('Ctrl Pts',(-31.5200465894107,2.67290487317024,150.080979788057));
#1907=CARTESIAN_POINT('Ctrl Pts',(-31.3715577335291,2.67101668730117,150.197524222884));
#1908=CARTESIAN_POINT('Ctrl Pts',(-31.2302056892881,2.66921942540644,150.322827031588));
#1909=CARTESIAN_POINT('Ctrl Pts',(-31.0989216603571,2.66755002954312,150.457786309803));
#1910=CARTESIAN_POINT('Ctrl Pts',(-31.0032763473029,2.66633381237444,150.556109179078));
#1911=CARTESIAN_POINT('Ctrl Pts',(-30.912977565774,2.66518546222573,150.659557597407));
#1912=CARTESIAN_POINT('Ctrl Pts',(-30.8291399963521,2.66411926397267,150.768462469669));
#1913=CARTESIAN_POINT('Ctrl Pts',(-30.7979010028142,2.66372198432147,150.809041873679));
#1914=CARTESIAN_POINT('Ctrl Pts',(-30.7675587025683,2.66333611069471,150.850378646527));
#1915=CARTESIAN_POINT('Ctrl Pts',(-30.7381689192749,2.66296238210446,150.892489018501));
#1916=CARTESIAN_POINT('Ctrl Pts',(-30.6304772312504,2.66159294489745,151.046792199166));
#1917=CARTESIAN_POINT('Ctrl Pts',(-30.5383781611766,2.66042180734226,151.207453916579));
#1918=CARTESIAN_POINT('Ctrl Pts',(-30.4617257685352,2.65944712083949,151.374919416741));
#1919=CARTESIAN_POINT('Ctrl Pts',(-30.3973718781194,2.65862881802822,151.515515894875));
#1920=CARTESIAN_POINT('Ctrl Pts',(-30.3439105994091,2.65794898421254,151.6609092938));
#1921=CARTESIAN_POINT('Ctrl Pts',(-30.3012562786713,2.65740652546107,151.81135249406));
#1922=CARTESIAN_POINT('Ctrl Pts',(-30.2848553038218,2.65719794513003,151.869199274903));
#1923=CARTESIAN_POINT('Ctrl Pts',(-30.2700517700502,2.6570096753251,151.927792442904));
#1924=CARTESIAN_POINT('Ctrl Pts',(-30.2568386666334,2.65684165385779,151.987145303573));
#1925=CARTESIAN_POINT('Ctrl Pts',(-30.2181357332227,2.65634949668201,152.160997709155));
#1926=CARTESIAN_POINT('Ctrl Pts',(-30.1941442106027,2.65604453123961,152.336600062111));
#1927=CARTESIAN_POINT('Ctrl Pts',(-30.182414288357,2.6558953635355,152.513050427748));
#1928=CARTESIAN_POINT('Ctrl Pts',(-30.1686989660931,2.65572094778999,152.719366682672));
#1929=CARTESIAN_POINT('Ctrl Pts',(-30.1717405606604,2.65575953366873,152.926839808928));
#1930=CARTESIAN_POINT('Ctrl Pts',(-30.1875794040033,2.65596093555848,153.134042829601));
#1931=CARTESIAN_POINT('Ctrl Pts',(-30.1909722472649,2.65600407791615,153.178427849216));
#1932=CARTESIAN_POINT('Ctrl Pts',(-30.1949524184556,2.65605469125732,153.222800610987));
#1933=CARTESIAN_POINT('Ctrl Pts',(-30.1994813416966,2.65611228229436,153.267147355292));
#1934=CARTESIAN_POINT('Ctrl Pts',(-30.2320144034246,2.65652598168013,153.58570770465));
#1935=CARTESIAN_POINT('Ctrl Pts',(-30.2932917704972,2.6573050950445,153.90708159082));
#1936=CARTESIAN_POINT('Ctrl Pts',(-30.3714536847407,2.65829898091237,154.228027629996));
#1937=CARTESIAN_POINT('Ctrl Pts',(-30.4411170532662,2.65918480155988,154.514077203119));
#1938=CARTESIAN_POINT('Ctrl Pts',(-30.5241898899045,2.6602412293647,154.799787283899));
#1939=CARTESIAN_POINT('Ctrl Pts',(-30.6122901199087,2.66136161149027,155.082899914145));
#1940=CARTESIAN_POINT('Ctrl Pts',(-30.648521726065,2.66182237355544,155.199331225578));
#1941=CARTESIAN_POINT('Ctrl Pts',(-30.6856040104307,2.66229395222584,155.315323661947));
#1942=CARTESIAN_POINT('Ctrl Pts',(-30.7229559040831,2.66276892920743,155.430721966627));
#1943=CARTESIAN_POINT('Ctrl Pts',(-30.8243136090973,2.66405782173952,155.743865590182));
#1944=CARTESIAN_POINT('Ctrl Pts',(-30.9276789666163,2.66537208862003,156.052708054353));
#1945=CARTESIAN_POINT('Ctrl Pts',(-31.0214722071382,2.66656475586715,156.35415856436));
#1946=CARTESIAN_POINT('Ctrl Pts',(-31.1325258629518,2.66797690515665,156.711083871525));
#1947=CARTESIAN_POINT('Ctrl Pts',(-31.23016198711,2.66921858172109,157.057646413923));
#1948=CARTESIAN_POINT('Ctrl Pts',(-31.295210255813,2.67004582230661,157.388777968124));
#1949=CARTESIAN_POINT('Ctrl Pts',(-31.3393228510317,2.67060681693146,157.613335400718));
#1950=CARTESIAN_POINT('Ctrl Pts',(-31.3684505137842,2.67097721669609,157.830797863232));
#1951=CARTESIAN_POINT('Ctrl Pts',(-31.3766069001084,2.67108093555417,158.039592693978));
#1952=CARTESIAN_POINT('Ctrl Pts',(-31.3813090887325,2.67114072988161,158.159963730718));
#1953=CARTESIAN_POINT('Ctrl Pts',(-31.3791711063695,2.67111345817286,158.280631032556));
#1954=CARTESIAN_POINT('Ctrl Pts',(-31.3678700407411,2.67096967427329,158.400189807404));
#1955=CARTESIAN_POINT('Ctrl Pts',(-31.3589034488997,2.67085559197494,158.495051192194));
#1956=CARTESIAN_POINT('Ctrl Pts',(-31.3441638208185,2.67066816182849,158.589213738947));
#1957=CARTESIAN_POINT('Ctrl Pts',(-31.3224928405638,2.67039267586853,158.681985708942));
#1958=CARTESIAN_POINT('Ctrl Pts',(-31.3096509733085,2.67022942740966,158.736960855874));
#1959=CARTESIAN_POINT('Ctrl Pts',(-31.294375444472,2.67003525768432,158.791447949132));
#1960=CARTESIAN_POINT('Ctrl Pts',(-31.2764337483915,2.66980710612852,158.845306972474));
#1961=CARTESIAN_POINT('Ctrl Pts',(-31.238272407222,2.66932183598906,158.959863174718));
#1962=CARTESIAN_POINT('Ctrl Pts',(-31.1893064421029,2.66869909596824,159.067798940439));
#1963=CARTESIAN_POINT('Ctrl Pts',(-31.1293979690777,2.66793730182186,159.169481375061));
#1964=CARTESIAN_POINT('Ctrl Pts',(-31.0764377093528,2.66726386092423,159.259370632375));
#1965=CARTESIAN_POINT('Ctrl Pts',(-31.014929858977,2.66648175054621,159.344373872923));
#1966=CARTESIAN_POINT('Ctrl Pts',(-30.9447934171723,2.66558987620813,159.424740640951));
#1967=CARTESIAN_POINT('Ctrl Pts',(-30.882937898289,2.66480330436985,159.495618604095));
#1968=CARTESIAN_POINT('Ctrl Pts',(-30.8158422559523,2.66394990258932,159.561195482199));
#1969=CARTESIAN_POINT('Ctrl Pts',(-30.7446146514833,2.66304411506365,159.621963927587));
#1970=CARTESIAN_POINT('Ctrl Pts',(-30.6290791978464,2.6615748732794,159.720533996833));
#1971=CARTESIAN_POINT('Ctrl Pts',(-30.5026797329679,2.65996780046664,159.806457347624));
#1972=CARTESIAN_POINT('Ctrl Pts',(-30.3703067418057,2.65828454110801,159.881840930544));
#1973=CARTESIAN_POINT('Ctrl Pts',(-30.3590124371565,2.65814092235442,159.888272795108));
#1974=CARTESIAN_POINT('Ctrl Pts',(-30.3476746265314,2.65799674897701,159.894627896823));
#1975=CARTESIAN_POINT('Ctrl Pts',(-30.3362963177892,2.65785205926483,159.900907519501));
#1976=CARTESIAN_POINT('Ctrl Pts',(-30.0581328795781,2.65431485626522,160.054424309589));
#1977=CARTESIAN_POINT('Ctrl Pts',(-29.7145287018874,2.64994559369363,160.185589834474));
#1978=CARTESIAN_POINT('Ctrl Pts',(-29.2943307133654,2.64460222566112,160.291470124237));
#1979=CARTESIAN_POINT('Ctrl Pts',(-28.990831595117,2.64074283668106,160.367944965765));
#1980=CARTESIAN_POINT('Ctrl Pts',(-28.6473752503658,2.63637527315583,160.431229254372));
#1981=CARTESIAN_POINT('Ctrl Pts',(-28.2597412469332,2.63144601225615,160.48021469021));
#1982=CARTESIAN_POINT('',(-31.8911366158355,-0.00100000129802602,149.815998102716));
#1983=CARTESIAN_POINT('Ctrl Pts',(-37.4438320744476,-0.00100000129802602,
149.170592709036));
#1984=CARTESIAN_POINT('Ctrl Pts',(-37.4438320744476,13.003216444966,149.170592709036));
#1985=CARTESIAN_POINT('Ctrl Pts',(-33.7890137068208,-0.00100000129802602,
149.170592709036));
#1986=CARTESIAN_POINT('Ctrl Pts',(-33.7890137068208,13.003216444966,149.170592709036));
#1987=CARTESIAN_POINT('Ctrl Pts',(-31.8911366158355,-0.00100000129802602,
149.815998102716));
#1988=CARTESIAN_POINT('Ctrl Pts',(-31.8911366158355,13.003216444966,149.815998102716));
#1989=CARTESIAN_POINT('',(-37.4438320744476,0.,149.170592709036));
#1990=CARTESIAN_POINT('Ctrl Pts',(-31.8911366158355,0.,149.815998102716));
#1991=CARTESIAN_POINT('Ctrl Pts',(-32.6234695636562,0.,149.566955824511));
#1992=CARTESIAN_POINT('Ctrl Pts',(-33.4624249318311,0.,149.420957943534));
#1993=CARTESIAN_POINT('Ctrl Pts',(-35.272820898685,0.,149.210530533925));
#1994=CARTESIAN_POINT('Ctrl Pts',(-36.3940211782029,0.,149.170592709036));
#1995=CARTESIAN_POINT('Ctrl Pts',(-37.4438320744476,0.,149.170592709036));
#1996=CARTESIAN_POINT('',(-37.4438320744476,2.74823344425206,149.170592709036));
#1997=CARTESIAN_POINT('Ctrl Pts',(-37.4438320744476,2.74823344425206,149.170592709036));
#1998=CARTESIAN_POINT('Ctrl Pts',(-37.1175527819452,2.7440843867786,149.170592709036));
#1999=CARTESIAN_POINT('Ctrl Pts',(-36.7843729753418,2.73984764384589,149.174448692045));
#2000=CARTESIAN_POINT('Ctrl Pts',(-36.4487348689071,2.73557972203623,149.183407143808));
#2001=CARTESIAN_POINT('Ctrl Pts',(-36.0766127093689,2.73084787469797,149.193339384374));
#2002=CARTESIAN_POINT('Ctrl Pts',(-35.7014748640616,2.72607770175564,149.209545906122));
#2003=CARTESIAN_POINT('Ctrl Pts',(-35.3293989808006,2.72134621227445,149.233734149083));
#2004=CARTESIAN_POINT('Ctrl Pts',(-35.0396513630688,2.71766164719735,149.252570322268));
#2005=CARTESIAN_POINT('Ctrl Pts',(-34.7517621301023,2.71400054071701,149.276247370655));
#2006=CARTESIAN_POINT('Ctrl Pts',(-34.468570249124,2.71039925978594,149.305560174828));
#2007=CARTESIAN_POINT('Ctrl Pts',(-34.3881047165498,2.70937599956016,149.313889052022));
#2008=CARTESIAN_POINT('Ctrl Pts',(-34.3080181341824,2.70835756930934,149.322672822579));
#2009=CARTESIAN_POINT('Ctrl Pts',(-34.2283748451274,2.70734480327957,149.33192943358));
#2010=CARTESIAN_POINT('Ctrl Pts',(-34.0323230662501,2.70485175478698,149.35471572323));
#2011=CARTESIAN_POINT('Ctrl Pts',(-33.8314730786806,2.70229775232114,149.381234675129));
#2012=CARTESIAN_POINT('Ctrl Pts',(-33.6288345206235,2.69972114644315,149.412256787028));
#2013=CARTESIAN_POINT('Ctrl Pts',(-33.3343587342524,2.69597680455005,149.457338339543));
#2014=CARTESIAN_POINT('Ctrl Pts',(-33.0361148396774,2.69218472852692,149.51193302536));
#2015=CARTESIAN_POINT('Ctrl Pts',(-32.7434159433811,2.6884626123495,149.578433647953));
#2016=CARTESIAN_POINT('Ctrl Pts',(-32.5625871655318,2.6861630966086,149.619517596208));
#2017=CARTESIAN_POINT('Ctrl Pts',(-32.3838757418247,2.68389028274326,149.665146091227));
#2018=CARTESIAN_POINT('Ctrl Pts',(-32.2094478203107,2.68167192271089,149.715872381333));
#2019=CARTESIAN_POINT('Ctrl Pts',(-32.1015376056186,2.68029952943074,149.747254311521));
#2020=CARTESIAN_POINT('Ctrl Pts',(-31.9952661569649,2.67894797729469,149.780587080682));
#2021=CARTESIAN_POINT('Ctrl Pts',(-31.8911366158355,2.67762383733007,149.815998102716));
#2022=CARTESIAN_POINT('',(-37.4438320744476,-0.00100000129802602,149.170592709036));
#2023=CARTESIAN_POINT('Ctrl Pts',(-42.9965275330596,-0.00100000129802602,
148.525187315357));
#2024=CARTESIAN_POINT('Ctrl Pts',(-42.9965275330596,13.003216444966,148.525187315357));
#2025=CARTESIAN_POINT('Ctrl Pts',(-41.0986504420744,-0.00100000129802602,
149.170592709036));
#2026=CARTESIAN_POINT('Ctrl Pts',(-41.0986504420744,13.003216444966,149.170592709036));
#2027=CARTESIAN_POINT('Ctrl Pts',(-37.4438320744476,-0.00100000129802602,
149.170592709036));
#2028=CARTESIAN_POINT('Ctrl Pts',(-37.4438320744476,13.003216444966,149.170592709036));
#2029=CARTESIAN_POINT('',(-42.9965275330596,0.,148.525187315357));
#2030=CARTESIAN_POINT('Ctrl Pts',(-37.4438320744476,0.,149.170592709036));
#2031=CARTESIAN_POINT('Ctrl Pts',(-39.8803776528654,0.,149.170592709036));
#2032=CARTESIAN_POINT('Ctrl Pts',(-41.7312761390694,0.,148.95545757781));
#2033=CARTESIAN_POINT('Ctrl Pts',(-42.9965275330596,0.,148.525187315357));
#2034=CARTESIAN_POINT('',(-42.9965275330596,2.81884305117405,148.525187315357));
#2035=CARTESIAN_POINT('Ctrl Pts',(-42.9965275330596,2.81884305117405,148.525187315357));
#2036=CARTESIAN_POINT('Ctrl Pts',(-42.8335396586951,2.81677045241049,148.580614114974));
#2037=CARTESIAN_POINT('Ctrl Pts',(-42.6653018115197,2.81463069618478,148.630948277236));
#2038=CARTESIAN_POINT('Ctrl Pts',(-42.4937526089086,2.81244898182112,148.676681770301));
#2039=CARTESIAN_POINT('Ctrl Pts',(-42.2862422129581,2.80980992314545,148.732002197966));
#2040=CARTESIAN_POINT('Ctrl Pts',(-42.0738873860945,2.80710947151767,148.780591215653));
#2041=CARTESIAN_POINT('Ctrl Pts',(-41.8601937723657,2.80439222770816,148.823346915379));
#2042=CARTESIAN_POINT('Ctrl Pts',(-41.6257474892621,2.80141110113021,148.870254797684));
#2043=CARTESIAN_POINT('Ctrl Pts',(-41.3896949176098,2.79840976248462,148.910143245528));
#2044=CARTESIAN_POINT('Ctrl Pts',(-41.1566986047408,2.79544710939683,148.944210418171));
#2045=CARTESIAN_POINT('Ctrl Pts',(-40.9887892749519,2.79331206662193,148.96876100464));
#2046=CARTESIAN_POINT('Ctrl Pts',(-40.8224683352475,2.79119711479471,148.990288795246));
#2047=CARTESIAN_POINT('Ctrl Pts',(-40.6594632473962,2.78912429713971,149.009235766909));
#2048=CARTESIAN_POINT('Ctrl Pts',(-40.3838688390594,2.78561976263253,149.041269610232));
#2049=CARTESIAN_POINT('Ctrl Pts',(-40.1029619450828,2.78204739784186,149.067639903044));
#2050=CARTESIAN_POINT('Ctrl Pts',(-39.8194274856035,2.77844177097847,149.089097201184));
#2051=CARTESIAN_POINT('Ctrl Pts',(-39.4392665189123,2.77360737237862,149.117866992405));
#2052=CARTESIAN_POINT('Ctrl Pts',(-39.0543831694387,2.76871317770647,149.137805030689));
#2053=CARTESIAN_POINT('Ctrl Pts',(-38.6713436724455,2.76384250939164,149.150755176769));
#2054=CARTESIAN_POINT('Ctrl Pts',(-38.3274430115534,2.7594695241888,149.162382081645));
#2055=CARTESIAN_POINT('Ctrl Pts',(-37.985034459801,2.75511550314518,149.168378312266));
#2056=CARTESIAN_POINT('Ctrl Pts',(-37.6488690963362,2.75084074806151,149.170077928817));
#2057=CARTESIAN_POINT('Ctrl Pts',(-37.580250084784,2.74996817313158,149.170424859288));
#2058=CARTESIAN_POINT('Ctrl Pts',(-37.5118910460517,2.74909890090609,149.170592709036));
#2059=CARTESIAN_POINT('Ctrl Pts',(-37.4438320744476,2.74823344425206,149.170592709036));
#2060=CARTESIAN_POINT('',(-42.9965275330596,-0.00100000129802602,148.525187315357));
#2061=CARTESIAN_POINT('Ctrl Pts',(-46.6279229019619,-0.00100000129802602,
137.860970727863));
#2062=CARTESIAN_POINT('Ctrl Pts',(-46.6279229019619,13.003216444966,137.860970727863));
#2063=CARTESIAN_POINT('Ctrl Pts',(-40.4250891340709,-0.00100000129802602,
138.694193605804));
#2064=CARTESIAN_POINT('Ctrl Pts',(-40.4250891340709,13.003216444966,138.694193605804));
#2065=CARTESIAN_POINT('Ctrl Pts',(-44.9163904488957,-0.00100000129802602,
142.819915341111));
#2066=CARTESIAN_POINT('Ctrl Pts',(-44.9163904488957,13.003216444966,142.819915341111));
#2067=CARTESIAN_POINT('Ctrl Pts',(-46.2808278896313,-0.00100000129802602,
146.336510902974));
#2068=CARTESIAN_POINT('Ctrl Pts',(-46.2808278896313,13.003216444966,146.336510902974));
#2069=CARTESIAN_POINT('Ctrl Pts',(-42.9965275330596,-0.00100000129802602,
148.525187315357));
#2070=CARTESIAN_POINT('Ctrl Pts',(-42.9965275330596,13.003216444966,148.525187315357));
#2071=CARTESIAN_POINT('',(-46.6279229019619,0.,137.860970727863));
#2072=CARTESIAN_POINT('Ctrl Pts',(-42.9965275330596,0.,148.525187315357));
#2073=CARTESIAN_POINT('Ctrl Pts',(-43.1358905806421,0.,148.432314988868));
#2074=CARTESIAN_POINT('Ctrl Pts',(-43.2658327579877,0.,148.336751689196));
#2075=CARTESIAN_POINT('Ctrl Pts',(-43.3865755151222,0.,148.238596621114));
#2076=CARTESIAN_POINT('Ctrl Pts',(-43.5073182722567,0.,148.140441553032));
#2077=CARTESIAN_POINT('Ctrl Pts',(-43.6188616091801,0.,148.03969471654));
#2078=CARTESIAN_POINT('Ctrl Pts',(-43.7214774418539,0.,147.93646837625));
#2079=CARTESIAN_POINT('Ctrl Pts',(-43.8240932745278,0.,147.83324203596));
#2080=CARTESIAN_POINT('Ctrl Pts',(-43.9177816029522,0.,147.727536191873));
#2081=CARTESIAN_POINT('Ctrl Pts',(-44.0028648090244,0.,147.619476168441));
#2082=CARTESIAN_POINT('Ctrl Pts',(-44.0879480150967,0.,147.511416145008));
#2083=CARTESIAN_POINT('Ctrl Pts',(-44.1644260988168,0.,147.40100194223));
#2084=CARTESIAN_POINT('Ctrl Pts',(-44.2326719080182,0.,147.288371944398));
#2085=CARTESIAN_POINT('Ctrl Pts',(-44.3009177172195,0.,147.175741946567));
#2086=CARTESIAN_POINT('Ctrl Pts',(-44.360931251902,0.,147.060896153681));
#2087=CARTESIAN_POINT('Ctrl Pts',(-44.4131358258348,0.,146.943986009873));
#2088=CARTESIAN_POINT('Ctrl Pts',(-44.4653403997676,0.,146.827075866065));
#2089=CARTESIAN_POINT('Ctrl Pts',(-44.5097360129507,2.18617441494649E-19,
146.708101371335));
#2090=CARTESIAN_POINT('Ctrl Pts',(-44.546796445089,2.16840434497101E-19,
146.587227029652));
#2091=CARTESIAN_POINT('Ctrl Pts',(-44.5838568772274,2.15063427499551E-19,
146.466352687969));
#2092=CARTESIAN_POINT('Ctrl Pts',(-44.613582128321,0.,146.343578499334));
#2093=CARTESIAN_POINT('Ctrl Pts',(-44.6364964440106,0.,146.219082027556));
#2094=CARTESIAN_POINT('Ctrl Pts',(-44.6594107597002,0.,146.094585555779));
#2095=CARTESIAN_POINT('Ctrl Pts',(-44.6755141399858,0.,145.96836680086));
#2096=CARTESIAN_POINT('Ctrl Pts',(-44.6853812964441,0.,145.840616386448));
#2097=CARTESIAN_POINT('Ctrl Pts',(-44.6952484529024,0.,145.712865972035));
#2098=CARTESIAN_POINT('Ctrl Pts',(-44.6988793855334,0.,145.58358389813));
#2099=CARTESIAN_POINT('Ctrl Pts',(-44.6968992718495,0.,145.452973848221));
#2100=CARTESIAN_POINT('Ctrl Pts',(-44.6949191581657,0.,145.322363798312));
#2101=CARTESIAN_POINT('Ctrl Pts',(-44.6873279981669,0.,145.190425772399));
#2102=CARTESIAN_POINT('Ctrl Pts',(-44.6748014353017,0.,145.057376513811));
#2103=CARTESIAN_POINT('Ctrl Pts',(-44.6622748724364,0.,144.924327255222));
#2104=CARTESIAN_POINT('Ctrl Pts',(-44.6448129067046,0.,144.790166763958));
#2105=CARTESIAN_POINT('Ctrl Pts',(-44.6231416474905,0.,144.655124843186));
#2106=CARTESIAN_POINT('Ctrl Pts',(-44.6014703882763,0.,144.520082922413));
#2107=CARTESIAN_POINT('Ctrl Pts',(-44.5755898355796,0.,144.384159572132));
#2108=CARTESIAN_POINT('Ctrl Pts',(-44.5462765647205,0.,144.247597655351));
#2109=CARTESIAN_POINT('Ctrl Pts',(-44.5169632938615,0.,144.11103573857));
#2110=CARTESIAN_POINT('Ctrl Pts',(-44.4842173048401,0.,143.973835255288));
#2111=CARTESIAN_POINT('Ctrl Pts',(-44.4488656389121,0.,143.836252128351));
#2112=CARTESIAN_POINT('Ctrl Pts',(-44.4135139729841,0.,143.698669001415));
#2113=CARTESIAN_POINT('Ctrl Pts',(-44.3755566301495,0.,143.560703230824));
#2114=CARTESIAN_POINT('Ctrl Pts',(-44.3358711175999,0.,143.422623799265));
#2115=CARTESIAN_POINT('Ctrl Pts',(-44.2961856050503,0.,143.284544367706));
#2116=CARTESIAN_POINT('Ctrl Pts',(-44.2547719227858,0.,143.146351275179));
#2117=CARTESIAN_POINT('Ctrl Pts',(-44.2125580439339,0.,143.008326564209));
#2118=CARTESIAN_POINT('Ctrl Pts',(-44.169230746369,0.,142.866661361055));
#2119=CARTESIAN_POINT('Ctrl Pts',(-44.125060247337,0.,142.725173477668));
#2120=CARTESIAN_POINT('Ctrl Pts',(-44.0811051863949,0.,142.584182174492));
#2121=CARTESIAN_POINT('Ctrl Pts',(-44.0382796763396,0.,142.446814045715));
#2122=CARTESIAN_POINT('Ctrl Pts',(-43.9956588988216,0.,142.309917361152));
#2123=CARTESIAN_POINT('Ctrl Pts',(-43.9542730899123,0.,142.173800627469));
#2124=CARTESIAN_POINT('Ctrl Pts',(-43.9128872810029,0.,142.037683893787));
#2125=CARTESIAN_POINT('Ctrl Pts',(-43.8727364407022,0.,141.902347110985));
#2126=CARTESIAN_POINT('Ctrl Pts',(-43.8349012710174,0.,141.768111845569));
#2127=CARTESIAN_POINT('Ctrl Pts',(-43.7970661013325,0.,141.633876580153));
#2128=CARTESIAN_POINT('Ctrl Pts',(-43.7615466022634,0.,141.500742832123));
#2129=CARTESIAN_POINT('Ctrl Pts',(-43.7294739417531,0.,141.369045227824));
#2130=CARTESIAN_POINT('Ctrl Pts',(-43.6974012812428,0.,141.237347623525));
#2131=CARTESIAN_POINT('Ctrl Pts',(-43.6687754592913,0.,141.107086162957));
#2132=CARTESIAN_POINT('Ctrl Pts',(-43.6447781097774,0.,140.978608532306));
#2133=CARTESIAN_POINT('Ctrl Pts',(-43.6207807602636,0.,140.850130901654));
#2134=CARTESIAN_POINT('Ctrl Pts',(-43.6014118831874,0.,140.723437100918));
#2135=CARTESIAN_POINT('Ctrl Pts',(-43.5879035783634,0.,140.598887876122));
#2136=CARTESIAN_POINT('Ctrl Pts',(-43.5743952735395,0.,140.474338651325));
#2137=CARTESIAN_POINT('Ctrl Pts',(-43.5667475409678,0.,140.351934002469));
#2138=CARTESIAN_POINT('Ctrl Pts',(-43.566242946399,0.,140.232047735415));
#2139=CARTESIAN_POINT('Ctrl Pts',(-43.5657383518302,0.,140.112161468362));
#2140=CARTESIAN_POINT('Ctrl Pts',(-43.5723768952642,0.,139.994793583112));
#2141=CARTESIAN_POINT('Ctrl Pts',(-43.5874916083874,0.,139.880330945368));
#2142=CARTESIAN_POINT('Ctrl Pts',(-43.6033538098763,0.,139.760207631876));
#2143=CARTESIAN_POINT('Ctrl Pts',(-43.6285508090396,0.,139.643283904138));
#2144=CARTESIAN_POINT('Ctrl Pts',(-43.664683124102,0.,139.530022377832));
#2145=CARTESIAN_POINT('Ctrl Pts',(-43.6991127445444,0.,139.422098173288));
#2146=CARTESIAN_POINT('Ctrl Pts',(-43.7434717618719,0.,139.317499258755));
#2147=CARTESIAN_POINT('Ctrl Pts',(-43.7991966354027,0.,139.21663926548));
#2148=CARTESIAN_POINT('Ctrl Pts',(-43.8549215089334,0.,139.115779272206));
#2149=CARTESIAN_POINT('Ctrl Pts',(-43.9220122386675,0.,139.01865820019));
#2150=CARTESIAN_POINT('Ctrl Pts',(-44.001955749859,0.,138.925702740521));
#2151=CARTESIAN_POINT('Ctrl Pts',(-44.0818992610505,0.,138.832747280851));
#2152=CARTESIAN_POINT('Ctrl Pts',(-44.1746955536993,0.,138.743957433527));
#2153=CARTESIAN_POINT('Ctrl Pts',(-44.2818820189955,0.,138.659772949475));
#2154=CARTESIAN_POINT('Ctrl Pts',(-44.3890684842919,0.,138.575588465424));
#2155=CARTESIAN_POINT('Ctrl Pts',(-44.5106451222357,0.,138.496009344645));
#2156=CARTESIAN_POINT('Ctrl Pts',(-44.6481997899527,0.,138.421488397904));
#2157=CARTESIAN_POINT('Ctrl Pts',(-44.7857544576696,0.,138.346967451164));
#2158=CARTESIAN_POINT('Ctrl Pts',(-44.9392871551597,0.,138.277504678462));
#2159=CARTESIAN_POINT('Ctrl Pts',(-45.1104362054846,0.,138.213565950404));
#2160=CARTESIAN_POINT('Ctrl Pts',(-45.2815852558095,0.,138.149627222347));
#2161=CARTESIAN_POINT('Ctrl Pts',(-45.4703506589692,0.,138.091212538933));
#2162=CARTESIAN_POINT('Ctrl Pts',(-45.6784212039611,0.,138.038800830608));
#2163=CARTESIAN_POINT('Ctrl Pts',(-45.8864917489529,0.,137.986389122283));
#2164=CARTESIAN_POINT('Ctrl Pts',(-46.113867435777,2.15386729463073E-19,
137.939980389048));
#2165=CARTESIAN_POINT('Ctrl Pts',(-46.3622875193666,2.16840434497101E-19,
137.900066621185));
#2166=CARTESIAN_POINT('Ctrl Pts',(-46.4482857017615,2.17343678795462E-19,
137.886249254091));
#2167=CARTESIAN_POINT('Ctrl Pts',(-46.5368063076357,0.,137.873210364422));
#2168=CARTESIAN_POINT('Ctrl Pts',(-46.6279229019619,0.,137.860970727863));
#2169=CARTESIAN_POINT('',(-46.6279229019619,2.86502087624797,137.860970727863));
#2170=CARTESIAN_POINT('Ctrl Pts',(-46.6279229019619,2.86502087624797,137.860970727863));
#2171=CARTESIAN_POINT('Ctrl Pts',(-46.432625430889,2.86253741974147,137.887204918072));
#2172=CARTESIAN_POINT('Ctrl Pts',(-46.2492760452468,2.86020520789735,137.917106199969));
#2173=CARTESIAN_POINT('Ctrl Pts',(-46.0770839047053,2.85801505000915,137.950484845692));
#2174=CARTESIAN_POINT('Ctrl Pts',(-45.9010550112981,2.85577609143512,137.984607228115));
#2175=CARTESIAN_POINT('Ctrl Pts',(-45.7366863267449,2.85368558778284,138.022363723775));
#2176=CARTESIAN_POINT('Ctrl Pts',(-45.583186736354,2.85173372019839,138.0635675119));
#2177=CARTESIAN_POINT('Ctrl Pts',(-45.4236380459379,2.84970493356665,138.106395055731));
#2178=CARTESIAN_POINT('Ctrl Pts',(-45.2758321006637,2.84782592502134,138.152946974864));
#2179=CARTESIAN_POINT('Ctrl Pts',(-45.1389356154333,2.84608566854015,138.20302982788));
#2180=CARTESIAN_POINT('Ctrl Pts',(-45.0361804499155,2.84477942358823,138.240622260166));
#2181=CARTESIAN_POINT('Ctrl Pts',(-44.939572950657,2.84355135260905,138.280204401162));
#2182=CARTESIAN_POINT('Ctrl Pts',(-44.8487790822081,2.8423967927363,138.321699923323));
#2183=CARTESIAN_POINT('Ctrl Pts',(-44.7393493878914,2.84100525456193,138.371712577076));
#2184=CARTESIAN_POINT('Ctrl Pts',(-44.6317153264622,2.83963678348956,138.427539946624));
#2185=CARTESIAN_POINT('Ctrl Pts',(-44.5282901940348,2.83832178628327,138.490142142524));
#2186=CARTESIAN_POINT('Ctrl Pts',(-44.4433766924723,2.83724215491409,138.541539433826));
#2187=CARTESIAN_POINT('Ctrl Pts',(-44.3613044534997,2.83619856836922,138.597504869442));
#2188=CARTESIAN_POINT('Ctrl Pts',(-44.2834056149208,2.83520785424936,138.658577384386));
#2189=CARTESIAN_POINT('Ctrl Pts',(-44.2149314376579,2.83433700257175,138.712260985971));
#2190=CARTESIAN_POINT('Ctrl Pts',(-44.1496834353217,2.83350700360782,138.769891199136));
#2191=CARTESIAN_POINT('Ctrl Pts',(-44.0885309467692,2.83272928639665,138.83182903871));
#2192=CARTESIAN_POINT('Ctrl Pts',(-44.0801140293812,2.8326222428131,138.840354050385));
#2193=CARTESIAN_POINT('Ctrl Pts',(-44.071774618214,2.83251618966916,138.848960651432));
#2194=CARTESIAN_POINT('Ctrl Pts',(-44.0635148961669,2.83241115676552,138.857649766393));
#2195=CARTESIAN_POINT('Ctrl Pts',(-43.967489708794,2.8311900739985,138.958666954078));
#2196=CARTESIAN_POINT('Ctrl Pts',(-43.8850886495657,2.83014232743501,139.067828851573));
#2197=CARTESIAN_POINT('Ctrl Pts',(-43.8166021548712,2.82927142571496,139.185897987739));
#2198=CARTESIAN_POINT('Ctrl Pts',(-43.7709613441959,2.82869103887082,139.264581691941));
#2199=CARTESIAN_POINT('Ctrl Pts',(-43.7315021979773,2.82818919172404,139.347222328425));
#2200=CARTESIAN_POINT('Ctrl Pts',(-43.6982952268811,2.82776692272087,139.434047636884));
#2201=CARTESIAN_POINT('Ctrl Pts',(-43.6592103821826,2.82726990905583,139.536241651724));
#2202=CARTESIAN_POINT('Ctrl Pts',(-43.6300335919918,2.82689896561326,139.640979460837));
#2203=CARTESIAN_POINT('Ctrl Pts',(-43.6091913673819,2.82663391586609,139.747426671392));
#2204=CARTESIAN_POINT('Ctrl Pts',(-43.5854826876166,2.82633241352192,139.868513689415));
#2205=CARTESIAN_POINT('Ctrl Pts',(-43.5725518450672,2.82616793519687,139.991810912037));
#2206=CARTESIAN_POINT('Ctrl Pts',(-43.5680573743868,2.82611078226809,140.116065181507));
#2207=CARTESIAN_POINT('Ctrl Pts',(-43.5627251798044,2.82604297661113,140.263479190768));
#2208=CARTESIAN_POINT('Ctrl Pts',(-43.5691652634778,2.82612451620375,140.415109675341));
#2209=CARTESIAN_POINT('Ctrl Pts',(-43.5848841845876,2.82632429814712,140.570117210143));
#2210=CARTESIAN_POINT('Ctrl Pts',(-43.5984441261619,2.82649664022206,140.703834600848));
#2211=CARTESIAN_POINT('Ctrl Pts',(-43.6189085969691,2.82675697430392,140.840064811913));
#2212=CARTESIAN_POINT('Ctrl Pts',(-43.6447159069446,2.82708533370067,140.978275457598));
#2213=CARTESIAN_POINT('Ctrl Pts',(-43.6610492406035,2.82729315092735,141.065748371022));
#2214=CARTESIAN_POINT('Ctrl Pts',(-43.6795234919137,2.82752821616166,141.154014705643));
#2215=CARTESIAN_POINT('Ctrl Pts',(-43.6997535872548,2.82778546763361,141.24294172484));
#2216=CARTESIAN_POINT('Ctrl Pts',(-43.7731076223926,2.82871825777595,141.565389819171));
#2217=CARTESIAN_POINT('Ctrl Pts',(-43.8704278883934,2.82995596777508,141.900363646007));
#2218=CARTESIAN_POINT('Ctrl Pts',(-43.97556948681,2.8312930811403,142.243571543336));
#2219=CARTESIAN_POINT('Ctrl Pts',(-44.0700101242604,2.83249410756995,142.551848886365));
#2220=CARTESIAN_POINT('Ctrl Pts',(-44.1707631570693,2.8337753331487,142.866770165816));
#2221=CARTESIAN_POINT('Ctrl Pts',(-44.2661182941028,2.83498782187864,143.185184720229));
#2222=CARTESIAN_POINT('Ctrl Pts',(-44.3608597674452,2.8361925075648,143.501550098721));
#2223=CARTESIAN_POINT('Ctrl Pts',(-44.4502713685425,2.83732933827553,143.821364312293));
#2224=CARTESIAN_POINT('Ctrl Pts',(-44.5228518247088,2.83825223500703,144.141487047148));
#2225=CARTESIAN_POINT('Ctrl Pts',(-44.5421186031257,2.83849722171235,144.226464934095));
#2226=CARTESIAN_POINT('Ctrl Pts',(-44.5601993582072,2.8387271333737,144.311464275508));
#2227=CARTESIAN_POINT('Ctrl Pts',(-44.5768790957867,2.83893923751714,144.396425718047));
#2228=CARTESIAN_POINT('Ctrl Pts',(-44.6260463570835,2.83956446197245,144.646868593755));
#2229=CARTESIAN_POINT('Ctrl Pts',(-44.6630786892677,2.84003549716271,144.897163536575));
#2230=CARTESIAN_POINT('Ctrl Pts',(-44.6824064318022,2.84028128653049,145.14580827821));
#2231=CARTESIAN_POINT('Ctrl Pts',(-44.703987577183,2.84055573224342,145.423442270271));
#2232=CARTESIAN_POINT('Ctrl Pts',(-44.7034930035634,2.84054934798067,145.699019547202));
#2233=CARTESIAN_POINT('Ctrl Pts',(-44.6731306735304,2.8401632137124,145.970396241852));
#2234=CARTESIAN_POINT('Ctrl Pts',(-44.6658868194679,2.8400710896796,146.03514137735));
#2235=CARTESIAN_POINT('Ctrl Pts',(-44.6569428314915,2.83995735006248,146.099647178227));
#2236=CARTESIAN_POINT('Ctrl Pts',(-44.6461929429272,2.8398206515146,146.163884106308));
#2237=CARTESIAN_POINT('Ctrl Pts',(-44.6149876419893,2.83942383630125,146.350354194821));
#2238=CARTESIAN_POINT('Ctrl Pts',(-44.5692214011445,2.83884194541329,146.530599090303));
#2239=CARTESIAN_POINT('Ctrl Pts',(-44.5081697235655,2.83806565813803,146.704908395839));
#2240=CARTESIAN_POINT('Ctrl Pts',(-44.455584862308,2.83739702853957,146.855044002442));
#2241=CARTESIAN_POINT('Ctrl Pts',(-44.3916653706176,2.83658418260746,147.000778132008));
#2242=CARTESIAN_POINT('Ctrl Pts',(-44.3159411578982,2.83562116456357,147.142303196238));
#2243=CARTESIAN_POINT('Ctrl Pts',(-44.2815506453909,2.83518380532411,147.206577479412));
#2244=CARTESIAN_POINT('Ctrl Pts',(-44.2447248173375,2.83471547210203,147.269983568995));
#2245=CARTESIAN_POINT('Ctrl Pts',(-44.2054157378287,2.83421560700529,147.332538806019));
#2246=CARTESIAN_POINT('Ctrl Pts',(-44.1039745826813,2.83292565329829,147.493969080744));
#2247=CARTESIAN_POINT('Ctrl Pts',(-43.9889177586862,2.83146256830611,147.645068815902));
#2248=CARTESIAN_POINT('Ctrl Pts',(-43.862512253718,2.82985515962986,147.786793014034));
#2249=CARTESIAN_POINT('Ctrl Pts',(-43.8105973920912,2.82919499535121,147.844999277575));
#2250=CARTESIAN_POINT('Ctrl Pts',(-43.7567686766524,2.82851048723553,147.901624687369));
#2251=CARTESIAN_POINT('Ctrl Pts',(-43.7011819377265,2.82780363093216,147.956736838627));
#2252=CARTESIAN_POINT('Ctrl Pts',(-43.5595227094752,2.82600225311516,148.097186610737));
#2253=CARTESIAN_POINT('Ctrl Pts',(-43.4072201593082,2.82406555199259,148.227030704993));
#2254=CARTESIAN_POINT('Ctrl Pts',(-43.2477476205137,2.8220376532864,148.347244566131));
#2255=CARTESIAN_POINT('Ctrl Pts',(-43.1657461779137,2.82099489933885,148.409059033427));
#2256=CARTESIAN_POINT('Ctrl Pts',(-43.0818497652187,2.81992803221062,148.468328095217));
#2257=CARTESIAN_POINT('Ctrl Pts',(-42.9965275330596,2.81884305117405,148.525187315357));
#2258=CARTESIAN_POINT('',(-46.6279229019619,-0.00100000129802602,137.860970727863));
#2259=CARTESIAN_POINT('Origin',(-47.5572360916397,-0.00100000129802602,
145.458725665894));
#2260=CARTESIAN_POINT('',(-48.4865492813174,0.,137.860970727863));
#2261=CARTESIAN_POINT('Origin',(-47.5572360916397,0.,145.458725665894));
#2262=CARTESIAN_POINT('',(-48.4865492813174,2.88865568190935,137.860970727863));
#2263=CARTESIAN_POINT('Origin',(-47.5572360916397,2.87683827907866,145.458725665894));
#2264=CARTESIAN_POINT('',(-48.4865492813174,-0.00100000129802602,137.860970727863));
#2265=CARTESIAN_POINT('Ctrl Pts',(-52.8408562372433,-0.00100000129802602,
148.525187315357));
#2266=CARTESIAN_POINT('Ctrl Pts',(-52.8408562372433,13.003216444966,148.525187315357));
#2267=CARTESIAN_POINT('Ctrl Pts',(-48.1771844945522,-0.00100000129802602,
146.674072499229));
#2268=CARTESIAN_POINT('Ctrl Pts',(-48.1771844945522,13.003216444966,146.674072499229));
#2269=CARTESIAN_POINT('Ctrl Pts',(-50.393518008741,-0.00100000129802602,
142.848336119439));
#2270=CARTESIAN_POINT('Ctrl Pts',(-50.393518008741,13.003216444966,142.848336119439));
#2271=CARTESIAN_POINT('Ctrl Pts',(-54.8163459940329,-0.00100000129802602,
138.713520594492));
#2272=CARTESIAN_POINT('Ctrl Pts',(-54.8163459940329,13.003216444966,138.713520594492));
#2273=CARTESIAN_POINT('Ctrl Pts',(-48.4865492813174,-0.00100000129802602,
137.860970727863));
#2274=CARTESIAN_POINT('Ctrl Pts',(-48.4865492813174,13.003216444966,137.860970727863));
#2275=CARTESIAN_POINT('',(-52.8408562372434,0.,148.525187315357));
#2276=CARTESIAN_POINT('Ctrl Pts',(-48.4865492813174,0.,137.860970727863));
#2277=CARTESIAN_POINT('Ctrl Pts',(-48.7834729134381,0.,137.900962881554));
#2278=CARTESIAN_POINT('Ctrl Pts',(-49.0537826791448,0.,137.949079292859));
#2279=CARTESIAN_POINT('Ctrl Pts',(-49.2997104649222,0.,138.004700306961));
#2280=CARTESIAN_POINT('Ctrl Pts',(-49.5456382506995,0.,138.060321321063));
#2281=CARTESIAN_POINT('Ctrl Pts',(-49.7671840565475,-1.70962964971726E-21,
138.123446937961));
#2282=CARTESIAN_POINT('Ctrl Pts',(-49.9665289940063,0.,138.193469304323));
#2283=CARTESIAN_POINT('Ctrl Pts',(-50.1658739314652,1.70962964971814E-21,
138.263491670686));
#2284=CARTESIAN_POINT('Ctrl Pts',(-50.3430180005349,0.,138.340410786513));
#2285=CARTESIAN_POINT('Ctrl Pts',(-50.5000915378114,0.,138.423630599961));
#2286=CARTESIAN_POINT('Ctrl Pts',(-50.6571650750878,0.,138.50685041341));
#2287=CARTESIAN_POINT('Ctrl Pts',(-50.794168080571,0.,138.59637092448));
#2288=CARTESIAN_POINT('Ctrl Pts',(-50.9131801159127,0.,138.691607882816));
#2289=CARTESIAN_POINT('Ctrl Pts',(-51.0321921512543,0.,138.786844841153));
#2290=CARTESIAN_POINT('Ctrl Pts',(-51.1332132164543,0.,138.887798246756));
#2291=CARTESIAN_POINT('Ctrl Pts',(-51.2182720982202,0.,138.993895650758));
#2292=CARTESIAN_POINT('Ctrl Pts',(-51.3033309799861,0.,139.09999305476));
#2293=CARTESIAN_POINT('Ctrl Pts',(-51.3724276783178,0.,139.211234457161));
#2294=CARTESIAN_POINT('Ctrl Pts',(-51.4275402049785,0.,139.327059210583));
#2295=CARTESIAN_POINT('Ctrl Pts',(-51.4826527316392,0.,139.442883964005));
#2296=CARTESIAN_POINT('Ctrl Pts',(-51.5237810866289,0.,139.563292068447));
#2297=CARTESIAN_POINT('Ctrl Pts',(-51.5528525067665,0.,139.687734678019));
#2298=CARTESIAN_POINT('Ctrl Pts',(-51.581923926904,0.,139.81217728759));
#2299=CARTESIAN_POINT('Ctrl Pts',(-51.5989384121895,2.19052307874022E-19,
139.940654402292));
#2300=CARTESIAN_POINT('Ctrl Pts',(-51.6057724244973,2.16840434497101E-19,
140.07262897772));
#2301=CARTESIAN_POINT('Ctrl Pts',(-51.6126064368052,2.14628561120179E-19,
140.204603553149));
#2302=CARTESIAN_POINT('Ctrl Pts',(-51.6092599761355,0.,140.340075589304));
#2303=CARTESIAN_POINT('Ctrl Pts',(-51.5975587294187,0.,140.478519843272));
#2304=CARTESIAN_POINT('Ctrl Pts',(-51.5858574827018,0.,140.616964097239));
#2305=CARTESIAN_POINT('Ctrl Pts',(-51.5658014499377,0.,140.758380569019));
#2306=CARTESIAN_POINT('Ctrl Pts',(-51.5391655431125,0.,140.902255817185));
#2307=CARTESIAN_POINT('Ctrl Pts',(-51.5125296362873,0.,141.04613106535));
#2308=CARTESIAN_POINT('Ctrl Pts',(-51.479313855401,2.19433142155296E-19,
141.192465089901));
#2309=CARTESIAN_POINT('Ctrl Pts',(-51.4412423374954,2.16840434497101E-19,
141.3407562509));
#2310=CARTESIAN_POINT('Ctrl Pts',(-51.4031708195898,2.14247726838902E-19,
141.489047411899));
#2311=CARTESIAN_POINT('Ctrl Pts',(-51.3602435646648,0.,141.639295709345));
#2312=CARTESIAN_POINT('Ctrl Pts',(-51.314133934818,0.,141.791011304789));
#2313=CARTESIAN_POINT('Ctrl Pts',(-51.2668026751224,0.,141.946746457547));
#2314=CARTESIAN_POINT('Ctrl Pts',(-51.2161184181979,0.,142.104027631881));
#2315=CARTESIAN_POINT('Ctrl Pts',(-51.1638354373229,0.,142.262337949006));
#2316=CARTESIAN_POINT('Ctrl Pts',(-51.1129018912704,0.,142.416562243278));
#2317=CARTESIAN_POINT('Ctrl Pts',(-51.0604508558831,0.,142.571763293936));
#2318=CARTESIAN_POINT('Ctrl Pts',(-51.008052798137,0.,142.727475178176));
#2319=CARTESIAN_POINT('Ctrl Pts',(-50.955654740391,0.,142.883187062416));
#2320=CARTESIAN_POINT('Ctrl Pts',(-50.9033096602863,0.,143.039409780236));
#2321=CARTESIAN_POINT('Ctrl Pts',(-50.8525372498548,0.,143.195689210322));
#2322=CARTESIAN_POINT('Ctrl Pts',(-50.8017648394233,0.,143.351968640407));
#2323=CARTESIAN_POINT('Ctrl Pts',(-50.7525650986651,0.,143.508304782756));
#2324=CARTESIAN_POINT('Ctrl Pts',(-50.7064069446677,0.,143.664255317541));
#2325=CARTESIAN_POINT('Ctrl Pts',(-50.6602487906704,0.,143.820205852326));
#2326=CARTESIAN_POINT('Ctrl Pts',(-50.617132223434,0.,143.975770779546));
#2327=CARTESIAN_POINT('Ctrl Pts',(-50.5784753851019,0.,144.13051958086));
#2328=CARTESIAN_POINT('Ctrl Pts',(-50.5398185467697,0.,144.285268382175));
#2329=CARTESIAN_POINT('Ctrl Pts',(-50.5056214373419,0.,144.439201057584));
#2330=CARTESIAN_POINT('Ctrl Pts',(-50.4772514240175,0.,144.591898890235));
#2331=CARTESIAN_POINT('Ctrl Pts',(-50.4488814106931,0.,144.744596722886));
#2332=CARTESIAN_POINT('Ctrl Pts',(-50.4263384934722,0.,144.896059712779));
#2333=CARTESIAN_POINT('Ctrl Pts',(-50.4109392646096,0.,145.045880944549));
#2334=CARTESIAN_POINT('Ctrl Pts',(-50.395540035747,0.,145.195702176319));
#2335=CARTESIAN_POINT('Ctrl Pts',(-50.3872844952427,0.,145.343881649966));
#2336=CARTESIAN_POINT('Ctrl Pts',(-50.3874384604073,0.,145.490024251613));
#2337=CARTESIAN_POINT('Ctrl Pts',(-50.3876000739922,0.,145.643426677495));
#2338=CARTESIAN_POINT('Ctrl Pts',(-50.3970279266842,0.,145.794584726042));
#2339=CARTESIAN_POINT('Ctrl Pts',(-50.4171258228518,0.,145.943055414526));
#2340=CARTESIAN_POINT('Ctrl Pts',(-50.4362725789522,0.,146.084499674998));
#2341=CARTESIAN_POINT('Ctrl Pts',(-50.4651029180959,0.,146.223505017228));
#2342=CARTESIAN_POINT('Ctrl Pts',(-50.5047785853935,0.,146.35970051657));
#2343=CARTESIAN_POINT('Ctrl Pts',(-50.544454252691,0.,146.495896015913));
#2344=CARTESIAN_POINT('Ctrl Pts',(-50.5949752481424,0.,146.629281672367));
#2345=CARTESIAN_POINT('Ctrl Pts',(-50.6574525419138,0.,146.759498362776));
#2346=CARTESIAN_POINT('Ctrl Pts',(-50.7199298356853,0.,146.889715053186));
#2347=CARTESIAN_POINT('Ctrl Pts',(-50.7943634277769,0.,147.01676277755));
#2348=CARTESIAN_POINT('Ctrl Pts',(-50.8818135134105,0.,147.140294214198));
#2349=CARTESIAN_POINT('Ctrl Pts',(-50.9692635990442,0.,147.263825650847));
#2350=CARTESIAN_POINT('Ctrl Pts',(-51.0697301782201,0.,147.38384079978));
#2351=CARTESIAN_POINT('Ctrl Pts',(-51.1842226712157,0.,147.500004140816));
#2352=CARTESIAN_POINT('Ctrl Pts',(-51.2987151642113,0.,147.616167481852));
#2353=CARTESIAN_POINT('Ctrl Pts',(-51.4272335710266,0.,147.728479014991));
#2354=CARTESIAN_POINT('Ctrl Pts',(-51.5707365369953,0.,147.83661502154));
#2355=CARTESIAN_POINT('Ctrl Pts',(-51.7142395029643,0.,147.944751028088));
#2356=CARTESIAN_POINT('Ctrl Pts',(-51.8727270280866,0.,148.048711508046));
#2357=CARTESIAN_POINT('Ctrl Pts',(-52.0471069827514,0.,148.148184544208));
#2358=CARTESIAN_POINT('Ctrl Pts',(-52.221486937416,0.,148.24765758037));
#2359=CARTESIAN_POINT('Ctrl Pts',(-52.4117593216231,2.15231415532407E-19,
148.342643172736));
#2360=CARTESIAN_POINT('Ctrl Pts',(-52.6187812308177,2.16840434497101E-19,
148.432841205588));
#2361=CARTESIAN_POINT('Ctrl Pts',(-52.6907698131673,2.1739994529812E-19,
148.464206139575));
#2362=CARTESIAN_POINT('Ctrl Pts',(-52.7647832819153,0.,148.49499227109));
#2363=CARTESIAN_POINT('Ctrl Pts',(-52.8408562372433,0.,148.525187315357));
#2364=CARTESIAN_POINT('',(-52.8408562372434,2.94402625010768,148.525187315357));
#2365=CARTESIAN_POINT('Ctrl Pts',(-52.8408562372433,2.94402625010768,148.525187315357));
#2366=CARTESIAN_POINT('Ctrl Pts',(-52.5652217165262,2.94052120552041,148.415781856893));
#2367=CARTESIAN_POINT('Ctrl Pts',(-52.3195374344242,2.93739671288246,148.299776774539));
#2368=CARTESIAN_POINT('Ctrl Pts',(-52.1005956371716,2.93461249053067,148.178278491553));
#2369=CARTESIAN_POINT('Ctrl Pts',(-51.9086621075542,2.9321717248572,148.071768018958));
#2370=CARTESIAN_POINT('Ctrl Pts',(-51.7372795541414,2.92999245718193,147.961035848806));
#2371=CARTESIAN_POINT('Ctrl Pts',(-51.5843203069783,2.92804754975046,147.846805096072));
#2372=CARTESIAN_POINT('Ctrl Pts',(-51.4841358831924,2.92677368475732,147.771986852955));
#2373=CARTESIAN_POINT('Ctrl Pts',(-51.3918556010598,2.92560035837397,147.69566730687));
#2374=CARTESIAN_POINT('Ctrl Pts',(-51.3068926039532,2.9245199454694,147.61804388203));
#2375=CARTESIAN_POINT('Ctrl Pts',(-51.1928087336486,2.92306922350952,147.513815205624));
#2376=CARTESIAN_POINT('Ctrl Pts',(-51.0872547825229,2.92172693787104,147.402978820124));
#2377=CARTESIAN_POINT('Ctrl Pts',(-50.9914743340025,2.92050901379895,147.284862486469));
#2378=CARTESIAN_POINT('Ctrl Pts',(-50.9035206156223,2.91939061278392,147.176398066987));
#2379=CARTESIAN_POINT('Ctrl Pts',(-50.8238132712774,2.91837707925569,147.061793478249));
#2380=CARTESIAN_POINT('Ctrl Pts',(-50.7533290114849,2.91748074477756,146.940539273819));
#2381=CARTESIAN_POINT('Ctrl Pts',(-50.7139514676241,2.91697998829193,146.872798011198));
#2382=CARTESIAN_POINT('Ctrl Pts',(-50.6774524797556,2.91651581124634,146.802981612315));
#2383=CARTESIAN_POINT('Ctrl Pts',(-50.6439955644742,2.91609036388398,146.731005471314));
#2384=CARTESIAN_POINT('Ctrl Pts',(-50.5547676223428,2.91495571676218,146.539048654914));
#2385=CARTESIAN_POINT('Ctrl Pts',(-50.4911952938501,2.91414728318989,146.340402559946));
#2386=CARTESIAN_POINT('Ctrl Pts',(-50.4496503114233,2.91361900135506,146.135889719276));
#2387=CARTESIAN_POINT('Ctrl Pts',(-50.4256058433126,2.91331325430718,146.017526389013));
#2388=CARTESIAN_POINT('Ctrl Pts',(-50.4089411356548,2.91310134693754,145.897197414415));
#2389=CARTESIAN_POINT('Ctrl Pts',(-50.3989541497932,2.91297434967085,145.77506142));
#2390=CARTESIAN_POINT('Ctrl Pts',(-50.3897609730937,2.9128574467004,145.662633326719));
#2391=CARTESIAN_POINT('Ctrl Pts',(-50.3863016680858,2.91281374768549,145.549544945468));
#2392=CARTESIAN_POINT('Ctrl Pts',(-50.3877572363289,2.91283239079359,145.436284523531));
#2393=CARTESIAN_POINT('Ctrl Pts',(-50.3897339532316,2.91285770884176,145.282472573098));
#2394=CARTESIAN_POINT('Ctrl Pts',(-50.4007735924727,2.9129980024135,145.12834461097));
#2395=CARTESIAN_POINT('Ctrl Pts',(-50.4187224192364,2.91322606712992,144.975134068306));
#2396=CARTESIAN_POINT('Ctrl Pts',(-50.434362582348,2.91342479707542,144.841630195925));
#2397=CARTESIAN_POINT('Ctrl Pts',(-50.4552434658307,2.91369017119444,144.708824124355));
#2398=CARTESIAN_POINT('Ctrl Pts',(-50.4799397005197,2.91400419023522,144.577518351263));
#2399=CARTESIAN_POINT('Ctrl Pts',(-50.488662207396,2.91411509917648,144.531142232671));
#2400=CARTESIAN_POINT('Ctrl Pts',(-50.4978609876851,2.91423207630065,144.48495305781));
#2401=CARTESIAN_POINT('Ctrl Pts',(-50.5074748310155,2.914354328584,144.438985352539));
#2402=CARTESIAN_POINT('Ctrl Pts',(-50.5713764974698,2.91516691979913,144.13344542756));
#2403=CARTESIAN_POINT('Ctrl Pts',(-50.6562043119514,2.91624550743799,143.825335780687));
#2404=CARTESIAN_POINT('Ctrl Pts',(-50.7505130103633,2.91744469732603,143.517994328684));
#2405=CARTESIAN_POINT('Ctrl Pts',(-50.8494660291142,2.91870294244525,143.195517558513));
#2406=CARTESIAN_POINT('Ctrl Pts',(-50.9588559390021,2.92009396063553,142.873886726867));
#2407=CARTESIAN_POINT('Ctrl Pts',(-51.0654737739207,2.92144980232691,142.556897427363));
#2408=CARTESIAN_POINT('Ctrl Pts',(-51.1720916088394,2.92280564401829,142.23990812786));
#2409=CARTESIAN_POINT('Ctrl Pts',(-51.2759372940318,2.92412630921076,141.927559960899));
#2410=CARTESIAN_POINT('Ctrl Pts',(-51.3638198738527,2.92524384833436,141.623591894323));
#2411=CARTESIAN_POINT('Ctrl Pts',(-51.4058692568028,2.92577855988546,141.478151584513));
#2412=CARTESIAN_POINT('Ctrl Pts',(-51.4444732562999,2.92626982203065,141.333922380783));
#2413=CARTESIAN_POINT('Ctrl Pts',(-51.4780236734051,2.92669662341691,141.191468939965));
#2414=CARTESIAN_POINT('Ctrl Pts',(-51.5150146708953,2.92716719309594,141.034406962009));
#2415=CARTESIAN_POINT('Ctrl Pts',(-51.5458616209227,2.92755940327573,140.87950399847));
#2416=CARTESIAN_POINT('Ctrl Pts',(-51.5683439818163,2.92784509293663,140.727528260509));
#2417=CARTESIAN_POINT('Ctrl Pts',(-51.5884740993589,2.92810089198202,140.591453162202));
#2418=CARTESIAN_POINT('Ctrl Pts',(-51.6018963238332,2.92827129413538,140.457725296181));
#2419=CARTESIAN_POINT('Ctrl Pts',(-51.6069914341757,2.92833608496376,140.326898012119));
#2420=CARTESIAN_POINT('Ctrl Pts',(-51.611839196651,2.92839773044844,140.202421885835));
#2421=CARTESIAN_POINT('Ctrl Pts',(-51.609263015935,2.92836488810408,140.077773254737));
#2422=CARTESIAN_POINT('Ctrl Pts',(-51.5967796501399,2.92820607939189,139.954393227927));
#2423=CARTESIAN_POINT('Ctrl Pts',(-51.5869152076762,2.92808058764312,139.856897472727));
#2424=CARTESIAN_POINT('Ctrl Pts',(-51.570859848654,2.92787643908933,139.760194828202));
#2425=CARTESIAN_POINT('Ctrl Pts',(-51.5473920818967,2.92757810138273,139.664985412699));
#2426=CARTESIAN_POINT('Ctrl Pts',(-51.5351741506719,2.92742277899442,139.615416908691));
#2427=CARTESIAN_POINT('Ctrl Pts',(-51.5209474944175,2.92724192649431,139.566252876805));
#2428=CARTESIAN_POINT('Ctrl Pts',(-51.5045453271993,2.92703335201213,139.517589508683));
#2429=CARTESIAN_POINT('Ctrl Pts',(-51.4660735352984,2.92654413409555,139.403448069525));
#2430=CARTESIAN_POINT('Ctrl Pts',(-51.4169171892599,2.92591896995687,139.295879570521));
#2431=CARTESIAN_POINT('Ctrl Pts',(-51.3570467504688,2.92515765876832,139.194493608429));
#2432=CARTESIAN_POINT('Ctrl Pts',(-51.3022666267636,2.92446107591493,139.101727701622));
#2433=CARTESIAN_POINT('Ctrl Pts',(-51.2385209667349,2.92365051287318,139.014136708261));
#2434=CARTESIAN_POINT('Ctrl Pts',(-51.1658033661359,2.92272581580797,138.931426042232));
#2435=CARTESIAN_POINT('Ctrl Pts',(-51.1026719624053,2.92192301946607,138.859618936292));
#2436=CARTESIAN_POINT('Ctrl Pts',(-51.0342293257458,2.9210524852077,138.793149858548));
#2437=CARTESIAN_POINT('Ctrl Pts',(-50.9616236568134,2.92012917152977,138.731526822188));
#2438=CARTESIAN_POINT('Ctrl Pts',(-50.8439645180205,2.91863292070284,138.631665289412));
#2439=CARTESIAN_POINT('Ctrl Pts',(-50.715380036513,2.91699806615861,138.544525303313));
#2440=CARTESIAN_POINT('Ctrl Pts',(-50.5809194993022,2.91528826595121,138.46800916205));
#2441=CARTESIAN_POINT('Ctrl Pts',(-50.5680933310477,2.91512516839414,138.460710300076));
#2442=CARTESIAN_POINT('Ctrl Pts',(-50.5552136749349,2.91496138888997,138.453508150516));
#2443=CARTESIAN_POINT('Ctrl Pts',(-50.5422848740583,2.91479698269217,138.446400927577));
#2444=CARTESIAN_POINT('Ctrl Pts',(-50.2751402713032,2.91139989824328,138.299546144456));
#2445=CARTESIAN_POINT('Ctrl Pts',(-49.9492105346073,2.90725540129785,138.172439915909));
#2446=CARTESIAN_POINT('Ctrl Pts',(-49.555278346999,2.9022460421432,138.067485908339));
#2447=CARTESIAN_POINT('Ctrl Pts',(-49.2432375806279,2.8982780387182,137.984349952491));
#2448=CARTESIAN_POINT('Ctrl Pts',(-48.8885297749084,2.89376737673474,137.915112816741));
#2449=CARTESIAN_POINT('Ctrl Pts',(-48.4865492813174,2.88865568190935,137.860970727863));
#2450=CARTESIAN_POINT('',(-52.8408562372434,-0.00100000129802602,148.525187315357));
#2451=CARTESIAN_POINT('Ctrl Pts',(-62.4405422113663,-0.00100000129802602,
149.815998102716));
#2452=CARTESIAN_POINT('Ctrl Pts',(-62.4405422113663,13.003216444966,149.815998102716));
#2453=CARTESIAN_POINT('Ctrl Pts',(-58.2189450705962,-0.00100000129802602,
149.170592709036));
#2454=CARTESIAN_POINT('Ctrl Pts',(-58.2189450705962,13.003216444966,149.170592709036));
#2455=CARTESIAN_POINT('Ctrl Pts',(-52.8408562372434,-0.00100000129802602,
148.525187315357));
#2456=CARTESIAN_POINT('Ctrl Pts',(-52.8408562372434,13.003216444966,148.525187315357));
#2457=CARTESIAN_POINT('',(-62.4405422113663,0.,149.815998102716));
#2458=CARTESIAN_POINT('Ctrl Pts',(-52.8408562372434,0.,148.525187315357));
#2459=CARTESIAN_POINT('Ctrl Pts',(-56.4262487928119,0.,148.95545757781));
#2460=CARTESIAN_POINT('Ctrl Pts',(-59.6261441175196,0.,149.385727840263));
#2461=CARTESIAN_POINT('Ctrl Pts',(-62.4405422113663,0.,149.815998102716));
#2462=CARTESIAN_POINT('',(-62.4405422113663,3.06609850461176,149.815998102716));
#2463=CARTESIAN_POINT('Ctrl Pts',(-62.4405422113663,3.06609850461176,149.815998102716));
#2464=CARTESIAN_POINT('Ctrl Pts',(-61.5523154632477,3.05480356830385,149.680204393622));
#2465=CARTESIAN_POINT('Ctrl Pts',(-60.6554102037927,3.04339823341901,149.548954958646));
#2466=CARTESIAN_POINT('Ctrl Pts',(-59.7593824917288,3.03200411573691,149.42252616784));
#2467=CARTESIAN_POINT('Ctrl Pts',(-59.1482234710919,3.02423246123354,149.33629212069));
#2468=CARTESIAN_POINT('Ctrl Pts',(-58.5374749861178,3.01646602528364,149.252300770763));
#2469=CARTESIAN_POINT('Ctrl Pts',(-57.930172477592,3.00874339908717,149.170639815985));
#2470=CARTESIAN_POINT('Ctrl Pts',(-56.7856751976677,2.9941896560157,149.016744945954));
#2471=CARTESIAN_POINT('Ctrl Pts',(-55.6312105138775,2.97950913969055,148.868141879981));
#2472=CARTESIAN_POINT('Ctrl Pts',(-54.4794035461383,2.96486245934362,148.725154298036));
#2473=CARTESIAN_POINT('Ctrl Pts',(-53.9321686844597,2.95790367691028,148.657219486197));
#2474=CARTESIAN_POINT('Ctrl Pts',(-53.385534746057,2.9509525322517,148.590552254149));
#2475=CARTESIAN_POINT('Ctrl Pts',(-52.8408562372434,2.94402625010768,148.525187315357));
#2476=CARTESIAN_POINT('',(-62.4405422113663,-0.00100000129802602,149.815998102716));
#2477=CARTESIAN_POINT('Ctrl Pts',(-66.8547309363461,-0.00100000129802602,
160.48021469021));
#2478=CARTESIAN_POINT('Ctrl Pts',(-66.8547309363461,13.003216444966,160.48021469021));
#2479=CARTESIAN_POINT('Ctrl Pts',(-60.5291236104644,-0.00100000129802602,
159.625261692554));
#2480=CARTESIAN_POINT('Ctrl Pts',(-60.5291236104644,13.003216444966,159.625261692554));
#2481=CARTESIAN_POINT('Ctrl Pts',(-64.9355496375668,-0.00100000129802602,
155.486653290808));
#2482=CARTESIAN_POINT('Ctrl Pts',(-64.9355496375668,13.003216444966,155.486653290808));
#2483=CARTESIAN_POINT('Ctrl Pts',(-67.2078715634755,-0.00100000129802602,
151.630614234618));
#2484=CARTESIAN_POINT('Ctrl Pts',(-67.2078715634755,13.003216444966,151.630614234618));
#2485=CARTESIAN_POINT('Ctrl Pts',(-62.4405422113663,-0.00100000129802602,
149.815998102716));
#2486=CARTESIAN_POINT('Ctrl Pts',(-62.4405422113663,13.003216444966,149.815998102716));
#2487=CARTESIAN_POINT('',(-66.8547309363461,0.,160.48021469021));
#2488=CARTESIAN_POINT('Ctrl Pts',(-62.4405422113663,0.,149.815998102716));
#2489=CARTESIAN_POINT('Ctrl Pts',(-62.666487133323,0.,149.90200082458));
#2490=CARTESIAN_POINT('Ctrl Pts',(-62.874638532694,0.,149.993163209364));
#2491=CARTESIAN_POINT('Ctrl Pts',(-63.0659031060253,0.,150.089163509112));
#2492=CARTESIAN_POINT('Ctrl Pts',(-63.2571676793566,0.,150.18516380886));
#2493=CARTESIAN_POINT('Ctrl Pts',(-63.4315454266482,2.18569115518599E-19,
150.286002023574));
#2494=CARTESIAN_POINT('Ctrl Pts',(-63.5899938791186,2.16840434497101E-19,
150.391344863802));
#2495=CARTESIAN_POINT('Ctrl Pts',(-63.7484423315892,2.15111753475601E-19,
150.49668770403));
#2496=CARTESIAN_POINT('Ctrl Pts',(-63.8909614892386,-1.79746318574663E-21,
150.606535169773));
#2497=CARTESIAN_POINT('Ctrl Pts',(-64.0185597179583,0.,150.720542430084));
#2498=CARTESIAN_POINT('Ctrl Pts',(-64.1461579466778,1.79746318574372E-21,
150.834549690395));
#2499=CARTESIAN_POINT('Ctrl Pts',(-64.2588352464677,0.,150.952716745274));
#2500=CARTESIAN_POINT('Ctrl Pts',(-64.3576508178921,0.,151.074687222278));
#2501=CARTESIAN_POINT('Ctrl Pts',(-64.4564663893166,0.,151.196657699283));
#2502=CARTESIAN_POINT('Ctrl Pts',(-64.5414202323756,0.,151.322431598413));
#2503=CARTESIAN_POINT('Ctrl Pts',(-64.613622382306,0.,151.45164100573));
#2504=CARTESIAN_POINT('Ctrl Pts',(-64.6858245322364,0.,151.580850413047));
#2505=CARTESIAN_POINT('Ctrl Pts',(-64.7452749890383,0.,151.71349532855));
#2506=CARTESIAN_POINT('Ctrl Pts',(-64.7931346226212,0.,151.849196296805));
#2507=CARTESIAN_POINT('Ctrl Pts',(-64.8409942562041,0.,151.98489726506));
#2508=CARTESIAN_POINT('Ctrl Pts',(-64.8772630665681,0.,152.123654286067));
#2509=CARTESIAN_POINT('Ctrl Pts',(-64.9031527582956,0.,152.265076362895));
#2510=CARTESIAN_POINT('Ctrl Pts',(-64.9290424500231,0.,152.406498439722));
#2511=CARTESIAN_POINT('Ctrl Pts',(-64.944553023114,0.,152.55058557237));
#2512=CARTESIAN_POINT('Ctrl Pts',(-64.9509470168236,0.,152.696935222412));
#2513=CARTESIAN_POINT('Ctrl Pts',(-64.9573410105332,0.,152.843284872453));
#2514=CARTESIAN_POINT('Ctrl Pts',(-64.9546184248614,0.,152.991897039888));
#2515=CARTESIAN_POINT('Ctrl Pts',(-64.9440926337362,0.,153.142357644793));
#2516=CARTESIAN_POINT('Ctrl Pts',(-64.933566842611,0.,153.292818249698));
#2517=CARTESIAN_POINT('Ctrl Pts',(-64.9152378460323,0.,153.445127292073));
#2518=CARTESIAN_POINT('Ctrl Pts',(-64.8904698526008,0.,153.598859150498));
#2519=CARTESIAN_POINT('Ctrl Pts',(-64.8657018591693,0.,153.752591008923));
#2520=CARTESIAN_POINT('Ctrl Pts',(-64.8344948688851,0.,153.907745683398));
#2521=CARTESIAN_POINT('Ctrl Pts',(-64.7982639250216,0.,154.063886011008));
#2522=CARTESIAN_POINT('Ctrl Pts',(-64.7620329811579,0.,154.220026338619));
#2523=CARTESIAN_POINT('Ctrl Pts',(-64.7207780837148,0.,154.377152319364));
#2524=CARTESIAN_POINT('Ctrl Pts',(-64.6759651106384,0.,154.534815248832));
#2525=CARTESIAN_POINT('Ctrl Pts',(-64.6307804894257,0.,154.693785726759));
#2526=CARTESIAN_POINT('Ctrl Pts',(-64.5819784596378,0.,154.853302112797));
#2527=CARTESIAN_POINT('Ctrl Pts',(-64.5311139995254,0.,155.012892565856));
#2528=CARTESIAN_POINT('Ctrl Pts',(-64.4806679048059,0.,155.171170371095));
#2529=CARTESIAN_POINT('Ctrl Pts',(-64.4281932381909,0.,155.32952101393));
#2530=CARTESIAN_POINT('Ctrl Pts',(-64.37525796856,0.,155.487472611238));
#2531=CARTESIAN_POINT('Ctrl Pts',(-64.322322698929,0.,155.645424208546));
#2532=CARTESIAN_POINT('Ctrl Pts',(-64.2689268262822,0.,155.802976760327));
#2533=CARTESIAN_POINT('Ctrl Pts',(-64.2166891541719,0.,155.959646841965));
#2534=CARTESIAN_POINT('Ctrl Pts',(-64.1644514820616,0.,156.116316923602));
#2535=CARTESIAN_POINT('Ctrl Pts',(-64.1133720104878,0.,156.272104535095));
#2536=CARTESIAN_POINT('Ctrl Pts',(-64.0651203776757,0.,156.42651471033));
#2537=CARTESIAN_POINT('Ctrl Pts',(-64.0168687448635,0.,156.580924885565));
#2538=CARTESIAN_POINT('Ctrl Pts',(-63.9714449508129,0.,156.733957624542));
#2539=CARTESIAN_POINT('Ctrl Pts',(-63.9305694684219,0.,156.885106419652));
#2540=CARTESIAN_POINT('Ctrl Pts',(-63.8896939860308,0.,157.036255214761));
#2541=CARTESIAN_POINT('Ctrl Pts',(-63.8533668152993,0.,157.185520066003));
#2542=CARTESIAN_POINT('Ctrl Pts',(-63.8233592637978,0.,157.332382924271));
#2543=CARTESIAN_POINT('Ctrl Pts',(-63.7933517122963,0.,157.479245782539));
#2544=CARTESIAN_POINT('Ctrl Pts',(-63.769663780025,0.,157.623706647833));
#2545=CARTESIAN_POINT('Ctrl Pts',(-63.7541176092271,0.,157.765235929552));
#2546=CARTESIAN_POINT('Ctrl Pts',(-63.7385714384292,0.,157.90676521127));
#2547=CARTESIAN_POINT('Ctrl Pts',(-63.7311670291047,0.,158.045362909413));
#2548=CARTESIAN_POINT('Ctrl Pts',(-63.7337773581699,0.,158.180487891882));
#2549=CARTESIAN_POINT('Ctrl Pts',(-63.736428277766,0.,158.317714063379));
#2550=CARTESIAN_POINT('Ctrl Pts',(-63.7494076781028,0.,158.451358709354));
#2551=CARTESIAN_POINT('Ctrl Pts',(-63.7747309331295,0.,158.580842877068));
#2552=CARTESIAN_POINT('Ctrl Pts',(-63.7996664418172,0.,158.708344400294));
#2553=CARTESIAN_POINT('Ctrl Pts',(-63.8365708170749,2.05119015514589E-21,
158.831811849065));
#2554=CARTESIAN_POINT('Ctrl Pts',(-63.8874194956416,0.,158.950680828821));
#2555=CARTESIAN_POINT('Ctrl Pts',(-63.9382681742084,-2.05119015514599E-21,
159.069549808576));
#2556=CARTESIAN_POINT('Ctrl Pts',(-64.0030611560842,0.,159.183820319317));
#2557=CARTESIAN_POINT('Ctrl Pts',(-64.083824712681,0.,159.292916424985));
#2558=CARTESIAN_POINT('Ctrl Pts',(-64.1645882692778,0.,159.402012530653));
#2559=CARTESIAN_POINT('Ctrl Pts',(-64.2613224005954,0.,159.505934231249));
#2560=CARTESIAN_POINT('Ctrl Pts',(-64.3761042127185,0.,159.60409404922));
#2561=CARTESIAN_POINT('Ctrl Pts',(-64.4940095182899,0.,159.704925035582));
#2562=CARTESIAN_POINT('Ctrl Pts',(-64.6309578656449,0.,159.799676338733));
#2563=CARTESIAN_POINT('Ctrl Pts',(-64.7892564348303,0.,159.887698524281));
#2564=CARTESIAN_POINT('Ctrl Pts',(-64.9433614306958,0.,159.973388866333));
#2565=CARTESIAN_POINT('Ctrl Pts',(-65.1177006650791,0.,160.052701844631));
#2566=CARTESIAN_POINT('Ctrl Pts',(-65.3144542967459,0.,160.125026584556));
#2567=CARTESIAN_POINT('Ctrl Pts',(-65.519239148709,0.,160.200303523709));
#2568=CARTESIAN_POINT('Ctrl Pts',(-65.7483052131958,0.,160.268010166636));
#2569=CARTESIAN_POINT('Ctrl Pts',(-66.0041691552922,0.,160.327444459578));
#2570=CARTESIAN_POINT('Ctrl Pts',(-66.2600330973886,0.,160.38687875252));
#2571=CARTESIAN_POINT('Ctrl Pts',(-66.5426949170947,0.,160.438040695478));
#2572=CARTESIAN_POINT('Ctrl Pts',(-66.8547309363461,0.,160.48021469021));
#2573=CARTESIAN_POINT('',(-66.8547309363461,3.12223054590117,160.48021469021));
#2574=CARTESIAN_POINT('Ctrl Pts',(-66.8547309363461,3.12223054590117,160.48021469021));
#2575=CARTESIAN_POINT('Ctrl Pts',(-66.6573802103358,3.11972097963858,160.453541268023));
#2576=CARTESIAN_POINT('Ctrl Pts',(-66.4718868444774,3.11736149860547,160.423288300587));
#2577=CARTESIAN_POINT('Ctrl Pts',(-66.2974914322593,3.11514331657294,160.389630838645));
#2578=CARTESIAN_POINT('Ctrl Pts',(-66.1191406990536,3.1128748257517,160.355210019089));
#2579=CARTESIAN_POINT('Ctrl Pts',(-65.9523972558989,3.11075411599018,160.317228466171));
#2580=CARTESIAN_POINT('Ctrl Pts',(-65.7965027685178,3.10877178957833,160.275857682028));
#2581=CARTESIAN_POINT('Ctrl Pts',(-65.6342432800278,3.10670852695109,160.232797774097));
#2582=CARTESIAN_POINT('Ctrl Pts',(-65.4837368501103,3.10479517843956,160.186066200906));
#2583=CARTESIAN_POINT('Ctrl Pts',(-65.3441837906279,3.10302114760151,160.135840087366));
#2584=CARTESIAN_POINT('Ctrl Pts',(-65.2377229892107,3.10166779321818,160.097524106912));
#2585=CARTESIAN_POINT('Ctrl Pts',(-65.1376379237592,3.10039551756746,160.05717405634));
#2586=CARTESIAN_POINT('Ctrl Pts',(-65.0435929839136,3.09919961617416,160.014862834414));
#2587=CARTESIAN_POINT('Ctrl Pts',(-64.9331078738305,3.09779465704182,159.965155109364));
#2588=CARTESIAN_POINT('Ctrl Pts',(-64.8241346018262,3.09640915948945,159.909673861076));
#2589=CARTESIAN_POINT('Ctrl Pts',(-64.7191859158881,3.09507479596851,159.847476621545));
#2590=CARTESIAN_POINT('Ctrl Pts',(-64.6312775647641,3.09395709072164,159.795378239152));
#2591=CARTESIAN_POINT('Ctrl Pts',(-64.5461973652777,3.09287526248892,159.738566221511));
#2592=CARTESIAN_POINT('Ctrl Pts',(-64.4654188426931,3.09184792532852,159.676478565259));
#2593=CARTESIAN_POINT('Ctrl Pts',(-64.3955958847138,3.09095992048408,159.622811530076));
#2594=CARTESIAN_POINT('Ctrl Pts',(-64.328988358443,3.0901126283513,159.565202288538));
#2595=CARTESIAN_POINT('Ctrl Pts',(-64.2665124456498,3.08931807013726,159.503292872043));
#2596=CARTESIAN_POINT('Ctrl Pts',(-64.2567096684732,3.08919340005598,159.493578980915));
#2597=CARTESIAN_POINT('Ctrl Pts',(-64.2470085051499,3.08907002823891,159.483759242882));
#2598=CARTESIAN_POINT('Ctrl Pts',(-64.2374123687971,3.08894800112237,159.47383230033));
#2599=CARTESIAN_POINT('Ctrl Pts',(-64.1413057296142,3.08772588259167,159.374412591093));
#2600=CARTESIAN_POINT('Ctrl Pts',(-64.0583459525642,3.08667103440944,159.266948151555));
#2601=CARTESIAN_POINT('Ctrl Pts',(-63.9890905449845,3.08579035803299,159.150622656794));
#2602=CARTESIAN_POINT('Ctrl Pts',(-63.9407670014779,3.08517585867936,159.069455563805));
#2603=CARTESIAN_POINT('Ctrl Pts',(-63.8991180921535,3.08464615779677,158.983973110932));
#2604=CARTESIAN_POINT('Ctrl Pts',(-63.8643156164221,3.08420359991661,158.893895454125));
#2605=CARTESIAN_POINT('Ctrl Pts',(-63.8226030185405,3.08367317101734,158.785932644079));
#2606=CARTESIAN_POINT('Ctrl Pts',(-63.7921839030338,3.08328641568986,158.675139515276));
#2607=CARTESIAN_POINT('Ctrl Pts',(-63.7712186424889,3.08301979901646,158.562432681955));
#2608=CARTESIAN_POINT('Ctrl Pts',(-63.7504919406035,3.0827562161101,158.451008312596));
#2609=CARTESIAN_POINT('Ctrl Pts',(-63.739000108512,3.08261005335518,158.337715080542));
#2610=CARTESIAN_POINT('Ctrl Pts',(-63.7349514991222,3.08255857012154,158.223454944473));
#2611=CARTESIAN_POINT('Ctrl Pts',(-63.7298196533064,3.08249331215475,158.078623634572));
#2612=CARTESIAN_POINT('Ctrl Pts',(-63.7365630496795,3.08257873808292,157.929869711878));
#2613=CARTESIAN_POINT('Ctrl Pts',(-63.7527348216308,3.0827842979455,157.778018928886));
#2614=CARTESIAN_POINT('Ctrl Pts',(-63.7669080254353,3.08296445395037,157.644934434392));
#2615=CARTESIAN_POINT('Ctrl Pts',(-63.788322786249,3.08323688548516,157.509471480563));
#2616=CARTESIAN_POINT('Ctrl Pts',(-63.815372335818,3.08358102692426,157.372179462924));
#2617=CARTESIAN_POINT('Ctrl Pts',(-63.8302816805799,3.0837707130168,157.296505965337));
#2618=CARTESIAN_POINT('Ctrl Pts',(-63.8469036888506,3.08398218504329,157.220276646288));
#2619=CARTESIAN_POINT('Ctrl Pts',(-63.8649761313964,3.0842119992072,157.143582143417));
#2620=CARTESIAN_POINT('Ctrl Pts',(-63.9340419726498,3.0850902594934,156.85048560448));
#2621=CARTESIAN_POINT('Ctrl Pts',(-64.0250376791719,3.08624750244344,156.547451336669));
#2622=CARTESIAN_POINT('Ctrl Pts',(-64.1250692499288,3.08751959930305,156.238131984319));
#2623=CARTESIAN_POINT('Ctrl Pts',(-64.2264169981491,3.08880843393059,155.924742725263));
#2624=CARTESIAN_POINT('Ctrl Pts',(-64.3370406236699,3.09021516475991,155.604901193178));
#2625=CARTESIAN_POINT('Ctrl Pts',(-64.443518109641,3.0915690987878,155.282462008713));
#2626=CARTESIAN_POINT('Ctrl Pts',(-64.5424040508354,3.09282650113386,154.983011829712));
#2627=CARTESIAN_POINT('Ctrl Pts',(-64.6377138750013,3.09403836682353,154.681321460387));
#2628=CARTESIAN_POINT('Ctrl Pts',(-64.7186828428602,3.09506797146239,154.380528038987));
#2629=CARTESIAN_POINT('Ctrl Pts',(-64.7248988887167,3.09514701495051,154.35743591184));
#2630=CARTESIAN_POINT('Ctrl Pts',(-64.7310304069608,3.0952249842388,154.334349095856));
#2631=CARTESIAN_POINT('Ctrl Pts',(-64.7370725238785,3.09530181746398,154.311269022979));
#2632=CARTESIAN_POINT('Ctrl Pts',(-64.7894201802453,3.09596748470017,154.111308025807));
#2633=CARTESIAN_POINT('Ctrl Pts',(-64.8351696187021,3.09654948176947,153.911438098563));
#2634=CARTESIAN_POINT('Ctrl Pts',(-64.8710219713329,3.09700546511714,153.712684813553));
#2635=CARTESIAN_POINT('Ctrl Pts',(-64.911522908746,3.09752057086809,153.488161350902));
#2636=CARTESIAN_POINT('Ctrl Pts',(-64.9393925901374,3.09787486676051,153.265062759075));
#2637=CARTESIAN_POINT('Ctrl Pts',(-64.9498185629077,3.0980073106809,153.044904882106));
#2638=CARTESIAN_POINT('Ctrl Pts',(-64.9558386263627,3.09808378515695,152.917783469198));
#2639=CARTESIAN_POINT('Ctrl Pts',(-64.956041991824,3.09808629361161,152.791643183176));
#2640=CARTESIAN_POINT('Ctrl Pts',(-64.9494985046073,3.09800308482342,152.666780468464));
#2641=CARTESIAN_POINT('Ctrl Pts',(-64.9352035089942,3.09782130571655,152.394003598891));
#2642=CARTESIAN_POINT('Ctrl Pts',(-64.8888079043258,3.09723136890584,152.129284389573));
#2643=CARTESIAN_POINT('Ctrl Pts',(-64.8020002035341,3.09612747817204,151.874756242176));
#2644=CARTESIAN_POINT('Ctrl Pts',(-64.771454891071,3.09573904849263,151.78519458207));
#2645=CARTESIAN_POINT('Ctrl Pts',(-64.7359060059131,3.0952869836998,151.696894923896));
#2646=CARTESIAN_POINT('Ctrl Pts',(-64.6949892192807,3.09476667455586,151.609951630125));
#2647=CARTESIAN_POINT('Ctrl Pts',(-64.6392279181878,3.09405759847182,151.491465512788));
#2648=CARTESIAN_POINT('Ctrl Pts',(-64.5751003577793,3.09324206056369,151.378917709479));
#2649=CARTESIAN_POINT('Ctrl Pts',(-64.5033482903646,3.09232965465633,151.271913544843));
#2650=CARTESIAN_POINT('Ctrl Pts',(-64.411947863573,3.09116739839886,151.135607697936));
#2651=CARTESIAN_POINT('Ctrl Pts',(-64.3081820786684,3.0898479582853,151.008296072765));
#2652=CARTESIAN_POINT('Ctrl Pts',(-64.19362180944,3.08839116479448,150.889124495597));
#2653=CARTESIAN_POINT('Ctrl Pts',(-64.1535791355998,3.0878819663874,150.847470014268));
#2654=CARTESIAN_POINT('Ctrl Pts',(-64.1122173706285,3.08735598699605,150.806809866493));
#2655=CARTESIAN_POINT('Ctrl Pts',(-64.0696016279469,3.08681407345841,150.767107384281));
#2656=CARTESIAN_POINT('Ctrl Pts',(-63.9546866422936,3.08535278280652,150.660048117287));
#2657=CARTESIAN_POINT('Ctrl Pts',(-63.8257411869367,3.08371349370092,150.555370914999));
#2658=CARTESIAN_POINT('Ctrl Pts',(-63.6811023150013,3.081874453511,150.453640209568));
#2659=CARTESIAN_POINT('Ctrl Pts',(-63.5302095195146,3.07995589654524,150.347510852198));
#2660=CARTESIAN_POINT('Ctrl Pts',(-63.3622363925347,3.07781994130012,150.244588327415));
#2661=CARTESIAN_POINT('Ctrl Pts',(-63.1752424695238,3.07544188975095,150.145538492482));
#2662=CARTESIAN_POINT('Ctrl Pts',(-62.9721896431973,3.07285961284891,150.037982329125));
#2663=CARTESIAN_POINT('Ctrl Pts',(-62.7467081860861,3.06999187200976,149.934992503188));
#2664=CARTESIAN_POINT('Ctrl Pts',(-62.496260693143,3.06680704395748,149.837451188689));
#2665=CARTESIAN_POINT('Ctrl Pts',(-62.4778235273852,3.06657258681831,149.830270500383));
#2666=CARTESIAN_POINT('Ctrl Pts',(-62.4592510404102,3.0663364112419,149.823119352473));
#2667=CARTESIAN_POINT('Ctrl Pts',(-62.4405422113663,3.06609850461176,149.815998102716));
#2668=CARTESIAN_POINT('',(-66.8547309363461,-0.00100000129802602,160.48021469021));
#2669=CARTESIAN_POINT('Origin',(-67.7840441260238,-0.00100000129802602,
152.882459752179));
#2670=CARTESIAN_POINT('',(-68.7133573157016,0.,160.48021469021));
#2671=CARTESIAN_POINT('Origin',(-67.7840441260238,0.,152.882459752179));
#2672=CARTESIAN_POINT('',(-68.7133573157016,3.14586535156255,160.48021469021));
#2673=CARTESIAN_POINT('Origin',(-67.7840441260238,3.13404794873186,152.882459752179));
#2674=CARTESIAN_POINT('',(-68.7133573157016,-0.00100000129802602,160.48021469021));
#2675=CARTESIAN_POINT('Ctrl Pts',(-72.3447526846038,-0.00100000129802602,
149.815998102716));
#2676=CARTESIAN_POINT('Ctrl Pts',(-72.3447526846038,13.003216444966,149.815998102716));
#2677=CARTESIAN_POINT('Ctrl Pts',(-68.9880761007975,-0.00100000129802602,
152.003221044737));
#2678=CARTESIAN_POINT('Ctrl Pts',(-68.9880761007975,13.003216444966,152.003221044737));
#2679=CARTESIAN_POINT('Ctrl Pts',(-70.4455040533832,-0.00100000129802602,
155.530657707494));
#2680=CARTESIAN_POINT('Ctrl Pts',(-70.4455040533832,13.003216444966,155.530657707494));
#2681=CARTESIAN_POINT('Ctrl Pts',(-75.055346193376,-0.00100000129802602,
159.678775480803));
#2682=CARTESIAN_POINT('Ctrl Pts',(-75.055346193376,13.003216444966,159.678775480803));
#2683=CARTESIAN_POINT('Ctrl Pts',(-68.7133573157017,-0.00100000129802602,
160.48021469021));
#2684=CARTESIAN_POINT('Ctrl Pts',(-68.7133573157017,13.003216444966,160.48021469021));
#2685=CARTESIAN_POINT('',(-72.3447526846039,0.,149.815998102716));
#2686=CARTESIAN_POINT('Ctrl Pts',(-68.7133573157017,0.,160.48021469021));
#2687=CARTESIAN_POINT('Ctrl Pts',(-68.9816520709701,0.,160.446310194207));
#2688=CARTESIAN_POINT('Ctrl Pts',(-69.2279008224548,0.,160.405668656774));
#2689=CARTESIAN_POINT('Ctrl Pts',(-69.453880346655,0.,160.358790375422));
#2690=CARTESIAN_POINT('Ctrl Pts',(-69.6798598708551,0.,160.31191209407));
#2691=CARTESIAN_POINT('Ctrl Pts',(-69.8855701677707,0.,160.2587970688));
#2692=CARTESIAN_POINT('Ctrl Pts',(-70.0727375754853,0.,160.199932431399));
#2693=CARTESIAN_POINT('Ctrl Pts',(-70.2599049831997,0.,160.141067793999));
#2694=CARTESIAN_POINT('Ctrl Pts',(-70.4285295017131,0.,160.076453544468));
#2695=CARTESIAN_POINT('Ctrl Pts',(-70.5802870306933,0.,160.006563648871));
#2696=CARTESIAN_POINT('Ctrl Pts',(-70.7320445596735,0.,159.936673753274));
#2697=CARTESIAN_POINT('Ctrl Pts',(-70.8669350991205,0.,159.86150821161));
#2698=CARTESIAN_POINT('Ctrl Pts',(-70.9865841102863,0.,159.781527824218));
#2699=CARTESIAN_POINT('Ctrl Pts',(-71.106233121452,0.,159.701547436826));
#2700=CARTESIAN_POINT('Ctrl Pts',(-71.2106406043364,0.,159.616752203706));
#2701=CARTESIAN_POINT('Ctrl Pts',(-71.3013815817759,0.,159.527589759473));
#2702=CARTESIAN_POINT('Ctrl Pts',(-71.3921225592155,0.,159.43842731524));
#2703=CARTESIAN_POINT('Ctrl Pts',(-71.4691970312101,0.,159.344897659893));
#2704=CARTESIAN_POINT('Ctrl Pts',(-71.5341295821803,0.,159.247435262321));
#2705=CARTESIAN_POINT('Ctrl Pts',(-71.5990621331505,0.,159.14997286475));
#2706=CARTESIAN_POINT('Ctrl Pts',(-71.6518527630964,0.,159.048577724954));
#2707=CARTESIAN_POINT('Ctrl Pts',(-71.6939756180228,0.,158.943671146099));
#2708=CARTESIAN_POINT('Ctrl Pts',(-71.7360984729492,0.,158.838764567243));
#2709=CARTESIAN_POINT('Ctrl Pts',(-71.7675535528562,0.,158.730346549329));
#2710=CARTESIAN_POINT('Ctrl Pts',(-71.7897645653329,0.,158.618825229794));
#2711=CARTESIAN_POINT('Ctrl Pts',(-71.8119755778096,0.,158.50730391026));
#2712=CARTESIAN_POINT('Ctrl Pts',(-71.824942522856,0.,158.392679289106));
#2713=CARTESIAN_POINT('Ctrl Pts',(-71.8300386696456,0.,158.275346338048));
#2714=CARTESIAN_POINT('Ctrl Pts',(-71.8351348164351,0.,158.15801338699));
#2715=CARTESIAN_POINT('Ctrl Pts',(-71.8323601649679,0.,158.037972106028));
#2716=CARTESIAN_POINT('Ctrl Pts',(-71.8230375460016,0.,157.915604301153));
#2717=CARTESIAN_POINT('Ctrl Pts',(-71.8137149270353,0.,157.793236496278));
#2718=CARTESIAN_POINT('Ctrl Pts',(-71.7978443405699,0.,157.668542167489));
#2719=CARTESIAN_POINT('Ctrl Pts',(-71.7766981789474,0.,157.541889955052));
#2720=CARTESIAN_POINT('Ctrl Pts',(-71.7555520173249,0.,157.415237742616));
#2721=CARTESIAN_POINT('Ctrl Pts',(-71.7291302805454,0.,157.286627646532));
#2722=CARTESIAN_POINT('Ctrl Pts',(-71.6986549225351,0.,157.156415141342));
#2723=CARTESIAN_POINT('Ctrl Pts',(-71.6681795645247,0.,157.026202636152));
#2724=CARTESIAN_POINT('Ctrl Pts',(-71.6336505852836,0.,156.894387721856));
#2725=CARTESIAN_POINT('Ctrl Pts',(-71.5962395003224,0.,156.761312707271));
#2726=CARTESIAN_POINT('Ctrl Pts',(-71.5588284153611,0.,156.628237692685));
#2727=CARTESIAN_POINT('Ctrl Pts',(-71.5185352246796,0.,156.49390257781));
#2728=CARTESIAN_POINT('Ctrl Pts',(-71.4764810053729,0.,156.358636505737));
#2729=CARTESIAN_POINT('Ctrl Pts',(-71.4344267860661,0.,156.223370433664));
#2730=CARTESIAN_POINT('Ctrl Pts',(-71.390611538134,0.,156.087173404394));
#2731=CARTESIAN_POINT('Ctrl Pts',(-71.3461059002557,0.,155.950361395293));
#2732=CARTESIAN_POINT('Ctrl Pts',(-71.3001607290219,0.,155.809124206374));
#2733=CARTESIAN_POINT('Ctrl Pts',(-71.2534800787443,0.,155.667231688094));
#2734=CARTESIAN_POINT('Ctrl Pts',(-71.2071854837744,0.,155.525016761783));
#2735=CARTESIAN_POINT('Ctrl Pts',(-71.1623413701468,0.,155.387257649316));
#2736=CARTESIAN_POINT('Ctrl Pts',(-71.1178592230808,0.,155.249195943285));
#2737=CARTESIAN_POINT('Ctrl Pts',(-71.0747071729954,0.,155.111120863761));
#2738=CARTESIAN_POINT('Ctrl Pts',(-71.03155512291,0.,154.973045784238));
#2739=CARTESIAN_POINT('Ctrl Pts',(-70.9897331698052,0.,154.834957331222));
#2740=CARTESIAN_POINT('Ctrl Pts',(-70.950159005684,0.,154.697131559063));
#2741=CARTESIAN_POINT('Ctrl Pts',(-70.9105848415629,0.,154.559305786904));
#2742=CARTESIAN_POINT('Ctrl Pts',(-70.8732584664255,0.,154.421742695602));
#2743=CARTESIAN_POINT('Ctrl Pts',(-70.8390471338592,0.,154.284705173779));
#2744=CARTESIAN_POINT('Ctrl Pts',(-70.8048358012929,0.,154.147667651956));
#2745=CARTESIAN_POINT('Ctrl Pts',(-70.7737395112977,0.,154.011155699614));
#2746=CARTESIAN_POINT('Ctrl Pts',(-70.7465750790454,0.,153.87541903965));
#2747=CARTESIAN_POINT('Ctrl Pts',(-70.7194106467931,0.,153.739682379686));
#2748=CARTESIAN_POINT('Ctrl Pts',(-70.6961780722837,0.,153.604721012101));
#2749=CARTESIAN_POINT('Ctrl Pts',(-70.6776437322731,0.,153.470771494069));
#2750=CARTESIAN_POINT('Ctrl Pts',(-70.6591093922625,0.,153.336821976037));
#2751=CARTESIAN_POINT('Ctrl Pts',(-70.6452732867508,0.,153.203884307558));
#2752=CARTESIAN_POINT('Ctrl Pts',(-70.6368513540781,0.,153.072181880082));
#2753=CARTESIAN_POINT('Ctrl Pts',(-70.6284294214055,0.,152.940479452606));
#2754=CARTESIAN_POINT('Ctrl Pts',(-70.625421661572,0.,152.810012266132));
#2755=CARTESIAN_POINT('Ctrl Pts',(-70.6284935745023,0.,152.680990546385));
#2756=CARTESIAN_POINT('Ctrl Pts',(-70.6315654874325,0.,152.551968826639));
#2757=CARTESIAN_POINT('Ctrl Pts',(-70.6407170731264,2.14960672427122E-19,
152.42439257362));
#2758=CARTESIAN_POINT('Ctrl Pts',(-70.6565633930929,2.16840434497101E-19,
152.298458847328));
#2759=CARTESIAN_POINT('Ctrl Pts',(-70.6724097130593,2.1872019656708E-19,
152.172525121037));
#2760=CARTESIAN_POINT('Ctrl Pts',(-70.6949507672983,0.,152.048233921473));
#2761=CARTESIAN_POINT('Ctrl Pts',(-70.724751178903,0.,151.925769142912));
#2762=CARTESIAN_POINT('Ctrl Pts',(-70.7545515905077,0.,151.803304364351));
#2763=CARTESIAN_POINT('Ctrl Pts',(-70.7916113594781,0.,151.682666006793));
#2764=CARTESIAN_POINT('Ctrl Pts',(-70.8364446704915,0.,151.564024798788));
#2765=CARTESIAN_POINT('Ctrl Pts',(-70.881277981505,0.,151.445383590784));
#2766=CARTESIAN_POINT('Ctrl Pts',(-70.9338848345615,0.,151.328739532334));
#2767=CARTESIAN_POINT('Ctrl Pts',(-70.9947289759228,0.,151.214250186263));
#2768=CARTESIAN_POINT('Ctrl Pts',(-71.0555731172842,0.,151.099760840192));
#2769=CARTESIAN_POINT('Ctrl Pts',(-71.1246545469503,0.,150.987426206501));
#2770=CARTESIAN_POINT('Ctrl Pts',(-71.2023865727672,0.,150.877390682291));
#2771=CARTESIAN_POINT('Ctrl Pts',(-71.280118598584,0.,150.767355158082));
#2772=CARTESIAN_POINT('Ctrl Pts',(-71.3665012205517,0.,150.659618743353));
#2773=CARTESIAN_POINT('Ctrl Pts',(-71.4618973081004,0.,150.554312669482));
#2774=CARTESIAN_POINT('Ctrl Pts',(-71.557293395649,0.,150.449006595612));
#2775=CARTESIAN_POINT('Ctrl Pts',(-71.6617029487787,0.,150.346130862599));
#2776=CARTESIAN_POINT('Ctrl Pts',(-71.7754383985039,0.,150.245803536097));
#2777=CARTESIAN_POINT('Ctrl Pts',(-71.8891738482291,0.,150.145476209594));
#2778=CARTESIAN_POINT('Ctrl Pts',(-72.01223519455,0.,150.047697289601));
#2779=CARTESIAN_POINT('Ctrl Pts',(-72.1448844300652,0.,149.952571676045));
#2780=CARTESIAN_POINT('Ctrl Pts',(-72.2092424557736,0.,149.906419154631));
#2781=CARTESIAN_POINT('Ctrl Pts',(-72.2758566593389,0.,149.860891008932));
#2782=CARTESIAN_POINT('Ctrl Pts',(-72.3447526846038,0.,149.815998102716));
#2783=CARTESIAN_POINT('',(-72.3447526846039,3.19204317663647,149.815998102716));
#2784=CARTESIAN_POINT('Ctrl Pts',(-72.3447526846038,3.19204317663647,149.815998102716));
#2785=CARTESIAN_POINT('Ctrl Pts',(-72.2174287592588,3.190424090485,149.898962845857));
#2786=CARTESIAN_POINT('Ctrl Pts',(-72.0932331979167,3.18884467273037,149.987132469395));
#2787=CARTESIAN_POINT('Ctrl Pts',(-71.9736626581967,3.18732421247687,150.080979788043));
#2788=CARTESIAN_POINT('Ctrl Pts',(-71.8251738023116,3.18543602660775,150.197524222872));
#2789=CARTESIAN_POINT('Ctrl Pts',(-71.6838217580673,3.18363876471298,150.322827031578));
#2790=CARTESIAN_POINT('Ctrl Pts',(-71.5525377291333,3.18196936884962,150.457786309795));
#2791=CARTESIAN_POINT('Ctrl Pts',(-71.4568924160778,3.18075315168092,150.55610917907));
#2792=CARTESIAN_POINT('Ctrl Pts',(-71.3665936345477,3.1796048015322,150.659557597401));
#2793=CARTESIAN_POINT('Ctrl Pts',(-71.2827560651248,3.17853860327913,150.768462469663));
#2794=CARTESIAN_POINT('Ctrl Pts',(-71.2515170715853,3.17814132362791,150.809041873676));
#2795=CARTESIAN_POINT('Ctrl Pts',(-71.221174771338,3.17775545000113,150.850378646525));
#2796=CARTESIAN_POINT('Ctrl Pts',(-71.1917849880433,3.17738172141086,150.892489018501));
#2797=CARTESIAN_POINT('Ctrl Pts',(-71.0840933000202,3.17601228420387,151.046792199164));
#2798=CARTESIAN_POINT('Ctrl Pts',(-70.9919942299474,3.17484114664869,151.207453916574));
#2799=CARTESIAN_POINT('Ctrl Pts',(-70.9153418373067,3.17386646014593,151.374919416734));
#2800=CARTESIAN_POINT('Ctrl Pts',(-70.85098794689,3.17304815733465,151.515515894869));
#2801=CARTESIAN_POINT('Ctrl Pts',(-70.797526668179,3.17236832351895,151.660909293795));
#2802=CARTESIAN_POINT('Ctrl Pts',(-70.7548723474406,3.17182586476748,151.811352494056));
#2803=CARTESIAN_POINT('Ctrl Pts',(-70.7384713725908,3.17161728443644,151.8691992749));
#2804=CARTESIAN_POINT('Ctrl Pts',(-70.7236678388189,3.1714290146315,151.927792442903));
#2805=CARTESIAN_POINT('Ctrl Pts',(-70.7104547354018,3.17126099316419,151.987145303573));
#2806=CARTESIAN_POINT('Ctrl Pts',(-70.6717518019913,3.17076883598841,152.160997709154));
#2807=CARTESIAN_POINT('Ctrl Pts',(-70.6477602793713,3.17046387054601,152.33660006211));
#2808=CARTESIAN_POINT('Ctrl Pts',(-70.6360303571255,3.1703147028419,152.513050427745));
#2809=CARTESIAN_POINT('Ctrl Pts',(-70.6223150348615,3.17014028709639,152.71936668267));
#2810=CARTESIAN_POINT('Ctrl Pts',(-70.6253566294287,3.17017887297513,152.926839808926));
#2811=CARTESIAN_POINT('Ctrl Pts',(-70.6411954727715,3.17038027486488,153.134042829598));
#2812=CARTESIAN_POINT('Ctrl Pts',(-70.6445883160331,3.17042341722254,153.178427849215));
#2813=CARTESIAN_POINT('Ctrl Pts',(-70.6485684872239,3.17047403056372,153.222800610986));
#2814=CARTESIAN_POINT('Ctrl Pts',(-70.653097410465,3.17053162160076,153.267147355292));
#2815=CARTESIAN_POINT('Ctrl Pts',(-70.6856304721927,3.17094532098652,153.585707704648));
#2816=CARTESIAN_POINT('Ctrl Pts',(-70.7469078392649,3.17172443435089,153.907081590817));
#2817=CARTESIAN_POINT('Ctrl Pts',(-70.8250697535077,3.17271832021875,154.22802762999));
#2818=CARTESIAN_POINT('Ctrl Pts',(-70.8947331220325,3.17360414086625,154.514077203111));
#2819=CARTESIAN_POINT('Ctrl Pts',(-70.9778059586699,3.17466056867106,154.799787283889));
#2820=CARTESIAN_POINT('Ctrl Pts',(-71.0659061886732,3.17578095079662,155.082899914132));
#2821=CARTESIAN_POINT('Ctrl Pts',(-71.1021377948308,3.17624171286181,155.199331225569));
#2822=CARTESIAN_POINT('Ctrl Pts',(-71.1392200791978,3.17671329153223,155.315323661942));
#2823=CARTESIAN_POINT('Ctrl Pts',(-71.1765719728515,3.17718826851383,155.430721966627));
#2824=CARTESIAN_POINT('Ctrl Pts',(-71.2779296778642,3.1784771610459,155.743865590177));
#2825=CARTESIAN_POINT('Ctrl Pts',(-71.3812950353816,3.17979142792639,156.052708054344));
#2826=CARTESIAN_POINT('Ctrl Pts',(-71.4750882759023,3.1809840951735,156.354158564347));
#2827=CARTESIAN_POINT('Ctrl Pts',(-71.5861419317163,3.182396244463,156.711083871512));
#2828=CARTESIAN_POINT('Ctrl Pts',(-71.6837780558751,3.18363792102745,157.05764641391));
#2829=CARTESIAN_POINT('Ctrl Pts',(-71.7488263245789,3.18446516161298,157.388777968111));
#2830=CARTESIAN_POINT('Ctrl Pts',(-71.792938919799,3.18502615623784,157.61333540071));
#2831=CARTESIAN_POINT('Ctrl Pts',(-71.8220665825524,3.18539655600248,157.830797863228));
#2832=CARTESIAN_POINT('Ctrl Pts',(-71.8302229688768,3.18550027486057,158.039592693978));
#2833=CARTESIAN_POINT('Ctrl Pts',(-71.8349251575008,3.18556006918801,158.159963730716));
#2834=CARTESIAN_POINT('Ctrl Pts',(-71.832787175138,3.18553279747926,158.280631032553));
#2835=CARTESIAN_POINT('Ctrl Pts',(-71.8214861095099,3.1853890135797,158.4001898074));
#2836=CARTESIAN_POINT('Ctrl Pts',(-71.8125195176687,3.18527493128134,158.495051192191));
#2837=CARTESIAN_POINT('Ctrl Pts',(-71.7977798895874,3.1850875011349,158.589213738945));
#2838=CARTESIAN_POINT('Ctrl Pts',(-71.7761089093325,3.18481201517493,158.68198570894));
#2839=CARTESIAN_POINT('Ctrl Pts',(-71.7632670420772,3.18464876671607,158.736960855873));
#2840=CARTESIAN_POINT('Ctrl Pts',(-71.7479915132406,3.18445459699072,158.791447949132));
#2841=CARTESIAN_POINT('Ctrl Pts',(-71.7300498171599,3.18422644543492,158.845306972474));
#2842=CARTESIAN_POINT('Ctrl Pts',(-71.6918884759906,3.18374117529546,158.959863174717));
#2843=CARTESIAN_POINT('Ctrl Pts',(-71.6429225108717,3.18311843527465,159.067798940438));
#2844=CARTESIAN_POINT('Ctrl Pts',(-71.5830140378468,3.18235664112827,159.16948137506));
#2845=CARTESIAN_POINT('Ctrl Pts',(-71.5300537781218,3.18168320023064,159.259370632374));
#2846=CARTESIAN_POINT('Ctrl Pts',(-71.4685459277457,3.18090108985262,159.344373872923));
#2847=CARTESIAN_POINT('Ctrl Pts',(-71.3984094859407,3.18000921551453,159.424740640951));
#2848=CARTESIAN_POINT('Ctrl Pts',(-71.3365539670577,3.17922264367625,159.495618604095));
#2849=CARTESIAN_POINT('Ctrl Pts',(-71.2694583247214,3.17836924189573,159.561195482198));
#2850=CARTESIAN_POINT('Ctrl Pts',(-71.1982307202528,3.17746345437006,159.621963927586));
#2851=CARTESIAN_POINT('Ctrl Pts',(-71.0826952666138,3.17599421258579,159.720533996834));
#2852=CARTESIAN_POINT('Ctrl Pts',(-70.9562958017327,3.17438713977299,159.806457347626));
#2853=CARTESIAN_POINT('Ctrl Pts',(-70.8239228105679,3.17270388041433,159.881840930548));
#2854=CARTESIAN_POINT('Ctrl Pts',(-70.8126285059207,3.17256026166077,159.88827279511));
#2855=CARTESIAN_POINT('Ctrl Pts',(-70.8012906952976,3.17241608828338,159.894627896824));
#2856=CARTESIAN_POINT('Ctrl Pts',(-70.7899123865575,3.17227139857123,159.900907519501));
#2857=CARTESIAN_POINT('Ctrl Pts',(-70.5117489483453,3.1687341955716,160.05442430959));
#2858=CARTESIAN_POINT('Ctrl Pts',(-70.1681447706532,3.16436493299999,160.185589834475));
#2859=CARTESIAN_POINT('Ctrl Pts',(-69.7479467821296,3.15902156496746,160.291470124238));
#2860=CARTESIAN_POINT('Ctrl Pts',(-69.4444476638821,3.15516217598742,160.367944965766));
#2861=CARTESIAN_POINT('Ctrl Pts',(-69.1009913191323,3.15079461246221,160.431229254372));
#2862=CARTESIAN_POINT('Ctrl Pts',(-68.7133573157017,3.14586535156255,160.48021469021));
#2863=CARTESIAN_POINT('',(-72.3447526846039,-0.00100000129802602,149.815998102716));
#2864=CARTESIAN_POINT('Ctrl Pts',(-77.8974481432159,-0.00100000129802602,
149.170592709036));
#2865=CARTESIAN_POINT('Ctrl Pts',(-77.8974481432159,13.003216444966,149.170592709036));
#2866=CARTESIAN_POINT('Ctrl Pts',(-74.2426297755891,-0.00100000129802602,
149.170592709036));
#2867=CARTESIAN_POINT('Ctrl Pts',(-74.2426297755891,13.003216444966,149.170592709036));
#2868=CARTESIAN_POINT('Ctrl Pts',(-72.3447526846039,-0.00100000129802602,
149.815998102716));
#2869=CARTESIAN_POINT('Ctrl Pts',(-72.3447526846039,13.003216444966,149.815998102716));
#2870=CARTESIAN_POINT('',(-77.8974481432159,0.,149.170592709036));
#2871=CARTESIAN_POINT('Ctrl Pts',(-72.3447526846039,0.,149.815998102716));
#2872=CARTESIAN_POINT('Ctrl Pts',(-73.6100040785941,0.,149.385727840263));
#2873=CARTESIAN_POINT('Ctrl Pts',(-75.4609025647981,0.,149.170592709036));
#2874=CARTESIAN_POINT('Ctrl Pts',(-77.8974481432159,0.,149.170592709036));
#2875=CARTESIAN_POINT('',(-77.8974481432159,3.26265278355846,149.170592709036));
#2876=CARTESIAN_POINT('Ctrl Pts',(-77.8974481432159,3.26265278355846,149.170592709036));
#2877=CARTESIAN_POINT('Ctrl Pts',(-77.5711688507143,3.25850372608501,149.170592709036));
#2878=CARTESIAN_POINT('Ctrl Pts',(-77.2379890441118,3.25426698315231,149.174448692045));
#2879=CARTESIAN_POINT('Ctrl Pts',(-76.9023509376778,3.24999906134266,149.183407143808));
#2880=CARTESIAN_POINT('Ctrl Pts',(-76.5302287781392,3.24526721400439,149.193339384374));
#2881=CARTESIAN_POINT('Ctrl Pts',(-76.1550909328315,3.24049704106206,149.209545906122));
#2882=CARTESIAN_POINT('Ctrl Pts',(-75.7830150495701,3.23576555158087,149.233734149083));
#2883=CARTESIAN_POINT('Ctrl Pts',(-75.4932674318364,3.23208098650374,149.252570322268));
#2884=CARTESIAN_POINT('Ctrl Pts',(-75.205378198868,3.22841988002338,149.276247370655));
#2885=CARTESIAN_POINT('Ctrl Pts',(-74.9221863178878,3.22481859909228,149.305560174829));
#2886=CARTESIAN_POINT('Ctrl Pts',(-74.8417207853151,3.22379533886653,149.313889052022));
#2887=CARTESIAN_POINT('Ctrl Pts',(-74.7616342029493,3.22277690861572,149.322672822579));
#2888=CARTESIAN_POINT('Ctrl Pts',(-74.6819909138958,3.22176414258597,149.33192943358));
#2889=CARTESIAN_POINT('Ctrl Pts',(-74.4859391350208,3.21927109409341,149.35471572323));
#2890=CARTESIAN_POINT('Ctrl Pts',(-74.2850891474539,3.21671709162761,149.381234675128));
#2891=CARTESIAN_POINT('Ctrl Pts',(-74.0824505893993,3.21414048574964,149.412256787027));
#2892=CARTESIAN_POINT('Ctrl Pts',(-73.787974803027,3.21039614385652,149.457338339542));
#2893=CARTESIAN_POINT('Ctrl Pts',(-73.4897309084507,3.20660406783338,149.511933025359));
#2894=CARTESIAN_POINT('Ctrl Pts',(-73.1970320121531,3.20288195165594,149.578433647952));
#2895=CARTESIAN_POINT('Ctrl Pts',(-73.016203234303,3.20058243591504,149.619517596207));
#2896=CARTESIAN_POINT('Ctrl Pts',(-72.837491810595,3.19830962204968,149.665146091227));
#2897=CARTESIAN_POINT('Ctrl Pts',(-72.6630638890802,3.19609126201731,149.715872381332));
#2898=CARTESIAN_POINT('Ctrl Pts',(-72.5551536743877,3.19471886873715,149.74725431152));
#2899=CARTESIAN_POINT('Ctrl Pts',(-72.4488822257336,3.19336731660109,149.780587080682));
#2900=CARTESIAN_POINT('Ctrl Pts',(-72.3447526846039,3.19204317663647,149.815998102716));
#2901=CARTESIAN_POINT('',(-77.8974481432159,-0.00100000129802602,149.170592709036));
#2902=CARTESIAN_POINT('Ctrl Pts',(-83.450143601828,-0.00100000129802602,
148.525187315357));
#2903=CARTESIAN_POINT('Ctrl Pts',(-83.450143601828,13.003216444966,148.525187315357));
#2904=CARTESIAN_POINT('Ctrl Pts',(-81.5522665108427,-0.00100000129802602,
149.170592709036));
#2905=CARTESIAN_POINT('Ctrl Pts',(-81.5522665108427,13.003216444966,149.170592709036));
#2906=CARTESIAN_POINT('Ctrl Pts',(-77.8974481432159,-0.00100000129802602,
149.170592709036));
#2907=CARTESIAN_POINT('Ctrl Pts',(-77.8974481432159,13.003216444966,149.170592709036));
#2908=CARTESIAN_POINT('',(-83.450143601828,0.,148.525187315357));
#2909=CARTESIAN_POINT('Ctrl Pts',(-77.8974481432159,0.,149.170592709036));
#2910=CARTESIAN_POINT('Ctrl Pts',(-80.3339937216338,0.,149.170592709036));
#2911=CARTESIAN_POINT('Ctrl Pts',(-82.1848922078378,0.,148.95545757781));
#2912=CARTESIAN_POINT('Ctrl Pts',(-83.450143601828,0.,148.525187315357));
#2913=CARTESIAN_POINT('',(-83.450143601828,3.33326239048045,148.525187315357));
#2914=CARTESIAN_POINT('Ctrl Pts',(-83.450143601828,3.33326239048045,148.525187315357));
#2915=CARTESIAN_POINT('Ctrl Pts',(-83.2871557274654,3.33118979171692,148.580614114973));
#2916=CARTESIAN_POINT('Ctrl Pts',(-83.118917880292,3.32905003549123,148.630948277235));
#2917=CARTESIAN_POINT('Ctrl Pts',(-82.947368677683,3.32686832112759,148.676681770299));
#2918=CARTESIAN_POINT('Ctrl Pts',(-82.7398582817328,3.32422926245193,148.732002197964));
#2919=CARTESIAN_POINT('Ctrl Pts',(-82.5275034548695,3.32152881082416,148.780591215652));
#2920=CARTESIAN_POINT('Ctrl Pts',(-82.313809841141,3.31881156701465,148.823346915378));
#2921=CARTESIAN_POINT('Ctrl Pts',(-82.079363558036,3.31583044043668,148.870254797683));
#2922=CARTESIAN_POINT('Ctrl Pts',(-81.8433109863824,3.31282910179108,148.910143245527));
#2923=CARTESIAN_POINT('Ctrl Pts',(-81.610314673512,3.30986644870326,148.94421041817));
#2924=CARTESIAN_POINT('Ctrl Pts',(-81.4424053437221,3.30773140592835,148.96876100464));
#2925=CARTESIAN_POINT('Ctrl Pts',(-81.2760844040168,3.30561645410112,148.990288795246));
#2926=CARTESIAN_POINT('Ctrl Pts',(-81.1130793161646,3.3035436364461,149.009235766909));
#2927=CARTESIAN_POINT('Ctrl Pts',(-80.8374849078214,3.30003910193884,149.041269610233));
#2928=CARTESIAN_POINT('Ctrl Pts',(-80.5565780138382,3.2964667371481,149.067639903046));
#2929=CARTESIAN_POINT('Ctrl Pts',(-80.2730435543524,3.29286111028462,149.089097201185));
#2930=CARTESIAN_POINT('Ctrl Pts',(-79.8928825876534,3.28802671168467,149.117866992407));
#2931=CARTESIAN_POINT('Ctrl Pts',(-79.5079992381719,3.28313251701242,149.137805030691));
#2932=CARTESIAN_POINT('Ctrl Pts',(-79.1249597411712,3.2782618486975,149.15075517677));
#2933=CARTESIAN_POINT('Ctrl Pts',(-78.7810590802835,3.27388886349471,149.162382081646));
#2934=CARTESIAN_POINT('Ctrl Pts',(-78.4386505285355,3.26953484245115,149.168378312266));
#2935=CARTESIAN_POINT('Ctrl Pts',(-78.1024851650754,3.26526008736753,149.170077928817));
#2936=CARTESIAN_POINT('Ctrl Pts',(-78.0338661535329,3.26438751243773,149.170424859288));
#2937=CARTESIAN_POINT('Ctrl Pts',(-77.9655071148104,3.26351824021237,149.170592709036));
#2938=CARTESIAN_POINT('Ctrl Pts',(-77.8974481432159,3.26265278355846,149.170592709036));
#2939=CARTESIAN_POINT('',(-83.450143601828,-0.00100000129802602,148.525187315357));
#2940=CARTESIAN_POINT('Ctrl Pts',(-87.0815389707303,-0.00100000129802602,
137.860970727863));
#2941=CARTESIAN_POINT('Ctrl Pts',(-87.0815389707303,13.003216444966,137.860970727863));
#2942=CARTESIAN_POINT('Ctrl Pts',(-81.0618621549975,-0.00100000129802602,
138.757109423085));
#2943=CARTESIAN_POINT('Ctrl Pts',(-81.0618621549975,13.003216444966,138.757109423085));
#2944=CARTESIAN_POINT('Ctrl Pts',(-85.3879233244036,-0.00100000129802602,
142.829249559705));
#2945=CARTESIAN_POINT('Ctrl Pts',(-85.3879233244036,13.003216444966,142.829249559705));
#2946=CARTESIAN_POINT('Ctrl Pts',(-86.6331267436878,-0.00100000129802602,
146.324947937306));
#2947=CARTESIAN_POINT('Ctrl Pts',(-86.6331267436878,13.003216444966,146.324947937306));
#2948=CARTESIAN_POINT('Ctrl Pts',(-83.450143601828,-0.00100000129802602,
148.525187315357));
#2949=CARTESIAN_POINT('Ctrl Pts',(-83.450143601828,13.003216444966,148.525187315357));
#2950=CARTESIAN_POINT('',(-87.0815389707303,0.,137.860970727863));
#2951=CARTESIAN_POINT('Ctrl Pts',(-83.450143601828,0.,148.525187315357));
#2952=CARTESIAN_POINT('Ctrl Pts',(-83.5858800792678,0.,148.431359378044));
#2953=CARTESIAN_POINT('Ctrl Pts',(-83.7125528711432,0.,148.334880048323));
#2954=CARTESIAN_POINT('Ctrl Pts',(-83.830363577745,0.,148.235849770196));
#2955=CARTESIAN_POINT('Ctrl Pts',(-83.948174284347,0.,148.136819492069));
#2956=CARTESIAN_POINT('Ctrl Pts',(-84.0571229056755,-1.54358731397305E-21,
148.035238265536));
#2957=CARTESIAN_POINT('Ctrl Pts',(-84.1574616005667,0.,147.931219231198));
#2958=CARTESIAN_POINT('Ctrl Pts',(-84.2578002954579,1.54358731397239E-21,
147.82720019686));
#2959=CARTESIAN_POINT('Ctrl Pts',(-84.3495290639117,0.,147.720743354718));
#2960=CARTESIAN_POINT('Ctrl Pts',(-84.4329506233093,0.,147.61197454197));
#2961=CARTESIAN_POINT('Ctrl Pts',(-84.5163721827069,0.,147.503205729223));
#2962=CARTESIAN_POINT('Ctrl Pts',(-84.5914865330483,0.,147.392124945871));
#2963=CARTESIAN_POINT('Ctrl Pts',(-84.6586469502597,0.,147.278870725712));
#2964=CARTESIAN_POINT('Ctrl Pts',(-84.725807367471,0.,147.165616505554));
#2965=CARTESIAN_POINT('Ctrl Pts',(-84.7850138515522,0.,147.050188848588));
#2966=CARTESIAN_POINT('Ctrl Pts',(-84.8366702369745,0.,146.932738985214));
#2967=CARTESIAN_POINT('Ctrl Pts',(-84.8883266223967,0.,146.815289121839));
#2968=CARTESIAN_POINT('Ctrl Pts',(-84.93243290916,0.,146.695817052055));
#2969=CARTESIAN_POINT('Ctrl Pts',(-84.9694434902803,0.,146.574486702857));
#2970=CARTESIAN_POINT('Ctrl Pts',(-85.0064540714006,0.,146.453156353658));
#2971=CARTESIAN_POINT('Ctrl Pts',(-85.036368946878,0.,146.329967725046));
#2972=CARTESIAN_POINT('Ctrl Pts',(-85.0596930682736,0.,146.205097440614));
#2973=CARTESIAN_POINT('Ctrl Pts',(-85.0830171896692,0.,146.080227156182));
#2974=CARTESIAN_POINT('Ctrl Pts',(-85.0997505569831,0.,145.953675215929));
#2975=CARTESIAN_POINT('Ctrl Pts',(-85.1104486803211,0.,145.825630940049));
#2976=CARTESIAN_POINT('Ctrl Pts',(-85.1211468036592,0.,145.697586664169));
#2977=CARTESIAN_POINT('Ctrl Pts',(-85.1258096830216,0.,145.568050052662));
#2978=CARTESIAN_POINT('Ctrl Pts',(-85.1250433870593,0.,145.437223122318));
#2979=CARTESIAN_POINT('Ctrl Pts',(-85.1242770910971,0.,145.306396191974));
#2980=CARTESIAN_POINT('Ctrl Pts',(-85.1180816198101,2.18964691607555E-19,
145.174278942793));
#2981=CARTESIAN_POINT('Ctrl Pts',(-85.1071136003946,2.16840434497101E-19,
145.041086088166));
#2982=CARTESIAN_POINT('Ctrl Pts',(-85.0961455809791,2.14716177386643E-19,
144.907893233539));
#2983=CARTESIAN_POINT('Ctrl Pts',(-85.080405013435,0.,144.773624773465));
#2984=CARTESIAN_POINT('Ctrl Pts',(-85.0605990835033,0.,144.638508117932));
#2985=CARTESIAN_POINT('Ctrl Pts',(-85.0407931535716,0.,144.5033914624));
#2986=CARTESIAN_POINT('Ctrl Pts',(-85.0169218612524,-2.34477241759736E-21,
144.367426611408));
#2987=CARTESIAN_POINT('Ctrl Pts',(-84.9897429508317,0.,144.230853671545));
#2988=CARTESIAN_POINT('Ctrl Pts',(-84.9625640404111,2.34477241759506E-21,
144.094280731682));
#2989=CARTESIAN_POINT('Ctrl Pts',(-84.9320775118889,0.,143.957099702947));
#2990=CARTESIAN_POINT('Ctrl Pts',(-84.8990916680964,0.,143.819563388526));
#2991=CARTESIAN_POINT('Ctrl Pts',(-84.8661058243038,0.,143.682027074105));
#2992=CARTESIAN_POINT('Ctrl Pts',(-84.8306206652409,0.,143.544135473997));
#2993=CARTESIAN_POINT('Ctrl Pts',(-84.7934950522835,0.,143.406154087986));
#2994=CARTESIAN_POINT('Ctrl Pts',(-84.7563694393262,0.,143.268172701976));
#2995=CARTESIAN_POINT('Ctrl Pts',(-84.7176033724746,0.,143.130101530063));
#2996=CARTESIAN_POINT('Ctrl Pts',(-84.6781062716496,0.,142.99221876863));
#2997=CARTESIAN_POINT('Ctrl Pts',(-84.6379517891723,0.,142.85204111477));
#2998=CARTESIAN_POINT('Ctrl Pts',(-84.5970415896931,0.,142.712058158609));
#2999=CARTESIAN_POINT('Ctrl Pts',(-84.5563848290493,0.,142.572575671928));
#3000=CARTESIAN_POINT('Ctrl Pts',(-84.5163936730116,0.,142.435376696872));
#3001=CARTESIAN_POINT('Ctrl Pts',(-84.4766478668973,0.,142.298661974258));
#3002=CARTESIAN_POINT('Ctrl Pts',(-84.4381587892034,0.,142.162735304986));
#3003=CARTESIAN_POINT('Ctrl Pts',(-84.3996697115095,0.,142.026808635713));
#3004=CARTESIAN_POINT('Ctrl Pts',(-84.3624373622361,0.,141.891670019782));
#3005=CARTESIAN_POINT('Ctrl Pts',(-84.3275236784252,0.,141.75763595469));
#3006=CARTESIAN_POINT('Ctrl Pts',(-84.2926099946143,0.,141.623601889598));
#3007=CARTESIAN_POINT('Ctrl Pts',(-84.2600149762659,0.,141.490672375344));
#3008=CARTESIAN_POINT('Ctrl Pts',(-84.2308511189672,0.,141.359176606026));
#3009=CARTESIAN_POINT('Ctrl Pts',(-84.2016872616685,0.,141.227680836708));
#3010=CARTESIAN_POINT('Ctrl Pts',(-84.1759545654193,0.,141.097618812324));
#3011=CARTESIAN_POINT('Ctrl Pts',(-84.1548160843519,0.,140.969332423571));
#3012=CARTESIAN_POINT('Ctrl Pts',(-84.1336776032845,0.,140.841046034817));
#3013=CARTESIAN_POINT('Ctrl Pts',(-84.1171333373988,0.,140.714535281693));
#3014=CARTESIAN_POINT('Ctrl Pts',(-84.1063968993718,0.,140.590154751492));
#3015=CARTESIAN_POINT('Ctrl Pts',(-84.0956604613448,0.,140.465774221291));
#3016=CARTESIAN_POINT('Ctrl Pts',(-84.0907318511766,0.,140.343523914013));
#3017=CARTESIAN_POINT('Ctrl Pts',(-84.0928752400893,0.,140.22377111355));
#3018=CARTESIAN_POINT('Ctrl Pts',(-84.0950186290019,0.,140.104018313087));
#3019=CARTESIAN_POINT('Ctrl Pts',(-84.1042340169953,0.,139.986763019439));
#3020=CARTESIAN_POINT('Ctrl Pts',(-84.1218361338366,0.,139.872385213096));
#3021=CARTESIAN_POINT('Ctrl Pts',(-84.139987561976,0.,139.754438005308));
#3022=CARTESIAN_POINT('Ctrl Pts',(-84.1670570539046,1.93717413554985E-21,
139.639550612005));
#3023=CARTESIAN_POINT('Ctrl Pts',(-84.2045426135366,0.,139.528153849677));
#3024=CARTESIAN_POINT('Ctrl Pts',(-84.240893758771,-1.87855000797059E-21,
139.420128254602));
#3025=CARTESIAN_POINT('Ctrl Pts',(-84.2870403413879,0.,139.315385282534));
#3026=CARTESIAN_POINT('Ctrl Pts',(-84.3443997860308,0.,139.214330703385));
#3027=CARTESIAN_POINT('Ctrl Pts',(-84.4017592306738,0.,139.113276124237));
#3028=CARTESIAN_POINT('Ctrl Pts',(-84.4703315373428,0.,139.015909938009));
#3029=CARTESIAN_POINT('Ctrl Pts',(-84.5515846892262,0.,138.92265061121));
#3030=CARTESIAN_POINT('Ctrl Pts',(-84.6328378411095,0.,138.829391284412));
#3031=CARTESIAN_POINT('Ctrl Pts',(-84.7267718382071,0.,138.740238817043));
#3032=CARTESIAN_POINT('Ctrl Pts',(-84.8349052222525,0.,138.655624372213));
#3033=CARTESIAN_POINT('Ctrl Pts',(-84.9430386062982,0.,138.571009927383));
#3034=CARTESIAN_POINT('Ctrl Pts',(-85.0653713772917,0.,138.490933505092));
#3035=CARTESIAN_POINT('Ctrl Pts',(-85.2034726355115,0.,138.415838965046));
#3036=CARTESIAN_POINT('Ctrl Pts',(-85.3415738937311,0.,138.340744425001));
#3037=CARTESIAN_POINT('Ctrl Pts',(-85.495443639177,0.,138.270631767202));
#3038=CARTESIAN_POINT('Ctrl Pts',(-85.6667015306724,0.,138.205957547954));
#3039=CARTESIAN_POINT('Ctrl Pts',(-85.8379594221676,0.,138.141283328707));
#3040=CARTESIAN_POINT('Ctrl Pts',(-86.0266054597122,0.,138.082047548011));
#3041=CARTESIAN_POINT('Ctrl Pts',(-86.2343098606748,0.,138.028719458771));
#3042=CARTESIAN_POINT('Ctrl Pts',(-86.4420142616376,0.,137.975391369532));
#3043=CARTESIAN_POINT('Ctrl Pts',(-86.6687770260182,0.,137.927970971749));
#3044=CARTESIAN_POINT('Ctrl Pts',(-86.9163189297302,0.,137.886940214924));
#3045=CARTESIAN_POINT('Ctrl Pts',(-86.970394411661,0.,137.877977053876));
#3046=CARTESIAN_POINT('Ctrl Pts',(-87.0254616722244,0.,137.869318856617));
#3047=CARTESIAN_POINT('Ctrl Pts',(-87.0815389707303,0.,137.860970727863));
#3048=CARTESIAN_POINT('',(-87.0815389707303,3.37944021555437,137.860970727863));
#3049=CARTESIAN_POINT('Ctrl Pts',(-87.0815389707303,3.37944021555437,137.860970727863));
#3050=CARTESIAN_POINT('Ctrl Pts',(-86.8859895983663,3.37695355580157,137.890081818835));
#3051=CARTESIAN_POINT('Ctrl Pts',(-86.7027587082282,3.37462287465901,137.922956091736));
#3052=CARTESIAN_POINT('Ctrl Pts',(-86.5310084628025,3.37243836519295,137.959390373387));
#3053=CARTESIAN_POINT('Ctrl Pts',(-86.3555461150562,3.37020664110639,137.9966121228));
#3054=CARTESIAN_POINT('Ctrl Pts',(-86.1920662568106,3.36812747550495,138.037549488833));
#3055=CARTESIAN_POINT('Ctrl Pts',(-86.0397291728506,3.36619041172953,138.082001387138));
#3056=CARTESIAN_POINT('Ctrl Pts',(-85.8816945607081,3.36418090022724,138.128115821818));
#3057=CARTESIAN_POINT('Ctrl Pts',(-85.7356519222354,3.36232431876856,138.178012626843));
#3058=CARTESIAN_POINT('Ctrl Pts',(-85.600718519902,3.36060899300427,138.231483242164));
#3059=CARTESIAN_POINT('Ctrl Pts',(-85.5078797450006,3.35942879047651,138.268272846026));
#3060=CARTESIAN_POINT('Ctrl Pts',(-85.4203011387118,3.35831545710199,138.306754596103));
#3061=CARTESIAN_POINT('Ctrl Pts',(-85.3377088233108,3.35726519043985,138.34686454785));
#3062=CARTESIAN_POINT('Ctrl Pts',(-85.2260541943403,3.35584535938277,138.401088258116));
#3063=CARTESIAN_POINT('Ctrl Pts',(-85.1168633152453,3.35445709863609,138.461512499386));
#3064=CARTESIAN_POINT('Ctrl Pts',(-85.0125733690598,3.35313108968318,138.529157394727));
#3065=CARTESIAN_POINT('Ctrl Pts',(-84.9310966182952,3.35209514226044,138.582005118594));
#3066=CARTESIAN_POINT('Ctrl Pts',(-84.8526149154971,3.3510971905321,138.639261429356));
#3067=CARTESIAN_POINT('Ctrl Pts',(-84.7782853450767,3.35015186469355,138.701419780011));
#3068=CARTESIAN_POINT('Ctrl Pts',(-84.7108598446346,3.34929434503637,138.757804579168));
#3069=CARTESIAN_POINT('Ctrl Pts',(-84.6468526001103,3.34848012903511,138.818223612524));
#3070=CARTESIAN_POINT('Ctrl Pts',(-84.5870912882769,3.34772013707084,138.883040461322));
#3071=CARTESIAN_POINT('Ctrl Pts',(-84.5823437404648,3.34765976192049,138.888189630228));
#3072=CARTESIAN_POINT('Ctrl Pts',(-84.5776229610213,3.34759972897825,138.893366548648));
#3073=CARTESIAN_POINT('Ctrl Pts',(-84.5729293494622,3.34754004371913,138.898571395909));
#3074=CARTESIAN_POINT('Ctrl Pts',(-84.4756841237089,3.34630344660757,139.006408727675));
#3075=CARTESIAN_POINT('Ctrl Pts',(-84.3933555255228,3.34525661638416,139.122620238646));
#3076=CARTESIAN_POINT('Ctrl Pts',(-84.3258426891945,3.34439809209728,139.247874690104));
#3077=CARTESIAN_POINT('Ctrl Pts',(-84.2839162021439,3.34386493559913,139.325659588839));
#3078=CARTESIAN_POINT('Ctrl Pts',(-84.2477049934636,3.34340440110921,139.406932904512));
#3079=CARTESIAN_POINT('Ctrl Pts',(-84.2171722819858,3.34301613872894,139.491856358185));
#3080=CARTESIAN_POINT('Ctrl Pts',(-84.181714106861,3.34256524279445,139.590479459338));
#3081=CARTESIAN_POINT('Ctrl Pts',(-84.1549071192333,3.34222445504149,139.691272513945));
#3082=CARTESIAN_POINT('Ctrl Pts',(-84.1354136270993,3.34197656272929,139.793485100541));
#3083=CARTESIAN_POINT('Ctrl Pts',(-84.1090880512553,3.34164178906117,139.931521178537));
#3084=CARTESIAN_POINT('Ctrl Pts',(-84.0960911615702,3.34147643780676,140.072144576859));
#3085=CARTESIAN_POINT('Ctrl Pts',(-84.0930773979706,3.34143811395761,140.213462088624));
#3086=CARTESIAN_POINT('Ctrl Pts',(-84.0896744519121,3.34139484115697,140.373028641791));
#3087=CARTESIAN_POINT('Ctrl Pts',(-84.0989224151413,3.34151204606063,140.537313031146));
#3088=CARTESIAN_POINT('Ctrl Pts',(-84.1178970805738,3.34175320739516,140.705339665138));
#3089=CARTESIAN_POINT('Ctrl Pts',(-84.1337268326705,3.34195439798554,140.845517101793));
#3090=CARTESIAN_POINT('Ctrl Pts',(-84.1563256657237,3.34224186041103,140.988298722185));
#3091=CARTESIAN_POINT('Ctrl Pts',(-84.184032540319,3.34259438930077,141.133122645816));
#3092=CARTESIAN_POINT('Ctrl Pts',(-84.2038612441979,3.34284668015153,141.236767345487));
#3093=CARTESIAN_POINT('Ctrl Pts',(-84.2263068213051,3.34313229605029,141.341458134116));
#3094=CARTESIAN_POINT('Ctrl Pts',(-84.2507769061761,3.34344346439852,141.446992095836));
#3095=CARTESIAN_POINT('Ctrl Pts',(-84.3202178856576,3.34432649504589,141.746475391831));
#3096=CARTESIAN_POINT('Ctrl Pts',(-84.4066488167109,3.34542585046133,142.055676775093));
#3097=CARTESIAN_POINT('Ctrl Pts',(-84.4979324882408,3.34658689050132,142.371409900794));
#3098=CARTESIAN_POINT('Ctrl Pts',(-84.5804723873977,3.34763671821105,142.656899955248));
#3099=CARTESIAN_POINT('Ctrl Pts',(-84.6669821571714,3.34873697936108,142.947731052783));
#3100=CARTESIAN_POINT('Ctrl Pts',(-84.7484819481807,3.34977335065272,143.241510508027));
#3101=CARTESIAN_POINT('Ctrl Pts',(-84.828514236663,3.35079106082302,143.530000108074));
#3102=CARTESIAN_POINT('Ctrl Pts',(-84.903715149371,3.351747161249,143.821333319359));
#3103=CARTESIAN_POINT('Ctrl Pts',(-84.9655607438698,3.35253339368912,144.113198238457));
#3104=CARTESIAN_POINT('Ctrl Pts',(-85.0255677162717,3.35329625204174,144.396386237332));
#3105=CARTESIAN_POINT('Ctrl Pts',(-85.0729995188345,3.35389919236445,144.680074654604));
#3106=CARTESIAN_POINT('Ctrl Pts',(-85.100068141399,3.354243327519,144.962105763449));
#3107=CARTESIAN_POINT('Ctrl Pts',(-85.1109492294346,3.35438166351684,145.075477078034));
#3108=CARTESIAN_POINT('Ctrl Pts',(-85.1185400125649,3.35447817939419,145.188580074452));
#3109=CARTESIAN_POINT('Ctrl Pts',(-85.122336128348,3.35452645184948,145.301272587602));
#3110=CARTESIAN_POINT('Ctrl Pts',(-85.1313615174776,3.35464122118691,145.569202714422));
#3111=CARTESIAN_POINT('Ctrl Pts',(-85.1189175027071,3.3544829979393,145.83424598369));
#3112=CARTESIAN_POINT('Ctrl Pts',(-85.0785291959958,3.3539694105976,146.094797701884));
#3113=CARTESIAN_POINT('Ctrl Pts',(-85.0448084667377,3.35354060976117,146.312335763327));
#3114=CARTESIAN_POINT('Ctrl Pts',(-84.9916091643936,3.35286409172047,146.52674278058));
#3115=CARTESIAN_POINT('Ctrl Pts',(-84.915157883907,3.35189191615203,146.737056634101));
#3116=CARTESIAN_POINT('Ctrl Pts',(-84.8619478106648,3.35121528218499,146.883435026699));
#3117=CARTESIAN_POINT('Ctrl Pts',(-84.7988504070741,3.35041286155988,147.024027510868));
#3118=CARTESIAN_POINT('Ctrl Pts',(-84.7262462653673,3.34948962271294,147.159187806895));
#3119=CARTESIAN_POINT('Ctrl Pts',(-84.6367214600343,3.34835121963971,147.325847709569));
#3120=CARTESIAN_POINT('Ctrl Pts',(-84.5327498879943,3.34702912195417,147.484250072203));
#3121=CARTESIAN_POINT('Ctrl Pts',(-84.4150685609884,3.34553264428808,147.635091393169));
#3122=CARTESIAN_POINT('Ctrl Pts',(-84.4020127631044,3.34536662211239,147.651826026005));
#3123=CARTESIAN_POINT('Ctrl Pts',(-84.3887881663242,3.34519845364699,147.668467605891));
#3124=CARTESIAN_POINT('Ctrl Pts',(-84.3753957203974,3.34502815161086,147.685017086188));
#3125=CARTESIAN_POINT('Ctrl Pts',(-84.2722012642149,3.34371590244432,147.812537826513));
#3126=CARTESIAN_POINT('Ctrl Pts',(-84.1606064776934,3.34229679679091,147.932646242229));
#3127=CARTESIAN_POINT('Ctrl Pts',(-84.0423344916007,3.34079285154303,148.045867914061));
#3128=CARTESIAN_POINT('Ctrl Pts',(-83.9122165701167,3.33913827351365,148.170429689782));
#3129=CARTESIAN_POINT('Ctrl Pts',(-83.7740232143761,3.33738101000398,148.286657743918));
#3130=CARTESIAN_POINT('Ctrl Pts',(-83.6300664293461,3.33555037816088,148.395284983706));
#3131=CARTESIAN_POINT('Ctrl Pts',(-83.5710102696898,3.33479938829697,148.439847715602));
#3132=CARTESIAN_POINT('Ctrl Pts',(-83.5109837869061,3.33403605105403,148.483131493817));
#3133=CARTESIAN_POINT('Ctrl Pts',(-83.450143601828,3.33326239048045,148.525187315357));
#3134=CARTESIAN_POINT('',(-87.0815389707303,-0.00100000129802602,137.860970727863));
#3135=CARTESIAN_POINT('Origin',(-88.010852160408,-0.00100000129802602,145.458725665894));
#3136=CARTESIAN_POINT('',(-88.9401653500858,0.,137.860970727863));
#3137=CARTESIAN_POINT('Origin',(-88.010852160408,0.,145.458725665894));
#3138=CARTESIAN_POINT('',(-88.9401653500858,3.40307502121575,137.860970727863));
#3139=CARTESIAN_POINT('Origin',(-88.010852160408,3.39125761838506,145.458725665894));
#3140=CARTESIAN_POINT('',(-88.9401653500858,-0.00100000129802602,137.860970727863));
#3141=CARTESIAN_POINT('Ctrl Pts',(-92.5715607189881,-0.00100000129802602,
148.525187315357));
#3142=CARTESIAN_POINT('Ctrl Pts',(-92.5715607189881,13.003216444966,148.525187315357));
#3143=CARTESIAN_POINT('Ctrl Pts',(-89.2175807657013,-0.00100000129802602,
146.326818045068));
#3144=CARTESIAN_POINT('Ctrl Pts',(-89.2175807657013,13.003216444966,146.326818045068));
#3145=CARTESIAN_POINT('Ctrl Pts',(-90.6646946506951,-0.00100000129802602,
142.809202446935));
#3146=CARTESIAN_POINT('Ctrl Pts',(-90.6646946506951,13.003216444966,142.809202446935));
#3147=CARTESIAN_POINT('Ctrl Pts',(-95.2861703275064,-0.00100000129802602,
138.66349865007));
#3148=CARTESIAN_POINT('Ctrl Pts',(-95.2861703275064,13.003216444966,138.66349865007));
#3149=CARTESIAN_POINT('Ctrl Pts',(-88.9401653500858,-0.00100000129802602,
137.860970727863));
#3150=CARTESIAN_POINT('Ctrl Pts',(-88.9401653500858,13.003216444966,137.860970727863));
#3151=CARTESIAN_POINT('',(-92.5715607189881,0.,148.525187315357));
#3152=CARTESIAN_POINT('Ctrl Pts',(-88.9401653500858,0.,137.860970727863));
#3153=CARTESIAN_POINT('Ctrl Pts',(-89.2082225663648,0.,137.894869755926));
#3154=CARTESIAN_POINT('Ctrl Pts',(-89.4542692433085,-1.47798011787916E-21,
137.935478353478));
#3155=CARTESIAN_POINT('Ctrl Pts',(-89.6800787536754,0.,137.982298055912));
#3156=CARTESIAN_POINT('Ctrl Pts',(-89.9058882640423,1.47798011787916E-21,
138.029117758346));
#3157=CARTESIAN_POINT('Ctrl Pts',(-90.1114606078324,2.18368404767847E-19,
138.082148565662));
#3158=CARTESIAN_POINT('Ctrl Pts',(-90.2985187325486,2.16840434497101E-19,
138.140905229288));
#3159=CARTESIAN_POINT('Ctrl Pts',(-90.4855768572649,2.15312464226354E-19,
138.199661892915));
#3160=CARTESIAN_POINT('Ctrl Pts',(-90.6541207629072,0.,138.264144412853));
#3161=CARTESIAN_POINT('Ctrl Pts',(-90.8058229717227,0.,138.333880756571));
#3162=CARTESIAN_POINT('Ctrl Pts',(-90.9575251805381,0.,138.403617100289));
#3163=CARTESIAN_POINT('Ctrl Pts',(-91.0923856925268,0.,138.478607267787));
#3164=CARTESIAN_POINT('Ctrl Pts',(-91.21202660468,0.,138.558392442571));
#3165=CARTESIAN_POINT('Ctrl Pts',(-91.3316675168332,0.,138.638177617355));
#3166=CARTESIAN_POINT('Ctrl Pts',(-91.436088829151,0.,138.722757799426));
#3167=CARTESIAN_POINT('Ctrl Pts',(-91.5268622133692,0.,138.811687388328));
#3168=CARTESIAN_POINT('Ctrl Pts',(-91.6176355975873,0.,138.900616977231));
#3169=CARTESIAN_POINT('Ctrl Pts',(-91.6947610537058,0.,138.993895972965));
#3170=CARTESIAN_POINT('Ctrl Pts',(-91.7597598282046,0.,139.091091991115));
#3171=CARTESIAN_POINT('Ctrl Pts',(-91.8247586027034,0.,139.188288009266));
#3172=CARTESIAN_POINT('Ctrl Pts',(-91.8776306955826,0.,139.289401049832));
#3173=CARTESIAN_POINT('Ctrl Pts',(-91.9198469280664,0.,139.394011944436));
#3174=CARTESIAN_POINT('Ctrl Pts',(-91.9620631605503,0.,139.49862283904));
#3175=CARTESIAN_POINT('Ctrl Pts',(-91.9936235326389,0.,139.606731587682));
#3176=CARTESIAN_POINT('Ctrl Pts',(-92.0159484403008,0.,139.717932238024));
#3177=CARTESIAN_POINT('Ctrl Pts',(-92.0382733479626,0.,139.829132888365));
#3178=CARTESIAN_POINT('Ctrl Pts',(-92.0513627911978,0.,139.943425440405));
#3179=CARTESIAN_POINT('Ctrl Pts',(-92.0565867407192,0.,140.060417157844));
#3180=CARTESIAN_POINT('Ctrl Pts',(-92.0618106902405,0.,140.177408875283));
#3181=CARTESIAN_POINT('Ctrl Pts',(-92.0591691460482,0.,140.297099758121));
#3182=CARTESIAN_POINT('Ctrl Pts',(-92.0499816535992,0.,140.419110286094));
#3183=CARTESIAN_POINT('Ctrl Pts',(-92.0407941611502,0.,140.541120814068));
#3184=CARTESIAN_POINT('Ctrl Pts',(-92.0250607204447,0.,140.665450987178));
#3185=CARTESIAN_POINT('Ctrl Pts',(-92.0040504516841,0.,140.791734501201));
#3186=CARTESIAN_POINT('Ctrl Pts',(-91.9830401829234,0.,140.918018015224));
#3187=CARTESIAN_POINT('Ctrl Pts',(-91.9567530861077,0.,141.046254870159));
#3188=CARTESIAN_POINT('Ctrl Pts',(-91.9264078561828,0.,141.176091977823));
#3189=CARTESIAN_POINT('Ctrl Pts',(-91.8960626262578,0.,141.305929085486));
#3190=CARTESIAN_POINT('Ctrl Pts',(-91.8616592632237,0.,141.437366445877));
#3191=CARTESIAN_POINT('Ctrl Pts',(-91.8243660367703,0.,141.570064186849));
#3192=CARTESIAN_POINT('Ctrl Pts',(-91.787072810317,0.,141.702761927821));
#3193=CARTESIAN_POINT('Ctrl Pts',(-91.7468897204444,0.,141.836720049374));
#3194=CARTESIAN_POINT('Ctrl Pts',(-91.7049346115872,0.,141.9716118954));
#3195=CARTESIAN_POINT('Ctrl Pts',(-91.6629795027299,0.,142.106503741426));
#3196=CARTESIAN_POINT('Ctrl Pts',(-91.6192523748879,0.,142.242329311925));
#3197=CARTESIAN_POINT('Ctrl Pts',(-91.5748206472398,0.,142.378775166828));
#3198=CARTESIAN_POINT('Ctrl Pts',(-91.5288187438492,0.,142.520042890762));
#3199=CARTESIAN_POINT('Ctrl Pts',(-91.4820618848999,0.,142.66197542937));
#3200=CARTESIAN_POINT('Ctrl Pts',(-91.435677749432,0.,142.804239850821));
#3201=CARTESIAN_POINT('Ctrl Pts',(-91.3908768363742,0.,142.941648383121));
#3202=CARTESIAN_POINT('Ctrl Pts',(-91.3464233345709,0.,143.079366607931));
#3203=CARTESIAN_POINT('Ctrl Pts',(-91.3032820307079,0.,143.2171079843));
#3204=CARTESIAN_POINT('Ctrl Pts',(-91.260140726845,0.,143.354849360669));
#3205=CARTESIAN_POINT('Ctrl Pts',(-91.2183116209224,0.,143.492613888597));
#3206=CARTESIAN_POINT('Ctrl Pts',(-91.1787090743704,0.,143.630128243173));
#3207=CARTESIAN_POINT('Ctrl Pts',(-91.1391065278183,0.,143.767642597748));
#3208=CARTESIAN_POINT('Ctrl Pts',(-91.1017305406368,0.,143.904906778972));
#3209=CARTESIAN_POINT('Ctrl Pts',(-91.0674450490003,0.,144.04166067797));
#3210=CARTESIAN_POINT('Ctrl Pts',(-91.0331595573638,0.,144.178414576968));
#3211=CARTESIAN_POINT('Ctrl Pts',(-91.0019645612723,0.,144.314658193741));
#3212=CARTESIAN_POINT('Ctrl Pts',(-90.9746735716445,0.,144.450144635453));
#3213=CARTESIAN_POINT('Ctrl Pts',(-90.9473825820168,0.,144.585631077166));
#3214=CARTESIAN_POINT('Ctrl Pts',(-90.9239955988528,0.,144.720360343819));
#3215=CARTESIAN_POINT('Ctrl Pts',(-90.9052757078156,0.,144.854098758615));
#3216=CARTESIAN_POINT('Ctrl Pts',(-90.8865558167785,0.,144.987837173412));
#3217=CARTESIAN_POINT('Ctrl Pts',(-90.8725030178681,0.,145.120584736353));
#3218=CARTESIAN_POINT('Ctrl Pts',(-90.8638299714919,0.,145.25212098668));
#3219=CARTESIAN_POINT('Ctrl Pts',(-90.8551569251157,0.,145.383657237007));
#3220=CARTESIAN_POINT('Ctrl Pts',(-90.8518636312737,0.,145.51398217472));
#3221=CARTESIAN_POINT('Ctrl Pts',(-90.8546123251175,0.,145.642888555101));
#3222=CARTESIAN_POINT('Ctrl Pts',(-90.8573610189613,0.,145.771794935482));
#3223=CARTESIAN_POINT('Ctrl Pts',(-90.8661517004909,0.,145.89928275853));
#3224=CARTESIAN_POINT('Ctrl Pts',(-90.8815961796022,0.,146.025157995565));
#3225=CARTESIAN_POINT('Ctrl Pts',(-90.8970406587136,0.,146.151033232601));
#3226=CARTESIAN_POINT('Ctrl Pts',(-90.9191389354067,0.,146.275295883623));
#3227=CARTESIAN_POINT('Ctrl Pts',(-90.9484523943219,0.,146.397765135989));
#3228=CARTESIAN_POINT('Ctrl Pts',(-90.977765853237,0.,146.520234388356));
#3229=CARTESIAN_POINT('Ctrl Pts',(-91.0142944943741,0.,146.640910242068));
#3230=CARTESIAN_POINT('Ctrl Pts',(-91.0585492771178,0.,146.75962510052));
#3231=CARTESIAN_POINT('Ctrl Pts',(-91.1028040598615,0.,146.878339958973));
#3232=CARTESIAN_POINT('Ctrl Pts',(-91.1547849842117,1.67096445176683E-21,
146.995093822168));
#3233=CARTESIAN_POINT('Ctrl Pts',(-91.2149525842974,0.,147.109732309538));
#3234=CARTESIAN_POINT('Ctrl Pts',(-91.2751201843829,-1.67096445176527E-21,
147.224370796909));
#3235=CARTESIAN_POINT('Ctrl Pts',(-91.3434744602039,0.,147.336893908456));
#3236=CARTESIAN_POINT('Ctrl Pts',(-91.4204255206333,0.,147.447160479652));
#3237=CARTESIAN_POINT('Ctrl Pts',(-91.4973765810628,0.,147.557427050849));
#3238=CARTESIAN_POINT('Ctrl Pts',(-91.5829244261008,1.55586578197023E-21,
147.665437081695));
#3239=CARTESIAN_POINT('Ctrl Pts',(-91.6774287393648,0.,147.771062623704));
#3240=CARTESIAN_POINT('Ctrl Pts',(-91.7719330526287,-1.5558657819703E-21,
147.876688165712));
#3241=CARTESIAN_POINT('Ctrl Pts',(-91.8753938341186,0.,147.979929218882));
#3242=CARTESIAN_POINT('Ctrl Pts',(-91.9881203421962,0.,148.080671050764));
#3243=CARTESIAN_POINT('Ctrl Pts',(-92.1008468502738,0.,148.181412882647));
#3244=CARTESIAN_POINT('Ctrl Pts',(-92.222839084939,2.1538483285458E-19,
148.279655493242));
#3245=CARTESIAN_POINT('Ctrl Pts',(-92.354355879298,2.16840434497101E-19,
148.375297366138));
#3246=CARTESIAN_POINT('Ctrl Pts',(-92.4240710888472,2.1761202852829E-19,
148.425995782588));
#3247=CARTESIAN_POINT('Ctrl Pts',(-92.4964617664246,0.,148.475963637265));
#3248=CARTESIAN_POINT('Ctrl Pts',(-92.5715607189881,0.,148.525187315357));
#3249=CARTESIAN_POINT('',(-92.5715607189881,3.44925284628967,148.525187315357));
#3250=CARTESIAN_POINT('Ctrl Pts',(-92.5715607189881,3.44925284628967,148.525187315357));
#3251=CARTESIAN_POINT('Ctrl Pts',(-92.4441243046344,3.44763232969694,148.441658999406));
#3252=CARTESIAN_POINT('Ctrl Pts',(-92.3198207258366,3.44605154157298,148.352934134198));
#3253=CARTESIAN_POINT('Ctrl Pts',(-92.2001501043281,3.44452981183829,148.258544126357));
#3254=CARTESIAN_POINT('Ctrl Pts',(-92.0510760540769,3.44263418856769,148.140962211976));
#3255=CARTESIAN_POINT('Ctrl Pts',(-91.9091954978702,3.4408302106836,148.014586998813));
#3256=CARTESIAN_POINT('Ctrl Pts',(-91.777473522118,3.43915524392549,147.87851983703));
#3257=CARTESIAN_POINT('Ctrl Pts',(-91.6820237593415,3.4379415119054,147.779921419873));
#3258=CARTESIAN_POINT('Ctrl Pts',(-91.5919108972784,3.43679552225739,147.676233655884));
#3259=CARTESIAN_POINT('Ctrl Pts',(-91.5082441585238,3.43573149248786,147.567130716873));
#3260=CARTESIAN_POINT('Ctrl Pts',(-91.4764496555433,3.43532714664886,147.525670110529));
#3261=CARTESIAN_POINT('Ctrl Pts',(-91.4455856425855,3.43493463666673,147.483427708365));
#3262=CARTESIAN_POINT('Ctrl Pts',(-91.415711023323,3.43455474276857,147.440386563284));
#3263=CARTESIAN_POINT('Ctrl Pts',(-91.3087407807587,3.43319447966102,147.28627173795));
#3264=CARTESIAN_POINT('Ctrl Pts',(-91.2172202950393,3.43203069809767,147.125911221572));
#3265=CARTESIAN_POINT('Ctrl Pts',(-91.1410056263083,3.4310615786076,146.958860177274));
#3266=CARTESIAN_POINT('Ctrl Pts',(-91.0767350052841,3.43024433551634,146.817988681818));
#3267=CARTESIAN_POINT('Ctrl Pts',(-91.0233537534989,3.42956552210182,146.672358119112));
#3268=CARTESIAN_POINT('Ctrl Pts',(-90.9807768325628,3.42902404725814,146.521712402004));
#3269=CARTESIAN_POINT('Ctrl Pts',(-90.9638468842304,3.4288087395063,146.461810836765));
#3270=CARTESIAN_POINT('Ctrl Pts',(-90.9486248786249,3.42861514652713,146.401116541082));
#3271=CARTESIAN_POINT('Ctrl Pts',(-90.9351030891435,3.42844319972268,146.339614612589));
#3272=CARTESIAN_POINT('Ctrl Pts',(-90.8966861484877,3.42795467930966,146.164880644102));
#3273=CARTESIAN_POINT('Ctrl Pts',(-90.8730533747706,3.42765427635181,145.98843006247));
#3274=CARTESIAN_POINT('Ctrl Pts',(-90.86173426552,3.42751033266229,145.81115968647));
#3275=CARTESIAN_POINT('Ctrl Pts',(-90.8484431572943,3.42734131130968,145.603005519878));
#3276=CARTESIAN_POINT('Ctrl Pts',(-90.8521231445751,3.42738801431262,145.393723554481));
#3277=CARTESIAN_POINT('Ctrl Pts',(-90.8687303422894,3.42759918706903,145.184751823095));
#3278=CARTESIAN_POINT('Ctrl Pts',(-90.8721972923897,3.42764327189428,145.141126488011));
#3279=CARTESIAN_POINT('Ctrl Pts',(-90.8762277414314,3.42769452456296,145.097514545357));
#3280=CARTESIAN_POINT('Ctrl Pts',(-90.8807852227487,3.42775247875238,145.05392883539));
#3281=CARTESIAN_POINT('Ctrl Pts',(-90.9150667722366,3.42818841239075,144.726075451208));
#3282=CARTESIAN_POINT('Ctrl Pts',(-90.9796238785631,3.42900923358761,144.395386047981));
#3283=CARTESIAN_POINT('Ctrl Pts',(-91.0615356675347,3.43005080838863,144.065350002687));
#3284=CARTESIAN_POINT('Ctrl Pts',(-91.1342337037088,3.43097522285342,143.772437680045));
#3285=CARTESIAN_POINT('Ctrl Pts',(-91.220598665776,3.43207352160528,143.480039616545));
#3286=CARTESIAN_POINT('Ctrl Pts',(-91.3116134634234,3.43323096137035,143.190558717099));
#3287=CARTESIAN_POINT('Ctrl Pts',(-91.3443985225784,3.43364789061863,143.08628283386));
#3288=CARTESIAN_POINT('Ctrl Pts',(-91.3777872633152,3.43407249377668,142.982385128854));
#3289=CARTESIAN_POINT('Ctrl Pts',(-91.4113595083953,3.43449940770457,142.878976775985));
#3290=CARTESIAN_POINT('Ctrl Pts',(-91.5083551471911,3.43573283099954,142.580213341507));
#3291=CARTESIAN_POINT('Ctrl Pts',(-91.606878919353,3.43698550945001,142.285537291763));
#3292=CARTESIAN_POINT('Ctrl Pts',(-91.696831930995,3.43812934219237,141.997604988419));
#3293=CARTESIAN_POINT('Ctrl Pts',(-91.814778960118,3.4396291438256,141.62006610286));
#3294=CARTESIAN_POINT('Ctrl Pts',(-91.9179936216532,3.44094181093986,141.254121551781));
#3295=CARTESIAN_POINT('Ctrl Pts',(-91.9837900222249,3.44177856430661,140.905689484682));
#3296=CARTESIAN_POINT('Ctrl Pts',(-92.0221591564127,3.44226651656437,140.702501519661));
#3297=CARTESIAN_POINT('Ctrl Pts',(-92.0478053086724,3.44259262803687,140.505267545468));
#3298=CARTESIAN_POINT('Ctrl Pts',(-92.0562200004118,3.44269963157786,140.315157871272));
#3299=CARTESIAN_POINT('Ctrl Pts',(-92.0615063464125,3.44276685421161,140.195725627405));
#3300=CARTESIAN_POINT('Ctrl Pts',(-92.0601392322692,3.44274938374799,140.075904587924));
#3301=CARTESIAN_POINT('Ctrl Pts',(-92.0498307395787,3.44261821767456,139.957091178055));
#3302=CARTESIAN_POINT('Ctrl Pts',(-92.0416424704386,3.44251402949269,139.862714996526));
#3303=CARTESIAN_POINT('Ctrl Pts',(-92.0278080490888,3.44233810524111,139.768975564596));
#3304=CARTESIAN_POINT('Ctrl Pts',(-92.0071821255867,3.44207590953793,139.676563040292));
#3305=CARTESIAN_POINT('Ctrl Pts',(-91.9943670022045,3.4419130043334,139.619146076592));
#3306=CARTESIAN_POINT('Ctrl Pts',(-91.9789304183305,3.44171679593513,139.562241096915));
#3307=CARTESIAN_POINT('Ctrl Pts',(-91.9606076157947,3.44148379812454,139.506009055834));
#3308=CARTESIAN_POINT('Ctrl Pts',(-91.913807330761,3.44088867279222,139.362380615509));
#3309=CARTESIAN_POINT('Ctrl Pts',(-91.8501007697055,3.44007860797835,139.229038567619));
#3310=CARTESIAN_POINT('Ctrl Pts',(-91.7691092903029,3.43904868863318,139.105227329636));
#3311=CARTESIAN_POINT('Ctrl Pts',(-91.7283253739893,3.43853006439403,139.04288117661));
#3312=CARTESIAN_POINT('Ctrl Pts',(-91.6831595086451,3.43795569147199,138.98295201567));
#3313=CARTESIAN_POINT('Ctrl Pts',(-91.6335577851927,3.43732494227609,138.925348150283));
#3314=CARTESIAN_POINT('Ctrl Pts',(-91.5722025901051,3.43654473269318,138.854094650352));
#3315=CARTESIAN_POINT('Ctrl Pts',(-91.5055641444406,3.43569714795902,138.788155127684));
#3316=CARTESIAN_POINT('Ctrl Pts',(-91.4347453462353,3.4347965608828,138.727035841407));
#3317=CARTESIAN_POINT('Ctrl Pts',(-91.3202999623656,3.43334118411479,138.628265170949));
#3318=CARTESIAN_POINT('Ctrl Pts',(-91.1949449916691,3.43174738872655,138.542078173669));
#3319=CARTESIAN_POINT('Ctrl Pts',(-91.0634926260909,3.43007583310312,138.466387649483));
#3320=CARTESIAN_POINT('Ctrl Pts',(-91.0531892435612,3.42994481471534,138.460454942064));
#3321=CARTESIAN_POINT('Ctrl Pts',(-91.0428483832871,3.42981331859988,138.45458675071));
#3322=CARTESIAN_POINT('Ctrl Pts',(-91.0324723395796,3.42968137396631,138.448782089413));
#3323=CARTESIAN_POINT('Ctrl Pts',(-90.7550113611756,3.42615310363935,138.293562330495));
#3324=CARTESIAN_POINT('Ctrl Pts',(-90.4114610112644,3.42178452642173,138.160871874293));
#3325=CARTESIAN_POINT('Ctrl Pts',(-89.9904378837486,3.41643066639306,138.053701313177));
#3326=CARTESIAN_POINT('Ctrl Pts',(-89.6831089378876,3.41252257666743,137.975471369445));
#3327=CARTESIAN_POINT('Ctrl Pts',(-89.3345001283454,3.40808949101625,137.910839057841));
#3328=CARTESIAN_POINT('Ctrl Pts',(-88.9401653500858,3.40307502121575,137.860970727863));
#3329=CARTESIAN_POINT('',(-92.5715607189881,-0.00100000129802602,148.525187315357));
#3330=CARTESIAN_POINT('Ctrl Pts',(-98.1242561776001,-0.00100000129802602,
149.170592709036));
#3331=CARTESIAN_POINT('Ctrl Pts',(-98.1242561776001,13.003216444966,149.170592709036));
#3332=CARTESIAN_POINT('Ctrl Pts',(-94.4694378099733,-0.00100000129802602,
149.170592709036));
#3333=CARTESIAN_POINT('Ctrl Pts',(-94.4694378099733,13.003216444966,149.170592709036));
#3334=CARTESIAN_POINT('Ctrl Pts',(-92.5715607189881,-0.00100000129802602,
148.525187315357));
#3335=CARTESIAN_POINT('Ctrl Pts',(-92.5715607189881,13.003216444966,148.525187315357));
#3336=CARTESIAN_POINT('Ctrl Pts',(-92.5715607189881,0.,148.525187315357));
#3337=CARTESIAN_POINT('Ctrl Pts',(-93.3038936668088,0.,148.774229593562));
#3338=CARTESIAN_POINT('Ctrl Pts',(-94.1428490349837,0.,148.920227474539));
#3339=CARTESIAN_POINT('Ctrl Pts',(-95.9532450018376,0.,149.130654884148));
#3340=CARTESIAN_POINT('Ctrl Pts',(-97.0744452813555,0.,149.170592709036));
#3341=CARTESIAN_POINT('Ctrl Pts',(-98.1242561776001,0.,149.170592709036));
#3342=CARTESIAN_POINT('Ctrl Pts',(-98.1242561776001,3.51986245321166,149.170592709036));
#3343=CARTESIAN_POINT('Ctrl Pts',(-97.7979768851,3.51571339573823,149.170592709036));
#3344=CARTESIAN_POINT('Ctrl Pts',(-97.4647970784989,3.51147665280555,149.166736726028));
#3345=CARTESIAN_POINT('Ctrl Pts',(-97.1291589720665,3.50720873099591,149.157778274265));
#3346=CARTESIAN_POINT('Ctrl Pts',(-96.7570368125272,3.50247688365764,149.147846033699));
#3347=CARTESIAN_POINT('Ctrl Pts',(-96.3818989672188,3.49770671071529,149.131639511951));
#3348=CARTESIAN_POINT('Ctrl Pts',(-96.0098230839566,3.4929752212341,149.10745126899));
#3349=CARTESIAN_POINT('Ctrl Pts',(-95.720075466229,3.48929065615705,149.088615095806));
#3350=CARTESIAN_POINT('Ctrl Pts',(-95.4321862332666,3.48562954967676,149.064938047419));
#3351=CARTESIAN_POINT('Ctrl Pts',(-95.1489943522922,3.48202826874574,149.035625243247));
#3352=CARTESIAN_POINT('Ctrl Pts',(-95.0685288197127,3.48100500851989,149.027296366052));
#3353=CARTESIAN_POINT('Ctrl Pts',(-94.9884422373401,3.479986578269,149.018512595495));
#3354=CARTESIAN_POINT('Ctrl Pts',(-94.90879894828,3.47897381223917,149.009255984493));
#3355=CARTESIAN_POINT('Ctrl Pts',(-94.7127471694042,3.4764807637466,148.986469694843));
#3356=CARTESIAN_POINT('Ctrl Pts',(-94.5118971818365,3.47392676128079,148.959950742945));
#3357=CARTESIAN_POINT('Ctrl Pts',(-94.3092586237811,3.47135015540281,148.928928631045));
#3358=CARTESIAN_POINT('Ctrl Pts',(-94.0147828374091,3.4676058135097,148.883847078531));
#3359=CARTESIAN_POINT('Ctrl Pts',(-93.7165389428333,3.46381373748656,148.829252392713));
#3360=CARTESIAN_POINT('Ctrl Pts',(-93.4238400465361,3.46009162130913,148.76275177012));
#3361=CARTESIAN_POINT('Ctrl Pts',(-93.2430112686863,3.45779210556823,148.721667821866));
#3362=CARTESIAN_POINT('Ctrl Pts',(-93.0642998449787,3.45551929170288,148.676039326846));
#3363=CARTESIAN_POINT('Ctrl Pts',(-92.8898719234642,3.4533009316705,148.625313036741));
#3364=CARTESIAN_POINT('Ctrl Pts',(-92.7819617087717,3.45192853839034,148.593931106552));
#3365=CARTESIAN_POINT('Ctrl Pts',(-92.6756902601177,3.45057698625429,148.560598337391));
#3366=CARTESIAN_POINT('Ctrl Pts',(-92.5715607189881,3.44925284628967,148.525187315357));
#3367=CARTESIAN_POINT('Origin',(0.,-0.00100000129802602,149.170592709036));
#3368=CARTESIAN_POINT('',(-2.00000000000001,0.,149.170592709036));
#3369=CARTESIAN_POINT('',(-1.00000000000001,0.,149.170592709036));
#3370=CARTESIAN_POINT('',(0.,2.00000000000001,149.170592709036));
#3371=CARTESIAN_POINT('Origin',(-2.,2.,149.170592709036));
#3372=CARTESIAN_POINT('',(0.,7.5,149.170592709036));
#3373=CARTESIAN_POINT('',(0.,0.999499999350994,149.170592709036));
#3374=CARTESIAN_POINT('',(-8.96562032950141,7.93238689531293,149.170592709036));
#3375=CARTESIAN_POINT('',(-56.8412899834434,10.2412970880164,149.170592709036));
#3376=CARTESIAN_POINT('',(-8.99782486931503,7.23197702905265,149.170592709036));
#3377=CARTESIAN_POINT('Ctrl Pts',(-8.99782486931504,7.23197702905264,149.170592709036));
#3378=CARTESIAN_POINT('Ctrl Pts',(-8.98761339535801,7.46547517261332,149.170592709036));
#3379=CARTESIAN_POINT('Ctrl Pts',(-8.97687851200088,7.69894644837733,149.170592709036));
#3380=CARTESIAN_POINT('Ctrl Pts',(-8.9656203292667,7.93238690017977,149.170592709036));
#3381=CARTESIAN_POINT('',(-14.056626611521,2.45083528923892,149.170592709036));
#3382=CARTESIAN_POINT('Origin',(-13.9930503725356,7.45043107908397,149.170592709037));
#3383=CARTESIAN_POINT('',(-51.3990157036874,2.92569140821379,149.170592709036));
#3384=CARTESIAN_POINT('Ctrl Pts',(-104.973501788712,14.1376116574218,11.5));
#3385=CARTESIAN_POINT('Ctrl Pts',(-104.97350178871,14.1376116574217,372.3988));
#3386=CARTESIAN_POINT('Ctrl Pts',(-105.001295504021,13.6230381180874,11.5));
#3387=CARTESIAN_POINT('Ctrl Pts',(-105.00129550402,13.6230381180874,372.3988));
#3388=CARTESIAN_POINT('Ctrl Pts',(-105.028242515199,13.099322420709,11.5));
#3389=CARTESIAN_POINT('Ctrl Pts',(-105.028242515198,13.0993224207089,372.3988));
#3390=CARTESIAN_POINT('Ctrl Pts',(-105.197808848735,9.58333386416225,11.5));
#3391=CARTESIAN_POINT('Ctrl Pts',(-105.197808848734,9.58333386416218,372.3988));
#3392=CARTESIAN_POINT('Ctrl Pts',(-105.288756103692,6.59768161262651,11.5));
#3393=CARTESIAN_POINT('Ctrl Pts',(-105.28875610369,6.59768161262644,372.3988));
#3394=CARTESIAN_POINT('Ctrl Pts',(-105.326729834646,3.61145109472471,11.5));
#3395=CARTESIAN_POINT('Ctrl Pts',(-105.326729834644,3.61145109472464,372.3988));
#3396=CARTESIAN_POINT('',(-105.210356207959,8.71136571397043,11.4999999999998));
#3397=CARTESIAN_POINT('',(-105.210356207948,8.71136571397003,312.249));
#3398=CARTESIAN_POINT('',(-105.053941035748,12.5664589549222,11.5));
#3399=CARTESIAN_POINT('Origin',(147.218795557422,0.400115520820046,11.5000000023214));
#3400=CARTESIAN_POINT('',(-105.053941035747,12.5664589549222,161.8745));
#3401=CARTESIAN_POINT('Origin',(-100.213064188938,8.54682855482571,161.8745));
#3402=CARTESIAN_POINT('',(-100.276640427924,3.54723276498065,13.9999999999998));
#3403=CARTESIAN_POINT('',(-100.276640427923,3.54723276498063,312.249));
#3404=CARTESIAN_POINT('',(-105.212659978784,8.61040479381107,11.4999999999998));
#3405=CARTESIAN_POINT('Ctrl Pts',(-100.276640427924,3.54723276498066,13.9999999999998));
#3406=CARTESIAN_POINT('Ctrl Pts',(-100.381993231072,3.54857246028249,13.9473193396103));
#3407=CARTESIAN_POINT('Ctrl Pts',(-100.488859586145,3.55330581932329,13.8938603887997));
#3408=CARTESIAN_POINT('Ctrl Pts',(-100.596873471192,3.56167064100356,13.839804631913));
#3409=CARTESIAN_POINT('Ctrl Pts',(-100.705696955238,3.57009815972746,13.7853437096471));
#3410=CARTESIAN_POINT('Ctrl Pts',(-100.815685030608,3.58221194334462,13.7302771029079));
#3411=CARTESIAN_POINT('Ctrl Pts',(-100.926429894504,3.5982177115442,13.6748073887215));
#3412=CARTESIAN_POINT('Ctrl Pts',(-101.038981028024,3.61448453684285,13.6184329530315));
#3413=CARTESIAN_POINT('Ctrl Pts',(-101.152313598707,3.63477154244211,13.5616422715521));
#3414=CARTESIAN_POINT('Ctrl Pts',(-101.265968368785,3.65925327718895,13.5046638348889));
#3415=CARTESIAN_POINT('Ctrl Pts',(-101.380812886875,3.68399128886292,13.4470889429984));
#3416=CARTESIAN_POINT('Ctrl Pts',(-101.495986031919,3.71301245392947,13.3893225202358));
#3417=CARTESIAN_POINT('Ctrl Pts',(-101.610986990232,3.74645235145164,13.33161409124));
#3418=CARTESIAN_POINT('Ctrl Pts',(-101.727950990517,3.78046306093335,13.2729205915988));
#3419=CARTESIAN_POINT('Ctrl Pts',(-101.844736450572,3.81904481789589,13.2142872938551));
#3420=CARTESIAN_POINT('Ctrl Pts',(-101.960794571381,3.862291965842,13.1559879755338));
#3421=CARTESIAN_POINT('Ctrl Pts',(-102.035906669858,3.8902812526984,13.1182570170424));
#3422=CARTESIAN_POINT('Ctrl Pts',(-102.110713680993,3.92022369212141,13.0806661724802));
#3423=CARTESIAN_POINT('Ctrl Pts',(-102.185063452153,3.95213390709531,13.0432914190466));
#3424=CARTESIAN_POINT('Ctrl Pts',(-102.298586613329,4.00085696866106,12.9862246642773));
#3425=CARTESIAN_POINT('Ctrl Pts',(-102.41104703367,4.05412645372279,12.929660332518));
#3426=CARTESIAN_POINT('Ctrl Pts',(-102.521929434144,4.1118573491148,12.8738565829383));
#3427=CARTESIAN_POINT('Ctrl Pts',(-102.634289754995,4.17035772339946,12.8173090408514));
#3428=CARTESIAN_POINT('Ctrl Pts',(-102.745029160742,4.23343914629995,12.7615427662139));
#3429=CARTESIAN_POINT('Ctrl Pts',(-102.85361324091,4.30095961640419,12.7068258454532));
#3430=CARTESIAN_POINT('Ctrl Pts',(-102.917713505129,4.34081886618685,12.6745248942221));
#3431=CARTESIAN_POINT('Ctrl Pts',(-102.981062737855,4.38222406230954,12.6425895998348));
#3432=CARTESIAN_POINT('Ctrl Pts',(-103.043552497653,4.42513764765731,12.6110744173996));
#3433=CARTESIAN_POINT('Ctrl Pts',(-103.148914439228,4.49749284132176,12.5579376983399));
#3434=CARTESIAN_POINT('Ctrl Pts',(-103.251829759203,4.57413727579106,12.5059969218059));
#3435=CARTESIAN_POINT('Ctrl Pts',(-103.351833807022,4.65479186033794,12.4554861686473));
#3436=CARTESIAN_POINT('Ctrl Pts',(-103.451913941516,4.73550780979151,12.4049369850923));
#3437=CARTESIAN_POINT('Ctrl Pts',(-103.549077863427,4.82023963582892,12.355820258519));
#3438=CARTESIAN_POINT('Ctrl Pts',(-103.642884187013,4.90866324584269,12.3083587244173));
#3439=CARTESIAN_POINT('Ctrl Pts',(-103.694032251207,4.95687637592142,12.2824802388293));
#3440=CARTESIAN_POINT('Ctrl Pts',(-103.744182571717,5.0061863322667,12.2570936115447));
#3441=CARTESIAN_POINT('Ctrl Pts',(-103.793267464813,5.0565356583165,12.2322330469802));
#3442=CARTESIAN_POINT('Ctrl Pts',(-103.88262397318,5.14819400145895,12.1869756754056));
#3443=CARTESIAN_POINT('Ctrl Pts',(-103.968445631129,5.24329678369406,12.1434636877096));
#3444=CARTESIAN_POINT('Ctrl Pts',(-104.050404646335,5.34142019193146,12.1018636612498));
#3445=CARTESIAN_POINT('Ctrl Pts',(-104.131546204879,5.43856492035498,12.0606785521567));
#3446=CARTESIAN_POINT('Ctrl Pts',(-104.208901496305,5.53866979861434,12.0213676040584));
#3447=CARTESIAN_POINT('Ctrl Pts',(-104.282191639717,5.64129778350852,11.9840730246873));
#3448=CARTESIAN_POINT('Ctrl Pts',(-104.324638838283,5.70073647813426,11.9624732522985));
#3449=CARTESIAN_POINT('Ctrl Pts',(-104.365723201971,5.76102106889451,11.9415494643725));
#3450=CARTESIAN_POINT('Ctrl Pts',(-104.405397227884,5.82206366761699,11.9213259691973));
#3451=CARTESIAN_POINT('Ctrl Pts',(-104.473650914619,5.92707903509741,11.8865342365054));
#3452=CARTESIAN_POINT('Ctrl Pts',(-104.537726705633,6.03433621540169,11.8538170301967));
#3453=CARTESIAN_POINT('Ctrl Pts',(-104.597476567182,6.1433402820031,11.8232515077158));
#3454=CARTESIAN_POINT('Ctrl Pts',(-104.656403403229,6.25084287020308,11.7931070105532));
#3455=CARTESIAN_POINT('Ctrl Pts',(-104.711122589043,6.36004405608976,11.7650553693844));
#3456=CARTESIAN_POINT('Ctrl Pts',(-104.761536993142,6.47046420999725,11.73914819533));
#3457=CARTESIAN_POINT('Ctrl Pts',(-104.79507372486,6.54391804019012,11.721914193235));
#3458=CARTESIAN_POINT('Ctrl Pts',(-104.826706430978,6.61791120089881,11.7056286981171));
#3459=CARTESIAN_POINT('Ctrl Pts',(-104.856417983354,6.69230286347124,11.6903011686902));
#3460=CARTESIAN_POINT('Ctrl Pts',(-104.901265073533,6.80459082331162,11.6671655517509));
#3461=CARTESIAN_POINT('Ctrl Pts',(-104.941732348022,6.91778389101442,11.6462139112852));
#3462=CARTESIAN_POINT('Ctrl Pts',(-104.977857399629,7.03138185348414,11.6274306325741));
#3463=CARTESIAN_POINT('Ctrl Pts',(-105.013543319241,7.14359893211312,11.608875681251));
#3464=CARTESIAN_POINT('Ctrl Pts',(-105.04499201573,7.25621072564529,11.5924366607672));
#3465=CARTESIAN_POINT('Ctrl Pts',(-105.072282948576,7.36874982958125,11.5780768161773));
#3466=CARTESIAN_POINT('Ctrl Pts',(-105.093737318336,7.45722080864165,11.5667880332957));
#3467=CARTESIAN_POINT('Ctrl Pts',(-105.112623003765,7.54564709697328,11.5567837728773));
#3468=CARTESIAN_POINT('Ctrl Pts',(-105.128997256521,7.63381044161206,11.5480367989784));
#3469=CARTESIAN_POINT('Ctrl Pts',(-105.150102528739,7.74744685703416,11.5367625583772));
#3470=CARTESIAN_POINT('Ctrl Pts',(-105.167034215053,7.8606427454595,11.5275777427334));
#3471=CARTESIAN_POINT('Ctrl Pts',(-105.180004880343,7.97294578813452,11.5203789538695));
#3472=CARTESIAN_POINT('Ctrl Pts',(-105.192888345789,8.08449383423107,11.5132285613876));
#3473=CARTESIAN_POINT('Ctrl Pts',(-105.201864038083,8.19516071875215,11.5080374996196));
#3474=CARTESIAN_POINT('Ctrl Pts',(-105.207175980396,8.30453520897382,11.5046863813056));
#3475=CARTESIAN_POINT('Ctrl Pts',(-105.212188664665,8.40774788605159,11.5015240544075));
#3476=CARTESIAN_POINT('Ctrl Pts',(-105.213939172845,8.50980977049081,11.4999999999998));
#3477=CARTESIAN_POINT('Ctrl Pts',(-105.212659978784,8.61040479381107,11.4999999999998));
#3478=CARTESIAN_POINT('Origin',(-100.213064188939,8.54682855482574,11.4999999999998));
#3479=CARTESIAN_POINT('Origin',(-102.826931939723,3.57966297523202,11.4999999999998));
#3480=CARTESIAN_POINT('',(-14.0566266115214,2.45083528923892,13.9999999999998));
#3481=CARTESIAN_POINT('',(-14.0566266115214,2.45083528923892,11.4999999999997));
#3482=CARTESIAN_POINT('',(-102.826931939715,3.57966297523191,13.9999999999998));
#3483=CARTESIAN_POINT('Origin',(-13.9930503725355,7.45043107908397,161.8745));
#3484=CARTESIAN_POINT('',(-8.99782486931551,7.23197702905268,11.5012003117878));
#3485=CARTESIAN_POINT('',(-8.9978248693155,7.23197702905268,11.4999999999996));
#3486=CARTESIAN_POINT('Ctrl Pts',(-14.0566266115214,2.45083528923893,13.9999999999998));
#3487=CARTESIAN_POINT('Ctrl Pts',(-13.9507545374627,2.44948899074498,13.9470596831675));
#3488=CARTESIAN_POINT('Ctrl Pts',(-13.8433089986594,2.45152890524904,13.8933542258327));
#3489=CARTESIAN_POINT('Ctrl Pts',(-13.7346534458868,2.45719827033029,13.8390668851049));
#3490=CARTESIAN_POINT('Ctrl Pts',(-13.6251353203927,2.46291264222014,13.7843485790188));
#3491=CARTESIAN_POINT('Ctrl Pts',(-13.5143881028092,2.47231448413939,13.7290392201169));
#3492=CARTESIAN_POINT('Ctrl Pts',(-13.4028180710269,2.48561585948653,13.6733432791413));
#3493=CARTESIAN_POINT('Ctrl Pts',(-13.2893966808676,2.49913795371563,13.6167231370587));
#3494=CARTESIAN_POINT('Ctrl Pts',(-13.1751251884107,2.51669027849764,13.5597036008794));
#3495=CARTESIAN_POINT('Ctrl Pts',(-13.0604621497577,2.53845460181032,13.5025150857312));
#3496=CARTESIAN_POINT('Ctrl Pts',(-12.944582275201,2.56044989414613,13.4447196702311));
#3497=CARTESIAN_POINT('Ctrl Pts',(-12.8283028620586,2.58674720758352,13.3867518522201));
#3498=CARTESIAN_POINT('Ctrl Pts',(-12.712124681514,2.61748992212321,13.3288629086043));
#3499=CARTESIAN_POINT('Ctrl Pts',(-12.594028402387,2.64874019803886,13.2700182201131));
#3500=CARTESIAN_POINT('Ctrl Pts',(-12.4760371623592,2.68458405135073,13.2112552511632));
#3501=CARTESIAN_POINT('Ctrl Pts',(-12.3586991295757,2.72512404089701,13.1528487157));
#3502=CARTESIAN_POINT('Ctrl Pts',(-12.2971099169662,2.74640295597786,13.1221918822326));
#3503=CARTESIAN_POINT('Ctrl Pts',(-12.2357009938406,2.7689748760775,13.0916334066593));
#3504=CARTESIAN_POINT('Ctrl Pts',(-12.1745533512441,2.79284924045222,13.0612138412403));
#3505=CARTESIAN_POINT('Ctrl Pts',(-12.05945408236,2.8377883708573,13.0039545653167));
#3506=CARTESIAN_POINT('Ctrl Pts',(-11.9452783517369,2.88730322875535,12.9471861119476));
#3507=CARTESIAN_POINT('Ctrl Pts',(-11.832543760376,2.94132360369606,12.8911668143402));
#3508=CARTESIAN_POINT('Ctrl Pts',(-11.7183467300081,2.99604475292915,12.8344208116019));
#3509=CARTESIAN_POINT('Ctrl Pts',(-11.6056290267128,3.05538900126353,12.7784438045293));
#3510=CARTESIAN_POINT('Ctrl Pts',(-11.4949281831183,3.11922988987841,12.7235037337314));
#3511=CARTESIAN_POINT('Ctrl Pts',(-11.4350633987919,3.15375375531647,12.6937932511154));
#3512=CARTESIAN_POINT('Ctrl Pts',(-11.3757883729301,3.18959171872749,12.6643859784337));
#3513=CARTESIAN_POINT('Ctrl Pts',(-11.317187156051,3.22671754160749,12.6353237707335));
#3514=CARTESIAN_POINT('Ctrl Pts',(-11.2093208992842,3.29505440825837,12.58182946251));
#3515=CARTESIAN_POINT('Ctrl Pts',(-11.1037407684428,3.36775627065037,12.5295058758428));
#3516=CARTESIAN_POINT('Ctrl Pts',(-11.000920451394,3.4445611120662,12.478588169715));
#3517=CARTESIAN_POINT('Ctrl Pts',(-10.8980356540054,3.52141411908208,12.4276385322424));
#3518=CARTESIAN_POINT('Ctrl Pts',(-10.7979146555466,3.60237489294645,12.3780967981559));
#3519=CARTESIAN_POINT('Ctrl Pts',(-10.7010091210727,3.68713580043752,12.3301868259099));
#3520=CARTESIAN_POINT('Ctrl Pts',(-10.6527403253536,3.72935533878343,12.3063227950699));
#3521=CARTESIAN_POINT('Ctrl Pts',(-10.6052688975071,3.77251704218986,12.2828634058669));
#3522=CARTESIAN_POINT('Ctrl Pts',(-10.5586479208159,3.8165791559013,12.2598349323355));
#3523=CARTESIAN_POINT('Ctrl Pts',(-10.4657275079796,3.90439949101843,12.2139368105159));
#3524=CARTESIAN_POINT('Ctrl Pts',(-10.3761894930762,3.99579702968542,12.1697524934576));
#3525=CARTESIAN_POINT('Ctrl Pts',(-10.2903787159889,4.09036285511096,12.1274517874242));
#3526=CARTESIAN_POINT('Ctrl Pts',(-10.2054179718852,4.18399192091874,12.0855701079581));
#3527=CARTESIAN_POINT('Ctrl Pts',(-10.1241113024312,4.28072630639068,12.0455350605699));
#3528=CARTESIAN_POINT('Ctrl Pts',(-10.0467552087446,4.38014168906633,12.0074921861512));
#3529=CARTESIAN_POINT('Ctrl Pts',(-10.0056947979087,4.43291111241147,11.9872991285836));
#3530=CARTESIAN_POINT('Ctrl Pts',(-9.9657467698336,4.48643547702862,11.9676670170655));
#3531=CARTESIAN_POINT('Ctrl Pts',(-9.9269505777541,4.540648877806,11.9486151576196));
#3532=CARTESIAN_POINT('Ctrl Pts',(-9.85413047635093,4.64240694039961,11.9128549898711));
#3533=CARTESIAN_POINT('Ctrl Pts',(-9.78537238511585,4.74659130891899,11.8791410885565));
#3534=CARTESIAN_POINT('Ctrl Pts',(-9.72084793570891,4.85271573213802,11.8475561711661));
#3535=CARTESIAN_POINT('Ctrl Pts',(-9.65720805310673,4.95738529378418,11.8164042519603));
#3536=CARTESIAN_POINT('Ctrl Pts',(-9.59768662947697,5.06394159009787,11.7873233909179));
#3537=CARTESIAN_POINT('Ctrl Pts',(-9.5424036987561,5.17191095367323,11.7603705887559));
#3538=CARTESIAN_POINT('Ctrl Pts',(-9.50847574515794,5.23817335166193,11.7438292547643));
#3539=CARTESIAN_POINT('Ctrl Pts',(-9.4761433206847,5.30496786732942,11.7280890038463));
#3540=CARTESIAN_POINT('Ctrl Pts',(-9.44542544048005,5.37218482867412,11.7131586455519));
#3541=CARTESIAN_POINT('Ctrl Pts',(-9.39518847621335,5.48211351068906,11.6887410792638));
#3542=CARTESIAN_POINT('Ctrl Pts',(-9.34927295820356,5.5931695398746,11.6664912286763));
#3543=CARTESIAN_POINT('Ctrl Pts',(-9.30766889829597,5.70485273416138,11.6464009201462));
#3544=CARTESIAN_POINT('Ctrl Pts',(-9.26657254030465,5.8151730380985,11.6265557773082));
#3545=CARTESIAN_POINT('Ctrl Pts',(-9.22968300285124,5.92610489199365,11.6088177626998));
#3546=CARTESIAN_POINT('Ctrl Pts',(-9.19694670957078,6.03717843555017,11.5931571031092));
#3547=CARTESIAN_POINT('Ctrl Pts',(-9.17304958865248,6.11826085616673,11.5817250001314));
#3548=CARTESIAN_POINT('Ctrl Pts',(-9.15136475286896,6.19941901585472,11.5713994318186));
#3549=CARTESIAN_POINT('Ctrl Pts',(-9.13185655160456,6.28047610758403,11.5621614502317));
#3550=CARTESIAN_POINT('Ctrl Pts',(-9.10479651389825,6.39291127927567,11.5493473457079));
#3551=CARTESIAN_POINT('Ctrl Pts',(-9.08192622791606,6.505148423205,11.5386266887065));
#3552=CARTESIAN_POINT('Ctrl Pts',(-9.06306206986137,6.61672499102235,11.5299047340426));
#3553=CARTESIAN_POINT('Ctrl Pts',(-9.04433009740293,6.72751971556303,11.5212438961682));
#3554=CARTESIAN_POINT('Ctrl Pts',(-9.02954815455876,6.83766279661515,11.5145537705326));
#3555=CARTESIAN_POINT('Ctrl Pts',(-9.01849891078949,6.94673085511717,11.5097230089656));
#3556=CARTESIAN_POINT('Ctrl Pts',(-9.00877316526562,7.04273454586061,11.5054708846874));
#3557=CARTESIAN_POINT('Ctrl Pts',(-9.00193885280484,7.13790564313511,11.5026590667498));
#3558=CARTESIAN_POINT('Ctrl Pts',(-8.9978248693155,7.23197702905268,11.5012003117878));
#3559=CARTESIAN_POINT('Ctrl Pts',(-8.91352317931454,8.94911384376164,312.249));
#3560=CARTESIAN_POINT('Ctrl Pts',(-8.91352317931577,8.9491138437617,-48.6498000000003));
#3561=CARTESIAN_POINT('Ctrl Pts',(-8.93231391664623,8.60122166234643,312.249));
#3562=CARTESIAN_POINT('Ctrl Pts',(-8.93231391664746,8.6012216623465,-48.6498000000003));
#3563=CARTESIAN_POINT('Ctrl Pts',(-8.94971107645551,8.26226813004176,312.249));
#3564=CARTESIAN_POINT('Ctrl Pts',(-8.94971107645674,8.26226813004183,-48.6498000000003));
#3565=CARTESIAN_POINT('Ctrl Pts',(-9.05468496797206,6.0856155336518,312.249));
#3566=CARTESIAN_POINT('Ctrl Pts',(-9.05468496797329,6.08561553365186,-48.6498000000003));
#3567=CARTESIAN_POINT('Ctrl Pts',(-9.11099863056693,4.23691502962716,312.249));
#3568=CARTESIAN_POINT('Ctrl Pts',(-9.11099863056816,4.23691502962722,-48.6498000000003));
#3569=CARTESIAN_POINT('Ctrl Pts',(-9.13450683802566,2.38824425664583,312.249));
#3570=CARTESIAN_POINT('Ctrl Pts',(-9.13450683802689,2.3882442566459,-48.6498000000003));
#3571=CARTESIAN_POINT('',(-8.96562032939775,7.93238689747241,11.4999999999996));
#3572=CARTESIAN_POINT('',(-8.96562032950136,7.93238689531293,161.8745));
#3573=CARTESIAN_POINT('',(-8.99447360982157,7.30818188254217,11.4999999999996));
#3574=CARTESIAN_POINT('Origin',(147.177904272325,0.402032293608918,11.4999999999996));
#3575=CARTESIAN_POINT('Ctrl Pts',(-8.99447360982157,7.30818188254209,11.4999999999996));
#3576=CARTESIAN_POINT('Ctrl Pts',(-8.99559703194684,7.28277739324403,11.4999999999995));
#3577=CARTESIAN_POINT('Ctrl Pts',(-8.99671439195309,7.25736948499794,11.5004002024947));
#3578=CARTESIAN_POINT('Ctrl Pts',(-8.99782486931551,7.23197702905269,11.5012003117878));
#3579=CARTESIAN_POINT('Origin',(-114.043492868972,13.,323.75));
#3580=CARTESIAN_POINT('',(-102.55684330436,12.4460308853552,8.99999999999979));
#3581=CARTESIAN_POINT('Origin',(-102.55684330427,12.4460308873983,11.4999999999999));
#3582=CARTESIAN_POINT('',(-11.4627180607102,8.0528149633784,8.99999999999979));
#3583=CARTESIAN_POINT('',(-102.552228784351,12.4458083414015,8.9999999999998));
#3584=CARTESIAN_POINT('Origin',(-11.462718060775,8.05281496586429,11.499999999941));
#3585=CARTESIAN_POINT('',(0.,7.5,4.));
#3586=CARTESIAN_POINT('',(0.,7.5,323.75));
#3587=CARTESIAN_POINT('',(-4.,7.69290885824828,0.));
#3588=CARTESIAN_POINT('Origin',(-4.,7.69290885824828,3.99999999999999));
#3589=CARTESIAN_POINT('',(-110.039290704737,12.8068884830755,0.));
#3590=CARTESIAN_POINT('',(-114.043492868972,13.,0.));
#3591=CARTESIAN_POINT('',(-114.043492868972,13.,4.));
#3592=CARTESIAN_POINT('Origin',(-110.038730363509,12.8068614593786,4.00061055785421));
#3593=CARTESIAN_POINT('',(-114.043492868972,13.,323.75));
#3594=CARTESIAN_POINT('',(-7.15886416894477,7.84525207829642,5.00099999999967));
#3595=CARTESIAN_POINT('',(-2.76397216159049,7.63329867848062,5.00099999999967));
#3596=CARTESIAN_POINT('Origin',(-4.96141816526763,7.73927537838852,5.00099999999967));
#3597=CARTESIAN_POINT('Origin',(-4.96141816526763,7.73927537838852,5.00099999999967));
#3598=CARTESIAN_POINT('',(-111.237897615835,12.8646939557526,5.00100000000001));
#3599=CARTESIAN_POINT('',(-106.84300560848,12.6527405559368,5.00100000000001));
#3600=CARTESIAN_POINT('Origin',(-109.040451612158,12.7587172558447,5.00100000000001));
#3601=CARTESIAN_POINT('Origin',(-109.040451612158,12.7587172558447,5.00100000000001));
#3602=CARTESIAN_POINT('Origin',(-112.764312078722,2.,323.75));
#3603=CARTESIAN_POINT('',(-114.763997583397,2.0354666377653,4.));
#3604=CARTESIAN_POINT('',(-114.763997583397,2.0354666377653,323.75));
#3605=CARTESIAN_POINT('',(-114.764312078722,2.,4.));
#3606=CARTESIAN_POINT('Origin',(-112.764312078722,2.,4.));
#3607=CARTESIAN_POINT('',(-113.121765737575,0.0322025302961775,4.));
#3608=CARTESIAN_POINT('Origin',(-112.764312078722,2.,4.));
#3609=CARTESIAN_POINT('',(-113.690940997738,0.227612106100225,5.00100000000164));
#3610=CARTESIAN_POINT('Origin',(-112.764312078632,2.00000000019673,3.54577405906996));
#3611=CARTESIAN_POINT('',(-112.764312078722,0.,6.62309596685262));
#3612=CARTESIAN_POINT('Origin',(-112.764312078713,2.0000000000018,6.45622594079556));
#3613=CARTESIAN_POINT('',(-112.764312078722,0.,323.75));
#3614=CARTESIAN_POINT('Origin',(-109.040451612158,12.7587172558447,5.00100000000001));
#3615=CARTESIAN_POINT('',(-111.665641062591,3.99535637032207,5.00100000000001));
#3616=CARTESIAN_POINT('',(-107.260527133146,3.99535637032207,5.00100000000001));
#3617=CARTESIAN_POINT('Origin',(-109.463084097869,3.99535637032207,5.00099999999997));
#3618=CARTESIAN_POINT('Origin',(-109.463084097869,3.99535637032207,5.00099999999997));
#3619=CARTESIAN_POINT('',(-106.84300560848,12.6527405559368,5.00100000000001));
#3620=CARTESIAN_POINT('Origin',(-4.96141816526763,7.73927537838852,5.00099999999967));
#3621=CARTESIAN_POINT('',(-7.34453391529484,3.99535637032207,5.00099999999967));
#3622=CARTESIAN_POINT('',(-2.93941998585049,3.99535637032207,5.00099999999967));
#3623=CARTESIAN_POINT('Origin',(-5.14197695057267,3.99535637032207,5.00099999999968));
#3624=CARTESIAN_POINT('Origin',(-5.14197695057267,3.99535637032207,5.00099999999968));
#3625=CARTESIAN_POINT('',(-2.76397216159049,7.63329867848062,5.00099999999967));
#3626=CARTESIAN_POINT('Origin',(0.,0.,323.75));
#3627=CARTESIAN_POINT('Origin',(0.,0.,4.));
#3628=CARTESIAN_POINT('Origin',(-2.00000000000001,0.,323.75));
#3629=CARTESIAN_POINT('',(-111.678843551205,0.,8.50100000000059));
#3630=CARTESIAN_POINT('',(52.3747275035635,0.,292.32024940805));
#3631=CARTESIAN_POINT('',(-107.632694462383,0.,8.50099999999926));
#3632=CARTESIAN_POINT('',(-2.00000000000285,0.,8.50099999999898));
#3633=CARTESIAN_POINT('',(-105.609619917969,0.,5.0009999999969));
#3634=CARTESIAN_POINT('',(-217.764538316963,0.,199.033501412587));
#3635=CARTESIAN_POINT('',(-106.188219237668,0.,3.99999999999998));
#3636=CARTESIAN_POINT('',(58.4404241401013,0.,288.814147562476));
#3637=CARTESIAN_POINT('',(-8.80221162861611,0.,4.));
#3638=CARTESIAN_POINT('',(-2.00000000000001,0.,4.));
#3639=CARTESIAN_POINT('',(-9.3808109483198,0.,5.00100000000297));
#3640=CARTESIAN_POINT('',(-145.634872542009,0.,240.72598447724));
#3641=CARTESIAN_POINT('',(-7.35773640391182,0.,8.50100000000004));
#3642=CARTESIAN_POINT('',(130.570089915045,0.,247.121664497827));
#3643=CARTESIAN_POINT('',(-3.31158731508166,0.,8.50099999999961));
#3644=CARTESIAN_POINT('',(-2.00000000000285,0.,8.50099999999959));
#3645=CARTESIAN_POINT('',(-2.,0.,6.23190140674218));
#3646=CARTESIAN_POINT('',(-139.569175905474,0.,244.232086322808));
#3647=CARTESIAN_POINT('',(-2.00000000000001,0.,323.75));
#3648=CARTESIAN_POINT('Origin',(-2.,2.,323.75));
#3649=CARTESIAN_POINT('',(-1.28208444947053,0.133292400425838,5.00100000000109));
#3650=CARTESIAN_POINT('Origin',(-1.99999999998543,1.99999999997936,6.39877143290022));
#3651=CARTESIAN_POINT('',(-1.86689825409929,0.00443393363231889,4.));
#3652=CARTESIAN_POINT('Origin',(-1.99999999999944,1.99999999999248,3.60322856720461));
#3653=CARTESIAN_POINT('',(0.,2.00000000000001,4.));
#3654=CARTESIAN_POINT('Origin',(-2.,2.,4.));
#3655=CARTESIAN_POINT('',(0.,2.00000000000001,323.75));
#3656=CARTESIAN_POINT('Origin',(0.,2.00000000000001,323.75));
#3657=CARTESIAN_POINT('',(0.,2.00000000000001,4.));
#3658=CARTESIAN_POINT('Origin',(-2.,2.,0.));
#3659=CARTESIAN_POINT('',(-4.,4.,0.));
#3660=CARTESIAN_POINT('',(-4.,2.,0.));
#3661=CARTESIAN_POINT('',(-110.709809373061,4.,0.));
#3662=CARTESIAN_POINT('',(-2.,4.,0.));
#3663=CARTESIAN_POINT('Origin',(0.,0.,0.));
#3664=CARTESIAN_POINT('Origin',(0.,0.,4.));
#3665=CARTESIAN_POINT('Ctrl Pts',(-114.763997583397,2.03546663776529,4.));
#3666=CARTESIAN_POINT('Ctrl Pts',(-114.763997583397,2.0354666377653,3.82044466555347));
#3667=CARTESIAN_POINT('Ctrl Pts',(-114.751982183137,2.04142589690571,3.64288244303012));
#3668=CARTESIAN_POINT('Ctrl Pts',(-114.728152938272,2.05322858329706,3.46728828288467));
#3669=CARTESIAN_POINT('Ctrl Pts',(-114.714721143612,2.05988138580676,3.36831138639094));
#3670=CARTESIAN_POINT('Ctrl Pts',(-114.697536641897,2.06839035904182,3.2699595694008));
#3671=CARTESIAN_POINT('Ctrl Pts',(-114.676641891088,2.07873155754245,3.17222673946186));
#3672=CARTESIAN_POINT('Ctrl Pts',(-114.668177804429,2.0829205905233,3.13263693293209));
#3673=CARTESIAN_POINT('Ctrl Pts',(-114.65910166914,2.08741318220554,3.09313280981968));
#3674=CARTESIAN_POINT('Ctrl Pts',(-114.649411492691,2.09220990683386,3.05370127912249));
#3675=CARTESIAN_POINT('Ctrl Pts',(-114.629505312764,2.10206364520556,2.97269850802495));
#3676=CARTESIAN_POINT('Ctrl Pts',(-114.60702889619,2.11318971156152,2.89238322983877));
#3677=CARTESIAN_POINT('Ctrl Pts',(-114.582187972381,2.12548142802861,2.81317266590795));
#3678=CARTESIAN_POINT('Ctrl Pts',(-114.560641337981,2.13614307342099,2.74446664374895));
#3679=CARTESIAN_POINT('Ctrl Pts',(-114.537315337498,2.1476819065177,2.67659193663924));
#3680=CARTESIAN_POINT('Ctrl Pts',(-114.512341777021,2.1600294502606,2.60985268156371));
#3681=CARTESIAN_POINT('Ctrl Pts',(-114.484140595708,2.17397280928515,2.53448794393448));
#3682=CARTESIAN_POINT('Ctrl Pts',(-114.453758702594,2.18898692766226,2.46023868453259));
#3683=CARTESIAN_POINT('Ctrl Pts',(-114.421166764362,2.2050811980495,2.3869974992868));
#3684=CARTESIAN_POINT('Ctrl Pts',(-114.393158152747,2.21891216954013,2.32405604740975));
#3685=CARTESIAN_POINT('Ctrl Pts',(-114.36355408159,2.23352456896257,2.26194397416398));
#3686=CARTESIAN_POINT('Ctrl Pts',(-114.332359274809,2.24891379282185,2.20062357764153));
#3687=CARTESIAN_POINT('Ctrl Pts',(-114.29749424869,2.26611363302442,2.13208854098288));
#3688=CARTESIAN_POINT('Ctrl Pts',(-114.260576909297,2.28431577742171,2.06450259144404));
#3689=CARTESIAN_POINT('Ctrl Pts',(-114.221919845486,2.30336301678726,1.99829783163616));
#3690=CARTESIAN_POINT('Ctrl Pts',(-114.187660286516,2.32024350267876,1.93962431509979));
#3691=CARTESIAN_POINT('Ctrl Pts',(-114.152034473158,2.33778766170922,1.88203598103469));
#3692=CARTESIAN_POINT('Ctrl Pts',(-114.115278064484,2.35587696878683,1.82586133465171));
#3693=CARTESIAN_POINT('Ctrl Pts',(-114.083652163117,2.37144134686636,1.77752761843816));
#3694=CARTESIAN_POINT('Ctrl Pts',(-114.051118703187,2.38744416436996,1.73008873715683));
#3695=CARTESIAN_POINT('Ctrl Pts',(-114.017680443737,2.40388263048331,1.68351312599499));
#3696=CARTESIAN_POINT('Ctrl Pts',(-113.97053965372,2.42705734986133,1.61785148146607));
#3697=CARTESIAN_POINT('Ctrl Pts',(-113.921704858725,2.45104471004223,1.55404906355216));
#3698=CARTESIAN_POINT('Ctrl Pts',(-113.871170287006,2.47584494353675,1.49194885444993));
#3699=CARTESIAN_POINT('Ctrl Pts',(-113.812277314181,2.50474712728131,1.4195772917207));
#3700=CARTESIAN_POINT('Ctrl Pts',(-113.750876408248,2.53485044424004,1.349331889107));
#3701=CARTESIAN_POINT('Ctrl Pts',(-113.687125639367,2.56607319190278,1.28132298087181));
#3702=CARTESIAN_POINT('Ctrl Pts',(-113.625265619544,2.59636992123283,1.21533111151136));
#3703=CARTESIAN_POINT('Ctrl Pts',(-113.561192408859,2.62772099281636,1.15144500590895));
#3704=CARTESIAN_POINT('Ctrl Pts',(-113.495067335524,2.66004209993854,1.08980817745366));
#3705=CARTESIAN_POINT('Ctrl Pts',(-113.436802664178,2.68852114107977,1.03549822554644));
#3706=CARTESIAN_POINT('Ctrl Pts',(-113.377171713244,2.7176398781857,0.983148281438416));
#3707=CARTESIAN_POINT('Ctrl Pts',(-113.316391011548,2.74728803031604,0.932882138940134));
#3708=CARTESIAN_POINT('Ctrl Pts',(-113.219750839042,2.79442803456726,0.852959917796482));
#3709=CARTESIAN_POINT('Ctrl Pts',(-113.120476621996,2.84277506529379,0.778374939468502));
#3710=CARTESIAN_POINT('Ctrl Pts',(-113.01863510128,2.8922844064061,0.708917772886188));
#3711=CARTESIAN_POINT('Ctrl Pts',(-112.917095841287,2.94164680618127,0.639666751825146));
#3712=CARTESIAN_POINT('Ctrl Pts',(-112.813004464337,2.99216464391224,0.575513257604567));
#3713=CARTESIAN_POINT('Ctrl Pts',(-112.706441831799,3.04378549522749,0.516200939231981));
#3714=CARTESIAN_POINT('Ctrl Pts',(-112.581798191438,3.10416511116938,0.446824807054528));
#3715=CARTESIAN_POINT('Ctrl Pts',(-112.453611891516,3.16613185870246,0.384052317439507));
#3716=CARTESIAN_POINT('Ctrl Pts',(-112.322145063565,3.22953841917062,0.328066984051207));
#3717=CARTESIAN_POINT('Ctrl Pts',(-112.280545598051,3.24960187598836,0.310351793216543));
#3718=CARTESIAN_POINT('Ctrl Pts',(-112.238617984129,3.26980932928553,0.293316008537625));
#3719=CARTESIAN_POINT('Ctrl Pts',(-112.19637141062,3.29015564852329,0.276964996701947));
#3720=CARTESIAN_POINT('Ctrl Pts',(-112.150703926279,3.31214950833282,0.259289963795239));
#3721=CARTESIAN_POINT('Ctrl Pts',(-112.104754955153,3.33426183782124,0.242450166493615));
#3722=CARTESIAN_POINT('Ctrl Pts',(-112.058523024709,3.35649254739241,0.226436942722764));
#3723=CARTESIAN_POINT('Ctrl Pts',(-111.95653347899,3.40553440976759,0.191111110506788));
#3724=CARTESIAN_POINT('Ctrl Pts',(-111.853821774389,3.45483743705187,0.159922864579314));
#3725=CARTESIAN_POINT('Ctrl Pts',(-111.750223325365,3.50447634265243,0.132837146060558));
#3726=CARTESIAN_POINT('Ctrl Pts',(-111.655839624684,3.54970002748986,0.108160614959243));
#3727=CARTESIAN_POINT('Ctrl Pts',(-111.5607198418,3.59520252201769,0.0868899551121558));
#3728=CARTESIAN_POINT('Ctrl Pts',(-111.46473673883,3.64104097620775,0.0690361828417921));
#3729=CARTESIAN_POINT('Ctrl Pts',(-111.391874311391,3.67583773666869,0.0554830766563123));
#3730=CARTESIAN_POINT('Ctrl Pts',(-111.318523415343,3.71082268187685,0.0439068174149202));
#3731=CARTESIAN_POINT('Ctrl Pts',(-111.244919722742,3.74588339047539,0.0343457665252516));
#3732=CARTESIAN_POINT('Ctrl Pts',(-111.170768006045,3.7812051472967,0.0247135278175824));
#3733=CARTESIAN_POINT('Ctrl Pts',(-111.096359735898,3.81660378854298,0.0171265564554278));
#3734=CARTESIAN_POINT('Ctrl Pts',(-111.021939851843,3.8519628181368,0.0115710175838629));
#3735=CARTESIAN_POINT('Ctrl Pts',(-110.946331697416,3.88788642919678,0.00592677281970168));
#3736=CARTESIAN_POINT('Ctrl Pts',(-110.870711574323,3.92376914179203,0.00237929657239697));
#3737=CARTESIAN_POINT('Ctrl Pts',(-110.79534011726,3.95948737451672,0.000860282265897246));
#3738=CARTESIAN_POINT('Ctrl Pts',(-110.766789386319,3.97301745197474,0.000284879182961924));
#3739=CARTESIAN_POINT('Ctrl Pts',(-110.738274373049,3.98652391489037,3.49546941141748E-15));
#3740=CARTESIAN_POINT('Ctrl Pts',(-110.709809373061,4.,3.49720252756924E-15));
#3741=CARTESIAN_POINT('Ctrl Pts',(-114.763997583397,2.03546663776529,4.));
#3742=CARTESIAN_POINT('Ctrl Pts',(-114.800098839197,0.,4.));
#3743=CARTESIAN_POINT('Ctrl Pts',(-112.764312078722,0.,4.));
#3744=CARTESIAN_POINT('Ctrl Pts',(-114.763997583196,2.03546664910322,3.67442839921192));
#3745=CARTESIAN_POINT('Ctrl Pts',(-114.80009879367,4.49232936942146E-8,
3.5043677849171));
#3746=CARTESIAN_POINT('Ctrl Pts',(-112.76431206758,0.,3.67442839922552));
#3747=CARTESIAN_POINT('Ctrl Pts',(-114.72450654066,2.05505277171717,3.35928274942345));
#3748=CARTESIAN_POINT('Ctrl Pts',(-114.718848973544,0.0801920104695398,
3.03823896446425));
#3749=CARTESIAN_POINT('Ctrl Pts',(-112.74439539846,0.0391421853586458,3.35928274940529));
#3750=CARTESIAN_POINT('Ctrl Pts',(-114.611865063165,2.11081674523828,2.900917156114));
#3751=CARTESIAN_POINT('Ctrl Pts',(-114.507849060232,0.28831096351544,2.41017523364774));
#3752=CARTESIAN_POINT('Ctrl Pts',(-112.687565138472,0.150747448133702,2.90091715612308));
#3753=CARTESIAN_POINT('Ctrl Pts',(-114.565491026397,2.13376304552389,2.75188936092082));
#3754=CARTESIAN_POINT('Ctrl Pts',(-114.425434679044,0.369584373725749,2.2191373249341));
#3755=CARTESIAN_POINT('Ctrl Pts',(-112.664165947497,0.19669024401503,2.75188936090604));
#3756=CARTESIAN_POINT('Ctrl Pts',(-114.45919366638,2.18630680664961,2.46781963122611));
#3757=CARTESIAN_POINT('Ctrl Pts',(-114.247384942816,0.545100978932603,1.87666074317631));
#3758=CARTESIAN_POINT('Ctrl Pts',(-112.610519823082,0.301977746824776,2.46781963124088));
#3759=CARTESIAN_POINT('Ctrl Pts',(-114.398982820621,2.21604663425999,2.33158711511482));
#3760=CARTESIAN_POINT('Ctrl Pts',(-114.151913208063,0.639184574134505,1.72351200716325));
#3761=CARTESIAN_POINT('Ctrl Pts',(-112.580127818386,0.361607335486473,2.33158711509454));
#3762=CARTESIAN_POINT('Ctrl Pts',(-114.265735728996,2.28178095138372,2.06966004016823));
#3763=CARTESIAN_POINT('Ctrl Pts',(-113.953434357903,0.834679937591012,1.4479313039252));
#3764=CARTESIAN_POINT('Ctrl Pts',(-112.512853256173,0.493535915589708,2.0696600401885));
#3765=CARTESIAN_POINT('Ctrl Pts',(-114.192468962988,2.31788822295895,1.9438318215398));
#3766=CARTESIAN_POINT('Ctrl Pts',(-113.850565790442,0.935956450829498,1.32499654668906));
#3767=CARTESIAN_POINT('Ctrl Pts',(-112.475854100926,0.566062763552478,1.94383182152165));
#3768=CARTESIAN_POINT('Ctrl Pts',(-114.038087165981,2.3938657146147,1.70789084776363));
#3769=CARTESIAN_POINT('Ctrl Pts',(-113.646454277034,1.13678803905063,1.10886667769759));
#3770=CARTESIAN_POINT('Ctrl Pts',(-112.39787041769,0.718843472742373,1.70789084778179));
#3771=CARTESIAN_POINT('Ctrl Pts',(-113.956545239138,2.43394683814626,1.59686334924784));
#3772=CARTESIAN_POINT('Ctrl Pts',(-113.544574393852,1.23697384726941,1.01404960100632));
#3773=CARTESIAN_POINT('Ctrl Pts',(-112.356670403137,0.799520121491184,1.59686334922987));
#3774=CARTESIAN_POINT('Ctrl Pts',(-113.700424538472,2.55965218471135,1.28212532464668));
#3775=CARTESIAN_POINT('Ctrl Pts',(-113.244972336223,1.53139075135531,0.763421148999505));
#3776=CARTESIAN_POINT('Ctrl Pts',(-112.227222640913,1.05284779671523,1.28212532468261));
#3777=CARTESIAN_POINT('Ctrl Pts',(-113.512687888077,2.65154815018062,1.09522186039889));
#3778=CARTESIAN_POINT('Ctrl Pts',(-113.043720474444,1.728895301536,0.630869216249164));
#3779=CARTESIAN_POINT('Ctrl Pts',(-112.132285313372,1.23843876423986,1.09522186037628));
#3780=CARTESIAN_POINT('Ctrl Pts',(-113.120100420245,2.84303894079813,0.770547901412628));
#3781=CARTESIAN_POINT('Ctrl Pts',(-112.65666218001,2.10809170841622,0.418837200074482));
#3782=CARTESIAN_POINT('Ctrl Pts',(-111.933611505984,1.62626967783521,0.77054790143524));
#3783=CARTESIAN_POINT('Ctrl Pts',(-112.916365346437,2.9420960372163,0.63304355756137));
#3784=CARTESIAN_POINT('Ctrl Pts',(-112.469643338482,2.29100459343838,0.336731830108589));
#3785=CARTESIAN_POINT('Ctrl Pts',(-111.830441011567,1.82740999256295,0.633043557544912));
#3786=CARTESIAN_POINT('Ctrl Pts',(-112.496519395252,3.14547641644246,0.399358951203996));
#3787=CARTESIAN_POINT('Ctrl Pts',(-112.105301388412,2.64667946045672,0.204572203955101));
#3788=CARTESIAN_POINT('Ctrl Pts',(-111.61767127477,2.24161236820521,0.399358951220455));
#3789=CARTESIAN_POINT('Ctrl Pts',(-112.279955033795,3.25001861514371,0.303133812598356));
#3790=CARTESIAN_POINT('Ctrl Pts',(-111.925764723885,2.82162116021175,0.153135059983035));
#3791=CARTESIAN_POINT('Ctrl Pts',(-111.507842040529,2.4551215179107,0.303133812595804));
#3792=CARTESIAN_POINT('Ctrl Pts',(-111.61566195983,3.56944383252858,0.0730442768496746));
#3793=CARTESIAN_POINT('Ctrl Pts',(-111.399531771964,3.33335032319503,0.0354201287694541));
#3794=CARTESIAN_POINT('Ctrl Pts',(-111.170678272273,3.10955332757267,0.0730442768547723));
#3795=CARTESIAN_POINT('Ctrl Pts',(-111.165677294026,3.78418802793456,3.46944695195361E-15));
#3796=CARTESIAN_POINT('Ctrl Pts',(-111.054071641529,3.6679415767353,3.46944695195361E-15));
#3797=CARTESIAN_POINT('Ctrl Pts',(-110.941930015831,3.55221604517681,3.46944695195361E-15));
#3798=CARTESIAN_POINT('Ctrl Pts',(-110.709809373061,4.,3.46944695195361E-15));
#3799=CARTESIAN_POINT('Ctrl Pts',(-110.709809373061,4.,3.46944695195361E-15));
#3800=CARTESIAN_POINT('Ctrl Pts',(-110.709809373061,4.,3.46944695195361E-15));
#3801=CARTESIAN_POINT('',(-112.735970059636,0.0556817481101214,3.33443634199797));
#3802=CARTESIAN_POINT('Ctrl Pts',(-113.121765737575,0.0322025302961761,
4.00000000000001));
#3803=CARTESIAN_POINT('Ctrl Pts',(-113.058909443476,0.0207850253167716,
3.89030347370209));
#3804=CARTESIAN_POINT('Ctrl Pts',(-112.99553008317,0.0172590753484588,3.78036045470963));
#3805=CARTESIAN_POINT('Ctrl Pts',(-112.866545630019,0.0251056762109341,
3.55786686528175));
#3806=CARTESIAN_POINT('Ctrl Pts',(-112.801215360096,0.0368520234204593,
3.4458229372147));
#3807=CARTESIAN_POINT('Ctrl Pts',(-112.735978083601,0.055665986680621,3.33452957894264));
#3808=CARTESIAN_POINT('Ctrl Pts',(-112.735970059636,0.0556817481101214,
3.33443634199797));
#3809=CARTESIAN_POINT('Ctrl Pts',(-112.728718590278,0.069925768498669,3.25018173474115));
#3810=CARTESIAN_POINT('Ctrl Pts',(-112.720096046922,0.0868619587885849,
3.16647101641345));
#3811=CARTESIAN_POINT('Ctrl Pts',(-112.710095738402,0.106501892300132,3.08311089143533));
#3812=CARTESIAN_POINT('Ctrl Pts',(-112.708919295321,0.108812347406601,3.07330434976255));
#3813=CARTESIAN_POINT('Ctrl Pts',(-112.707723758796,0.111160271689297,3.06350267415145));
#3814=CARTESIAN_POINT('Ctrl Pts',(-112.706509097231,0.11354572458368,3.0537055610976));
#3815=CARTESIAN_POINT('Ctrl Pts',(-112.697069126157,0.132084720937562,2.97756545218519));
#3816=CARTESIAN_POINT('Ctrl Pts',(-112.686483850208,0.152870601727441,2.90203740303931));
#3817=CARTESIAN_POINT('Ctrl Pts',(-112.674830702295,0.175749215618773,2.82742088542623));
#3818=CARTESIAN_POINT('Ctrl Pts',(-112.663594393206,0.19780945025632,2.75547343728974));
#3819=CARTESIAN_POINT('Ctrl Pts',(-112.651364930848,0.221815994141641,2.68437275861108));
#3820=CARTESIAN_POINT('Ctrl Pts',(-112.638206566646,0.247640653556209,2.61443187113057));
#3821=CARTESIAN_POINT('Ctrl Pts',(-112.637919385217,0.24820427700376,2.61290541056845));
#3822=CARTESIAN_POINT('Ctrl Pts',(-112.637631766263,0.248768758786022,2.61137952589696));
#3823=CARTESIAN_POINT('Ctrl Pts',(-112.63734371072,0.249334097015138,2.60985422196617));
#3824=CARTESIAN_POINT('Ctrl Pts',(-112.617871538115,0.287550211372676,2.50674569958614));
#3825=CARTESIAN_POINT('Ctrl Pts',(-112.59632626321,0.329833221217539,2.40566597016342));
#3826=CARTESIAN_POINT('Ctrl Pts',(-112.572731533881,0.376120596508843,2.30662132101828));
#3827=CARTESIAN_POINT('Ctrl Pts',(-112.564251682441,0.392756094232916,2.27102506987925));
#3828=CARTESIAN_POINT('Ctrl Pts',(-112.555507295239,0.409908461477644,2.23569140209076));
#3829=CARTESIAN_POINT('Ctrl Pts',(-112.54650008827,0.427573596689157,2.20061966423825));
#3830=CARTESIAN_POINT('Ctrl Pts',(-112.528302097887,0.463263901330865,2.12976138926425));
#3831=CARTESIAN_POINT('Ctrl Pts',(-112.508995714077,0.501116813366767,2.0599302784951));
#3832=CARTESIAN_POINT('Ctrl Pts',(-112.488770029314,0.540755988568831,1.99164931269332));
#3833=CARTESIAN_POINT('Ctrl Pts',(-112.484876522595,0.548386652093276,1.97850501611042));
#3834=CARTESIAN_POINT('Ctrl Pts',(-112.480949004401,0.556083402037519,1.96541826049787));
#3835=CARTESIAN_POINT('Ctrl Pts',(-112.476988902764,0.5638433998194,1.95239291407816));
#3836=CARTESIAN_POINT('Ctrl Pts',(-112.463968140667,0.589358170457463,1.90956574637504));
#3837=CARTESIAN_POINT('Ctrl Pts',(-112.450575707481,0.615597791094157,1.86733426908752));
#3838=CARTESIAN_POINT('Ctrl Pts',(-112.43686624653,0.642454320665766,1.82585947759864));
#3839=CARTESIAN_POINT('Ctrl Pts',(-112.412432508956,0.690319469997328,1.75194087680484));
#3840=CARTESIAN_POINT('Ctrl Pts',(-112.386907174849,0.740310145619896,1.68007169433609));
#3841=CARTESIAN_POINT('Ctrl Pts',(-112.360341253153,0.792322022164738,1.61026222748396));
#3842=CARTESIAN_POINT('Ctrl Pts',(-112.345075270608,0.822210403548211,1.57014654414278));
#3843=CARTESIAN_POINT('Ctrl Pts',(-112.32946592546,0.852765711063486,1.53071019898901));
#3844=CARTESIAN_POINT('Ctrl Pts',(-112.313524900866,0.883964187322795,1.49194880154349));
#3845=CARTESIAN_POINT('Ctrl Pts',(-112.296907222231,0.916486955813743,1.451542086003));
#3846=CARTESIAN_POINT('Ctrl Pts',(-112.279897812891,0.949769701406489,1.41181158422729));
#3847=CARTESIAN_POINT('Ctrl Pts',(-112.262526614667,0.98375295990621,1.37280638991292));
#3848=CARTESIAN_POINT('Ctrl Pts',(-112.234774558923,1.03804428005806,1.31049207440597));
#3849=CARTESIAN_POINT('Ctrl Pts',(-112.205994971833,1.09432155228488,1.24980600371179));
#3850=CARTESIAN_POINT('Ctrl Pts',(-112.176326311081,1.15231166270405,1.19101675949076));
#3851=CARTESIAN_POINT('Ctrl Pts',(-112.145709359581,1.21215529410295,1.13034845180946));
#3852=CARTESIAN_POINT('Ctrl Pts',(-112.114145722461,1.27382275013066,1.07170048399012));
#3853=CARTESIAN_POINT('Ctrl Pts',(-112.081810186667,1.33696941125159,1.01534269520255));
#3854=CARTESIAN_POINT('Ctrl Pts',(-112.065708010273,1.36841465101907,0.987278120611724));
#3855=CARTESIAN_POINT('Ctrl Pts',(-112.049414755415,1.40022604188477,0.959781036595023));
#3856=CARTESIAN_POINT('Ctrl Pts',(-112.032953813273,1.43235747604591,0.932882155979901));
#3857=CARTESIAN_POINT('Ctrl Pts',(-112.022967810485,1.45184995638759,0.916563995421803));
#3858=CARTESIAN_POINT('Ctrl Pts',(-112.01292584267,1.47144905237467,0.900468651708553));
#3859=CARTESIAN_POINT('Ctrl Pts',(-112.002829661309,1.49115129554681,0.884596713011355));
#3860=CARTESIAN_POINT('Ctrl Pts',(-111.957560384385,1.5794922504467,0.813430084502497));
#3861=CARTESIAN_POINT('Ctrl Pts',(-111.911136091569,1.67003746536161,0.746654127668776));
#3862=CARTESIAN_POINT('Ctrl Pts',(-111.863594023006,1.76270336043652,0.684139925406023));
#3863=CARTESIAN_POINT('Ctrl Pts',(-111.818092311971,1.85139232387275,0.624308638024143));
#3864=CARTESIAN_POINT('Ctrl Pts',(-111.771566768205,1.94202372566514,0.568380789894031));
#3865=CARTESIAN_POINT('Ctrl Pts',(-111.724056751934,2.03451165480474,0.516200986724327));
#3866=CARTESIAN_POINT('Ctrl Pts',(-111.71972612559,2.04294210155791,0.511444700619698));
#3867=CARTESIAN_POINT('Ctrl Pts',(-111.715386942929,2.05138870612245,0.506719453092606));
#3868=CARTESIAN_POINT('Ctrl Pts',(-111.711039252979,2.05985136688226,0.502025317977671));
#3869=CARTESIAN_POINT('Ctrl Pts',(-111.672396223621,2.13506897713218,0.460303023352254));
#3870=CARTESIAN_POINT('Ctrl Pts',(-111.633018558751,2.21167831346763,0.420975081385979));
#3871=CARTESIAN_POINT('Ctrl Pts',(-111.593013782547,2.28946529986519,0.384173154270352));
#3872=CARTESIAN_POINT('Ctrl Pts',(-111.552461913481,2.36831607686839,0.346867935458412));
#3873=CARTESIAN_POINT('Ctrl Pts',(-111.511265749063,2.44837675495234,0.312158338319069));
#3874=CARTESIAN_POINT('Ctrl Pts',(-111.469547341334,2.52940571438016,0.280131990365827));
#3875=CARTESIAN_POINT('Ctrl Pts',(-111.445021395212,2.57704204571157,0.26130393514694));
#3876=CARTESIAN_POINT('Ctrl Pts',(-111.4203151357,2.62501269430142,0.243402322178551));
#3877=CARTESIAN_POINT('Ctrl Pts',(-111.395454751624,2.67326603572982,0.226437096317233));
#3878=CARTESIAN_POINT('Ctrl Pts',(-111.394334442972,2.67544052489747,0.225672575171751));
#3879=CARTESIAN_POINT('Ctrl Pts',(-111.39321397705,2.67761528569229,0.22491001014277));
#3880=CARTESIAN_POINT('Ctrl Pts',(-111.392093355541,2.67979031482063,0.224149402058278));
#3881=CARTESIAN_POINT('Ctrl Pts',(-111.330246156756,2.79983036208147,0.18217137554837));
#3882=CARTESIAN_POINT('Ctrl Pts',(-111.267678428577,2.92116855817341,0.14599046137967));
#3883=CARTESIAN_POINT('Ctrl Pts',(-111.204447165821,3.04368798811895,0.115713900344684));
#3884=CARTESIAN_POINT('Ctrl Pts',(-111.155200949621,3.13910943113174,0.0921336964153371));
#3885=CARTESIAN_POINT('Ctrl Pts',(-111.105552316382,3.23524726789888,0.0721338406259035));
#3886=CARTESIAN_POINT('Ctrl Pts',(-111.055529457203,3.3320441852843,0.0557432471233946));
#3887=CARTESIAN_POINT('Ctrl Pts',(-111.019391797063,3.40197249726957,0.0439023066572498));
#3888=CARTESIAN_POINT('Ctrl Pts',(-110.983023441337,3.47231320376761,0.0339370409198655));
#3889=CARTESIAN_POINT('Ctrl Pts',(-110.946548542323,3.54282539066726,0.0258765735818741));
#3890=CARTESIAN_POINT('Ctrl Pts',(-110.909809318914,3.613848561602,0.0177576940699573));
#3891=CARTESIAN_POINT('Ctrl Pts',(-110.872962010136,3.68504568949275,0.0115712569306321));
#3892=CARTESIAN_POINT('Ctrl Pts',(-110.836135973077,3.75616666149373,0.00729415535716355));
#3893=CARTESIAN_POINT('Ctrl Pts',(-110.798766698846,3.82833677043194,0.00295396036527305));
#3894=CARTESIAN_POINT('Ctrl Pts',(-110.761419336794,3.9004284408274,0.000579780658568757));
#3895=CARTESIAN_POINT('Ctrl Pts',(-110.724231487427,3.97217657700537,9.41141609398434E-5));
#3896=CARTESIAN_POINT('Ctrl Pts',(-110.719421343845,3.9814569963534,3.12945672697858E-5));
#3897=CARTESIAN_POINT('Ctrl Pts',(-110.7146138722,3.99073166331689,3.49835151522419E-15));
#3898=CARTESIAN_POINT('Ctrl Pts',(-110.709809373061,4.,3.49720252756924E-15));
#3899=CARTESIAN_POINT('Origin',(-2.00000000000001,4.,4.));
#3900=CARTESIAN_POINT('',(-3.26930648604084,0.876700622739121,1.50099999999813));
#3901=CARTESIAN_POINT('',(-2.00350003563973,0.00701094245711261,3.76345981955586));
#3902=CARTESIAN_POINT('Origin',(-1.67420323213054,4.00000000000774,3.99999999999244));
#3903=CARTESIAN_POINT('',(-7.31545557486452,0.876700622739515,1.50099999999969));
#3904=CARTESIAN_POINT('',(-2.00000000000004,0.876700622739121,1.50099999999964));
#3905=CARTESIAN_POINT('Origin',(-8.60930277036086,3.99999999999964,4.00000000000401));
#3906=CARTESIAN_POINT('',(-107.59041363334,0.876700622739566,1.50099999999884));
#3907=CARTESIAN_POINT('Origin',(-105.995310379424,3.99999999998882,3.99999999999515));
#3908=CARTESIAN_POINT('',(-111.636562722162,0.87670062273906,1.50100000000002));
#3909=CARTESIAN_POINT('',(-2.00000000000004,0.876700622739566,1.50099999999909));
#3910=CARTESIAN_POINT('Origin',(-112.930409917656,3.99999999999241,4.0000000000008));
#3911=CARTESIAN_POINT('Ctrl Pts',(-2.00350003563973,0.0070109424571126,
3.76345981955586));
#3912=CARTESIAN_POINT('Ctrl Pts',(-2.00620652934928,0.0124287032748082,
3.67208477219709));
#3913=CARTESIAN_POINT('Ctrl Pts',(-2.01052317322036,0.0210662288980904,
3.57949294547933));
#3914=CARTESIAN_POINT('Ctrl Pts',(-2.01657070088199,0.0331650020826116,
3.48607391448393));
#3915=CARTESIAN_POINT('Ctrl Pts',(-2.02228000826942,0.0445871267897756,
3.39787953264222));
#3916=CARTESIAN_POINT('Ctrl Pts',(-2.02953192221542,0.0590940012249584,
3.30894841479953));
#3917=CARTESIAN_POINT('Ctrl Pts',(-2.03841336418408,0.0768594902714693,
3.21963563612867));
#3918=CARTESIAN_POINT('Ctrl Pts',(-2.04767856412011,0.0953926078168208,
3.1264637442052));
#3919=CARTESIAN_POINT('Ctrl Pts',(-2.05871741240425,0.117472542098477,3.03287880130839));
#3920=CARTESIAN_POINT('Ctrl Pts',(-2.07158647092843,0.143212452883658,2.93930071319432));
#3921=CARTESIAN_POINT('Ctrl Pts',(-2.08460903500924,0.169259396178273,2.84460640072884));
#3922=CARTESIAN_POINT('Ctrl Pts',(-2.0995057837979,0.199054254339394,2.74991947408091));
#3923=CARTESIAN_POINT('Ctrl Pts',(-2.11631320481348,0.232670049387683,2.65569578123908));
#3924=CARTESIAN_POINT('Ctrl Pts',(-2.1274430067873,0.254930284419185,2.59330125672517));
#3925=CARTESIAN_POINT('Ctrl Pts',(-2.13941018594412,0.278865095297992,2.53111028467988));
#3926=CARTESIAN_POINT('Ctrl Pts',(-2.15221996405681,0.304484941191524,2.46925885624779));
#3927=CARTESIAN_POINT('Ctrl Pts',(-2.17145483464608,0.34295511732915,2.37638416230802));
#3928=CARTESIAN_POINT('Ctrl Pts',(-2.19259033694356,0.385226189507785,2.28427682051313));
#3929=CARTESIAN_POINT('Ctrl Pts',(-2.21559925375911,0.431243780201547,2.19338225628788));
#3930=CARTESIAN_POINT('Ctrl Pts',(-2.23894983404276,0.477944694224076,2.10113798263072));
#3931=CARTESIAN_POINT('Ctrl Pts',(-2.26422985537286,0.528504170652645,2.01014326291053));
#3932=CARTESIAN_POINT('Ctrl Pts',(-2.29138680487873,0.582817247664256,1.9208643095851));
#3933=CARTESIAN_POINT('Ctrl Pts',(-2.30606144083207,0.612166075391699,1.87262118352773));
#3934=CARTESIAN_POINT('Ctrl Pts',(-2.32128371641222,0.642610107756176,1.8248790167841));
#3935=CARTESIAN_POINT('Ctrl Pts',(-2.33704254323015,0.67412717838893,1.77771064582009));
#3936=CARTESIAN_POINT('Ctrl Pts',(-2.36628166590391,0.732604342025267,1.69019386548658));
#3937=CARTESIAN_POINT('Ctrl Pts',(-2.3973686445768,0.794776996353778,1.60465524141757));
#3938=CARTESIAN_POINT('Ctrl Pts',(-2.43018850461166,0.860415258597252,1.52151398096854));
#3939=CARTESIAN_POINT('Ctrl Pts',(-2.46341468198611,0.926866137471682,1.43734341278571));
#3940=CARTESIAN_POINT('Ctrl Pts',(-2.49841677583928,0.996868690801496,1.35563048418545));
#3941=CARTESIAN_POINT('Ctrl Pts',(-2.53505362151257,1.07014065715305,1.27678887158805));
#3942=CARTESIAN_POINT('Ctrl Pts',(-2.55163081821888,1.10329427005136,1.24111514213206));
#3943=CARTESIAN_POINT('Ctrl Pts',(-2.56854241954425,1.13711667360509,1.20602892579168));
#3944=CARTESIAN_POINT('Ctrl Pts',(-2.58577402847922,1.17157907986848,1.17156667072081));
#3945=CARTESIAN_POINT('Ctrl Pts',(-2.62411945339324,1.24826812363198,1.09487796340538));
#3946=CARTESIAN_POINT('Ctrl Pts',(-2.66406185994989,1.32815106786772,1.02131810130102));
#3947=CARTESIAN_POINT('Ctrl Pts',(-2.70539486008208,1.41081520144974,0.951185019816057));
#3948=CARTESIAN_POINT('Ctrl Pts',(-2.74706106598397,1.49414573152294,0.880486560852474));
#3949=CARTESIAN_POINT('Ctrl Pts',(-2.79014010577974,1.5803019318192,0.813270779308248));
#3950=CARTESIAN_POINT('Ctrl Pts',(-2.83440574055156,1.66883138242955,0.749801846240129));
#3951=CARTESIAN_POINT('Ctrl Pts',(-2.87853201310647,1.75708211433267,0.686532733444832));
#3952=CARTESIAN_POINT('Ctrl Pts',(-2.92383712298095,1.8476905810158,0.626987233147465));
#3953=CARTESIAN_POINT('Ctrl Pts',(-2.97008660956485,1.94018790735584,0.571380948044952));
#3954=CARTESIAN_POINT('Ctrl Pts',(-3.01569872183565,2.03141050776498,0.516540985347059));
#3955=CARTESIAN_POINT('Ctrl Pts',(-3.06222907382345,2.12446969103174,0.465532592806287));
#3956=CARTESIAN_POINT('Ctrl Pts',(-3.10944704355175,2.21890424459651,0.418514111742732));
#3957=CARTESIAN_POINT('Ctrl Pts',(-3.15070188290408,2.30141271243286,0.377433567745825));
#3958=CARTESIAN_POINT('Ctrl Pts',(-3.19248143802993,2.38497071457184,0.33939817776892));
#3959=CARTESIAN_POINT('Ctrl Pts',(-3.23463073644022,2.46926831806978,0.30448102184299));
#3960=CARTESIAN_POINT('Ctrl Pts',(-3.28374822178864,2.56750213122632,0.263791307914535));
#3961=CARTESIAN_POINT('Ctrl Pts',(-3.33335756743845,2.66671982160997,0.227343169830434));
#3962=CARTESIAN_POINT('Ctrl Pts',(-3.38319284403235,2.76638953461386,0.195080544551384));
#3963=CARTESIAN_POINT('Ctrl Pts',(-3.43238142750219,2.86476587227236,0.163236578891749));
#3964=CARTESIAN_POINT('Ctrl Pts',(-3.48178985548952,2.96358205548059,0.135470080904062));
#3965=CARTESIAN_POINT('Ctrl Pts',(-3.53117032510531,3.06234246529847,0.111679536444066));
#3966=CARTESIAN_POINT('Ctrl Pts',(-3.57959388735525,3.15918907064375,0.0883500112374018));
#3967=CARTESIAN_POINT('Ctrl Pts',(-3.6279903705646,3.25598165562532,0.0688436467050596));
#3968=CARTESIAN_POINT('Ctrl Pts',(-3.67613706911738,3.35227478159943,0.0530210306503679));
#3969=CARTESIAN_POINT('Ctrl Pts',(-3.72379075321986,3.44758188144928,0.0373604356395062));
#3970=CARTESIAN_POINT('Ctrl Pts',(-3.77119957699983,3.54239936857161,0.0253083874867936));
#3971=CARTESIAN_POINT('Ctrl Pts',(-3.81816112339207,3.63632236941903,0.016688887750439));
#3972=CARTESIAN_POINT('Ctrl Pts',(-3.86459094180383,3.72918191534646,0.00816698337751828));
#3973=CARTESIAN_POINT('Ctrl Pts',(-3.91058343394391,3.82116687552759,0.00300016317290027));
#3974=CARTESIAN_POINT('Ctrl Pts',(-3.95595836406601,3.91191673001132,0.000980604579256569));
#3975=CARTESIAN_POINT('Ctrl Pts',(-3.97070595062511,3.94141190125728,0.000324215355277857));
#3976=CARTESIAN_POINT('Ctrl Pts',(-3.98538843023166,3.97077686046332,3.83439961450599E-15));
#3977=CARTESIAN_POINT('Ctrl Pts',(-4.,4.,3.83026943495679E-15));
#3978=CARTESIAN_POINT('Ctrl Pts',(-2.,4.33680868994202E-16,4.));
#3979=CARTESIAN_POINT('Ctrl Pts',(-4.33680868994202E-16,4.33680868994202E-16,
4.));
#3980=CARTESIAN_POINT('Ctrl Pts',(-4.33680868994202E-16,2.,4.));
#3981=CARTESIAN_POINT('Ctrl Pts',(-2.00000000000406,4.33680868994202E-16,
3.73819765014245));
#3982=CARTESIAN_POINT('Ctrl Pts',(-1.88485043564111E-10,1.88485043564111E-10,
3.60680087352207));
#3983=CARTESIAN_POINT('Ctrl Pts',(-4.33680868994202E-16,2.00000000000406,
3.73819765014245));
#3984=CARTESIAN_POINT('Ctrl Pts',(-2.01289217678392,0.0257843535678068,
3.47640768760098));
#3985=CARTESIAN_POINT('Ctrl Pts',(-0.0518782619661324,0.0518782619661324,
3.22003730934012));
#3986=CARTESIAN_POINT('Ctrl Pts',(-0.0257843535678068,2.01289217678392,
3.47640768760098));
#3987=CARTESIAN_POINT('Ctrl Pts',(-2.06396670160316,0.127933403206349,2.96286973627001));
#3988=CARTESIAN_POINT('Ctrl Pts',(-0.24337035563267,0.24337035563267,2.5047318819504));
#3989=CARTESIAN_POINT('Ctrl Pts',(-0.127933403206349,2.06396670160316,2.96286973627001));
#3990=CARTESIAN_POINT('Ctrl Pts',(-2.10214779264099,0.20429558528198,2.71113735776067));
#3991=CARTESIAN_POINT('Ctrl Pts',(-0.378391582996362,0.378391582996362,
2.18317220419061));
#3992=CARTESIAN_POINT('Ctrl Pts',(-0.20429558528198,2.10214779264099,2.71113735776067));
#3993=CARTESIAN_POINT('Ctrl Pts',(-2.20233407731386,0.404668154627722,2.22739518331863));
#3994=CARTESIAN_POINT('Ctrl Pts',(-0.69622098865382,0.69622098865382,1.62692454449566));
#3995=CARTESIAN_POINT('Ctrl Pts',(-0.404668154627722,2.20233407731386,2.22739518331863));
#3996=CARTESIAN_POINT('Ctrl Pts',(-2.26433680426841,0.528673608536812,1.99539729646528));
#3997=CARTESIAN_POINT('Ctrl Pts',(-0.874907175560424,0.874907175560424,
1.39208682927085));
#3998=CARTESIAN_POINT('Ctrl Pts',(-0.528673608536812,2.26433680426841,1.99539729646528));
#3999=CARTESIAN_POINT('Ctrl Pts',(-2.40978474652141,0.819569493042825,1.56004083937791));
#4000=CARTESIAN_POINT('Ctrl Pts',(-1.24912729918658,1.24912729918658,0.998452540131485));
#4001=CARTESIAN_POINT('Ctrl Pts',(-0.819569493042825,2.40978474652141,1.56004083937791));
#4002=CARTESIAN_POINT('Ctrl Pts',(-2.49322637898637,0.986452757972787,1.35669299253484));
#4003=CARTESIAN_POINT('Ctrl Pts',(-1.44321468111296,1.44321468111296,0.836848123385359));
#4004=CARTESIAN_POINT('Ctrl Pts',(-0.986452757972787,2.49322637898637,1.35669299253484));
#4005=CARTESIAN_POINT('Ctrl Pts',(-2.77090655490797,1.54181310981584,0.801332640691787));
#4006=CARTESIAN_POINT('Ctrl Pts',(-2.01744720780357,2.01744720780357,0.443952136350635));
#4007=CARTESIAN_POINT('Ctrl Pts',(-1.54181310981584,2.77090655490797,0.801332640691787));
#4008=CARTESIAN_POINT('Ctrl Pts',(-2.99276204469527,1.98552408939049,0.504854442078779));
#4009=CARTESIAN_POINT('Ctrl Pts',(-2.41866977689463,2.41866977689464,0.270004580894328));
#4010=CARTESIAN_POINT('Ctrl Pts',(-1.98552408939049,2.99276204469527,0.504854442078779));
#4011=CARTESIAN_POINT('Ctrl Pts',(-3.47650422584436,2.95300845168878,0.104109297830938));
#4012=CARTESIAN_POINT('Ctrl Pts',(-3.20512271279258,3.20512271279258,0.0524143942590373));
#4013=CARTESIAN_POINT('Ctrl Pts',(-2.95300845168878,3.47650422584436,0.104109297830938));
#4014=CARTESIAN_POINT('Ctrl Pts',(-3.7381534145676,3.47630682913521,2.99466498323977E-15));
#4015=CARTESIAN_POINT('Ctrl Pts',(-3.60732617077532,3.60732617077532,2.99488714100418E-15));
#4016=CARTESIAN_POINT('Ctrl Pts',(-3.47630682913521,3.7381534145676,2.99466498323977E-15));
#4017=CARTESIAN_POINT('Ctrl Pts',(-4.00000000000001,4.00000000000001,3.90312782094782E-15));
#4018=CARTESIAN_POINT('Ctrl Pts',(-4.00000000000001,4.00000000000001,3.90312782094782E-15));
#4019=CARTESIAN_POINT('Ctrl Pts',(-4.00000000000001,4.00000000000001,3.90312782094782E-15));
#4020=CARTESIAN_POINT('Origin',(-2.38034223865887,4.6685625006275,2.72173009207336));
#4021=CARTESIAN_POINT('Ctrl Pts',(-4.44089209850063E-16,2.,4.));
#4022=CARTESIAN_POINT('Ctrl Pts',(-4.44089209849972E-16,2.,3.90991729594414));
#4023=CARTESIAN_POINT('Ctrl Pts',(-0.00305547836579561,2.00152773918178,
3.81840255891784));
#4024=CARTESIAN_POINT('Ctrl Pts',(-0.00942092799096859,2.00471046399263,
3.72581560438658));
#4025=CARTESIAN_POINT('Ctrl Pts',(-0.0158284675446301,2.0079142337677,3.63261644199498));
#4026=CARTESIAN_POINT('Ctrl Pts',(-0.0255900875302234,2.0127950437581,3.53833107956129));
#4027=CARTESIAN_POINT('Ctrl Pts',(-0.0389304841369988,2.01946524205904,
3.44336249038111));
#4028=CARTESIAN_POINT('Ctrl Pts',(-0.0493572217663941,2.02467861087183,
3.36913586941898));
#4029=CARTESIAN_POINT('Ctrl Pts',(-0.0619695037553297,2.03098475186436,
3.29449265303446));
#4030=CARTESIAN_POINT('Ctrl Pts',(-0.0768588783876355,2.03842943917887,
3.21963871193269));
#4031=CARTESIAN_POINT('Ctrl Pts',(-0.0956451875347989,2.04782259375038,
3.12519355804622));
#4032=CARTESIAN_POINT('Ctrl Pts',(-0.118057865454931,2.05902893270831,3.03041463983785));
#4033=CARTESIAN_POINT('Ctrl Pts',(-0.144196850592693,2.07209842527502,2.93572837271722));
#4034=CARTESIAN_POINT('Ctrl Pts',(-0.170665550403403,2.08533277517818,2.83984774202694));
#4035=CARTESIAN_POINT('Ctrl Pts',(-0.200955251380317,2.10047762566441,2.74406250181426));
#4036=CARTESIAN_POINT('Ctrl Pts',(-0.235124904242762,2.11756245209342,2.64883466697408));
#4037=CARTESIAN_POINT('Ctrl Pts',(-0.256696560113412,2.12834828002734,2.58871634822063));
#4038=CARTESIAN_POINT('Ctrl Pts',(-0.279813678038704,2.1399068389886,2.52882055402235));
#4039=CARTESIAN_POINT('Ctrl Pts',(-0.304481869959236,2.15224093494748,2.46926627052906));
#4040=CARTESIAN_POINT('Ctrl Pts',(-0.343378040554245,2.17168902024281,2.37536260795498));
#4041=CARTESIAN_POINT('Ctrl Pts',(-0.386132234097561,2.19306611701233,2.28230986773342));
#4042=CARTESIAN_POINT('Ctrl Pts',(-0.432675393562393,2.21633769674269,2.19055728733347));
#4043=CARTESIAN_POINT('Ctrl Pts',(-0.479902887150563,2.23995144353469,2.09745564893242));
#4044=CARTESIAN_POINT('Ctrl Pts',(-0.531031520884224,2.26551576039952,2.00569319437448));
#4045=CARTESIAN_POINT('Ctrl Pts',(-0.585941078550445,2.29297053923075,1.91573807299552));
#4046=CARTESIAN_POINT('Ctrl Pts',(-0.614331715673128,2.30716585779113,1.86922735032824));
#4047=CARTESIAN_POINT('Ctrl Pts',(-0.643732348926692,2.32186617441698,1.82319972255219));
#4048=CARTESIAN_POINT('Ctrl Pts',(-0.674121550802457,2.33706077535396,1.77771906790268));
#4049=CARTESIAN_POINT('Ctrl Pts',(-0.73309159588507,2.36654579789353,1.68946415860848));
#4050=CARTESIAN_POINT('Ctrl Pts',(-0.795785635892355,2.39789281789558,1.60327187729614));
#4051=CARTESIAN_POINT('Ctrl Pts',(-0.86195831216688,2.43097915603144,1.51956070855842));
#4052=CARTESIAN_POINT('Ctrl Pts',(-0.928873205786417,2.4644366028398,1.43491060422211));
#4053=CARTESIAN_POINT('Ctrl Pts',(-0.999344909529092,2.49967245470992,1.35279813601196));
#4054=CARTESIAN_POINT('Ctrl Pts',(-1.07307692930512,2.53653846459695,1.27363281618841));
#4055=CARTESIAN_POINT('Ctrl Pts',(-1.10529589435781,2.55264794712287,1.23903964105869));
#4056=CARTESIAN_POINT('Ctrl Pts',(-1.13813688467972,2.56906844228344,1.20500886582737));
#4057=CARTESIAN_POINT('Ctrl Pts',(-1.17157287527651,2.5857864375815,1.17157287523112));
#4058=CARTESIAN_POINT('Ctrl Pts',(-1.24871058425337,2.62435529206916,1.09443516625549));
#4059=CARTESIAN_POINT('Ctrl Pts',(-1.3290399457558,2.66451997281986,1.02050271435167));
#4060=CARTESIAN_POINT('Ctrl Pts',(-1.41213361248915,2.70606680618629,0.950066964501091));
#4061=CARTESIAN_POINT('Ctrl Pts',(-1.49568996178973,2.74784498083634,0.879239013958851));
#4062=CARTESIAN_POINT('Ctrl Pts',(-1.58204092415874,2.79102046202088,0.811947217753717));
#4063=CARTESIAN_POINT('Ctrl Pts',(-1.67072425288475,2.83536212638422,0.748445637439822));
#4064=CARTESIAN_POINT('Ctrl Pts',(-1.75900964006073,2.87950481997254,0.685229002646838));
#4065=CARTESIAN_POINT('Ctrl Pts',(-1.8496059112318,2.92480295555871,0.625768942856944));
#4066=CARTESIAN_POINT('Ctrl Pts',(-1.94203838892708,2.97101919440728,0.570269179729367));
#4067=CARTESIAN_POINT('Ctrl Pts',(-2.03307291303378,3.01653645646154,0.515608797898964));
#4068=CARTESIAN_POINT('Ctrl Pts',(-2.1258879582212,3.06294397905646,0.464789982384355));
#4069=CARTESIAN_POINT('Ctrl Pts',(-2.22002059301794,3.11001029645632,0.417958504709499));
#4070=CARTESIAN_POINT('Ctrl Pts',(-2.30220164983422,3.15110082486576,0.377072999529516));
#4071=CARTESIAN_POINT('Ctrl Pts',(-2.38538661293206,3.1926933064162,0.339225961742362));
#4072=CARTESIAN_POINT('Ctrl Pts',(-2.46926627056841,3.2346331352361,0.30448186994294));
#4073=CARTESIAN_POINT('Ctrl Pts',(-2.5671384794128,3.28356923966031,0.263941873661076));
#4074=CARTESIAN_POINT('Ctrl Pts',(-2.66593610328609,3.33296805159925,0.227633413780907));
#4075=CARTESIAN_POINT('Ctrl Pts',(-2.76512889704663,3.38256444848207,0.1954888388119));
#4076=CARTESIAN_POINT('Ctrl Pts',(-2.86300032569946,3.431500162811,0.163772467527414));
#4077=CARTESIAN_POINT('Ctrl Pts',(-2.9612559679114,3.48062798391973,0.136109651019844));
#4078=CARTESIAN_POINT('Ctrl Pts',(-3.05940395412184,3.5297019770279,0.11238856790216));
#4079=CARTESIAN_POINT('Ctrl Pts',(-3.15568496722202,3.57784248358088,0.0891187077390882));
#4080=CARTESIAN_POINT('Ctrl Pts',(-3.25186201511201,3.62593100752895,0.0696418522434957));
#4081=CARTESIAN_POINT('Ctrl Pts',(-3.34749398778656,3.67374699386944,0.0538095546676689));
#4082=CARTESIAN_POINT('Ctrl Pts',(-3.44219850048424,3.72109925022147,0.0381308022079037));
#4083=CARTESIAN_POINT('Ctrl Pts',(-3.53636814643988,3.7681840732026,0.0260261096983141));
#4084=CARTESIAN_POINT('Ctrl Pts',(-3.6296025720248,3.81480128599845,0.0173112889463066));
#4085=CARTESIAN_POINT('Ctrl Pts',(-3.72186870715247,3.86093435356564,0.00868697636998524));
#4086=CARTESIAN_POINT('Ctrl Pts',(-3.8132187195344,3.90660935976003,0.00338231544775134));
#4087=CARTESIAN_POINT('Ctrl Pts',(-3.90329618683699,3.95164809341477,0.00118182143061781));
#4088=CARTESIAN_POINT('Ctrl Pts',(-3.93570032324828,3.96785016162166,0.000390223815379489));
#4089=CARTESIAN_POINT('Ctrl Pts',(-3.96794009421664,3.98397004710708,3.83480054178919E-15));
#4090=CARTESIAN_POINT('Ctrl Pts',(-4.,4.,3.83026943495679E-15));
#4091=CARTESIAN_POINT('Origin',(-4.,2.00000000000001,4.));
#4092=CARTESIAN_POINT('Origin',(52.567412412487,3.99535637032207,292.32024940805));
#4093=CARTESIAN_POINT('',(-113.509233186692,3.99535637032207,5.00100000000164));
#4094=CARTESIAN_POINT('',(-113.509233186692,3.99535637032207,5.00100000000164));
#4095=CARTESIAN_POINT('',(-111.486158642281,3.99535637032207,8.50100000000059));
#4096=CARTESIAN_POINT('',(52.567412412487,3.99535637032207,292.32024940805));
#4097=CARTESIAN_POINT('',(-111.486158642281,3.99535637032207,8.50100000000059));
#4098=CARTESIAN_POINT('Origin',(-223.637550044572,3.99535637032207,195.527399567016));
#4099=CARTESIAN_POINT('',(-111.486158642278,3.99535637032207,1.50100000000002));
#4100=CARTESIAN_POINT('',(-111.486158642278,3.99535637032207,1.50100000000002));
#4101=CARTESIAN_POINT('',(-223.637550044572,3.99535637032207,195.527399567016));
#4102=CARTESIAN_POINT('Origin',(0.192684908923461,3.99535637032207,0.));
#4103=CARTESIAN_POINT('',(-107.440009553459,3.99535637032207,8.50099999999926));
#4104=CARTESIAN_POINT('',(-1.80731509107939,3.99535637032207,8.50099999999898));
#4105=CARTESIAN_POINT('',(-107.440009553456,3.99535637032207,1.50099999999859));
#4106=CARTESIAN_POINT('',(-1.80731509107928,3.99535637032207,1.50099999999909));
#4107=CARTESIAN_POINT('',(-105.416935009045,3.99535637032207,5.0009999999969));
#4108=CARTESIAN_POINT('',(58.6331090490247,3.99535637032207,288.814147562476));
#4109=CARTESIAN_POINT('',(-217.571853408039,3.99535637032207,199.033501412587));
#4110=CARTESIAN_POINT('Origin',(-1.80731509107939,3.99535637032207,8.50099999999898));
#4111=CARTESIAN_POINT('',(-107.440009553459,3.99535637032207,8.50099999999926));
#4112=CARTESIAN_POINT('Origin',(-217.571853408039,3.99535637032207,199.033501412587));
#4113=CARTESIAN_POINT('',(-105.416935009045,3.99535637032207,5.0009999999969));
#4114=CARTESIAN_POINT('Origin',(58.6331090490247,3.99535637032207,288.814147562476));
#4115=CARTESIAN_POINT('',(-107.440009553456,3.99535637032207,1.50099999999859));
#4116=CARTESIAN_POINT('Origin',(-1.80731509107928,3.99535637032207,1.50099999999909));
#4117=CARTESIAN_POINT('Origin',(-139.376490996551,3.99535637032207,244.232086322808));
#4118=CARTESIAN_POINT('',(-3.1189024061582,3.99535637032207,8.50099999999961));
#4119=CARTESIAN_POINT('',(-3.1189024061582,3.99535637032207,8.50099999999961));
#4120=CARTESIAN_POINT('',(-1.0958278617419,3.99535637032207,5.00100000000109));
#4121=CARTESIAN_POINT('',(-139.376490996551,3.99535637032207,244.232086322808));
#4122=CARTESIAN_POINT('',(-1.0958278617419,3.99535637032207,5.00100000000109));
#4123=CARTESIAN_POINT('Origin',(136.82847146051,3.99535637032207,243.615562652254));
#4124=CARTESIAN_POINT('',(-3.11890240615692,3.99535637032207,1.50099999999662));
#4125=CARTESIAN_POINT('',(136.82847146051,3.99535637032207,243.615562652254));
#4126=CARTESIAN_POINT('',(-3.11890240615692,3.99535637032207,1.50099999999662));
#4127=CARTESIAN_POINT('Origin',(0.192684908923461,3.99535637032207,0.));
#4128=CARTESIAN_POINT('',(-7.16505149498836,3.99535637032207,8.50100000000004));
#4129=CARTESIAN_POINT('',(-1.80731509107939,3.99535637032207,8.50099999999959));
#4130=CARTESIAN_POINT('',(-9.18812603939634,3.99535637032207,5.00100000000297));
#4131=CARTESIAN_POINT('',(130.762774823969,3.99535637032207,247.121664497827));
#4132=CARTESIAN_POINT('',(-7.16505149498062,3.99535637032207,1.50099999999969));
#4133=CARTESIAN_POINT('',(-145.442187633085,3.99535637032207,240.72598447724));
#4134=CARTESIAN_POINT('',(-1.80731509107928,3.99535637032207,1.50099999999964));
#4135=CARTESIAN_POINT('Origin',(-1.80731509107928,3.99535637032207,1.50099999999964));
#4136=CARTESIAN_POINT('',(-7.16505149498062,3.99535637032207,1.50099999999969));
#4137=CARTESIAN_POINT('Origin',(-145.442187633085,3.99535637032207,240.72598447724));
#4138=CARTESIAN_POINT('',(-9.18812603939634,3.99535637032207,5.00100000000297));
#4139=CARTESIAN_POINT('Origin',(130.762774823969,3.99535637032207,247.121664497827));
#4140=CARTESIAN_POINT('',(-7.16505149498836,3.99535637032207,8.50100000000004));
#4141=CARTESIAN_POINT('Origin',(-1.80731509107939,3.99535637032207,8.50099999999959));
#4142=CARTESIAN_POINT('Ctrl Pts',(-8.91352317931566,8.9491138437617,11.4999999999996));
#4143=CARTESIAN_POINT('Ctrl Pts',(-8.93231391664734,8.6012216623465,11.4999999999996));
#4144=CARTESIAN_POINT('Ctrl Pts',(-8.94971107645663,8.26226813004182,11.4999999999996));
#4145=CARTESIAN_POINT('Ctrl Pts',(-9.05468496797317,6.08561553365185,11.4999999999996));
#4146=CARTESIAN_POINT('Ctrl Pts',(-9.11099863056799,4.23691502962718,11.4999999999996));
#4147=CARTESIAN_POINT('Ctrl Pts',(-9.13450683802678,2.38824425664585,11.4999999999996));
#4148=CARTESIAN_POINT('Ctrl Pts',(-8.91352317931566,8.94911384376169,10.0355339059362));
#4149=CARTESIAN_POINT('Ctrl Pts',(-8.93231391664734,8.6012216623465,10.0355339059362));
#4150=CARTESIAN_POINT('Ctrl Pts',(-8.94971107645663,8.26226813004182,10.0355339059362));
#4151=CARTESIAN_POINT('Ctrl Pts',(-9.05468496797317,6.08561553365185,10.0355339059362));
#4152=CARTESIAN_POINT('Ctrl Pts',(-9.11099863056799,4.23691502962718,10.0355339059362));
#4153=CARTESIAN_POINT('Ctrl Pts',(-9.13450683802678,2.38824425664585,10.0355339059362));
#4154=CARTESIAN_POINT('Ctrl Pts',(-9.94754984098692,9.0049648355172,9.00000000000454));
#4155=CARTESIAN_POINT('Ctrl Pts',(-9.96643748984809,8.65527843167373,9.00000000000454));
#4156=CARTESIAN_POINT('Ctrl Pts',(-9.98393744793892,8.31433604815823,9.00000000000454));
#4157=CARTESIAN_POINT('Ctrl Pts',(-10.089606637417,6.12326632288934,9.00000000000454));
#4158=CARTESIAN_POINT('Ctrl Pts',(-10.1462931093627,4.26232723171317,9.00000000000454));
#4159=CARTESIAN_POINT('Ctrl Pts',(-10.169957029291,2.401411326862,9.00000000000454));
#4160=CARTESIAN_POINT('Ctrl Pts',(-11.4098843697802,9.08395006552996,8.99999999999971));
#4161=CARTESIAN_POINT('Ctrl Pts',(-11.4289090722366,8.73172624799451,8.99999999999971));
#4162=CARTESIAN_POINT('Ctrl Pts',(-11.4465544090565,8.38797120412287,8.99999999999971));
#4163=CARTESIAN_POINT('Ctrl Pts',(-11.553206898335,6.17651257966451,8.99999999999971));
#4164=CARTESIAN_POINT('Ctrl Pts',(-11.6104206023175,4.29826551255182,8.99999999999971));
#4165=CARTESIAN_POINT('Ctrl Pts',(-11.634304732941,2.42003237613843,8.99999999999971));
#4166=CARTESIAN_POINT('',(-11.4920327764571,7.41862744959919,8.99999999999971));
#4167=CARTESIAN_POINT('Origin',(147.178407680028,0.402007704829107,9.0000000147306));
#4168=CARTESIAN_POINT('Origin',(-11.4920326811553,7.41862959766765,11.5000000025143));
#4169=CARTESIAN_POINT('Ctrl Pts',(-102.477140598231,14.0027754356527,8.99999999999979));
#4170=CARTESIAN_POINT('Ctrl Pts',(-102.504700348424,13.4925335324392,8.99999999999979));
#4171=CARTESIAN_POINT('Ctrl Pts',(-102.531399182581,12.9736193466268,8.99999999999979));
#4172=CARTESIAN_POINT('Ctrl Pts',(-102.699286918363,9.49243681815089,8.99999999999979));
#4173=CARTESIAN_POINT('Ctrl Pts',(-102.789334131982,6.53633112970081,8.99999999999979));
#4174=CARTESIAN_POINT('Ctrl Pts',(-102.826931939715,3.57966297523191,8.99999999999979));
#4175=CARTESIAN_POINT('Ctrl Pts',(-103.939475127032,14.0817606656658,8.99999999999494));
#4176=CARTESIAN_POINT('Ctrl Pts',(-103.967171930826,13.5689813487603,8.99999999999494));
#4177=CARTESIAN_POINT('Ctrl Pts',(-103.994016143703,13.0472545025921,8.99999999999494));
#4178=CARTESIAN_POINT('Ctrl Pts',(-104.162887179308,9.54568307492433,8.99999999999494));
#4179=CARTESIAN_POINT('Ctrl Pts',(-104.253461624819,6.57226941053973,8.99999999999494));
#4180=CARTESIAN_POINT('Ctrl Pts',(-104.291279643373,3.59828402450844,8.99999999999494));
#4181=CARTESIAN_POINT('Ctrl Pts',(-104.973501788712,14.1376116574218,10.0355339059287));
#4182=CARTESIAN_POINT('Ctrl Pts',(-105.001295504012,13.6230381180869,10.0355339059287));
#4183=CARTESIAN_POINT('Ctrl Pts',(-105.028242515199,13.099322420709,10.0355339059287));
#4184=CARTESIAN_POINT('Ctrl Pts',(-105.197808848735,9.58333386416225,10.0355339059287));
#4185=CARTESIAN_POINT('Ctrl Pts',(-105.288756103725,6.59768161262694,10.0355339059287));
#4186=CARTESIAN_POINT('Ctrl Pts',(-105.326729834646,3.61145109472471,10.0355339059287));
#4187=CARTESIAN_POINT('Ctrl Pts',(-104.973501788712,14.1376116574218,11.4999999999998));
#4188=CARTESIAN_POINT('Ctrl Pts',(-105.001295504012,13.6230381180869,11.4999999999998));
#4189=CARTESIAN_POINT('Ctrl Pts',(-105.028242515199,13.099322420709,11.4999999999998));
#4190=CARTESIAN_POINT('Ctrl Pts',(-105.197808848735,9.58333386416225,11.4999999999998));
#4191=CARTESIAN_POINT('Ctrl Pts',(-105.288756103725,6.59768161262694,11.4999999999998));
#4192=CARTESIAN_POINT('Ctrl Pts',(-105.326729834646,3.61145109472471,11.4999999999998));
#4193=CARTESIAN_POINT('',(-102.711710183441,8.62909712414484,8.99999999999979));
#4194=CARTESIAN_POINT('Origin',(-102.711710180808,8.6290972095781,11.5000000151631));
#4195=CARTESIAN_POINT('Origin',(147.218769386682,0.400118567321788,8.99999999999979));
#4196=CARTESIAN_POINT('Origin',(-102.477140598231,14.0027754356527,8.9999999999998));
#4197=CARTESIAN_POINT('',(-102.712862083861,8.5786166743184,8.9999999999998));
#4198=CARTESIAN_POINT('Origin',(-100.213064188939,8.54682855482574,8.9999999999998));
#4199=CARTESIAN_POINT('',(-11.5707284939556,7.4196281659835,8.9999999999998));
#4200=CARTESIAN_POINT('Ctrl Pts',(-8.99447360982157,7.30818188254209,11.4999999999996));
#4201=CARTESIAN_POINT('Ctrl Pts',(-8.99447360982159,7.308181882542,8.99999999999962));
#4202=CARTESIAN_POINT('Ctrl Pts',(-11.4920327736332,7.4186274494989,8.99999999999963));
#4203=CARTESIAN_POINT('Ctrl Pts',(-8.99559985495933,7.28271355509361,11.500000000706));
#4204=CARTESIAN_POINT('Ctrl Pts',(-8.99674260623166,7.2568719655682,9.00081461246612));
#4205=CARTESIAN_POINT('Ctrl Pts',(-11.4935062008478,7.36686592486337,8.99999999999963));
#4206=CARTESIAN_POINT('Ctrl Pts',(-8.99671689502156,7.25731224920186,11.5004020059789));
#4207=CARTESIAN_POINT('Ctrl Pts',(-8.99898603267422,7.20571277537924,9.002417516499));
#4208=CARTESIAN_POINT('Ctrl Pts',(-11.4949694082562,7.31524070535745,9.00080401309151));
#4209=CARTESIAN_POINT('Ctrl Pts',(-8.99782486931551,7.23197702905269,11.5012003117878));
#4210=CARTESIAN_POINT('Ctrl Pts',(-9.00120430902241,7.15470190685612,9.00479721775459));
#4211=CARTESIAN_POINT('Ctrl Pts',(-11.4964225494857,7.26374988628358,9.00240062357575));
#4212=CARTESIAN_POINT('',(-11.4964225494857,7.26374988628359,9.00240062357575));
#4213=CARTESIAN_POINT('Origin',(-11.4954376209258,7.34120405406835,11.5012003117878));
#4214=CARTESIAN_POINT('Ctrl Pts',(-11.4964225494857,7.26374988628359,9.00240062357575));
#4215=CARTESIAN_POINT('Ctrl Pts',(-11.4949661169019,7.31535733128752,9.00080039679279));
#4216=CARTESIAN_POINT('Ctrl Pts',(-11.4935025101884,7.36699557779319,8.99999999999963));
#4217=CARTESIAN_POINT('Ctrl Pts',(-11.4920327736332,7.4186274494989,8.99999999999963));
#4218=CARTESIAN_POINT('Ctrl Pts',(-8.9978248693155,7.23197702905269,11.5012003117878));
#4219=CARTESIAN_POINT('Ctrl Pts',(-9.0012043090224,7.15470190685612,9.00479721775459));
#4220=CARTESIAN_POINT('Ctrl Pts',(-11.4964225494857,7.26374988628358,9.00240062357575));
#4221=CARTESIAN_POINT('Ctrl Pts',(-9.01184071708554,6.91148711266008,11.5061701147889));
#4222=CARTESIAN_POINT('Ctrl Pts',(-9.02713604914414,6.67525441126963,9.02463056779312));
#4223=CARTESIAN_POINT('Ctrl Pts',(-11.5054689960253,6.9431967776143,9.01234022957279));
#4224=CARTESIAN_POINT('Ctrl Pts',(-9.05679384171575,6.59236365059468,11.5266159931015));
#4225=CARTESIAN_POINT('Ctrl Pts',(-9.11426711756166,6.210471775776,9.10584476597144));
#4226=CARTESIAN_POINT('Ctrl Pts',(-11.529977895229,6.62381334113973,9.05323198620309));
#4227=CARTESIAN_POINT('Ctrl Pts',(-9.20691926149274,5.96858856457592,11.5977069073737));
#4228=CARTESIAN_POINT('Ctrl Pts',(-9.38683530169937,5.36038887121258,9.36758190036633));
#4229=CARTESIAN_POINT('Ctrl Pts',(-11.6090181478647,5.99913431652989,9.19541381474785));
#4230=CARTESIAN_POINT('Ctrl Pts',(-9.31208800479915,5.66395422162281,11.6483502774207));
#4231=CARTESIAN_POINT('Ctrl Pts',(-9.56649483665449,4.98209946138265,9.54241686769466));
#4232=CARTESIAN_POINT('Ctrl Pts',(-11.6635476152371,5.69385603057735,9.2967005548413));
#4233=CARTESIAN_POINT('Ctrl Pts',(-9.57876287615813,5.0804154357316,11.7779670136999));
#4234=CARTESIAN_POINT('Ctrl Pts',(-9.9763200278772,4.33063969610258,9.94392545546909));
#4235=CARTESIAN_POINT('Ctrl Pts',(-11.8006162287999,5.10866913576569,9.55593402740028));
#4236=CARTESIAN_POINT('Ctrl Pts',(-9.74026293276046,4.80152427757477,11.8569374289128));
#4237=CARTESIAN_POINT('Ctrl Pts',(-10.2019911947476,4.0566147636556,10.1660940837064));
#4238=CARTESIAN_POINT('Ctrl Pts',(-11.8831522543164,4.82877384921076,9.71387485782566));
#4239=CARTESIAN_POINT('Ctrl Pts',(-10.1136382227422,4.27977347804489,12.040292886343));
#4240=CARTESIAN_POINT('Ctrl Pts',(-10.6699436768655,3.59767105729525,10.628173152644));
#4241=CARTESIAN_POINT('Ctrl Pts',(-12.0731869096962,4.30469163960478,10.0805857726863));
#4242=CARTESIAN_POINT('Ctrl Pts',(-10.3255049525223,4.03692571895251,12.1446737526479));
#4243=CARTESIAN_POINT('Ctrl Pts',(-10.9108481016692,3.40935800323561,10.8666636550986));
#4244=CARTESIAN_POINT('Ctrl Pts',(-12.180681211533,4.06051665193189,10.289347505296));
#4245=CARTESIAN_POINT('Ctrl Pts',(-10.7917908891026,3.59623259285661,12.3749961120364));
#4246=CARTESIAN_POINT('Ctrl Pts',(-11.3945400893983,3.09783720050809,11.3463554759851));
#4247=CARTESIAN_POINT('Ctrl Pts',(-12.4166634084505,3.61689491996341,10.749992224073));
#4248=CARTESIAN_POINT('Ctrl Pts',(-11.0461994729913,3.3983972653357,12.5009323579215));
#4249=CARTESIAN_POINT('Ctrl Pts',(-11.6381132404749,2.97148152041036,11.58830229233));
#4250=CARTESIAN_POINT('Ctrl Pts',(-12.5451459273964,3.41745828186926,11.0018647158429));
#4251=CARTESIAN_POINT('Ctrl Pts',(-11.5881748391045,3.0550378178832,12.7697151835542));
#4252=CARTESIAN_POINT('Ctrl Pts',(-12.1228993276337,2.76643081265461,12.0704419178369));
#4253=CARTESIAN_POINT('Ctrl Pts',(-12.8183601968273,3.07068119418535,11.5394303671088));
#4254=CARTESIAN_POINT('Ctrl Pts',(-11.8757292710654,2.90952152201873,12.9125556384124));
#4255=CARTESIAN_POINT('Ctrl Pts',(-12.3660381567257,2.68545784837363,12.3125314997879));
#4256=CARTESIAN_POINT('Ctrl Pts',(-12.9630857214393,2.92334864654183,11.8251112768251));
#4257=CARTESIAN_POINT('Ctrl Pts',(-12.7722015115958,2.55950467732144,13.3585302469026));
#4258=CARTESIAN_POINT('Ctrl Pts',(-13.0823388194588,2.5013758277127,13.0264336068088));
#4259=CARTESIAN_POINT('Ctrl Pts',(-13.4136194069808,2.56766112418645,12.7170604938054));
#4260=CARTESIAN_POINT('Ctrl Pts',(-13.4149853108666,2.44267600149087,13.6791534117814));
#4261=CARTESIAN_POINT('Ctrl Pts',(-13.5755026349035,2.44471718405507,13.518837125189));
#4262=CARTESIAN_POINT('Ctrl Pts',(-13.735805961204,2.44675564536503,13.3583068235577));
#4263=CARTESIAN_POINT('Ctrl Pts',(-14.0566266115214,2.45083528923893,13.9999999999998));
#4264=CARTESIAN_POINT('Ctrl Pts',(-14.0566266115214,2.45083528923893,13.9999999999998));
#4265=CARTESIAN_POINT('Ctrl Pts',(-14.0566266115214,2.45083528923893,13.9999999999998));
#4266=CARTESIAN_POINT('Ctrl Pts',(-14.0566266115214,2.45083528923893,13.9999999999998));
#4267=CARTESIAN_POINT('Ctrl Pts',(-14.0036905744929,2.45016213999196,13.8941193663328));
#4268=CARTESIAN_POINT('Ctrl Pts',(-13.9499461513665,2.4528849326942,13.7867084516609));
#4269=CARTESIAN_POINT('Ctrl Pts',(-13.8955735506225,2.45924457476528,13.6781337702032));
#4270=CARTESIAN_POINT('Ctrl Pts',(-13.8407693076753,2.46565470347628,13.568697158029));
#4271=CARTESIAN_POINT('Ctrl Pts',(-13.7853269776724,2.47575981759984,13.458078440223));
#4272=CARTESIAN_POINT('Ctrl Pts',(-13.7294483842917,2.48976938063831,13.3466865582701));
#4273=CARTESIAN_POINT('Ctrl Pts',(-13.6726425589276,2.5040114140046,13.2334462741048));
#4274=CARTESIAN_POINT('Ctrl Pts',(-13.6153859930745,2.52228875631875,13.1194072017462));
#4275=CARTESIAN_POINT('Ctrl Pts',(-13.5579068463333,2.5447802457731,13.0050301714501));
#4276=CARTESIAN_POINT('Ctrl Pts',(-13.4998177149774,2.56751042113887,12.8894393404504));
#4277=CARTESIAN_POINT('Ctrl Pts',(-13.4415014336091,2.59454480974689,12.773503704429));
#4278=CARTESIAN_POINT('Ctrl Pts',(-13.3832075168194,2.62602359654978,12.6577258171979));
#4279=CARTESIAN_POINT('Ctrl Pts',(-13.3239511690593,2.65802209726112,12.5400364402177));
#4280=CARTESIAN_POINT('Ctrl Pts',(-13.2647181474632,2.69461313628439,12.42251050232));
#4281=CARTESIAN_POINT('Ctrl Pts',(-13.2057819284393,2.73589577940188,12.3056974313956));
#4282=CARTESIAN_POINT('Ctrl Pts',(-13.174847070937,2.75756450371616,12.244383764464));
#4283=CARTESIAN_POINT('Ctrl Pts',(-13.1439941529761,2.78052498240412,12.1832668133204));
#4284=CARTESIAN_POINT('Ctrl Pts',(-13.1132636166198,2.80478613909003,12.1224276824852));
#4285=CARTESIAN_POINT('Ctrl Pts',(-13.055418994703,2.85045333537629,12.0079091306409));
#4286=CARTESIAN_POINT('Ctrl Pts',(-12.9980071281724,2.90069001822496,11.8943722239058));
#4287=CARTESIAN_POINT('Ctrl Pts',(-12.941287305706,2.955422692415,11.7823336286937));
#4288=CARTESIAN_POINT('Ctrl Pts',(-12.8838316906159,3.01086538113251,11.6688416232214));
#4289=CARTESIAN_POINT('Ctrl Pts',(-12.8270864691001,3.07092139098061,11.5568876090805));
#4290=CARTESIAN_POINT('Ctrl Pts',(-12.7713212548382,3.13546085620725,11.4470074674886));
#4291=CARTESIAN_POINT('Ctrl Pts',(-12.7411645512689,3.17036249779725,11.3875865022508));
#4292=CARTESIAN_POINT('Ctrl Pts',(-12.711294420742,3.20657438197103,11.3287719568819));
#4293=CARTESIAN_POINT('Ctrl Pts',(-12.6817530621119,3.24406973802731,11.2706475414758));
#4294=CARTESIAN_POINT('Ctrl Pts',(-12.6273767889808,3.31308679806148,11.163658925032));
#4295=CARTESIAN_POINT('Ctrl Pts',(-12.5741160148622,3.38645396782193,11.0590117517008));
#4296=CARTESIAN_POINT('Ctrl Pts',(-12.5222092876511,3.46390624048661,10.957176339448));
#4297=CARTESIAN_POINT('Ctrl Pts',(-12.4702700088634,3.54140708476672,10.8552770645052));
#4298=CARTESIAN_POINT('Ctrl Pts',(-12.4196867394372,3.62299779405477,10.7561935963343));
#4299=CARTESIAN_POINT('Ctrl Pts',(-12.3706873040704,3.7083678887132,10.6603736518443));
#4300=CARTESIAN_POINT('Ctrl Pts',(-12.3462806099724,3.75089086412816,10.6126455901605));
#4301=CARTESIAN_POINT('Ctrl Pts',(-12.3222666748221,3.7943508594851,10.5657268117508));
#4302=CARTESIAN_POINT('Ctrl Pts',(-12.2986723099918,3.83870578594765,10.5196698646845));
#4303=CARTESIAN_POINT('Ctrl Pts',(-12.2516463084784,3.92710972705605,10.427873621047));
#4304=CARTESIAN_POINT('Ctrl Pts',(-12.2062890386839,4.01906908026203,10.339504986932));
#4305=CARTESIAN_POINT('Ctrl Pts',(-12.1627755479554,4.11417276964555,10.2549035748667));
#4306=CARTESIAN_POINT('Ctrl Pts',(-12.1196930975181,4.20833437138476,10.1711402159359));
#4307=CARTESIAN_POINT('Ctrl Pts',(-12.0784182389379,4.30557781240358,10.0910701211609));
#4308=CARTESIAN_POINT('Ctrl Pts',(-12.0391019442071,4.40547691965308,10.0149843723244));
#4309=CARTESIAN_POINT('Ctrl Pts',(-12.0182329584898,4.45850310273147,9.9745982571874));
#4310=CARTESIAN_POINT('Ctrl Pts',(-11.9979154548319,4.51227709451392,9.93533403414946));
#4311=CARTESIAN_POINT('Ctrl Pts',(-11.9781695820063,4.56673274440777,9.89723031525598));
#4312=CARTESIAN_POINT('Ctrl Pts',(-11.941106757426,4.66894550639832,9.82570997975715));
#4313=CARTESIAN_POINT('Ctrl Pts',(-11.9060598420045,4.77355855552997,9.75828217712657));
#4314=CARTESIAN_POINT('Ctrl Pts',(-11.8731177565987,4.88008458880319,9.69511234234442));
#4315=CARTESIAN_POINT('Ctrl Pts',(-11.8406272748166,4.98515025482679,9.63280850392996));
#4316=CARTESIAN_POINT('Ctrl Pts',(-11.8101843612725,5.0920763215003,9.5746467818426));
#4317=CARTESIAN_POINT('Ctrl Pts',(-11.7818520537933,5.20038839663956,9.52074117751658));
#4318=CARTESIAN_POINT('Ctrl Pts',(-11.7644640969542,5.26686112178042,9.48765850953789));
#4319=CARTESIAN_POINT('Ctrl Pts',(-11.7478706509274,5.33385577863012,9.45617800770603));
#4320=CARTESIAN_POINT('Ctrl Pts',(-11.7320819220185,5.40126258317151,9.42631729112079));
#4321=CARTESIAN_POINT('Ctrl Pts',(-11.7062605500738,5.51150174059318,9.37748215854389));
#4322=CARTESIAN_POINT('Ctrl Pts',(-11.6825930839283,5.62284068214314,9.3329824573681));
#4323=CARTESIAN_POINT('Ctrl Pts',(-11.6610777084095,5.73477932968194,9.29280184030722));
#4324=CARTESIAN_POINT('Ctrl Pts',(-11.6398248889345,5.84535196952943,9.25311155463012));
#4325=CARTESIAN_POINT('Ctrl Pts',(-11.6206719321126,5.95650936667736,9.21763552541239));
#4326=CARTESIAN_POINT('Ctrl Pts',(-11.6035950323837,6.06778203940282,9.1863142062302));
#4327=CARTESIAN_POINT('Ctrl Pts',(-11.5911290902499,6.14900982203866,9.16345000027484));
#4328=CARTESIAN_POINT('Ctrl Pts',(-11.5797689880403,6.23029927388343,9.14279886364953));
#4329=CARTESIAN_POINT('Ctrl Pts',(-11.5694980215468,6.31147382883481,9.12432290047547));
#4330=CARTESIAN_POINT('Ctrl Pts',(-11.5552510524491,6.42407193502568,9.09869469143021));
#4331=CARTESIAN_POINT('Ctrl Pts',(-11.543100556791,6.5364453947503,9.07725337742783));
#4332=CARTESIAN_POINT('Ctrl Pts',(-11.5329576483013,6.64813286436769,9.05980946809943));
#4333=CARTESIAN_POINT('Ctrl Pts',(-11.5228858135592,6.75903771359308,9.04248779235017));
#4334=CARTESIAN_POINT('Ctrl Pts',(-11.5147934555083,6.86926586123571,9.02910754107727));
#4335=CARTESIAN_POINT('Ctrl Pts',(-11.5085745827779,6.97839534405378,9.01944601794125));
#4336=CARTESIAN_POINT('Ctrl Pts',(-11.5031006177798,7.07445310164084,9.01094176937929));
#4337=CARTESIAN_POINT('Ctrl Pts',(-11.4990778959423,7.16965995190652,9.00531813350064));
#4338=CARTESIAN_POINT('Ctrl Pts',(-11.4964225494857,7.26374988628358,9.00240062357575));
#4339=CARTESIAN_POINT('Origin',(-102.763355700738,8.57925876507708,13.9999999999998));
#4340=CARTESIAN_POINT('Ctrl Pts',(-100.276640427924,3.54723276498066,13.9999999999998));
#4341=CARTESIAN_POINT('Ctrl Pts',(-100.329316829493,3.54790261263151,13.8946386792383));
#4342=CARTESIAN_POINT('Ctrl Pts',(-100.382728555485,3.5519562278652,13.7877207776348));
#4343=CARTESIAN_POINT('Ctrl Pts',(-100.436691053622,3.55963371720057,13.679609263879));
#4344=CARTESIAN_POINT('Ctrl Pts',(-100.491058018134,3.56736875180144,13.570687419364));
#4345=CARTESIAN_POINT('Ctrl Pts',(-100.54598393846,3.57878234986683,13.4605542059022));
#4346=CARTESIAN_POINT('Ctrl Pts',(-100.601263572454,3.5940828069029,13.3496147775459));
#4347=CARTESIAN_POINT('Ctrl Pts',(-100.657444827709,3.60963281728043,13.2368659061787));
#4348=CARTESIAN_POINT('Ctrl Pts',(-100.713991307988,3.62919771528982,13.1232845432327));
#4349=CARTESIAN_POINT('Ctrl Pts',(-100.770672247657,3.65295495509264,13.0093276699186));
#4350=CARTESIAN_POINT('Ctrl Pts',(-100.827946528329,3.6769608877469,12.8941778861484));
#4351=CARTESIAN_POINT('Ctrl Pts',(-100.885357920567,3.70524753843089,12.7786450406335));
#4352=CARTESIAN_POINT('Ctrl Pts',(-100.942655115153,3.7379536589752,12.663228182652));
#4353=CARTESIAN_POINT('Ctrl Pts',(-101.000930360701,3.77121806606268,12.5458411833761));
#4354=CARTESIAN_POINT('Ctrl Pts',(-101.059087263051,3.8090542861129,12.4285745878947));
#4355=CARTESIAN_POINT('Ctrl Pts',(-101.116850778577,3.8515601437776,12.3119759512577));
#4356=CARTESIAN_POINT('Ctrl Pts',(-101.15423496883,3.87906967215983,12.2365140342392));
#4357=CARTESIAN_POINT('Ctrl Pts',(-101.191454174344,3.90853413469395,12.1613323450794));
#4358=CARTESIAN_POINT('Ctrl Pts',(-101.228432213542,3.93996912043317,12.0865828381768));
#4359=CARTESIAN_POINT('Ctrl Pts',(-101.28489323334,3.98796656406839,11.972449328651));
#4360=CARTESIAN_POINT('Ctrl Pts',(-101.340793894695,4.04051681963229,11.8593206651444));
#4361=CARTESIAN_POINT('Ctrl Pts',(-101.395877056875,4.09753815651664,11.7477131659967));
#4362=CARTESIAN_POINT('Ctrl Pts',(-101.45169440706,4.15531951479205,11.6346180818258));
#4363=CARTESIAN_POINT('Ctrl Pts',(-101.506672046431,4.21769185569251,11.523085532553));
#4364=CARTESIAN_POINT('Ctrl Pts',(-101.560543629267,4.28451658659085,11.4136516910335));
#4365=CARTESIAN_POINT('Ctrl Pts',(-101.592345553534,4.32396512177965,11.3490497885643));
#4366=CARTESIAN_POINT('Ctrl Pts',(-101.623762073591,4.3649642527261,11.2851791997826));
#4367=CARTESIAN_POINT('Ctrl Pts',(-101.654739198709,4.40747711472535,11.2221488349053));
#4368=CARTESIAN_POINT('Ctrl Pts',(-101.70696871691,4.47915666184567,11.1158753967793));
#4369=CARTESIAN_POINT('Ctrl Pts',(-101.757947459352,4.55514065647719,11.0119938437047));
#4370=CARTESIAN_POINT('Ctrl Pts',(-101.807444837408,4.63515298428848,10.9109723373807));
#4371=CARTESIAN_POINT('Ctrl Pts',(-101.856979874849,4.71522618835599,10.8098739702621));
#4372=CARTESIAN_POINT('Ctrl Pts',(-101.905031040887,4.7993334830536,10.7116405171069));
#4373=CARTESIAN_POINT('Ctrl Pts',(-101.951379667261,4.8871536079106,10.6167174488951));
#4374=CARTESIAN_POINT('Ctrl Pts',(-101.976651337927,4.93503768661758,10.5649604777366));
#4375=CARTESIAN_POINT('Ctrl Pts',(-102.00141708345,4.98402484569055,10.5141872231841));
#4376=CARTESIAN_POINT('Ctrl Pts',(-102.025643421751,5.03405806348518,10.464466094071));
#4377=CARTESIAN_POINT('Ctrl Pts',(-102.069746217246,5.12514094794464,10.37395135091));
#4378=CARTESIAN_POINT('Ctrl Pts',(-102.1120594051,5.21969046448561,10.2869273755065));
#4379=CARTESIAN_POINT('Ctrl Pts',(-102.152421756879,5.31728491809015,10.2037273225759));
#4380=CARTESIAN_POINT('Ctrl Pts',(-102.19238153582,5.41390596765802,10.1213571043786));
#4381=CARTESIAN_POINT('Ctrl Pts',(-102.230429057127,5.5135109974836,10.0427352081714));
#4382=CARTESIAN_POINT('Ctrl Pts',(-102.266427636138,5.61566477257248,9.9681460494194));
#4383=CARTESIAN_POINT('Ctrl Pts',(-102.287276808474,5.6748288207145,9.92494650466015));
#4384=CARTESIAN_POINT('Ctrl Pts',(-102.307439075747,5.73484736030018,9.88309892882524));
#4385=CARTESIAN_POINT('Ctrl Pts',(-102.326891241383,5.79563281224331,9.84265193849037));
#4386=CARTESIAN_POINT('Ctrl Pts',(-102.360356008062,5.90020579423247,9.77306847309537));
#4387=CARTESIAN_POINT('Ctrl Pts',(-102.391717237692,6.00704696716301,9.70763406046729));
#4388=CARTESIAN_POINT('Ctrl Pts',(-102.42090404774,6.11566238558409,9.64650301549551));
#4389=CARTESIAN_POINT('Ctrl Pts',(-102.449688823566,6.22278167904156,9.58621402116224));
#4390=CARTESIAN_POINT('Ctrl Pts',(-102.476358635962,6.33162618136854,9.53011073881717));
#4391=CARTESIAN_POINT('Ctrl Pts',(-102.500867960393,6.44171691914718,9.47829639070119));
#4392=CARTESIAN_POINT('Ctrl Pts',(-102.51717208324,6.51495161470947,9.44382838652029));
#4393=CARTESIAN_POINT('Ctrl Pts',(-102.532520610785,6.58873770128845,9.41125739629249));
#4394=CARTESIAN_POINT('Ctrl Pts',(-102.546905872836,6.66293447050205,9.38060233744512));
#4395=CARTESIAN_POINT('Ctrl Pts',(-102.568619216406,6.77492825524838,9.33433110355816));
#4396=CARTESIAN_POINT('Ctrl Pts',(-102.5881365442,6.88785491765956,9.29242782261881));
#4397=CARTESIAN_POINT('Ctrl Pts',(-102.605479835573,7.00121404609489,9.25486126518955));
#4398=CARTESIAN_POINT('Ctrl Pts',(-102.622612303879,7.11319519392295,9.21775136253819));
#4399=CARTESIAN_POINT('Ctrl Pts',(-102.637623308845,7.2255979612393,9.18487332156574));
#4400=CARTESIAN_POINT('Ctrl Pts',(-102.650555557977,7.33795447619618,9.15615363238155));
#4401=CARTESIAN_POINT('Ctrl Pts',(-102.660722057459,7.42628191557099,9.13357606661909));
#4402=CARTESIAN_POINT('Ctrl Pts',(-102.669604291231,7.51458099723848,9.11356754578241));
#4403=CARTESIAN_POINT('Ctrl Pts',(-102.677232277207,7.60263312192287,9.09607359798401));
#4404=CARTESIAN_POINT('Ctrl Pts',(-102.687064220255,7.71612618258651,9.07352511677646));
#4405=CARTESIAN_POINT('Ctrl Pts',(-102.69481183344,7.82920528380964,9.05515548548377));
#4406=CARTESIAN_POINT('Ctrl Pts',(-102.700584291829,7.9414167921051,9.04075790775154));
#4407=CARTESIAN_POINT('Ctrl Pts',(-102.706317942841,8.05287391918835,9.02645712278421));
#4408=CARTESIAN_POINT('Ctrl Pts',(-102.710102993019,8.16347479807176,9.01607499924473));
#4409=CARTESIAN_POINT('Ctrl Pts',(-102.712064087926,8.27280667799272,9.0093727626145));
#4410=CARTESIAN_POINT('Ctrl Pts',(-102.713914700944,8.37597914529631,9.00304810881641));
#4411=CARTESIAN_POINT('Ctrl Pts',(-102.714141277923,8.4780216510021,8.99999999999981));
#4412=CARTESIAN_POINT('Ctrl Pts',(-102.712862083861,8.5786166743184,8.99999999999981));
#4413=CARTESIAN_POINT('Ctrl Pts',(-102.712862083861,8.57861667431843,8.99999999999981));
#4414=CARTESIAN_POINT('Ctrl Pts',(-105.212659978784,8.61040479381111,8.99999999999979));
#4415=CARTESIAN_POINT('Ctrl Pts',(-105.212659978784,8.6104047938111,11.4999999999998));
#4416=CARTESIAN_POINT('Ctrl Pts',(-102.717023186092,8.25139018930557,8.99999999999981));
#4417=CARTESIAN_POINT('Ctrl Pts',(-105.218909509267,8.1189456037824,9.00000000012172));
#4418=CARTESIAN_POINT('Ctrl Pts',(-105.216821081019,8.2831783087981,11.5000000000024));
#4419=CARTESIAN_POINT('Ctrl Pts',(-102.705070173567,7.92397428976733,9.03223044103705));
#4420=CARTESIAN_POINT('Ctrl Pts',(-105.160214184229,7.63470571398095,9.06484781030771));
#4421=CARTESIAN_POINT('Ctrl Pts',(-105.188754150758,7.95555750023803,11.5161152205184));
#4422=CARTESIAN_POINT('Ctrl Pts',(-102.649394380829,7.28129195408171,9.15991675493026));
#4423=CARTESIAN_POINT('Ctrl Pts',(-104.932237492033,6.73760258298641,9.30421296101079));
#4424=CARTESIAN_POINT('Ctrl Pts',(-105.069240362284,7.31206338299122,11.5799583774651));
#4425=CARTESIAN_POINT('Ctrl Pts',(-102.605672925963,6.96604507520792,9.25536947996379));
#4426=CARTESIAN_POINT('Ctrl Pts',(-104.768585523067,6.33353946605003,9.47298946268022));
#4427=CARTESIAN_POINT('Ctrl Pts',(-104.977796403198,6.99620965159221,11.6276847399819));
#4428=CARTESIAN_POINT('Ctrl Pts',(-102.488138819686,6.35982386580429,9.50583519492295));
#4429=CARTESIAN_POINT('Ctrl Pts',(-104.38017188607,5.63323450239608,9.87027625067407));
#4430=CARTESIAN_POINT('Ctrl Pts',(-104.735039563518,6.3883960753726,11.7529175974613));
#4431=CARTESIAN_POINT('Ctrl Pts',(-102.41432906657,6.06886448326403,9.66084200858686));
#4432=CARTESIAN_POINT('Ctrl Pts',(-104.160564756407,5.33687103249858,10.0936339618088));
#4433=CARTESIAN_POINT('Ctrl Pts',(-104.583732669105,6.09645121780972,11.8304210042933));
#4434=CARTESIAN_POINT('Ctrl Pts',(-102.239453416174,5.52240114123219,10.0244618683873));
#4435=CARTESIAN_POINT('Ctrl Pts',(-103.699083850098,4.83892008652336,10.5614091307342));
#4436=CARTESIAN_POINT('Ctrl Pts',(-104.227061786692,5.54767611746729,12.0122309341936));
#4437=CARTESIAN_POINT('Ctrl Pts',(-102.138391832538,5.26691066066323,10.2330659451517));
#4438=CARTESIAN_POINT('Ctrl Pts',(-103.459062795237,4.63384604637085,10.8040183490406));
#4439=CARTESIAN_POINT('Ctrl Pts',(-104.021706596661,5.29085941063347,12.1165329725759));
#4440=CARTESIAN_POINT('Ctrl Pts',(-101.912895010948,4.80120546631481,10.6958662429824));
#4441=CARTESIAN_POINT('Ctrl Pts',(-102.974610282529,4.29325472775689,11.2927624006413));
#4442=CARTESIAN_POINT('Ctrl Pts',(-103.564828333016,4.82221190605345,12.347933121491));
#4443=CARTESIAN_POINT('Ctrl Pts',(-101.788465336941,4.59100224299475,10.9500510448489));
#4444=CARTESIAN_POINT('Ctrl Pts',(-102.729563558176,4.15431312473121,11.5395559918306));
#4445=CARTESIAN_POINT('Ctrl Pts',(-103.313316532483,4.61039267136272,12.4750255224244));
#4446=CARTESIAN_POINT('Ctrl Pts',(-101.521013060466,4.2239519864605,11.4942466249547));
#4447=CARTESIAN_POINT('Ctrl Pts',(-102.240565137336,3.92696238829961,12.0314057019924));
#4448=CARTESIAN_POINT('Ctrl Pts',(-102.773788462892,4.23988262400013,12.7471233124772));
#4449=CARTESIAN_POINT('Ctrl Pts',(-101.377997058699,4.06711401174425,11.7842439725095));
#4450=CARTESIAN_POINT('Ctrl Pts',(-101.994682495417,3.83603139033643,12.278424676433));
#4451=CARTESIAN_POINT('Ctrl Pts',(-102.485785509336,4.08120095521851,12.8921219862546));
#4452=CARTESIAN_POINT('Ctrl Pts',(-100.92930252322,3.68567933781401,12.6912605695041));
#4453=CARTESIAN_POINT('Ctrl Pts',(-101.269323635354,3.62537929120685,13.0064033906485));
#4454=CARTESIAN_POINT('Ctrl Pts',(-101.583619337889,3.69399981089315,13.345630284752));
#4455=CARTESIAN_POINT('Ctrl Pts',(-100.603922201289,3.55139457027725,13.3453835327425));
#4456=CARTESIAN_POINT('Ctrl Pts',(-100.7674430339,3.55347394628487,13.5091577133328));
#4457=CARTESIAN_POINT('Ctrl Pts',(-100.931203974657,3.55555637557388,13.6726917663694));
#4458=CARTESIAN_POINT('Ctrl Pts',(-100.276640427924,3.54723276498066,13.9999999999998));
#4459=CARTESIAN_POINT('Ctrl Pts',(-100.276640427924,3.54723276498066,13.9999999999998));
#4460=CARTESIAN_POINT('Ctrl Pts',(-100.276640427924,3.54723276498066,13.9999999999998));
#4461=CARTESIAN_POINT('Origin',(-102.712862083861,8.5786166743184,11.4999999999998));
#4462=CARTESIAN_POINT('Ctrl Pts',(-105.212659978784,8.61040479381107,11.4999999999998));
#4463=CARTESIAN_POINT('Ctrl Pts',(-105.2120179074,8.6608968870522,11.4999999999998));
#4464=CARTESIAN_POINT('Ctrl Pts',(-105.210356207949,8.71136571397008,11.4999999999998));
#4465=CARTESIAN_POINT('Ctrl Pts',(-105.212659978784,8.61040479381107,10.4644660895764));
#4466=CARTESIAN_POINT('Ctrl Pts',(-105.2120179074,8.6608968870522,10.4644660895764));
#4467=CARTESIAN_POINT('Ctrl Pts',(-105.210356207949,8.71136571397008,10.4644660895764));
#4468=CARTESIAN_POINT('Ctrl Pts',(-104.480486121537,8.60109426910391,9.73223304161271));
#4469=CARTESIAN_POINT('Ctrl Pts',(-104.479938079331,8.64419196643329,9.73223304161271));
#4470=CARTESIAN_POINT('Ctrl Pts',(-104.478519730132,8.6872698047136,9.73223304161271));
#4471=CARTESIAN_POINT('Ctrl Pts',(-103.748312264289,8.59178374439675,8.99999999364903));
#4472=CARTESIAN_POINT('Ctrl Pts',(-103.747858251261,8.62748704581438,8.99999999364903));
#4473=CARTESIAN_POINT('Ctrl Pts',(-103.746683252315,8.66317389545711,8.99999999364903));
#4474=CARTESIAN_POINT('Ctrl Pts',(-102.712862068531,8.57861667412345,8.99999999999979));
#4475=CARTESIAN_POINT('Ctrl Pts',(-102.712541032841,8.60386272058919,8.99999999999979));
#4476=CARTESIAN_POINT('Ctrl Pts',(-102.71171018312,8.62909713389337,8.99999999999979));
#4477=UNCERTAINTY_MEASURE_WITH_UNIT(LENGTH_MEASURE(0.01),#4481,
'DISTANCE_ACCURACY_VALUE',
'Maximum model space distance between geometric entities at asserted c
onnectivities');
#4478=UNCERTAINTY_MEASURE_WITH_UNIT(LENGTH_MEASURE(0.01),#4481,
'DISTANCE_ACCURACY_VALUE',
'Maximum model space distance between geometric entities at asserted c
onnectivities');
#4479=(
GEOMETRIC_REPRESENTATION_CONTEXT(3)
GLOBAL_UNCERTAINTY_ASSIGNED_CONTEXT((#4477))
GLOBAL_UNIT_ASSIGNED_CONTEXT((#4481,#4483,#4484))
REPRESENTATION_CONTEXT('','3D')
);
#4480=(
GEOMETRIC_REPRESENTATION_CONTEXT(3)
GLOBAL_UNCERTAINTY_ASSIGNED_CONTEXT((#4478))
GLOBAL_UNIT_ASSIGNED_CONTEXT((#4481,#4483,#4484))
REPRESENTATION_CONTEXT('','3D')
);
#4481=(
LENGTH_UNIT()
NAMED_UNIT(*)
SI_UNIT(.MILLI.,.METRE.)
);
#4482=(
LENGTH_UNIT()
NAMED_UNIT(*)
SI_UNIT(.CENTI.,.METRE.)
);
#4483=(
NAMED_UNIT(*)
PLANE_ANGLE_UNIT()
SI_UNIT($,.RADIAN.)
);
#4484=(
NAMED_UNIT(*)
SI_UNIT($,.STERADIAN.)
SOLID_ANGLE_UNIT()
);
#4485=SHAPE_DEFINITION_REPRESENTATION(#4486,#4487);
#4486=PRODUCT_DEFINITION_SHAPE('',$,#4489);
#4487=SHAPE_REPRESENTATION('',(#1188),#4479);
#4488=PRODUCT_DEFINITION_CONTEXT('part definition',#4493,'design');
#4489=PRODUCT_DEFINITION('angled base','angled base',#4490,#4488);
#4490=PRODUCT_DEFINITION_FORMATION('ANY',$,#4495);
#4491=PRODUCT_RELATED_PRODUCT_CATEGORY('angled base','angled base',(#4495));
#4492=APPLICATION_PROTOCOL_DEFINITION('international standard',
'automotive_design',2009,#4493);
#4493=APPLICATION_CONTEXT(
'Core Data for Automotive Mechanical Design Process');
#4494=PRODUCT_CONTEXT('part definition',#4493,'mechanical');
#4495=PRODUCT('angled base','angled base','STEP AP203',(#4494));
#4496=PRESENTATION_STYLE_ASSIGNMENT((#4497));
#4497=SURFACE_STYLE_USAGE(.BOTH.,#4500);
#4498=SURFACE_STYLE_RENDERING_WITH_PROPERTIES($,#4504,(#4499));
#4499=SURFACE_STYLE_TRANSPARENT(0.);
#4500=SURFACE_SIDE_STYLE('',(#4501,#4498));
#4501=SURFACE_STYLE_FILL_AREA(#4502);
#4502=FILL_AREA_STYLE('',(#4503));
#4503=FILL_AREA_STYLE_COLOUR('',#4504);
#4504=COLOUR_RGB('',0.749019607843137,0.749019607843137,0.749019607843137);
ENDSEC;
END-ISO-10303-21;
