ISO-10303-21;
HEADER;
/* Generated by software containing ST-Developer
 * from STEP Tools, Inc. (www.steptools.com) 
 */

FILE_DESCRIPTION(
/* description */ ('STEP AP203'),
/* implementation_level */ '2;1');

FILE_NAME(
/* name */ 
'C:\\Users\\harra\\OneDrive\\CMR\\kb laser cut stuff\\angled base.stp',

/* time_stamp */ '2021-08-05T17:15:43+01:00',
/* author */ ('harra'),
/* organization */ (''),
/* preprocessor_version */ 'ST-DEVELOPER v18.1',
/* originating_system */ 'Autodesk Inventor 2021',
/* authorisation */ '');

FILE_SCHEMA (('CONFIG_CONTROL_DESIGN'));
ENDSEC;

DATA;
#10=MECHANICAL_DESIGN_GEOMETRIC_PRESENTATION_REPRESENTATION('',(#13,#14),
#12527);
#11=SHAPE_REPRESENTATION_RELATIONSHIP('SRR','None',#12534,#12);
#12=ADVANCED_BREP_SHAPE_REPRESENTATION('',(#15,#16),#12526);
#13=STYLED_ITEM('',(#12543),#15);
#14=STYLED_ITEM('',(#12543),#16);
#15=MANIFOLD_SOLID_BREP('Solid2',#3421);
#16=MANIFOLD_SOLID_BREP('Solid3',#3422);
#17=SPHERICAL_SURFACE('',#3606,1.);
#18=SPHERICAL_SURFACE('',#3643,1.);
#19=TOROIDAL_SURFACE('',#3514,110.782046791976,4.);
#20=TOROIDAL_SURFACE('',#3528,113.782046791976,1.);
#21=TOROIDAL_SURFACE('',#3533,113.782046791976,1.);
#22=TOROIDAL_SURFACE('',#3542,6.,1.);
#23=TOROIDAL_SURFACE('',#3550,6.,1.);
#24=TOROIDAL_SURFACE('',#3619,6.,1.);
#25=TOROIDAL_SURFACE('',#3623,6.,1.);
#26=TOROIDAL_SURFACE('',#3703,110.782046791976,4.);
#27=(
BOUNDED_SURFACE()
B_SPLINE_SURFACE(3,2,((#6967,#6968,#6969),(#6970,#6971,#6972),(#6973,#6974,
#6975),(#6976,#6977,#6978),(#6979,#6980,#6981),(#6982,#6983,#6984),(#6985,
#6986,#6987),(#6988,#6989,#6990),(#6991,#6992,#6993),(#6994,#6995,#6996),
(#6997,#6998,#6999),(#7000,#7001,#7002),(#7003,#7004,#7005),(#7006,#7007,
#7008),(#7009,#7010,#7011),(#7012,#7013,#7014),(#7015,#7016,#7017),(#7018,
#7019,#7020),(#7021,#7022,#7023),(#7024,#7025,#7026)),.UNSPECIFIED.,.F.,
 .F.,.F.)
B_SPLINE_SURFACE_WITH_KNOTS((4,2,2,2,2,2,2,2,2,4),(3,3),(0.,0.000479964176278613,
0.00071994626441792,0.000959928352557226,0.00119991044069653,0.00143989252883584,
0.00191985670511445,0.00239982088139307,0.00287978505767168,0.00383971341022891),
(0.,1.),.UNSPECIFIED.)
GEOMETRIC_REPRESENTATION_ITEM()
RATIONAL_B_SPLINE_SURFACE(((1.,0.700809061413075,1.),(1.,0.700790621005729,
1.),(1.,0.70801651466051,1.),(1.,0.727002903447335,1.),(1.,0.734643913038698,
1.),(1.,0.751424639756587,1.),(1.,0.760612474384002,1.),(1.,0.779954431173138,
1.),(1.,0.79013139330444,1.),(1.,0.810423127244143,1.),(1.,0.820604069760787,
1.),(1.,0.850736583008588,1.),(1.,0.870407242478073,1.),(1.,0.90608520008814,
1.),(1.,0.922061709864255,1.),(1.,0.949854499551542,1.),(1.,0.961697829420959,
1.),(1.,0.990384505153224,1.),(1.,0.999953577635845,1.),(1.,1.,1.)))
REPRESENTATION_ITEM('')
SURFACE()
);
#28=(
BOUNDED_SURFACE()
B_SPLINE_SURFACE(3,2,((#7150,#7151,#7152),(#7153,#7154,#7155),(#7156,#7157,
#7158),(#7159,#7160,#7161),(#7162,#7163,#7164),(#7165,#7166,#7167),(#7168,
#7169,#7170),(#7171,#7172,#7173),(#7174,#7175,#7176),(#7177,#7178,#7179),
(#7180,#7181,#7182),(#7183,#7184,#7185),(#7186,#7187,#7188),(#7189,#7190,
#7191),(#7192,#7193,#7194),(#7195,#7196,#7197),(#7198,#7199,#7200),(#7201,
#7202,#7203)),.UNSPECIFIED.,.F.,.F.,.F.)
B_SPLINE_SURFACE_WITH_KNOTS((4,2,2,2,2,2,2,2,4),(3,3),(0.,0.000976419910592425,
0.00146462986588864,0.00195283982118485,0.00292925973177728,0.0039056796423697,
0.00488209955296213,0.00585851946355455,0.0078113592847394),(0.,1.),
 .UNSPECIFIED.)
GEOMETRIC_REPRESENTATION_ITEM()
RATIONAL_B_SPLINE_SURFACE(((1.,0.707106781186548,1.),(1.,0.707822658433654,
1.),(1.,0.708323053267158,1.),(1.,0.708781508174946,1.),(1.,0.708885600788486,
1.),(1.,0.709001146303506,1.),(1.,0.709012036908209,1.),(1.,0.708917827470045,
1.),(1.,0.708688480539097,1.),(1.,0.707994851128457,1.),(1.,0.707525514777958,
1.),(1.,0.706500069890116,1.),(1.,0.70594098392319,1.),(1.,0.704843497802117,
1.),(1.,0.704314726071822,1.),(1.,0.702971804632082,1.),(1.,0.702388600203157,
1.),(1.,0.702403153146528,1.)))
REPRESENTATION_ITEM('')
SURFACE()
);
#29=(
BOUNDED_SURFACE()
B_SPLINE_SURFACE(3,2,((#7264,#7265,#7266),(#7267,#7268,#7269),(#7270,#7271,
#7272),(#7273,#7274,#7275),(#7276,#7277,#7278),(#7279,#7280,#7281),(#7282,
#7283,#7284),(#7285,#7286,#7287),(#7288,#7289,#7290),(#7291,#7292,#7293),
(#7294,#7295,#7296),(#7297,#7298,#7299),(#7300,#7301,#7302),(#7303,#7304,
#7305),(#7306,#7307,#7308),(#7309,#7310,#7311),(#7312,#7313,#7314),(#7315,
#7316,#7317)),.UNSPECIFIED.,.F.,.F.,.F.)
B_SPLINE_SURFACE_WITH_KNOTS((4,2,2,2,2,2,2,2,4),(3,3),(0.,0.000976418414943015,
0.00146462762241452,0.00195283682988603,0.00292925524482905,0.00390567365977206,
0.00488209207471508,0.00585851048965809,0.00781134731954412),(0.,1.),
 .UNSPECIFIED.)
GEOMETRIC_REPRESENTATION_ITEM()
RATIONAL_B_SPLINE_SURFACE(((1.,0.702403153146524,1.),(1.,0.70240292829971,
1.),(1.,0.702536898946237,1.),(1.,0.702912749765319,1.),(1.,0.703067133719966,
1.),(1.,0.703428324365899,1.),(1.,0.703636045270292,1.),(1.,0.704310794177046,
1.),(1.,0.704832862826833,1.),(1.,0.705922985223207,1.),(1.,0.706494078751941,
1.),(1.,0.707520259273797,1.),(1.,0.707981548865855,1.),(1.,0.708683448937732,
1.),(1.,0.708915853835699,1.),(1.,0.709107599884112,1.),(1.,0.708549502291756,
1.),(1.,0.707106781186548,1.)))
REPRESENTATION_ITEM('')
SURFACE()
);
#30=(
BOUNDED_SURFACE()
B_SPLINE_SURFACE(3,2,((#7386,#7387,#7388),(#7389,#7390,#7391),(#7392,#7393,
#7394),(#7395,#7396,#7397)),.UNSPECIFIED.,.F.,.F.,.F.)
B_SPLINE_SURFACE_WITH_KNOTS((4,4),(3,3),(3.46944695195361E-18,0.00387356082228115),
(0.,1.),.UNSPECIFIED.)
GEOMETRIC_REPRESENTATION_ITEM()
RATIONAL_B_SPLINE_SURFACE(((1.,0.707106781186548,1.),(1.,0.707106781186548,
1.),(1.,0.707106781186548,1.),(1.,0.707106781186548,1.)))
REPRESENTATION_ITEM('')
SURFACE()
);
#31=(
BOUNDED_SURFACE()
B_SPLINE_SURFACE(3,2,((#7407,#7408,#7409),(#7410,#7411,#7412),(#7413,#7414,
#7415),(#7416,#7417,#7418)),.UNSPECIFIED.,.F.,.F.,.F.)
B_SPLINE_SURFACE_WITH_KNOTS((4,4),(3,3),(-1.95156391047391E-18,0.00128138669477395),
(0.,1.),.UNSPECIFIED.)
GEOMETRIC_REPRESENTATION_ITEM()
RATIONAL_B_SPLINE_SURFACE(((1.,0.707106781186552,1.),(1.,0.708215386381352,
1.),(1.,0.715993081129732,1.),(1.,0.728682267369774,1.)))
REPRESENTATION_ITEM('')
SURFACE()
);
#32=(
BOUNDED_SURFACE()
B_SPLINE_SURFACE(3,2,((#7428,#7429,#7430),(#7431,#7432,#7433),(#7434,#7435,
#7436),(#7437,#7438,#7439),(#7440,#7441,#7442),(#7443,#7444,#7445),(#7446,
#7447,#7448),(#7449,#7450,#7451),(#7452,#7453,#7454),(#7455,#7456,#7457),
(#7458,#7459,#7460),(#7461,#7462,#7463),(#7464,#7465,#7466),(#7467,#7468,
#7469),(#7470,#7471,#7472),(#7473,#7474,#7475),(#7476,#7477,#7478),(#7479,
#7480,#7481),(#7482,#7483,#7484),(#7485,#7486,#7487)),.UNSPECIFIED.,.F.,
 .F.,.F.)
B_SPLINE_SURFACE_WITH_KNOTS((4,2,2,2,2,2,2,2,2,4),(3,3),(-0.000125783485495467,
0.000391646126064642,0.000783292252129229,0.0015665845042584,0.00234987675638758,
0.00313316900851675,0.00391646126064593,0.0046997535127751,0.00548304576490428,
0.00639212150252854),(0.,1.00082131246475),.UNSPECIFIED.)
GEOMETRIC_REPRESENTATION_ITEM()
RATIONAL_B_SPLINE_SURFACE(((1.,0.993116574624374,1.00001130688612),(1.,
0.994185887689568,1.00000955040582),(1.,0.99296877077413,1.00001154967241),
(1.,0.98880363944497,1.00001839142097),(1.,0.986336068478288,1.00002244471455),
(1.,0.977702590542087,1.00003662628064),(1.,0.970313382353529,1.00004876397822),
(1.,0.95273261300135,1.00007764258824),(1.,0.942479146213509,1.0000944851884),
(1.,0.919708571054391,1.00013188870281),(1.,0.907139539947683,1.00015253490665),
(1.,0.879830062826339,1.00019739413458),(1.,0.865085246050558,1.00022161433819),
(1.,0.833696525124413,1.00027317423369),(1.,0.817196443841857,1.00030027767855),
(1.,0.784083319755068,1.00035467012167),(1.,0.767322012602227,1.00038220266265),
(1.,0.732483184924772,1.0004394297895),(1.,0.715136064665958,1.0004679246017),
(1.,0.700716914451757,1.0004916098573)))
REPRESENTATION_ITEM('')
SURFACE()
);
#33=(
BOUNDED_SURFACE()
B_SPLINE_SURFACE(3,2,((#7625,#7626,#7627),(#7628,#7629,#7630),(#7631,#7632,
#7633),(#7634,#7635,#7636),(#7637,#7638,#7639),(#7640,#7641,#7642),(#7643,
#7644,#7645),(#7646,#7647,#7648),(#7649,#7650,#7651),(#7652,#7653,#7654),
(#7655,#7656,#7657),(#7658,#7659,#7660),(#7661,#7662,#7663),(#7664,#7665,
#7666),(#7667,#7668,#7669),(#7670,#7671,#7672)),.UNSPECIFIED.,.F.,.F.,.F.)
B_SPLINE_SURFACE_WITH_KNOTS((4,2,2,2,2,2,2,4),(3,3),(6.93889390390723E-18,
0.000585813916008287,0.00117162783201657,0.00175744174802485,0.00234325566403313,
0.00292906958004141,0.00351488349604969,0.00468651132806625),(0.,1.),
 .UNSPECIFIED.)
GEOMETRIC_REPRESENTATION_ITEM()
RATIONAL_B_SPLINE_SURFACE(((1.,0.707106781186548,1.),(1.,0.706983040885754,
1.),(1.,0.706860930238309,1.),(1.,0.706619916968712,1.),(1.,0.706499750222228,
1.),(1.,0.706269860097447,1.),(1.,0.70616046129595,1.),(1.,0.705952854121985,
1.),(1.,0.705854242555391,1.),(1.,0.705677072451488,1.),(1.,0.705597351096306,
1.),(1.,0.705456301175508,1.),(1.,0.705396192363927,1.),(1.,0.705251260301599,
1.),(1.,0.705199263822361,1.),(1.,0.705199706574335,1.)))
REPRESENTATION_ITEM('')
SURFACE()
);
#34=(
BOUNDED_SURFACE()
B_SPLINE_SURFACE(3,2,((#7680,#7681,#7682),(#7683,#7684,#7685),(#7686,#7687,
#7688),(#7689,#7690,#7691),(#7692,#7693,#7694),(#7695,#7696,#7697),(#7698,
#7699,#7700),(#7701,#7702,#7703),(#7704,#7705,#7706),(#7707,#7708,#7709),
(#7710,#7711,#7712),(#7713,#7714,#7715),(#7716,#7717,#7718),(#7719,#7720,
#7721),(#7722,#7723,#7724),(#7725,#7726,#7727)),.UNSPECIFIED.,.F.,.F.,.F.)
B_SPLINE_SURFACE_WITH_KNOTS((4,2,2,2,2,2,2,4),(3,3),(0.,0.000585813910174124,
0.00117162782034825,0.00175744173052237,0.0023432556406965,0.00292906955087062,
0.00351488346104474,0.00468651128139299),(0.,1.),.UNSPECIFIED.)
GEOMETRIC_REPRESENTATION_ITEM()
RATIONAL_B_SPLINE_SURFACE(((1.,0.705199706574335,1.),(1.,0.705199750808966,
1.),(1.,0.705212276004258,1.),(1.,0.705261476436955,1.),(1.,0.70529870222653,
1.),(1.,0.705395739462532,1.),(1.,0.705455060065613,1.),(1.,0.705594899775325,
1.),(1.,0.705676163219207,1.),(1.,0.705853209607481,1.),(1.,0.705949600520625,
1.),(1.,0.706158243908267,1.),(1.,0.706269072478444,1.),(1.,0.706611579519659,
1.),(1.,0.706860256270469,1.),(1.,0.707106781186548,1.)))
REPRESENTATION_ITEM('')
SURFACE()
);
#35=(
BOUNDED_SURFACE()
B_SPLINE_SURFACE(3,2,((#8093,#8094,#8095),(#8096,#8097,#8098),(#8099,#8100,
#8101),(#8102,#8103,#8104),(#8105,#8106,#8107),(#8108,#8109,#8110),(#8111,
#8112,#8113),(#8114,#8115,#8116),(#8117,#8118,#8119),(#8120,#8121,#8122),
(#8123,#8124,#8125),(#8126,#8127,#8128),(#8129,#8130,#8131),(#8132,#8133,
#8134)),.UNSPECIFIED.,.F.,.F.,.F.)
B_SPLINE_SURFACE_WITH_KNOTS((4,2,2,2,2,2,4),(3,3),(6.28318530717959,6.47953484802895,
6.67588438887831,6.87223392972767,7.06858347057703,7.46128255227576,7.85398163397448),
(0.,1.),.UNSPECIFIED.)
GEOMETRIC_REPRESENTATION_ITEM()
RATIONAL_B_SPLINE_SURFACE(((1.,0.707106781186548,1.),(1.,0.707071726684659,
1.),(1.,0.711746004782913,1.),(1.,0.729128891760401,1.),(1.,0.741833420926087,
1.),(1.,0.772396818771114,1.),(1.,0.790218011288038,1.),(1.,0.827594266955307,
1.),(1.,0.847131662331133,1.),(1.,0.903812886691048,1.),(1.,0.938655652377215,
1.),(1.,0.986729187385094,1.),(1.,1.00015858217394,1.),(1.,1.,1.)))
REPRESENTATION_ITEM('')
SURFACE()
);
#36=(
BOUNDED_SURFACE()
B_SPLINE_SURFACE(3,3,((#8234,#8235,#8236,#8237,#8238,#8239),(#8240,#8241,
#8242,#8243,#8244,#8245),(#8246,#8247,#8248,#8249,#8250,#8251),(#8252,#8253,
#8254,#8255,#8256,#8257)),.UNSPECIFIED.,.F.,.F.,.F.)
B_SPLINE_SURFACE_WITH_KNOTS((4,4),(4,2,4),(0.,1.),(0.,0.151554380003485,
1.),.UNSPECIFIED.)
GEOMETRIC_REPRESENTATION_ITEM()
RATIONAL_B_SPLINE_SURFACE(((1.,1.,1.,1.,1.,1.),(0.804737854124362,0.804737854124362,
0.804737854124362,0.804737854124362,0.804737854124362,0.804737854124362),
(0.804737854124362,0.804737854124362,0.804737854124362,0.804737854124362,
0.804737854124362,0.804737854124362),(1.,1.,1.,1.,1.,1.)))
REPRESENTATION_ITEM('')
SURFACE()
);
#37=(
BOUNDED_SURFACE()
B_SPLINE_SURFACE(3,3,((#8264,#8265,#8266,#8267,#8268,#8269),(#8270,#8271,
#8272,#8273,#8274,#8275),(#8276,#8277,#8278,#8279,#8280,#8281),(#8282,#8283,
#8284,#8285,#8286,#8287)),.UNSPECIFIED.,.F.,.F.,.F.)
B_SPLINE_SURFACE_WITH_KNOTS((4,4),(4,2,4),(0.,1.),(0.,0.151554380003485,
1.),.UNSPECIFIED.)
GEOMETRIC_REPRESENTATION_ITEM()
RATIONAL_B_SPLINE_SURFACE(((1.,1.,1.,1.,1.,1.),(0.804737854124365,0.804737854124365,
0.804737854124365,0.804737854124365,0.804737854124365,0.804737854124365),
(0.804737854124365,0.804737854124365,0.804737854124365,0.804737854124365,
0.804737854124365,0.804737854124365),(1.,1.,1.,1.,1.,1.)))
REPRESENTATION_ITEM('')
SURFACE()
);
#38=(
BOUNDED_SURFACE()
B_SPLINE_SURFACE(3,2,((#8303,#8304,#8305),(#8306,#8307,#8308),(#8309,#8310,
#8311),(#8312,#8313,#8314)),.UNSPECIFIED.,.F.,.F.,.F.)
B_SPLINE_SURFACE_WITH_KNOTS((4,4),(3,3),(1.60461921527855E-17,0.00387356082200357),
(0.,1.),.UNSPECIFIED.)
GEOMETRIC_REPRESENTATION_ITEM()
RATIONAL_B_SPLINE_SURFACE(((1.,0.707106781186548,1.),(1.,0.707106781186548,
1.),(1.,0.707106781186543,1.),(1.,0.707106781186543,1.)))
REPRESENTATION_ITEM('')
SURFACE()
);
#39=(
BOUNDED_SURFACE()
B_SPLINE_SURFACE(3,3,((#8506,#8507,#8508,#8509,#8510,#8511),(#8512,#8513,
#8514,#8515,#8516,#8517),(#8518,#8519,#8520,#8521,#8522,#8523),(#8524,#8525,
#8526,#8527,#8528,#8529)),.UNSPECIFIED.,.F.,.F.,.F.)
B_SPLINE_SURFACE_WITH_KNOTS((4,4),(4,2,4),(0.,1.),(0.,0.101636916604825,
1.),.UNSPECIFIED.)
GEOMETRIC_REPRESENTATION_ITEM()
RATIONAL_B_SPLINE_SURFACE(((1.,1.,1.,1.,1.,1.),(0.804737854124362,0.804737854124362,
0.804737854124362,0.804737854124362,0.804737854124362,0.804737854124362),
(0.804737854124362,0.804737854124362,0.804737854124362,0.804737854124362,
0.804737854124362,0.804737854124362),(1.,1.,1.,1.,1.,1.)))
REPRESENTATION_ITEM('')
SURFACE()
);
#40=(
BOUNDED_SURFACE()
B_SPLINE_SURFACE(3,3,((#8582,#8583,#8584,#8585,#8586,#8587),(#8588,#8589,
#8590,#8591,#8592,#8593),(#8594,#8595,#8596,#8597,#8598,#8599),(#8600,#8601,
#8602,#8603,#8604,#8605)),.UNSPECIFIED.,.F.,.F.,.F.)
B_SPLINE_SURFACE_WITH_KNOTS((4,4),(4,2,4),(0.,1.),(0.,0.101636916604825,
1.),.UNSPECIFIED.)
GEOMETRIC_REPRESENTATION_ITEM()
RATIONAL_B_SPLINE_SURFACE(((1.,1.,1.,1.,1.,1.),(0.804737854124363,0.804737854124363,
0.804737854124363,0.804737854124363,0.804737854124363,0.804737854124363),
(0.804737854124363,0.804737854124363,0.804737854124363,0.804737854124363,
0.804737854124363,0.804737854124363),(1.,1.,1.,1.,1.,1.)))
REPRESENTATION_ITEM('')
SURFACE()
);
#41=(
BOUNDED_SURFACE()
B_SPLINE_SURFACE(3,3,((#8672,#8673,#8674,#8675,#8676,#8677),(#8678,#8679,
#8680,#8681,#8682,#8683),(#8684,#8685,#8686,#8687,#8688,#8689),(#8690,#8691,
#8692,#8693,#8694,#8695)),.UNSPECIFIED.,.F.,.F.,.F.)
B_SPLINE_SURFACE_WITH_KNOTS((4,4),(4,2,4),(0.,1.),(0.,0.101636916604825,
1.),.UNSPECIFIED.)
GEOMETRIC_REPRESENTATION_ITEM()
RATIONAL_B_SPLINE_SURFACE(((1.,1.,1.,1.,1.,1.),(0.804737854124363,0.804737854124363,
0.804737854124363,0.804737854124363,0.804737854124363,0.804737854124363),
(0.804737854124363,0.804737854124363,0.804737854124363,0.804737854124363,
0.804737854124363,0.804737854124363),(1.,1.,1.,1.,1.,1.)))
REPRESENTATION_ITEM('')
SURFACE()
);
#42=(
BOUNDED_SURFACE()
B_SPLINE_SURFACE(3,2,((#8752,#8753,#8754),(#8755,#8756,#8757),(#8758,#8759,
#8760),(#8761,#8762,#8763)),.UNSPECIFIED.,.F.,.F.,.F.)
B_SPLINE_SURFACE_WITH_KNOTS((4,4),(3,3),(0.,0.00128138669480854),(0.,1.),
 .UNSPECIFIED.)
GEOMETRIC_REPRESENTATION_ITEM()
RATIONAL_B_SPLINE_SURFACE(((1.,0.707106781186543,1.),(1.,0.708215386381384,
1.),(1.,0.715993081130141,1.),(1.,0.728682267370798,1.)))
REPRESENTATION_ITEM('')
SURFACE()
);
#43=(
BOUNDED_SURFACE()
B_SPLINE_SURFACE(2,2,((#8767,#8768,#8769),(#8770,#8771,#8772),(#8773,#8774,
#8775),(#8776,#8777,#8778),(#8779,#8780,#8781)),.UNSPECIFIED.,.F.,.F.,.F.)
B_SPLINE_SURFACE_WITH_KNOTS((3,2,3),(3,3),(-1.57079633292606,-0.785398166463028,
0.),(0.0127155904503158,0.0329134091438155),.UNSPECIFIED.)
GEOMETRIC_REPRESENTATION_ITEM()
RATIONAL_B_SPLINE_SURFACE(((1.,0.999949006448399,1.),(0.92387953192481,
0.923832420026226,0.92387953192481),(1.,0.999949006448399,1.),(0.92387953192465,
0.923832420026066,0.92387953192465),(1.,0.999949006448399,1.)))
REPRESENTATION_ITEM('')
SURFACE()
);
#44=(
BOUNDED_SURFACE()
B_SPLINE_SURFACE(3,2,((#8783,#8784,#8785),(#8786,#8787,#8788),(#8789,#8790,
#8791),(#8792,#8793,#8794),(#8795,#8796,#8797),(#8798,#8799,#8800),(#8801,
#8802,#8803),(#8804,#8805,#8806),(#8807,#8808,#8809),(#8810,#8811,#8812),
(#8813,#8814,#8815),(#8816,#8817,#8818),(#8819,#8820,#8821),(#8822,#8823,
#8824),(#8825,#8826,#8827),(#8828,#8829,#8830)),.UNSPECIFIED.,.F.,.F.,.F.)
B_SPLINE_SURFACE_WITH_KNOTS((4,2,2,2,2,2,2,4),(3,3),(4.71238898038469,5.10508806208341,
5.30143760293278,5.49778714378214,5.6941366846315,5.89048622548086,6.08683576633022,
6.28318530717959),(0.,1.),.UNSPECIFIED.)
GEOMETRIC_REPRESENTATION_ITEM()
RATIONAL_B_SPLINE_SURFACE(((1.,1.,1.),(1.,1.00015858177298,1.),(1.,0.986729187918958,
1.),(1.,0.950674035862255,1.),(1.,0.936042183487462,1.),(1.,0.903165100198933,
1.),(1.,0.884919145930242,1.),(1.,0.847131661638634,1.),(1.,0.827594267919833,
1.),(1.,0.790218010323511,1.),(1.,0.772396819884268,1.),(1.,0.741833419812936,
1.),(1.,0.7291288925856,1.),(1.,0.711746003957714,1.),(1.,0.707071727304428,
1.),(1.,0.707106781186548,1.)))
REPRESENTATION_ITEM('')
SURFACE()
);
#45=(
BOUNDED_SURFACE()
B_SPLINE_SURFACE(3,2,((#8831,#8832,#8833),(#8834,#8835,#8836),(#8837,#8838,
#8839),(#8840,#8841,#8842),(#8843,#8844,#8845),(#8846,#8847,#8848),(#8849,
#8850,#8851),(#8852,#8853,#8854),(#8855,#8856,#8857),(#8858,#8859,#8860),
(#8861,#8862,#8863),(#8864,#8865,#8866),(#8867,#8868,#8869),(#8870,#8871,
#8872),(#8873,#8874,#8875),(#8876,#8877,#8878),(#8879,#8880,#8881),(#8882,
#8883,#8884),(#8885,#8886,#8887),(#8888,#8889,#8890)),.UNSPECIFIED.,.F.,
 .F.,.F.)
B_SPLINE_SURFACE_WITH_KNOTS((4,2,2,2,2,2,2,2,2,4),(3,3),(-2.17223126548566E-5,
0.000776105329826463,0.00155221065965293,0.00232831598947939,0.00310442131930585,
0.00388052664913232,0.00465663197895878,0.00543273730878524,0.00582078997369848,
0.00623056495126612),(0.,1.00069925715832),.UNSPECIFIED.)
GEOMETRIC_REPRESENTATION_ITEM()
RATIONAL_B_SPLINE_SURFACE(((0.999999999999999,0.705804232362294,1.00041143699294),
(1.,0.719188204812333,1.00039271931585),(1.,0.734620061287099,1.00037113764364),
(1.,0.76692161203089,1.00032596346248),(1.,0.783903264643818,1.00030221437818),
(1.,0.817171428329583,1.00025568837497),(1.,0.833475804993634,1.00023288647078),
(1.,0.864656944427965,1.00018927920088),(1.,0.8796180024777,1.000168355947),
(1.,0.907272222326046,1.00012968112463),(1.,0.919881003656586,1.00011204756342),
(1.,0.942580357882105,1.00008030219156),(1.,0.952675221938785,1.00006618437965),
(1.,0.970218213006984,1.00004165025548),(1.,0.977738185947608,1.00003113346567),
(1.,0.986377026038428,1.00001905192412),(1.,0.988827367869577,1.00001562508599),
(1.,0.992498734039186,1.00001049062784),(1.,0.993650772879902,1.00000887948503),
(1.,0.993494164205989,1.0000090985045)))
REPRESENTATION_ITEM('')
SURFACE()
);
#46=(
BOUNDED_SURFACE()
B_SPLINE_SURFACE(3,2,((#9018,#9019,#9020),(#9021,#9022,#9023),(#9024,#9025,
#9026),(#9027,#9028,#9029),(#9030,#9031,#9032),(#9033,#9034,#9035),(#9036,
#9037,#9038),(#9039,#9040,#9041),(#9042,#9043,#9044),(#9045,#9046,#9047),
(#9048,#9049,#9050),(#9051,#9052,#9053),(#9054,#9055,#9056),(#9057,#9058,
#9059),(#9060,#9061,#9062),(#9063,#9064,#9065)),.UNSPECIFIED.,.F.,.F.,.F.)
B_SPLINE_SURFACE_WITH_KNOTS((4,2,2,2,2,2,2,4),(3,3),(3.1725817852352,3.36505768462889,
3.55753358402257,3.75000948341626,3.94248538280995,4.13496128220363,4.32743718159732,
4.71238898038469),(0.,1.),.UNSPECIFIED.)
GEOMETRIC_REPRESENTATION_ITEM()
RATIONAL_B_SPLINE_SURFACE(((1.,0.707446117704606,1.),(1.,0.708819804743088,
1.),(1.,0.714690436220546,1.),(1.,0.733833580043568,1.),(1.,0.747099186444836,
1.),(1.,0.778192299888219,1.),(1.,0.795987596318487,1.),(1.,0.832933050341683,
1.),(1.,0.852068850190764,1.),(1.,0.888903341412915,1.),(1.,0.906598884933378,
1.),(1.,0.938408110330316,1.),(1.,0.952522559878061,1.),(1.,0.987263645685514,
1.),(1.,1.00014630857364,1.),(1.,1.,1.)))
REPRESENTATION_ITEM('')
SURFACE()
);
#47=(
BOUNDED_SURFACE()
B_SPLINE_SURFACE(3,2,((#9067,#9068,#9069),(#9070,#9071,#9072),(#9073,#9074,
#9075),(#9076,#9077,#9078)),.UNSPECIFIED.,.F.,.F.,.F.)
B_SPLINE_SURFACE_WITH_KNOTS((4,4),(3,3),(0.000840357534547788,0.000916957072542488),
(0.,1.),.UNSPECIFIED.)
GEOMETRIC_REPRESENTATION_ITEM()
RATIONAL_B_SPLINE_SURFACE(((1.,0.707106781186538,1.),(1.,0.707222003340645,
1.),(1.,0.707335103728069,1.),(1.,0.707446117704606,1.)))
REPRESENTATION_ITEM('')
SURFACE()
);
#48=(
BOUNDED_SURFACE()
B_SPLINE_SURFACE(3,2,((#9079,#9080,#9081),(#9082,#9083,#9084),(#9085,#9086,
#9087),(#9088,#9089,#9090),(#9091,#9092,#9093),(#9094,#9095,#9096),(#9097,
#9098,#9099),(#9100,#9101,#9102),(#9103,#9104,#9105),(#9106,#9107,#9108),
(#9109,#9110,#9111),(#9112,#9113,#9114),(#9115,#9116,#9117),(#9118,#9119,
#9120)),.UNSPECIFIED.,.F.,.F.,.F.)
B_SPLINE_SURFACE_WITH_KNOTS((4,2,2,2,2,2,4),(3,3),(-2.48135232667687E-5,
0.00163816326981157,0.00327632653962313,0.00409540817452892,0.0049144898094347,
0.00573357144434048,0.00657746660251304),(0.,1.00002481352327),
 .UNSPECIFIED.)
GEOMETRIC_REPRESENTATION_ITEM()
RATIONAL_B_SPLINE_SURFACE(((1.,0.719546493705243,1.00001391807921),(1.,
0.719556089215526,1.00001391760301),(1.,0.719206464163254,1.00001393495387),
(1.,0.717874594167807,1.00001400105064),(1.,0.716935581575517,1.00001404765107),
(1.,0.715271679117561,1.00001413022563),(1.,0.714683446517002,1.00001415941788),
(1.,0.713488732198278,1.00001421870802),(1.,0.712879503456863,1.00001424894224),
(1.,0.711666780368692,1.00001430912611),(1.,0.711071792935174,1.00001433865358),
(1.,0.709937304536779,1.00001439495489),(1.,0.709395706778886,1.00001442183278),
(1.,0.708900114072643,1.00001444642758)))
REPRESENTATION_ITEM('')
SURFACE()
);
#49=(
BOUNDED_SURFACE()
B_SPLINE_SURFACE(3,2,((#9123,#9124,#9125),(#9126,#9127,#9128),(#9129,#9130,
#9131),(#9132,#9133,#9134),(#9135,#9136,#9137),(#9138,#9139,#9140),(#9141,
#9142,#9143),(#9144,#9145,#9146),(#9147,#9148,#9149),(#9150,#9151,#9152),
(#9153,#9154,#9155),(#9156,#9157,#9158),(#9159,#9160,#9161),(#9162,#9163,
#9164)),.UNSPECIFIED.,.F.,.F.,.F.)
B_SPLINE_SURFACE_WITH_KNOTS((4,2,2,2,2,2,4),(3,3),(-2.48135192069104E-5,
0.00163816326981941,0.00327632653963881,0.00409540817454852,0.00491448980945822,
0.00573357144436793,0.00657746659848454),(-2.48135192069104E-5,1.),
 .UNSPECIFIED.)
GEOMETRIC_REPRESENTATION_ITEM()
RATIONAL_B_SPLINE_SURFACE(((1.00001391807693,0.719546493706488,1.),(1.00001391760073,
0.719556089214418,1.),(1.00001393495159,0.719206464163107,1.),(1.00001400104835,
0.717874594167874,1.),(1.00001404764877,0.716935581569445,1.),(1.00001413022332,
0.715271679120963,1.),(1.00001415941556,0.714683446516742,1.),(1.00001421870569,
0.713488732198534,1.),(1.00001424893991,0.712879503455547,1.),(1.00001430912377,
0.711666780369823,1.),(1.00001433865123,0.711071792937844,1.),(1.00001439495253,
0.709937304536923,1.),(1.00001442183042,0.709395706786725,1.),(1.00001444642522,
0.708900114080044,1.)))
REPRESENTATION_ITEM('')
SURFACE()
);
#50=(
BOUNDED_SURFACE()
B_SPLINE_SURFACE(3,3,((#9165,#9166,#9167,#9168,#9169,#9170),(#9171,#9172,
#9173,#9174,#9175,#9176),(#9177,#9178,#9179,#9180,#9181,#9182),(#9183,#9184,
#9185,#9186,#9187,#9188)),.UNSPECIFIED.,.F.,.F.,.F.)
B_SPLINE_SURFACE_WITH_KNOTS((4,4),(4,2,4),(0.,1.),(0.,0.101636916604825,
1.),.UNSPECIFIED.)
GEOMETRIC_REPRESENTATION_ITEM()
RATIONAL_B_SPLINE_SURFACE(((1.,1.,1.,1.,1.,1.),(0.804737854124363,0.804737854124363,
0.804737854124363,0.804737854124363,0.804737854124363,0.804737854124363),
(0.804737854124363,0.804737854124363,0.804737854124363,0.804737854124363,
0.804737854124363,0.804737854124363),(1.,1.,1.,1.,1.,1.)))
REPRESENTATION_ITEM('')
SURFACE()
);
#51=(
BOUNDED_SURFACE()
B_SPLINE_SURFACE(3,2,((#9244,#9245,#9246),(#9247,#9248,#9249),(#9250,#9251,
#9252),(#9253,#9254,#9255),(#9256,#9257,#9258),(#9259,#9260,#9261),(#9262,
#9263,#9264),(#9265,#9266,#9267),(#9268,#9269,#9270),(#9271,#9272,#9273),
(#9274,#9275,#9276),(#9277,#9278,#9279)),.UNSPECIFIED.,.F.,.F.,.F.)
B_SPLINE_SURFACE_WITH_KNOTS((4,2,2,2,2,4),(3,3),(0.,0.000390541381654391,
0.000585812072481586,0.000781082763308781,0.00117162414496317,0.00156216552661756),
(0.,1.),.UNSPECIFIED.)
GEOMETRIC_REPRESENTATION_ITEM()
RATIONAL_B_SPLINE_SURFACE(((1.,0.707106781186547,1.),(1.,0.706922074548439,
1.),(1.,0.70673754904777,1.),(1.,0.706481730751855,1.),(1.,0.706400886717602,
1.),(1.,0.70624794911334,1.),(1.,0.706175565524529,1.),(1.,0.705981003234745,
1.),(1.,0.705876319865375,1.),(1.,0.705736094763003,1.),(1.,0.705698551827175,
1.),(1.,0.705698853814295,1.)))
REPRESENTATION_ITEM('')
SURFACE()
);
#52=(
BOUNDED_SURFACE()
B_SPLINE_SURFACE(3,2,((#9329,#9330,#9331),(#9332,#9333,#9334),(#9335,#9336,
#9337),(#9338,#9339,#9340),(#9341,#9342,#9343),(#9344,#9345,#9346),(#9347,
#9348,#9349),(#9350,#9351,#9352),(#9353,#9354,#9355),(#9356,#9357,#9358),
(#9359,#9360,#9361),(#9362,#9363,#9364)),.UNSPECIFIED.,.F.,.F.,.F.)
B_SPLINE_SURFACE_WITH_KNOTS((4,2,2,2,2,4),(3,3),(0.,0.000390542587491918,
0.000585813881237877,0.000781085174983836,0.00117162776247575,0.00156217034996767),
(0.,1.),.UNSPECIFIED.)
GEOMETRIC_REPRESENTATION_ITEM()
RATIONAL_B_SPLINE_SURFACE(((1.,0.708989902307513,1.),(1.,0.70899024112923,
1.),(1.,0.708940769124063,1.),(1.,0.70879866111781,1.),(1.,0.708740699756901,
1.),(1.,0.708603832923983,1.),(1.,0.708524194371617,1.),(1.,0.708263397226287,
1.),(1.,0.708053369997856,1.),(1.,0.707600990120886,1.),(1.,0.707353518823498,
1.),(1.,0.707106781186547,1.)))
REPRESENTATION_ITEM('')
SURFACE()
);
#53=(
BOUNDED_SURFACE()
B_SPLINE_SURFACE(3,2,((#9414,#9415,#9416),(#9417,#9418,#9419),(#9420,#9421,
#9422),(#9423,#9424,#9425),(#9426,#9427,#9428),(#9429,#9430,#9431),(#9432,
#9433,#9434),(#9435,#9436,#9437),(#9438,#9439,#9440),(#9441,#9442,#9443),
(#9444,#9445,#9446),(#9447,#9448,#9449)),.UNSPECIFIED.,.F.,.F.,.F.)
B_SPLINE_SURFACE_WITH_KNOTS((4,2,2,2,2,4),(3,3),(0.,0.000390542591488573,
0.000585813887232859,0.000781085182977146,0.00117162777446572,0.00156217036595429),
(0.,1.),.UNSPECIFIED.)
GEOMETRIC_REPRESENTATION_ITEM()
RATIONAL_B_SPLINE_SURFACE(((1.,0.707106781186548,1.),(1.,0.707352094647937,
1.),(1.,0.707597898635239,1.),(1.,0.707939497308607,1.),(1.,0.708047593826534,
1.),(1.,0.70825230644162,1.),(1.,0.708349314028929,1.),(1.,0.708610296969734,
1.),(1.,0.70875105172953,1.),(1.,0.708939718812942,1.),(1.,0.708990317460944,
1.),(1.,0.708989902307509,1.)))
REPRESENTATION_ITEM('')
SURFACE()
);
#54=(
BOUNDED_SURFACE()
B_SPLINE_SURFACE(3,2,((#9500,#9501,#9502),(#9503,#9504,#9505),(#9506,#9507,
#9508),(#9509,#9510,#9511),(#9512,#9513,#9514),(#9515,#9516,#9517),(#9518,
#9519,#9520),(#9521,#9522,#9523),(#9524,#9525,#9526),(#9527,#9528,#9529),
(#9530,#9531,#9532),(#9533,#9534,#9535)),.UNSPECIFIED.,.F.,.F.,.F.)
B_SPLINE_SURFACE_WITH_KNOTS((4,2,2,2,2,4),(3,3),(0.,0.000390541379341187,
0.00058581206901178,0.000781082758682374,0.00117162413802356,0.00156216551736475),
(0.,1.),.UNSPECIFIED.)
GEOMETRIC_REPRESENTATION_ITEM()
RATIONAL_B_SPLINE_SURFACE(((1.,0.705698853819181,1.),(1.,0.705698608823798,
1.),(1.,0.705735314448812,1.),(1.,0.705840934461784,1.),(1.,0.705884031160943,
1.),(1.,0.705985886739066,1.),(1.,0.706045192988424,1.),(1.,0.706239615489676,
1.),(1.,0.706396455057963,1.),(1.,0.706735231990715,1.),(1.,0.706921001531171,
1.),(1.,0.707106781186547,1.)))
REPRESENTATION_ITEM('')
SURFACE()
);
#55=(
BOUNDED_SURFACE()
B_SPLINE_SURFACE(3,2,((#11807,#11808,#11809),(#11810,#11811,#11812),(#11813,
#11814,#11815),(#11816,#11817,#11818),(#11819,#11820,#11821),(#11822,#11823,
#11824),(#11825,#11826,#11827),(#11828,#11829,#11830),(#11831,#11832,#11833),
(#11834,#11835,#11836),(#11837,#11838,#11839),(#11840,#11841,#11842),(#11843,
#11844,#11845),(#11846,#11847,#11848),(#11849,#11850,#11851),(#11852,#11853,
#11854),(#11855,#11856,#11857),(#11858,#11859,#11860),(#11861,#11862,#11863),
(#11864,#11865,#11866)),.UNSPECIFIED.,.F.,.F.,.F.)
B_SPLINE_SURFACE_WITH_KNOTS((4,2,2,2,2,2,2,2,2,4),(3,3),(0.,0.000479964176278612,
0.000719946264417918,0.000959928352557224,0.00119991044069653,0.00143989252883584,
0.00191985670511445,0.00239982088139306,0.00287978505767167,0.0038397134102289),
(0.,1.),.UNSPECIFIED.)
GEOMETRIC_REPRESENTATION_ITEM()
RATIONAL_B_SPLINE_SURFACE(((1.,0.700809061413075,1.),(1.,0.70079062100558,
1.),(1.,0.708016514660711,1.),(1.,0.727002903447226,1.),(1.,0.734643913038821,
1.),(1.,0.75142463975646,1.),(1.,0.760612474384076,1.),(1.,0.779954431173059,
1.),(1.,0.790131393304699,1.),(1.,0.810423127243876,1.),(1.,0.820604069761089,
1.),(1.,0.850736583007984,1.),(1.,0.870407242478065,1.),(1.,0.906085200088149,
1.),(1.,0.922061709864201,1.),(1.,0.949854499551595,1.),(1.,0.961697829420933,
1.),(1.,0.990384505153278,1.),(1.,0.999953577635804,1.),(1.,1.,1.)))
REPRESENTATION_ITEM('')
SURFACE()
);
#56=(
BOUNDED_SURFACE()
B_SPLINE_SURFACE(3,3,((#11967,#11968,#11969,#11970,#11971,#11972),(#11973,
#11974,#11975,#11976,#11977,#11978),(#11979,#11980,#11981,#11982,#11983,
#11984),(#11985,#11986,#11987,#11988,#11989,#11990)),.UNSPECIFIED.,.F.,
 .F.,.F.)
B_SPLINE_SURFACE_WITH_KNOTS((4,4),(4,2,4),(0.,1.),(0.,0.151554380003485,
1.),.UNSPECIFIED.)
GEOMETRIC_REPRESENTATION_ITEM()
RATIONAL_B_SPLINE_SURFACE(((1.,1.,1.,1.,1.,1.),(0.804737854123586,0.804737854123586,
0.804737854123586,0.804737854123586,0.804737854123586,0.804737854123586),
(0.804737854123586,0.804737854123586,0.804737854123586,0.804737854123586,
0.804737854123586,0.804737854123586),(1.,1.,1.,1.,1.,1.)))
REPRESENTATION_ITEM('')
SURFACE()
);
#57=(
BOUNDED_SURFACE()
B_SPLINE_SURFACE(3,3,((#12000,#12001,#12002,#12003,#12004,#12005),(#12006,
#12007,#12008,#12009,#12010,#12011),(#12012,#12013,#12014,#12015,#12016,
#12017),(#12018,#12019,#12020,#12021,#12022,#12023)),.UNSPECIFIED.,.F.,
 .F.,.F.)
B_SPLINE_SURFACE_WITH_KNOTS((4,4),(4,2,4),(0.,1.),(0.,0.151554380003485,
1.),.UNSPECIFIED.)
GEOMETRIC_REPRESENTATION_ITEM()
RATIONAL_B_SPLINE_SURFACE(((1.,1.,1.,1.,1.,1.),(0.804737854125142,0.804737854125142,
0.804737854125142,0.804737854125142,0.804737854125142,0.804737854125142),
(0.804737854125142,0.804737854125142,0.804737854125142,0.804737854125142,
0.804737854125142,0.804737854125142),(1.,1.,1.,1.,1.,1.)))
REPRESENTATION_ITEM('')
SURFACE()
);
#58=(
BOUNDED_SURFACE()
B_SPLINE_SURFACE(3,2,((#12120,#12121,#12122),(#12123,#12124,#12125),(#12126,
#12127,#12128),(#12129,#12130,#12131),(#12132,#12133,#12134),(#12135,#12136,
#12137),(#12138,#12139,#12140),(#12141,#12142,#12143),(#12144,#12145,#12146),
(#12147,#12148,#12149),(#12150,#12151,#12152),(#12153,#12154,#12155),(#12156,
#12157,#12158),(#12159,#12160,#12161),(#12162,#12163,#12164),(#12165,#12166,
#12167)),.UNSPECIFIED.,.F.,.F.,.F.)
B_SPLINE_SURFACE_WITH_KNOTS((4,2,2,2,2,2,2,4),(3,3),(3.14159265358979,3.33794219443915,
3.53429173528852,3.73064127613788,3.92699081698724,4.1233403578366,4.31968989868597,
4.71238898038469),(0.,1.),.UNSPECIFIED.)
GEOMETRIC_REPRESENTATION_ITEM()
RATIONAL_B_SPLINE_SURFACE(((1.,0.707106781186546,1.),(1.,0.707071727304106,
1.),(1.,0.711746003958141,1.),(1.,0.729128892585177,1.),(1.,0.741833419813121,
1.),(1.,0.772396819884083,1.),(1.,0.790218010323502,1.),(1.,0.827594267919839,
1.),(1.,0.84713166163872,1.),(1.,0.884919145930157,1.),(1.,0.903165100199088,
1.),(1.,0.93604218348731,1.),(1.,0.950674035862132,1.),(1.,0.986729187919206,
1.),(1.,1.00015858177279,1.),(1.,1.,1.)))
REPRESENTATION_ITEM('')
SURFACE()
);
#59=(
BOUNDED_SURFACE()
B_SPLINE_SURFACE(2,2,((#12242,#12243,#12244),(#12245,#12246,#12247),(#12248,
#12249,#12250),(#12251,#12252,#12253),(#12254,#12255,#12256)),
 .UNSPECIFIED.,.F.,.F.,.F.)
B_SPLINE_SURFACE_WITH_KNOTS((3,2,3),(3,3),(-5.32907051820077E-15,0.785398166463862,
1.57079633292773),(0.0127155904502976,0.0329133739628381),.UNSPECIFIED.)
GEOMETRIC_REPRESENTATION_ITEM()
RATIONAL_B_SPLINE_SURFACE(((1.,0.999949006626041,1.),(0.923879531924565,
0.9238324201901,0.923879531924565),(1.,0.999949006626041,1.),(0.923879531924527,
0.923832420190062,0.923879531924527),(1.,0.999949006626041,1.)))
REPRESENTATION_ITEM('')
SURFACE()
);
#60=(
BOUNDED_SURFACE()
B_SPLINE_SURFACE(3,2,((#12420,#12421,#12422),(#12423,#12424,#12425),(#12426,
#12427,#12428),(#12429,#12430,#12431),(#12432,#12433,#12434),(#12435,#12436,
#12437),(#12438,#12439,#12440),(#12441,#12442,#12443),(#12444,#12445,#12446),
(#12447,#12448,#12449),(#12450,#12451,#12452),(#12453,#12454,#12455),(#12456,
#12457,#12458),(#12459,#12460,#12461)),.UNSPECIFIED.,.F.,.F.,.F.)
B_SPLINE_SURFACE_WITH_KNOTS((4,2,2,2,2,2,4),(3,3),(6.28318530717959,6.47953484802895,
6.67588438887831,6.87223392972767,7.06858347057703,7.46128255227576,7.85398163397448),
(0.,1.),.UNSPECIFIED.)
GEOMETRIC_REPRESENTATION_ITEM()
RATIONAL_B_SPLINE_SURFACE(((1.,0.707106781186548,1.),(1.,0.707071726684658,
1.),(1.,0.711746004782914,1.),(1.,0.729128891760402,1.),(1.,0.741833420925909,
1.),(1.,0.772396818771294,1.),(1.,0.790218011288244,1.),(1.,0.827594266955097,
1.),(1.,0.847131662331364,1.),(1.,0.903812886690585,1.),(1.,0.938655652377395,
1.),(1.,0.986729187384918,1.),(1.,1.00015858217407,1.),(1.,1.,1.)))
REPRESENTATION_ITEM('')
SURFACE()
);
#61=(
BOUNDED_SURFACE()
B_SPLINE_SURFACE(3,2,((#12463,#12464,#12465),(#12466,#12467,#12468),(#12469,
#12470,#12471),(#12472,#12473,#12474)),.UNSPECIFIED.,.F.,.F.,.F.)
B_SPLINE_SURFACE_WITH_KNOTS((4,4),(3,3),(0.000840357534547894,0.000916957072542443),
(0.,1.),.UNSPECIFIED.)
GEOMETRIC_REPRESENTATION_ITEM()
RATIONAL_B_SPLINE_SURFACE(((1.,0.707106781186548,1.),(1.,0.707222003340617,
1.),(1.,0.707335103728083,1.),(1.,0.707446117704606,1.)))
REPRESENTATION_ITEM('')
SURFACE()
);
#62=(
BOUNDED_SURFACE()
B_SPLINE_SURFACE(3,2,((#12476,#12477,#12478),(#12479,#12480,#12481),(#12482,
#12483,#12484),(#12485,#12486,#12487),(#12488,#12489,#12490),(#12491,#12492,
#12493),(#12494,#12495,#12496),(#12497,#12498,#12499),(#12500,#12501,#12502),
(#12503,#12504,#12505),(#12506,#12507,#12508),(#12509,#12510,#12511),(#12512,
#12513,#12514),(#12515,#12516,#12517),(#12518,#12519,#12520),(#12521,#12522,
#12523)),.UNSPECIFIED.,.F.,.F.,.F.)
B_SPLINE_SURFACE_WITH_KNOTS((4,2,2,2,2,2,2,4),(3,3),(3.17258178523519,3.36505768462888,
3.55753358402256,3.75000948341625,3.94248538280994,4.13496128220363,4.32743718159731,
4.71238898038469),(0.,1.),.UNSPECIFIED.)
GEOMETRIC_REPRESENTATION_ITEM()
RATIONAL_B_SPLINE_SURFACE(((1.,0.707446117704605,1.),(1.,0.708819804743063,
1.),(1.,0.714690436220574,1.),(1.,0.733833580043541,1.),(1.,0.747099186444795,
1.),(1.,0.778192299888255,1.),(1.,0.795987596318494,1.),(1.,0.832933050341669,
1.),(1.,0.852068850190749,1.),(1.,0.888903341412922,1.),(1.,0.906598884933327,
1.),(1.,0.938408110330358,1.),(1.,0.952522559877998,1.),(1.,0.987263645685633,
1.),(1.,1.00014630857355,1.),(1.,1.,1.)))
REPRESENTATION_ITEM('')
SURFACE()
);
#63=B_SPLINE_SURFACE_WITH_KNOTS('',3,1,((#5624,#5625),(#5626,#5627),(#5628,
#5629),(#5630,#5631),(#5632,#5633),(#5634,#5635)),.UNSPECIFIED.,.F.,.F.,
 .F.,(4,2,4),(2,2),(0.,0.151554380003485,1.),(0.,36.08988),
 .UNSPECIFIED.);
#64=B_SPLINE_SURFACE_WITH_KNOTS('',2,1,((#6605,#6606),(#6607,#6608),(#6609,
#6610)),.UNSPECIFIED.,.F.,.F.,.F.,(3,3),(2,2),(-2.,-1.),(0.,1.3004216446264),
 .UNSPECIFIED.);
#65=B_SPLINE_SURFACE_WITH_KNOTS('',4,1,((#6612,#6613),(#6614,#6615),(#6616,
#6617),(#6618,#6619),(#6620,#6621)),.UNSPECIFIED.,.F.,.F.,.F.,(5,5),(2,
2),(-1.,0.),(0.,1.3004216446264),.UNSPECIFIED.);
#66=B_SPLINE_SURFACE_WITH_KNOTS('',4,1,((#6625,#6626),(#6627,#6628),(#6629,
#6630),(#6631,#6632),(#6633,#6634)),.UNSPECIFIED.,.F.,.F.,.F.,(5,5),(2,
2),(-1.,0.),(0.,1.3004216446264),.UNSPECIFIED.);
#67=B_SPLINE_SURFACE_WITH_KNOTS('',2,1,((#6636,#6637),(#6638,#6639),(#6640,
#6641)),.UNSPECIFIED.,.F.,.F.,.F.,(3,3),(2,2),(-2.,-1.),(0.,1.3004216446264),
 .UNSPECIFIED.);
#68=B_SPLINE_SURFACE_WITH_KNOTS('',2,1,((#6643,#6644),(#6645,#6646),(#6647,
#6648)),.UNSPECIFIED.,.F.,.F.,.F.,(3,3),(2,2),(-2.,-1.),(0.,1.3004216446264),
 .UNSPECIFIED.);
#69=B_SPLINE_SURFACE_WITH_KNOTS('',4,1,((#6650,#6651),(#6652,#6653),(#6654,
#6655),(#6656,#6657),(#6658,#6659)),.UNSPECIFIED.,.F.,.F.,.F.,(5,5),(2,
2),(-1.,0.),(0.,1.3004216446264),.UNSPECIFIED.);
#70=B_SPLINE_SURFACE_WITH_KNOTS('',4,1,((#6663,#6664),(#6665,#6666),(#6667,
#6668),(#6669,#6670),(#6671,#6672)),.UNSPECIFIED.,.F.,.F.,.F.,(5,5),(2,
2),(-1.,0.),(0.,1.3004216446264),.UNSPECIFIED.);
#71=B_SPLINE_SURFACE_WITH_KNOTS('',2,1,((#6674,#6675),(#6676,#6677),(#6678,
#6679)),.UNSPECIFIED.,.F.,.F.,.F.,(3,3),(2,2),(-2.,-1.),(0.,1.3004216446264),
 .UNSPECIFIED.);
#72=B_SPLINE_SURFACE_WITH_KNOTS('',4,1,((#6681,#6682),(#6683,#6684),(#6685,
#6686),(#6687,#6688),(#6689,#6690)),.UNSPECIFIED.,.F.,.F.,.F.,(5,5),(2,
2),(-1.,0.),(0.,1.3004216446264),.UNSPECIFIED.);
#73=B_SPLINE_SURFACE_WITH_KNOTS('',4,1,((#6694,#6695),(#6696,#6697),(#6698,
#6699),(#6700,#6701),(#6702,#6703)),.UNSPECIFIED.,.F.,.F.,.F.,(5,5),(2,
2),(-1.,0.),(0.,1.3004216446264),.UNSPECIFIED.);
#74=B_SPLINE_SURFACE_WITH_KNOTS('',2,1,((#6705,#6706),(#6707,#6708),(#6709,
#6710)),.UNSPECIFIED.,.F.,.F.,.F.,(3,3),(2,2),(-2.,-1.),(0.,1.3004216446264),
 .UNSPECIFIED.);
#75=B_SPLINE_SURFACE_WITH_KNOTS('',2,1,((#6712,#6713),(#6714,#6715),(#6716,
#6717)),.UNSPECIFIED.,.F.,.F.,.F.,(3,3),(2,2),(-2.,-1.),(0.,1.3004216446264),
 .UNSPECIFIED.);
#76=B_SPLINE_SURFACE_WITH_KNOTS('',4,1,((#6719,#6720),(#6721,#6722),(#6723,
#6724),(#6725,#6726),(#6727,#6728)),.UNSPECIFIED.,.F.,.F.,.F.,(5,5),(2,
2),(-1.,0.),(0.,1.3004216446264),.UNSPECIFIED.);
#77=B_SPLINE_SURFACE_WITH_KNOTS('',4,1,((#6732,#6733),(#6734,#6735),(#6736,
#6737),(#6738,#6739),(#6740,#6741)),.UNSPECIFIED.,.F.,.F.,.F.,(5,5),(2,
2),(-1.,0.),(0.,1.3004216446264),.UNSPECIFIED.);
#78=B_SPLINE_SURFACE_WITH_KNOTS('',2,1,((#6743,#6744),(#6745,#6746),(#6747,
#6748)),.UNSPECIFIED.,.F.,.F.,.F.,(3,3),(2,2),(-2.,-1.),(0.,1.3004216446264),
 .UNSPECIFIED.);
#79=B_SPLINE_SURFACE_WITH_KNOTS('',3,1,((#8073,#8074),(#8075,#8076),(#8077,
#8078),(#8079,#8080),(#8081,#8082),(#8083,#8084)),.UNSPECIFIED.,.F.,.F.,
 .F.,(4,2,4),(2,2),(0.,0.151554380003485,1.),(0.,36.08988),
 .UNSPECIFIED.);
#80=B_SPLINE_SURFACE_WITH_KNOTS('',3,1,((#8290,#8291),(#8292,#8293),(#8294,
#8295),(#8296,#8297),(#8298,#8299),(#8300,#8301)),.UNSPECIFIED.,.F.,.F.,
 .F.,(4,2,4),(2,2),(0.,0.151554380003485,1.),(0.,36.08988),
 .UNSPECIFIED.);
#81=B_SPLINE_SURFACE_WITH_KNOTS('',3,1,((#8457,#8458),(#8459,#8460),(#8461,
#8462),(#8463,#8464),(#8465,#8466),(#8467,#8468)),.UNSPECIFIED.,.F.,.F.,
 .F.,(4,2,4),(2,2),(0.,0.101636916604825,1.),(0.,2.52000000000001),
 .UNSPECIFIED.);
#82=B_SPLINE_SURFACE_WITH_KNOTS('',3,1,((#8657,#8658),(#8659,#8660),(#8661,
#8662),(#8663,#8664),(#8665,#8666),(#8667,#8668)),.UNSPECIFIED.,.F.,.F.,
 .F.,(4,2,4),(2,2),(0.,0.101636916604825,1.),(0.,2.52),.UNSPECIFIED.);
#83=B_SPLINE_SURFACE_WITH_KNOTS('',3,1,((#10478,#10479),(#10480,#10481),
(#10482,#10483),(#10484,#10485),(#10486,#10487),(#10488,#10489)),
 .UNSPECIFIED.,.F.,.F.,.F.,(4,2,4),(2,2),(0.,0.151554380003485,1.),(0.,
36.08988),.UNSPECIFIED.);
#84=B_SPLINE_SURFACE_WITH_KNOTS('',2,1,((#11434,#11435),(#11436,#11437),
(#11438,#11439)),.UNSPECIFIED.,.F.,.F.,.F.,(3,3),(2,2),(-2.,-1.),(0.,1.3004216446264),
 .UNSPECIFIED.);
#85=B_SPLINE_SURFACE_WITH_KNOTS('',2,1,((#11670,#11671),(#11672,#11673),
(#11674,#11675)),.UNSPECIFIED.,.F.,.F.,.F.,(3,3),(2,2),(-2.,-1.),(0.,1.3004216446264),
 .UNSPECIFIED.);
#86=B_SPLINE_SURFACE_WITH_KNOTS('',4,1,((#11677,#11678),(#11679,#11680),
(#11681,#11682),(#11683,#11684),(#11685,#11686)),.UNSPECIFIED.,.F.,.F.,
 .F.,(5,5),(2,2),(-1.,0.),(0.,1.3004216446264),.UNSPECIFIED.);
#87=B_SPLINE_SURFACE_WITH_KNOTS('',4,1,((#11690,#11691),(#11692,#11693),
(#11694,#11695),(#11696,#11697),(#11698,#11699)),.UNSPECIFIED.,.F.,.F.,
 .F.,(5,5),(2,2),(-1.,0.),(0.,1.3004216446264),.UNSPECIFIED.);
#88=B_SPLINE_SURFACE_WITH_KNOTS('',2,1,((#11701,#11702),(#11703,#11704),
(#11705,#11706)),.UNSPECIFIED.,.F.,.F.,.F.,(3,3),(2,2),(-2.,-1.),(0.,1.3004216446264),
 .UNSPECIFIED.);
#89=B_SPLINE_SURFACE_WITH_KNOTS('',2,1,((#11708,#11709),(#11710,#11711),
(#11712,#11713)),.UNSPECIFIED.,.F.,.F.,.F.,(3,3),(2,2),(-2.,-1.),(0.,1.3004216446264),
 .UNSPECIFIED.);
#90=B_SPLINE_SURFACE_WITH_KNOTS('',4,1,((#11715,#11716),(#11717,#11718),
(#11719,#11720),(#11721,#11722),(#11723,#11724)),.UNSPECIFIED.,.F.,.F.,
 .F.,(5,5),(2,2),(-1.,0.),(0.,1.3004216446264),.UNSPECIFIED.);
#91=B_SPLINE_SURFACE_WITH_KNOTS('',4,1,((#11728,#11729),(#11730,#11731),
(#11732,#11733),(#11734,#11735),(#11736,#11737)),.UNSPECIFIED.,.F.,.F.,
 .F.,(5,5),(2,2),(-1.,0.),(0.,1.3004216446264),.UNSPECIFIED.);
#92=B_SPLINE_SURFACE_WITH_KNOTS('',2,1,((#11739,#11740),(#11741,#11742),
(#11743,#11744)),.UNSPECIFIED.,.F.,.F.,.F.,(3,3),(2,2),(-2.,-1.),(0.,1.3004216446264),
 .UNSPECIFIED.);
#93=B_SPLINE_SURFACE_WITH_KNOTS('',4,1,((#11746,#11747),(#11748,#11749),
(#11750,#11751),(#11752,#11753),(#11754,#11755)),.UNSPECIFIED.,.F.,.F.,
 .F.,(5,5),(2,2),(-1.,0.),(0.,1.3004216446264),.UNSPECIFIED.);
#94=B_SPLINE_SURFACE_WITH_KNOTS('',4,1,((#11759,#11760),(#11761,#11762),
(#11763,#11764),(#11765,#11766),(#11767,#11768)),.UNSPECIFIED.,.F.,.F.,
 .F.,(5,5),(2,2),(-1.,0.),(0.,1.3004216446264),.UNSPECIFIED.);
#95=B_SPLINE_SURFACE_WITH_KNOTS('',2,1,((#11770,#11771),(#11772,#11773),
(#11774,#11775)),.UNSPECIFIED.,.F.,.F.,.F.,(3,3),(2,2),(-2.,-1.),(0.,1.3004216446264),
 .UNSPECIFIED.);
#96=B_SPLINE_SURFACE_WITH_KNOTS('',2,1,((#11777,#11778),(#11779,#11780),
(#11781,#11782)),.UNSPECIFIED.,.F.,.F.,.F.,(3,3),(2,2),(-2.,-1.),(0.,1.3004216446264),
 .UNSPECIFIED.);
#97=B_SPLINE_SURFACE_WITH_KNOTS('',4,1,((#11784,#11785),(#11786,#11787),
(#11788,#11789),(#11790,#11791),(#11792,#11793)),.UNSPECIFIED.,.F.,.F.,
 .F.,(5,5),(2,2),(-1.,0.),(0.,1.3004216446264),.UNSPECIFIED.);
#98=B_SPLINE_SURFACE_WITH_KNOTS('',4,1,((#11797,#11798),(#11799,#11800),
(#11801,#11802),(#11803,#11804),(#11805,#11806)),.UNSPECIFIED.,.F.,.F.,
 .F.,(5,5),(2,2),(-1.,0.),(0.,1.3004216446264),.UNSPECIFIED.);
#99=B_SPLINE_SURFACE_WITH_KNOTS('',3,1,((#12027,#12028),(#12029,#12030),
(#12031,#12032),(#12033,#12034),(#12035,#12036),(#12037,#12038)),
 .UNSPECIFIED.,.F.,.F.,.F.,(4,2,4),(2,2),(0.,0.151554380003485,1.),(0.,
36.08988),.UNSPECIFIED.);
#100=FACE_BOUND('',#398,.T.);
#101=FACE_BOUND('',#447,.T.);
#102=FACE_BOUND('',#448,.T.);
#103=FACE_BOUND('',#449,.T.);
#104=FACE_BOUND('',#476,.T.);
#105=FACE_BOUND('',#478,.T.);
#106=FACE_BOUND('',#483,.T.);
#107=FACE_BOUND('',#485,.T.);
#108=FACE_BOUND('',#532,.T.);
#109=FACE_BOUND('',#533,.T.);
#110=FACE_BOUND('',#584,.T.);
#111=FACE_BOUND('',#590,.T.);
#112=ELLIPSE('',#3452,2.3094010767585,1.99999999999999);
#113=ELLIPSE('',#3453,2.30940107675847,1.99999999999999);
#114=ELLIPSE('',#3454,4.00000000001834,2.00000000001678);
#115=ELLIPSE('',#3455,3.99999999945488,1.99999999950997);
#116=ELLIPSE('',#3469,100.243250041097,16.9851964899012);
#117=ELLIPSE('',#3472,7.65499688050721,7.65437803501219);
#118=ELLIPSE('',#3473,7.65499688050722,7.65437803501219);
#119=ELLIPSE('',#3474,7.65499688050721,7.65437803501219);
#120=ELLIPSE('',#3475,7.65499688050722,7.65437803501219);
#121=ELLIPSE('',#3485,3.99999999938622,1.99999999943814);
#122=ELLIPSE('',#3486,3.99999999961102,1.99999999963998);
#123=ELLIPSE('',#3498,4.62417038724717,4.00000000003135);
#124=ELLIPSE('',#3500,4.62417038723019,4.00000000000358);
#125=ELLIPSE('',#3501,4.62417038718309,3.99999999993558);
#126=ELLIPSE('',#3502,4.62417038721544,3.99999999998529);
#127=ELLIPSE('',#3515,4.00942580320421,4.00060044634371);
#128=ELLIPSE('',#3521,4.00464902676612,3.9999999999983);
#129=ELLIPSE('',#3540,2.20255696472218,2.20000000000004);
#130=ELLIPSE('',#3541,2.20255696472218,2.20000000000004);
#131=ELLIPSE('',#3544,123.191330590489,18.5737876192229);
#132=ELLIPSE('',#3564,100.243249448924,16.9851964396713);
#133=ELLIPSE('',#3572,5.05952120829188,3.56505999363066);
#134=ELLIPSE('',#3576,2.20255696472219,2.19999999999985);
#135=ELLIPSE('',#3577,2.20255696472219,2.19999999999985);
#136=ELLIPSE('',#3579,2.20255696472216,2.20000000000003);
#137=ELLIPSE('',#3580,2.20255696472216,2.20000000000003);
#138=ELLIPSE('',#3585,2.20255696472217,2.19999999999984);
#139=ELLIPSE('',#3586,2.20255696472217,2.19999999999984);
#140=ELLIPSE('',#3605,123.191329330896,18.5737875257689);
#141=ELLIPSE('',#3612,135.532076451002,97.3884837878512);
#142=ELLIPSE('',#3613,133.754125436775,95.8656922967218);
#143=ELLIPSE('',#3614,133.364247593367,95.30814120215);
#144=ELLIPSE('',#3615,135.532133832978,97.3885661836931);
#145=ELLIPSE('',#3657,4.00000000023316,2.000000000201);
#146=ELLIPSE('',#3658,4.00000000000241,2.00000000000222);
#147=ELLIPSE('',#3664,4.00464902676759,3.99999999999999);
#148=ELLIPSE('',#3665,4.00942649346717,4.00060111128183);
#149=ELLIPSE('',#3674,7.65499688050722,7.65437803501219);
#150=ELLIPSE('',#3675,7.65499688050721,7.65437803501219);
#151=ELLIPSE('',#3676,7.65499688050722,7.65437803501219);
#152=ELLIPSE('',#3677,7.65499688050721,7.65437803501219);
#153=ELLIPSE('',#3682,4.62417038722069,3.99999999998925);
#154=ELLIPSE('',#3684,4.62417038723046,4.00000000000832);
#155=ELLIPSE('',#3685,4.62417038722844,3.99999999999997);
#156=ELLIPSE('',#3686,4.62417038722343,3.9999999999925);
#157=ELLIPSE('',#3691,3.99999999998638,1.99999999998009);
#158=ELLIPSE('',#3694,3.99999999999178,1.99999999999252);
#159=ELLIPSE('',#3706,2.20255696472218,2.2);
#160=ELLIPSE('',#3707,2.20255696472218,2.2);
#161=ELLIPSE('',#3709,2.20255696472218,2.19999999999996);
#162=ELLIPSE('',#3710,2.20255696472218,2.19999999999996);
#163=ELLIPSE('',#3727,5.05990731779805,3.5651443274895);
#164=CYLINDRICAL_SURFACE('',#3451,1.99999999999999);
#165=CYLINDRICAL_SURFACE('',#3458,114.782046791976);
#166=CYLINDRICAL_SURFACE('',#3467,5.);
#167=CYLINDRICAL_SURFACE('',#3476,7.65437803501219);
#168=CYLINDRICAL_SURFACE('',#3477,7.65437803501219);
#169=CYLINDRICAL_SURFACE('',#3478,7.65437803501219);
#170=CYLINDRICAL_SURFACE('',#3479,7.65437803501219);
#171=CYLINDRICAL_SURFACE('',#3483,2.);
#172=CYLINDRICAL_SURFACE('',#3499,4.);
#173=CYLINDRICAL_SURFACE('',#3539,2.20000000000001);
#174=CYLINDRICAL_SURFACE('',#3546,1.);
#175=CYLINDRICAL_SURFACE('',#3553,1.);
#176=CYLINDRICAL_SURFACE('',#3557,1.);
#177=CYLINDRICAL_SURFACE('',#3561,1.);
#178=CYLINDRICAL_SURFACE('',#3563,5.00000000000001);
#179=CYLINDRICAL_SURFACE('',#3568,5.);
#180=CYLINDRICAL_SURFACE('',#3569,5.);
#181=CYLINDRICAL_SURFACE('',#3600,4.);
#182=CYLINDRICAL_SURFACE('',#3601,2.20000000000001);
#183=CYLINDRICAL_SURFACE('',#3602,2.19999999999998);
#184=CYLINDRICAL_SURFACE('',#3603,2.19999999999998);
#185=CYLINDRICAL_SURFACE('',#3604,4.);
#186=CYLINDRICAL_SURFACE('',#3626,1.);
#187=CYLINDRICAL_SURFACE('',#3631,1.);
#188=CYLINDRICAL_SURFACE('',#3635,1.);
#189=CYLINDRICAL_SURFACE('',#3638,1.);
#190=CYLINDRICAL_SURFACE('',#3641,1.);
#191=CYLINDRICAL_SURFACE('',#3654,1.99999999999999);
#192=CYLINDRICAL_SURFACE('',#3659,114.782046791976);
#193=CYLINDRICAL_SURFACE('',#3671,5.);
#194=CYLINDRICAL_SURFACE('',#3683,4.);
#195=CYLINDRICAL_SURFACE('',#3692,2.);
#196=CYLINDRICAL_SURFACE('',#3698,7.65437803501219);
#197=CYLINDRICAL_SURFACE('',#3699,7.65437803501219);
#198=CYLINDRICAL_SURFACE('',#3700,7.65437803501219);
#199=CYLINDRICAL_SURFACE('',#3701,7.65437803501219);
#200=CYLINDRICAL_SURFACE('',#3705,2.2);
#201=CYLINDRICAL_SURFACE('',#3708,2.19999999999999);
#202=CYLINDRICAL_SURFACE('',#3719,4.);
#203=CYLINDRICAL_SURFACE('',#3722,5.);
#204=CYLINDRICAL_SURFACE('',#3723,5.);
#205=FACE_OUTER_BOUND('',#393,.T.);
#206=FACE_OUTER_BOUND('',#394,.T.);
#207=FACE_OUTER_BOUND('',#395,.T.);
#208=FACE_OUTER_BOUND('',#396,.T.);
#209=FACE_OUTER_BOUND('',#397,.T.);
#210=FACE_OUTER_BOUND('',#399,.T.);
#211=FACE_OUTER_BOUND('',#400,.T.);
#212=FACE_OUTER_BOUND('',#401,.T.);
#213=FACE_OUTER_BOUND('',#402,.T.);
#214=FACE_OUTER_BOUND('',#403,.T.);
#215=FACE_OUTER_BOUND('',#404,.T.);
#216=FACE_OUTER_BOUND('',#405,.T.);
#217=FACE_OUTER_BOUND('',#406,.T.);
#218=FACE_OUTER_BOUND('',#407,.T.);
#219=FACE_OUTER_BOUND('',#408,.T.);
#220=FACE_OUTER_BOUND('',#409,.T.);
#221=FACE_OUTER_BOUND('',#410,.T.);
#222=FACE_OUTER_BOUND('',#411,.T.);
#223=FACE_OUTER_BOUND('',#412,.T.);
#224=FACE_OUTER_BOUND('',#413,.T.);
#225=FACE_OUTER_BOUND('',#414,.T.);
#226=FACE_OUTER_BOUND('',#415,.T.);
#227=FACE_OUTER_BOUND('',#416,.T.);
#228=FACE_OUTER_BOUND('',#417,.T.);
#229=FACE_OUTER_BOUND('',#418,.T.);
#230=FACE_OUTER_BOUND('',#419,.T.);
#231=FACE_OUTER_BOUND('',#420,.T.);
#232=FACE_OUTER_BOUND('',#421,.T.);
#233=FACE_OUTER_BOUND('',#422,.T.);
#234=FACE_OUTER_BOUND('',#423,.T.);
#235=FACE_OUTER_BOUND('',#424,.T.);
#236=FACE_OUTER_BOUND('',#425,.T.);
#237=FACE_OUTER_BOUND('',#426,.T.);
#238=FACE_OUTER_BOUND('',#427,.T.);
#239=FACE_OUTER_BOUND('',#428,.T.);
#240=FACE_OUTER_BOUND('',#429,.T.);
#241=FACE_OUTER_BOUND('',#430,.T.);
#242=FACE_OUTER_BOUND('',#431,.T.);
#243=FACE_OUTER_BOUND('',#432,.T.);
#244=FACE_OUTER_BOUND('',#433,.T.);
#245=FACE_OUTER_BOUND('',#434,.T.);
#246=FACE_OUTER_BOUND('',#435,.T.);
#247=FACE_OUTER_BOUND('',#436,.T.);
#248=FACE_OUTER_BOUND('',#437,.T.);
#249=FACE_OUTER_BOUND('',#438,.T.);
#250=FACE_OUTER_BOUND('',#439,.T.);
#251=FACE_OUTER_BOUND('',#440,.T.);
#252=FACE_OUTER_BOUND('',#441,.T.);
#253=FACE_OUTER_BOUND('',#442,.T.);
#254=FACE_OUTER_BOUND('',#443,.T.);
#255=FACE_OUTER_BOUND('',#444,.T.);
#256=FACE_OUTER_BOUND('',#445,.T.);
#257=FACE_OUTER_BOUND('',#446,.T.);
#258=FACE_OUTER_BOUND('',#450,.T.);
#259=FACE_OUTER_BOUND('',#451,.T.);
#260=FACE_OUTER_BOUND('',#452,.T.);
#261=FACE_OUTER_BOUND('',#453,.T.);
#262=FACE_OUTER_BOUND('',#454,.T.);
#263=FACE_OUTER_BOUND('',#455,.T.);
#264=FACE_OUTER_BOUND('',#456,.T.);
#265=FACE_OUTER_BOUND('',#457,.T.);
#266=FACE_OUTER_BOUND('',#458,.T.);
#267=FACE_OUTER_BOUND('',#459,.T.);
#268=FACE_OUTER_BOUND('',#460,.T.);
#269=FACE_OUTER_BOUND('',#461,.T.);
#270=FACE_OUTER_BOUND('',#462,.T.);
#271=FACE_OUTER_BOUND('',#463,.T.);
#272=FACE_OUTER_BOUND('',#464,.T.);
#273=FACE_OUTER_BOUND('',#465,.T.);
#274=FACE_OUTER_BOUND('',#466,.T.);
#275=FACE_OUTER_BOUND('',#467,.T.);
#276=FACE_OUTER_BOUND('',#468,.T.);
#277=FACE_OUTER_BOUND('',#469,.T.);
#278=FACE_OUTER_BOUND('',#470,.T.);
#279=FACE_OUTER_BOUND('',#471,.T.);
#280=FACE_OUTER_BOUND('',#472,.T.);
#281=FACE_OUTER_BOUND('',#473,.T.);
#282=FACE_OUTER_BOUND('',#474,.T.);
#283=FACE_OUTER_BOUND('',#475,.T.);
#284=FACE_OUTER_BOUND('',#477,.T.);
#285=FACE_OUTER_BOUND('',#479,.T.);
#286=FACE_OUTER_BOUND('',#480,.T.);
#287=FACE_OUTER_BOUND('',#481,.T.);
#288=FACE_OUTER_BOUND('',#482,.T.);
#289=FACE_OUTER_BOUND('',#484,.T.);
#290=FACE_OUTER_BOUND('',#486,.T.);
#291=FACE_OUTER_BOUND('',#487,.T.);
#292=FACE_OUTER_BOUND('',#488,.T.);
#293=FACE_OUTER_BOUND('',#489,.T.);
#294=FACE_OUTER_BOUND('',#490,.T.);
#295=FACE_OUTER_BOUND('',#491,.T.);
#296=FACE_OUTER_BOUND('',#492,.T.);
#297=FACE_OUTER_BOUND('',#493,.T.);
#298=FACE_OUTER_BOUND('',#494,.T.);
#299=FACE_OUTER_BOUND('',#495,.T.);
#300=FACE_OUTER_BOUND('',#496,.T.);
#301=FACE_OUTER_BOUND('',#497,.T.);
#302=FACE_OUTER_BOUND('',#498,.T.);
#303=FACE_OUTER_BOUND('',#499,.T.);
#304=FACE_OUTER_BOUND('',#500,.T.);
#305=FACE_OUTER_BOUND('',#501,.T.);
#306=FACE_OUTER_BOUND('',#502,.T.);
#307=FACE_OUTER_BOUND('',#503,.T.);
#308=FACE_OUTER_BOUND('',#504,.T.);
#309=FACE_OUTER_BOUND('',#505,.T.);
#310=FACE_OUTER_BOUND('',#506,.T.);
#311=FACE_OUTER_BOUND('',#507,.T.);
#312=FACE_OUTER_BOUND('',#508,.T.);
#313=FACE_OUTER_BOUND('',#509,.T.);
#314=FACE_OUTER_BOUND('',#510,.T.);
#315=FACE_OUTER_BOUND('',#511,.T.);
#316=FACE_OUTER_BOUND('',#512,.T.);
#317=FACE_OUTER_BOUND('',#513,.T.);
#318=FACE_OUTER_BOUND('',#514,.T.);
#319=FACE_OUTER_BOUND('',#515,.T.);
#320=FACE_OUTER_BOUND('',#516,.T.);
#321=FACE_OUTER_BOUND('',#517,.T.);
#322=FACE_OUTER_BOUND('',#518,.T.);
#323=FACE_OUTER_BOUND('',#519,.T.);
#324=FACE_OUTER_BOUND('',#520,.T.);
#325=FACE_OUTER_BOUND('',#521,.T.);
#326=FACE_OUTER_BOUND('',#522,.T.);
#327=FACE_OUTER_BOUND('',#523,.T.);
#328=FACE_OUTER_BOUND('',#524,.T.);
#329=FACE_OUTER_BOUND('',#525,.T.);
#330=FACE_OUTER_BOUND('',#526,.T.);
#331=FACE_OUTER_BOUND('',#527,.T.);
#332=FACE_OUTER_BOUND('',#528,.T.);
#333=FACE_OUTER_BOUND('',#529,.T.);
#334=FACE_OUTER_BOUND('',#530,.T.);
#335=FACE_OUTER_BOUND('',#531,.T.);
#336=FACE_OUTER_BOUND('',#534,.T.);
#337=FACE_OUTER_BOUND('',#535,.T.);
#338=FACE_OUTER_BOUND('',#536,.T.);
#339=FACE_OUTER_BOUND('',#537,.T.);
#340=FACE_OUTER_BOUND('',#538,.T.);
#341=FACE_OUTER_BOUND('',#539,.T.);
#342=FACE_OUTER_BOUND('',#540,.T.);
#343=FACE_OUTER_BOUND('',#541,.T.);
#344=FACE_OUTER_BOUND('',#542,.T.);
#345=FACE_OUTER_BOUND('',#543,.T.);
#346=FACE_OUTER_BOUND('',#544,.T.);
#347=FACE_OUTER_BOUND('',#545,.T.);
#348=FACE_OUTER_BOUND('',#546,.T.);
#349=FACE_OUTER_BOUND('',#547,.T.);
#350=FACE_OUTER_BOUND('',#548,.T.);
#351=FACE_OUTER_BOUND('',#549,.T.);
#352=FACE_OUTER_BOUND('',#550,.T.);
#353=FACE_OUTER_BOUND('',#551,.T.);
#354=FACE_OUTER_BOUND('',#552,.T.);
#355=FACE_OUTER_BOUND('',#553,.T.);
#356=FACE_OUTER_BOUND('',#554,.T.);
#357=FACE_OUTER_BOUND('',#555,.T.);
#358=FACE_OUTER_BOUND('',#556,.T.);
#359=FACE_OUTER_BOUND('',#557,.T.);
#360=FACE_OUTER_BOUND('',#558,.T.);
#361=FACE_OUTER_BOUND('',#559,.T.);
#362=FACE_OUTER_BOUND('',#560,.T.);
#363=FACE_OUTER_BOUND('',#561,.T.);
#364=FACE_OUTER_BOUND('',#562,.T.);
#365=FACE_OUTER_BOUND('',#563,.T.);
#366=FACE_OUTER_BOUND('',#564,.T.);
#367=FACE_OUTER_BOUND('',#565,.T.);
#368=FACE_OUTER_BOUND('',#566,.T.);
#369=FACE_OUTER_BOUND('',#567,.T.);
#370=FACE_OUTER_BOUND('',#568,.T.);
#371=FACE_OUTER_BOUND('',#569,.T.);
#372=FACE_OUTER_BOUND('',#570,.T.);
#373=FACE_OUTER_BOUND('',#571,.T.);
#374=FACE_OUTER_BOUND('',#572,.T.);
#375=FACE_OUTER_BOUND('',#573,.T.);
#376=FACE_OUTER_BOUND('',#574,.T.);
#377=FACE_OUTER_BOUND('',#575,.T.);
#378=FACE_OUTER_BOUND('',#576,.T.);
#379=FACE_OUTER_BOUND('',#577,.T.);
#380=FACE_OUTER_BOUND('',#578,.T.);
#381=FACE_OUTER_BOUND('',#579,.T.);
#382=FACE_OUTER_BOUND('',#580,.T.);
#383=FACE_OUTER_BOUND('',#581,.T.);
#384=FACE_OUTER_BOUND('',#582,.T.);
#385=FACE_OUTER_BOUND('',#583,.T.);
#386=FACE_OUTER_BOUND('',#585,.T.);
#387=FACE_OUTER_BOUND('',#586,.T.);
#388=FACE_OUTER_BOUND('',#587,.T.);
#389=FACE_OUTER_BOUND('',#588,.T.);
#390=FACE_OUTER_BOUND('',#589,.T.);
#391=FACE_OUTER_BOUND('',#591,.T.);
#392=FACE_OUTER_BOUND('',#592,.T.);
#393=EDGE_LOOP('',(#2137,#2138,#2139,#2140,#2141,#2142,#2143,#2144));
#394=EDGE_LOOP('',(#2145,#2146,#2147,#2148,#2149,#2150,#2151,#2152,#2153,
#2154,#2155,#2156,#2157,#2158,#2159,#2160,#2161,#2162,#2163,#2164,#2165,
#2166,#2167,#2168,#2169,#2170,#2171,#2172,#2173,#2174,#2175,#2176,#2177,
#2178,#2179,#2180,#2181,#2182,#2183,#2184,#2185,#2186,#2187,#2188));
#395=EDGE_LOOP('',(#2189,#2190,#2191,#2192,#2193,#2194,#2195,#2196,#2197,
#2198,#2199));
#396=EDGE_LOOP('',(#2200,#2201,#2202,#2203,#2204,#2205,#2206,#2207,#2208));
#397=EDGE_LOOP('',(#2209,#2210,#2211,#2212,#2213,#2214));
#398=EDGE_LOOP('',(#2215,#2216));
#399=EDGE_LOOP('',(#2217,#2218,#2219,#2220));
#400=EDGE_LOOP('',(#2221,#2222,#2223,#2224,#2225,#2226,#2227,#2228));
#401=EDGE_LOOP('',(#2229,#2230,#2231,#2232,#2233,#2234,#2235,#2236,#2237,
#2238,#2239,#2240,#2241,#2242,#2243,#2244,#2245,#2246,#2247,#2248,#2249,
#2250,#2251,#2252,#2253,#2254,#2255,#2256,#2257,#2258));
#402=EDGE_LOOP('',(#2259,#2260,#2261,#2262));
#403=EDGE_LOOP('',(#2263,#2264,#2265,#2266));
#404=EDGE_LOOP('',(#2267,#2268,#2269,#2270));
#405=EDGE_LOOP('',(#2271,#2272,#2273,#2274));
#406=EDGE_LOOP('',(#2275,#2276,#2277,#2278));
#407=EDGE_LOOP('',(#2279,#2280,#2281,#2282));
#408=EDGE_LOOP('',(#2283,#2284,#2285,#2286));
#409=EDGE_LOOP('',(#2287,#2288,#2289,#2290));
#410=EDGE_LOOP('',(#2291,#2292,#2293,#2294));
#411=EDGE_LOOP('',(#2295,#2296,#2297,#2298));
#412=EDGE_LOOP('',(#2299,#2300,#2301,#2302));
#413=EDGE_LOOP('',(#2303,#2304,#2305,#2306));
#414=EDGE_LOOP('',(#2307,#2308,#2309,#2310));
#415=EDGE_LOOP('',(#2311,#2312,#2313,#2314));
#416=EDGE_LOOP('',(#2315,#2316,#2317,#2318));
#417=EDGE_LOOP('',(#2319,#2320,#2321,#2322));
#418=EDGE_LOOP('',(#2323,#2324,#2325,#2326));
#419=EDGE_LOOP('',(#2327,#2328,#2329,#2330));
#420=EDGE_LOOP('',(#2331,#2332,#2333,#2334));
#421=EDGE_LOOP('',(#2335,#2336,#2337,#2338,#2339,#2340,#2341,#2342));
#422=EDGE_LOOP('',(#2343,#2344,#2345,#2346,#2347,#2348,#2349,#2350,#2351,
#2352));
#423=EDGE_LOOP('',(#2353,#2354,#2355,#2356,#2357));
#424=EDGE_LOOP('',(#2358,#2359,#2360,#2361));
#425=EDGE_LOOP('',(#2362,#2363,#2364,#2365));
#426=EDGE_LOOP('',(#2366,#2367,#2368,#2369));
#427=EDGE_LOOP('',(#2370,#2371,#2372,#2373,#2374));
#428=EDGE_LOOP('',(#2375,#2376,#2377,#2378,#2379));
#429=EDGE_LOOP('',(#2380,#2381,#2382,#2383));
#430=EDGE_LOOP('',(#2384,#2385,#2386,#2387));
#431=EDGE_LOOP('',(#2388,#2389,#2390,#2391,#2392));
#432=EDGE_LOOP('',(#2393,#2394,#2395,#2396,#2397,#2398,#2399,#2400,#2401,
#2402));
#433=EDGE_LOOP('',(#2403,#2404,#2405,#2406,#2407));
#434=EDGE_LOOP('',(#2408,#2409,#2410,#2411));
#435=EDGE_LOOP('',(#2412,#2413,#2414,#2415));
#436=EDGE_LOOP('',(#2416,#2417,#2418,#2419,#2420));
#437=EDGE_LOOP('',(#2421,#2422,#2423,#2424,#2425));
#438=EDGE_LOOP('',(#2426,#2427,#2428,#2429));
#439=EDGE_LOOP('',(#2430,#2431,#2432,#2433));
#440=EDGE_LOOP('',(#2434,#2435,#2436,#2437));
#441=EDGE_LOOP('',(#2438,#2439,#2440,#2441,#2442));
#442=EDGE_LOOP('',(#2443,#2444,#2445,#2446));
#443=EDGE_LOOP('',(#2447,#2448,#2449,#2450,#2451,#2452));
#444=EDGE_LOOP('',(#2453,#2454,#2455,#2456,#2457));
#445=EDGE_LOOP('',(#2458,#2459,#2460,#2461));
#446=EDGE_LOOP('',(#2462,#2463,#2464,#2465,#2466,#2467,#2468,#2469,#2470,
#2471,#2472,#2473,#2474,#2475));
#447=EDGE_LOOP('',(#2476,#2477));
#448=EDGE_LOOP('',(#2478,#2479));
#449=EDGE_LOOP('',(#2480,#2481));
#450=EDGE_LOOP('',(#2482,#2483,#2484,#2485));
#451=EDGE_LOOP('',(#2486,#2487,#2488,#2489));
#452=EDGE_LOOP('',(#2490,#2491,#2492,#2493));
#453=EDGE_LOOP('',(#2494,#2495,#2496,#2497));
#454=EDGE_LOOP('',(#2498,#2499,#2500,#2501,#2502));
#455=EDGE_LOOP('',(#2503,#2504,#2505,#2506));
#456=EDGE_LOOP('',(#2507,#2508,#2509,#2510,#2511,#2512));
#457=EDGE_LOOP('',(#2513,#2514,#2515,#2516));
#458=EDGE_LOOP('',(#2517,#2518,#2519,#2520));
#459=EDGE_LOOP('',(#2521,#2522,#2523,#2524));
#460=EDGE_LOOP('',(#2525,#2526,#2527,#2528));
#461=EDGE_LOOP('',(#2529,#2530,#2531,#2532));
#462=EDGE_LOOP('',(#2533,#2534,#2535,#2536));
#463=EDGE_LOOP('',(#2537,#2538,#2539,#2540));
#464=EDGE_LOOP('',(#2541,#2542,#2543,#2544));
#465=EDGE_LOOP('',(#2545,#2546,#2547,#2548));
#466=EDGE_LOOP('',(#2549,#2550,#2551,#2552));
#467=EDGE_LOOP('',(#2553,#2554,#2555,#2556,#2557,#2558,#2559,#2560,#2561));
#468=EDGE_LOOP('',(#2562,#2563,#2564,#2565,#2566));
#469=EDGE_LOOP('',(#2567,#2568,#2569,#2570));
#470=EDGE_LOOP('',(#2571,#2572,#2573,#2574,#2575));
#471=EDGE_LOOP('',(#2576,#2577,#2578,#2579));
#472=EDGE_LOOP('',(#2580,#2581,#2582,#2583));
#473=EDGE_LOOP('',(#2584,#2585,#2586,#2587,#2588,#2589));
#474=EDGE_LOOP('',(#2590,#2591,#2592,#2593));
#475=EDGE_LOOP('',(#2594,#2595,#2596,#2597,#2598,#2599));
#476=EDGE_LOOP('',(#2600,#2601));
#477=EDGE_LOOP('',(#2602,#2603,#2604,#2605,#2606,#2607));
#478=EDGE_LOOP('',(#2608,#2609));
#479=EDGE_LOOP('',(#2610,#2611,#2612,#2613));
#480=EDGE_LOOP('',(#2614,#2615,#2616,#2617));
#481=EDGE_LOOP('',(#2618,#2619,#2620,#2621));
#482=EDGE_LOOP('',(#2622,#2623,#2624,#2625,#2626,#2627));
#483=EDGE_LOOP('',(#2628,#2629));
#484=EDGE_LOOP('',(#2630,#2631,#2632,#2633,#2634,#2635));
#485=EDGE_LOOP('',(#2636,#2637));
#486=EDGE_LOOP('',(#2638,#2639,#2640,#2641));
#487=EDGE_LOOP('',(#2642,#2643,#2644,#2645,#2646));
#488=EDGE_LOOP('',(#2647,#2648,#2649,#2650));
#489=EDGE_LOOP('',(#2651,#2652,#2653,#2654));
#490=EDGE_LOOP('',(#2655,#2656,#2657,#2658));
#491=EDGE_LOOP('',(#2659,#2660,#2661,#2662,#2663));
#492=EDGE_LOOP('',(#2664,#2665,#2666,#2667));
#493=EDGE_LOOP('',(#2668,#2669,#2670,#2671,#2672,#2673));
#494=EDGE_LOOP('',(#2674,#2675,#2676,#2677,#2678,#2679));
#495=EDGE_LOOP('',(#2680,#2681,#2682,#2683,#2684,#2685));
#496=EDGE_LOOP('',(#2686,#2687,#2688,#2689,#2690,#2691,#2692,#2693));
#497=EDGE_LOOP('',(#2694,#2695,#2696));
#498=EDGE_LOOP('',(#2697,#2698,#2699,#2700,#2701,#2702,#2703));
#499=EDGE_LOOP('',(#2704,#2705,#2706,#2707));
#500=EDGE_LOOP('',(#2708,#2709,#2710,#2711,#2712));
#501=EDGE_LOOP('',(#2713,#2714,#2715,#2716));
#502=EDGE_LOOP('',(#2717,#2718,#2719,#2720));
#503=EDGE_LOOP('',(#2721,#2722,#2723,#2724));
#504=EDGE_LOOP('',(#2725,#2726,#2727,#2728,#2729));
#505=EDGE_LOOP('',(#2730,#2731,#2732,#2733));
#506=EDGE_LOOP('',(#2734,#2735,#2736,#2737));
#507=EDGE_LOOP('',(#2738,#2739,#2740,#2741));
#508=EDGE_LOOP('',(#2742,#2743,#2744,#2745));
#509=EDGE_LOOP('',(#2746,#2747,#2748));
#510=EDGE_LOOP('',(#2749,#2750,#2751,#2752));
#511=EDGE_LOOP('',(#2753,#2754,#2755,#2756));
#512=EDGE_LOOP('',(#2757,#2758,#2759));
#513=EDGE_LOOP('',(#2760,#2761,#2762,#2763));
#514=EDGE_LOOP('',(#2764,#2765,#2766,#2767));
#515=EDGE_LOOP('',(#2768,#2769,#2770,#2771));
#516=EDGE_LOOP('',(#2772,#2773,#2774,#2775));
#517=EDGE_LOOP('',(#2776,#2777,#2778,#2779));
#518=EDGE_LOOP('',(#2780,#2781,#2782,#2783));
#519=EDGE_LOOP('',(#2784,#2785,#2786,#2787));
#520=EDGE_LOOP('',(#2788,#2789,#2790,#2791));
#521=EDGE_LOOP('',(#2792,#2793,#2794,#2795));
#522=EDGE_LOOP('',(#2796,#2797,#2798,#2799));
#523=EDGE_LOOP('',(#2800,#2801,#2802,#2803));
#524=EDGE_LOOP('',(#2804,#2805,#2806));
#525=EDGE_LOOP('',(#2807,#2808,#2809,#2810));
#526=EDGE_LOOP('',(#2811,#2812,#2813,#2814,#2815,#2816,#2817,#2818));
#527=EDGE_LOOP('',(#2819,#2820,#2821,#2822,#2823,#2824,#2825,#2826));
#528=EDGE_LOOP('',(#2827,#2828,#2829,#2830,#2831,#2832,#2833,#2834,#2835,
#2836,#2837,#2838,#2839,#2840,#2841,#2842,#2843,#2844,#2845,#2846,#2847,
#2848,#2849,#2850,#2851,#2852,#2853,#2854,#2855,#2856,#2857,#2858));
#529=EDGE_LOOP('',(#2859,#2860,#2861,#2862,#2863,#2864,#2865));
#530=EDGE_LOOP('',(#2866,#2867,#2868,#2869));
#531=EDGE_LOOP('',(#2870,#2871,#2872,#2873,#2874,#2875,#2876,#2877,#2878,
#2879,#2880,#2881));
#532=EDGE_LOOP('',(#2882,#2883));
#533=EDGE_LOOP('',(#2884,#2885));
#534=EDGE_LOOP('',(#2886,#2887,#2888,#2889));
#535=EDGE_LOOP('',(#2890,#2891,#2892,#2893,#2894));
#536=EDGE_LOOP('',(#2895,#2896,#2897,#2898,#2899,#2900,#2901,#2902,#2903,
#2904,#2905,#2906,#2907,#2908,#2909,#2910,#2911,#2912,#2913,#2914,#2915,
#2916,#2917,#2918));
#537=EDGE_LOOP('',(#2919,#2920,#2921,#2922));
#538=EDGE_LOOP('',(#2923,#2924,#2925,#2926,#2927));
#539=EDGE_LOOP('',(#2928,#2929,#2930,#2931));
#540=EDGE_LOOP('',(#2932,#2933,#2934,#2935));
#541=EDGE_LOOP('',(#2936,#2937,#2938,#2939,#2940));
#542=EDGE_LOOP('',(#2941,#2942,#2943,#2944,#2945,#2946,#2947,#2948,#2949,
#2950));
#543=EDGE_LOOP('',(#2951,#2952,#2953,#2954,#2955));
#544=EDGE_LOOP('',(#2956,#2957,#2958,#2959));
#545=EDGE_LOOP('',(#2960,#2961,#2962,#2963));
#546=EDGE_LOOP('',(#2964,#2965,#2966,#2967,#2968));
#547=EDGE_LOOP('',(#2969,#2970,#2971,#2972,#2973,#2974));
#548=EDGE_LOOP('',(#2975,#2976,#2977,#2978,#2979,#2980,#2981,#2982));
#549=EDGE_LOOP('',(#2983,#2984,#2985,#2986));
#550=EDGE_LOOP('',(#2987,#2988,#2989,#2990));
#551=EDGE_LOOP('',(#2991,#2992,#2993,#2994));
#552=EDGE_LOOP('',(#2995,#2996,#2997,#2998));
#553=EDGE_LOOP('',(#2999,#3000,#3001,#3002));
#554=EDGE_LOOP('',(#3003,#3004,#3005,#3006));
#555=EDGE_LOOP('',(#3007,#3008,#3009,#3010));
#556=EDGE_LOOP('',(#3011,#3012,#3013,#3014));
#557=EDGE_LOOP('',(#3015,#3016,#3017,#3018));
#558=EDGE_LOOP('',(#3019,#3020,#3021,#3022));
#559=EDGE_LOOP('',(#3023,#3024,#3025,#3026));
#560=EDGE_LOOP('',(#3027,#3028,#3029,#3030));
#561=EDGE_LOOP('',(#3031,#3032,#3033,#3034));
#562=EDGE_LOOP('',(#3035,#3036,#3037,#3038));
#563=EDGE_LOOP('',(#3039,#3040,#3041,#3042));
#564=EDGE_LOOP('',(#3043,#3044,#3045,#3046));
#565=EDGE_LOOP('',(#3047,#3048,#3049,#3050));
#566=EDGE_LOOP('',(#3051,#3052,#3053,#3054));
#567=EDGE_LOOP('',(#3055,#3056,#3057,#3058,#3059));
#568=EDGE_LOOP('',(#3060,#3061,#3062,#3063,#3064,#3065));
#569=EDGE_LOOP('',(#3066,#3067,#3068,#3069));
#570=EDGE_LOOP('',(#3070,#3071,#3072,#3073,#3074,#3075));
#571=EDGE_LOOP('',(#3076,#3077,#3078,#3079,#3080,#3081));
#572=EDGE_LOOP('',(#3082,#3083,#3084,#3085));
#573=EDGE_LOOP('',(#3086,#3087,#3088,#3089,#3090));
#574=EDGE_LOOP('',(#3091,#3092,#3093,#3094));
#575=EDGE_LOOP('',(#3095,#3096,#3097,#3098,#3099));
#576=EDGE_LOOP('',(#3100,#3101,#3102,#3103));
#577=EDGE_LOOP('',(#3104,#3105,#3106,#3107));
#578=EDGE_LOOP('',(#3108,#3109,#3110,#3111));
#579=EDGE_LOOP('',(#3112,#3113,#3114));
#580=EDGE_LOOP('',(#3115,#3116,#3117,#3118));
#581=EDGE_LOOP('',(#3119,#3120,#3121,#3122));
#582=EDGE_LOOP('',(#3123,#3124,#3125,#3126,#3127));
#583=EDGE_LOOP('',(#3128,#3129,#3130,#3131,#3132,#3133));
#584=EDGE_LOOP('',(#3134,#3135));
#585=EDGE_LOOP('',(#3136,#3137,#3138,#3139));
#586=EDGE_LOOP('',(#3140,#3141,#3142,#3143,#3144,#3145));
#587=EDGE_LOOP('',(#3146,#3147,#3148,#3149));
#588=EDGE_LOOP('',(#3150,#3151,#3152,#3153));
#589=EDGE_LOOP('',(#3154,#3155,#3156,#3157,#3158,#3159));
#590=EDGE_LOOP('',(#3160,#3161));
#591=EDGE_LOOP('',(#3162,#3163,#3164,#3165));
#592=EDGE_LOOP('',(#3166,#3167,#3168));
#593=B_SPLINE_CURVE_WITH_KNOTS('',3,(#4555,#4556,#4557,#4558,#4559,#4560),
 .UNSPECIFIED.,.F.,.F.,(4,2,4),(-0.385830191906262,-0.192914538458269,0.),
 .UNSPECIFIED.);
#594=B_SPLINE_CURVE_WITH_KNOTS('',3,(#4568,#4569,#4570,#4571,#4572,#4573),
 .UNSPECIFIED.,.F.,.F.,(4,2,4),(0.,0.232056079971574,0.548576878781461),
 .UNSPECIFIED.);
#595=B_SPLINE_CURVE_WITH_KNOTS('',3,(#4575,#4576,#4577,#4578,#4579,#4580,
#4581,#4582,#4583,#4584,#4585,#4586,#4587,#4588,#4589,#4590,#4591,#4592,
#4593,#4594,#4595,#4596,#4597,#4598,#4599,#4600,#4601,#4602,#4603,#4604,
#4605,#4606,#4607,#4608,#4609,#4610,#4611,#4612,#4613,#4614,#4615,#4616,
#4617,#4618,#4619,#4620,#4621,#4622,#4623,#4624,#4625,#4626,#4627,#4628,
#4629,#4630,#4631,#4632,#4633,#4634,#4635,#4636,#4637,#4638,#4639,#4640,
#4641,#4642,#4643,#4644,#4645,#4646,#4647,#4648,#4649,#4650,#4651,#4652,
#4653,#4654,#4655,#4656,#4657,#4658,#4659,#4660,#4661,#4662,#4663,#4664,
#4665,#4666,#4667,#4668,#4669,#4670,#4671),.UNSPECIFIED.,.F.,.F.,(4,3,3,
3,3,3,3,3,3,3,3,3,3,3,3,3,3,3,3,3,3,3,3,3,3,3,3,3,3,3,3,3,4),(0.,0.0706541920984568,
0.141308384196914,0.211962576295416,0.282616768393896,0.353270960492373,
0.423925152590836,0.494579344689279,0.565233536787746,0.63588772888618,
0.706541920984643,0.777196113083107,0.847850305181621,0.918504497280061,
0.989158689378541,1.05981288147701,1.13296392671209,1.20361811881056,1.27427231090904,
1.34492650300753,1.41558069510602,1.48623488720449,1.55688907930301,1.6275432714015,
1.69819746349998,1.76885165559846,1.83950584769691,1.91016003979541,1.98081423189385,
2.05146842399232,2.12212261609079,2.19277680818927,2.23022960523837),
 .UNSPECIFIED.);
#596=B_SPLINE_CURVE_WITH_KNOTS('',3,(#4675,#4676,#4677,#4678,#4679,#4680,
#4681,#4682,#4683,#4684,#4685,#4686,#4687,#4688,#4689,#4690,#4691,#4692,
#4693,#4694,#4695,#4696,#4697,#4698,#4699,#4700,#4701,#4702,#4703,#4704,
#4705,#4706,#4707,#4708,#4709,#4710,#4711,#4712,#4713,#4714,#4715,#4716,
#4717,#4718,#4719,#4720,#4721,#4722,#4723,#4724,#4725,#4726,#4727,#4728,
#4729,#4730,#4731,#4732,#4733,#4734,#4735,#4736,#4737,#4738,#4739,#4740,
#4741,#4742,#4743,#4744,#4745,#4746,#4747,#4748,#4749,#4750,#4751,#4752,
#4753,#4754,#4755,#4756,#4757,#4758,#4759,#4760,#4761,#4762,#4763,#4764,
#4765,#4766,#4767,#4768,#4769,#4770,#4771),.UNSPECIFIED.,.F.,.F.,(4,3,3,
3,3,3,3,3,3,3,3,3,3,3,3,3,3,3,3,3,3,3,3,3,3,3,3,3,3,3,3,3,4),(0.,0.0438654987697278,
0.0877309975394812,0.131596496309216,0.175461995078946,0.219327493848693,
0.263192992618433,0.307058491388125,0.350923990157824,0.394789488927554,
0.438654987697253,0.482520486467031,0.526385985236865,0.570251484006655,
0.614116982776451,0.65798248154617,0.702578068688431,0.746443567458175,
0.790309066227943,0.834174564997691,0.878040063767442,0.921905562537231,
0.965771061306995,1.00963656007672,1.05487097454492,1.09873647331469,1.14260197208447,
1.18646747085418,1.23033296962399,1.27419846839377,1.31806396716347,1.36192946593319,
1.37151187582235),.UNSPECIFIED.);
#597=B_SPLINE_CURVE_WITH_KNOTS('',3,(#4773,#4774,#4775,#4776),
 .UNSPECIFIED.,.F.,.F.,(4,4),(0.,0.545842788471829),.UNSPECIFIED.);
#598=B_SPLINE_CURVE_WITH_KNOTS('',3,(#4778,#4779,#4780,#4781),
 .UNSPECIFIED.,.F.,.F.,(4,4),(0.,0.54857687878142),.UNSPECIFIED.);
#599=B_SPLINE_CURVE_WITH_KNOTS('',3,(#4783,#4784,#4785,#4786,#4787,#4788,
#4789,#4790,#4791,#4792,#4793,#4794,#4795,#4796,#4797,#4798,#4799,#4800,
#4801,#4802,#4803,#4804,#4805,#4806,#4807,#4808,#4809,#4810,#4811,#4812,
#4813,#4814,#4815,#4816,#4817,#4818,#4819,#4820,#4821,#4822,#4823,#4824,
#4825,#4826,#4827,#4828,#4829,#4830,#4831,#4832,#4833,#4834,#4835,#4836,
#4837,#4838,#4839,#4840,#4841,#4842,#4843,#4844,#4845,#4846,#4847,#4848,
#4849,#4850,#4851,#4852,#4853,#4854,#4855,#4856,#4857,#4858,#4859,#4860,
#4861,#4862,#4863,#4864,#4865,#4866,#4867,#4868,#4869,#4870,#4871,#4872,
#4873,#4874,#4875,#4876,#4877,#4878,#4879),.UNSPECIFIED.,.F.,.F.,(4,3,3,
3,3,3,3,3,3,3,3,3,3,3,3,3,3,3,3,3,3,3,3,3,3,3,3,3,3,3,3,3,4),(0.,0.0707701109825241,
0.141540221965033,0.212310332947487,0.283080443930013,0.35385055491254,
0.424620665895082,0.495390776877617,0.566160887860106,0.636930998842605,
0.707701109825077,0.77847122080758,0.849241331790082,0.920011442772615,
0.990781553755143,1.06155166473768,1.13461083257218,1.2053809435547,1.27615105453721,
1.34692116551973,1.41769127650224,1.48846138748476,1.55923149846728,1.63000160944981,
1.70077172043232,1.77154183141484,1.84231194239737,1.91308205337989,1.98385216436242,
2.05462227534493,2.12539238632742,2.19616249730992,2.23049835008968),
 .UNSPECIFIED.);
#600=B_SPLINE_CURVE_WITH_KNOTS('',3,(#4883,#4884,#4885,#4886,#4887,#4888,
#4889,#4890,#4891,#4892,#4893,#4894,#4895,#4896,#4897,#4898,#4899,#4900,
#4901,#4902,#4903,#4904,#4905,#4906,#4907,#4908,#4909,#4910,#4911,#4912,
#4913,#4914,#4915,#4916,#4917,#4918,#4919,#4920,#4921,#4922,#4923,#4924,
#4925,#4926,#4927,#4928,#4929,#4930,#4931,#4932,#4933,#4934,#4935,#4936,
#4937,#4938,#4939,#4940,#4941,#4942,#4943,#4944,#4945,#4946,#4947,#4948,
#4949,#4950,#4951,#4952,#4953,#4954,#4955,#4956,#4957,#4958,#4959,#4960,
#4961,#4962,#4963,#4964,#4965,#4966,#4967),.UNSPECIFIED.,.F.,.F.,(4,3,3,
3,3,3,3,3,3,3,3,3,3,3,3,3,3,3,3,3,3,3,3,3,3,3,3,3,4),(0.,0.073815577788518,
0.147631155577065,0.221446733365653,0.29526231115412,0.369077888942632,
0.442893466731213,0.516709044519722,0.590524622308323,0.664340200096846,
0.738155777885493,0.811971355673845,0.885786933462392,0.960214687146395,
1.0340302649349,1.10784584272346,1.18166142051199,1.25547699830051,1.329292576089,
1.40310815387748,1.47692373166604,1.55188713925859,1.62570271704714,1.6995182948357,
1.7733338726242,1.84915815256976,1.92297373035824,1.99980236138234,2.07663099240644),
 .UNSPECIFIED.);
#601=B_SPLINE_CURVE_WITH_KNOTS('',3,(#4969,#4970,#4971,#4972),
 .UNSPECIFIED.,.F.,.F.,(4,4),(0.,0.964261257088953),.UNSPECIFIED.);
#602=B_SPLINE_CURVE_WITH_KNOTS('',3,(#4974,#4975,#4976,#4977,#4978,#4979,
#4980,#4981,#4982,#4983,#4984,#4985,#4986,#4987,#4988,#4989,#4990,#4991,
#4992,#4993,#4994,#4995,#4996,#4997,#4998,#4999,#5000,#5001,#5002,#5003,
#5004,#5005,#5006,#5007,#5008,#5009,#5010,#5011,#5012,#5013,#5014,#5015,
#5016,#5017,#5018,#5019,#5020,#5021,#5022,#5023,#5024,#5025,#5026,#5027,
#5028,#5029,#5030,#5031,#5032,#5033,#5034,#5035,#5036,#5037,#5038,#5039,
#5040,#5041,#5042,#5043,#5044,#5045,#5046,#5047,#5048,#5049,#5050,#5051,
#5052,#5053,#5054,#5055,#5056,#5057,#5058,#5059,#5060,#5061),
 .UNSPECIFIED.,.F.,.F.,(4,3,3,3,3,3,3,3,3,3,3,3,3,3,3,3,3,3,3,3,3,3,3,3,
3,3,3,3,3,4),(0.,0.0803661667240745,0.160732333448114,0.241098500172194,
0.321464666896262,0.401830833620285,0.482197000344297,0.5625631670683,0.64292933379235,
0.723295500516442,0.803661667240454,0.884027833964417,0.964394000688495,
1.04688939092697,1.12725555765101,1.20762172437504,1.28798789109911,1.36835405782315,
1.44872022454723,1.5290863912713,1.60945255799532,1.69381101880891,1.77417718553295,
1.85454335225695,1.93490951898103,2.01527568570515,2.09564185242918,2.17600801915337,
2.25637418587743,2.28432024450402),.UNSPECIFIED.);
#603=B_SPLINE_CURVE_WITH_KNOTS('',3,(#5065,#5066,#5067,#5068,#5069,#5070,
#5071,#5072,#5073,#5074,#5075,#5076,#5077,#5078,#5079,#5080,#5081,#5082,
#5083,#5084,#5085,#5086,#5087,#5088,#5089,#5090,#5091,#5092,#5093,#5094,
#5095,#5096,#5097,#5098,#5099,#5100,#5101,#5102,#5103,#5104,#5105,#5106,
#5107,#5108,#5109,#5110,#5111,#5112,#5113,#5114,#5115,#5116,#5117,#5118,
#5119,#5120,#5121,#5122,#5123,#5124,#5125,#5126,#5127,#5128,#5129,#5130,
#5131,#5132,#5133,#5134,#5135,#5136,#5137,#5138,#5139,#5140,#5141,#5142,
#5143,#5144,#5145,#5146,#5147,#5148,#5149,#5150,#5151,#5152,#5153,#5154,
#5155,#5156,#5157,#5158,#5159,#5160,#5161),.UNSPECIFIED.,.F.,.F.,(4,3,3,
3,3,3,3,3,3,3,3,3,3,3,3,3,3,3,3,3,3,3,3,3,3,3,3,3,3,3,3,3,4),(0.,0.0439781558440134,
0.0879563116880268,0.131934467532049,0.175912623376071,0.219890779220074,
0.263868935064092,0.307847090908147,0.35182524675213,0.395803402596116,
0.43978155844008,0.483759714283993,0.527737870128053,0.57171602597203,0.615694181816083,
0.659672337660219,0.704810446178875,0.748788602022884,0.792766757866894,
0.83674491371089,0.880723069554917,0.924701225398916,0.96867938124295,1.01265753708695,
1.05881060419592,1.10278876003993,1.14676691588393,1.19074507172791,1.23472322757198,
1.27870138341602,1.32267953926007,1.36665769510409,1.38188207395872),
 .UNSPECIFIED.);
#604=B_SPLINE_CURVE_WITH_KNOTS('',3,(#5163,#5164,#5165,#5166),
 .UNSPECIFIED.,.F.,.F.,(4,4),(0.,0.545842788471819),.UNSPECIFIED.);
#605=B_SPLINE_CURVE_WITH_KNOTS('',3,(#5168,#5169,#5170,#5171,#5172,#5173),
 .UNSPECIFIED.,.F.,.F.,(4,2,4),(0.,0.232056079971571,0.54857687878143),
 .UNSPECIFIED.);
#606=B_SPLINE_CURVE_WITH_KNOTS('',3,(#5175,#5176,#5177,#5178,#5179,#5180,
#5181,#5182,#5183,#5184,#5185,#5186,#5187,#5188,#5189,#5190,#5191,#5192,
#5193,#5194,#5195,#5196,#5197,#5198,#5199,#5200,#5201,#5202,#5203,#5204,
#5205,#5206,#5207,#5208,#5209,#5210,#5211,#5212,#5213,#5214,#5215,#5216,
#5217,#5218,#5219,#5220,#5221,#5222,#5223,#5224,#5225,#5226,#5227,#5228,
#5229,#5230,#5231,#5232,#5233,#5234,#5235,#5236,#5237,#5238,#5239,#5240,
#5241,#5242,#5243,#5244,#5245,#5246,#5247,#5248,#5249,#5250,#5251,#5252,
#5253,#5254,#5255,#5256,#5257,#5258,#5259,#5260,#5261,#5262,#5263,#5264,
#5265,#5266,#5267,#5268,#5269,#5270,#5271),.UNSPECIFIED.,.F.,.F.,(4,3,3,
3,3,3,3,3,3,3,3,3,3,3,3,3,3,3,3,3,3,3,3,3,3,3,3,3,3,3,3,3,4),(0.,0.0707701109825311,
0.141540221965013,0.212310332947547,0.283080443930035,0.353850554912532,
0.424620665895053,0.495390776877598,0.566160887860066,0.636930998842596,
0.707701109825134,0.77847122080764,0.849241331790194,0.92001144277263,0.99078155375521,
1.06155166473777,1.13461083257228,1.2053809435548,1.27615105453733,1.34692116551986,
1.41769127650238,1.48846138748489,1.5592314984674,1.63000160944991,1.70077172043245,
1.77154183141497,1.84231194239751,1.91308205338005,1.98385216436256,2.05462227534511,
2.12539238632762,2.19616249731016,2.23049835008997),.UNSPECIFIED.);
#607=B_SPLINE_CURVE_WITH_KNOTS('',3,(#5275,#5276,#5277,#5278,#5279,#5280,
#5281,#5282,#5283,#5284,#5285,#5286,#5287,#5288,#5289,#5290,#5291,#5292,
#5293,#5294,#5295,#5296,#5297,#5298,#5299,#5300,#5301,#5302,#5303,#5304,
#5305,#5306,#5307,#5308,#5309,#5310,#5311,#5312,#5313,#5314,#5315,#5316,
#5317,#5318,#5319,#5320,#5321,#5322,#5323,#5324,#5325,#5326,#5327,#5328,
#5329,#5330,#5331,#5332,#5333,#5334,#5335,#5336,#5337,#5338,#5339,#5340,
#5341,#5342,#5343,#5344,#5345,#5346,#5347,#5348,#5349,#5350,#5351,#5352,
#5353,#5354,#5355,#5356,#5357,#5358,#5359,#5360,#5361,#5362,#5363,#5364,
#5365,#5366,#5367,#5368,#5369,#5370,#5371),.UNSPECIFIED.,.F.,.F.,(4,3,3,
3,3,3,3,3,3,3,3,3,3,3,3,3,3,3,3,3,3,3,3,3,3,3,3,3,3,3,3,3,4),(0.,0.0440688692697808,
0.0881377385395733,0.132206607809354,0.176275477079169,0.220344346348962,
0.264413215618738,0.308482084888492,0.352550954158276,0.396619823428037,
0.440688692697822,0.484757561967598,0.528826431237387,0.572895300507154,
0.616964169776905,0.661033039046692,0.706528430488983,0.750597299758785,
0.794666169028563,0.838735038298355,0.882803907568145,0.926872776837933,
0.970941646107761,1.01501051537756,1.05907938464739,1.10314825391717,1.14721712318694,
1.19128599245672,1.23535486172643,1.2794237309962,1.32349260026596,1.36756146953574,
1.38895930212335),.UNSPECIFIED.);
#608=B_SPLINE_CURVE_WITH_KNOTS('',3,(#5373,#5374,#5375,#5376),
 .UNSPECIFIED.,.F.,.F.,(4,4),(0.,0.545842788471825),.UNSPECIFIED.);
#609=B_SPLINE_CURVE_WITH_KNOTS('',3,(#5447,#5448,#5449,#5450,#5451,#5452,
#5453,#5454,#5455,#5456,#5457,#5458,#5459,#5460,#5461,#5462,#5463,#5464,
#5465,#5466,#5467,#5468,#5469,#5470,#5471,#5472,#5473,#5474,#5475,#5476,
#5477,#5478,#5479,#5480,#5481,#5482,#5483,#5484,#5485,#5486,#5487,#5488,
#5489,#5490,#5491,#5492,#5493,#5494,#5495,#5496,#5497,#5498,#5499,#5500,
#5501,#5502,#5503,#5504,#5505,#5506,#5507,#5508,#5509,#5510,#5511,#5512,
#5513,#5514,#5515,#5516,#5517,#5518,#5519,#5520,#5521,#5522),
 .UNSPECIFIED.,.F.,.F.,(4,3,3,3,3,3,3,3,3,3,3,3,3,3,3,3,3,3,3,3,3,3,3,3,
3,4),(0.,0.000980822507381738,0.000984960697354891,0.00147123376107261,
0.00147723300423703,0.00196164501476347,0.00196932919946286,0.00276616355221021,
0.00294246752214521,0.00295248428748748,0.0036674488685942,0.00392329002952695,
0.00393416322929765,0.00468440825295414,0.00490411253690868,0.00491417849054578,
0.00563766760524432,0.00588493504429042,0.00589267431195512,0.0063332589043691,
0.00677129403473865,0.00686575755167215,0.00716526702678042,0.00746408575799735,
0.0077590167072062,0.00784658005905389),.UNSPECIFIED.);
#610=B_SPLINE_CURVE_WITH_KNOTS('',3,(#5524,#5525,#5526,#5527,#5528,#5529,
#5530,#5531,#5532,#5533,#5534,#5535,#5536,#5537,#5538,#5539,#5540,#5541,
#5542,#5543,#5544,#5545,#5546,#5547,#5548,#5549,#5550,#5551,#5552,#5553,
#5554,#5555,#5556,#5557,#5558,#5559,#5560,#5561,#5562,#5563,#5564,#5565,
#5566,#5567,#5568,#5569,#5570,#5571,#5572,#5573,#5574,#5575,#5576,#5577,
#5578,#5579,#5580,#5581,#5582,#5583,#5584,#5585,#5586,#5587,#5588,#5589,
#5590,#5591,#5592,#5593,#5594,#5595,#5596,#5597,#5598,#5599),
 .UNSPECIFIED.,.F.,.F.,(4,3,3,3,3,3,3,3,3,3,3,3,3,3,3,3,3,3,3,3,3,3,3,3,
3,4),(0.,0.000976459508474067,0.000980605252440663,0.00146489915124586,
0.00147090787866099,0.00195351706363705,0.00196121050488133,0.00282945847969937,
0.00293179247628562,0.00294181575732199,0.00364182298055384,0.00391155205780134,
0.00392242100976265,0.00460350919195031,0.00489297245491895,0.00490302626220331,
0.00556524038084222,0.00587590692625768,0.00588363151464397,0.00632203455263665,
0.00676117702893748,0.00686423676708463,0.00716695022912623,0.00746909696081127,
0.00776745155378184,0.0078448420195253),.UNSPECIFIED.);
#611=B_SPLINE_CURVE_WITH_KNOTS('',3,(#5605,#5606,#5607,#5608,#5609,#5610,
#5611,#5612,#5613,#5614),.UNSPECIFIED.,.F.,.F.,(4,2,2,2,4),(-0.593029303416739,
-0.556030609948736,-0.518991545760915,-0.481903159712665,-0.444773184149795),
 .UNSPECIFIED.);
#612=B_SPLINE_CURVE_WITH_KNOTS('',3,(#5647,#5648,#5649,#5650,#5651,#5652,
#5653,#5654,#5655,#5656,#5657,#5658,#5659,#5660,#5661,#5662,#5663,#5664,
#5665,#5666),.UNSPECIFIED.,.F.,.F.,(4,2,2,2,2,2,2,2,2,4),(0.,0.000346284711708987,
0.000692569423417974,0.00138513884683595,0.00207770827025393,0.00277027769367191,
0.00346284711708989,0.00415541654050787,0.00484798596392585,0.00554055538734383),
 .UNSPECIFIED.);
#613=B_SPLINE_CURVE_WITH_KNOTS('',3,(#5674,#5675,#5676,#5677,#5678,#5679,
#5680,#5681,#5682,#5683,#5684,#5685,#5686,#5687,#5688,#5689,#5690,#5691,
#5692,#5693,#5694,#5695,#5696,#5697,#5698,#5699,#5700,#5701,#5702,#5703,
#5704),.UNSPECIFIED.,.F.,.F.,(4,3,3,3,3,3,3,3,3,3,4),(0.,0.000585813916008267,
0.00117162783201653,0.0017574417480248,0.00234325566403307,0.00292906958004133,
0.0035148834960496,0.00385861280072745,0.00420247786496235,0.00453691322990208,
0.00468651132806614),.UNSPECIFIED.);
#614=B_SPLINE_CURVE_WITH_KNOTS('',3,(#5708,#5709,#5710,#5711,#5712,#5713,
#5714,#5715,#5716,#5717,#5718,#5719,#5720,#5721,#5722,#5723,#5724,#5725,
#5726,#5727,#5728,#5729,#5730,#5731,#5732,#5733,#5734,#5735,#5736,#5737,
#5738),.UNSPECIFIED.,.F.,.F.,(4,3,3,3,3,3,3,3,3,3,4),(0.,0.000585813910174132,
0.00117162782034826,0.0017574417305224,0.00234325564069653,0.00292906955087066,
0.00351488346104479,0.0038585316427653,0.00420231747140836,0.00453667720880035,
0.00468651128139306),.UNSPECIFIED.);
#615=B_SPLINE_CURVE_WITH_KNOTS('',3,(#5750,#5751,#5752,#5753,#5754,#5755,
#5756,#5757,#5758,#5759,#5760,#5761,#5762,#5763,#5764,#5765,#5766,#5767,
#5768,#5769,#5770,#5771,#5772,#5773,#5774),.UNSPECIFIED.,.F.,.F.,(4,3,3,
3,3,3,3,3,4),(0.,0.0516500974579418,0.114127404325066,0.182672140490947,
0.232069062564375,0.315584955793327,0.427562465553968,0.528098154201737,
0.548619779362931),.UNSPECIFIED.);
#616=B_SPLINE_CURVE_WITH_KNOTS('',3,(#5776,#5777,#5778,#5779,#5780,#5781,
#5782,#5783,#5784,#5785,#5786,#5787,#5788,#5789,#5790,#5791,#5792,#5793,
#5794,#5795,#5796,#5797,#5798,#5799,#5800,#5801,#5802,#5803,#5804,#5805,
#5806,#5807,#5808,#5809,#5810,#5811,#5812,#5813,#5814,#5815,#5816,#5817,
#5818,#5819,#5820,#5821,#5822,#5823,#5824,#5825,#5826,#5827,#5828,#5829,
#5830,#5831,#5832,#5833,#5834,#5835,#5836,#5837,#5838,#5839,#5840,#5841,
#5842,#5843,#5844,#5845,#5846,#5847,#5848,#5849,#5850,#5851,#5852,#5853,
#5854,#5855,#5856,#5857),.UNSPECIFIED.,.F.,.F.,(4,3,3,3,3,3,3,3,3,3,3,3,
3,3,3,3,3,3,3,3,3,3,3,3,3,3,3,4),(0.,0.0592465283357214,0.119835661315734,
0.18288419900367,0.232410382249584,0.287732393280417,0.348254656970896,
0.405798788172356,0.487750260898313,0.545216495661711,0.613575454447461,
0.681656669319553,0.766873739515738,0.841509746023393,0.884197434065494,
1.07307349174428,1.23946050503363,1.35797057079449,1.47754696119592,1.61033154315181,
1.6873117975904,1.79343562823909,1.87907352790231,1.89910955386615,1.98134412914177,
2.05350148396534,2.13834112568435,2.22967031053093),.UNSPECIFIED.);
#617=B_SPLINE_CURVE_WITH_KNOTS('',3,(#5861,#5862,#5863,#5864,#5865,#5866,
#5867,#5868,#5869,#5870,#5871,#5872,#5873,#5874,#5875,#5876,#5877,#5878,
#5879,#5880,#5881,#5882,#5883,#5884,#5885,#5886,#5887,#5888,#5889,#5890,
#5891,#5892,#5893,#5894,#5895,#5896,#5897,#5898,#5899,#5900,#5901,#5902,
#5903,#5904,#5905,#5906,#5907,#5908,#5909,#5910,#5911,#5912,#5913,#5914,
#5915,#5916,#5917,#5918,#5919,#5920,#5921,#5922,#5923,#5924,#5925,#5926,
#5927,#5928,#5929,#5930,#5931,#5932,#5933,#5934,#5935,#5936,#5937,#5938,
#5939),.UNSPECIFIED.,.F.,.F.,(4,3,3,3,3,3,3,3,3,3,3,3,3,3,3,3,3,3,3,3,3,
3,3,3,3,3,4),(0.,0.0455932416162249,0.102213277781231,0.143463086522132,
0.158833313946238,0.215153761092754,0.262437867419259,0.280619036998924,
0.333874095509564,0.396143075163285,0.409481731493677,0.505298619231462,
0.590697335806535,0.625817932711465,0.721120814384353,0.833961924899985,
0.910485317935077,0.954601353382973,0.989604289966684,1.01034645575099,
1.05446429508669,1.09346532635541,1.1278615541086,1.18365430196932,1.18841464081204,
1.30478977612813,1.38884479761621),.UNSPECIFIED.);
#618=B_SPLINE_CURVE_WITH_KNOTS('',3,(#5941,#5942,#5943,#5944,#5945,#5946,
#5947,#5948,#5949,#5950,#5951,#5952,#5953,#5954,#5955,#5956,#5957,#5958,
#5959,#5960,#5961,#5962,#5963,#5964,#5965),.UNSPECIFIED.,.F.,.F.,(4,3,3,
3,3,3,3,3,4),(0.,0.0978917015146759,0.206424286671527,0.290942148242821,
0.314956871828377,0.374072075809274,0.459978708513717,0.513051650016601,
0.545885341218161),.UNSPECIFIED.);
#619=B_SPLINE_CURVE_WITH_KNOTS('',3,(#5967,#5968,#5969,#5970,#5971,#5972,
#5973,#5974,#5975,#5976,#5977,#5978,#5979,#5980,#5981,#5982,#5983,#5984,
#5985,#5986,#5987,#5988,#5989,#5990,#5991),.UNSPECIFIED.,.F.,.F.,(4,3,3,
3,3,3,3,3,4),(0.,0.0516500974579117,0.114127404325207,0.182672140491042,
0.232069062564375,0.315584955791489,0.427562465550296,0.528098154202261,
0.548619779362931),.UNSPECIFIED.);
#620=B_SPLINE_CURVE_WITH_KNOTS('',3,(#5993,#5994,#5995,#5996,#5997,#5998,
#5999,#6000,#6001,#6002,#6003,#6004,#6005,#6006,#6007,#6008,#6009,#6010,
#6011,#6012,#6013,#6014,#6015,#6016,#6017,#6018,#6019,#6020,#6021,#6022,
#6023,#6024,#6025,#6026,#6027,#6028,#6029,#6030,#6031,#6032,#6033,#6034,
#6035,#6036,#6037,#6038,#6039,#6040,#6041,#6042,#6043,#6044,#6045,#6046,
#6047,#6048,#6049,#6050,#6051,#6052,#6053,#6054,#6055,#6056,#6057,#6058,
#6059,#6060,#6061,#6062,#6063,#6064,#6065,#6066,#6067,#6068,#6069,#6070,
#6071,#6072,#6073,#6074,#6075,#6076,#6077,#6078,#6079,#6080),
 .UNSPECIFIED.,.F.,.F.,(4,3,3,3,3,3,3,3,3,3,3,3,3,3,3,3,3,3,3,3,3,3,3,3,
3,3,3,3,3,4),(0.,0.0591201761242779,0.119557656885395,0.182376853229364,
0.22952924656626,0.286359868251489,0.333018615211776,0.37403231154551,0.379677362172063,
0.445305120715971,0.489040810739387,0.540518033621176,0.599074978254447,
0.668546345437902,0.728475883446292,0.766405026051493,0.903935552353912,
1.02746868071129,1.15020680422821,1.18278814022436,1.27882892340154,1.3860670087874,
1.41165190426918,1.48592098698504,1.5498902269012,1.57894216242377,1.6539136940777,
1.68470457373706,1.76317314976807,1.80352201786754),.UNSPECIFIED.);
#621=B_SPLINE_CURVE_WITH_KNOTS('',3,(#6084,#6085,#6086,#6087,#6088,#6089,
#6090,#6091,#6092,#6093,#6094,#6095,#6096,#6097,#6098,#6099,#6100,#6101,
#6102,#6103,#6104,#6105,#6106,#6107,#6108,#6109,#6110,#6111,#6112,#6113,
#6114,#6115,#6116,#6117,#6118,#6119,#6120,#6121,#6122,#6123,#6124,#6125,
#6126,#6127,#6128,#6129,#6130,#6131,#6132,#6133,#6134,#6135,#6136,#6137,
#6138,#6139,#6140,#6141,#6142,#6143,#6144,#6145,#6146,#6147,#6148,#6149,
#6150,#6151,#6152,#6153,#6154,#6155,#6156,#6157,#6158,#6159,#6160,#6161,
#6162,#6163,#6164,#6165,#6166,#6167,#6168),.UNSPECIFIED.,.F.,.F.,(4,3,3,
3,3,3,3,3,3,3,3,3,3,3,3,3,3,3,3,3,3,3,3,3,3,3,3,3,4),(0.,0.0889722461340005,
0.166969035476077,0.218054952426567,0.286650450728715,0.349640645836612,
0.384831469688097,0.478683660416528,0.53300131504726,0.583001565758243,
0.650903803384299,0.710072131547884,0.730969898181849,0.869873983384419,
1.01561853059023,1.16136307779603,1.23109781124198,1.30798381065562,1.37682552229326,
1.44232523554429,1.49408356445645,1.52103029992982,1.58423470369831,1.64206533141817,
1.69227227824397,1.77363377813508,1.78139483806156,1.94175969252919,2.06878757616289),
 .UNSPECIFIED.);
#622=B_SPLINE_CURVE_WITH_KNOTS('',3,(#6170,#6171,#6172,#6173,#6174,#6175,
#6176,#6177,#6178,#6179,#6180,#6181,#6182),.UNSPECIFIED.,.F.,.F.,(4,3,3,
3,4),(0.,0.269585392182195,0.453463125031097,0.799991522542727,0.964630585329596),
 .UNSPECIFIED.);
#623=B_SPLINE_CURVE_WITH_KNOTS('',3,(#6184,#6185,#6186,#6187,#6188,#6189,
#6190,#6191,#6192,#6193,#6194,#6195,#6196,#6197,#6198,#6199,#6200,#6201,
#6202,#6203,#6204,#6205,#6206,#6207,#6208,#6209,#6210,#6211,#6212,#6213,
#6214,#6215,#6216,#6217,#6218,#6219,#6220,#6221,#6222,#6223,#6224,#6225,
#6226,#6227,#6228,#6229,#6230,#6231,#6232,#6233,#6234,#6235,#6236,#6237,
#6238,#6239,#6240,#6241,#6242,#6243,#6244,#6245,#6246,#6247,#6248,#6249,
#6250,#6251,#6252,#6253,#6254,#6255,#6256,#6257,#6258,#6259,#6260,#6261,
#6262,#6263,#6264,#6265,#6266,#6267,#6268,#6269,#6270,#6271,#6272,#6273,
#6274,#6275,#6276,#6277),.UNSPECIFIED.,.F.,.F.,(4,3,3,3,3,3,3,3,3,3,3,3,
3,3,3,3,3,3,3,3,3,3,3,3,3,3,3,3,3,3,3,4),(0.,0.0597482808018112,0.120851663931297,
0.184449831244055,0.232966946425151,0.289965428432784,0.337709166480336,
0.378977673365695,0.385452904527888,0.450303244502916,0.495553115014436,
0.549787465105122,0.603404695564467,0.671367626362851,0.730931443627882,
0.763762211647719,0.889228628627223,1.01634588512857,1.13440003936167,1.14346314162991,
1.22198399278484,1.31068578903766,1.36190311463298,1.47379321550033,1.51316435494239,
1.56681925166058,1.63516683572624,1.65905661911223,1.72347633685784,1.79068144683294,
1.86365808320866,1.8690303962851),.UNSPECIFIED.);
#624=B_SPLINE_CURVE_WITH_KNOTS('',3,(#6281,#6282,#6283,#6284,#6285,#6286,
#6287,#6288,#6289,#6290,#6291,#6292,#6293,#6294,#6295,#6296,#6297,#6298,
#6299,#6300,#6301,#6302,#6303,#6304,#6305,#6306,#6307,#6308,#6309,#6310,
#6311,#6312,#6313,#6314,#6315,#6316,#6317,#6318,#6319,#6320,#6321,#6322,
#6323,#6324,#6325,#6326,#6327,#6328,#6329,#6330,#6331,#6332,#6333,#6334,
#6335,#6336,#6337,#6338,#6339,#6340,#6341,#6342,#6343,#6344,#6345,#6346,
#6347,#6348,#6349,#6350,#6351,#6352,#6353,#6354,#6355,#6356,#6357,#6358,
#6359),.UNSPECIFIED.,.F.,.F.,(4,3,3,3,3,3,3,3,3,3,3,3,3,3,3,3,3,3,3,3,3,
3,3,3,3,3,4),(0.,0.0455932416139736,0.102213277780121,0.143463086521463,
0.158833313946268,0.215153761092043,0.262437867418961,0.280619036998992,
0.33387409550942,0.396143075163168,0.409481731493784,0.505298619231054,
0.590697335805457,0.625817932711655,0.721120814383161,0.833961924898859,
0.910485317935434,0.954601353382797,0.989604289966894,1.01034645575142,
1.05446429508697,1.09346532635592,1.12786155410894,1.18365430197077,1.18841464081263,
1.30478977612929,1.38884479761721),.UNSPECIFIED.);
#625=B_SPLINE_CURVE_WITH_KNOTS('',3,(#6361,#6362,#6363,#6364,#6365,#6366,
#6367,#6368,#6369,#6370,#6371,#6372,#6373,#6374,#6375,#6376,#6377,#6378,
#6379,#6380,#6381,#6382,#6383,#6384,#6385),.UNSPECIFIED.,.F.,.F.,(4,3,3,
3,3,3,3,3,4),(0.,0.0978917015144499,0.206424286671413,0.290942148243276,
0.314956871828377,0.374072075808555,0.459978708513358,0.513051650016491,
0.545885341218161),.UNSPECIFIED.);
#626=B_SPLINE_CURVE_WITH_KNOTS('',3,(#6387,#6388,#6389,#6390,#6391,#6392,
#6393,#6394,#6395,#6396,#6397,#6398,#6399,#6400,#6401,#6402,#6403,#6404,
#6405,#6406,#6407,#6408,#6409,#6410,#6411),.UNSPECIFIED.,.F.,.F.,(4,3,3,
3,3,3,3,3,4),(0.,0.0516500974573046,0.11412740432454,0.182672140490765,
0.232069062564375,0.315584955793403,0.427562465554448,0.52809815420517,
0.548619779362921),.UNSPECIFIED.);
#627=B_SPLINE_CURVE_WITH_KNOTS('',3,(#6413,#6414,#6415,#6416,#6417,#6418,
#6419,#6420,#6421,#6422,#6423,#6424,#6425,#6426,#6427,#6428,#6429,#6430,
#6431,#6432,#6433,#6434,#6435,#6436,#6437,#6438,#6439,#6440,#6441,#6442,
#6443,#6444,#6445,#6446,#6447,#6448,#6449,#6450,#6451,#6452,#6453,#6454,
#6455,#6456,#6457,#6458,#6459,#6460,#6461,#6462,#6463,#6464,#6465,#6466,
#6467,#6468,#6469,#6470,#6471,#6472,#6473,#6474,#6475,#6476,#6477,#6478,
#6479,#6480,#6481,#6482,#6483,#6484,#6485,#6486,#6487,#6488,#6489,#6490,
#6491,#6492,#6493,#6494,#6495,#6496,#6497),.UNSPECIFIED.,.F.,.F.,(4,3,3,
3,3,3,3,3,3,3,3,3,3,3,3,3,3,3,3,3,3,3,3,3,3,3,3,3,4),(0.,0.0593159982749948,
0.119914015415808,0.18277844662653,0.226031315653451,0.284503862641189,
0.330185669102357,0.371624340741672,0.37491630453634,0.443121301552148,
0.48547763080293,0.534666781308181,0.60109575685674,0.676103040288224,0.73867840987161,
0.783461103398341,0.910545014986804,1.02545596314624,1.13829780039485,1.24778493635687,
1.29179674975219,1.39643627206767,1.48380118753499,1.54460714815744,1.61958416268902,
1.62790226015252,1.69199671675243,1.76251077292877,1.7914381302513),
 .UNSPECIFIED.);
#628=B_SPLINE_CURVE_WITH_KNOTS('',3,(#6501,#6502,#6503,#6504,#6505,#6506,
#6507,#6508,#6509,#6510,#6511,#6512,#6513,#6514,#6515,#6516,#6517,#6518,
#6519,#6520,#6521,#6522,#6523,#6524,#6525,#6526,#6527,#6528,#6529,#6530,
#6531,#6532,#6533,#6534,#6535,#6536,#6537,#6538,#6539,#6540,#6541,#6542,
#6543,#6544,#6545,#6546,#6547,#6548,#6549,#6550,#6551,#6552,#6553,#6554,
#6555,#6556,#6557,#6558,#6559,#6560,#6561,#6562,#6563,#6564,#6565,#6566,
#6567,#6568,#6569,#6570,#6571,#6572,#6573,#6574,#6575,#6576,#6577,#6578,
#6579),.UNSPECIFIED.,.F.,.F.,(4,3,3,3,3,3,3,3,3,3,3,3,3,3,3,3,3,3,3,3,3,
3,3,3,3,3,4),(0.,0.0457139812406135,0.10266002406003,0.14392486424435,0.159606066879447,
0.215754800854425,0.263104137437286,0.281931751184219,0.335423141580486,
0.398233725272513,0.411346181882003,0.509978584051204,0.597516434595722,
0.629049038991769,0.720151826398114,0.839606449686937,0.909266346436485,
0.953028652649955,0.98779004330353,1.0093876949246,1.06455263216325,1.09233138371071,
1.12669250267699,1.18222114125804,1.18657353767283,1.30295895408888,1.38791534960039),
 .UNSPECIFIED.);
#629=B_SPLINE_CURVE_WITH_KNOTS('',3,(#6580,#6581,#6582,#6583,#6584,#6585,
#6586,#6587,#6588,#6589,#6590,#6591,#6592,#6593,#6594,#6595,#6596,#6597,
#6598,#6599,#6600,#6601,#6602,#6603,#6604),.UNSPECIFIED.,.F.,.F.,(4,3,3,
3,3,3,3,3,4),(0.,0.0978917015140107,0.206424286671191,0.29094214824126,
0.31495687182837,0.37407207580878,0.459978708513464,0.513051650016501,0.545885341218148),
 .UNSPECIFIED.);
#630=B_SPLINE_CURVE_WITH_KNOTS('',3,(#6754,#6755,#6756,#6757),
 .UNSPECIFIED.,.F.,.F.,(4,4),(-0.070024428513672,0.),.UNSPECIFIED.);
#631=B_SPLINE_CURVE_WITH_KNOTS('',3,(#6824,#6825,#6826,#6827,#6828,#6829,
#6830,#6831,#6832,#6833,#6834,#6835,#6836,#6837,#6838,#6839,#6840,#6841,
#6842,#6843,#6844,#6845,#6846,#6847,#6848,#6849,#6850,#6851,#6852,#6853,
#6854,#6855,#6856,#6857,#6858,#6859,#6860,#6861,#6862,#6863,#6864,#6865,
#6866,#6867,#6868,#6869,#6870,#6871,#6872,#6873,#6874,#6875,#6876,#6877,
#6878,#6879,#6880,#6881,#6882,#6883,#6884,#6885,#6886,#6887,#6888,#6889,
#6890),.UNSPECIFIED.,.F.,.F.,(4,3,3,3,3,3,3,3,3,3,3,3,3,3,3,3,3,3,3,3,3,
3,4),(4.71238898038469,4.78671321451282,4.86169911051374,4.93802571263024,
5.01522548987057,5.09367583769553,5.11784126510859,5.19451377098505,5.2725377421578,
5.35089133124815,5.42892239600755,5.49650282751122,5.57378948453736,5.65018564224727,
5.68495179511837,5.76115279312089,5.83625943522098,5.87712063401151,5.95264410422172,
6.02727344879519,6.07695968940268,6.15261271938837,6.22375019155485),
 .UNSPECIFIED.);
#632=B_SPLINE_CURVE_WITH_KNOTS('',3,(#6894,#6895,#6896,#6897,#6898,#6899,
#6900,#6901,#6902,#6903,#6904,#6905,#6906,#6907,#6908,#6909),
 .UNSPECIFIED.,.F.,.F.,(4,2,2,2,2,2,2,4),(-1.27931605418331E-5,0.0014972125785466,
0.0022522154480908,0.003007218317635,0.0037622211871792,0.0045172240567234,
0.0052722269262676,0.00602722979581179),.UNSPECIFIED.);
#633=B_SPLINE_CURVE_WITH_KNOTS('',3,(#6961,#6962,#6963,#6964,#6965,#6966),
 .UNSPECIFIED.,.F.,.F.,(4,2,4),(0.,0.0391803256069734,0.0773524411562081),
 .UNSPECIFIED.);
#634=B_SPLINE_CURVE_WITH_KNOTS('',3,(#7027,#7028,#7029,#7030,#7031,#7032,
#7033,#7034,#7035,#7036,#7037,#7038,#7039,#7040,#7041,#7042,#7043,#7044,
#7045,#7046,#7047,#7048,#7049,#7050,#7051,#7052,#7053,#7054,#7055,#7056,
#7057,#7058,#7059,#7060,#7061,#7062,#7063,#7064,#7065,#7066,#7067,#7068,
#7069,#7070,#7071,#7072,#7073,#7074,#7075,#7076,#7077,#7078,#7079,#7080,
#7081,#7082,#7083,#7084,#7085,#7086,#7087,#7088,#7089,#7090,#7091,#7092,
#7093,#7094,#7095,#7096,#7097,#7098,#7099),.UNSPECIFIED.,.F.,.F.,(4,3,3,
3,3,3,3,3,3,3,3,3,3,3,3,3,3,3,3,3,3,3,3,3,4),(-1.2793089176995E-5,0.000366982628186986,
0.000723184589822086,0.00107598814350366,0.00142513459137119,0.00150630978027893,
0.00166723644989436,0.00213804582774862,0.00228699174329955,0.0026907512035907,
0.00309328212385407,0.00334726598896571,0.00364427394587698,0.00393239612132431,
0.00418728075850143,0.0043680091654142,0.00460506952180629,0.00481516338878477,
0.00502729552803715,0.00527408331914294,0.0055260650043726,0.00574463337105042,
0.00586731029757286,0.00640452589340017,0.00670732506710858),
 .UNSPECIFIED.);
#635=B_SPLINE_CURVE_WITH_KNOTS('',3,(#7119,#7120,#7121,#7122,#7123,#7124,
#7125,#7126,#7127,#7128),.UNSPECIFIED.,.F.,.F.,(4,2,2,2,4),(-0.148256119266943,
-0.11112614370407,-0.0740377576558268,-0.0369986934680071,0.),
 .UNSPECIFIED.);
#636=B_SPLINE_CURVE_WITH_KNOTS('',3,(#7206,#7207,#7208,#7209,#7210,#7211,
#7212,#7213,#7214,#7215,#7216,#7217,#7218,#7219,#7220,#7221,#7222,#7223,
#7224,#7225,#7226,#7227,#7228,#7229,#7230,#7231,#7232,#7233,#7234,#7235,
#7236,#7237,#7238,#7239,#7240,#7241,#7242,#7243,#7244,#7245,#7246,#7247,
#7248,#7249,#7250,#7251,#7252,#7253,#7254,#7255,#7256,#7257,#7258,#7259,
#7260,#7261,#7262,#7263),.UNSPECIFIED.,.F.,.F.,(4,3,3,3,3,3,3,3,3,3,3,3,
3,3,3,3,3,3,3,4),(0.,0.000252807418696439,0.000520168701635021,0.000787529984573603,
0.00115705205168509,0.00152740776146336,0.00157499715931433,0.00157505996914721,
0.00236249736868666,0.00236258995372081,0.00314999648238314,0.00315011993829441,
0.00393749594058892,0.00393764992286802,0.00472501660269529,0.00472517990744162,
0.00511879115515374,0.00551258326516821,0.00551270989201522,0.00630023987658882),
 .UNSPECIFIED.);
#637=B_SPLINE_CURVE_WITH_KNOTS('',3,(#7320,#7321,#7322,#7323,#7324,#7325,
#7326,#7327,#7328,#7329,#7330,#7331,#7332,#7333,#7334,#7335,#7336,#7337,
#7338,#7339,#7340,#7341,#7342,#7343,#7344,#7345,#7346,#7347,#7348,#7349,
#7350,#7351,#7352,#7353,#7354,#7355,#7356,#7357,#7358,#7359,#7360,#7361,
#7362,#7363,#7364,#7365,#7366,#7367,#7368,#7369,#7370,#7371,#7372,#7373,
#7374,#7375,#7376,#7377),.UNSPECIFIED.,.F.,.F.,(4,3,3,3,3,3,3,3,3,3,3,3,
3,3,3,3,3,3,3,4),(0.,0.000252950640576122,0.000520253380747629,0.000787556120919137,
0.00115268529845062,0.00151844852025277,0.00157511224183827,0.0015752721852229,
0.00236266836275741,0.00236281756227778,0.00315022448367655,0.00315034520087833,
0.00393778060459569,0.00393787069292022,0.00472533672551482,0.00472539769059698,
0.00511916113549626,0.00551289284643396,0.0055129242320302,0.0063004489673531),
 .UNSPECIFIED.);
#638=B_SPLINE_CURVE_WITH_KNOTS('',3,(#7490,#7491,#7492,#7493,#7494,#7495,
#7496,#7497,#7498,#7499,#7500,#7501,#7502,#7503,#7504,#7505,#7506,#7507,
#7508,#7509,#7510,#7511,#7512,#7513,#7514,#7515,#7516,#7517,#7518,#7519,
#7520,#7521,#7522,#7523,#7524,#7525,#7526,#7527,#7528,#7529,#7530,#7531,
#7532,#7533,#7534,#7535,#7536,#7537,#7538,#7539,#7540,#7541,#7542,#7543,
#7544,#7545,#7546,#7547,#7548,#7549,#7550,#7551,#7552,#7553,#7554,#7555,
#7556,#7557,#7558,#7559,#7560,#7561,#7562,#7563,#7564,#7565,#7566,#7567,
#7568,#7569,#7570,#7571,#7572,#7573,#7574,#7575,#7576,#7577,#7578,#7579,
#7580,#7581,#7582,#7583,#7584,#7585,#7586,#7587,#7588,#7589,#7590,#7591,
#7592,#7593,#7594,#7595,#7596,#7597,#7598,#7599,#7600,#7601,#7602,#7603,
#7604,#7605,#7606,#7607,#7608,#7609,#7610,#7611,#7612,#7613,#7614,#7615,
#7616),.UNSPECIFIED.,.F.,.F.,(4,3,3,3,3,3,3,3,3,3,3,3,3,3,3,3,3,3,3,3,3,
3,3,3,3,3,3,3,3,3,3,3,3,3,3,3,3,3,3,3,3,3,4),(-6.00000000034823E-8,0.000321632610794062,
0.000607267616770686,0.000641282937384111,0.0008893288252186,0.00114837157927427,
0.00123984229987326,0.00128262587476823,0.00155511446929599,0.00184370641468509,
0.00189218700909005,0.00192396881215234,0.00237656009253624,0.00255595507528303,
0.00256531174953645,0.00292634057366402,0.00322649716994287,0.00357699548419523,
0.00384799762430475,0.00389774269676288,0.00400833335865079,0.00417398855684113,
0.00424883696016985,0.00436908876092937,0.0044893405616889,0.00455296015286539,
0.00456950842886193,0.00462963432924171,0.00471143451782066,0.00471982317981137,
0.0047649176050962,0.00478746481773861,0.00481001203038103,0.00485944511439555,
0.00491519814438764,0.00497034776472709,0.00498036874812372,0.00498506608409089,
0.00503274380533201,0.00505787479158202,0.00507607696845481,0.00510338023376398,
0.00513068349907312),.UNSPECIFIED.);
#639=B_SPLINE_CURVE_WITH_KNOTS('',3,(#7745,#7746,#7747,#7748,#7749,#7750,
#7751,#7752,#7753,#7754,#7755,#7756,#7757,#7758,#7759,#7760,#7761,#7762,
#7763,#7764,#7765,#7766,#7767,#7768,#7769,#7770,#7771,#7772,#7773,#7774,
#7775,#7776,#7777,#7778,#7779,#7780,#7781,#7782,#7783,#7784,#7785,#7786,
#7787,#7788,#7789,#7790,#7791,#7792,#7793,#7794,#7795,#7796,#7797,#7798,
#7799,#7800,#7801,#7802,#7803,#7804,#7805,#7806,#7807,#7808,#7809,#7810,
#7811,#7812,#7813,#7814,#7815,#7816,#7817),.UNSPECIFIED.,.F.,.F.,(4,3,3,
3,3,3,3,3,3,3,3,3,3,3,3,3,3,3,3,3,3,3,3,3,4),(-4.44089209850063E-15,0.0709708975197136,
0.14239958945332,0.209621716597381,0.280072716046095,0.351392371348811,
0.407168327920988,0.47818223354055,0.550218717940941,0.597843088981942,
0.670140330014809,0.743236289635249,0.785369719426069,0.859021550465601,
0.932714984378359,0.972899153549653,1.0469722455505,1.1201386542477,1.16358280888485,
1.23760261625893,1.31069147041723,1.38241999747307,1.45347483882839,1.52375375704224,
1.5707963267949),.UNSPECIFIED.);
#640=B_SPLINE_CURVE_WITH_KNOTS('',3,(#7821,#7822,#7823,#7824,#7825,#7826,
#7827,#7828,#7829,#7830,#7831,#7832,#7833,#7834,#7835,#7836,#7837,#7838,
#7839,#7840),.UNSPECIFIED.,.F.,.F.,(4,2,2,2,2,2,2,2,2,4),(0.,0.000684767956420154,
0.00136953591284031,0.00205430386926046,0.00273907182568062,0.00342383978210077,
0.00410860773852093,0.00479337569494108,0.00513575967315109,0.0054781436513611),
 .UNSPECIFIED.);
#641=B_SPLINE_CURVE_WITH_KNOTS('',3,(#7844,#7845,#7846,#7847,#7848,#7849,
#7850,#7851,#7852,#7853,#7854,#7855,#7856,#7857,#7858,#7859,#7860,#7861,
#7862,#7863,#7864,#7865,#7866,#7867,#7868,#7869,#7870,#7871,#7872,#7873,
#7874,#7875,#7876,#7877,#7878,#7879,#7880,#7881,#7882,#7883,#7884,#7885,
#7886,#7887,#7888,#7889,#7890,#7891,#7892,#7893,#7894,#7895,#7896,#7897,
#7898,#7899,#7900,#7901,#7902,#7903,#7904,#7905,#7906,#7907,#7908,#7909,
#7910,#7911,#7912,#7913,#7914,#7915,#7916),.UNSPECIFIED.,.F.,.F.,(4,3,3,
3,3,3,3,3,3,3,3,3,3,3,3,3,3,3,3,3,3,3,3,3,4),(3.1725817852352,3.2434983593227,
3.31489515739066,3.37755985380453,3.44803376812189,3.5193800641104,3.57118761826047,
3.64226032602578,3.71434911454772,3.75831665647337,3.83067366565066,3.90381867874963,
3.94245932872285,4.01614751632617,4.08987807131319,4.12660459271928,4.2007062007548,
4.27392105290969,4.31374183732795,4.38779294723109,4.460917089206,4.53268686626116,
4.60377300751911,4.67407839974914,4.71238898038468),.UNSPECIFIED.);
#642=B_SPLINE_CURVE_WITH_KNOTS('',3,(#7918,#7919,#7920,#7921,#7922,#7923,
#7924,#7925,#7926,#7927,#7928,#7929,#7930,#7931,#7932,#7933,#7934,#7935,
#7936,#7937,#7938,#7939,#7940,#7941,#7942,#7943,#7944,#7945,#7946,#7947,
#7948,#7949,#7950,#7951,#7952,#7953,#7954,#7955,#7956,#7957,#7958,#7959,
#7960,#7961,#7962,#7963,#7964,#7965,#7966,#7967,#7968,#7969,#7970,#7971,
#7972,#7973,#7974,#7975,#7976,#7977,#7978,#7979,#7980,#7981,#7982,#7983,
#7984,#7985,#7986,#7987,#7988,#7989,#7990),.UNSPECIFIED.,.F.,.F.,(4,3,3,
3,3,3,3,3,3,3,3,3,3,3,3,3,3,3,3,3,3,3,3,3,4),(-1.77635683940025E-15,0.0709708975086533,
0.142399589430578,0.209621716597428,0.280072716051641,0.351392371356061,
0.407168327921586,0.478182233536156,0.550218717930038,0.597843088983265,
0.670140330014351,0.743236289631747,0.785369719428086,0.859021550465395,
0.932714984384854,0.972899153552169,1.04697224556065,1.12013865427462,1.16358280888746,
1.23760261626151,1.31069147042067,1.38241999747686,1.45347483883233,1.52375375704662,
1.5707963267949),.UNSPECIFIED.);
#643=B_SPLINE_CURVE_WITH_KNOTS('',3,(#7993,#7994,#7995,#7996),
 .UNSPECIFIED.,.F.,.F.,(4,4),(0.,0.000154958357997204),.UNSPECIFIED.);
#644=B_SPLINE_CURVE_WITH_KNOTS('',3,(#7999,#8000,#8001,#8002,#8003,#8004,
#8005,#8006,#8007,#8008,#8009,#8010,#8011,#8012,#8013,#8014,#8015,#8016,
#8017,#8018,#8019,#8020,#8021,#8022,#8023,#8024,#8025,#8026,#8027,#8028,
#8029,#8030,#8031,#8032,#8033,#8034,#8035,#8036,#8037,#8038,#8039,#8040,
#8041,#8042,#8043,#8044,#8045,#8046,#8047,#8048,#8049,#8050,#8051,#8052,
#8053,#8054,#8055,#8056,#8057,#8058,#8059,#8060,#8061,#8062,#8063,#8064,
#8065,#8066,#8067,#8068,#8069,#8070,#8071),.UNSPECIFIED.,.F.,.F.,(4,3,3,
3,3,3,3,3,3,3,3,3,3,3,3,3,3,3,3,3,3,3,3,3,4),(3.1725817852352,3.24349835933437,
3.31489515741454,3.37755985380448,3.44803376812479,3.51938006411508,3.57118761826028,
3.64226032602159,3.71434911454045,3.75831665647302,3.83067366565164,3.90381867875198,
3.94245932872236,4.01614751632719,4.08987807131731,4.12660459271869,4.20070620076094,
4.27392105292652,4.31374183732736,4.38779294723313,4.46091708921105,4.5326868662697,
4.60377300753072,4.67407839976422,4.71238898038469),.UNSPECIFIED.);
#645=B_SPLINE_CURVE_WITH_KNOTS('',3,(#8086,#8087,#8088,#8089),
 .UNSPECIFIED.,.F.,.F.,(4,4),(0.,7.62879504505487E-5),.UNSPECIFIED.);
#646=B_SPLINE_CURVE_WITH_KNOTS('',3,(#8136,#8137,#8138,#8139,#8140,#8141,
#8142,#8143,#8144,#8145,#8146,#8147,#8148,#8149,#8150,#8151,#8152,#8153,
#8154,#8155,#8156,#8157,#8158,#8159,#8160,#8161,#8162,#8163,#8164,#8165,
#8166,#8167,#8168,#8169,#8170,#8171,#8172,#8173,#8174,#8175,#8176,#8177,
#8178,#8179,#8180,#8181,#8182,#8183,#8184,#8185,#8186,#8187,#8188,#8189,
#8190,#8191,#8192,#8193,#8194,#8195,#8196,#8197,#8198,#8199,#8200,#8201,
#8202,#8203,#8204,#8205),.UNSPECIFIED.,.F.,.F.,(4,3,3,3,3,3,3,3,3,3,3,3,
3,3,3,3,3,3,3,3,3,3,3,4),(4.71238898038469,4.78663356865537,4.86147220776509,
4.93757961305217,5.01453838441167,5.09278233096391,5.11960249791936,5.19603669838515,
5.2739159760314,5.35222202064198,5.43038626871559,5.49781558859961,5.57516755785124,
5.65172094083027,5.68534221962356,5.76164515579694,5.83686784113615,5.87601698097801,
5.95157706182449,6.0261959907265,6.07356359201149,6.14919594431588,6.22430903959552,
6.28318530717959),.UNSPECIFIED.);
#647=B_SPLINE_CURVE_WITH_KNOTS('',3,(#8333,#8334,#8335,#8336,#8337,#8338,
#8339,#8340,#8341,#8342,#8343,#8344,#8345,#8346,#8347,#8348,#8349,#8350,
#8351,#8352,#8353,#8354,#8355,#8356,#8357,#8358,#8359,#8360,#8361,#8362,
#8363,#8364,#8365,#8366,#8367,#8368,#8369,#8370,#8371,#8372,#8373,#8374,
#8375,#8376,#8377,#8378,#8379,#8380,#8381,#8382,#8383,#8384,#8385,#8386,
#8387,#8388,#8389,#8390,#8391,#8392,#8393),.UNSPECIFIED.,.F.,.F.,(4,3,3,
3,3,3,3,3,3,3,3,3,3,3,3,3,3,3,3,3,4),(0.,0.000280689449366937,0.000563665642391229,
0.000656676419180961,0.000941668937651447,0.0012264153090988,0.00131335283836192,
0.00164169104795238,0.00196351390417914,0.00229510979045145,0.00262670567672375,
0.00292431700405005,0.00322496067834397,0.00352536409803912,0.00382300406483996,
0.00394005851508558,0.00422142758130163,0.00450562467996644,0.00478974070927518,
0.00507150957786179,0.00525341135344741),.UNSPECIFIED.);
#648=B_SPLINE_CURVE_WITH_KNOTS('',3,(#8394,#8395,#8396,#8397,#8398,#8399,
#8400,#8401,#8402,#8403,#8404,#8405,#8406,#8407,#8408,#8409,#8410,#8411,
#8412,#8413,#8414,#8415,#8416,#8417,#8418,#8419,#8420,#8421,#8422,#8423,
#8424,#8425,#8426,#8427,#8428,#8429,#8430,#8431,#8432,#8433,#8434,#8435,
#8436,#8437,#8438,#8439,#8440,#8441,#8442,#8443,#8444,#8445,#8446,#8447,
#8448,#8449,#8450,#8451,#8452,#8453,#8454),.UNSPECIFIED.,.F.,.F.,(4,3,3,
3,3,3,3,3,3,3,3,3,3,3,3,3,3,3,3,3,4),(0.,0.000280183104721942,0.00056351481380855,
0.0008469694433012,0.00112837986086048,0.00130987196866817,0.00160613227805517,
0.00190584992538697,0.002205604640025,0.00250297780897589,0.00261974393733635,
0.00294721192950339,0.00326805786387867,0.00359883688494159,0.00392961590600452,
0.00421358195168968,0.00449780879690576,0.00458455189033861,0.00486684584128887,
0.00514704716128842,0.00523948787467269),.UNSPECIFIED.);
#649=B_SPLINE_CURVE_WITH_KNOTS('',3,(#8471,#8472,#8473,#8474,#8475,#8476,
#8477,#8478,#8479,#8480,#8481,#8482,#8483,#8484),.UNSPECIFIED.,.F.,.F.,
(4,2,2,2,2,2,4),(0.,0.00163465812011359,0.00326931624022717,0.00408664530028396,
0.00490397436034076,0.00572130342039755,0.00653863248045434),
 .UNSPECIFIED.);
#650=B_SPLINE_CURVE_WITH_KNOTS('',3,(#8492,#8493,#8494,#8495,#8496,#8497,
#8498,#8499,#8500,#8501,#8502,#8503,#8504,#8505),.UNSPECIFIED.,.F.,.F.,
(4,2,2,2,2,2,4),(0.,0.000819429075014441,0.00163885815002888,0.00245828722504332,
0.00327771630005776,0.00491657445008664,0.00655543260011552),
 .UNSPECIFIED.);
#651=B_SPLINE_CURVE_WITH_KNOTS('',3,(#8532,#8533,#8534,#8535,#8536,#8537,
#8538,#8539,#8540,#8541,#8542,#8543,#8544,#8545,#8546,#8547,#8548,#8549,
#8550,#8551,#8552,#8553,#8554,#8555,#8556,#8557,#8558,#8559,#8560,#8561,
#8562,#8563,#8564,#8565,#8566,#8567,#8568,#8569,#8570,#8571,#8572,#8573,
#8574,#8575,#8576,#8577),.UNSPECIFIED.,.F.,.F.,(4,3,3,3,3,3,3,3,3,3,3,3,
3,3,3,4),(-5.9999999864146E-8,0.000282184431136721,0.000570805808724161,
0.000787421292981964,0.000787423475534805,0.00157490258596379,0.0015749060671864,
0.00196864323245471,0.00196864670024757,0.00236238387894562,0.00236238692545239,
0.0025166732105251,0.00267184254230637,0.00275612452543653,0.00305250294853834,
0.00314986517192745),.UNSPECIFIED.);
#652=B_SPLINE_CURVE_WITH_KNOTS('',3,(#8608,#8609,#8610,#8611,#8612,#8613,
#8614,#8615,#8616,#8617,#8618,#8619,#8620,#8621,#8622,#8623,#8624,#8625,
#8626,#8627,#8628,#8629,#8630,#8631,#8632,#8633,#8634,#8635,#8636,#8637,
#8638,#8639,#8640,#8641,#8642,#8643,#8644,#8645,#8646,#8647,#8648,#8649,
#8650,#8651,#8652,#8653,#8654,#8655,#8656),.UNSPECIFIED.,.F.,.F.,(4,3,3,
3,3,3,3,3,3,3,3,3,3,3,3,3,4),(-6.00000000026101E-8,0.000282216710307764,
0.000570865522164541,0.000787417093601066,0.000787421118209114,0.0015748967627312,
0.00157490223641823,0.00196863777507108,0.00196864279552279,0.00236237951237055,
0.00236238335462735,0.00251666550436048,0.0026718306189157,0.00275612391373191,
0.00291478518841716,0.00307127023183914,0.00314986447283646),
 .UNSPECIFIED.);
#653=B_SPLINE_CURVE_WITH_KNOTS('',3,(#8698,#8699,#8700,#8701,#8702,#8703,
#8704,#8705,#8706,#8707,#8708,#8709,#8710,#8711,#8712,#8713,#8714,#8715,
#8716,#8717,#8718,#8719,#8720,#8721,#8722,#8723,#8724,#8725,#8726,#8727,
#8728,#8729,#8730,#8731,#8732,#8733,#8734,#8735,#8736,#8737,#8738,#8739,
#8740,#8741,#8742,#8743),.UNSPECIFIED.,.F.,.F.,(4,3,3,3,3,3,3,3,3,3,3,3,
3,3,3,4),(-6.0000000086191E-8,0.000282173874326211,0.000570785912442468,
0.000787422209077653,0.000787426043928537,0.00157490441815539,0.00157491020409869,
0.0019686455226942,0.00196865110248213,0.00236238662723301,0.00236239128371696,
0.0025166783759624,0.00267184852071602,0.00275612773177182,0.00305249519227123,
0.00314986883631063),.UNSPECIFIED.);
#654=B_SPLINE_CURVE_WITH_KNOTS('',3,(#8891,#8892,#8893,#8894,#8895,#8896,
#8897,#8898,#8899,#8900,#8901,#8902,#8903,#8904,#8905,#8906,#8907,#8908,
#8909,#8910,#8911,#8912,#8913,#8914,#8915,#8916,#8917,#8918,#8919,#8920,
#8921,#8922,#8923,#8924,#8925,#8926,#8927,#8928,#8929,#8930,#8931,#8932,
#8933,#8934,#8935,#8936,#8937,#8938,#8939,#8940,#8941,#8942,#8943,#8944,
#8945,#8946,#8947,#8948,#8949,#8950,#8951,#8952,#8953,#8954,#8955,#8956,
#8957,#8958,#8959,#8960,#8961,#8962,#8963,#8964,#8965,#8966,#8967,#8968,
#8969,#8970,#8971,#8972,#8973,#8974,#8975,#8976,#8977,#8978,#8979,#8980,
#8981,#8982,#8983,#8984,#8985,#8986,#8987,#8988,#8989,#8990,#8991,#8992,
#8993,#8994,#8995,#8996,#8997,#8998,#8999,#9000,#9001,#9002,#9003,#9004,
#9005,#9006,#9007,#9008,#9009,#9010,#9011,#9012,#9013,#9014),
 .UNSPECIFIED.,.F.,.F.,(4,3,3,3,3,3,3,3,3,3,3,3,3,3,3,3,3,3,3,3,3,3,3,3,
3,3,3,3,3,3,3,3,3,3,3,3,3,3,3,3,3,4),(-5.99999992004844E-8,4.01423943240787E-5,
9.07663773172089E-5,0.000100445985808998,0.000130597781551457,0.000138135730487072,
0.000143789192188783,0.00015226938474135,0.000160749577293916,0.000212111990336793,
0.000267042485208274,0.000272548647633619,0.000321559154587033,0.000341660351748681,
0.00041919442666252,0.000492419330461037,0.000530109075139127,0.000580050371873912,
0.000643178309173394,0.000723583097819971,0.000883966980732237,0.00100499985808299,
0.0011457082382145,0.00123800671304355,0.00128641661834601,0.00168247274082258,
0.00190956487949943,0.00232505501022067,0.00257289323669118,0.00258270874643274,
0.00292439242938253,0.0032495079697754,0.00358093254021219,0.00385936985503634,
0.00390279618783692,0.00414205969372718,0.00436463653864498,0.00450260816420889,
0.00453763694116649,0.00481433780781925,0.00506787715256595,0.00514584647338145),
 .UNSPECIFIED.);
#655=B_SPLINE_CURVE_WITH_KNOTS('',3,(#9189,#9190,#9191,#9192,#9193,#9194,
#9195,#9196,#9197,#9198,#9199,#9200,#9201,#9202,#9203,#9204,#9205,#9206,
#9207,#9208,#9209,#9210,#9211,#9212,#9213,#9214,#9215,#9216,#9217,#9218,
#9219,#9220,#9221,#9222,#9223,#9224,#9225,#9226,#9227,#9228,#9229,#9230,
#9231,#9232,#9233,#9234,#9235,#9236,#9237),.UNSPECIFIED.,.F.,.F.,(4,3,3,
3,3,3,3,3,3,3,3,3,3,3,3,3,4),(-5.99999999732465E-8,0.000282208709929449,
0.000570850900008341,0.000787418425219316,0.00078742083089025,0.00157489849247258,
0.00157490166178047,0.00196863919050633,0.00196864207722557,0.00236238029313158,
0.00236238249267067,0.00251666472505855,0.00267182993529593,0.00275612290811577,
0.00291478558789635,0.00307127213185265,0.00314986332356086),
 .UNSPECIFIED.);
#656=B_SPLINE_CURVE_WITH_KNOTS('',3,(#9282,#9283,#9284,#9285,#9286,#9287,
#9288,#9289,#9290,#9291,#9292,#9293,#9294,#9295,#9296,#9297,#9298,#9299,
#9300,#9301,#9302,#9303,#9304,#9305,#9306,#9307,#9308,#9309,#9310,#9311,
#9312,#9313,#9314,#9315,#9316,#9317,#9318,#9319,#9320,#9321,#9322,#9323,
#9324),.UNSPECIFIED.,.F.,.F.,(4,3,3,3,3,3,3,3,3,3,3,3,3,3,4),(0.,0.000117891477610913,
0.000237461002840507,0.000356613571118762,0.000390541381654587,0.000585812072711903,
0.000781082763309175,0.000905255785905827,0.00102948997965009,0.00114031143479047,
0.00117205813568496,0.00119304319626895,0.00131979874085324,0.00144667798987917,
0.00156216552661832),.UNSPECIFIED.);
#657=B_SPLINE_CURVE_WITH_KNOTS('',3,(#9367,#9368,#9369,#9370,#9371,#9372,
#9373,#9374,#9375,#9376,#9377,#9378,#9379,#9380,#9381,#9382,#9383,#9384,
#9385,#9386,#9387,#9388,#9389,#9390,#9391,#9392,#9393,#9394,#9395,#9396,
#9397,#9398,#9399,#9400,#9401,#9402,#9403,#9404,#9405,#9406,#9407,#9408,
#9409),.UNSPECIFIED.,.F.,.F.,(4,3,3,3,3,3,3,3,3,3,3,3,3,3,4),(0.,0.00011788707607158,
0.000237452589342094,0.000356601440212827,0.000390542587491868,0.000585813881468365,
0.000781085174983736,0.000905254668330652,0.0010294860994344,0.00114031712268815,
0.00117206192129441,0.00119304877609807,0.00131979602794364,0.00144666682825482,
0.00156217034996747),.UNSPECIFIED.);
#658=B_SPLINE_CURVE_WITH_KNOTS('',3,(#9452,#9453,#9454,#9455,#9456,#9457,
#9458,#9459,#9460,#9461,#9462,#9463,#9464,#9465,#9466,#9467,#9468,#9469,
#9470,#9471,#9472,#9473,#9474,#9475,#9476,#9477,#9478,#9479,#9480,#9481,
#9482,#9483,#9484,#9485,#9486,#9487,#9488,#9489,#9490,#9491,#9492,#9493,
#9494),.UNSPECIFIED.,.F.,.F.,(4,3,3,3,3,3,3,3,3,3,3,3,3,3,4),(0.,0.000117893048479469,
0.000237464043446166,0.000356618007789263,0.000390542591488532,0.000585813887464789,
0.000781085182977063,0.000905259580631268,0.00102949492966976,0.00114031440895877,
0.0011720617188614,0.00119304640358321,0.00131980462731894,0.00144668659604487,
0.00156217036595424),.UNSPECIFIED.);
#659=B_SPLINE_CURVE_WITH_KNOTS('',3,(#9536,#9537,#9538,#9539,#9540,#9541,
#9542,#9543,#9544,#9545,#9546,#9547,#9548,#9549,#9550,#9551,#9552,#9553,
#9554,#9555,#9556,#9557,#9558,#9559,#9560,#9561,#9562,#9563,#9564,#9565,
#9566,#9567,#9568,#9569,#9570,#9571,#9572,#9573,#9574,#9575,#9576,#9577,
#9578),.UNSPECIFIED.,.F.,.F.,(4,3,3,3,3,3,3,3,3,3,3,3,3,3,4),(0.,0.000117888121546757,
0.000237454567394184,0.000356604265576898,0.000390541379341176,0.00058581206925646,
0.000781082758682352,0.000905253018726649,0.00102948500328409,0.00114031294443523,
0.00117205824938133,0.00119304451605143,0.00131979387816561,0.00144666683948102,
0.00156216551736482),.UNSPECIFIED.);
#660=B_SPLINE_CURVE_WITH_KNOTS('',3,(#9591,#9592,#9593,#9594,#9595,#9596),
 .UNSPECIFIED.,.F.,.F.,(4,2,4),(-0.385830191906262,-0.192914538458269,0.),
 .UNSPECIFIED.);
#661=B_SPLINE_CURVE_WITH_KNOTS('',3,(#9628,#9629,#9630,#9631),
 .UNSPECIFIED.,.F.,.F.,(4,4),(0.,0.545842788471825),.UNSPECIFIED.);
#662=B_SPLINE_CURVE_WITH_KNOTS('',3,(#9633,#9634,#9635,#9636,#9637,#9638,
#9639,#9640,#9641,#9642,#9643,#9644,#9645,#9646,#9647,#9648,#9649,#9650,
#9651,#9652,#9653,#9654,#9655,#9656,#9657,#9658,#9659,#9660,#9661,#9662,
#9663,#9664,#9665,#9666,#9667,#9668,#9669,#9670,#9671,#9672,#9673,#9674,
#9675,#9676,#9677,#9678,#9679,#9680,#9681,#9682,#9683,#9684,#9685,#9686,
#9687,#9688,#9689,#9690,#9691,#9692,#9693,#9694,#9695,#9696,#9697,#9698,
#9699,#9700,#9701,#9702,#9703,#9704,#9705,#9706,#9707,#9708,#9709,#9710,
#9711,#9712,#9713,#9714,#9715,#9716,#9717,#9718,#9719,#9720,#9721,#9722,
#9723,#9724,#9725,#9726,#9727,#9728,#9729),.UNSPECIFIED.,.F.,.F.,(4,3,3,
3,3,3,3,3,3,3,3,3,3,3,3,3,3,3,3,3,3,3,3,3,3,3,3,3,3,3,3,3,4),(0.,0.0440688692697808,
0.0881377385395733,0.132206607809354,0.176275477079169,0.220344346348962,
0.264413215618738,0.308482084888492,0.352550954158276,0.396619823428037,
0.440688692697822,0.484757561967598,0.528826431237387,0.572895300507154,
0.616964169776905,0.661033039046692,0.706528430488983,0.750597299758785,
0.794666169028563,0.838735038298355,0.882803907568145,0.926872776837933,
0.970941646107761,1.01501051537756,1.05907938464739,1.10314825391717,1.14721712318694,
1.19128599245672,1.23535486172643,1.2794237309962,1.32349260026596,1.36756146953574,
1.38895930212335),.UNSPECIFIED.);
#663=B_SPLINE_CURVE_WITH_KNOTS('',3,(#9733,#9734,#9735,#9736,#9737,#9738,
#9739,#9740,#9741,#9742,#9743,#9744,#9745,#9746,#9747,#9748,#9749,#9750,
#9751,#9752,#9753,#9754,#9755,#9756,#9757,#9758,#9759,#9760,#9761,#9762,
#9763,#9764,#9765,#9766,#9767,#9768,#9769,#9770,#9771,#9772,#9773,#9774,
#9775,#9776,#9777,#9778,#9779,#9780,#9781,#9782,#9783,#9784,#9785,#9786,
#9787,#9788,#9789,#9790,#9791,#9792,#9793,#9794,#9795,#9796,#9797,#9798,
#9799,#9800,#9801,#9802,#9803,#9804,#9805,#9806,#9807,#9808,#9809,#9810,
#9811,#9812,#9813,#9814,#9815,#9816,#9817,#9818,#9819,#9820,#9821,#9822,
#9823,#9824,#9825,#9826,#9827,#9828,#9829),.UNSPECIFIED.,.F.,.F.,(4,3,3,
3,3,3,3,3,3,3,3,3,3,3,3,3,3,3,3,3,3,3,3,3,3,3,3,3,3,3,3,3,4),(0.,0.0707701109825311,
0.141540221965013,0.212310332947547,0.283080443930035,0.353850554912532,
0.424620665895053,0.495390776877598,0.566160887860066,0.636930998842596,
0.707701109825134,0.77847122080764,0.849241331790194,0.92001144277263,0.99078155375521,
1.06155166473777,1.13461083257228,1.2053809435548,1.27615105453733,1.34692116551986,
1.41769127650238,1.48846138748489,1.5592314984674,1.63000160944991,1.70077172043245,
1.77154183141497,1.84231194239751,1.91308205338005,1.98385216436256,2.05462227534511,
2.12539238632762,2.19616249731016,2.23049835008997),.UNSPECIFIED.);
#664=B_SPLINE_CURVE_WITH_KNOTS('',3,(#9831,#9832,#9833,#9834,#9835,#9836),
 .UNSPECIFIED.,.F.,.F.,(4,2,4),(0.,0.232056079971571,0.54857687878143),
 .UNSPECIFIED.);
#665=B_SPLINE_CURVE_WITH_KNOTS('',3,(#9838,#9839,#9840,#9841),
 .UNSPECIFIED.,.F.,.F.,(4,4),(0.,0.545842788471819),.UNSPECIFIED.);
#666=B_SPLINE_CURVE_WITH_KNOTS('',3,(#9843,#9844,#9845,#9846,#9847,#9848,
#9849,#9850,#9851,#9852,#9853,#9854,#9855,#9856,#9857,#9858,#9859,#9860,
#9861,#9862,#9863,#9864,#9865,#9866,#9867,#9868,#9869,#9870,#9871,#9872,
#9873,#9874,#9875,#9876,#9877,#9878,#9879,#9880,#9881,#9882,#9883,#9884,
#9885,#9886,#9887,#9888,#9889,#9890,#9891,#9892,#9893,#9894,#9895,#9896,
#9897,#9898,#9899,#9900,#9901,#9902,#9903,#9904,#9905,#9906,#9907,#9908,
#9909,#9910,#9911,#9912,#9913,#9914,#9915,#9916,#9917,#9918,#9919,#9920,
#9921,#9922,#9923,#9924,#9925,#9926,#9927,#9928,#9929,#9930,#9931,#9932,
#9933,#9934,#9935,#9936,#9937,#9938,#9939),.UNSPECIFIED.,.F.,.F.,(4,3,3,
3,3,3,3,3,3,3,3,3,3,3,3,3,3,3,3,3,3,3,3,3,3,3,3,3,3,3,3,3,4),(0.,0.0439781558440134,
0.0879563116880268,0.131934467532049,0.175912623376071,0.219890779220074,
0.263868935064092,0.307847090908147,0.35182524675213,0.395803402596116,
0.43978155844008,0.483759714283993,0.527737870128053,0.57171602597203,0.615694181816083,
0.659672337660219,0.704810446178875,0.748788602022884,0.792766757866894,
0.83674491371089,0.880723069554917,0.924701225398916,0.96867938124295,1.01265753708695,
1.05881060419592,1.10278876003993,1.14676691588393,1.19074507172791,1.23472322757198,
1.27870138341602,1.32267953926007,1.36665769510409,1.38188207395872),
 .UNSPECIFIED.);
#667=B_SPLINE_CURVE_WITH_KNOTS('',3,(#9943,#9944,#9945,#9946,#9947,#9948,
#9949,#9950,#9951,#9952,#9953,#9954,#9955,#9956,#9957,#9958,#9959,#9960,
#9961,#9962,#9963,#9964,#9965,#9966,#9967,#9968,#9969,#9970,#9971,#9972,
#9973,#9974,#9975,#9976,#9977,#9978,#9979,#9980,#9981,#9982,#9983,#9984,
#9985,#9986,#9987,#9988,#9989,#9990,#9991,#9992,#9993,#9994,#9995,#9996,
#9997,#9998,#9999,#10000,#10001,#10002,#10003,#10004,#10005,#10006,#10007,
#10008,#10009,#10010,#10011,#10012,#10013,#10014,#10015,#10016,#10017,#10018,
#10019,#10020,#10021,#10022,#10023,#10024,#10025,#10026,#10027,#10028,#10029,
#10030),.UNSPECIFIED.,.F.,.F.,(4,3,3,3,3,3,3,3,3,3,3,3,3,3,3,3,3,3,3,3,
3,3,3,3,3,3,3,3,3,4),(0.,0.0803661667240745,0.160732333448114,0.241098500172194,
0.321464666896262,0.401830833620285,0.482197000344297,0.5625631670683,0.64292933379235,
0.723295500516442,0.803661667240454,0.884027833964417,0.964394000688495,
1.04688939092697,1.12725555765101,1.20762172437504,1.28798789109911,1.36835405782315,
1.44872022454723,1.5290863912713,1.60945255799532,1.69381101880891,1.77417718553295,
1.85454335225695,1.93490951898103,2.01527568570515,2.09564185242918,2.17600801915337,
2.25637418587743,2.28432024450402),.UNSPECIFIED.);
#668=B_SPLINE_CURVE_WITH_KNOTS('',3,(#10032,#10033,#10034,#10035),
 .UNSPECIFIED.,.F.,.F.,(4,4),(0.,0.964261257088953),.UNSPECIFIED.);
#669=B_SPLINE_CURVE_WITH_KNOTS('',3,(#10037,#10038,#10039,#10040,#10041,
#10042,#10043,#10044,#10045,#10046,#10047,#10048,#10049,#10050,#10051,#10052,
#10053,#10054,#10055,#10056,#10057,#10058,#10059,#10060,#10061,#10062,#10063,
#10064,#10065,#10066,#10067,#10068,#10069,#10070,#10071,#10072,#10073,#10074,
#10075,#10076,#10077,#10078,#10079,#10080,#10081,#10082,#10083,#10084,#10085,
#10086,#10087,#10088,#10089,#10090,#10091,#10092,#10093,#10094,#10095,#10096,
#10097,#10098,#10099,#10100,#10101,#10102,#10103,#10104,#10105,#10106,#10107,
#10108,#10109,#10110,#10111,#10112,#10113,#10114,#10115,#10116,#10117,#10118,
#10119,#10120,#10121),.UNSPECIFIED.,.F.,.F.,(4,3,3,3,3,3,3,3,3,3,3,3,3,
3,3,3,3,3,3,3,3,3,3,3,3,3,3,3,4),(0.,0.073815577788518,0.147631155577065,
0.221446733365653,0.29526231115412,0.369077888942632,0.442893466731213,
0.516709044519722,0.590524622308323,0.664340200096846,0.738155777885493,
0.811971355673845,0.885786933462392,0.960214687146395,1.0340302649349,1.10784584272346,
1.18166142051199,1.25547699830051,1.329292576089,1.40310815387748,1.47692373166604,
1.55188713925859,1.62570271704714,1.6995182948357,1.7733338726242,1.84915815256976,
1.92297373035824,1.99980236138234,2.07663099240644),.UNSPECIFIED.);
#670=B_SPLINE_CURVE_WITH_KNOTS('',3,(#10125,#10126,#10127,#10128,#10129,
#10130,#10131,#10132,#10133,#10134,#10135,#10136,#10137,#10138,#10139,#10140,
#10141,#10142,#10143,#10144,#10145,#10146,#10147,#10148,#10149,#10150,#10151,
#10152,#10153,#10154,#10155,#10156,#10157,#10158,#10159,#10160,#10161,#10162,
#10163,#10164,#10165,#10166,#10167,#10168,#10169,#10170,#10171,#10172,#10173,
#10174,#10175,#10176,#10177,#10178,#10179,#10180,#10181,#10182,#10183,#10184,
#10185,#10186,#10187,#10188,#10189,#10190,#10191,#10192,#10193,#10194,#10195,
#10196,#10197,#10198,#10199,#10200,#10201,#10202,#10203,#10204,#10205,#10206,
#10207,#10208,#10209,#10210,#10211,#10212,#10213,#10214,#10215,#10216,#10217,
#10218,#10219,#10220,#10221),.UNSPECIFIED.,.F.,.F.,(4,3,3,3,3,3,3,3,3,3,
3,3,3,3,3,3,3,3,3,3,3,3,3,3,3,3,3,3,3,3,3,3,4),(0.,0.0707701109825241,0.141540221965033,
0.212310332947487,0.283080443930013,0.35385055491254,0.424620665895082,
0.495390776877617,0.566160887860106,0.636930998842605,0.707701109825077,
0.77847122080758,0.849241331790082,0.920011442772615,0.990781553755143,
1.06155166473768,1.13461083257218,1.2053809435547,1.27615105453721,1.34692116551973,
1.41769127650224,1.48846138748476,1.55923149846728,1.63000160944981,1.70077172043232,
1.77154183141484,1.84231194239737,1.91308205337989,1.98385216436242,2.05462227534493,
2.12539238632742,2.19616249730992,2.23049835008968),.UNSPECIFIED.);
#671=B_SPLINE_CURVE_WITH_KNOTS('',3,(#10223,#10224,#10225,#10226),
 .UNSPECIFIED.,.F.,.F.,(4,4),(0.,0.54857687878142),.UNSPECIFIED.);
#672=B_SPLINE_CURVE_WITH_KNOTS('',3,(#10228,#10229,#10230,#10231),
 .UNSPECIFIED.,.F.,.F.,(4,4),(0.,0.545842788471829),.UNSPECIFIED.);
#673=B_SPLINE_CURVE_WITH_KNOTS('',3,(#10233,#10234,#10235,#10236,#10237,
#10238,#10239,#10240,#10241,#10242,#10243,#10244,#10245,#10246,#10247,#10248,
#10249,#10250,#10251,#10252,#10253,#10254,#10255,#10256,#10257,#10258,#10259,
#10260,#10261,#10262,#10263,#10264,#10265,#10266,#10267,#10268,#10269,#10270,
#10271,#10272,#10273,#10274,#10275,#10276,#10277,#10278,#10279,#10280,#10281,
#10282,#10283,#10284,#10285,#10286,#10287,#10288,#10289,#10290,#10291,#10292,
#10293,#10294,#10295,#10296,#10297,#10298,#10299,#10300,#10301,#10302,#10303,
#10304,#10305,#10306,#10307,#10308,#10309,#10310,#10311,#10312,#10313,#10314,
#10315,#10316,#10317,#10318,#10319,#10320,#10321,#10322,#10323,#10324,#10325,
#10326,#10327,#10328,#10329),.UNSPECIFIED.,.F.,.F.,(4,3,3,3,3,3,3,3,3,3,
3,3,3,3,3,3,3,3,3,3,3,3,3,3,3,3,3,3,3,3,3,3,4),(0.,0.0438654987697278,0.0877309975394812,
0.131596496309216,0.175461995078946,0.219327493848693,0.263192992618433,
0.307058491388125,0.350923990157824,0.394789488927554,0.438654987697253,
0.482520486467031,0.526385985236865,0.570251484006655,0.614116982776451,
0.65798248154617,0.702578068688431,0.746443567458175,0.790309066227943,
0.834174564997691,0.878040063767442,0.921905562537231,0.965771061306995,
1.00963656007672,1.05487097454492,1.09873647331469,1.14260197208447,1.18646747085418,
1.23033296962399,1.27419846839377,1.31806396716347,1.36192946593319,1.37151187582235),
 .UNSPECIFIED.);
#674=B_SPLINE_CURVE_WITH_KNOTS('',3,(#10333,#10334,#10335,#10336,#10337,
#10338,#10339,#10340,#10341,#10342,#10343,#10344,#10345,#10346,#10347,#10348,
#10349,#10350,#10351,#10352,#10353,#10354,#10355,#10356,#10357,#10358,#10359,
#10360,#10361,#10362,#10363,#10364,#10365,#10366,#10367,#10368,#10369,#10370,
#10371,#10372,#10373,#10374,#10375,#10376,#10377,#10378,#10379,#10380,#10381,
#10382,#10383,#10384,#10385,#10386,#10387,#10388,#10389,#10390,#10391,#10392,
#10393,#10394,#10395,#10396,#10397,#10398,#10399,#10400,#10401,#10402,#10403,
#10404,#10405,#10406,#10407,#10408,#10409,#10410,#10411,#10412,#10413,#10414,
#10415,#10416,#10417,#10418,#10419,#10420,#10421,#10422,#10423,#10424,#10425,
#10426,#10427,#10428,#10429),.UNSPECIFIED.,.F.,.F.,(4,3,3,3,3,3,3,3,3,3,
3,3,3,3,3,3,3,3,3,3,3,3,3,3,3,3,3,3,3,3,3,3,4),(0.,0.0706541920984568,0.141308384196914,
0.211962576295416,0.282616768393896,0.353270960492373,0.423925152590836,
0.494579344689279,0.565233536787746,0.63588772888618,0.706541920984643,
0.777196113083107,0.847850305181621,0.918504497280061,0.989158689378541,
1.05981288147701,1.13296392671209,1.20361811881056,1.27427231090904,1.34492650300753,
1.41558069510602,1.48623488720449,1.55688907930301,1.6275432714015,1.69819746349998,
1.76885165559846,1.83950584769691,1.91016003979541,1.98081423189385,2.05146842399232,
2.12212261609079,2.19277680818927,2.23022960523837),.UNSPECIFIED.);
#675=B_SPLINE_CURVE_WITH_KNOTS('',3,(#10430,#10431,#10432,#10433,#10434,
#10435),.UNSPECIFIED.,.F.,.F.,(4,2,4),(0.,0.232056079971574,0.548576878781461),
 .UNSPECIFIED.);
#676=B_SPLINE_CURVE_WITH_KNOTS('',3,(#10497,#10498,#10499,#10500,#10501,
#10502,#10503,#10504,#10505,#10506,#10507,#10508,#10509,#10510,#10511,#10512,
#10513,#10514,#10515,#10516,#10517,#10518,#10519,#10520,#10521,#10522,#10523,
#10524,#10525,#10526,#10527,#10528,#10529,#10530,#10531,#10532,#10533,#10534,
#10535,#10536,#10537,#10538,#10539,#10540,#10541,#10542,#10543,#10544,#10545,
#10546,#10547,#10548,#10549,#10550,#10551,#10552,#10553,#10554,#10555,#10556,
#10557,#10558,#10559,#10560,#10561,#10562,#10563,#10564,#10565,#10566,#10567,
#10568,#10569),.UNSPECIFIED.,.F.,.F.,(4,3,3,3,3,3,3,3,3,3,3,3,3,3,3,3,3,
3,3,3,3,3,3,3,4),(1.5707963267949,1.64101252895521,1.7117550242582,1.78365134300626,
1.85630027866778,1.93018931625535,1.97800984470172,2.051026041976,2.12501545163928,
2.16869350003687,2.24233762986384,2.3160377907916,2.35622293416089,2.42937790859942,
2.50180323760417,2.54374956460573,2.61591243179539,2.68708129032236,2.73442432566752,
2.80588465694299,2.87647632460367,2.93197093699192,3.00349963015659,3.0745474466031,
3.14159265358978),.UNSPECIFIED.);
#677=B_SPLINE_CURVE_WITH_KNOTS('',3,(#10573,#10574,#10575,#10576,#10577,
#10578,#10579,#10580,#10581,#10582,#10583,#10584,#10585,#10586,#10587,#10588,
#10589,#10590,#10591,#10592,#10593,#10594,#10595,#10596,#10597),
 .UNSPECIFIED.,.F.,.F.,(4,3,3,3,3,3,3,3,4),(0.,0.0978917015140107,0.206424286671191,
0.29094214824126,0.31495687182837,0.37407207580878,0.459978708513464,0.513051650016501,
0.545885341218148),.UNSPECIFIED.);
#678=B_SPLINE_CURVE_WITH_KNOTS('',3,(#10599,#10600,#10601,#10602,#10603,
#10604,#10605,#10606,#10607,#10608,#10609,#10610,#10611,#10612,#10613,#10614,
#10615,#10616,#10617,#10618,#10619,#10620,#10621,#10622,#10623,#10624,#10625,
#10626,#10627,#10628,#10629,#10630,#10631,#10632,#10633,#10634,#10635,#10636,
#10637,#10638,#10639,#10640,#10641,#10642,#10643,#10644,#10645,#10646,#10647,
#10648,#10649,#10650,#10651,#10652,#10653,#10654,#10655,#10656,#10657,#10658,
#10659,#10660,#10661,#10662,#10663,#10664,#10665,#10666,#10667,#10668,#10669,
#10670,#10671,#10672,#10673,#10674,#10675,#10676,#10677),.UNSPECIFIED.,
 .F.,.F.,(4,3,3,3,3,3,3,3,3,3,3,3,3,3,3,3,3,3,3,3,3,3,3,3,3,3,4),(0.,0.0457139812406135,
0.10266002406003,0.14392486424435,0.159606066879447,0.215754800854425,0.263104137437286,
0.281931751184219,0.335423141580486,0.398233725272513,0.411346181882003,
0.509978584051204,0.597516434595722,0.629049038991769,0.720151826398114,
0.839606449686937,0.909266346436485,0.953028652649955,0.98779004330353,
1.0093876949246,1.06455263216325,1.09233138371071,1.12669250267699,1.18222114125804,
1.18657353767283,1.30295895408888,1.38791534960039),.UNSPECIFIED.);
#679=B_SPLINE_CURVE_WITH_KNOTS('',3,(#10681,#10682,#10683,#10684,#10685,
#10686,#10687,#10688,#10689,#10690,#10691,#10692,#10693,#10694,#10695,#10696,
#10697,#10698,#10699,#10700,#10701,#10702,#10703,#10704,#10705,#10706,#10707,
#10708,#10709,#10710,#10711,#10712,#10713,#10714,#10715,#10716,#10717,#10718,
#10719,#10720,#10721,#10722,#10723,#10724,#10725,#10726,#10727,#10728,#10729,
#10730,#10731,#10732,#10733,#10734,#10735,#10736,#10737,#10738,#10739,#10740,
#10741,#10742,#10743,#10744,#10745,#10746,#10747,#10748,#10749,#10750,#10751,
#10752,#10753,#10754,#10755,#10756,#10757,#10758,#10759,#10760,#10761,#10762,
#10763,#10764,#10765),.UNSPECIFIED.,.F.,.F.,(4,3,3,3,3,3,3,3,3,3,3,3,3,
3,3,3,3,3,3,3,3,3,3,3,3,3,3,3,4),(0.,0.0593159982749948,0.119914015415808,
0.18277844662653,0.226031315653451,0.284503862641189,0.330185669102357,
0.371624340741672,0.37491630453634,0.443121301552148,0.48547763080293,0.534666781308181,
0.60109575685674,0.676103040288224,0.73867840987161,0.783461103398341,0.910545014986804,
1.02545596314624,1.13829780039485,1.24778493635687,1.29179674975219,1.39643627206767,
1.48380118753499,1.54460714815744,1.61958416268902,1.62790226015252,1.69199671675243,
1.76251077292877,1.7914381302513),.UNSPECIFIED.);
#680=B_SPLINE_CURVE_WITH_KNOTS('',3,(#10767,#10768,#10769,#10770,#10771,
#10772,#10773,#10774,#10775,#10776,#10777,#10778,#10779,#10780,#10781,#10782,
#10783,#10784,#10785,#10786,#10787,#10788,#10789,#10790,#10791),
 .UNSPECIFIED.,.F.,.F.,(4,3,3,3,3,3,3,3,4),(0.,0.0516500974573046,0.11412740432454,
0.182672140490765,0.232069062564375,0.315584955793403,0.427562465554448,
0.52809815420517,0.548619779362921),.UNSPECIFIED.);
#681=B_SPLINE_CURVE_WITH_KNOTS('',3,(#10793,#10794,#10795,#10796,#10797,
#10798,#10799,#10800,#10801,#10802,#10803,#10804,#10805,#10806,#10807,#10808,
#10809,#10810,#10811,#10812,#10813,#10814,#10815,#10816,#10817),
 .UNSPECIFIED.,.F.,.F.,(4,3,3,3,3,3,3,3,4),(0.,0.0978917015144499,0.206424286671413,
0.290942148243276,0.314956871828377,0.374072075808555,0.459978708513358,
0.513051650016491,0.545885341218161),.UNSPECIFIED.);
#682=B_SPLINE_CURVE_WITH_KNOTS('',3,(#10819,#10820,#10821,#10822,#10823,
#10824,#10825,#10826,#10827,#10828,#10829,#10830,#10831,#10832,#10833,#10834,
#10835,#10836,#10837,#10838,#10839,#10840,#10841,#10842,#10843,#10844,#10845,
#10846,#10847,#10848,#10849,#10850,#10851,#10852,#10853,#10854,#10855,#10856,
#10857,#10858,#10859,#10860,#10861,#10862,#10863,#10864,#10865,#10866,#10867,
#10868,#10869,#10870,#10871,#10872,#10873,#10874,#10875,#10876,#10877,#10878,
#10879,#10880,#10881,#10882,#10883,#10884,#10885,#10886,#10887,#10888,#10889,
#10890,#10891,#10892,#10893,#10894,#10895,#10896,#10897),.UNSPECIFIED.,
 .F.,.F.,(4,3,3,3,3,3,3,3,3,3,3,3,3,3,3,3,3,3,3,3,3,3,3,3,3,3,4),(0.,0.0455932416139736,
0.102213277780121,0.143463086521463,0.158833313946268,0.215153761092043,
0.262437867418961,0.280619036998992,0.33387409550942,0.396143075163168,
0.409481731493784,0.505298619231054,0.590697335805457,0.625817932711655,
0.721120814383161,0.833961924898859,0.910485317935434,0.954601353382797,
0.989604289966894,1.01034645575142,1.05446429508697,1.09346532635592,1.12786155410894,
1.18365430197077,1.18841464081263,1.30478977612929,1.38884479761721),
 .UNSPECIFIED.);
#683=B_SPLINE_CURVE_WITH_KNOTS('',3,(#10901,#10902,#10903,#10904,#10905,
#10906,#10907,#10908,#10909,#10910,#10911,#10912,#10913,#10914,#10915,#10916,
#10917,#10918,#10919,#10920,#10921,#10922,#10923,#10924,#10925,#10926,#10927,
#10928,#10929,#10930,#10931,#10932,#10933,#10934,#10935,#10936,#10937,#10938,
#10939,#10940,#10941,#10942,#10943,#10944,#10945,#10946,#10947,#10948,#10949,
#10950,#10951,#10952,#10953,#10954,#10955,#10956,#10957,#10958,#10959,#10960,
#10961,#10962,#10963,#10964,#10965,#10966,#10967,#10968,#10969,#10970,#10971,
#10972,#10973,#10974,#10975,#10976,#10977,#10978,#10979,#10980,#10981,#10982,
#10983,#10984,#10985,#10986,#10987,#10988,#10989,#10990,#10991,#10992,#10993,
#10994),.UNSPECIFIED.,.F.,.F.,(4,3,3,3,3,3,3,3,3,3,3,3,3,3,3,3,3,3,3,3,
3,3,3,3,3,3,3,3,3,3,3,4),(0.,0.0597482808018112,0.120851663931297,0.184449831244055,
0.232966946425151,0.289965428432784,0.337709166480336,0.378977673365695,
0.385452904527888,0.450303244502916,0.495553115014436,0.549787465105122,
0.603404695564467,0.671367626362851,0.730931443627882,0.763762211647719,
0.889228628627223,1.01634588512857,1.13440003936167,1.14346314162991,1.22198399278484,
1.31068578903766,1.36190311463298,1.47379321550033,1.51316435494239,1.56681925166058,
1.63516683572624,1.65905661911223,1.72347633685784,1.79068144683294,1.86365808320866,
1.8690303962851),.UNSPECIFIED.);
#684=B_SPLINE_CURVE_WITH_KNOTS('',3,(#10996,#10997,#10998,#10999,#11000,
#11001,#11002,#11003,#11004,#11005,#11006,#11007,#11008),.UNSPECIFIED.,
 .F.,.F.,(4,3,3,3,4),(0.,0.269585392182195,0.453463125031097,0.799991522542727,
0.964630585329596),.UNSPECIFIED.);
#685=B_SPLINE_CURVE_WITH_KNOTS('',3,(#11010,#11011,#11012,#11013,#11014,
#11015,#11016,#11017,#11018,#11019,#11020,#11021,#11022,#11023,#11024,#11025,
#11026,#11027,#11028,#11029,#11030,#11031,#11032,#11033,#11034,#11035,#11036,
#11037,#11038,#11039,#11040,#11041,#11042,#11043,#11044,#11045,#11046,#11047,
#11048,#11049,#11050,#11051,#11052,#11053,#11054,#11055,#11056,#11057,#11058,
#11059,#11060,#11061,#11062,#11063,#11064,#11065,#11066,#11067,#11068,#11069,
#11070,#11071,#11072,#11073,#11074,#11075,#11076,#11077,#11078,#11079,#11080,
#11081,#11082,#11083,#11084,#11085,#11086,#11087,#11088,#11089,#11090,#11091,
#11092,#11093,#11094),.UNSPECIFIED.,.F.,.F.,(4,3,3,3,3,3,3,3,3,3,3,3,3,
3,3,3,3,3,3,3,3,3,3,3,3,3,3,3,4),(0.,0.0889722461340005,0.166969035476077,
0.218054952426567,0.286650450728715,0.349640645836612,0.384831469688097,
0.478683660416528,0.53300131504726,0.583001565758243,0.650903803384299,
0.710072131547884,0.730969898181849,0.869873983384419,1.01561853059023,
1.16136307779603,1.23109781124198,1.30798381065562,1.37682552229326,1.44232523554429,
1.49408356445645,1.52103029992982,1.58423470369831,1.64206533141817,1.69227227824397,
1.77363377813508,1.78139483806156,1.94175969252919,2.06878757616289),
 .UNSPECIFIED.);
#686=B_SPLINE_CURVE_WITH_KNOTS('',3,(#11098,#11099,#11100,#11101,#11102,
#11103,#11104,#11105,#11106,#11107,#11108,#11109,#11110,#11111,#11112,#11113,
#11114,#11115,#11116,#11117,#11118,#11119,#11120,#11121,#11122,#11123,#11124,
#11125,#11126,#11127,#11128,#11129,#11130,#11131,#11132,#11133,#11134,#11135,
#11136,#11137,#11138,#11139,#11140,#11141,#11142,#11143,#11144,#11145,#11146,
#11147,#11148,#11149,#11150,#11151,#11152,#11153,#11154,#11155,#11156,#11157,
#11158,#11159,#11160,#11161,#11162,#11163,#11164,#11165,#11166,#11167,#11168,
#11169,#11170,#11171,#11172,#11173,#11174,#11175,#11176,#11177,#11178,#11179,
#11180,#11181,#11182,#11183,#11184,#11185),.UNSPECIFIED.,.F.,.F.,(4,3,3,
3,3,3,3,3,3,3,3,3,3,3,3,3,3,3,3,3,3,3,3,3,3,3,3,3,3,4),(0.,0.0591201761242779,
0.119557656885395,0.182376853229364,0.22952924656626,0.286359868251489,
0.333018615211776,0.37403231154551,0.379677362172063,0.445305120715971,
0.489040810739387,0.540518033621176,0.599074978254447,0.668546345437902,
0.728475883446292,0.766405026051493,0.903935552353912,1.02746868071129,
1.15020680422821,1.18278814022436,1.27882892340154,1.3860670087874,1.41165190426918,
1.48592098698504,1.5498902269012,1.57894216242377,1.6539136940777,1.68470457373706,
1.76317314976807,1.80352201786754),.UNSPECIFIED.);
#687=B_SPLINE_CURVE_WITH_KNOTS('',3,(#11187,#11188,#11189,#11190,#11191,
#11192,#11193,#11194,#11195,#11196,#11197,#11198,#11199,#11200,#11201,#11202,
#11203,#11204,#11205,#11206,#11207,#11208,#11209,#11210,#11211),
 .UNSPECIFIED.,.F.,.F.,(4,3,3,3,3,3,3,3,4),(0.,0.0516500974579117,0.114127404325207,
0.182672140491042,0.232069062564375,0.315584955791489,0.427562465550296,
0.528098154202261,0.548619779362931),.UNSPECIFIED.);
#688=B_SPLINE_CURVE_WITH_KNOTS('',3,(#11213,#11214,#11215,#11216,#11217,
#11218,#11219,#11220,#11221,#11222,#11223,#11224,#11225,#11226,#11227,#11228,
#11229,#11230,#11231,#11232,#11233,#11234,#11235,#11236,#11237),
 .UNSPECIFIED.,.F.,.F.,(4,3,3,3,3,3,3,3,4),(0.,0.0978917015146759,0.206424286671527,
0.290942148242821,0.314956871828377,0.374072075809274,0.459978708513717,
0.513051650016601,0.545885341218161),.UNSPECIFIED.);
#689=B_SPLINE_CURVE_WITH_KNOTS('',3,(#11239,#11240,#11241,#11242,#11243,
#11244,#11245,#11246,#11247,#11248,#11249,#11250,#11251,#11252,#11253,#11254,
#11255,#11256,#11257,#11258,#11259,#11260,#11261,#11262,#11263,#11264,#11265,
#11266,#11267,#11268,#11269,#11270,#11271,#11272,#11273,#11274,#11275,#11276,
#11277,#11278,#11279,#11280,#11281,#11282,#11283,#11284,#11285,#11286,#11287,
#11288,#11289,#11290,#11291,#11292,#11293,#11294,#11295,#11296,#11297,#11298,
#11299,#11300,#11301,#11302,#11303,#11304,#11305,#11306,#11307,#11308,#11309,
#11310,#11311,#11312,#11313,#11314,#11315,#11316,#11317),.UNSPECIFIED.,
 .F.,.F.,(4,3,3,3,3,3,3,3,3,3,3,3,3,3,3,3,3,3,3,3,3,3,3,3,3,3,4),(0.,0.0455932416162249,
0.102213277781231,0.143463086522132,0.158833313946238,0.215153761092754,
0.262437867419259,0.280619036998924,0.333874095509564,0.396143075163285,
0.409481731493677,0.505298619231462,0.590697335806535,0.625817932711465,
0.721120814384353,0.833961924899985,0.910485317935077,0.954601353382973,
0.989604289966684,1.01034645575099,1.05446429508669,1.09346532635541,1.1278615541086,
1.18365430196932,1.18841464081204,1.30478977612813,1.38884479761621),
 .UNSPECIFIED.);
#690=B_SPLINE_CURVE_WITH_KNOTS('',3,(#11321,#11322,#11323,#11324,#11325,
#11326,#11327,#11328,#11329,#11330,#11331,#11332,#11333,#11334,#11335,#11336,
#11337,#11338,#11339,#11340,#11341,#11342,#11343,#11344,#11345,#11346,#11347,
#11348,#11349,#11350,#11351,#11352,#11353,#11354,#11355,#11356,#11357,#11358,
#11359,#11360,#11361,#11362,#11363,#11364,#11365,#11366,#11367,#11368,#11369,
#11370,#11371,#11372,#11373,#11374,#11375,#11376,#11377,#11378,#11379,#11380,
#11381,#11382,#11383,#11384,#11385,#11386,#11387,#11388,#11389,#11390,#11391,
#11392,#11393,#11394,#11395,#11396,#11397,#11398,#11399,#11400,#11401,#11402),
 .UNSPECIFIED.,.F.,.F.,(4,3,3,3,3,3,3,3,3,3,3,3,3,3,3,3,3,3,3,3,3,3,3,3,
3,3,3,4),(0.,0.0592465283357214,0.119835661315734,0.18288419900367,0.232410382249584,
0.287732393280417,0.348254656970896,0.405798788172356,0.487750260898313,
0.545216495661711,0.613575454447461,0.681656669319553,0.766873739515738,
0.841509746023393,0.884197434065494,1.07307349174428,1.23946050503363,1.35797057079449,
1.47754696119592,1.61033154315181,1.6873117975904,1.79343562823909,1.87907352790231,
1.89910955386615,1.98134412914177,2.05350148396534,2.13834112568435,2.22967031053093),
 .UNSPECIFIED.);
#691=B_SPLINE_CURVE_WITH_KNOTS('',3,(#11404,#11405,#11406,#11407,#11408,
#11409,#11410,#11411,#11412,#11413,#11414,#11415,#11416,#11417,#11418,#11419,
#11420,#11421,#11422,#11423,#11424,#11425,#11426,#11427,#11428),
 .UNSPECIFIED.,.F.,.F.,(4,3,3,3,3,3,3,3,4),(0.,0.0516500974579418,0.114127404325066,
0.182672140490947,0.232069062564375,0.315584955793327,0.427562465553968,
0.528098154201737,0.548619779362931),.UNSPECIFIED.);
#692=B_SPLINE_CURVE_WITH_KNOTS('',3,(#11473,#11474,#11475,#11476,#11477,
#11478,#11479,#11480,#11481,#11482,#11483,#11484,#11485,#11486,#11487,#11488,
#11489,#11490,#11491,#11492,#11493,#11494,#11495,#11496,#11497,#11498,#11499,
#11500,#11501,#11502,#11503,#11504,#11505,#11506,#11507,#11508,#11509,#11510,
#11511,#11512,#11513,#11514,#11515,#11516,#11517,#11518,#11519,#11520,#11521,
#11522,#11523,#11524,#11525,#11526,#11527,#11528,#11529,#11530,#11531,#11532,
#11533,#11534,#11535,#11536,#11537,#11538,#11539,#11540,#11541,#11542,#11543,
#11544,#11545,#11546,#11547,#11548,#11549,#11550,#11551,#11552,#11553,#11554,
#11555,#11556,#11557,#11558,#11559,#11560,#11561,#11562,#11563),
 .UNSPECIFIED.,.F.,.F.,(4,3,3,3,3,3,3,3,3,3,3,3,3,3,3,3,3,3,3,3,3,3,3,3,
3,3,3,3,3,3,4),(0.000667515565130787,0.000924580531138207,0.000954821828190307,
0.00118984776272273,0.00141646670416385,0.00142141266480577,0.00175575304329931,
0.00187591363936879,0.00211868383208455,0.00216541784319692,0.00231907865703287,
0.00259294121180027,0.00275031504691817,0.00291436898222999,0.00317645993870074,
0.00344692803194367,0.00358161344349993,0.00366332012126306,0.00402967667631251,
0.00438031034891812,0.00441227126029613,0.00469634543548711,0.00498430452064656,
0.00515359355616438,0.00516122239932919,0.00558225891884859,0.00591017353836226,
0.0061470665762529,0.00638567631824402,0.00662780589815164,0.00665912467739533),
 .UNSPECIFIED.);
#693=B_SPLINE_CURVE_WITH_KNOTS('',3,(#11566,#11567,#11568,#11569,#11570,
#11571,#11572,#11573,#11574,#11575,#11576,#11577,#11578,#11579,#11580,#11581,
#11582,#11583,#11584,#11585,#11586,#11587,#11588,#11589,#11590,#11591,#11592,
#11593,#11594,#11595,#11596,#11597,#11598,#11599,#11600,#11601,#11602,#11603,
#11604,#11605,#11606,#11607,#11608,#11609,#11610,#11611,#11612,#11613,#11614,
#11615,#11616,#11617,#11618,#11619,#11620,#11621,#11622,#11623,#11624,#11625,
#11626,#11627,#11628,#11629,#11630,#11631,#11632),.UNSPECIFIED.,.F.,.F.,
(4,3,3,3,3,3,3,3,3,3,3,3,3,3,3,3,3,3,3,3,3,3,4),(0.0591697308186273,0.134821312288757,
0.206241925326738,0.280748549553552,0.356143908632512,0.406070391435349,
0.481038859057636,0.557120546691573,0.598232346398745,0.674511689326072,
0.751735387885959,0.786677054339223,0.864432593732607,0.942814959010158,
1.02095055181404,1.09800934088516,1.16533641958227,1.24379411463725,1.32123369450576,
1.39717263039577,1.47233396379464,1.54664427359893,1.5707963267949),
 .UNSPECIFIED.);
#694=B_SPLINE_CURVE_WITH_KNOTS('',3,(#11664,#11665,#11666,#11667),
 .UNSPECIFIED.,.F.,.F.,(4,4),(-0.070024428513672,0.),.UNSPECIFIED.);
#695=B_SPLINE_CURVE_WITH_KNOTS('',3,(#11867,#11868,#11869,#11870,#11871,
#11872),.UNSPECIFIED.,.F.,.F.,(4,2,4),(0.,0.0380829895211021,0.0771696962740804),
 .UNSPECIFIED.);
#696=B_SPLINE_CURVE_WITH_KNOTS('',3,(#11873,#11874,#11875,#11876,#11877,
#11878,#11879,#11880,#11881,#11882,#11883,#11884,#11885,#11886,#11887,#11888,
#11889,#11890,#11891,#11892,#11893,#11894,#11895,#11896,#11897,#11898,#11899,
#11900,#11901,#11902,#11903,#11904,#11905,#11906,#11907,#11908,#11909,#11910,
#11911,#11912,#11913,#11914,#11915,#11916,#11917,#11918,#11919,#11920,#11921,
#11922,#11923,#11924,#11925,#11926,#11927,#11928,#11929,#11930,#11931,#11932,
#11933,#11934,#11935,#11936,#11937,#11938,#11939,#11940,#11941,#11942,#11943,
#11944,#11945,#11946,#11947,#11948),.UNSPECIFIED.,.F.,.F.,(4,3,3,3,3,3,
3,3,3,3,3,3,3,3,3,3,3,3,3,3,3,3,3,3,3,4),(0.,0.000532782511043882,0.000833095228765155,
0.000954746493754024,0.00120465029909429,0.00142141300769362,0.00166619045753031,
0.0018765454378297,0.00211164969520137,0.00232000923872511,0.00249928568629547,
0.00275202711210024,0.00304657188443415,0.00333238091506062,0.00358421533122025,
0.00398462731629709,0.00438385089790963,0.00485081271505399,0.00499857137259093,
0.0051582947683332,0.00551065116824987,0.00583166660135607,0.00607535494834412,
0.00632085770275395,0.00657028042630958,0.00666476183012121),
 .UNSPECIFIED.);
#697=B_SPLINE_CURVE_WITH_KNOTS('',3,(#12040,#12041,#12042,#12043),
 .UNSPECIFIED.,.F.,.F.,(4,4),(0.,7.62879504505112E-5),.UNSPECIFIED.);
#698=B_SPLINE_CURVE_WITH_KNOTS('',3,(#12048,#12049,#12050,#12051,#12052,
#12053,#12054,#12055,#12056,#12057,#12058,#12059,#12060,#12061,#12062,#12063,
#12064,#12065,#12066,#12067,#12068,#12069,#12070,#12071,#12072,#12073,#12074,
#12075,#12076,#12077,#12078,#12079,#12080,#12081,#12082,#12083,#12084,#12085,
#12086,#12087,#12088,#12089,#12090,#12091,#12092,#12093,#12094,#12095,#12096,
#12097,#12098,#12099,#12100,#12101,#12102,#12103,#12104,#12105,#12106,#12107,
#12108,#12109,#12110,#12111,#12112,#12113,#12114,#12115,#12116,#12117),
 .UNSPECIFIED.,.F.,.F.,(4,3,3,3,3,3,3,3,3,3,3,3,3,3,3,3,3,3,3,3,3,3,3,4),
(0.,0.0750425454136803,0.150581290712058,0.209621715168395,0.284114546023087,
0.359547022362591,0.4071683262025,0.48225637335573,0.558448456279472,0.597843087557662,
0.674288108785431,0.75159056579923,0.785369718582247,0.863299111740769,
0.941662431732782,1.0196741183178,1.09650595210723,1.1635828092629,1.24184922518733,
1.31907304005994,1.39482790186069,1.46984807629269,1.54408912521876,1.5707963267949),
 .UNSPECIFIED.);
#699=B_SPLINE_CURVE_WITH_KNOTS('',3,(#12168,#12169,#12170,#12171,#12172,
#12173,#12174,#12175,#12176,#12177,#12178,#12179,#12180,#12181,#12182,#12183,
#12184,#12185,#12186,#12187,#12188,#12189,#12190,#12191,#12192,#12193,#12194,
#12195,#12196,#12197,#12198,#12199,#12200,#12201,#12202,#12203,#12204,#12205,
#12206,#12207,#12208,#12209,#12210,#12211,#12212,#12213,#12214,#12215,#12216,
#12217,#12218,#12219,#12220,#12221,#12222,#12223,#12224,#12225,#12226,#12227,
#12228,#12229,#12230,#12231,#12232,#12233,#12234,#12235,#12236,#12237,#12238,
#12239,#12240),.UNSPECIFIED.,.F.,.F.,(4,3,3,3,3,3,3,3,3,3,3,3,3,3,3,3,3,
3,3,3,3,3,3,3,4),(1.5707963267949,1.64101252894785,1.71175502424414,1.78365134298786,
1.85630027864604,1.93018931623252,1.9780098447031,2.05102604197177,2.12501545163514,
2.16869350003828,2.24233762987106,2.31603779080604,2.35622293416212,2.42937790860955,
2.50180323762325,2.54374956460666,2.61591243180474,2.68708129033785,2.7344243256681,
2.80588465694952,2.87647632461246,2.93197093699215,3.00349963015986,3.07454744660574,
3.14159265358979),.UNSPECIFIED.);
#700=B_SPLINE_CURVE_WITH_KNOTS('',3,(#12258,#12259,#12260,#12261,#12262,
#12263,#12264,#12265,#12266,#12267,#12268,#12269,#12270,#12271,#12272,#12273,
#12274,#12275,#12276,#12277,#12278,#12279,#12280,#12281,#12282,#12283,#12284,
#12285,#12286,#12287,#12288,#12289,#12290,#12291,#12292,#12293,#12294,#12295,
#12296,#12297,#12298,#12299,#12300,#12301,#12302,#12303,#12304,#12305,#12306,
#12307,#12308,#12309,#12310,#12311,#12312,#12313,#12314,#12315,#12316,#12317,
#12318,#12319,#12320,#12321,#12322,#12323,#12324,#12325,#12326,#12327,#12328,
#12329,#12330),.UNSPECIFIED.,.F.,.F.,(4,3,3,3,3,3,3,3,3,3,3,3,3,3,3,3,3,
3,3,3,3,3,3,3,4),(1.5707963267949,1.64106369592559,1.71188888943131,1.78388933415104,
1.85665386751912,1.93061974134237,1.96944346985294,2.04252204781899,2.11654863084459,
2.15658071446161,2.23026708550138,2.30399966649631,2.34072597845783,2.41392530441844,
2.48639952517008,2.52486865070701,2.59707485116994,2.66829117556863,2.71199768891956,
2.78347666255983,2.85408336527339,2.9056254533752,2.97712004319375,3.04811365359107,
3.11060352194439),.UNSPECIFIED.);
#701=B_SPLINE_CURVE_WITH_KNOTS('',3,(#12333,#12334,#12335,#12336),
 .UNSPECIFIED.,.F.,.F.,(4,4),(0.,0.000154958357997097),.UNSPECIFIED.);
#702=B_SPLINE_CURVE_WITH_KNOTS('',3,(#12337,#12338,#12339,#12340,#12341,
#12342,#12343,#12344,#12345,#12346,#12347,#12348,#12349,#12350,#12351,#12352,
#12353,#12354,#12355,#12356,#12357,#12358,#12359,#12360,#12361,#12362,#12363,
#12364,#12365,#12366,#12367,#12368,#12369,#12370,#12371,#12372,#12373,#12374,
#12375,#12376,#12377,#12378,#12379,#12380,#12381,#12382,#12383,#12384,#12385,
#12386,#12387,#12388,#12389,#12390,#12391,#12392,#12393,#12394,#12395,#12396,
#12397,#12398,#12399,#12400,#12401,#12402,#12403,#12404,#12405,#12406,#12407,
#12408,#12409),.UNSPECIFIED.,.F.,.F.,(4,3,3,3,3,3,3,3,3,3,3,3,3,3,3,3,3,
3,3,3,3,3,3,3,4),(1.5707963267949,1.64106369592724,1.71188888943463,1.78388933415488,
1.85665386752325,1.93061974134576,1.96944346985469,2.04252204781924,2.11654863084239,
2.15658071446337,2.23026708550133,2.30399966649481,2.34072597845935,2.41392530441885,
2.48639952516943,2.52486865070813,2.59707485117284,2.66829117557498,2.71199768892022,
2.78347666256093,2.85408336527549,2.90562545337544,2.97712004318442,3.04811365357204,
3.1106035219444),.UNSPECIFIED.);
#703=CIRCLE('',#3443,1.99999999999999);
#704=CIRCLE('',#3444,114.782046791976);
#705=CIRCLE('',#3445,5.);
#706=CIRCLE('',#3447,7.65437803501219);
#707=CIRCLE('',#3448,7.65437803501219);
#708=CIRCLE('',#3449,7.65437803501219);
#709=CIRCLE('',#3450,7.65437803501219);
#710=CIRCLE('',#3456,1.99999999999999);
#711=CIRCLE('',#3457,1.99999999999999);
#712=CIRCLE('',#3459,114.782046791976);
#713=CIRCLE('',#3460,114.782046791976);
#714=CIRCLE('',#3461,114.782046791976);
#715=CIRCLE('',#3463,0.999999999999996);
#716=CIRCLE('',#3464,2.20000000000001);
#717=CIRCLE('',#3465,2.20000000000001);
#718=CIRCLE('',#3466,252.565938938435);
#719=CIRCLE('',#3468,5.);
#720=CIRCLE('',#3470,5.);
#721=CIRCLE('',#3481,5.);
#722=CIRCLE('',#3482,2.);
#723=CIRCLE('',#3484,2.);
#724=CIRCLE('',#3487,2.65817377167531);
#725=CIRCLE('',#3488,2.6581737718429);
#726=CIRCLE('',#3516,110.782046791976);
#727=CIRCLE('',#3518,2.49999999999996);
#728=CIRCLE('',#3519,2.49999999999975);
#729=CIRCLE('',#3520,0.999999999999996);
#730=CIRCLE('',#3522,2.20000000000001);
#731=CIRCLE('',#3523,2.20000000000001);
#732=CIRCLE('',#3524,2.19999999999998);
#733=CIRCLE('',#3525,2.19999999999998);
#734=CIRCLE('',#3526,2.19999999999998);
#735=CIRCLE('',#3527,2.19999999999998);
#736=CIRCLE('',#3529,113.782046791976);
#737=CIRCLE('',#3530,1.);
#738=CIRCLE('',#3531,1.);
#739=CIRCLE('',#3532,1.);
#740=CIRCLE('',#3534,113.782046791976);
#741=CIRCLE('',#3536,6.00000000000001);
#742=CIRCLE('',#3537,253.565541611171);
#743=CIRCLE('',#3538,1.00000000000001);
#744=CIRCLE('',#3543,1.);
#745=CIRCLE('',#3545,0.999999999999978);
#746=CIRCLE('',#3547,1.);
#747=CIRCLE('',#3548,1.);
#748=CIRCLE('',#3549,1.);
#749=CIRCLE('',#3551,1.);
#750=CIRCLE('',#3552,6.00000000000001);
#751=CIRCLE('',#3554,1.);
#752=CIRCLE('',#3555,1.);
#753=CIRCLE('',#3556,2.00003281631924);
#754=CIRCLE('',#3558,1.);
#755=CIRCLE('',#3559,2.00003278351758);
#756=CIRCLE('',#3560,1.);
#757=CIRCLE('',#3562,1.);
#758=CIRCLE('',#3565,5.);
#759=CIRCLE('',#3566,5.);
#760=CIRCLE('',#3567,5.);
#761=CIRCLE('',#3570,156.325002839485);
#762=CIRCLE('',#3588,2.50000000251669);
#763=CIRCLE('',#3589,158.825550954477);
#764=CIRCLE('',#3591,2.5);
#765=CIRCLE('',#3592,250.065912709047);
#766=CIRCLE('',#3593,2.50000001515433);
#767=CIRCLE('',#3594,252.565938938491);
#768=CIRCLE('',#3595,252.565938937522);
#769=CIRCLE('',#3596,0.999999999999993);
#770=CIRCLE('',#3597,253.565541239373);
#771=CIRCLE('',#3599,6.00000000000001);
#772=CIRCLE('',#3607,1.00000000000003);
#773=CIRCLE('',#3608,252.421889986937);
#774=CIRCLE('',#3609,252.421889987358);
#775=CIRCLE('',#3610,250.395926443462);
#776=CIRCLE('',#3617,250.395926437165);
#777=CIRCLE('',#3618,6.00000000000001);
#778=CIRCLE('',#3620,1.);
#779=CIRCLE('',#3621,1.);
#780=CIRCLE('',#3622,1.00000000000001);
#781=CIRCLE('',#3624,2.50000000000001);
#782=CIRCLE('',#3625,1.);
#783=CIRCLE('',#3627,1.);
#784=CIRCLE('',#3628,2.5);
#785=CIRCLE('',#3629,0.999999999999985);
#786=CIRCLE('',#3630,1.);
#787=CIRCLE('',#3632,1.);
#788=CIRCLE('',#3633,1.);
#789=CIRCLE('',#3634,1.);
#790=CIRCLE('',#3636,1.);
#791=CIRCLE('',#3637,1.);
#792=CIRCLE('',#3639,1.);
#793=CIRCLE('',#3640,1.);
#794=CIRCLE('',#3642,1.);
#795=CIRCLE('',#3646,5.);
#796=CIRCLE('',#3647,114.782046791976);
#797=CIRCLE('',#3648,1.99999999999999);
#798=CIRCLE('',#3650,7.65437803501219);
#799=CIRCLE('',#3651,7.65437803501219);
#800=CIRCLE('',#3652,7.65437803501219);
#801=CIRCLE('',#3653,7.65437803501219);
#802=CIRCLE('',#3655,1.99999999999999);
#803=CIRCLE('',#3656,1.99999999999999);
#804=CIRCLE('',#3660,114.782046791976);
#805=CIRCLE('',#3662,2.50000000000013);
#806=CIRCLE('',#3663,2.49999999994117);
#807=CIRCLE('',#3666,2.2);
#808=CIRCLE('',#3667,2.2);
#809=CIRCLE('',#3668,2.19999999999999);
#810=CIRCLE('',#3669,2.19999999999999);
#811=CIRCLE('',#3670,252.565938995667);
#812=CIRCLE('',#3672,5.);
#813=CIRCLE('',#3693,2.);
#814=CIRCLE('',#3695,2.);
#815=CIRCLE('',#3697,5.);
#816=CIRCLE('',#3704,110.782046791976);
#817=CIRCLE('',#3711,2.50000001516332);
#818=CIRCLE('',#3712,250.065912708549);
#819=CIRCLE('',#3714,2.5);
#820=CIRCLE('',#3715,158.825506855783);
#821=CIRCLE('',#3716,2.50000000251554);
#822=CIRCLE('',#3717,156.325002848261);
#823=CIRCLE('',#3721,2.50000000000001);
#824=CIRCLE('',#3730,2.5);
#825=LINE('',#4547,#1057);
#826=LINE('',#4553,#1058);
#827=LINE('',#4564,#1059);
#828=LINE('',#4565,#1060);
#829=LINE('',#5378,#1061);
#830=LINE('',#5380,#1062);
#831=LINE('',#5382,#1063);
#832=LINE('',#5384,#1064);
#833=LINE('',#5386,#1065);
#834=LINE('',#5388,#1066);
#835=LINE('',#5390,#1067);
#836=LINE('',#5392,#1068);
#837=LINE('',#5394,#1069);
#838=LINE('',#5396,#1070);
#839=LINE('',#5398,#1071);
#840=LINE('',#5400,#1072);
#841=LINE('',#5402,#1073);
#842=LINE('',#5404,#1074);
#843=LINE('',#5406,#1075);
#844=LINE('',#5408,#1076);
#845=LINE('',#5410,#1077);
#846=LINE('',#5412,#1078);
#847=LINE('',#5414,#1079);
#848=LINE('',#5416,#1080);
#849=LINE('',#5418,#1081);
#850=LINE('',#5420,#1082);
#851=LINE('',#5422,#1083);
#852=LINE('',#5423,#1084);
#853=LINE('',#5428,#1085);
#854=LINE('',#5438,#1086);
#855=LINE('',#5443,#1087);
#856=LINE('',#5602,#1088);
#857=LINE('',#5616,#1089);
#858=LINE('',#5619,#1090);
#859=LINE('',#5638,#1091);
#860=LINE('',#5645,#1092);
#861=LINE('',#5669,#1093);
#862=LINE('',#5672,#1094);
#863=LINE('',#5706,#1095);
#864=LINE('',#5740,#1096);
#865=LINE('',#5742,#1097);
#866=LINE('',#5744,#1098);
#867=LINE('',#5746,#1099);
#868=LINE('',#5748,#1100);
#869=LINE('',#6611,#1101);
#870=LINE('',#6622,#1102);
#871=LINE('',#6624,#1103);
#872=LINE('',#6635,#1104);
#873=LINE('',#6642,#1105);
#874=LINE('',#6649,#1106);
#875=LINE('',#6660,#1107);
#876=LINE('',#6662,#1108);
#877=LINE('',#6673,#1109);
#878=LINE('',#6680,#1110);
#879=LINE('',#6691,#1111);
#880=LINE('',#6693,#1112);
#881=LINE('',#6704,#1113);
#882=LINE('',#6711,#1114);
#883=LINE('',#6718,#1115);
#884=LINE('',#6729,#1116);
#885=LINE('',#6731,#1117);
#886=LINE('',#6742,#1118);
#887=LINE('',#6749,#1119);
#888=LINE('',#6759,#1120);
#889=LINE('',#6761,#1121);
#890=LINE('',#6765,#1122);
#891=LINE('',#6774,#1123);
#892=LINE('',#6778,#1124);
#893=LINE('',#6780,#1125);
#894=LINE('',#6781,#1126);
#895=LINE('',#6784,#1127);
#896=LINE('',#6785,#1128);
#897=LINE('',#6788,#1129);
#898=LINE('',#6789,#1130);
#899=LINE('',#6792,#1131);
#900=LINE('',#6793,#1132);
#901=LINE('',#6796,#1133);
#902=LINE('',#6797,#1134);
#903=LINE('',#6800,#1135);
#904=LINE('',#6802,#1136);
#905=LINE('',#6803,#1137);
#906=LINE('',#6806,#1138);
#907=LINE('',#6807,#1139);
#908=LINE('',#6810,#1140);
#909=LINE('',#6811,#1141);
#910=LINE('',#6816,#1142);
#911=LINE('',#6817,#1143);
#912=LINE('',#6820,#1144);
#913=LINE('',#6892,#1145);
#914=LINE('',#6913,#1146);
#915=LINE('',#6917,#1147);
#916=LINE('',#6919,#1148);
#917=LINE('',#6920,#1149);
#918=LINE('',#6923,#1150);
#919=LINE('',#6924,#1151);
#920=LINE('',#6927,#1152);
#921=LINE('',#6928,#1153);
#922=LINE('',#6931,#1154);
#923=LINE('',#6932,#1155);
#924=LINE('',#6935,#1156);
#925=LINE('',#6937,#1157);
#926=LINE('',#6938,#1158);
#927=LINE('',#6941,#1159);
#928=LINE('',#6942,#1160);
#929=LINE('',#6945,#1161);
#930=LINE('',#6946,#1162);
#931=LINE('',#6949,#1163);
#932=LINE('',#6950,#1164);
#933=LINE('',#6953,#1165);
#934=LINE('',#6954,#1166);
#935=LINE('',#6956,#1167);
#936=LINE('',#6959,#1168);
#937=LINE('',#6960,#1169);
#938=LINE('',#7106,#1170);
#939=LINE('',#7110,#1171);
#940=LINE('',#7114,#1172);
#941=LINE('',#7118,#1173);
#942=LINE('',#7130,#1174);
#943=LINE('',#7133,#1175);
#944=LINE('',#7382,#1176);
#945=LINE('',#7404,#1177);
#946=LINE('',#7427,#1178);
#947=LINE('',#7624,#1179);
#948=LINE('',#7679,#1180);
#949=LINE('',#7733,#1181);
#950=LINE('',#7742,#1182);
#951=LINE('',#7841,#1183);
#952=LINE('',#7992,#1184);
#953=LINE('',#8072,#1185);
#954=LINE('',#8092,#1186);
#955=LINE('',#8208,#1187);
#956=LINE('',#8209,#1188);
#957=LINE('',#8211,#1189);
#958=LINE('',#8218,#1190);
#959=LINE('',#8225,#1191);
#960=LINE('',#8227,#1192);
#961=LINE('',#8320,#1193);
#962=LINE('',#8324,#1194);
#963=LINE('',#8326,#1195);
#964=LINE('',#8328,#1196);
#965=LINE('',#8486,#1197);
#966=LINE('',#8490,#1198);
#967=LINE('',#8580,#1199);
#968=LINE('',#8671,#1200);
#969=LINE('',#8746,#1201);
#970=LINE('',#9242,#1202);
#971=LINE('',#9328,#1203);
#972=LINE('',#9413,#1204);
#973=LINE('',#9497,#1205);
#974=LINE('',#9583,#1206);
#975=LINE('',#9585,#1207);
#976=LINE('',#9587,#1208);
#977=LINE('',#9598,#1209);
#978=LINE('',#9604,#1210);
#979=LINE('',#9606,#1211);
#980=LINE('',#9608,#1212);
#981=LINE('',#9610,#1213);
#982=LINE('',#9612,#1214);
#983=LINE('',#9614,#1215);
#984=LINE('',#9616,#1216);
#985=LINE('',#9618,#1217);
#986=LINE('',#9620,#1218);
#987=LINE('',#9622,#1219);
#988=LINE('',#9624,#1220);
#989=LINE('',#9626,#1221);
#990=LINE('',#10438,#1222);
#991=LINE('',#10448,#1223);
#992=LINE('',#10452,#1224);
#993=LINE('',#10456,#1225);
#994=LINE('',#10460,#1226);
#995=LINE('',#10462,#1227);
#996=LINE('',#10464,#1228);
#997=LINE('',#10468,#1229);
#998=LINE('',#10491,#1230);
#999=LINE('',#10495,#1231);
#1000=LINE('',#11430,#1232);
#1001=LINE('',#11432,#1233);
#1002=LINE('',#11433,#1234);
#1003=LINE('',#11440,#1235);
#1004=LINE('',#11443,#1236);
#1005=LINE('',#11445,#1237);
#1006=LINE('',#11446,#1238);
#1007=LINE('',#11449,#1239);
#1008=LINE('',#11450,#1240);
#1009=LINE('',#11453,#1241);
#1010=LINE('',#11454,#1242);
#1011=LINE('',#11459,#1243);
#1012=LINE('',#11460,#1244);
#1013=LINE('',#11466,#1245);
#1014=LINE('',#11469,#1246);
#1015=LINE('',#11565,#1247);
#1016=LINE('',#11635,#1248);
#1017=LINE('',#11637,#1249);
#1018=LINE('',#11638,#1250);
#1019=LINE('',#11641,#1251);
#1020=LINE('',#11642,#1252);
#1021=LINE('',#11645,#1253);
#1022=LINE('',#11646,#1254);
#1023=LINE('',#11649,#1255);
#1024=LINE('',#11651,#1256);
#1025=LINE('',#11660,#1257);
#1026=LINE('',#11662,#1258);
#1027=LINE('',#11669,#1259);
#1028=LINE('',#11676,#1260);
#1029=LINE('',#11687,#1261);
#1030=LINE('',#11689,#1262);
#1031=LINE('',#11700,#1263);
#1032=LINE('',#11707,#1264);
#1033=LINE('',#11714,#1265);
#1034=LINE('',#11725,#1266);
#1035=LINE('',#11727,#1267);
#1036=LINE('',#11738,#1268);
#1037=LINE('',#11745,#1269);
#1038=LINE('',#11756,#1270);
#1039=LINE('',#11758,#1271);
#1040=LINE('',#11769,#1272);
#1041=LINE('',#11776,#1273);
#1042=LINE('',#11783,#1274);
#1043=LINE('',#11794,#1275);
#1044=LINE('',#11796,#1276);
#1045=LINE('',#11951,#1277);
#1046=LINE('',#11952,#1278);
#1047=LINE('',#11960,#1279);
#1048=LINE('',#11966,#1280);
#1049=LINE('',#11998,#1281);
#1050=LINE('',#12044,#1282);
#1051=LINE('',#12046,#1283);
#1052=LINE('',#12118,#1284);
#1053=LINE('',#12411,#1285);
#1054=LINE('',#12415,#1286);
#1055=LINE('',#12416,#1287);
#1056=LINE('',#12419,#1288);
#1057=VECTOR('',#3735,10.);
#1058=VECTOR('',#3740,10.);
#1059=VECTOR('',#3743,10.);
#1060=VECTOR('',#3744,10.);
#1061=VECTOR('',#3755,10.);
#1062=VECTOR('',#3756,1000.);
#1063=VECTOR('',#3757,1000.);
#1064=VECTOR('',#3758,1000.);
#1065=VECTOR('',#3759,1000.);
#1066=VECTOR('',#3760,1000.);
#1067=VECTOR('',#3761,1000.);
#1068=VECTOR('',#3762,1000.);
#1069=VECTOR('',#3763,1000.);
#1070=VECTOR('',#3764,1000.);
#1071=VECTOR('',#3765,1000.);
#1072=VECTOR('',#3766,1000.);
#1073=VECTOR('',#3767,1000.);
#1074=VECTOR('',#3768,1000.);
#1075=VECTOR('',#3769,1000.);
#1076=VECTOR('',#3770,1000.);
#1077=VECTOR('',#3771,1000.);
#1078=VECTOR('',#3772,1000.);
#1079=VECTOR('',#3773,1000.);
#1080=VECTOR('',#3774,1000.);
#1081=VECTOR('',#3775,1000.);
#1082=VECTOR('',#3776,1000.);
#1083=VECTOR('',#3777,1000.);
#1084=VECTOR('',#3778,1000.);
#1085=VECTOR('',#3783,1000.);
#1086=VECTOR('',#3794,1000.);
#1087=VECTOR('',#3799,1000.);
#1088=VECTOR('',#3804,1000.);
#1089=VECTOR('',#3807,1000.);
#1090=VECTOR('',#3810,1000.);
#1091=VECTOR('',#3817,1000.);
#1092=VECTOR('',#3824,1000.);
#1093=VECTOR('',#3827,1000.);
#1094=VECTOR('',#3830,1000.);
#1095=VECTOR('',#3831,1000.);
#1096=VECTOR('',#3832,1000.);
#1097=VECTOR('',#3833,1000.);
#1098=VECTOR('',#3834,1000.);
#1099=VECTOR('',#3835,1000.);
#1100=VECTOR('',#3836,10.);
#1101=VECTOR('',#3845,10.);
#1102=VECTOR('',#3846,10.);
#1103=VECTOR('',#3849,10.);
#1104=VECTOR('',#3850,10.);
#1105=VECTOR('',#3851,10.);
#1106=VECTOR('',#3852,10.);
#1107=VECTOR('',#3853,10.);
#1108=VECTOR('',#3856,10.);
#1109=VECTOR('',#3857,10.);
#1110=VECTOR('',#3858,10.);
#1111=VECTOR('',#3859,10.);
#1112=VECTOR('',#3862,10.);
#1113=VECTOR('',#3863,10.);
#1114=VECTOR('',#3864,10.);
#1115=VECTOR('',#3865,10.);
#1116=VECTOR('',#3866,10.);
#1117=VECTOR('',#3869,10.);
#1118=VECTOR('',#3870,10.);
#1119=VECTOR('',#3871,10.);
#1120=VECTOR('',#3876,10.);
#1121=VECTOR('',#3877,10.);
#1122=VECTOR('',#3882,1000.);
#1123=VECTOR('',#3891,1000.);
#1124=VECTOR('',#3896,1000.);
#1125=VECTOR('',#3897,1000.);
#1126=VECTOR('',#3898,1000.);
#1127=VECTOR('',#3901,1000.);
#1128=VECTOR('',#3902,1000.);
#1129=VECTOR('',#3905,1000.);
#1130=VECTOR('',#3906,1000.);
#1131=VECTOR('',#3909,1000.);
#1132=VECTOR('',#3910,1000.);
#1133=VECTOR('',#3913,1000.);
#1134=VECTOR('',#3914,1000.);
#1135=VECTOR('',#3917,1000.);
#1136=VECTOR('',#3918,1000.);
#1137=VECTOR('',#3919,1000.);
#1138=VECTOR('',#3922,1000.);
#1139=VECTOR('',#3923,1000.);
#1140=VECTOR('',#3926,1000.);
#1141=VECTOR('',#3927,1000.);
#1142=VECTOR('',#3932,1000.);
#1143=VECTOR('',#3933,1000.);
#1144=VECTOR('',#3936,1000.);
#1145=VECTOR('',#3939,1000.);
#1146=VECTOR('',#3942,1000.);
#1147=VECTOR('',#3947,1000.);
#1148=VECTOR('',#3948,1000.);
#1149=VECTOR('',#3949,1000.);
#1150=VECTOR('',#3952,1000.);
#1151=VECTOR('',#3953,1000.);
#1152=VECTOR('',#3956,1000.);
#1153=VECTOR('',#3957,1000.);
#1154=VECTOR('',#3960,1000.);
#1155=VECTOR('',#3961,1000.);
#1156=VECTOR('',#3964,1000.);
#1157=VECTOR('',#3965,1000.);
#1158=VECTOR('',#3966,1000.);
#1159=VECTOR('',#3969,1000.);
#1160=VECTOR('',#3970,1000.);
#1161=VECTOR('',#3973,1000.);
#1162=VECTOR('',#3974,1000.);
#1163=VECTOR('',#3977,1000.);
#1164=VECTOR('',#3978,1000.);
#1165=VECTOR('',#3981,1000.);
#1166=VECTOR('',#3982,1000.);
#1167=VECTOR('',#3985,1000.);
#1168=VECTOR('',#3988,1000.);
#1169=VECTOR('',#3989,1000.);
#1170=VECTOR('',#3998,1000.);
#1171=VECTOR('',#4001,1000.);
#1172=VECTOR('',#4004,1000.);
#1173=VECTOR('',#4007,1000.);
#1174=VECTOR('',#4008,1000.);
#1175=VECTOR('',#4011,1000.);
#1176=VECTOR('',#4040,1000.);
#1177=VECTOR('',#4053,2.20000000000001);
#1178=VECTOR('',#4068,1000.);
#1179=VECTOR('',#4081,1000.);
#1180=VECTOR('',#4090,1000.);
#1181=VECTOR('',#4097,1000.);
#1182=VECTOR('',#4106,1000.);
#1183=VECTOR('',#4111,1000.);
#1184=VECTOR('',#4114,1000.);
#1185=VECTOR('',#4117,1000.);
#1186=VECTOR('',#4122,1000.);
#1187=VECTOR('',#4127,1000.);
#1188=VECTOR('',#4128,1000.);
#1189=VECTOR('',#4131,1000.);
#1190=VECTOR('',#4140,1000.);
#1191=VECTOR('',#4149,1000.);
#1192=VECTOR('',#4152,1000.);
#1193=VECTOR('',#4183,1000.);
#1194=VECTOR('',#4190,2.20000000000001);
#1195=VECTOR('',#4193,2.19999999999998);
#1196=VECTOR('',#4196,2.19999999999998);
#1197=VECTOR('',#4205,1000.);
#1198=VECTOR('',#4208,1000.);
#1199=VECTOR('',#4215,1000.);
#1200=VECTOR('',#4222,1000.);
#1201=VECTOR('',#4227,1000.);
#1202=VECTOR('',#4260,1000.);
#1203=VECTOR('',#4269,1000.);
#1204=VECTOR('',#4276,1000.);
#1205=VECTOR('',#4281,1000.);
#1206=VECTOR('',#4290,10.);
#1207=VECTOR('',#4291,10.);
#1208=VECTOR('',#4292,10.);
#1209=VECTOR('',#4295,10.);
#1210=VECTOR('',#4302,1000.);
#1211=VECTOR('',#4303,1000.);
#1212=VECTOR('',#4304,1000.);
#1213=VECTOR('',#4305,1000.);
#1214=VECTOR('',#4306,1000.);
#1215=VECTOR('',#4307,1000.);
#1216=VECTOR('',#4308,1000.);
#1217=VECTOR('',#4309,1000.);
#1218=VECTOR('',#4310,1000.);
#1219=VECTOR('',#4311,1000.);
#1220=VECTOR('',#4312,1000.);
#1221=VECTOR('',#4313,10.);
#1222=VECTOR('',#4324,1000.);
#1223=VECTOR('',#4335,1000.);
#1224=VECTOR('',#4340,1000.);
#1225=VECTOR('',#4343,1000.);
#1226=VECTOR('',#4346,1000.);
#1227=VECTOR('',#4347,10.);
#1228=VECTOR('',#4348,1000.);
#1229=VECTOR('',#4351,1000.);
#1230=VECTOR('',#4362,1000.);
#1231=VECTOR('',#4367,1000.);
#1232=VECTOR('',#4380,10.);
#1233=VECTOR('',#4381,1000.);
#1234=VECTOR('',#4382,1000.);
#1235=VECTOR('',#4383,10.);
#1236=VECTOR('',#4386,1000.);
#1237=VECTOR('',#4387,1000.);
#1238=VECTOR('',#4388,1000.);
#1239=VECTOR('',#4391,1000.);
#1240=VECTOR('',#4392,1000.);
#1241=VECTOR('',#4395,1000.);
#1242=VECTOR('',#4396,1000.);
#1243=VECTOR('',#4401,1000.);
#1244=VECTOR('',#4402,1000.);
#1245=VECTOR('',#4407,1000.);
#1246=VECTOR('',#4410,1000.);
#1247=VECTOR('',#4413,1000.);
#1248=VECTOR('',#4416,1000.);
#1249=VECTOR('',#4417,1000.);
#1250=VECTOR('',#4418,1000.);
#1251=VECTOR('',#4421,1000.);
#1252=VECTOR('',#4422,1000.);
#1253=VECTOR('',#4425,1000.);
#1254=VECTOR('',#4426,1000.);
#1255=VECTOR('',#4429,1000.);
#1256=VECTOR('',#4430,1000.);
#1257=VECTOR('',#4441,1000.);
#1258=VECTOR('',#4444,10.);
#1259=VECTOR('',#4447,10.);
#1260=VECTOR('',#4448,10.);
#1261=VECTOR('',#4449,10.);
#1262=VECTOR('',#4452,10.);
#1263=VECTOR('',#4453,10.);
#1264=VECTOR('',#4454,10.);
#1265=VECTOR('',#4455,10.);
#1266=VECTOR('',#4456,10.);
#1267=VECTOR('',#4459,10.);
#1268=VECTOR('',#4460,10.);
#1269=VECTOR('',#4461,10.);
#1270=VECTOR('',#4462,10.);
#1271=VECTOR('',#4465,10.);
#1272=VECTOR('',#4466,10.);
#1273=VECTOR('',#4467,10.);
#1274=VECTOR('',#4468,10.);
#1275=VECTOR('',#4469,10.);
#1276=VECTOR('',#4472,10.);
#1277=VECTOR('',#4475,1000.);
#1278=VECTOR('',#4476,1000.);
#1279=VECTOR('',#4487,2.2);
#1280=VECTOR('',#4494,2.19999999999999);
#1281=VECTOR('',#4503,1000.);
#1282=VECTOR('',#4510,1000.);
#1283=VECTOR('',#4513,1000.);
#1284=VECTOR('',#4516,1000.);
#1285=VECTOR('',#4527,1000.);
#1286=VECTOR('',#4532,1000.);
#1287=VECTOR('',#4533,1000.);
#1288=VECTOR('',#4538,1000.);
#1289=VERTEX_POINT('',#4545);
#1290=VERTEX_POINT('',#4546);
#1291=VERTEX_POINT('',#4548);
#1292=VERTEX_POINT('',#4550);
#1293=VERTEX_POINT('',#4552);
#1294=VERTEX_POINT('',#4554);
#1295=VERTEX_POINT('',#4561);
#1296=VERTEX_POINT('',#4563);
#1297=VERTEX_POINT('',#4567);
#1298=VERTEX_POINT('',#4574);
#1299=VERTEX_POINT('',#4672);
#1300=VERTEX_POINT('',#4674);
#1301=VERTEX_POINT('',#4772);
#1302=VERTEX_POINT('',#4777);
#1303=VERTEX_POINT('',#4782);
#1304=VERTEX_POINT('',#4880);
#1305=VERTEX_POINT('',#4882);
#1306=VERTEX_POINT('',#4968);
#1307=VERTEX_POINT('',#4973);
#1308=VERTEX_POINT('',#5062);
#1309=VERTEX_POINT('',#5064);
#1310=VERTEX_POINT('',#5162);
#1311=VERTEX_POINT('',#5167);
#1312=VERTEX_POINT('',#5174);
#1313=VERTEX_POINT('',#5272);
#1314=VERTEX_POINT('',#5274);
#1315=VERTEX_POINT('',#5372);
#1316=VERTEX_POINT('',#5377);
#1317=VERTEX_POINT('',#5379);
#1318=VERTEX_POINT('',#5381);
#1319=VERTEX_POINT('',#5383);
#1320=VERTEX_POINT('',#5385);
#1321=VERTEX_POINT('',#5387);
#1322=VERTEX_POINT('',#5389);
#1323=VERTEX_POINT('',#5391);
#1324=VERTEX_POINT('',#5393);
#1325=VERTEX_POINT('',#5395);
#1326=VERTEX_POINT('',#5397);
#1327=VERTEX_POINT('',#5399);
#1328=VERTEX_POINT('',#5401);
#1329=VERTEX_POINT('',#5403);
#1330=VERTEX_POINT('',#5405);
#1331=VERTEX_POINT('',#5407);
#1332=VERTEX_POINT('',#5409);
#1333=VERTEX_POINT('',#5411);
#1334=VERTEX_POINT('',#5413);
#1335=VERTEX_POINT('',#5415);
#1336=VERTEX_POINT('',#5417);
#1337=VERTEX_POINT('',#5419);
#1338=VERTEX_POINT('',#5421);
#1339=VERTEX_POINT('',#5425);
#1340=VERTEX_POINT('',#5427);
#1341=VERTEX_POINT('',#5430);
#1342=VERTEX_POINT('',#5432);
#1343=VERTEX_POINT('',#5434);
#1344=VERTEX_POINT('',#5436);
#1345=VERTEX_POINT('',#5440);
#1346=VERTEX_POINT('',#5442);
#1347=VERTEX_POINT('',#5444);
#1348=VERTEX_POINT('',#5446);
#1349=VERTEX_POINT('',#5523);
#1350=VERTEX_POINT('',#5600);
#1351=VERTEX_POINT('',#5604);
#1352=VERTEX_POINT('',#5615);
#1353=VERTEX_POINT('',#5617);
#1354=VERTEX_POINT('',#5620);
#1355=VERTEX_POINT('',#5621);
#1356=VERTEX_POINT('',#5636);
#1357=VERTEX_POINT('',#5640);
#1358=VERTEX_POINT('',#5642);
#1359=VERTEX_POINT('',#5644);
#1360=VERTEX_POINT('',#5646);
#1361=VERTEX_POINT('',#5667);
#1362=VERTEX_POINT('',#5671);
#1363=VERTEX_POINT('',#5673);
#1364=VERTEX_POINT('',#5705);
#1365=VERTEX_POINT('',#5707);
#1366=VERTEX_POINT('',#5739);
#1367=VERTEX_POINT('',#5741);
#1368=VERTEX_POINT('',#5743);
#1369=VERTEX_POINT('',#5745);
#1370=VERTEX_POINT('',#5747);
#1371=VERTEX_POINT('',#5749);
#1372=VERTEX_POINT('',#5775);
#1373=VERTEX_POINT('',#5858);
#1374=VERTEX_POINT('',#5860);
#1375=VERTEX_POINT('',#5940);
#1376=VERTEX_POINT('',#5966);
#1377=VERTEX_POINT('',#5992);
#1378=VERTEX_POINT('',#6081);
#1379=VERTEX_POINT('',#6083);
#1380=VERTEX_POINT('',#6169);
#1381=VERTEX_POINT('',#6183);
#1382=VERTEX_POINT('',#6278);
#1383=VERTEX_POINT('',#6280);
#1384=VERTEX_POINT('',#6360);
#1385=VERTEX_POINT('',#6386);
#1386=VERTEX_POINT('',#6412);
#1387=VERTEX_POINT('',#6498);
#1388=VERTEX_POINT('',#6500);
#1389=VERTEX_POINT('',#6751);
#1390=VERTEX_POINT('',#6753);
#1391=VERTEX_POINT('',#6758);
#1392=VERTEX_POINT('',#6760);
#1393=VERTEX_POINT('',#6764);
#1394=VERTEX_POINT('',#6766);
#1395=VERTEX_POINT('',#6768);
#1396=VERTEX_POINT('',#6771);
#1397=VERTEX_POINT('',#6773);
#1398=VERTEX_POINT('',#6777);
#1399=VERTEX_POINT('',#6779);
#1400=VERTEX_POINT('',#6783);
#1401=VERTEX_POINT('',#6787);
#1402=VERTEX_POINT('',#6791);
#1403=VERTEX_POINT('',#6795);
#1404=VERTEX_POINT('',#6799);
#1405=VERTEX_POINT('',#6801);
#1406=VERTEX_POINT('',#6805);
#1407=VERTEX_POINT('',#6809);
#1408=VERTEX_POINT('',#6813);
#1409=VERTEX_POINT('',#6815);
#1410=VERTEX_POINT('',#6819);
#1411=VERTEX_POINT('',#6821);
#1412=VERTEX_POINT('',#6823);
#1413=VERTEX_POINT('',#6891);
#1414=VERTEX_POINT('',#6893);
#1415=VERTEX_POINT('',#6910);
#1416=VERTEX_POINT('',#6912);
#1417=VERTEX_POINT('',#6916);
#1418=VERTEX_POINT('',#6918);
#1419=VERTEX_POINT('',#6922);
#1420=VERTEX_POINT('',#6926);
#1421=VERTEX_POINT('',#6930);
#1422=VERTEX_POINT('',#6934);
#1423=VERTEX_POINT('',#6936);
#1424=VERTEX_POINT('',#6940);
#1425=VERTEX_POINT('',#6944);
#1426=VERTEX_POINT('',#6948);
#1427=VERTEX_POINT('',#6952);
#1428=VERTEX_POINT('',#6958);
#1429=VERTEX_POINT('',#7101);
#1430=VERTEX_POINT('',#7105);
#1431=VERTEX_POINT('',#7107);
#1432=VERTEX_POINT('',#7109);
#1433=VERTEX_POINT('',#7111);
#1434=VERTEX_POINT('',#7113);
#1435=VERTEX_POINT('',#7115);
#1436=VERTEX_POINT('',#7117);
#1437=VERTEX_POINT('',#7129);
#1438=VERTEX_POINT('',#7131);
#1439=VERTEX_POINT('',#7134);
#1440=VERTEX_POINT('',#7135);
#1441=VERTEX_POINT('',#7138);
#1442=VERTEX_POINT('',#7139);
#1443=VERTEX_POINT('',#7142);
#1444=VERTEX_POINT('',#7143);
#1445=VERTEX_POINT('',#7147);
#1446=VERTEX_POINT('',#7204);
#1447=VERTEX_POINT('',#7318);
#1448=VERTEX_POINT('',#7381);
#1449=VERTEX_POINT('',#7383);
#1450=VERTEX_POINT('',#7400);
#1451=VERTEX_POINT('',#7401);
#1452=VERTEX_POINT('',#7419);
#1453=VERTEX_POINT('',#7423);
#1454=VERTEX_POINT('',#7425);
#1455=VERTEX_POINT('',#7488);
#1456=VERTEX_POINT('',#7618);
#1457=VERTEX_POINT('',#7622);
#1458=VERTEX_POINT('',#7673);
#1459=VERTEX_POINT('',#7677);
#1460=VERTEX_POINT('',#7728);
#1461=VERTEX_POINT('',#7732);
#1462=VERTEX_POINT('',#7736);
#1463=VERTEX_POINT('',#7737);
#1464=VERTEX_POINT('',#7739);
#1465=VERTEX_POINT('',#7741);
#1466=VERTEX_POINT('',#7743);
#1467=VERTEX_POINT('',#7818);
#1468=VERTEX_POINT('',#7820);
#1469=VERTEX_POINT('',#7843);
#1470=VERTEX_POINT('',#7917);
#1471=VERTEX_POINT('',#7991);
#1472=VERTEX_POINT('',#7998);
#1473=VERTEX_POINT('',#8085);
#1474=VERTEX_POINT('',#8207);
#1475=VERTEX_POINT('',#8213);
#1476=VERTEX_POINT('',#8214);
#1477=VERTEX_POINT('',#8219);
#1478=VERTEX_POINT('',#8220);
#1479=VERTEX_POINT('',#8229);
#1480=VERTEX_POINT('',#8230);
#1481=VERTEX_POINT('',#8261);
#1482=VERTEX_POINT('',#8315);
#1483=VERTEX_POINT('',#8319);
#1484=VERTEX_POINT('',#8330);
#1485=VERTEX_POINT('',#8332);
#1486=VERTEX_POINT('',#8469);
#1487=VERTEX_POINT('',#8470);
#1488=VERTEX_POINT('',#8485);
#1489=VERTEX_POINT('',#8487);
#1490=VERTEX_POINT('',#8489);
#1491=VERTEX_POINT('',#8530);
#1492=VERTEX_POINT('',#8579);
#1493=VERTEX_POINT('',#8606);
#1494=VERTEX_POINT('',#8669);
#1495=VERTEX_POINT('',#8696);
#1496=VERTEX_POINT('',#8745);
#1497=VERTEX_POINT('',#8747);
#1498=VERTEX_POINT('',#9239);
#1499=VERTEX_POINT('',#9241);
#1500=VERTEX_POINT('',#9280);
#1501=VERTEX_POINT('',#9326);
#1502=VERTEX_POINT('',#9365);
#1503=VERTEX_POINT('',#9411);
#1504=VERTEX_POINT('',#9450);
#1505=VERTEX_POINT('',#9496);
#1506=VERTEX_POINT('',#9581);
#1507=VERTEX_POINT('',#9582);
#1508=VERTEX_POINT('',#9584);
#1509=VERTEX_POINT('',#9586);
#1510=VERTEX_POINT('',#9588);
#1511=VERTEX_POINT('',#9590);
#1512=VERTEX_POINT('',#9597);
#1513=VERTEX_POINT('',#9599);
#1514=VERTEX_POINT('',#9603);
#1515=VERTEX_POINT('',#9605);
#1516=VERTEX_POINT('',#9607);
#1517=VERTEX_POINT('',#9609);
#1518=VERTEX_POINT('',#9611);
#1519=VERTEX_POINT('',#9613);
#1520=VERTEX_POINT('',#9615);
#1521=VERTEX_POINT('',#9617);
#1522=VERTEX_POINT('',#9619);
#1523=VERTEX_POINT('',#9621);
#1524=VERTEX_POINT('',#9623);
#1525=VERTEX_POINT('',#9625);
#1526=VERTEX_POINT('',#9627);
#1527=VERTEX_POINT('',#9632);
#1528=VERTEX_POINT('',#9730);
#1529=VERTEX_POINT('',#9732);
#1530=VERTEX_POINT('',#9830);
#1531=VERTEX_POINT('',#9837);
#1532=VERTEX_POINT('',#9842);
#1533=VERTEX_POINT('',#9940);
#1534=VERTEX_POINT('',#9942);
#1535=VERTEX_POINT('',#10031);
#1536=VERTEX_POINT('',#10036);
#1537=VERTEX_POINT('',#10122);
#1538=VERTEX_POINT('',#10124);
#1539=VERTEX_POINT('',#10222);
#1540=VERTEX_POINT('',#10227);
#1541=VERTEX_POINT('',#10232);
#1542=VERTEX_POINT('',#10330);
#1543=VERTEX_POINT('',#10332);
#1544=VERTEX_POINT('',#10437);
#1545=VERTEX_POINT('',#10439);
#1546=VERTEX_POINT('',#10441);
#1547=VERTEX_POINT('',#10443);
#1548=VERTEX_POINT('',#10447);
#1549=VERTEX_POINT('',#10451);
#1550=VERTEX_POINT('',#10453);
#1551=VERTEX_POINT('',#10455);
#1552=VERTEX_POINT('',#10457);
#1553=VERTEX_POINT('',#10459);
#1554=VERTEX_POINT('',#10461);
#1555=VERTEX_POINT('',#10463);
#1556=VERTEX_POINT('',#10465);
#1557=VERTEX_POINT('',#10467);
#1558=VERTEX_POINT('',#10470);
#1559=VERTEX_POINT('',#10471);
#1560=VERTEX_POINT('',#10474);
#1561=VERTEX_POINT('',#10475);
#1562=VERTEX_POINT('',#10490);
#1563=VERTEX_POINT('',#10494);
#1564=VERTEX_POINT('',#10496);
#1565=VERTEX_POINT('',#10572);
#1566=VERTEX_POINT('',#10598);
#1567=VERTEX_POINT('',#10678);
#1568=VERTEX_POINT('',#10680);
#1569=VERTEX_POINT('',#10766);
#1570=VERTEX_POINT('',#10792);
#1571=VERTEX_POINT('',#10818);
#1572=VERTEX_POINT('',#10898);
#1573=VERTEX_POINT('',#10900);
#1574=VERTEX_POINT('',#10995);
#1575=VERTEX_POINT('',#11009);
#1576=VERTEX_POINT('',#11095);
#1577=VERTEX_POINT('',#11097);
#1578=VERTEX_POINT('',#11186);
#1579=VERTEX_POINT('',#11212);
#1580=VERTEX_POINT('',#11238);
#1581=VERTEX_POINT('',#11318);
#1582=VERTEX_POINT('',#11320);
#1583=VERTEX_POINT('',#11403);
#1584=VERTEX_POINT('',#11429);
#1585=VERTEX_POINT('',#11431);
#1586=VERTEX_POINT('',#11442);
#1587=VERTEX_POINT('',#11444);
#1588=VERTEX_POINT('',#11448);
#1589=VERTEX_POINT('',#11452);
#1590=VERTEX_POINT('',#11456);
#1591=VERTEX_POINT('',#11458);
#1592=VERTEX_POINT('',#11462);
#1593=VERTEX_POINT('',#11463);
#1594=VERTEX_POINT('',#11465);
#1595=VERTEX_POINT('',#11468);
#1596=VERTEX_POINT('',#11470);
#1597=VERTEX_POINT('',#11472);
#1598=VERTEX_POINT('',#11564);
#1599=VERTEX_POINT('',#11634);
#1600=VERTEX_POINT('',#11636);
#1601=VERTEX_POINT('',#11640);
#1602=VERTEX_POINT('',#11644);
#1603=VERTEX_POINT('',#11648);
#1604=VERTEX_POINT('',#11650);
#1605=VERTEX_POINT('',#11654);
#1606=VERTEX_POINT('',#11656);
#1607=VERTEX_POINT('',#11658);
#1608=VERTEX_POINT('',#11663);
#1609=VERTEX_POINT('',#11950);
#1610=VERTEX_POINT('',#11956);
#1611=VERTEX_POINT('',#11957);
#1612=VERTEX_POINT('',#11962);
#1613=VERTEX_POINT('',#11963);
#1614=VERTEX_POINT('',#11991);
#1615=VERTEX_POINT('',#11995);
#1616=VERTEX_POINT('',#11997);
#1617=VERTEX_POINT('',#12024);
#1618=VERTEX_POINT('',#12039);
#1619=VERTEX_POINT('',#12332);
#1620=VERTEX_POINT('',#12414);
#1621=EDGE_CURVE('',#1289,#1290,#825,.T.);
#1622=EDGE_CURVE('',#1290,#1291,#703,.T.);
#1623=EDGE_CURVE('',#1291,#1292,#704,.T.);
#1624=EDGE_CURVE('',#1292,#1293,#826,.T.);
#1625=EDGE_CURVE('',#1293,#1294,#593,.T.);
#1626=EDGE_CURVE('',#1294,#1295,#705,.T.);
#1627=EDGE_CURVE('',#1295,#1296,#827,.T.);
#1628=EDGE_CURVE('',#1289,#1296,#828,.T.);
#1629=EDGE_CURVE('',#1297,#1289,#594,.T.);
#1630=EDGE_CURVE('',#1298,#1297,#595,.T.);
#1631=EDGE_CURVE('',#1299,#1298,#706,.T.);
#1632=EDGE_CURVE('',#1300,#1299,#596,.T.);
#1633=EDGE_CURVE('',#1301,#1300,#597,.T.);
#1634=EDGE_CURVE('',#1302,#1301,#598,.T.);
#1635=EDGE_CURVE('',#1303,#1302,#599,.T.);
#1636=EDGE_CURVE('',#1304,#1303,#707,.T.);
#1637=EDGE_CURVE('',#1305,#1304,#600,.T.);
#1638=EDGE_CURVE('',#1306,#1305,#601,.T.);
#1639=EDGE_CURVE('',#1307,#1306,#602,.T.);
#1640=EDGE_CURVE('',#1308,#1307,#708,.T.);
#1641=EDGE_CURVE('',#1309,#1308,#603,.T.);
#1642=EDGE_CURVE('',#1310,#1309,#604,.T.);
#1643=EDGE_CURVE('',#1311,#1310,#605,.T.);
#1644=EDGE_CURVE('',#1312,#1311,#606,.T.);
#1645=EDGE_CURVE('',#1313,#1312,#709,.T.);
#1646=EDGE_CURVE('',#1314,#1313,#607,.T.);
#1647=EDGE_CURVE('',#1315,#1314,#608,.T.);
#1648=EDGE_CURVE('',#1316,#1315,#829,.T.);
#1649=EDGE_CURVE('',#1317,#1316,#830,.T.);
#1650=EDGE_CURVE('',#1318,#1317,#831,.T.);
#1651=EDGE_CURVE('',#1319,#1318,#832,.T.);
#1652=EDGE_CURVE('',#1320,#1319,#833,.T.);
#1653=EDGE_CURVE('',#1321,#1320,#834,.T.);
#1654=EDGE_CURVE('',#1322,#1321,#835,.T.);
#1655=EDGE_CURVE('',#1323,#1322,#836,.T.);
#1656=EDGE_CURVE('',#1324,#1323,#837,.T.);
#1657=EDGE_CURVE('',#1325,#1324,#838,.T.);
#1658=EDGE_CURVE('',#1326,#1325,#839,.T.);
#1659=EDGE_CURVE('',#1327,#1326,#840,.T.);
#1660=EDGE_CURVE('',#1327,#1328,#841,.T.);
#1661=EDGE_CURVE('',#1329,#1328,#842,.T.);
#1662=EDGE_CURVE('',#1330,#1329,#843,.T.);
#1663=EDGE_CURVE('',#1331,#1330,#844,.T.);
#1664=EDGE_CURVE('',#1332,#1331,#845,.T.);
#1665=EDGE_CURVE('',#1332,#1333,#846,.T.);
#1666=EDGE_CURVE('',#1334,#1333,#847,.T.);
#1667=EDGE_CURVE('',#1335,#1334,#848,.T.);
#1668=EDGE_CURVE('',#1336,#1335,#849,.T.);
#1669=EDGE_CURVE('',#1337,#1336,#850,.T.);
#1670=EDGE_CURVE('',#1338,#1337,#851,.T.);
#1671=EDGE_CURVE('',#1338,#1290,#852,.T.);
#1672=EDGE_CURVE('',#1338,#1339,#112,.T.);
#1673=EDGE_CURVE('',#1339,#1340,#853,.T.);
#1674=EDGE_CURVE('',#1340,#1333,#113,.T.);
#1675=EDGE_CURVE('',#1332,#1341,#114,.T.);
#1676=EDGE_CURVE('',#1341,#1342,#115,.T.);
#1677=EDGE_CURVE('',#1342,#1343,#710,.T.);
#1678=EDGE_CURVE('',#1343,#1344,#711,.T.);
#1679=EDGE_CURVE('',#1344,#1291,#854,.T.);
#1680=EDGE_CURVE('',#1344,#1345,#712,.T.);
#1681=EDGE_CURVE('',#1345,#1346,#855,.T.);
#1682=EDGE_CURVE('',#1346,#1347,#713,.T.);
#1683=EDGE_CURVE('',#1347,#1348,#609,.T.);
#1684=EDGE_CURVE('',#1348,#1349,#610,.T.);
#1685=EDGE_CURVE('',#1349,#1350,#714,.T.);
#1686=EDGE_CURVE('',#1350,#1292,#856,.T.);
#1687=EDGE_CURVE('',#1350,#1351,#611,.T.);
#1688=EDGE_CURVE('',#1351,#1352,#857,.T.);
#1689=EDGE_CURVE('',#1352,#1353,#715,.T.);
#1690=EDGE_CURVE('',#1353,#1293,#858,.T.);
#1691=EDGE_CURVE('',#1354,#1355,#716,.T.);
#1692=EDGE_CURVE('',#1355,#1354,#717,.T.);
#1693=EDGE_CURVE('',#1353,#1356,#718,.T.);
#1694=EDGE_CURVE('',#1356,#1294,#859,.T.);
#1695=EDGE_CURVE('',#1356,#1357,#719,.T.);
#1696=EDGE_CURVE('',#1357,#1358,#116,.T.);
#1697=EDGE_CURVE('',#1358,#1359,#860,.T.);
#1698=EDGE_CURVE('',#1359,#1360,#612,.T.);
#1699=EDGE_CURVE('',#1360,#1361,#720,.T.);
#1700=EDGE_CURVE('',#1295,#1361,#861,.T.);
#1701=EDGE_CURVE('',#1361,#1362,#862,.T.);
#1702=EDGE_CURVE('',#1362,#1363,#613,.T.);
#1703=EDGE_CURVE('',#1363,#1364,#863,.T.);
#1704=EDGE_CURVE('',#1364,#1365,#614,.T.);
#1705=EDGE_CURVE('',#1365,#1366,#864,.T.);
#1706=EDGE_CURVE('',#1366,#1367,#865,.T.);
#1707=EDGE_CURVE('',#1367,#1368,#866,.T.);
#1708=EDGE_CURVE('',#1368,#1369,#867,.T.);
#1709=EDGE_CURVE('',#1370,#1369,#868,.T.);
#1710=EDGE_CURVE('',#1371,#1370,#615,.T.);
#1711=EDGE_CURVE('',#1372,#1371,#616,.T.);
#1712=EDGE_CURVE('',#1373,#1372,#117,.T.);
#1713=EDGE_CURVE('',#1374,#1373,#617,.T.);
#1714=EDGE_CURVE('',#1375,#1374,#618,.T.);
#1715=EDGE_CURVE('',#1376,#1375,#619,.T.);
#1716=EDGE_CURVE('',#1377,#1376,#620,.T.);
#1717=EDGE_CURVE('',#1378,#1377,#118,.T.);
#1718=EDGE_CURVE('',#1379,#1378,#621,.T.);
#1719=EDGE_CURVE('',#1380,#1379,#622,.T.);
#1720=EDGE_CURVE('',#1381,#1380,#623,.T.);
#1721=EDGE_CURVE('',#1382,#1381,#119,.T.);
#1722=EDGE_CURVE('',#1383,#1382,#624,.T.);
#1723=EDGE_CURVE('',#1384,#1383,#625,.T.);
#1724=EDGE_CURVE('',#1385,#1384,#626,.T.);
#1725=EDGE_CURVE('',#1386,#1385,#627,.T.);
#1726=EDGE_CURVE('',#1387,#1386,#120,.T.);
#1727=EDGE_CURVE('',#1388,#1387,#628,.T.);
#1728=EDGE_CURVE('',#1296,#1388,#629,.T.);
#1729=EDGE_CURVE('',#1297,#1388,#869,.T.);
#1730=EDGE_CURVE('',#1298,#1387,#870,.T.);
#1731=EDGE_CURVE('',#1299,#1386,#871,.T.);
#1732=EDGE_CURVE('',#1300,#1385,#872,.T.);
#1733=EDGE_CURVE('',#1301,#1384,#873,.T.);
#1734=EDGE_CURVE('',#1302,#1383,#874,.T.);
#1735=EDGE_CURVE('',#1303,#1382,#875,.T.);
#1736=EDGE_CURVE('',#1304,#1381,#876,.T.);
#1737=EDGE_CURVE('',#1305,#1380,#877,.T.);
#1738=EDGE_CURVE('',#1306,#1379,#878,.T.);
#1739=EDGE_CURVE('',#1307,#1378,#879,.T.);
#1740=EDGE_CURVE('',#1308,#1377,#880,.T.);
#1741=EDGE_CURVE('',#1309,#1376,#881,.T.);
#1742=EDGE_CURVE('',#1310,#1375,#882,.T.);
#1743=EDGE_CURVE('',#1311,#1374,#883,.T.);
#1744=EDGE_CURVE('',#1312,#1373,#884,.T.);
#1745=EDGE_CURVE('',#1313,#1372,#885,.T.);
#1746=EDGE_CURVE('',#1314,#1371,#886,.T.);
#1747=EDGE_CURVE('',#1315,#1370,#887,.T.);
#1748=EDGE_CURVE('',#1369,#1389,#721,.T.);
#1749=EDGE_CURVE('',#1389,#1390,#630,.T.);
#1750=EDGE_CURVE('',#1390,#1391,#888,.T.);
#1751=EDGE_CURVE('',#1391,#1392,#889,.T.);
#1752=EDGE_CURVE('',#1392,#1316,#722,.T.);
#1753=EDGE_CURVE('',#1393,#1392,#890,.T.);
#1754=EDGE_CURVE('',#1393,#1394,#723,.T.);
#1755=EDGE_CURVE('',#1394,#1395,#121,.T.);
#1756=EDGE_CURVE('',#1395,#1323,#122,.T.);
#1757=EDGE_CURVE('',#1322,#1396,#724,.T.);
#1758=EDGE_CURVE('',#1396,#1397,#891,.T.);
#1759=EDGE_CURVE('',#1397,#1317,#725,.T.);
#1760=EDGE_CURVE('',#1398,#1397,#892,.T.);
#1761=EDGE_CURVE('',#1399,#1398,#893,.T.);
#1762=EDGE_CURVE('',#1399,#1318,#894,.T.);
#1763=EDGE_CURVE('',#1400,#1399,#895,.T.);
#1764=EDGE_CURVE('',#1400,#1319,#896,.T.);
#1765=EDGE_CURVE('',#1401,#1400,#897,.T.);
#1766=EDGE_CURVE('',#1401,#1320,#898,.T.);
#1767=EDGE_CURVE('',#1402,#1401,#899,.T.);
#1768=EDGE_CURVE('',#1402,#1321,#900,.T.);
#1769=EDGE_CURVE('',#1403,#1402,#901,.T.);
#1770=EDGE_CURVE('',#1403,#1396,#902,.T.);
#1771=EDGE_CURVE('',#1404,#1395,#903,.T.);
#1772=EDGE_CURVE('',#1405,#1404,#904,.T.);
#1773=EDGE_CURVE('',#1405,#1324,#905,.T.);
#1774=EDGE_CURVE('',#1406,#1405,#906,.T.);
#1775=EDGE_CURVE('',#1406,#1325,#907,.T.);
#1776=EDGE_CURVE('',#1407,#1406,#908,.T.);
#1777=EDGE_CURVE('',#1407,#1326,#909,.T.);
#1778=EDGE_CURVE('',#1408,#1327,#123,.T.);
#1779=EDGE_CURVE('',#1409,#1407,#910,.T.);
#1780=EDGE_CURVE('',#1409,#1408,#911,.T.);
#1781=EDGE_CURVE('',#1410,#1408,#912,.T.);
#1782=EDGE_CURVE('',#1411,#1410,#124,.T.);
#1783=EDGE_CURVE('',#1412,#1411,#631,.T.);
#1784=EDGE_CURVE('',#1413,#1412,#913,.T.);
#1785=EDGE_CURVE('',#1413,#1414,#632,.T.);
#1786=EDGE_CURVE('',#1415,#1414,#125,.T.);
#1787=EDGE_CURVE('',#1416,#1415,#914,.T.);
#1788=EDGE_CURVE('',#1328,#1416,#126,.T.);
#1789=EDGE_CURVE('',#1417,#1416,#915,.T.);
#1790=EDGE_CURVE('',#1418,#1417,#916,.T.);
#1791=EDGE_CURVE('',#1418,#1329,#917,.T.);
#1792=EDGE_CURVE('',#1419,#1418,#918,.T.);
#1793=EDGE_CURVE('',#1419,#1330,#919,.T.);
#1794=EDGE_CURVE('',#1420,#1419,#920,.T.);
#1795=EDGE_CURVE('',#1420,#1331,#921,.T.);
#1796=EDGE_CURVE('',#1421,#1420,#922,.T.);
#1797=EDGE_CURVE('',#1421,#1341,#923,.T.);
#1798=EDGE_CURVE('',#1422,#1340,#924,.T.);
#1799=EDGE_CURVE('',#1423,#1422,#925,.T.);
#1800=EDGE_CURVE('',#1423,#1334,#926,.T.);
#1801=EDGE_CURVE('',#1424,#1423,#927,.T.);
#1802=EDGE_CURVE('',#1424,#1335,#928,.T.);
#1803=EDGE_CURVE('',#1425,#1424,#929,.T.);
#1804=EDGE_CURVE('',#1425,#1336,#930,.T.);
#1805=EDGE_CURVE('',#1426,#1425,#931,.T.);
#1806=EDGE_CURVE('',#1426,#1337,#932,.T.);
#1807=EDGE_CURVE('',#1427,#1426,#933,.T.);
#1808=EDGE_CURVE('',#1427,#1339,#934,.T.);
#1809=EDGE_CURVE('',#1422,#1427,#935,.T.);
#1810=EDGE_CURVE('',#1428,#1421,#936,.T.);
#1811=EDGE_CURVE('',#1428,#1415,#937,.T.);
#1812=EDGE_CURVE('',#1414,#1342,#633,.T.);
#1813=EDGE_CURVE('',#1413,#1344,#634,.T.);
#1814=EDGE_CURVE('',#1345,#1429,#127,.T.);
#1815=EDGE_CURVE('',#1429,#1413,#726,.T.);
#1816=EDGE_CURVE('',#1390,#1430,#938,.T.);
#1817=EDGE_CURVE('',#1430,#1431,#727,.T.);
#1818=EDGE_CURVE('',#1431,#1432,#939,.T.);
#1819=EDGE_CURVE('',#1432,#1433,#728,.T.);
#1820=EDGE_CURVE('',#1433,#1434,#940,.T.);
#1821=EDGE_CURVE('',#1434,#1435,#729,.T.);
#1822=EDGE_CURVE('',#1436,#1435,#941,.T.);
#1823=EDGE_CURVE('',#1436,#1346,#635,.T.);
#1824=EDGE_CURVE('',#1437,#1429,#942,.T.);
#1825=EDGE_CURVE('',#1437,#1438,#128,.T.);
#1826=EDGE_CURVE('',#1438,#1391,#943,.T.);
#1827=EDGE_CURVE('',#1439,#1440,#730,.T.);
#1828=EDGE_CURVE('',#1440,#1439,#731,.T.);
#1829=EDGE_CURVE('',#1441,#1442,#732,.T.);
#1830=EDGE_CURVE('',#1442,#1441,#733,.T.);
#1831=EDGE_CURVE('',#1443,#1444,#734,.T.);
#1832=EDGE_CURVE('',#1444,#1443,#735,.T.);
#1833=EDGE_CURVE('',#1445,#1436,#736,.T.);
#1834=EDGE_CURVE('',#1445,#1347,#737,.T.);
#1835=EDGE_CURVE('',#1446,#1348,#738,.T.);
#1836=EDGE_CURVE('',#1446,#1445,#636,.T.);
#1837=EDGE_CURVE('',#1447,#1349,#739,.T.);
#1838=EDGE_CURVE('',#1447,#1446,#637,.T.);
#1839=EDGE_CURVE('',#1351,#1447,#740,.T.);
#1840=EDGE_CURVE('',#1447,#1448,#944,.T.);
#1841=EDGE_CURVE('',#1448,#1449,#741,.T.);
#1842=EDGE_CURVE('',#1449,#1352,#742,.T.);
#1843=EDGE_CURVE('',#1356,#1449,#743,.T.);
#1844=EDGE_CURVE('',#1450,#1451,#129,.T.);
#1845=EDGE_CURVE('',#1451,#1450,#130,.T.);
#1846=EDGE_CURVE('',#1451,#1355,#945,.T.);
#1847=EDGE_CURVE('',#1357,#1448,#744,.T.);
#1848=EDGE_CURVE('',#1452,#1448,#131,.T.);
#1849=EDGE_CURVE('',#1452,#1358,#745,.T.);
#1850=EDGE_CURVE('',#1453,#1359,#746,.T.);
#1851=EDGE_CURVE('',#1454,#1358,#747,.T.);
#1852=EDGE_CURVE('',#1453,#1454,#946,.T.);
#1853=EDGE_CURVE('',#1455,#1360,#748,.T.);
#1854=EDGE_CURVE('',#1455,#1453,#638,.T.);
#1855=EDGE_CURVE('',#1456,#1361,#749,.T.);
#1856=EDGE_CURVE('',#1456,#1455,#750,.T.);
#1857=EDGE_CURVE('',#1457,#1362,#751,.T.);
#1858=EDGE_CURVE('',#1457,#1456,#947,.T.);
#1859=EDGE_CURVE('',#1458,#1363,#752,.T.);
#1860=EDGE_CURVE('',#1458,#1457,#753,.T.);
#1861=EDGE_CURVE('',#1459,#1364,#754,.T.);
#1862=EDGE_CURVE('',#1459,#1458,#948,.T.);
#1863=EDGE_CURVE('',#1460,#1459,#755,.T.);
#1864=EDGE_CURVE('',#1365,#1460,#756,.T.);
#1865=EDGE_CURVE('',#1461,#1460,#949,.T.);
#1866=EDGE_CURVE('',#1366,#1461,#757,.T.);
#1867=EDGE_CURVE('',#1462,#1463,#132,.T.);
#1868=EDGE_CURVE('',#1463,#1464,#758,.T.);
#1869=EDGE_CURVE('',#1465,#1464,#950,.T.);
#1870=EDGE_CURVE('',#1465,#1466,#759,.T.);
#1871=EDGE_CURVE('',#1466,#1367,#639,.T.);
#1872=EDGE_CURVE('',#1366,#1467,#760,.T.);
#1873=EDGE_CURVE('',#1467,#1468,#640,.T.);
#1874=EDGE_CURVE('',#1468,#1462,#951,.T.);
#1875=EDGE_CURVE('',#1469,#1368,#641,.T.);
#1876=EDGE_CURVE('',#1470,#1367,#642,.T.);
#1877=EDGE_CURVE('',#1471,#1470,#952,.T.);
#1878=EDGE_CURVE('',#1471,#1469,#643,.T.);
#1879=EDGE_CURVE('',#1472,#1368,#644,.T.);
#1880=EDGE_CURVE('',#1389,#1472,#953,.T.);
#1881=EDGE_CURVE('',#1472,#1473,#645,.T.);
#1882=EDGE_CURVE('',#1430,#1473,#761,.T.);
#1883=EDGE_CURVE('',#1438,#1393,#954,.T.);
#1884=EDGE_CURVE('',#1394,#1411,#133,.T.);
#1885=EDGE_CURVE('',#1412,#1393,#646,.T.);
#1886=EDGE_CURVE('',#1474,#1410,#955,.T.);
#1887=EDGE_CURVE('',#1404,#1474,#956,.T.);
#1888=EDGE_CURVE('',#1398,#1403,#957,.T.);
#1889=EDGE_CURVE('',#1475,#1476,#134,.T.);
#1890=EDGE_CURVE('',#1476,#1475,#135,.T.);
#1891=EDGE_CURVE('',#1474,#1409,#958,.T.);
#1892=EDGE_CURVE('',#1477,#1478,#136,.T.);
#1893=EDGE_CURVE('',#1478,#1477,#137,.T.);
#1894=EDGE_CURVE('',#1412,#1437,#959,.T.);
#1895=EDGE_CURVE('',#1417,#1428,#960,.T.);
#1896=EDGE_CURVE('',#1479,#1480,#138,.T.);
#1897=EDGE_CURVE('',#1480,#1479,#139,.T.);
#1898=EDGE_CURVE('',#1473,#1471,#762,.T.);
#1899=EDGE_CURVE('',#1431,#1471,#763,.T.);
#1900=EDGE_CURVE('',#1470,#1481,#764,.T.);
#1901=EDGE_CURVE('',#1432,#1481,#765,.T.);
#1902=EDGE_CURVE('',#1481,#1465,#766,.T.);
#1903=EDGE_CURVE('',#1433,#1465,#767,.T.);
#1904=EDGE_CURVE('',#1464,#1434,#768,.T.);
#1905=EDGE_CURVE('',#1482,#1464,#769,.T.);
#1906=EDGE_CURVE('',#1435,#1482,#770,.T.);
#1907=EDGE_CURVE('',#1483,#1445,#961,.T.);
#1908=EDGE_CURVE('',#1482,#1483,#771,.T.);
#1909=EDGE_CURVE('',#1476,#1440,#962,.T.);
#1910=EDGE_CURVE('',#1478,#1442,#963,.T.);
#1911=EDGE_CURVE('',#1480,#1444,#964,.T.);
#1912=EDGE_CURVE('',#1483,#1484,#140,.T.);
#1913=EDGE_CURVE('',#1484,#1485,#647,.T.);
#1914=EDGE_CURVE('',#1485,#1452,#648,.T.);
#1915=EDGE_CURVE('',#1452,#1454,#772,.T.);
#1916=EDGE_CURVE('',#1486,#1487,#649,.T.);
#1917=EDGE_CURVE('',#1487,#1488,#965,.T.);
#1918=EDGE_CURVE('',#1488,#1489,#773,.T.);
#1919=EDGE_CURVE('',#1489,#1490,#966,.T.);
#1920=EDGE_CURVE('',#1453,#1490,#774,.T.);
#1921=EDGE_CURVE('',#1454,#1486,#650,.T.);
#1922=EDGE_CURVE('',#1455,#1491,#775,.T.);
#1923=EDGE_CURVE('',#1490,#1491,#651,.T.);
#1924=EDGE_CURVE('',#1491,#1492,#967,.T.);
#1925=EDGE_CURVE('',#1457,#1492,#141,.T.);
#1926=EDGE_CURVE('',#1458,#1493,#142,.T.);
#1927=EDGE_CURVE('',#1492,#1493,#652,.T.);
#1928=EDGE_CURVE('',#1459,#1494,#143,.T.);
#1929=EDGE_CURVE('',#1493,#1494,#968,.T.);
#1930=EDGE_CURVE('',#1460,#1495,#144,.T.);
#1931=EDGE_CURVE('',#1494,#1495,#653,.T.);
#1932=EDGE_CURVE('',#1495,#1496,#969,.T.);
#1933=EDGE_CURVE('',#1497,#1496,#776,.T.);
#1934=EDGE_CURVE('',#1497,#1461,#777,.T.);
#1935=EDGE_CURVE('',#1467,#1497,#778,.T.);
#1936=EDGE_CURVE('',#1483,#1463,#779,.T.);
#1937=EDGE_CURVE('',#1484,#1462,#780,.T.);
#1938=EDGE_CURVE('',#1470,#1466,#781,.T.);
#1939=EDGE_CURVE('',#1488,#1497,#654,.T.);
#1940=EDGE_CURVE('',#1468,#1488,#782,.T.);
#1941=EDGE_CURVE('',#1462,#1487,#783,.T.);
#1942=EDGE_CURVE('',#1472,#1469,#784,.T.);
#1943=EDGE_CURVE('',#1484,#1487,#785,.T.);
#1944=EDGE_CURVE('',#1485,#1486,#786,.T.);
#1945=EDGE_CURVE('',#1496,#1489,#655,.T.);
#1946=EDGE_CURVE('',#1489,#1498,#787,.T.);
#1947=EDGE_CURVE('',#1499,#1498,#970,.T.);
#1948=EDGE_CURVE('',#1490,#1499,#788,.T.);
#1949=EDGE_CURVE('',#1500,#1491,#789,.T.);
#1950=EDGE_CURVE('',#1500,#1499,#656,.T.);
#1951=EDGE_CURVE('',#1501,#1492,#790,.T.);
#1952=EDGE_CURVE('',#1501,#1500,#971,.T.);
#1953=EDGE_CURVE('',#1502,#1493,#791,.T.);
#1954=EDGE_CURVE('',#1502,#1501,#657,.T.);
#1955=EDGE_CURVE('',#1503,#1494,#792,.T.);
#1956=EDGE_CURVE('',#1503,#1502,#972,.T.);
#1957=EDGE_CURVE('',#1495,#1504,#793,.T.);
#1958=EDGE_CURVE('',#1504,#1503,#658,.T.);
#1959=EDGE_CURVE('',#1505,#1504,#973,.T.);
#1960=EDGE_CURVE('',#1496,#1505,#794,.T.);
#1961=EDGE_CURVE('',#1498,#1505,#659,.T.);
#1962=EDGE_CURVE('',#1506,#1507,#974,.T.);
#1963=EDGE_CURVE('',#1506,#1508,#975,.T.);
#1964=EDGE_CURVE('',#1509,#1508,#976,.T.);
#1965=EDGE_CURVE('',#1510,#1509,#795,.T.);
#1966=EDGE_CURVE('',#1511,#1510,#660,.T.);
#1967=EDGE_CURVE('',#1512,#1511,#977,.T.);
#1968=EDGE_CURVE('',#1513,#1512,#796,.T.);
#1969=EDGE_CURVE('',#1507,#1513,#797,.T.);
#1970=EDGE_CURVE('',#1507,#1514,#978,.T.);
#1971=EDGE_CURVE('',#1515,#1514,#979,.T.);
#1972=EDGE_CURVE('',#1516,#1515,#980,.T.);
#1973=EDGE_CURVE('',#1517,#1516,#981,.T.);
#1974=EDGE_CURVE('',#1518,#1517,#982,.T.);
#1975=EDGE_CURVE('',#1518,#1519,#983,.T.);
#1976=EDGE_CURVE('',#1520,#1519,#984,.T.);
#1977=EDGE_CURVE('',#1521,#1520,#985,.T.);
#1978=EDGE_CURVE('',#1522,#1521,#986,.T.);
#1979=EDGE_CURVE('',#1523,#1522,#987,.T.);
#1980=EDGE_CURVE('',#1524,#1523,#988,.T.);
#1981=EDGE_CURVE('',#1524,#1525,#989,.T.);
#1982=EDGE_CURVE('',#1525,#1526,#661,.T.);
#1983=EDGE_CURVE('',#1526,#1527,#662,.T.);
#1984=EDGE_CURVE('',#1527,#1528,#798,.T.);
#1985=EDGE_CURVE('',#1528,#1529,#663,.T.);
#1986=EDGE_CURVE('',#1529,#1530,#664,.T.);
#1987=EDGE_CURVE('',#1530,#1531,#665,.T.);
#1988=EDGE_CURVE('',#1531,#1532,#666,.T.);
#1989=EDGE_CURVE('',#1532,#1533,#799,.T.);
#1990=EDGE_CURVE('',#1533,#1534,#667,.T.);
#1991=EDGE_CURVE('',#1534,#1535,#668,.T.);
#1992=EDGE_CURVE('',#1535,#1536,#669,.T.);
#1993=EDGE_CURVE('',#1536,#1537,#800,.T.);
#1994=EDGE_CURVE('',#1537,#1538,#670,.T.);
#1995=EDGE_CURVE('',#1538,#1539,#671,.T.);
#1996=EDGE_CURVE('',#1539,#1540,#672,.T.);
#1997=EDGE_CURVE('',#1540,#1541,#673,.T.);
#1998=EDGE_CURVE('',#1541,#1542,#801,.T.);
#1999=EDGE_CURVE('',#1542,#1543,#674,.T.);
#2000=EDGE_CURVE('',#1543,#1506,#675,.T.);
#2001=EDGE_CURVE('',#1513,#1544,#990,.T.);
#2002=EDGE_CURVE('',#1544,#1545,#802,.T.);
#2003=EDGE_CURVE('',#1545,#1546,#803,.T.);
#2004=EDGE_CURVE('',#1546,#1547,#145,.T.);
#2005=EDGE_CURVE('',#1547,#1514,#146,.T.);
#2006=EDGE_CURVE('',#1512,#1548,#991,.T.);
#2007=EDGE_CURVE('',#1548,#1544,#804,.T.);
#2008=EDGE_CURVE('',#1511,#1549,#992,.T.);
#2009=EDGE_CURVE('',#1549,#1550,#805,.T.);
#2010=EDGE_CURVE('',#1550,#1551,#993,.T.);
#2011=EDGE_CURVE('',#1551,#1552,#806,.T.);
#2012=EDGE_CURVE('',#1552,#1553,#994,.T.);
#2013=EDGE_CURVE('',#1553,#1554,#995,.T.);
#2014=EDGE_CURVE('',#1554,#1555,#996,.T.);
#2015=EDGE_CURVE('',#1555,#1556,#147,.T.);
#2016=EDGE_CURVE('',#1556,#1557,#997,.T.);
#2017=EDGE_CURVE('',#1557,#1548,#148,.T.);
#2018=EDGE_CURVE('',#1558,#1559,#807,.T.);
#2019=EDGE_CURVE('',#1559,#1558,#808,.T.);
#2020=EDGE_CURVE('',#1560,#1561,#809,.T.);
#2021=EDGE_CURVE('',#1561,#1560,#810,.T.);
#2022=EDGE_CURVE('',#1510,#1562,#998,.T.);
#2023=EDGE_CURVE('',#1549,#1562,#811,.T.);
#2024=EDGE_CURVE('',#1563,#1509,#999,.T.);
#2025=EDGE_CURVE('',#1563,#1564,#676,.T.);
#2026=EDGE_CURVE('',#1562,#1564,#812,.T.);
#2027=EDGE_CURVE('',#1508,#1565,#677,.T.);
#2028=EDGE_CURVE('',#1565,#1566,#678,.T.);
#2029=EDGE_CURVE('',#1566,#1567,#149,.T.);
#2030=EDGE_CURVE('',#1567,#1568,#679,.T.);
#2031=EDGE_CURVE('',#1568,#1569,#680,.T.);
#2032=EDGE_CURVE('',#1569,#1570,#681,.T.);
#2033=EDGE_CURVE('',#1570,#1571,#682,.T.);
#2034=EDGE_CURVE('',#1571,#1572,#150,.T.);
#2035=EDGE_CURVE('',#1572,#1573,#683,.T.);
#2036=EDGE_CURVE('',#1573,#1574,#684,.T.);
#2037=EDGE_CURVE('',#1574,#1575,#685,.T.);
#2038=EDGE_CURVE('',#1575,#1576,#151,.T.);
#2039=EDGE_CURVE('',#1576,#1577,#686,.T.);
#2040=EDGE_CURVE('',#1577,#1578,#687,.T.);
#2041=EDGE_CURVE('',#1578,#1579,#688,.T.);
#2042=EDGE_CURVE('',#1579,#1580,#689,.T.);
#2043=EDGE_CURVE('',#1580,#1581,#152,.T.);
#2044=EDGE_CURVE('',#1581,#1582,#690,.T.);
#2045=EDGE_CURVE('',#1582,#1583,#691,.T.);
#2046=EDGE_CURVE('',#1583,#1584,#1000,.T.);
#2047=EDGE_CURVE('',#1584,#1585,#1001,.T.);
#2048=EDGE_CURVE('',#1585,#1563,#1002,.T.);
#2049=EDGE_CURVE('',#1543,#1565,#1003,.T.);
#2050=EDGE_CURVE('',#1586,#1547,#1004,.T.);
#2051=EDGE_CURVE('',#1587,#1586,#1005,.T.);
#2052=EDGE_CURVE('',#1587,#1515,#1006,.T.);
#2053=EDGE_CURVE('',#1588,#1587,#1007,.T.);
#2054=EDGE_CURVE('',#1588,#1516,#1008,.T.);
#2055=EDGE_CURVE('',#1589,#1588,#1009,.T.);
#2056=EDGE_CURVE('',#1589,#1517,#1010,.T.);
#2057=EDGE_CURVE('',#1590,#1518,#153,.T.);
#2058=EDGE_CURVE('',#1591,#1589,#1011,.T.);
#2059=EDGE_CURVE('',#1591,#1590,#1012,.T.);
#2060=EDGE_CURVE('',#1592,#1593,#154,.T.);
#2061=EDGE_CURVE('',#1594,#1592,#1013,.T.);
#2062=EDGE_CURVE('',#1519,#1594,#155,.T.);
#2063=EDGE_CURVE('',#1595,#1590,#1014,.T.);
#2064=EDGE_CURVE('',#1596,#1595,#156,.T.);
#2065=EDGE_CURVE('',#1596,#1597,#692,.T.);
#2066=EDGE_CURVE('',#1598,#1597,#1015,.T.);
#2067=EDGE_CURVE('',#1593,#1598,#693,.T.);
#2068=EDGE_CURVE('',#1599,#1594,#1016,.T.);
#2069=EDGE_CURVE('',#1600,#1599,#1017,.T.);
#2070=EDGE_CURVE('',#1600,#1520,#1018,.T.);
#2071=EDGE_CURVE('',#1601,#1600,#1019,.T.);
#2072=EDGE_CURVE('',#1601,#1521,#1020,.T.);
#2073=EDGE_CURVE('',#1602,#1601,#1021,.T.);
#2074=EDGE_CURVE('',#1602,#1522,#1022,.T.);
#2075=EDGE_CURVE('',#1603,#1602,#1023,.T.);
#2076=EDGE_CURVE('',#1603,#1604,#1024,.T.);
#2077=EDGE_CURVE('',#1523,#1604,#157,.T.);
#2078=EDGE_CURVE('',#1605,#1524,#813,.T.);
#2079=EDGE_CURVE('',#1604,#1606,#158,.T.);
#2080=EDGE_CURVE('',#1606,#1607,#814,.T.);
#2081=EDGE_CURVE('',#1605,#1607,#1025,.T.);
#2082=EDGE_CURVE('',#1554,#1605,#1026,.T.);
#2083=EDGE_CURVE('',#1608,#1553,#694,.T.);
#2084=EDGE_CURVE('',#1584,#1608,#815,.T.);
#2085=EDGE_CURVE('',#1525,#1583,#1027,.T.);
#2086=EDGE_CURVE('',#1526,#1582,#1028,.T.);
#2087=EDGE_CURVE('',#1527,#1581,#1029,.T.);
#2088=EDGE_CURVE('',#1528,#1580,#1030,.T.);
#2089=EDGE_CURVE('',#1529,#1579,#1031,.T.);
#2090=EDGE_CURVE('',#1530,#1578,#1032,.T.);
#2091=EDGE_CURVE('',#1531,#1577,#1033,.T.);
#2092=EDGE_CURVE('',#1532,#1576,#1034,.T.);
#2093=EDGE_CURVE('',#1533,#1575,#1035,.T.);
#2094=EDGE_CURVE('',#1534,#1574,#1036,.T.);
#2095=EDGE_CURVE('',#1535,#1573,#1037,.T.);
#2096=EDGE_CURVE('',#1536,#1572,#1038,.T.);
#2097=EDGE_CURVE('',#1537,#1571,#1039,.T.);
#2098=EDGE_CURVE('',#1538,#1570,#1040,.T.);
#2099=EDGE_CURVE('',#1539,#1569,#1041,.T.);
#2100=EDGE_CURVE('',#1540,#1568,#1042,.T.);
#2101=EDGE_CURVE('',#1541,#1567,#1043,.T.);
#2102=EDGE_CURVE('',#1542,#1566,#1044,.T.);
#2103=EDGE_CURVE('',#1546,#1596,#695,.T.);
#2104=EDGE_CURVE('',#1544,#1597,#696,.T.);
#2105=EDGE_CURVE('',#1609,#1595,#1045,.T.);
#2106=EDGE_CURVE('',#1586,#1609,#1046,.T.);
#2107=EDGE_CURVE('',#1597,#1557,#816,.T.);
#2108=EDGE_CURVE('',#1610,#1611,#159,.T.);
#2109=EDGE_CURVE('',#1611,#1610,#160,.T.);
#2110=EDGE_CURVE('',#1611,#1559,#1047,.T.);
#2111=EDGE_CURVE('',#1612,#1613,#161,.T.);
#2112=EDGE_CURVE('',#1613,#1612,#162,.T.);
#2113=EDGE_CURVE('',#1613,#1561,#1048,.T.);
#2114=EDGE_CURVE('',#1562,#1614,#817,.T.);
#2115=EDGE_CURVE('',#1550,#1614,#818,.T.);
#2116=EDGE_CURVE('',#1614,#1615,#819,.T.);
#2117=EDGE_CURVE('',#1615,#1616,#1049,.T.);
#2118=EDGE_CURVE('',#1551,#1616,#820,.T.);
#2119=EDGE_CURVE('',#1616,#1617,#821,.T.);
#2120=EDGE_CURVE('',#1552,#1617,#822,.T.);
#2121=EDGE_CURVE('',#1617,#1618,#697,.T.);
#2122=EDGE_CURVE('',#1618,#1608,#1050,.T.);
#2123=EDGE_CURVE('',#1607,#1555,#1051,.T.);
#2124=EDGE_CURVE('',#1607,#1598,#698,.T.);
#2125=EDGE_CURVE('',#1556,#1598,#1052,.T.);
#2126=EDGE_CURVE('',#1563,#1615,#699,.T.);
#2127=EDGE_CURVE('',#1564,#1615,#823,.T.);
#2128=EDGE_CURVE('',#1585,#1618,#700,.T.);
#2129=EDGE_CURVE('',#1619,#1616,#701,.T.);
#2130=EDGE_CURVE('',#1585,#1619,#702,.T.);
#2131=EDGE_CURVE('',#1609,#1591,#1053,.T.);
#2132=EDGE_CURVE('',#1620,#1603,#1054,.T.);
#2133=EDGE_CURVE('',#1620,#1592,#1055,.T.);
#2134=EDGE_CURVE('',#1593,#1606,#163,.T.);
#2135=EDGE_CURVE('',#1599,#1620,#1056,.T.);
#2136=EDGE_CURVE('',#1618,#1619,#824,.T.);
#2137=ORIENTED_EDGE('',*,*,#1621,.T.);
#2138=ORIENTED_EDGE('',*,*,#1622,.T.);
#2139=ORIENTED_EDGE('',*,*,#1623,.T.);
#2140=ORIENTED_EDGE('',*,*,#1624,.T.);
#2141=ORIENTED_EDGE('',*,*,#1625,.T.);
#2142=ORIENTED_EDGE('',*,*,#1626,.T.);
#2143=ORIENTED_EDGE('',*,*,#1627,.T.);
#2144=ORIENTED_EDGE('',*,*,#1628,.F.);
#2145=ORIENTED_EDGE('',*,*,#1621,.F.);
#2146=ORIENTED_EDGE('',*,*,#1629,.F.);
#2147=ORIENTED_EDGE('',*,*,#1630,.F.);
#2148=ORIENTED_EDGE('',*,*,#1631,.F.);
#2149=ORIENTED_EDGE('',*,*,#1632,.F.);
#2150=ORIENTED_EDGE('',*,*,#1633,.F.);
#2151=ORIENTED_EDGE('',*,*,#1634,.F.);
#2152=ORIENTED_EDGE('',*,*,#1635,.F.);
#2153=ORIENTED_EDGE('',*,*,#1636,.F.);
#2154=ORIENTED_EDGE('',*,*,#1637,.F.);
#2155=ORIENTED_EDGE('',*,*,#1638,.F.);
#2156=ORIENTED_EDGE('',*,*,#1639,.F.);
#2157=ORIENTED_EDGE('',*,*,#1640,.F.);
#2158=ORIENTED_EDGE('',*,*,#1641,.F.);
#2159=ORIENTED_EDGE('',*,*,#1642,.F.);
#2160=ORIENTED_EDGE('',*,*,#1643,.F.);
#2161=ORIENTED_EDGE('',*,*,#1644,.F.);
#2162=ORIENTED_EDGE('',*,*,#1645,.F.);
#2163=ORIENTED_EDGE('',*,*,#1646,.F.);
#2164=ORIENTED_EDGE('',*,*,#1647,.F.);
#2165=ORIENTED_EDGE('',*,*,#1648,.F.);
#2166=ORIENTED_EDGE('',*,*,#1649,.F.);
#2167=ORIENTED_EDGE('',*,*,#1650,.F.);
#2168=ORIENTED_EDGE('',*,*,#1651,.F.);
#2169=ORIENTED_EDGE('',*,*,#1652,.F.);
#2170=ORIENTED_EDGE('',*,*,#1653,.F.);
#2171=ORIENTED_EDGE('',*,*,#1654,.F.);
#2172=ORIENTED_EDGE('',*,*,#1655,.F.);
#2173=ORIENTED_EDGE('',*,*,#1656,.F.);
#2174=ORIENTED_EDGE('',*,*,#1657,.F.);
#2175=ORIENTED_EDGE('',*,*,#1658,.F.);
#2176=ORIENTED_EDGE('',*,*,#1659,.F.);
#2177=ORIENTED_EDGE('',*,*,#1660,.T.);
#2178=ORIENTED_EDGE('',*,*,#1661,.F.);
#2179=ORIENTED_EDGE('',*,*,#1662,.F.);
#2180=ORIENTED_EDGE('',*,*,#1663,.F.);
#2181=ORIENTED_EDGE('',*,*,#1664,.F.);
#2182=ORIENTED_EDGE('',*,*,#1665,.T.);
#2183=ORIENTED_EDGE('',*,*,#1666,.F.);
#2184=ORIENTED_EDGE('',*,*,#1667,.F.);
#2185=ORIENTED_EDGE('',*,*,#1668,.F.);
#2186=ORIENTED_EDGE('',*,*,#1669,.F.);
#2187=ORIENTED_EDGE('',*,*,#1670,.F.);
#2188=ORIENTED_EDGE('',*,*,#1671,.T.);
#2189=ORIENTED_EDGE('',*,*,#1622,.F.);
#2190=ORIENTED_EDGE('',*,*,#1671,.F.);
#2191=ORIENTED_EDGE('',*,*,#1672,.T.);
#2192=ORIENTED_EDGE('',*,*,#1673,.T.);
#2193=ORIENTED_EDGE('',*,*,#1674,.T.);
#2194=ORIENTED_EDGE('',*,*,#1665,.F.);
#2195=ORIENTED_EDGE('',*,*,#1675,.T.);
#2196=ORIENTED_EDGE('',*,*,#1676,.T.);
#2197=ORIENTED_EDGE('',*,*,#1677,.T.);
#2198=ORIENTED_EDGE('',*,*,#1678,.T.);
#2199=ORIENTED_EDGE('',*,*,#1679,.T.);
#2200=ORIENTED_EDGE('',*,*,#1623,.F.);
#2201=ORIENTED_EDGE('',*,*,#1679,.F.);
#2202=ORIENTED_EDGE('',*,*,#1680,.T.);
#2203=ORIENTED_EDGE('',*,*,#1681,.T.);
#2204=ORIENTED_EDGE('',*,*,#1682,.T.);
#2205=ORIENTED_EDGE('',*,*,#1683,.T.);
#2206=ORIENTED_EDGE('',*,*,#1684,.T.);
#2207=ORIENTED_EDGE('',*,*,#1685,.T.);
#2208=ORIENTED_EDGE('',*,*,#1686,.T.);
#2209=ORIENTED_EDGE('',*,*,#1624,.F.);
#2210=ORIENTED_EDGE('',*,*,#1686,.F.);
#2211=ORIENTED_EDGE('',*,*,#1687,.T.);
#2212=ORIENTED_EDGE('',*,*,#1688,.T.);
#2213=ORIENTED_EDGE('',*,*,#1689,.T.);
#2214=ORIENTED_EDGE('',*,*,#1690,.T.);
#2215=ORIENTED_EDGE('',*,*,#1691,.F.);
#2216=ORIENTED_EDGE('',*,*,#1692,.F.);
#2217=ORIENTED_EDGE('',*,*,#1625,.F.);
#2218=ORIENTED_EDGE('',*,*,#1690,.F.);
#2219=ORIENTED_EDGE('',*,*,#1693,.T.);
#2220=ORIENTED_EDGE('',*,*,#1694,.T.);
#2221=ORIENTED_EDGE('',*,*,#1626,.F.);
#2222=ORIENTED_EDGE('',*,*,#1694,.F.);
#2223=ORIENTED_EDGE('',*,*,#1695,.T.);
#2224=ORIENTED_EDGE('',*,*,#1696,.T.);
#2225=ORIENTED_EDGE('',*,*,#1697,.T.);
#2226=ORIENTED_EDGE('',*,*,#1698,.T.);
#2227=ORIENTED_EDGE('',*,*,#1699,.T.);
#2228=ORIENTED_EDGE('',*,*,#1700,.F.);
#2229=ORIENTED_EDGE('',*,*,#1627,.F.);
#2230=ORIENTED_EDGE('',*,*,#1700,.T.);
#2231=ORIENTED_EDGE('',*,*,#1701,.T.);
#2232=ORIENTED_EDGE('',*,*,#1702,.T.);
#2233=ORIENTED_EDGE('',*,*,#1703,.T.);
#2234=ORIENTED_EDGE('',*,*,#1704,.T.);
#2235=ORIENTED_EDGE('',*,*,#1705,.T.);
#2236=ORIENTED_EDGE('',*,*,#1706,.T.);
#2237=ORIENTED_EDGE('',*,*,#1707,.T.);
#2238=ORIENTED_EDGE('',*,*,#1708,.T.);
#2239=ORIENTED_EDGE('',*,*,#1709,.F.);
#2240=ORIENTED_EDGE('',*,*,#1710,.F.);
#2241=ORIENTED_EDGE('',*,*,#1711,.F.);
#2242=ORIENTED_EDGE('',*,*,#1712,.F.);
#2243=ORIENTED_EDGE('',*,*,#1713,.F.);
#2244=ORIENTED_EDGE('',*,*,#1714,.F.);
#2245=ORIENTED_EDGE('',*,*,#1715,.F.);
#2246=ORIENTED_EDGE('',*,*,#1716,.F.);
#2247=ORIENTED_EDGE('',*,*,#1717,.F.);
#2248=ORIENTED_EDGE('',*,*,#1718,.F.);
#2249=ORIENTED_EDGE('',*,*,#1719,.F.);
#2250=ORIENTED_EDGE('',*,*,#1720,.F.);
#2251=ORIENTED_EDGE('',*,*,#1721,.F.);
#2252=ORIENTED_EDGE('',*,*,#1722,.F.);
#2253=ORIENTED_EDGE('',*,*,#1723,.F.);
#2254=ORIENTED_EDGE('',*,*,#1724,.F.);
#2255=ORIENTED_EDGE('',*,*,#1725,.F.);
#2256=ORIENTED_EDGE('',*,*,#1726,.F.);
#2257=ORIENTED_EDGE('',*,*,#1727,.F.);
#2258=ORIENTED_EDGE('',*,*,#1728,.F.);
#2259=ORIENTED_EDGE('',*,*,#1629,.T.);
#2260=ORIENTED_EDGE('',*,*,#1628,.T.);
#2261=ORIENTED_EDGE('',*,*,#1728,.T.);
#2262=ORIENTED_EDGE('',*,*,#1729,.F.);
#2263=ORIENTED_EDGE('',*,*,#1630,.T.);
#2264=ORIENTED_EDGE('',*,*,#1729,.T.);
#2265=ORIENTED_EDGE('',*,*,#1727,.T.);
#2266=ORIENTED_EDGE('',*,*,#1730,.F.);
#2267=ORIENTED_EDGE('',*,*,#1631,.T.);
#2268=ORIENTED_EDGE('',*,*,#1730,.T.);
#2269=ORIENTED_EDGE('',*,*,#1726,.T.);
#2270=ORIENTED_EDGE('',*,*,#1731,.F.);
#2271=ORIENTED_EDGE('',*,*,#1632,.T.);
#2272=ORIENTED_EDGE('',*,*,#1731,.T.);
#2273=ORIENTED_EDGE('',*,*,#1725,.T.);
#2274=ORIENTED_EDGE('',*,*,#1732,.F.);
#2275=ORIENTED_EDGE('',*,*,#1633,.T.);
#2276=ORIENTED_EDGE('',*,*,#1732,.T.);
#2277=ORIENTED_EDGE('',*,*,#1724,.T.);
#2278=ORIENTED_EDGE('',*,*,#1733,.F.);
#2279=ORIENTED_EDGE('',*,*,#1634,.T.);
#2280=ORIENTED_EDGE('',*,*,#1733,.T.);
#2281=ORIENTED_EDGE('',*,*,#1723,.T.);
#2282=ORIENTED_EDGE('',*,*,#1734,.F.);
#2283=ORIENTED_EDGE('',*,*,#1635,.T.);
#2284=ORIENTED_EDGE('',*,*,#1734,.T.);
#2285=ORIENTED_EDGE('',*,*,#1722,.T.);
#2286=ORIENTED_EDGE('',*,*,#1735,.F.);
#2287=ORIENTED_EDGE('',*,*,#1636,.T.);
#2288=ORIENTED_EDGE('',*,*,#1735,.T.);
#2289=ORIENTED_EDGE('',*,*,#1721,.T.);
#2290=ORIENTED_EDGE('',*,*,#1736,.F.);
#2291=ORIENTED_EDGE('',*,*,#1637,.T.);
#2292=ORIENTED_EDGE('',*,*,#1736,.T.);
#2293=ORIENTED_EDGE('',*,*,#1720,.T.);
#2294=ORIENTED_EDGE('',*,*,#1737,.F.);
#2295=ORIENTED_EDGE('',*,*,#1638,.T.);
#2296=ORIENTED_EDGE('',*,*,#1737,.T.);
#2297=ORIENTED_EDGE('',*,*,#1719,.T.);
#2298=ORIENTED_EDGE('',*,*,#1738,.F.);
#2299=ORIENTED_EDGE('',*,*,#1639,.T.);
#2300=ORIENTED_EDGE('',*,*,#1738,.T.);
#2301=ORIENTED_EDGE('',*,*,#1718,.T.);
#2302=ORIENTED_EDGE('',*,*,#1739,.F.);
#2303=ORIENTED_EDGE('',*,*,#1640,.T.);
#2304=ORIENTED_EDGE('',*,*,#1739,.T.);
#2305=ORIENTED_EDGE('',*,*,#1717,.T.);
#2306=ORIENTED_EDGE('',*,*,#1740,.F.);
#2307=ORIENTED_EDGE('',*,*,#1641,.T.);
#2308=ORIENTED_EDGE('',*,*,#1740,.T.);
#2309=ORIENTED_EDGE('',*,*,#1716,.T.);
#2310=ORIENTED_EDGE('',*,*,#1741,.F.);
#2311=ORIENTED_EDGE('',*,*,#1642,.T.);
#2312=ORIENTED_EDGE('',*,*,#1741,.T.);
#2313=ORIENTED_EDGE('',*,*,#1715,.T.);
#2314=ORIENTED_EDGE('',*,*,#1742,.F.);
#2315=ORIENTED_EDGE('',*,*,#1643,.T.);
#2316=ORIENTED_EDGE('',*,*,#1742,.T.);
#2317=ORIENTED_EDGE('',*,*,#1714,.T.);
#2318=ORIENTED_EDGE('',*,*,#1743,.F.);
#2319=ORIENTED_EDGE('',*,*,#1644,.T.);
#2320=ORIENTED_EDGE('',*,*,#1743,.T.);
#2321=ORIENTED_EDGE('',*,*,#1713,.T.);
#2322=ORIENTED_EDGE('',*,*,#1744,.F.);
#2323=ORIENTED_EDGE('',*,*,#1645,.T.);
#2324=ORIENTED_EDGE('',*,*,#1744,.T.);
#2325=ORIENTED_EDGE('',*,*,#1712,.T.);
#2326=ORIENTED_EDGE('',*,*,#1745,.F.);
#2327=ORIENTED_EDGE('',*,*,#1646,.T.);
#2328=ORIENTED_EDGE('',*,*,#1745,.T.);
#2329=ORIENTED_EDGE('',*,*,#1711,.T.);
#2330=ORIENTED_EDGE('',*,*,#1746,.F.);
#2331=ORIENTED_EDGE('',*,*,#1647,.T.);
#2332=ORIENTED_EDGE('',*,*,#1746,.T.);
#2333=ORIENTED_EDGE('',*,*,#1710,.T.);
#2334=ORIENTED_EDGE('',*,*,#1747,.F.);
#2335=ORIENTED_EDGE('',*,*,#1648,.T.);
#2336=ORIENTED_EDGE('',*,*,#1747,.T.);
#2337=ORIENTED_EDGE('',*,*,#1709,.T.);
#2338=ORIENTED_EDGE('',*,*,#1748,.T.);
#2339=ORIENTED_EDGE('',*,*,#1749,.T.);
#2340=ORIENTED_EDGE('',*,*,#1750,.T.);
#2341=ORIENTED_EDGE('',*,*,#1751,.T.);
#2342=ORIENTED_EDGE('',*,*,#1752,.T.);
#2343=ORIENTED_EDGE('',*,*,#1752,.F.);
#2344=ORIENTED_EDGE('',*,*,#1753,.F.);
#2345=ORIENTED_EDGE('',*,*,#1754,.T.);
#2346=ORIENTED_EDGE('',*,*,#1755,.T.);
#2347=ORIENTED_EDGE('',*,*,#1756,.T.);
#2348=ORIENTED_EDGE('',*,*,#1655,.T.);
#2349=ORIENTED_EDGE('',*,*,#1757,.T.);
#2350=ORIENTED_EDGE('',*,*,#1758,.T.);
#2351=ORIENTED_EDGE('',*,*,#1759,.T.);
#2352=ORIENTED_EDGE('',*,*,#1649,.T.);
#2353=ORIENTED_EDGE('',*,*,#1760,.F.);
#2354=ORIENTED_EDGE('',*,*,#1761,.F.);
#2355=ORIENTED_EDGE('',*,*,#1762,.T.);
#2356=ORIENTED_EDGE('',*,*,#1650,.T.);
#2357=ORIENTED_EDGE('',*,*,#1759,.F.);
#2358=ORIENTED_EDGE('',*,*,#1651,.T.);
#2359=ORIENTED_EDGE('',*,*,#1762,.F.);
#2360=ORIENTED_EDGE('',*,*,#1763,.F.);
#2361=ORIENTED_EDGE('',*,*,#1764,.T.);
#2362=ORIENTED_EDGE('',*,*,#1652,.T.);
#2363=ORIENTED_EDGE('',*,*,#1764,.F.);
#2364=ORIENTED_EDGE('',*,*,#1765,.F.);
#2365=ORIENTED_EDGE('',*,*,#1766,.T.);
#2366=ORIENTED_EDGE('',*,*,#1653,.T.);
#2367=ORIENTED_EDGE('',*,*,#1766,.F.);
#2368=ORIENTED_EDGE('',*,*,#1767,.F.);
#2369=ORIENTED_EDGE('',*,*,#1768,.T.);
#2370=ORIENTED_EDGE('',*,*,#1654,.T.);
#2371=ORIENTED_EDGE('',*,*,#1768,.F.);
#2372=ORIENTED_EDGE('',*,*,#1769,.F.);
#2373=ORIENTED_EDGE('',*,*,#1770,.T.);
#2374=ORIENTED_EDGE('',*,*,#1757,.F.);
#2375=ORIENTED_EDGE('',*,*,#1771,.F.);
#2376=ORIENTED_EDGE('',*,*,#1772,.F.);
#2377=ORIENTED_EDGE('',*,*,#1773,.T.);
#2378=ORIENTED_EDGE('',*,*,#1656,.T.);
#2379=ORIENTED_EDGE('',*,*,#1756,.F.);
#2380=ORIENTED_EDGE('',*,*,#1657,.T.);
#2381=ORIENTED_EDGE('',*,*,#1773,.F.);
#2382=ORIENTED_EDGE('',*,*,#1774,.F.);
#2383=ORIENTED_EDGE('',*,*,#1775,.T.);
#2384=ORIENTED_EDGE('',*,*,#1658,.T.);
#2385=ORIENTED_EDGE('',*,*,#1775,.F.);
#2386=ORIENTED_EDGE('',*,*,#1776,.F.);
#2387=ORIENTED_EDGE('',*,*,#1777,.T.);
#2388=ORIENTED_EDGE('',*,*,#1778,.T.);
#2389=ORIENTED_EDGE('',*,*,#1659,.T.);
#2390=ORIENTED_EDGE('',*,*,#1777,.F.);
#2391=ORIENTED_EDGE('',*,*,#1779,.F.);
#2392=ORIENTED_EDGE('',*,*,#1780,.T.);
#2393=ORIENTED_EDGE('',*,*,#1778,.F.);
#2394=ORIENTED_EDGE('',*,*,#1781,.F.);
#2395=ORIENTED_EDGE('',*,*,#1782,.F.);
#2396=ORIENTED_EDGE('',*,*,#1783,.F.);
#2397=ORIENTED_EDGE('',*,*,#1784,.F.);
#2398=ORIENTED_EDGE('',*,*,#1785,.T.);
#2399=ORIENTED_EDGE('',*,*,#1786,.F.);
#2400=ORIENTED_EDGE('',*,*,#1787,.F.);
#2401=ORIENTED_EDGE('',*,*,#1788,.F.);
#2402=ORIENTED_EDGE('',*,*,#1660,.F.);
#2403=ORIENTED_EDGE('',*,*,#1788,.T.);
#2404=ORIENTED_EDGE('',*,*,#1789,.F.);
#2405=ORIENTED_EDGE('',*,*,#1790,.F.);
#2406=ORIENTED_EDGE('',*,*,#1791,.T.);
#2407=ORIENTED_EDGE('',*,*,#1661,.T.);
#2408=ORIENTED_EDGE('',*,*,#1662,.T.);
#2409=ORIENTED_EDGE('',*,*,#1791,.F.);
#2410=ORIENTED_EDGE('',*,*,#1792,.F.);
#2411=ORIENTED_EDGE('',*,*,#1793,.T.);
#2412=ORIENTED_EDGE('',*,*,#1663,.T.);
#2413=ORIENTED_EDGE('',*,*,#1793,.F.);
#2414=ORIENTED_EDGE('',*,*,#1794,.F.);
#2415=ORIENTED_EDGE('',*,*,#1795,.T.);
#2416=ORIENTED_EDGE('',*,*,#1664,.T.);
#2417=ORIENTED_EDGE('',*,*,#1795,.F.);
#2418=ORIENTED_EDGE('',*,*,#1796,.F.);
#2419=ORIENTED_EDGE('',*,*,#1797,.T.);
#2420=ORIENTED_EDGE('',*,*,#1675,.F.);
#2421=ORIENTED_EDGE('',*,*,#1798,.F.);
#2422=ORIENTED_EDGE('',*,*,#1799,.F.);
#2423=ORIENTED_EDGE('',*,*,#1800,.T.);
#2424=ORIENTED_EDGE('',*,*,#1666,.T.);
#2425=ORIENTED_EDGE('',*,*,#1674,.F.);
#2426=ORIENTED_EDGE('',*,*,#1667,.T.);
#2427=ORIENTED_EDGE('',*,*,#1800,.F.);
#2428=ORIENTED_EDGE('',*,*,#1801,.F.);
#2429=ORIENTED_EDGE('',*,*,#1802,.T.);
#2430=ORIENTED_EDGE('',*,*,#1668,.T.);
#2431=ORIENTED_EDGE('',*,*,#1802,.F.);
#2432=ORIENTED_EDGE('',*,*,#1803,.F.);
#2433=ORIENTED_EDGE('',*,*,#1804,.T.);
#2434=ORIENTED_EDGE('',*,*,#1669,.T.);
#2435=ORIENTED_EDGE('',*,*,#1804,.F.);
#2436=ORIENTED_EDGE('',*,*,#1805,.F.);
#2437=ORIENTED_EDGE('',*,*,#1806,.T.);
#2438=ORIENTED_EDGE('',*,*,#1670,.T.);
#2439=ORIENTED_EDGE('',*,*,#1806,.F.);
#2440=ORIENTED_EDGE('',*,*,#1807,.F.);
#2441=ORIENTED_EDGE('',*,*,#1808,.T.);
#2442=ORIENTED_EDGE('',*,*,#1672,.F.);
#2443=ORIENTED_EDGE('',*,*,#1808,.F.);
#2444=ORIENTED_EDGE('',*,*,#1809,.F.);
#2445=ORIENTED_EDGE('',*,*,#1798,.T.);
#2446=ORIENTED_EDGE('',*,*,#1673,.F.);
#2447=ORIENTED_EDGE('',*,*,#1797,.F.);
#2448=ORIENTED_EDGE('',*,*,#1810,.F.);
#2449=ORIENTED_EDGE('',*,*,#1811,.T.);
#2450=ORIENTED_EDGE('',*,*,#1786,.T.);
#2451=ORIENTED_EDGE('',*,*,#1812,.T.);
#2452=ORIENTED_EDGE('',*,*,#1676,.F.);
#2453=ORIENTED_EDGE('',*,*,#1812,.F.);
#2454=ORIENTED_EDGE('',*,*,#1785,.F.);
#2455=ORIENTED_EDGE('',*,*,#1813,.T.);
#2456=ORIENTED_EDGE('',*,*,#1678,.F.);
#2457=ORIENTED_EDGE('',*,*,#1677,.F.);
#2458=ORIENTED_EDGE('',*,*,#1814,.F.);
#2459=ORIENTED_EDGE('',*,*,#1680,.F.);
#2460=ORIENTED_EDGE('',*,*,#1813,.F.);
#2461=ORIENTED_EDGE('',*,*,#1815,.F.);
#2462=ORIENTED_EDGE('',*,*,#1750,.F.);
#2463=ORIENTED_EDGE('',*,*,#1816,.T.);
#2464=ORIENTED_EDGE('',*,*,#1817,.T.);
#2465=ORIENTED_EDGE('',*,*,#1818,.T.);
#2466=ORIENTED_EDGE('',*,*,#1819,.T.);
#2467=ORIENTED_EDGE('',*,*,#1820,.T.);
#2468=ORIENTED_EDGE('',*,*,#1821,.T.);
#2469=ORIENTED_EDGE('',*,*,#1822,.F.);
#2470=ORIENTED_EDGE('',*,*,#1823,.T.);
#2471=ORIENTED_EDGE('',*,*,#1681,.F.);
#2472=ORIENTED_EDGE('',*,*,#1814,.T.);
#2473=ORIENTED_EDGE('',*,*,#1824,.F.);
#2474=ORIENTED_EDGE('',*,*,#1825,.T.);
#2475=ORIENTED_EDGE('',*,*,#1826,.T.);
#2476=ORIENTED_EDGE('',*,*,#1827,.F.);
#2477=ORIENTED_EDGE('',*,*,#1828,.F.);
#2478=ORIENTED_EDGE('',*,*,#1829,.F.);
#2479=ORIENTED_EDGE('',*,*,#1830,.F.);
#2480=ORIENTED_EDGE('',*,*,#1831,.F.);
#2481=ORIENTED_EDGE('',*,*,#1832,.F.);
#2482=ORIENTED_EDGE('',*,*,#1823,.F.);
#2483=ORIENTED_EDGE('',*,*,#1833,.F.);
#2484=ORIENTED_EDGE('',*,*,#1834,.T.);
#2485=ORIENTED_EDGE('',*,*,#1682,.F.);
#2486=ORIENTED_EDGE('',*,*,#1835,.T.);
#2487=ORIENTED_EDGE('',*,*,#1683,.F.);
#2488=ORIENTED_EDGE('',*,*,#1834,.F.);
#2489=ORIENTED_EDGE('',*,*,#1836,.F.);
#2490=ORIENTED_EDGE('',*,*,#1837,.T.);
#2491=ORIENTED_EDGE('',*,*,#1684,.F.);
#2492=ORIENTED_EDGE('',*,*,#1835,.F.);
#2493=ORIENTED_EDGE('',*,*,#1838,.F.);
#2494=ORIENTED_EDGE('',*,*,#1687,.F.);
#2495=ORIENTED_EDGE('',*,*,#1685,.F.);
#2496=ORIENTED_EDGE('',*,*,#1837,.F.);
#2497=ORIENTED_EDGE('',*,*,#1839,.F.);
#2498=ORIENTED_EDGE('',*,*,#1688,.F.);
#2499=ORIENTED_EDGE('',*,*,#1839,.T.);
#2500=ORIENTED_EDGE('',*,*,#1840,.T.);
#2501=ORIENTED_EDGE('',*,*,#1841,.T.);
#2502=ORIENTED_EDGE('',*,*,#1842,.T.);
#2503=ORIENTED_EDGE('',*,*,#1689,.F.);
#2504=ORIENTED_EDGE('',*,*,#1842,.F.);
#2505=ORIENTED_EDGE('',*,*,#1843,.F.);
#2506=ORIENTED_EDGE('',*,*,#1693,.F.);
#2507=ORIENTED_EDGE('',*,*,#1844,.F.);
#2508=ORIENTED_EDGE('',*,*,#1845,.F.);
#2509=ORIENTED_EDGE('',*,*,#1846,.T.);
#2510=ORIENTED_EDGE('',*,*,#1692,.T.);
#2511=ORIENTED_EDGE('',*,*,#1691,.T.);
#2512=ORIENTED_EDGE('',*,*,#1846,.F.);
#2513=ORIENTED_EDGE('',*,*,#1843,.T.);
#2514=ORIENTED_EDGE('',*,*,#1841,.F.);
#2515=ORIENTED_EDGE('',*,*,#1847,.F.);
#2516=ORIENTED_EDGE('',*,*,#1695,.F.);
#2517=ORIENTED_EDGE('',*,*,#1847,.T.);
#2518=ORIENTED_EDGE('',*,*,#1848,.F.);
#2519=ORIENTED_EDGE('',*,*,#1849,.T.);
#2520=ORIENTED_EDGE('',*,*,#1696,.F.);
#2521=ORIENTED_EDGE('',*,*,#1850,.T.);
#2522=ORIENTED_EDGE('',*,*,#1697,.F.);
#2523=ORIENTED_EDGE('',*,*,#1851,.F.);
#2524=ORIENTED_EDGE('',*,*,#1852,.F.);
#2525=ORIENTED_EDGE('',*,*,#1853,.T.);
#2526=ORIENTED_EDGE('',*,*,#1698,.F.);
#2527=ORIENTED_EDGE('',*,*,#1850,.F.);
#2528=ORIENTED_EDGE('',*,*,#1854,.F.);
#2529=ORIENTED_EDGE('',*,*,#1855,.T.);
#2530=ORIENTED_EDGE('',*,*,#1699,.F.);
#2531=ORIENTED_EDGE('',*,*,#1853,.F.);
#2532=ORIENTED_EDGE('',*,*,#1856,.F.);
#2533=ORIENTED_EDGE('',*,*,#1857,.T.);
#2534=ORIENTED_EDGE('',*,*,#1701,.F.);
#2535=ORIENTED_EDGE('',*,*,#1855,.F.);
#2536=ORIENTED_EDGE('',*,*,#1858,.F.);
#2537=ORIENTED_EDGE('',*,*,#1859,.T.);
#2538=ORIENTED_EDGE('',*,*,#1702,.F.);
#2539=ORIENTED_EDGE('',*,*,#1857,.F.);
#2540=ORIENTED_EDGE('',*,*,#1860,.F.);
#2541=ORIENTED_EDGE('',*,*,#1861,.T.);
#2542=ORIENTED_EDGE('',*,*,#1703,.F.);
#2543=ORIENTED_EDGE('',*,*,#1859,.F.);
#2544=ORIENTED_EDGE('',*,*,#1862,.F.);
#2545=ORIENTED_EDGE('',*,*,#1861,.F.);
#2546=ORIENTED_EDGE('',*,*,#1863,.F.);
#2547=ORIENTED_EDGE('',*,*,#1864,.F.);
#2548=ORIENTED_EDGE('',*,*,#1704,.F.);
#2549=ORIENTED_EDGE('',*,*,#1864,.T.);
#2550=ORIENTED_EDGE('',*,*,#1865,.F.);
#2551=ORIENTED_EDGE('',*,*,#1866,.F.);
#2552=ORIENTED_EDGE('',*,*,#1705,.F.);
#2553=ORIENTED_EDGE('',*,*,#1867,.T.);
#2554=ORIENTED_EDGE('',*,*,#1868,.T.);
#2555=ORIENTED_EDGE('',*,*,#1869,.F.);
#2556=ORIENTED_EDGE('',*,*,#1870,.T.);
#2557=ORIENTED_EDGE('',*,*,#1871,.T.);
#2558=ORIENTED_EDGE('',*,*,#1706,.F.);
#2559=ORIENTED_EDGE('',*,*,#1872,.T.);
#2560=ORIENTED_EDGE('',*,*,#1873,.T.);
#2561=ORIENTED_EDGE('',*,*,#1874,.T.);
#2562=ORIENTED_EDGE('',*,*,#1875,.T.);
#2563=ORIENTED_EDGE('',*,*,#1707,.F.);
#2564=ORIENTED_EDGE('',*,*,#1876,.F.);
#2565=ORIENTED_EDGE('',*,*,#1877,.F.);
#2566=ORIENTED_EDGE('',*,*,#1878,.T.);
#2567=ORIENTED_EDGE('',*,*,#1748,.F.);
#2568=ORIENTED_EDGE('',*,*,#1708,.F.);
#2569=ORIENTED_EDGE('',*,*,#1879,.F.);
#2570=ORIENTED_EDGE('',*,*,#1880,.F.);
#2571=ORIENTED_EDGE('',*,*,#1749,.F.);
#2572=ORIENTED_EDGE('',*,*,#1880,.T.);
#2573=ORIENTED_EDGE('',*,*,#1881,.T.);
#2574=ORIENTED_EDGE('',*,*,#1882,.F.);
#2575=ORIENTED_EDGE('',*,*,#1816,.F.);
#2576=ORIENTED_EDGE('',*,*,#1751,.F.);
#2577=ORIENTED_EDGE('',*,*,#1826,.F.);
#2578=ORIENTED_EDGE('',*,*,#1883,.T.);
#2579=ORIENTED_EDGE('',*,*,#1753,.T.);
#2580=ORIENTED_EDGE('',*,*,#1884,.F.);
#2581=ORIENTED_EDGE('',*,*,#1754,.F.);
#2582=ORIENTED_EDGE('',*,*,#1885,.F.);
#2583=ORIENTED_EDGE('',*,*,#1783,.T.);
#2584=ORIENTED_EDGE('',*,*,#1884,.T.);
#2585=ORIENTED_EDGE('',*,*,#1782,.T.);
#2586=ORIENTED_EDGE('',*,*,#1886,.F.);
#2587=ORIENTED_EDGE('',*,*,#1887,.F.);
#2588=ORIENTED_EDGE('',*,*,#1771,.T.);
#2589=ORIENTED_EDGE('',*,*,#1755,.F.);
#2590=ORIENTED_EDGE('',*,*,#1770,.F.);
#2591=ORIENTED_EDGE('',*,*,#1888,.F.);
#2592=ORIENTED_EDGE('',*,*,#1760,.T.);
#2593=ORIENTED_EDGE('',*,*,#1758,.F.);
#2594=ORIENTED_EDGE('',*,*,#1763,.T.);
#2595=ORIENTED_EDGE('',*,*,#1761,.T.);
#2596=ORIENTED_EDGE('',*,*,#1888,.T.);
#2597=ORIENTED_EDGE('',*,*,#1769,.T.);
#2598=ORIENTED_EDGE('',*,*,#1767,.T.);
#2599=ORIENTED_EDGE('',*,*,#1765,.T.);
#2600=ORIENTED_EDGE('',*,*,#1889,.T.);
#2601=ORIENTED_EDGE('',*,*,#1890,.T.);
#2602=ORIENTED_EDGE('',*,*,#1776,.T.);
#2603=ORIENTED_EDGE('',*,*,#1774,.T.);
#2604=ORIENTED_EDGE('',*,*,#1772,.T.);
#2605=ORIENTED_EDGE('',*,*,#1887,.T.);
#2606=ORIENTED_EDGE('',*,*,#1891,.T.);
#2607=ORIENTED_EDGE('',*,*,#1779,.T.);
#2608=ORIENTED_EDGE('',*,*,#1892,.T.);
#2609=ORIENTED_EDGE('',*,*,#1893,.T.);
#2610=ORIENTED_EDGE('',*,*,#1781,.T.);
#2611=ORIENTED_EDGE('',*,*,#1780,.F.);
#2612=ORIENTED_EDGE('',*,*,#1891,.F.);
#2613=ORIENTED_EDGE('',*,*,#1886,.T.);
#2614=ORIENTED_EDGE('',*,*,#1784,.T.);
#2615=ORIENTED_EDGE('',*,*,#1894,.T.);
#2616=ORIENTED_EDGE('',*,*,#1824,.T.);
#2617=ORIENTED_EDGE('',*,*,#1815,.T.);
#2618=ORIENTED_EDGE('',*,*,#1787,.T.);
#2619=ORIENTED_EDGE('',*,*,#1811,.F.);
#2620=ORIENTED_EDGE('',*,*,#1895,.F.);
#2621=ORIENTED_EDGE('',*,*,#1789,.T.);
#2622=ORIENTED_EDGE('',*,*,#1790,.T.);
#2623=ORIENTED_EDGE('',*,*,#1895,.T.);
#2624=ORIENTED_EDGE('',*,*,#1810,.T.);
#2625=ORIENTED_EDGE('',*,*,#1796,.T.);
#2626=ORIENTED_EDGE('',*,*,#1794,.T.);
#2627=ORIENTED_EDGE('',*,*,#1792,.T.);
#2628=ORIENTED_EDGE('',*,*,#1896,.T.);
#2629=ORIENTED_EDGE('',*,*,#1897,.T.);
#2630=ORIENTED_EDGE('',*,*,#1807,.T.);
#2631=ORIENTED_EDGE('',*,*,#1805,.T.);
#2632=ORIENTED_EDGE('',*,*,#1803,.T.);
#2633=ORIENTED_EDGE('',*,*,#1801,.T.);
#2634=ORIENTED_EDGE('',*,*,#1799,.T.);
#2635=ORIENTED_EDGE('',*,*,#1809,.T.);
#2636=ORIENTED_EDGE('',*,*,#1844,.T.);
#2637=ORIENTED_EDGE('',*,*,#1845,.T.);
#2638=ORIENTED_EDGE('',*,*,#1882,.T.);
#2639=ORIENTED_EDGE('',*,*,#1898,.T.);
#2640=ORIENTED_EDGE('',*,*,#1899,.F.);
#2641=ORIENTED_EDGE('',*,*,#1817,.F.);
#2642=ORIENTED_EDGE('',*,*,#1899,.T.);
#2643=ORIENTED_EDGE('',*,*,#1877,.T.);
#2644=ORIENTED_EDGE('',*,*,#1900,.T.);
#2645=ORIENTED_EDGE('',*,*,#1901,.F.);
#2646=ORIENTED_EDGE('',*,*,#1818,.F.);
#2647=ORIENTED_EDGE('',*,*,#1901,.T.);
#2648=ORIENTED_EDGE('',*,*,#1902,.T.);
#2649=ORIENTED_EDGE('',*,*,#1903,.F.);
#2650=ORIENTED_EDGE('',*,*,#1819,.F.);
#2651=ORIENTED_EDGE('',*,*,#1869,.T.);
#2652=ORIENTED_EDGE('',*,*,#1904,.T.);
#2653=ORIENTED_EDGE('',*,*,#1820,.F.);
#2654=ORIENTED_EDGE('',*,*,#1903,.T.);
#2655=ORIENTED_EDGE('',*,*,#1821,.F.);
#2656=ORIENTED_EDGE('',*,*,#1904,.F.);
#2657=ORIENTED_EDGE('',*,*,#1905,.F.);
#2658=ORIENTED_EDGE('',*,*,#1906,.F.);
#2659=ORIENTED_EDGE('',*,*,#1907,.T.);
#2660=ORIENTED_EDGE('',*,*,#1833,.T.);
#2661=ORIENTED_EDGE('',*,*,#1822,.T.);
#2662=ORIENTED_EDGE('',*,*,#1906,.T.);
#2663=ORIENTED_EDGE('',*,*,#1908,.T.);
#2664=ORIENTED_EDGE('',*,*,#1885,.T.);
#2665=ORIENTED_EDGE('',*,*,#1883,.F.);
#2666=ORIENTED_EDGE('',*,*,#1825,.F.);
#2667=ORIENTED_EDGE('',*,*,#1894,.F.);
#2668=ORIENTED_EDGE('',*,*,#1889,.F.);
#2669=ORIENTED_EDGE('',*,*,#1890,.F.);
#2670=ORIENTED_EDGE('',*,*,#1909,.T.);
#2671=ORIENTED_EDGE('',*,*,#1828,.T.);
#2672=ORIENTED_EDGE('',*,*,#1827,.T.);
#2673=ORIENTED_EDGE('',*,*,#1909,.F.);
#2674=ORIENTED_EDGE('',*,*,#1892,.F.);
#2675=ORIENTED_EDGE('',*,*,#1893,.F.);
#2676=ORIENTED_EDGE('',*,*,#1910,.T.);
#2677=ORIENTED_EDGE('',*,*,#1830,.T.);
#2678=ORIENTED_EDGE('',*,*,#1829,.T.);
#2679=ORIENTED_EDGE('',*,*,#1910,.F.);
#2680=ORIENTED_EDGE('',*,*,#1896,.F.);
#2681=ORIENTED_EDGE('',*,*,#1897,.F.);
#2682=ORIENTED_EDGE('',*,*,#1911,.T.);
#2683=ORIENTED_EDGE('',*,*,#1832,.T.);
#2684=ORIENTED_EDGE('',*,*,#1831,.T.);
#2685=ORIENTED_EDGE('',*,*,#1911,.F.);
#2686=ORIENTED_EDGE('',*,*,#1840,.F.);
#2687=ORIENTED_EDGE('',*,*,#1838,.T.);
#2688=ORIENTED_EDGE('',*,*,#1836,.T.);
#2689=ORIENTED_EDGE('',*,*,#1907,.F.);
#2690=ORIENTED_EDGE('',*,*,#1912,.T.);
#2691=ORIENTED_EDGE('',*,*,#1913,.T.);
#2692=ORIENTED_EDGE('',*,*,#1914,.T.);
#2693=ORIENTED_EDGE('',*,*,#1848,.T.);
#2694=ORIENTED_EDGE('',*,*,#1851,.T.);
#2695=ORIENTED_EDGE('',*,*,#1849,.F.);
#2696=ORIENTED_EDGE('',*,*,#1915,.T.);
#2697=ORIENTED_EDGE('',*,*,#1916,.T.);
#2698=ORIENTED_EDGE('',*,*,#1917,.T.);
#2699=ORIENTED_EDGE('',*,*,#1918,.T.);
#2700=ORIENTED_EDGE('',*,*,#1919,.T.);
#2701=ORIENTED_EDGE('',*,*,#1920,.F.);
#2702=ORIENTED_EDGE('',*,*,#1852,.T.);
#2703=ORIENTED_EDGE('',*,*,#1921,.T.);
#2704=ORIENTED_EDGE('',*,*,#1922,.F.);
#2705=ORIENTED_EDGE('',*,*,#1854,.T.);
#2706=ORIENTED_EDGE('',*,*,#1920,.T.);
#2707=ORIENTED_EDGE('',*,*,#1923,.T.);
#2708=ORIENTED_EDGE('',*,*,#1858,.T.);
#2709=ORIENTED_EDGE('',*,*,#1856,.T.);
#2710=ORIENTED_EDGE('',*,*,#1922,.T.);
#2711=ORIENTED_EDGE('',*,*,#1924,.T.);
#2712=ORIENTED_EDGE('',*,*,#1925,.F.);
#2713=ORIENTED_EDGE('',*,*,#1926,.F.);
#2714=ORIENTED_EDGE('',*,*,#1860,.T.);
#2715=ORIENTED_EDGE('',*,*,#1925,.T.);
#2716=ORIENTED_EDGE('',*,*,#1927,.T.);
#2717=ORIENTED_EDGE('',*,*,#1928,.F.);
#2718=ORIENTED_EDGE('',*,*,#1862,.T.);
#2719=ORIENTED_EDGE('',*,*,#1926,.T.);
#2720=ORIENTED_EDGE('',*,*,#1929,.T.);
#2721=ORIENTED_EDGE('',*,*,#1930,.F.);
#2722=ORIENTED_EDGE('',*,*,#1863,.T.);
#2723=ORIENTED_EDGE('',*,*,#1928,.T.);
#2724=ORIENTED_EDGE('',*,*,#1931,.T.);
#2725=ORIENTED_EDGE('',*,*,#1930,.T.);
#2726=ORIENTED_EDGE('',*,*,#1932,.T.);
#2727=ORIENTED_EDGE('',*,*,#1933,.F.);
#2728=ORIENTED_EDGE('',*,*,#1934,.T.);
#2729=ORIENTED_EDGE('',*,*,#1865,.T.);
#2730=ORIENTED_EDGE('',*,*,#1866,.T.);
#2731=ORIENTED_EDGE('',*,*,#1934,.F.);
#2732=ORIENTED_EDGE('',*,*,#1935,.F.);
#2733=ORIENTED_EDGE('',*,*,#1872,.F.);
#2734=ORIENTED_EDGE('',*,*,#1936,.T.);
#2735=ORIENTED_EDGE('',*,*,#1867,.F.);
#2736=ORIENTED_EDGE('',*,*,#1937,.F.);
#2737=ORIENTED_EDGE('',*,*,#1912,.F.);
#2738=ORIENTED_EDGE('',*,*,#1905,.T.);
#2739=ORIENTED_EDGE('',*,*,#1868,.F.);
#2740=ORIENTED_EDGE('',*,*,#1936,.F.);
#2741=ORIENTED_EDGE('',*,*,#1908,.F.);
#2742=ORIENTED_EDGE('',*,*,#1900,.F.);
#2743=ORIENTED_EDGE('',*,*,#1938,.T.);
#2744=ORIENTED_EDGE('',*,*,#1870,.F.);
#2745=ORIENTED_EDGE('',*,*,#1902,.F.);
#2746=ORIENTED_EDGE('',*,*,#1938,.F.);
#2747=ORIENTED_EDGE('',*,*,#1876,.T.);
#2748=ORIENTED_EDGE('',*,*,#1871,.F.);
#2749=ORIENTED_EDGE('',*,*,#1935,.T.);
#2750=ORIENTED_EDGE('',*,*,#1939,.F.);
#2751=ORIENTED_EDGE('',*,*,#1940,.F.);
#2752=ORIENTED_EDGE('',*,*,#1873,.F.);
#2753=ORIENTED_EDGE('',*,*,#1941,.F.);
#2754=ORIENTED_EDGE('',*,*,#1874,.F.);
#2755=ORIENTED_EDGE('',*,*,#1940,.T.);
#2756=ORIENTED_EDGE('',*,*,#1917,.F.);
#2757=ORIENTED_EDGE('',*,*,#1942,.F.);
#2758=ORIENTED_EDGE('',*,*,#1879,.T.);
#2759=ORIENTED_EDGE('',*,*,#1875,.F.);
#2760=ORIENTED_EDGE('',*,*,#1881,.F.);
#2761=ORIENTED_EDGE('',*,*,#1942,.T.);
#2762=ORIENTED_EDGE('',*,*,#1878,.F.);
#2763=ORIENTED_EDGE('',*,*,#1898,.F.);
#2764=ORIENTED_EDGE('',*,*,#1943,.T.);
#2765=ORIENTED_EDGE('',*,*,#1916,.F.);
#2766=ORIENTED_EDGE('',*,*,#1944,.F.);
#2767=ORIENTED_EDGE('',*,*,#1913,.F.);
#2768=ORIENTED_EDGE('',*,*,#1944,.T.);
#2769=ORIENTED_EDGE('',*,*,#1921,.F.);
#2770=ORIENTED_EDGE('',*,*,#1915,.F.);
#2771=ORIENTED_EDGE('',*,*,#1914,.F.);
#2772=ORIENTED_EDGE('',*,*,#1918,.F.);
#2773=ORIENTED_EDGE('',*,*,#1939,.T.);
#2774=ORIENTED_EDGE('',*,*,#1933,.T.);
#2775=ORIENTED_EDGE('',*,*,#1945,.T.);
#2776=ORIENTED_EDGE('',*,*,#1946,.T.);
#2777=ORIENTED_EDGE('',*,*,#1947,.F.);
#2778=ORIENTED_EDGE('',*,*,#1948,.F.);
#2779=ORIENTED_EDGE('',*,*,#1919,.F.);
#2780=ORIENTED_EDGE('',*,*,#1949,.T.);
#2781=ORIENTED_EDGE('',*,*,#1923,.F.);
#2782=ORIENTED_EDGE('',*,*,#1948,.T.);
#2783=ORIENTED_EDGE('',*,*,#1950,.F.);
#2784=ORIENTED_EDGE('',*,*,#1951,.T.);
#2785=ORIENTED_EDGE('',*,*,#1924,.F.);
#2786=ORIENTED_EDGE('',*,*,#1949,.F.);
#2787=ORIENTED_EDGE('',*,*,#1952,.F.);
#2788=ORIENTED_EDGE('',*,*,#1953,.T.);
#2789=ORIENTED_EDGE('',*,*,#1927,.F.);
#2790=ORIENTED_EDGE('',*,*,#1951,.F.);
#2791=ORIENTED_EDGE('',*,*,#1954,.F.);
#2792=ORIENTED_EDGE('',*,*,#1955,.T.);
#2793=ORIENTED_EDGE('',*,*,#1929,.F.);
#2794=ORIENTED_EDGE('',*,*,#1953,.F.);
#2795=ORIENTED_EDGE('',*,*,#1956,.F.);
#2796=ORIENTED_EDGE('',*,*,#1957,.F.);
#2797=ORIENTED_EDGE('',*,*,#1931,.F.);
#2798=ORIENTED_EDGE('',*,*,#1955,.F.);
#2799=ORIENTED_EDGE('',*,*,#1958,.F.);
#2800=ORIENTED_EDGE('',*,*,#1957,.T.);
#2801=ORIENTED_EDGE('',*,*,#1959,.F.);
#2802=ORIENTED_EDGE('',*,*,#1960,.F.);
#2803=ORIENTED_EDGE('',*,*,#1932,.F.);
#2804=ORIENTED_EDGE('',*,*,#1943,.F.);
#2805=ORIENTED_EDGE('',*,*,#1937,.T.);
#2806=ORIENTED_EDGE('',*,*,#1941,.T.);
#2807=ORIENTED_EDGE('',*,*,#1960,.T.);
#2808=ORIENTED_EDGE('',*,*,#1961,.F.);
#2809=ORIENTED_EDGE('',*,*,#1946,.F.);
#2810=ORIENTED_EDGE('',*,*,#1945,.F.);
#2811=ORIENTED_EDGE('',*,*,#1952,.T.);
#2812=ORIENTED_EDGE('',*,*,#1950,.T.);
#2813=ORIENTED_EDGE('',*,*,#1947,.T.);
#2814=ORIENTED_EDGE('',*,*,#1961,.T.);
#2815=ORIENTED_EDGE('',*,*,#1959,.T.);
#2816=ORIENTED_EDGE('',*,*,#1958,.T.);
#2817=ORIENTED_EDGE('',*,*,#1956,.T.);
#2818=ORIENTED_EDGE('',*,*,#1954,.T.);
#2819=ORIENTED_EDGE('',*,*,#1962,.F.);
#2820=ORIENTED_EDGE('',*,*,#1963,.T.);
#2821=ORIENTED_EDGE('',*,*,#1964,.F.);
#2822=ORIENTED_EDGE('',*,*,#1965,.F.);
#2823=ORIENTED_EDGE('',*,*,#1966,.F.);
#2824=ORIENTED_EDGE('',*,*,#1967,.F.);
#2825=ORIENTED_EDGE('',*,*,#1968,.F.);
#2826=ORIENTED_EDGE('',*,*,#1969,.F.);
#2827=ORIENTED_EDGE('',*,*,#1962,.T.);
#2828=ORIENTED_EDGE('',*,*,#1970,.T.);
#2829=ORIENTED_EDGE('',*,*,#1971,.F.);
#2830=ORIENTED_EDGE('',*,*,#1972,.F.);
#2831=ORIENTED_EDGE('',*,*,#1973,.F.);
#2832=ORIENTED_EDGE('',*,*,#1974,.F.);
#2833=ORIENTED_EDGE('',*,*,#1975,.T.);
#2834=ORIENTED_EDGE('',*,*,#1976,.F.);
#2835=ORIENTED_EDGE('',*,*,#1977,.F.);
#2836=ORIENTED_EDGE('',*,*,#1978,.F.);
#2837=ORIENTED_EDGE('',*,*,#1979,.F.);
#2838=ORIENTED_EDGE('',*,*,#1980,.F.);
#2839=ORIENTED_EDGE('',*,*,#1981,.T.);
#2840=ORIENTED_EDGE('',*,*,#1982,.T.);
#2841=ORIENTED_EDGE('',*,*,#1983,.T.);
#2842=ORIENTED_EDGE('',*,*,#1984,.T.);
#2843=ORIENTED_EDGE('',*,*,#1985,.T.);
#2844=ORIENTED_EDGE('',*,*,#1986,.T.);
#2845=ORIENTED_EDGE('',*,*,#1987,.T.);
#2846=ORIENTED_EDGE('',*,*,#1988,.T.);
#2847=ORIENTED_EDGE('',*,*,#1989,.T.);
#2848=ORIENTED_EDGE('',*,*,#1990,.T.);
#2849=ORIENTED_EDGE('',*,*,#1991,.T.);
#2850=ORIENTED_EDGE('',*,*,#1992,.T.);
#2851=ORIENTED_EDGE('',*,*,#1993,.T.);
#2852=ORIENTED_EDGE('',*,*,#1994,.T.);
#2853=ORIENTED_EDGE('',*,*,#1995,.T.);
#2854=ORIENTED_EDGE('',*,*,#1996,.T.);
#2855=ORIENTED_EDGE('',*,*,#1997,.T.);
#2856=ORIENTED_EDGE('',*,*,#1998,.T.);
#2857=ORIENTED_EDGE('',*,*,#1999,.T.);
#2858=ORIENTED_EDGE('',*,*,#2000,.T.);
#2859=ORIENTED_EDGE('',*,*,#1969,.T.);
#2860=ORIENTED_EDGE('',*,*,#2001,.T.);
#2861=ORIENTED_EDGE('',*,*,#2002,.T.);
#2862=ORIENTED_EDGE('',*,*,#2003,.T.);
#2863=ORIENTED_EDGE('',*,*,#2004,.T.);
#2864=ORIENTED_EDGE('',*,*,#2005,.T.);
#2865=ORIENTED_EDGE('',*,*,#1970,.F.);
#2866=ORIENTED_EDGE('',*,*,#1968,.T.);
#2867=ORIENTED_EDGE('',*,*,#2006,.T.);
#2868=ORIENTED_EDGE('',*,*,#2007,.T.);
#2869=ORIENTED_EDGE('',*,*,#2001,.F.);
#2870=ORIENTED_EDGE('',*,*,#1967,.T.);
#2871=ORIENTED_EDGE('',*,*,#2008,.T.);
#2872=ORIENTED_EDGE('',*,*,#2009,.T.);
#2873=ORIENTED_EDGE('',*,*,#2010,.T.);
#2874=ORIENTED_EDGE('',*,*,#2011,.T.);
#2875=ORIENTED_EDGE('',*,*,#2012,.T.);
#2876=ORIENTED_EDGE('',*,*,#2013,.T.);
#2877=ORIENTED_EDGE('',*,*,#2014,.T.);
#2878=ORIENTED_EDGE('',*,*,#2015,.T.);
#2879=ORIENTED_EDGE('',*,*,#2016,.T.);
#2880=ORIENTED_EDGE('',*,*,#2017,.T.);
#2881=ORIENTED_EDGE('',*,*,#2006,.F.);
#2882=ORIENTED_EDGE('',*,*,#2018,.F.);
#2883=ORIENTED_EDGE('',*,*,#2019,.F.);
#2884=ORIENTED_EDGE('',*,*,#2020,.F.);
#2885=ORIENTED_EDGE('',*,*,#2021,.F.);
#2886=ORIENTED_EDGE('',*,*,#1966,.T.);
#2887=ORIENTED_EDGE('',*,*,#2022,.T.);
#2888=ORIENTED_EDGE('',*,*,#2023,.F.);
#2889=ORIENTED_EDGE('',*,*,#2008,.F.);
#2890=ORIENTED_EDGE('',*,*,#1965,.T.);
#2891=ORIENTED_EDGE('',*,*,#2024,.F.);
#2892=ORIENTED_EDGE('',*,*,#2025,.T.);
#2893=ORIENTED_EDGE('',*,*,#2026,.F.);
#2894=ORIENTED_EDGE('',*,*,#2022,.F.);
#2895=ORIENTED_EDGE('',*,*,#1964,.T.);
#2896=ORIENTED_EDGE('',*,*,#2027,.T.);
#2897=ORIENTED_EDGE('',*,*,#2028,.T.);
#2898=ORIENTED_EDGE('',*,*,#2029,.T.);
#2899=ORIENTED_EDGE('',*,*,#2030,.T.);
#2900=ORIENTED_EDGE('',*,*,#2031,.T.);
#2901=ORIENTED_EDGE('',*,*,#2032,.T.);
#2902=ORIENTED_EDGE('',*,*,#2033,.T.);
#2903=ORIENTED_EDGE('',*,*,#2034,.T.);
#2904=ORIENTED_EDGE('',*,*,#2035,.T.);
#2905=ORIENTED_EDGE('',*,*,#2036,.T.);
#2906=ORIENTED_EDGE('',*,*,#2037,.T.);
#2907=ORIENTED_EDGE('',*,*,#2038,.T.);
#2908=ORIENTED_EDGE('',*,*,#2039,.T.);
#2909=ORIENTED_EDGE('',*,*,#2040,.T.);
#2910=ORIENTED_EDGE('',*,*,#2041,.T.);
#2911=ORIENTED_EDGE('',*,*,#2042,.T.);
#2912=ORIENTED_EDGE('',*,*,#2043,.T.);
#2913=ORIENTED_EDGE('',*,*,#2044,.T.);
#2914=ORIENTED_EDGE('',*,*,#2045,.T.);
#2915=ORIENTED_EDGE('',*,*,#2046,.T.);
#2916=ORIENTED_EDGE('',*,*,#2047,.T.);
#2917=ORIENTED_EDGE('',*,*,#2048,.T.);
#2918=ORIENTED_EDGE('',*,*,#2024,.T.);
#2919=ORIENTED_EDGE('',*,*,#2000,.F.);
#2920=ORIENTED_EDGE('',*,*,#2049,.T.);
#2921=ORIENTED_EDGE('',*,*,#2027,.F.);
#2922=ORIENTED_EDGE('',*,*,#1963,.F.);
#2923=ORIENTED_EDGE('',*,*,#2050,.F.);
#2924=ORIENTED_EDGE('',*,*,#2051,.F.);
#2925=ORIENTED_EDGE('',*,*,#2052,.T.);
#2926=ORIENTED_EDGE('',*,*,#1971,.T.);
#2927=ORIENTED_EDGE('',*,*,#2005,.F.);
#2928=ORIENTED_EDGE('',*,*,#1972,.T.);
#2929=ORIENTED_EDGE('',*,*,#2052,.F.);
#2930=ORIENTED_EDGE('',*,*,#2053,.F.);
#2931=ORIENTED_EDGE('',*,*,#2054,.T.);
#2932=ORIENTED_EDGE('',*,*,#1973,.T.);
#2933=ORIENTED_EDGE('',*,*,#2054,.F.);
#2934=ORIENTED_EDGE('',*,*,#2055,.F.);
#2935=ORIENTED_EDGE('',*,*,#2056,.T.);
#2936=ORIENTED_EDGE('',*,*,#2057,.T.);
#2937=ORIENTED_EDGE('',*,*,#1974,.T.);
#2938=ORIENTED_EDGE('',*,*,#2056,.F.);
#2939=ORIENTED_EDGE('',*,*,#2058,.F.);
#2940=ORIENTED_EDGE('',*,*,#2059,.T.);
#2941=ORIENTED_EDGE('',*,*,#2060,.F.);
#2942=ORIENTED_EDGE('',*,*,#2061,.F.);
#2943=ORIENTED_EDGE('',*,*,#2062,.F.);
#2944=ORIENTED_EDGE('',*,*,#1975,.F.);
#2945=ORIENTED_EDGE('',*,*,#2057,.F.);
#2946=ORIENTED_EDGE('',*,*,#2063,.F.);
#2947=ORIENTED_EDGE('',*,*,#2064,.F.);
#2948=ORIENTED_EDGE('',*,*,#2065,.T.);
#2949=ORIENTED_EDGE('',*,*,#2066,.F.);
#2950=ORIENTED_EDGE('',*,*,#2067,.F.);
#2951=ORIENTED_EDGE('',*,*,#2062,.T.);
#2952=ORIENTED_EDGE('',*,*,#2068,.F.);
#2953=ORIENTED_EDGE('',*,*,#2069,.F.);
#2954=ORIENTED_EDGE('',*,*,#2070,.T.);
#2955=ORIENTED_EDGE('',*,*,#1976,.T.);
#2956=ORIENTED_EDGE('',*,*,#1977,.T.);
#2957=ORIENTED_EDGE('',*,*,#2070,.F.);
#2958=ORIENTED_EDGE('',*,*,#2071,.F.);
#2959=ORIENTED_EDGE('',*,*,#2072,.T.);
#2960=ORIENTED_EDGE('',*,*,#1978,.T.);
#2961=ORIENTED_EDGE('',*,*,#2072,.F.);
#2962=ORIENTED_EDGE('',*,*,#2073,.F.);
#2963=ORIENTED_EDGE('',*,*,#2074,.T.);
#2964=ORIENTED_EDGE('',*,*,#1979,.T.);
#2965=ORIENTED_EDGE('',*,*,#2074,.F.);
#2966=ORIENTED_EDGE('',*,*,#2075,.F.);
#2967=ORIENTED_EDGE('',*,*,#2076,.T.);
#2968=ORIENTED_EDGE('',*,*,#2077,.F.);
#2969=ORIENTED_EDGE('',*,*,#2078,.T.);
#2970=ORIENTED_EDGE('',*,*,#1980,.T.);
#2971=ORIENTED_EDGE('',*,*,#2077,.T.);
#2972=ORIENTED_EDGE('',*,*,#2079,.T.);
#2973=ORIENTED_EDGE('',*,*,#2080,.T.);
#2974=ORIENTED_EDGE('',*,*,#2081,.F.);
#2975=ORIENTED_EDGE('',*,*,#1981,.F.);
#2976=ORIENTED_EDGE('',*,*,#2078,.F.);
#2977=ORIENTED_EDGE('',*,*,#2082,.F.);
#2978=ORIENTED_EDGE('',*,*,#2013,.F.);
#2979=ORIENTED_EDGE('',*,*,#2083,.F.);
#2980=ORIENTED_EDGE('',*,*,#2084,.F.);
#2981=ORIENTED_EDGE('',*,*,#2046,.F.);
#2982=ORIENTED_EDGE('',*,*,#2085,.F.);
#2983=ORIENTED_EDGE('',*,*,#1982,.F.);
#2984=ORIENTED_EDGE('',*,*,#2085,.T.);
#2985=ORIENTED_EDGE('',*,*,#2045,.F.);
#2986=ORIENTED_EDGE('',*,*,#2086,.F.);
#2987=ORIENTED_EDGE('',*,*,#1983,.F.);
#2988=ORIENTED_EDGE('',*,*,#2086,.T.);
#2989=ORIENTED_EDGE('',*,*,#2044,.F.);
#2990=ORIENTED_EDGE('',*,*,#2087,.F.);
#2991=ORIENTED_EDGE('',*,*,#1984,.F.);
#2992=ORIENTED_EDGE('',*,*,#2087,.T.);
#2993=ORIENTED_EDGE('',*,*,#2043,.F.);
#2994=ORIENTED_EDGE('',*,*,#2088,.F.);
#2995=ORIENTED_EDGE('',*,*,#1985,.F.);
#2996=ORIENTED_EDGE('',*,*,#2088,.T.);
#2997=ORIENTED_EDGE('',*,*,#2042,.F.);
#2998=ORIENTED_EDGE('',*,*,#2089,.F.);
#2999=ORIENTED_EDGE('',*,*,#1986,.F.);
#3000=ORIENTED_EDGE('',*,*,#2089,.T.);
#3001=ORIENTED_EDGE('',*,*,#2041,.F.);
#3002=ORIENTED_EDGE('',*,*,#2090,.F.);
#3003=ORIENTED_EDGE('',*,*,#1987,.F.);
#3004=ORIENTED_EDGE('',*,*,#2090,.T.);
#3005=ORIENTED_EDGE('',*,*,#2040,.F.);
#3006=ORIENTED_EDGE('',*,*,#2091,.F.);
#3007=ORIENTED_EDGE('',*,*,#1988,.F.);
#3008=ORIENTED_EDGE('',*,*,#2091,.T.);
#3009=ORIENTED_EDGE('',*,*,#2039,.F.);
#3010=ORIENTED_EDGE('',*,*,#2092,.F.);
#3011=ORIENTED_EDGE('',*,*,#1989,.F.);
#3012=ORIENTED_EDGE('',*,*,#2092,.T.);
#3013=ORIENTED_EDGE('',*,*,#2038,.F.);
#3014=ORIENTED_EDGE('',*,*,#2093,.F.);
#3015=ORIENTED_EDGE('',*,*,#1990,.F.);
#3016=ORIENTED_EDGE('',*,*,#2093,.T.);
#3017=ORIENTED_EDGE('',*,*,#2037,.F.);
#3018=ORIENTED_EDGE('',*,*,#2094,.F.);
#3019=ORIENTED_EDGE('',*,*,#1991,.F.);
#3020=ORIENTED_EDGE('',*,*,#2094,.T.);
#3021=ORIENTED_EDGE('',*,*,#2036,.F.);
#3022=ORIENTED_EDGE('',*,*,#2095,.F.);
#3023=ORIENTED_EDGE('',*,*,#1992,.F.);
#3024=ORIENTED_EDGE('',*,*,#2095,.T.);
#3025=ORIENTED_EDGE('',*,*,#2035,.F.);
#3026=ORIENTED_EDGE('',*,*,#2096,.F.);
#3027=ORIENTED_EDGE('',*,*,#1993,.F.);
#3028=ORIENTED_EDGE('',*,*,#2096,.T.);
#3029=ORIENTED_EDGE('',*,*,#2034,.F.);
#3030=ORIENTED_EDGE('',*,*,#2097,.F.);
#3031=ORIENTED_EDGE('',*,*,#1994,.F.);
#3032=ORIENTED_EDGE('',*,*,#2097,.T.);
#3033=ORIENTED_EDGE('',*,*,#2033,.F.);
#3034=ORIENTED_EDGE('',*,*,#2098,.F.);
#3035=ORIENTED_EDGE('',*,*,#1995,.F.);
#3036=ORIENTED_EDGE('',*,*,#2098,.T.);
#3037=ORIENTED_EDGE('',*,*,#2032,.F.);
#3038=ORIENTED_EDGE('',*,*,#2099,.F.);
#3039=ORIENTED_EDGE('',*,*,#1996,.F.);
#3040=ORIENTED_EDGE('',*,*,#2099,.T.);
#3041=ORIENTED_EDGE('',*,*,#2031,.F.);
#3042=ORIENTED_EDGE('',*,*,#2100,.F.);
#3043=ORIENTED_EDGE('',*,*,#1997,.F.);
#3044=ORIENTED_EDGE('',*,*,#2100,.T.);
#3045=ORIENTED_EDGE('',*,*,#2030,.F.);
#3046=ORIENTED_EDGE('',*,*,#2101,.F.);
#3047=ORIENTED_EDGE('',*,*,#1998,.F.);
#3048=ORIENTED_EDGE('',*,*,#2101,.T.);
#3049=ORIENTED_EDGE('',*,*,#2029,.F.);
#3050=ORIENTED_EDGE('',*,*,#2102,.F.);
#3051=ORIENTED_EDGE('',*,*,#1999,.F.);
#3052=ORIENTED_EDGE('',*,*,#2102,.T.);
#3053=ORIENTED_EDGE('',*,*,#2028,.F.);
#3054=ORIENTED_EDGE('',*,*,#2049,.F.);
#3055=ORIENTED_EDGE('',*,*,#2103,.F.);
#3056=ORIENTED_EDGE('',*,*,#2003,.F.);
#3057=ORIENTED_EDGE('',*,*,#2002,.F.);
#3058=ORIENTED_EDGE('',*,*,#2104,.T.);
#3059=ORIENTED_EDGE('',*,*,#2065,.F.);
#3060=ORIENTED_EDGE('',*,*,#2103,.T.);
#3061=ORIENTED_EDGE('',*,*,#2064,.T.);
#3062=ORIENTED_EDGE('',*,*,#2105,.F.);
#3063=ORIENTED_EDGE('',*,*,#2106,.F.);
#3064=ORIENTED_EDGE('',*,*,#2050,.T.);
#3065=ORIENTED_EDGE('',*,*,#2004,.F.);
#3066=ORIENTED_EDGE('',*,*,#2017,.F.);
#3067=ORIENTED_EDGE('',*,*,#2107,.F.);
#3068=ORIENTED_EDGE('',*,*,#2104,.F.);
#3069=ORIENTED_EDGE('',*,*,#2007,.F.);
#3070=ORIENTED_EDGE('',*,*,#2108,.F.);
#3071=ORIENTED_EDGE('',*,*,#2109,.F.);
#3072=ORIENTED_EDGE('',*,*,#2110,.T.);
#3073=ORIENTED_EDGE('',*,*,#2019,.T.);
#3074=ORIENTED_EDGE('',*,*,#2018,.T.);
#3075=ORIENTED_EDGE('',*,*,#2110,.F.);
#3076=ORIENTED_EDGE('',*,*,#2111,.F.);
#3077=ORIENTED_EDGE('',*,*,#2112,.F.);
#3078=ORIENTED_EDGE('',*,*,#2113,.T.);
#3079=ORIENTED_EDGE('',*,*,#2021,.T.);
#3080=ORIENTED_EDGE('',*,*,#2020,.T.);
#3081=ORIENTED_EDGE('',*,*,#2113,.F.);
#3082=ORIENTED_EDGE('',*,*,#2023,.T.);
#3083=ORIENTED_EDGE('',*,*,#2114,.T.);
#3084=ORIENTED_EDGE('',*,*,#2115,.F.);
#3085=ORIENTED_EDGE('',*,*,#2009,.F.);
#3086=ORIENTED_EDGE('',*,*,#2115,.T.);
#3087=ORIENTED_EDGE('',*,*,#2116,.T.);
#3088=ORIENTED_EDGE('',*,*,#2117,.T.);
#3089=ORIENTED_EDGE('',*,*,#2118,.F.);
#3090=ORIENTED_EDGE('',*,*,#2010,.F.);
#3091=ORIENTED_EDGE('',*,*,#2118,.T.);
#3092=ORIENTED_EDGE('',*,*,#2119,.T.);
#3093=ORIENTED_EDGE('',*,*,#2120,.F.);
#3094=ORIENTED_EDGE('',*,*,#2011,.F.);
#3095=ORIENTED_EDGE('',*,*,#2083,.T.);
#3096=ORIENTED_EDGE('',*,*,#2012,.F.);
#3097=ORIENTED_EDGE('',*,*,#2120,.T.);
#3098=ORIENTED_EDGE('',*,*,#2121,.T.);
#3099=ORIENTED_EDGE('',*,*,#2122,.T.);
#3100=ORIENTED_EDGE('',*,*,#2082,.T.);
#3101=ORIENTED_EDGE('',*,*,#2081,.T.);
#3102=ORIENTED_EDGE('',*,*,#2123,.T.);
#3103=ORIENTED_EDGE('',*,*,#2014,.F.);
#3104=ORIENTED_EDGE('',*,*,#2124,.T.);
#3105=ORIENTED_EDGE('',*,*,#2125,.F.);
#3106=ORIENTED_EDGE('',*,*,#2015,.F.);
#3107=ORIENTED_EDGE('',*,*,#2123,.F.);
#3108=ORIENTED_EDGE('',*,*,#2016,.F.);
#3109=ORIENTED_EDGE('',*,*,#2125,.T.);
#3110=ORIENTED_EDGE('',*,*,#2066,.T.);
#3111=ORIENTED_EDGE('',*,*,#2107,.T.);
#3112=ORIENTED_EDGE('',*,*,#2025,.F.);
#3113=ORIENTED_EDGE('',*,*,#2126,.T.);
#3114=ORIENTED_EDGE('',*,*,#2127,.F.);
#3115=ORIENTED_EDGE('',*,*,#2127,.T.);
#3116=ORIENTED_EDGE('',*,*,#2116,.F.);
#3117=ORIENTED_EDGE('',*,*,#2114,.F.);
#3118=ORIENTED_EDGE('',*,*,#2026,.T.);
#3119=ORIENTED_EDGE('',*,*,#2084,.T.);
#3120=ORIENTED_EDGE('',*,*,#2122,.F.);
#3121=ORIENTED_EDGE('',*,*,#2128,.F.);
#3122=ORIENTED_EDGE('',*,*,#2047,.F.);
#3123=ORIENTED_EDGE('',*,*,#2129,.T.);
#3124=ORIENTED_EDGE('',*,*,#2117,.F.);
#3125=ORIENTED_EDGE('',*,*,#2126,.F.);
#3126=ORIENTED_EDGE('',*,*,#2048,.F.);
#3127=ORIENTED_EDGE('',*,*,#2130,.T.);
#3128=ORIENTED_EDGE('',*,*,#2053,.T.);
#3129=ORIENTED_EDGE('',*,*,#2051,.T.);
#3130=ORIENTED_EDGE('',*,*,#2106,.T.);
#3131=ORIENTED_EDGE('',*,*,#2131,.T.);
#3132=ORIENTED_EDGE('',*,*,#2058,.T.);
#3133=ORIENTED_EDGE('',*,*,#2055,.T.);
#3134=ORIENTED_EDGE('',*,*,#2111,.T.);
#3135=ORIENTED_EDGE('',*,*,#2112,.T.);
#3136=ORIENTED_EDGE('',*,*,#2063,.T.);
#3137=ORIENTED_EDGE('',*,*,#2059,.F.);
#3138=ORIENTED_EDGE('',*,*,#2131,.F.);
#3139=ORIENTED_EDGE('',*,*,#2105,.T.);
#3140=ORIENTED_EDGE('',*,*,#2076,.F.);
#3141=ORIENTED_EDGE('',*,*,#2132,.F.);
#3142=ORIENTED_EDGE('',*,*,#2133,.T.);
#3143=ORIENTED_EDGE('',*,*,#2060,.T.);
#3144=ORIENTED_EDGE('',*,*,#2134,.T.);
#3145=ORIENTED_EDGE('',*,*,#2079,.F.);
#3146=ORIENTED_EDGE('',*,*,#2061,.T.);
#3147=ORIENTED_EDGE('',*,*,#2133,.F.);
#3148=ORIENTED_EDGE('',*,*,#2135,.F.);
#3149=ORIENTED_EDGE('',*,*,#2068,.T.);
#3150=ORIENTED_EDGE('',*,*,#2134,.F.);
#3151=ORIENTED_EDGE('',*,*,#2067,.T.);
#3152=ORIENTED_EDGE('',*,*,#2124,.F.);
#3153=ORIENTED_EDGE('',*,*,#2080,.F.);
#3154=ORIENTED_EDGE('',*,*,#2075,.T.);
#3155=ORIENTED_EDGE('',*,*,#2073,.T.);
#3156=ORIENTED_EDGE('',*,*,#2071,.T.);
#3157=ORIENTED_EDGE('',*,*,#2069,.T.);
#3158=ORIENTED_EDGE('',*,*,#2135,.T.);
#3159=ORIENTED_EDGE('',*,*,#2132,.T.);
#3160=ORIENTED_EDGE('',*,*,#2108,.T.);
#3161=ORIENTED_EDGE('',*,*,#2109,.T.);
#3162=ORIENTED_EDGE('',*,*,#2136,.F.);
#3163=ORIENTED_EDGE('',*,*,#2121,.F.);
#3164=ORIENTED_EDGE('',*,*,#2119,.F.);
#3165=ORIENTED_EDGE('',*,*,#2129,.F.);
#3166=ORIENTED_EDGE('',*,*,#2128,.T.);
#3167=ORIENTED_EDGE('',*,*,#2136,.T.);
#3168=ORIENTED_EDGE('',*,*,#2130,.F.);
#3169=PLANE('',#3442);
#3170=PLANE('',#3446);
#3171=PLANE('',#3462);
#3172=PLANE('',#3471);
#3173=PLANE('',#3480);
#3174=PLANE('',#3489);
#3175=PLANE('',#3490);
#3176=PLANE('',#3491);
#3177=PLANE('',#3492);
#3178=PLANE('',#3493);
#3179=PLANE('',#3494);
#3180=PLANE('',#3495);
#3181=PLANE('',#3496);
#3182=PLANE('',#3497);
#3183=PLANE('',#3503);
#3184=PLANE('',#3504);
#3185=PLANE('',#3505);
#3186=PLANE('',#3506);
#3187=PLANE('',#3507);
#3188=PLANE('',#3508);
#3189=PLANE('',#3509);
#3190=PLANE('',#3510);
#3191=PLANE('',#3511);
#3192=PLANE('',#3512);
#3193=PLANE('',#3513);
#3194=PLANE('',#3517);
#3195=PLANE('',#3535);
#3196=PLANE('',#3571);
#3197=PLANE('',#3573);
#3198=PLANE('',#3574);
#3199=PLANE('',#3575);
#3200=PLANE('',#3578);
#3201=PLANE('',#3581);
#3202=PLANE('',#3582);
#3203=PLANE('',#3583);
#3204=PLANE('',#3584);
#3205=PLANE('',#3587);
#3206=PLANE('',#3590);
#3207=PLANE('',#3598);
#3208=PLANE('',#3611);
#3209=PLANE('',#3616);
#3210=PLANE('',#3644);
#3211=PLANE('',#3645);
#3212=PLANE('',#3649);
#3213=PLANE('',#3661);
#3214=PLANE('',#3673);
#3215=PLANE('',#3678);
#3216=PLANE('',#3679);
#3217=PLANE('',#3680);
#3218=PLANE('',#3681);
#3219=PLANE('',#3687);
#3220=PLANE('',#3688);
#3221=PLANE('',#3689);
#3222=PLANE('',#3690);
#3223=PLANE('',#3696);
#3224=PLANE('',#3702);
#3225=PLANE('',#3713);
#3226=PLANE('',#3718);
#3227=PLANE('',#3720);
#3228=PLANE('',#3724);
#3229=PLANE('',#3725);
#3230=PLANE('',#3726);
#3231=PLANE('',#3728);
#3232=PLANE('',#3729);
#3233=ADVANCED_FACE('',(#205),#3169,.F.);
#3234=ADVANCED_FACE('',(#206),#3170,.F.);
#3235=ADVANCED_FACE('',(#207),#164,.T.);
#3236=ADVANCED_FACE('',(#208),#165,.T.);
#3237=ADVANCED_FACE('',(#209,#100),#3171,.F.);
#3238=ADVANCED_FACE('',(#210),#63,.F.);
#3239=ADVANCED_FACE('',(#211),#166,.F.);
#3240=ADVANCED_FACE('',(#212),#3172,.T.);
#3241=ADVANCED_FACE('',(#213),#64,.F.);
#3242=ADVANCED_FACE('',(#214),#65,.F.);
#3243=ADVANCED_FACE('',(#215),#167,.T.);
#3244=ADVANCED_FACE('',(#216),#66,.F.);
#3245=ADVANCED_FACE('',(#217),#67,.F.);
#3246=ADVANCED_FACE('',(#218),#68,.F.);
#3247=ADVANCED_FACE('',(#219),#69,.F.);
#3248=ADVANCED_FACE('',(#220),#168,.F.);
#3249=ADVANCED_FACE('',(#221),#70,.F.);
#3250=ADVANCED_FACE('',(#222),#71,.F.);
#3251=ADVANCED_FACE('',(#223),#72,.F.);
#3252=ADVANCED_FACE('',(#224),#169,.T.);
#3253=ADVANCED_FACE('',(#225),#73,.F.);
#3254=ADVANCED_FACE('',(#226),#74,.F.);
#3255=ADVANCED_FACE('',(#227),#75,.F.);
#3256=ADVANCED_FACE('',(#228),#76,.F.);
#3257=ADVANCED_FACE('',(#229),#170,.F.);
#3258=ADVANCED_FACE('',(#230),#77,.F.);
#3259=ADVANCED_FACE('',(#231),#78,.F.);
#3260=ADVANCED_FACE('',(#232),#3173,.F.);
#3261=ADVANCED_FACE('',(#233),#171,.T.);
#3262=ADVANCED_FACE('',(#234),#3174,.F.);
#3263=ADVANCED_FACE('',(#235),#3175,.F.);
#3264=ADVANCED_FACE('',(#236),#3176,.F.);
#3265=ADVANCED_FACE('',(#237),#3177,.F.);
#3266=ADVANCED_FACE('',(#238),#3178,.F.);
#3267=ADVANCED_FACE('',(#239),#3179,.F.);
#3268=ADVANCED_FACE('',(#240),#3180,.F.);
#3269=ADVANCED_FACE('',(#241),#3181,.F.);
#3270=ADVANCED_FACE('',(#242),#3182,.F.);
#3271=ADVANCED_FACE('',(#243),#172,.T.);
#3272=ADVANCED_FACE('',(#244),#3183,.F.);
#3273=ADVANCED_FACE('',(#245),#3184,.F.);
#3274=ADVANCED_FACE('',(#246),#3185,.F.);
#3275=ADVANCED_FACE('',(#247),#3186,.F.);
#3276=ADVANCED_FACE('',(#248),#3187,.F.);
#3277=ADVANCED_FACE('',(#249),#3188,.F.);
#3278=ADVANCED_FACE('',(#250),#3189,.F.);
#3279=ADVANCED_FACE('',(#251),#3190,.F.);
#3280=ADVANCED_FACE('',(#252),#3191,.F.);
#3281=ADVANCED_FACE('',(#253),#3192,.F.);
#3282=ADVANCED_FACE('',(#254),#3193,.F.);
#3283=ADVANCED_FACE('',(#255),#27,.T.);
#3284=ADVANCED_FACE('',(#256),#19,.T.);
#3285=ADVANCED_FACE('',(#257,#101,#102,#103),#3194,.F.);
#3286=ADVANCED_FACE('',(#258),#20,.T.);
#3287=ADVANCED_FACE('',(#259),#28,.T.);
#3288=ADVANCED_FACE('',(#260),#29,.T.);
#3289=ADVANCED_FACE('',(#261),#21,.T.);
#3290=ADVANCED_FACE('',(#262),#3195,.T.);
#3291=ADVANCED_FACE('',(#263),#30,.T.);
#3292=ADVANCED_FACE('',(#264),#173,.F.);
#3293=ADVANCED_FACE('',(#265),#22,.T.);
#3294=ADVANCED_FACE('',(#266),#31,.T.);
#3295=ADVANCED_FACE('',(#267),#174,.T.);
#3296=ADVANCED_FACE('',(#268),#32,.T.);
#3297=ADVANCED_FACE('',(#269),#23,.T.);
#3298=ADVANCED_FACE('',(#270),#175,.T.);
#3299=ADVANCED_FACE('',(#271),#33,.T.);
#3300=ADVANCED_FACE('',(#272),#176,.T.);
#3301=ADVANCED_FACE('',(#273),#34,.T.);
#3302=ADVANCED_FACE('',(#274),#177,.T.);
#3303=ADVANCED_FACE('',(#275),#178,.F.);
#3304=ADVANCED_FACE('',(#276),#179,.F.);
#3305=ADVANCED_FACE('',(#277),#180,.F.);
#3306=ADVANCED_FACE('',(#278),#79,.F.);
#3307=ADVANCED_FACE('',(#279),#3196,.F.);
#3308=ADVANCED_FACE('',(#280),#35,.T.);
#3309=ADVANCED_FACE('',(#281),#3197,.F.);
#3310=ADVANCED_FACE('',(#282),#3198,.F.);
#3311=ADVANCED_FACE('',(#283,#104),#3199,.T.);
#3312=ADVANCED_FACE('',(#284,#105),#3200,.T.);
#3313=ADVANCED_FACE('',(#285),#3201,.F.);
#3314=ADVANCED_FACE('',(#286),#3202,.T.);
#3315=ADVANCED_FACE('',(#287),#3203,.F.);
#3316=ADVANCED_FACE('',(#288,#106),#3204,.T.);
#3317=ADVANCED_FACE('',(#289,#107),#3205,.T.);
#3318=ADVANCED_FACE('',(#290),#36,.T.);
#3319=ADVANCED_FACE('',(#291),#3206,.T.);
#3320=ADVANCED_FACE('',(#292),#37,.T.);
#3321=ADVANCED_FACE('',(#293),#80,.F.);
#3322=ADVANCED_FACE('',(#294),#38,.T.);
#3323=ADVANCED_FACE('',(#295),#3207,.F.);
#3324=ADVANCED_FACE('',(#296),#181,.T.);
#3325=ADVANCED_FACE('',(#297),#182,.F.);
#3326=ADVANCED_FACE('',(#298),#183,.F.);
#3327=ADVANCED_FACE('',(#299),#184,.F.);
#3328=ADVANCED_FACE('',(#300),#185,.F.);
#3329=ADVANCED_FACE('',(#301),#17,.T.);
#3330=ADVANCED_FACE('',(#302),#81,.F.);
#3331=ADVANCED_FACE('',(#303),#39,.T.);
#3332=ADVANCED_FACE('',(#304),#3208,.F.);
#3333=ADVANCED_FACE('',(#305),#40,.T.);
#3334=ADVANCED_FACE('',(#306),#82,.F.);
#3335=ADVANCED_FACE('',(#307),#41,.T.);
#3336=ADVANCED_FACE('',(#308),#3209,.T.);
#3337=ADVANCED_FACE('',(#309),#24,.T.);
#3338=ADVANCED_FACE('',(#310),#42,.T.);
#3339=ADVANCED_FACE('',(#311),#25,.T.);
#3340=ADVANCED_FACE('',(#312),#43,.T.);
#3341=ADVANCED_FACE('',(#313),#44,.F.);
#3342=ADVANCED_FACE('',(#314),#45,.T.);
#3343=ADVANCED_FACE('',(#315),#186,.T.);
#3344=ADVANCED_FACE('',(#316),#46,.F.);
#3345=ADVANCED_FACE('',(#317),#47,.F.);
#3346=ADVANCED_FACE('',(#318),#48,.T.);
#3347=ADVANCED_FACE('',(#319),#49,.T.);
#3348=ADVANCED_FACE('',(#320),#50,.T.);
#3349=ADVANCED_FACE('',(#321),#187,.F.);
#3350=ADVANCED_FACE('',(#322),#51,.F.);
#3351=ADVANCED_FACE('',(#323),#188,.F.);
#3352=ADVANCED_FACE('',(#324),#52,.F.);
#3353=ADVANCED_FACE('',(#325),#189,.F.);
#3354=ADVANCED_FACE('',(#326),#53,.F.);
#3355=ADVANCED_FACE('',(#327),#190,.F.);
#3356=ADVANCED_FACE('',(#328),#18,.T.);
#3357=ADVANCED_FACE('',(#329),#54,.F.);
#3358=ADVANCED_FACE('',(#330),#3210,.F.);
#3359=ADVANCED_FACE('',(#331),#3211,.T.);
#3360=ADVANCED_FACE('',(#332),#3212,.F.);
#3361=ADVANCED_FACE('',(#333),#191,.T.);
#3362=ADVANCED_FACE('',(#334),#192,.T.);
#3363=ADVANCED_FACE('',(#335,#108,#109),#3213,.F.);
#3364=ADVANCED_FACE('',(#336),#83,.F.);
#3365=ADVANCED_FACE('',(#337),#193,.F.);
#3366=ADVANCED_FACE('',(#338),#3214,.T.);
#3367=ADVANCED_FACE('',(#339),#84,.T.);
#3368=ADVANCED_FACE('',(#340),#3215,.F.);
#3369=ADVANCED_FACE('',(#341),#3216,.F.);
#3370=ADVANCED_FACE('',(#342),#3217,.F.);
#3371=ADVANCED_FACE('',(#343),#3218,.F.);
#3372=ADVANCED_FACE('',(#344),#194,.T.);
#3373=ADVANCED_FACE('',(#345),#3219,.F.);
#3374=ADVANCED_FACE('',(#346),#3220,.F.);
#3375=ADVANCED_FACE('',(#347),#3221,.F.);
#3376=ADVANCED_FACE('',(#348),#3222,.F.);
#3377=ADVANCED_FACE('',(#349),#195,.T.);
#3378=ADVANCED_FACE('',(#350),#3223,.T.);
#3379=ADVANCED_FACE('',(#351),#85,.T.);
#3380=ADVANCED_FACE('',(#352),#86,.T.);
#3381=ADVANCED_FACE('',(#353),#196,.T.);
#3382=ADVANCED_FACE('',(#354),#87,.T.);
#3383=ADVANCED_FACE('',(#355),#88,.T.);
#3384=ADVANCED_FACE('',(#356),#89,.T.);
#3385=ADVANCED_FACE('',(#357),#90,.T.);
#3386=ADVANCED_FACE('',(#358),#197,.F.);
#3387=ADVANCED_FACE('',(#359),#91,.T.);
#3388=ADVANCED_FACE('',(#360),#92,.T.);
#3389=ADVANCED_FACE('',(#361),#93,.T.);
#3390=ADVANCED_FACE('',(#362),#198,.T.);
#3391=ADVANCED_FACE('',(#363),#94,.T.);
#3392=ADVANCED_FACE('',(#364),#95,.T.);
#3393=ADVANCED_FACE('',(#365),#96,.T.);
#3394=ADVANCED_FACE('',(#366),#97,.T.);
#3395=ADVANCED_FACE('',(#367),#199,.F.);
#3396=ADVANCED_FACE('',(#368),#98,.T.);
#3397=ADVANCED_FACE('',(#369),#55,.T.);
#3398=ADVANCED_FACE('',(#370),#3224,.F.);
#3399=ADVANCED_FACE('',(#371),#26,.T.);
#3400=ADVANCED_FACE('',(#372),#200,.F.);
#3401=ADVANCED_FACE('',(#373),#201,.F.);
#3402=ADVANCED_FACE('',(#374),#56,.T.);
#3403=ADVANCED_FACE('',(#375),#3225,.F.);
#3404=ADVANCED_FACE('',(#376),#57,.T.);
#3405=ADVANCED_FACE('',(#377),#99,.F.);
#3406=ADVANCED_FACE('',(#378),#3226,.F.);
#3407=ADVANCED_FACE('',(#379),#202,.T.);
#3408=ADVANCED_FACE('',(#380),#3227,.F.);
#3409=ADVANCED_FACE('',(#381),#58,.F.);
#3410=ADVANCED_FACE('',(#382),#59,.T.);
#3411=ADVANCED_FACE('',(#383),#203,.F.);
#3412=ADVANCED_FACE('',(#384),#204,.F.);
#3413=ADVANCED_FACE('',(#385,#110),#3228,.T.);
#3414=ADVANCED_FACE('',(#386),#3229,.F.);
#3415=ADVANCED_FACE('',(#387),#3230,.F.);
#3416=ADVANCED_FACE('',(#388),#3231,.F.);
#3417=ADVANCED_FACE('',(#389),#60,.T.);
#3418=ADVANCED_FACE('',(#390,#111),#3232,.T.);
#3419=ADVANCED_FACE('',(#391),#61,.F.);
#3420=ADVANCED_FACE('',(#392),#62,.F.);
#3421=CLOSED_SHELL('',(#3233,#3234,#3235,#3236,#3237,#3238,#3239,#3240,
#3241,#3242,#3243,#3244,#3245,#3246,#3247,#3248,#3249,#3250,#3251,#3252,
#3253,#3254,#3255,#3256,#3257,#3258,#3259,#3260,#3261,#3262,#3263,#3264,
#3265,#3266,#3267,#3268,#3269,#3270,#3271,#3272,#3273,#3274,#3275,#3276,
#3277,#3278,#3279,#3280,#3281,#3282,#3283,#3284,#3285,#3286,#3287,#3288,
#3289,#3290,#3291,#3292,#3293,#3294,#3295,#3296,#3297,#3298,#3299,#3300,
#3301,#3302,#3303,#3304,#3305,#3306,#3307,#3308,#3309,#3310,#3311,#3312,
#3313,#3314,#3315,#3316,#3317,#3318,#3319,#3320,#3321,#3322,#3323,#3324,
#3325,#3326,#3327,#3328,#3329,#3330,#3331,#3332,#3333,#3334,#3335,#3336,
#3337,#3338,#3339,#3340,#3341,#3342,#3343,#3344,#3345,#3346,#3347,#3348,
#3349,#3350,#3351,#3352,#3353,#3354,#3355,#3356,#3357,#3358));
#3422=CLOSED_SHELL('',(#3359,#3360,#3361,#3362,#3363,#3364,#3365,#3366,
#3367,#3368,#3369,#3370,#3371,#3372,#3373,#3374,#3375,#3376,#3377,#3378,
#3379,#3380,#3381,#3382,#3383,#3384,#3385,#3386,#3387,#3388,#3389,#3390,
#3391,#3392,#3393,#3394,#3395,#3396,#3397,#3398,#3399,#3400,#3401,#3402,
#3403,#3404,#3405,#3406,#3407,#3408,#3409,#3410,#3411,#3412,#3413,#3414,
#3415,#3416,#3417,#3418,#3419,#3420));
#3423=DERIVED_UNIT_ELEMENT(#3425,1.);
#3424=DERIVED_UNIT_ELEMENT(#12529,3.);
#3425=(
MASS_UNIT()
NAMED_UNIT(*)
SI_UNIT($,.GRAM.)
);
#3426=DERIVED_UNIT((#3423,#3424));
#3427=MEASURE_REPRESENTATION_ITEM('density measure',
POSITIVE_RATIO_MEASURE(1.),#3426);
#3428=PROPERTY_DEFINITION_REPRESENTATION(#3433,#3430);
#3429=PROPERTY_DEFINITION_REPRESENTATION(#3434,#3431);
#3430=REPRESENTATION('material name',(#3432),#12526);
#3431=REPRESENTATION('density',(#3427),#12526);
#3432=DESCRIPTIVE_REPRESENTATION_ITEM('Generic','Generic');
#3433=PROPERTY_DEFINITION('material property','material name',#12536);
#3434=PROPERTY_DEFINITION('material property','density of part',#12536);
#3435=DATE_TIME_ROLE('creation_date');
#3436=CC_DESIGN_DATE_AND_TIME_ASSIGNMENT(#3437,#3435,(#12536));
#3437=DATE_AND_TIME(#3438,#3439);
#3438=CALENDAR_DATE(2021,4,8);
#3439=LOCAL_TIME(16,5,19.,#3440);
#3440=COORDINATED_UNIVERSAL_TIME_OFFSET(0,0,.BEHIND.);
#3441=AXIS2_PLACEMENT_3D('placement',#4543,#3731,#3732);
#3442=AXIS2_PLACEMENT_3D('',#4544,#3733,#3734);
#3443=AXIS2_PLACEMENT_3D('',#4549,#3736,#3737);
#3444=AXIS2_PLACEMENT_3D('',#4551,#3738,#3739);
#3445=AXIS2_PLACEMENT_3D('',#4562,#3741,#3742);
#3446=AXIS2_PLACEMENT_3D('',#4566,#3745,#3746);
#3447=AXIS2_PLACEMENT_3D('',#4673,#3747,#3748);
#3448=AXIS2_PLACEMENT_3D('',#4881,#3749,#3750);
#3449=AXIS2_PLACEMENT_3D('',#5063,#3751,#3752);
#3450=AXIS2_PLACEMENT_3D('',#5273,#3753,#3754);
#3451=AXIS2_PLACEMENT_3D('',#5424,#3779,#3780);
#3452=AXIS2_PLACEMENT_3D('',#5426,#3781,#3782);
#3453=AXIS2_PLACEMENT_3D('',#5429,#3784,#3785);
#3454=AXIS2_PLACEMENT_3D('',#5431,#3786,#3787);
#3455=AXIS2_PLACEMENT_3D('',#5433,#3788,#3789);
#3456=AXIS2_PLACEMENT_3D('',#5435,#3790,#3791);
#3457=AXIS2_PLACEMENT_3D('',#5437,#3792,#3793);
#3458=AXIS2_PLACEMENT_3D('',#5439,#3795,#3796);
#3459=AXIS2_PLACEMENT_3D('',#5441,#3797,#3798);
#3460=AXIS2_PLACEMENT_3D('',#5445,#3800,#3801);
#3461=AXIS2_PLACEMENT_3D('',#5601,#3802,#3803);
#3462=AXIS2_PLACEMENT_3D('',#5603,#3805,#3806);
#3463=AXIS2_PLACEMENT_3D('',#5618,#3808,#3809);
#3464=AXIS2_PLACEMENT_3D('',#5622,#3811,#3812);
#3465=AXIS2_PLACEMENT_3D('',#5623,#3813,#3814);
#3466=AXIS2_PLACEMENT_3D('',#5637,#3815,#3816);
#3467=AXIS2_PLACEMENT_3D('',#5639,#3818,#3819);
#3468=AXIS2_PLACEMENT_3D('',#5641,#3820,#3821);
#3469=AXIS2_PLACEMENT_3D('',#5643,#3822,#3823);
#3470=AXIS2_PLACEMENT_3D('',#5668,#3825,#3826);
#3471=AXIS2_PLACEMENT_3D('',#5670,#3828,#3829);
#3472=AXIS2_PLACEMENT_3D('',#5859,#3837,#3838);
#3473=AXIS2_PLACEMENT_3D('',#6082,#3839,#3840);
#3474=AXIS2_PLACEMENT_3D('',#6279,#3841,#3842);
#3475=AXIS2_PLACEMENT_3D('',#6499,#3843,#3844);
#3476=AXIS2_PLACEMENT_3D('',#6623,#3847,#3848);
#3477=AXIS2_PLACEMENT_3D('',#6661,#3854,#3855);
#3478=AXIS2_PLACEMENT_3D('',#6692,#3860,#3861);
#3479=AXIS2_PLACEMENT_3D('',#6730,#3867,#3868);
#3480=AXIS2_PLACEMENT_3D('',#6750,#3872,#3873);
#3481=AXIS2_PLACEMENT_3D('',#6752,#3874,#3875);
#3482=AXIS2_PLACEMENT_3D('',#6762,#3878,#3879);
#3483=AXIS2_PLACEMENT_3D('',#6763,#3880,#3881);
#3484=AXIS2_PLACEMENT_3D('',#6767,#3883,#3884);
#3485=AXIS2_PLACEMENT_3D('',#6769,#3885,#3886);
#3486=AXIS2_PLACEMENT_3D('',#6770,#3887,#3888);
#3487=AXIS2_PLACEMENT_3D('',#6772,#3889,#3890);
#3488=AXIS2_PLACEMENT_3D('',#6775,#3892,#3893);
#3489=AXIS2_PLACEMENT_3D('',#6776,#3894,#3895);
#3490=AXIS2_PLACEMENT_3D('',#6782,#3899,#3900);
#3491=AXIS2_PLACEMENT_3D('',#6786,#3903,#3904);
#3492=AXIS2_PLACEMENT_3D('',#6790,#3907,#3908);
#3493=AXIS2_PLACEMENT_3D('',#6794,#3911,#3912);
#3494=AXIS2_PLACEMENT_3D('',#6798,#3915,#3916);
#3495=AXIS2_PLACEMENT_3D('',#6804,#3920,#3921);
#3496=AXIS2_PLACEMENT_3D('',#6808,#3924,#3925);
#3497=AXIS2_PLACEMENT_3D('',#6812,#3928,#3929);
#3498=AXIS2_PLACEMENT_3D('',#6814,#3930,#3931);
#3499=AXIS2_PLACEMENT_3D('',#6818,#3934,#3935);
#3500=AXIS2_PLACEMENT_3D('',#6822,#3937,#3938);
#3501=AXIS2_PLACEMENT_3D('',#6911,#3940,#3941);
#3502=AXIS2_PLACEMENT_3D('',#6914,#3943,#3944);
#3503=AXIS2_PLACEMENT_3D('',#6915,#3945,#3946);
#3504=AXIS2_PLACEMENT_3D('',#6921,#3950,#3951);
#3505=AXIS2_PLACEMENT_3D('',#6925,#3954,#3955);
#3506=AXIS2_PLACEMENT_3D('',#6929,#3958,#3959);
#3507=AXIS2_PLACEMENT_3D('',#6933,#3962,#3963);
#3508=AXIS2_PLACEMENT_3D('',#6939,#3967,#3968);
#3509=AXIS2_PLACEMENT_3D('',#6943,#3971,#3972);
#3510=AXIS2_PLACEMENT_3D('',#6947,#3975,#3976);
#3511=AXIS2_PLACEMENT_3D('',#6951,#3979,#3980);
#3512=AXIS2_PLACEMENT_3D('',#6955,#3983,#3984);
#3513=AXIS2_PLACEMENT_3D('',#6957,#3986,#3987);
#3514=AXIS2_PLACEMENT_3D('',#7100,#3990,#3991);
#3515=AXIS2_PLACEMENT_3D('',#7102,#3992,#3993);
#3516=AXIS2_PLACEMENT_3D('',#7103,#3994,#3995);
#3517=AXIS2_PLACEMENT_3D('',#7104,#3996,#3997);
#3518=AXIS2_PLACEMENT_3D('',#7108,#3999,#4000);
#3519=AXIS2_PLACEMENT_3D('',#7112,#4002,#4003);
#3520=AXIS2_PLACEMENT_3D('',#7116,#4005,#4006);
#3521=AXIS2_PLACEMENT_3D('',#7132,#4009,#4010);
#3522=AXIS2_PLACEMENT_3D('',#7136,#4012,#4013);
#3523=AXIS2_PLACEMENT_3D('',#7137,#4014,#4015);
#3524=AXIS2_PLACEMENT_3D('',#7140,#4016,#4017);
#3525=AXIS2_PLACEMENT_3D('',#7141,#4018,#4019);
#3526=AXIS2_PLACEMENT_3D('',#7144,#4020,#4021);
#3527=AXIS2_PLACEMENT_3D('',#7145,#4022,#4023);
#3528=AXIS2_PLACEMENT_3D('',#7146,#4024,#4025);
#3529=AXIS2_PLACEMENT_3D('',#7148,#4026,#4027);
#3530=AXIS2_PLACEMENT_3D('',#7149,#4028,#4029);
#3531=AXIS2_PLACEMENT_3D('',#7205,#4030,#4031);
#3532=AXIS2_PLACEMENT_3D('',#7319,#4032,#4033);
#3533=AXIS2_PLACEMENT_3D('',#7378,#4034,#4035);
#3534=AXIS2_PLACEMENT_3D('',#7379,#4036,#4037);
#3535=AXIS2_PLACEMENT_3D('',#7380,#4038,#4039);
#3536=AXIS2_PLACEMENT_3D('',#7384,#4041,#4042);
#3537=AXIS2_PLACEMENT_3D('',#7385,#4043,#4044);
#3538=AXIS2_PLACEMENT_3D('',#7398,#4045,#4046);
#3539=AXIS2_PLACEMENT_3D('',#7399,#4047,#4048);
#3540=AXIS2_PLACEMENT_3D('',#7402,#4049,#4050);
#3541=AXIS2_PLACEMENT_3D('',#7403,#4051,#4052);
#3542=AXIS2_PLACEMENT_3D('',#7405,#4054,#4055);
#3543=AXIS2_PLACEMENT_3D('',#7406,#4056,#4057);
#3544=AXIS2_PLACEMENT_3D('',#7420,#4058,#4059);
#3545=AXIS2_PLACEMENT_3D('',#7421,#4060,#4061);
#3546=AXIS2_PLACEMENT_3D('',#7422,#4062,#4063);
#3547=AXIS2_PLACEMENT_3D('',#7424,#4064,#4065);
#3548=AXIS2_PLACEMENT_3D('',#7426,#4066,#4067);
#3549=AXIS2_PLACEMENT_3D('',#7489,#4069,#4070);
#3550=AXIS2_PLACEMENT_3D('',#7617,#4071,#4072);
#3551=AXIS2_PLACEMENT_3D('',#7619,#4073,#4074);
#3552=AXIS2_PLACEMENT_3D('',#7620,#4075,#4076);
#3553=AXIS2_PLACEMENT_3D('',#7621,#4077,#4078);
#3554=AXIS2_PLACEMENT_3D('',#7623,#4079,#4080);
#3555=AXIS2_PLACEMENT_3D('',#7674,#4082,#4083);
#3556=AXIS2_PLACEMENT_3D('',#7675,#4084,#4085);
#3557=AXIS2_PLACEMENT_3D('',#7676,#4086,#4087);
#3558=AXIS2_PLACEMENT_3D('',#7678,#4088,#4089);
#3559=AXIS2_PLACEMENT_3D('',#7729,#4091,#4092);
#3560=AXIS2_PLACEMENT_3D('',#7730,#4093,#4094);
#3561=AXIS2_PLACEMENT_3D('',#7731,#4095,#4096);
#3562=AXIS2_PLACEMENT_3D('',#7734,#4098,#4099);
#3563=AXIS2_PLACEMENT_3D('',#7735,#4100,#4101);
#3564=AXIS2_PLACEMENT_3D('',#7738,#4102,#4103);
#3565=AXIS2_PLACEMENT_3D('',#7740,#4104,#4105);
#3566=AXIS2_PLACEMENT_3D('',#7744,#4107,#4108);
#3567=AXIS2_PLACEMENT_3D('',#7819,#4109,#4110);
#3568=AXIS2_PLACEMENT_3D('',#7842,#4112,#4113);
#3569=AXIS2_PLACEMENT_3D('',#7997,#4115,#4116);
#3570=AXIS2_PLACEMENT_3D('',#8090,#4118,#4119);
#3571=AXIS2_PLACEMENT_3D('',#8091,#4120,#4121);
#3572=AXIS2_PLACEMENT_3D('',#8135,#4123,#4124);
#3573=AXIS2_PLACEMENT_3D('',#8206,#4125,#4126);
#3574=AXIS2_PLACEMENT_3D('',#8210,#4129,#4130);
#3575=AXIS2_PLACEMENT_3D('',#8212,#4132,#4133);
#3576=AXIS2_PLACEMENT_3D('',#8215,#4134,#4135);
#3577=AXIS2_PLACEMENT_3D('',#8216,#4136,#4137);
#3578=AXIS2_PLACEMENT_3D('',#8217,#4138,#4139);
#3579=AXIS2_PLACEMENT_3D('',#8221,#4141,#4142);
#3580=AXIS2_PLACEMENT_3D('',#8222,#4143,#4144);
#3581=AXIS2_PLACEMENT_3D('',#8223,#4145,#4146);
#3582=AXIS2_PLACEMENT_3D('',#8224,#4147,#4148);
#3583=AXIS2_PLACEMENT_3D('',#8226,#4150,#4151);
#3584=AXIS2_PLACEMENT_3D('',#8228,#4153,#4154);
#3585=AXIS2_PLACEMENT_3D('',#8231,#4155,#4156);
#3586=AXIS2_PLACEMENT_3D('',#8232,#4157,#4158);
#3587=AXIS2_PLACEMENT_3D('',#8233,#4159,#4160);
#3588=AXIS2_PLACEMENT_3D('',#8258,#4161,#4162);
#3589=AXIS2_PLACEMENT_3D('',#8259,#4163,#4164);
#3590=AXIS2_PLACEMENT_3D('',#8260,#4165,#4166);
#3591=AXIS2_PLACEMENT_3D('',#8262,#4167,#4168);
#3592=AXIS2_PLACEMENT_3D('',#8263,#4169,#4170);
#3593=AXIS2_PLACEMENT_3D('',#8288,#4171,#4172);
#3594=AXIS2_PLACEMENT_3D('',#8289,#4173,#4174);
#3595=AXIS2_PLACEMENT_3D('',#8302,#4175,#4176);
#3596=AXIS2_PLACEMENT_3D('',#8316,#4177,#4178);
#3597=AXIS2_PLACEMENT_3D('',#8317,#4179,#4180);
#3598=AXIS2_PLACEMENT_3D('',#8318,#4181,#4182);
#3599=AXIS2_PLACEMENT_3D('',#8321,#4184,#4185);
#3600=AXIS2_PLACEMENT_3D('',#8322,#4186,#4187);
#3601=AXIS2_PLACEMENT_3D('',#8323,#4188,#4189);
#3602=AXIS2_PLACEMENT_3D('',#8325,#4191,#4192);
#3603=AXIS2_PLACEMENT_3D('',#8327,#4194,#4195);
#3604=AXIS2_PLACEMENT_3D('',#8329,#4197,#4198);
#3605=AXIS2_PLACEMENT_3D('',#8331,#4199,#4200);
#3606=AXIS2_PLACEMENT_3D('',#8455,#4201,#4202);
#3607=AXIS2_PLACEMENT_3D('',#8456,#4203,#4204);
#3608=AXIS2_PLACEMENT_3D('',#8488,#4206,#4207);
#3609=AXIS2_PLACEMENT_3D('',#8491,#4209,#4210);
#3610=AXIS2_PLACEMENT_3D('',#8531,#4211,#4212);
#3611=AXIS2_PLACEMENT_3D('',#8578,#4213,#4214);
#3612=AXIS2_PLACEMENT_3D('',#8581,#4216,#4217);
#3613=AXIS2_PLACEMENT_3D('',#8607,#4218,#4219);
#3614=AXIS2_PLACEMENT_3D('',#8670,#4220,#4221);
#3615=AXIS2_PLACEMENT_3D('',#8697,#4223,#4224);
#3616=AXIS2_PLACEMENT_3D('',#8744,#4225,#4226);
#3617=AXIS2_PLACEMENT_3D('',#8748,#4228,#4229);
#3618=AXIS2_PLACEMENT_3D('',#8749,#4230,#4231);
#3619=AXIS2_PLACEMENT_3D('',#8750,#4232,#4233);
#3620=AXIS2_PLACEMENT_3D('',#8751,#4234,#4235);
#3621=AXIS2_PLACEMENT_3D('',#8764,#4236,#4237);
#3622=AXIS2_PLACEMENT_3D('',#8765,#4238,#4239);
#3623=AXIS2_PLACEMENT_3D('',#8766,#4240,#4241);
#3624=AXIS2_PLACEMENT_3D('',#8782,#4242,#4243);
#3625=AXIS2_PLACEMENT_3D('',#9015,#4244,#4245);
#3626=AXIS2_PLACEMENT_3D('',#9016,#4246,#4247);
#3627=AXIS2_PLACEMENT_3D('',#9017,#4248,#4249);
#3628=AXIS2_PLACEMENT_3D('',#9066,#4250,#4251);
#3629=AXIS2_PLACEMENT_3D('',#9121,#4252,#4253);
#3630=AXIS2_PLACEMENT_3D('',#9122,#4254,#4255);
#3631=AXIS2_PLACEMENT_3D('',#9238,#4256,#4257);
#3632=AXIS2_PLACEMENT_3D('',#9240,#4258,#4259);
#3633=AXIS2_PLACEMENT_3D('',#9243,#4261,#4262);
#3634=AXIS2_PLACEMENT_3D('',#9281,#4263,#4264);
#3635=AXIS2_PLACEMENT_3D('',#9325,#4265,#4266);
#3636=AXIS2_PLACEMENT_3D('',#9327,#4267,#4268);
#3637=AXIS2_PLACEMENT_3D('',#9366,#4270,#4271);
#3638=AXIS2_PLACEMENT_3D('',#9410,#4272,#4273);
#3639=AXIS2_PLACEMENT_3D('',#9412,#4274,#4275);
#3640=AXIS2_PLACEMENT_3D('',#9451,#4277,#4278);
#3641=AXIS2_PLACEMENT_3D('',#9495,#4279,#4280);
#3642=AXIS2_PLACEMENT_3D('',#9498,#4282,#4283);
#3643=AXIS2_PLACEMENT_3D('',#9499,#4284,#4285);
#3644=AXIS2_PLACEMENT_3D('',#9579,#4286,#4287);
#3645=AXIS2_PLACEMENT_3D('',#9580,#4288,#4289);
#3646=AXIS2_PLACEMENT_3D('',#9589,#4293,#4294);
#3647=AXIS2_PLACEMENT_3D('',#9600,#4296,#4297);
#3648=AXIS2_PLACEMENT_3D('',#9601,#4298,#4299);
#3649=AXIS2_PLACEMENT_3D('',#9602,#4300,#4301);
#3650=AXIS2_PLACEMENT_3D('',#9731,#4314,#4315);
#3651=AXIS2_PLACEMENT_3D('',#9941,#4316,#4317);
#3652=AXIS2_PLACEMENT_3D('',#10123,#4318,#4319);
#3653=AXIS2_PLACEMENT_3D('',#10331,#4320,#4321);
#3654=AXIS2_PLACEMENT_3D('',#10436,#4322,#4323);
#3655=AXIS2_PLACEMENT_3D('',#10440,#4325,#4326);
#3656=AXIS2_PLACEMENT_3D('',#10442,#4327,#4328);
#3657=AXIS2_PLACEMENT_3D('',#10444,#4329,#4330);
#3658=AXIS2_PLACEMENT_3D('',#10445,#4331,#4332);
#3659=AXIS2_PLACEMENT_3D('',#10446,#4333,#4334);
#3660=AXIS2_PLACEMENT_3D('',#10449,#4336,#4337);
#3661=AXIS2_PLACEMENT_3D('',#10450,#4338,#4339);
#3662=AXIS2_PLACEMENT_3D('',#10454,#4341,#4342);
#3663=AXIS2_PLACEMENT_3D('',#10458,#4344,#4345);
#3664=AXIS2_PLACEMENT_3D('',#10466,#4349,#4350);
#3665=AXIS2_PLACEMENT_3D('',#10469,#4352,#4353);
#3666=AXIS2_PLACEMENT_3D('',#10472,#4354,#4355);
#3667=AXIS2_PLACEMENT_3D('',#10473,#4356,#4357);
#3668=AXIS2_PLACEMENT_3D('',#10476,#4358,#4359);
#3669=AXIS2_PLACEMENT_3D('',#10477,#4360,#4361);
#3670=AXIS2_PLACEMENT_3D('',#10492,#4363,#4364);
#3671=AXIS2_PLACEMENT_3D('',#10493,#4365,#4366);
#3672=AXIS2_PLACEMENT_3D('',#10570,#4368,#4369);
#3673=AXIS2_PLACEMENT_3D('',#10571,#4370,#4371);
#3674=AXIS2_PLACEMENT_3D('',#10679,#4372,#4373);
#3675=AXIS2_PLACEMENT_3D('',#10899,#4374,#4375);
#3676=AXIS2_PLACEMENT_3D('',#11096,#4376,#4377);
#3677=AXIS2_PLACEMENT_3D('',#11319,#4378,#4379);
#3678=AXIS2_PLACEMENT_3D('',#11441,#4384,#4385);
#3679=AXIS2_PLACEMENT_3D('',#11447,#4389,#4390);
#3680=AXIS2_PLACEMENT_3D('',#11451,#4393,#4394);
#3681=AXIS2_PLACEMENT_3D('',#11455,#4397,#4398);
#3682=AXIS2_PLACEMENT_3D('',#11457,#4399,#4400);
#3683=AXIS2_PLACEMENT_3D('',#11461,#4403,#4404);
#3684=AXIS2_PLACEMENT_3D('',#11464,#4405,#4406);
#3685=AXIS2_PLACEMENT_3D('',#11467,#4408,#4409);
#3686=AXIS2_PLACEMENT_3D('',#11471,#4411,#4412);
#3687=AXIS2_PLACEMENT_3D('',#11633,#4414,#4415);
#3688=AXIS2_PLACEMENT_3D('',#11639,#4419,#4420);
#3689=AXIS2_PLACEMENT_3D('',#11643,#4423,#4424);
#3690=AXIS2_PLACEMENT_3D('',#11647,#4427,#4428);
#3691=AXIS2_PLACEMENT_3D('',#11652,#4431,#4432);
#3692=AXIS2_PLACEMENT_3D('',#11653,#4433,#4434);
#3693=AXIS2_PLACEMENT_3D('',#11655,#4435,#4436);
#3694=AXIS2_PLACEMENT_3D('',#11657,#4437,#4438);
#3695=AXIS2_PLACEMENT_3D('',#11659,#4439,#4440);
#3696=AXIS2_PLACEMENT_3D('',#11661,#4442,#4443);
#3697=AXIS2_PLACEMENT_3D('',#11668,#4445,#4446);
#3698=AXIS2_PLACEMENT_3D('',#11688,#4450,#4451);
#3699=AXIS2_PLACEMENT_3D('',#11726,#4457,#4458);
#3700=AXIS2_PLACEMENT_3D('',#11757,#4463,#4464);
#3701=AXIS2_PLACEMENT_3D('',#11795,#4470,#4471);
#3702=AXIS2_PLACEMENT_3D('',#11949,#4473,#4474);
#3703=AXIS2_PLACEMENT_3D('',#11953,#4477,#4478);
#3704=AXIS2_PLACEMENT_3D('',#11954,#4479,#4480);
#3705=AXIS2_PLACEMENT_3D('',#11955,#4481,#4482);
#3706=AXIS2_PLACEMENT_3D('',#11958,#4483,#4484);
#3707=AXIS2_PLACEMENT_3D('',#11959,#4485,#4486);
#3708=AXIS2_PLACEMENT_3D('',#11961,#4488,#4489);
#3709=AXIS2_PLACEMENT_3D('',#11964,#4490,#4491);
#3710=AXIS2_PLACEMENT_3D('',#11965,#4492,#4493);
#3711=AXIS2_PLACEMENT_3D('',#11992,#4495,#4496);
#3712=AXIS2_PLACEMENT_3D('',#11993,#4497,#4498);
#3713=AXIS2_PLACEMENT_3D('',#11994,#4499,#4500);
#3714=AXIS2_PLACEMENT_3D('',#11996,#4501,#4502);
#3715=AXIS2_PLACEMENT_3D('',#11999,#4504,#4505);
#3716=AXIS2_PLACEMENT_3D('',#12025,#4506,#4507);
#3717=AXIS2_PLACEMENT_3D('',#12026,#4508,#4509);
#3718=AXIS2_PLACEMENT_3D('',#12045,#4511,#4512);
#3719=AXIS2_PLACEMENT_3D('',#12047,#4514,#4515);
#3720=AXIS2_PLACEMENT_3D('',#12119,#4517,#4518);
#3721=AXIS2_PLACEMENT_3D('',#12241,#4519,#4520);
#3722=AXIS2_PLACEMENT_3D('',#12257,#4521,#4522);
#3723=AXIS2_PLACEMENT_3D('',#12331,#4523,#4524);
#3724=AXIS2_PLACEMENT_3D('',#12410,#4525,#4526);
#3725=AXIS2_PLACEMENT_3D('',#12412,#4528,#4529);
#3726=AXIS2_PLACEMENT_3D('',#12413,#4530,#4531);
#3727=AXIS2_PLACEMENT_3D('',#12417,#4534,#4535);
#3728=AXIS2_PLACEMENT_3D('',#12418,#4536,#4537);
#3729=AXIS2_PLACEMENT_3D('',#12462,#4539,#4540);
#3730=AXIS2_PLACEMENT_3D('',#12475,#4541,#4542);
#3731=DIRECTION('axis',(0.,0.,1.));
#3732=DIRECTION('refdir',(1.,0.,0.));
#3733=DIRECTION('center_axis',(0.,0.,1.));
#3734=DIRECTION('ref_axis',(1.,0.,0.));
#3735=DIRECTION('',(-1.,0.,0.));
#3736=DIRECTION('center_axis',(0.,0.,-1.));
#3737=DIRECTION('ref_axis',(-1.,0.,0.));
#3738=DIRECTION('center_axis',(0.,0.,-1.));
#3739=DIRECTION('ref_axis',(-1.,0.,0.));
#3740=DIRECTION('',(0.998839092580518,-0.0481712272308653,0.));
#3741=DIRECTION('center_axis',(0.,0.,1.));
#3742=DIRECTION('ref_axis',(1.,-4.00885950845895E-31,-3.50695055808631E-15));
#3743=DIRECTION('',(0.999919157969013,-0.0127152477970776,0.));
#3744=DIRECTION('',(0.,1.,0.));
#3745=DIRECTION('center_axis',(0.,1.,0.));
#3746=DIRECTION('ref_axis',(0.,0.,1.));
#3747=DIRECTION('center_axis',(0.,1.,0.));
#3748=DIRECTION('ref_axis',(0.121409366695364,0.,-0.992602521495201));
#3749=DIRECTION('center_axis',(0.,-1.,0.));
#3750=DIRECTION('ref_axis',(0.121409366695364,0.,-0.992602521495201));
#3751=DIRECTION('center_axis',(0.,1.,0.));
#3752=DIRECTION('ref_axis',(0.121409366695364,0.,-0.992602521495201));
#3753=DIRECTION('center_axis',(0.,-1.,0.));
#3754=DIRECTION('ref_axis',(0.121409366695364,0.,-0.992602521495201));
#3755=DIRECTION('',(-1.,0.,0.));
#3756=DIRECTION('',(0.,0.,-1.));
#3757=DIRECTION('',(0.866276711066135,0.,0.499564470178214));
#3758=DIRECTION('',(0.866276711066124,0.,-0.499564470178234));
#3759=DIRECTION('',(-1.37768491590215E-14,0.,-1.));
#3760=DIRECTION('',(-0.866276711066126,0.,-0.49956447017823));
#3761=DIRECTION('',(-0.866276711066117,0.,0.499564470178246));
#3762=DIRECTION('',(0.,0.,-1.));
#3763=DIRECTION('',(0.500435656315942,0.,0.86577373134534));
#3764=DIRECTION('',(1.,0.,0.));
#3765=DIRECTION('',(0.500435656315919,0.,-0.865773731345353));
#3766=DIRECTION('',(-0.500435656315942,0.,-0.86577373134534));
#3767=DIRECTION('',(-1.,0.,0.));
#3768=DIRECTION('',(-0.500435656315926,0.,0.865773731345349));
#3769=DIRECTION('',(0.500435656315942,0.,0.86577373134534));
#3770=DIRECTION('',(1.,0.,0.));
#3771=DIRECTION('',(0.50043565631592,0.,-0.865773731345353));
#3772=DIRECTION('',(0.,0.,-1.));
#3773=DIRECTION('',(-0.866276711066132,0.,-0.49956447017822));
#3774=DIRECTION('',(-0.86627671106612,0.,0.49956447017824));
#3775=DIRECTION('',(6.86772387994133E-15,0.,1.));
#3776=DIRECTION('',(0.866276711066132,0.,0.49956447017822));
#3777=DIRECTION('',(0.866276711066122,0.,-0.499564470178237));
#3778=DIRECTION('',(0.,0.,-1.));
#3779=DIRECTION('center_axis',(0.,0.,-1.));
#3780=DIRECTION('ref_axis',(-1.,0.,0.));
#3781=DIRECTION('center_axis',(-0.499419546290265,0.0240856136154329,-0.866025403784435));
#3782=DIRECTION('ref_axis',(-0.865020028467722,0.0417175065134019,0.500000000000006));
#3783=DIRECTION('',(0.,0.,1.));
#3784=DIRECTION('center_axis',(-0.499419546290248,0.0240856136154321,0.866025403784445));
#3785=DIRECTION('ref_axis',(-0.865020028467732,0.0417175065134024,-0.499999999999989));
#3786=DIRECTION('center_axis',(-0.86502002846774,0.0417175065133443,-0.49999999999998));
#3787=DIRECTION('ref_axis',(0.499419546290255,-0.0240856136150946,-0.86602540378445));
#3788=DIRECTION('center_axis',(-0.865020028468384,0.0417175065062364,0.499999999999459));
#3789=DIRECTION('ref_axis',(0.499419546287542,-0.0240856136605349,0.866025403784751));
#3790=DIRECTION('center_axis',(0.,0.,-1.));
#3791=DIRECTION('ref_axis',(-1.,0.,0.));
#3792=DIRECTION('center_axis',(0.,0.,-1.));
#3793=DIRECTION('ref_axis',(-1.,0.,0.));
#3794=DIRECTION('',(0.,0.,-1.));
#3795=DIRECTION('center_axis',(0.,0.,-1.));
#3796=DIRECTION('ref_axis',(-1.,0.,0.));
#3797=DIRECTION('center_axis',(0.,0.,-1.));
#3798=DIRECTION('ref_axis',(1.,0.,0.));
#3799=DIRECTION('',(0.,0.,-1.));
#3800=DIRECTION('center_axis',(1.62589604838838E-15,-7.84124375812504E-17,
1.));
#3801=DIRECTION('ref_axis',(1.,1.3724474955143E-32,-1.62589604838838E-15));
#3802=DIRECTION('center_axis',(-4.96031059532805E-15,2.39221963375402E-16,
-1.));
#3803=DIRECTION('ref_axis',(1.,2.96846081724694E-32,-4.96031059532805E-15));
#3804=DIRECTION('',(0.,0.,-1.));
#3805=DIRECTION('center_axis',(-0.0481712272308653,-0.998839092580518,0.));
#3806=DIRECTION('ref_axis',(0.998839092580518,-0.0481712272308653,0.));
#3807=DIRECTION('',(0.998839092580518,-0.0481712272308653,-4.96607574951136E-15));
#3808=DIRECTION('center_axis',(0.0481712272308653,0.998839092580518,0.));
#3809=DIRECTION('ref_axis',(0.998839092580518,-0.0481712272308653,-3.33066907387548E-13));
#3810=DIRECTION('',(-3.50695055808631E-15,1.9611236673509E-16,-1.));
#3811=DIRECTION('center_axis',(0.0481712272308653,0.998839092580518,0.));
#3812=DIRECTION('ref_axis',(-0.998839092580518,0.0481712272308653,0.));
#3813=DIRECTION('center_axis',(0.0481712272308653,0.998839092580518,0.));
#3814=DIRECTION('ref_axis',(-0.998839092580518,0.0481712272308653,0.));
#3815=DIRECTION('center_axis',(-2.41015746838873E-12,7.01419571939801E-14,
1.));
#3816=DIRECTION('ref_axis',(-0.999458409828372,0.0329072487963071,-2.41113530289464E-12));
#3817=DIRECTION('',(-3.50695055808631E-15,1.9611236673509E-16,-1.));
#3818=DIRECTION('center_axis',(3.50695055808631E-15,-1.9611236673509E-16,
1.));
#3819=DIRECTION('ref_axis',(-0.723053640054616,-0.69079188877966,2.40024053428589E-15));
#3820=DIRECTION('center_axis',(4.96031059532805E-15,-2.39221963375402E-16,
1.));
#3821=DIRECTION('ref_axis',(1.,1.18661523956618E-30,-4.96031059532805E-15));
#3822=DIRECTION('center_axis',(-0.820484872308492,0.00959849676949999,0.571587651347266));
#3823=DIRECTION('ref_axis',(0.571196117100884,0.0543921973266227,0.819009453351337));
#3824=DIRECTION('',(-3.50695055808631E-15,1.9611236673509E-16,-1.));
#3825=DIRECTION('center_axis',(0.,0.,1.));
#3826=DIRECTION('ref_axis',(-1.,1.04083408558608E-15,0.));
#3827=DIRECTION('',(3.50887697874439E-15,-4.46198474332848E-17,1.));
#3828=DIRECTION('center_axis',(0.0127152477970776,0.999919157969013,0.));
#3829=DIRECTION('ref_axis',(-0.999919157969013,0.0127152477970776,0.));
#3830=DIRECTION('',(0.999919157969012,-0.0127152477970776,0.));
#3831=DIRECTION('',(0.,0.,1.));
#3832=DIRECTION('',(-0.999919157969012,0.0127152477970776,0.));
#3833=DIRECTION('',(3.50887697874439E-15,-4.46198474332848E-17,1.));
#3834=DIRECTION('',(0.999919157969012,-0.0127152477970776,0.));
#3835=DIRECTION('',(-3.41068997734333E-15,4.33712744428419E-17,-1.));
#3836=DIRECTION('',(0.999919157969013,-0.0127152477970776,0.));
#3837=DIRECTION('center_axis',(0.0127152477970776,0.999919157969013,0.));
#3838=DIRECTION('ref_axis',(0.999919157969012,-0.0127152477970776,4.96011011302522E-14));
#3839=DIRECTION('center_axis',(-0.0127152477970776,-0.999919157969013,0.));
#3840=DIRECTION('ref_axis',(0.999919157969012,-0.0127152477970776,-9.18780630585227E-14));
#3841=DIRECTION('center_axis',(0.0127152477970776,0.999919157969013,0.));
#3842=DIRECTION('ref_axis',(0.999919157969012,-0.0127152477970776,4.96011011302522E-14));
#3843=DIRECTION('center_axis',(-0.0127152477970776,-0.999919157969013,0.));
#3844=DIRECTION('ref_axis',(0.999919157969012,-0.0127152477970776,-9.18780630585227E-14));
#3845=DIRECTION('',(0.,1.,0.));
#3846=DIRECTION('',(0.,1.,0.));
#3847=DIRECTION('center_axis',(0.,1.,0.));
#3848=DIRECTION('ref_axis',(0.121409366695364,0.,-0.992602521495201));
#3849=DIRECTION('',(0.,1.,0.));
#3850=DIRECTION('',(0.,1.,0.));
#3851=DIRECTION('',(0.,1.,0.));
#3852=DIRECTION('',(0.,1.,0.));
#3853=DIRECTION('',(0.,1.,0.));
#3854=DIRECTION('center_axis',(0.,1.,0.));
#3855=DIRECTION('ref_axis',(0.121409366695364,0.,-0.992602521495201));
#3856=DIRECTION('',(0.,1.,0.));
#3857=DIRECTION('',(0.,1.,0.));
#3858=DIRECTION('',(0.,1.,0.));
#3859=DIRECTION('',(0.,1.,0.));
#3860=DIRECTION('center_axis',(0.,1.,0.));
#3861=DIRECTION('ref_axis',(0.121409366695364,0.,-0.992602521495201));
#3862=DIRECTION('',(0.,1.,0.));
#3863=DIRECTION('',(0.,1.,0.));
#3864=DIRECTION('',(0.,1.,0.));
#3865=DIRECTION('',(0.,1.,0.));
#3866=DIRECTION('',(0.,1.,0.));
#3867=DIRECTION('center_axis',(0.,1.,0.));
#3868=DIRECTION('ref_axis',(0.121409366695364,0.,-0.992602521495201));
#3869=DIRECTION('',(0.,1.,0.));
#3870=DIRECTION('',(0.,1.,0.));
#3871=DIRECTION('',(0.,1.,0.));
#3872=DIRECTION('center_axis',(0.,0.,1.));
#3873=DIRECTION('ref_axis',(1.,0.,0.));
#3874=DIRECTION('center_axis',(0.,0.,1.));
#3875=DIRECTION('ref_axis',(-1.,3.95403276272109E-31,3.40889437471876E-15));
#3876=DIRECTION('',(0.998839092580518,-0.0481712272308653,0.));
#3877=DIRECTION('',(0.,-1.,0.));
#3878=DIRECTION('center_axis',(0.,0.,-1.));
#3879=DIRECTION('ref_axis',(-1.,0.,0.));
#3880=DIRECTION('center_axis',(0.,0.,-1.));
#3881=DIRECTION('ref_axis',(-1.,0.,0.));
#3882=DIRECTION('',(0.,0.,-1.));
#3883=DIRECTION('center_axis',(0.,0.,-1.));
#3884=DIRECTION('ref_axis',(-1.,0.,0.));
#3885=DIRECTION('center_axis',(0.865020028467745,-0.0417175065139061,0.499999999999923));
#3886=DIRECTION('ref_axis',(0.499419546292411,-0.0240856135692154,-0.866025403784483));
#3887=DIRECTION('center_axis',(0.865020028467746,-0.0417175065110633,-0.500000000000159));
#3888=DIRECTION('ref_axis',(0.499419546291824,-0.0240856135862954,0.866025403784347));
#3889=DIRECTION('center_axis',(0.49941954629037,-0.0240856136237033,0.866025403784145));
#3890=DIRECTION('ref_axis',(0.0518017825339955,-0.996994826172894,-0.0576011450474944));
#3891=DIRECTION('',(0.,0.,-1.));
#3892=DIRECTION('center_axis',(0.499419546289695,-0.0240856138606916,-0.866025403777943));
#3893=DIRECTION('ref_axis',(-0.0120593929038586,-0.99970989903502,0.0208491921709541));
#3894=DIRECTION('center_axis',(0.499419546290242,-0.0240856136154318,-0.866025403784449));
#3895=DIRECTION('ref_axis',(-0.866276711066135,1.73472347597681E-18,-0.499564470178214));
#3896=DIRECTION('',(-0.0481712272308653,-0.998839092580518,0.));
#3897=DIRECTION('',(0.866276711066135,0.,0.499564470178214));
#3898=DIRECTION('',(-0.0481712272308653,-0.998839092580518,0.));
#3899=DIRECTION('center_axis',(-0.499419546290261,0.0240856136154328,-0.866025403784437));
#3900=DIRECTION('ref_axis',(-0.866276711066124,0.,0.499564470178234));
#3901=DIRECTION('',(0.866276711066124,0.,-0.499564470178234));
#3902=DIRECTION('',(-0.0481712272308653,-0.998839092580518,0.));
#3903=DIRECTION('center_axis',(-0.998839092580518,0.0481712272308653,1.37608555126157E-14));
#3904=DIRECTION('ref_axis',(-0.0481712272308653,-0.998839092580518,9.86076131526265E-32));
#3905=DIRECTION('',(-1.37768491590215E-14,0.,-1.));
#3906=DIRECTION('',(-0.0481712272308653,-0.998839092580518,0.));
#3907=DIRECTION('center_axis',(-0.499419546290257,0.0240856136154326,0.86602540378444));
#3908=DIRECTION('ref_axis',(0.866276711066126,0.,0.49956447017823));
#3909=DIRECTION('',(-0.866276711066126,0.,-0.49956447017823));
#3910=DIRECTION('',(-0.0481712272308653,-0.998839092580518,0.));
#3911=DIRECTION('center_axis',(0.499419546290273,-0.0240856136154333,0.86602540378443));
#3912=DIRECTION('ref_axis',(0.866276711066117,-1.73472347597681E-18,-0.499564470178246));
#3913=DIRECTION('',(-0.866276711066117,0.,0.499564470178246));
#3914=DIRECTION('',(-0.0481712272308653,-0.998839092580518,0.));
#3915=DIRECTION('center_axis',(0.86502002846772,-0.0417175065134018,-0.500000000000009));
#3916=DIRECTION('ref_axis',(-0.500435656315942,3.46944695195361E-18,-0.86577373134534));
#3917=DIRECTION('',(-0.0481712272308653,-0.998839092580518,0.));
#3918=DIRECTION('',(0.500435656315942,0.,0.86577373134534));
#3919=DIRECTION('',(-0.0481712272308653,-0.998839092580518,0.));
#3920=DIRECTION('center_axis',(0.,0.,-1.));
#3921=DIRECTION('ref_axis',(-1.,0.,0.));
#3922=DIRECTION('',(1.,0.,0.));
#3923=DIRECTION('',(-0.0481712272308653,-0.998839092580518,0.));
#3924=DIRECTION('center_axis',(-0.865020028467733,0.0417175065134024,-0.499999999999987));
#3925=DIRECTION('ref_axis',(-0.500435656315919,0.,0.865773731345353));
#3926=DIRECTION('',(0.500435656315919,0.,-0.865773731345353));
#3927=DIRECTION('',(-0.0481712272308653,-0.998839092580518,0.));
#3928=DIRECTION('center_axis',(-0.86502002846772,0.0417175065134018,0.500000000000009));
#3929=DIRECTION('ref_axis',(0.500435656315942,0.,0.86577373134534));
#3930=DIRECTION('center_axis',(0.865020028467721,-0.0417175065127839,-0.50000000000006));
#3931=DIRECTION('ref_axis',(0.501737332027132,0.0719230488999117,0.862024781944949));
#3932=DIRECTION('',(-0.500435656315942,0.,-0.86577373134534));
#3933=DIRECTION('',(-0.0481712272308653,-0.998839092580518,0.));
#3934=DIRECTION('center_axis',(-1.,0.,0.));
#3935=DIRECTION('ref_axis',(0.,0.,1.));
#3936=DIRECTION('',(-1.,0.,0.));
#3937=DIRECTION('center_axis',(-0.865020028467508,0.0417175065153619,-0.500000000000213));
#3938=DIRECTION('ref_axis',(0.501737332027498,0.0719230489112836,-0.862024781943787));
#3939=DIRECTION('',(1.,0.,0.));
#3940=DIRECTION('center_axis',(0.865020028467724,-0.0417175065135752,-0.499999999999988));
#3941=DIRECTION('ref_axis',(0.501737332027126,0.07192304893506,0.86202478194202));
#3942=DIRECTION('',(-1.,0.,0.));
#3943=DIRECTION('center_axis',(-0.865020028467862,0.0417175065116887,-0.499999999999907));
#3944=DIRECTION('ref_axis',(0.501737332026888,0.0719230488986445,-0.862024781945197));
#3945=DIRECTION('center_axis',(0.865020028467729,-0.0417175065134022,0.499999999999993));
#3946=DIRECTION('ref_axis',(0.500435656315926,0.,-0.865773731345349));
#3947=DIRECTION('',(-0.0481712272308653,-0.998839092580518,0.));
#3948=DIRECTION('',(-0.500435656315926,0.,0.865773731345349));
#3949=DIRECTION('',(-0.0481712272308653,-0.998839092580518,0.));
#3950=DIRECTION('center_axis',(0.86502002846772,-0.0417175065134018,-0.500000000000009));
#3951=DIRECTION('ref_axis',(-0.500435656315942,0.,-0.86577373134534));
#3952=DIRECTION('',(0.500435656315942,0.,0.86577373134534));
#3953=DIRECTION('',(-0.0481712272308653,-0.998839092580518,0.));
#3954=DIRECTION('center_axis',(0.,0.,-1.));
#3955=DIRECTION('ref_axis',(-1.,0.,0.));
#3956=DIRECTION('',(1.,0.,0.));
#3957=DIRECTION('',(-0.0481712272308653,-0.998839092580518,0.));
#3958=DIRECTION('center_axis',(-0.865020028467733,0.0417175065134024,-0.499999999999987));
#3959=DIRECTION('ref_axis',(-0.500435656315919,0.,0.865773731345353));
#3960=DIRECTION('',(0.50043565631592,0.,-0.865773731345353));
#3961=DIRECTION('',(-0.0481712272308653,-0.998839092580518,0.));
#3962=DIRECTION('center_axis',(-0.499419546290248,0.0240856136154321,0.866025403784445));
#3963=DIRECTION('ref_axis',(0.866276711066132,0.,0.49956447017822));
#3964=DIRECTION('',(-0.0481712272308653,-0.998839092580518,0.));
#3965=DIRECTION('',(-0.866276711066132,0.,-0.49956447017822));
#3966=DIRECTION('',(-0.0481712272308653,-0.998839092580518,0.));
#3967=DIRECTION('center_axis',(0.499419546290268,-0.0240856136154331,0.866025403784434));
#3968=DIRECTION('ref_axis',(0.86627671106612,-1.73472347597681E-18,-0.49956447017824));
#3969=DIRECTION('',(-0.86627671106612,0.,0.49956447017824));
#3970=DIRECTION('',(-0.0481712272308653,-0.998839092580518,0.));
#3971=DIRECTION('center_axis',(0.998839092580518,-0.0481712272308653,-6.85975108833415E-15));
#3972=DIRECTION('ref_axis',(0.0481712272308653,0.998839092580518,4.93038065763132E-32));
#3973=DIRECTION('',(6.86772387994133E-15,0.,1.));
#3974=DIRECTION('',(-0.0481712272308653,-0.998839092580518,0.));
#3975=DIRECTION('center_axis',(0.499419546290248,-0.0240856136154321,-0.866025403784445));
#3976=DIRECTION('ref_axis',(-0.866276711066132,1.73472347597681E-18,-0.49956447017822));
#3977=DIRECTION('',(0.866276711066132,0.,0.49956447017822));
#3978=DIRECTION('',(-0.0481712272308653,-0.998839092580518,0.));
#3979=DIRECTION('center_axis',(-0.499419546290265,0.0240856136154329,-0.866025403784435));
#3980=DIRECTION('ref_axis',(-0.866276711066122,0.,0.499564470178237));
#3981=DIRECTION('',(0.866276711066122,0.,-0.499564470178237));
#3982=DIRECTION('',(-0.0481712272308653,-0.998839092580518,0.));
#3983=DIRECTION('center_axis',(-0.998839092580518,0.0481712272308653,1.37608555126157E-14));
#3984=DIRECTION('ref_axis',(-0.0481712272308653,-0.998839092580518,0.));
#3985=DIRECTION('',(-1.37768491590215E-14,0.,-1.));
#3986=DIRECTION('center_axis',(-0.86502002846772,0.0417175065134018,0.500000000000009));
#3987=DIRECTION('ref_axis',(0.500435656315942,0.,0.86577373134534));
#3988=DIRECTION('',(-0.500435656315942,0.,-0.86577373134534));
#3989=DIRECTION('',(-0.0481712272308653,-0.998839092580518,0.));
#3990=DIRECTION('center_axis',(0.,0.,1.));
#3991=DIRECTION('ref_axis',(1.,0.,0.));
#3992=DIRECTION('center_axis',(0.0481712272308535,0.998839092580518,4.31124678415457E-15));
#3993=DIRECTION('ref_axis',(0.998306015395508,-0.0481455184030738,-0.0326666294992652));
#3994=DIRECTION('center_axis',(0.,0.,1.));
#3995=DIRECTION('ref_axis',(1.,0.,0.));
#3996=DIRECTION('center_axis',(-0.0481712272308653,-0.998839092580518,0.));
#3997=DIRECTION('ref_axis',(0.998839092580518,-0.0481712272308653,0.));
#3998=DIRECTION('',(3.40889437471876E-15,-1.84576345162437E-16,1.));
#3999=DIRECTION('center_axis',(-0.0481712265322501,-0.99883909261421,2.64891851901689E-9));
#4000=DIRECTION('ref_axis',(1.27611698985676E-10,2.6458426560794E-9,1.));
#4001=DIRECTION('',(-0.998839092580518,0.0481712272308653,0.));
#4002=DIRECTION('center_axis',(-0.0481712257328054,-0.998839092652765,-5.16690278907532E-10));
#4003=DIRECTION('ref_axis',(-0.998839092652765,0.0481712257328052,-5.68434188608136E-14));
#4004=DIRECTION('',(-3.50695055808631E-15,1.9611236673509E-16,-1.));
#4005=DIRECTION('center_axis',(0.0481712272308653,0.998839092580518,0.));
#4006=DIRECTION('ref_axis',(0.998839092580518,-0.0481712272308653,-5.5511151231258E-14));
#4007=DIRECTION('',(0.998839092580518,-0.0481712272308653,-1.62778575695095E-15));
#4008=DIRECTION('',(-0.998839092580518,0.0481712272308653,0.));
#4009=DIRECTION('center_axis',(0.0481712272308647,0.998839092580518,-5.03138762112933E-16));
#4010=DIRECTION('ref_axis',(0.998839092580518,-0.0481712272308647,-1.51427854822659E-10));
#4011=DIRECTION('',(0.,0.,-1.));
#4012=DIRECTION('center_axis',(0.0481712272308653,0.998839092580518,0.));
#4013=DIRECTION('ref_axis',(-0.998839092580518,0.0481712272308653,0.));
#4014=DIRECTION('center_axis',(0.0481712272308653,0.998839092580518,0.));
#4015=DIRECTION('ref_axis',(-0.998839092580518,0.0481712272308653,0.));
#4016=DIRECTION('center_axis',(0.0481712272308653,0.998839092580518,0.));
#4017=DIRECTION('ref_axis',(-0.998839092580518,0.0481712272308653,0.));
#4018=DIRECTION('center_axis',(0.0481712272308653,0.998839092580518,0.));
#4019=DIRECTION('ref_axis',(-0.998839092580518,0.0481712272308653,0.));
#4020=DIRECTION('center_axis',(0.0481712272308653,0.998839092580518,0.));
#4021=DIRECTION('ref_axis',(-0.998839092580518,0.0481712272308653,0.));
#4022=DIRECTION('center_axis',(0.0481712272308653,0.998839092580518,0.));
#4023=DIRECTION('ref_axis',(-0.998839092580518,0.0481712272308653,0.));
#4024=DIRECTION('center_axis',(1.62589604838838E-15,-7.84124375812504E-17,
1.));
#4025=DIRECTION('ref_axis',(1.,1.3724474955143E-32,-1.48568753867478E-15));
#4026=DIRECTION('center_axis',(-1.62589604838838E-15,7.84124375812504E-17,
-1.));
#4027=DIRECTION('ref_axis',(1.,1.27246160084965E-32,-1.62589604838838E-15));
#4028=DIRECTION('center_axis',(0.0787969665063703,0.996890685115171,0.));
#4029=DIRECTION('ref_axis',(-0.99689068511517,0.0787969665063703,0.));
#4030=DIRECTION('center_axis',(0.,0.,1.));
#4031=DIRECTION('ref_axis',(1.,0.,0.));
#4032=DIRECTION('center_axis',(-0.0787969665063703,-0.996890685115171,0.));
#4033=DIRECTION('ref_axis',(0.99689068511517,-0.0787969665063703,0.));
#4034=DIRECTION('center_axis',(4.96031059532805E-15,-2.39221963375402E-16,
1.));
#4035=DIRECTION('ref_axis',(1.,2.96846081724694E-32,-4.9522917955826E-15));
#4036=DIRECTION('center_axis',(4.96031059532805E-15,-2.39221963375402E-16,
1.));
#4037=DIRECTION('ref_axis',(1.,1.95166540530565E-32,-4.96031059532804E-15));
#4038=DIRECTION('center_axis',(4.96031059532805E-15,-2.39221963375402E-16,
1.));
#4039=DIRECTION('ref_axis',(1.,0.,-4.96031059532805E-15));
#4040=DIRECTION('',(0.998839092580518,-0.0481712272308653,-4.96607574951136E-15));
#4041=DIRECTION('center_axis',(-4.96031059532805E-15,2.39221963375402E-16,
-1.));
#4042=DIRECTION('ref_axis',(1.,-1.02663252489554E-30,-4.96031059532804E-15));
#4043=DIRECTION('center_axis',(0.,0.,-1.));
#4044=DIRECTION('ref_axis',(-0.998839104900027,0.0481709717829387,0.));
#4045=DIRECTION('center_axis',(-0.0329074318288455,-0.999458403801994,2.34525561448308E-14));
#4046=DIRECTION('ref_axis',(0.999458403801994,-0.0329074318288455,-1.97215226305253E-31));
#4047=DIRECTION('center_axis',(0.0481712272308653,0.998839092580518,0.));
#4048=DIRECTION('ref_axis',(-0.998839092580518,0.0481712272308653,0.));
#4049=DIRECTION('center_axis',(0.,1.,0.));
#4050=DIRECTION('ref_axis',(1.,0.,-3.20667414144981E-14));
#4051=DIRECTION('center_axis',(0.,1.,0.));
#4052=DIRECTION('ref_axis',(1.,0.,-3.20667414144981E-14));
#4053=DIRECTION('',(0.0481712272308653,0.998839092580518,0.));
#4054=DIRECTION('center_axis',(4.96031059532805E-15,-2.39221963375402E-16,
1.));
#4055=DIRECTION('ref_axis',(1.,0.,-8.12048840868686E-15));
#4056=DIRECTION('center_axis',(-0.0118104120996939,-0.999930254650811,-1.73460248708223E-15));
#4057=DIRECTION('ref_axis',(0.999930254650811,-0.0118104120996939,3.08148791101958E-33));
#4058=DIRECTION('center_axis',(0.691547910690442,-0.00178859086285368,-0.722328379729338));
#4059=DIRECTION('ref_axis',(0.721570987498016,0.0475591416074228,0.690705029698425));
#4060=DIRECTION('center_axis',(-0.193117278408657,0.950239050363306,-0.244441125722894));
#4061=DIRECTION('ref_axis',(-1.23512311489549E-15,-0.249130844233612,-0.968469835591924));
#4062=DIRECTION('center_axis',(3.96508223080412E-15,-1.65211759616838E-16,
1.));
#4063=DIRECTION('ref_axis',(1.,6.55078212376606E-31,-3.96508223080412E-15));
#4064=DIRECTION('center_axis',(-6.0653140641287E-14,-2.21010555377335E-12,
1.));
#4065=DIRECTION('ref_axis',(-6.27183526464968E-28,-1.,-2.21010555377335E-12));
#4066=DIRECTION('center_axis',(4.20110281518802E-13,-2.90334825044545E-12,
1.));
#4067=DIRECTION('ref_axis',(-7.04457153953857E-27,-1.,-2.90334825044545E-12));
#4068=DIRECTION('',(3.96508223080412E-15,-1.65211759616838E-16,1.));
#4069=DIRECTION('center_axis',(-0.870022096257293,0.493012730083175,0.));
#4070=DIRECTION('ref_axis',(-0.493012730083174,-0.870022096257293,0.));
#4071=DIRECTION('center_axis',(0.,0.,-1.));
#4072=DIRECTION('ref_axis',(-1.,0.,0.));
#4073=DIRECTION('center_axis',(-0.999919157969013,0.012715247797071,0.));
#4074=DIRECTION('ref_axis',(-0.012715247797071,-0.999919157969013,0.));
#4075=DIRECTION('center_axis',(0.,0.,-1.));
#4076=DIRECTION('ref_axis',(-1.,0.,0.));
#4077=DIRECTION('center_axis',(-0.999919157969013,0.0127152477970776,0.));
#4078=DIRECTION('ref_axis',(-0.0127152477970776,-0.999919157969013,0.));
#4079=DIRECTION('center_axis',(-0.999919157969013,0.012715247797071,-6.93833294963122E-15));
#4080=DIRECTION('ref_axis',(-0.012715247797071,-0.999919157969013,0.));
#4081=DIRECTION('',(-0.999919157969012,0.0127152477970776,0.));
#4082=DIRECTION('center_axis',(0.,0.,-1.));
#4083=DIRECTION('ref_axis',(-1.,0.,0.));
#4084=DIRECTION('center_axis',(0.0153865987553564,0.999881619047437,2.16752908990566E-5));
#4085=DIRECTION('ref_axis',(-1.55648037628933E-5,2.19173748811815E-5,-0.999999999638683));
#4086=DIRECTION('center_axis',(0.,0.,-1.));
#4087=DIRECTION('ref_axis',(-1.,0.,0.));
#4088=DIRECTION('center_axis',(0.,0.,-1.));
#4089=DIRECTION('ref_axis',(-1.,0.,0.));
#4090=DIRECTION('',(0.,0.,-1.));
#4091=DIRECTION('center_axis',(0.0153866204770753,0.999881618713644,-2.16535659132897E-5));
#4092=DIRECTION('ref_axis',(0.999881618819197,-0.0153866201237312,1.63911290175023E-5));
#4093=DIRECTION('center_axis',(-0.999919157969013,0.0127152477970779,6.93833294963122E-15));
#4094=DIRECTION('ref_axis',(-0.0127152477970779,-0.999919157969013,1.23259516440783E-32));
#4095=DIRECTION('center_axis',(-0.999919157969013,0.0127152477970776,0.));
#4096=DIRECTION('ref_axis',(-0.0127152477970776,-0.999919157969013,0.));
#4097=DIRECTION('',(0.999919157969012,-0.0127152477970776,0.));
#4098=DIRECTION('center_axis',(-0.999919157969013,0.012715247797071,0.));
#4099=DIRECTION('ref_axis',(-0.012715247797071,-0.999919157969013,0.));
#4100=DIRECTION('center_axis',(3.50695055808631E-15,-1.9611236673509E-16,
1.));
#4101=DIRECTION('ref_axis',(-0.723053640054617,-0.690791888779659,2.40024053428589E-15));
#4102=DIRECTION('center_axis',(-0.820484872308598,0.00959849676945531,-0.571587651347115));
#4103=DIRECTION('ref_axis',(0.57119611710121,0.0543921973060013,-0.819009453352479));
#4104=DIRECTION('center_axis',(-1.62589604838838E-15,7.84124375812504E-17,
-1.));
#4105=DIRECTION('ref_axis',(1.,1.27490472407856E-31,-1.62589604838838E-15));
#4106=DIRECTION('',(-3.50695055808631E-15,1.9611236673509E-16,-1.));
#4107=DIRECTION('center_axis',(0.,0.,1.));
#4108=DIRECTION('ref_axis',(-1.,1.31492039479042E-13,0.));
#4109=DIRECTION('center_axis',(0.,0.,-1.));
#4110=DIRECTION('ref_axis',(-1.,0.,0.));
#4111=DIRECTION('',(-3.50695055808631E-15,1.9611236673509E-16,-1.));
#4112=DIRECTION('center_axis',(-0.999919157969013,0.0127152477970776,0.));
#4113=DIRECTION('ref_axis',(-0.0127152477970776,-0.999919157969013,0.));
#4114=DIRECTION('',(-0.999919157969012,0.0127152477970776,0.));
#4115=DIRECTION('center_axis',(-3.40889437471876E-15,1.84576345162437E-16,
-1.));
#4116=DIRECTION('ref_axis',(-1.,3.95403276272109E-31,3.40889437471876E-15));
#4117=DIRECTION('',(3.40889437471876E-15,-1.84576345162437E-16,1.));
#4118=DIRECTION('center_axis',(2.84176223543968E-10,-1.29650269737973E-11,
1.));
#4119=DIRECTION('ref_axis',(-0.999023668873608,0.0441781510513379,2.84471625475956E-10));
#4120=DIRECTION('center_axis',(-1.,0.,0.));
#4121=DIRECTION('ref_axis',(0.,0.,1.));
#4122=DIRECTION('',(0.,-1.,0.));
#4123=DIRECTION('center_axis',(-0.865014830960327,0.0418096319559933,-0.5000012968927));
#4124=DIRECTION('ref_axis',(-0.241068372197822,0.839335683206323,0.487238802665045));
#4125=DIRECTION('center_axis',(0.865020028467729,-0.0417175065134023,0.499999999999993));
#4126=DIRECTION('ref_axis',(0.500435656315925,3.46944695195362E-18,-0.86577373134535));
#4127=DIRECTION('',(-0.0481712272308653,-0.998839092580518,0.));
#4128=DIRECTION('',(-0.500435656315925,0.,0.865773731345349));
#4129=DIRECTION('center_axis',(0.998839092580518,-0.0481712272308653,-1.02896266325012E-14));
#4130=DIRECTION('ref_axis',(0.0481712272308653,0.998839092580518,0.));
#4131=DIRECTION('',(1.03015858199119E-14,0.,1.));
#4132=DIRECTION('center_axis',(0.,-1.,0.));
#4133=DIRECTION('ref_axis',(0.,0.,-1.));
#4134=DIRECTION('center_axis',(0.,1.,0.));
#4135=DIRECTION('ref_axis',(1.,0.,2.08433819178626E-13));
#4136=DIRECTION('center_axis',(0.,1.,0.));
#4137=DIRECTION('ref_axis',(1.,0.,2.08433819178626E-13));
#4138=DIRECTION('center_axis',(0.,-1.,0.));
#4139=DIRECTION('ref_axis',(0.,0.,-1.));
#4140=DIRECTION('',(-1.,0.,1.37195021766684E-14));
#4141=DIRECTION('center_axis',(0.,1.,0.));
#4142=DIRECTION('ref_axis',(1.,0.,0.));
#4143=DIRECTION('center_axis',(0.,1.,0.));
#4144=DIRECTION('ref_axis',(1.,0.,0.));
#4145=DIRECTION('center_axis',(1.37195021766684E-14,-6.6165337515899E-16,
1.));
#4146=DIRECTION('ref_axis',(1.,0.,-1.37195021766684E-14));
#4147=DIRECTION('center_axis',(0.,0.,1.));
#4148=DIRECTION('ref_axis',(1.,0.,0.));
#4149=DIRECTION('',(0.,1.,0.));
#4150=DIRECTION('center_axis',(1.37195021766684E-14,-6.61653375158991E-16,
1.));
#4151=DIRECTION('ref_axis',(1.,0.,-1.37195021766684E-14));
#4152=DIRECTION('',(-1.,0.,1.37195021766684E-14));
#4153=DIRECTION('center_axis',(0.,-1.,0.));
#4154=DIRECTION('ref_axis',(0.,0.,-1.));
#4155=DIRECTION('center_axis',(0.,1.,0.));
#4156=DIRECTION('ref_axis',(1.,0.,8.69008692272231E-12));
#4157=DIRECTION('center_axis',(0.,1.,0.));
#4158=DIRECTION('ref_axis',(1.,0.,8.69008692272231E-12));
#4159=DIRECTION('center_axis',(0.,-1.,0.));
#4160=DIRECTION('ref_axis',(0.,0.,-1.));
#4161=DIRECTION('center_axis',(-0.0441785405573394,-0.999023651649011,-3.14144263739076E-7));
#4162=DIRECTION('ref_axis',(-1.48836676167102E-8,-3.13793096524099E-7,0.999999999999951));
#4163=DIRECTION('center_axis',(0.,0.,1.));
#4164=DIRECTION('ref_axis',(-0.999023668166059,0.0441781670515234,0.));
#4165=DIRECTION('center_axis',(0.,0.,-1.));
#4166=DIRECTION('ref_axis',(-1.,0.,0.));
#4167=DIRECTION('center_axis',(0.,0.,-1.));
#4168=DIRECTION('ref_axis',(-1.,0.,0.));
#4169=DIRECTION('center_axis',(4.86925288099105E-12,-1.23101122307719E-13,
1.));
#4170=DIRECTION('ref_axis',(-0.99945841017582,0.0329072382436057,4.87062317813903E-12));
#4171=DIRECTION('center_axis',(-0.0329075692892254,-0.999458399276056,1.37534849326765E-7));
#4172=DIRECTION('ref_axis',(-0.999458399276065,0.0329075692892267,6.06172530715315E-9));
#4173=DIRECTION('center_axis',(2.41089014683985E-12,-5.17404122054919E-14,
1.));
#4174=DIRECTION('ref_axis',(-0.999458409828376,0.0329072487961927,2.41127596769213E-12));
#4175=DIRECTION('center_axis',(0.,0.,-1.));
#4176=DIRECTION('ref_axis',(-0.998839105527649,0.0481709587690187,0.));
#4177=DIRECTION('center_axis',(-0.0329074318288697,-0.999458403801993,0.));
#4178=DIRECTION('ref_axis',(0.999458403801993,-0.0329074318288697,0.));
#4179=DIRECTION('center_axis',(0.,0.,1.));
#4180=DIRECTION('ref_axis',(-0.999458410198843,0.0329072375443649,0.));
#4181=DIRECTION('center_axis',(1.62589604838838E-15,-7.84124375812504E-17,
1.));
#4182=DIRECTION('ref_axis',(1.,0.,-1.62589604838838E-15));
#4183=DIRECTION('',(-0.998839092580518,0.0481712272308653,1.62778575695095E-15));
#4184=DIRECTION('center_axis',(1.62589604838838E-15,-7.84124375812504E-17,
1.));
#4185=DIRECTION('ref_axis',(1.,1.27490472407856E-31,-1.62589604838838E-15));
#4186=DIRECTION('center_axis',(0.,-1.,0.));
#4187=DIRECTION('ref_axis',(0.,0.,-1.));
#4188=DIRECTION('center_axis',(0.0481712272308653,0.998839092580518,0.));
#4189=DIRECTION('ref_axis',(-0.998839092580518,0.0481712272308653,0.));
#4190=DIRECTION('',(0.0481712272308653,0.998839092580518,0.));
#4191=DIRECTION('center_axis',(0.0481712272308653,0.998839092580518,0.));
#4192=DIRECTION('ref_axis',(-0.998839092580518,0.0481712272308653,0.));
#4193=DIRECTION('',(0.0481712272308653,0.998839092580518,0.));
#4194=DIRECTION('center_axis',(0.0481712272308653,0.998839092580518,0.));
#4195=DIRECTION('ref_axis',(-0.998839092580518,0.0481712272308653,0.));
#4196=DIRECTION('',(0.0481712272308653,0.998839092580518,0.));
#4197=DIRECTION('center_axis',(0.998839092580518,-0.0481712272308653,-4.96607574951136E-15));
#4198=DIRECTION('ref_axis',(-0.0481712272308653,-0.998839092580518,-1.22464679914737E-16));
#4199=DIRECTION('center_axis',(0.691547910726504,-0.00178859085382346,0.722328379694834));
#4200=DIRECTION('ref_axis',(0.721570987454541,0.0475591418699649,-0.690705029725766));
#4201=DIRECTION('center_axis',(0.,1.,0.));
#4202=DIRECTION('ref_axis',(1.,0.,0.));
#4203=DIRECTION('center_axis',(0.0265502691368487,0.96745026998331,-0.251664575015994));
#4204=DIRECTION('ref_axis',(1.72604985859692E-16,0.251753323231176,0.967791436334327));
#4205=DIRECTION('',(3.96508223080412E-15,-1.65211759616838E-16,1.));
#4206=DIRECTION('center_axis',(0.,0.,1.));
#4207=DIRECTION('ref_axis',(-0.999987714540231,0.00495689102209437,0.));
#4208=DIRECTION('',(-3.96508223080412E-15,1.65211759616838E-16,-1.));
#4209=DIRECTION('center_axis',(0.,0.,1.));
#4210=DIRECTION('ref_axis',(-0.999987714540231,0.00495689102218002,0.));
#4211=DIRECTION('center_axis',(0.,0.,1.));
#4212=DIRECTION('ref_axis',(-0.999987637918983,0.00497232432696099,0.));
#4213=DIRECTION('center_axis',(0.,0.,-1.));
#4214=DIRECTION('ref_axis',(-1.,0.,0.));
#4215=DIRECTION('',(0.999999521664008,-0.000978095984486483,0.));
#4216=DIRECTION('center_axis',(0.,0.,1.));
#4217=DIRECTION('ref_axis',(-0.0244508353962858,-0.999701033633768,0.));
#4218=DIRECTION('center_axis',(0.,0.,1.));
#4219=DIRECTION('ref_axis',(-0.0246964550356241,-0.999694996040629,0.));
#4220=DIRECTION('center_axis',(0.,0.,1.));
#4221=DIRECTION('ref_axis',(-0.0244850483233323,-0.999700196263162,0.));
#4222=DIRECTION('',(0.,0.,1.));
#4223=DIRECTION('center_axis',(0.,0.,1.));
#4224=DIRECTION('ref_axis',(-0.0244508651990135,-0.999701032904848,0.));
#4225=DIRECTION('center_axis',(0.,0.,-1.));
#4226=DIRECTION('ref_axis',(-1.,0.,0.));
#4227=DIRECTION('',(-0.999999521664008,0.000978095984486483,0.));
#4228=DIRECTION('center_axis',(0.,0.,1.));
#4229=DIRECTION('ref_axis',(-0.999987637918983,0.00497232432697722,0.));
#4230=DIRECTION('center_axis',(0.,0.,1.));
#4231=DIRECTION('ref_axis',(-1.,-2.60208521396521E-15,0.));
#4232=DIRECTION('center_axis',(0.,0.,-1.));
#4233=DIRECTION('ref_axis',(-1.,0.,0.));
#4234=DIRECTION('center_axis',(-0.870022096257286,0.493012730083188,1.0690509460384E-15));
#4235=DIRECTION('ref_axis',(-0.493012730083188,-0.870022096257286,-1.18329135783152E-30));
#4236=DIRECTION('center_axis',(-0.0118104120996939,-0.999930254650811,0.));
#4237=DIRECTION('ref_axis',(0.999930254650811,-0.0118104120996939,0.));
#4238=DIRECTION('center_axis',(0.193117278402458,-0.950239050360209,-0.244441125739833));
#4239=DIRECTION('ref_axis',(-4.37150315946155E-16,0.249130844250566,-0.968469835587563));
#4240=DIRECTION('center_axis',(1.62589604838838E-15,-7.84124375812504E-17,
1.));
#4241=DIRECTION('ref_axis',(1.,0.,0.));
#4242=DIRECTION('center_axis',(-0.0127152477970835,-0.999919157969013,0.));
#4243=DIRECTION('ref_axis',(-0.999919157969012,0.0127152477970835,0.));
#4244=DIRECTION('center_axis',(-4.40327995066319E-13,2.16664639916271E-12,
-1.));
#4245=DIRECTION('ref_axis',(7.53621867137352E-28,1.,2.16664639916271E-12));
#4246=DIRECTION('center_axis',(3.96508223080412E-15,-1.65211759616838E-16,
1.));
#4247=DIRECTION('ref_axis',(1.,6.55078212376606E-31,-3.96508223080412E-15));
#4248=DIRECTION('center_axis',(9.78506655747844E-14,-4.81476977594686E-13,
-1.));
#4249=DIRECTION('ref_axis',(-1.77338513663423E-27,1.,-4.81476977594686E-13));
#4250=DIRECTION('center_axis',(-0.0436698530924199,-0.998565894557097,-0.0309693099418108));
#4251=DIRECTION('ref_axis',(-0.999045100644108,0.0436908100062648,-1.30104260698261E-18));
#4252=DIRECTION('center_axis',(-0.0265502691460349,-0.9674502699794,-0.251664575030058));
#4253=DIRECTION('ref_axis',(1.52768422911898E-13,-0.25175332324531,0.96779143633065));
#4254=DIRECTION('center_axis',(-1.49800613505885E-12,7.22446632907727E-14,
-1.));
#4255=DIRECTION('ref_axis',(-1.,5.74307639666242E-29,1.49800613505885E-12));
#4256=DIRECTION('center_axis',(3.96508223080412E-15,-1.65211759616838E-16,
1.));
#4257=DIRECTION('ref_axis',(-0.709201813089251,-0.705005523603127,2.69556830404019E-15));
#4258=DIRECTION('center_axis',(0.,0.,1.));
#4259=DIRECTION('ref_axis',(1.,0.,0.));
#4260=DIRECTION('',(3.96524003040332E-15,-3.87838720643474E-18,1.));
#4261=DIRECTION('center_axis',(8.92587173961125E-13,8.87305808199774E-13,
1.));
#4262=DIRECTION('ref_axis',(1.,-3.91191326271103E-27,-8.92587173961125E-13));
#4263=DIRECTION('center_axis',(0.999999521664008,-0.000978095984482952,
-6.93893300293618E-14));
#4264=DIRECTION('ref_axis',(0.000978095984482952,0.999999521664008,0.));
#4265=DIRECTION('center_axis',(0.999999521664008,-0.000978095984486483,
0.));
#4266=DIRECTION('ref_axis',(0.000978095984486483,0.999999521664008,0.));
#4267=DIRECTION('center_axis',(0.999999521664008,-0.000978095984489891,
6.93889058478452E-15));
#4268=DIRECTION('ref_axis',(0.000978095984489891,0.999999521664008,-1.54074395550979E-33));
#4269=DIRECTION('',(-0.999999521664008,0.000978095984486483,0.));
#4270=DIRECTION('center_axis',(0.,0.,1.));
#4271=DIRECTION('ref_axis',(1.,0.,0.));
#4272=DIRECTION('center_axis',(0.,0.,-1.));
#4273=DIRECTION('ref_axis',(-1.,0.,0.));
#4274=DIRECTION('center_axis',(5.55119141954978E-14,-5.42960063376978E-17,
1.));
#4275=DIRECTION('ref_axis',(1.,4.14259112116014E-35,-5.55119141954978E-14));
#4276=DIRECTION('',(0.,0.,-1.));
#4277=DIRECTION('center_axis',(0.999999521664008,-0.000978095984489891,
0.));
#4278=DIRECTION('ref_axis',(0.000978095984489891,0.999999521664008,0.));
#4279=DIRECTION('center_axis',(0.999999521664008,-0.000978095984486483,
0.));
#4280=DIRECTION('ref_axis',(0.000978095984486483,0.999999521664008,0.));
#4281=DIRECTION('',(0.999999521664008,-0.000978095984486483,0.));
#4282=DIRECTION('center_axis',(0.999999521664008,-0.000978095984482952,
0.));
#4283=DIRECTION('ref_axis',(0.000978095984482952,0.999999521664008,0.));
#4284=DIRECTION('center_axis',(0.,1.,0.));
#4285=DIRECTION('ref_axis',(1.,0.,0.));
#4286=DIRECTION('center_axis',(-0.000978095984486483,-0.999999521664008,
0.));
#4287=DIRECTION('ref_axis',(0.999999521664008,-0.000978095984486483,0.));
#4288=DIRECTION('center_axis',(0.,0.,1.));
#4289=DIRECTION('ref_axis',(1.,0.,0.));
#4290=DIRECTION('',(-1.,0.,0.));
#4291=DIRECTION('',(0.,1.,0.));
#4292=DIRECTION('',(0.999919157969013,-0.0127152477970776,0.));
#4293=DIRECTION('center_axis',(0.,0.,1.));
#4294=DIRECTION('ref_axis',(1.,-4.00885950845895E-31,-3.50695055808631E-15));
#4295=DIRECTION('',(0.998839092580518,-0.0481712272308653,0.));
#4296=DIRECTION('center_axis',(0.,0.,-1.));
#4297=DIRECTION('ref_axis',(-1.,0.,0.));
#4298=DIRECTION('center_axis',(0.,0.,-1.));
#4299=DIRECTION('ref_axis',(-1.,0.,0.));
#4300=DIRECTION('center_axis',(0.,1.,0.));
#4301=DIRECTION('ref_axis',(0.,0.,1.));
#4302=DIRECTION('',(0.,0.,-1.));
#4303=DIRECTION('',(-0.50043565631594,0.,-0.865773731345341));
#4304=DIRECTION('',(-1.,0.,9.00342330343863E-15));
#4305=DIRECTION('',(-0.500435656315926,0.,0.865773731345349));
#4306=DIRECTION('',(0.50043565631594,0.,0.865773731345341));
#4307=DIRECTION('',(1.,0.,0.));
#4308=DIRECTION('',(0.500435656315924,0.,-0.86577373134535));
#4309=DIRECTION('',(-0.50043565631594,0.,-0.865773731345341));
#4310=DIRECTION('',(-1.,0.,9.0034233034386E-15));
#4311=DIRECTION('',(-0.500435656315938,0.,0.865773731345342));
#4312=DIRECTION('',(0.,0.,-1.));
#4313=DIRECTION('',(-1.,0.,0.));
#4314=DIRECTION('center_axis',(0.,-1.,0.));
#4315=DIRECTION('ref_axis',(0.121409366695364,0.,-0.992602521495201));
#4316=DIRECTION('center_axis',(0.,1.,0.));
#4317=DIRECTION('ref_axis',(0.121409366695364,0.,-0.992602521495201));
#4318=DIRECTION('center_axis',(0.,-1.,0.));
#4319=DIRECTION('ref_axis',(0.121409366695364,0.,-0.992602521495201));
#4320=DIRECTION('center_axis',(0.,1.,0.));
#4321=DIRECTION('ref_axis',(0.121409366695364,0.,-0.992602521495201));
#4322=DIRECTION('center_axis',(0.,0.,-1.));
#4323=DIRECTION('ref_axis',(-1.,0.,0.));
#4324=DIRECTION('',(0.,0.,-1.));
#4325=DIRECTION('center_axis',(0.,0.,1.));
#4326=DIRECTION('ref_axis',(1.,0.,0.));
#4327=DIRECTION('center_axis',(0.,0.,1.));
#4328=DIRECTION('ref_axis',(1.,0.,0.));
#4329=DIRECTION('center_axis',(-0.865020028467614,0.041717506514463,-0.500000000000104));
#4330=DIRECTION('ref_axis',(0.499419546291586,-0.0240856135900759,-0.866025403784379));
#4331=DIRECTION('center_axis',(-0.865020028467449,0.0417175065180391,0.500000000000091));
#4332=DIRECTION('ref_axis',(0.499419546290359,-0.0240856136152434,0.866025403784386));
#4333=DIRECTION('center_axis',(0.,0.,-1.));
#4334=DIRECTION('ref_axis',(-1.,0.,0.));
#4335=DIRECTION('',(0.,0.,-1.));
#4336=DIRECTION('center_axis',(0.,0.,1.));
#4337=DIRECTION('ref_axis',(1.,0.,0.));
#4338=DIRECTION('center_axis',(-0.0481712272308653,-0.998839092580518,0.));
#4339=DIRECTION('ref_axis',(0.998839092580518,-0.0481712272308653,0.));
#4340=DIRECTION('',(-3.50695055808631E-15,1.9611236673509E-16,-1.));
#4341=DIRECTION('center_axis',(-0.0481712270095452,-0.998839092591192,1.29524093101791E-9));
#4342=DIRECTION('ref_axis',(-5.91242610425949E-11,-1.2938947691054E-9,-1.));
#4343=DIRECTION('',(0.998839092580518,-0.0481712272308653,0.));
#4344=DIRECTION('center_axis',(-0.0481712262749295,-0.99883909262662,9.91951641856331E-10));
#4345=DIRECTION('ref_axis',(0.99883909262662,-0.0481712262749296,2.34674502058689E-11));
#4346=DIRECTION('',(3.40889437471876E-15,-1.84576345162437E-16,1.));
#4347=DIRECTION('',(0.998839092580518,-0.0481712272308653,0.));
#4348=DIRECTION('',(0.,0.,-1.));
#4349=DIRECTION('center_axis',(0.0481712272308647,0.998839092580518,5.40134259327097E-16));
#4350=DIRECTION('ref_axis',(0.998839092580518,-0.0481712272308647,1.00770162892265E-12));
#4351=DIRECTION('',(-0.998839092580518,0.0481712272308653,0.));
#4352=DIRECTION('center_axis',(0.0481712272309259,0.998839092580515,6.82553365956401E-14));
#4353=DIRECTION('ref_axis',(0.998304964133813,-0.0481454677037252,0.0326988153512636));
#4354=DIRECTION('center_axis',(0.0481712272308653,0.998839092580518,0.));
#4355=DIRECTION('ref_axis',(-0.998839092580518,0.0481712272308653,0.));
#4356=DIRECTION('center_axis',(0.0481712272308653,0.998839092580518,0.));
#4357=DIRECTION('ref_axis',(-0.998839092580518,0.0481712272308653,0.));
#4358=DIRECTION('center_axis',(0.0481712272308653,0.998839092580518,0.));
#4359=DIRECTION('ref_axis',(-0.998839092580518,0.0481712272308653,0.));
#4360=DIRECTION('center_axis',(0.0481712272308653,0.998839092580518,0.));
#4361=DIRECTION('ref_axis',(-0.998839092580518,0.0481712272308653,0.));
#4362=DIRECTION('',(-3.50695055808631E-15,1.9611236673509E-16,-1.));
#4363=DIRECTION('center_axis',(-9.18625257090466E-12,3.29521426529909E-13,
1.));
#4364=DIRECTION('ref_axis',(-0.999458409828222,0.0329072488008487,-9.19211926130757E-12));
#4365=DIRECTION('center_axis',(3.50695055808631E-15,-1.9611236673509E-16,
1.));
#4366=DIRECTION('ref_axis',(-0.723053640054616,-0.69079188877966,2.40024053428589E-15));
#4367=DIRECTION('',(3.50887697874439E-15,-4.46198474332848E-17,1.));
#4368=DIRECTION('center_axis',(0.,0.,1.));
#4369=DIRECTION('ref_axis',(-1.,-5.75928194024299E-14,0.));
#4370=DIRECTION('center_axis',(0.0127152477970776,0.999919157969013,0.));
#4371=DIRECTION('ref_axis',(-0.999919157969013,0.0127152477970776,0.));
#4372=DIRECTION('center_axis',(-0.0127152477970776,-0.999919157969013,0.));
#4373=DIRECTION('ref_axis',(0.999919157969012,-0.0127152477970776,-9.18780630585227E-14));
#4374=DIRECTION('center_axis',(0.0127152477970776,0.999919157969013,0.));
#4375=DIRECTION('ref_axis',(0.999919157969012,-0.0127152477970776,4.96011011302522E-14));
#4376=DIRECTION('center_axis',(-0.0127152477970776,-0.999919157969013,0.));
#4377=DIRECTION('ref_axis',(0.999919157969012,-0.0127152477970776,-9.18780630585227E-14));
#4378=DIRECTION('center_axis',(0.0127152477970776,0.999919157969013,0.));
#4379=DIRECTION('ref_axis',(0.999919157969012,-0.0127152477970776,4.96011011302522E-14));
#4380=DIRECTION('',(0.999919157969013,-0.0127152477970776,0.));
#4381=DIRECTION('',(-3.41068997734333E-15,4.33712744428419E-17,-1.));
#4382=DIRECTION('',(-0.999919157969012,0.0127152477970776,0.));
#4383=DIRECTION('',(0.,1.,0.));
#4384=DIRECTION('center_axis',(-0.865020028467721,0.0417175065134018,0.500000000000008));
#4385=DIRECTION('ref_axis',(0.50043565631594,3.46944695195361E-18,0.865773731345341));
#4386=DIRECTION('',(-0.0481712272308653,-0.998839092580518,0.));
#4387=DIRECTION('',(-0.50043565631594,0.,-0.865773731345341));
#4388=DIRECTION('',(-0.0481712272308653,-0.998839092580518,0.));
#4389=DIRECTION('center_axis',(9.00342330343863E-15,-4.34210027448088E-16,
1.));
#4390=DIRECTION('ref_axis',(1.,0.,-9.00342330343863E-15));
#4391=DIRECTION('',(-1.,0.,9.00342330343863E-15));
#4392=DIRECTION('',(-0.0481712272308653,-0.998839092580518,0.));
#4393=DIRECTION('center_axis',(0.865020028467729,-0.0417175065134022,0.499999999999993));
#4394=DIRECTION('ref_axis',(0.500435656315926,0.,-0.865773731345349));
#4395=DIRECTION('',(-0.500435656315926,0.,0.865773731345349));
#4396=DIRECTION('',(-0.0481712272308653,-0.998839092580518,0.));
#4397=DIRECTION('center_axis',(0.865020028467721,-0.0417175065134019,-0.500000000000008));
#4398=DIRECTION('ref_axis',(-0.50043565631594,0.,-0.865773731345341));
#4399=DIRECTION('center_axis',(-0.865020028467726,0.0417175065132864,0.500000000000009));
#4400=DIRECTION('ref_axis',(0.501737332027123,0.0719230489060199,0.862024781944444));
#4401=DIRECTION('',(0.50043565631594,0.,0.865773731345341));
#4402=DIRECTION('',(-0.0481712272308653,-0.998839092580518,0.));
#4403=DIRECTION('center_axis',(1.,0.,0.));
#4404=DIRECTION('ref_axis',(0.,0.,-1.));
#4405=DIRECTION('center_axis',(-0.86502002846788,0.0417175065119271,0.499999999999856));
#4406=DIRECTION('ref_axis',(0.501737332026857,0.0719230489028411,0.862024781944864));
#4407=DIRECTION('',(1.,0.,0.));
#4408=DIRECTION('center_axis',(0.865020028467756,-0.041717506515413,0.499999999999779));
#4409=DIRECTION('ref_axis',(0.50173733202707,0.0719230489109424,-0.862024781944065));
#4410=DIRECTION('',(1.,0.,0.));
#4411=DIRECTION('center_axis',(0.865020028467892,-0.0417175065154337,0.499999999999542));
#4412=DIRECTION('ref_axis',(0.501737332026836,0.0719230489132311,-0.86202478194401));
#4413=DIRECTION('',(-1.,0.,0.));
#4414=DIRECTION('center_axis',(-0.86502002846773,0.0417175065134023,-0.499999999999992));
#4415=DIRECTION('ref_axis',(-0.500435656315924,0.,0.86577373134535));
#4416=DIRECTION('',(-0.0481712272308653,-0.998839092580518,0.));
#4417=DIRECTION('',(0.500435656315924,0.,-0.86577373134535));
#4418=DIRECTION('',(-0.0481712272308653,-0.998839092580518,0.));
#4419=DIRECTION('center_axis',(-0.865020028467721,0.0417175065134019,0.500000000000007));
#4420=DIRECTION('ref_axis',(0.50043565631594,3.46944695195361E-18,0.865773731345341));
#4421=DIRECTION('',(-0.50043565631594,0.,-0.865773731345341));
#4422=DIRECTION('',(-0.0481712272308653,-0.998839092580518,0.));
#4423=DIRECTION('center_axis',(9.0034233034386E-15,-4.34210027448087E-16,
1.));
#4424=DIRECTION('ref_axis',(1.,0.,-9.0034233034386E-15));
#4425=DIRECTION('',(-1.,0.,9.0034233034386E-15));
#4426=DIRECTION('',(-0.0481712272308653,-0.998839092580518,0.));
#4427=DIRECTION('center_axis',(0.865020028467722,-0.0417175065134019,0.500000000000006));
#4428=DIRECTION('ref_axis',(0.500435656315938,0.,-0.865773731345342));
#4429=DIRECTION('',(-0.500435656315938,0.,0.865773731345342));
#4430=DIRECTION('',(-0.0481712272308653,-0.998839092580518,0.));
#4431=DIRECTION('center_axis',(0.865020028467047,-0.0417175065461141,0.499999999998444));
#4432=DIRECTION('ref_axis',(0.499419546288043,-0.0240856136290685,-0.866025403785337));
#4433=DIRECTION('center_axis',(0.,0.,-1.));
#4434=DIRECTION('ref_axis',(-1.,0.,0.));
#4435=DIRECTION('center_axis',(0.,0.,-1.));
#4436=DIRECTION('ref_axis',(-1.,0.,0.));
#4437=DIRECTION('center_axis',(0.86502002846772,-0.0417175065127839,-0.500000000000061));
#4438=DIRECTION('ref_axis',(0.499419546290351,-0.0240856136147816,0.866025403784404));
#4439=DIRECTION('center_axis',(0.,0.,1.));
#4440=DIRECTION('ref_axis',(1.,0.,0.));
#4441=DIRECTION('',(0.,0.,-1.));
#4442=DIRECTION('center_axis',(0.,0.,1.));
#4443=DIRECTION('ref_axis',(1.,0.,0.));
#4444=DIRECTION('',(0.,-1.,0.));
#4445=DIRECTION('center_axis',(0.,0.,1.));
#4446=DIRECTION('ref_axis',(-1.,3.95403276272109E-31,3.40889437471876E-15));
#4447=DIRECTION('',(0.,1.,0.));
#4448=DIRECTION('',(0.,1.,0.));
#4449=DIRECTION('',(0.,1.,0.));
#4450=DIRECTION('center_axis',(0.,1.,0.));
#4451=DIRECTION('ref_axis',(0.121409366695364,0.,-0.992602521495201));
#4452=DIRECTION('',(0.,1.,0.));
#4453=DIRECTION('',(0.,1.,0.));
#4454=DIRECTION('',(0.,1.,0.));
#4455=DIRECTION('',(0.,1.,0.));
#4456=DIRECTION('',(0.,1.,0.));
#4457=DIRECTION('center_axis',(0.,1.,0.));
#4458=DIRECTION('ref_axis',(0.121409366695364,0.,-0.992602521495201));
#4459=DIRECTION('',(0.,1.,0.));
#4460=DIRECTION('',(0.,1.,0.));
#4461=DIRECTION('',(0.,1.,0.));
#4462=DIRECTION('',(0.,1.,0.));
#4463=DIRECTION('center_axis',(0.,1.,0.));
#4464=DIRECTION('ref_axis',(0.121409366695364,0.,-0.992602521495201));
#4465=DIRECTION('',(0.,1.,0.));
#4466=DIRECTION('',(0.,1.,0.));
#4467=DIRECTION('',(0.,1.,0.));
#4468=DIRECTION('',(0.,1.,0.));
#4469=DIRECTION('',(0.,1.,0.));
#4470=DIRECTION('center_axis',(0.,1.,0.));
#4471=DIRECTION('ref_axis',(0.121409366695364,0.,-0.992602521495201));
#4472=DIRECTION('',(0.,1.,0.));
#4473=DIRECTION('center_axis',(-0.86502002846773,0.0417175065134023,-0.499999999999992));
#4474=DIRECTION('ref_axis',(-0.500435656315925,0.,0.86577373134535));
#4475=DIRECTION('',(-0.0481712272308653,-0.998839092580518,0.));
#4476=DIRECTION('',(0.500435656315925,0.,-0.86577373134535));
#4477=DIRECTION('center_axis',(0.,0.,1.));
#4478=DIRECTION('ref_axis',(1.,0.,0.));
#4479=DIRECTION('center_axis',(0.,0.,-1.));
#4480=DIRECTION('ref_axis',(1.,0.,0.));
#4481=DIRECTION('center_axis',(0.0481712272308653,0.998839092580518,0.));
#4482=DIRECTION('ref_axis',(-0.998839092580518,0.0481712272308653,0.));
#4483=DIRECTION('center_axis',(0.,1.,0.));
#4484=DIRECTION('ref_axis',(1.,0.,-1.28266965656619E-13));
#4485=DIRECTION('center_axis',(0.,1.,0.));
#4486=DIRECTION('ref_axis',(1.,0.,-1.28266965656619E-13));
#4487=DIRECTION('',(0.0481712272308653,0.998839092580518,0.));
#4488=DIRECTION('center_axis',(0.0481712272308653,0.998839092580518,0.));
#4489=DIRECTION('ref_axis',(-0.998839092580518,0.0481712272308653,0.));
#4490=DIRECTION('center_axis',(0.,1.,0.));
#4491=DIRECTION('ref_axis',(1.,0.,-5.77201345445303E-12));
#4492=DIRECTION('center_axis',(0.,1.,0.));
#4493=DIRECTION('ref_axis',(1.,0.,-5.77201345445303E-12));
#4494=DIRECTION('',(0.0481712272308653,0.998839092580518,0.));
#4495=DIRECTION('center_axis',(-0.0329074015573366,-0.999458404798691,3.41894625040207E-8));
#4496=DIRECTION('ref_axis',(4.92661908278466E-9,-3.43701993668399E-8,-0.999999999999999));
#4497=DIRECTION('center_axis',(0.,0.,1.));
#4498=DIRECTION('ref_axis',(-0.999458410177107,0.0329072382045196,0.));
#4499=DIRECTION('center_axis',(0.,0.,-1.));
#4500=DIRECTION('ref_axis',(-1.,0.,0.));
#4501=DIRECTION('center_axis',(0.,0.,1.));
#4502=DIRECTION('ref_axis',(-1.,1.94289029309402E-14,0.));
#4503=DIRECTION('',(0.999919157969012,-0.0127152477970776,0.));
#4504=DIRECTION('center_axis',(-9.26555070509014E-11,4.16212020811839E-12,
1.));
#4505=DIRECTION('ref_axis',(-0.99902366817414,0.0441781668687716,-9.27489203326936E-11));
#4506=DIRECTION('center_axis',(-0.044179086005718,-0.999023627527878,8.60062680806556E-7));
#4507=DIRECTION('ref_axis',(0.999023627528247,-0.0441790860057352,-1.00588337558033E-9));
#4508=DIRECTION('center_axis',(0.,0.,1.));
#4509=DIRECTION('ref_axis',(-0.999023668873608,0.0441781510513506,0.));
#4510=DIRECTION('',(3.40889437471876E-15,-1.84576345162437E-16,1.));
#4511=DIRECTION('center_axis',(-1.,0.,0.));
#4512=DIRECTION('ref_axis',(0.,0.,1.));
#4513=DIRECTION('',(0.,1.,0.));
#4514=DIRECTION('center_axis',(0.,1.,0.));
#4515=DIRECTION('ref_axis',(0.,0.,1.));
#4516=DIRECTION('',(0.,-1.,0.));
#4517=DIRECTION('center_axis',(0.,0.,1.));
#4518=DIRECTION('ref_axis',(1.,0.,0.));
#4519=DIRECTION('center_axis',(-0.0127152477970655,-0.999919157969013,0.));
#4520=DIRECTION('ref_axis',(-0.999919157969013,0.0127152477970655,0.));
#4521=DIRECTION('center_axis',(-3.40889437471876E-15,1.84576345162437E-16,
-1.));
#4522=DIRECTION('ref_axis',(-1.,3.95403276272109E-31,3.40889437471876E-15));
#4523=DIRECTION('center_axis',(-0.999919157969013,0.0127152477970776,0.));
#4524=DIRECTION('ref_axis',(-0.0127152477970776,-0.999919157969013,0.));
#4525=DIRECTION('center_axis',(0.,-1.,0.));
#4526=DIRECTION('ref_axis',(0.,0.,-1.));
#4527=DIRECTION('',(1.,0.,-8.46750524966252E-15));
#4528=DIRECTION('center_axis',(-8.46750524966252E-15,4.0836419248094E-16,
-1.));
#4529=DIRECTION('ref_axis',(-1.,0.,8.46750524966252E-15));
#4530=DIRECTION('center_axis',(0.865020028467727,-0.0417175065134022,-0.499999999999996));
#4531=DIRECTION('ref_axis',(-0.500435656315929,0.,-0.865773731345347));
#4532=DIRECTION('',(0.500435656315929,0.,0.865773731345347));
#4533=DIRECTION('',(-0.0481712272308653,-0.998839092580518,0.));
#4534=DIRECTION('center_axis',(-0.865014885511139,0.0418084378294699,0.500001302368715));
#4535=DIRECTION('ref_axis',(0.241071096346104,-0.839333425993122,0.487241343193634));
#4536=DIRECTION('center_axis',(-8.46750524966249E-15,4.08364192480939E-16,
-1.));
#4537=DIRECTION('ref_axis',(-1.,0.,8.46750524966249E-15));
#4538=DIRECTION('',(1.,0.,-8.46750524966249E-15));
#4539=DIRECTION('center_axis',(0.,-1.,0.));
#4540=DIRECTION('ref_axis',(0.,0.,-1.));
#4541=DIRECTION('center_axis',(0.0436698530924215,0.998565894557097,-0.0309693099417892));
#4542=DIRECTION('ref_axis',(-0.999045100644108,0.0436908100062665,3.46944695195361E-18));
#4543=CARTESIAN_POINT('',(0.,0.,0.));
#4544=CARTESIAN_POINT('Origin',(-114.802098840197,-0.00100000129802602,
149.170592709036));
#4545=CARTESIAN_POINT('',(-98.1242561776001,0.,149.170592709036));
#4546=CARTESIAN_POINT('',(-112.764312078722,0.,149.170592709036));
#4547=CARTESIAN_POINT('',(-58.4010494200987,0.,149.170592709036));
#4548=CARTESIAN_POINT('',(-114.763997583397,2.0354666377653,149.170592709036));
#4549=CARTESIAN_POINT('Origin',(-112.764312078722,2.,149.170592709036));
#4550=CARTESIAN_POINT('',(-114.043492868972,13.,149.170592709036));
#4551=CARTESIAN_POINT('Origin',(0.,0.,149.170592709036));
#4552=CARTESIAN_POINT('',(-105.053941035747,12.5664589549222,149.170592709036));
#4553=CARTESIAN_POINT('',(-114.109142154967,13.0031660822015,149.170592709036));
#4554=CARTESIAN_POINT('',(-105.210356207948,8.71136571397007,149.170592709036));
#4555=CARTESIAN_POINT('Ctrl Pts',(-105.053941035747,12.5664589549222,149.170592709037));
#4556=CARTESIAN_POINT('Ctrl Pts',(-105.084917648171,11.9241533006522,149.170592709037));
#4557=CARTESIAN_POINT('Ctrl Pts',(-105.113440952361,11.2817289817578,149.170592709037));
#4558=CARTESIAN_POINT('Ctrl Pts',(-105.165579667165,9.99668563221173,149.170592709037));
#4559=CARTESIAN_POINT('Ctrl Pts',(-105.189195134538,9.35406590289572,149.170592709037));
#4560=CARTESIAN_POINT('Ctrl Pts',(-105.210356207948,8.71136571397006,149.170592709037));
#4561=CARTESIAN_POINT('',(-100.276640427924,3.54723276498064,149.170592709036));
#4562=CARTESIAN_POINT('Origin',(-100.213064188938,8.54682855482571,149.170592709036));
#4563=CARTESIAN_POINT('',(-98.1242561776001,3.51986245321166,149.170592709036));
#4564=CARTESIAN_POINT('',(-108.790784664095,3.65550097134531,149.170592709036));
#4565=CARTESIAN_POINT('',(-98.1242561776001,-0.00100000129802602,149.170592709036));
#4566=CARTESIAN_POINT('Origin',(-2.00000000000001,0.,323.75));
#4567=CARTESIAN_POINT('',(-92.5715607189881,0.,148.525187315357));
#4568=CARTESIAN_POINT('Ctrl Pts',(-92.5715607189881,0.,148.525187315357));
#4569=CARTESIAN_POINT('Ctrl Pts',(-93.3038936668088,0.,148.774229593562));
#4570=CARTESIAN_POINT('Ctrl Pts',(-94.1428490349837,0.,148.920227474539));
#4571=CARTESIAN_POINT('Ctrl Pts',(-95.9532450018376,0.,149.130654884148));
#4572=CARTESIAN_POINT('Ctrl Pts',(-97.0744452813555,0.,149.170592709036));
#4573=CARTESIAN_POINT('Ctrl Pts',(-98.1242561776001,0.,149.170592709036));
#4574=CARTESIAN_POINT('',(-88.9401653500858,0.,137.860970727863));
#4575=CARTESIAN_POINT('Ctrl Pts',(-88.9401653500858,0.,137.860970727863));
#4576=CARTESIAN_POINT('Ctrl Pts',(-89.2082225663648,0.,137.894869755926));
#4577=CARTESIAN_POINT('Ctrl Pts',(-89.4542692433085,-1.47798011787916E-21,
137.935478353478));
#4578=CARTESIAN_POINT('Ctrl Pts',(-89.6800787536754,0.,137.982298055912));
#4579=CARTESIAN_POINT('Ctrl Pts',(-89.9058882640423,1.47798011787916E-21,
138.029117758346));
#4580=CARTESIAN_POINT('Ctrl Pts',(-90.1114606078324,2.18368404767847E-19,
138.082148565662));
#4581=CARTESIAN_POINT('Ctrl Pts',(-90.2985187325486,2.16840434497101E-19,
138.140905229288));
#4582=CARTESIAN_POINT('Ctrl Pts',(-90.4855768572649,2.15312464226354E-19,
138.199661892915));
#4583=CARTESIAN_POINT('Ctrl Pts',(-90.6541207629072,0.,138.264144412853));
#4584=CARTESIAN_POINT('Ctrl Pts',(-90.8058229717227,0.,138.333880756571));
#4585=CARTESIAN_POINT('Ctrl Pts',(-90.9575251805381,0.,138.403617100289));
#4586=CARTESIAN_POINT('Ctrl Pts',(-91.0923856925268,0.,138.478607267787));
#4587=CARTESIAN_POINT('Ctrl Pts',(-91.21202660468,0.,138.558392442571));
#4588=CARTESIAN_POINT('Ctrl Pts',(-91.3316675168332,0.,138.638177617355));
#4589=CARTESIAN_POINT('Ctrl Pts',(-91.436088829151,0.,138.722757799426));
#4590=CARTESIAN_POINT('Ctrl Pts',(-91.5268622133692,0.,138.811687388328));
#4591=CARTESIAN_POINT('Ctrl Pts',(-91.6176355975873,0.,138.900616977231));
#4592=CARTESIAN_POINT('Ctrl Pts',(-91.6947610537058,0.,138.993895972965));
#4593=CARTESIAN_POINT('Ctrl Pts',(-91.7597598282046,0.,139.091091991115));
#4594=CARTESIAN_POINT('Ctrl Pts',(-91.8247586027034,0.,139.188288009266));
#4595=CARTESIAN_POINT('Ctrl Pts',(-91.8776306955826,0.,139.289401049832));
#4596=CARTESIAN_POINT('Ctrl Pts',(-91.9198469280664,0.,139.394011944436));
#4597=CARTESIAN_POINT('Ctrl Pts',(-91.9620631605503,0.,139.49862283904));
#4598=CARTESIAN_POINT('Ctrl Pts',(-91.9936235326389,0.,139.606731587682));
#4599=CARTESIAN_POINT('Ctrl Pts',(-92.0159484403008,0.,139.717932238024));
#4600=CARTESIAN_POINT('Ctrl Pts',(-92.0382733479626,0.,139.829132888365));
#4601=CARTESIAN_POINT('Ctrl Pts',(-92.0513627911978,0.,139.943425440405));
#4602=CARTESIAN_POINT('Ctrl Pts',(-92.0565867407192,0.,140.060417157844));
#4603=CARTESIAN_POINT('Ctrl Pts',(-92.0618106902405,0.,140.177408875283));
#4604=CARTESIAN_POINT('Ctrl Pts',(-92.0591691460482,0.,140.297099758121));
#4605=CARTESIAN_POINT('Ctrl Pts',(-92.0499816535992,0.,140.419110286094));
#4606=CARTESIAN_POINT('Ctrl Pts',(-92.0407941611502,0.,140.541120814068));
#4607=CARTESIAN_POINT('Ctrl Pts',(-92.0250607204447,0.,140.665450987178));
#4608=CARTESIAN_POINT('Ctrl Pts',(-92.0040504516841,0.,140.791734501201));
#4609=CARTESIAN_POINT('Ctrl Pts',(-91.9830401829234,0.,140.918018015224));
#4610=CARTESIAN_POINT('Ctrl Pts',(-91.9567530861077,0.,141.046254870159));
#4611=CARTESIAN_POINT('Ctrl Pts',(-91.9264078561828,0.,141.176091977823));
#4612=CARTESIAN_POINT('Ctrl Pts',(-91.8960626262578,0.,141.305929085486));
#4613=CARTESIAN_POINT('Ctrl Pts',(-91.8616592632237,0.,141.437366445877));
#4614=CARTESIAN_POINT('Ctrl Pts',(-91.8243660367703,0.,141.570064186849));
#4615=CARTESIAN_POINT('Ctrl Pts',(-91.787072810317,0.,141.702761927821));
#4616=CARTESIAN_POINT('Ctrl Pts',(-91.7468897204444,0.,141.836720049374));
#4617=CARTESIAN_POINT('Ctrl Pts',(-91.7049346115872,0.,141.9716118954));
#4618=CARTESIAN_POINT('Ctrl Pts',(-91.6629795027299,0.,142.106503741426));
#4619=CARTESIAN_POINT('Ctrl Pts',(-91.6192523748879,0.,142.242329311925));
#4620=CARTESIAN_POINT('Ctrl Pts',(-91.5748206472398,0.,142.378775166828));
#4621=CARTESIAN_POINT('Ctrl Pts',(-91.5288187438492,0.,142.520042890762));
#4622=CARTESIAN_POINT('Ctrl Pts',(-91.4820618848999,0.,142.66197542937));
#4623=CARTESIAN_POINT('Ctrl Pts',(-91.435677749432,0.,142.804239850821));
#4624=CARTESIAN_POINT('Ctrl Pts',(-91.3908768363742,0.,142.941648383121));
#4625=CARTESIAN_POINT('Ctrl Pts',(-91.3464233345709,0.,143.079366607931));
#4626=CARTESIAN_POINT('Ctrl Pts',(-91.3032820307079,0.,143.2171079843));
#4627=CARTESIAN_POINT('Ctrl Pts',(-91.260140726845,0.,143.354849360669));
#4628=CARTESIAN_POINT('Ctrl Pts',(-91.2183116209224,0.,143.492613888597));
#4629=CARTESIAN_POINT('Ctrl Pts',(-91.1787090743704,0.,143.630128243173));
#4630=CARTESIAN_POINT('Ctrl Pts',(-91.1391065278183,0.,143.767642597748));
#4631=CARTESIAN_POINT('Ctrl Pts',(-91.1017305406368,0.,143.904906778972));
#4632=CARTESIAN_POINT('Ctrl Pts',(-91.0674450490003,0.,144.04166067797));
#4633=CARTESIAN_POINT('Ctrl Pts',(-91.0331595573638,0.,144.178414576968));
#4634=CARTESIAN_POINT('Ctrl Pts',(-91.0019645612723,0.,144.314658193741));
#4635=CARTESIAN_POINT('Ctrl Pts',(-90.9746735716445,0.,144.450144635453));
#4636=CARTESIAN_POINT('Ctrl Pts',(-90.9473825820168,0.,144.585631077166));
#4637=CARTESIAN_POINT('Ctrl Pts',(-90.9239955988528,0.,144.720360343819));
#4638=CARTESIAN_POINT('Ctrl Pts',(-90.9052757078156,0.,144.854098758615));
#4639=CARTESIAN_POINT('Ctrl Pts',(-90.8865558167785,0.,144.987837173412));
#4640=CARTESIAN_POINT('Ctrl Pts',(-90.8725030178681,0.,145.120584736353));
#4641=CARTESIAN_POINT('Ctrl Pts',(-90.8638299714919,0.,145.25212098668));
#4642=CARTESIAN_POINT('Ctrl Pts',(-90.8551569251157,0.,145.383657237007));
#4643=CARTESIAN_POINT('Ctrl Pts',(-90.8518636312737,0.,145.51398217472));
#4644=CARTESIAN_POINT('Ctrl Pts',(-90.8546123251175,0.,145.642888555101));
#4645=CARTESIAN_POINT('Ctrl Pts',(-90.8573610189613,0.,145.771794935482));
#4646=CARTESIAN_POINT('Ctrl Pts',(-90.8661517004909,0.,145.89928275853));
#4647=CARTESIAN_POINT('Ctrl Pts',(-90.8815961796022,0.,146.025157995565));
#4648=CARTESIAN_POINT('Ctrl Pts',(-90.8970406587136,0.,146.151033232601));
#4649=CARTESIAN_POINT('Ctrl Pts',(-90.9191389354067,0.,146.275295883623));
#4650=CARTESIAN_POINT('Ctrl Pts',(-90.9484523943219,0.,146.397765135989));
#4651=CARTESIAN_POINT('Ctrl Pts',(-90.977765853237,0.,146.520234388356));
#4652=CARTESIAN_POINT('Ctrl Pts',(-91.0142944943741,0.,146.640910242068));
#4653=CARTESIAN_POINT('Ctrl Pts',(-91.0585492771178,0.,146.75962510052));
#4654=CARTESIAN_POINT('Ctrl Pts',(-91.1028040598615,0.,146.878339958973));
#4655=CARTESIAN_POINT('Ctrl Pts',(-91.1547849842117,1.67096445176683E-21,
146.995093822168));
#4656=CARTESIAN_POINT('Ctrl Pts',(-91.2149525842974,0.,147.109732309538));
#4657=CARTESIAN_POINT('Ctrl Pts',(-91.2751201843829,-1.67096445176527E-21,
147.224370796909));
#4658=CARTESIAN_POINT('Ctrl Pts',(-91.3434744602039,0.,147.336893908456));
#4659=CARTESIAN_POINT('Ctrl Pts',(-91.4204255206333,0.,147.447160479652));
#4660=CARTESIAN_POINT('Ctrl Pts',(-91.4973765810628,0.,147.557427050849));
#4661=CARTESIAN_POINT('Ctrl Pts',(-91.5829244261008,1.55586578197023E-21,
147.665437081695));
#4662=CARTESIAN_POINT('Ctrl Pts',(-91.6774287393648,0.,147.771062623704));
#4663=CARTESIAN_POINT('Ctrl Pts',(-91.7719330526287,-1.5558657819703E-21,
147.876688165712));
#4664=CARTESIAN_POINT('Ctrl Pts',(-91.8753938341186,0.,147.979929218882));
#4665=CARTESIAN_POINT('Ctrl Pts',(-91.9881203421962,0.,148.080671050764));
#4666=CARTESIAN_POINT('Ctrl Pts',(-92.1008468502738,0.,148.181412882647));
#4667=CARTESIAN_POINT('Ctrl Pts',(-92.222839084939,2.1538483285458E-19,
148.279655493242));
#4668=CARTESIAN_POINT('Ctrl Pts',(-92.354355879298,2.16840434497101E-19,
148.375297366138));
#4669=CARTESIAN_POINT('Ctrl Pts',(-92.4240710888472,2.1761202852829E-19,
148.425995782588));
#4670=CARTESIAN_POINT('Ctrl Pts',(-92.4964617664246,0.,148.475963637265));
#4671=CARTESIAN_POINT('Ctrl Pts',(-92.5715607189881,0.,148.525187315357));
#4672=CARTESIAN_POINT('',(-87.0815389707303,0.,137.860970727863));
#4673=CARTESIAN_POINT('Origin',(-88.010852160408,0.,145.458725665894));
#4674=CARTESIAN_POINT('',(-83.450143601828,0.,148.525187315357));
#4675=CARTESIAN_POINT('Ctrl Pts',(-83.450143601828,0.,148.525187315357));
#4676=CARTESIAN_POINT('Ctrl Pts',(-83.5858800792678,0.,148.431359378044));
#4677=CARTESIAN_POINT('Ctrl Pts',(-83.7125528711432,0.,148.334880048323));
#4678=CARTESIAN_POINT('Ctrl Pts',(-83.830363577745,0.,148.235849770196));
#4679=CARTESIAN_POINT('Ctrl Pts',(-83.948174284347,0.,148.136819492069));
#4680=CARTESIAN_POINT('Ctrl Pts',(-84.0571229056755,-1.54358731397305E-21,
148.035238265536));
#4681=CARTESIAN_POINT('Ctrl Pts',(-84.1574616005667,0.,147.931219231198));
#4682=CARTESIAN_POINT('Ctrl Pts',(-84.2578002954579,1.54358731397239E-21,
147.82720019686));
#4683=CARTESIAN_POINT('Ctrl Pts',(-84.3495290639117,0.,147.720743354718));
#4684=CARTESIAN_POINT('Ctrl Pts',(-84.4329506233093,0.,147.61197454197));
#4685=CARTESIAN_POINT('Ctrl Pts',(-84.5163721827069,0.,147.503205729223));
#4686=CARTESIAN_POINT('Ctrl Pts',(-84.5914865330483,0.,147.392124945871));
#4687=CARTESIAN_POINT('Ctrl Pts',(-84.6586469502597,0.,147.278870725712));
#4688=CARTESIAN_POINT('Ctrl Pts',(-84.725807367471,0.,147.165616505554));
#4689=CARTESIAN_POINT('Ctrl Pts',(-84.7850138515522,0.,147.050188848588));
#4690=CARTESIAN_POINT('Ctrl Pts',(-84.8366702369745,0.,146.932738985214));
#4691=CARTESIAN_POINT('Ctrl Pts',(-84.8883266223967,0.,146.815289121839));
#4692=CARTESIAN_POINT('Ctrl Pts',(-84.93243290916,0.,146.695817052055));
#4693=CARTESIAN_POINT('Ctrl Pts',(-84.9694434902803,0.,146.574486702857));
#4694=CARTESIAN_POINT('Ctrl Pts',(-85.0064540714006,0.,146.453156353658));
#4695=CARTESIAN_POINT('Ctrl Pts',(-85.036368946878,0.,146.329967725046));
#4696=CARTESIAN_POINT('Ctrl Pts',(-85.0596930682736,0.,146.205097440614));
#4697=CARTESIAN_POINT('Ctrl Pts',(-85.0830171896692,0.,146.080227156182));
#4698=CARTESIAN_POINT('Ctrl Pts',(-85.0997505569831,0.,145.953675215929));
#4699=CARTESIAN_POINT('Ctrl Pts',(-85.1104486803211,0.,145.825630940049));
#4700=CARTESIAN_POINT('Ctrl Pts',(-85.1211468036592,0.,145.697586664169));
#4701=CARTESIAN_POINT('Ctrl Pts',(-85.1258096830216,0.,145.568050052662));
#4702=CARTESIAN_POINT('Ctrl Pts',(-85.1250433870593,0.,145.437223122318));
#4703=CARTESIAN_POINT('Ctrl Pts',(-85.1242770910971,0.,145.306396191974));
#4704=CARTESIAN_POINT('Ctrl Pts',(-85.1180816198101,2.18964691607555E-19,
145.174278942793));
#4705=CARTESIAN_POINT('Ctrl Pts',(-85.1071136003946,2.16840434497101E-19,
145.041086088166));
#4706=CARTESIAN_POINT('Ctrl Pts',(-85.0961455809791,2.14716177386643E-19,
144.907893233539));
#4707=CARTESIAN_POINT('Ctrl Pts',(-85.080405013435,0.,144.773624773465));
#4708=CARTESIAN_POINT('Ctrl Pts',(-85.0605990835033,0.,144.638508117932));
#4709=CARTESIAN_POINT('Ctrl Pts',(-85.0407931535716,0.,144.5033914624));
#4710=CARTESIAN_POINT('Ctrl Pts',(-85.0169218612524,-2.34477241759736E-21,
144.367426611408));
#4711=CARTESIAN_POINT('Ctrl Pts',(-84.9897429508317,0.,144.230853671545));
#4712=CARTESIAN_POINT('Ctrl Pts',(-84.9625640404111,2.34477241759506E-21,
144.094280731682));
#4713=CARTESIAN_POINT('Ctrl Pts',(-84.9320775118889,0.,143.957099702947));
#4714=CARTESIAN_POINT('Ctrl Pts',(-84.8990916680964,0.,143.819563388526));
#4715=CARTESIAN_POINT('Ctrl Pts',(-84.8661058243038,0.,143.682027074105));
#4716=CARTESIAN_POINT('Ctrl Pts',(-84.8306206652409,0.,143.544135473997));
#4717=CARTESIAN_POINT('Ctrl Pts',(-84.7934950522835,0.,143.406154087986));
#4718=CARTESIAN_POINT('Ctrl Pts',(-84.7563694393262,0.,143.268172701976));
#4719=CARTESIAN_POINT('Ctrl Pts',(-84.7176033724746,0.,143.130101530063));
#4720=CARTESIAN_POINT('Ctrl Pts',(-84.6781062716496,0.,142.99221876863));
#4721=CARTESIAN_POINT('Ctrl Pts',(-84.6379517891723,0.,142.85204111477));
#4722=CARTESIAN_POINT('Ctrl Pts',(-84.5970415896931,0.,142.712058158609));
#4723=CARTESIAN_POINT('Ctrl Pts',(-84.5563848290493,0.,142.572575671928));
#4724=CARTESIAN_POINT('Ctrl Pts',(-84.5163936730116,0.,142.435376696872));
#4725=CARTESIAN_POINT('Ctrl Pts',(-84.4766478668973,0.,142.298661974258));
#4726=CARTESIAN_POINT('Ctrl Pts',(-84.4381587892034,0.,142.162735304986));
#4727=CARTESIAN_POINT('Ctrl Pts',(-84.3996697115095,0.,142.026808635713));
#4728=CARTESIAN_POINT('Ctrl Pts',(-84.3624373622361,0.,141.891670019782));
#4729=CARTESIAN_POINT('Ctrl Pts',(-84.3275236784252,0.,141.75763595469));
#4730=CARTESIAN_POINT('Ctrl Pts',(-84.2926099946143,0.,141.623601889598));
#4731=CARTESIAN_POINT('Ctrl Pts',(-84.2600149762659,0.,141.490672375344));
#4732=CARTESIAN_POINT('Ctrl Pts',(-84.2308511189672,0.,141.359176606026));
#4733=CARTESIAN_POINT('Ctrl Pts',(-84.2016872616685,0.,141.227680836708));
#4734=CARTESIAN_POINT('Ctrl Pts',(-84.1759545654193,0.,141.097618812324));
#4735=CARTESIAN_POINT('Ctrl Pts',(-84.1548160843519,0.,140.969332423571));
#4736=CARTESIAN_POINT('Ctrl Pts',(-84.1336776032845,0.,140.841046034817));
#4737=CARTESIAN_POINT('Ctrl Pts',(-84.1171333373988,0.,140.714535281693));
#4738=CARTESIAN_POINT('Ctrl Pts',(-84.1063968993718,0.,140.590154751492));
#4739=CARTESIAN_POINT('Ctrl Pts',(-84.0956604613448,0.,140.465774221291));
#4740=CARTESIAN_POINT('Ctrl Pts',(-84.0907318511766,0.,140.343523914013));
#4741=CARTESIAN_POINT('Ctrl Pts',(-84.0928752400893,0.,140.22377111355));
#4742=CARTESIAN_POINT('Ctrl Pts',(-84.0950186290019,0.,140.104018313087));
#4743=CARTESIAN_POINT('Ctrl Pts',(-84.1042340169953,0.,139.986763019439));
#4744=CARTESIAN_POINT('Ctrl Pts',(-84.1218361338366,0.,139.872385213096));
#4745=CARTESIAN_POINT('Ctrl Pts',(-84.139987561976,0.,139.754438005308));
#4746=CARTESIAN_POINT('Ctrl Pts',(-84.1670570539046,1.93717413554985E-21,
139.639550612005));
#4747=CARTESIAN_POINT('Ctrl Pts',(-84.2045426135366,0.,139.528153849677));
#4748=CARTESIAN_POINT('Ctrl Pts',(-84.240893758771,-1.87855000797059E-21,
139.420128254602));
#4749=CARTESIAN_POINT('Ctrl Pts',(-84.2870403413879,0.,139.315385282534));
#4750=CARTESIAN_POINT('Ctrl Pts',(-84.3443997860308,0.,139.214330703385));
#4751=CARTESIAN_POINT('Ctrl Pts',(-84.4017592306738,0.,139.113276124237));
#4752=CARTESIAN_POINT('Ctrl Pts',(-84.4703315373428,0.,139.015909938009));
#4753=CARTESIAN_POINT('Ctrl Pts',(-84.5515846892262,0.,138.92265061121));
#4754=CARTESIAN_POINT('Ctrl Pts',(-84.6328378411095,0.,138.829391284412));
#4755=CARTESIAN_POINT('Ctrl Pts',(-84.7267718382071,0.,138.740238817043));
#4756=CARTESIAN_POINT('Ctrl Pts',(-84.8349052222525,0.,138.655624372213));
#4757=CARTESIAN_POINT('Ctrl Pts',(-84.9430386062982,0.,138.571009927383));
#4758=CARTESIAN_POINT('Ctrl Pts',(-85.0653713772917,0.,138.490933505092));
#4759=CARTESIAN_POINT('Ctrl Pts',(-85.2034726355115,0.,138.415838965046));
#4760=CARTESIAN_POINT('Ctrl Pts',(-85.3415738937311,0.,138.340744425001));
#4761=CARTESIAN_POINT('Ctrl Pts',(-85.495443639177,0.,138.270631767202));
#4762=CARTESIAN_POINT('Ctrl Pts',(-85.6667015306724,0.,138.205957547954));
#4763=CARTESIAN_POINT('Ctrl Pts',(-85.8379594221676,0.,138.141283328707));
#4764=CARTESIAN_POINT('Ctrl Pts',(-86.0266054597122,0.,138.082047548011));
#4765=CARTESIAN_POINT('Ctrl Pts',(-86.2343098606748,0.,138.028719458771));
#4766=CARTESIAN_POINT('Ctrl Pts',(-86.4420142616376,0.,137.975391369532));
#4767=CARTESIAN_POINT('Ctrl Pts',(-86.6687770260182,0.,137.927970971749));
#4768=CARTESIAN_POINT('Ctrl Pts',(-86.9163189297302,0.,137.886940214924));
#4769=CARTESIAN_POINT('Ctrl Pts',(-86.970394411661,0.,137.877977053876));
#4770=CARTESIAN_POINT('Ctrl Pts',(-87.0254616722244,0.,137.869318856617));
#4771=CARTESIAN_POINT('Ctrl Pts',(-87.0815389707303,0.,137.860970727863));
#4772=CARTESIAN_POINT('',(-77.8974481432159,0.,149.170592709036));
#4773=CARTESIAN_POINT('Ctrl Pts',(-77.8974481432159,0.,149.170592709036));
#4774=CARTESIAN_POINT('Ctrl Pts',(-80.3339937216338,0.,149.170592709036));
#4775=CARTESIAN_POINT('Ctrl Pts',(-82.1848922078378,0.,148.95545757781));
#4776=CARTESIAN_POINT('Ctrl Pts',(-83.450143601828,0.,148.525187315357));
#4777=CARTESIAN_POINT('',(-72.3447526846039,0.,149.815998102716));
#4778=CARTESIAN_POINT('Ctrl Pts',(-72.3447526846039,0.,149.815998102716));
#4779=CARTESIAN_POINT('Ctrl Pts',(-73.6100040785941,0.,149.385727840263));
#4780=CARTESIAN_POINT('Ctrl Pts',(-75.4609025647981,0.,149.170592709036));
#4781=CARTESIAN_POINT('Ctrl Pts',(-77.8974481432159,0.,149.170592709036));
#4782=CARTESIAN_POINT('',(-68.7133573157016,0.,160.48021469021));
#4783=CARTESIAN_POINT('Ctrl Pts',(-68.7133573157017,0.,160.48021469021));
#4784=CARTESIAN_POINT('Ctrl Pts',(-68.9816520709701,0.,160.446310194207));
#4785=CARTESIAN_POINT('Ctrl Pts',(-69.2279008224548,0.,160.405668656774));
#4786=CARTESIAN_POINT('Ctrl Pts',(-69.453880346655,0.,160.358790375422));
#4787=CARTESIAN_POINT('Ctrl Pts',(-69.6798598708551,0.,160.31191209407));
#4788=CARTESIAN_POINT('Ctrl Pts',(-69.8855701677707,0.,160.2587970688));
#4789=CARTESIAN_POINT('Ctrl Pts',(-70.0727375754853,0.,160.199932431399));
#4790=CARTESIAN_POINT('Ctrl Pts',(-70.2599049831997,0.,160.141067793999));
#4791=CARTESIAN_POINT('Ctrl Pts',(-70.4285295017131,0.,160.076453544468));
#4792=CARTESIAN_POINT('Ctrl Pts',(-70.5802870306933,0.,160.006563648871));
#4793=CARTESIAN_POINT('Ctrl Pts',(-70.7320445596735,0.,159.936673753274));
#4794=CARTESIAN_POINT('Ctrl Pts',(-70.8669350991205,0.,159.86150821161));
#4795=CARTESIAN_POINT('Ctrl Pts',(-70.9865841102863,0.,159.781527824218));
#4796=CARTESIAN_POINT('Ctrl Pts',(-71.106233121452,0.,159.701547436826));
#4797=CARTESIAN_POINT('Ctrl Pts',(-71.2106406043364,0.,159.616752203706));
#4798=CARTESIAN_POINT('Ctrl Pts',(-71.3013815817759,0.,159.527589759473));
#4799=CARTESIAN_POINT('Ctrl Pts',(-71.3921225592155,0.,159.43842731524));
#4800=CARTESIAN_POINT('Ctrl Pts',(-71.4691970312101,0.,159.344897659893));
#4801=CARTESIAN_POINT('Ctrl Pts',(-71.5341295821803,0.,159.247435262321));
#4802=CARTESIAN_POINT('Ctrl Pts',(-71.5990621331505,0.,159.14997286475));
#4803=CARTESIAN_POINT('Ctrl Pts',(-71.6518527630964,0.,159.048577724954));
#4804=CARTESIAN_POINT('Ctrl Pts',(-71.6939756180228,0.,158.943671146099));
#4805=CARTESIAN_POINT('Ctrl Pts',(-71.7360984729492,0.,158.838764567243));
#4806=CARTESIAN_POINT('Ctrl Pts',(-71.7675535528562,0.,158.730346549329));
#4807=CARTESIAN_POINT('Ctrl Pts',(-71.7897645653329,0.,158.618825229794));
#4808=CARTESIAN_POINT('Ctrl Pts',(-71.8119755778096,0.,158.50730391026));
#4809=CARTESIAN_POINT('Ctrl Pts',(-71.824942522856,0.,158.392679289106));
#4810=CARTESIAN_POINT('Ctrl Pts',(-71.8300386696456,0.,158.275346338048));
#4811=CARTESIAN_POINT('Ctrl Pts',(-71.8351348164351,0.,158.15801338699));
#4812=CARTESIAN_POINT('Ctrl Pts',(-71.8323601649679,0.,158.037972106028));
#4813=CARTESIAN_POINT('Ctrl Pts',(-71.8230375460016,0.,157.915604301153));
#4814=CARTESIAN_POINT('Ctrl Pts',(-71.8137149270353,0.,157.793236496278));
#4815=CARTESIAN_POINT('Ctrl Pts',(-71.7978443405699,0.,157.668542167489));
#4816=CARTESIAN_POINT('Ctrl Pts',(-71.7766981789474,0.,157.541889955052));
#4817=CARTESIAN_POINT('Ctrl Pts',(-71.7555520173249,0.,157.415237742616));
#4818=CARTESIAN_POINT('Ctrl Pts',(-71.7291302805454,0.,157.286627646532));
#4819=CARTESIAN_POINT('Ctrl Pts',(-71.6986549225351,0.,157.156415141342));
#4820=CARTESIAN_POINT('Ctrl Pts',(-71.6681795645247,0.,157.026202636152));
#4821=CARTESIAN_POINT('Ctrl Pts',(-71.6336505852836,0.,156.894387721856));
#4822=CARTESIAN_POINT('Ctrl Pts',(-71.5962395003224,0.,156.761312707271));
#4823=CARTESIAN_POINT('Ctrl Pts',(-71.5588284153611,0.,156.628237692685));
#4824=CARTESIAN_POINT('Ctrl Pts',(-71.5185352246796,0.,156.49390257781));
#4825=CARTESIAN_POINT('Ctrl Pts',(-71.4764810053729,0.,156.358636505737));
#4826=CARTESIAN_POINT('Ctrl Pts',(-71.4344267860661,0.,156.223370433664));
#4827=CARTESIAN_POINT('Ctrl Pts',(-71.390611538134,0.,156.087173404394));
#4828=CARTESIAN_POINT('Ctrl Pts',(-71.3461059002557,0.,155.950361395293));
#4829=CARTESIAN_POINT('Ctrl Pts',(-71.3001607290219,0.,155.809124206374));
#4830=CARTESIAN_POINT('Ctrl Pts',(-71.2534800787443,0.,155.667231688094));
#4831=CARTESIAN_POINT('Ctrl Pts',(-71.2071854837744,0.,155.525016761783));
#4832=CARTESIAN_POINT('Ctrl Pts',(-71.1623413701468,0.,155.387257649316));
#4833=CARTESIAN_POINT('Ctrl Pts',(-71.1178592230808,0.,155.249195943285));
#4834=CARTESIAN_POINT('Ctrl Pts',(-71.0747071729954,0.,155.111120863761));
#4835=CARTESIAN_POINT('Ctrl Pts',(-71.03155512291,0.,154.973045784238));
#4836=CARTESIAN_POINT('Ctrl Pts',(-70.9897331698052,0.,154.834957331222));
#4837=CARTESIAN_POINT('Ctrl Pts',(-70.950159005684,0.,154.697131559063));
#4838=CARTESIAN_POINT('Ctrl Pts',(-70.9105848415629,0.,154.559305786904));
#4839=CARTESIAN_POINT('Ctrl Pts',(-70.8732584664255,0.,154.421742695602));
#4840=CARTESIAN_POINT('Ctrl Pts',(-70.8390471338592,0.,154.284705173779));
#4841=CARTESIAN_POINT('Ctrl Pts',(-70.8048358012929,0.,154.147667651956));
#4842=CARTESIAN_POINT('Ctrl Pts',(-70.7737395112977,0.,154.011155699614));
#4843=CARTESIAN_POINT('Ctrl Pts',(-70.7465750790454,0.,153.87541903965));
#4844=CARTESIAN_POINT('Ctrl Pts',(-70.7194106467931,0.,153.739682379686));
#4845=CARTESIAN_POINT('Ctrl Pts',(-70.6961780722837,0.,153.604721012101));
#4846=CARTESIAN_POINT('Ctrl Pts',(-70.6776437322731,0.,153.470771494069));
#4847=CARTESIAN_POINT('Ctrl Pts',(-70.6591093922625,0.,153.336821976037));
#4848=CARTESIAN_POINT('Ctrl Pts',(-70.6452732867508,0.,153.203884307558));
#4849=CARTESIAN_POINT('Ctrl Pts',(-70.6368513540781,0.,153.072181880082));
#4850=CARTESIAN_POINT('Ctrl Pts',(-70.6284294214055,0.,152.940479452606));
#4851=CARTESIAN_POINT('Ctrl Pts',(-70.625421661572,0.,152.810012266132));
#4852=CARTESIAN_POINT('Ctrl Pts',(-70.6284935745023,0.,152.680990546385));
#4853=CARTESIAN_POINT('Ctrl Pts',(-70.6315654874325,0.,152.551968826639));
#4854=CARTESIAN_POINT('Ctrl Pts',(-70.6407170731264,2.14960672427122E-19,
152.42439257362));
#4855=CARTESIAN_POINT('Ctrl Pts',(-70.6565633930929,2.16840434497101E-19,
152.298458847328));
#4856=CARTESIAN_POINT('Ctrl Pts',(-70.6724097130593,2.1872019656708E-19,
152.172525121037));
#4857=CARTESIAN_POINT('Ctrl Pts',(-70.6949507672983,0.,152.048233921473));
#4858=CARTESIAN_POINT('Ctrl Pts',(-70.724751178903,0.,151.925769142912));
#4859=CARTESIAN_POINT('Ctrl Pts',(-70.7545515905077,0.,151.803304364351));
#4860=CARTESIAN_POINT('Ctrl Pts',(-70.7916113594781,0.,151.682666006793));
#4861=CARTESIAN_POINT('Ctrl Pts',(-70.8364446704915,0.,151.564024798788));
#4862=CARTESIAN_POINT('Ctrl Pts',(-70.881277981505,0.,151.445383590784));
#4863=CARTESIAN_POINT('Ctrl Pts',(-70.9338848345615,0.,151.328739532334));
#4864=CARTESIAN_POINT('Ctrl Pts',(-70.9947289759228,0.,151.214250186263));
#4865=CARTESIAN_POINT('Ctrl Pts',(-71.0555731172842,0.,151.099760840192));
#4866=CARTESIAN_POINT('Ctrl Pts',(-71.1246545469503,0.,150.987426206501));
#4867=CARTESIAN_POINT('Ctrl Pts',(-71.2023865727672,0.,150.877390682291));
#4868=CARTESIAN_POINT('Ctrl Pts',(-71.280118598584,0.,150.767355158082));
#4869=CARTESIAN_POINT('Ctrl Pts',(-71.3665012205517,0.,150.659618743353));
#4870=CARTESIAN_POINT('Ctrl Pts',(-71.4618973081004,0.,150.554312669482));
#4871=CARTESIAN_POINT('Ctrl Pts',(-71.557293395649,0.,150.449006595612));
#4872=CARTESIAN_POINT('Ctrl Pts',(-71.6617029487787,0.,150.346130862599));
#4873=CARTESIAN_POINT('Ctrl Pts',(-71.7754383985039,0.,150.245803536097));
#4874=CARTESIAN_POINT('Ctrl Pts',(-71.8891738482291,0.,150.145476209594));
#4875=CARTESIAN_POINT('Ctrl Pts',(-72.01223519455,0.,150.047697289601));
#4876=CARTESIAN_POINT('Ctrl Pts',(-72.1448844300652,0.,149.952571676045));
#4877=CARTESIAN_POINT('Ctrl Pts',(-72.2092424557736,0.,149.906419154631));
#4878=CARTESIAN_POINT('Ctrl Pts',(-72.2758566593389,0.,149.860891008932));
#4879=CARTESIAN_POINT('Ctrl Pts',(-72.3447526846038,0.,149.815998102716));
#4880=CARTESIAN_POINT('',(-66.8547309363461,0.,160.48021469021));
#4881=CARTESIAN_POINT('Origin',(-67.7840441260238,0.,152.882459752179));
#4882=CARTESIAN_POINT('',(-62.4405422113663,0.,149.815998102716));
#4883=CARTESIAN_POINT('Ctrl Pts',(-62.4405422113663,0.,149.815998102716));
#4884=CARTESIAN_POINT('Ctrl Pts',(-62.666487133323,0.,149.90200082458));
#4885=CARTESIAN_POINT('Ctrl Pts',(-62.874638532694,0.,149.993163209364));
#4886=CARTESIAN_POINT('Ctrl Pts',(-63.0659031060253,0.,150.089163509112));
#4887=CARTESIAN_POINT('Ctrl Pts',(-63.2571676793566,0.,150.18516380886));
#4888=CARTESIAN_POINT('Ctrl Pts',(-63.4315454266482,2.18569115518599E-19,
150.286002023574));
#4889=CARTESIAN_POINT('Ctrl Pts',(-63.5899938791186,2.16840434497101E-19,
150.391344863802));
#4890=CARTESIAN_POINT('Ctrl Pts',(-63.7484423315892,2.15111753475601E-19,
150.49668770403));
#4891=CARTESIAN_POINT('Ctrl Pts',(-63.8909614892386,-1.79746318574663E-21,
150.606535169773));
#4892=CARTESIAN_POINT('Ctrl Pts',(-64.0185597179583,0.,150.720542430084));
#4893=CARTESIAN_POINT('Ctrl Pts',(-64.1461579466778,1.79746318574372E-21,
150.834549690395));
#4894=CARTESIAN_POINT('Ctrl Pts',(-64.2588352464677,0.,150.952716745274));
#4895=CARTESIAN_POINT('Ctrl Pts',(-64.3576508178921,0.,151.074687222278));
#4896=CARTESIAN_POINT('Ctrl Pts',(-64.4564663893166,0.,151.196657699283));
#4897=CARTESIAN_POINT('Ctrl Pts',(-64.5414202323756,0.,151.322431598413));
#4898=CARTESIAN_POINT('Ctrl Pts',(-64.613622382306,0.,151.45164100573));
#4899=CARTESIAN_POINT('Ctrl Pts',(-64.6858245322364,0.,151.580850413047));
#4900=CARTESIAN_POINT('Ctrl Pts',(-64.7452749890383,0.,151.71349532855));
#4901=CARTESIAN_POINT('Ctrl Pts',(-64.7931346226212,0.,151.849196296805));
#4902=CARTESIAN_POINT('Ctrl Pts',(-64.8409942562041,0.,151.98489726506));
#4903=CARTESIAN_POINT('Ctrl Pts',(-64.8772630665681,0.,152.123654286067));
#4904=CARTESIAN_POINT('Ctrl Pts',(-64.9031527582956,0.,152.265076362895));
#4905=CARTESIAN_POINT('Ctrl Pts',(-64.9290424500231,0.,152.406498439722));
#4906=CARTESIAN_POINT('Ctrl Pts',(-64.944553023114,0.,152.55058557237));
#4907=CARTESIAN_POINT('Ctrl Pts',(-64.9509470168236,0.,152.696935222412));
#4908=CARTESIAN_POINT('Ctrl Pts',(-64.9573410105332,0.,152.843284872453));
#4909=CARTESIAN_POINT('Ctrl Pts',(-64.9546184248614,0.,152.991897039888));
#4910=CARTESIAN_POINT('Ctrl Pts',(-64.9440926337362,0.,153.142357644793));
#4911=CARTESIAN_POINT('Ctrl Pts',(-64.933566842611,0.,153.292818249698));
#4912=CARTESIAN_POINT('Ctrl Pts',(-64.9152378460323,0.,153.445127292073));
#4913=CARTESIAN_POINT('Ctrl Pts',(-64.8904698526008,0.,153.598859150498));
#4914=CARTESIAN_POINT('Ctrl Pts',(-64.8657018591693,0.,153.752591008923));
#4915=CARTESIAN_POINT('Ctrl Pts',(-64.8344948688851,0.,153.907745683398));
#4916=CARTESIAN_POINT('Ctrl Pts',(-64.7982639250216,0.,154.063886011008));
#4917=CARTESIAN_POINT('Ctrl Pts',(-64.7620329811579,0.,154.220026338619));
#4918=CARTESIAN_POINT('Ctrl Pts',(-64.7207780837148,0.,154.377152319364));
#4919=CARTESIAN_POINT('Ctrl Pts',(-64.6759651106384,0.,154.534815248832));
#4920=CARTESIAN_POINT('Ctrl Pts',(-64.6307804894257,0.,154.693785726759));
#4921=CARTESIAN_POINT('Ctrl Pts',(-64.5819784596378,0.,154.853302112797));
#4922=CARTESIAN_POINT('Ctrl Pts',(-64.5311139995254,0.,155.012892565856));
#4923=CARTESIAN_POINT('Ctrl Pts',(-64.4806679048059,0.,155.171170371095));
#4924=CARTESIAN_POINT('Ctrl Pts',(-64.4281932381909,0.,155.32952101393));
#4925=CARTESIAN_POINT('Ctrl Pts',(-64.37525796856,0.,155.487472611238));
#4926=CARTESIAN_POINT('Ctrl Pts',(-64.322322698929,0.,155.645424208546));
#4927=CARTESIAN_POINT('Ctrl Pts',(-64.2689268262822,0.,155.802976760327));
#4928=CARTESIAN_POINT('Ctrl Pts',(-64.2166891541719,0.,155.959646841965));
#4929=CARTESIAN_POINT('Ctrl Pts',(-64.1644514820616,0.,156.116316923602));
#4930=CARTESIAN_POINT('Ctrl Pts',(-64.1133720104878,0.,156.272104535095));
#4931=CARTESIAN_POINT('Ctrl Pts',(-64.0651203776757,0.,156.42651471033));
#4932=CARTESIAN_POINT('Ctrl Pts',(-64.0168687448635,0.,156.580924885565));
#4933=CARTESIAN_POINT('Ctrl Pts',(-63.9714449508129,0.,156.733957624542));
#4934=CARTESIAN_POINT('Ctrl Pts',(-63.9305694684219,0.,156.885106419652));
#4935=CARTESIAN_POINT('Ctrl Pts',(-63.8896939860308,0.,157.036255214761));
#4936=CARTESIAN_POINT('Ctrl Pts',(-63.8533668152993,0.,157.185520066003));
#4937=CARTESIAN_POINT('Ctrl Pts',(-63.8233592637978,0.,157.332382924271));
#4938=CARTESIAN_POINT('Ctrl Pts',(-63.7933517122963,0.,157.479245782539));
#4939=CARTESIAN_POINT('Ctrl Pts',(-63.769663780025,0.,157.623706647833));
#4940=CARTESIAN_POINT('Ctrl Pts',(-63.7541176092271,0.,157.765235929552));
#4941=CARTESIAN_POINT('Ctrl Pts',(-63.7385714384292,0.,157.90676521127));
#4942=CARTESIAN_POINT('Ctrl Pts',(-63.7311670291047,0.,158.045362909413));
#4943=CARTESIAN_POINT('Ctrl Pts',(-63.7337773581699,0.,158.180487891882));
#4944=CARTESIAN_POINT('Ctrl Pts',(-63.736428277766,0.,158.317714063379));
#4945=CARTESIAN_POINT('Ctrl Pts',(-63.7494076781028,0.,158.451358709354));
#4946=CARTESIAN_POINT('Ctrl Pts',(-63.7747309331295,0.,158.580842877068));
#4947=CARTESIAN_POINT('Ctrl Pts',(-63.7996664418172,0.,158.708344400294));
#4948=CARTESIAN_POINT('Ctrl Pts',(-63.8365708170749,2.05119015514589E-21,
158.831811849065));
#4949=CARTESIAN_POINT('Ctrl Pts',(-63.8874194956416,0.,158.950680828821));
#4950=CARTESIAN_POINT('Ctrl Pts',(-63.9382681742084,-2.05119015514599E-21,
159.069549808576));
#4951=CARTESIAN_POINT('Ctrl Pts',(-64.0030611560842,0.,159.183820319317));
#4952=CARTESIAN_POINT('Ctrl Pts',(-64.083824712681,0.,159.292916424985));
#4953=CARTESIAN_POINT('Ctrl Pts',(-64.1645882692778,0.,159.402012530653));
#4954=CARTESIAN_POINT('Ctrl Pts',(-64.2613224005954,0.,159.505934231249));
#4955=CARTESIAN_POINT('Ctrl Pts',(-64.3761042127185,0.,159.60409404922));
#4956=CARTESIAN_POINT('Ctrl Pts',(-64.4940095182899,0.,159.704925035582));
#4957=CARTESIAN_POINT('Ctrl Pts',(-64.6309578656449,0.,159.799676338733));
#4958=CARTESIAN_POINT('Ctrl Pts',(-64.7892564348303,0.,159.887698524281));
#4959=CARTESIAN_POINT('Ctrl Pts',(-64.9433614306958,0.,159.973388866333));
#4960=CARTESIAN_POINT('Ctrl Pts',(-65.1177006650791,0.,160.052701844631));
#4961=CARTESIAN_POINT('Ctrl Pts',(-65.3144542967459,0.,160.125026584556));
#4962=CARTESIAN_POINT('Ctrl Pts',(-65.519239148709,0.,160.200303523709));
#4963=CARTESIAN_POINT('Ctrl Pts',(-65.7483052131958,0.,160.268010166636));
#4964=CARTESIAN_POINT('Ctrl Pts',(-66.0041691552922,0.,160.327444459578));
#4965=CARTESIAN_POINT('Ctrl Pts',(-66.2600330973886,0.,160.38687875252));
#4966=CARTESIAN_POINT('Ctrl Pts',(-66.5426949170947,0.,160.438040695478));
#4967=CARTESIAN_POINT('Ctrl Pts',(-66.8547309363461,0.,160.48021469021));
#4968=CARTESIAN_POINT('',(-52.8408562372434,0.,148.525187315357));
#4969=CARTESIAN_POINT('Ctrl Pts',(-52.8408562372434,0.,148.525187315357));
#4970=CARTESIAN_POINT('Ctrl Pts',(-56.4262487928119,0.,148.95545757781));
#4971=CARTESIAN_POINT('Ctrl Pts',(-59.6261441175196,0.,149.385727840263));
#4972=CARTESIAN_POINT('Ctrl Pts',(-62.4405422113663,0.,149.815998102716));
#4973=CARTESIAN_POINT('',(-48.4865492813174,0.,137.860970727863));
#4974=CARTESIAN_POINT('Ctrl Pts',(-48.4865492813174,0.,137.860970727863));
#4975=CARTESIAN_POINT('Ctrl Pts',(-48.7834729134381,0.,137.900962881554));
#4976=CARTESIAN_POINT('Ctrl Pts',(-49.0537826791448,0.,137.949079292859));
#4977=CARTESIAN_POINT('Ctrl Pts',(-49.2997104649222,0.,138.004700306961));
#4978=CARTESIAN_POINT('Ctrl Pts',(-49.5456382506995,0.,138.060321321063));
#4979=CARTESIAN_POINT('Ctrl Pts',(-49.7671840565475,-1.70962964971726E-21,
138.123446937961));
#4980=CARTESIAN_POINT('Ctrl Pts',(-49.9665289940063,0.,138.193469304323));
#4981=CARTESIAN_POINT('Ctrl Pts',(-50.1658739314652,1.70962964971814E-21,
138.263491670686));
#4982=CARTESIAN_POINT('Ctrl Pts',(-50.3430180005349,0.,138.340410786513));
#4983=CARTESIAN_POINT('Ctrl Pts',(-50.5000915378114,0.,138.423630599961));
#4984=CARTESIAN_POINT('Ctrl Pts',(-50.6571650750878,0.,138.50685041341));
#4985=CARTESIAN_POINT('Ctrl Pts',(-50.794168080571,0.,138.59637092448));
#4986=CARTESIAN_POINT('Ctrl Pts',(-50.9131801159127,0.,138.691607882816));
#4987=CARTESIAN_POINT('Ctrl Pts',(-51.0321921512543,0.,138.786844841153));
#4988=CARTESIAN_POINT('Ctrl Pts',(-51.1332132164543,0.,138.887798246756));
#4989=CARTESIAN_POINT('Ctrl Pts',(-51.2182720982202,0.,138.993895650758));
#4990=CARTESIAN_POINT('Ctrl Pts',(-51.3033309799861,0.,139.09999305476));
#4991=CARTESIAN_POINT('Ctrl Pts',(-51.3724276783178,0.,139.211234457161));
#4992=CARTESIAN_POINT('Ctrl Pts',(-51.4275402049785,0.,139.327059210583));
#4993=CARTESIAN_POINT('Ctrl Pts',(-51.4826527316392,0.,139.442883964005));
#4994=CARTESIAN_POINT('Ctrl Pts',(-51.5237810866289,0.,139.563292068447));
#4995=CARTESIAN_POINT('Ctrl Pts',(-51.5528525067665,0.,139.687734678019));
#4996=CARTESIAN_POINT('Ctrl Pts',(-51.581923926904,0.,139.81217728759));
#4997=CARTESIAN_POINT('Ctrl Pts',(-51.5989384121895,2.19052307874022E-19,
139.940654402292));
#4998=CARTESIAN_POINT('Ctrl Pts',(-51.6057724244973,2.16840434497101E-19,
140.07262897772));
#4999=CARTESIAN_POINT('Ctrl Pts',(-51.6126064368052,2.14628561120179E-19,
140.204603553149));
#5000=CARTESIAN_POINT('Ctrl Pts',(-51.6092599761355,0.,140.340075589304));
#5001=CARTESIAN_POINT('Ctrl Pts',(-51.5975587294187,0.,140.478519843272));
#5002=CARTESIAN_POINT('Ctrl Pts',(-51.5858574827018,0.,140.616964097239));
#5003=CARTESIAN_POINT('Ctrl Pts',(-51.5658014499377,0.,140.758380569019));
#5004=CARTESIAN_POINT('Ctrl Pts',(-51.5391655431125,0.,140.902255817185));
#5005=CARTESIAN_POINT('Ctrl Pts',(-51.5125296362873,0.,141.04613106535));
#5006=CARTESIAN_POINT('Ctrl Pts',(-51.479313855401,2.19433142155296E-19,
141.192465089901));
#5007=CARTESIAN_POINT('Ctrl Pts',(-51.4412423374954,2.16840434497101E-19,
141.3407562509));
#5008=CARTESIAN_POINT('Ctrl Pts',(-51.4031708195898,2.14247726838902E-19,
141.489047411899));
#5009=CARTESIAN_POINT('Ctrl Pts',(-51.3602435646648,0.,141.639295709345));
#5010=CARTESIAN_POINT('Ctrl Pts',(-51.314133934818,0.,141.791011304789));
#5011=CARTESIAN_POINT('Ctrl Pts',(-51.2668026751224,0.,141.946746457547));
#5012=CARTESIAN_POINT('Ctrl Pts',(-51.2161184181979,0.,142.104027631881));
#5013=CARTESIAN_POINT('Ctrl Pts',(-51.1638354373229,0.,142.262337949006));
#5014=CARTESIAN_POINT('Ctrl Pts',(-51.1129018912704,0.,142.416562243278));
#5015=CARTESIAN_POINT('Ctrl Pts',(-51.0604508558831,0.,142.571763293936));
#5016=CARTESIAN_POINT('Ctrl Pts',(-51.008052798137,0.,142.727475178176));
#5017=CARTESIAN_POINT('Ctrl Pts',(-50.955654740391,0.,142.883187062416));
#5018=CARTESIAN_POINT('Ctrl Pts',(-50.9033096602863,0.,143.039409780236));
#5019=CARTESIAN_POINT('Ctrl Pts',(-50.8525372498548,0.,143.195689210322));
#5020=CARTESIAN_POINT('Ctrl Pts',(-50.8017648394233,0.,143.351968640407));
#5021=CARTESIAN_POINT('Ctrl Pts',(-50.7525650986651,0.,143.508304782756));
#5022=CARTESIAN_POINT('Ctrl Pts',(-50.7064069446677,0.,143.664255317541));
#5023=CARTESIAN_POINT('Ctrl Pts',(-50.6602487906704,0.,143.820205852326));
#5024=CARTESIAN_POINT('Ctrl Pts',(-50.617132223434,0.,143.975770779546));
#5025=CARTESIAN_POINT('Ctrl Pts',(-50.5784753851019,0.,144.13051958086));
#5026=CARTESIAN_POINT('Ctrl Pts',(-50.5398185467697,0.,144.285268382175));
#5027=CARTESIAN_POINT('Ctrl Pts',(-50.5056214373419,0.,144.439201057584));
#5028=CARTESIAN_POINT('Ctrl Pts',(-50.4772514240175,0.,144.591898890235));
#5029=CARTESIAN_POINT('Ctrl Pts',(-50.4488814106931,0.,144.744596722886));
#5030=CARTESIAN_POINT('Ctrl Pts',(-50.4263384934722,0.,144.896059712779));
#5031=CARTESIAN_POINT('Ctrl Pts',(-50.4109392646096,0.,145.045880944549));
#5032=CARTESIAN_POINT('Ctrl Pts',(-50.395540035747,0.,145.195702176319));
#5033=CARTESIAN_POINT('Ctrl Pts',(-50.3872844952427,0.,145.343881649966));
#5034=CARTESIAN_POINT('Ctrl Pts',(-50.3874384604073,0.,145.490024251613));
#5035=CARTESIAN_POINT('Ctrl Pts',(-50.3876000739922,0.,145.643426677495));
#5036=CARTESIAN_POINT('Ctrl Pts',(-50.3970279266842,0.,145.794584726042));
#5037=CARTESIAN_POINT('Ctrl Pts',(-50.4171258228518,0.,145.943055414526));
#5038=CARTESIAN_POINT('Ctrl Pts',(-50.4362725789522,0.,146.084499674998));
#5039=CARTESIAN_POINT('Ctrl Pts',(-50.4651029180959,0.,146.223505017228));
#5040=CARTESIAN_POINT('Ctrl Pts',(-50.5047785853935,0.,146.35970051657));
#5041=CARTESIAN_POINT('Ctrl Pts',(-50.544454252691,0.,146.495896015913));
#5042=CARTESIAN_POINT('Ctrl Pts',(-50.5949752481424,0.,146.629281672367));
#5043=CARTESIAN_POINT('Ctrl Pts',(-50.6574525419138,0.,146.759498362776));
#5044=CARTESIAN_POINT('Ctrl Pts',(-50.7199298356853,0.,146.889715053186));
#5045=CARTESIAN_POINT('Ctrl Pts',(-50.7943634277769,0.,147.01676277755));
#5046=CARTESIAN_POINT('Ctrl Pts',(-50.8818135134105,0.,147.140294214198));
#5047=CARTESIAN_POINT('Ctrl Pts',(-50.9692635990442,0.,147.263825650847));
#5048=CARTESIAN_POINT('Ctrl Pts',(-51.0697301782201,0.,147.38384079978));
#5049=CARTESIAN_POINT('Ctrl Pts',(-51.1842226712157,0.,147.500004140816));
#5050=CARTESIAN_POINT('Ctrl Pts',(-51.2987151642113,0.,147.616167481852));
#5051=CARTESIAN_POINT('Ctrl Pts',(-51.4272335710266,0.,147.728479014991));
#5052=CARTESIAN_POINT('Ctrl Pts',(-51.5707365369953,0.,147.83661502154));
#5053=CARTESIAN_POINT('Ctrl Pts',(-51.7142395029643,0.,147.944751028088));
#5054=CARTESIAN_POINT('Ctrl Pts',(-51.8727270280866,0.,148.048711508046));
#5055=CARTESIAN_POINT('Ctrl Pts',(-52.0471069827514,0.,148.148184544208));
#5056=CARTESIAN_POINT('Ctrl Pts',(-52.221486937416,0.,148.24765758037));
#5057=CARTESIAN_POINT('Ctrl Pts',(-52.4117593216231,2.15231415532407E-19,
148.342643172736));
#5058=CARTESIAN_POINT('Ctrl Pts',(-52.6187812308177,2.16840434497101E-19,
148.432841205588));
#5059=CARTESIAN_POINT('Ctrl Pts',(-52.6907698131673,2.1739994529812E-19,
148.464206139575));
#5060=CARTESIAN_POINT('Ctrl Pts',(-52.7647832819153,0.,148.49499227109));
#5061=CARTESIAN_POINT('Ctrl Pts',(-52.8408562372433,0.,148.525187315357));
#5062=CARTESIAN_POINT('',(-46.6279229019619,0.,137.860970727863));
#5063=CARTESIAN_POINT('Origin',(-47.5572360916397,0.,145.458725665894));
#5064=CARTESIAN_POINT('',(-42.9965275330596,0.,148.525187315357));
#5065=CARTESIAN_POINT('Ctrl Pts',(-42.9965275330596,0.,148.525187315357));
#5066=CARTESIAN_POINT('Ctrl Pts',(-43.1358905806421,0.,148.432314988868));
#5067=CARTESIAN_POINT('Ctrl Pts',(-43.2658327579877,0.,148.336751689196));
#5068=CARTESIAN_POINT('Ctrl Pts',(-43.3865755151222,0.,148.238596621114));
#5069=CARTESIAN_POINT('Ctrl Pts',(-43.5073182722567,0.,148.140441553032));
#5070=CARTESIAN_POINT('Ctrl Pts',(-43.6188616091801,0.,148.03969471654));
#5071=CARTESIAN_POINT('Ctrl Pts',(-43.7214774418539,0.,147.93646837625));
#5072=CARTESIAN_POINT('Ctrl Pts',(-43.8240932745278,0.,147.83324203596));
#5073=CARTESIAN_POINT('Ctrl Pts',(-43.9177816029522,0.,147.727536191873));
#5074=CARTESIAN_POINT('Ctrl Pts',(-44.0028648090244,0.,147.619476168441));
#5075=CARTESIAN_POINT('Ctrl Pts',(-44.0879480150967,0.,147.511416145008));
#5076=CARTESIAN_POINT('Ctrl Pts',(-44.1644260988168,0.,147.40100194223));
#5077=CARTESIAN_POINT('Ctrl Pts',(-44.2326719080182,0.,147.288371944398));
#5078=CARTESIAN_POINT('Ctrl Pts',(-44.3009177172195,0.,147.175741946567));
#5079=CARTESIAN_POINT('Ctrl Pts',(-44.360931251902,0.,147.060896153681));
#5080=CARTESIAN_POINT('Ctrl Pts',(-44.4131358258348,0.,146.943986009873));
#5081=CARTESIAN_POINT('Ctrl Pts',(-44.4653403997676,0.,146.827075866065));
#5082=CARTESIAN_POINT('Ctrl Pts',(-44.5097360129507,2.18617441494649E-19,
146.708101371335));
#5083=CARTESIAN_POINT('Ctrl Pts',(-44.546796445089,2.16840434497101E-19,
146.587227029652));
#5084=CARTESIAN_POINT('Ctrl Pts',(-44.5838568772274,2.15063427499551E-19,
146.466352687969));
#5085=CARTESIAN_POINT('Ctrl Pts',(-44.613582128321,0.,146.343578499334));
#5086=CARTESIAN_POINT('Ctrl Pts',(-44.6364964440106,0.,146.219082027556));
#5087=CARTESIAN_POINT('Ctrl Pts',(-44.6594107597002,0.,146.094585555779));
#5088=CARTESIAN_POINT('Ctrl Pts',(-44.6755141399858,0.,145.96836680086));
#5089=CARTESIAN_POINT('Ctrl Pts',(-44.6853812964441,0.,145.840616386448));
#5090=CARTESIAN_POINT('Ctrl Pts',(-44.6952484529024,0.,145.712865972035));
#5091=CARTESIAN_POINT('Ctrl Pts',(-44.6988793855334,0.,145.58358389813));
#5092=CARTESIAN_POINT('Ctrl Pts',(-44.6968992718495,0.,145.452973848221));
#5093=CARTESIAN_POINT('Ctrl Pts',(-44.6949191581657,0.,145.322363798312));
#5094=CARTESIAN_POINT('Ctrl Pts',(-44.6873279981669,0.,145.190425772399));
#5095=CARTESIAN_POINT('Ctrl Pts',(-44.6748014353017,0.,145.057376513811));
#5096=CARTESIAN_POINT('Ctrl Pts',(-44.6622748724364,0.,144.924327255222));
#5097=CARTESIAN_POINT('Ctrl Pts',(-44.6448129067046,0.,144.790166763958));
#5098=CARTESIAN_POINT('Ctrl Pts',(-44.6231416474905,0.,144.655124843186));
#5099=CARTESIAN_POINT('Ctrl Pts',(-44.6014703882763,0.,144.520082922413));
#5100=CARTESIAN_POINT('Ctrl Pts',(-44.5755898355796,0.,144.384159572132));
#5101=CARTESIAN_POINT('Ctrl Pts',(-44.5462765647205,0.,144.247597655351));
#5102=CARTESIAN_POINT('Ctrl Pts',(-44.5169632938615,0.,144.11103573857));
#5103=CARTESIAN_POINT('Ctrl Pts',(-44.4842173048401,0.,143.973835255288));
#5104=CARTESIAN_POINT('Ctrl Pts',(-44.4488656389121,0.,143.836252128351));
#5105=CARTESIAN_POINT('Ctrl Pts',(-44.4135139729841,0.,143.698669001415));
#5106=CARTESIAN_POINT('Ctrl Pts',(-44.3755566301495,0.,143.560703230824));
#5107=CARTESIAN_POINT('Ctrl Pts',(-44.3358711175999,0.,143.422623799265));
#5108=CARTESIAN_POINT('Ctrl Pts',(-44.2961856050503,0.,143.284544367706));
#5109=CARTESIAN_POINT('Ctrl Pts',(-44.2547719227858,0.,143.146351275179));
#5110=CARTESIAN_POINT('Ctrl Pts',(-44.2125580439339,0.,143.008326564209));
#5111=CARTESIAN_POINT('Ctrl Pts',(-44.169230746369,0.,142.866661361055));
#5112=CARTESIAN_POINT('Ctrl Pts',(-44.125060247337,0.,142.725173477668));
#5113=CARTESIAN_POINT('Ctrl Pts',(-44.0811051863949,0.,142.584182174492));
#5114=CARTESIAN_POINT('Ctrl Pts',(-44.0382796763396,0.,142.446814045715));
#5115=CARTESIAN_POINT('Ctrl Pts',(-43.9956588988216,0.,142.309917361152));
#5116=CARTESIAN_POINT('Ctrl Pts',(-43.9542730899123,0.,142.173800627469));
#5117=CARTESIAN_POINT('Ctrl Pts',(-43.9128872810029,0.,142.037683893787));
#5118=CARTESIAN_POINT('Ctrl Pts',(-43.8727364407022,0.,141.902347110985));
#5119=CARTESIAN_POINT('Ctrl Pts',(-43.8349012710174,0.,141.768111845569));
#5120=CARTESIAN_POINT('Ctrl Pts',(-43.7970661013325,0.,141.633876580153));
#5121=CARTESIAN_POINT('Ctrl Pts',(-43.7615466022634,0.,141.500742832123));
#5122=CARTESIAN_POINT('Ctrl Pts',(-43.7294739417531,0.,141.369045227824));
#5123=CARTESIAN_POINT('Ctrl Pts',(-43.6974012812428,0.,141.237347623525));
#5124=CARTESIAN_POINT('Ctrl Pts',(-43.6687754592913,0.,141.107086162957));
#5125=CARTESIAN_POINT('Ctrl Pts',(-43.6447781097774,0.,140.978608532306));
#5126=CARTESIAN_POINT('Ctrl Pts',(-43.6207807602636,0.,140.850130901654));
#5127=CARTESIAN_POINT('Ctrl Pts',(-43.6014118831874,0.,140.723437100918));
#5128=CARTESIAN_POINT('Ctrl Pts',(-43.5879035783634,0.,140.598887876122));
#5129=CARTESIAN_POINT('Ctrl Pts',(-43.5743952735395,0.,140.474338651325));
#5130=CARTESIAN_POINT('Ctrl Pts',(-43.5667475409678,0.,140.351934002469));
#5131=CARTESIAN_POINT('Ctrl Pts',(-43.566242946399,0.,140.232047735415));
#5132=CARTESIAN_POINT('Ctrl Pts',(-43.5657383518302,0.,140.112161468362));
#5133=CARTESIAN_POINT('Ctrl Pts',(-43.5723768952642,0.,139.994793583112));
#5134=CARTESIAN_POINT('Ctrl Pts',(-43.5874916083874,0.,139.880330945368));
#5135=CARTESIAN_POINT('Ctrl Pts',(-43.6033538098763,0.,139.760207631876));
#5136=CARTESIAN_POINT('Ctrl Pts',(-43.6285508090396,0.,139.643283904138));
#5137=CARTESIAN_POINT('Ctrl Pts',(-43.664683124102,0.,139.530022377832));
#5138=CARTESIAN_POINT('Ctrl Pts',(-43.6991127445444,0.,139.422098173288));
#5139=CARTESIAN_POINT('Ctrl Pts',(-43.7434717618719,0.,139.317499258755));
#5140=CARTESIAN_POINT('Ctrl Pts',(-43.7991966354027,0.,139.21663926548));
#5141=CARTESIAN_POINT('Ctrl Pts',(-43.8549215089334,0.,139.115779272206));
#5142=CARTESIAN_POINT('Ctrl Pts',(-43.9220122386675,0.,139.01865820019));
#5143=CARTESIAN_POINT('Ctrl Pts',(-44.001955749859,0.,138.925702740521));
#5144=CARTESIAN_POINT('Ctrl Pts',(-44.0818992610505,0.,138.832747280851));
#5145=CARTESIAN_POINT('Ctrl Pts',(-44.1746955536993,0.,138.743957433527));
#5146=CARTESIAN_POINT('Ctrl Pts',(-44.2818820189955,0.,138.659772949475));
#5147=CARTESIAN_POINT('Ctrl Pts',(-44.3890684842919,0.,138.575588465424));
#5148=CARTESIAN_POINT('Ctrl Pts',(-44.5106451222357,0.,138.496009344645));
#5149=CARTESIAN_POINT('Ctrl Pts',(-44.6481997899527,0.,138.421488397904));
#5150=CARTESIAN_POINT('Ctrl Pts',(-44.7857544576696,0.,138.346967451164));
#5151=CARTESIAN_POINT('Ctrl Pts',(-44.9392871551597,0.,138.277504678462));
#5152=CARTESIAN_POINT('Ctrl Pts',(-45.1104362054846,0.,138.213565950404));
#5153=CARTESIAN_POINT('Ctrl Pts',(-45.2815852558095,0.,138.149627222347));
#5154=CARTESIAN_POINT('Ctrl Pts',(-45.4703506589692,0.,138.091212538933));
#5155=CARTESIAN_POINT('Ctrl Pts',(-45.6784212039611,0.,138.038800830608));
#5156=CARTESIAN_POINT('Ctrl Pts',(-45.8864917489529,0.,137.986389122283));
#5157=CARTESIAN_POINT('Ctrl Pts',(-46.113867435777,2.15386729463073E-19,
137.939980389048));
#5158=CARTESIAN_POINT('Ctrl Pts',(-46.3622875193666,2.16840434497101E-19,
137.900066621185));
#5159=CARTESIAN_POINT('Ctrl Pts',(-46.4482857017615,2.17343678795462E-19,
137.886249254091));
#5160=CARTESIAN_POINT('Ctrl Pts',(-46.5368063076357,0.,137.873210364422));
#5161=CARTESIAN_POINT('Ctrl Pts',(-46.6279229019619,0.,137.860970727863));
#5162=CARTESIAN_POINT('',(-37.4438320744476,0.,149.170592709036));
#5163=CARTESIAN_POINT('Ctrl Pts',(-37.4438320744476,0.,149.170592709036));
#5164=CARTESIAN_POINT('Ctrl Pts',(-39.8803776528654,0.,149.170592709036));
#5165=CARTESIAN_POINT('Ctrl Pts',(-41.7312761390694,0.,148.95545757781));
#5166=CARTESIAN_POINT('Ctrl Pts',(-42.9965275330596,0.,148.525187315357));
#5167=CARTESIAN_POINT('',(-31.8911366158355,0.,149.815998102716));
#5168=CARTESIAN_POINT('Ctrl Pts',(-31.8911366158355,0.,149.815998102716));
#5169=CARTESIAN_POINT('Ctrl Pts',(-32.6234695636562,0.,149.566955824511));
#5170=CARTESIAN_POINT('Ctrl Pts',(-33.4624249318311,0.,149.420957943534));
#5171=CARTESIAN_POINT('Ctrl Pts',(-35.272820898685,0.,149.210530533925));
#5172=CARTESIAN_POINT('Ctrl Pts',(-36.3940211782029,0.,149.170592709036));
#5173=CARTESIAN_POINT('Ctrl Pts',(-37.4438320744476,0.,149.170592709036));
#5174=CARTESIAN_POINT('',(-28.2597412469332,0.,160.48021469021));
#5175=CARTESIAN_POINT('Ctrl Pts',(-28.2597412469332,0.,160.48021469021));
#5176=CARTESIAN_POINT('Ctrl Pts',(-28.5280360022016,0.,160.446310194207));
#5177=CARTESIAN_POINT('Ctrl Pts',(-28.7742847536863,0.,160.405668656774));
#5178=CARTESIAN_POINT('Ctrl Pts',(-29.0002642778865,0.,160.358790375422));
#5179=CARTESIAN_POINT('Ctrl Pts',(-29.2262438020865,0.,160.31191209407));
#5180=CARTESIAN_POINT('Ctrl Pts',(-29.4319540990021,-1.53045009697248E-21,
160.2587970688));
#5181=CARTESIAN_POINT('Ctrl Pts',(-29.6191215067166,0.,160.199932431399));
#5182=CARTESIAN_POINT('Ctrl Pts',(-29.8062889144312,1.53045009697362E-21,
160.141067793999));
#5183=CARTESIAN_POINT('Ctrl Pts',(-29.9749134329448,0.,160.076453544468));
#5184=CARTESIAN_POINT('Ctrl Pts',(-30.1266709619251,0.,160.006563648871));
#5185=CARTESIAN_POINT('Ctrl Pts',(-30.2784284909052,0.,159.936673753274));
#5186=CARTESIAN_POINT('Ctrl Pts',(-30.4133190303521,0.,159.86150821161));
#5187=CARTESIAN_POINT('Ctrl Pts',(-30.5329680415178,0.,159.781527824218));
#5188=CARTESIAN_POINT('Ctrl Pts',(-30.6526170526834,0.,159.701547436826));
#5189=CARTESIAN_POINT('Ctrl Pts',(-30.7570245355679,0.,159.616752203707));
#5190=CARTESIAN_POINT('Ctrl Pts',(-30.8477655130073,0.,159.527589759473));
#5191=CARTESIAN_POINT('Ctrl Pts',(-30.9385064904469,0.,159.43842731524));
#5192=CARTESIAN_POINT('Ctrl Pts',(-31.0155809624414,0.,159.344897659893));
#5193=CARTESIAN_POINT('Ctrl Pts',(-31.0805135134117,0.,159.247435262321));
#5194=CARTESIAN_POINT('Ctrl Pts',(-31.1454460643819,0.,159.14997286475));
#5195=CARTESIAN_POINT('Ctrl Pts',(-31.1982366943278,0.,159.048577724954));
#5196=CARTESIAN_POINT('Ctrl Pts',(-31.2403595492543,0.,158.943671146099));
#5197=CARTESIAN_POINT('Ctrl Pts',(-31.2824824041807,0.,158.838764567244));
#5198=CARTESIAN_POINT('Ctrl Pts',(-31.3139374840877,0.,158.730346549329));
#5199=CARTESIAN_POINT('Ctrl Pts',(-31.3361484965644,0.,158.618825229795));
#5200=CARTESIAN_POINT('Ctrl Pts',(-31.3583595090411,0.,158.507303910261));
#5201=CARTESIAN_POINT('Ctrl Pts',(-31.3713264540875,0.,158.392679289107));
#5202=CARTESIAN_POINT('Ctrl Pts',(-31.3764226008772,0.,158.275346338049));
#5203=CARTESIAN_POINT('Ctrl Pts',(-31.3815187476668,0.,158.158013386991));
#5204=CARTESIAN_POINT('Ctrl Pts',(-31.3787440961995,0.,158.037972106029));
#5205=CARTESIAN_POINT('Ctrl Pts',(-31.3694214772332,0.,157.915604301153));
#5206=CARTESIAN_POINT('Ctrl Pts',(-31.3600988582669,0.,157.793236496278));
#5207=CARTESIAN_POINT('Ctrl Pts',(-31.3442282718015,0.,157.668542167489));
#5208=CARTESIAN_POINT('Ctrl Pts',(-31.323082110179,0.,157.541889955053));
#5209=CARTESIAN_POINT('Ctrl Pts',(-31.3019359485566,0.,157.415237742616));
#5210=CARTESIAN_POINT('Ctrl Pts',(-31.275514211777,0.,157.286627646532));
#5211=CARTESIAN_POINT('Ctrl Pts',(-31.2450388537667,0.,157.156415141342));
#5212=CARTESIAN_POINT('Ctrl Pts',(-31.2145634957564,0.,157.026202636152));
#5213=CARTESIAN_POINT('Ctrl Pts',(-31.1800345165153,0.,156.894387721857));
#5214=CARTESIAN_POINT('Ctrl Pts',(-31.1426234315541,0.,156.761312707271));
#5215=CARTESIAN_POINT('Ctrl Pts',(-31.1052123465928,0.,156.628237692685));
#5216=CARTESIAN_POINT('Ctrl Pts',(-31.0649191559114,0.,156.49390257781));
#5217=CARTESIAN_POINT('Ctrl Pts',(-31.0228649366046,0.,156.358636505737));
#5218=CARTESIAN_POINT('Ctrl Pts',(-30.9808107172978,0.,156.223370433665));
#5219=CARTESIAN_POINT('Ctrl Pts',(-30.9369954693657,0.,156.087173404394));
#5220=CARTESIAN_POINT('Ctrl Pts',(-30.8924898314874,0.,155.950361395294));
#5221=CARTESIAN_POINT('Ctrl Pts',(-30.8465446602536,0.,155.809124206375));
#5222=CARTESIAN_POINT('Ctrl Pts',(-30.799864009976,0.,155.667231688095));
#5223=CARTESIAN_POINT('Ctrl Pts',(-30.7535694150061,0.,155.525016761783));
#5224=CARTESIAN_POINT('Ctrl Pts',(-30.7087253013785,0.,155.387257649316));
#5225=CARTESIAN_POINT('Ctrl Pts',(-30.6642431543125,0.,155.249195943285));
#5226=CARTESIAN_POINT('Ctrl Pts',(-30.6210911042271,0.,155.111120863761));
#5227=CARTESIAN_POINT('Ctrl Pts',(-30.5779390541417,0.,154.973045784238));
#5228=CARTESIAN_POINT('Ctrl Pts',(-30.5361171010369,0.,154.834957331223));
#5229=CARTESIAN_POINT('Ctrl Pts',(-30.4965429369157,0.,154.697131559064));
#5230=CARTESIAN_POINT('Ctrl Pts',(-30.4569687727946,0.,154.559305786905));
#5231=CARTESIAN_POINT('Ctrl Pts',(-30.4196423976571,0.,154.421742695602));
#5232=CARTESIAN_POINT('Ctrl Pts',(-30.3854310650908,0.,154.284705173779));
#5233=CARTESIAN_POINT('Ctrl Pts',(-30.3512197325246,0.,154.147667651957));
#5234=CARTESIAN_POINT('Ctrl Pts',(-30.3201234425294,0.,154.011155699614));
#5235=CARTESIAN_POINT('Ctrl Pts',(-30.2929590102771,0.,153.87541903965));
#5236=CARTESIAN_POINT('Ctrl Pts',(-30.2657945780248,0.,153.739682379686));
#5237=CARTESIAN_POINT('Ctrl Pts',(-30.2425620035154,0.,153.604721012101));
#5238=CARTESIAN_POINT('Ctrl Pts',(-30.2240276635048,0.,153.47077149407));
#5239=CARTESIAN_POINT('Ctrl Pts',(-30.2054933234942,0.,153.336821976038));
#5240=CARTESIAN_POINT('Ctrl Pts',(-30.1916572179824,0.,153.203884307559));
#5241=CARTESIAN_POINT('Ctrl Pts',(-30.1832352853098,0.,153.072181880082));
#5242=CARTESIAN_POINT('Ctrl Pts',(-30.1748133526372,0.,152.940479452606));
#5243=CARTESIAN_POINT('Ctrl Pts',(-30.1718055928037,0.,152.810012266132));
#5244=CARTESIAN_POINT('Ctrl Pts',(-30.1748775057339,0.,152.680990546386));
#5245=CARTESIAN_POINT('Ctrl Pts',(-30.1779494186641,0.,152.551968826639));
#5246=CARTESIAN_POINT('Ctrl Pts',(-30.187101004358,0.,152.42439257362));
#5247=CARTESIAN_POINT('Ctrl Pts',(-30.2029473243244,0.,152.298458847329));
#5248=CARTESIAN_POINT('Ctrl Pts',(-30.2187936442909,0.,152.172525121037));
#5249=CARTESIAN_POINT('Ctrl Pts',(-30.2413346985298,2.15035765754276E-19,
152.048233921473));
#5250=CARTESIAN_POINT('Ctrl Pts',(-30.2711351101345,2.16840434497101E-19,
151.925769142912));
#5251=CARTESIAN_POINT('Ctrl Pts',(-30.3009355217392,2.18645103239927E-19,
151.803304364351));
#5252=CARTESIAN_POINT('Ctrl Pts',(-30.3379952907095,0.,151.682666006793));
#5253=CARTESIAN_POINT('Ctrl Pts',(-30.3828286017229,0.,151.564024798789));
#5254=CARTESIAN_POINT('Ctrl Pts',(-30.4276619127364,0.,151.445383590785));
#5255=CARTESIAN_POINT('Ctrl Pts',(-30.4802687657929,0.,151.328739532334));
#5256=CARTESIAN_POINT('Ctrl Pts',(-30.5411129071542,0.,151.214250186263));
#5257=CARTESIAN_POINT('Ctrl Pts',(-30.6019570485155,0.,151.099760840192));
#5258=CARTESIAN_POINT('Ctrl Pts',(-30.6710384781816,0.,150.987426206502));
#5259=CARTESIAN_POINT('Ctrl Pts',(-30.7487705039984,0.,150.877390682292));
#5260=CARTESIAN_POINT('Ctrl Pts',(-30.8265025298153,0.,150.767355158082));
#5261=CARTESIAN_POINT('Ctrl Pts',(-30.912885151783,0.,150.659618743354));
#5262=CARTESIAN_POINT('Ctrl Pts',(-31.0082812393317,0.,150.554312669483));
#5263=CARTESIAN_POINT('Ctrl Pts',(-31.1036773268803,0.,150.449006595612));
#5264=CARTESIAN_POINT('Ctrl Pts',(-31.2080868800099,0.,150.3461308626));
#5265=CARTESIAN_POINT('Ctrl Pts',(-31.3218223297352,0.,150.245803536097));
#5266=CARTESIAN_POINT('Ctrl Pts',(-31.4355577794605,0.,150.145476209594));
#5267=CARTESIAN_POINT('Ctrl Pts',(-31.5586191257813,0.,150.047697289601));
#5268=CARTESIAN_POINT('Ctrl Pts',(-31.6912683612966,0.,149.952571676046));
#5269=CARTESIAN_POINT('Ctrl Pts',(-31.7556263870051,0.,149.906419154631));
#5270=CARTESIAN_POINT('Ctrl Pts',(-31.8222405905705,0.,149.860891008932));
#5271=CARTESIAN_POINT('Ctrl Pts',(-31.8911366158355,0.,149.815998102716));
#5272=CARTESIAN_POINT('',(-26.4011148675777,0.,160.48021469021));
#5273=CARTESIAN_POINT('Origin',(-27.3304280572555,0.,152.882459752179));
#5274=CARTESIAN_POINT('',(-22.7697194986754,0.,149.815998102716));
#5275=CARTESIAN_POINT('Ctrl Pts',(-22.7697194986754,0.,149.815998102716));
#5276=CARTESIAN_POINT('Ctrl Pts',(-22.9116897869997,0.,149.908452533892));
#5277=CARTESIAN_POINT('Ctrl Pts',(-23.0439705418932,0.,150.003611974548));
#5278=CARTESIAN_POINT('Ctrl Pts',(-23.1667987403057,0.,150.101377850685));
#5279=CARTESIAN_POINT('Ctrl Pts',(-23.2896269387183,0.,150.199143726822));
#5280=CARTESIAN_POINT('Ctrl Pts',(-23.40300258065,0.,150.299516038441));
#5281=CARTESIAN_POINT('Ctrl Pts',(-23.5072130729187,0.,150.402383013115));
#5282=CARTESIAN_POINT('Ctrl Pts',(-23.6114235651875,0.,150.50524998779));
#5283=CARTESIAN_POINT('Ctrl Pts',(-23.7064689077933,0.,150.61061162552));
#5284=CARTESIAN_POINT('Ctrl Pts',(-23.7926869374225,0.,150.718342955453));
#5285=CARTESIAN_POINT('Ctrl Pts',(-23.8789049670517,0.,150.826074285386));
#5286=CARTESIAN_POINT('Ctrl Pts',(-23.9562956837043,0.,150.936175307522));
#5287=CARTESIAN_POINT('Ctrl Pts',(-24.0252473539344,0.,151.04850785258));
#5288=CARTESIAN_POINT('Ctrl Pts',(-24.0941990241646,0.,151.160840397638));
#5289=CARTESIAN_POINT('Ctrl Pts',(-24.1547116479724,0.,151.275404465618));
#5290=CARTESIAN_POINT('Ctrl Pts',(-24.2072239217804,0.,151.392048688813));
#5291=CARTESIAN_POINT('Ctrl Pts',(-24.2597361955884,0.,151.508692912007));
#5292=CARTESIAN_POINT('Ctrl Pts',(-24.3042481193966,0.,151.627417290417));
#5293=CARTESIAN_POINT('Ctrl Pts',(-24.3412488194957,0.,151.748057257905));
#5294=CARTESIAN_POINT('Ctrl Pts',(-24.3782495195947,0.,151.868697225394));
#5295=CARTESIAN_POINT('Ctrl Pts',(-24.4077389959846,0.,151.991252781962));
#5296=CARTESIAN_POINT('Ctrl Pts',(-24.4302568048242,0.,152.115546163048));
#5297=CARTESIAN_POINT('Ctrl Pts',(-24.4527746136638,0.,152.239839544133));
#5298=CARTESIAN_POINT('Ctrl Pts',(-24.4683207549532,2.18761313619983E-19,
152.365870749735));
#5299=CARTESIAN_POINT('Ctrl Pts',(-24.4774852147192,2.16840434497101E-19,
152.493448816865));
#5300=CARTESIAN_POINT('Ctrl Pts',(-24.4866496744853,2.1491955537422E-19,
152.621026883995));
#5301=CARTESIAN_POINT('Ctrl Pts',(-24.489432452728,0.,152.750151812652));
#5302=CARTESIAN_POINT('Ctrl Pts',(-24.4864739653427,0.,152.88061944142));
#5303=CARTESIAN_POINT('Ctrl Pts',(-24.4835154779573,0.,153.011087070187));
#5304=CARTESIAN_POINT('Ctrl Pts',(-24.4748157249437,0.,153.142897399065));
#5305=CARTESIAN_POINT('Ctrl Pts',(-24.4610655520654,0.,153.275833068209));
#5306=CARTESIAN_POINT('Ctrl Pts',(-24.4473153791871,0.,153.408768737353));
#5307=CARTESIAN_POINT('Ctrl Pts',(-24.4285147864439,0.,153.542829746763));
#5308=CARTESIAN_POINT('Ctrl Pts',(-24.4054050494674,0.,153.677785538167));
#5309=CARTESIAN_POINT('Ctrl Pts',(-24.3822953124909,0.,153.812741329571));
#5310=CARTESIAN_POINT('Ctrl Pts',(-24.3548764312811,0.,153.948591902969));
#5311=CARTESIAN_POINT('Ctrl Pts',(-24.3239401113375,0.,154.085093501663));
#5312=CARTESIAN_POINT('Ctrl Pts',(-24.293003791394,0.,154.221595100356));
#5313=CARTESIAN_POINT('Ctrl Pts',(-24.2585500327168,0.,154.358747724345));
#5314=CARTESIAN_POINT('Ctrl Pts',(-24.2214209706736,0.,154.496294418503));
#5315=CARTESIAN_POINT('Ctrl Pts',(-24.1842919086305,0.,154.63384111266));
#5316=CARTESIAN_POINT('Ctrl Pts',(-24.1444875432215,0.,154.771781876987));
#5317=CARTESIAN_POINT('Ctrl Pts',(-24.1029004396825,0.,154.909846557928));
#5318=CARTESIAN_POINT('Ctrl Pts',(-24.0613133361435,0.,155.04791123887));
#5319=CARTESIAN_POINT('Ctrl Pts',(-24.0179434944746,0.,155.186099836427));
#5320=CARTESIAN_POINT('Ctrl Pts',(-23.9737339097798,0.,155.324128998618));
#5321=CARTESIAN_POINT('Ctrl Pts',(-23.9280932479131,0.,155.466626205113));
#5322=CARTESIAN_POINT('Ctrl Pts',(-23.8815573029897,0.,155.608953564361));
#5323=CARTESIAN_POINT('Ctrl Pts',(-23.8352200269576,0.,155.750784550373));
#5324=CARTESIAN_POINT('Ctrl Pts',(-23.7903356706515,0.,155.888168381633));
#5325=CARTESIAN_POINT('Ctrl Pts',(-23.7456379963844,0.,156.025086407161));
#5326=CARTESIAN_POINT('Ctrl Pts',(-23.7021724914263,0.,156.161228450886));
#5327=CARTESIAN_POINT('Ctrl Pts',(-23.6587069864681,0.,156.297370494611));
#5328=CARTESIAN_POINT('Ctrl Pts',(-23.6164736508189,0.,156.432736556533));
#5329=CARTESIAN_POINT('Ctrl Pts',(-23.5765684016167,0.,156.567003262151));
#5330=CARTESIAN_POINT('Ctrl Pts',(-23.5366631524145,0.,156.701269967769));
#5331=CARTESIAN_POINT('Ctrl Pts',(-23.4990859896594,0.,156.834437317084));
#5332=CARTESIAN_POINT('Ctrl Pts',(-23.4649832603578,0.,156.966168737168));
#5333=CARTESIAN_POINT('Ctrl Pts',(-23.4308805310561,0.,157.097900157252));
#5334=CARTESIAN_POINT('Ctrl Pts',(-23.4002522352078,0.,157.228195648105));
#5335=CARTESIAN_POINT('Ctrl Pts',(-23.3742951496875,0.,157.356705438373));
#5336=CARTESIAN_POINT('Ctrl Pts',(-23.3483380641671,0.,157.485215228641));
#5337=CARTESIAN_POINT('Ctrl Pts',(-23.3270521889746,0.,157.611939318324));
#5338=CARTESIAN_POINT('Ctrl Pts',(-23.3116847308527,0.,157.73651473764));
#5339=CARTESIAN_POINT('Ctrl Pts',(-23.2963172727307,0.,157.861090156955));
#5340=CARTESIAN_POINT('Ctrl Pts',(-23.2868682316793,0.,157.983516905904));
#5341=CARTESIAN_POINT('Ctrl Pts',(-23.2846352443092,0.,158.103418816276));
#5342=CARTESIAN_POINT('Ctrl Pts',(-23.2824022569392,0.,158.223320726648));
#5343=CARTESIAN_POINT('Ctrl Pts',(-23.2873853232505,0.,158.340697798443));
#5344=CARTESIAN_POINT('Ctrl Pts',(-23.3009325097221,0.,158.455160665026));
#5345=CARTESIAN_POINT('Ctrl Pts',(-23.3144796961937,0.,158.569623531608));
#5346=CARTESIAN_POINT('Ctrl Pts',(-23.3365910028256,0.,158.681172192977));
#5347=CARTESIAN_POINT('Ctrl Pts',(-23.368664925965,0.,158.78940408407));
#5348=CARTESIAN_POINT('Ctrl Pts',(-23.4007388491043,0.,158.897635975162));
#5349=CARTESIAN_POINT('Ctrl Pts',(-23.4427753887511,0.,159.002551095978));
#5350=CARTESIAN_POINT('Ctrl Pts',(-23.4962234711206,0.,159.103733683025));
#5351=CARTESIAN_POINT('Ctrl Pts',(-23.5496715534901,0.,159.204916270072));
#5352=CARTESIAN_POINT('Ctrl Pts',(-23.6145311785822,0.,159.302366323351));
#5353=CARTESIAN_POINT('Ctrl Pts',(-23.6923017024806,0.,159.395654880943));
#5354=CARTESIAN_POINT('Ctrl Pts',(-23.7700722263789,0.,159.488943438536));
#5355=CARTESIAN_POINT('Ctrl Pts',(-23.8607536490834,0.,159.578070500441));
#5356=CARTESIAN_POINT('Ctrl Pts',(-23.9658957565457,0.,159.662593906314));
#5357=CARTESIAN_POINT('Ctrl Pts',(-24.0710378640078,0.,159.747117312187));
#5358=CARTESIAN_POINT('Ctrl Pts',(-24.1906406562276,0.,159.827037062027));
#5359=CARTESIAN_POINT('Ctrl Pts',(-24.3263043490249,0.,159.901897797062));
#5360=CARTESIAN_POINT('Ctrl Pts',(-24.4619680418223,0.,159.976758532096));
#5361=CARTESIAN_POINT('Ctrl Pts',(-24.6136926351973,0.,160.046560252325));
#5362=CARTESIAN_POINT('Ctrl Pts',(-24.7831287748376,0.,160.110834400547));
#5363=CARTESIAN_POINT('Ctrl Pts',(-24.952564914478,0.,160.175108548769));
#5364=CARTESIAN_POINT('Ctrl Pts',(-25.1397126003839,0.,160.233855124985));
#5365=CARTESIAN_POINT('Ctrl Pts',(-25.3462729081112,0.,160.286592373566));
#5366=CARTESIAN_POINT('Ctrl Pts',(-25.5528332158386,0.,160.339329622148));
#5367=CARTESIAN_POINT('Ctrl Pts',(-25.7788061453874,0.,160.386057543095));
#5368=CARTESIAN_POINT('Ctrl Pts',(-26.0259432021821,0.,160.426281182353));
#5369=CARTESIAN_POINT('Ctrl Pts',(-26.1459416830851,0.,160.445811946658));
#5370=CARTESIAN_POINT('Ctrl Pts',(-26.2709306405464,0.,160.463809043449));
#5371=CARTESIAN_POINT('Ctrl Pts',(-26.4011148675777,0.,160.480214690209));
#5372=CARTESIAN_POINT('',(-17.2170240400634,0.,149.170592709036));
#5373=CARTESIAN_POINT('Ctrl Pts',(-17.2170240400634,0.,149.170592709036));
#5374=CARTESIAN_POINT('Ctrl Pts',(-19.6535696184812,0.,149.170592709036));
#5375=CARTESIAN_POINT('Ctrl Pts',(-21.5044681046852,0.,149.385727840263));
#5376=CARTESIAN_POINT('Ctrl Pts',(-22.7697194986754,0.,149.815998102716));
#5377=CARTESIAN_POINT('',(-2.00000000000001,0.,149.170592709036));
#5378=CARTESIAN_POINT('',(-1.00000000000001,0.,149.170592709036));
#5379=CARTESIAN_POINT('',(-2.00000000000001,0.,159.757080980092));
#5380=CARTESIAN_POINT('',(-2.00000000000001,0.,323.75));
#5381=CARTESIAN_POINT('',(-5.33466185950035,0.,157.834048115669));
#5382=CARTESIAN_POINT('',(68.9697504829081,0.,200.683918035472));
#5383=CARTESIAN_POINT('',(-8.83872975792143,0.,159.854774057836));
#5384=CARTESIAN_POINT('',(-74.6341779883671,0.,197.797694392067));
#5385=CARTESIAN_POINT('',(-8.83872975792137,0.,163.896225942161));
#5386=CARTESIAN_POINT('',(-8.83872975791917,0.,323.75));
#5387=CARTESIAN_POINT('',(-5.33466185950071,0.,165.916951884325));
#5388=CARTESIAN_POINT('',(65.471784430063,0.,206.749614674389));
#5389=CARTESIAN_POINT('',(-1.99999999999999,0.,163.993919019903));
#5390=CARTESIAN_POINT('',(-71.136211935522,0.,203.863391030982));
#5391=CARTESIAN_POINT('',(-2.,0.,317.519098593253));
#5392=CARTESIAN_POINT('',(-2.00000000000001,0.,323.75));
#5393=CARTESIAN_POINT('',(-3.31158731507916,0.,315.249999999998));
#5394=CARTESIAN_POINT('',(0.699625550392514,0.,322.189558934159));
#5395=CARTESIAN_POINT('',(-7.35773640390743,0.,315.25));
#5396=CARTESIAN_POINT('',(-2.00000000000001,0.,315.25));
#5397=CARTESIAN_POINT('',(-9.38081094831663,0.,318.749999999998));
#5398=CARTESIAN_POINT('',(-9.69871154081675,0.,319.299980759143));
#5399=CARTESIAN_POINT('',(-8.80278964991214,0.,319.75));
#5400=CARTESIAN_POINT('',(-5.36607108614432,0.,325.695660779732));
#5401=CARTESIAN_POINT('',(-106.187641216366,0.,319.75));
#5402=CARTESIAN_POINT('',(-112.764312078722,0.,319.75));
#5403=CARTESIAN_POINT('',(-105.609619917965,0.,318.750000000002));
#5404=CARTESIAN_POINT('',(-81.8283773157628,0.,277.607497694494));
#5405=CARTESIAN_POINT('',(-107.632694462378,0.,315.25));
#5406=CARTESIAN_POINT('',(-77.4957368610949,0.,367.388143844385));
#5407=CARTESIAN_POINT('',(-111.678843551206,0.,315.25));
#5408=CARTESIAN_POINT('',(-2.00000000000001,0.,315.25));
#5409=CARTESIAN_POINT('',(-112.764312078722,0.,317.127904033145));
#5410=CARTESIAN_POINT('',(-87.894073952305,0.,274.101395848919));
#5411=CARTESIAN_POINT('',(-112.764312078722,0.,164.124317206612));
#5412=CARTESIAN_POINT('',(-112.764312078722,0.,323.75));
#5413=CARTESIAN_POINT('',(-109.655769006793,0.,165.916951884327));
#5414=CARTESIAN_POINT('',(39.4369228081644,0.,251.895728229728));
#5415=CARTESIAN_POINT('',(-106.151701108371,0.,163.896225942165));
#5416=CARTESIAN_POINT('',(-97.171073557419,0.,158.717277475643));
#5417=CARTESIAN_POINT('',(-106.151701108371,0.,159.854774057835));
#5418=CARTESIAN_POINT('',(-106.15170110837,0.,323.750000000001));
#5419=CARTESIAN_POINT('',(-109.655769006797,0.,157.83404811567));
#5420=CARTESIAN_POINT('',(42.934888861011,0.,245.830031590814));
#5421=CARTESIAN_POINT('',(-112.764312078722,0.,159.626682793387));
#5422=CARTESIAN_POINT('',(-100.669039610266,0.,152.651580836728));
#5423=CARTESIAN_POINT('',(-112.764312078722,0.,323.75));
#5424=CARTESIAN_POINT('Origin',(-112.764312078722,2.,323.75));
#5425=CARTESIAN_POINT('',(-113.157950239659,0.0391203508998171,159.854774057839));
#5426=CARTESIAN_POINT('Origin',(-112.764312078722,2.,159.682306135405));
#5427=CARTESIAN_POINT('',(-113.157950239659,0.0391203509002985,163.896225942161));
#5428=CARTESIAN_POINT('',(-113.157950239657,0.0391203508997087,323.75));
#5429=CARTESIAN_POINT('Origin',(-112.764312078722,2.,164.068693864594));
#5430=CARTESIAN_POINT('',(-113.690940997739,0.227612106100011,318.749999999996));
#5431=CARTESIAN_POINT('Origin',(-112.764312078721,2.00000000001672,317.294774059197));
#5432=CARTESIAN_POINT('',(-113.122338734942,0.0323067023958678,319.75));
#5433=CARTESIAN_POINT('Origin',(-112.764312078898,1.99999999951818,320.205225940557));
#5434=CARTESIAN_POINT('',(-114.764312078722,2.,319.75));
#5435=CARTESIAN_POINT('Origin',(-112.764312078722,1.99999999999999,319.75));
#5436=CARTESIAN_POINT('',(-114.763997583397,2.0354666377653,319.75));
#5437=CARTESIAN_POINT('Origin',(-112.764312078722,1.99999999999999,319.75));
#5438=CARTESIAN_POINT('',(-114.763997583397,2.0354666377653,323.75));
#5439=CARTESIAN_POINT('Origin',(0.,0.,323.75));
#5440=CARTESIAN_POINT('',(-114.043492868972,13.,319.75));
#5441=CARTESIAN_POINT('Origin',(0.,0.,319.75));
#5442=CARTESIAN_POINT('',(-114.043492868972,13.,284.154437906651));
#5443=CARTESIAN_POINT('',(-114.043492868972,13.,323.75));
#5444=CARTESIAN_POINT('',(-114.425153265374,9.0444770965999,284.154437906651));
#5445=CARTESIAN_POINT('Origin',(0.,0.,284.154437906651));
#5446=CARTESIAN_POINT('',(-114.712031374805,4.00850640775395,279.154437906651));
#5447=CARTESIAN_POINT('Ctrl Pts',(-114.425153265374,9.0444770965999,284.154437906651));
#5448=CARTESIAN_POINT('Ctrl Pts',(-114.451279607714,8.71394270588211,284.154437904434));
#5449=CARTESIAN_POINT('Ctrl Pts',(-114.475547877008,8.38869571448532,284.122374059671));
#5450=CARTESIAN_POINT('Ctrl Pts',(-114.49810899721,8.06853777513084,284.059484754757));
#5451=CARTESIAN_POINT('Ctrl Pts',(-114.498204184872,8.06718699620346,284.059219418379));
#5452=CARTESIAN_POINT('Ctrl Pts',(-114.49829934212,8.06583630820619,284.058953533118));
#5453=CARTESIAN_POINT('Ctrl Pts',(-114.498394468963,8.06448571112835,284.058687099067));
#5454=CARTESIAN_POINT('Ctrl Pts',(-114.509572694677,7.90577888926891,284.027378796834));
#5455=CARTESIAN_POINT('Ctrl Pts',(-114.520330529403,7.74833224531839,283.988436581265));
#5456=CARTESIAN_POINT('Ctrl Pts',(-114.530681950573,7.59217740113182,283.941681973687));
#5457=CARTESIAN_POINT('Ctrl Pts',(-114.530809658023,7.59025088915434,283.941105153212));
#5458=CARTESIAN_POINT('Ctrl Pts',(-114.530937303795,7.58832457105957,283.94052714267));
#5459=CARTESIAN_POINT('Ctrl Pts',(-114.531064887914,7.586398446949,283.939947941719));
#5460=CARTESIAN_POINT('Ctrl Pts',(-114.541366733944,7.43087255354047,283.893180059671));
#5461=CARTESIAN_POINT('Ctrl Pts',(-114.551289111775,7.27619581152285,283.838390249512));
#5462=CARTESIAN_POINT('Ctrl Pts',(-114.560628990336,7.12604731035541,283.776907646252));
#5463=CARTESIAN_POINT('Ctrl Pts',(-114.560777148001,7.12366551801699,283.775932353178));
#5464=CARTESIAN_POINT('Ctrl Pts',(-114.560925160016,7.12128485036621,283.774955371036));
#5465=CARTESIAN_POINT('Ctrl Pts',(-114.561073025567,7.11890532212318,283.773976705092));
#5466=CARTESIAN_POINT('Ctrl Pts',(-114.576406383077,6.87215307428501,283.672491033659));
#5467=CARTESIAN_POINT('Ctrl Pts',(-114.590319417611,6.63541175334849,283.552512210518));
#5468=CARTESIAN_POINT('Ctrl Pts',(-114.602995035921,6.40873249113788,283.414131345514));
#5469=CARTESIAN_POINT('Ctrl Pts',(-114.605799585978,6.35857846139271,283.383513820329));
#5470=CARTESIAN_POINT('Ctrl Pts',(-114.60854357776,6.30891691480441,283.351995619624));
#5471=CARTESIAN_POINT('Ctrl Pts',(-114.611229021968,6.25974824385691,283.319578032909));
#5472=CARTESIAN_POINT('Ctrl Pts',(-114.611381596322,6.25695471039732,283.317736217553));
#5473=CARTESIAN_POINT('Ctrl Pts',(-114.611533982252,6.25416275761712,283.315891491538));
#5474=CARTESIAN_POINT('Ctrl Pts',(-114.611686180121,6.25137238562692,283.314043855047));
#5475=CARTESIAN_POINT('Ctrl Pts',(-114.622549575842,6.05220458315427,283.182165488674));
#5476=CARTESIAN_POINT('Ctrl Pts',(-114.632470007412,5.86055120226172,283.0344342056));
#5477=CARTESIAN_POINT('Ctrl Pts',(-114.641356926448,5.68128236399073,282.874810816707));
#5478=CARTESIAN_POINT('Ctrl Pts',(-114.64453699962,5.61713324539898,282.817691577229));
#5479=CARTESIAN_POINT('Ctrl Pts',(-114.6475847473,5.55457004929042,282.759050089249));
#5480=CARTESIAN_POINT('Ctrl Pts',(-114.650496069358,5.49381607593679,282.699069361497));
#5481=CARTESIAN_POINT('Ctrl Pts',(-114.650619799982,5.49123404384028,282.696520192189));
#5482=CARTESIAN_POINT('Ctrl Pts',(-114.65074328541,5.4886552542069,282.693968583226));
#5483=CARTESIAN_POINT('Ctrl Pts',(-114.650866525314,5.48607972440389,282.691414548571));
#5484=CARTESIAN_POINT('Ctrl Pts',(-114.659370013382,5.30836953248838,282.515187510458));
#5485=CARTESIAN_POINT('Ctrl Pts',(-114.666806430065,5.1443794995965,282.326485289694));
#5486=CARTESIAN_POINT('Ctrl Pts',(-114.673333110299,4.99450553643124,282.125084269886));
#5487=CARTESIAN_POINT('Ctrl Pts',(-114.675244405359,4.95061593940309,282.066105315745));
#5488=CARTESIAN_POINT('Ctrl Pts',(-114.677077712191,4.90793667473913,282.006037599563));
#5489=CARTESIAN_POINT('Ctrl Pts',(-114.67883704806,4.86647711703923,281.944876144492));
#5490=CARTESIAN_POINT('Ctrl Pts',(-114.678917653649,4.86457760930952,281.942073976232));
#5491=CARTESIAN_POINT('Ctrl Pts',(-114.678998104196,4.86268065650283,281.939269504871));
#5492=CARTESIAN_POINT('Ctrl Pts',(-114.679078400088,4.86078625952468,281.936462729924));
#5493=CARTESIAN_POINT('Ctrl Pts',(-114.684849656881,4.72462672193671,281.734726143879));
#5494=CARTESIAN_POINT('Ctrl Pts',(-114.689746530035,4.60344431063037,281.523163005519));
#5495=CARTESIAN_POINT('Ctrl Pts',(-114.693856291458,4.49864129439576,281.305028797794));
#5496=CARTESIAN_POINT('Ctrl Pts',(-114.695260887825,4.46282268579176,281.230476899477));
#5497=CARTESIAN_POINT('Ctrl Pts',(-114.696573567749,4.42891700664794,281.155157798183));
#5498=CARTESIAN_POINT('Ctrl Pts',(-114.697797885242,4.39697922858219,281.079202374838));
#5499=CARTESIAN_POINT('Ctrl Pts',(-114.697836205374,4.39597960237171,281.076825032499));
#5500=CARTESIAN_POINT('Ctrl Pts',(-114.697874438747,4.39498190910244,281.074447080315));
#5501=CARTESIAN_POINT('Ctrl Pts',(-114.697912585487,4.39398615004805,281.0720685215));
#5502=CARTESIAN_POINT('Ctrl Pts',(-114.700084220683,4.33729912019911,280.936660830307));
#5503=CARTESIAN_POINT('Ctrl Pts',(-114.70199368958,4.28659692503914,280.798359376448));
#5504=CARTESIAN_POINT('Ctrl Pts',(-114.703650213135,4.24202399952107,280.657690345666));
#5505=CARTESIAN_POINT('Ctrl Pts',(-114.705297151143,4.1977089971891,280.517835302393));
#5506=CARTESIAN_POINT('Ctrl Pts',(-114.706694051144,4.15945233774429,280.375639125664));
#5507=CARTESIAN_POINT('Ctrl Pts',(-114.707848069995,4.12744585215509,280.231608100343));
#5508=CARTESIAN_POINT('Ctrl Pts',(-114.70809693743,4.12054356285494,280.200547401655));
#5509=CARTESIAN_POINT('Ctrl Pts',(-114.708334502685,4.11393213678369,280.169401358924));
#5510=CARTESIAN_POINT('Ctrl Pts',(-114.708560826619,4.10761381859528,280.138175044348));
#5511=CARTESIAN_POINT('Ctrl Pts',(-114.709278417548,4.08758072830171,280.03916775146));
#5512=CARTESIAN_POINT('Ctrl Pts',(-114.709879840069,4.07058299801958,279.939815352936));
#5513=CARTESIAN_POINT('Ctrl Pts',(-114.710370360145,4.05660183122778,279.840123090894));
#5514=CARTESIAN_POINT('Ctrl Pts',(-114.710859748958,4.04265290850955,279.740660744186));
#5515=CARTESIAN_POINT('Ctrl Pts',(-114.71123873778,4.03170652758306,279.640859494332));
#5516=CARTESIAN_POINT('Ctrl Pts',(-114.711510633809,4.023794589364,279.540713884054));
#5517=CARTESIAN_POINT('Ctrl Pts',(-114.711778992334,4.01598558944112,279.441871218542));
#5518=CARTESIAN_POINT('Ctrl Pts',(-114.711943016683,4.01113252628178,279.342692523443));
#5519=CARTESIAN_POINT('Ctrl Pts',(-114.712004153089,4.00931661560816,279.24317088573));
#5520=CARTESIAN_POINT('Ctrl Pts',(-114.712022304147,4.00877748186969,279.213623467249));
#5521=CARTESIAN_POINT('Ctrl Pts',(-114.712031374801,4.00850640788707,279.184045839579));
#5522=CARTESIAN_POINT('Ctrl Pts',(-114.712031374805,4.00850640775395,279.154437906651));
#5523=CARTESIAN_POINT('',(-114.425153265374,9.0444770965999,274.154437906651));
#5524=CARTESIAN_POINT('Ctrl Pts',(-114.712031374805,4.00850640775395,279.154437906651));
#5525=CARTESIAN_POINT('Ctrl Pts',(-114.712031374726,4.00850641002061,278.824182505805));
#5526=CARTESIAN_POINT('Ctrl Pts',(-114.710903042522,4.04117339479043,278.499542710224));
#5527=CARTESIAN_POINT('Ctrl Pts',(-114.708614823525,4.10511279059918,278.180279795525));
#5528=CARTESIAN_POINT('Ctrl Pts',(-114.708605108457,4.10538425742612,278.178924304292));
#5529=CARTESIAN_POINT('Ctrl Pts',(-114.708595372163,4.10565629222983,278.177568910343));
#5530=CARTESIAN_POINT('Ctrl Pts',(-114.708585614621,4.10592889511714,278.176213613689));
#5531=CARTESIAN_POINT('Ctrl Pts',(-114.7074457667,4.13777358118146,278.017891752605));
#5532=CARTESIAN_POINT('Ctrl Pts',(-114.706015823808,4.17737475087195,277.860892665007));
#5533=CARTESIAN_POINT('Ctrl Pts',(-114.704265909405,4.22488436996799,277.705274935232));
#5534=CARTESIAN_POINT('Ctrl Pts',(-114.704244197881,4.22547383093673,277.703344156171));
#5535=CARTESIAN_POINT('Ctrl Pts',(-114.704222435474,4.22606455035346,277.701413524386));
#5536=CARTESIAN_POINT('Ctrl Pts',(-114.704200622221,4.22665652553955,277.699483047008));
#5537=CARTESIAN_POINT('Ctrl Pts',(-114.702448624621,4.27420280986083,277.544430895368));
#5538=CARTESIAN_POINT('Ctrl Pts',(-114.700367805337,4.32987178381734,277.39032997035));
#5539=CARTESIAN_POINT('Ctrl Pts',(-114.697978518827,4.39226472903134,277.240923243269));
#5540=CARTESIAN_POINT('Ctrl Pts',(-114.697940430377,4.39325935671976,277.238541498552));
#5541=CARTESIAN_POINT('Ctrl Pts',(-114.697902262799,4.39425572871517,277.236160736551));
#5542=CARTESIAN_POINT('Ctrl Pts',(-114.697864015938,4.395253844665,277.233780957472));
#5543=CARTESIAN_POINT('Ctrl Pts',(-114.693547643271,4.50789682516674,276.965209547049));
#5544=CARTESIAN_POINT('Ctrl Pts',(-114.688219555674,4.64279662164002,276.70906041627));
#5545=CARTESIAN_POINT('Ctrl Pts',(-114.681654821849,4.79962221992542,276.465242585046));
#5546=CARTESIAN_POINT('Ctrl Pts',(-114.680881085004,4.81810609861564,276.436505572312));
#5547=CARTESIAN_POINT('Ctrl Pts',(-114.680090174128,4.83689451757725,276.40793982194));
#5548=CARTESIAN_POINT('Ctrl Pts',(-114.679281725058,4.85598690008442,276.379545154003));
#5549=CARTESIAN_POINT('Ctrl Pts',(-114.679202540109,4.85785693665005,276.376763988934));
#5550=CARTESIAN_POINT('Ctrl Pts',(-114.67912317615,4.85973009449851,276.373984357214));
#5551=CARTESIAN_POINT('Ctrl Pts',(-114.679043633259,4.86160636221655,276.371206272023));
#5552=CARTESIAN_POINT('Ctrl Pts',(-114.673488506335,4.99264139461587,276.177189991951));
#5553=CARTESIAN_POINT('Ctrl Pts',(-114.667058256877,5.13889843992242,275.990663534487));
#5554=CARTESIAN_POINT('Ctrl Pts',(-114.659779257474,5.2965058850621,275.816135585921));
#5555=CARTESIAN_POINT('Ctrl Pts',(-114.65697448957,5.35723570231826,275.748885904834));
#5556=CARTESIAN_POINT('Ctrl Pts',(-114.65404372234,5.41965069847355,275.683417189011));
#5557=CARTESIAN_POINT('Ctrl Pts',(-114.650988530695,5.48352940072412,275.619985204478));
#5558=CARTESIAN_POINT('Ctrl Pts',(-114.650865419269,5.4861034448472,275.617429161207));
#5559=CARTESIAN_POINT('Ctrl Pts',(-114.65074209886,5.48868006011793,275.61487605003));
#5560=CARTESIAN_POINT('Ctrl Pts',(-114.650618568873,5.49125924684166,275.612325871669));
#5561=CARTESIAN_POINT('Ctrl Pts',(-114.642877729204,5.65288049638276,275.452522391985));
#5562=CARTESIAN_POINT('Ctrl Pts',(-114.634314909426,5.8245793356503,275.304243149198));
#5563=CARTESIAN_POINT('Ctrl Pts',(-114.624778163308,6.0065555806887,275.167571239249));
#5564=CARTESIAN_POINT('Ctrl Pts',(-114.620725035209,6.08389569471387,275.109485519889));
#5565=CARTESIAN_POINT('Ctrl Pts',(-114.616495965631,6.16309259328846,275.0534968672));
#5566=CARTESIAN_POINT('Ctrl Pts',(-114.612079154191,6.24416349146451,274.999613817888));
#5567=CARTESIAN_POINT('Ctrl Pts',(-114.611925746913,6.24697929329813,274.997742320317));
#5568=CARTESIAN_POINT('Ctrl Pts',(-114.61177213196,6.24979696287772,274.995873695626));
#5569=CARTESIAN_POINT('Ctrl Pts',(-114.611618309488,6.25261649170052,274.994007947119));
#5570=CARTESIAN_POINT('Ctrl Pts',(-114.601486484833,6.43833039505675,274.871116691327));
#5571=CARTESIAN_POINT('Ctrl Pts',(-114.590461430602,6.63198181191353,274.760791825078));
#5572=CARTESIAN_POINT('Ctrl Pts',(-114.578590812127,6.83112042553757,274.663935212377));
#5573=CARTESIAN_POINT('Ctrl Pts',(-114.573021912386,6.92454293558698,274.61849657188));
#5574=CARTESIAN_POINT('Ctrl Pts',(-114.567266869112,7.01917377018072,274.576022518625));
#5575=CARTESIAN_POINT('Ctrl Pts',(-114.561330362952,7.11476290694812,274.53660865552));
#5576=CARTESIAN_POINT('Ctrl Pts',(-114.561182754311,7.11713968921395,274.535628646974));
#5577=CARTESIAN_POINT('Ctrl Pts',(-114.561035012021,7.1195173504085,274.534650444451));
#5578=CARTESIAN_POINT('Ctrl Pts',(-114.56088713624,7.12189588707287,274.53367404879));
#5579=CARTESIAN_POINT('Ctrl Pts',(-114.552494560707,7.25688789538341,274.478259468386));
#5580=CARTESIAN_POINT('Ctrl Pts',(-114.543676887279,7.394624071896,274.428696150444));
#5581=CARTESIAN_POINT('Ctrl Pts',(-114.534455786363,7.53458832522078,274.38509747276));
#5582=CARTESIAN_POINT('Ctrl Pts',(-114.525219132555,7.67478865111284,274.341425258788));
#5583=CARTESIAN_POINT('Ctrl Pts',(-114.51557765,7.81722545265851,274.303737568412));
#5584=CARTESIAN_POINT('Ctrl Pts',(-114.505549940721,7.96139596991477,274.272197504205));
#5585=CARTESIAN_POINT('Ctrl Pts',(-114.50319659722,7.99523049187249,274.264795553963));
#5586=CARTESIAN_POINT('Ctrl Pts',(-114.500821969352,8.02916053745219,274.257732416531));
#5587=CARTESIAN_POINT('Ctrl Pts',(-114.498426275858,8.0631796541518,274.25101061541));
#5588=CARTESIAN_POINT('Ctrl Pts',(-114.491389496173,8.16310271602713,274.231266923791));
#5589=CARTESIAN_POINT('Ctrl Pts',(-114.484202215886,8.26335296004318,274.214551012584));
#5590=CARTESIAN_POINT('Ctrl Pts',(-114.476861141618,8.36392430688805,274.200842619448));
#5591=CARTESIAN_POINT('Ctrl Pts',(-114.469533811072,8.46430736730895,274.187159890722));
#5592=CARTESIAN_POINT('Ctrl Pts',(-114.462053231777,8.56501094520771,274.176473304753));
#5593=CARTESIAN_POINT('Ctrl Pts',(-114.454413188921,8.66603974299688,274.16881327071));
#5594=CARTESIAN_POINT('Ctrl Pts',(-114.44686903359,8.76580056342539,274.161249375094));
#5595=CARTESIAN_POINT('Ctrl Pts',(-114.439169361285,8.86587907426225,274.156636475837));
#5596=CARTESIAN_POINT('Ctrl Pts',(-114.43130577926,8.96628139328183,274.155054440038));
#5597=CARTESIAN_POINT('Ctrl Pts',(-114.429266037659,8.99232484095691,274.154644074351));
#5598=CARTESIAN_POINT('Ctrl Pts',(-114.427215256217,9.018390058543,274.154437906764));
#5599=CARTESIAN_POINT('Ctrl Pts',(-114.425153265374,9.0444770965999,274.154437906651));
#5600=CARTESIAN_POINT('',(-114.043492868972,13.,274.154437906651));
#5601=CARTESIAN_POINT('Origin',(0.,0.,274.15443790665));
#5602=CARTESIAN_POINT('',(-114.043492868972,13.,323.75));
#5603=CARTESIAN_POINT('Origin',(-114.043492868972,13.,323.75));
#5604=CARTESIAN_POINT('',(-113.042500826892,12.9517249420116,275.154437906651));
#5605=CARTESIAN_POINT('Ctrl Pts',(-114.043492868972,13.,274.154437906651));
#5606=CARTESIAN_POINT('Ctrl Pts',(-114.043492868972,13.,274.277766884877));
#5607=CARTESIAN_POINT('Ctrl Pts',(-114.014610343861,12.9986070762643,274.422909272208));
#5608=CARTESIAN_POINT('Ctrl Pts',(-113.920176385347,12.9940527894851,274.650874262072));
#5609=CARTESIAN_POINT('Ctrl Pts',(-113.837869379832,12.9900833518702,274.774000525813));
#5610=CARTESIAN_POINT('Ctrl Pts',(-113.663238760626,12.9816614035286,274.94860701877));
#5611=CARTESIAN_POINT('Ctrl Pts',(-113.53996902234,12.9757164474113,275.03093564802));
#5612=CARTESIAN_POINT('Ctrl Pts',(-113.311629672587,12.9647042765978,275.125508007771));
#5613=CARTESIAN_POINT('Ctrl Pts',(-113.166123730555,12.9576869303114,275.154437906651));
#5614=CARTESIAN_POINT('Ctrl Pts',(-113.042500826892,12.9517249420116,275.154437906651));
#5615=CARTESIAN_POINT('',(-106.052780128327,12.614630182153,275.154437906651));
#5616=CARTESIAN_POINT('',(-123.871350444793,13.4739701959946,275.154437906651));
#5617=CARTESIAN_POINT('',(-105.053941035747,12.5664589549222,274.154437906651));
#5618=CARTESIAN_POINT('Origin',(-106.052780128327,12.6146301821531,274.154437906651));
#5619=CARTESIAN_POINT('',(-105.053941035747,12.5664589549222,161.8745));
#5620=CARTESIAN_POINT('',(-111.237897615834,12.8646939557526,161.8755));
#5621=CARTESIAN_POINT('',(-106.84300560848,12.6527405559368,161.8755));
#5622=CARTESIAN_POINT('Origin',(-109.040451612157,12.7587172558447,161.8755));
#5623=CARTESIAN_POINT('Origin',(-109.040451612157,12.7587172558447,161.8755));
#5624=CARTESIAN_POINT('Ctrl Pts',(-104.973501788712,14.1376116574218,11.5));
#5625=CARTESIAN_POINT('Ctrl Pts',(-104.97350178871,14.1376116574217,372.3988));
#5626=CARTESIAN_POINT('Ctrl Pts',(-105.001295504021,13.6230381180874,11.5));
#5627=CARTESIAN_POINT('Ctrl Pts',(-105.00129550402,13.6230381180874,372.3988));
#5628=CARTESIAN_POINT('Ctrl Pts',(-105.028242515199,13.099322420709,11.5));
#5629=CARTESIAN_POINT('Ctrl Pts',(-105.028242515198,13.0993224207089,372.3988));
#5630=CARTESIAN_POINT('Ctrl Pts',(-105.197808848735,9.58333386416225,11.5));
#5631=CARTESIAN_POINT('Ctrl Pts',(-105.197808848734,9.58333386416218,372.3988));
#5632=CARTESIAN_POINT('Ctrl Pts',(-105.288756103692,6.59768161262651,11.5));
#5633=CARTESIAN_POINT('Ctrl Pts',(-105.28875610369,6.59768161262644,372.3988));
#5634=CARTESIAN_POINT('Ctrl Pts',(-105.326729834646,3.61145109472471,11.5));
#5635=CARTESIAN_POINT('Ctrl Pts',(-105.326729834644,3.61145109472464,372.3988));
#5636=CARTESIAN_POINT('',(-105.210356207948,8.71136571397004,274.154437906651));
#5637=CARTESIAN_POINT('Origin',(147.21879550027,0.400115523850058,274.15443790726));
#5638=CARTESIAN_POINT('',(-105.210356207948,8.71136571397003,312.249));
#5639=CARTESIAN_POINT('Origin',(-100.213064188938,8.54682855482571,161.8745));
#5640=CARTESIAN_POINT('',(-105.212715462192,8.60588061532415,274.154437906651));
#5641=CARTESIAN_POINT('Origin',(-100.213064188938,8.54682855482569,274.154437906651));
#5642=CARTESIAN_POINT('',(-105.112900201132,7.55103387035994,274.315431333612));
#5643=CARTESIAN_POINT('Origin',(-47.9531491637628,13.8820410808704,356.259019107811));
#5644=CARTESIAN_POINT('',(-105.112900201124,7.55103387032211,268.654437906651));
#5645=CARTESIAN_POINT('',(-105.112900201132,7.55103387035997,161.8745));
#5646=CARTESIAN_POINT('',(-102.678127839354,4.19671807353923,265.654437906651));
#5647=CARTESIAN_POINT('Ctrl Pts',(-105.112900201124,7.55103387032211,268.654437906651));
#5648=CARTESIAN_POINT('Ctrl Pts',(-105.112900201124,7.5510338703221,268.537599959239));
#5649=CARTESIAN_POINT('Ctrl Pts',(-105.107798021222,7.52536161837665,268.423204653933));
#5650=CARTESIAN_POINT('Ctrl Pts',(-105.089686905992,7.44212729807362,268.208193562046));
#5651=CARTESIAN_POINT('Ctrl Pts',(-105.076800364544,7.38567790124162,268.10731968875));
#5652=CARTESIAN_POINT('Ctrl Pts',(-105.029203801094,7.19716158068229,267.819909502436));
#5653=CARTESIAN_POINT('Ctrl Pts',(-104.986386768535,7.04963504751694,267.650088759152));
#5654=CARTESIAN_POINT('Ctrl Pts',(-104.879564081548,6.74405968459044,267.32535690943));
#5655=CARTESIAN_POINT('Ctrl Pts',(-104.815007757224,6.58386002705542,267.171081069806));
#5656=CARTESIAN_POINT('Ctrl Pts',(-104.665197422008,6.26436503448286,266.879985983064));
#5657=CARTESIAN_POINT('Ctrl Pts',(-104.579811685539,6.10421320127552,266.742621340083));
#5658=CARTESIAN_POINT('Ctrl Pts',(-104.385501327742,5.78537571488898,266.483385749757));
#5659=CARTESIAN_POINT('Ctrl Pts',(-104.276628098864,5.62664246081218,266.361534919867));
#5660=CARTESIAN_POINT('Ctrl Pts',(-104.030279513016,5.31125972642025,266.136292481757));
#5661=CARTESIAN_POINT('Ctrl Pts',(-103.892716141341,5.15494245922051,266.033337850364));
#5662=CARTESIAN_POINT('Ctrl Pts',(-103.593139311252,4.85632426084445,265.859358531464));
#5663=CARTESIAN_POINT('Ctrl Pts',(-103.430213370166,4.71262194868839,265.787143552595));
#5664=CARTESIAN_POINT('Ctrl Pts',(-103.070778681167,4.43773412493884,265.683772233352));
#5665=CARTESIAN_POINT('Ctrl Pts',(-102.880349339937,4.31131030575119,265.654437906651));
#5666=CARTESIAN_POINT('Ctrl Pts',(-102.678127839354,4.19671807353923,265.654437906651));
#5667=CARTESIAN_POINT('',(-100.276640427923,3.54723276498064,265.654437906651));
#5668=CARTESIAN_POINT('Origin',(-100.213064188938,8.54682855482569,265.654437906651));
#5669=CARTESIAN_POINT('',(-100.276640427923,3.54723276498063,312.249));
#5670=CARTESIAN_POINT('Origin',(-102.826931939723,3.57966297523202,11.4999999999998));
#5671=CARTESIAN_POINT('',(-41.3292508337254,2.79764150081933,265.654437906651));
#5672=CARTESIAN_POINT('',(-102.826931939723,3.57966297523202,265.654437906651));
#5673=CARTESIAN_POINT('',(-38.3294505085232,2.75949521251921,268.654437906651));
#5674=CARTESIAN_POINT('Ctrl Pts',(-41.3292508337254,2.79764150081933,265.654437906651));
#5675=CARTESIAN_POINT('Ctrl Pts',(-41.1311840629511,2.79512282913403,265.654437910395));
#5676=CARTESIAN_POINT('Ctrl Pts',(-40.93642519122,2.79264622160531,265.673863153324));
#5677=CARTESIAN_POINT('Ctrl Pts',(-40.7448389110173,2.79020995762548,265.711919069057));
#5678=CARTESIAN_POINT('Ctrl Pts',(-40.5532526308146,2.78777369364566,265.749974984791));
#5679=CARTESIAN_POINT('Ctrl Pts',(-40.3628579263845,2.785352582072,265.807582739663));
#5680=CARTESIAN_POINT('Ctrl Pts',(-40.1812989480271,2.78304382802804,265.882790263988));
#5681=CARTESIAN_POINT('Ctrl Pts',(-39.9997399696698,2.78073507398408,265.957997788313));
#5682=CARTESIAN_POINT('Ctrl Pts',(-39.8275119402152,2.77854497485989,266.0500437968));
#5683=CARTESIAN_POINT('Ctrl Pts',(-39.6645298011838,2.77647244902841,266.158774793602));
#5684=CARTESIAN_POINT('Ctrl Pts',(-39.5015476621525,2.77439992319694,266.267505790404));
#5685=CARTESIAN_POINT('Ctrl Pts',(-39.3471909269047,2.77243708037892,266.394089363826));
#5686=CARTESIAN_POINT('Ctrl Pts',(-39.2088377963546,2.77067774381213,266.532351817025));
#5687=CARTESIAN_POINT('Ctrl Pts',(-39.0704846658045,2.76891840724534,266.670614270223));
#5688=CARTESIAN_POINT('Ctrl Pts',(-38.9463060828637,2.76733931813539,266.821495821883));
#5689=CARTESIAN_POINT('Ctrl Pts',(-38.8366358081729,2.76594472067463,266.985293606852));
#5690=CARTESIAN_POINT('Ctrl Pts',(-38.7269655334821,2.76455012321387,267.14909139182));
#5691=CARTESIAN_POINT('Ctrl Pts',(-38.6337004757206,2.76336413901626,267.32358411689));
#5692=CARTESIAN_POINT('Ctrl Pts',(-38.5588177812928,2.76241191002077,267.503925577252));
#5693=CARTESIAN_POINT('Ctrl Pts',(-38.5148799782042,2.76185318479835,267.609741849418));
#5694=CARTESIAN_POINT('Ctrl Pts',(-38.4770261836233,2.76137182550614,267.718405531156));
#5695=CARTESIAN_POINT('Ctrl Pts',(-38.445434223569,2.76097009342881,267.829132367909));
#5696=CARTESIAN_POINT('Ctrl Pts',(-38.413829785933,2.76056820268312,267.939902937408));
#5697=CARTESIAN_POINT('Ctrl Pts',(-38.3884918183824,2.76024599809937,268.052739442704));
#5698=CARTESIAN_POINT('Ctrl Pts',(-38.3696471281147,2.76000636382043,268.166874436603));
#5699=CARTESIAN_POINT('Ctrl Pts',(-38.3513192096305,2.75977330095403,268.27787954386));
#5700=CARTESIAN_POINT('Ctrl Pts',(-38.3391332573801,2.75961834102424,268.390113949285));
#5701=CARTESIAN_POINT('Ctrl Pts',(-38.3333464685705,2.75954475462171,268.502872176562));
#5702=CARTESIAN_POINT('Ctrl Pts',(-38.3307579486616,2.75951183828861,268.553310671176));
#5703=CARTESIAN_POINT('Ctrl Pts',(-38.3294505091464,2.75949521252714,268.60385389209));
#5704=CARTESIAN_POINT('Ctrl Pts',(-38.3294505085233,2.75949521251921,268.654437906651));
#5705=CARTESIAN_POINT('',(-38.3294505085232,2.75949521251921,289.654437906651));
#5706=CARTESIAN_POINT('',(-38.3294505085232,2.75949521251921,11.4999999999998));
#5707=CARTESIAN_POINT('',(-41.3292508337254,2.79764150081933,292.654437906651));
#5708=CARTESIAN_POINT('Ctrl Pts',(-38.3294505085232,2.75949521251921,289.654437906651));
#5709=CARTESIAN_POINT('Ctrl Pts',(-38.3294505122625,2.75949521256676,289.85252072099));
#5710=CARTESIAN_POINT('Ctrl Pts',(-38.3488750131582,2.75974221987756,290.047295208733));
#5711=CARTESIAN_POINT('Ctrl Pts',(-38.3869294206707,2.76022613021915,290.238896704165));
#5712=CARTESIAN_POINT('Ctrl Pts',(-38.4249838281832,2.76071004056074,290.430498199597));
#5713=CARTESIAN_POINT('Ctrl Pts',(-38.4825893897912,2.76144256877013,290.620908030156));
#5714=CARTESIAN_POINT('Ctrl Pts',(-38.5577934829949,2.7623988847611,290.802480289547));
#5715=CARTESIAN_POINT('Ctrl Pts',(-38.6329975761986,2.76335520075207,290.984052548938));
#5716=CARTESIAN_POINT('Ctrl Pts',(-38.7250392269081,2.76452562776819,291.156292869547));
#5717=CARTESIAN_POINT('Ctrl Pts',(-38.8337648872799,2.76590821325274,291.319286352376));
#5718=CARTESIAN_POINT('Ctrl Pts',(-38.9424905476518,2.76729079873729,291.482279835205));
#5719=CARTESIAN_POINT('Ctrl Pts',(-39.0690670664427,2.76890038066087,291.636646073095));
#5720=CARTESIAN_POINT('Ctrl Pts',(-39.2073211502584,2.77065845772207,291.77500726013));
#5721=CARTESIAN_POINT('Ctrl Pts',(-39.345575234074,2.77241653478326,291.913368447165));
#5722=CARTESIAN_POINT('Ctrl Pts',(-39.4964474486125,2.77433506747489,292.037554087919));
#5723=CARTESIAN_POINT('Ctrl Pts',(-39.6602349050864,2.77641783394508,292.147230399186));
#5724=CARTESIAN_POINT('Ctrl Pts',(-39.8240223615604,2.77850060041527,292.256906710453));
#5725=CARTESIAN_POINT('Ctrl Pts',(-39.9985010902054,2.78071932005111,292.350175162508));
#5726=CARTESIAN_POINT('Ctrl Pts',(-40.1788291257776,2.78301242108712,292.425061180862));
#5727=CARTESIAN_POINT('Ctrl Pts',(-40.2846125502771,2.78435759228882,292.468990564574));
#5728=CARTESIAN_POINT('Ctrl Pts',(-40.3932416490177,2.78573894986904,292.506838432874));
#5729=CARTESIAN_POINT('Ctrl Pts',(-40.5039328050566,2.78714652913858,292.538427178933));
#5730=CARTESIAN_POINT('Ctrl Pts',(-40.6146682980011,2.78855467220845,292.57002857774));
#5731=CARTESIAN_POINT('Ctrl Pts',(-40.7274686509766,2.78998907260797,292.595366150891));
#5732=CARTESIAN_POINT('Ctrl Pts',(-40.8415670446767,2.79143997925136,292.614213303974));
#5733=CARTESIAN_POINT('Ctrl Pts',(-40.9525370317323,2.79285110421302,292.632543696417));
#5734=CARTESIAN_POINT('Ctrl Pts',(-41.0647359036989,2.79427785601414,292.644734772527));
#5735=CARTESIAN_POINT('Ctrl Pts',(-41.1774587580262,2.79571127091948,292.650529525204));
#5736=CARTESIAN_POINT('Ctrl Pts',(-41.2279723888536,2.79635361618107,292.653126283415));
#5737=CARTESIAN_POINT('Ctrl Pts',(-41.2785911567044,2.79699729839406,292.654437906024));
#5738=CARTESIAN_POINT('Ctrl Pts',(-41.3292508337254,2.79764150081933,292.654437906651));
#5739=CARTESIAN_POINT('',(-100.276640427923,3.54723276498063,292.654437906651));
#5740=CARTESIAN_POINT('',(-102.826931939723,3.57966297523202,292.654437906651));
#5741=CARTESIAN_POINT('',(-100.276640427923,3.54723276498063,309.749));
#5742=CARTESIAN_POINT('',(-100.276640427923,3.54723276498063,312.249));
#5743=CARTESIAN_POINT('',(-14.0566266115204,2.45083528923891,309.749));
#5744=CARTESIAN_POINT('',(-11.6343047329481,2.42003237613853,309.749));
#5745=CARTESIAN_POINT('',(-14.056626611521,2.45083528923892,149.170592709036));
#5746=CARTESIAN_POINT('',(-14.0566266115214,2.45083528923892,11.4999999999997));
#5747=CARTESIAN_POINT('',(-17.2170240400634,2.49102377459886,149.170592709036));
#5748=CARTESIAN_POINT('',(-51.3990157036874,2.92569140821379,149.170592709036));
#5749=CARTESIAN_POINT('',(-22.7697194986754,2.56163338152085,149.815998102716));
#5750=CARTESIAN_POINT('Ctrl Pts',(-22.7697194986754,2.56163338152085,149.815998102716));
#5751=CARTESIAN_POINT('Ctrl Pts',(-22.6067316243108,2.55956078275729,149.760571303099));
#5752=CARTESIAN_POINT('Ctrl Pts',(-22.4384937771353,2.55742102653157,149.710237140837));
#5753=CARTESIAN_POINT('Ctrl Pts',(-22.2669445745241,2.55523931216791,149.664503647772));
#5754=CARTESIAN_POINT('Ctrl Pts',(-22.0594341785742,2.55260025349225,149.609183220107));
#5755=CARTESIAN_POINT('Ctrl Pts',(-21.8470793517112,2.54989980186448,149.56059420242));
#5756=CARTESIAN_POINT('Ctrl Pts',(-21.633385737983,2.54718255805498,149.517838502694));
#5757=CARTESIAN_POINT('Ctrl Pts',(-21.3989394548792,2.54420143147702,149.470930620389));
#5758=CARTESIAN_POINT('Ctrl Pts',(-21.1628868832268,2.54120009283144,149.431042172545));
#5759=CARTESIAN_POINT('Ctrl Pts',(-20.9298905703576,2.53823743974364,149.396974999902));
#5760=CARTESIAN_POINT('Ctrl Pts',(-20.7619812405683,2.53610239696874,149.372424413433));
#5761=CARTESIAN_POINT('Ctrl Pts',(-20.5956603008636,2.53398744514151,149.350896622827));
#5762=CARTESIAN_POINT('Ctrl Pts',(-20.432655213012,2.53191462748651,149.331949651164));
#5763=CARTESIAN_POINT('Ctrl Pts',(-20.1570608046691,2.52841009297925,149.29991580784));
#5764=CARTESIAN_POINT('Ctrl Pts',(-19.8761539106862,2.52483772818851,149.273545515027));
#5765=CARTESIAN_POINT('Ctrl Pts',(-19.5926194512006,2.52123210132503,149.252088216888));
#5766=CARTESIAN_POINT('Ctrl Pts',(-19.212458484503,2.5163977027251,149.223318425666));
#5767=CARTESIAN_POINT('Ctrl Pts',(-18.827575135023,2.51150350805287,149.203380387382));
#5768=CARTESIAN_POINT('Ctrl Pts',(-18.4445356380237,2.50663283973796,149.190430241303));
#5769=CARTESIAN_POINT('Ctrl Pts',(-18.100634977146,2.5022598545353,149.178803336428));
#5770=CARTESIAN_POINT('Ctrl Pts',(-17.7582264254081,2.49790583349187,149.172807105807));
#5771=CARTESIAN_POINT('Ctrl Pts',(-17.4220610619573,2.49363107840837,149.171107489256));
#5772=CARTESIAN_POINT('Ctrl Pts',(-17.3534420504033,2.49275850347842,149.170760558785));
#5773=CARTESIAN_POINT('Ctrl Pts',(-17.2850830116692,2.49188923125292,149.170592709036));
#5774=CARTESIAN_POINT('Ctrl Pts',(-17.2170240400634,2.49102377459886,149.170592709036));
#5775=CARTESIAN_POINT('',(-26.4011148675777,2.60781120659477,160.48021469021));
#5776=CARTESIAN_POINT('Ctrl Pts',(-26.4011148675777,2.60781120659477,160.480214690209));
#5777=CARTESIAN_POINT('Ctrl Pts',(-26.2051917272679,2.60531979390569,160.455524711205));
#5778=CARTESIAN_POINT('Ctrl Pts',(-26.0210421276748,2.60297739244242,160.427232713251));
#5779=CARTESIAN_POINT('Ctrl Pts',(-25.8479011198835,2.60077515158407,160.395519353578));
#5780=CARTESIAN_POINT('Ctrl Pts',(-25.6708365079975,2.59852300503694,160.363087327255));
#5781=CARTESIAN_POINT('Ctrl Pts',(-25.5052853004829,2.59641744352132,160.3270770574));
#5782=CARTESIAN_POINT('Ctrl Pts',(-25.3504832478899,2.59444900097766,160.28766580499));
#5783=CARTESIAN_POINT('Ctrl Pts',(-25.1893975454372,2.59240065636872,160.246654790131));
#5784=CARTESIAN_POINT('Ctrl Pts',(-25.039951471936,2.59050078839236,160.201961059999));
#5785=CARTESIAN_POINT('Ctrl Pts',(-24.9013392032442,2.58873873083999,160.153767870123));
#5786=CARTESIAN_POINT('Ctrl Pts',(-24.7924558433582,2.58735459112115,160.115910929415));
#5787=CARTESIAN_POINT('Ctrl Pts',(-24.6902586599219,2.58605548719271,160.075894297699));
#5788=CARTESIAN_POINT('Ctrl Pts',(-24.5943785339061,2.58483624906592,160.033800361911));
#5789=CARTESIAN_POINT('Ctrl Pts',(-24.4872779854397,2.58347432895258,159.986780361028));
#5790=CARTESIAN_POINT('Ctrl Pts',(-24.3874515069087,2.58220450822828,159.936903592623));
#5791=CARTESIAN_POINT('Ctrl Pts',(-24.294590148736,2.58102345592735,159.884139768487));
#5792=CARTESIAN_POINT('Ctrl Pts',(-24.1929998503852,2.57973138505977,159.826416160503));
#5793=CARTESIAN_POINT('Ctrl Pts',(-24.0997458127528,2.57854555537945,159.765237232823));
#5794=CARTESIAN_POINT('Ctrl Pts',(-24.0144873461131,2.57746160552806,159.700541703842));
#5795=CARTESIAN_POINT('Ctrl Pts',(-23.933424211802,2.57643099383807,159.639029662143));
#5796=CARTESIAN_POINT('Ctrl Pts',(-23.859590535361,2.57549248221701,159.57433816722));
#5797=CARTESIAN_POINT('Ctrl Pts',(-23.7927344641433,2.57464232197606,159.506399769529));
#5798=CARTESIAN_POINT('Ctrl Pts',(-23.6975213923221,2.57343156629439,159.409645302492));
#5799=CARTESIAN_POINT('Ctrl Pts',(-23.6150941371276,2.57238349052726,159.304915190547));
#5800=CARTESIAN_POINT('Ctrl Pts',(-23.5459933236695,2.57150478026854,159.191391706129));
#5801=CARTESIAN_POINT('Ctrl Pts',(-23.4975382631753,2.57088860866921,159.111786459394));
#5802=CARTESIAN_POINT('Ctrl Pts',(-23.4556384702081,2.57035571634387,159.027856183301));
#5803=CARTESIAN_POINT('Ctrl Pts',(-23.4204624594196,2.5699084084889,158.939316427333));
#5804=CARTESIAN_POINT('Ctrl Pts',(-23.3786188362617,2.56937631343608,158.833993961819));
#5805=CARTESIAN_POINT('Ctrl Pts',(-23.3477475484312,2.56898380945675,158.725814819859));
#5806=CARTESIAN_POINT('Ctrl Pts',(-23.3260715707887,2.56870815492351,158.615679715074));
#5807=CARTESIAN_POINT('Ctrl Pts',(-23.3044836631076,2.56843362038054,158.505992091579));
#5808=CARTESIAN_POINT('Ctrl Pts',(-23.2920112662619,2.56827498768902,158.394365931909));
#5809=CARTESIAN_POINT('Ctrl Pts',(-23.2868842625663,2.56820979129596,158.28170691362));
#5810=CARTESIAN_POINT('Ctrl Pts',(-23.2804668060822,2.56812818514933,158.140691928974));
#5811=CARTESIAN_POINT('Ctrl Pts',(-23.285451348026,2.56819123963406,157.995716609041));
#5812=CARTESIAN_POINT('Ctrl Pts',(-23.2995336991215,2.56837022514454,157.84755665782));
#5813=CARTESIAN_POINT('Ctrl Pts',(-23.3118675008539,2.56852698673813,157.717793136755));
#5814=CARTESIAN_POINT('Ctrl Pts',(-23.331179662651,2.56877267730303,157.58558696029));
#5815=CARTESIAN_POINT('Ctrl Pts',(-23.3559622758737,2.569087995162,157.451451881052));
#5816=CARTESIAN_POINT('Ctrl Pts',(-23.3701365666968,2.56926833962344,157.37473399801));
#5817=CARTESIAN_POINT('Ctrl Pts',(-23.3861011528785,2.56947146063785,157.297384972231));
#5818=CARTESIAN_POINT('Ctrl Pts',(-23.4035816101261,2.56969374695344,157.219499269047));
#5819=CARTESIAN_POINT('Ctrl Pts',(-23.4809256876055,2.57067727557467,156.87488598026));
#5820=CARTESIAN_POINT('Ctrl Pts',(-23.5890135758359,2.57205185382498,156.515039768414));
#5821=CARTESIAN_POINT('Ctrl Pts',(-23.7072188650264,2.57355503389177,156.145435973154));
#5822=CARTESIAN_POINT('Ctrl Pts',(-23.8113497181642,2.57487923371267,155.819840064654));
#5823=CARTESIAN_POINT('Ctrl Pts',(-23.9233343135084,2.57630323390014,155.486671256064));
#5824=CARTESIAN_POINT('Ctrl Pts',(-24.0290607419128,2.57764761459662,155.149714409642));
#5825=CARTESIAN_POINT('Ctrl Pts',(-24.1043649723041,2.57860515714514,154.909715041671));
#5826=CARTESIAN_POINT('Ctrl Pts',(-24.1764935296886,2.57952230809683,154.667794926488));
#5827=CARTESIAN_POINT('Ctrl Pts',(-24.2403431252636,2.58033423716431,154.425337452036));
#5828=CARTESIAN_POINT('Ctrl Pts',(-24.3047672239124,2.58115347177132,154.180698404418));
#5829=CARTESIAN_POINT('Ctrl Pts',(-24.3608225924939,2.58186649765217,153.935299176498));
#5830=CARTESIAN_POINT('Ctrl Pts',(-24.4032047401801,2.5824055011937,153.690562581132));
#5831=CARTESIAN_POINT('Ctrl Pts',(-24.450268343154,2.5830040420904,153.418792824612));
#5832=CARTESIAN_POINT('Ctrl Pts',(-24.4804698720077,2.58338799301424,153.147839730059));
#5833=CARTESIAN_POINT('Ctrl Pts',(-24.4864948632072,2.58346449506877,152.879693632712));
#5834=CARTESIAN_POINT('Ctrl Pts',(-24.489987778941,2.58350884620906,152.724239177862));
#5835=CARTESIAN_POINT('Ctrl Pts',(-24.4853541558421,2.58344986500481,152.56972896646));
#5836=CARTESIAN_POINT('Ctrl Pts',(-24.471167071099,2.58326945812233,152.41655668658));
#5837=CARTESIAN_POINT('Ctrl Pts',(-24.4516089676651,2.58302075188481,152.205395666022));
#5838=CARTESIAN_POINT('Ctrl Pts',(-24.4142030093856,2.58254516998568,152.000172906352));
#5839=CARTESIAN_POINT('Ctrl Pts',(-24.3569402287695,2.58181703679358,151.800892615478));
#5840=CARTESIAN_POINT('Ctrl Pts',(-24.3107313402394,2.5812294609695,151.64008099145));
#5841=CARTESIAN_POINT('Ctrl Pts',(-24.2515970456402,2.58047742685356,151.483137103277));
#5842=CARTESIAN_POINT('Ctrl Pts',(-24.1784681886537,2.57954744231937,151.330060643807));
#5843=CARTESIAN_POINT('Ctrl Pts',(-24.1613588050391,2.57932986115092,151.294246548314));
#5844=CARTESIAN_POINT('Ctrl Pts',(-24.1434831718761,2.57910253928241,151.258644191435));
#5845=CARTESIAN_POINT('Ctrl Pts',(-24.1248271312574,2.57886530392445,151.223253672789));
#5846=CARTESIAN_POINT('Ctrl Pts',(-24.0482564790047,2.57789161039171,151.077999106092));
#5847=CARTESIAN_POINT('Ctrl Pts',(-23.9606856521435,2.57677801996077,150.940396749689));
#5848=CARTESIAN_POINT('Ctrl Pts',(-23.8633842934565,2.5755407237179,150.809849370129));
#5849=CARTESIAN_POINT('Ctrl Pts',(-23.7780064746976,2.57445504869959,150.695299576971));
#5850=CARTESIAN_POINT('Ctrl Pts',(-23.6851405928233,2.57327412863325,150.586180117355));
#5851=CARTESIAN_POINT('Ctrl Pts',(-23.5856439542211,2.57200890193495,150.482075069754));
#5852=CARTESIAN_POINT('Ctrl Pts',(-23.4686599102259,2.57052130056653,150.359672648529));
#5853=CARTESIAN_POINT('Ctrl Pts',(-23.3434022149203,2.56892847771242,150.24514703684));
#5854=CARTESIAN_POINT('Ctrl Pts',(-23.2120855482157,2.5672586396749,150.137891277099));
#5855=CARTESIAN_POINT('Ctrl Pts',(-23.0707242236756,2.56546107259773,150.022431323371));
#5856=CARTESIAN_POINT('Ctrl Pts',(-22.9223487871689,2.5635742576495,149.915393928526));
#5857=CARTESIAN_POINT('Ctrl Pts',(-22.7697194986754,2.56163338152085,149.815998102716));
#5858=CARTESIAN_POINT('',(-28.2597412469332,2.63144601225615,160.48021469021));
#5859=CARTESIAN_POINT('Origin',(-27.3304280572555,2.61962860942546,152.882459752179));
#5860=CARTESIAN_POINT('',(-31.8911366158355,2.67762383733007,149.815998102716));
#5861=CARTESIAN_POINT('Ctrl Pts',(-31.8911366158355,2.67762383733007,149.815998102716));
#5862=CARTESIAN_POINT('Ctrl Pts',(-31.7638126904842,2.67600475117852,149.898962845861));
#5863=CARTESIAN_POINT('Ctrl Pts',(-31.6396171291361,2.67442533342382,149.987132469404));
#5864=CARTESIAN_POINT('Ctrl Pts',(-31.5200465894107,2.67290487317024,150.080979788057));
#5865=CARTESIAN_POINT('Ctrl Pts',(-31.3715577335291,2.67101668730117,150.197524222884));
#5866=CARTESIAN_POINT('Ctrl Pts',(-31.2302056892881,2.66921942540644,150.322827031588));
#5867=CARTESIAN_POINT('Ctrl Pts',(-31.0989216603571,2.66755002954312,150.457786309803));
#5868=CARTESIAN_POINT('Ctrl Pts',(-31.0032763473029,2.66633381237444,150.556109179078));
#5869=CARTESIAN_POINT('Ctrl Pts',(-30.912977565774,2.66518546222573,150.659557597407));
#5870=CARTESIAN_POINT('Ctrl Pts',(-30.8291399963521,2.66411926397267,150.768462469669));
#5871=CARTESIAN_POINT('Ctrl Pts',(-30.7979010028142,2.66372198432147,150.809041873679));
#5872=CARTESIAN_POINT('Ctrl Pts',(-30.7675587025683,2.66333611069471,150.850378646527));
#5873=CARTESIAN_POINT('Ctrl Pts',(-30.7381689192749,2.66296238210446,150.892489018501));
#5874=CARTESIAN_POINT('Ctrl Pts',(-30.6304772312504,2.66159294489745,151.046792199166));
#5875=CARTESIAN_POINT('Ctrl Pts',(-30.5383781611766,2.66042180734226,151.207453916579));
#5876=CARTESIAN_POINT('Ctrl Pts',(-30.4617257685352,2.65944712083949,151.374919416741));
#5877=CARTESIAN_POINT('Ctrl Pts',(-30.3973718781194,2.65862881802822,151.515515894875));
#5878=CARTESIAN_POINT('Ctrl Pts',(-30.3439105994091,2.65794898421254,151.6609092938));
#5879=CARTESIAN_POINT('Ctrl Pts',(-30.3012562786713,2.65740652546107,151.81135249406));
#5880=CARTESIAN_POINT('Ctrl Pts',(-30.2848553038218,2.65719794513003,151.869199274903));
#5881=CARTESIAN_POINT('Ctrl Pts',(-30.2700517700502,2.6570096753251,151.927792442904));
#5882=CARTESIAN_POINT('Ctrl Pts',(-30.2568386666334,2.65684165385779,151.987145303573));
#5883=CARTESIAN_POINT('Ctrl Pts',(-30.2181357332227,2.65634949668201,152.160997709155));
#5884=CARTESIAN_POINT('Ctrl Pts',(-30.1941442106027,2.65604453123961,152.336600062111));
#5885=CARTESIAN_POINT('Ctrl Pts',(-30.182414288357,2.6558953635355,152.513050427748));
#5886=CARTESIAN_POINT('Ctrl Pts',(-30.1686989660931,2.65572094778999,152.719366682672));
#5887=CARTESIAN_POINT('Ctrl Pts',(-30.1717405606604,2.65575953366873,152.926839808928));
#5888=CARTESIAN_POINT('Ctrl Pts',(-30.1875794040033,2.65596093555848,153.134042829601));
#5889=CARTESIAN_POINT('Ctrl Pts',(-30.1909722472649,2.65600407791615,153.178427849216));
#5890=CARTESIAN_POINT('Ctrl Pts',(-30.1949524184556,2.65605469125732,153.222800610987));
#5891=CARTESIAN_POINT('Ctrl Pts',(-30.1994813416966,2.65611228229436,153.267147355292));
#5892=CARTESIAN_POINT('Ctrl Pts',(-30.2320144034246,2.65652598168013,153.58570770465));
#5893=CARTESIAN_POINT('Ctrl Pts',(-30.2932917704972,2.6573050950445,153.90708159082));
#5894=CARTESIAN_POINT('Ctrl Pts',(-30.3714536847407,2.65829898091237,154.228027629996));
#5895=CARTESIAN_POINT('Ctrl Pts',(-30.4411170532662,2.65918480155988,154.514077203119));
#5896=CARTESIAN_POINT('Ctrl Pts',(-30.5241898899045,2.6602412293647,154.799787283899));
#5897=CARTESIAN_POINT('Ctrl Pts',(-30.6122901199087,2.66136161149027,155.082899914145));
#5898=CARTESIAN_POINT('Ctrl Pts',(-30.648521726065,2.66182237355544,155.199331225578));
#5899=CARTESIAN_POINT('Ctrl Pts',(-30.6856040104307,2.66229395222584,155.315323661947));
#5900=CARTESIAN_POINT('Ctrl Pts',(-30.7229559040831,2.66276892920743,155.430721966627));
#5901=CARTESIAN_POINT('Ctrl Pts',(-30.8243136090973,2.66405782173952,155.743865590182));
#5902=CARTESIAN_POINT('Ctrl Pts',(-30.9276789666163,2.66537208862003,156.052708054353));
#5903=CARTESIAN_POINT('Ctrl Pts',(-31.0214722071382,2.66656475586715,156.35415856436));
#5904=CARTESIAN_POINT('Ctrl Pts',(-31.1325258629518,2.66797690515665,156.711083871525));
#5905=CARTESIAN_POINT('Ctrl Pts',(-31.23016198711,2.66921858172109,157.057646413923));
#5906=CARTESIAN_POINT('Ctrl Pts',(-31.295210255813,2.67004582230661,157.388777968124));
#5907=CARTESIAN_POINT('Ctrl Pts',(-31.3393228510317,2.67060681693146,157.613335400718));
#5908=CARTESIAN_POINT('Ctrl Pts',(-31.3684505137842,2.67097721669609,157.830797863232));
#5909=CARTESIAN_POINT('Ctrl Pts',(-31.3766069001084,2.67108093555417,158.039592693978));
#5910=CARTESIAN_POINT('Ctrl Pts',(-31.3813090887325,2.67114072988161,158.159963730718));
#5911=CARTESIAN_POINT('Ctrl Pts',(-31.3791711063695,2.67111345817286,158.280631032556));
#5912=CARTESIAN_POINT('Ctrl Pts',(-31.3678700407411,2.67096967427329,158.400189807404));
#5913=CARTESIAN_POINT('Ctrl Pts',(-31.3589034488997,2.67085559197494,158.495051192194));
#5914=CARTESIAN_POINT('Ctrl Pts',(-31.3441638208185,2.67066816182849,158.589213738947));
#5915=CARTESIAN_POINT('Ctrl Pts',(-31.3224928405638,2.67039267586853,158.681985708942));
#5916=CARTESIAN_POINT('Ctrl Pts',(-31.3096509733085,2.67022942740966,158.736960855874));
#5917=CARTESIAN_POINT('Ctrl Pts',(-31.294375444472,2.67003525768432,158.791447949132));
#5918=CARTESIAN_POINT('Ctrl Pts',(-31.2764337483915,2.66980710612852,158.845306972474));
#5919=CARTESIAN_POINT('Ctrl Pts',(-31.238272407222,2.66932183598906,158.959863174718));
#5920=CARTESIAN_POINT('Ctrl Pts',(-31.1893064421029,2.66869909596824,159.067798940439));
#5921=CARTESIAN_POINT('Ctrl Pts',(-31.1293979690777,2.66793730182186,159.169481375061));
#5922=CARTESIAN_POINT('Ctrl Pts',(-31.0764377093528,2.66726386092423,159.259370632375));
#5923=CARTESIAN_POINT('Ctrl Pts',(-31.014929858977,2.66648175054621,159.344373872923));
#5924=CARTESIAN_POINT('Ctrl Pts',(-30.9447934171723,2.66558987620813,159.424740640951));
#5925=CARTESIAN_POINT('Ctrl Pts',(-30.882937898289,2.66480330436985,159.495618604095));
#5926=CARTESIAN_POINT('Ctrl Pts',(-30.8158422559523,2.66394990258932,159.561195482199));
#5927=CARTESIAN_POINT('Ctrl Pts',(-30.7446146514833,2.66304411506365,159.621963927587));
#5928=CARTESIAN_POINT('Ctrl Pts',(-30.6290791978464,2.6615748732794,159.720533996833));
#5929=CARTESIAN_POINT('Ctrl Pts',(-30.5026797329679,2.65996780046664,159.806457347624));
#5930=CARTESIAN_POINT('Ctrl Pts',(-30.3703067418057,2.65828454110801,159.881840930544));
#5931=CARTESIAN_POINT('Ctrl Pts',(-30.3590124371565,2.65814092235442,159.888272795108));
#5932=CARTESIAN_POINT('Ctrl Pts',(-30.3476746265314,2.65799674897701,159.894627896823));
#5933=CARTESIAN_POINT('Ctrl Pts',(-30.3362963177892,2.65785205926483,159.900907519501));
#5934=CARTESIAN_POINT('Ctrl Pts',(-30.0581328795781,2.65431485626522,160.054424309589));
#5935=CARTESIAN_POINT('Ctrl Pts',(-29.7145287018874,2.64994559369363,160.185589834474));
#5936=CARTESIAN_POINT('Ctrl Pts',(-29.2943307133654,2.64460222566112,160.291470124237));
#5937=CARTESIAN_POINT('Ctrl Pts',(-28.990831595117,2.64074283668106,160.367944965765));
#5938=CARTESIAN_POINT('Ctrl Pts',(-28.6473752503658,2.63637527315583,160.431229254372));
#5939=CARTESIAN_POINT('Ctrl Pts',(-28.2597412469332,2.63144601225615,160.48021469021));
#5940=CARTESIAN_POINT('',(-37.4438320744476,2.74823344425206,149.170592709036));
#5941=CARTESIAN_POINT('Ctrl Pts',(-37.4438320744476,2.74823344425206,149.170592709036));
#5942=CARTESIAN_POINT('Ctrl Pts',(-37.1175527819452,2.7440843867786,149.170592709036));
#5943=CARTESIAN_POINT('Ctrl Pts',(-36.7843729753418,2.73984764384589,149.174448692045));
#5944=CARTESIAN_POINT('Ctrl Pts',(-36.4487348689071,2.73557972203623,149.183407143808));
#5945=CARTESIAN_POINT('Ctrl Pts',(-36.0766127093689,2.73084787469797,149.193339384374));
#5946=CARTESIAN_POINT('Ctrl Pts',(-35.7014748640616,2.72607770175564,149.209545906122));
#5947=CARTESIAN_POINT('Ctrl Pts',(-35.3293989808006,2.72134621227445,149.233734149083));
#5948=CARTESIAN_POINT('Ctrl Pts',(-35.0396513630688,2.71766164719735,149.252570322268));
#5949=CARTESIAN_POINT('Ctrl Pts',(-34.7517621301023,2.71400054071701,149.276247370655));
#5950=CARTESIAN_POINT('Ctrl Pts',(-34.468570249124,2.71039925978594,149.305560174828));
#5951=CARTESIAN_POINT('Ctrl Pts',(-34.3881047165498,2.70937599956016,149.313889052022));
#5952=CARTESIAN_POINT('Ctrl Pts',(-34.3080181341824,2.70835756930934,149.322672822579));
#5953=CARTESIAN_POINT('Ctrl Pts',(-34.2283748451274,2.70734480327957,149.33192943358));
#5954=CARTESIAN_POINT('Ctrl Pts',(-34.0323230662501,2.70485175478698,149.35471572323));
#5955=CARTESIAN_POINT('Ctrl Pts',(-33.8314730786806,2.70229775232114,149.381234675129));
#5956=CARTESIAN_POINT('Ctrl Pts',(-33.6288345206235,2.69972114644315,149.412256787028));
#5957=CARTESIAN_POINT('Ctrl Pts',(-33.3343587342524,2.69597680455005,149.457338339543));
#5958=CARTESIAN_POINT('Ctrl Pts',(-33.0361148396774,2.69218472852692,149.51193302536));
#5959=CARTESIAN_POINT('Ctrl Pts',(-32.7434159433811,2.6884626123495,149.578433647953));
#5960=CARTESIAN_POINT('Ctrl Pts',(-32.5625871655318,2.6861630966086,149.619517596208));
#5961=CARTESIAN_POINT('Ctrl Pts',(-32.3838757418247,2.68389028274326,149.665146091227));
#5962=CARTESIAN_POINT('Ctrl Pts',(-32.2094478203107,2.68167192271089,149.715872381333));
#5963=CARTESIAN_POINT('Ctrl Pts',(-32.1015376056186,2.68029952943074,149.747254311521));
#5964=CARTESIAN_POINT('Ctrl Pts',(-31.9952661569649,2.67894797729469,149.780587080682));
#5965=CARTESIAN_POINT('Ctrl Pts',(-31.8911366158355,2.67762383733007,149.815998102716));
#5966=CARTESIAN_POINT('',(-42.9965275330596,2.81884305117405,148.525187315357));
#5967=CARTESIAN_POINT('Ctrl Pts',(-42.9965275330596,2.81884305117405,148.525187315357));
#5968=CARTESIAN_POINT('Ctrl Pts',(-42.8335396586951,2.81677045241049,148.580614114974));
#5969=CARTESIAN_POINT('Ctrl Pts',(-42.6653018115197,2.81463069618478,148.630948277236));
#5970=CARTESIAN_POINT('Ctrl Pts',(-42.4937526089086,2.81244898182112,148.676681770301));
#5971=CARTESIAN_POINT('Ctrl Pts',(-42.2862422129581,2.80980992314545,148.732002197966));
#5972=CARTESIAN_POINT('Ctrl Pts',(-42.0738873860945,2.80710947151767,148.780591215653));
#5973=CARTESIAN_POINT('Ctrl Pts',(-41.8601937723657,2.80439222770816,148.823346915379));
#5974=CARTESIAN_POINT('Ctrl Pts',(-41.6257474892621,2.80141110113021,148.870254797684));
#5975=CARTESIAN_POINT('Ctrl Pts',(-41.3896949176098,2.79840976248462,148.910143245528));
#5976=CARTESIAN_POINT('Ctrl Pts',(-41.1566986047408,2.79544710939683,148.944210418171));
#5977=CARTESIAN_POINT('Ctrl Pts',(-40.9887892749519,2.79331206662193,148.96876100464));
#5978=CARTESIAN_POINT('Ctrl Pts',(-40.8224683352475,2.79119711479471,148.990288795246));
#5979=CARTESIAN_POINT('Ctrl Pts',(-40.6594632473962,2.78912429713971,149.009235766909));
#5980=CARTESIAN_POINT('Ctrl Pts',(-40.3838688390594,2.78561976263253,149.041269610232));
#5981=CARTESIAN_POINT('Ctrl Pts',(-40.1029619450828,2.78204739784186,149.067639903044));
#5982=CARTESIAN_POINT('Ctrl Pts',(-39.8194274856035,2.77844177097847,149.089097201184));
#5983=CARTESIAN_POINT('Ctrl Pts',(-39.4392665189123,2.77360737237862,149.117866992405));
#5984=CARTESIAN_POINT('Ctrl Pts',(-39.0543831694387,2.76871317770647,149.137805030689));
#5985=CARTESIAN_POINT('Ctrl Pts',(-38.6713436724455,2.76384250939164,149.150755176769));
#5986=CARTESIAN_POINT('Ctrl Pts',(-38.3274430115534,2.7594695241888,149.162382081645));
#5987=CARTESIAN_POINT('Ctrl Pts',(-37.985034459801,2.75511550314518,149.168378312266));
#5988=CARTESIAN_POINT('Ctrl Pts',(-37.6488690963362,2.75084074806151,149.170077928817));
#5989=CARTESIAN_POINT('Ctrl Pts',(-37.580250084784,2.74996817313158,149.170424859288));
#5990=CARTESIAN_POINT('Ctrl Pts',(-37.5118910460517,2.74909890090609,149.170592709036));
#5991=CARTESIAN_POINT('Ctrl Pts',(-37.4438320744476,2.74823344425206,149.170592709036));
#5992=CARTESIAN_POINT('',(-46.6279229019619,2.86502087624797,137.860970727863));
#5993=CARTESIAN_POINT('Ctrl Pts',(-46.6279229019619,2.86502087624797,137.860970727863));
#5994=CARTESIAN_POINT('Ctrl Pts',(-46.432625430889,2.86253741974147,137.887204918072));
#5995=CARTESIAN_POINT('Ctrl Pts',(-46.2492760452468,2.86020520789735,137.917106199969));
#5996=CARTESIAN_POINT('Ctrl Pts',(-46.0770839047053,2.85801505000915,137.950484845692));
#5997=CARTESIAN_POINT('Ctrl Pts',(-45.9010550112981,2.85577609143512,137.984607228115));
#5998=CARTESIAN_POINT('Ctrl Pts',(-45.7366863267449,2.85368558778284,138.022363723775));
#5999=CARTESIAN_POINT('Ctrl Pts',(-45.583186736354,2.85173372019839,138.0635675119));
#6000=CARTESIAN_POINT('Ctrl Pts',(-45.4236380459379,2.84970493356665,138.106395055731));
#6001=CARTESIAN_POINT('Ctrl Pts',(-45.2758321006637,2.84782592502134,138.152946974864));
#6002=CARTESIAN_POINT('Ctrl Pts',(-45.1389356154333,2.84608566854015,138.20302982788));
#6003=CARTESIAN_POINT('Ctrl Pts',(-45.0361804499155,2.84477942358823,138.240622260166));
#6004=CARTESIAN_POINT('Ctrl Pts',(-44.939572950657,2.84355135260905,138.280204401162));
#6005=CARTESIAN_POINT('Ctrl Pts',(-44.8487790822081,2.8423967927363,138.321699923323));
#6006=CARTESIAN_POINT('Ctrl Pts',(-44.7393493878914,2.84100525456193,138.371712577076));
#6007=CARTESIAN_POINT('Ctrl Pts',(-44.6317153264622,2.83963678348956,138.427539946624));
#6008=CARTESIAN_POINT('Ctrl Pts',(-44.5282901940348,2.83832178628327,138.490142142524));
#6009=CARTESIAN_POINT('Ctrl Pts',(-44.4433766924723,2.83724215491409,138.541539433826));
#6010=CARTESIAN_POINT('Ctrl Pts',(-44.3613044534997,2.83619856836922,138.597504869442));
#6011=CARTESIAN_POINT('Ctrl Pts',(-44.2834056149208,2.83520785424936,138.658577384386));
#6012=CARTESIAN_POINT('Ctrl Pts',(-44.2149314376579,2.83433700257175,138.712260985971));
#6013=CARTESIAN_POINT('Ctrl Pts',(-44.1496834353217,2.83350700360782,138.769891199136));
#6014=CARTESIAN_POINT('Ctrl Pts',(-44.0885309467692,2.83272928639665,138.83182903871));
#6015=CARTESIAN_POINT('Ctrl Pts',(-44.0801140293812,2.8326222428131,138.840354050385));
#6016=CARTESIAN_POINT('Ctrl Pts',(-44.071774618214,2.83251618966916,138.848960651432));
#6017=CARTESIAN_POINT('Ctrl Pts',(-44.0635148961669,2.83241115676552,138.857649766393));
#6018=CARTESIAN_POINT('Ctrl Pts',(-43.967489708794,2.8311900739985,138.958666954078));
#6019=CARTESIAN_POINT('Ctrl Pts',(-43.8850886495657,2.83014232743501,139.067828851573));
#6020=CARTESIAN_POINT('Ctrl Pts',(-43.8166021548712,2.82927142571496,139.185897987739));
#6021=CARTESIAN_POINT('Ctrl Pts',(-43.7709613441959,2.82869103887082,139.264581691941));
#6022=CARTESIAN_POINT('Ctrl Pts',(-43.7315021979773,2.82818919172404,139.347222328425));
#6023=CARTESIAN_POINT('Ctrl Pts',(-43.6982952268811,2.82776692272087,139.434047636884));
#6024=CARTESIAN_POINT('Ctrl Pts',(-43.6592103821826,2.82726990905583,139.536241651724));
#6025=CARTESIAN_POINT('Ctrl Pts',(-43.6300335919918,2.82689896561326,139.640979460837));
#6026=CARTESIAN_POINT('Ctrl Pts',(-43.6091913673819,2.82663391586609,139.747426671392));
#6027=CARTESIAN_POINT('Ctrl Pts',(-43.5854826876166,2.82633241352192,139.868513689415));
#6028=CARTESIAN_POINT('Ctrl Pts',(-43.5725518450672,2.82616793519687,139.991810912037));
#6029=CARTESIAN_POINT('Ctrl Pts',(-43.5680573743868,2.82611078226809,140.116065181507));
#6030=CARTESIAN_POINT('Ctrl Pts',(-43.5627251798044,2.82604297661113,140.263479190768));
#6031=CARTESIAN_POINT('Ctrl Pts',(-43.5691652634778,2.82612451620375,140.415109675341));
#6032=CARTESIAN_POINT('Ctrl Pts',(-43.5848841845876,2.82632429814712,140.570117210143));
#6033=CARTESIAN_POINT('Ctrl Pts',(-43.5984441261619,2.82649664022206,140.703834600848));
#6034=CARTESIAN_POINT('Ctrl Pts',(-43.6189085969691,2.82675697430392,140.840064811913));
#6035=CARTESIAN_POINT('Ctrl Pts',(-43.6447159069446,2.82708533370067,140.978275457598));
#6036=CARTESIAN_POINT('Ctrl Pts',(-43.6610492406035,2.82729315092735,141.065748371022));
#6037=CARTESIAN_POINT('Ctrl Pts',(-43.6795234919137,2.82752821616166,141.154014705643));
#6038=CARTESIAN_POINT('Ctrl Pts',(-43.6997535872548,2.82778546763361,141.24294172484));
#6039=CARTESIAN_POINT('Ctrl Pts',(-43.7731076223926,2.82871825777595,141.565389819171));
#6040=CARTESIAN_POINT('Ctrl Pts',(-43.8704278883934,2.82995596777508,141.900363646007));
#6041=CARTESIAN_POINT('Ctrl Pts',(-43.97556948681,2.8312930811403,142.243571543336));
#6042=CARTESIAN_POINT('Ctrl Pts',(-44.0700101242604,2.83249410756995,142.551848886365));
#6043=CARTESIAN_POINT('Ctrl Pts',(-44.1707631570693,2.8337753331487,142.866770165816));
#6044=CARTESIAN_POINT('Ctrl Pts',(-44.2661182941028,2.83498782187864,143.185184720229));
#6045=CARTESIAN_POINT('Ctrl Pts',(-44.3608597674452,2.8361925075648,143.501550098721));
#6046=CARTESIAN_POINT('Ctrl Pts',(-44.4502713685425,2.83732933827553,143.821364312293));
#6047=CARTESIAN_POINT('Ctrl Pts',(-44.5228518247088,2.83825223500703,144.141487047148));
#6048=CARTESIAN_POINT('Ctrl Pts',(-44.5421186031257,2.83849722171235,144.226464934095));
#6049=CARTESIAN_POINT('Ctrl Pts',(-44.5601993582072,2.8387271333737,144.311464275508));
#6050=CARTESIAN_POINT('Ctrl Pts',(-44.5768790957867,2.83893923751714,144.396425718047));
#6051=CARTESIAN_POINT('Ctrl Pts',(-44.6260463570835,2.83956446197245,144.646868593755));
#6052=CARTESIAN_POINT('Ctrl Pts',(-44.6630786892677,2.84003549716271,144.897163536575));
#6053=CARTESIAN_POINT('Ctrl Pts',(-44.6824064318022,2.84028128653049,145.14580827821));
#6054=CARTESIAN_POINT('Ctrl Pts',(-44.703987577183,2.84055573224342,145.423442270271));
#6055=CARTESIAN_POINT('Ctrl Pts',(-44.7034930035634,2.84054934798067,145.699019547202));
#6056=CARTESIAN_POINT('Ctrl Pts',(-44.6731306735304,2.8401632137124,145.970396241852));
#6057=CARTESIAN_POINT('Ctrl Pts',(-44.6658868194679,2.8400710896796,146.03514137735));
#6058=CARTESIAN_POINT('Ctrl Pts',(-44.6569428314915,2.83995735006248,146.099647178227));
#6059=CARTESIAN_POINT('Ctrl Pts',(-44.6461929429272,2.8398206515146,146.163884106308));
#6060=CARTESIAN_POINT('Ctrl Pts',(-44.6149876419893,2.83942383630125,146.350354194821));
#6061=CARTESIAN_POINT('Ctrl Pts',(-44.5692214011445,2.83884194541329,146.530599090303));
#6062=CARTESIAN_POINT('Ctrl Pts',(-44.5081697235655,2.83806565813803,146.704908395839));
#6063=CARTESIAN_POINT('Ctrl Pts',(-44.455584862308,2.83739702853957,146.855044002442));
#6064=CARTESIAN_POINT('Ctrl Pts',(-44.3916653706176,2.83658418260746,147.000778132008));
#6065=CARTESIAN_POINT('Ctrl Pts',(-44.3159411578982,2.83562116456357,147.142303196238));
#6066=CARTESIAN_POINT('Ctrl Pts',(-44.2815506453909,2.83518380532411,147.206577479412));
#6067=CARTESIAN_POINT('Ctrl Pts',(-44.2447248173375,2.83471547210203,147.269983568995));
#6068=CARTESIAN_POINT('Ctrl Pts',(-44.2054157378287,2.83421560700529,147.332538806019));
#6069=CARTESIAN_POINT('Ctrl Pts',(-44.1039745826813,2.83292565329829,147.493969080744));
#6070=CARTESIAN_POINT('Ctrl Pts',(-43.9889177586862,2.83146256830611,147.645068815902));
#6071=CARTESIAN_POINT('Ctrl Pts',(-43.862512253718,2.82985515962986,147.786793014034));
#6072=CARTESIAN_POINT('Ctrl Pts',(-43.8105973920912,2.82919499535121,147.844999277575));
#6073=CARTESIAN_POINT('Ctrl Pts',(-43.7567686766524,2.82851048723553,147.901624687369));
#6074=CARTESIAN_POINT('Ctrl Pts',(-43.7011819377265,2.82780363093216,147.956736838627));
#6075=CARTESIAN_POINT('Ctrl Pts',(-43.5595227094752,2.82600225311516,148.097186610737));
#6076=CARTESIAN_POINT('Ctrl Pts',(-43.4072201593082,2.82406555199259,148.227030704993));
#6077=CARTESIAN_POINT('Ctrl Pts',(-43.2477476205137,2.8220376532864,148.347244566131));
#6078=CARTESIAN_POINT('Ctrl Pts',(-43.1657461779137,2.82099489933885,148.409059033427));
#6079=CARTESIAN_POINT('Ctrl Pts',(-43.0818497652187,2.81992803221062,148.468328095217));
#6080=CARTESIAN_POINT('Ctrl Pts',(-42.9965275330596,2.81884305117405,148.525187315357));
#6081=CARTESIAN_POINT('',(-48.4865492813174,2.88865568190935,137.860970727863));
#6082=CARTESIAN_POINT('Origin',(-47.5572360916397,2.87683827907866,145.458725665894));
#6083=CARTESIAN_POINT('',(-52.8408562372434,2.94402625010768,148.525187315357));
#6084=CARTESIAN_POINT('Ctrl Pts',(-52.8408562372433,2.94402625010768,148.525187315357));
#6085=CARTESIAN_POINT('Ctrl Pts',(-52.5652217165262,2.94052120552041,148.415781856893));
#6086=CARTESIAN_POINT('Ctrl Pts',(-52.3195374344242,2.93739671288246,148.299776774539));
#6087=CARTESIAN_POINT('Ctrl Pts',(-52.1005956371716,2.93461249053067,148.178278491553));
#6088=CARTESIAN_POINT('Ctrl Pts',(-51.9086621075542,2.9321717248572,148.071768018958));
#6089=CARTESIAN_POINT('Ctrl Pts',(-51.7372795541414,2.92999245718193,147.961035848806));
#6090=CARTESIAN_POINT('Ctrl Pts',(-51.5843203069783,2.92804754975046,147.846805096072));
#6091=CARTESIAN_POINT('Ctrl Pts',(-51.4841358831924,2.92677368475732,147.771986852955));
#6092=CARTESIAN_POINT('Ctrl Pts',(-51.3918556010598,2.92560035837397,147.69566730687));
#6093=CARTESIAN_POINT('Ctrl Pts',(-51.3068926039532,2.9245199454694,147.61804388203));
#6094=CARTESIAN_POINT('Ctrl Pts',(-51.1928087336486,2.92306922350952,147.513815205624));
#6095=CARTESIAN_POINT('Ctrl Pts',(-51.0872547825229,2.92172693787104,147.402978820124));
#6096=CARTESIAN_POINT('Ctrl Pts',(-50.9914743340025,2.92050901379895,147.284862486469));
#6097=CARTESIAN_POINT('Ctrl Pts',(-50.9035206156223,2.91939061278392,147.176398066987));
#6098=CARTESIAN_POINT('Ctrl Pts',(-50.8238132712774,2.91837707925569,147.061793478249));
#6099=CARTESIAN_POINT('Ctrl Pts',(-50.7533290114849,2.91748074477756,146.940539273819));
#6100=CARTESIAN_POINT('Ctrl Pts',(-50.7139514676241,2.91697998829193,146.872798011198));
#6101=CARTESIAN_POINT('Ctrl Pts',(-50.6774524797556,2.91651581124634,146.802981612315));
#6102=CARTESIAN_POINT('Ctrl Pts',(-50.6439955644742,2.91609036388398,146.731005471314));
#6103=CARTESIAN_POINT('Ctrl Pts',(-50.5547676223428,2.91495571676218,146.539048654914));
#6104=CARTESIAN_POINT('Ctrl Pts',(-50.4911952938501,2.91414728318989,146.340402559946));
#6105=CARTESIAN_POINT('Ctrl Pts',(-50.4496503114233,2.91361900135506,146.135889719276));
#6106=CARTESIAN_POINT('Ctrl Pts',(-50.4256058433126,2.91331325430718,146.017526389013));
#6107=CARTESIAN_POINT('Ctrl Pts',(-50.4089411356548,2.91310134693754,145.897197414415));
#6108=CARTESIAN_POINT('Ctrl Pts',(-50.3989541497932,2.91297434967085,145.77506142));
#6109=CARTESIAN_POINT('Ctrl Pts',(-50.3897609730937,2.9128574467004,145.662633326719));
#6110=CARTESIAN_POINT('Ctrl Pts',(-50.3863016680858,2.91281374768549,145.549544945468));
#6111=CARTESIAN_POINT('Ctrl Pts',(-50.3877572363289,2.91283239079359,145.436284523531));
#6112=CARTESIAN_POINT('Ctrl Pts',(-50.3897339532316,2.91285770884176,145.282472573098));
#6113=CARTESIAN_POINT('Ctrl Pts',(-50.4007735924727,2.9129980024135,145.12834461097));
#6114=CARTESIAN_POINT('Ctrl Pts',(-50.4187224192364,2.91322606712992,144.975134068306));
#6115=CARTESIAN_POINT('Ctrl Pts',(-50.434362582348,2.91342479707542,144.841630195925));
#6116=CARTESIAN_POINT('Ctrl Pts',(-50.4552434658307,2.91369017119444,144.708824124355));
#6117=CARTESIAN_POINT('Ctrl Pts',(-50.4799397005197,2.91400419023522,144.577518351263));
#6118=CARTESIAN_POINT('Ctrl Pts',(-50.488662207396,2.91411509917648,144.531142232671));
#6119=CARTESIAN_POINT('Ctrl Pts',(-50.4978609876851,2.91423207630065,144.48495305781));
#6120=CARTESIAN_POINT('Ctrl Pts',(-50.5074748310155,2.914354328584,144.438985352539));
#6121=CARTESIAN_POINT('Ctrl Pts',(-50.5713764974698,2.91516691979913,144.13344542756));
#6122=CARTESIAN_POINT('Ctrl Pts',(-50.6562043119514,2.91624550743799,143.825335780687));
#6123=CARTESIAN_POINT('Ctrl Pts',(-50.7505130103633,2.91744469732603,143.517994328684));
#6124=CARTESIAN_POINT('Ctrl Pts',(-50.8494660291142,2.91870294244525,143.195517558513));
#6125=CARTESIAN_POINT('Ctrl Pts',(-50.9588559390021,2.92009396063553,142.873886726867));
#6126=CARTESIAN_POINT('Ctrl Pts',(-51.0654737739207,2.92144980232691,142.556897427363));
#6127=CARTESIAN_POINT('Ctrl Pts',(-51.1720916088394,2.92280564401829,142.23990812786));
#6128=CARTESIAN_POINT('Ctrl Pts',(-51.2759372940318,2.92412630921076,141.927559960899));
#6129=CARTESIAN_POINT('Ctrl Pts',(-51.3638198738527,2.92524384833436,141.623591894323));
#6130=CARTESIAN_POINT('Ctrl Pts',(-51.4058692568028,2.92577855988546,141.478151584513));
#6131=CARTESIAN_POINT('Ctrl Pts',(-51.4444732562999,2.92626982203065,141.333922380783));
#6132=CARTESIAN_POINT('Ctrl Pts',(-51.4780236734051,2.92669662341691,141.191468939965));
#6133=CARTESIAN_POINT('Ctrl Pts',(-51.5150146708953,2.92716719309594,141.034406962009));
#6134=CARTESIAN_POINT('Ctrl Pts',(-51.5458616209227,2.92755940327573,140.87950399847));
#6135=CARTESIAN_POINT('Ctrl Pts',(-51.5683439818163,2.92784509293663,140.727528260509));
#6136=CARTESIAN_POINT('Ctrl Pts',(-51.5884740993589,2.92810089198202,140.591453162202));
#6137=CARTESIAN_POINT('Ctrl Pts',(-51.6018963238332,2.92827129413538,140.457725296181));
#6138=CARTESIAN_POINT('Ctrl Pts',(-51.6069914341757,2.92833608496376,140.326898012119));
#6139=CARTESIAN_POINT('Ctrl Pts',(-51.611839196651,2.92839773044844,140.202421885835));
#6140=CARTESIAN_POINT('Ctrl Pts',(-51.609263015935,2.92836488810408,140.077773254737));
#6141=CARTESIAN_POINT('Ctrl Pts',(-51.5967796501399,2.92820607939189,139.954393227927));
#6142=CARTESIAN_POINT('Ctrl Pts',(-51.5869152076762,2.92808058764312,139.856897472727));
#6143=CARTESIAN_POINT('Ctrl Pts',(-51.570859848654,2.92787643908933,139.760194828202));
#6144=CARTESIAN_POINT('Ctrl Pts',(-51.5473920818967,2.92757810138273,139.664985412699));
#6145=CARTESIAN_POINT('Ctrl Pts',(-51.5351741506719,2.92742277899442,139.615416908691));
#6146=CARTESIAN_POINT('Ctrl Pts',(-51.5209474944175,2.92724192649431,139.566252876805));
#6147=CARTESIAN_POINT('Ctrl Pts',(-51.5045453271993,2.92703335201213,139.517589508683));
#6148=CARTESIAN_POINT('Ctrl Pts',(-51.4660735352984,2.92654413409555,139.403448069525));
#6149=CARTESIAN_POINT('Ctrl Pts',(-51.4169171892599,2.92591896995687,139.295879570521));
#6150=CARTESIAN_POINT('Ctrl Pts',(-51.3570467504688,2.92515765876832,139.194493608429));
#6151=CARTESIAN_POINT('Ctrl Pts',(-51.3022666267636,2.92446107591493,139.101727701622));
#6152=CARTESIAN_POINT('Ctrl Pts',(-51.2385209667349,2.92365051287318,139.014136708261));
#6153=CARTESIAN_POINT('Ctrl Pts',(-51.1658033661359,2.92272581580797,138.931426042232));
#6154=CARTESIAN_POINT('Ctrl Pts',(-51.1026719624053,2.92192301946607,138.859618936292));
#6155=CARTESIAN_POINT('Ctrl Pts',(-51.0342293257458,2.9210524852077,138.793149858548));
#6156=CARTESIAN_POINT('Ctrl Pts',(-50.9616236568134,2.92012917152977,138.731526822188));
#6157=CARTESIAN_POINT('Ctrl Pts',(-50.8439645180205,2.91863292070284,138.631665289412));
#6158=CARTESIAN_POINT('Ctrl Pts',(-50.715380036513,2.91699806615861,138.544525303313));
#6159=CARTESIAN_POINT('Ctrl Pts',(-50.5809194993022,2.91528826595121,138.46800916205));
#6160=CARTESIAN_POINT('Ctrl Pts',(-50.5680933310477,2.91512516839414,138.460710300076));
#6161=CARTESIAN_POINT('Ctrl Pts',(-50.5552136749349,2.91496138888997,138.453508150516));
#6162=CARTESIAN_POINT('Ctrl Pts',(-50.5422848740583,2.91479698269217,138.446400927577));
#6163=CARTESIAN_POINT('Ctrl Pts',(-50.2751402713032,2.91139989824328,138.299546144456));
#6164=CARTESIAN_POINT('Ctrl Pts',(-49.9492105346073,2.90725540129785,138.172439915909));
#6165=CARTESIAN_POINT('Ctrl Pts',(-49.555278346999,2.9022460421432,138.067485908339));
#6166=CARTESIAN_POINT('Ctrl Pts',(-49.2432375806279,2.8982780387182,137.984349952491));
#6167=CARTESIAN_POINT('Ctrl Pts',(-48.8885297749084,2.89376737673474,137.915112816741));
#6168=CARTESIAN_POINT('Ctrl Pts',(-48.4865492813174,2.88865568190935,137.860970727863));
#6169=CARTESIAN_POINT('',(-62.4405422113663,3.06609850461176,149.815998102716));
#6170=CARTESIAN_POINT('Ctrl Pts',(-62.4405422113663,3.06609850461176,149.815998102716));
#6171=CARTESIAN_POINT('Ctrl Pts',(-61.5523154632477,3.05480356830385,149.680204393622));
#6172=CARTESIAN_POINT('Ctrl Pts',(-60.6554102037927,3.04339823341901,149.548954958646));
#6173=CARTESIAN_POINT('Ctrl Pts',(-59.7593824917288,3.03200411573691,149.42252616784));
#6174=CARTESIAN_POINT('Ctrl Pts',(-59.1482234710919,3.02423246123354,149.33629212069));
#6175=CARTESIAN_POINT('Ctrl Pts',(-58.5374749861178,3.01646602528364,149.252300770763));
#6176=CARTESIAN_POINT('Ctrl Pts',(-57.930172477592,3.00874339908717,149.170639815985));
#6177=CARTESIAN_POINT('Ctrl Pts',(-56.7856751976677,2.9941896560157,149.016744945954));
#6178=CARTESIAN_POINT('Ctrl Pts',(-55.6312105138775,2.97950913969055,148.868141879981));
#6179=CARTESIAN_POINT('Ctrl Pts',(-54.4794035461383,2.96486245934362,148.725154298036));
#6180=CARTESIAN_POINT('Ctrl Pts',(-53.9321686844597,2.95790367691028,148.657219486197));
#6181=CARTESIAN_POINT('Ctrl Pts',(-53.385534746057,2.9509525322517,148.590552254149));
#6182=CARTESIAN_POINT('Ctrl Pts',(-52.8408562372434,2.94402625010768,148.525187315357));
#6183=CARTESIAN_POINT('',(-66.8547309363461,3.12223054590117,160.48021469021));
#6184=CARTESIAN_POINT('Ctrl Pts',(-66.8547309363461,3.12223054590117,160.48021469021));
#6185=CARTESIAN_POINT('Ctrl Pts',(-66.6573802103358,3.11972097963858,160.453541268023));
#6186=CARTESIAN_POINT('Ctrl Pts',(-66.4718868444774,3.11736149860547,160.423288300587));
#6187=CARTESIAN_POINT('Ctrl Pts',(-66.2974914322593,3.11514331657294,160.389630838645));
#6188=CARTESIAN_POINT('Ctrl Pts',(-66.1191406990536,3.1128748257517,160.355210019089));
#6189=CARTESIAN_POINT('Ctrl Pts',(-65.9523972558989,3.11075411599018,160.317228466171));
#6190=CARTESIAN_POINT('Ctrl Pts',(-65.7965027685178,3.10877178957833,160.275857682028));
#6191=CARTESIAN_POINT('Ctrl Pts',(-65.6342432800278,3.10670852695109,160.232797774097));
#6192=CARTESIAN_POINT('Ctrl Pts',(-65.4837368501103,3.10479517843956,160.186066200906));
#6193=CARTESIAN_POINT('Ctrl Pts',(-65.3441837906279,3.10302114760151,160.135840087366));
#6194=CARTESIAN_POINT('Ctrl Pts',(-65.2377229892107,3.10166779321818,160.097524106912));
#6195=CARTESIAN_POINT('Ctrl Pts',(-65.1376379237592,3.10039551756746,160.05717405634));
#6196=CARTESIAN_POINT('Ctrl Pts',(-65.0435929839136,3.09919961617416,160.014862834414));
#6197=CARTESIAN_POINT('Ctrl Pts',(-64.9331078738305,3.09779465704182,159.965155109364));
#6198=CARTESIAN_POINT('Ctrl Pts',(-64.8241346018262,3.09640915948945,159.909673861076));
#6199=CARTESIAN_POINT('Ctrl Pts',(-64.7191859158881,3.09507479596851,159.847476621545));
#6200=CARTESIAN_POINT('Ctrl Pts',(-64.6312775647641,3.09395709072164,159.795378239152));
#6201=CARTESIAN_POINT('Ctrl Pts',(-64.5461973652777,3.09287526248892,159.738566221511));
#6202=CARTESIAN_POINT('Ctrl Pts',(-64.4654188426931,3.09184792532852,159.676478565259));
#6203=CARTESIAN_POINT('Ctrl Pts',(-64.3955958847138,3.09095992048408,159.622811530076));
#6204=CARTESIAN_POINT('Ctrl Pts',(-64.328988358443,3.0901126283513,159.565202288538));
#6205=CARTESIAN_POINT('Ctrl Pts',(-64.2665124456498,3.08931807013726,159.503292872043));
#6206=CARTESIAN_POINT('Ctrl Pts',(-64.2567096684732,3.08919340005598,159.493578980915));
#6207=CARTESIAN_POINT('Ctrl Pts',(-64.2470085051499,3.08907002823891,159.483759242882));
#6208=CARTESIAN_POINT('Ctrl Pts',(-64.2374123687971,3.08894800112237,159.47383230033));
#6209=CARTESIAN_POINT('Ctrl Pts',(-64.1413057296142,3.08772588259167,159.374412591093));
#6210=CARTESIAN_POINT('Ctrl Pts',(-64.0583459525642,3.08667103440944,159.266948151555));
#6211=CARTESIAN_POINT('Ctrl Pts',(-63.9890905449845,3.08579035803299,159.150622656794));
#6212=CARTESIAN_POINT('Ctrl Pts',(-63.9407670014779,3.08517585867936,159.069455563805));
#6213=CARTESIAN_POINT('Ctrl Pts',(-63.8991180921535,3.08464615779677,158.983973110932));
#6214=CARTESIAN_POINT('Ctrl Pts',(-63.8643156164221,3.08420359991661,158.893895454125));
#6215=CARTESIAN_POINT('Ctrl Pts',(-63.8226030185405,3.08367317101734,158.785932644079));
#6216=CARTESIAN_POINT('Ctrl Pts',(-63.7921839030338,3.08328641568986,158.675139515276));
#6217=CARTESIAN_POINT('Ctrl Pts',(-63.7712186424889,3.08301979901646,158.562432681955));
#6218=CARTESIAN_POINT('Ctrl Pts',(-63.7504919406035,3.0827562161101,158.451008312596));
#6219=CARTESIAN_POINT('Ctrl Pts',(-63.739000108512,3.08261005335518,158.337715080542));
#6220=CARTESIAN_POINT('Ctrl Pts',(-63.7349514991222,3.08255857012154,158.223454944473));
#6221=CARTESIAN_POINT('Ctrl Pts',(-63.7298196533064,3.08249331215475,158.078623634572));
#6222=CARTESIAN_POINT('Ctrl Pts',(-63.7365630496795,3.08257873808292,157.929869711878));
#6223=CARTESIAN_POINT('Ctrl Pts',(-63.7527348216308,3.0827842979455,157.778018928886));
#6224=CARTESIAN_POINT('Ctrl Pts',(-63.7669080254353,3.08296445395037,157.644934434392));
#6225=CARTESIAN_POINT('Ctrl Pts',(-63.788322786249,3.08323688548516,157.509471480563));
#6226=CARTESIAN_POINT('Ctrl Pts',(-63.815372335818,3.08358102692426,157.372179462924));
#6227=CARTESIAN_POINT('Ctrl Pts',(-63.8302816805799,3.0837707130168,157.296505965337));
#6228=CARTESIAN_POINT('Ctrl Pts',(-63.8469036888506,3.08398218504329,157.220276646288));
#6229=CARTESIAN_POINT('Ctrl Pts',(-63.8649761313964,3.0842119992072,157.143582143417));
#6230=CARTESIAN_POINT('Ctrl Pts',(-63.9340419726498,3.0850902594934,156.85048560448));
#6231=CARTESIAN_POINT('Ctrl Pts',(-64.0250376791719,3.08624750244344,156.547451336669));
#6232=CARTESIAN_POINT('Ctrl Pts',(-64.1250692499288,3.08751959930305,156.238131984319));
#6233=CARTESIAN_POINT('Ctrl Pts',(-64.2264169981491,3.08880843393059,155.924742725263));
#6234=CARTESIAN_POINT('Ctrl Pts',(-64.3370406236699,3.09021516475991,155.604901193178));
#6235=CARTESIAN_POINT('Ctrl Pts',(-64.443518109641,3.0915690987878,155.282462008713));
#6236=CARTESIAN_POINT('Ctrl Pts',(-64.5424040508354,3.09282650113386,154.983011829712));
#6237=CARTESIAN_POINT('Ctrl Pts',(-64.6377138750013,3.09403836682353,154.681321460387));
#6238=CARTESIAN_POINT('Ctrl Pts',(-64.7186828428602,3.09506797146239,154.380528038987));
#6239=CARTESIAN_POINT('Ctrl Pts',(-64.7248988887167,3.09514701495051,154.35743591184));
#6240=CARTESIAN_POINT('Ctrl Pts',(-64.7310304069608,3.0952249842388,154.334349095856));
#6241=CARTESIAN_POINT('Ctrl Pts',(-64.7370725238785,3.09530181746398,154.311269022979));
#6242=CARTESIAN_POINT('Ctrl Pts',(-64.7894201802453,3.09596748470017,154.111308025807));
#6243=CARTESIAN_POINT('Ctrl Pts',(-64.8351696187021,3.09654948176947,153.911438098563));
#6244=CARTESIAN_POINT('Ctrl Pts',(-64.8710219713329,3.09700546511714,153.712684813553));
#6245=CARTESIAN_POINT('Ctrl Pts',(-64.911522908746,3.09752057086809,153.488161350902));
#6246=CARTESIAN_POINT('Ctrl Pts',(-64.9393925901374,3.09787486676051,153.265062759075));
#6247=CARTESIAN_POINT('Ctrl Pts',(-64.9498185629077,3.0980073106809,153.044904882106));
#6248=CARTESIAN_POINT('Ctrl Pts',(-64.9558386263627,3.09808378515695,152.917783469198));
#6249=CARTESIAN_POINT('Ctrl Pts',(-64.956041991824,3.09808629361161,152.791643183176));
#6250=CARTESIAN_POINT('Ctrl Pts',(-64.9494985046073,3.09800308482342,152.666780468464));
#6251=CARTESIAN_POINT('Ctrl Pts',(-64.9352035089942,3.09782130571655,152.394003598891));
#6252=CARTESIAN_POINT('Ctrl Pts',(-64.8888079043258,3.09723136890584,152.129284389573));
#6253=CARTESIAN_POINT('Ctrl Pts',(-64.8020002035341,3.09612747817204,151.874756242176));
#6254=CARTESIAN_POINT('Ctrl Pts',(-64.771454891071,3.09573904849263,151.78519458207));
#6255=CARTESIAN_POINT('Ctrl Pts',(-64.7359060059131,3.0952869836998,151.696894923896));
#6256=CARTESIAN_POINT('Ctrl Pts',(-64.6949892192807,3.09476667455586,151.609951630125));
#6257=CARTESIAN_POINT('Ctrl Pts',(-64.6392279181878,3.09405759847182,151.491465512788));
#6258=CARTESIAN_POINT('Ctrl Pts',(-64.5751003577793,3.09324206056369,151.378917709479));
#6259=CARTESIAN_POINT('Ctrl Pts',(-64.5033482903646,3.09232965465633,151.271913544843));
#6260=CARTESIAN_POINT('Ctrl Pts',(-64.411947863573,3.09116739839886,151.135607697936));
#6261=CARTESIAN_POINT('Ctrl Pts',(-64.3081820786684,3.0898479582853,151.008296072765));
#6262=CARTESIAN_POINT('Ctrl Pts',(-64.19362180944,3.08839116479448,150.889124495597));
#6263=CARTESIAN_POINT('Ctrl Pts',(-64.1535791355998,3.0878819663874,150.847470014268));
#6264=CARTESIAN_POINT('Ctrl Pts',(-64.1122173706285,3.08735598699605,150.806809866493));
#6265=CARTESIAN_POINT('Ctrl Pts',(-64.0696016279469,3.08681407345841,150.767107384281));
#6266=CARTESIAN_POINT('Ctrl Pts',(-63.9546866422936,3.08535278280652,150.660048117287));
#6267=CARTESIAN_POINT('Ctrl Pts',(-63.8257411869367,3.08371349370092,150.555370914999));
#6268=CARTESIAN_POINT('Ctrl Pts',(-63.6811023150013,3.081874453511,150.453640209568));
#6269=CARTESIAN_POINT('Ctrl Pts',(-63.5302095195146,3.07995589654524,150.347510852198));
#6270=CARTESIAN_POINT('Ctrl Pts',(-63.3622363925347,3.07781994130012,150.244588327415));
#6271=CARTESIAN_POINT('Ctrl Pts',(-63.1752424695238,3.07544188975095,150.145538492482));
#6272=CARTESIAN_POINT('Ctrl Pts',(-62.9721896431973,3.07285961284891,150.037982329125));
#6273=CARTESIAN_POINT('Ctrl Pts',(-62.7467081860861,3.06999187200976,149.934992503188));
#6274=CARTESIAN_POINT('Ctrl Pts',(-62.496260693143,3.06680704395748,149.837451188689));
#6275=CARTESIAN_POINT('Ctrl Pts',(-62.4778235273852,3.06657258681831,149.830270500383));
#6276=CARTESIAN_POINT('Ctrl Pts',(-62.4592510404102,3.0663364112419,149.823119352473));
#6277=CARTESIAN_POINT('Ctrl Pts',(-62.4405422113663,3.06609850461176,149.815998102716));
#6278=CARTESIAN_POINT('',(-68.7133573157016,3.14586535156255,160.48021469021));
#6279=CARTESIAN_POINT('Origin',(-67.7840441260238,3.13404794873186,152.882459752179));
#6280=CARTESIAN_POINT('',(-72.3447526846039,3.19204317663647,149.815998102716));
#6281=CARTESIAN_POINT('Ctrl Pts',(-72.3447526846038,3.19204317663647,149.815998102716));
#6282=CARTESIAN_POINT('Ctrl Pts',(-72.2174287592588,3.190424090485,149.898962845857));
#6283=CARTESIAN_POINT('Ctrl Pts',(-72.0932331979167,3.18884467273037,149.987132469395));
#6284=CARTESIAN_POINT('Ctrl Pts',(-71.9736626581967,3.18732421247687,150.080979788043));
#6285=CARTESIAN_POINT('Ctrl Pts',(-71.8251738023116,3.18543602660775,150.197524222872));
#6286=CARTESIAN_POINT('Ctrl Pts',(-71.6838217580673,3.18363876471298,150.322827031578));
#6287=CARTESIAN_POINT('Ctrl Pts',(-71.5525377291333,3.18196936884962,150.457786309795));
#6288=CARTESIAN_POINT('Ctrl Pts',(-71.4568924160778,3.18075315168092,150.55610917907));
#6289=CARTESIAN_POINT('Ctrl Pts',(-71.3665936345477,3.1796048015322,150.659557597401));
#6290=CARTESIAN_POINT('Ctrl Pts',(-71.2827560651248,3.17853860327913,150.768462469663));
#6291=CARTESIAN_POINT('Ctrl Pts',(-71.2515170715853,3.17814132362791,150.809041873676));
#6292=CARTESIAN_POINT('Ctrl Pts',(-71.221174771338,3.17775545000113,150.850378646525));
#6293=CARTESIAN_POINT('Ctrl Pts',(-71.1917849880433,3.17738172141086,150.892489018501));
#6294=CARTESIAN_POINT('Ctrl Pts',(-71.0840933000202,3.17601228420387,151.046792199164));
#6295=CARTESIAN_POINT('Ctrl Pts',(-70.9919942299474,3.17484114664869,151.207453916574));
#6296=CARTESIAN_POINT('Ctrl Pts',(-70.9153418373067,3.17386646014593,151.374919416734));
#6297=CARTESIAN_POINT('Ctrl Pts',(-70.85098794689,3.17304815733465,151.515515894869));
#6298=CARTESIAN_POINT('Ctrl Pts',(-70.797526668179,3.17236832351895,151.660909293795));
#6299=CARTESIAN_POINT('Ctrl Pts',(-70.7548723474406,3.17182586476748,151.811352494056));
#6300=CARTESIAN_POINT('Ctrl Pts',(-70.7384713725908,3.17161728443644,151.8691992749));
#6301=CARTESIAN_POINT('Ctrl Pts',(-70.7236678388189,3.1714290146315,151.927792442903));
#6302=CARTESIAN_POINT('Ctrl Pts',(-70.7104547354018,3.17126099316419,151.987145303573));
#6303=CARTESIAN_POINT('Ctrl Pts',(-70.6717518019913,3.17076883598841,152.160997709154));
#6304=CARTESIAN_POINT('Ctrl Pts',(-70.6477602793713,3.17046387054601,152.33660006211));
#6305=CARTESIAN_POINT('Ctrl Pts',(-70.6360303571255,3.1703147028419,152.513050427745));
#6306=CARTESIAN_POINT('Ctrl Pts',(-70.6223150348615,3.17014028709639,152.71936668267));
#6307=CARTESIAN_POINT('Ctrl Pts',(-70.6253566294287,3.17017887297513,152.926839808926));
#6308=CARTESIAN_POINT('Ctrl Pts',(-70.6411954727715,3.17038027486488,153.134042829598));
#6309=CARTESIAN_POINT('Ctrl Pts',(-70.6445883160331,3.17042341722254,153.178427849215));
#6310=CARTESIAN_POINT('Ctrl Pts',(-70.6485684872239,3.17047403056372,153.222800610986));
#6311=CARTESIAN_POINT('Ctrl Pts',(-70.653097410465,3.17053162160076,153.267147355292));
#6312=CARTESIAN_POINT('Ctrl Pts',(-70.6856304721927,3.17094532098652,153.585707704648));
#6313=CARTESIAN_POINT('Ctrl Pts',(-70.7469078392649,3.17172443435089,153.907081590817));
#6314=CARTESIAN_POINT('Ctrl Pts',(-70.8250697535077,3.17271832021875,154.22802762999));
#6315=CARTESIAN_POINT('Ctrl Pts',(-70.8947331220325,3.17360414086625,154.514077203111));
#6316=CARTESIAN_POINT('Ctrl Pts',(-70.9778059586699,3.17466056867106,154.799787283889));
#6317=CARTESIAN_POINT('Ctrl Pts',(-71.0659061886732,3.17578095079662,155.082899914132));
#6318=CARTESIAN_POINT('Ctrl Pts',(-71.1021377948308,3.17624171286181,155.199331225569));
#6319=CARTESIAN_POINT('Ctrl Pts',(-71.1392200791978,3.17671329153223,155.315323661942));
#6320=CARTESIAN_POINT('Ctrl Pts',(-71.1765719728515,3.17718826851383,155.430721966627));
#6321=CARTESIAN_POINT('Ctrl Pts',(-71.2779296778642,3.1784771610459,155.743865590177));
#6322=CARTESIAN_POINT('Ctrl Pts',(-71.3812950353816,3.17979142792639,156.052708054344));
#6323=CARTESIAN_POINT('Ctrl Pts',(-71.4750882759023,3.1809840951735,156.354158564347));
#6324=CARTESIAN_POINT('Ctrl Pts',(-71.5861419317163,3.182396244463,156.711083871512));
#6325=CARTESIAN_POINT('Ctrl Pts',(-71.6837780558751,3.18363792102745,157.05764641391));
#6326=CARTESIAN_POINT('Ctrl Pts',(-71.7488263245789,3.18446516161298,157.388777968111));
#6327=CARTESIAN_POINT('Ctrl Pts',(-71.792938919799,3.18502615623784,157.61333540071));
#6328=CARTESIAN_POINT('Ctrl Pts',(-71.8220665825524,3.18539655600248,157.830797863228));
#6329=CARTESIAN_POINT('Ctrl Pts',(-71.8302229688768,3.18550027486057,158.039592693978));
#6330=CARTESIAN_POINT('Ctrl Pts',(-71.8349251575008,3.18556006918801,158.159963730716));
#6331=CARTESIAN_POINT('Ctrl Pts',(-71.832787175138,3.18553279747926,158.280631032553));
#6332=CARTESIAN_POINT('Ctrl Pts',(-71.8214861095099,3.1853890135797,158.4001898074));
#6333=CARTESIAN_POINT('Ctrl Pts',(-71.8125195176687,3.18527493128134,158.495051192191));
#6334=CARTESIAN_POINT('Ctrl Pts',(-71.7977798895874,3.1850875011349,158.589213738945));
#6335=CARTESIAN_POINT('Ctrl Pts',(-71.7761089093325,3.18481201517493,158.68198570894));
#6336=CARTESIAN_POINT('Ctrl Pts',(-71.7632670420772,3.18464876671607,158.736960855873));
#6337=CARTESIAN_POINT('Ctrl Pts',(-71.7479915132406,3.18445459699072,158.791447949132));
#6338=CARTESIAN_POINT('Ctrl Pts',(-71.7300498171599,3.18422644543492,158.845306972474));
#6339=CARTESIAN_POINT('Ctrl Pts',(-71.6918884759906,3.18374117529546,158.959863174717));
#6340=CARTESIAN_POINT('Ctrl Pts',(-71.6429225108717,3.18311843527465,159.067798940438));
#6341=CARTESIAN_POINT('Ctrl Pts',(-71.5830140378468,3.18235664112827,159.16948137506));
#6342=CARTESIAN_POINT('Ctrl Pts',(-71.5300537781218,3.18168320023064,159.259370632374));
#6343=CARTESIAN_POINT('Ctrl Pts',(-71.4685459277457,3.18090108985262,159.344373872923));
#6344=CARTESIAN_POINT('Ctrl Pts',(-71.3984094859407,3.18000921551453,159.424740640951));
#6345=CARTESIAN_POINT('Ctrl Pts',(-71.3365539670577,3.17922264367625,159.495618604095));
#6346=CARTESIAN_POINT('Ctrl Pts',(-71.2694583247214,3.17836924189573,159.561195482198));
#6347=CARTESIAN_POINT('Ctrl Pts',(-71.1982307202528,3.17746345437006,159.621963927586));
#6348=CARTESIAN_POINT('Ctrl Pts',(-71.0826952666138,3.17599421258579,159.720533996834));
#6349=CARTESIAN_POINT('Ctrl Pts',(-70.9562958017327,3.17438713977299,159.806457347626));
#6350=CARTESIAN_POINT('Ctrl Pts',(-70.8239228105679,3.17270388041433,159.881840930548));
#6351=CARTESIAN_POINT('Ctrl Pts',(-70.8126285059207,3.17256026166077,159.88827279511));
#6352=CARTESIAN_POINT('Ctrl Pts',(-70.8012906952976,3.17241608828338,159.894627896824));
#6353=CARTESIAN_POINT('Ctrl Pts',(-70.7899123865575,3.17227139857123,159.900907519501));
#6354=CARTESIAN_POINT('Ctrl Pts',(-70.5117489483453,3.1687341955716,160.05442430959));
#6355=CARTESIAN_POINT('Ctrl Pts',(-70.1681447706532,3.16436493299999,160.185589834475));
#6356=CARTESIAN_POINT('Ctrl Pts',(-69.7479467821296,3.15902156496746,160.291470124238));
#6357=CARTESIAN_POINT('Ctrl Pts',(-69.4444476638821,3.15516217598742,160.367944965766));
#6358=CARTESIAN_POINT('Ctrl Pts',(-69.1009913191323,3.15079461246221,160.431229254372));
#6359=CARTESIAN_POINT('Ctrl Pts',(-68.7133573157017,3.14586535156255,160.48021469021));
#6360=CARTESIAN_POINT('',(-77.8974481432159,3.26265278355846,149.170592709036));
#6361=CARTESIAN_POINT('Ctrl Pts',(-77.8974481432159,3.26265278355846,149.170592709036));
#6362=CARTESIAN_POINT('Ctrl Pts',(-77.5711688507143,3.25850372608501,149.170592709036));
#6363=CARTESIAN_POINT('Ctrl Pts',(-77.2379890441118,3.25426698315231,149.174448692045));
#6364=CARTESIAN_POINT('Ctrl Pts',(-76.9023509376778,3.24999906134266,149.183407143808));
#6365=CARTESIAN_POINT('Ctrl Pts',(-76.5302287781392,3.24526721400439,149.193339384374));
#6366=CARTESIAN_POINT('Ctrl Pts',(-76.1550909328315,3.24049704106206,149.209545906122));
#6367=CARTESIAN_POINT('Ctrl Pts',(-75.7830150495701,3.23576555158087,149.233734149083));
#6368=CARTESIAN_POINT('Ctrl Pts',(-75.4932674318364,3.23208098650374,149.252570322268));
#6369=CARTESIAN_POINT('Ctrl Pts',(-75.205378198868,3.22841988002338,149.276247370655));
#6370=CARTESIAN_POINT('Ctrl Pts',(-74.9221863178878,3.22481859909228,149.305560174829));
#6371=CARTESIAN_POINT('Ctrl Pts',(-74.8417207853151,3.22379533886653,149.313889052022));
#6372=CARTESIAN_POINT('Ctrl Pts',(-74.7616342029493,3.22277690861572,149.322672822579));
#6373=CARTESIAN_POINT('Ctrl Pts',(-74.6819909138958,3.22176414258597,149.33192943358));
#6374=CARTESIAN_POINT('Ctrl Pts',(-74.4859391350208,3.21927109409341,149.35471572323));
#6375=CARTESIAN_POINT('Ctrl Pts',(-74.2850891474539,3.21671709162761,149.381234675128));
#6376=CARTESIAN_POINT('Ctrl Pts',(-74.0824505893993,3.21414048574964,149.412256787027));
#6377=CARTESIAN_POINT('Ctrl Pts',(-73.787974803027,3.21039614385652,149.457338339542));
#6378=CARTESIAN_POINT('Ctrl Pts',(-73.4897309084507,3.20660406783338,149.511933025359));
#6379=CARTESIAN_POINT('Ctrl Pts',(-73.1970320121531,3.20288195165594,149.578433647952));
#6380=CARTESIAN_POINT('Ctrl Pts',(-73.016203234303,3.20058243591504,149.619517596207));
#6381=CARTESIAN_POINT('Ctrl Pts',(-72.837491810595,3.19830962204968,149.665146091227));
#6382=CARTESIAN_POINT('Ctrl Pts',(-72.6630638890802,3.19609126201731,149.715872381332));
#6383=CARTESIAN_POINT('Ctrl Pts',(-72.5551536743877,3.19471886873715,149.74725431152));
#6384=CARTESIAN_POINT('Ctrl Pts',(-72.4488822257336,3.19336731660109,149.780587080682));
#6385=CARTESIAN_POINT('Ctrl Pts',(-72.3447526846039,3.19204317663647,149.815998102716));
#6386=CARTESIAN_POINT('',(-83.450143601828,3.33326239048045,148.525187315357));
#6387=CARTESIAN_POINT('Ctrl Pts',(-83.450143601828,3.33326239048045,148.525187315357));
#6388=CARTESIAN_POINT('Ctrl Pts',(-83.2871557274654,3.33118979171692,148.580614114973));
#6389=CARTESIAN_POINT('Ctrl Pts',(-83.118917880292,3.32905003549123,148.630948277235));
#6390=CARTESIAN_POINT('Ctrl Pts',(-82.947368677683,3.32686832112759,148.676681770299));
#6391=CARTESIAN_POINT('Ctrl Pts',(-82.7398582817328,3.32422926245193,148.732002197964));
#6392=CARTESIAN_POINT('Ctrl Pts',(-82.5275034548695,3.32152881082416,148.780591215652));
#6393=CARTESIAN_POINT('Ctrl Pts',(-82.313809841141,3.31881156701465,148.823346915378));
#6394=CARTESIAN_POINT('Ctrl Pts',(-82.079363558036,3.31583044043668,148.870254797683));
#6395=CARTESIAN_POINT('Ctrl Pts',(-81.8433109863824,3.31282910179108,148.910143245527));
#6396=CARTESIAN_POINT('Ctrl Pts',(-81.610314673512,3.30986644870326,148.94421041817));
#6397=CARTESIAN_POINT('Ctrl Pts',(-81.4424053437221,3.30773140592835,148.96876100464));
#6398=CARTESIAN_POINT('Ctrl Pts',(-81.2760844040168,3.30561645410112,148.990288795246));
#6399=CARTESIAN_POINT('Ctrl Pts',(-81.1130793161646,3.3035436364461,149.009235766909));
#6400=CARTESIAN_POINT('Ctrl Pts',(-80.8374849078214,3.30003910193884,149.041269610233));
#6401=CARTESIAN_POINT('Ctrl Pts',(-80.5565780138382,3.2964667371481,149.067639903046));
#6402=CARTESIAN_POINT('Ctrl Pts',(-80.2730435543524,3.29286111028462,149.089097201185));
#6403=CARTESIAN_POINT('Ctrl Pts',(-79.8928825876534,3.28802671168467,149.117866992407));
#6404=CARTESIAN_POINT('Ctrl Pts',(-79.5079992381719,3.28313251701242,149.137805030691));
#6405=CARTESIAN_POINT('Ctrl Pts',(-79.1249597411712,3.2782618486975,149.15075517677));
#6406=CARTESIAN_POINT('Ctrl Pts',(-78.7810590802835,3.27388886349471,149.162382081646));
#6407=CARTESIAN_POINT('Ctrl Pts',(-78.4386505285355,3.26953484245115,149.168378312266));
#6408=CARTESIAN_POINT('Ctrl Pts',(-78.1024851650754,3.26526008736753,149.170077928817));
#6409=CARTESIAN_POINT('Ctrl Pts',(-78.0338661535329,3.26438751243773,149.170424859288));
#6410=CARTESIAN_POINT('Ctrl Pts',(-77.9655071148104,3.26351824021237,149.170592709036));
#6411=CARTESIAN_POINT('Ctrl Pts',(-77.8974481432159,3.26265278355846,149.170592709036));
#6412=CARTESIAN_POINT('',(-87.0815389707303,3.37944021555437,137.860970727863));
#6413=CARTESIAN_POINT('Ctrl Pts',(-87.0815389707303,3.37944021555437,137.860970727863));
#6414=CARTESIAN_POINT('Ctrl Pts',(-86.8859895983663,3.37695355580157,137.890081818835));
#6415=CARTESIAN_POINT('Ctrl Pts',(-86.7027587082282,3.37462287465901,137.922956091736));
#6416=CARTESIAN_POINT('Ctrl Pts',(-86.5310084628025,3.37243836519295,137.959390373387));
#6417=CARTESIAN_POINT('Ctrl Pts',(-86.3555461150562,3.37020664110639,137.9966121228));
#6418=CARTESIAN_POINT('Ctrl Pts',(-86.1920662568106,3.36812747550495,138.037549488833));
#6419=CARTESIAN_POINT('Ctrl Pts',(-86.0397291728506,3.36619041172953,138.082001387138));
#6420=CARTESIAN_POINT('Ctrl Pts',(-85.8816945607081,3.36418090022724,138.128115821818));
#6421=CARTESIAN_POINT('Ctrl Pts',(-85.7356519222354,3.36232431876856,138.178012626843));
#6422=CARTESIAN_POINT('Ctrl Pts',(-85.600718519902,3.36060899300427,138.231483242164));
#6423=CARTESIAN_POINT('Ctrl Pts',(-85.5078797450006,3.35942879047651,138.268272846026));
#6424=CARTESIAN_POINT('Ctrl Pts',(-85.4203011387118,3.35831545710199,138.306754596103));
#6425=CARTESIAN_POINT('Ctrl Pts',(-85.3377088233108,3.35726519043985,138.34686454785));
#6426=CARTESIAN_POINT('Ctrl Pts',(-85.2260541943403,3.35584535938277,138.401088258116));
#6427=CARTESIAN_POINT('Ctrl Pts',(-85.1168633152453,3.35445709863609,138.461512499386));
#6428=CARTESIAN_POINT('Ctrl Pts',(-85.0125733690598,3.35313108968318,138.529157394727));
#6429=CARTESIAN_POINT('Ctrl Pts',(-84.9310966182952,3.35209514226044,138.582005118594));
#6430=CARTESIAN_POINT('Ctrl Pts',(-84.8526149154971,3.3510971905321,138.639261429356));
#6431=CARTESIAN_POINT('Ctrl Pts',(-84.7782853450767,3.35015186469355,138.701419780011));
#6432=CARTESIAN_POINT('Ctrl Pts',(-84.7108598446346,3.34929434503637,138.757804579168));
#6433=CARTESIAN_POINT('Ctrl Pts',(-84.6468526001103,3.34848012903511,138.818223612524));
#6434=CARTESIAN_POINT('Ctrl Pts',(-84.5870912882769,3.34772013707084,138.883040461322));
#6435=CARTESIAN_POINT('Ctrl Pts',(-84.5823437404648,3.34765976192049,138.888189630228));
#6436=CARTESIAN_POINT('Ctrl Pts',(-84.5776229610213,3.34759972897825,138.893366548648));
#6437=CARTESIAN_POINT('Ctrl Pts',(-84.5729293494622,3.34754004371913,138.898571395909));
#6438=CARTESIAN_POINT('Ctrl Pts',(-84.4756841237089,3.34630344660757,139.006408727675));
#6439=CARTESIAN_POINT('Ctrl Pts',(-84.3933555255228,3.34525661638416,139.122620238646));
#6440=CARTESIAN_POINT('Ctrl Pts',(-84.3258426891945,3.34439809209728,139.247874690104));
#6441=CARTESIAN_POINT('Ctrl Pts',(-84.2839162021439,3.34386493559913,139.325659588839));
#6442=CARTESIAN_POINT('Ctrl Pts',(-84.2477049934636,3.34340440110921,139.406932904512));
#6443=CARTESIAN_POINT('Ctrl Pts',(-84.2171722819858,3.34301613872894,139.491856358185));
#6444=CARTESIAN_POINT('Ctrl Pts',(-84.181714106861,3.34256524279445,139.590479459338));
#6445=CARTESIAN_POINT('Ctrl Pts',(-84.1549071192333,3.34222445504149,139.691272513945));
#6446=CARTESIAN_POINT('Ctrl Pts',(-84.1354136270993,3.34197656272929,139.793485100541));
#6447=CARTESIAN_POINT('Ctrl Pts',(-84.1090880512553,3.34164178906117,139.931521178537));
#6448=CARTESIAN_POINT('Ctrl Pts',(-84.0960911615702,3.34147643780676,140.072144576859));
#6449=CARTESIAN_POINT('Ctrl Pts',(-84.0930773979706,3.34143811395761,140.213462088624));
#6450=CARTESIAN_POINT('Ctrl Pts',(-84.0896744519121,3.34139484115697,140.373028641791));
#6451=CARTESIAN_POINT('Ctrl Pts',(-84.0989224151413,3.34151204606063,140.537313031146));
#6452=CARTESIAN_POINT('Ctrl Pts',(-84.1178970805738,3.34175320739516,140.705339665138));
#6453=CARTESIAN_POINT('Ctrl Pts',(-84.1337268326705,3.34195439798554,140.845517101793));
#6454=CARTESIAN_POINT('Ctrl Pts',(-84.1563256657237,3.34224186041103,140.988298722185));
#6455=CARTESIAN_POINT('Ctrl Pts',(-84.184032540319,3.34259438930077,141.133122645816));
#6456=CARTESIAN_POINT('Ctrl Pts',(-84.2038612441979,3.34284668015153,141.236767345487));
#6457=CARTESIAN_POINT('Ctrl Pts',(-84.2263068213051,3.34313229605029,141.341458134116));
#6458=CARTESIAN_POINT('Ctrl Pts',(-84.2507769061761,3.34344346439852,141.446992095836));
#6459=CARTESIAN_POINT('Ctrl Pts',(-84.3202178856576,3.34432649504589,141.746475391831));
#6460=CARTESIAN_POINT('Ctrl Pts',(-84.4066488167109,3.34542585046133,142.055676775093));
#6461=CARTESIAN_POINT('Ctrl Pts',(-84.4979324882408,3.34658689050132,142.371409900794));
#6462=CARTESIAN_POINT('Ctrl Pts',(-84.5804723873977,3.34763671821105,142.656899955248));
#6463=CARTESIAN_POINT('Ctrl Pts',(-84.6669821571714,3.34873697936108,142.947731052783));
#6464=CARTESIAN_POINT('Ctrl Pts',(-84.7484819481807,3.34977335065272,143.241510508027));
#6465=CARTESIAN_POINT('Ctrl Pts',(-84.828514236663,3.35079106082302,143.530000108074));
#6466=CARTESIAN_POINT('Ctrl Pts',(-84.903715149371,3.351747161249,143.821333319359));
#6467=CARTESIAN_POINT('Ctrl Pts',(-84.9655607438698,3.35253339368912,144.113198238457));
#6468=CARTESIAN_POINT('Ctrl Pts',(-85.0255677162717,3.35329625204174,144.396386237332));
#6469=CARTESIAN_POINT('Ctrl Pts',(-85.0729995188345,3.35389919236445,144.680074654604));
#6470=CARTESIAN_POINT('Ctrl Pts',(-85.100068141399,3.354243327519,144.962105763449));
#6471=CARTESIAN_POINT('Ctrl Pts',(-85.1109492294346,3.35438166351684,145.075477078034));
#6472=CARTESIAN_POINT('Ctrl Pts',(-85.1185400125649,3.35447817939419,145.188580074452));
#6473=CARTESIAN_POINT('Ctrl Pts',(-85.122336128348,3.35452645184948,145.301272587602));
#6474=CARTESIAN_POINT('Ctrl Pts',(-85.1313615174776,3.35464122118691,145.569202714422));
#6475=CARTESIAN_POINT('Ctrl Pts',(-85.1189175027071,3.3544829979393,145.83424598369));
#6476=CARTESIAN_POINT('Ctrl Pts',(-85.0785291959958,3.3539694105976,146.094797701884));
#6477=CARTESIAN_POINT('Ctrl Pts',(-85.0448084667377,3.35354060976117,146.312335763327));
#6478=CARTESIAN_POINT('Ctrl Pts',(-84.9916091643936,3.35286409172047,146.52674278058));
#6479=CARTESIAN_POINT('Ctrl Pts',(-84.915157883907,3.35189191615203,146.737056634101));
#6480=CARTESIAN_POINT('Ctrl Pts',(-84.8619478106648,3.35121528218499,146.883435026699));
#6481=CARTESIAN_POINT('Ctrl Pts',(-84.7988504070741,3.35041286155988,147.024027510868));
#6482=CARTESIAN_POINT('Ctrl Pts',(-84.7262462653673,3.34948962271294,147.159187806895));
#6483=CARTESIAN_POINT('Ctrl Pts',(-84.6367214600343,3.34835121963971,147.325847709569));
#6484=CARTESIAN_POINT('Ctrl Pts',(-84.5327498879943,3.34702912195417,147.484250072203));
#6485=CARTESIAN_POINT('Ctrl Pts',(-84.4150685609884,3.34553264428808,147.635091393169));
#6486=CARTESIAN_POINT('Ctrl Pts',(-84.4020127631044,3.34536662211239,147.651826026005));
#6487=CARTESIAN_POINT('Ctrl Pts',(-84.3887881663242,3.34519845364699,147.668467605891));
#6488=CARTESIAN_POINT('Ctrl Pts',(-84.3753957203974,3.34502815161086,147.685017086188));
#6489=CARTESIAN_POINT('Ctrl Pts',(-84.2722012642149,3.34371590244432,147.812537826513));
#6490=CARTESIAN_POINT('Ctrl Pts',(-84.1606064776934,3.34229679679091,147.932646242229));
#6491=CARTESIAN_POINT('Ctrl Pts',(-84.0423344916007,3.34079285154303,148.045867914061));
#6492=CARTESIAN_POINT('Ctrl Pts',(-83.9122165701167,3.33913827351365,148.170429689782));
#6493=CARTESIAN_POINT('Ctrl Pts',(-83.7740232143761,3.33738101000398,148.286657743918));
#6494=CARTESIAN_POINT('Ctrl Pts',(-83.6300664293461,3.33555037816088,148.395284983706));
#6495=CARTESIAN_POINT('Ctrl Pts',(-83.5710102696898,3.33479938829697,148.439847715602));
#6496=CARTESIAN_POINT('Ctrl Pts',(-83.5109837869061,3.33403605105403,148.483131493817));
#6497=CARTESIAN_POINT('Ctrl Pts',(-83.450143601828,3.33326239048045,148.525187315357));
#6498=CARTESIAN_POINT('',(-88.9401653500858,3.40307502121575,137.860970727863));
#6499=CARTESIAN_POINT('Origin',(-88.010852160408,3.39125761838506,145.458725665894));
#6500=CARTESIAN_POINT('',(-92.5715607189881,3.44925284628967,148.525187315357));
#6501=CARTESIAN_POINT('Ctrl Pts',(-92.5715607189881,3.44925284628967,148.525187315357));
#6502=CARTESIAN_POINT('Ctrl Pts',(-92.4441243046344,3.44763232969694,148.441658999406));
#6503=CARTESIAN_POINT('Ctrl Pts',(-92.3198207258366,3.44605154157298,148.352934134198));
#6504=CARTESIAN_POINT('Ctrl Pts',(-92.2001501043281,3.44452981183829,148.258544126357));
#6505=CARTESIAN_POINT('Ctrl Pts',(-92.0510760540769,3.44263418856769,148.140962211976));
#6506=CARTESIAN_POINT('Ctrl Pts',(-91.9091954978702,3.4408302106836,148.014586998813));
#6507=CARTESIAN_POINT('Ctrl Pts',(-91.777473522118,3.43915524392549,147.87851983703));
#6508=CARTESIAN_POINT('Ctrl Pts',(-91.6820237593415,3.4379415119054,147.779921419873));
#6509=CARTESIAN_POINT('Ctrl Pts',(-91.5919108972784,3.43679552225739,147.676233655884));
#6510=CARTESIAN_POINT('Ctrl Pts',(-91.5082441585238,3.43573149248786,147.567130716873));
#6511=CARTESIAN_POINT('Ctrl Pts',(-91.4764496555433,3.43532714664886,147.525670110529));
#6512=CARTESIAN_POINT('Ctrl Pts',(-91.4455856425855,3.43493463666673,147.483427708365));
#6513=CARTESIAN_POINT('Ctrl Pts',(-91.415711023323,3.43455474276857,147.440386563284));
#6514=CARTESIAN_POINT('Ctrl Pts',(-91.3087407807587,3.43319447966102,147.28627173795));
#6515=CARTESIAN_POINT('Ctrl Pts',(-91.2172202950393,3.43203069809767,147.125911221572));
#6516=CARTESIAN_POINT('Ctrl Pts',(-91.1410056263083,3.4310615786076,146.958860177274));
#6517=CARTESIAN_POINT('Ctrl Pts',(-91.0767350052841,3.43024433551634,146.817988681818));
#6518=CARTESIAN_POINT('Ctrl Pts',(-91.0233537534989,3.42956552210182,146.672358119112));
#6519=CARTESIAN_POINT('Ctrl Pts',(-90.9807768325628,3.42902404725814,146.521712402004));
#6520=CARTESIAN_POINT('Ctrl Pts',(-90.9638468842304,3.4288087395063,146.461810836765));
#6521=CARTESIAN_POINT('Ctrl Pts',(-90.9486248786249,3.42861514652713,146.401116541082));
#6522=CARTESIAN_POINT('Ctrl Pts',(-90.9351030891435,3.42844319972268,146.339614612589));
#6523=CARTESIAN_POINT('Ctrl Pts',(-90.8966861484877,3.42795467930966,146.164880644102));
#6524=CARTESIAN_POINT('Ctrl Pts',(-90.8730533747706,3.42765427635181,145.98843006247));
#6525=CARTESIAN_POINT('Ctrl Pts',(-90.86173426552,3.42751033266229,145.81115968647));
#6526=CARTESIAN_POINT('Ctrl Pts',(-90.8484431572943,3.42734131130968,145.603005519878));
#6527=CARTESIAN_POINT('Ctrl Pts',(-90.8521231445751,3.42738801431262,145.393723554481));
#6528=CARTESIAN_POINT('Ctrl Pts',(-90.8687303422894,3.42759918706903,145.184751823095));
#6529=CARTESIAN_POINT('Ctrl Pts',(-90.8721972923897,3.42764327189428,145.141126488011));
#6530=CARTESIAN_POINT('Ctrl Pts',(-90.8762277414314,3.42769452456296,145.097514545357));
#6531=CARTESIAN_POINT('Ctrl Pts',(-90.8807852227487,3.42775247875238,145.05392883539));
#6532=CARTESIAN_POINT('Ctrl Pts',(-90.9150667722366,3.42818841239075,144.726075451208));
#6533=CARTESIAN_POINT('Ctrl Pts',(-90.9796238785631,3.42900923358761,144.395386047981));
#6534=CARTESIAN_POINT('Ctrl Pts',(-91.0615356675347,3.43005080838863,144.065350002687));
#6535=CARTESIAN_POINT('Ctrl Pts',(-91.1342337037088,3.43097522285342,143.772437680045));
#6536=CARTESIAN_POINT('Ctrl Pts',(-91.220598665776,3.43207352160528,143.480039616545));
#6537=CARTESIAN_POINT('Ctrl Pts',(-91.3116134634234,3.43323096137035,143.190558717099));
#6538=CARTESIAN_POINT('Ctrl Pts',(-91.3443985225784,3.43364789061863,143.08628283386));
#6539=CARTESIAN_POINT('Ctrl Pts',(-91.3777872633152,3.43407249377668,142.982385128854));
#6540=CARTESIAN_POINT('Ctrl Pts',(-91.4113595083953,3.43449940770457,142.878976775985));
#6541=CARTESIAN_POINT('Ctrl Pts',(-91.5083551471911,3.43573283099954,142.580213341507));
#6542=CARTESIAN_POINT('Ctrl Pts',(-91.606878919353,3.43698550945001,142.285537291763));
#6543=CARTESIAN_POINT('Ctrl Pts',(-91.696831930995,3.43812934219237,141.997604988419));
#6544=CARTESIAN_POINT('Ctrl Pts',(-91.814778960118,3.4396291438256,141.62006610286));
#6545=CARTESIAN_POINT('Ctrl Pts',(-91.9179936216532,3.44094181093986,141.254121551781));
#6546=CARTESIAN_POINT('Ctrl Pts',(-91.9837900222249,3.44177856430661,140.905689484682));
#6547=CARTESIAN_POINT('Ctrl Pts',(-92.0221591564127,3.44226651656437,140.702501519661));
#6548=CARTESIAN_POINT('Ctrl Pts',(-92.0478053086724,3.44259262803687,140.505267545468));
#6549=CARTESIAN_POINT('Ctrl Pts',(-92.0562200004118,3.44269963157786,140.315157871272));
#6550=CARTESIAN_POINT('Ctrl Pts',(-92.0615063464125,3.44276685421161,140.195725627405));
#6551=CARTESIAN_POINT('Ctrl Pts',(-92.0601392322692,3.44274938374799,140.075904587924));
#6552=CARTESIAN_POINT('Ctrl Pts',(-92.0498307395787,3.44261821767456,139.957091178055));
#6553=CARTESIAN_POINT('Ctrl Pts',(-92.0416424704386,3.44251402949269,139.862714996526));
#6554=CARTESIAN_POINT('Ctrl Pts',(-92.0278080490888,3.44233810524111,139.768975564596));
#6555=CARTESIAN_POINT('Ctrl Pts',(-92.0071821255867,3.44207590953793,139.676563040292));
#6556=CARTESIAN_POINT('Ctrl Pts',(-91.9943670022045,3.4419130043334,139.619146076592));
#6557=CARTESIAN_POINT('Ctrl Pts',(-91.9789304183305,3.44171679593513,139.562241096915));
#6558=CARTESIAN_POINT('Ctrl Pts',(-91.9606076157947,3.44148379812454,139.506009055834));
#6559=CARTESIAN_POINT('Ctrl Pts',(-91.913807330761,3.44088867279222,139.362380615509));
#6560=CARTESIAN_POINT('Ctrl Pts',(-91.8501007697055,3.44007860797835,139.229038567619));
#6561=CARTESIAN_POINT('Ctrl Pts',(-91.7691092903029,3.43904868863318,139.105227329636));
#6562=CARTESIAN_POINT('Ctrl Pts',(-91.7283253739893,3.43853006439403,139.04288117661));
#6563=CARTESIAN_POINT('Ctrl Pts',(-91.6831595086451,3.43795569147199,138.98295201567));
#6564=CARTESIAN_POINT('Ctrl Pts',(-91.6335577851927,3.43732494227609,138.925348150283));
#6565=CARTESIAN_POINT('Ctrl Pts',(-91.5722025901051,3.43654473269318,138.854094650352));
#6566=CARTESIAN_POINT('Ctrl Pts',(-91.5055641444406,3.43569714795902,138.788155127684));
#6567=CARTESIAN_POINT('Ctrl Pts',(-91.4347453462353,3.4347965608828,138.727035841407));
#6568=CARTESIAN_POINT('Ctrl Pts',(-91.3202999623656,3.43334118411479,138.628265170949));
#6569=CARTESIAN_POINT('Ctrl Pts',(-91.1949449916691,3.43174738872655,138.542078173669));
#6570=CARTESIAN_POINT('Ctrl Pts',(-91.0634926260909,3.43007583310312,138.466387649483));
#6571=CARTESIAN_POINT('Ctrl Pts',(-91.0531892435612,3.42994481471534,138.460454942064));
#6572=CARTESIAN_POINT('Ctrl Pts',(-91.0428483832871,3.42981331859988,138.45458675071));
#6573=CARTESIAN_POINT('Ctrl Pts',(-91.0324723395796,3.42968137396631,138.448782089413));
#6574=CARTESIAN_POINT('Ctrl Pts',(-90.7550113611756,3.42615310363935,138.293562330495));
#6575=CARTESIAN_POINT('Ctrl Pts',(-90.4114610112644,3.42178452642173,138.160871874293));
#6576=CARTESIAN_POINT('Ctrl Pts',(-89.9904378837486,3.41643066639306,138.053701313177));
#6577=CARTESIAN_POINT('Ctrl Pts',(-89.6831089378876,3.41252257666743,137.975471369445));
#6578=CARTESIAN_POINT('Ctrl Pts',(-89.3345001283454,3.40808949101625,137.910839057841));
#6579=CARTESIAN_POINT('Ctrl Pts',(-88.9401653500858,3.40307502121575,137.860970727863));
#6580=CARTESIAN_POINT('Ctrl Pts',(-98.1242561776001,3.51986245321166,149.170592709036));
#6581=CARTESIAN_POINT('Ctrl Pts',(-97.7979768851,3.51571339573823,149.170592709036));
#6582=CARTESIAN_POINT('Ctrl Pts',(-97.4647970784989,3.51147665280555,149.166736726028));
#6583=CARTESIAN_POINT('Ctrl Pts',(-97.1291589720665,3.50720873099591,149.157778274265));
#6584=CARTESIAN_POINT('Ctrl Pts',(-96.7570368125272,3.50247688365764,149.147846033699));
#6585=CARTESIAN_POINT('Ctrl Pts',(-96.3818989672188,3.49770671071529,149.131639511951));
#6586=CARTESIAN_POINT('Ctrl Pts',(-96.0098230839566,3.4929752212341,149.10745126899));
#6587=CARTESIAN_POINT('Ctrl Pts',(-95.720075466229,3.48929065615705,149.088615095806));
#6588=CARTESIAN_POINT('Ctrl Pts',(-95.4321862332666,3.48562954967676,149.064938047419));
#6589=CARTESIAN_POINT('Ctrl Pts',(-95.1489943522922,3.48202826874574,149.035625243247));
#6590=CARTESIAN_POINT('Ctrl Pts',(-95.0685288197127,3.48100500851989,149.027296366052));
#6591=CARTESIAN_POINT('Ctrl Pts',(-94.9884422373401,3.479986578269,149.018512595495));
#6592=CARTESIAN_POINT('Ctrl Pts',(-94.90879894828,3.47897381223917,149.009255984493));
#6593=CARTESIAN_POINT('Ctrl Pts',(-94.7127471694042,3.4764807637466,148.986469694843));
#6594=CARTESIAN_POINT('Ctrl Pts',(-94.5118971818365,3.47392676128079,148.959950742945));
#6595=CARTESIAN_POINT('Ctrl Pts',(-94.3092586237811,3.47135015540281,148.928928631045));
#6596=CARTESIAN_POINT('Ctrl Pts',(-94.0147828374091,3.4676058135097,148.883847078531));
#6597=CARTESIAN_POINT('Ctrl Pts',(-93.7165389428333,3.46381373748656,148.829252392713));
#6598=CARTESIAN_POINT('Ctrl Pts',(-93.4238400465361,3.46009162130913,148.76275177012));
#6599=CARTESIAN_POINT('Ctrl Pts',(-93.2430112686863,3.45779210556823,148.721667821866));
#6600=CARTESIAN_POINT('Ctrl Pts',(-93.0642998449787,3.45551929170288,148.676039326846));
#6601=CARTESIAN_POINT('Ctrl Pts',(-92.8898719234642,3.4533009316705,148.625313036741));
#6602=CARTESIAN_POINT('Ctrl Pts',(-92.7819617087717,3.45192853839034,148.593931106552));
#6603=CARTESIAN_POINT('Ctrl Pts',(-92.6756902601177,3.45057698625429,148.560598337391));
#6604=CARTESIAN_POINT('Ctrl Pts',(-92.5715607189881,3.44925284628967,148.525187315357));
#6605=CARTESIAN_POINT('Ctrl Pts',(-98.1242561776001,-0.00100000129802602,
149.170592709036));
#6606=CARTESIAN_POINT('Ctrl Pts',(-98.1242561776001,13.003216444966,149.170592709036));
#6607=CARTESIAN_POINT('Ctrl Pts',(-94.4694378099733,-0.00100000129802602,
149.170592709036));
#6608=CARTESIAN_POINT('Ctrl Pts',(-94.4694378099733,13.003216444966,149.170592709036));
#6609=CARTESIAN_POINT('Ctrl Pts',(-92.5715607189881,-0.00100000129802602,
148.525187315357));
#6610=CARTESIAN_POINT('Ctrl Pts',(-92.5715607189881,13.003216444966,148.525187315357));
#6611=CARTESIAN_POINT('',(-92.5715607189881,-0.00100000129802602,148.525187315357));
#6612=CARTESIAN_POINT('Ctrl Pts',(-92.5715607189881,-0.00100000129802602,
148.525187315357));
#6613=CARTESIAN_POINT('Ctrl Pts',(-92.5715607189881,13.003216444966,148.525187315357));
#6614=CARTESIAN_POINT('Ctrl Pts',(-89.2175807657013,-0.00100000129802602,
146.326818045068));
#6615=CARTESIAN_POINT('Ctrl Pts',(-89.2175807657013,13.003216444966,146.326818045068));
#6616=CARTESIAN_POINT('Ctrl Pts',(-90.6646946506951,-0.00100000129802602,
142.809202446935));
#6617=CARTESIAN_POINT('Ctrl Pts',(-90.6646946506951,13.003216444966,142.809202446935));
#6618=CARTESIAN_POINT('Ctrl Pts',(-95.2861703275064,-0.00100000129802602,
138.66349865007));
#6619=CARTESIAN_POINT('Ctrl Pts',(-95.2861703275064,13.003216444966,138.66349865007));
#6620=CARTESIAN_POINT('Ctrl Pts',(-88.9401653500858,-0.00100000129802602,
137.860970727863));
#6621=CARTESIAN_POINT('Ctrl Pts',(-88.9401653500858,13.003216444966,137.860970727863));
#6622=CARTESIAN_POINT('',(-88.9401653500858,-0.00100000129802602,137.860970727863));
#6623=CARTESIAN_POINT('Origin',(-88.010852160408,-0.00100000129802602,145.458725665894));
#6624=CARTESIAN_POINT('',(-87.0815389707303,-0.00100000129802602,137.860970727863));
#6625=CARTESIAN_POINT('Ctrl Pts',(-87.0815389707303,-0.00100000129802602,
137.860970727863));
#6626=CARTESIAN_POINT('Ctrl Pts',(-87.0815389707303,13.003216444966,137.860970727863));
#6627=CARTESIAN_POINT('Ctrl Pts',(-81.0618621549975,-0.00100000129802602,
138.757109423085));
#6628=CARTESIAN_POINT('Ctrl Pts',(-81.0618621549975,13.003216444966,138.757109423085));
#6629=CARTESIAN_POINT('Ctrl Pts',(-85.3879233244036,-0.00100000129802602,
142.829249559705));
#6630=CARTESIAN_POINT('Ctrl Pts',(-85.3879233244036,13.003216444966,142.829249559705));
#6631=CARTESIAN_POINT('Ctrl Pts',(-86.6331267436878,-0.00100000129802602,
146.324947937306));
#6632=CARTESIAN_POINT('Ctrl Pts',(-86.6331267436878,13.003216444966,146.324947937306));
#6633=CARTESIAN_POINT('Ctrl Pts',(-83.450143601828,-0.00100000129802602,
148.525187315357));
#6634=CARTESIAN_POINT('Ctrl Pts',(-83.450143601828,13.003216444966,148.525187315357));
#6635=CARTESIAN_POINT('',(-83.450143601828,-0.00100000129802602,148.525187315357));
#6636=CARTESIAN_POINT('Ctrl Pts',(-83.450143601828,-0.00100000129802602,
148.525187315357));
#6637=CARTESIAN_POINT('Ctrl Pts',(-83.450143601828,13.003216444966,148.525187315357));
#6638=CARTESIAN_POINT('Ctrl Pts',(-81.5522665108427,-0.00100000129802602,
149.170592709036));
#6639=CARTESIAN_POINT('Ctrl Pts',(-81.5522665108427,13.003216444966,149.170592709036));
#6640=CARTESIAN_POINT('Ctrl Pts',(-77.8974481432159,-0.00100000129802602,
149.170592709036));
#6641=CARTESIAN_POINT('Ctrl Pts',(-77.8974481432159,13.003216444966,149.170592709036));
#6642=CARTESIAN_POINT('',(-77.8974481432159,-0.00100000129802602,149.170592709036));
#6643=CARTESIAN_POINT('Ctrl Pts',(-77.8974481432159,-0.00100000129802602,
149.170592709036));
#6644=CARTESIAN_POINT('Ctrl Pts',(-77.8974481432159,13.003216444966,149.170592709036));
#6645=CARTESIAN_POINT('Ctrl Pts',(-74.2426297755891,-0.00100000129802602,
149.170592709036));
#6646=CARTESIAN_POINT('Ctrl Pts',(-74.2426297755891,13.003216444966,149.170592709036));
#6647=CARTESIAN_POINT('Ctrl Pts',(-72.3447526846039,-0.00100000129802602,
149.815998102716));
#6648=CARTESIAN_POINT('Ctrl Pts',(-72.3447526846039,13.003216444966,149.815998102716));
#6649=CARTESIAN_POINT('',(-72.3447526846039,-0.00100000129802602,149.815998102716));
#6650=CARTESIAN_POINT('Ctrl Pts',(-72.3447526846038,-0.00100000129802602,
149.815998102716));
#6651=CARTESIAN_POINT('Ctrl Pts',(-72.3447526846038,13.003216444966,149.815998102716));
#6652=CARTESIAN_POINT('Ctrl Pts',(-68.9880761007975,-0.00100000129802602,
152.003221044737));
#6653=CARTESIAN_POINT('Ctrl Pts',(-68.9880761007975,13.003216444966,152.003221044737));
#6654=CARTESIAN_POINT('Ctrl Pts',(-70.4455040533832,-0.00100000129802602,
155.530657707494));
#6655=CARTESIAN_POINT('Ctrl Pts',(-70.4455040533832,13.003216444966,155.530657707494));
#6656=CARTESIAN_POINT('Ctrl Pts',(-75.055346193376,-0.00100000129802602,
159.678775480803));
#6657=CARTESIAN_POINT('Ctrl Pts',(-75.055346193376,13.003216444966,159.678775480803));
#6658=CARTESIAN_POINT('Ctrl Pts',(-68.7133573157017,-0.00100000129802602,
160.48021469021));
#6659=CARTESIAN_POINT('Ctrl Pts',(-68.7133573157017,13.003216444966,160.48021469021));
#6660=CARTESIAN_POINT('',(-68.7133573157016,-0.00100000129802602,160.48021469021));
#6661=CARTESIAN_POINT('Origin',(-67.7840441260238,-0.00100000129802602,
152.882459752179));
#6662=CARTESIAN_POINT('',(-66.8547309363461,-0.00100000129802602,160.48021469021));
#6663=CARTESIAN_POINT('Ctrl Pts',(-66.8547309363461,-0.00100000129802602,
160.48021469021));
#6664=CARTESIAN_POINT('Ctrl Pts',(-66.8547309363461,13.003216444966,160.48021469021));
#6665=CARTESIAN_POINT('Ctrl Pts',(-60.5291236104644,-0.00100000129802602,
159.625261692554));
#6666=CARTESIAN_POINT('Ctrl Pts',(-60.5291236104644,13.003216444966,159.625261692554));
#6667=CARTESIAN_POINT('Ctrl Pts',(-64.9355496375668,-0.00100000129802602,
155.486653290808));
#6668=CARTESIAN_POINT('Ctrl Pts',(-64.9355496375668,13.003216444966,155.486653290808));
#6669=CARTESIAN_POINT('Ctrl Pts',(-67.2078715634755,-0.00100000129802602,
151.630614234618));
#6670=CARTESIAN_POINT('Ctrl Pts',(-67.2078715634755,13.003216444966,151.630614234618));
#6671=CARTESIAN_POINT('Ctrl Pts',(-62.4405422113663,-0.00100000129802602,
149.815998102716));
#6672=CARTESIAN_POINT('Ctrl Pts',(-62.4405422113663,13.003216444966,149.815998102716));
#6673=CARTESIAN_POINT('',(-62.4405422113663,-0.00100000129802602,149.815998102716));
#6674=CARTESIAN_POINT('Ctrl Pts',(-62.4405422113663,-0.00100000129802602,
149.815998102716));
#6675=CARTESIAN_POINT('Ctrl Pts',(-62.4405422113663,13.003216444966,149.815998102716));
#6676=CARTESIAN_POINT('Ctrl Pts',(-58.2189450705962,-0.00100000129802602,
149.170592709036));
#6677=CARTESIAN_POINT('Ctrl Pts',(-58.2189450705962,13.003216444966,149.170592709036));
#6678=CARTESIAN_POINT('Ctrl Pts',(-52.8408562372434,-0.00100000129802602,
148.525187315357));
#6679=CARTESIAN_POINT('Ctrl Pts',(-52.8408562372434,13.003216444966,148.525187315357));
#6680=CARTESIAN_POINT('',(-52.8408562372434,-0.00100000129802602,148.525187315357));
#6681=CARTESIAN_POINT('Ctrl Pts',(-52.8408562372433,-0.00100000129802602,
148.525187315357));
#6682=CARTESIAN_POINT('Ctrl Pts',(-52.8408562372433,13.003216444966,148.525187315357));
#6683=CARTESIAN_POINT('Ctrl Pts',(-48.1771844945522,-0.00100000129802602,
146.674072499229));
#6684=CARTESIAN_POINT('Ctrl Pts',(-48.1771844945522,13.003216444966,146.674072499229));
#6685=CARTESIAN_POINT('Ctrl Pts',(-50.393518008741,-0.00100000129802602,
142.848336119439));
#6686=CARTESIAN_POINT('Ctrl Pts',(-50.393518008741,13.003216444966,142.848336119439));
#6687=CARTESIAN_POINT('Ctrl Pts',(-54.8163459940329,-0.00100000129802602,
138.713520594492));
#6688=CARTESIAN_POINT('Ctrl Pts',(-54.8163459940329,13.003216444966,138.713520594492));
#6689=CARTESIAN_POINT('Ctrl Pts',(-48.4865492813174,-0.00100000129802602,
137.860970727863));
#6690=CARTESIAN_POINT('Ctrl Pts',(-48.4865492813174,13.003216444966,137.860970727863));
#6691=CARTESIAN_POINT('',(-48.4865492813174,-0.00100000129802602,137.860970727863));
#6692=CARTESIAN_POINT('Origin',(-47.5572360916397,-0.00100000129802602,
145.458725665894));
#6693=CARTESIAN_POINT('',(-46.6279229019619,-0.00100000129802602,137.860970727863));
#6694=CARTESIAN_POINT('Ctrl Pts',(-46.6279229019619,-0.00100000129802602,
137.860970727863));
#6695=CARTESIAN_POINT('Ctrl Pts',(-46.6279229019619,13.003216444966,137.860970727863));
#6696=CARTESIAN_POINT('Ctrl Pts',(-40.4250891340709,-0.00100000129802602,
138.694193605804));
#6697=CARTESIAN_POINT('Ctrl Pts',(-40.4250891340709,13.003216444966,138.694193605804));
#6698=CARTESIAN_POINT('Ctrl Pts',(-44.9163904488957,-0.00100000129802602,
142.819915341111));
#6699=CARTESIAN_POINT('Ctrl Pts',(-44.9163904488957,13.003216444966,142.819915341111));
#6700=CARTESIAN_POINT('Ctrl Pts',(-46.2808278896313,-0.00100000129802602,
146.336510902974));
#6701=CARTESIAN_POINT('Ctrl Pts',(-46.2808278896313,13.003216444966,146.336510902974));
#6702=CARTESIAN_POINT('Ctrl Pts',(-42.9965275330596,-0.00100000129802602,
148.525187315357));
#6703=CARTESIAN_POINT('Ctrl Pts',(-42.9965275330596,13.003216444966,148.525187315357));
#6704=CARTESIAN_POINT('',(-42.9965275330596,-0.00100000129802602,148.525187315357));
#6705=CARTESIAN_POINT('Ctrl Pts',(-42.9965275330596,-0.00100000129802602,
148.525187315357));
#6706=CARTESIAN_POINT('Ctrl Pts',(-42.9965275330596,13.003216444966,148.525187315357));
#6707=CARTESIAN_POINT('Ctrl Pts',(-41.0986504420744,-0.00100000129802602,
149.170592709036));
#6708=CARTESIAN_POINT('Ctrl Pts',(-41.0986504420744,13.003216444966,149.170592709036));
#6709=CARTESIAN_POINT('Ctrl Pts',(-37.4438320744476,-0.00100000129802602,
149.170592709036));
#6710=CARTESIAN_POINT('Ctrl Pts',(-37.4438320744476,13.003216444966,149.170592709036));
#6711=CARTESIAN_POINT('',(-37.4438320744476,-0.00100000129802602,149.170592709036));
#6712=CARTESIAN_POINT('Ctrl Pts',(-37.4438320744476,-0.00100000129802602,
149.170592709036));
#6713=CARTESIAN_POINT('Ctrl Pts',(-37.4438320744476,13.003216444966,149.170592709036));
#6714=CARTESIAN_POINT('Ctrl Pts',(-33.7890137068208,-0.00100000129802602,
149.170592709036));
#6715=CARTESIAN_POINT('Ctrl Pts',(-33.7890137068208,13.003216444966,149.170592709036));
#6716=CARTESIAN_POINT('Ctrl Pts',(-31.8911366158355,-0.00100000129802602,
149.815998102716));
#6717=CARTESIAN_POINT('Ctrl Pts',(-31.8911366158355,13.003216444966,149.815998102716));
#6718=CARTESIAN_POINT('',(-31.8911366158355,-0.00100000129802602,149.815998102716));
#6719=CARTESIAN_POINT('Ctrl Pts',(-31.8911366158355,-0.00100000129802602,
149.815998102716));
#6720=CARTESIAN_POINT('Ctrl Pts',(-31.8911366158355,13.003216444966,149.815998102716));
#6721=CARTESIAN_POINT('Ctrl Pts',(-28.5344600320291,-0.00100000129802602,
152.003221044737));
#6722=CARTESIAN_POINT('Ctrl Pts',(-28.5344600320291,13.003216444966,152.003221044737));
#6723=CARTESIAN_POINT('Ctrl Pts',(-29.9918879846147,-0.00100000129802602,
155.530657707494));
#6724=CARTESIAN_POINT('Ctrl Pts',(-29.9918879846147,13.003216444966,155.530657707494));
#6725=CARTESIAN_POINT('Ctrl Pts',(-34.6017301246078,-0.00100000129802602,
159.678775480803));
#6726=CARTESIAN_POINT('Ctrl Pts',(-34.6017301246078,13.003216444966,159.678775480803));
#6727=CARTESIAN_POINT('Ctrl Pts',(-28.2597412469332,-0.00100000129802602,
160.48021469021));
#6728=CARTESIAN_POINT('Ctrl Pts',(-28.2597412469332,13.003216444966,160.48021469021));
#6729=CARTESIAN_POINT('',(-28.2597412469332,-0.00100000129802602,160.48021469021));
#6730=CARTESIAN_POINT('Origin',(-27.3304280572555,-0.00100000129802602,
152.882459752179));
#6731=CARTESIAN_POINT('',(-26.4011148675777,-0.00100000129802602,160.48021469021));
#6732=CARTESIAN_POINT('Ctrl Pts',(-26.4011148675777,-0.00100000129802602,
160.480214690209));
#6733=CARTESIAN_POINT('Ctrl Pts',(-26.4011148675777,13.003216444966,160.480214690209));
#6734=CARTESIAN_POINT('Ctrl Pts',(-20.0633026481221,-0.00100000129802602,
159.681531847625));
#6735=CARTESIAN_POINT('Ctrl Pts',(-20.0633026481221,13.003216444966,159.681531847625));
#6736=CARTESIAN_POINT('Ctrl Pts',(-24.6710278076755,-0.00100000129802602,
155.529960090256));
#6737=CARTESIAN_POINT('Ctrl Pts',(-24.6710278076755,13.003216444966,155.529960090256));
#6738=CARTESIAN_POINT('Ctrl Pts',(-26.1256761387127,-0.00100000129802602,
152.001476950913));
#6739=CARTESIAN_POINT('Ctrl Pts',(-26.1256761387127,13.003216444966,152.001476950913));
#6740=CARTESIAN_POINT('Ctrl Pts',(-22.7697194986754,-0.00100000129802602,
149.815998102716));
#6741=CARTESIAN_POINT('Ctrl Pts',(-22.7697194986754,13.003216444966,149.815998102716));
#6742=CARTESIAN_POINT('',(-22.7697194986754,-0.00100000129802602,149.815998102716));
#6743=CARTESIAN_POINT('Ctrl Pts',(-22.7697194986754,-0.00100000129802602,
149.815998102716));
#6744=CARTESIAN_POINT('Ctrl Pts',(-22.7697194986754,13.003216444966,149.815998102716));
#6745=CARTESIAN_POINT('Ctrl Pts',(-20.8718424076902,-0.00100000129802602,
149.170592709036));
#6746=CARTESIAN_POINT('Ctrl Pts',(-20.8718424076902,13.003216444966,149.170592709036));
#6747=CARTESIAN_POINT('Ctrl Pts',(-17.2170240400634,-0.00100000129802602,
149.170592709036));
#6748=CARTESIAN_POINT('Ctrl Pts',(-17.2170240400634,13.003216444966,149.170592709036));
#6749=CARTESIAN_POINT('',(-17.2170240400634,-0.00100000129802602,149.170592709036));
#6750=CARTESIAN_POINT('Origin',(0.,-0.00100000129802602,149.170592709036));
#6751=CARTESIAN_POINT('',(-8.99782486931503,7.23197702905265,149.170592709036));
#6752=CARTESIAN_POINT('Origin',(-13.9930503725356,7.45043107908397,149.170592709037));
#6753=CARTESIAN_POINT('',(-8.96562032950141,7.93238689531293,149.170592709036));
#6754=CARTESIAN_POINT('Ctrl Pts',(-8.99782486931504,7.23197702905264,149.170592709036));
#6755=CARTESIAN_POINT('Ctrl Pts',(-8.98761339535801,7.46547517261332,149.170592709036));
#6756=CARTESIAN_POINT('Ctrl Pts',(-8.97687851200088,7.69894644837733,149.170592709036));
#6757=CARTESIAN_POINT('Ctrl Pts',(-8.9656203292667,7.93238690017977,149.170592709036));
#6758=CARTESIAN_POINT('',(0.,7.5,149.170592709036));
#6759=CARTESIAN_POINT('',(-56.8412899834434,10.2412970880164,149.170592709036));
#6760=CARTESIAN_POINT('',(0.,2.00000000000001,149.170592709036));
#6761=CARTESIAN_POINT('',(0.,0.999499999350994,149.170592709036));
#6762=CARTESIAN_POINT('Origin',(-2.,2.,149.170592709036));
#6763=CARTESIAN_POINT('Origin',(-2.,2.,323.75));
#6764=CARTESIAN_POINT('',(0.,2.00000000000001,319.75));
#6765=CARTESIAN_POINT('',(0.,2.00000000000001,323.75));
#6766=CARTESIAN_POINT('',(-1.86631836339278,0.00447269624442035,319.75));
#6767=CARTESIAN_POINT('Origin',(-2.,2.,319.75));
#6768=CARTESIAN_POINT('',(-1.28208444947338,0.133292400424785,318.749999999996));
#6769=CARTESIAN_POINT('Origin',(-1.99999999988341,1.99999999943209,320.147771432544));
#6770=CARTESIAN_POINT('Origin',(-1.99999999993223,1.99999999963635,317.352228567357));
#6771=CARTESIAN_POINT('',(-1.83024589873571,0.00721713548546433,163.896225942162));
#6772=CARTESIAN_POINT('Origin',(-1.96794403839361,2.65740263291424,164.049339795146));
#6773=CARTESIAN_POINT('',(-1.83024589873516,0.00721713548513039,159.854774057832));
#6774=CARTESIAN_POINT('',(-1.83024589873346,0.00721713548535634,323.75));
#6775=CARTESIAN_POINT('Origin',(-1.96794403807863,2.65740263306661,159.7016602043));
#6776=CARTESIAN_POINT('Origin',(69.1624353918316,3.99535637032207,200.683918035472));
#6777=CARTESIAN_POINT('',(-1.63790905215326,3.99535637032207,159.854774057832));
#6778=CARTESIAN_POINT('',(-1.63790905215326,3.99535637032207,159.854774057832));
#6779=CARTESIAN_POINT('',(-5.14197695057689,3.99535637032207,157.834048115669));
#6780=CARTESIAN_POINT('',(69.1624353918316,3.99535637032207,200.683918035472));
#6781=CARTESIAN_POINT('',(-5.14197695057689,3.99535637032207,157.834048115669));
#6782=CARTESIAN_POINT('Origin',(-74.4414930794436,3.99535637032207,197.797694392067));
#6783=CARTESIAN_POINT('',(-8.64604484899797,3.99535637032207,159.854774057836));
#6784=CARTESIAN_POINT('',(-74.4414930794436,3.99535637032207,197.797694392067));
#6785=CARTESIAN_POINT('',(-8.64604484899797,3.99535637032207,159.854774057836));
#6786=CARTESIAN_POINT('Origin',(-8.64604484899571,3.99535637032207,323.75));
#6787=CARTESIAN_POINT('',(-8.64604484899791,3.99535637032207,163.896225942161));
#6788=CARTESIAN_POINT('',(-8.64604484899571,3.99535637032207,323.75));
#6789=CARTESIAN_POINT('',(-8.64604484899791,3.99535637032207,163.896225942161));
#6790=CARTESIAN_POINT('Origin',(65.6644693389864,3.99535637032207,206.749614674389));
#6791=CARTESIAN_POINT('',(-5.14197695057725,3.99535637032207,165.916951884325));
#6792=CARTESIAN_POINT('',(65.6644693389864,3.99535637032207,206.749614674389));
#6793=CARTESIAN_POINT('',(-5.14197695057725,3.99535637032207,165.916951884325));
#6794=CARTESIAN_POINT('Origin',(-70.9435270265985,3.99535637032207,203.863391030982));
#6795=CARTESIAN_POINT('',(-1.63790905215383,3.99535637032207,163.896225942162));
#6796=CARTESIAN_POINT('',(-70.9435270265985,3.99535637032207,203.863391030982));
#6797=CARTESIAN_POINT('',(-1.63790905215383,3.99535637032207,163.896225942162));
#6798=CARTESIAN_POINT('Origin',(0.892310459315975,3.99535637032207,322.189558934159));
#6799=CARTESIAN_POINT('',(-1.0958278617447,3.99535637032207,318.749999999996));
#6800=CARTESIAN_POINT('',(-1.0958278617447,3.99535637032207,318.749999999996));
#6801=CARTESIAN_POINT('',(-3.1189024061557,3.99535637032207,315.249999999998));
#6802=CARTESIAN_POINT('',(0.892310459315975,3.99535637032207,322.189558934159));
#6803=CARTESIAN_POINT('',(-3.1189024061557,3.99535637032207,315.249999999998));
#6804=CARTESIAN_POINT('Origin',(-1.80731509107655,3.99535637032207,315.25));
#6805=CARTESIAN_POINT('',(-7.16505149498397,3.99535637032207,315.25));
#6806=CARTESIAN_POINT('',(-1.80731509107655,3.99535637032207,315.25));
#6807=CARTESIAN_POINT('',(-7.16505149498397,3.99535637032207,315.25));
#6808=CARTESIAN_POINT('Origin',(-9.50602663189328,3.99535637032207,319.299980759143));
#6809=CARTESIAN_POINT('',(-9.18812603939316,3.99535637032207,318.749999999998));
#6810=CARTESIAN_POINT('',(-9.50602663189328,3.99535637032207,319.299980759143));
#6811=CARTESIAN_POINT('',(-9.18812603939316,3.99535637032207,318.749999999998));
#6812=CARTESIAN_POINT('Origin',(-5.17338617722086,3.99535637032207,325.695660779732));
#6813=CARTESIAN_POINT('',(-7.31541697486043,0.877501000800401,322.249999999999));
#6814=CARTESIAN_POINT('Origin',(-8.60988079167347,4.00000000003027,319.749999999986));
#6815=CARTESIAN_POINT('',(-7.165051494981,3.99535637032207,322.249999999998));
#6816=CARTESIAN_POINT('',(-5.17338617722086,3.99535637032207,325.695660779732));
#6817=CARTESIAN_POINT('',(-7.165051494981,3.99535637032207,322.249999999998));
#6818=CARTESIAN_POINT('Origin',(-2.,4.,319.75));
#6819=CARTESIAN_POINT('',(-3.26926788603774,0.877501000799997,322.25));
#6820=CARTESIAN_POINT('',(-1.99999999999997,0.877501000800401,322.25));
#6821=CARTESIAN_POINT('',(-2.00353149311717,0.00707391264943821,319.987599847317));
#6822=CARTESIAN_POINT('Origin',(-1.67362521081891,4.00000000000328,319.750000000004));
#6823=CARTESIAN_POINT('',(-4.,4.,323.75));
#6824=CARTESIAN_POINT('Ctrl Pts',(-4.,4.,323.75));
#6825=CARTESIAN_POINT('Ctrl Pts',(-3.9550335746585,3.910067149317,323.75));
#6826=CARTESIAN_POINT('Ctrl Pts',(-3.90939446456431,3.81878892981444,323.746926760181));
#6827=CARTESIAN_POINT('Ctrl Pts',(-3.86325759330728,3.72651523988082,323.74056053561));
#6828=CARTESIAN_POINT('Ctrl Pts',(-3.81670999452646,3.63342009536773,323.73413763655));
#6829=CARTESIAN_POINT('Ctrl Pts',(-3.76965585026163,3.53931191287435,323.724362691948));
#6830=CARTESIAN_POINT('Ctrl Pts',(-3.72229130159284,3.44458301725977,323.711048243574));
#6831=CARTESIAN_POINT('Ctrl Pts',(-3.6740799011366,3.34816042167699,323.697495740267));
#6832=CARTESIAN_POINT('Ctrl Pts',(-3.62554703852785,3.25109500109925,323.680275820308));
#6833=CARTESIAN_POINT('Ctrl Pts',(-3.5769146549358,3.15383067009169,323.659233203091));
#6834=CARTESIAN_POINT('Ctrl Pts',(-3.52772591764283,3.05545363667216,323.637949858664));
#6835=CARTESIAN_POINT('Ctrl Pts',(-3.47843557475567,2.95687352675815,323.612755707212));
#6836=CARTESIAN_POINT('Ctrl Pts',(-3.4292859105753,2.85857492701735,323.583535761614));
#6837=CARTESIAN_POINT('Ctrl Pts',(-3.37934006373139,2.75868397375247,323.553842477805));
#6838=CARTESIAN_POINT('Ctrl Pts',(-3.32953974103728,2.65908422663718,323.519991754483));
#6839=CARTESIAN_POINT('Ctrl Pts',(-3.28014870747441,2.56030321709722,323.481912230821));
#6840=CARTESIAN_POINT('Ctrl Pts',(-3.26493455649215,2.5298752409058,323.470182417117));
#6841=CARTESIAN_POINT('Ctrl Pts',(-3.24975929303815,2.49952505475846,323.458051709267));
#6842=CARTESIAN_POINT('Ctrl Pts',(-3.23463074382085,2.46926831177003,323.445518975548));
#6843=CARTESIAN_POINT('Ctrl Pts',(-3.18663060879575,2.3732691694859,323.40575489096));
#6844=CARTESIAN_POINT('Ctrl Pts',(-3.13911011101498,2.27822945039508,323.36194588307));
#6845=CARTESIAN_POINT('Ctrl Pts',(-3.09229809009827,2.18460681515095,323.314203123027));
#6846=CARTESIAN_POINT('Ctrl Pts',(-3.04466093869973,2.08933394373633,323.26561882686));
#6847=CARTESIAN_POINT('Ctrl Pts',(-2.99775773733582,1.99552910708602,323.212960989471));
#6848=CARTESIAN_POINT('Ctrl Pts',(-2.95182734733086,1.90366999358889,323.156400645612));
#6849=CARTESIAN_POINT('Ctrl Pts',(-2.90570292106652,1.81142281461329,323.099601358483));
#6850=CARTESIAN_POINT('Ctrl Pts',(-2.86055983788221,1.721138422958,323.038866802675));
#6851=CARTESIAN_POINT('Ctrl Pts',(-2.81663337174147,1.63328731856974,322.974420920201));
#6852=CARTESIAN_POINT('Ctrl Pts',(-2.77288771868496,1.54579783282584,322.910240314218));
#6853=CARTESIAN_POINT('Ctrl Pts',(-2.73034897091435,1.46072221022219,322.842379249215));
#6854=CARTESIAN_POINT('Ctrl Pts',(-2.68923862649216,1.37850338862617,322.771104084136));
#6855=CARTESIAN_POINT('Ctrl Pts',(-2.65363415506936,1.30729606294997,322.709374740491));
#6856=CARTESIAN_POINT('Ctrl Pts',(-2.61910103883231,1.23823144313151,322.645085400996));
#6857=CARTESIAN_POINT('Ctrl Pts',(-2.58577406533972,1.17157906143798,322.578433310849));
#6858=CARTESIAN_POINT('Ctrl Pts',(-2.54766051215975,1.09535374518438,322.502208328016));
#6859=CARTESIAN_POINT('Ctrl Pts',(-2.51111387338048,1.02226219702366,322.422929023055));
#6860=CARTESIAN_POINT('Ctrl Pts',(-2.47628466990031,0.952605392241856,322.340997875659));
#6861=CARTESIAN_POINT('Ctrl Pts',(-2.44185676960853,0.883751175376463,322.260010741544));
#6862=CARTESIAN_POINT('Ctrl Pts',(-2.40910710191243,0.818253299233152,322.176433064628));
#6863=CARTESIAN_POINT('Ctrl Pts',(-2.37816107577122,0.756362515336959,322.090677561884));
#6864=CARTESIAN_POINT('Ctrl Pts',(-2.36407824349497,0.728197427998171,322.051652184073));
#6865=CARTESIAN_POINT('Ctrl Pts',(-2.35036864839078,0.700778775462058,322.012176069925));
#6866=CARTESIAN_POINT('Ctrl Pts',(-2.3370425958089,0.674127162159543,321.972289329892));
#6867=CARTESIAN_POINT('Ctrl Pts',(-2.30783434518831,0.615711738987511,321.884864948805));
#6868=CARTESIAN_POINT('Ctrl Pts',(-2.2804707330789,0.560985372884177,321.795469194476));
#6869=CARTESIAN_POINT('Ctrl Pts',(-2.25501706723473,0.510078613788773,321.70456764384));
#6870=CARTESIAN_POINT('Ctrl Pts',(-2.22992895263248,0.459902948953945,321.614971570181));
#6871=CARTESIAN_POINT('Ctrl Pts',(-2.2066963545957,0.413438039737394,321.523913143965));
#6872=CARTESIAN_POINT('Ctrl Pts',(-2.18535930558566,0.370763891493706,321.43184148464));
#6873=CARTESIAN_POINT('Ctrl Pts',(-2.17375104595875,0.347547344916131,321.381750596944));
#6874=CARTESIAN_POINT('Ctrl Pts',(-2.16270343872156,0.325452003416308,321.331359823277));
#6875=CARTESIAN_POINT('Ctrl Pts',(-2.15222002127403,0.304484932811615,321.280741123523));
#6876=CARTESIAN_POINT('Ctrl Pts',(-2.13284359354467,0.265731641692413,321.187182931985));
#6877=CARTESIAN_POINT('Ctrl Pts',(-2.11539618124545,0.230836009559828,321.092848781345));
#6878=CARTESIAN_POINT('Ctrl Pts',(-2.09985588641137,0.199754187887981,320.99820712091));
#6879=CARTESIAN_POINT('Ctrl Pts',(-2.0844995738013,0.169040345249883,320.904685927195));
#6880=CARTESIAN_POINT('Ctrl Pts',(-2.07100544919591,0.142050464041275,320.81086486139));
#6881=CARTESIAN_POINT('Ctrl Pts',(-2.05933086907797,0.118699214788298,320.717179899682));
#6882=CARTESIAN_POINT('Ctrl Pts',(-2.05155824290731,0.103152571634724,320.654806933989));
#6883=CARTESIAN_POINT('Ctrl Pts',(-2.04459169609046,0.0892178847886639,
320.592493954661));
#6884=CARTESIAN_POINT('Ctrl Pts',(-2.03841340101039,0.0768594888695448,
320.530364356825));
#6885=CARTESIAN_POINT('Ctrl Pts',(-2.02900623441379,0.0580424062001167,
320.435764880781));
#6886=CARTESIAN_POINT('Ctrl Pts',(-2.02142742649474,0.0428815470944664,
320.341594295951));
#6887=CARTESIAN_POINT('Ctrl Pts',(-2.01557313166599,0.0311691946629428,
320.248273696346));
#6888=CARTESIAN_POINT('Ctrl Pts',(-2.01006826642117,0.0201559259907031,
320.160523191729));
#6889=CARTESIAN_POINT('Ctrl Pts',(-2.00608798124819,0.0121913582116057,
320.073524203217));
#6890=CARTESIAN_POINT('Ctrl Pts',(-2.00353149311717,0.00707391264943859,
319.987599847317));
#6891=CARTESIAN_POINT('',(-110.709809373061,4.,323.75));
#6892=CARTESIAN_POINT('',(-2.00000000000001,4.,323.75));
#6893=CARTESIAN_POINT('',(-112.735831687793,0.055952410927128,320.416699793857));
#6894=CARTESIAN_POINT('Ctrl Pts',(-110.709809373061,4.,323.75));
#6895=CARTESIAN_POINT('Ctrl Pts',(-110.941453819241,3.55313578876508,323.75));
#6896=CARTESIAN_POINT('Ctrl Pts',(-111.172010540675,3.10695405245457,323.675183101763));
#6897=CARTESIAN_POINT('Ctrl Pts',(-111.501991782859,2.46648333585062,323.451280184271));
#6898=CARTESIAN_POINT('Ctrl Pts',(-111.609021357054,2.25842641669411,323.35809159297));
#6899=CARTESIAN_POINT('Ctrl Pts',(-111.812749893689,1.86187145203419,323.138186801477));
#6900=CARTESIAN_POINT('Ctrl Pts',(-111.910088122402,1.67213273819712,323.011102258671));
#6901=CARTESIAN_POINT('Ctrl Pts',(-112.095162965841,1.3109461420926,322.72031030018));
#6902=CARTESIAN_POINT('Ctrl Pts',(-112.18300445557,1.13928860651326,322.555723541353));
#6903=CARTESIAN_POINT('Ctrl Pts',(-112.341601219991,0.829058243941313,322.199669905724));
#6904=CARTESIAN_POINT('Ctrl Pts',(-112.413299045014,0.688646937027144,322.006977681868));
#6905=CARTESIAN_POINT('Ctrl Pts',(-112.540240689395,0.439862627622458,321.589681834968));
#6906=CARTESIAN_POINT('Ctrl Pts',(-112.594522130707,0.333375807882328,321.367575490575));
#6907=CARTESIAN_POINT('Ctrl Pts',(-112.681535563877,0.162599595584689,320.905439989841));
#6908=CARTESIAN_POINT('Ctrl Pts',(-112.714712252132,0.0974382915248598,
320.662121029711));
#6909=CARTESIAN_POINT('Ctrl Pts',(-112.735831687793,0.055952410927128,320.416699793857));
#6910=CARTESIAN_POINT('',(-111.636524122158,0.877501000799557,322.249999999999));
#6911=CARTESIAN_POINT('Origin',(-112.930987938944,3.99999999993828,319.750000000034));
#6912=CARTESIAN_POINT('',(-107.590375033332,0.877501000799557,322.249999999999));
#6913=CARTESIAN_POINT('',(-1.99999999999997,0.877501000799557,322.249999999998));
#6914=CARTESIAN_POINT('Origin',(-105.994732358132,3.99999999998442,319.75000000001));
#6915=CARTESIAN_POINT('Origin',(-81.6356924068394,3.99535637032207,277.607497694494));
#6916=CARTESIAN_POINT('',(-107.440009553452,3.99535637032207,322.25));
#6917=CARTESIAN_POINT('',(-107.440009553452,3.99535637032207,322.25));
#6918=CARTESIAN_POINT('',(-105.416935009042,3.99535637032207,318.750000000002));
#6919=CARTESIAN_POINT('',(-81.6356924068394,3.99535637032207,277.607497694494));
#6920=CARTESIAN_POINT('',(-105.416935009042,3.99535637032207,318.750000000002));
#6921=CARTESIAN_POINT('Origin',(-77.3030519521714,3.99535637032207,367.388143844385));
#6922=CARTESIAN_POINT('',(-107.440009553455,3.99535637032207,315.25));
#6923=CARTESIAN_POINT('',(-77.3030519521714,3.99535637032207,367.388143844385));
#6924=CARTESIAN_POINT('',(-107.440009553455,3.99535637032207,315.25));
#6925=CARTESIAN_POINT('Origin',(-1.80731509107655,3.99535637032207,315.25));
#6926=CARTESIAN_POINT('',(-111.486158642283,3.99535637032207,315.25));
#6927=CARTESIAN_POINT('',(-1.80731509107655,3.99535637032207,315.25));
#6928=CARTESIAN_POINT('',(-111.486158642283,3.99535637032207,315.25));
#6929=CARTESIAN_POINT('Origin',(-87.7013890433815,3.99535637032207,274.101395848919));
#6930=CARTESIAN_POINT('',(-113.509233186693,3.99535637032207,318.749999999996));
#6931=CARTESIAN_POINT('',(-87.7013890433815,3.99535637032207,274.101395848919));
#6932=CARTESIAN_POINT('',(-113.509233186693,3.99535637032207,318.749999999996));
#6933=CARTESIAN_POINT('Origin',(39.6296077170879,3.99535637032207,251.895728229728));
#6934=CARTESIAN_POINT('',(-112.967151996293,3.99535637032207,163.896225942161));
#6935=CARTESIAN_POINT('',(-112.967151996293,3.99535637032207,163.896225942161));
#6936=CARTESIAN_POINT('',(-109.46308409787,3.99535637032207,165.916951884327));
#6937=CARTESIAN_POINT('',(39.6296077170879,3.99535637032207,251.895728229728));
#6938=CARTESIAN_POINT('',(-109.46308409787,3.99535637032207,165.916951884327));
#6939=CARTESIAN_POINT('Origin',(-96.9783886484956,3.99535637032207,158.717277475643));
#6940=CARTESIAN_POINT('',(-105.959016199447,3.99535637032207,163.896225942165));
#6941=CARTESIAN_POINT('',(-96.9783886484956,3.99535637032207,158.717277475643));
#6942=CARTESIAN_POINT('',(-105.959016199447,3.99535637032207,163.896225942165));
#6943=CARTESIAN_POINT('Origin',(-105.959016199447,3.99535637032207,323.750000000001));
#6944=CARTESIAN_POINT('',(-105.959016199448,3.99535637032207,159.854774057835));
#6945=CARTESIAN_POINT('',(-105.959016199447,3.99535637032207,323.750000000001));
#6946=CARTESIAN_POINT('',(-105.959016199448,3.99535637032207,159.854774057835));
#6947=CARTESIAN_POINT('Origin',(43.1275737699345,3.99535637032207,245.830031590814));
#6948=CARTESIAN_POINT('',(-109.463084097874,3.99535637032207,157.83404811567));
#6949=CARTESIAN_POINT('',(43.1275737699345,3.99535637032207,245.830031590814));
#6950=CARTESIAN_POINT('',(-109.463084097874,3.99535637032207,157.83404811567));
#6951=CARTESIAN_POINT('Origin',(-100.476354701342,3.99535637032207,152.651580836728));
#6952=CARTESIAN_POINT('',(-112.967151996293,3.99535637032207,159.854774057839));
#6953=CARTESIAN_POINT('',(-100.476354701342,3.99535637032207,152.651580836728));
#6954=CARTESIAN_POINT('',(-112.967151996293,3.99535637032207,159.854774057839));
#6955=CARTESIAN_POINT('Origin',(-112.96715199629,3.99535637032207,323.750000000002));
#6956=CARTESIAN_POINT('',(-112.96715199629,3.99535637032207,323.750000000002));
#6957=CARTESIAN_POINT('Origin',(-83.3687485887062,3.99535637032207,370.894245689957));
#6958=CARTESIAN_POINT('',(-111.486158642278,3.99535637032207,322.249999999999));
#6959=CARTESIAN_POINT('',(-83.3687485887062,3.99535637032207,370.894245689957));
#6960=CARTESIAN_POINT('',(-111.486158642278,3.99535637032207,322.249999999999));
#6961=CARTESIAN_POINT('Ctrl Pts',(-112.735878522665,0.0558615535877655,
320.416626348334));
#6962=CARTESIAN_POINT('Ctrl Pts',(-112.801230710356,0.0369811541998282,
320.30513973219));
#6963=CARTESIAN_POINT('Ctrl Pts',(-112.866676721165,0.0251917632837587,
320.192899159092));
#6964=CARTESIAN_POINT('Ctrl Pts',(-112.995887393703,0.0173145422164341,
319.970016755861));
#6965=CARTESIAN_POINT('Ctrl Pts',(-113.059375717445,0.0208508724539679,
319.859884359695));
#6966=CARTESIAN_POINT('Ctrl Pts',(-113.122338734942,0.0323067023958632,
319.75));
#6967=CARTESIAN_POINT('Ctrl Pts',(-112.764312078722,0.,319.75));
#6968=CARTESIAN_POINT('Ctrl Pts',(-114.800098839197,-5.42101086242752E-17,
319.75));
#6969=CARTESIAN_POINT('Ctrl Pts',(-114.763997583397,2.03546663776529,319.75));
#6970=CARTESIAN_POINT('Ctrl Pts',(-112.76431206758,0.,320.075571600778));
#6971=CARTESIAN_POINT('Ctrl Pts',(-114.80009879367,4.49233467404428E-8,
320.24563221509));
#6972=CARTESIAN_POINT('Ctrl Pts',(-114.763997583196,2.03546664910322,320.075571600792));
#6973=CARTESIAN_POINT('Ctrl Pts',(-112.74439539846,0.0391421853574992,320.39071725059));
#6974=CARTESIAN_POINT('Ctrl Pts',(-114.718848973544,0.0801920104677359,
320.711761035526));
#6975=CARTESIAN_POINT('Ctrl Pts',(-114.724506540661,2.05505277171709,320.390717250572));
#6976=CARTESIAN_POINT('Ctrl Pts',(-112.687565138472,0.150747448134295,320.849082843879));
#6977=CARTESIAN_POINT('Ctrl Pts',(-114.507849060232,0.288310963516349,321.339824766357));
#6978=CARTESIAN_POINT('Ctrl Pts',(-114.611865063164,2.11081674523833,320.849082843888));
#6979=CARTESIAN_POINT('Ctrl Pts',(-112.664165947497,0.196690244014193,320.998110639092));
#6980=CARTESIAN_POINT('Ctrl Pts',(-114.425434679044,0.369584373724338,321.530862675063));
#6981=CARTESIAN_POINT('Ctrl Pts',(-114.565491026398,2.13376304552347,320.998110639077));
#6982=CARTESIAN_POINT('Ctrl Pts',(-112.610519823082,0.301977746825628,321.282180368761));
#6983=CARTESIAN_POINT('Ctrl Pts',(-114.247384942816,0.545100978933986,321.873339256827));
#6984=CARTESIAN_POINT('Ctrl Pts',(-114.459193666379,2.18630680665003,321.282180368776));
#6985=CARTESIAN_POINT('Ctrl Pts',(-112.580127818386,0.361607335485868,321.418412884904));
#6986=CARTESIAN_POINT('Ctrl Pts',(-114.151913208064,0.639184574133714,322.026487992831));
#6987=CARTESIAN_POINT('Ctrl Pts',(-114.398982820621,2.21604663425978,321.418412884884));
#6988=CARTESIAN_POINT('Ctrl Pts',(-112.512853256173,0.493535915590302,321.680339959813));
#6989=CARTESIAN_POINT('Ctrl Pts',(-113.953434357903,0.83467993759177,322.30206869608));
#6990=CARTESIAN_POINT('Ctrl Pts',(-114.265735728996,2.28178095138391,321.680339959833));
#6991=CARTESIAN_POINT('Ctrl Pts',(-112.475854100926,0.56606276355078,321.806168178476));
#6992=CARTESIAN_POINT('Ctrl Pts',(-113.850565790444,0.935956450827658,322.425003453311));
#6993=CARTESIAN_POINT('Ctrl Pts',(-114.19246896299,2.3178882229586,321.806168178457));
#6994=CARTESIAN_POINT('Ctrl Pts',(-112.39787041769,0.718843472744106,322.042109152221));
#6995=CARTESIAN_POINT('Ctrl Pts',(-113.646454277032,1.13678803905241,322.641133322303));
#6996=CARTESIAN_POINT('Ctrl Pts',(-114.038087165979,2.39386571461508,322.042109152239));
#6997=CARTESIAN_POINT('Ctrl Pts',(-112.356670403138,0.799520121489179,322.153136650768));
#6998=CARTESIAN_POINT('Ctrl Pts',(-113.544574393853,1.23697384726759,322.735950398993));
#6999=CARTESIAN_POINT('Ctrl Pts',(-113.956545239141,2.43394683814622,322.153136650749));
#7000=CARTESIAN_POINT('Ctrl Pts',(-112.227222640912,1.05284779671918,322.467874675322));
#7001=CARTESIAN_POINT('Ctrl Pts',(-113.244972336221,1.53139075135855,322.986578851002));
#7002=CARTESIAN_POINT('Ctrl Pts',(-113.700424538467,2.55965218471139,322.467874675359));
#7003=CARTESIAN_POINT('Ctrl Pts',(-112.132285313372,1.2384387642393,322.654778139623));
#7004=CARTESIAN_POINT('Ctrl Pts',(-113.043720474444,1.72889530153587,323.119130783757));
#7005=CARTESIAN_POINT('Ctrl Pts',(-113.512687888076,2.65154815018033,322.654778139601));
#7006=CARTESIAN_POINT('Ctrl Pts',(-111.933611505984,1.62626967783578,322.979452098565));
#7007=CARTESIAN_POINT('Ctrl Pts',(-112.65666218001,2.10809170841636,323.33116279992));
#7008=CARTESIAN_POINT('Ctrl Pts',(-113.120100420246,2.84303894079841,322.979452098587));
#7009=CARTESIAN_POINT('Ctrl Pts',(-111.830441011565,1.82740999256377,323.116956442456));
#7010=CARTESIAN_POINT('Ctrl Pts',(-112.46964333848,2.2910045934398,323.413268169891));
#7011=CARTESIAN_POINT('Ctrl Pts',(-112.916365346436,2.94209603721736,323.116956442439));
#7012=CARTESIAN_POINT('Ctrl Pts',(-111.617671274771,2.24161236820438,323.350641048779));
#7013=CARTESIAN_POINT('Ctrl Pts',(-112.105301388414,2.64667946045536,323.545427796045));
#7014=CARTESIAN_POINT('Ctrl Pts',(-112.496519395254,3.1454764164414,323.350641048795));
#7015=CARTESIAN_POINT('Ctrl Pts',(-111.507842040528,2.45512151791114,323.446866187404));
#7016=CARTESIAN_POINT('Ctrl Pts',(-111.925764723881,2.821621160212,323.596864940013));
#7017=CARTESIAN_POINT('Ctrl Pts',(-112.279955033793,3.25001861514451,323.446866187402));
#7018=CARTESIAN_POINT('Ctrl Pts',(-111.170678272275,3.10955332757178,323.676955723145));
#7019=CARTESIAN_POINT('Ctrl Pts',(-111.399531771971,3.33335032319457,323.714579871238));
#7020=CARTESIAN_POINT('Ctrl Pts',(-111.615661959833,3.56944383252698,323.676955723149));
#7021=CARTESIAN_POINT('Ctrl Pts',(-110.941930015827,3.55221604517605,323.75));
#7022=CARTESIAN_POINT('Ctrl Pts',(-111.054071641523,3.66794157673644,323.75));
#7023=CARTESIAN_POINT('Ctrl Pts',(-111.165677294023,3.78418802793379,323.75));
#7024=CARTESIAN_POINT('Ctrl Pts',(-110.709809373061,4.,323.75));
#7025=CARTESIAN_POINT('Ctrl Pts',(-110.709809373061,4.,323.75));
#7026=CARTESIAN_POINT('Ctrl Pts',(-110.709809373061,4.,323.75));
#7027=CARTESIAN_POINT('Ctrl Pts',(-110.709809373061,4.,323.75));
#7028=CARTESIAN_POINT('Ctrl Pts',(-110.824226764777,3.94583177552109,323.75));
#7029=CARTESIAN_POINT('Ctrl Pts',(-110.938416737988,3.89166052765107,323.745393467709));
#7030=CARTESIAN_POINT('Ctrl Pts',(-111.052167875298,3.83759164864944,323.736060764821));
#7031=CARTESIAN_POINT('Ctrl Pts',(-111.158858156944,3.7868789782937,323.727307369268));
#7032=CARTESIAN_POINT('Ctrl Pts',(-111.265162397679,3.73625635865675,323.714396658542));
#7033=CARTESIAN_POINT('Ctrl Pts',(-111.370909360586,3.68580878395012,323.69728106463));
#7034=CARTESIAN_POINT('Ctrl Pts',(-111.47564742585,3.63584251327206,323.680328765074));
#7035=CARTESIAN_POINT('Ctrl Pts',(-111.579838767541,3.58604797723594,323.659251339099));
#7036=CARTESIAN_POINT('Ctrl Pts',(-111.683320457989,3.53650567066737,323.634053354423));
#7037=CARTESIAN_POINT('Ctrl Pts',(-111.785729473606,3.4874769118097,323.60911656807));
#7038=CARTESIAN_POINT('Ctrl Pts',(-111.887443441565,3.43869519385374,323.580144159916));
#7039=CARTESIAN_POINT('Ctrl Pts',(-111.988308302294,3.39023627500357,323.547191576016));
#7040=CARTESIAN_POINT('Ctrl Pts',(-112.011758989459,3.37896976515948,323.539530228637));
#7041=CARTESIAN_POINT('Ctrl Pts',(-112.035163796401,3.36772069382836,323.531653956));
#7042=CARTESIAN_POINT('Ctrl Pts',(-112.05852082029,3.35648999413567,323.523563858845));
#7043=CARTESIAN_POINT('Ctrl Pts',(-112.104825215971,3.33422556674951,323.507525554413));
#7044=CARTESIAN_POINT('Ctrl Pts',(-112.15080679518,3.31209829026741,323.490671163032));
#7045=CARTESIAN_POINT('Ctrl Pts',(-112.196438382742,3.29012180621565,323.473009100264));
#7046=CARTESIAN_POINT('Ctrl Pts',(-112.32993881124,3.22582708857464,323.421336715548));
#7047=CARTESIAN_POINT('Ctrl Pts',(-112.460250794529,3.16292081576286,323.362824669987));
#7048=CARTESIAN_POINT('Ctrl Pts',(-112.587098919294,3.10155721184826,323.297649749639));
#7049=CARTESIAN_POINT('Ctrl Pts',(-112.627228770073,3.08214413599106,323.277030920366));
#7050=CARTESIAN_POINT('Ctrl Pts',(-112.667012260242,3.06288529113357,323.255745401134));
#7051=CARTESIAN_POINT('Ctrl Pts',(-112.706441543252,3.04378510360745,323.233799229465));
#7052=CARTESIAN_POINT('Ctrl Pts',(-112.813325615693,2.99200871632968,323.174308008135));
#7053=CARTESIAN_POINT('Ctrl Pts',(-112.917723406323,2.94134200684205,323.109946384921));
#7054=CARTESIAN_POINT('Ctrl Pts',(-113.019553357011,2.89183785774818,323.040455781686));
#7055=CARTESIAN_POINT('Ctrl Pts',(-113.121073464382,2.84248433751799,322.971176621144));
#7056=CARTESIAN_POINT('Ctrl Pts',(-113.220041379837,2.79428628882129,322.896799802833));
#7057=CARTESIAN_POINT('Ctrl Pts',(-113.316391007827,2.74728802378686,322.817117864306));
#7058=CARTESIAN_POINT('Ctrl Pts',(-113.37718447657,2.71763365338676,322.766841163292));
#7059=CARTESIAN_POINT('Ctrl Pts',(-113.436827685306,2.68850892423886,322.71447980679));
#7060=CARTESIAN_POINT('Ctrl Pts',(-113.495103977566,2.66002419130912,322.660157667126));
#7061=CARTESIAN_POINT('Ctrl Pts',(-113.563252095924,2.6267142315331,322.596633522749));
#7062=CARTESIAN_POINT('Ctrl Pts',(-113.629220726746,2.59443465434476,322.530720540511));
#7063=CARTESIAN_POINT('Ctrl Pts',(-113.69283359084,2.56327756517903,322.462575102325));
#7064=CARTESIAN_POINT('Ctrl Pts',(-113.754543307239,2.53305262304483,322.39646841582));
#7065=CARTESIAN_POINT('Ctrl Pts',(-113.8140369248,2.50388358341464,322.328260382905));
#7066=CARTESIAN_POINT('Ctrl Pts',(-113.871170286645,2.47584494257825,322.258051146025));
#7067=CARTESIAN_POINT('Ctrl Pts',(-113.921712790644,2.45104081639314,322.19594118923));
#7068=CARTESIAN_POINT('Ctrl Pts',(-113.970554974505,2.42704982377076,322.132128500612));
#7069=CARTESIAN_POINT('Ctrl Pts',(-114.017702598327,2.4038717391412,322.066456014924));
#7070=CARTESIAN_POINT('Ctrl Pts',(-114.051133075101,2.3874370949948,322.019890306422));
#7071=CARTESIAN_POINT('Ctrl Pts',(-114.083659149287,2.37143790869093,321.972461704631));
#7072=CARTESIAN_POINT('Ctrl Pts',(-114.115278064484,2.35587696878684,321.924138665348));
#7073=CARTESIAN_POINT('Ctrl Pts',(-114.156752403983,2.33546577819166,321.860753627489));
#7074=CARTESIAN_POINT('Ctrl Pts',(-114.196786756546,2.31574892839749,321.795569491077));
#7075=CARTESIAN_POINT('Ctrl Pts',(-114.235044237934,2.2968958556596,321.729055678658));
#7076=CARTESIAN_POINT('Ctrl Pts',(-114.268949789786,2.2801873894436,321.670108057591));
#7077=CARTESIAN_POINT('Ctrl Pts',(-114.30146032672,2.2641570617567,321.610115242193));
#7078=CARTESIAN_POINT('Ctrl Pts',(-114.332359274809,2.24891379282185,321.549376422358));
#7079=CARTESIAN_POINT('Ctrl Pts',(-114.363557995899,2.23352263793069,321.488048331384));
#7080=CARTESIAN_POINT('Ctrl Pts',(-114.393165581992,2.21890850251062,321.425928365358));
#7081=CARTESIAN_POINT('Ctrl Pts',(-114.421177307995,2.20507599148331,321.362978806665));
#7082=CARTESIAN_POINT('Ctrl Pts',(-114.453765260059,2.18898368763013,321.289745290068));
#7083=CARTESIAN_POINT('Ctrl Pts',(-114.484143640517,2.17397130469044,321.215503919104));
#7084=CARTESIAN_POINT('Ctrl Pts',(-114.512341777114,2.16002945115988,321.140147318138));
#7085=CARTESIAN_POINT('Ctrl Pts',(-114.541133371497,2.14579417747753,321.063204762676));
#7086=CARTESIAN_POINT('Ctrl Pts',(-114.567735147425,2.1326337862072,320.984754232039));
#7087=CARTESIAN_POINT('Ctrl Pts',(-114.591945069078,2.12065323106896,320.905257933477));
#7088=CARTESIAN_POINT('Ctrl Pts',(-114.612944702556,2.11026132355364,320.836303016703));
#7089=CARTESIAN_POINT('Ctrl Pts',(-114.632145037097,2.10075695820203,320.76655985359));
#7090=CARTESIAN_POINT('Ctrl Pts',(-114.64941149269,2.0922099068322,320.696298720878));
#7091=CARTESIAN_POINT('Ctrl Pts',(-114.659102719908,2.087412661884,320.656862914379));
#7092=CARTESIAN_POINT('Ctrl Pts',(-114.66817977325,2.08291961560095,320.617354498004));
#7093=CARTESIAN_POINT('Ctrl Pts',(-114.676644645839,2.07873019358791,320.577760375447));
#7094=CARTESIAN_POINT('Ctrl Pts',(-114.713713243011,2.06038425921616,320.404373409016));
#7095=CARTESIAN_POINT('Ctrl Pts',(-114.739101616949,2.04780636415144,320.22903760367));
#7096=CARTESIAN_POINT('Ctrl Pts',(-114.752582641218,2.04112523902936,320.051721393285));
#7097=CARTESIAN_POINT('Ctrl Pts',(-114.760181160399,2.03735945266328,319.951777902428));
#7098=CARTESIAN_POINT('Ctrl Pts',(-114.763997583397,2.03546663776529,319.851205445866));
#7099=CARTESIAN_POINT('Ctrl Pts',(-114.763997583397,2.03546663776529,319.75));
#7100=CARTESIAN_POINT('Origin',(0.,0.,319.75));
#7101=CARTESIAN_POINT('',(-110.039290704737,12.8068884830755,323.75));
#7102=CARTESIAN_POINT('Origin',(-110.038731034418,12.806861491735,319.749390125699));
#7103=CARTESIAN_POINT('Origin',(0.,0.,323.75));
#7104=CARTESIAN_POINT('Origin',(-114.043492868972,13.,323.75));
#7105=CARTESIAN_POINT('',(-8.96562032950085,7.9323868953129,312.248999999999));
#7106=CARTESIAN_POINT('',(-8.96562032950136,7.93238689531293,161.8745));
#7107=CARTESIAN_POINT('',(-11.462718060845,8.05281496561376,314.749));
#7108=CARTESIAN_POINT('Origin',(-11.4627180610363,8.05281496164353,312.249));
#7109=CARTESIAN_POINT('',(-102.556843304295,12.446030886845,314.749));
#7110=CARTESIAN_POINT('',(-11.4596203484594,8.05266556934503,314.749));
#7111=CARTESIAN_POINT('',(-105.053941035799,12.5664589538311,312.249));
#7112=CARTESIAN_POINT('Origin',(-102.556843304233,12.4460308881352,312.249));
#7113=CARTESIAN_POINT('',(-105.053941035747,12.5664589549222,284.154437906651));
#7114=CARTESIAN_POINT('',(-105.053941035747,12.5664589549222,161.8745));
#7115=CARTESIAN_POINT('',(-106.052780128327,12.614630182153,283.154437906651));
#7116=CARTESIAN_POINT('Origin',(-106.052780128341,12.6146301818758,284.154437906651));
#7117=CARTESIAN_POINT('',(-113.042500826892,12.9517249420117,283.154437906651));
#7118=CARTESIAN_POINT('',(-123.727804706936,13.4670473848954,283.154437906651));
#7119=CARTESIAN_POINT('Ctrl Pts',(-113.042500826892,12.9517249420116,283.154437906651));
#7120=CARTESIAN_POINT('Ctrl Pts',(-113.166123730555,12.9576869303114,283.154437906651));
#7121=CARTESIAN_POINT('Ctrl Pts',(-113.311629672587,12.9647042765978,283.18336780553));
#7122=CARTESIAN_POINT('Ctrl Pts',(-113.53996902234,12.9757164474113,283.277940165281));
#7123=CARTESIAN_POINT('Ctrl Pts',(-113.663238760626,12.9816614035286,283.360268794532));
#7124=CARTESIAN_POINT('Ctrl Pts',(-113.837869379832,12.9900833518702,283.534875287489));
#7125=CARTESIAN_POINT('Ctrl Pts',(-113.920176385347,12.9940527894851,283.65800155123));
#7126=CARTESIAN_POINT('Ctrl Pts',(-114.014610343861,12.9986070762643,283.885966541093));
#7127=CARTESIAN_POINT('Ctrl Pts',(-114.043492868972,13.,284.031108928424));
#7128=CARTESIAN_POINT('Ctrl Pts',(-114.043492868972,13.,284.154437906651));
#7129=CARTESIAN_POINT('',(-4.,7.69290885824828,323.75));
#7130=CARTESIAN_POINT('',(-114.043492868972,13.,323.75));
#7131=CARTESIAN_POINT('',(0.,7.5,319.75));
#7132=CARTESIAN_POINT('Origin',(-3.99999999999853,7.69290885824821,319.750000000002));
#7133=CARTESIAN_POINT('',(0.,7.5,323.75));
#7134=CARTESIAN_POINT('',(-7.15886416894427,7.8452520782964,161.8755));
#7135=CARTESIAN_POINT('',(-2.76397216158998,7.63329867848059,161.8755));
#7136=CARTESIAN_POINT('Origin',(-4.96141816526713,7.7392753783885,161.8755));
#7137=CARTESIAN_POINT('Origin',(-4.96141816526713,7.7392753783885,161.8755));
#7138=CARTESIAN_POINT('',(-7.15886416894369,7.84525207829637,318.75));
#7139=CARTESIAN_POINT('',(-2.76397216158945,7.63329867848057,318.75));
#7140=CARTESIAN_POINT('Origin',(-4.96141816526657,7.73927537838847,318.75));
#7141=CARTESIAN_POINT('Origin',(-4.96141816526657,7.73927537838847,318.75));
#7142=CARTESIAN_POINT('',(-111.237897615834,12.8646939557525,318.75));
#7143=CARTESIAN_POINT('',(-106.843005608479,12.6527405559367,318.75));
#7144=CARTESIAN_POINT('Origin',(-109.040451612157,12.7587172558446,318.75));
#7145=CARTESIAN_POINT('Origin',(-109.040451612157,12.7587172558446,318.75));
#7146=CARTESIAN_POINT('Origin',(0.,0.,284.154437906651));
#7147=CARTESIAN_POINT('',(-113.428262580259,8.96568013009353,283.154437906651));
#7148=CARTESIAN_POINT('Origin',(-1.62589604838835E-15,7.84124375812489E-17,
283.154437906651));
#7149=CARTESIAN_POINT('Origin',(-113.428262580259,8.96568013009353,284.154437906651));
#7150=CARTESIAN_POINT('Ctrl Pts',(-113.428262580259,8.96568013009353,283.154437906651));
#7151=CARTESIAN_POINT('Ctrl Pts',(-114.425153265374,9.0444770965999,283.154437906651));
#7152=CARTESIAN_POINT('Ctrl Pts',(-114.425153265374,9.0444770965999,284.154437906651));
#7153=CARTESIAN_POINT('Ctrl Pts',(-113.451097291408,8.70248885911409,283.154437906651));
#7154=CARTESIAN_POINT('Ctrl Pts',(-114.446176705987,8.77850147474074,283.156460906107));
#7155=CARTESIAN_POINT('Ctrl Pts',(-114.451395734603,8.71247354001109,284.154437904424));
#7156=CARTESIAN_POINT('Ctrl Pts',(-113.472121482995,8.44355692617176,283.12855771129));
#7157=CARTESIAN_POINT('Ctrl Pts',(-114.466041463586,8.51608019760402,283.131999780811));
#7158=CARTESIAN_POINT('Ctrl Pts',(-114.475759026413,8.38586043671549,284.122087662636));
#7159=CARTESIAN_POINT('Ctrl Pts',(-113.50116473792,8.06136902026224,283.052478015387));
#7160=CARTESIAN_POINT('Ctrl Pts',(-114.494132015336,8.12887529491261,283.057086009775));
#7161=CARTESIAN_POINT('Ctrl Pts',(-114.509712207328,7.9037981057119,284.026988042477));
#7162=CARTESIAN_POINT('Ctrl Pts',(-113.510429794195,7.93501185000521,283.020862202958));
#7163=CARTESIAN_POINT('Ctrl Pts',(-114.503212494605,8.00086608660962,283.025711811185));
#7164=CARTESIAN_POINT('Ctrl Pts',(-114.520597400499,7.74442501241506,283.987468277432));
#7165=CARTESIAN_POINT('Ctrl Pts',(-113.528157855044,7.68442634856935,282.944830017027));
#7166=CARTESIAN_POINT('Ctrl Pts',(-114.52081860776,7.74710152525462,282.949891634849));
#7167=CARTESIAN_POINT('Ctrl Pts',(-114.541532384095,7.4283717491296,283.892428044223));
#7168=CARTESIAN_POINT('Ctrl Pts',(-113.536639791012,7.55985826284251,282.900199130668));
#7169=CARTESIAN_POINT('Ctrl Pts',(-114.529367321122,7.62096979040323,282.905221843692));
#7170=CARTESIAN_POINT('Ctrl Pts',(-114.55160540634,7.27126312220119,283.836639436329));
#7171=CARTESIAN_POINT('Ctrl Pts',(-113.560422145225,7.1974437731878,282.749813733362));
#7172=CARTESIAN_POINT('Ctrl Pts',(-114.553678960252,7.25421667737815,282.754387050382));
#7173=CARTESIAN_POINT('Ctrl Pts',(-114.580008429631,6.81418705703768,283.648657690725));
#7174=CARTESIAN_POINT('Ctrl Pts',(-113.574260746781,6.96817464642196,282.627099284559));
#7175=CARTESIAN_POINT('Ctrl Pts',(-114.568310663011,7.02238100338956,282.630864070202));
#7176=CARTESIAN_POINT('Ctrl Pts',(-114.596758830154,6.52504816389909,283.49526462949));
#7177=CARTESIAN_POINT('Ctrl Pts',(-113.598620451281,6.53413866102056,282.33715000641));
#7178=CARTESIAN_POINT('Ctrl Pts',(-114.594844379271,6.58440271421867,282.339038591331));
#7179=CARTESIAN_POINT('Ctrl Pts',(-114.626613709922,5.97769331046936,283.132828030896));
#7180=CARTESIAN_POINT('Ctrl Pts',(-113.609160399654,6.32856614605745,282.168373929434));
#7181=CARTESIAN_POINT('Ctrl Pts',(-114.606785501897,6.37734723776041,282.169065528932));
#7182=CARTESIAN_POINT('Ctrl Pts',(-114.639746988294,5.71846167108103,282.921857934863));
#7183=CARTESIAN_POINT('Ctrl Pts',(-113.626762437639,5.95998360022023,281.799673648002));
#7184=CARTESIAN_POINT('Ctrl Pts',(-114.627379620037,6.00692588935786,281.798337013445));
#7185=CARTESIAN_POINT('Ctrl Pts',(-114.661986607841,5.2536863788016,282.460982583606));
#7186=CARTESIAN_POINT('Ctrl Pts',(-113.633968325469,5.79452963317691,281.598486182876));
#7187=CARTESIAN_POINT('Ctrl Pts',(-114.636185827895,5.84108123301803,281.596211937687));
#7188=CARTESIAN_POINT('Ctrl Pts',(-114.671267752089,5.04506064216676,282.209498252438));
#7189=CARTESIAN_POINT('Ctrl Pts',(-113.645930837059,5.50223471052337,281.161632091991));
#7190=CARTESIAN_POINT('Ctrl Pts',(-114.651266850999,5.54864267379866,281.158149343494));
#7191=CARTESIAN_POINT('Ctrl Pts',(-114.686889265033,4.67650675874151,281.663430637821));
#7192=CARTESIAN_POINT('Ctrl Pts',(-113.650581934219,5.37796633032445,280.929009564487));
#7193=CARTESIAN_POINT('Ctrl Pts',(-114.657404463314,5.42469166819404,280.925255779481));
#7194=CARTESIAN_POINT('Ctrl Pts',(-114.693091901767,4.51982236558982,281.372652478937));
#7195=CARTESIAN_POINT('Ctrl Pts',(-113.661310351649,5.07855052531789,280.207609871456));
#7196=CARTESIAN_POINT('Ctrl Pts',(-114.671912890342,5.12615653586907,280.203583578711));
#7197=CARTESIAN_POINT('Ctrl Pts',(-114.707554160889,4.14230829065413,280.470902862676));
#7198=CARTESIAN_POINT('Ctrl Pts',(-113.664470133384,4.97242273567164,279.680646084003));
#7199=CARTESIAN_POINT('Ctrl Pts',(-114.676642436259,5.02123698883898,279.678833308597));
#7200=CARTESIAN_POINT('Ctrl Pts',(-114.712031374702,4.00850641071131,279.812198128322));
#7201=CARTESIAN_POINT('Ctrl Pts',(-113.664470133362,4.97242273567059,279.154437906651));
#7202=CARTESIAN_POINT('Ctrl Pts',(-114.676642436386,5.02123698650234,279.154437906651));
#7203=CARTESIAN_POINT('Ctrl Pts',(-114.712031374805,4.00850640775395,279.154437906651));
#7204=CARTESIAN_POINT('',(-113.664470133362,4.9724227356706,279.154437906651));
#7205=CARTESIAN_POINT('Origin',(-113.712641360593,3.97358364309008,279.154437906651));
#7206=CARTESIAN_POINT('Ctrl Pts',(-113.664470133362,4.9724227356706,279.154437906651));
#7207=CARTESIAN_POINT('Ctrl Pts',(-113.664470133365,4.97242273567076,279.239229405758));
#7208=CARTESIAN_POINT('Ctrl Pts',(-113.664388210018,4.97517391664413,279.323714983131));
#7209=CARTESIAN_POINT('Ctrl Pts',(-113.664222049987,4.98058675578718,279.407900302306));
#7210=CARTESIAN_POINT('Ctrl Pts',(-113.664046324293,4.98631120653743,279.496932084109));
#7211=CARTESIAN_POINT('Ctrl Pts',(-113.663776413101,4.99501225701627,279.585628778624));
#7212=CARTESIAN_POINT('Ctrl Pts',(-113.663407708669,5.00664653091257,279.673997137583));
#7213=CARTESIAN_POINT('Ctrl Pts',(-113.663039004236,5.01828080480888,279.762365496541));
#7214=CARTESIAN_POINT('Ctrl Pts',(-113.662571521555,5.03284849722617,279.850406324606));
#7215=CARTESIAN_POINT('Ctrl Pts',(-113.66199852094,5.05036722569038,279.938114606585));
#7216=CARTESIAN_POINT('Ctrl Pts',(-113.661206572423,5.07457999383732,280.059336891665));
#7217=CARTESIAN_POINT('Ctrl Pts',(-113.660218312485,5.10426760827386,280.179083260123));
#7218=CARTESIAN_POINT('Ctrl Pts',(-113.659023375783,5.13925807764477,280.296894965459));
#7219=CARTESIAN_POINT('Ctrl Pts',(-113.6578257433,5.17432748559824,280.414972454284));
#7220=CARTESIAN_POINT('Ctrl Pts',(-113.65642051719,5.21472394506989,280.531107467639));
#7221=CARTESIAN_POINT('Ctrl Pts',(-113.654795447324,5.26032468157852,280.644826365125));
#7222=CARTESIAN_POINT('Ctrl Pts',(-113.654586631599,5.26618421481836,280.65943884095));
#7223=CARTESIAN_POINT('Ctrl Pts',(-113.654374183305,5.27212974279968,280.674011396385));
#7224=CARTESIAN_POINT('Ctrl Pts',(-113.654158074062,5.27816106202165,280.688543000141));
#7225=CARTESIAN_POINT('Ctrl Pts',(-113.654157788835,5.27816902232729,280.688562179362));
#7226=CARTESIAN_POINT('Ctrl Pts',(-113.654157503601,5.27817698278933,280.688581358536));
#7227=CARTESIAN_POINT('Ctrl Pts',(-113.65415721836,5.27818494340776,280.688600537661));
#7228=CARTESIAN_POINT('Ctrl Pts',(-113.650581197211,5.37798601580824,280.929046340209));
#7229=CARTESIAN_POINT('Ctrl Pts',(-113.64593036437,5.50224628634904,281.161649392751));
#7230=CARTESIAN_POINT('Ctrl Pts',(-113.639949581796,5.64838217187481,281.380059137432));
#7231=CARTESIAN_POINT('Ctrl Pts',(-113.639948878589,5.64839935418792,281.380084817535));
#7232=CARTESIAN_POINT('Ctrl Pts',(-113.639948175366,5.64841653676789,281.3801104974));
#7233=CARTESIAN_POINT('Ctrl Pts',(-113.639947472126,5.64843371961472,281.380136177027));
#7234=CARTESIAN_POINT('Ctrl Pts',(-113.633966636096,5.79456841510946,281.598533305936));
#7235=CARTESIAN_POINT('Ctrl Pts',(-113.62676138463,5.9600056500384,281.799695704863));
#7236=CARTESIAN_POINT('Ctrl Pts',(-113.617961421917,6.14427487329594,281.984023788717));
#7237=CARTESIAN_POINT('Ctrl Pts',(-113.617960042188,6.14430376450276,281.984052689153));
#7238=CARTESIAN_POINT('Ctrl Pts',(-113.617958662417,6.14433265623259,281.984081589205));
#7239=CARTESIAN_POINT('Ctrl Pts',(-113.617957282602,6.14436154848538,281.984110488875));
#7240=CARTESIAN_POINT('Ctrl Pts',(-113.609157115931,6.32863029885069,282.168426543867));
#7241=CARTESIAN_POINT('Ctrl Pts',(-113.598618426798,6.53417476279558,282.337174123443));
#7242=CARTESIAN_POINT('Ctrl Pts',(-113.586440599869,6.75115665376533,282.482124645487));
#7243=CARTESIAN_POINT('Ctrl Pts',(-113.586438218326,6.75119908757839,282.482152992569));
#7244=CARTESIAN_POINT('Ctrl Pts',(-113.58643583672,6.75124152185968,282.482181338799));
#7245=CARTESIAN_POINT('Ctrl Pts',(-113.586433455051,6.75128395660918,282.482209684178));
#7246=CARTESIAN_POINT('Ctrl Pts',(-113.574255123834,6.96826806687483,282.627149785255));
#7247=CARTESIAN_POINT('Ctrl Pts',(-113.560418675786,7.19749664327349,282.749835672028));
#7248=CARTESIAN_POINT('Ctrl Pts',(-113.544567247127,7.43905343324073,282.850070664922));
#7249=CARTESIAN_POINT('Ctrl Pts',(-113.544563959442,7.43910353362131,282.850091454283));
#7250=CARTESIAN_POINT('Ctrl Pts',(-113.544560671662,7.43915363464883,282.850112242698));
#7251=CARTESIAN_POINT('Ctrl Pts',(-113.544557383786,7.43920373632309,282.850133030168));
#7252=CARTESIAN_POINT('Ctrl Pts',(-113.53663266123,7.55996313225312,282.900236790085));
#7253=CARTESIAN_POINT('Ctrl Pts',(-113.528154029535,7.68448050799322,282.944846449892));
#7254=CARTESIAN_POINT('Ctrl Pts',(-113.519293829033,7.80971909957291,282.982846110014));
#7255=CARTESIAN_POINT('Ctrl Pts',(-113.510429557315,7.93501523762809,283.020863230781));
#7256=CARTESIAN_POINT('Ctrl Pts',(-113.501164430768,8.06137306870348,283.052478821279));
#7257=CARTESIAN_POINT('Ctrl Pts',(-113.491483653274,8.18876498892164,283.077837914022));
#7258=CARTESIAN_POINT('Ctrl Pts',(-113.491480540346,8.18880595276216,283.077846068431));
#7259=CARTESIAN_POINT('Ctrl Pts',(-113.491477427376,8.1888469167092,283.077854222198));
#7260=CARTESIAN_POINT('Ctrl Pts',(-113.491474314362,8.18888788076278,283.077862375323));
#7261=CARTESIAN_POINT('Ctrl Pts',(-113.472113558759,8.44365550109538,283.128569080677));
#7262=CARTESIAN_POINT('Ctrl Pts',(-113.451093587065,8.70253155627737,283.154437906651));
#7263=CARTESIAN_POINT('Ctrl Pts',(-113.428262580259,8.96568013009353,283.154437906651));
#7264=CARTESIAN_POINT('Ctrl Pts',(-113.664470133362,4.97242273567059,279.154437906651));
#7265=CARTESIAN_POINT('Ctrl Pts',(-114.676642436386,5.02123698650236,279.154437906651));
#7266=CARTESIAN_POINT('Ctrl Pts',(-114.712031374805,4.00850640775395,279.154437906651));
#7267=CARTESIAN_POINT('Ctrl Pts',(-113.664470133391,4.97242273567201,278.890326474763));
#7268=CARTESIAN_POINT('Ctrl Pts',(-114.676642436295,5.02123698828717,278.891215394067));
#7269=CARTESIAN_POINT('Ctrl Pts',(-114.712031374726,4.00850641001981,278.824298616816));
#7270=CARTESIAN_POINT('Ctrl Pts',(-113.663664244145,4.99831834013338,278.630595130227));
#7271=CARTESIAN_POINT('Ctrl Pts',(-114.67546455694,5.04691033969278,278.63244137084));
#7272=CARTESIAN_POINT('Ctrl Pts',(-114.710903699819,4.04115502468268,278.499634436087));
#7273=CARTESIAN_POINT('Ctrl Pts',(-113.661177590195,5.0744101354136,278.247369510288));
#7274=CARTESIAN_POINT('Ctrl Pts',(-114.671927359303,5.1225278355062,278.250117876287));
#7275=CARTESIAN_POINT('Ctrl Pts',(-114.707470396905,4.13709135144805,278.020602411214));
#7276=CARTESIAN_POINT('Ctrl Pts',(-113.660131934399,5.10602814806021,278.120693378449));
#7277=CARTESIAN_POINT('Ctrl Pts',(-114.670450455896,5.15394971067254,278.123720188812));
#7278=CARTESIAN_POINT('Ctrl Pts',(-114.706031268965,4.17695540480897,277.862257246275));
#7279=CARTESIAN_POINT('Ctrl Pts',(-113.657548081267,5.18205470822346,277.869521039089));
#7280=CARTESIAN_POINT('Ctrl Pts',(-114.666855656327,5.22958054026865,277.872937879787));
#7281=CARTESIAN_POINT('Ctrl Pts',(-114.702500647305,4.27281068918636,277.548291822321));
#7282=CARTESIAN_POINT('Ctrl Pts',(-113.656001773055,5.22667924147181,277.744679430273));
#7283=CARTESIAN_POINT('Ctrl Pts',(-114.664727642069,5.27399367908911,277.748222968475));
#7284=CARTESIAN_POINT('Ctrl Pts',(-114.700398345614,4.3290742458498,277.392239811322));
#7285=CARTESIAN_POINT('Ctrl Pts',(-113.65061736322,5.37702972893225,277.381518256623));
#7286=CARTESIAN_POINT('Ctrl Pts',(-114.65745100433,5.42375622595262,277.385276447707));
#7287=CARTESIAN_POINT('Ctrl Pts',(-114.693139028138,4.51864144191369,276.938288343829));
#7288=CARTESIAN_POINT('Ctrl Pts',(-113.646027069567,5.49969526719359,277.151854442776));
#7289=CARTESIAN_POINT('Ctrl Pts',(-114.651392974325,5.54610941243407,277.155342010148));
#7290=CARTESIAN_POINT('Ctrl Pts',(-114.687017214644,4.67330487364045,276.651208576503));
#7291=CARTESIAN_POINT('Ctrl Pts',(-113.634183686803,5.78945063565778,276.717186305511));
#7292=CARTESIAN_POINT('Ctrl Pts',(-114.63645246773,5.83599595554302,276.719483145682));
#7293=CARTESIAN_POINT('Ctrl Pts',(-114.671546763493,5.03865645803467,276.10787340553));
#7294=CARTESIAN_POINT('Ctrl Pts',(-113.626847566912,5.95809309745462,276.51135804872));
#7295=CARTESIAN_POINT('Ctrl Pts',(-114.627482011117,6.00502895151612,276.512705275662));
#7296=CARTESIAN_POINT('Ctrl Pts',(-114.662095475493,5.25130255532316,275.850588084509));
#7297=CARTESIAN_POINT('Ctrl Pts',(-113.609268128842,6.32641706073201,276.142389765968));
#7298=CARTESIAN_POINT('Ctrl Pts',(-114.606908778326,6.37518446750481,276.141710189404));
#7299=CARTESIAN_POINT('Ctrl Pts',(-114.639881805509,5.71575165464959,275.389377730526));
#7300=CARTESIAN_POINT('Ctrl Pts',(-113.598983822344,6.52735371857278,275.976808820229));
#7301=CARTESIAN_POINT('Ctrl Pts',(-114.595248318062,6.57756130177786,275.974955399899));
#7302=CARTESIAN_POINT('Ctrl Pts',(-114.627062819382,5.96913715409733,275.182401547866));
#7303=CARTESIAN_POINT('Ctrl Pts',(-113.574538560835,6.96352705737706,275.684345028695));
#7304=CARTESIAN_POINT('Ctrl Pts',(-114.568605549481,7.01768260522962,275.680597568896));
#7305=CARTESIAN_POINT('Ctrl Pts',(-114.597095644808,6.51918696907829,274.816821809963));
#7306=CARTESIAN_POINT('Ctrl Pts',(-113.560519696997,7.19579002710801,275.560000886879));
#7307=CARTESIAN_POINT('Ctrl Pts',(-114.553783072052,7.25254518292854,275.555433923286));
#7308=CARTESIAN_POINT('Ctrl Pts',(-114.580126963322,6.81210149087467,274.661391631957));
#7309=CARTESIAN_POINT('Ctrl Pts',(-113.513308925342,7.9157235485577,275.260508899332));
#7310=CARTESIAN_POINT('Ctrl Pts',(-114.505515049802,7.98099283291568,275.255077003158));
#7311=CARTESIAN_POINT('Ctrl Pts',(-114.523737575392,7.72007908692096,274.287026647459));
#7312=CARTESIAN_POINT('Ctrl Pts',(-113.473761479701,8.44126302316664,275.154437906651));
#7313=CARTESIAN_POINT('Ctrl Pts',(-114.467003118542,8.51501853086315,275.150410865724));
#7314=CARTESIAN_POINT('Ctrl Pts',(-114.477442070092,8.38295134669039,274.154437909517));
#7315=CARTESIAN_POINT('Ctrl Pts',(-113.428262580259,8.96568013009353,275.154437906651));
#7316=CARTESIAN_POINT('Ctrl Pts',(-114.425153265374,9.0444770965999,275.154437906651));
#7317=CARTESIAN_POINT('Ctrl Pts',(-114.425153265374,9.0444770965999,274.154437906651));
#7318=CARTESIAN_POINT('',(-113.428262580259,8.96568013009353,275.154437906651));
#7319=CARTESIAN_POINT('Origin',(-113.428262580259,8.96568013009353,274.154437906651));
#7320=CARTESIAN_POINT('Ctrl Pts',(-113.428262580259,8.96568013009353,275.154437906651));
#7321=CARTESIAN_POINT('Ctrl Pts',(-113.435595610019,8.88116014640026,275.154437906651));
#7322=CARTESIAN_POINT('Ctrl Pts',(-113.442752880536,8.79693183973325,275.157188732647));
#7323=CARTESIAN_POINT('Ctrl Pts',(-113.449740771665,8.71298996527318,275.162602270709));
#7324=CARTESIAN_POINT('Ctrl Pts',(-113.457125146904,8.62428533496585,275.168322966078));
#7325=CARTESIAN_POINT('Ctrl Pts',(-113.464320440461,8.535899828548,275.177016772727));
#7326=CARTESIAN_POINT('Ctrl Pts',(-113.471330670675,8.4478271736447,275.188641995053));
#7327=CARTESIAN_POINT('Ctrl Pts',(-113.47834090089,8.3597545187414,275.20026721738));
#7328=CARTESIAN_POINT('Ctrl Pts',(-113.485166106015,8.27199391479428,275.214824047261));
#7329=CARTESIAN_POINT('Ctrl Pts',(-113.491806157353,8.1845507681403,275.232331569592));
#7330=CARTESIAN_POINT('Ctrl Pts',(-113.500876309356,8.06510551218054,275.256246428173));
#7331=CARTESIAN_POINT('Ctrl Pts',(-113.509537485751,7.94708455713323,275.285505758661));
#7332=CARTESIAN_POINT('Ctrl Pts',(-113.517788646844,7.83092374627016,275.319945996128));
#7333=CARTESIAN_POINT('Ctrl Pts',(-113.526054136021,7.71456122296905,275.354446038826));
#7334=CARTESIAN_POINT('Ctrl Pts',(-113.533908223703,7.60006439526847,275.394145232933));
#7335=CARTESIAN_POINT('Ctrl Pts',(-113.541346301226,7.48788278442242,275.438929500339));
#7336=CARTESIAN_POINT('Ctrl Pts',(-113.542498601755,7.47050370641486,275.445867440265));
#7337=CARTESIAN_POINT('Ctrl Pts',(-113.543640910443,7.45318023149463,275.45292751574));
#7338=CARTESIAN_POINT('Ctrl Pts',(-113.544773201569,7.43591407750062,275.460109404926));
#7339=CARTESIAN_POINT('Ctrl Pts',(-113.544776397661,7.43586534072456,275.46012967708));
#7340=CARTESIAN_POINT('Ctrl Pts',(-113.54477959367,7.43581660441811,275.460149950198));
#7341=CARTESIAN_POINT('Ctrl Pts',(-113.544782789596,7.43576786858132,275.460170224282));
#7342=CARTESIAN_POINT('Ctrl Pts',(-113.560516229808,7.19584289954654,275.559978891956));
#7343=CARTESIAN_POINT('Ctrl Pts',(-113.574532940314,6.96362069678983,275.684294138161));
#7344=CARTESIAN_POINT('Ctrl Pts',(-113.58675424807,6.74556434165668,275.830493814294));
#7345=CARTESIAN_POINT('Ctrl Pts',(-113.586756563821,6.74552302331589,275.830521516894));
#7346=CARTESIAN_POINT('Ctrl Pts',(-113.586758879507,6.74548170548395,275.83054922028));
#7347=CARTESIAN_POINT('Ctrl Pts',(-113.586761195129,6.7454403881609,275.830576924452));
#7348=CARTESIAN_POINT('Ctrl Pts',(-113.598981989103,6.52738642886912,275.976786887257));
#7349=CARTESIAN_POINT('Ctrl Pts',(-113.609264958424,6.32647902914669,276.142338636907));
#7350=CARTESIAN_POINT('Ctrl Pts',(-113.618053806729,6.14233976902109,276.326789071831));
#7351=CARTESIAN_POINT('Ctrl Pts',(-113.618055154145,6.14231153866698,276.326817349891));
#7352=CARTESIAN_POINT('Ctrl Pts',(-113.618056501527,6.142283308707,276.326845628396));
#7353=CARTESIAN_POINT('Ctrl Pts',(-113.618057848873,6.14225507914116,276.326873907344));
#7354=CARTESIAN_POINT('Ctrl Pts',(-113.626846556943,5.95811430014158,276.511336809039));
#7355=CARTESIAN_POINT('Ctrl Pts',(-113.634182023898,5.78948887641837,276.717139729092));
#7356=CARTESIAN_POINT('Ctrl Pts',(-113.640103346671,5.6446226717632,276.934445789523));
#7357=CARTESIAN_POINT('Ctrl Pts',(-113.640104024114,5.64460609801811,276.934470650913));
#7358=CARTESIAN_POINT('Ctrl Pts',(-113.640104701537,5.64458952458398,276.934495512454));
#7359=CARTESIAN_POINT('Ctrl Pts',(-113.640105378943,5.64457295146084,276.934520374145));
#7360=CARTESIAN_POINT('Ctrl Pts',(-113.64602660846,5.49970654846713,277.1518375195));
#7361=CARTESIAN_POINT('Ctrl Pts',(-113.650616653279,5.37704869953541,277.381482750362));
#7362=CARTESIAN_POINT('Ctrl Pts',(-113.65420613661,5.27681934930888,277.623569478934));
#7363=CARTESIAN_POINT('Ctrl Pts',(-113.654206414505,5.27681158962108,277.623588221123));
#7364=CARTESIAN_POINT('Ctrl Pts',(-113.654206692395,5.2768038300677,277.623606963386));
#7365=CARTESIAN_POINT('Ctrl Pts',(-113.654206970278,5.27679607064875,277.623625705725));
#7366=CARTESIAN_POINT('Ctrl Pts',(-113.656001773178,5.22667925907701,277.744679387836));
#7367=CARTESIAN_POINT('Ctrl Pts',(-113.657548081382,5.18205472332404,277.8695209893));
#7368=CARTESIAN_POINT('Ctrl Pts',(-113.658840008281,5.14404142816305,277.99510720877));
#7369=CARTESIAN_POINT('Ctrl Pts',(-113.660131831063,5.10603119654811,278.120683307066));
#7370=CARTESIAN_POINT('Ctrl Pts',(-113.661177423097,5.07441518934572,278.247349248167));
#7371=CARTESIAN_POINT('Ctrl Pts',(-113.662006276714,5.0490522688131,278.375080837918));
#7372=CARTESIAN_POINT('Ctrl Pts',(-113.662006342785,5.04905024705473,278.375091019805));
#7373=CARTESIAN_POINT('Ctrl Pts',(-113.662006408854,5.0490482253361,278.3751012017));
#7374=CARTESIAN_POINT('Ctrl Pts',(-113.662006474921,5.0490462036572,278.375111383601));
#7375=CARTESIAN_POINT('Ctrl Pts',(-113.663664242107,4.99831840719067,278.63059479254));
#7376=CARTESIAN_POINT('Ctrl Pts',(-113.664470133391,4.97242273567201,278.890310040838));
#7377=CARTESIAN_POINT('Ctrl Pts',(-113.664470133362,4.9724227356706,279.154437906651));
#7378=CARTESIAN_POINT('Origin',(0.,0.,274.15443790665));
#7379=CARTESIAN_POINT('Origin',(4.96031059532802E-15,-2.392219633754E-16,
275.15443790665));
#7380=CARTESIAN_POINT('Origin',(-124.25672026264,5.48325745535044,275.154437906651));
#7381=CARTESIAN_POINT('',(-106.212645716843,8.61769102742385,275.154437906651));
#7382=CARTESIAN_POINT('',(-124.064035353717,9.47861382567251,275.154437906651));
#7383=CARTESIAN_POINT('',(-106.20981461175,8.74427314579891,275.154437906651));
#7384=CARTESIAN_POINT('Origin',(-100.213064188938,8.54682855482569,275.154437906651));
#7385=CARTESIAN_POINT('Origin',(147.218398488066,0.400131632075702,275.154437906651));
#7386=CARTESIAN_POINT('Ctrl Pts',(-105.210356207948,8.71136571397003,274.154437906651));
#7387=CARTESIAN_POINT('Ctrl Pts',(-105.210356207948,8.71136571397003,275.154437906651));
#7388=CARTESIAN_POINT('Ctrl Pts',(-106.20981461175,8.74427314579889,275.154437906651));
#7389=CARTESIAN_POINT('Ctrl Pts',(-105.168033899339,9.99677100561178,274.154437906758));
#7390=CARTESIAN_POINT('Ctrl Pts',(-105.168033899195,9.99677100560957,275.154437906866));
#7391=CARTESIAN_POINT('Ctrl Pts',(-106.167324743936,10.0347675131816,275.154437906651));
#7392=CARTESIAN_POINT('Ctrl Pts',(-105.115894143101,11.2818500826718,274.1544379064));
#7393=CARTESIAN_POINT('Ctrl Pts',(-105.115894143113,11.2818500826688,275.154437906292));
#7394=CARTESIAN_POINT('Ctrl Pts',(-106.114978558995,11.3249344847821,275.154437906651));
#7395=CARTESIAN_POINT('Ctrl Pts',(-105.053941035733,12.5664589551983,274.154437906651));
#7396=CARTESIAN_POINT('Ctrl Pts',(-105.053941035733,12.5664589551983,275.154437906651));
#7397=CARTESIAN_POINT('Ctrl Pts',(-106.052780128327,12.6146301821531,275.154437906651));
#7398=CARTESIAN_POINT('Origin',(-106.20981461175,8.74427314579889,274.154437906651));
#7399=CARTESIAN_POINT('Origin',(-109.040451612157,12.7587172558447,161.8755));
#7400=CARTESIAN_POINT('',(-111.66564106259,3.99535637032207,161.8755));
#7401=CARTESIAN_POINT('',(-107.260527133146,3.99535637032207,161.8755));
#7402=CARTESIAN_POINT('Origin',(-109.463084097868,3.99535637032207,161.8755));
#7403=CARTESIAN_POINT('Origin',(-109.463084097868,3.99535637032207,161.8755));
#7404=CARTESIAN_POINT('',(-106.84300560848,12.6527405559368,161.8755));
#7405=CARTESIAN_POINT('Origin',(-100.213064188938,8.54682855482569,274.154437906651));
#7406=CARTESIAN_POINT('Origin',(-106.212645716843,8.61769102742385,274.154437906651));
#7407=CARTESIAN_POINT('Ctrl Pts',(-106.212645716843,8.61769102742385,275.154437906651));
#7408=CARTESIAN_POINT('Ctrl Pts',(-105.212715462192,8.60588061532415,275.154437906651));
#7409=CARTESIAN_POINT('Ctrl Pts',(-105.212715462192,8.60588061532415,274.154437906651));
#7410=CARTESIAN_POINT('Ctrl Pts',(-106.213593325015,8.27022059796871,275.154437906651));
#7411=CARTESIAN_POINT('Ctrl Pts',(-105.215953088968,8.33176638657243,275.151292710721));
#7412=CARTESIAN_POINT('Ctrl Pts',(-105.216988436311,8.24410864133604,274.154437911362));
#7413=CARTESIAN_POINT('Ctrl Pts',(-106.167901504528,7.93202001521333,275.198926651617));
#7414=CARTESIAN_POINT('Ctrl Pts',(-105.200776147412,8.06526955045732,275.17195456911));
#7415=CARTESIAN_POINT('Ctrl Pts',(-105.182276115526,7.89240002648795,274.210054993748));
#7416=CARTESIAN_POINT('Ctrl Pts',(-106.080741966438,7.60329806131713,275.28323264822));
#7417=CARTESIAN_POINT('Ctrl Pts',(-105.158654568148,7.77616953208014,275.226770027381));
#7418=CARTESIAN_POINT('Ctrl Pts',(-105.112900201132,7.55103387035994,274.315431333612));
#7419=CARTESIAN_POINT('',(-106.080741966435,7.60329806130725,275.283232648223));
#7420=CARTESIAN_POINT('Origin',(-17.3192411167237,14.337695239963,360.245677850917));
#7421=CARTESIAN_POINT('Origin',(-106.09286740357,7.35187493346678,274.315431333612));
#7422=CARTESIAN_POINT('Origin',(-106.09286740357,7.35187493346679,268.654437906651));
#7423=CARTESIAN_POINT('',(-105.09324376518,7.324441712857,268.654437906651));
#7424=CARTESIAN_POINT('Origin',(-106.092867403561,7.35187493342131,268.654437906651));
#7425=CARTESIAN_POINT('',(-105.093243765187,7.32444171289629,274.315431333612));
#7426=CARTESIAN_POINT('Origin',(-106.092867403567,7.35187493346713,274.315431333612));
#7427=CARTESIAN_POINT('',(-105.09324376519,7.32444171289637,268.654437906651));
#7428=CARTESIAN_POINT('Ctrl Pts',(-105.091653304115,7.31142419396326,268.739464930379));
#7429=CARTESIAN_POINT('Ctrl Pts',(-105.087511135466,7.42702786090538,268.760519006783));
#7430=CARTESIAN_POINT('Ctrl Pts',(-105.110802144556,7.54030519888898,268.782013482062));
#7431=CARTESIAN_POINT('Ctrl Pts',(-105.096093576822,7.34807403777968,268.62268370558));
#7432=CARTESIAN_POINT('Ctrl Pts',(-105.094747761034,7.4606129664587,268.614899697639));
#7433=CARTESIAN_POINT('Ctrl Pts',(-105.116767450327,7.57102609196033,268.606793374188));
#7434=CARTESIAN_POINT('Ctrl Pts',(-105.090916365806,7.30347897655395,268.505408019138));
#7435=CARTESIAN_POINT('Ctrl Pts',(-105.086241669596,7.41960797973652,268.468221739692));
#7436=CARTESIAN_POINT('Ctrl Pts',(-105.109787901616,7.53364701681533,268.430832137805));
#7437=CARTESIAN_POINT('Ctrl Pts',(-105.071928413976,7.16712846379672,268.32622372288));
#7438=CARTESIAN_POINT('Ctrl Pts',(-105.055858882689,7.29538656086324,268.245724637729));
#7439=CARTESIAN_POINT('Ctrl Pts',(-105.084543058473,7.41933687612551,268.161980715509));
#7440=CARTESIAN_POINT('Ctrl Pts',(-105.06052685686,7.09034538075379,268.255441206935));
#7441=CARTESIAN_POINT('Ctrl Pts',(-105.037675050771,7.22535843850472,268.158052709296));
#7442=CARTESIAN_POINT('Ctrl Pts',(-105.069450694218,7.35496078146573,268.055777281893));
#7443=CARTESIAN_POINT('Ctrl Pts',(-105.019684274291,6.84460033361401,268.057687876204));
#7444=CARTESIAN_POINT('Ctrl Pts',(-104.973182518688,7.00158366994102,267.913887182935));
#7445=CARTESIAN_POINT('Ctrl Pts',(-105.015766119011,7.14889890150603,267.759064407831));
#7446=CARTESIAN_POINT('Ctrl Pts',(-104.983674572989,6.66010392095634,267.943092076509));
#7447=CARTESIAN_POINT('Ctrl Pts',(-104.916870064548,6.83418223910155,267.774387919984));
#7448=CARTESIAN_POINT('Ctrl Pts',(-104.968850697584,6.99416346222307,267.587120919552));
#7449=CARTESIAN_POINT('Ctrl Pts',(-104.894588359842,6.28341066172289,267.724932325085));
#7450=CARTESIAN_POINT('Ctrl Pts',(-104.781088426508,6.49684090638443,267.514181452696));
#7451=CARTESIAN_POINT('Ctrl Pts',(-104.853795301621,6.67816919858764,267.259781725395));
#7452=CARTESIAN_POINT('Ctrl Pts',(-104.841217003404,6.08933807210512,267.622420257979));
#7453=CARTESIAN_POINT('Ctrl Pts',(-104.700334783409,6.32412049252249,267.394527679969));
#7454=CARTESIAN_POINT('Ctrl Pts',(-104.785267237013,6.51534008045775,267.105965065901));
#7455=CARTESIAN_POINT('Ctrl Pts',(-104.718479948852,5.70623763831176,267.430516708681));
#7456=CARTESIAN_POINT('Ctrl Pts',(-104.51929006686,5.98881304634538,267.177839596063));
#7457=CARTESIAN_POINT('Ctrl Pts',(-104.628445359062,6.19387435763967,266.818012968375));
#7458=CARTESIAN_POINT('Ctrl Pts',(-104.648885546214,5.51585251731805,267.340615070538));
#7459=CARTESIAN_POINT('Ctrl Pts',(-104.417613185843,5.82425479237691,267.080155517835));
#7460=CARTESIAN_POINT('Ctrl Pts',(-104.539852765021,6.03410085407881,266.683112533325));
#7461=CARTESIAN_POINT('Ctrl Pts',(-104.491638805229,5.13951084416079,267.172240890494));
#7462=CARTESIAN_POINT('Ctrl Pts',(-104.194821502506,5.50635488079532,266.906992808376));
#7463=CARTESIAN_POINT('Ctrl Pts',(-104.340296975268,5.71825171442885,266.430454291197));
#7464=CARTESIAN_POINT('Ctrl Pts',(-104.404014739176,4.95350865112215,267.093788387671));
#7465=CARTESIAN_POINT('Ctrl Pts',(-104.07252020352,5.35252990088927,266.831849874118));
#7466=CARTESIAN_POINT('Ctrl Pts',(-104.229370350986,5.5621388472789,266.312726618712));
#7467=CARTESIAN_POINT('Ctrl Pts',(-104.207547302145,4.58680021436068,266.950232139447));
#7468=CARTESIAN_POINT('Ctrl Pts',(-103.809767859088,5.05925651744512,266.70796856487));
#7469=CARTESIAN_POINT('Ctrl Pts',(-103.981180580697,5.25435480801389,266.097293757428));
#7470=CARTESIAN_POINT('Ctrl Pts',(-104.099548401373,4.40799884733484,266.885964690847));
#7471=CARTESIAN_POINT('Ctrl Pts',(-103.669525690693,4.92158629693264,266.660956063318));
#7472=CARTESIAN_POINT('Ctrl Pts',(-103.844989146142,5.10428299940379,266.000842830789));
#7473=CARTESIAN_POINT('Ctrl Pts',(-103.866165768711,4.06765226973763,266.778111221809));
#7474=CARTESIAN_POINT('Ctrl Pts',(-103.38405824729,4.67105708521504,266.599940638187));
#7475=CARTESIAN_POINT('Ctrl Pts',(-103.551104012773,4.81862723976227,265.838968755747));
#7476=CARTESIAN_POINT('Ctrl Pts',(-103.739888669588,3.9045839720295,266.733934807086));
#7477=CARTESIAN_POINT('Ctrl Pts',(-103.237350499155,4.55797952615151,266.586932804459));
#7478=CARTESIAN_POINT('Ctrl Pts',(-103.392284693876,4.68176457193859,265.772657959482));
#7479=CARTESIAN_POINT('Ctrl Pts',(-103.444765619545,3.57191885443879,266.666795412401));
#7480=CARTESIAN_POINT('Ctrl Pts',(-102.922154913209,4.33909024837095,266.59613229183));
#7481=CARTESIAN_POINT('Ctrl Pts',(-103.021478890118,4.40255813119679,265.671863245621));
#7482=CARTESIAN_POINT('Ctrl Pts',(-103.276465921454,3.41006249372469,266.64922043323));
#7483=CARTESIAN_POINT('Ctrl Pts',(-102.761216329594,4.24345894699485,266.626079178152));
#7484=CARTESIAN_POINT('Ctrl Pts',(-102.810216824169,4.26669912434694,265.645460988769));
#7485=CARTESIAN_POINT('Ctrl Pts',(-103.097442787102,3.26580816665107,266.655794920499));
#7486=CARTESIAN_POINT('Ctrl Pts',(-102.614788002356,4.16265294314242,266.673377123068));
#7487=CARTESIAN_POINT('Ctrl Pts',(-102.58568918152,4.14560823010044,265.655302851921));
#7488=CARTESIAN_POINT('',(-103.171140569437,3.32669597728241,266.654437906651));
#7489=CARTESIAN_POINT('Origin',(-103.171140569437,3.32669597728194,265.654437906651));
#7490=CARTESIAN_POINT('Ctrl Pts',(-103.171140569437,3.32669597728241,266.654437906651));
#7491=CARTESIAN_POINT('Ctrl Pts',(-103.252970471252,3.39599479933054,266.654437906651));
#7492=CARTESIAN_POINT('Ctrl Pts',(-103.331839196996,3.46850826971664,266.659486020716));
#7493=CARTESIAN_POINT('Ctrl Pts',(-103.407796825716,3.54380376931076,266.668757199181));
#7494=CARTESIAN_POINT('Ctrl Pts',(-103.475240581043,3.61065961167373,266.676989197764));
#7495=CARTESIAN_POINT('Ctrl Pts',(-103.540389789652,3.67970786624696,266.688549573274));
#7496=CARTESIAN_POINT('Ctrl Pts',(-103.603294015067,3.75061458468714,266.702860035604));
#7497=CARTESIAN_POINT('Ctrl Pts',(-103.610785069562,3.75905862939778,266.704564220855));
#7498=CARTESIAN_POINT('Ctrl Pts',(-103.61823508771,3.76751876272625,266.706305534508));
#7499=CARTESIAN_POINT('Ctrl Pts',(-103.625644258623,3.77599423206917,266.708083067639));
#7500=CARTESIAN_POINT('Ctrl Pts',(-103.679673276845,3.83779889185385,266.721045161657));
#7501=CARTESIAN_POINT('Ctrl Pts',(-103.731614109612,3.90051175769493,266.735949529086));
#7502=CARTESIAN_POINT('Ctrl Pts',(-103.781653005604,3.96402426685658,266.752516971722));
#7503=CARTESIAN_POINT('Ctrl Pts',(-103.833910325977,4.03035253955585,266.769818915347));
#7504=CARTESIAN_POINT('Ctrl Pts',(-103.884093364801,4.09755303490525,266.788934863957));
#7505=CARTESIAN_POINT('Ctrl Pts',(-103.932390331877,4.16553046856082,266.809590083105));
#7506=CARTESIAN_POINT('Ctrl Pts',(-103.949444498852,4.18953401524798,266.816883658201));
#7507=CARTESIAN_POINT('Ctrl Pts',(-103.966263284702,4.21363467725497,266.824369525338));
#7508=CARTESIAN_POINT('Ctrl Pts',(-103.982854297118,4.23782901080383,266.832036719855));
#7509=CARTESIAN_POINT('Ctrl Pts',(-103.990614406775,4.24914541975571,266.835622894629));
#7510=CARTESIAN_POINT('Ctrl Pts',(-103.998328631414,4.26048906132183,266.839251357377));
#7511=CARTESIAN_POINT('Ctrl Pts',(-104.00599717428,4.27185896335499,266.842921164009));
#7512=CARTESIAN_POINT('Ctrl Pts',(-104.054838124876,4.34427387100451,266.866294162963));
#7513=CARTESIAN_POINT('Ctrl Pts',(-104.101783537263,4.41769052593315,266.891320569706));
#7514=CARTESIAN_POINT('Ctrl Pts',(-104.146877392921,4.49185980715521,266.91776342009));
#7515=CARTESIAN_POINT('Ctrl Pts',(-104.194636175455,4.57041229553763,266.945768972568));
#7516=CARTESIAN_POINT('Ctrl Pts',(-104.240318396372,4.64980937209587,266.975363514084));
#7517=CARTESIAN_POINT('Ctrl Pts',(-104.283959814171,4.72979507844584,267.006304024654));
#7518=CARTESIAN_POINT('Ctrl Pts',(-104.291291141013,4.74323188654012,267.011501724616));
#7519=CARTESIAN_POINT('Ctrl Pts',(-104.298564833006,4.7566853844939,267.016737487915));
#7520=CARTESIAN_POINT('Ctrl Pts',(-104.305781007674,4.77015444846076,267.022010254561));
#7521=CARTESIAN_POINT('Ctrl Pts',(-104.310511622985,4.77898419041592,267.025466854737));
#7522=CARTESIAN_POINT('Ctrl Pts',(-104.315215561372,4.78781620510541,267.028937418484));
#7523=CARTESIAN_POINT('Ctrl Pts',(-104.319893155992,4.79665059288352,267.032421868242));
#7524=CARTESIAN_POINT('Ctrl Pts',(-104.386504812157,4.92245739081963,267.082042450627));
#7525=CARTESIAN_POINT('Ctrl Pts',(-104.447912438647,5.04900070249386,267.134577121001));
#7526=CARTESIAN_POINT('Ctrl Pts',(-104.504765685635,5.17617149189036,267.189691908021));
#7527=CARTESIAN_POINT('Ctrl Pts',(-104.527300780111,5.22657856458148,267.21153792383));
#7528=CARTESIAN_POINT('Ctrl Pts',(-104.549119835691,5.27708436137998,267.233789603494));
#7529=CARTESIAN_POINT('Ctrl Pts',(-104.570261454511,5.32768261558431,267.256427261536));
#7530=CARTESIAN_POINT('Ctrl Pts',(-104.571364134405,5.33032166030636,267.257607970099));
#7531=CARTESIAN_POINT('Ctrl Pts',(-104.572464965659,5.33296096558325,267.258789724843));
#7532=CARTESIAN_POINT('Ctrl Pts',(-104.573563951457,5.33560052897135,267.259972526538));
#7533=CARTESIAN_POINT('Ctrl Pts',(-104.615968500308,5.43744851901639,267.305611125649));
#7534=CARTESIAN_POINT('Ctrl Pts',(-104.655569450007,5.53953742281451,267.352741888718));
#7535=CARTESIAN_POINT('Ctrl Pts',(-104.692617742608,5.6418974464134,267.401481967781));
#7536=CARTESIAN_POINT('Ctrl Pts',(-104.723419409018,5.72699878521291,267.44200409581));
#7537=CARTESIAN_POINT('Ctrl Pts',(-104.752455682575,5.81228797174653,267.483639005487));
#7538=CARTESIAN_POINT('Ctrl Pts',(-104.779848019612,5.89778855980575,267.526467837561));
#7539=CARTESIAN_POINT('Ctrl Pts',(-104.811834549556,5.99762915086343,267.576479843392));
#7540=CARTESIAN_POINT('Ctrl Pts',(-104.841642272961,6.09812746456437,267.628257656484));
#7541=CARTESIAN_POINT('Ctrl Pts',(-104.869200958855,6.19830435088996,267.681907805044));
#7542=CARTESIAN_POINT('Ctrl Pts',(-104.890509086605,6.27576021723742,267.723389616755));
#7543=CARTESIAN_POINT('Ctrl Pts',(-104.910472079242,6.35302462352067,267.765991295009));
#7544=CARTESIAN_POINT('Ctrl Pts',(-104.929042368382,6.42963386103417,267.809773254545));
#7545=CARTESIAN_POINT('Ctrl Pts',(-104.932451125148,6.44369622994952,267.817809858052));
#7546=CARTESIAN_POINT('Ctrl Pts',(-104.93581068095,6.45774568935389,267.825881880272));
#7547=CARTESIAN_POINT('Ctrl Pts',(-104.939122859894,6.47177606561092,267.83399407606));
#7548=CARTESIAN_POINT('Ctrl Pts',(-104.946486324126,6.50296766952521,267.85202868848));
#7549=CARTESIAN_POINT('Ctrl Pts',(-104.953624360519,6.53411602051782,267.870233462009));
#7550=CARTESIAN_POINT('Ctrl Pts',(-104.960552389161,6.56511891018205,267.888708831213));
#7551=CARTESIAN_POINT('Ctrl Pts',(-104.970929973835,6.61155854390996,267.91638332827));
#7552=CARTESIAN_POINT('Ctrl Pts',(-104.980826065556,6.65771448408618,267.944643600837));
#7553=CARTESIAN_POINT('Ctrl Pts',(-104.990226846124,6.70345434572634,267.973713512863));
#7554=CARTESIAN_POINT('Ctrl Pts',(-104.994474424367,6.72412110203487,267.986848244062));
#7555=CARTESIAN_POINT('Ctrl Pts',(-104.998620927601,6.74470244831661,268.000148700299));
#7556=CARTESIAN_POINT('Ctrl Pts',(-105.002665233869,6.76518355879085,268.013638028695));
#7557=CARTESIAN_POINT('Ctrl Pts',(-105.009162835555,6.79808860828491,268.035310047848));
#7558=CARTESIAN_POINT('Ctrl Pts',(-105.015398663093,6.83073117317184,268.057473887481));
#7559=CARTESIAN_POINT('Ctrl Pts',(-105.021371382768,6.86302251846065,268.080249161511));
#7560=CARTESIAN_POINT('Ctrl Pts',(-105.027344102443,6.89531386374945,268.103024435541));
#7561=CARTESIAN_POINT('Ctrl Pts',(-105.033053643438,6.92725464583785,268.126411194182));
#7562=CARTESIAN_POINT('Ctrl Pts',(-105.038492509015,6.95874507700204,268.150529466675));
#7563=CARTESIAN_POINT('Ctrl Pts',(-105.041369957854,6.97540518806884,268.163289314147));
#7564=CARTESIAN_POINT('Ctrl Pts',(-105.04417133536,6.99201753956535,268.176260800491));
#7565=CARTESIAN_POINT('Ctrl Pts',(-105.046898712172,7.00849545136584,268.189472196977));
#7566=CARTESIAN_POINT('Ctrl Pts',(-105.047608138048,7.01278156869666,268.192908651555));
#7567=CARTESIAN_POINT('Ctrl Pts',(-105.048312490485,7.01705871626047,268.196362800892));
#7568=CARTESIAN_POINT('Ctrl Pts',(-105.049011625079,7.02132388314442,268.19983505417));
#7569=CARTESIAN_POINT('Ctrl Pts',(-105.051551835125,7.03682078440595,268.212451012157));
#7570=CARTESIAN_POINT('Ctrl Pts',(-105.054024260884,7.05216049620554,268.225309976298));
#7571=CARTESIAN_POINT('Ctrl Pts',(-105.056422281171,7.06726640735392,268.238447074963));
#7572=CARTESIAN_POINT('Ctrl Pts',(-105.059684743945,7.08781772338893,268.256319857598));
#7573=CARTESIAN_POINT('Ctrl Pts',(-105.062809919559,7.1079354171974,268.274707756742));
#7574=CARTESIAN_POINT('Ctrl Pts',(-105.065773968246,7.1274289317899,268.293699655386));
#7575=CARTESIAN_POINT('Ctrl Pts',(-105.066077933347,7.12942800425866,268.295647286816));
#7576=CARTESIAN_POINT('Ctrl Pts',(-105.066380200777,7.13142046994462,268.297601287128));
#7577=CARTESIAN_POINT('Ctrl Pts',(-105.066680742499,7.13340609280083,268.29956176402));
#7578=CARTESIAN_POINT('Ctrl Pts',(-105.068296346541,7.14408008605895,268.310100581632));
#7579=CARTESIAN_POINT('Ctrl Pts',(-105.069860449617,7.15456878771272,268.320818846933));
#7580=CARTESIAN_POINT('Ctrl Pts',(-105.071369005208,7.16483446866185,268.331736294877));
#7581=CARTESIAN_POINT('Ctrl Pts',(-105.072123283003,7.16996730913641,268.337195018849));
#7582=CARTESIAN_POINT('Ctrl Pts',(-105.072864112061,7.17504082167252,268.342705731622));
#7583=CARTESIAN_POINT('Ctrl Pts',(-105.073590901301,7.1800491422187,268.348271198313));
#7584=CARTESIAN_POINT('Ctrl Pts',(-105.074317690541,7.18505746276487,268.353836665004));
#7585=CARTESIAN_POINT('Ctrl Pts',(-105.075030431783,7.19000060489867,268.359456860598));
#7586=CARTESIAN_POINT('Ctrl Pts',(-105.075728207312,7.19487484422433,268.365133180991));
#7587=CARTESIAN_POINT('Ctrl Pts',(-105.077258028178,7.2055612508287,268.377578090583));
#7588=CARTESIAN_POINT('Ctrl Pts',(-105.078719081275,7.21593373835561,268.390315728556));
#7589=CARTESIAN_POINT('Ctrl Pts',(-105.080104459379,7.22591836277296,268.403395691908));
#7590=CARTESIAN_POINT('Ctrl Pts',(-105.081666956006,7.23717950651299,268.418147909044));
#7591=CARTESIAN_POINT('Ctrl Pts',(-105.083133222004,7.24791723841835,268.433421957387));
#7592=CARTESIAN_POINT('Ctrl Pts',(-105.084483632955,7.25793254694809,268.449239373306));
#7593=CARTESIAN_POINT('Ctrl Pts',(-105.085819428539,7.26783946076203,268.464885598862));
#7594=CARTESIAN_POINT('Ctrl Pts',(-105.08704192243,7.27704019843891,268.481063695976));
#7595=CARTESIAN_POINT('Ctrl Pts',(-105.088126073455,7.28529251298063,268.497790633019));
#7596=CARTESIAN_POINT('Ctrl Pts',(-105.088323069542,7.28679200303146,268.500830007675));
#7597=CARTESIAN_POINT('Ctrl Pts',(-105.088515956281,7.28825697774454,268.503892539727));
#7598=CARTESIAN_POINT('Ctrl Pts',(-105.08870436348,7.28968589225741,268.506976527423));
#7599=CARTESIAN_POINT('Ctrl Pts',(-105.088792679355,7.29035569593532,268.508422146655));
#7600=CARTESIAN_POINT('Ctrl Pts',(-105.088880011269,7.29101757623942,268.509872480186));
#7601=CARTESIAN_POINT('Ctrl Pts',(-105.088966322759,7.29167137410491,268.511327352344));
#7602=CARTESIAN_POINT('Ctrl Pts',(-105.089842379998,7.29830738919867,268.526094230786));
#7603=CARTESIAN_POINT('Ctrl Pts',(-105.090612268133,7.30411619238488,268.541330317985));
#7604=CARTESIAN_POINT('Ctrl Pts',(-105.09124442079,7.30891870144486,268.556847244293));
#7605=CARTESIAN_POINT('Ctrl Pts',(-105.091577629243,7.31145010995202,268.565026235476));
#7606=CARTESIAN_POINT('Ctrl Pts',(-105.091872767909,7.31370257761292,268.573283380494));
#7607=CARTESIAN_POINT('Ctrl Pts',(-105.092126503167,7.31565570828187,268.581592465986));
#7608=CARTESIAN_POINT('Ctrl Pts',(-105.092310281631,7.31707034555628,268.587610671649));
#7609=CARTESIAN_POINT('Ctrl Pts',(-105.092472373555,7.31832666300321,268.593655659729));
#7610=CARTESIAN_POINT('Ctrl Pts',(-105.092611616758,7.31942434244262,268.599716351872));
#7611=CARTESIAN_POINT('Ctrl Pts',(-105.092820481563,7.32107086160175,268.608807390086));
#7612=CARTESIAN_POINT('Ctrl Pts',(-105.092978859334,7.32232806077465,268.617937712767));
#7613=CARTESIAN_POINT('Ctrl Pts',(-105.093084680104,7.32317077849092,268.627070128676));
#7614=CARTESIAN_POINT('Ctrl Pts',(-105.093190500875,7.3240134962072,268.636202544585));
#7615=CARTESIAN_POINT('Ctrl Pts',(-105.093243765329,7.32444170742768,268.645336818257));
#7616=CARTESIAN_POINT('Ctrl Pts',(-105.09324376518,7.32444171285694,268.654437906651));
#7617=CARTESIAN_POINT('Origin',(-100.213064188938,8.54682855482569,265.654437906651));
#7618=CARTESIAN_POINT('',(-100.28935567572,2.54731360701162,266.654437906651));
#7619=CARTESIAN_POINT('Origin',(-100.28935567572,2.54731360701162,265.654437906651));
#7620=CARTESIAN_POINT('Origin',(-100.213064188938,8.54682855482569,266.654437906651));
#7621=CARTESIAN_POINT('Origin',(-102.83964718752,2.579743817263,265.654437906651));
#7622=CARTESIAN_POINT('',(-41.3419660815225,1.79772234285204,266.654437906651));
#7623=CARTESIAN_POINT('Origin',(-41.3419660815225,1.79772234285032,265.654437906651));
#7624=CARTESIAN_POINT('',(-102.972858451975,2.58143776844237,266.654437906651));
#7625=CARTESIAN_POINT('Ctrl Pts',(-41.3419660815225,1.79772234285032,266.654437906651));
#7626=CARTESIAN_POINT('Ctrl Pts',(-41.3292508337254,2.79764150081933,266.654437906651));
#7627=CARTESIAN_POINT('Ctrl Pts',(-41.3292508337254,2.79764150081933,265.654437906651));
#7628=CARTESIAN_POINT('Ctrl Pts',(-41.2099321892136,1.79569334493017,266.654437906651));
#7629=CARTESIAN_POINT('Ctrl Pts',(-41.1971892662492,2.79596216950401,266.654787960978));
#7630=CARTESIAN_POINT('Ctrl Pts',(-41.1311961041708,2.79512298225351,265.654437910395));
#7631=CARTESIAN_POINT('Ctrl Pts',(-41.0800874703151,1.79369688634053,266.667388071187));
#7632=CARTESIAN_POINT('Ctrl Pts',(-41.0674109160371,2.79431187220854,266.668087924149));
#7633=CARTESIAN_POINT('Ctrl Pts',(-40.9364251911799,2.7926462216048,265.673863153016));
#7634=CARTESIAN_POINT('Ctrl Pts',(-40.8246441355242,1.78976720807735,266.718129292302));
#7635=CARTESIAN_POINT('Ctrl Pts',(-40.8122243580193,2.79106684955519,266.719472504656));
#7636=CARTESIAN_POINT('Ctrl Pts',(-40.5532526307945,2.7877736936454,265.749974984795));
#7637=CARTESIAN_POINT('Ctrl Pts',(-40.6977168413312,1.78781352077569,266.756534461844));
#7638=CARTESIAN_POINT('Ctrl Pts',(-40.6854941355892,2.78945531309516,266.758182156789));
#7639=CARTESIAN_POINT('Ctrl Pts',(-40.3628579265414,2.785352582074,265.807582739598));
#7640=CARTESIAN_POINT('Ctrl Pts',(-40.4556429974349,1.78408562692408,266.856811162341));
#7641=CARTESIAN_POINT('Ctrl Pts',(-40.4439091329411,2.78638325156734,266.858958893716));
#7642=CARTESIAN_POINT('Ctrl Pts',(-39.9997399690381,2.78073507397604,265.957997787233));
#7643=CARTESIAN_POINT('Ctrl Pts',(-40.3408265895756,1.78231653334075,266.918175168197));
#7644=CARTESIAN_POINT('Ctrl Pts',(-40.329387858248,2.78492696745792,266.920524786225));
#7645=CARTESIAN_POINT('Ctrl Pts',(-39.8275119398072,2.77854497485471,266.050043795988));
#7646=CARTESIAN_POINT('Ctrl Pts',(-40.1235213892854,1.77896684336254,267.063149830722));
#7647=CARTESIAN_POINT('Ctrl Pts',(-40.1127259248127,2.78217183454834,267.065774339358));
#7648=CARTESIAN_POINT('Ctrl Pts',(-39.5015476620592,2.77439992319575,266.267505790466));
#7649=CARTESIAN_POINT('Ctrl Pts',(-40.0206189481933,1.77737984986387,267.147538880036));
#7650=CARTESIAN_POINT('Ctrl Pts',(-40.0101823012263,2.78086786154653,267.150238391872));
#7651=CARTESIAN_POINT('Ctrl Pts',(-39.3471909269589,2.77243708037961,266.394089363772));
#7652=CARTESIAN_POINT('Ctrl Pts',(-39.836151785732,1.77453391181991,267.331888818293));
#7653=CARTESIAN_POINT('Ctrl Pts',(-39.8264158385717,2.77853103653477,267.334594183253));
#7654=CARTESIAN_POINT('Ctrl Pts',(-39.0704846652936,2.76891840723884,266.67061426982));
#7655=CARTESIAN_POINT('Ctrl Pts',(-39.7533677171523,1.77325617689859,267.432476519319));
#7656=CARTESIAN_POINT('Ctrl Pts',(-39.7439855722602,2.77748283052745,267.435115209987));
#7657=CARTESIAN_POINT('Ctrl Pts',(-38.9463060817379,2.76733931812107,266.821495820848));
#7658=CARTESIAN_POINT('Ctrl Pts',(-39.6071436064062,1.77099866059234,267.650873565595));
#7659=CARTESIAN_POINT('Ctrl Pts',(-39.598417915939,2.77563175206195,267.653246096754));
#7660=CARTESIAN_POINT('Ctrl Pts',(-38.7269655333522,2.76455012321222,267.149091392014));
#7661=CARTESIAN_POINT('Ctrl Pts',(-39.5449681467746,1.77003840252858,267.767202049267));
#7662=CARTESIAN_POINT('Ctrl Pts',(-39.5365475754895,2.77484499174814,267.76937269544));
#7663=CARTESIAN_POINT('Ctrl Pts',(-38.6337004757154,2.76336413901619,267.323584116903));
#7664=CARTESIAN_POINT('Ctrl Pts',(-39.3952057578074,1.76772503953211,268.127884969276));
#7665=CARTESIAN_POINT('Ctrl Pts',(-39.3875250868649,2.77294998068141,268.129338119491));
#7666=CARTESIAN_POINT('Ctrl Pts',(-38.4090523923727,2.76050745202897,267.864608497918));
#7667=CARTESIAN_POINT('Ctrl Pts',(-39.3421389006632,1.76690480566931,268.391324285697));
#7668=CARTESIAN_POINT('Ctrl Pts',(-39.3347705677549,2.77227913966316,268.392039186248));
#7669=CARTESIAN_POINT('Ctrl Pts',(-38.3294505133855,2.75949521258104,268.25976747389));
#7670=CARTESIAN_POINT('Ctrl Pts',(-39.3421389006634,1.76690480564713,268.654437906651));
#7671=CARTESIAN_POINT('Ctrl Pts',(-39.3347705645289,2.77227913962533,268.654437906651));
#7672=CARTESIAN_POINT('Ctrl Pts',(-38.3294505085232,2.75949521251921,268.654437906651));
#7673=CARTESIAN_POINT('',(-39.3421389006634,1.7669048056489,268.654437906651));
#7674=CARTESIAN_POINT('Origin',(-38.3421657563203,1.7595760545502,268.654437906651));
#7675=CARTESIAN_POINT('Origin',(-41.3419349514042,1.79767850738303,268.654470722247));
#7676=CARTESIAN_POINT('Origin',(-38.3421657563203,1.7595760545502,268.654437906651));
#7677=CARTESIAN_POINT('',(-39.3421389006634,1.7669048056489,289.654437906651));
#7678=CARTESIAN_POINT('Origin',(-38.3421657563203,1.7595760545502,289.654437906651));
#7679=CARTESIAN_POINT('',(-39.3421389006634,1.76690480564712,289.654437906651));
#7680=CARTESIAN_POINT('Ctrl Pts',(-39.3421389006634,1.76690480564712,289.654437906651));
#7681=CARTESIAN_POINT('Ctrl Pts',(-39.3347705645289,2.77227913962533,289.654437906651));
#7682=CARTESIAN_POINT('Ctrl Pts',(-38.3294505085232,2.75949521251921,289.654437906651));
#7683=CARTESIAN_POINT('Ctrl Pts',(-39.3421389006632,1.7669048056673,289.786485087042));
#7684=CARTESIAN_POINT('Ctrl Pts',(-39.3347705670083,2.77227913965883,289.786127430946));
#7685=CARTESIAN_POINT('Ctrl Pts',(-38.3294505122623,2.75949521256676,289.85250867787));
#7686=CARTESIAN_POINT('Ctrl Pts',(-39.3550883105566,1.76710493171947,289.916342773811));
#7687=CARTESIAN_POINT('Ctrl Pts',(-39.3476479808643,2.77244289240354,289.915629315714));
#7688=CARTESIAN_POINT('Ctrl Pts',(-38.3488750128632,2.75974221987381,290.047295208779));
#7689=CARTESIAN_POINT('Ctrl Pts',(-39.4058265028107,1.76788893562647,290.171811433669));
#7690=CARTESIAN_POINT('Ctrl Pts',(-39.3981156622664,2.77308465335875,290.170447041054));
#7691=CARTESIAN_POINT('Ctrl Pts',(-38.4249838281856,2.76071004056077,290.43049819961));
#7692=CARTESIAN_POINT('Ctrl Pts',(-39.4442294399241,1.76848230139474,290.298751320549));
#7693=CARTESIAN_POINT('Ctrl Pts',(-39.4363135023153,2.77357038762794,290.29708079036));
#7694=CARTESIAN_POINT('Ctrl Pts',(-38.4825893897291,2.76144256876934,290.620908030006));
#7695=CARTESIAN_POINT('Ctrl Pts',(-39.5444995565427,1.77003116575938,290.540847665819));
#7696=CARTESIAN_POINT('Ctrl Pts',(-39.5360812065596,2.77483906127269,290.538678269815));
#7697=CARTESIAN_POINT('Ctrl Pts',(-38.6329975751158,2.7633552007383,290.984052549562));
#7698=CARTESIAN_POINT('Ctrl Pts',(-39.6058594286077,1.77097882832518,290.655674545925));
#7699=CARTESIAN_POINT('Ctrl Pts',(-39.5971400194699,2.77561550198235,290.653305991944));
#7700=CARTESIAN_POINT('Ctrl Pts',(-38.7250392260896,2.76452562775778,291.156292869941));
#7701=CARTESIAN_POINT('Ctrl Pts',(-39.7508240772884,1.77321691231563,290.872999190106));
#7702=CARTESIAN_POINT('Ctrl Pts',(-39.741453094943,2.77745062684306,290.870363822012));
#7703=CARTESIAN_POINT('Ctrl Pts',(-38.9424905477216,2.76729079873817,291.482279835309));
#7704=CARTESIAN_POINT('Ctrl Pts',(-39.8352067380591,1.77451932765109,290.975910015314));
#7705=CARTESIAN_POINT('Ctrl Pts',(-39.8254746574458,2.77851906821226,290.973205123947));
#7706=CARTESIAN_POINT('Ctrl Pts',(-39.0690670664191,2.76890038066057,291.636646073072));
#7707=CARTESIAN_POINT('Ctrl Pts',(-40.0195418413997,1.77736323642295,291.160391598086));
#7708=CARTESIAN_POINT('Ctrl Pts',(-40.0091090445681,2.78085421372258,291.157691553759));
#7709=CARTESIAN_POINT('Ctrl Pts',(-39.3455752336553,2.77241653477794,291.913368447632));
#7710=CARTESIAN_POINT('Ctrl Pts',(-40.1201213148406,1.77891441858273,291.243182025378));
#7711=CARTESIAN_POINT('Ctrl Pts',(-40.1093366256635,2.78212873528902,291.24055404066));
#7712=CARTESIAN_POINT('Ctrl Pts',(-39.4964474475502,2.77433506746138,292.03755408904));
#7713=CARTESIAN_POINT('Ctrl Pts',(-40.3385002494728,1.78228068692155,291.389417108617));
#7714=CARTESIAN_POINT('Ctrl Pts',(-40.3270673997651,2.78489745986439,291.387063455149));
#7715=CARTESIAN_POINT('Ctrl Pts',(-39.8240223617755,2.778500600418,292.256906710597));
#7716=CARTESIAN_POINT('Ctrl Pts',(-40.4548170942975,1.78407289960584,291.451596076039));
#7717=CARTESIAN_POINT('Ctrl Pts',(-40.4430857044039,2.78637278062438,291.449447069765));
#7718=CARTESIAN_POINT('Ctrl Pts',(-39.9985010901975,2.78071932005101,292.350175162505));
#7719=CARTESIAN_POINT('Ctrl Pts',(-40.8154660233338,1.78962685403607,291.601368113529));
#7720=CARTESIAN_POINT('Ctrl Pts',(-40.8029465761331,2.79094887072211,291.599938741964));
#7721=CARTESIAN_POINT('Ctrl Pts',(-40.5394851969147,2.78759862315904,292.574833217636));
#7722=CARTESIAN_POINT('Ctrl Pts',(-41.0788800387831,1.79367943370399,291.654437906651));
#7723=CARTESIAN_POINT('Ctrl Pts',(-41.0660594571824,2.79429468671541,291.653740269521));
#7724=CARTESIAN_POINT('Ctrl Pts',(-40.9346140148072,2.79262319018651,292.654437901765));
#7725=CARTESIAN_POINT('Ctrl Pts',(-41.3419660815225,1.79772234285032,291.654437906651));
#7726=CARTESIAN_POINT('Ctrl Pts',(-41.3292508337254,2.79764150081933,291.654437906651));
#7727=CARTESIAN_POINT('Ctrl Pts',(-41.3292508337254,2.79764150081933,292.654437906651));
#7728=CARTESIAN_POINT('',(-41.3419660815225,1.79772234285204,291.654437906651));
#7729=CARTESIAN_POINT('Origin',(-41.3419349179384,1.79767855032389,289.654405123855));
#7730=CARTESIAN_POINT('Origin',(-41.3419660815225,1.79772234285032,292.654437906651));
#7731=CARTESIAN_POINT('Origin',(-102.83964718752,2.579743817263,292.654437906651));
#7732=CARTESIAN_POINT('',(-100.28935567572,2.54731360701162,291.654437906651));
#7733=CARTESIAN_POINT('',(-41.1874997232207,1.7957581060353,291.654437906651));
#7734=CARTESIAN_POINT('Origin',(-100.28935567572,2.54731360701162,292.654437906651));
#7735=CARTESIAN_POINT('Origin',(-100.213064188938,8.54682855482571,161.8745));
#7736=CARTESIAN_POINT('',(-105.112900201124,7.55103387032199,283.993444479677));
#7737=CARTESIAN_POINT('',(-105.212715462192,8.60588061532415,284.154437906651));
#7738=CARTESIAN_POINT('Origin',(-47.9531495019785,13.8820410466511,202.049857190374));
#7739=CARTESIAN_POINT('',(-105.210356207948,8.71136571397004,284.154437906651));
#7740=CARTESIAN_POINT('Origin',(-100.213064188938,8.54682855482569,284.154437906651));
#7741=CARTESIAN_POINT('',(-105.210356207948,8.71136571397005,312.249));
#7742=CARTESIAN_POINT('',(-105.210356207948,8.71136571397003,312.249));
#7743=CARTESIAN_POINT('',(-105.212659978783,8.6104047938111,312.249));
#7744=CARTESIAN_POINT('Origin',(-100.213064188938,8.54682855482568,312.249));
#7745=CARTESIAN_POINT('Ctrl Pts',(-105.212659978783,8.6104047938111,312.249));
#7746=CARTESIAN_POINT('Ctrl Pts',(-105.214014073351,8.50391964130089,312.249));
#7747=CARTESIAN_POINT('Ctrl Pts',(-105.211972990861,8.39579048557794,312.247292096754));
#7748=CARTESIAN_POINT('Ctrl Pts',(-105.206261884673,8.28639326362588,312.243741268118));
#7749=CARTESIAN_POINT('Ctrl Pts',(-105.200513939265,8.17629038007372,312.24016753503));
#7750=CARTESIAN_POINT('Ctrl Pts',(-105.191048284377,8.06490324154329,312.234726932667));
#7751=CARTESIAN_POINT('Ctrl Pts',(-105.177618993181,7.9526517351063,312.227299177037));
#7752=CARTESIAN_POINT('Ctrl Pts',(-105.164980577219,7.84701092280032,312.220308855364));
#7753=CARTESIAN_POINT('Ctrl Pts',(-105.148831832404,7.74060508901392,312.211558647436));
#7754=CARTESIAN_POINT('Ctrl Pts',(-105.128997256519,7.63381044161097,312.200963201027));
#7755=CARTESIAN_POINT('Ctrl Pts',(-105.10820996885,7.52188613982287,312.189858824821));
#7756=CARTESIAN_POINT('Ctrl Pts',(-105.083373766182,7.40953736845693,312.17672745616));
#7757=CARTESIAN_POINT('Ctrl Pts',(-105.054376029666,7.29721300888941,312.161515643988));
#7758=CARTESIAN_POINT('Ctrl Pts',(-105.025020753104,7.18350369789112,312.146116271246));
#7759=CARTESIAN_POINT('Ctrl Pts',(-104.991400588627,7.06981976469562,312.128584788278));
#7760=CARTESIAN_POINT('Ctrl Pts',(-104.95344322245,6.95664706084808,312.108888129979));
#7761=CARTESIAN_POINT('Ctrl Pts',(-104.923758440625,6.86813968110593,312.093484242323));
#7762=CARTESIAN_POINT('Ctrl Pts',(-104.89142187026,6.77994545146368,312.076756558475));
#7763=CARTESIAN_POINT('Ctrl Pts',(-104.856417983354,6.69230286347379,312.058698831302));
#7764=CARTESIAN_POINT('Ctrl Pts',(-104.811851061084,6.5807163868938,312.035707746756));
#7765=CARTESIAN_POINT('Ctrl Pts',(-104.762959448236,6.4700263737897,312.010560191108));
#7766=CARTESIAN_POINT('Ctrl Pts',(-104.709808777538,6.36070865303806,311.983292003209));
#7767=CARTESIAN_POINT('Ctrl Pts',(-104.655892753244,6.24981679014294,311.955631161645));
#7768=CARTESIAN_POINT('Ctrl Pts',(-104.597594178793,6.1403375056611,311.925788202792));
#7769=CARTESIAN_POINT('Ctrl Pts',(-104.535029737844,6.03276731486678,311.89382462042));
#7770=CARTESIAN_POINT('Ctrl Pts',(-104.493667472952,5.96165109199747,311.87269302968));
#7771=CARTESIAN_POINT('Ctrl Pts',(-104.450441708917,5.89136926787208,311.850635069487));
#7772=CARTESIAN_POINT('Ctrl Pts',(-104.405397227891,5.82206366762877,311.827674030777));
#7773=CARTESIAN_POINT('Ctrl Pts',(-104.337016446565,5.71685275195275,311.792817512702));
#7774=CARTESIAN_POINT('Ctrl Pts',(-104.264443556385,5.61389461516219,311.755879431971));
#7775=CARTESIAN_POINT('Ctrl Pts',(-104.187931091971,5.51363554884476,311.716988883038));
#7776=CARTESIAN_POINT('Ctrl Pts',(-104.110573340425,5.41226884994418,311.677668682796));
#7777=CARTESIAN_POINT('Ctrl Pts',(-104.029188758336,5.31366171547827,311.636352774324));
#7778=CARTESIAN_POINT('Ctrl Pts',(-103.944081701608,5.21825315969062,311.593196114358));
#7779=CARTESIAN_POINT('Ctrl Pts',(-103.89502492449,5.16325846904566,311.568320073164));
#7780=CARTESIAN_POINT('Ctrl Pts',(-103.844732128724,5.10932605837612,311.542832826183));
#7781=CARTESIAN_POINT('Ctrl Pts',(-103.793267464831,5.05653565833625,311.51676695298));
#7782=CARTESIAN_POINT('Ctrl Pts',(-103.7033040617,4.9642547867445,311.47120220075));
#7783=CARTESIAN_POINT('Ctrl Pts',(-103.609759781227,4.87546758811001,311.423869366052));
#7784=CARTESIAN_POINT('Ctrl Pts',(-103.513058705051,4.79051920794793,311.374982666868));
#7785=CARTESIAN_POINT('Ctrl Pts',(-103.416303006436,4.70552284395923,311.326068353608));
#7786=CARTESIAN_POINT('Ctrl Pts',(-103.316387445523,4.6243700368803,311.275598672814));
#7787=CARTESIAN_POINT('Ctrl Pts',(-103.213765273748,4.54736535886083,311.223802168237));
#7788=CARTESIAN_POINT('Ctrl Pts',(-103.157806601553,4.5053756069356,311.195558138995));
#7789=CARTESIAN_POINT('Ctrl Pts',(-103.101043598389,4.46461850446117,311.166919813501));
#7790=CARTESIAN_POINT('Ctrl Pts',(-103.043552497682,4.42513764767786,311.137925582556));
#7791=CARTESIAN_POINT('Ctrl Pts',(-102.93757684409,4.3523609996323,311.084479352844));
#7792=CARTESIAN_POINT('Ctrl Pts',(-102.829128708232,4.28392527678001,311.02982457991));
#7793=CARTESIAN_POINT('Ctrl Pts',(-102.718739313302,4.22000332136918,310.974227952745));
#7794=CARTESIAN_POINT('Ctrl Pts',(-102.609701127274,4.15686379542285,310.919311849805));
#7795=CARTESIAN_POINT('Ctrl Pts',(-102.498769476411,4.09812832813826,310.863477090333));
#7796=CARTESIAN_POINT('Ctrl Pts',(-102.386462790194,4.04391347216964,310.806983609111));
#7797=CARTESIAN_POINT('Ctrl Pts',(-102.319778240142,4.0117222162604,310.773439369644));
#7798=CARTESIAN_POINT('Ctrl Pts',(-102.252608982534,3.98112380661219,310.739662922709));
#7799=CARTESIAN_POINT('Ctrl Pts',(-102.185063452184,3.95213390710903,310.705708580915));
#7800=CARTESIAN_POINT('Ctrl Pts',(-102.069979911321,3.90274114541438,310.647857441675));
#7801=CARTESIAN_POINT('Ctrl Pts',(-101.953801513959,3.85806536113554,310.589488907208));
#7802=CARTESIAN_POINT('Ctrl Pts',(-101.837090196434,3.81804357425542,310.530883522566));
#7803=CARTESIAN_POINT('Ctrl Pts',(-101.721846766765,3.77852514468626,310.473015222676));
#7804=CARTESIAN_POINT('Ctrl Pts',(-101.606084215448,3.7435442628562,310.414916230966));
#7805=CARTESIAN_POINT('Ctrl Pts',(-101.490327059135,3.71299309524043,310.356848098997));
#7806=CARTESIAN_POINT('Ctrl Pts',(-101.376724370816,3.68301054484815,310.299860728994));
#7807=CARTESIAN_POINT('Ctrl Pts',(-101.263127234419,3.65729416904303,310.242903257461));
#7808=CARTESIAN_POINT('Ctrl Pts',(-101.150009364228,3.63569858835083,310.186211598125));
#7809=CARTESIAN_POINT('Ctrl Pts',(-101.037953915012,3.61430583677703,310.130052395843));
#7810=CARTESIAN_POINT('Ctrl Pts',(-100.926369080738,3.59695670235209,310.074154189806));
#7811=CARTESIAN_POINT('Ctrl Pts',(-100.815688551131,3.58346906502031,310.018732649497));
#7812=CARTESIAN_POINT('Ctrl Pts',(-100.706216659565,3.57012871349947,309.963916315741));
#7813=CARTESIAN_POINT('Ctrl Pts',(-100.597629656937,3.56056581986014,309.909566406343));
#7814=CARTESIAN_POINT('Ctrl Pts',(-100.49031688755,3.554566298969,309.855876216643));
#7815=CARTESIAN_POINT('Ctrl Pts',(-100.418484984505,3.55055040220825,309.819937637078));
#7816=CARTESIAN_POINT('Ctrl Pts',(-100.347223376563,3.54813031722277,309.784294327584));
#7817=CARTESIAN_POINT('Ctrl Pts',(-100.276640427923,3.54723276498063,309.749));
#7818=CARTESIAN_POINT('',(-102.678127839354,4.19671807353924,292.654437906651));
#7819=CARTESIAN_POINT('Origin',(-100.213064188938,8.54682855482568,292.654437906651));
#7820=CARTESIAN_POINT('',(-105.112900201132,7.55103387035998,289.654437906651));
#7821=CARTESIAN_POINT('Ctrl Pts',(-102.678127839354,4.19671807353924,292.654437906651));
#7822=CARTESIAN_POINT('Ctrl Pts',(-102.880977382928,4.31166619693029,292.654437906651));
#7823=CARTESIAN_POINT('Ctrl Pts',(-103.069790435225,4.43722822751883,292.625053195737));
#7824=CARTESIAN_POINT('Ctrl Pts',(-103.424195935134,4.70777494683866,292.523790887268));
#7825=CARTESIAN_POINT('Ctrl Pts',(-103.591225749896,4.85453168156494,292.450489771923));
#7826=CARTESIAN_POINT('Ctrl Pts',(-103.891926373176,5.15404138767103,292.276134189618));
#7827=CARTESIAN_POINT('Ctrl Pts',(-104.02715875007,5.30762383959547,292.1750201778));
#7828=CARTESIAN_POINT('Ctrl Pts',(-104.273006906966,5.6216568274302,291.951057102697));
#7829=CARTESIAN_POINT('Ctrl Pts',(-104.384210063949,5.78329111125257,291.827172392132));
#7830=CARTESIAN_POINT('Ctrl Pts',(-104.580612771809,6.10549357393556,291.565226005305));
#7831=CARTESIAN_POINT('Ctrl Pts',(-104.666068311631,6.26612071488023,291.427331148564));
#7832=CARTESIAN_POINT('Ctrl Pts',(-104.815182784787,6.58433565097709,291.137320173503));
#7833=CARTESIAN_POINT('Ctrl Pts',(-104.87882429367,6.74213793454108,290.985424781535));
#7834=CARTESIAN_POINT('Ctrl Pts',(-104.985825988452,7.04783876334717,290.660830644469));
#7835=CARTESIAN_POINT('Ctrl Pts',(-105.029408553099,7.19790122573857,290.488053772989));
#7836=CARTESIAN_POINT('Ctrl Pts',(-105.076946032745,7.38629079032947,290.200513317652));
#7837=CARTESIAN_POINT('Ctrl Pts',(-105.089770513687,7.44250219820378,290.099882449766));
#7838=CARTESIAN_POINT('Ctrl Pts',(-105.107814169501,7.52544522445793,289.885285612748));
#7839=CARTESIAN_POINT('Ctrl Pts',(-105.112900201132,7.55103387036008,289.771040351227));
#7840=CARTESIAN_POINT('Ctrl Pts',(-105.112900201132,7.55103387035998,289.654437906651));
#7841=CARTESIAN_POINT('',(-105.112900201124,7.55103387032202,161.8745));
#7842=CARTESIAN_POINT('Origin',(-102.763355700738,8.57925876507708,309.749));
#7843=CARTESIAN_POINT('',(-11.4964225494847,7.26374988628347,314.746599376424));
#7844=CARTESIAN_POINT('Ctrl Pts',(-11.4964225494847,7.26374988628347,314.746599376424));
#7845=CARTESIAN_POINT('Ctrl Pts',(-11.4994359671572,7.15697200410937,314.743288442761));
#7846=CARTESIAN_POINT('Ctrl Pts',(-11.5042107326165,7.04875500997247,314.736491695639));
#7847=CARTESIAN_POINT('Ctrl Pts',(-11.5108683742619,6.93948978000582,314.725956157732));
#7848=CARTESIAN_POINT('Ctrl Pts',(-11.5175710992917,6.82948464143057,314.715349276589));
#7849=CARTESIAN_POINT('Ctrl Pts',(-11.5261823714041,6.71841726222815,314.700952623167));
#7850=CARTESIAN_POINT('Ctrl Pts',(-11.5368077052053,6.60672075798119,314.682544170971));
#7851=CARTESIAN_POINT('Ctrl Pts',(-11.5461335200172,6.50868516368934,314.666387142932));
#7852=CARTESIAN_POINT('Ctrl Pts',(-11.5570106152159,6.41016557823922,314.647140113071));
#7853=CARTESIAN_POINT('Ctrl Pts',(-11.5694980215456,6.31147382883467,314.624677099524));
#7854=CARTESIAN_POINT('Ctrl Pts',(-11.5835415971805,6.20048320270238,314.599414765504));
#7855=CARTESIAN_POINT('Ctrl Pts',(-11.5996221984199,6.08927701631447,314.570084191434));
#7856=CARTESIAN_POINT('Ctrl Pts',(-11.6177795718377,5.97830923858752,314.536594345939));
#7857=CARTESIAN_POINT('Ctrl Pts',(-11.6361617115384,5.86596781422385,314.502689936733));
#7858=CARTESIAN_POINT('Ctrl Pts',(-11.6566723935848,5.75387110777154,314.46452256369));
#7859=CARTESIAN_POINT('Ctrl Pts',(-11.6793299656644,5.64250766000294,314.422043110567));
#7860=CARTESIAN_POINT('Ctrl Pts',(-11.6957825842084,5.56164196444477,314.39119698832));
#7861=CARTESIAN_POINT('Ctrl Pts',(-11.7133667382764,5.48116329839711,314.358078135624));
#7862=CARTESIAN_POINT('Ctrl Pts',(-11.7320819220165,5.40126258317105,314.322682708878));
#7863=CARTESIAN_POINT('Ctrl Pts',(-11.7577565327284,5.29164999333423,314.274125141114));
#7864=CARTESIAN_POINT('Ctrl Pts',(-11.7855602893279,5.18312720481513,314.221281911635));
#7865=CARTESIAN_POINT('Ctrl Pts',(-11.8154447722003,5.0761664790119,314.164237842));
#7866=CARTESIAN_POINT('Ctrl Pts',(-11.8457564942891,4.96767660455763,314.106378250019));
#7867=CARTESIAN_POINT('Ctrl Pts',(-11.8782088208362,4.86079425714412,314.044196915012));
#7868=CARTESIAN_POINT('Ctrl Pts',(-11.9127272208278,4.75600959225746,313.977830422062));
#7869=CARTESIAN_POINT('Ctrl Pts',(-11.9337802754006,4.69210056783036,313.937352955023));
#7870=CARTESIAN_POINT('Ctrl Pts',(-11.955601419115,4.62897177470068,313.895319592221));
#7871=CARTESIAN_POINT('Ctrl Pts',(-11.9781695820028,4.56673274440651,313.851769684743));
#7872=CARTESIAN_POINT('Ctrl Pts',(-12.0153098154039,4.46430650248021,313.780099973018));
#7873=CARTESIAN_POINT('Ctrl Pts',(-12.0544736719413,4.36429302130973,313.704321984506));
#7874=CARTESIAN_POINT('Ctrl Pts',(-12.0955220041526,4.26712791996271,313.624702913626));
#7875=CARTESIAN_POINT('Ctrl Pts',(-12.1370173731767,4.16890464219598,313.544216751349));
#7876=CARTESIAN_POINT('Ctrl Pts',(-12.1804383357779,4.07359264032636,313.459805678068));
#7877=CARTESIAN_POINT('Ctrl Pts',(-12.2256201817496,3.98161778320137,313.371788257507));
#7878=CARTESIAN_POINT('Ctrl Pts',(-12.249488601774,3.9330298055672,313.325290892952));
#7879=CARTESIAN_POINT('Ctrl Pts',(-12.2738481023824,3.88537268758462,313.277787774406));
#7880=CARTESIAN_POINT('Ctrl Pts',(-12.2986723099866,3.8387057859454,313.229330135313));
#7881=CARTESIAN_POINT('Ctrl Pts',(-12.3460123746156,3.74971143918261,313.136920830531));
#7882=CARTESIAN_POINT('Ctrl Pts',(-12.395042453885,3.66432225830248,313.041040088561));
#7883=CARTESIAN_POINT('Ctrl Pts',(-12.4455421599033,3.58286844135374,312.942120252454));
#7884=CARTESIAN_POINT('Ctrl Pts',(-12.4960709009745,3.50136779213475,312.843143541904));
#7885=CARTESIAN_POINT('Ctrl Pts',(-12.5480706987754,3.42380741732406,312.74112475261));
#7886=CARTESIAN_POINT('Ctrl Pts',(-12.6013076534412,3.35047591094449,312.636524307395));
#7887=CARTESIAN_POINT('Ctrl Pts',(-12.6278259423035,3.31394816285871,312.584420935992));
#7888=CARTESIAN_POINT('Ctrl Pts',(-12.6546510168966,3.27846899662571,312.531677376773));
#7889=CARTESIAN_POINT('Ctrl Pts',(-12.6817530621051,3.24406973802452,312.478352458519));
#7890=CARTESIAN_POINT('Ctrl Pts',(-12.7364357560853,3.17466375346659,312.370760940464));
#7891=CARTESIAN_POINT('Ctrl Pts',(-12.7922452227655,3.1096584565173,312.260804147521));
#7892=CARTESIAN_POINT('Ctrl Pts',(-12.8489127648258,3.04921199762194,312.149015409044));
#7893=CARTESIAN_POINT('Ctrl Pts',(-12.9049021802233,2.98948888676597,312.03856441915));
#7894=CARTESIAN_POINT('Ctrl Pts',(-12.9617289732962,2.93421626035301,311.926325631272));
#7895=CARTESIAN_POINT('Ctrl Pts',(-13.0191318423519,2.88349642492505,311.812819004842));
#7896=CARTESIAN_POINT('Ctrl Pts',(-13.0503526562493,2.85591044239743,311.751083950162));
#7897=CARTESIAN_POINT('Ctrl Pts',(-13.0817438705628,2.82967036137185,311.68897389526));
#7898=CARTESIAN_POINT('Ctrl Pts',(-13.1132636166125,2.80478613908769,311.626572317509));
#7899=CARTESIAN_POINT('Ctrl Pts',(-13.1718780365176,2.7585112023646,311.510529749294));
#7900=CARTESIAN_POINT('Ctrl Pts',(-13.2309372428919,2.71697117516904,311.393477268959));
#7901=CARTESIAN_POINT('Ctrl Pts',(-13.2901623368761,2.68009241277848,311.275974501951));
#7902=CARTESIAN_POINT('Ctrl Pts',(-13.3486460542254,2.64367529681043,311.159942628447));
#7903=CARTESIAN_POINT('Ctrl Pts',(-13.4072912939497,2.6118033497428,311.04347215041));
#7904=CARTESIAN_POINT('Ctrl Pts',(-13.465838582733,2.58435868352154,310.927084970472));
#7905=CARTESIAN_POINT('Ctrl Pts',(-13.5233014910102,2.55742233223103,310.812853449518));
#7906=CARTESIAN_POINT('Ctrl Pts',(-13.5806698669684,2.53475059209672,310.698702526742));
#7907=CARTESIAN_POINT('Ctrl Pts',(-13.6377102151155,2.51618887285302,310.585103086683));
#7908=CARTESIAN_POINT('Ctrl Pts',(-13.6942072311599,2.49780396140019,310.472585726672));
#7909=CARTESIAN_POINT('Ctrl Pts',(-13.7503822857565,2.48345100267694,310.360609702943));
#7910=CARTESIAN_POINT('Ctrl Pts',(-13.806022656116,2.47293941749788,310.249605273206));
#7911=CARTESIAN_POINT('Ctrl Pts',(-13.8610519205088,2.46254328252846,310.13982002064));
#7912=CARTESIAN_POINT('Ctrl Pts',(-13.9155580699295,2.45590443520037,310.030985363752));
#7913=CARTESIAN_POINT('Ctrl Pts',(-13.9693511824531,2.45280115133585,309.923486754241));
#7914=CARTESIAN_POINT('Ctrl Pts',(-13.9986639465187,2.45111012020786,309.864908969276));
#7915=CARTESIAN_POINT('Ctrl Pts',(-14.0277652731747,2.45046828050034,309.806727343487));
#7916=CARTESIAN_POINT('Ctrl Pts',(-14.0566266115204,2.45083528923889,309.749));
#7917=CARTESIAN_POINT('',(-102.71286208386,8.57861667431839,314.749));
#7918=CARTESIAN_POINT('Ctrl Pts',(-102.71286208386,8.57861667431839,314.749));
#7919=CARTESIAN_POINT('Ctrl Pts',(-102.714216178429,8.47213152182478,314.749));
#7920=CARTESIAN_POINT('Ctrl Pts',(-102.713882861116,8.36402408253194,314.745584193507));
#7921=CARTESIAN_POINT('Ctrl Pts',(-102.711722296512,8.25467201026341,314.738482536232));
#7922=CARTESIAN_POINT('Ctrl Pts',(-102.709547795288,8.14461456763152,314.731335070054));
#7923=CARTESIAN_POINT('Ctrl Pts',(-102.70552230294,8.03329660772724,314.720453865326));
#7924=CARTESIAN_POINT('Ctrl Pts',(-102.699520166905,7.9211395470629,314.705598354066));
#7925=CARTESIAN_POINT('Ctrl Pts',(-102.693871507508,7.81558761839425,314.69161771071));
#7926=CARTESIAN_POINT('Ctrl Pts',(-102.686472263239,7.70929304563453,314.674117294845));
#7927=CARTESIAN_POINT('Ctrl Pts',(-102.677232277206,7.6026331219228,314.652926402015));
#7928=CARTESIAN_POINT('Ctrl Pts',(-102.667548468044,7.49085001502185,314.630717649599));
#7929=CARTESIAN_POINT('Ctrl Pts',(-102.655842572473,7.37866821225464,314.604454912271));
#7930=CARTESIAN_POINT('Ctrl Pts',(-102.642055418376,7.26653727464049,314.574031287922));
#7931=CARTESIAN_POINT('Ctrl Pts',(-102.628098269641,7.15302377048076,314.543232542433));
#7932=CARTESIAN_POINT('Ctrl Pts',(-102.612008170851,7.03956275443354,314.508169576496));
#7933=CARTESIAN_POINT('Ctrl Pts',(-102.593745870657,6.92664049847465,314.468776259895));
#7934=CARTESIAN_POINT('Ctrl Pts',(-102.579463731209,6.83832898299185,314.437968484586));
#7935=CARTESIAN_POINT('Ctrl Pts',(-102.563853492393,6.75034745000518,314.404513116894));
#7936=CARTESIAN_POINT('Ctrl Pts',(-102.546905872839,6.66293447050061,314.368397662554));
#7937=CARTESIAN_POINT('Ctrl Pts',(-102.525328176472,6.55164033126459,314.322415493467));
#7938=CARTESIAN_POINT('Ctrl Pts',(-102.501582086295,6.44127007556967,314.272120382175));
#7939=CARTESIAN_POINT('Ctrl Pts',(-102.475697399083,6.3322990765919,314.217584006382));
#7940=CARTESIAN_POINT('Ctrl Pts',(-102.449439980197,6.22175892816163,314.162262323259));
#7941=CARTESIAN_POINT('Ctrl Pts',(-102.420981952038,6.11265910430678,314.102576405559));
#7942=CARTESIAN_POINT('Ctrl Pts',(-102.390378509464,6.00549533839238,314.038649240823));
#7943=CARTESIAN_POINT('Ctrl Pts',(-102.370146126986,5.9346478089174,313.996386059334));
#7944=CARTESIAN_POINT('Ctrl Pts',(-102.348976539929,5.86464645720381,313.952270138938));
#7945=CARTESIAN_POINT('Ctrl Pts',(-102.32689124139,5.7956328122397,313.906348061506));
#7946=CARTESIAN_POINT('Ctrl Pts',(-102.293364160268,5.69086510583098,313.836635025359));
#7947=CARTESIAN_POINT('Ctrl Pts',(-102.257726364671,5.58837664589303,313.7627588639));
#7948=CARTESIAN_POINT('Ctrl Pts',(-102.220101305199,5.48861208254497,313.684977766039));
#7949=CARTESIAN_POINT('Ctrl Pts',(-102.182060575171,5.38774534973837,313.60633736556));
#7950=CARTESIAN_POINT('Ctrl Pts',(-102.141988561494,5.28966355729078,313.523705548621));
#7951=CARTESIAN_POINT('Ctrl Pts',(-102.10003467586,5.19480374913185,313.437392228695));
#7952=CARTESIAN_POINT('Ctrl Pts',(-102.075851928903,5.14012536350728,313.387640146301));
#7953=CARTESIAN_POINT('Ctrl Pts',(-102.051044319673,5.08651702949118,313.336665652334));
#7954=CARTESIAN_POINT('Ctrl Pts',(-102.02564342176,5.03405806348051,313.284533905924));
#7955=CARTESIAN_POINT('Ctrl Pts',(-101.981241087311,4.94235655900566,313.193404401469));
#7956=CARTESIAN_POINT('Ctrl Pts',(-101.935025815054,4.85417120909634,313.098738732078));
#7957=CARTESIAN_POINT('Ctrl Pts',(-101.887207485963,4.76984443543148,313.000965333713));
#7958=CARTESIAN_POINT('Ctrl Pts',(-101.83936214627,4.68547002904958,312.903136707188));
#7959=CARTESIAN_POINT('Ctrl Pts',(-101.789912186074,4.60495895646205,312.802197345592));
#7960=CARTESIAN_POINT('Ctrl Pts',(-101.739082331536,4.52861288382674,312.69860433643));
#7961=CARTESIAN_POINT('Ctrl Pts',(-101.711365405279,4.48698226173644,312.642116277951));
#7962=CARTESIAN_POINT('Ctrl Pts',(-101.68323841243,4.44658930267088,312.584839626972));
#7963=CARTESIAN_POINT('Ctrl Pts',(-101.654739198716,4.4074771147216,312.526851165088));
#7964=CARTESIAN_POINT('Ctrl Pts',(-101.602205454126,4.33538004872138,312.419958705656));
#7965=CARTESIAN_POINT('Ctrl Pts',(-101.54840767279,4.26763927484331,312.310649159779));
#7966=CARTESIAN_POINT('Ctrl Pts',(-101.493610410475,4.20442424431823,312.199455905438));
#7967=CARTESIAN_POINT('Ctrl Pts',(-101.439483887843,4.14198299021567,312.089623699535));
#7968=CARTESIAN_POINT('Ctrl Pts',(-101.384382482643,4.08395747572296,311.977954180566));
#7969=CARTESIAN_POINT('Ctrl Pts',(-101.328564710585,4.03046094835851,311.864967218095));
#7970=CARTESIAN_POINT('Ctrl Pts',(-101.295421688234,3.99869621578626,311.7978787392));
#7971=CARTESIAN_POINT('Ctrl Pts',(-101.262026147022,3.96852728204873,311.730325845368));
#7972=CARTESIAN_POINT('Ctrl Pts',(-101.228432213546,3.93996912043147,311.662417161818));
#7973=CARTESIAN_POINT('Ctrl Pts',(-101.171195135119,3.89131195030802,311.546714883339));
#7974=CARTESIAN_POINT('Ctrl Pts',(-101.113380553591,3.84737833640877,311.429977814407));
#7975=CARTESIAN_POINT('Ctrl Pts',(-101.055269882928,3.80810173151681,311.312767045124));
#7976=CARTESIAN_POINT('Ctrl Pts',(-100.997890074957,3.76931911172007,311.197030445342));
#7977=CARTESIAN_POINT('Ctrl Pts',(-100.940221818507,3.73507697296608,311.080832461923));
#7978=CARTESIAN_POINT('Ctrl Pts',(-100.882528099815,3.70526415603719,310.964696197985));
#7979=CARTESIAN_POINT('Ctrl Pts',(-100.825908174522,3.6760062141758,310.850721457979));
#7980=CARTESIAN_POINT('Ctrl Pts',(-100.769263905099,3.6510140667351,310.736806514913));
#7981=CARTESIAN_POINT('Ctrl Pts',(-100.712833111174,3.6301393345394,310.623423196239));
#7982=CARTESIAN_POINT('Ctrl Pts',(-100.656932324215,3.60946066113877,310.511104791675));
#7983=CARTESIAN_POINT('Ctrl Pts',(-100.601241177052,3.59282228625506,310.399308379602));
#7984=CARTESIAN_POINT('Ctrl Pts',(-100.545977707363,3.58003934754172,310.288465298982));
#7985=CARTESIAN_POINT('Ctrl Pts',(-100.491317718088,3.56739599928797,310.178832631469));
#7986=CARTESIAN_POINT('Ctrl Pts',(-100.4370762311,3.55852417821452,310.070132812672));
#7987=CARTESIAN_POINT('Ctrl Pts',(-100.383449310987,3.55320734138994,309.96275243327));
#7988=CARTESIAN_POINT('Ctrl Pts',(-100.347553082163,3.54964841257436,309.890875274146));
#7989=CARTESIAN_POINT('Ctrl Pts',(-100.31193190224,3.54768154110167,309.819588655163));
#7990=CARTESIAN_POINT('Ctrl Pts',(-100.276640427923,3.54723276498063,309.749));
#7991=CARTESIAN_POINT('',(-11.4920327764658,7.41862744948132,314.749));
#7992=CARTESIAN_POINT('',(-102.763355700737,8.57925876507706,314.749));
#7993=CARTESIAN_POINT('Ctrl Pts',(-11.4920327736367,7.41862744934158,314.749));
#7994=CARTESIAN_POINT('Ctrl Pts',(-11.4935025101873,7.36699557779314,314.748999999998));
#7995=CARTESIAN_POINT('Ctrl Pts',(-11.4949661169008,7.31535733128743,314.748199603207));
#7996=CARTESIAN_POINT('Ctrl Pts',(-11.4964225494847,7.26374988628347,314.746599376424));
#7997=CARTESIAN_POINT('Origin',(-13.9930503725355,7.45043107908397,161.8745));
#7998=CARTESIAN_POINT('',(-8.99782486931448,7.23197702905262,312.247799688212));
#7999=CARTESIAN_POINT('Ctrl Pts',(-8.99782486931447,7.23197702905262,312.247799688212));
#8000=CARTESIAN_POINT('Ctrl Pts',(-9.00249361998801,7.12522019653195,312.24614422138));
#8001=CARTESIAN_POINT('Ctrl Pts',(-9.0106664842792,7.01704641353884,312.242745847819));
#8002=CARTESIAN_POINT('Ctrl Pts',(-9.02259146902379,6.90784816454126,312.237478078865));
#8003=CARTESIAN_POINT('Ctrl Pts',(-9.03459720588761,6.7979104605077,312.232174638293));
#8004=CARTESIAN_POINT('Ctrl Pts',(-9.05040622278776,6.68693460979341,312.224976311581));
#8005=CARTESIAN_POINT('Ctrl Pts',(-9.07023503860449,6.57535513954226,312.215772085482));
#8006=CARTESIAN_POINT('Ctrl Pts',(-9.0876387143482,6.4774222655948,312.207693571465));
#8007=CARTESIAN_POINT('Ctrl Pts',(-9.10813854648645,6.37902504555895,312.198070056539));
#8008=CARTESIAN_POINT('Ctrl Pts',(-9.13185655160362,6.28047610758357,312.18683854977));
#8009=CARTESIAN_POINT('Ctrl Pts',(-9.15853027312099,6.16964608986484,312.17420738276));
#8010=CARTESIAN_POINT('Ctrl Pts',(-9.18927497582566,6.05862637623089,312.159542095724));
#8011=CARTESIAN_POINT('Ctrl Pts',(-9.22417591829988,5.94787151434134,312.142797172976));
#8012=CARTESIAN_POINT('Ctrl Pts',(-9.25950889215441,5.83574564145708,312.125844968372));
#8013=CARTESIAN_POINT('Ctrl Pts',(-9.29910171796003,5.72389158880497,312.10676128185));
#8014=CARTESIAN_POINT('Ctrl Pts',(-9.3429972995402,5.61279820941968,312.085521555288));
#8015=CARTESIAN_POINT('Ctrl Pts',(-9.37487173237353,5.53212862191285,312.070098494166));
#8016=CARTESIAN_POINT('Ctrl Pts',(-9.40901397408875,5.45186051308172,312.05353906782));
#8017=CARTESIAN_POINT('Ctrl Pts',(-9.44542544047935,5.37218482867335,312.035841354449));
#8018=CARTESIAN_POINT('Ctrl Pts',(-9.49537687232434,5.26288094959488,312.011562570569));
#8019=CARTESIAN_POINT('Ctrl Pts',(-9.54960010768373,5.15469411845995,311.985140955831));
#8020=CARTESIAN_POINT('Ctrl Pts',(-9.60800431959092,5.0480960574028,311.956618921016));
#8021=CARTESIAN_POINT('Ctrl Pts',(-9.66724349892439,4.9399740324776,311.927689125027));
#8022=CARTESIAN_POINT('Ctrl Pts',(-9.73078397953918,4.83348701061009,311.896598457525));
#8023=CARTESIAN_POINT('Ctrl Pts',(-9.79848294340176,4.72912427892943,311.863415211051));
#8024=CARTESIAN_POINT('Ctrl Pts',(-9.83977309535988,4.66547259500404,311.843176477529));
#8025=CARTESIAN_POINT('Ctrl Pts',(-9.88260922145115,4.6026110341764,311.822159796124));
#8026=CARTESIAN_POINT('Ctrl Pts',(-9.92695057775363,4.54064887780518,311.800384842381));
#8027=CARTESIAN_POINT('Ctrl Pts',(-9.99992277005609,4.43867828494933,311.764549986518));
#8028=CARTESIAN_POINT('Ctrl Pts',(-10.0769725578278,4.33914657172802,311.726660992261));
#8029=CARTESIAN_POINT('Ctrl Pts',(-10.1578272071975,4.24248765848729,311.68685145682));
#8030=CARTESIAN_POINT('Ctrl Pts',(-10.2395624040293,4.1447760814678,311.646608375681));
#8031=CARTESIAN_POINT('Ctrl Pts',(-10.3251854912922,4.05000073345348,311.604402839039));
#8032=CARTESIAN_POINT('Ctrl Pts',(-10.4143724897933,3.95858545798351,311.560394128757));
#8033=CARTESIAN_POINT('Ctrl Pts',(-10.4614877126215,3.91029309310916,311.537145446482));
#8034=CARTESIAN_POINT('Ctrl Pts',(-10.509596852375,3.86293798209185,311.513393887211));
#8035=CARTESIAN_POINT('Ctrl Pts',(-10.5586479208158,3.81657915590038,311.489165067666));
#8036=CARTESIAN_POINT('Ctrl Pts',(-10.6521889025604,3.72817231274027,311.442960415274));
#8037=CARTESIAN_POINT('Ctrl Pts',(-10.7491554772199,3.64339270555529,311.395020044288));
#8038=CARTESIAN_POINT('Ctrl Pts',(-10.8491111028538,3.56256778371944,311.345560126233));
#8039=CARTESIAN_POINT('Ctrl Pts',(-10.9491241984655,3.4816963911979,311.296071770956));
#8040=CARTESIAN_POINT('Ctrl Pts',(-11.052129267215,3.40478461347758,311.245062376306));
#8041=CARTESIAN_POINT('Ctrl Pts',(-11.1576622164367,3.33211811738591,311.192762153696));
#8042=CARTESIAN_POINT('Ctrl Pts',(-11.210230084923,3.29592162294434,311.166710467998));
#8043=CARTESIAN_POINT('Ctrl Pts',(-11.2634248071704,3.2607777804286,311.140338688392));
#8044=CARTESIAN_POINT('Ctrl Pts',(-11.3171871560516,3.22671754160639,311.113676229268));
#8045=CARTESIAN_POINT('Ctrl Pts',(-11.4256612601109,3.15799558344855,311.059880470236));
#8046=CARTESIAN_POINT('Ctrl Pts',(-11.536444678708,3.09368935042875,311.004902073759));
#8047=CARTESIAN_POINT('Ctrl Pts',(-11.6490020714033,3.03395360228446,310.949007704515));
#8048=CARTESIAN_POINT('Ctrl Pts',(-11.7602125172229,2.97493269727398,310.89378220956));
#8049=CARTESIAN_POINT('Ctrl Pts',(-11.8731541674461,2.92037364285504,310.837662815612));
#8050=CARTESIAN_POINT('Ctrl Pts',(-11.9873057616809,2.87037543986278,310.780909502388));
#8051=CARTESIAN_POINT('Ctrl Pts',(-12.0493916074975,2.84318194560725,310.750041975062));
#8052=CARTESIAN_POINT('Ctrl Pts',(-12.1118353386831,2.81733673696284,310.718986947624));
#8053=CARTESIAN_POINT('Ctrl Pts',(-12.1745533512458,2.79284924045115,310.687786158762));
#8054=CARTESIAN_POINT('Ctrl Pts',(-12.2911843647035,2.74731205873089,310.629764874652));
#8055=CARTESIAN_POINT('Ctrl Pts',(-12.4087650798685,2.7065162071801,310.571238634483));
#8056=CARTESIAN_POINT('Ctrl Pts',(-12.5267368077788,2.67038448318808,310.512487250976));
#8057=CARTESIAN_POINT('Ctrl Pts',(-12.643231771758,2.63470505423069,310.454471314221));
#8058=CARTESIAN_POINT('Ctrl Pts',(-12.7601075426497,2.60357358265688,310.3962360752));
#8059=CARTESIAN_POINT('Ctrl Pts',(-12.8768437169179,2.57686886235188,310.338042485228));
#8060=CARTESIAN_POINT('Ctrl Pts',(-12.9914177683228,2.55065875210837,310.280926724747));
#8061=CARTESIAN_POINT('Ctrl Pts',(-13.1058569915773,2.52871274060862,310.223851263356));
#8062=CARTESIAN_POINT('Ctrl Pts',(-13.2196924679537,2.51087324388018,310.167051543323));
#8063=CARTESIAN_POINT('Ctrl Pts',(-13.3324436159417,2.49320367548473,310.110792863315));
#8064=CARTESIAN_POINT('Ctrl Pts',(-13.4446021562217,2.47956261820671,310.054804851448));
#8065=CARTESIAN_POINT('Ctrl Pts',(-13.5557402545419,2.46975675744398,309.999302636577));
#8066=CARTESIAN_POINT('Ctrl Pts',(-13.6656577075908,2.4600585958209,309.944410010291));
#8067=CARTESIAN_POINT('Ctrl Pts',(-13.7745767862527,2.45411167830965,309.889992681844));
#8068=CARTESIAN_POINT('Ctrl Pts',(-13.8821148583337,2.45169183017549,309.836243377086));
#8069=CARTESIAN_POINT('Ctrl Pts',(-13.9407141470845,2.4503732145745,309.806954484615));
#8070=CARTESIAN_POINT('Ctrl Pts',(-13.9989039348518,2.45010127176208,309.777863671732));
#8071=CARTESIAN_POINT('Ctrl Pts',(-14.0566266115204,2.45083528923889,309.748999999999));
#8072=CARTESIAN_POINT('',(-8.9978248693155,7.23197702905268,11.4999999999996));
#8073=CARTESIAN_POINT('Ctrl Pts',(-8.91352317931454,8.94911384376164,312.249));
#8074=CARTESIAN_POINT('Ctrl Pts',(-8.91352317931577,8.9491138437617,-48.6498000000003));
#8075=CARTESIAN_POINT('Ctrl Pts',(-8.93231391664623,8.60122166234643,312.249));
#8076=CARTESIAN_POINT('Ctrl Pts',(-8.93231391664746,8.6012216623465,-48.6498000000003));
#8077=CARTESIAN_POINT('Ctrl Pts',(-8.94971107645551,8.26226813004176,312.249));
#8078=CARTESIAN_POINT('Ctrl Pts',(-8.94971107645674,8.26226813004183,-48.6498000000003));
#8079=CARTESIAN_POINT('Ctrl Pts',(-9.05468496797206,6.0856155336518,312.249));
#8080=CARTESIAN_POINT('Ctrl Pts',(-9.05468496797329,6.08561553365186,-48.6498000000003));
#8081=CARTESIAN_POINT('Ctrl Pts',(-9.11099863056693,4.23691502962716,312.249));
#8082=CARTESIAN_POINT('Ctrl Pts',(-9.11099863056816,4.23691502962722,-48.6498000000003));
#8083=CARTESIAN_POINT('Ctrl Pts',(-9.13450683802566,2.38824425664583,312.249));
#8084=CARTESIAN_POINT('Ctrl Pts',(-9.13450683802689,2.3882442566459,-48.6498000000003));
#8085=CARTESIAN_POINT('',(-8.99447360982058,7.30818188254221,312.249));
#8086=CARTESIAN_POINT('Ctrl Pts',(-8.99782486931448,7.23197702905262,312.247799688212));
#8087=CARTESIAN_POINT('Ctrl Pts',(-8.99671439195207,7.25736948499785,312.248599797506));
#8088=CARTESIAN_POINT('Ctrl Pts',(-8.99559703194581,7.282777393244,312.249));
#8089=CARTESIAN_POINT('Ctrl Pts',(-8.99447360982055,7.30818188254217,312.249));
#8090=CARTESIAN_POINT('Origin',(147.177904263559,0.402032293998626,312.248999955529));
#8091=CARTESIAN_POINT('Origin',(0.,2.00000000000001,323.75));
#8092=CARTESIAN_POINT('',(0.,2.00000000000001,319.75));
#8093=CARTESIAN_POINT('Ctrl Pts',(-4.33680868994202E-16,2.,319.75));
#8094=CARTESIAN_POINT('Ctrl Pts',(-4.33680868994202E-16,4.33680868994202E-16,
319.75));
#8095=CARTESIAN_POINT('Ctrl Pts',(-2.,4.33680868994202E-16,319.75));
#8096=CARTESIAN_POINT('Ctrl Pts',(-4.33680868994202E-16,2.00000000000406,
320.011802349858));
#8097=CARTESIAN_POINT('Ctrl Pts',(-1.88485043567119E-10,1.88485043567119E-10,
320.143199126481));
#8098=CARTESIAN_POINT('Ctrl Pts',(-2.00000000000406,4.33680868994202E-16,
320.011802349858));
#8099=CARTESIAN_POINT('Ctrl Pts',(-0.0257843535678155,2.01289217678392,
320.273592312399));
#8100=CARTESIAN_POINT('Ctrl Pts',(-0.0518782619661065,0.0518782619661065,
320.529962690655));
#8101=CARTESIAN_POINT('Ctrl Pts',(-2.01289217678392,0.0257843535678155,
320.273592312399));
#8102=CARTESIAN_POINT('Ctrl Pts',(-0.127933403206332,2.06396670160316,320.78713026373));
#8103=CARTESIAN_POINT('Ctrl Pts',(-0.243370355632673,0.243370355632673,
321.245268118054));
#8104=CARTESIAN_POINT('Ctrl Pts',(-2.06396670160316,0.127933403206332,320.78713026373));
#8105=CARTESIAN_POINT('Ctrl Pts',(-0.204295585283143,2.10214779264099,321.038862642242));
#8106=CARTESIAN_POINT('Ctrl Pts',(-0.378391582997695,0.378391582997695,
321.566827795813));
#8107=CARTESIAN_POINT('Ctrl Pts',(-2.10214779264099,0.204295585283143,321.038862642242));
#8108=CARTESIAN_POINT('Ctrl Pts',(-0.404668154626551,2.20233407731386,321.522604816678));
#8109=CARTESIAN_POINT('Ctrl Pts',(-0.696220988652596,0.696220988652596,
322.123075455501));
#8110=CARTESIAN_POINT('Ctrl Pts',(-2.20233407731386,0.404668154626551,321.522604816678));
#8111=CARTESIAN_POINT('Ctrl Pts',(-0.528673608535412,2.26433680426841,321.754602703533));
#8112=CARTESIAN_POINT('Ctrl Pts',(-0.874907175559272,0.874907175559272,
322.35791317073));
#8113=CARTESIAN_POINT('Ctrl Pts',(-2.26433680426841,0.528673608535412,321.754602703533));
#8114=CARTESIAN_POINT('Ctrl Pts',(-0.819569493044239,2.40978474652141,322.189959160624));
#8115=CARTESIAN_POINT('Ctrl Pts',(-1.24912729918761,1.24912729918761,322.751547459867));
#8116=CARTESIAN_POINT('Ctrl Pts',(-2.40978474652141,0.819569493044239,322.189959160624));
#8117=CARTESIAN_POINT('Ctrl Pts',(-0.9864527579709,2.49322637898637,322.393307007463));
#8118=CARTESIAN_POINT('Ctrl Pts',(-1.44321468111185,1.44321468111185,322.91315187661));
#8119=CARTESIAN_POINT('Ctrl Pts',(-2.49322637898637,0.9864527579709,322.393307007463));
#8120=CARTESIAN_POINT('Ctrl Pts',(-1.54181310981961,2.77090655490797,322.948667359312));
#8121=CARTESIAN_POINT('Ctrl Pts',(-2.01744720780534,2.01744720780534,323.306047863659));
#8122=CARTESIAN_POINT('Ctrl Pts',(-2.77090655490797,1.54181310981961,322.948667359312));
#8123=CARTESIAN_POINT('Ctrl Pts',(-1.98552408938768,2.99276204469527,323.24514555792));
#8124=CARTESIAN_POINT('Ctrl Pts',(-2.41866977689392,2.41866977689392,323.479995419091));
#8125=CARTESIAN_POINT('Ctrl Pts',(-2.99276204469527,1.98552408938768,323.24514555792));
#8126=CARTESIAN_POINT('Ctrl Pts',(-2.95300845169157,3.47650422584436,323.64589070217));
#8127=CARTESIAN_POINT('Ctrl Pts',(-3.20512271279311,3.20512271279311,323.697585605755));
#8128=CARTESIAN_POINT('Ctrl Pts',(-3.47650422584436,2.95300845169157,323.64589070217));
#8129=CARTESIAN_POINT('Ctrl Pts',(-3.47630682913353,3.73815341456677,323.75));
#8130=CARTESIAN_POINT('Ctrl Pts',(-3.6073261707748,3.6073261707748,323.75));
#8131=CARTESIAN_POINT('Ctrl Pts',(-3.73815341456677,3.47630682913353,323.75));
#8132=CARTESIAN_POINT('Ctrl Pts',(-4.00000000000001,4.00000000000001,323.75));
#8133=CARTESIAN_POINT('Ctrl Pts',(-4.00000000000001,4.00000000000001,323.75));
#8134=CARTESIAN_POINT('Ctrl Pts',(-4.00000000000001,4.00000000000001,323.75));
#8135=CARTESIAN_POINT('Origin',(-2.37987543498214,4.6682771526271,321.028449546587));
#8136=CARTESIAN_POINT('Ctrl Pts',(-4.,4.,323.75));
#8137=CARTESIAN_POINT('Ctrl Pts',(-3.91087518105805,3.95543759052903,323.75));
#8138=CARTESIAN_POINT('Ctrl Pts',(-3.82035781091318,3.91017890545655,323.746981762545));
#8139=CARTESIAN_POINT('Ctrl Pts',(-3.72879209856537,3.86439604928257,323.740716968771));
#8140=CARTESIAN_POINT('Ctrl Pts',(-3.6364937444249,3.81824687221225,323.734402048704));
#8141=CARTESIAN_POINT('Ctrl Pts',(-3.54313042347674,3.77156521173806,323.724788239945));
#8142=CARTESIAN_POINT('Ctrl Pts',(-3.44908847472751,3.72454423736331,323.711678899331));
#8143=CARTESIAN_POINT('Ctrl Pts',(-3.35345219923415,3.67672609961649,323.698347311384));
#8144=CARTESIAN_POINT('Ctrl Pts',(-3.25711435247532,3.62855717623691,323.681400451893));
#8145=CARTESIAN_POINT('Ctrl Pts',(-3.16051249869572,3.58025624934695,323.660672841856));
#8146=CARTESIAN_POINT('Ctrl Pts',(-3.06283002023145,3.53141501011465,323.639713364974));
#8147=CARTESIAN_POINT('Ctrl Pts',(-2.96487798120486,3.48243899060118,323.614887925833));
#8148=CARTESIAN_POINT('Ctrl Pts',(-2.86713550046539,3.4335677502313,323.58607007803));
#8149=CARTESIAN_POINT('Ctrl Pts',(-2.76776076638682,3.38388038319187,323.556770985758));
#8150=CARTESIAN_POINT('Ctrl Pts',(-2.6686031206728,3.33430156033474,323.523344855755));
#8151=CARTESIAN_POINT('Ctrl Pts',(-2.57018703103988,3.28509351551823,323.485707249401));
#8152=CARTESIAN_POINT('Ctrl Pts',(-2.5364523324291,3.26822616621282,323.472805971657));
#8153=CARTESIAN_POINT('Ctrl Pts',(-2.50280490841656,3.25140245420654,323.459410288717));
#8154=CARTESIAN_POINT('Ctrl Pts',(-2.46926627054067,3.23463313526859,323.445518130046));
#8155=CARTESIAN_POINT('Ctrl Pts',(-2.37368524843097,3.18684262421373,323.405927174382));
#8156=CARTESIAN_POINT('Ctrl Pts',(-2.27900624767153,3.13950312383379,323.36230615173));
#8157=CARTESIAN_POINT('Ctrl Pts',(-2.18568682628817,3.09284341314174,323.314753667363));
#8158=CARTESIAN_POINT('Ctrl Pts',(-2.09060309304554,3.04530154652005,323.266302148144));
#8159=CARTESIAN_POINT('Ctrl Pts',(-1.99693137363797,2.99846568681574,323.213769186538));
#8160=CARTESIAN_POINT('Ctrl Pts',(-1.90515299291269,2.95257649645252,323.157313325602));
#8161=CARTESIAN_POINT('Ctrl Pts',(-1.81287168018653,2.90643584008885,323.100548094867));
#8162=CARTESIAN_POINT('Ctrl Pts',(-1.72250510071669,2.86125255035329,323.039817110162));
#8163=CARTESIAN_POINT('Ctrl Pts',(-1.63453129692024,2.81726564845446,322.97533310419));
#8164=CARTESIAN_POINT('Ctrl Pts',(-1.5467167960331,2.77335839801029,322.910965865816));
#8165=CARTESIAN_POINT('Ctrl Pts',(-1.4612869946127,2.73064349729953,322.842859539194));
#8166=CARTESIAN_POINT('Ctrl Pts',(-1.37869740978838,2.68934870488695,322.771272262027));
#8167=CARTESIAN_POINT('Ctrl Pts',(-1.30745052043094,2.65372526020788,322.709516644456));
#8168=CARTESIAN_POINT('Ctrl Pts',(-1.23831718113291,2.61915859055861,322.645171430625));
#8169=CARTESIAN_POINT('Ctrl Pts',(-1.17157287525697,2.58578643762057,322.578427124749));
#8170=CARTESIAN_POINT('Ctrl Pts',(-1.09500672414174,2.54750336206288,322.501860973634));
#8171=CARTESIAN_POINT('Ctrl Pts',(-1.02156314502279,2.5107815725029,322.422173805038));
#8172=CARTESIAN_POINT('Ctrl Pts',(-0.951556183247988,2.47577809161494,322.339763277532));
#8173=CARTESIAN_POINT('Ctrl Pts',(-0.882271977457308,2.44113598871905,322.258203561151));
#8174=CARTESIAN_POINT('Ctrl Pts',(-0.816354110464704,2.40817705522214,322.173976973107));
#8175=CARTESIAN_POINT('Ctrl Pts',(-0.754067871261974,2.37703393562046,322.08749482594));
#8176=CARTESIAN_POINT('Ctrl Pts',(-0.726712541794772,2.36335627088672,322.049512959334));
#8177=CARTESIAN_POINT('Ctrl Pts',(-0.700057161697347,2.35002858083793,322.011096316821));
#8178=CARTESIAN_POINT('Ctrl Pts',(-0.6741215507927,2.3370607753856,321.972280932083));
#8179=CARTESIAN_POINT('Ctrl Pts',(-0.615261110782602,2.30763055538056,321.884190058371));
#8180=CARTESIAN_POINT('Ctrl Pts',(-0.560112098932108,2.28005604945523,321.794046617156));
#8181=CARTESIAN_POINT('Ctrl Pts',(-0.508819212283303,2.25440960613072,321.702317097164));
#8182=CARTESIAN_POINT('Ctrl Pts',(-0.458252499309699,2.2291262496438,321.611886228252));
#8183=CARTESIAN_POINT('Ctrl Pts',(-0.411433585977347,2.20571679297748,321.51991439145));
#8184=CARTESIAN_POINT('Ctrl Pts',(-0.368456213336497,2.18422810665691,321.426853570735));
#8185=CARTESIAN_POINT('Ctrl Pts',(-0.346088929265671,2.17304446462143,321.378420693504));
#8186=CARTESIAN_POINT('Ctrl Pts',(-0.324761417496041,2.16238070873654,321.329692888173));
#8187=CARTESIAN_POINT('Ctrl Pts',(-0.304481869956424,2.15224093496666,321.280733729464));
#8188=CARTESIAN_POINT('Ctrl Pts',(-0.265341182375209,2.13267059117593,321.186239750665));
#8189=CARTESIAN_POINT('Ctrl Pts',(-0.230107705501247,2.11505385273909,321.090886580401));
#8190=CARTESIAN_POINT('Ctrl Pts',(-0.198750679251764,2.09937533961467,320.995147371598));
#8191=CARTESIAN_POINT('Ctrl Pts',(-0.167784225986013,2.08389211298211,320.900600659436));
#8192=CARTESIAN_POINT('Ctrl Pts',(-0.140598185126988,2.07029909255309,320.805677882737));
#8193=CARTESIAN_POINT('Ctrl Pts',(-0.117119559418562,2.05855977969946,320.710820152339));
#8194=CARTESIAN_POINT('Ctrl Pts',(-0.102215483500554,2.05110774174082,320.650605094064));
#8195=CARTESIAN_POINT('Ctrl Pts',(-0.0888044896775864,2.04440224482975,
320.590415931463));
#8196=CARTESIAN_POINT('Ctrl Pts',(-0.0768588783873946,2.03842943918508,
320.530361288066));
#8197=CARTESIAN_POINT('Ctrl Pts',(-0.0577851939051376,2.02889259694463,
320.434471400808));
#8198=CARTESIAN_POINT('Ctrl Pts',(-0.0424495146714254,2.02122475732913,
320.338928301369));
#8199=CARTESIAN_POINT('Ctrl Pts',(-0.0306552424396763,2.01532762121468,
320.244161462745));
#8200=CARTESIAN_POINT('Ctrl Pts',(-0.0189419442689151,2.00947097213071,
320.150045249747));
#8201=CARTESIAN_POINT('Ctrl Pts',(-0.0107214189202628,2.00536070945785,
320.056694971329));
#8202=CARTESIAN_POINT('Ctrl Pts',(-0.0057650963788949,2.00288254818817,
319.964499498624));
#8203=CARTESIAN_POINT('Ctrl Pts',(-0.00188015765959225,2.0009400788293,
319.892233466972));
#8204=CARTESIAN_POINT('Ctrl Pts',(-4.33680868994202E-16,2.,319.820676352454));
#8205=CARTESIAN_POINT('Ctrl Pts',(-4.33680868994202E-16,2.,319.75));
#8206=CARTESIAN_POINT('Origin',(-3.44032999535693,3.99535637032207,322.806082604715));
#8207=CARTESIAN_POINT('',(-3.11890240615829,3.99535637032207,322.25));
#8208=CARTESIAN_POINT('',(-3.11890240615829,3.99535637032207,322.25));
#8209=CARTESIAN_POINT('',(-3.44032999535693,3.99535637032207,322.806082604715));
#8210=CARTESIAN_POINT('Origin',(-1.63790905215157,3.99535637032207,323.75));
#8211=CARTESIAN_POINT('',(-1.63790905215157,3.99535637032207,323.75));
#8212=CARTESIAN_POINT('Origin',(0.192684908923461,3.99535637032207,0.));
#8213=CARTESIAN_POINT('',(-7.34453391529435,3.99535637032207,161.8755));
#8214=CARTESIAN_POINT('',(-2.93941998584998,3.99535637032207,161.8755));
#8215=CARTESIAN_POINT('Origin',(-5.14197695057216,3.99535637032207,161.8755));
#8216=CARTESIAN_POINT('Origin',(-5.14197695057216,3.99535637032207,161.8755));
#8217=CARTESIAN_POINT('Origin',(0.192684908923461,3.99535637032207,0.));
#8218=CARTESIAN_POINT('',(-1.80731509107657,3.99535637032207,322.25));
#8219=CARTESIAN_POINT('',(-7.34453391529377,3.99535637032207,318.75));
#8220=CARTESIAN_POINT('',(-2.93941998584945,3.99535637032207,318.75));
#8221=CARTESIAN_POINT('Origin',(-5.14197695057161,3.99535637032207,318.75));
#8222=CARTESIAN_POINT('Origin',(-5.14197695057161,3.99535637032207,318.75));
#8223=CARTESIAN_POINT('Origin',(-1.80731509107657,3.99535637032207,322.25));
#8224=CARTESIAN_POINT('Origin',(-2.,2.,323.75));
#8225=CARTESIAN_POINT('',(-4.,7.5,323.75));
#8226=CARTESIAN_POINT('Origin',(-1.80731509107657,3.99535637032207,322.249999999998));
#8227=CARTESIAN_POINT('',(-1.80731509107657,3.99535637032207,322.249999999998));
#8228=CARTESIAN_POINT('Origin',(0.192684908923461,3.99535637032207,0.));
#8229=CARTESIAN_POINT('',(-111.66564106259,3.99535637032207,318.75));
#8230=CARTESIAN_POINT('',(-107.260527133145,3.99535637032207,318.75));
#8231=CARTESIAN_POINT('Origin',(-109.463084097867,3.99535637032207,318.75));
#8232=CARTESIAN_POINT('Origin',(-109.463084097867,3.99535637032207,318.75));
#8233=CARTESIAN_POINT('Origin',(0.192684908923461,3.99535637032207,0.));
#8234=CARTESIAN_POINT('Ctrl Pts',(-11.4098843697874,9.08395006553035,314.749));
#8235=CARTESIAN_POINT('Ctrl Pts',(-11.4289090722453,8.73172624799497,314.749));
#8236=CARTESIAN_POINT('Ctrl Pts',(-11.4465544090637,8.38797120412321,314.749));
#8237=CARTESIAN_POINT('Ctrl Pts',(-11.5532068983421,6.17651257966485,314.749));
#8238=CARTESIAN_POINT('Ctrl Pts',(-11.6104206023162,4.29826551255183,314.749));
#8239=CARTESIAN_POINT('Ctrl Pts',(-11.6343047329481,2.42003237613852,314.749));
#8240=CARTESIAN_POINT('Ctrl Pts',(-9.94754984099019,9.00496483551738,314.749));
#8241=CARTESIAN_POINT('Ctrl Pts',(-9.96643748984989,8.65527843167383,314.749));
#8242=CARTESIAN_POINT('Ctrl Pts',(-9.98393744794219,8.31433604815839,314.749));
#8243=CARTESIAN_POINT('Ctrl Pts',(-10.0896066374202,6.1232663228895,314.749));
#8244=CARTESIAN_POINT('Ctrl Pts',(-10.1462931093681,4.26232723171325,314.749));
#8245=CARTESIAN_POINT('Ctrl Pts',(-10.1699570292942,2.40141132686204,314.749));
#8246=CARTESIAN_POINT('Ctrl Pts',(-8.91352317931451,8.94911384376163,313.713466094067));
#8247=CARTESIAN_POINT('Ctrl Pts',(-8.9323139166462,8.60122166234644,313.713466094067));
#8248=CARTESIAN_POINT('Ctrl Pts',(-8.94971107645548,8.26226813004176,313.713466094067));
#8249=CARTESIAN_POINT('Ctrl Pts',(-9.05468496797203,6.0856155336518,313.713466094067));
#8250=CARTESIAN_POINT('Ctrl Pts',(-9.1109986305669,4.23691502962716,313.713466094067));
#8251=CARTESIAN_POINT('Ctrl Pts',(-9.13450683802564,2.38824425664583,313.713466094067));
#8252=CARTESIAN_POINT('Ctrl Pts',(-8.91352317931458,8.94911384376164,312.249));
#8253=CARTESIAN_POINT('Ctrl Pts',(-8.93231391664621,8.60122166234643,312.249));
#8254=CARTESIAN_POINT('Ctrl Pts',(-8.94971107645555,8.26226813004176,312.249));
#8255=CARTESIAN_POINT('Ctrl Pts',(-9.0546849679721,6.0856155336518,312.249));
#8256=CARTESIAN_POINT('Ctrl Pts',(-9.11099863056692,4.23691502962716,312.249));
#8257=CARTESIAN_POINT('Ctrl Pts',(-9.1345068380257,2.38824425664583,312.249));
#8258=CARTESIAN_POINT('Origin',(-11.4920327414575,7.41862823404675,312.248999997483));
#8259=CARTESIAN_POINT('Origin',(147.17845173437,0.40200572744689,314.749));
#8260=CARTESIAN_POINT('Origin',(-11.4098843697874,9.08395006553035,314.749));
#8261=CARTESIAN_POINT('',(-102.711710183123,8.62909713389348,314.749));
#8262=CARTESIAN_POINT('Origin',(-100.213064188938,8.54682855482568,314.749));
#8263=CARTESIAN_POINT('Origin',(147.218769387172,0.400118567280074,314.748999998782));
#8264=CARTESIAN_POINT('Ctrl Pts',(-104.973501788711,14.1376116574218,312.249));
#8265=CARTESIAN_POINT('Ctrl Pts',(-105.00129550402,13.6230381180874,312.249));
#8266=CARTESIAN_POINT('Ctrl Pts',(-105.028242515198,13.0993224207089,312.249));
#8267=CARTESIAN_POINT('Ctrl Pts',(-105.197808848734,9.5833338641622,312.249));
#8268=CARTESIAN_POINT('Ctrl Pts',(-105.288756103691,6.5976816126265,312.249));
#8269=CARTESIAN_POINT('Ctrl Pts',(-105.326729834645,3.6114510947247,312.249));
#8270=CARTESIAN_POINT('Ctrl Pts',(-104.973501788711,14.1376116574218,313.713466094067));
#8271=CARTESIAN_POINT('Ctrl Pts',(-105.00129550402,13.6230381180874,313.713466094067));
#8272=CARTESIAN_POINT('Ctrl Pts',(-105.028242515198,13.0993224207089,313.713466094067));
#8273=CARTESIAN_POINT('Ctrl Pts',(-105.197808848734,9.5833338641622,313.713466094067));
#8274=CARTESIAN_POINT('Ctrl Pts',(-105.288756103691,6.5976816126265,313.713466094067));
#8275=CARTESIAN_POINT('Ctrl Pts',(-105.326729834645,3.61145109472469,313.713466094067));
#8276=CARTESIAN_POINT('Ctrl Pts',(-103.939475127035,14.081760665666,314.749));
#8277=CARTESIAN_POINT('Ctrl Pts',(-103.967171930832,13.5689813487606,314.749));
#8278=CARTESIAN_POINT('Ctrl Pts',(-103.994016143707,13.0472545025923,314.749));
#8279=CARTESIAN_POINT('Ctrl Pts',(-104.162887179311,9.54568307492449,314.749));
#8280=CARTESIAN_POINT('Ctrl Pts',(-104.253461624822,6.57226941053978,314.749));
#8281=CARTESIAN_POINT('Ctrl Pts',(-104.291279643376,3.59828402450849,314.749));
#8282=CARTESIAN_POINT('Ctrl Pts',(-102.477140598238,14.002775435653,314.749));
#8283=CARTESIAN_POINT('Ctrl Pts',(-102.504700348435,13.4925335324398,314.749));
#8284=CARTESIAN_POINT('Ctrl Pts',(-102.531399182589,12.9736193466271,314.749));
#8285=CARTESIAN_POINT('Ctrl Pts',(-102.699286918371,9.49243681815123,314.749));
#8286=CARTESIAN_POINT('Ctrl Pts',(-102.789334131989,6.53633112970092,314.749));
#8287=CARTESIAN_POINT('Ctrl Pts',(-102.826931939722,3.579662975232,314.749));
#8288=CARTESIAN_POINT('Origin',(-102.711710194611,8.62909679024829,312.248999984846));
#8289=CARTESIAN_POINT('Origin',(147.218795500327,0.400115523877098,312.248999999391));
#8290=CARTESIAN_POINT('Ctrl Pts',(-104.973501788712,14.1376116574218,11.5));
#8291=CARTESIAN_POINT('Ctrl Pts',(-104.97350178871,14.1376116574217,372.3988));
#8292=CARTESIAN_POINT('Ctrl Pts',(-105.001295504021,13.6230381180874,11.5));
#8293=CARTESIAN_POINT('Ctrl Pts',(-105.00129550402,13.6230381180874,372.3988));
#8294=CARTESIAN_POINT('Ctrl Pts',(-105.028242515199,13.099322420709,11.5));
#8295=CARTESIAN_POINT('Ctrl Pts',(-105.028242515198,13.0993224207089,372.3988));
#8296=CARTESIAN_POINT('Ctrl Pts',(-105.197808848735,9.58333386416225,11.5));
#8297=CARTESIAN_POINT('Ctrl Pts',(-105.197808848734,9.58333386416218,372.3988));
#8298=CARTESIAN_POINT('Ctrl Pts',(-105.288756103692,6.59768161262651,11.5));
#8299=CARTESIAN_POINT('Ctrl Pts',(-105.28875610369,6.59768161262644,372.3988));
#8300=CARTESIAN_POINT('Ctrl Pts',(-105.326729834646,3.61145109472471,11.5));
#8301=CARTESIAN_POINT('Ctrl Pts',(-105.326729834644,3.61145109472464,372.3988));
#8302=CARTESIAN_POINT('Origin',(147.218795499358,0.400115523904294,284.154437906651));
#8303=CARTESIAN_POINT('Ctrl Pts',(-106.20981461175,8.7442731457989,283.154437906651));
#8304=CARTESIAN_POINT('Ctrl Pts',(-105.210356207948,8.71136571397004,283.154437906651));
#8305=CARTESIAN_POINT('Ctrl Pts',(-105.210356207948,8.71136571397004,284.154437906651));
#8306=CARTESIAN_POINT('Ctrl Pts',(-106.167324743957,10.0347675130891,283.154437906651));
#8307=CARTESIAN_POINT('Ctrl Pts',(-105.168033899325,9.99677100552069,283.154437906758));
#8308=CARTESIAN_POINT('Ctrl Pts',(-105.168033899342,9.99677100551967,284.154437906758));
#8309=CARTESIAN_POINT('Ctrl Pts',(-106.114978559013,11.3249344845984,283.154437906651));
#8310=CARTESIAN_POINT('Ctrl Pts',(-105.115894143061,11.2818500824839,283.154437906758));
#8311=CARTESIAN_POINT('Ctrl Pts',(-105.115894143109,11.2818500824877,284.154437906758));
#8312=CARTESIAN_POINT('Ctrl Pts',(-106.052780128341,12.6146301818758,283.154437906651));
#8313=CARTESIAN_POINT('Ctrl Pts',(-105.053941035747,12.5664589549221,283.154437906651));
#8314=CARTESIAN_POINT('Ctrl Pts',(-105.053941035747,12.5664589549221,284.154437906651));
#8315=CARTESIAN_POINT('',(-106.20981461175,8.74427314579891,283.154437906651));
#8316=CARTESIAN_POINT('Origin',(-106.20981461175,8.74427314579891,284.154437906651));
#8317=CARTESIAN_POINT('Origin',(147.218398116563,0.400131647169422,283.154437906651));
#8318=CARTESIAN_POINT('Origin',(-124.113174524782,5.4763346442513,283.154437906651));
#8319=CARTESIAN_POINT('',(-106.212645716843,8.61769102742385,283.154437906651));
#8320=CARTESIAN_POINT('',(-114.479489609304,9.01637788157673,283.154437906651));
#8321=CARTESIAN_POINT('Origin',(-100.213064188938,8.54682855482569,283.154437906651));
#8322=CARTESIAN_POINT('Origin',(-4.,2.,319.75));
#8323=CARTESIAN_POINT('Origin',(-4.96141816526713,7.7392753783885,161.8755));
#8324=CARTESIAN_POINT('',(-2.76397216158998,7.63329867848059,161.8755));
#8325=CARTESIAN_POINT('Origin',(-4.96141816526657,7.73927537838847,318.75));
#8326=CARTESIAN_POINT('',(-2.76397216158945,7.63329867848057,318.75));
#8327=CARTESIAN_POINT('Origin',(-109.040451612157,12.7587172558446,318.75));
#8328=CARTESIAN_POINT('',(-106.843005608479,12.6527405559367,318.75));
#8329=CARTESIAN_POINT('Origin',(-124.064035353717,9.47861382567251,279.154437906651));
#8330=CARTESIAN_POINT('',(-106.08074196643,7.60329806129048,283.025643165074));
#8331=CARTESIAN_POINT('Origin',(-17.3192420309391,14.3376952116929,198.063198828998));
#8332=CARTESIAN_POINT('',(-106.119744571359,4.60856163717993,279.154437906651));
#8333=CARTESIAN_POINT('Ctrl Pts',(-106.080741966431,7.60329806129048,283.025643165074));
#8334=CARTESIAN_POINT('Ctrl Pts',(-106.082780223869,7.51170797091208,283.001823625446));
#8335=CARTESIAN_POINT('Ctrl Pts',(-106.084711208029,7.42145359086329,282.97488715544));
#8336=CARTESIAN_POINT('Ctrl Pts',(-106.086542029959,7.33250988108216,282.944912933898));
#8337=CARTESIAN_POINT('Ctrl Pts',(-106.088387767378,7.24284155744518,282.914694515927));
#8338=CARTESIAN_POINT('Ctrl Pts',(-106.090131737982,7.15450464011669,282.881388482781));
#8339=CARTESIAN_POINT('Ctrl Pts',(-106.091780808881,7.06748216334272,282.845023948811));
#8340=CARTESIAN_POINT('Ctrl Pts',(-106.092322838101,7.03887895090845,282.833071375995));
#8341=CARTESIAN_POINT('Ctrl Pts',(-106.092854609237,7.01041785970243,282.820787972653));
#8342=CARTESIAN_POINT('Ctrl Pts',(-106.093376346813,6.98209868800134,282.808173612106));
#8343=CARTESIAN_POINT('Ctrl Pts',(-106.094974992808,6.89532646286083,282.769522194441));
#8344=CARTESIAN_POINT('Ctrl Pts',(-106.09648305908,6.80965780540758,282.727656387652));
#8345=CARTESIAN_POINT('Ctrl Pts',(-106.097901287771,6.72544208697604,282.682690469549));
#8346=CARTESIAN_POINT('Ctrl Pts',(-106.099318291543,6.64129910536055,282.637763388349));
#8347=CARTESIAN_POINT('Ctrl Pts',(-106.100645590673,6.55860701393502,282.589741730453));
#8348=CARTESIAN_POINT('Ctrl Pts',(-106.101884871101,6.47769466987029,282.538787656264));
#8349=CARTESIAN_POINT('Ctrl Pts',(-106.102263242836,6.45299086330686,282.523230578948));
#8350=CARTESIAN_POINT('Ctrl Pts',(-106.102633417608,6.42845279610412,282.507400477077));
#8351=CARTESIAN_POINT('Ctrl Pts',(-106.10299546577,6.40408936394924,282.491302816113));
#8352=CARTESIAN_POINT('Ctrl Pts',(-106.104362818241,6.31207564144051,282.430506549827));
#8353=CARTESIAN_POINT('Ctrl Pts',(-106.105607501836,6.22299656258986,282.366193517761));
#8354=CARTESIAN_POINT('Ctrl Pts',(-106.10674447899,6.13688631176177,282.298502908638));
#8355=CARTESIAN_POINT('Ctrl Pts',(-106.107858894628,6.05248478290387,282.232155512778));
#8356=CARTESIAN_POINT('Ctrl Pts',(-106.108869868943,5.97093474338212,282.16256252177));
#8357=CARTESIAN_POINT('Ctrl Pts',(-106.109790273918,5.89229362343617,282.089807719695));
#8358=CARTESIAN_POINT('Ctrl Pts',(-106.110738629505,5.81126435108532,282.014843519336));
#8359=CARTESIAN_POINT('Ctrl Pts',(-106.111590876998,5.73332241123157,281.936522066599));
#8360=CARTESIAN_POINT('Ctrl Pts',(-106.112359179986,5.65857037693724,281.854893045512));
#8361=CARTESIAN_POINT('Ctrl Pts',(-106.113127482974,5.58381834264291,281.773264024424));
#8362=CARTESIAN_POINT('Ctrl Pts',(-106.113811875633,5.5122555052992,281.688326612983));
#8363=CARTESIAN_POINT('Ctrl Pts',(-106.114422041404,5.44403586424907,281.600099421951));
#8364=CARTESIAN_POINT('Ctrl Pts',(-106.11496967258,5.38280790949097,281.520914448566));
#8365=CARTESIAN_POINT('Ctrl Pts',(-106.115452568306,5.32485837765247,281.439836889594));
#8366=CARTESIAN_POINT('Ctrl Pts',(-106.11588240182,5.27014137771404,281.356951015701));
#8367=CARTESIAN_POINT('Ctrl Pts',(-106.116316614886,5.21486686899282,281.273220621773));
#8368=CARTESIAN_POINT('Ctrl Pts',(-106.116696703978,5.16289058069173,281.187644266101));
#8369=CARTESIAN_POINT('Ctrl Pts',(-106.117032853012,5.11420356034512,281.100272415453));
#8370=CARTESIAN_POINT('Ctrl Pts',(-106.117368733417,5.06555544745455,281.012970386627));
#8371=CARTESIAN_POINT('Ctrl Pts',(-106.117660762668,5.02019095964776,280.923875022147));
#8372=CARTESIAN_POINT('Ctrl Pts',(-106.117916938833,4.97814598399361,280.833010521805));
#8373=CARTESIAN_POINT('Ctrl Pts',(-106.118170758397,4.93648778592601,280.742981896656));
#8374=CARTESIAN_POINT('Ctrl Pts',(-106.118389393442,4.89808805949272,280.651215792624));
#8375=CARTESIAN_POINT('Ctrl Pts',(-106.118578277583,4.86303035001217,280.557720918603));
#8376=CARTESIAN_POINT('Ctrl Pts',(-106.118652561053,4.84924301844436,280.520951693028));
#8377=CARTESIAN_POINT('Ctrl Pts',(-106.118722216406,4.83597313467497,280.483914983976));
#8378=CARTESIAN_POINT('Ctrl Pts',(-106.118787467699,4.82322798771575,280.446611074802));
#8379=CARTESIAN_POINT('Ctrl Pts',(-106.118944315178,4.79259190261878,280.35694198432));
#8380=CARTESIAN_POINT('Ctrl Pts',(-106.119073845676,4.76531371185237,280.266694525792));
#8381=CARTESIAN_POINT('Ctrl Pts',(-106.119183068069,4.74130886228709,280.175894328087));
#8382=CARTESIAN_POINT('Ctrl Pts',(-106.119293388252,4.7170627406644,280.084181500189));
#8383=CARTESIAN_POINT('Ctrl Pts',(-106.119383002942,4.69615582403357,279.991904088606));
#8384=CARTESIAN_POINT('Ctrl Pts',(-106.119456816546,4.67854904685522,279.899066249303));
#8385=CARTESIAN_POINT('Ctrl Pts',(-106.119530609094,4.66094729214225,279.806254892692));
#8386=CARTESIAN_POINT('Ctrl Pts',(-106.11958861603,4.64664366042203,279.712882705406));
#8387=CARTESIAN_POINT('Ctrl Pts',(-106.119633292924,4.63564980962817,279.618942300122));
#8388=CARTESIAN_POINT('Ctrl Pts',(-106.11967760073,4.62474678206181,279.525777962383));
#8389=CARTESIAN_POINT('Ctrl Pts',(-106.119708798483,4.61709906180527,279.432054042372));
#8390=CARTESIAN_POINT('Ctrl Pts',(-106.119726828945,4.61276887222866,279.337762692647));
#8391=CARTESIAN_POINT('Ctrl Pts',(-106.119738468887,4.6099734279464,279.276890943319));
#8392=CARTESIAN_POINT('Ctrl Pts',(-106.119744571359,4.60856163717993,279.215782723842));
#8393=CARTESIAN_POINT('Ctrl Pts',(-106.119744571359,4.60856163717993,279.154437906651));
#8394=CARTESIAN_POINT('Ctrl Pts',(-106.119744571359,4.60856163717993,279.154437906651));
#8395=CARTESIAN_POINT('Ctrl Pts',(-106.119744571359,4.60856163717994,279.059697455092));
#8396=CARTESIAN_POINT('Ctrl Pts',(-106.119730135127,4.61192649696535,278.965521883619));
#8397=CARTESIAN_POINT('Ctrl Pts',(-106.119702910278,4.61856156135948,278.87190866934));
#8398=CARTESIAN_POINT('Ctrl Pts',(-106.119675379485,4.62527118839626,278.777243460954));
#8399=CARTESIAN_POINT('Ctrl Pts',(-106.119634773195,4.63532488711369,278.68315259466));
#8400=CARTESIAN_POINT('Ctrl Pts',(-106.119580253233,4.64867748329611,278.589627013793));
#8401=CARTESIAN_POINT('Ctrl Pts',(-106.119525709619,4.66203587235837,278.496060857861));
#8402=CARTESIAN_POINT('Ctrl Pts',(-106.119457235411,4.67869612238078,278.403059749));
#8403=CARTESIAN_POINT('Ctrl Pts',(-106.119371488432,4.69866489866314,278.31061916995));
#8404=CARTESIAN_POINT('Ctrl Pts',(-106.11928635984,4.71848966455893,278.218845251858));
#8405=CARTESIAN_POINT('Ctrl Pts',(-106.119184196584,4.74157561810817,278.127623121924));
#8406=CARTESIAN_POINT('Ctrl Pts',(-106.119059378474,4.76797800498988,278.036963372453));
#8407=CARTESIAN_POINT('Ctrl Pts',(-106.118978878604,4.78500589218707,277.978493507807));
#8408=CARTESIAN_POINT('Ctrl Pts',(-106.118888908233,4.80341421252997,277.920257892465));
#8409=CARTESIAN_POINT('Ctrl Pts',(-106.118787467704,4.82322798771737,277.862264738495));
#8410=CARTESIAN_POINT('Ctrl Pts',(-106.118621880325,4.8555711856561,277.767599080881));
#8411=CARTESIAN_POINT('Ctrl Pts',(-106.118428108707,4.89128993763806,277.674653850561));
#8412=CARTESIAN_POINT('Ctrl Pts',(-106.118201726722,4.93028097708485,277.583434894041));
#8413=CARTESIAN_POINT('Ctrl Pts',(-106.117972702874,4.96972703934744,277.491151418416));
#8414=CARTESIAN_POINT('Ctrl Pts',(-106.117710293126,5.01252241621625,277.400633971721));
#8415=CARTESIAN_POINT('Ctrl Pts',(-106.117407411302,5.05861208927794,277.311899464415));
#8416=CARTESIAN_POINT('Ctrl Pts',(-106.11710449202,5.10470746243785,277.22315398295));
#8417=CARTESIAN_POINT('Ctrl Pts',(-106.116761072834,5.15409831608062,277.13619116151));
#8418=CARTESIAN_POINT('Ctrl Pts',(-106.116367791996,5.20677674131608,277.05104991545));
#8419=CARTESIAN_POINT('Ctrl Pts',(-106.115977635766,5.25903663743324,276.966585115021));
#8420=CARTESIAN_POINT('Ctrl Pts',(-106.115538384123,5.3145325483524,276.883912432176));
#8421=CARTESIAN_POINT('Ctrl Pts',(-106.115038967933,5.37329674521366,276.803101500039));
#8422=CARTESIAN_POINT('Ctrl Pts',(-106.114842867877,5.39637101172502,276.771370393605));
#8423=CARTESIAN_POINT('Ctrl Pts',(-106.114637472393,5.41994958346081,276.739926729635));
#8424=CARTESIAN_POINT('Ctrl Pts',(-106.114422041413,5.44403586425475,276.708776391343));
#8425=CARTESIAN_POINT('Ctrl Pts',(-106.113817870055,5.51158529936159,276.621415965174));
#8426=CARTESIAN_POINT('Ctrl Pts',(-106.113140918802,5.58241265365932,276.537281038579));
#8427=CARTESIAN_POINT('Ctrl Pts',(-106.112381799618,5.65636815665349,276.456389554942));
#8428=CARTESIAN_POINT('Ctrl Pts',(-106.111638031341,5.72882813145387,276.377133858901));
#8429=CARTESIAN_POINT('Ctrl Pts',(-106.110815346835,5.80429180511206,276.300991119441));
#8430=CARTESIAN_POINT('Ctrl Pts',(-106.109902689065,5.88266448972422,276.228005852145));
#8431=CARTESIAN_POINT('Ctrl Pts',(-106.108961776275,5.96346351853087,276.152761030001));
#8432=CARTESIAN_POINT('Ctrl Pts',(-106.107925206618,6.04735501419591,276.080871302782));
#8433=CARTESIAN_POINT('Ctrl Pts',(-106.106778933882,6.13427524065597,276.012427201084));
#8434=CARTESIAN_POINT('Ctrl Pts',(-106.105632661146,6.22119546711604,275.943983099385));
#8435=CARTESIAN_POINT('Ctrl Pts',(-106.104376643551,6.31114529069524,275.878983974521));
#8436=CARTESIAN_POINT('Ctrl Pts',(-106.102995465779,6.40408936396041,275.817572997181));
#8437=CARTESIAN_POINT('Ctrl Pts',(-106.101809756997,6.48387967493651,275.764853110832));
#8438=CARTESIAN_POINT('Ctrl Pts',(-106.100536792067,6.56554498824127,275.715006403902));
#8439=CARTESIAN_POINT('Ctrl Pts',(-106.099174531364,6.64876387901245,275.668209112199));
#8440=CARTESIAN_POINT('Ctrl Pts',(-106.097811019536,6.73205919951179,275.62136884102));
#8441=CARTESIAN_POINT('Ctrl Pts',(-106.096358069624,6.8169105006903,275.577583794242));
#8442=CARTESIAN_POINT('Ctrl Pts',(-106.094814685817,6.90297371091118,275.536983253138));
#8443=CARTESIAN_POINT('Ctrl Pts',(-106.094343661042,6.92923931252824,275.524592387921));
#8444=CARTESIAN_POINT('Ctrl Pts',(-106.093864219298,6.95561766554667,275.512497785064));
#8445=CARTESIAN_POINT('Ctrl Pts',(-106.09337634682,6.98209868801541,275.500702201189));
#8446=CARTESIAN_POINT('Ctrl Pts',(-106.09178863022,7.06827768120164,275.462315030015));
#8447=CARTESIAN_POINT('Ctrl Pts',(-106.090108060804,7.15576960407841,275.426989108472));
#8448=CARTESIAN_POINT('Ctrl Pts',(-106.088328014168,7.2445862994782,275.394737217265));
#8449=CARTESIAN_POINT('Ctrl Pts',(-106.086561162929,7.33274460115363,275.362724407715));
#8450=CARTESIAN_POINT('Ctrl Pts',(-106.084696270573,7.42220879707667,275.333740037518));
#8451=CARTESIAN_POINT('Ctrl Pts',(-106.082726286863,7.51300233049355,275.307846358869));
#8452=CARTESIAN_POINT('Ctrl Pts',(-106.082076373081,7.54295586176081,275.29930382193));
#8453=CARTESIAN_POINT('Ctrl Pts',(-106.081415018722,7.57305412908935,275.291098090204));
#8454=CARTESIAN_POINT('Ctrl Pts',(-106.080741966435,7.60329806130726,275.283232648223));
#8455=CARTESIAN_POINT('Origin',(-106.092867403568,7.35187493345465,274.315431333615));
#8456=CARTESIAN_POINT('Origin',(-106.092867403568,7.35187493345448,274.315431333616));
#8457=CARTESIAN_POINT('Ctrl Pts',(-104.827565878183,13.8908036435926,268.654437906651));
#8458=CARTESIAN_POINT('Ctrl Pts',(-104.827565878182,13.8908036435926,293.854437906651));
#8459=CARTESIAN_POINT('Ctrl Pts',(-104.850962147585,13.4516800356294,268.654437906651));
#8460=CARTESIAN_POINT('Ctrl Pts',(-104.850962147585,13.4516800356294,293.854437906651));
#8461=CARTESIAN_POINT('Ctrl Pts',(-104.873575354306,13.0076910533352,268.654437906651));
#8462=CARTESIAN_POINT('Ctrl Pts',(-104.873575354306,13.0076910533352,293.854437906651));
#8463=CARTESIAN_POINT('Ctrl Pts',(-105.086574233872,8.59112078938365,268.654437906651));
#8464=CARTESIAN_POINT('Ctrl Pts',(-105.086574233872,8.59112078938364,293.854437906651));
#8465=CARTESIAN_POINT('Ctrl Pts',(-105.184240458856,4.61894317851411,268.654437906651));
#8466=CARTESIAN_POINT('Ctrl Pts',(-105.184240458856,4.6189431785141,293.854437906651));
#8467=CARTESIAN_POINT('Ctrl Pts',(-105.188125520216,0.646879278598416,268.654437906651));
#8468=CARTESIAN_POINT('Ctrl Pts',(-105.188125520216,0.64687927859841,293.854437906651));
#8469=CARTESIAN_POINT('',(-105.167996030527,3.59705536508285,279.154437906649));
#8470=CARTESIAN_POINT('',(-105.093243765183,7.32444171285703,283.993444479677));
#8471=CARTESIAN_POINT('Ctrl Pts',(-105.167996030527,3.59705536508285,279.154437906649));
#8472=CARTESIAN_POINT('Ctrl Pts',(-105.167996030526,3.59705536508279,279.707110595472));
#8473=CARTESIAN_POINT('Ctrl Pts',(-105.166916777967,3.68593940127278,280.244701975869));
#8474=CARTESIAN_POINT('Ctrl Pts',(-105.162045846382,4.04086868137993,281.289823829722));
#8475=CARTESIAN_POINT('Ctrl Pts',(-105.158355303582,4.2987169124599,281.771633223191));
#8476=CARTESIAN_POINT('Ctrl Pts',(-105.149901149181,4.80254256259846,282.427053835767));
#8477=CARTESIAN_POINT('Ctrl Pts',(-105.146623754331,4.98781238569668,282.630557071679));
#8478=CARTESIAN_POINT('Ctrl Pts',(-105.13906598737,5.38623134443097,283.002321753802));
#8479=CARTESIAN_POINT('Ctrl Pts',(-105.134772737452,5.60020980780182,283.171676486425));
#8480=CARTESIAN_POINT('Ctrl Pts',(-105.124908805557,6.05865932973156,283.476257744844));
#8481=CARTESIAN_POINT('Ctrl Pts',(-105.119388400851,6.30051342387039,283.609366654008));
#8482=CARTESIAN_POINT('Ctrl Pts',(-105.107238802918,6.79902680494995,283.832556121544));
#8483=CARTESIAN_POINT('Ctrl Pts',(-105.100579408069,7.05714236266461,283.923635969676));
#8484=CARTESIAN_POINT('Ctrl Pts',(-105.093243765183,7.32444171285703,283.993444479677));
#8485=CARTESIAN_POINT('',(-105.093243765179,7.32444171289334,289.654437906651));
#8486=CARTESIAN_POINT('',(-105.093243765183,7.32444171285703,283.993444479677));
#8487=CARTESIAN_POINT('',(-105.185146451889,1.65085510045793,289.654437906651));
#8488=CARTESIAN_POINT('Origin',(147.233642416074,0.399627300201588,289.654437906651));
#8489=CARTESIAN_POINT('',(-105.185146451889,1.65085510045793,268.654437906651));
#8490=CARTESIAN_POINT('',(-105.185146451889,1.65085510045792,289.654437906651));
#8491=CARTESIAN_POINT('Origin',(147.233642416495,0.399627300177881,268.654437906651));
#8492=CARTESIAN_POINT('Ctrl Pts',(-105.093243765187,7.32444171289629,274.315431333612));
#8493=CARTESIAN_POINT('Ctrl Pts',(-105.100579408074,7.05714236270155,274.385239843611));
#8494=CARTESIAN_POINT('Ctrl Pts',(-105.107238802924,6.79902680498458,274.476319691741));
#8495=CARTESIAN_POINT('Ctrl Pts',(-105.119388400859,6.30051342390048,274.699509159274));
#8496=CARTESIAN_POINT('Ctrl Pts',(-105.124908805565,6.05865932975961,274.832618068437));
#8497=CARTESIAN_POINT('Ctrl Pts',(-105.134772737461,5.60020980782457,275.137199326855));
#8498=CARTESIAN_POINT('Ctrl Pts',(-105.139065987379,5.38623134445135,275.306554059478));
#8499=CARTESIAN_POINT('Ctrl Pts',(-105.14662375434,4.98781238571277,275.678318741602));
#8500=CARTESIAN_POINT('Ctrl Pts',(-105.14990114919,4.80254256261274,275.881821977514));
#8501=CARTESIAN_POINT('Ctrl Pts',(-105.158355303589,4.29871691246825,276.537242590093));
#8502=CARTESIAN_POINT('Ctrl Pts',(-105.162045846388,4.04086868138563,277.019051983563));
#8503=CARTESIAN_POINT('Ctrl Pts',(-105.16691677797,3.6859394012741,278.064173837423));
#8504=CARTESIAN_POINT('Ctrl Pts',(-105.167996030527,3.59705536508292,278.601765217823));
#8505=CARTESIAN_POINT('Ctrl Pts',(-105.167996030527,3.59705536508285,279.154437906649));
#8506=CARTESIAN_POINT('Ctrl Pts',(-102.830398549778,13.7843956441099,266.654437906651));
#8507=CARTESIAN_POINT('Ctrl Pts',(-102.853626757788,13.3484263737375,266.654437906651));
#8508=CARTESIAN_POINT('Ctrl Pts',(-102.876068740527,12.9077910350961,266.654437906651));
#8509=CARTESIAN_POINT('Ctrl Pts',(-103.087379538753,8.52622344434805,266.654437906651));
#8510=CARTESIAN_POINT('Ctrl Pts',(-103.184272206812,4.58550607554421,266.654437906651));
#8511=CARTESIAN_POINT('Ctrl Pts',(-103.188126476888,0.644923086629443,266.654437906651));
#8512=CARTESIAN_POINT('Ctrl Pts',(-104.000312084429,13.8467280070619,266.654437906651));
#8513=CARTESIAN_POINT('Ctrl Pts',(-104.02363874052,13.4089109685088,266.654437906651));
#8514=CARTESIAN_POINT('Ctrl Pts',(-104.046181023951,12.9663111108994,266.654437906651));
#8515=CARTESIAN_POINT('Ctrl Pts',(-104.258480677313,8.56423942890632,266.654437906651));
#8516=CARTESIAN_POINT('Ctrl Pts',(-104.355826484556,4.6050930769787,266.654437906651));
#8517=CARTESIAN_POINT('Ctrl Pts',(-104.359698791736,0.646068997354261,266.654437906651));
#8518=CARTESIAN_POINT('Ctrl Pts',(-104.827565878183,13.8908036435926,267.482865031397));
#8519=CARTESIAN_POINT('Ctrl Pts',(-104.85096214759,13.4516800356294,267.482865031397));
#8520=CARTESIAN_POINT('Ctrl Pts',(-104.873575354301,13.0076910533352,267.482865031397));
#8521=CARTESIAN_POINT('Ctrl Pts',(-105.086574233917,8.59112078938365,267.482865031397));
#8522=CARTESIAN_POINT('Ctrl Pts',(-105.184240458767,4.61894317851405,267.482865031397));
#8523=CARTESIAN_POINT('Ctrl Pts',(-105.188125520216,0.646879278598415,267.482865031397));
#8524=CARTESIAN_POINT('Ctrl Pts',(-104.827565878183,13.8908036435926,268.654437906651));
#8525=CARTESIAN_POINT('Ctrl Pts',(-104.85096214759,13.4516800356294,268.654437906651));
#8526=CARTESIAN_POINT('Ctrl Pts',(-104.873575354301,13.0076910533352,268.654437906651));
#8527=CARTESIAN_POINT('Ctrl Pts',(-105.086574233917,8.59112078938365,268.654437906651));
#8528=CARTESIAN_POINT('Ctrl Pts',(-105.184240458767,4.61894317851405,268.654437906651));
#8529=CARTESIAN_POINT('Ctrl Pts',(-105.188125520216,0.646879278598415,268.654437906651));
#8530=CARTESIAN_POINT('',(-103.185151258993,1.6449206549156,266.654437906651));
#8531=CARTESIAN_POINT('Origin',(147.20767976974,0.399870898488841,266.654437906651));
#8532=CARTESIAN_POINT('Ctrl Pts',(-105.185146451889,1.65085510047178,268.654437906651));
#8533=CARTESIAN_POINT('Ctrl Pts',(-105.185146451889,1.65085510049305,268.560356429594));
#8534=CARTESIAN_POINT('Ctrl Pts',(-105.178356540149,1.65083501067387,268.466073275015));
#8535=CARTESIAN_POINT('Ctrl Pts',(-105.165022379845,1.65079554988782,268.372747135391));
#8536=CARTESIAN_POINT('Ctrl Pts',(-105.151386951503,1.65075519753655,268.277312412819));
#8537=CARTESIAN_POINT('Ctrl Pts',(-105.130908381808,1.6506945894856,268.182879828856));
#8538=CARTESIAN_POINT('Ctrl Pts',(-105.103903313015,1.65061465404895,268.090691032565));
#8539=CARTESIAN_POINT('Ctrl Pts',(-105.083635527922,1.65055466108009,268.021501699056));
#8540=CARTESIAN_POINT('Ctrl Pts',(-105.059692674035,1.65048378486439,267.953576432163));
#8541=CARTESIAN_POINT('Ctrl Pts',(-105.032226835724,1.65040247181553,267.887433733765));
#8542=CARTESIAN_POINT('Ctrl Pts',(-105.032226558987,1.65040247099625,267.88743306733));
#8543=CARTESIAN_POINT('Ctrl Pts',(-105.032226282249,1.65040247017696,267.887432400897));
#8544=CARTESIAN_POINT('Ctrl Pts',(-105.03222600551,1.65040246935767,267.887431734463));
#8545=CARTESIAN_POINT('Ctrl Pts',(-104.932377048903,1.65010686494142,267.646978168191));
#8546=CARTESIAN_POINT('Ctrl Pts',(-104.783336746123,1.64966551871044,267.424068358789));
#8547=CARTESIAN_POINT('Ctrl Pts',(-104.598855359975,1.64911872649802,267.239718471546));
#8548=CARTESIAN_POINT('Ctrl Pts',(-104.598854544435,1.64911872408081,267.239717656587));
#8549=CARTESIAN_POINT('Ctrl Pts',(-104.598853728894,1.64911872166359,267.239716841629));
#8550=CARTESIAN_POINT('Ctrl Pts',(-104.598852913352,1.64911871924637,267.239716026672));
#8551=CARTESIAN_POINT('Ctrl Pts',(-104.506612623492,1.6488453243335,267.147541813));
#8552=CARTESIAN_POINT('Ctrl Pts',(-104.40370261674,1.64854020097284,267.063153198197));
#8553=CARTESIAN_POINT('Ctrl Pts',(-104.295041819404,1.64821787500831,266.990665988245));
#8554=CARTESIAN_POINT('Ctrl Pts',(-104.295040862387,1.64821787216946,266.990665349823));
#8555=CARTESIAN_POINT('Ctrl Pts',(-104.29503990537,1.64821786933062,266.990664711401));
#8556=CARTESIAN_POINT('Ctrl Pts',(-104.295038948352,1.64821786649177,266.990664072981));
#8557=CARTESIAN_POINT('Ctrl Pts',(-104.186378046011,1.64789554021322,266.918177070197));
#8558=CARTESIAN_POINT('Ctrl Pts',(-104.071552796931,1.64755478837432,266.856813180333));
#8559=CARTESIAN_POINT('Ctrl Pts',(-103.95050650369,1.64719539156773,266.806674795061));
#8560=CARTESIAN_POINT('Ctrl Pts',(-103.950505567105,1.64719538878692,266.80667440712));
#8561=CARTESIAN_POINT('Ctrl Pts',(-103.950504630519,1.64719538600612,266.806674019179));
#8562=CARTESIAN_POINT('Ctrl Pts',(-103.950503693933,1.64719538322532,266.806673631239));
#8563=CARTESIAN_POINT('Ctrl Pts',(-103.903071546054,1.64705455311652,266.787026923272));
#8564=CARTESIAN_POINT('Ctrl Pts',(-103.854736626595,1.64691100581196,266.769177005079));
#8565=CARTESIAN_POINT('Ctrl Pts',(-103.805798186935,1.64676563628546,266.753226472705));
#8566=CARTESIAN_POINT('Ctrl Pts',(-103.756579651555,1.6466194347467,266.737184648579));
#8567=CARTESIAN_POINT('Ctrl Pts',(-103.706751310894,1.64647139197225,266.723064182063));
#8568=CARTESIAN_POINT('Ctrl Pts',(-103.656633451973,1.64632246627879,266.71091925689));
#8569=CARTESIAN_POINT('Ctrl Pts',(-103.629411368256,1.64624157559865,266.704322602984));
#8570=CARTESIAN_POINT('Ctrl Pts',(-103.602104086575,1.64616042509396,266.698307897217));
#8571=CARTESIAN_POINT('Ctrl Pts',(-103.574763833727,1.64607917111145,266.692877442887));
#8572=CARTESIAN_POINT('Ctrl Pts',(-103.47862156553,1.64579344068231,266.673781196794));
#8573=CARTESIAN_POINT('Ctrl Pts',(-103.380830091485,1.64550270585853,266.661656044532));
#8574=CARTESIAN_POINT('Ctrl Pts',(-103.282368075135,1.64520984965352,266.656824730881));
#8575=CARTESIAN_POINT('Ctrl Pts',(-103.250022667764,1.64511364450149,266.655237613188));
#8576=CARTESIAN_POINT('Ctrl Pts',(-103.217605189824,1.64501721127891,266.654437906651));
#8577=CARTESIAN_POINT('Ctrl Pts',(-103.185151258993,1.64492065491559,266.654437906651));
#8578=CARTESIAN_POINT('Origin',(-102.830398549778,13.7843956441099,266.654437906651));
#8579=CARTESIAN_POINT('',(-41.3434268858131,1.58443348370009,266.654437906651));
#8580=CARTESIAN_POINT('',(-102.842272455221,1.64458528637404,266.654437906651));
#8581=CARTESIAN_POINT('Origin',(56.0686017906853,2.62937901703415,266.654437906651));
#8582=CARTESIAN_POINT('Ctrl Pts',(-39.0797205849402,10.3877938614622,268.654437906651));
#8583=CARTESIAN_POINT('Ctrl Pts',(-39.0975841804416,10.0525127793286,268.654437906651));
#8584=CARTESIAN_POINT('Ctrl Pts',(-39.1145606004096,9.71892758792052,268.654437906651));
#8585=CARTESIAN_POINT('Ctrl Pts',(-39.2719869131949,6.45466454927105,268.654437906651));
#8586=CARTESIAN_POINT('Ctrl Pts',(-39.3441872237691,3.51817538511594,268.654437906651));
#8587=CARTESIAN_POINT('Ctrl Pts',(-39.3470586165145,0.582480364641281,268.654437906651));
#8588=CARTESIAN_POINT('Ctrl Pts',(-39.0797205849402,10.3877938614622,267.482865031397));
#8589=CARTESIAN_POINT('Ctrl Pts',(-39.0975841804416,10.0525127793286,267.482865031397));
#8590=CARTESIAN_POINT('Ctrl Pts',(-39.1145606004096,9.71892758792052,267.482865031397));
#8591=CARTESIAN_POINT('Ctrl Pts',(-39.2719869131949,6.45466454927105,267.482865031397));
#8592=CARTESIAN_POINT('Ctrl Pts',(-39.3441872237691,3.51817538511594,267.482865031397));
#8593=CARTESIAN_POINT('Ctrl Pts',(-39.3470586165145,0.582480364641281,267.482865031397));
#8594=CARTESIAN_POINT('Ctrl Pts',(-39.9069743786938,10.4318694979929,266.654437906651));
#8595=CARTESIAN_POINT('Ctrl Pts',(-39.9249075875179,10.0952818464496,266.654437906651));
#8596=CARTESIAN_POINT('Ctrl Pts',(-39.9419549307636,9.76030753035628,266.654437906651));
#8597=CARTESIAN_POINT('Ctrl Pts',(-40.1000804697648,6.48154590974838,266.654437906651));
#8598=CARTESIAN_POINT('Ctrl Pts',(-40.1726011980468,3.53202548665133,266.654437906651));
#8599=CARTESIAN_POINT('Ctrl Pts',(-40.1754853449942,0.583290645885434,266.654437906651));
#8600=CARTESIAN_POINT('Ctrl Pts',(-41.0768879133447,10.4942018609449,266.654437906651));
#8601=CARTESIAN_POINT('Ctrl Pts',(-41.0949195702584,10.1557664412214,266.654437906651));
#8602=CARTESIAN_POINT('Ctrl Pts',(-41.1120672141819,9.81882760615926,266.654437906651));
#8603=CARTESIAN_POINT('Ctrl Pts',(-41.2711816083699,6.51956189430943,266.654437906651));
#8604=CARTESIAN_POINT('Ctrl Pts',(-41.3441554757461,3.55161248808372,266.654437906651));
#8605=CARTESIAN_POINT('Ctrl Pts',(-41.3470576598425,0.584436556610253,266.654437906651));
#8606=CARTESIAN_POINT('',(-39.3434331193097,1.57714393119328,268.654437906651));
#8607=CARTESIAN_POINT('Origin',(56.5462157751519,2.64000774592357,268.654437906651));
#8608=CARTESIAN_POINT('Ctrl Pts',(-41.3434268858131,1.58443348369928,266.654437906651));
#8609=CARTESIAN_POINT('Ctrl Pts',(-41.2493352691643,1.5840918718547,266.654437906651));
#8610=CARTESIAN_POINT('Ctrl Pts',(-41.1550418244899,1.58374932946414,266.661229368877));
#8611=CARTESIAN_POINT('Ctrl Pts',(-41.0617056903677,1.58341008602375,266.674566530858));
#8612=CARTESIAN_POINT('Ctrl Pts',(-40.9662625906225,1.58306318451746,266.688204765323));
#8613=CARTESIAN_POINT('Ctrl Pts',(-40.8718219002455,1.58271973765411,266.708687394085));
#8614=CARTESIAN_POINT('Ctrl Pts',(-40.7796256641891,1.5823842789941,266.735697687041));
#8615=CARTESIAN_POINT('Ctrl Pts',(-40.710457737704,1.58213260950164,266.755961485624));
#8616=CARTESIAN_POINT('Ctrl Pts',(-40.6425532663312,1.58188543680296,266.779898141393));
#8617=CARTESIAN_POINT('Ctrl Pts',(-40.5764303096278,1.58164465242536,266.807355715037));
#8618=CARTESIAN_POINT('Ctrl Pts',(-40.5764290807336,1.58164464795038,266.807356225336));
#8619=CARTESIAN_POINT('Ctrl Pts',(-40.5764278518398,1.58164464347541,266.807356735636));
#8620=CARTESIAN_POINT('Ctrl Pts',(-40.5764266229465,1.58164463900044,266.807357245937));
#8621=CARTESIAN_POINT('Ctrl Pts',(-40.3359749950903,1.58076904300007,266.907205419397));
#8622=CARTESIAN_POINT('Ctrl Pts',(-40.1130663280143,1.57995604795316,267.056244774609));
#8623=CARTESIAN_POINT('Ctrl Pts',(-39.9287172227854,1.57928305102915,267.240725009936));
#8624=CARTESIAN_POINT('Ctrl Pts',(-39.9287159413879,1.57928304635119,267.240726292245));
#8625=CARTESIAN_POINT('Ctrl Pts',(-39.9287146599919,1.57928304167324,267.240727574556));
#8626=CARTESIAN_POINT('Ctrl Pts',(-39.9287133785974,1.5792830369953,267.240728856869));
#8627=CARTESIAN_POINT('Ctrl Pts',(-39.8365395770458,1.57894654127004,267.332968736212));
#8628=CARTESIAN_POINT('Ctrl Pts',(-39.7521512259188,1.57863828298456,267.435878251593));
#8629=CARTESIAN_POINT('Ctrl Pts',(-39.6796639448886,1.57837339877877,267.544538960933));
#8630=CARTESIAN_POINT('Ctrl Pts',(-39.6796630206162,1.57837339540128,267.544540346447));
#8631=CARTESIAN_POINT('Ctrl Pts',(-39.6796620963456,1.57837339202379,267.544541731961));
#8632=CARTESIAN_POINT('Ctrl Pts',(-39.6796611720768,1.57837338864631,267.544543117477));
#8633=CARTESIAN_POINT('Ctrl Pts',(-39.6071739577983,1.57810850468165,267.653204309167));
#8634=CARTESIAN_POINT('Ctrl Pts',(-39.5458099357266,1.57788415733901,267.768029789553));
#8635=CARTESIAN_POINT('Ctrl Pts',(-39.4956713779642,1.57770080844517,267.889076339977));
#8636=CARTESIAN_POINT('Ctrl Pts',(-39.4956708886901,1.57770080665597,267.889077521203));
#8637=CARTESIAN_POINT('Ctrl Pts',(-39.495670399417,1.57770080486678,267.889078702429));
#8638=CARTESIAN_POINT('Ctrl Pts',(-39.4956699101451,1.57770080307759,267.889079883656));
#8639=CARTESIAN_POINT('Ctrl Pts',(-39.4760236648933,1.57762895981939,267.936510910415));
#8640=CARTESIAN_POINT('Ctrl Pts',(-39.45817410588,1.57756368038293,267.984844715519));
#8641=CARTESIAN_POINT('Ctrl Pts',(-39.4422238293604,1.57750534242665,268.03378203412));
#8642=CARTESIAN_POINT('Ctrl Pts',(-39.4261822685731,1.57744667059918,268.082999423557));
#8643=CARTESIAN_POINT('Ctrl Pts',(-39.4120619594598,1.577395020556,268.13282661097));
#8644=CARTESIAN_POINT('Ctrl Pts',(-39.399917086296,1.57735059306275,268.182943295751));
#8645=CARTESIAN_POINT('Ctrl Pts',(-39.3933193959772,1.57732645787104,268.210169135126));
#8646=CARTESIAN_POINT('Ctrl Pts',(-39.3873038106836,1.57730445096037,268.237480193812));
#8647=CARTESIAN_POINT('Ctrl Pts',(-39.3818726345747,1.57728458117159,268.2648242176));
#8648=CARTESIAN_POINT('Ctrl Pts',(-39.3716497891354,1.57724718120966,268.316292577909));
#8649=CARTESIAN_POINT('Ctrl Pts',(-39.3634468635797,1.57721716780187,268.368103325892));
#8650=CARTESIAN_POINT('Ctrl Pts',(-39.3572751189187,1.57719458475666,268.420263037436));
#8651=CARTESIAN_POINT('Ctrl Pts',(-39.3511880271996,1.57717231146522,268.471707315456));
#8652=CARTESIAN_POINT('Ctrl Pts',(-39.3470767395622,1.57715726594919,268.523491691182));
#8653=CARTESIAN_POINT('Ctrl Pts',(-39.3450022936593,1.57714967406837,268.575624101772));
#8654=CARTESIAN_POINT('Ctrl Pts',(-39.3439604081368,1.57714586106427,268.60180748104));
#8655=CARTESIAN_POINT('Ctrl Pts',(-39.3434331193098,1.57714393118053,268.628078619796));
#8656=CARTESIAN_POINT('Ctrl Pts',(-39.3434331193097,1.57714393119237,268.654437906651));
#8657=CARTESIAN_POINT('Ctrl Pts',(-39.0797205849402,10.3877938614622,289.654437906651));
#8658=CARTESIAN_POINT('Ctrl Pts',(-39.0797205849402,10.3877938614622,264.454437906651));
#8659=CARTESIAN_POINT('Ctrl Pts',(-39.0975841804416,10.0525127793286,289.654437906651));
#8660=CARTESIAN_POINT('Ctrl Pts',(-39.0975841804416,10.0525127793286,264.454437906651));
#8661=CARTESIAN_POINT('Ctrl Pts',(-39.1145606004096,9.71892758792052,289.654437906651));
#8662=CARTESIAN_POINT('Ctrl Pts',(-39.1145606004096,9.71892758792052,264.454437906651));
#8663=CARTESIAN_POINT('Ctrl Pts',(-39.2719869131949,6.45466454927105,289.654437906651));
#8664=CARTESIAN_POINT('Ctrl Pts',(-39.2719869131949,6.45466454927105,264.454437906651));
#8665=CARTESIAN_POINT('Ctrl Pts',(-39.3441872237691,3.51817538511594,289.654437906651));
#8666=CARTESIAN_POINT('Ctrl Pts',(-39.3441872237691,3.51817538511594,264.454437906651));
#8667=CARTESIAN_POINT('Ctrl Pts',(-39.3470586165145,0.582480364641281,289.654437906651));
#8668=CARTESIAN_POINT('Ctrl Pts',(-39.3470586165145,0.582480364641281,264.454437906651));
#8669=CARTESIAN_POINT('',(-39.3434331193097,1.57714393119328,289.654437906651));
#8670=CARTESIAN_POINT('Origin',(55.9883597936165,2.63446820903901,289.654437906651));
#8671=CARTESIAN_POINT('',(-39.3434331193097,1.57714393119237,268.654437906651));
#8672=CARTESIAN_POINT('Ctrl Pts',(-41.0768879133447,10.4942018609449,291.654437906651));
#8673=CARTESIAN_POINT('Ctrl Pts',(-41.0949195702584,10.1557664412214,291.654437906651));
#8674=CARTESIAN_POINT('Ctrl Pts',(-41.1120672141819,9.81882760615926,291.654437906651));
#8675=CARTESIAN_POINT('Ctrl Pts',(-41.2711816083699,6.51956189430943,291.654437906651));
#8676=CARTESIAN_POINT('Ctrl Pts',(-41.3441554757461,3.55161248808372,291.654437906651));
#8677=CARTESIAN_POINT('Ctrl Pts',(-41.3470576598425,0.584436556610253,291.654437906651));
#8678=CARTESIAN_POINT('Ctrl Pts',(-39.9069743786938,10.4318694979929,291.654437906651));
#8679=CARTESIAN_POINT('Ctrl Pts',(-39.9249075875179,10.0952818464496,291.654437906651));
#8680=CARTESIAN_POINT('Ctrl Pts',(-39.9419549307636,9.76030753035628,291.654437906651));
#8681=CARTESIAN_POINT('Ctrl Pts',(-40.1000804697648,6.48154590974838,291.654437906651));
#8682=CARTESIAN_POINT('Ctrl Pts',(-40.1726011980468,3.53202548665133,291.654437906651));
#8683=CARTESIAN_POINT('Ctrl Pts',(-40.1754853449942,0.583290645885434,291.654437906651));
#8684=CARTESIAN_POINT('Ctrl Pts',(-39.0797205849402,10.3877938614622,290.826010781905));
#8685=CARTESIAN_POINT('Ctrl Pts',(-39.0975841804416,10.0525127793286,290.826010781905));
#8686=CARTESIAN_POINT('Ctrl Pts',(-39.1145606004096,9.71892758792052,290.826010781905));
#8687=CARTESIAN_POINT('Ctrl Pts',(-39.2719869131949,6.45466454927105,290.826010781905));
#8688=CARTESIAN_POINT('Ctrl Pts',(-39.3441872237691,3.51817538511594,290.826010781905));
#8689=CARTESIAN_POINT('Ctrl Pts',(-39.3470586165145,0.582480364641281,290.826010781905));
#8690=CARTESIAN_POINT('Ctrl Pts',(-39.0797205849402,10.3877938614622,289.654437906651));
#8691=CARTESIAN_POINT('Ctrl Pts',(-39.0975841804416,10.0525127793286,289.654437906651));
#8692=CARTESIAN_POINT('Ctrl Pts',(-39.1145606004096,9.71892758792052,289.654437906651));
#8693=CARTESIAN_POINT('Ctrl Pts',(-39.2719869131949,6.45466454927105,289.654437906651));
#8694=CARTESIAN_POINT('Ctrl Pts',(-39.3441872237691,3.51817538511594,289.654437906651));
#8695=CARTESIAN_POINT('Ctrl Pts',(-39.3470586165145,0.582480364641281,289.654437906651));
#8696=CARTESIAN_POINT('',(-41.3434268858131,1.58443348370009,291.654437906651));
#8697=CARTESIAN_POINT('Origin',(56.0686842284059,2.62937972194941,291.654437906651));
#8698=CARTESIAN_POINT('Ctrl Pts',(-39.3434331193097,1.57714393119237,289.654437906651));
#8699=CARTESIAN_POINT('Ctrl Pts',(-39.3434331193334,1.57714392744332,289.74851586477));
#8700=CARTESIAN_POINT('Ctrl Pts',(-39.3502225096557,1.57716877546006,289.842795457203));
#8701=CARTESIAN_POINT('Ctrl Pts',(-39.3635556601288,1.57721756030975,289.936118137412));
#8702=CARTESIAN_POINT('Ctrl Pts',(-39.3771901246016,1.57726744764142,290.031549803798));
#8703=CARTESIAN_POINT('Ctrl Pts',(-39.397667288785,1.57734236529684,290.125979429008));
#8704=CARTESIAN_POINT('Ctrl Pts',(-39.4246705409716,1.57744113741595,290.218165498754));
#8705=CARTESIAN_POINT('Ctrl Pts',(-39.4449395657461,1.57751527717198,290.287361672557));
#8706=CARTESIAN_POINT('Ctrl Pts',(-39.4688843721212,1.57760285280973,290.355293585591));
#8707=CARTESIAN_POINT('Ctrl Pts',(-39.4963528287166,1.57770330040109,290.421442592375));
#8708=CARTESIAN_POINT('Ctrl Pts',(-39.4963533149576,1.57770330217919,290.421443763331));
#8709=CARTESIAN_POINT('Ctrl Pts',(-39.4963538011996,1.5777033039573,290.421444934287));
#8710=CARTESIAN_POINT('Ctrl Pts',(-39.4963542874428,1.57770330573541,290.421446105242));
#8711=CARTESIAN_POINT('Ctrl Pts',(-39.5962032720183,1.5780684369149,290.661899180903));
#8712=CARTESIAN_POINT('Ctrl Pts',(-39.7452433544405,1.57861325195573,290.884808429859));
#8713=CARTESIAN_POINT('Ctrl Pts',(-39.9297243197168,1.579286727604,291.069157899224));
#8714=CARTESIAN_POINT('Ctrl Pts',(-39.929725675178,1.57928673255231,291.069159253719));
#8715=CARTESIAN_POINT('Ctrl Pts',(-39.9297270306412,1.57928673750064,291.069160608212));
#8716=CARTESIAN_POINT('Ctrl Pts',(-39.9297283861062,1.57928674244897,291.069161962703));
#8717=CARTESIAN_POINT('Ctrl Pts',(-40.0219682228737,1.57962347790995,291.161335508451));
#8718=CARTESIAN_POINT('Ctrl Pts',(-40.1248776653988,1.57999897724175,291.245723540351));
#8719=CARTESIAN_POINT('Ctrl Pts',(-40.2335377026477,1.58039518752852,291.318210240575));
#8720=CARTESIAN_POINT('Ctrl Pts',(-40.2335392425145,1.58039519314339,291.318211267814));
#8721=CARTESIAN_POINT('Ctrl Pts',(-40.2335407823825,1.58039519875825,291.318212295051));
#8722=CARTESIAN_POINT('Ctrl Pts',(-40.2335423222517,1.58039520437312,291.318213322286));
#8723=CARTESIAN_POINT('Ctrl Pts',(-40.3422025793836,1.58079141545436,291.390699723146));
#8724=CARTESIAN_POINT('Ctrl Pts',(-40.4570271328348,1.58120985283361,291.452063166845));
#8725=CARTESIAN_POINT('Ctrl Pts',(-40.5780726684185,1.58165063299834,291.50220123239));
#8726=CARTESIAN_POINT('Ctrl Pts',(-40.5780740999546,1.58165063821119,291.502201825345));
#8727=CARTESIAN_POINT('Ctrl Pts',(-40.5780755314916,1.58165064342405,291.502202418297));
#8728=CARTESIAN_POINT('Ctrl Pts',(-40.5780769630297,1.58165064863691,291.502203011248));
#8729=CARTESIAN_POINT('Ctrl Pts',(-40.6255092844715,1.58182337062959,291.521849744564));
#8730=CARTESIAN_POINT('Ctrl Pts',(-40.6738443649021,1.58199932944458,291.539699669941));
#8731=CARTESIAN_POINT('Ctrl Pts',(-40.7227829571117,1.58217743356355,291.555650192991));
#8732=CARTESIAN_POINT('Ctrl Pts',(-40.7720016462885,1.58235655705029,291.571692007861));
#8733=CARTESIAN_POINT('Ctrl Pts',(-40.8218301322565,1.58253784811855,291.585812448403));
#8734=CARTESIAN_POINT('Ctrl Pts',(-40.8719481325339,1.58272014000539,291.597957332665));
#8735=CARTESIAN_POINT('Ctrl Pts',(-40.8991692550622,1.58281915013668,291.604553712823));
#8736=CARTESIAN_POINT('Ctrl Pts',(-40.9264755678941,1.58291845474601,291.610568184843));
#8737=CARTESIAN_POINT('Ctrl Pts',(-40.9538148509422,1.58301786378274,291.615998445889));
#8738=CARTESIAN_POINT('Ctrl Pts',(-41.0499533148335,1.58336743520606,291.635093934038));
#8739=CARTESIAN_POINT('Ctrl Pts',(-41.1477408324094,1.58372281188091,291.647218860661));
#8740=CARTESIAN_POINT('Ctrl Pts',(-41.2461989131682,1.58408041586945,291.652050535228));
#8741=CARTESIAN_POINT('Ctrl Pts',(-41.2785480182031,1.58419790921176,291.653638016386));
#8742=CARTESIAN_POINT('Ctrl Pts',(-41.3109692183823,1.58431564191902,291.654437906651));
#8743=CARTESIAN_POINT('Ctrl Pts',(-41.3434268858131,1.58443348369928,291.654437906651));
#8744=CARTESIAN_POINT('Origin',(-41.0768879133447,10.4942018609449,291.654437906651));
#8745=CARTESIAN_POINT('',(-103.185151258993,1.6449206549156,291.654437906651));
#8746=CARTESIAN_POINT('',(-41.085602772839,1.58418130684905,291.654437906651));
#8747=CARTESIAN_POINT('',(-103.171140569437,3.32669597728243,291.654437906651));
#8748=CARTESIAN_POINT('Origin',(147.207679763443,0.399870898516085,291.654437906651));
#8749=CARTESIAN_POINT('Origin',(-100.213064188938,8.54682855482568,291.654437906651));
#8750=CARTESIAN_POINT('Origin',(-100.213064188938,8.54682855482568,292.654437906651));
#8751=CARTESIAN_POINT('Origin',(-103.171140569437,3.32669597728196,292.654437906651));
#8752=CARTESIAN_POINT('Ctrl Pts',(-105.212715462192,8.60588061532415,284.154437906651));
#8753=CARTESIAN_POINT('Ctrl Pts',(-105.212715462192,8.60588061532415,283.154437906651));
#8754=CARTESIAN_POINT('Ctrl Pts',(-106.212645716843,8.61769102742385,283.154437906651));
#8755=CARTESIAN_POINT('Ctrl Pts',(-105.216988436311,8.24410864132471,284.154437901939));
#8756=CARTESIAN_POINT('Ctrl Pts',(-105.215953088966,8.331766386557,283.15758310258));
#8757=CARTESIAN_POINT('Ctrl Pts',(-106.213593325006,8.27022059795905,283.154437906651));
#8758=CARTESIAN_POINT('Ctrl Pts',(-105.182276115525,7.89240002647106,284.098820819548));
#8759=CARTESIAN_POINT('Ctrl Pts',(-105.200776147399,8.06526955045366,283.136921244178));
#8760=CARTESIAN_POINT('Ctrl Pts',(-106.167901504532,7.93202001519541,283.109949161682));
#8761=CARTESIAN_POINT('Ctrl Pts',(-105.112900201126,7.55103387033226,283.99344447968));
#8762=CARTESIAN_POINT('Ctrl Pts',(-105.158654568145,7.77616953205713,283.082105785916));
#8763=CARTESIAN_POINT('Ctrl Pts',(-106.08074196643,7.60329806129048,283.025643165074));
#8764=CARTESIAN_POINT('Origin',(-106.212645716843,8.61769102742385,284.154437906651));
#8765=CARTESIAN_POINT('Origin',(-106.092867403564,7.35187493343358,283.99344447968));
#8766=CARTESIAN_POINT('Origin',(-100.213064188938,8.54682855482569,284.154437906651));
#8767=CARTESIAN_POINT('Ctrl Pts',(-102.712862068534,8.57861667412349,314.749));
#8768=CARTESIAN_POINT('Ctrl Pts',(-102.712541032285,8.6038627645664,314.749));
#8769=CARTESIAN_POINT('Ctrl Pts',(-102.711710180229,8.62909722179826,314.749));
#8770=CARTESIAN_POINT('Ctrl Pts',(-103.748312264291,8.59178374439679,314.749000006349));
#8771=CARTESIAN_POINT('Ctrl Pts',(-103.747858250472,8.6274871080075,314.749000006349));
#8772=CARTESIAN_POINT('Ctrl Pts',(-103.746683248223,8.66317401977332,314.749000006349));
#8773=CARTESIAN_POINT('Ctrl Pts',(-104.480486121537,8.60109426910394,314.016766958385));
#8774=CARTESIAN_POINT('Ctrl Pts',(-104.479938078377,8.644192041507,314.016766958385));
#8775=CARTESIAN_POINT('Ctrl Pts',(-104.478519725191,8.68726995477648,314.016766958385));
#8776=CARTESIAN_POINT('Ctrl Pts',(-105.212659978783,8.6104047938111,313.284533910422));
#8777=CARTESIAN_POINT('Ctrl Pts',(-105.212017906281,8.66089697500649,313.284533910422));
#8778=CARTESIAN_POINT('Ctrl Pts',(-105.210356202159,8.71136588977964,313.284533910422));
#8779=CARTESIAN_POINT('Ctrl Pts',(-105.212659978783,8.6104047938111,312.249));
#8780=CARTESIAN_POINT('Ctrl Pts',(-105.212017906281,8.66089697500649,312.249));
#8781=CARTESIAN_POINT('Ctrl Pts',(-105.210356202159,8.71136588977964,312.249));
#8782=CARTESIAN_POINT('Origin',(-102.71286208386,8.57861667431839,312.249));
#8783=CARTESIAN_POINT('Ctrl Pts',(-100.276640427923,3.54723276498063,309.749));
#8784=CARTESIAN_POINT('Ctrl Pts',(-100.276640427923,3.54723276498063,309.749));
#8785=CARTESIAN_POINT('Ctrl Pts',(-100.276640427923,3.54723276498063,309.749));
#8786=CARTESIAN_POINT('Ctrl Pts',(-100.60392220129,3.55139457027725,310.40361646725));
#8787=CARTESIAN_POINT('Ctrl Pts',(-100.767443033896,3.55347394628479,310.239842286672));
#8788=CARTESIAN_POINT('Ctrl Pts',(-100.931203974654,3.55555637557383,310.076308233623));
#8789=CARTESIAN_POINT('Ctrl Pts',(-100.929302523222,3.68567933781661,311.057739430502));
#8790=CARTESIAN_POINT('Ctrl Pts',(-101.269323635356,3.6253792912064,310.742596609345));
#8791=CARTESIAN_POINT('Ctrl Pts',(-101.583619337894,3.69399981089551,310.403369715251));
#8792=CARTESIAN_POINT('Ctrl Pts',(-101.377997058697,4.06711401174289,311.964756027487));
#8793=CARTESIAN_POINT('Ctrl Pts',(-101.994682495415,3.83603139033658,311.470575323569));
#8794=CARTESIAN_POINT('Ctrl Pts',(-102.485785509333,4.08120095521729,310.856878013743));
#8795=CARTESIAN_POINT('Ctrl Pts',(-101.521013060466,4.22395198645578,312.254753375038));
#8796=CARTESIAN_POINT('Ctrl Pts',(-102.240565137338,3.92696238829969,311.717594297998));
#8797=CARTESIAN_POINT('Ctrl Pts',(-102.773788462893,4.23988262400173,311.001876687518));
#8798=CARTESIAN_POINT('Ctrl Pts',(-101.788465336939,4.59100224299938,312.798948955157));
#8799=CARTESIAN_POINT('Ctrl Pts',(-102.729563558172,4.1543131247311,312.209444008178));
#8800=CARTESIAN_POINT('Ctrl Pts',(-103.31331653248,4.61039267136109,311.273974477579));
#8801=CARTESIAN_POINT('Ctrl Pts',(-101.912895010947,4.80120546631274,313.053133757015));
#8802=CARTESIAN_POINT('Ctrl Pts',(-102.974610282528,4.29325472775692,312.456237599359));
#8803=CARTESIAN_POINT('Ctrl Pts',(-103.564828333015,4.8222119060536,311.401066878507));
#8804=CARTESIAN_POINT('Ctrl Pts',(-102.138391832537,5.26691066066522,313.51593405485));
#8805=CARTESIAN_POINT('Ctrl Pts',(-103.459062795235,4.63384604637077,312.944981650958));
#8806=CARTESIAN_POINT('Ctrl Pts',(-104.02170659666,5.29085941063326,311.632467027425));
#8807=CARTESIAN_POINT('Ctrl Pts',(-102.239453416173,5.52240114123201,313.724538131612));
#8808=CARTESIAN_POINT('Ctrl Pts',(-103.699083850096,4.83892008652325,313.187590869264));
#8809=CARTESIAN_POINT('Ctrl Pts',(-104.227061786691,5.54767611746715,311.736769065806));
#8810=CARTESIAN_POINT('Ctrl Pts',(-102.414329066569,6.06886448326409,314.088157991413));
#8811=CARTESIAN_POINT('Ctrl Pts',(-104.160564756406,5.33687103249862,313.655366038191));
#8812=CARTESIAN_POINT('Ctrl Pts',(-104.583732669104,6.09645121780982,311.918578995706));
#8813=CARTESIAN_POINT('Ctrl Pts',(-102.488138819686,6.35982386580111,314.243164805075));
#8814=CARTESIAN_POINT('Ctrl Pts',(-104.38017188607,5.63323450239627,313.878723749318));
#8815=CARTESIAN_POINT('Ctrl Pts',(-104.735039563518,6.38839607537339,311.996082402535));
#8816=CARTESIAN_POINT('Ctrl Pts',(-102.605672925961,6.96604507521098,314.493630520037));
#8817=CARTESIAN_POINT('Ctrl Pts',(-104.768585523064,6.33353946604993,314.276010537327));
#8818=CARTESIAN_POINT('Ctrl Pts',(-104.977796403196,6.99620965159138,312.121315260021));
#8819=CARTESIAN_POINT('Ctrl Pts',(-102.649394380829,7.28129195408266,314.589083245069));
#8820=CARTESIAN_POINT('Ctrl Pts',(-104.932237492036,6.73760258298799,314.444787038993));
#8821=CARTESIAN_POINT('Ctrl Pts',(-105.069240362283,7.31206338299163,312.169041622536));
#8822=CARTESIAN_POINT('Ctrl Pts',(-102.705070173565,7.92397428976627,314.716769558962));
#8823=CARTESIAN_POINT('Ctrl Pts',(-105.160214184224,7.63470571397979,314.684152189687));
#8824=CARTESIAN_POINT('Ctrl Pts',(-105.188754150757,7.95555750023759,312.232884779479));
#8825=CARTESIAN_POINT('Ctrl Pts',(-102.717023186092,8.25139018930624,314.749));
#8826=CARTESIAN_POINT('Ctrl Pts',(-105.218909509267,8.11894560378358,314.748999999872));
#8827=CARTESIAN_POINT('Ctrl Pts',(-105.216821081018,8.2831783087984,312.24899999999));
#8828=CARTESIAN_POINT('Ctrl Pts',(-102.71286208386,8.57861667431839,314.749));
#8829=CARTESIAN_POINT('Ctrl Pts',(-105.212659978783,8.6104047938111,314.749));
#8830=CARTESIAN_POINT('Ctrl Pts',(-105.212659978783,8.6104047938111,312.249));
#8831=CARTESIAN_POINT('Ctrl Pts',(-103.158351956214,3.31591212440732,291.654396951492));
#8832=CARTESIAN_POINT('Ctrl Pts',(-102.666568999822,4.19132510981087,291.651289597247));
#8833=CARTESIAN_POINT('Ctrl Pts',(-102.662086841589,4.18766632404778,292.655366680633));
#8834=CARTESIAN_POINT('Ctrl Pts',(-103.315181188422,3.44758940282621,291.65540089038));
#8835=CARTESIAN_POINT('Ctrl Pts',(-102.799362062552,4.26615745252063,291.68953962212));
#8836=CARTESIAN_POINT('Ctrl Pts',(-102.858803084797,4.29819051729632,292.656854422141));
#8837=CARTESIAN_POINT('Ctrl Pts',(-103.462434161913,3.59204089850066,291.637906276811));
#8838=CARTESIAN_POINT('Ctrl Pts',(-102.942177845714,4.35292520938889,291.713132161357));
#8839=CARTESIAN_POINT('Ctrl Pts',(-103.04366049022,4.41943366159708,292.630582194534));
#8840=CARTESIAN_POINT('Ctrl Pts',(-103.736408413635,3.90046356684608,291.575880976998));
#8841=CARTESIAN_POINT('Ctrl Pts',(-103.233680647335,4.55516456010176,291.721976328823));
#8842=CARTESIAN_POINT('Ctrl Pts',(-103.387881466876,4.67828322085262,292.537476429597));
#8843=CARTESIAN_POINT('Ctrl Pts',(-103.864667683147,4.06557658318222,291.531383075359));
#8844=CARTESIAN_POINT('Ctrl Pts',(-103.382312218157,4.66944310335888,291.709204933434));
#8845=CARTESIAN_POINT('Ctrl Pts',(-103.549186690208,4.81685697161797,292.470689768925));
#8846=CARTESIAN_POINT('Ctrl Pts',(-104.099257876269,4.40746699507253,291.423118651114));
#8847=CARTESIAN_POINT('Ctrl Pts',(-103.669166092111,4.92106328183267,291.648064156763));
#8848=CARTESIAN_POINT('Ctrl Pts',(-103.84458738901,5.10380022934432,292.308212845858));
#8849=CARTESIAN_POINT('Ctrl Pts',(-104.205968236638,4.58418341917417,291.359583970315));
#8850=CARTESIAN_POINT('Ctrl Pts',(-103.807814265627,5.05720697525635,291.60155066185));
#8851=CARTESIAN_POINT('Ctrl Pts',(-103.979154387868,5.25211880168493,292.212869000615));
#8852=CARTESIAN_POINT('Ctrl Pts',(-104.4012994793,4.94811723687695,291.217280292636));
#8853=CARTESIAN_POINT('Ctrl Pts',(-104.068899223776,5.34812944185611,291.478972667872));
#8854=CARTESIAN_POINT('Ctrl Pts',(-104.225903734096,5.55756955281407,291.999330236392));
#8855=CARTESIAN_POINT('Ctrl Pts',(-104.490325813813,5.13643075188198,291.138000223761));
#8856=CARTESIAN_POINT('Ctrl Pts',(-104.192964873527,5.50364866471007,291.403270204442));
#8857=CARTESIAN_POINT('Ctrl Pts',(-104.338600231073,5.71562130559867,291.880367843625));
#8858=CARTESIAN_POINT('Ctrl Pts',(-104.649591788164,5.51748070126266,290.967544973031));
#8859=CARTESIAN_POINT('Ctrl Pts',(-104.418594973478,5.82551902636871,291.227995698744));
#8860=CARTESIAN_POINT('Ctrl Pts',(-104.540721345448,6.03542099369436,291.624601367972));
#8861=CARTESIAN_POINT('Ctrl Pts',(-104.719370873506,5.70881772004759,290.877108899352));
#8862=CARTESIAN_POINT('Ctrl Pts',(-104.520625548342,5.9910265892111,291.129613429581));
#8863=CARTESIAN_POINT('Ctrl Pts',(-104.629556796966,6.19599348552311,291.488906284376));
#8864=CARTESIAN_POINT('Ctrl Pts',(-104.841710481088,6.0910814235227,290.685539576495));
#8865=CARTESIAN_POINT('Ctrl Pts',(-104.70109957466,6.32564426902027,290.913249832075));
#8866=CARTESIAN_POINT('Ctrl Pts',(-104.785880727836,6.51675885747833,291.201470085769));
#8867=CARTESIAN_POINT('Ctrl Pts',(-104.894259609687,6.28221043669506,290.584574763117));
#8868=CARTESIAN_POINT('Ctrl Pts',(-104.780610968303,6.49575566914097,290.795397000901));
#8869=CARTESIAN_POINT('Ctrl Pts',(-104.853356212872,6.67712004228335,291.04998215415));
#8870=CARTESIAN_POINT('Ctrl Pts',(-104.983182525181,6.65783521865597,290.367160884255));
#8871=CARTESIAN_POINT('Ctrl Pts',(-104.91612444393,6.83212692411573,290.536119137888));
#8872=CARTESIAN_POINT('Ctrl Pts',(-104.968200502986,6.99222260517586,290.723776831504));
#8873=CARTESIAN_POINT('Ctrl Pts',(-105.01984421175,6.84543187934728,290.250685905304));
#8874=CARTESIAN_POINT('Ctrl Pts',(-104.973436611988,7.00231402594047,290.394363915168));
#8875=CARTESIAN_POINT('Ctrl Pts',(-105.015964511752,7.14956118304613,290.549021244932));
#8876=CARTESIAN_POINT('Ctrl Pts',(-105.060710538449,7.09151659604756,290.052407748253));
#8877=CARTESIAN_POINT('Ctrl Pts',(-105.037968561033,7.22640628148114,290.149543744356));
#8878=CARTESIAN_POINT('Ctrl Pts',(-105.069685352768,7.35591164859354,290.251533268475));
#8879=CARTESIAN_POINT('Ctrl Pts',(-105.072031078783,7.16784245620992,289.981874598427));
#8880=CARTESIAN_POINT('Ctrl Pts',(-105.056024944611,7.29602209222495,290.062175713174));
#8881=CARTESIAN_POINT('Ctrl Pts',(-105.084672340416,7.41990559316648,290.145708387691));
#8882=CARTESIAN_POINT('Ctrl Pts',(-105.088768647421,7.28808115404882,289.823531675493));
#8883=CARTESIAN_POINT('Ctrl Pts',(-105.08281953231,7.40561969185221,289.865464778273));
#8884=CARTESIAN_POINT('Ctrl Pts',(-105.106926935505,7.52071020662197,289.908137752434));
#8885=CARTESIAN_POINT('Ctrl Pts',(-105.093785741213,7.32881986918256,289.732464180897));
#8886=CARTESIAN_POINT('Ctrl Pts',(-105.090981389515,7.44294931594637,289.751735104635));
#8887=CARTESIAN_POINT('Ctrl Pts',(-105.113658800839,7.55485977716326,289.771504774548));
#8888=CARTESIAN_POINT('Ctrl Pts',(-105.093197110728,7.32406549358291,289.639701206865));
#8889=CARTESIAN_POINT('Ctrl Pts',(-105.090025699618,7.43859905501423,289.636059575852));
#8890=CARTESIAN_POINT('Ctrl Pts',(-105.112869323092,7.55087435010679,289.632327674884));
#8891=CARTESIAN_POINT('Ctrl Pts',(-105.09324376519,7.32444171289375,289.654437906651));
#8892=CARTESIAN_POINT('Ctrl Pts',(-105.093243765406,7.32444170501586,289.667838704695));
#8893=CARTESIAN_POINT('Ctrl Pts',(-105.093128223809,7.32351358007491,289.681231403954));
#8894=CARTESIAN_POINT('Ctrl Pts',(-105.09290253917,7.32175060797457,289.694543179455));
#8895=CARTESIAN_POINT('Ctrl Pts',(-105.09261835074,7.31953062403762,289.711305740688));
#8896=CARTESIAN_POINT('Ctrl Pts',(-105.092159284155,7.31598658888886,289.727939789229));
#8897=CARTESIAN_POINT('Ctrl Pts',(-105.091545077596,7.31129263363683,289.744300277549));
#8898=CARTESIAN_POINT('Ctrl Pts',(-105.091427637627,7.31039512130312,289.74742850082));
#8899=CARTESIAN_POINT('Ctrl Pts',(-105.091304548728,7.30945571996718,289.75054671176));
#8900=CARTESIAN_POINT('Ctrl Pts',(-105.091175981365,7.30847584668605,289.753653885456));
#8901=CARTESIAN_POINT('Ctrl Pts',(-105.090775496482,7.3054235601136,289.763332672228));
#8902=CARTESIAN_POINT('Ctrl Pts',(-105.090321821988,7.30197657057218,289.772904500747));
#8903=CARTESIAN_POINT('Ctrl Pts',(-105.089820929591,7.29817272538259,289.782338847918));
#8904=CARTESIAN_POINT('Ctrl Pts',(-105.089695706492,7.29722176408519,289.78469743471));
#8905=CARTESIAN_POINT('Ctrl Pts',(-105.089567537392,7.29624849944482,289.787047429824));
#8906=CARTESIAN_POINT('Ctrl Pts',(-105.089436525755,7.2952535230977,289.78938835827));
#8907=CARTESIAN_POINT('Ctrl Pts',(-105.089338267027,7.29450729083736,289.791144054605));
#8908=CARTESIAN_POINT('Ctrl Pts',(-105.089238409455,7.29374884574419,289.792894650957));
#8909=CARTESIAN_POINT('Ctrl Pts',(-105.089136998165,7.2929784374561,289.794639947266));
#8910=CARTESIAN_POINT('Ctrl Pts',(-105.088984881231,7.29182282502397,289.79725789173));
#8911=CARTESIAN_POINT('Ctrl Pts',(-105.088829268138,7.29064029539434,289.799863911025));
#8912=CARTESIAN_POINT('Ctrl Pts',(-105.088670316498,7.28943169125004,289.802457331206));
#8913=CARTESIAN_POINT('Ctrl Pts',(-105.088511364859,7.28822308710574,289.805050751388));
#8914=CARTESIAN_POINT('Ctrl Pts',(-105.088349074675,7.28698840844597,289.807631572449));
#8915=CARTESIAN_POINT('Ctrl Pts',(-105.088183609904,7.2857284981489,289.810199122048));
#8916=CARTESIAN_POINT('Ctrl Pts',(-105.087181431017,7.27809753544678,289.825750130135));
#8917=CARTESIAN_POINT('Ctrl Pts',(-105.086061722726,7.26966091861765,289.840794488839));
#8918=CARTESIAN_POINT('Ctrl Pts',(-105.084844711137,7.26061307236381,289.855364564978));
#8919=CARTESIAN_POINT('Ctrl Pts',(-105.083543155294,7.25093668368188,289.870946805867));
#8920=CARTESIAN_POINT('Ctrl Pts',(-105.082130295777,7.24056083107102,289.885986812539));
#8921=CARTESIAN_POINT('Ctrl Pts',(-105.080623595334,7.22966519538561,289.900525724485));
#8922=CARTESIAN_POINT('Ctrl Pts',(-105.080472565613,7.22857303082471,289.90198308639));
#8923=CARTESIAN_POINT('Ctrl Pts',(-105.08032058745,7.22747560132778,289.903435412811));
#8924=CARTESIAN_POINT('Ctrl Pts',(-105.080167674826,7.22637306070384,289.904882744514));
#8925=CARTESIAN_POINT('Ctrl Pts',(-105.078806595254,7.21655931553223,289.917765484796));
#8926=CARTESIAN_POINT('Ctrl Pts',(-105.077372586923,7.20637037196422,289.930316091701));
#8927=CARTESIAN_POINT('Ctrl Pts',(-105.075869719044,7.19586065108841,289.942597555285));
#8928=CARTESIAN_POINT('Ctrl Pts',(-105.075253331958,7.1915501881985,289.947634681735));
#8929=CARTESIAN_POINT('Ctrl Pts',(-105.074625131163,7.18718590661794,289.95262768397));
#8930=CARTESIAN_POINT('Ctrl Pts',(-105.073985809007,7.18276954805663,289.957577237418));
#8931=CARTESIAN_POINT('Ctrl Pts',(-105.071519823945,7.16573482754789,289.976668590273));
#8932=CARTESIAN_POINT('Ctrl Pts',(-105.068885557347,7.1479557173218,289.995131249802));
#8933=CARTESIAN_POINT('Ctrl Pts',(-105.066104921644,7.12961900191176,290.013065294975));
#8934=CARTESIAN_POINT('Ctrl Pts',(-105.063478827478,7.11230140028468,290.030002605879));
#8935=CARTESIAN_POINT('Ctrl Pts',(-105.060722056338,7.09448538444687,290.046468000657));
#8936=CARTESIAN_POINT('Ctrl Pts',(-105.057851330303,7.07629011671394,290.062527127289));
#8937=CARTESIAN_POINT('Ctrl Pts',(-105.056373732851,7.06692479208216,290.070792954229));
#8938=CARTESIAN_POINT('Ctrl Pts',(-105.05486595435,7.05745900013966,290.078950721657));
#8939=CARTESIAN_POINT('Ctrl Pts',(-105.053329663471,7.0479103693292,290.087009728024));
#8940=CARTESIAN_POINT('Ctrl Pts',(-105.051293980838,7.03525782926057,290.097688421441));
#8941=CARTESIAN_POINT('Ctrl Pts',(-105.049208124747,7.02244799085506,290.108195685192));
#8942=CARTESIAN_POINT('Ctrl Pts',(-105.047075116766,7.00955063060627,290.118549433661));
#8943=CARTESIAN_POINT('Ctrl Pts',(-105.044378903354,6.99324781505387,290.131637015018));
#8944=CARTESIAN_POINT('Ctrl Pts',(-105.04160539352,6.97679764674668,290.144499284638));
#8945=CARTESIAN_POINT('Ctrl Pts',(-105.038751987246,6.96027026347747,290.157170238976));
#8946=CARTESIAN_POINT('Ctrl Pts',(-105.035117660858,6.9392196666183,290.173308979589));
#8947=CARTESIAN_POINT('Ctrl Pts',(-105.031357441186,6.91794533895563,290.189132454863));
#8948=CARTESIAN_POINT('Ctrl Pts',(-105.027475877312,6.89648606264921,290.204673388561));
#8949=CARTESIAN_POINT('Ctrl Pts',(-105.019733300081,6.85368112383345,290.235672976181));
#8950=CARTESIAN_POINT('Ctrl Pts',(-105.011508280827,6.81014400986179,290.265552339618));
#8951=CARTESIAN_POINT('Ctrl Pts',(-105.002822107693,6.76614031572976,290.294555443683));
#8952=CARTESIAN_POINT('Ctrl Pts',(-104.996267131542,6.73293315290171,290.316442487901));
#8953=CARTESIAN_POINT('Ctrl Pts',(-104.989449168109,6.6994588777989,290.337829848267));
#8954=CARTESIAN_POINT('Ctrl Pts',(-104.982371344213,6.66581572802239,290.358813360143));
#8955=CARTESIAN_POINT('Ctrl Pts',(-104.974142925977,6.626703437121,290.383208020752));
#8956=CARTESIAN_POINT('Ctrl Pts',(-104.965572950661,6.58733849094712,290.407032639358));
#8957=CARTESIAN_POINT('Ctrl Pts',(-104.956668422639,6.54785680718664,290.430413059252));
#8958=CARTESIAN_POINT('Ctrl Pts',(-104.950827446041,6.52195856863561,290.445749580751));
#8959=CARTESIAN_POINT('Ctrl Pts',(-104.944842711849,6.49598466001405,290.460895472461));
#8960=CARTESIAN_POINT('Ctrl Pts',(-104.938712581359,6.47004131198848,290.475885670223));
#8961=CARTESIAN_POINT('Ctrl Pts',(-104.935497370739,6.45643420717475,290.483747924235));
#8962=CARTESIAN_POINT('Ctrl Pts',(-104.932240585168,6.44281930937214,290.49156757305));
#8963=CARTESIAN_POINT('Ctrl Pts',(-104.928940714613,6.42920482100763,290.499348162509));
#8964=CARTESIAN_POINT('Ctrl Pts',(-104.901943472445,6.31782056116533,290.563003525448));
#8965=CARTESIAN_POINT('Ctrl Pts',(-104.87218310917,6.20568570821065,290.623832709974));
#8966=CARTESIAN_POINT('Ctrl Pts',(-104.83954599969,6.09333295521393,290.682480220778));
#8967=CARTESIAN_POINT('Ctrl Pts',(-104.820832411965,6.02891171409105,290.716107749556));
#8968=CARTESIAN_POINT('Ctrl Pts',(-104.80117250066,5.96441827523742,290.749017200033));
#8969=CARTESIAN_POINT('Ctrl Pts',(-104.780540259809,5.89995021673388,290.78132482929));
#8970=CARTESIAN_POINT('Ctrl Pts',(-104.742791298096,5.78199878868776,290.840435202645));
#8971=CARTESIAN_POINT('Ctrl Pts',(-104.701794354185,5.66405497332248,290.897468114721));
#8972=CARTESIAN_POINT('Ctrl Pts',(-104.657191610854,5.54617359766089,290.952544886303));
#8973=CARTESIAN_POINT('Ctrl Pts',(-104.630586250135,5.47585782138203,290.985397963618));
#8974=CARTESIAN_POINT('Ctrl Pts',(-104.602697144334,5.40556423759068,291.017554543723));
#8975=CARTESIAN_POINT('Ctrl Pts',(-104.573440490552,5.33530506926809,291.049036156186));
#8976=CARTESIAN_POINT('Ctrl Pts',(-104.572281795324,5.33252248983744,291.050282969796));
#8977=CARTESIAN_POINT('Ctrl Pts',(-104.571120893068,5.32973981741149,291.051528790126));
#8978=CARTESIAN_POINT('Ctrl Pts',(-104.569957777686,5.32695705279583,291.052773618079));
#8979=CARTESIAN_POINT('Ctrl Pts',(-104.529469045267,5.23008737534687,291.096106813284));
#8980=CARTESIAN_POINT('Ctrl Pts',(-104.486418918947,5.13346512303419,291.138048688103));
#8981=CARTESIAN_POINT('Ctrl Pts',(-104.440806545857,5.03755652130404,291.17831493049));
#8982=CARTESIAN_POINT('Ctrl Pts',(-104.397405903491,4.9462984998187,291.216628674477));
#8983=CARTESIAN_POINT('Ctrl Pts',(-104.351685263412,4.85568616479052,291.253425509955));
#8984=CARTESIAN_POINT('Ctrl Pts',(-104.303631008236,4.76615377702749,291.288434100295));
#8985=CARTESIAN_POINT('Ctrl Pts',(-104.254644236148,4.67488396839674,291.32412204988));
#8986=CARTESIAN_POINT('Ctrl Pts',(-104.203132107117,4.58446265551052,291.35808038302));
#8987=CARTESIAN_POINT('Ctrl Pts',(-104.148765353177,4.49491361329711,291.390044172223));
#8988=CARTESIAN_POINT('Ctrl Pts',(-104.103090607449,4.4196814275056,291.416897678061));
#8989=CARTESIAN_POINT('Ctrl Pts',(-104.055400620752,4.34506511653588,291.442343023394));
#8990=CARTESIAN_POINT('Ctrl Pts',(-104.005480847487,4.27108782392473,291.466204102545));
#8991=CARTESIAN_POINT('Ctrl Pts',(-103.997695135689,4.25954999347752,291.4699255835));
#8992=CARTESIAN_POINT('Ctrl Pts',(-103.989855723284,4.24802861044538,291.473608215671));
#8993=CARTESIAN_POINT('Ctrl Pts',(-103.981961497608,4.23652337701972,291.477251431101));
#8994=CARTESIAN_POINT('Ctrl Pts',(-103.938467147757,4.17313367063693,291.497324240391));
#8995=CARTESIAN_POINT('Ctrl Pts',(-103.893257015116,4.11023959491522,291.516171279217));
#8996=CARTESIAN_POINT('Ctrl Pts',(-103.846427813651,4.04815061989775,291.533551672742));
#8997=CARTESIAN_POINT('Ctrl Pts',(-103.802864563695,3.99039184004476,291.549719926818));
#8998=CARTESIAN_POINT('Ctrl Pts',(-103.75789984799,3.93332952857222,291.564619033215));
#8999=CARTESIAN_POINT('Ctrl Pts',(-103.711611037189,3.87724677748133,291.57802626408));
#9000=CARTESIAN_POINT('Ctrl Pts',(-103.682917385457,3.8424820276397,291.586337179969));
#9001=CARTESIAN_POINT('Ctrl Pts',(-103.653714952913,3.80809435973109,291.594074265556));
#9002=CARTESIAN_POINT('Ctrl Pts',(-103.624022922406,3.77415915896943,291.601178090507));
#9003=CARTESIAN_POINT('Ctrl Pts',(-103.616484593349,3.76554355722065,291.602981637423));
#9004=CARTESIAN_POINT('Ctrl Pts',(-103.608911543063,3.75695334613471,291.604745095749));
#9005=CARTESIAN_POINT('Ctrl Pts',(-103.601304660841,3.74839063334163,291.606467194053));
#9006=CARTESIAN_POINT('Ctrl Pts',(-103.541216039822,3.68075167313436,291.620070469262));
#9007=CARTESIAN_POINT('Ctrl Pts',(-103.478799243414,3.61447989673311,291.631233645885));
#9008=CARTESIAN_POINT('Ctrl Pts',(-103.414032823175,3.55000779548787,291.639353718051));
#9009=CARTESIAN_POINT('Ctrl Pts',(-103.354687740713,3.49093239575422,291.64679409148));
#9010=CARTESIAN_POINT('Ctrl Pts',(-103.293369831756,3.43336782168545,291.651678546542));
#9011=CARTESIAN_POINT('Ctrl Pts',(-103.230083745864,3.37761301237447,291.653562643935));
#9012=CARTESIAN_POINT('Ctrl Pts',(-103.210621783702,3.36046709516576,291.654142048265));
#9013=CARTESIAN_POINT('Ctrl Pts',(-103.19097385636,3.34349207994428,291.654437906651));
#9014=CARTESIAN_POINT('Ctrl Pts',(-103.171140569437,3.32669597728243,291.654437906651));
#9015=CARTESIAN_POINT('Origin',(-106.09286740357,7.35187493346684,289.654437906651));
#9016=CARTESIAN_POINT('Origin',(-106.092867403561,7.35187493342126,289.654437906651));
#9017=CARTESIAN_POINT('Origin',(-106.092867403561,7.35187493342125,283.993444479677));
#9018=CARTESIAN_POINT('Ctrl Pts',(-11.4964225494847,7.26374988628347,314.746599376424));
#9019=CARTESIAN_POINT('Ctrl Pts',(-9.00120430902137,7.15470190685601,314.744202782245));
#9020=CARTESIAN_POINT('Ctrl Pts',(-8.99782486931447,7.23197702905262,312.247799688212));
#9021=CARTESIAN_POINT('Ctrl Pts',(-11.5054689960237,6.94319677761411,314.736659770427));
#9022=CARTESIAN_POINT('Ctrl Pts',(-9.02713604914323,6.67525441127023,314.724369432193));
#9023=CARTESIAN_POINT('Ctrl Pts',(-9.01184071708451,6.91148711266005,312.242829885209));
#9024=CARTESIAN_POINT('Ctrl Pts',(-11.529977895228,6.62381334113971,314.695768013796));
#9025=CARTESIAN_POINT('Ctrl Pts',(-9.1142671175605,6.21047177577577,314.643155234027));
#9026=CARTESIAN_POINT('Ctrl Pts',(-9.05679384171473,6.5923636505946,312.222384006898));
#9027=CARTESIAN_POINT('Ctrl Pts',(-11.6090181478637,5.99913431652971,314.553586185251));
#9028=CARTESIAN_POINT('Ctrl Pts',(-9.38683530169849,5.36038887121264,314.381418099634));
#9029=CARTESIAN_POINT('Ctrl Pts',(-9.2069192614917,5.96858856457592,312.151293092625));
#9030=CARTESIAN_POINT('Ctrl Pts',(-11.6635476152361,5.69385603057501,314.452299445157));
#9031=CARTESIAN_POINT('Ctrl Pts',(-9.56649483665333,4.98209946138232,314.206583132299));
#9032=CARTESIAN_POINT('Ctrl Pts',(-9.31208800479809,5.66395422162282,312.100649722577));
#9033=CARTESIAN_POINT('Ctrl Pts',(-11.8006162287988,5.10866913576783,314.1930659726));
#9034=CARTESIAN_POINT('Ctrl Pts',(-9.97632002787633,4.33063969610271,313.805074544536));
#9035=CARTESIAN_POINT('Ctrl Pts',(-9.57876287615713,5.0804154357315,311.971032986301));
#9036=CARTESIAN_POINT('Ctrl Pts',(-11.8831522543155,4.82877384921113,314.035125142174));
#9037=CARTESIAN_POINT('Ctrl Pts',(-10.2019911947466,4.05661476365558,313.582905916294));
#9038=CARTESIAN_POINT('Ctrl Pts',(-9.74026293275953,4.8015242775746,311.892062571087));
#9039=CARTESIAN_POINT('Ctrl Pts',(-12.073186909695,4.3046916396042,313.668414227313));
#9040=CARTESIAN_POINT('Ctrl Pts',(-10.6699436768644,3.59767105729515,313.120826847354));
#9041=CARTESIAN_POINT('Ctrl Pts',(-10.1136382227411,4.27977347804499,311.708707113656));
#9042=CARTESIAN_POINT('Ctrl Pts',(-12.180681211532,4.0605166519313,313.459652494703));
#9043=CARTESIAN_POINT('Ctrl Pts',(-10.9108481016678,3.4093580032355,312.882336344899));
#9044=CARTESIAN_POINT('Ctrl Pts',(-10.3255049525213,4.03692571895242,311.604326247351));
#9045=CARTESIAN_POINT('Ctrl Pts',(-12.4166634084495,3.61689491996378,312.999007775927));
#9046=CARTESIAN_POINT('Ctrl Pts',(-11.3945400893977,3.09783720050807,312.402644524016));
#9047=CARTESIAN_POINT('Ctrl Pts',(-10.7917908891015,3.5962325928566,311.374003887963));
#9048=CARTESIAN_POINT('Ctrl Pts',(-12.5451459273954,3.4174582818685,312.747135284155));
#9049=CARTESIAN_POINT('Ctrl Pts',(-11.6381132404733,2.97148152041036,312.160697707664));
#9050=CARTESIAN_POINT('Ctrl Pts',(-11.0461994729903,3.39839726533567,311.248067642077));
#9051=CARTESIAN_POINT('Ctrl Pts',(-12.8183601968263,3.07068119418594,312.209569632891));
#9052=CARTESIAN_POINT('Ctrl Pts',(-12.1228993276332,2.76643081265452,311.678558082167));
#9053=CARTESIAN_POINT('Ctrl Pts',(-11.5881748391034,3.05503781788317,310.979284816446));
#9054=CARTESIAN_POINT('Ctrl Pts',(-12.9630857214381,2.92334864654049,311.923888723171));
#9055=CARTESIAN_POINT('Ctrl Pts',(-12.3660381567243,2.68545784837374,311.436468500209));
#9056=CARTESIAN_POINT('Ctrl Pts',(-11.8757292710641,2.90952152201883,310.836444361585));
#9057=CARTESIAN_POINT('Ctrl Pts',(-13.4136194069802,2.56766112418895,311.0319395062));
#9058=CARTESIAN_POINT('Ctrl Pts',(-13.0823388194586,2.50137582771237,310.722566393196));
#9059=CARTESIAN_POINT('Ctrl Pts',(-12.7722015115954,2.55950467732116,310.3904697531));
#9060=CARTESIAN_POINT('Ctrl Pts',(-13.7358059611998,2.44675564536494,310.390693176435));
#9061=CARTESIAN_POINT('Ctrl Pts',(-13.5755026348891,2.44471718405486,310.230162874793));
#9062=CARTESIAN_POINT('Ctrl Pts',(-13.4149853108638,2.44267600149081,310.069846588212));
#9063=CARTESIAN_POINT('Ctrl Pts',(-14.0566266115204,2.45083528923889,309.748999999999));
#9064=CARTESIAN_POINT('Ctrl Pts',(-14.0566266115204,2.45083528923889,309.748999999999));
#9065=CARTESIAN_POINT('Ctrl Pts',(-14.0566266115204,2.45083528923889,309.748999999999));
#9066=CARTESIAN_POINT('Origin',(-11.4954376209248,7.34120405406828,312.247799688212));
#9067=CARTESIAN_POINT('Ctrl Pts',(-11.4920327736322,7.41862744949909,314.749));
#9068=CARTESIAN_POINT('Ctrl Pts',(-8.99447360982049,7.30818188254218,314.749));
#9069=CARTESIAN_POINT('Ctrl Pts',(-8.99447360982055,7.30818188254217,312.249));
#9070=CARTESIAN_POINT('Ctrl Pts',(-11.4935062008467,7.3668659248634,314.749));
#9071=CARTESIAN_POINT('Ctrl Pts',(-8.99674260623314,7.25687196556842,314.748185387538));
#9072=CARTESIAN_POINT('Ctrl Pts',(-8.99559985495829,7.28271355509401,312.2489999993));
#9073=CARTESIAN_POINT('Ctrl Pts',(-11.4949694082552,7.31524070535743,314.748195986908));
#9074=CARTESIAN_POINT('Ctrl Pts',(-8.99898603267306,7.20571277537901,314.7465824835));
#9075=CARTESIAN_POINT('Ctrl Pts',(-8.99671689502056,7.25731224920134,312.248597994022));
#9076=CARTESIAN_POINT('Ctrl Pts',(-11.4964225494847,7.26374988628345,314.746599376424));
#9077=CARTESIAN_POINT('Ctrl Pts',(-9.00120430902139,7.15470190685599,314.744202782245));
#9078=CARTESIAN_POINT('Ctrl Pts',(-8.99782486931448,7.23197702905261,312.247799688212));
#9079=CARTESIAN_POINT('Ctrl Pts',(-106.119744417371,4.60861101373007,279.134298605472));
#9080=CARTESIAN_POINT('Ctrl Pts',(-105.155736918043,4.56212057869867,279.134125582812));
#9081=CARTESIAN_POINT('Ctrl Pts',(-105.167995722607,3.59708235591839,279.129263606586));
#9082=CARTESIAN_POINT('Ctrl Pts',(-106.119751275415,4.60640487872975,279.584387617237));
#9083=CARTESIAN_POINT('Ctrl Pts',(-105.155774957901,4.55987293845262,279.588076392547));
#9084=CARTESIAN_POINT('Ctrl Pts',(-105.16802898974,3.59433674774698,279.691878751032));
#9085=CARTESIAN_POINT('Ctrl Pts',(-106.11953053397,4.67812766681779,280.022151360802));
#9086=CARTESIAN_POINT('Ctrl Pts',(-105.154538941534,4.63298728451673,280.029985245653));
#9087=CARTESIAN_POINT('Ctrl Pts',(-105.166949660886,3.6835982370355,280.239087187973));
#9088=CARTESIAN_POINT('Ctrl Pts',(-106.118053255298,4.9665994502277,280.866013741135));
#9089=CARTESIAN_POINT('Ctrl Pts',(-105.149217539742,4.92569462710525,280.879338081422));
#9090=CARTESIAN_POINT('Ctrl Pts',(-105.162021086921,4.04261850269989,281.29392246869));
#9091=CARTESIAN_POINT('Ctrl Pts',(-106.116835058721,5.1744111005139,281.251656678193));
#9092=CARTESIAN_POINT('Ctrl Pts',(-105.145282659645,5.13662724551334,281.266753752497));
#9093=CARTESIAN_POINT('Ctrl Pts',(-105.158317134803,4.30125428273236,281.775979489469));
#9094=CARTESIAN_POINT('Ctrl Pts',(-106.113203784469,5.58016136736655,281.776018401846));
#9095=CARTESIAN_POINT('Ctrl Pts',(-105.136863803437,5.54607042914854,281.791111835114));
#9096=CARTESIAN_POINT('Ctrl Pts',(-105.14983664722,4.80625331093752,282.431436253889));
#9097=CARTESIAN_POINT('Ctrl Pts',(-106.111699885496,5.72921879337792,281.938648719843));
#9098=CARTESIAN_POINT('Ctrl Pts',(-105.133665652396,5.69642657333031,281.953528897483));
#9099=CARTESIAN_POINT('Ctrl Pts',(-105.146551898978,4.9917730464325,282.634725582721));
#9100=CARTESIAN_POINT('Ctrl Pts',(-106.107953991131,6.04969138921911,282.235709182551));
#9101=CARTESIAN_POINT('Ctrl Pts',(-105.126486139764,6.01907361122765,282.249630103599));
#9102=CARTESIAN_POINT('Ctrl Pts',(-105.138978908028,5.39064556313556,283.006053784456));
#9103=CARTESIAN_POINT('Ctrl Pts',(-106.105707332898,6.22174172198638,282.370968330781));
#9104=CARTESIAN_POINT('Ctrl Pts',(-105.122490582649,6.19205719214163,282.384110516007));
#9105=CARTESIAN_POINT('Ctrl Pts',(-105.134678407852,5.60478885631376,283.175128921314));
#9106=CARTESIAN_POINT('Ctrl Pts',(-106.100227684838,6.59019816599987,282.614120894019));
#9107=CARTESIAN_POINT('Ctrl Pts',(-105.113541005531,6.56182916209859,282.625342506307));
#9108=CARTESIAN_POINT('Ctrl Pts',(-105.124802571362,6.06339801446233,283.479071791175));
#9109=CARTESIAN_POINT('Ctrl Pts',(-106.097023086256,6.78428030255514,282.720177179968));
#9110=CARTESIAN_POINT('Ctrl Pts',(-105.108638731248,6.75630137508185,282.730214115386));
#9111=CARTESIAN_POINT('Ctrl Pts',(-105.119283375,6.30497135368793,283.611643101378));
#9112=CARTESIAN_POINT('Ctrl Pts',(-106.089550815175,7.18961684764238,282.900485956728));
#9113=CARTESIAN_POINT('Ctrl Pts',(-105.097943816926,7.16184541781588,282.908069655299));
#9114=CARTESIAN_POINT('Ctrl Pts',(-105.106979728641,6.80950164999685,283.837030697581));
#9115=CARTESIAN_POINT('Ctrl Pts',(-106.085236053716,7.40248442522613,282.974533908758));
#9116=CARTESIAN_POINT('Ctrl Pts',(-105.092098373668,7.37449480443777,282.980765700525));
#9117=CARTESIAN_POINT('Ctrl Pts',(-105.100129022871,7.07446664467771,283.9295912803));
#9118=CARTESIAN_POINT('Ctrl Pts',(-106.080308927253,7.62270478343092,283.030638737139));
#9119=CARTESIAN_POINT('Ctrl Pts',(-105.085784877901,7.59406344940012,283.035555230813));
#9120=CARTESIAN_POINT('Ctrl Pts',(-105.092579903629,7.34858974614489,283.999722866553));
#9121=CARTESIAN_POINT('Origin',(-106.092867403564,7.35187493342369,283.993444479678));
#9122=CARTESIAN_POINT('Origin',(-106.16791579859,3.60972254459941,279.154437906651));
#9123=CARTESIAN_POINT('Ctrl Pts',(-105.167995722607,3.59708235590411,279.179612202591));
#9124=CARTESIAN_POINT('Ctrl Pts',(-105.155736918047,4.56212057868125,279.174750227161));
#9125=CARTESIAN_POINT('Ctrl Pts',(-106.119744417368,4.6086110137138,279.174577204532));
#9126=CARTESIAN_POINT('Ctrl Pts',(-105.168028989736,3.59433674818423,278.616997059605));
#9127=CARTESIAN_POINT('Ctrl Pts',(-105.155774957929,4.55987293883593,278.720799418604));
#9128=CARTESIAN_POINT('Ctrl Pts',(-106.119751275466,4.6064048790823,278.724488193934));
#9129=CARTESIAN_POINT('Ctrl Pts',(-105.166949660883,3.68359823748419,278.069788624009));
#9130=CARTESIAN_POINT('Ctrl Pts',(-105.154538941521,4.63298728487567,278.278890566584));
#9131=CARTESIAN_POINT('Ctrl Pts',(-106.119530533965,4.67812766717711,278.286724451445));
#9132=CARTESIAN_POINT('Ctrl Pts',(-105.162021086927,4.04261850270877,277.014953344616));
#9133=CARTESIAN_POINT('Ctrl Pts',(-105.149217539767,4.92569462711259,277.429537731884));
#9134=CARTESIAN_POINT('Ctrl Pts',(-106.118053255311,4.96659945022771,277.442862072171));
#9135=CARTESIAN_POINT('Ctrl Pts',(-105.15831713481,4.30125428274405,276.532896323807));
#9136=CARTESIAN_POINT('Ctrl Pts',(-105.145282659649,5.13662724553185,277.042122060813));
#9137=CARTESIAN_POINT('Ctrl Pts',(-106.116835058737,5.17441110052195,277.057219135096));
#9138=CARTESIAN_POINT('Ctrl Pts',(-105.149836647229,4.80625331095177,275.877439559407));
#9139=CARTESIAN_POINT('Ctrl Pts',(-105.136863803453,5.54607042915121,276.517763978168));
#9140=CARTESIAN_POINT('Ctrl Pts',(-106.113203784474,5.58016136737466,276.532857411446));
#9141=CARTESIAN_POINT('Ctrl Pts',(-105.146551898987,4.99177304645048,275.674150230577));
#9142=CARTESIAN_POINT('Ctrl Pts',(-105.1336656524,5.69642657334514,276.355346915815));
#9143=CARTESIAN_POINT('Ctrl Pts',(-106.111699885499,5.72921879338275,276.370227093453));
#9144=CARTESIAN_POINT('Ctrl Pts',(-105.138978908037,5.39064556315069,275.302822028826));
#9145=CARTESIAN_POINT('Ctrl Pts',(-105.126486139783,6.01907361123715,276.059245709683));
#9146=CARTESIAN_POINT('Ctrl Pts',(-106.107953991147,6.04969138923798,276.073166630734));
#9147=CARTESIAN_POINT('Ctrl Pts',(-105.134678407861,5.60478885633333,275.133746891977));
#9148=CARTESIAN_POINT('Ctrl Pts',(-105.122490582664,6.19205719215826,275.924765297285));
#9149=CARTESIAN_POINT('Ctrl Pts',(-106.105707332913,6.221741722001,275.93790748251));
#9150=CARTESIAN_POINT('Ctrl Pts',(-105.124802571371,6.06339801448342,274.829804022115));
#9151=CARTESIAN_POINT('Ctrl Pts',(-105.113541005538,6.56182916211205,275.683533306984));
#9152=CARTESIAN_POINT('Ctrl Pts',(-106.100227684841,6.59019816601773,275.694754919272));
#9153=CARTESIAN_POINT('Ctrl Pts',(-105.119283375008,6.30497135371249,274.697232711909));
#9154=CARTESIAN_POINT('Ctrl Pts',(-105.108638731268,6.7563013750978,275.578661697893));
#9155=CARTESIAN_POINT('Ctrl Pts',(-106.097023086265,6.78428030257911,275.588698633321));
#9156=CARTESIAN_POINT('Ctrl Pts',(-105.106979728678,6.80950164878842,274.471845116271));
#9157=CARTESIAN_POINT('Ctrl Pts',(-105.097943816952,7.16184541684599,275.400806158444));
#9158=CARTESIAN_POINT('Ctrl Pts',(-106.089550815199,7.18961684666944,275.408389857007));
#9159=CARTESIAN_POINT('Ctrl Pts',(-105.100129022942,7.07446664214623,274.379284533843));
#9160=CARTESIAN_POINT('Ctrl Pts',(-105.092098373828,7.37449480239209,275.328110113382));
#9161=CARTESIAN_POINT('Ctrl Pts',(-106.085236053805,7.40248442320666,275.334341905248));
#9162=CARTESIAN_POINT('Ctrl Pts',(-105.092579903742,7.34858974221753,274.309152947762));
#9163=CARTESIAN_POINT('Ctrl Pts',(-105.085784877991,7.59406344625193,275.273320583282));
#9164=CARTESIAN_POINT('Ctrl Pts',(-106.080308927324,7.62270478027685,275.278237076966));
#9165=CARTESIAN_POINT('Ctrl Pts',(-104.827565878183,13.8908036435926,289.654437906651));
#9166=CARTESIAN_POINT('Ctrl Pts',(-104.850962147585,13.4516800356294,289.654437906651));
#9167=CARTESIAN_POINT('Ctrl Pts',(-104.873575354306,13.0076910533352,289.654437906651));
#9168=CARTESIAN_POINT('Ctrl Pts',(-105.086574233872,8.59112078938364,289.654437906651));
#9169=CARTESIAN_POINT('Ctrl Pts',(-105.184240458856,4.61894317851411,289.654437906651));
#9170=CARTESIAN_POINT('Ctrl Pts',(-105.188125520216,0.646879278598415,289.654437906651));
#9171=CARTESIAN_POINT('Ctrl Pts',(-104.827565878183,13.8908036435926,290.826010781905));
#9172=CARTESIAN_POINT('Ctrl Pts',(-104.850962147585,13.4516800356294,290.826010781905));
#9173=CARTESIAN_POINT('Ctrl Pts',(-104.873575354306,13.0076910533352,290.826010781905));
#9174=CARTESIAN_POINT('Ctrl Pts',(-105.086574233872,8.59112078938364,290.826010781905));
#9175=CARTESIAN_POINT('Ctrl Pts',(-105.184240458856,4.61894317851411,290.826010781905));
#9176=CARTESIAN_POINT('Ctrl Pts',(-105.188125520216,0.646879278598415,290.826010781905));
#9177=CARTESIAN_POINT('Ctrl Pts',(-104.000312084429,13.8467280070619,291.654437906651));
#9178=CARTESIAN_POINT('Ctrl Pts',(-104.02363874052,13.4089109685088,291.654437906651));
#9179=CARTESIAN_POINT('Ctrl Pts',(-104.046181023951,12.9663111108994,291.654437906651));
#9180=CARTESIAN_POINT('Ctrl Pts',(-104.258480677313,8.56423942890631,291.654437906651));
#9181=CARTESIAN_POINT('Ctrl Pts',(-104.355826484556,4.6050930769787,291.654437906651));
#9182=CARTESIAN_POINT('Ctrl Pts',(-104.359698791736,0.646068997354262,291.654437906651));
#9183=CARTESIAN_POINT('Ctrl Pts',(-102.830398549778,13.7843956441099,291.654437906651));
#9184=CARTESIAN_POINT('Ctrl Pts',(-102.853626757788,13.3484263737375,291.654437906651));
#9185=CARTESIAN_POINT('Ctrl Pts',(-102.876068740527,12.9077910350961,291.654437906651));
#9186=CARTESIAN_POINT('Ctrl Pts',(-103.087379538753,8.52622344434805,291.654437906651));
#9187=CARTESIAN_POINT('Ctrl Pts',(-103.184272206812,4.58550607554421,291.654437906651));
#9188=CARTESIAN_POINT('Ctrl Pts',(-103.188126476888,0.644923086629444,291.654437906651));
#9189=CARTESIAN_POINT('Ctrl Pts',(-103.185151258993,1.64492065491559,291.654437906651));
#9190=CARTESIAN_POINT('Ctrl Pts',(-103.279240412556,1.64520058731079,291.654437906651));
#9191=CARTESIAN_POINT('Ctrl Pts',(-103.37353135337,1.64548100799163,291.64764681678));
#9192=CARTESIAN_POINT('Ctrl Pts',(-103.466865054488,1.64575848091779,291.634310375283));
#9193=CARTESIAN_POINT('Ctrl Pts',(-103.562306181864,1.6460422190378,291.620672803898));
#9194=CARTESIAN_POINT('Ctrl Pts',(-103.65674496323,1.64632287065965,291.60019112824));
#9195=CARTESIAN_POINT('Ctrl Pts',(-103.748939450347,1.64659675479541,291.573182057678));
#9196=CARTESIAN_POINT('Ctrl Pts',(-103.818112747251,1.64680224938877,291.552917218473));
#9197=CARTESIAN_POINT('Ctrl Pts',(-103.886022434809,1.64700393369956,291.528978963725));
#9198=CARTESIAN_POINT('Ctrl Pts',(-103.952150343308,1.6472002722567,291.501519269136));
#9199=CARTESIAN_POINT('Ctrl Pts',(-103.952151077868,1.64720027443767,291.501518964109));
#9200=CARTESIAN_POINT('Ctrl Pts',(-103.952151812429,1.64720027661863,291.501518659082));
#9201=CARTESIAN_POINT('Ctrl Pts',(-103.952152546989,1.64720027879959,291.501518354053));
#9202=CARTESIAN_POINT('Ctrl Pts',(-104.192605157503,1.64791420003788,291.401669769459));
#9203=CARTESIAN_POINT('Ctrl Pts',(-104.41551450861,1.64857531620769,291.252629754377));
#9204=CARTESIAN_POINT('Ctrl Pts',(-104.599864077186,1.6491217162631,291.068148624427));
#9205=CARTESIAN_POINT('Ctrl Pts',(-104.599864819125,1.64912171846215,291.068147881958));
#9206=CARTESIAN_POINT('Ctrl Pts',(-104.599865561064,1.64912172066121,291.068147139489));
#9207=CARTESIAN_POINT('Ctrl Pts',(-104.599866303002,1.64912172286027,291.068146397018));
#9208=CARTESIAN_POINT('Ctrl Pts',(-104.692040657138,1.64939492161138,290.975905965309));
#9209=CARTESIAN_POINT('Ctrl Pts',(-104.776429441856,1.64964494185549,290.872995782207));
#9210=CARTESIAN_POINT('Ctrl Pts',(-104.848916960662,1.64985964728871,290.764334461067));
#9211=CARTESIAN_POINT('Ctrl Pts',(-104.84891749211,1.64985964886284,290.764333664408));
#9212=CARTESIAN_POINT('Ctrl Pts',(-104.848918023558,1.64985965043697,290.764332867748));
#9213=CARTESIAN_POINT('Ctrl Pts',(-104.848918555005,1.64985965201109,290.764332071087));
#9214=CARTESIAN_POINT('Ctrl Pts',(-104.92140603722,1.65007435733504,290.655670469915));
#9215=CARTESIAN_POINT('Ctrl Pts',(-104.982770259666,1.65025605508707,290.540844511691));
#9216=CARTESIAN_POINT('Ctrl Pts',(-105.0329089161,1.65040449111011,290.419797440446));
#9217=CARTESIAN_POINT('Ctrl Pts',(-105.032909196189,1.65040449193931,290.419796764241));
#9218=CARTESIAN_POINT('Ctrl Pts',(-105.032909476279,1.65040449276852,290.419796088036));
#9219=CARTESIAN_POINT('Ctrl Pts',(-105.032909756367,1.65040449359773,290.41979541183));
#9220=CARTESIAN_POINT('Ctrl Pts',(-105.052556015504,1.65046265655573,290.372364352165));
#9221=CARTESIAN_POINT('Ctrl Pts',(-105.070405583574,1.65051546029636,290.324030525716));
#9222=CARTESIAN_POINT('Ctrl Pts',(-105.086355864756,1.65056263092601,290.275093192119));
#9223=CARTESIAN_POINT('Ctrl Pts',(-105.10239743153,1.65061007151949,290.225875783617));
#9224=CARTESIAN_POINT('Ctrl Pts',(-105.11651774188,1.65065181384956,290.176048583442));
#9225=CARTESIAN_POINT('Ctrl Pts',(-105.128662612103,1.65068772792351,290.125931886926));
#9226=CARTESIAN_POINT('Ctrl Pts',(-105.135260271553,1.65070723812205,290.098706161966));
#9227=CARTESIAN_POINT('Ctrl Pts',(-105.141275829915,1.65072503092331,290.071395218757));
#9228=CARTESIAN_POINT('Ctrl Pts',(-105.146706983153,1.65074110438029,290.044051309994));
#9229=CARTESIAN_POINT('Ctrl Pts',(-105.156929915127,1.65077135907024,289.992582513784));
#9230=CARTESIAN_POINT('Ctrl Pts',(-105.165132889535,1.6507956738444,289.940771323267));
#9231=CARTESIAN_POINT('Ctrl Pts',(-105.171304645747,1.65081398463673,289.888611162578));
#9232=CARTESIAN_POINT('Ctrl Pts',(-105.177391753322,1.65083204428763,289.837166403862));
#9233=CARTESIAN_POINT('Ctrl Pts',(-105.181503017633,1.65084426363094,289.785381540523));
#9234=CARTESIAN_POINT('Ctrl Pts',(-105.183577401142,1.65085043255285,289.733248635455));
#9235=CARTESIAN_POINT('Ctrl Pts',(-105.184619204916,1.6508535307293,289.707066274767));
#9236=CARTESIAN_POINT('Ctrl Pts',(-105.185146451907,1.65085510045801,289.680796161357));
#9237=CARTESIAN_POINT('Ctrl Pts',(-105.185146451907,1.65085510045801,289.654437906651));
#9238=CARTESIAN_POINT('Origin',(-104.185158734645,1.64589875867985,268.65443790665));
#9239=CARTESIAN_POINT('',(-104.186136830629,0.64589923701584,289.654437906651));
#9240=CARTESIAN_POINT('Origin',(-104.185158734645,1.64589875867985,289.654437906651));
#9241=CARTESIAN_POINT('',(-104.186136830629,0.64589923701584,268.654437906651));
#9242=CARTESIAN_POINT('',(-104.186136830629,0.64589923701584,268.654437906651));
#9243=CARTESIAN_POINT('Origin',(-104.185158734645,1.64589875867985,268.65443790665));
#9244=CARTESIAN_POINT('Ctrl Pts',(-103.186129354978,0.644921133251584,267.654437906651));
#9245=CARTESIAN_POINT('Ctrl Pts',(-103.186129354978,0.644921133251584,266.654437906651));
#9246=CARTESIAN_POINT('Ctrl Pts',(-103.185151258993,1.64492065491559,266.654437906651));
#9247=CARTESIAN_POINT('Ctrl Pts',(-103.316925552143,0.645049064548012,267.654437928814));
#9248=CARTESIAN_POINT('Ctrl Pts',(-103.447784646381,0.645177057364194,266.653915403566));
#9249=CARTESIAN_POINT('Ctrl Pts',(-103.446741049047,1.64569893231414,266.654437906651));
#9250=CARTESIAN_POINT('Ctrl Pts',(-103.44776090058,0.645177034138162,267.680417201341));
#9251=CARTESIAN_POINT('Ctrl Pts',(-103.709661657248,0.6454331983382,266.705378521541));
#9252=CARTESIAN_POINT('Ctrl Pts',(-103.708409161208,1.64647658383793,266.706396481725));
#9253=CARTESIAN_POINT('Ctrl Pts',(-103.629333600982,0.645354629752267,267.755625053659));
#9254=CARTESIAN_POINT('Ctrl Pts',(-104.073315342636,0.645788886719147,266.855221078379));
#9255=CARTESIAN_POINT('Ctrl Pts',(-104.071550960296,1.64755478292389,266.856812205996));
#9256=CARTESIAN_POINT('Ctrl Pts',(-103.686747257996,0.645410785846515,267.786307184748));
#9257=CARTESIAN_POINT('Ctrl Pts',(-104.188358173475,0.64590140970332,266.916440578723));
#9258=CARTESIAN_POINT('Ctrl Pts',(-104.18637713936,1.64789553752377,266.918176465375));
#9259=CARTESIAN_POINT('Ctrl Pts',(-103.79541013686,0.645517068622834,267.858794797183));
#9260=CARTESIAN_POINT('Ctrl Pts',(-104.406163912536,0.646114444724158,267.061215427266));
#9261=CARTESIAN_POINT('Ctrl Pts',(-104.403700757344,1.64854019547164,267.063151680586));
#9262=CARTESIAN_POINT('Ctrl Pts',(-103.846866136666,0.645567397553684,267.900989422085));
#9263=CARTESIAN_POINT('Ctrl Pts',(-104.509336106785,0.64621535708158,267.145552512302));
#9264=CARTESIAN_POINT('Ctrl Pts',(-104.506611741719,1.64884532171997,267.14754093186));
#9265=CARTESIAN_POINT('Ctrl Pts',(-103.985229261583,0.6457027300353,268.039252060565));
#9266=CARTESIAN_POINT('Ctrl Pts',(-104.786866922687,0.64648680898701,267.422102632891));
#9267=CARTESIAN_POINT('Ctrl Pts',(-104.783335256618,1.64966551430566,267.424066216297));
#9268=CARTESIAN_POINT('Ctrl Pts',(-104.059750615963,0.645775619107628,268.150707385363));
#9269=CARTESIAN_POINT('Ctrl Pts',(-104.93640632001,0.646633072941394,267.645219116715));
#9270=CARTESIAN_POINT('Ctrl Pts',(-104.932376505828,1.65010686333363,267.646976860374));
#9271=CARTESIAN_POINT('Ctrl Pts',(-104.159601097147,0.645873282509039,268.391162258674));
#9272=CARTESIAN_POINT('Ctrl Pts',(-105.136842343477,0.646829118705444,268.12686290137));
#9273=CARTESIAN_POINT('Ctrl Pts',(-105.132075505192,1.65069807539408,268.127886608552));
#9274=CARTESIAN_POINT('Ctrl Pts',(-104.186136816088,0.645899237001597,268.522881637014));
#9275=CARTESIAN_POINT('Ctrl Pts',(-105.190122521502,0.646881231859526,268.390798001226));
#9276=CARTESIAN_POINT('Ctrl Pts',(-105.185146451889,1.65085510053127,268.391325366011));
#9277=CARTESIAN_POINT('Ctrl Pts',(-104.186136830611,0.645899237015802,268.654437906651));
#9278=CARTESIAN_POINT('Ctrl Pts',(-105.190122550652,0.646881231886776,268.654437906651));
#9279=CARTESIAN_POINT('Ctrl Pts',(-105.185146451889,1.65085510047178,268.654437906651));
#9280=CARTESIAN_POINT('',(-103.186129354978,0.644921133251587,267.654437906651));
#9281=CARTESIAN_POINT('Origin',(-103.185151258993,1.64492065491559,267.654437906651));
#9282=CARTESIAN_POINT('Ctrl Pts',(-103.186129354978,0.644921133251584,267.654437906651));
#9283=CARTESIAN_POINT('Ctrl Pts',(-103.225992289298,0.644960123046222,267.654437906651));
#9284=CARTESIAN_POINT('Ctrl Pts',(-103.265628386986,0.644998890972757,267.65684657447));
#9285=CARTESIAN_POINT('Ctrl Pts',(-103.30487062708,0.645037273668575,267.661555879553));
#9286=CARTESIAN_POINT('Ctrl Pts',(-103.344671434671,0.645076202697281,267.666332216099));
#9287=CARTESIAN_POINT('Ctrl Pts',(-103.384068085504,0.645114736421695,267.673475265626));
#9288=CARTESIAN_POINT('Ctrl Pts',(-103.422891177918,0.645152709150655,267.682925923165));
#9289=CARTESIAN_POINT('Ctrl Pts',(-103.46157888836,0.645190549462988,267.692343624837));
#9290=CARTESIAN_POINT('Ctrl Pts',(-103.499698026452,0.645227833656723,267.704053091859));
#9291=CARTESIAN_POINT('Ctrl Pts',(-103.537070810748,0.645264387844456,267.718045906821));
#9292=CARTESIAN_POINT('Ctrl Pts',(-103.547712434031,0.645274796378437,267.722030257152));
#9293=CARTESIAN_POINT('Ctrl Pts',(-103.558293429826,0.645285145612886,267.7262000383));
#9294=CARTESIAN_POINT('Ctrl Pts',(-103.568809368943,0.645295431215629,267.730555766105));
#9295=CARTESIAN_POINT('Ctrl Pts',(-103.629333601602,0.645354629752874,267.755625051896));
#9296=CARTESIAN_POINT('Ctrl Pts',(-103.686747258752,0.645410785847254,267.786307182985));
#9297=CARTESIAN_POINT('Ctrl Pts',(-103.741078698607,0.645463927235828,267.822550989199));
#9298=CARTESIAN_POINT('Ctrl Pts',(-103.795410138334,0.645517068624276,267.858794795327));
#9299=CARTESIAN_POINT('Ctrl Pts',(-103.84686613871,0.645567397555683,267.900989420141));
#9300=CARTESIAN_POINT('Ctrl Pts',(-103.892987179596,0.645612508382152,267.947076966953));
#9301=CARTESIAN_POINT('Ctrl Pts',(-103.922315641716,0.645641194446904,267.976384130123));
#9302=CARTESIAN_POINT('Ctrl Pts',(-103.94976910029,0.645668046577338,268.007550577994));
#9303=CARTESIAN_POINT('Ctrl Pts',(-103.975215066369,0.645692935186485,268.040299184044));
#9304=CARTESIAN_POINT('Ctrl Pts',(-104.000673567852,0.645717836056465,268.073063922986));
#9305=CARTESIAN_POINT('Ctrl Pts',(-104.024123319941,0.645740772175789,268.107413489031));
#9306=CARTESIAN_POINT('Ctrl Pts',(-104.04539320976,0.645761576179561,268.143104049306));
#9307=CARTESIAN_POINT('Ctrl Pts',(-104.064366731215,0.645780134113582,268.174941337457));
#9308=CARTESIAN_POINT('Ctrl Pts',(-104.08160551737,0.645796995309162,268.207846674512));
#9309=CARTESIAN_POINT('Ctrl Pts',(-104.096955118872,0.645812008699935,268.241658860059));
#9310=CARTESIAN_POINT('Ctrl Pts',(-104.101352274704,0.645816309542455,268.251344938804));
#9311=CARTESIAN_POINT('Ctrl Pts',(-104.105596199764,0.645820460510499,268.261110399088));
#9312=CARTESIAN_POINT('Ctrl Pts',(-104.109675856555,0.645824450808334,268.270934822018));
#9313=CARTESIAN_POINT('Ctrl Pts',(-104.112372572828,0.645827088456954,268.277428917612));
#9314=CARTESIAN_POINT('Ctrl Pts',(-104.115001074814,0.64582965938542,268.283956697277));
#9315=CARTESIAN_POINT('Ctrl Pts',(-104.117559232745,0.645832161510618,268.290511885523));
#9316=CARTESIAN_POINT('Ctrl Pts',(-104.133011211093,0.645847275035822,268.330107027626));
#9317=CARTESIAN_POINT('Ctrl Pts',(-104.145907467509,0.645859888818471,268.370714342448));
#9318=CARTESIAN_POINT('Ctrl Pts',(-104.156206247045,0.645869962018199,268.412014208686));
#9319=CARTESIAN_POINT('Ctrl Pts',(-104.166515077462,0.645880045048657,268.453354380671));
#9320=CARTESIAN_POINT('Ctrl Pts',(-104.174221685004,0.645887582854155,268.495389712442));
#9321=CARTESIAN_POINT('Ctrl Pts',(-104.179236963809,0.645892488280561,268.537819504519));
#9322=CARTESIAN_POINT('Ctrl Pts',(-104.183801951383,0.645896953278712,268.576439784895));
#9323=CARTESIAN_POINT('Ctrl Pts',(-104.186136830608,0.6458992370158,268.615387795298));
#9324=CARTESIAN_POINT('Ctrl Pts',(-104.186136830611,0.645899237015802,268.654437906651));
#9325=CARTESIAN_POINT('Origin',(-41.346079563858,1.58443607827426,267.654437906651));
#9326=CARTESIAN_POINT('',(-41.3444049817976,0.584433962035269,267.654437906651));
#9327=CARTESIAN_POINT('Origin',(-41.3434268858131,1.58443348369928,267.654437906651));
#9328=CARTESIAN_POINT('',(-41.3470576598425,0.584436556610253,267.654437906651));
#9329=CARTESIAN_POINT('Ctrl Pts',(-40.3443912979416,0.583455852198792,268.654437906651));
#9330=CARTESIAN_POINT('Ctrl Pts',(-39.3497109900513,0.582482958918424,268.654437906651));
#9331=CARTESIAN_POINT('Ctrl Pts',(-39.3434331193097,1.57714393119237,268.654437906651));
#9332=CARTESIAN_POINT('Ctrl Pts',(-40.3443913201011,0.583455852220466,268.523641361802));
#9333=CARTESIAN_POINT('Ctrl Pts',(-39.3497110341377,0.582482958961122,268.39354074094));
#9334=CARTESIAN_POINT('Ctrl Pts',(-39.3434331193105,1.57714393107489,268.39284481919));
#9335=CARTESIAN_POINT('Ctrl Pts',(-40.3703716433966,0.583481263482509,268.392805302365));
#9336=CARTESIAN_POINT('Ctrl Pts',(-39.401398869096,0.582533514649083,268.13252452508));
#9337=CARTESIAN_POINT('Ctrl Pts',(-39.3953929172398,1.57733410572583,268.131172688463));
#9338=CARTESIAN_POINT('Ctrl Pts',(-40.4455817494072,0.583554826220378,268.211233037483));
#9339=CARTESIAN_POINT('Ctrl Pts',(-39.5510697060579,0.582679907164425,267.770141451672));
#9340=CARTESIAN_POINT('Ctrl Pts',(-39.5458106083264,1.57788415982356,267.768028165735));
#9341=CARTESIAN_POINT('Ctrl Pts',(-40.4762647580231,0.583584837162247,268.153819597219));
#9342=CARTESIAN_POINT('Ctrl Pts',(-39.6121472397814,0.582739646883045,267.65550683659));
#9343=CARTESIAN_POINT('Ctrl Pts',(-39.6071755866475,1.57810851065639,267.653201285047));
#9344=CARTESIAN_POINT('Ctrl Pts',(-40.5487543441325,0.583655738969253,268.045157276153));
#9345=CARTESIAN_POINT('Ctrl Pts',(-39.7564845414826,0.582880822686176,267.438448330369));
#9346=CARTESIAN_POINT('Ctrl Pts',(-39.7521523031295,1.57863828692092,267.43587663682));
#9347=CARTESIAN_POINT('Ctrl Pts',(-40.5909498993645,0.583697010292135,267.993701860634));
#9348=CARTESIAN_POINT('Ctrl Pts',(-39.8405276935384,0.582963024994816,267.33560677789));
#9349=CARTESIAN_POINT('Ctrl Pts',(-39.8365419920053,1.57894655009138,267.332965806248));
#9350=CARTESIAN_POINT('Ctrl Pts',(-40.7292150711602,0.583832246966151,267.855340661599));
#9351=CARTESIAN_POINT('Ctrl Pts',(-40.1160502463518,0.583232512626377,267.058851144986));
#9352=CARTESIAN_POINT('Ctrl Pts',(-40.1130676843453,1.5799560529483,267.056243417313));
#9353=CARTESIAN_POINT('Ctrl Pts',(-40.8406719326753,0.583941262526973,267.78082082459));
#9354=CARTESIAN_POINT('Ctrl Pts',(-40.3382991899863,0.583449893528662,266.909538092478));
#9355=CARTESIAN_POINT('Ctrl Pts',(-40.3359776518598,1.58076905268769,266.907203738898));
#9356=CARTESIAN_POINT('Ctrl Pts',(-41.0811286238702,0.584176452363574,267.680972799137));
#9357=CARTESIAN_POINT('Ctrl Pts',(-40.8182274227721,0.583919309632393,266.708867075136));
#9358=CARTESIAN_POINT('Ctrl Pts',(-40.8168829673958,1.58252025217706,266.707507691177));
#9359=CARTESIAN_POINT('Ctrl Pts',(-41.2128488077841,0.584305287408181,267.654437921143));
#9360=CARTESIAN_POINT('Ctrl Pts',(-41.081383572929,0.584176701728317,266.655135607185));
#9361=CARTESIAN_POINT('Ctrl Pts',(-41.0803189264697,1.58347823616887,266.654437906651));
#9362=CARTESIAN_POINT('Ctrl Pts',(-41.3444049817976,0.584433962035268,267.654437906651));
#9363=CARTESIAN_POINT('Ctrl Pts',(-41.3444049817976,0.584433962035268,266.654437906651));
#9364=CARTESIAN_POINT('Ctrl Pts',(-41.3434268858131,1.58443348369928,266.654437906651));
#9365=CARTESIAN_POINT('',(-40.3443912979416,0.583455852198792,268.654437906651));
#9366=CARTESIAN_POINT('Origin',(-40.3434132019571,1.5834553738628,268.654437906651));
#9367=CARTESIAN_POINT('Ctrl Pts',(-40.3443912979416,0.583455852198792,268.654437906651));
#9368=CARTESIAN_POINT('Ctrl Pts',(-40.3443912979416,0.583455852198792,268.614576436407));
#9369=CARTESIAN_POINT('Ctrl Pts',(-40.3467998732575,0.583458208017763,268.574941776538));
#9370=CARTESIAN_POINT('Ctrl Pts',(-40.3515089801872,0.583462813978544,268.535700954863));
#9371=CARTESIAN_POINT('Ctrl Pts',(-40.3562851338239,0.583467485517472,268.495901435348));
#9372=CARTESIAN_POINT('Ctrl Pts',(-40.3634279096818,0.583474471841198,268.456506055643));
#9373=CARTESIAN_POINT('Ctrl Pts',(-40.3728781882784,0.583483715125166,268.41768422474));
#9374=CARTESIAN_POINT('Ctrl Pts',(-40.3822955345047,0.5834929261981,268.378997680315));
#9375=CARTESIAN_POINT('Ctrl Pts',(-40.3940045523649,0.583504378746929,268.340879701296));
#9376=CARTESIAN_POINT('Ctrl Pts',(-40.4079968098797,0.583518064524365,268.303508076828));
#9377=CARTESIAN_POINT('Ctrl Pts',(-40.4119826919894,0.583521963101515,268.292862268657));
#9378=CARTESIAN_POINT('Ctrl Pts',(-40.4161541534979,0.583526043193218,268.282277139482));
#9379=CARTESIAN_POINT('Ctrl Pts',(-40.4205117106251,0.583530305304385,268.27175712435));
#9380=CARTESIAN_POINT('Ctrl Pts',(-40.4455817476454,0.583554826218655,268.211233036864));
#9381=CARTESIAN_POINT('Ctrl Pts',(-40.4762647562611,0.583584837160524,268.153819596464));
#9382=CARTESIAN_POINT('Ctrl Pts',(-40.5125095493115,0.583620288064022,268.099488435508));
#9383=CARTESIAN_POINT('Ctrl Pts',(-40.5487543422764,0.583655738967437,268.04515727468));
#9384=CARTESIAN_POINT('Ctrl Pts',(-40.5909498974213,0.583697010290235,267.993701858591));
#9385=CARTESIAN_POINT('Ctrl Pts',(-40.6370382886714,0.583742089182211,267.947581459665));
#9386=CARTESIAN_POINT('Ctrl Pts',(-40.6663450653495,0.583770754036509,267.918254329883));
#9387=CARTESIAN_POINT('Ctrl Pts',(-40.6975109789983,0.583801237306082,267.890802121045));
#9388=CARTESIAN_POINT('Ctrl Pts',(-40.7302589215216,0.583833267952483,267.865357281227));
#9389=CARTESIAN_POINT('Ctrl Pts',(-40.7630231992497,0.58386531457629,267.83989974911));
#9390=CARTESIAN_POINT('Ctrl Pts',(-40.7973721942386,0.583898911206428,267.816450867675));
#9391=CARTESIAN_POINT('Ctrl Pts',(-40.8330620878835,0.583933819364784,267.795181711678));
#9392=CARTESIAN_POINT('Ctrl Pts',(-40.8649022381364,0.583964962102787,267.776206784787));
#9393=CARTESIAN_POINT('Ctrl Pts',(-40.8978105931101,0.583997149648037,267.758966860414));
#9394=CARTESIAN_POINT('Ctrl Pts',(-40.9316259105917,0.5840302242901,267.743616412791));
#9395=CARTESIAN_POINT('Ctrl Pts',(-40.9413114698489,0.584039697701249,267.739219657677));
#9396=CARTESIAN_POINT('Ctrl Pts',(-40.9510763985282,0.584049248743347,267.734976111923));
#9397=CARTESIAN_POINT('Ctrl Pts',(-40.9609002782728,0.584058857445274,267.730896811863));
#9398=CARTESIAN_POINT('Ctrl Pts',(-40.9673949591925,0.58406520986964,267.728199939248));
#9399=CARTESIAN_POINT('Ctrl Pts',(-40.9739233294602,0.584071595245439,267.725571291065));
#9400=CARTESIAN_POINT('Ctrl Pts',(-40.9804791109906,0.584078007432096,267.7230129978));
#9401=CARTESIAN_POINT('Ctrl Pts',(-41.0200718608546,0.584116732960277,267.707562533984));
#9402=CARTESIAN_POINT('Ctrl Pts',(-41.0606766022436,0.584156448313781,267.694667404814));
#9403=CARTESIAN_POINT('Ctrl Pts',(-41.1019737802663,0.5841968409371,267.684369329714));
#9404=CARTESIAN_POINT('Ctrl Pts',(-41.1433112132287,0.584237272933632,267.674061216437));
#9405=CARTESIAN_POINT('Ctrl Pts',(-41.1853436893819,0.584278384749444,267.666354896406));
#9406=CARTESIAN_POINT('Ctrl Pts',(-41.2277705754797,0.584319882336223,267.661339440238));
#9407=CARTESIAN_POINT('Ctrl Pts',(-41.2663961279911,0.584357661852107,267.656773355299));
#9408=CARTESIAN_POINT('Ctrl Pts',(-41.3053495033964,0.584395762010399,267.654437906651));
#9409=CARTESIAN_POINT('Ctrl Pts',(-41.3444049817976,0.584433962035268,267.654437906651));
#9410=CARTESIAN_POINT('Origin',(-40.3434132019571,1.5834553738628,289.654437906651));
#9411=CARTESIAN_POINT('',(-40.3443912979416,0.583455852198792,289.654437906651));
#9412=CARTESIAN_POINT('Origin',(-40.3434132019571,1.5834553738628,289.654437906651));
#9413=CARTESIAN_POINT('',(-40.3443912979416,0.583455852198792,268.654437906651));
#9414=CARTESIAN_POINT('Ctrl Pts',(-41.3444049817976,0.584433962035268,290.654437906651));
#9415=CARTESIAN_POINT('Ctrl Pts',(-41.3444049817976,0.584433962035268,291.654437906651));
#9416=CARTESIAN_POINT('Ctrl Pts',(-41.3434268858131,1.58443348369928,291.654437906651));
#9417=CARTESIAN_POINT('Ctrl Pts',(-41.213608345864,0.584306030309683,290.654437884477));
#9418=CARTESIAN_POINT('Ctrl Pts',(-41.0829016426966,0.584178186546942,291.653744217512));
#9419=CARTESIAN_POINT('Ctrl Pts',(-41.0818379817022,1.58348375129528,291.654437906651));
#9420=CARTESIAN_POINT('Ctrl Pts',(-41.0827726614135,0.58417806039088,290.628458801106));
#9421=CARTESIAN_POINT('Ctrl Pts',(-40.8215108739914,0.583922521163537,291.601128033956));
#9422=CARTESIAN_POINT('Ctrl Pts',(-40.8201709814896,1.5825322196784,291.602479710203));
#9423=CARTESIAN_POINT('Ctrl Pts',(-40.9011990974706,0.584000463932148,290.553251286348));
#9424=CARTESIAN_POINT('Ctrl Pts',(-40.4590477752805,0.583567997292478,291.449951433031));
#9425=CARTESIAN_POINT('Ctrl Pts',(-40.4570299537996,1.58120986312468,291.452064661771));
#9426=CARTESIAN_POINT('Ctrl Pts',(-40.8437851451026,0.583944307549037,290.522569282001));
#9427=CARTESIAN_POINT('Ctrl Pts',(-40.3445089682667,0.583455967291853,291.388395145198));
#9428=CARTESIAN_POINT('Ctrl Pts',(-40.3422039779728,1.5807914205738,291.390700656134));
#9429=CARTESIAN_POINT('Ctrl Pts',(-40.7351216652161,0.583838024184861,290.450081943083));
#9430=CARTESIAN_POINT('Ctrl Pts',(-40.1278248863566,0.583244029359814,291.243154319481));
#9431=CARTESIAN_POINT('Ctrl Pts',(-40.1248806665305,1.57999898819217,291.245725988437));
#9432=CARTESIAN_POINT('Ctrl Pts',(-40.6836652911675,0.583787694887939,290.407887417395));
#9433=CARTESIAN_POINT('Ctrl Pts',(-40.0252602816347,0.583143711283667,291.158695972933));
#9434=CARTESIAN_POINT('Ctrl Pts',(-40.0219696512507,1.57962348313437,291.161336935802));
#9435=CARTESIAN_POINT('Ctrl Pts',(-40.5453010580921,0.583652361322437,290.26962496126));
#9436=CARTESIAN_POINT('Ctrl Pts',(-39.7496072691446,0.58287409605079,290.882204255045));
#9437=CARTESIAN_POINT('Ctrl Pts',(-39.7452458558171,1.57861326109799,290.884812016505));
#9438=CARTESIAN_POINT('Ctrl Pts',(-40.4707789685487,0.583579471531033,290.158169643393));
#9439=CARTESIAN_POINT('Ctrl Pts',(-39.6012265077277,0.582728965353256,290.659566897083));
#9440=CARTESIAN_POINT('Ctrl Pts',(-39.5962041878003,1.57806844028857,290.66190138626));
#9441=CARTESIAN_POINT('Ctrl Pts',(-40.3709273806096,0.583481807047109,289.917714363565));
#9442=CARTESIAN_POINT('Ctrl Pts',(-39.4025045861883,0.58253459614823,290.179631274546));
#9443=CARTESIAN_POINT('Ctrl Pts',(-39.3965043870851,1.57733817120705,290.180990824224));
#9444=CARTESIAN_POINT('Ctrl Pts',(-40.3443913124556,0.583455852212975,289.785994707757));
#9445=CARTESIAN_POINT('Ctrl Pts',(-39.3497110189248,0.582482958949633,289.916851051982));
#9446=CARTESIAN_POINT('Ctrl Pts',(-39.3434331193102,1.57714393111612,289.917551511054));
#9447=CARTESIAN_POINT('Ctrl Pts',(-40.3443912979416,0.583455852198779,289.654437906651));
#9448=CARTESIAN_POINT('Ctrl Pts',(-39.3497109900513,0.58248295891841,289.654437906651));
#9449=CARTESIAN_POINT('Ctrl Pts',(-39.3434331193097,1.57714393119237,289.654437906651));
#9450=CARTESIAN_POINT('',(-41.3444049817976,0.584433962035268,290.654437906651));
#9451=CARTESIAN_POINT('Origin',(-41.3434268858131,1.58443348369928,290.654437906651));
#9452=CARTESIAN_POINT('Ctrl Pts',(-41.3444049817976,0.584433962035268,290.654437906651));
#9453=CARTESIAN_POINT('Ctrl Pts',(-41.3045415176452,0.584394971722403,290.654437906651));
#9454=CARTESIAN_POINT('Ctrl Pts',(-41.2649048980264,0.58435620328537,290.652029208436));
#9455=CARTESIAN_POINT('Ctrl Pts',(-41.2256621421052,0.584317820085023,290.647319839194));
#9456=CARTESIAN_POINT('Ctrl Pts',(-41.1858608524511,0.584278890584814,290.642543442509));
#9457=CARTESIAN_POINT('Ctrl Pts',(-41.1464637250128,0.584240356394233,290.635400303006));
#9458=CARTESIAN_POINT('Ctrl Pts',(-41.1076401595226,0.58420238320256,290.625949521923));
#9459=CARTESIAN_POINT('Ctrl Pts',(-41.0689519999119,0.584164542450897,290.616531702556));
#9460=CARTESIAN_POINT('Ctrl Pts',(-41.0308324155223,0.58412725782064,290.604822087152));
#9461=CARTESIAN_POINT('Ctrl Pts',(-40.9934591857851,0.584090703197221,290.590829089383));
#9462=CARTESIAN_POINT('Ctrl Pts',(-40.9828185724633,0.584080295651081,290.586845112629));
#9463=CARTESIAN_POINT('Ctrl Pts',(-40.9722385737496,0.584069947391873,290.582675741877));
#9464=CARTESIAN_POINT('Ctrl Pts',(-40.9617236173574,0.584059662750329,290.57832046138));
#9465=CARTESIAN_POINT('Ctrl Pts',(-40.9011990968497,0.584000463931541,290.553251288109));
#9466=CARTESIAN_POINT('Ctrl Pts',(-40.8437851443472,0.583944307548298,290.522569283763));
#9467=CARTESIAN_POINT('Ctrl Pts',(-40.7894534039815,0.583891165865797,290.486325614308));
#9468=CARTESIAN_POINT('Ctrl Pts',(-40.7351216637449,0.583838024183422,290.450081944939));
#9469=CARTESIAN_POINT('Ctrl Pts',(-40.6836652891282,0.583787694885945,290.407887419338));
#9470=CARTESIAN_POINT('Ctrl Pts',(-40.6375438788529,0.583742583698177,290.361799933307));
#9471=CARTESIAN_POINT('Ctrl Pts',(-40.6082149479167,0.583713897174877,290.332492575037));
#9472=CARTESIAN_POINT('Ctrl Pts',(-40.5807610477484,0.58368704461252,290.30132588685));
#9473=CARTESIAN_POINT('Ctrl Pts',(-40.5553146790933,0.583662155609613,290.268577000733));
#9474=CARTESIAN_POINT('Ctrl Pts',(-40.5298558200101,0.583637254389863,290.235812039724));
#9475=CARTESIAN_POINT('Ctrl Pts',(-40.5064057422397,0.583614317951989,290.201462217445));
#9476=CARTESIAN_POINT('Ctrl Pts',(-40.4851355696588,0.583593513671646,290.165771371032));
#9477=CARTESIAN_POINT('Ctrl Pts',(-40.4661623106946,0.583574955994364,290.133934691331));
#9478=CARTESIAN_POINT('Ctrl Pts',(-40.448923727211,0.583558094997015,290.101029996868));
#9479=CARTESIAN_POINT('Ctrl Pts',(-40.4335742633962,0.583543081740913,290.067218478097));
#9480=CARTESIAN_POINT('Ctrl Pts',(-40.4291769842564,0.583538780777786,290.057532231855));
#9481=CARTESIAN_POINT('Ctrl Pts',(-40.4249329420443,0.583534629695155,290.047766600641));
#9482=CARTESIAN_POINT('Ctrl Pts',(-40.4208531745792,0.583530639289071,290.037942003479));
#9483=CARTESIAN_POINT('Ctrl Pts',(-40.4181564851823,0.583528001666739,290.031448033609));
#9484=CARTESIAN_POINT('Ctrl Pts',(-40.4155280077929,0.583525430762329,290.024920380867));
#9485=CARTESIAN_POINT('Ctrl Pts',(-40.4129698719979,0.583522928658783,290.018365320083));
#9486=CARTESIAN_POINT('Ctrl Pts',(-40.3975174239988,0.583507814674215,289.978769401798));
#9487=CARTESIAN_POINT('Ctrl Pts',(-40.3846208111293,0.583495200542918,289.938161258609));
#9488=CARTESIAN_POINT('Ctrl Pts',(-40.3743217984032,0.583485127115106,289.896860530476));
#9489=CARTESIAN_POINT('Ctrl Pts',(-40.3640127314874,0.583475043853327,289.855519483395));
#9490=CARTESIAN_POINT('Ctrl Pts',(-40.3563060124869,0.583467505938811,289.81348324253));
#9491=CARTESIAN_POINT('Ctrl Pts',(-40.3512907572477,0.583462600535452,289.77105252592));
#9492=CARTESIAN_POINT('Ctrl Pts',(-40.346726037864,0.583458135799615,289.732433491528));
#9493=CARTESIAN_POINT('Ctrl Pts',(-40.3443912979416,0.583455852198779,289.693486749803));
#9494=CARTESIAN_POINT('Ctrl Pts',(-40.3443912979416,0.583455852198779,289.654437906651));
#9495=CARTESIAN_POINT('Origin',(-41.346079563858,1.58443607827426,290.654437906651));
#9496=CARTESIAN_POINT('',(-103.186129354978,0.644921133251587,290.654437906651));
#9497=CARTESIAN_POINT('',(-41.3470576598425,0.584436556610253,290.654437906651));
#9498=CARTESIAN_POINT('Origin',(-103.185151258993,1.6449206549156,290.654437906651));
#9499=CARTESIAN_POINT('Origin',(-106.092867403564,7.35187493343334,283.99344447968));
#9500=CARTESIAN_POINT('Ctrl Pts',(-104.186136830629,0.645899237015846,289.654437906651));
#9501=CARTESIAN_POINT('Ctrl Pts',(-105.190122550656,0.646881231886792,289.654437906651));
#9502=CARTESIAN_POINT('Ctrl Pts',(-105.185146451907,1.65085510045801,289.654437906651));
#9503=CARTESIAN_POINT('Ctrl Pts',(-104.18613680847,0.645899236994172,289.785234080264));
#9504=CARTESIAN_POINT('Ctrl Pts',(-105.190122506159,0.646881231845108,289.916554207812));
#9505=CARTESIAN_POINT('Ctrl Pts',(-105.185146451907,1.65085510054644,289.916030250831));
#9506=CARTESIAN_POINT('Ctrl Pts',(-104.160156843473,0.645873826082587,289.916069666211));
#9507=CARTESIAN_POINT('Ctrl Pts',(-105.137958150171,0.64683021007169,290.178719324646));
#9508=CARTESIAN_POINT('Ctrl Pts',(-105.133187001113,1.65070136546843,290.177701433805));
#9509=CARTESIAN_POINT('Ctrl Pts',(-104.084947551085,0.645800264140518,290.097641675019));
#9510=CARTESIAN_POINT('Ctrl Pts',(-104.98697816779,0.646682537086677,290.542436554751));
#9511=CARTESIAN_POINT('Ctrl Pts',(-104.982769873594,1.6502560539441,290.540845443766));
#9512=CARTESIAN_POINT('Ctrl Pts',(-104.054264862455,0.645770253511612,290.155055056539));
#9513=CARTESIAN_POINT('Ctrl Pts',(-104.92539673819,0.646622304508254,290.657408085639));
#9514=CARTESIAN_POINT('Ctrl Pts',(-104.921405101922,1.65007435456561,290.655672206847));
#9515=CARTESIAN_POINT('Ctrl Pts',(-103.981776003598,0.64569935241593,290.263717307731));
#9516=CARTESIAN_POINT('Ctrl Pts',(-104.779938460035,0.646480032283501,290.874932964902));
#9517=CARTESIAN_POINT('Ctrl Pts',(-104.776428819402,1.64964494002346,290.872996715287));
#9518=CARTESIAN_POINT('Ctrl Pts',(-103.939580809713,0.645658081446477,290.315172780315));
#9519=CARTESIAN_POINT('Ctrl Pts',(-104.695287671115,0.646397235646396,290.977896079413));
#9520=CARTESIAN_POINT('Ctrl Pts',(-104.692039260597,1.64939491748576,290.975907660044));
#9521=CARTESIAN_POINT('Ctrl Pts',(-103.801316676212,0.645522845788014,290.453534231219));
#9522=CARTESIAN_POINT('Ctrl Pts',(-104.41800577652,0.64612602720968,291.254594146277));
#9523=CARTESIAN_POINT('Ctrl Pts',(-104.415513710365,1.64857531384174,291.252630553192));
#9524=CARTESIAN_POINT('Ctrl Pts',(-103.689860508232,0.645413830905519,290.52805433692));
#9525=CARTESIAN_POINT('Ctrl Pts',(-104.194597127166,0.645907512000912,291.403428573022));
#9526=CARTESIAN_POINT('Ctrl Pts',(-104.192603580071,1.64791419536528,291.401670769551));
#9527=CARTESIAN_POINT('Ctrl Pts',(-103.449404892472,0.645178642120797,290.627902837644));
#9528=CARTESIAN_POINT('Ctrl Pts',(-103.712953061753,0.645436417651145,291.602391552664));
#9529=CARTESIAN_POINT('Ctrl Pts',(-103.711697106544,1.64648634915465,291.601367768722));
#9530=CARTESIAN_POINT('Ctrl Pts',(-103.317685244999,0.6450498076009,290.654437892118));
#9531=CARTESIAN_POINT('Ctrl Pts',(-103.449304764414,0.645178544186368,291.654963460812));
#9532=CARTESIAN_POINT('Ctrl Pts',(-103.448260424062,1.64570345273268,291.654437906651));
#9533=CARTESIAN_POINT('Ctrl Pts',(-103.186129354978,0.644921133251585,290.654437906651));
#9534=CARTESIAN_POINT('Ctrl Pts',(-103.186129354978,0.644921133251585,291.654437906651));
#9535=CARTESIAN_POINT('Ctrl Pts',(-103.185151258993,1.64492065491559,291.654437906651));
#9536=CARTESIAN_POINT('Ctrl Pts',(-104.186136830629,0.645899237015846,289.654437906651));
#9537=CARTESIAN_POINT('Ctrl Pts',(-104.186136830629,0.645899237015846,289.694299728929));
#9538=CARTESIAN_POINT('Ctrl Pts',(-104.183728232268,0.645896881174334,289.733934733668));
#9539=CARTESIAN_POINT('Ctrl Pts',(-104.179019075427,0.645892275164736,289.773175895043));
#9540=CARTESIAN_POINT('Ctrl Pts',(-104.174242876272,0.645887603581288,289.81297571656));
#9541=CARTESIAN_POINT('Ctrl Pts',(-104.167100032324,0.645880617190964,289.8523713938));
#9542=CARTESIAN_POINT('Ctrl Pts',(-104.157649658861,0.645871373814209,289.891193519895));
#9543=CARTESIAN_POINT('Ctrl Pts',(-104.148232224582,0.645862162655151,289.929880331855));
#9544=CARTESIAN_POINT('Ctrl Pts',(-104.136523095243,0.645850709997287,289.967998576846));
#9545=CARTESIAN_POINT('Ctrl Pts',(-104.122530698617,0.645837024083787,290.005370467946));
#9546=CARTESIAN_POINT('Ctrl Pts',(-104.118545278902,0.645833125958903,290.016015011233));
#9547=CARTESIAN_POINT('Ctrl Pts',(-104.114374324284,0.645829046362988,290.026598890858));
#9548=CARTESIAN_POINT('Ctrl Pts',(-104.110017318659,0.645824784791243,290.03711767351));
#9549=CARTESIAN_POINT('Ctrl Pts',(-104.084947552847,0.645800264142242,290.097641675635));
#9550=CARTESIAN_POINT('Ctrl Pts',(-104.054264864219,0.645770253513338,290.15505505729));
#9551=CARTESIAN_POINT('Ctrl Pts',(-104.018020434792,0.645734802965498,290.209386183313));
#9552=CARTESIAN_POINT('Ctrl Pts',(-103.981776005457,0.645699352417748,290.2637173092));
#9553=CARTESIAN_POINT('Ctrl Pts',(-103.939580811659,0.645658081448381,290.315172782353));
#9554=CARTESIAN_POINT('Ctrl Pts',(-103.893492766504,0.645613002894919,290.36129326524));
#9555=CARTESIAN_POINT('Ctrl Pts',(-103.864185938281,0.645584337990205,290.390620720222));
#9556=CARTESIAN_POINT('Ctrl Pts',(-103.833019934342,0.645553854632318,290.418073233177));
#9557=CARTESIAN_POINT('Ctrl Pts',(-103.800271867661,0.645521823864476,290.443518344723));
#9558=CARTESIAN_POINT('Ctrl Pts',(-103.767507522054,0.645489777174274,290.468976104926));
#9559=CARTESIAN_POINT('Ctrl Pts',(-103.733158430731,0.64545618044991,290.492425188944));
#9560=CARTESIAN_POINT('Ctrl Pts',(-103.697468416031,0.645421272173147,290.513694511471));
#9561=CARTESIAN_POINT('Ctrl Pts',(-103.665629185072,0.6453901303343,290.532668974719));
#9562=CARTESIAN_POINT('Ctrl Pts',(-103.632721798626,0.645357943736362,290.549908518529));
#9563=CARTESIAN_POINT('Ctrl Pts',(-103.598907486129,0.64532487007727,290.565258676608));
#9564=CARTESIAN_POINT('Ctrl Pts',(-103.589221790892,0.64531539653312,290.569655541191));
#9565=CARTESIAN_POINT('Ctrl Pts',(-103.579456722799,0.645305845354662,290.573899190303));
#9566=CARTESIAN_POINT('Ctrl Pts',(-103.569632700352,0.645296236513158,290.577978587282));
#9567=CARTESIAN_POINT('Ctrl Pts',(-103.563138210687,0.645289884275857,290.580675405378));
#9568=CARTESIAN_POINT('Ctrl Pts',(-103.556610033352,0.645283499088765,290.583304002276));
#9569=CARTESIAN_POINT('Ctrl Pts',(-103.55005444564,0.645277087091681,290.585862247714));
#9570=CARTESIAN_POINT('Ctrl Pts',(-103.510461097582,0.645238360978409,290.601313112916));
#9571=CARTESIAN_POINT('Ctrl Pts',(-103.469855708501,0.645198644991403,290.614208537357));
#9572=CARTESIAN_POINT('Ctrl Pts',(-103.428557851666,0.645158251704143,290.62450679187));
#9573=CARTESIAN_POINT('Ctrl Pts',(-103.387219723368,0.645117819027508,290.634815088691));
#9574=CARTESIAN_POINT('Ctrl Pts',(-103.345186520173,0.645076706500583,290.642521474205));
#9575=CARTESIAN_POINT('Ctrl Pts',(-103.302758893715,0.645035208189662,290.647536868108));
#9576=CARTESIAN_POINT('Ctrl Pts',(-103.264134944916,0.644997430242367,290.652102627107));
#9577=CARTESIAN_POINT('Ctrl Pts',(-103.225183200908,0.64495933167974,290.654437906651));
#9578=CARTESIAN_POINT('Ctrl Pts',(-103.186129354978,0.644921133251585,290.654437906651));
#9579=CARTESIAN_POINT('Origin',(-41.3470576598425,0.584436556610253,268.654437906651));
#9580=CARTESIAN_POINT('Origin',(-114.802098840197,-0.00100000129802602,
149.170592709036));
#9581=CARTESIAN_POINT('',(-98.1242561776001,0.,149.170592709036));
#9582=CARTESIAN_POINT('',(-112.764312078722,0.,149.170592709036));
#9583=CARTESIAN_POINT('',(-58.4010494200987,0.,149.170592709036));
#9584=CARTESIAN_POINT('',(-98.1242561776001,3.51986245321166,149.170592709036));
#9585=CARTESIAN_POINT('',(-98.1242561776001,-0.00100000129802602,149.170592709036));
#9586=CARTESIAN_POINT('',(-100.276640427924,3.54723276498064,149.170592709036));
#9587=CARTESIAN_POINT('',(-108.790784664095,3.65550097134531,149.170592709036));
#9588=CARTESIAN_POINT('',(-105.210356207948,8.71136571397007,149.170592709036));
#9589=CARTESIAN_POINT('Origin',(-100.213064188938,8.54682855482571,149.170592709036));
#9590=CARTESIAN_POINT('',(-105.053941035747,12.5664589549222,149.170592709036));
#9591=CARTESIAN_POINT('Ctrl Pts',(-105.053941035747,12.5664589549222,149.170592709037));
#9592=CARTESIAN_POINT('Ctrl Pts',(-105.084917648171,11.9241533006522,149.170592709037));
#9593=CARTESIAN_POINT('Ctrl Pts',(-105.113440952361,11.2817289817578,149.170592709037));
#9594=CARTESIAN_POINT('Ctrl Pts',(-105.165579667165,9.99668563221173,149.170592709037));
#9595=CARTESIAN_POINT('Ctrl Pts',(-105.189195134538,9.35406590289572,149.170592709037));
#9596=CARTESIAN_POINT('Ctrl Pts',(-105.210356207948,8.71136571397006,149.170592709037));
#9597=CARTESIAN_POINT('',(-114.043492868972,13.,149.170592709036));
#9598=CARTESIAN_POINT('',(-114.109142154967,13.0031660822015,149.170592709036));
#9599=CARTESIAN_POINT('',(-114.763997583397,2.0354666377653,149.170592709036));
#9600=CARTESIAN_POINT('Origin',(0.,0.,149.170592709036));
#9601=CARTESIAN_POINT('Origin',(-112.764312078722,2.,149.170592709036));
#9602=CARTESIAN_POINT('Origin',(-2.00000000000001,0.,323.75));
#9603=CARTESIAN_POINT('',(-112.764312078722,0.,6.62309596685262));
#9604=CARTESIAN_POINT('',(-112.764312078722,0.,323.75));
#9605=CARTESIAN_POINT('',(-111.678843551205,0.,8.50100000000059));
#9606=CARTESIAN_POINT('',(52.3747275035635,0.,292.32024940805));
#9607=CARTESIAN_POINT('',(-107.632694462383,0.,8.50099999999926));
#9608=CARTESIAN_POINT('',(-2.00000000000285,0.,8.50099999999898));
#9609=CARTESIAN_POINT('',(-105.609619917969,0.,5.0009999999969));
#9610=CARTESIAN_POINT('',(-217.764538316963,0.,199.033501412587));
#9611=CARTESIAN_POINT('',(-106.188219237668,0.,3.99999999999998));
#9612=CARTESIAN_POINT('',(58.4404241401013,0.,288.814147562476));
#9613=CARTESIAN_POINT('',(-8.80221162861611,0.,4.));
#9614=CARTESIAN_POINT('',(-2.00000000000001,0.,4.));
#9615=CARTESIAN_POINT('',(-9.3808109483198,0.,5.00100000000297));
#9616=CARTESIAN_POINT('',(-145.634872542009,0.,240.72598447724));
#9617=CARTESIAN_POINT('',(-7.35773640391182,0.,8.50100000000004));
#9618=CARTESIAN_POINT('',(130.570089915045,0.,247.121664497827));
#9619=CARTESIAN_POINT('',(-3.31158731508166,0.,8.50099999999961));
#9620=CARTESIAN_POINT('',(-2.00000000000285,0.,8.50099999999959));
#9621=CARTESIAN_POINT('',(-2.,0.,6.23190140674218));
#9622=CARTESIAN_POINT('',(-139.569175905474,0.,244.232086322808));
#9623=CARTESIAN_POINT('',(-2.00000000000001,0.,149.170592709036));
#9624=CARTESIAN_POINT('',(-2.00000000000001,0.,323.75));
#9625=CARTESIAN_POINT('',(-17.2170240400634,0.,149.170592709036));
#9626=CARTESIAN_POINT('',(-1.00000000000001,0.,149.170592709036));
#9627=CARTESIAN_POINT('',(-22.7697194986754,0.,149.815998102716));
#9628=CARTESIAN_POINT('Ctrl Pts',(-17.2170240400634,0.,149.170592709036));
#9629=CARTESIAN_POINT('Ctrl Pts',(-19.6535696184812,0.,149.170592709036));
#9630=CARTESIAN_POINT('Ctrl Pts',(-21.5044681046852,0.,149.385727840263));
#9631=CARTESIAN_POINT('Ctrl Pts',(-22.7697194986754,0.,149.815998102716));
#9632=CARTESIAN_POINT('',(-26.4011148675777,0.,160.48021469021));
#9633=CARTESIAN_POINT('Ctrl Pts',(-22.7697194986754,0.,149.815998102716));
#9634=CARTESIAN_POINT('Ctrl Pts',(-22.9116897869997,0.,149.908452533892));
#9635=CARTESIAN_POINT('Ctrl Pts',(-23.0439705418932,0.,150.003611974548));
#9636=CARTESIAN_POINT('Ctrl Pts',(-23.1667987403057,0.,150.101377850685));
#9637=CARTESIAN_POINT('Ctrl Pts',(-23.2896269387183,0.,150.199143726822));
#9638=CARTESIAN_POINT('Ctrl Pts',(-23.40300258065,0.,150.299516038441));
#9639=CARTESIAN_POINT('Ctrl Pts',(-23.5072130729187,0.,150.402383013115));
#9640=CARTESIAN_POINT('Ctrl Pts',(-23.6114235651875,0.,150.50524998779));
#9641=CARTESIAN_POINT('Ctrl Pts',(-23.7064689077933,0.,150.61061162552));
#9642=CARTESIAN_POINT('Ctrl Pts',(-23.7926869374225,0.,150.718342955453));
#9643=CARTESIAN_POINT('Ctrl Pts',(-23.8789049670517,0.,150.826074285386));
#9644=CARTESIAN_POINT('Ctrl Pts',(-23.9562956837043,0.,150.936175307522));
#9645=CARTESIAN_POINT('Ctrl Pts',(-24.0252473539344,0.,151.04850785258));
#9646=CARTESIAN_POINT('Ctrl Pts',(-24.0941990241646,0.,151.160840397638));
#9647=CARTESIAN_POINT('Ctrl Pts',(-24.1547116479724,0.,151.275404465618));
#9648=CARTESIAN_POINT('Ctrl Pts',(-24.2072239217804,0.,151.392048688813));
#9649=CARTESIAN_POINT('Ctrl Pts',(-24.2597361955884,0.,151.508692912007));
#9650=CARTESIAN_POINT('Ctrl Pts',(-24.3042481193966,0.,151.627417290417));
#9651=CARTESIAN_POINT('Ctrl Pts',(-24.3412488194957,0.,151.748057257905));
#9652=CARTESIAN_POINT('Ctrl Pts',(-24.3782495195947,0.,151.868697225394));
#9653=CARTESIAN_POINT('Ctrl Pts',(-24.4077389959846,0.,151.991252781962));
#9654=CARTESIAN_POINT('Ctrl Pts',(-24.4302568048242,0.,152.115546163048));
#9655=CARTESIAN_POINT('Ctrl Pts',(-24.4527746136638,0.,152.239839544133));
#9656=CARTESIAN_POINT('Ctrl Pts',(-24.4683207549532,2.18761313619983E-19,
152.365870749735));
#9657=CARTESIAN_POINT('Ctrl Pts',(-24.4774852147192,2.16840434497101E-19,
152.493448816865));
#9658=CARTESIAN_POINT('Ctrl Pts',(-24.4866496744853,2.1491955537422E-19,
152.621026883995));
#9659=CARTESIAN_POINT('Ctrl Pts',(-24.489432452728,0.,152.750151812652));
#9660=CARTESIAN_POINT('Ctrl Pts',(-24.4864739653427,0.,152.88061944142));
#9661=CARTESIAN_POINT('Ctrl Pts',(-24.4835154779573,0.,153.011087070187));
#9662=CARTESIAN_POINT('Ctrl Pts',(-24.4748157249437,0.,153.142897399065));
#9663=CARTESIAN_POINT('Ctrl Pts',(-24.4610655520654,0.,153.275833068209));
#9664=CARTESIAN_POINT('Ctrl Pts',(-24.4473153791871,0.,153.408768737353));
#9665=CARTESIAN_POINT('Ctrl Pts',(-24.4285147864439,0.,153.542829746763));
#9666=CARTESIAN_POINT('Ctrl Pts',(-24.4054050494674,0.,153.677785538167));
#9667=CARTESIAN_POINT('Ctrl Pts',(-24.3822953124909,0.,153.812741329571));
#9668=CARTESIAN_POINT('Ctrl Pts',(-24.3548764312811,0.,153.948591902969));
#9669=CARTESIAN_POINT('Ctrl Pts',(-24.3239401113375,0.,154.085093501663));
#9670=CARTESIAN_POINT('Ctrl Pts',(-24.293003791394,0.,154.221595100356));
#9671=CARTESIAN_POINT('Ctrl Pts',(-24.2585500327168,0.,154.358747724345));
#9672=CARTESIAN_POINT('Ctrl Pts',(-24.2214209706736,0.,154.496294418503));
#9673=CARTESIAN_POINT('Ctrl Pts',(-24.1842919086305,0.,154.63384111266));
#9674=CARTESIAN_POINT('Ctrl Pts',(-24.1444875432215,0.,154.771781876987));
#9675=CARTESIAN_POINT('Ctrl Pts',(-24.1029004396825,0.,154.909846557928));
#9676=CARTESIAN_POINT('Ctrl Pts',(-24.0613133361435,0.,155.04791123887));
#9677=CARTESIAN_POINT('Ctrl Pts',(-24.0179434944746,0.,155.186099836427));
#9678=CARTESIAN_POINT('Ctrl Pts',(-23.9737339097798,0.,155.324128998618));
#9679=CARTESIAN_POINT('Ctrl Pts',(-23.9280932479131,0.,155.466626205113));
#9680=CARTESIAN_POINT('Ctrl Pts',(-23.8815573029897,0.,155.608953564361));
#9681=CARTESIAN_POINT('Ctrl Pts',(-23.8352200269576,0.,155.750784550373));
#9682=CARTESIAN_POINT('Ctrl Pts',(-23.7903356706515,0.,155.888168381633));
#9683=CARTESIAN_POINT('Ctrl Pts',(-23.7456379963844,0.,156.025086407161));
#9684=CARTESIAN_POINT('Ctrl Pts',(-23.7021724914263,0.,156.161228450886));
#9685=CARTESIAN_POINT('Ctrl Pts',(-23.6587069864681,0.,156.297370494611));
#9686=CARTESIAN_POINT('Ctrl Pts',(-23.6164736508189,0.,156.432736556533));
#9687=CARTESIAN_POINT('Ctrl Pts',(-23.5765684016167,0.,156.567003262151));
#9688=CARTESIAN_POINT('Ctrl Pts',(-23.5366631524145,0.,156.701269967769));
#9689=CARTESIAN_POINT('Ctrl Pts',(-23.4990859896594,0.,156.834437317084));
#9690=CARTESIAN_POINT('Ctrl Pts',(-23.4649832603578,0.,156.966168737168));
#9691=CARTESIAN_POINT('Ctrl Pts',(-23.4308805310561,0.,157.097900157252));
#9692=CARTESIAN_POINT('Ctrl Pts',(-23.4002522352078,0.,157.228195648105));
#9693=CARTESIAN_POINT('Ctrl Pts',(-23.3742951496875,0.,157.356705438373));
#9694=CARTESIAN_POINT('Ctrl Pts',(-23.3483380641671,0.,157.485215228641));
#9695=CARTESIAN_POINT('Ctrl Pts',(-23.3270521889746,0.,157.611939318324));
#9696=CARTESIAN_POINT('Ctrl Pts',(-23.3116847308527,0.,157.73651473764));
#9697=CARTESIAN_POINT('Ctrl Pts',(-23.2963172727307,0.,157.861090156955));
#9698=CARTESIAN_POINT('Ctrl Pts',(-23.2868682316793,0.,157.983516905904));
#9699=CARTESIAN_POINT('Ctrl Pts',(-23.2846352443092,0.,158.103418816276));
#9700=CARTESIAN_POINT('Ctrl Pts',(-23.2824022569392,0.,158.223320726648));
#9701=CARTESIAN_POINT('Ctrl Pts',(-23.2873853232505,0.,158.340697798443));
#9702=CARTESIAN_POINT('Ctrl Pts',(-23.3009325097221,0.,158.455160665026));
#9703=CARTESIAN_POINT('Ctrl Pts',(-23.3144796961937,0.,158.569623531608));
#9704=CARTESIAN_POINT('Ctrl Pts',(-23.3365910028256,0.,158.681172192977));
#9705=CARTESIAN_POINT('Ctrl Pts',(-23.368664925965,0.,158.78940408407));
#9706=CARTESIAN_POINT('Ctrl Pts',(-23.4007388491043,0.,158.897635975162));
#9707=CARTESIAN_POINT('Ctrl Pts',(-23.4427753887511,0.,159.002551095978));
#9708=CARTESIAN_POINT('Ctrl Pts',(-23.4962234711206,0.,159.103733683025));
#9709=CARTESIAN_POINT('Ctrl Pts',(-23.5496715534901,0.,159.204916270072));
#9710=CARTESIAN_POINT('Ctrl Pts',(-23.6145311785822,0.,159.302366323351));
#9711=CARTESIAN_POINT('Ctrl Pts',(-23.6923017024806,0.,159.395654880943));
#9712=CARTESIAN_POINT('Ctrl Pts',(-23.7700722263789,0.,159.488943438536));
#9713=CARTESIAN_POINT('Ctrl Pts',(-23.8607536490834,0.,159.578070500441));
#9714=CARTESIAN_POINT('Ctrl Pts',(-23.9658957565457,0.,159.662593906314));
#9715=CARTESIAN_POINT('Ctrl Pts',(-24.0710378640078,0.,159.747117312187));
#9716=CARTESIAN_POINT('Ctrl Pts',(-24.1906406562276,0.,159.827037062027));
#9717=CARTESIAN_POINT('Ctrl Pts',(-24.3263043490249,0.,159.901897797062));
#9718=CARTESIAN_POINT('Ctrl Pts',(-24.4619680418223,0.,159.976758532096));
#9719=CARTESIAN_POINT('Ctrl Pts',(-24.6136926351973,0.,160.046560252325));
#9720=CARTESIAN_POINT('Ctrl Pts',(-24.7831287748376,0.,160.110834400547));
#9721=CARTESIAN_POINT('Ctrl Pts',(-24.952564914478,0.,160.175108548769));
#9722=CARTESIAN_POINT('Ctrl Pts',(-25.1397126003839,0.,160.233855124985));
#9723=CARTESIAN_POINT('Ctrl Pts',(-25.3462729081112,0.,160.286592373566));
#9724=CARTESIAN_POINT('Ctrl Pts',(-25.5528332158386,0.,160.339329622148));
#9725=CARTESIAN_POINT('Ctrl Pts',(-25.7788061453874,0.,160.386057543095));
#9726=CARTESIAN_POINT('Ctrl Pts',(-26.0259432021821,0.,160.426281182353));
#9727=CARTESIAN_POINT('Ctrl Pts',(-26.1459416830851,0.,160.445811946658));
#9728=CARTESIAN_POINT('Ctrl Pts',(-26.2709306405464,0.,160.463809043449));
#9729=CARTESIAN_POINT('Ctrl Pts',(-26.4011148675777,0.,160.480214690209));
#9730=CARTESIAN_POINT('',(-28.2597412469332,0.,160.48021469021));
#9731=CARTESIAN_POINT('Origin',(-27.3304280572555,0.,152.882459752179));
#9732=CARTESIAN_POINT('',(-31.8911366158355,0.,149.815998102716));
#9733=CARTESIAN_POINT('Ctrl Pts',(-28.2597412469332,0.,160.48021469021));
#9734=CARTESIAN_POINT('Ctrl Pts',(-28.5280360022016,0.,160.446310194207));
#9735=CARTESIAN_POINT('Ctrl Pts',(-28.7742847536863,0.,160.405668656774));
#9736=CARTESIAN_POINT('Ctrl Pts',(-29.0002642778865,0.,160.358790375422));
#9737=CARTESIAN_POINT('Ctrl Pts',(-29.2262438020865,0.,160.31191209407));
#9738=CARTESIAN_POINT('Ctrl Pts',(-29.4319540990021,-1.53045009697248E-21,
160.2587970688));
#9739=CARTESIAN_POINT('Ctrl Pts',(-29.6191215067166,0.,160.199932431399));
#9740=CARTESIAN_POINT('Ctrl Pts',(-29.8062889144312,1.53045009697362E-21,
160.141067793999));
#9741=CARTESIAN_POINT('Ctrl Pts',(-29.9749134329448,0.,160.076453544468));
#9742=CARTESIAN_POINT('Ctrl Pts',(-30.1266709619251,0.,160.006563648871));
#9743=CARTESIAN_POINT('Ctrl Pts',(-30.2784284909052,0.,159.936673753274));
#9744=CARTESIAN_POINT('Ctrl Pts',(-30.4133190303521,0.,159.86150821161));
#9745=CARTESIAN_POINT('Ctrl Pts',(-30.5329680415178,0.,159.781527824218));
#9746=CARTESIAN_POINT('Ctrl Pts',(-30.6526170526834,0.,159.701547436826));
#9747=CARTESIAN_POINT('Ctrl Pts',(-30.7570245355679,0.,159.616752203707));
#9748=CARTESIAN_POINT('Ctrl Pts',(-30.8477655130073,0.,159.527589759473));
#9749=CARTESIAN_POINT('Ctrl Pts',(-30.9385064904469,0.,159.43842731524));
#9750=CARTESIAN_POINT('Ctrl Pts',(-31.0155809624414,0.,159.344897659893));
#9751=CARTESIAN_POINT('Ctrl Pts',(-31.0805135134117,0.,159.247435262321));
#9752=CARTESIAN_POINT('Ctrl Pts',(-31.1454460643819,0.,159.14997286475));
#9753=CARTESIAN_POINT('Ctrl Pts',(-31.1982366943278,0.,159.048577724954));
#9754=CARTESIAN_POINT('Ctrl Pts',(-31.2403595492543,0.,158.943671146099));
#9755=CARTESIAN_POINT('Ctrl Pts',(-31.2824824041807,0.,158.838764567244));
#9756=CARTESIAN_POINT('Ctrl Pts',(-31.3139374840877,0.,158.730346549329));
#9757=CARTESIAN_POINT('Ctrl Pts',(-31.3361484965644,0.,158.618825229795));
#9758=CARTESIAN_POINT('Ctrl Pts',(-31.3583595090411,0.,158.507303910261));
#9759=CARTESIAN_POINT('Ctrl Pts',(-31.3713264540875,0.,158.392679289107));
#9760=CARTESIAN_POINT('Ctrl Pts',(-31.3764226008772,0.,158.275346338049));
#9761=CARTESIAN_POINT('Ctrl Pts',(-31.3815187476668,0.,158.158013386991));
#9762=CARTESIAN_POINT('Ctrl Pts',(-31.3787440961995,0.,158.037972106029));
#9763=CARTESIAN_POINT('Ctrl Pts',(-31.3694214772332,0.,157.915604301153));
#9764=CARTESIAN_POINT('Ctrl Pts',(-31.3600988582669,0.,157.793236496278));
#9765=CARTESIAN_POINT('Ctrl Pts',(-31.3442282718015,0.,157.668542167489));
#9766=CARTESIAN_POINT('Ctrl Pts',(-31.323082110179,0.,157.541889955053));
#9767=CARTESIAN_POINT('Ctrl Pts',(-31.3019359485566,0.,157.415237742616));
#9768=CARTESIAN_POINT('Ctrl Pts',(-31.275514211777,0.,157.286627646532));
#9769=CARTESIAN_POINT('Ctrl Pts',(-31.2450388537667,0.,157.156415141342));
#9770=CARTESIAN_POINT('Ctrl Pts',(-31.2145634957564,0.,157.026202636152));
#9771=CARTESIAN_POINT('Ctrl Pts',(-31.1800345165153,0.,156.894387721857));
#9772=CARTESIAN_POINT('Ctrl Pts',(-31.1426234315541,0.,156.761312707271));
#9773=CARTESIAN_POINT('Ctrl Pts',(-31.1052123465928,0.,156.628237692685));
#9774=CARTESIAN_POINT('Ctrl Pts',(-31.0649191559114,0.,156.49390257781));
#9775=CARTESIAN_POINT('Ctrl Pts',(-31.0228649366046,0.,156.358636505737));
#9776=CARTESIAN_POINT('Ctrl Pts',(-30.9808107172978,0.,156.223370433665));
#9777=CARTESIAN_POINT('Ctrl Pts',(-30.9369954693657,0.,156.087173404394));
#9778=CARTESIAN_POINT('Ctrl Pts',(-30.8924898314874,0.,155.950361395294));
#9779=CARTESIAN_POINT('Ctrl Pts',(-30.8465446602536,0.,155.809124206375));
#9780=CARTESIAN_POINT('Ctrl Pts',(-30.799864009976,0.,155.667231688095));
#9781=CARTESIAN_POINT('Ctrl Pts',(-30.7535694150061,0.,155.525016761783));
#9782=CARTESIAN_POINT('Ctrl Pts',(-30.7087253013785,0.,155.387257649316));
#9783=CARTESIAN_POINT('Ctrl Pts',(-30.6642431543125,0.,155.249195943285));
#9784=CARTESIAN_POINT('Ctrl Pts',(-30.6210911042271,0.,155.111120863761));
#9785=CARTESIAN_POINT('Ctrl Pts',(-30.5779390541417,0.,154.973045784238));
#9786=CARTESIAN_POINT('Ctrl Pts',(-30.5361171010369,0.,154.834957331223));
#9787=CARTESIAN_POINT('Ctrl Pts',(-30.4965429369157,0.,154.697131559064));
#9788=CARTESIAN_POINT('Ctrl Pts',(-30.4569687727946,0.,154.559305786905));
#9789=CARTESIAN_POINT('Ctrl Pts',(-30.4196423976571,0.,154.421742695602));
#9790=CARTESIAN_POINT('Ctrl Pts',(-30.3854310650908,0.,154.284705173779));
#9791=CARTESIAN_POINT('Ctrl Pts',(-30.3512197325246,0.,154.147667651957));
#9792=CARTESIAN_POINT('Ctrl Pts',(-30.3201234425294,0.,154.011155699614));
#9793=CARTESIAN_POINT('Ctrl Pts',(-30.2929590102771,0.,153.87541903965));
#9794=CARTESIAN_POINT('Ctrl Pts',(-30.2657945780248,0.,153.739682379686));
#9795=CARTESIAN_POINT('Ctrl Pts',(-30.2425620035154,0.,153.604721012101));
#9796=CARTESIAN_POINT('Ctrl Pts',(-30.2240276635048,0.,153.47077149407));
#9797=CARTESIAN_POINT('Ctrl Pts',(-30.2054933234942,0.,153.336821976038));
#9798=CARTESIAN_POINT('Ctrl Pts',(-30.1916572179824,0.,153.203884307559));
#9799=CARTESIAN_POINT('Ctrl Pts',(-30.1832352853098,0.,153.072181880082));
#9800=CARTESIAN_POINT('Ctrl Pts',(-30.1748133526372,0.,152.940479452606));
#9801=CARTESIAN_POINT('Ctrl Pts',(-30.1718055928037,0.,152.810012266132));
#9802=CARTESIAN_POINT('Ctrl Pts',(-30.1748775057339,0.,152.680990546386));
#9803=CARTESIAN_POINT('Ctrl Pts',(-30.1779494186641,0.,152.551968826639));
#9804=CARTESIAN_POINT('Ctrl Pts',(-30.187101004358,0.,152.42439257362));
#9805=CARTESIAN_POINT('Ctrl Pts',(-30.2029473243244,0.,152.298458847329));
#9806=CARTESIAN_POINT('Ctrl Pts',(-30.2187936442909,0.,152.172525121037));
#9807=CARTESIAN_POINT('Ctrl Pts',(-30.2413346985298,2.15035765754276E-19,
152.048233921473));
#9808=CARTESIAN_POINT('Ctrl Pts',(-30.2711351101345,2.16840434497101E-19,
151.925769142912));
#9809=CARTESIAN_POINT('Ctrl Pts',(-30.3009355217392,2.18645103239927E-19,
151.803304364351));
#9810=CARTESIAN_POINT('Ctrl Pts',(-30.3379952907095,0.,151.682666006793));
#9811=CARTESIAN_POINT('Ctrl Pts',(-30.3828286017229,0.,151.564024798789));
#9812=CARTESIAN_POINT('Ctrl Pts',(-30.4276619127364,0.,151.445383590785));
#9813=CARTESIAN_POINT('Ctrl Pts',(-30.4802687657929,0.,151.328739532334));
#9814=CARTESIAN_POINT('Ctrl Pts',(-30.5411129071542,0.,151.214250186263));
#9815=CARTESIAN_POINT('Ctrl Pts',(-30.6019570485155,0.,151.099760840192));
#9816=CARTESIAN_POINT('Ctrl Pts',(-30.6710384781816,0.,150.987426206502));
#9817=CARTESIAN_POINT('Ctrl Pts',(-30.7487705039984,0.,150.877390682292));
#9818=CARTESIAN_POINT('Ctrl Pts',(-30.8265025298153,0.,150.767355158082));
#9819=CARTESIAN_POINT('Ctrl Pts',(-30.912885151783,0.,150.659618743354));
#9820=CARTESIAN_POINT('Ctrl Pts',(-31.0082812393317,0.,150.554312669483));
#9821=CARTESIAN_POINT('Ctrl Pts',(-31.1036773268803,0.,150.449006595612));
#9822=CARTESIAN_POINT('Ctrl Pts',(-31.2080868800099,0.,150.3461308626));
#9823=CARTESIAN_POINT('Ctrl Pts',(-31.3218223297352,0.,150.245803536097));
#9824=CARTESIAN_POINT('Ctrl Pts',(-31.4355577794605,0.,150.145476209594));
#9825=CARTESIAN_POINT('Ctrl Pts',(-31.5586191257813,0.,150.047697289601));
#9826=CARTESIAN_POINT('Ctrl Pts',(-31.6912683612966,0.,149.952571676046));
#9827=CARTESIAN_POINT('Ctrl Pts',(-31.7556263870051,0.,149.906419154631));
#9828=CARTESIAN_POINT('Ctrl Pts',(-31.8222405905705,0.,149.860891008932));
#9829=CARTESIAN_POINT('Ctrl Pts',(-31.8911366158355,0.,149.815998102716));
#9830=CARTESIAN_POINT('',(-37.4438320744476,0.,149.170592709036));
#9831=CARTESIAN_POINT('Ctrl Pts',(-31.8911366158355,0.,149.815998102716));
#9832=CARTESIAN_POINT('Ctrl Pts',(-32.6234695636562,0.,149.566955824511));
#9833=CARTESIAN_POINT('Ctrl Pts',(-33.4624249318311,0.,149.420957943534));
#9834=CARTESIAN_POINT('Ctrl Pts',(-35.272820898685,0.,149.210530533925));
#9835=CARTESIAN_POINT('Ctrl Pts',(-36.3940211782029,0.,149.170592709036));
#9836=CARTESIAN_POINT('Ctrl Pts',(-37.4438320744476,0.,149.170592709036));
#9837=CARTESIAN_POINT('',(-42.9965275330596,0.,148.525187315357));
#9838=CARTESIAN_POINT('Ctrl Pts',(-37.4438320744476,0.,149.170592709036));
#9839=CARTESIAN_POINT('Ctrl Pts',(-39.8803776528654,0.,149.170592709036));
#9840=CARTESIAN_POINT('Ctrl Pts',(-41.7312761390694,0.,148.95545757781));
#9841=CARTESIAN_POINT('Ctrl Pts',(-42.9965275330596,0.,148.525187315357));
#9842=CARTESIAN_POINT('',(-46.6279229019619,0.,137.860970727863));
#9843=CARTESIAN_POINT('Ctrl Pts',(-42.9965275330596,0.,148.525187315357));
#9844=CARTESIAN_POINT('Ctrl Pts',(-43.1358905806421,0.,148.432314988868));
#9845=CARTESIAN_POINT('Ctrl Pts',(-43.2658327579877,0.,148.336751689196));
#9846=CARTESIAN_POINT('Ctrl Pts',(-43.3865755151222,0.,148.238596621114));
#9847=CARTESIAN_POINT('Ctrl Pts',(-43.5073182722567,0.,148.140441553032));
#9848=CARTESIAN_POINT('Ctrl Pts',(-43.6188616091801,0.,148.03969471654));
#9849=CARTESIAN_POINT('Ctrl Pts',(-43.7214774418539,0.,147.93646837625));
#9850=CARTESIAN_POINT('Ctrl Pts',(-43.8240932745278,0.,147.83324203596));
#9851=CARTESIAN_POINT('Ctrl Pts',(-43.9177816029522,0.,147.727536191873));
#9852=CARTESIAN_POINT('Ctrl Pts',(-44.0028648090244,0.,147.619476168441));
#9853=CARTESIAN_POINT('Ctrl Pts',(-44.0879480150967,0.,147.511416145008));
#9854=CARTESIAN_POINT('Ctrl Pts',(-44.1644260988168,0.,147.40100194223));
#9855=CARTESIAN_POINT('Ctrl Pts',(-44.2326719080182,0.,147.288371944398));
#9856=CARTESIAN_POINT('Ctrl Pts',(-44.3009177172195,0.,147.175741946567));
#9857=CARTESIAN_POINT('Ctrl Pts',(-44.360931251902,0.,147.060896153681));
#9858=CARTESIAN_POINT('Ctrl Pts',(-44.4131358258348,0.,146.943986009873));
#9859=CARTESIAN_POINT('Ctrl Pts',(-44.4653403997676,0.,146.827075866065));
#9860=CARTESIAN_POINT('Ctrl Pts',(-44.5097360129507,2.18617441494649E-19,
146.708101371335));
#9861=CARTESIAN_POINT('Ctrl Pts',(-44.546796445089,2.16840434497101E-19,
146.587227029652));
#9862=CARTESIAN_POINT('Ctrl Pts',(-44.5838568772274,2.15063427499551E-19,
146.466352687969));
#9863=CARTESIAN_POINT('Ctrl Pts',(-44.613582128321,0.,146.343578499334));
#9864=CARTESIAN_POINT('Ctrl Pts',(-44.6364964440106,0.,146.219082027556));
#9865=CARTESIAN_POINT('Ctrl Pts',(-44.6594107597002,0.,146.094585555779));
#9866=CARTESIAN_POINT('Ctrl Pts',(-44.6755141399858,0.,145.96836680086));
#9867=CARTESIAN_POINT('Ctrl Pts',(-44.6853812964441,0.,145.840616386448));
#9868=CARTESIAN_POINT('Ctrl Pts',(-44.6952484529024,0.,145.712865972035));
#9869=CARTESIAN_POINT('Ctrl Pts',(-44.6988793855334,0.,145.58358389813));
#9870=CARTESIAN_POINT('Ctrl Pts',(-44.6968992718495,0.,145.452973848221));
#9871=CARTESIAN_POINT('Ctrl Pts',(-44.6949191581657,0.,145.322363798312));
#9872=CARTESIAN_POINT('Ctrl Pts',(-44.6873279981669,0.,145.190425772399));
#9873=CARTESIAN_POINT('Ctrl Pts',(-44.6748014353017,0.,145.057376513811));
#9874=CARTESIAN_POINT('Ctrl Pts',(-44.6622748724364,0.,144.924327255222));
#9875=CARTESIAN_POINT('Ctrl Pts',(-44.6448129067046,0.,144.790166763958));
#9876=CARTESIAN_POINT('Ctrl Pts',(-44.6231416474905,0.,144.655124843186));
#9877=CARTESIAN_POINT('Ctrl Pts',(-44.6014703882763,0.,144.520082922413));
#9878=CARTESIAN_POINT('Ctrl Pts',(-44.5755898355796,0.,144.384159572132));
#9879=CARTESIAN_POINT('Ctrl Pts',(-44.5462765647205,0.,144.247597655351));
#9880=CARTESIAN_POINT('Ctrl Pts',(-44.5169632938615,0.,144.11103573857));
#9881=CARTESIAN_POINT('Ctrl Pts',(-44.4842173048401,0.,143.973835255288));
#9882=CARTESIAN_POINT('Ctrl Pts',(-44.4488656389121,0.,143.836252128351));
#9883=CARTESIAN_POINT('Ctrl Pts',(-44.4135139729841,0.,143.698669001415));
#9884=CARTESIAN_POINT('Ctrl Pts',(-44.3755566301495,0.,143.560703230824));
#9885=CARTESIAN_POINT('Ctrl Pts',(-44.3358711175999,0.,143.422623799265));
#9886=CARTESIAN_POINT('Ctrl Pts',(-44.2961856050503,0.,143.284544367706));
#9887=CARTESIAN_POINT('Ctrl Pts',(-44.2547719227858,0.,143.146351275179));
#9888=CARTESIAN_POINT('Ctrl Pts',(-44.2125580439339,0.,143.008326564209));
#9889=CARTESIAN_POINT('Ctrl Pts',(-44.169230746369,0.,142.866661361055));
#9890=CARTESIAN_POINT('Ctrl Pts',(-44.125060247337,0.,142.725173477668));
#9891=CARTESIAN_POINT('Ctrl Pts',(-44.0811051863949,0.,142.584182174492));
#9892=CARTESIAN_POINT('Ctrl Pts',(-44.0382796763396,0.,142.446814045715));
#9893=CARTESIAN_POINT('Ctrl Pts',(-43.9956588988216,0.,142.309917361152));
#9894=CARTESIAN_POINT('Ctrl Pts',(-43.9542730899123,0.,142.173800627469));
#9895=CARTESIAN_POINT('Ctrl Pts',(-43.9128872810029,0.,142.037683893787));
#9896=CARTESIAN_POINT('Ctrl Pts',(-43.8727364407022,0.,141.902347110985));
#9897=CARTESIAN_POINT('Ctrl Pts',(-43.8349012710174,0.,141.768111845569));
#9898=CARTESIAN_POINT('Ctrl Pts',(-43.7970661013325,0.,141.633876580153));
#9899=CARTESIAN_POINT('Ctrl Pts',(-43.7615466022634,0.,141.500742832123));
#9900=CARTESIAN_POINT('Ctrl Pts',(-43.7294739417531,0.,141.369045227824));
#9901=CARTESIAN_POINT('Ctrl Pts',(-43.6974012812428,0.,141.237347623525));
#9902=CARTESIAN_POINT('Ctrl Pts',(-43.6687754592913,0.,141.107086162957));
#9903=CARTESIAN_POINT('Ctrl Pts',(-43.6447781097774,0.,140.978608532306));
#9904=CARTESIAN_POINT('Ctrl Pts',(-43.6207807602636,0.,140.850130901654));
#9905=CARTESIAN_POINT('Ctrl Pts',(-43.6014118831874,0.,140.723437100918));
#9906=CARTESIAN_POINT('Ctrl Pts',(-43.5879035783634,0.,140.598887876122));
#9907=CARTESIAN_POINT('Ctrl Pts',(-43.5743952735395,0.,140.474338651325));
#9908=CARTESIAN_POINT('Ctrl Pts',(-43.5667475409678,0.,140.351934002469));
#9909=CARTESIAN_POINT('Ctrl Pts',(-43.566242946399,0.,140.232047735415));
#9910=CARTESIAN_POINT('Ctrl Pts',(-43.5657383518302,0.,140.112161468362));
#9911=CARTESIAN_POINT('Ctrl Pts',(-43.5723768952642,0.,139.994793583112));
#9912=CARTESIAN_POINT('Ctrl Pts',(-43.5874916083874,0.,139.880330945368));
#9913=CARTESIAN_POINT('Ctrl Pts',(-43.6033538098763,0.,139.760207631876));
#9914=CARTESIAN_POINT('Ctrl Pts',(-43.6285508090396,0.,139.643283904138));
#9915=CARTESIAN_POINT('Ctrl Pts',(-43.664683124102,0.,139.530022377832));
#9916=CARTESIAN_POINT('Ctrl Pts',(-43.6991127445444,0.,139.422098173288));
#9917=CARTESIAN_POINT('Ctrl Pts',(-43.7434717618719,0.,139.317499258755));
#9918=CARTESIAN_POINT('Ctrl Pts',(-43.7991966354027,0.,139.21663926548));
#9919=CARTESIAN_POINT('Ctrl Pts',(-43.8549215089334,0.,139.115779272206));
#9920=CARTESIAN_POINT('Ctrl Pts',(-43.9220122386675,0.,139.01865820019));
#9921=CARTESIAN_POINT('Ctrl Pts',(-44.001955749859,0.,138.925702740521));
#9922=CARTESIAN_POINT('Ctrl Pts',(-44.0818992610505,0.,138.832747280851));
#9923=CARTESIAN_POINT('Ctrl Pts',(-44.1746955536993,0.,138.743957433527));
#9924=CARTESIAN_POINT('Ctrl Pts',(-44.2818820189955,0.,138.659772949475));
#9925=CARTESIAN_POINT('Ctrl Pts',(-44.3890684842919,0.,138.575588465424));
#9926=CARTESIAN_POINT('Ctrl Pts',(-44.5106451222357,0.,138.496009344645));
#9927=CARTESIAN_POINT('Ctrl Pts',(-44.6481997899527,0.,138.421488397904));
#9928=CARTESIAN_POINT('Ctrl Pts',(-44.7857544576696,0.,138.346967451164));
#9929=CARTESIAN_POINT('Ctrl Pts',(-44.9392871551597,0.,138.277504678462));
#9930=CARTESIAN_POINT('Ctrl Pts',(-45.1104362054846,0.,138.213565950404));
#9931=CARTESIAN_POINT('Ctrl Pts',(-45.2815852558095,0.,138.149627222347));
#9932=CARTESIAN_POINT('Ctrl Pts',(-45.4703506589692,0.,138.091212538933));
#9933=CARTESIAN_POINT('Ctrl Pts',(-45.6784212039611,0.,138.038800830608));
#9934=CARTESIAN_POINT('Ctrl Pts',(-45.8864917489529,0.,137.986389122283));
#9935=CARTESIAN_POINT('Ctrl Pts',(-46.113867435777,2.15386729463073E-19,
137.939980389048));
#9936=CARTESIAN_POINT('Ctrl Pts',(-46.3622875193666,2.16840434497101E-19,
137.900066621185));
#9937=CARTESIAN_POINT('Ctrl Pts',(-46.4482857017615,2.17343678795462E-19,
137.886249254091));
#9938=CARTESIAN_POINT('Ctrl Pts',(-46.5368063076357,0.,137.873210364422));
#9939=CARTESIAN_POINT('Ctrl Pts',(-46.6279229019619,0.,137.860970727863));
#9940=CARTESIAN_POINT('',(-48.4865492813174,0.,137.860970727863));
#9941=CARTESIAN_POINT('Origin',(-47.5572360916397,0.,145.458725665894));
#9942=CARTESIAN_POINT('',(-52.8408562372434,0.,148.525187315357));
#9943=CARTESIAN_POINT('Ctrl Pts',(-48.4865492813174,0.,137.860970727863));
#9944=CARTESIAN_POINT('Ctrl Pts',(-48.7834729134381,0.,137.900962881554));
#9945=CARTESIAN_POINT('Ctrl Pts',(-49.0537826791448,0.,137.949079292859));
#9946=CARTESIAN_POINT('Ctrl Pts',(-49.2997104649222,0.,138.004700306961));
#9947=CARTESIAN_POINT('Ctrl Pts',(-49.5456382506995,0.,138.060321321063));
#9948=CARTESIAN_POINT('Ctrl Pts',(-49.7671840565475,-1.70962964971726E-21,
138.123446937961));
#9949=CARTESIAN_POINT('Ctrl Pts',(-49.9665289940063,0.,138.193469304323));
#9950=CARTESIAN_POINT('Ctrl Pts',(-50.1658739314652,1.70962964971814E-21,
138.263491670686));
#9951=CARTESIAN_POINT('Ctrl Pts',(-50.3430180005349,0.,138.340410786513));
#9952=CARTESIAN_POINT('Ctrl Pts',(-50.5000915378114,0.,138.423630599961));
#9953=CARTESIAN_POINT('Ctrl Pts',(-50.6571650750878,0.,138.50685041341));
#9954=CARTESIAN_POINT('Ctrl Pts',(-50.794168080571,0.,138.59637092448));
#9955=CARTESIAN_POINT('Ctrl Pts',(-50.9131801159127,0.,138.691607882816));
#9956=CARTESIAN_POINT('Ctrl Pts',(-51.0321921512543,0.,138.786844841153));
#9957=CARTESIAN_POINT('Ctrl Pts',(-51.1332132164543,0.,138.887798246756));
#9958=CARTESIAN_POINT('Ctrl Pts',(-51.2182720982202,0.,138.993895650758));
#9959=CARTESIAN_POINT('Ctrl Pts',(-51.3033309799861,0.,139.09999305476));
#9960=CARTESIAN_POINT('Ctrl Pts',(-51.3724276783178,0.,139.211234457161));
#9961=CARTESIAN_POINT('Ctrl Pts',(-51.4275402049785,0.,139.327059210583));
#9962=CARTESIAN_POINT('Ctrl Pts',(-51.4826527316392,0.,139.442883964005));
#9963=CARTESIAN_POINT('Ctrl Pts',(-51.5237810866289,0.,139.563292068447));
#9964=CARTESIAN_POINT('Ctrl Pts',(-51.5528525067665,0.,139.687734678019));
#9965=CARTESIAN_POINT('Ctrl Pts',(-51.581923926904,0.,139.81217728759));
#9966=CARTESIAN_POINT('Ctrl Pts',(-51.5989384121895,2.19052307874022E-19,
139.940654402292));
#9967=CARTESIAN_POINT('Ctrl Pts',(-51.6057724244973,2.16840434497101E-19,
140.07262897772));
#9968=CARTESIAN_POINT('Ctrl Pts',(-51.6126064368052,2.14628561120179E-19,
140.204603553149));
#9969=CARTESIAN_POINT('Ctrl Pts',(-51.6092599761355,0.,140.340075589304));
#9970=CARTESIAN_POINT('Ctrl Pts',(-51.5975587294187,0.,140.478519843272));
#9971=CARTESIAN_POINT('Ctrl Pts',(-51.5858574827018,0.,140.616964097239));
#9972=CARTESIAN_POINT('Ctrl Pts',(-51.5658014499377,0.,140.758380569019));
#9973=CARTESIAN_POINT('Ctrl Pts',(-51.5391655431125,0.,140.902255817185));
#9974=CARTESIAN_POINT('Ctrl Pts',(-51.5125296362873,0.,141.04613106535));
#9975=CARTESIAN_POINT('Ctrl Pts',(-51.479313855401,2.19433142155296E-19,
141.192465089901));
#9976=CARTESIAN_POINT('Ctrl Pts',(-51.4412423374954,2.16840434497101E-19,
141.3407562509));
#9977=CARTESIAN_POINT('Ctrl Pts',(-51.4031708195898,2.14247726838902E-19,
141.489047411899));
#9978=CARTESIAN_POINT('Ctrl Pts',(-51.3602435646648,0.,141.639295709345));
#9979=CARTESIAN_POINT('Ctrl Pts',(-51.314133934818,0.,141.791011304789));
#9980=CARTESIAN_POINT('Ctrl Pts',(-51.2668026751224,0.,141.946746457547));
#9981=CARTESIAN_POINT('Ctrl Pts',(-51.2161184181979,0.,142.104027631881));
#9982=CARTESIAN_POINT('Ctrl Pts',(-51.1638354373229,0.,142.262337949006));
#9983=CARTESIAN_POINT('Ctrl Pts',(-51.1129018912704,0.,142.416562243278));
#9984=CARTESIAN_POINT('Ctrl Pts',(-51.0604508558831,0.,142.571763293936));
#9985=CARTESIAN_POINT('Ctrl Pts',(-51.008052798137,0.,142.727475178176));
#9986=CARTESIAN_POINT('Ctrl Pts',(-50.955654740391,0.,142.883187062416));
#9987=CARTESIAN_POINT('Ctrl Pts',(-50.9033096602863,0.,143.039409780236));
#9988=CARTESIAN_POINT('Ctrl Pts',(-50.8525372498548,0.,143.195689210322));
#9989=CARTESIAN_POINT('Ctrl Pts',(-50.8017648394233,0.,143.351968640407));
#9990=CARTESIAN_POINT('Ctrl Pts',(-50.7525650986651,0.,143.508304782756));
#9991=CARTESIAN_POINT('Ctrl Pts',(-50.7064069446677,0.,143.664255317541));
#9992=CARTESIAN_POINT('Ctrl Pts',(-50.6602487906704,0.,143.820205852326));
#9993=CARTESIAN_POINT('Ctrl Pts',(-50.617132223434,0.,143.975770779546));
#9994=CARTESIAN_POINT('Ctrl Pts',(-50.5784753851019,0.,144.13051958086));
#9995=CARTESIAN_POINT('Ctrl Pts',(-50.5398185467697,0.,144.285268382175));
#9996=CARTESIAN_POINT('Ctrl Pts',(-50.5056214373419,0.,144.439201057584));
#9997=CARTESIAN_POINT('Ctrl Pts',(-50.4772514240175,0.,144.591898890235));
#9998=CARTESIAN_POINT('Ctrl Pts',(-50.4488814106931,0.,144.744596722886));
#9999=CARTESIAN_POINT('Ctrl Pts',(-50.4263384934722,0.,144.896059712779));
#10000=CARTESIAN_POINT('Ctrl Pts',(-50.4109392646096,0.,145.045880944549));
#10001=CARTESIAN_POINT('Ctrl Pts',(-50.395540035747,0.,145.195702176319));
#10002=CARTESIAN_POINT('Ctrl Pts',(-50.3872844952427,0.,145.343881649966));
#10003=CARTESIAN_POINT('Ctrl Pts',(-50.3874384604073,0.,145.490024251613));
#10004=CARTESIAN_POINT('Ctrl Pts',(-50.3876000739922,0.,145.643426677495));
#10005=CARTESIAN_POINT('Ctrl Pts',(-50.3970279266842,0.,145.794584726042));
#10006=CARTESIAN_POINT('Ctrl Pts',(-50.4171258228518,0.,145.943055414526));
#10007=CARTESIAN_POINT('Ctrl Pts',(-50.4362725789522,0.,146.084499674998));
#10008=CARTESIAN_POINT('Ctrl Pts',(-50.4651029180959,0.,146.223505017228));
#10009=CARTESIAN_POINT('Ctrl Pts',(-50.5047785853935,0.,146.35970051657));
#10010=CARTESIAN_POINT('Ctrl Pts',(-50.544454252691,0.,146.495896015913));
#10011=CARTESIAN_POINT('Ctrl Pts',(-50.5949752481424,0.,146.629281672367));
#10012=CARTESIAN_POINT('Ctrl Pts',(-50.6574525419138,0.,146.759498362776));
#10013=CARTESIAN_POINT('Ctrl Pts',(-50.7199298356853,0.,146.889715053186));
#10014=CARTESIAN_POINT('Ctrl Pts',(-50.7943634277769,0.,147.01676277755));
#10015=CARTESIAN_POINT('Ctrl Pts',(-50.8818135134105,0.,147.140294214198));
#10016=CARTESIAN_POINT('Ctrl Pts',(-50.9692635990442,0.,147.263825650847));
#10017=CARTESIAN_POINT('Ctrl Pts',(-51.0697301782201,0.,147.38384079978));
#10018=CARTESIAN_POINT('Ctrl Pts',(-51.1842226712157,0.,147.500004140816));
#10019=CARTESIAN_POINT('Ctrl Pts',(-51.2987151642113,0.,147.616167481852));
#10020=CARTESIAN_POINT('Ctrl Pts',(-51.4272335710266,0.,147.728479014991));
#10021=CARTESIAN_POINT('Ctrl Pts',(-51.5707365369953,0.,147.83661502154));
#10022=CARTESIAN_POINT('Ctrl Pts',(-51.7142395029643,0.,147.944751028088));
#10023=CARTESIAN_POINT('Ctrl Pts',(-51.8727270280866,0.,148.048711508046));
#10024=CARTESIAN_POINT('Ctrl Pts',(-52.0471069827514,0.,148.148184544208));
#10025=CARTESIAN_POINT('Ctrl Pts',(-52.221486937416,0.,148.24765758037));
#10026=CARTESIAN_POINT('Ctrl Pts',(-52.4117593216231,2.15231415532407E-19,
148.342643172736));
#10027=CARTESIAN_POINT('Ctrl Pts',(-52.6187812308177,2.16840434497101E-19,
148.432841205588));
#10028=CARTESIAN_POINT('Ctrl Pts',(-52.6907698131673,2.1739994529812E-19,
148.464206139575));
#10029=CARTESIAN_POINT('Ctrl Pts',(-52.7647832819153,0.,148.49499227109));
#10030=CARTESIAN_POINT('Ctrl Pts',(-52.8408562372433,0.,148.525187315357));
#10031=CARTESIAN_POINT('',(-62.4405422113663,0.,149.815998102716));
#10032=CARTESIAN_POINT('Ctrl Pts',(-52.8408562372434,0.,148.525187315357));
#10033=CARTESIAN_POINT('Ctrl Pts',(-56.4262487928119,0.,148.95545757781));
#10034=CARTESIAN_POINT('Ctrl Pts',(-59.6261441175196,0.,149.385727840263));
#10035=CARTESIAN_POINT('Ctrl Pts',(-62.4405422113663,0.,149.815998102716));
#10036=CARTESIAN_POINT('',(-66.8547309363461,0.,160.48021469021));
#10037=CARTESIAN_POINT('Ctrl Pts',(-62.4405422113663,0.,149.815998102716));
#10038=CARTESIAN_POINT('Ctrl Pts',(-62.666487133323,0.,149.90200082458));
#10039=CARTESIAN_POINT('Ctrl Pts',(-62.874638532694,0.,149.993163209364));
#10040=CARTESIAN_POINT('Ctrl Pts',(-63.0659031060253,0.,150.089163509112));
#10041=CARTESIAN_POINT('Ctrl Pts',(-63.2571676793566,0.,150.18516380886));
#10042=CARTESIAN_POINT('Ctrl Pts',(-63.4315454266482,2.18569115518599E-19,
150.286002023574));
#10043=CARTESIAN_POINT('Ctrl Pts',(-63.5899938791186,2.16840434497101E-19,
150.391344863802));
#10044=CARTESIAN_POINT('Ctrl Pts',(-63.7484423315892,2.15111753475601E-19,
150.49668770403));
#10045=CARTESIAN_POINT('Ctrl Pts',(-63.8909614892386,-1.79746318574663E-21,
150.606535169773));
#10046=CARTESIAN_POINT('Ctrl Pts',(-64.0185597179583,0.,150.720542430084));
#10047=CARTESIAN_POINT('Ctrl Pts',(-64.1461579466778,1.79746318574372E-21,
150.834549690395));
#10048=CARTESIAN_POINT('Ctrl Pts',(-64.2588352464677,0.,150.952716745274));
#10049=CARTESIAN_POINT('Ctrl Pts',(-64.3576508178921,0.,151.074687222278));
#10050=CARTESIAN_POINT('Ctrl Pts',(-64.4564663893166,0.,151.196657699283));
#10051=CARTESIAN_POINT('Ctrl Pts',(-64.5414202323756,0.,151.322431598413));
#10052=CARTESIAN_POINT('Ctrl Pts',(-64.613622382306,0.,151.45164100573));
#10053=CARTESIAN_POINT('Ctrl Pts',(-64.6858245322364,0.,151.580850413047));
#10054=CARTESIAN_POINT('Ctrl Pts',(-64.7452749890383,0.,151.71349532855));
#10055=CARTESIAN_POINT('Ctrl Pts',(-64.7931346226212,0.,151.849196296805));
#10056=CARTESIAN_POINT('Ctrl Pts',(-64.8409942562041,0.,151.98489726506));
#10057=CARTESIAN_POINT('Ctrl Pts',(-64.8772630665681,0.,152.123654286067));
#10058=CARTESIAN_POINT('Ctrl Pts',(-64.9031527582956,0.,152.265076362895));
#10059=CARTESIAN_POINT('Ctrl Pts',(-64.9290424500231,0.,152.406498439722));
#10060=CARTESIAN_POINT('Ctrl Pts',(-64.944553023114,0.,152.55058557237));
#10061=CARTESIAN_POINT('Ctrl Pts',(-64.9509470168236,0.,152.696935222412));
#10062=CARTESIAN_POINT('Ctrl Pts',(-64.9573410105332,0.,152.843284872453));
#10063=CARTESIAN_POINT('Ctrl Pts',(-64.9546184248614,0.,152.991897039888));
#10064=CARTESIAN_POINT('Ctrl Pts',(-64.9440926337362,0.,153.142357644793));
#10065=CARTESIAN_POINT('Ctrl Pts',(-64.933566842611,0.,153.292818249698));
#10066=CARTESIAN_POINT('Ctrl Pts',(-64.9152378460323,0.,153.445127292073));
#10067=CARTESIAN_POINT('Ctrl Pts',(-64.8904698526008,0.,153.598859150498));
#10068=CARTESIAN_POINT('Ctrl Pts',(-64.8657018591693,0.,153.752591008923));
#10069=CARTESIAN_POINT('Ctrl Pts',(-64.8344948688851,0.,153.907745683398));
#10070=CARTESIAN_POINT('Ctrl Pts',(-64.7982639250216,0.,154.063886011008));
#10071=CARTESIAN_POINT('Ctrl Pts',(-64.7620329811579,0.,154.220026338619));
#10072=CARTESIAN_POINT('Ctrl Pts',(-64.7207780837148,0.,154.377152319364));
#10073=CARTESIAN_POINT('Ctrl Pts',(-64.6759651106384,0.,154.534815248832));
#10074=CARTESIAN_POINT('Ctrl Pts',(-64.6307804894257,0.,154.693785726759));
#10075=CARTESIAN_POINT('Ctrl Pts',(-64.5819784596378,0.,154.853302112797));
#10076=CARTESIAN_POINT('Ctrl Pts',(-64.5311139995254,0.,155.012892565856));
#10077=CARTESIAN_POINT('Ctrl Pts',(-64.4806679048059,0.,155.171170371095));
#10078=CARTESIAN_POINT('Ctrl Pts',(-64.4281932381909,0.,155.32952101393));
#10079=CARTESIAN_POINT('Ctrl Pts',(-64.37525796856,0.,155.487472611238));
#10080=CARTESIAN_POINT('Ctrl Pts',(-64.322322698929,0.,155.645424208546));
#10081=CARTESIAN_POINT('Ctrl Pts',(-64.2689268262822,0.,155.802976760327));
#10082=CARTESIAN_POINT('Ctrl Pts',(-64.2166891541719,0.,155.959646841965));
#10083=CARTESIAN_POINT('Ctrl Pts',(-64.1644514820616,0.,156.116316923602));
#10084=CARTESIAN_POINT('Ctrl Pts',(-64.1133720104878,0.,156.272104535095));
#10085=CARTESIAN_POINT('Ctrl Pts',(-64.0651203776757,0.,156.42651471033));
#10086=CARTESIAN_POINT('Ctrl Pts',(-64.0168687448635,0.,156.580924885565));
#10087=CARTESIAN_POINT('Ctrl Pts',(-63.9714449508129,0.,156.733957624542));
#10088=CARTESIAN_POINT('Ctrl Pts',(-63.9305694684219,0.,156.885106419652));
#10089=CARTESIAN_POINT('Ctrl Pts',(-63.8896939860308,0.,157.036255214761));
#10090=CARTESIAN_POINT('Ctrl Pts',(-63.8533668152993,0.,157.185520066003));
#10091=CARTESIAN_POINT('Ctrl Pts',(-63.8233592637978,0.,157.332382924271));
#10092=CARTESIAN_POINT('Ctrl Pts',(-63.7933517122963,0.,157.479245782539));
#10093=CARTESIAN_POINT('Ctrl Pts',(-63.769663780025,0.,157.623706647833));
#10094=CARTESIAN_POINT('Ctrl Pts',(-63.7541176092271,0.,157.765235929552));
#10095=CARTESIAN_POINT('Ctrl Pts',(-63.7385714384292,0.,157.90676521127));
#10096=CARTESIAN_POINT('Ctrl Pts',(-63.7311670291047,0.,158.045362909413));
#10097=CARTESIAN_POINT('Ctrl Pts',(-63.7337773581699,0.,158.180487891882));
#10098=CARTESIAN_POINT('Ctrl Pts',(-63.736428277766,0.,158.317714063379));
#10099=CARTESIAN_POINT('Ctrl Pts',(-63.7494076781028,0.,158.451358709354));
#10100=CARTESIAN_POINT('Ctrl Pts',(-63.7747309331295,0.,158.580842877068));
#10101=CARTESIAN_POINT('Ctrl Pts',(-63.7996664418172,0.,158.708344400294));
#10102=CARTESIAN_POINT('Ctrl Pts',(-63.8365708170749,2.05119015514589E-21,
158.831811849065));
#10103=CARTESIAN_POINT('Ctrl Pts',(-63.8874194956416,0.,158.950680828821));
#10104=CARTESIAN_POINT('Ctrl Pts',(-63.9382681742084,-2.05119015514599E-21,
159.069549808576));
#10105=CARTESIAN_POINT('Ctrl Pts',(-64.0030611560842,0.,159.183820319317));
#10106=CARTESIAN_POINT('Ctrl Pts',(-64.083824712681,0.,159.292916424985));
#10107=CARTESIAN_POINT('Ctrl Pts',(-64.1645882692778,0.,159.402012530653));
#10108=CARTESIAN_POINT('Ctrl Pts',(-64.2613224005954,0.,159.505934231249));
#10109=CARTESIAN_POINT('Ctrl Pts',(-64.3761042127185,0.,159.60409404922));
#10110=CARTESIAN_POINT('Ctrl Pts',(-64.4940095182899,0.,159.704925035582));
#10111=CARTESIAN_POINT('Ctrl Pts',(-64.6309578656449,0.,159.799676338733));
#10112=CARTESIAN_POINT('Ctrl Pts',(-64.7892564348303,0.,159.887698524281));
#10113=CARTESIAN_POINT('Ctrl Pts',(-64.9433614306958,0.,159.973388866333));
#10114=CARTESIAN_POINT('Ctrl Pts',(-65.1177006650791,0.,160.052701844631));
#10115=CARTESIAN_POINT('Ctrl Pts',(-65.3144542967459,0.,160.125026584556));
#10116=CARTESIAN_POINT('Ctrl Pts',(-65.519239148709,0.,160.200303523709));
#10117=CARTESIAN_POINT('Ctrl Pts',(-65.7483052131958,0.,160.268010166636));
#10118=CARTESIAN_POINT('Ctrl Pts',(-66.0041691552922,0.,160.327444459578));
#10119=CARTESIAN_POINT('Ctrl Pts',(-66.2600330973886,0.,160.38687875252));
#10120=CARTESIAN_POINT('Ctrl Pts',(-66.5426949170947,0.,160.438040695478));
#10121=CARTESIAN_POINT('Ctrl Pts',(-66.8547309363461,0.,160.48021469021));
#10122=CARTESIAN_POINT('',(-68.7133573157016,0.,160.48021469021));
#10123=CARTESIAN_POINT('Origin',(-67.7840441260238,0.,152.882459752179));
#10124=CARTESIAN_POINT('',(-72.3447526846039,0.,149.815998102716));
#10125=CARTESIAN_POINT('Ctrl Pts',(-68.7133573157017,0.,160.48021469021));
#10126=CARTESIAN_POINT('Ctrl Pts',(-68.9816520709701,0.,160.446310194207));
#10127=CARTESIAN_POINT('Ctrl Pts',(-69.2279008224548,0.,160.405668656774));
#10128=CARTESIAN_POINT('Ctrl Pts',(-69.453880346655,0.,160.358790375422));
#10129=CARTESIAN_POINT('Ctrl Pts',(-69.6798598708551,0.,160.31191209407));
#10130=CARTESIAN_POINT('Ctrl Pts',(-69.8855701677707,0.,160.2587970688));
#10131=CARTESIAN_POINT('Ctrl Pts',(-70.0727375754853,0.,160.199932431399));
#10132=CARTESIAN_POINT('Ctrl Pts',(-70.2599049831997,0.,160.141067793999));
#10133=CARTESIAN_POINT('Ctrl Pts',(-70.4285295017131,0.,160.076453544468));
#10134=CARTESIAN_POINT('Ctrl Pts',(-70.5802870306933,0.,160.006563648871));
#10135=CARTESIAN_POINT('Ctrl Pts',(-70.7320445596735,0.,159.936673753274));
#10136=CARTESIAN_POINT('Ctrl Pts',(-70.8669350991205,0.,159.86150821161));
#10137=CARTESIAN_POINT('Ctrl Pts',(-70.9865841102863,0.,159.781527824218));
#10138=CARTESIAN_POINT('Ctrl Pts',(-71.106233121452,0.,159.701547436826));
#10139=CARTESIAN_POINT('Ctrl Pts',(-71.2106406043364,0.,159.616752203706));
#10140=CARTESIAN_POINT('Ctrl Pts',(-71.3013815817759,0.,159.527589759473));
#10141=CARTESIAN_POINT('Ctrl Pts',(-71.3921225592155,0.,159.43842731524));
#10142=CARTESIAN_POINT('Ctrl Pts',(-71.4691970312101,0.,159.344897659893));
#10143=CARTESIAN_POINT('Ctrl Pts',(-71.5341295821803,0.,159.247435262321));
#10144=CARTESIAN_POINT('Ctrl Pts',(-71.5990621331505,0.,159.14997286475));
#10145=CARTESIAN_POINT('Ctrl Pts',(-71.6518527630964,0.,159.048577724954));
#10146=CARTESIAN_POINT('Ctrl Pts',(-71.6939756180228,0.,158.943671146099));
#10147=CARTESIAN_POINT('Ctrl Pts',(-71.7360984729492,0.,158.838764567243));
#10148=CARTESIAN_POINT('Ctrl Pts',(-71.7675535528562,0.,158.730346549329));
#10149=CARTESIAN_POINT('Ctrl Pts',(-71.7897645653329,0.,158.618825229794));
#10150=CARTESIAN_POINT('Ctrl Pts',(-71.8119755778096,0.,158.50730391026));
#10151=CARTESIAN_POINT('Ctrl Pts',(-71.824942522856,0.,158.392679289106));
#10152=CARTESIAN_POINT('Ctrl Pts',(-71.8300386696456,0.,158.275346338048));
#10153=CARTESIAN_POINT('Ctrl Pts',(-71.8351348164351,0.,158.15801338699));
#10154=CARTESIAN_POINT('Ctrl Pts',(-71.8323601649679,0.,158.037972106028));
#10155=CARTESIAN_POINT('Ctrl Pts',(-71.8230375460016,0.,157.915604301153));
#10156=CARTESIAN_POINT('Ctrl Pts',(-71.8137149270353,0.,157.793236496278));
#10157=CARTESIAN_POINT('Ctrl Pts',(-71.7978443405699,0.,157.668542167489));
#10158=CARTESIAN_POINT('Ctrl Pts',(-71.7766981789474,0.,157.541889955052));
#10159=CARTESIAN_POINT('Ctrl Pts',(-71.7555520173249,0.,157.415237742616));
#10160=CARTESIAN_POINT('Ctrl Pts',(-71.7291302805454,0.,157.286627646532));
#10161=CARTESIAN_POINT('Ctrl Pts',(-71.6986549225351,0.,157.156415141342));
#10162=CARTESIAN_POINT('Ctrl Pts',(-71.6681795645247,0.,157.026202636152));
#10163=CARTESIAN_POINT('Ctrl Pts',(-71.6336505852836,0.,156.894387721856));
#10164=CARTESIAN_POINT('Ctrl Pts',(-71.5962395003224,0.,156.761312707271));
#10165=CARTESIAN_POINT('Ctrl Pts',(-71.5588284153611,0.,156.628237692685));
#10166=CARTESIAN_POINT('Ctrl Pts',(-71.5185352246796,0.,156.49390257781));
#10167=CARTESIAN_POINT('Ctrl Pts',(-71.4764810053729,0.,156.358636505737));
#10168=CARTESIAN_POINT('Ctrl Pts',(-71.4344267860661,0.,156.223370433664));
#10169=CARTESIAN_POINT('Ctrl Pts',(-71.390611538134,0.,156.087173404394));
#10170=CARTESIAN_POINT('Ctrl Pts',(-71.3461059002557,0.,155.950361395293));
#10171=CARTESIAN_POINT('Ctrl Pts',(-71.3001607290219,0.,155.809124206374));
#10172=CARTESIAN_POINT('Ctrl Pts',(-71.2534800787443,0.,155.667231688094));
#10173=CARTESIAN_POINT('Ctrl Pts',(-71.2071854837744,0.,155.525016761783));
#10174=CARTESIAN_POINT('Ctrl Pts',(-71.1623413701468,0.,155.387257649316));
#10175=CARTESIAN_POINT('Ctrl Pts',(-71.1178592230808,0.,155.249195943285));
#10176=CARTESIAN_POINT('Ctrl Pts',(-71.0747071729954,0.,155.111120863761));
#10177=CARTESIAN_POINT('Ctrl Pts',(-71.03155512291,0.,154.973045784238));
#10178=CARTESIAN_POINT('Ctrl Pts',(-70.9897331698052,0.,154.834957331222));
#10179=CARTESIAN_POINT('Ctrl Pts',(-70.950159005684,0.,154.697131559063));
#10180=CARTESIAN_POINT('Ctrl Pts',(-70.9105848415629,0.,154.559305786904));
#10181=CARTESIAN_POINT('Ctrl Pts',(-70.8732584664255,0.,154.421742695602));
#10182=CARTESIAN_POINT('Ctrl Pts',(-70.8390471338592,0.,154.284705173779));
#10183=CARTESIAN_POINT('Ctrl Pts',(-70.8048358012929,0.,154.147667651956));
#10184=CARTESIAN_POINT('Ctrl Pts',(-70.7737395112977,0.,154.011155699614));
#10185=CARTESIAN_POINT('Ctrl Pts',(-70.7465750790454,0.,153.87541903965));
#10186=CARTESIAN_POINT('Ctrl Pts',(-70.7194106467931,0.,153.739682379686));
#10187=CARTESIAN_POINT('Ctrl Pts',(-70.6961780722837,0.,153.604721012101));
#10188=CARTESIAN_POINT('Ctrl Pts',(-70.6776437322731,0.,153.470771494069));
#10189=CARTESIAN_POINT('Ctrl Pts',(-70.6591093922625,0.,153.336821976037));
#10190=CARTESIAN_POINT('Ctrl Pts',(-70.6452732867508,0.,153.203884307558));
#10191=CARTESIAN_POINT('Ctrl Pts',(-70.6368513540781,0.,153.072181880082));
#10192=CARTESIAN_POINT('Ctrl Pts',(-70.6284294214055,0.,152.940479452606));
#10193=CARTESIAN_POINT('Ctrl Pts',(-70.625421661572,0.,152.810012266132));
#10194=CARTESIAN_POINT('Ctrl Pts',(-70.6284935745023,0.,152.680990546385));
#10195=CARTESIAN_POINT('Ctrl Pts',(-70.6315654874325,0.,152.551968826639));
#10196=CARTESIAN_POINT('Ctrl Pts',(-70.6407170731264,2.14960672427122E-19,
152.42439257362));
#10197=CARTESIAN_POINT('Ctrl Pts',(-70.6565633930929,2.16840434497101E-19,
152.298458847328));
#10198=CARTESIAN_POINT('Ctrl Pts',(-70.6724097130593,2.1872019656708E-19,
152.172525121037));
#10199=CARTESIAN_POINT('Ctrl Pts',(-70.6949507672983,0.,152.048233921473));
#10200=CARTESIAN_POINT('Ctrl Pts',(-70.724751178903,0.,151.925769142912));
#10201=CARTESIAN_POINT('Ctrl Pts',(-70.7545515905077,0.,151.803304364351));
#10202=CARTESIAN_POINT('Ctrl Pts',(-70.7916113594781,0.,151.682666006793));
#10203=CARTESIAN_POINT('Ctrl Pts',(-70.8364446704915,0.,151.564024798788));
#10204=CARTESIAN_POINT('Ctrl Pts',(-70.881277981505,0.,151.445383590784));
#10205=CARTESIAN_POINT('Ctrl Pts',(-70.9338848345615,0.,151.328739532334));
#10206=CARTESIAN_POINT('Ctrl Pts',(-70.9947289759228,0.,151.214250186263));
#10207=CARTESIAN_POINT('Ctrl Pts',(-71.0555731172842,0.,151.099760840192));
#10208=CARTESIAN_POINT('Ctrl Pts',(-71.1246545469503,0.,150.987426206501));
#10209=CARTESIAN_POINT('Ctrl Pts',(-71.2023865727672,0.,150.877390682291));
#10210=CARTESIAN_POINT('Ctrl Pts',(-71.280118598584,0.,150.767355158082));
#10211=CARTESIAN_POINT('Ctrl Pts',(-71.3665012205517,0.,150.659618743353));
#10212=CARTESIAN_POINT('Ctrl Pts',(-71.4618973081004,0.,150.554312669482));
#10213=CARTESIAN_POINT('Ctrl Pts',(-71.557293395649,0.,150.449006595612));
#10214=CARTESIAN_POINT('Ctrl Pts',(-71.6617029487787,0.,150.346130862599));
#10215=CARTESIAN_POINT('Ctrl Pts',(-71.7754383985039,0.,150.245803536097));
#10216=CARTESIAN_POINT('Ctrl Pts',(-71.8891738482291,0.,150.145476209594));
#10217=CARTESIAN_POINT('Ctrl Pts',(-72.01223519455,0.,150.047697289601));
#10218=CARTESIAN_POINT('Ctrl Pts',(-72.1448844300652,0.,149.952571676045));
#10219=CARTESIAN_POINT('Ctrl Pts',(-72.2092424557736,0.,149.906419154631));
#10220=CARTESIAN_POINT('Ctrl Pts',(-72.2758566593389,0.,149.860891008932));
#10221=CARTESIAN_POINT('Ctrl Pts',(-72.3447526846038,0.,149.815998102716));
#10222=CARTESIAN_POINT('',(-77.8974481432159,0.,149.170592709036));
#10223=CARTESIAN_POINT('Ctrl Pts',(-72.3447526846039,0.,149.815998102716));
#10224=CARTESIAN_POINT('Ctrl Pts',(-73.6100040785941,0.,149.385727840263));
#10225=CARTESIAN_POINT('Ctrl Pts',(-75.4609025647981,0.,149.170592709036));
#10226=CARTESIAN_POINT('Ctrl Pts',(-77.8974481432159,0.,149.170592709036));
#10227=CARTESIAN_POINT('',(-83.450143601828,0.,148.525187315357));
#10228=CARTESIAN_POINT('Ctrl Pts',(-77.8974481432159,0.,149.170592709036));
#10229=CARTESIAN_POINT('Ctrl Pts',(-80.3339937216338,0.,149.170592709036));
#10230=CARTESIAN_POINT('Ctrl Pts',(-82.1848922078378,0.,148.95545757781));
#10231=CARTESIAN_POINT('Ctrl Pts',(-83.450143601828,0.,148.525187315357));
#10232=CARTESIAN_POINT('',(-87.0815389707303,0.,137.860970727863));
#10233=CARTESIAN_POINT('Ctrl Pts',(-83.450143601828,0.,148.525187315357));
#10234=CARTESIAN_POINT('Ctrl Pts',(-83.5858800792678,0.,148.431359378044));
#10235=CARTESIAN_POINT('Ctrl Pts',(-83.7125528711432,0.,148.334880048323));
#10236=CARTESIAN_POINT('Ctrl Pts',(-83.830363577745,0.,148.235849770196));
#10237=CARTESIAN_POINT('Ctrl Pts',(-83.948174284347,0.,148.136819492069));
#10238=CARTESIAN_POINT('Ctrl Pts',(-84.0571229056755,-1.54358731397305E-21,
148.035238265536));
#10239=CARTESIAN_POINT('Ctrl Pts',(-84.1574616005667,0.,147.931219231198));
#10240=CARTESIAN_POINT('Ctrl Pts',(-84.2578002954579,1.54358731397239E-21,
147.82720019686));
#10241=CARTESIAN_POINT('Ctrl Pts',(-84.3495290639117,0.,147.720743354718));
#10242=CARTESIAN_POINT('Ctrl Pts',(-84.4329506233093,0.,147.61197454197));
#10243=CARTESIAN_POINT('Ctrl Pts',(-84.5163721827069,0.,147.503205729223));
#10244=CARTESIAN_POINT('Ctrl Pts',(-84.5914865330483,0.,147.392124945871));
#10245=CARTESIAN_POINT('Ctrl Pts',(-84.6586469502597,0.,147.278870725712));
#10246=CARTESIAN_POINT('Ctrl Pts',(-84.725807367471,0.,147.165616505554));
#10247=CARTESIAN_POINT('Ctrl Pts',(-84.7850138515522,0.,147.050188848588));
#10248=CARTESIAN_POINT('Ctrl Pts',(-84.8366702369745,0.,146.932738985214));
#10249=CARTESIAN_POINT('Ctrl Pts',(-84.8883266223967,0.,146.815289121839));
#10250=CARTESIAN_POINT('Ctrl Pts',(-84.93243290916,0.,146.695817052055));
#10251=CARTESIAN_POINT('Ctrl Pts',(-84.9694434902803,0.,146.574486702857));
#10252=CARTESIAN_POINT('Ctrl Pts',(-85.0064540714006,0.,146.453156353658));
#10253=CARTESIAN_POINT('Ctrl Pts',(-85.036368946878,0.,146.329967725046));
#10254=CARTESIAN_POINT('Ctrl Pts',(-85.0596930682736,0.,146.205097440614));
#10255=CARTESIAN_POINT('Ctrl Pts',(-85.0830171896692,0.,146.080227156182));
#10256=CARTESIAN_POINT('Ctrl Pts',(-85.0997505569831,0.,145.953675215929));
#10257=CARTESIAN_POINT('Ctrl Pts',(-85.1104486803211,0.,145.825630940049));
#10258=CARTESIAN_POINT('Ctrl Pts',(-85.1211468036592,0.,145.697586664169));
#10259=CARTESIAN_POINT('Ctrl Pts',(-85.1258096830216,0.,145.568050052662));
#10260=CARTESIAN_POINT('Ctrl Pts',(-85.1250433870593,0.,145.437223122318));
#10261=CARTESIAN_POINT('Ctrl Pts',(-85.1242770910971,0.,145.306396191974));
#10262=CARTESIAN_POINT('Ctrl Pts',(-85.1180816198101,2.18964691607555E-19,
145.174278942793));
#10263=CARTESIAN_POINT('Ctrl Pts',(-85.1071136003946,2.16840434497101E-19,
145.041086088166));
#10264=CARTESIAN_POINT('Ctrl Pts',(-85.0961455809791,2.14716177386643E-19,
144.907893233539));
#10265=CARTESIAN_POINT('Ctrl Pts',(-85.080405013435,0.,144.773624773465));
#10266=CARTESIAN_POINT('Ctrl Pts',(-85.0605990835033,0.,144.638508117932));
#10267=CARTESIAN_POINT('Ctrl Pts',(-85.0407931535716,0.,144.5033914624));
#10268=CARTESIAN_POINT('Ctrl Pts',(-85.0169218612524,-2.34477241759736E-21,
144.367426611408));
#10269=CARTESIAN_POINT('Ctrl Pts',(-84.9897429508317,0.,144.230853671545));
#10270=CARTESIAN_POINT('Ctrl Pts',(-84.9625640404111,2.34477241759506E-21,
144.094280731682));
#10271=CARTESIAN_POINT('Ctrl Pts',(-84.9320775118889,0.,143.957099702947));
#10272=CARTESIAN_POINT('Ctrl Pts',(-84.8990916680964,0.,143.819563388526));
#10273=CARTESIAN_POINT('Ctrl Pts',(-84.8661058243038,0.,143.682027074105));
#10274=CARTESIAN_POINT('Ctrl Pts',(-84.8306206652409,0.,143.544135473997));
#10275=CARTESIAN_POINT('Ctrl Pts',(-84.7934950522835,0.,143.406154087986));
#10276=CARTESIAN_POINT('Ctrl Pts',(-84.7563694393262,0.,143.268172701976));
#10277=CARTESIAN_POINT('Ctrl Pts',(-84.7176033724746,0.,143.130101530063));
#10278=CARTESIAN_POINT('Ctrl Pts',(-84.6781062716496,0.,142.99221876863));
#10279=CARTESIAN_POINT('Ctrl Pts',(-84.6379517891723,0.,142.85204111477));
#10280=CARTESIAN_POINT('Ctrl Pts',(-84.5970415896931,0.,142.712058158609));
#10281=CARTESIAN_POINT('Ctrl Pts',(-84.5563848290493,0.,142.572575671928));
#10282=CARTESIAN_POINT('Ctrl Pts',(-84.5163936730116,0.,142.435376696872));
#10283=CARTESIAN_POINT('Ctrl Pts',(-84.4766478668973,0.,142.298661974258));
#10284=CARTESIAN_POINT('Ctrl Pts',(-84.4381587892034,0.,142.162735304986));
#10285=CARTESIAN_POINT('Ctrl Pts',(-84.3996697115095,0.,142.026808635713));
#10286=CARTESIAN_POINT('Ctrl Pts',(-84.3624373622361,0.,141.891670019782));
#10287=CARTESIAN_POINT('Ctrl Pts',(-84.3275236784252,0.,141.75763595469));
#10288=CARTESIAN_POINT('Ctrl Pts',(-84.2926099946143,0.,141.623601889598));
#10289=CARTESIAN_POINT('Ctrl Pts',(-84.2600149762659,0.,141.490672375344));
#10290=CARTESIAN_POINT('Ctrl Pts',(-84.2308511189672,0.,141.359176606026));
#10291=CARTESIAN_POINT('Ctrl Pts',(-84.2016872616685,0.,141.227680836708));
#10292=CARTESIAN_POINT('Ctrl Pts',(-84.1759545654193,0.,141.097618812324));
#10293=CARTESIAN_POINT('Ctrl Pts',(-84.1548160843519,0.,140.969332423571));
#10294=CARTESIAN_POINT('Ctrl Pts',(-84.1336776032845,0.,140.841046034817));
#10295=CARTESIAN_POINT('Ctrl Pts',(-84.1171333373988,0.,140.714535281693));
#10296=CARTESIAN_POINT('Ctrl Pts',(-84.1063968993718,0.,140.590154751492));
#10297=CARTESIAN_POINT('Ctrl Pts',(-84.0956604613448,0.,140.465774221291));
#10298=CARTESIAN_POINT('Ctrl Pts',(-84.0907318511766,0.,140.343523914013));
#10299=CARTESIAN_POINT('Ctrl Pts',(-84.0928752400893,0.,140.22377111355));
#10300=CARTESIAN_POINT('Ctrl Pts',(-84.0950186290019,0.,140.104018313087));
#10301=CARTESIAN_POINT('Ctrl Pts',(-84.1042340169953,0.,139.986763019439));
#10302=CARTESIAN_POINT('Ctrl Pts',(-84.1218361338366,0.,139.872385213096));
#10303=CARTESIAN_POINT('Ctrl Pts',(-84.139987561976,0.,139.754438005308));
#10304=CARTESIAN_POINT('Ctrl Pts',(-84.1670570539046,1.93717413554985E-21,
139.639550612005));
#10305=CARTESIAN_POINT('Ctrl Pts',(-84.2045426135366,0.,139.528153849677));
#10306=CARTESIAN_POINT('Ctrl Pts',(-84.240893758771,-1.87855000797059E-21,
139.420128254602));
#10307=CARTESIAN_POINT('Ctrl Pts',(-84.2870403413879,0.,139.315385282534));
#10308=CARTESIAN_POINT('Ctrl Pts',(-84.3443997860308,0.,139.214330703385));
#10309=CARTESIAN_POINT('Ctrl Pts',(-84.4017592306738,0.,139.113276124237));
#10310=CARTESIAN_POINT('Ctrl Pts',(-84.4703315373428,0.,139.015909938009));
#10311=CARTESIAN_POINT('Ctrl Pts',(-84.5515846892262,0.,138.92265061121));
#10312=CARTESIAN_POINT('Ctrl Pts',(-84.6328378411095,0.,138.829391284412));
#10313=CARTESIAN_POINT('Ctrl Pts',(-84.7267718382071,0.,138.740238817043));
#10314=CARTESIAN_POINT('Ctrl Pts',(-84.8349052222525,0.,138.655624372213));
#10315=CARTESIAN_POINT('Ctrl Pts',(-84.9430386062982,0.,138.571009927383));
#10316=CARTESIAN_POINT('Ctrl Pts',(-85.0653713772917,0.,138.490933505092));
#10317=CARTESIAN_POINT('Ctrl Pts',(-85.2034726355115,0.,138.415838965046));
#10318=CARTESIAN_POINT('Ctrl Pts',(-85.3415738937311,0.,138.340744425001));
#10319=CARTESIAN_POINT('Ctrl Pts',(-85.495443639177,0.,138.270631767202));
#10320=CARTESIAN_POINT('Ctrl Pts',(-85.6667015306724,0.,138.205957547954));
#10321=CARTESIAN_POINT('Ctrl Pts',(-85.8379594221676,0.,138.141283328707));
#10322=CARTESIAN_POINT('Ctrl Pts',(-86.0266054597122,0.,138.082047548011));
#10323=CARTESIAN_POINT('Ctrl Pts',(-86.2343098606748,0.,138.028719458771));
#10324=CARTESIAN_POINT('Ctrl Pts',(-86.4420142616376,0.,137.975391369532));
#10325=CARTESIAN_POINT('Ctrl Pts',(-86.6687770260182,0.,137.927970971749));
#10326=CARTESIAN_POINT('Ctrl Pts',(-86.9163189297302,0.,137.886940214924));
#10327=CARTESIAN_POINT('Ctrl Pts',(-86.970394411661,0.,137.877977053876));
#10328=CARTESIAN_POINT('Ctrl Pts',(-87.0254616722244,0.,137.869318856617));
#10329=CARTESIAN_POINT('Ctrl Pts',(-87.0815389707303,0.,137.860970727863));
#10330=CARTESIAN_POINT('',(-88.9401653500858,0.,137.860970727863));
#10331=CARTESIAN_POINT('Origin',(-88.010852160408,0.,145.458725665894));
#10332=CARTESIAN_POINT('',(-92.5715607189881,0.,148.525187315357));
#10333=CARTESIAN_POINT('Ctrl Pts',(-88.9401653500858,0.,137.860970727863));
#10334=CARTESIAN_POINT('Ctrl Pts',(-89.2082225663648,0.,137.894869755926));
#10335=CARTESIAN_POINT('Ctrl Pts',(-89.4542692433085,-1.47798011787916E-21,
137.935478353478));
#10336=CARTESIAN_POINT('Ctrl Pts',(-89.6800787536754,0.,137.982298055912));
#10337=CARTESIAN_POINT('Ctrl Pts',(-89.9058882640423,1.47798011787916E-21,
138.029117758346));
#10338=CARTESIAN_POINT('Ctrl Pts',(-90.1114606078324,2.18368404767847E-19,
138.082148565662));
#10339=CARTESIAN_POINT('Ctrl Pts',(-90.2985187325486,2.16840434497101E-19,
138.140905229288));
#10340=CARTESIAN_POINT('Ctrl Pts',(-90.4855768572649,2.15312464226354E-19,
138.199661892915));
#10341=CARTESIAN_POINT('Ctrl Pts',(-90.6541207629072,0.,138.264144412853));
#10342=CARTESIAN_POINT('Ctrl Pts',(-90.8058229717227,0.,138.333880756571));
#10343=CARTESIAN_POINT('Ctrl Pts',(-90.9575251805381,0.,138.403617100289));
#10344=CARTESIAN_POINT('Ctrl Pts',(-91.0923856925268,0.,138.478607267787));
#10345=CARTESIAN_POINT('Ctrl Pts',(-91.21202660468,0.,138.558392442571));
#10346=CARTESIAN_POINT('Ctrl Pts',(-91.3316675168332,0.,138.638177617355));
#10347=CARTESIAN_POINT('Ctrl Pts',(-91.436088829151,0.,138.722757799426));
#10348=CARTESIAN_POINT('Ctrl Pts',(-91.5268622133692,0.,138.811687388328));
#10349=CARTESIAN_POINT('Ctrl Pts',(-91.6176355975873,0.,138.900616977231));
#10350=CARTESIAN_POINT('Ctrl Pts',(-91.6947610537058,0.,138.993895972965));
#10351=CARTESIAN_POINT('Ctrl Pts',(-91.7597598282046,0.,139.091091991115));
#10352=CARTESIAN_POINT('Ctrl Pts',(-91.8247586027034,0.,139.188288009266));
#10353=CARTESIAN_POINT('Ctrl Pts',(-91.8776306955826,0.,139.289401049832));
#10354=CARTESIAN_POINT('Ctrl Pts',(-91.9198469280664,0.,139.394011944436));
#10355=CARTESIAN_POINT('Ctrl Pts',(-91.9620631605503,0.,139.49862283904));
#10356=CARTESIAN_POINT('Ctrl Pts',(-91.9936235326389,0.,139.606731587682));
#10357=CARTESIAN_POINT('Ctrl Pts',(-92.0159484403008,0.,139.717932238024));
#10358=CARTESIAN_POINT('Ctrl Pts',(-92.0382733479626,0.,139.829132888365));
#10359=CARTESIAN_POINT('Ctrl Pts',(-92.0513627911978,0.,139.943425440405));
#10360=CARTESIAN_POINT('Ctrl Pts',(-92.0565867407192,0.,140.060417157844));
#10361=CARTESIAN_POINT('Ctrl Pts',(-92.0618106902405,0.,140.177408875283));
#10362=CARTESIAN_POINT('Ctrl Pts',(-92.0591691460482,0.,140.297099758121));
#10363=CARTESIAN_POINT('Ctrl Pts',(-92.0499816535992,0.,140.419110286094));
#10364=CARTESIAN_POINT('Ctrl Pts',(-92.0407941611502,0.,140.541120814068));
#10365=CARTESIAN_POINT('Ctrl Pts',(-92.0250607204447,0.,140.665450987178));
#10366=CARTESIAN_POINT('Ctrl Pts',(-92.0040504516841,0.,140.791734501201));
#10367=CARTESIAN_POINT('Ctrl Pts',(-91.9830401829234,0.,140.918018015224));
#10368=CARTESIAN_POINT('Ctrl Pts',(-91.9567530861077,0.,141.046254870159));
#10369=CARTESIAN_POINT('Ctrl Pts',(-91.9264078561828,0.,141.176091977823));
#10370=CARTESIAN_POINT('Ctrl Pts',(-91.8960626262578,0.,141.305929085486));
#10371=CARTESIAN_POINT('Ctrl Pts',(-91.8616592632237,0.,141.437366445877));
#10372=CARTESIAN_POINT('Ctrl Pts',(-91.8243660367703,0.,141.570064186849));
#10373=CARTESIAN_POINT('Ctrl Pts',(-91.787072810317,0.,141.702761927821));
#10374=CARTESIAN_POINT('Ctrl Pts',(-91.7468897204444,0.,141.836720049374));
#10375=CARTESIAN_POINT('Ctrl Pts',(-91.7049346115872,0.,141.9716118954));
#10376=CARTESIAN_POINT('Ctrl Pts',(-91.6629795027299,0.,142.106503741426));
#10377=CARTESIAN_POINT('Ctrl Pts',(-91.6192523748879,0.,142.242329311925));
#10378=CARTESIAN_POINT('Ctrl Pts',(-91.5748206472398,0.,142.378775166828));
#10379=CARTESIAN_POINT('Ctrl Pts',(-91.5288187438492,0.,142.520042890762));
#10380=CARTESIAN_POINT('Ctrl Pts',(-91.4820618848999,0.,142.66197542937));
#10381=CARTESIAN_POINT('Ctrl Pts',(-91.435677749432,0.,142.804239850821));
#10382=CARTESIAN_POINT('Ctrl Pts',(-91.3908768363742,0.,142.941648383121));
#10383=CARTESIAN_POINT('Ctrl Pts',(-91.3464233345709,0.,143.079366607931));
#10384=CARTESIAN_POINT('Ctrl Pts',(-91.3032820307079,0.,143.2171079843));
#10385=CARTESIAN_POINT('Ctrl Pts',(-91.260140726845,0.,143.354849360669));
#10386=CARTESIAN_POINT('Ctrl Pts',(-91.2183116209224,0.,143.492613888597));
#10387=CARTESIAN_POINT('Ctrl Pts',(-91.1787090743704,0.,143.630128243173));
#10388=CARTESIAN_POINT('Ctrl Pts',(-91.1391065278183,0.,143.767642597748));
#10389=CARTESIAN_POINT('Ctrl Pts',(-91.1017305406368,0.,143.904906778972));
#10390=CARTESIAN_POINT('Ctrl Pts',(-91.0674450490003,0.,144.04166067797));
#10391=CARTESIAN_POINT('Ctrl Pts',(-91.0331595573638,0.,144.178414576968));
#10392=CARTESIAN_POINT('Ctrl Pts',(-91.0019645612723,0.,144.314658193741));
#10393=CARTESIAN_POINT('Ctrl Pts',(-90.9746735716445,0.,144.450144635453));
#10394=CARTESIAN_POINT('Ctrl Pts',(-90.9473825820168,0.,144.585631077166));
#10395=CARTESIAN_POINT('Ctrl Pts',(-90.9239955988528,0.,144.720360343819));
#10396=CARTESIAN_POINT('Ctrl Pts',(-90.9052757078156,0.,144.854098758615));
#10397=CARTESIAN_POINT('Ctrl Pts',(-90.8865558167785,0.,144.987837173412));
#10398=CARTESIAN_POINT('Ctrl Pts',(-90.8725030178681,0.,145.120584736353));
#10399=CARTESIAN_POINT('Ctrl Pts',(-90.8638299714919,0.,145.25212098668));
#10400=CARTESIAN_POINT('Ctrl Pts',(-90.8551569251157,0.,145.383657237007));
#10401=CARTESIAN_POINT('Ctrl Pts',(-90.8518636312737,0.,145.51398217472));
#10402=CARTESIAN_POINT('Ctrl Pts',(-90.8546123251175,0.,145.642888555101));
#10403=CARTESIAN_POINT('Ctrl Pts',(-90.8573610189613,0.,145.771794935482));
#10404=CARTESIAN_POINT('Ctrl Pts',(-90.8661517004909,0.,145.89928275853));
#10405=CARTESIAN_POINT('Ctrl Pts',(-90.8815961796022,0.,146.025157995565));
#10406=CARTESIAN_POINT('Ctrl Pts',(-90.8970406587136,0.,146.151033232601));
#10407=CARTESIAN_POINT('Ctrl Pts',(-90.9191389354067,0.,146.275295883623));
#10408=CARTESIAN_POINT('Ctrl Pts',(-90.9484523943219,0.,146.397765135989));
#10409=CARTESIAN_POINT('Ctrl Pts',(-90.977765853237,0.,146.520234388356));
#10410=CARTESIAN_POINT('Ctrl Pts',(-91.0142944943741,0.,146.640910242068));
#10411=CARTESIAN_POINT('Ctrl Pts',(-91.0585492771178,0.,146.75962510052));
#10412=CARTESIAN_POINT('Ctrl Pts',(-91.1028040598615,0.,146.878339958973));
#10413=CARTESIAN_POINT('Ctrl Pts',(-91.1547849842117,1.67096445176683E-21,
146.995093822168));
#10414=CARTESIAN_POINT('Ctrl Pts',(-91.2149525842974,0.,147.109732309538));
#10415=CARTESIAN_POINT('Ctrl Pts',(-91.2751201843829,-1.67096445176527E-21,
147.224370796909));
#10416=CARTESIAN_POINT('Ctrl Pts',(-91.3434744602039,0.,147.336893908456));
#10417=CARTESIAN_POINT('Ctrl Pts',(-91.4204255206333,0.,147.447160479652));
#10418=CARTESIAN_POINT('Ctrl Pts',(-91.4973765810628,0.,147.557427050849));
#10419=CARTESIAN_POINT('Ctrl Pts',(-91.5829244261008,1.55586578197023E-21,
147.665437081695));
#10420=CARTESIAN_POINT('Ctrl Pts',(-91.6774287393648,0.,147.771062623704));
#10421=CARTESIAN_POINT('Ctrl Pts',(-91.7719330526287,-1.5558657819703E-21,
147.876688165712));
#10422=CARTESIAN_POINT('Ctrl Pts',(-91.8753938341186,0.,147.979929218882));
#10423=CARTESIAN_POINT('Ctrl Pts',(-91.9881203421962,0.,148.080671050764));
#10424=CARTESIAN_POINT('Ctrl Pts',(-92.1008468502738,0.,148.181412882647));
#10425=CARTESIAN_POINT('Ctrl Pts',(-92.222839084939,2.1538483285458E-19,
148.279655493242));
#10426=CARTESIAN_POINT('Ctrl Pts',(-92.354355879298,2.16840434497101E-19,
148.375297366138));
#10427=CARTESIAN_POINT('Ctrl Pts',(-92.4240710888472,2.1761202852829E-19,
148.425995782588));
#10428=CARTESIAN_POINT('Ctrl Pts',(-92.4964617664246,0.,148.475963637265));
#10429=CARTESIAN_POINT('Ctrl Pts',(-92.5715607189881,0.,148.525187315357));
#10430=CARTESIAN_POINT('Ctrl Pts',(-92.5715607189881,0.,148.525187315357));
#10431=CARTESIAN_POINT('Ctrl Pts',(-93.3038936668088,0.,148.774229593562));
#10432=CARTESIAN_POINT('Ctrl Pts',(-94.1428490349837,0.,148.920227474539));
#10433=CARTESIAN_POINT('Ctrl Pts',(-95.9532450018376,0.,149.130654884148));
#10434=CARTESIAN_POINT('Ctrl Pts',(-97.0744452813555,0.,149.170592709036));
#10435=CARTESIAN_POINT('Ctrl Pts',(-98.1242561776001,0.,149.170592709036));
#10436=CARTESIAN_POINT('Origin',(-112.764312078722,2.,323.75));
#10437=CARTESIAN_POINT('',(-114.763997583397,2.0354666377653,4.));
#10438=CARTESIAN_POINT('',(-114.763997583397,2.0354666377653,323.75));
#10439=CARTESIAN_POINT('',(-114.764312078722,2.,4.));
#10440=CARTESIAN_POINT('Origin',(-112.764312078722,2.,4.));
#10441=CARTESIAN_POINT('',(-113.121765737575,0.0322025302961775,4.));
#10442=CARTESIAN_POINT('Origin',(-112.764312078722,2.,4.));
#10443=CARTESIAN_POINT('',(-113.690940997738,0.227612106100225,5.00100000000164));
#10444=CARTESIAN_POINT('Origin',(-112.764312078632,2.00000000019673,3.54577405906996));
#10445=CARTESIAN_POINT('Origin',(-112.764312078713,2.0000000000018,6.45622594079556));
#10446=CARTESIAN_POINT('Origin',(0.,0.,323.75));
#10447=CARTESIAN_POINT('',(-114.043492868972,13.,4.));
#10448=CARTESIAN_POINT('',(-114.043492868972,13.,323.75));
#10449=CARTESIAN_POINT('Origin',(0.,0.,4.));
#10450=CARTESIAN_POINT('Origin',(-114.043492868972,13.,323.75));
#10451=CARTESIAN_POINT('',(-105.053941035748,12.5664589549222,11.5));
#10452=CARTESIAN_POINT('',(-105.053941035747,12.5664589549222,161.8745));
#10453=CARTESIAN_POINT('',(-102.55684330436,12.4460308853552,8.99999999999979));
#10454=CARTESIAN_POINT('Origin',(-102.55684330427,12.4460308873983,11.4999999999999));
#10455=CARTESIAN_POINT('',(-11.4627180607102,8.0528149633784,8.99999999999979));
#10456=CARTESIAN_POINT('',(-102.552228784351,12.4458083414015,8.9999999999998));
#10457=CARTESIAN_POINT('',(-8.96562032939775,7.93238689747241,11.4999999999996));
#10458=CARTESIAN_POINT('Origin',(-11.462718060775,8.05281496586429,11.499999999941));
#10459=CARTESIAN_POINT('',(-8.96562032950141,7.93238689531293,149.170592709036));
#10460=CARTESIAN_POINT('',(-8.96562032950136,7.93238689531293,161.8745));
#10461=CARTESIAN_POINT('',(0.,7.5,149.170592709036));
#10462=CARTESIAN_POINT('',(-56.8412899834434,10.2412970880164,149.170592709036));
#10463=CARTESIAN_POINT('',(0.,7.5,4.));
#10464=CARTESIAN_POINT('',(0.,7.5,323.75));
#10465=CARTESIAN_POINT('',(-4.,7.69290885824828,0.));
#10466=CARTESIAN_POINT('Origin',(-4.,7.69290885824828,3.99999999999999));
#10467=CARTESIAN_POINT('',(-110.039290704737,12.8068884830755,0.));
#10468=CARTESIAN_POINT('',(-114.043492868972,13.,0.));
#10469=CARTESIAN_POINT('Origin',(-110.038730363509,12.8068614593786,4.00061055785421));
#10470=CARTESIAN_POINT('',(-7.15886416894477,7.84525207829642,5.00099999999967));
#10471=CARTESIAN_POINT('',(-2.76397216159049,7.63329867848062,5.00099999999967));
#10472=CARTESIAN_POINT('Origin',(-4.96141816526763,7.73927537838852,5.00099999999967));
#10473=CARTESIAN_POINT('Origin',(-4.96141816526763,7.73927537838852,5.00099999999967));
#10474=CARTESIAN_POINT('',(-111.237897615835,12.8646939557526,5.00100000000001));
#10475=CARTESIAN_POINT('',(-106.84300560848,12.6527405559368,5.00100000000001));
#10476=CARTESIAN_POINT('Origin',(-109.040451612158,12.7587172558447,5.00100000000001));
#10477=CARTESIAN_POINT('Origin',(-109.040451612158,12.7587172558447,5.00100000000001));
#10478=CARTESIAN_POINT('Ctrl Pts',(-104.973501788712,14.1376116574218,11.5));
#10479=CARTESIAN_POINT('Ctrl Pts',(-104.97350178871,14.1376116574217,372.3988));
#10480=CARTESIAN_POINT('Ctrl Pts',(-105.001295504021,13.6230381180874,11.5));
#10481=CARTESIAN_POINT('Ctrl Pts',(-105.00129550402,13.6230381180874,372.3988));
#10482=CARTESIAN_POINT('Ctrl Pts',(-105.028242515199,13.099322420709,11.5));
#10483=CARTESIAN_POINT('Ctrl Pts',(-105.028242515198,13.0993224207089,372.3988));
#10484=CARTESIAN_POINT('Ctrl Pts',(-105.197808848735,9.58333386416225,11.5));
#10485=CARTESIAN_POINT('Ctrl Pts',(-105.197808848734,9.58333386416218,372.3988));
#10486=CARTESIAN_POINT('Ctrl Pts',(-105.288756103692,6.59768161262651,11.5));
#10487=CARTESIAN_POINT('Ctrl Pts',(-105.28875610369,6.59768161262644,372.3988));
#10488=CARTESIAN_POINT('Ctrl Pts',(-105.326729834646,3.61145109472471,11.5));
#10489=CARTESIAN_POINT('Ctrl Pts',(-105.326729834644,3.61145109472464,372.3988));
#10490=CARTESIAN_POINT('',(-105.210356207959,8.71136571397043,11.4999999999998));
#10491=CARTESIAN_POINT('',(-105.210356207948,8.71136571397003,312.249));
#10492=CARTESIAN_POINT('Origin',(147.218795557422,0.400115520820046,11.5000000023214));
#10493=CARTESIAN_POINT('Origin',(-100.213064188938,8.54682855482571,161.8745));
#10494=CARTESIAN_POINT('',(-100.276640427924,3.54723276498065,13.9999999999998));
#10495=CARTESIAN_POINT('',(-100.276640427923,3.54723276498063,312.249));
#10496=CARTESIAN_POINT('',(-105.212659978784,8.61040479381107,11.4999999999998));
#10497=CARTESIAN_POINT('Ctrl Pts',(-100.276640427924,3.54723276498066,13.9999999999998));
#10498=CARTESIAN_POINT('Ctrl Pts',(-100.381993231072,3.54857246028249,13.9473193396103));
#10499=CARTESIAN_POINT('Ctrl Pts',(-100.488859586145,3.55330581932329,13.8938603887997));
#10500=CARTESIAN_POINT('Ctrl Pts',(-100.596873471192,3.56167064100356,13.839804631913));
#10501=CARTESIAN_POINT('Ctrl Pts',(-100.705696955238,3.57009815972746,13.7853437096471));
#10502=CARTESIAN_POINT('Ctrl Pts',(-100.815685030608,3.58221194334462,13.7302771029079));
#10503=CARTESIAN_POINT('Ctrl Pts',(-100.926429894504,3.5982177115442,13.6748073887215));
#10504=CARTESIAN_POINT('Ctrl Pts',(-101.038981028024,3.61448453684285,13.6184329530315));
#10505=CARTESIAN_POINT('Ctrl Pts',(-101.152313598707,3.63477154244211,13.5616422715521));
#10506=CARTESIAN_POINT('Ctrl Pts',(-101.265968368785,3.65925327718895,13.5046638348889));
#10507=CARTESIAN_POINT('Ctrl Pts',(-101.380812886875,3.68399128886292,13.4470889429984));
#10508=CARTESIAN_POINT('Ctrl Pts',(-101.495986031919,3.71301245392947,13.3893225202358));
#10509=CARTESIAN_POINT('Ctrl Pts',(-101.610986990232,3.74645235145164,13.33161409124));
#10510=CARTESIAN_POINT('Ctrl Pts',(-101.727950990517,3.78046306093335,13.2729205915988));
#10511=CARTESIAN_POINT('Ctrl Pts',(-101.844736450572,3.81904481789589,13.2142872938551));
#10512=CARTESIAN_POINT('Ctrl Pts',(-101.960794571381,3.862291965842,13.1559879755338));
#10513=CARTESIAN_POINT('Ctrl Pts',(-102.035906669858,3.8902812526984,13.1182570170424));
#10514=CARTESIAN_POINT('Ctrl Pts',(-102.110713680993,3.92022369212141,13.0806661724802));
#10515=CARTESIAN_POINT('Ctrl Pts',(-102.185063452153,3.95213390709531,13.0432914190466));
#10516=CARTESIAN_POINT('Ctrl Pts',(-102.298586613329,4.00085696866106,12.9862246642773));
#10517=CARTESIAN_POINT('Ctrl Pts',(-102.41104703367,4.05412645372279,12.929660332518));
#10518=CARTESIAN_POINT('Ctrl Pts',(-102.521929434144,4.1118573491148,12.8738565829383));
#10519=CARTESIAN_POINT('Ctrl Pts',(-102.634289754995,4.17035772339946,12.8173090408514));
#10520=CARTESIAN_POINT('Ctrl Pts',(-102.745029160742,4.23343914629995,12.7615427662139));
#10521=CARTESIAN_POINT('Ctrl Pts',(-102.85361324091,4.30095961640419,12.7068258454532));
#10522=CARTESIAN_POINT('Ctrl Pts',(-102.917713505129,4.34081886618685,12.6745248942221));
#10523=CARTESIAN_POINT('Ctrl Pts',(-102.981062737855,4.38222406230954,12.6425895998348));
#10524=CARTESIAN_POINT('Ctrl Pts',(-103.043552497653,4.42513764765731,12.6110744173996));
#10525=CARTESIAN_POINT('Ctrl Pts',(-103.148914439228,4.49749284132176,12.5579376983399));
#10526=CARTESIAN_POINT('Ctrl Pts',(-103.251829759203,4.57413727579106,12.5059969218059));
#10527=CARTESIAN_POINT('Ctrl Pts',(-103.351833807022,4.65479186033794,12.4554861686473));
#10528=CARTESIAN_POINT('Ctrl Pts',(-103.451913941516,4.73550780979151,12.4049369850923));
#10529=CARTESIAN_POINT('Ctrl Pts',(-103.549077863427,4.82023963582892,12.355820258519));
#10530=CARTESIAN_POINT('Ctrl Pts',(-103.642884187013,4.90866324584269,12.3083587244173));
#10531=CARTESIAN_POINT('Ctrl Pts',(-103.694032251207,4.95687637592142,12.2824802388293));
#10532=CARTESIAN_POINT('Ctrl Pts',(-103.744182571717,5.0061863322667,12.2570936115447));
#10533=CARTESIAN_POINT('Ctrl Pts',(-103.793267464813,5.0565356583165,12.2322330469802));
#10534=CARTESIAN_POINT('Ctrl Pts',(-103.88262397318,5.14819400145895,12.1869756754056));
#10535=CARTESIAN_POINT('Ctrl Pts',(-103.968445631129,5.24329678369406,12.1434636877096));
#10536=CARTESIAN_POINT('Ctrl Pts',(-104.050404646335,5.34142019193146,12.1018636612498));
#10537=CARTESIAN_POINT('Ctrl Pts',(-104.131546204879,5.43856492035498,12.0606785521567));
#10538=CARTESIAN_POINT('Ctrl Pts',(-104.208901496305,5.53866979861434,12.0213676040584));
#10539=CARTESIAN_POINT('Ctrl Pts',(-104.282191639717,5.64129778350852,11.9840730246873));
#10540=CARTESIAN_POINT('Ctrl Pts',(-104.324638838283,5.70073647813426,11.9624732522985));
#10541=CARTESIAN_POINT('Ctrl Pts',(-104.365723201971,5.76102106889451,11.9415494643725));
#10542=CARTESIAN_POINT('Ctrl Pts',(-104.405397227884,5.82206366761699,11.9213259691973));
#10543=CARTESIAN_POINT('Ctrl Pts',(-104.473650914619,5.92707903509741,11.8865342365054));
#10544=CARTESIAN_POINT('Ctrl Pts',(-104.537726705633,6.03433621540169,11.8538170301967));
#10545=CARTESIAN_POINT('Ctrl Pts',(-104.597476567182,6.1433402820031,11.8232515077158));
#10546=CARTESIAN_POINT('Ctrl Pts',(-104.656403403229,6.25084287020308,11.7931070105532));
#10547=CARTESIAN_POINT('Ctrl Pts',(-104.711122589043,6.36004405608976,11.7650553693844));
#10548=CARTESIAN_POINT('Ctrl Pts',(-104.761536993142,6.47046420999725,11.73914819533));
#10549=CARTESIAN_POINT('Ctrl Pts',(-104.79507372486,6.54391804019012,11.721914193235));
#10550=CARTESIAN_POINT('Ctrl Pts',(-104.826706430978,6.61791120089881,11.7056286981171));
#10551=CARTESIAN_POINT('Ctrl Pts',(-104.856417983354,6.69230286347124,11.6903011686902));
#10552=CARTESIAN_POINT('Ctrl Pts',(-104.901265073533,6.80459082331162,11.6671655517509));
#10553=CARTESIAN_POINT('Ctrl Pts',(-104.941732348022,6.91778389101442,11.6462139112852));
#10554=CARTESIAN_POINT('Ctrl Pts',(-104.977857399629,7.03138185348414,11.6274306325741));
#10555=CARTESIAN_POINT('Ctrl Pts',(-105.013543319241,7.14359893211312,11.608875681251));
#10556=CARTESIAN_POINT('Ctrl Pts',(-105.04499201573,7.25621072564529,11.5924366607672));
#10557=CARTESIAN_POINT('Ctrl Pts',(-105.072282948576,7.36874982958125,11.5780768161773));
#10558=CARTESIAN_POINT('Ctrl Pts',(-105.093737318336,7.45722080864165,11.5667880332957));
#10559=CARTESIAN_POINT('Ctrl Pts',(-105.112623003765,7.54564709697328,11.5567837728773));
#10560=CARTESIAN_POINT('Ctrl Pts',(-105.128997256521,7.63381044161206,11.5480367989784));
#10561=CARTESIAN_POINT('Ctrl Pts',(-105.150102528739,7.74744685703416,11.5367625583772));
#10562=CARTESIAN_POINT('Ctrl Pts',(-105.167034215053,7.8606427454595,11.5275777427334));
#10563=CARTESIAN_POINT('Ctrl Pts',(-105.180004880343,7.97294578813452,11.5203789538695));
#10564=CARTESIAN_POINT('Ctrl Pts',(-105.192888345789,8.08449383423107,11.5132285613876));
#10565=CARTESIAN_POINT('Ctrl Pts',(-105.201864038083,8.19516071875215,11.5080374996196));
#10566=CARTESIAN_POINT('Ctrl Pts',(-105.207175980396,8.30453520897382,11.5046863813056));
#10567=CARTESIAN_POINT('Ctrl Pts',(-105.212188664665,8.40774788605159,11.5015240544075));
#10568=CARTESIAN_POINT('Ctrl Pts',(-105.213939172845,8.50980977049081,11.4999999999998));
#10569=CARTESIAN_POINT('Ctrl Pts',(-105.212659978784,8.61040479381107,11.4999999999998));
#10570=CARTESIAN_POINT('Origin',(-100.213064188939,8.54682855482574,11.4999999999998));
#10571=CARTESIAN_POINT('Origin',(-102.826931939723,3.57966297523202,11.4999999999998));
#10572=CARTESIAN_POINT('',(-92.5715607189881,3.44925284628967,148.525187315357));
#10573=CARTESIAN_POINT('Ctrl Pts',(-98.1242561776001,3.51986245321166,149.170592709036));
#10574=CARTESIAN_POINT('Ctrl Pts',(-97.7979768851,3.51571339573823,149.170592709036));
#10575=CARTESIAN_POINT('Ctrl Pts',(-97.4647970784989,3.51147665280555,149.166736726028));
#10576=CARTESIAN_POINT('Ctrl Pts',(-97.1291589720665,3.50720873099591,149.157778274265));
#10577=CARTESIAN_POINT('Ctrl Pts',(-96.7570368125272,3.50247688365764,149.147846033699));
#10578=CARTESIAN_POINT('Ctrl Pts',(-96.3818989672188,3.49770671071529,149.131639511951));
#10579=CARTESIAN_POINT('Ctrl Pts',(-96.0098230839566,3.4929752212341,149.10745126899));
#10580=CARTESIAN_POINT('Ctrl Pts',(-95.720075466229,3.48929065615705,149.088615095806));
#10581=CARTESIAN_POINT('Ctrl Pts',(-95.4321862332666,3.48562954967676,149.064938047419));
#10582=CARTESIAN_POINT('Ctrl Pts',(-95.1489943522922,3.48202826874574,149.035625243247));
#10583=CARTESIAN_POINT('Ctrl Pts',(-95.0685288197127,3.48100500851989,149.027296366052));
#10584=CARTESIAN_POINT('Ctrl Pts',(-94.9884422373401,3.479986578269,149.018512595495));
#10585=CARTESIAN_POINT('Ctrl Pts',(-94.90879894828,3.47897381223917,149.009255984493));
#10586=CARTESIAN_POINT('Ctrl Pts',(-94.7127471694042,3.4764807637466,148.986469694843));
#10587=CARTESIAN_POINT('Ctrl Pts',(-94.5118971818365,3.47392676128079,148.959950742945));
#10588=CARTESIAN_POINT('Ctrl Pts',(-94.3092586237811,3.47135015540281,148.928928631045));
#10589=CARTESIAN_POINT('Ctrl Pts',(-94.0147828374091,3.4676058135097,148.883847078531));
#10590=CARTESIAN_POINT('Ctrl Pts',(-93.7165389428333,3.46381373748656,148.829252392713));
#10591=CARTESIAN_POINT('Ctrl Pts',(-93.4238400465361,3.46009162130913,148.76275177012));
#10592=CARTESIAN_POINT('Ctrl Pts',(-93.2430112686863,3.45779210556823,148.721667821866));
#10593=CARTESIAN_POINT('Ctrl Pts',(-93.0642998449787,3.45551929170288,148.676039326846));
#10594=CARTESIAN_POINT('Ctrl Pts',(-92.8898719234642,3.4533009316705,148.625313036741));
#10595=CARTESIAN_POINT('Ctrl Pts',(-92.7819617087717,3.45192853839034,148.593931106552));
#10596=CARTESIAN_POINT('Ctrl Pts',(-92.6756902601177,3.45057698625429,148.560598337391));
#10597=CARTESIAN_POINT('Ctrl Pts',(-92.5715607189881,3.44925284628967,148.525187315357));
#10598=CARTESIAN_POINT('',(-88.9401653500858,3.40307502121575,137.860970727863));
#10599=CARTESIAN_POINT('Ctrl Pts',(-92.5715607189881,3.44925284628967,148.525187315357));
#10600=CARTESIAN_POINT('Ctrl Pts',(-92.4441243046344,3.44763232969694,148.441658999406));
#10601=CARTESIAN_POINT('Ctrl Pts',(-92.3198207258366,3.44605154157298,148.352934134198));
#10602=CARTESIAN_POINT('Ctrl Pts',(-92.2001501043281,3.44452981183829,148.258544126357));
#10603=CARTESIAN_POINT('Ctrl Pts',(-92.0510760540769,3.44263418856769,148.140962211976));
#10604=CARTESIAN_POINT('Ctrl Pts',(-91.9091954978702,3.4408302106836,148.014586998813));
#10605=CARTESIAN_POINT('Ctrl Pts',(-91.777473522118,3.43915524392549,147.87851983703));
#10606=CARTESIAN_POINT('Ctrl Pts',(-91.6820237593415,3.4379415119054,147.779921419873));
#10607=CARTESIAN_POINT('Ctrl Pts',(-91.5919108972784,3.43679552225739,147.676233655884));
#10608=CARTESIAN_POINT('Ctrl Pts',(-91.5082441585238,3.43573149248786,147.567130716873));
#10609=CARTESIAN_POINT('Ctrl Pts',(-91.4764496555433,3.43532714664886,147.525670110529));
#10610=CARTESIAN_POINT('Ctrl Pts',(-91.4455856425855,3.43493463666673,147.483427708365));
#10611=CARTESIAN_POINT('Ctrl Pts',(-91.415711023323,3.43455474276857,147.440386563284));
#10612=CARTESIAN_POINT('Ctrl Pts',(-91.3087407807587,3.43319447966102,147.28627173795));
#10613=CARTESIAN_POINT('Ctrl Pts',(-91.2172202950393,3.43203069809767,147.125911221572));
#10614=CARTESIAN_POINT('Ctrl Pts',(-91.1410056263083,3.4310615786076,146.958860177274));
#10615=CARTESIAN_POINT('Ctrl Pts',(-91.0767350052841,3.43024433551634,146.817988681818));
#10616=CARTESIAN_POINT('Ctrl Pts',(-91.0233537534989,3.42956552210182,146.672358119112));
#10617=CARTESIAN_POINT('Ctrl Pts',(-90.9807768325628,3.42902404725814,146.521712402004));
#10618=CARTESIAN_POINT('Ctrl Pts',(-90.9638468842304,3.4288087395063,146.461810836765));
#10619=CARTESIAN_POINT('Ctrl Pts',(-90.9486248786249,3.42861514652713,146.401116541082));
#10620=CARTESIAN_POINT('Ctrl Pts',(-90.9351030891435,3.42844319972268,146.339614612589));
#10621=CARTESIAN_POINT('Ctrl Pts',(-90.8966861484877,3.42795467930966,146.164880644102));
#10622=CARTESIAN_POINT('Ctrl Pts',(-90.8730533747706,3.42765427635181,145.98843006247));
#10623=CARTESIAN_POINT('Ctrl Pts',(-90.86173426552,3.42751033266229,145.81115968647));
#10624=CARTESIAN_POINT('Ctrl Pts',(-90.8484431572943,3.42734131130968,145.603005519878));
#10625=CARTESIAN_POINT('Ctrl Pts',(-90.8521231445751,3.42738801431262,145.393723554481));
#10626=CARTESIAN_POINT('Ctrl Pts',(-90.8687303422894,3.42759918706903,145.184751823095));
#10627=CARTESIAN_POINT('Ctrl Pts',(-90.8721972923897,3.42764327189428,145.141126488011));
#10628=CARTESIAN_POINT('Ctrl Pts',(-90.8762277414314,3.42769452456296,145.097514545357));
#10629=CARTESIAN_POINT('Ctrl Pts',(-90.8807852227487,3.42775247875238,145.05392883539));
#10630=CARTESIAN_POINT('Ctrl Pts',(-90.9150667722366,3.42818841239075,144.726075451208));
#10631=CARTESIAN_POINT('Ctrl Pts',(-90.9796238785631,3.42900923358761,144.395386047981));
#10632=CARTESIAN_POINT('Ctrl Pts',(-91.0615356675347,3.43005080838863,144.065350002687));
#10633=CARTESIAN_POINT('Ctrl Pts',(-91.1342337037088,3.43097522285342,143.772437680045));
#10634=CARTESIAN_POINT('Ctrl Pts',(-91.220598665776,3.43207352160528,143.480039616545));
#10635=CARTESIAN_POINT('Ctrl Pts',(-91.3116134634234,3.43323096137035,143.190558717099));
#10636=CARTESIAN_POINT('Ctrl Pts',(-91.3443985225784,3.43364789061863,143.08628283386));
#10637=CARTESIAN_POINT('Ctrl Pts',(-91.3777872633152,3.43407249377668,142.982385128854));
#10638=CARTESIAN_POINT('Ctrl Pts',(-91.4113595083953,3.43449940770457,142.878976775985));
#10639=CARTESIAN_POINT('Ctrl Pts',(-91.5083551471911,3.43573283099954,142.580213341507));
#10640=CARTESIAN_POINT('Ctrl Pts',(-91.606878919353,3.43698550945001,142.285537291763));
#10641=CARTESIAN_POINT('Ctrl Pts',(-91.696831930995,3.43812934219237,141.997604988419));
#10642=CARTESIAN_POINT('Ctrl Pts',(-91.814778960118,3.4396291438256,141.62006610286));
#10643=CARTESIAN_POINT('Ctrl Pts',(-91.9179936216532,3.44094181093986,141.254121551781));
#10644=CARTESIAN_POINT('Ctrl Pts',(-91.9837900222249,3.44177856430661,140.905689484682));
#10645=CARTESIAN_POINT('Ctrl Pts',(-92.0221591564127,3.44226651656437,140.702501519661));
#10646=CARTESIAN_POINT('Ctrl Pts',(-92.0478053086724,3.44259262803687,140.505267545468));
#10647=CARTESIAN_POINT('Ctrl Pts',(-92.0562200004118,3.44269963157786,140.315157871272));
#10648=CARTESIAN_POINT('Ctrl Pts',(-92.0615063464125,3.44276685421161,140.195725627405));
#10649=CARTESIAN_POINT('Ctrl Pts',(-92.0601392322692,3.44274938374799,140.075904587924));
#10650=CARTESIAN_POINT('Ctrl Pts',(-92.0498307395787,3.44261821767456,139.957091178055));
#10651=CARTESIAN_POINT('Ctrl Pts',(-92.0416424704386,3.44251402949269,139.862714996526));
#10652=CARTESIAN_POINT('Ctrl Pts',(-92.0278080490888,3.44233810524111,139.768975564596));
#10653=CARTESIAN_POINT('Ctrl Pts',(-92.0071821255867,3.44207590953793,139.676563040292));
#10654=CARTESIAN_POINT('Ctrl Pts',(-91.9943670022045,3.4419130043334,139.619146076592));
#10655=CARTESIAN_POINT('Ctrl Pts',(-91.9789304183305,3.44171679593513,139.562241096915));
#10656=CARTESIAN_POINT('Ctrl Pts',(-91.9606076157947,3.44148379812454,139.506009055834));
#10657=CARTESIAN_POINT('Ctrl Pts',(-91.913807330761,3.44088867279222,139.362380615509));
#10658=CARTESIAN_POINT('Ctrl Pts',(-91.8501007697055,3.44007860797835,139.229038567619));
#10659=CARTESIAN_POINT('Ctrl Pts',(-91.7691092903029,3.43904868863318,139.105227329636));
#10660=CARTESIAN_POINT('Ctrl Pts',(-91.7283253739893,3.43853006439403,139.04288117661));
#10661=CARTESIAN_POINT('Ctrl Pts',(-91.6831595086451,3.43795569147199,138.98295201567));
#10662=CARTESIAN_POINT('Ctrl Pts',(-91.6335577851927,3.43732494227609,138.925348150283));
#10663=CARTESIAN_POINT('Ctrl Pts',(-91.5722025901051,3.43654473269318,138.854094650352));
#10664=CARTESIAN_POINT('Ctrl Pts',(-91.5055641444406,3.43569714795902,138.788155127684));
#10665=CARTESIAN_POINT('Ctrl Pts',(-91.4347453462353,3.4347965608828,138.727035841407));
#10666=CARTESIAN_POINT('Ctrl Pts',(-91.3202999623656,3.43334118411479,138.628265170949));
#10667=CARTESIAN_POINT('Ctrl Pts',(-91.1949449916691,3.43174738872655,138.542078173669));
#10668=CARTESIAN_POINT('Ctrl Pts',(-91.0634926260909,3.43007583310312,138.466387649483));
#10669=CARTESIAN_POINT('Ctrl Pts',(-91.0531892435612,3.42994481471534,138.460454942064));
#10670=CARTESIAN_POINT('Ctrl Pts',(-91.0428483832871,3.42981331859988,138.45458675071));
#10671=CARTESIAN_POINT('Ctrl Pts',(-91.0324723395796,3.42968137396631,138.448782089413));
#10672=CARTESIAN_POINT('Ctrl Pts',(-90.7550113611756,3.42615310363935,138.293562330495));
#10673=CARTESIAN_POINT('Ctrl Pts',(-90.4114610112644,3.42178452642173,138.160871874293));
#10674=CARTESIAN_POINT('Ctrl Pts',(-89.9904378837486,3.41643066639306,138.053701313177));
#10675=CARTESIAN_POINT('Ctrl Pts',(-89.6831089378876,3.41252257666743,137.975471369445));
#10676=CARTESIAN_POINT('Ctrl Pts',(-89.3345001283454,3.40808949101625,137.910839057841));
#10677=CARTESIAN_POINT('Ctrl Pts',(-88.9401653500858,3.40307502121575,137.860970727863));
#10678=CARTESIAN_POINT('',(-87.0815389707303,3.37944021555437,137.860970727863));
#10679=CARTESIAN_POINT('Origin',(-88.010852160408,3.39125761838506,145.458725665894));
#10680=CARTESIAN_POINT('',(-83.450143601828,3.33326239048045,148.525187315357));
#10681=CARTESIAN_POINT('Ctrl Pts',(-87.0815389707303,3.37944021555437,137.860970727863));
#10682=CARTESIAN_POINT('Ctrl Pts',(-86.8859895983663,3.37695355580157,137.890081818835));
#10683=CARTESIAN_POINT('Ctrl Pts',(-86.7027587082282,3.37462287465901,137.922956091736));
#10684=CARTESIAN_POINT('Ctrl Pts',(-86.5310084628025,3.37243836519295,137.959390373387));
#10685=CARTESIAN_POINT('Ctrl Pts',(-86.3555461150562,3.37020664110639,137.9966121228));
#10686=CARTESIAN_POINT('Ctrl Pts',(-86.1920662568106,3.36812747550495,138.037549488833));
#10687=CARTESIAN_POINT('Ctrl Pts',(-86.0397291728506,3.36619041172953,138.082001387138));
#10688=CARTESIAN_POINT('Ctrl Pts',(-85.8816945607081,3.36418090022724,138.128115821818));
#10689=CARTESIAN_POINT('Ctrl Pts',(-85.7356519222354,3.36232431876856,138.178012626843));
#10690=CARTESIAN_POINT('Ctrl Pts',(-85.600718519902,3.36060899300427,138.231483242164));
#10691=CARTESIAN_POINT('Ctrl Pts',(-85.5078797450006,3.35942879047651,138.268272846026));
#10692=CARTESIAN_POINT('Ctrl Pts',(-85.4203011387118,3.35831545710199,138.306754596103));
#10693=CARTESIAN_POINT('Ctrl Pts',(-85.3377088233108,3.35726519043985,138.34686454785));
#10694=CARTESIAN_POINT('Ctrl Pts',(-85.2260541943403,3.35584535938277,138.401088258116));
#10695=CARTESIAN_POINT('Ctrl Pts',(-85.1168633152453,3.35445709863609,138.461512499386));
#10696=CARTESIAN_POINT('Ctrl Pts',(-85.0125733690598,3.35313108968318,138.529157394727));
#10697=CARTESIAN_POINT('Ctrl Pts',(-84.9310966182952,3.35209514226044,138.582005118594));
#10698=CARTESIAN_POINT('Ctrl Pts',(-84.8526149154971,3.3510971905321,138.639261429356));
#10699=CARTESIAN_POINT('Ctrl Pts',(-84.7782853450767,3.35015186469355,138.701419780011));
#10700=CARTESIAN_POINT('Ctrl Pts',(-84.7108598446346,3.34929434503637,138.757804579168));
#10701=CARTESIAN_POINT('Ctrl Pts',(-84.6468526001103,3.34848012903511,138.818223612524));
#10702=CARTESIAN_POINT('Ctrl Pts',(-84.5870912882769,3.34772013707084,138.883040461322));
#10703=CARTESIAN_POINT('Ctrl Pts',(-84.5823437404648,3.34765976192049,138.888189630228));
#10704=CARTESIAN_POINT('Ctrl Pts',(-84.5776229610213,3.34759972897825,138.893366548648));
#10705=CARTESIAN_POINT('Ctrl Pts',(-84.5729293494622,3.34754004371913,138.898571395909));
#10706=CARTESIAN_POINT('Ctrl Pts',(-84.4756841237089,3.34630344660757,139.006408727675));
#10707=CARTESIAN_POINT('Ctrl Pts',(-84.3933555255228,3.34525661638416,139.122620238646));
#10708=CARTESIAN_POINT('Ctrl Pts',(-84.3258426891945,3.34439809209728,139.247874690104));
#10709=CARTESIAN_POINT('Ctrl Pts',(-84.2839162021439,3.34386493559913,139.325659588839));
#10710=CARTESIAN_POINT('Ctrl Pts',(-84.2477049934636,3.34340440110921,139.406932904512));
#10711=CARTESIAN_POINT('Ctrl Pts',(-84.2171722819858,3.34301613872894,139.491856358185));
#10712=CARTESIAN_POINT('Ctrl Pts',(-84.181714106861,3.34256524279445,139.590479459338));
#10713=CARTESIAN_POINT('Ctrl Pts',(-84.1549071192333,3.34222445504149,139.691272513945));
#10714=CARTESIAN_POINT('Ctrl Pts',(-84.1354136270993,3.34197656272929,139.793485100541));
#10715=CARTESIAN_POINT('Ctrl Pts',(-84.1090880512553,3.34164178906117,139.931521178537));
#10716=CARTESIAN_POINT('Ctrl Pts',(-84.0960911615702,3.34147643780676,140.072144576859));
#10717=CARTESIAN_POINT('Ctrl Pts',(-84.0930773979706,3.34143811395761,140.213462088624));
#10718=CARTESIAN_POINT('Ctrl Pts',(-84.0896744519121,3.34139484115697,140.373028641791));
#10719=CARTESIAN_POINT('Ctrl Pts',(-84.0989224151413,3.34151204606063,140.537313031146));
#10720=CARTESIAN_POINT('Ctrl Pts',(-84.1178970805738,3.34175320739516,140.705339665138));
#10721=CARTESIAN_POINT('Ctrl Pts',(-84.1337268326705,3.34195439798554,140.845517101793));
#10722=CARTESIAN_POINT('Ctrl Pts',(-84.1563256657237,3.34224186041103,140.988298722185));
#10723=CARTESIAN_POINT('Ctrl Pts',(-84.184032540319,3.34259438930077,141.133122645816));
#10724=CARTESIAN_POINT('Ctrl Pts',(-84.2038612441979,3.34284668015153,141.236767345487));
#10725=CARTESIAN_POINT('Ctrl Pts',(-84.2263068213051,3.34313229605029,141.341458134116));
#10726=CARTESIAN_POINT('Ctrl Pts',(-84.2507769061761,3.34344346439852,141.446992095836));
#10727=CARTESIAN_POINT('Ctrl Pts',(-84.3202178856576,3.34432649504589,141.746475391831));
#10728=CARTESIAN_POINT('Ctrl Pts',(-84.4066488167109,3.34542585046133,142.055676775093));
#10729=CARTESIAN_POINT('Ctrl Pts',(-84.4979324882408,3.34658689050132,142.371409900794));
#10730=CARTESIAN_POINT('Ctrl Pts',(-84.5804723873977,3.34763671821105,142.656899955248));
#10731=CARTESIAN_POINT('Ctrl Pts',(-84.6669821571714,3.34873697936108,142.947731052783));
#10732=CARTESIAN_POINT('Ctrl Pts',(-84.7484819481807,3.34977335065272,143.241510508027));
#10733=CARTESIAN_POINT('Ctrl Pts',(-84.828514236663,3.35079106082302,143.530000108074));
#10734=CARTESIAN_POINT('Ctrl Pts',(-84.903715149371,3.351747161249,143.821333319359));
#10735=CARTESIAN_POINT('Ctrl Pts',(-84.9655607438698,3.35253339368912,144.113198238457));
#10736=CARTESIAN_POINT('Ctrl Pts',(-85.0255677162717,3.35329625204174,144.396386237332));
#10737=CARTESIAN_POINT('Ctrl Pts',(-85.0729995188345,3.35389919236445,144.680074654604));
#10738=CARTESIAN_POINT('Ctrl Pts',(-85.100068141399,3.354243327519,144.962105763449));
#10739=CARTESIAN_POINT('Ctrl Pts',(-85.1109492294346,3.35438166351684,145.075477078034));
#10740=CARTESIAN_POINT('Ctrl Pts',(-85.1185400125649,3.35447817939419,145.188580074452));
#10741=CARTESIAN_POINT('Ctrl Pts',(-85.122336128348,3.35452645184948,145.301272587602));
#10742=CARTESIAN_POINT('Ctrl Pts',(-85.1313615174776,3.35464122118691,145.569202714422));
#10743=CARTESIAN_POINT('Ctrl Pts',(-85.1189175027071,3.3544829979393,145.83424598369));
#10744=CARTESIAN_POINT('Ctrl Pts',(-85.0785291959958,3.3539694105976,146.094797701884));
#10745=CARTESIAN_POINT('Ctrl Pts',(-85.0448084667377,3.35354060976117,146.312335763327));
#10746=CARTESIAN_POINT('Ctrl Pts',(-84.9916091643936,3.35286409172047,146.52674278058));
#10747=CARTESIAN_POINT('Ctrl Pts',(-84.915157883907,3.35189191615203,146.737056634101));
#10748=CARTESIAN_POINT('Ctrl Pts',(-84.8619478106648,3.35121528218499,146.883435026699));
#10749=CARTESIAN_POINT('Ctrl Pts',(-84.7988504070741,3.35041286155988,147.024027510868));
#10750=CARTESIAN_POINT('Ctrl Pts',(-84.7262462653673,3.34948962271294,147.159187806895));
#10751=CARTESIAN_POINT('Ctrl Pts',(-84.6367214600343,3.34835121963971,147.325847709569));
#10752=CARTESIAN_POINT('Ctrl Pts',(-84.5327498879943,3.34702912195417,147.484250072203));
#10753=CARTESIAN_POINT('Ctrl Pts',(-84.4150685609884,3.34553264428808,147.635091393169));
#10754=CARTESIAN_POINT('Ctrl Pts',(-84.4020127631044,3.34536662211239,147.651826026005));
#10755=CARTESIAN_POINT('Ctrl Pts',(-84.3887881663242,3.34519845364699,147.668467605891));
#10756=CARTESIAN_POINT('Ctrl Pts',(-84.3753957203974,3.34502815161086,147.685017086188));
#10757=CARTESIAN_POINT('Ctrl Pts',(-84.2722012642149,3.34371590244432,147.812537826513));
#10758=CARTESIAN_POINT('Ctrl Pts',(-84.1606064776934,3.34229679679091,147.932646242229));
#10759=CARTESIAN_POINT('Ctrl Pts',(-84.0423344916007,3.34079285154303,148.045867914061));
#10760=CARTESIAN_POINT('Ctrl Pts',(-83.9122165701167,3.33913827351365,148.170429689782));
#10761=CARTESIAN_POINT('Ctrl Pts',(-83.7740232143761,3.33738101000398,148.286657743918));
#10762=CARTESIAN_POINT('Ctrl Pts',(-83.6300664293461,3.33555037816088,148.395284983706));
#10763=CARTESIAN_POINT('Ctrl Pts',(-83.5710102696898,3.33479938829697,148.439847715602));
#10764=CARTESIAN_POINT('Ctrl Pts',(-83.5109837869061,3.33403605105403,148.483131493817));
#10765=CARTESIAN_POINT('Ctrl Pts',(-83.450143601828,3.33326239048045,148.525187315357));
#10766=CARTESIAN_POINT('',(-77.8974481432159,3.26265278355846,149.170592709036));
#10767=CARTESIAN_POINT('Ctrl Pts',(-83.450143601828,3.33326239048045,148.525187315357));
#10768=CARTESIAN_POINT('Ctrl Pts',(-83.2871557274654,3.33118979171692,148.580614114973));
#10769=CARTESIAN_POINT('Ctrl Pts',(-83.118917880292,3.32905003549123,148.630948277235));
#10770=CARTESIAN_POINT('Ctrl Pts',(-82.947368677683,3.32686832112759,148.676681770299));
#10771=CARTESIAN_POINT('Ctrl Pts',(-82.7398582817328,3.32422926245193,148.732002197964));
#10772=CARTESIAN_POINT('Ctrl Pts',(-82.5275034548695,3.32152881082416,148.780591215652));
#10773=CARTESIAN_POINT('Ctrl Pts',(-82.313809841141,3.31881156701465,148.823346915378));
#10774=CARTESIAN_POINT('Ctrl Pts',(-82.079363558036,3.31583044043668,148.870254797683));
#10775=CARTESIAN_POINT('Ctrl Pts',(-81.8433109863824,3.31282910179108,148.910143245527));
#10776=CARTESIAN_POINT('Ctrl Pts',(-81.610314673512,3.30986644870326,148.94421041817));
#10777=CARTESIAN_POINT('Ctrl Pts',(-81.4424053437221,3.30773140592835,148.96876100464));
#10778=CARTESIAN_POINT('Ctrl Pts',(-81.2760844040168,3.30561645410112,148.990288795246));
#10779=CARTESIAN_POINT('Ctrl Pts',(-81.1130793161646,3.3035436364461,149.009235766909));
#10780=CARTESIAN_POINT('Ctrl Pts',(-80.8374849078214,3.30003910193884,149.041269610233));
#10781=CARTESIAN_POINT('Ctrl Pts',(-80.5565780138382,3.2964667371481,149.067639903046));
#10782=CARTESIAN_POINT('Ctrl Pts',(-80.2730435543524,3.29286111028462,149.089097201185));
#10783=CARTESIAN_POINT('Ctrl Pts',(-79.8928825876534,3.28802671168467,149.117866992407));
#10784=CARTESIAN_POINT('Ctrl Pts',(-79.5079992381719,3.28313251701242,149.137805030691));
#10785=CARTESIAN_POINT('Ctrl Pts',(-79.1249597411712,3.2782618486975,149.15075517677));
#10786=CARTESIAN_POINT('Ctrl Pts',(-78.7810590802835,3.27388886349471,149.162382081646));
#10787=CARTESIAN_POINT('Ctrl Pts',(-78.4386505285355,3.26953484245115,149.168378312266));
#10788=CARTESIAN_POINT('Ctrl Pts',(-78.1024851650754,3.26526008736753,149.170077928817));
#10789=CARTESIAN_POINT('Ctrl Pts',(-78.0338661535329,3.26438751243773,149.170424859288));
#10790=CARTESIAN_POINT('Ctrl Pts',(-77.9655071148104,3.26351824021237,149.170592709036));
#10791=CARTESIAN_POINT('Ctrl Pts',(-77.8974481432159,3.26265278355846,149.170592709036));
#10792=CARTESIAN_POINT('',(-72.3447526846039,3.19204317663647,149.815998102716));
#10793=CARTESIAN_POINT('Ctrl Pts',(-77.8974481432159,3.26265278355846,149.170592709036));
#10794=CARTESIAN_POINT('Ctrl Pts',(-77.5711688507143,3.25850372608501,149.170592709036));
#10795=CARTESIAN_POINT('Ctrl Pts',(-77.2379890441118,3.25426698315231,149.174448692045));
#10796=CARTESIAN_POINT('Ctrl Pts',(-76.9023509376778,3.24999906134266,149.183407143808));
#10797=CARTESIAN_POINT('Ctrl Pts',(-76.5302287781392,3.24526721400439,149.193339384374));
#10798=CARTESIAN_POINT('Ctrl Pts',(-76.1550909328315,3.24049704106206,149.209545906122));
#10799=CARTESIAN_POINT('Ctrl Pts',(-75.7830150495701,3.23576555158087,149.233734149083));
#10800=CARTESIAN_POINT('Ctrl Pts',(-75.4932674318364,3.23208098650374,149.252570322268));
#10801=CARTESIAN_POINT('Ctrl Pts',(-75.205378198868,3.22841988002338,149.276247370655));
#10802=CARTESIAN_POINT('Ctrl Pts',(-74.9221863178878,3.22481859909228,149.305560174829));
#10803=CARTESIAN_POINT('Ctrl Pts',(-74.8417207853151,3.22379533886653,149.313889052022));
#10804=CARTESIAN_POINT('Ctrl Pts',(-74.7616342029493,3.22277690861572,149.322672822579));
#10805=CARTESIAN_POINT('Ctrl Pts',(-74.6819909138958,3.22176414258597,149.33192943358));
#10806=CARTESIAN_POINT('Ctrl Pts',(-74.4859391350208,3.21927109409341,149.35471572323));
#10807=CARTESIAN_POINT('Ctrl Pts',(-74.2850891474539,3.21671709162761,149.381234675128));
#10808=CARTESIAN_POINT('Ctrl Pts',(-74.0824505893993,3.21414048574964,149.412256787027));
#10809=CARTESIAN_POINT('Ctrl Pts',(-73.787974803027,3.21039614385652,149.457338339542));
#10810=CARTESIAN_POINT('Ctrl Pts',(-73.4897309084507,3.20660406783338,149.511933025359));
#10811=CARTESIAN_POINT('Ctrl Pts',(-73.1970320121531,3.20288195165594,149.578433647952));
#10812=CARTESIAN_POINT('Ctrl Pts',(-73.016203234303,3.20058243591504,149.619517596207));
#10813=CARTESIAN_POINT('Ctrl Pts',(-72.837491810595,3.19830962204968,149.665146091227));
#10814=CARTESIAN_POINT('Ctrl Pts',(-72.6630638890802,3.19609126201731,149.715872381332));
#10815=CARTESIAN_POINT('Ctrl Pts',(-72.5551536743877,3.19471886873715,149.74725431152));
#10816=CARTESIAN_POINT('Ctrl Pts',(-72.4488822257336,3.19336731660109,149.780587080682));
#10817=CARTESIAN_POINT('Ctrl Pts',(-72.3447526846039,3.19204317663647,149.815998102716));
#10818=CARTESIAN_POINT('',(-68.7133573157016,3.14586535156255,160.48021469021));
#10819=CARTESIAN_POINT('Ctrl Pts',(-72.3447526846038,3.19204317663647,149.815998102716));
#10820=CARTESIAN_POINT('Ctrl Pts',(-72.2174287592588,3.190424090485,149.898962845857));
#10821=CARTESIAN_POINT('Ctrl Pts',(-72.0932331979167,3.18884467273037,149.987132469395));
#10822=CARTESIAN_POINT('Ctrl Pts',(-71.9736626581967,3.18732421247687,150.080979788043));
#10823=CARTESIAN_POINT('Ctrl Pts',(-71.8251738023116,3.18543602660775,150.197524222872));
#10824=CARTESIAN_POINT('Ctrl Pts',(-71.6838217580673,3.18363876471298,150.322827031578));
#10825=CARTESIAN_POINT('Ctrl Pts',(-71.5525377291333,3.18196936884962,150.457786309795));
#10826=CARTESIAN_POINT('Ctrl Pts',(-71.4568924160778,3.18075315168092,150.55610917907));
#10827=CARTESIAN_POINT('Ctrl Pts',(-71.3665936345477,3.1796048015322,150.659557597401));
#10828=CARTESIAN_POINT('Ctrl Pts',(-71.2827560651248,3.17853860327913,150.768462469663));
#10829=CARTESIAN_POINT('Ctrl Pts',(-71.2515170715853,3.17814132362791,150.809041873676));
#10830=CARTESIAN_POINT('Ctrl Pts',(-71.221174771338,3.17775545000113,150.850378646525));
#10831=CARTESIAN_POINT('Ctrl Pts',(-71.1917849880433,3.17738172141086,150.892489018501));
#10832=CARTESIAN_POINT('Ctrl Pts',(-71.0840933000202,3.17601228420387,151.046792199164));
#10833=CARTESIAN_POINT('Ctrl Pts',(-70.9919942299474,3.17484114664869,151.207453916574));
#10834=CARTESIAN_POINT('Ctrl Pts',(-70.9153418373067,3.17386646014593,151.374919416734));
#10835=CARTESIAN_POINT('Ctrl Pts',(-70.85098794689,3.17304815733465,151.515515894869));
#10836=CARTESIAN_POINT('Ctrl Pts',(-70.797526668179,3.17236832351895,151.660909293795));
#10837=CARTESIAN_POINT('Ctrl Pts',(-70.7548723474406,3.17182586476748,151.811352494056));
#10838=CARTESIAN_POINT('Ctrl Pts',(-70.7384713725908,3.17161728443644,151.8691992749));
#10839=CARTESIAN_POINT('Ctrl Pts',(-70.7236678388189,3.1714290146315,151.927792442903));
#10840=CARTESIAN_POINT('Ctrl Pts',(-70.7104547354018,3.17126099316419,151.987145303573));
#10841=CARTESIAN_POINT('Ctrl Pts',(-70.6717518019913,3.17076883598841,152.160997709154));
#10842=CARTESIAN_POINT('Ctrl Pts',(-70.6477602793713,3.17046387054601,152.33660006211));
#10843=CARTESIAN_POINT('Ctrl Pts',(-70.6360303571255,3.1703147028419,152.513050427745));
#10844=CARTESIAN_POINT('Ctrl Pts',(-70.6223150348615,3.17014028709639,152.71936668267));
#10845=CARTESIAN_POINT('Ctrl Pts',(-70.6253566294287,3.17017887297513,152.926839808926));
#10846=CARTESIAN_POINT('Ctrl Pts',(-70.6411954727715,3.17038027486488,153.134042829598));
#10847=CARTESIAN_POINT('Ctrl Pts',(-70.6445883160331,3.17042341722254,153.178427849215));
#10848=CARTESIAN_POINT('Ctrl Pts',(-70.6485684872239,3.17047403056372,153.222800610986));
#10849=CARTESIAN_POINT('Ctrl Pts',(-70.653097410465,3.17053162160076,153.267147355292));
#10850=CARTESIAN_POINT('Ctrl Pts',(-70.6856304721927,3.17094532098652,153.585707704648));
#10851=CARTESIAN_POINT('Ctrl Pts',(-70.7469078392649,3.17172443435089,153.907081590817));
#10852=CARTESIAN_POINT('Ctrl Pts',(-70.8250697535077,3.17271832021875,154.22802762999));
#10853=CARTESIAN_POINT('Ctrl Pts',(-70.8947331220325,3.17360414086625,154.514077203111));
#10854=CARTESIAN_POINT('Ctrl Pts',(-70.9778059586699,3.17466056867106,154.799787283889));
#10855=CARTESIAN_POINT('Ctrl Pts',(-71.0659061886732,3.17578095079662,155.082899914132));
#10856=CARTESIAN_POINT('Ctrl Pts',(-71.1021377948308,3.17624171286181,155.199331225569));
#10857=CARTESIAN_POINT('Ctrl Pts',(-71.1392200791978,3.17671329153223,155.315323661942));
#10858=CARTESIAN_POINT('Ctrl Pts',(-71.1765719728515,3.17718826851383,155.430721966627));
#10859=CARTESIAN_POINT('Ctrl Pts',(-71.2779296778642,3.1784771610459,155.743865590177));
#10860=CARTESIAN_POINT('Ctrl Pts',(-71.3812950353816,3.17979142792639,156.052708054344));
#10861=CARTESIAN_POINT('Ctrl Pts',(-71.4750882759023,3.1809840951735,156.354158564347));
#10862=CARTESIAN_POINT('Ctrl Pts',(-71.5861419317163,3.182396244463,156.711083871512));
#10863=CARTESIAN_POINT('Ctrl Pts',(-71.6837780558751,3.18363792102745,157.05764641391));
#10864=CARTESIAN_POINT('Ctrl Pts',(-71.7488263245789,3.18446516161298,157.388777968111));
#10865=CARTESIAN_POINT('Ctrl Pts',(-71.792938919799,3.18502615623784,157.61333540071));
#10866=CARTESIAN_POINT('Ctrl Pts',(-71.8220665825524,3.18539655600248,157.830797863228));
#10867=CARTESIAN_POINT('Ctrl Pts',(-71.8302229688768,3.18550027486057,158.039592693978));
#10868=CARTESIAN_POINT('Ctrl Pts',(-71.8349251575008,3.18556006918801,158.159963730716));
#10869=CARTESIAN_POINT('Ctrl Pts',(-71.832787175138,3.18553279747926,158.280631032553));
#10870=CARTESIAN_POINT('Ctrl Pts',(-71.8214861095099,3.1853890135797,158.4001898074));
#10871=CARTESIAN_POINT('Ctrl Pts',(-71.8125195176687,3.18527493128134,158.495051192191));
#10872=CARTESIAN_POINT('Ctrl Pts',(-71.7977798895874,3.1850875011349,158.589213738945));
#10873=CARTESIAN_POINT('Ctrl Pts',(-71.7761089093325,3.18481201517493,158.68198570894));
#10874=CARTESIAN_POINT('Ctrl Pts',(-71.7632670420772,3.18464876671607,158.736960855873));
#10875=CARTESIAN_POINT('Ctrl Pts',(-71.7479915132406,3.18445459699072,158.791447949132));
#10876=CARTESIAN_POINT('Ctrl Pts',(-71.7300498171599,3.18422644543492,158.845306972474));
#10877=CARTESIAN_POINT('Ctrl Pts',(-71.6918884759906,3.18374117529546,158.959863174717));
#10878=CARTESIAN_POINT('Ctrl Pts',(-71.6429225108717,3.18311843527465,159.067798940438));
#10879=CARTESIAN_POINT('Ctrl Pts',(-71.5830140378468,3.18235664112827,159.16948137506));
#10880=CARTESIAN_POINT('Ctrl Pts',(-71.5300537781218,3.18168320023064,159.259370632374));
#10881=CARTESIAN_POINT('Ctrl Pts',(-71.4685459277457,3.18090108985262,159.344373872923));
#10882=CARTESIAN_POINT('Ctrl Pts',(-71.3984094859407,3.18000921551453,159.424740640951));
#10883=CARTESIAN_POINT('Ctrl Pts',(-71.3365539670577,3.17922264367625,159.495618604095));
#10884=CARTESIAN_POINT('Ctrl Pts',(-71.2694583247214,3.17836924189573,159.561195482198));
#10885=CARTESIAN_POINT('Ctrl Pts',(-71.1982307202528,3.17746345437006,159.621963927586));
#10886=CARTESIAN_POINT('Ctrl Pts',(-71.0826952666138,3.17599421258579,159.720533996834));
#10887=CARTESIAN_POINT('Ctrl Pts',(-70.9562958017327,3.17438713977299,159.806457347626));
#10888=CARTESIAN_POINT('Ctrl Pts',(-70.8239228105679,3.17270388041433,159.881840930548));
#10889=CARTESIAN_POINT('Ctrl Pts',(-70.8126285059207,3.17256026166077,159.88827279511));
#10890=CARTESIAN_POINT('Ctrl Pts',(-70.8012906952976,3.17241608828338,159.894627896824));
#10891=CARTESIAN_POINT('Ctrl Pts',(-70.7899123865575,3.17227139857123,159.900907519501));
#10892=CARTESIAN_POINT('Ctrl Pts',(-70.5117489483453,3.1687341955716,160.05442430959));
#10893=CARTESIAN_POINT('Ctrl Pts',(-70.1681447706532,3.16436493299999,160.185589834475));
#10894=CARTESIAN_POINT('Ctrl Pts',(-69.7479467821296,3.15902156496746,160.291470124238));
#10895=CARTESIAN_POINT('Ctrl Pts',(-69.4444476638821,3.15516217598742,160.367944965766));
#10896=CARTESIAN_POINT('Ctrl Pts',(-69.1009913191323,3.15079461246221,160.431229254372));
#10897=CARTESIAN_POINT('Ctrl Pts',(-68.7133573157017,3.14586535156255,160.48021469021));
#10898=CARTESIAN_POINT('',(-66.8547309363461,3.12223054590117,160.48021469021));
#10899=CARTESIAN_POINT('Origin',(-67.7840441260238,3.13404794873186,152.882459752179));
#10900=CARTESIAN_POINT('',(-62.4405422113663,3.06609850461176,149.815998102716));
#10901=CARTESIAN_POINT('Ctrl Pts',(-66.8547309363461,3.12223054590117,160.48021469021));
#10902=CARTESIAN_POINT('Ctrl Pts',(-66.6573802103358,3.11972097963858,160.453541268023));
#10903=CARTESIAN_POINT('Ctrl Pts',(-66.4718868444774,3.11736149860547,160.423288300587));
#10904=CARTESIAN_POINT('Ctrl Pts',(-66.2974914322593,3.11514331657294,160.389630838645));
#10905=CARTESIAN_POINT('Ctrl Pts',(-66.1191406990536,3.1128748257517,160.355210019089));
#10906=CARTESIAN_POINT('Ctrl Pts',(-65.9523972558989,3.11075411599018,160.317228466171));
#10907=CARTESIAN_POINT('Ctrl Pts',(-65.7965027685178,3.10877178957833,160.275857682028));
#10908=CARTESIAN_POINT('Ctrl Pts',(-65.6342432800278,3.10670852695109,160.232797774097));
#10909=CARTESIAN_POINT('Ctrl Pts',(-65.4837368501103,3.10479517843956,160.186066200906));
#10910=CARTESIAN_POINT('Ctrl Pts',(-65.3441837906279,3.10302114760151,160.135840087366));
#10911=CARTESIAN_POINT('Ctrl Pts',(-65.2377229892107,3.10166779321818,160.097524106912));
#10912=CARTESIAN_POINT('Ctrl Pts',(-65.1376379237592,3.10039551756746,160.05717405634));
#10913=CARTESIAN_POINT('Ctrl Pts',(-65.0435929839136,3.09919961617416,160.014862834414));
#10914=CARTESIAN_POINT('Ctrl Pts',(-64.9331078738305,3.09779465704182,159.965155109364));
#10915=CARTESIAN_POINT('Ctrl Pts',(-64.8241346018262,3.09640915948945,159.909673861076));
#10916=CARTESIAN_POINT('Ctrl Pts',(-64.7191859158881,3.09507479596851,159.847476621545));
#10917=CARTESIAN_POINT('Ctrl Pts',(-64.6312775647641,3.09395709072164,159.795378239152));
#10918=CARTESIAN_POINT('Ctrl Pts',(-64.5461973652777,3.09287526248892,159.738566221511));
#10919=CARTESIAN_POINT('Ctrl Pts',(-64.4654188426931,3.09184792532852,159.676478565259));
#10920=CARTESIAN_POINT('Ctrl Pts',(-64.3955958847138,3.09095992048408,159.622811530076));
#10921=CARTESIAN_POINT('Ctrl Pts',(-64.328988358443,3.0901126283513,159.565202288538));
#10922=CARTESIAN_POINT('Ctrl Pts',(-64.2665124456498,3.08931807013726,159.503292872043));
#10923=CARTESIAN_POINT('Ctrl Pts',(-64.2567096684732,3.08919340005598,159.493578980915));
#10924=CARTESIAN_POINT('Ctrl Pts',(-64.2470085051499,3.08907002823891,159.483759242882));
#10925=CARTESIAN_POINT('Ctrl Pts',(-64.2374123687971,3.08894800112237,159.47383230033));
#10926=CARTESIAN_POINT('Ctrl Pts',(-64.1413057296142,3.08772588259167,159.374412591093));
#10927=CARTESIAN_POINT('Ctrl Pts',(-64.0583459525642,3.08667103440944,159.266948151555));
#10928=CARTESIAN_POINT('Ctrl Pts',(-63.9890905449845,3.08579035803299,159.150622656794));
#10929=CARTESIAN_POINT('Ctrl Pts',(-63.9407670014779,3.08517585867936,159.069455563805));
#10930=CARTESIAN_POINT('Ctrl Pts',(-63.8991180921535,3.08464615779677,158.983973110932));
#10931=CARTESIAN_POINT('Ctrl Pts',(-63.8643156164221,3.08420359991661,158.893895454125));
#10932=CARTESIAN_POINT('Ctrl Pts',(-63.8226030185405,3.08367317101734,158.785932644079));
#10933=CARTESIAN_POINT('Ctrl Pts',(-63.7921839030338,3.08328641568986,158.675139515276));
#10934=CARTESIAN_POINT('Ctrl Pts',(-63.7712186424889,3.08301979901646,158.562432681955));
#10935=CARTESIAN_POINT('Ctrl Pts',(-63.7504919406035,3.0827562161101,158.451008312596));
#10936=CARTESIAN_POINT('Ctrl Pts',(-63.739000108512,3.08261005335518,158.337715080542));
#10937=CARTESIAN_POINT('Ctrl Pts',(-63.7349514991222,3.08255857012154,158.223454944473));
#10938=CARTESIAN_POINT('Ctrl Pts',(-63.7298196533064,3.08249331215475,158.078623634572));
#10939=CARTESIAN_POINT('Ctrl Pts',(-63.7365630496795,3.08257873808292,157.929869711878));
#10940=CARTESIAN_POINT('Ctrl Pts',(-63.7527348216308,3.0827842979455,157.778018928886));
#10941=CARTESIAN_POINT('Ctrl Pts',(-63.7669080254353,3.08296445395037,157.644934434392));
#10942=CARTESIAN_POINT('Ctrl Pts',(-63.788322786249,3.08323688548516,157.509471480563));
#10943=CARTESIAN_POINT('Ctrl Pts',(-63.815372335818,3.08358102692426,157.372179462924));
#10944=CARTESIAN_POINT('Ctrl Pts',(-63.8302816805799,3.0837707130168,157.296505965337));
#10945=CARTESIAN_POINT('Ctrl Pts',(-63.8469036888506,3.08398218504329,157.220276646288));
#10946=CARTESIAN_POINT('Ctrl Pts',(-63.8649761313964,3.0842119992072,157.143582143417));
#10947=CARTESIAN_POINT('Ctrl Pts',(-63.9340419726498,3.0850902594934,156.85048560448));
#10948=CARTESIAN_POINT('Ctrl Pts',(-64.0250376791719,3.08624750244344,156.547451336669));
#10949=CARTESIAN_POINT('Ctrl Pts',(-64.1250692499288,3.08751959930305,156.238131984319));
#10950=CARTESIAN_POINT('Ctrl Pts',(-64.2264169981491,3.08880843393059,155.924742725263));
#10951=CARTESIAN_POINT('Ctrl Pts',(-64.3370406236699,3.09021516475991,155.604901193178));
#10952=CARTESIAN_POINT('Ctrl Pts',(-64.443518109641,3.0915690987878,155.282462008713));
#10953=CARTESIAN_POINT('Ctrl Pts',(-64.5424040508354,3.09282650113386,154.983011829712));
#10954=CARTESIAN_POINT('Ctrl Pts',(-64.6377138750013,3.09403836682353,154.681321460387));
#10955=CARTESIAN_POINT('Ctrl Pts',(-64.7186828428602,3.09506797146239,154.380528038987));
#10956=CARTESIAN_POINT('Ctrl Pts',(-64.7248988887167,3.09514701495051,154.35743591184));
#10957=CARTESIAN_POINT('Ctrl Pts',(-64.7310304069608,3.0952249842388,154.334349095856));
#10958=CARTESIAN_POINT('Ctrl Pts',(-64.7370725238785,3.09530181746398,154.311269022979));
#10959=CARTESIAN_POINT('Ctrl Pts',(-64.7894201802453,3.09596748470017,154.111308025807));
#10960=CARTESIAN_POINT('Ctrl Pts',(-64.8351696187021,3.09654948176947,153.911438098563));
#10961=CARTESIAN_POINT('Ctrl Pts',(-64.8710219713329,3.09700546511714,153.712684813553));
#10962=CARTESIAN_POINT('Ctrl Pts',(-64.911522908746,3.09752057086809,153.488161350902));
#10963=CARTESIAN_POINT('Ctrl Pts',(-64.9393925901374,3.09787486676051,153.265062759075));
#10964=CARTESIAN_POINT('Ctrl Pts',(-64.9498185629077,3.0980073106809,153.044904882106));
#10965=CARTESIAN_POINT('Ctrl Pts',(-64.9558386263627,3.09808378515695,152.917783469198));
#10966=CARTESIAN_POINT('Ctrl Pts',(-64.956041991824,3.09808629361161,152.791643183176));
#10967=CARTESIAN_POINT('Ctrl Pts',(-64.9494985046073,3.09800308482342,152.666780468464));
#10968=CARTESIAN_POINT('Ctrl Pts',(-64.9352035089942,3.09782130571655,152.394003598891));
#10969=CARTESIAN_POINT('Ctrl Pts',(-64.8888079043258,3.09723136890584,152.129284389573));
#10970=CARTESIAN_POINT('Ctrl Pts',(-64.8020002035341,3.09612747817204,151.874756242176));
#10971=CARTESIAN_POINT('Ctrl Pts',(-64.771454891071,3.09573904849263,151.78519458207));
#10972=CARTESIAN_POINT('Ctrl Pts',(-64.7359060059131,3.0952869836998,151.696894923896));
#10973=CARTESIAN_POINT('Ctrl Pts',(-64.6949892192807,3.09476667455586,151.609951630125));
#10974=CARTESIAN_POINT('Ctrl Pts',(-64.6392279181878,3.09405759847182,151.491465512788));
#10975=CARTESIAN_POINT('Ctrl Pts',(-64.5751003577793,3.09324206056369,151.378917709479));
#10976=CARTESIAN_POINT('Ctrl Pts',(-64.5033482903646,3.09232965465633,151.271913544843));
#10977=CARTESIAN_POINT('Ctrl Pts',(-64.411947863573,3.09116739839886,151.135607697936));
#10978=CARTESIAN_POINT('Ctrl Pts',(-64.3081820786684,3.0898479582853,151.008296072765));
#10979=CARTESIAN_POINT('Ctrl Pts',(-64.19362180944,3.08839116479448,150.889124495597));
#10980=CARTESIAN_POINT('Ctrl Pts',(-64.1535791355998,3.0878819663874,150.847470014268));
#10981=CARTESIAN_POINT('Ctrl Pts',(-64.1122173706285,3.08735598699605,150.806809866493));
#10982=CARTESIAN_POINT('Ctrl Pts',(-64.0696016279469,3.08681407345841,150.767107384281));
#10983=CARTESIAN_POINT('Ctrl Pts',(-63.9546866422936,3.08535278280652,150.660048117287));
#10984=CARTESIAN_POINT('Ctrl Pts',(-63.8257411869367,3.08371349370092,150.555370914999));
#10985=CARTESIAN_POINT('Ctrl Pts',(-63.6811023150013,3.081874453511,150.453640209568));
#10986=CARTESIAN_POINT('Ctrl Pts',(-63.5302095195146,3.07995589654524,150.347510852198));
#10987=CARTESIAN_POINT('Ctrl Pts',(-63.3622363925347,3.07781994130012,150.244588327415));
#10988=CARTESIAN_POINT('Ctrl Pts',(-63.1752424695238,3.07544188975095,150.145538492482));
#10989=CARTESIAN_POINT('Ctrl Pts',(-62.9721896431973,3.07285961284891,150.037982329125));
#10990=CARTESIAN_POINT('Ctrl Pts',(-62.7467081860861,3.06999187200976,149.934992503188));
#10991=CARTESIAN_POINT('Ctrl Pts',(-62.496260693143,3.06680704395748,149.837451188689));
#10992=CARTESIAN_POINT('Ctrl Pts',(-62.4778235273852,3.06657258681831,149.830270500383));
#10993=CARTESIAN_POINT('Ctrl Pts',(-62.4592510404102,3.0663364112419,149.823119352473));
#10994=CARTESIAN_POINT('Ctrl Pts',(-62.4405422113663,3.06609850461176,149.815998102716));
#10995=CARTESIAN_POINT('',(-52.8408562372434,2.94402625010768,148.525187315357));
#10996=CARTESIAN_POINT('Ctrl Pts',(-62.4405422113663,3.06609850461176,149.815998102716));
#10997=CARTESIAN_POINT('Ctrl Pts',(-61.5523154632477,3.05480356830385,149.680204393622));
#10998=CARTESIAN_POINT('Ctrl Pts',(-60.6554102037927,3.04339823341901,149.548954958646));
#10999=CARTESIAN_POINT('Ctrl Pts',(-59.7593824917288,3.03200411573691,149.42252616784));
#11000=CARTESIAN_POINT('Ctrl Pts',(-59.1482234710919,3.02423246123354,149.33629212069));
#11001=CARTESIAN_POINT('Ctrl Pts',(-58.5374749861178,3.01646602528364,149.252300770763));
#11002=CARTESIAN_POINT('Ctrl Pts',(-57.930172477592,3.00874339908717,149.170639815985));
#11003=CARTESIAN_POINT('Ctrl Pts',(-56.7856751976677,2.9941896560157,149.016744945954));
#11004=CARTESIAN_POINT('Ctrl Pts',(-55.6312105138775,2.97950913969055,148.868141879981));
#11005=CARTESIAN_POINT('Ctrl Pts',(-54.4794035461383,2.96486245934362,148.725154298036));
#11006=CARTESIAN_POINT('Ctrl Pts',(-53.9321686844597,2.95790367691028,148.657219486197));
#11007=CARTESIAN_POINT('Ctrl Pts',(-53.385534746057,2.9509525322517,148.590552254149));
#11008=CARTESIAN_POINT('Ctrl Pts',(-52.8408562372434,2.94402625010768,148.525187315357));
#11009=CARTESIAN_POINT('',(-48.4865492813174,2.88865568190935,137.860970727863));
#11010=CARTESIAN_POINT('Ctrl Pts',(-52.8408562372433,2.94402625010768,148.525187315357));
#11011=CARTESIAN_POINT('Ctrl Pts',(-52.5652217165262,2.94052120552041,148.415781856893));
#11012=CARTESIAN_POINT('Ctrl Pts',(-52.3195374344242,2.93739671288246,148.299776774539));
#11013=CARTESIAN_POINT('Ctrl Pts',(-52.1005956371716,2.93461249053067,148.178278491553));
#11014=CARTESIAN_POINT('Ctrl Pts',(-51.9086621075542,2.9321717248572,148.071768018958));
#11015=CARTESIAN_POINT('Ctrl Pts',(-51.7372795541414,2.92999245718193,147.961035848806));
#11016=CARTESIAN_POINT('Ctrl Pts',(-51.5843203069783,2.92804754975046,147.846805096072));
#11017=CARTESIAN_POINT('Ctrl Pts',(-51.4841358831924,2.92677368475732,147.771986852955));
#11018=CARTESIAN_POINT('Ctrl Pts',(-51.3918556010598,2.92560035837397,147.69566730687));
#11019=CARTESIAN_POINT('Ctrl Pts',(-51.3068926039532,2.9245199454694,147.61804388203));
#11020=CARTESIAN_POINT('Ctrl Pts',(-51.1928087336486,2.92306922350952,147.513815205624));
#11021=CARTESIAN_POINT('Ctrl Pts',(-51.0872547825229,2.92172693787104,147.402978820124));
#11022=CARTESIAN_POINT('Ctrl Pts',(-50.9914743340025,2.92050901379895,147.284862486469));
#11023=CARTESIAN_POINT('Ctrl Pts',(-50.9035206156223,2.91939061278392,147.176398066987));
#11024=CARTESIAN_POINT('Ctrl Pts',(-50.8238132712774,2.91837707925569,147.061793478249));
#11025=CARTESIAN_POINT('Ctrl Pts',(-50.7533290114849,2.91748074477756,146.940539273819));
#11026=CARTESIAN_POINT('Ctrl Pts',(-50.7139514676241,2.91697998829193,146.872798011198));
#11027=CARTESIAN_POINT('Ctrl Pts',(-50.6774524797556,2.91651581124634,146.802981612315));
#11028=CARTESIAN_POINT('Ctrl Pts',(-50.6439955644742,2.91609036388398,146.731005471314));
#11029=CARTESIAN_POINT('Ctrl Pts',(-50.5547676223428,2.91495571676218,146.539048654914));
#11030=CARTESIAN_POINT('Ctrl Pts',(-50.4911952938501,2.91414728318989,146.340402559946));
#11031=CARTESIAN_POINT('Ctrl Pts',(-50.4496503114233,2.91361900135506,146.135889719276));
#11032=CARTESIAN_POINT('Ctrl Pts',(-50.4256058433126,2.91331325430718,146.017526389013));
#11033=CARTESIAN_POINT('Ctrl Pts',(-50.4089411356548,2.91310134693754,145.897197414415));
#11034=CARTESIAN_POINT('Ctrl Pts',(-50.3989541497932,2.91297434967085,145.77506142));
#11035=CARTESIAN_POINT('Ctrl Pts',(-50.3897609730937,2.9128574467004,145.662633326719));
#11036=CARTESIAN_POINT('Ctrl Pts',(-50.3863016680858,2.91281374768549,145.549544945468));
#11037=CARTESIAN_POINT('Ctrl Pts',(-50.3877572363289,2.91283239079359,145.436284523531));
#11038=CARTESIAN_POINT('Ctrl Pts',(-50.3897339532316,2.91285770884176,145.282472573098));
#11039=CARTESIAN_POINT('Ctrl Pts',(-50.4007735924727,2.9129980024135,145.12834461097));
#11040=CARTESIAN_POINT('Ctrl Pts',(-50.4187224192364,2.91322606712992,144.975134068306));
#11041=CARTESIAN_POINT('Ctrl Pts',(-50.434362582348,2.91342479707542,144.841630195925));
#11042=CARTESIAN_POINT('Ctrl Pts',(-50.4552434658307,2.91369017119444,144.708824124355));
#11043=CARTESIAN_POINT('Ctrl Pts',(-50.4799397005197,2.91400419023522,144.577518351263));
#11044=CARTESIAN_POINT('Ctrl Pts',(-50.488662207396,2.91411509917648,144.531142232671));
#11045=CARTESIAN_POINT('Ctrl Pts',(-50.4978609876851,2.91423207630065,144.48495305781));
#11046=CARTESIAN_POINT('Ctrl Pts',(-50.5074748310155,2.914354328584,144.438985352539));
#11047=CARTESIAN_POINT('Ctrl Pts',(-50.5713764974698,2.91516691979913,144.13344542756));
#11048=CARTESIAN_POINT('Ctrl Pts',(-50.6562043119514,2.91624550743799,143.825335780687));
#11049=CARTESIAN_POINT('Ctrl Pts',(-50.7505130103633,2.91744469732603,143.517994328684));
#11050=CARTESIAN_POINT('Ctrl Pts',(-50.8494660291142,2.91870294244525,143.195517558513));
#11051=CARTESIAN_POINT('Ctrl Pts',(-50.9588559390021,2.92009396063553,142.873886726867));
#11052=CARTESIAN_POINT('Ctrl Pts',(-51.0654737739207,2.92144980232691,142.556897427363));
#11053=CARTESIAN_POINT('Ctrl Pts',(-51.1720916088394,2.92280564401829,142.23990812786));
#11054=CARTESIAN_POINT('Ctrl Pts',(-51.2759372940318,2.92412630921076,141.927559960899));
#11055=CARTESIAN_POINT('Ctrl Pts',(-51.3638198738527,2.92524384833436,141.623591894323));
#11056=CARTESIAN_POINT('Ctrl Pts',(-51.4058692568028,2.92577855988546,141.478151584513));
#11057=CARTESIAN_POINT('Ctrl Pts',(-51.4444732562999,2.92626982203065,141.333922380783));
#11058=CARTESIAN_POINT('Ctrl Pts',(-51.4780236734051,2.92669662341691,141.191468939965));
#11059=CARTESIAN_POINT('Ctrl Pts',(-51.5150146708953,2.92716719309594,141.034406962009));
#11060=CARTESIAN_POINT('Ctrl Pts',(-51.5458616209227,2.92755940327573,140.87950399847));
#11061=CARTESIAN_POINT('Ctrl Pts',(-51.5683439818163,2.92784509293663,140.727528260509));
#11062=CARTESIAN_POINT('Ctrl Pts',(-51.5884740993589,2.92810089198202,140.591453162202));
#11063=CARTESIAN_POINT('Ctrl Pts',(-51.6018963238332,2.92827129413538,140.457725296181));
#11064=CARTESIAN_POINT('Ctrl Pts',(-51.6069914341757,2.92833608496376,140.326898012119));
#11065=CARTESIAN_POINT('Ctrl Pts',(-51.611839196651,2.92839773044844,140.202421885835));
#11066=CARTESIAN_POINT('Ctrl Pts',(-51.609263015935,2.92836488810408,140.077773254737));
#11067=CARTESIAN_POINT('Ctrl Pts',(-51.5967796501399,2.92820607939189,139.954393227927));
#11068=CARTESIAN_POINT('Ctrl Pts',(-51.5869152076762,2.92808058764312,139.856897472727));
#11069=CARTESIAN_POINT('Ctrl Pts',(-51.570859848654,2.92787643908933,139.760194828202));
#11070=CARTESIAN_POINT('Ctrl Pts',(-51.5473920818967,2.92757810138273,139.664985412699));
#11071=CARTESIAN_POINT('Ctrl Pts',(-51.5351741506719,2.92742277899442,139.615416908691));
#11072=CARTESIAN_POINT('Ctrl Pts',(-51.5209474944175,2.92724192649431,139.566252876805));
#11073=CARTESIAN_POINT('Ctrl Pts',(-51.5045453271993,2.92703335201213,139.517589508683));
#11074=CARTESIAN_POINT('Ctrl Pts',(-51.4660735352984,2.92654413409555,139.403448069525));
#11075=CARTESIAN_POINT('Ctrl Pts',(-51.4169171892599,2.92591896995687,139.295879570521));
#11076=CARTESIAN_POINT('Ctrl Pts',(-51.3570467504688,2.92515765876832,139.194493608429));
#11077=CARTESIAN_POINT('Ctrl Pts',(-51.3022666267636,2.92446107591493,139.101727701622));
#11078=CARTESIAN_POINT('Ctrl Pts',(-51.2385209667349,2.92365051287318,139.014136708261));
#11079=CARTESIAN_POINT('Ctrl Pts',(-51.1658033661359,2.92272581580797,138.931426042232));
#11080=CARTESIAN_POINT('Ctrl Pts',(-51.1026719624053,2.92192301946607,138.859618936292));
#11081=CARTESIAN_POINT('Ctrl Pts',(-51.0342293257458,2.9210524852077,138.793149858548));
#11082=CARTESIAN_POINT('Ctrl Pts',(-50.9616236568134,2.92012917152977,138.731526822188));
#11083=CARTESIAN_POINT('Ctrl Pts',(-50.8439645180205,2.91863292070284,138.631665289412));
#11084=CARTESIAN_POINT('Ctrl Pts',(-50.715380036513,2.91699806615861,138.544525303313));
#11085=CARTESIAN_POINT('Ctrl Pts',(-50.5809194993022,2.91528826595121,138.46800916205));
#11086=CARTESIAN_POINT('Ctrl Pts',(-50.5680933310477,2.91512516839414,138.460710300076));
#11087=CARTESIAN_POINT('Ctrl Pts',(-50.5552136749349,2.91496138888997,138.453508150516));
#11088=CARTESIAN_POINT('Ctrl Pts',(-50.5422848740583,2.91479698269217,138.446400927577));
#11089=CARTESIAN_POINT('Ctrl Pts',(-50.2751402713032,2.91139989824328,138.299546144456));
#11090=CARTESIAN_POINT('Ctrl Pts',(-49.9492105346073,2.90725540129785,138.172439915909));
#11091=CARTESIAN_POINT('Ctrl Pts',(-49.555278346999,2.9022460421432,138.067485908339));
#11092=CARTESIAN_POINT('Ctrl Pts',(-49.2432375806279,2.8982780387182,137.984349952491));
#11093=CARTESIAN_POINT('Ctrl Pts',(-48.8885297749084,2.89376737673474,137.915112816741));
#11094=CARTESIAN_POINT('Ctrl Pts',(-48.4865492813174,2.88865568190935,137.860970727863));
#11095=CARTESIAN_POINT('',(-46.6279229019619,2.86502087624797,137.860970727863));
#11096=CARTESIAN_POINT('Origin',(-47.5572360916397,2.87683827907866,145.458725665894));
#11097=CARTESIAN_POINT('',(-42.9965275330596,2.81884305117405,148.525187315357));
#11098=CARTESIAN_POINT('Ctrl Pts',(-46.6279229019619,2.86502087624797,137.860970727863));
#11099=CARTESIAN_POINT('Ctrl Pts',(-46.432625430889,2.86253741974147,137.887204918072));
#11100=CARTESIAN_POINT('Ctrl Pts',(-46.2492760452468,2.86020520789735,137.917106199969));
#11101=CARTESIAN_POINT('Ctrl Pts',(-46.0770839047053,2.85801505000915,137.950484845692));
#11102=CARTESIAN_POINT('Ctrl Pts',(-45.9010550112981,2.85577609143512,137.984607228115));
#11103=CARTESIAN_POINT('Ctrl Pts',(-45.7366863267449,2.85368558778284,138.022363723775));
#11104=CARTESIAN_POINT('Ctrl Pts',(-45.583186736354,2.85173372019839,138.0635675119));
#11105=CARTESIAN_POINT('Ctrl Pts',(-45.4236380459379,2.84970493356665,138.106395055731));
#11106=CARTESIAN_POINT('Ctrl Pts',(-45.2758321006637,2.84782592502134,138.152946974864));
#11107=CARTESIAN_POINT('Ctrl Pts',(-45.1389356154333,2.84608566854015,138.20302982788));
#11108=CARTESIAN_POINT('Ctrl Pts',(-45.0361804499155,2.84477942358823,138.240622260166));
#11109=CARTESIAN_POINT('Ctrl Pts',(-44.939572950657,2.84355135260905,138.280204401162));
#11110=CARTESIAN_POINT('Ctrl Pts',(-44.8487790822081,2.8423967927363,138.321699923323));
#11111=CARTESIAN_POINT('Ctrl Pts',(-44.7393493878914,2.84100525456193,138.371712577076));
#11112=CARTESIAN_POINT('Ctrl Pts',(-44.6317153264622,2.83963678348956,138.427539946624));
#11113=CARTESIAN_POINT('Ctrl Pts',(-44.5282901940348,2.83832178628327,138.490142142524));
#11114=CARTESIAN_POINT('Ctrl Pts',(-44.4433766924723,2.83724215491409,138.541539433826));
#11115=CARTESIAN_POINT('Ctrl Pts',(-44.3613044534997,2.83619856836922,138.597504869442));
#11116=CARTESIAN_POINT('Ctrl Pts',(-44.2834056149208,2.83520785424936,138.658577384386));
#11117=CARTESIAN_POINT('Ctrl Pts',(-44.2149314376579,2.83433700257175,138.712260985971));
#11118=CARTESIAN_POINT('Ctrl Pts',(-44.1496834353217,2.83350700360782,138.769891199136));
#11119=CARTESIAN_POINT('Ctrl Pts',(-44.0885309467692,2.83272928639665,138.83182903871));
#11120=CARTESIAN_POINT('Ctrl Pts',(-44.0801140293812,2.8326222428131,138.840354050385));
#11121=CARTESIAN_POINT('Ctrl Pts',(-44.071774618214,2.83251618966916,138.848960651432));
#11122=CARTESIAN_POINT('Ctrl Pts',(-44.0635148961669,2.83241115676552,138.857649766393));
#11123=CARTESIAN_POINT('Ctrl Pts',(-43.967489708794,2.8311900739985,138.958666954078));
#11124=CARTESIAN_POINT('Ctrl Pts',(-43.8850886495657,2.83014232743501,139.067828851573));
#11125=CARTESIAN_POINT('Ctrl Pts',(-43.8166021548712,2.82927142571496,139.185897987739));
#11126=CARTESIAN_POINT('Ctrl Pts',(-43.7709613441959,2.82869103887082,139.264581691941));
#11127=CARTESIAN_POINT('Ctrl Pts',(-43.7315021979773,2.82818919172404,139.347222328425));
#11128=CARTESIAN_POINT('Ctrl Pts',(-43.6982952268811,2.82776692272087,139.434047636884));
#11129=CARTESIAN_POINT('Ctrl Pts',(-43.6592103821826,2.82726990905583,139.536241651724));
#11130=CARTESIAN_POINT('Ctrl Pts',(-43.6300335919918,2.82689896561326,139.640979460837));
#11131=CARTESIAN_POINT('Ctrl Pts',(-43.6091913673819,2.82663391586609,139.747426671392));
#11132=CARTESIAN_POINT('Ctrl Pts',(-43.5854826876166,2.82633241352192,139.868513689415));
#11133=CARTESIAN_POINT('Ctrl Pts',(-43.5725518450672,2.82616793519687,139.991810912037));
#11134=CARTESIAN_POINT('Ctrl Pts',(-43.5680573743868,2.82611078226809,140.116065181507));
#11135=CARTESIAN_POINT('Ctrl Pts',(-43.5627251798044,2.82604297661113,140.263479190768));
#11136=CARTESIAN_POINT('Ctrl Pts',(-43.5691652634778,2.82612451620375,140.415109675341));
#11137=CARTESIAN_POINT('Ctrl Pts',(-43.5848841845876,2.82632429814712,140.570117210143));
#11138=CARTESIAN_POINT('Ctrl Pts',(-43.5984441261619,2.82649664022206,140.703834600848));
#11139=CARTESIAN_POINT('Ctrl Pts',(-43.6189085969691,2.82675697430392,140.840064811913));
#11140=CARTESIAN_POINT('Ctrl Pts',(-43.6447159069446,2.82708533370067,140.978275457598));
#11141=CARTESIAN_POINT('Ctrl Pts',(-43.6610492406035,2.82729315092735,141.065748371022));
#11142=CARTESIAN_POINT('Ctrl Pts',(-43.6795234919137,2.82752821616166,141.154014705643));
#11143=CARTESIAN_POINT('Ctrl Pts',(-43.6997535872548,2.82778546763361,141.24294172484));
#11144=CARTESIAN_POINT('Ctrl Pts',(-43.7731076223926,2.82871825777595,141.565389819171));
#11145=CARTESIAN_POINT('Ctrl Pts',(-43.8704278883934,2.82995596777508,141.900363646007));
#11146=CARTESIAN_POINT('Ctrl Pts',(-43.97556948681,2.8312930811403,142.243571543336));
#11147=CARTESIAN_POINT('Ctrl Pts',(-44.0700101242604,2.83249410756995,142.551848886365));
#11148=CARTESIAN_POINT('Ctrl Pts',(-44.1707631570693,2.8337753331487,142.866770165816));
#11149=CARTESIAN_POINT('Ctrl Pts',(-44.2661182941028,2.83498782187864,143.185184720229));
#11150=CARTESIAN_POINT('Ctrl Pts',(-44.3608597674452,2.8361925075648,143.501550098721));
#11151=CARTESIAN_POINT('Ctrl Pts',(-44.4502713685425,2.83732933827553,143.821364312293));
#11152=CARTESIAN_POINT('Ctrl Pts',(-44.5228518247088,2.83825223500703,144.141487047148));
#11153=CARTESIAN_POINT('Ctrl Pts',(-44.5421186031257,2.83849722171235,144.226464934095));
#11154=CARTESIAN_POINT('Ctrl Pts',(-44.5601993582072,2.8387271333737,144.311464275508));
#11155=CARTESIAN_POINT('Ctrl Pts',(-44.5768790957867,2.83893923751714,144.396425718047));
#11156=CARTESIAN_POINT('Ctrl Pts',(-44.6260463570835,2.83956446197245,144.646868593755));
#11157=CARTESIAN_POINT('Ctrl Pts',(-44.6630786892677,2.84003549716271,144.897163536575));
#11158=CARTESIAN_POINT('Ctrl Pts',(-44.6824064318022,2.84028128653049,145.14580827821));
#11159=CARTESIAN_POINT('Ctrl Pts',(-44.703987577183,2.84055573224342,145.423442270271));
#11160=CARTESIAN_POINT('Ctrl Pts',(-44.7034930035634,2.84054934798067,145.699019547202));
#11161=CARTESIAN_POINT('Ctrl Pts',(-44.6731306735304,2.8401632137124,145.970396241852));
#11162=CARTESIAN_POINT('Ctrl Pts',(-44.6658868194679,2.8400710896796,146.03514137735));
#11163=CARTESIAN_POINT('Ctrl Pts',(-44.6569428314915,2.83995735006248,146.099647178227));
#11164=CARTESIAN_POINT('Ctrl Pts',(-44.6461929429272,2.8398206515146,146.163884106308));
#11165=CARTESIAN_POINT('Ctrl Pts',(-44.6149876419893,2.83942383630125,146.350354194821));
#11166=CARTESIAN_POINT('Ctrl Pts',(-44.5692214011445,2.83884194541329,146.530599090303));
#11167=CARTESIAN_POINT('Ctrl Pts',(-44.5081697235655,2.83806565813803,146.704908395839));
#11168=CARTESIAN_POINT('Ctrl Pts',(-44.455584862308,2.83739702853957,146.855044002442));
#11169=CARTESIAN_POINT('Ctrl Pts',(-44.3916653706176,2.83658418260746,147.000778132008));
#11170=CARTESIAN_POINT('Ctrl Pts',(-44.3159411578982,2.83562116456357,147.142303196238));
#11171=CARTESIAN_POINT('Ctrl Pts',(-44.2815506453909,2.83518380532411,147.206577479412));
#11172=CARTESIAN_POINT('Ctrl Pts',(-44.2447248173375,2.83471547210203,147.269983568995));
#11173=CARTESIAN_POINT('Ctrl Pts',(-44.2054157378287,2.83421560700529,147.332538806019));
#11174=CARTESIAN_POINT('Ctrl Pts',(-44.1039745826813,2.83292565329829,147.493969080744));
#11175=CARTESIAN_POINT('Ctrl Pts',(-43.9889177586862,2.83146256830611,147.645068815902));
#11176=CARTESIAN_POINT('Ctrl Pts',(-43.862512253718,2.82985515962986,147.786793014034));
#11177=CARTESIAN_POINT('Ctrl Pts',(-43.8105973920912,2.82919499535121,147.844999277575));
#11178=CARTESIAN_POINT('Ctrl Pts',(-43.7567686766524,2.82851048723553,147.901624687369));
#11179=CARTESIAN_POINT('Ctrl Pts',(-43.7011819377265,2.82780363093216,147.956736838627));
#11180=CARTESIAN_POINT('Ctrl Pts',(-43.5595227094752,2.82600225311516,148.097186610737));
#11181=CARTESIAN_POINT('Ctrl Pts',(-43.4072201593082,2.82406555199259,148.227030704993));
#11182=CARTESIAN_POINT('Ctrl Pts',(-43.2477476205137,2.8220376532864,148.347244566131));
#11183=CARTESIAN_POINT('Ctrl Pts',(-43.1657461779137,2.82099489933885,148.409059033427));
#11184=CARTESIAN_POINT('Ctrl Pts',(-43.0818497652187,2.81992803221062,148.468328095217));
#11185=CARTESIAN_POINT('Ctrl Pts',(-42.9965275330596,2.81884305117405,148.525187315357));
#11186=CARTESIAN_POINT('',(-37.4438320744476,2.74823344425206,149.170592709036));
#11187=CARTESIAN_POINT('Ctrl Pts',(-42.9965275330596,2.81884305117405,148.525187315357));
#11188=CARTESIAN_POINT('Ctrl Pts',(-42.8335396586951,2.81677045241049,148.580614114974));
#11189=CARTESIAN_POINT('Ctrl Pts',(-42.6653018115197,2.81463069618478,148.630948277236));
#11190=CARTESIAN_POINT('Ctrl Pts',(-42.4937526089086,2.81244898182112,148.676681770301));
#11191=CARTESIAN_POINT('Ctrl Pts',(-42.2862422129581,2.80980992314545,148.732002197966));
#11192=CARTESIAN_POINT('Ctrl Pts',(-42.0738873860945,2.80710947151767,148.780591215653));
#11193=CARTESIAN_POINT('Ctrl Pts',(-41.8601937723657,2.80439222770816,148.823346915379));
#11194=CARTESIAN_POINT('Ctrl Pts',(-41.6257474892621,2.80141110113021,148.870254797684));
#11195=CARTESIAN_POINT('Ctrl Pts',(-41.3896949176098,2.79840976248462,148.910143245528));
#11196=CARTESIAN_POINT('Ctrl Pts',(-41.1566986047408,2.79544710939683,148.944210418171));
#11197=CARTESIAN_POINT('Ctrl Pts',(-40.9887892749519,2.79331206662193,148.96876100464));
#11198=CARTESIAN_POINT('Ctrl Pts',(-40.8224683352475,2.79119711479471,148.990288795246));
#11199=CARTESIAN_POINT('Ctrl Pts',(-40.6594632473962,2.78912429713971,149.009235766909));
#11200=CARTESIAN_POINT('Ctrl Pts',(-40.3838688390594,2.78561976263253,149.041269610232));
#11201=CARTESIAN_POINT('Ctrl Pts',(-40.1029619450828,2.78204739784186,149.067639903044));
#11202=CARTESIAN_POINT('Ctrl Pts',(-39.8194274856035,2.77844177097847,149.089097201184));
#11203=CARTESIAN_POINT('Ctrl Pts',(-39.4392665189123,2.77360737237862,149.117866992405));
#11204=CARTESIAN_POINT('Ctrl Pts',(-39.0543831694387,2.76871317770647,149.137805030689));
#11205=CARTESIAN_POINT('Ctrl Pts',(-38.6713436724455,2.76384250939164,149.150755176769));
#11206=CARTESIAN_POINT('Ctrl Pts',(-38.3274430115534,2.7594695241888,149.162382081645));
#11207=CARTESIAN_POINT('Ctrl Pts',(-37.985034459801,2.75511550314518,149.168378312266));
#11208=CARTESIAN_POINT('Ctrl Pts',(-37.6488690963362,2.75084074806151,149.170077928817));
#11209=CARTESIAN_POINT('Ctrl Pts',(-37.580250084784,2.74996817313158,149.170424859288));
#11210=CARTESIAN_POINT('Ctrl Pts',(-37.5118910460517,2.74909890090609,149.170592709036));
#11211=CARTESIAN_POINT('Ctrl Pts',(-37.4438320744476,2.74823344425206,149.170592709036));
#11212=CARTESIAN_POINT('',(-31.8911366158355,2.67762383733007,149.815998102716));
#11213=CARTESIAN_POINT('Ctrl Pts',(-37.4438320744476,2.74823344425206,149.170592709036));
#11214=CARTESIAN_POINT('Ctrl Pts',(-37.1175527819452,2.7440843867786,149.170592709036));
#11215=CARTESIAN_POINT('Ctrl Pts',(-36.7843729753418,2.73984764384589,149.174448692045));
#11216=CARTESIAN_POINT('Ctrl Pts',(-36.4487348689071,2.73557972203623,149.183407143808));
#11217=CARTESIAN_POINT('Ctrl Pts',(-36.0766127093689,2.73084787469797,149.193339384374));
#11218=CARTESIAN_POINT('Ctrl Pts',(-35.7014748640616,2.72607770175564,149.209545906122));
#11219=CARTESIAN_POINT('Ctrl Pts',(-35.3293989808006,2.72134621227445,149.233734149083));
#11220=CARTESIAN_POINT('Ctrl Pts',(-35.0396513630688,2.71766164719735,149.252570322268));
#11221=CARTESIAN_POINT('Ctrl Pts',(-34.7517621301023,2.71400054071701,149.276247370655));
#11222=CARTESIAN_POINT('Ctrl Pts',(-34.468570249124,2.71039925978594,149.305560174828));
#11223=CARTESIAN_POINT('Ctrl Pts',(-34.3881047165498,2.70937599956016,149.313889052022));
#11224=CARTESIAN_POINT('Ctrl Pts',(-34.3080181341824,2.70835756930934,149.322672822579));
#11225=CARTESIAN_POINT('Ctrl Pts',(-34.2283748451274,2.70734480327957,149.33192943358));
#11226=CARTESIAN_POINT('Ctrl Pts',(-34.0323230662501,2.70485175478698,149.35471572323));
#11227=CARTESIAN_POINT('Ctrl Pts',(-33.8314730786806,2.70229775232114,149.381234675129));
#11228=CARTESIAN_POINT('Ctrl Pts',(-33.6288345206235,2.69972114644315,149.412256787028));
#11229=CARTESIAN_POINT('Ctrl Pts',(-33.3343587342524,2.69597680455005,149.457338339543));
#11230=CARTESIAN_POINT('Ctrl Pts',(-33.0361148396774,2.69218472852692,149.51193302536));
#11231=CARTESIAN_POINT('Ctrl Pts',(-32.7434159433811,2.6884626123495,149.578433647953));
#11232=CARTESIAN_POINT('Ctrl Pts',(-32.5625871655318,2.6861630966086,149.619517596208));
#11233=CARTESIAN_POINT('Ctrl Pts',(-32.3838757418247,2.68389028274326,149.665146091227));
#11234=CARTESIAN_POINT('Ctrl Pts',(-32.2094478203107,2.68167192271089,149.715872381333));
#11235=CARTESIAN_POINT('Ctrl Pts',(-32.1015376056186,2.68029952943074,149.747254311521));
#11236=CARTESIAN_POINT('Ctrl Pts',(-31.9952661569649,2.67894797729469,149.780587080682));
#11237=CARTESIAN_POINT('Ctrl Pts',(-31.8911366158355,2.67762383733007,149.815998102716));
#11238=CARTESIAN_POINT('',(-28.2597412469332,2.63144601225615,160.48021469021));
#11239=CARTESIAN_POINT('Ctrl Pts',(-31.8911366158355,2.67762383733007,149.815998102716));
#11240=CARTESIAN_POINT('Ctrl Pts',(-31.7638126904842,2.67600475117852,149.898962845861));
#11241=CARTESIAN_POINT('Ctrl Pts',(-31.6396171291361,2.67442533342382,149.987132469404));
#11242=CARTESIAN_POINT('Ctrl Pts',(-31.5200465894107,2.67290487317024,150.080979788057));
#11243=CARTESIAN_POINT('Ctrl Pts',(-31.3715577335291,2.67101668730117,150.197524222884));
#11244=CARTESIAN_POINT('Ctrl Pts',(-31.2302056892881,2.66921942540644,150.322827031588));
#11245=CARTESIAN_POINT('Ctrl Pts',(-31.0989216603571,2.66755002954312,150.457786309803));
#11246=CARTESIAN_POINT('Ctrl Pts',(-31.0032763473029,2.66633381237444,150.556109179078));
#11247=CARTESIAN_POINT('Ctrl Pts',(-30.912977565774,2.66518546222573,150.659557597407));
#11248=CARTESIAN_POINT('Ctrl Pts',(-30.8291399963521,2.66411926397267,150.768462469669));
#11249=CARTESIAN_POINT('Ctrl Pts',(-30.7979010028142,2.66372198432147,150.809041873679));
#11250=CARTESIAN_POINT('Ctrl Pts',(-30.7675587025683,2.66333611069471,150.850378646527));
#11251=CARTESIAN_POINT('Ctrl Pts',(-30.7381689192749,2.66296238210446,150.892489018501));
#11252=CARTESIAN_POINT('Ctrl Pts',(-30.6304772312504,2.66159294489745,151.046792199166));
#11253=CARTESIAN_POINT('Ctrl Pts',(-30.5383781611766,2.66042180734226,151.207453916579));
#11254=CARTESIAN_POINT('Ctrl Pts',(-30.4617257685352,2.65944712083949,151.374919416741));
#11255=CARTESIAN_POINT('Ctrl Pts',(-30.3973718781194,2.65862881802822,151.515515894875));
#11256=CARTESIAN_POINT('Ctrl Pts',(-30.3439105994091,2.65794898421254,151.6609092938));
#11257=CARTESIAN_POINT('Ctrl Pts',(-30.3012562786713,2.65740652546107,151.81135249406));
#11258=CARTESIAN_POINT('Ctrl Pts',(-30.2848553038218,2.65719794513003,151.869199274903));
#11259=CARTESIAN_POINT('Ctrl Pts',(-30.2700517700502,2.6570096753251,151.927792442904));
#11260=CARTESIAN_POINT('Ctrl Pts',(-30.2568386666334,2.65684165385779,151.987145303573));
#11261=CARTESIAN_POINT('Ctrl Pts',(-30.2181357332227,2.65634949668201,152.160997709155));
#11262=CARTESIAN_POINT('Ctrl Pts',(-30.1941442106027,2.65604453123961,152.336600062111));
#11263=CARTESIAN_POINT('Ctrl Pts',(-30.182414288357,2.6558953635355,152.513050427748));
#11264=CARTESIAN_POINT('Ctrl Pts',(-30.1686989660931,2.65572094778999,152.719366682672));
#11265=CARTESIAN_POINT('Ctrl Pts',(-30.1717405606604,2.65575953366873,152.926839808928));
#11266=CARTESIAN_POINT('Ctrl Pts',(-30.1875794040033,2.65596093555848,153.134042829601));
#11267=CARTESIAN_POINT('Ctrl Pts',(-30.1909722472649,2.65600407791615,153.178427849216));
#11268=CARTESIAN_POINT('Ctrl Pts',(-30.1949524184556,2.65605469125732,153.222800610987));
#11269=CARTESIAN_POINT('Ctrl Pts',(-30.1994813416966,2.65611228229436,153.267147355292));
#11270=CARTESIAN_POINT('Ctrl Pts',(-30.2320144034246,2.65652598168013,153.58570770465));
#11271=CARTESIAN_POINT('Ctrl Pts',(-30.2932917704972,2.6573050950445,153.90708159082));
#11272=CARTESIAN_POINT('Ctrl Pts',(-30.3714536847407,2.65829898091237,154.228027629996));
#11273=CARTESIAN_POINT('Ctrl Pts',(-30.4411170532662,2.65918480155988,154.514077203119));
#11274=CARTESIAN_POINT('Ctrl Pts',(-30.5241898899045,2.6602412293647,154.799787283899));
#11275=CARTESIAN_POINT('Ctrl Pts',(-30.6122901199087,2.66136161149027,155.082899914145));
#11276=CARTESIAN_POINT('Ctrl Pts',(-30.648521726065,2.66182237355544,155.199331225578));
#11277=CARTESIAN_POINT('Ctrl Pts',(-30.6856040104307,2.66229395222584,155.315323661947));
#11278=CARTESIAN_POINT('Ctrl Pts',(-30.7229559040831,2.66276892920743,155.430721966627));
#11279=CARTESIAN_POINT('Ctrl Pts',(-30.8243136090973,2.66405782173952,155.743865590182));
#11280=CARTESIAN_POINT('Ctrl Pts',(-30.9276789666163,2.66537208862003,156.052708054353));
#11281=CARTESIAN_POINT('Ctrl Pts',(-31.0214722071382,2.66656475586715,156.35415856436));
#11282=CARTESIAN_POINT('Ctrl Pts',(-31.1325258629518,2.66797690515665,156.711083871525));
#11283=CARTESIAN_POINT('Ctrl Pts',(-31.23016198711,2.66921858172109,157.057646413923));
#11284=CARTESIAN_POINT('Ctrl Pts',(-31.295210255813,2.67004582230661,157.388777968124));
#11285=CARTESIAN_POINT('Ctrl Pts',(-31.3393228510317,2.67060681693146,157.613335400718));
#11286=CARTESIAN_POINT('Ctrl Pts',(-31.3684505137842,2.67097721669609,157.830797863232));
#11287=CARTESIAN_POINT('Ctrl Pts',(-31.3766069001084,2.67108093555417,158.039592693978));
#11288=CARTESIAN_POINT('Ctrl Pts',(-31.3813090887325,2.67114072988161,158.159963730718));
#11289=CARTESIAN_POINT('Ctrl Pts',(-31.3791711063695,2.67111345817286,158.280631032556));
#11290=CARTESIAN_POINT('Ctrl Pts',(-31.3678700407411,2.67096967427329,158.400189807404));
#11291=CARTESIAN_POINT('Ctrl Pts',(-31.3589034488997,2.67085559197494,158.495051192194));
#11292=CARTESIAN_POINT('Ctrl Pts',(-31.3441638208185,2.67066816182849,158.589213738947));
#11293=CARTESIAN_POINT('Ctrl Pts',(-31.3224928405638,2.67039267586853,158.681985708942));
#11294=CARTESIAN_POINT('Ctrl Pts',(-31.3096509733085,2.67022942740966,158.736960855874));
#11295=CARTESIAN_POINT('Ctrl Pts',(-31.294375444472,2.67003525768432,158.791447949132));
#11296=CARTESIAN_POINT('Ctrl Pts',(-31.2764337483915,2.66980710612852,158.845306972474));
#11297=CARTESIAN_POINT('Ctrl Pts',(-31.238272407222,2.66932183598906,158.959863174718));
#11298=CARTESIAN_POINT('Ctrl Pts',(-31.1893064421029,2.66869909596824,159.067798940439));
#11299=CARTESIAN_POINT('Ctrl Pts',(-31.1293979690777,2.66793730182186,159.169481375061));
#11300=CARTESIAN_POINT('Ctrl Pts',(-31.0764377093528,2.66726386092423,159.259370632375));
#11301=CARTESIAN_POINT('Ctrl Pts',(-31.014929858977,2.66648175054621,159.344373872923));
#11302=CARTESIAN_POINT('Ctrl Pts',(-30.9447934171723,2.66558987620813,159.424740640951));
#11303=CARTESIAN_POINT('Ctrl Pts',(-30.882937898289,2.66480330436985,159.495618604095));
#11304=CARTESIAN_POINT('Ctrl Pts',(-30.8158422559523,2.66394990258932,159.561195482199));
#11305=CARTESIAN_POINT('Ctrl Pts',(-30.7446146514833,2.66304411506365,159.621963927587));
#11306=CARTESIAN_POINT('Ctrl Pts',(-30.6290791978464,2.6615748732794,159.720533996833));
#11307=CARTESIAN_POINT('Ctrl Pts',(-30.5026797329679,2.65996780046664,159.806457347624));
#11308=CARTESIAN_POINT('Ctrl Pts',(-30.3703067418057,2.65828454110801,159.881840930544));
#11309=CARTESIAN_POINT('Ctrl Pts',(-30.3590124371565,2.65814092235442,159.888272795108));
#11310=CARTESIAN_POINT('Ctrl Pts',(-30.3476746265314,2.65799674897701,159.894627896823));
#11311=CARTESIAN_POINT('Ctrl Pts',(-30.3362963177892,2.65785205926483,159.900907519501));
#11312=CARTESIAN_POINT('Ctrl Pts',(-30.0581328795781,2.65431485626522,160.054424309589));
#11313=CARTESIAN_POINT('Ctrl Pts',(-29.7145287018874,2.64994559369363,160.185589834474));
#11314=CARTESIAN_POINT('Ctrl Pts',(-29.2943307133654,2.64460222566112,160.291470124237));
#11315=CARTESIAN_POINT('Ctrl Pts',(-28.990831595117,2.64074283668106,160.367944965765));
#11316=CARTESIAN_POINT('Ctrl Pts',(-28.6473752503658,2.63637527315583,160.431229254372));
#11317=CARTESIAN_POINT('Ctrl Pts',(-28.2597412469332,2.63144601225615,160.48021469021));
#11318=CARTESIAN_POINT('',(-26.4011148675777,2.60781120659477,160.48021469021));
#11319=CARTESIAN_POINT('Origin',(-27.3304280572555,2.61962860942546,152.882459752179));
#11320=CARTESIAN_POINT('',(-22.7697194986754,2.56163338152085,149.815998102716));
#11321=CARTESIAN_POINT('Ctrl Pts',(-26.4011148675777,2.60781120659477,160.480214690209));
#11322=CARTESIAN_POINT('Ctrl Pts',(-26.2051917272679,2.60531979390569,160.455524711205));
#11323=CARTESIAN_POINT('Ctrl Pts',(-26.0210421276748,2.60297739244242,160.427232713251));
#11324=CARTESIAN_POINT('Ctrl Pts',(-25.8479011198835,2.60077515158407,160.395519353578));
#11325=CARTESIAN_POINT('Ctrl Pts',(-25.6708365079975,2.59852300503694,160.363087327255));
#11326=CARTESIAN_POINT('Ctrl Pts',(-25.5052853004829,2.59641744352132,160.3270770574));
#11327=CARTESIAN_POINT('Ctrl Pts',(-25.3504832478899,2.59444900097766,160.28766580499));
#11328=CARTESIAN_POINT('Ctrl Pts',(-25.1893975454372,2.59240065636872,160.246654790131));
#11329=CARTESIAN_POINT('Ctrl Pts',(-25.039951471936,2.59050078839236,160.201961059999));
#11330=CARTESIAN_POINT('Ctrl Pts',(-24.9013392032442,2.58873873083999,160.153767870123));
#11331=CARTESIAN_POINT('Ctrl Pts',(-24.7924558433582,2.58735459112115,160.115910929415));
#11332=CARTESIAN_POINT('Ctrl Pts',(-24.6902586599219,2.58605548719271,160.075894297699));
#11333=CARTESIAN_POINT('Ctrl Pts',(-24.5943785339061,2.58483624906592,160.033800361911));
#11334=CARTESIAN_POINT('Ctrl Pts',(-24.4872779854397,2.58347432895258,159.986780361028));
#11335=CARTESIAN_POINT('Ctrl Pts',(-24.3874515069087,2.58220450822828,159.936903592623));
#11336=CARTESIAN_POINT('Ctrl Pts',(-24.294590148736,2.58102345592735,159.884139768487));
#11337=CARTESIAN_POINT('Ctrl Pts',(-24.1929998503852,2.57973138505977,159.826416160503));
#11338=CARTESIAN_POINT('Ctrl Pts',(-24.0997458127528,2.57854555537945,159.765237232823));
#11339=CARTESIAN_POINT('Ctrl Pts',(-24.0144873461131,2.57746160552806,159.700541703842));
#11340=CARTESIAN_POINT('Ctrl Pts',(-23.933424211802,2.57643099383807,159.639029662143));
#11341=CARTESIAN_POINT('Ctrl Pts',(-23.859590535361,2.57549248221701,159.57433816722));
#11342=CARTESIAN_POINT('Ctrl Pts',(-23.7927344641433,2.57464232197606,159.506399769529));
#11343=CARTESIAN_POINT('Ctrl Pts',(-23.6975213923221,2.57343156629439,159.409645302492));
#11344=CARTESIAN_POINT('Ctrl Pts',(-23.6150941371276,2.57238349052726,159.304915190547));
#11345=CARTESIAN_POINT('Ctrl Pts',(-23.5459933236695,2.57150478026854,159.191391706129));
#11346=CARTESIAN_POINT('Ctrl Pts',(-23.4975382631753,2.57088860866921,159.111786459394));
#11347=CARTESIAN_POINT('Ctrl Pts',(-23.4556384702081,2.57035571634387,159.027856183301));
#11348=CARTESIAN_POINT('Ctrl Pts',(-23.4204624594196,2.5699084084889,158.939316427333));
#11349=CARTESIAN_POINT('Ctrl Pts',(-23.3786188362617,2.56937631343608,158.833993961819));
#11350=CARTESIAN_POINT('Ctrl Pts',(-23.3477475484312,2.56898380945675,158.725814819859));
#11351=CARTESIAN_POINT('Ctrl Pts',(-23.3260715707887,2.56870815492351,158.615679715074));
#11352=CARTESIAN_POINT('Ctrl Pts',(-23.3044836631076,2.56843362038054,158.505992091579));
#11353=CARTESIAN_POINT('Ctrl Pts',(-23.2920112662619,2.56827498768902,158.394365931909));
#11354=CARTESIAN_POINT('Ctrl Pts',(-23.2868842625663,2.56820979129596,158.28170691362));
#11355=CARTESIAN_POINT('Ctrl Pts',(-23.2804668060822,2.56812818514933,158.140691928974));
#11356=CARTESIAN_POINT('Ctrl Pts',(-23.285451348026,2.56819123963406,157.995716609041));
#11357=CARTESIAN_POINT('Ctrl Pts',(-23.2995336991215,2.56837022514454,157.84755665782));
#11358=CARTESIAN_POINT('Ctrl Pts',(-23.3118675008539,2.56852698673813,157.717793136755));
#11359=CARTESIAN_POINT('Ctrl Pts',(-23.331179662651,2.56877267730303,157.58558696029));
#11360=CARTESIAN_POINT('Ctrl Pts',(-23.3559622758737,2.569087995162,157.451451881052));
#11361=CARTESIAN_POINT('Ctrl Pts',(-23.3701365666968,2.56926833962344,157.37473399801));
#11362=CARTESIAN_POINT('Ctrl Pts',(-23.3861011528785,2.56947146063785,157.297384972231));
#11363=CARTESIAN_POINT('Ctrl Pts',(-23.4035816101261,2.56969374695344,157.219499269047));
#11364=CARTESIAN_POINT('Ctrl Pts',(-23.4809256876055,2.57067727557467,156.87488598026));
#11365=CARTESIAN_POINT('Ctrl Pts',(-23.5890135758359,2.57205185382498,156.515039768414));
#11366=CARTESIAN_POINT('Ctrl Pts',(-23.7072188650264,2.57355503389177,156.145435973154));
#11367=CARTESIAN_POINT('Ctrl Pts',(-23.8113497181642,2.57487923371267,155.819840064654));
#11368=CARTESIAN_POINT('Ctrl Pts',(-23.9233343135084,2.57630323390014,155.486671256064));
#11369=CARTESIAN_POINT('Ctrl Pts',(-24.0290607419128,2.57764761459662,155.149714409642));
#11370=CARTESIAN_POINT('Ctrl Pts',(-24.1043649723041,2.57860515714514,154.909715041671));
#11371=CARTESIAN_POINT('Ctrl Pts',(-24.1764935296886,2.57952230809683,154.667794926488));
#11372=CARTESIAN_POINT('Ctrl Pts',(-24.2403431252636,2.58033423716431,154.425337452036));
#11373=CARTESIAN_POINT('Ctrl Pts',(-24.3047672239124,2.58115347177132,154.180698404418));
#11374=CARTESIAN_POINT('Ctrl Pts',(-24.3608225924939,2.58186649765217,153.935299176498));
#11375=CARTESIAN_POINT('Ctrl Pts',(-24.4032047401801,2.5824055011937,153.690562581132));
#11376=CARTESIAN_POINT('Ctrl Pts',(-24.450268343154,2.5830040420904,153.418792824612));
#11377=CARTESIAN_POINT('Ctrl Pts',(-24.4804698720077,2.58338799301424,153.147839730059));
#11378=CARTESIAN_POINT('Ctrl Pts',(-24.4864948632072,2.58346449506877,152.879693632712));
#11379=CARTESIAN_POINT('Ctrl Pts',(-24.489987778941,2.58350884620906,152.724239177862));
#11380=CARTESIAN_POINT('Ctrl Pts',(-24.4853541558421,2.58344986500481,152.56972896646));
#11381=CARTESIAN_POINT('Ctrl Pts',(-24.471167071099,2.58326945812233,152.41655668658));
#11382=CARTESIAN_POINT('Ctrl Pts',(-24.4516089676651,2.58302075188481,152.205395666022));
#11383=CARTESIAN_POINT('Ctrl Pts',(-24.4142030093856,2.58254516998568,152.000172906352));
#11384=CARTESIAN_POINT('Ctrl Pts',(-24.3569402287695,2.58181703679358,151.800892615478));
#11385=CARTESIAN_POINT('Ctrl Pts',(-24.3107313402394,2.5812294609695,151.64008099145));
#11386=CARTESIAN_POINT('Ctrl Pts',(-24.2515970456402,2.58047742685356,151.483137103277));
#11387=CARTESIAN_POINT('Ctrl Pts',(-24.1784681886537,2.57954744231937,151.330060643807));
#11388=CARTESIAN_POINT('Ctrl Pts',(-24.1613588050391,2.57932986115092,151.294246548314));
#11389=CARTESIAN_POINT('Ctrl Pts',(-24.1434831718761,2.57910253928241,151.258644191435));
#11390=CARTESIAN_POINT('Ctrl Pts',(-24.1248271312574,2.57886530392445,151.223253672789));
#11391=CARTESIAN_POINT('Ctrl Pts',(-24.0482564790047,2.57789161039171,151.077999106092));
#11392=CARTESIAN_POINT('Ctrl Pts',(-23.9606856521435,2.57677801996077,150.940396749689));
#11393=CARTESIAN_POINT('Ctrl Pts',(-23.8633842934565,2.5755407237179,150.809849370129));
#11394=CARTESIAN_POINT('Ctrl Pts',(-23.7780064746976,2.57445504869959,150.695299576971));
#11395=CARTESIAN_POINT('Ctrl Pts',(-23.6851405928233,2.57327412863325,150.586180117355));
#11396=CARTESIAN_POINT('Ctrl Pts',(-23.5856439542211,2.57200890193495,150.482075069754));
#11397=CARTESIAN_POINT('Ctrl Pts',(-23.4686599102259,2.57052130056653,150.359672648529));
#11398=CARTESIAN_POINT('Ctrl Pts',(-23.3434022149203,2.56892847771242,150.24514703684));
#11399=CARTESIAN_POINT('Ctrl Pts',(-23.2120855482157,2.5672586396749,150.137891277099));
#11400=CARTESIAN_POINT('Ctrl Pts',(-23.0707242236756,2.56546107259773,150.022431323371));
#11401=CARTESIAN_POINT('Ctrl Pts',(-22.9223487871689,2.5635742576495,149.915393928526));
#11402=CARTESIAN_POINT('Ctrl Pts',(-22.7697194986754,2.56163338152085,149.815998102716));
#11403=CARTESIAN_POINT('',(-17.2170240400634,2.49102377459886,149.170592709036));
#11404=CARTESIAN_POINT('Ctrl Pts',(-22.7697194986754,2.56163338152085,149.815998102716));
#11405=CARTESIAN_POINT('Ctrl Pts',(-22.6067316243108,2.55956078275729,149.760571303099));
#11406=CARTESIAN_POINT('Ctrl Pts',(-22.4384937771353,2.55742102653157,149.710237140837));
#11407=CARTESIAN_POINT('Ctrl Pts',(-22.2669445745241,2.55523931216791,149.664503647772));
#11408=CARTESIAN_POINT('Ctrl Pts',(-22.0594341785742,2.55260025349225,149.609183220107));
#11409=CARTESIAN_POINT('Ctrl Pts',(-21.8470793517112,2.54989980186448,149.56059420242));
#11410=CARTESIAN_POINT('Ctrl Pts',(-21.633385737983,2.54718255805498,149.517838502694));
#11411=CARTESIAN_POINT('Ctrl Pts',(-21.3989394548792,2.54420143147702,149.470930620389));
#11412=CARTESIAN_POINT('Ctrl Pts',(-21.1628868832268,2.54120009283144,149.431042172545));
#11413=CARTESIAN_POINT('Ctrl Pts',(-20.9298905703576,2.53823743974364,149.396974999902));
#11414=CARTESIAN_POINT('Ctrl Pts',(-20.7619812405683,2.53610239696874,149.372424413433));
#11415=CARTESIAN_POINT('Ctrl Pts',(-20.5956603008636,2.53398744514151,149.350896622827));
#11416=CARTESIAN_POINT('Ctrl Pts',(-20.432655213012,2.53191462748651,149.331949651164));
#11417=CARTESIAN_POINT('Ctrl Pts',(-20.1570608046691,2.52841009297925,149.29991580784));
#11418=CARTESIAN_POINT('Ctrl Pts',(-19.8761539106862,2.52483772818851,149.273545515027));
#11419=CARTESIAN_POINT('Ctrl Pts',(-19.5926194512006,2.52123210132503,149.252088216888));
#11420=CARTESIAN_POINT('Ctrl Pts',(-19.212458484503,2.5163977027251,149.223318425666));
#11421=CARTESIAN_POINT('Ctrl Pts',(-18.827575135023,2.51150350805287,149.203380387382));
#11422=CARTESIAN_POINT('Ctrl Pts',(-18.4445356380237,2.50663283973796,149.190430241303));
#11423=CARTESIAN_POINT('Ctrl Pts',(-18.100634977146,2.5022598545353,149.178803336428));
#11424=CARTESIAN_POINT('Ctrl Pts',(-17.7582264254081,2.49790583349187,149.172807105807));
#11425=CARTESIAN_POINT('Ctrl Pts',(-17.4220610619573,2.49363107840837,149.171107489256));
#11426=CARTESIAN_POINT('Ctrl Pts',(-17.3534420504033,2.49275850347842,149.170760558785));
#11427=CARTESIAN_POINT('Ctrl Pts',(-17.2850830116692,2.49188923125292,149.170592709036));
#11428=CARTESIAN_POINT('Ctrl Pts',(-17.2170240400634,2.49102377459886,149.170592709036));
#11429=CARTESIAN_POINT('',(-14.056626611521,2.45083528923892,149.170592709036));
#11430=CARTESIAN_POINT('',(-51.3990157036874,2.92569140821379,149.170592709036));
#11431=CARTESIAN_POINT('',(-14.0566266115214,2.45083528923892,13.9999999999998));
#11432=CARTESIAN_POINT('',(-14.0566266115214,2.45083528923892,11.4999999999997));
#11433=CARTESIAN_POINT('',(-102.826931939715,3.57966297523191,13.9999999999998));
#11434=CARTESIAN_POINT('Ctrl Pts',(-98.1242561776001,-0.00100000129802602,
149.170592709036));
#11435=CARTESIAN_POINT('Ctrl Pts',(-98.1242561776001,13.003216444966,149.170592709036));
#11436=CARTESIAN_POINT('Ctrl Pts',(-94.4694378099733,-0.00100000129802602,
149.170592709036));
#11437=CARTESIAN_POINT('Ctrl Pts',(-94.4694378099733,13.003216444966,149.170592709036));
#11438=CARTESIAN_POINT('Ctrl Pts',(-92.5715607189881,-0.00100000129802602,
148.525187315357));
#11439=CARTESIAN_POINT('Ctrl Pts',(-92.5715607189881,13.003216444966,148.525187315357));
#11440=CARTESIAN_POINT('',(-92.5715607189881,-0.00100000129802602,148.525187315357));
#11441=CARTESIAN_POINT('Origin',(52.567412412487,3.99535637032207,292.32024940805));
#11442=CARTESIAN_POINT('',(-113.509233186692,3.99535637032207,5.00100000000164));
#11443=CARTESIAN_POINT('',(-113.509233186692,3.99535637032207,5.00100000000164));
#11444=CARTESIAN_POINT('',(-111.486158642281,3.99535637032207,8.50100000000059));
#11445=CARTESIAN_POINT('',(52.567412412487,3.99535637032207,292.32024940805));
#11446=CARTESIAN_POINT('',(-111.486158642281,3.99535637032207,8.50100000000059));
#11447=CARTESIAN_POINT('Origin',(-1.80731509107939,3.99535637032207,8.50099999999898));
#11448=CARTESIAN_POINT('',(-107.440009553459,3.99535637032207,8.50099999999926));
#11449=CARTESIAN_POINT('',(-1.80731509107939,3.99535637032207,8.50099999999898));
#11450=CARTESIAN_POINT('',(-107.440009553459,3.99535637032207,8.50099999999926));
#11451=CARTESIAN_POINT('Origin',(-217.571853408039,3.99535637032207,199.033501412587));
#11452=CARTESIAN_POINT('',(-105.416935009045,3.99535637032207,5.0009999999969));
#11453=CARTESIAN_POINT('',(-217.571853408039,3.99535637032207,199.033501412587));
#11454=CARTESIAN_POINT('',(-105.416935009045,3.99535637032207,5.0009999999969));
#11455=CARTESIAN_POINT('Origin',(58.6331090490247,3.99535637032207,288.814147562476));
#11456=CARTESIAN_POINT('',(-107.59041363334,0.876700622739566,1.50099999999884));
#11457=CARTESIAN_POINT('Origin',(-105.995310379424,3.99999999998882,3.99999999999515));
#11458=CARTESIAN_POINT('',(-107.440009553456,3.99535637032207,1.50099999999859));
#11459=CARTESIAN_POINT('',(58.6331090490247,3.99535637032207,288.814147562476));
#11460=CARTESIAN_POINT('',(-107.440009553456,3.99535637032207,1.50099999999859));
#11461=CARTESIAN_POINT('Origin',(-2.00000000000001,4.,4.));
#11462=CARTESIAN_POINT('',(-3.26930648604084,0.876700622739121,1.50099999999813));
#11463=CARTESIAN_POINT('',(-2.00350003563973,0.00701094245711261,3.76345981955586));
#11464=CARTESIAN_POINT('Origin',(-1.67420323213054,4.00000000000774,3.99999999999244));
#11465=CARTESIAN_POINT('',(-7.31545557486452,0.876700622739515,1.50099999999969));
#11466=CARTESIAN_POINT('',(-2.00000000000004,0.876700622739121,1.50099999999964));
#11467=CARTESIAN_POINT('Origin',(-8.60930277036086,3.99999999999964,4.00000000000401));
#11468=CARTESIAN_POINT('',(-111.636562722162,0.87670062273906,1.50100000000002));
#11469=CARTESIAN_POINT('',(-2.00000000000004,0.876700622739566,1.50099999999909));
#11470=CARTESIAN_POINT('',(-112.735970059636,0.0556817481101214,3.33443634199797));
#11471=CARTESIAN_POINT('Origin',(-112.930409917656,3.99999999999241,4.0000000000008));
#11472=CARTESIAN_POINT('',(-110.709809373061,4.,0.));
#11473=CARTESIAN_POINT('Ctrl Pts',(-112.735970059636,0.0556817481101214,
3.33443634199797));
#11474=CARTESIAN_POINT('Ctrl Pts',(-112.728718590278,0.069925768498669,
3.25018173474115));
#11475=CARTESIAN_POINT('Ctrl Pts',(-112.720096046922,0.0868619587885849,
3.16647101641345));
#11476=CARTESIAN_POINT('Ctrl Pts',(-112.710095738402,0.106501892300132,
3.08311089143533));
#11477=CARTESIAN_POINT('Ctrl Pts',(-112.708919295321,0.108812347406601,
3.07330434976255));
#11478=CARTESIAN_POINT('Ctrl Pts',(-112.707723758796,0.111160271689297,
3.06350267415145));
#11479=CARTESIAN_POINT('Ctrl Pts',(-112.706509097231,0.11354572458368,3.0537055610976));
#11480=CARTESIAN_POINT('Ctrl Pts',(-112.697069126157,0.132084720937562,
2.97756545218519));
#11481=CARTESIAN_POINT('Ctrl Pts',(-112.686483850208,0.152870601727441,
2.90203740303931));
#11482=CARTESIAN_POINT('Ctrl Pts',(-112.674830702295,0.175749215618773,
2.82742088542623));
#11483=CARTESIAN_POINT('Ctrl Pts',(-112.663594393206,0.19780945025632,2.75547343728974));
#11484=CARTESIAN_POINT('Ctrl Pts',(-112.651364930848,0.221815994141641,
2.68437275861108));
#11485=CARTESIAN_POINT('Ctrl Pts',(-112.638206566646,0.247640653556209,
2.61443187113057));
#11486=CARTESIAN_POINT('Ctrl Pts',(-112.637919385217,0.24820427700376,2.61290541056845));
#11487=CARTESIAN_POINT('Ctrl Pts',(-112.637631766263,0.248768758786022,
2.61137952589696));
#11488=CARTESIAN_POINT('Ctrl Pts',(-112.63734371072,0.249334097015138,2.60985422196617));
#11489=CARTESIAN_POINT('Ctrl Pts',(-112.617871538115,0.287550211372676,
2.50674569958614));
#11490=CARTESIAN_POINT('Ctrl Pts',(-112.59632626321,0.329833221217539,2.40566597016342));
#11491=CARTESIAN_POINT('Ctrl Pts',(-112.572731533881,0.376120596508843,
2.30662132101828));
#11492=CARTESIAN_POINT('Ctrl Pts',(-112.564251682441,0.392756094232916,
2.27102506987925));
#11493=CARTESIAN_POINT('Ctrl Pts',(-112.555507295239,0.409908461477644,
2.23569140209076));
#11494=CARTESIAN_POINT('Ctrl Pts',(-112.54650008827,0.427573596689157,2.20061966423825));
#11495=CARTESIAN_POINT('Ctrl Pts',(-112.528302097887,0.463263901330865,
2.12976138926425));
#11496=CARTESIAN_POINT('Ctrl Pts',(-112.508995714077,0.501116813366767,
2.0599302784951));
#11497=CARTESIAN_POINT('Ctrl Pts',(-112.488770029314,0.540755988568831,
1.99164931269332));
#11498=CARTESIAN_POINT('Ctrl Pts',(-112.484876522595,0.548386652093276,
1.97850501611042));
#11499=CARTESIAN_POINT('Ctrl Pts',(-112.480949004401,0.556083402037519,
1.96541826049787));
#11500=CARTESIAN_POINT('Ctrl Pts',(-112.476988902764,0.5638433998194,1.95239291407816));
#11501=CARTESIAN_POINT('Ctrl Pts',(-112.463968140667,0.589358170457463,
1.90956574637504));
#11502=CARTESIAN_POINT('Ctrl Pts',(-112.450575707481,0.615597791094157,
1.86733426908752));
#11503=CARTESIAN_POINT('Ctrl Pts',(-112.43686624653,0.642454320665766,1.82585947759864));
#11504=CARTESIAN_POINT('Ctrl Pts',(-112.412432508956,0.690319469997328,
1.75194087680484));
#11505=CARTESIAN_POINT('Ctrl Pts',(-112.386907174849,0.740310145619896,
1.68007169433609));
#11506=CARTESIAN_POINT('Ctrl Pts',(-112.360341253153,0.792322022164738,
1.61026222748396));
#11507=CARTESIAN_POINT('Ctrl Pts',(-112.345075270608,0.822210403548211,
1.57014654414278));
#11508=CARTESIAN_POINT('Ctrl Pts',(-112.32946592546,0.852765711063486,1.53071019898901));
#11509=CARTESIAN_POINT('Ctrl Pts',(-112.313524900866,0.883964187322795,
1.49194880154349));
#11510=CARTESIAN_POINT('Ctrl Pts',(-112.296907222231,0.916486955813743,
1.451542086003));
#11511=CARTESIAN_POINT('Ctrl Pts',(-112.279897812891,0.949769701406489,
1.41181158422729));
#11512=CARTESIAN_POINT('Ctrl Pts',(-112.262526614667,0.98375295990621,1.37280638991292));
#11513=CARTESIAN_POINT('Ctrl Pts',(-112.234774558923,1.03804428005806,1.31049207440597));
#11514=CARTESIAN_POINT('Ctrl Pts',(-112.205994971833,1.09432155228488,1.24980600371179));
#11515=CARTESIAN_POINT('Ctrl Pts',(-112.176326311081,1.15231166270405,1.19101675949076));
#11516=CARTESIAN_POINT('Ctrl Pts',(-112.145709359581,1.21215529410295,1.13034845180946));
#11517=CARTESIAN_POINT('Ctrl Pts',(-112.114145722461,1.27382275013066,1.07170048399012));
#11518=CARTESIAN_POINT('Ctrl Pts',(-112.081810186667,1.33696941125159,1.01534269520255));
#11519=CARTESIAN_POINT('Ctrl Pts',(-112.065708010273,1.36841465101907,0.987278120611724));
#11520=CARTESIAN_POINT('Ctrl Pts',(-112.049414755415,1.40022604188477,0.959781036595023));
#11521=CARTESIAN_POINT('Ctrl Pts',(-112.032953813273,1.43235747604591,0.932882155979901));
#11522=CARTESIAN_POINT('Ctrl Pts',(-112.022967810485,1.45184995638759,0.916563995421803));
#11523=CARTESIAN_POINT('Ctrl Pts',(-112.01292584267,1.47144905237467,0.900468651708553));
#11524=CARTESIAN_POINT('Ctrl Pts',(-112.002829661309,1.49115129554681,0.884596713011355));
#11525=CARTESIAN_POINT('Ctrl Pts',(-111.957560384385,1.5794922504467,0.813430084502497));
#11526=CARTESIAN_POINT('Ctrl Pts',(-111.911136091569,1.67003746536161,0.746654127668776));
#11527=CARTESIAN_POINT('Ctrl Pts',(-111.863594023006,1.76270336043652,0.684139925406023));
#11528=CARTESIAN_POINT('Ctrl Pts',(-111.818092311971,1.85139232387275,0.624308638024143));
#11529=CARTESIAN_POINT('Ctrl Pts',(-111.771566768205,1.94202372566514,0.568380789894031));
#11530=CARTESIAN_POINT('Ctrl Pts',(-111.724056751934,2.03451165480474,0.516200986724327));
#11531=CARTESIAN_POINT('Ctrl Pts',(-111.71972612559,2.04294210155791,0.511444700619698));
#11532=CARTESIAN_POINT('Ctrl Pts',(-111.715386942929,2.05138870612245,0.506719453092606));
#11533=CARTESIAN_POINT('Ctrl Pts',(-111.711039252979,2.05985136688226,0.502025317977671));
#11534=CARTESIAN_POINT('Ctrl Pts',(-111.672396223621,2.13506897713218,0.460303023352254));
#11535=CARTESIAN_POINT('Ctrl Pts',(-111.633018558751,2.21167831346763,0.420975081385979));
#11536=CARTESIAN_POINT('Ctrl Pts',(-111.593013782547,2.28946529986519,0.384173154270352));
#11537=CARTESIAN_POINT('Ctrl Pts',(-111.552461913481,2.36831607686839,0.346867935458412));
#11538=CARTESIAN_POINT('Ctrl Pts',(-111.511265749063,2.44837675495234,0.312158338319069));
#11539=CARTESIAN_POINT('Ctrl Pts',(-111.469547341334,2.52940571438016,0.280131990365827));
#11540=CARTESIAN_POINT('Ctrl Pts',(-111.445021395212,2.57704204571157,0.26130393514694));
#11541=CARTESIAN_POINT('Ctrl Pts',(-111.4203151357,2.62501269430142,0.243402322178551));
#11542=CARTESIAN_POINT('Ctrl Pts',(-111.395454751624,2.67326603572982,0.226437096317233));
#11543=CARTESIAN_POINT('Ctrl Pts',(-111.394334442972,2.67544052489747,0.225672575171751));
#11544=CARTESIAN_POINT('Ctrl Pts',(-111.39321397705,2.67761528569229,0.22491001014277));
#11545=CARTESIAN_POINT('Ctrl Pts',(-111.392093355541,2.67979031482063,0.224149402058278));
#11546=CARTESIAN_POINT('Ctrl Pts',(-111.330246156756,2.79983036208147,0.18217137554837));
#11547=CARTESIAN_POINT('Ctrl Pts',(-111.267678428577,2.92116855817341,0.14599046137967));
#11548=CARTESIAN_POINT('Ctrl Pts',(-111.204447165821,3.04368798811895,0.115713900344684));
#11549=CARTESIAN_POINT('Ctrl Pts',(-111.155200949621,3.13910943113174,0.0921336964153371));
#11550=CARTESIAN_POINT('Ctrl Pts',(-111.105552316382,3.23524726789888,0.0721338406259035));
#11551=CARTESIAN_POINT('Ctrl Pts',(-111.055529457203,3.3320441852843,0.0557432471233946));
#11552=CARTESIAN_POINT('Ctrl Pts',(-111.019391797063,3.40197249726957,0.0439023066572498));
#11553=CARTESIAN_POINT('Ctrl Pts',(-110.983023441337,3.47231320376761,0.0339370409198655));
#11554=CARTESIAN_POINT('Ctrl Pts',(-110.946548542323,3.54282539066726,0.0258765735818741));
#11555=CARTESIAN_POINT('Ctrl Pts',(-110.909809318914,3.613848561602,0.0177576940699573));
#11556=CARTESIAN_POINT('Ctrl Pts',(-110.872962010136,3.68504568949275,0.0115712569306321));
#11557=CARTESIAN_POINT('Ctrl Pts',(-110.836135973077,3.75616666149373,0.00729415535716355));
#11558=CARTESIAN_POINT('Ctrl Pts',(-110.798766698846,3.82833677043194,0.00295396036527305));
#11559=CARTESIAN_POINT('Ctrl Pts',(-110.761419336794,3.9004284408274,0.000579780658568757));
#11560=CARTESIAN_POINT('Ctrl Pts',(-110.724231487427,3.97217657700537,9.41141609398434E-5));
#11561=CARTESIAN_POINT('Ctrl Pts',(-110.719421343845,3.9814569963534,3.12945672697858E-5));
#11562=CARTESIAN_POINT('Ctrl Pts',(-110.7146138722,3.99073166331689,3.49835151522419E-15));
#11563=CARTESIAN_POINT('Ctrl Pts',(-110.709809373061,4.,3.49720252756924E-15));
#11564=CARTESIAN_POINT('',(-4.,4.,0.));
#11565=CARTESIAN_POINT('',(-2.,4.,0.));
#11566=CARTESIAN_POINT('Ctrl Pts',(-2.00350003563973,0.0070109424571126,
3.76345981955586));
#11567=CARTESIAN_POINT('Ctrl Pts',(-2.00620652934928,0.0124287032748082,
3.67208477219709));
#11568=CARTESIAN_POINT('Ctrl Pts',(-2.01052317322036,0.0210662288980904,
3.57949294547933));
#11569=CARTESIAN_POINT('Ctrl Pts',(-2.01657070088199,0.0331650020826116,
3.48607391448393));
#11570=CARTESIAN_POINT('Ctrl Pts',(-2.02228000826942,0.0445871267897756,
3.39787953264222));
#11571=CARTESIAN_POINT('Ctrl Pts',(-2.02953192221542,0.0590940012249584,
3.30894841479953));
#11572=CARTESIAN_POINT('Ctrl Pts',(-2.03841336418408,0.0768594902714693,
3.21963563612867));
#11573=CARTESIAN_POINT('Ctrl Pts',(-2.04767856412011,0.0953926078168208,
3.1264637442052));
#11574=CARTESIAN_POINT('Ctrl Pts',(-2.05871741240425,0.117472542098477,
3.03287880130839));
#11575=CARTESIAN_POINT('Ctrl Pts',(-2.07158647092843,0.143212452883658,
2.93930071319432));
#11576=CARTESIAN_POINT('Ctrl Pts',(-2.08460903500924,0.169259396178273,
2.84460640072884));
#11577=CARTESIAN_POINT('Ctrl Pts',(-2.0995057837979,0.199054254339394,2.74991947408091));
#11578=CARTESIAN_POINT('Ctrl Pts',(-2.11631320481348,0.232670049387683,
2.65569578123908));
#11579=CARTESIAN_POINT('Ctrl Pts',(-2.1274430067873,0.254930284419185,2.59330125672517));
#11580=CARTESIAN_POINT('Ctrl Pts',(-2.13941018594412,0.278865095297992,
2.53111028467988));
#11581=CARTESIAN_POINT('Ctrl Pts',(-2.15221996405681,0.304484941191524,
2.46925885624779));
#11582=CARTESIAN_POINT('Ctrl Pts',(-2.17145483464608,0.34295511732915,2.37638416230802));
#11583=CARTESIAN_POINT('Ctrl Pts',(-2.19259033694356,0.385226189507785,
2.28427682051313));
#11584=CARTESIAN_POINT('Ctrl Pts',(-2.21559925375911,0.431243780201547,
2.19338225628788));
#11585=CARTESIAN_POINT('Ctrl Pts',(-2.23894983404276,0.477944694224076,
2.10113798263072));
#11586=CARTESIAN_POINT('Ctrl Pts',(-2.26422985537286,0.528504170652645,
2.01014326291053));
#11587=CARTESIAN_POINT('Ctrl Pts',(-2.29138680487873,0.582817247664256,
1.9208643095851));
#11588=CARTESIAN_POINT('Ctrl Pts',(-2.30606144083207,0.612166075391699,
1.87262118352773));
#11589=CARTESIAN_POINT('Ctrl Pts',(-2.32128371641222,0.642610107756176,
1.8248790167841));
#11590=CARTESIAN_POINT('Ctrl Pts',(-2.33704254323015,0.67412717838893,1.77771064582009));
#11591=CARTESIAN_POINT('Ctrl Pts',(-2.36628166590391,0.732604342025267,
1.69019386548658));
#11592=CARTESIAN_POINT('Ctrl Pts',(-2.3973686445768,0.794776996353778,1.60465524141757));
#11593=CARTESIAN_POINT('Ctrl Pts',(-2.43018850461166,0.860415258597252,
1.52151398096854));
#11594=CARTESIAN_POINT('Ctrl Pts',(-2.46341468198611,0.926866137471682,
1.43734341278571));
#11595=CARTESIAN_POINT('Ctrl Pts',(-2.49841677583928,0.996868690801496,
1.35563048418545));
#11596=CARTESIAN_POINT('Ctrl Pts',(-2.53505362151257,1.07014065715305,1.27678887158805));
#11597=CARTESIAN_POINT('Ctrl Pts',(-2.55163081821888,1.10329427005136,1.24111514213206));
#11598=CARTESIAN_POINT('Ctrl Pts',(-2.56854241954425,1.13711667360509,1.20602892579168));
#11599=CARTESIAN_POINT('Ctrl Pts',(-2.58577402847922,1.17157907986848,1.17156667072081));
#11600=CARTESIAN_POINT('Ctrl Pts',(-2.62411945339324,1.24826812363198,1.09487796340538));
#11601=CARTESIAN_POINT('Ctrl Pts',(-2.66406185994989,1.32815106786772,1.02131810130102));
#11602=CARTESIAN_POINT('Ctrl Pts',(-2.70539486008208,1.41081520144974,0.951185019816057));
#11603=CARTESIAN_POINT('Ctrl Pts',(-2.74706106598397,1.49414573152294,0.880486560852474));
#11604=CARTESIAN_POINT('Ctrl Pts',(-2.79014010577974,1.5803019318192,0.813270779308248));
#11605=CARTESIAN_POINT('Ctrl Pts',(-2.83440574055156,1.66883138242955,0.749801846240129));
#11606=CARTESIAN_POINT('Ctrl Pts',(-2.87853201310647,1.75708211433267,0.686532733444832));
#11607=CARTESIAN_POINT('Ctrl Pts',(-2.92383712298095,1.8476905810158,0.626987233147465));
#11608=CARTESIAN_POINT('Ctrl Pts',(-2.97008660956485,1.94018790735584,0.571380948044952));
#11609=CARTESIAN_POINT('Ctrl Pts',(-3.01569872183565,2.03141050776498,0.516540985347059));
#11610=CARTESIAN_POINT('Ctrl Pts',(-3.06222907382345,2.12446969103174,0.465532592806287));
#11611=CARTESIAN_POINT('Ctrl Pts',(-3.10944704355175,2.21890424459651,0.418514111742732));
#11612=CARTESIAN_POINT('Ctrl Pts',(-3.15070188290408,2.30141271243286,0.377433567745825));
#11613=CARTESIAN_POINT('Ctrl Pts',(-3.19248143802993,2.38497071457184,0.33939817776892));
#11614=CARTESIAN_POINT('Ctrl Pts',(-3.23463073644022,2.46926831806978,0.30448102184299));
#11615=CARTESIAN_POINT('Ctrl Pts',(-3.28374822178864,2.56750213122632,0.263791307914535));
#11616=CARTESIAN_POINT('Ctrl Pts',(-3.33335756743845,2.66671982160997,0.227343169830434));
#11617=CARTESIAN_POINT('Ctrl Pts',(-3.38319284403235,2.76638953461386,0.195080544551384));
#11618=CARTESIAN_POINT('Ctrl Pts',(-3.43238142750219,2.86476587227236,0.163236578891749));
#11619=CARTESIAN_POINT('Ctrl Pts',(-3.48178985548952,2.96358205548059,0.135470080904062));
#11620=CARTESIAN_POINT('Ctrl Pts',(-3.53117032510531,3.06234246529847,0.111679536444066));
#11621=CARTESIAN_POINT('Ctrl Pts',(-3.57959388735525,3.15918907064375,0.0883500112374018));
#11622=CARTESIAN_POINT('Ctrl Pts',(-3.6279903705646,3.25598165562532,0.0688436467050596));
#11623=CARTESIAN_POINT('Ctrl Pts',(-3.67613706911738,3.35227478159943,0.0530210306503679));
#11624=CARTESIAN_POINT('Ctrl Pts',(-3.72379075321986,3.44758188144928,0.0373604356395062));
#11625=CARTESIAN_POINT('Ctrl Pts',(-3.77119957699983,3.54239936857161,0.0253083874867936));
#11626=CARTESIAN_POINT('Ctrl Pts',(-3.81816112339207,3.63632236941903,0.016688887750439));
#11627=CARTESIAN_POINT('Ctrl Pts',(-3.86459094180383,3.72918191534646,0.00816698337751828));
#11628=CARTESIAN_POINT('Ctrl Pts',(-3.91058343394391,3.82116687552759,0.00300016317290027));
#11629=CARTESIAN_POINT('Ctrl Pts',(-3.95595836406601,3.91191673001132,0.000980604579256569));
#11630=CARTESIAN_POINT('Ctrl Pts',(-3.97070595062511,3.94141190125728,0.000324215355277857));
#11631=CARTESIAN_POINT('Ctrl Pts',(-3.98538843023166,3.97077686046332,3.83439961450599E-15));
#11632=CARTESIAN_POINT('Ctrl Pts',(-4.,4.,3.83026943495679E-15));
#11633=CARTESIAN_POINT('Origin',(-145.442187633085,3.99535637032207,240.72598447724));
#11634=CARTESIAN_POINT('',(-7.16505149498062,3.99535637032207,1.50099999999969));
#11635=CARTESIAN_POINT('',(-7.16505149498062,3.99535637032207,1.50099999999969));
#11636=CARTESIAN_POINT('',(-9.18812603939634,3.99535637032207,5.00100000000297));
#11637=CARTESIAN_POINT('',(-145.442187633085,3.99535637032207,240.72598447724));
#11638=CARTESIAN_POINT('',(-9.18812603939634,3.99535637032207,5.00100000000297));
#11639=CARTESIAN_POINT('Origin',(130.762774823969,3.99535637032207,247.121664497827));
#11640=CARTESIAN_POINT('',(-7.16505149498836,3.99535637032207,8.50100000000004));
#11641=CARTESIAN_POINT('',(130.762774823969,3.99535637032207,247.121664497827));
#11642=CARTESIAN_POINT('',(-7.16505149498836,3.99535637032207,8.50100000000004));
#11643=CARTESIAN_POINT('Origin',(-1.80731509107939,3.99535637032207,8.50099999999959));
#11644=CARTESIAN_POINT('',(-3.1189024061582,3.99535637032207,8.50099999999961));
#11645=CARTESIAN_POINT('',(-1.80731509107939,3.99535637032207,8.50099999999959));
#11646=CARTESIAN_POINT('',(-3.1189024061582,3.99535637032207,8.50099999999961));
#11647=CARTESIAN_POINT('Origin',(-139.376490996551,3.99535637032207,244.232086322808));
#11648=CARTESIAN_POINT('',(-1.0958278617419,3.99535637032207,5.00100000000109));
#11649=CARTESIAN_POINT('',(-139.376490996551,3.99535637032207,244.232086322808));
#11650=CARTESIAN_POINT('',(-1.28208444947053,0.133292400425838,5.00100000000109));
#11651=CARTESIAN_POINT('',(-1.0958278617419,3.99535637032207,5.00100000000109));
#11652=CARTESIAN_POINT('Origin',(-1.99999999998543,1.99999999997936,6.39877143290022));
#11653=CARTESIAN_POINT('Origin',(-2.,2.,323.75));
#11654=CARTESIAN_POINT('',(0.,2.00000000000001,149.170592709036));
#11655=CARTESIAN_POINT('Origin',(-2.,2.,149.170592709036));
#11656=CARTESIAN_POINT('',(-1.86689825409929,0.00443393363231889,4.));
#11657=CARTESIAN_POINT('Origin',(-1.99999999999944,1.99999999999248,3.60322856720461));
#11658=CARTESIAN_POINT('',(0.,2.00000000000001,4.));
#11659=CARTESIAN_POINT('Origin',(-2.,2.,4.));
#11660=CARTESIAN_POINT('',(0.,2.00000000000001,323.75));
#11661=CARTESIAN_POINT('Origin',(0.,-0.00100000129802602,149.170592709036));
#11662=CARTESIAN_POINT('',(0.,0.999499999350994,149.170592709036));
#11663=CARTESIAN_POINT('',(-8.99782486931503,7.23197702905265,149.170592709036));
#11664=CARTESIAN_POINT('Ctrl Pts',(-8.99782486931504,7.23197702905264,149.170592709036));
#11665=CARTESIAN_POINT('Ctrl Pts',(-8.98761339535801,7.46547517261332,149.170592709036));
#11666=CARTESIAN_POINT('Ctrl Pts',(-8.97687851200088,7.69894644837733,149.170592709036));
#11667=CARTESIAN_POINT('Ctrl Pts',(-8.9656203292667,7.93238690017977,149.170592709036));
#11668=CARTESIAN_POINT('Origin',(-13.9930503725356,7.45043107908397,149.170592709037));
#11669=CARTESIAN_POINT('',(-17.2170240400634,-0.00100000129802602,149.170592709036));
#11670=CARTESIAN_POINT('Ctrl Pts',(-22.7697194986754,-0.00100000129802602,
149.815998102716));
#11671=CARTESIAN_POINT('Ctrl Pts',(-22.7697194986754,13.003216444966,149.815998102716));
#11672=CARTESIAN_POINT('Ctrl Pts',(-20.8718424076902,-0.00100000129802602,
149.170592709036));
#11673=CARTESIAN_POINT('Ctrl Pts',(-20.8718424076902,13.003216444966,149.170592709036));
#11674=CARTESIAN_POINT('Ctrl Pts',(-17.2170240400634,-0.00100000129802602,
149.170592709036));
#11675=CARTESIAN_POINT('Ctrl Pts',(-17.2170240400634,13.003216444966,149.170592709036));
#11676=CARTESIAN_POINT('',(-22.7697194986754,-0.00100000129802602,149.815998102716));
#11677=CARTESIAN_POINT('Ctrl Pts',(-26.4011148675777,-0.00100000129802602,
160.480214690209));
#11678=CARTESIAN_POINT('Ctrl Pts',(-26.4011148675777,13.003216444966,160.480214690209));
#11679=CARTESIAN_POINT('Ctrl Pts',(-20.0633026481221,-0.00100000129802602,
159.681531847625));
#11680=CARTESIAN_POINT('Ctrl Pts',(-20.0633026481221,13.003216444966,159.681531847625));
#11681=CARTESIAN_POINT('Ctrl Pts',(-24.6710278076755,-0.00100000129802602,
155.529960090256));
#11682=CARTESIAN_POINT('Ctrl Pts',(-24.6710278076755,13.003216444966,155.529960090256));
#11683=CARTESIAN_POINT('Ctrl Pts',(-26.1256761387127,-0.00100000129802602,
152.001476950913));
#11684=CARTESIAN_POINT('Ctrl Pts',(-26.1256761387127,13.003216444966,152.001476950913));
#11685=CARTESIAN_POINT('Ctrl Pts',(-22.7697194986754,-0.00100000129802602,
149.815998102716));
#11686=CARTESIAN_POINT('Ctrl Pts',(-22.7697194986754,13.003216444966,149.815998102716));
#11687=CARTESIAN_POINT('',(-26.4011148675777,-0.00100000129802602,160.48021469021));
#11688=CARTESIAN_POINT('Origin',(-27.3304280572555,-0.00100000129802602,
152.882459752179));
#11689=CARTESIAN_POINT('',(-28.2597412469332,-0.00100000129802602,160.48021469021));
#11690=CARTESIAN_POINT('Ctrl Pts',(-31.8911366158355,-0.00100000129802602,
149.815998102716));
#11691=CARTESIAN_POINT('Ctrl Pts',(-31.8911366158355,13.003216444966,149.815998102716));
#11692=CARTESIAN_POINT('Ctrl Pts',(-28.5344600320291,-0.00100000129802602,
152.003221044737));
#11693=CARTESIAN_POINT('Ctrl Pts',(-28.5344600320291,13.003216444966,152.003221044737));
#11694=CARTESIAN_POINT('Ctrl Pts',(-29.9918879846147,-0.00100000129802602,
155.530657707494));
#11695=CARTESIAN_POINT('Ctrl Pts',(-29.9918879846147,13.003216444966,155.530657707494));
#11696=CARTESIAN_POINT('Ctrl Pts',(-34.6017301246078,-0.00100000129802602,
159.678775480803));
#11697=CARTESIAN_POINT('Ctrl Pts',(-34.6017301246078,13.003216444966,159.678775480803));
#11698=CARTESIAN_POINT('Ctrl Pts',(-28.2597412469332,-0.00100000129802602,
160.48021469021));
#11699=CARTESIAN_POINT('Ctrl Pts',(-28.2597412469332,13.003216444966,160.48021469021));
#11700=CARTESIAN_POINT('',(-31.8911366158355,-0.00100000129802602,149.815998102716));
#11701=CARTESIAN_POINT('Ctrl Pts',(-37.4438320744476,-0.00100000129802602,
149.170592709036));
#11702=CARTESIAN_POINT('Ctrl Pts',(-37.4438320744476,13.003216444966,149.170592709036));
#11703=CARTESIAN_POINT('Ctrl Pts',(-33.7890137068208,-0.00100000129802602,
149.170592709036));
#11704=CARTESIAN_POINT('Ctrl Pts',(-33.7890137068208,13.003216444966,149.170592709036));
#11705=CARTESIAN_POINT('Ctrl Pts',(-31.8911366158355,-0.00100000129802602,
149.815998102716));
#11706=CARTESIAN_POINT('Ctrl Pts',(-31.8911366158355,13.003216444966,149.815998102716));
#11707=CARTESIAN_POINT('',(-37.4438320744476,-0.00100000129802602,149.170592709036));
#11708=CARTESIAN_POINT('Ctrl Pts',(-42.9965275330596,-0.00100000129802602,
148.525187315357));
#11709=CARTESIAN_POINT('Ctrl Pts',(-42.9965275330596,13.003216444966,148.525187315357));
#11710=CARTESIAN_POINT('Ctrl Pts',(-41.0986504420744,-0.00100000129802602,
149.170592709036));
#11711=CARTESIAN_POINT('Ctrl Pts',(-41.0986504420744,13.003216444966,149.170592709036));
#11712=CARTESIAN_POINT('Ctrl Pts',(-37.4438320744476,-0.00100000129802602,
149.170592709036));
#11713=CARTESIAN_POINT('Ctrl Pts',(-37.4438320744476,13.003216444966,149.170592709036));
#11714=CARTESIAN_POINT('',(-42.9965275330596,-0.00100000129802602,148.525187315357));
#11715=CARTESIAN_POINT('Ctrl Pts',(-46.6279229019619,-0.00100000129802602,
137.860970727863));
#11716=CARTESIAN_POINT('Ctrl Pts',(-46.6279229019619,13.003216444966,137.860970727863));
#11717=CARTESIAN_POINT('Ctrl Pts',(-40.4250891340709,-0.00100000129802602,
138.694193605804));
#11718=CARTESIAN_POINT('Ctrl Pts',(-40.4250891340709,13.003216444966,138.694193605804));
#11719=CARTESIAN_POINT('Ctrl Pts',(-44.9163904488957,-0.00100000129802602,
142.819915341111));
#11720=CARTESIAN_POINT('Ctrl Pts',(-44.9163904488957,13.003216444966,142.819915341111));
#11721=CARTESIAN_POINT('Ctrl Pts',(-46.2808278896313,-0.00100000129802602,
146.336510902974));
#11722=CARTESIAN_POINT('Ctrl Pts',(-46.2808278896313,13.003216444966,146.336510902974));
#11723=CARTESIAN_POINT('Ctrl Pts',(-42.9965275330596,-0.00100000129802602,
148.525187315357));
#11724=CARTESIAN_POINT('Ctrl Pts',(-42.9965275330596,13.003216444966,148.525187315357));
#11725=CARTESIAN_POINT('',(-46.6279229019619,-0.00100000129802602,137.860970727863));
#11726=CARTESIAN_POINT('Origin',(-47.5572360916397,-0.00100000129802602,
145.458725665894));
#11727=CARTESIAN_POINT('',(-48.4865492813174,-0.00100000129802602,137.860970727863));
#11728=CARTESIAN_POINT('Ctrl Pts',(-52.8408562372433,-0.00100000129802602,
148.525187315357));
#11729=CARTESIAN_POINT('Ctrl Pts',(-52.8408562372433,13.003216444966,148.525187315357));
#11730=CARTESIAN_POINT('Ctrl Pts',(-48.1771844945522,-0.00100000129802602,
146.674072499229));
#11731=CARTESIAN_POINT('Ctrl Pts',(-48.1771844945522,13.003216444966,146.674072499229));
#11732=CARTESIAN_POINT('Ctrl Pts',(-50.393518008741,-0.00100000129802602,
142.848336119439));
#11733=CARTESIAN_POINT('Ctrl Pts',(-50.393518008741,13.003216444966,142.848336119439));
#11734=CARTESIAN_POINT('Ctrl Pts',(-54.8163459940329,-0.00100000129802602,
138.713520594492));
#11735=CARTESIAN_POINT('Ctrl Pts',(-54.8163459940329,13.003216444966,138.713520594492));
#11736=CARTESIAN_POINT('Ctrl Pts',(-48.4865492813174,-0.00100000129802602,
137.860970727863));
#11737=CARTESIAN_POINT('Ctrl Pts',(-48.4865492813174,13.003216444966,137.860970727863));
#11738=CARTESIAN_POINT('',(-52.8408562372434,-0.00100000129802602,148.525187315357));
#11739=CARTESIAN_POINT('Ctrl Pts',(-62.4405422113663,-0.00100000129802602,
149.815998102716));
#11740=CARTESIAN_POINT('Ctrl Pts',(-62.4405422113663,13.003216444966,149.815998102716));
#11741=CARTESIAN_POINT('Ctrl Pts',(-58.2189450705962,-0.00100000129802602,
149.170592709036));
#11742=CARTESIAN_POINT('Ctrl Pts',(-58.2189450705962,13.003216444966,149.170592709036));
#11743=CARTESIAN_POINT('Ctrl Pts',(-52.8408562372434,-0.00100000129802602,
148.525187315357));
#11744=CARTESIAN_POINT('Ctrl Pts',(-52.8408562372434,13.003216444966,148.525187315357));
#11745=CARTESIAN_POINT('',(-62.4405422113663,-0.00100000129802602,149.815998102716));
#11746=CARTESIAN_POINT('Ctrl Pts',(-66.8547309363461,-0.00100000129802602,
160.48021469021));
#11747=CARTESIAN_POINT('Ctrl Pts',(-66.8547309363461,13.003216444966,160.48021469021));
#11748=CARTESIAN_POINT('Ctrl Pts',(-60.5291236104644,-0.00100000129802602,
159.625261692554));
#11749=CARTESIAN_POINT('Ctrl Pts',(-60.5291236104644,13.003216444966,159.625261692554));
#11750=CARTESIAN_POINT('Ctrl Pts',(-64.9355496375668,-0.00100000129802602,
155.486653290808));
#11751=CARTESIAN_POINT('Ctrl Pts',(-64.9355496375668,13.003216444966,155.486653290808));
#11752=CARTESIAN_POINT('Ctrl Pts',(-67.2078715634755,-0.00100000129802602,
151.630614234618));
#11753=CARTESIAN_POINT('Ctrl Pts',(-67.2078715634755,13.003216444966,151.630614234618));
#11754=CARTESIAN_POINT('Ctrl Pts',(-62.4405422113663,-0.00100000129802602,
149.815998102716));
#11755=CARTESIAN_POINT('Ctrl Pts',(-62.4405422113663,13.003216444966,149.815998102716));
#11756=CARTESIAN_POINT('',(-66.8547309363461,-0.00100000129802602,160.48021469021));
#11757=CARTESIAN_POINT('Origin',(-67.7840441260238,-0.00100000129802602,
152.882459752179));
#11758=CARTESIAN_POINT('',(-68.7133573157016,-0.00100000129802602,160.48021469021));
#11759=CARTESIAN_POINT('Ctrl Pts',(-72.3447526846038,-0.00100000129802602,
149.815998102716));
#11760=CARTESIAN_POINT('Ctrl Pts',(-72.3447526846038,13.003216444966,149.815998102716));
#11761=CARTESIAN_POINT('Ctrl Pts',(-68.9880761007975,-0.00100000129802602,
152.003221044737));
#11762=CARTESIAN_POINT('Ctrl Pts',(-68.9880761007975,13.003216444966,152.003221044737));
#11763=CARTESIAN_POINT('Ctrl Pts',(-70.4455040533832,-0.00100000129802602,
155.530657707494));
#11764=CARTESIAN_POINT('Ctrl Pts',(-70.4455040533832,13.003216444966,155.530657707494));
#11765=CARTESIAN_POINT('Ctrl Pts',(-75.055346193376,-0.00100000129802602,
159.678775480803));
#11766=CARTESIAN_POINT('Ctrl Pts',(-75.055346193376,13.003216444966,159.678775480803));
#11767=CARTESIAN_POINT('Ctrl Pts',(-68.7133573157017,-0.00100000129802602,
160.48021469021));
#11768=CARTESIAN_POINT('Ctrl Pts',(-68.7133573157017,13.003216444966,160.48021469021));
#11769=CARTESIAN_POINT('',(-72.3447526846039,-0.00100000129802602,149.815998102716));
#11770=CARTESIAN_POINT('Ctrl Pts',(-77.8974481432159,-0.00100000129802602,
149.170592709036));
#11771=CARTESIAN_POINT('Ctrl Pts',(-77.8974481432159,13.003216444966,149.170592709036));
#11772=CARTESIAN_POINT('Ctrl Pts',(-74.2426297755891,-0.00100000129802602,
149.170592709036));
#11773=CARTESIAN_POINT('Ctrl Pts',(-74.2426297755891,13.003216444966,149.170592709036));
#11774=CARTESIAN_POINT('Ctrl Pts',(-72.3447526846039,-0.00100000129802602,
149.815998102716));
#11775=CARTESIAN_POINT('Ctrl Pts',(-72.3447526846039,13.003216444966,149.815998102716));
#11776=CARTESIAN_POINT('',(-77.8974481432159,-0.00100000129802602,149.170592709036));
#11777=CARTESIAN_POINT('Ctrl Pts',(-83.450143601828,-0.00100000129802602,
148.525187315357));
#11778=CARTESIAN_POINT('Ctrl Pts',(-83.450143601828,13.003216444966,148.525187315357));
#11779=CARTESIAN_POINT('Ctrl Pts',(-81.5522665108427,-0.00100000129802602,
149.170592709036));
#11780=CARTESIAN_POINT('Ctrl Pts',(-81.5522665108427,13.003216444966,149.170592709036));
#11781=CARTESIAN_POINT('Ctrl Pts',(-77.8974481432159,-0.00100000129802602,
149.170592709036));
#11782=CARTESIAN_POINT('Ctrl Pts',(-77.8974481432159,13.003216444966,149.170592709036));
#11783=CARTESIAN_POINT('',(-83.450143601828,-0.00100000129802602,148.525187315357));
#11784=CARTESIAN_POINT('Ctrl Pts',(-87.0815389707303,-0.00100000129802602,
137.860970727863));
#11785=CARTESIAN_POINT('Ctrl Pts',(-87.0815389707303,13.003216444966,137.860970727863));
#11786=CARTESIAN_POINT('Ctrl Pts',(-81.0618621549975,-0.00100000129802602,
138.757109423085));
#11787=CARTESIAN_POINT('Ctrl Pts',(-81.0618621549975,13.003216444966,138.757109423085));
#11788=CARTESIAN_POINT('Ctrl Pts',(-85.3879233244036,-0.00100000129802602,
142.829249559705));
#11789=CARTESIAN_POINT('Ctrl Pts',(-85.3879233244036,13.003216444966,142.829249559705));
#11790=CARTESIAN_POINT('Ctrl Pts',(-86.6331267436878,-0.00100000129802602,
146.324947937306));
#11791=CARTESIAN_POINT('Ctrl Pts',(-86.6331267436878,13.003216444966,146.324947937306));
#11792=CARTESIAN_POINT('Ctrl Pts',(-83.450143601828,-0.00100000129802602,
148.525187315357));
#11793=CARTESIAN_POINT('Ctrl Pts',(-83.450143601828,13.003216444966,148.525187315357));
#11794=CARTESIAN_POINT('',(-87.0815389707303,-0.00100000129802602,137.860970727863));
#11795=CARTESIAN_POINT('Origin',(-88.010852160408,-0.00100000129802602,
145.458725665894));
#11796=CARTESIAN_POINT('',(-88.9401653500858,-0.00100000129802602,137.860970727863));
#11797=CARTESIAN_POINT('Ctrl Pts',(-92.5715607189881,-0.00100000129802602,
148.525187315357));
#11798=CARTESIAN_POINT('Ctrl Pts',(-92.5715607189881,13.003216444966,148.525187315357));
#11799=CARTESIAN_POINT('Ctrl Pts',(-89.2175807657013,-0.00100000129802602,
146.326818045068));
#11800=CARTESIAN_POINT('Ctrl Pts',(-89.2175807657013,13.003216444966,146.326818045068));
#11801=CARTESIAN_POINT('Ctrl Pts',(-90.6646946506951,-0.00100000129802602,
142.809202446935));
#11802=CARTESIAN_POINT('Ctrl Pts',(-90.6646946506951,13.003216444966,142.809202446935));
#11803=CARTESIAN_POINT('Ctrl Pts',(-95.2861703275064,-0.00100000129802602,
138.66349865007));
#11804=CARTESIAN_POINT('Ctrl Pts',(-95.2861703275064,13.003216444966,138.66349865007));
#11805=CARTESIAN_POINT('Ctrl Pts',(-88.9401653500858,-0.00100000129802602,
137.860970727863));
#11806=CARTESIAN_POINT('Ctrl Pts',(-88.9401653500858,13.003216444966,137.860970727863));
#11807=CARTESIAN_POINT('Ctrl Pts',(-114.763997583397,2.03546663776529,4.));
#11808=CARTESIAN_POINT('Ctrl Pts',(-114.800098839197,0.,4.));
#11809=CARTESIAN_POINT('Ctrl Pts',(-112.764312078722,0.,4.));
#11810=CARTESIAN_POINT('Ctrl Pts',(-114.763997583196,2.03546664910322,3.67442839921192));
#11811=CARTESIAN_POINT('Ctrl Pts',(-114.80009879367,4.49232936942146E-8,
3.5043677849171));
#11812=CARTESIAN_POINT('Ctrl Pts',(-112.76431206758,0.,3.67442839922552));
#11813=CARTESIAN_POINT('Ctrl Pts',(-114.72450654066,2.05505277171717,3.35928274942345));
#11814=CARTESIAN_POINT('Ctrl Pts',(-114.718848973544,0.0801920104695398,
3.03823896446425));
#11815=CARTESIAN_POINT('Ctrl Pts',(-112.74439539846,0.0391421853586458,
3.35928274940529));
#11816=CARTESIAN_POINT('Ctrl Pts',(-114.611865063165,2.11081674523828,2.900917156114));
#11817=CARTESIAN_POINT('Ctrl Pts',(-114.507849060232,0.28831096351544,2.41017523364774));
#11818=CARTESIAN_POINT('Ctrl Pts',(-112.687565138472,0.150747448133702,
2.90091715612308));
#11819=CARTESIAN_POINT('Ctrl Pts',(-114.565491026397,2.13376304552389,2.75188936092082));
#11820=CARTESIAN_POINT('Ctrl Pts',(-114.425434679044,0.369584373725749,
2.2191373249341));
#11821=CARTESIAN_POINT('Ctrl Pts',(-112.664165947497,0.19669024401503,2.75188936090604));
#11822=CARTESIAN_POINT('Ctrl Pts',(-114.45919366638,2.18630680664961,2.46781963122611));
#11823=CARTESIAN_POINT('Ctrl Pts',(-114.247384942816,0.545100978932603,
1.87666074317631));
#11824=CARTESIAN_POINT('Ctrl Pts',(-112.610519823082,0.301977746824776,
2.46781963124088));
#11825=CARTESIAN_POINT('Ctrl Pts',(-114.398982820621,2.21604663425999,2.33158711511482));
#11826=CARTESIAN_POINT('Ctrl Pts',(-114.151913208063,0.639184574134505,
1.72351200716325));
#11827=CARTESIAN_POINT('Ctrl Pts',(-112.580127818386,0.361607335486473,
2.33158711509454));
#11828=CARTESIAN_POINT('Ctrl Pts',(-114.265735728996,2.28178095138372,2.06966004016823));
#11829=CARTESIAN_POINT('Ctrl Pts',(-113.953434357903,0.834679937591012,
1.4479313039252));
#11830=CARTESIAN_POINT('Ctrl Pts',(-112.512853256173,0.493535915589708,
2.0696600401885));
#11831=CARTESIAN_POINT('Ctrl Pts',(-114.192468962988,2.31788822295895,1.9438318215398));
#11832=CARTESIAN_POINT('Ctrl Pts',(-113.850565790442,0.935956450829498,
1.32499654668906));
#11833=CARTESIAN_POINT('Ctrl Pts',(-112.475854100926,0.566062763552478,
1.94383182152165));
#11834=CARTESIAN_POINT('Ctrl Pts',(-114.038087165981,2.3938657146147,1.70789084776363));
#11835=CARTESIAN_POINT('Ctrl Pts',(-113.646454277034,1.13678803905063,1.10886667769759));
#11836=CARTESIAN_POINT('Ctrl Pts',(-112.39787041769,0.718843472742373,1.70789084778179));
#11837=CARTESIAN_POINT('Ctrl Pts',(-113.956545239138,2.43394683814626,1.59686334924784));
#11838=CARTESIAN_POINT('Ctrl Pts',(-113.544574393852,1.23697384726941,1.01404960100632));
#11839=CARTESIAN_POINT('Ctrl Pts',(-112.356670403137,0.799520121491184,
1.59686334922987));
#11840=CARTESIAN_POINT('Ctrl Pts',(-113.700424538472,2.55965218471135,1.28212532464668));
#11841=CARTESIAN_POINT('Ctrl Pts',(-113.244972336223,1.53139075135531,0.763421148999505));
#11842=CARTESIAN_POINT('Ctrl Pts',(-112.227222640913,1.05284779671523,1.28212532468261));
#11843=CARTESIAN_POINT('Ctrl Pts',(-113.512687888077,2.65154815018062,1.09522186039889));
#11844=CARTESIAN_POINT('Ctrl Pts',(-113.043720474444,1.728895301536,0.630869216249164));
#11845=CARTESIAN_POINT('Ctrl Pts',(-112.132285313372,1.23843876423986,1.09522186037628));
#11846=CARTESIAN_POINT('Ctrl Pts',(-113.120100420245,2.84303894079813,0.770547901412628));
#11847=CARTESIAN_POINT('Ctrl Pts',(-112.65666218001,2.10809170841622,0.418837200074482));
#11848=CARTESIAN_POINT('Ctrl Pts',(-111.933611505984,1.62626967783521,0.77054790143524));
#11849=CARTESIAN_POINT('Ctrl Pts',(-112.916365346437,2.9420960372163,0.63304355756137));
#11850=CARTESIAN_POINT('Ctrl Pts',(-112.469643338482,2.29100459343838,0.336731830108589));
#11851=CARTESIAN_POINT('Ctrl Pts',(-111.830441011567,1.82740999256295,0.633043557544912));
#11852=CARTESIAN_POINT('Ctrl Pts',(-112.496519395252,3.14547641644246,0.399358951203996));
#11853=CARTESIAN_POINT('Ctrl Pts',(-112.105301388412,2.64667946045672,0.204572203955101));
#11854=CARTESIAN_POINT('Ctrl Pts',(-111.61767127477,2.24161236820521,0.399358951220455));
#11855=CARTESIAN_POINT('Ctrl Pts',(-112.279955033795,3.25001861514371,0.303133812598356));
#11856=CARTESIAN_POINT('Ctrl Pts',(-111.925764723885,2.82162116021175,0.153135059983035));
#11857=CARTESIAN_POINT('Ctrl Pts',(-111.507842040529,2.4551215179107,0.303133812595804));
#11858=CARTESIAN_POINT('Ctrl Pts',(-111.61566195983,3.56944383252858,0.0730442768496746));
#11859=CARTESIAN_POINT('Ctrl Pts',(-111.399531771964,3.33335032319503,0.0354201287694541));
#11860=CARTESIAN_POINT('Ctrl Pts',(-111.170678272273,3.10955332757267,0.0730442768547723));
#11861=CARTESIAN_POINT('Ctrl Pts',(-111.165677294026,3.78418802793456,3.46944695195361E-15));
#11862=CARTESIAN_POINT('Ctrl Pts',(-111.054071641529,3.6679415767353,3.46944695195361E-15));
#11863=CARTESIAN_POINT('Ctrl Pts',(-110.941930015831,3.55221604517681,3.46944695195361E-15));
#11864=CARTESIAN_POINT('Ctrl Pts',(-110.709809373061,4.,3.46944695195361E-15));
#11865=CARTESIAN_POINT('Ctrl Pts',(-110.709809373061,4.,3.46944695195361E-15));
#11866=CARTESIAN_POINT('Ctrl Pts',(-110.709809373061,4.,3.46944695195361E-15));
#11867=CARTESIAN_POINT('Ctrl Pts',(-113.121765737575,0.0322025302961761,
4.00000000000001));
#11868=CARTESIAN_POINT('Ctrl Pts',(-113.058909443476,0.0207850253167716,
3.89030347370209));
#11869=CARTESIAN_POINT('Ctrl Pts',(-112.99553008317,0.0172590753484588,
3.78036045470963));
#11870=CARTESIAN_POINT('Ctrl Pts',(-112.866545630019,0.0251056762109341,
3.55786686528175));
#11871=CARTESIAN_POINT('Ctrl Pts',(-112.801215360096,0.0368520234204593,
3.4458229372147));
#11872=CARTESIAN_POINT('Ctrl Pts',(-112.735978083601,0.055665986680621,
3.33452957894264));
#11873=CARTESIAN_POINT('Ctrl Pts',(-114.763997583397,2.03546663776529,4.));
#11874=CARTESIAN_POINT('Ctrl Pts',(-114.763997583397,2.0354666377653,3.82044466555347));
#11875=CARTESIAN_POINT('Ctrl Pts',(-114.751982183137,2.04142589690571,3.64288244303012));
#11876=CARTESIAN_POINT('Ctrl Pts',(-114.728152938272,2.05322858329706,3.46728828288467));
#11877=CARTESIAN_POINT('Ctrl Pts',(-114.714721143612,2.05988138580676,3.36831138639094));
#11878=CARTESIAN_POINT('Ctrl Pts',(-114.697536641897,2.06839035904182,3.2699595694008));
#11879=CARTESIAN_POINT('Ctrl Pts',(-114.676641891088,2.07873155754245,3.17222673946186));
#11880=CARTESIAN_POINT('Ctrl Pts',(-114.668177804429,2.0829205905233,3.13263693293209));
#11881=CARTESIAN_POINT('Ctrl Pts',(-114.65910166914,2.08741318220554,3.09313280981968));
#11882=CARTESIAN_POINT('Ctrl Pts',(-114.649411492691,2.09220990683386,3.05370127912249));
#11883=CARTESIAN_POINT('Ctrl Pts',(-114.629505312764,2.10206364520556,2.97269850802495));
#11884=CARTESIAN_POINT('Ctrl Pts',(-114.60702889619,2.11318971156152,2.89238322983877));
#11885=CARTESIAN_POINT('Ctrl Pts',(-114.582187972381,2.12548142802861,2.81317266590795));
#11886=CARTESIAN_POINT('Ctrl Pts',(-114.560641337981,2.13614307342099,2.74446664374895));
#11887=CARTESIAN_POINT('Ctrl Pts',(-114.537315337498,2.1476819065177,2.67659193663924));
#11888=CARTESIAN_POINT('Ctrl Pts',(-114.512341777021,2.1600294502606,2.60985268156371));
#11889=CARTESIAN_POINT('Ctrl Pts',(-114.484140595708,2.17397280928515,2.53448794393448));
#11890=CARTESIAN_POINT('Ctrl Pts',(-114.453758702594,2.18898692766226,2.46023868453259));
#11891=CARTESIAN_POINT('Ctrl Pts',(-114.421166764362,2.2050811980495,2.3869974992868));
#11892=CARTESIAN_POINT('Ctrl Pts',(-114.393158152747,2.21891216954013,2.32405604740975));
#11893=CARTESIAN_POINT('Ctrl Pts',(-114.36355408159,2.23352456896257,2.26194397416398));
#11894=CARTESIAN_POINT('Ctrl Pts',(-114.332359274809,2.24891379282185,2.20062357764153));
#11895=CARTESIAN_POINT('Ctrl Pts',(-114.29749424869,2.26611363302442,2.13208854098288));
#11896=CARTESIAN_POINT('Ctrl Pts',(-114.260576909297,2.28431577742171,2.06450259144404));
#11897=CARTESIAN_POINT('Ctrl Pts',(-114.221919845486,2.30336301678726,1.99829783163616));
#11898=CARTESIAN_POINT('Ctrl Pts',(-114.187660286516,2.32024350267876,1.93962431509979));
#11899=CARTESIAN_POINT('Ctrl Pts',(-114.152034473158,2.33778766170922,1.88203598103469));
#11900=CARTESIAN_POINT('Ctrl Pts',(-114.115278064484,2.35587696878683,1.82586133465171));
#11901=CARTESIAN_POINT('Ctrl Pts',(-114.083652163117,2.37144134686636,1.77752761843816));
#11902=CARTESIAN_POINT('Ctrl Pts',(-114.051118703187,2.38744416436996,1.73008873715683));
#11903=CARTESIAN_POINT('Ctrl Pts',(-114.017680443737,2.40388263048331,1.68351312599499));
#11904=CARTESIAN_POINT('Ctrl Pts',(-113.97053965372,2.42705734986133,1.61785148146607));
#11905=CARTESIAN_POINT('Ctrl Pts',(-113.921704858725,2.45104471004223,1.55404906355216));
#11906=CARTESIAN_POINT('Ctrl Pts',(-113.871170287006,2.47584494353675,1.49194885444993));
#11907=CARTESIAN_POINT('Ctrl Pts',(-113.812277314181,2.50474712728131,1.4195772917207));
#11908=CARTESIAN_POINT('Ctrl Pts',(-113.750876408248,2.53485044424004,1.349331889107));
#11909=CARTESIAN_POINT('Ctrl Pts',(-113.687125639367,2.56607319190278,1.28132298087181));
#11910=CARTESIAN_POINT('Ctrl Pts',(-113.625265619544,2.59636992123283,1.21533111151136));
#11911=CARTESIAN_POINT('Ctrl Pts',(-113.561192408859,2.62772099281636,1.15144500590895));
#11912=CARTESIAN_POINT('Ctrl Pts',(-113.495067335524,2.66004209993854,1.08980817745366));
#11913=CARTESIAN_POINT('Ctrl Pts',(-113.436802664178,2.68852114107977,1.03549822554644));
#11914=CARTESIAN_POINT('Ctrl Pts',(-113.377171713244,2.7176398781857,0.983148281438416));
#11915=CARTESIAN_POINT('Ctrl Pts',(-113.316391011548,2.74728803031604,0.932882138940134));
#11916=CARTESIAN_POINT('Ctrl Pts',(-113.219750839042,2.79442803456726,0.852959917796482));
#11917=CARTESIAN_POINT('Ctrl Pts',(-113.120476621996,2.84277506529379,0.778374939468502));
#11918=CARTESIAN_POINT('Ctrl Pts',(-113.01863510128,2.8922844064061,0.708917772886188));
#11919=CARTESIAN_POINT('Ctrl Pts',(-112.917095841287,2.94164680618127,0.639666751825146));
#11920=CARTESIAN_POINT('Ctrl Pts',(-112.813004464337,2.99216464391224,0.575513257604567));
#11921=CARTESIAN_POINT('Ctrl Pts',(-112.706441831799,3.04378549522749,0.516200939231981));
#11922=CARTESIAN_POINT('Ctrl Pts',(-112.581798191438,3.10416511116938,0.446824807054528));
#11923=CARTESIAN_POINT('Ctrl Pts',(-112.453611891516,3.16613185870246,0.384052317439507));
#11924=CARTESIAN_POINT('Ctrl Pts',(-112.322145063565,3.22953841917062,0.328066984051207));
#11925=CARTESIAN_POINT('Ctrl Pts',(-112.280545598051,3.24960187598836,0.310351793216543));
#11926=CARTESIAN_POINT('Ctrl Pts',(-112.238617984129,3.26980932928553,0.293316008537625));
#11927=CARTESIAN_POINT('Ctrl Pts',(-112.19637141062,3.29015564852329,0.276964996701947));
#11928=CARTESIAN_POINT('Ctrl Pts',(-112.150703926279,3.31214950833282,0.259289963795239));
#11929=CARTESIAN_POINT('Ctrl Pts',(-112.104754955153,3.33426183782124,0.242450166493615));
#11930=CARTESIAN_POINT('Ctrl Pts',(-112.058523024709,3.35649254739241,0.226436942722764));
#11931=CARTESIAN_POINT('Ctrl Pts',(-111.95653347899,3.40553440976759,0.191111110506788));
#11932=CARTESIAN_POINT('Ctrl Pts',(-111.853821774389,3.45483743705187,0.159922864579314));
#11933=CARTESIAN_POINT('Ctrl Pts',(-111.750223325365,3.50447634265243,0.132837146060558));
#11934=CARTESIAN_POINT('Ctrl Pts',(-111.655839624684,3.54970002748986,0.108160614959243));
#11935=CARTESIAN_POINT('Ctrl Pts',(-111.5607198418,3.59520252201769,0.0868899551121558));
#11936=CARTESIAN_POINT('Ctrl Pts',(-111.46473673883,3.64104097620775,0.0690361828417921));
#11937=CARTESIAN_POINT('Ctrl Pts',(-111.391874311391,3.67583773666869,0.0554830766563123));
#11938=CARTESIAN_POINT('Ctrl Pts',(-111.318523415343,3.71082268187685,0.0439068174149202));
#11939=CARTESIAN_POINT('Ctrl Pts',(-111.244919722742,3.74588339047539,0.0343457665252516));
#11940=CARTESIAN_POINT('Ctrl Pts',(-111.170768006045,3.7812051472967,0.0247135278175824));
#11941=CARTESIAN_POINT('Ctrl Pts',(-111.096359735898,3.81660378854298,0.0171265564554278));
#11942=CARTESIAN_POINT('Ctrl Pts',(-111.021939851843,3.8519628181368,0.0115710175838629));
#11943=CARTESIAN_POINT('Ctrl Pts',(-110.946331697416,3.88788642919678,0.00592677281970168));
#11944=CARTESIAN_POINT('Ctrl Pts',(-110.870711574323,3.92376914179203,0.00237929657239697));
#11945=CARTESIAN_POINT('Ctrl Pts',(-110.79534011726,3.95948737451672,0.000860282265897246));
#11946=CARTESIAN_POINT('Ctrl Pts',(-110.766789386319,3.97301745197474,0.000284879182961924));
#11947=CARTESIAN_POINT('Ctrl Pts',(-110.738274373049,3.98652391489037,3.49546941141748E-15));
#11948=CARTESIAN_POINT('Ctrl Pts',(-110.709809373061,4.,3.49720252756924E-15));
#11949=CARTESIAN_POINT('Origin',(-223.637550044572,3.99535637032207,195.527399567016));
#11950=CARTESIAN_POINT('',(-111.486158642278,3.99535637032207,1.50100000000002));
#11951=CARTESIAN_POINT('',(-111.486158642278,3.99535637032207,1.50100000000002));
#11952=CARTESIAN_POINT('',(-223.637550044572,3.99535637032207,195.527399567016));
#11953=CARTESIAN_POINT('Origin',(0.,0.,4.));
#11954=CARTESIAN_POINT('Origin',(0.,0.,0.));
#11955=CARTESIAN_POINT('Origin',(-4.96141816526763,7.73927537838852,5.00099999999967));
#11956=CARTESIAN_POINT('',(-7.34453391529484,3.99535637032207,5.00099999999967));
#11957=CARTESIAN_POINT('',(-2.93941998585049,3.99535637032207,5.00099999999967));
#11958=CARTESIAN_POINT('Origin',(-5.14197695057267,3.99535637032207,5.00099999999968));
#11959=CARTESIAN_POINT('Origin',(-5.14197695057267,3.99535637032207,5.00099999999968));
#11960=CARTESIAN_POINT('',(-2.76397216159049,7.63329867848062,5.00099999999967));
#11961=CARTESIAN_POINT('Origin',(-109.040451612158,12.7587172558447,5.00100000000001));
#11962=CARTESIAN_POINT('',(-111.665641062591,3.99535637032207,5.00100000000001));
#11963=CARTESIAN_POINT('',(-107.260527133146,3.99535637032207,5.00100000000001));
#11964=CARTESIAN_POINT('Origin',(-109.463084097869,3.99535637032207,5.00099999999997));
#11965=CARTESIAN_POINT('Origin',(-109.463084097869,3.99535637032207,5.00099999999997));
#11966=CARTESIAN_POINT('',(-106.84300560848,12.6527405559368,5.00100000000001));
#11967=CARTESIAN_POINT('Ctrl Pts',(-102.477140598231,14.0027754356527,8.99999999999979));
#11968=CARTESIAN_POINT('Ctrl Pts',(-102.504700348424,13.4925335324392,8.99999999999979));
#11969=CARTESIAN_POINT('Ctrl Pts',(-102.531399182581,12.9736193466268,8.99999999999979));
#11970=CARTESIAN_POINT('Ctrl Pts',(-102.699286918363,9.49243681815089,8.99999999999979));
#11971=CARTESIAN_POINT('Ctrl Pts',(-102.789334131982,6.53633112970081,8.99999999999979));
#11972=CARTESIAN_POINT('Ctrl Pts',(-102.826931939715,3.57966297523191,8.99999999999979));
#11973=CARTESIAN_POINT('Ctrl Pts',(-103.939475127032,14.0817606656658,8.99999999999494));
#11974=CARTESIAN_POINT('Ctrl Pts',(-103.967171930826,13.5689813487603,8.99999999999494));
#11975=CARTESIAN_POINT('Ctrl Pts',(-103.994016143703,13.0472545025921,8.99999999999494));
#11976=CARTESIAN_POINT('Ctrl Pts',(-104.162887179308,9.54568307492433,8.99999999999494));
#11977=CARTESIAN_POINT('Ctrl Pts',(-104.253461624819,6.57226941053973,8.99999999999494));
#11978=CARTESIAN_POINT('Ctrl Pts',(-104.291279643373,3.59828402450844,8.99999999999494));
#11979=CARTESIAN_POINT('Ctrl Pts',(-104.973501788712,14.1376116574218,10.0355339059287));
#11980=CARTESIAN_POINT('Ctrl Pts',(-105.001295504012,13.6230381180869,10.0355339059287));
#11981=CARTESIAN_POINT('Ctrl Pts',(-105.028242515199,13.099322420709,10.0355339059287));
#11982=CARTESIAN_POINT('Ctrl Pts',(-105.197808848735,9.58333386416225,10.0355339059287));
#11983=CARTESIAN_POINT('Ctrl Pts',(-105.288756103725,6.59768161262694,10.0355339059287));
#11984=CARTESIAN_POINT('Ctrl Pts',(-105.326729834646,3.61145109472471,10.0355339059287));
#11985=CARTESIAN_POINT('Ctrl Pts',(-104.973501788712,14.1376116574218,11.4999999999998));
#11986=CARTESIAN_POINT('Ctrl Pts',(-105.001295504012,13.6230381180869,11.4999999999998));
#11987=CARTESIAN_POINT('Ctrl Pts',(-105.028242515199,13.099322420709,11.4999999999998));
#11988=CARTESIAN_POINT('Ctrl Pts',(-105.197808848735,9.58333386416225,11.4999999999998));
#11989=CARTESIAN_POINT('Ctrl Pts',(-105.288756103725,6.59768161262694,11.4999999999998));
#11990=CARTESIAN_POINT('Ctrl Pts',(-105.326729834646,3.61145109472471,11.4999999999998));
#11991=CARTESIAN_POINT('',(-102.711710183441,8.62909712414484,8.99999999999979));
#11992=CARTESIAN_POINT('Origin',(-102.711710180808,8.6290972095781,11.5000000151631));
#11993=CARTESIAN_POINT('Origin',(147.218769386682,0.400118567321788,8.99999999999979));
#11994=CARTESIAN_POINT('Origin',(-102.477140598231,14.0027754356527,8.9999999999998));
#11995=CARTESIAN_POINT('',(-102.712862083861,8.5786166743184,8.9999999999998));
#11996=CARTESIAN_POINT('Origin',(-100.213064188939,8.54682855482574,8.9999999999998));
#11997=CARTESIAN_POINT('',(-11.4920327764571,7.41862744959919,8.99999999999971));
#11998=CARTESIAN_POINT('',(-11.5707284939556,7.4196281659835,8.9999999999998));
#11999=CARTESIAN_POINT('Origin',(147.178407680028,0.402007704829107,9.0000000147306));
#12000=CARTESIAN_POINT('Ctrl Pts',(-8.91352317931566,8.9491138437617,11.4999999999996));
#12001=CARTESIAN_POINT('Ctrl Pts',(-8.93231391664734,8.6012216623465,11.4999999999996));
#12002=CARTESIAN_POINT('Ctrl Pts',(-8.94971107645663,8.26226813004182,11.4999999999996));
#12003=CARTESIAN_POINT('Ctrl Pts',(-9.05468496797317,6.08561553365185,11.4999999999996));
#12004=CARTESIAN_POINT('Ctrl Pts',(-9.11099863056799,4.23691502962718,11.4999999999996));
#12005=CARTESIAN_POINT('Ctrl Pts',(-9.13450683802678,2.38824425664585,11.4999999999996));
#12006=CARTESIAN_POINT('Ctrl Pts',(-8.91352317931566,8.94911384376169,10.0355339059362));
#12007=CARTESIAN_POINT('Ctrl Pts',(-8.93231391664734,8.6012216623465,10.0355339059362));
#12008=CARTESIAN_POINT('Ctrl Pts',(-8.94971107645663,8.26226813004182,10.0355339059362));
#12009=CARTESIAN_POINT('Ctrl Pts',(-9.05468496797317,6.08561553365185,10.0355339059362));
#12010=CARTESIAN_POINT('Ctrl Pts',(-9.11099863056799,4.23691502962718,10.0355339059362));
#12011=CARTESIAN_POINT('Ctrl Pts',(-9.13450683802678,2.38824425664585,10.0355339059362));
#12012=CARTESIAN_POINT('Ctrl Pts',(-9.94754984098692,9.0049648355172,9.00000000000454));
#12013=CARTESIAN_POINT('Ctrl Pts',(-9.96643748984809,8.65527843167373,9.00000000000454));
#12014=CARTESIAN_POINT('Ctrl Pts',(-9.98393744793892,8.31433604815823,9.00000000000454));
#12015=CARTESIAN_POINT('Ctrl Pts',(-10.089606637417,6.12326632288934,9.00000000000454));
#12016=CARTESIAN_POINT('Ctrl Pts',(-10.1462931093627,4.26232723171317,9.00000000000454));
#12017=CARTESIAN_POINT('Ctrl Pts',(-10.169957029291,2.401411326862,9.00000000000454));
#12018=CARTESIAN_POINT('Ctrl Pts',(-11.4098843697802,9.08395006552996,8.99999999999971));
#12019=CARTESIAN_POINT('Ctrl Pts',(-11.4289090722366,8.73172624799451,8.99999999999971));
#12020=CARTESIAN_POINT('Ctrl Pts',(-11.4465544090565,8.38797120412287,8.99999999999971));
#12021=CARTESIAN_POINT('Ctrl Pts',(-11.553206898335,6.17651257966451,8.99999999999971));
#12022=CARTESIAN_POINT('Ctrl Pts',(-11.6104206023175,4.29826551255182,8.99999999999971));
#12023=CARTESIAN_POINT('Ctrl Pts',(-11.634304732941,2.42003237613843,8.99999999999971));
#12024=CARTESIAN_POINT('',(-8.99447360982157,7.30818188254217,11.4999999999996));
#12025=CARTESIAN_POINT('Origin',(-11.4920326811553,7.41862959766765,11.5000000025143));
#12026=CARTESIAN_POINT('Origin',(147.177904272325,0.402032293608918,11.4999999999996));
#12027=CARTESIAN_POINT('Ctrl Pts',(-8.91352317931454,8.94911384376164,312.249));
#12028=CARTESIAN_POINT('Ctrl Pts',(-8.91352317931577,8.9491138437617,-48.6498000000003));
#12029=CARTESIAN_POINT('Ctrl Pts',(-8.93231391664623,8.60122166234643,312.249));
#12030=CARTESIAN_POINT('Ctrl Pts',(-8.93231391664746,8.6012216623465,-48.6498000000003));
#12031=CARTESIAN_POINT('Ctrl Pts',(-8.94971107645551,8.26226813004176,312.249));
#12032=CARTESIAN_POINT('Ctrl Pts',(-8.94971107645674,8.26226813004183,-48.6498000000003));
#12033=CARTESIAN_POINT('Ctrl Pts',(-9.05468496797206,6.0856155336518,312.249));
#12034=CARTESIAN_POINT('Ctrl Pts',(-9.05468496797329,6.08561553365186,-48.6498000000003));
#12035=CARTESIAN_POINT('Ctrl Pts',(-9.11099863056693,4.23691502962716,312.249));
#12036=CARTESIAN_POINT('Ctrl Pts',(-9.11099863056816,4.23691502962722,-48.6498000000003));
#12037=CARTESIAN_POINT('Ctrl Pts',(-9.13450683802566,2.38824425664583,312.249));
#12038=CARTESIAN_POINT('Ctrl Pts',(-9.13450683802689,2.3882442566459,-48.6498000000003));
#12039=CARTESIAN_POINT('',(-8.99782486931551,7.23197702905268,11.5012003117878));
#12040=CARTESIAN_POINT('Ctrl Pts',(-8.99447360982157,7.30818188254209,11.4999999999996));
#12041=CARTESIAN_POINT('Ctrl Pts',(-8.99559703194684,7.28277739324403,11.4999999999995));
#12042=CARTESIAN_POINT('Ctrl Pts',(-8.99671439195309,7.25736948499794,11.5004002024947));
#12043=CARTESIAN_POINT('Ctrl Pts',(-8.99782486931551,7.23197702905269,11.5012003117878));
#12044=CARTESIAN_POINT('',(-8.9978248693155,7.23197702905268,11.4999999999996));
#12045=CARTESIAN_POINT('Origin',(0.,2.00000000000001,323.75));
#12046=CARTESIAN_POINT('',(0.,2.00000000000001,4.));
#12047=CARTESIAN_POINT('Origin',(-4.,2.00000000000001,4.));
#12048=CARTESIAN_POINT('Ctrl Pts',(-4.44089209850063E-16,2.,4.));
#12049=CARTESIAN_POINT('Ctrl Pts',(-4.44089209849972E-16,2.,3.90991729594414));
#12050=CARTESIAN_POINT('Ctrl Pts',(-0.00305547836579561,2.00152773918178,
3.81840255891784));
#12051=CARTESIAN_POINT('Ctrl Pts',(-0.00942092799096859,2.00471046399263,
3.72581560438658));
#12052=CARTESIAN_POINT('Ctrl Pts',(-0.0158284675446301,2.0079142337677,
3.63261644199498));
#12053=CARTESIAN_POINT('Ctrl Pts',(-0.0255900875302234,2.0127950437581,
3.53833107956129));
#12054=CARTESIAN_POINT('Ctrl Pts',(-0.0389304841369988,2.01946524205904,
3.44336249038111));
#12055=CARTESIAN_POINT('Ctrl Pts',(-0.0493572217663941,2.02467861087183,
3.36913586941898));
#12056=CARTESIAN_POINT('Ctrl Pts',(-0.0619695037553297,2.03098475186436,
3.29449265303446));
#12057=CARTESIAN_POINT('Ctrl Pts',(-0.0768588783876355,2.03842943917887,
3.21963871193269));
#12058=CARTESIAN_POINT('Ctrl Pts',(-0.0956451875347989,2.04782259375038,
3.12519355804622));
#12059=CARTESIAN_POINT('Ctrl Pts',(-0.118057865454931,2.05902893270831,
3.03041463983785));
#12060=CARTESIAN_POINT('Ctrl Pts',(-0.144196850592693,2.07209842527502,
2.93572837271722));
#12061=CARTESIAN_POINT('Ctrl Pts',(-0.170665550403403,2.08533277517818,
2.83984774202694));
#12062=CARTESIAN_POINT('Ctrl Pts',(-0.200955251380317,2.10047762566441,
2.74406250181426));
#12063=CARTESIAN_POINT('Ctrl Pts',(-0.235124904242762,2.11756245209342,
2.64883466697408));
#12064=CARTESIAN_POINT('Ctrl Pts',(-0.256696560113412,2.12834828002734,
2.58871634822063));
#12065=CARTESIAN_POINT('Ctrl Pts',(-0.279813678038704,2.1399068389886,2.52882055402235));
#12066=CARTESIAN_POINT('Ctrl Pts',(-0.304481869959236,2.15224093494748,
2.46926627052906));
#12067=CARTESIAN_POINT('Ctrl Pts',(-0.343378040554245,2.17168902024281,
2.37536260795498));
#12068=CARTESIAN_POINT('Ctrl Pts',(-0.386132234097561,2.19306611701233,
2.28230986773342));
#12069=CARTESIAN_POINT('Ctrl Pts',(-0.432675393562393,2.21633769674269,
2.19055728733347));
#12070=CARTESIAN_POINT('Ctrl Pts',(-0.479902887150563,2.23995144353469,
2.09745564893242));
#12071=CARTESIAN_POINT('Ctrl Pts',(-0.531031520884224,2.26551576039952,
2.00569319437448));
#12072=CARTESIAN_POINT('Ctrl Pts',(-0.585941078550445,2.29297053923075,
1.91573807299552));
#12073=CARTESIAN_POINT('Ctrl Pts',(-0.614331715673128,2.30716585779113,
1.86922735032824));
#12074=CARTESIAN_POINT('Ctrl Pts',(-0.643732348926692,2.32186617441698,
1.82319972255219));
#12075=CARTESIAN_POINT('Ctrl Pts',(-0.674121550802457,2.33706077535396,
1.77771906790268));
#12076=CARTESIAN_POINT('Ctrl Pts',(-0.73309159588507,2.36654579789353,1.68946415860848));
#12077=CARTESIAN_POINT('Ctrl Pts',(-0.795785635892355,2.39789281789558,
1.60327187729614));
#12078=CARTESIAN_POINT('Ctrl Pts',(-0.86195831216688,2.43097915603144,1.51956070855842));
#12079=CARTESIAN_POINT('Ctrl Pts',(-0.928873205786417,2.4644366028398,1.43491060422211));
#12080=CARTESIAN_POINT('Ctrl Pts',(-0.999344909529092,2.49967245470992,
1.35279813601196));
#12081=CARTESIAN_POINT('Ctrl Pts',(-1.07307692930512,2.53653846459695,1.27363281618841));
#12082=CARTESIAN_POINT('Ctrl Pts',(-1.10529589435781,2.55264794712287,1.23903964105869));
#12083=CARTESIAN_POINT('Ctrl Pts',(-1.13813688467972,2.56906844228344,1.20500886582737));
#12084=CARTESIAN_POINT('Ctrl Pts',(-1.17157287527651,2.5857864375815,1.17157287523112));
#12085=CARTESIAN_POINT('Ctrl Pts',(-1.24871058425337,2.62435529206916,1.09443516625549));
#12086=CARTESIAN_POINT('Ctrl Pts',(-1.3290399457558,2.66451997281986,1.02050271435167));
#12087=CARTESIAN_POINT('Ctrl Pts',(-1.41213361248915,2.70606680618629,0.950066964501091));
#12088=CARTESIAN_POINT('Ctrl Pts',(-1.49568996178973,2.74784498083634,0.879239013958851));
#12089=CARTESIAN_POINT('Ctrl Pts',(-1.58204092415874,2.79102046202088,0.811947217753717));
#12090=CARTESIAN_POINT('Ctrl Pts',(-1.67072425288475,2.83536212638422,0.748445637439822));
#12091=CARTESIAN_POINT('Ctrl Pts',(-1.75900964006073,2.87950481997254,0.685229002646838));
#12092=CARTESIAN_POINT('Ctrl Pts',(-1.8496059112318,2.92480295555871,0.625768942856944));
#12093=CARTESIAN_POINT('Ctrl Pts',(-1.94203838892708,2.97101919440728,0.570269179729367));
#12094=CARTESIAN_POINT('Ctrl Pts',(-2.03307291303378,3.01653645646154,0.515608797898964));
#12095=CARTESIAN_POINT('Ctrl Pts',(-2.1258879582212,3.06294397905646,0.464789982384355));
#12096=CARTESIAN_POINT('Ctrl Pts',(-2.22002059301794,3.11001029645632,0.417958504709499));
#12097=CARTESIAN_POINT('Ctrl Pts',(-2.30220164983422,3.15110082486576,0.377072999529516));
#12098=CARTESIAN_POINT('Ctrl Pts',(-2.38538661293206,3.1926933064162,0.339225961742362));
#12099=CARTESIAN_POINT('Ctrl Pts',(-2.46926627056841,3.2346331352361,0.30448186994294));
#12100=CARTESIAN_POINT('Ctrl Pts',(-2.5671384794128,3.28356923966031,0.263941873661076));
#12101=CARTESIAN_POINT('Ctrl Pts',(-2.66593610328609,3.33296805159925,0.227633413780907));
#12102=CARTESIAN_POINT('Ctrl Pts',(-2.76512889704663,3.38256444848207,0.1954888388119));
#12103=CARTESIAN_POINT('Ctrl Pts',(-2.86300032569946,3.431500162811,0.163772467527414));
#12104=CARTESIAN_POINT('Ctrl Pts',(-2.9612559679114,3.48062798391973,0.136109651019844));
#12105=CARTESIAN_POINT('Ctrl Pts',(-3.05940395412184,3.5297019770279,0.11238856790216));
#12106=CARTESIAN_POINT('Ctrl Pts',(-3.15568496722202,3.57784248358088,0.0891187077390882));
#12107=CARTESIAN_POINT('Ctrl Pts',(-3.25186201511201,3.62593100752895,0.0696418522434957));
#12108=CARTESIAN_POINT('Ctrl Pts',(-3.34749398778656,3.67374699386944,0.0538095546676689));
#12109=CARTESIAN_POINT('Ctrl Pts',(-3.44219850048424,3.72109925022147,0.0381308022079037));
#12110=CARTESIAN_POINT('Ctrl Pts',(-3.53636814643988,3.7681840732026,0.0260261096983141));
#12111=CARTESIAN_POINT('Ctrl Pts',(-3.6296025720248,3.81480128599845,0.0173112889463066));
#12112=CARTESIAN_POINT('Ctrl Pts',(-3.72186870715247,3.86093435356564,0.00868697636998524));
#12113=CARTESIAN_POINT('Ctrl Pts',(-3.8132187195344,3.90660935976003,0.00338231544775134));
#12114=CARTESIAN_POINT('Ctrl Pts',(-3.90329618683699,3.95164809341477,0.00118182143061781));
#12115=CARTESIAN_POINT('Ctrl Pts',(-3.93570032324828,3.96785016162166,0.000390223815379489));
#12116=CARTESIAN_POINT('Ctrl Pts',(-3.96794009421664,3.98397004710708,3.83480054178919E-15));
#12117=CARTESIAN_POINT('Ctrl Pts',(-4.,4.,3.83026943495679E-15));
#12118=CARTESIAN_POINT('',(-4.,2.,0.));
#12119=CARTESIAN_POINT('Origin',(-2.,2.,0.));
#12120=CARTESIAN_POINT('Ctrl Pts',(-102.712862083861,8.57861667431843,8.99999999999981));
#12121=CARTESIAN_POINT('Ctrl Pts',(-105.212659978784,8.61040479381111,8.99999999999979));
#12122=CARTESIAN_POINT('Ctrl Pts',(-105.212659978784,8.6104047938111,11.4999999999998));
#12123=CARTESIAN_POINT('Ctrl Pts',(-102.717023186092,8.25139018930557,8.99999999999981));
#12124=CARTESIAN_POINT('Ctrl Pts',(-105.218909509267,8.1189456037824,9.00000000012172));
#12125=CARTESIAN_POINT('Ctrl Pts',(-105.216821081019,8.2831783087981,11.5000000000024));
#12126=CARTESIAN_POINT('Ctrl Pts',(-102.705070173567,7.92397428976733,9.03223044103705));
#12127=CARTESIAN_POINT('Ctrl Pts',(-105.160214184229,7.63470571398095,9.06484781030771));
#12128=CARTESIAN_POINT('Ctrl Pts',(-105.188754150758,7.95555750023803,11.5161152205184));
#12129=CARTESIAN_POINT('Ctrl Pts',(-102.649394380829,7.28129195408171,9.15991675493026));
#12130=CARTESIAN_POINT('Ctrl Pts',(-104.932237492033,6.73760258298641,9.30421296101079));
#12131=CARTESIAN_POINT('Ctrl Pts',(-105.069240362284,7.31206338299122,11.5799583774651));
#12132=CARTESIAN_POINT('Ctrl Pts',(-102.605672925963,6.96604507520792,9.25536947996379));
#12133=CARTESIAN_POINT('Ctrl Pts',(-104.768585523067,6.33353946605003,9.47298946268022));
#12134=CARTESIAN_POINT('Ctrl Pts',(-104.977796403198,6.99620965159221,11.6276847399819));
#12135=CARTESIAN_POINT('Ctrl Pts',(-102.488138819686,6.35982386580429,9.50583519492295));
#12136=CARTESIAN_POINT('Ctrl Pts',(-104.38017188607,5.63323450239608,9.87027625067407));
#12137=CARTESIAN_POINT('Ctrl Pts',(-104.735039563518,6.3883960753726,11.7529175974613));
#12138=CARTESIAN_POINT('Ctrl Pts',(-102.41432906657,6.06886448326403,9.66084200858686));
#12139=CARTESIAN_POINT('Ctrl Pts',(-104.160564756407,5.33687103249858,10.0936339618088));
#12140=CARTESIAN_POINT('Ctrl Pts',(-104.583732669105,6.09645121780972,11.8304210042933));
#12141=CARTESIAN_POINT('Ctrl Pts',(-102.239453416174,5.52240114123219,10.0244618683873));
#12142=CARTESIAN_POINT('Ctrl Pts',(-103.699083850098,4.83892008652336,10.5614091307342));
#12143=CARTESIAN_POINT('Ctrl Pts',(-104.227061786692,5.54767611746729,12.0122309341936));
#12144=CARTESIAN_POINT('Ctrl Pts',(-102.138391832538,5.26691066066323,10.2330659451517));
#12145=CARTESIAN_POINT('Ctrl Pts',(-103.459062795237,4.63384604637085,10.8040183490406));
#12146=CARTESIAN_POINT('Ctrl Pts',(-104.021706596661,5.29085941063347,12.1165329725759));
#12147=CARTESIAN_POINT('Ctrl Pts',(-101.912895010948,4.80120546631481,10.6958662429824));
#12148=CARTESIAN_POINT('Ctrl Pts',(-102.974610282529,4.29325472775689,11.2927624006413));
#12149=CARTESIAN_POINT('Ctrl Pts',(-103.564828333016,4.82221190605345,12.347933121491));
#12150=CARTESIAN_POINT('Ctrl Pts',(-101.788465336941,4.59100224299475,10.9500510448489));
#12151=CARTESIAN_POINT('Ctrl Pts',(-102.729563558176,4.15431312473121,11.5395559918306));
#12152=CARTESIAN_POINT('Ctrl Pts',(-103.313316532483,4.61039267136272,12.4750255224244));
#12153=CARTESIAN_POINT('Ctrl Pts',(-101.521013060466,4.2239519864605,11.4942466249547));
#12154=CARTESIAN_POINT('Ctrl Pts',(-102.240565137336,3.92696238829961,12.0314057019924));
#12155=CARTESIAN_POINT('Ctrl Pts',(-102.773788462892,4.23988262400013,12.7471233124772));
#12156=CARTESIAN_POINT('Ctrl Pts',(-101.377997058699,4.06711401174425,11.7842439725095));
#12157=CARTESIAN_POINT('Ctrl Pts',(-101.994682495417,3.83603139033643,12.278424676433));
#12158=CARTESIAN_POINT('Ctrl Pts',(-102.485785509336,4.08120095521851,12.8921219862546));
#12159=CARTESIAN_POINT('Ctrl Pts',(-100.92930252322,3.68567933781401,12.6912605695041));
#12160=CARTESIAN_POINT('Ctrl Pts',(-101.269323635354,3.62537929120685,13.0064033906485));
#12161=CARTESIAN_POINT('Ctrl Pts',(-101.583619337889,3.69399981089315,13.345630284752));
#12162=CARTESIAN_POINT('Ctrl Pts',(-100.603922201289,3.55139457027725,13.3453835327425));
#12163=CARTESIAN_POINT('Ctrl Pts',(-100.7674430339,3.55347394628487,13.5091577133328));
#12164=CARTESIAN_POINT('Ctrl Pts',(-100.931203974657,3.55555637557388,13.6726917663694));
#12165=CARTESIAN_POINT('Ctrl Pts',(-100.276640427924,3.54723276498066,13.9999999999998));
#12166=CARTESIAN_POINT('Ctrl Pts',(-100.276640427924,3.54723276498066,13.9999999999998));
#12167=CARTESIAN_POINT('Ctrl Pts',(-100.276640427924,3.54723276498066,13.9999999999998));
#12168=CARTESIAN_POINT('Ctrl Pts',(-100.276640427924,3.54723276498066,13.9999999999998));
#12169=CARTESIAN_POINT('Ctrl Pts',(-100.329316829493,3.54790261263151,13.8946386792383));
#12170=CARTESIAN_POINT('Ctrl Pts',(-100.382728555485,3.5519562278652,13.7877207776348));
#12171=CARTESIAN_POINT('Ctrl Pts',(-100.436691053622,3.55963371720057,13.679609263879));
#12172=CARTESIAN_POINT('Ctrl Pts',(-100.491058018134,3.56736875180144,13.570687419364));
#12173=CARTESIAN_POINT('Ctrl Pts',(-100.54598393846,3.57878234986683,13.4605542059022));
#12174=CARTESIAN_POINT('Ctrl Pts',(-100.601263572454,3.5940828069029,13.3496147775459));
#12175=CARTESIAN_POINT('Ctrl Pts',(-100.657444827709,3.60963281728043,13.2368659061787));
#12176=CARTESIAN_POINT('Ctrl Pts',(-100.713991307988,3.62919771528982,13.1232845432327));
#12177=CARTESIAN_POINT('Ctrl Pts',(-100.770672247657,3.65295495509264,13.0093276699186));
#12178=CARTESIAN_POINT('Ctrl Pts',(-100.827946528329,3.6769608877469,12.8941778861484));
#12179=CARTESIAN_POINT('Ctrl Pts',(-100.885357920567,3.70524753843089,12.7786450406335));
#12180=CARTESIAN_POINT('Ctrl Pts',(-100.942655115153,3.7379536589752,12.663228182652));
#12181=CARTESIAN_POINT('Ctrl Pts',(-101.000930360701,3.77121806606268,12.5458411833761));
#12182=CARTESIAN_POINT('Ctrl Pts',(-101.059087263051,3.8090542861129,12.4285745878947));
#12183=CARTESIAN_POINT('Ctrl Pts',(-101.116850778577,3.8515601437776,12.3119759512577));
#12184=CARTESIAN_POINT('Ctrl Pts',(-101.15423496883,3.87906967215983,12.2365140342392));
#12185=CARTESIAN_POINT('Ctrl Pts',(-101.191454174344,3.90853413469395,12.1613323450794));
#12186=CARTESIAN_POINT('Ctrl Pts',(-101.228432213542,3.93996912043317,12.0865828381768));
#12187=CARTESIAN_POINT('Ctrl Pts',(-101.28489323334,3.98796656406839,11.972449328651));
#12188=CARTESIAN_POINT('Ctrl Pts',(-101.340793894695,4.04051681963229,11.8593206651444));
#12189=CARTESIAN_POINT('Ctrl Pts',(-101.395877056875,4.09753815651664,11.7477131659967));
#12190=CARTESIAN_POINT('Ctrl Pts',(-101.45169440706,4.15531951479205,11.6346180818258));
#12191=CARTESIAN_POINT('Ctrl Pts',(-101.506672046431,4.21769185569251,11.523085532553));
#12192=CARTESIAN_POINT('Ctrl Pts',(-101.560543629267,4.28451658659085,11.4136516910335));
#12193=CARTESIAN_POINT('Ctrl Pts',(-101.592345553534,4.32396512177965,11.3490497885643));
#12194=CARTESIAN_POINT('Ctrl Pts',(-101.623762073591,4.3649642527261,11.2851791997826));
#12195=CARTESIAN_POINT('Ctrl Pts',(-101.654739198709,4.40747711472535,11.2221488349053));
#12196=CARTESIAN_POINT('Ctrl Pts',(-101.70696871691,4.47915666184567,11.1158753967793));
#12197=CARTESIAN_POINT('Ctrl Pts',(-101.757947459352,4.55514065647719,11.0119938437047));
#12198=CARTESIAN_POINT('Ctrl Pts',(-101.807444837408,4.63515298428848,10.9109723373807));
#12199=CARTESIAN_POINT('Ctrl Pts',(-101.856979874849,4.71522618835599,10.8098739702621));
#12200=CARTESIAN_POINT('Ctrl Pts',(-101.905031040887,4.7993334830536,10.7116405171069));
#12201=CARTESIAN_POINT('Ctrl Pts',(-101.951379667261,4.8871536079106,10.6167174488951));
#12202=CARTESIAN_POINT('Ctrl Pts',(-101.976651337927,4.93503768661758,10.5649604777366));
#12203=CARTESIAN_POINT('Ctrl Pts',(-102.00141708345,4.98402484569055,10.5141872231841));
#12204=CARTESIAN_POINT('Ctrl Pts',(-102.025643421751,5.03405806348518,10.464466094071));
#12205=CARTESIAN_POINT('Ctrl Pts',(-102.069746217246,5.12514094794464,10.37395135091));
#12206=CARTESIAN_POINT('Ctrl Pts',(-102.1120594051,5.21969046448561,10.2869273755065));
#12207=CARTESIAN_POINT('Ctrl Pts',(-102.152421756879,5.31728491809015,10.2037273225759));
#12208=CARTESIAN_POINT('Ctrl Pts',(-102.19238153582,5.41390596765802,10.1213571043786));
#12209=CARTESIAN_POINT('Ctrl Pts',(-102.230429057127,5.5135109974836,10.0427352081714));
#12210=CARTESIAN_POINT('Ctrl Pts',(-102.266427636138,5.61566477257248,9.9681460494194));
#12211=CARTESIAN_POINT('Ctrl Pts',(-102.287276808474,5.6748288207145,9.92494650466015));
#12212=CARTESIAN_POINT('Ctrl Pts',(-102.307439075747,5.73484736030018,9.88309892882524));
#12213=CARTESIAN_POINT('Ctrl Pts',(-102.326891241383,5.79563281224331,9.84265193849037));
#12214=CARTESIAN_POINT('Ctrl Pts',(-102.360356008062,5.90020579423247,9.77306847309537));
#12215=CARTESIAN_POINT('Ctrl Pts',(-102.391717237692,6.00704696716301,9.70763406046729));
#12216=CARTESIAN_POINT('Ctrl Pts',(-102.42090404774,6.11566238558409,9.64650301549551));
#12217=CARTESIAN_POINT('Ctrl Pts',(-102.449688823566,6.22278167904156,9.58621402116224));
#12218=CARTESIAN_POINT('Ctrl Pts',(-102.476358635962,6.33162618136854,9.53011073881717));
#12219=CARTESIAN_POINT('Ctrl Pts',(-102.500867960393,6.44171691914718,9.47829639070119));
#12220=CARTESIAN_POINT('Ctrl Pts',(-102.51717208324,6.51495161470947,9.44382838652029));
#12221=CARTESIAN_POINT('Ctrl Pts',(-102.532520610785,6.58873770128845,9.41125739629249));
#12222=CARTESIAN_POINT('Ctrl Pts',(-102.546905872836,6.66293447050205,9.38060233744512));
#12223=CARTESIAN_POINT('Ctrl Pts',(-102.568619216406,6.77492825524838,9.33433110355816));
#12224=CARTESIAN_POINT('Ctrl Pts',(-102.5881365442,6.88785491765956,9.29242782261881));
#12225=CARTESIAN_POINT('Ctrl Pts',(-102.605479835573,7.00121404609489,9.25486126518955));
#12226=CARTESIAN_POINT('Ctrl Pts',(-102.622612303879,7.11319519392295,9.21775136253819));
#12227=CARTESIAN_POINT('Ctrl Pts',(-102.637623308845,7.2255979612393,9.18487332156574));
#12228=CARTESIAN_POINT('Ctrl Pts',(-102.650555557977,7.33795447619618,9.15615363238155));
#12229=CARTESIAN_POINT('Ctrl Pts',(-102.660722057459,7.42628191557099,9.13357606661909));
#12230=CARTESIAN_POINT('Ctrl Pts',(-102.669604291231,7.51458099723848,9.11356754578241));
#12231=CARTESIAN_POINT('Ctrl Pts',(-102.677232277207,7.60263312192287,9.09607359798401));
#12232=CARTESIAN_POINT('Ctrl Pts',(-102.687064220255,7.71612618258651,9.07352511677646));
#12233=CARTESIAN_POINT('Ctrl Pts',(-102.69481183344,7.82920528380964,9.05515548548377));
#12234=CARTESIAN_POINT('Ctrl Pts',(-102.700584291829,7.9414167921051,9.04075790775154));
#12235=CARTESIAN_POINT('Ctrl Pts',(-102.706317942841,8.05287391918835,9.02645712278421));
#12236=CARTESIAN_POINT('Ctrl Pts',(-102.710102993019,8.16347479807176,9.01607499924473));
#12237=CARTESIAN_POINT('Ctrl Pts',(-102.712064087926,8.27280667799272,9.0093727626145));
#12238=CARTESIAN_POINT('Ctrl Pts',(-102.713914700944,8.37597914529631,9.00304810881641));
#12239=CARTESIAN_POINT('Ctrl Pts',(-102.714141277923,8.4780216510021,8.99999999999981));
#12240=CARTESIAN_POINT('Ctrl Pts',(-102.712862083861,8.5786166743184,8.99999999999981));
#12241=CARTESIAN_POINT('Origin',(-102.712862083861,8.5786166743184,11.4999999999998));
#12242=CARTESIAN_POINT('Ctrl Pts',(-105.212659978784,8.61040479381107,11.4999999999998));
#12243=CARTESIAN_POINT('Ctrl Pts',(-105.2120179074,8.6608968870522,11.4999999999998));
#12244=CARTESIAN_POINT('Ctrl Pts',(-105.210356207949,8.71136571397008,11.4999999999998));
#12245=CARTESIAN_POINT('Ctrl Pts',(-105.212659978784,8.61040479381107,10.4644660895764));
#12246=CARTESIAN_POINT('Ctrl Pts',(-105.2120179074,8.6608968870522,10.4644660895764));
#12247=CARTESIAN_POINT('Ctrl Pts',(-105.210356207949,8.71136571397008,10.4644660895764));
#12248=CARTESIAN_POINT('Ctrl Pts',(-104.480486121537,8.60109426910391,9.73223304161271));
#12249=CARTESIAN_POINT('Ctrl Pts',(-104.479938079331,8.64419196643329,9.73223304161271));
#12250=CARTESIAN_POINT('Ctrl Pts',(-104.478519730132,8.6872698047136,9.73223304161271));
#12251=CARTESIAN_POINT('Ctrl Pts',(-103.748312264289,8.59178374439675,8.99999999364903));
#12252=CARTESIAN_POINT('Ctrl Pts',(-103.747858251261,8.62748704581438,8.99999999364903));
#12253=CARTESIAN_POINT('Ctrl Pts',(-103.746683252315,8.66317389545711,8.99999999364903));
#12254=CARTESIAN_POINT('Ctrl Pts',(-102.712862068531,8.57861667412345,8.99999999999979));
#12255=CARTESIAN_POINT('Ctrl Pts',(-102.712541032841,8.60386272058919,8.99999999999979));
#12256=CARTESIAN_POINT('Ctrl Pts',(-102.71171018312,8.62909713389337,8.99999999999979));
#12257=CARTESIAN_POINT('Origin',(-13.9930503725355,7.45043107908397,161.8745));
#12258=CARTESIAN_POINT('Ctrl Pts',(-14.0566266115214,2.45083528923893,13.9999999999998));
#12259=CARTESIAN_POINT('Ctrl Pts',(-13.9507545374627,2.44948899074498,13.9470596831675));
#12260=CARTESIAN_POINT('Ctrl Pts',(-13.8433089986594,2.45152890524904,13.8933542258327));
#12261=CARTESIAN_POINT('Ctrl Pts',(-13.7346534458868,2.45719827033029,13.8390668851049));
#12262=CARTESIAN_POINT('Ctrl Pts',(-13.6251353203927,2.46291264222014,13.7843485790188));
#12263=CARTESIAN_POINT('Ctrl Pts',(-13.5143881028092,2.47231448413939,13.7290392201169));
#12264=CARTESIAN_POINT('Ctrl Pts',(-13.4028180710269,2.48561585948653,13.6733432791413));
#12265=CARTESIAN_POINT('Ctrl Pts',(-13.2893966808676,2.49913795371563,13.6167231370587));
#12266=CARTESIAN_POINT('Ctrl Pts',(-13.1751251884107,2.51669027849764,13.5597036008794));
#12267=CARTESIAN_POINT('Ctrl Pts',(-13.0604621497577,2.53845460181032,13.5025150857312));
#12268=CARTESIAN_POINT('Ctrl Pts',(-12.944582275201,2.56044989414613,13.4447196702311));
#12269=CARTESIAN_POINT('Ctrl Pts',(-12.8283028620586,2.58674720758352,13.3867518522201));
#12270=CARTESIAN_POINT('Ctrl Pts',(-12.712124681514,2.61748992212321,13.3288629086043));
#12271=CARTESIAN_POINT('Ctrl Pts',(-12.594028402387,2.64874019803886,13.2700182201131));
#12272=CARTESIAN_POINT('Ctrl Pts',(-12.4760371623592,2.68458405135073,13.2112552511632));
#12273=CARTESIAN_POINT('Ctrl Pts',(-12.3586991295757,2.72512404089701,13.1528487157));
#12274=CARTESIAN_POINT('Ctrl Pts',(-12.2971099169662,2.74640295597786,13.1221918822326));
#12275=CARTESIAN_POINT('Ctrl Pts',(-12.2357009938406,2.7689748760775,13.0916334066593));
#12276=CARTESIAN_POINT('Ctrl Pts',(-12.1745533512441,2.79284924045222,13.0612138412403));
#12277=CARTESIAN_POINT('Ctrl Pts',(-12.05945408236,2.8377883708573,13.0039545653167));
#12278=CARTESIAN_POINT('Ctrl Pts',(-11.9452783517369,2.88730322875535,12.9471861119476));
#12279=CARTESIAN_POINT('Ctrl Pts',(-11.832543760376,2.94132360369606,12.8911668143402));
#12280=CARTESIAN_POINT('Ctrl Pts',(-11.7183467300081,2.99604475292915,12.8344208116019));
#12281=CARTESIAN_POINT('Ctrl Pts',(-11.6056290267128,3.05538900126353,12.7784438045293));
#12282=CARTESIAN_POINT('Ctrl Pts',(-11.4949281831183,3.11922988987841,12.7235037337314));
#12283=CARTESIAN_POINT('Ctrl Pts',(-11.4350633987919,3.15375375531647,12.6937932511154));
#12284=CARTESIAN_POINT('Ctrl Pts',(-11.3757883729301,3.18959171872749,12.6643859784337));
#12285=CARTESIAN_POINT('Ctrl Pts',(-11.317187156051,3.22671754160749,12.6353237707335));
#12286=CARTESIAN_POINT('Ctrl Pts',(-11.2093208992842,3.29505440825837,12.58182946251));
#12287=CARTESIAN_POINT('Ctrl Pts',(-11.1037407684428,3.36775627065037,12.5295058758428));
#12288=CARTESIAN_POINT('Ctrl Pts',(-11.000920451394,3.4445611120662,12.478588169715));
#12289=CARTESIAN_POINT('Ctrl Pts',(-10.8980356540054,3.52141411908208,12.4276385322424));
#12290=CARTESIAN_POINT('Ctrl Pts',(-10.7979146555466,3.60237489294645,12.3780967981559));
#12291=CARTESIAN_POINT('Ctrl Pts',(-10.7010091210727,3.68713580043752,12.3301868259099));
#12292=CARTESIAN_POINT('Ctrl Pts',(-10.6527403253536,3.72935533878343,12.3063227950699));
#12293=CARTESIAN_POINT('Ctrl Pts',(-10.6052688975071,3.77251704218986,12.2828634058669));
#12294=CARTESIAN_POINT('Ctrl Pts',(-10.5586479208159,3.8165791559013,12.2598349323355));
#12295=CARTESIAN_POINT('Ctrl Pts',(-10.4657275079796,3.90439949101843,12.2139368105159));
#12296=CARTESIAN_POINT('Ctrl Pts',(-10.3761894930762,3.99579702968542,12.1697524934576));
#12297=CARTESIAN_POINT('Ctrl Pts',(-10.2903787159889,4.09036285511096,12.1274517874242));
#12298=CARTESIAN_POINT('Ctrl Pts',(-10.2054179718852,4.18399192091874,12.0855701079581));
#12299=CARTESIAN_POINT('Ctrl Pts',(-10.1241113024312,4.28072630639068,12.0455350605699));
#12300=CARTESIAN_POINT('Ctrl Pts',(-10.0467552087446,4.38014168906633,12.0074921861512));
#12301=CARTESIAN_POINT('Ctrl Pts',(-10.0056947979087,4.43291111241147,11.9872991285836));
#12302=CARTESIAN_POINT('Ctrl Pts',(-9.9657467698336,4.48643547702862,11.9676670170655));
#12303=CARTESIAN_POINT('Ctrl Pts',(-9.9269505777541,4.540648877806,11.9486151576196));
#12304=CARTESIAN_POINT('Ctrl Pts',(-9.85413047635093,4.64240694039961,11.9128549898711));
#12305=CARTESIAN_POINT('Ctrl Pts',(-9.78537238511585,4.74659130891899,11.8791410885565));
#12306=CARTESIAN_POINT('Ctrl Pts',(-9.72084793570891,4.85271573213802,11.8475561711661));
#12307=CARTESIAN_POINT('Ctrl Pts',(-9.65720805310673,4.95738529378418,11.8164042519603));
#12308=CARTESIAN_POINT('Ctrl Pts',(-9.59768662947697,5.06394159009787,11.7873233909179));
#12309=CARTESIAN_POINT('Ctrl Pts',(-9.5424036987561,5.17191095367323,11.7603705887559));
#12310=CARTESIAN_POINT('Ctrl Pts',(-9.50847574515794,5.23817335166193,11.7438292547643));
#12311=CARTESIAN_POINT('Ctrl Pts',(-9.4761433206847,5.30496786732942,11.7280890038463));
#12312=CARTESIAN_POINT('Ctrl Pts',(-9.44542544048005,5.37218482867412,11.7131586455519));
#12313=CARTESIAN_POINT('Ctrl Pts',(-9.39518847621335,5.48211351068906,11.6887410792638));
#12314=CARTESIAN_POINT('Ctrl Pts',(-9.34927295820356,5.5931695398746,11.6664912286763));
#12315=CARTESIAN_POINT('Ctrl Pts',(-9.30766889829597,5.70485273416138,11.6464009201462));
#12316=CARTESIAN_POINT('Ctrl Pts',(-9.26657254030465,5.8151730380985,11.6265557773082));
#12317=CARTESIAN_POINT('Ctrl Pts',(-9.22968300285124,5.92610489199365,11.6088177626998));
#12318=CARTESIAN_POINT('Ctrl Pts',(-9.19694670957078,6.03717843555017,11.5931571031092));
#12319=CARTESIAN_POINT('Ctrl Pts',(-9.17304958865248,6.11826085616673,11.5817250001314));
#12320=CARTESIAN_POINT('Ctrl Pts',(-9.15136475286896,6.19941901585472,11.5713994318186));
#12321=CARTESIAN_POINT('Ctrl Pts',(-9.13185655160456,6.28047610758403,11.5621614502317));
#12322=CARTESIAN_POINT('Ctrl Pts',(-9.10479651389825,6.39291127927567,11.5493473457079));
#12323=CARTESIAN_POINT('Ctrl Pts',(-9.08192622791606,6.505148423205,11.5386266887065));
#12324=CARTESIAN_POINT('Ctrl Pts',(-9.06306206986137,6.61672499102235,11.5299047340426));
#12325=CARTESIAN_POINT('Ctrl Pts',(-9.04433009740293,6.72751971556303,11.5212438961682));
#12326=CARTESIAN_POINT('Ctrl Pts',(-9.02954815455876,6.83766279661515,11.5145537705326));
#12327=CARTESIAN_POINT('Ctrl Pts',(-9.01849891078949,6.94673085511717,11.5097230089656));
#12328=CARTESIAN_POINT('Ctrl Pts',(-9.00877316526562,7.04273454586061,11.5054708846874));
#12329=CARTESIAN_POINT('Ctrl Pts',(-9.00193885280484,7.13790564313511,11.5026590667498));
#12330=CARTESIAN_POINT('Ctrl Pts',(-8.9978248693155,7.23197702905268,11.5012003117878));
#12331=CARTESIAN_POINT('Origin',(-102.763355700738,8.57925876507708,13.9999999999998));
#12332=CARTESIAN_POINT('',(-11.4964225494857,7.26374988628359,9.00240062357575));
#12333=CARTESIAN_POINT('Ctrl Pts',(-11.4964225494857,7.26374988628359,9.00240062357575));
#12334=CARTESIAN_POINT('Ctrl Pts',(-11.4949661169019,7.31535733128752,9.00080039679279));
#12335=CARTESIAN_POINT('Ctrl Pts',(-11.4935025101884,7.36699557779319,8.99999999999963));
#12336=CARTESIAN_POINT('Ctrl Pts',(-11.4920327736332,7.4186274494989,8.99999999999963));
#12337=CARTESIAN_POINT('Ctrl Pts',(-14.0566266115214,2.45083528923893,13.9999999999998));
#12338=CARTESIAN_POINT('Ctrl Pts',(-14.0036905744929,2.45016213999196,13.8941193663328));
#12339=CARTESIAN_POINT('Ctrl Pts',(-13.9499461513665,2.4528849326942,13.7867084516609));
#12340=CARTESIAN_POINT('Ctrl Pts',(-13.8955735506225,2.45924457476528,13.6781337702032));
#12341=CARTESIAN_POINT('Ctrl Pts',(-13.8407693076753,2.46565470347628,13.568697158029));
#12342=CARTESIAN_POINT('Ctrl Pts',(-13.7853269776724,2.47575981759984,13.458078440223));
#12343=CARTESIAN_POINT('Ctrl Pts',(-13.7294483842917,2.48976938063831,13.3466865582701));
#12344=CARTESIAN_POINT('Ctrl Pts',(-13.6726425589276,2.5040114140046,13.2334462741048));
#12345=CARTESIAN_POINT('Ctrl Pts',(-13.6153859930745,2.52228875631875,13.1194072017462));
#12346=CARTESIAN_POINT('Ctrl Pts',(-13.5579068463333,2.5447802457731,13.0050301714501));
#12347=CARTESIAN_POINT('Ctrl Pts',(-13.4998177149774,2.56751042113887,12.8894393404504));
#12348=CARTESIAN_POINT('Ctrl Pts',(-13.4415014336091,2.59454480974689,12.773503704429));
#12349=CARTESIAN_POINT('Ctrl Pts',(-13.3832075168194,2.62602359654978,12.6577258171979));
#12350=CARTESIAN_POINT('Ctrl Pts',(-13.3239511690593,2.65802209726112,12.5400364402177));
#12351=CARTESIAN_POINT('Ctrl Pts',(-13.2647181474632,2.69461313628439,12.42251050232));
#12352=CARTESIAN_POINT('Ctrl Pts',(-13.2057819284393,2.73589577940188,12.3056974313956));
#12353=CARTESIAN_POINT('Ctrl Pts',(-13.174847070937,2.75756450371616,12.244383764464));
#12354=CARTESIAN_POINT('Ctrl Pts',(-13.1439941529761,2.78052498240412,12.1832668133204));
#12355=CARTESIAN_POINT('Ctrl Pts',(-13.1132636166198,2.80478613909003,12.1224276824852));
#12356=CARTESIAN_POINT('Ctrl Pts',(-13.055418994703,2.85045333537629,12.0079091306409));
#12357=CARTESIAN_POINT('Ctrl Pts',(-12.9980071281724,2.90069001822496,11.8943722239058));
#12358=CARTESIAN_POINT('Ctrl Pts',(-12.941287305706,2.955422692415,11.7823336286937));
#12359=CARTESIAN_POINT('Ctrl Pts',(-12.8838316906159,3.01086538113251,11.6688416232214));
#12360=CARTESIAN_POINT('Ctrl Pts',(-12.8270864691001,3.07092139098061,11.5568876090805));
#12361=CARTESIAN_POINT('Ctrl Pts',(-12.7713212548382,3.13546085620725,11.4470074674886));
#12362=CARTESIAN_POINT('Ctrl Pts',(-12.7411645512689,3.17036249779725,11.3875865022508));
#12363=CARTESIAN_POINT('Ctrl Pts',(-12.711294420742,3.20657438197103,11.3287719568819));
#12364=CARTESIAN_POINT('Ctrl Pts',(-12.6817530621119,3.24406973802731,11.2706475414758));
#12365=CARTESIAN_POINT('Ctrl Pts',(-12.6273767889808,3.31308679806148,11.163658925032));
#12366=CARTESIAN_POINT('Ctrl Pts',(-12.5741160148622,3.38645396782193,11.0590117517008));
#12367=CARTESIAN_POINT('Ctrl Pts',(-12.5222092876511,3.46390624048661,10.957176339448));
#12368=CARTESIAN_POINT('Ctrl Pts',(-12.4702700088634,3.54140708476672,10.8552770645052));
#12369=CARTESIAN_POINT('Ctrl Pts',(-12.4196867394372,3.62299779405477,10.7561935963343));
#12370=CARTESIAN_POINT('Ctrl Pts',(-12.3706873040704,3.7083678887132,10.6603736518443));
#12371=CARTESIAN_POINT('Ctrl Pts',(-12.3462806099724,3.75089086412816,10.6126455901605));
#12372=CARTESIAN_POINT('Ctrl Pts',(-12.3222666748221,3.7943508594851,10.5657268117508));
#12373=CARTESIAN_POINT('Ctrl Pts',(-12.2986723099918,3.83870578594765,10.5196698646845));
#12374=CARTESIAN_POINT('Ctrl Pts',(-12.2516463084784,3.92710972705605,10.427873621047));
#12375=CARTESIAN_POINT('Ctrl Pts',(-12.2062890386839,4.01906908026203,10.339504986932));
#12376=CARTESIAN_POINT('Ctrl Pts',(-12.1627755479554,4.11417276964555,10.2549035748667));
#12377=CARTESIAN_POINT('Ctrl Pts',(-12.1196930975181,4.20833437138476,10.1711402159359));
#12378=CARTESIAN_POINT('Ctrl Pts',(-12.0784182389379,4.30557781240358,10.0910701211609));
#12379=CARTESIAN_POINT('Ctrl Pts',(-12.0391019442071,4.40547691965308,10.0149843723244));
#12380=CARTESIAN_POINT('Ctrl Pts',(-12.0182329584898,4.45850310273147,9.9745982571874));
#12381=CARTESIAN_POINT('Ctrl Pts',(-11.9979154548319,4.51227709451392,9.93533403414946));
#12382=CARTESIAN_POINT('Ctrl Pts',(-11.9781695820063,4.56673274440777,9.89723031525598));
#12383=CARTESIAN_POINT('Ctrl Pts',(-11.941106757426,4.66894550639832,9.82570997975715));
#12384=CARTESIAN_POINT('Ctrl Pts',(-11.9060598420045,4.77355855552997,9.75828217712657));
#12385=CARTESIAN_POINT('Ctrl Pts',(-11.8731177565987,4.88008458880319,9.69511234234442));
#12386=CARTESIAN_POINT('Ctrl Pts',(-11.8406272748166,4.98515025482679,9.63280850392996));
#12387=CARTESIAN_POINT('Ctrl Pts',(-11.8101843612725,5.0920763215003,9.5746467818426));
#12388=CARTESIAN_POINT('Ctrl Pts',(-11.7818520537933,5.20038839663956,9.52074117751658));
#12389=CARTESIAN_POINT('Ctrl Pts',(-11.7644640969542,5.26686112178042,9.48765850953789));
#12390=CARTESIAN_POINT('Ctrl Pts',(-11.7478706509274,5.33385577863012,9.45617800770603));
#12391=CARTESIAN_POINT('Ctrl Pts',(-11.7320819220185,5.40126258317151,9.42631729112079));
#12392=CARTESIAN_POINT('Ctrl Pts',(-11.7062605500738,5.51150174059318,9.37748215854389));
#12393=CARTESIAN_POINT('Ctrl Pts',(-11.6825930839283,5.62284068214314,9.3329824573681));
#12394=CARTESIAN_POINT('Ctrl Pts',(-11.6610777084095,5.73477932968194,9.29280184030722));
#12395=CARTESIAN_POINT('Ctrl Pts',(-11.6398248889345,5.84535196952943,9.25311155463012));
#12396=CARTESIAN_POINT('Ctrl Pts',(-11.6206719321126,5.95650936667736,9.21763552541239));
#12397=CARTESIAN_POINT('Ctrl Pts',(-11.6035950323837,6.06778203940282,9.1863142062302));
#12398=CARTESIAN_POINT('Ctrl Pts',(-11.5911290902499,6.14900982203866,9.16345000027484));
#12399=CARTESIAN_POINT('Ctrl Pts',(-11.5797689880403,6.23029927388343,9.14279886364953));
#12400=CARTESIAN_POINT('Ctrl Pts',(-11.5694980215468,6.31147382883481,9.12432290047547));
#12401=CARTESIAN_POINT('Ctrl Pts',(-11.5552510524491,6.42407193502568,9.09869469143021));
#12402=CARTESIAN_POINT('Ctrl Pts',(-11.543100556791,6.5364453947503,9.07725337742783));
#12403=CARTESIAN_POINT('Ctrl Pts',(-11.5329576483013,6.64813286436769,9.05980946809943));
#12404=CARTESIAN_POINT('Ctrl Pts',(-11.5228858135592,6.75903771359308,9.04248779235017));
#12405=CARTESIAN_POINT('Ctrl Pts',(-11.5147934555083,6.86926586123571,9.02910754107727));
#12406=CARTESIAN_POINT('Ctrl Pts',(-11.5085745827779,6.97839534405378,9.01944601794125));
#12407=CARTESIAN_POINT('Ctrl Pts',(-11.5031006177798,7.07445310164084,9.01094176937929));
#12408=CARTESIAN_POINT('Ctrl Pts',(-11.4990778959423,7.16965995190652,9.00531813350064));
#12409=CARTESIAN_POINT('Ctrl Pts',(-11.4964225494857,7.26374988628358,9.00240062357575));
#12410=CARTESIAN_POINT('Origin',(0.192684908923461,3.99535637032207,0.));
#12411=CARTESIAN_POINT('',(-1.80731509107928,3.99535637032207,1.50099999999909));
#12412=CARTESIAN_POINT('Origin',(-1.80731509107928,3.99535637032207,1.50099999999909));
#12413=CARTESIAN_POINT('Origin',(136.82847146051,3.99535637032207,243.615562652254));
#12414=CARTESIAN_POINT('',(-3.11890240615692,3.99535637032207,1.50099999999662));
#12415=CARTESIAN_POINT('',(136.82847146051,3.99535637032207,243.615562652254));
#12416=CARTESIAN_POINT('',(-3.11890240615692,3.99535637032207,1.50099999999662));
#12417=CARTESIAN_POINT('Origin',(-2.38034223865887,4.6685625006275,2.72173009207336));
#12418=CARTESIAN_POINT('Origin',(-1.80731509107928,3.99535637032207,1.50099999999964));
#12419=CARTESIAN_POINT('',(-1.80731509107928,3.99535637032207,1.50099999999964));
#12420=CARTESIAN_POINT('Ctrl Pts',(-2.,4.33680868994202E-16,4.));
#12421=CARTESIAN_POINT('Ctrl Pts',(-4.33680868994202E-16,4.33680868994202E-16,
4.));
#12422=CARTESIAN_POINT('Ctrl Pts',(-4.33680868994202E-16,2.,4.));
#12423=CARTESIAN_POINT('Ctrl Pts',(-2.00000000000406,4.33680868994202E-16,
3.73819765014245));
#12424=CARTESIAN_POINT('Ctrl Pts',(-1.88485043564111E-10,1.88485043564111E-10,
3.60680087352207));
#12425=CARTESIAN_POINT('Ctrl Pts',(-4.33680868994202E-16,2.00000000000406,
3.73819765014245));
#12426=CARTESIAN_POINT('Ctrl Pts',(-2.01289217678392,0.0257843535678068,
3.47640768760098));
#12427=CARTESIAN_POINT('Ctrl Pts',(-0.0518782619661324,0.0518782619661324,
3.22003730934012));
#12428=CARTESIAN_POINT('Ctrl Pts',(-0.0257843535678068,2.01289217678392,
3.47640768760098));
#12429=CARTESIAN_POINT('Ctrl Pts',(-2.06396670160316,0.127933403206349,
2.96286973627001));
#12430=CARTESIAN_POINT('Ctrl Pts',(-0.24337035563267,0.24337035563267,2.5047318819504));
#12431=CARTESIAN_POINT('Ctrl Pts',(-0.127933403206349,2.06396670160316,
2.96286973627001));
#12432=CARTESIAN_POINT('Ctrl Pts',(-2.10214779264099,0.20429558528198,2.71113735776067));
#12433=CARTESIAN_POINT('Ctrl Pts',(-0.378391582996362,0.378391582996362,
2.18317220419061));
#12434=CARTESIAN_POINT('Ctrl Pts',(-0.20429558528198,2.10214779264099,2.71113735776067));
#12435=CARTESIAN_POINT('Ctrl Pts',(-2.20233407731386,0.404668154627722,
2.22739518331863));
#12436=CARTESIAN_POINT('Ctrl Pts',(-0.69622098865382,0.69622098865382,1.62692454449566));
#12437=CARTESIAN_POINT('Ctrl Pts',(-0.404668154627722,2.20233407731386,
2.22739518331863));
#12438=CARTESIAN_POINT('Ctrl Pts',(-2.26433680426841,0.528673608536812,
1.99539729646528));
#12439=CARTESIAN_POINT('Ctrl Pts',(-0.874907175560424,0.874907175560424,
1.39208682927085));
#12440=CARTESIAN_POINT('Ctrl Pts',(-0.528673608536812,2.26433680426841,
1.99539729646528));
#12441=CARTESIAN_POINT('Ctrl Pts',(-2.40978474652141,0.819569493042825,
1.56004083937791));
#12442=CARTESIAN_POINT('Ctrl Pts',(-1.24912729918658,1.24912729918658,0.998452540131485));
#12443=CARTESIAN_POINT('Ctrl Pts',(-0.819569493042825,2.40978474652141,
1.56004083937791));
#12444=CARTESIAN_POINT('Ctrl Pts',(-2.49322637898637,0.986452757972787,
1.35669299253484));
#12445=CARTESIAN_POINT('Ctrl Pts',(-1.44321468111296,1.44321468111296,0.836848123385359));
#12446=CARTESIAN_POINT('Ctrl Pts',(-0.986452757972787,2.49322637898637,
1.35669299253484));
#12447=CARTESIAN_POINT('Ctrl Pts',(-2.77090655490797,1.54181310981584,0.801332640691787));
#12448=CARTESIAN_POINT('Ctrl Pts',(-2.01744720780357,2.01744720780357,0.443952136350635));
#12449=CARTESIAN_POINT('Ctrl Pts',(-1.54181310981584,2.77090655490797,0.801332640691787));
#12450=CARTESIAN_POINT('Ctrl Pts',(-2.99276204469527,1.98552408939049,0.504854442078779));
#12451=CARTESIAN_POINT('Ctrl Pts',(-2.41866977689463,2.41866977689464,0.270004580894328));
#12452=CARTESIAN_POINT('Ctrl Pts',(-1.98552408939049,2.99276204469527,0.504854442078779));
#12453=CARTESIAN_POINT('Ctrl Pts',(-3.47650422584436,2.95300845168878,0.104109297830938));
#12454=CARTESIAN_POINT('Ctrl Pts',(-3.20512271279258,3.20512271279258,0.0524143942590373));
#12455=CARTESIAN_POINT('Ctrl Pts',(-2.95300845168878,3.47650422584436,0.104109297830938));
#12456=CARTESIAN_POINT('Ctrl Pts',(-3.7381534145676,3.47630682913521,2.99466498323977E-15));
#12457=CARTESIAN_POINT('Ctrl Pts',(-3.60732617077532,3.60732617077532,2.99488714100418E-15));
#12458=CARTESIAN_POINT('Ctrl Pts',(-3.47630682913521,3.7381534145676,2.99466498323977E-15));
#12459=CARTESIAN_POINT('Ctrl Pts',(-4.00000000000001,4.00000000000001,3.90312782094782E-15));
#12460=CARTESIAN_POINT('Ctrl Pts',(-4.00000000000001,4.00000000000001,3.90312782094782E-15));
#12461=CARTESIAN_POINT('Ctrl Pts',(-4.00000000000001,4.00000000000001,3.90312782094782E-15));
#12462=CARTESIAN_POINT('Origin',(0.192684908923461,3.99535637032207,0.));
#12463=CARTESIAN_POINT('Ctrl Pts',(-8.99447360982157,7.30818188254209,11.4999999999996));
#12464=CARTESIAN_POINT('Ctrl Pts',(-8.99447360982159,7.308181882542,8.99999999999962));
#12465=CARTESIAN_POINT('Ctrl Pts',(-11.4920327736332,7.4186274494989,8.99999999999963));
#12466=CARTESIAN_POINT('Ctrl Pts',(-8.99559985495933,7.28271355509361,11.500000000706));
#12467=CARTESIAN_POINT('Ctrl Pts',(-8.99674260623166,7.2568719655682,9.00081461246612));
#12468=CARTESIAN_POINT('Ctrl Pts',(-11.4935062008478,7.36686592486337,8.99999999999963));
#12469=CARTESIAN_POINT('Ctrl Pts',(-8.99671689502156,7.25731224920186,11.5004020059789));
#12470=CARTESIAN_POINT('Ctrl Pts',(-8.99898603267422,7.20571277537924,9.002417516499));
#12471=CARTESIAN_POINT('Ctrl Pts',(-11.4949694082562,7.31524070535745,9.00080401309151));
#12472=CARTESIAN_POINT('Ctrl Pts',(-8.99782486931551,7.23197702905269,11.5012003117878));
#12473=CARTESIAN_POINT('Ctrl Pts',(-9.00120430902241,7.15470190685612,9.00479721775459));
#12474=CARTESIAN_POINT('Ctrl Pts',(-11.4964225494857,7.26374988628358,9.00240062357575));
#12475=CARTESIAN_POINT('Origin',(-11.4954376209258,7.34120405406835,11.5012003117878));
#12476=CARTESIAN_POINT('Ctrl Pts',(-8.9978248693155,7.23197702905269,11.5012003117878));
#12477=CARTESIAN_POINT('Ctrl Pts',(-9.0012043090224,7.15470190685612,9.00479721775459));
#12478=CARTESIAN_POINT('Ctrl Pts',(-11.4964225494857,7.26374988628358,9.00240062357575));
#12479=CARTESIAN_POINT('Ctrl Pts',(-9.01184071708554,6.91148711266008,11.5061701147889));
#12480=CARTESIAN_POINT('Ctrl Pts',(-9.02713604914414,6.67525441126963,9.02463056779312));
#12481=CARTESIAN_POINT('Ctrl Pts',(-11.5054689960253,6.9431967776143,9.01234022957279));
#12482=CARTESIAN_POINT('Ctrl Pts',(-9.05679384171575,6.59236365059468,11.5266159931015));
#12483=CARTESIAN_POINT('Ctrl Pts',(-9.11426711756166,6.210471775776,9.10584476597144));
#12484=CARTESIAN_POINT('Ctrl Pts',(-11.529977895229,6.62381334113973,9.05323198620309));
#12485=CARTESIAN_POINT('Ctrl Pts',(-9.20691926149274,5.96858856457592,11.5977069073737));
#12486=CARTESIAN_POINT('Ctrl Pts',(-9.38683530169937,5.36038887121258,9.36758190036633));
#12487=CARTESIAN_POINT('Ctrl Pts',(-11.6090181478647,5.99913431652989,9.19541381474785));
#12488=CARTESIAN_POINT('Ctrl Pts',(-9.31208800479915,5.66395422162281,11.6483502774207));
#12489=CARTESIAN_POINT('Ctrl Pts',(-9.56649483665449,4.98209946138265,9.54241686769466));
#12490=CARTESIAN_POINT('Ctrl Pts',(-11.6635476152371,5.69385603057735,9.2967005548413));
#12491=CARTESIAN_POINT('Ctrl Pts',(-9.57876287615813,5.0804154357316,11.7779670136999));
#12492=CARTESIAN_POINT('Ctrl Pts',(-9.9763200278772,4.33063969610258,9.94392545546909));
#12493=CARTESIAN_POINT('Ctrl Pts',(-11.8006162287999,5.10866913576569,9.55593402740028));
#12494=CARTESIAN_POINT('Ctrl Pts',(-9.74026293276046,4.80152427757477,11.8569374289128));
#12495=CARTESIAN_POINT('Ctrl Pts',(-10.2019911947476,4.0566147636556,10.1660940837064));
#12496=CARTESIAN_POINT('Ctrl Pts',(-11.8831522543164,4.82877384921076,9.71387485782566));
#12497=CARTESIAN_POINT('Ctrl Pts',(-10.1136382227422,4.27977347804489,12.040292886343));
#12498=CARTESIAN_POINT('Ctrl Pts',(-10.6699436768655,3.59767105729525,10.628173152644));
#12499=CARTESIAN_POINT('Ctrl Pts',(-12.0731869096962,4.30469163960478,10.0805857726863));
#12500=CARTESIAN_POINT('Ctrl Pts',(-10.3255049525223,4.03692571895251,12.1446737526479));
#12501=CARTESIAN_POINT('Ctrl Pts',(-10.9108481016692,3.40935800323561,10.8666636550986));
#12502=CARTESIAN_POINT('Ctrl Pts',(-12.180681211533,4.06051665193189,10.289347505296));
#12503=CARTESIAN_POINT('Ctrl Pts',(-10.7917908891026,3.59623259285661,12.3749961120364));
#12504=CARTESIAN_POINT('Ctrl Pts',(-11.3945400893983,3.09783720050809,11.3463554759851));
#12505=CARTESIAN_POINT('Ctrl Pts',(-12.4166634084505,3.61689491996341,10.749992224073));
#12506=CARTESIAN_POINT('Ctrl Pts',(-11.0461994729913,3.3983972653357,12.5009323579215));
#12507=CARTESIAN_POINT('Ctrl Pts',(-11.6381132404749,2.97148152041036,11.58830229233));
#12508=CARTESIAN_POINT('Ctrl Pts',(-12.5451459273964,3.41745828186926,11.0018647158429));
#12509=CARTESIAN_POINT('Ctrl Pts',(-11.5881748391045,3.0550378178832,12.7697151835542));
#12510=CARTESIAN_POINT('Ctrl Pts',(-12.1228993276337,2.76643081265461,12.0704419178369));
#12511=CARTESIAN_POINT('Ctrl Pts',(-12.8183601968273,3.07068119418535,11.5394303671088));
#12512=CARTESIAN_POINT('Ctrl Pts',(-11.8757292710654,2.90952152201873,12.9125556384124));
#12513=CARTESIAN_POINT('Ctrl Pts',(-12.3660381567257,2.68545784837363,12.3125314997879));
#12514=CARTESIAN_POINT('Ctrl Pts',(-12.9630857214393,2.92334864654183,11.8251112768251));
#12515=CARTESIAN_POINT('Ctrl Pts',(-12.7722015115958,2.55950467732144,13.3585302469026));
#12516=CARTESIAN_POINT('Ctrl Pts',(-13.0823388194588,2.5013758277127,13.0264336068088));
#12517=CARTESIAN_POINT('Ctrl Pts',(-13.4136194069808,2.56766112418645,12.7170604938054));
#12518=CARTESIAN_POINT('Ctrl Pts',(-13.4149853108666,2.44267600149087,13.6791534117814));
#12519=CARTESIAN_POINT('Ctrl Pts',(-13.5755026349035,2.44471718405507,13.518837125189));
#12520=CARTESIAN_POINT('Ctrl Pts',(-13.735805961204,2.44675564536503,13.3583068235577));
#12521=CARTESIAN_POINT('Ctrl Pts',(-14.0566266115214,2.45083528923893,13.9999999999998));
#12522=CARTESIAN_POINT('Ctrl Pts',(-14.0566266115214,2.45083528923893,13.9999999999998));
#12523=CARTESIAN_POINT('Ctrl Pts',(-14.0566266115214,2.45083528923893,13.9999999999998));
#12524=UNCERTAINTY_MEASURE_WITH_UNIT(LENGTH_MEASURE(0.01),#12528,
'DISTANCE_ACCURACY_VALUE',
'Maximum model space distance between geometric entities at asserted c
onnectivities');
#12525=UNCERTAINTY_MEASURE_WITH_UNIT(LENGTH_MEASURE(0.01),#12528,
'DISTANCE_ACCURACY_VALUE',
'Maximum model space distance between geometric entities at asserted c
onnectivities');
#12526=(
GEOMETRIC_REPRESENTATION_CONTEXT(3)
GLOBAL_UNCERTAINTY_ASSIGNED_CONTEXT((#12524))
GLOBAL_UNIT_ASSIGNED_CONTEXT((#12528,#12530,#12531))
REPRESENTATION_CONTEXT('','3D')
);
#12527=(
GEOMETRIC_REPRESENTATION_CONTEXT(3)
GLOBAL_UNCERTAINTY_ASSIGNED_CONTEXT((#12525))
GLOBAL_UNIT_ASSIGNED_CONTEXT((#12528,#12530,#12531))
REPRESENTATION_CONTEXT('','3D')
);
#12528=(
LENGTH_UNIT()
NAMED_UNIT(*)
SI_UNIT(.MILLI.,.METRE.)
);
#12529=(
LENGTH_UNIT()
NAMED_UNIT(*)
SI_UNIT(.CENTI.,.METRE.)
);
#12530=(
NAMED_UNIT(*)
PLANE_ANGLE_UNIT()
SI_UNIT($,.RADIAN.)
);
#12531=(
NAMED_UNIT(*)
SI_UNIT($,.STERADIAN.)
SOLID_ANGLE_UNIT()
);
#12532=SHAPE_DEFINITION_REPRESENTATION(#12533,#12534);
#12533=PRODUCT_DEFINITION_SHAPE('',$,#12536);
#12534=SHAPE_REPRESENTATION('',(#3441),#12526);
#12535=DESIGN_CONTEXT('part definition',#12540,'design');
#12536=PRODUCT_DEFINITION('angled base','angled base',#12537,#12535);
#12537=PRODUCT_DEFINITION_FORMATION('ANY',$,#12542);
#12538=PRODUCT_RELATED_PRODUCT_CATEGORY('angled base','angled base',(#12542));
#12539=APPLICATION_PROTOCOL_DEFINITION('international standard',
'ap203_configuration_controlled_3d_design_of_mechanical_parts_and_asse
mblies_mim_lf',2004,#12540);
#12540=APPLICATION_CONTEXT(
'Configuration Controlled 3D Design of Mechanical Parts and Assemblies');
#12541=MECHANICAL_CONTEXT('part definition',#12540,'mechanical');
#12542=PRODUCT('angled base','angled base','STEP AP203',(#12541));
#12543=PRESENTATION_STYLE_ASSIGNMENT((#12544));
#12544=SURFACE_STYLE_USAGE(.BOTH.,#12547);
#12545=SURFACE_STYLE_RENDERING_WITH_PROPERTIES($,#12551,(#12546));
#12546=SURFACE_STYLE_TRANSPARENT(0.);
#12547=SURFACE_SIDE_STYLE('',(#12548,#12545));
#12548=SURFACE_STYLE_FILL_AREA(#12549);
#12549=FILL_AREA_STYLE('',(#12550));
#12550=FILL_AREA_STYLE_COLOUR('',#12551);
#12551=COLOUR_RGB('',0.749019607843137,0.749019607843137,0.749019607843137);
ENDSEC;
END-ISO-10303-21;
