ISO-10303-21;
HEADER;
FILE_DESCRIPTION (( 'STEP AP203' ),
    '1' );
FILE_NAME ('left.STEP',
    '2021-09-15T09:41:08',
    ( '' ),
    ( '' ),
    'SwSTEP 2.0',
    'SolidWorks 2019',
    '' );
FILE_SCHEMA (( 'CONFIG_CONTROL_DESIGN' ));
ENDSEC;

DATA;
#1 = CARTESIAN_POINT ( 'NONE',  ( -106.0928674035640000, 7.351874933433340864, 283.9934444796800221 ) ) ;
#2 = ADVANCED_FACE ( 'NONE', ( #293, #2611 ), #5663, .T. ) ;
#3 = ORIENTED_EDGE ( 'NONE', *, *, #1151, .F. ) ;
#4 = CARTESIAN_POINT ( 'NONE',  ( -113.1579502396589874, 0.03912035089981710095, 159.8547740578390233 ) ) ;
#5 = CARTESIAN_POINT ( 'NONE',  ( -103.4590627952349990, 4.633846046370769578, 312.9449816509580842 ) ) ;
#6 = CARTESIAN_POINT ( 'NONE',  ( -103.8171323089271993, 5.081174448564372170, 292.3175595531131989 ) ) ;
#7 = EDGE_CURVE ( 'NONE', #6878, #310, #4450, .T. ) ;
#8 = CARTESIAN_POINT ( 'NONE',  ( -103.9267168742186840, 5.195848523669384988, 292.2474277134833187 ) ) ;
#9 = CARTESIAN_POINT ( 'NONE',  ( -2.619054890715419415, 3.309541984835436157, 323.5042667843215440 ) ) ;
#10 = CARTESIAN_POINT ( 'NONE',  ( -51.60344616954409958, 2.928291002400899679, 139.9993446066980027 ) ) ;
#11 = CARTESIAN_POINT ( 'NONE',  ( -90.89011870043069052, 3.427870835535430150, 144.9213501702890028 ) ) ;
#12 = EDGE_CURVE ( 'NONE', #743, #7423, #6500, .T. ) ;
#13 = CARTESIAN_POINT ( 'NONE',  ( -14.05662661152139847, 2.450835289238920023, 11.49999999999970157 ) ) ;
#14 = CARTESIAN_POINT ( 'NONE',  ( -23.78104831252879947, 2.574493717649009916, 159.4979282501479929 ) ) ;
#15 = CARTESIAN_POINT ( 'NONE',  ( -104.2584806773129742, 8.564239428906327944, 266.6544379066512533 ) ) ;
#16 = ORIENTED_EDGE ( 'NONE', *, *, #2592, .T. ) ;
#17 = CARTESIAN_POINT ( 'NONE',  ( -41.09865044207440121, -0.001000001298026020023, 149.1705927090359864 ) ) ;
#18 = CARTESIAN_POINT ( 'NONE',  ( -91.19442469352199510, 0.0000000000000000000, 143.5738203996779703 ) ) ;
#19 = CARTESIAN_POINT ( 'NONE',  ( -8.838729757921369057, 0.0000000000000000000, 163.8962259421609815 ) ) ;
#20 = CARTESIAN_POINT ( 'NONE',  ( -2.939419985849427430, 3.995356370322069139, 318.7500000000000000 ) ) ;
#21 = ORIENTED_EDGE ( 'NONE', *, *, #6186, .F. ) ;
#22 = CARTESIAN_POINT ( 'NONE',  ( -22.76971949867539990, 13.00321644496600015, 149.8159981027159802 ) ) ;
#23 = CARTESIAN_POINT ( 'NONE',  ( -104.9979743678167665, 6.742177958803154070, 290.3102343508233503 ) ) ;
#24 = AXIS2_PLACEMENT_3D ( 'NONE', #5270, #2334, #1704 ) ;
#25 = ORIENTED_EDGE ( 'NONE', *, *, #3995, .T. ) ;
#26 = CARTESIAN_POINT ( 'NONE',  ( -39.73264287765145752, 1.772940522978826872, 267.4354693859446002 ) ) ;
#27 = CARTESIAN_POINT ( 'NONE',  ( -71.50181799905899993, 0.0000000000000000000, 159.3014791848260074 ) ) ;
#28 = CARTESIAN_POINT ( 'NONE',  ( -25.88691840056729987, -1.480280556508029907E-21, 160.4058904115890130 ) ) ;
#29 = CARTESIAN_POINT ( 'NONE',  ( -96.97838864849560991, 3.995356370322069139, 158.7172774756429874 ) ) ;
#30 = DIRECTION ( 'NONE',  ( 0.9999995216640081841, -0.0009780959844864832269, 0.0000000000000000000 ) ) ;
#31 = CIRCLE ( 'NONE', #5414, 2.499999999999999556 ) ;
#32 = CARTESIAN_POINT ( 'NONE',  ( -102.7612163295941059, 4.243458946994847381, 266.6260791781523380 ) ) ;
#33 = CARTESIAN_POINT ( 'NONE',  ( -66.85473093634611530, -0.001000001298026020023, 160.4802146902100048 ) ) ;
#34 = EDGE_LOOP ( 'NONE', ( #7590, #3693, #6651, #3383, #2278 ) ) ;
#35 = CARTESIAN_POINT ( 'NONE',  ( -83.96628362045339600, 3.339825872026299880, 148.1222809380849981 ) ) ;
#36 = CARTESIAN_POINT ( 'NONE',  ( -84.96878128506570249, 0.0000000000000000000, 144.1284548717009955 ) ) ;
#37 = CIRCLE ( 'NONE', #4423, 2.200000000000000178 ) ;
#38 = LINE ( 'NONE', #1838, #7150 ) ;
#39 = CARTESIAN_POINT ( 'NONE',  ( -40.54875434413250446, 0.5836557389692529352, 268.0451572761529633 ) ) ;
#40 = ORIENTED_EDGE ( 'NONE', *, *, #4883, .F. ) ;
#41 = CARTESIAN_POINT ( 'NONE',  ( -114.5516054063400020, 7.271263122201189866, 283.8366394363289942 ) ) ;
#42 = CARTESIAN_POINT ( 'NONE',  ( -69.60966624077400411, 3.157265214013249555, 160.3267262405609870 ) ) ;
#43 = LINE ( 'NONE', #7132, #3707 ) ;
#44 =( BOUNDED_SURFACE ( )  B_SPLINE_SURFACE ( 3, 2, ( 
 ( #7345, #139, #1898 ),
 ( #6758, #2449, #795 ),
 ( #1935, #4834, #3198 ),
 ( #6644, #3705, #1270 ) ),
 .UNSPECIFIED., .F., .F., .F. ) 
 B_SPLINE_SURFACE_WITH_KNOTS ( ( 4, 4 ),
 ( 3, 3 ),
 ( -1.951563910473909907E-18, 0.001281386694773949987 ),
 ( 0.0000000000000000000, 1.000000000000000000 ),
 .UNSPECIFIED. ) 
 GEOMETRIC_REPRESENTATION_ITEM ( )  RATIONAL_B_SPLINE_SURFACE ( (
 ( 1.000000000000000000, 0.7071067811865520136, 1.000000000000000000),
 ( 1.000000000000000000, 0.7082153863813519523, 1.000000000000000000),
 ( 1.000000000000000000, 0.7159930811297320341, 1.000000000000000000),
 ( 1.000000000000000000, 0.7286822673697740393, 1.000000000000000000) ) ) 
 REPRESENTATION_ITEM ( '' )  SURFACE ( )  );
#45 = EDGE_LOOP ( 'NONE', ( #4642, #6061, #4127, #6943 ) ) ;
#46 = DIRECTION ( 'NONE',  ( 0.0000000000000000000, -1.000000000000000000, 0.0000000000000000000 ) ) ;
#47 = CARTESIAN_POINT ( 'NONE',  ( -103.3133165324800018, 4.610392671361090322, 311.2739744775789745 ) ) ;
#48 = DIRECTION ( 'NONE',  ( -1.186615239566063875E-30, -2.392219633753775109E-16, 1.000000000000000000 ) ) ;
#49 = EDGE_CURVE ( 'NONE', #362, #443, #4112, .T. ) ;
#50 = CARTESIAN_POINT ( 'NONE',  ( -105.0948583847489175, 7.466013687560663747, 290.0370352404676169 ) ) ;
#51 = CARTESIAN_POINT ( 'NONE',  ( 1.080814040696486049E-15, 1.999999999999999556, 320.2479061266151916 ) ) ;
#52 = CARTESIAN_POINT ( 'NONE',  ( -50.93439079360010169, 2.919783156466949858, 147.2203907866760062 ) ) ;
#53 = CARTESIAN_POINT ( 'NONE',  ( -91.97314463787839145, 3.441643331436869957, 140.9632940472669986 ) ) ;
#54 = CARTESIAN_POINT ( 'NONE',  ( -113.6644701333619878, 4.972422735670600780, 279.1544379066509691 ) ) ;
#55 = CARTESIAN_POINT ( 'NONE',  ( -26.40111486757770010, 2.607811206594769615, 160.4802146902100048 ) ) ;
#56 = CARTESIAN_POINT ( 'NONE',  ( -104.8275658781829947, 13.89080364359259967, 268.6544379066510260 ) ) ;
#57 = DIRECTION ( 'NONE',  ( -1.000000000000000000, 0.0000000000000000000, 0.0000000000000000000 ) ) ;
#58 = EDGE_CURVE ( 'NONE', #145, #4539, #6602, .T. ) ;
#59 = CARTESIAN_POINT ( 'NONE',  ( -91.08293119039770147, 0.0000000000000000000, 146.8301440382319925 ) ) ;
#60 = CARTESIAN_POINT ( 'NONE',  ( -64.09516250878658639, 0.0000000000000000000, 156.3287383697470148 ) ) ;
#61 = DIRECTION ( 'NONE',  ( 0.0000000000000000000, 1.000000000000000000, 0.0000000000000000000 ) ) ;
#62 = EDGE_CURVE ( 'NONE', #1761, #2078, #1216, .T. ) ;
#63 = EDGE_LOOP ( 'NONE', ( #1214, #3430, #3982, #2434 ) ) ;
#64 = AXIS2_PLACEMENT_3D ( 'NONE', #1527, #3378, #5286 ) ;
#65 = CARTESIAN_POINT ( 'NONE',  ( -39.99973996966979684, 2.780735073984080152, 265.9579977883130368 ) ) ;
#66 = CARTESIAN_POINT ( 'NONE',  ( -39.34260248552725159, 1.703650861298658947, 268.6544379066510260 ) ) ;
#67 = EDGE_LOOP ( 'NONE', ( #1428, #4589, #6381, #548 ) ) ;
#68 = CARTESIAN_POINT ( 'NONE',  ( -11.49543762092480037, 7.341204054068279916, 312.2477996882119555 ) ) ;
#69 = CARTESIAN_POINT ( 'NONE',  ( -70.65367412663979962, 0.0000000000000000000, 159.9760647751330112 ) ) ;
#70 = CARTESIAN_POINT ( 'NONE',  ( -114.6262880107251192, 5.984029594225330762, 283.1378005575549537 ) ) ;
#71 = CARTESIAN_POINT ( 'NONE',  ( -39.34213890066319408, 1.766904805667300016, 289.7864850870419673 ) ) ;
#72 = CARTESIAN_POINT ( 'NONE',  ( -64.95406216332590077, 3.098060574482540019, 153.0210210855150308 ) ) ;
#73 = CARTESIAN_POINT ( 'NONE',  ( -11.60901814786369890, 5.999134316529709743, 314.5535861852509925 ) ) ;
#74 = CARTESIAN_POINT ( 'NONE',  ( -105.3267298346450502, 3.611451094724688726, 313.7134660940667459 ) ) ;
#75 = ORIENTED_EDGE ( 'NONE', *, *, #3689, .T. ) ;
#76 = CARTESIAN_POINT ( 'NONE',  ( -112.7358316877929951, 0.05595241092712800041, 320.4166997938569921 ) ) ;
#77 = AXIS2_PLACEMENT_3D ( 'NONE', #4689, #4106, #3519 ) ;
#78 = COORDINATED_UNIVERSAL_TIME_OFFSET ( 0, 0, .AHEAD. ) ;
#79 = CARTESIAN_POINT ( 'NONE',  ( -84.70152637698109288, 0.0000000000000000000, 147.2043401546749806 ) ) ;
#80 = CARTESIAN_POINT ( 'NONE',  ( -104.5642672463004885, 5.313368557197399866, 267.2500286670180003 ) ) ;
#81 = DIRECTION ( 'NONE',  ( 1.625896048388380022E-15, -7.841243758125039891E-17, 1.000000000000000000 ) ) ;
#82 = ORIENTED_EDGE ( 'NONE', *, *, #6563, .F. ) ;
#83 = CARTESIAN_POINT ( 'NONE',  ( -114.7120313747265925, 4.008506410013055188, 278.8252852817024063 ) ) ;
#84 = CARTESIAN_POINT ( 'NONE',  ( -70.07527792942138944, 3.163185403751090252, 160.2014503092139819 ) ) ;
#85 = VECTOR ( 'NONE', #357, 1000.000000000000000 ) ;
#86 = CARTESIAN_POINT ( 'NONE',  ( -106.0527801283269866, 12.61463018215309972, 275.1544379066509691 ) ) ;
#87 = B_SPLINE_CURVE_WITH_KNOTS ( 'NONE', 3,
 ( #2216, #1546, #5779, #6446, #1621, #3472, #2884, #6330, #414, #6955, #7029, #7067, #2847, #5855, #960, #6293, #2809, #1585, #373, #2767, #2177, #2725, #922, #3434, #1034, #4568, #6370, #4017, #5263, #5185, #7653, #996, #4606, #1660, #3318, #5227, #2289, #4679, #7615, #4216, #5890, #4872, #643, #5382, #7732, #1811, #6562, #2446, #3665, #4831, #4173, #1739, #5931, #5303, #7692, #3044, #6053, #7223, #1188, #560, #3086, #6642, #3624, #5971, #14, #683, #1855, #4257, #601, #1268, #4135, #2406, #6012, #2922, #2962, #5344, #2489, #6600, #55 ),
 .UNSPECIFIED., .F., .F.,
 ( 4, 3, 3, 3, 3, 3, 3, 3, 3, 3, 3, 3, 3, 3, 3, 3, 3, 3, 3, 3, 3, 3, 3, 3, 3, 3, 4 ),
 ( 0.0000000000000000000, 0.04560470724010629029, 0.1021969859680149917, 0.1434553908544450029, 0.1587892646959239984, 0.2151602392064249913, 0.2624633675477480166, 0.2805764231819740107, 0.3337834393102599995, 0.3960310093284740707, 0.4094964191662020525, 0.5052893098508259850, 0.5906817069469140202, 0.6260020717421000969, 0.7209151301814199497, 0.8336547357402679381, 0.9107950852513159168, 0.9549312364868829395, 0.9899479375930099190, 1.010666166738229954, 1.054799109549499958, 1.093799992882480199, 1.128207055459869990, 1.184016931887399871, 1.188773918236400107, 1.305188084204540022, 1.388982678550250149 ),
 .UNSPECIFIED. ) ;
#88 = VERTEX_POINT ( 'NONE', #5108 ) ;
#89 = DIRECTION ( 'NONE',  ( -0.7230536400546160314, -0.6907918887796598018, 0.0000000000000000000 ) ) ;
#90 = CARTESIAN_POINT ( 'NONE',  ( -102.7295635581720319, 4.154313124731097595, 312.2094440081781954 ) ) ;
#91 = DIRECTION ( 'NONE',  ( 0.04817122723086530306, 0.9988390925805179510, 0.0000000000000000000 ) ) ;
#92 = CARTESIAN_POINT ( 'NONE',  ( -104.9456172399070653, 6.933130050736067140, 290.7825457202489474 ) ) ;
#93 = CARTESIAN_POINT ( 'NONE',  ( -0.3846076997957189603, 2.192363275581844739, 321.4665554404899694 ) ) ;
#94 = CARTESIAN_POINT ( 'NONE',  ( -111.1656772940229843, 3.784188027933789833, 323.7500000000000000 ) ) ;
#95 = CARTESIAN_POINT ( 'NONE',  ( -91.98723493335560875, 3.441822606645720040, 140.8872775179420103 ) ) ;
#96 = CARTESIAN_POINT ( 'NONE',  ( -113.6617567734272569, 5.059325428226244981, 279.9941513396623805 ) ) ;
#97 =( BOUNDED_CURVE ( )  B_SPLINE_CURVE ( 3, ( #3616, #6555, #1260, #4 ),
 .UNSPECIFIED., .F., .F. ) 
 B_SPLINE_CURVE_WITH_KNOTS ( ( 4, 4 ),
 ( 4.664199103715027661, 4.862311581415355910 ),
 .UNSPECIFIED. ) 
 CURVE ( )  GEOMETRIC_REPRESENTATION_ITEM ( )  RATIONAL_B_SPLINE_CURVE ( ( 1.000000000000000000, 0.9967319606976415836, 0.9967319606976415836, 1.000000000000000000 ) ) 
 REPRESENTATION_ITEM ( '' )  );
#98 = FACE_OUTER_BOUND ( 'NONE', #1357, .T. ) ;
#99 = EDGE_CURVE ( 'NONE', #6731, #394, #4585, .T. ) ;
#100 = CARTESIAN_POINT ( 'NONE',  ( -112.9671519962900135, 3.995356370322069139, 323.7500000000000000 ) ) ;
#101 = VECTOR ( 'NONE', #5126, 1000.000000000000000 ) ;
#102 = CARTESIAN_POINT ( 'NONE',  ( -33.78901370682080341, -0.001000001298026020023, 149.1705927090359864 ) ) ;
#103 = CARTESIAN_POINT ( 'NONE',  ( -91.54861231075149419, 0.0000000000000000000, 142.4592185735780276 ) ) ;
#104 = CARTESIAN_POINT ( 'NONE',  ( -63.75573653082408754, 0.0000000000000000000, 158.4957177918290085 ) ) ;
#105 = AXIS2_PLACEMENT_3D ( 'NONE', #7626, #382, #4616 ) ;
#106 = CARTESIAN_POINT ( 'NONE',  ( -29.97201340259420022, 2.653219737243570187, 160.0751078442480093 ) ) ;
#107 = VERTEX_POINT ( 'NONE', #1035 ) ;
#108 = ADVANCED_FACE ( 'NONE', ( #490 ), #1586, .F. ) ;
#109 = DIRECTION ( 'NONE',  ( -0.9999191579690124287, 0.01271524779707759387, 0.0000000000000000000 ) ) ;
#110 = ORIENTED_EDGE ( 'NONE', *, *, #6519, .T. ) ;
#111 = CARTESIAN_POINT ( 'NONE',  ( -106.8430056084798707, 12.65274055593679492, 161.8755000000000166 ) ) ;
#112 = CARTESIAN_POINT ( 'NONE',  ( -22.45140829420359907, 2.557585296140069797, 149.7158723813339805 ) ) ;
#113 = EDGE_CURVE ( 'NONE', #4625, #5158, #2218, .T. ) ;
#114 = CARTESIAN_POINT ( 'NONE',  ( -24.31063918907720023, 0.0000000000000000000, 154.1472879733460104 ) ) ;
#115 = CARTESIAN_POINT ( 'NONE',  ( -103.8283290848234515, 5.092874379955540931, 265.9984838126736690 ) ) ;
#116 = CARTESIAN_POINT ( 'NONE',  ( -64.86230763693460233, 3.096894343085510481, 153.7603836708839822 ) ) ;
#117 = CARTESIAN_POINT ( 'NONE',  ( -103.0974427871020112, 3.265808166651070099, 266.6557949204990337 ) ) ;
#118 = DIRECTION ( 'NONE',  ( 1.000000000000000000, 5.745094332591999088E-32, -4.952291795582600132E-15 ) ) ;
#119 = CARTESIAN_POINT ( 'NONE',  ( -105.2103562021589909, 8.711365889779640881, 312.2490000000000236 ) ) ;
#120 = COORDINATED_UNIVERSAL_TIME_OFFSET ( 0, 0, .AHEAD. ) ;
#121 = CARTESIAN_POINT ( 'NONE',  ( -84.30182566169159486, 0.0000000000000000000, 141.6574601257679831 ) ) ;
#122 = CARTESIAN_POINT ( 'NONE',  ( -105.0472585321074774, 7.009411736836385742, 268.1893284655027969 ) ) ;
#123 = DIRECTION ( 'NONE',  ( 4.869209421540850313E-12, -1.230996914022734081E-13, 1.000000000000000000 ) ) ;
#124 = ORIENTED_EDGE ( 'NONE', *, *, #4073, .T. ) ;
#125 = CARTESIAN_POINT ( 'NONE',  ( -113.6644701333619878, 4.972422735670590122, 279.1544379066509691 ) ) ;
#126 = CARTESIAN_POINT ( 'NONE',  ( -70.70009415730720548, 3.171129162640920374, 152.0025542938399781 ) ) ;
#127 = LINE ( 'NONE', #2519, #4956 ) ;
#128 = EDGE_LOOP ( 'NONE', ( #998, #7443, #2417, #5689 ) ) ;
#129 = CARTESIAN_POINT ( 'NONE',  ( -11.45962034845940103, 8.052665569345030860, 314.7490000000000236 ) ) ;
#130 = LINE ( 'NONE', #1261, #461 ) ;
#131 = DIRECTION ( 'NONE',  ( 3.965240030403320632E-15, -3.878387206434739515E-18, 1.000000000000000000 ) ) ;
#132 = CARTESIAN_POINT ( 'NONE',  ( -104.6635660186149579, 6.266353899615464407, 291.4250549421323058 ) ) ;
#133 = B_SPLINE_SURFACE_WITH_KNOTS ( 'NONE', 4, 1, ( 
 ( #5092, #2157 ),
 ( #3805, #6749 ),
 ( #1377, #3846 ),
 ( #2632, #5052 ),
 ( #6196, #827 ) ),
 .UNSPECIFIED., .F., .F., .F.,
 ( 5, 5 ),
 ( 2, 2 ),
 ( -1.000000000000000000, 0.0000000000000000000 ),
 ( 0.0000000000000000000, 1.300421644626400086 ),
 .UNSPECIFIED. ) ;
#134 = CARTESIAN_POINT ( 'NONE',  ( -1.248414002111491117, 2.624230297358832065, 322.6535220372547315 ) ) ;
#135 = CARTESIAN_POINT ( 'NONE',  ( -111.1706782722749978, 3.109553327571780379, 323.6769557231449994 ) ) ;
#136 = CARTESIAN_POINT ( 'NONE',  ( -102.7633557007380034, 8.579258765077078408, 309.7490000000000236 ) ) ;
#137 = CARTESIAN_POINT ( 'NONE',  ( -113.6559345979263611, 5.228344273387483199, 280.5634376543699773 ) ) ;
#138 = CARTESIAN_POINT ( 'NONE',  ( -104.0003120844290692, 13.84672800706190543, 266.6544379066512533 ) ) ;
#139 = CARTESIAN_POINT ( 'NONE',  ( -105.2127154621920511, 8.605880615324144500, 275.1544379066509691 ) ) ;
#140 = CARTESIAN_POINT ( 'NONE',  ( -92.29785572847539754, 0.0000000000000000000, 148.3368185267529782 ) ) ;
#141 = DIRECTION ( 'NONE',  ( -1.000000000000000000, 0.0000000000000000000, 0.0000000000000000000 ) ) ;
#142 = CARTESIAN_POINT ( 'NONE',  ( -29.76036221238520341, 2.650529241177189910, 160.1532144882409909 ) ) ;
#143 = ORIENTED_EDGE ( 'NONE', *, *, #3702, .F. ) ;
#144 = DIRECTION ( 'NONE',  ( 0.0000000000000000000, 0.0000000000000000000, -1.000000000000000000 ) ) ;
#145 = VERTEX_POINT ( 'NONE', #2254 ) ;
#146 = CARTESIAN_POINT ( 'NONE',  ( -8.965620329501408747, 7.932386895312930619, 149.1705927090359864 ) ) ;
#147 = ADVANCED_FACE ( 'NONE', ( #1740 ), #4641, .T. ) ;
#148 = CARTESIAN_POINT ( 'NONE',  ( -44.94568324589970132, 0.0000000000000000000, 138.2749704485200084 ) ) ;
#149 = CARTESIAN_POINT ( 'NONE',  ( -66.85473093634611530, -0.001000001298026020023, 160.4802146902100048 ) ) ;
#150 = EDGE_CURVE ( 'NONE', #1164, #2650, #5852, .T. ) ;
#151 = CARTESIAN_POINT ( 'NONE',  ( -64.01127224067749921, 3.086072307170780071, 159.1868358828010059 ) ) ;
#152 = FACE_OUTER_BOUND ( 'NONE', #375, .T. ) ;
#153 = CARTESIAN_POINT ( 'NONE',  ( -102.5047003484350086, 13.49253353243980058, 314.7490000000000236 ) ) ;
#154 = VECTOR ( 'NONE', #6307, 1000.000000000000000 ) ;
#155 = CARTESIAN_POINT ( 'NONE',  ( -85.12966444886069439, 3.354619469281340027, 145.5237437597330086 ) ) ;
#156 = CARTESIAN_POINT ( 'NONE',  ( -85.12506584010489519, 0.0000000000000000000, 145.6006770986600145 ) ) ;
#157 = EDGE_CURVE ( 'NONE', #5001, #2219, #3396, .T. ) ;
#158 = CARTESIAN_POINT ( 'NONE',  ( -105.0326666582508039, 6.925611683858500456, 268.1255105280579301 ) ) ;
#159 = AXIS2_PLACEMENT_3D ( 'NONE', #7668, #5198, #7550 ) ;
#160 = CARTESIAN_POINT ( 'NONE',  ( -40.47626475802309898, 0.5835848371622469610, 268.1538195972190124 ) ) ;
#161 = ORIENTED_EDGE ( 'NONE', *, *, #4123, .F. ) ;
#162 = CARTESIAN_POINT ( 'NONE',  ( -31.04931675802399837, 0.0000000000000000000, 150.5056867692319997 ) ) ;
#163 = CARTESIAN_POINT ( 'NONE',  ( -70.92322290270479357, 3.173967435842039997, 159.8254151310650286 ) ) ;
#164 = CARTESIAN_POINT ( 'NONE',  ( -106.2126457168429994, 8.617691027423850514, 275.1544379066509691 ) ) ;
#165 = VERTEX_POINT ( 'NONE', #1661 ) ;
#166 = CARTESIAN_POINT ( 'NONE',  ( -105.2103562079479957, 8.711365713970049995, 312.2490000000000236 ) ) ;
#167 = B_SPLINE_CURVE_WITH_KNOTS ( 'NONE', 3,
 ( #5449, #83, #4282, #232, #3800, #3186, #4860, #2476, #2627, #3150, #7251, #6668, #744, #1293, #2554, #3690, #707, #2517, #3111, #4898, #4934, #7329, #5491, #5601 ),
 .UNSPECIFIED., .F., .F.,
 ( 4, 2, 2, 2, 2, 2, 2, 2, 2, 2, 2, 4 ),
 ( 0.0000000000000000000, 0.1250000000000064670, 0.1874999999999993894, 0.2499999999999923395, 0.3749999999999781841, 0.4374999999999712452, 0.4999999999999642508, 0.6249999999999646949, 0.6874999999999706901, 0.7499999999999766853, 0.8749999999999885647, 1.000000000000000000 ),
 .UNSPECIFIED. ) ;
#168 = AXIS2_PLACEMENT_3D ( 'NONE', #7195, #4882, #4307 ) ;
#169 = CARTESIAN_POINT ( 'NONE',  ( -104.7685855230639476, 6.333539466049934674, 314.2760105373268971 ) ) ;
#170 = DIRECTION ( 'NONE',  ( 3.965082230804120359E-15, -1.652117596168379867E-16, 1.000000000000000000 ) ) ;
#171 = CARTESIAN_POINT ( 'NONE',  ( -112.7643120787219999, 2.000000000000000000, 149.1705927090359864 ) ) ;
#172 = CARTESIAN_POINT ( 'NONE',  ( -1.328003563749585503, 2.664084667260670614, 322.7277970614375704 ) ) ;
#173 = CARTESIAN_POINT ( 'NONE',  ( -112.3566704031379970, 0.7995201214891790586, 322.1531366507679763 ) ) ;
#174 = CARTESIAN_POINT ( 'NONE',  ( -104.1742428762720039, 0.6458876035812879390, 289.8129757165599472 ) ) ;
#175 = CARTESIAN_POINT ( 'NONE',  ( -105.0909813895150222, 7.442949315946369993, 289.7517351046347471 ) ) ;
#176 = FACE_OUTER_BOUND ( 'NONE', #2728, .T. ) ;
#177 = DIRECTION ( 'NONE',  ( -0.5004356563159251259, 0.0000000000000000000, 0.8657737313453492956 ) ) ;
#178 = CARTESIAN_POINT ( 'NONE',  ( -91.00122588762030773, 0.0000000000000000000, 146.5909862931169698 ) ) ;
#179 = CARTESIAN_POINT ( 'NONE',  ( -64.35680363432500428, 0.0000000000000000000, 155.5424732698250239 ) ) ;
#180 = CARTESIAN_POINT ( 'NONE',  ( -40.34439129794160550, 0.5834558521987920354, 268.6544379066510260 ) ) ;
#181 = VERTEX_POINT ( 'NONE', #5823 ) ;
#182 = CARTESIAN_POINT ( 'NONE',  ( -39.34418722376909727, 3.518175385115939857, 268.6544379066510260 ) ) ;
#183 = VERTEX_POINT ( 'NONE', #7693 ) ;
#184 = CARTESIAN_POINT ( 'NONE',  ( -39.88037765286540548, 0.0000000000000000000, 149.1705927090359864 ) ) ;
#185 = CARTESIAN_POINT ( 'NONE',  ( -43.69309922317570027, 0.0000000000000000000, 141.2134288542340244 ) ) ;
#186 = CARTESIAN_POINT ( 'NONE',  ( -24.08426581607039907, 0.0000000000000000000, 154.9728970948679887 ) ) ;
#187 = B_SPLINE_CURVE_WITH_KNOTS ( 'NONE', 3,
 ( #7274, #3632, #5474, #7315 ),
 .UNSPECIFIED., .F., .F.,
 ( 4, 4 ),
 ( 0.0000000000000000000, 0.5458427884720760126 ),
 .UNSPECIFIED. ) ;
#188 = CARTESIAN_POINT ( 'NONE',  ( -63.75019490543440526, 3.082752409480439937, 157.7646297407200109 ) ) ;
#189 = CARTESIAN_POINT ( 'NONE',  ( -106.1034598939778562, 6.372836471029785343, 275.8382227345303477 ) ) ;
#190 = DIRECTION ( 'NONE',  ( 0.0000000000000000000, 0.0000000000000000000, -1.000000000000000000 ) ) ;
#191 = EDGE_CURVE ( 'NONE', #3376, #6710, #5790, .T. ) ;
#192 = CARTESIAN_POINT ( 'NONE',  ( -84.87605298490049677, 3.351394985116490144, 138.6174406696719927 ) ) ;
#193 = CARTESIAN_POINT ( 'NONE',  ( -105.2127154621920084, 8.605880615324151606, 284.1544379066509691 ) ) ;
#194 = CARTESIAN_POINT ( 'NONE',  ( -71.82475150609820957, 0.0000000000000000000, 150.1994159787510057 ) ) ;
#195 = FACE_OUTER_BOUND ( 'NONE', #7588, .T. ) ;
#196 = EDGE_LOOP ( 'NONE', ( #2756, #3291, #3097, #1009 ) ) ;
#197 = CARTESIAN_POINT ( 'NONE',  ( -30.63553643157599993, 0.0000000000000000000, 151.0491461614699915 ) ) ;
#198 = CARTESIAN_POINT ( 'NONE',  ( -71.01138315771740395, 3.175087627085680264, 154.9096797729499997 ) ) ;
#199 = CARTESIAN_POINT ( 'NONE',  ( -100.9953596492124177, 3.604029866207406840, 310.1086716917161539 ) ) ;
#200 = VERTEX_POINT ( 'NONE', #374 ) ;
#201 = CARTESIAN_POINT ( 'NONE',  ( -8.996742606233143036, 7.256871965568417515, 314.7481853875381717 ) ) ;
#202 = FACE_OUTER_BOUND ( 'NONE', #2025, .T. ) ;
#203 = CARTESIAN_POINT ( 'NONE',  ( -111.1632108487926729, 3.122472508882967013, 323.6541660700514171 ) ) ;
#204 = CARTESIAN_POINT ( 'NONE',  ( -106.1198529814068507, 4.666739619235610981, 279.9630200643330795 ) ) ;
#205 = LINE ( 'NONE', #2083, #2282 ) ;
#206 = AXIS2_PLACEMENT_3D ( 'NONE', #691, #144, #4377 ) ;
#207 = CARTESIAN_POINT ( 'NONE',  ( -124.0640353537170029, 9.478613825672509208, 279.1544379066509691 ) ) ;
#208 = ADVANCED_FACE ( 'NONE', ( #4056 ), #6756, .T. ) ;
#209 = CARTESIAN_POINT ( 'NONE',  ( -104.1225306986169983, 0.6458370240837870702, 290.0053704679460225 ) ) ;
#210 = CARTESIAN_POINT ( 'NONE',  ( -104.2259037340960219, 5.557569552814068281, 291.9993302363919270 ) ) ;
#211 = DIRECTION ( 'NONE',  ( 0.5004356563159418902, 0.0000000000000000000, 0.8657737313453397476 ) ) ;
#212 = CARTESIAN_POINT ( 'NONE',  ( -105.0773648365308333, 7.206367691104530238, 289.9300909819151570 ) ) ;
#213 = CARTESIAN_POINT ( 'NONE',  ( -91.94010917490740553, 0.0000000000000000000, 141.1224072350420045 ) ) ;
#214 = CARTESIAN_POINT ( 'NONE',  ( -64.29549386029211178, 0.0000000000000000000, 159.5390442496770333 ) ) ;
#215 = CARTESIAN_POINT ( 'NONE',  ( -31.18181428031870084, 2.668603898875830271, 156.8738323263569896 ) ) ;
#216 = VECTOR ( 'NONE', #719, 1000.000000000000000 ) ;
#217 = VERTEX_POINT ( 'NONE', #7733 ) ;
#218 = ORIENTED_EDGE ( 'NONE', *, *, #2294, .F. ) ;
#219 = CARTESIAN_POINT ( 'NONE',  ( -38.94630608286369977, 2.767339318135389803, 266.8214958218830475 ) ) ;
#220 = ORIENTED_EDGE ( 'NONE', *, *, #6439, .T. ) ;
#221 = AXIS2_PLACEMENT_3D ( 'NONE', #5555, #1327, #1247 ) ;
#222 = CARTESIAN_POINT ( 'NONE',  ( -46.62792290196190237, 0.0000000000000000000, 137.8609707278629912 ) ) ;
#223 = CARTESIAN_POINT ( 'NONE',  ( -24.44230828893159924, 0.0000000000000000000, 152.1718708687339756 ) ) ;
#224 = CARTESIAN_POINT ( 'NONE',  ( -63.83629597351821161, 3.083846433141050003, 157.2600284291240200 ) ) ;
#225 = CARTESIAN_POINT ( 'NONE',  ( -106.1183437022996969, 4.954844800930257698, 277.5108999960946790 ) ) ;
#226 = ORIENTED_EDGE ( 'NONE', *, *, #7384, .F. ) ;
#227 = CARTESIAN_POINT ( 'NONE',  ( -84.55413419662690444, 3.347301039371850084, 138.9197304907679893 ) ) ;
#228 = CARTESIAN_POINT ( 'NONE',  ( -105.1466237543309887, 4.987812385696679840, 282.6305570716789930 ) ) ;
#229 = CARTESIAN_POINT ( 'NONE',  ( -71.60714860376120328, 0.0000000000000000000, 150.4027667498819767 ) ) ;
#230 = CARTESIAN_POINT ( 'NONE',  ( -90.66469465069509681, 13.00321644496600015, 142.8092024469350179 ) ) ;
#231 = VERTEX_POINT ( 'NONE', #4298 ) ;
#232 = CARTESIAN_POINT ( 'NONE',  ( -114.7074215818402223, 4.138448828045259376, 278.0144850945596318 ) ) ;
#233 = CARTESIAN_POINT ( 'NONE',  ( -103.8283310761734270, 5.092868268318265557, 311.5345279900270725 ) ) ;
#234 = CARTESIAN_POINT ( 'NONE',  ( -0.9864527579709001515, 2.493226378986369784, 322.3933070074629654 ) ) ;
#235 = ORIENTED_EDGE ( 'NONE', *, *, #4886, .T. ) ;
#236 = CARTESIAN_POINT ( 'NONE',  ( -114.4251532653740071, 9.044477096599898402, 274.1544379066509691 ) ) ;
#237 = CARTESIAN_POINT ( 'NONE',  ( -24.67102780767549675, -0.001000001298026020023, 155.5299600902559973 ) ) ;
#238 = CARTESIAN_POINT ( 'NONE',  ( -111.8261829069482189, 1.835297407712679130, 323.1153820702334087 ) ) ;
#239 = CARTESIAN_POINT ( 'NONE',  ( -40.44390913294107293, 2.786383251567339681, 266.8589588937157941 ) ) ;
#240 = CARTESIAN_POINT ( 'NONE',  ( -39.34343311930970088, 1.577143931192370063, 268.6544379066510260 ) ) ;
#241 = CARTESIAN_POINT ( 'NONE',  ( -42.99652753305959862, 2.818843051174050096, 148.5251873153569875 ) ) ;
#242 = EDGE_CURVE ( 'NONE', #4881, #4531, #1842, .T. ) ;
#243 = CARTESIAN_POINT ( 'NONE',  ( -91.47549773672940887, 3.435315008709380002, 147.5237047825590082 ) ) ;
#244 = CARTESIAN_POINT ( 'NONE',  ( -8.965620329500849195, 7.932386895312899533, 312.2490000000000236 ) ) ;
#245 = ADVANCED_FACE ( 'NONE', ( #3667 ), #6308, .F. ) ;
#246 = AXIS2_PLACEMENT_3D ( 'NONE', #6617, #4191, #615 ) ;
#247 = EDGE_CURVE ( 'NONE', #7020, #5795, #684, .T. ) ;
#248 = CARTESIAN_POINT ( 'NONE',  ( -104.3235345082685939, 4.803545151735068686, 291.2737363006573901 ) ) ;
#249 = EDGE_CURVE ( 'NONE', #5040, #3992, #3850, .T. ) ;
#250 = LINE ( 'NONE', #5694, #7289 ) ;
#251 = DIRECTION ( 'NONE',  ( 0.8650200284677200813, -0.04171750651340182942, -0.5000000000000089928 ) ) ;
#252 = CARTESIAN_POINT ( 'NONE',  ( -82.18489220783779103, 0.0000000000000000000, 148.9554575778099945 ) ) ;
#253 = CARTESIAN_POINT ( 'NONE',  ( -31.31553211282039939, 2.670304228057600149, 158.7238336826690102 ) ) ;
#254 = ORIENTED_EDGE ( 'NONE', *, *, #1098, .F. ) ;
#255 = VERTEX_POINT ( 'NONE', #5345 ) ;
#256 = CARTESIAN_POINT ( 'NONE',  ( -39.90697437869381048, 10.43186949799289920, 266.6544379066509123 ) ) ;
#257 = CARTESIAN_POINT ( 'NONE',  ( -41.34415547574609917, 3.551612488083719654, 291.6544379066509691 ) ) ;
#258 = CARTESIAN_POINT ( 'NONE',  ( -72.19167463635180582, 3.190096593954950155, 149.9157443280959967 ) ) ;
#259 = CARTESIAN_POINT ( 'NONE',  ( -43.79744491401260120, 0.0000000000000000000, 139.2114741046210042 ) ) ;
#260 = DIRECTION ( 'NONE',  ( -0.04817122723086519898, -0.9988390925805179510, 0.0000000000000000000 ) ) ;
#261 = DIRECTION ( 'NONE',  ( 0.0000000000000000000, 0.0000000000000000000, 1.000000000000000000 ) ) ;
#262 = CARTESIAN_POINT ( 'NONE',  ( -13.73580596119979980, 2.446755645364940168, 310.3906931764349793 ) ) ;
#263 = ORIENTED_EDGE ( 'NONE', *, *, #7429, .T. ) ;
#264 = CARTESIAN_POINT ( 'NONE',  ( -84.09465811695270077, 3.341458214816159789, 140.4020894186830049 ) ) ;
#265 = CARTESIAN_POINT ( 'NONE',  ( -105.1669167779669891, 3.685939401272780191, 280.2447019758689635 ) ) ;
#266 = CARTESIAN_POINT ( 'NONE',  ( -113.1223387349420051, 0.03230670239586779652, 319.7500000000000000 ) ) ;
#267 = CARTESIAN_POINT ( 'NONE',  ( -105.1346784078609176, 5.604788856333327907, 275.1337468919768412 ) ) ;
#268 = ORIENTED_EDGE ( 'NONE', *, *, #1737, .T. ) ;
#269 = CARTESIAN_POINT ( 'NONE',  ( -30.97036341636979984, 0.0000000000000000000, 159.3947770926989733 ) ) ;
#270 = AXIS2_PLACEMENT_3D ( 'NONE', #5251, #7600, #1682 ) ;
#271 = DIRECTION ( 'NONE',  ( 0.0000000000000000000, -0.2491308442336126749, -0.9684698355919235668 ) ) ;
#272 = CARTESIAN_POINT ( 'NONE',  ( -0.3783915829976950973, 0.3783915829976950973, 321.5668277958131966 ) ) ;
#273 = ORIENTED_EDGE ( 'NONE', *, *, #907, .T. ) ;
#274 = CARTESIAN_POINT ( 'NONE',  ( -11.49642254948470033, 7.263749886283449975, 314.7465993764240011 ) ) ;
#275 = CARTESIAN_POINT ( 'NONE',  ( -26.12567613871269856, -0.001000001298026020023, 152.0014769509129735 ) ) ;
#276 = CARTESIAN_POINT ( 'NONE',  ( -112.4726532356671811, 0.5723224963091382289, 321.8118620569290442 ) ) ;
#277 = CIRCLE ( 'NONE', #6414, 2.500000015154328015 ) ;
#278 = CARTESIAN_POINT ( 'NONE',  ( -41.32925083372543895, 2.797641500819330496, 266.6544379066514239 ) ) ;
#279 = CARTESIAN_POINT ( 'NONE',  ( -103.5477124340310127, 0.6452747963784369878, 267.7220302571520278 ) ) ;
#280 = CARTESIAN_POINT ( 'NONE',  ( -44.11241365407249759, 2.833032966857650159, 147.4730171552899947 ) ) ;
#281 = ORIENTED_EDGE ( 'NONE', *, *, #1308, .F. ) ;
#282 = CARTESIAN_POINT ( 'NONE',  ( -8.965620329501408747, 7.932386895312930619, 149.1705927090359864 ) ) ;
#283 = CARTESIAN_POINT ( 'NONE',  ( -103.1851512589930167, 1.644920654915600133, 290.6544379066509691 ) ) ;
#284 = AXIS2_PLACEMENT_3D ( 'NONE', #6005, #91, #635 ) ;
#285 = EDGE_CURVE ( 'NONE', #6622, #3256, #602, .T. ) ;
#286 = CARTESIAN_POINT ( 'NONE',  ( -39.09758418044159356, 10.05251277932860177, 264.4544379066509805 ) ) ;
#287 = CARTESIAN_POINT ( 'NONE',  ( -102.8303985497780104, 13.78439564410989959, 266.6544379066510260 ) ) ;
#288 = CARTESIAN_POINT ( 'NONE',  ( -92.00952823786509782, 2.149609065904299829E-19, 139.6714637080330021 ) ) ;
#289 = CARTESIAN_POINT ( 'NONE',  ( -74.95741137861159586, 3.225266465178090236, 149.2999158078399944 ) ) ;
#290 = DIRECTION ( 'NONE',  ( 0.9988390925805179510, -0.04817122723086530306, -1.028962663250121183E-14 ) ) ;
#291 = B_SPLINE_CURVE_WITH_KNOTS ( 'NONE', 3,
 ( #2280, #7022, #5256, #1843, #1336, #42, #1960, #6153, #84, #7330, #1921, #6631, #7252, #2436, #5450, #4247, #163, #5564, #1256, #1996, #4358, #4320, #708, #3187, #3651, #1372, #3728, #6115, #7212, #3613, #3763, #2555, #745, #6707, #3028, #1217, #3151, #4935, #4819, #5528, #4899, #6745, #3112, #5492, #628, #672, #5410, #6039, #783, #198, #2591, #4971, #7365, #3073, #4392, #5999, #2478, #4861, #1885, #4283, #6669, #1294, #126, #3691, #6076, #2518, #7293, #3222, #6780, #1411, #820, #3801, #6191, #419, #4533, #6215, #6804, #1590, #4493, #1432, #258, #6881 ),
 .UNSPECIFIED., .F., .F.,
 ( 4, 3, 3, 3, 3, 3, 3, 3, 3, 3, 3, 3, 3, 3, 3, 3, 3, 3, 3, 3, 3, 3, 3, 3, 3, 3, 3, 4 ),
 ( 0.0000000000000000000, 0.05927934211563819916, 0.1199021435160810140, 0.1829869641087960019, 0.2326469973093909793, 0.2879891810285279963, 0.3485365144052650077, 0.4062200451448389482, 0.4881433941282279920, 0.5457430781989279778, 0.6141881211174630151, 0.6821980038799949631, 0.7674213497718240795, 0.8420745783799229445, 0.8846745990286249972, 1.073710580125780023, 1.240199403279309998, 1.358041059307810050, 1.477697502369579974, 1.610588771116709950, 1.687599696414179951, 1.793712572153859819, 1.879354651803060161, 1.899430409293649813, 1.981601491668939952, 2.054013978919409844, 2.138799801367999631, 2.230437420807839910 ),
 .UNSPECIFIED. ) ;
#292 = CARTESIAN_POINT ( 'NONE',  ( -31.37112203136260291, 2.671011188450440166, 158.3925606453669843 ) ) ;
#293 = FACE_OUTER_BOUND ( 'NONE', #4245, .T. ) ;
#294 =( BOUNDED_CURVE ( )  B_SPLINE_CURVE ( 3, ( #3201, #6727, #726, #3128 ),
 .UNSPECIFIED., .F., .F. ) 
 B_SPLINE_CURVE_WITH_KNOTS ( ( 4, 4 ),
 ( 1.449086697042007321, 1.692505956547587731 ),
 .UNSPECIFIED. ) 
 CURVE ( )  GEOMETRIC_REPRESENTATION_ITEM ( )  RATIONAL_B_SPLINE_CURVE ( ( 1.000000000000000000, 0.9950683476634676339, 0.9950683476634676339, 1.000000000000000000 ) ) 
 REPRESENTATION_ITEM ( '' )  );
#295 = ORIENTED_EDGE ( 'NONE', *, *, #1153, .T. ) ;
#296 = CARTESIAN_POINT ( 'NONE',  ( -8.802789649912138970, 0.0000000000000000000, 319.7500000000000000 ) ) ;
#297 = B_SPLINE_SURFACE_WITH_KNOTS ( 'NONE', 2, 1, ( 
 ( #5244, #5320 ),
 ( #5397, #5836 ),
 ( #7049, #1126 ) ),
 .UNSPECIFIED., .F., .F., .F.,
 ( 3, 3 ),
 ( 2, 2 ),
 ( -2.000000000000000000, -1.000000000000000000 ),
 ( 0.0000000000000000000, 1.300421644626400086 ),
 .UNSPECIFIED. ) ;
#298 = DIRECTION ( 'NONE',  ( 0.0000000000000000000, -1.000000000000000000, 0.0000000000000000000 ) ) ;
#299 = CARTESIAN_POINT ( 'NONE',  ( -43.56908159358880539, 0.0000000000000000000, 140.0909609154190036 ) ) ;
#300 = CARTESIAN_POINT ( 'NONE',  ( -68.71335731570160021, 3.145865351562550316, 160.4802146902100048 ) ) ;
#301 = EDGE_CURVE ( 'NONE', #1587, #2264, #3603, .T. ) ;
#302 = CARTESIAN_POINT ( 'NONE',  ( -64.33985042567789492, 3.090250845110119382, 159.5723639942179943 ) ) ;
#303 = CARTESIAN_POINT ( 'NONE',  ( -105.9590161994480013, 3.995356370322069139, 159.8547740578349874 ) ) ;
#304 = ORIENTED_EDGE ( 'NONE', *, *, #6377, .F. ) ;
#305 = CARTESIAN_POINT ( 'NONE',  ( -85.66551035425759153, 3.361432803603509711, 138.2064075802350089 ) ) ;
#306 = ORIENTED_EDGE ( 'NONE', *, *, #4323, .F. ) ;
#307 = CARTESIAN_POINT ( 'NONE',  ( -83.47979520958809019, 0.0000000000000000000, 148.5046906202409787 ) ) ;
#308 = CARTESIAN_POINT ( 'NONE',  ( -104.1851587346450003, 1.645898758679850138, 268.6544379066500028 ) ) ;
#309 = CARTESIAN_POINT ( 'NONE',  ( -92.57156071898809557, 13.00321644496600015, 148.5251873153569875 ) ) ;
#310 = VERTEX_POINT ( 'NONE', #7268 ) ;
#311 = CARTESIAN_POINT ( 'NONE',  ( -31.16661752098560001, 0.0000000000000000000, 159.1028471294310123 ) ) ;
#312 = DIRECTION ( 'NONE',  ( 0.9999995216640081841, -0.0009780959844829521972, -6.938933002936180895E-14 ) ) ;
#313 = CARTESIAN_POINT ( 'NONE',  ( -39.34260248552734396, 1.703650861298504182, 289.6544379066509691 ) ) ;
#314 = ORIENTED_EDGE ( 'NONE', *, *, #4139, .T. ) ;
#315 = DIRECTION ( 'NONE',  ( -0.8700220962572857708, 0.4930127300831879111, 1.069050946038399810E-15 ) ) ;
#316 = CARTESIAN_POINT ( 'NONE',  ( -102.6781278393540049, 4.196718073539240201, 292.6544379066509691 ) ) ;
#317 = CARTESIAN_POINT ( 'NONE',  ( -105.1389789080279797, 5.390645563135557872, 283.0060537844558439 ) ) ;
#318 = CARTESIAN_POINT ( 'NONE',  ( -41.13119610417080452, 2.795122982253510191, 265.6544379103950178 ) ) ;
#319 = CARTESIAN_POINT ( 'NONE',  ( -104.1175592327450090, 0.6458321615106180635, 268.2905118855230171 ) ) ;
#320 = DIRECTION ( 'NONE',  ( -4.403279950663190103E-13, 2.166646399162710057E-12, -1.000000000000000000 ) ) ;
#321 = ORIENTED_EDGE ( 'NONE', *, *, #5801, .F. ) ;
#322 = CARTESIAN_POINT ( 'NONE',  ( -103.7331584307309953, 0.6454561804499099331, 290.4924251889440256 ) ) ;
#323 = DIRECTION ( 'NONE',  ( -0.5004356563159189086, 0.0000000000000000000, 0.8657737313453529593 ) ) ;
#324 = VECTOR ( 'NONE', #6513, 1000.000000000000000 ) ;
#325 = CARTESIAN_POINT ( 'NONE',  ( -39.09758418044159356, 10.05251277932860177, 289.6544379066509691 ) ) ;
#326 = CARTESIAN_POINT ( 'NONE',  ( -103.6559282810656839, 3.810989002269633996, 291.5932815771678861 ) ) ;
#327 = VECTOR ( 'NONE', #746, 1000.000000000000000 ) ;
#328 = DIRECTION ( 'NONE',  ( 0.0000000000000000000, 1.000000000000000000, 0.0000000000000000000 ) ) ;
#329 = CARTESIAN_POINT ( 'NONE',  ( -64.93525329828248971, 0.0000000000000000000, 152.4555572238189995 ) ) ;
#330 = DIRECTION ( 'NONE',  ( -3.506950558086310039E-15, 1.961123667350899851E-16, -1.000000000000000000 ) ) ;
#331 = EDGE_CURVE ( 'NONE', #3296, #2264, #552, .T. ) ;
#332 = CARTESIAN_POINT ( 'NONE',  ( -31.04795075661310122, 2.666901561248530061, 159.3035802299899899 ) ) ;
#333 = CARTESIAN_POINT ( 'NONE',  ( -102.8536267577880068, 13.34842637373749952, 291.6544379066509691 ) ) ;
#334 = CARTESIAN_POINT ( 'NONE',  ( -38.32945050852320179, 2.759495212519210039, 289.6544379066509691 ) ) ;
#335 = ORIENTED_EDGE ( 'NONE', *, *, #3214, .F. ) ;
#336 = CARTESIAN_POINT ( 'NONE',  ( -105.0996923305886810, 7.488013959772382044, 268.3252026938097288 ) ) ;
#337 = DIRECTION ( 'NONE',  ( -0.9999876379189832631, 0.004972324326960990588, 0.0000000000000000000 ) ) ;
#338 = CARTESIAN_POINT ( 'NONE',  ( -44.36846238982050039, 0.0000000000000000000, 143.5349475705099849 ) ) ;
#339 = CARTESIAN_POINT ( 'NONE',  ( -98.12425617760010255, -0.001000001298026020023, 149.1705927090359864 ) ) ;
#340 = EDGE_CURVE ( 'NONE', #1164, #6935, #5695, .T. ) ;
#341 = CARTESIAN_POINT ( 'NONE',  ( -105.0849176481709861, 11.92415330065220047, 149.1705927090369812 ) ) ;
#342 =( BOUNDED_SURFACE ( )  B_SPLINE_SURFACE ( 3, 2, ( 
 ( #1108, #522, #2920 ),
 ( #3043, #4215, #6599 ),
 ( #6523, #5302, #1228 ),
 ( #1146, #3623, #6011 ),
 ( #641, #3122, #7306 ),
 ( #6202, #1347, #794 ),
 ( #3197, #7344, #1933 ),
 ( #2007, #5576, #210 ),
 ( #6164, #5462, #3738 ),
 ( #6641, #757, #3773 ),
 ( #4333, #2603, #4982 ),
 ( #3161, #4910, #6720 ),
 ( #1971, #1895, #6755 ),
 ( #5502, #4295, #4369 ),
 ( #1854, #6125, #1383 ),
 ( #6681, #7376, #5539 ),
 ( #6089, #1267, #1309 ),
 ( #4402, #6792, #3084 ),
 ( #1422, #175, #2567 ),
 ( #4256, #4948, #3811 ) ),
 .UNSPECIFIED., .F., .F., .F. ) 
 B_SPLINE_SURFACE_WITH_KNOTS ( ( 4, 2, 2, 2, 2, 2, 2, 2, 2, 4 ),
 ( 3, 3 ),
 ( -2.172231265485660093E-05, 0.0007761053298264630404, 0.001552210659652929984, 0.002328315989479389989, 0.003104421319305849993, 0.003880526649132319972, 0.004656631978958779977, 0.005432737308785239548, 0.005820789973698480176, 0.006230564951266119762 ),
 ( 0.0000000000000000000, 1.000699257158319977 ),
 .UNSPECIFIED. ) 
 GEOMETRIC_REPRESENTATION_ITEM ( )  RATIONAL_B_SPLINE_SURFACE ( (
 ( 1.000000000000000000, 0.7058042323622939485, 1.000411436992939995),
 ( 1.000000000000000000, 0.7191882048123330318, 1.000392719315849943),
 ( 1.000000000000000000, 0.7346200612870990021, 1.000371137643639941),
 ( 1.000000000000000000, 0.7669216120308899320, 1.000325963462480150),
 ( 1.000000000000000000, 0.7839032646438179874, 1.000302214378179899),
 ( 1.000000000000000000, 0.8171714283295830050, 1.000255688374970031),
 ( 1.000000000000000000, 0.8334758049936339397, 1.000232886470780125),
 ( 1.000000000000000000, 0.8646569444279650352, 1.000189279200879966),
 ( 1.000000000000000000, 0.8796180024776999451, 1.000168355947000043),
 ( 1.000000000000000000, 0.9072722223260459851, 1.000129681124630077),
 ( 1.000000000000000000, 0.9198810036565859827, 1.000112047563419981),
 ( 1.000000000000000000, 0.9425803578821049244, 1.000080302191560078),
 ( 1.000000000000000000, 0.9526752219387850662, 1.000066184379650114),
 ( 1.000000000000000000, 0.9702182130069839650, 1.000041650255480086),
 ( 1.000000000000000000, 0.9777381859476079740, 1.000031133465669964),
 ( 1.000000000000000000, 0.9863770260384280286, 1.000019051924119884),
 ( 1.000000000000000000, 0.9888273678695769231, 1.000015625085990179),
 ( 1.000000000000000000, 0.9924987340391859814, 1.000010490627839976),
 ( 1.000000000000000000, 0.9936507728799020001, 1.000008879485029922),
 ( 1.000000000000000000, 0.9934941642059890166, 1.000009098504500038) ) ) 
 REPRESENTATION_ITEM ( '' )  SURFACE ( )  );
#343 = ADVANCED_FACE ( 'NONE', ( #1813 ), #1269, .F. ) ;
#344 = CARTESIAN_POINT ( 'NONE',  ( -106.1098572957662469, 5.894640759487587367, 276.2148579307080922 ) ) ;
#345 = ORIENTED_EDGE ( 'NONE', *, *, #5994, .F. ) ;
#346 = AXIS2_PLACEMENT_3D ( 'NONE', #1230, #4795, #2490 ) ;
#347 = VERTEX_POINT ( 'NONE', #3739 ) ;
#348 = EDGE_CURVE ( 'NONE', #6279, #5892, #3900, .T. ) ;
#349 = CARTESIAN_POINT ( 'NONE',  ( -40.90119909684970168, 0.5840004639315409252, 290.5532512881089815 ) ) ;
#350 = LINE ( 'NONE', #6891, #4655 ) ;
#351 = ADVANCED_FACE ( 'NONE', ( #176 ), #2477, .T. ) ;
#352 = CARTESIAN_POINT ( 'NONE',  ( -89.21758076570129958, 13.00321644496600015, 146.3268180450679949 ) ) ;
#353 = CARTESIAN_POINT ( 'NONE',  ( -30.51768015953069835, 0.0000000000000000000, 154.7721481301010158 ) ) ;
#354 = CARTESIAN_POINT ( 'NONE',  ( -2.017447207805341591, 2.017447207805341591, 323.3060478636593302 ) ) ;
#355 = ORIENTED_EDGE ( 'NONE', *, *, #3174, .F. ) ;
#356 = CARTESIAN_POINT ( 'NONE',  ( -40.47077896854870005, 0.5835794715310330671, 290.1581696433930233 ) ) ;
#357 = DIRECTION ( 'NONE',  ( 0.0000000000000000000, 1.000000000000000000, 0.0000000000000000000 ) ) ;
#358 = CARTESIAN_POINT ( 'NONE',  ( -105.1264861397640686, 6.019073611227648612, 282.2496301035993156 ) ) ;
#359 = CARTESIAN_POINT ( 'NONE',  ( -106.1065268874924357, 6.166447902660464386, 282.3342858717358581 ) ) ;
#360 = CARTESIAN_POINT ( 'NONE',  ( -104.1013522747039985, 0.6458163095424549471, 268.2513449388039817 ) ) ;
#361 = CARTESIAN_POINT ( 'NONE',  ( -103.8283394769757564, 5.092867634400310095, 292.3104228484696705 ) ) ;
#362 = VERTEX_POINT ( 'NONE', #5483 ) ;
#363 = CARTESIAN_POINT ( 'NONE',  ( 147.2187955003269906, 0.4001155238770979783, 312.2489999993910601 ) ) ;
#364 = CARTESIAN_POINT ( 'NONE',  ( -100.2130641889379916, 8.546828554825690816, 274.1544379066509691 ) ) ;
#365 = B_SPLINE_SURFACE_WITH_KNOTS ( 'NONE', 4, 1, ( 
 ( #858, #309 ),
 ( #5045, #352 ),
 ( #7398, #230 ),
 ( #5561, #2625 ),
 ( #1486, #3876 ) ),
 .UNSPECIFIED., .F., .F., .F.,
 ( 5, 5 ),
 ( 2, 2 ),
 ( -1.000000000000000000, 0.0000000000000000000 ),
 ( 0.0000000000000000000, 1.300421644626400086 ),
 .UNSPECIFIED. ) ;
#366 = CARTESIAN_POINT ( 'NONE',  ( -46.62792290196190237, 0.0000000000000000000, 137.8609707278629912 ) ) ;
#367 = CARTESIAN_POINT ( 'NONE',  ( -104.0283851025033783, 4.305277187563995689, 291.4550886791127482 ) ) ;
#368 = ORIENTED_EDGE ( 'NONE', *, *, #4659, .F. ) ;
#369 = CARTESIAN_POINT ( 'NONE',  ( -91.80283257695050736, 0.0000000000000000000, 141.6481597017260015 ) ) ;
#370 = CARTESIAN_POINT ( 'NONE',  ( -63.28687912224989276, 2.151048928115409692E-19, 150.2012728057789843 ) ) ;
#371 = CARTESIAN_POINT ( 'NONE',  ( -40.10933662566353775, 2.782128735289019605, 291.2405540406601290 ) ) ;
#372 = CARTESIAN_POINT ( 'NONE',  ( -31.29271783833230458, 2.670014289455679979, 157.3734311522669884 ) ) ;
#373 = CARTESIAN_POINT ( 'NONE',  ( -24.35991423634359876, 2.581854691736749974, 151.8113107139330111 ) ) ;
#374 = CARTESIAN_POINT ( 'NONE',  ( -9.380810948316629094, 0.0000000000000000000, 318.7500000000000000 ) ) ;
#375 = EDGE_LOOP ( 'NONE', ( #1564, #7509, #5384, #2319 ) ) ;
#376 = CARTESIAN_POINT ( 'NONE',  ( -105.0427405468670372, 7.251983355148754029, 267.9066086693881630 ) ) ;
#377 = AXIS2_PLACEMENT_3D ( 'NONE', #1243, #3562, #2381 ) ;
#378 = DIRECTION ( 'NONE',  ( -6.065314064128699344E-14, -2.210105553773349978E-12, 1.000000000000000000 ) ) ;
#379 = CARTESIAN_POINT ( 'NONE',  ( -44.68564300072319639, 0.0000000000000000000, 145.1657154092019937 ) ) ;
#380 = CARTESIAN_POINT ( 'NONE',  ( -103.8283310761734270, 5.092868268318265557, 311.5345279900270725 ) ) ;
#381 = CARTESIAN_POINT ( 'NONE',  ( -64.57728156997349345, 3.093269895348639942, 159.7625407419290013 ) ) ;
#382 = DIRECTION ( 'NONE',  ( 0.9988390925805179510, -0.04817122723086530306, -6.859751088334149895E-15 ) ) ;
#383 = ORIENTED_EDGE ( 'NONE', *, *, #4372, .F. ) ;
#384 = CARTESIAN_POINT ( 'NONE',  ( -113.5473741690985463, 12.97607357701294717, 283.2807953653232858 ) ) ;
#385 = EDGE_CURVE ( 'NONE', #2108, #1777, #1469, .T. ) ;
#386 = ORIENTED_EDGE ( 'NONE', *, *, #1541, .F. ) ;
#387 = LINE ( 'NONE', #5159, #2031 ) ;
#388 = CARTESIAN_POINT ( 'NONE',  ( -70.89424349058870689, 0.0000000000000000000, 154.4967382304679973 ) ) ;
#389 = DIRECTION ( 'NONE',  ( 0.0000000000000000000, 0.0000000000000000000, -1.000000000000000000 ) ) ;
#390 =( BOUNDED_SURFACE ( )  B_SPLINE_SURFACE ( 3, 2, ( 
 ( #3192, #2398, #4786 ),
 ( #7176, #7301, #1926 ),
 ( #4327, #6120, #3618 ),
 ( #3035, #6637, #5456 ),
 ( #3657, #677, #6713 ),
 ( #2562, #1341, #4941 ),
 ( #5053, #5131, #7520 ),
 ( #2633, #358, #317 ),
 ( #6786, #5015, #3923 ),
 ( #5685, #7446, #981 ),
 ( #3227, #1417, #2081 ),
 ( #828, #3806, #6197 ),
 ( #6900, #1528, #5093 ),
 ( #3379, #2158, #7483 ) ),
 .UNSPECIFIED., .F., .F., .F. ) 
 B_SPLINE_SURFACE_WITH_KNOTS ( ( 4, 2, 2, 2, 2, 2, 4 ),
 ( 3, 3 ),
 ( -2.481352326676870189E-05, 0.001638163269811569994, 0.003276326539623130012, 0.004095408174528919996, 0.004914489809434700006, 0.005733571444340480015, 0.006577466602513040023 ),
 ( 0.0000000000000000000, 1.000024813523270106 ),
 .UNSPECIFIED. ) 
 GEOMETRIC_REPRESENTATION_ITEM ( )  RATIONAL_B_SPLINE_SURFACE ( (
 ( 1.000000000000000000, 0.7195464937052429288, 1.000013918079210029),
 ( 1.000000000000000000, 0.7195560892155260513, 1.000013917603010061),
 ( 1.000000000000000000, 0.7192064641632539557, 1.000013934953870143),
 ( 1.000000000000000000, 0.7178745941678069675, 1.000014001050639978),
 ( 1.000000000000000000, 0.7169355815755169559, 1.000014047651070159),
 ( 1.000000000000000000, 0.7152716791175609545, 1.000014130225630016),
 ( 1.000000000000000000, 0.7146834465170019968, 1.000014159417879966),
 ( 1.000000000000000000, 0.7134887321982779085, 1.000014218708020097),
 ( 1.000000000000000000, 0.7128795034568630173, 1.000014248942240114),
 ( 1.000000000000000000, 0.7116667803686920202, 1.000014309126110001),
 ( 1.000000000000000000, 0.7110717929351740851, 1.000014338653580026),
 ( 1.000000000000000000, 0.7099373045367789459, 1.000014394954889863),
 ( 1.000000000000000000, 0.7093957067788859705, 1.000014421832779998),
 ( 1.000000000000000000, 0.7089001140726429728, 1.000014446427579973) ) ) 
 REPRESENTATION_ITEM ( '' )  SURFACE ( )  );
#391 = CARTESIAN_POINT ( 'NONE',  ( -31.04631877326659861, 0.0000000000000000000, 156.4325461331919769 ) ) ;
#392 = EDGE_CURVE ( 'NONE', #5313, #2341, #1350, .T. ) ;
#393 = CARTESIAN_POINT ( 'NONE',  ( -3.607326170774802332, 3.607326170774802332, 323.7499999999998863 ) ) ;
#394 = VERTEX_POINT ( 'NONE', #1833 ) ;
#395 = CARTESIAN_POINT ( 'NONE',  ( -40.35628513382390281, 0.5834674855174719621, 268.4959014353479461 ) ) ;
#396 = ADVANCED_FACE ( 'NONE', ( #4313 ), #5477, .T. ) ;
#397 = CARTESIAN_POINT ( 'NONE',  ( -105.1680338993420065, 9.996771005519669018, 284.1544379067580053 ) ) ;
#398 = DIRECTION ( 'NONE',  ( 1.000000000000000000, 0.0000000000000000000, 0.0000000000000000000 ) ) ;
#399 = CARTESIAN_POINT ( 'NONE',  ( -104.4669223563073785, 5.092753184610473660, 267.1537549530929141 ) ) ;
#400 = CARTESIAN_POINT ( 'NONE',  ( -73.61000407859411609, 0.0000000000000000000, 149.3857278402630016 ) ) ;
#401 = AXIS2_PLACEMENT_3D ( 'NONE', #3183, #2661, #5084 ) ;
#402 = CARTESIAN_POINT ( 'NONE',  ( -44.68856914714140061, 2.840359388029469745, 145.7960260906289989 ) ) ;
#403 = ORIENTED_EDGE ( 'NONE', *, *, #7608, .F. ) ;
#404 = DIRECTION ( 'NONE',  ( -0.4994195462902652483, 0.02408561361543290480, -0.8660254037844350439 ) ) ;
#405 = ORIENTED_EDGE ( 'NONE', *, *, #5233, .F. ) ;
#406 = VECTOR ( 'NONE', #1770, 1000.000000000000000 ) ;
#407 = CARTESIAN_POINT ( 'NONE',  ( -50.72701016045419209, 0.0000000000000000000, 146.8941767061849930 ) ) ;
#408 = CARTESIAN_POINT ( 'NONE',  ( -103.4737705551628437, 3.602436255763424633, 291.6371061131533793 ) ) ;
#409 = ORIENTED_EDGE ( 'NONE', *, *, #6042, .F. ) ;
#410 = CARTESIAN_POINT ( 'NONE',  ( -4.000000000000000000, 7.692908858248279635, 323.7500000000000000 ) ) ;
#411 = PLANE ( 'NONE',  #906 ) ;
#412 = CARTESIAN_POINT ( 'NONE',  ( -39.34557523365530329, 2.772416534777939923, 291.9133684476319672 ) ) ;
#413 = VECTOR ( 'NONE', #6531, 1000.000000000000000 ) ;
#414 = CARTESIAN_POINT ( 'NONE',  ( -23.74794096267660137, 2.574072551061810099, 150.6592588817249805 ) ) ;
#415 = CARTESIAN_POINT ( 'NONE',  ( -104.6583579556801595, 1.649578261227268250, 267.2742851791194880 ) ) ;
#416 = ORIENTED_EDGE ( 'NONE', *, *, #7185, .F. ) ;
#417 = CARTESIAN_POINT ( 'NONE',  ( -105.1129002011240061, 7.551033870322110708, 268.6544379066510260 ) ) ;
#418 = VECTOR ( 'NONE', #1632, 1000.000000000000000 ) ;
#419 = CARTESIAN_POINT ( 'NONE',  ( -71.33522001059600370, 3.179205668858550382, 150.6971829055679848 ) ) ;
#420 = CARTESIAN_POINT ( 'NONE',  ( -44.58267046997600147, 0.0000000000000000000, 146.4610185143540093 ) ) ;
#421 = CARTESIAN_POINT ( 'NONE',  ( -66.85473093634611530, 13.00321644496600015, 160.4802146902100048 ) ) ;
#422 = CYLINDRICAL_SURFACE ( 'NONE', #4336, 2.200000000000000178 ) ;
#423 = CARTESIAN_POINT ( 'NONE',  ( -106.0807419664349993, 7.603298061307250499, 275.2832326482229632 ) ) ;
#424 = EDGE_LOOP ( 'NONE', ( #7498, #5187, #4652, #4264 ) ) ;
#425 = CARTESIAN_POINT ( 'NONE',  ( 0.0000000000000000000, 0.0000000000000000000, 319.7500000000000000 ) ) ;
#426 = ORIENTED_EDGE ( 'NONE', *, *, #2634, .T. ) ;
#427 = CARTESIAN_POINT ( 'NONE',  ( -7.757162981979251803, 0.3039356790803376396, 321.5336171427807699 ) ) ;
#428 = CARTESIAN_POINT ( 'NONE',  ( -70.82254046800419189, 0.0000000000000000000, 154.2221120747950067 ) ) ;
#429 = CARTESIAN_POINT ( 'NONE',  ( -30.17788728180410018, 0.0000000000000000000, 153.0118363572210285 ) ) ;
#430 = ADVANCED_FACE ( 'NONE', ( #3602 ), #4237, .T. ) ;
#431 = CARTESIAN_POINT ( 'NONE',  ( -105.0947477610339860, 7.460612966458695539, 268.6148996976390322 ) ) ;
#432 = ORIENTED_EDGE ( 'NONE', *, *, #762, .T. ) ;
#433 = CARTESIAN_POINT ( 'NONE',  ( -40.89781059311010125, 0.5839971496480369506, 267.7589668604139774 ) ) ;
#434 = DATE_AND_TIME ( #1566, #1941 ) ;
#435 = CARTESIAN_POINT ( 'NONE',  ( -105.1978088487339988, 9.583333864162177917, 372.3987999999999943 ) ) ;
#436 = CARTESIAN_POINT ( 'NONE',  ( -103.6891739086024415, 3.848667361473550041, 266.7233325663946175 ) ) ;
#437 = CARTESIAN_POINT ( 'NONE',  ( -23.28432085189560041, 0.0000000000000000000, 158.0388162848139757 ) ) ;
#438 = CARTESIAN_POINT ( 'NONE',  ( -43.99657886168279930, 2.831559979689620032, 138.9319838043300024 ) ) ;
#439 = VERTEX_POINT ( 'NONE', #3641 ) ;
#440 = DIRECTION ( 'NONE',  ( 2.410879053494559984E-12, -5.174004695620309891E-14, 1.000000000000000000 ) ) ;
#441 = CARTESIAN_POINT ( 'NONE',  ( -83.23974261204288894, 3.330586698379749855, 148.5939311065530148 ) ) ;
#442 = ADVANCED_FACE ( 'NONE', ( #3682 ), #7347, .T. ) ;
#443 = VERTEX_POINT ( 'NONE', #5989 ) ;
#444 = CARTESIAN_POINT ( 'NONE',  ( -51.47280544898929833, 0.0000000000000000000, 141.2206724587379938 ) ) ;
#445 = CARTESIAN_POINT ( 'NONE',  ( -103.7494829754483732, 5.011923330048361436, 292.3590219350288635 ) ) ;
#446 = ORIENTED_EDGE ( 'NONE', *, *, #7036, .T. ) ;
#447 = EDGE_CURVE ( 'NONE', #3852, #5346, #2981, .T. ) ;
#448 = CARTESIAN_POINT ( 'NONE',  ( -103.1861293549779930, 0.6449211332515840667, 267.6544379066510260 ) ) ;
#449 = CIRCLE ( 'NONE', #2450, 2.500000000000006217 ) ;
#450 = CARTESIAN_POINT ( 'NONE',  ( -49.22140366798749511, 2.898002053757379848, 137.9854218366230043 ) ) ;
#451 = CARTESIAN_POINT ( 'NONE',  ( -105.0539410357470018, 12.56645895492219900, 161.8745000000000118 ) ) ;
#452 = CARTESIAN_POINT ( 'NONE',  ( -104.8275658781830231, 13.89080364359261033, 290.8260107819049267 ) ) ;
#453 = CARTESIAN_POINT ( 'NONE',  ( -102.8536267577880068, 13.34842637373749952, 266.6544379066510260 ) ) ;
#454 = AXIS2_PLACEMENT_3D ( 'NONE', #5432, #1943, #2536 ) ;
#455 = VERTEX_POINT ( 'NONE', #1951 ) ;
#456 = CARTESIAN_POINT ( 'NONE',  ( -31.89113661583549941, -0.001000001298026020023, 149.8159981027159802 ) ) ;
#457 = B_SPLINE_CURVE_WITH_KNOTS ( 'NONE', 3,
 ( #5560, #5635, #6741, #5598, #194, #4428, #229, #7361, #2623, #2029, #6814, #1445, #5754, #5243, #3957, #5870, #2305, #2863, #5202, #5909, #3409, #974, #6347, #4693, #7632, #504, #6931, #1011, #2266, #7082, #2899, #7047, #5160, #3522, #5797, #3371, #6425, #428, #4069, #388, #468, #4658, #4622, #540, #2190, #2782, #7553, #2232, #2822, #1712, #1675, #7009, #4583, #4111, #6463, #5279, #1560, #7592, #1086, #6499, #7671, #5123, #6972, #1600, #1125, #3487, #3994, #1048, #2148, #1636, #4032, #7511, #3447, #4544, #6386, #5835, #4149, #27, #6574, #4884, #657, #1166, #7708, #1867, #4270, #69, #4845, #6102, #7278, #2464, #3560, #613, #7237, #4231, #5945, #2423, #3099 ),
 .UNSPECIFIED., .F., .F.,
 ( 4, 3, 3, 3, 3, 3, 3, 3, 3, 3, 3, 3, 3, 3, 3, 3, 3, 3, 3, 3, 3, 3, 3, 3, 3, 3, 3, 3, 3, 3, 3, 3, 4 ),
 ( 0.0000000000000000000, 0.04406505569733450145, 0.08813011139467109845, 0.1321951670920019917, 0.1762602227893319828, 0.2203252784866570058, 0.2643903341839839993, 0.3084553898813070516, 0.3525204455786289937, 0.3965855012759709752, 0.4406505569733080163, 0.4847156126706480550, 0.5287806683679699971, 0.5728457240653159754, 0.6169107797626650624, 0.6609758354599870600, 0.7064661738971230731, 0.7505312295944600587, 0.7945962852917930475, 0.8386613409891250370, 0.8827263966864610234, 0.9267914523837870178, 0.9708565080811819570, 1.014921563778570013, 1.058986619475809965, 1.103051675173129853, 1.147116730870449963, 1.191181786567800049, 1.235246842264960065, 1.279311897962309930, 1.323376953659689992, 1.367442009356949928, 1.388821250454169931 ),
 .UNSPECIFIED. ) ;
#458 = CARTESIAN_POINT ( 'NONE',  ( -105.1379581501710447, 0.6468302100716897263, 290.1787193246458401 ) ) ;
#459 = CARTESIAN_POINT ( 'NONE',  ( -83.45014360182798896, -0.001000001298026020023, 148.5251873153569875 ) ) ;
#460 = CARTESIAN_POINT ( 'NONE',  ( -94.46943780997330009, 13.00321644496600015, 149.1705927090359864 ) ) ;
#461 = VECTOR ( 'NONE', #7217, 1000.000000000000000 ) ;
#462 = CARTESIAN_POINT ( 'NONE',  ( -11.86464058371040409, 4.887466033001596877, 314.0711182862009423 ) ) ;
#463 = FACE_OUTER_BOUND ( 'NONE', #7524, .T. ) ;
#464 = ORIENTED_EDGE ( 'NONE', *, *, #5066, .F. ) ;
#465 = CARTESIAN_POINT ( 'NONE',  ( -114.0434928689719953, 13.00000000000000178, 284.0214269248496635 ) ) ;
#466 = ORIENTED_EDGE ( 'NONE', *, *, #686, .F. ) ;
#467 = CARTESIAN_POINT ( 'NONE',  ( -110.7098093730610060, 4.000000000000000000, 323.7500000000000000 ) ) ;
#468 = CARTESIAN_POINT ( 'NONE',  ( -70.93143243066239734, 0.0000000000000000000, 154.6342472442940164 ) ) ;
#469 = CARTESIAN_POINT ( 'NONE',  ( -105.0012955040210016, 13.62303811808740051, 11.50000000000000000 ) ) ;
#470 = CARTESIAN_POINT ( 'NONE',  ( -104.0725202035200141, 5.352529900889265946, 266.8318498741180633 ) ) ;
#471 = ORIENTED_EDGE ( 'NONE', *, *, #3995, .F. ) ;
#472 = CARTESIAN_POINT ( 'NONE',  ( -100.2130641889379916, 8.546828554825708579, 149.1705927090359864 ) ) ;
#473 =( LENGTH_UNIT ( ) NAMED_UNIT ( * ) SI_UNIT ( .MILLI., .METRE. ) );
#474 = CARTESIAN_POINT ( 'NONE',  ( -84.60666549651411117, 0.0000000000000000000, 138.8621256935539918 ) ) ;
#475 = CARTESIAN_POINT ( 'NONE',  ( -104.1112357124714265, 4.432329853160106303, 266.8962399116162487 ) ) ;
#476 = CARTESIAN_POINT ( 'NONE',  ( -23.28664147816969887, 0.0000000000000000000, 158.2762449403570031 ) ) ;
#477 = CIRCLE ( 'NONE', #4853, 1.000000000000000888 ) ;
#478 = CARTESIAN_POINT ( 'NONE',  ( -33.26191665962859645, 2.695055787373860312, 149.4709306203889980 ) ) ;
#479 = EDGE_LOOP ( 'NONE', ( #6510, #3954, #2429, #2872 ) ) ;
#480 = DIRECTION ( 'NONE',  ( 6.867723879941330434E-15, 0.0000000000000000000, 1.000000000000000000 ) ) ;
#481 = CARTESIAN_POINT ( 'NONE',  ( -4.000000000000000000, 4.000000000000000000, 323.7500000000000000 ) ) ;
#482 = VERTEX_POINT ( 'NONE', #3020 ) ;
#483 = CARTESIAN_POINT ( 'NONE',  ( -50.51339109151800244, 0.0000000000000000000, 138.4251756773959983 ) ) ;
#484 = CARTESIAN_POINT ( 'NONE',  ( -103.8236809045537115, 5.088000384334598003, 292.3134003584966649 ) ) ;
#485 = EDGE_CURVE ( 'NONE', #4122, #6194, #7202, .T. ) ;
#486 = FACE_OUTER_BOUND ( 'NONE', #7433, .T. ) ;
#487 = EDGE_CURVE ( 'NONE', #1219, #217, #2428, .T. ) ;
#488 = CARTESIAN_POINT ( 'NONE',  ( -50.47315247994809795, 2.913917565933410003, 144.6141754530509900 ) ) ;
#489 = CARTESIAN_POINT ( 'NONE',  ( -8.932313916646210217, 8.601221662346430819, 312.2490000000000236 ) ) ;
#490 = FACE_OUTER_BOUND ( 'NONE', #4473, .T. ) ;
#491 = EDGE_LOOP ( 'NONE', ( #3308, #7235, #5637, #3013 ) ) ;
#492 = CARTESIAN_POINT ( 'NONE',  ( -104.4659382293722132, 5.917494285535718213, 266.5908531934713892 ) ) ;
#493 = CARTESIAN_POINT ( 'NONE',  ( -113.6644701333619878, 4.972422735670600780, 279.1544379066509691 ) ) ;
#494 = CARTESIAN_POINT ( 'NONE',  ( -44.51142055936700359, 0.0000000000000000000, 146.7035152396460091 ) ) ;
#495 = LINE ( 'NONE', #6491, #3911 ) ;
#496 = CARTESIAN_POINT ( 'NONE',  ( -111.6656410625901401, 3.995356370322069139, 318.7500000000000000 ) ) ;
#497 = AXIS2_PLACEMENT_3D ( 'NONE', #4016, #290, #5659 ) ;
#498 = CARTESIAN_POINT ( 'NONE',  ( -105.2168818032743332, 8.253136742829385142, 284.1544567815141136 ) ) ;
#499 = ORIENTED_EDGE ( 'NONE', *, *, #1194, .T. ) ;
#500 = CARTESIAN_POINT ( 'NONE',  ( -40.12782488635660627, 0.5832440293598137870, 291.2431543194809365 ) ) ;
#501 = CARTESIAN_POINT ( 'NONE',  ( -113.0593757174450076, 0.02085087245396789746, 319.8598843596950019 ) ) ;
#502 = ORIENTED_EDGE ( 'NONE', *, *, #12, .T. ) ;
#503 = CARTESIAN_POINT ( 'NONE',  ( -40.42493294204430043, 0.5835346296951550160, 290.0477666006409549 ) ) ;
#504 = CARTESIAN_POINT ( 'NONE',  ( -70.62821159751119637, 0.0000000000000000000, 152.6218122098430001 ) ) ;
#505 = CARTESIAN_POINT ( 'NONE',  ( -105.3267298346460024, 3.611451094724710043, 11.50000000000000000 ) ) ;
#506 = CARTESIAN_POINT ( 'NONE',  ( -102.8396471875200007, 2.579743817263000061, 265.6544379066509691 ) ) ;
#507 = ORIENTED_EDGE ( 'NONE', *, *, #2687, .F. ) ;
#508 = CARTESIAN_POINT ( 'NONE',  ( -40.34439129794160550, 0.5834558521987920354, 268.6145764364069919 ) ) ;
#509 = APPROVAL_DATE_TIME ( #7637, #6227 ) ;
#510 = CARTESIAN_POINT ( 'NONE',  ( -105.1978088487350078, 9.583333864162250748, 11.50000000000000000 ) ) ;
#511 = CYLINDRICAL_SURFACE ( 'NONE', #270, 4.999999999999998224 ) ;
#512 = CARTESIAN_POINT ( 'NONE',  ( -36.56022113733430245, 2.736997364315230108, 149.1788033364279897 ) ) ;
#513 = VERTEX_POINT ( 'NONE', #4852 ) ;
#514 = CARTESIAN_POINT ( 'NONE',  ( -113.4721214829950071, 8.443556926171758903, 283.1285577112900569 ) ) ;
#515 = LINE ( 'NONE', #4672, #2759 ) ;
#516 = VERTEX_POINT ( 'NONE', #6738 ) ;
#517 = CARTESIAN_POINT ( 'NONE',  ( -51.56169837094130060, 0.0000000000000000000, 140.7856792499940184 ) ) ;
#518 = CARTESIAN_POINT ( 'NONE',  ( -86.63312674368779653, -0.001000001298026020023, 146.3249479373060069 ) ) ;
#519 = CARTESIAN_POINT ( 'NONE',  ( -104.1883581734750805, 0.6459014097033209945, 266.9164405787229271 ) ) ;
#520 = CARTESIAN_POINT ( 'NONE',  ( -51.10500778115880394, 2.921952722381579992, 138.8655630507909962 ) ) ;
#521 = CARTESIAN_POINT ( 'NONE',  ( -90.65225311458159752, 3.424846401434249898, 138.2658855486219807 ) ) ;
#522 = CARTESIAN_POINT ( 'NONE',  ( -102.6665689998220756, 4.191325109810872362, 291.6512895972470005 ) ) ;
#523 = CARTESIAN_POINT ( 'NONE',  ( -106.0807419664299971, 7.603298061290479914, 283.0256431650740296 ) ) ;
#524 = VECTOR ( 'NONE', #6216, 1000.000000000000000 ) ;
#525 = ADVANCED_FACE ( 'NONE', ( #1365 ), #5993, .T. ) ;
#526 = CARTESIAN_POINT ( 'NONE',  ( -105.1715297572934418, 1.650871186990629846, 268.3442794667166140 ) ) ;
#527 = ORIENTED_EDGE ( 'NONE', *, *, #1156, .T. ) ;
#528 = CARTESIAN_POINT ( 'NONE',  ( -102.8396471875200007, 2.579743817263000061, 292.6544379066509691 ) ) ;
#529 = CARTESIAN_POINT ( 'NONE',  ( -104.7799384600349981, 0.6464800322835015933, 290.8749329649016317 ) ) ;
#530 = AXIS2_PLACEMENT_3D ( 'NONE', #2493, #3091, #141 ) ;
#531 = CARTESIAN_POINT ( 'NONE',  ( -113.7004245384669900, 2.559652184711389999, 322.4678746753589849 ) ) ;
#532 = DIRECTION ( 'NONE',  ( -0.03290756928922555086, -0.9994583992760559532, 1.375348493267649841E-07 ) ) ;
#533 = CARTESIAN_POINT ( 'NONE',  ( -13.14043907580305515, 2.783687188898554599, 311.5727640921591615 ) ) ;
#534 = CARTESIAN_POINT ( 'NONE',  ( -105.2127154621920084, 8.605880615324151606, 284.1544379066509691 ) ) ;
#535 = ORIENTED_EDGE ( 'NONE', *, *, #5022, .F. ) ;
#536 = CARTESIAN_POINT ( 'NONE',  ( -100.2766404279240078, 3.547232764980639885, 149.1705927090359864 ) ) ;
#537 = CARTESIAN_POINT ( 'NONE',  ( -104.9731719797875513, 6.622173326568775664, 290.3858945608827185 ) ) ;
#538 = ORIENTED_EDGE ( 'NONE', *, *, #7663, .F. ) ;
#539 = CARTESIAN_POINT ( 'NONE',  ( -40.50640574223969281, 0.5836143179519890367, 290.2014622174450551 ) ) ;
#540 = CARTESIAN_POINT ( 'NONE',  ( -71.05458709755770030, 0.0000000000000000000, 155.0481943123249948 ) ) ;
#541 = EDGE_CURVE ( 'NONE', #2270, #6189, #87, .T. ) ;
#542 = CYLINDRICAL_SURFACE ( 'NONE', #6582, 0.9999999999999996669 ) ;
#543 = VERTEX_POINT ( 'NONE', #523 ) ;
#544 = CARTESIAN_POINT ( 'NONE',  ( -41.14331121322869933, 0.5842372729336320347, 267.6740612164369963 ) ) ;
#545 = DIRECTION ( 'NONE',  ( 0.4994195462902418226, -0.02408561361543177029, -0.8660254037844486996 ) ) ;
#546 = CARTESIAN_POINT ( 'NONE',  ( -104.0584891438753203, 4.349684949864115246, 266.8680394579319568 ) ) ;
#547 = CARTESIAN_POINT ( 'NONE',  ( -36.21632047645820052, 2.732624379112590152, 149.1904302413040000 ) ) ;
#548 = ORIENTED_EDGE ( 'NONE', *, *, #7661, .T. ) ;
#549 = CARTESIAN_POINT ( 'NONE',  ( -113.6459308370589980, 5.502234710523370431, 281.1616320919910095 ) ) ;
#550 = CARTESIAN_POINT ( 'NONE',  ( -82.95740447583530397, 3.326995945067209970, 148.6760393268469898 ) ) ;
#551 = CARTESIAN_POINT ( 'NONE',  ( -31.73805856756690247, 2.675677254648339609, 149.9157443281069675 ) ) ;
#552 = B_SPLINE_CURVE_WITH_KNOTS ( 'NONE', 3,
 ( #720, #5503, #2529, #6643 ),
 .UNSPECIFIED., .F., .F.,
 ( 4, 4 ),
 ( 0.0000000000000000000, 7.628795045054870543E-05 ),
 .UNSPECIFIED. ) ;
#553 = ORIENTED_EDGE ( 'NONE', *, *, #3879, .F. ) ;
#554 = CARTESIAN_POINT ( 'NONE',  ( -51.39365591029899605, 0.0000000000000000000, 141.5184503379829835 ) ) ;
#555 = LINE ( 'NONE', #3466, #3670 ) ;
#556 = CARTESIAN_POINT ( 'NONE',  ( -105.1851464518889969, 1.650855100531269937, 268.3913253660110172 ) ) ;
#557 = CARTESIAN_POINT ( 'NONE',  ( -50.45259138477710081, 2.913656365552560246, 146.2119654123200121 ) ) ;
#558 = CARTESIAN_POINT ( 'NONE',  ( -91.16201028556341157, 3.431328614214870232, 143.6812818204610096 ) ) ;
#559 = LINE ( 'NONE', #1658, #6635 ) ;
#560 = CARTESIAN_POINT ( 'NONE',  ( -23.47440142040469979, 2.570594386474430060, 159.0703937198680080 ) ) ;
#561 = CARTESIAN_POINT ( 'NONE',  ( -104.3596987917360082, 0.6460689973542609321, 266.6544379066512533 ) ) ;
#562 = ORIENTED_EDGE ( 'NONE', *, *, #2512, .F. ) ;
#563 = LINE ( 'NONE', #4682, #702 ) ;
#564 = CARTESIAN_POINT ( 'NONE',  ( -112.7643120787219999, 0.0000000000000000000, 317.1279040331450005 ) ) ;
#565 = EDGE_CURVE ( 'NONE', #4728, #4158, #4794, .T. ) ;
#566 = LINE ( 'NONE', #5898, #3045 ) ;
#567 = CARTESIAN_POINT ( 'NONE',  ( -46.28082788963130412, -0.001000001298026020023, 146.3365109029739983 ) ) ;
#568 = AXIS2_PLACEMENT_3D ( 'NONE', #363, #440, #2873 ) ;
#569 = DIRECTION ( 'NONE',  ( 0.0000000000000000000, 0.0000000000000000000, -1.000000000000000000 ) ) ;
#570 = ORIENTED_EDGE ( 'NONE', *, *, #6321, .F. ) ;
#571 = CARTESIAN_POINT ( 'NONE',  ( -41.34440498179763068, 0.5844339620352678732, 291.6544379066510828 ) ) ;
#572 = CARTESIAN_POINT ( 'NONE',  ( -39.34213890066340014, 1.766904805648899845, 268.6544379066510260 ) ) ;
#573 = LINE ( 'NONE', #111, #6169 ) ;
#574 = EDGE_CURVE ( 'NONE', #3368, #3792, #3479, .T. ) ;
#575 = DIRECTION ( 'NONE',  ( 0.8662767110661238057, 0.0000000000000000000, -0.4995644701782338548 ) ) ;
#576 = ADVANCED_FACE ( 'NONE', ( #98 ), #7267, .F. ) ;
#577 = FACE_OUTER_BOUND ( 'NONE', #3114, .T. ) ;
#578 = CARTESIAN_POINT ( 'NONE',  ( -105.0282425151989827, 13.09932242070900088, 11.50000000000000000 ) ) ;
#579 = CARTESIAN_POINT ( 'NONE',  ( -104.3402969752679752, 5.718251714428850718, 266.4304542911968952 ) ) ;
#580 = ADVANCED_FACE ( 'NONE', ( #3002 ), #1109, .F. ) ;
#581 = VERTEX_POINT ( 'NONE', #7105 ) ;
#582 = CARTESIAN_POINT ( 'NONE',  ( -84.96745130579120087, 3.352556938183300250, 146.6030590444700294 ) ) ;
#583 = CARTESIAN_POINT ( 'NONE',  ( -84.48668985878619253, 0.0000000000000000000, 142.3329749886829916 ) ) ;
#584 = EDGE_CURVE ( 'NONE', #6648, #7424, #7182, .T. ) ;
#585 = CARTESIAN_POINT ( 'NONE',  ( -104.4989554754439922, 5.162408439308241448, 267.1835285171478631 ) ) ;
#586 = CARTESIAN_POINT ( 'NONE',  ( -43.66533371376070249, 2.827347775029030341, 139.5279871068030104 ) ) ;
#587 = ORIENTED_EDGE ( 'NONE', *, *, #2644, .T. ) ;
#588 = DIRECTION ( 'NONE',  ( 0.0000000000000000000, 0.0000000000000000000, 1.000000000000000000 ) ) ;
#589 = CARTESIAN_POINT ( 'NONE',  ( -77.89744814321591093, 3.262652783558460001, 149.1705927090359864 ) ) ;
#590 = CARTESIAN_POINT ( 'NONE',  ( -93.49420086594589918, 3.460986425945950185, 148.7805912156520094 ) ) ;
#591 =( BOUNDED_CURVE ( )  B_SPLINE_CURVE ( 3, ( #6133, #7313, #5388, #20 ),
 .UNSPECIFIED., .F., .F. ) 
 B_SPLINE_CURVE_WITH_KNOTS ( ( 4, 4 ),
 ( 3.141592653589793116, 6.283185307179586232 ),
 .UNSPECIFIED. ) 
 CURVE ( )  GEOMETRIC_REPRESENTATION_ITEM ( )  RATIONAL_B_SPLINE_CURVE ( ( 1.000000000000000000, 0.3333333333333333703, 0.3333333333333333703, 1.000000000000000000 ) ) 
 REPRESENTATION_ITEM ( '' )  );
#592 = ORIENTED_EDGE ( 'NONE', *, *, #1672, .T. ) ;
#593 = CARTESIAN_POINT ( 'NONE',  ( -114.6668556563269874, 5.229580540268651490, 277.8729378797868890 ) ) ;
#594 = CARTESIAN_POINT ( 'NONE',  ( -101.5210130604659895, 4.223951986455779739, 312.2547533750379785 ) ) ;
#595 = CARTESIAN_POINT ( 'NONE',  ( -40.13590201878540142, 2.782466347787010186, 149.0649380474190195 ) ) ;
#596 = CARTESIAN_POINT ( 'NONE',  ( -106.0951801923218767, 6.880841939984149391, 282.7637055163865512 ) ) ;
#597 = CARTESIAN_POINT ( 'NONE',  ( -3.381266658777113854, 3.690690853316878961, 323.7019390697989252 ) ) ;
#598 = CARTESIAN_POINT ( 'NONE',  ( -51.52782537592030110, 2.927329583159739901, 140.9616609375449912 ) ) ;
#599 = CARTESIAN_POINT ( 'NONE',  ( -91.88800050401899000, 3.440560506065669877, 139.3137728122290184 ) ) ;
#600 = CARTESIAN_POINT ( 'NONE',  ( -8.913523179314580602, 8.949113843761640652, 312.2490000000000236 ) ) ;
#601 = CARTESIAN_POINT ( 'NONE',  ( -24.16155251534959802, 2.579332350198079826, 159.8085052824139893 ) ) ;
#602 = LINE ( 'NONE', #6054, #3356 ) ;
#603 = ORIENTED_EDGE ( 'NONE', *, *, #4364, .T. ) ;
#604 = LINE ( 'NONE', #2850, #5205 ) ;
#605 = CARTESIAN_POINT ( 'NONE',  ( -104.7764288194019997, 1.649644940023459849, 290.8729967152870017 ) ) ;
#606 = CARTESIAN_POINT ( 'NONE',  ( -104.8509621475850082, 13.45168003562939951, 293.8544379066510146 ) ) ;
#607 = CARTESIAN_POINT ( 'NONE',  ( -46.62792290196190237, 13.00321644496600015, 137.8609707278629912 ) ) ;
#608 = VERTEX_POINT ( 'NONE', #1147 ) ;
#609 = CARTESIAN_POINT ( 'NONE',  ( -8.997824869315030227, 7.231977029052649719, 149.1705927090359864 ) ) ;
#610 = CARTESIAN_POINT ( 'NONE',  ( -2.000000000000000000, 0.0000000000000000000, 163.9939190199029895 ) ) ;
#611 = ORIENTED_EDGE ( 'NONE', *, *, #7623, .T. ) ;
#612 = CARTESIAN_POINT ( 'NONE',  ( -88.94016535008579183, 3.403075021215750340, 137.8609707278629912 ) ) ;
#613 = CARTESIAN_POINT ( 'NONE',  ( -69.56196383526909699, 0.0000000000000000000, 160.3390245307860198 ) ) ;
#614 = CARTESIAN_POINT ( 'NONE',  ( -75.46090256479809000, 0.0000000000000000000, 149.1705927090359864 ) ) ;
#615 = DIRECTION ( 'NONE',  ( -0.9988390925805179510, 0.04817122723086519898, 0.0000000000000000000 ) ) ;
#616 = FACE_OUTER_BOUND ( 'NONE', #3761, .T. ) ;
#617 = CARTESIAN_POINT ( 'NONE',  ( -103.7398886695879980, 3.904583972029500138, 266.7339348070860297 ) ) ;
#618 = DIRECTION ( 'NONE',  ( 0.4994195462896948712, -0.02408561386069179092, -0.8660254037779427927 ) ) ;
#619 = EDGE_CURVE ( 'NONE', #7629, #5109, #3544, .T. ) ;
#620 = EDGE_LOOP ( 'NONE', ( #6343, #2818, #2737, #7367 ) ) ;
#621 = CARTESIAN_POINT ( 'NONE',  ( -103.7466832482229933, 8.663174019773320467, 314.7490000063487514 ) ) ;
#622 = AXIS2_PLACEMENT_3D ( 'NONE', #5627, #378, #2771 ) ;
#623 = CARTESIAN_POINT ( 'NONE',  ( -85.05356919597329579, 0.0000000000000000000, 146.2486208507320100 ) ) ;
#624 = DIRECTION ( 'NONE',  ( 0.8662767110661351300, 0.0000000000000000000, 0.4995644701782140373 ) ) ;
#625 = CARTESIAN_POINT ( 'NONE',  ( -41.34342688581310199, 1.584433483699279943, 266.6544379066510260 ) ) ;
#626 = ORIENTED_EDGE ( 'NONE', *, *, #771, .T. ) ;
#627 = CARTESIAN_POINT ( 'NONE',  ( -114.6574044633139948, 5.424691668194038918, 280.9252557794806648 ) ) ;
#628 = CARTESIAN_POINT ( 'NONE',  ( -71.52712895874239507, 3.181645945607000314, 156.5138448397860031 ) ) ;
#629 = CARTESIAN_POINT ( 'NONE',  ( -92.57156071898809557, 3.449252846289670327, 148.5251873153569875 ) ) ;
#630 = EDGE_CURVE ( 'NONE', #543, #5849, #1974, .T. ) ;
#631 = ORIENTED_EDGE ( 'NONE', *, *, #3425, .F. ) ;
#632 = DIRECTION ( 'NONE',  ( 0.0000000000000000000, -1.000000000000000000, 0.0000000000000000000 ) ) ;
#633 = B_SPLINE_CURVE_WITH_KNOTS ( 'NONE', 3,
 ( #5669, #7504, #3987, #7546 ),
 .UNSPECIFIED., .F., .F.,
 ( 4, 4 ),
 ( 0.0000000000000000000, 0.0001549583579972040005 ),
 .UNSPECIFIED. ) ;
#634 = CARTESIAN_POINT ( 'NONE',  ( -48.78673954366310284, 0.0000000000000000000, 137.9056118660979848 ) ) ;
#635 = DIRECTION ( 'NONE',  ( -0.9988390925805179510, 0.04817122723086519898, 0.0000000000000000000 ) ) ;
#636 = CARTESIAN_POINT ( 'NONE',  ( -104.3320611824838693, 5.712360754571442101, 291.8795774548136137 ) ) ;
#637 = FACE_OUTER_BOUND ( 'NONE', #925, .T. ) ;
#638 = EDGE_CURVE ( 'NONE', #1533, #513, #4548, .T. ) ;
#639 = CARTESIAN_POINT ( 'NONE',  ( -51.23853588280810101, 2.923650702550080194, 147.5545744347359971 ) ) ;
#640 = CARTESIAN_POINT ( 'NONE',  ( -91.92330428745749771, 3.441009438712900437, 139.4026469377690205 ) ) ;
#641 = CARTESIAN_POINT ( 'NONE',  ( -103.8646676831470046, 4.065576583182219927, 291.5313830753589741 ) ) ;
#642 =( BOUNDED_SURFACE ( )  B_SPLINE_SURFACE ( 3, 2, ( 
 ( #1665, #4060, #6451 ),
 ( #4684, #7072, #1703 ),
 ( #6299, #6162, #2600 ),
 ( #4720, #6753, #2565 ),
 ( #5500, #1115, #4869 ),
 ( #1930, #3699, #4979 ),
 ( #7110, #5309, #1306 ),
 ( #792, #4330, #6087 ),
 ( #3159, #5537, #1345 ),
 ( #7374, #6717, #1893 ),
 ( #173, #1381, #1744 ),
 ( #4100, #2486, #531 ),
 ( #716, #3514, #3736 ),
 ( #6123, #755, #6678 ),
 ( #3195, #6490, #7696 ),
 ( #3771, #4945, #2333 ),
 ( #5897, #7263, #3120 ),
 ( #135, #2927, #1265 ),
 ( #4141, #2526, #94 ),
 ( #7341, #4908, #7304 ) ),
 .UNSPECIFIED., .F., .F., .F. ) 
 B_SPLINE_SURFACE_WITH_KNOTS ( ( 4, 2, 2, 2, 2, 2, 2, 2, 2, 4 ),
 ( 3, 3 ),
 ( 0.0000000000000000000, 0.0004799641762786130048, 0.0007199462644179200222, 0.0009599283525572260096, 0.001199910440696530045, 0.001439892528835840044, 0.001919856705114449851, 0.002399820881393070066, 0.002879785057671680089, 0.003839713410228910110 ),
 ( 0.0000000000000000000, 1.000000000000000000 ),
 .UNSPECIFIED. ) 
 GEOMETRIC_REPRESENTATION_ITEM ( )  RATIONAL_B_SPLINE_SURFACE ( (
 ( 1.000000000000000000, 0.7008090614130749740, 1.000000000000000000),
 ( 1.000000000000000000, 0.7007906210057289753, 1.000000000000000000),
 ( 1.000000000000000000, 0.7080165146605099658, 1.000000000000000000),
 ( 1.000000000000000000, 0.7270029034473349805, 1.000000000000000000),
 ( 1.000000000000000000, 0.7346439130386980265, 1.000000000000000000),
 ( 1.000000000000000000, 0.7514246397565870206, 1.000000000000000000),
 ( 1.000000000000000000, 0.7606124743840020352, 1.000000000000000000),
 ( 1.000000000000000000, 0.7799544311731378965, 1.000000000000000000),
 ( 1.000000000000000000, 0.7901313933044400439, 1.000000000000000000),
 ( 1.000000000000000000, 0.8104231272441430045, 1.000000000000000000),
 ( 1.000000000000000000, 0.8206040697607870360, 1.000000000000000000),
 ( 1.000000000000000000, 0.8507365830085880098, 1.000000000000000000),
 ( 1.000000000000000000, 0.8704072424780729955, 1.000000000000000000),
 ( 1.000000000000000000, 0.9060852000881400858, 1.000000000000000000),
 ( 1.000000000000000000, 0.9220617098642549525, 1.000000000000000000),
 ( 1.000000000000000000, 0.9498544995515419975, 1.000000000000000000),
 ( 1.000000000000000000, 0.9616978294209590494, 1.000000000000000000),
 ( 1.000000000000000000, 0.9903845051532239596, 1.000000000000000000),
 ( 1.000000000000000000, 0.9999535776358450256, 1.000000000000000000),
 ( 1.000000000000000000, 1.000000000000000000, 1.000000000000000000) ) ) 
 REPRESENTATION_ITEM ( '' )  SURFACE ( )  );
#643 = CARTESIAN_POINT ( 'NONE',  ( -23.64192527603119842, 2.572724782454490100, 156.3522931611950071 ) ) ;
#644 = CARTESIAN_POINT ( 'NONE',  ( -104.0461810239509646, 12.96631111089940802, 266.6544379066512533 ) ) ;
#645 = ORIENTED_EDGE ( 'NONE', *, *, #630, .T. ) ;
#646 = CARTESIAN_POINT ( 'NONE',  ( -114.6118645641131195, 2.110807599820261782, 320.8490852653912953 ) ) ;
#647 = CARTESIAN_POINT ( 'NONE',  ( -92.42988756667689643, 0.0000000000000000000, 148.4323275163110054 ) ) ;
#648 = CARTESIAN_POINT ( 'NONE',  ( -64.82196981942250602, 0.0000000000000000000, 153.9658238632880227 ) ) ;
#649 = CIRCLE ( 'NONE', #5021, 6.000000000000005329 ) ;
#650 = CARTESIAN_POINT ( 'NONE',  ( -39.35636086599196659, 1.577115652067441420, 289.9588806794474181 ) ) ;
#651 = ORIENTED_EDGE ( 'NONE', *, *, #1976, .T. ) ;
#652 = FACE_OUTER_BOUND ( 'NONE', #6550, .T. ) ;
#653 = CARTESIAN_POINT ( 'NONE',  ( -104.9817563427882874, 6.662877771636115831, 290.3608252092146813 ) ) ;
#654 = AXIS2_PLACEMENT_3D ( 'NONE', #1041, #6338, #6259 ) ;
#655 = VERTEX_POINT ( 'NONE', #2786 ) ;
#656 = DIRECTION ( 'NONE',  ( 0.9999191579690124287, -0.01271524779707759387, 0.0000000000000000000 ) ) ;
#657 = CARTESIAN_POINT ( 'NONE',  ( -71.25538194058549379, 0.0000000000000000000, 159.5772181348239940 ) ) ;
#658 = CARTESIAN_POINT ( 'NONE',  ( -114.5961700310613054, 6.535466893371093100, 283.5013555082630887 ) ) ;
#659 = CARTESIAN_POINT ( 'NONE',  ( -106.0807419664299971, 7.603298061290479914, 283.0256431650740296 ) ) ;
#660 = CARTESIAN_POINT ( 'NONE',  ( -63.82103188492489920, 3.083653192048950054, 158.7679203843269988 ) ) ;
#661 = AXIS2_PLACEMENT_3D ( 'NONE', #733, #6652, #6573 ) ;
#662 = CARTESIAN_POINT ( 'NONE',  ( -9.001204309021369809, 7.154701906856015370, 314.7442027822449973 ) ) ;
#663 = CARTESIAN_POINT ( 'NONE',  ( -105.3267298346449934, 3.611451094724699828, 312.2490000000000236 ) ) ;
#664 = EDGE_LOOP ( 'NONE', ( #5050, #6059, #4175, #5940, #6497 ) ) ;
#665 = CARTESIAN_POINT ( 'NONE',  ( -51.90335113231170538, 2.932104162980259776, 148.0696227774659803 ) ) ;
#666 = CARTESIAN_POINT ( 'NONE',  ( -84.20966836181540316, 0.0000000000000000000, 141.2609636386370084 ) ) ;
#667 = CARTESIAN_POINT ( 'NONE',  ( -104.6725228417859341, 5.587118875512290472, 267.3752494757041518 ) ) ;
#668 = CARTESIAN_POINT ( 'NONE',  ( -39.83654199200530144, 1.578946550091380185, 267.3329658062480121 ) ) ;
#669 = ORIENTED_EDGE ( 'NONE', *, *, #7525, .T. ) ;
#670 = ADVANCED_FACE ( 'NONE', ( #3299 ), #1092, .T. ) ;
#671 = CARTESIAN_POINT ( 'NONE',  ( -114.4251532653740071, 9.044477096599898402, 284.1544379066509691 ) ) ;
#672 = CARTESIAN_POINT ( 'NONE',  ( -71.40869617441340722, 3.180139873006110118, 156.1440956764280088 ) ) ;
#673 = CARTESIAN_POINT ( 'NONE',  ( -106.2098146117499908, 8.744273145798889146, 275.1544379066509691 ) ) ;
#674 = ORIENTED_EDGE ( 'NONE', *, *, #3468, .T. ) ;
#675 = DIRECTION ( 'NONE',  ( 0.1214093666953637296, 0.0000000000000000000, -0.9926025214952008957 ) ) ;
#676 = CARTESIAN_POINT ( 'NONE',  ( -50.16652150674429578, 2.168404344971009831E-19, 138.2689937368930089 ) ) ;
#677 = CARTESIAN_POINT ( 'NONE',  ( -105.1452826596449910, 5.136627245513336604, 281.2667537524967543 ) ) ;
#678 = DIRECTION ( 'NONE',  ( -1.000000000000000000, 0.0000000000000000000, 0.0000000000000000000 ) ) ;
#679 = CARTESIAN_POINT ( 'NONE',  ( -1.399911478727910108, 2.700113370196926876, 322.7903431076654783 ) ) ;
#680 = LINE ( 'NONE', #3082, #6907 ) ;
#681 = LINE ( 'NONE', #4255, #2323 ) ;
#682 = CARTESIAN_POINT ( 'NONE',  ( -106.1876412163660035, 0.0000000000000000000, 319.7500000000000000 ) ) ;
#683 = CARTESIAN_POINT ( 'NONE',  ( -23.84819534141649910, 2.575347772846820149, 159.5634597006479964 ) ) ;
#684 = LINE ( 'NONE', #6091, #2855 ) ;
#685 = CARTESIAN_POINT ( 'NONE',  ( -31.89113661583549941, 13.00321644496600015, 149.8159981027159802 ) ) ;
#686 = EDGE_CURVE ( 'NONE', #3944, #6031, #901, .T. ) ;
#687 = CARTESIAN_POINT ( 'NONE',  ( -91.36486852171519502, 0.0000000000000000000, 143.0229734500580037 ) ) ;
#688 = CARTESIAN_POINT ( 'NONE',  ( -63.85061347929001130, 0.0000000000000000000, 158.8714722649469877 ) ) ;
#689 = CARTESIAN_POINT ( 'NONE',  ( -28.81324543985339659, 2.638485762380789801, 160.3952974207140016 ) ) ;
#690 = ORIENTED_EDGE ( 'NONE', *, *, #1060, .T. ) ;
#691 = CARTESIAN_POINT ( 'NONE',  ( -106.0928674035679933, 7.351874933454650041, 274.3154313336150381 ) ) ;
#692 = VERTEX_POINT ( 'NONE', #3123 ) ;
#693 = CARTESIAN_POINT ( 'NONE',  ( -105.0674858277170358, 1.650689494649864919, 290.3606347588676613 ) ) ;
#694 = CARTESIAN_POINT ( 'NONE',  ( -21.03202159389110193, 2.539536072407820200, 149.4122567870289799 ) ) ;
#695 = CARTESIAN_POINT ( 'NONE',  ( -24.11976887142849790, 0.0000000000000000000, 151.2136993292760110 ) ) ;
#696 = VECTOR ( 'NONE', #3129, 1000.000000000000000 ) ;
#697 = CARTESIAN_POINT ( 'NONE',  ( -39.40582650281069732, 1.767888935626469982, 290.1718114336690064 ) ) ;
#698 = CARTESIAN_POINT ( 'NONE',  ( -63.77359810869169365, 3.083049575671910070, 157.5929220260199770 ) ) ;
#699 = CARTESIAN_POINT ( 'NONE',  ( -9.386835301698491563, 5.360388871212644624, 314.3814180996337200 ) ) ;
#700 = CARTESIAN_POINT ( 'NONE',  ( 147.2076797634430250, 0.3998708985160850382, 291.6544379066509691 ) ) ;
#701 = CARTESIAN_POINT ( 'NONE',  ( -84.10457556455800443, 3.341584239099789855, 147.9915203197570008 ) ) ;
#702 = VECTOR ( 'NONE', #2967, 1000.000000000000000 ) ;
#703 = CARTESIAN_POINT ( 'NONE',  ( -84.76539690637109459, 0.0000000000000000000, 143.3027977135380127 ) ) ;
#704 = CARTESIAN_POINT ( 'NONE',  ( -105.0747006999149136, 7.187752183510031756, 268.3569380692323989 ) ) ;
#705 = FACE_OUTER_BOUND ( 'NONE', #2064, .T. ) ;
#706 = EDGE_LOOP ( 'NONE', ( #3565, #6155, #4863, #4434 ) ) ;
#707 = CARTESIAN_POINT ( 'NONE',  ( -114.5961836259483562, 6.531004968597318161, 274.8193614519015568 ) ) ;
#708 = CARTESIAN_POINT ( 'NONE',  ( -71.41918619864880213, 3.180273417923679791, 159.4082419829479988 ) ) ;
#709 = CARTESIAN_POINT ( 'NONE',  ( -102.1507376026347771, 3.937549135759286667, 310.6884538263246327 ) ) ;
#710 = ORIENTED_EDGE ( 'NONE', *, *, #2602, .F. ) ;
#711 = CYLINDRICAL_SURFACE ( 'NONE', #7707, 5.000000000000000888 ) ;
#712 = CARTESIAN_POINT ( 'NONE',  ( -113.3028764231297600, 12.96428213175816779, 275.1291076875441490 ) ) ;
#713 = CARTESIAN_POINT ( 'NONE',  ( -59.08293886903669545, 3.023402294461399631, 149.3256432706409953 ) ) ;
#714 = CARTESIAN_POINT ( 'NONE',  ( -104.3004775309008778, 5.666646464269141426, 291.9145815395654608 ) ) ;
#715 = CARTESIAN_POINT ( 'NONE',  ( -3.345266281393594721, 3.672672568792742176, 323.6961674043140533 ) ) ;
#716 = CARTESIAN_POINT ( 'NONE',  ( -112.1322853133719946, 1.238438764239299772, 322.6547781396229766 ) ) ;
#717 = CYLINDRICAL_SURFACE ( 'NONE', #4698, 5.000000000000002665 ) ;
#718 = CARTESIAN_POINT ( 'NONE',  ( -113.6566199777222295, 5.208926277036593611, 280.5102659421692692 ) ) ;
#719 = DIRECTION ( 'NONE',  ( -0.04817122723086530306, -0.9988390925805179510, 0.0000000000000000000 ) ) ;
#720 = CARTESIAN_POINT ( 'NONE',  ( -8.997824869314479557, 7.231977029052619521, 312.2477996882119555 ) ) ;
#721 = VECTOR ( 'NONE', #6294, 1000.000000000000000 ) ;
#722 = EDGE_CURVE ( 'NONE', #1684, #6279, #5605, .T. ) ;
#723 = DIRECTION ( 'NONE',  ( -0.01271524779707100018, -0.9999191579690125398, 0.0000000000000000000 ) ) ;
#724 = EDGE_CURVE ( 'NONE', #1821, #7291, #4644, .T. ) ;
#725 = CARTESIAN_POINT ( 'NONE',  ( -91.63626353485669540, -1.581460469754160064E-21, 147.7284299803260126 ) ) ;
#726 = CARTESIAN_POINT ( 'NONE',  ( -47.86854240939487681, 2.880796936075584291, 137.7853797220895729 ) ) ;
#727 = VECTOR ( 'NONE', #2932, 1000.000000000000000 ) ;
#728 = CARTESIAN_POINT ( 'NONE',  ( -102.7128620838600028, 8.578616674318389812, 312.2490000000000236 ) ) ;
#729 = EDGE_LOOP ( 'NONE', ( #4490, #6661, #4074, #383 ) ) ;
#730 = ADVANCED_FACE ( 'NONE', ( #5049 ), #2269, .T. ) ;
#731 = CARTESIAN_POINT ( 'NONE',  ( -38.33334646857050387, 2.759544754621710450, 268.5028721765619935 ) ) ;
#732 = ORIENTED_EDGE ( 'NONE', *, *, #619, .T. ) ;
#733 = CARTESIAN_POINT ( 'NONE',  ( -4.961418165266570313, 7.739275378388469129, 318.7500000000000000 ) ) ;
#734 = CARTESIAN_POINT ( 'NONE',  ( -43.58745934976180081, 1.928745209671879706E-21, 139.8579650245710013 ) ) ;
#735 = CARTESIAN_POINT ( 'NONE',  ( -24.48655452672759836, 0.0000000000000000000, 152.9398711416420156 ) ) ;
#736 = CARTESIAN_POINT ( 'NONE',  ( -64.42981445438839216, 3.091393946544950033, 155.3274031898760086 ) ) ;
#737 = CARTESIAN_POINT ( 'NONE',  ( -102.9221549132089990, 4.339090248370951919, 266.5961322918300311 ) ) ;
#738 = CARTESIAN_POINT ( 'NONE',  ( -105.1978088487339988, 9.583333864162199234, 312.2490000000000236 ) ) ;
#739 = CARTESIAN_POINT ( 'NONE',  ( -84.23250571409150211, 3.343210973066250258, 147.8512161530349829 ) ) ;
#740 = CARTESIAN_POINT ( 'NONE',  ( -84.72750966525040894, 0.0000000000000000000, 143.1647890342429719 ) ) ;
#741 = CARTESIAN_POINT ( 'NONE',  ( -105.0264972510926782, 6.891124710508738538, 268.1001411588852648 ) ) ;
#742 = CARTESIAN_POINT ( 'NONE',  ( -39.34343311931011300, 1.577143931131152144, 268.5181418479322133 ) ) ;
#743 = VERTEX_POINT ( 'NONE', #1169 ) ;
#744 = CARTESIAN_POINT ( 'NONE',  ( -114.6562080091114808, 5.374558678734521422, 275.7277183796408622 ) ) ;
#745 = CARTESIAN_POINT ( 'NONE',  ( -71.82473810013019033, 3.185430527756819785, 158.3925606453850037 ) ) ;
#746 = DIRECTION ( 'NONE',  ( 1.000000000000000000, 0.0000000000000000000, 0.0000000000000000000 ) ) ;
#747 = EDGE_LOOP ( 'NONE', ( #4992, #6333, #6172, #4663 ) ) ;
#748 = CARTESIAN_POINT ( 'NONE',  ( -113.6601319343990042, 5.106028148060209659, 278.1206933784489479 ) ) ;
#749 = CIRCLE ( 'NONE', #7124, 0.9999999999999996669 ) ;
#750 = CARTESIAN_POINT ( 'NONE',  ( -104.2270617866909959, 5.547676117467149837, 311.7367690658060724 ) ) ;
#751 = DIRECTION ( 'NONE',  ( 0.0000000000000000000, -1.000000000000000000, 0.0000000000000000000 ) ) ;
#752 = DIRECTION ( 'NONE',  ( 0.0000000000000000000, 0.0000000000000000000, 1.000000000000000000 ) ) ;
#753 = B_SPLINE_SURFACE_WITH_KNOTS ( 'NONE', 2, 1, ( 
 ( #7043, #3483 ),
 ( #2895, #4726 ),
 ( #5274, #1786 ) ),
 .UNSPECIFIED., .F., .F., .F.,
 ( 3, 3 ),
 ( 2, 2 ),
 ( -2.000000000000000000, -1.000000000000000000 ),
 ( 0.0000000000000000000, 1.300421644626400086 ),
 .UNSPECIFIED. ) ;
#754 = CARTESIAN_POINT ( 'NONE',  ( -22.76971949867539990, 2.561633381520850072, 149.8159981027159802 ) ) ;
#755 = CARTESIAN_POINT ( 'NONE',  ( -112.6566621800100307, 2.108091708416358401, 323.3311627999199800 ) ) ;
#756 = CARTESIAN_POINT ( 'NONE',  ( -8.997824869315030227, 7.231977029052649719, 149.1705927090359864 ) ) ;
#757 = CARTESIAN_POINT ( 'NONE',  ( -104.4185949734780223, 5.825519026368706221, 291.2279956987437686 ) ) ;
#758 = DIRECTION ( 'NONE',  ( -0.9988390925805179510, 0.04817122723086530306, 1.376085551261570829E-14 ) ) ;
#759 = CARTESIAN_POINT ( 'NONE',  ( -2.000000000000000000, 0.0000000000000000000, 323.7500000000000000 ) ) ;
#760 = CARTESIAN_POINT ( 'NONE',  ( -103.4493047644140091, 0.6451785441863677750, 291.6549634608122119 ) ) ;
#761 = CARTESIAN_POINT ( 'NONE',  ( -63.74035278384749859, 0.0000000000000000000, 158.3650063689200067 ) ) ;
#762 = EDGE_CURVE ( 'NONE', #1170, #1640, #5872, .T. ) ;
#763 = CARTESIAN_POINT ( 'NONE',  ( -29.86954638703160114, 2.651917204465589428, 160.1152435080969951 ) ) ;
#764 = VERTEX_POINT ( 'NONE', #6502 ) ;
#765 = CARTESIAN_POINT ( 'NONE',  ( -38.72696553348210102, 2.764550123213870059, 267.1490913918200363 ) ) ;
#766 = ORIENTED_EDGE ( 'NONE', *, *, #4706, .F. ) ;
#767 = CARTESIAN_POINT ( 'NONE',  ( -39.90697437869381048, 10.43186949799289920, 291.6544379066509123 ) ) ;
#768 = CARTESIAN_POINT ( 'NONE',  ( -45.29458577207149972, 2.168404344971009831E-19, 138.1491689890069949 ) ) ;
#769 = CARTESIAN_POINT ( 'NONE',  ( -24.27811483458859954, 0.0000000000000000000, 151.5634122565080020 ) ) ;
#770 = CARTESIAN_POINT ( 'NONE',  ( -64.07342560194278747, 3.086862704984129735, 156.4000116075159781 ) ) ;
#771 = EDGE_CURVE ( 'NONE', #854, #107, #4695, .T. ) ;
#772 = CARTESIAN_POINT ( 'NONE',  ( -11.66354761523609973, 5.693856030575009441, 314.4522994451569957 ) ) ;
#773 = CARTESIAN_POINT ( 'NONE',  ( 0.0000000000000000000, 0.0000000000000000000, 274.1544379066499459 ) ) ;
#774 = VECTOR ( 'NONE', #857, 1000.000000000000000 ) ;
#775 = CARTESIAN_POINT ( 'NONE',  ( -85.10615662394249625, 3.354320709194089645, 145.0209682618759928 ) ) ;
#776 = EDGE_CURVE ( 'NONE', #1540, #2902, #5602, .T. ) ;
#777 = CARTESIAN_POINT ( 'NONE',  ( -84.22198942596669724, 0.0000000000000000000, 147.8627028216200188 ) ) ;
#778 = DIRECTION ( 'NONE',  ( -0.9999877145402312761, 0.004956891022094371199, 0.0000000000000000000 ) ) ;
#779 = VECTOR ( 'NONE', #4495, 1000.000000000000000 ) ;
#780 = CARTESIAN_POINT ( 'NONE',  ( -39.54581060832640560, 1.577884159823559784, 267.7680281657349610 ) ) ;
#781 = ORIENTED_EDGE ( 'NONE', *, *, #4410, .F. ) ;
#782 = CARTESIAN_POINT ( 'NONE',  ( -31.15353253499280228, 0.0000000000000000000, 150.4027667498819767 ) ) ;
#783 = CARTESIAN_POINT ( 'NONE',  ( -71.08633225306439840, 3.176040654105680261, 155.1482175622880106 ) ) ;
#784 = CARTESIAN_POINT ( 'NONE',  ( -100.2766404279229988, 3.547232764980630115, 309.7490000000000236 ) ) ;
#785 = EDGE_LOOP ( 'NONE', ( #3673, #1097 ) ) ;
#786 = CARTESIAN_POINT ( 'NONE',  ( -114.6364524677299528, 5.835995955543018532, 276.7194831456816928 ) ) ;
#787 = VECTOR ( 'NONE', #1681, 1000.000000000000000 ) ;
#788 = CARTESIAN_POINT ( 'NONE',  ( -102.7050701735650051, 7.923974289766268164, 314.7167695589619711 ) ) ;
#789 = CARTESIAN_POINT ( 'NONE',  ( -57.12436590614699838, 2.998496530537599902, 149.0633611269460062 ) ) ;
#790 = CARTESIAN_POINT ( 'NONE',  ( -106.1143691552429829, 5.449948240014521161, 281.6077279496140022 ) ) ;
#791 = CARTESIAN_POINT ( 'NONE',  ( -103.1861293549779930, 0.6449211332515870643, 267.6544379066510260 ) ) ;
#792 = CARTESIAN_POINT ( 'NONE',  ( -112.5128532561730026, 0.4935359155903020767, 321.6803399598130113 ) ) ;
#793 = CARTESIAN_POINT ( 'NONE',  ( -104.1671000323240008, 0.6458806171909640126, 289.8523713938000128 ) ) ;
#794 = CARTESIAN_POINT ( 'NONE',  ( -103.8445873890100728, 5.103800229344316541, 292.3082128458580087 ) ) ;
#795 = CARTESIAN_POINT ( 'NONE',  ( -105.2169884363109986, 8.244108641336039156, 274.1544379113619812 ) ) ;
#796 = CARTESIAN_POINT ( 'NONE',  ( -105.0395429683765940, 6.964917485727573521, 290.1536040992568246 ) ) ;
#797 = CARTESIAN_POINT ( 'NONE',  ( -91.03833238152589047, 0.0000000000000000000, 146.7115071083190116 ) ) ;
#798 = CARTESIAN_POINT ( 'NONE',  ( -64.56435855159500647, 0.0000000000000000000, 154.9097377447779706 ) ) ;
#799 = DIRECTION ( 'NONE',  ( -0.04817122723086569858, -0.9988390925805179510, 0.0000000000000000000 ) ) ;
#800 = CARTESIAN_POINT ( 'NONE',  ( -1.282084449473379850, 0.1332924004247849903, 318.7499999999959641 ) ) ;
#801 = EDGE_LOOP ( 'NONE', ( #4498, #426, #4324, #2539 ) ) ;
#802 = CARTESIAN_POINT ( 'NONE',  ( -40.55325263081459752, 2.787773693645660522, 265.7499749847910380 ) ) ;
#803 = EDGE_LOOP ( 'NONE', ( #3133, #471, #7385, #2833, #6226, #1756, #6840, #7184, #4506 ) ) ;
#804 = CARTESIAN_POINT ( 'NONE',  ( -37.44383207444760586, 0.0000000000000000000, 149.1705927090359864 ) ) ;
#805 = CARTESIAN_POINT ( 'NONE',  ( -44.20483323683010468, 0.0000000000000000000, 142.9824471219000088 ) ) ;
#806 = CARTESIAN_POINT ( 'NONE',  ( -24.16554718499100218, 0.0000000000000000000, 154.6969012084159658 ) ) ;
#807 = CARTESIAN_POINT ( 'NONE',  ( -64.85056329106980400, 3.096744997361090324, 153.8209011899189704 ) ) ;
#808 = CARTESIAN_POINT ( 'NONE',  ( -106.1171765589575244, 5.115003967788741335, 277.2037616073838535 ) ) ;
#809 = ORIENTED_EDGE ( 'NONE', *, *, #6183, .T. ) ;
#810 = CARTESIAN_POINT ( 'NONE',  ( -86.23647673411649350, 3.368693208844469655, 138.0281635058910013 ) ) ;
#811 = EDGE_CURVE ( 'NONE', #1673, #743, #4108, .T. ) ;
#812 = CARTESIAN_POINT ( 'NONE',  ( -84.12539714880240638, 0.0000000000000000000, 147.9677807248349950 ) ) ;
#813 = B_SPLINE_CURVE_WITH_KNOTS ( 'NONE', 3,
 ( #5017, #7410, #2044, #1457, #7641, #3016, #658, #70, #2275, #4232, #4668, #1645, #4043, #5394, #6576, #5437, #4554, #3061 ),
 .UNSPECIFIED., .F., .F.,
 ( 4, 2, 2, 2, 2, 2, 2, 2, 4 ),
 ( 0.0000000000000000000, 0.1250000000000000000, 0.2500000000000000000, 0.3750000000000000000, 0.5000000000000000000, 0.6250000000000000000, 0.7500000000000000000, 0.8750000000000000000, 1.000000000000000000 ),
 .UNSPECIFIED. ) ;
#814 = ORGANIZATION ( 'UNSPECIFIED', 'UNSPECIFIED', '' ) ;
#815 = ADVANCED_FACE ( 'NONE', ( #7121 ), #2099, .T. ) ;
#816 = CARTESIAN_POINT ( 'NONE',  ( 147.2336424160740194, 0.3996273002015879872, 289.6544379066509691 ) ) ;
#817 = CARTESIAN_POINT ( 'NONE',  ( -106.1002276848409878, 6.590198166017729342, 275.6947549192719862 ) ) ;
#818 = ORIENTED_EDGE ( 'NONE', *, *, #2065, .F. ) ;
#819 = CARTESIAN_POINT ( 'NONE',  ( -30.28272918417669857, 0.0000000000000000000, 151.8694802028649917 ) ) ;
#820 = CARTESIAN_POINT ( 'NONE',  ( -71.06522269959280891, 3.175772320444199881, 151.0802130484559882 ) ) ;
#821 = ADVANCED_FACE ( 'NONE', ( #2193 ), #1942, .T. ) ;
#822 = CARTESIAN_POINT ( 'NONE',  ( -101.5441377261644220, 3.726477539582726095, 310.3837605796780394 ) ) ;
#823 = CIRCLE ( 'NONE', #6709, 1.000000000000002665 ) ;
#824 = ORIENTED_EDGE ( 'NONE', *, *, #6721, .T. ) ;
#825 = FACE_OUTER_BOUND ( 'NONE', #7516, .T. ) ;
#826 = ADVANCED_FACE ( 'NONE', ( #152 ), #5743, .F. ) ;
#827 = CARTESIAN_POINT ( 'NONE',  ( -28.25974124693320277, 13.00321644496600015, 160.4802146902100048 ) ) ;
#828 = CARTESIAN_POINT ( 'NONE',  ( -106.0895508151750022, 7.189616847642380293, 282.9004859567279482 ) ) ;
#829 = B_SPLINE_CURVE_WITH_KNOTS ( 'NONE', 3,
 ( #4308, #3015, #7158, #1202, #6023, #5436, #2977, #3715, #6653, #1279, #3597, #3677, #5393, #6063, #2501, #694, #5478, #5356, #4768, #7743, #2380, #112, #1753, #1789, #7119 ),
 .UNSPECIFIED., .F., .F.,
 ( 4, 3, 3, 3, 3, 3, 3, 3, 4 ),
 ( 0.0000000000000000000, 0.09789170151363829619, 0.2064242866710080115, 0.2909421482424779937, 0.3149568718283770052, 0.3740720758096340304, 0.4599787085138970499, 0.5130516500169469696, 0.5458853412181610132 ),
 .UNSPECIFIED. ) ;
#830 = CARTESIAN_POINT ( 'NONE',  ( -2.000000000000000000, 0.0000000000000000000, 317.5190985932529770 ) ) ;
#831 = CARTESIAN_POINT ( 'NONE',  ( -104.1055961997640082, 0.6458204605104989060, 268.2611103990880110 ) ) ;
#832 = CIRCLE ( 'NONE', #2708, 1.000000000000000666 ) ;
#833 = CARTESIAN_POINT ( 'NONE',  ( -43.65478807283369633, 2.827213541528199592, 148.0083107859219922 ) ) ;
#834 = CARTESIAN_POINT ( 'NONE',  ( -104.1365230952429926, 0.6458507099972869980, 289.9679985768460142 ) ) ;
#835 = CARTESIAN_POINT ( 'NONE',  ( -39.11456060040960381, 9.718927587920520139, 264.4544379066509805 ) ) ;
#836 = CARTESIAN_POINT ( 'NONE',  ( -104.7798617656117131, 5.897815439796130654, 290.7823960975886735 ) ) ;
#837 = ADVANCED_BREP_SHAPE_REPRESENTATION ( 'left', ( #2173, #4070 ), #4576 ) ;
#838 = CARTESIAN_POINT ( 'NONE',  ( -91.03311234122298856, 0.0000000000000000000, 138.4491402305500003 ) ) ;
#839 = CARTESIAN_POINT ( 'NONE',  ( -72.67597840614179461, 3.196255531625709967, 149.7102371408380179 ) ) ;
#840 = DIRECTION ( 'NONE',  ( 1.000000000000000000, 0.0000000000000000000, 0.0000000000000000000 ) ) ;
#841 = CARTESIAN_POINT ( 'NONE',  ( -30.40860237945160094, 2.658771441178440220, 151.4855181932690016 ) ) ;
#842 = VECTOR ( 'NONE', #2367, 1000.000000000000114 ) ;
#843 = CARTESIAN_POINT ( 'NONE',  ( -105.1679960305269930, 3.597055365082849843, 279.1544379066489796 ) ) ;
#844 =( BOUNDED_SURFACE ( )  B_SPLINE_SURFACE ( 3, 2, ( 
 ( #4707, #995, #673 ),
 ( #1764, #1802, #3394 ),
 ( #3074, #4862, #7173 ),
 ( #4820, #5451, #86 ) ),
 .UNSPECIFIED., .F., .F., .F. ) 
 B_SPLINE_SURFACE_WITH_KNOTS ( ( 4, 4 ),
 ( 3, 3 ),
 ( 3.469446951953609952E-18, 0.003873560822281150139 ),
 ( 0.0000000000000000000, 1.000000000000000000 ),
 .UNSPECIFIED. ) 
 GEOMETRIC_REPRESENTATION_ITEM ( )  RATIONAL_B_SPLINE_SURFACE ( (
 ( 1.000000000000000000, 0.7071067811865480168, 1.000000000000000000),
 ( 1.000000000000000000, 0.7071067811865480168, 1.000000000000000000),
 ( 1.000000000000000000, 0.7071067811865480168, 1.000000000000000000),
 ( 1.000000000000000000, 0.7071067811865480168, 1.000000000000000000) ) ) 
 REPRESENTATION_ITEM ( '' )  SURFACE ( )  );
#845 = ORIENTED_EDGE ( 'NONE', *, *, #2607, .F. ) ;
#846 = CARTESIAN_POINT ( 'NONE',  ( -104.9243078889368945, 6.872244516908301293, 267.4617044537020547 ) ) ;
#847 = CARTESIAN_POINT ( 'NONE',  ( -39.07972058494019763, 10.38779386146219963, 289.6544379066509691 ) ) ;
#848 = CIRCLE ( 'NONE', #2860, 5.000000000000004441 ) ;
#849 = CARTESIAN_POINT ( 'NONE',  ( -5.366071086144319935, 0.0000000000000000000, 325.6956607797320089 ) ) ;
#850 = CARTESIAN_POINT ( 'NONE',  ( -112.7643120787219999, 0.0000000000000000000, 317.1279040331450005 ) ) ;
#851 = CARTESIAN_POINT ( 'NONE',  ( -24.45602957325230165, 0.0000000000000000000, 153.3362707761009744 ) ) ;
#852 = CYLINDRICAL_SURFACE ( 'NONE', #6203, 4.000000000000003553 ) ;
#853 = CARTESIAN_POINT ( 'NONE',  ( -106.1062033217206562, 6.180003618068408144, 275.9762444019917780 ) ) ;
#854 = VERTEX_POINT ( 'NONE', #4348 ) ;
#855 = CARTESIAN_POINT ( 'NONE',  ( -84.55175622207599417, 3.347270800391600076, 142.5585342537220015 ) ) ;
#856 = CARTESIAN_POINT ( 'NONE',  ( -84.40662586649509080, -1.610643562813590006E-21, 147.6501356126559870 ) ) ;
#857 = DIRECTION ( 'NONE',  ( -0.9988390925805179510, 0.04817122723086530306, 1.627785756950949994E-15 ) ) ;
#858 = CARTESIAN_POINT ( 'NONE',  ( -92.57156071898809557, -0.001000001298026020023, 148.5251873153569875 ) ) ;
#859 = ORIENTED_EDGE ( 'NONE', *, *, #3369, .F. ) ;
#860 = CARTESIAN_POINT ( 'NONE',  ( -31.37566943384229745, 1.961376081610070423E-21, 158.3399170880769873 ) ) ;
#861 = EDGE_CURVE ( 'NONE', #1533, #6262, #1912, .T. ) ;
#862 = CARTESIAN_POINT ( 'NONE',  ( -102.5605750235399825, 4.131246602490157294, 310.8943672527345257 ) ) ;
#863 = CARTESIAN_POINT ( 'NONE',  ( -1.985524089387679769, 2.992762044695270518, 323.2451455579200115 ) ) ;
#864 = ORIENTED_EDGE ( 'NONE', *, *, #771, .F. ) ;
#865 = CARTESIAN_POINT ( 'NONE',  ( -114.4670031185419958, 8.515018530863159185, 275.1504108657241545 ) ) ;
#866 = LINE ( 'NONE', #2041, #4833 ) ;
#867 = CARTESIAN_POINT ( 'NONE',  ( -111.3417334999625439, 2.777375434052001157, 323.5586302320550089 ) ) ;
#868 = ADVANCED_FACE ( 'NONE', ( #5440 ), #4811, .T. ) ;
#869 = CARTESIAN_POINT ( 'NONE',  ( -39.82641583857170531, 2.778531036534770404, 267.3345941832528752 ) ) ;
#870 = CYLINDRICAL_SURFACE ( 'NONE', #6665, 2.200000000000000178 ) ;
#871 = CARTESIAN_POINT ( 'NONE',  ( -43.56443456812979775, 2.826064713664529826, 140.2510683656340120 ) ) ;
#872 = ORIENTED_EDGE ( 'NONE', *, *, #4691, .T. ) ;
#873 = PLANE ( 'NONE',  #4451 ) ;
#874 = CARTESIAN_POINT ( 'NONE',  ( -106.1679157985900019, 3.609722544599410110, 279.1544379066509691 ) ) ;
#875 = AXIS2_PLACEMENT_3D ( 'NONE', #1686, #6588, #4084 ) ;
#876 = CARTESIAN_POINT ( 'NONE',  ( -58.21894507059620594, -0.001000001298026020023, 149.1705927090359864 ) ) ;
#877 = CARTESIAN_POINT ( 'NONE',  ( -114.4251532653740071, 9.044477096599898402, 274.1544379066509691 ) ) ;
#878 = ADVANCED_FACE ( 'NONE', ( #3681 ), #3302, .F. ) ;
#879 = DIRECTION ( 'NONE',  ( -0.9994584098283719742, 0.03290724879630710364, -2.411082553595386697E-12 ) ) ;
#880 = CARTESIAN_POINT ( 'NONE',  ( -73.05503800470191322, 3.201076304665019912, 149.6091832201080081 ) ) ;
#881 = DIRECTION ( 'NONE',  ( -0.04817122723086530306, -0.9988390925805179510, 0.0000000000000000000 ) ) ;
#882 = CARTESIAN_POINT ( 'NONE',  ( -30.85077332357039737, 2.664394097042329879, 155.8184481319299834 ) ) ;
#883 = CARTESIAN_POINT ( 'NONE',  ( -105.1390659873789986, 5.386231344451350544, 275.3065540594779463 ) ) ;
#884 = ORIENTED_EDGE ( 'NONE', *, *, #4521, .T. ) ;
#885 = DIRECTION ( 'NONE',  ( 0.04817122723086530306, 0.9988390925805179510, 0.0000000000000000000 ) ) ;
#886 = CARTESIAN_POINT ( 'NONE',  ( -113.6049354005758261, 6.405131597474679417, 276.0852092566016154 ) ) ;
#887 = CARTESIAN_POINT ( 'NONE',  ( -43.82697807631929976, 0.0000000000000000000, 141.7426367492350039 ) ) ;
#888 = CARTESIAN_POINT ( 'NONE',  ( -68.09535044377909685, 3.138006605728786091, 160.5558056959834516 ) ) ;
#889 = CARTESIAN_POINT ( 'NONE',  ( -77.89744814321591093, -0.001000001298026020023, 149.1705927090359864 ) ) ;
#890 = CARTESIAN_POINT ( 'NONE',  ( -13.08233881945859878, 2.501375827712370103, 310.7225663931961321 ) ) ;
#891 = ORIENTED_EDGE ( 'NONE', *, *, #392, .F. ) ;
#892 = CARTESIAN_POINT ( 'NONE',  ( -84.22719491654218871, 3.343142692936559968, 141.3558875837780135 ) ) ;
#893 = VERTEX_POINT ( 'NONE', #303 ) ;
#894 = CARTESIAN_POINT ( 'NONE',  ( -41.03083241552229765, 0.5841272578206400112, 290.6048220871520016 ) ) ;
#895 = DIRECTION ( 'NONE',  ( -0.8700220962572935424, 0.4930127300831743664, 0.0000000000000000000 ) ) ;
#896 = CARTESIAN_POINT ( 'NONE',  ( -105.1492175397669655, 4.925694627112592094, 277.4295377318837836 ) ) ;
#897 = ORIENTED_EDGE ( 'NONE', *, *, #4893, .T. ) ;
#898 = CARTESIAN_POINT ( 'NONE',  ( -30.21425623517329839, 0.0000000000000000000, 153.4094597856330040 ) ) ;
#899 = VECTOR ( 'NONE', #4189, 1000.000000000000114 ) ;
#900 = DIRECTION ( 'NONE',  ( -1.000000000000000000, 0.0000000000000000000, 0.0000000000000000000 ) ) ;
#901 = LINE ( 'NONE', #6090, #216 ) ;
#902 = EDGE_LOOP ( 'NONE', ( #5434, #7712, #2795, #3095 ) ) ;
#903 = CARTESIAN_POINT ( 'NONE',  ( -8.996716895020560045, 7.257312249201340215, 312.2485979940220204 ) ) ;
#904 = CARTESIAN_POINT ( 'NONE',  ( -104.9777964031960096, 6.996209651591379419, 312.1213152600209924 ) ) ;
#905 = CARTESIAN_POINT ( 'NONE',  ( -112.4618540662959703, 0.5934786400780500681, 321.8466191414208311 ) ) ;
#906 = AXIS2_PLACEMENT_3D ( 'NONE', #5104, #251, #5183 ) ;
#907 = EDGE_CURVE ( 'NONE', #4920, #5090, #2801, .T. ) ;
#908 = CARTESIAN_POINT ( 'NONE',  ( -1.753847770938297135, -1.142291224747852159E-13, 317.9449518096342331 ) ) ;
#909 = CARTESIAN_POINT ( 'NONE',  ( -103.5582934298260085, 0.6452851456128859686, 267.7262000383000213 ) ) ;
#910 = CARTESIAN_POINT ( 'NONE',  ( -43.61062059775740352, 2.826652226629219999, 139.7401954121390020 ) ) ;
#911 = ORIENTED_EDGE ( 'NONE', *, *, #1356, .T. ) ;
#912 = CARTESIAN_POINT ( 'NONE',  ( -103.7675075220539895, 0.6454897771742740265, 290.4689761049260142 ) ) ;
#913 = PLANE ( 'NONE',  #5755 ) ;
#914 = AXIS2_PLACEMENT_3D ( 'NONE', #4363, #170, #4866 ) ;
#915 = DIRECTION ( 'NONE',  ( -1.377684915902150164E-14, 0.0000000000000000000, -1.000000000000000000 ) ) ;
#916 = CARTESIAN_POINT ( 'NONE',  ( -104.3215599839213041, 4.799803856658072299, 291.2752146662565451 ) ) ;
#917 = B_SPLINE_CURVE_WITH_KNOTS ( 'NONE', 3,
 ( #2141, #6884, #7465, #4536, #6300, #3324, #1592, #1477, #6924, #5074, #3285, #3867, #5114, #5708, #3362, #6376, #4024, #3440, #5747, #7584, #380 ),
 .UNSPECIFIED., .F., .F.,
 ( 4, 2, 2, 2, 2, 2, 2, 1, 1, 1, 2, 4 ),
 ( 0.0000000000000000000, 0.1234646330919301482, 0.1851969496378945146, 0.2160631079108759900, 0.2469292661838574654, 0.3703938992757711546, 0.4321262158217253346, 0.4629923740947022859, 0.4784254532311937314, 0.4861419927994393708, 0.4900002625835607195, 0.4938585323676820127 ),
 .UNSPECIFIED. ) ;
#918 = DIRECTION ( 'NONE',  ( -2.410132455209385337E-12, 7.014113363303170373E-14, 1.000000000000000000 ) ) ;
#919 = CARTESIAN_POINT ( 'NONE',  ( -72.50774055896739867, 3.194115775400010016, 149.7605713030999937 ) ) ;
#920 = LINE ( 'NONE', #451, #7750 ) ;
#921 = CARTESIAN_POINT ( 'NONE',  ( -31.20757073513980018, 2.668931425059130280, 159.0262830695789944 ) ) ;
#922 = CARTESIAN_POINT ( 'NONE',  ( -24.44291609324749714, 2.582910210896159686, 152.1601234187710361 ) ) ;
#923 = EDGE_CURVE ( 'NONE', #4038, #1509, #5078, .T. ) ;
#924 = DIRECTION ( 'NONE',  ( -0.9988391055276487629, 0.04817095876901868884, 0.0000000000000000000 ) ) ;
#925 = EDGE_LOOP ( 'NONE', ( #527, #6419, #5007, #7316, #4670, #2202 ) ) ;
#926 = CARTESIAN_POINT ( 'NONE',  ( -105.1105246850823107, 7.539126740731405540, 268.4929583926192436 ) ) ;
#927 = EDGE_CURVE ( 'NONE', #1861, #1025, #3656, .T. ) ;
#928 = CARTESIAN_POINT ( 'NONE',  ( -39.34343311930970088, 1.577143931193280002, 268.6544379066510260 ) ) ;
#929 = CARTESIAN_POINT ( 'NONE',  ( -44.40573807553749930, 0.0000000000000000000, 143.6727912600950106 ) ) ;
#930 = CARTESIAN_POINT ( 'NONE',  ( -64.93554963756679399, 13.00321644496600015, 155.4866532908079932 ) ) ;
#931 = CARTESIAN_POINT ( 'NONE',  ( -12.54514592739540113, 3.417458281868500425, 312.7471352841549788 ) ) ;
#932 = ORIENTED_EDGE ( 'NONE', *, *, #3182, .F. ) ;
#933 = CARTESIAN_POINT ( 'NONE',  ( -85.05312969923309652, 3.353646403809260601, 144.5470942849680114 ) ) ;
#934 = ORIENTED_EDGE ( 'NONE', *, *, #6379, .F. ) ;
#935 = CARTESIAN_POINT ( 'NONE',  ( -105.1583553035819989, 4.298716912459900286, 281.7716332231910314 ) ) ;
#936 = CYLINDRICAL_SURFACE ( 'NONE', #6030, 1.000000000000002887 ) ;
#937 = CARTESIAN_POINT ( 'NONE',  ( -105.2159530889660743, 8.331766386556996196, 283.1575831025799630 ) ) ;
#938 = CARTESIAN_POINT ( 'NONE',  ( -30.89252490244899718, 0.0000000000000000000, 159.4880750005719960 ) ) ;
#939 = CARTESIAN_POINT ( 'NONE',  ( -4.336808689942016750E-16, 4.336808689942016750E-16, 319.7500000000003411 ) ) ;
#940 = ORIENTED_EDGE ( 'NONE', *, *, #2458, .F. ) ;
#941 = CARTESIAN_POINT ( 'NONE',  ( -41.21360834586400301, 0.5843060303096830888, 290.6544378844769767 ) ) ;
#942 = PRODUCT_DEFINITION_FORMATION_WITH_SPECIFIED_SOURCE ( 'ANY', '', #3757, .NOT_KNOWN. ) ;
#943 = CARTESIAN_POINT ( 'NONE',  ( -107.2605271331458425, 3.995356370322069584, 157.4754999999999256 ) ) ;
#944 = CARTESIAN_POINT ( 'NONE',  ( -111.2868474570167621, 2.883516310471428312, 323.5913205807583495 ) ) ;
#945 = CARTESIAN_POINT ( 'NONE',  ( -106.1025540380547056, 6.433794546610043241, 282.5109299341605151 ) ) ;
#946 = CARTESIAN_POINT ( 'NONE',  ( -103.3446714346709996, 0.6450762026972810537, 267.6663322160990219 ) ) ;
#947 = CARTESIAN_POINT ( 'NONE',  ( -44.65425647602130255, 2.839923189625400024, 146.1426121212920179 ) ) ;
#948 = ORIENTED_EDGE ( 'NONE', *, *, #7581, .T. ) ;
#949 = CARTESIAN_POINT ( 'NONE',  ( -41.34342688581310199, 1.584433483700089962, 291.6544379066509691 ) ) ;
#950 = CARTESIAN_POINT ( 'NONE',  ( -113.6181073218252777, 6.141217094065599902, 281.9809619463607078 ) ) ;
#951 = CIRCLE ( 'NONE', #6332, 253.5655412393730614 ) ;
#952 = FACE_OUTER_BOUND ( 'NONE', #3820, .T. ) ;
#953 = CARTESIAN_POINT ( 'NONE',  ( -104.0120217815755552, 4.280800182991901792, 291.4630629757626252 ) ) ;
#954 = VERTEX_POINT ( 'NONE', #6456 ) ;
#955 = VECTOR ( 'NONE', #177, 1000.000000000000000 ) ;
#956 = CARTESIAN_POINT ( 'NONE',  ( -91.90922259480208822, 0.0000000000000000000, 141.2524269064709870 ) ) ;
#957 = CARTESIAN_POINT ( 'NONE',  ( -64.91123984320790896, 0.0000000000000000000, 152.3113518269159954 ) ) ;
#958 = FACE_OUTER_BOUND ( 'NONE', #128, .T. ) ;
#959 = CARTESIAN_POINT ( 'NONE',  ( -31.37621398144669627, 2.671075939092099727, 158.2800508133379935 ) ) ;
#960 = CARTESIAN_POINT ( 'NONE',  ( -24.12261606780209888, 2.578837167701640176, 151.2070956852780057 ) ) ;
#961 = EDGE_CURVE ( 'NONE', #3338, #3928, #6174, .T. ) ;
#962 = CARTESIAN_POINT ( 'NONE',  ( -38.42498382818320124, 2.760710040560739653, 290.4304981995969683 ) ) ;
#963 = ORIENTED_EDGE ( 'NONE', *, *, #1499, .F. ) ;
#964 = CARTESIAN_POINT ( 'NONE',  ( -105.0673409786899128, 7.348438247625386666, 268.0512394759888366 ) ) ;
#965 = CARTESIAN_POINT ( 'NONE',  ( -8.646044848995710908, 3.995356370322069139, 323.7500000000000000 ) ) ;
#966 = CARTESIAN_POINT ( 'NONE',  ( -43.82485261464280057, 2.168404344971009831E-19, 147.8283774743750030 ) ) ;
#967 = CARTESIAN_POINT ( 'NONE',  ( -105.0932437651830043, 7.324441712857029607, 283.9934444796770094 ) ) ;
#968 = CARTESIAN_POINT ( 'NONE',  ( -11.52779454494880795, 6.653085849678076258, 314.6996553501106746 ) ) ;
#969 = CARTESIAN_POINT ( 'NONE',  ( -123.8713504447929949, 13.47397019599460144, 275.1544379066509691 ) ) ;
#970 = EDGE_LOOP ( 'NONE', ( #7474, #864, #161, #7334 ) ) ;
#971 = CARTESIAN_POINT ( 'NONE',  ( -8.997824869314479557, 7.231977029052619521, 312.2477996882119555 ) ) ;
#972 = ORIENTED_EDGE ( 'NONE', *, *, #1251, .T. ) ;
#973 = LINE ( 'NONE', #2898, #1415 ) ;
#974 = CARTESIAN_POINT ( 'NONE',  ( -70.68441948792310825, 0.0000000000000000000, 152.1163400725229735 ) ) ;
#975 = DIRECTION ( 'NONE',  ( 0.0000000000000000000, 0.0000000000000000000, 1.000000000000000000 ) ) ;
#976 = CARTESIAN_POINT ( 'NONE',  ( -30.17487557888799898, 0.0000000000000000000, 152.8813820142850091 ) ) ;
#977 = CARTESIAN_POINT ( 'NONE',  ( -2.493226378986369784, 0.9864527579709001515, 322.3933070074629654 ) ) ;
#978 = VERTEX_POINT ( 'NONE', #1706 ) ;
#979 = CARTESIAN_POINT ( 'NONE',  ( -40.42051171062509951, 0.5835303053043849886, 268.2717571243499606 ) ) ;
#980 = CALENDAR_DATE ( 2021, 15, 9 ) ;
#981 = CARTESIAN_POINT ( 'NONE',  ( -105.1248025713619114, 6.063398014462324959, 283.4790717911751585 ) ) ;
#982 = CARTESIAN_POINT ( 'NONE',  ( -104.0027165725953466, 4.266994841454821774, 266.8413509576748197 ) ) ;
#983 = CARTESIAN_POINT ( 'NONE',  ( -33.15638800982570444, 0.0000000000000000000, 149.3857278402630016 ) ) ;
#984 = CARTESIAN_POINT ( 'NONE',  ( -44.22458854342400514, 2.834459494010630021, 143.0454732245179912 ) ) ;
#985 = ORIENTED_EDGE ( 'NONE', *, *, #1969, .F. ) ;
#986 = CARTESIAN_POINT ( 'NONE',  ( -112.7358316877929951, 0.05595241092712800041, 320.4166997938569921 ) ) ;
#987 = CARTESIAN_POINT ( 'NONE',  ( -113.5985099478317295, 6.551579261892558570, 282.3914333075413765 ) ) ;
#988 = VERTEX_POINT ( 'NONE', #2817 ) ;
#989 = DIRECTION ( 'NONE',  ( 1.000000000000000000, 0.0000000000000000000, 0.0000000000000000000 ) ) ;
#990 = CARTESIAN_POINT ( 'NONE',  ( -103.9428890280626803, 4.178325522371656220, 291.4961305109720229 ) ) ;
#991 = VERTEX_POINT ( 'NONE', #2185 ) ;
#992 = CARTESIAN_POINT ( 'NONE',  ( -103.1711405694369859, 3.326695977282430050, 291.6544379066509691 ) ) ;
#993 = CARTESIAN_POINT ( 'NONE',  ( -64.29100886883928467, 0.0000000000000000000, 150.9885157883990132 ) ) ;
#994 = CARTESIAN_POINT ( 'NONE',  ( -40.53948519691469699, 2.787598623159039946, 292.5748332176360123 ) ) ;
#995 = CARTESIAN_POINT ( 'NONE',  ( -105.2103562079480383, 8.711365713970025126, 275.1544379066511965 ) ) ;
#996 = CARTESIAN_POINT ( 'NONE',  ( -24.42955276652459773, 2.582740279147859752, 153.5854927789270050 ) ) ;
#997 = DIRECTION ( 'NONE',  ( 0.0000000000000000000, -0.9965373674306751139, -0.08314610823327711620 ) ) ;
#998 = ORIENTED_EDGE ( 'NONE', *, *, #301, .T. ) ;
#999 = CARTESIAN_POINT ( 'NONE',  ( -105.0036769589946601, 7.114757399583445441, 267.7319464612953652 ) ) ;
#1000 = AXIS2_PLACEMENT_3D ( 'NONE', #3315, #5225, #2723 ) ;
#1001 = FACE_BOUND ( 'NONE', #2841, .T. ) ;
#1002 = ADVANCED_FACE ( 'NONE', ( #7664 ), #2226, .T. ) ;
#1003 = CARTESIAN_POINT ( 'NONE',  ( -44.65766171894089354, 0.0000000000000000000, 144.8989523565560091 ) ) ;
#1004 = LINE ( 'NONE', #3949, #4776 ) ;
#1005 = FACE_OUTER_BOUND ( 'NONE', #7243, .T. ) ;
#1006 = CARTESIAN_POINT ( 'NONE',  ( -41.34196608152250008, 1.797722342852039912, 266.6544379066510260 ) ) ;
#1007 = EDGE_LOOP ( 'NONE', ( #1748, #2982, #7604, #4580 ) ) ;
#1008 = CARTESIAN_POINT ( 'NONE',  ( -114.0180515050439567, 12.99877303388309002, 283.8937618206358025 ) ) ;
#1009 = ORIENTED_EDGE ( 'NONE', *, *, #6134, .T. ) ;
#1010 = DIRECTION ( 'NONE',  ( 0.0000000000000000000, 0.0000000000000000000, -1.000000000000000000 ) ) ;
#1011 = CARTESIAN_POINT ( 'NONE',  ( -70.62849164765628984, 0.0000000000000000000, 152.8813820142850091 ) ) ;
#1012 = CARTESIAN_POINT ( 'NONE',  ( -30.78095011027300032, 0.0000000000000000000, 155.6090487264280000 ) ) ;
#1013 = CARTESIAN_POINT ( 'NONE',  ( -105.0916533041149989, 7.311424193963260265, 268.7394649303789720 ) ) ;
#1014 = ADVANCED_FACE ( 'NONE', ( #5865 ), #6418, .F. ) ;
#1015 = ORIENTED_EDGE ( 'NONE', *, *, #1051, .T. ) ;
#1016 = CARTESIAN_POINT ( 'NONE',  ( -40.86490223813639489, 0.5839649621027870330, 267.7762067847870071 ) ) ;
#1017 = MECHANICAL_CONTEXT ( 'NONE', #5512, 'mechanical' ) ;
#1018 = FACE_OUTER_BOUND ( 'NONE', #1046, .T. ) ;
#1019 = CARTESIAN_POINT ( 'NONE',  ( -39.53654757548950727, 2.774844991748139478, 267.7693726954397562 ) ) ;
#1020 = LINE ( 'NONE', #6941, #3666 ) ;
#1021 = CARTESIAN_POINT ( 'NONE',  ( -43.85822072632100088, 2.829800542572379563, 139.1178865131369946 ) ) ;
#1022 = ORIENTED_EDGE ( 'NONE', *, *, #6718, .F. ) ;
#1023 = FACE_OUTER_BOUND ( 'NONE', #7487, .T. ) ;
#1024 = CARTESIAN_POINT ( 'NONE',  ( -113.6190228593192586, 6.121927625244414806, 281.9615184811862605 ) ) ;
#1025 = VERTEX_POINT ( 'NONE', #1043 ) ;
#1026 = AXIS2_PLACEMENT_3D ( 'NONE', #4254, #3660, #7448 ) ;
#1027 = CARTESIAN_POINT ( 'NONE',  ( -50.38465252612930101, 0.0000000000000000000, 145.5188078518980319 ) ) ;
#1028 = CARTESIAN_POINT ( 'NONE',  ( -102.6781278393540049, 4.196718073539229543, 265.6544379066509691 ) ) ;
#1029 = EDGE_LOOP ( 'NONE', ( #1275, #7007, #6233, #3300, #2993 ) ) ;
#1030 = CARTESIAN_POINT ( 'NONE',  ( -105.1851464518889969, 1.650855100471779968, 268.6544379066510260 ) ) ;
#1031 = CARTESIAN_POINT ( 'NONE',  ( -50.40554127338270263, 2.913058113351190137, 138.3733932197569914 ) ) ;
#1032 = CARTESIAN_POINT ( 'NONE',  ( -39.60585942860770103, 1.770978828325179943, 290.6556745459250237 ) ) ;
#1033 = VECTOR ( 'NONE', #5773, 1000.000000000000000 ) ;
#1034 = CARTESIAN_POINT ( 'NONE',  ( -24.47876201535250118, 2.583365926376159916, 152.5118476168759969 ) ) ;
#1035 = CARTESIAN_POINT ( 'NONE',  ( -17.21702404006340004, 2.491023774598859930, 149.1705927090359864 ) ) ;
#1036 = ORIENTED_EDGE ( 'NONE', *, *, #3271, .T. ) ;
#1037 = CARTESIAN_POINT ( 'NONE',  ( -104.9172317205984371, 6.852379908732276093, 267.4408426267509071 ) ) ;
#1038 = AXIS2_PLACEMENT_3D ( 'NONE', #6732, #1360, #5589 ) ;
#1039 = FACE_BOUND ( 'NONE', #4045, .T. ) ;
#1040 = DIRECTION ( 'NONE',  ( 1.625896048388380022E-15, -7.841243758125039891E-17, 1.000000000000000000 ) ) ;
#1041 = CARTESIAN_POINT ( 'NONE',  ( -106.0928674035700112, 7.351874933466840289, 289.6544379066509691 ) ) ;
#1042 = CARTESIAN_POINT ( 'NONE',  ( -11.65602225085858379, 5.754702072902680321, 314.4658949699004893 ) ) ;
#1043 = CARTESIAN_POINT ( 'NONE',  ( -106.0807419664349993, 7.603298061307250499, 275.2832326482229632 ) ) ;
#1044 = ORIENTED_EDGE ( 'NONE', *, *, #4181, .T. ) ;
#1045 = CARTESIAN_POINT ( 'NONE',  ( -87.08153897073030691, 3.379440215554370130, 137.8609707278629912 ) ) ;
#1046 = EDGE_LOOP ( 'NONE', ( #4524, #4517, #6897, #1579 ) ) ;
#1047 = CARTESIAN_POINT ( 'NONE',  ( -39.94013011863869167, 1.776157829784696052, 291.0808288455442039 ) ) ;
#1048 = CARTESIAN_POINT ( 'NONE',  ( -71.83427824807959894, 0.0000000000000000000, 158.2225674136440148 ) ) ;
#1049 = CARTESIAN_POINT ( 'NONE',  ( -28.88220480579089866, 0.0000000000000000000, 160.3858412227660040 ) ) ;
#1050 = CARTESIAN_POINT ( 'NONE',  ( -104.9168700645479362, 6.834182239101551204, 267.7743879199838943 ) ) ;
#1051 = EDGE_CURVE ( 'NONE', #362, #5795, #4238, .T. ) ;
#1052 = VERTEX_POINT ( 'NONE', #5238 ) ;
#1053 = CARTESIAN_POINT ( 'NONE',  ( -40.36342790968179628, 0.5834744718411980502, 268.4565060556429898 ) ) ;
#1054 = COORDINATED_UNIVERSAL_TIME_OFFSET ( 0, 0, .AHEAD. ) ;
#1055 = ADVANCED_FACE ( 'NONE', ( #7700 ), #4577, .F. ) ;
#1056 = CARTESIAN_POINT ( 'NONE',  ( -85.96037765502758532, 0.0000000000000000000, 138.1020813203120099 ) ) ;
#1057 = CARTESIAN_POINT ( 'NONE',  ( -39.34213890066340014, 1.766904805647129928, 268.6544379066510260 ) ) ;
#1058 = CARTESIAN_POINT ( 'NONE',  ( -23.81489709707600255, 0.0000000000000000000, 159.5285506813750089 ) ) ;
#1059 = ORIENTED_EDGE ( 'NONE', *, *, #861, .F. ) ;
#1060 = EDGE_CURVE ( 'NONE', #3490, #3464, #848, .T. ) ;
#1061 = CARTESIAN_POINT ( 'NONE',  ( -103.5989074861290078, 0.6453248700772699076, 290.5652586766079821 ) ) ;
#1062 = CARTESIAN_POINT ( 'NONE',  ( -81.30895715141080871, 3.306034473023499842, 148.9864696948430094 ) ) ;
#1063 = ADVANCED_FACE ( 'NONE', ( #463 ), #4651, .F. ) ;
#1064 = ORIENTED_EDGE ( 'NONE', *, *, #6377, .T. ) ;
#1065 = CARTESIAN_POINT ( 'NONE',  ( -50.79793029332749654, 0.0000000000000000000, 147.0221476193910064 ) ) ;
#1066 = CARTESIAN_POINT ( 'NONE',  ( -83.45014360182798896, 13.00321644496600015, 148.5251873153569875 ) ) ;
#1067 = CARTESIAN_POINT ( 'NONE',  ( -70.44550405338320331, -0.001000001298026020023, 155.5306577074939867 ) ) ;
#1068 = CARTESIAN_POINT ( 'NONE',  ( -51.03706087636499689, 2.921088690800009768, 138.7953917345710124 ) ) ;
#1069 = CARTESIAN_POINT ( 'NONE',  ( -10.16995702929420631, 2.401411326862040063, 314.7490000000002510 ) ) ;
#1070 = CARTESIAN_POINT ( 'NONE',  ( -105.0865742338720992, 8.591120789383635881, 290.8260107819049267 ) ) ;
#1071 = CARTESIAN_POINT ( 'NONE',  ( -41.27859115670439394, 2.796997298394060305, 292.6544379060239862 ) ) ;
#1072 = AXIS2_PLACEMENT_3D ( 'NONE', #2812, #2688, #2651 ) ;
#1073 = ORIENTED_EDGE ( 'NONE', *, *, #7619, .T. ) ;
#1074 = CARTESIAN_POINT ( 'NONE',  ( -68.71335731570160021, 3.145865351562550316, 160.4802146902100048 ) ) ;
#1075 = DIRECTION ( 'NONE',  ( -0.9988390925805179510, 0.04817122723086545572, 0.0000000000000000000 ) ) ;
#1076 = CARTESIAN_POINT ( 'NONE',  ( -44.68892399650329850, 0.0000000000000000000, 145.8235889573119834 ) ) ;
#1077 = CARTESIAN_POINT ( 'NONE',  ( -92.57156071898809557, 13.00321644496600015, 148.5251873153569875 ) ) ;
#1078 = AXIS2_PLACEMENT_3D ( 'NONE', #5138, #2048, #6832 ) ;
#1079 = CARTESIAN_POINT ( 'NONE',  ( -13.12700474430877051, 2.794006929182951460, 311.5993706964068792 ) ) ;
#1080 = DIRECTION ( 'NONE',  ( -0.4994195462902614180, 0.02408561361543281112, -0.8660254037844372643 ) ) ;
#1081 = ORIENTED_EDGE ( 'NONE', *, *, #3831, .T. ) ;
#1082 = CARTESIAN_POINT ( 'NONE',  ( -39.34971101892479339, 0.5824829589496333115, 289.9168510519821211 ) ) ;
#1083 = CARTESIAN_POINT ( 'NONE',  ( -106.1517011083710003, 0.0000000000000000000, 159.8547740578349874 ) ) ;
#1084 = VERTEX_POINT ( 'NONE', #2298 ) ;
#1085 = CARTESIAN_POINT ( 'NONE',  ( -39.97114392979215580, 1.776682391453295429, 291.1108184638211469 ) ) ;
#1086 = CARTESIAN_POINT ( 'NONE',  ( -71.68570081384950754, 0.0000000000000000000, 157.0974819173339938 ) ) ;
#1087 = CARTESIAN_POINT ( 'NONE',  ( -41.34607956385800520, 1.584436078274259918, 290.6544379066509691 ) ) ;
#1088 = CARTESIAN_POINT ( 'NONE',  ( -105.0875111354660589, 7.427027860905377921, 268.7605190067831700 ) ) ;
#1089 = AXIS2_PLACEMENT_3D ( 'NONE', #6486, #2885, #5781 ) ;
#1090 = ORIENTED_EDGE ( 'NONE', *, *, #2294, .T. ) ;
#1091 = DIRECTION ( 'NONE',  ( 0.04817122723086530306, 0.9988390925805179510, 0.0000000000000000000 ) ) ;
#1092 =( BOUNDED_SURFACE ( )  B_SPLINE_SURFACE ( 3, 2, ( 
 ( #3841, #939, #2036 ),
 ( #6232, #6311, #6934 ),
 ( #6271, #3336, #1563 ),
 ( #7442, #4508, #1524 ),
 ( #1450, #272, #5165 ),
 ( #3259, #6350, #6896 ),
 ( #4471, #2707, #1490 ),
 ( #4433, #2153, #3919 ),
 ( #234, #4296, #977 ),
 ( #5720, #354, #3703 ),
 ( #863, #6859, #2667 ),
 ( #3375, #2746, #3881 ),
 ( #5759, #393, #7403 ),
 ( #1896, #6682, #7514 ) ),
 .UNSPECIFIED., .F., .F., .F. ) 
 B_SPLINE_SURFACE_WITH_KNOTS ( ( 4, 2, 2, 2, 2, 2, 4 ),
 ( 3, 3 ),
 ( 6.283185307179590673, 6.479534848028950300, 6.675884388878309927, 6.872233929727670443, 7.068583470577030070, 7.461282552275759983, 7.853981633974480125 ),
 ( 0.0000000000000000000, 1.000000000000000000 ),
 .UNSPECIFIED. ) 
 GEOMETRIC_REPRESENTATION_ITEM ( )  RATIONAL_B_SPLINE_SURFACE ( (
 ( 1.000000000000000000, 0.7071067811865480168, 1.000000000000000000),
 ( 1.000000000000000000, 0.7070717266846590077, 1.000000000000000000),
 ( 1.000000000000000000, 0.7117460047829129444, 1.000000000000000000),
 ( 1.000000000000000000, 0.7291288917604009656, 1.000000000000000000),
 ( 1.000000000000000000, 0.7418334209260869505, 1.000000000000000000),
 ( 1.000000000000000000, 0.7723968187711139910, 1.000000000000000000),
 ( 1.000000000000000000, 0.7902180112880380358, 1.000000000000000000),
 ( 1.000000000000000000, 0.8275942669553069120, 1.000000000000000000),
 ( 1.000000000000000000, 0.8471316623311330174, 1.000000000000000000),
 ( 1.000000000000000000, 0.9038128866910479786, 1.000000000000000000),
 ( 1.000000000000000000, 0.9386556523772150440, 1.000000000000000000),
 ( 1.000000000000000000, 0.9867291873850939643, 1.000000000000000000),
 ( 1.000000000000000000, 1.000158582173940047, 1.000000000000000000),
 ( 1.000000000000000000, 1.000000000000000000, 1.000000000000000000) ) ) 
 REPRESENTATION_ITEM ( '' )  SURFACE ( )  );
#1093 = CARTESIAN_POINT ( 'NONE',  ( 69.16243539183160749, 3.995356370322069139, 200.6839180354719758 ) ) ;
#1094 = CARTESIAN_POINT ( 'NONE',  ( -103.4360644847679964, 3.571709462154152970, 266.6720810659021481 ) ) ;
#1095 = AXIS2_PLACEMENT_3D ( 'NONE', #4144, #4104, #2261 ) ;
#1096 = CARTESIAN_POINT ( 'NONE',  ( -46.25622741165010154, 2.860294293877080118, 137.9109003564399814 ) ) ;
#1097 = ORIENTED_EDGE ( 'NONE', *, *, #5645, .T. ) ;
#1098 = EDGE_CURVE ( 'NONE', #183, #6878, #1595, .T. ) ;
#1099 = DIRECTION ( 'NONE',  ( 0.0000000000000000000, 0.0000000000000000000, -1.000000000000000000 ) ) ;
#1100 = CARTESIAN_POINT ( 'NONE',  ( -78.55690724232020727, 3.271038583964609892, 149.1667367260280059 ) ) ;
#1101 = ORIENTED_EDGE ( 'NONE', *, *, #3079, .F. ) ;
#1102 = B_SPLINE_CURVE_WITH_KNOTS ( 'NONE', 3,
 ( #629, #6001, #1258, #5369, #6590, #590, #1886, #5923, #4126, #2317, #5962, #6632, #3652, #1218, #5335, #3614, #4743, #3030, #4248, #7722, #4781, #5778, #2357, #7096, #6553 ),
 .UNSPECIFIED., .F., .F.,
 ( 4, 3, 3, 3, 3, 3, 3, 3, 4 ),
 ( 0.0000000000000000000, 0.05165009745731839741, 0.1141274043244410175, 0.1826721404906899993, 0.2320690625643759830, 0.3155849557927850046, 0.4275624655535619767, 0.5280981542050879884, 0.5486197793629410402 ),
 .UNSPECIFIED. ) ;
#1103 = CARTESIAN_POINT ( 'NONE',  ( -51.20937067954709931, 0.0000000000000000000, 142.1253631948380018 ) ) ;
#1104 = CARTESIAN_POINT ( 'NONE',  ( -41.05619107021069425, 2.794169136182929947, 148.9599507429450114 ) ) ;
#1105 = CARTESIAN_POINT ( 'NONE',  ( -103.4467410490469916, 1.645698932314139995, 266.6544379066510260 ) ) ;
#1106 = CARTESIAN_POINT ( 'NONE',  ( -50.10308373151499950, 2.909212422250219809, 138.2423269251700049 ) ) ;
#1107 = CARTESIAN_POINT ( 'NONE',  ( -91.62323811184650424, 3.437193575133620449, 142.2293230769909940 ) ) ;
#1108 = CARTESIAN_POINT ( 'NONE',  ( -103.1583519562140054, 3.315912124407314643, 291.6543969514920036 ) ) ;
#1109 = PLANE ( 'NONE',  #6357 ) ;
#1110 = DIRECTION ( 'NONE',  ( 3.965082230804120359E-15, -1.652117596168379867E-16, 1.000000000000000000 ) ) ;
#1111 = ORIENTED_EDGE ( 'NONE', *, *, #7669, .F. ) ;
#1112 = CARTESIAN_POINT ( 'NONE',  ( -104.3871997960788036, 5.794026082679985201, 266.4924856165500842 ) ) ;
#1113 = EDGE_CURVE ( 'NONE', #6514, #1316, #3365, .T. ) ;
#1114 = CARTESIAN_POINT ( 'NONE',  ( -104.9214051019220051, 1.650074354565610024, 290.6556722068469867 ) ) ;
#1115 = CARTESIAN_POINT ( 'NONE',  ( -114.4254346790439456, 0.3695843737243383886, 321.5308626750629628 ) ) ;
#1116 = DIRECTION ( 'NONE',  ( -0.04817122723086530306, -0.9988390925805179510, 0.0000000000000000000 ) ) ;
#1117 = CARTESIAN_POINT ( 'NONE',  ( -12.97811419818851597, 2.919842491955133568, 311.8941954081527683 ) ) ;
#1118 = VECTOR ( 'NONE', #881, 1000.000000000000000 ) ;
#1119 = DIRECTION ( 'NONE',  ( -0.7230536400546160314, -0.6907918887796598018, 0.0000000000000000000 ) ) ;
#1120 = EDGE_LOOP ( 'NONE', ( #409, #6398, #587, #1622 ) ) ;
#1121 = CARTESIAN_POINT ( 'NONE',  ( -40.45904777528051000, 0.5835679972924781023, 291.4499514330311740 ) ) ;
#1122 = LINE ( 'NONE', #3557, #4784 ) ;
#1123 = ORIENTED_EDGE ( 'NONE', *, *, #3988, .F. ) ;
#1124 = CARTESIAN_POINT ( 'NONE',  ( -40.48513556965879445, 0.5835935136716460248, 290.1657713710320081 ) ) ;
#1125 = CARTESIAN_POINT ( 'NONE',  ( -71.82036570346809867, 0.0000000000000000000, 157.8604326179149950 ) ) ;
#1126 = CARTESIAN_POINT ( 'NONE',  ( -77.89744814321591093, 13.00321644496600015, 149.1705927090359864 ) ) ;
#1127 = CARTESIAN_POINT ( 'NONE',  ( -104.7184799488520071, 5.706237638311760563, 267.4305167086810116 ) ) ;
#1128 = ORIENTED_EDGE ( 'NONE', *, *, #6721, .F. ) ;
#1129 = CARTESIAN_POINT ( 'NONE',  ( -14.05662661152099879, 2.450835289238920023, 149.1705927090359864 ) ) ;
#1130 = FACE_OUTER_BOUND ( 'NONE', #6069, .T. ) ;
#1131 = CARTESIAN_POINT ( 'NONE',  ( -85.44132050588059712, 0.0000000000000000000, 138.2944478967420139 ) ) ;
#1132 = DIRECTION ( 'NONE',  ( 0.0000000000000000000, 0.0000000000000000000, -1.000000000000000000 ) ) ;
#1133 = CARTESIAN_POINT ( 'NONE',  ( -44.43663293639379930, 2.837155866124390080, 138.5430908129909824 ) ) ;
#1134 = ORIENTED_EDGE ( 'NONE', *, *, #2348, .T. ) ;
#1135 = DIRECTION ( 'NONE',  ( 0.9968906851151705384, -0.07879696650637028899, 0.0000000000000000000 ) ) ;
#1136 = CARTESIAN_POINT ( 'NONE',  ( -78.89254534875409774, 3.275306505774260302, 149.1577782742650129 ) ) ;
#1137 = CARTESIAN_POINT ( 'NONE',  ( -11.46271806084499900, 8.052814965613759313, 314.7490000000000236 ) ) ;
#1138 =( BOUNDED_SURFACE ( )  B_SPLINE_SURFACE ( 3, 2, ( 
 ( #4317, #6703, #6112 ),
 ( #5525, #6815, #6854 ),
 ( #3798, #3958, #7473 ),
 ( #1446, #896, #5636 ),
 ( #2743, #1521, #3255 ),
 ( #5006, #4389, #6777 ),
 ( #6188, #5718, #4546 ),
 ( #3836, #2588, #7438 ),
 ( #267, #3295, #3219 ),
 ( #2072, #2032, #817 ),
 ( #2703, #1993, #5599 ),
 ( #6932, #5678, #6348 ),
 ( #5124, #6267, #2663 ),
 ( #3917, #5085, #3184 ) ),
 .UNSPECIFIED., .F., .F., .F. ) 
 B_SPLINE_SURFACE_WITH_KNOTS ( ( 4, 2, 2, 2, 2, 2, 4 ),
 ( 3, 3 ),
 ( -2.481351920691040043E-05, 0.001638163269819410076, 0.003276326539638810178, 0.004095408174548520637, 0.004914489809458219387, 0.005733571444367929412, 0.006577466598484540267 ),
 ( -2.481351920691040043E-05, 1.000000000000000000 ),
 .UNSPECIFIED. ) 
 GEOMETRIC_REPRESENTATION_ITEM ( )  RATIONAL_B_SPLINE_SURFACE ( (
 ( 1.000013918076930075, 0.7195464937064879329, 1.000000000000000000),
 ( 1.000013917600729885, 0.7195560892144180487, 1.000000000000000000),
 ( 1.000013934951589967, 0.7192064641631069621, 1.000000000000000000),
 ( 1.000014001048350032, 0.7178745941678740250, 1.000000000000000000),
 ( 1.000014047648769999, 0.7169355815694450351, 1.000000000000000000),
 ( 1.000014130223320086, 0.7152716791209630109, 1.000000000000000000),
 ( 1.000014159415560044, 0.7146834465167419825, 1.000000000000000000),
 ( 1.000014218705689961, 0.7134887321985339259, 1.000000000000000000),
 ( 1.000014248939909978, 0.7128795034555470700, 1.000000000000000000),
 ( 1.000014309123770095, 0.7116667803698230044, 1.000000000000000000),
 ( 1.000014338651229906, 0.7110717929378440605, 1.000000000000000000),
 ( 1.000014394952529972, 0.7099373045369229418, 1.000000000000000000),
 ( 1.000014421830419886, 0.7093957067867250332, 1.000000000000000000),
 ( 1.000014446425220083, 0.7089001140800439416, 1.000000000000000000) ) ) 
 REPRESENTATION_ITEM ( '' )  SURFACE ( )  );
#1139 = ORIENTED_EDGE ( 'NONE', *, *, #5466, .T. ) ;
#1140 = EDGE_CURVE ( 'NONE', #3872, #6268, #6380, .T. ) ;
#1141 = CARTESIAN_POINT ( 'NONE',  ( -51.03089205487810176, 0.0000000000000000000, 138.7930090670719778 ) ) ;
#1142 = DIRECTION ( 'NONE',  ( 0.1214093666953637296, 0.0000000000000000000, -0.9926025214952008957 ) ) ;
#1143 = LINE ( 'NONE', #4676, #406 ) ;
#1144 = CARTESIAN_POINT ( 'NONE',  ( -50.38593794613809962, 2.912808754289830215, 145.4221807333729828 ) ) ;
#1145 = CARTESIAN_POINT ( 'NONE',  ( -92.06288686982020408, 3.442784409328019990, 140.1994896276179929 ) ) ;
#1146 = CARTESIAN_POINT ( 'NONE',  ( -103.7364084136349902, 3.900463566846080532, 291.5758809769980076 ) ) ;
#1147 = CARTESIAN_POINT ( 'NONE',  ( -52.84085623724340053, 0.0000000000000000000, 148.5251873153569875 ) ) ;
#1148 = CIRCLE ( 'NONE', #5400, 1.000000000000000888 ) ;
#1149 = CARTESIAN_POINT ( 'NONE',  ( -104.0011542944007203, 1.647481470039138696, 266.8212230366705171 ) ) ;
#1150 = ORIENTED_EDGE ( 'NONE', *, *, #1156, .F. ) ;
#1151 = EDGE_CURVE ( 'NONE', #6526, #5546, #5749, .T. ) ;
#1152 = CARTESIAN_POINT ( 'NONE',  ( -102.4881389123236062, 6.359823830225879604, 314.2431647872312510 ) ) ;
#1153 = EDGE_CURVE ( 'NONE', #513, #4038, #5312, .T. ) ;
#1154 = DIRECTION ( 'NONE',  ( 0.04817122723086530306, 0.9988390925805179510, 0.0000000000000000000 ) ) ;
#1155 = DIRECTION ( 'NONE',  ( 0.0000000000000000000, 0.0000000000000000000, -1.000000000000000000 ) ) ;
#1156 = EDGE_CURVE ( 'NONE', #2769, #1236, #5154, .T. ) ;
#1157 = CARTESIAN_POINT ( 'NONE',  ( -46.28082788963130412, 13.00321644496600015, 146.3365109029739983 ) ) ;
#1158 = CARTESIAN_POINT ( 'NONE',  ( -31.89113661583549941, 0.0000000000000000000, 149.8159981027159802 ) ) ;
#1159 = EDGE_LOOP ( 'NONE', ( #6929, #7041, #3842, #7480 ) ) ;
#1160 = EDGE_CURVE ( 'NONE', #743, #7701, #5947, .T. ) ;
#1161 = AXIS2_PLACEMENT_3D ( 'NONE', #3273, #5693, #2090 ) ;
#1162 = CARTESIAN_POINT ( 'NONE',  ( -40.82151087399144274, 0.5839225211635374890, 291.6011280339560017 ) ) ;
#1163 = CARTESIAN_POINT ( 'NONE',  ( -104.9582420972103733, 6.554656400343202627, 290.4263479626133062 ) ) ;
#1164 = VERTEX_POINT ( 'NONE', #1006 ) ;
#1165 = CARTESIAN_POINT ( 'NONE',  ( -87.08153897073030691, 3.379440215554370130, 137.8609707278629912 ) ) ;
#1166 = CARTESIAN_POINT ( 'NONE',  ( -71.15015184183850749, 0.0000000000000000000, 159.6617652485140013 ) ) ;
#1167 = CARTESIAN_POINT ( 'NONE',  ( -112.7643120787219999, 0.0000000000000000000, 323.7500000000000000 ) ) ;
#1168 = DIRECTION ( 'NONE',  ( 1.000000000000000000, 0.0000000000000000000, 0.0000000000000000000 ) ) ;
#1169 = CARTESIAN_POINT ( 'NONE',  ( -1.866318363392780011, 0.004472696244420350242, 319.7500000000000000 ) ) ;
#1170 = VERTEX_POINT ( 'NONE', #3553 ) ;
#1171 = CARTESIAN_POINT ( 'NONE',  ( -85.05187492901670510, 3.353630447805119985, 146.2456471620249943 ) ) ;
#1172 = CARTESIAN_POINT ( 'NONE',  ( -84.44594038347699438, 0.0000000000000000000, 139.0492141822260237 ) ) ;
#1173 = CARTESIAN_POINT ( 'NONE',  ( -104.9824095986694061, 6.666347567882644931, 267.9503960223855188 ) ) ;
#1174 = FACE_OUTER_BOUND ( 'NONE', #729, .T. ) ;
#1175 = VERTEX_POINT ( 'NONE', #1158 ) ;
#1176 = CARTESIAN_POINT ( 'NONE',  ( -113.5604221452250044, 7.197443773187799820, 282.7498137333619752 ) ) ;
#1177 = CARTESIAN_POINT ( 'NONE',  ( -3.476504225844360363, 2.953008451691570002, 323.6458907021699929 ) ) ;
#1178 = CARTESIAN_POINT ( 'NONE',  ( -113.4282625802590019, 8.965680130093529598, 283.1544379066509691 ) ) ;
#1179 = ORIENTED_EDGE ( 'NONE', *, *, #2876, .F. ) ;
#1180 = FACE_OUTER_BOUND ( 'NONE', #706, .T. ) ;
#1181 = CARTESIAN_POINT ( 'NONE',  ( -104.0217065966600103, 5.290859410633260040, 311.6324670274250366 ) ) ;
#1182 = CARTESIAN_POINT ( 'NONE',  ( -41.55330541463779781, 2.800490083954009890, 148.8838470785310051 ) ) ;
#1183 = CARTESIAN_POINT ( 'NONE',  ( -1.209683299882123420, 2.604847891622192879, 322.6161025218688110 ) ) ;
#1184 = CARTESIAN_POINT ( 'NONE',  ( -49.70589551290439800, 2.904163203543539851, 138.1073043836640011 ) ) ;
#1185 = CARTESIAN_POINT ( 'NONE',  ( -92.03138616575520814, 3.442384332874500075, 140.6214965166369950 ) ) ;
#1186 = CARTESIAN_POINT ( 'NONE',  ( -8.932313916646203111, 8.601221662346439700, 313.7134660940673143 ) ) ;
#1187 =( BOUNDED_CURVE ( )  B_SPLINE_CURVE ( 3, ( #5796, #427, #5834, #2862 ),
 .UNSPECIFIED., .F., .F. ) 
 B_SPLINE_CURVE_WITH_KNOTS ( ( 4, 4 ),
 ( 0.9789070033400354420, 1.654038536274396121 ),
 .UNSPECIFIED. ) 
 CURVE ( )  GEOMETRIC_REPRESENTATION_ITEM ( )  RATIONAL_B_SPLINE_CURVE ( ( 1.000000000000000000, 0.9623757713649584433, 0.9623757713649584433, 1.000000000000000000 ) ) 
 REPRESENTATION_ITEM ( '' )  );
#1188 = CARTESIAN_POINT ( 'NONE',  ( -23.42535085033730269, 2.569970570616059824, 158.9624865757539851 ) ) ;
#1189 = CARTESIAN_POINT ( 'NONE',  ( -8.932313916646229757, 8.601221662346430819, 312.2490000000000236 ) ) ;
#1190 = ORIENTED_EDGE ( 'NONE', *, *, #7147, .F. ) ;
#1191 = CARTESIAN_POINT ( 'NONE',  ( -39.34343311930970088, 1.577143931193280002, 289.6544379066509691 ) ) ;
#1192 = CARTESIAN_POINT ( 'NONE',  ( -104.6920392605969994, 1.649394917485760059, 290.9759076600440153 ) ) ;
#1193 = CARTESIAN_POINT ( 'NONE',  ( -113.6644701333619878, 4.972422735670600780, 279.1544379066509691 ) ) ;
#1194 = EDGE_CURVE ( 'NONE', #1821, #6731, #477, .T. ) ;
#1195 = CARTESIAN_POINT ( 'NONE',  ( -12.06232449207186441, 4.343271913662171357, 313.6895535176349767 ) ) ;
#1196 = CIRCLE ( 'NONE', #5201, 1.000000000000000888 ) ;
#1197 = ORIENTED_EDGE ( 'NONE', *, *, #113, .F. ) ;
#1198 = CARTESIAN_POINT ( 'NONE',  ( -40.02196965125069994, 1.579623483134370066, 291.1613369358020122 ) ) ;
#1199 = CARTESIAN_POINT ( 'NONE',  ( -104.9294068745114146, 6.431138409097285624, 290.4982419156123115 ) ) ;
#1200 = CARTESIAN_POINT ( 'NONE',  ( -40.12313306075653685, 1.778957909099378565, 267.0449528252899540 ) ) ;
#1201 = AXIS2_PLACEMENT_3D ( 'NONE', #528, #7657, #4177 ) ;
#1202 = CARTESIAN_POINT ( 'NONE',  ( -18.21212124559309942, 2.503677496814549652, 149.1834071438080116 ) ) ;
#1203 = CARTESIAN_POINT ( 'NONE',  ( -23.90557095089040018, 0.0000000000000000000, 159.6176937130840088 ) ) ;
#1204 = ADVANCED_FACE ( 'NONE', ( #2971 ), #3485, .T. ) ;
#1205 = CARTESIAN_POINT ( 'NONE',  ( -107.4400095534520148, 3.995356370322069139, 322.2500000000000000 ) ) ;
#1206 = CARTESIAN_POINT ( 'NONE',  ( -26.40111486757770010, -0.001000001298026020023, 160.4802146902100048 ) ) ;
#1207 = CARTESIAN_POINT ( 'NONE',  ( -52.84085623724330105, -0.001000001298026020023, 148.5251873153569875 ) ) ;
#1208 = ORIENTED_EDGE ( 'NONE', *, *, #4233, .F. ) ;
#1209 = CARTESIAN_POINT ( 'NONE',  ( -104.4799380783768612, 8.644192041506997271, 314.0167669583850056 ) ) ;
#1210 = ADVANCED_FACE ( 'NONE', ( #577 ), #6694, .F. ) ;
#1211 = CARTESIAN_POINT ( 'NONE',  ( -84.99756056431719742, 0.0000000000000000000, 144.2653154834220004 ) ) ;
#1212 = CARTESIAN_POINT ( 'NONE',  ( -104.9280972349651080, 6.425740630242020579, 267.8075499524858287 ) ) ;
#1213 = CARTESIAN_POINT ( 'NONE',  ( -41.21284880778409843, 0.5843052874081808845, 267.6544379211430282 ) ) ;
#1214 = ORIENTED_EDGE ( 'NONE', *, *, #7230, .T. ) ;
#1215 = CARTESIAN_POINT ( 'NONE',  ( -114.6868892650330167, 4.676506758741510339, 281.6634306378210226 ) ) ;
#1216 = CIRCLE ( 'NONE', #2604, 2.199999999999993960 ) ;
#1217 = CARTESIAN_POINT ( 'NONE',  ( -71.83118634074760678, 3.185512855290309808, 157.9941252755550067 ) ) ;
#1218 = CARTESIAN_POINT ( 'NONE',  ( -95.18421941299260425, 3.482476134831240078, 149.0412696102330017 ) ) ;
#1219 = VERTEX_POINT ( 'NONE', #1909 ) ;
#1220 = CARTESIAN_POINT ( 'NONE',  ( -114.6704504558960593, 5.153949710672538487, 278.1237201888121149 ) ) ;
#1221 = CARTESIAN_POINT ( 'NONE',  ( -101.3779970586970052, 4.067114011742889446, 311.9647560274869988 ) ) ;
#1222 = DIRECTION ( 'NONE',  ( 0.04817122723086530306, 0.9988390925805179510, 0.0000000000000000000 ) ) ;
#1223 = AXIS2_PLACEMENT_3D ( 'NONE', #1668, #7040, #1119 ) ;
#1224 = CARTESIAN_POINT ( 'NONE',  ( -104.7350747654065088, 6.413173881017267597, 291.2933958567777495 ) ) ;
#1225 = CARTESIAN_POINT ( 'NONE',  ( -3.512770212102124034, 3.756497454363712851, 323.7206860947582641 ) ) ;
#1226 = CARTESIAN_POINT ( 'NONE',  ( -50.70602432340739796, 2.916879138690520179, 146.8626510270530048 ) ) ;
#1227 = CARTESIAN_POINT ( 'NONE',  ( -91.14998045952560801, 3.431176465983370338, 138.5154305989250076 ) ) ;
#1228 = CARTESIAN_POINT ( 'NONE',  ( -103.0436604902200486, 4.419433661597081731, 292.6305821945338721 ) ) ;
#1229 = DIRECTION ( 'NONE',  ( 0.0000000000000000000, 0.0000000000000000000, 1.000000000000000000 ) ) ;
#1230 = CARTESIAN_POINT ( 'NONE',  ( 0.0000000000000000000, 0.0000000000000000000, 323.7500000000000000 ) ) ;
#1231 = ORIENTED_EDGE ( 'NONE', *, *, #2732, .F. ) ;
#1232 = CARTESIAN_POINT ( 'NONE',  ( -114.3989808077861170, 2.216033626582105676, 321.4184178915285202 ) ) ;
#1233 = CARTESIAN_POINT ( 'NONE',  ( -92.17523310099910816, 0.0000000000000000000, 148.2387548574570246 ) ) ;
#1234 = LINE ( 'NONE', #3478, #5660 ) ;
#1235 = CARTESIAN_POINT ( 'NONE',  ( -105.1129002011240061, 7.551033870322021002, 161.8745000000000118 ) ) ;
#1236 = VERTEX_POINT ( 'NONE', #1205 ) ;
#1237 = PLANE ( 'NONE',  #454 ) ;
#1238 = ADVANCED_FACE ( 'NONE', ( #7744 ), #4887, .F. ) ;
#1239 = ORIENTED_EDGE ( 'NONE', *, *, #3425, .T. ) ;
#1240 = DIRECTION ( 'NONE',  ( -0.5004356563159257920, 0.0000000000000000000, 0.8657737313453489625 ) ) ;
#1241 = CARTESIAN_POINT ( 'NONE',  ( -5.334661859500350545, 0.0000000000000000000, 157.8340481156690203 ) ) ;
#1242 = CARTESIAN_POINT ( 'NONE',  ( -26.13300025089679934, 0.0000000000000000000, 160.4464272353629894 ) ) ;
#1243 = CARTESIAN_POINT ( 'NONE',  ( -40.34341320195709812, 1.583455373862799886, 289.6544379066509691 ) ) ;
#1244 = AXIS2_PLACEMENT_3D ( 'NONE', #1870, #6025, #3062 ) ;
#1245 = CARTESIAN_POINT ( 'NONE',  ( -63.74110023318509377, 3.082636987293260411, 158.3547138684229765 ) ) ;
#1246 = CARTESIAN_POINT ( 'NONE',  ( -9.056793841714730675, 6.592363650594600166, 312.2223840068979825 ) ) ;
#1247 = DIRECTION ( 'NONE',  ( -1.000000000000000000, 0.0000000000000000000, 0.0000000000000000000 ) ) ;
#1248 = VERTEX_POINT ( 'NONE', #5948 ) ;
#1249 = CARTESIAN_POINT ( 'NONE',  ( -84.41642438379960822, 3.345549751678819739, 147.6380222392729991 ) ) ;
#1250 = CARTESIAN_POINT ( 'NONE',  ( -84.22978278446140621, 0.0000000000000000000, 139.4578336033169990 ) ) ;
#1251 = EDGE_CURVE ( 'NONE', #988, #1248, #7308, .T. ) ;
#1252 = CARTESIAN_POINT ( 'NONE',  ( -104.8821886752184156, 6.245084602902402082, 267.7072199017377443 ) ) ;
#1253 = CARTESIAN_POINT ( 'NONE',  ( -39.75648454148260669, 0.5828808226861762476, 267.4384483303688853 ) ) ;
#1254 = EDGE_LOOP ( 'NONE', ( #254, #5721, #5768, #7734 ) ) ;
#1255 = CARTESIAN_POINT ( 'NONE',  ( -100.2766404279229988, 3.547232764980630115, 309.7490000000000236 ) ) ;
#1256 = CARTESIAN_POINT ( 'NONE',  ( -71.10179802659109782, 3.176238012163030255, 159.6995131851660119 ) ) ;
#1257 = EDGE_CURVE ( 'NONE', #6820, #543, #6650, .T. ) ;
#1258 = CARTESIAN_POINT ( 'NONE',  ( -92.90278644052419565, 3.453465201278890007, 148.6309482772350066 ) ) ;
#1259 = VERTEX_POINT ( 'NONE', #5621 ) ;
#1260 = CARTESIAN_POINT ( 'NONE',  ( -113.0282464483292131, 0.01308287230766775992, 159.7792523272017888 ) ) ;
#1261 = CARTESIAN_POINT ( 'NONE',  ( -123.7278047069359985, 13.46704738489539999, 283.1544379066509691 ) ) ;
#1262 = CARTESIAN_POINT ( 'NONE',  ( -124.2567202626400018, 5.483257455350440068, 275.1544379066509691 ) ) ;
#1263 = CARTESIAN_POINT ( 'NONE',  ( -77.49573686109491177, 0.0000000000000000000, 367.3881438443850129 ) ) ;
#1264 = CARTESIAN_POINT ( 'NONE',  ( -38.34216575632030555, 1.759576054550199942, 268.6544379066510260 ) ) ;
#1265 = CARTESIAN_POINT ( 'NONE',  ( -111.6156619598329911, 3.569443832526979943, 323.6769557231489784 ) ) ;
#1266 = CARTESIAN_POINT ( 'NONE',  ( -89.99047208554330268, 3.416433110140889795, 138.0537100192719890 ) ) ;
#1267 = CARTESIAN_POINT ( 'NONE',  ( -105.0560249446108969, 7.296022092224950129, 290.0621757131739855 ) ) ;
#1268 = CARTESIAN_POINT ( 'NONE',  ( -24.29398566299730078, 2.581016374550490156, 159.8837962029240032 ) ) ;
#1269 = PLANE ( 'NONE',  #2095 ) ;
#1270 = CARTESIAN_POINT ( 'NONE',  ( -105.1129002011319926, 7.551033870359940892, 274.3154313336120254 ) ) ;
#1271 = CARTESIAN_POINT ( 'NONE',  ( -90.91174018596160522, 0.0000000000000000000, 144.7995481596950071 ) ) ;
#1272 = CARTESIAN_POINT ( 'NONE',  ( -38.32945050852320179, 2.759495212519210039, 268.6544379066510260 ) ) ;
#1273 = VECTOR ( 'NONE', #624, 1000.000000000000114 ) ;
#1274 = CARTESIAN_POINT ( 'NONE',  ( -41.34342688581310199, 1.584433483700089962, 291.6544379066509691 ) ) ;
#1275 = ORIENTED_EDGE ( 'NONE', *, *, #4233, .T. ) ;
#1276 = SPHERICAL_SURFACE ( 'NONE', #206, 1.000000000000000000 ) ;
#1277 = ORIENTED_EDGE ( 'NONE', *, *, #4749, .T. ) ;
#1278 = DIRECTION ( 'NONE',  ( -0.04366985309241978169, -0.9985658945570965450, -0.03096930994181078603 ) ) ;
#1279 = CARTESIAN_POINT ( 'NONE',  ( -20.19228586538350001, 2.528857959064929606, 149.3055601748280310 ) ) ;
#1280 = CARTESIAN_POINT ( 'NONE',  ( -23.55759263884459997, 0.0000000000000000000, 156.6286485821130157 ) ) ;
#1281 = CARTESIAN_POINT ( 'NONE',  ( -106.0527801283269866, 12.61463018215299847, 275.1544379066509691 ) ) ;
#1282 = CARTESIAN_POINT ( 'NONE',  ( -64.93879733954611311, 3.097867005857049882, 152.5222103723280043 ) ) ;
#1283 = CIRCLE ( 'NONE', #6793, 1.000000000000000888 ) ;
#1284 = CARTESIAN_POINT ( 'NONE',  ( -48.48654928131739439, -0.001000001298026020023, 137.8609707278629912 ) ) ;
#1285 = CARTESIAN_POINT ( 'NONE',  ( -112.7643120787219999, 2.000000000000000000, 323.7500000000000000 ) ) ;
#1286 = VERTEX_POINT ( 'NONE', #115 ) ;
#1287 = CARTESIAN_POINT ( 'NONE',  ( -84.67010725977060304, 3.348775784828919910, 147.2670203080369902 ) ) ;
#1288 = CARTESIAN_POINT ( 'NONE',  ( -84.10721864183420848, 0.0000000000000000000, 140.6206953065039897 ) ) ;
#1289 = B_SPLINE_CURVE_WITH_KNOTS ( 'NONE', 3,
 ( #2510, #1328, #6581, #4240, #35, #701, #739, #6662, #1249, #7713, #3644, #3721, #6032, #1287, #3105, #4890, #6109, #582, #2350, #4735, #7123, #1171, #3215, #1366, #5003, #155, #1952, #4965, #775, #2584, #1517, #933, #3912, #6304, #3250, #5520, #5633, #5080, #855, #2621, #7395, #6222, #2027, #7359, #892, #4350, #5041, #2547, #3758, #6147, #264, #6739, #6263, #2697, #3180, #3871, #7469, #2106, #3793, #5556, #1990, #1404, #3290, #7324, #6184, #2659, #227, #7434, #4426, #4500, #192, #5672, #2066, #4463, #4386, #6774, #1482, #6811, #305, #4928, #6888, #810, #5595, #1441, #3830, #6848, #5275, #1045 ),
 .UNSPECIFIED., .F., .F.,
 ( 4, 3, 3, 3, 3, 3, 3, 3, 3, 3, 3, 3, 3, 3, 3, 3, 3, 3, 3, 3, 3, 3, 3, 3, 3, 3, 3, 3, 3, 4 ),
 ( 0.0000000000000000000, 0.04653658362507070989, 0.1038286442069340093, 0.1462864841498500157, 0.1611207047887980026, 0.2089768657858290246, 0.2723186835010180107, 0.2880924951186549787, 0.3402203759867949984, 0.4020748881538660502, 0.4292829559555600416, 0.5176122974230480400, 0.6084661539929299146, 0.6852014323437510823, 0.7415356465842478650, 0.8103655923042570874, 0.8931571305409239381, 0.8985235338835489971, 0.9400142065793830604, 0.9753952010424999930, 1.002973446885409903, 1.058219036047779893, 1.089407858477990043, 1.123990808212180115, 1.180090115301390075, 1.187533045098679851, 1.245364386857340078, 1.302402525771950037, 1.358360947714629896, 1.371458953035640027 ),
 .UNSPECIFIED. ) ;
#1290 = CARTESIAN_POINT ( 'NONE',  ( -104.9993619099166580, 6.748519154033422396, 268.0023390974142785 ) ) ;
#1291 = LINE ( 'NONE', #1918, #7030 ) ;
#1292 = ORIENTED_EDGE ( 'NONE', *, *, #1384, .F. ) ;
#1293 = CARTESIAN_POINT ( 'NONE',  ( -114.6394396807485236, 5.724660382689664040, 275.3815408557251203 ) ) ;
#1294 = CARTESIAN_POINT ( 'NONE',  ( -70.66286833006270740, 3.170655871309250085, 152.2077348354649757 ) ) ;
#1295 = EDGE_CURVE ( 'NONE', #6648, #4937, #1791, .T. ) ;
#1296 = CARTESIAN_POINT ( 'NONE',  ( -101.3538570635303699, 3.678349746399391051, 310.2883532508669759 ) ) ;
#1297 = ADVANCED_FACE ( 'NONE', ( #3717 ), #6104, .F. ) ;
#1298 = ORIENTED_EDGE ( 'NONE', *, *, #7010, .F. ) ;
#1299 = CARTESIAN_POINT ( 'NONE',  ( -114.7120313747260099, 4.008506410019809785, 278.8242986168160087 ) ) ;
#1300 = CARTESIAN_POINT ( 'NONE',  ( -51.39901570368739669, 2.925691408213789924, 149.1705927090359864 ) ) ;
#1301 = PLANE ( 'NONE',  #2167 ) ;
#1302 = B_SPLINE_CURVE_WITH_KNOTS ( 'NONE', 3,
 ( #4753, #4132, #6640, #4214, #2919, #4829, #1266, #1809, #4170, #4870, #2365, #521, #3506, #5969, #5888, #6598, #1227, #3622, #6010, #6560, #1736, #2487, #7690, #4713, #3663, #2444, #599, #640, #3041, #6050, #3000, #5420, #3580, #7264, #1145, #7104, #5301, #1185, #3083, #95, #53, #3542, #4092, #6522, #6483, #1107, #2325, #5929, #7730, #7140, #558, #1772, #2960, #5380, #5342, #11, #2403, #4791, #4442, #3853, #4909, #7375, #2046, #6754, #6829, #4947, #6124, #4331, #1894, #4294, #3121, #1461, #243, #2006, #3700, #6680, #6243, #1970, #1307, #5501, #7342, #2638 ),
 .UNSPECIFIED., .F., .F.,
 ( 4, 3, 3, 3, 3, 3, 3, 3, 3, 3, 3, 3, 3, 3, 3, 3, 3, 3, 3, 3, 3, 3, 3, 3, 3, 3, 3, 4 ),
 ( 0.0000000000000000000, 0.05922494490355640490, 0.1197905932991960021, 0.1828146646106450224, 0.2327042166752280039, 0.2880146868923010306, 0.3485318360589159670, 0.4063285947906449813, 0.4880783679908780037, 0.5458142371590519737, 0.6143555281742250074, 0.6820749615445489411, 0.7671965015390620479, 0.8417570242730709751, 0.8841012618429660019, 1.079689632609339922, 1.250814638957780112, 1.355812074090879893, 1.477527104144759962, 1.613275921258340073, 1.686255656097239930, 1.791077251494419986, 1.876587808966249993, 1.898689229184879812, 1.980855091705109983, 2.053496812990160070, 2.138299103890049846, 2.230167896797430327 ),
 .UNSPECIFIED. ) ;
#1303 = EDGE_CURVE ( 'NONE', #7351, #4881, #2000, .T. ) ;
#1304 = CARTESIAN_POINT ( 'NONE',  ( -104.1584666486325688, 5.474516946781253779, 292.0564541101406348 ) ) ;
#1305 = FACE_BOUND ( 'NONE', #3026, .T. ) ;
#1306 = CARTESIAN_POINT ( 'NONE',  ( -114.3989828206210007, 2.216046634259779768, 321.4184128848839919 ) ) ;
#1307 = CARTESIAN_POINT ( 'NONE',  ( -92.12723600027840121, 3.443602683708530066, 148.1998462820130271 ) ) ;
#1308 = EDGE_CURVE ( 'NONE', #3872, #181, #6577, .T. ) ;
#1309 = CARTESIAN_POINT ( 'NONE',  ( -105.0846723404160343, 7.419905593166477686, 290.1457083876907177 ) ) ;
#1310 = DIRECTION ( 'NONE',  ( -4.960310595328040141E-15, 2.392219633754020149E-16, -1.000000000000000000 ) ) ;
#1311 = CARTESIAN_POINT ( 'NONE',  ( -111.1656720242543912, 3.784182540551217500, 323.7500000000000568 ) ) ;
#1312 = CARTESIAN_POINT ( 'NONE',  ( -103.4494048924720033, 0.6451786421207970079, 290.6279028376440010 ) ) ;
#1313 = CARTESIAN_POINT ( 'NONE',  ( -63.73520670881890737, 0.0000000000000000000, 157.9587087420020168 ) ) ;
#1314 = B_SPLINE_SURFACE_WITH_KNOTS ( 'NONE', 3, 1, ( 
 ( #3812, #5655 ),
 ( #325, #286 ),
 ( #5023, #835 ),
 ( #7452, #4444 ),
 ( #6794, #6205 ),
 ( #3234, #3856 ) ),
 .UNSPECIFIED., .F., .F., .F.,
 ( 4, 2, 4 ),
 ( 2, 2 ),
 ( 0.0000000000000000000, 0.1016369166048250033, 1.000000000000000000 ),
 ( 0.0000000000000000000, 2.520000000000000018 ),
 .UNSPECIFIED. ) ;
#1315 = CARTESIAN_POINT ( 'NONE',  ( -111.6365241221579936, 0.8775010007995570627, 322.2500000000000000 ) ) ;
#1316 = VERTEX_POINT ( 'NONE', #1281 ) ;
#1317 = CC_DESIGN_APPROVAL ( #2640, ( #5170 ) ) ;
#1318 = CARTESIAN_POINT ( 'NONE',  ( -39.11456060040960381, 9.718927587920520139, 268.6544379066510260 ) ) ;
#1319 = B_SPLINE_CURVE_WITH_KNOTS ( 'NONE', 3,
 ( #589, #6438, #1100, #1136, #2951, #5813, #2874, #6475, #3424, #3498, #5881, #5368, #5922, #1062, #2911, #4125, #5293, #7756, #5848, #3573, #550, #7131, #441, #2356, #7172 ),
 .UNSPECIFIED., .F., .F.,
 ( 4, 3, 3, 3, 3, 3, 3, 3, 4 ),
 ( 0.0000000000000000000, 0.09789170151445489299, 0.2064242866714129931, 0.2909421482421170047, 0.3149568718283700108, 0.3740720758084540298, 0.4599787085133009712, 0.5130516500162759508, 0.5458853412181480236 ),
 .UNSPECIFIED. ) ;
#1320 = ORIENTED_EDGE ( 'NONE', *, *, #4022, .T. ) ;
#1321 = CARTESIAN_POINT ( 'NONE',  ( -39.34213886313420971, 1.766909926320688884, 268.4196116879958254 ) ) ;
#1322 = CARTESIAN_POINT ( 'NONE',  ( -7.344533915294350734, 3.995356370322069139, 166.2754999999988286 ) ) ;
#1323 = CARTESIAN_POINT ( 'NONE',  ( -23.38745582909700005, 0.0000000000000000000, 157.2872556761629994 ) ) ;
#1324 = DIRECTION ( 'NONE',  ( -0.8650200284677330709, 0.04171750651340239840, -0.4999999999999865663 ) ) ;
#1325 = CARTESIAN_POINT ( 'NONE',  ( -63.91670146907359396, 3.084869129809239663, 156.9369850063349929 ) ) ;
#1326 = DIRECTION ( 'NONE',  ( -0.04817122723086530306, -0.9988390925805179510, 0.0000000000000000000 ) ) ;
#1327 = DIRECTION ( 'NONE',  ( 0.0000000000000000000, 0.0000000000000000000, -1.000000000000000000 ) ) ;
#1328 = CARTESIAN_POINT ( 'NONE',  ( -83.57773976168250840, 3.334884938441029956, 148.4369863784089887 ) ) ;
#1329 = VECTOR ( 'NONE', #2220, 1000.000000000000000 ) ;
#1330 = SHAPE_DEFINITION_REPRESENTATION ( #6698, #837 ) ;
#1331 = CARTESIAN_POINT ( 'NONE',  ( -84.68820427769310299, 0.0000000000000000000, 143.0267588334829725 ) ) ;
#1332 = CARTESIAN_POINT ( 'NONE',  ( -105.0373742237555064, 6.952411158681799819, 268.1456854601204327 ) ) ;
#1333 = CARTESIAN_POINT ( 'NONE',  ( -41.34342688581310199, 1.584433483700089962, 266.6544379066510260 ) ) ;
#1334 = VERTEX_POINT ( 'NONE', #3017 ) ;
#1335 = CARTESIAN_POINT ( 'NONE',  ( -31.49398187067899713, 0.0000000000000000000, 150.1015861725179832 ) ) ;
#1336 = CARTESIAN_POINT ( 'NONE',  ( -69.44402224232489118, 3.155158471487780059, 160.3627972074359889 ) ) ;
#1337 = CARTESIAN_POINT ( 'NONE',  ( -2.000000000000000000, 0.0000000000000000000, 315.2500000000000000 ) ) ;
#1338 = VERTEX_POINT ( 'NONE', #2646 ) ;
#1339 = CARTESIAN_POINT ( 'NONE',  ( -114.7074703969049949, 4.137091351448050069, 278.0206024112139858 ) ) ;
#1340 = DIRECTION ( 'NONE',  ( -0.9999191579690124287, 0.01271524779707759387, 0.0000000000000000000 ) ) ;
#1341 = CARTESIAN_POINT ( 'NONE',  ( -105.1368638034370093, 5.546070429148540981, 281.7911118351141795 ) ) ;
#1342 = ADVANCED_FACE ( 'NONE', ( #4809 ), #5396, .F. ) ;
#1343 = CARTESIAN_POINT ( 'NONE',  ( -104.9839202602911712, 7.049299618956423430, 290.6541940195588154 ) ) ;
#1344 = CARTESIAN_POINT ( 'NONE',  ( -3.275222537664724598, 3.637632963965878208, 323.6837900840328075 ) ) ;
#1345 = CARTESIAN_POINT ( 'NONE',  ( -114.1924689629899916, 2.317888222958599975, 321.8061681784570283 ) ) ;
#1346 = CARTESIAN_POINT ( 'NONE',  ( -112.7643120787219999, 0.0000000000000000000, 323.7500000000000000 ) ) ;
#1347 = CARTESIAN_POINT ( 'NONE',  ( -103.6691660921109843, 4.921063281832672942, 291.6480641567631551 ) ) ;
#1348 = CC_DESIGN_PERSON_AND_ORGANIZATION_ASSIGNMENT ( #3964, #6353, ( #5170 ) ) ;
#1349 = CARTESIAN_POINT ( 'NONE',  ( -100.2130641889379916, 8.546828554825690816, 275.1544379066509691 ) ) ;
#1350 = CIRCLE ( 'NONE', #5727, 114.7820467919760006 ) ;
#1351 = PLANE ( 'NONE',  #1699 ) ;
#1352 = CARTESIAN_POINT ( 'NONE',  ( -90.95761523618939748, 0.0000000000000000000, 144.5303121360759917 ) ) ;
#1353 = ADVANCED_FACE ( 'NONE', ( #6065 ), #2701, .T. ) ;
#1354 = CARTESIAN_POINT ( 'NONE',  ( -64.98482821053539737, 0.0000000000000000000, 159.9932021466530045 ) ) ;
#1355 = CARTESIAN_POINT ( 'NONE',  ( -30.17525432602749902, 2.655804204881140329, 159.9858418281679917 ) ) ;
#1356 = EDGE_CURVE ( 'NONE', #3204, #482, #3860, .T. ) ;
#1357 = EDGE_LOOP ( 'NONE', ( #1906, #1059, #306, #5679 ) ) ;
#1358 = CARTESIAN_POINT ( 'NONE',  ( -105.0928674035699970, 7.351874933466790552, 268.6544379066510828 ) ) ;
#1359 = VERTEX_POINT ( 'NONE', #6251 ) ;
#1360 = DIRECTION ( 'NONE',  ( 0.0000000000000000000, 1.000000000000000000, 0.0000000000000000000 ) ) ;
#1361 = LINE ( 'NONE', #5590, #5534 ) ;
#1362 = CARTESIAN_POINT ( 'NONE',  ( -23.72563462728730244, 0.0000000000000000000, 156.0873996806780042 ) ) ;
#1363 = CARTESIAN_POINT ( 'NONE',  ( -64.27018198654980097, 3.089364545270789630, 155.7999378301120146 ) ) ;
#1364 = CARTESIAN_POINT ( 'NONE',  ( -52.84085623724330105, 13.00321644496600015, 148.5251873153569875 ) ) ;
#1365 = FACE_OUTER_BOUND ( 'NONE', #5120, .T. ) ;
#1366 = CARTESIAN_POINT ( 'NONE',  ( -85.10699282259430731, 3.354331190489070025, 145.9022418311809872 ) ) ;
#1367 = CARTESIAN_POINT ( 'NONE',  ( -105.1005794080690094, 7.057142362664610147, 283.9236359696760132 ) ) ;
#1368 = CARTESIAN_POINT ( 'NONE',  ( -3.118902406158289953, 3.995356370322069139, 322.2500000000000000 ) ) ;
#1369 = DIRECTION ( 'NONE',  ( 1.000000000000000000, 0.0000000000000000000, 0.0000000000000000000 ) ) ;
#1370 = ORIENTED_EDGE ( 'NONE', *, *, #6517, .F. ) ;
#1371 = CARTESIAN_POINT ( 'NONE',  ( -31.89113661583549941, 0.0000000000000000000, 149.8159981027159802 ) ) ;
#1372 = CARTESIAN_POINT ( 'NONE',  ( -71.61920368267369952, 3.182816811901969967, 159.1103820679510079 ) ) ;
#1373 = DIRECTION ( 'NONE',  ( -0.1931172784086570005, 0.9502390503633060259, -0.2444411257228940038 ) ) ;
#1374 = ORIENTED_EDGE ( 'NONE', *, *, #447, .T. ) ;
#1375 = CARTESIAN_POINT ( 'NONE',  ( -8.997824869314479557, 7.231977029052609751, 312.2477996882119555 ) ) ;
#1376 = VECTOR ( 'NONE', #4454, 1000.000000000000000 ) ;
#1377 = CARTESIAN_POINT ( 'NONE',  ( -29.99188798461469929, -0.001000001298026020023, 155.5306577074939867 ) ) ;
#1378 = CARTESIAN_POINT ( 'NONE',  ( -46.62792290196190237, -0.001000001298026020023, 137.8609707278629912 ) ) ;
#1379 = CARTESIAN_POINT ( 'NONE',  ( -105.0210053904004894, 7.174121056808004937, 290.5032971216273268 ) ) ;
#1380 = CARTESIAN_POINT ( 'NONE',  ( -104.1792369638090037, 0.6458924882805610057, 268.5378195045190068 ) ) ;
#1381 = CARTESIAN_POINT ( 'NONE',  ( -113.5445743938529830, 1.236973847267589299, 322.7359503989927703 ) ) ;
#1382 = DIRECTION ( 'NONE',  ( 0.9999995216640081841, -0.0009780959844898921753, 6.938890584784522766E-15 ) ) ;
#1383 = CARTESIAN_POINT ( 'NONE',  ( -105.0159645117521023, 7.149561183046133195, 290.5490212449321348 ) ) ;
#1384 = EDGE_CURVE ( 'NONE', #4249, #6303, #3277, .T. ) ;
#1385 = CARTESIAN_POINT ( 'NONE',  ( -113.7004169170510863, 2.559634867210887954, 322.4678834831035488 ) ) ;
#1386 = CARTESIAN_POINT ( 'NONE',  ( -104.8197140091048709, 6.025860717185806514, 290.7173458525012393 ) ) ;
#1387 = CARTESIAN_POINT ( 'NONE',  ( -91.04642818821029948, 0.0000000000000000000, 144.1225244256510223 ) ) ;
#1388 = CARTESIAN_POINT ( 'NONE',  ( -64.65907882833670328, 0.0000000000000000000, 154.5936789375670060 ) ) ;
#1389 = CARTESIAN_POINT ( 'NONE',  ( -52.84085623724340053, 0.0000000000000000000, 148.5251873153569875 ) ) ;
#1390 = ADVANCED_FACE ( 'NONE', ( #6290 ), #7576, .F. ) ;
#1391 = EDGE_LOOP ( 'NONE', ( #3149, #1803, #1834, #502, #2499, #3653, #2235, #7470, #1374, #2421 ) ) ;
#1392 =( BOUNDED_CURVE ( )  B_SPLINE_CURVE ( 3, ( #4519, #5098, #7488, #986 ),
 .UNSPECIFIED., .F., .F. ) 
 B_SPLINE_CURVE_WITH_KNOTS ( ( 4, 4 ),
 ( 0.9789070033740130405, 1.486582057813595981 ),
 .UNSPECIFIED. ) 
 CURVE ( )  GEOMETRIC_REPRESENTATION_ITEM ( )  RATIONAL_B_SPLINE_CURVE ( ( 1.000000000000000000, 0.9786372468143891279, 0.9786372468143891279, 1.000000000000000000 ) ) 
 REPRESENTATION_ITEM ( '' )  );
#1393 = FACE_OUTER_BOUND ( 'NONE', #3422, .T. ) ;
#1394 = ORIENTED_EDGE ( 'NONE', *, *, #5614, .T. ) ;
#1395 = FACE_OUTER_BOUND ( 'NONE', #1498, .T. ) ;
#1396 = VECTOR ( 'NONE', #575, 1000.000000000000000 ) ;
#1397 = CARTESIAN_POINT ( 'NONE',  ( -44.11832021177700369, 0.0000000000000000000, 142.7031210137659798 ) ) ;
#1398 = EDGE_CURVE ( 'NONE', #5220, #183, #6953, .T. ) ;
#1399 = CARTESIAN_POINT ( 'NONE',  ( -24.23325639221499728, 0.0000000000000000000, 151.4447867908440060 ) ) ;
#1400 = CARTESIAN_POINT ( 'NONE',  ( -64.90601616445481170, 3.097450160108620398, 152.2644436266389789 ) ) ;
#1401 = EDGE_CURVE ( 'NONE', #1338, #4539, #920, .T. ) ;
#1402 = VERTEX_POINT ( 'NONE', #2846 ) ;
#1403 = CIRCLE ( 'NONE', #3289, 2.500000002516668207 ) ;
#1404 = CARTESIAN_POINT ( 'NONE',  ( -84.25229398464540509, 3.343462755986760460, 139.3854688441709868 ) ) ;
#1405 = CARTESIAN_POINT ( 'NONE',  ( -40.55531467909330701, 0.5836621556096129870, 290.2685770007330461 ) ) ;
#1406 = DIRECTION ( 'NONE',  ( -1.000000000000000000, 0.0000000000000000000, 0.0000000000000000000 ) ) ;
#1407 = VECTOR ( 'NONE', #4107, 1000.000000000000000 ) ;
#1408 = FACE_OUTER_BOUND ( 'NONE', #1980, .T. ) ;
#1409 = ORIENTED_EDGE ( 'NONE', *, *, #1051, .F. ) ;
#1410 = CARTESIAN_POINT ( 'NONE',  ( -114.6766424362589589, 5.021236988838977844, 279.6788333085968929 ) ) ;
#1411 = CARTESIAN_POINT ( 'NONE',  ( -70.98884463621310204, 3.174801075924689631, 151.2253781103599977 ) ) ;
#1412 = CARTESIAN_POINT ( 'NONE',  ( -106.0928674035700112, 7.351874933466779893, 274.3154313336120254 ) ) ;
#1413 = ORIENTED_EDGE ( 'NONE', *, *, #4846, .F. ) ;
#1414 = CARTESIAN_POINT ( 'NONE',  ( -114.6398818055089919, 5.715751654649589675, 275.3893777305259505 ) ) ;
#1415 = VECTOR ( 'NONE', #5278, 1000.000000000000000 ) ;
#1416 = FACE_OUTER_BOUND ( 'NONE', #902, .T. ) ;
#1417 = CARTESIAN_POINT ( 'NONE',  ( -105.1086387312479786, 6.756301375081845251, 282.7302141153857065 ) ) ;
#1418 = CARTESIAN_POINT ( 'NONE',  ( -106.1089767938223218, 5.973180139529540078, 282.1705967176671379 ) ) ;
#1419 = DIRECTION ( 'NONE',  ( 0.04817122723086530306, 0.9988390925805179510, 3.155443620884069642E-30 ) ) ;
#1420 = CARTESIAN_POINT ( 'NONE',  ( -44.22869340147769890, 2.834511612196379371, 147.3021612425669957 ) ) ;
#1421 = CARTESIAN_POINT ( 'NONE',  ( -8.987613395358009072, 7.465475172613320609, 149.1705927090369812 ) ) ;
#1422 = CARTESIAN_POINT ( 'NONE',  ( -105.0937857412129972, 7.328819869182560787, 289.7324641808970682 ) ) ;
#1423 = LINE ( 'NONE', #4984, #3961 ) ;
#1424 = CARTESIAN_POINT ( 'NONE',  ( -41.34342688581310199, 1.584433483700089962, 291.6544379066509691 ) ) ;
#1425 = CARTESIAN_POINT ( 'NONE',  ( -91.65993627540390776, 0.0000000000000000000, 138.9567106107369909 ) ) ;
#1426 = CARTESIAN_POINT ( 'NONE',  ( -77.69241112129888904, 3.260045479748649555, 149.1711074892560021 ) ) ;
#1427 = CARTESIAN_POINT ( 'NONE',  ( -30.95508010565160006, 2.665720533699790007, 156.1440956764490124 ) ) ;
#1428 = ORIENTED_EDGE ( 'NONE', *, *, #2891, .F. ) ;
#1429 = ORIENTED_EDGE ( 'NONE', *, *, #1257, .F. ) ;
#1430 = CARTESIAN_POINT ( 'NONE',  ( -105.0274975125637553, 7.196115484776417937, 267.8322410062281733 ) ) ;
#1431 = CARTESIAN_POINT ( 'NONE',  ( -39.34705861651448799, 0.5824803646412810565, 290.8260107819049267 ) ) ;
#1432 = CARTESIAN_POINT ( 'NONE',  ( -72.04287323862409664, 3.188204362394299718, 150.0231755344020144 ) ) ;
#1433 = EDGE_CURVE ( 'NONE', #3058, #7718, #5249, .T. ) ;
#1434 = CARTESIAN_POINT ( 'NONE',  ( -44.64805493513850365, 0.0000000000000000000, 138.4168962137989922 ) ) ;
#1435 = CARTESIAN_POINT ( 'NONE',  ( -23.10231362677630074, 0.0000000000000000000, 150.0476328326280111 ) ) ;
#1436 = DIRECTION ( 'NONE',  ( -0.9988390925805179510, 0.04817122723086530306, 1.376085551261570829E-14 ) ) ;
#1437 =( BOUNDED_CURVE ( )  B_SPLINE_CURVE ( 3, ( #2125, #3384, #6869, #5730 ),
 .UNSPECIFIED., .F., .F. ) 
 B_SPLINE_CURVE_WITH_KNOTS ( ( 4, 4 ),
 ( 2.086760727797998351E-13, 3.141592653590001838 ),
 .UNSPECIFIED. ) 
 CURVE ( )  GEOMETRIC_REPRESENTATION_ITEM ( )  RATIONAL_B_SPLINE_CURVE ( ( 1.000000000000000000, 0.3333333333333333703, 0.3333333333333333703, 1.000000000000000000 ) ) 
 REPRESENTATION_ITEM ( '' )  );
#1438 = CARTESIAN_POINT ( 'NONE',  ( -2.939419985849449191, 3.995356370322069584, 314.3499999999999091 ) ) ;
#1439 = ORIENTED_EDGE ( 'NONE', *, *, #7515, .T. ) ;
#1440 = EDGE_CURVE ( 'NONE', #3376, #5845, #6760, .T. ) ;
#1441 = CARTESIAN_POINT ( 'NONE',  ( -86.66451849500759863, 3.374136986648999859, 137.9289089024570103 ) ) ;
#1442 = CARTESIAN_POINT ( 'NONE',  ( -41.30454151764519821, 0.5843949717224030671, 290.6544379066509691 ) ) ;
#1443 = ADVANCED_FACE ( 'NONE', ( #958 ), #4894, .T. ) ;
#1444 = AXIS2_PLACEMENT_3D ( 'NONE', #5175, #7567, #2203 ) ;
#1445 = CARTESIAN_POINT ( 'NONE',  ( -71.15808691412171072, 0.0000000000000000000, 150.9367816123779846 ) ) ;
#1446 = CARTESIAN_POINT ( 'NONE',  ( -105.1620210869269840, 4.042618502708767991, 277.0149533446161172 ) ) ;
#1447 = ORIENTED_EDGE ( 'NONE', *, *, #2267, .T. ) ;
#1448 = FACE_OUTER_BOUND ( 'NONE', #4725, .T. ) ;
#1449 = CARTESIAN_POINT ( 'NONE',  ( -101.2008219298891873, 3.645365784931451802, 310.2116496422356136 ) ) ;
#1450 = CARTESIAN_POINT ( 'NONE',  ( -0.2042955852831430108, 2.102147792640989721, 321.0388626422419520 ) ) ;
#1451 = CIRCLE ( 'NONE', #6210, 1.000000000000000888 ) ;
#1452 = EDGE_CURVE ( 'NONE', #7424, #1684, #559, .T. ) ;
#1453 = ORIENTED_EDGE ( 'NONE', *, *, #923, .T. ) ;
#1454 = CARTESIAN_POINT ( 'NONE',  ( -105.2189095092669788, 8.118945603783583209, 314.7489999998721828 ) ) ;
#1455 = CARTESIAN_POINT ( 'NONE',  ( -112.1017974746132779, 1.298000576435449860, 322.7098878026903890 ) ) ;
#1456 = CARTESIAN_POINT ( 'NONE',  ( -39.60714360640619702, 1.770998660592340013, 267.6508735655950204 ) ) ;
#1457 = CARTESIAN_POINT ( 'NONE',  ( -114.5208937845375061, 7.745205947137365321, 283.9959784370649345 ) ) ;
#1458 = CIRCLE ( 'NONE', #5465, 5.000000000000004441 ) ;
#1459 = CARTESIAN_POINT ( 'NONE',  ( -43.58692403556380413, 2.826350699120319998, 140.6058824739509987 ) ) ;
#1460 = ORIENTED_EDGE ( 'NONE', *, *, #4927, .F. ) ;
#1461 = CARTESIAN_POINT ( 'NONE',  ( -91.37854058310098537, 3.434082089663229809, 147.3929266544569998 ) ) ;
#1462 = DIRECTION ( 'NONE',  ( -1.498006135058850049E-12, 7.224466329077269378E-14, -1.000000000000000000 ) ) ;
#1463 = FACE_OUTER_BOUND ( 'NONE', #5624, .T. ) ;
#1464 = CARTESIAN_POINT ( 'NONE',  ( -104.5921665855816514, 5.380744412147806521, 291.0286328581202611 ) ) ;
#1465 = CARTESIAN_POINT ( 'NONE',  ( -91.84058429582360361, 0.0000000000000000000, 141.5153031398129713 ) ) ;
#1466 = CARTESIAN_POINT ( 'NONE',  ( -73.26739283156508975, 3.203776756292799899, 149.5605942024200203 ) ) ;
#1467 = CARTESIAN_POINT ( 'NONE',  ( -40.33850024947280133, 1.782280686921549950, 291.3894171086170104 ) ) ;
#1468 = CARTESIAN_POINT ( 'NONE',  ( -30.72943775550220025, 2.662851733978350399, 159.6378670560539774 ) ) ;
#1469 = CIRCLE ( 'NONE', #6101, 250.3959264371650022 ) ;
#1470 = B_SPLINE_CURVE_WITH_KNOTS ( 'NONE', 3,
 ( #4835, #647, #140, #1233, #3164, #4953, #6645, #5542, #725, #5428, #6056, #3628, #4261, #3049, #6726, #4371, #59, #797, #178, #3708, #1900, #1977, #2452, #2569, #2531, #4914, #6016, #2413, #1936, #6093, #7227, #1858, #1271, #4799, #1352, #6761, #4337, #1387, #3200, #3777, #6168, #18, #3669, #7187, #1817, #687, #4221, #3090, #5469, #103, #2492, #4876, #7270, #5735, #2680, #369, #1465, #2050, #956, #213, #6796, #6950, #4485, #5103, #6288, #6207, #6365, #2131, #6873, #3858, #3313, #288, #3936, #5141, #6325, #5657, #3236, #7417, #1425, #3815, #4525, #2608, #3975, #2011, #838, #6248, #4988, #7492, #7455, #1504, #7533, #3351, #2763, #2091, #2172, #5619, #3896 ),
 .UNSPECIFIED., .F., .F.,
 ( 4, 3, 3, 3, 3, 3, 3, 3, 3, 3, 3, 3, 3, 3, 3, 3, 3, 3, 3, 3, 3, 3, 3, 3, 3, 3, 3, 3, 3, 3, 3, 3, 4 ),
 ( 0.0000000000000000000, 0.04396888508006349672, 0.08793777016011630754, 0.1319066552401700065, 0.1758755403202409973, 0.2198444254002999976, 0.2638133104803540019, 0.3077821955604239657, 0.3517510806404939849, 0.3957199657205670018, 0.4396888508006410734, 0.4836577358806949944, 0.5276266209607470836, 0.5715955060408369759, 0.6155643911209250918, 0.6595332762009720184, 0.7050559805996700069, 0.7490248656797300342, 0.7929937507597991653, 0.8369626358398569721, 0.8809315209199329866, 0.9249004059999991201, 0.9688692910800820179, 1.012838176160200110, 1.056807061240329970, 1.100775946320389886, 1.144744831400489993, 1.188713716480580107, 1.232682601560660007, 1.276651486640739908, 1.320620371720820030, 1.364589256800839978, 1.387896546580139834 ),
 .UNSPECIFIED. ) ;
#1471 = CARTESIAN_POINT ( 'NONE',  ( -1.866318363392780011, 0.004472696244420350242, 319.7500000000000000 ) ) ;
#1472 = ORIENTED_EDGE ( 'NONE', *, *, #3794, .T. ) ;
#1473 = CARTESIAN_POINT ( 'NONE',  ( -41.09491957025840492, 10.15576644122140060, 266.6544379066510260 ) ) ;
#1474 = AXIS2_PLACEMENT_3D ( 'NONE', #3638, #2425, #840 ) ;
#1475 = CARTESIAN_POINT ( 'NONE',  ( 0.1926849089234610179, 3.995356370322069139, 0.0000000000000000000 ) ) ;
#1476 = CARTESIAN_POINT ( 'NONE',  ( -105.2103562079479957, 8.711365713970028679, 312.2490000000000236 ) ) ;
#1477 = CARTESIAN_POINT ( 'NONE',  ( -104.9454959578320370, 6.931204387042893877, 312.1047373294515523 ) ) ;
#1478 = DIRECTION ( 'NONE',  ( -1.000000000000000000, 0.0000000000000000000, 0.0000000000000000000 ) ) ;
#1479 = CARTESIAN_POINT ( 'NONE',  ( -12.12289932763319200, 2.766430812654521620, 311.6785580821670010 ) ) ;
#1480 = ORIENTED_EDGE ( 'NONE', *, *, #6476, .T. ) ;
#1481 = EDGE_CURVE ( 'NONE', #7232, #4412, #3507, .T. ) ;
#1482 = CARTESIAN_POINT ( 'NONE',  ( -85.33390321967500824, 3.357216797334400038, 138.3442604248189980 ) ) ;
#1483 = ORIENTED_EDGE ( 'NONE', *, *, #6335, .F. ) ;
#1484 = PLANE ( 'NONE',  #1911 ) ;
#1485 = CARTESIAN_POINT ( 'NONE',  ( -114.4794896093039966, 9.016377881576730147, 283.1544379066509691 ) ) ;
#1486 = CARTESIAN_POINT ( 'NONE',  ( -88.94016535008579183, -0.001000001298026020023, 137.8609707278629912 ) ) ;
#1487 = VERTEX_POINT ( 'NONE', #5343 ) ;
#1488 = CARTESIAN_POINT ( 'NONE',  ( -30.47160450746119764, 0.0000000000000000000, 159.8262634553310022 ) ) ;
#1489 = CARTESIAN_POINT ( 'NONE',  ( -100.2130641889379916, 8.546828554825680158, 292.6544379066509691 ) ) ;
#1490 = CARTESIAN_POINT ( 'NONE',  ( -2.264336804268409775, 0.5286736085354120096, 321.7546027035330098 ) ) ;
#1491 = VERTEX_POINT ( 'NONE', #5889 ) ;
#1492 = CARTESIAN_POINT ( 'NONE',  ( -113.4282625802590019, 8.965680130093529598, 275.1544379066509691 ) ) ;
#1493 = CARTESIAN_POINT ( 'NONE',  ( -22.76971949867539990, 13.00321644496600015, 149.8159981027159802 ) ) ;
#1494 = CARTESIAN_POINT ( 'NONE',  ( -111.9923196441874751, 1.511648625040742822, 322.8817964483058063 ) ) ;
#1495 = CARTESIAN_POINT ( 'NONE',  ( -38.72696553335220671, 2.764550123212220267, 267.1490913920139860 ) ) ;
#1496 = CARTESIAN_POINT ( 'NONE',  ( -103.6293336016019992, 0.6453546297528739428, 267.7556250518960042 ) ) ;
#1497 = CARTESIAN_POINT ( 'NONE',  ( -43.83464626243280549, 2.829500921465510022, 141.7672069935010200 ) ) ;
#1498 = EDGE_LOOP ( 'NONE', ( #631, #4933, #6887, #4390 ) ) ;
#1499 = EDGE_CURVE ( 'NONE', #3296, #7232, #3252, .T. ) ;
#1500 = DIRECTION ( 'NONE',  ( -0.07879696650637034450, -0.9968906851151706494, 0.0000000000000000000 ) ) ;
#1501 = CARTESIAN_POINT ( 'NONE',  ( -102.6781278393540049, 4.196718073539229543, 265.6544379066509691 ) ) ;
#1502 = CARTESIAN_POINT ( 'NONE',  ( -52.62208865027229621, 0.0000000000000000000, 148.4383536049510042 ) ) ;
#1503 = DIRECTION ( 'NONE',  ( 0.0000000000000000000, -1.000000000000000000, 0.0000000000000000000 ) ) ;
#1504 = CARTESIAN_POINT ( 'NONE',  ( -90.22720947242409295, 0.0000000000000000000, 138.1151853424360070 ) ) ;
#1505 = CARTESIAN_POINT ( 'NONE',  ( -64.04951237225400007, 0.0000000000000000000, 150.7485471347480086 ) ) ;
#1506 = CARTESIAN_POINT ( 'NONE',  ( -41.32925083372539632, 2.797641500819330052, 292.6544379066509691 ) ) ;
#1507 = CARTESIAN_POINT ( 'NONE',  ( -31.19129531631350005, 2.668724462344469917, 150.3608053573460097 ) ) ;
#1508 = DIRECTION ( 'NONE',  ( 0.0000000000000000000, 0.0000000000000000000, -1.000000000000000000 ) ) ;
#1509 = VERTEX_POINT ( 'NONE', #4133 ) ;
#1510 = FACE_BOUND ( 'NONE', #2309, .T. ) ;
#1511 = DIRECTION ( 'NONE',  ( -0.04817122723086530306, -0.9988390925805179510, 0.0000000000000000000 ) ) ;
#1512 = CARTESIAN_POINT ( 'NONE',  ( -43.66259271608730330, 0.0000000000000000000, 139.5247236477850095 ) ) ;
#1513 = CARTESIAN_POINT ( 'NONE',  ( -104.8943605477342516, 0.9408932350767230668, 268.6544379066500028 ) ) ;
#1514 = FACE_OUTER_BOUND ( 'NONE', #5147, .T. ) ;
#1515 = CARTESIAN_POINT ( 'NONE',  ( -106.1135807749859339, 5.538088746474403301, 276.5871395479252897 ) ) ;
#1516 = ORIENTED_EDGE ( 'NONE', *, *, #2602, .T. ) ;
#1517 = CARTESIAN_POINT ( 'NONE',  ( -85.08713451079378842, 3.354078818371820425, 144.8402011333869837 ) ) ;
#1518 = ORIENTED_EDGE ( 'NONE', *, *, #4455, .T. ) ;
#1519 = CARTESIAN_POINT ( 'NONE',  ( -41.22566214210520030, 0.5843178200850229764, 290.6473198391939832 ) ) ;
#1520 = LINE ( 'NONE', #3915, #7284 ) ;
#1521 = CARTESIAN_POINT ( 'NONE',  ( -105.1452826596489558, 5.136627245531852459, 277.0421220608128010 ) ) ;
#1522 = CARTESIAN_POINT ( 'NONE',  ( -31.00404298437430128, 0.0000000000000000000, 156.2972270795310124 ) ) ;
#1523 = AXIS2_PLACEMENT_3D ( 'NONE', #4023, #1040, #3439 ) ;
#1524 = CARTESIAN_POINT ( 'NONE',  ( -2.063966701603160203, 0.1279334032063320081, 320.7871302637299777 ) ) ;
#1525 = EDGE_LOOP ( 'NONE', ( #403, #1846, #7681, #2894, #6014, #6151, #6544, #626 ) ) ;
#1526 = CARTESIAN_POINT ( 'NONE',  ( -114.5537830720520134, 7.252545182928535894, 275.5554339232862162 ) ) ;
#1527 = CARTESIAN_POINT ( 'NONE',  ( 0.0000000000000000000, 0.0000000000000000000, 274.1544379066499459 ) ) ;
#1528 = CARTESIAN_POINT ( 'NONE',  ( -105.0920983736679659, 7.374494804437776274, 282.9807657005252963 ) ) ;
#1529 = AXIS2_PLACEMENT_3D ( 'NONE', #3606, #4196, #6623 ) ;
#1530 = CARTESIAN_POINT ( 'NONE',  ( -40.81222435801932136, 2.791066849555193130, 266.7194725046558119 ) ) ;
#1531 = CARTESIAN_POINT ( 'NONE',  ( -103.8929871795959912, 0.6456125083821520061, 267.9470769669530341 ) ) ;
#1532 = CARTESIAN_POINT ( 'NONE',  ( -44.58175162020530280, 2.839001209081470023, 146.4645135601589914 ) ) ;
#1533 = VERTEX_POINT ( 'NONE', #4792 ) ;
#1534 = CARTESIAN_POINT ( 'NONE',  ( -103.8002718676609959, 0.6455218238644759854, 290.4435183447229747 ) ) ;
#1535 = DIRECTION ( 'NONE',  ( -0.9999191579690125398, 0.01271524779707099498, 0.0000000000000000000 ) ) ;
#1536 = ADVANCED_FACE ( 'NONE', ( #1810 ), #342, .T. ) ;
#1537 = VECTOR ( 'NONE', #6750, 1000.000000000000000 ) ;
#1538 = CARTESIAN_POINT ( 'NONE',  ( -51.30878916675349899, 0.0000000000000000000, 147.6197752835460051 ) ) ;
#1539 = CARTESIAN_POINT ( 'NONE',  ( -104.5758927272557912, 5.341203867087829238, 291.0463923177293850 ) ) ;
#1540 = VERTEX_POINT ( 'NONE', #2488 ) ;
#1541 = EDGE_CURVE ( 'NONE', #3920, #1259, #1987, .T. ) ;
#1542 = FACE_OUTER_BOUND ( 'NONE', #67, .T. ) ;
#1543 = CARTESIAN_POINT ( 'NONE',  ( -76.66993654524110013, 3.247043718419170055, 149.1904302413040000 ) ) ;
#1544 = CARTESIAN_POINT ( 'NONE',  ( -41.06605945718237649, 2.794294686715410592, 291.6537402695211654 ) ) ;
#1545 = CARTESIAN_POINT ( 'NONE',  ( -30.21155776425959871, 2.656265511294069626, 153.4214253395219885 ) ) ;
#1546 = CARTESIAN_POINT ( 'NONE',  ( -22.89709757070080087, 2.563253156216440232, 149.8989497352889941 ) ) ;
#1547 = CARTESIAN_POINT ( 'NONE',  ( -38.34887501315819236, 2.759742219877560299, 290.0472952087329759 ) ) ;
#1548 = VERTEX_POINT ( 'NONE', #3233 ) ;
#1549 = CARTESIAN_POINT ( 'NONE',  ( -103.8283310761734270, 5.092868268318265557, 311.5345279900270725 ) ) ;
#1550 = B_SPLINE_SURFACE_WITH_KNOTS ( 'NONE', 4, 1, ( 
 ( #149, #421 ),
 ( #2815, #2224 ),
 ( #7503, #930 ),
 ( #5193, #3906 ),
 ( #3401, #4613 ) ),
 .UNSPECIFIED., .F., .F., .F.,
 ( 5, 5 ),
 ( 2, 2 ),
 ( -1.000000000000000000, 0.0000000000000000000 ),
 ( 0.0000000000000000000, 1.300421644626400086 ),
 .UNSPECIFIED. ) ;
#1551 = DIRECTION ( 'NONE',  ( 0.0000000000000000000, 0.0000000000000000000, -1.000000000000000000 ) ) ;
#1552 = CARTESIAN_POINT ( 'NONE',  ( -44.69420369501450807, 0.0000000000000000000, 145.6882824092390081 ) ) ;
#1553 = FACE_OUTER_BOUND ( 'NONE', #1029, .T. ) ;
#1554 = LINE ( 'NONE', #889, #7198 ) ;
#1555 = CARTESIAN_POINT ( 'NONE',  ( -106.1038617104493085, 6.345362832104845197, 275.8569446859140157 ) ) ;
#1556 = EDGE_LOOP ( 'NONE', ( #6688, #6345, #3496, #7032, #1669, #972, #2943, #235, #2314, #4048, #3785, #3213, #6383, #2154, #3525, #4598, #5011, #5682, #5475, #4010, #2664, #321, #7122, #6868, #2897, #226, #1208, #6743, #5510, #5978, #2338, #7045, #1904, #5323, #2457, #1919, #7077, #6079, #1483, #3585, #6487, #859, #5046, #7145 ) ) ;
#1557 = DIRECTION ( 'NONE',  ( -0.0009780959844864832269, -0.9999995216640081841, 0.0000000000000000000 ) ) ;
#1558 = ORIENTED_EDGE ( 'NONE', *, *, #5557, .T. ) ;
#1559 = CARTESIAN_POINT ( 'NONE',  ( -31.89113661583549941, 2.677623837330069811, 149.8159981027159802 ) ) ;
#1560 = CARTESIAN_POINT ( 'NONE',  ( -71.61743465491530003, 0.0000000000000000000, 156.8341082374240045 ) ) ;
#1561 = CARTESIAN_POINT ( 'NONE',  ( -105.1586545681449820, 7.776169532057134681, 283.0821057859162124 ) ) ;
#1562 = CARTESIAN_POINT ( 'NONE',  ( -31.37843222952550093, 0.0000000000000000000, 158.1026962961029767 ) ) ;
#1563 = CARTESIAN_POINT ( 'NONE',  ( -2.012892176783919407, 0.02578435356781549892, 320.2735923123989892 ) ) ;
#1564 = ORIENTED_EDGE ( 'NONE', *, *, #2975, .F. ) ;
#1565 = CARTESIAN_POINT ( 'NONE',  ( -40.37287818827839914, 0.5834837151251660581, 268.4176842247400145 ) ) ;
#1566 = CALENDAR_DATE ( 2021, 15, 9 ) ;
#1567 = CARTESIAN_POINT ( 'NONE',  ( -112.3981376765401734, 0.7181938305092941954, 322.0375940459293815 ) ) ;
#1568 = CARTESIAN_POINT ( 'NONE',  ( -41.32925083372539632, 2.797641500819330052, 265.6544379066509691 ) ) ;
#1569 = CARTESIAN_POINT ( 'NONE',  ( -35.00728649602969256, 0.0000000000000000000, 149.1705927090359864 ) ) ;
#1570 = CARTESIAN_POINT ( 'NONE',  ( -44.43946988013149735, 2.837192117594290242, 143.7852023452299761 ) ) ;
#1571 = EDGE_LOOP ( 'NONE', ( #4394, #4778, #5671, #5902 ) ) ;
#1572 = CARTESIAN_POINT ( 'NONE',  ( -103.6974684160310005, 0.6454212721731469316, 290.5136945114709874 ) ) ;
#1573 = CARTESIAN_POINT ( 'NONE',  ( -113.6231416589113508, 6.033027572063486943, 281.8685243694262681 ) ) ;
#1574 = AXIS2_PLACEMENT_3D ( 'NONE', #4596, #6399, #2835 ) ;
#1575 = B_SPLINE_CURVE_WITH_KNOTS ( 'NONE', 3,
 ( #7338, #6751, #2442, #3080, #596, #2997, #4826, #5375, #6638, #6865, #945, #359, #1418, #5646, #6825, #4514, #6940, #5686, #3228, #6160, #5054, #790, #7372, #3342, #6901, #6276, #204, #3193, #5725 ),
 .UNSPECIFIED., .F., .F.,
 ( 4, 2, 2, 2, 2, 2, 2, 2, 2, 1, 1, 1, 2, 2, 2, 4 ),
 ( 0.0000000000000000000, 0.1250000000007038814, 0.1875000000010560441, 0.2187500000012323198, 0.2343750000013143930, 0.2500000000013964385, 0.3750000000020125568, 0.4375000000023318014, 0.4687500000024914515, 0.4843750000025555114, 0.4921875000025707769, 0.4960937500025613955, 0.4980468750025566771, 0.5000000000025519586, 0.7500000000012759793, 1.000000000000000000 ),
 .UNSPECIFIED. ) ;
#1576 = EDGE_CURVE ( 'NONE', #2805, #6423, #3110, .T. ) ;
#1577 = CARTESIAN_POINT ( 'NONE',  ( -83.45014360182798896, 3.333262390480450144, 148.5251873153569875 ) ) ;
#1578 = CARTESIAN_POINT ( 'NONE',  ( -103.6334141053887521, 3.784891845935606458, 291.5989343303003238 ) ) ;
#1579 = ORIENTED_EDGE ( 'NONE', *, *, #4987, .T. ) ;
#1580 = CIRCLE ( 'NONE', #4705, 2.499999999999748201 ) ;
#1581 = CARTESIAN_POINT ( 'NONE',  ( -3.311587315079160376, 0.0000000000000000000, 315.2500000000000000 ) ) ;
#1582 = CARTESIAN_POINT ( 'NONE',  ( -77.35624575785091395, 3.255770724665190130, 149.1728071058080047 ) ) ;
#1583 = CARTESIAN_POINT ( 'NONE',  ( -39.82547465744578119, 2.778519068212261356, 290.9732051239473662 ) ) ;
#1584 = CARTESIAN_POINT ( 'NONE',  ( -30.64818195780820176, 2.661818672856449908, 159.6995131851770111 ) ) ;
#1585 = CARTESIAN_POINT ( 'NONE',  ( -24.31723270729679953, 2.581311887081390477, 151.6608042435660195 ) ) ;
#1586 = PLANE ( 'NONE',  #2726 ) ;
#1587 = VERTEX_POINT ( 'NONE', #244 ) ;
#1588 = CARTESIAN_POINT ( 'NONE',  ( -39.34418722376907596, 3.518175385115938969, 267.4828650313969547 ) ) ;
#1589 = B_SPLINE_CURVE_WITH_KNOTS ( 'NONE', 3,
 ( #6712, #4939, #4326, #5496, #1889, #7300, #7175, #712, #4824, #4362 ),
 .UNSPECIFIED., .F., .F.,
 ( 4, 2, 2, 2, 4 ),
 ( 0.0000000000000000000, 0.2500000000000000000, 0.5000000000000000000, 0.7500000000000000000, 1.000000000000000000 ),
 .UNSPECIFIED. ) ;
#1590 = CARTESIAN_POINT ( 'NONE',  ( -71.76999694311699329, 3.184734435892529802, 150.2463149355930057 ) ) ;
#1591 = CARTESIAN_POINT ( 'NONE',  ( -110.0392907047369988, 12.80688848307550032, 323.7500000000000000 ) ) ;
#1592 = CARTESIAN_POINT ( 'NONE',  ( -104.9938429583054784, 7.080436295869501073, 312.1298264895469856 ) ) ;
#1593 = EDGE_CURVE ( 'NONE', #1540, #3464, #1624, .T. ) ;
#1594 = CARTESIAN_POINT ( 'NONE',  ( -66.85473093634611530, 3.122230545901170551, 160.4802146902100048 ) ) ;
#1595 = LINE ( 'NONE', #3989, #3733 ) ;
#1596 = VERTEX_POINT ( 'NONE', #2677 ) ;
#1597 = CARTESIAN_POINT ( 'NONE',  ( -113.6563544796389493, 12.98132939383242146, 283.3537211170152545 ) ) ;
#1598 = EDGE_LOOP ( 'NONE', ( #21, #2116, #6241, #4969 ) ) ;
#1599 = DIRECTION ( 'NONE',  ( 0.0000000000000000000, 0.0000000000000000000, -1.000000000000000000 ) ) ;
#1600 = CARTESIAN_POINT ( 'NONE',  ( -71.80498872249829390, 0.0000000000000000000, 157.7358940324759828 ) ) ;
#1601 = DIRECTION ( 'NONE',  ( -1.000000000000000000, 0.0000000000000000000, 0.0000000000000000000 ) ) ;
#1602 = CARTESIAN_POINT ( 'NONE',  ( -30.18371156569260094, 0.0000000000000000000, 152.4942394678210178 ) ) ;
#1603 = CARTESIAN_POINT ( 'NONE',  ( -105.1097879016160590, 7.533647016815333330, 268.4308321378050550 ) ) ;
#1604 = ORIENTED_EDGE ( 'NONE', *, *, #4744, .T. ) ;
#1605 = CARTESIAN_POINT ( 'NONE',  ( -105.2103562079479957, 8.711365713970039337, 274.1544379066509691 ) ) ;
#1606 = CARTESIAN_POINT ( 'NONE',  ( -105.2103562079479957, 8.711365713970039337, 284.1544379066509691 ) ) ;
#1607 = CARTESIAN_POINT ( 'NONE',  ( -113.6909409977389913, 0.2276121061000110357, 318.7499999999959641 ) ) ;
#1608 = CARTESIAN_POINT ( 'NONE',  ( -105.1851464518889969, 1.650855100457919944, 289.6544379066509691 ) ) ;
#1609 = CARTESIAN_POINT ( 'NONE',  ( -23.32688438708430212, 0.0000000000000000000, 158.6197870287610101 ) ) ;
#1610 = CARTESIAN_POINT ( 'NONE',  ( -39.34971103413769100, 0.5824829589611224545, 268.3935407409401819 ) ) ;
#1611 = ORIENTED_EDGE ( 'NONE', *, *, #1769, .T. ) ;
#1612 = CARTESIAN_POINT ( 'NONE',  ( -103.3027588937149943, 0.6450352081896619794, 290.6475368681079772 ) ) ;
#1613 = CARTESIAN_POINT ( 'NONE',  ( -1.637909052153829981, 3.995356370322069139, 163.8962259421620047 ) ) ;
#1614 = ORIENTED_EDGE ( 'NONE', *, *, #4410, .T. ) ;
#1615 = CARTESIAN_POINT ( 'NONE',  ( -51.43442181499249699, 2.188867627252650164E-19, 139.3305814868379855 ) ) ;
#1616 = FACE_OUTER_BOUND ( 'NONE', #4822, .T. ) ;
#1617 = ORIENTED_EDGE ( 'NONE', *, *, #724, .F. ) ;
#1618 = DIRECTION ( 'NONE',  ( -0.9988390925805179510, 0.04817122723086519898, 0.0000000000000000000 ) ) ;
#1619 = CARTESIAN_POINT ( 'NONE',  ( -51.40837444678739843, 2.925810416572250272, 141.4876742375560070 ) ) ;
#1620 = CARTESIAN_POINT ( 'NONE',  ( -41.34196608152250008, 1.797722342850319954, 291.6544379066509691 ) ) ;
#1621 = CARTESIAN_POINT ( 'NONE',  ( -23.28938914043039787, 2.568241685908190242, 150.1974115069340030 ) ) ;
#1622 = ORIENTED_EDGE ( 'NONE', *, *, #2592, .F. ) ;
#1623 = CARTESIAN_POINT ( 'NONE',  ( -104.7072170355937857, 6.354383054233008643, 266.9621786050390142 ) ) ;
#1624 = CIRCLE ( 'NONE', #7625, 1.000000000000000444 ) ;
#1625 = CARTESIAN_POINT ( 'NONE',  ( -104.9869781677899852, 0.6466825370866764455, 290.5424365547509069 ) ) ;
#1626 = CARTESIAN_POINT ( 'NONE',  ( -43.04477229898999724, 0.0000000000000000000, 148.4930367293110010 ) ) ;
#1627 = LINE ( 'NONE', #4574, #779 ) ;
#1628 = EDGE_CURVE ( 'NONE', #1777, #3594, #749, .T. ) ;
#1629 = CARTESIAN_POINT ( 'NONE',  ( -42.99652753305959862, 13.00321644496600015, 148.5251873153569875 ) ) ;
#1630 = DIRECTION ( 'NONE',  ( -0.5004356563159257920, 0.0000000000000000000, 0.8657737313453489625 ) ) ;
#1631 = VERTEX_POINT ( 'NONE', #3930 ) ;
#1632 = DIRECTION ( 'NONE',  ( -0.04817122723086530306, -0.9988390925805179510, 0.0000000000000000000 ) ) ;
#1633 = ORIENTED_EDGE ( 'NONE', *, *, #6221, .T. ) ;
#1634 = EDGE_CURVE ( 'NONE', #1861, #443, #7257, .T. ) ;
#1635 = CARTESIAN_POINT ( 'NONE',  ( -40.48276161519375194, 1.784771103352968291, 291.4652859933375453 ) ) ;
#1636 = CARTESIAN_POINT ( 'NONE',  ( -71.81572126414660318, 2.168404344971009831E-19, 158.4543567353619835 ) ) ;
#1637 = ADVANCED_FACE ( 'NONE', ( #2166 ), #3254, .T. ) ;
#1638 = CARTESIAN_POINT ( 'NONE',  ( -30.55932559416000061, 0.0000000000000000000, 154.9101712212130053 ) ) ;
#1639 = CARTESIAN_POINT ( 'NONE',  ( -104.7003347834090192, 6.324120492522485648, 267.3945276799688031 ) ) ;
#1640 = VERTEX_POINT ( 'NONE', #7568 ) ;
#1641 = CARTESIAN_POINT ( 'NONE',  ( -40.40799680987969822, 0.5835180645243649433, 268.3035080768279954 ) ) ;
#1642 =( BOUNDED_CURVE ( )  B_SPLINE_CURVE ( 3, ( #1165, #3595, #5514, #612 ),
 .UNSPECIFIED., .F., .F. ) 
 B_SPLINE_CURVE_WITH_KNOTS ( ( 4, 4 ),
 ( 1.449086697042021754, 1.692505956547602164 ),
 .UNSPECIFIED. ) 
 CURVE ( )  GEOMETRIC_REPRESENTATION_ITEM ( )  RATIONAL_B_SPLINE_CURVE ( ( 1.000000000000000000, 0.9950683476634676339, 0.9950683476634676339, 1.000000000000000000 ) ) 
 REPRESENTATION_ITEM ( '' )  );
#1643 = CARTESIAN_POINT ( 'NONE',  ( -105.1158941431090028, 11.28185008248769883, 284.1544379067580053 ) ) ;
#1644 = CARTESIAN_POINT ( 'NONE',  ( -38.32945050852320179, 2.759495212519210039, 268.6544379066510260 ) ) ;
#1645 = CARTESIAN_POINT ( 'NONE',  ( -114.6866948327047879, 4.681307882998065217, 281.6717304103564175 ) ) ;
#1646 = AXIS2_PLACEMENT_3D ( 'NONE', #6714, #3659, #3734 ) ;
#1647 = CARTESIAN_POINT ( 'NONE',  ( -34.22820090149889438, 2.707342591364410023, 149.3319496511639954 ) ) ;
#1648 = VERTEX_POINT ( 'NONE', #3854 ) ;
#1649 = B_SPLINE_CURVE_WITH_KNOTS ( 'NONE', 3,
 ( #3795, #1442, #6265, #1519, #6223, #5716, #3832, #5043, #894, #3292, #5674, #5083, #6890, #349, #2740, #4966, #5121, #7360, #7510, #3759, #6775, #1405, #2938, #539, #1124, #4031, #7046, #4621, #3446, #503, #4110, #2189, #3993, #6424, #3521, #5242, #6385, #5200, #2342, #2821, #7670, #4068, #6461 ),
 .UNSPECIFIED., .F., .F.,
 ( 4, 3, 3, 3, 3, 3, 3, 3, 3, 3, 3, 3, 3, 3, 4 ),
 ( 0.0000000000000000000, 0.0001178930484794689924, 0.0002374640434461659918, 0.0003566180077892630021, 0.0003905425914885319975, 0.0005858138874647889635, 0.0007810851829770630193, 0.0009052595806312680555, 0.001029494929669759950, 0.001140314408958769971, 0.001172061718861399943, 0.001193046403583209944, 0.001319804627318940009, 0.001446686596044869906, 0.001562170365954239880 ),
 .UNSPECIFIED. ) ;
#1650 = CARTESIAN_POINT ( 'NONE',  ( -103.5500544456400007, 0.6452770870916809676, 290.5858622477139761 ) ) ;
#1651 = DIRECTION ( 'NONE',  ( -0.04817122653225010959, -0.9988390926142102222, 2.648918289858325491E-09 ) ) ;
#1652 = ORIENTED_EDGE ( 'NONE', *, *, #4223, .F. ) ;
#1653 = CIRCLE ( 'NONE', #24, 2.000000000000001776 ) ;
#1654 = CARTESIAN_POINT ( 'NONE',  ( -50.44066074806080024, 0.0000000000000000000, 146.0897102232210045 ) ) ;
#1655 = DIRECTION ( 'NONE',  ( 1.000000000000000000, 0.0000000000000000000, 0.0000000000000000000 ) ) ;
#1656 = CARTESIAN_POINT ( 'NONE',  ( -103.8468661366660086, 0.6455673975536840858, 267.9009894220849333 ) ) ;
#1657 = CARTESIAN_POINT ( 'NONE',  ( -50.61020294905679862, 2.915660647666109995, 144.0070169410230108 ) ) ;
#1658 = CARTESIAN_POINT ( 'NONE',  ( -1.637909052151569789, 3.995356370322069139, 323.7500000000000000 ) ) ;
#1659 = VECTOR ( 'NONE', #1599, 1000.000000000000000 ) ;
#1660 = CARTESIAN_POINT ( 'NONE',  ( -24.29042985285019896, 2.580971303081550428, 154.2277071925919927 ) ) ;
#1661 = CARTESIAN_POINT ( 'NONE',  ( -7.158864168943710027, 7.845252078296373277, 318.7500000000000000 ) ) ;
#1662 = ORIENTED_EDGE ( 'NONE', *, *, #6616, .F. ) ;
#1663 = CARTESIAN_POINT ( 'NONE',  ( -101.9128950705035948, 4.801205437819398902, 313.0531337235323122 ) ) ;
#1664 = CARTESIAN_POINT ( 'NONE',  ( -104.9253967381899884, 0.6466223045082538645, 290.6574080856387923 ) ) ;
#1665 = CARTESIAN_POINT ( 'NONE',  ( -112.7643120787219999, 0.0000000000000000000, 319.7500000000000000 ) ) ;
#1666 = CARTESIAN_POINT ( 'NONE',  ( -105.1881255202159906, 0.6468792785984159854, 268.6544379066510260 ) ) ;
#1667 = CARTESIAN_POINT ( 'NONE',  ( -107.2605271331457999, 3.995356370322069139, 318.7500000000000000 ) ) ;
#1668 = CARTESIAN_POINT ( 'NONE',  ( -100.2130641889379916, 8.546828554825708579, 161.8745000000000118 ) ) ;
#1669 = ORIENTED_EDGE ( 'NONE', *, *, #3879, .T. ) ;
#1670 = CARTESIAN_POINT ( 'NONE',  ( -113.1579502396589874, 0.03912035089981710095, 159.8547740578390233 ) ) ;
#1671 = CARTESIAN_POINT ( 'NONE',  ( -112.8666767211650068, 0.02519176328375869953, 320.1928991590920077 ) ) ;
#1672 = EDGE_CURVE ( 'NONE', #1286, #3490, #5806, .T. ) ;
#1673 = VERTEX_POINT ( 'NONE', #3310 ) ;
#1674 = CARTESIAN_POINT ( 'NONE',  ( -40.05476634857117091, 1.778068067588574719, 291.1854567147123021 ) ) ;
#1675 = CARTESIAN_POINT ( 'NONE',  ( -71.37063690978371255, 0.0000000000000000000, 156.0250369546699858 ) ) ;
#1676 = CARTESIAN_POINT ( 'NONE',  ( -28.38991101903889813, 0.0000000000000000000, 160.4637650935210047 ) ) ;
#1677 = DIRECTION ( 'NONE',  ( -0.04817122723086530306, -0.9988390925805179510, 0.0000000000000000000 ) ) ;
#1678 = EDGE_LOOP ( 'NONE', ( #884, #6609, #2163, #4803 ) ) ;
#1679 = CARTESIAN_POINT ( 'NONE',  ( -40.44558174764539871, 0.5835548262186549540, 268.2112330368640301 ) ) ;
#1680 = PERSON_AND_ORGANIZATION ( #6822, #814 ) ;
#1681 = DIRECTION ( 'NONE',  ( -0.04817122723086530306, -0.9988390925805179510, 0.0000000000000000000 ) ) ;
#1682 = DIRECTION ( 'NONE',  ( -0.7230536400546163645, -0.6907918887796592466, 0.0000000000000000000 ) ) ;
#1683 = CARTESIAN_POINT ( 'NONE',  ( -33.89887487394170051, 2.703154821882169934, 149.3724244134330092 ) ) ;
#1684 = VERTEX_POINT ( 'NONE', #1613 ) ;
#1685 = CARTESIAN_POINT ( 'NONE',  ( -114.6719128903419573, 5.126156535869073494, 280.2035835787111182 ) ) ;
#1686 = CARTESIAN_POINT ( 'NONE',  ( 147.2183984880660148, 0.4001316320757019596, 275.1544379066509691 ) ) ;
#1687 = ADVANCED_FACE ( 'NONE', ( #4008 ), #913, .F. ) ;
#1688 = LOCAL_TIME ( 10, 41, 8.000000000000000000, #120 ) ;
#1689 =( BOUNDED_SURFACE ( )  B_SPLINE_SURFACE ( 3, 2, ( 
 ( #1823, #571, #5867 ),
 ( #941, #3339, #2155 ),
 ( #7153, #1162, #2749 ),
 ( #5979, #1121, #5722 ),
 ( #6495, #1708, #3556 ),
 ( #2419, #500, #4065 ),
 ( #2934, #7667, #1198 ),
 ( #7517, #5128, #6458 ),
 ( #356, #5314, #1749 ),
 ( #5941, #7078, #4226 ),
 ( #7702, #1082, #2339 ),
 ( #4804, #4653, #7193 ) ),
 .UNSPECIFIED., .F., .F., .F. ) 
 B_SPLINE_SURFACE_WITH_KNOTS ( ( 4, 2, 2, 2, 2, 4 ),
 ( 3, 3 ),
 ( 0.0000000000000000000, 0.0003905425914885729804, 0.0005858138872328589285, 0.0007810851829771459608, 0.001171627774465719809, 0.001562170365954289970 ),
 ( 0.0000000000000000000, 1.000000000000000000 ),
 .UNSPECIFIED. ) 
 GEOMETRIC_REPRESENTATION_ITEM ( )  RATIONAL_B_SPLINE_SURFACE ( (
 ( 1.000000000000000000, 0.7071067811865480168, 1.000000000000000000),
 ( 1.000000000000000000, 0.7073520946479370242, 1.000000000000000000),
 ( 1.000000000000000000, 0.7075978986352389200, 1.000000000000000000),
 ( 1.000000000000000000, 0.7079394973086070575, 1.000000000000000000),
 ( 1.000000000000000000, 0.7080475938265339275, 1.000000000000000000),
 ( 1.000000000000000000, 0.7082523064416199610, 1.000000000000000000),
 ( 1.000000000000000000, 0.7083493140289289780, 1.000000000000000000),
 ( 1.000000000000000000, 0.7086102969697339882, 1.000000000000000000),
 ( 1.000000000000000000, 0.7087510517295300128, 1.000000000000000000),
 ( 1.000000000000000000, 0.7089397188129420435, 1.000000000000000000),
 ( 1.000000000000000000, 0.7089903174609439862, 1.000000000000000000),
 ( 1.000000000000000000, 0.7089899023075090234, 1.000000000000000000) ) ) 
 REPRESENTATION_ITEM ( '' )  SURFACE ( )  );
#1690 = ORIENTED_EDGE ( 'NONE', *, *, #3794, .F. ) ;
#1691 = CARTESIAN_POINT ( 'NONE',  ( -50.46980161826670042, 0.0000000000000000000, 144.6216873933009879 ) ) ;
#1692 = CARTESIAN_POINT ( 'NONE',  ( -38.10329117354349648, 2.756619244658099710, 149.1667367260280059 ) ) ;
#1693 = CARTESIAN_POINT ( 'NONE',  ( -114.0434928689719811, 13.00000000000000000, 319.7500000000000000 ) ) ;
#1694 = CIRCLE ( 'NONE', #2205, 1.000000000000000000 ) ;
#1695 = CARTESIAN_POINT ( 'NONE',  ( -50.38569878910040245, 2.912805790848359777, 145.5506107755890071 ) ) ;
#1696 = CARTESIAN_POINT ( 'NONE',  ( -13.41498534192381697, 2.442676001885777382, 310.0698466192329761 ) ) ;
#1697 = CARTESIAN_POINT ( 'NONE',  ( -105.1881255202159906, 0.6468792785984149862, 289.6544379066509691 ) ) ;
#1698 = CARTESIAN_POINT ( 'NONE',  ( -103.5197322085640650, 1.645941284799844917, 266.6754944042547208 ) ) ;
#1699 = AXIS2_PLACEMENT_3D ( 'NONE', #759, #3163, #989 ) ;
#1700 = ORIENTED_EDGE ( 'NONE', *, *, #1812, .F. ) ;
#1701 = LINE ( 'NONE', #5267, #6339 ) ;
#1702 = CYLINDRICAL_SURFACE ( 'NONE', #7083, 2.200000000000000178 ) ;
#1703 = CARTESIAN_POINT ( 'NONE',  ( -114.7639975831960157, 2.035466649103220060, 320.0755716007920455 ) ) ;
#1704 = DIRECTION ( 'NONE',  ( -1.000000000000000000, 0.0000000000000000000, 0.0000000000000000000 ) ) ;
#1705 = CARTESIAN_POINT ( 'NONE',  ( -12.27096604351938858, 3.891468527385760545, 313.2834055155793180 ) ) ;
#1706 = CARTESIAN_POINT ( 'NONE',  ( -104.1861368306289961, 0.6458992370158400664, 289.6544379066509691 ) ) ;
#1707 = VERTEX_POINT ( 'NONE', #5615 ) ;
#1708 = CARTESIAN_POINT ( 'NONE',  ( -40.34450896826670174, 0.5834559672918532280, 291.3883951451983876 ) ) ;
#1709 = CARTESIAN_POINT ( 'NONE',  ( -113.0425008268920095, 12.95172494201169933, 283.1544379066509691 ) ) ;
#1710 = ORIENTED_EDGE ( 'NONE', *, *, #4742, .T. ) ;
#1711 = CARTESIAN_POINT ( 'NONE',  ( -39.34213890066340014, 1.766904805648899845, 289.6544379066509691 ) ) ;
#1712 = CARTESIAN_POINT ( 'NONE',  ( -71.32589055531720135, 0.0000000000000000000, 155.8881658834700090 ) ) ;
#1713 = CARTESIAN_POINT ( 'NONE',  ( -63.75135367606151249, 3.082767546258690317, 150.4993185646710003 ) ) ;
#1714 = EDGE_CURVE ( 'NONE', #7739, #5761, #2639, .T. ) ;
#1715 = CARTESIAN_POINT ( 'NONE',  ( -104.7810884265079920, 6.496840906384432124, 267.5141814526961639 ) ) ;
#1716 = VECTOR ( 'NONE', #6127, 1000.000000000000000 ) ;
#1717 = EDGE_LOOP ( 'NONE', ( #2748, #5336 ) ) ;
#1718 = CARTESIAN_POINT ( 'NONE',  ( -40.98047911099060059, 0.5840780074320960358, 267.7230129977999695 ) ) ;
#1719 = CARTESIAN_POINT ( 'NONE',  ( -106.2098146117499908, 8.744273145798899805, 283.1544379066509691 ) ) ;
#1720 = DIRECTION ( 'NONE',  ( 1.000000000000000000, 0.0000000000000000000, 0.0000000000000000000 ) ) ;
#1721 = CARTESIAN_POINT ( 'NONE',  ( -112.7643120787219999, 2.000000000000000000, 323.7500000000000000 ) ) ;
#1722 = VECTOR ( 'NONE', #2234, 1000.000000000000000 ) ;
#1723 = CARTESIAN_POINT ( 'NONE',  ( -44.58016799980010347, 2.838981061568840225, 138.4594655301869750 ) ) ;
#1724 = ORIENTED_EDGE ( 'NONE', *, *, #1634, .F. ) ;
#1725 = DIRECTION ( 'NONE',  ( -1.000000000000000000, 0.0000000000000000000, 0.0000000000000000000 ) ) ;
#1726 = CARTESIAN_POINT ( 'NONE',  ( -2.770906554907969888, 1.541813109819609950, 322.9486673593120258 ) ) ;
#1727 = EDGE_CURVE ( 'NONE', #5109, #3260, #6008, .T. ) ;
#1728 = DIRECTION ( 'NONE',  ( 0.0000000000000000000, 0.0000000000000000000, -1.000000000000000000 ) ) ;
#1729 = EDGE_CURVE ( 'NONE', #5166, #88, #4160, .T. ) ;
#1730 = ORIENTED_EDGE ( 'NONE', *, *, #7142, .T. ) ;
#1731 = CARTESIAN_POINT ( 'NONE',  ( -50.65609002758090185, 0.0000000000000000000, 146.7662057929800312 ) ) ;
#1732 = CARTESIAN_POINT ( 'NONE',  ( -81.06186215499751313, -0.001000001298026020023, 138.7571094230850122 ) ) ;
#1733 = EDGE_CURVE ( 'NONE', #6729, #7423, #515, .T. ) ;
#1734 = CARTESIAN_POINT ( 'NONE',  ( -104.9323765058280031, 1.650106863333629992, 267.6469768603739681 ) ) ;
#1735 = CARTESIAN_POINT ( 'NONE',  ( -50.69422784488979516, 2.916729131416140319, 143.6884728007439946 ) ) ;
#1736 = CARTESIAN_POINT ( 'NONE',  ( -91.48401671330090323, 3.435423336761489921, 138.7677244518629607 ) ) ;
#1737 = EDGE_CURVE ( 'NONE', #4531, #1316, #3875, .T. ) ;
#1738 = CARTESIAN_POINT ( 'NONE',  ( -11.58817493618526662, 3.055037765485151269, 310.9792849434025470 ) ) ;
#1739 = CARTESIAN_POINT ( 'NONE',  ( -23.29537628279449990, 2.568317938882469509, 158.4031032840200055 ) ) ;
#1740 = FACE_OUTER_BOUND ( 'NONE', #5729, .T. ) ;
#1741 = VERTEX_POINT ( 'NONE', #3534 ) ;
#1742 = CARTESIAN_POINT ( 'NONE',  ( -103.8283290848234515, 5.092874379955540931, 265.9984838126736690 ) ) ;
#1743 = CARTESIAN_POINT ( 'NONE',  ( -62.44054221136629224, 3.066098504611760145, 149.8159981027159802 ) ) ;
#1744 = CARTESIAN_POINT ( 'NONE',  ( -113.9565452391409934, 2.433946838146219704, 322.1531366507489906 ) ) ;
#1745 = DIRECTION ( 'NONE',  ( 0.5004356563159189086, 0.0000000000000000000, -0.8657737313453530703 ) ) ;
#1746 = CARTESIAN_POINT ( 'NONE',  ( -13.60644835265779484, 2.526493149962718121, 310.6474092481515186 ) ) ;
#1747 = CARTESIAN_POINT ( 'NONE',  ( -105.1835881693360193, 7.898856024492856953, 284.1007923058563165 ) ) ;
#1748 = ORIENTED_EDGE ( 'NONE', *, *, #4798, .T. ) ;
#1749 = CARTESIAN_POINT ( 'NONE',  ( -39.59620418780029638, 1.578068440288569851, 290.6619013862600127 ) ) ;
#1750 = CARTESIAN_POINT ( 'NONE',  ( -105.0761147558008162, 7.197607905908610881, 289.9405546677214147 ) ) ;
#1751 = ORIENTED_EDGE ( 'NONE', *, *, #776, .T. ) ;
#1752 = CARTESIAN_POINT ( 'NONE',  ( -40.85202159078222195, 1.789840592389684071, 266.6973942964518756 ) ) ;
#1753 = CARTESIAN_POINT ( 'NONE',  ( -22.55931850889460222, 2.558957689420209736, 149.7472543115210044 ) ) ;
#1754 = CARTESIAN_POINT ( 'NONE',  ( -105.1978088487339988, 9.583333864162177917, 372.3987999999999943 ) ) ;
#1755 = DIRECTION ( 'NONE',  ( -0.01271524779707100018, -0.9999191579690125398, 0.0000000000000000000 ) ) ;
#1756 = ORIENTED_EDGE ( 'NONE', *, *, #2451, .T. ) ;
#1757 = CARTESIAN_POINT ( 'NONE',  ( -102.7125410322849888, 8.603862764566404309, 314.7489999999998531 ) ) ;
#1758 = CARTESIAN_POINT ( 'NONE',  ( -85.15118329579239287, 0.0000000000000000000, 138.4402398310040212 ) ) ;
#1759 = CARTESIAN_POINT ( 'NONE',  ( -105.0752176418170336, 7.191346561004337445, 268.3610451952871472 ) ) ;
#1760 = CARTESIAN_POINT ( 'NONE',  ( -44.60348245574819259, 2.839277533179799917, 138.4462082381270136 ) ) ;
#1761 = VERTEX_POINT ( 'NONE', #4741 ) ;
#1762 = CARTESIAN_POINT ( 'NONE',  ( -114.4461767059869430, 8.778501474740735944, 283.1564609061067586 ) ) ;
#1763 = CARTESIAN_POINT ( 'NONE',  ( -11.46271806103630020, 8.052814961643530722, 312.2490000000000236 ) ) ;
#1764 = CARTESIAN_POINT ( 'NONE',  ( -105.1680338993389938, 9.996771005611780225, 274.1544379067579484 ) ) ;
#1765 = ORIENTED_EDGE ( 'NONE', *, *, #5408, .T. ) ;
#1766 = CARTESIAN_POINT ( 'NONE',  ( -113.6575480812669952, 5.182054708223460260, 277.8695210390890225 ) ) ;
#1767 = CARTESIAN_POINT ( 'NONE',  ( -51.05476858520820116, 0.0000000000000000000, 142.5892153382280014 ) ) ;
#1768 = CARTESIAN_POINT ( 'NONE',  ( -103.0747735328260006, 4.439505776992295871, 292.6257697911334503 ) ) ;
#1769 = EDGE_CURVE ( 'NONE', #764, #7572, #1319, .T. ) ;
#1770 = DIRECTION ( 'NONE',  ( 0.9999995216640081841, -0.0009780959844864832269, 0.0000000000000000000 ) ) ;
#1771 = CARTESIAN_POINT ( 'NONE',  ( -50.87949910592240599, 2.919085693441330065, 138.6651793715400061 ) ) ;
#1772 = CARTESIAN_POINT ( 'NONE',  ( -91.10505371209588077, 3.430604338717659463, 143.8959667434129983 ) ) ;
#1773 = CARTESIAN_POINT ( 'NONE',  ( -9.983937447942196286, 8.314336048158388337, 314.7490000000002510 ) ) ;
#1774 = CARTESIAN_POINT ( 'NONE',  ( -2.763972161589989707, 7.633298678480596067, 161.8755000000000166 ) ) ;
#1775 = AXIS2_PLACEMENT_3D ( 'NONE', #4777, #123, #4896 ) ;
#1776 = CARTESIAN_POINT ( 'NONE',  ( -103.1881264768879873, 0.6449230866294429765, 266.6544379066510260 ) ) ;
#1777 = VERTEX_POINT ( 'NONE', #7683 ) ;
#1778 = FACE_OUTER_BOUND ( 'NONE', #3280, .T. ) ;
#1779 = EDGE_CURVE ( 'NONE', #1587, #6436, #3009, .T. ) ;
#1780 = CARTESIAN_POINT ( 'NONE',  ( -105.1851464519070021, 1.650855100546440024, 289.9160302508309996 ) ) ;
#1781 = CIRCLE ( 'NONE', #1529, 1.000000000000000888 ) ;
#1782 = CARTESIAN_POINT ( 'NONE',  ( -3.118902406158289953, 3.995356370322069139, 322.2500000000000000 ) ) ;
#1783 = CARTESIAN_POINT ( 'NONE',  ( -12.29074691599434566, 3.853652757421487607, 313.2448003242054710 ) ) ;
#1784 = ORIENTED_EDGE ( 'NONE', *, *, #2991, .T. ) ;
#1785 = AXIS2_PLACEMENT_3D ( 'NONE', #7630, #2265, #7081 ) ;
#1786 = CARTESIAN_POINT ( 'NONE',  ( -72.34475268460390396, 13.00321644496600015, 149.8159981027159802 ) ) ;
#1787 = CARTESIAN_POINT ( 'NONE',  ( -104.9942836071491712, 6.723940691788527602, 290.3219857172001639 ) ) ;
#1788 = CARTESIAN_POINT ( 'NONE',  ( -105.1851464519072010, 1.650855100458005431, 289.7938338968481276 ) ) ;
#1789 = CARTESIAN_POINT ( 'NONE',  ( -22.66558995754710182, 2.560309241556240067, 149.7805870806829773 ) ) ;
#1790 = CARTESIAN_POINT ( 'NONE',  ( -100.2130641889379916, 8.546828554825708579, 149.1705927090359864 ) ) ;
#1791 = LINE ( 'NONE', #2504, #1871 ) ;
#1792 = DIRECTION ( 'NONE',  ( 0.5004356563159201299, 0.0000000000000000000, -0.8657737313453522932 ) ) ;
#1793 = CARTESIAN_POINT ( 'NONE',  ( -10.20199119474660421, 4.056614763655583822, 313.5829059162938393 ) ) ;
#1794 = ORIENTED_EDGE ( 'NONE', *, *, #2940, .T. ) ;
#1795 = CARTESIAN_POINT ( 'NONE',  ( -103.7478582504720208, 8.627487108007507288, 314.7490000063489788 ) ) ;
#1796 = CARTESIAN_POINT ( 'NONE',  ( -84.52649468008499412, 0.0000000000000000000, 142.4699130358330024 ) ) ;
#1797 = CARTESIAN_POINT ( 'NONE',  ( -105.0368519057142436, 6.949423096326168725, 268.1434221677469054 ) ) ;
#1798 = CARTESIAN_POINT ( 'NONE',  ( -41.34440498179760226, 0.5844339620352680953, 267.6544379066510260 ) ) ;
#1799 = ORIENTED_EDGE ( 'NONE', *, *, #927, .F. ) ;
#1800 = CARTESIAN_POINT ( 'NONE',  ( -113.4510972914080043, 8.702488859114090758, 283.1544379066509691 ) ) ;
#1801 = CARTESIAN_POINT ( 'NONE',  ( -2.202334077313859773, 0.4046681546265509799, 321.5226048166779833 ) ) ;
#1802 = CARTESIAN_POINT ( 'NONE',  ( -105.1680338991949384, 9.996771005609565108, 275.1544379068661215 ) ) ;
#1803 = ORIENTED_EDGE ( 'NONE', *, *, #2454, .F. ) ;
#1804 = LINE ( 'NONE', #129, #2585 ) ;
#1805 = CARTESIAN_POINT ( 'NONE',  ( -101.5836193378939925, 3.693999810895510105, 310.4033697152510172 ) ) ;
#1806 = DIRECTION ( 'NONE',  ( -1.000000000000000000, 1.314920394790418515E-13, 0.0000000000000000000 ) ) ;
#1807 = CARTESIAN_POINT ( 'NONE',  ( -0.09412558159870143548, 2.047070991876399404, 320.7522076888114952 ) ) ;
#1808 = CARTESIAN_POINT ( 'NONE',  ( -51.55507646228679874, 2.927675636684439642, 147.8307187665489835 ) ) ;
#1809 = CARTESIAN_POINT ( 'NONE',  ( -90.15153020668699924, 3.418481106224010357, 138.0947079661860073 ) ) ;
#1810 = FACE_OUTER_BOUND ( 'NONE', #4897, .T. ) ;
#1811 = CARTESIAN_POINT ( 'NONE',  ( -23.36839161275490184, 2.569246312865849813, 157.3863143773970137 ) ) ;
#1812 = EDGE_CURVE ( 'NONE', #6423, #1596, #2505, .T. ) ;
#1813 = FACE_OUTER_BOUND ( 'NONE', #1254, .T. ) ;
#1814 = ORIENTED_EDGE ( 'NONE', *, *, #2213, .T. ) ;
#1815 = CARTESIAN_POINT ( 'NONE',  ( -37.44383207444760586, -0.001000001298026020023, 149.1705927090359864 ) ) ;
#1816 = LOCAL_TIME ( 10, 41, 8.000000000000000000, #2237 ) ;
#1817 = CARTESIAN_POINT ( 'NONE',  ( -91.32070714682089374, 0.0000000000000000000, 143.1606297611900231 ) ) ;
#1818 = LINE ( 'NONE', #4222, #5028 ) ;
#1819 = CARTESIAN_POINT ( 'NONE',  ( -41.00578552604912375, 1.583171932740190968, 291.6329780505492408 ) ) ;
#1820 = AXIS2_PLACEMENT_3D ( 'NONE', #5769, #404, #2797 ) ;
#1821 = VERTEX_POINT ( 'NONE', #4633 ) ;
#1822 = EDGE_CURVE ( 'NONE', #5001, #7701, #2345, .T. ) ;
#1823 = CARTESIAN_POINT ( 'NONE',  ( -41.34440498179760226, 0.5844339620352680953, 290.6544379066509691 ) ) ;
#1824 = CARTESIAN_POINT ( 'NONE',  ( -1.807315091076570068, 3.995356370322069139, 322.2500000000000000 ) ) ;
#1825 = ORIENTED_EDGE ( 'NONE', *, *, #1975, .T. ) ;
#1826 = FACE_OUTER_BOUND ( 'NONE', #5958, .T. ) ;
#1827 = CIRCLE ( 'NONE', #1953, 7.654378035012191717 ) ;
#1828 = LINE ( 'NONE', #4807, #899 ) ;
#1829 = EDGE_CURVE ( 'NONE', #7255, #7635, #291, .T. ) ;
#1830 = CARTESIAN_POINT ( 'NONE',  ( -23.42259893217640254, 0.0000000000000000000, 158.9446677746309717 ) ) ;
#1831 = DIRECTION ( 'NONE',  ( 0.0000000000000000000, 0.0000000000000000000, 1.000000000000000000 ) ) ;
#1832 = DIRECTION ( 'NONE',  ( 0.1214093666953637296, 0.0000000000000000000, -0.9926025214952008957 ) ) ;
#1833 = CARTESIAN_POINT ( 'NONE',  ( -41.32925083372539632, 2.797641500819330052, 292.6544379066509691 ) ) ;
#1834 = ORIENTED_EDGE ( 'NONE', *, *, #811, .T. ) ;
#1835 = CARTESIAN_POINT ( 'NONE',  ( -112.7643120787219999, 2.000000000000000000, 319.7500000000000000 ) ) ;
#1836 = CALENDAR_DATE ( 2021, 15, 9 ) ;
#1837 = CARTESIAN_POINT ( 'NONE',  ( -84.87393270675659096, 0.0000000000000000000, 143.7164905174489888 ) ) ;
#1838 = CARTESIAN_POINT ( 'NONE',  ( -8.997824869315499186, 7.231977029052679029, 11.49999999999960032 ) ) ;
#1839 = CARTESIAN_POINT ( 'NONE',  ( -41.00578350214333767, 1.583171925098833643, 266.6758980307375282 ) ) ;
#1840 = VERTEX_POINT ( 'NONE', #928 ) ;
#1841 = CARTESIAN_POINT ( 'NONE',  ( -114.6067855018970505, 6.377347237760408127, 282.1690655289320375 ) ) ;
#1842 = CIRCLE ( 'NONE', #3727, 6.000000000000005329 ) ;
#1843 = CARTESIAN_POINT ( 'NONE',  ( -69.26686150860810187, 3.152905101687009992, 160.3952974207170143 ) ) ;
#1844 = DIRECTION ( 'NONE',  ( 0.04817122723086530306, 0.9988390925805179510, 0.0000000000000000000 ) ) ;
#1845 = B_SPLINE_CURVE_WITH_KNOTS ( 'NONE', 3,
 ( #6686, #7228, #5470, #1901, #6798, #7271, #4877, #5582, #1354, #3671, #6094, #4338, #5507, #214, #6057, #3778, #3744, #6131, #2453, #688, #1978, #6170, #104, #761, #2012, #4302, #1313, #4836, #2532, #3709, #2609, #3165, #4916, #7312, #3051, #1937, #5429, #60, #5544, #4373, #6762, #2570, #179, #4954, #3629, #4262, #798, #4989, #1388, #7382, #4407, #6017, #648, #1859, #6289, #3976, #5064, #5658, #4565, #3816, #2645, #2807, #329, #957, #2132, #2051, #2214, #5736, #2722, #7456, #6913, #3897, #7534, #993, #2174, #1505, #6836, #3276, #5026, #7419, #370, #6208, #7575, #6952, #3392 ),
 .UNSPECIFIED., .F., .F.,
 ( 4, 3, 3, 3, 3, 3, 3, 3, 3, 3, 3, 3, 3, 3, 3, 3, 3, 3, 3, 3, 3, 3, 3, 3, 3, 3, 3, 3, 4 ),
 ( 0.0000000000000000000, 0.06644178609283690751, 0.1328835721856710117, 0.1993253582784990097, 0.2657671443713059967, 0.3322089304641079877, 0.3986507165569030398, 0.4650925026497220172, 0.5315342887425690277, 0.5979760748355119615, 0.6644178609284110415, 0.7308596470211449203, 0.7973014331140749755, 0.8642942419194109549, 0.9307360280122599638, 0.9971778141050759992, 1.063619600197940107, 1.130061386290790004, 1.196503172383649893, 1.262944958476450052, 1.329386744569239998, 1.396861698248019978, 1.463303484340840122, 1.529745270433600091, 1.596187056526539916, 1.664436885894770013, 1.730878671987480022, 1.800032522993459949, 1.869186373999450090 ),
 .UNSPECIFIED. ) ;
#1846 = ORIENTED_EDGE ( 'NONE', *, *, #2985, .F. ) ;
#1847 = LINE ( 'NONE', #5413, #4218 ) ;
#1848 = CARTESIAN_POINT ( 'NONE',  ( -100.2766404279229988, 3.547232764980630115, 309.7490000000000236 ) ) ;
#1849 = LINE ( 'NONE', #1378, #5917 ) ;
#1850 = VECTOR ( 'NONE', #1326, 1000.000000000000000 ) ;
#1851 = CARTESIAN_POINT ( 'NONE',  ( -104.7484489974371087, 6.441741612747740930, 291.2673505174404909 ) ) ;
#1852 = DIRECTION ( 'NONE',  ( 0.0000000000000000000, 0.0000000000000000000, -1.000000000000000000 ) ) ;
#1853 = DIRECTION ( 'NONE',  ( 0.8662767110661317993, 0.0000000000000000000, 0.4995644701782198660 ) ) ;
#1854 = CARTESIAN_POINT ( 'NONE',  ( -105.0198442117500122, 6.845431879347279924, 290.2506859053040102 ) ) ;
#1855 = CARTESIAN_POINT ( 'NONE',  ( -23.91947121698780165, 2.576254174191869861, 159.6241795015930052 ) ) ;
#1856 = DIRECTION ( 'NONE',  ( 1.000000000000000000, 0.0000000000000000000, -9.251858538542962756E-15 ) ) ;
#1857 = CARTESIAN_POINT ( 'NONE',  ( -114.2657326335675378, 2.281766489091574979, 321.6803461653233853 ) ) ;
#1858 = CARTESIAN_POINT ( 'NONE',  ( -90.89311744866260767, 0.0000000000000000000, 144.9332834816270008 ) ) ;
#1859 = CARTESIAN_POINT ( 'NONE',  ( -64.85458297482860246, 0.0000000000000000000, 153.8103758699250250 ) ) ;
#1860 = CARTESIAN_POINT ( 'NONE',  ( -28.45576433883239886, 2.633938695957210196, 160.4554431879530227 ) ) ;
#1861 = VERTEX_POINT ( 'NONE', #3984 ) ;
#1862 = CARTESIAN_POINT ( 'NONE',  ( -41.13118406295110674, 2.795122829134029985, 265.6544379103950178 ) ) ;
#1863 = CARTESIAN_POINT ( 'NONE',  ( -104.9321564419753372, 6.442527545045987125, 290.4917203061332316 ) ) ;
#1864 = VERTEX_POINT ( 'NONE', #2139 ) ;
#1865 = CARTESIAN_POINT ( 'NONE',  ( -87.08153897073030691, 0.0000000000000000000, 137.8609707278629912 ) ) ;
#1866 = ADVANCED_FACE ( 'NONE', ( #3947 ), #3903, .T. ) ;
#1867 = CARTESIAN_POINT ( 'NONE',  ( -70.92522057623079945, 0.0000000000000000000, 159.8262634553310022 ) ) ;
#1868 = CARTESIAN_POINT ( 'NONE',  ( -24.48951335000320029, 0.0000000000000000000, 152.8093896748380018 ) ) ;
#1869 = EDGE_CURVE ( 'NONE', #2219, #5040, #5112, .T. ) ;
#1870 = CARTESIAN_POINT ( 'NONE',  ( -106.2126457168429994, 8.617691027423850514, 274.1544379066509691 ) ) ;
#1871 = VECTOR ( 'NONE', #3101, 1000.000000000000000 ) ;
#1872 = CARTESIAN_POINT ( 'NONE',  ( -63.99817148290680535, 3.085905748033169971, 156.6435813938830108 ) ) ;
#1873 = ADVANCED_FACE ( 'NONE', ( #7501, #1001 ), #6922, .T. ) ;
#1874 = CARTESIAN_POINT ( 'NONE',  ( -9.312088004798090068, 5.663954221622820029, 312.1006497225770318 ) ) ;
#1875 = CARTESIAN_POINT ( 'NONE',  ( -105.2887561036909716, 6.597681612626500325, 313.7134660940667459 ) ) ;
#1876 = ORIENTED_EDGE ( 'NONE', *, *, #5468, .T. ) ;
#1877 = CARTESIAN_POINT ( 'NONE',  ( -27.64173437501068520, 2.623587266422384268, 160.5558056959834516 ) ) ;
#1878 = SECURITY_CLASSIFICATION_LEVEL ( 'unclassified' ) ;
#1879 = CARTESIAN_POINT ( 'NONE',  ( -84.48643567794481157, 0.0000000000000000000, 147.5403635151429853 ) ) ;
#1880 = EDGE_CURVE ( 'NONE', #347, #1170, #6336, .T. ) ;
#1881 = CARTESIAN_POINT ( 'NONE',  ( -104.8932743404315744, 6.287139463260653649, 267.7301239348026911 ) ) ;
#1882 = CARTESIAN_POINT ( 'NONE',  ( -39.45794458650284042, 1.577316783074297568, 267.9572497892978049 ) ) ;
#1883 = ORIENTED_EDGE ( 'NONE', *, *, #6705, .T. ) ;
#1884 = DIRECTION ( 'NONE',  ( -3.506950558086310039E-15, 1.961123667350899851E-16, -1.000000000000000000 ) ) ;
#1885 = CARTESIAN_POINT ( 'NONE',  ( -70.62489453715369336, 3.170172927322710166, 152.7265764436289999 ) ) ;
#1886 = CARTESIAN_POINT ( 'NONE',  ( -93.70789447967410979, 3.463703669755449521, 148.8233469153769875 ) ) ;
#1887 = ORIENTED_EDGE ( 'NONE', *, *, #6431, .T. ) ;
#1888 = CARTESIAN_POINT ( 'NONE',  ( -114.7120313748049938, 4.008506407753950285, 279.1544379066509691 ) ) ;
#1889 = CARTESIAN_POINT ( 'NONE',  ( -113.8435927143736421, 12.99035937235319693, 274.7683679771614038 ) ) ;
#1890 = LINE ( 'NONE', #6675, #1537 ) ;
#1891 = CARTESIAN_POINT ( 'NONE',  ( -104.6171527879245673, 6.178612689374692657, 291.5009472344114556 ) ) ;
#1892 = CARTESIAN_POINT ( 'NONE',  ( -2.570951108130515639, 3.285480950156881352, 323.4860661558503807 ) ) ;
#1893 = CARTESIAN_POINT ( 'NONE',  ( -114.0380871659790074, 2.393865714615079909, 322.0421091522389929 ) ) ;
#1894 = CARTESIAN_POINT ( 'NONE',  ( -91.19445640450470592, 3.431741208012179634, 147.0706823504010003 ) ) ;
#1895 = CARTESIAN_POINT ( 'NONE',  ( -104.7806109683030513, 6.495755669140974575, 290.7953970009010050 ) ) ;
#1896 = CARTESIAN_POINT ( 'NONE',  ( -4.000000000000000000, 4.000000000000000000, 323.7500000000000000 ) ) ;
#1897 = CARTESIAN_POINT ( 'NONE',  ( -105.0865742339170765, 8.591120789383646539, 267.4828650313972958 ) ) ;
#1898 = CARTESIAN_POINT ( 'NONE',  ( -105.2127154621920084, 8.605880615324151606, 274.1544379066509691 ) ) ;
#1899 =( BOUNDED_CURVE ( )  B_SPLINE_CURVE ( 3, ( #7430, #6844, #888, #300 ),
 .UNSPECIFIED., .F., .F. ) 
 B_SPLINE_CURVE_WITH_KNOTS ( ( 4, 4 ),
 ( 1.449086697042065275, 1.692505956547646795 ),
 .UNSPECIFIED. ) 
 CURVE ( )  GEOMETRIC_REPRESENTATION_ITEM ( )  RATIONAL_B_SPLINE_CURVE ( ( 1.000000000000000000, 0.9950683476634676339, 0.9950683476634676339, 1.000000000000000000 ) ) 
 REPRESENTATION_ITEM ( '' )  );
#1900 = CARTESIAN_POINT ( 'NONE',  ( -90.93450521477549842, 0.0000000000000000000, 146.3480607774230293 ) ) ;
#1901 = CARTESIAN_POINT ( 'NONE',  ( -66.03439627662299927, 0.0000000000000000000, 160.3343988964250002 ) ) ;
#1902 = VECTOR ( 'NONE', #2741, 1000.000000000000000 ) ;
#1903 = FACE_OUTER_BOUND ( 'NONE', #3168, .T. ) ;
#1904 = ORIENTED_EDGE ( 'NONE', *, *, #5322, .T. ) ;
#1905 = VECTOR ( 'NONE', #5952, 1000.000000000000000 ) ;
#1906 = ORIENTED_EDGE ( 'NONE', *, *, #7331, .T. ) ;
#1907 = DIRECTION ( 'NONE',  ( 1.000000000000000000, 0.0000000000000000000, 0.0000000000000000000 ) ) ;
#1908 = CARTESIAN_POINT ( 'NONE',  ( -23.63985563485979924, 0.0000000000000000000, 156.3589554806779915 ) ) ;
#1909 = CARTESIAN_POINT ( 'NONE',  ( -66.85473093634611530, 0.0000000000000000000, 160.4802146902100048 ) ) ;
#1910 = CARTESIAN_POINT ( 'NONE',  ( -63.79908765341120613, 3.083374143148660096, 158.6953947770830098 ) ) ;
#1911 = AXIS2_PLACEMENT_3D ( 'NONE', #4543, #1991, #6306 ) ;
#1912 = LINE ( 'NONE', #6028, #1850 ) ;
#1913 = CARTESIAN_POINT ( 'NONE',  ( -1.967944038078629720, 2.657402633066610065, 159.7016602043000262 ) ) ;
#1914 = EDGE_CURVE ( 'NONE', #2902, #6710, #4382, .T. ) ;
#1915 = CARTESIAN_POINT ( 'NONE',  ( -104.4785197251909921, 8.687269954776478897, 314.0167669583850056 ) ) ;
#1916 = CARTESIAN_POINT ( 'NONE',  ( -85.08471177321099788, 0.0000000000000000000, 144.8074155126099924 ) ) ;
#1917 = CARTESIAN_POINT ( 'NONE',  ( -1.000000000000000000, 0.0000000000000000000, 149.1705927090359864 ) ) ;
#1918 = CARTESIAN_POINT ( 'NONE',  ( -112.7643120787219999, 0.0000000000000000000, 319.7500000000000000 ) ) ;
#1919 = ORIENTED_EDGE ( 'NONE', *, *, #7429, .F. ) ;
#1920 = DIRECTION ( 'NONE',  ( 0.0009780959844898910911, 0.9999995216640081841, 0.0000000000000000000 ) ) ;
#1921 = CARTESIAN_POINT ( 'NONE',  ( -70.32316245577600000, 3.166336543771690160, 160.1152435081069996 ) ) ;
#1922 = CARTESIAN_POINT ( 'NONE',  ( -103.3691084093668877, 4.653549539396705903, 311.3016675092077890 ) ) ;
#1923 = ORIENTED_EDGE ( 'NONE', *, *, #1160, .F. ) ;
#1924 = CARTESIAN_POINT ( 'NONE',  ( -114.6719273593030124, 5.122527835506197391, 278.2501178762868790 ) ) ;
#1925 = CARTESIAN_POINT ( 'NONE',  ( -102.2405651373379527, 3.926962388299690243, 311.7175942979981755 ) ) ;
#1926 = CARTESIAN_POINT ( 'NONE',  ( -105.1680289897399661, 3.594336747746980976, 279.6918787510318793 ) ) ;
#1927 = CARTESIAN_POINT ( 'NONE',  ( -105.0871955029381155, 7.431963864662753494, 290.1099345333105362 ) ) ;
#1928 = B_SPLINE_CURVE_WITH_KNOTS ( 'NONE', 3,
 ( #5609, #7407, #6237, #203, #3847, #944, #2002, #867, #2712, #4476, #4552, #6938, #6354, #2042, #2752, #2120, #4513, #238, #4437, #6314, #6864, #3341, #1494, #2597, #6824, #1455, #3263, #3886, #5644, #1567, #5724, #6275, #905, #7370, #276, #4398, #2671, #3304 ),
 .UNSPECIFIED., .F., .F.,
 ( 4, 2, 2, 2, 1, 1, 1, 2, 2, 2, 2, 1, 1, 1, 2, 2, 2, 2, 1, 1, 2, 2, 4 ),
 ( 0.0000000000000000000, 0.1250000000003710088, 0.1875000000005550282, 0.2187500000006491474, 0.2343750000006961931, 0.2421875000007198686, 0.2460937500007295553, 0.2480468750007308321, 0.2500000000007320811, 0.3750000000007847056, 0.4375000000008174017, 0.4687500000008246737, 0.4843750000008367196, 0.4921875000008528178, 0.4960937500008608669, 0.5000000000008688605, 0.6250000000008061329, 0.6875000000007858159, 0.7187500000007643886, 0.7343750000007429612, 0.7421875000007192025, 0.7500000000006953327, 1.000000000000000000 ),
 .UNSPECIFIED. ) ;
#1929 = CARTESIAN_POINT ( 'NONE',  ( -2.994670849309743144, 3.497404064928586909, 323.6237741178655938 ) ) ;
#1930 = CARTESIAN_POINT ( 'NONE',  ( -112.6105198230820008, 0.3019777468256279462, 321.2821803687609759 ) ) ;
#1931 = EDGE_CURVE ( 'NONE', #1684, #3792, #5744, .T. ) ;
#1932 = DIRECTION ( 'NONE',  ( 0.04817122723086530306, 0.9988390925805179510, 0.0000000000000000000 ) ) ;
#1933 = CARTESIAN_POINT ( 'NONE',  ( -103.9791543878679079, 5.252118801684927618, 292.2128690006149441 ) ) ;
#1934 = CARTESIAN_POINT ( 'NONE',  ( -105.1881255202160474, 0.6468792785984153193, 267.4828650313972958 ) ) ;
#1935 = CARTESIAN_POINT ( 'NONE',  ( -106.1679015045280039, 7.932020015213330666, 275.1989266516170005 ) ) ;
#1936 = CARTESIAN_POINT ( 'NONE',  ( -90.85745381179150115, 0.0000000000000000000, 145.3300520032729821 ) ) ;
#1937 = CARTESIAN_POINT ( 'NONE',  ( -63.99972690431510358, 0.0000000000000000000, 156.6381349817529838 ) ) ;
#1938 = B_SPLINE_SURFACE_WITH_KNOTS ( 'NONE', 3, 1, ( 
 ( #2344, #7633 ),
 ( #469, #4810 ),
 ( #578, #4071 ),
 ( #3018, #1754 ),
 ( #3523, #7161 ),
 ( #505, #4192 ) ),
 .UNSPECIFIED., .F., .F., .F.,
 ( 4, 2, 4 ),
 ( 2, 2 ),
 ( 0.0000000000000000000, 0.1515543800034849786, 1.000000000000000000 ),
 ( 0.0000000000000000000, 36.08988000000000085 ),
 .UNSPECIFIED. ) ;
#1939 = CARTESIAN_POINT ( 'NONE',  ( -28.25974124693320277, 2.631446012256150269, 160.4802146902100048 ) ) ;
#1940 = ORIENTED_EDGE ( 'NONE', *, *, #1812, .T. ) ;
#1941 = LOCAL_TIME ( 10, 41, 8.000000000000000000, #5804 ) ;
#1942 =( BOUNDED_SURFACE ( )  B_SPLINE_SURFACE ( 3, 2, ( 
 ( #1013, #1088, #6975 ),
 ( #2901, #431, #7634 ),
 ( #7674, #6428, #1603 ),
 ( #2824, #7085, #6390 ),
 ( #7595, #3489, #5283 ),
 ( #4587, #7012, #5837 ),
 ( #3451, #1050, #4151 ),
 ( #4624, #1715, #4114 ),
 ( #6543, #1639, #7711 ),
 ( #1127, #2942, #2980 ),
 ( #3564, #3524, #5321 ),
 ( #5950, #4036, #579 ),
 ( #7557, #470, #7163 ),
 ( #5988, #5482, #4194 ),
 ( #2545, #4236, #3719 ),
 ( #3019, #3640, #6579 ),
 ( #617, #4312, #1950 ),
 ( #6145, #737, #6657 ),
 ( #7321, #32, #5518 ),
 ( #117, #3601, #7747 ) ),
 .UNSPECIFIED., .F., .F., .F. ) 
 B_SPLINE_SURFACE_WITH_KNOTS ( ( 4, 2, 2, 2, 2, 2, 2, 2, 2, 4 ),
 ( 3, 3 ),
 ( -0.0001257834854954670149, 0.0003916461260646419583, 0.0007832922521292289475, 0.001566584504258399999, 0.002349876756387580048, 0.003133169008516749690, 0.003916461260645930607, 0.004699753512775099382, 0.005483045764904280299, 0.006392121502528540222 ),
 ( 0.0000000000000000000, 1.000821312464750035 ),
 .UNSPECIFIED. ) 
 GEOMETRIC_REPRESENTATION_ITEM ( )  RATIONAL_B_SPLINE_SURFACE ( (
 ( 1.000000000000000000, 0.9931165746243739711, 1.000011306886120055),
 ( 1.000000000000000000, 0.9941858876895679487, 1.000009550405819958),
 ( 1.000000000000000000, 0.9929687707741299274, 1.000011549672410016),
 ( 1.000000000000000000, 0.9888036394449699618, 1.000018391420969932),
 ( 1.000000000000000000, 0.9863360684782879195, 1.000022444714550041),
 ( 1.000000000000000000, 0.9777025905420870799, 1.000036626280639940),
 ( 1.000000000000000000, 0.9703133823535289304, 1.000048763978219846),
 ( 1.000000000000000000, 0.9527326130013500372, 1.000077642588239835),
 ( 1.000000000000000000, 0.9424791462135090336, 1.000094485188399940),
 ( 1.000000000000000000, 0.9197085710543910775, 1.000131888702810112),
 ( 1.000000000000000000, 0.9071395399476830379, 1.000152534906650015),
 ( 1.000000000000000000, 0.8798300628263390211, 1.000197394134579865),
 ( 1.000000000000000000, 0.8650852460505580321, 1.000221614338189902),
 ( 1.000000000000000000, 0.8336965251244130570, 1.000273174233689888),
 ( 1.000000000000000000, 0.8171964438418570786, 1.000300277678550120),
 ( 1.000000000000000000, 0.7840833197550679534, 1.000354670121669898),
 ( 1.000000000000000000, 0.7673220126022270993, 1.000382202662649878),
 ( 1.000000000000000000, 0.7324831849247720461, 1.000439429789500068),
 ( 1.000000000000000000, 0.7151360646659579157, 1.000467924601700087),
 ( 1.000000000000000000, 0.7007169144517569892, 1.000491609857300013) ) ) 
 REPRESENTATION_ITEM ( '' )  SURFACE ( )  );
#1943 = DIRECTION ( 'NONE',  ( -0.4994195462902569216, 0.02408561361543259949, 0.8660254037844398178 ) ) ;
#1944 = ORIENTED_EDGE ( 'NONE', *, *, #2118, .T. ) ;
#1945 = CARTESIAN_POINT ( 'NONE',  ( -39.34705861651449510, 0.5824803646412809455, 289.6544379066509691 ) ) ;
#1946 = CARTESIAN_POINT ( 'NONE',  ( -45.67987883302819796, 0.0000000000000000000, 138.0347442555620034 ) ) ;
#1947 = CARTESIAN_POINT ( 'NONE',  ( -24.41906986564169912, 0.0000000000000000000, 153.6042190239819831 ) ) ;
#1948 = AXIS2_PLACEMENT_3D ( 'NONE', #6973, #389, #1601 ) ;
#1949 = CARTESIAN_POINT ( 'NONE',  ( -64.91165034246600385, 3.097521679951090068, 153.4686854507270084 ) ) ;
#1950 = CARTESIAN_POINT ( 'NONE',  ( -103.3922846938759506, 4.681764571938595410, 265.7726579594823306 ) ) ;
#1951 = CARTESIAN_POINT ( 'NONE',  ( -114.7639975833969999, 2.035466637765300124, 149.1705927090359864 ) ) ;
#1952 = CARTESIAN_POINT ( 'NONE',  ( -85.12683388571538501, 3.354583594012909842, 145.3174220187390233 ) ) ;
#1953 = AXIS2_PLACEMENT_3D ( 'NONE', #3654, #632, #675 ) ;
#1954 = CARTESIAN_POINT ( 'NONE',  ( -84.09170479225450379, 0.0000000000000000000, 140.3741077272470079 ) ) ;
#1955 = LINE ( 'NONE', #4353, #3904 ) ;
#1956 = CARTESIAN_POINT ( 'NONE',  ( -41.17587316836132771, 1.583825158148891354, 266.6544379066510260 ) ) ;
#1957 = ORIENTED_EDGE ( 'NONE', *, *, #6766, .T. ) ;
#1958 = EDGE_CURVE ( 'NONE', #7117, #200, #5034, .T. ) ;
#1959 = CARTESIAN_POINT ( 'NONE',  ( -114.7120313748049938, 4.008506407753950285, 279.1544379066509691 ) ) ;
#1960 = CARTESIAN_POINT ( 'NONE',  ( -69.76455773136569860, 3.159234794458179785, 160.2872612206510041 ) ) ;
#1961 = LINE ( 'NONE', #7366, #5584 ) ;
#1962 = ORIENTED_EDGE ( 'NONE', *, *, #4241, .F. ) ;
#1963 = CARTESIAN_POINT ( 'NONE',  ( -113.5133089253420025, 7.915723548557700440, 275.2605088993320237 ) ) ;
#1964 = CARTESIAN_POINT ( 'NONE',  ( -49.98235955465929692, 2.185728626084789997E-19, 138.1942468384019946 ) ) ;
#1965 = CARTESIAN_POINT ( 'NONE',  ( -28.25974124693320277, 2.631446012256150269, 160.4802146902100048 ) ) ;
#1966 = CARTESIAN_POINT ( 'NONE',  ( -105.0364611063127001, 7.229674744008299569, 290.4305243239488732 ) ) ;
#1967 = CARTESIAN_POINT ( 'NONE',  ( -2.530482464648106333, 3.265242428455696455, 323.4702864378627396 ) ) ;
#1968 = CARTESIAN_POINT ( 'NONE',  ( -2.763972161589430154, 7.633298678480564980, 318.7500000000000000 ) ) ;
#1969 = EDGE_CURVE ( 'NONE', #3890, #7020, #4751, .T. ) ;
#1970 = CARTESIAN_POINT ( 'NONE',  ( -91.99620575847150405, 3.441936487939309508, 148.0921683411299909 ) ) ;
#1971 = CARTESIAN_POINT ( 'NONE',  ( -104.8942596096869977, 6.282210436695060629, 290.5845747631170184 ) ) ;
#1972 = EDGE_CURVE ( 'NONE', #3944, #5166, #2059, .T. ) ;
#1973 = B_SPLINE_CURVE_WITH_KNOTS ( 'NONE', 3,
 ( #4417, #7543, #2181, #3865, #6962, #2731, #6257, #886, #3282, #5666, #3399, #5785, #2813, #5191, #7582, #2690, #5072, #7462, #2100, #5706, #3513, #2852, #4761, #3587, #7109, #2332, #4645, #5861, #7695, #2371, #7071, #7148, #493 ),
 .UNSPECIFIED., .F., .F.,
 ( 4, 2, 2, 2, 1, 1, 1, 1, 1, 2, 2, 2, 2, 2, 1, 1, 2, 2, 2, 4 ),
 ( 0.0000000000000000000, 0.2499999999970636821, 0.3749999999955953012, 0.4374999999948542828, 0.4687499999944758633, 0.4843749999942866258, 0.4921874999941918682, 0.4960937499941529549, 0.4980468749941335260, 0.4990234374941236450, 0.4999999999941137085, 0.6249999999955266894, 0.6874999999962225772, 0.7187499999965704101, 0.7343749999967443820, 0.7421874999968313125, 0.7460937499968749442, 0.7499999999969185760, 0.8749999999984592325, 1.000000000000000000 ),
 .UNSPECIFIED. ) ;
#1974 = CIRCLE ( 'NONE', #7353, 0.9999999999999834577 ) ;
#1975 = EDGE_CURVE ( 'NONE', #6850, #2805, #1973, .T. ) ;
#1976 = EDGE_CURVE ( 'NONE', #4994, #6031, #3796, .T. ) ;
#1977 = CARTESIAN_POINT ( 'NONE',  ( -90.91184869588349216, 0.0000000000000000000, 146.2239459986470251 ) ) ;
#1978 = CARTESIAN_POINT ( 'NONE',  ( -63.81086687854541140, 0.0000000000000000000, 158.7489507398420017 ) ) ;
#1979 = CARTESIAN_POINT ( 'NONE',  ( -5.141976950577250349, 3.995356370322069139, 165.9169518843249875 ) ) ;
#1980 = EDGE_LOOP ( 'NONE', ( #6295, #7540, #818, #2739 ) ) ;
#1981 = CARTESIAN_POINT ( 'NONE',  ( -38.83663580817290040, 2.765944720674629931, 266.9852936068520535 ) ) ;
#1982 = ORIENTED_EDGE ( 'NONE', *, *, #4706, .T. ) ;
#1983 = CARTESIAN_POINT ( 'NONE',  ( -105.0932437651790110, 7.324441712893340117, 289.6544379066509691 ) ) ;
#1984 = CARTESIAN_POINT ( 'NONE',  ( -44.00063858950530005, 0.0000000000000000000, 138.9206991892539804 ) ) ;
#1985 = CARTESIAN_POINT ( 'NONE',  ( -23.77009114709650106, 0.0000000000000000000, 155.9505413413800170 ) ) ;
#1986 = CARTESIAN_POINT ( 'NONE',  ( -64.81270844426349242, 3.096263624688480043, 154.0125395493699898 ) ) ;
#1987 =( BOUNDED_CURVE ( )  B_SPLINE_CURVE ( 3, ( #682, #3664, #6052, #4830 ),
 .UNSPECIFIED., .F., .F. ) 
 B_SPLINE_CURVE_WITH_KNOTS ( ( 4, 4 ),
 ( 1.654038536273381599, 2.329170069211484950 ),
 .UNSPECIFIED. ) 
 CURVE ( )  GEOMETRIC_REPRESENTATION_ITEM ( )  RATIONAL_B_SPLINE_CURVE ( ( 1.000000000000000000, 0.9623757713645453293, 0.9623757713645453293, 1.000000000000000000 ) ) 
 REPRESENTATION_ITEM ( '' )  );
#1988 = CARTESIAN_POINT ( 'NONE',  ( -11.58817483910340052, 3.055037817883169637, 310.9792848164460679 ) ) ;
#1989 = CARTESIAN_POINT ( 'NONE',  ( -105.1978088487340983, 9.583333864162202786, 313.7134660940667459 ) ) ;
#1990 = CARTESIAN_POINT ( 'NONE',  ( -84.20355894038030442, 3.342843027722429916, 139.5310850005599832 ) ) ;
#1991 = DIRECTION ( 'NONE',  ( 0.4994195462902480398, -0.02408561361543210336, -0.8660254037844450359 ) ) ;
#1992 = FACE_OUTER_BOUND ( 'NONE', #6503, .T. ) ;
#1993 = CARTESIAN_POINT ( 'NONE',  ( -105.1086387312679165, 6.756301375097794271, 275.5786616978932102 ) ) ;
#1994 = VERTEX_POINT ( 'NONE', #1743 ) ;
#1995 = CARTESIAN_POINT ( 'NONE',  ( -30.40114079675300118, 0.0000000000000000000, 151.5094340797299992 ) ) ;
#1996 = CARTESIAN_POINT ( 'NONE',  ( -71.18305382427921302, 3.177271073284859693, 159.6378670560459909 ) ) ;
#1997 = CARTESIAN_POINT ( 'NONE',  ( -114.7643120787220141, 2.000000000000000000, 319.7500000000000000 ) ) ;
#1998 = ORIENTED_EDGE ( 'NONE', *, *, #3094, .F. ) ;
#1999 = FACE_OUTER_BOUND ( 'NONE', #2299, .T. ) ;
#2000 = CIRCLE ( 'NONE', #1244, 0.9999999999999995559 ) ;
#2001 = CYLINDRICAL_SURFACE ( 'NONE', #4949, 4.999999999999998224 ) ;
#2002 = CARTESIAN_POINT ( 'NONE',  ( -111.3094951003116648, 2.839742702719460166, 323.5782768054620533 ) ) ;
#2003 = FACE_OUTER_BOUND ( 'NONE', #1007, .T. ) ;
#2004 = CARTESIAN_POINT ( 'NONE',  ( -104.1562062470450059, 0.6458699620181990175, 268.4120142086860028 ) ) ;
#2005 = CARTESIAN_POINT ( 'NONE',  ( -44.11190713536669961, 2.833026525826090047, 142.6829892591930218 ) ) ;
#2006 = CARTESIAN_POINT ( 'NONE',  ( -91.56121623726509995, 3.436405015665680018, 147.6393239465310216 ) ) ;
#2007 = CARTESIAN_POINT ( 'NONE',  ( -104.4012994792999933, 4.948117236876950820, 291.2172802926360760 ) ) ;
#2008 = ADVANCED_FACE ( 'NONE', ( #2926 ), #2968, .F. ) ;
#2009 = CARTESIAN_POINT ( 'NONE',  ( -52.84085623724340053, 13.00321644496600015, 148.5251873153569875 ) ) ;
#2010 = CARTESIAN_POINT ( 'NONE',  ( -105.0578115262264731, 7.075398052972019514, 290.0631890371119539 ) ) ;
#2011 = CARTESIAN_POINT ( 'NONE',  ( -91.16741537598738887, 0.0000000000000000000, 138.5243175745899862 ) ) ;
#2012 = CARTESIAN_POINT ( 'NONE',  ( -63.73522032834620887, 0.0000000000000000000, 158.2307541064640191 ) ) ;
#2013 = CARTESIAN_POINT ( 'NONE',  ( -30.88160394185409885, 2.664786329552490063, 150.6971829055370051 ) ) ;
#2014 = CARTESIAN_POINT ( 'NONE',  ( -1.469622473409935903, 0.06116730502692997729, 319.0684305353299237 ) ) ;
#2015 = ADVANCED_FACE ( 'NONE', ( #4021, #1039 ), #2888, .F. ) ;
#2016 = VERTEX_POINT ( 'NONE', #3550 ) ;
#2017 = CARTESIAN_POINT ( 'NONE',  ( -38.33075794866159924, 2.759511838288609464, 268.5533106711760070 ) ) ;
#2018 = CARTESIAN_POINT ( 'NONE',  ( -105.0932437651900102, 7.324441712896369694, 268.6544379066510260 ) ) ;
#2019 = AXIS2_PLACEMENT_3D ( 'NONE', #6224, #2587, #1406 ) ;
#2020 = CARTESIAN_POINT ( 'NONE',  ( -43.86121784268529922, 0.0000000000000000000, 139.1132540810309877 ) ) ;
#2021 = CARTESIAN_POINT ( 'NONE',  ( -24.20506376301320017, 0.0000000000000000000, 154.5590355373659861 ) ) ;
#2022 = ADVANCED_FACE ( 'NONE', ( #4099 ), #1702, .F. ) ;
#2023 = CARTESIAN_POINT ( 'NONE',  ( -64.90670319183381309, 3.097458887822960083, 159.9573154301929776 ) ) ;
#2024 = CARTESIAN_POINT ( 'NONE',  ( -106.1155211030576169, 5.318805866206233190, 276.8785401510883162 ) ) ;
#2025 = EDGE_LOOP ( 'NONE', ( #674, #6391, #110, #1179, #7723 ) ) ;
#2026 = AXIS2_PLACEMENT_3D ( 'NONE', #4685, #4180, #1155 ) ;
#2027 = CARTESIAN_POINT ( 'NONE',  ( -84.33361562895619556, 3.344496265012729896, 141.7809450998639988 ) ) ;
#2028 = CARTESIAN_POINT ( 'NONE',  ( -105.1072388029180047, 6.799026804949949820, 283.8325561215440302 ) ) ;
#2029 = CARTESIAN_POINT ( 'NONE',  ( -71.32167692005519655, 0.0000000000000000000, 150.7188697669380133 ) ) ;
#2030 = B_SPLINE_CURVE_WITH_KNOTS ( 'NONE', 3,
 ( #4374, #4339, #3781, #1389 ),
 .UNSPECIFIED., .F., .F.,
 ( 4, 4 ),
 ( 0.0000000000000000000, 0.9645539992806050344 ),
 .UNSPECIFIED. ) ;
#2031 = VECTOR ( 'NONE', #3955, 1000.000000000000000 ) ;
#2032 = CARTESIAN_POINT ( 'NONE',  ( -105.1135410055379964, 6.561829162112054803, 275.6835333069837475 ) ) ;
#2033 = VERTEX_POINT ( 'NONE', #5234 ) ;
#2034 = LINE ( 'NONE', #4356, #5953 ) ;
#2035 = CARTESIAN_POINT ( 'NONE',  ( -101.6253726047336414, 3.749732963592688151, 310.4245156984130176 ) ) ;
#2036 = CARTESIAN_POINT ( 'NONE',  ( -2.000000000000000000, 4.336808689942019708E-16, 319.7500000000000000 ) ) ;
#2037 = ORIENTED_EDGE ( 'NONE', *, *, #5122, .T. ) ;
#2038 = CARTESIAN_POINT ( 'NONE',  ( -22.76971949867539990, -0.001000001298026020023, 149.8159981027159802 ) ) ;
#2039 = B_SPLINE_CURVE_WITH_KNOTS ( 'NONE', 3,
 ( #4447, #919, #839, #5620, #880, #1466, #6250, #3314, #4486, #5696, #3237, #4604, #3859, #289, #6874, #2681, #7493, #4526, #1543, #3938, #1582, #1426, #6326, #3352, #2764 ),
 .UNSPECIFIED., .F., .F.,
 ( 4, 3, 3, 3, 3, 3, 3, 3, 4 ),
 ( 0.0000000000000000000, 0.05165009745760509863, 0.1141274043247910153, 0.1826721404907879764, 0.2320690625643750116, 0.3155849557937679961, 0.4275624655525520068, 0.5280981541994400619, 0.5486197793629310482 ),
 .UNSPECIFIED. ) ;
#2040 = VECTOR ( 'NONE', #3750, 1000.000000000000000 ) ;
#2041 = CARTESIAN_POINT ( 'NONE',  ( -103.8283323892110701, 5.092869110927409793, 161.8745000000000118 ) ) ;
#2042 = CARTESIAN_POINT ( 'NONE',  ( -111.3900999066409554, 2.683657693190966143, 323.5272024254481380 ) ) ;
#2043 = CARTESIAN_POINT ( 'NONE',  ( -39.75336771715230100, 1.773256176898589942, 267.4324765193189251 ) ) ;
#2044 = CARTESIAN_POINT ( 'NONE',  ( -114.4753242097927455, 8.391869603117985577, 284.1229910724492242 ) ) ;
#2045 = CARTESIAN_POINT ( 'NONE',  ( -43.24823557675939867, 2.822043961470459994, 148.3499404736269867 ) ) ;
#2046 = CARTESIAN_POINT ( 'NONE',  ( -90.92478008457268857, 3.428311847661190015, 146.3232817546130207 ) ) ;
#2047 = DIRECTION ( 'NONE',  ( 0.0000000000000000000, 1.000000000000000000, 0.0000000000000000000 ) ) ;
#2048 = DIRECTION ( 'NONE',  ( 0.0000000000000000000, 0.0000000000000000000, -1.000000000000000000 ) ) ;
#2049 = CARTESIAN_POINT ( 'NONE',  ( -104.3287233765314852, 4.813399980821929880, 291.2698367031237581 ) ) ;
#2050 = CARTESIAN_POINT ( 'NONE',  ( -91.87490344531279618, 0.0000000000000000000, 141.3838650231419933 ) ) ;
#2051 = CARTESIAN_POINT ( 'NONE',  ( -64.85370415771930652, 0.0000000000000000000, 152.0299789405000013 ) ) ;
#2052 = CARTESIAN_POINT ( 'NONE',  ( -38.42498382818560287, 2.760710040560769851, 290.4304981996099855 ) ) ;
#2053 = ADVANCED_FACE ( 'NONE', ( #6529 ), #7593, .F. ) ;
#2054 = CARTESIAN_POINT ( 'NONE',  ( -31.07351288997800154, 2.667226606300650449, 156.5138448397989919 ) ) ;
#2055 = CARTESIAN_POINT ( 'NONE',  ( 0.1926849089234610179, 3.995356370322069139, 0.0000000000000000000 ) ) ;
#2056 = ORIENTED_EDGE ( 'NONE', *, *, #6718, .T. ) ;
#2057 = CARTESIAN_POINT ( 'NONE',  ( -2.482456993460939731, 0.05661261417157179010, 320.8202948053743739 ) ) ;
#2058 = CC_DESIGN_DATE_AND_TIME_ASSIGNMENT ( #5486, #3145, ( #2196 ) ) ;
#2059 = LINE ( 'NONE', #5149, #1376 ) ;
#2060 = LINE ( 'NONE', #1476, #6537 ) ;
#2061 = DIRECTION ( 'NONE',  ( 0.4994195462902732974, -0.02408561361543328991, 0.8660254037844304920 ) ) ;
#2062 = DIRECTION ( 'NONE',  ( 9.785066557478440917E-14, -4.814769775946860038E-13, -1.000000000000000000 ) ) ;
#2063 = CARTESIAN_POINT ( 'NONE',  ( -13.57550263488910325, 2.444717184054862713, 310.2301628747932796 ) ) ;
#2064 = EDGE_LOOP ( 'NONE', ( #6847, #4183, #3413, #1799 ) ) ;
#2065 = EDGE_CURVE ( 'NONE', #6622, #7276, #1470, .T. ) ;
#2066 = CARTESIAN_POINT ( 'NONE',  ( -85.13938523528520363, 3.354743263979139911, 138.4516914220450019 ) ) ;
#2067 = ORIENTED_EDGE ( 'NONE', *, *, #331, .F. ) ;
#2068 = EDGE_CURVE ( 'NONE', #2475, #7739, #2624, .T. ) ;
#2069 = CARTESIAN_POINT ( 'NONE',  ( -83.79235334162760296, 0.0000000000000000000, 148.2707255934670059 ) ) ;
#2070 = AXIS2_PLACEMENT_3D ( 'NONE', #5162, #3373, #5756 ) ;
#2071 = DIRECTION ( 'NONE',  ( 3.965082230804120359E-15, -1.652117596168385044E-16, 1.000000000000000000 ) ) ;
#2072 = CARTESIAN_POINT ( 'NONE',  ( -105.1248025713709069, 6.063398014483422749, 274.8298040221150131 ) ) ;
#2073 = ORIENTED_EDGE ( 'NONE', *, *, #6939, .T. ) ;
#2074 = CARTESIAN_POINT ( 'NONE',  ( -30.27945271057400234, 0.0000000000000000000, 153.8133541409739848 ) ) ;
#2075 = DIRECTION ( 'NONE',  ( 0.0000000000000000000, 0.0000000000000000000, -1.000000000000000000 ) ) ;
#2076 = CARTESIAN_POINT ( 'NONE',  ( -39.34213890066340014, 1.766904805648899845, 289.6544379066509691 ) ) ;
#2077 = AXIS2_PLACEMENT_3D ( 'NONE', #1, #5294, #2394 ) ;
#2078 = VERTEX_POINT ( 'NONE', #6835 ) ;
#2079 = CARTESIAN_POINT ( 'NONE',  ( -113.5605196969970052, 7.195790027108009745, 275.5600008868790383 ) ) ;
#2080 = CARTESIAN_POINT ( 'NONE',  ( -22.76971949867539990, -0.001000001298026020023, 149.8159981027159802 ) ) ;
#2081 = CARTESIAN_POINT ( 'NONE',  ( -105.1192833750001228, 6.304971353687927049, 283.6116431013778083 ) ) ;
#2082 = CARTESIAN_POINT ( 'NONE',  ( -39.74398557226020046, 2.777482830527451707, 267.4351152099866340 ) ) ;
#2083 = CARTESIAN_POINT ( 'NONE',  ( -37.44383207444760586, -0.001000001298026020023, 149.1705927090359864 ) ) ;
#2084 = VECTOR ( 'NONE', #915, 1000.000000000000000 ) ;
#2085 = CARTESIAN_POINT ( 'NONE',  ( -44.05324228305340029, 2.832280466884769865, 147.5538824188670048 ) ) ;
#2086 = EDGE_LOOP ( 'NONE', ( #6359, #6457, #4688, #4578 ) ) ;
#2087 = CARTESIAN_POINT ( 'NONE',  ( -103.8934927665039964, 0.6456130028949189636, 290.3612932652400218 ) ) ;
#2088 = CARTESIAN_POINT ( 'NONE',  ( -103.7495327886584988, 5.011973481380332274, 265.9498805212473371 ) ) ;
#2089 = CARTESIAN_POINT ( 'NONE',  ( -111.6656410625891169, 3.995356370322069139, 323.1499999999613806 ) ) ;
#2090 = DIRECTION ( 'NONE',  ( 0.0000000000000000000, 0.2517533232311766067, 0.9677914363343265158 ) ) ;
#2091 = CARTESIAN_POINT ( 'NONE',  ( -89.34815453139829344, 0.0000000000000000000, 137.9204608749080023 ) ) ;
#2092 = FACE_OUTER_BOUND ( 'NONE', #2390, .T. ) ;
#2093 = CARTESIAN_POINT ( 'NONE',  ( -39.54449955654269644, 1.770031165759379910, 290.5408476658190011 ) ) ;
#2094 = CARTESIAN_POINT ( 'NONE',  ( -31.16558761390899690, 2.668397472595620101, 159.1103820679429930 ) ) ;
#2095 = AXIS2_PLACEMENT_3D ( 'NONE', #100, #758, #3162 ) ;
#2096 = CARTESIAN_POINT ( 'NONE',  ( -105.1679960305269930, 3.597055365082920009, 278.6017652178229582 ) ) ;
#2097 = ORIENTED_EDGE ( 'NONE', *, *, #1931, .F. ) ;
#2098 = CARTESIAN_POINT ( 'NONE',  ( -39.92490758751790025, 10.09528184644960191, 266.6544379066509123 ) ) ;
#2099 = TOROIDAL_SURFACE ( 'NONE', #5228, 113.7820467919760006, 1.000000000000000000 ) ;
#2100 = CARTESIAN_POINT ( 'NONE',  ( -113.6388013206662464, 5.671961661207721939, 276.8901796426404189 ) ) ;
#2101 = DIRECTION ( 'NONE',  ( 1.000000000000000000, 0.0000000000000000000, 0.0000000000000000000 ) ) ;
#2102 = CARTESIAN_POINT ( 'NONE',  ( -41.32925083372539632, 2.797641500819330052, 265.6544379066509691 ) ) ;
#2103 = CARTESIAN_POINT ( 'NONE',  ( -105.2103562079479957, 8.711365713970071312, 149.1705927090359864 ) ) ;
#2104 = CARTESIAN_POINT ( 'NONE',  ( -14.05662661152040016, 2.450835289238889825, 309.7490000000000236 ) ) ;
#2105 = VERTEX_POINT ( 'NONE', #1581 ) ;
#2106 = CARTESIAN_POINT ( 'NONE',  ( -84.14370809790679573, 3.342082153663850086, 139.7521843854069914 ) ) ;
#2107 = EDGE_CURVE ( 'NONE', #991, #4355, #3882, .T. ) ;
#2108 = VERTEX_POINT ( 'NONE', #992 ) ;
#2109 = CARTESIAN_POINT ( 'NONE',  ( -83.53780332919950524, 0.0000000000000000000, 148.4633187937299965 ) ) ;
#2110 = ADVANCED_FACE ( 'NONE', ( #1542 ), #5581, .T. ) ;
#2111 = DIRECTION ( 'NONE',  ( -1.625896048388380022E-15, 7.841243758125039891E-17, -1.000000000000000000 ) ) ;
#2112 = B_SPLINE_SURFACE_WITH_KNOTS ( 'NONE', 4, 1, ( 
 ( #5299, #7688 ),
 ( #2248, #4051 ),
 ( #1067, #4637 ),
 ( #4711, #3431 ),
 ( #4130, #2285 ) ),
 .UNSPECIFIED., .F., .F., .F.,
 ( 5, 5 ),
 ( 2, 2 ),
 ( -1.000000000000000000, 0.0000000000000000000 ),
 ( 0.0000000000000000000, 1.300421644626400086 ),
 .UNSPECIFIED. ) ;
#2113 = ORIENTED_EDGE ( 'NONE', *, *, #3353, .T. ) ;
#2114 = CARTESIAN_POINT ( 'NONE',  ( -30.80176587181689740, 0.0000000000000000000, 159.5772181348239940 ) ) ;
#2115 = CARTESIAN_POINT ( 'NONE',  ( -5.173386177220860027, 3.995356370322069139, 325.6956607797320089 ) ) ;
#2116 = ORIENTED_EDGE ( 'NONE', *, *, #3561, .T. ) ;
#2117 = CARTESIAN_POINT ( 'NONE',  ( -114.5801269633220016, 6.812101490874669985, 274.6613916319569739 ) ) ;
#2118 = EDGE_CURVE ( 'NONE', #1084, #1994, #250, .T. ) ;
#2119 = CARTESIAN_POINT ( 'NONE',  ( 39.62960771708790020, 3.995356370322069139, 251.8957282297280074 ) ) ;
#2120 = CARTESIAN_POINT ( 'NONE',  ( -111.6251040282181179, 2.226722864500289667, 323.3426773398148271 ) ) ;
#2121 = CARTESIAN_POINT ( 'NONE',  ( -41.20993218921360324, 1.795693344930169966, 266.6544379066510260 ) ) ;
#2122 = CARTESIAN_POINT ( 'NONE',  ( -103.8468661387099985, 0.6455673975556830424, 267.9009894201409452 ) ) ;
#2123 = CARTESIAN_POINT ( 'NONE',  ( -43.51485953455970446, 2.825434372026260021, 148.1355046726339992 ) ) ;
#2124 = VERTEX_POINT ( 'NONE', #2643 ) ;
#2125 = CARTESIAN_POINT ( 'NONE',  ( -2.939419985849987871, 3.995356370322069139, 161.8755000000000166 ) ) ;
#2126 = CARTESIAN_POINT ( 'NONE',  ( -113.6544225400440098, 5.270775888248866892, 280.6706579283772953 ) ) ;
#2127 = VECTOR ( 'NONE', #2653, 1000.000000000000000 ) ;
#2128 = CARTESIAN_POINT ( 'NONE',  ( -51.57187900183500062, 0.0000000000000000000, 147.8427006153430057 ) ) ;
#2129 = CARTESIAN_POINT ( 'NONE',  ( -102.8769389478228078, 4.309377749401509305, 292.6544379066510260 ) ) ;
#2130 = EDGE_LOOP ( 'NONE', ( #5913, #7250, #5135, #4268 ) ) ;
#2131 = CARTESIAN_POINT ( 'NONE',  ( -92.06120344887681028, 0.0000000000000000000, 140.1289365457109852 ) ) ;
#2132 = CARTESIAN_POINT ( 'NONE',  ( -64.88759407898821507, 0.0000000000000000000, 152.1693544840200332 ) ) ;
#2133 = CARTESIAN_POINT ( 'NONE',  ( -40.80294657613313802, 2.790948870722111952, 291.5999387419640243 ) ) ;
#2134 = CARTESIAN_POINT ( 'NONE',  ( -31.27676585167850476, 2.669811329245510123, 157.2962739413150075 ) ) ;
#2135 = CARTESIAN_POINT ( 'NONE',  ( -103.1881264768879873, 0.6449230866294439757, 291.6544379066509691 ) ) ;
#2136 = CARTESIAN_POINT ( 'NONE',  ( -38.32945051226249689, 2.759495212566760003, 289.8525207209900145 ) ) ;
#2137 = ORIENTED_EDGE ( 'NONE', *, *, #485, .T. ) ;
#2138 = CARTESIAN_POINT ( 'NONE',  ( -105.0583942242858768, 7.312807195183530062, 267.9963055660350619 ) ) ;
#2139 = CARTESIAN_POINT ( 'NONE',  ( -103.1861293549779930, 0.6449211332515870643, 267.6544379066510260 ) ) ;
#2140 = CARTESIAN_POINT ( 'NONE',  ( -44.54182411421999888, 0.0000000000000000000, 144.2222549084290222 ) ) ;
#2141 = CARTESIAN_POINT ( 'NONE',  ( -105.2126599787829946, 8.610404793811101243, 312.2490000000000236 ) ) ;
#2142 = CARTESIAN_POINT ( 'NONE',  ( -66.10337149674590762, 3.112675634180140261, 160.3497779096229863 ) ) ;
#2143 = CARTESIAN_POINT ( 'NONE',  ( -12.81836019682629946, 3.070681194185939766, 312.2095696328910321 ) ) ;
#2144 = ORIENTED_EDGE ( 'NONE', *, *, #4178, .T. ) ;
#2145 = DIRECTION ( 'NONE',  ( -0.04817122723086530306, -0.9988390925805179510, 0.0000000000000000000 ) ) ;
#2146 = ORIENTED_EDGE ( 'NONE', *, *, #565, .T. ) ;
#2147 = DIRECTION ( 'NONE',  ( 0.0000000000000000000, 1.000000000000000000, 0.0000000000000000000 ) ) ;
#2148 = CARTESIAN_POINT ( 'NONE',  ( -71.82928550261071621, 2.148790584154880129E-19, 158.3399170880769873 ) ) ;
#2149 = CARTESIAN_POINT ( 'NONE',  ( -105.1129002011259956, 7.551033870332260811, 283.9934444796800221 ) ) ;
#2150 = CARTESIAN_POINT ( 'NONE',  ( -30.30693151364959803, 0.0000000000000000000, 153.9491745369610101 ) ) ;
#2151 = VECTOR ( 'NONE', #6628, 1000.000000000000000 ) ;
#2152 = ADVANCED_FACE ( 'NONE', ( #2721 ), #5395, .F. ) ;
#2153 = CARTESIAN_POINT ( 'NONE',  ( -1.249127299187609452, 1.249127299187609452, 322.7515474598668561 ) ) ;
#2154 = ORIENTED_EDGE ( 'NONE', *, *, #5029, .T. ) ;
#2155 = CARTESIAN_POINT ( 'NONE',  ( -41.08183798170220058, 1.583483751295279962, 291.6544379066509691 ) ) ;
#2156 = LINE ( 'NONE', #4590, #2418 ) ;
#2157 = CARTESIAN_POINT ( 'NONE',  ( -31.89113661583549941, 13.00321644496600015, 149.8159981027159802 ) ) ;
#2158 = CARTESIAN_POINT ( 'NONE',  ( -105.0857848779009487, 7.594063449400114685, 283.0355552308126903 ) ) ;
#2159 = VECTOR ( 'NONE', #4944, 1000.000000000000000 ) ;
#2160 = CARTESIAN_POINT ( 'NONE',  ( -39.50154766205919543, 2.774399923195750350, 266.2675057904660321 ) ) ;
#2161 = CARTESIAN_POINT ( 'NONE',  ( -104.0816055173699937, 0.6457969953091619031, 268.2078466745120409 ) ) ;
#2162 = CARTESIAN_POINT ( 'NONE',  ( -44.57732686587539916, 2.838945020664010332, 144.3720811658059802 ) ) ;
#2163 = ORIENTED_EDGE ( 'NONE', *, *, #5704, .F. ) ;
#2164 = AXIS2_PLACEMENT_3D ( 'NONE', #6912, #4564, #7380 ) ;
#2165 = CARTESIAN_POINT ( 'NONE',  ( -103.5566100333520012, 0.6452834990887650335, 290.5833040022760088 ) ) ;
#2166 = FACE_OUTER_BOUND ( 'NONE', #5513, .T. ) ;
#2167 = AXIS2_PLACEMENT_3D ( 'NONE', #1262, #48, #3696 ) ;
#2168 = CARTESIAN_POINT ( 'NONE',  ( -50.97780526603379769, 0.0000000000000000000, 147.2678729878510069 ) ) ;
#2169 = CARTESIAN_POINT ( 'NONE',  ( -104.3547815594364607, 4.863411604198070393, 291.2499229823906148 ) ) ;
#2170 = ORIENTED_EDGE ( 'NONE', *, *, #5745, .F. ) ;
#2171 = ADVANCED_FACE ( 'NONE', ( #6443 ), #2112, .F. ) ;
#2172 = CARTESIAN_POINT ( 'NONE',  ( -89.21816648163540719, 0.0000000000000000000, 137.8987950794289929 ) ) ;
#2173 = MANIFOLD_SOLID_BREP ( 'left.stp', #7101 ) ;
#2174 = CARTESIAN_POINT ( 'NONE',  ( -64.17808815295200020, 0.0000000000000000000, 150.8663519187880127 ) ) ;
#2175 = CARTESIAN_POINT ( 'NONE',  ( -39.06906706641910176, 2.768900380660570093, 291.6366460730719723 ) ) ;
#2176 = CARTESIAN_POINT ( 'NONE',  ( -31.25930337231280021, 2.669589271541630282, 157.2185829891929814 ) ) ;
#2177 = CARTESIAN_POINT ( 'NONE',  ( -24.39101624501909882, 2.582250238111770013, 151.9273139751439885 ) ) ;
#2178 = CARTESIAN_POINT ( 'NONE',  ( -4.000000000000000000, 7.500000000000000000, 323.7500000000000000 ) ) ;
#2179 = ORIENTED_EDGE ( 'NONE', *, *, #2556, .T. ) ;
#2180 = CARTESIAN_POINT ( 'NONE',  ( -41.34415547574609917, 3.551612488083719654, 266.6544379066510260 ) ) ;
#2181 = CARTESIAN_POINT ( 'NONE',  ( -113.5064763839167341, 7.998878992601261118, 275.2385061637067452 ) ) ;
#2182 = CARTESIAN_POINT ( 'NONE',  ( -43.09188850274740190, 0.0000000000000000000, 148.4605637693569804 ) ) ;
#2183 = LINE ( 'NONE', #967, #4164 ) ;
#2184 = CARTESIAN_POINT ( 'NONE',  ( -107.2605271331456578, 3.995356370322069139, 166.2755000000001360 ) ) ;
#2185 = CARTESIAN_POINT ( 'NONE',  ( -105.0539410357470018, 12.56645895492219900, 274.1544379066509691 ) ) ;
#2186 = ORIENTED_EDGE ( 'NONE', *, *, #6613, .F. ) ;
#2187 = LINE ( 'NONE', #4579, #4666 ) ;
#2188 = ORIENTED_EDGE ( 'NONE', *, *, #1727, .F. ) ;
#2189 = CARTESIAN_POINT ( 'NONE',  ( -40.41815648518230120, 0.5835280016667390157, 290.0314480336090242 ) ) ;
#2190 = CARTESIAN_POINT ( 'NONE',  ( -71.09801416917970585, 0.0000000000000000000, 155.1863396087420028 ) ) ;
#2191 = CARTESIAN_POINT ( 'NONE',  ( -106.0807419664299971, 7.603298061290479914, 283.0256431650740296 ) ) ;
#2192 = CARTESIAN_POINT ( 'NONE',  ( -31.22011511447140109, 0.0000000000000000000, 159.0016677555309741 ) ) ;
#2193 = FACE_OUTER_BOUND ( 'NONE', #6318, .T. ) ;
#2194 = EDGE_LOOP ( 'NONE', ( #4556, #5277, #6253, #7754 ) ) ;
#2195 = CARTESIAN_POINT ( 'NONE',  ( -41.10197378026630588, 0.5841968409371000037, 267.6843693297139453 ) ) ;
#2196 = SECURITY_CLASSIFICATION ( '', '', #1878 ) ;
#2197 =( BOUNDED_CURVE ( )  B_SPLINE_CURVE ( 3, ( #3945, #2057, #6841, #7461 ),
 .UNSPECIFIED., .F., .F. ) 
 B_SPLINE_CURVE_WITH_KNOTS ( ( 4, 4 ),
 ( 1.713473636880935125, 2.329170069224355100 ),
 .UNSPECIFIED. ) 
 CURVE ( )  GEOMETRIC_REPRESENTATION_ITEM ( )  RATIONAL_B_SPLINE_CURVE ( ( 1.000000000000000000, 0.9686585232571260917, 0.9686585232571260917, 1.000000000000000000 ) ) 
 REPRESENTATION_ITEM ( '' )  );
#2198 = CARTESIAN_POINT ( 'NONE',  ( -113.1223387349420051, 0.03230670239586779652, 319.7500000000000000 ) ) ;
#2199 = DIRECTION ( 'NONE',  ( 0.9994584038019933558, -0.03290743182887018170, 0.0000000000000000000 ) ) ;
#2200 = CARTESIAN_POINT ( 'NONE',  ( -23.51743952523710135, 0.0000000000000000000, 159.1509765947170365 ) ) ;
#2201 = CARTESIAN_POINT ( 'NONE',  ( -39.40139886909599198, 0.5825335146490828730, 268.1325245250801004 ) ) ;
#2202 = ORIENTED_EDGE ( 'NONE', *, *, #5164, .T. ) ;
#2203 = DIRECTION ( 'NONE',  ( -0.9999877145402308320, 0.004956891022180020569, 0.0000000000000000000 ) ) ;
#2204 = CARTESIAN_POINT ( 'NONE',  ( -103.6697693000681681, 4.933196917157347983, 265.9044105813206897 ) ) ;
#2205 = AXIS2_PLACEMENT_3D ( 'NONE', #5194, #2062, #6845 ) ;
#2206 = ORIENTED_EDGE ( 'NONE', *, *, #6183, .F. ) ;
#2207 = CARTESIAN_POINT ( 'NONE',  ( -50.40556503486440221, 0.0000000000000000000, 145.0752459780109973 ) ) ;
#2208 = CARTESIAN_POINT ( 'NONE',  ( -104.0093919910480480, 4.276885454748252435, 291.4643318941164694 ) ) ;
#2209 = ORIENTED_EDGE ( 'NONE', *, *, #6141, .F. ) ;
#2210 = VECTOR ( 'NONE', #3261, 1000.000000000000000 ) ;
#2211 = EDGE_CURVE ( 'NONE', #347, #2820, #4750, .T. ) ;
#2212 = CARTESIAN_POINT ( 'NONE',  ( -104.0733153426360502, 0.6457888867191474702, 266.8552210783788610 ) ) ;
#2213 = EDGE_CURVE ( 'NONE', #3594, #1487, #1143, .T. ) ;
#2214 = CARTESIAN_POINT ( 'NONE',  ( -64.80835284147629238, 0.0000000000000000000, 151.8936174495779881 ) ) ;
#2215 = DIRECTION ( 'NONE',  ( -1.377684915902150164E-14, 0.0000000000000000000, -1.000000000000000000 ) ) ;
#2216 = CARTESIAN_POINT ( 'NONE',  ( -22.76971949867539990, 2.561633381520850072, 149.8159981027159802 ) ) ;
#2217 = EDGE_CURVE ( 'NONE', #4355, #4531, #2791, .T. ) ;
#2218 = LINE ( 'NONE', #7578, #5095 ) ;
#2219 = VERTEX_POINT ( 'NONE', #410 ) ;
#2220 = DIRECTION ( 'NONE',  ( 0.0000000000000000000, 1.000000000000000000, 0.0000000000000000000 ) ) ;
#2221 = EDGE_CURVE ( 'NONE', #2078, #1761, #7408, .T. ) ;
#2222 = CARTESIAN_POINT ( 'NONE',  ( -103.6898605082319875, 0.6454138309055190703, 290.5280543369199791 ) ) ;
#2223 = CARTESIAN_POINT ( 'NONE',  ( -44.08814962011799565, 0.0000000000000000000, 147.5064108851959759 ) ) ;
#2224 = CARTESIAN_POINT ( 'NONE',  ( -60.52912361046439571, 13.00321644496600015, 159.6252616925540053 ) ) ;
#2225 = CARTESIAN_POINT ( 'NONE',  ( -42.99652753305959862, -0.001000001298026020023, 148.5251873153569875 ) ) ;
#2226 = CYLINDRICAL_SURFACE ( 'NONE', #5100, 2.000000000000000000 ) ;
#2227 = ORIENTED_EDGE ( 'NONE', *, *, #6724, .T. ) ;
#2228 = LINE ( 'NONE', #4805, #7299 ) ;
#2229 = VECTOR ( 'NONE', #6493, 1000.000000000000114 ) ;
#2230 = ORIENTED_EDGE ( 'NONE', *, *, #927, .T. ) ;
#2231 = CARTESIAN_POINT ( 'NONE',  ( -40.85201762663042047, 1.790330192672832776, 291.6114814319712423 ) ) ;
#2232 = CARTESIAN_POINT ( 'NONE',  ( -71.23456617904129473, 0.0000000000000000000, 155.6090487264280000 ) ) ;
#2233 = CARTESIAN_POINT ( 'NONE',  ( -31.26273889202130363, 0.0000000000000000000, 157.2277340719579968 ) ) ;
#2234 = DIRECTION ( 'NONE',  ( 0.0000000000000000000, 1.000000000000000000, 0.0000000000000000000 ) ) ;
#2235 = ORIENTED_EDGE ( 'NONE', *, *, #574, .T. ) ;
#2236 = CARTESIAN_POINT ( 'NONE',  ( -41.22777057547969548, 0.5843198823362230065, 267.6613394402380095 ) ) ;
#2237 = COORDINATED_UNIVERSAL_TIME_OFFSET ( 0, 0, .AHEAD. ) ;
#2238 = LINE ( 'NONE', #2946, #787 ) ;
#2239 = CARTESIAN_POINT ( 'NONE',  ( -103.3220254552016115, 3.459387759631674886, 266.6587524079200762 ) ) ;
#2240 = CARTESIAN_POINT ( 'NONE',  ( -25.43526824887609905, 1.480280556507170009E-21, 160.3123207514040018 ) ) ;
#2241 = CARTESIAN_POINT ( 'NONE',  ( -32.05412449019910071, 2.679696436093609968, 149.7605713030999937 ) ) ;
#2242 = ORIENTED_EDGE ( 'NONE', *, *, #2687, .T. ) ;
#2243 = CARTESIAN_POINT ( 'NONE',  ( -103.6327217986259939, 0.6453579437363620164, 290.5499085185290369 ) ) ;
#2244 = CARTESIAN_POINT ( 'NONE',  ( -2.003531493117170381, 0.007073912649438210583, 319.9875998473170284 ) ) ;
#2245 = VERTEX_POINT ( 'NONE', #3469 ) ;
#2246 = CARTESIAN_POINT ( 'NONE',  ( -50.80012307893390044, 0.0000000000000000000, 138.6002381523339864 ) ) ;
#2247 = CARTESIAN_POINT ( 'NONE',  ( -103.6001252835164195, 4.868272760912280894, 292.4394270402693792 ) ) ;
#2248 = CARTESIAN_POINT ( 'NONE',  ( -68.98807610079749963, -0.001000001298026020023, 152.0032210447369891 ) ) ;
#2249 = VECTOR ( 'NONE', #2215, 1000.000000000000000 ) ;
#2250 = CARTESIAN_POINT ( 'NONE',  ( -49.04322557376679725, 2.895735755051310090, 137.9511522811520194 ) ) ;
#2251 = CARTESIAN_POINT ( 'NONE',  ( -11.63430473294809886, 2.420032376138519847, 314.7490000000000236 ) ) ;
#2252 = CARTESIAN_POINT ( 'NONE',  ( -104.8735753543060270, 13.00769105333519526, 290.8260107819049267 ) ) ;
#2253 = EDGE_CURVE ( 'NONE', #2341, #5040, #6204, .T. ) ;
#2254 = CARTESIAN_POINT ( 'NONE',  ( -105.2103562079479957, 8.711365713970039337, 284.1544379066509691 ) ) ;
#2255 = ORIENTED_EDGE ( 'NONE', *, *, #923, .F. ) ;
#2256 = CARTESIAN_POINT ( 'NONE',  ( 0.0000000000000000000, 2.000000000000000000, 319.7500000000000000 ) ) ;
#2257 = CARTESIAN_POINT ( 'NONE',  ( -104.1861368306289961, 0.6458992370158460616, 289.6544379066509691 ) ) ;
#2258 = CARTESIAN_POINT ( 'NONE',  ( -43.39426978605079910, 0.0000000000000000000, 148.2356674438659923 ) ) ;
#2259 = ADVANCED_FACE ( 'NONE', ( #486 ), #7303, .T. ) ;
#2260 = CARTESIAN_POINT ( 'NONE',  ( -92.57156071898809557, -0.001000001298026020023, 148.5251873153569875 ) ) ;
#2261 = DIRECTION ( 'NONE',  ( 0.0000000000000000000, -1.000000000000000000, -2.886579864025407005E-12 ) ) ;
#2262 = ORIENTED_EDGE ( 'NONE', *, *, #2975, .T. ) ;
#2263 = FACE_OUTER_BOUND ( 'NONE', #4306, .T. ) ;
#2264 = VERTEX_POINT ( 'NONE', #4212 ) ;
#2265 = DIRECTION ( 'NONE',  ( 0.0000000000000000000, 0.0000000000000000000, 1.000000000000000000 ) ) ;
#2266 = CARTESIAN_POINT ( 'NONE',  ( -70.63150335057250118, 0.0000000000000000000, 153.0118363572210285 ) ) ;
#2267 = EDGE_CURVE ( 'NONE', #7276, #4030, #4907, .T. ) ;
#2268 = CARTESIAN_POINT ( 'NONE',  ( -29.70907523734170042, 0.0000000000000000000, 160.1745794319239735 ) ) ;
#2269 = CYLINDRICAL_SURFACE ( 'NONE', #6857, 1.000000000000000444 ) ;
#2270 = VERTEX_POINT ( 'NONE', #754 ) ;
#2271 = CARTESIAN_POINT ( 'NONE',  ( -40.59094989742129655, 0.5836970102902349078, 267.9937018585909527 ) ) ;
#2272 = CARTESIAN_POINT ( 'NONE',  ( -105.1158941430609275, 11.28185008248389032, 283.1544379067578916 ) ) ;
#2273 = CARTESIAN_POINT ( 'NONE',  ( -105.0282425151989827, 13.09932242070900088, 11.50000000000000000 ) ) ;
#2274 = CARTESIAN_POINT ( 'NONE',  ( -103.2461269595886080, 3.390199273655697620, 266.6544379066509691 ) ) ;
#2275 = CARTESIAN_POINT ( 'NONE',  ( -114.6392871338321697, 5.727735607519133687, 282.9300024162884597 ) ) ;
#2276 = CIRCLE ( 'NONE', #2399, 252.4218899869368897 ) ;
#2277 = CARTESIAN_POINT ( 'NONE',  ( -39.55106970605788064, 0.5826799071644253036, 267.7701414516716341 ) ) ;
#2278 = ORIENTED_EDGE ( 'NONE', *, *, #4139, .F. ) ;
#2279 = CARTESIAN_POINT ( 'NONE',  ( -114.6930919017670050, 4.519822365589820201, 281.3726524789370274 ) ) ;
#2280 = CARTESIAN_POINT ( 'NONE',  ( -68.71335731570160021, 3.145865351562550316, 160.4802146902100048 ) ) ;
#2281 = ORIENTED_EDGE ( 'NONE', *, *, #4422, .T. ) ;
#2282 = VECTOR ( 'NONE', #6161, 1000.000000000000000 ) ;
#2283 = CARTESIAN_POINT ( 'NONE',  ( -50.39168202375589800, 0.0000000000000000000, 145.6632710633840020 ) ) ;
#2284 = CARTESIAN_POINT ( 'NONE',  ( -40.85534108264319997, 2.791615133717109565, 148.9864696948430094 ) ) ;
#2285 = CARTESIAN_POINT ( 'NONE',  ( -68.71335731570169969, 13.00321644496600015, 160.4802146902100048 ) ) ;
#2286 = CARTESIAN_POINT ( 'NONE',  ( -50.39216348285260239, 2.912887841371969877, 145.2927692910259907 ) ) ;
#2287 = CARTESIAN_POINT ( 'NONE',  ( -11.04619957681242681, 3.398397190454331973, 311.2480678021530025 ) ) ;
#2288 = VECTOR ( 'NONE', #4541, 1000.000000000000000 ) ;
#2289 = CARTESIAN_POINT ( 'NONE',  ( -24.05000859446830219, 2.577913952458479763, 155.0826270996639948 ) ) ;
#2290 = CARTESIAN_POINT ( 'NONE',  ( -39.34557523407400481, 2.772416534783260111, 291.9133684471650554 ) ) ;
#2291 = EDGE_LOOP ( 'NONE', ( #4082, #1518, #6976, #3131, #268 ) ) ;
#2292 = CARTESIAN_POINT ( 'NONE',  ( -88.94016535008579183, 0.0000000000000000000, 137.8609707278629912 ) ) ;
#2293 = CARTESIAN_POINT ( 'NONE',  ( -113.0886114414820156, -2.775986513549972098E-14, 317.6889549211574035 ) ) ;
#2294 = EDGE_CURVE ( 'NONE', #5001, #1673, #3814, .T. ) ;
#2295 = FACE_OUTER_BOUND ( 'NONE', #4195, .T. ) ;
#2296 = DIRECTION ( 'NONE',  ( 3.508876978744390297E-15, -4.461984743328479560E-17, 1.000000000000000000 ) ) ;
#2297 = LINE ( 'NONE', #7151, #3819 ) ;
#2298 = CARTESIAN_POINT ( 'NONE',  ( -62.44054221136629224, 0.0000000000000000000, 149.8159981027159802 ) ) ;
#2299 = EDGE_LOOP ( 'NONE', ( #40, #2470, #1876, #4162, #5291 ) ) ;
#2300 = CARTESIAN_POINT ( 'NONE',  ( -11.49642254948470033, 7.263749886283470403, 314.7465993764240011 ) ) ;
#2301 = LINE ( 'NONE', #4066, #4172 ) ;
#2302 = ORIENTED_EDGE ( 'NONE', *, *, #722, .T. ) ;
#2303 = LINE ( 'NONE', #3370, #1659 ) ;
#2304 = B_SPLINE_CURVE_WITH_KNOTS ( 'NONE', 3,
 ( #3873, #6813, #265, #2699, #935, #4387, #228, #2660, #3331, #7436, #2622, #2028, #1367, #4427 ),
 .UNSPECIFIED., .F., .F.,
 ( 4, 2, 2, 2, 2, 2, 4 ),
 ( 0.0000000000000000000, 0.001634658120113589852, 0.003269316240227169729, 0.004086645300283960752, 0.004903974360340760015, 0.005721303420397549737, 0.006538632480454339459 ),
 .UNSPECIFIED. ) ;
#2305 = CARTESIAN_POINT ( 'NONE',  ( -70.85475686552150876, 2.151368403661309880E-19, 151.5094340797299992 ) ) ;
#2306 = FACE_OUTER_BOUND ( 'NONE', #1159, .T. ) ;
#2307 = CARTESIAN_POINT ( 'NONE',  ( -39.34343311930970088, 1.577143931193280002, 289.6544379066509691 ) ) ;
#2308 = ADVANCED_FACE ( 'NONE', ( #637, #1305 ), #2443, .T. ) ;
#2309 = EDGE_LOOP ( 'NONE', ( #7647, #2838 ) ) ;
#2310 = CARTESIAN_POINT ( 'NONE',  ( -41.02007186085459978, 0.5841167329602769964, 267.7075625339840599 ) ) ;
#2311 = CARTESIAN_POINT ( 'NONE',  ( -100.2130641889379916, 8.546828554825690816, 284.1544379066509691 ) ) ;
#2312 = CARTESIAN_POINT ( 'NONE',  ( -105.0539410357470018, 12.56645895492219900, 149.1705927090359864 ) ) ;
#2313 = CARTESIAN_POINT ( 'NONE',  ( -33.73096554415199932, 2.701019779107260099, 149.3969749999030228 ) ) ;
#2314 = ORIENTED_EDGE ( 'NONE', *, *, #4927, .T. ) ;
#2315 = CARTESIAN_POINT ( 'NONE',  ( -114.4660414635859382, 8.516080197604017243, 283.1319997808112134 ) ) ;
#2316 = DIRECTION ( 'NONE',  ( 1.276118100079797698E-10, 2.645842572812696263E-09, 1.000000000000000000 ) ) ;
#2317 = CARTESIAN_POINT ( 'NONE',  ( -94.41138964730330940, 3.472648788066840186, 148.9442104181700017 ) ) ;
#2318 = B_SPLINE_CURVE_WITH_KNOTS ( 'NONE', 3,
 ( #3381, #1569, #983, #7159 ),
 .UNSPECIFIED., .F., .F.,
 ( 4, 4 ),
 ( 0.0000000000000000000, 0.5458427884720949974 ),
 .UNSPECIFIED. ) ;
#2319 = ORIENTED_EDGE ( 'NONE', *, *, #3895, .T. ) ;
#2320 = CARTESIAN_POINT ( 'NONE',  ( -51.60921044863030005, 0.0000000000000000000, 140.2315975124429883 ) ) ;
#2321 = DIRECTION ( 'NONE',  ( 0.0000000000000000000, 0.0000000000000000000, 1.000000000000000000 ) ) ;
#2322 = CARTESIAN_POINT ( 'NONE',  ( -105.1368423434770136, 0.6468291187054440172, 268.1268629013700320 ) ) ;
#2323 = VECTOR ( 'NONE', #1853, 1000.000000000000000 ) ;
#2324 = CARTESIAN_POINT ( 'NONE',  ( -51.40138438991699843, 2.925721446440209927, 139.2687184993099834 ) ) ;
#2325 = CARTESIAN_POINT ( 'NONE',  ( -91.51533106288870556, 3.435821362668469714, 142.5644605220569758 ) ) ;
#2326 = CARTESIAN_POINT ( 'NONE',  ( -9.740263003866003189, 4.801524162858051170, 311.8920628314779719 ) ) ;
#2327 = DIRECTION ( 'NONE',  ( 0.4994195462903692206, -0.02408561362369675968, 0.8660254037841452757 ) ) ;
#2328 = CARTESIAN_POINT ( 'NONE',  ( -40.61466829800109934, 2.788554672208449769, 292.5700285777400040 ) ) ;
#2329 = CIRCLE ( 'NONE', #6834, 1.000000000000000000 ) ;
#2330 = ORIENTED_EDGE ( 'NONE', *, *, #3406, .T. ) ;
#2331 = CARTESIAN_POINT ( 'NONE',  ( -104.4761299067813098, 5.934060587239104123, 266.6042673464484096 ) ) ;
#2332 = CARTESIAN_POINT ( 'NONE',  ( -113.6535437525648149, 5.295209753958404875, 277.5798397621470031 ) ) ;
#2333 = CARTESIAN_POINT ( 'NONE',  ( -112.4965193952539977, 3.145476416441399969, 323.3506410487950120 ) ) ;
#2334 = DIRECTION ( 'NONE',  ( 0.0000000000000000000, 0.0000000000000000000, -1.000000000000000000 ) ) ;
#2335 = CARTESIAN_POINT ( 'NONE',  ( -40.42508913407089466, 13.00321644496600015, 138.6941936058039744 ) ) ;
#2336 = B_SPLINE_CURVE_WITH_KNOTS ( 'NONE', 3,
 ( #4335, #1311, #3668, #5504, #2491, #3741, #1385, #4370, #7226, #5426, #1857, #1232, #3627, #7269, #646, #2568, #3775, #5467 ),
 .UNSPECIFIED., .F., .F.,
 ( 4, 2, 2, 2, 2, 2, 2, 2, 4 ),
 ( 0.0000000000000000000, 0.2499999999999842348, 0.4999999999999684697, 0.6249999999999605871, 0.6874999999999638067, 0.7499999999999671374, 0.8124999999999703570, 0.8749999999999736877, 1.000000000000000000 ),
 .UNSPECIFIED. ) ;
#2337 = CARTESIAN_POINT ( 'NONE',  ( -106.0873621376746740, 7.295131583687912702, 275.3703796828998520 ) ) ;
#2338 = ORIENTED_EDGE ( 'NONE', *, *, #2777, .F. ) ;
#2339 = CARTESIAN_POINT ( 'NONE',  ( -39.34343311931019826, 1.577143931116119946, 289.9175515110540005 ) ) ;
#2340 = CARTESIAN_POINT ( 'NONE',  ( -105.1851464518889969, 1.650855100457929936, 289.6544379066509691 ) ) ;
#2341 = VERTEX_POINT ( 'NONE', #6085 ) ;
#2342 = CARTESIAN_POINT ( 'NONE',  ( -40.35630601248690397, 0.5834675059388110263, 289.8134832425299692 ) ) ;
#2343 = CARTESIAN_POINT ( 'NONE',  ( -67.78404412602378670, 0.0000000000000000000, 152.8824597521790167 ) ) ;
#2344 = CARTESIAN_POINT ( 'NONE',  ( -104.9735017887119994, 14.13761165742179848, 11.50000000000000000 ) ) ;
#2345 = B_SPLINE_CURVE_WITH_KNOTS ( 'NONE', 3,
 ( #481, #7095, #1177, #5960, #1726, #2990, #2393, #7645, #1801, #2836, #4203, #5215, #7606, #2244 ),
 .UNSPECIFIED., .F., .F.,
 ( 4, 2, 2, 2, 2, 2, 4 ),
 ( 0.0000000000000000000, 0.2598313389974326593, 0.5196626779948718688, 0.6495783474935878932, 0.7794940169923044726, 0.9094096864910204969, 1.000000000000000000 ),
 .UNSPECIFIED. ) ;
#2346 = CARTESIAN_POINT ( 'NONE',  ( -17.21702404006340004, -0.001000001298026020023, 149.1705927090359864 ) ) ;
#2347 = VECTOR ( 'NONE', #5399, 1000.000000000000000 ) ;
#2348 = EDGE_CURVE ( 'NONE', #455, #1548, #4408, .T. ) ;
#2349 = ORIENTED_EDGE ( 'NONE', *, *, #2454, .T. ) ;
#2350 = CARTESIAN_POINT ( 'NONE',  ( -85.01768524905810409, 3.353195692881909995, 146.3993403581280290 ) ) ;
#2351 = CARTESIAN_POINT ( 'NONE',  ( -85.02223267621999980, -1.656810396910079915E-21, 138.5182163311779959 ) ) ;
#2352 = CARTESIAN_POINT ( 'NONE',  ( -104.3134629449909454, 4.784531383552089956, 267.0276479566504690 ) ) ;
#2353 = CARTESIAN_POINT ( 'NONE',  ( -32.22236233737350375, 2.681836192319320133, 149.7102371408380179 ) ) ;
#2354 = ORIENTED_EDGE ( 'NONE', *, *, #861, .T. ) ;
#2355 = CARTESIAN_POINT ( 'NONE',  ( -113.6505819342190051, 5.377966330324449373, 280.9290095644870462 ) ) ;
#2356 = CARTESIAN_POINT ( 'NONE',  ( -83.34601406069759832, 3.331938250515819711, 148.5605983373910135 ) ) ;
#2357 = CARTESIAN_POINT ( 'NONE',  ( -97.98783816728250429, 3.518127724332380080, 149.1704248592880049 ) ) ;
#2358 = EDGE_CURVE ( 'NONE', #3109, #1707, #205, .T. ) ;
#2359 = EDGE_LOOP ( 'NONE', ( #7093, #1370, #5042, #5973 ) ) ;
#2360 = CARTESIAN_POINT ( 'NONE',  ( -7.158864168944269579, 7.845252078296402587, 161.8755000000000166 ) ) ;
#2361 = CARTESIAN_POINT ( 'NONE',  ( -51.53599313318849795, 0.0000000000000000000, 140.9291716486690405 ) ) ;
#2362 = CARTESIAN_POINT ( 'NONE',  ( -41.25882962826580069, 2.796745742060899875, 148.9289286310460056 ) ) ;
#2363 = CARTESIAN_POINT ( 'NONE',  ( -105.1901225506520774, 0.6468812318867760425, 268.6544379066512533 ) ) ;
#2364 = CARTESIAN_POINT ( 'NONE',  ( -51.59196401387419684, 2.928144963166890324, 139.8866845383049906 ) ) ;
#2365 = CARTESIAN_POINT ( 'NONE',  ( -90.54930682891760796, 3.423537780267339681, 138.2256030304760088 ) ) ;
#2366 = DIRECTION ( 'NONE',  ( 1.030158581991190099E-14, 0.0000000000000000000, 1.000000000000000000 ) ) ;
#2367 = DIRECTION ( 'NONE',  ( -0.9999191579690124287, 0.01271524779707759387, 0.0000000000000000000 ) ) ;
#2368 = CARTESIAN_POINT ( 'NONE',  ( -41.34249323760796813, 1.726625676380477703, 266.6544379066510260 ) ) ;
#2369 = VERTEX_POINT ( 'NONE', #3926 ) ;
#2370 = CARTESIAN_POINT ( 'NONE',  ( -102.7050702843345107, 7.923974276715246567, 314.7167695574903519 ) ) ;
#2371 = CARTESIAN_POINT ( 'NONE',  ( -113.6610142521711566, 5.082235551070825252, 278.1873294953576874 ) ) ;
#2372 = CARTESIAN_POINT ( 'NONE',  ( -104.8275658781829947, 13.89080364359259967, 268.6544379066510260 ) ) ;
#2373 = CARTESIAN_POINT ( 'NONE',  ( -12.00999206123120366, 4.476976235172162255, 313.7908947298865883 ) ) ;
#2374 = AXIS2_PLACEMENT_3D ( 'NONE', #4140, #6450, #1154 ) ;
#2375 = ORIENTED_EDGE ( 'NONE', *, *, #3268, .F. ) ;
#2376 = CARTESIAN_POINT ( 'NONE',  ( -113.1579502396589874, 0.03912035090029850060, 163.8962259421609815 ) ) ;
#2377 = CARTESIAN_POINT ( 'NONE',  ( -102.5568433042950005, 12.44603088684500136, 314.7490000000000236 ) ) ;
#2378 = CARTESIAN_POINT ( 'NONE',  ( -103.1851512589930167, 1.644920654915600133, 291.6544379066509691 ) ) ;
#2379 = DESIGN_CONTEXT ( 'detailed design', #7266, 'design' ) ;
#2380 = CARTESIAN_POINT ( 'NONE',  ( -22.27698037268909914, 2.555366936107700049, 149.6651460912279958 ) ) ;
#2381 = DIRECTION ( 'NONE',  ( -1.000000000000000000, 0.0000000000000000000, 0.0000000000000000000 ) ) ;
#2382 = CARTESIAN_POINT ( 'NONE',  ( -63.28442397033419553, 3.076830333513020044, 150.2005468667749994 ) ) ;
#2383 = CARTESIAN_POINT ( 'NONE',  ( -9.578762876157130179, 5.080415435731500118, 311.9710329863009406 ) ) ;
#2384 = ORIENTED_EDGE ( 'NONE', *, *, #4742, .F. ) ;
#2385 = CARTESIAN_POINT ( 'NONE',  ( -105.2120179062811332, 8.660896975006496135, 312.2489999999998531 ) ) ;
#2386 = PERSON_AND_ORGANIZATION_ROLE ( 'creator' ) ;
#2387 = CARTESIAN_POINT ( 'NONE',  ( -84.10158111209061360, -2.028854774118740016E-21, 140.0160709091040019 ) ) ;
#2388 = CARTESIAN_POINT ( 'NONE',  ( -104.5363166787036420, 5.247671913039519076, 267.2208658197710633 ) ) ;
#2389 = CARTESIAN_POINT ( 'NONE',  ( -41.08112862387019959, 0.5841764523635739614, 267.6809727991370096 ) ) ;
#2390 = EDGE_LOOP ( 'NONE', ( #2281, #4620, #2954, #2704 ) ) ;
#2391 = ADVANCED_FACE ( 'NONE', ( #4478 ), #870, .F. ) ;
#2392 = CARTESIAN_POINT ( 'NONE',  ( -114.5800084296310075, 6.814187057037679907, 283.6486576907250310 ) ) ;
#2393 = CARTESIAN_POINT ( 'NONE',  ( -2.409784746521410170, 0.8195694930442389836, 322.1899591606240278 ) ) ;
#2394 = DIRECTION ( 'NONE',  ( 1.000000000000000000, 0.0000000000000000000, 0.0000000000000000000 ) ) ;
#2395 = VERTEX_POINT ( 'NONE', #3888 ) ;
#2396 = CARTESIAN_POINT ( 'NONE',  ( -102.5568433042330128, 12.44603088813520131, 312.2490000000000236 ) ) ;
#2397 = CARTESIAN_POINT ( 'NONE',  ( -101.2693236353560451, 3.625379291206401344, 310.7425966093451848 ) ) ;
#2398 = CARTESIAN_POINT ( 'NONE',  ( -105.1557369180429760, 4.562120578698674933, 279.1341255828122598 ) ) ;
#2399 = AXIS2_PLACEMENT_3D ( 'NONE', #816, #5717, #778 ) ;
#2400 = CARTESIAN_POINT ( 'NONE',  ( -105.1128903349797099, 7.550985323681278061, 289.7322999214137553 ) ) ;
#2401 = CARTESIAN_POINT ( 'NONE',  ( -0.5738443865704155877, 2.287122688171727702, 321.8187917357088850 ) ) ;
#2402 = CARTESIAN_POINT ( 'NONE',  ( -50.64997147798259647, 2.916166355248349884, 146.7437700356880157 ) ) ;
#2403 = CARTESIAN_POINT ( 'NONE',  ( -90.85953859066060545, 3.427482077251629899, 145.1983131048419864 ) ) ;
#2404 = CARTESIAN_POINT ( 'NONE',  ( -9.056793849661699980, 6.592363597789649532, 312.2223843416229556 ) ) ;
#2405 = EDGE_CURVE ( 'NONE', #1864, #2369, #4000, .T. ) ;
#2406 = CARTESIAN_POINT ( 'NONE',  ( -24.31660504508390019, 2.581304004770290206, 159.8965544892290040 ) ) ;
#2407 = AXIS2_PLACEMENT_3D ( 'NONE', #1264, #6596, #3039 ) ;
#2408 = CARTESIAN_POINT ( 'NONE',  ( -9.054684967973290810, 6.085615533651860254, -48.64979999999999905 ) ) ;
#2409 = ORIENTED_EDGE ( 'NONE', *, *, #1295, .F. ) ;
#2410 = CARTESIAN_POINT ( 'NONE',  ( -37.44383207444760586, 13.00321644496600015, 149.1705927090359864 ) ) ;
#2411 = EDGE_CURVE ( 'NONE', #1316, #991, #7035, .T. ) ;
#2412 = B_SPLINE_CURVE_WITH_KNOTS ( 'NONE', 3,
 ( #5987, #3563, #6501, #7200 ),
 .UNSPECIFIED., .F., .F.,
 ( 4, 4 ),
 ( 0.0000000000000000000, 1.000000000000000000 ),
 .UNSPECIFIED. ) ;
#2413 = CARTESIAN_POINT ( 'NONE',  ( -90.85467043644790408, 0.0000000000000000000, 145.4602457869719956 ) ) ;
#2414 = AXIS2_PLACEMENT_3D ( 'NONE', #425, #2738, #7628 ) ;
#2415 = CARTESIAN_POINT ( 'NONE',  ( -104.8735753543059985, 13.00769105333520059, 293.8544379066510146 ) ) ;
#2416 = CARTESIAN_POINT ( 'NONE',  ( -28.64001075750429948, 2.636282329410849723, 160.4270773981729974 ) ) ;
#2417 = ORIENTED_EDGE ( 'NONE', *, *, #6126, .F. ) ;
#2418 = VECTOR ( 'NONE', #3526, 1000.000000000000000 ) ;
#2419 = CARTESIAN_POINT ( 'NONE',  ( -40.73512166521610567, 0.5838380241848609709, 290.4500819430830347 ) ) ;
#2420 = CARTESIAN_POINT ( 'NONE',  ( -105.0766250938958564, 7.201176911252252566, 289.9363384042511598 ) ) ;
#2421 = ORIENTED_EDGE ( 'NONE', *, *, #5801, .T. ) ;
#2422 = LINE ( 'NONE', #4806, #3418 ) ;
#2423 = CARTESIAN_POINT ( 'NONE',  ( -68.84352708780859587, 0.0000000000000000000, 160.4637650935200099 ) ) ;
#2424 = CARTESIAN_POINT ( 'NONE',  ( -25.04266285863660002, 0.0000000000000000000, 160.2004952364459882 ) ) ;
#2425 = DIRECTION ( 'NONE',  ( 0.0000000000000000000, -7.841243758125039891E-17, 1.000000000000000000 ) ) ;
#2426 = PLANE ( 'NONE',  #5325 ) ;
#2427 = CARTESIAN_POINT ( 'NONE',  ( -48.48654928131739439, 13.00321644496600015, 137.8609707278629912 ) ) ;
#2428 = LINE ( 'NONE', #33, #6733 ) ;
#2429 = ORIENTED_EDGE ( 'NONE', *, *, #6862, .F. ) ;
#2430 = CARTESIAN_POINT ( 'NONE',  ( -105.2120179062810337, 8.660896975006492582, 313.2845339104221694 ) ) ;
#2431 = CARTESIAN_POINT ( 'NONE',  ( -84.95875278126929686, 0.0000000000000000000, 146.6168424269920081 ) ) ;
#2432 = CARTESIAN_POINT ( 'NONE',  ( -105.0720025295025692, 7.169096056904910697, 268.3362114920588510 ) ) ;
#2433 = CARTESIAN_POINT ( 'NONE',  ( -40.72921507116020479, 0.5838322469661509917, 267.8553406615989729 ) ) ;
#2434 = ORIENTED_EDGE ( 'NONE', *, *, #6283, .F. ) ;
#2435 = CARTESIAN_POINT ( 'NONE',  ( -105.0928674035699686, 7.351874933466789663, 274.3154313336115706 ) ) ;
#2436 = CARTESIAN_POINT ( 'NONE',  ( -70.62887039479790019, 3.170223544187559916, 159.9858418281669969 ) ) ;
#2437 = FACE_OUTER_BOUND ( 'NONE', #2194, .T. ) ;
#2438 = ORIENTED_EDGE ( 'NONE', *, *, #961, .F. ) ;
#2439 = DIRECTION ( 'NONE',  ( -0.9999191579690124287, 0.01271524779707759387, 0.0000000000000000000 ) ) ;
#2440 = CARTESIAN_POINT ( 'NONE',  ( -102.4143290665689960, 6.068864483264090559, 314.0881579914129702 ) ) ;
#2441 = CARTESIAN_POINT ( 'NONE',  ( -61.75223080208279924, 3.057345732496950408, 149.7116458028399961 ) ) ;
#2442 = CARTESIAN_POINT ( 'NONE',  ( -106.0873622336287809, 7.295127152791333280, 282.9384945908100235 ) ) ;
#2443 = PLANE ( 'NONE',  #4035 ) ;
#2444 = CARTESIAN_POINT ( 'NONE',  ( -91.84590798395879574, 3.440025161638079698, 139.2295517008650165 ) ) ;
#2445 = CARTESIAN_POINT ( 'NONE',  ( -113.6644701333620162, 4.972422735670597227, 279.3682751979093268 ) ) ;
#2446 = CARTESIAN_POINT ( 'NONE',  ( -23.29445515077690132, 2.568306064798549837, 157.8320184490929989 ) ) ;
#2447 = CARTESIAN_POINT ( 'NONE',  ( -9.134506838026890563, 2.388244256645900343, -48.64979999999999905 ) ) ;
#2448 = EDGE_CURVE ( 'NONE', #1840, #7291, #5611, .T. ) ;
#2449 = CARTESIAN_POINT ( 'NONE',  ( -105.2159530889680354, 8.331766386572423855, 275.1512927107214068 ) ) ;
#2450 = AXIS2_PLACEMENT_3D ( 'NONE', #728, #2495, #7272 ) ;
#2451 = EDGE_CURVE ( 'NONE', #1596, #1359, #813, .T. ) ;
#2452 = CARTESIAN_POINT ( 'NONE',  ( -90.88919217699159958, 0.0000000000000000000, 146.0998312198719873 ) ) ;
#2453 = CARTESIAN_POINT ( 'NONE',  ( -63.90452247700019228, 0.0000000000000000000, 158.9893331903009823 ) ) ;
#2454 = EDGE_CURVE ( 'NONE', #1673, #7739, #1020, .T. ) ;
#2455 = CARTESIAN_POINT ( 'NONE',  ( -39.45794665275456481, 1.577316781331638662, 290.3516319771641179 ) ) ;
#2456 = AXIS2_PLACEMENT_3D ( 'NONE', #2666, #2075, #5048 ) ;
#2457 = ORIENTED_EDGE ( 'NONE', *, *, #4422, .F. ) ;
#2458 = EDGE_CURVE ( 'NONE', #3109, #1175, #2318, .T. ) ;
#2459 = CARTESIAN_POINT ( 'NONE',  ( -40.18129894802710567, 2.783043828028040068, 265.8827902639879994 ) ) ;
#2460 = CARTESIAN_POINT ( 'NONE',  ( -104.9399537576432238, 6.475186428289202212, 290.4729222624457066 ) ) ;
#2461 = ORIENTED_EDGE ( 'NONE', *, *, #4983, .F. ) ;
#2462 = CYLINDRICAL_SURFACE ( 'NONE', #168, 1.000000000000002887 ) ;
#2463 = VECTOR ( 'NONE', #6785, 1000.000000000000000 ) ;
#2464 = CARTESIAN_POINT ( 'NONE',  ( -69.97539905104399338, 0.0000000000000000000, 160.2333936353649904 ) ) ;
#2465 = CARTESIAN_POINT ( 'NONE',  ( -22.96969699822019706, 0.0000000000000000000, 149.9525747990220168 ) ) ;
#2466 = CARTESIAN_POINT ( 'NONE',  ( -39.33477056700829166, 2.772279139658827773, 289.7861274309461237 ) ) ;
#2467 = CARTESIAN_POINT ( 'NONE',  ( -64.60829222829960372, 3.093664163888649732, 151.4396408243709971 ) ) ;
#2468 = CARTESIAN_POINT ( 'NONE',  ( -11.52997789522799899, 6.623813341139709543, 314.6957680137959983 ) ) ;
#2469 = DIRECTION ( 'NONE',  ( 0.0000000000000000000, 1.000000000000000000, 0.0000000000000000000 ) ) ;
#2470 = ORIENTED_EDGE ( 'NONE', *, *, #7721, .F. ) ;
#2471 = APPROVAL_DATE_TIME ( #5521, #6328 ) ;
#2472 = CARTESIAN_POINT ( 'NONE',  ( -84.63782094892968644, 0.0000000000000000000, 147.3185365283509896 ) ) ;
#2473 = CARTESIAN_POINT ( 'NONE',  ( -104.5682527712073977, 5.322878702150612540, 267.2542783531763462 ) ) ;
#2474 = CARTESIAN_POINT ( 'NONE',  ( -40.59094989936450304, 0.5836970102921349435, 267.9937018606339620 ) ) ;
#2475 = VERTEX_POINT ( 'NONE', #6024 ) ;
#2476 = CARTESIAN_POINT ( 'NONE',  ( -114.6930007665140323, 4.522164400842116905, 276.9311667319526578 ) ) ;
#2477 = TOROIDAL_SURFACE ( 'NONE', #221, 6.000000000000000000, 1.000000000000000000 ) ;
#2478 = CARTESIAN_POINT ( 'NONE',  ( -70.63474115456669722, 3.170297960421879946, 153.1503422609650329 ) ) ;
#2479 = CARTESIAN_POINT ( 'NONE',  ( -31.58925716982359688, 2.673785023087489776, 150.0231755344249791 ) ) ;
#2480 = EDGE_LOOP ( 'NONE', ( #6272, #4462, #2762, #4452 ) ) ;
#2481 = DIRECTION ( 'NONE',  ( 0.0000000000000000000, 0.0000000000000000000, 1.000000000000000000 ) ) ;
#2482 = CARTESIAN_POINT ( 'NONE',  ( -102.1383918325370104, 5.266910660665219623, 313.5159340548499927 ) ) ;
#2483 = FACE_OUTER_BOUND ( 'NONE', #2359, .T. ) ;
#2484 = CARTESIAN_POINT ( 'NONE',  ( -104.9556952222848736, 6.963046365455891618, 290.7500428938619166 ) ) ;
#2485 = CARTESIAN_POINT ( 'NONE',  ( -110.0392907047369988, 12.80688848307550032, 323.7500000000000000 ) ) ;
#2486 = CARTESIAN_POINT ( 'NONE',  ( -113.2449723362209824, 1.531390751358548741, 322.9865788510022639 ) ) ;
#2487 = CARTESIAN_POINT ( 'NONE',  ( -91.55111799862500277, 3.436276615212650043, 138.8358825840429915 ) ) ;
#2488 = CARTESIAN_POINT ( 'NONE',  ( -100.2893556757200031, 2.547313607011620018, 266.6544379066510260 ) ) ;
#2489 = CARTESIAN_POINT ( 'NONE',  ( -25.67283464464889775, 2.598550117185729480, 160.3686840397890307 ) ) ;
#2490 = DIRECTION ( 'NONE',  ( 1.000000000000000000, 0.0000000000000000000, 0.0000000000000000000 ) ) ;
#2491 = CARTESIAN_POINT ( 'NONE',  ( -112.9237949101834317, 2.938767392767438480, 323.1417970931950663 ) ) ;
#2492 = CARTESIAN_POINT ( 'NONE',  ( -91.59334591785919599, 0.0000000000000000000, 142.3226589976770242 ) ) ;
#2493 = CARTESIAN_POINT ( 'NONE',  ( 0.0000000000000000000, 0.0000000000000000000, 149.1705927090359864 ) ) ;
#2494 = EDGE_CURVE ( 'NONE', #1248, #2033, #7646, .T. ) ;
#2495 = DIRECTION ( 'NONE',  ( -0.01271524779708350580, -0.9999191579690124287, 0.0000000000000000000 ) ) ;
#2496 = ORIENTED_EDGE ( 'NONE', *, *, #6368, .F. ) ;
#2497 =( BOUNDED_CURVE ( )  B_SPLINE_CURVE ( 3, ( #2376, #4765, #3592, #3011 ),
 .UNSPECIFIED., .F., .F. ) 
 B_SPLINE_CURVE_WITH_KNOTS ( ( 4, 4 ),
 ( 1.420873725764397966, 1.618986203464553242 ),
 .UNSPECIFIED. ) 
 CURVE ( )  GEOMETRIC_REPRESENTATION_ITEM ( )  RATIONAL_B_SPLINE_CURVE ( ( 1.000000000000000000, 0.9967319606976473567, 0.9967319606976473567, 1.000000000000000000 ) ) 
 REPRESENTATION_ITEM ( '' )  );
#2498 = CARTESIAN_POINT ( 'NONE',  ( -39.09758418044159356, 10.05251277932860177, 268.6544379066510260 ) ) ;
#2499 = ORIENTED_EDGE ( 'NONE', *, *, #4509, .T. ) ;
#2500 = DIRECTION ( 'NONE',  ( 0.0000000000000000000, 0.0000000000000000000, 1.000000000000000000 ) ) ;
#2501 = CARTESIAN_POINT ( 'NONE',  ( -20.82938303583269857, 2.536959466529810303, 149.3812346751289795 ) ) ;
#2502 = B_SPLINE_CURVE_WITH_KNOTS ( 'NONE', 3,
 ( #3367, #5751, #5832, #384, #1597, #3991, #6382, #1008, #465, #2819 ),
 .UNSPECIFIED., .F., .F.,
 ( 4, 2, 2, 2, 4 ),
 ( 0.0000000000000000000, 0.2500000000000000000, 0.5000000000000000000, 0.7500000000000000000, 1.000000000000000000 ),
 .UNSPECIFIED. ) ;
#2503 = CARTESIAN_POINT ( 'NONE',  ( -24.47818358253989857, 0.0000000000000000000, 153.0715914169580003 ) ) ;
#2504 = CARTESIAN_POINT ( 'NONE',  ( -5.141976950576889749, 3.995356370322069139, 157.8340481156690203 ) ) ;
#2505 = CIRCLE ( 'NONE', #3753, 1.000000000000002665 ) ;
#2506 = CARTESIAN_POINT ( 'NONE',  ( -63.73960883515719900, 3.082617794091089714, 157.9317581788920108 ) ) ;
#2507 = CARTESIAN_POINT ( 'NONE',  ( -48.17718449455220053, 13.00321644496600015, 146.6740724992289699 ) ) ;
#2508 = CARTESIAN_POINT ( 'NONE',  ( -105.0282425151980874, 13.09932242070889785, 313.7134660940667459 ) ) ;
#2509 = B_SPLINE_SURFACE_WITH_KNOTS ( 'NONE', 2, 1, ( 
 ( #5390, #22 ),
 ( #6689, #7387 ),
 ( #3056, #6020 ) ),
 .UNSPECIFIED., .F., .F., .F.,
 ( 3, 3 ),
 ( 2, 2 ),
 ( -2.000000000000000000, -1.000000000000000000 ),
 ( 0.0000000000000000000, 1.300421644626400086 ),
 .UNSPECIFIED. ) ;
#2510 = CARTESIAN_POINT ( 'NONE',  ( -83.45014360182798896, 3.333262390480450144, 148.5251873153569875 ) ) ;
#2511 = CALENDAR_DATE ( 2021, 15, 9 ) ;
#2512 = EDGE_CURVE ( 'NONE', #7468, #1052, #6542, .T. ) ;
#2513 = CARTESIAN_POINT ( 'NONE',  ( -85.02322928834308868, 0.0000000000000000000, 144.4016299311219882 ) ) ;
#2514 = CARTESIAN_POINT ( 'NONE',  ( -104.7213555942554706, 5.722892183649299191, 267.4402252646705733 ) ) ;
#2515 = CARTESIAN_POINT ( 'NONE',  ( -39.60717558664750015, 1.578108510656390129, 267.6532012850469755 ) ) ;
#2516 = EDGE_LOOP ( 'NONE', ( #5920, #3863, #3990, #4681 ) ) ;
#2517 = CARTESIAN_POINT ( 'NONE',  ( -114.5793020709934069, 6.820767145707633539, 274.6659168191251865 ) ) ;
#2518 = CARTESIAN_POINT ( 'NONE',  ( -70.86221844822090077, 3.173190780484850038, 151.4855181932659889 ) ) ;
#2519 = CARTESIAN_POINT ( 'NONE',  ( -100.4763547013420038, 3.995356370322069139, 152.6515808367279874 ) ) ;
#2520 = EDGE_LOOP ( 'NONE', ( #5606, #3962, #3934, #3460, #4225, #4489, #7643, #5155, #386, #6264 ) ) ;
#2521 = CARTESIAN_POINT ( 'NONE',  ( -100.2130641889379916, 8.546828554825680158, 291.6544379066509691 ) ) ;
#2522 = CARTESIAN_POINT ( 'NONE',  ( -100.9312039746540108, 3.555556375573829975, 310.0763082336230241 ) ) ;
#2523 = CARTESIAN_POINT ( 'NONE',  ( -57.66149290438760033, 3.005326795530689932, 149.1345125797140270 ) ) ;
#2524 = CARTESIAN_POINT ( 'NONE',  ( -105.0000637121308102, 7.102137081775872218, 290.5925075765001679 ) ) ;
#2525 = CARTESIAN_POINT ( 'NONE',  ( -0.7961409144698242679, 2.398276612271530883, 322.1601977289751630 ) ) ;
#2526 = CARTESIAN_POINT ( 'NONE',  ( -111.0540716415230236, 3.667941576736438947, 323.7500000000001705 ) ) ;
#2527 = CARTESIAN_POINT ( 'NONE',  ( -104.1790190754269929, 0.6458922751647359073, 289.7731758950429821 ) ) ;
#2528 = CARTESIAN_POINT ( 'NONE',  ( -113.6550686233598100, 5.252688875378289879, 280.6258922587741154 ) ) ;
#2529 = CARTESIAN_POINT ( 'NONE',  ( -8.995597031945809618, 7.282777393243999420, 312.2490000000000236 ) ) ;
#2530 = FACE_OUTER_BOUND ( 'NONE', #3913, .T. ) ;
#2531 = CARTESIAN_POINT ( 'NONE',  ( -90.86416703917520010, 0.0000000000000000000, 145.8466584505119954 ) ) ;
#2532 = CARTESIAN_POINT ( 'NONE',  ( -63.76218836224539643, 0.0000000000000000000, 157.6771259946110035 ) ) ;
#2533 = AXIS2_PLACEMENT_3D ( 'NONE', #1721, #1132, #6471 ) ;
#2534 = CARTESIAN_POINT ( 'NONE',  ( -109.4630840978740025, 3.995356370322069139, 157.8340481156700150 ) ) ;
#2535 = ORIENTED_EDGE ( 'NONE', *, *, #5614, .F. ) ;
#2536 = DIRECTION ( 'NONE',  ( 0.04817122723086540020, 0.9988390925805179510, 0.0000000000000000000 ) ) ;
#2537 = VECTOR ( 'NONE', #5794, 1000.000000000000000 ) ;
#2538 = EDGE_CURVE ( 'NONE', #439, #2395, #4198, .T. ) ;
#2539 = ORIENTED_EDGE ( 'NONE', *, *, #6042, .T. ) ;
#2540 = CARTESIAN_POINT ( 'NONE',  ( -39.34418722376909727, 3.518175385115939857, 289.6544379066509691 ) ) ;
#2541 = CARTESIAN_POINT ( 'NONE',  ( -43.66393931871840550, 0.0000000000000000000, 141.0829221577720034 ) ) ;
#2542 = CARTESIAN_POINT ( 'NONE',  ( -24.27648565861830221, 0.0000000000000000000, 154.2843611920079923 ) ) ;
#2543 = CARTESIAN_POINT ( 'NONE',  ( -64.95436304479309797, 3.098064559215720326, 152.8631225341439972 ) ) ;
#2544 = VECTOR ( 'NONE', #4466, 1000.000000000000000 ) ;
#2545 = CARTESIAN_POINT ( 'NONE',  ( -104.0995484013729993, 4.407998847334839709, 266.8859646908469472 ) ) ;
#2546 = CARTESIAN_POINT ( 'NONE',  ( -102.7893341319889942, 6.536331129700919895, 314.7490000000000236 ) ) ;
#2547 = CARTESIAN_POINT ( 'NONE',  ( -84.10635328999899230, 3.341606882876110074, 140.6625768049359806 ) ) ;
#2548 = ADVANCED_FACE ( 'NONE', ( #3137 ), #1550, .F. ) ;
#2549 = CARTESIAN_POINT ( 'NONE',  ( -84.13660949218530050, 0.0000000000000000000, 139.7872638492769966 ) ) ;
#2550 = EDGE_CURVE ( 'NONE', #5239, #7098, #917, .T. ) ;
#2551 = CARTESIAN_POINT ( 'NONE',  ( -104.7527699844421960, 5.814956720405840329, 267.4852814642912335 ) ) ;
#2552 = CARTESIAN_POINT ( 'NONE',  ( -39.84052769353841228, 0.5829630249948162257, 267.3356067778901775 ) ) ;
#2553 = EDGE_LOOP ( 'NONE', ( #446, #1751, #3532, #4656, #2933 ) ) ;
#2554 = CARTESIAN_POINT ( 'NONE',  ( -114.6265987972199696, 5.978021476533903034, 275.1757217298169280 ) ) ;
#2555 = CARTESIAN_POINT ( 'NONE',  ( -71.81231582740049646, 3.185272532658700140, 158.5040387168119764 ) ) ;
#2556 = EDGE_CURVE ( 'NONE', #5845, #2630, #5668, .T. ) ;
#2557 = CARTESIAN_POINT ( 'NONE',  ( -102.1439975707516368, 3.934723082645672498, 310.6850661458575473 ) ) ;
#2558 = ORIENTED_EDGE ( 'NONE', *, *, #5895, .F. ) ;
#2559 = CARTESIAN_POINT ( 'NONE',  ( -8.994473609820492044, 7.308181882542187147, 314.7489999999997963 ) ) ;
#2560 = ADVANCED_FACE ( 'NONE', ( #1553 ), #5152, .F. ) ;
#2561 = CARTESIAN_POINT ( 'NONE',  ( -102.4857855093329988, 4.081200955217290094, 310.8568780137430281 ) ) ;
#2562 = CARTESIAN_POINT ( 'NONE',  ( -106.1132037844690075, 5.580161367366549996, 281.7760184018460450 ) ) ;
#2563 = CARTESIAN_POINT ( 'NONE',  ( -105.0402397034300890, 7.243590841981746742, 290.4116497831124661 ) ) ;
#2564 = CARTESIAN_POINT ( 'NONE',  ( -1.177928132358975422, 2.588964104355983231, 322.5847820048008998 ) ) ;
#2565 = CARTESIAN_POINT ( 'NONE',  ( -114.6118650631639895, 2.110816745238329961, 320.8490828438880271 ) ) ;
#2566 = DIRECTION ( 'NONE',  ( 0.0009780959844898913080, 0.9999995216640081841, 0.0000000000000000000 ) ) ;
#2567 = CARTESIAN_POINT ( 'NONE',  ( -105.1136588008390476, 7.554859777163265733, 289.7715047745482480 ) ) ;
#2568 = CARTESIAN_POINT ( 'NONE',  ( -114.7245066141372405, 2.055047176943134435, 320.3907179940808305 ) ) ;
#2569 = CARTESIAN_POINT ( 'NONE',  ( -90.87349331814699838, 0.0000000000000000000, 145.9740063628119913 ) ) ;
#2570 = CARTESIAN_POINT ( 'NONE',  ( -64.30378389694941177, 0.0000000000000000000, 155.7003255351669964 ) ) ;
#2571 = B_SPLINE_SURFACE_WITH_KNOTS ( 'NONE', 2, 1, ( 
 ( #6723, #6092 ),
 ( #17, #6604 ),
 ( #4299, #4913 ) ),
 .UNSPECIFIED., .F., .F., .F.,
 ( 3, 3 ),
 ( 2, 2 ),
 ( -2.000000000000000000, -1.000000000000000000 ),
 ( 0.0000000000000000000, 1.300421644626400086 ),
 .UNSPECIFIED. ) ;
#2572 = CARTESIAN_POINT ( 'NONE',  ( 39.43692280816440388, 0.0000000000000000000, 251.8957282297280074 ) ) ;
#2573 = CARTESIAN_POINT ( 'NONE',  ( -38.72503922690810185, 2.764525627768190219, 291.1562928695469736 ) ) ;
#2574 = CARTESIAN_POINT ( 'NONE',  ( -39.34705861651449510, 0.5824803646412809455, 268.6544379066510260 ) ) ;
#2575 = ORIENTED_EDGE ( 'NONE', *, *, #6144, .F. ) ;
#2576 = CARTESIAN_POINT ( 'NONE',  ( -41.34705765984249837, 0.5844365566102529552, 291.6544379066509691 ) ) ;
#2577 = CARTESIAN_POINT ( 'NONE',  ( -44.07405890182529618, 0.0000000000000000000, 142.5619387491080090 ) ) ;
#2578 = CARTESIAN_POINT ( 'NONE',  ( -23.52021854172759774, 0.0000000000000000000, 156.7617683258519889 ) ) ;
#2579 = VECTOR ( 'NONE', #1792, 1000.000000000000000 ) ;
#2580 = CARTESIAN_POINT ( 'NONE',  ( -64.50675427825800057, 3.092372177645930087, 155.0888585255860050 ) ) ;
#2581 = CARTESIAN_POINT ( 'NONE',  ( -10.32550495252129963, 4.036925718952420361, 311.6043262473509685 ) ) ;
#2582 = CARTESIAN_POINT ( 'NONE',  ( -105.0012955040200069, 13.62303811808740051, 312.2490000000000236 ) ) ;
#2583 = B_SPLINE_CURVE_WITH_KNOTS ( 'NONE', 3,
 ( #5247, #508, #4697, #6977, #395, #1053, #1565, #3414, #7636, #1641, #4001, #5285, #979, #1679, #6936, #2789, #5167, #2271, #7559, #2903, #7088, #6392, #4039, #4116, #4664, #1016, #433, #5324, #5803, #7676, #6352, #2826, #7053, #1718, #2310, #4075, #2195, #544, #5207, #2236, #3453, #5840, #4626 ),
 .UNSPECIFIED., .F., .F.,
 ( 4, 3, 3, 3, 3, 3, 3, 3, 3, 3, 3, 3, 3, 3, 4 ),
 ( 0.0000000000000000000, 0.0001178870760715800025, 0.0002374525893420940091, 0.0003566014402128269757, 0.0003905425874918679410, 0.0005858138814683650115, 0.0007810851749837358820, 0.0009052546683306519730, 0.001029486099434399980, 0.001140317122688150071, 0.001172061921294409968, 0.001193048776098070080, 0.001319796027943639840, 0.001446666828254820078, 0.001562170349967470029 ),
 .UNSPECIFIED. ) ;
#2584 = CARTESIAN_POINT ( 'NONE',  ( -85.09760900548781137, 3.354212014935289865, 144.9304867720260006 ) ) ;
#2585 = VECTOR ( 'NONE', #3033, 1000.000000000000000 ) ;
#2586 = CARTESIAN_POINT ( 'NONE',  ( -106.1876412163660035, 0.0000000000000000000, 319.7500000000000000 ) ) ;
#2587 = DIRECTION ( 'NONE',  ( 0.0000000000000000000, 0.0000000000000000000, -1.000000000000000000 ) ) ;
#2588 = CARTESIAN_POINT ( 'NONE',  ( -105.1264861397829691, 6.019073611237148569, 276.0592457096832391 ) ) ;
#2589 = ORIENTED_EDGE ( 'NONE', *, *, #1098, .T. ) ;
#2590 = CARTESIAN_POINT ( 'NONE',  ( -30.45362625738160034, 0.0000000000000000000, 151.3927678769119893 ) ) ;
#2591 = CARTESIAN_POINT ( 'NONE',  ( -70.93958024259870854, 3.174174616308039987, 154.6692439750249832 ) ) ;
#2592 = EDGE_CURVE ( 'NONE', #5849, #4304, #2183, .T. ) ;
#2593 = CARTESIAN_POINT ( 'NONE',  ( -105.0928674035610015, 7.351874933421259861, 289.6544379066505144 ) ) ;
#2594 = ORIENTED_EDGE ( 'NONE', *, *, #2405, .F. ) ;
#2595 = CARTESIAN_POINT ( 'NONE',  ( -113.6341836868029844, 5.789450635657779287, 276.7171863055110066 ) ) ;
#2596 = CARTESIAN_POINT ( 'NONE',  ( -105.2126599787830230, 8.610404793811099466, 314.7490000000002510 ) ) ;
#2597 = CARTESIAN_POINT ( 'NONE',  ( -111.9974870294521878, 1.501566830332798030, 322.8737594746697823 ) ) ;
#2598 = CARTESIAN_POINT ( 'NONE',  ( -39.07048466529359132, 2.768918407238840196, 266.6706142698199642 ) ) ;
#2599 = CARTESIAN_POINT ( 'NONE',  ( -103.9497691002900126, 0.6456680465773380062, 268.0075505779939817 ) ) ;
#2600 = CARTESIAN_POINT ( 'NONE',  ( -114.7245065406610109, 2.055052771717090110, 320.3907172505719814 ) ) ;
#2601 = CARTESIAN_POINT ( 'NONE',  ( -104.1185452789019905, 0.6458331259589029649, 290.0160150112330371 ) ) ;
#2602 = EDGE_CURVE ( 'NONE', #4038, #6117, #1627, .T. ) ;
#2603 = CARTESIAN_POINT ( 'NONE',  ( -104.5206255483419682, 5.991026589211100983, 291.1296134295811839 ) ) ;
#2604 = AXIS2_PLACEMENT_3D ( 'NONE', #4957, #5701, #7349 ) ;
#2605 = CARTESIAN_POINT ( 'NONE',  ( -62.44054221136629224, 13.00321644496600015, 149.8159981027159802 ) ) ;
#2606 = DIRECTION ( 'NONE',  ( 0.8662767110661317993, 0.0000000000000000000, 0.4995644701782198660 ) ) ;
#2607 = EDGE_CURVE ( 'NONE', #2245, #4343, #1004, .T. ) ;
#2608 = CARTESIAN_POINT ( 'NONE',  ( -91.38969011595871450, 0.0000000000000000000, 138.6892473485040114 ) ) ;
#2609 = CARTESIAN_POINT ( 'NONE',  ( -63.81245752182660169, 0.0000000000000000000, 157.3870794585089925 ) ) ;
#2610 = CARTESIAN_POINT ( 'NONE',  ( -30.61160663083400024, 2.661352981137920182, 151.0802130484379973 ) ) ;
#2611 = FACE_BOUND ( 'NONE', #4609, .T. ) ;
#2612 = ORIENTED_EDGE ( 'NONE', *, *, #242, .F. ) ;
#2613 = FACE_OUTER_BOUND ( 'NONE', #491, .T. ) ;
#2614 = ORIENTED_EDGE ( 'NONE', *, *, #4618, .F. ) ;
#2615 = CARTESIAN_POINT ( 'NONE',  ( -40.17260119804680585, 3.532025486651329427, 291.6544379066509123 ) ) ;
#2616 = CARTESIAN_POINT ( 'NONE',  ( -44.51578025376719694, 0.0000000000000000000, 138.4930770678060128 ) ) ;
#2617 = CARTESIAN_POINT ( 'NONE',  ( -24.41973007426290110, 0.0000000000000000000, 152.0475816589500084 ) ) ;
#2618 = CARTESIAN_POINT ( 'NONE',  ( -64.65137925293640819, 3.094211188307030014, 154.6288559113829990 ) ) ;
#2619 = CARTESIAN_POINT ( 'NONE',  ( -106.1167232056769762, 5.173500360639253337, 277.1024015636290301 ) ) ;
#2620 = ORIENTED_EDGE ( 'NONE', *, *, #1672, .F. ) ;
#2621 = CARTESIAN_POINT ( 'NONE',  ( -84.48133627299971238, 3.346375320896849637, 142.3138841706220319 ) ) ;
#2622 = CARTESIAN_POINT ( 'NONE',  ( -105.1193884008509940, 6.300513423870389929, 283.6093666540079994 ) ) ;
#2623 = CARTESIAN_POINT ( 'NONE',  ( -71.40788839822290868, 0.0000000000000000000, 150.6110960561520073 ) ) ;
#2624 = CIRCLE ( 'NONE', #2164, 2.000000000000000000 ) ;
#2625 = CARTESIAN_POINT ( 'NONE',  ( -95.28617032750639737, 13.00321644496600015, 138.6634986500699824 ) ) ;
#2626 = ORIENTED_EDGE ( 'NONE', *, *, #4985, .T. ) ;
#2627 = CARTESIAN_POINT ( 'NONE',  ( -114.6868737300628283, 4.676904517093457336, 276.6447018050384941 ) ) ;
#2628 = CARTESIAN_POINT ( 'NONE',  ( -100.6880496404900782, 3.552464357997022315, 309.9547212371996920 ) ) ;
#2629 = CARTESIAN_POINT ( 'NONE',  ( -70.94352702659850252, 3.995356370322069139, 203.8633910309820010 ) ) ;
#2630 = VERTEX_POINT ( 'NONE', #3986 ) ;
#2631 = CARTESIAN_POINT ( 'NONE',  ( -114.6274820111170101, 6.005028951516120372, 276.5127052756623129 ) ) ;
#2632 = CARTESIAN_POINT ( 'NONE',  ( -34.60173012460779773, -0.001000001298026020023, 159.6787754808030115 ) ) ;
#2633 = CARTESIAN_POINT ( 'NONE',  ( -106.1079539911309979, 6.049691389219109539, 282.2357091825509769 ) ) ;
#2634 = EDGE_CURVE ( 'NONE', #543, #3338, #3411, .T. ) ;
#2635 = CARTESIAN_POINT ( 'NONE',  ( -39.99973996903809592, 2.780735073976039917, 265.9579977872330119 ) ) ;
#2636 = DIRECTION ( 'NONE',  ( 0.0000000000000000000, 0.0000000000000000000, 1.000000000000000000 ) ) ;
#2637 = CARTESIAN_POINT ( 'NONE',  ( -44.66748787703650692, 2.840091443770019541, 144.9847321270840155 ) ) ;
#2638 = CARTESIAN_POINT ( 'NONE',  ( -92.57156071898809557, 3.449252846289670327, 148.5251873153569875 ) ) ;
#2639 = LINE ( 'NONE', #5020, #5378 ) ;
#2640 = APPROVAL ( #6937, 'UNSPECIFIED' ) ;
#2641 = CYLINDRICAL_SURFACE ( 'NONE', #5838, 2.199999999999993960 ) ;
#2642 = CARTESIAN_POINT ( 'NONE',  ( -104.2150339381595217, 4.605192415524659744, 291.3503619838725740 ) ) ;
#2643 = CARTESIAN_POINT ( 'NONE',  ( -109.4630840978700093, 3.995356370322069139, 165.9169518843269771 ) ) ;
#2644 = EDGE_CURVE ( 'NONE', #6534, #4304, #4661, .T. ) ;
#2645 = CARTESIAN_POINT ( 'NONE',  ( -64.95291268415999753, 0.0000000000000000000, 152.7516570041310047 ) ) ;
#2646 = CARTESIAN_POINT ( 'NONE',  ( -105.0539410357989993, 12.56645895383110023, 312.2490000000000236 ) ) ;
#2647 = CARTESIAN_POINT ( 'NONE',  ( -30.97469995570330070, 2.665970176000509895, 150.5876465314759969 ) ) ;
#2648 = EDGE_CURVE ( 'NONE', #217, #7255, #1899, .T. ) ;
#2649 = CARTESIAN_POINT ( 'NONE',  ( -105.1347727374610059, 5.600209807824570341, 275.1371993268550113 ) ) ;
#2650 = VERTEX_POINT ( 'NONE', #2102 ) ;
#2651 = DIRECTION ( 'NONE',  ( 0.0000000000000000000, -0.9965373674306753360, 0.08314610823327352185 ) ) ;
#2652 = CARTESIAN_POINT ( 'NONE',  ( -39.07972058494024026, 10.38779386146219785, 290.8260107819049267 ) ) ;
#2653 = DIRECTION ( 'NONE',  ( -0.9988390925805179510, 0.04817122723086530306, 0.0000000000000000000 ) ) ;
#2654 = CIRCLE ( 'NONE', #4534, 7.654378035012191717 ) ;
#2655 = CARTESIAN_POINT ( 'NONE',  ( -43.57443822249410204, 0.0000000000000000000, 139.9731280309979979 ) ) ;
#2656 = DIRECTION ( 'NONE',  ( -0.9990236681660588092, 0.04417816705152338014, 0.0000000000000000000 ) ) ;
#2657 = CARTESIAN_POINT ( 'NONE',  ( -10.66994367686440093, 3.597671057295146912, 313.1208268473540102 ) ) ;
#2658 = ORIENTED_EDGE ( 'NONE', *, *, #1779, .T. ) ;
#2659 = CARTESIAN_POINT ( 'NONE',  ( -84.49709482205321365, 3.346575710952929938, 138.9849252023919917 ) ) ;
#2660 = CARTESIAN_POINT ( 'NONE',  ( -105.1390659873699889, 5.386231344430970402, 283.0023217538019935 ) ) ;
#2661 = DIRECTION ( 'NONE',  ( 0.0000000000000000000, 0.0000000000000000000, -1.000000000000000000 ) ) ;
#2662 = VECTOR ( 'NONE', #1222, 1000.000000000000000 ) ;
#2663 = CARTESIAN_POINT ( 'NONE',  ( -106.0852360538050050, 7.402484423206660225, 275.3343419052479817 ) ) ;
#2664 = ORIENTED_EDGE ( 'NONE', *, *, #4648, .T. ) ;
#2665 = CARTESIAN_POINT ( 'NONE',  ( -30.17459552874269946, 0.0000000000000000000, 152.6218122098439949 ) ) ;
#2666 = CARTESIAN_POINT ( 'NONE',  ( -11.40988436978740062, 9.083950065530350670, 314.7490000000000236 ) ) ;
#2667 = CARTESIAN_POINT ( 'NONE',  ( -2.992762044695270518, 1.985524089387679769, 323.2451455579200115 ) ) ;
#2668 = ORIENTED_EDGE ( 'NONE', *, *, #3130, .F. ) ;
#2669 = CARTESIAN_POINT ( 'NONE',  ( -9.001204309021384020, 7.154701906855985172, 314.7442027822449973 ) ) ;
#2670 = CARTESIAN_POINT ( 'NONE',  ( -72.34475268460390396, 3.192043176636470303, 149.8159981027159802 ) ) ;
#2671 = CARTESIAN_POINT ( 'NONE',  ( -112.6948560165922260, 0.1364428099195967581, 320.8928630790637726 ) ) ;
#2672 = CARTESIAN_POINT ( 'NONE',  ( -40.34082658957559886, 1.782316533340750020, 266.9181751681969672 ) ) ;
#2673 = CARTESIAN_POINT ( 'NONE',  ( -103.3048706270800068, 0.6450372736685749953, 267.6615558795529637 ) ) ;
#2674 = CARTESIAN_POINT ( 'NONE',  ( -43.12408569385470258, 2.820465115928109778, 148.4401818324749911 ) ) ;
#2675 = ORIENTED_EDGE ( 'NONE', *, *, #49, .T. ) ;
#2676 = LINE ( 'NONE', #1346, #4582 ) ;
#2677 = CARTESIAN_POINT ( 'NONE',  ( -114.4251532653740071, 9.044477096599898402, 284.1544379066509691 ) ) ;
#2678 = CARTESIAN_POINT ( 'NONE',  ( -52.84085623724340053, -0.001000001298026020023, 148.5251873153569875 ) ) ;
#2679 = CARTESIAN_POINT ( 'NONE',  ( -104.7915907598784742, 5.934654065858579131, 290.7638772242737559 ) ) ;
#2680 = CARTESIAN_POINT ( 'NONE',  ( -91.76278982866219280, 0.0000000000000000000, 141.7821018423719863 ) ) ;
#2681 = CARTESIAN_POINT ( 'NONE',  ( -75.52185273208320382, 3.232444456832349822, 149.2520882168869889 ) ) ;
#2682 = CARTESIAN_POINT ( 'NONE',  ( -39.74145309494301159, 2.777450626843056547, 290.8703638220121093 ) ) ;
#2683 = CARTESIAN_POINT ( 'NONE',  ( -31.24280100791820303, 2.669379422924529788, 158.9375567157400155 ) ) ;
#2684 = ADVANCED_FACE ( 'NONE', ( #5036 ), #5111, .F. ) ;
#2685 = ORIENTED_EDGE ( 'NONE', *, *, #191, .F. ) ;
#2686 = ORIENTED_EDGE ( 'NONE', *, *, #1257, .T. ) ;
#2687 = EDGE_CURVE ( 'NONE', #7627, #7255, #5349, .T. ) ;
#2688 = DIRECTION ( 'NONE',  ( 0.8650200284677200813, -0.04171750651340182942, -0.5000000000000089928 ) ) ;
#2689 = B_SPLINE_CURVE_WITH_KNOTS ( 'NONE', 3,
 ( #2103, #6885, #3326, #5710, #341, #3950 ),
 .UNSPECIFIED., .F., .F.,
 ( 4, 2, 4 ),
 ( -0.3858301919940479996, -0.1929156534918859967, 5.551115123125782702E-17 ),
 .UNSPECIFIED. ) ;
#2690 = CARTESIAN_POINT ( 'NONE',  ( -113.6180166064717696, 6.143119158920153033, 276.3260083653018455 ) ) ;
#2691 = CARTESIAN_POINT ( 'NONE',  ( -43.72225912763290268, 0.0000000000000000000, 141.3439355506959885 ) ) ;
#2692 = CARTESIAN_POINT ( 'NONE',  ( -98.12425617760010255, 13.00321644496600015, 149.1705927090359864 ) ) ;
#2693 = CARTESIAN_POINT ( 'NONE',  ( -64.45296791246060764, 3.091689326610759903, 159.6737019631650014 ) ) ;
#2694 = ADVANCED_FACE ( 'NONE', ( #6606 ), #3007, .T. ) ;
#2695 = CARTESIAN_POINT ( 'NONE',  ( -12.41666340844949978, 3.616894919963780097, 312.9990077759269980 ) ) ;
#2696 = ORIENTED_EDGE ( 'NONE', *, *, #5229, .T. ) ;
#2697 = CARTESIAN_POINT ( 'NONE',  ( -84.09236934552690457, 3.341429182852730495, 140.1569807587879950 ) ) ;
#2698 = VERTEX_POINT ( 'NONE', #3551 ) ;
#2699 = CARTESIAN_POINT ( 'NONE',  ( -105.1620458463820000, 4.040868681379929939, 281.2898238297220246 ) ) ;
#2700 = CIRCLE ( 'NONE', #7075, 0.9999999999999962252 ) ;
#2701 =( BOUNDED_SURFACE ( )  B_SPLINE_SURFACE ( 3, 2, ( 
 ( #4234, #5438, #4310 ),
 ( #71, #2466, #5027 ),
 ( #4849, #4272, #3679 ),
 ( #697, #7420, #2052 ),
 ( #6540, #5697, #6407 ),
 ( #2093, #6914, #5143 ),
 ( #1032, #6875, #4605 ),
 ( #4566, #2682, #6837 ),
 ( #3393, #1583, #2175 ),
 ( #4448, #7535, #412 ),
 ( #3977, #371, #5065 ),
 ( #1467, #5777, #2808 ),
 ( #6367, #7614, #3433 ),
 ( #7457, #2133, #994 ),
 ( #4487, #1544, #6992 ),
 ( #1620, #5821, #1506 ) ),
 .UNSPECIFIED., .F., .F., .T. ) 
 B_SPLINE_SURFACE_WITH_KNOTS ( ( 4, 2, 2, 2, 2, 2, 2, 4 ),
 ( 3, 3 ),
 ( 0.0000000000000000000, 0.0005858139101741239186, 0.001171627820348250006, 0.001757441730522369804, 0.002343255640696500011, 0.002929069550870619810, 0.003514883461044739608, 0.004686511281392989614 ),
 ( 0.0000000000000000000, 1.000000000000000000 ),
 .UNSPECIFIED. ) 
 GEOMETRIC_REPRESENTATION_ITEM ( )  RATIONAL_B_SPLINE_SURFACE ( (
 ( 1.000000000000000000, 0.7051997065743350612, 1.000000000000000000),
 ( 1.000000000000000000, 0.7051997508089660194, 1.000000000000000000),
 ( 1.000000000000000000, 0.7052122760042580651, 1.000000000000000000),
 ( 1.000000000000000000, 0.7052614764369550260, 1.000000000000000000),
 ( 1.000000000000000000, 0.7052987022265300165, 1.000000000000000000),
 ( 1.000000000000000000, 0.7053957394625319788, 1.000000000000000000),
 ( 1.000000000000000000, 0.7054550600656129822, 1.000000000000000000),
 ( 1.000000000000000000, 0.7055948997753250795, 1.000000000000000000),
 ( 1.000000000000000000, 0.7056761632192070088, 1.000000000000000000),
 ( 1.000000000000000000, 0.7058532096074809914, 1.000000000000000000),
 ( 1.000000000000000000, 0.7059496005206249425, 1.000000000000000000),
 ( 1.000000000000000000, 0.7061582439082669804, 1.000000000000000000),
 ( 1.000000000000000000, 0.7062690724784439489, 1.000000000000000000),
 ( 1.000000000000000000, 0.7066115795196590277, 1.000000000000000000),
 ( 1.000000000000000000, 0.7068602562704690007, 1.000000000000000000),
 ( 1.000000000000000000, 0.7071067811865480168, 1.000000000000000000) ) ) 
 REPRESENTATION_ITEM ( '' )  SURFACE ( )  );
#2702 = DIRECTION ( 'NONE',  ( 1.000000000000000000, -1.625896048388380022E-15, 0.0000000000000000000 ) ) ;
#2703 = CARTESIAN_POINT ( 'NONE',  ( -105.1192833750081519, 6.304971353712485183, 274.6972327119088391 ) ) ;
#2704 = ORIENTED_EDGE ( 'NONE', *, *, #6379, .T. ) ;
#2705 = CARTESIAN_POINT ( 'NONE',  ( -30.33583128266539930, 0.0000000000000000000, 159.9011641152320067 ) ) ;
#2706 = CARTESIAN_POINT ( 'NONE',  ( -100.2130641889379916, 8.546828554825680158, 314.7490000000000236 ) ) ;
#2707 = CARTESIAN_POINT ( 'NONE',  ( -0.8749071755592716659, 0.8749071755592716659, 322.3579131707303418 ) ) ;
#2708 = AXIS2_PLACEMENT_3D ( 'NONE', #5683, #315, #2710 ) ;
#2709 = ORIENTED_EDGE ( 'NONE', *, *, #3702, .T. ) ;
#2710 = DIRECTION ( 'NONE',  ( -0.4930127300831890214, -0.8700220962572852157, 0.0000000000000000000 ) ) ;
#2711 = LINE ( 'NONE', #2119, #3467 ) ;
#2712 = CARTESIAN_POINT ( 'NONE',  ( -111.3574194334650826, 2.747014872727573831, 323.5487862043112273 ) ) ;
#2713 = CARTESIAN_POINT ( 'NONE',  ( -40.55325263079449627, 2.787773693645400286, 265.7499749847950170 ) ) ;
#2714 = CARTESIAN_POINT ( 'NONE',  ( -103.6867472587520069, 0.6454107858472540871, 267.7863071829850128 ) ) ;
#2715 = DIRECTION ( 'NONE',  ( 0.5004356563159418902, 0.0000000000000000000, 0.8657737313453397476 ) ) ;
#2716 = EDGE_LOOP ( 'NONE', ( #1614, #5257, #5231, #2302, #1320, #3675 ) ) ;
#2717 = CARTESIAN_POINT ( 'NONE',  ( -103.6656291850720066, 0.6453901303343000384, 290.5326689747190017 ) ) ;
#2718 = CARTESIAN_POINT ( 'NONE',  ( -113.6180321797987745, 6.142792696468929670, 281.9825405818435797 ) ) ;
#2719 = CARTESIAN_POINT ( 'NONE',  ( -52.04928535284560098, 1.647288794774170121E-21, 148.1539987246730163 ) ) ;
#2720 = LINE ( 'NONE', #6206, #1033 ) ;
#2721 = FACE_OUTER_BOUND ( 'NONE', #5407, .T. ) ;
#2722 = CARTESIAN_POINT ( 'NONE',  ( -64.70618881401620115, 1.962100330740380100E-21, 151.6239085203299624 ) ) ;
#2723 = DIRECTION ( 'NONE',  ( -1.000000000000000000, 0.0000000000000000000, 0.0000000000000000000 ) ) ;
#2724 = CARTESIAN_POINT ( 'NONE',  ( -30.96557012988330015, 2.665854078617320155, 159.4082419829450146 ) ) ;
#2725 = CARTESIAN_POINT ( 'NONE',  ( -24.40419717452650161, 2.582417850446769858, 151.9864402533479790 ) ) ;
#2726 = AXIS2_PLACEMENT_3D ( 'NONE', #6371, #3473, #997 ) ;
#2727 = CARTESIAN_POINT ( 'NONE',  ( -113.1579502396569978, 0.03912035089970870155, 323.7500000000000000 ) ) ;
#2728 = EDGE_LOOP ( 'NONE', ( #7611, #5316, #766, #3901 ) ) ;
#2729 = CARTESIAN_POINT ( 'NONE',  ( -105.0643336583410274, 7.336310092434700003, 268.0320830996514019 ) ) ;
#2730 = AXIS2_PLACEMENT_3D ( 'NONE', #4072, #5912, #5204 ) ;
#2731 = CARTESIAN_POINT ( 'NONE',  ( -113.5899797742415274, 6.682326473023747937, 275.8708831308052822 ) ) ;
#2732 = EDGE_CURVE ( 'NONE', #6591, #5313, #1653, .T. ) ;
#2733 = CARTESIAN_POINT ( 'NONE',  ( -42.99652753305959862, 0.0000000000000000000, 148.5251873153569875 ) ) ;
#2734 = CARTESIAN_POINT ( 'NONE',  ( -94.46943780997330009, -0.001000001298026020023, 149.1705927090359864 ) ) ;
#2735 = CARTESIAN_POINT ( 'NONE',  ( -11.49642254948470033, 7.263749886283470403, 314.7465993764240011 ) ) ;
#2736 = CARTESIAN_POINT ( 'NONE',  ( -12.77220151159539796, 2.559504677321160493, 310.3904697531000352 ) ) ;
#2737 = ORIENTED_EDGE ( 'NONE', *, *, #5466, .F. ) ;
#2738 = DIRECTION ( 'NONE',  ( 0.0000000000000000000, 0.0000000000000000000, 1.000000000000000000 ) ) ;
#2739 = ORIENTED_EDGE ( 'NONE', *, *, #285, .T. ) ;
#2740 = CARTESIAN_POINT ( 'NONE',  ( -40.84378514434720131, 0.5839443075482979584, 290.5225692837630049 ) ) ;
#2741 = DIRECTION ( 'NONE',  ( -0.04817122723086530306, -0.9988390925805179510, 0.0000000000000000000 ) ) ;
#2742 = B_SPLINE_SURFACE_WITH_KNOTS ( 'NONE', 3, 1, ( 
 ( #3417, #4154 ),
 ( #5805, #6432 ),
 ( #2273, #3493 ),
 ( #510, #435 ),
 ( #4079, #4627 ),
 ( #2905, #5287 ) ),
 .UNSPECIFIED., .F., .F., .F.,
 ( 4, 2, 4 ),
 ( 2, 2 ),
 ( 0.0000000000000000000, 0.1515543800034849786, 1.000000000000000000 ),
 ( 0.0000000000000000000, 36.08988000000000085 ),
 .UNSPECIFIED. ) ;
#2743 = CARTESIAN_POINT ( 'NONE',  ( -105.1583171348100478, 4.301254282744051416, 276.5328963238070514 ) ) ;
#2744 = ADVANCED_FACE ( 'NONE', ( #4061 ), #7111, .T. ) ;
#2745 = CARTESIAN_POINT ( 'NONE',  ( -31.36674963469970123, 0.0000000000000000000, 157.8604326179149950 ) ) ;
#2746 = CARTESIAN_POINT ( 'NONE',  ( -3.205122712793111450, 3.205122712793111450, 323.6975856057549663 ) ) ;
#2747 = EDGE_CURVE ( 'NONE', #2264, #4728, #1403, .T. ) ;
#2748 = ORIENTED_EDGE ( 'NONE', *, *, #5264, .F. ) ;
#2749 = CARTESIAN_POINT ( 'NONE',  ( -40.82017098148960343, 1.582532219678399965, 291.6024797102030561 ) ) ;
#2750 =( BOUNDED_CURVE ( )  B_SPLINE_CURVE ( 3, ( #4097, #7735, #2370, #4138, #6449, #1152, #2887, #3548, #5347, #1663, #5894, #7033, #6997, #4760, #5934, #4058 ),
 .UNSPECIFIED., .F., .F. ) 
 B_SPLINE_CURVE_WITH_KNOTS ( ( 4, 2, 2, 2, 2, 2, 2, 4 ),
 ( 0.0000000000000000000, 0.1250000000000054401, 0.2500000000000035527, 0.3750000000000021649, 0.5000000000000003331, 0.6249999999999983347, 0.7500000000000032196, 1.000000000000000000 ),
 .UNSPECIFIED. ) 
 CURVE ( )  GEOMETRIC_REPRESENTATION_ITEM ( )  RATIONAL_B_SPLINE_CURVE ( ( 0.9999999814336086867, 0.9999999814313866864, 0.9999999817276873371, 0.9999999828295820237, 0.9999999836349172666, 0.9999999855723198383, 0.9999999867019984112, 0.9999999890712653050, 0.9999999903097332998, 0.9999999927050677861, 0.9999999938616719319, 0.9999999959457380738, 0.9999999968732455891, 0.9999999991587682491, 1.000000000010052403, 1.000000000000000000 ) ) 
 REPRESENTATION_ITEM ( '' )  );
#2751 = CARTESIAN_POINT ( 'NONE',  ( -2.003531493117170381, 0.007073912649438210583, 319.9875998473170284 ) ) ;
#2752 = CARTESIAN_POINT ( 'NONE',  ( -111.5134782801525404, 2.444189992491023311, 323.4434866279230505 ) ) ;
#2753 = CARTESIAN_POINT ( 'NONE',  ( -40.68549413558921657, 2.789455313095157152, 266.7581821567890188 ) ) ;
#2754 = CARTESIAN_POINT ( 'NONE',  ( -104.0969551188720033, 0.6458120086999350473, 268.2416588600590330 ) ) ;
#2755 = CARTESIAN_POINT ( 'NONE',  ( -43.78456013140250036, 2.828863705402290041, 147.8715175292269919 ) ) ;
#2756 = ORIENTED_EDGE ( 'NONE', *, *, #2940, .F. ) ;
#2757 = FACE_OUTER_BOUND ( 'NONE', #3482, .T. ) ;
#2758 = CARTESIAN_POINT ( 'NONE',  ( -103.7890566341093717, 5.052156357507138651, 265.9737914379327890 ) ) ;
#2759 = VECTOR ( 'NONE', #5333, 1000.000000000000000 ) ;
#2760 = DIRECTION ( 'NONE',  ( 1.000000000000000000, 0.0000000000000000000, 0.0000000000000000000 ) ) ;
#2761 = CARTESIAN_POINT ( 'NONE',  ( -104.5307876839280965, 5.232871574096225942, 291.0949355687423008 ) ) ;
#2762 = ORIENTED_EDGE ( 'NONE', *, *, #1593, .F. ) ;
#2763 = CARTESIAN_POINT ( 'NONE',  ( -89.59337521882811473, 0.0000000000000000000, 137.9613331033210102 ) ) ;
#2764 = CARTESIAN_POINT ( 'NONE',  ( -77.89744814321591093, 3.262652783558460001, 149.1705927090359864 ) ) ;
#2765 = CARTESIAN_POINT ( 'NONE',  ( -11.42890907224529862, 8.731726247994968659, 314.7490000000000236 ) ) ;
#2766 = CARTESIAN_POINT ( 'NONE',  ( -30.42232533697750085, 2.658946028000209960, 154.4282667583510147 ) ) ;
#2767 = CARTESIAN_POINT ( 'NONE',  ( -24.37625761440940053, 2.582062539531720269, 151.8689418298160092 ) ) ;
#2768 = CARTESIAN_POINT ( 'NONE',  ( -41.17745875802620503, 2.795711270919480018, 292.6505295252039787 ) ) ;
#2769 = VERTEX_POINT ( 'NONE', #4101 ) ;
#2770 = FACE_BOUND ( 'NONE', #5824, .T. ) ;
#2771 = DIRECTION ( 'NONE',  ( 0.0000000000000000000, -1.000000000000000000, -2.220446049250313081E-12 ) ) ;
#2772 = CARTESIAN_POINT ( 'NONE',  ( -44.41770992272859786, 0.0000000000000000000, 146.9401543474519656 ) ) ;
#2773 = DIRECTION ( 'NONE',  ( 3.965082230804120359E-15, -1.652117596168385044E-16, 1.000000000000000000 ) ) ;
#2774 = CARTESIAN_POINT ( 'NONE',  ( -65.81836920986630446, 3.109051260416000328, 160.2876095705429975 ) ) ;
#2775 = DIRECTION ( 'NONE',  ( 0.5004356563159189086, 0.0000000000000000000, -0.8657737313453530703 ) ) ;
#2776 = ORIENTED_EDGE ( 'NONE', *, *, #3182, .T. ) ;
#2777 = EDGE_CURVE ( 'NONE', #200, #1509, #1234, .T. ) ;
#2778 = CARTESIAN_POINT ( 'NONE',  ( -114.7643120787220141, 2.000000000000000000, 323.7500000000000000 ) ) ;
#2779 = CIRCLE ( 'NONE', #2019, 1.000000000000000888 ) ;
#2780 = ORIENTED_EDGE ( 'NONE', *, *, #340, .T. ) ;
#2781 = CARTESIAN_POINT ( 'NONE',  ( -39.40194286538503121, 1.767746492846333117, 290.2082521535263027 ) ) ;
#2782 = CARTESIAN_POINT ( 'NONE',  ( -71.14227921880821270, 0.0000000000000000000, 155.3243242780660012 ) ) ;
#2783 = DIRECTION ( 'NONE',  ( -0.9994584101988429614, 0.03290723754436489235, 0.0000000000000000000 ) ) ;
#2784 = CARTESIAN_POINT ( 'NONE',  ( -30.20044928779039850, 0.0000000000000000000, 153.2765446836100125 ) ) ;
#2785 = CIRCLE ( 'NONE', #1523, 114.7820467919760006 ) ;
#2786 = CARTESIAN_POINT ( 'NONE',  ( -48.48654928131739439, 0.0000000000000000000, 137.8609707278629912 ) ) ;
#2787 = ADVANCED_FACE ( 'NONE', ( #7622, #2890 ), #4762, .T. ) ;
#2788 = ORIENTED_EDGE ( 'NONE', *, *, #3747, .T. ) ;
#2789 = CARTESIAN_POINT ( 'NONE',  ( -40.51250954931150261, 0.5836202880640219970, 268.0994884355080217 ) ) ;
#2790 = CARTESIAN_POINT ( 'NONE',  ( -113.3210092715612944, 0.06845529730239820199, 319.4032759550279934 ) ) ;
#2791 = CIRCLE ( 'NONE', #7658, 1.000000000000006217 ) ;
#2792 = CARTESIAN_POINT ( 'NONE',  ( -38.32945051338550257, 2.759495212581039691, 268.2597674738899514 ) ) ;
#2793 = CARTESIAN_POINT ( 'NONE',  ( -24.53547009732459827, 0.0000000000000000000, 160.0073126401510137 ) ) ;
#2794 = CARTESIAN_POINT ( 'NONE',  ( -77.30305195217141545, 3.995356370322069139, 367.3881438443850129 ) ) ;
#2795 = ORIENTED_EDGE ( 'NONE', *, *, #5883, .F. ) ;
#2796 = EDGE_CURVE ( 'NONE', #2769, #6477, #495, .T. ) ;
#2797 = DIRECTION ( 'NONE',  ( -0.8662767110661215852, 0.0000000000000000000, 0.4995644701782376851 ) ) ;
#2798 = DIRECTION ( 'NONE',  ( 1.000000000000000000, 4.552966829750091337E-32, -8.120488408686863549E-15 ) ) ;
#2799 = EDGE_CURVE ( 'NONE', #3220, #6828, #277, .T. ) ;
#2800 = CIRCLE ( 'NONE', #661, 2.200000000000000178 ) ;
#2801 =( BOUNDED_CURVE ( )  B_SPLINE_CURVE ( 3, ( #4538, #1438, #4497, #3791 ),
 .UNSPECIFIED., .F., .F. ) 
 B_SPLINE_CURVE_WITH_KNOTS ( ( 4, 4 ),
 ( 0.0000000000000000000, 3.141592653589793116 ),
 .UNSPECIFIED. ) 
 CURVE ( )  GEOMETRIC_REPRESENTATION_ITEM ( )  RATIONAL_B_SPLINE_CURVE ( ( 1.000000000000000000, 0.3333333333333333703, 0.3333333333333333703, 1.000000000000000000 ) ) 
 REPRESENTATION_ITEM ( '' )  );
#2802 = ORIENTED_EDGE ( 'NONE', *, *, #3747, .F. ) ;
#2803 = CARTESIAN_POINT ( 'NONE',  ( -50.74605057218640525, 0.0000000000000000000, 143.5299907599210201 ) ) ;
#2804 = CARTESIAN_POINT ( 'NONE',  ( -104.3915883526837831, 4.935726029058774778, 291.2207270933987502 ) ) ;
#2805 = VERTEX_POINT ( 'NONE', #1193 ) ;
#2806 = CARTESIAN_POINT ( 'NONE',  ( -103.7096616572480769, 0.6454331983382005644, 266.7053785215408084 ) ) ;
#2807 = CARTESIAN_POINT ( 'NONE',  ( -64.94870138971418783, 0.0000000000000000000, 152.6024666229299669 ) ) ;
#2808 = CARTESIAN_POINT ( 'NONE',  ( -39.82402236177549781, 2.778500600417999955, 292.2569067105970362 ) ) ;
#2809 = CARTESIAN_POINT ( 'NONE',  ( -24.26374060559019696, 2.580631661011750122, 151.5153531728289806 ) ) ;
#2810 = CARTESIAN_POINT ( 'NONE',  ( -105.1851464518891390, 1.650855100471787296, 268.5150419101266266 ) ) ;
#2811 = ORIENTED_EDGE ( 'NONE', *, *, #1880, .F. ) ;
#2812 = CARTESIAN_POINT ( 'NONE',  ( 0.8923104593159749687, 3.995356370322069139, 322.1895589341589812 ) ) ;
#2813 = CARTESIAN_POINT ( 'NONE',  ( -113.6175204071517300, 6.153494519119063533, 276.3156531315123061 ) ) ;
#2814 = CARTESIAN_POINT ( 'NONE',  ( -44.55062521900089934, 0.0000000000000000000, 146.5831868049039883 ) ) ;
#2815 = CARTESIAN_POINT ( 'NONE',  ( -60.52912361046439571, -0.001000001298026020023, 159.6252616925540053 ) ) ;
#2816 = FACE_OUTER_BOUND ( 'NONE', #2520, .T. ) ;
#2817 = CARTESIAN_POINT ( 'NONE',  ( -83.45014360182798896, 0.0000000000000000000, 148.5251873153569875 ) ) ;
#2818 = ORIENTED_EDGE ( 'NONE', *, *, #3415, .F. ) ;
#2819 = CARTESIAN_POINT ( 'NONE',  ( -114.0434928689719811, 13.00000000000000000, 284.1544379066509691 ) ) ;
#2820 = VERTEX_POINT ( 'NONE', #19 ) ;
#2821 = CARTESIAN_POINT ( 'NONE',  ( -40.35129075724770331, 0.5834626005354519585, 289.7710525259199699 ) ) ;
#2822 = CARTESIAN_POINT ( 'NONE',  ( -71.28095508530988411, 0.0000000000000000000, 155.7508283931930180 ) ) ;
#2823 = CARTESIAN_POINT ( 'NONE',  ( -30.36892439923590103, 0.0000000000000000000, 154.2221120747950067 ) ) ;
#2824 = CARTESIAN_POINT ( 'NONE',  ( -105.0719284139759964, 7.167128463796720084, 268.3262237228799449 ) ) ;
#2825 = ORIENTED_EDGE ( 'NONE', *, *, #3937, .T. ) ;
#2826 = CARTESIAN_POINT ( 'NONE',  ( -40.96739495919250373, 0.5840652098696399452, 267.7281999392479861 ) ) ;
#2827 = AXIS2_PLACEMENT_3D ( 'NONE', #3868, #261, #2656 ) ;
#2828 = DATE_AND_TIME ( #980, #5195 ) ;
#2829 = CYLINDRICAL_SURFACE ( 'NONE', #5161, 5.000000000000000888 ) ;
#2830 = CARTESIAN_POINT ( 'NONE',  ( -103.7530104593633098, 3.926323539780792959, 266.7420683027799555 ) ) ;
#2831 = CARTESIAN_POINT ( 'NONE',  ( -23.29363488789790182, 0.0000000000000000000, 157.9164161605660013 ) ) ;
#2832 = CARTESIAN_POINT ( 'NONE',  ( -43.77644425115140336, 2.828760641116810248, 139.2447329324409964 ) ) ;
#2833 = ORIENTED_EDGE ( 'NONE', *, *, #3988, .T. ) ;
#2834 = ADVANCED_FACE ( 'NONE', ( #4721 ), #5677, .F. ) ;
#2835 = DIRECTION ( 'NONE',  ( 0.9999302546508108680, -0.01181041209969390347, 0.0000000000000000000 ) ) ;
#2836 = CARTESIAN_POINT ( 'NONE',  ( -2.102147792640989721, 0.2042955852831430108, 321.0388626422419520 ) ) ;
#2837 = CIRCLE ( 'NONE', #2827, 158.8255509544770518 ) ;
#2838 = ORIENTED_EDGE ( 'NONE', *, *, #2221, .F. ) ;
#2839 = CARTESIAN_POINT ( 'NONE',  ( -50.60938807182469645, 0.0000000000000000000, 144.0055510172909976 ) ) ;
#2840 = CARTESIAN_POINT ( 'NONE',  ( -87.08153897073030691, 13.00321644496600015, 137.8609707278629912 ) ) ;
#2841 = EDGE_LOOP ( 'NONE', ( #5907, #5246 ) ) ;
#2842 = AXIS2_PLACEMENT_3D ( 'NONE', #6195, #4474, #3884 ) ;
#2843 = EDGE_CURVE ( 'NONE', #3992, #5001, #566, .T. ) ;
#2844 = CARTESIAN_POINT ( 'NONE',  ( -104.0715509602960083, 1.647554782923890127, 266.8568122059959933 ) ) ;
#2845 = CARTESIAN_POINT ( 'NONE',  ( -51.60611197872709965, 2.928325225954009792, 140.4056489213550094 ) ) ;
#2846 = CARTESIAN_POINT ( 'NONE',  ( -42.99652753305959862, 2.818843051174050096, 148.5251873153569875 ) ) ;
#2847 = CARTESIAN_POINT ( 'NONE',  ( -23.92258753894529733, 2.576293569489580104, 150.8918899104919831 ) ) ;
#2848 = CARTESIAN_POINT ( 'NONE',  ( -102.8760687405270033, 12.90779103509610160, 266.6544379066510260 ) ) ;
#2849 = VERTEX_POINT ( 'NONE', #1782 ) ;
#2850 = CARTESIAN_POINT ( 'NONE',  ( 0.8923104593159749687, 3.995356370322069139, 322.1895589341589812 ) ) ;
#2851 = EDGE_CURVE ( 'NONE', #5761, #4096, #7660, .T. ) ;
#2852 = CARTESIAN_POINT ( 'NONE',  ( -113.6485016384495168, 5.429848946815332589, 277.2944393293361145 ) ) ;
#2853 = LINE ( 'NONE', #459, #7155 ) ;
#2854 = CARTESIAN_POINT ( 'NONE',  ( -105.1842404588560100, 4.618943178514109960, 268.6544379066510260 ) ) ;
#2855 = VECTOR ( 'NONE', #5932, 1000.000000000000000 ) ;
#2856 = CARTESIAN_POINT ( 'NONE',  ( -13.10828731629091592, 2.808635627507306332, 311.6364409586602164 ) ) ;
#2857 = DIRECTION ( 'NONE',  ( -1.000000000000000000, 0.0000000000000000000, 0.0000000000000000000 ) ) ;
#2858 = EDGE_LOOP ( 'NONE', ( #263, #934, #2461, #6175 ) ) ;
#2859 = DIRECTION ( 'NONE',  ( -0.9999995216640081841, 0.0009780959844864832269, 0.0000000000000000000 ) ) ;
#2860 = AXIS2_PLACEMENT_3D ( 'NONE', #3442, #2893, #5272 ) ;
#2861 = ORIENTED_EDGE ( 'NONE', *, *, #4659, .T. ) ;
#2862 = CARTESIAN_POINT ( 'NONE',  ( -8.802789649912138970, 0.0000000000000000000, 319.7500000000000000 ) ) ;
#2863 = CARTESIAN_POINT ( 'NONE',  ( -70.81027624405258791, 0.0000000000000000000, 151.6281755218350042 ) ) ;
#2864 = CARTESIAN_POINT ( 'NONE',  ( -28.63488418719770223, 0.0000000000000000000, 160.4261652491759946 ) ) ;
#2865 = EDGE_LOOP ( 'NONE', ( #6037, #2776, #4105, #281, #2056, #3547, #3725, #4239, #651, #2788 ) ) ;
#2866 = DIRECTION ( 'NONE',  ( -3.506950558086310039E-15, 1.405887209047971786E-45, -1.000000000000000000 ) ) ;
#2867 = CARTESIAN_POINT ( 'NONE',  ( -105.1680338993250672, 9.996771005520695752, 283.1544379067580621 ) ) ;
#2868 = CARTESIAN_POINT ( 'NONE',  ( -84.38361118094169910, 0.0000000000000000000, 139.1486371311129915 ) ) ;
#2869 = CARTESIAN_POINT ( 'NONE',  ( -104.2292616299429540, 4.630934492763934429, 266.9684004256739627 ) ) ;
#2870 = CARTESIAN_POINT ( 'NONE',  ( -23.30294892390019967, 0.0000000000000000000, 157.7940160363170037 ) ) ;
#2871 = CARTESIAN_POINT ( 'NONE',  ( -39.39539291723979630, 1.577334105725829883, 268.1311726884629820 ) ) ;
#2872 = ORIENTED_EDGE ( 'NONE', *, *, #1433, .F. ) ;
#2873 = DIRECTION ( 'NONE',  ( -0.9994584098283757490, 0.03290724879619268822, 2.411302342341760524E-12 ) ) ;
#2874 = CARTESIAN_POINT ( 'NONE',  ( -80.01188123686179665, 3.289540015536049911, 149.1074512689899905 ) ) ;
#2875 = ORIENTED_EDGE ( 'NONE', *, *, #3174, .T. ) ;
#2876 = EDGE_CURVE ( 'NONE', #3058, #5792, #1818, .T. ) ;
#2877 = CARTESIAN_POINT ( 'NONE',  ( -50.59750061734710158, 0.0000000000000000000, 146.6349437997540122 ) ) ;
#2878 = CARTESIAN_POINT ( 'NONE',  ( -103.8059029386073320, 5.069534331346372547, 292.3246145971663736 ) ) ;
#2879 = CARTESIAN_POINT ( 'NONE',  ( -103.4477609005799934, 0.6451770341381620755, 267.6804172013410152 ) ) ;
#2880 = VECTOR ( 'NONE', #5184, 1000.000000000000000 ) ;
#2881 = CARTESIAN_POINT ( 'NONE',  ( -49.54376963939980527, 2.902101637654309840, 138.0644311058139806 ) ) ;
#2882 = CARTESIAN_POINT ( 'NONE',  ( -10.14629310936810569, 4.262327231713252118, 314.7490000000002510 ) ) ;
#2883 = PRODUCT_RELATED_PRODUCT_CATEGORY ( 'detail', '', ( #3757 ) ) ;
#2884 = CARTESIAN_POINT ( 'NONE',  ( -23.56192868777939964, 2.571707116856750019, 150.4574847648900118 ) ) ;
#2885 = DIRECTION ( 'NONE',  ( -0.9999191579690125398, 0.01271524779707099498, -6.938332949631217327E-15 ) ) ;
#2886 = ORIENTED_EDGE ( 'NONE', *, *, #1576, .F. ) ;
#2887 = CARTESIAN_POINT ( 'NONE',  ( -102.4143291540407716, 6.068864446597350693, 314.0881579697337429 ) ) ;
#2888 = PLANE ( 'NONE',  #4998 ) ;
#2889 = CARTESIAN_POINT ( 'NONE',  ( -43.27075217646559224, 0.0000000000000000000, 148.3330489631549938 ) ) ;
#2890 = FACE_BOUND ( 'NONE', #785, .T. ) ;
#2891 = EDGE_CURVE ( 'NONE', #5810, #255, #294, .T. ) ;
#2892 = CARTESIAN_POINT ( 'NONE',  ( -26.40111486757770010, 2.607811206594769615, 160.4802146902100048 ) ) ;
#2893 = DIRECTION ( 'NONE',  ( 0.0000000000000000000, 0.0000000000000000000, 1.000000000000000000 ) ) ;
#2894 = ORIENTED_EDGE ( 'NONE', *, *, #2851, .F. ) ;
#2895 = CARTESIAN_POINT ( 'NONE',  ( -74.24262977558910848, -0.001000001298026020023, 149.1705927090359864 ) ) ;
#2896 = CARTESIAN_POINT ( 'NONE',  ( -92.57156071898809557, 3.449252846289670327, 148.5251873153569875 ) ) ;
#2897 = ORIENTED_EDGE ( 'NONE', *, *, #7566, .F. ) ;
#2898 = CARTESIAN_POINT ( 'NONE',  ( -100.2766404279229988, 3.547232764980630115, 312.2490000000000236 ) ) ;
#2899 = CARTESIAN_POINT ( 'NONE',  ( -70.65406535655870357, 0.0000000000000000000, 153.2765446836100125 ) ) ;
#2900 = DIRECTION ( 'NONE',  ( 0.0009780959844898910911, 0.9999995216640081841, 0.0000000000000000000 ) ) ;
#2901 = CARTESIAN_POINT ( 'NONE',  ( -105.0960935768219997, 7.348074037779680268, 268.6226837055799592 ) ) ;
#2902 = VERTEX_POINT ( 'NONE', #6646 ) ;
#2903 = CARTESIAN_POINT ( 'NONE',  ( -40.66634506534949622, 0.5837707540365089098, 267.9182543298830410 ) ) ;
#2904 = CARTESIAN_POINT ( 'NONE',  ( 0.0000000000000000000, 0.0000000000000000000, 0.0000000000000000000 ) ) ;
#2905 = CARTESIAN_POINT ( 'NONE',  ( -105.3267298346460024, 3.611451094724710043, 11.50000000000000000 ) ) ;
#2906 = CARTESIAN_POINT ( 'NONE',  ( -103.1711405694369859, 3.326695977282410066, 266.6544379066510260 ) ) ;
#2907 = AXIS2_PLACEMENT_3D ( 'NONE', #3834, #895, #4503 ) ;
#2908 = CARTESIAN_POINT ( 'NONE',  ( -36.90262968907079966, 2.741351385358650194, 149.1728071058080047 ) ) ;
#2909 = ORIENTED_EDGE ( 'NONE', *, *, #5994, .T. ) ;
#2910 = CARTESIAN_POINT ( 'NONE',  ( -114.5208186077599777, 7.747101525254627141, 282.9498916348493367 ) ) ;
#2911 = CARTESIAN_POINT ( 'NONE',  ( -81.50980713897740770, 3.308588475489300240, 148.9599507429450114 ) ) ;
#2912 = SPHERICAL_SURFACE ( 'NONE', #2077, 1.000000000000000000 ) ;
#2913 = ORIENTED_EDGE ( 'NONE', *, *, #2799, .T. ) ;
#2914 = AXIS2_PLACEMENT_3D ( 'NONE', #1835, #5402, #6545 ) ;
#2915 = CARTESIAN_POINT ( 'NONE',  ( -50.39604325960869602, 0.0000000000000000000, 145.2237000005000027 ) ) ;
#2916 = CARTESIAN_POINT ( 'NONE',  ( -86.63312674368779653, 13.00321644496600015, 146.3249479373060069 ) ) ;
#2917 = CARTESIAN_POINT ( 'NONE',  ( -104.5066117417189986, 1.648845321719970114, 267.1475409318600214 ) ) ;
#2918 = CARTESIAN_POINT ( 'NONE',  ( -51.57601391877469865, 2.927942649239289707, 140.6897167794869858 ) ) ;
#2919 = CARTESIAN_POINT ( 'NONE',  ( -89.67018638711338951, 3.412359959460310233, 137.9782919688310017 ) ) ;
#2920 = CARTESIAN_POINT ( 'NONE',  ( -102.6620868415889589, 4.187666324047778055, 292.6553666806332217 ) ) ;
#2921 = AXIS2_PLACEMENT_3D ( 'NONE', #3559, #2500, #1907 ) ;
#2922 = CARTESIAN_POINT ( 'NONE',  ( -24.60626842310669815, 2.584987444176309879, 160.0561499192640156 ) ) ;
#2923 = CARTESIAN_POINT ( 'NONE',  ( -39.82402236156040232, 2.778500600415269695, 292.2569067104529381 ) ) ;
#2924 = VERTEX_POINT ( 'NONE', #1272 ) ;
#2925 = CARTESIAN_POINT ( 'NONE',  ( -104.5873109982062061, 6.122130309604234988, 266.7591920039388924 ) ) ;
#2926 = FACE_OUTER_BOUND ( 'NONE', #4634, .T. ) ;
#2927 = CARTESIAN_POINT ( 'NONE',  ( -111.3995317719710698, 3.333350323194571807, 323.7145798712381861 ) ) ;
#2928 = DIRECTION ( 'NONE',  ( 3.965082230804120359E-15, -1.652117596168379867E-16, 1.000000000000000000 ) ) ;
#2929 = EDGE_CURVE ( 'NONE', #5546, #455, #4297, .T. ) ;
#2930 = CARTESIAN_POINT ( 'NONE',  ( -13.56920966320723210, 2.540056171048536093, 310.7215471321331961 ) ) ;
#2931 = EDGE_CURVE ( 'NONE', #1219, #1084, #1845, .T. ) ;
#2932 = DIRECTION ( 'NONE',  ( 0.0000000000000000000, 0.0000000000000000000, -1.000000000000000000 ) ) ;
#2933 = ORIENTED_EDGE ( 'NONE', *, *, #340, .F. ) ;
#2934 = CARTESIAN_POINT ( 'NONE',  ( -40.68366529116749319, 0.5837876948879390238, 290.4078874173949885 ) ) ;
#2935 = DIRECTION ( 'NONE',  ( -0.8662767110661201420, 0.0000000000000000000, 0.4995644701782400166 ) ) ;
#2936 = EDGE_LOOP ( 'NONE', ( #5266, #2861, #7439, #6690, #5963 ) ) ;
#2937 = ADVANCED_FACE ( 'NONE', ( #2092 ), #411, .F. ) ;
#2938 = CARTESIAN_POINT ( 'NONE',  ( -40.52985582001009845, 0.5836372543898629139, 290.2358120397240100 ) ) ;
#2939 = CARTESIAN_POINT ( 'NONE',  ( -2.939419985850887151, 3.995356370322069139, 166.2754999999992833 ) ) ;
#2940 = EDGE_CURVE ( 'NONE', #7635, #764, #2039, .T. ) ;
#2941 = CARTESIAN_POINT ( 'NONE',  ( -64.00550780205080059, 3.085999038690809826, 150.7089412792419978 ) ) ;
#2942 = CARTESIAN_POINT ( 'NONE',  ( -104.5192900668599520, 5.988813046345374147, 267.1778395960630519 ) ) ;
#2943 = ORIENTED_EDGE ( 'NONE', *, *, #2494, .T. ) ;
#2944 = CARTESIAN_POINT ( 'NONE',  ( -100.2130641889379916, 8.546828554825680158, 312.2490000000000236 ) ) ;
#2945 = APPLICATION_PROTOCOL_DEFINITION ( 'international standard', 'config_control_design', 1994, #5512 ) ;
#2946 = CARTESIAN_POINT ( 'NONE',  ( -105.9590161994470066, 3.995356370322069139, 163.8962259421649890 ) ) ;
#2947 = CARTESIAN_POINT ( 'NONE',  ( -104.2973552935142436, 4.754431002326652944, 267.0158529743192730 ) ) ;
#2948 = CARTESIAN_POINT ( 'NONE',  ( -37.23879505252029531, 2.745626140442119834, 149.1711074892560021 ) ) ;
#2949 = ORIENTED_EDGE ( 'NONE', *, *, #1972, .F. ) ;
#2950 = CARTESIAN_POINT ( 'NONE',  ( -114.6512668509989510, 5.548642673798662273, 281.1581493434942445 ) ) ;
#2951 = CARTESIAN_POINT ( 'NONE',  ( -79.26466750829270325, 3.280038353112519900, 149.1478460336989826 ) ) ;
#2952 = CARTESIAN_POINT ( 'NONE',  ( -31.89113661583549941, 2.677623837330069811, 149.8159981027159802 ) ) ;
#2953 = APPROVAL_PERSON_ORGANIZATION ( #6070, #6328, #7206 ) ;
#2954 = ORIENTED_EDGE ( 'NONE', *, *, #5164, .F. ) ;
#2955 = CARTESIAN_POINT ( 'NONE',  ( -51.60824073283730229, 0.0000000000000000000, 140.3662690849809849 ) ) ;
#2956 = CARTESIAN_POINT ( 'NONE',  ( -42.14424820551109718, 2.808004276154580037, 148.7627517701209854 ) ) ;
#2957 = CARTESIAN_POINT ( 'NONE',  ( -104.1861368306109910, 0.6458992370158020968, 268.6544379066510260 ) ) ;
#2958 = CIRCLE ( 'NONE', #2070, 2.199999999999993960 ) ;
#2959 = CARTESIAN_POINT ( 'NONE',  ( -50.56962921176450010, 2.915144681193570175, 146.5594224628619884 ) ) ;
#2960 = CARTESIAN_POINT ( 'NONE',  ( -91.03902856545708744, 3.429764744742819893, 144.1448336020770000 ) ) ;
#2961 = CARTESIAN_POINT ( 'NONE',  ( -9.011840719182078630, 6.911487080263995608, 312.2428302255179915 ) ) ;
#2962 = CARTESIAN_POINT ( 'NONE',  ( -24.94999239190160267, 2.589358230428529861, 160.1870828199139680 ) ) ;
#2963 = B_SPLINE_CURVE_WITH_KNOTS ( 'NONE', 3,
 ( #4167, #7687, #1692, #4089, #7726, #6516, #5374, #4601, #595, #5966, #6557, #6479, #7100, #2284, #1104, #2362, #1182, #3429, #2956, #3577, #2996, #6442, #5259, #6987, #4675 ),
 .UNSPECIFIED., .F., .F.,
 ( 4, 3, 3, 3, 3, 3, 3, 3, 4 ),
 ( 0.0000000000000000000, 0.09789170151324469438, 0.2064242866708140001, 0.2909421482420930238, 0.3149568718283839996, 0.3740720758087169862, 0.4599787085134449671, 0.5130516500164359339, 0.5458853412181730036 ),
 .UNSPECIFIED. ) ;
#2964 = CARTESIAN_POINT ( 'NONE',  ( -8.949711076456738468, 8.262268130041828584, -48.64979999999999905 ) ) ;
#2965 = VECTOR ( 'NONE', #1728, 1000.000000000000000 ) ;
#2966 = ORIENTED_EDGE ( 'NONE', *, *, #62, .T. ) ;
#2967 = DIRECTION ( 'NONE',  ( 0.0000000000000000000, 1.000000000000000000, 0.0000000000000000000 ) ) ;
#2968 = PLANE ( 'NONE',  #2374 ) ;
#2969 = CARTESIAN_POINT ( 'NONE',  ( 0.1926849089234610179, 3.995356370322069139, 0.0000000000000000000 ) ) ;
#2970 = CARTESIAN_POINT ( 'NONE',  ( -13.60176113954709187, 2.528146922872893665, 310.6567416758535387 ) ) ;
#2971 = FACE_OUTER_BOUND ( 'NONE', #1678, .T. ) ;
#2972 = ORIENTED_EDGE ( 'NONE', *, *, #1140, .T. ) ;
#2973 = CARTESIAN_POINT ( 'NONE',  ( -41.34342688581310199, 1.584433483700089962, 266.6544379066510260 ) ) ;
#2974 = CARTESIAN_POINT ( 'NONE',  ( -105.0877531048720073, 7.281587086363376038, 289.8193003717428269 ) ) ;
#2975 = EDGE_CURVE ( 'NONE', #255, #7058, #6625, .T. ) ;
#2976 = CARTESIAN_POINT ( 'NONE',  ( -105.1851464518889969, 1.650855100457929936, 289.6544379066509691 ) ) ;
#2977 = CARTESIAN_POINT ( 'NONE',  ( -19.33145713370500118, 2.517911006576399657, 149.2337341490829772 ) ) ;
#2978 = CARTESIAN_POINT ( 'NONE',  ( -106.2126457168429994, 8.617691027423850514, 283.1544379066509691 ) ) ;
#2979 = FACE_OUTER_BOUND ( 'NONE', #5752, .T. ) ;
#2980 = CARTESIAN_POINT ( 'NONE',  ( -104.6284453590619705, 6.193874357639672645, 266.8180129683747168 ) ) ;
#2981 = CIRCLE ( 'NONE', #5350, 2.658173771842900823 ) ;
#2982 = ORIENTED_EDGE ( 'NONE', *, *, #6961, .F. ) ;
#2983 = CARTESIAN_POINT ( 'NONE',  ( -102.7128620685339939, 8.578616674123489716, 314.7490000000000236 ) ) ;
#2984 = CARTESIAN_POINT ( 'NONE',  ( -84.83975324217600189, 0.0000000000000000000, 143.5787935506629935 ) ) ;
#2985 = EDGE_CURVE ( 'NONE', #6910, #4412, #6035, .T. ) ;
#2986 = CARTESIAN_POINT ( 'NONE',  ( -104.6208639080538063, 5.450805441953262331, 267.3116464073545444 ) ) ;
#2987 = CARTESIAN_POINT ( 'NONE',  ( -44.59180228015190295, 2.839129004845440285, 138.4527969823940055 ) ) ;
#2988 = VERTEX_POINT ( 'NONE', #76 ) ;
#2989 = CARTESIAN_POINT ( 'NONE',  ( -113.5104297941949909, 7.935011850005208700, 283.0208622029579715 ) ) ;
#2990 = CARTESIAN_POINT ( 'NONE',  ( -2.493226378986369784, 0.9864527579709001515, 322.3933070074629654 ) ) ;
#2991 = EDGE_CURVE ( 'NONE', #3358, #2630, #1781, .T. ) ;
#2992 = CARTESIAN_POINT ( 'NONE',  ( -107.2605271331457999, 3.995356370322069139, 318.7500000000000000 ) ) ;
#2993 = ORIENTED_EDGE ( 'NONE', *, *, #574, .F. ) ;
#2994 = CARTESIAN_POINT ( 'NONE',  ( -114.7025006473050013, 4.272810689186360200, 277.5482918223210049 ) ) ;
#2995 = CARTESIAN_POINT ( 'NONE',  ( -102.2394534161729922, 5.522401141232010424, 313.7245381316120074 ) ) ;
#2996 = CARTESIAN_POINT ( 'NONE',  ( -42.50378840706819972, 2.812576605760830351, 148.6760393268459950 ) ) ;
#2997 = CARTESIAN_POINT ( 'NONE',  ( -106.0981648810665519, 6.707974670968802400, 282.6739078142906578 ) ) ;
#2998 = CARTESIAN_POINT ( 'NONE',  ( -1.182446609960302375, 2.591223821968468677, 322.5892694910023124 ) ) ;
#2999 = CARTESIAN_POINT ( 'NONE',  ( -50.60686003967389723, 2.915618138308400109, 146.6523361310129872 ) ) ;
#3000 = CARTESIAN_POINT ( 'NONE',  ( -92.01772013431150299, 3.442210010355050365, 139.7268623557570209 ) ) ;
#3001 = CARTESIAN_POINT ( 'NONE',  ( -9.054684967972100651, 6.085615533651800746, 312.2490000000000236 ) ) ;
#3002 = FACE_OUTER_BOUND ( 'NONE', #5254, .T. ) ;
#3003 = CARTESIAN_POINT ( 'NONE',  ( 147.1779042635589860, 0.4020322939986260002, 312.2489999555290296 ) ) ;
#3004 = ORIENTED_EDGE ( 'NONE', *, *, #5569, .T. ) ;
#3005 = LINE ( 'NONE', #4020, #955 ) ;
#3006 = CARTESIAN_POINT ( 'NONE',  ( -104.4180057765200758, 0.6461260272096797097, 291.2545941462773271 ) ) ;
#3007 = PLANE ( 'NONE',  #2026 ) ;
#3008 = CARTESIAN_POINT ( 'NONE',  ( -13.70692010726159893, 2.491293620606068071, 310.4473629451464376 ) ) ;
#3009 = CIRCLE ( 'NONE', #3386, 2.499999999999946709 ) ;
#3010 = EDGE_LOOP ( 'NONE', ( #355, #5295, #7273, #2686, #3713 ) ) ;
#3011 = CARTESIAN_POINT ( 'NONE',  ( -112.7643120787219999, 0.0000000000000000000, 164.1243172066120053 ) ) ;
#3012 = CARTESIAN_POINT ( 'NONE',  ( -105.0932437659282783, 7.324441685983574146, 289.7002138787992180 ) ) ;
#3013 = ORIENTED_EDGE ( 'NONE', *, *, #348, .T. ) ;
#3014 = LINE ( 'NONE', #3134, #4545 ) ;
#3015 = CARTESIAN_POINT ( 'NONE',  ( -17.54330333256229935, 2.495172832072269919, 149.1705927090359864 ) ) ;
#3016 = CARTESIAN_POINT ( 'NONE',  ( -114.5795184274566765, 6.822374700378666112, 283.6525672242117935 ) ) ;
#3017 = CARTESIAN_POINT ( 'NONE',  ( -106.2098146117499908, 8.744273145798910463, 283.1544379066509691 ) ) ;
#3018 = CARTESIAN_POINT ( 'NONE',  ( -105.1978088487350078, 9.583333864162250748, 11.50000000000000000 ) ) ;
#3019 = CARTESIAN_POINT ( 'NONE',  ( -103.8661657687109994, 4.067652269737630277, 266.7781112218090129 ) ) ;
#3020 = CARTESIAN_POINT ( 'NONE',  ( -106.1517011083710003, 0.0000000000000000000, 163.8962259421649890 ) ) ;
#3021 = ORIENTED_EDGE ( 'NONE', *, *, #4744, .F. ) ;
#3022 = CARTESIAN_POINT ( 'NONE',  ( -104.4804861215369982, 8.601094269103940704, 314.0167669583850056 ) ) ;
#3023 = CARTESIAN_POINT ( 'NONE',  ( -85.02662353439698961, 0.0000000000000000000, 146.3725752293960056 ) ) ;
#3024 = CARTESIAN_POINT ( 'NONE',  ( -104.5549596288364569, 5.291303122980085760, 267.2401964802710381 ) ) ;
#3025 = CARTESIAN_POINT ( 'NONE',  ( -42.99652753305959862, 0.0000000000000000000, 148.5251873153569875 ) ) ;
#3026 = EDGE_LOOP ( 'NONE', ( #3910, #3575 ) ) ;
#3027 = CARTESIAN_POINT ( 'NONE',  ( -113.6091603996539874, 6.328566146057450048, 282.1683739294339262 ) ) ;
#3028 = CARTESIAN_POINT ( 'NONE',  ( -71.83621078498080692, 3.185576417581630349, 158.1390644751279808 ) ) ;
#3029 = ADVANCED_FACE ( 'NONE', ( #4153 ), #6547, .T. ) ;
#3030 = CARTESIAN_POINT ( 'NONE',  ( -96.51370508263580916, 3.499382719757590188, 149.1378050306900320 ) ) ;
#3031 = EDGE_CURVE ( 'NONE', #6189, #3634, #4848, .T. ) ;
#3032 = ORIENTED_EDGE ( 'NONE', *, *, #5221, .F. ) ;
#3033 = DIRECTION ( 'NONE',  ( -0.9988390925805179510, 0.04817122723086530306, 0.0000000000000000000 ) ) ;
#3034 = CARTESIAN_POINT ( 'NONE',  ( -48.58979976058189720, 0.0000000000000000000, 137.8748773644140044 ) ) ;
#3035 = CARTESIAN_POINT ( 'NONE',  ( -106.1180532552980083, 4.966599450227699997, 280.8660137411350206 ) ) ;
#3036 = AXIS2_PLACEMENT_3D ( 'NONE', #7249, #6150, #7209 ) ;
#3037 = EDGE_CURVE ( 'NONE', #5586, #1777, #4277, .T. ) ;
#3038 = LINE ( 'NONE', #1263, #6659 ) ;
#3039 = DIRECTION ( 'NONE',  ( -1.000000000000000000, 0.0000000000000000000, 0.0000000000000000000 ) ) ;
#3040 = CARTESIAN_POINT ( 'NONE',  ( -51.71862060787739779, 2.929755200923850111, 147.9429042216119967 ) ) ;
#3041 = CARTESIAN_POINT ( 'NONE',  ( -91.96521526809151226, 3.441542390301969512, 139.5081540928549941 ) ) ;
#3042 = EDGE_CURVE ( 'NONE', #4696, #6591, #6291, .T. ) ;
#3043 = CARTESIAN_POINT ( 'NONE',  ( -103.3151811884220024, 3.447589402826210403, 291.6554008903800081 ) ) ;
#3044 = CARTESIAN_POINT ( 'NONE',  ( -23.35385223181510028, 2.569061452259519651, 158.7397821144899979 ) ) ;
#3045 = VECTOR ( 'NONE', #4800, 1000.000000000000000 ) ;
#3046 = CARTESIAN_POINT ( 'NONE',  ( -105.1881255202159906, 0.6468792785984149862, 268.6544379066510260 ) ) ;
#3047 = EDGE_LOOP ( 'NONE', ( #7506, #891, #5713, #5802 ) ) ;
#3048 = LINE ( 'NONE', #4259, #5334 ) ;
#3049 = CARTESIAN_POINT ( 'NONE',  ( -91.24863379553080733, 0.0000000000000000000, 147.1778769229460124 ) ) ;
#3050 = VECTOR ( 'NONE', #5157, 1000.000000000000000 ) ;
#3051 = CARTESIAN_POINT ( 'NONE',  ( -63.95524525093959767, 0.0000000000000000000, 156.7907546387280036 ) ) ;
#3052 = CARTESIAN_POINT ( 'NONE',  ( -41.17587419237612778, 1.583825161868267051, 291.6544379066509123 ) ) ;
#3053 = ORIENTED_EDGE ( 'NONE', *, *, #4940, .F. ) ;
#3054 = VECTOR ( 'NONE', #5914, 1000.000000000000000 ) ;
#3055 =( BOUNDED_SURFACE ( )  B_SPLINE_SURFACE ( 3, 2, ( 
 ( #3650, #7171, #671 ),
 ( #1800, #1762, #6587 ),
 ( #514, #2315, #4740 ),
 ( #3572, #3497, #5880 ),
 ( #2989, #5998, #7059 ),
 ( #7719, #2910, #7211 ),
 ( #5292, #7682, #41 ),
 ( #1176, #4779, #2392 ),
 ( #5959, #5367, #7130 ),
 ( #4703, #7094, #6511 ),
 ( #3027, #1841, #7755 ),
 ( #4246, #3533, #6038 ),
 ( #5255, #4202, #5921 ),
 ( #549, #2950, #1215 ),
 ( #2355, #627, #2279 ),
 ( #4671, #1685, #6075 ),
 ( #3726, #1410, #3838 ),
 ( #125, #3072, #1959 ) ),
 .UNSPECIFIED., .F., .F., .F. ) 
 B_SPLINE_SURFACE_WITH_KNOTS ( ( 4, 2, 2, 2, 2, 2, 2, 2, 4 ),
 ( 3, 3 ),
 ( 0.0000000000000000000, 0.0009764199105924249939, 0.001464629865888640147, 0.001952839821184849988, 0.002929259731777280294, 0.003905679642369699976, 0.004882099552962130065, 0.005858519463554550180, 0.007811359284739399951 ),
 ( 0.0000000000000000000, 1.000000000000000000 ),
 .UNSPECIFIED. ) 
 GEOMETRIC_REPRESENTATION_ITEM ( )  RATIONAL_B_SPLINE_SURFACE ( (
 ( 1.000000000000000000, 0.7071067811865480168, 1.000000000000000000),
 ( 1.000000000000000000, 0.7078226584336539950, 1.000000000000000000),
 ( 1.000000000000000000, 0.7083230532671579427, 1.000000000000000000),
 ( 1.000000000000000000, 0.7087815081749458956, 1.000000000000000000),
 ( 1.000000000000000000, 0.7088856007884860588, 1.000000000000000000),
 ( 1.000000000000000000, 0.7090011463035059691, 1.000000000000000000),
 ( 1.000000000000000000, 0.7090120369082089091, 1.000000000000000000),
 ( 1.000000000000000000, 0.7089178274700449478, 1.000000000000000000),
 ( 1.000000000000000000, 0.7086884805390969433, 1.000000000000000000),
 ( 1.000000000000000000, 0.7079948511284570589, 1.000000000000000000),
 ( 1.000000000000000000, 0.7075255147779579978, 1.000000000000000000),
 ( 1.000000000000000000, 0.7065000698901159337, 1.000000000000000000),
 ( 1.000000000000000000, 0.7059409839231899353, 1.000000000000000000),
 ( 1.000000000000000000, 0.7048434978021170805, 1.000000000000000000),
 ( 1.000000000000000000, 0.7043147260718219949, 1.000000000000000000),
 ( 1.000000000000000000, 0.7029718046320820868, 1.000000000000000000),
 ( 1.000000000000000000, 0.7023886002031570763, 1.000000000000000000),
 ( 1.000000000000000000, 0.7024031531465280143, 1.000000000000000000) ) ) 
 REPRESENTATION_ITEM ( '' )  SURFACE ( )  );
#3056 = CARTESIAN_POINT ( 'NONE',  ( -17.21702404006340004, -0.001000001298026020023, 149.1705927090359864 ) ) ;
#3057 = LINE ( 'NONE', #1824, #5543 ) ;
#3058 = VERTEX_POINT ( 'NONE', #4773 ) ;
#3059 = CARTESIAN_POINT ( 'NONE',  ( -104.6583579710747500, 1.649578261294432302, 291.0345906177091706 ) ) ;
#3060 = CARTESIAN_POINT ( 'NONE',  ( -74.63417798836709949, 0.0000000000000000000, 197.7976943920669726 ) ) ;
#3061 = CARTESIAN_POINT ( 'NONE',  ( -114.7120313748049938, 4.008506407753950285, 279.1544379066509691 ) ) ;
#3062 = DIRECTION ( 'NONE',  ( 0.9999302546508108680, -0.01181041209969390347, 0.0000000000000000000 ) ) ;
#3063 = CARTESIAN_POINT ( 'NONE',  ( -64.56683858308829826, 3.093137007714150233, 151.3713564822409694 ) ) ;
#3064 = CARTESIAN_POINT ( 'NONE',  ( -9.114267117560496345, 6.210471775775771697, 314.6431552340273470 ) ) ;
#3065 = CARTESIAN_POINT ( 'NONE',  ( -103.9940161437070714, 13.04725450259231501, 314.7490000000003079 ) ) ;
#3066 = ORIENTED_EDGE ( 'NONE', *, *, #1727, .T. ) ;
#3067 = CARTESIAN_POINT ( 'NONE',  ( -52.66483440612449840, 2.941787907955179637, 148.4553203441109872 ) ) ;
#3068 = CARTESIAN_POINT ( 'NONE',  ( -84.23704571102190641, 0.0000000000000000000, 141.3917220112120106 ) ) ;
#3069 = CARTESIAN_POINT ( 'NONE',  ( -104.9751294324991449, 6.631768806102200209, 267.9289683053364115 ) ) ;
#3070 = CARTESIAN_POINT ( 'NONE',  ( -41.08138357292904175, 0.5841767017283169272, 266.6551356071852297 ) ) ;
#3071 = ORIENTED_EDGE ( 'NONE', *, *, #3124, .F. ) ;
#3072 = CARTESIAN_POINT ( 'NONE',  ( -114.6766424363860466, 5.021236986502341182, 279.1544379066513102 ) ) ;
#3073 = CARTESIAN_POINT ( 'NONE',  ( -70.75506116910391086, 3.171828010417750310, 153.9381192001879981 ) ) ;
#3074 = CARTESIAN_POINT ( 'NONE',  ( -105.1158941431009879, 11.28185008267179867, 274.1544379064000054 ) ) ;
#3075 = ORIENTED_EDGE ( 'NONE', *, *, #3561, .F. ) ;
#3076 = DIRECTION ( 'NONE',  ( 0.04817122723086530306, 0.9988390925805179510, 0.0000000000000000000 ) ) ;
#3077 = CARTESIAN_POINT ( 'NONE',  ( -48.48654928131739439, 0.0000000000000000000, 137.8609707278629912 ) ) ;
#3078 = FACE_OUTER_BOUND ( 'NONE', #2291, .T. ) ;
#3079 = EDGE_CURVE ( 'NONE', #7572, #6194, #1289, .T. ) ;
#3080 = CARTESIAN_POINT ( 'NONE',  ( -106.0931781415533948, 6.990088659250447201, 282.8133734555873957 ) ) ;
#3081 = CARTESIAN_POINT ( 'NONE',  ( -3.306602012091639065, 3.653327052199218272, 323.6894676326188005 ) ) ;
#3082 = CARTESIAN_POINT ( 'NONE',  ( -102.8269319397230106, 3.579662975232019928, 292.6544379066509691 ) ) ;
#3083 = CARTESIAN_POINT ( 'NONE',  ( -92.01204538824960366, 3.442138277774839938, 140.7534261962939865 ) ) ;
#3084 = CARTESIAN_POINT ( 'NONE',  ( -105.1069269355051290, 7.520710206621968652, 289.9081377524340155 ) ) ;
#3085 = APPROVAL_PERSON_ORGANIZATION ( #4551, #2640, #3416 ) ;
#3086 = CARTESIAN_POINT ( 'NONE',  ( -23.53439256860010076, 2.571357231937490440, 159.1720381840200105 ) ) ;
#3087 = DIRECTION ( 'NONE',  ( 0.0000000000000000000, 1.000000000000000000, 0.0000000000000000000 ) ) ;
#3088 = DIRECTION ( 'NONE',  ( -0.8662767110661260261, 0.0000000000000000000, -0.4995644701782299690 ) ) ;
#3089 = AXIS2_PLACEMENT_3D ( 'NONE', #4955, #61, #6171 ) ;
#3090 = CARTESIAN_POINT ( 'NONE',  ( -91.45724017529451544, 0.0000000000000000000, 142.7380988389460015 ) ) ;
#3091 = DIRECTION ( 'NONE',  ( 0.0000000000000000000, 0.0000000000000000000, 1.000000000000000000 ) ) ;
#3092 = CARTESIAN_POINT ( 'NONE',  ( -29.31094166262390033, 2.644815455152110140, 160.2872612206439840 ) ) ;
#3093 = CIRCLE ( 'NONE', #77, 1.000000000000000000 ) ;
#3094 = EDGE_CURVE ( 'NONE', #7424, #3852, #3484, .T. ) ;
#3095 = ORIENTED_EDGE ( 'NONE', *, *, #7147, .T. ) ;
#3096 = LINE ( 'NONE', #3169, #7205 ) ;
#3097 = ORIENTED_EDGE ( 'NONE', *, *, #2494, .F. ) ;
#3098 = DIRECTION ( 'NONE',  ( 0.0009780959844898913080, 0.9999995216640081841, 0.0000000000000000000 ) ) ;
#3099 = CARTESIAN_POINT ( 'NONE',  ( -68.71335731570160021, 0.0000000000000000000, 160.4802146902100048 ) ) ;
#3100 = CARTESIAN_POINT ( 'NONE',  ( -23.48284444461049958, 0.0000000000000000000, 156.8948880695920138 ) ) ;
#3101 = DIRECTION ( 'NONE',  ( -0.04817122723086530306, -0.9988390925805179510, 0.0000000000000000000 ) ) ;
#3102 = CARTESIAN_POINT ( 'NONE',  ( -63.76851847305810139, 3.082985613393490087, 158.5476145139649873 ) ) ;
#3103 = CARTESIAN_POINT ( 'NONE',  ( -9.566494836653335554, 4.982099461382317962, 314.2065831322992722 ) ) ;
#3104 = DIRECTION ( 'NONE',  ( 0.0000000000000000000, 0.0000000000000000000, -1.000000000000000000 ) ) ;
#3105 = CARTESIAN_POINT ( 'NONE',  ( -84.74651075215810181, 3.349747515796679842, 147.1291257832210135 ) ) ;
#3106 = CARTESIAN_POINT ( 'NONE',  ( -84.44737814953329291, 0.0000000000000000000, 142.1965958507580012 ) ) ;
#3107 = CARTESIAN_POINT ( 'NONE',  ( -104.9222246628926172, 6.401678202633177328, 267.7938704235714340 ) ) ;
#3108 = CARTESIAN_POINT ( 'NONE',  ( -39.75215230312949899, 1.578638286920920120, 267.4358766368200122 ) ) ;
#3109 = VERTEX_POINT ( 'NONE', #7006 ) ;
#3110 = B_SPLINE_CURVE_WITH_KNOTS ( 'NONE', 3,
 ( #54, #2445, #7222, #96, #4871, #7265, #3701, #718, #137, #2528, #3385, #2126, #3971, #3270, #6906, #5137, #4443, #6320, #1573, #6361, #4520, #1024, #3347, #5176, #950, #2718, #5099, #987, #7527, #7451, #4559, #5651 ),
 .UNSPECIFIED., .F., .F.,
 ( 4, 2, 2, 2, 1, 1, 2, 2, 2, 2, 2, 1, 1, 1, 1, 2, 2, 2, 4 ),
 ( 0.0000000000000000000, 0.1249999999979718446, 0.1874999999969448050, 0.2187499999964429287, 0.2343749999961919905, 0.2421874999960665076, 0.2460937499960142161, 0.2499999999959619523, 0.3749999999947126739, 0.4374999999940879514, 0.4687499999937881912, 0.4843749999936531880, 0.4921874999935858530, 0.4960937499935520467, 0.4980468749935348938, 0.4990234374935429429, 0.4999999999935510475, 0.7499999999967755793, 1.000000000000000000 ),
 .UNSPECIFIED. ) ;
#3111 = CARTESIAN_POINT ( 'NONE',  ( -114.5702946022547764, 6.970570169023056373, 274.5957971521684726 ) ) ;
#3112 = CARTESIAN_POINT ( 'NONE',  ( -71.71291944108119765, 3.184008610848029885, 157.2185829891929814 ) ) ;
#3113 = CARTESIAN_POINT ( 'NONE',  ( -106.1697529593705838, 7.938906651383352830, 275.1971607830631115 ) ) ;
#3114 = EDGE_LOOP ( 'NONE', ( #5943, #5933, #2949, #6970, #3952 ) ) ;
#3115 = CARTESIAN_POINT ( 'NONE',  ( -113.6636642441449965, 4.998318340133380389, 278.6305951302269932 ) ) ;
#3116 = CARTESIAN_POINT ( 'NONE',  ( -100.2766404279229988, 3.547232764980630115, 309.7490000000000236 ) ) ;
#3117 = CARTESIAN_POINT ( 'NONE',  ( -4.000000000000000000, 2.000000000000000000, 319.7500000000000000 ) ) ;
#3118 = CARTESIAN_POINT ( 'NONE',  ( -105.0508711531473551, 7.283582492174407896, 290.3557320062208191 ) ) ;
#3119 = CARTESIAN_POINT ( 'NONE',  ( -2.661526951443235145, 3.330789009884910890, 323.5195388847025129 ) ) ;
#3120 = CARTESIAN_POINT ( 'NONE',  ( -112.2799550337930015, 3.250018615144509848, 323.4468661874020086 ) ) ;
#3121 = CARTESIAN_POINT ( 'NONE',  ( -91.29127818046879383, 3.432972420419429849, 147.2551502145850009 ) ) ;
#3122 = CARTESIAN_POINT ( 'NONE',  ( -103.3823122181569403, 4.669443103358877245, 291.7092049334340231 ) ) ;
#3123 = CARTESIAN_POINT ( 'NONE',  ( -112.7643120787219999, 0.0000000000000000000, 164.1243172066120053 ) ) ;
#3124 = EDGE_CURVE ( 'NONE', #6828, #145, #6969, .T. ) ;
#3125 = CARTESIAN_POINT ( 'NONE',  ( -8.913523179314539746, 8.949113843761640652, 312.2490000000000236 ) ) ;
#3126 = CARTESIAN_POINT ( 'NONE',  ( -1.637909052153259992, 3.995356370322069139, 159.8547740578320031 ) ) ;
#3127 = CARTESIAN_POINT ( 'NONE',  ( -103.1851512589930167, 1.644920654915590141, 291.6544379066509691 ) ) ;
#3128 = CARTESIAN_POINT ( 'NONE',  ( -48.48654928131739439, 2.888655681909349848, 137.8609707278629912 ) ) ;
#3129 = DIRECTION ( 'NONE',  ( -0.8662767110661317993, 0.0000000000000000000, -0.4995644701782198660 ) ) ;
#3130 = EDGE_CURVE ( 'NONE', #5845, #2369, #6915, .T. ) ;
#3131 = ORIENTED_EDGE ( 'NONE', *, *, #242, .T. ) ;
#3132 = CARTESIAN_POINT ( 'NONE',  ( -38.44543422356900209, 2.760970093428809946, 267.8291323679089828 ) ) ;
#3133 = ORIENTED_EDGE ( 'NONE', *, *, #2929, .T. ) ;
#3134 = CARTESIAN_POINT ( 'NONE',  ( -81.82837731576279339, 0.0000000000000000000, 277.6074976944939863 ) ) ;
#3135 = CARTESIAN_POINT ( 'NONE',  ( -43.61854601178329460, 0.0000000000000000000, 140.8269780353780050 ) ) ;
#3136 = ADVANCED_FACE ( 'NONE', ( #2263 ), #4028, .F. ) ;
#3137 = FACE_OUTER_BOUND ( 'NONE', #4631, .T. ) ;
#3138 = AXIS2_PLACEMENT_3D ( 'NONE', #3360, #6298, #337 ) ;
#3139 = CARTESIAN_POINT ( 'NONE',  ( -64.13543378423469221, 3.087651233907359849, 156.2026805580269979 ) ) ;
#3140 = EDGE_CURVE ( 'NONE', #4249, #3944, #2301, .T. ) ;
#3141 = CARTESIAN_POINT ( 'NONE',  ( -8.997824869314468899, 7.231977029052619521, 312.2477996882119555 ) ) ;
#3142 = DIRECTION ( 'NONE',  ( 4.952291795582600132E-15, -2.392219633754020149E-16, 1.000000000000000000 ) ) ;
#3143 = B_SPLINE_SURFACE_WITH_KNOTS ( 'NONE', 4, 1, ( 
 ( #7624, #607 ),
 ( #7586, #2335 ),
 ( #4723, #6532 ),
 ( #567, #1157 ),
 ( #2225, #1629 ) ),
 .UNSPECIFIED., .F., .F., .F.,
 ( 5, 5 ),
 ( 2, 2 ),
 ( -1.000000000000000000, 0.0000000000000000000 ),
 ( 0.0000000000000000000, 1.300421644626400086 ),
 .UNSPECIFIED. ) ;
#3144 = DIRECTION ( 'NONE',  ( -1.000000000000000000, 0.0000000000000000000, 5.551115123125781913E-15 ) ) ;
#3145 = DATE_TIME_ROLE ( 'classification_date' ) ;
#3146 = CARTESIAN_POINT ( 'NONE',  ( -84.15863045344730153, 0.0000000000000000000, 141.0009648045859763 ) ) ;
#3147 = CARTESIAN_POINT ( 'NONE',  ( -104.8134459295677203, 6.001717398524448299, 267.5783365272817491 ) ) ;
#3148 = CARTESIAN_POINT ( 'NONE',  ( -41.34196608152250008, 1.797722342850319954, 292.6544379066509691 ) ) ;
#3149 = ORIENTED_EDGE ( 'NONE', *, *, #2068, .T. ) ;
#3150 = CARTESIAN_POINT ( 'NONE',  ( -114.6751285893961949, 4.953957284970525343, 276.2344585055151924 ) ) ;
#3151 = CARTESIAN_POINT ( 'NONE',  ( -71.81706129461571209, 3.185333326562379774, 157.8460071397450122 ) ) ;
#3152 = CARTESIAN_POINT ( 'NONE',  ( 0.0000000000000000000, 7.500000000000000000, 319.7500000000000000 ) ) ;
#3153 = ORIENTED_EDGE ( 'NONE', *, *, #3740, .F. ) ;
#3154 = CARTESIAN_POINT ( 'NONE',  ( -113.4737614797009968, 8.441263023166641233, 275.1544379066509691 ) ) ;
#3155 = CARTESIAN_POINT ( 'NONE',  ( -101.7884653369389980, 4.591002242999380201, 312.7989489551570159 ) ) ;
#3156 = DIRECTION ( 'NONE',  ( 0.0000000000000000000, 0.0000000000000000000, -1.000000000000000000 ) ) ;
#3157 = CARTESIAN_POINT ( 'NONE',  ( -104.9136867760833383, 6.842614541812706896, 290.8781760849452098 ) ) ;
#3158 = CARTESIAN_POINT ( 'NONE',  ( -3.280350354296298399, 3.640197107365989115, 323.6847313990390376 ) ) ;
#3159 = CARTESIAN_POINT ( 'NONE',  ( -112.4758541009259858, 0.5660627635507800015, 321.8061681784760140 ) ) ;
#3160 = CARTESIAN_POINT ( 'NONE',  ( -104.1861368306289961, 0.6458992370158460616, 289.6942997289289679 ) ) ;
#3161 = CARTESIAN_POINT ( 'NONE',  ( -104.8417104810880005, 6.091081423522700433, 290.6855395764949890 ) ) ;
#3162 = DIRECTION ( 'NONE',  ( 1.377684915902150164E-14, 0.0000000000000000000, 1.000000000000000000 ) ) ;
#3163 = DIRECTION ( 'NONE',  ( -0.0000000000000000000, 1.000000000000000000, 0.0000000000000000000 ) ) ;
#3164 = CARTESIAN_POINT ( 'NONE',  ( -92.05261047352270509, 0.0000000000000000000, 148.1406911881620090 ) ) ;
#3165 = CARTESIAN_POINT ( 'NONE',  ( -63.84086386395510004, 0.0000000000000000000, 157.2408225677929750 ) ) ;
#3166 = VECTOR ( 'NONE', #6355, 1000.000000000000000 ) ;
#3167 = CARTESIAN_POINT ( 'NONE',  ( -40.09041469628262888, 1.579541726822497383, 291.2473591352638778 ) ) ;
#3168 = EDGE_LOOP ( 'NONE', ( #3803, #3711, #4201, #6404 ) ) ;
#3169 = CARTESIAN_POINT ( 'NONE',  ( -102.9728584519750001, 2.581437768442369940, 266.6544379066510260 ) ) ;
#3170 = B_SPLINE_CURVE_WITH_KNOTS ( 'NONE', 3,
 ( #1939, #1860, #2416, #689, #6647, #5509, #3092, #5471, #7348, #142, #763, #106, #6728, #1355, #5545, #6329, #5106, #3239, #1584, #1468, #4409, #7458, #2724, #332, #3354, #2094, #921, #2683, #3978, #253, #6209, #6800, #292, #959, #5738, #3317, #7421, #5698, #6838, #7495, #372, #2134, #2176, #215, #2054, #1427, #882, #4528, #4488, #3817, #5067, #2766, #3899, #6876, #6916, #1545, #3861, #6252, #3940, #6369, #5144, #4449, #5622, #3202, #5583, #841, #7537, #4567, #6954, #4990, #2610, #7383, #3278, #2013, #2647, #5661, #1507, #5030, #6292, #2479, #551, #2952 ),
 .UNSPECIFIED., .F., .F.,
 ( 4, 3, 3, 3, 3, 3, 3, 3, 3, 3, 3, 3, 3, 3, 3, 3, 3, 3, 3, 3, 3, 3, 3, 3, 3, 3, 3, 4 ),
 ( 0.0000000000000000000, 0.05927934211715300133, 0.1199021435193400043, 0.1829869641141090020, 0.2326469973085490139, 0.2879891810262699692, 0.3485365144005240223, 0.4062200451435499793, 0.4881433941296409729, 0.5457430781979319967, 0.6141881211271539298, 0.6821980038792579970, 0.7674213497676970475, 0.8420745783764659320, 0.8846745990279050176, 1.073710580121229885, 1.240199403275719980, 1.358041059306300147, 1.477697502370959981, 1.610588771116620022, 1.687599696412349859, 1.793712572151529905, 1.879354651800680065, 1.899430409291650079, 1.981601491677170257, 2.054013978917269778, 2.138799801355819596, 2.230437420805489790 ),
 .UNSPECIFIED. ) ;
#3171 = AXIS2_PLACEMENT_3D ( 'NONE', #5819, #6989, #1618 ) ;
#3172 = ORIENTED_EDGE ( 'NONE', *, *, #485, .F. ) ;
#3173 = CARTESIAN_POINT ( 'NONE',  ( -71.13621193552199884, 0.0000000000000000000, 203.8633910309820010 ) ) ;
#3174 = EDGE_CURVE ( 'NONE', #2805, #1861, #3329, .T. ) ;
#3175 = CARTESIAN_POINT ( 'NONE',  ( -44.28109918414799751, 0.0000000000000000000, 138.6549600548970034 ) ) ;
#3176 = CARTESIAN_POINT ( 'NONE',  ( -23.81598673743939898, 0.0000000000000000000, 155.8092528576579809 ) ) ;
#3177 = CARTESIAN_POINT ( 'NONE',  ( -63.80658867802500822, 3.083468868763580062, 157.4177589751030268 ) ) ;
#3178 = VECTOR ( 'NONE', #2321, 1000.000000000000000 ) ;
#3179 = CARTESIAN_POINT ( 'NONE',  ( -106.1197445713590355, 4.608561637179935389, 278.7622845050054821 ) ) ;
#3180 = CARTESIAN_POINT ( 'NONE',  ( -84.10185090838190547, 3.341549846550890379, 140.0425147761400240 ) ) ;
#3181 = CARTESIAN_POINT ( 'NONE',  ( -84.02025675783799841, 0.0000000000000000000, 148.0704472255160056 ) ) ;
#3182 = EDGE_CURVE ( 'NONE', #6591, #1548, #3405, .T. ) ;
#3183 = CARTESIAN_POINT ( 'NONE',  ( -1.807315091076550084, 3.995356370322069139, 315.2500000000000000 ) ) ;
#3184 = CARTESIAN_POINT ( 'NONE',  ( -106.0803089273240118, 7.622704780276849057, 275.2782370769659792 ) ) ;
#3185 = ORIENTED_EDGE ( 'NONE', *, *, #3604, .F. ) ;
#3186 = CARTESIAN_POINT ( 'NONE',  ( -114.7024094199879869, 4.275262266474715744, 277.5409405615711762 ) ) ;
#3187 = CARTESIAN_POINT ( 'NONE',  ( -71.50156682537640052, 3.181320900554859943, 159.3035802299959869 ) ) ;
#3188 = FACE_OUTER_BOUND ( 'NONE', #7450, .T. ) ;
#3189 = VERTEX_POINT ( 'NONE', #1709 ) ;
#3190 = CARTESIAN_POINT ( 'NONE',  ( -114.6069087783260017, 6.375184467504815267, 276.1417101894042503 ) ) ;
#3191 = CARTESIAN_POINT ( 'NONE',  ( -104.9322374920360232, 6.737602582987988420, 314.4447870389932973 ) ) ;
#3192 = CARTESIAN_POINT ( 'NONE',  ( -106.1197444173709812, 4.608611013730070205, 279.1342986054719972 ) ) ;
#3193 = CARTESIAN_POINT ( 'NONE',  ( -106.1197445713590071, 4.608561637179933612, 279.5466030461173546 ) ) ;
#3194 = DIRECTION ( 'NONE',  ( 0.04817122723086530306, 0.9988390925805179510, 0.0000000000000000000 ) ) ;
#3195 = CARTESIAN_POINT ( 'NONE',  ( -111.8304410115650001, 1.827409992563769903, 323.1169564424560008 ) ) ;
#3196 = CARTESIAN_POINT ( 'NONE',  ( -104.1576496588610041, 0.6458713738142091154, 289.8911935198950118 ) ) ;
#3197 = CARTESIAN_POINT ( 'NONE',  ( -104.2059682366380002, 4.584183419174169494, 291.3595839703149863 ) ) ;
#3198 = CARTESIAN_POINT ( 'NONE',  ( -105.1822761155259940, 7.892400026487951692, 274.2100549937479741 ) ) ;
#3199 = DIRECTION ( 'NONE',  ( -1.000000000000000000, 0.0000000000000000000, 1.371950217666840234E-14 ) ) ;
#3200 = CARTESIAN_POINT ( 'NONE',  ( -91.08073651437389628, 0.0000000000000000000, 143.9857381186020291 ) ) ;
#3201 = CARTESIAN_POINT ( 'NONE',  ( -46.62792290196190237, 2.865020876247969639, 137.8609707278629912 ) ) ;
#3202 = CARTESIAN_POINT ( 'NONE',  ( -30.30355193007899928, 2.657435553862099731, 151.8032969473180174 ) ) ;
#3203 = CARTESIAN_POINT ( 'NONE',  ( -105.1249088055650134, 6.058659329759609413, 274.8326180684369433 ) ) ;
#3204 = VERTEX_POINT ( 'NONE', #1083 ) ;
#3205 = CARTESIAN_POINT ( 'NONE',  ( -39.34719092690470177, 2.772437080378920005, 266.3940893638260263 ) ) ;
#3206 = ORIENTED_EDGE ( 'NONE', *, *, #4798, .F. ) ;
#3207 = CARTESIAN_POINT ( 'NONE',  ( -39.92490758751790025, 10.09528184644960191, 291.6544379066509123 ) ) ;
#3208 = CARTESIAN_POINT ( 'NONE',  ( -44.28801487795379899, 0.0000000000000000000, 143.2587009826829956 ) ) ;
#3209 = CARTESIAN_POINT ( 'NONE',  ( -24.24233212815939709, 0.0000000000000000000, 154.4214344106700025 ) ) ;
#3210 = CIRCLE ( 'NONE', #5452, 0.9999999999999994449 ) ;
#3211 = CARTESIAN_POINT ( 'NONE',  ( -64.58079748736579973, 3.093313580502380145, 154.8592945420560056 ) ) ;
#3212 = CARTESIAN_POINT ( 'NONE',  ( -14.05662661152040016, 2.450835289238889825, 309.7490000000000236 ) ) ;
#3213 = ORIENTED_EDGE ( 'NONE', *, *, #7573, .T. ) ;
#3214 = EDGE_CURVE ( 'NONE', #6331, #6268, #6344, .T. ) ;
#3215 = CARTESIAN_POINT ( 'NONE',  ( -85.08587200379741944, 3.354062763984650086, 146.0746840109549964 ) ) ;
#3216 = AXIS2_PLACEMENT_3D ( 'NONE', #2706, #3298, #900 ) ;
#3217 = CARTESIAN_POINT ( 'NONE',  ( -83.45014360182798896, 0.0000000000000000000, 148.5251873153569875 ) ) ;
#3218 = DIRECTION ( 'NONE',  ( -3.506950558086310039E-15, 1.961123667350899851E-16, -1.000000000000000000 ) ) ;
#3219 = CARTESIAN_POINT ( 'NONE',  ( -106.1057073329130134, 6.221741722001000063, 275.9379074825099565 ) ) ;
#3220 = VERTEX_POINT ( 'NONE', #5240 ) ;
#3221 = CARTESIAN_POINT ( 'NONE',  ( -30.25327881453819856, 0.0000000000000000000, 151.9920434417899742 ) ) ;
#3222 = CARTESIAN_POINT ( 'NONE',  ( -70.95230722025370085, 3.174336445634749815, 151.2965225842360155 ) ) ;
#3223 = FACE_OUTER_BOUND ( 'NONE', #4708, .T. ) ;
#3224 = EDGE_LOOP ( 'NONE', ( #220, #1139, #1394, #5600, #4469, #7013 ) ) ;
#3225 = CARTESIAN_POINT ( 'NONE',  ( -113.5989838223439961, 6.527353718572779684, 275.9768088202289960 ) ) ;
#3226 = CARTESIAN_POINT ( 'NONE',  ( -26.40111486757770010, -0.001000001298026020023, 160.4802146902090101 ) ) ;
#3227 = CARTESIAN_POINT ( 'NONE',  ( -106.0970230862560015, 6.784280302555139919, 282.7201771799680046 ) ) ;
#3228 = CARTESIAN_POINT ( 'NONE',  ( -106.1140397009721568, 5.486686914096763346, 281.6544299034191567 ) ) ;
#3229 = CARTESIAN_POINT ( 'NONE',  ( -104.1861368306289961, 0.6458992370158400664, 268.6544379066510260 ) ) ;
#3230 = CARTESIAN_POINT ( 'NONE',  ( -44.69955571137949590, 2.840499202109640020, 145.3832523696749774 ) ) ;
#3231 = EDGE_CURVE ( 'NONE', #2988, #4696, #5298, .T. ) ;
#3232 = CARTESIAN_POINT ( 'NONE',  ( -104.1100173186590041, 0.6458247847912430561, 290.0371176735100107 ) ) ;
#3233 = CARTESIAN_POINT ( 'NONE',  ( -114.7643120787220141, 2.000000000000000000, 149.1705927090359864 ) ) ;
#3234 = CARTESIAN_POINT ( 'NONE',  ( -39.34705861651449510, 0.5824803646412809455, 289.6544379066509691 ) ) ;
#3235 = FACE_OUTER_BOUND ( 'NONE', #2553, .T. ) ;
#3236 = CARTESIAN_POINT ( 'NONE',  ( -91.80056465138349608, 0.0000000000000000000, 139.1476675284390012 ) ) ;
#3237 = CARTESIAN_POINT ( 'NONE',  ( -74.35249094270990611, 3.217574161188560211, 149.3724244134330092 ) ) ;
#3238 = DIRECTION ( 'NONE',  ( -0.5004356563159189086, 0.0000000000000000000, 0.8657737313453529593 ) ) ;
#3239 = CARTESIAN_POINT ( 'NONE',  ( -30.56289206989400142, 2.660734323557130132, 159.7642198472539974 ) ) ;
#3240 = CARTESIAN_POINT ( 'NONE',  ( -1.665838519981479804, 0.01790296779391227153, 319.4042823951717196 ) ) ;
#3241 = ORIENTED_EDGE ( 'NONE', *, *, #2985, .T. ) ;
#3242 = CARTESIAN_POINT ( 'NONE',  ( -41.34705765984249837, 0.5844365566102529552, 266.6544379066510260 ) ) ;
#3243 = CARTESIAN_POINT ( 'NONE',  ( -39.09758418044159356, 10.05251277932860177, 289.6544379066509691 ) ) ;
#3244 = DIRECTION ( 'NONE',  ( -0.5004356563159418902, 0.0000000000000000000, -0.8657737313453397476 ) ) ;
#3245 = CARTESIAN_POINT ( 'NONE',  ( -44.39843971895759722, 0.0000000000000000000, 138.5740185613510107 ) ) ;
#3246 = CARTESIAN_POINT ( 'NONE',  ( -23.90885600564839919, 0.0000000000000000000, 155.5250440716620233 ) ) ;
#3247 = CARTESIAN_POINT ( 'NONE',  ( -65.33984018946691208, 3.102966246877080003, 160.1342743893629859 ) ) ;
#3248 = CARTESIAN_POINT ( 'NONE',  ( -106.1088068389367578, 5.982171182520165331, 276.1357726569634679 ) ) ;
#3249 = ORIENTED_EDGE ( 'NONE', *, *, #1958, .T. ) ;
#3250 = CARTESIAN_POINT ( 'NONE',  ( -84.86300495941659960, 3.351228898403239675, 143.6569148449730164 ) ) ;
#3251 = CARTESIAN_POINT ( 'NONE',  ( -84.31858170313100231, 0.0000000000000000000, 147.7576249184049857 ) ) ;
#3252 =( BOUNDED_CURVE ( )  B_SPLINE_CURVE ( 3, ( #5381, #2961, #2404, #6445, #4639, #7181, #2326, #3471, #7652, #4714, #2287, #1738, #4678, #7066, #1696, #4093 ),
 .UNSPECIFIED., .F., .F. ) 
 B_SPLINE_CURVE_WITH_KNOTS ( ( 4, 2, 2, 2, 2, 2, 2, 4 ),
 ( 0.0000000000000000000, 0.1250000000000028033, 0.2499999999999984179, 0.3750000000000012212, 0.5000000000000034417, 0.6249999999999993339, 0.7500000000000018874, 1.000000000000000000 ),
 .UNSPECIFIED. ) 
 CURVE ( )  GEOMETRIC_REPRESENTATION_ITEM ( )  RATIONAL_B_SPLINE_CURVE ( ( 0.9999999433992612374, 0.9999999436650300888, 0.9999999448008278780, 0.9999999485044741565, 0.9999999510709863815, 0.9999999570866071608, 0.9999999605294838112, 0.9999999676773636548, 0.9999999713795888479, 0.9999999785060006419, 0.9999999819295779524, 0.9999999880837456834, 0.9999999908144845406, 0.9999999975358827564, 1.000000000028306690, 1.000000000000000000 ) ) 
 REPRESENTATION_ITEM ( '' )  );
#3253 = DIRECTION ( 'NONE',  ( 3.965082230804120359E-15, -1.652117596168379867E-16, 1.000000000000000000 ) ) ;
#3254 = TOROIDAL_SURFACE ( 'NONE', #4875, 6.000000000000000000, 1.000000000000000000 ) ;
#3255 = CARTESIAN_POINT ( 'NONE',  ( -106.1168350587370099, 5.174411100521949969, 277.0572191350960338 ) ) ;
#3256 = VERTEX_POINT ( 'NONE', #2896 ) ;
#3257 = CARTESIAN_POINT ( 'NONE',  ( -31.26219230423359718, 0.0000000000000000000, 158.8967616892249737 ) ) ;
#3258 = CARTESIAN_POINT ( 'NONE',  ( -101.8604850323623054, 3.823167976876397312, 310.5425429841523624 ) ) ;
#3259 = CARTESIAN_POINT ( 'NONE',  ( -0.4046681546265509799, 2.202334077313859773, 321.5226048166779833 ) ) ;
#3260 = VERTEX_POINT ( 'NONE', #5714 ) ;
#3261 = DIRECTION ( 'NONE',  ( 0.0000000000000000000, 1.000000000000000000, 0.0000000000000000000 ) ) ;
#3262 = CARTESIAN_POINT ( 'NONE',  ( -107.2605271331457999, 3.995356370322069139, 161.8755000000000166 ) ) ;
#3263 = CARTESIAN_POINT ( 'NONE',  ( -112.1908954667827913, 1.123591639439394774, 322.5396944125366758 ) ) ;
#3264 = CARTESIAN_POINT ( 'NONE',  ( -39.54496814677460037, 1.770038402528580024, 267.7672020492669844 ) ) ;
#3265 = CARTESIAN_POINT ( 'NONE',  ( -103.2656283869859948, 0.6449988909727569775, 267.6568465744700234 ) ) ;
#3266 = CARTESIAN_POINT ( 'NONE',  ( -43.56492543940670004, 2.826071029900199871, 140.1376659614380173 ) ) ;
#3267 = ORIENTED_EDGE ( 'NONE', *, *, #6679, .T. ) ;
#3268 = EDGE_CURVE ( 'NONE', #5174, #7098, #3444, .T. ) ;
#3269 = DIRECTION ( 'NONE',  ( -0.9988390925805179510, 0.04817122723086519898, 0.0000000000000000000 ) ) ;
#3270 = CARTESIAN_POINT ( 'NONE',  ( -113.6489233434313775, 5.424253372316022670, 281.0405161246836201 ) ) ;
#3271 = EDGE_CURVE ( 'NONE', #1236, #1259, #2187, .T. ) ;
#3272 = CARTESIAN_POINT ( 'NONE',  ( -103.8283323892109848, 5.092869110927313869, 149.1705927090359864 ) ) ;
#3273 = CARTESIAN_POINT ( 'NONE',  ( -106.0928674035679933, 7.351874933454479510, 274.3154313336160044 ) ) ;
#3274 = ADVANCED_FACE ( 'NONE', ( #4619 ), #3294, .T. ) ;
#3275 = DIRECTION ( 'NONE',  ( 0.1214093666953637296, 0.0000000000000000000, -0.9926025214952008957 ) ) ;
#3276 = CARTESIAN_POINT ( 'NONE',  ( -63.78433678821919273, 0.0000000000000000000, 150.5233103615449863 ) ) ;
#3277 = LINE ( 'NONE', #3939, #1118 ) ;
#3278 = CARTESIAN_POINT ( 'NONE',  ( -30.79605151840990018, 2.663698434345749710, 150.8121822503229907 ) ) ;
#3279 = ORIENTED_EDGE ( 'NONE', *, *, #5077, .F. ) ;
#3280 = EDGE_LOOP ( 'NONE', ( #4901, #3053, #4318, #4219 ) ) ;
#3281 = CARTESIAN_POINT ( 'NONE',  ( -41.27118160836990057, 6.519561894309430450, 266.6544379066510260 ) ) ;
#3282 = CARTESIAN_POINT ( 'NONE',  ( -113.6091198470434875, 6.324242132880095291, 276.1541280039783146 ) ) ;
#3283 = AXIS2_PLACEMENT_3D ( 'NONE', #7472, #3332, #2702 ) ;
#3284 = CARTESIAN_POINT ( 'NONE',  ( -43.86556061474559698, 0.0000000000000000000, 141.8771802765720054 ) ) ;
#3285 = CARTESIAN_POINT ( 'NONE',  ( -104.6341776504547738, 6.187577476177990476, 311.9441455779906391 ) ) ;
#3286 = DIRECTION ( 'NONE',  ( 0.0000000000000000000, 1.000000000000000000, 0.0000000000000000000 ) ) ;
#3287 = CARTESIAN_POINT ( 'NONE',  ( -106.1145662214340177, 5.427879736815161671, 276.7297938984370376 ) ) ;
#3288 = ORIENTED_EDGE ( 'NONE', *, *, #1969, .T. ) ;
#3289 = AXIS2_PLACEMENT_3D ( 'NONE', #7038, #5863, #3588 ) ;
#3290 = CARTESIAN_POINT ( 'NONE',  ( -84.31737550924090385, 3.344290302343409849, 139.2500581100849786 ) ) ;
#3291 = ORIENTED_EDGE ( 'NONE', *, *, #5229, .F. ) ;
#3292 = CARTESIAN_POINT ( 'NONE',  ( -40.99345918578509895, 0.5840907031972210062, 290.5908290893830213 ) ) ;
#3293 = CARTESIAN_POINT ( 'NONE',  ( -1.625896048388349848E-15, 7.841243758124890747E-17, 283.1544379066509691 ) ) ;
#3294 = TOROIDAL_SURFACE ( 'NONE', #2414, 110.7820467919760006, 4.000000000000000000 ) ;
#3295 = CARTESIAN_POINT ( 'NONE',  ( -105.1224905826639286, 6.192057192158262779, 275.9247652972851483 ) ) ;
#3296 = VERTEX_POINT ( 'NONE', #971 ) ;
#3297 = CARTESIAN_POINT ( 'NONE',  ( -30.33792795644279749, 0.0000000000000000000, 154.0856433058779942 ) ) ;
#3298 = DIRECTION ( 'NONE',  ( 0.0000000000000000000, 0.0000000000000000000, -1.000000000000000000 ) ) ;
#3299 = FACE_OUTER_BOUND ( 'NONE', #4465, .T. ) ;
#3300 = ORIENTED_EDGE ( 'NONE', *, *, #1931, .T. ) ;
#3301 = LINE ( 'NONE', #2038, #2210 ) ;
#3302 =( BOUNDED_SURFACE ( )  B_SPLINE_SURFACE ( 3, 2, ( 
 ( #4851, #662, #3141 ),
 ( #7282, #6737, #6619 ),
 ( #2468, #3064, #1246 ),
 ( #73, #699, #7241 ),
 ( #772, #3103, #1874 ),
 ( #4274, #5359, #2383 ),
 ( #4771, #1793, #5000 ),
 ( #6219, #2657, #5554 ),
 ( #4461, #3908, #2581 ),
 ( #2695, #5039, #6846 ),
 ( #931, #3327, #7432 ),
 ( #2143, #1479, #1988 ),
 ( #6773, #4384, #5670 ),
 ( #6342, #890, #2736 ),
 ( #262, #2063, #6302 ),
 ( #7393, #2104, #3212 ) ),
 .UNSPECIFIED., .F., .F., .F. ) 
 B_SPLINE_SURFACE_WITH_KNOTS ( ( 4, 2, 2, 2, 2, 2, 2, 4 ),
 ( 3, 3 ),
 ( 3.172581785235199625, 3.365057684628890211, 3.557533584022569695, 3.750009483416260281, 3.942485382809949979, 4.134961282203629906, 4.327437181597320048, 4.712388980384689674 ),
 ( 0.0000000000000000000, 1.000000000000000000 ),
 .UNSPECIFIED. ) 
 GEOMETRIC_REPRESENTATION_ITEM ( )  RATIONAL_B_SPLINE_SURFACE ( (
 ( 1.000000000000000000, 0.7074461177046060811, 1.000000000000000000),
 ( 1.000000000000000000, 0.7088198047430880333, 1.000000000000000000),
 ( 1.000000000000000000, 0.7146904362205460659, 1.000000000000000000),
 ( 1.000000000000000000, 0.7338335800435680234, 1.000000000000000000),
 ( 1.000000000000000000, 0.7470991864448359721, 1.000000000000000000),
 ( 1.000000000000000000, 0.7781922998882190301, 1.000000000000000000),
 ( 1.000000000000000000, 0.7959875963184870340, 1.000000000000000000),
 ( 1.000000000000000000, 0.8329330503416829679, 1.000000000000000000),
 ( 1.000000000000000000, 0.8520688501907639489, 1.000000000000000000),
 ( 1.000000000000000000, 0.8889033414129150490, 1.000000000000000000),
 ( 1.000000000000000000, 0.9065988849333780353, 1.000000000000000000),
 ( 1.000000000000000000, 0.9384081103303160143, 1.000000000000000000),
 ( 1.000000000000000000, 0.9525225598780610037, 1.000000000000000000),
 ( 1.000000000000000000, 0.9872636456855139464, 1.000000000000000000),
 ( 1.000000000000000000, 1.000146308573639953, 1.000000000000000000),
 ( 1.000000000000000000, 1.000000000000000000, 1.000000000000000000) ) ) 
 REPRESENTATION_ITEM ( '' )  SURFACE ( )  );
#3303 = DIRECTION ( 'NONE',  ( 3.506950558086310039E-15, -1.961123667350909712E-16, 1.000000000000000000 ) ) ;
#3304 = CARTESIAN_POINT ( 'NONE',  ( -112.7358316877929951, 0.05595241092712800041, 320.4166997938569921 ) ) ;
#3305 = CARTESIAN_POINT ( 'NONE',  ( -1.511831567794544418, 0.04493414390448183943, 318.3599004546182982 ) ) ;
#3306 = CARTESIAN_POINT ( 'NONE',  ( -104.0453932097600074, 0.6457615761795609810, 268.1431040493060323 ) ) ;
#3307 = CARTESIAN_POINT ( 'NONE',  ( -44.68471422319600350, 2.840310493255550295, 145.1766637134880114 ) ) ;
#3308 = ORIENTED_EDGE ( 'NONE', *, *, #7384, .T. ) ;
#3309 = CARTESIAN_POINT ( 'NONE',  ( -104.0542648642190073, 0.6457702535133379440, 290.1550550572899851 ) ) ;
#3310 = CARTESIAN_POINT ( 'NONE',  ( 0.0000000000000000000, 2.000000000000000000, 319.7500000000000000 ) ) ;
#3311 = EDGE_CURVE ( 'NONE', #3189, #7328, #2502, .T. ) ;
#3312 = CARTESIAN_POINT ( 'NONE',  ( -107.2605271331830750, 3.995356370322069139, 323.1499999999805368 ) ) ;
#3313 = CARTESIAN_POINT ( 'NONE',  ( -92.03095002243389899, 0.0000000000000000000, 139.7829498457860211 ) ) ;
#3314 = CARTESIAN_POINT ( 'NONE',  ( -73.71553272839770443, 3.209475126680260360, 149.4709306203889980 ) ) ;
#3315 = CARTESIAN_POINT ( 'NONE',  ( -100.2130641889379916, 8.546828554825680158, 292.6544379066509691 ) ) ;
#3316 = CC_DESIGN_DATE_AND_TIME_ASSIGNMENT ( #2828, #5248, ( #5170 ) ) ;
#3317 = CARTESIAN_POINT ( 'NONE',  ( -31.37757027197970316, 2.671093515983909761, 157.9941252755670007 ) ) ;
#3318 = CARTESIAN_POINT ( 'NONE',  ( -24.22090169989660069, 2.580087202079299757, 154.5137650996339858 ) ) ;
#3319 = ORIENTED_EDGE ( 'NONE', *, *, #5318, .T. ) ;
#3320 = VERTEX_POINT ( 'NONE', #7589 ) ;
#3321 = FACE_BOUND ( 'NONE', #1717, .T. ) ;
#3322 = CARTESIAN_POINT ( 'NONE',  ( -1.637909052153829981, 3.995356370322069139, 163.8962259421620047 ) ) ;
#3323 = CARTESIAN_POINT ( 'NONE',  ( -44.50992451164469799, 0.0000000000000000000, 144.0852278808000051 ) ) ;
#3324 = CARTESIAN_POINT ( 'NONE',  ( -105.0162246736009308, 7.155510844185910990, 312.1414750281627448 ) ) ;
#3325 = EDGE_CURVE ( 'NONE', #482, #5366, #2228, .T. ) ;
#3326 = CARTESIAN_POINT ( 'NONE',  ( -105.1655796671650052, 9.996685632211731232, 149.1705927090369812 ) ) ;
#3327 = CARTESIAN_POINT ( 'NONE',  ( -11.63811324047330231, 2.971481520410359067, 312.1606977076640419 ) ) ;
#3328 = ORIENTED_EDGE ( 'NONE', *, *, #4165, .T. ) ;
#3329 = LINE ( 'NONE', #7079, #2288 ) ;
#3330 = ORIENTED_EDGE ( 'NONE', *, *, #5308, .F. ) ;
#3331 = CARTESIAN_POINT ( 'NONE',  ( -105.1347727374520105, 5.600209807801820538, 283.1716764864249853 ) ) ;
#3332 = DIRECTION ( 'NONE',  ( -1.274904724078512891E-31, -7.841243758124779813E-17, 1.000000000000000000 ) ) ;
#3333 = CARTESIAN_POINT ( 'NONE',  ( -105.2007761473990541, 8.065269550453654901, 283.1369212441778700 ) ) ;
#3334 = CARTESIAN_POINT ( 'NONE',  ( -30.04821277513969946, 0.0000000000000000000, 160.0459150018079981 ) ) ;
#3335 = B_SPLINE_CURVE_WITH_KNOTS ( 'NONE', 3,
 ( #7236, #1321, #6612, #3714, #26, #1200, #7157, #1752, #4148, #4188 ),
 .UNSPECIFIED., .F., .F.,
 ( 4, 2, 2, 2, 4 ),
 ( 0.0000000000000000000, 0.2500000000000000000, 0.5000000000000000000, 0.7500000000000000000, 1.000000000000000000 ),
 .UNSPECIFIED. ) ;
#3336 = CARTESIAN_POINT ( 'NONE',  ( -0.05187826196610650226, 0.05187826196610650226, 320.5299626906551680 ) ) ;
#3337 = AXIS2_PLACEMENT_3D ( 'NONE', #1489, #3880, #6270 ) ;
#3338 = VERTEX_POINT ( 'NONE', #5354 ) ;
#3339 = CARTESIAN_POINT ( 'NONE',  ( -41.08290164269657652, 0.5841781865469423130, 291.6537442175123260 ) ) ;
#3340 = DIRECTION ( 'NONE',  ( 3.506950558086305306E-15, -1.961123667350934610E-16, 1.000000000000000000 ) ) ;
#3341 = CARTESIAN_POINT ( 'NONE',  ( -111.9845396956946786, 1.526825760198036619, 322.8938355178625557 ) ) ;
#3342 = CARTESIAN_POINT ( 'NONE',  ( -106.1144013080374719, 5.446354083221491393, 281.6030975312980900 ) ) ;
#3343 = CARTESIAN_POINT ( 'NONE',  ( -104.1123725728279936, 0.6458270884569540238, 268.2774289176119851 ) ) ;
#3344 = CARTESIAN_POINT ( 'NONE',  ( -44.67433519920739826, 2.840178516207279902, 145.0486500377969890 ) ) ;
#3345 = VERTEX_POINT ( 'NONE', #2377 ) ;
#3346 = CARTESIAN_POINT ( 'NONE',  ( -105.9590161994470066, 3.995356370322069139, 323.7500000000000000 ) ) ;
#3347 = CARTESIAN_POINT ( 'NONE',  ( -113.6184855516535919, 6.133269539768621215, 281.9729783806973273 ) ) ;
#3348 = CARTESIAN_POINT ( 'NONE',  ( -58.21894507059620594, 13.00321644496600015, 149.1705927090359864 ) ) ;
#3349 = CARTESIAN_POINT ( 'NONE',  ( -103.6798749058957299, 3.839018817709063391, 291.5870690672608703 ) ) ;
#3350 = EDGE_LOOP ( 'NONE', ( #2186, #1633, #4595, #4859 ) ) ;
#3351 = CARTESIAN_POINT ( 'NONE',  ( -89.81753168730429593, 0.0000000000000000000, 138.0086490260990217 ) ) ;
#3352 = CARTESIAN_POINT ( 'NONE',  ( -77.82938917160250014, 3.261787326904309836, 149.1705927090359864 ) ) ;
#3353 = EDGE_CURVE ( 'NONE', #7174, #1840, #7254, .T. ) ;
#3354 = CARTESIAN_POINT ( 'NONE',  ( -31.11702326100829907, 2.667779911329210218, 159.1901406056759924 ) ) ;
#3355 = CARTESIAN_POINT ( 'NONE',  ( -105.1842404588560385, 4.618943178514111736, 290.8260107819049267 ) ) ;
#3356 = VECTOR ( 'NONE', #3087, 1000.000000000000000 ) ;
#3357 = CARTESIAN_POINT ( 'NONE',  ( -38.48258938979120103, 2.761442568770130279, 290.6209080301559879 ) ) ;
#3358 = VERTEX_POINT ( 'NONE', #2340 ) ;
#3359 = CARTESIAN_POINT ( 'NONE',  ( -104.9810888016670987, 7.041291720606043469, 267.6460989983756917 ) ) ;
#3360 = CARTESIAN_POINT ( 'NONE',  ( 147.2076797697399968, 0.3998708984888410534, 266.6544379066510260 ) ) ;
#3361 = CARTESIAN_POINT ( 'NONE',  ( -43.13788464709990222, 0.0000000000000000000, 148.4277723740379997 ) ) ;
#3362 = CARTESIAN_POINT ( 'NONE',  ( -104.0328056369643264, 5.318407797790279723, 311.6381305021758976 ) ) ;
#3363 = CARTESIAN_POINT ( 'NONE',  ( -11.58310359694718450, 6.200564553869909901, 314.6005617618794759 ) ) ;
#3364 = EDGE_CURVE ( 'NONE', #1236, #4249, #3057, .T. ) ;
#3365 = LINE ( 'NONE', #969, #7476 ) ;
#3366 = ORIENTED_EDGE ( 'NONE', *, *, #4946, .T. ) ;
#3367 = CARTESIAN_POINT ( 'NONE',  ( -113.0425008268920095, 12.95172494201169933, 283.1544379066509691 ) ) ;
#3368 = VERTEX_POINT ( 'NONE', #610 ) ;
#3369 = EDGE_CURVE ( 'NONE', #6268, #3204, #1122, .T. ) ;
#3370 = CARTESIAN_POINT ( 'NONE',  ( -114.7639975833969999, 2.035466637765300124, 323.7500000000000000 ) ) ;
#3371 = CARTESIAN_POINT ( 'NONE',  ( -70.76054758241791376, 0.0000000000000000000, 153.9491745369610101 ) ) ;
#3372 = ADVANCED_FACE ( 'NONE', ( #4727 ), #7741, .F. ) ;
#3373 = DIRECTION ( 'NONE',  ( 0.04817122723086530306, 0.9988390925805179510, 0.0000000000000000000 ) ) ;
#3374 = CARTESIAN_POINT ( 'NONE',  ( -30.87227448654889983, 0.0000000000000000000, 155.8881658834700090 ) ) ;
#3375 = CARTESIAN_POINT ( 'NONE',  ( -2.953008451691570002, 3.476504225844360363, 323.6458907021699929 ) ) ;
#3376 = VERTEX_POINT ( 'NONE', #4766 ) ;
#3377 = PLANE ( 'NONE',  #6426 ) ;
#3378 = DIRECTION ( 'NONE',  ( -4.960310595328050396E-15, 2.392219633754020149E-16, -1.000000000000000000 ) ) ;
#3379 = CARTESIAN_POINT ( 'NONE',  ( -106.0803089272530144, 7.622704783430918951, 283.0306387371390429 ) ) ;
#3380 = CARTESIAN_POINT ( 'NONE',  ( -39.39520575780739620, 1.767725039532110021, 268.1278849692759536 ) ) ;
#3381 = CARTESIAN_POINT ( 'NONE',  ( -37.44383207444760586, 0.0000000000000000000, 149.1705927090359864 ) ) ;
#3382 = CARTESIAN_POINT ( 'NONE',  ( -44.16810791581690410, 2.833741190450839831, 142.8633550138339956 ) ) ;
#3383 = ORIENTED_EDGE ( 'NONE', *, *, #2991, .F. ) ;
#3384 = CARTESIAN_POINT ( 'NONE',  ( -2.939419985849972328, 3.995356370322069584, 157.4755000000002951 ) ) ;
#3385 = CARTESIAN_POINT ( 'NONE',  ( -113.6546829362129216, 5.263491406442167175, 280.6527411543496555 ) ) ;
#3386 = AXIS2_PLACEMENT_3D ( 'NONE', #1763, #1651, #2316 ) ;
#3387 = ORIENTED_EDGE ( 'NONE', *, *, #5408, .F. ) ;
#3388 = CARTESIAN_POINT ( 'NONE',  ( -50.94984562641779746, 0.0000000000000000000, 142.9009312791280024 ) ) ;
#3389 = CARTESIAN_POINT ( 'NONE',  ( -103.1711405694369859, 3.326695977282430050, 291.6544379066509691 ) ) ;
#3390 = ORIENTED_EDGE ( 'NONE', *, *, #6388, .T. ) ;
#3391 = CARTESIAN_POINT ( 'NONE',  ( -103.7954101368599993, 0.6455170686228340893, 267.8587947971830090 ) ) ;
#3392 = CARTESIAN_POINT ( 'NONE',  ( -62.44054221136629224, 0.0000000000000000000, 149.8159981027159802 ) ) ;
#3393 = CARTESIAN_POINT ( 'NONE',  ( -39.83520673805909951, 1.774519327651089995, 290.9759100153139570 ) ) ;
#3394 = CARTESIAN_POINT ( 'NONE',  ( -106.1673247439359926, 10.03476751318160076, 275.1544379066509691 ) ) ;
#3395 = CARTESIAN_POINT ( 'NONE',  ( -104.3596987917360082, 0.6460689973542625975, 291.6544379066509123 ) ) ;
#3396 = LINE ( 'NONE', #2178, #4722 ) ;
#3397 = ORIENTED_EDGE ( 'NONE', *, *, #5427, .T. ) ;
#3398 = LINE ( 'NONE', #5033, #4828 ) ;
#3399 = CARTESIAN_POINT ( 'NONE',  ( -113.6159000238659900, 6.187134363775528278, 276.2825201434557130 ) ) ;
#3400 = CARTESIAN_POINT ( 'NONE',  ( -44.65786971288719798, 0.0000000000000000000, 146.0891761601560006 ) ) ;
#3401 = CARTESIAN_POINT ( 'NONE',  ( -62.44054221136629224, -0.001000001298026020023, 149.8159981027159802 ) ) ;
#3402 = PLANE ( 'NONE',  #4821 ) ;
#3403 = CARTESIAN_POINT ( 'NONE',  ( -1.911673854980033394, 0.001434501817142951096, 319.8282120913297604 ) ) ;
#3404 = ORIENTED_EDGE ( 'NONE', *, *, #285, .F. ) ;
#3405 = LINE ( 'NONE', #2778, #3050 ) ;
#3406 = EDGE_CURVE ( 'NONE', #4304, #2108, #4285, .T. ) ;
#3407 = ORIENTED_EDGE ( 'NONE', *, *, #1384, .T. ) ;
#3408 = CARTESIAN_POINT ( 'NONE',  ( -40.19048684430472207, 1.780251570892264379, 291.2910612161805943 ) ) ;
#3409 = CARTESIAN_POINT ( 'NONE',  ( -70.70689488330670258, 0.0000000000000000000, 151.9920434417899742 ) ) ;
#3410 = CARTESIAN_POINT ( 'NONE',  ( -30.82733901654160036, 0.0000000000000000000, 155.7508283931940127 ) ) ;
#3411 = CIRCLE ( 'NONE', #7162, 1.000000000000008216 ) ;
#3412 = CARTESIAN_POINT ( 'NONE',  ( -100.2130641889379916, 8.546828554825690816, 266.6544379066510260 ) ) ;
#3413 = ORIENTED_EDGE ( 'NONE', *, *, #3450, .F. ) ;
#3414 = CARTESIAN_POINT ( 'NONE',  ( -40.38229553450469922, 0.5834929261981000037, 268.3789976803150239 ) ) ;
#3415 = EDGE_CURVE ( 'NONE', #893, #3204, #2720, .T. ) ;
#3416 = APPROVAL_ROLE ( '' ) ;
#3417 = CARTESIAN_POINT ( 'NONE',  ( -104.9735017887119994, 14.13761165742179848, 11.50000000000000000 ) ) ;
#3418 = VECTOR ( 'NONE', #656, 1000.000000000000114 ) ;
#3419 = CARTESIAN_POINT ( 'NONE',  ( -39.34213890066319408, 1.766904805669309964, 268.3913242856970101 ) ) ;
#3420 = CARTESIAN_POINT ( 'NONE',  ( -23.28154900763479773, 0.0000000000000000000, 158.1588867369989941 ) ) ;
#3421 = CARTESIAN_POINT ( 'NONE',  ( -31.89113661583549941, 2.677623837330069811, 149.8159981027159802 ) ) ;
#3422 = EDGE_LOOP ( 'NONE', ( #1015, #2227, #6448, #4542 ) ) ;
#3423 = CARTESIAN_POINT ( 'NONE',  ( -103.3451865201730016, 0.6450767065005829082, 290.6425214742050116 ) ) ;
#3424 = CARTESIAN_POINT ( 'NONE',  ( -80.58951808755610102, 3.296885687093439987, 149.0649380474179964 ) ) ;
#3425 = EDGE_CURVE ( 'NONE', #2016, #5586, #3845, .T. ) ;
#3426 = AXIS2_PLACEMENT_3D ( 'NONE', #472, #2866, #5874 ) ;
#3427 = ORIENTED_EDGE ( 'NONE', *, *, #2348, .F. ) ;
#3428 = CARTESIAN_POINT ( 'NONE',  ( -51.52566068367229946, 2.147941062689359868E-19, 139.5684736838029778 ) ) ;
#3429 = CARTESIAN_POINT ( 'NONE',  ( -41.85154930921390104, 2.804282159977149913, 148.8292523927129878 ) ) ;
#3430 = ORIENTED_EDGE ( 'NONE', *, *, #2448, .F. ) ;
#3431 = CARTESIAN_POINT ( 'NONE',  ( -75.05534619337601043, 13.00321644496600015, 159.6787754808030115 ) ) ;
#3432 = CARTESIAN_POINT ( 'NONE',  ( -50.50533801338980311, 2.914327559327849926, 138.4242338554599883 ) ) ;
#3433 = CARTESIAN_POINT ( 'NONE',  ( -39.99850109019750022, 2.780719320051010079, 292.3501751625050247 ) ) ;
#3434 = CARTESIAN_POINT ( 'NONE',  ( -24.46695703924130072, 2.583215804429400020, 152.3355597987639953 ) ) ;
#3435 = CARTESIAN_POINT ( 'NONE',  ( -102.8303985497780104, 13.78439564410989959, 266.6544379066510260 ) ) ;
#3436 = EDGE_LOOP ( 'NONE', ( #1652, #6919, #2209 ) ) ;
#3437 = DIRECTION ( 'NONE',  ( 0.5004356563159418902, 0.0000000000000000000, 0.8657737313453397476 ) ) ;
#3438 = CARTESIAN_POINT ( 'NONE',  ( -104.9827698735940089, 1.650256053944100021, 290.5408454437659884 ) ) ;
#3439 = DIRECTION ( 'NONE',  ( 1.000000000000000000, 1.372447495514299940E-32, -1.450866736987088006E-15 ) ) ;
#3440 = CARTESIAN_POINT ( 'NONE',  ( -103.8583789621592359, 5.124577926657119420, 311.5497499002007089 ) ) ;
#3441 = CARTESIAN_POINT ( 'NONE',  ( -11.68464633552930998, 5.610049677704276760, 314.4122444514584345 ) ) ;
#3442 = CARTESIAN_POINT ( 'NONE',  ( -100.2130641889379916, 8.546828554825690816, 265.6544379066509691 ) ) ;
#3443 = ORIENTED_EDGE ( 'NONE', *, *, #6626, .F. ) ;
#3444 = LINE ( 'NONE', #7508, #1407 ) ;
#3445 = VERTEX_POINT ( 'NONE', #877 ) ;
#3446 = CARTESIAN_POINT ( 'NONE',  ( -40.42917698425640083, 0.5835387807777860925, 290.0575322318549638 ) ) ;
#3447 = CARTESIAN_POINT ( 'NONE',  ( -71.74791483361269684, 0.0000000000000000000, 158.7885438460039893 ) ) ;
#3448 = CC_DESIGN_APPROVAL ( #6227, ( #942 ) ) ;
#3449 = CARTESIAN_POINT ( 'NONE',  ( -29.87864400624079764, 0.0000000000000000000, 160.1102472168660142 ) ) ;
#3450 = EDGE_CURVE ( 'NONE', #1025, #362, #7414, .T. ) ;
#3451 = CARTESIAN_POINT ( 'NONE',  ( -104.9836745729890026, 6.660103920956339962, 267.9430920765090036 ) ) ;
#3452 = ORIENTED_EDGE ( 'NONE', *, *, #2796, .T. ) ;
#3453 = CARTESIAN_POINT ( 'NONE',  ( -41.26639612799110068, 0.5843576618521070243, 267.6567733552990376 ) ) ;
#3454 = AXIS2_PLACEMENT_3D ( 'NONE', #6791, #7412, #3269 ) ;
#3455 = APPROVAL_STATUS ( 'not_yet_approved' ) ;
#3456 = CARTESIAN_POINT ( 'NONE',  ( -85.60250709639649358, 0.0000000000000000000, 138.2266324626539813 ) ) ;
#3457 = CARTESIAN_POINT ( 'NONE',  ( -103.8959909810005371, 4.114141067277081731, 266.7939017064409768 ) ) ;
#3458 = CARTESIAN_POINT ( 'NONE',  ( -23.38050856090039886, 0.0000000000000000000, 158.8397548657709990 ) ) ;
#3459 = CARTESIAN_POINT ( 'NONE',  ( -35.44839762998390142, 2.722859516125519797, 149.2233184256679976 ) ) ;
#3460 = ORIENTED_EDGE ( 'NONE', *, *, #1822, .F. ) ;
#3461 = DIRECTION ( 'NONE',  ( -0.9968906851151705384, 0.07879696650637028899, 0.0000000000000000000 ) ) ;
#3462 = VECTOR ( 'NONE', #3076, 1000.000000000000000 ) ;
#3463 = ADVANCED_FACE ( 'NONE', ( #3235 ), #5656, .F. ) ;
#3464 = VERTEX_POINT ( 'NONE', #5102 ) ;
#3465 = CARTESIAN_POINT ( 'NONE',  ( -50.55014861576739804, 0.0000000000000000000, 146.5007457458859790 ) ) ;
#3466 = CARTESIAN_POINT ( 'NONE',  ( -106.8430056084798707, 12.65274055593669722, 318.7500000000000000 ) ) ;
#3467 = VECTOR ( 'NONE', #4512, 1000.000000000000000 ) ;
#3468 = EDGE_CURVE ( 'NONE', #7718, #5174, #4457, .T. ) ;
#3469 = CARTESIAN_POINT ( 'NONE',  ( -111.6656410625901401, 3.995356370322069139, 161.8755000000000166 ) ) ;
#3470 = CARTESIAN_POINT ( 'NONE',  ( -50.55671819068550121, 2.914980520727209701, 144.2097813265600053 ) ) ;
#3471 = CARTESIAN_POINT ( 'NONE',  ( -10.11363831238892352, 4.279773368125188604, 311.7087073412168934 ) ) ;
#3472 = CARTESIAN_POINT ( 'NONE',  ( -23.43068803610200135, 2.570038272526780077, 150.3226215380610142 ) ) ;
#3473 = DIRECTION ( 'NONE',  ( 0.8650200284677292961, -0.04171750651340231514, 0.4999999999999930611 ) ) ;
#3474 = ORIENTED_EDGE ( 'NONE', *, *, #7623, .F. ) ;
#3475 = CYLINDRICAL_SURFACE ( 'NONE', #1201, 1.000000000000000444 ) ;
#3476 = CARTESIAN_POINT ( 'NONE',  ( -114.0434928689719811, 13.00000000000000000, 323.7500000000000000 ) ) ;
#3477 = CARTESIAN_POINT ( 'NONE',  ( -44.44301376125449821, 0.0000000000000000000, 143.8106349496790131 ) ) ;
#3478 = CARTESIAN_POINT ( 'NONE',  ( -9.698711540816749022, 0.0000000000000000000, 319.2999807591430113 ) ) ;
#3479 = CIRCLE ( 'NONE', #7727, 2.658173771675309105 ) ;
#3480 = CARTESIAN_POINT ( 'NONE',  ( -13.53177292091997153, 2.554698518296834475, 310.7960627658253543 ) ) ;
#3481 = DIRECTION ( 'NONE',  ( 0.0000000000000000000, 0.0000000000000000000, -1.000000000000000000 ) ) ;
#3482 = EDGE_LOOP ( 'NONE', ( #2972, #335, #4570, #2589, #1022 ) ) ;
#3483 = CARTESIAN_POINT ( 'NONE',  ( -77.89744814321591093, 13.00321644496600015, 149.1705927090359864 ) ) ;
#3484 = LINE ( 'NONE', #4690, #5911 ) ;
#3485 = TOROIDAL_SURFACE ( 'NONE', #1474, 6.000000000000000000, 1.000000000000000000 ) ;
#3486 = CARTESIAN_POINT ( 'NONE',  ( -39.95248918890808909, 1.776367315258001511, 291.0928729889812985 ) ) ;
#3487 = CARTESIAN_POINT ( 'NONE',  ( -71.82981834850829728, 0.0000000000000000000, 157.9828251785619955 ) ) ;
#3488 = CARTESIAN_POINT ( 'NONE',  ( -28.25974124693320277, 0.0000000000000000000, 160.4802146902100048 ) ) ;
#3489 = CARTESIAN_POINT ( 'NONE',  ( -105.0376750507709858, 7.225358438504722258, 268.1580527092959869 ) ) ;
#3490 = VERTEX_POINT ( 'NONE', #1028 ) ;
#3491 = CARTESIAN_POINT ( 'NONE',  ( -74.44149307944360316, 3.995356370322069139, 197.7976943920669726 ) ) ;
#3492 =( NAMED_UNIT ( * ) PLANE_ANGLE_UNIT ( ) SI_UNIT ( $, .RADIAN. ) );
#3493 = CARTESIAN_POINT ( 'NONE',  ( -105.0282425151979879, 13.09932242070889963, 372.3987999999999943 ) ) ;
#3494 = FACE_OUTER_BOUND ( 'NONE', #6494, .T. ) ;
#3495 = CARTESIAN_POINT ( 'NONE',  ( -43.94584391655750011, 2.830914820134370125, 138.9915258092779879 ) ) ;
#3496 = ORIENTED_EDGE ( 'NONE', *, *, #2065, .T. ) ;
#3497 = CARTESIAN_POINT ( 'NONE',  ( -114.4941320153359925, 8.128875294912612404, 283.0570860097747072 ) ) ;
#3498 = CARTESIAN_POINT ( 'NONE',  ( -80.87270996853250438, 3.300486968024490153, 149.0356252432459883 ) ) ;
#3499 = VERTEX_POINT ( 'NONE', #4710 ) ;
#3500 = CARTESIAN_POINT ( 'NONE',  ( -51.30613708001389739, 0.0000000000000000000, 141.8197503301419999 ) ) ;
#3501 = CARTESIAN_POINT ( 'NONE',  ( -38.32945050852320179, 2.759495212519210039, 11.49999999999980105 ) ) ;
#3502 = EDGE_CURVE ( 'NONE', #1707, #1402, #2963, .T. ) ;
#3503 = CARTESIAN_POINT ( 'NONE',  ( -103.6293336009820081, 0.6453546297522669839, 267.7556250536590028 ) ) ;
#3504 = EDGE_CURVE ( 'NONE', #2924, #6731, #7063, .T. ) ;
#3505 = CARTESIAN_POINT ( 'NONE',  ( -51.28372473337480386, 2.924225244888769559, 139.0716454305230059 ) ) ;
#3506 = CARTESIAN_POINT ( 'NONE',  ( -90.74879558004201385, 3.426074062052099745, 138.3082637826350094 ) ) ;
#3507 = LINE ( 'NONE', #13, #5505 ) ;
#3508 = DIRECTION ( 'NONE',  ( -1.000000000000000000, 0.0000000000000000000, 0.0000000000000000000 ) ) ;
#3509 = CARTESIAN_POINT ( 'NONE',  ( -103.3511551182140522, 1.645414546673328982, 266.6544379066510828 ) ) ;
#3510 = ORIENTED_EDGE ( 'NONE', *, *, #7189, .F. ) ;
#3511 = CARTESIAN_POINT ( 'NONE',  ( -104.0235116101261923, 5.297163737298920871, 266.1235547610232857 ) ) ;
#3512 = ADVANCED_FACE ( 'NONE', ( #1616 ), #3931, .F. ) ;
#3513 = CARTESIAN_POINT ( 'NONE',  ( -113.6469405976229154, 5.469903773022173787, 277.2203488635491908 ) ) ;
#3514 = CARTESIAN_POINT ( 'NONE',  ( -113.0437204744440010, 1.728895301535872120, 323.1191307837572708 ) ) ;
#3515 = CARTESIAN_POINT ( 'NONE',  ( -105.0865742338720139, 8.591120789383639433, 293.8544379066510146 ) ) ;
#3516 = CARTESIAN_POINT ( 'NONE',  ( -13.43874795768322805, 2.596444625398131478, 310.9810936451001453 ) ) ;
#3517 = DIRECTION ( 'NONE',  ( -0.04817122723086530306, -0.9988390925805179510, 0.0000000000000000000 ) ) ;
#3518 = EDGE_LOOP ( 'NONE', ( #6633, #1111, #7565, #6768 ) ) ;
#3519 = DIRECTION ( 'NONE',  ( 0.0000000000000000000, -1.000000000000000000, -2.220446049250313081E-12 ) ) ;
#3520 = CARTESIAN_POINT ( 'NONE',  ( -105.0528001860115950, 7.043829714535755571, 290.0905996720659914 ) ) ;
#3521 = CARTESIAN_POINT ( 'NONE',  ( -40.39751742399879930, 0.5835078146742150862, 289.9787694017979902 ) ) ;
#3522 = CARTESIAN_POINT ( 'NONE',  ( -70.70989995972328757, 0.0000000000000000000, 153.6784254531420117 ) ) ;
#3523 = CARTESIAN_POINT ( 'NONE',  ( -105.2887561036920090, 6.597681612626510095, 11.50000000000000000 ) ) ;
#3524 = CARTESIAN_POINT ( 'NONE',  ( -104.4176131858429386, 5.824254792376911460, 267.0801555178350100 ) ) ;
#3525 = ORIENTED_EDGE ( 'NONE', *, *, #4284, .T. ) ;
#3526 = DIRECTION ( 'NONE',  ( -1.000000000000000000, 0.0000000000000000000, 1.371950217666840234E-14 ) ) ;
#3527 = CARTESIAN_POINT ( 'NONE',  ( -106.0527801283409843, 12.61463018187579976, 283.1544379066509691 ) ) ;
#3528 = CARTESIAN_POINT ( 'NONE',  ( -85.29625190083649500, 0.0000000000000000000, 138.3673438638729749 ) ) ;
#3529 = CARTESIAN_POINT ( 'NONE',  ( -103.5926106807793161, 3.738562450661509828, 266.7004179712566838 ) ) ;
#3530 = CIRCLE ( 'NONE', #5654, 2.000000000000001776 ) ;
#3531 = CARTESIAN_POINT ( 'NONE',  ( -45.92598312489489842, 2.856094742943020126, 137.9743650166729765 ) ) ;
#3532 = ORIENTED_EDGE ( 'NONE', *, *, #1914, .T. ) ;
#3533 = CARTESIAN_POINT ( 'NONE',  ( -114.6273796200370327, 6.006925889357861870, 281.7983370134452343 ) ) ;
#3534 = CARTESIAN_POINT ( 'NONE',  ( -105.9590161994470066, 3.995356370322069139, 163.8962259421649890 ) ) ;
#3535 = FACE_OUTER_BOUND ( 'NONE', #801, .T. ) ;
#3536 = ORIENTED_EDGE ( 'NONE', *, *, #1440, .T. ) ;
#3537 = AXIS2_PLACEMENT_3D ( 'NONE', #7545, #2061, #260 ) ;
#3538 = CARTESIAN_POINT ( 'NONE',  ( -50.92414743366089880, 0.0000000000000000000, 138.6938655852620172 ) ) ;
#3539 = FACE_OUTER_BOUND ( 'NONE', #2130, .T. ) ;
#3540 = CARTESIAN_POINT ( 'NONE',  ( -103.7084091612079959, 1.646476583837930052, 266.7063964817249939 ) ) ;
#3541 = CARTESIAN_POINT ( 'NONE',  ( -50.40674231916489845, 2.913073386180609958, 145.9488637456850029 ) ) ;
#3542 = CARTESIAN_POINT ( 'NONE',  ( -91.95728941259389444, 3.441441602937450384, 141.0399305231009919 ) ) ;
#3543 = CARTESIAN_POINT ( 'NONE',  ( -9.110998630566919942, 4.236915029627160045, 312.2490000000000236 ) ) ;
#3544 = LINE ( 'NONE', #1774, #101 ) ;
#3545 = EDGE_CURVE ( 'NONE', #655, #7569, #4415, .T. ) ;
#3546 = CARTESIAN_POINT ( 'NONE',  ( -39.06906706644269889, 2.768900380660869853, 291.6366460730949939 ) ) ;
#3547 = ORIENTED_EDGE ( 'NONE', *, *, #7, .T. ) ;
#3548 = CARTESIAN_POINT ( 'NONE',  ( -102.2394534927465060, 5.522401105375985608, 313.7245381034432512 ) ) ;
#3549 =( BOUNDED_CURVE ( )  B_SPLINE_CURVE ( 3, ( #5732, #2089, #3312, #5060 ),
 .UNSPECIFIED., .F., .F. ) 
 B_SPLINE_CURVE_WITH_KNOTS ( ( 4, 4 ),
 ( 3.141592653598493268, 6.283185307179586232 ),
 .UNSPECIFIED. ) 
 CURVE ( )  GEOMETRIC_REPRESENTATION_ITEM ( )  RATIONAL_B_SPLINE_CURVE ( ( 1.000000000000000000, 0.3333333333362334394, 0.3333333333362334394, 1.000000000000000000 ) ) 
 REPRESENTATION_ITEM ( '' )  );
#3550 = CARTESIAN_POINT ( 'NONE',  ( -41.34196608152250008, 1.797722342852039912, 291.6544379066509691 ) ) ;
#3551 = CARTESIAN_POINT ( 'NONE',  ( -2.000000000000000000, 0.0000000000000000000, 317.5190985932529770 ) ) ;
#3552 = CARTESIAN_POINT ( 'NONE',  ( -13.14376027184518669, 2.781159319043268852, 311.5661865643834290 ) ) ;
#3553 = CARTESIAN_POINT ( 'NONE',  ( -8.646044848997970433, 3.995356370322069139, 159.8547740578360106 ) ) ;
#3554 = ORIENTED_EDGE ( 'NONE', *, *, #1194, .F. ) ;
#3555 = ADVANCED_FACE ( 'NONE', ( #3539 ), #4636, .T. ) ;
#3556 = CARTESIAN_POINT ( 'NONE',  ( -40.34220397797280100, 1.580791420573800066, 291.3907006561339585 ) ) ;
#3557 = CARTESIAN_POINT ( 'NONE',  ( 42.93488886101100377, 0.0000000000000000000, 245.8300315908140021 ) ) ;
#3558 = ORIENTED_EDGE ( 'NONE', *, *, #247, .F. ) ;
#3559 = CARTESIAN_POINT ( 'NONE',  ( -114.8020988401970044, -0.001000001298026020023, 149.1705927090359864 ) ) ;
#3560 = CARTESIAN_POINT ( 'NONE',  ( -69.76868144315629650, 0.0000000000000000000, 160.2862090830749935 ) ) ;
#3561 = EDGE_CURVE ( 'NONE', #6401, #2078, #555, .T. ) ;
#3562 = DIRECTION ( 'NONE',  ( 0.0000000000000000000, 0.0000000000000000000, -1.000000000000000000 ) ) ;
#3563 = CARTESIAN_POINT ( 'NONE',  ( -105.2168818032742195, 8.253136742842190898, 274.1544190317874268 ) ) ;
#3564 = CARTESIAN_POINT ( 'NONE',  ( -104.6488855462140037, 5.515852517318049486, 267.3406150705380355 ) ) ;
#3565 = ORIENTED_EDGE ( 'NONE', *, *, #5745, .T. ) ;
#3566 = CARTESIAN_POINT ( 'NONE',  ( -103.7483122642910018, 8.591783744396790823, 314.7490000063487514 ) ) ;
#3567 = PERSON_AND_ORGANIZATION_ROLE ( 'design_supplier' ) ;
#3568 = CARTESIAN_POINT ( 'NONE',  ( -84.12109426805999135, 0.0000000000000000000, 140.7462098248069822 ) ) ;
#3569 = LINE ( 'NONE', #1917, #4905 ) ;
#3570 = CARTESIAN_POINT ( 'NONE',  ( -39.34343311930970088, 1.577143931192370063, 268.6544379066510260 ) ) ;
#3571 = ORIENTED_EDGE ( 'NONE', *, *, #5280, .T. ) ;
#3572 = CARTESIAN_POINT ( 'NONE',  ( -113.5011647379200070, 8.061369020262240781, 283.0524780153870097 ) ) ;
#3573 = CARTESIAN_POINT ( 'NONE',  ( -82.77869305212790607, 3.324723131201869908, 148.7216678218660206 ) ) ;
#3574 = CARTESIAN_POINT ( 'NONE',  ( -39.34213890066340014, 1.766904805647119936, 289.6544379066509691 ) ) ;
#3575 = ORIENTED_EDGE ( 'NONE', *, *, #6186, .T. ) ;
#3576 = CARTESIAN_POINT ( 'NONE',  ( -114.6766424363859898, 5.021236986502362498, 279.1544379066506849 ) ) ;
#3577 = CARTESIAN_POINT ( 'NONE',  ( -42.32507698336080182, 2.810303791895480074, 148.7216678218660206 ) ) ;
#3578 = CARTESIAN_POINT ( 'NONE',  ( -4.000000000000000000, 4.000000000000000000, 323.7500000000000000 ) ) ;
#3579 = CARTESIAN_POINT ( 'NONE',  ( -51.47806465840589851, 2.926696616524210093, 139.4443981908850105 ) ) ;
#3580 = CARTESIAN_POINT ( 'NONE',  ( -92.05144088142809267, 3.442638858982749905, 139.9468032460100062 ) ) ;
#3581 = CARTESIAN_POINT ( 'NONE',  ( -8.949711076455484360, 8.262268130041757530, 313.7134660940673143 ) ) ;
#3582 = DIRECTION ( 'NONE',  ( 0.05180178253399549820, -0.9969948261728934780, -0.05760114504749701964 ) ) ;
#3583 = CARTESIAN_POINT ( 'NONE',  ( -9.054684967972059795, 6.085615533651800746, 312.2490000000000236 ) ) ;
#3584 = AXIS2_PLACEMENT_3D ( 'NONE', #1412, #1373, #271 ) ;
#3585 = ORIENTED_EDGE ( 'NONE', *, *, #3325, .F. ) ;
#3586 = LINE ( 'NONE', #456, #1329 ) ;
#3587 = CARTESIAN_POINT ( 'NONE',  ( -113.6518258842872200, 5.342125662736844305, 277.4733816070292960 ) ) ;
#3588 = DIRECTION ( 'NONE',  ( -1.488366789426609763E-08, -3.137930963992017711E-07, 0.9999999999999505951 ) ) ;
#3589 = CARTESIAN_POINT ( 'NONE',  ( -12.53376557631072608, 3.433806669422533986, 312.7703382019175820 ) ) ;
#3590 = ORIENTED_EDGE ( 'NONE', *, *, #4509, .F. ) ;
#3591 =( BOUNDED_CURVE ( )  B_SPLINE_CURVE ( 3, ( #1607, #5250, #2790, #2198 ),
 .UNSPECIFIED., .F., .F. ) 
 B_SPLINE_CURVE_WITH_KNOTS ( ( 4, 4 ),
 ( 4.278847193184053488, 4.580595369195025413 ),
 .UNSPECIFIED. ) 
 CURVE ( )  GEOMETRIC_REPRESENTATION_ITEM ( )  RATIONAL_B_SPLINE_CURVE ( ( 1.000000000000000000, 0.9924267187654916000, 0.9924267187654916000, 1.000000000000000000 ) ) 
 REPRESENTATION_ITEM ( '' )  );
#3592 = CARTESIAN_POINT ( 'NONE',  ( -112.8966035137322024, -4.351130804093918325E-15, 164.0480273793594677 ) ) ;
#3593 = CARTESIAN_POINT ( 'NONE',  ( -104.8947609067614337, 6.290867418751382445, 290.5771344608801314 ) ) ;
#3594 = VERTEX_POINT ( 'NONE', #7137 ) ;
#3595 = CARTESIAN_POINT ( 'NONE',  ( -87.69954584265282449, 3.387298961388135687, 137.7853797220895729 ) ) ;
#3596 = ADVANCED_FACE ( 'NONE', ( #7218 ), #4209, .T. ) ;
#3597 = CARTESIAN_POINT ( 'NONE',  ( -20.27275139795879966, 2.529881219290730066, 149.3138890520220059 ) ) ;
#3598 = DIRECTION ( 'NONE',  ( 0.0000000000000000000, 0.0000000000000000000, -1.000000000000000000 ) ) ;
#3599 = EDGE_CURVE ( 'NONE', #2369, #978, #4825, .T. ) ;
#3600 = CARTESIAN_POINT ( 'NONE',  ( -63.45076483100230291, 3.078945568832190283, 150.2981338387220092 ) ) ;
#3601 = CARTESIAN_POINT ( 'NONE',  ( -102.6147880023560361, 4.162652943142417072, 266.6733771230680645 ) ) ;
#3602 = FACE_OUTER_BOUND ( 'NONE', #3749, .T. ) ;
#3603 = CIRCLE ( 'NONE', #7596, 156.3250028394849096 ) ;
#3604 = EDGE_CURVE ( 'NONE', #4343, #954, #5793, .T. ) ;
#3605 = ORIENTED_EDGE ( 'NONE', *, *, #6236, .T. ) ;
#3606 = CARTESIAN_POINT ( 'NONE',  ( -104.1851587346450003, 1.645898758679850138, 289.6544379066509691 ) ) ;
#3607 = CARTESIAN_POINT ( 'NONE',  ( -85.12346493656590951, 0.0000000000000000000, 145.3389997557129902 ) ) ;
#3608 = ADVANCED_FACE ( 'NONE', ( #3078 ), #1301, .T. ) ;
#3609 = CARTESIAN_POINT ( 'NONE',  ( -105.0932437666853190, 7.324441658027478930, 268.5625270509022471 ) ) ;
#3610 = CARTESIAN_POINT ( 'NONE',  ( -41.08031892646970107, 1.583478236168869957, 266.6544379066510260 ) ) ;
#3611 = EDGE_LOOP ( 'NONE', ( #3075, #3615, #6097, #2966 ) ) ;
#3612 = CARTESIAN_POINT ( 'NONE',  ( -105.0928674035610300, 7.351874933421260749, 283.9934444796771231 ) ) ;
#3613 = CARTESIAN_POINT ( 'NONE',  ( -71.76914818157929687, 3.184723567363879848, 158.7238336827020078 ) ) ;
#3614 = CARTESIAN_POINT ( 'NONE',  ( -95.74866076645739099, 3.489654126485419727, 149.0890972011849840 ) ) ;
#3615 = ORIENTED_EDGE ( 'NONE', *, *, #7463, .F. ) ;
#3616 = CARTESIAN_POINT ( 'NONE',  ( -112.7643120787219999, 0.0000000000000000000, 159.6266827933869763 ) ) ;
#3617 = CARTESIAN_POINT ( 'NONE',  ( -102.6056729259610023, 6.966045075210979931, 314.4936305200370157 ) ) ;
#3618 = CARTESIAN_POINT ( 'NONE',  ( -105.1669496608860044, 3.683598237035500489, 280.2390871879729275 ) ) ;
#3619 = CARTESIAN_POINT ( 'NONE',  ( -105.0925363642325010, 7.455584410210844837, 290.0604634797232961 ) ) ;
#3620 = CARTESIAN_POINT ( 'NONE',  ( -2.808093850782356959, 3.404105550873611108, 323.5688431344879064 ) ) ;
#3621 = CARTESIAN_POINT ( 'NONE',  ( -51.15393807122190850, 2.922574916176560400, 147.4688475880089982 ) ) ;
#3622 = CARTESIAN_POINT ( 'NONE',  ( -91.24321563531839274, 3.432362057180789794, 138.5765303363889984 ) ) ;
#3623 = CARTESIAN_POINT ( 'NONE',  ( -103.2336806473350777, 4.555164560101764515, 291.7219763288229615 ) ) ;
#3624 = CARTESIAN_POINT ( 'NONE',  ( -23.64896273010450045, 2.572814080952820159, 159.3467974469289743 ) ) ;
#3625 = CARTESIAN_POINT ( 'NONE',  ( -8.932313916647460772, 8.601221662346500096, -48.64979999999999905 ) ) ;
#3626 = ORIENTED_EDGE ( 'NONE', *, *, #2644, .F. ) ;
#3627 = CARTESIAN_POINT ( 'NONE',  ( -114.4591921242020049, 2.186294648208966684, 321.2821847236024837 ) ) ;
#3628 = CARTESIAN_POINT ( 'NONE',  ( -91.38655828986600227, 0.0000000000000000000, 147.4025891753780115 ) ) ;
#3629 = CARTESIAN_POINT ( 'NONE',  ( -64.46256785107439669, 0.0000000000000000000, 155.2263141571409903 ) ) ;
#3630 = FACE_OUTER_BOUND ( 'NONE', #3870, .T. ) ;
#3631 = ORIENTED_EDGE ( 'NONE', *, *, #5618, .T. ) ;
#3632 = CARTESIAN_POINT ( 'NONE',  ( -95.68771059918229582, 0.0000000000000000000, 149.1705927090359864 ) ) ;
#3633 = CARTESIAN_POINT ( 'NONE',  ( -105.0409042557957804, 6.972825902207678617, 290.1474967914417107 ) ) ;
#3634 = VERTEX_POINT ( 'NONE', #1965 ) ;
#3635 = FACE_OUTER_BOUND ( 'NONE', #4281, .T. ) ;
#3636 = DIRECTION ( 'NONE',  ( 0.1214093666953637296, 0.0000000000000000000, -0.9926025214952008957 ) ) ;
#3637 = CARTESIAN_POINT ( 'NONE',  ( -23.72422324326159782, 0.0000000000000000000, 159.4394076496670039 ) ) ;
#3638 = CARTESIAN_POINT ( 'NONE',  ( -100.2130641889379916, 8.546828554825690816, 284.1544379066509691 ) ) ;
#3639 = CARTESIAN_POINT ( 'NONE',  ( -63.75141011354570963, 3.082768134164580065, 158.4517379758700031 ) ) ;
#3640 = CARTESIAN_POINT ( 'NONE',  ( -103.3840582472900849, 4.671057085215039706, 266.5999406381866947 ) ) ;
#3641 = CARTESIAN_POINT ( 'NONE',  ( -26.40111486757770010, 0.0000000000000000000, 160.4802146902100048 ) ) ;
#3642 = ADVANCED_FACE ( 'NONE', ( #2483 ), #5533, .T. ) ;
#3643 = EDGE_LOOP ( 'NONE', ( #143, #570, #6816, #4813 ) ) ;
#3644 = CARTESIAN_POINT ( 'NONE',  ( -84.52760100501379270, 3.346963610845139936, 147.4831187273479998 ) ) ;
#3645 = CARTESIAN_POINT ( 'NONE',  ( -84.80328414749180865, 0.0000000000000000000, 143.4408063928329966 ) ) ;
#3646 = CARTESIAN_POINT ( 'NONE',  ( -104.9282308507509214, 6.426289060568866063, 267.8078620840189501 ) ) ;
#3647 = CARTESIAN_POINT ( 'NONE',  ( -39.86270721176548903, 1.578657953263275626, 267.2823764237526802 ) ) ;
#3648 = ORIENTED_EDGE ( 'NONE', *, *, #2634, .F. ) ;
#3649 = EDGE_CURVE ( 'NONE', #4096, #1587, #1890, .T. ) ;
#3650 = CARTESIAN_POINT ( 'NONE',  ( -113.4282625802590019, 8.965680130093529598, 283.1544379066509691 ) ) ;
#3651 = CARTESIAN_POINT ( 'NONE',  ( -71.57063932977030163, 3.182199250635529886, 159.1901406056859969 ) ) ;
#3652 = CARTESIAN_POINT ( 'NONE',  ( -94.90862500465139817, 3.478971600324010094, 149.0092357669090006 ) ) ;
#3653 = ORIENTED_EDGE ( 'NONE', *, *, #4832, .T. ) ;
#3654 = CARTESIAN_POINT ( 'NONE',  ( -88.01085216040799253, 0.0000000000000000000, 145.4587256658940078 ) ) ;
#3656 = B_SPLINE_CURVE_WITH_KNOTS ( 'NONE', 3,
 ( #6181, #3179, #3869, #3828, #225, #808, #2619, #6261, #2024, #3951, #7467, #3287, #6808, #6886, #5631, #1515, #5116, #344, #3248, #4424, #853, #7505, #6926, #1555, #189, #4964, #7357, #2337, #6967, #423 ),
 .UNSPECIFIED., .F., .F.,
 ( 4, 2, 2, 2, 1, 1, 1, 1, 2, 2, 2, 2, 2, 2, 2, 2, 4 ),
 ( 0.0000000000000000000, 0.2500000000020826119, 0.3750000000031390446, 0.4375000000036804448, 0.4687500000039634407, 0.4843750000041168180, 0.4921875000041935344, 0.4960937500042202908, 0.4980468750042336690, 0.5000000000042470472, 0.6250000000032429615, 0.6875000000027520208, 0.7187500000024977798, 0.7343750000023629987, 0.7500000000022282176, 0.8750000000011142198, 1.000000000000000000 ),
 .UNSPECIFIED. ) ;
#3655 = CARTESIAN_POINT ( 'NONE',  ( -100.2766404279229988, 3.547232764980630115, 309.7490000000000236 ) ) ;
#3657 = CARTESIAN_POINT ( 'NONE',  ( -106.1168350587210085, 5.174411100513899520, 281.2516566781930010 ) ) ;
#3658 = CIRCLE ( 'NONE', #2907, 1.000000000000000444 ) ;
#3659 = DIRECTION ( 'NONE',  ( 4.960310595328040141E-15, -2.392219633754020149E-16, 1.000000000000000000 ) ) ;
#3660 = DIRECTION ( 'NONE',  ( 0.0000000000000000000, 0.0000000000000000000, 1.000000000000000000 ) ) ;
#3661 = DIRECTION ( 'NONE',  ( 0.9988390925805179510, -0.04817122723086530306, -4.966075749511360231E-15 ) ) ;
#3662 = EDGE_CURVE ( 'NONE', #7569, #5810, #1849, .T. ) ;
#3663 = CARTESIAN_POINT ( 'NONE',  ( -91.79720346180529589, 3.439405818133480341, 139.1496929154249926 ) ) ;
#3664 = CARTESIAN_POINT ( 'NONE',  ( -106.7180939715333352, 5.706411513147237508E-14, 320.6677045147519607 ) ) ;
#3665 = CARTESIAN_POINT ( 'NONE',  ( -23.28637838993649822, 2.568203358480079856, 158.0424467155960144 ) ) ;
#3666 = VECTOR ( 'NONE', #3598, 1000.000000000000000 ) ;
#3667 = FACE_OUTER_BOUND ( 'NONE', #2936, .T. ) ;
#3668 = CARTESIAN_POINT ( 'NONE',  ( -111.6156528899584828, 3.569434318245904070, 323.6769575793654212 ) ) ;
#3669 = CARTESIAN_POINT ( 'NONE',  ( -91.23591778846980560, 0.0000000000000000000, 143.4361313135719911 ) ) ;
#3670 = VECTOR ( 'NONE', #4748, 1000.000000000000000 ) ;
#3671 = CARTESIAN_POINT ( 'NONE',  ( -64.82740441488009253, 0.0000000000000000000, 159.9085572584000090 ) ) ;
#3672 = DIRECTION ( 'NONE',  ( 0.9988390925805179510, -0.04817122723086530306, -4.966075749511360231E-15 ) ) ;
#3673 = ORIENTED_EDGE ( 'NONE', *, *, #4980, .T. ) ;
#3674 = CARTESIAN_POINT ( 'NONE',  ( -40.93642519121999612, 2.792646221605310064, 265.6738631533240209 ) ) ;
#3675 = ORIENTED_EDGE ( 'NONE', *, *, #1880, .T. ) ;
#3676 = DIRECTION ( 'NONE',  ( -0.9990451006441082304, 0.04369081000626490185, 0.0000000000000000000 ) ) ;
#3677 = CARTESIAN_POINT ( 'NONE',  ( -20.35283798032740066, 2.530899649541559882, 149.3226728225789941 ) ) ;
#3678 = CARTESIAN_POINT ( 'NONE',  ( -24.36878555398989832, 0.0000000000000000000, 153.8749754253770163 ) ) ;
#3679 = CARTESIAN_POINT ( 'NONE',  ( -38.34887501286319633, 2.759742219873809965, 290.0472952087789622 ) ) ;
#3680 = CARTESIAN_POINT ( 'NONE',  ( -64.41297379947590684, 3.091180436128349918, 151.1395987779459915 ) ) ;
#3681 = FACE_OUTER_BOUND ( 'NONE', #3436, .T. ) ;
#3682 = FACE_OUTER_BOUND ( 'NONE', #5442, .T. ) ;
#3683 = ORIENTED_EDGE ( 'NONE', *, *, #2648, .F. ) ;
#3684 = CARTESIAN_POINT ( 'NONE',  ( -52.11230699551100543, 2.934761397901789692, 148.1915934112529953 ) ) ;
#3685 = CARTESIAN_POINT ( 'NONE',  ( -84.13986236075359670, 0.0000000000000000000, 140.8735873146959818 ) ) ;
#3686 = CARTESIAN_POINT ( 'NONE',  ( -104.7368027201807479, 5.767365950866988555, 267.4618380026615228 ) ) ;
#3687 = DIRECTION ( 'NONE',  ( -1.000000000000000000, 0.0000000000000000000, 0.0000000000000000000 ) ) ;
#3688 = EDGE_LOOP ( 'NONE', ( #1090, #3510, #1690, #5771 ) ) ;
#3689 = EDGE_CURVE ( 'NONE', #7058, #1994, #5675, .T. ) ;
#3690 = CARTESIAN_POINT ( 'NONE',  ( -114.6041280737339321, 6.389913999726370974, 274.9031510557699107 ) ) ;
#3691 = CARTESIAN_POINT ( 'NONE',  ( -70.75716799884810371, 3.171854893168509992, 151.8032969473159994 ) ) ;
#3692 = LINE ( 'NONE', #1337, #327 ) ;
#3693 = ORIENTED_EDGE ( 'NONE', *, *, #5569, .F. ) ;
#3694 = CARTESIAN_POINT ( 'NONE',  ( -7.158864168943710027, 7.845252078296373277, 318.7500000000000000 ) ) ;
#3695 = FACE_OUTER_BOUND ( 'NONE', #424, .T. ) ;
#3696 = DIRECTION ( 'NONE',  ( 1.000000000000000000, -4.960310595328050396E-15, 0.0000000000000000000 ) ) ;
#3697 = CARTESIAN_POINT ( 'NONE',  ( -104.8640813716274920, 6.708015082134568985, 291.0166755926622955 ) ) ;
#3698 = CARTESIAN_POINT ( 'NONE',  ( 0.1926849089234610179, 3.995356370322069139, 0.0000000000000000000 ) ) ;
#3699 = CARTESIAN_POINT ( 'NONE',  ( -114.2473849428160975, 0.5451009789339862355, 321.8733392568270801 ) ) ;
#3700 = CARTESIAN_POINT ( 'NONE',  ( -91.65450837439189513, 3.437591355746660415, 147.7494746869680000 ) ) ;
#3701 = CARTESIAN_POINT ( 'NONE',  ( -113.6579185146702571, 5.171946904406704348, 280.4044794254140811 ) ) ;
#3702 = EDGE_CURVE ( 'NONE', #4920, #5086, #4904, .T. ) ;
#3703 = CARTESIAN_POINT ( 'NONE',  ( -2.770906554907969888, 1.541813109819609950, 322.9486673593120258 ) ) ;
#3704 = CARTESIAN_POINT ( 'NONE',  ( -9.134506838025659547, 2.388244256645830177, 312.2490000000000236 ) ) ;
#3705 = CARTESIAN_POINT ( 'NONE',  ( -105.1586545681479663, 7.776169532080136726, 275.2267700273811784 ) ) ;
#3706 = ADVANCED_FACE ( 'NONE', ( #6046 ), #390, .T. ) ;
#3707 = VECTOR ( 'NONE', #4204, 1000.000000000000000 ) ;
#3708 = CARTESIAN_POINT ( 'NONE',  ( -90.96411939371479605, 0.0000000000000000000, 146.4704654779150133 ) ) ;
#3709 = CARTESIAN_POINT ( 'NONE',  ( -63.78405117969800386, 0.0000000000000000000, 157.5333363492240153 ) ) ;
#3710 = CIRCLE ( 'NONE', #3584, 0.9999999999999764633 ) ;
#3711 = ORIENTED_EDGE ( 'NONE', *, *, #5899, .F. ) ;
#3712 = CARTESIAN_POINT ( 'NONE',  ( -39.50154766215249680, 2.774399923196940065, 266.2675057904040159 ) ) ;
#3713 = ORIENTED_EDGE ( 'NONE', *, *, #4499, .T. ) ;
#3714 = CARTESIAN_POINT ( 'NONE',  ( -39.57927120854559178, 1.770626117762259755, 267.6733861920799882 ) ) ;
#3715 = CARTESIAN_POINT ( 'NONE',  ( -19.62120475143739640, 2.521595571653509893, 149.2525703222679851 ) ) ;
#3716 = CARTESIAN_POINT ( 'NONE',  ( -22.76971949867539990, 0.0000000000000000000, 149.8159981027159802 ) ) ;
#3717 = FACE_OUTER_BOUND ( 'NONE', #63, .T. ) ;
#3718 = CARTESIAN_POINT ( 'NONE',  ( -64.94967779804079555, 3.098005364768169567, 152.6353112628460167 ) ) ;
#3719 = CARTESIAN_POINT ( 'NONE',  ( -103.8449891461419412, 5.104282999403785936, 266.0008428307888835 ) ) ;
#3720 = DIRECTION ( 'NONE',  ( -1.000000000000000000, 0.0000000000000000000, 0.0000000000000000000 ) ) ;
#3721 = CARTESIAN_POINT ( 'NONE',  ( -84.55556693501590360, 3.347319258468360204, 147.4423299994309957 ) ) ;
#3722 = CARTESIAN_POINT ( 'NONE',  ( -85.11132407438370251, 0.0000000000000000000, 145.0748466060300075 ) ) ;
#3723 = CARTESIAN_POINT ( 'NONE',  ( -104.8444884831593953, 6.107889490454131654, 267.6337399520447775 ) ) ;
#3724 = CARTESIAN_POINT ( 'NONE',  ( -40.33829918998631570, 0.5834498935286620558, 266.9095380924777601 ) ) ;
#3725 = ORIENTED_EDGE ( 'NONE', *, *, #6951, .T. ) ;
#3726 = CARTESIAN_POINT ( 'NONE',  ( -113.6644701333840004, 4.972422735671640837, 279.6806460840030013 ) ) ;
#3727 = AXIS2_PLACEMENT_3D ( 'NONE', #1349, #1310, #1856 ) ;
#3728 = CARTESIAN_POINT ( 'NONE',  ( -71.66118680390660245, 3.183350764365510344, 159.0262830695830019 ) ) ;
#3729 = DIRECTION ( 'NONE',  ( 0.04817122723086530306, 0.9988390925805179510, 0.0000000000000000000 ) ) ;
#3730 = ORIENTED_EDGE ( 'NONE', *, *, #638, .T. ) ;
#3731 = CARTESIAN_POINT ( 'NONE',  ( -101.9946824954150060, 3.836031390336581026, 311.4705753235691077 ) ) ;
#3732 = CARTESIAN_POINT ( 'NONE',  ( -60.24899643445049691, 3.038230152993210087, 149.4891703114959967 ) ) ;
#3733 = VECTOR ( 'NONE', #3517, 1000.000000000000000 ) ;
#3734 = DIRECTION ( 'NONE',  ( 1.000000000000000000, 1.946545609339057878E-32, -4.878726723271822788E-15 ) ) ;
#3735 = CARTESIAN_POINT ( 'NONE',  ( -3.274595739725033816, 3.637319478677947693, 323.6836762790153443 ) ) ;
#3736 = CARTESIAN_POINT ( 'NONE',  ( -113.5126878880760017, 2.651548150180329966, 322.6547781396009782 ) ) ;
#3737 = CARTESIAN_POINT ( 'NONE',  ( -104.1837282322679954, 0.6458968811743339700, 289.7339347336680362 ) ) ;
#3738 = CARTESIAN_POINT ( 'NONE',  ( -104.3386002310730305, 5.715621305598672208, 291.8803678436249243 ) ) ;
#3739 = CARTESIAN_POINT ( 'NONE',  ( -8.646044848997910037, 3.995356370322069139, 163.8962259421609815 ) ) ;
#3740 = EDGE_CURVE ( 'NONE', #3992, #2988, #1928, .T. ) ;
#3741 = CARTESIAN_POINT ( 'NONE',  ( -113.5126789911175962, 2.651530674782859531, 322.6547870319922140 ) ) ;
#3742 = EDGE_CURVE ( 'NONE', #2630, #978, #1283, .T. ) ;
#3743 = CARTESIAN_POINT ( 'NONE',  ( -103.3176852449989980, 0.6450498076008999160, 290.6544378921179828 ) ) ;
#3744 = CARTESIAN_POINT ( 'NONE',  ( -64.02650286938599322, 0.0000000000000000000, 159.2203944412579801 ) ) ;
#3745 = CARTESIAN_POINT ( 'NONE',  ( -109.6557690067969872, 0.0000000000000000000, 157.8340481156700150 ) ) ;
#3746 = EDGE_LOOP ( 'NONE', ( #7404, #1292, #4206, #1036 ) ) ;
#3747 = EDGE_CURVE ( 'NONE', #6031, #4696, #3591, .T. ) ;
#3748 = CARTESIAN_POINT ( 'NONE',  ( -38.38849181838239844, 2.760245998099370102, 268.0527394427039667 ) ) ;
#3749 = EDGE_LOOP ( 'NONE', ( #932, #7314, #25, #1134 ) ) ;
#3750 = DIRECTION ( 'NONE',  ( 3.965082230804120359E-15, -1.652117596168379867E-16, 1.000000000000000000 ) ) ;
#3751 = DIRECTION ( 'NONE',  ( -3.506950558086310039E-15, 1.961123667350899851E-16, -1.000000000000000000 ) ) ;
#3752 = CARTESIAN_POINT ( 'NONE',  ( -23.99807391188049976, 0.0000000000000000000, 155.2491334901639846 ) ) ;
#3753 = AXIS2_PLACEMENT_3D ( 'NONE', #4047, #6512, #3461 ) ;
#3754 = CARTESIAN_POINT ( 'NONE',  ( -64.34914145703839949, 3.090368426789900091, 155.5650020612619926 ) ) ;
#3755 = CARTESIAN_POINT ( 'NONE',  ( -88.01085216040799253, -0.001000001298026020023, 145.4587256658940078 ) ) ;
#3756 = CARTESIAN_POINT ( 'NONE',  ( -105.0012955040200069, 13.62303811808742360, 313.7134660940667459 ) ) ;
#3757 = PRODUCT ( 'left', 'left', '', ( #1017 ) ) ;
#3758 = CARTESIAN_POINT ( 'NONE',  ( -84.09591633852230075, 3.341474210165510161, 140.4319472888599876 ) ) ;
#3759 = CARTESIAN_POINT ( 'NONE',  ( -40.60821494791670005, 0.5837138971748770944, 290.3324925750370085 ) ) ;
#3760 = LINE ( 'NONE', #5005, #3774 ) ;
#3761 = EDGE_LOOP ( 'NONE', ( #4067, #5866, #5032, #3631 ) ) ;
#3762 = CARTESIAN_POINT ( 'NONE',  ( -30.70447084535320315, 0.0000000000000000000, 150.9367816123779846 ) ) ;
#3763 = CARTESIAN_POINT ( 'NONE',  ( -71.79080083615500030, 3.184998925347309662, 158.6135857323359915 ) ) ;
#3764 = CARTESIAN_POINT ( 'NONE',  ( -113.0425008268920095, 12.95172494201159807, 275.1544379066509691 ) ) ;
#3765 = ORIENTED_EDGE ( 'NONE', *, *, #385, .T. ) ;
#3766 = CARTESIAN_POINT ( 'NONE',  ( -114.7003983456140048, 4.329074245849800384, 277.3922398113219856 ) ) ;
#3767 = CARTESIAN_POINT ( 'NONE',  ( -111.6656410625901970, 3.995356370322069584, 157.4754999999999256 ) ) ;
#3768 = CARTESIAN_POINT ( 'NONE',  ( -55.69928470039170065, 2.980374779639640259, 148.8754994386860062 ) ) ;
#3769 = CARTESIAN_POINT ( 'NONE',  ( -105.0274390614975886, 7.196904672225650224, 290.4741135049556533 ) ) ;
#3770 = CARTESIAN_POINT ( 'NONE',  ( -104.1838019513829892, 0.6458969532787118828, 268.5764397848950011 ) ) ;
#3771 = CARTESIAN_POINT ( 'NONE',  ( -111.6176712747709985, 2.241612368204379813, 323.3506410487789822 ) ) ;
#3772 = CARTESIAN_POINT ( 'NONE',  ( -104.1861368306289961, 0.6458992370158400664, 289.6544379066509691 ) ) ;
#3773 = CARTESIAN_POINT ( 'NONE',  ( -104.5407213454478921, 6.035420993694362579, 291.6246013679718203 ) ) ;
#3774 = VECTOR ( 'NONE', #3218, 1000.000000000000000 ) ;
#3775 = CARTESIAN_POINT ( 'NONE',  ( -114.7639976329644753, 2.035463843051918520, 320.0755716007921592 ) ) ;
#3776 = CARTESIAN_POINT ( 'NONE',  ( -104.8072954878006584, 5.984870866900958042, 290.7384210093937895 ) ) ;
#3777 = CARTESIAN_POINT ( 'NONE',  ( -91.11773564070179532, 0.0000000000000000000, 143.8485621121079987 ) ) ;
#3778 = CARTESIAN_POINT ( 'NONE',  ( -64.11076846578140476, 0.0000000000000000000, 159.3283569747629826 ) ) ;
#3779 = AXIS2_PLACEMENT_3D ( 'NONE', #6452, #2928, #5976 ) ;
#3780 = ADVANCED_FACE ( 'NONE', ( #4665 ), #2829, .F. ) ;
#3781 = CARTESIAN_POINT ( 'NONE',  ( -56.42624879281189720, 0.0000000000000000000, 148.9554575778099945 ) ) ;
#3782 = ORIENTED_EDGE ( 'NONE', *, *, #1440, .F. ) ;
#3783 = CARTESIAN_POINT ( 'NONE',  ( -41.32925083372539632, 2.797641500819330052, 265.6544379066509691 ) ) ;
#3784 = VECTOR ( 'NONE', #7138, 1000.000000000000000 ) ;
#3785 = ORIENTED_EDGE ( 'NONE', *, *, #6287, .T. ) ;
#3786 = LINE ( 'NONE', #2018, #2040 ) ;
#3787 = CARTESIAN_POINT ( 'NONE',  ( -43.98793422426039967, 0.0000000000000000000, 142.2844333083160109 ) ) ;
#3788 = CARTESIAN_POINT ( 'NONE',  ( -23.45278260570119855, 0.0000000000000000000, 150.3458909426900050 ) ) ;
#3789 = CARTESIAN_POINT ( 'NONE',  ( -64.92638936704510400, 3.097708964642750029, 153.3365994719350169 ) ) ;
#3790 = AXIS2_PLACEMENT_3D ( 'NONE', #5634, #2147, #5597 ) ;
#3791 = CARTESIAN_POINT ( 'NONE',  ( -7.344533915293784077, 3.995356370322069139, 318.7500000000000000 ) ) ;
#3792 = VERTEX_POINT ( 'NONE', #5876 ) ;
#3793 = CARTESIAN_POINT ( 'NONE',  ( -84.15945456376908851, 3.342282327716660006, 139.6775836492339806 ) ) ;
#3794 = EDGE_CURVE ( 'NONE', #2219, #6570, #7003, .T. ) ;
#3795 = CARTESIAN_POINT ( 'NONE',  ( -41.34440498179760226, 0.5844339620352680953, 290.6544379066509691 ) ) ;
#3796 =( BOUNDED_CURVE ( )  B_SPLINE_CURVE ( 3, ( #564, #2293, #7621, #4059 ),
 .UNSPECIFIED., .F., .F. ) 
 B_SPLINE_CURVE_WITH_KNOTS ( ( 4, 4 ),
 ( 1.522606450126035904, 2.004338114030946194 ),
 .UNSPECIFIED. ) 
 CURVE ( )  GEOMETRIC_REPRESENTATION_ITEM ( )  RATIONAL_B_SPLINE_CURVE ( ( 1.000000000000000000, 0.9807545335063980740, 0.9807545335063980740, 1.000000000000000000 ) ) 
 REPRESENTATION_ITEM ( '' )  );
#3797 = DIRECTION ( 'NONE',  ( -0.04817122723086530306, -0.9988390925805179510, 0.0000000000000000000 ) ) ;
#3798 = CARTESIAN_POINT ( 'NONE',  ( -105.1669496608829917, 3.683598237484188687, 278.0697886240088792 ) ) ;
#3799 = ORIENTED_EDGE ( 'NONE', *, *, #638, .F. ) ;
#3800 = CARTESIAN_POINT ( 'NONE',  ( -114.7059634839518054, 4.178819859242260293, 277.8550847803101078 ) ) ;
#3801 = CARTESIAN_POINT ( 'NONE',  ( -71.15258577843751198, 3.176883269354809691, 150.9426793648029843 ) ) ;
#3802 = CARTESIAN_POINT ( 'NONE',  ( -101.2048369389190441, 3.646176049862144275, 310.2136619683966501 ) ) ;
#3803 = ORIENTED_EDGE ( 'NONE', *, *, #3031, .F. ) ;
#3804 = CARTESIAN_POINT ( 'NONE',  ( -113.4282625802590019, 8.965680130093529598, 275.1544379066509691 ) ) ;
#3805 = CARTESIAN_POINT ( 'NONE',  ( -28.53446003202910219, -0.001000001298026020023, 152.0032210447369891 ) ) ;
#3806 = CARTESIAN_POINT ( 'NONE',  ( -105.0979438169260192, 7.161845417815882797, 282.9080696552993004 ) ) ;
#3807 = CARTESIAN_POINT ( 'NONE',  ( -41.08008747031509955, 1.793696886340529817, 266.6673880711870197 ) ) ;
#3808 = CARTESIAN_POINT ( 'NONE',  ( -103.9223156417159970, 0.6456411944469039321, 267.9763841301230514 ) ) ;
#3809 = CARTESIAN_POINT ( 'NONE',  ( -44.37277723817539510, 2.836344001210710175, 147.0307317720770186 ) ) ;
#3810 = DIRECTION ( 'NONE',  ( -0.8650200284677200813, 0.04171750651340182248, 0.5000000000000091038 ) ) ;
#3811 = CARTESIAN_POINT ( 'NONE',  ( -105.1128693230920561, 7.550874350106785649, 289.6323276748838111 ) ) ;
#3812 = CARTESIAN_POINT ( 'NONE',  ( -39.07972058494019763, 10.38779386146219963, 289.6544379066509691 ) ) ;
#3813 = CARTESIAN_POINT ( 'NONE',  ( -104.0972043332136678, 4.410982762677136293, 291.4197135553621365 ) ) ;
#3814 = B_SPLINE_CURVE_WITH_KNOTS ( 'NONE', 3,
 ( #3578, #7339, #5376, #1225, #4827, #597, #715, #3081, #4868, #3158, #1344, #3735, #5458, #1929, #3620, #7262, #3119, #9, #1892, #4329, #6122, #1967, #4366, #6677, #5536, #4292, #6048, #679, #172, #134, #1183, #5967, #2998, #2564, #5418, #2525, #2401, #4789, #93, #7178, #1807, #51, #6007 ),
 .UNSPECIFIED., .F., .F.,
 ( 4, 2, 2, 1, 1, 1, 2, 2, 2, 2, 1, 1, 1, 2, 2, 2, 2, 1, 1, 1, 2, 2, 2, 2, 2, 4 ),
 ( 0.0000000000000000000, 0.06250000000002055300, 0.09375000000003096134, 0.1093750000000340838, 0.1171875000000358186, 0.1210937500000394129, 0.1230468750000382194, 0.1250000000000369982, 0.1874999999999243105, 0.2187499999998711031, 0.2343749999998407663, 0.2421874999998298583, 0.2460937499998286926, 0.2480468749998280820, 0.2499999999998274713, 0.3749999999995992650, 0.4374999999994852451, 0.4687499999994207411, 0.4843749999993884892, 0.4921874999993723909, 0.4960937499993642863, 0.4999999999993561817, 0.6249999999995137223, 0.6874999999995825561, 0.7499999999996513900, 1.000000000000000000 ),
 .UNSPECIFIED. ) ;
#3815 = CARTESIAN_POINT ( 'NONE',  ( -91.58320445925170361, 0.0000000000000000000, 138.8632914318310156 ) ) ;
#3816 = CARTESIAN_POINT ( 'NONE',  ( -64.95705949582109895, 0.0000000000000000000, 152.8985630019039945 ) ) ;
#3817 = CARTESIAN_POINT ( 'NONE',  ( -30.55776708895179894, 2.660668287779320185, 154.9096797729590094 ) ) ;
#3818 = CARTESIAN_POINT ( 'NONE',  ( -105.1072388029240017, 6.799026804984579897, 274.4763196917410255 ) ) ;
#3819 = VECTOR ( 'NONE', #6569, 1000.000000000000000 ) ;
#3820 = EDGE_LOOP ( 'NONE', ( #5216, #5079, #7128, #1944 ) ) ;
#3821 = FACE_OUTER_BOUND ( 'NONE', #4147, .T. ) ;
#3822 = CARTESIAN_POINT ( 'NONE',  ( -42.99652753305959862, 0.0000000000000000000, 148.5251873153569875 ) ) ;
#3823 = DIRECTION ( 'NONE',  ( -1.377684915902150164E-14, 0.0000000000000000000, -1.000000000000000000 ) ) ;
#3824 = CARTESIAN_POINT ( 'NONE',  ( -43.56372496468360112, 0.0000000000000000000, 140.2087937998389862 ) ) ;
#3825 = CARTESIAN_POINT ( 'NONE',  ( -23.68186613197060097, 0.0000000000000000000, 156.2236432553190184 ) ) ;
#3826 = AXIS2_PLACEMENT_3D ( 'NONE', #7477, #312, #5681 ) ;
#3827 = CARTESIAN_POINT ( 'NONE',  ( -66.33288110350039801, 3.115594307593069878, 160.3998414765190148 ) ) ;
#3828 = CARTESIAN_POINT ( 'NONE',  ( -106.1188624272584491, 4.868556590288235952, 277.7196880208680909 ) ) ;
#3829 = ORIENTED_EDGE ( 'NONE', *, *, #4886, .F. ) ;
#3830 = CARTESIAN_POINT ( 'NONE',  ( -86.90757571957630034, 3.377227973212639789, 137.8883935230830105 ) ) ;
#3831 = EDGE_CURVE ( 'NONE', #3928, #145, #7542, .T. ) ;
#3832 = CARTESIAN_POINT ( 'NONE',  ( -41.10764015952260308, 0.5842023832025600161, 290.6259495219230189 ) ) ;
#3833 = ADVANCED_FACE ( 'NONE', ( #6394 ), #5916, .F. ) ;
#3834 = CARTESIAN_POINT ( 'NONE',  ( -103.1711405694369859, 3.326695977281940220, 265.6544379066509691 ) ) ;
#3835 = B_SPLINE_CURVE_WITH_KNOTS ( 'NONE', 3,
 ( #5692, #1502, #4560, #3893, #2719, #5101, #7490, #2128, #4522, #1538, #3932, #6322, #2168, #4747, #1065, #407, #1731, #2877, #3465, #5338, #5258, #1654, #6556, #5816, #2283, #1027, #4674, #2915, #2207, #4011, #4635, #1691, #4088, #7725, #6515, #2839, #7648, #7062, #2803, #7024, #6478, #4166, #3388, #7135, #1767, #5296, #5772, #1103, #7686, #3500, #4709, #554, #6402, #444, #5884, #2361, #517, #6986, #4600, #2955, #2320, #7099, #4049, #5178, #5850, #3428, #7570, #1615, #5217, #7609, #5925, #4128, #1141, #3538, #2246, #6441, #483, #6674, #676, #1964, #6004, #4903, #4785, #6081, #634, #4208, #3034, #3077 ),
 .UNSPECIFIED., .F., .F.,
 ( 4, 3, 3, 3, 3, 3, 3, 3, 3, 3, 3, 3, 3, 3, 3, 3, 3, 3, 3, 3, 3, 3, 3, 3, 3, 3, 3, 3, 3, 4 ),
 ( 0.0000000000000000000, 0.07278404161096310721, 0.1455680832219279908, 0.2183521248328280095, 0.2911361664437199792, 0.3639202080546490303, 0.4367042496656080020, 0.5094882912765380523, 0.5822723328874949145, 0.6550563744984551073, 0.7278404161094420566, 0.8006244577204009172, 0.8734084993313488976, 0.9481208834176079181, 1.020904925028530030, 1.093688966639470017, 1.166473008250400012, 1.239257049861380189, 1.312041091472309962, 1.384825133083189996, 1.457609174694159959, 1.534008858446330059, 1.606792900057270046, 1.679576941668170065, 1.752360983279170004, 1.825145024889949896, 1.897929066500910089, 1.970713108111960210, 2.043497149722969919, 2.068806644711500109 ),
 .UNSPECIFIED. ) ;
#3836 = CARTESIAN_POINT ( 'NONE',  ( -105.1389789080369610, 5.390645563150687991, 275.3028220288259718 ) ) ;
#3837 = ORIENTED_EDGE ( 'NONE', *, *, #1481, .F. ) ;
#3838 = CARTESIAN_POINT ( 'NONE',  ( -114.7120313747019935, 4.008506410711310863, 279.8121981283220521 ) ) ;
#3839 = EDGE_CURVE ( 'NONE', #1741, #482, #2238, .T. ) ;
#3840 = CARTESIAN_POINT ( 'NONE',  ( -103.6152817264569421, 4.869868563603990452, 311.4265968836439811 ) ) ;
#3841 = CARTESIAN_POINT ( 'NONE',  ( -4.336808689942019708E-16, 2.000000000000000000, 319.7500000000000000 ) ) ;
#3842 = ORIENTED_EDGE ( 'NONE', *, *, #1251, .F. ) ;
#3843 = CARTESIAN_POINT ( 'NONE',  ( -114.6647276420690105, 5.273993679089111097, 277.7482229684749200 ) ) ;
#3844 = ADVANCED_FACE ( 'NONE', ( #1018 ), #2742, .F. ) ;
#3845 =( BOUNDED_CURVE ( )  B_SPLINE_CURVE ( 3, ( #7571, #6833, #6795, #1424 ),
 .UNSPECIFIED., .F., .F. ) 
 B_SPLINE_CURVE_WITH_KNOTS ( ( 4, 4 ),
 ( 4.736099110291219993, 4.737673090074280502 ),
 .UNSPECIFIED. ) 
 CURVE ( )  GEOMETRIC_REPRESENTATION_ITEM ( )  RATIONAL_B_SPLINE_CURVE ( ( 1.000000000000000000, 0.9999997935489807199, 0.9999997935489807199, 1.000000000000000000 ) ) 
 REPRESENTATION_ITEM ( '' )  );
#3846 = CARTESIAN_POINT ( 'NONE',  ( -29.99188798461469929, 13.00321644496600015, 155.5306577074939867 ) ) ;
#3847 = CARTESIAN_POINT ( 'NONE',  ( -111.2154383965487625, 3.021528206959678720, 323.6296535261270151 ) ) ;
#3848 = CARTESIAN_POINT ( 'NONE',  ( -40.12352138928540057, 1.778966843362540073, 267.0631498307220113 ) ) ;
#3849 = CARTESIAN_POINT ( 'NONE',  ( -103.9752150663689889, 0.6456929351864849620, 268.0402991840439881 ) ) ;
#3850 = CIRCLE ( 'NONE', #346, 110.7820467919760006 ) ;
#3851 = CARTESIAN_POINT ( 'NONE',  ( -43.57501685104939781, 2.826199280892800036, 140.4835753139630015 ) ) ;
#3852 = VERTEX_POINT ( 'NONE', #7678 ) ;
#3853 = CARTESIAN_POINT ( 'NONE',  ( -90.85629405792600721, 3.427441042345670041, 145.7662233172889898 ) ) ;
#3854 = CARTESIAN_POINT ( 'NONE',  ( -105.1129002011319926, 7.551033870359980860, 289.6544379066509691 ) ) ;
#3855 = AXIS2_PLACEMENT_3D ( 'NONE', #3412, #5245, #5800 ) ;
#3856 = CARTESIAN_POINT ( 'NONE',  ( -39.34705861651449510, 0.5824803646412809455, 264.4544379066509805 ) ) ;
#3857 = CARTESIAN_POINT ( 'NONE',  ( -104.5747733285155334, 5.338506114772174627, 291.0476017389801768 ) ) ;
#3858 = CARTESIAN_POINT ( 'NONE',  ( -92.04386882518679158, 0.0000000000000000000, 139.8973180552050053 ) ) ;
#3859 = CARTESIAN_POINT ( 'NONE',  ( -74.68181697026719235, 3.221761930670810070, 149.3319496511639954 ) ) ;
#3860 = LINE ( 'NONE', #3898, #2880 ) ;
#3861 = CARTESIAN_POINT ( 'NONE',  ( -30.18112508579740094, 2.655878621115470128, 153.1503422609520157 ) ) ;
#3862 = CARTESIAN_POINT ( 'NONE',  ( -105.0932437651869975, 7.324441712896289758, 274.3154313336120254 ) ) ;
#3863 = ORIENTED_EDGE ( 'NONE', *, *, #6812, .F. ) ;
#3864 = CARTESIAN_POINT ( 'NONE',  ( -105.0857830568561866, 7.425342840997863014, 268.1827931431535035 ) ) ;
#3865 = CARTESIAN_POINT ( 'NONE',  ( -113.5550985688605294, 7.268692955736035799, 275.5247335160276521 ) ) ;
#3866 = CARTESIAN_POINT ( 'NONE',  ( -43.58337250611520375, 0.0000000000000000000, 140.5748838974869841 ) ) ;
#3867 = CARTESIAN_POINT ( 'NONE',  ( -104.3683852143497575, 5.760902380517769039, 311.8085374798472458 ) ) ;
#3868 = CARTESIAN_POINT ( 'NONE',  ( 147.1784517343699861, 0.4020057274468900044, 314.7490000000000236 ) ) ;
#3869 = CARTESIAN_POINT ( 'NONE',  ( -106.1198531528531106, 4.666736064283339758, 278.3458730999464592 ) ) ;
#3870 = EDGE_LOOP ( 'NONE', ( #1825, #2875, #2230, #6440, #2575 ) ) ;
#3871 = CARTESIAN_POINT ( 'NONE',  ( -84.10993627073159473, 3.341652742005670085, 139.9449043968620003 ) ) ;
#3872 = VERTEX_POINT ( 'NONE', #5209 ) ;
#3873 = CARTESIAN_POINT ( 'NONE',  ( -105.1679960305269930, 3.597055365082849843, 279.1544379066489796 ) ) ;
#3874 = LINE ( 'NONE', #7437, #154 ) ;
#3875 = CIRCLE ( 'NONE', #875, 253.5655416111709997 ) ;
#3876 = CARTESIAN_POINT ( 'NONE',  ( -88.94016535008579183, 13.00321644496600015, 137.8609707278629912 ) ) ;
#3877 = ORIENTED_EDGE ( 'NONE', *, *, #7294, .F. ) ;
#3878 = CARTESIAN_POINT ( 'NONE',  ( -30.64439810041130130, 0.0000000000000000000, 155.1863396087429976 ) ) ;
#3879 = EDGE_CURVE ( 'NONE', #4122, #988, #7631, .T. ) ;
#3880 = DIRECTION ( 'NONE',  ( 0.0000000000000000000, 0.0000000000000000000, -1.000000000000000000 ) ) ;
#3881 = CARTESIAN_POINT ( 'NONE',  ( -3.476504225844360363, 2.953008451691570002, 323.6458907021699929 ) ) ;
#3882 = CIRCLE ( 'NONE', #6787, 252.5659389384350106 ) ;
#3883 = ORIENTED_EDGE ( 'NONE', *, *, #4419, .T. ) ;
#3884 = DIRECTION ( 'NONE',  ( 0.04817122723086530306, 0.9988390925805179510, 0.0000000000000000000 ) ) ;
#3885 = CARTESIAN_POINT ( 'NONE',  ( -20.06330264812210018, 13.00321644496600015, 159.6815318476249956 ) ) ;
#3886 = CARTESIAN_POINT ( 'NONE',  ( -112.3094315475535581, 0.8917125899611918483, 322.2704323775107582 ) ) ;
#3887 = CARTESIAN_POINT ( 'NONE',  ( -41.34196608152250008, 1.797722342850319954, 266.6544379066510260 ) ) ;
#3888 = CARTESIAN_POINT ( 'NONE',  ( -22.76971949867539990, 0.0000000000000000000, 149.8159981027159802 ) ) ;
#3889 = CARTESIAN_POINT ( 'NONE',  ( -44.30598992650810430, 2.835494699118229711, 147.1686578248580020 ) ) ;
#3890 = VERTEX_POINT ( 'NONE', #6185 ) ;
#3891 = CARTESIAN_POINT ( 'NONE',  ( -103.8641859382810111, 0.6455843379902049817, 290.3906207202219889 ) ) ;
#3892 = DIRECTION ( 'NONE',  ( 0.9999995216640081841, -0.0009780959844829521972, 0.0000000000000000000 ) ) ;
#3893 = CARTESIAN_POINT ( 'NONE',  ( -52.23482104227490197, 0.0000000000000000000, 148.2503147323160135 ) ) ;
#3894 = CARTESIAN_POINT ( 'NONE',  ( -104.6898766837253874, 5.632921570983582704, 290.9122606087401550 ) ) ;
#3895 = EDGE_CURVE ( 'NONE', #608, #7058, #5004, .T. ) ;
#3896 = CARTESIAN_POINT ( 'NONE',  ( -88.94016535008579183, 0.0000000000000000000, 137.8609707278629912 ) ) ;
#3897 = CARTESIAN_POINT ( 'NONE',  ( -64.48523948746000656, 0.0000000000000000000, 151.2374452626389996 ) ) ;
#3898 = CARTESIAN_POINT ( 'NONE',  ( -106.1517011083699913, 0.0000000000000000000, 323.7500000000000000 ) ) ;
#3899 = CARTESIAN_POINT ( 'NONE',  ( -30.35770644824820153, 2.658124316388810193, 154.1835784403259879 ) ) ;
#3900 = LINE ( 'NONE', #5540, #1716 ) ;
#3901 = ORIENTED_EDGE ( 'NONE', *, *, #776, .F. ) ;
#3902 = CARTESIAN_POINT ( 'NONE',  ( -41.11206721418189858, 9.818827606159260313, 266.6544379066510260 ) ) ;
#3903 = CYLINDRICAL_SURFACE ( 'NONE', #6880, 1.000000000000000888 ) ;
#3904 = VECTOR ( 'NONE', #3797, 1000.000000000000000 ) ;
#3905 = CARTESIAN_POINT ( 'NONE',  ( -43.70406979545079906, 0.0000000000000000000, 139.4191514656990023 ) ) ;
#3906 = CARTESIAN_POINT ( 'NONE',  ( -67.20787156347550706, 13.00321644496600015, 151.6306142346180081 ) ) ;
#3907 = CARTESIAN_POINT ( 'NONE',  ( -111.6656410625901401, 3.995356370322069139, 318.7500000000000000 ) ) ;
#3908 = CARTESIAN_POINT ( 'NONE',  ( -10.91084810166779917, 3.409358003235498202, 312.8823363448989880 ) ) ;
#3909 = B_SPLINE_CURVE_WITH_KNOTS ( 'NONE', 3,
 ( #5281, #7673, #4731, #7120, #2382, #3600, #7084, #1713, #5358, #2941, #7745, #4770, #6578, #3680, #7356, #3063, #2467, #4888, #4273, #6772, #4347, #5553, #1400, #7240, #1282, #3718, #6180, #2543, #72, #5439, #3789, #1949, #4963, #6026, #116, #6736, #807, #1986, #6143, #6656, #2618, #3211, #2580, #736, #3754, #1363, #4383, #3139, #770, #6105, #4999, #6066, #1872, #4850, #1325, #5592, #224, #3177, #698, #188, #2506, #7392, #4235, #6618, #1245, #3639, #3102, #5481, #1910, #660, #5517, #7281, #151, #4311, #4924, #7320, #6695, #6341, #302, #2693, #381, #4575, #5076, #6260, #4460, #2023, #4421, #3247, #6966, #2774, #2142, #3827, #6807, #1594 ),
 .UNSPECIFIED., .F., .F.,
 ( 4, 3, 3, 3, 3, 3, 3, 3, 3, 3, 3, 3, 3, 3, 3, 3, 3, 3, 3, 3, 3, 3, 3, 3, 3, 3, 3, 3, 3, 3, 3, 4 ),
 ( 0.0000000000000000000, 0.07771521218021930355, 0.1498119665224839914, 0.2219087208647489984, 0.2907821327373110165, 0.3543460472412010009, 0.3907447033276230108, 0.4804057017470549917, 0.5391497293964240267, 0.5902520244642019964, 0.6610294992812949522, 0.7204616579135779686, 0.7343615105844940594, 0.8225257109079510132, 0.9272084553070260027, 1.035986451470580105, 1.129681196733300030, 1.144764447634140092, 1.215641358610690004, 1.294586199310439945, 1.382256086365809988, 1.439081497059640169, 1.490184555326860005, 1.529752006733370084, 1.611462523057989982, 1.650336622604990033, 1.700628761844539927, 1.780470932872550094, 1.785363416181640073, 1.891149589140790122, 1.993890110806359806, 2.076626067010039822 ),
 .UNSPECIFIED. ) ;
#3910 = ORIENTED_EDGE ( 'NONE', *, *, #7463, .T. ) ;
#3911 = VECTOR ( 'NONE', #1116, 1000.000000000000000 ) ;
#3912 = CARTESIAN_POINT ( 'NONE',  ( -84.99840386324379438, 3.352950564432290115, 144.2525347263389790 ) ) ;
#3913 = EDGE_LOOP ( 'NONE', ( #6611, #5703, #7607, #5774 ) ) ;
#3914 = CARTESIAN_POINT ( 'NONE',  ( -83.50901448683720218, 0.0000000000000000000, 148.4840674479140148 ) ) ;
#3915 = CARTESIAN_POINT ( 'NONE',  ( -41.34705765984249837, 0.5844365566102529552, 267.6544379066510260 ) ) ;
#3916 = AXIS2_PLACEMENT_3D ( 'NONE', #4129, #5218, #1142 ) ;
#3917 = CARTESIAN_POINT ( 'NONE',  ( -105.0925799037420347, 7.348589742217526144, 274.3091529477622998 ) ) ;
#3918 = CARTESIAN_POINT ( 'NONE',  ( -31.32640522545499806, 0.0000000000000000000, 158.6803260027820102 ) ) ;
#3919 = CARTESIAN_POINT ( 'NONE',  ( -2.409784746521410170, 0.8195694930442389836, 322.1899591606240278 ) ) ;
#3920 = VERTEX_POINT ( 'NONE', #2586 ) ;
#3921 = CARTESIAN_POINT ( 'NONE',  ( -114.5055150498020566, 7.980992832915683621, 275.2550770031583056 ) ) ;
#3922 = CARTESIAN_POINT ( 'NONE',  ( -2.939419985849987871, 3.995356370322069139, 161.8755000000000166 ) ) ;
#3923 = CARTESIAN_POINT ( 'NONE',  ( -105.1346784078519363, 5.604788856313757783, 283.1751289213141831 ) ) ;
#3924 = ADVANCED_FACE ( 'NONE', ( #7396 ), #6851, .F. ) ;
#3925 = CARTESIAN_POINT ( 'NONE',  ( -40.69771684133120004, 1.787813520775690002, 266.7565344618440122 ) ) ;
#3926 = CARTESIAN_POINT ( 'NONE',  ( -104.1861368306289961, 0.6458992370158400664, 268.6544379066510260 ) ) ;
#3927 = CARTESIAN_POINT ( 'NONE',  ( -111.4861586422829873, 3.995356370322069139, 315.2500000000000000 ) ) ;
#3928 = VERTEX_POINT ( 'NONE', #193 ) ;
#3929 = CARTESIAN_POINT ( 'NONE',  ( -103.4698557085010009, 0.6451986449914030031, 290.6142085373570012 ) ) ;
#3930 = CARTESIAN_POINT ( 'NONE',  ( -3.269267886037740212, 0.8775010007999970441, 322.2500000000000000 ) ) ;
#3931 = B_SPLINE_SURFACE_WITH_KNOTS ( 'NONE', 4, 1, ( 
 ( #5817, #2840 ),
 ( #1732, #5851 ),
 ( #5885, #4012 ),
 ( #518, #2916 ),
 ( #5297, #1066 ) ),
 .UNSPECIFIED., .F., .F., .F.,
 ( 5, 5 ),
 ( 2, 2 ),
 ( -1.000000000000000000, 0.0000000000000000000 ),
 ( 0.0000000000000000000, 1.300421644626400086 ),
 .UNSPECIFIED. ) ;
#3932 = CARTESIAN_POINT ( 'NONE',  ( -51.18442676210160158, 0.0000000000000000000, 147.5063297604920081 ) ) ;
#3933 = CARTESIAN_POINT ( 'NONE',  ( -104.0185661135813149, 4.290568575904648796, 291.4598876450486387 ) ) ;
#3934 = ORIENTED_EDGE ( 'NONE', *, *, #7129, .F. ) ;
#3935 = ADVANCED_FACE ( 'NONE', ( #6148 ), #1484, .F. ) ;
#3936 = CARTESIAN_POINT ( 'NONE',  ( -91.97820980523299284, 2.168404344971009831E-19, 139.5632585886480115 ) ) ;
#3937 = EDGE_CURVE ( 'NONE', #443, #5849, #2304, .T. ) ;
#3938 = CARTESIAN_POINT ( 'NONE',  ( -77.01383720611580941, 3.251416703621789583, 149.1788033364279897 ) ) ;
#3939 = CARTESIAN_POINT ( 'NONE',  ( -111.4861586422779993, 3.995356370322069139, 322.2500000000000000 ) ) ;
#3940 = CARTESIAN_POINT ( 'NONE',  ( -30.17127846838549843, 2.655753588016310118, 152.7265764436220081 ) ) ;
#3941 = CARTESIAN_POINT ( 'NONE',  ( -104.8509621475850082, 13.45168003562939951, 289.6544379066509691 ) ) ;
#3942 = EDGE_CURVE ( 'NONE', #1487, #231, #1649, .T. ) ;
#3943 = CARTESIAN_POINT ( 'NONE',  ( -38.38692942067069680, 2.760226130219149976, 290.2388967041650290 ) ) ;
#3944 = VERTEX_POINT ( 'NONE', #7591 ) ;
#3945 = CARTESIAN_POINT ( 'NONE',  ( -2.003531493117170381, 0.007073912649438210583, 319.9875998473170284 ) ) ;
#3946 = EDGE_CURVE ( 'NONE', #2016, #1821, #6231, .T. ) ;
#3947 = FACE_OUTER_BOUND ( 'NONE', #4764, .T. ) ;
#3948 = CARTESIAN_POINT ( 'NONE',  ( -44.67397944088590123, 0.0000000000000000000, 145.0328448208259999 ) ) ;
#3949 = CARTESIAN_POINT ( 'NONE',  ( -111.2378976158341288, 12.86469395575260144, 161.8755000000000166 ) ) ;
#3950 = CARTESIAN_POINT ( 'NONE',  ( -105.0539410357470018, 12.56645895492219900, 149.1705927090359864 ) ) ;
#3951 = CARTESIAN_POINT ( 'NONE',  ( -106.1149870984552308, 5.380272791123900333, 276.7932017679488013 ) ) ;
#3952 = ORIENTED_EDGE ( 'NONE', *, *, #1976, .F. ) ;
#3953 = DIRECTION ( 'NONE',  ( -0.5004356563159418902, 0.0000000000000000000, -0.8657737313453397476 ) ) ;
#3954 = ORIENTED_EDGE ( 'NONE', *, *, #6766, .F. ) ;
#3955 = DIRECTION ( 'NONE',  ( -0.8662767110661260261, 0.0000000000000000000, -0.4995644701782299690 ) ) ;
#3956 = VECTOR ( 'NONE', #480, 1000.000000000000000 ) ;
#3957 = CARTESIAN_POINT ( 'NONE',  ( -70.95972778677881365, 2.185440286280709541E-19, 151.2761016740940079 ) ) ;
#3958 = CARTESIAN_POINT ( 'NONE',  ( -105.1545389415210678, 4.632987284875672351, 278.2788905665839252 ) ) ;
#3959 = CARTESIAN_POINT ( 'NONE',  ( -31.19795166561409872, 0.0000000000000000000, 156.9657950773789707 ) ) ;
#3960 = DIRECTION ( 'NONE',  ( -0.02655026914603489385, -0.9674502699793997573, -0.2516645750300579576 ) ) ;
#3961 = VECTOR ( 'NONE', #2760, 1000.000000000000000 ) ;
#3962 = ORIENTED_EDGE ( 'NONE', *, *, #7331, .F. ) ;
#3963 = DIRECTION ( 'NONE',  ( -9.077554920691193108E-30, -6.616533751588030221E-16, 1.000000000000000000 ) ) ;
#3964 = PERSON_AND_ORGANIZATION ( #6822, #814 ) ;
#3965 = CARTESIAN_POINT ( 'NONE',  ( -104.1851587346450003, 1.645898758679850138, 289.6544379066509691 ) ) ;
#3966 = CARTESIAN_POINT ( 'NONE',  ( -104.4031360459631941, 4.958014446995448132, 267.0970522077134319 ) ) ;
#3967 = CARTESIAN_POINT ( 'NONE',  ( -25.22969994751430178, 0.0000000000000000000, 160.2592879149929956 ) ) ;
#3968 = CARTESIAN_POINT ( 'NONE',  ( -106.0928674035700112, 7.351874933466840289, 289.6544379066509691 ) ) ;
#3969 = ORIENTED_EDGE ( 'NONE', *, *, #2747, .F. ) ;
#3970 = CARTESIAN_POINT ( 'NONE',  ( -103.5631382106870149, 0.6452898842758569842, 290.5806754053780310 ) ) ;
#3971 = CARTESIAN_POINT ( 'NONE',  ( -113.6543207769517210, 5.273620305000547681, 280.6776031755681515 ) ) ;
#3972 = DIRECTION ( 'NONE',  ( 4.960310595328050396E-15, -2.392219633754020149E-16, 1.000000000000000000 ) ) ;
#3973 = CARTESIAN_POINT ( 'NONE',  ( -104.6379996302930095, 5.496032759145137447, 290.9761310597972965 ) ) ;
#3974 = VERTEX_POINT ( 'NONE', #5869 ) ;
#3975 = CARTESIAN_POINT ( 'NONE',  ( -91.28574284514259318, 0.0000000000000000000, 138.6045038841930079 ) ) ;
#3976 = CARTESIAN_POINT ( 'NONE',  ( -64.90727781681759723, 0.0000000000000000000, 153.5022180065480200 ) ) ;
#3977 = CARTESIAN_POINT ( 'NONE',  ( -40.12012131484060262, 1.778914418582730139, 291.2431820253779620 ) ) ;
#3978 = CARTESIAN_POINT ( 'NONE',  ( -31.28466473636969880, 2.669911773641810093, 158.8321242086740028 ) ) ;
#3979 = CARTESIAN_POINT ( 'NONE',  ( -104.3558264845560615, 4.605093076978701738, 291.6544379066509123 ) ) ;
#3980 = EDGE_CURVE ( 'NONE', #6889, #3464, #973, .T. ) ;
#3981 = DIRECTION ( 'NONE',  ( 0.0000000000000000000, 1.000000000000000000, 0.0000000000000000000 ) ) ;
#3982 = ORIENTED_EDGE ( 'NONE', *, *, #4037, .F. ) ;
#3983 = DIRECTION ( 'NONE',  ( -0.9988390925805179510, 0.04817122723086530306, 0.0000000000000000000 ) ) ;
#3984 = CARTESIAN_POINT ( 'NONE',  ( -106.1197445713590071, 4.608561637179930059, 279.1544379066509691 ) ) ;
#3985 = CARTESIAN_POINT ( 'NONE',  ( -44.57061217155549571, 0.0000000000000000000, 144.3587430601920119 ) ) ;
#3986 = CARTESIAN_POINT ( 'NONE',  ( -104.8943605477341663, 0.9408932350767196251, 289.6544379066509691 ) ) ;
#3987 = CARTESIAN_POINT ( 'NONE',  ( -11.49496611690079817, 7.315357331287430043, 314.7481996032070128 ) ) ;
#3988 = EDGE_CURVE ( 'NONE', #2341, #7328, #6930, .T. ) ;
#3989 = CARTESIAN_POINT ( 'NONE',  ( -112.9671519962930120, 3.995356370322069139, 159.8547740578390233 ) ) ;
#3990 = ORIENTED_EDGE ( 'NONE', *, *, #2538, .F. ) ;
#3991 = CARTESIAN_POINT ( 'NONE',  ( -113.8435921695873532, 12.99035934607966603, 283.5402630894300842 ) ) ;
#3992 = VERTEX_POINT ( 'NONE', #467 ) ;
#3993 = CARTESIAN_POINT ( 'NONE',  ( -40.41552800779290067, 0.5835254307623289893, 290.0249203808670018 ) ) ;
#3994 = CARTESIAN_POINT ( 'NONE',  ( -71.83204829829389837, 0.0000000000000000000, 158.1026962961029767 ) ) ;
#3995 = EDGE_CURVE ( 'NONE', #5313, #455, #2303, .T. ) ;
#3996 = CARTESIAN_POINT ( 'NONE',  ( 147.2183981165630087, 0.4001316471694219556, 283.1544379066509691 ) ) ;
#3997 = CARTESIAN_POINT ( 'NONE',  ( -30.18664234040739913, 0.0000000000000000000, 153.1436295815879873 ) ) ;
#3998 = DIRECTION ( 'NONE',  ( 1.485687538674780079E-15, -7.841243758125039891E-17, 1.000000000000000000 ) ) ;
#3999 = ORIENTED_EDGE ( 'NONE', *, *, #6725, .T. ) ;
#4000 = B_SPLINE_CURVE_WITH_KNOTS ( 'NONE', 3,
 ( #791, #6277, #3265, #2673, #946, #4515, #6902, #5647, #5094, #4399, #279, #909, #5573, #1496, #2714, #7485, #5055, #2122, #1531, #3808, #2599, #3849, #6239, #6316, #3306, #7522, #2161, #2754, #360, #831, #5687, #3343, #4978, #319, #5726, #5133, #2004, #6826, #6752, #1380, #3770, #7373, #3229 ),
 .UNSPECIFIED., .F., .F.,
 ( 4, 3, 3, 3, 3, 3, 3, 3, 3, 3, 3, 3, 3, 3, 4 ),
 ( 0.0000000000000000000, 0.0001178914776109129907, 0.0002374610028405070268, 0.0003566135711187619654, 0.0003905413816545869488, 0.0005858120727119030214, 0.0007810827633091749819, 0.0009052557859058269537, 0.001029489979650089967, 0.001140311434790469876, 0.001172058135684959923, 0.001193043196268950062, 0.001319798740853239932, 0.001446677989879169681, 0.001562165526618320040 ),
 .UNSPECIFIED. ) ;
#4001 = CARTESIAN_POINT ( 'NONE',  ( -40.41198269198940096, 0.5835219631015150510, 268.2928622686570179 ) ) ;
#4002 = CARTESIAN_POINT ( 'NONE',  ( -1.656854249493215248, 7.579905465388388386, 323.7499999999982379 ) ) ;
#4003 = CYLINDRICAL_SURFACE ( 'NONE', #2533, 2.000000000000001776 ) ;
#4004 = CARTESIAN_POINT ( 'NONE',  ( -23.30469073403539682, 0.0000000000000000000, 158.5082490982469778 ) ) ;
#4005 = CARTESIAN_POINT ( 'NONE',  ( -39.34343311931049669, 1.577143931074890038, 268.3928448191900316 ) ) ;
#4006 = VERTEX_POINT ( 'NONE', #1559 ) ;
#4007 = PLANE ( 'NONE',  #1820 ) ;
#4008 = FACE_OUTER_BOUND ( 'NONE', #7080, .T. ) ;
#4009 = AXIS2_PLACEMENT_3D ( 'NONE', #5105, #7494, #6327 ) ;
#4010 = ORIENTED_EDGE ( 'NONE', *, *, #4123, .T. ) ;
#4011 = CARTESIAN_POINT ( 'NONE',  ( -50.42273962715219682, 0.0000000000000000000, 144.9249917619410155 ) ) ;
#4012 = CARTESIAN_POINT ( 'NONE',  ( -85.38792332440360155, 13.00321644496600015, 142.8292495597050049 ) ) ;
#4013 = ORIENTED_EDGE ( 'NONE', *, *, #6136, .F. ) ;
#4014 = CARTESIAN_POINT ( 'NONE',  ( -105.1901225215020617, 0.6468812318595252853, 268.3907980012259600 ) ) ;
#4015 = CARTESIAN_POINT ( 'NONE',  ( -51.11302972976950088, 2.922054496759700193, 142.4205339073280072 ) ) ;
#4016 = CARTESIAN_POINT ( 'NONE',  ( -1.637909052151569789, 3.995356370322069139, 323.7500000000000000 ) ) ;
#4017 = CARTESIAN_POINT ( 'NONE',  ( -24.47392656334930194, 2.583304546933689938, 153.1326310969510018 ) ) ;
#4018 = CARTESIAN_POINT ( 'NONE',  ( -40.39324164901769620, 2.785738949869040137, 292.5068384328740194 ) ) ;
#4019 = ORIENTED_EDGE ( 'NONE', *, *, #5895, .T. ) ;
#4020 = CARTESIAN_POINT ( 'NONE',  ( -3.440329995356930404, 3.995356370322069139, 322.8060826047150158 ) ) ;
#4021 = FACE_OUTER_BOUND ( 'NONE', #5741, .T. ) ;
#4022 = EDGE_CURVE ( 'NONE', #6279, #347, #387, .T. ) ;
#4023 = CARTESIAN_POINT ( 'NONE',  ( 0.0000000000000000000, 0.0000000000000000000, 284.1544379066509691 ) ) ;
#4024 = CARTESIAN_POINT ( 'NONE',  ( -103.8807525018093827, 5.148462081507864774, 311.5610845628883112 ) ) ;
#4025 = CARTESIAN_POINT ( 'NONE',  ( -9.188126039393159417, 3.995356370322069139, 318.7500000000000000 ) ) ;
#4026 = CARTESIAN_POINT ( 'NONE',  ( -2.003531493117170381, 0.007073912649438210583, 319.9875998473170284 ) ) ;
#4027 = ORIENTED_EDGE ( 'NONE', *, *, #1153, .F. ) ;
#4028 = PLANE ( 'NONE',  #6420 ) ;
#4029 = AXIS2_PLACEMENT_3D ( 'NONE', #3148, #7290, #5406 ) ;
#4030 = VERTEX_POINT ( 'NONE', #6346 ) ;
#4031 = CARTESIAN_POINT ( 'NONE',  ( -40.46616231069459246, 0.5835749559943639309, 290.1339346913309782 ) ) ;
#4032 = CARTESIAN_POINT ( 'NONE',  ( -71.80215702568250435, 2.188018105787079589E-19, 158.5687963826470082 ) ) ;
#4033 = EDGE_CURVE ( 'NONE', #6262, #7117, #1187, .T. ) ;
#4034 = CARTESIAN_POINT ( 'NONE',  ( -31.38066217931120150, 0.0000000000000000000, 158.2225674136430200 ) ) ;
#4035 = AXIS2_PLACEMENT_3D ( 'NONE', #3698, #7220, #1852 ) ;
#4036 = CARTESIAN_POINT ( 'NONE',  ( -104.1948215025059454, 5.506354880795323758, 266.9069928083757759 ) ) ;
#4037 = EDGE_CURVE ( 'NONE', #7203, #1840, #5288, .T. ) ;
#4038 = VERTEX_POINT ( 'NONE', #5476 ) ;
#4039 = CARTESIAN_POINT ( 'NONE',  ( -40.76302319924969453, 0.5838653145762899843, 267.8398997491099749 ) ) ;
#4040 = DIRECTION ( 'NONE',  ( 0.0000000000000000000, 0.0000000000000000000, 1.000000000000000000 ) ) ;
#4041 = CIRCLE ( 'NONE', #6297, 0.9999999999999994449 ) ;
#4042 = CARTESIAN_POINT ( 'NONE',  ( -103.6162140367390947, 3.765232683421541715, 266.7058396858111564 ) ) ;
#4043 = CARTESIAN_POINT ( 'NONE',  ( -114.6929249636148995, 4.524092230104353796, 281.3814812842507536 ) ) ;
#4044 = CARTESIAN_POINT ( 'NONE',  ( -34.50379530983489929, 2.710847125871580054, 149.2999158078409891 ) ) ;
#4045 = EDGE_LOOP ( 'NONE', ( #3185, #5526 ) ) ;
#4046 = DIRECTION ( 'NONE',  ( 0.0000000000000000000, -0.9965373674306751139, -0.08314610823327689415 ) ) ;
#4047 = CARTESIAN_POINT ( 'NONE',  ( -113.4282625802590019, 8.965680130093529598, 284.1544379066509691 ) ) ;
#4048 = ORIENTED_EDGE ( 'NONE', *, *, #2931, .T. ) ;
#4049 = CARTESIAN_POINT ( 'NONE',  ( -51.60083576766280089, 0.0000000000000000000, 139.9524963109419957 ) ) ;
#4050 = CARTESIAN_POINT ( 'NONE',  ( -103.7890321593953757, 5.052131227983592154, 292.3351131746263718 ) ) ;
#4051 = CARTESIAN_POINT ( 'NONE',  ( -68.98807610079749963, 13.00321644496600015, 152.0032210447369891 ) ) ;
#4052 =( BOUNDED_CURVE ( )  B_SPLINE_CURVE ( 3, ( #7521, #3305, #908, #830 ),
 .UNSPECIFIED., .F., .T. ) 
 B_SPLINE_CURVE_WITH_KNOTS ( ( 4, 4 ),
 ( 1.155455441690250717, 1.522606450179996518 ),
 .UNSPECIFIED. ) 
 CURVE ( )  GEOMETRIC_REPRESENTATION_ITEM ( )  RATIONAL_B_SPLINE_CURVE ( ( 1.000000000000000000, 0.9887981895444424296, 0.9887981895444424296, 1.000000000000000000 ) ) 
 REPRESENTATION_ITEM ( '' )  );
#4053 = CARTESIAN_POINT ( 'NONE',  ( -51.55473204055429903, 2.927671907287120234, 140.8247736116660178 ) ) ;
#4054 = CARTESIAN_POINT ( 'NONE',  ( -11.61042060231619999, 4.298265512551830092, 314.7490000000000236 ) ) ;
#4055 = CARTESIAN_POINT ( 'NONE',  ( -104.8509621475850651, 13.45168003562940662, 290.8260107819049267 ) ) ;
#4056 = FACE_OUTER_BOUND ( 'NONE', #45, .T. ) ;
#4057 = ORIENTED_EDGE ( 'NONE', *, *, #3031, .T. ) ;
#4058 = CARTESIAN_POINT ( 'NONE',  ( -100.2766404279229988, 3.547232764980630115, 309.7490000000000236 ) ) ;
#4059 = CARTESIAN_POINT ( 'NONE',  ( -113.6909409977389913, 0.2276121061000110357, 318.7499999999959641 ) ) ;
#4060 = CARTESIAN_POINT ( 'NONE',  ( -114.8000988391970196, -5.421010862427521554E-17, 319.7500000000003979 ) ) ;
#4061 = FACE_OUTER_BOUND ( 'NONE', #1120, .T. ) ;
#4062 = CARTESIAN_POINT ( 'NONE',  ( -12.40829201865714104, 3.632641504905563590, 313.0153468480920651 ) ) ;
#4063 = DIRECTION ( 'NONE',  ( 0.9988390925805179510, -0.04817122723086530306, -4.966075749511360231E-15 ) ) ;
#4064 = ORIENTED_EDGE ( 'NONE', *, *, #3937, .F. ) ;
#4065 = CARTESIAN_POINT ( 'NONE',  ( -40.12488066653050822, 1.579998988192170106, 291.2457259884370160 ) ) ;
#4066 = CARTESIAN_POINT ( 'NONE',  ( -83.36874858870619676, 3.995356370322069139, 370.8942456899570175 ) ) ;
#4067 = ORIENTED_EDGE ( 'NONE', *, *, #3124, .T. ) ;
#4068 = CARTESIAN_POINT ( 'NONE',  ( -40.34439129794160550, 0.5834558521987790458, 289.6934867498030144 ) ) ;
#4069 = CARTESIAN_POINT ( 'NONE',  ( -70.85705455051500223, 0.0000000000000000000, 154.3592292166409834 ) ) ;
#4070 = AXIS2_PLACEMENT_3D ( 'NONE', #2904, #4040, #6393 ) ;
#4071 = CARTESIAN_POINT ( 'NONE',  ( -105.0282425151979879, 13.09932242070889963, 372.3987999999999943 ) ) ;
#4072 = CARTESIAN_POINT ( 'NONE',  ( -2.000000000000000000, 2.000000000000000000, 319.7500000000000000 ) ) ;
#4073 = EDGE_CURVE ( 'NONE', #5586, #1487, #4041, .T. ) ;
#4074 = ORIENTED_EDGE ( 'NONE', *, *, #5557, .F. ) ;
#4075 = CARTESIAN_POINT ( 'NONE',  ( -41.06067660224359628, 0.5841564483137809960, 267.6946674048140267 ) ) ;
#4076 = VECTOR ( 'NONE', #6095, 1000.000000000000000 ) ;
#4077 = APPLICATION_PROTOCOL_DEFINITION ( 'international standard', 'config_control_design', 1994, #7266 ) ;
#4078 = EDGE_CURVE ( 'NONE', #3974, #954, #573, .T. ) ;
#4079 = CARTESIAN_POINT ( 'NONE',  ( -105.2887561036920090, 6.597681612626510095, 11.50000000000000000 ) ) ;
#4080 = CARTESIAN_POINT ( 'NONE',  ( -39.33477056452887410, 2.772279139625333677, 268.6544379066506849 ) ) ;
#4081 = CARTESIAN_POINT ( 'NONE',  ( -33.49796923128189974, 2.698057126019450358, 149.4310421725450055 ) ) ;
#4082 = ORIENTED_EDGE ( 'NONE', *, *, #1113, .F. ) ;
#4083 = CARTESIAN_POINT ( 'NONE',  ( -46.62792290196190237, 2.865020876247969639, 137.8609707278629912 ) ) ;
#4084 = DIRECTION ( 'NONE',  ( -0.9988391049000270305, 0.04817097178293869991, 0.0000000000000000000 ) ) ;
#4085 = VECTOR ( 'NONE', #7108, 1000.000000000000000 ) ;
#4086 = ADVANCED_FACE ( 'NONE', ( #1826 ), #4843, .F. ) ;
#4087 = EDGE_LOOP ( 'NONE', ( #4425, #3172, #6968, #1447 ) ) ;
#4088 = CARTESIAN_POINT ( 'NONE',  ( -50.49968901709350177, 0.0000000000000000000, 144.4686372407300041 ) ) ;
#4089 = CARTESIAN_POINT ( 'NONE',  ( -38.43892927997330133, 2.760887166467699938, 149.1577782742650129 ) ) ;
#4090 = CARTESIAN_POINT ( 'NONE',  ( -104.4061639125360585, 0.6461144447241579103, 267.0612154272660064 ) ) ;
#4091 = CARTESIAN_POINT ( 'NONE',  ( -49.38799926869939583, 2.900120887291359750, 138.0232385050310029 ) ) ;
#4092 = CARTESIAN_POINT ( 'NONE',  ( -91.93993779999000537, 3.441220955045889873, 141.1170950380460170 ) ) ;
#4093 = CARTESIAN_POINT ( 'NONE',  ( -14.05662661152040016, 2.450835289238909809, 309.7490000000000236 ) ) ;
#4094 = DIRECTION ( 'NONE',  ( -9.077554920691179095E-30, -6.616533751588020360E-16, 1.000000000000000000 ) ) ;
#4095 = CARTESIAN_POINT ( 'NONE',  ( -39.66023490508639782, 2.776417833945080016, 292.1472303991860144 ) ) ;
#4096 = VERTEX_POINT ( 'NONE', #146 ) ;
#4097 = CARTESIAN_POINT ( 'NONE',  ( -102.7128620838600028, 8.578616674318389812, 314.7490000000000236 ) ) ;
#4098 =( BOUNDED_SURFACE ( )  B_SPLINE_SURFACE ( 3, 3, ( 
 ( #4305, #2498, #1318, #5547, #182, #2574 ),
 ( #4958, #7350, #6213, #6802, #1588, #4491 ),
 ( #256, #2098, #5071, #6920, #6879, #5783 ),
 ( #7426, #1473, #3902, #3281, #2180, #3242 ) ),
 .UNSPECIFIED., .F., .F., .F. ) 
 B_SPLINE_SURFACE_WITH_KNOTS ( ( 4, 4 ),
 ( 4, 2, 4 ),
 ( 0.0000000000000000000, 1.000000000000000000 ),
 ( 0.0000000000000000000, 0.1016369166048250033, 1.000000000000000000 ),
 .UNSPECIFIED. ) 
 GEOMETRIC_REPRESENTATION_ITEM ( )  RATIONAL_B_SPLINE_SURFACE ( (
 ( 1.000000000000000000, 1.000000000000000000, 1.000000000000000000, 1.000000000000000000, 1.000000000000000000, 1.000000000000000000),
 ( 0.8047378541243629391, 0.8047378541243629391, 0.8047378541243629391, 0.8047378541243629391, 0.8047378541243629391, 0.8047378541243629391),
 ( 0.8047378541243629391, 0.8047378541243629391, 0.8047378541243629391, 0.8047378541243629391, 0.8047378541243629391, 0.8047378541243629391),
 ( 1.000000000000000000, 1.000000000000000000, 1.000000000000000000, 1.000000000000000000, 1.000000000000000000, 1.000000000000000000) ) ) 
 REPRESENTATION_ITEM ( '' )  SURFACE ( )  );
#4099 = FACE_OUTER_BOUND ( 'NONE', #3643, .T. ) ;
#4100 = CARTESIAN_POINT ( 'NONE',  ( -112.2272226409119895, 1.052847796719180051, 322.4678746753220366 ) ) ;
#4101 = CARTESIAN_POINT ( 'NONE',  ( -105.4169350090420068, 3.995356370322069139, 318.7500000000000000 ) ) ;
#4102 = AXIS2_PLACEMENT_3D ( 'NONE', #2055, #6918, #4991 ) ;
#4103 = CARTESIAN_POINT ( 'NONE',  ( -12.29529847832148626, 3.845047948433348850, 313.2359160285192274 ) ) ;
#4104 = DIRECTION ( 'NONE',  ( 4.201102815188019679E-13, -2.903348250445450031E-12, 1.000000000000000000 ) ) ;
#4105 = ORIENTED_EDGE ( 'NONE', *, *, #4472, .T. ) ;
#4106 = DIRECTION ( 'NONE',  ( -6.065314064128699344E-14, -2.210105553773349978E-12, 1.000000000000000000 ) ) ;
#4107 = DIRECTION ( 'NONE',  ( 3.506950558086305306E-15, -1.961123667350934610E-16, 1.000000000000000000 ) ) ;
#4108 = CIRCLE ( 'NONE', #2730, 2.000000000000000000 ) ;
#4109 = ORIENTED_EDGE ( 'NONE', *, *, #3504, .T. ) ;
#4110 = CARTESIAN_POINT ( 'NONE',  ( -40.42085317457920013, 0.5835306392890710070, 290.0379420034789746 ) ) ;
#4111 = CARTESIAN_POINT ( 'NONE',  ( -71.49993484203490368, 0.0000000000000000000, 156.4325461331919769 ) ) ;
#4112 = B_SPLINE_CURVE_WITH_KNOTS ( 'NONE', 3,
 ( #3862, #4376, #3818, #5068, #3203, #2649, #883, #7459, #6211, #6765, #4411, #5585, #2096, #843 ),
 .UNSPECIFIED., .F., .F.,
 ( 4, 2, 2, 2, 2, 2, 4 ),
 ( 0.0000000000000000000, 0.0008194290750144410471, 0.001638858150028879709, 0.002458287225043319889, 0.003277716300057759418, 0.004916574450086639778, 0.006555432600115518836 ),
 .UNSPECIFIED. ) ;
#4113 = CARTESIAN_POINT ( 'NONE',  ( -29.52178298227350339, 0.0000000000000000000, 160.2333936353649904 ) ) ;
#4114 = CARTESIAN_POINT ( 'NONE',  ( -104.8537953016209912, 6.678169198587638355, 267.2597817253949302 ) ) ;
#4115 = ORIENTED_EDGE ( 'NONE', *, *, #6724, .F. ) ;
#4116 = CARTESIAN_POINT ( 'NONE',  ( -40.79737219423860495, 0.5838989112064278952, 267.8164508676749733 ) ) ;
#4117 = CARTESIAN_POINT ( 'NONE',  ( -106.1149785590129966, 11.32493448459839946, 283.1544379066509691 ) ) ;
#4118 = B_SPLINE_CURVE_WITH_KNOTS ( 'NONE', 3,
 ( #417, #6296, #926, #5705, #336, #5110, #3864, #4414, #964, #2729, #7499, #2138, #6334, #376, #1430, #999, #6255, #3359, #5742, #4571, #6960, #6373, #846, #1037, #6412, #5232, #5859, #1623, #6488, #2925, #7070, #2331, #492, #5385, #4643, #1112, #7618, #3511, #1742 ),
 .UNSPECIFIED., .F., .F.,
 ( 4, 2, 2, 1, 2, 2, 2, 1, 2, 2, 1, 2, 2, 1, 1, 2, 2, 1, 2, 2, 1, 2, 4 ),
 ( 0.0000000000000000000, 0.04536628138940038135, 0.06804942208411431104, 0.09073256277882824072, 0.1134157034735421704, 0.1247572738208869297, 0.1304280589945589486, 0.1360988441682309813, 0.1814651255576043842, 0.2041482662522910718, 0.2268314069469777594, 0.2495145476416644470, 0.2551853328153314004, 0.2608561179889983261, 0.2721976883363322886, 0.3629302511150379051, 0.4082965325043894089, 0.4536628138937408572, 0.4990290952830923055, 0.5103706656304303202, 0.5217122359777682794, 0.5443953766724440868, 0.7258605022298437737 ),
 .UNSPECIFIED. ) ;
#4119 = CARTESIAN_POINT ( 'NONE',  ( -86.15706162314279482, 0.0000000000000000000, 138.0453456120590090 ) ) ;
#4120 = CARTESIAN_POINT ( 'NONE',  ( -103.5595070272769647, 3.701753670413604258, 266.6932577986587489 ) ) ;
#4121 = CARTESIAN_POINT ( 'NONE',  ( -44.87857585680939820, 2.842775696740280189, 138.2910290583180029 ) ) ;
#4122 = VERTEX_POINT ( 'NONE', #1865 ) ;
#4123 = EDGE_CURVE ( 'NONE', #2395, #854, #7261, .T. ) ;
#4124 = DIRECTION ( 'NONE',  ( 1.000000000000000000, 0.0000000000000000000, 0.0000000000000000000 ) ) ;
#4125 = CARTESIAN_POINT ( 'NONE',  ( -81.71244569703161176, 3.311165081367260399, 148.9289286310460056 ) ) ;
#4126 = CARTESIAN_POINT ( 'NONE',  ( -94.17839333443289718, 3.469686134979030001, 148.9101432455270242 ) ) ;
#4127 = ORIENTED_EDGE ( 'NONE', *, *, #5700, .T. ) ;
#4128 = CARTESIAN_POINT ( 'NONE',  ( -51.13763667609560315, 0.0000000000000000000, 138.8921525488820237 ) ) ;
#4129 = CARTESIAN_POINT ( 'NONE',  ( -47.55723609163970877, 0.0000000000000000000, 145.4587256658940078 ) ) ;
#4130 = CARTESIAN_POINT ( 'NONE',  ( -68.71335731570169969, -0.001000001298026020023, 160.4802146902100048 ) ) ;
#4131 = CARTESIAN_POINT ( 'NONE',  ( -50.40292893448329892, 2.913024601975350070, 145.0689857544480219 ) ) ;
#4132 = CARTESIAN_POINT ( 'NONE',  ( -89.13600633156799802, 3.405565389150519984, 137.8857371528050066 ) ) ;
#4133 = CARTESIAN_POINT ( 'NONE',  ( -7.357736403907430223, 0.0000000000000000000, 315.2500000000000000 ) ) ;
#4134 = ADVANCED_FACE ( 'NONE', ( #3635 ), #2462, .F. ) ;
#4135 = CARTESIAN_POINT ( 'NONE',  ( -24.30527367715960096, 2.581159913317619736, 159.8902136670719756 ) ) ;
#4136 = CARTESIAN_POINT ( 'NONE',  ( -39.20732115025840159, 2.770658457722070089, 291.7750072601299394 ) ) ;
#4137 = EDGE_LOOP ( 'NONE', ( #3554, #4782, #3330, #5815 ) ) ;
#4138 = CARTESIAN_POINT ( 'NONE',  ( -102.6493944863401850, 7.281291928953768533, 314.5890832383997235 ) ) ;
#4139 = EDGE_CURVE ( 'NONE', #1777, #3358, #6883, .T. ) ;
#4140 = CARTESIAN_POINT ( 'NONE',  ( -5.173386177220860027, 3.995356370322069139, 325.6956607797320089 ) ) ;
#4141 = CARTESIAN_POINT ( 'NONE',  ( -110.9419300158269976, 3.552216045176050052, 323.7500000000000000 ) ) ;
#4142 = CARTESIAN_POINT ( 'NONE',  ( -104.8275658781819999, 13.89080364359259967, 293.8544379066510146 ) ) ;
#4143 = CARTESIAN_POINT ( 'NONE',  ( -14.05662661152040016, 2.450835289238909809, 309.7490000000000236 ) ) ;
#4144 = CARTESIAN_POINT ( 'NONE',  ( -106.0928674035669985, 7.351874933467130724, 274.3154313336120254 ) ) ;
#4145 = ORIENTED_EDGE ( 'NONE', *, *, #3079, .T. ) ;
#4146 = DIRECTION ( 'NONE',  ( -0.9988390925805179510, 0.04817122723086519898, 0.0000000000000000000 ) ) ;
#4147 = EDGE_LOOP ( 'NONE', ( #4796, #416, #2626, #1439, #3590 ) ) ;
#4148 = CARTESIAN_POINT ( 'NONE',  ( -41.10628952430700878, 1.793768355445812590, 266.6544379066510260 ) ) ;
#4149 = CARTESIAN_POINT ( 'NONE',  ( -71.56673599626829230, 0.0000000000000000000, 159.2040265033320168 ) ) ;
#4150 = CARTESIAN_POINT ( 'NONE',  ( 0.0000000000000000000, -0.001000001298026020023, 149.1705927090359864 ) ) ;
#4151 = CARTESIAN_POINT ( 'NONE',  ( -104.9688506975840170, 6.994163462223072614, 267.5871209195520919 ) ) ;
#4152 = ORIENTED_EDGE ( 'NONE', *, *, #3130, .T. ) ;
#4153 = FACE_OUTER_BOUND ( 'NONE', #3350, .T. ) ;
#4154 = CARTESIAN_POINT ( 'NONE',  ( -104.9735017887099957, 14.13761165742170078, 372.3987999999999943 ) ) ;
#4155 = CARTESIAN_POINT ( 'NONE',  ( -105.0932437651800058, 7.324441712857000297, 268.6544379066510260 ) ) ;
#4156 = AXIS2_PLACEMENT_3D ( 'NONE', #4592, #7562, #2199 ) ;
#4157 = CARTESIAN_POINT ( 'NONE',  ( -35.83328097946129986, 2.727753710797720110, 149.2033803873839872 ) ) ;
#4158 = VERTEX_POINT ( 'NONE', #4767 ) ;
#4159 = CARTESIAN_POINT ( 'NONE',  ( -113.7126413605929969, 3.973583643090080386, 279.1544379066509691 ) ) ;
#4160 = LINE ( 'NONE', #4780, #4260 ) ;
#4161 = CARTESIAN_POINT ( 'NONE',  ( -114.1091421549670031, 13.00316608220149917, 149.1705927090359864 ) ) ;
#4162 = ORIENTED_EDGE ( 'NONE', *, *, #6335, .T. ) ;
#4163 = CARTESIAN_POINT ( 'NONE',  ( -5.141976950576889749, 3.995356370322069139, 157.8340481156690203 ) ) ;
#4164 = VECTOR ( 'NONE', #7000, 1000.000000000000000 ) ;
#4165 = EDGE_CURVE ( 'NONE', #7174, #1164, #3335, .T. ) ;
#4166 = CARTESIAN_POINT ( 'NONE',  ( -50.89769543711540223, 0.0000000000000000000, 143.0569597574140062 ) ) ;
#4167 = CARTESIAN_POINT ( 'NONE',  ( -37.44383207444760586, 2.748233444252059954, 149.1705927090359864 ) ) ;
#4168 = CARTESIAN_POINT ( 'NONE',  ( -106.2098146117499908, 8.744273145798889146, 274.1544379066509691 ) ) ;
#4169 = CARTESIAN_POINT ( 'NONE',  ( -51.44316172132140252, 2.926252781149790039, 139.3542480640719816 ) ) ;
#4170 = CARTESIAN_POINT ( 'NONE',  ( -90.30096461772291150, 3.420380826455939882, 138.1393652258400095 ) ) ;
#4171 = CARTESIAN_POINT ( 'NONE',  ( -9.054684967972033149, 6.085615533651795417, 313.7134660940673143 ) ) ;
#4172 = VECTOR ( 'NONE', #3953, 1000.000000000000114 ) ;
#4173 = CARTESIAN_POINT ( 'NONE',  ( -23.28398209286660148, 2.568172970938099819, 158.2835318787539904 ) ) ;
#4174 = CARTESIAN_POINT ( 'NONE',  ( -104.8509621475900246, 13.45168003562939596, 267.4828650313972958 ) ) ;
#4175 = ORIENTED_EDGE ( 'NONE', *, *, #7246, .F. ) ;
#4176 = EDGE_CURVE ( 'NONE', #5086, #165, #2800, .T. ) ;
#4177 = DIRECTION ( 'NONE',  ( -0.01271524779707100018, -0.9999191579690125398, 0.0000000000000000000 ) ) ;
#4178 = EDGE_CURVE ( 'NONE', #6194, #4030, #1642, .T. ) ;
#4179 = DIRECTION ( 'NONE',  ( -0.04817122723086530306, -0.9988390925805179510, 0.0000000000000000000 ) ) ;
#4180 = DIRECTION ( 'NONE',  ( 0.01271524779707759387, 0.9999191579690125398, 0.0000000000000000000 ) ) ;
#4181 = EDGE_CURVE ( 'NONE', #6477, #3920, #3014, .T. ) ;
#4182 = CARTESIAN_POINT ( 'NONE',  ( -12.74561972277436617, 3.162951029288715521, 312.3535818334389660 ) ) ;
#4183 = ORIENTED_EDGE ( 'NONE', *, *, #49, .F. ) ;
#4184 = EDGE_CURVE ( 'NONE', #3464, #2650, #2422, .T. ) ;
#4185 = DIRECTION ( 'NONE',  ( 0.0000000000000000000, 0.0000000000000000000, -1.000000000000000000 ) ) ;
#4186 = CARTESIAN_POINT ( 'NONE',  ( -104.9345361039763702, 6.452431259458145441, 290.4860368568181457 ) ) ;
#4187 = ORIENTED_EDGE ( 'NONE', *, *, #1160, .T. ) ;
#4188 = CARTESIAN_POINT ( 'NONE',  ( -41.34196608152250008, 1.797722342852039912, 266.6544379066510260 ) ) ;
#4189 = DIRECTION ( 'NONE',  ( 0.9999191579690124287, -0.01271524779707759387, 0.0000000000000000000 ) ) ;
#4190 = CARTESIAN_POINT ( 'NONE',  ( -72.34475268460390396, 0.0000000000000000000, 149.8159981027159802 ) ) ;
#4191 = DIRECTION ( 'NONE',  ( 0.04817122723086530306, 0.9988390925805179510, 0.0000000000000000000 ) ) ;
#4192 = CARTESIAN_POINT ( 'NONE',  ( -105.3267298346439986, 3.611451094724639876, 372.3987999999999943 ) ) ;
#4193 = B_SPLINE_CURVE_WITH_KNOTS ( 'NONE', 3,
 ( #3772, #3160, #3737, #2527, #174, #793, #3196, #5575, #834, #209, #2601, #4981, #3232, #5613, #3309, #5136, #5690, #6944, #2087, #3891, #6905, #1534, #912, #322, #1572, #2717, #2243, #1061, #7526, #4481, #5812, #3970, #2165, #1650, #6360, #3929, #6319, #4558, #3423, #1612, #6437, #6983, #6281 ),
 .UNSPECIFIED., .F., .F.,
 ( 4, 3, 3, 3, 3, 3, 3, 3, 3, 3, 3, 3, 3, 3, 4 ),
 ( 0.0000000000000000000, 0.0001178881215467570006, 0.0002374545673941839984, 0.0003566042655768979870, 0.0003905413793411759843, 0.0005858120692564599500, 0.0007810827586823519686, 0.0009052530187266489897, 0.001029485003284089919, 0.001140312944435229988, 0.001172058249381329950, 0.001193044516051429979, 0.001319793878165609986, 0.001446666839481019953, 0.001562165517364819947 ),
 .UNSPECIFIED. ) ;
#4194 = CARTESIAN_POINT ( 'NONE',  ( -103.9811805806969005, 5.254354808013886213, 266.0972937574279058 ) ) ;
#4195 = EDGE_LOOP ( 'NONE', ( #5839, #3153, #5352, #1231, #5997 ) ) ;
#4196 = DIRECTION ( 'NONE',  ( 0.0000000000000000000, 0.0000000000000000000, 1.000000000000000000 ) ) ;
#4197 = CARTESIAN_POINT ( 'NONE',  ( -84.56696200467258961, 0.0000000000000000000, 142.6091302517779980 ) ) ;
#4198 = B_SPLINE_CURVE_WITH_KNOTS ( 'NONE', 3,
 ( #5985, #1242, #28, #7018, #2240, #3967, #2424, #6434, #6356, #2793, #5172, #4808, #5808, #5766, #1203, #1058, #3637, #5843, #7563, #2200, #4593, #1830, #3458, #6980, #1609, #4004, #6396, #476, #3420, #437, #2831, #2870, #5211, #7601, #4629, #1323, #4271, #7279, #3100, #2578, #1280, #7319, #1908, #3825, #1362, #1985, #3176, #5479, #3246, #6771, #3752, #6103, #186, #4923, #806, #2021, #3209, #2542, #114, #4309, #3678, #5516, #1947, #4847, #851, #6654, #2503, #735, #1868, #4381, #4346, #6142, #4420, #223, #2617, #6735, #5591, #4885, #769, #1399, #6064, #695, #5552, #4997, #6217, #5629, #4962, #6806, #7355, #3788, #6179, #7391, #1435, #2465, #7238, #6693, #3716 ),
 .UNSPECIFIED., .F., .F.,
 ( 4, 3, 3, 3, 3, 3, 3, 3, 3, 3, 3, 3, 3, 3, 3, 3, 3, 3, 3, 3, 3, 3, 3, 3, 3, 3, 3, 3, 3, 3, 3, 3, 4 ),
 ( 0.0000000000000000000, 0.07074484061843329397, 0.1414896812368259815, 0.2122345218552419976, 0.2829793624736630098, 0.3537242030920579872, 0.4244690437104949865, 0.4952138843288970693, 0.5659587249473110315, 0.6367035655657450333, 0.7074484061841870286, 0.7781932468025889449, 0.8489380874210279426, 0.9196829280394980266, 0.9904277686578408790, 1.061172609276360035, 1.134207481052950106, 1.204952321671340032, 1.275697162289749942, 1.346442002908120106, 1.417186843526550000, 1.487931684144970124, 1.558676524763439986, 1.629421365381799935, 1.700166206000530034, 1.770911046618959928, 1.841655887237430012, 1.912400727855790405, 1.983145568473980047, 2.053890409092379965, 2.124635249710939977, 2.195380090329389855, 2.229730557701720350 ),
 .UNSPECIFIED. ) ;
#4199 = CARTESIAN_POINT ( 'NONE',  ( -105.0545533233377569, 7.054420109516521542, 268.2266597565270558 ) ) ;
#4200 = CARTESIAN_POINT ( 'NONE',  ( -39.34343311930970088, 1.577143931193280002, 268.6544379066510260 ) ) ;
#4201 = ORIENTED_EDGE ( 'NONE', *, *, #4267, .F. ) ;
#4202 = CARTESIAN_POINT ( 'NONE',  ( -114.6361858278951047, 5.841081233018034169, 281.5962119376871442 ) ) ;
#4203 = CARTESIAN_POINT ( 'NONE',  ( -2.063966701603160203, 0.1279334032063320081, 320.7871302637299777 ) ) ;
#4204 = DIRECTION ( 'NONE',  ( -0.04817122723086530306, -0.9988390925805179510, 0.0000000000000000000 ) ) ;
#4205 = CIRCLE ( 'NONE', #64, 114.7820467919760006 ) ;
#4206 = ORIENTED_EDGE ( 'NONE', *, *, #3364, .F. ) ;
#4207 = CARTESIAN_POINT ( 'NONE',  ( -113.6644701333619878, 4.972422735670590122, 279.1544379066509691 ) ) ;
#4208 = CARTESIAN_POINT ( 'NONE',  ( -48.68983166739379698, 0.0000000000000000000, 137.8897664827850065 ) ) ;
#4209 = CYLINDRICAL_SURFACE ( 'NONE', #6921, 4.000000000000003553 ) ;
#4210 = B_SPLINE_CURVE_WITH_KNOTS ( 'NONE', 3,
 ( #4253, #8, #4867, #1304, #5457, #714, #636, #7177, #7260, #7219, #6006, #1891, #132, #6595, #1224, #1851, #6676, #3697, #4328, #3157, #5417, #6084, #92, #2484, #1343, #2524, #1379, #3769, #4365, #1966, #2563, #4291, #3118, #6047, #5498, #1927, #5535, #3619, #50, #4906, #4942, #4788, #2400, #7302 ),
 .UNSPECIFIED., .F., .F.,
 ( 4, 2, 1, 1, 2, 2, 2, 1, 2, 2, 2, 2, 2, 2, 2, 2, 2, 1, 2, 2, 2, 2, 2, 4 ),
 ( 0.2745214926640956454, 0.3652063060812822393, 0.4105487127898682642, 0.4332199161441537827, 0.4445555178212888814, 0.4558911194984239801, 0.5465759329154102897, 0.5919183396238945072, 0.6145895429781367270, 0.6372607463323787247, 0.7279455597493327268, 0.7392811614264560571, 0.7506167631035792764, 0.7732879664578271584, 0.8186303731663246985, 0.8413015765205609231, 0.8469693773591137065, 0.8526371781976664899, 0.8639727798747729448, 0.9093151865831514691, 0.9206507882602609216, 0.9319863899373703742, 0.9546575932915897233, 1.000000000000000000 ),
 .UNSPECIFIED. ) ;
#4211 = DIRECTION ( 'NONE',  ( 0.0000000000000000000, 0.0000000000000000000, 1.000000000000000000 ) ) ;
#4212 = CARTESIAN_POINT ( 'NONE',  ( -8.994473609820580862, 7.308181882542211127, 312.2490000000000236 ) ) ;
#4213 = CARTESIAN_POINT ( 'NONE',  ( -50.77041713607410145, 2.917698051176799812, 146.9756216928840047 ) ) ;
#4214 = CARTESIAN_POINT ( 'NONE',  ( -89.49317879959349398, 3.410108534902560162, 137.9458280441259888 ) ) ;
#4215 = CARTESIAN_POINT ( 'NONE',  ( -102.7993620625519640, 4.266157452520632276, 291.6895396221202077 ) ) ;
#4216 = CARTESIAN_POINT ( 'NONE',  ( -23.93886524139529826, 2.576500561243439957, 155.4324744061579793 ) ) ;
#4217 = CARTESIAN_POINT ( 'NONE',  ( -41.34196608152250008, 1.797722342852039912, 266.6544379066510260 ) ) ;
#4218 = VECTOR ( 'NONE', #2439, 1000.000000000000114 ) ;
#4219 = ORIENTED_EDGE ( 'NONE', *, *, #5122, .F. ) ;
#4220 = CARTESIAN_POINT ( 'NONE',  ( -1.282084449473379850, 0.1332924004247849903, 318.7499999999959641 ) ) ;
#4221 = CARTESIAN_POINT ( 'NONE',  ( -91.41059051833829585, 0.0000000000000000000, 142.8804524935030145 ) ) ;
#4222 = CARTESIAN_POINT ( 'NONE',  ( -100.2766404279229988, 3.547232764980630115, 312.2490000000000236 ) ) ;
#4223 = EDGE_CURVE ( 'NONE', #3296, #6927, #31, .T. ) ;
#4224 = CARTESIAN_POINT ( 'NONE',  ( -40.52095583734605100, 1.581257313827735711, 291.4848472644700905 ) ) ;
#4225 = ORIENTED_EDGE ( 'NONE', *, *, #2843, .F. ) ;
#4226 = CARTESIAN_POINT ( 'NONE',  ( -39.39650438708510904, 1.577338171207049999, 290.1809908242240681 ) ) ;
#4227 = CARTESIAN_POINT ( 'NONE',  ( -105.0323010152830250, 6.923089283543821360, 290.1856673705526646 ) ) ;
#4228 = ORIENTED_EDGE ( 'NONE', *, *, #5814, .T. ) ;
#4229 = CARTESIAN_POINT ( 'NONE',  ( -41.34342688581310199, 1.584433483699279943, 290.6544379066509691 ) ) ;
#4230 = AXIS2_PLACEMENT_3D ( 'NONE', #773, #3142, #118 ) ;
#4231 = CARTESIAN_POINT ( 'NONE',  ( -69.08850025596960620, 0.0000000000000000000, 160.4261652491759946 ) ) ;
#4232 = CARTESIAN_POINT ( 'NONE',  ( -114.6617050199322847, 5.259896545075544161, 282.4681363067055031 ) ) ;
#4233 = EDGE_CURVE ( 'NONE', #3368, #5892, #6062, .T. ) ;
#4234 = CARTESIAN_POINT ( 'NONE',  ( -39.34213890066340014, 1.766904805647119936, 289.6544379066509691 ) ) ;
#4235 = CARTESIAN_POINT ( 'NONE',  ( -63.73111148180789343, 3.082509803320570008, 158.1489359644810122 ) ) ;
#4236 = CARTESIAN_POINT ( 'NONE',  ( -103.6695256906930496, 4.921586296932638049, 266.6609560633177693 ) ) ;
#4237 = CYLINDRICAL_SURFACE ( 'NONE', #4844, 2.000000000000001776 ) ;
#4238 = CIRCLE ( 'NONE', #1095, 1.000000000000000000 ) ;
#4239 = ORIENTED_EDGE ( 'NONE', *, *, #5508, .F. ) ;
#4240 = CARTESIAN_POINT ( 'NONE',  ( -83.82019895624449646, 3.337968235937410100, 148.2443693267060212 ) ) ;
#4241 = EDGE_CURVE ( 'NONE', #3890, #362, #3786, .T. ) ;
#4242 = CARTESIAN_POINT ( 'NONE',  ( -84.90811217133720845, 0.0000000000000000000, 143.8541874842360073 ) ) ;
#4243 = CARTESIAN_POINT ( 'NONE',  ( -105.0084663705391819, 6.794898393648670876, 268.0330365765461238 ) ) ;
#4244 = CARTESIAN_POINT ( 'NONE',  ( -39.35636041542539232, 1.577115658621658811, 268.3499989109518538 ) ) ;
#4245 = EDGE_LOOP ( 'NONE', ( #295, #1516, #4918, #4673, #6212, #3730 ) ) ;
#4246 = CARTESIAN_POINT ( 'NONE',  ( -113.6267624376390017, 5.959983600220229327, 281.7996736480019422 ) ) ;
#4247 = CARTESIAN_POINT ( 'NONE',  ( -70.82160248793348956, 3.172674981302649577, 159.8831608777620090 ) ) ;
#4248 = CARTESIAN_POINT ( 'NONE',  ( -96.89674457963560883, 3.504253388072500197, 149.1507551767700193 ) ) ;
#4249 = VERTEX_POINT ( 'NONE', #6176 ) ;
#4250 = DIRECTION ( 'NONE',  ( 0.04817122723086530306, 0.9988390925805179510, 0.0000000000000000000 ) ) ;
#4251 = LINE ( 'NONE', #1300, #4464 ) ;
#4252 = CARTESIAN_POINT ( 'NONE',  ( -62.44054221136629224, 3.066098504611760145, 149.8159981027159802 ) ) ;
#4253 = CARTESIAN_POINT ( 'NONE',  ( -103.8283394769757564, 5.092867634400310095, 292.3104228484696705 ) ) ;
#4254 = CARTESIAN_POINT ( 'NONE',  ( -112.7643120787219999, 2.000000000000000000, 149.1705927090359864 ) ) ;
#4255 = CARTESIAN_POINT ( 'NONE',  ( 43.12757376993450009, 3.995356370322069139, 245.8300315908140021 ) ) ;
#4256 = CARTESIAN_POINT ( 'NONE',  ( -105.0931971107279992, 7.324065493582909703, 289.6397012068650270 ) ) ;
#4257 = CARTESIAN_POINT ( 'NONE',  ( -24.03508404499230267, 2.577724399874380179, 159.7226698792549939 ) ) ;
#4258 = DIRECTION ( 'NONE',  ( -0.9990236688736084947, 0.04417815105133792580, 2.844716964961380695E-10 ) ) ;
#4259 = CARTESIAN_POINT ( 'NONE',  ( -1.999999999999970024, 0.8775010008004010542, 322.2500000000000000 ) ) ;
#4260 = VECTOR ( 'NONE', #6552, 1000.000000000000000 ) ;
#4261 = CARTESIAN_POINT ( 'NONE',  ( -91.31759604269839770, 0.0000000000000000000, 147.2902330491619978 ) ) ;
#4262 = CARTESIAN_POINT ( 'NONE',  ( -64.51346320133468737, 0.0000000000000000000, 155.0680259509599637 ) ) ;
#4263 = CARTESIAN_POINT ( 'NONE',  ( -39.86271216168459830, 1.578657968300307246, 291.0265047485488594 ) ) ;
#4264 = ORIENTED_EDGE ( 'NONE', *, *, #2550, .F. ) ;
#4265 = CARTESIAN_POINT ( 'NONE',  ( -38.32945050852320179, 2.759495212519210039, 268.6544379066510260 ) ) ;
#4266 = CARTESIAN_POINT ( 'NONE',  ( -104.9917894431455352, 6.711683764804734054, 290.3298423535304096 ) ) ;
#4267 = EDGE_CURVE ( 'NONE', #3320, #439, #5798, .T. ) ;
#4268 = ORIENTED_EDGE ( 'NONE', *, *, #249, .T. ) ;
#4269 = CARTESIAN_POINT ( 'NONE',  ( -103.5197322148143684, 1.645941284828696283, 291.6333814082275921 ) ) ;
#4270 = CARTESIAN_POINT ( 'NONE',  ( -70.78944735143561218, 0.0000000000000000000, 159.9011641152320067 ) ) ;
#4271 = CARTESIAN_POINT ( 'NONE',  ( -23.41790228918900141, 0.0000000000000000000, 157.1570011785780139 ) ) ;
#4272 = CARTESIAN_POINT ( 'NONE',  ( -39.34764798086428073, 2.772442892403541581, 289.9156293157139999 ) ) ;
#4273 = CARTESIAN_POINT ( 'NONE',  ( -64.68207735789320623, 3.094602483765279910, 151.5829287622230197 ) ) ;
#4274 = CARTESIAN_POINT ( 'NONE',  ( -11.80061622879880012, 5.108669135767829772, 314.1930659725999817 ) ) ;
#4275 = CARTESIAN_POINT ( 'NONE',  ( -103.9671719308320661, 13.56898134876060347, 314.7490000000003079 ) ) ;
#4276 = EDGE_LOOP ( 'NONE', ( #872, #1604, #1073, #1765, #3319 ) ) ;
#4277 = LINE ( 'NONE', #6699, #1905 ) ;
#4278 = CARTESIAN_POINT ( 'NONE',  ( -84.82106720159950441, 0.0000000000000000000, 146.9738059229289888 ) ) ;
#4279 = CARTESIAN_POINT ( 'NONE',  ( -104.9853662250390869, 6.680561779126731103, 267.9593034495381971 ) ) ;
#4280 = LINE ( 'NONE', #4858, #2151 ) ;
#4281 = EDGE_LOOP ( 'NONE', ( #6580, #3782, #7497, #1784 ) ) ;
#4282 = CARTESIAN_POINT ( 'NONE',  ( -114.7109136796180167, 4.040889029240685382, 278.4996706519478380 ) ) ;
#4283 = CARTESIAN_POINT ( 'NONE',  ( -70.62940931589739080, 3.170230397256910138, 152.5720398029400258 ) ) ;
#4284 = EDGE_CURVE ( 'NONE', #5305, #3109, #5002, .T. ) ;
#4285 = B_SPLINE_CURVE_WITH_KNOTS ( 'NONE', 3,
 ( #5579, #3012, #7154, #2974, #6571, #4841, #5433, #212, #2420, #1750, #4986, #4405, #2010, #3520, #6610, #5905, #3633, #796, #4227, #5980, #5391, #6021, #23, #1787, #4266, #6536, #653, #537, #1163, #5942, #2460, #4186, #1863, #6167, #1199, #7234, #3593, #7194, #6759, #1386, #3776, #2679, #7531, #836, #5061, #4523, #3894, #3973, #6363, #5179, #1464, #6947, #6909, #1539, #5617, #3857, #2761, #6286, #4561, #2804, #2169, #6247, #2049, #248, #916, #7453, #2642, #5024, #3813, #5733, #367, #3933, #953, #2208, #990, #6323, #7416, #4484, #3349, #326, #4445, #1578, #408, #5139, #3389 ),
 .UNSPECIFIED., .F., .F.,
 ( 4, 2, 1, 1, 1, 2, 2, 2, 1, 1, 2, 2, 2, 1, 1, 2, 2, 2, 1, 1, 1, 2, 2, 2, 2, 1, 1, 2, 2, 2, 2, 1, 1, 1, 2, 2, 2, 1, 1, 1, 2, 2, 2, 1, 1, 1, 2, 2, 2, 1, 1, 2, 2, 4 ),
 ( 0.0000000000000000000, 0.03124999999944782364, 0.04687499999917162791, 0.05468749999902150494, 0.05859374999895707037, 0.06054687499891452801, 0.06249999999887197871, 0.09374999999850577859, 0.1093749999983338050, 0.1171874999982387561, 0.1210937499981912385, 0.1249999999981437071, 0.1562499999979169718, 0.1718749999978033960, 0.1796874999977549070, 0.1835937499977300380, 0.1874999999977051690, 0.2187499999974915621, 0.2343749999973919751, 0.2421874999973429310, 0.2460937499973248621, 0.2480468749973233633, 0.2499999999973219200, 0.3124999999974116260, 0.3437499999974492071, 0.3593749999974749643, 0.3671874999974887310, 0.3710937499975020537, 0.3749999999975153209, 0.4374999999976640352, 0.4687499999977381981, 0.4843749999977668974, 0.4921874999977789988, 0.4960937499977762233, 0.4980468749977748910, 0.4999999999977734477, 0.5624999999978975707, 0.5937499999979598542, 0.6093749999979890530, 0.6171874999980075938, 0.6210937499980188070, 0.6249999999980301313, 0.6874999999982750465, 0.7187499999984025001, 0.7343749999984594545, 0.7421874999984926502, 0.7460937499985136334, 0.7499999999985346166, 0.8124999999989200861, 0.8437499999991068256, 0.8593749999991976418, 0.8671874999992430499, 0.8749999999992883470, 1.000000000000000000 ),
 .UNSPECIFIED. ) ;
#4286 = ORIENTED_EDGE ( 'NONE', *, *, #4599, .T. ) ;
#4287 = FACE_OUTER_BOUND ( 'NONE', #5649, .T. ) ;
#4288 = CARTESIAN_POINT ( 'NONE',  ( -104.3801718860700731, 5.633234502396269328, 313.8787237493181692 ) ) ;
#4289 = CARTESIAN_POINT ( 'NONE',  ( -57.92931897325910029, 3.008732545690660398, 149.1705250507220057 ) ) ;
#4290 = CIRCLE ( 'NONE', #4156, 0.9999999999999932276 ) ;
#4291 = CARTESIAN_POINT ( 'NONE',  ( -105.0457639478182159, 7.264114537220923040, 290.3834791409813647 ) ) ;
#4292 = CARTESIAN_POINT ( 'NONE',  ( -1.654618451255487788, 2.827680304446977377, 322.9930888906440600 ) ) ;
#4293 = FACE_OUTER_BOUND ( 'NONE', #3010, .T. ) ;
#4294 = CARTESIAN_POINT ( 'NONE',  ( -91.21497960891448997, 3.432002186739889993, 147.1097837988709784 ) ) ;
#4295 = CARTESIAN_POINT ( 'NONE',  ( -104.9161244439299026, 6.832126924115734745, 290.5361191378880790 ) ) ;
#4296 = CARTESIAN_POINT ( 'NONE',  ( -1.443214681111850695, 1.443214681111850695, 322.9131518766102431 ) ) ;
#4297 = CIRCLE ( 'NONE', #530, 114.7820467919760006 ) ;
#4298 = CARTESIAN_POINT ( 'NONE',  ( -40.34439129794160550, 0.5834558521987920354, 289.6544379066509691 ) ) ;
#4299 = CARTESIAN_POINT ( 'NONE',  ( -37.44383207444760586, -0.001000001298026020023, 149.1705927090359864 ) ) ;
#4300 = CARTESIAN_POINT ( 'NONE',  ( -104.1945971271660198, 0.6459075120009120097, 291.4034285730219267 ) ) ;
#4301 = VECTOR ( 'NONE', #131, 1000.000000000000000 ) ;
#4302 = CARTESIAN_POINT ( 'NONE',  ( -63.73008787284489784, 0.0000000000000000000, 158.0965018440070082 ) ) ;
#4303 = LINE ( 'NONE', #180, #4076 ) ;
#4304 = VERTEX_POINT ( 'NONE', #1983 ) ;
#4305 = CARTESIAN_POINT ( 'NONE',  ( -39.07972058494019763, 10.38779386146219963, 268.6544379066510260 ) ) ;
#4306 = EDGE_LOOP ( 'NONE', ( #1277, #7399, #4959, #3004, #1814, #4692, #6893, #6572 ) ) ;
#4307 = DIRECTION ( 'NONE',  ( -0.7092018130892532302, -0.7050055236031249617, 0.0000000000000000000 ) ) ;
#4308 = CARTESIAN_POINT ( 'NONE',  ( -17.21702404006340004, 2.491023774598859930, 149.1705927090359864 ) ) ;
#4309 = CARTESIAN_POINT ( 'NONE',  ( -24.34167788484879935, 0.0000000000000000000, 154.0107426627180018 ) ) ;
#4310 = CARTESIAN_POINT ( 'NONE',  ( -38.32945050852320179, 2.759495212519210039, 289.6544379066509691 ) ) ;
#4311 = CARTESIAN_POINT ( 'NONE',  ( -64.05015136200539416, 3.086566710383130019, 159.2485541844430088 ) ) ;
#4312 = CARTESIAN_POINT ( 'NONE',  ( -103.2373504991549282, 4.557979526151508587, 266.5869328044587974 ) ) ;
#4313 = FACE_OUTER_BOUND ( 'NONE', #4739, .T. ) ;
#4314 = CARTESIAN_POINT ( 'NONE',  ( -105.2126599787829946, 8.610404793811101243, 312.2490000000000236 ) ) ;
#4315 = CARTESIAN_POINT ( 'NONE',  ( -84.26813985027330034, 0.0000000000000000000, 141.5239982948859847 ) ) ;
#4316 = CARTESIAN_POINT ( 'NONE',  ( -104.5729587543825687, 5.334147039407532098, 267.2593212397102320 ) ) ;
#4317 = CARTESIAN_POINT ( 'NONE',  ( -105.1679957226069462, 3.597082355904111406, 279.1796122025910449 ) ) ;
#4318 = ORIENTED_EDGE ( 'NONE', *, *, #7422, .F. ) ;
#4319 = CARTESIAN_POINT ( 'NONE',  ( -31.74913404535829997, 0.0000000000000000000, 149.9085275056000057 ) ) ;
#4320 = CARTESIAN_POINT ( 'NONE',  ( -71.32404309299749912, 3.179063551951120115, 159.5049440092210205 ) ) ;
#4321 = ADVANCED_FACE ( 'NONE', ( #1395 ), #5652, .T. ) ;
#4322 = CARTESIAN_POINT ( 'NONE',  ( -102.2911229170496767, 3.998694748152033185, 310.7589978827189157 ) ) ;
#4323 = EDGE_CURVE ( 'NONE', #2849, #1533, #2156, .T. ) ;
#4324 = ORIENTED_EDGE ( 'NONE', *, *, #6517, .T. ) ;
#4325 = DIRECTION ( 'NONE',  ( 4.201102815188019679E-13, -2.903348250445450031E-12, 1.000000000000000000 ) ) ;
#4326 = CARTESIAN_POINT ( 'NONE',  ( -114.0178516640576305, 12.99876339610896636, 274.4151427690415517 ) ) ;
#4327 = CARTESIAN_POINT ( 'NONE',  ( -106.1195305339699928, 4.678127666817790242, 280.0221513608020132 ) ) ;
#4328 = CARTESIAN_POINT ( 'NONE',  ( -104.9088227074557409, 6.829255231654992819, 290.8920205519710862 ) ) ;
#4329 = CARTESIAN_POINT ( 'NONE',  ( -2.547259515933949725, 3.273632223120731322, 323.4768802610473131 ) ) ;
#4330 = CARTESIAN_POINT ( 'NONE',  ( -113.9534343579030775, 0.8346799375917695052, 322.3020686960803687 ) ) ;
#4331 = CARTESIAN_POINT ( 'NONE',  ( -91.17488063548299237, 3.431492264223319655, 147.0313263698129731 ) ) ;
#4332 = ADVANCED_FACE ( 'NONE', ( #7598 ), #3377, .F. ) ;
#4333 = CARTESIAN_POINT ( 'NONE',  ( -104.7193708735060085, 5.708817720047591138, 290.8771088993519811 ) ) ;
#4334 = CARTESIAN_POINT ( 'NONE',  ( -104.8275658781830373, 13.89080364359260322, 267.4828650313972958 ) ) ;
#4335 = CARTESIAN_POINT ( 'NONE',  ( -110.7098093730610060, 4.000000000000000000, 323.7500000000000000 ) ) ;
#4336 = AXIS2_PLACEMENT_3D ( 'NONE', #5789, #6925, #6218 ) ;
#4337 = CARTESIAN_POINT ( 'NONE',  ( -91.01564786866420320, 0.0000000000000000000, 144.2586679300189871 ) ) ;
#4338 = CARTESIAN_POINT ( 'NONE',  ( -64.53296713881610458, 0.0000000000000000000, 159.7328406806160217 ) ) ;
#4339 = CARTESIAN_POINT ( 'NONE',  ( -59.62614411751959409, 0.0000000000000000000, 149.3857278402630016 ) ) ;
#4340 = AXIS2_PLACEMENT_3D ( 'NONE', #5625, #5148, #3983 ) ;
#4341 = ORIENTED_EDGE ( 'NONE', *, *, #619, .F. ) ;
#4342 = CARTESIAN_POINT ( 'NONE',  ( -39.66452980118380367, 2.776472449028409617, 266.1587747936019923 ) ) ;
#4343 = VERTEX_POINT ( 'NONE', #7014 ) ;
#4344 = CARTESIAN_POINT ( 'NONE',  ( -39.27198691319492951, 6.454664549271046603, 290.8260107819049267 ) ) ;
#4345 = CARTESIAN_POINT ( 'NONE',  ( -44.17869279590030374, 0.0000000000000000000, 138.7406621879819966 ) ) ;
#4346 = CARTESIAN_POINT ( 'NONE',  ( -24.48327695005260196, 0.0000000000000000000, 152.5513254981960074 ) ) ;
#4347 = CARTESIAN_POINT ( 'NONE',  ( -64.83310515347250202, 3.096523031500920453, 151.9478506468789760 ) ) ;
#4348 = CARTESIAN_POINT ( 'NONE',  ( -17.21702404006340004, 0.0000000000000000000, 149.1705927090359864 ) ) ;
#4349 = CARTESIAN_POINT ( 'NONE',  ( -87.08153897073030691, -0.001000001298026020023, 137.8609707278629912 ) ) ;
#4350 = CARTESIAN_POINT ( 'NONE',  ( -84.18731907015710192, 3.342635804293249802, 141.1501877463059884 ) ) ;
#4351 = CARTESIAN_POINT ( 'NONE',  ( -84.09946171704439166, 0.0000000000000000000, 140.4974015168760104 ) ) ;
#4352 =( BOUNDED_SURFACE ( )  B_SPLINE_SURFACE ( 3, 2, ( 
 ( #1848, #3116, #3655 ),
 ( #5965, #6593, #2522 ),
 ( #5415, #2397, #1805 ),
 ( #1221, #3731, #2561 ),
 ( #594, #1925, #5455 ),
 ( #3155, #90, #47 ),
 ( #5532, #6119, #7336 ),
 ( #2482, #5, #1181 ),
 ( #2995, #5373, #750 ),
 ( #2440, #4865, #7258 ),
 ( #6636, #4288, #6045 ),
 ( #3617, #169, #904 ),
 ( #6235, #3191, #6157 ),
 ( #788, #6863, #6274 ),
 ( #7518, #1454, #4397 ),
 ( #5130, #2596, #7369 ) ),
 .UNSPECIFIED., .F., .F., .F. ) 
 B_SPLINE_SURFACE_WITH_KNOTS ( ( 4, 2, 2, 2, 2, 2, 2, 4 ),
 ( 3, 3 ),
 ( 4.712388980384689674, 5.105088062083409817, 5.301437602932780102, 5.497787143782139729, 5.694136684631499357, 5.890486225480859872, 6.086835766330219499, 6.283185307179590673 ),
 ( 0.0000000000000000000, 1.000000000000000000 ),
 .UNSPECIFIED. ) 
 GEOMETRIC_REPRESENTATION_ITEM ( )  RATIONAL_B_SPLINE_SURFACE ( (
 ( 1.000000000000000000, 1.000000000000000000, 1.000000000000000000),
 ( 1.000000000000000000, 1.000158581772979893, 1.000000000000000000),
 ( 1.000000000000000000, 0.9867291879189580284, 1.000000000000000000),
 ( 1.000000000000000000, 0.9506740358622550735, 1.000000000000000000),
 ( 1.000000000000000000, 0.9360421834874619318, 1.000000000000000000),
 ( 1.000000000000000000, 0.9031651001989330352, 1.000000000000000000),
 ( 1.000000000000000000, 0.8849191459302420126, 1.000000000000000000),
 ( 1.000000000000000000, 0.8471316616386340703, 1.000000000000000000),
 ( 1.000000000000000000, 0.8275942679198330376, 1.000000000000000000),
 ( 1.000000000000000000, 0.7902180103235110220, 1.000000000000000000),
 ( 1.000000000000000000, 0.7723968198842680044, 1.000000000000000000),
 ( 1.000000000000000000, 0.7418334198129360457, 1.000000000000000000),
 ( 1.000000000000000000, 0.7291288925855999858, 1.000000000000000000),
 ( 1.000000000000000000, 0.7117460039577140352, 1.000000000000000000),
 ( 1.000000000000000000, 0.7070717273044280216, 1.000000000000000000),
 ( 1.000000000000000000, 0.7071067811865480168, 1.000000000000000000) ) ) 
 REPRESENTATION_ITEM ( '' )  SURFACE ( )  );
#4353 = CARTESIAN_POINT ( 'NONE',  ( -112.9671519962930120, 3.995356370322069139, 163.8962259421609815 ) ) ;
#4354 = CARTESIAN_POINT ( 'NONE',  ( -114.7639975833969999, 2.035466637765300124, 319.7500000000000000 ) ) ;
#4355 = VERTEX_POINT ( 'NONE', #1605 ) ;
#4356 = CARTESIAN_POINT ( 'NONE',  ( -105.0539410357470018, 12.56645895492219900, 161.8745000000000118 ) ) ;
#4357 = VECTOR ( 'NONE', #7143, 1000.000000000000114 ) ;
#4358 = CARTESIAN_POINT ( 'NONE',  ( -71.25705132169420608, 3.178211666110450029, 159.5730334412850198 ) ) ;
#4359 = DIRECTION ( 'NONE',  ( 0.9999191579690124287, -0.01271524779707759387, 0.0000000000000000000 ) ) ;
#4360 = ORIENTED_EDGE ( 'NONE', *, *, #7129, .T. ) ;
#4361 = CARTESIAN_POINT ( 'NONE',  ( -113.6268475669120050, 5.958093097454620235, 276.5113580487199556 ) ) ;
#4362 = CARTESIAN_POINT ( 'NONE',  ( -113.0425008268920095, 12.95172494201159807, 275.1544379066509691 ) ) ;
#4363 = CARTESIAN_POINT ( 'NONE',  ( -106.0928674035610015, 7.351874933421259861, 289.6544379066509691 ) ) ;
#4364 = EDGE_CURVE ( 'NONE', #6889, #7468, #5422, .T. ) ;
#4365 = CARTESIAN_POINT ( 'NONE',  ( -105.0348641441508022, 7.223848420506732815, 290.4383254861398882 ) ) ;
#4366 = CARTESIAN_POINT ( 'NONE',  ( -2.528158626721129121, 3.264080374126686834, 323.4693688831256964 ) ) ;
#4367 = CYLINDRICAL_SURFACE ( 'NONE', #5906, 4.000000000000000000 ) ;
#4368 = FACE_OUTER_BOUND ( 'NONE', #664, .T. ) ;
#4369 = CARTESIAN_POINT ( 'NONE',  ( -104.9682005029859653, 6.992222605175860473, 290.7237768315038693 ) ) ;
#4370 = CARTESIAN_POINT ( 'NONE',  ( -113.9565395891265638, 2.433930385892805859, 322.1531446761769075 ) ) ;
#4371 = CARTESIAN_POINT ( 'NONE',  ( -91.13550654389889871, 0.0000000000000000000, 146.9467364918880037 ) ) ;
#4372 = EDGE_CURVE ( 'NONE', #7203, #3499, #2583, .T. ) ;
#4373 = CARTESIAN_POINT ( 'NONE',  ( -64.19854335397690193, 0.0000000000000000000, 156.0141815551859850 ) ) ;
#4374 = CARTESIAN_POINT ( 'NONE',  ( -62.44054221136629224, 0.0000000000000000000, 149.8159981027159802 ) ) ;
#4375 = EDGE_CURVE ( 'NONE', #3260, #5109, #37, .T. ) ;
#4376 = CARTESIAN_POINT ( 'NONE',  ( -105.1005794080740117, 7.057142362701550375, 274.3852398436110320 ) ) ;
#4377 = DIRECTION ( 'NONE',  ( 1.000000000000000000, 0.0000000000000000000, 0.0000000000000000000 ) ) ;
#4378 = EDGE_LOOP ( 'NONE', ( #7748, #3021, #1940, #464 ) ) ;
#4379 = CARTESIAN_POINT ( 'NONE',  ( -39.11456060040963223, 9.718927587920520139, 290.8260107819049267 ) ) ;
#4380 = DIRECTION ( 'NONE',  ( 1.000000000000000000, 0.0000000000000000000, 0.0000000000000000000 ) ) ;
#4381 = CARTESIAN_POINT ( 'NONE',  ( -24.48639515002789580, 0.0000000000000000000, 152.6803575865170046 ) ) ;
#4382 = CIRCLE ( 'NONE', #3138, 250.3959264434619172 ) ;
#4383 = CARTESIAN_POINT ( 'NONE',  ( -64.20217110443729780, 3.088499862830190068, 156.0022972023379850 ) ) ;
#4384 = CARTESIAN_POINT ( 'NONE',  ( -12.36603815672429363, 2.685457848373741019, 311.4364685002088322 ) ) ;
#4385 = CARTESIAN_POINT ( 'NONE',  ( -102.4771405982379946, 14.00277543565299965, 314.7490000000000236 ) ) ;
#4386 = CARTESIAN_POINT ( 'NONE',  ( -85.17525747712939221, 3.355199414316639928, 138.4312932229209991 ) ) ;
#4387 = CARTESIAN_POINT ( 'NONE',  ( -105.1499011491810052, 4.802542562598460130, 282.4270538357669693 ) ) ;
#4388 = DIRECTION ( 'NONE',  ( 1.000000000000000000, 1.269486266960255269E-32, -1.463618016981546876E-15 ) ) ;
#4389 = CARTESIAN_POINT ( 'NONE',  ( -105.1368638034529681, 5.546070429151208181, 276.5177639781682046 ) ) ;
#4390 = ORIENTED_EDGE ( 'NONE', *, *, #6193, .T. ) ;
#4391 = CARTESIAN_POINT ( 'NONE',  ( -30.35666017528409810, 0.0000000000000000000, 151.6281755218350042 ) ) ;
#4392 = CARTESIAN_POINT ( 'NONE',  ( -70.71247278517489576, 3.171286384296469585, 153.6933110050379980 ) ) ;
#4393 = CARTESIAN_POINT ( 'NONE',  ( -102.1779768982342915, 3.949072299876099201, 310.7021440130973815 ) ) ;
#4394 = ORIENTED_EDGE ( 'NONE', *, *, #4078, .F. ) ;
#4395 = CARTESIAN_POINT ( 'NONE',  ( -8.995599854958289399, 7.282713555094010083, 312.2489999992999969 ) ) ;
#4396 =( BOUNDED_SURFACE ( )  B_SPLINE_SURFACE ( 3, 2, ( 
 ( #3887, #278, #1568 ),
 ( #2121, #6788, #318 ),
 ( #3807, #4977, #6198 ),
 ( #7484, #1530, #2713 ),
 ( #3925, #2753, #6315 ),
 ( #5610, #239, #2635 ),
 ( #2672, #5016, #5132 ),
 ( #3848, #5572, #2160 ),
 ( #6238, #4553, #7447 ),
 ( #7409, #869, #2598 ),
 ( #2043, #2082, #4438 ),
 ( #1456, #4477, #1495 ),
 ( #3264, #1019, #5171 ),
 ( #3380, #5210, #4667 ),
 ( #3419, #7091, #2792 ),
 ( #1057, #4080, #1644 ) ),
 .UNSPECIFIED., .F., .F., .F. ) 
 B_SPLINE_SURFACE_WITH_KNOTS ( ( 4, 2, 2, 2, 2, 2, 2, 4 ),
 ( 3, 3 ),
 ( 6.938893903907229918E-18, 0.0005858139160082870408, 0.001171627832016570179, 0.001757441748024849955, 0.002343255664033130382, 0.002929069580041410159, 0.003514883496049689936, 0.004686511328066250356 ),
 ( 0.0000000000000000000, 1.000000000000000000 ),
 .UNSPECIFIED. ) 
 GEOMETRIC_REPRESENTATION_ITEM ( )  RATIONAL_B_SPLINE_SURFACE ( (
 ( 1.000000000000000000, 0.7071067811865480168, 1.000000000000000000),
 ( 1.000000000000000000, 0.7069830408857540327, 1.000000000000000000),
 ( 1.000000000000000000, 0.7068609302383090931, 1.000000000000000000),
 ( 1.000000000000000000, 0.7066199169687119586, 1.000000000000000000),
 ( 1.000000000000000000, 0.7064997502222279957, 1.000000000000000000),
 ( 1.000000000000000000, 0.7062698600974470775, 1.000000000000000000),
 ( 1.000000000000000000, 0.7061604612959500038, 1.000000000000000000),
 ( 1.000000000000000000, 0.7059528541219849407, 1.000000000000000000),
 ( 1.000000000000000000, 0.7058542425553909760, 1.000000000000000000),
 ( 1.000000000000000000, 0.7056770724514879189, 1.000000000000000000),
 ( 1.000000000000000000, 0.7055973510963059470, 1.000000000000000000),
 ( 1.000000000000000000, 0.7054563011755080604, 1.000000000000000000),
 ( 1.000000000000000000, 0.7053961923639270326, 1.000000000000000000),
 ( 1.000000000000000000, 0.7052512603015990145, 1.000000000000000000),
 ( 1.000000000000000000, 0.7051992638223609777, 1.000000000000000000),
 ( 1.000000000000000000, 0.7051997065743350612, 1.000000000000000000) ) ) 
 REPRESENTATION_ITEM ( '' )  SURFACE ( )  );
#4397 = CARTESIAN_POINT ( 'NONE',  ( -105.2168210810179971, 8.283178308798397893, 312.2489999999900192 ) ) ;
#4398 = CARTESIAN_POINT ( 'NONE',  ( -112.6085020763960358, 0.3060879348215269080, 321.3652962060685354 ) ) ;
#4399 = CARTESIAN_POINT ( 'NONE',  ( -103.5370708107480056, 0.6452643878444559444, 267.7180459068210325 ) ) ;
#4400 = CARTESIAN_POINT ( 'NONE',  ( -43.91864827490239520, 2.830569099745440020, 142.0653086183049822 ) ) ;
#4401 = FACE_OUTER_BOUND ( 'NONE', #1571, .T. ) ;
#4402 = CARTESIAN_POINT ( 'NONE',  ( -105.0887686474209914, 7.288081154048820842, 289.8235316754930295 ) ) ;
#4403 = CIRCLE ( 'NONE', #1646, 113.7820467919760006 ) ;
#4404 = FACE_OUTER_BOUND ( 'NONE', #1598, .T. ) ;
#4405 = CARTESIAN_POINT ( 'NONE',  ( -105.0669476879804023, 7.134293501067404009, 290.0095170966068281 ) ) ;
#4406 = DIRECTION ( 'NONE',  ( 0.0000000000000000000, 1.000000000000000000, 0.0000000000000000000 ) ) ;
#4407 = CARTESIAN_POINT ( 'NONE',  ( -64.74705477397399989, 0.0000000000000000000, 154.2785807760139960 ) ) ;
#4408 = CIRCLE ( 'NONE', #1026, 2.000000000000001776 ) ;
#4409 = CARTESIAN_POINT ( 'NONE',  ( -30.80343525292190066, 2.663792326803999799, 159.5730334412889988 ) ) ;
#4410 = EDGE_CURVE ( 'NONE', #1170, #6648, #4550, .T. ) ;
#4411 = CARTESIAN_POINT ( 'NONE',  ( -105.1620458463880112, 4.040868681385630268, 277.0190519835630312 ) ) ;
#4412 = VERTEX_POINT ( 'NONE', #1129 ) ;
#4413 = EDGE_CURVE ( 'NONE', #6828, #5239, #7418, .T. ) ;
#4414 = CARTESIAN_POINT ( 'NONE',  ( -105.0758406819564783, 7.383224370138712800, 268.1082004115617110 ) ) ;
#4415 = CIRCLE ( 'NONE', #3916, 7.654378035012191717 ) ;
#4416 = CARTESIAN_POINT ( 'NONE',  ( -40.17548534499416490, 0.5832906458854342224, 291.6544379066509123 ) ) ;
#4417 = CARTESIAN_POINT ( 'NONE',  ( -113.4282625802590019, 8.965680130093529598, 275.1544379066509691 ) ) ;
#4418 = CARTESIAN_POINT ( 'NONE',  ( -43.56603283414069949, 0.0000000000000000000, 140.3292965622540009 ) ) ;
#4419 = EDGE_CURVE ( 'NONE', #5174, #1648, #4210, .T. ) ;
#4420 = CARTESIAN_POINT ( 'NONE',  ( -24.45819500787899869, 0.0000000000000000000, 152.2978068285459869 ) ) ;
#4421 = CARTESIAN_POINT ( 'NONE',  ( -65.10815973299119719, 3.100020289627579917, 160.0506341578750096 ) ) ;
#4422 = EDGE_CURVE ( 'NONE', #6372, #6477, #3038, .T. ) ;
#4423 = AXIS2_PLACEMENT_3D ( 'NONE', #6468, #1091, #6504 ) ;
#4424 = CARTESIAN_POINT ( 'NONE',  ( -106.1068960362596556, 6.128648880199361493, 276.0162349484611468 ) ) ;
#4425 = ORIENTED_EDGE ( 'NONE', *, *, #4178, .F. ) ;
#4426 = CARTESIAN_POINT ( 'NONE',  ( -84.68580475291580001, 3.348975610087610022, 138.7804550832240125 ) ) ;
#4427 = CARTESIAN_POINT ( 'NONE',  ( -105.0932437651830043, 7.324441712857029607, 283.9934444796770094 ) ) ;
#4428 = CARTESIAN_POINT ( 'NONE',  ( -71.71136438073010311, 0.0000000000000000000, 150.2998467305309873 ) ) ;
#4429 = CARTESIAN_POINT ( 'NONE',  ( -105.2127154621919800, 8.605880615324156935, 283.1544379066511965 ) ) ;
#4430 = ORIENTED_EDGE ( 'NONE', *, *, #907, .F. ) ;
#4431 = CARTESIAN_POINT ( 'NONE',  ( -30.20832802377109871, 0.0000000000000000000, 152.2406367032560013 ) ) ;
#4432 = DIRECTION ( 'NONE',  ( 0.8662767110661219183, 0.0000000000000000000, -0.4995644701782369079 ) ) ;
#4433 = CARTESIAN_POINT ( 'NONE',  ( -0.8195694930442389836, 2.409784746521410170, 322.1899591606240278 ) ) ;
#4434 = ORIENTED_EDGE ( 'NONE', *, *, #1975, .F. ) ;
#4435 = CARTESIAN_POINT ( 'NONE',  ( -114.6574510043299853, 5.423756225952622856, 277.3852764477069854 ) ) ;
#4436 = CARTESIAN_POINT ( 'NONE',  ( -26.40111486757770010, 13.00321644496600015, 160.4802146902090101 ) ) ;
#4437 = CARTESIAN_POINT ( 'NONE',  ( -111.8951204730632867, 1.701071973333104115, 323.0238148048005087 ) ) ;
#4438 = CARTESIAN_POINT ( 'NONE',  ( -38.94630608173790165, 2.767339318121069702, 266.8214958208480425 ) ) ;
#4439 = CARTESIAN_POINT ( 'NONE',  ( -4.961418165267128977, 7.739275378388499327, 161.8755000000000166 ) ) ;
#4440 = CARTESIAN_POINT ( 'NONE',  ( -44.67714407425150114, 2.840214103523669653, 145.9697021804790040 ) ) ;
#4441 = ORIENTED_EDGE ( 'NONE', *, *, #6939, .F. ) ;
#4442 = CARTESIAN_POINT ( 'NONE',  ( -90.85167984634040295, 3.427382315191350060, 145.6197204823700133 ) ) ;
#4443 = CARTESIAN_POINT ( 'NONE',  ( -113.6290140542420488, 5.901714161492935595, 281.7205207710342734 ) ) ;
#4444 = CARTESIAN_POINT ( 'NONE',  ( -39.27198691319489399, 6.454664549271050156, 264.4544379066509805 ) ) ;
#4445 = CARTESIAN_POINT ( 'NONE',  ( -103.6399703865426574, 3.792457675488138946, 291.5973130679568612 ) ) ;
#4446 = CC_DESIGN_APPROVAL ( #6328, ( #2196 ) ) ;
#4447 = CARTESIAN_POINT ( 'NONE',  ( -72.34475268460390396, 3.192043176636470303, 149.8159981027159802 ) ) ;
#4448 = CARTESIAN_POINT ( 'NONE',  ( -40.01954184139970749, 1.777363236422950132, 291.1603915980860506 ) ) ;
#4449 = CARTESIAN_POINT ( 'NONE',  ( -30.20925226129419983, 2.656236532002850037, 152.2077348354659989 ) ) ;
#4450 = LINE ( 'NONE', #2727, #721 ) ;
#4451 = AXIS2_PLACEMENT_3D ( 'NONE', #5019, #3810, #1932 ) ;
#4452 = ORIENTED_EDGE ( 'NONE', *, *, #7036, .F. ) ;
#4453 = PLANE ( 'NONE',  #1072 ) ;
#4454 = DIRECTION ( 'NONE',  ( 0.5004356563159201299, 0.0000000000000000000, -0.8657737313453522932 ) ) ;
#4455 = EDGE_CURVE ( 'NONE', #6514, #6850, #4403, .T. ) ;
#4456 = CARTESIAN_POINT ( 'NONE',  ( -43.75532733276300235, 0.0000000000000000000, 141.4760143862980044 ) ) ;
#4457 = B_SPLINE_CURVE_WITH_KNOTS ( 'NONE', 3,
 ( #7491, #2129, #1768, #7610, #6403, #2247, #7649, #445, #4050, #2878, #6, #484, #5339 ),
 .UNSPECIFIED., .F., .F.,
 ( 4, 2, 2, 1, 1, 1, 2, 4 ),
 ( 0.0000000000000000000, 0.1372607463320600074, 0.2058911194980901360, 0.2402063060811028272, 0.2573638993726090618, 0.2659426960183545186, 0.2702320943412250820, 0.2745214926640956454 ),
 .UNSPECIFIED. ) ;
#4458 = DIRECTION ( 'NONE',  ( 0.0000000000000000000, 0.2491308442505642817, -0.9684698355875629439 ) ) ;
#4459 = CIRCLE ( 'NONE', #3826, 0.9999999999999996669 ) ;
#4460 = CARTESIAN_POINT ( 'NONE',  ( -64.73227504577241120, 3.095240811409200266, 159.8551869333749949 ) ) ;
#4461 = CARTESIAN_POINT ( 'NONE',  ( -12.18068121153200067, 4.060516651931299847, 313.4596524947029934 ) ) ;
#4462 = ORIENTED_EDGE ( 'NONE', *, *, #4184, .F. ) ;
#4463 = CARTESIAN_POINT ( 'NONE',  ( -85.15726659747539884, 3.354970641021720379, 138.4413990225639850 ) ) ;
#4464 = VECTOR ( 'NONE', #1340, 1000.000000000000114 ) ;
#4465 = EDGE_LOOP ( 'NONE', ( #1923, #4530, #218, #4818 ) ) ;
#4466 = DIRECTION ( 'NONE',  ( 0.0000000000000000000, 1.000000000000000000, 0.0000000000000000000 ) ) ;
#4467 = FACE_OUTER_BOUND ( 'NONE', #2858, .T. ) ;
#4468 = CARTESIAN_POINT ( 'NONE',  ( -109.6557690067929940, 0.0000000000000000000, 165.9169518843269771 ) ) ;
#4469 = ORIENTED_EDGE ( 'NONE', *, *, #7721, .T. ) ;
#4470 = CARTESIAN_POINT ( 'NONE',  ( -30.68866315003989698, 0.0000000000000000000, 155.3243242780669959 ) ) ;
#4471 = CARTESIAN_POINT ( 'NONE',  ( -0.5286736085354120096, 2.264336804268409775, 321.7546027035330098 ) ) ;
#4472 = EDGE_CURVE ( 'NONE', #1548, #181, #3530, .T. ) ;
#4473 = EDGE_LOOP ( 'NONE', ( #4187, #4360, #6629, #3877, #5081, #6467 ) ) ;
#4474 = DIRECTION ( 'NONE',  ( -0.4994195462902480398, 0.02408561361543212417, 0.8660254037844450359 ) ) ;
#4475 = DIRECTION ( 'NONE',  ( -0.7230536400546163645, -0.6907918887796592466, 0.0000000000000000000 ) ) ;
#4476 = CARTESIAN_POINT ( 'NONE',  ( -111.3749614731530215, 2.713021254335429067, 323.5373294331168381 ) ) ;
#4477 = CARTESIAN_POINT ( 'NONE',  ( -39.59841791593900240, 2.775631752061952895, 267.6532460967538896 ) ) ;
#4478 = FACE_OUTER_BOUND ( 'NONE', #7087, .T. ) ;
#4479 = CARTESIAN_POINT ( 'NONE',  ( -44.60680502785390189, 2.839319783923079932, 146.3646324642630248 ) ) ;
#4480 = ORIENTED_EDGE ( 'NONE', *, *, #6613, .T. ) ;
#4481 = CARTESIAN_POINT ( 'NONE',  ( -103.5794567227989944, 0.6453058453546620665, 290.5738991903029955 ) ) ;
#4482 = CARTESIAN_POINT ( 'NONE',  ( -103.8283290848234515, 5.092874379955540931, 265.9984838126736690 ) ) ;
#4483 = DIRECTION ( 'NONE',  ( 0.04817122723086530306, 0.9988390925805179510, 0.0000000000000000000 ) ) ;
#4484 = CARTESIAN_POINT ( 'NONE',  ( -103.7357969431655533, 3.906051696317585975, 291.5714071923048891 ) ) ;
#4485 = CARTESIAN_POINT ( 'NONE',  ( -92.01427077679009869, 0.0000000000000000000, 140.7394063319200086 ) ) ;
#4486 = CARTESIAN_POINT ( 'NONE',  ( -73.95158530005049613, 3.212476465325849961, 149.4310421725450055 ) ) ;
#4487 = CARTESIAN_POINT ( 'NONE',  ( -41.07888003878309746, 1.793679433703990078, 291.6544379066509691 ) ) ;
#4488 = CARTESIAN_POINT ( 'NONE',  ( -30.63271618430039922, 2.661621314799329951, 155.1482175623019941 ) ) ;
#4489 = ORIENTED_EDGE ( 'NONE', *, *, #3740, .T. ) ;
#4490 = ORIENTED_EDGE ( 'NONE', *, *, #4037, .T. ) ;
#4491 = CARTESIAN_POINT ( 'NONE',  ( -39.34705861651448799, 0.5824803646412810565, 267.4828650313969547 ) ) ;
#4492 = B_SPLINE_CURVE_WITH_KNOTS ( 'NONE', 3,
 ( #3783, #1862, #3674, #6098, #802, #4919, #2459, #65, #6173, #4342, #3712, #3205, #5587, #7233, #219, #1981, #765, #6649, #4993, #4880, #4840, #3132, #6137, #3748, #6767, #5511, #6730, #731, #2017, #6060, #4265 ),
 .UNSPECIFIED., .F., .F.,
 ( 4, 3, 3, 3, 3, 3, 3, 3, 3, 3, 4 ),
 ( 0.0000000000000000000, 0.0005858139160082670915, 0.001171627832016530063, 0.001757441748024800299, 0.002343255664033070101, 0.002929069580041329928, 0.003514883496049600597, 0.003858612800727449603, 0.004202477864962349610, 0.004536913229902080069, 0.004686511328066140201 ),
 .UNSPECIFIED. ) ;
#4493 = CARTESIAN_POINT ( 'NONE',  ( -71.90113621176320180, 3.186402017984450108, 150.1390782926150109 ) ) ;
#4494 = CARTESIAN_POINT ( 'NONE',  ( -43.63153659655829841, -1.928745209673939925E-21, 139.6337628329650045 ) ) ;
#4495 = DIRECTION ( 'NONE',  ( 1.000000000000000000, 0.0000000000000000000, 0.0000000000000000000 ) ) ;
#4496 = CARTESIAN_POINT ( 'NONE',  ( -3.118902406155700024, 3.995356370322069139, 315.2500000000000000 ) ) ;
#4497 = CARTESIAN_POINT ( 'NONE',  ( -7.344533915293768978, 3.995356370322069584, 314.3499999999999091 ) ) ;
#4498 = ORIENTED_EDGE ( 'NONE', *, *, #630, .F. ) ;
#4499 = EDGE_CURVE ( 'NONE', #543, #1861, #1575, .T. ) ;
#4500 = CARTESIAN_POINT ( 'NONE',  ( -84.75835858289549662, 3.349898272667289678, 138.7182872516400209 ) ) ;
#4501 = ORIENTED_EDGE ( 'NONE', *, *, #3980, .T. ) ;
#4502 = CARTESIAN_POINT ( 'NONE',  ( -52.84085623724340053, -0.001000001298026020023, 148.5251873153569875 ) ) ;
#4503 = DIRECTION ( 'NONE',  ( -0.4930127300831752546, -0.8700220962572928762, 0.0000000000000000000 ) ) ;
#4504 = AXIS2_PLACEMENT_3D ( 'NONE', #29, #7199, #7280 ) ;
#4505 = CARTESIAN_POINT ( 'NONE',  ( -105.2127154621920084, 8.605880615324151606, 284.1544379066509691 ) ) ;
#4506 = ORIENTED_EDGE ( 'NONE', *, *, #1151, .T. ) ;
#4507 = CARTESIAN_POINT ( 'NONE',  ( -30.17186387597179831, 0.0000000000000000000, 152.7509276713490181 ) ) ;
#4508 = CARTESIAN_POINT ( 'NONE',  ( -0.2433703556326729800, 0.2433703556326729800, 321.2452681180538434 ) ) ;
#4509 = EDGE_CURVE ( 'NONE', #7423, #2698, #4052, .T. ) ;
#4510 = ORIENTED_EDGE ( 'NONE', *, *, #2118, .F. ) ;
#4511 = CARTESIAN_POINT ( 'NONE',  ( -114.6870172146440012, 4.673304873640449664, 276.6512085765029951 ) ) ;
#4512 = DIRECTION ( 'NONE',  ( -0.8662767110661317993, 0.0000000000000000000, -0.4995644701782198660 ) ) ;
#4513 = CARTESIAN_POINT ( 'NONE',  ( -111.7777609053824079, 1.929549375653815568, 323.1743531913297716 ) ) ;
#4514 = CARTESIAN_POINT ( 'NONE',  ( -106.1132215828898353, 5.575681315567530660, 281.7619090426218236 ) ) ;
#4515 = CARTESIAN_POINT ( 'NONE',  ( -103.3840680855039977, 0.6451147364216950342, 267.6734752656259957 ) ) ;
#4516 = CARTESIAN_POINT ( 'NONE',  ( -44.46039049660740261, 2.837458136843030054, 146.8497969417159936 ) ) ;
#4517 = ORIENTED_EDGE ( 'NONE', *, *, #5814, .F. ) ;
#4518 = ADVANCED_FACE ( 'NONE', ( #2003 ), #4396, .T. ) ;
#4519 = CARTESIAN_POINT ( 'NONE',  ( -111.6365241221579936, 0.8775010007995570627, 322.2500000000000000 ) ) ;
#4520 = CARTESIAN_POINT ( 'NONE',  ( -113.6201240711593812, 6.098504847242124605, 281.9376055636154774 ) ) ;
#4521 = EDGE_CURVE ( 'NONE', #1334, #145, #4290, .T. ) ;
#4522 = CARTESIAN_POINT ( 'NONE',  ( -51.43315157140540350, 0.0000000000000000000, 147.7332208066009969 ) ) ;
#4523 = CARTESIAN_POINT ( 'NONE',  ( -104.7310889117140675, 5.746656661955631407, 290.8578976450358482 ) ) ;
#4524 = ORIENTED_EDGE ( 'NONE', *, *, #6136, .T. ) ;
#4525 = CARTESIAN_POINT ( 'NONE',  ( -91.49363738677479319, 0.0000000000000000000, 138.7739908128139916 ) ) ;
#4526 = CARTESIAN_POINT ( 'NONE',  ( -76.28689704824810747, 3.242173050104350196, 149.2033803873829925 ) ) ;
#4527 = CARTESIAN_POINT ( 'NONE',  ( -112.9671519962900135, 3.995356370322069139, 323.7500000000000000 ) ) ;
#4528 = CARTESIAN_POINT ( 'NONE',  ( -30.73860562188459866, 2.662967768611519848, 155.4852280657449910 ) ) ;
#4529 = CARTESIAN_POINT ( 'NONE',  ( -104.2584806773129742, 8.564239428906317286, 291.6544379066509123 ) ) ;
#4530 = ORIENTED_EDGE ( 'NONE', *, *, #811, .F. ) ;
#4531 = VERTEX_POINT ( 'NONE', #7056 ) ;
#4532 = PLANE ( 'NONE',  #4340 ) ;
#4533 = CARTESIAN_POINT ( 'NONE',  ( -71.42831602445761519, 3.180389515306730086, 150.5876465314910035 ) ) ;
#4534 = AXIS2_PLACEMENT_3D ( 'NONE', #2343, #7196, #3636 ) ;
#4535 = CARTESIAN_POINT ( 'NONE',  ( -44.59549214224950475, 0.0000000000000000000, 144.4944443061569928 ) ) ;
#4536 = CARTESIAN_POINT ( 'NONE',  ( -105.1119214563949669, 7.534222544900013752, 312.1916533483534977 ) ) ;
#4537 = CARTESIAN_POINT ( 'NONE',  ( -107.2605271331457999, 3.995356370322069139, 161.8755000000000166 ) ) ;
#4538 = CARTESIAN_POINT ( 'NONE',  ( -2.939419985849427430, 3.995356370322069139, 318.7500000000000000 ) ) ;
#4539 = VERTEX_POINT ( 'NONE', #6395 ) ;
#4540 = AXIS2_PLACEMENT_3D ( 'NONE', #5062, #4406, #3275 ) ;
#4541 = DIRECTION ( 'NONE',  ( 0.9988390925805179510, -0.04817122723086530306, -4.966075749511360231E-15 ) ) ;
#4542 = ORIENTED_EDGE ( 'NONE', *, *, #3450, .T. ) ;
#4543 = CARTESIAN_POINT ( 'NONE',  ( 43.12757376993450009, 3.995356370322069139, 245.8300315908140021 ) ) ;
#4544 = CARTESIAN_POINT ( 'NONE',  ( -71.71580837300199107, 0.0000000000000000000, 158.8967616892249737 ) ) ;
#4545 = VECTOR ( 'NONE', #1240, 1000.000000000000114 ) ;
#4546 = CARTESIAN_POINT ( 'NONE',  ( -106.1116998854989930, 5.729218793382749197, 276.3702270934530247 ) ) ;
#4547 = CARTESIAN_POINT ( 'NONE',  ( -31.33599567276020181, 0.0000000000000000000, 157.6113554470390170 ) ) ;
#4548 = LINE ( 'NONE', #2115, #4607 ) ;
#4549 = VERTEX_POINT ( 'NONE', #2312 ) ;
#4550 = LINE ( 'NONE', #3491, #3054 ) ;
#4551 = PERSON_AND_ORGANIZATION ( #6822, #814 ) ;
#4552 = CARTESIAN_POINT ( 'NONE',  ( -111.3835429389806677, 2.696379428092402275, 323.5316156575248101 ) ) ;
#4553 = CARTESIAN_POINT ( 'NONE',  ( -40.01018230122630115, 2.780867861546529429, 267.1502383918721080 ) ) ;
#4554 = CARTESIAN_POINT ( 'NONE',  ( -114.7120313747537637, 4.008506409234701806, 279.4838333314578449 ) ) ;
#4555 = CARTESIAN_POINT ( 'NONE',  ( -43.36754165039989317, 2.823561066590259738, 148.2539870053959987 ) ) ;
#4556 = ORIENTED_EDGE ( 'NONE', *, *, #2411, .F. ) ;
#4557 = ADVANCED_FACE ( 'NONE', ( #3494 ), #511, .F. ) ;
#4558 = CARTESIAN_POINT ( 'NONE',  ( -103.3872197233680055, 0.6451178190275080881, 290.6348150886909707 ) ) ;
#4559 = CARTESIAN_POINT ( 'NONE',  ( -113.4689447325893923, 8.496780512285655007, 283.1544379066509691 ) ) ;
#4560 = CARTESIAN_POINT ( 'NONE',  ( -52.42035673170419585, -1.647288794774120092E-21, 148.3466307399590107 ) ) ;
#4561 = CARTESIAN_POINT ( 'NONE',  ( -104.4235287414658586, 5.001135814257835932, 291.1936745134041189 ) ) ;
#4562 = ORIENTED_EDGE ( 'NONE', *, *, #541, .T. ) ;
#4563 = EDGE_CURVE ( 'NONE', #3792, #3852, #6979, .T. ) ;
#4564 = DIRECTION ( 'NONE',  ( 0.0000000000000000000, 0.0000000000000000000, 1.000000000000000000 ) ) ;
#4565 = CARTESIAN_POINT ( 'NONE',  ( -64.95225034290230326, 0.0000000000000000000, 153.0476806342120142 ) ) ;
#4566 = CARTESIAN_POINT ( 'NONE',  ( -39.75082407728839229, 1.773216912315629834, 290.8729991901059861 ) ) ;
#4567 = CARTESIAN_POINT ( 'NONE',  ( -30.49869115148459997, 2.659917106328339997, 151.2965225842380050 ) ) ;
#4568 = CARTESIAN_POINT ( 'NONE',  ( -24.49257280818610027, 2.583541555965499725, 152.7180889944209810 ) ) ;
#4569 = CARTESIAN_POINT ( 'NONE',  ( -104.4300564015891695, 1.648862324509166921, 267.0555730518174187 ) ) ;
#4570 = ORIENTED_EDGE ( 'NONE', *, *, #6439, .F. ) ;
#4571 = CARTESIAN_POINT ( 'NONE',  ( -104.9443480466167955, 6.929421968120855979, 267.5223654673274609 ) ) ;
#4572 = DIRECTION ( 'NONE',  ( 1.000000000000000000, 0.0000000000000000000, 0.0000000000000000000 ) ) ;
#4573 = CARTESIAN_POINT ( 'NONE',  ( -96.97838864849560991, 3.995356370322069139, 158.7172774756429874 ) ) ;
#4574 = CARTESIAN_POINT ( 'NONE',  ( -1.807315091076550084, 3.995356370322069139, 315.2500000000000000 ) ) ;
#4575 = CARTESIAN_POINT ( 'NONE',  ( -64.70814547066810007, 3.094933975068949739, 159.8408997789070156 ) ) ;
#4576 =( GEOMETRIC_REPRESENTATION_CONTEXT ( 3 ) GLOBAL_UNCERTAINTY_ASSIGNED_CONTEXT ( ( #7706 ) ) GLOBAL_UNIT_ASSIGNED_CONTEXT ( ( #473, #3492, #5763 ) ) REPRESENTATION_CONTEXT ( 'NONE', 'WORKASPACE' ) );
#4577 = PLANE ( 'NONE',  #105 ) ;
#4578 = ORIENTED_EDGE ( 'NONE', *, *, #3942, .F. ) ;
#4579 = CARTESIAN_POINT ( 'NONE',  ( -107.4400095534520148, 3.995356370322069139, 322.2500000000000000 ) ) ;
#4580 = ORIENTED_EDGE ( 'NONE', *, *, #4165, .F. ) ;
#4581 = CARTESIAN_POINT ( 'NONE',  ( -40.13493759274177819, 1.779368946890483194, 291.2505502944309796 ) ) ;
#4582 = VECTOR ( 'NONE', #5650, 1000.000000000000000 ) ;
#4583 = CARTESIAN_POINT ( 'NONE',  ( -71.45765905314260635, 0.0000000000000000000, 156.2972270795310124 ) ) ;
#4584 = CYLINDRICAL_SURFACE ( 'NONE', #1948, 114.7820467919760006 ) ;
#4585 = B_SPLINE_CURVE_WITH_KNOTS ( 'NONE', 3,
 ( #334, #2136, #1547, #3943, #962, #3357, #5740, #5623, #2573, #5031, #6957, #3546, #4136, #2290, #5891, #4095, #2923, #5186, #4608, #5230, #4018, #6410, #2328, #5857, #7616, #7106, #4716, #2768, #5146, #1071, #7539 ),
 .UNSPECIFIED., .F., .F.,
 ( 4, 3, 3, 3, 3, 3, 3, 3, 3, 3, 4 ),
 ( 0.0000000000000000000, 0.0005858139101741319417, 0.001171627820348259980, 0.001757441730522400162, 0.002343255640696529935, 0.002929069550870659708, 0.003514883461044789915, 0.003858531642765300300, 0.004202317471408360816, 0.004536677208800350518, 0.004686511281393059870 ),
 .UNSPECIFIED. ) ;
#4586 = CARTESIAN_POINT ( 'NONE',  ( -31.04820193029049946, 0.0000000000000000000, 159.3014791848260074 ) ) ;
#4587 = CARTESIAN_POINT ( 'NONE',  ( -105.0196842742910093, 6.844600333614009990, 268.0576878762039996 ) ) ;
#4588 = CIRCLE ( 'NONE', #7585, 6.000000000000005329 ) ;
#4589 = ORIENTED_EDGE ( 'NONE', *, *, #3662, .F. ) ;
#4590 = CARTESIAN_POINT ( 'NONE',  ( -1.807315091076570068, 3.995356370322069139, 322.2500000000000000 ) ) ;
#4591 = CARTESIAN_POINT ( 'NONE',  ( -4.000000000000000000, 7.692908858248279635, 323.7500000000000000 ) ) ;
#4592 = CARTESIAN_POINT ( 'NONE',  ( -106.2098146117499908, 8.744273145798910463, 284.1544379066509691 ) ) ;
#4593 = CARTESIAN_POINT ( 'NONE',  ( -23.46468930345230319, 0.0000000000000000000, 159.0495806834919676 ) ) ;
#4594 = CARTESIAN_POINT ( 'NONE',  ( -44.19642107291640087, 2.834101459871099848, 138.7304925027549984 ) ) ;
#4595 = ORIENTED_EDGE ( 'NONE', *, *, #4413, .F. ) ;
#4596 = CARTESIAN_POINT ( 'NONE',  ( -106.2126457168429994, 8.617691027423850514, 284.1544379066509691 ) ) ;
#4597 = CARTESIAN_POINT ( 'NONE',  ( -103.5075682162051436, 4.781985488546823149, 265.8228782752457278 ) ) ;
#4598 = ORIENTED_EDGE ( 'NONE', *, *, #2458, .T. ) ;
#4599 = EDGE_CURVE ( 'NONE', #3358, #3376, #5877, .T. ) ;
#4600 = CARTESIAN_POINT ( 'NONE',  ( -51.59782217076570277, 0.0000000000000000000, 140.5042279681500190 ) ) ;
#4601 = CARTESIAN_POINT ( 'NONE',  ( -39.84801278581889505, 2.778805241306669949, 149.0886150958060057 ) ) ;
#4602 = ORIENTED_EDGE ( 'NONE', *, *, #2512, .T. ) ;
#4603 = CARTESIAN_POINT ( 'NONE',  ( -103.1851512589930167, 1.644920654915590141, 266.6544379066510260 ) ) ;
#4604 = CARTESIAN_POINT ( 'NONE',  ( -74.51881188241520704, 3.219689113015799631, 149.3508966228270083 ) ) ;
#4605 = CARTESIAN_POINT ( 'NONE',  ( -38.72503922608959925, 2.764525627757779880, 291.1562928699410122 ) ) ;
#4606 = CARTESIAN_POINT ( 'NONE',  ( -24.36842629026019935, 2.581963084475950243, 153.9068084387150179 ) ) ;
#4607 = VECTOR ( 'NONE', #5010, 1000.000000000000114 ) ;
#4608 = CARTESIAN_POINT ( 'NONE',  ( -40.17882912577760379, 2.783012421087120103, 292.4250611808619738 ) ) ;
#4609 = EDGE_LOOP ( 'NONE', ( #5472, #273 ) ) ;
#4610 = CARTESIAN_POINT ( 'NONE',  ( -40.34341320195709812, 1.583455373862799886, 289.6544379066509691 ) ) ;
#4611 = CARTESIAN_POINT ( 'NONE',  ( -105.1901225061590281, 0.6468812318451087062, 289.9165542078117710 ) ) ;
#4612 = CARTESIAN_POINT ( 'NONE',  ( -43.62308300635490355, 0.0000000000000000000, 148.0357956401419983 ) ) ;
#4613 = CARTESIAN_POINT ( 'NONE',  ( -62.44054221136629224, 13.00321644496600015, 149.8159981027159802 ) ) ;
#4614 = ADVANCED_FACE ( 'NONE', ( #5765 ), #4003, .T. ) ;
#4615 = CARTESIAN_POINT ( 'NONE',  ( -12.19022818188071788, 4.053344574581636550, 313.4408594832078165 ) ) ;
#4616 = DIRECTION ( 'NONE',  ( 0.0000000000000000000, 1.424034944233021999E-13, -1.000000000000000000 ) ) ;
#4617 = ORIENTED_EDGE ( 'NONE', *, *, #6431, .F. ) ;
#4618 = EDGE_CURVE ( 'NONE', #2902, #3890, #7556, .T. ) ;
#4619 = FACE_OUTER_BOUND ( 'NONE', #3047, .T. ) ;
#4620 = ORIENTED_EDGE ( 'NONE', *, *, #2796, .F. ) ;
#4621 = CARTESIAN_POINT ( 'NONE',  ( -40.43357426339620275, 0.5835430817409129611, 290.0672184780970042 ) ) ;
#4622 = CARTESIAN_POINT ( 'NONE',  ( -71.01294166292839805, 0.0000000000000000000, 154.9101712212130053 ) ) ;
#4623 = CARTESIAN_POINT ( 'NONE',  ( -31.37620227973990339, 0.0000000000000000000, 157.9828251785619955 ) ) ;
#4624 = CARTESIAN_POINT ( 'NONE',  ( -104.8945883598420039, 6.283410661722889756, 267.7249323250850352 ) ) ;
#4625 = VERTEX_POINT ( 'NONE', #5404 ) ;
#4626 = CARTESIAN_POINT ( 'NONE',  ( -41.34440498179760226, 0.5844339620352689835, 267.6544379066510260 ) ) ;
#4627 = CARTESIAN_POINT ( 'NONE',  ( -105.2887561036900053, 6.597681612626439929, 372.3987999999999943 ) ) ;
#4628 = CARTESIAN_POINT ( 'NONE',  ( -103.8483939606910980, 4.050288490205105951, 266.7757034500441478 ) ) ;
#4629 = CARTESIAN_POINT ( 'NONE',  ( -23.36105860424240177, 0.0000000000000000000, 157.4159060599280053 ) ) ;
#4630 = CARTESIAN_POINT ( 'NONE',  ( -43.71234841977710062, 2.827945626997700135, 139.3812031987519902 ) ) ;
#4631 = EDGE_LOOP ( 'NONE', ( #345, #4510, #6429, #6704 ) ) ;
#4632 = DIRECTION ( 'NONE',  ( 0.8650200284677292961, -0.04171750651340220412, 0.4999999999999930611 ) ) ;
#4633 = CARTESIAN_POINT ( 'NONE',  ( -39.34213890066340014, 1.766904805648899845, 289.6544379066509691 ) ) ;
#4634 = EDGE_LOOP ( 'NONE', ( #5982, #3249, #2206, #3799, #2354 ) ) ;
#4635 = CARTESIAN_POINT ( 'NONE',  ( -50.44627062270939888, 0.0000000000000000000, 144.7733395776209875 ) ) ;
#4636 = PLANE ( 'NONE',  #4915 ) ;
#4637 = CARTESIAN_POINT ( 'NONE',  ( -70.44550405338320331, 13.00321644496600015, 155.5306577074939867 ) ) ;
#4638 = CARTESIAN_POINT ( 'NONE',  ( -51.51986251064399625, 2.927228129541399770, 139.5523570618159965 ) ) ;
#4639 = CARTESIAN_POINT ( 'NONE',  ( -9.312088041570625307, 5.663954123066065272, 312.1006500269731418 ) ) ;
#4640 = CARTESIAN_POINT ( 'NONE',  ( -104.8275658781829947, 13.89080364359259967, 289.6544379066509691 ) ) ;
#4641 = CYLINDRICAL_SURFACE ( 'NONE', #5596, 1.000000000000000888 ) ;
#4642 = ORIENTED_EDGE ( 'NONE', *, *, #1914, .F. ) ;
#4643 = CARTESIAN_POINT ( 'NONE',  ( -104.4172060998183156, 5.839886153063750918, 266.5285830166759524 ) ) ;
#4644 =( BOUNDED_CURVE ( )  B_SPLINE_CURVE ( 3, ( #2076, #313, #5089, #2307 ),
 .UNSPECIFIED., .F., .F. ) 
 B_SPLINE_CURVE_WITH_KNOTS ( ( 4, 4 ),
 ( 4.736396784513929425, 4.737819907092549521 ),
 .UNSPECIFIED. ) 
 CURVE ( )  GEOMETRIC_REPRESENTATION_ITEM ( )  RATIONAL_B_SPLINE_CURVE ( ( 1.000000000000000000, 0.9999998312268509881, 0.9999998312268509881, 1.000000000000000000 ) ) 
 REPRESENTATION_ITEM ( '' )  );
#4645 = CARTESIAN_POINT ( 'NONE',  ( -113.6538774513823427, 5.285975966806572224, 277.6015927216064370 ) ) ;
#4646 = CARTESIAN_POINT ( 'NONE',  ( -44.64134399699599953, 0.0000000000000000000, 144.7650598922860183 ) ) ;
#4647 = CARTESIAN_POINT ( 'NONE',  ( -68.71335731570160021, -0.001000001298026020023, 160.4802146902100048 ) ) ;
#4648 = EDGE_CURVE ( 'NONE', #854, #2475, #3569, .T. ) ;
#4649 = CARTESIAN_POINT ( 'NONE',  ( -13.28358981918758630, 2.681506585952361021, 311.2892111240666964 ) ) ;
#4650 = EDGE_CURVE ( 'NONE', #4937, #5346, #4816, .T. ) ;
#4651 = CYLINDRICAL_SURFACE ( 'NONE', #1223, 5.000000000000000888 ) ;
#4652 = ORIENTED_EDGE ( 'NONE', *, *, #6519, .F. ) ;
#4653 = CARTESIAN_POINT ( 'NONE',  ( -39.34971099005132800, 0.5824829589184102874, 289.6544379066511397 ) ) ;
#4654 = CARTESIAN_POINT ( 'NONE',  ( -113.1223387349420051, 0.03230670239586779652, 319.7500000000000000 ) ) ;
#4655 = VECTOR ( 'NONE', #3253, 1000.000000000000000 ) ;
#4656 = ORIENTED_EDGE ( 'NONE', *, *, #7192, .T. ) ;
#4657 = CARTESIAN_POINT ( 'NONE',  ( -40.01546791746350351, 1.777423384632518477, 291.1518306045151689 ) ) ;
#4658 = CARTESIAN_POINT ( 'NONE',  ( -70.97129622829911000, 0.0000000000000000000, 154.7721481301010158 ) ) ;
#4659 = EDGE_CURVE ( 'NONE', #6910, #3296, #38, .T. ) ;
#4660 = CARTESIAN_POINT ( 'NONE',  ( -29.31506537438559690, 0.0000000000000000000, 160.2862090830760167 ) ) ;
#4661 = CIRCLE ( 'NONE', #654, 1.000000000000000888 ) ;
#4662 = CARTESIAN_POINT ( 'NONE',  ( -8.646044848997970433, 3.995356370322069139, 159.8547740578360106 ) ) ;
#4663 = ORIENTED_EDGE ( 'NONE', *, *, #3839, .T. ) ;
#4664 = CARTESIAN_POINT ( 'NONE',  ( -40.83306208788350489, 0.5839338193647840569, 267.7951817116779694 ) ) ;
#4665 = FACE_OUTER_BOUND ( 'NONE', #5140, .T. ) ;
#4666 = VECTOR ( 'NONE', #2145, 1000.000000000000000 ) ;
#4667 = CARTESIAN_POINT ( 'NONE',  ( -38.40905239237270052, 2.760507452028969855, 267.8646084979179705 ) ) ;
#4668 = CARTESIAN_POINT ( 'NONE',  ( -114.6709792593172068, 5.051646350906493055, 282.2180218786276669 ) ) ;
#4669 = CARTESIAN_POINT ( 'NONE',  ( -35.06823666328899236, 2.718025117525620260, 149.2520882168889784 ) ) ;
#4670 = ORIENTED_EDGE ( 'NONE', *, *, #4983, .T. ) ;
#4671 = CARTESIAN_POINT ( 'NONE',  ( -113.6613103516490071, 5.078550525317890418, 280.2076098714560430 ) ) ;
#4672 = CARTESIAN_POINT ( 'NONE',  ( -1.095827861744700149, 3.995356370322069139, 318.7499999999959641 ) ) ;
#4673 = ORIENTED_EDGE ( 'NONE', *, *, #7294, .T. ) ;
#4674 = CARTESIAN_POINT ( 'NONE',  ( -50.38652148435290457, 0.0000000000000000000, 145.3721540229890081 ) ) ;
#4675 = CARTESIAN_POINT ( 'NONE',  ( -42.99652753305959862, 2.818843051174050096, 148.5251873153569875 ) ) ;
#4676 = CARTESIAN_POINT ( 'NONE',  ( -41.34705765984249837, 0.5844365566102529552, 290.6544379066509691 ) ) ;
#4677 = CARTESIAN_POINT ( 'NONE',  ( -50.89966699589520260, 2.919341369174619949, 143.0518813348319895 ) ) ;
#4678 = CARTESIAN_POINT ( 'NONE',  ( -11.87572936142099955, 2.909521480727110809, 310.8364444721607924 ) ) ;
#4679 = CARTESIAN_POINT ( 'NONE',  ( -24.01362523811199878, 2.577451260452039872, 155.1997386027539960 ) ) ;
#4680 = DIRECTION ( 'NONE',  ( 1.000000000000000000, 0.0000000000000000000, 0.0000000000000000000 ) ) ;
#4681 = ORIENTED_EDGE ( 'NONE', *, *, #5899, .T. ) ;
#4682 = CARTESIAN_POINT ( 'NONE',  ( -28.25974124693320277, -0.001000001298026020023, 160.4802146902100048 ) ) ;
#4683 = CARTESIAN_POINT ( 'NONE',  ( -105.1331870011130007, 1.650701365468429938, 290.1777014338049980 ) ) ;
#4684 = CARTESIAN_POINT ( 'NONE',  ( -112.7643120675800077, 0.0000000000000000000, 320.0755716007780052 ) ) ;
#4685 = CARTESIAN_POINT ( 'NONE',  ( -102.8269319397230106, 3.579662975232019928, 11.49999999999980105 ) ) ;
#4686 = CARTESIAN_POINT ( 'NONE',  ( -13.58814586170443484, 2.533035209715107872, 310.6838491398488031 ) ) ;
#4687 = CARTESIAN_POINT ( 'NONE',  ( -100.6690396102659975, 0.0000000000000000000, 152.6515808367279874 ) ) ;
#4688 = ORIENTED_EDGE ( 'NONE', *, *, #7230, .F. ) ;
#4689 = CARTESIAN_POINT ( 'NONE',  ( -106.0928674035610015, 7.351874933421310487, 268.6544379066510260 ) ) ;
#4690 = CARTESIAN_POINT ( 'NONE',  ( -1.637909052153259992, 3.995356370322069139, 159.8547740578320031 ) ) ;
#4691 = EDGE_CURVE ( 'NONE', #6820, #6423, #6187, .T. ) ;
#4692 = ORIENTED_EDGE ( 'NONE', *, *, #3942, .T. ) ;
#4693 = CARTESIAN_POINT ( 'NONE',  ( -70.64644367141079329, 0.0000000000000000000, 152.3666667257969891 ) ) ;
#4694 = LINE ( 'NONE', #1206, #6958 ) ;
#4695 = LINE ( 'NONE', #2346, #1722 ) ;
#4696 = VERTEX_POINT ( 'NONE', #266 ) ;
#4697 = CARTESIAN_POINT ( 'NONE',  ( -40.34679987325749551, 0.5834582080177629360, 268.5749417765380258 ) ) ;
#4698 = AXIS2_PLACEMENT_3D ( 'NONE', #136, #6201, #6719 ) ;
#4699 = CARTESIAN_POINT ( 'NONE',  ( 0.0000000000000000000, 7.500000000000000000, 319.7500000000000000 ) ) ;
#4700 = CARTESIAN_POINT ( 'NONE',  ( -1.830245898733459997, 0.007217135485356339711, 323.7500000000000000 ) ) ;
#4701 = CARTESIAN_POINT ( 'NONE',  ( -44.56858271641509361, 2.838833742816509798, 138.4662152579289796 ) ) ;
#4702 = ORIENTED_EDGE ( 'NONE', *, *, #7525, .F. ) ;
#4703 = CARTESIAN_POINT ( 'NONE',  ( -113.5986204512809934, 6.534138661020560512, 282.3371500064099564 ) ) ;
#4704 = DIRECTION ( 'NONE',  ( 0.04817122723086530306, 0.9988390925805179510, 0.0000000000000000000 ) ) ;
#4705 = AXIS2_PLACEMENT_3D ( 'NONE', #2396, #5337, #6044 ) ;
#4706 = EDGE_CURVE ( 'NONE', #2902, #3490, #3658, .T. ) ;
#4707 = CARTESIAN_POINT ( 'NONE',  ( -105.2103562079479957, 8.711365713970028679, 274.1544379066509691 ) ) ;
#4708 = EDGE_LOOP ( 'NONE', ( #7685, #732, #3066, #7061 ) ) ;
#4709 = CARTESIAN_POINT ( 'NONE',  ( -51.35198881805509785, 0.0000000000000000000, 141.6682198058350082 ) ) ;
#4710 = CARTESIAN_POINT ( 'NONE',  ( -41.34440498179760226, 0.5844339620352689835, 267.6544379066510260 ) ) ;
#4711 = CARTESIAN_POINT ( 'NONE',  ( -75.05534619337601043, -0.001000001298026020023, 159.6787754808030115 ) ) ;
#4712 = CARTESIAN_POINT ( 'NONE',  ( -49.85629467214370436, 2.906075188683939547, 138.1538347196009795 ) ) ;
#4713 = CARTESIAN_POINT ( 'NONE',  ( -91.72824141624769823, 3.438528872973329875, 139.0366187088390291 ) ) ;
#4714 = CARTESIAN_POINT ( 'NONE',  ( -10.79179099276061393, 3.596232507143974022, 311.3740040648657441 ) ) ;
#4715 = CARTESIAN_POINT ( 'NONE',  ( -1.807315091076570068, 3.995356370322069139, 322.2500000000000000 ) ) ;
#4716 = CARTESIAN_POINT ( 'NONE',  ( -41.06473590369890303, 2.794277856014140138, 292.6447347725269879 ) ) ;
#4717 = ORIENTED_EDGE ( 'NONE', *, *, #1714, .T. ) ;
#4718 = LINE ( 'NONE', #2256, #4085 ) ;
#4719 = DIRECTION ( 'NONE',  ( -0.9988390925805179510, 0.04817122723086530306, 0.0000000000000000000 ) ) ;
#4720 = CARTESIAN_POINT ( 'NONE',  ( -112.6875651384719959, 0.1507474481342949701, 320.8490828438790459 ) ) ;
#4721 = FACE_OUTER_BOUND ( 'NONE', #7215, .T. ) ;
#4722 = VECTOR ( 'NONE', #5304, 1000.000000000000000 ) ;
#4723 = CARTESIAN_POINT ( 'NONE',  ( -44.91639044889569732, -0.001000001298026020023, 142.8199153411109990 ) ) ;
#4724 = CARTESIAN_POINT ( 'NONE',  ( -2.000000000000000000, 2.000000000000000000, 323.7500000000000000 ) ) ;
#4725 = EDGE_LOOP ( 'NONE', ( #1558, #7133, #1662, #5641 ) ) ;
#4726 = CARTESIAN_POINT ( 'NONE',  ( -74.24262977558910848, 13.00321644496600015, 149.1705927090359864 ) ) ;
#4727 = FACE_OUTER_BOUND ( 'NONE', #5924, .T. ) ;
#4728 = VERTEX_POINT ( 'NONE', #7397 ) ;
#4729 = CARTESIAN_POINT ( 'NONE',  ( -22.76971949867539990, 0.0000000000000000000, 149.8159981027159802 ) ) ;
#4730 = CARTESIAN_POINT ( 'NONE',  ( -1.807315091076550084, 3.995356370322069139, 315.2500000000000000 ) ) ;
#4731 = CARTESIAN_POINT ( 'NONE',  ( -62.90179790576150509, 3.071964369842799858, 150.0052607772890099 ) ) ;
#4732 = EDGE_CURVE ( 'NONE', #5750, #6534, #350, .T. ) ;
#4733 = CARTESIAN_POINT ( 'NONE',  ( 0.0000000000000000000, 0.0000000000000000000, 284.1544379066509691 ) ) ;
#4734 = ORIENTED_EDGE ( 'NONE', *, *, #247, .T. ) ;
#4735 = CARTESIAN_POINT ( 'NONE',  ( -85.03019484834788955, 3.353354759935069929, 146.3486089409180124 ) ) ;
#4736 = CARTESIAN_POINT ( 'NONE',  ( -84.90781989733640955, 0.0000000000000000000, 138.6008267311170243 ) ) ;
#4737 = CARTESIAN_POINT ( 'NONE',  ( -104.3173237142667062, 4.791798457575735526, 267.0305085461444605 ) ) ;
#4738 = CARTESIAN_POINT ( 'NONE',  ( -37.44383207444760586, 2.748233444252059954, 149.1705927090359864 ) ) ;
#4739 = EDGE_LOOP ( 'NONE', ( #5494, #5490, #2170, #7191 ) ) ;
#4740 = CARTESIAN_POINT ( 'NONE',  ( -114.4757590264129874, 8.385860436715487864, 284.1220876626360337 ) ) ;
#4741 = CARTESIAN_POINT ( 'NONE',  ( -111.2378976158341288, 12.86469395575250374, 318.7500000000000000 ) ) ;
#4742 = EDGE_CURVE ( 'NONE', #1491, #516, #3760, .T. ) ;
#4743 = CARTESIAN_POINT ( 'NONE',  ( -96.12882173315530565, 3.494488525085350350, 149.1178669924070164 ) ) ;
#4744 = EDGE_CURVE ( 'NONE', #6423, #3189, #5276, .T. ) ;
#4745 = ORIENTED_EDGE ( 'NONE', *, *, #3311, .T. ) ;
#4746 = DIRECTION ( 'NONE',  ( 0.0000000000000000000, -1.000000000000000000, -2.886579864025407005E-12 ) ) ;
#4747 = CARTESIAN_POINT ( 'NONE',  ( -50.88118114884029808, 0.0000000000000000000, 147.1468274525760194 ) ) ;
#4748 = DIRECTION ( 'NONE',  ( 0.04817122723086530306, 0.9988390925805179510, 0.0000000000000000000 ) ) ;
#4749 = EDGE_CURVE ( 'NONE', #3499, #1864, #1520, .T. ) ;
#4750 = LINE ( 'NONE', #6518, #3784 ) ;
#4751 = CIRCLE ( 'NONE', #622, 1.000000000000000000 ) ;
#4752 = CARTESIAN_POINT ( 'NONE',  ( -50.53786770189350364, 2.914740784836809873, 146.4651302085999873 ) ) ;
#4753 = CARTESIAN_POINT ( 'NONE',  ( -88.94016535008579183, 3.403075021215750340, 137.8609707278629912 ) ) ;
#4754 = ADVANCED_FACE ( 'NONE', ( #4467 ), #6266, .F. ) ;
#4755 = DIRECTION ( 'NONE',  ( -3.410689977343330069E-15, 4.337127444284189734E-17, -1.000000000000000000 ) ) ;
#4756 = B_SPLINE_CURVE_WITH_KNOTS ( 'NONE', 3,
 ( #241, #2674, #2045, #4555, #2123, #833, #2755, #6942, #7486, #2085, #5173, #280, #6200, #1420, #3889, #3809, #4516, #6903, #1532, #6317, #4479, #7523, #947, #4440, #402, #7449, #3230, #3307, #6867, #3344, #2637, #5096, #2162, #5767, #1570, #5728, #6358, #984, #3382, #2005, #5018, #4400, #1497, #7411, #6790, #6827, #1459, #3851, #6240, #871, #3266, #5688, #5648, #6278, #910, #5290, #7057, #586, #4630, #2832, #1021, #7092, #3495, #438, #6397, #5809, #4594, #6509, #1133, #4701, #1723, #2987, #1760, #4121, #5212, #5253, #3531, #1096, #7603 ),
 .UNSPECIFIED., .F., .F.,
 ( 4, 3, 3, 3, 3, 3, 3, 3, 3, 3, 3, 3, 3, 3, 3, 3, 3, 3, 3, 3, 3, 3, 3, 3, 3, 3, 4 ),
 ( 0.0000000000000000000, 0.04598878432783159997, 0.1027752512319920070, 0.1445273782147359909, 0.1595617181361519976, 0.2063914472811869960, 0.2678238520217679497, 0.2833368258114710159, 0.3357139043411200285, 0.3977939446453180872, 0.4170328420438890182, 0.5089001966523770681, 0.5927500436218330337, 0.6482422878710459857, 0.7440470330163460044, 0.8594801674400519564, 0.9031100630254430550, 0.9443231331534740480, 0.9793165700024701881, 1.005970294587980041, 1.062004372016380094, 1.090462457940230001, 1.125047106180320000, 1.180709914434059815, 1.185597148103729959, 1.300702072758709971, 1.381855549378929959 ),
 .UNSPECIFIED. ) ;
#4757 = CARTESIAN_POINT ( 'NONE',  ( 0.0000000000000000000, 2.000000000000000000, 323.7500000000000000 ) ) ;
#4758 = CARTESIAN_POINT ( 'NONE',  ( -105.0865742339170055, 8.591120789383650092, 268.6544379066510260 ) ) ;
#4759 = ORIENTED_EDGE ( 'NONE', *, *, #6949, .F. ) ;
#4760 = CARTESIAN_POINT ( 'NONE',  ( -100.9293025444897722, 3.685679334044938749, 311.0577394107903046 ) ) ;
#4761 = CARTESIAN_POINT ( 'NONE',  ( -113.6507357739127571, 5.371136983184367608, 277.4125692815422894 ) ) ;
#4762 = PLANE ( 'NONE',  #5786 ) ;
#4763 = CARTESIAN_POINT ( 'NONE',  ( -13.21202169612121935, 2.729421042795086905, 311.4309978853931966 ) ) ;
#4764 = EDGE_LOOP ( 'NONE', ( #3558, #2073, #2384, #4115 ) ) ;
#4765 = CARTESIAN_POINT ( 'NONE',  ( -113.0282464483289999, 0.01308287230764593016, 163.9717476727973349 ) ) ;
#4766 = CARTESIAN_POINT ( 'NONE',  ( -105.1851464518889969, 1.650855100457929936, 268.6544379066510260 ) ) ;
#4767 = CARTESIAN_POINT ( 'NONE',  ( -102.7128620838600028, 8.578616674318389812, 314.7490000000000236 ) ) ;
#4768 = CARTESIAN_POINT ( 'NONE',  ( -21.91744017113170173, 2.550794606501439965, 149.5784336479540002 ) ) ;
#4769 = CARTESIAN_POINT ( 'NONE',  ( -80.33399372163380292, 0.0000000000000000000, 149.1705927090359864 ) ) ;
#4770 = CARTESIAN_POINT ( 'NONE',  ( -64.22647314600379786, 3.088808931209639841, 150.9181174184920167 ) ) ;
#4771 = CARTESIAN_POINT ( 'NONE',  ( -11.88315225431550104, 4.828773849211129843, 314.0351251421740244 ) ) ;
#4772 = ORIENTED_EDGE ( 'NONE', *, *, #5603, .T. ) ;
#4773 = CARTESIAN_POINT ( 'NONE',  ( -100.2766404279229988, 3.547232764980630115, 292.6544379066509691 ) ) ;
#4774 = CARTESIAN_POINT ( 'NONE',  ( -84.40958355311418870, 0.0000000000000000000, 142.0610825927499832 ) ) ;
#4775 = CARTESIAN_POINT ( 'NONE',  ( -104.9271402428136355, 6.421804366707654310, 267.8053056314283822 ) ) ;
#4776 = VECTOR ( 'NONE', #5788, 1000.000000000000000 ) ;
#4777 = CARTESIAN_POINT ( 'NONE',  ( 147.2187693871719887, 0.4001185672800739446, 314.7489999987819829 ) ) ;
#4778 = ORIENTED_EDGE ( 'NONE', *, *, #6051, .F. ) ;
#4779 = CARTESIAN_POINT ( 'NONE',  ( -114.5536789602520855, 7.254216677378157563, 282.7543870503819790 ) ) ;
#4780 = CARTESIAN_POINT ( 'NONE',  ( -111.4861586422829873, 3.995356370322069139, 315.2500000000000000 ) ) ;
#4781 = CARTESIAN_POINT ( 'NONE',  ( -97.58305379227680021, 3.512980394318919508, 149.1683783122659861 ) ) ;
#4782 = ORIENTED_EDGE ( 'NONE', *, *, #3946, .F. ) ;
#4783 = LINE ( 'NONE', #3694, #6462 ) ;
#4784 = VECTOR ( 'NONE', #2606, 1000.000000000000000 ) ;
#4785 = CARTESIAN_POINT ( 'NONE',  ( -49.31827519070549926, 0.0000000000000000000, 138.0046543596369872 ) ) ;
#4786 = CARTESIAN_POINT ( 'NONE',  ( -105.1679957226069888, 3.597082355918390650, 279.1292636065857664 ) ) ;
#4787 = EDGE_CURVE ( 'NONE', #2849, #1631, #6853, .T. ) ;
#4788 = CARTESIAN_POINT ( 'NONE',  ( -105.1106179565890244, 7.539602829098807746, 289.8118623046686935 ) ) ;
#4789 = CARTESIAN_POINT ( 'NONE',  ( -0.5063795293325429325, 2.253350282440443664, 321.7024958569957107 ) ) ;
#4790 = CARTESIAN_POINT ( 'NONE',  ( -51.41051918990350345, 2.925837689717250001, 147.7148117991540062 ) ) ;
#4791 = CARTESIAN_POINT ( 'NONE',  ( -90.85442757333460406, 3.427417195942629835, 145.4723798412190092 ) ) ;
#4792 = CARTESIAN_POINT ( 'NONE',  ( -7.165051494981000246, 3.995356370322069139, 322.2500000000000000 ) ) ;
#4793 = AXIS2_PLACEMENT_3D ( 'NONE', #2311, #6469, #1720 ) ;
#4794 = LINE ( 'NONE', #5423, #842 ) ;
#4795 = DIRECTION ( 'NONE',  ( 0.0000000000000000000, 0.0000000000000000000, 1.000000000000000000 ) ) ;
#4796 = ORIENTED_EDGE ( 'NONE', *, *, #1733, .F. ) ;
#4797 = CARTESIAN_POINT ( 'NONE',  ( -33.78901370682080341, 13.00321644496600015, 149.1705927090359864 ) ) ;
#4798 = EDGE_CURVE ( 'NONE', #7174, #2924, #2779, .T. ) ;
#4799 = CARTESIAN_POINT ( 'NONE',  ( -90.93467771107549424, 0.0000000000000000000, 144.6649301478859968 ) ) ;
#4800 = DIRECTION ( 'NONE',  ( 1.000000000000000000, 0.0000000000000000000, 0.0000000000000000000 ) ) ;
#4801 = LINE ( 'NONE', #1235, #6831 ) ;
#4802 = ADVANCED_FACE ( 'NONE', ( #4967 ), #5044, .F. ) ;
#4803 = ORIENTED_EDGE ( 'NONE', *, *, #5318, .F. ) ;
#4804 = CARTESIAN_POINT ( 'NONE',  ( -40.34439129794160550, 0.5834558521987790458, 289.6544379066509691 ) ) ;
#4805 = CARTESIAN_POINT ( 'NONE',  ( -97.17107355741899255, 0.0000000000000000000, 158.7172774756429874 ) ) ;
#4806 = CARTESIAN_POINT ( 'NONE',  ( -102.8269319397230106, 3.579662975232019928, 265.6544379066509691 ) ) ;
#4807 = CARTESIAN_POINT ( 'NONE',  ( -41.18749972322070363, 1.795758106035300061, 291.6544379066509691 ) ) ;
#4808 = CARTESIAN_POINT ( 'NONE',  ( -24.24902658559589952, 0.0000000000000000000, 159.8623529696390051 ) ) ;
#4809 = FACE_OUTER_BOUND ( 'NONE', #747, .T. ) ;
#4810 = CARTESIAN_POINT ( 'NONE',  ( -105.0012955040200069, 13.62303811808740051, 372.3987999999999943 ) ) ;
#4811 = CYLINDRICAL_SURFACE ( 'NONE', #5484, 7.654378035012191717 ) ;
#4812 = CARTESIAN_POINT ( 'NONE',  ( -104.1628871793110420, 9.545683074924484757, 314.7490000000003079 ) ) ;
#4813 = ORIENTED_EDGE ( 'NONE', *, *, #5264, .T. ) ;
#4814 = CARTESIAN_POINT ( 'NONE',  ( -52.84085623724340053, 2.944026250107679932, 148.5251873153569875 ) ) ;
#4815 = CARTESIAN_POINT ( 'NONE',  ( -84.91782768971809503, 0.0000000000000000000, 146.7371552459239865 ) ) ;
#4816 = LINE ( 'NONE', #5995, #1273 ) ;
#4817 = CARTESIAN_POINT ( 'NONE',  ( -41.34440498179761647, 0.5844339620352679843, 266.6544379066510828 ) ) ;
#4818 = ORIENTED_EDGE ( 'NONE', *, *, #1822, .T. ) ;
#4819 = CARTESIAN_POINT ( 'NONE',  ( -71.78533232076300408, 3.184929818351580177, 157.5840735323999979 ) ) ;
#4820 = CARTESIAN_POINT ( 'NONE',  ( -105.0539410357330041, 12.56645895519829992, 274.1544379066509691 ) ) ;
#4821 = AXIS2_PLACEMENT_3D ( 'NONE', #7466, #1436, #5153 ) ;
#4822 = EDGE_LOOP ( 'NONE', ( #1101, #3279, #553, #2137 ) ) ;
#4823 = DIRECTION ( 'NONE',  ( 0.0000000000000000000, 0.0000000000000000000, -1.000000000000000000 ) ) ;
#4824 = CARTESIAN_POINT ( 'NONE',  ( -113.1752919104343675, 12.95812908608961145, 275.1544379066509691 ) ) ;
#4825 = LINE ( 'NONE', #5416, #4301 ) ;
#4826 = CARTESIAN_POINT ( 'NONE',  ( -106.0991562655064087, 6.648861989887746127, 282.6414230962298575 ) ) ;
#4827 = CARTESIAN_POINT ( 'NONE',  ( -3.457100660900632949, 3.728642639909501622, 323.7133160034725847 ) ) ;
#4828 = VECTOR ( 'NONE', #885, 1000.000000000000000 ) ;
#4829 = CARTESIAN_POINT ( 'NONE',  ( -89.83569646833119293, 3.414465001637190245, 138.0143113072230108 ) ) ;
#4830 = CARTESIAN_POINT ( 'NONE',  ( -107.5903750333320090, 0.8775010007995570627, 322.2500000000000000 ) ) ;
#4831 = CARTESIAN_POINT ( 'NONE',  ( -23.28175723978349865, 2.568144594660190183, 158.1628440673510170 ) ) ;
#4832 = EDGE_CURVE ( 'NONE', #2698, #3368, #3874, .T. ) ;
#4833 = VECTOR ( 'NONE', #3303, 1000.000000000000000 ) ;
#4834 = CARTESIAN_POINT ( 'NONE',  ( -105.2007761474119292, 8.065269550457326631, 275.1719545691104258 ) ) ;
#4835 = CARTESIAN_POINT ( 'NONE',  ( -92.57156071898809557, 0.0000000000000000000, 148.5251873153569875 ) ) ;
#4836 = CARTESIAN_POINT ( 'NONE',  ( -63.74869753553220875, 0.0000000000000000000, 157.8179173683060128 ) ) ;
#4837 = CARTESIAN_POINT ( 'NONE',  ( -39.34343311934401299, 1.577143925760830401, 289.7907360134056489 ) ) ;
#4838 = ORIENTED_EDGE ( 'NONE', *, *, #4987, .F. ) ;
#4839 = ADVANCED_FACE ( 'NONE', ( #1992 ), #936, .F. ) ;
#4840 = CARTESIAN_POINT ( 'NONE',  ( -38.47702618362330185, 2.761371825506139910, 267.7184055311560087 ) ) ;
#4841 = CARTESIAN_POINT ( 'NONE',  ( -105.0808489749349235, 7.231023488449935144, 289.8989684550760444 ) ) ;
#4842 = ORIENTED_EDGE ( 'NONE', *, *, #4985, .F. ) ;
#4843 = PLANE ( 'NONE',  #2921 ) ;
#4844 = AXIS2_PLACEMENT_3D ( 'NONE', #1285, #3104, #3720 ) ;
#4845 = CARTESIAN_POINT ( 'NONE',  ( -70.50182884390990523, 0.0000000000000000000, 160.0459150018070034 ) ) ;
#4846 = EDGE_CURVE ( 'NONE', #4304, #3358, #2276, .T. ) ;
#4847 = CARTESIAN_POINT ( 'NONE',  ( -24.43754971944699861, 0.0000000000000000000, 153.4702449000419904 ) ) ;
#4848 =( BOUNDED_CURVE ( )  B_SPLINE_CURVE ( 3, ( #7244, #7204, #1877, #5485 ),
 .UNSPECIFIED., .F., .F. ) 
 B_SPLINE_CURVE_WITH_KNOTS ( ( 4, 4 ),
 ( 1.449086697042049510, 1.692505956547631918 ),
 .UNSPECIFIED. ) 
 CURVE ( )  GEOMETRIC_REPRESENTATION_ITEM ( )  RATIONAL_B_SPLINE_CURVE ( ( 1.000000000000000000, 0.9950683476634676339, 0.9950683476634676339, 1.000000000000000000 ) ) 
 REPRESENTATION_ITEM ( '' )  );
#4849 = CARTESIAN_POINT ( 'NONE',  ( -39.35508831055659584, 1.767104931719470029, 289.9163427738109817 ) ) ;
#4850 = CARTESIAN_POINT ( 'NONE',  ( -63.95524121039969145, 3.085359423866019579, 156.7910812470289841 ) ) ;
#4851 = CARTESIAN_POINT ( 'NONE',  ( -11.49642254948470033, 7.263749886283470403, 314.7465993764240011 ) ) ;
#4852 = CARTESIAN_POINT ( 'NONE',  ( -9.188126039393159417, 3.995356370322069139, 318.7500000000000000 ) ) ;
#4853 = AXIS2_PLACEMENT_3D ( 'NONE', #5939, #569, #6533 ) ;
#4854 = ORIENTED_EDGE ( 'NONE', *, *, #4846, .T. ) ;
#4855 = CARTESIAN_POINT ( 'NONE',  ( -105.2103562021590477, 8.711365889779642657, 313.2845339104222262 ) ) ;
#4856 = CARTESIAN_POINT ( 'NONE',  ( -84.11473387863449602, 0.0000000000000000000, 139.9001802128680083 ) ) ;
#4857 = CARTESIAN_POINT ( 'NONE',  ( -104.9533091739562423, 6.532357544747502409, 267.8691603924791025 ) ) ;
#4858 = CARTESIAN_POINT ( 'NONE',  ( -72.34475268460390396, -0.001000001298026020023, 149.8159981027159802 ) ) ;
#4859 = ORIENTED_EDGE ( 'NONE', *, *, #2799, .F. ) ;
#4860 = CARTESIAN_POINT ( 'NONE',  ( -114.7002956378928076, 4.331798566470784095, 277.3850880702316886 ) ) ;
#4861 = CARTESIAN_POINT ( 'NONE',  ( -70.62850715836270865, 3.170218800662450320, 152.8820517012889866 ) ) ;
#4862 = CARTESIAN_POINT ( 'NONE',  ( -105.1158941431130813, 11.28185008266880551, 275.1544379062919461 ) ) ;
#4863 = ORIENTED_EDGE ( 'NONE', *, *, #5760, .F. ) ;
#4864 = DIRECTION ( 'NONE',  ( -1.000000000000000000, -2.602085213965208275E-15, 0.0000000000000000000 ) ) ;
#4865 = CARTESIAN_POINT ( 'NONE',  ( -104.1605647564060320, 5.336871032498617495, 313.6553660381912323 ) ) ;
#4866 = DIRECTION ( 'NONE',  ( 1.000000000000000000, 0.0000000000000000000, 0.0000000000000000000 ) ) ;
#4867 = CARTESIAN_POINT ( 'NONE',  ( -104.0217964383714673, 5.304182197960606082, 292.1760619120478282 ) ) ;
#4868 = CARTESIAN_POINT ( 'NONE',  ( -3.288101328591134465, 3.644073247740287069, 323.6861464752615234 ) ) ;
#4869 = CARTESIAN_POINT ( 'NONE',  ( -114.5654910263980071, 2.133763045523470403, 320.9981106390770265 ) ) ;
#4870 = CARTESIAN_POINT ( 'NONE',  ( -90.43957975343469968, 3.422142917479039870, 138.1874998741370177 ) ) ;
#4871 = CARTESIAN_POINT ( 'NONE',  ( -113.6607366892013715, 5.090052272700368086, 280.1281350565705566 ) ) ;
#4872 = CARTESIAN_POINT ( 'NONE',  ( -23.73526543560880242, 2.573911687600699771, 156.0519959890220036 ) ) ;
#4873 = CARTESIAN_POINT ( 'NONE',  ( -9.110998630568159840, 4.236915029627219553, -48.64979999999999905 ) ) ;
#4874 = CARTESIAN_POINT ( 'NONE',  ( -31.89113661583549941, -0.001000001298026020023, 149.8159981027159802 ) ) ;
#4875 = AXIS2_PLACEMENT_3D ( 'NONE', #364, #6282, #2798 ) ;
#4876 = CARTESIAN_POINT ( 'NONE',  ( -91.63687961026479911, 0.0000000000000000000, 142.1868653500369817 ) ) ;
#4877 = CARTESIAN_POINT ( 'NONE',  ( -65.36309105635810113, 0.0000000000000000000, 160.1425997024940102 ) ) ;
#4878 = CARTESIAN_POINT ( 'NONE',  ( -39.54820520727652422, 1.577556349757670340, 290.5776148874110731 ) ) ;
#4879 = ORIENTED_EDGE ( 'NONE', *, *, #4176, .T. ) ;
#4880 = CARTESIAN_POINT ( 'NONE',  ( -38.51487997820419906, 2.761853184798350291, 267.6097418494180147 ) ) ;
#4881 = VERTEX_POINT ( 'NONE', #7326 ) ;
#4882 = DIRECTION ( 'NONE',  ( 3.965082230804120359E-15, -1.652117596168385044E-16, 1.000000000000000000 ) ) ;
#4883 = EDGE_CURVE ( 'NONE', #5220, #310, #1955, .T. ) ;
#4884 = CARTESIAN_POINT ( 'NONE',  ( -71.34614097121759357, 0.0000000000000000000, 159.4880750005719960 ) ) ;
#4885 = CARTESIAN_POINT ( 'NONE',  ( -24.32297327696230127, 0.0000000000000000000, 151.6820377221719696 ) ) ;
#4886 = EDGE_CURVE ( 'NONE', #2033, #7627, #457, .T. ) ;
#4887 = CYLINDRICAL_SURFACE ( 'NONE', #246, 2.199999999999993960 ) ;
#4888 = CARTESIAN_POINT ( 'NONE',  ( -64.64676799306199939, 3.094153480143530199, 151.5101335542740060 ) ) ;
#4889 = CARTESIAN_POINT ( 'NONE',  ( -103.9394751270350525, 14.08176066566599438, 314.7490000000003079 ) ) ;
#4890 = CARTESIAN_POINT ( 'NONE',  ( -84.81222532042150419, 3.350583176653540107, 146.9869456602579874 ) ) ;
#4891 = PERSON_AND_ORGANIZATION ( #6822, #814 ) ;
#4892 = CARTESIAN_POINT ( 'NONE',  ( -85.04501709056660275, 0.0000000000000000000, 144.5371549384189791 ) ) ;
#4893 = EDGE_CURVE ( 'NONE', #1640, #4937, #6614, .T. ) ;
#4894 =( BOUNDED_SURFACE ( )  B_SPLINE_SURFACE ( 3, 3, ( 
 ( #5737, #2765, #7141, #7731, #4054, #2251 ),
 ( #5970, #5854, #1773, #5930, #2882, #1069 ),
 ( #7028, #1186, #3581, #4171, #6561, #5421 ),
 ( #600, #489, #7691, #3001, #3543, #5262 ) ),
 .UNSPECIFIED., .F., .F., .F. ) 
 B_SPLINE_SURFACE_WITH_KNOTS ( ( 4, 4 ),
 ( 4, 2, 4 ),
 ( 0.0000000000000000000, 1.000000000000000000 ),
 ( 0.0000000000000000000, 0.1515543800034849786, 1.000000000000000000 ),
 .UNSPECIFIED. ) 
 GEOMETRIC_REPRESENTATION_ITEM ( )  RATIONAL_B_SPLINE_SURFACE ( (
 ( 1.000000000000000000, 1.000000000000000000, 1.000000000000000000, 1.000000000000000000, 1.000000000000000000, 1.000000000000000000),
 ( 0.8047378541243619399, 0.8047378541243619399, 0.8047378541243619399, 0.8047378541243619399, 0.8047378541243619399, 0.8047378541243619399),
 ( 0.8047378541243619399, 0.8047378541243619399, 0.8047378541243619399, 0.8047378541243619399, 0.8047378541243619399, 0.8047378541243619399),
 ( 1.000000000000000000, 1.000000000000000000, 1.000000000000000000, 1.000000000000000000, 1.000000000000000000, 1.000000000000000000) ) ) 
 REPRESENTATION_ITEM ( '' )  SURFACE ( )  );
#4895 = CARTESIAN_POINT ( 'NONE',  ( -105.0753367953710580, 7.192175047113531505, 268.3619903466882874 ) ) ;
#4896 = DIRECTION ( 'NONE',  ( -0.9994584101758204886, 0.03290723824360571731, 4.870596539809658601E-12 ) ) ;
#4897 = EDGE_LOOP ( 'NONE', ( #6671, #7675, #3626, #7388, #6586, #5873 ) ) ;
#4898 = CARTESIAN_POINT ( 'NONE',  ( -114.5420722470796449, 7.424547325837546730, 274.4094278420330397 ) ) ;
#4899 = CARTESIAN_POINT ( 'NONE',  ( -71.74633390709860237, 3.184433628762050272, 157.3734311522569840 ) ) ;
#4900 = DIRECTION ( 'NONE',  ( 0.0000000000000000000, 1.000000000000000000, -4.996003610813204432E-13 ) ) ;
#4901 = ORIENTED_EDGE ( 'NONE', *, *, #5308, .T. ) ;
#4902 = CARTESIAN_POINT ( 'NONE',  ( -114.7109036998189993, 4.041155024682679731, 278.4996344360869784 ) ) ;
#4903 = CARTESIAN_POINT ( 'NONE',  ( -49.54750923694179932, 0.0000000000000000000, 138.0654212215350185 ) ) ;
#4904 = LINE ( 'NONE', #5497, #2662 ) ;
#4905 = VECTOR ( 'NONE', #5956, 1000.000000000000000 ) ;
#4906 = CARTESIAN_POINT ( 'NONE',  ( -105.1004433046895628, 7.491448637854883685, 289.9748129002874748 ) ) ;
#4907 = LINE ( 'NONE', #6715, #2159 ) ;
#4908 = CARTESIAN_POINT ( 'NONE',  ( -110.7098093730610060, 4.000000000000000000, 323.7500000000000000 ) ) ;
#4909 = CARTESIAN_POINT ( 'NONE',  ( -90.86948635651870632, 3.427608799253099914, 145.9115588025930208 ) ) ;
#4910 = CARTESIAN_POINT ( 'NONE',  ( -104.7010995746599491, 6.325644269020267885, 290.9132498320750528 ) ) ;
#4911 = AXIS2_PLACEMENT_3D ( 'NONE', #6789, #1419, #6199 ) ;
#4912 = CARTESIAN_POINT ( 'NONE',  ( -104.3558264845560615, 4.605093076978700850, 266.6544379066512533 ) ) ;
#4913 = CARTESIAN_POINT ( 'NONE',  ( -37.44383207444760586, 13.00321644496600015, 149.1705927090359864 ) ) ;
#4914 = CARTESIAN_POINT ( 'NONE',  ( -90.85484076020338762, 0.0000000000000000000, 145.7193105382110048 ) ) ;
#4915 = AXIS2_PLACEMENT_3D ( 'NONE', #7025, #5926, #1655 ) ;
#4916 = CARTESIAN_POINT ( 'NONE',  ( -63.87581373075951063, 0.0000000000000000000, 157.0920984317479849 ) ) ;
#4917 = CARTESIAN_POINT ( 'NONE',  ( -124.0640353537170029, 9.478613825672509208, 279.1544379066509691 ) ) ;
#4918 = ORIENTED_EDGE ( 'NONE', *, *, #7185, .T. ) ;
#4919 = CARTESIAN_POINT ( 'NONE',  ( -40.36285792638449976, 2.785352582071999983, 265.8075827396629620 ) ) ;
#4920 = VERTEX_POINT ( 'NONE', #6539 ) ;
#4921 = CARTESIAN_POINT ( 'NONE',  ( -39.94195493076357906, 9.760307530356277184, 291.6544379066509123 ) ) ;
#4922 = CARTESIAN_POINT ( 'NONE',  ( -45.47813466885359901, 2.183758527019900141E-19, 138.0891124407679911 ) ) ;
#4923 = CARTESIAN_POINT ( 'NONE',  ( -24.12603060696870116, 0.0000000000000000000, 154.8347668794649792 ) ) ;
#4924 = CARTESIAN_POINT ( 'NONE',  ( -64.09322128266730090, 3.087114427502289704, 159.3080792944030293 ) ) ;
#4925 = CARTESIAN_POINT ( 'NONE',  ( -54.81634599403290053, -0.001000001298026020023, 138.7135205944919960 ) ) ;
#4926 = DIRECTION ( 'NONE',  ( -0.9999876379189831521, 0.004972324326977219794, 0.0000000000000000000 ) ) ;
#4927 = EDGE_CURVE ( 'NONE', #7627, #1219, #2654, .T. ) ;
#4928 = CARTESIAN_POINT ( 'NONE',  ( -85.83787324157928822, 3.363624328469010383, 138.1412599960470118 ) ) ;
#4929 = CARTESIAN_POINT ( 'NONE',  ( -85.11734263195010897, 0.0000000000000000000, 145.7294537284960256 ) ) ;
#4930 = CARTESIAN_POINT ( 'NONE',  ( -104.7635127934890988, 5.847376397025804806, 267.5013239074941112 ) ) ;
#4931 = B_SPLINE_CURVE_WITH_KNOTS ( 'NONE', 3,
 ( #1371, #4319, #6706, #1335, #6114, #5527, #782, #162, #5563, #5008, #6152, #3762, #197, #6190, #7364, #2590, #1995, #4391, #6779, #819, #3221, #7400, #4431, #6349, #1602, #2665, #4507, #976, #429, #3997, #2784, #898, #7011, #6894, #2074, #2150, #3297, #2823, #5203, #5125, #6389, #353, #1638, #5680, #3878, #4470, #5719, #1012, #3410, #3374, #5087, #5758, #1522, #391, #5799, #7594, #7513, #3959, #7475, #2233, #7555, #5163, #4547, #6856, #2745, #4623, #1562, #4034, #860, #6269, #6933, #3918, #6974, #3257, #2192, #311, #5638, #4586, #269, #938, #2114, #5047, #7440, #1488, #2705, #6310, #3334, #3449, #2268, #4113, #4660, #5910, #1049, #2864, #5871, #1676, #3488 ),
 .UNSPECIFIED., .F., .F.,
 ( 4, 3, 3, 3, 3, 3, 3, 3, 3, 3, 3, 3, 3, 3, 3, 3, 3, 3, 3, 3, 3, 3, 3, 3, 3, 3, 3, 3, 3, 3, 3, 3, 4 ),
 ( 0.0000000000000000000, 0.04406505569735340300, 0.08813011139471799149, 0.1321951670920689936, 0.1762602227894169982, 0.2203252784867740233, 0.2643903341841130072, 0.3084553898814580419, 0.3525204455788010227, 0.3965855012761650422, 0.4406505569735010841, 0.4847156126708359603, 0.5287806683681920417, 0.5728457240655550065, 0.6169107797628889944, 0.6609758354602549568, 0.7064661738974050698, 0.7505312295947500489, 0.7945962852921160113, 0.8386613409894669857, 0.8827263966868059697, 0.9267914523841420671, 0.9708565080814639536, 1.014921563778799829, 1.058986619476199875, 1.103051675173549961, 1.147116730870880064, 1.191181786568260126, 1.235246842265580014, 1.279311897962909894, 1.323376953660309940, 1.367442009357629829, 1.388821250454649991 ),
 .UNSPECIFIED. ) ;
#4932 = CARTESIAN_POINT ( 'NONE',  ( -40.84067193267529916, 0.5839412625269729817, 267.7808208245899664 ) ) ;
#4933 = ORIENTED_EDGE ( 'NONE', *, *, #3946, .T. ) ;
#4934 = CARTESIAN_POINT ( 'NONE',  ( -114.5214298495398992, 7.737379769528168083, 274.3153924198273330 ) ) ;
#4935 = CARTESIAN_POINT ( 'NONE',  ( -71.80468815569528829, 3.185176064499649407, 157.7162598628929970 ) ) ;
#4936 = CARTESIAN_POINT ( 'NONE',  ( -101.2771615356440691, 3.661279245151294326, 310.2499112882309760 ) ) ;
#4937 = VERTEX_POINT ( 'NONE', #1241 ) ;
#4938 = CARTESIAN_POINT ( 'NONE',  ( -8.994473609820550664, 7.308181882542170271, 312.2490000000000236 ) ) ;
#4939 = CARTESIAN_POINT ( 'NONE',  ( -114.0434928689719953, 13.00000000000000000, 274.2869954775311498 ) ) ;
#4940 = EDGE_CURVE ( 'NONE', #581, #2016, #1828, .T. ) ;
#4941 = CARTESIAN_POINT ( 'NONE',  ( -105.1498366472200274, 4.806253310937520951, 282.4314362538892169 ) ) ;
#4942 = CARTESIAN_POINT ( 'NONE',  ( -105.1034610329079584, 7.505601946019904602, 289.9337564322904086 ) ) ;
#4943 = B_SPLINE_SURFACE_WITH_KNOTS ( 'NONE', 4, 1, ( 
 ( #3226, #4436 ),
 ( #5608, #3885 ),
 ( #237, #5014 ),
 ( #275, #7406 ),
 ( #2080, #1493 ) ),
 .UNSPECIFIED., .F., .F., .F.,
 ( 5, 5 ),
 ( 2, 2 ),
 ( -1.000000000000000000, 0.0000000000000000000 ),
 ( 0.0000000000000000000, 1.300421644626400086 ),
 .UNSPECIFIED. ) ;
#4944 = DIRECTION ( 'NONE',  ( 0.0000000000000000000, 1.000000000000000000, 0.0000000000000000000 ) ) ;
#4945 = CARTESIAN_POINT ( 'NONE',  ( -112.1053013884140483, 2.646679460455358956, 323.5454277960452032 ) ) ;
#4946 = EDGE_CURVE ( 'NONE', #107, #2270, #829, .T. ) ;
#4947 = CARTESIAN_POINT ( 'NONE',  ( -91.08408762969330041, 3.430337637082060187, 146.8384619342280075 ) ) ;
#4948 = CARTESIAN_POINT ( 'NONE',  ( -105.0900256996180815, 7.438599055014226913, 289.6360595758519025 ) ) ;
#4949 = AXIS2_PLACEMENT_3D ( 'NONE', #7482, #3340, #4475 ) ;
#4950 = B_SPLINE_CURVE_WITH_KNOTS ( 'NONE', 3,
 ( #1333, #1956, #1839, #6585, #6666, #7169, #3647, #6073, #1882, #4244, #742, #4200 ),
 .UNSPECIFIED., .F., .F.,
 ( 4, 2, 2, 2, 2, 4 ),
 ( 0.0000000000000000000, 0.1249999999999940881, 0.2499999999999881761, 0.4999999999999921174, 0.7499999999999960032, 1.000000000000000000 ),
 .UNSPECIFIED. ) ;
#4951 = FACE_OUTER_BOUND ( 'NONE', #6182, .T. ) ;
#4952 = CIRCLE ( 'NONE', #1444, 252.4218899873579858 ) ;
#4953 = CARTESIAN_POINT ( 'NONE',  ( -91.93939705677151153, 0.0000000000000000000, 148.0400728391280154 ) ) ;
#4954 = CARTESIAN_POINT ( 'NONE',  ( -64.40982337170061101, 0.0000000000000000000, 155.3846210044839893 ) ) ;
#4955 = CARTESIAN_POINT ( 'NONE',  ( -27.33042805725549940, -0.001000001298026020023, 152.8824597521790167 ) ) ;
#4956 = VECTOR ( 'NONE', #4432, 1000.000000000000114 ) ;
#4957 = CARTESIAN_POINT ( 'NONE',  ( -109.0404516121569998, 12.75871725584459959, 318.7500000000000000 ) ) ;
#4958 = CARTESIAN_POINT ( 'NONE',  ( -39.07972058494024026, 10.38779386146219785, 267.4828650313969547 ) ) ;
#4959 = ORIENTED_EDGE ( 'NONE', *, *, #3599, .T. ) ;
#4960 = CARTESIAN_POINT ( 'NONE',  ( -40.10008046976480500, 6.481545909748375855, 291.6544379066509123 ) ) ;
#4961 = CARTESIAN_POINT ( 'NONE',  ( -44.03043605621049750, 0.0000000000000000000, 142.4213799993599991 ) ) ;
#4962 = CARTESIAN_POINT ( 'NONE',  ( -23.74795955127239822, 0.0000000000000000000, 150.6592355646919827 ) ) ;
#4963 = CARTESIAN_POINT ( 'NONE',  ( -64.89167594163039610, 3.097267789026479701, 153.6000812722389810 ) ) ;
#4964 = CARTESIAN_POINT ( 'NONE',  ( -106.0992800401881908, 6.654112507406147792, 275.6523750983874947 ) ) ;
#4965 = CARTESIAN_POINT ( 'NONE',  ( -85.11247339963510683, 3.354401018881690177, 145.1115330526059779 ) ) ;
#4966 = CARTESIAN_POINT ( 'NONE',  ( -40.78945340398150421, 0.5838911658657970349, 290.4863256143079866 ) ) ;
#4967 = FACE_OUTER_BOUND ( 'NONE', #4276, .T. ) ;
#4968 = CARTESIAN_POINT ( 'NONE',  ( -106.2135933250060020, 8.270220597959049513, 283.1544379066509691 ) ) ;
#4969 = ORIENTED_EDGE ( 'NONE', *, *, #7097, .F. ) ;
#4970 = CYLINDRICAL_SURFACE ( 'NONE', #7699, 0.9999999999999996669 ) ;
#4971 = CARTESIAN_POINT ( 'NONE',  ( -70.87594140574590540, 3.173365367306610008, 154.4282667583510147 ) ) ;
#4972 = CARTESIAN_POINT ( 'NONE',  ( -102.4793799705993393, 4.088982746765694287, 310.8535732376092824 ) ) ;
#4973 = ORIENTED_EDGE ( 'NONE', *, *, #3742, .T. ) ;
#4974 = CARTESIAN_POINT ( 'NONE',  ( -114.6715467634929979, 5.038656458034670216, 276.1078734055300288 ) ) ;
#4975 = CARTESIAN_POINT ( 'NONE',  ( -111.6656410625901401, 3.995356370322069139, 161.8755000000000166 ) ) ;
#4976 = DIRECTION ( 'NONE',  ( 0.0000000000000000000, 0.0000000000000000000, 1.000000000000000000 ) ) ;
#4977 = CARTESIAN_POINT ( 'NONE',  ( -41.06741091603706195, 2.794311872208540048, 266.6680879241487787 ) ) ;
#4978 = CARTESIAN_POINT ( 'NONE',  ( -104.1150010748140033, 0.6458296593854199186, 268.2839566972770058 ) ) ;
#4979 = CARTESIAN_POINT ( 'NONE',  ( -114.4591936663789937, 2.186306806650029966, 321.2821803687759825 ) ) ;
#4980 = EDGE_CURVE ( 'NONE', #7107, #7629, #7547, .T. ) ;
#4981 = CARTESIAN_POINT ( 'NONE',  ( -104.1143743242840145, 0.6458290463629879907, 290.0265988908579970 ) ) ;
#4982 = CARTESIAN_POINT ( 'NONE',  ( -104.6295567969659999, 6.195993485523110245, 291.4889062843759007 ) ) ;
#4983 = EDGE_CURVE ( 'NONE', #5166, #6783, #6692, .T. ) ;
#4984 = CARTESIAN_POINT ( 'NONE',  ( -2.000000000000000000, 0.0000000000000000000, 315.2500000000000000 ) ) ;
#4985 = EDGE_CURVE ( 'NONE', #6117, #2105, #6882, .T. ) ;
#4986 = CARTESIAN_POINT ( 'NONE',  ( -105.0718584882127686, 7.167902132426700490, 289.9752705540637407 ) ) ;
#4987 = EDGE_CURVE ( 'NONE', #4355, #1052, #2060, .T. ) ;
#4988 = CARTESIAN_POINT ( 'NONE',  ( -90.74853070608489247, 0.0000000000000000000, 138.3037945080339739 ) ) ;
#4989 = CARTESIAN_POINT ( 'NONE',  ( -64.61340477274201533, 0.0000000000000000000, 154.7514681797580067 ) ) ;
#4990 = CARTESIAN_POINT ( 'NONE',  ( -30.53522856744470104, 2.660381736618290027, 151.2253781103599977 ) ) ;
#4991 = DIRECTION ( 'NONE',  ( 0.0000000000000000000, 0.0000000000000000000, -1.000000000000000000 ) ) ;
#4992 = ORIENTED_EDGE ( 'NONE', *, *, #3325, .T. ) ;
#4993 = CARTESIAN_POINT ( 'NONE',  ( -38.55881778129279525, 2.762411910020770023, 267.5039255772520050 ) ) ;
#4994 = VERTEX_POINT ( 'NONE', #850 ) ;
#4995 = CARTESIAN_POINT ( 'NONE',  ( -41.11206721418189858, 9.818827606159260313, 291.6544379066509691 ) ) ;
#4996 = CARTESIAN_POINT ( 'NONE',  ( -44.79686909051910249, 0.0000000000000000000, 138.3459333311599835 ) ) ;
#4997 = CARTESIAN_POINT ( 'NONE',  ( -23.98981668279490265, 0.0000000000000000000, 150.9869312158990056 ) ) ;
#4998 = AXIS2_PLACEMENT_3D ( 'NONE', #3476, #4179, #4719 ) ;
#4999 = CARTESIAN_POINT ( 'NONE',  ( -64.05358355105799717, 3.086610383174789529, 156.4634664049860078 ) ) ;
#5000 = CARTESIAN_POINT ( 'NONE',  ( -9.740262932759531367, 4.801524277574600319, 311.8920625710870240 ) ) ;
#5001 = VERTEX_POINT ( 'NONE', #6140 ) ;
#5002 = B_SPLINE_CURVE_WITH_KNOTS ( 'NONE', 3,
 ( #3822, #7389, #184, #804 ),
 .UNSPECIFIED., .F., .F.,
 ( 4, 4 ),
 ( 0.0000000000000000000, 0.5485768787815710201 ),
 .UNSPECIFIED. ) ;
#5003 = CARTESIAN_POINT ( 'NONE',  ( -85.11736129970411469, 3.354463029820920372, 145.7291422685919997 ) ) ;
#5004 = LINE ( 'NONE', #4502, #2544 ) ;
#5005 = CARTESIAN_POINT ( 'NONE',  ( -105.1129002011319926, 7.551033870359970201, 161.8745000000000118 ) ) ;
#5006 = CARTESIAN_POINT ( 'NONE',  ( -105.1498366472290940, 4.806253310951773550, 275.8774395594070370 ) ) ;
#5007 = ORIENTED_EDGE ( 'NONE', *, *, #3140, .T. ) ;
#5008 = CARTESIAN_POINT ( 'NONE',  ( -30.86806085128669963, 0.0000000000000000000, 150.7188697669380133 ) ) ;
#5009 = CARTESIAN_POINT ( 'NONE',  ( -101.2383495989984254, 3.653055331523556326, 310.2304585374341741 ) ) ;
#5010 = DIRECTION ( 'NONE',  ( -0.5004356563159418902, 0.0000000000000000000, -0.8657737313453397476 ) ) ;
#5011 = ORIENTED_EDGE ( 'NONE', *, *, #5883, .T. ) ;
#5012 = CARTESIAN_POINT ( 'NONE',  ( -114.6270628193819903, 5.969137154097329478, 275.1824015478659931 ) ) ;
#5013 = B_SPLINE_CURVE_WITH_KNOTS ( 'NONE', 3,
 ( #6746, #3113, #7332, #164 ),
 .UNSPECIFIED., .F., .F.,
 ( 4, 4 ),
 ( 0.0000000000000000000, 1.000000000000000000 ),
 .UNSPECIFIED. ) ;
#5014 = CARTESIAN_POINT ( 'NONE',  ( -24.67102780767549675, 13.00321644496600015, 155.5299600902559973 ) ) ;
#5015 = CARTESIAN_POINT ( 'NONE',  ( -105.1224905826490357, 6.192057192141635191, 282.3841105160070128 ) ) ;
#5016 = CARTESIAN_POINT ( 'NONE',  ( -40.32938785824801187, 2.784926967457918234, 266.9205247862246893 ) ) ;
#5017 = CARTESIAN_POINT ( 'NONE',  ( -114.4251532653740071, 9.044477096599898402, 284.1544379066509691 ) ) ;
#5018 = CARTESIAN_POINT ( 'NONE',  ( -44.01487913585350498, 2.831792691023309771, 142.3715962818470189 ) ) ;
#5019 = CARTESIAN_POINT ( 'NONE',  ( -83.36874858870619676, 3.995356370322069139, 370.8942456899570175 ) ) ;
#5020 = CARTESIAN_POINT ( 'NONE',  ( 0.0000000000000000000, 0.9994999993509939840, 149.1705927090359864 ) ) ;
#5021 = AXIS2_PLACEMENT_3D ( 'NONE', #6036, #81, #1369 ) ;
#5022 = EDGE_CURVE ( 'NONE', #181, #4625, #1361, .T. ) ;
#5023 = CARTESIAN_POINT ( 'NONE',  ( -39.11456060040960381, 9.718927587920520139, 289.6544379066509691 ) ) ;
#5024 = CARTESIAN_POINT ( 'NONE',  ( -104.1365444035777443, 4.474523824708218633, 291.3974181556379790 ) ) ;
#5025 = CARTESIAN_POINT ( 'NONE',  ( 147.2187955002700050, 0.4001155238500579969, 274.1544379072599895 ) ) ;
#5026 = CARTESIAN_POINT ( 'NONE',  ( -63.62848193395510776, 0.0000000000000000000, 150.4172344489919908 ) ) ;
#5027 = CARTESIAN_POINT ( 'NONE',  ( -38.32945051226230504, 2.759495212566760003, 289.8525086778699915 ) ) ;
#5028 = VECTOR ( 'NONE', #2296, 1000.000000000000000 ) ;
#5029 = EDGE_CURVE ( 'NONE', #7569, #5305, #5784, .T. ) ;
#5030 = CARTESIAN_POINT ( 'NONE',  ( -31.31638087431939965, 2.670315096585760273, 150.2463149356200063 ) ) ;
#5031 = CARTESIAN_POINT ( 'NONE',  ( -38.83376488727989795, 2.765908213252740389, 291.3192863523760252 ) ) ;
#5032 = ORIENTED_EDGE ( 'NONE', *, *, #1401, .F. ) ;
#5033 = CARTESIAN_POINT ( 'NONE',  ( -111.2378976158341288, 12.86469395575250374, 318.7500000000000000 ) ) ;
#5034 = LINE ( 'NONE', #849, #7500 ) ;
#5035 = CARTESIAN_POINT ( 'NONE',  ( -43.57470267012789833, 0.0000000000000000000, 140.4520902298699809 ) ) ;
#5036 = FACE_OUTER_BOUND ( 'NONE', #7460, .T. ) ;
#5037 = EDGE_CURVE ( 'NONE', #1741, #2124, #5269, .T. ) ;
#5038 = CARTESIAN_POINT ( 'NONE',  ( -2.000000000000000000, 4.000000000000000000, 319.7500000000000000 ) ) ;
#5039 = CARTESIAN_POINT ( 'NONE',  ( -11.39454008939768848, 3.097837200508071653, 312.4026445240161252 ) ) ;
#5040 = VERTEX_POINT ( 'NONE', #1591 ) ;
#5041 = CARTESIAN_POINT ( 'NONE',  ( -84.13935473390519348, 3.342026097427200249, 140.9027633762700020 ) ) ;
#5042 = ORIENTED_EDGE ( 'NONE', *, *, #6236, .F. ) ;
#5043 = CARTESIAN_POINT ( 'NONE',  ( -41.06895199991189571, 0.5841645424508969953, 290.6165317025560171 ) ) ;
#5044 = PLANE ( 'NONE',  #3283 ) ;
#5045 = CARTESIAN_POINT ( 'NONE',  ( -89.21758076570129958, -0.001000001298026020023, 146.3268180450679949 ) ) ;
#5046 = ORIENTED_EDGE ( 'NONE', *, *, #1140, .F. ) ;
#5047 = CARTESIAN_POINT ( 'NONE',  ( -30.69653577306980097, 0.0000000000000000000, 159.6617652485140013 ) ) ;
#5048 = DIRECTION ( 'NONE',  ( 0.0000000000000000000, -1.000000000000000000, 0.0000000000000000000 ) ) ;
#5049 = FACE_OUTER_BOUND ( 'NONE', #2480, .T. ) ;
#5050 = ORIENTED_EDGE ( 'NONE', *, *, #6141, .T. ) ;
#5051 = PLANE ( 'NONE',  #2842 ) ;
#5052 = CARTESIAN_POINT ( 'NONE',  ( -34.60173012460779773, 13.00321644496600015, 159.6787754808030115 ) ) ;
#5053 = CARTESIAN_POINT ( 'NONE',  ( -106.1116998854959945, 5.729218793377920171, 281.9386487198430586 ) ) ;
#5054 = CARTESIAN_POINT ( 'NONE',  ( -106.1143291679024827, 5.454417345445113696, 281.6134754823639241 ) ) ;
#5055 = CARTESIAN_POINT ( 'NONE',  ( -103.7954101383340060, 0.6455170686242760469, 267.8587947953270145 ) ) ;
#5056 = CARTESIAN_POINT ( 'NONE',  ( -98.12425617760010255, 3.519862453211660025, 149.1705927090359864 ) ) ;
#5057 = ORIENTED_EDGE ( 'NONE', *, *, #5221, .T. ) ;
#5058 = FACE_OUTER_BOUND ( 'NONE', #6810, .T. ) ;
#5059 = CARTESIAN_POINT ( 'NONE',  ( -103.8171379580820712, 5.081180336030001854, 265.9913466425718980 ) ) ;
#5060 = CARTESIAN_POINT ( 'NONE',  ( -107.2605271331457999, 3.995356370322069139, 318.7500000000000000 ) ) ;
#5061 = CARTESIAN_POINT ( 'NONE',  ( -104.7777883880011274, 5.891351966882178104, 290.7856336784252562 ) ) ;
#5062 = CARTESIAN_POINT ( 'NONE',  ( -47.55723609163970877, -0.001000001298026020023, 145.4587256658940078 ) ) ;
#5063 = APPROVAL_PERSON_ORGANIZATION ( #1680, #6227, #5208 ) ;
#5064 = CARTESIAN_POINT ( 'NONE',  ( -64.92735950340050977, 0.0000000000000000000, 153.3495081365340127 ) ) ;
#5065 = CARTESIAN_POINT ( 'NONE',  ( -39.49644744755020298, 2.774335067461379811, 292.0375540890399861 ) ) ;
#5066 = EDGE_CURVE ( 'NONE', #7328, #1596, #2785, .T. ) ;
#5067 = CARTESIAN_POINT ( 'NONE',  ( -30.48596417383160073, 2.659755277001659923, 154.6692439750300139 ) ) ;
#5068 = CARTESIAN_POINT ( 'NONE',  ( -105.1193884008589947, 6.300513423900479637, 274.6995091592739868 ) ) ;
#5069 = VECTOR ( 'NONE', #1099, 1000.000000000000000 ) ;
#5070 = ORIENTED_EDGE ( 'NONE', *, *, #6368, .T. ) ;
#5071 = CARTESIAN_POINT ( 'NONE',  ( -39.94195493076357906, 9.760307530356277184, 266.6544379066509123 ) ) ;
#5072 = CARTESIAN_POINT ( 'NONE',  ( -113.6228154395785452, 6.042577863529594140, 276.4267195091485974 ) ) ;
#5073 = CARTESIAN_POINT ( 'NONE',  ( -43.94603868871610075, 0.0000000000000000000, 142.1480785561120115 ) ) ;
#5074 = CARTESIAN_POINT ( 'NONE',  ( -104.7787585946898048, 6.483543409521821843, 312.0185521990968027 ) ) ;
#5075 = AXIS2_PLACEMENT_3D ( 'NONE', #7186, #6128, #723 ) ;
#5076 = CARTESIAN_POINT ( 'NONE',  ( -64.71616440905199852, 3.095035944769310099, 159.8457013803120219 ) ) ;
#5077 = EDGE_CURVE ( 'NONE', #988, #7572, #2853, .T. ) ;
#5078 = LINE ( 'NONE', #5712, #6108 ) ;
#5079 = ORIENTED_EDGE ( 'NONE', *, *, #3895, .F. ) ;
#5080 = CARTESIAN_POINT ( 'NONE',  ( -84.62554685245029873, 3.348209224006930107, 142.8072289900430007 ) ) ;
#5081 = ORIENTED_EDGE ( 'NONE', *, *, #1733, .T. ) ;
#5082 = ADVANCED_FACE ( 'NONE', ( #2295 ), #642, .T. ) ;
#5083 = CARTESIAN_POINT ( 'NONE',  ( -40.97223857374959977, 0.5840699473918729012, 290.5826757418770399 ) ) ;
#5084 = DIRECTION ( 'NONE',  ( 0.0000000000000000000, -1.000000000000000000, 0.0000000000000000000 ) ) ;
#5085 = CARTESIAN_POINT ( 'NONE',  ( -105.0857848779910313, 7.594063446251936966, 275.2733205832818157 ) ) ;
#5086 = VERTEX_POINT ( 'NONE', #1968 ) ;
#5087 = CARTESIAN_POINT ( 'NONE',  ( -30.91702084101540038, 0.0000000000000000000, 156.0250369546699858 ) ) ;
#5088 = FACE_OUTER_BOUND ( 'NONE', #479, .T. ) ;
#5089 = CARTESIAN_POINT ( 'NONE',  ( -39.34303389181560107, 1.640397225804318460, 289.6544379066509691 ) ) ;
#5090 = VERTEX_POINT ( 'NONE', #6530 ) ;
#5091 = CARTESIAN_POINT ( 'NONE',  ( -114.5952483180620050, 6.577561301777858915, 275.9749553998985903 ) ) ;
#5092 = CARTESIAN_POINT ( 'NONE',  ( -31.89113661583549941, -0.001000001298026020023, 149.8159981027159802 ) ) ;
#5093 = CARTESIAN_POINT ( 'NONE',  ( -105.1001290228710729, 7.074466644677712246, 283.9295912802997464 ) ) ;
#5094 = CARTESIAN_POINT ( 'NONE',  ( -103.4996980264519948, 0.6452278336567229822, 267.7040530918590093 ) ) ;
#5095 = VECTOR ( 'NONE', #3981, 1000.000000000000000 ) ;
#5096 = CARTESIAN_POINT ( 'NONE',  ( -44.63479133726319503, 2.839675665552339634, 144.6795187228200064 ) ) ;
#5097 = ORIENTED_EDGE ( 'NONE', *, *, #5760, .T. ) ;
#5098 = CARTESIAN_POINT ( 'NONE',  ( -111.9659052213115018, 0.4498308621687324149, 321.7158401680527504 ) ) ;
#5099 = CARTESIAN_POINT ( 'NONE',  ( -113.6180332487549691, 6.142770854261208946, 281.9825193841457462 ) ) ;
#5100 = AXIS2_PLACEMENT_3D ( 'NONE', #4724, #3481, #2857 ) ;
#5101 = CARTESIAN_POINT ( 'NONE',  ( -51.87994589255510647, 0.0000000000000000000, 148.0530895743790154 ) ) ;
#5102 = CARTESIAN_POINT ( 'NONE',  ( -100.2766404279229988, 3.547232764980639885, 265.6544379066509691 ) ) ;
#5103 = CARTESIAN_POINT ( 'NONE',  ( -92.03004136259029622, 0.0000000000000000000, 140.6150395424510009 ) ) ;
#5104 = CARTESIAN_POINT ( 'NONE',  ( -77.30305195217141545, 3.995356370322069139, 367.3881438443850129 ) ) ;
#5105 = CARTESIAN_POINT ( 'NONE',  ( -104.1851587346450003, 1.645898758679850138, 268.6544379066500028 ) ) ;
#5106 = CARTESIAN_POINT ( 'NONE',  ( -30.46960683392740066, 2.659548096535529815, 159.8254151310710256 ) ) ;
#5107 = CARTESIAN_POINT ( 'NONE',  ( -105.1842404588560100, 4.618943178514109960, 289.6544379066509691 ) ) ;
#5108 = CARTESIAN_POINT ( 'NONE',  ( -111.6788435512060005, 0.0000000000000000000, 315.2500000000000000 ) ) ;
#5109 = VERTEX_POINT ( 'NONE', #5574 ) ;
#5110 = CARTESIAN_POINT ( 'NONE',  ( -105.0932814736984255, 7.458847766853747174, 268.2546755097342839 ) ) ;
#5111 = B_SPLINE_SURFACE_WITH_KNOTS ( 'NONE', 2, 1, ( 
 ( #339, #2692 ),
 ( #2734, #460 ),
 ( #2260, #1077 ) ),
 .UNSPECIFIED., .F., .F., .F.,
 ( 3, 3 ),
 ( 2, 2 ),
 ( -2.000000000000000000, -1.000000000000000000 ),
 ( 0.0000000000000000000, 1.300421644626400086 ),
 .UNSPECIFIED. ) ;
#5112 = LINE ( 'NONE', #7427, #2127 ) ;
#5113 = CARTESIAN_POINT ( 'NONE',  ( -43.92132661221150158, 2.152867354107210179E-19, 147.7234495930419769 ) ) ;
#5114 = CARTESIAN_POINT ( 'NONE',  ( -104.2716600205385333, 5.621573454269717551, 311.7593350860520900 ) ) ;
#5115 = CARTESIAN_POINT ( 'NONE',  ( -11.50502378336561371, 6.958972508000203838, 314.7371489391173327 ) ) ;
#5116 = CARTESIAN_POINT ( 'NONE',  ( -106.1124977828139606, 5.659109436090786538, 276.4445185932428330 ) ) ;
#5117 = ORIENTED_EDGE ( 'NONE', *, *, #3504, .F. ) ;
#5118 = CARTESIAN_POINT ( 'NONE',  ( -112.7358316877929951, 0.05595241092712800041, 320.4166997938569921 ) ) ;
#5119 = ADVANCED_FACE ( 'NONE', ( #4293 ), #4367, .F. ) ;
#5120 = EDGE_LOOP ( 'NONE', ( #1413, #2330, #3765, #314 ) ) ;
#5121 = CARTESIAN_POINT ( 'NONE',  ( -40.73512166374489851, 0.5838380241834218998, 290.4500819449390292 ) ) ;
#5122 = EDGE_CURVE ( 'NONE', #394, #3058, #680, .T. ) ;
#5123 = CARTESIAN_POINT ( 'NONE',  ( -71.76831042462919186, 2.190955419543810010E-19, 157.4846708368100110 ) ) ;
#5124 = CARTESIAN_POINT ( 'NONE',  ( -105.1001290229421130, 7.074466642146234996, 274.3792845338432471 ) ) ;
#5125 = CARTESIAN_POINT ( 'NONE',  ( -30.44062742182039827, 0.0000000000000000000, 154.4967382304679973 ) ) ;
#5126 = DIRECTION ( 'NONE',  ( 0.04817122723086530306, 0.9988390925805179510, 0.0000000000000000000 ) ) ;
#5127 = ORIENTED_EDGE ( 'NONE', *, *, #1401, .T. ) ;
#5128 = CARTESIAN_POINT ( 'NONE',  ( -39.74960726914459741, 0.5828740960507898805, 290.8822042550453375 ) ) ;
#5129 = EDGE_CURVE ( 'NONE', #1648, #6534, #1148, .T. ) ;
#5130 = CARTESIAN_POINT ( 'NONE',  ( -102.7128620838600028, 8.578616674318389812, 314.7490000000000236 ) ) ;
#5131 = CARTESIAN_POINT ( 'NONE',  ( -105.1336656523959618, 5.696426573330307441, 281.9535288974833520 ) ) ;
#5132 = CARTESIAN_POINT ( 'NONE',  ( -39.82751193980720217, 2.778544974854709970, 266.0500437959880173 ) ) ;
#5133 = CARTESIAN_POINT ( 'NONE',  ( -104.1459074675090051, 0.6458598888184710063, 268.3707143424480250 ) ) ;
#5134 = LINE ( 'NONE', #2794, #6409 ) ;
#5135 = ORIENTED_EDGE ( 'NONE', *, *, #1869, .T. ) ;
#5136 = CARTESIAN_POINT ( 'NONE',  ( -104.0180204347919926, 0.6457348029654979005, 290.2093861833129722 ) ) ;
#5137 = CARTESIAN_POINT ( 'NONE',  ( -113.6322111612256265, 5.828076498402168681, 281.6310695293439608 ) ) ;
#5138 = CARTESIAN_POINT ( 'NONE',  ( -1.807315091076550084, 3.995356370322069139, 315.2500000000000000 ) ) ;
#5139 = CARTESIAN_POINT ( 'NONE',  ( -103.3206340454897401, 3.453296665348361216, 291.6544379066510260 ) ) ;
#5140 = EDGE_LOOP ( 'NONE', ( #3241, #3837, #963, #368 ) ) ;
#5141 = CARTESIAN_POINT ( 'NONE',  ( -91.94689137260110101, 2.187199624037689740E-19, 139.4550534692650103 ) ) ;
#5142 = CARTESIAN_POINT ( 'NONE',  ( -48.48654928131739439, 2.888655681909349848, 137.8609707278629912 ) ) ;
#5143 = CARTESIAN_POINT ( 'NONE',  ( -38.63299757511580168, 2.763355200738299988, 290.9840525495620227 ) ) ;
#5144 = CARTESIAN_POINT ( 'NONE',  ( -30.18986410862170189, 2.655989986906079903, 152.4188349083449907 ) ) ;
#5145 = CARTESIAN_POINT ( 'NONE',  ( -102.8303985497780104, 13.78439564410989959, 291.6544379066509691 ) ) ;
#5146 = CARTESIAN_POINT ( 'NONE',  ( -41.22797238885359405, 2.796353616181070034, 292.6531262834150198 ) ) ;
#5147 = EDGE_LOOP ( 'NONE', ( #7549, #7052, #2811, #7156 ) ) ;
#5148 = DIRECTION ( 'NONE',  ( -0.04817122723086530306, -0.9988390925805179510, 0.0000000000000000000 ) ) ;
#5149 = CARTESIAN_POINT ( 'NONE',  ( -87.70138904338151065, 3.995356370322069139, 274.1013958489190259 ) ) ;
#5150 = CIRCLE ( 'NONE', #1775, 250.0659127090468985 ) ;
#5151 = CARTESIAN_POINT ( 'NONE',  ( -44.23800910616270698, 0.0000000000000000000, 147.2847566745800236 ) ) ;
#5152 = PLANE ( 'NONE',  #3537 ) ;
#5153 = DIRECTION ( 'NONE',  ( 1.377684915902150164E-14, 0.0000000000000000000, 1.000000000000000000 ) ) ;
#5154 = LINE ( 'NONE', #7548, #6229 ) ;
#5155 = ORIENTED_EDGE ( 'NONE', *, *, #5757, .F. ) ;
#5156 = VECTOR ( 'NONE', #7073, 1000.000000000000000 ) ;
#5157 = DIRECTION ( 'NONE',  ( 0.0000000000000000000, 0.0000000000000000000, -1.000000000000000000 ) ) ;
#5158 = VERTEX_POINT ( 'NONE', #5056 ) ;
#5159 = CARTESIAN_POINT ( 'NONE',  ( 65.66446933898639315, 3.995356370322069139, 206.7496146743889938 ) ) ;
#5160 = CARTESIAN_POINT ( 'NONE',  ( -70.68673114010420022, 0.0000000000000000000, 153.5434967653100102 ) ) ;
#5161 = AXIS2_PLACEMENT_3D ( 'NONE', #6978, #7055, #5169 ) ;
#5162 = CARTESIAN_POINT ( 'NONE',  ( -109.0404516121569998, 12.75871725584469907, 161.8755000000000166 ) ) ;
#5163 = CARTESIAN_POINT ( 'NONE',  ( -31.31469435586080152, 0.0000000000000000000, 157.4846708368110058 ) ) ;
#5164 = EDGE_CURVE ( 'NONE', #6783, #2769, #5134, .T. ) ;
#5165 = CARTESIAN_POINT ( 'NONE',  ( -2.102147792640989721, 0.2042955852831430108, 321.0388626422419520 ) ) ;
#5166 = VERTEX_POINT ( 'NONE', #3927 ) ;
#5167 = CARTESIAN_POINT ( 'NONE',  ( -40.54875434227640341, 0.5836557389674369434, 268.0451572746799798 ) ) ;
#5168 = CARTESIAN_POINT ( 'NONE',  ( -105.0539410357470587, 12.56645895492210663, 283.1544379066511965 ) ) ;
#5169 = DIRECTION ( 'NONE',  ( -1.000000000000000000, 0.0000000000000000000, 5.551115123125781913E-15 ) ) ;
#5170 = PRODUCT_DEFINITION ( 'UNKNOWN', '', #942, #2379 ) ;
#5171 = CARTESIAN_POINT ( 'NONE',  ( -38.63370047571540056, 2.763364139016189824, 267.3235841169029641 ) ) ;
#5172 = CARTESIAN_POINT ( 'NONE',  ( -24.38382030128390099, 0.0000000000000000000, 159.9374752430860269 ) ) ;
#5173 = CARTESIAN_POINT ( 'NONE',  ( -44.08325405547680020, 2.832662136639170214, 147.5138078865419970 ) ) ;
#5174 = VERTEX_POINT ( 'NONE', #361 ) ;
#5175 = CARTESIAN_POINT ( 'NONE',  ( 147.2336424164950017, 0.3996273001778810063, 268.6544379066510260 ) ) ;
#5176 = CARTESIAN_POINT ( 'NONE',  ( -113.6182202793705756, 6.138846946792383186, 281.9785852585166026 ) ) ;
#5177 = ORIENTED_EDGE ( 'NONE', *, *, #3094, .T. ) ;
#5178 = CARTESIAN_POINT ( 'NONE',  ( -51.57888439078740106, 0.0000000000000000000, 139.8189946192480022 ) ) ;
#5179 = CARTESIAN_POINT ( 'NONE',  ( -104.6017391963405601, 5.404432113634436874, 291.0179290101614811 ) ) ;
#5180 = ORIENTED_EDGE ( 'NONE', *, *, #4241, .T. ) ;
#5181 = EDGE_CURVE ( 'NONE', #1402, #5810, #4756, .T. ) ;
#5182 = CARTESIAN_POINT ( 'NONE',  ( -104.7868669226870111, 0.6464868089870094980, 267.4221026328912671 ) ) ;
#5183 = DIRECTION ( 'NONE',  ( 0.0000000000000000000, -0.9965373674306753360, 0.08314610823327352185 ) ) ;
#5184 = DIRECTION ( 'NONE',  ( 6.867723879941330434E-15, 0.0000000000000000000, 1.000000000000000000 ) ) ;
#5185 = CARTESIAN_POINT ( 'NONE',  ( -24.46652853184379950, 2.583210473177820266, 153.2222350047510133 ) ) ;
#5186 = CARTESIAN_POINT ( 'NONE',  ( -39.99850109020539435, 2.780719320051110444, 292.3501751625079805 ) ) ;
#5187 = ORIENTED_EDGE ( 'NONE', *, *, #7246, .T. ) ;
#5188 = CARTESIAN_POINT ( 'NONE',  ( -7.344533915294345405, 3.995356370322069139, 161.8755000000000166 ) ) ;
#5189 = LOCAL_TIME ( 10, 41, 8.000000000000000000, #78 ) ;
#5190 =( BOUNDED_SURFACE ( )  B_SPLINE_SURFACE ( 3, 2, ( 
 ( #7127, #6549, #3570 ),
 ( #5844, #1610, #4005 ),
 ( #5957, #2201, #2871 ),
 ( #7642, #2277, #780 ),
 ( #160, #6742, #2515 ),
 ( #39, #1253, #3108 ),
 ( #2474, #2552, #668 ),
 ( #2433, #5365, #7753 ),
 ( #4932, #3724, #5489 ),
 ( #2389, #7327, #5447 ),
 ( #1213, #3070, #3610 ),
 ( #1798, #4817, #625 ) ),
 .UNSPECIFIED., .F., .F., .F. ) 
 B_SPLINE_SURFACE_WITH_KNOTS ( ( 4, 2, 2, 2, 2, 4 ),
 ( 3, 3 ),
 ( 0.0000000000000000000, 0.0003905425874919179769, 0.0005858138812378769654, 0.0007810851749838359538, 0.001171627762475750028, 0.001562170349967669956 ),
 ( 0.0000000000000000000, 1.000000000000000000 ),
 .UNSPECIFIED. ) 
 GEOMETRIC_REPRESENTATION_ITEM ( )  RATIONAL_B_SPLINE_SURFACE ( (
 ( 1.000000000000000000, 0.7089899023075130202, 1.000000000000000000),
 ( 1.000000000000000000, 0.7089902411292299256, 1.000000000000000000),
 ( 1.000000000000000000, 0.7089407691240630083, 1.000000000000000000),
 ( 1.000000000000000000, 0.7087986611178099805, 1.000000000000000000),
 ( 1.000000000000000000, 0.7087406997569010159, 1.000000000000000000),
 ( 1.000000000000000000, 0.7086038329239829903, 1.000000000000000000),
 ( 1.000000000000000000, 0.7085241943716169555, 1.000000000000000000),
 ( 1.000000000000000000, 0.7082633972262869504, 1.000000000000000000),
 ( 1.000000000000000000, 0.7080533699978560636, 1.000000000000000000),
 ( 1.000000000000000000, 0.7076009901208859532, 1.000000000000000000),
 ( 1.000000000000000000, 0.7073535188234980620, 1.000000000000000000),
 ( 1.000000000000000000, 0.7071067811865470176, 1.000000000000000000) ) ) 
 REPRESENTATION_ITEM ( '' )  SURFACE ( )  );
#5191 = CARTESIAN_POINT ( 'NONE',  ( -113.6177493684863151, 6.148710753983162469, 276.3204207744610699 ) ) ;
#5192 = CARTESIAN_POINT ( 'NONE',  ( -44.46456524104780073, 0.0000000000000000000, 146.8218347935489874 ) ) ;
#5193 = CARTESIAN_POINT ( 'NONE',  ( -67.20787156347550706, -0.001000001298026020023, 151.6306142346180081 ) ) ;
#5194 = CARTESIAN_POINT ( 'NONE',  ( -106.0928674035610015, 7.351874933421250091, 283.9934444796770094 ) ) ;
#5195 = LOCAL_TIME ( 10, 41, 8.000000000000000000, #1054 ) ;
#5196 = CARTESIAN_POINT ( 'NONE',  ( -1.866318363392780011, 0.004472696244420350242, 319.7500000000000000 ) ) ;
#5197 = VERTEX_POINT ( 'NONE', #6472 ) ;
#5198 = DIRECTION ( 'NONE',  ( 8.925871739611249878E-13, 8.873058081997740438E-13, 1.000000000000000000 ) ) ;
#5199 = ORIENTED_EDGE ( 'NONE', *, *, #4078, .T. ) ;
#5200 = CARTESIAN_POINT ( 'NONE',  ( -40.36401273148740643, 0.5834750438533269357, 289.8555194833949713 ) ) ;
#5201 = AXIS2_PLACEMENT_3D ( 'NONE', #4159, #588, #4124 ) ;
#5202 = CARTESIAN_POINT ( 'NONE',  ( -70.77331074849890058, 0.0000000000000000000, 151.7488278623499980 ) ) ;
#5203 = CARTESIAN_POINT ( 'NONE',  ( -30.40343848174670072, 0.0000000000000000000, 154.3592292166420066 ) ) ;
#5204 = DIRECTION ( 'NONE',  ( -1.000000000000000000, 0.0000000000000000000, 0.0000000000000000000 ) ) ;
#5205 = VECTOR ( 'NONE', #3437, 1000.000000000000114 ) ;
#5206 = EDGE_LOOP ( 'NONE', ( #6747, #4842, #710, #1453 ) ) ;
#5207 = CARTESIAN_POINT ( 'NONE',  ( -41.18534368938189516, 0.5842783847494440463, 267.6663548964060055 ) ) ;
#5208 = APPROVAL_ROLE ( '' ) ;
#5209 = CARTESIAN_POINT ( 'NONE',  ( -112.7643120787219999, 0.0000000000000000000, 159.6266827933869763 ) ) ;
#5210 = CARTESIAN_POINT ( 'NONE',  ( -39.38752508686487630, 2.772949980681411297, 268.1293381194908534 ) ) ;
#5211 = CARTESIAN_POINT ( 'NONE',  ( -23.31880515164399981, 0.0000000000000000000, 157.6692862400060164 ) ) ;
#5212 = CARTESIAN_POINT ( 'NONE',  ( -45.21815821205359498, 2.847093818751599947, 138.1581003021520075 ) ) ;
#5213 = ORIENTED_EDGE ( 'NONE', *, *, #1481, .T. ) ;
#5214 = PLANE ( 'NONE',  #7579 ) ;
#5215 = CARTESIAN_POINT ( 'NONE',  ( -2.020622283083926440, 0.04124456616783460372, 320.3513160497597596 ) ) ;
#5216 = ORIENTED_EDGE ( 'NONE', *, *, #3689, .F. ) ;
#5217 = CARTESIAN_POINT ( 'NONE',  ( -51.37549413325160685, 0.0000000000000000000, 139.2160265485530033 ) ) ;
#5218 = DIRECTION ( 'NONE',  ( 0.0000000000000000000, -1.000000000000000000, 0.0000000000000000000 ) ) ;
#5219 = AXIS2_PLACEMENT_3D ( 'NONE', #4715, #4094, #6484 ) ;
#5220 = VERTEX_POINT ( 'NONE', #7680 ) ;
#5221 = EDGE_CURVE ( 'NONE', #4006, #1707, #6809, .T. ) ;
#5222 = CARTESIAN_POINT ( 'NONE',  ( -104.7833352566180025, 1.649665514305659997, 267.4240662162969784 ) ) ;
#5223 = ADVANCED_FACE ( 'NONE', ( #1174 ), #5190, .F. ) ;
#5224 = CARTESIAN_POINT ( 'NONE',  ( -51.20090219678660048, 2.923172142219019776, 138.9645968093270199 ) ) ;
#5225 = DIRECTION ( 'NONE',  ( 0.0000000000000000000, 0.0000000000000000000, -1.000000000000000000 ) ) ;
#5226 =( BOUNDED_CURVE ( )  B_SPLINE_CURVE ( 3, ( #3262, #943, #3767, #4975 ),
 .UNSPECIFIED., .F., .F. ) 
 B_SPLINE_CURVE_WITH_KNOTS ( ( 4, 4 ),
 ( -3.197442310920450836E-14, 3.141592653589761142 ),
 .UNSPECIFIED. ) 
 CURVE ( )  GEOMETRIC_REPRESENTATION_ITEM ( )  RATIONAL_B_SPLINE_CURVE ( ( 1.000000000000000000, 0.3333333333333333703, 0.3333333333333333703, 1.000000000000000000 ) ) 
 REPRESENTATION_ITEM ( '' )  );
#5227 = CARTESIAN_POINT ( 'NONE',  ( -24.13797093663779947, 2.579032581322469930, 154.7994920857879890 ) ) ;
#5228 = AXIS2_PLACEMENT_3D ( 'NONE', #4733, #3998, #6466 ) ;
#5229 = EDGE_CURVE ( 'NONE', #2033, #7635, #4280, .T. ) ;
#5230 = CARTESIAN_POINT ( 'NONE',  ( -40.28461255027709598, 2.784357592288820182, 292.4689905645739714 ) ) ;
#5231 = ORIENTED_EDGE ( 'NONE', *, *, #1452, .T. ) ;
#5232 = CARTESIAN_POINT ( 'NONE',  ( -104.8182588968916207, 6.594879238810358757, 267.1827469505323620 ) ) ;
#5233 = EDGE_CURVE ( 'NONE', #3345, #3220, #5150, .T. ) ;
#5234 = CARTESIAN_POINT ( 'NONE',  ( -72.34475268460390396, 0.0000000000000000000, 149.8159981027159802 ) ) ;
#5235 = DIRECTION ( 'NONE',  ( 0.0000000000000000000, 1.000000000000000000, 0.0000000000000000000 ) ) ;
#5236 = CARTESIAN_POINT ( 'NONE',  ( -105.1881255202159906, 0.6468792785984099902, 293.8544379066510146 ) ) ;
#5237 = CARTESIAN_POINT ( 'NONE',  ( -12.93789515996119732, 2.958036547077683487, 311.9737800545708524 ) ) ;
#5238 = CARTESIAN_POINT ( 'NONE',  ( -105.2103562079479957, 8.711365713970071312, 149.1705927090359864 ) ) ;
#5239 = VERTEX_POINT ( 'NONE', #5996 ) ;
#5240 = CARTESIAN_POINT ( 'NONE',  ( -102.7117101831230030, 8.629097133893480986, 314.7490000000000236 ) ) ;
#5241 = ORIENTED_EDGE ( 'NONE', *, *, #1295, .T. ) ;
#5242 = CARTESIAN_POINT ( 'NONE',  ( -40.38462081112929525, 0.5834952005429180355, 289.9381612586090569 ) ) ;
#5243 = CARTESIAN_POINT ( 'NONE',  ( -71.02021808656729718, 0.0000000000000000000, 151.1615107105619984 ) ) ;
#5244 = CARTESIAN_POINT ( 'NONE',  ( -83.45014360182798896, -0.001000001298026020023, 148.5251873153569875 ) ) ;
#5245 = DIRECTION ( 'NONE',  ( 0.0000000000000000000, 0.0000000000000000000, -1.000000000000000000 ) ) ;
#5246 = ORIENTED_EDGE ( 'NONE', *, *, #7663, .T. ) ;
#5247 = CARTESIAN_POINT ( 'NONE',  ( -40.34439129794160550, 0.5834558521987920354, 268.6544379066510260 ) ) ;
#5248 = DATE_TIME_ROLE ( 'creation_date' ) ;
#5249 = CIRCLE ( 'NONE', #1000, 5.000000000000004441 ) ;
#5250 = CARTESIAN_POINT ( 'NONE',  ( -113.5119897077134823, 0.1340538951673657664, 319.0673989305265650 ) ) ;
#5251 = CARTESIAN_POINT ( 'NONE',  ( -100.2130641889379916, 8.546828554825708579, 161.8745000000000118 ) ) ;
#5252 = CARTESIAN_POINT ( 'NONE',  ( -77.89744814321591093, 0.0000000000000000000, 149.1705927090359864 ) ) ;
#5253 = CARTESIAN_POINT ( 'NONE',  ( -45.63329525959979804, 2.852372832002219916, 138.0503401448590068 ) ) ;
#5254 = EDGE_LOOP ( 'NONE', ( #4717, #4759, #6982, #2349 ) ) ;
#5255 = CARTESIAN_POINT ( 'NONE',  ( -113.6339683254689987, 5.794529633176909833, 281.5984861828759449 ) ) ;
#5256 = CARTESIAN_POINT ( 'NONE',  ( -69.09362682626320407, 3.150701668717120096, 160.4270773981739922 ) ) ;
#5257 = ORIENTED_EDGE ( 'NONE', *, *, #584, .T. ) ;
#5258 = CARTESIAN_POINT ( 'NONE',  ( -50.46668202126210190, 0.0000000000000000000, 146.2294135775079837 ) ) ;
#5259 = CARTESIAN_POINT ( 'NONE',  ( -42.78612654327540099, 2.816167359073370235, 148.5939311065530148 ) ) ;
#5260 = CARTESIAN_POINT ( 'NONE',  ( -103.6867472579959895, 0.6454107858465150116, 267.7863071847480114 ) ) ;
#5261 = CARTESIAN_POINT ( 'NONE',  ( -50.43159252364729639, 2.913388993083410039, 144.8422696145740076 ) ) ;
#5262 = CARTESIAN_POINT ( 'NONE',  ( -9.134506838025700404, 2.388244256645830177, 312.2490000000000236 ) ) ;
#5263 = CARTESIAN_POINT ( 'NONE',  ( -24.47052677679839761, 2.583261316352239767, 153.1774392134399818 ) ) ;
#5264 = EDGE_CURVE ( 'NONE', #165, #5086, #6159, .T. ) ;
#5265 = CARTESIAN_POINT ( 'NONE',  ( -105.0674858212269953, 1.650689494630106058, 267.9482410360512290 ) ) ;
#5266 = ORIENTED_EDGE ( 'NONE', *, *, #5559, .T. ) ;
#5267 = CARTESIAN_POINT ( 'NONE',  ( -102.8422724552209928, 1.644585286374040001, 266.6544379066510260 ) ) ;
#5268 = CARTESIAN_POINT ( 'NONE',  ( -4.961418165266570313, 7.739275378388469129, 318.7500000000000000 ) ) ;
#5269 = LINE ( 'NONE', #4573, #6781 ) ;
#5270 = CARTESIAN_POINT ( 'NONE',  ( -112.7643120787219999, 2.000000000000000000, 319.7500000000000000 ) ) ;
#5271 = CARTESIAN_POINT ( 'NONE',  ( -12.14662641569337254, 4.148947550022741737, 313.5257249649777691 ) ) ;
#5272 = DIRECTION ( 'NONE',  ( -1.000000000000000000, 1.040834085586083271E-15, 0.0000000000000000000 ) ) ;
#5273 = ORIENTED_EDGE ( 'NONE', *, *, #6705, .F. ) ;
#5274 = CARTESIAN_POINT ( 'NONE',  ( -72.34475268460390396, -0.001000001298026020023, 149.8159981027159802 ) ) ;
#5275 = CARTESIAN_POINT ( 'NONE',  ( -87.02244826343951445, 3.378688801822850252, 137.8697674574810037 ) ) ;
#5276 = CIRCLE ( 'NONE', #6284, 113.7820467919760006 ) ;
#5277 = ORIENTED_EDGE ( 'NONE', *, *, #1737, .F. ) ;
#5278 = DIRECTION ( 'NONE',  ( 3.508876978744390297E-15, -4.461984743328479560E-17, 1.000000000000000000 ) ) ;
#5279 = CARTESIAN_POINT ( 'NONE',  ( -71.57982264292118657, 0.0000000000000000000, 156.7009867121379898 ) ) ;
#5280 = EDGE_CURVE ( 'NONE', #6935, #1840, #4950, .T. ) ;
#5281 = CARTESIAN_POINT ( 'NONE',  ( -62.44054221136629224, 3.066098504611760145, 149.8159981027159802 ) ) ;
#5282 = AXIS2_PLACEMENT_3D ( 'NONE', #7165, #5991, #3144 ) ;
#5283 = CARTESIAN_POINT ( 'NONE',  ( -105.0694506942180340, 7.354960781465733177, 268.0557772818929152 ) ) ;
#5284 = ORIENTED_EDGE ( 'NONE', *, *, #6126, .T. ) ;
#5285 = CARTESIAN_POINT ( 'NONE',  ( -40.41615415349789942, 0.5835260431932178804, 268.2822771394820052 ) ) ;
#5286 = DIRECTION ( 'NONE',  ( 1.000000000000000000, 2.968460817246939870E-32, -4.836222456623627081E-15 ) ) ;
#5287 = CARTESIAN_POINT ( 'NONE',  ( -105.3267298346439986, 3.611451094724639876, 372.3987999999999943 ) ) ;
#5288 = CIRCLE ( 'NONE', #1785, 1.000000000000000888 ) ;
#5289 = CARTESIAN_POINT ( 'NONE',  ( -104.1899831844534958, 4.563527884122796863, 266.9435184246289054 ) ) ;
#5290 = CARTESIAN_POINT ( 'NONE',  ( -43.62489463556060088, 2.826833677136469714, 139.6686455403659863 ) ) ;
#5291 = ORIENTED_EDGE ( 'NONE', *, *, #6951, .F. ) ;
#5292 = CARTESIAN_POINT ( 'NONE',  ( -113.5366397910120071, 7.559858262842509724, 282.9001991306679997 ) ) ;
#5293 = CARTESIAN_POINT ( 'NONE',  ( -82.00692148340409915, 3.314909423260379739, 148.8838470785319998 ) ) ;
#5294 = DIRECTION ( 'NONE',  ( 0.0000000000000000000, 0.0000000000000000000, -1.000000000000000000 ) ) ;
#5295 = ORIENTED_EDGE ( 'NONE', *, *, #1576, .T. ) ;
#5296 = CARTESIAN_POINT ( 'NONE',  ( -51.10661230116490117, 0.0000000000000000000, 142.4343304367270093 ) ) ;
#5297 = CARTESIAN_POINT ( 'NONE',  ( -83.45014360182798896, -0.001000001298026020023, 148.5251873153569875 ) ) ;
#5298 = B_SPLINE_CURVE_WITH_KNOTS ( 'NONE', 3,
 ( #5118, #6421, #1671, #6459, #501, #4654 ),
 .UNSPECIFIED., .F., .F.,
 ( 4, 2, 4 ),
 ( 0.0000000000000000000, 0.03918032560697340405, 0.07735244115620809602 ),
 .UNSPECIFIED. ) ;
#5299 = CARTESIAN_POINT ( 'NONE',  ( -72.34475268460380448, -0.001000001298026020023, 149.8159981027159802 ) ) ;
#5300 = CARTESIAN_POINT ( 'NONE',  ( -51.51303375040630073, 2.927141394457590362, 141.0369131506880080 ) ) ;
#5301 = CARTESIAN_POINT ( 'NONE',  ( -92.04375014227969132, 3.442541479025670093, 140.4919990840479898 ) ) ;
#5302 = CARTESIAN_POINT ( 'NONE',  ( -102.9421778457140704, 4.352925209388890160, 291.7131321613567252 ) ) ;
#5303 = CARTESIAN_POINT ( 'NONE',  ( -23.31923235610949874, 2.568621356640079956, 158.5921304851129889 ) ) ;
#5304 = DIRECTION ( 'NONE',  ( 0.0000000000000000000, 1.000000000000000000, 0.0000000000000000000 ) ) ;
#5305 = VERTEX_POINT ( 'NONE', #3025 ) ;
#5306 = CARTESIAN_POINT ( 'NONE',  ( -40.34439129794160550, 0.5834558521987920354, 268.6544379066510260 ) ) ;
#5307 = CARTESIAN_POINT ( 'NONE',  ( -104.6952876711150395, 0.6463972356463967284, 290.9778960794133695 ) ) ;
#5308 = EDGE_CURVE ( 'NONE', #394, #2016, #7401, .T. ) ;
#5309 = CARTESIAN_POINT ( 'NONE',  ( -114.1519132080639878, 0.6391845741337142117, 322.0264879928312212 ) ) ;
#5310 = CARTESIAN_POINT ( 'NONE',  ( -104.8509621475850082, 13.45168003562939951, 268.6544379066510260 ) ) ;
#5311 = CARTESIAN_POINT ( 'NONE',  ( -13.85694713934844557, 2.448296109997841974, 310.1483912319412752 ) ) ;
#5312 = LINE ( 'NONE', #7113, #6607 ) ;
#5313 = VERTEX_POINT ( 'NONE', #4354 ) ;
#5314 = CARTESIAN_POINT ( 'NONE',  ( -39.60122650772769504, 0.5827289653532559122, 290.6595668970833799 ) ) ;
#5315 = CARTESIAN_POINT ( 'NONE',  ( -39.34343311930970088, 1.577143931193280002, 268.6544379066510260 ) ) ;
#5316 = ORIENTED_EDGE ( 'NONE', *, *, #1060, .F. ) ;
#5317 = CARTESIAN_POINT ( 'NONE',  ( -39.61469802728944245, 1.770887382294290102, 290.6970676481526539 ) ) ;
#5318 = EDGE_CURVE ( 'NONE', #1334, #6820, #649, .T. ) ;
#5319 = CARTESIAN_POINT ( 'NONE',  ( -2.939419985849987871, 3.995356370322069139, 161.8755000000000166 ) ) ;
#5320 = CARTESIAN_POINT ( 'NONE',  ( -83.45014360182798896, 13.00321644496600015, 148.5251873153569875 ) ) ;
#5321 = CARTESIAN_POINT ( 'NONE',  ( -104.5398527650208820, 6.034100854078805476, 266.6831125333251293 ) ) ;
#5322 = EDGE_CURVE ( 'NONE', #7117, #3920, #1291, .T. ) ;
#5323 = ORIENTED_EDGE ( 'NONE', *, *, #4181, .F. ) ;
#5324 = CARTESIAN_POINT ( 'NONE',  ( -40.93162591059169841, 0.5840302242900999863, 267.7436164127910274 ) ) ;
#5325 = AXIS2_PLACEMENT_3D ( 'NONE', #4150, #1831, #1168 ) ;
#5326 = PERSON_AND_ORGANIZATION ( #6822, #814 ) ;
#5327 = CARTESIAN_POINT ( 'NONE',  ( -86.58928946071860366, 0.0000000000000000000, 137.9438979743370055 ) ) ;
#5328 = ADVANCED_FACE ( 'NONE', ( #705 ), #1138, .T. ) ;
#5329 = CARTESIAN_POINT ( 'NONE',  ( -103.9903632945220977, 4.248801790193120986, 266.8355212630093547 ) ) ;
#5330 = CARTESIAN_POINT ( 'NONE',  ( -37.30741406408549921, 2.746498715372220012, 149.1707605587849912 ) ) ;
#5331 = ORIENTED_EDGE ( 'NONE', *, *, #447, .F. ) ;
#5332 = LINE ( 'NONE', #6551, #5069 ) ;
#5333 = DIRECTION ( 'NONE',  ( -0.04817122723086530306, -0.9988390925805179510, 0.0000000000000000000 ) ) ;
#5334 = VECTOR ( 'NONE', #57, 1000.000000000000000 ) ;
#5335 = CARTESIAN_POINT ( 'NONE',  ( -95.46512630697360180, 3.486048499621960062, 149.0676399030450057 ) ) ;
#5336 = ORIENTED_EDGE ( 'NONE', *, *, #4176, .F. ) ;
#5337 = DIRECTION ( 'NONE',  ( -0.04817122573280521736, -0.9988390926527651592, -5.166902789075321298E-10 ) ) ;
#5338 = CARTESIAN_POINT ( 'NONE',  ( -50.50279661418779398, 0.0000000000000000000, 146.3665476920180026 ) ) ;
#5339 = CARTESIAN_POINT ( 'NONE',  ( -103.8283394769757564, 5.092867634400310095, 292.3104228484696705 ) ) ;
#5340 = CARTESIAN_POINT ( 'NONE',  ( -103.4477846463810096, 0.6451770573641935069, 266.6539154035662591 ) ) ;
#5341 = CARTESIAN_POINT ( 'NONE',  ( -50.70015289117630175, 2.916805309210509733, 138.5368627377210089 ) ) ;
#5342 = CARTESIAN_POINT ( 'NONE',  ( -90.93834976737440456, 3.428484219146849643, 144.6435831164220076 ) ) ;
#5343 = CARTESIAN_POINT ( 'NONE',  ( -41.34440498179760226, 0.5844339620352680953, 290.6544379066509691 ) ) ;
#5344 = CARTESIAN_POINT ( 'NONE',  ( -25.37029906503720156, 2.594702980722350283, 160.2926773729070078 ) ) ;
#5345 = CARTESIAN_POINT ( 'NONE',  ( -48.48654928131739439, 2.888655681909349848, 137.8609707278629912 ) ) ;
#5346 = VERTEX_POINT ( 'NONE', #6225 ) ;
#5347 = CARTESIAN_POINT ( 'NONE',  ( -102.1383919034561956, 5.266910626670055606, 313.5159340241902441 ) ) ;
#5348 = CARTESIAN_POINT ( 'NONE',  ( -103.9395808097129930, 0.6456580814464769613, 290.3151727803149811 ) ) ;
#5349 = LINE ( 'NONE', #4647, #413 ) ;
#5350 = AXIS2_PLACEMENT_3D ( 'NONE', #1913, #618, #7322 ) ;
#5351 = LINE ( 'NONE', #4025, #6078 ) ;
#5352 = ORIENTED_EDGE ( 'NONE', *, *, #7298, .T. ) ;
#5353 = FACE_OUTER_BOUND ( 'NONE', #2086, .T. ) ;
#5354 = CARTESIAN_POINT ( 'NONE',  ( -105.1129002011240061, 7.551033870321989916, 283.9934444796770094 ) ) ;
#5355 = CARTESIAN_POINT ( 'NONE',  ( -21.50446810468520198, 0.0000000000000000000, 149.3857278402630016 ) ) ;
#5356 = CARTESIAN_POINT ( 'NONE',  ( -21.62474127483599773, 2.547072490324029825, 149.5119330253610030 ) ) ;
#5357 = DIRECTION ( 'NONE',  ( 0.0000000000000000000, 0.0000000000000000000, -1.000000000000000000 ) ) ;
#5358 = CARTESIAN_POINT ( 'NONE',  ( -63.88560238729079543, 3.084474288366010342, 150.6029161470210056 ) ) ;
#5359 = CARTESIAN_POINT ( 'NONE',  ( -9.976320027876326435, 4.330639696102709379, 313.8050745445360121 ) ) ;
#5360 = ADVANCED_FACE ( 'NONE', ( #1408 ), #365, .F. ) ;
#5361 = ORIENTED_EDGE ( 'NONE', *, *, #1829, .F. ) ;
#5362 = CARTESIAN_POINT ( 'NONE',  ( -102.7117101802290051, 8.629097221798259554, 314.7490000000000236 ) ) ;
#5363 = CARTESIAN_POINT ( 'NONE',  ( -85.10937840474430516, 0.0000000000000000000, 145.8622491055290027 ) ) ;
#5364 = CARTESIAN_POINT ( 'NONE',  ( -104.9681984300359119, 6.599708355426272099, 267.9095077039950183 ) ) ;
#5365 = CARTESIAN_POINT ( 'NONE',  ( -40.11605024635180428, 0.5832325126263769866, 267.0588511449859084 ) ) ;
#5366 = VERTEX_POINT ( 'NONE', #4468 ) ;
#5367 = CARTESIAN_POINT ( 'NONE',  ( -114.5683106630110188, 7.022381003389566168, 282.6308640702019943 ) ) ;
#5368 = CARTESIAN_POINT ( 'NONE',  ( -81.03326208347878890, 3.302528658501149739, 149.0185125954940020 ) ) ;
#5369 = CARTESIAN_POINT ( 'NONE',  ( -93.07433564313321028, 3.455646915642530015, 148.6766817702989840 ) ) ;
#5370 = ADVANCED_FACE ( 'NONE', ( #195 ), #7048, .T. ) ;
#5371 = ORIENTED_EDGE ( 'NONE', *, *, #2448, .T. ) ;
#5372 = CARTESIAN_POINT ( 'NONE',  ( -100.2130641889379916, 8.546828554825708579, 161.8745000000000118 ) ) ;
#5373 = CARTESIAN_POINT ( 'NONE',  ( -103.6990838500960166, 4.838920086523250674, 313.1875908692643407 ) ) ;
#5374 = CARTESIAN_POINT ( 'NONE',  ( -39.55826516808719617, 2.775120676229569927, 149.1074512689899905 ) ) ;
#5375 = CARTESIAN_POINT ( 'NONE',  ( -106.1006194128894293, 6.558344532053484777, 282.5884335305429431 ) ) ;
#5376 = CARTESIAN_POINT ( 'NONE',  ( -3.695214023083133181, 3.847722767903738461, 323.7402467624896190 ) ) ;
#5377 = ADVANCED_FACE ( 'NONE', ( #7554 ), #4584, .T. ) ;
#5378 = VECTOR ( 'NONE', #2047, 1000.000000000000000 ) ;
#5379 = CARTESIAN_POINT ( 'NONE',  ( -50.39241699386540319, 2.912891221393079988, 145.6777541300169787 ) ) ;
#5380 = CARTESIAN_POINT ( 'NONE',  ( -90.98159468020249108, 3.429034190824590045, 144.3945317727109909 ) ) ;
#5381 = CARTESIAN_POINT ( 'NONE',  ( -8.997824869314479557, 7.231977029052619521, 312.2477996882119555 ) ) ;
#5382 = CARTESIAN_POINT ( 'NONE',  ( -23.53105399080850191, 2.571314953077810106, 156.7089920738399940 ) ) ;
#5383 = CARTESIAN_POINT ( 'NONE',  ( -41.34298017247203916, 1.655529375318623320, 266.6544379066510260 ) ) ;
#5384 = ORIENTED_EDGE ( 'NONE', *, *, #7573, .F. ) ;
#5385 = CARTESIAN_POINT ( 'NONE',  ( -104.4465367686050428, 5.886368778646177802, 266.5657963338177865 ) ) ;
#5386 = CARTESIAN_POINT ( 'NONE',  ( -104.4155137103650048, 1.648575313841740053, 291.2526305531919775 ) ) ;
#5387 = CARTESIAN_POINT ( 'NONE',  ( -104.8735753543059985, 13.00769105333520059, 268.6544379066510260 ) ) ;
#5388 = CARTESIAN_POINT ( 'NONE',  ( -2.939419985849449191, 3.995356370322069584, 323.1500000000000341 ) ) ;
#5389 = ORIENTED_EDGE ( 'NONE', *, *, #4650, .T. ) ;
#5390 = CARTESIAN_POINT ( 'NONE',  ( -22.76971949867539990, -0.001000001298026020023, 149.8159981027159802 ) ) ;
#5391 = CARTESIAN_POINT ( 'NONE',  ( -105.0127470666266873, 6.817503162844601228, 290.2601741371946673 ) ) ;
#5392 = DIRECTION ( 'NONE',  ( 0.9999995216640081841, -0.0009780959844898921753, 0.0000000000000000000 ) ) ;
#5393 = CARTESIAN_POINT ( 'NONE',  ( -20.43248126938350140, 2.531912415571349939, 149.3319294335800009 ) ) ;
#5394 = CARTESIAN_POINT ( 'NONE',  ( -114.7026708042135255, 4.269866226958218824, 280.7769234654252841 ) ) ;
#5395 =( BOUNDED_SURFACE ( )  B_SPLINE_SURFACE ( 3, 2, ( 
 ( #448, #6405, #4603 ),
 ( #7026, #5340, #1105 ),
 ( #2879, #2806, #3540 ),
 ( #3503, #2212, #2844 ),
 ( #5260, #519, #5886 ),
 ( #3391, #4090, #7102 ),
 ( #1656, #7728, #2917 ),
 ( #7650, #5182, #5222 ),
 ( #7574, #6481, #1734 ),
 ( #5927, #2322, #7612 ),
 ( #6558, #4014, #556 ),
 ( #2957, #2363, #1030 ) ),
 .UNSPECIFIED., .F., .F., .F. ) 
 B_SPLINE_SURFACE_WITH_KNOTS ( ( 4, 2, 2, 2, 2, 4 ),
 ( 3, 3 ),
 ( 0.0000000000000000000, 0.0003905413816543909793, 0.0005858120724815860624, 0.0007810827633087809828, 0.001171624144963170173, 0.001562165526617560014 ),
 ( 0.0000000000000000000, 1.000000000000000000 ),
 .UNSPECIFIED. ) 
 GEOMETRIC_REPRESENTATION_ITEM ( )  RATIONAL_B_SPLINE_SURFACE ( (
 ( 1.000000000000000000, 0.7071067811865470176, 1.000000000000000000),
 ( 1.000000000000000000, 0.7069220745484389168, 1.000000000000000000),
 ( 1.000000000000000000, 0.7067375490477699751, 1.000000000000000000),
 ( 1.000000000000000000, 0.7064817307518550527, 1.000000000000000000),
 ( 1.000000000000000000, 0.7064008867176019280, 1.000000000000000000),
 ( 1.000000000000000000, 0.7062479491133399900, 1.000000000000000000),
 ( 1.000000000000000000, 0.7061755655245289809, 1.000000000000000000),
 ( 1.000000000000000000, 0.7059810032347449971, 1.000000000000000000),
 ( 1.000000000000000000, 0.7058763198653750237, 1.000000000000000000),
 ( 1.000000000000000000, 0.7057360947630030301, 1.000000000000000000),
 ( 1.000000000000000000, 0.7056985518271750024, 1.000000000000000000),
 ( 1.000000000000000000, 0.7056988538142949796, 1.000000000000000000) ) ) 
 REPRESENTATION_ITEM ( '' )  SURFACE ( )  );
#5396 = PLANE ( 'NONE',  #4504 ) ;
#5397 = CARTESIAN_POINT ( 'NONE',  ( -81.55226651084269918, -0.001000001298026020023, 149.1705927090359864 ) ) ;
#5398 = CARTESIAN_POINT ( 'NONE',  ( -48.17718449455220053, -0.001000001298026020023, 146.6740724992289699 ) ) ;
#5399 = DIRECTION ( 'NONE',  ( 0.0000000000000000000, 1.000000000000000000, 0.0000000000000000000 ) ) ;
#5400 = AXIS2_PLACEMENT_3D ( 'NONE', #3968, #320, #5612 ) ;
#5401 = ORIENTED_EDGE ( 'NONE', *, *, #1541, .T. ) ;
#5402 = DIRECTION ( 'NONE',  ( 0.0000000000000000000, 0.0000000000000000000, -1.000000000000000000 ) ) ;
#5403 = CARTESIAN_POINT ( 'NONE',  ( -84.99268815783310060, 0.0000000000000000000, 146.4947088281940069 ) ) ;
#5404 = CARTESIAN_POINT ( 'NONE',  ( -98.12425617760010255, 0.0000000000000000000, 149.1705927090359864 ) ) ;
#5405 = VECTOR ( 'NONE', #2636, 1000.000000000000000 ) ;
#5406 = DIRECTION ( 'NONE',  ( -0.01271524779707793908, -0.9999191579690125398, 0.0000000000000000000 ) ) ;
#5407 = EDGE_LOOP ( 'NONE', ( #6855, #2685, #3536, #4152, #2594 ) ) ;
#5408 = EDGE_CURVE ( 'NONE', #5197, #1334, #951, .T. ) ;
#5409 = CARTESIAN_POINT ( 'NONE',  ( 0.0000000000000000000, 7.500000000000000000, 149.1705927090359864 ) ) ;
#5410 = CARTESIAN_POINT ( 'NONE',  ( -71.30438939233260953, 3.178813436348649990, 155.8184481319120209 ) ) ;
#5411 = DIRECTION ( 'NONE',  ( 0.9988390925805178400, -0.04817122723086587899, -5.551115123125803528E-14 ) ) ;
#5412 = ORIENTED_EDGE ( 'NONE', *, *, #2876, .T. ) ;
#5413 = CARTESIAN_POINT ( 'NONE',  ( -108.7907846640949856, 3.655500971345309935, 149.1705927090359864 ) ) ;
#5414 = AXIS2_PLACEMENT_3D ( 'NONE', #68, #1278, #3676 ) ;
#5415 = CARTESIAN_POINT ( 'NONE',  ( -100.9293025232219918, 3.685679337816610168, 311.0577394305020107 ) ) ;
#5416 = CARTESIAN_POINT ( 'NONE',  ( -104.1861368306289961, 0.6458992370158400664, 268.6544379066510260 ) ) ;
#5417 = CARTESIAN_POINT ( 'NONE',  ( -104.9232070068629383, 6.869106067737684285, 290.8504993369951421 ) ) ;
#5418 = CARTESIAN_POINT ( 'NONE',  ( -0.9709921183462941752, 2.485494837546001534, 322.3778583502048036 ) ) ;
#5419 = CARTESIAN_POINT ( 'NONE',  ( -51.19553326208009736, 2.923103856718260118, 147.5122427900159892 ) ) ;
#5420 = CARTESIAN_POINT ( 'NONE',  ( -92.03909047554299150, 3.442481778251269553, 139.8358752297649801 ) ) ;
#5421 = CARTESIAN_POINT ( 'NONE',  ( -9.134506838025645337, 2.388244256645833286, 313.7134660940673143 ) ) ;
#5422 = CIRCLE ( 'NONE', #3426, 5.000000000000004441 ) ;
#5423 = CARTESIAN_POINT ( 'NONE',  ( -102.7633557007369944, 8.579258765077060644, 314.7490000000000236 ) ) ;
#5424 = CARTESIAN_POINT ( 'NONE',  ( -8.949711076455509229, 8.262268130041759306, 312.2490000000000236 ) ) ;
#5425 = EDGE_LOOP ( 'NONE', ( #5097, #6411, #1700, #2886 ) ) ;
#5426 = CARTESIAN_POINT ( 'NONE',  ( -114.1924652554611725, 2.317873156841993243, 321.8061749295656000 ) ) ;
#5427 = EDGE_CURVE ( 'NONE', #954, #4343, #2958, .T. ) ;
#5428 = CARTESIAN_POINT ( 'NONE',  ( -91.55009721046360482, 0.0000000000000000000, 147.6205917153680218 ) ) ;
#5429 = CARTESIAN_POINT ( 'NONE',  ( -64.04724765425839905, 0.0000000000000000000, 156.4840755076830021 ) ) ;
#5430 = CARTESIAN_POINT ( 'NONE',  ( -7.315416974860430521, 0.8775010008004010542, 322.2500000000000000 ) ) ;
#5431 = EDGE_LOOP ( 'NONE', ( #2097, #7694, #5177, #6904 ) ) ;
#5432 = CARTESIAN_POINT ( 'NONE',  ( 65.66446933898639315, 3.995356370322069139, 206.7496146743889938 ) ) ;
#5433 = CARTESIAN_POINT ( 'NONE',  ( -105.0784535519255911, 7.214028237317755554, 289.9207308458932175 ) ) ;
#5434 = ORIENTED_EDGE ( 'NONE', *, *, #6340, .F. ) ;
#5435 = CARTESIAN_POINT ( 'NONE',  ( -104.9754335873293911, 1.650483696520439691, 290.5871991066139230 ) ) ;
#5436 = CARTESIAN_POINT ( 'NONE',  ( -18.95938125044219902, 2.513179517095189830, 149.2095459061219742 ) ) ;
#5437 = CARTESIAN_POINT ( 'NONE',  ( -114.7108912367749696, 4.041542803039686049, 279.8117457106901043 ) ) ;
#5438 = CARTESIAN_POINT ( 'NONE',  ( -39.33477056452887410, 2.772279139625333677, 289.6544379066506281 ) ) ;
#5439 = CARTESIAN_POINT ( 'NONE',  ( -64.94394200125830707, 3.097932001090569543, 153.1792989085240038 ) ) ;
#5440 = FACE_OUTER_BOUND ( 'NONE', #4087, .T. ) ;
#5441 = CARTESIAN_POINT ( 'NONE',  ( -104.2534616248220232, 6.572269410539783863, 314.7490000000003079 ) ) ;
#5442 = EDGE_LOOP ( 'NONE', ( #6959, #2913, #7210, #7551 ) ) ;
#5443 = CARTESIAN_POINT ( 'NONE',  ( -52.34854290119849907, 2.937765614277279891, 148.3077724465580047 ) ) ;
#5444 = CARTESIAN_POINT ( 'NONE',  ( -84.76523180503218668, 0.0000000000000000000, 147.0901437810000232 ) ) ;
#5445 =( BOUNDED_CURVE ( )  B_SPLINE_CURVE ( 3, ( #1667, #6453, #5864, #496 ),
 .UNSPECIFIED., .F., .F. ) 
 B_SPLINE_CURVE_WITH_KNOTS ( ( 4, 4 ),
 ( 8.700187034402030705E-12, 3.141592653598493268 ),
 .UNSPECIFIED. ) 
 CURVE ( )  GEOMETRIC_REPRESENTATION_ITEM ( )  RATIONAL_B_SPLINE_CURVE ( ( 1.000000000000000000, 0.3333333333333333703, 0.3333333333333333703, 1.000000000000000000 ) ) 
 REPRESENTATION_ITEM ( '' )  );
#5446 = CARTESIAN_POINT ( 'NONE',  ( -105.0637198784640418, 7.113450433236923942, 268.2803390706294522 ) ) ;
#5447 = CARTESIAN_POINT ( 'NONE',  ( -40.81688296739579158, 1.582520252177060049, 266.7075076911769997 ) ) ;
#5448 = ORIENTED_EDGE ( 'NONE', *, *, #7142, .F. ) ;
#5449 = CARTESIAN_POINT ( 'NONE',  ( -114.7120313748049938, 4.008506407753950285, 279.1544379066509691 ) ) ;
#5450 = CARTESIAN_POINT ( 'NONE',  ( -70.72871820467540260, 3.171493636847349862, 159.9359423223679926 ) ) ;
#5451 = CARTESIAN_POINT ( 'NONE',  ( -105.0539410357330325, 12.56645895519829992, 275.1544379066511965 ) ) ;
#5452 = AXIS2_PLACEMENT_3D ( 'NONE', #7305, #1382, #2566 ) ;
#5453 = ORIENTED_EDGE ( 'NONE', *, *, #1303, .T. ) ;
#5454 = CARTESIAN_POINT ( 'NONE',  ( -1.095827861744700149, 3.995356370322069139, 318.7499999999959641 ) ) ;
#5455 = CARTESIAN_POINT ( 'NONE',  ( -102.7737884628929947, 4.239882624001729994, 311.0018766875180063 ) ) ;
#5456 = CARTESIAN_POINT ( 'NONE',  ( -105.1620210869209586, 4.042618502699890648, 281.2939224686903117 ) ) ;
#5457 = CARTESIAN_POINT ( 'NONE',  ( -104.2253140120489547, 5.561641065981079990, 291.9935104342485488 ) ) ;
#5458 = CARTESIAN_POINT ( 'NONE',  ( -3.128016828284620132, 3.564035295022352834, 323.6564746352149200 ) ) ;
#5459 = VECTOR ( 'NONE', #3088, 1000.000000000000000 ) ;
#5460 = DIRECTION ( 'NONE',  ( -0.9999191579690124287, 0.01271524779707759387, 0.0000000000000000000 ) ) ;
#5461 = CARTESIAN_POINT ( 'NONE',  ( -109.4630840978700093, 3.995356370322069139, 165.9169518843269771 ) ) ;
#5462 = CARTESIAN_POINT ( 'NONE',  ( -104.1929648735270177, 5.503648664710067528, 291.4032702044417533 ) ) ;
#5463 = CARTESIAN_POINT ( 'NONE',  ( -1.967944038393609985, 2.657402632914240392, 164.0493397951459826 ) ) ;
#5464 = DIRECTION ( 'NONE',  ( 2.841763045691645038E-10, -1.296503055683890035E-11, 1.000000000000000000 ) ) ;
#5465 = AXIS2_PLACEMENT_3D ( 'NONE', #7530, #3972, #6246 ) ;
#5466 = EDGE_CURVE ( 'NONE', #6331, #893, #681, .T. ) ;
#5467 = CARTESIAN_POINT ( 'NONE',  ( -114.7639975833969999, 2.035466637765300124, 319.7500000000000000 ) ) ;
#5468 = EDGE_CURVE ( 'NONE', #2124, #5366, #7221, .T. ) ;
#5469 = CARTESIAN_POINT ( 'NONE',  ( -91.50371947839899178, 0.0000000000000000000, 142.5962376433080010 ) ) ;
#5470 = CARTESIAN_POINT ( 'NONE',  ( -66.28224940302710877, 0.0000000000000000000, 160.3908777707369779 ) ) ;
#5471 = CARTESIAN_POINT ( 'NONE',  ( -29.47212362171960010, 2.646865024392479615, 160.2461934434489876 ) ) ;
#5472 = ORIENTED_EDGE ( 'NONE', *, *, #6321, .T. ) ;
#5473 = EDGE_CURVE ( 'NONE', #4030, #3256, #1302, .T. ) ;
#5474 = CARTESIAN_POINT ( 'NONE',  ( -93.83681211297829350, 0.0000000000000000000, 148.9554575778099945 ) ) ;
#5475 = ORIENTED_EDGE ( 'NONE', *, *, #2538, .T. ) ;
#5476 = CARTESIAN_POINT ( 'NONE',  ( -7.165051494983970315, 3.995356370322069139, 315.2500000000000000 ) ) ;
#5477 = TOROIDAL_SURFACE ( 'NONE', #4230, 113.7820467919760006, 1.000000000000000000 ) ;
#5478 = CARTESIAN_POINT ( 'NONE',  ( -21.32649738026169928, 2.543280414300909786, 149.4573383395430142 ) ) ;
#5479 = CARTESIAN_POINT ( 'NONE',  ( -23.86261532165519839, 0.0000000000000000000, 155.6673092420039950 ) ) ;
#5480 = CARTESIAN_POINT ( 'NONE',  ( -106.1697529593619862, 7.938906651355066124, 283.1117150302328582 ) ) ;
#5481 = CARTESIAN_POINT ( 'NONE',  ( -63.78176492457389202, 3.083154000552950080, 158.6218486281389914 ) ) ;
#5482 = CARTESIAN_POINT ( 'NONE',  ( -103.8097678590879411, 5.059256517445118284, 266.7079685648702139 ) ) ;
#5483 = CARTESIAN_POINT ( 'NONE',  ( -105.0932437651869975, 7.324441712896289758, 274.3154313336120254 ) ) ;
#5484 = AXIS2_PLACEMENT_3D ( 'NONE', #3755, #7201, #1832 ) ;
#5485 = CARTESIAN_POINT ( 'NONE',  ( -28.25974124693320277, 2.631446012256150269, 160.4802146902100048 ) ) ;
#5486 = DATE_AND_TIME ( #1836, #5189 ) ;
#5487 = CARTESIAN_POINT ( 'NONE',  ( -84.15848510573610497, 0.0000000000000000000, 139.6743474856860132 ) ) ;
#5488 = CARTESIAN_POINT ( 'NONE',  ( -104.5709089659439286, 5.329230693877891945, 267.2571194679411519 ) ) ;
#5489 = CARTESIAN_POINT ( 'NONE',  ( -40.33597765185980677, 1.580769052687690079, 266.9072037388979766 ) ) ;
#5490 = ORIENTED_EDGE ( 'NONE', *, *, #7746, .F. ) ;
#5491 = CARTESIAN_POINT ( 'NONE',  ( -114.4511098310764368, 8.716090615328417002, 274.1544379080727367 ) ) ;
#5492 = CARTESIAN_POINT ( 'NONE',  ( -71.63543034908559548, 3.183023238182210335, 156.8738323263509926 ) ) ;
#5493 = PLANE ( 'NONE',  #2456 ) ;
#5494 = ORIENTED_EDGE ( 'NONE', *, *, #7581, .F. ) ;
#5495 = CARTESIAN_POINT ( 'NONE',  ( -114.6754645569400992, 5.046910339692781022, 278.6324413708398424 ) ) ;
#5496 = CARTESIAN_POINT ( 'NONE',  ( -113.9164858903181567, 12.99387480718957555, 274.6597236695430979 ) ) ;
#5497 = CARTESIAN_POINT ( 'NONE',  ( -2.763972161589430154, 7.633298678480564980, 318.7500000000000000 ) ) ;
#5498 = CARTESIAN_POINT ( 'NONE',  ( -105.0771875353213431, 7.388565386521748657, 290.1939548351052736 ) ) ;
#5499 = CARTESIAN_POINT ( 'NONE',  ( -112.3849499988232310, 12.92001309714092727, 323.7500096986821063 ) ) ;
#5500 = CARTESIAN_POINT ( 'NONE',  ( -112.6641659474970112, 0.1966902440141929942, 320.9981106390920331 ) ) ;
#5501 = CARTESIAN_POINT ( 'NONE',  ( -92.26918487950590020, 3.445407722138989826, 148.3164969331530187 ) ) ;
#5502 = CARTESIAN_POINT ( 'NONE',  ( -104.9831825251809931, 6.657835218655970166, 290.3671608842550427 ) ) ;
#5503 = CARTESIAN_POINT ( 'NONE',  ( -8.996714391952071566, 7.257369484997850506, 312.2485997975060172 ) ) ;
#5504 = CARTESIAN_POINT ( 'NONE',  ( -112.5013736943688514, 3.143528231230246828, 323.3701756129586329 ) ) ;
#5505 = VECTOR ( 'NONE', #4755, 1000.000000000000000 ) ;
#5506 = CARTESIAN_POINT ( 'NONE',  ( -103.1861293549779930, 0.6449211332515850659, 290.6544379066509691 ) ) ;
#5507 = CARTESIAN_POINT ( 'NONE',  ( -64.41423049955409397, 0.0000000000000000000, 159.6359424651460017 ) ) ;
#5508 = EDGE_CURVE ( 'NONE', #4994, #692, #2676, .T. ) ;
#5509 = CARTESIAN_POINT ( 'NONE',  ( -29.15605017202840088, 2.642845874707130172, 160.3267262405559848 ) ) ;
#5510 = ORIENTED_EDGE ( 'NONE', *, *, #7515, .F. ) ;
#5511 = CARTESIAN_POINT ( 'NONE',  ( -38.35131920963049623, 2.759773300954030173, 268.2778795438600241 ) ) ;
#5512 = APPLICATION_CONTEXT ( 'configuration controlled 3d designs of mechanical parts and assemblies' ) ;
#5513 = EDGE_LOOP ( 'NONE', ( #6565, #2612, #6996, #4702 ) ) ;
#5514 = CARTESIAN_POINT ( 'NONE',  ( -88.32215847816328846, 3.395216275381986115, 137.7853797220895729 ) ) ;
#5515 = CARTESIAN_POINT ( 'NONE',  ( -43.63868771493410037, 0.0000000000000000000, 140.9539876004490111 ) ) ;
#5516 = CARTESIAN_POINT ( 'NONE',  ( -24.39589322313100084, 0.0000000000000000000, 153.7392081880360024 ) ) ;
#5517 = CARTESIAN_POINT ( 'NONE',  ( -63.86634879121000097, 3.084229454327979791, 158.9176925987100333 ) ) ;
#5518 = CARTESIAN_POINT ( 'NONE',  ( -102.8102168241690464, 4.266699124346940764, 265.6454609887687752 ) ) ;
#5519 = CARTESIAN_POINT ( 'NONE',  ( -104.9735017887110189, 14.13761165742179315, 313.7134660940667459 ) ) ;
#5520 = CARTESIAN_POINT ( 'NONE',  ( -84.78163705042291554, 3.350194208882430136, 143.3559093202810004 ) ) ;
#5521 = DATE_AND_TIME ( #2511, #1688 ) ;
#5522 = ADVANCED_FACE ( 'NONE', ( #5058 ), #873, .F. ) ;
#5523 = CARTESIAN_POINT ( 'NONE',  ( -85.09801792379730045, 0.0000000000000000000, 144.9411310593199858 ) ) ;
#5524 = CARTESIAN_POINT ( 'NONE',  ( -104.7695121533277245, 5.865724396766541560, 267.5104464354899960 ) ) ;
#5525 = CARTESIAN_POINT ( 'NONE',  ( -105.1680289897359870, 3.594336748184230323, 278.6169970596053531 ) ) ;
#5526 = ORIENTED_EDGE ( 'NONE', *, *, #5427, .F. ) ;
#5527 = CARTESIAN_POINT ( 'NONE',  ( -31.25774831196159909, 0.0000000000000000000, 150.2998467305319821 ) ) ;
#5528 = CARTESIAN_POINT ( 'NONE',  ( -71.76050266777599518, 3.184613902544600084, 157.4499609695579920 ) ) ;
#5529 = CARTESIAN_POINT ( 'NONE',  ( -106.0928674035610015, 7.351874933421250091, 283.9934444796770094 ) ) ;
#5530 = EDGE_LOOP ( 'NONE', ( #645, #4064, #1724, #7005 ) ) ;
#5531 = CARTESIAN_POINT ( 'NONE',  ( -114.4774420700919961, 8.382951346690388661, 274.1544379095170143 ) ) ;
#5532 = CARTESIAN_POINT ( 'NONE',  ( -101.9128950109469969, 4.801205466312740811, 313.0531337570149617 ) ) ;
#5533 = CYLINDRICAL_SURFACE ( 'NONE', #914, 1.000000000000000888 ) ;
#5534 = VECTOR ( 'NONE', #2101, 1000.000000000000000 ) ;
#5535 = CARTESIAN_POINT ( 'NONE',  ( -105.0890613648214327, 7.440160567845806483, 290.0933186984494796 ) ) ;
#5536 = CARTESIAN_POINT ( 'NONE',  ( -1.992633478678621284, 2.996699308844874121, 323.2204812773327944 ) ) ;
#5537 = CARTESIAN_POINT ( 'NONE',  ( -113.8505657904439516, 0.9359564508276578820, 322.4250034533109783 ) ) ;
#5538 = CYLINDRICAL_SURFACE ( 'NONE', #3454, 2.199999999999993960 ) ;
#5539 = CARTESIAN_POINT ( 'NONE',  ( -105.0696853527679764, 7.355911648593537855, 290.2515332684750433 ) ) ;
#5540 = CARTESIAN_POINT ( 'NONE',  ( -5.141976950577250349, 3.995356370322069139, 165.9169518843249875 ) ) ;
#5541 = FACE_OUTER_BOUND ( 'NONE', #6948, .T. ) ;
#5542 = CARTESIAN_POINT ( 'NONE',  ( -91.73122358743850668, 0.0000000000000000000, 147.8339422352100030 ) ) ;
#5543 = VECTOR ( 'NONE', #3199, 1000.000000000000000 ) ;
#5544 = CARTESIAN_POINT ( 'NONE',  ( -64.14616700555269801, 0.0000000000000000000, 156.1719374502559958 ) ) ;
#5545 = CARTESIAN_POINT ( 'NONE',  ( -30.27510213590320021, 2.657074297540900076, 159.9359423223699821 ) ) ;
#5546 = VERTEX_POINT ( 'NONE', #6163 ) ;
#5547 = CARTESIAN_POINT ( 'NONE',  ( -39.27198691319489399, 6.454664549271050156, 268.6544379066510260 ) ) ;
#5548 = ADVANCED_FACE ( 'NONE', ( #4401 ), #5538, .F. ) ;
#5549 = ORIENTED_EDGE ( 'NONE', *, *, #3140, .F. ) ;
#5550 = DIRECTION ( 'NONE',  ( -0.8662767110661168113, 0.0000000000000000000, 0.4995644701782458452 ) ) ;
#5551 = CARTESIAN_POINT ( 'NONE',  ( -43.92499077135809671, 0.0000000000000000000, 139.0150340574409995 ) ) ;
#5552 = CARTESIAN_POINT ( 'NONE',  ( -24.05890894407359681, 0.0000000000000000000, 151.0992354355399812 ) ) ;
#5553 = CARTESIAN_POINT ( 'NONE',  ( -64.87715537342540983, 3.097083169380559831, 152.1391247796349830 ) ) ;
#5554 = CARTESIAN_POINT ( 'NONE',  ( -10.11363822274110191, 4.279773478044989865, 311.7087071136559189 ) ) ;
#5555 = CARTESIAN_POINT ( 'NONE',  ( -100.2130641889379916, 8.546828554825690816, 265.6544379066509691 ) ) ;
#5556 = CARTESIAN_POINT ( 'NONE',  ( -84.17923071703638982, 3.342533663324509963, 139.6037756573260253 ) ) ;
#5557 = EDGE_CURVE ( 'NONE', #3499, #6935, #3210, .T. ) ;
#5558 = CARTESIAN_POINT ( 'NONE',  ( -83.90630504973270831, 0.0000000000000000000, 148.1705864094909941 ) ) ;
#5559 = EDGE_CURVE ( 'NONE', #4096, #6910, #6991, .T. ) ;
#5560 = CARTESIAN_POINT ( 'NONE',  ( -72.34475268460390396, 0.0000000000000000000, 149.8159981027159802 ) ) ;
#5561 = CARTESIAN_POINT ( 'NONE',  ( -95.28617032750639737, -0.001000001298026020023, 138.6634986500699824 ) ) ;
#5562 = EDGE_LOOP ( 'NONE', ( #5361, #507, #3829, #2696 ) ) ;
#5563 = CARTESIAN_POINT ( 'NONE',  ( -30.95427232945439755, 0.0000000000000000000, 150.6110960561520073 ) ) ;
#5564 = CARTESIAN_POINT ( 'NONE',  ( -71.01650813867439638, 3.175153662863680282, 159.7642198472460109 ) ) ;
#5565 = ADVANCED_FACE ( 'NONE', ( #4368 ), #717, .F. ) ;
#5566 = CARTESIAN_POINT ( 'NONE',  ( -101.2188278493729570, 3.649023287661668835, 310.2206742196663640 ) ) ;
#5567 = ORIENTED_EDGE ( 'NONE', *, *, #6961, .T. ) ;
#5568 = CARTESIAN_POINT ( 'NONE',  ( -114.4251532653739503, 9.044477096599898402, 275.1544379066511965 ) ) ;
#5569 = EDGE_CURVE ( 'NONE', #978, #3594, #4193, .T. ) ;
#5570 = CARTESIAN_POINT ( 'NONE',  ( -48.48654928131739439, -0.001000001298026020023, 137.8609707278629912 ) ) ;
#5571 = CARTESIAN_POINT ( 'NONE',  ( -52.84085623724340053, 2.944026250107679932, 148.5251873153569875 ) ) ;
#5572 = CARTESIAN_POINT ( 'NONE',  ( -40.11272592481267907, 2.782171834548341049, 267.0657743393583701 ) ) ;
#5573 = CARTESIAN_POINT ( 'NONE',  ( -103.5688093689429934, 0.6452954312156289340, 267.7305557661049988 ) ) ;
#5574 = CARTESIAN_POINT ( 'NONE',  ( -2.763972161589989707, 7.633298678480596067, 161.8755000000000166 ) ) ;
#5575 = CARTESIAN_POINT ( 'NONE',  ( -104.1482322245820029, 0.6458621626551509509, 289.9298803318549744 ) ) ;
#5576 = CARTESIAN_POINT ( 'NONE',  ( -104.0688992237760289, 5.348129441856107391, 291.4789726678719717 ) ) ;
#5577 = CC_DESIGN_SECURITY_CLASSIFICATION ( #2196, ( #942 ) ) ;
#5578 = CARTESIAN_POINT ( 'NONE',  ( -109.0404516121569998, 12.75871725584459959, 318.7500000000000000 ) ) ;
#5579 = CARTESIAN_POINT ( 'NONE',  ( -105.0932437651790110, 7.324441712893340117, 289.6544379066509691 ) ) ;
#5580 = CIRCLE ( 'NONE', #1574, 0.9999999999999995559 ) ;
#5581 = CYLINDRICAL_SURFACE ( 'NONE', #4540, 7.654378035012191717 ) ;
#5582 = CARTESIAN_POINT ( 'NONE',  ( -65.16266232143729553, 0.0000000000000000000, 160.0714202336289986 ) ) ;
#5583 = CARTESIAN_POINT ( 'NONE',  ( -30.34961535498429797, 2.658021279875219633, 151.6424793893849881 ) ) ;
#5584 = VECTOR ( 'NONE', #4359, 1000.000000000000114 ) ;
#5585 = CARTESIAN_POINT ( 'NONE',  ( -105.1669167779700018, 3.685939401274100469, 278.0641738374230272 ) ) ;
#5586 = VERTEX_POINT ( 'NONE', #949 ) ;
#5587 = CARTESIAN_POINT ( 'NONE',  ( -39.20883779635459376, 2.770677743812130167, 266.5323518170250168 ) ) ;
#5588 = ORIENTED_EDGE ( 'NONE', *, *, #2358, .T. ) ;
#5589 = DIRECTION ( 'NONE',  ( 0.1214093666953641876, 0.0000000000000000000, -0.9926025214952008957 ) ) ;
#5590 = CARTESIAN_POINT ( 'NONE',  ( -58.40104942009870115, 0.0000000000000000000, 149.1705927090359864 ) ) ;
#5591 = CARTESIAN_POINT ( 'NONE',  ( -24.36006256827819882, 0.0000000000000000000, 151.8026650856689912 ) ) ;
#5592 = CARTESIAN_POINT ( 'NONE',  ( -63.87377474303990255, 3.084323025504249749, 157.0994970130969932 ) ) ;
#5593 = DIRECTION ( 'NONE',  ( -0.04817122723086530306, -0.9988390925805179510, 0.0000000000000000000 ) ) ;
#5594 = EDGE_LOOP ( 'NONE', ( #897, #2409, #781, #432 ) ) ;
#5595 = CARTESIAN_POINT ( 'NONE',  ( -86.44134005000930188, 3.371298510025519946, 137.9756389124729878 ) ) ;
#5596 = AXIS2_PLACEMENT_3D ( 'NONE', #7031, #1110, #4680 ) ;
#5597 = DIRECTION ( 'NONE',  ( 0.1214093666953637296, 0.0000000000000000000, -0.9926025214952008957 ) ) ;
#5598 = CARTESIAN_POINT ( 'NONE',  ( -71.94759793944730575, 0.0000000000000000000, 150.1015861725179832 ) ) ;
#5599 = CARTESIAN_POINT ( 'NONE',  ( -106.0970230862649970, 6.784280302579109190, 275.5886986333210302 ) ) ;
#5600 = ORIENTED_EDGE ( 'NONE', *, *, #5037, .T. ) ;
#5601 = CARTESIAN_POINT ( 'NONE',  ( -114.4251532653740071, 9.044477096599898402, 274.1544379066509691 ) ) ;
#5602 = CIRCLE ( 'NONE', #3855, 6.000000000000005329 ) ;
#5603 = EDGE_CURVE ( 'NONE', #6303, #2988, #1392, .T. ) ;
#5604 = CARTESIAN_POINT ( 'NONE',  ( -101.2104366050492672, 3.647312616940517671, 310.2164685244008524 ) ) ;
#5605 = LINE ( 'NONE', #2629, #7602 ) ;
#5606 = ORIENTED_EDGE ( 'NONE', *, *, #4033, .F. ) ;
#5607 = CARTESIAN_POINT ( 'NONE',  ( -113.6460270695669976, 5.499695267193589920, 277.1518544427759707 ) ) ;
#5608 = CARTESIAN_POINT ( 'NONE',  ( -20.06330264812210018, -0.001000001298026020023, 159.6815318476249956 ) ) ;
#5609 = CARTESIAN_POINT ( 'NONE',  ( -110.7098093730610060, 4.000000000000000000, 323.7500000000000000 ) ) ;
#5610 = CARTESIAN_POINT ( 'NONE',  ( -40.45564299743490011, 1.784085626924080126, 266.8568111623409891 ) ) ;
#5611 = LINE ( 'NONE', #240, #5405 ) ;
#5612 = DIRECTION ( 'NONE',  ( 0.0000000000000000000, 1.000000000000000000, 2.164934898019053234E-12 ) ) ;
#5613 = CARTESIAN_POINT ( 'NONE',  ( -104.0849475528469981, 0.6458002641422420087, 290.0976416756350318 ) ) ;
#5614 = EDGE_CURVE ( 'NONE', #893, #1741, #7021, .T. ) ;
#5615 = CARTESIAN_POINT ( 'NONE',  ( -37.44383207444760586, 2.748233444252059954, 149.1705927090359864 ) ) ;
#5616 = LINE ( 'NONE', #7415, #6965 ) ;
#5617 = CARTESIAN_POINT ( 'NONE',  ( -104.5746540675851293, 5.338221549325210091, 291.0477291479649011 ) ) ;
#5618 = EDGE_CURVE ( 'NONE', #1338, #6828, #5702, .T. ) ;
#5619 = CARTESIAN_POINT ( 'NONE',  ( -89.08225872374929111, 0.0000000000000000000, 137.8789401275620321 ) ) ;
#5620 = CARTESIAN_POINT ( 'NONE',  ( -72.84752760875180400, 3.198437245989360189, 149.6645036477730173 ) ) ;
#5621 = CARTESIAN_POINT ( 'NONE',  ( -107.5903750333320090, 0.8775010007995570627, 322.2500000000000000 ) ) ;
#5622 = CARTESIAN_POINT ( 'NONE',  ( -30.24647808853849895, 2.656709823334510112, 152.0025542938419960 ) ) ;
#5623 = CARTESIAN_POINT ( 'NONE',  ( -38.63299757619860486, 2.763355200752069862, 290.9840525489379957 ) ) ;
#5624 = EDGE_LOOP ( 'NONE', ( #1617, #1887, #2113, #5371 ) ) ;
#5625 = CARTESIAN_POINT ( 'NONE',  ( -114.0434928689719811, 13.00000000000000000, 323.7500000000000000 ) ) ;
#5626 = CARTESIAN_POINT ( 'NONE',  ( -39.11456060040960381, 9.718927587920520139, 289.6544379066509691 ) ) ;
#5627 = CARTESIAN_POINT ( 'NONE',  ( -106.0928674035610015, 7.351874933421310487, 268.6544379066510260 ) ) ;
#5628 = CARTESIAN_POINT ( 'NONE',  ( -43.60949797316000343, 0.0000000000000000000, 139.7458639287679887 ) ) ;
#5629 = CARTESIAN_POINT ( 'NONE',  ( -23.83434198639439927, 0.0000000000000000000, 150.7669312804740116 ) ) ;
#5630 = CARTESIAN_POINT ( 'NONE',  ( -111.6656410625901401, 3.995356370322069139, 161.8755000000000166 ) ) ;
#5631 = CARTESIAN_POINT ( 'NONE',  ( -106.1144351862008932, 5.442566287970319827, 276.7106769670216977 ) ) ;
#5632 = ORIENTED_EDGE ( 'NONE', *, *, #1869, .F. ) ;
#5633 = CARTESIAN_POINT ( 'NONE',  ( -84.69701702738099414, 3.349118103732440233, 143.0584573163079938 ) ) ;
#5634 = CARTESIAN_POINT ( 'NONE',  ( -67.78404412602378670, -0.001000001298026020023, 152.8824597521790167 ) ) ;
#5635 = CARTESIAN_POINT ( 'NONE',  ( -72.20275011412660149, 0.0000000000000000000, 149.9085275056000057 ) ) ;
#5636 = CARTESIAN_POINT ( 'NONE',  ( -106.1180532553110112, 4.966599450227710655, 277.4428620721710104 ) ) ;
#5637 = ORIENTED_EDGE ( 'NONE', *, *, #4022, .F. ) ;
#5638 = CARTESIAN_POINT ( 'NONE',  ( -31.11311992749980249, 0.0000000000000000000, 159.2040265033320168 ) ) ;
#5639 = CARTESIAN_POINT ( 'NONE',  ( -114.0434928689719811, 13.00000000000000000, 274.1544379066509691 ) ) ;
#5640 = CARTESIAN_POINT ( 'NONE',  ( -106.0928674035640000, 7.351874933423689917, 283.9934444796779758 ) ) ;
#5641 = ORIENTED_EDGE ( 'NONE', *, *, #4749, .F. ) ;
#5642 = CARTESIAN_POINT ( 'NONE',  ( -11.49496940825520142, 7.315240705357429540, 314.7481959869080015 ) ) ;
#5643 = CARTESIAN_POINT ( 'NONE',  ( -42.99652753305959862, -0.001000001298026020023, 148.5251873153569875 ) ) ;
#5644 = CARTESIAN_POINT ( 'NONE',  ( -112.3464250898965417, 0.8193556804404698024, 322.1783440293270360 ) ) ;
#5645 = EDGE_CURVE ( 'NONE', #7629, #7107, #1437, .T. ) ;
#5646 = CARTESIAN_POINT ( 'NONE',  ( -106.1116173869524317, 5.737646616496284047, 281.9409383122396093 ) ) ;
#5647 = CARTESIAN_POINT ( 'NONE',  ( -103.4615788883599947, 0.6451905494629880389, 267.6923436248370081 ) ) ;
#5648 = CARTESIAN_POINT ( 'NONE',  ( -43.57969189333200433, 2.826258974467419804, 139.9292973181160278 ) ) ;
#5649 = EDGE_LOOP ( 'NONE', ( #603, #611, #592, #690, #6778 ) ) ;
#5650 = DIRECTION ( 'NONE',  ( 0.0000000000000000000, 0.0000000000000000000, -1.000000000000000000 ) ) ;
#5651 = CARTESIAN_POINT ( 'NONE',  ( -113.4282625802590019, 8.965680130093529598, 283.1544379066509691 ) ) ;
#5652 =( BOUNDED_SURFACE ( )  B_SPLINE_SURFACE ( 3, 3, ( 
 ( #6214, #6803, #4995, #6139, #257, #2576 ),
 ( #767, #3207, #4921, #4960, #2615, #4416 ),
 ( #2652, #7352, #4379, #4344, #6769, #1431 ),
 ( #847, #3243, #5626, #7317, #2540, #1945 ) ),
 .UNSPECIFIED., .F., .F., .F. ) 
 B_SPLINE_SURFACE_WITH_KNOTS ( ( 4, 4 ),
 ( 4, 2, 4 ),
 ( 0.0000000000000000000, 1.000000000000000000 ),
 ( 0.0000000000000000000, 0.1016369166048250033, 1.000000000000000000 ),
 .UNSPECIFIED. ) 
 GEOMETRIC_REPRESENTATION_ITEM ( )  RATIONAL_B_SPLINE_SURFACE ( (
 ( 1.000000000000000000, 1.000000000000000000, 1.000000000000000000, 1.000000000000000000, 1.000000000000000000, 1.000000000000000000),
 ( 0.8047378541243629391, 0.8047378541243629391, 0.8047378541243629391, 0.8047378541243629391, 0.8047378541243629391, 0.8047378541243629391),
 ( 0.8047378541243629391, 0.8047378541243629391, 0.8047378541243629391, 0.8047378541243629391, 0.8047378541243629391, 0.8047378541243629391),
 ( 1.000000000000000000, 1.000000000000000000, 1.000000000000000000, 1.000000000000000000, 1.000000000000000000, 1.000000000000000000) ) ) 
 REPRESENTATION_ITEM ( '' )  SURFACE ( )  );
#5653 = CC_DESIGN_PERSON_AND_ORGANIZATION_ASSIGNMENT ( #4891, #3567, ( #942 ) ) ;
#5654 = AXIS2_PLACEMENT_3D ( 'NONE', #171, #752, #678 ) ;
#5655 = CARTESIAN_POINT ( 'NONE',  ( -39.07972058494019763, 10.38779386146219963, 264.4544379066509805 ) ) ;
#5656 = PLANE ( 'NONE',  #7666 ) ;
#5657 = CARTESIAN_POINT ( 'NONE',  ( -91.85312047164470073, 0.0000000000000000000, 139.2488984483439936 ) ) ;
#5658 = CARTESIAN_POINT ( 'NONE',  ( -64.93980492315139941, 0.0000000000000000000, 153.1985943853729850 ) ) ;
#5659 = DIRECTION ( 'NONE',  ( 0.0000000000000000000, 2.136052416349530096E-13, -1.000000000000000000 ) ) ;
#5660 = VECTOR ( 'NONE', #1745, 1000.000000000000227 ) ;
#5661 = CARTESIAN_POINT ( 'NONE',  ( -31.07447334905920044, 2.667238921988589695, 150.4831534637019956 ) ) ;
#5662 = ADVANCED_FACE ( 'NONE', ( #2757 ), #4007, .F. ) ;
#5663 = PLANE ( 'NONE',  #4102 ) ;
#5664 = ORIENTED_EDGE ( 'NONE', *, *, #3502, .T. ) ;
#5665 = CARTESIAN_POINT ( 'NONE',  ( -52.84085623724340053, 2.944026250107679932, 148.5251873153569875 ) ) ;
#5666 = CARTESIAN_POINT ( 'NONE',  ( -113.6136927368661276, 6.232390547111327450, 276.2389854977999448 ) ) ;
#5667 = CARTESIAN_POINT ( 'NONE',  ( -43.90579965173090216, 0.0000000000000000000, 142.0126294163420084 ) ) ;
#5668 = LINE ( 'NONE', #1513, #7536 ) ;
#5669 = CARTESIAN_POINT ( 'NONE',  ( -11.49203277646580013, 7.418627449481319580, 314.7490000000000236 ) ) ;
#5670 = CARTESIAN_POINT ( 'NONE',  ( -11.87572927106409892, 2.909521522018830186, 310.8364443615849950 ) ) ;
#5671 = ORIENTED_EDGE ( 'NONE', *, *, #2607, .T. ) ;
#5672 = CARTESIAN_POINT ( 'NONE',  ( -85.00460873517029370, 3.353029463784329867, 138.5292679268529810 ) ) ;
#5673 = ORIENTED_EDGE ( 'NONE', *, *, #2648, .T. ) ;
#5674 = CARTESIAN_POINT ( 'NONE',  ( -40.98281857246329452, 0.5840802956510808830, 290.5868451126290211 ) ) ;
#5675 = B_SPLINE_CURVE_WITH_KNOTS ( 'NONE', 3,
 ( #5571, #6158, #3768, #789, #7259, #2523, #4289, #713, #3732, #7337, #2441, #6594, #4252 ),
 .UNSPECIFIED., .F., .F.,
 ( 4, 3, 3, 3, 4 ),
 ( 0.0000000000000000000, 0.4298601556754200193, 0.5109273142480650343, 0.8601117211940330076, 0.9643377548055810378 ),
 .UNSPECIFIED. ) ;
#5676 = DIRECTION ( 'NONE',  ( 3.408894374718760498E-15, -1.845763451624369877E-16, 1.000000000000000000 ) ) ;
#5677 = B_SPLINE_SURFACE_WITH_KNOTS ( 'NONE', 3, 1, ( 
 ( #2372, #4142 ),
 ( #5310, #606 ),
 ( #5387, #2415 ),
 ( #7697, #3515 ),
 ( #2854, #7149 ),
 ( #1666, #5236 ) ),
 .UNSPECIFIED., .F., .F., .F.,
 ( 4, 2, 4 ),
 ( 2, 2 ),
 ( 0.0000000000000000000, 0.1016369166048250033, 1.000000000000000000 ),
 ( 0.0000000000000000000, 2.520000000000000018 ),
 .UNSPECIFIED. ) ;
#5678 = CARTESIAN_POINT ( 'NONE',  ( -105.0979438169520392, 7.161845416845993739, 275.4008061584442544 ) ) ;
#5679 = ORIENTED_EDGE ( 'NONE', *, *, #4787, .T. ) ;
#5680 = CARTESIAN_POINT ( 'NONE',  ( -30.60097102878940234, 0.0000000000000000000, 155.0481943123249948 ) ) ;
#5681 = DIRECTION ( 'NONE',  ( 0.0009780959844829521972, 0.9999995216640081841, 0.0000000000000000000 ) ) ;
#5682 = ORIENTED_EDGE ( 'NONE', *, *, #4267, .T. ) ;
#5683 = CARTESIAN_POINT ( 'NONE',  ( -103.1711405694369859, 3.326695977281960204, 292.6544379066509691 ) ) ;
#5684 = LINE ( 'NONE', #5643, #85 ) ;
#5685 = CARTESIAN_POINT ( 'NONE',  ( -106.1002276848380035, 6.590198165999869850, 282.6141208940190381 ) ) ;
#5686 = CARTESIAN_POINT ( 'NONE',  ( -106.1138622481244482, 5.506276607458181260, 281.6786350342968603 ) ) ;
#5687 = CARTESIAN_POINT ( 'NONE',  ( -104.1096758565549862, 0.6458244508083339497, 268.2709348220180345 ) ) ;
#5688 = CARTESIAN_POINT ( 'NONE',  ( -43.57291125223690642, 2.826172671780089907, 140.0249785827560061 ) ) ;
#5689 = ORIENTED_EDGE ( 'NONE', *, *, #1779, .F. ) ;
#5690 = CARTESIAN_POINT ( 'NONE',  ( -103.9817760054569931, 0.6456993524177480070, 290.2637173091999898 ) ) ;
#5691 = CARTESIAN_POINT ( 'NONE',  ( -9.506026631893281120, 3.995356370322069139, 319.2999807591430113 ) ) ;
#5692 = CARTESIAN_POINT ( 'NONE',  ( -52.84085623724340053, 0.0000000000000000000, 148.5251873153569875 ) ) ;
#5693 = DIRECTION ( 'NONE',  ( 0.02655026913684871079, 0.9674502699833104069, -0.2516645750159940964 ) ) ;
#5694 = CARTESIAN_POINT ( 'NONE',  ( -62.44054221136629224, -0.001000001298026020023, 149.8159981027159802 ) ) ;
#5695 =( BOUNDED_CURVE ( )  B_SPLINE_CURVE ( 3, ( #4217, #2368, #5383, #6601 ),
 .UNSPECIFIED., .F., .F. ) 
 B_SPLINE_CURVE_WITH_KNOTS ( ( 4, 4 ),
 ( 4.736099078832509690, 4.737673059281589438 ),
 .UNSPECIFIED. ) 
 CURVE ( )  GEOMETRIC_REPRESENTATION_ITEM ( )  RATIONAL_B_SPLINE_CURVE ( ( 1.000000000000000000, 0.9999997935488060818, 0.9999997935488060818, 1.000000000000000000 ) ) 
 REPRESENTATION_ITEM ( '' )  );
#5696 = CARTESIAN_POINT ( 'NONE',  ( -74.18458161292008413, 3.215439118413649933, 149.3969749999030228 ) ) ;
#5697 = CARTESIAN_POINT ( 'NONE',  ( -39.43631350231527932, 2.773570387627940725, 290.2970807903599848 ) ) ;
#5698 = CARTESIAN_POINT ( 'NONE',  ( -31.35107208692920011, 2.670756725193280001, 157.7162598629100216 ) ) ;
#5699 = CARTESIAN_POINT ( 'NONE',  ( -104.0003120844290692, 13.84672800706188767, 291.6544379066509123 ) ) ;
#5700 = EDGE_CURVE ( 'NONE', #3890, #3376, #4952, .T. ) ;
#5701 = DIRECTION ( 'NONE',  ( 0.04817122723086530306, 0.9988390925805179510, 0.0000000000000000000 ) ) ;
#5702 = CIRCLE ( 'NONE', #568, 252.5659389384910867 ) ;
#5703 = ORIENTED_EDGE ( 'NONE', *, *, #2358, .F. ) ;
#5704 = EDGE_CURVE ( 'NONE', #6820, #3928, #5580, .T. ) ;
#5705 = CARTESIAN_POINT ( 'NONE',  ( -105.1030590072642212, 7.503710037544085054, 268.3687230191692947 ) ) ;
#5706 = CARTESIAN_POINT ( 'NONE',  ( -113.6421447553117474, 5.590691083309422105, 277.0114983018341945 ) ) ;
#5707 = CARTESIAN_POINT ( 'NONE',  ( -44.63960156326729845, 0.0000000000000000000, 146.2148420774479973 ) ) ;
#5708 = CARTESIAN_POINT ( 'NONE',  ( -104.1144432798352284, 5.418479058524133585, 311.6795319537381488 ) ) ;
#5709 = CIRCLE ( 'NONE', #3216, 2.500000000000002220 ) ;
#5710 = CARTESIAN_POINT ( 'NONE',  ( -105.1134409523610032, 11.28172898175780148, 149.1705927090369812 ) ) ;
#5711 = ADVANCED_FACE ( 'NONE', ( #1023 ), #5214, .F. ) ;
#5712 = CARTESIAN_POINT ( 'NONE',  ( -7.165051494983970315, 3.995356370322069139, 315.2500000000000000 ) ) ;
#5713 = ORIENTED_EDGE ( 'NONE', *, *, #7298, .F. ) ;
#5714 = CARTESIAN_POINT ( 'NONE',  ( -7.158864168944269579, 7.845252078296402587, 161.8755000000000166 ) ) ;
#5715 = ORIENTED_EDGE ( 'NONE', *, *, #4472, .F. ) ;
#5716 = CARTESIAN_POINT ( 'NONE',  ( -41.14646372501279359, 0.5842403563942329958, 290.6354003030060085 ) ) ;
#5717 = DIRECTION ( 'NONE',  ( 0.0000000000000000000, 0.0000000000000000000, 1.000000000000000000 ) ) ;
#5718 = CARTESIAN_POINT ( 'NONE',  ( -105.1336656524000830, 5.696426573345141797, 276.3553469158150051 ) ) ;
#5719 = CARTESIAN_POINT ( 'NONE',  ( -30.73435995120519948, 0.0000000000000000000, 155.4667720568640163 ) ) ;
#5720 = CARTESIAN_POINT ( 'NONE',  ( -1.541813109819609950, 2.770906554907969888, 322.9486673593120258 ) ) ;
#5721 = ORIENTED_EDGE ( 'NONE', *, *, #1398, .F. ) ;
#5722 = CARTESIAN_POINT ( 'NONE',  ( -40.45702995379959077, 1.581209863124680037, 291.4520646617710327 ) ) ;
#5723 = LINE ( 'NONE', #5570, #2463 ) ;
#5724 = CARTESIAN_POINT ( 'NONE',  ( -112.4230495381441983, 0.6694547417431596648, 321.9665639059262503 ) ) ;
#5725 = CARTESIAN_POINT ( 'NONE',  ( -106.1197445713590071, 4.608561637179930059, 279.1544379066509691 ) ) ;
#5726 = CARTESIAN_POINT ( 'NONE',  ( -104.1330112110930060, 0.6458472750358220660, 268.3301070276260134 ) ) ;
#5727 = AXIS2_PLACEMENT_3D ( 'NONE', #6146, #190, #6620 ) ;
#5728 = CARTESIAN_POINT ( 'NONE',  ( -44.36151934212560377, 2.836200874246550097, 143.5056591851639780 ) ) ;
#5729 = EDGE_LOOP ( 'NONE', ( #3288, #4734, #1409, #1962 ) ) ;
#5730 = CARTESIAN_POINT ( 'NONE',  ( -7.344533915294345405, 3.995356370322069139, 161.8755000000000166 ) ) ;
#5731 = DIRECTION ( 'NONE',  ( -1.000000000000000000, 0.0000000000000000000, 1.498801083243959916E-12 ) ) ;
#5732 = CARTESIAN_POINT ( 'NONE',  ( -111.6656410625901401, 3.995356370322069139, 318.7500000000000000 ) ) ;
#5733 = CARTESIAN_POINT ( 'NONE',  ( -104.0513111555140426, 4.339989451751423033, 291.4436379608837910 ) ) ;
#5734 = ORIENTED_EDGE ( 'NONE', *, *, #4413, .T. ) ;
#5735 = CARTESIAN_POINT ( 'NONE',  ( -91.72274708037389246, 0.0000000000000000000, 141.9160439830180280 ) ) ;
#5736 = CARTESIAN_POINT ( 'NONE',  ( -64.76300152523330667, 0.0000000000000000000, 151.7572559586550085 ) ) ;
#5737 = CARTESIAN_POINT ( 'NONE',  ( -11.40988436978740062, 9.083950065530350670, 314.7490000000000236 ) ) ;
#5738 = CARTESIAN_POINT ( 'NONE',  ( -31.38259471621210395, 2.671157078275220087, 158.1390644751340062 ) ) ;
#5739 = CARTESIAN_POINT ( 'NONE',  ( -102.8760687405270033, 12.90779103509610160, 291.6544379066509691 ) ) ;
#5740 = CARTESIAN_POINT ( 'NONE',  ( -38.55779348299490294, 2.762398884761100071, 290.8024802895469634 ) ) ;
#5741 = EDGE_LOOP ( 'NONE', ( #3390, #3, #948, #7114, #5879, #4228 ) ) ;
#5742 = CARTESIAN_POINT ( 'NONE',  ( -104.9641418009340441, 6.988028735014530035, 267.5858504180114323 ) ) ;
#5743 = B_SPLINE_SURFACE_WITH_KNOTS ( 'NONE', 4, 1, ( 
 ( #1207, #1364 ),
 ( #5398, #2507 ),
 ( #6067, #6106 ),
 ( #4925, #6696 ),
 ( #1284, #2427 ) ),
 .UNSPECIFIED., .F., .F., .F.,
 ( 5, 5 ),
 ( 2, 2 ),
 ( -1.000000000000000000, 0.0000000000000000000 ),
 ( 0.0000000000000000000, 1.300421644626400086 ),
 .UNSPECIFIED. ) ;
#5744 = LINE ( 'NONE', #3322, #7004 ) ;
#5745 = EDGE_CURVE ( 'NONE', #6850, #3445, #823, .T. ) ;
#5746 = CARTESIAN_POINT ( 'NONE',  ( -44.36320394572400261, 0.0000000000000000000, 147.0564650205160149 ) ) ;
#5747 = CARTESIAN_POINT ( 'NONE',  ( -103.8434014433996708, 5.108693802269729467, 311.5421622107963344 ) ) ;
#5748 = CARTESIAN_POINT ( 'NONE',  ( -11.60506536623046259, 6.050780785918685289, 314.5604036948190014 ) ) ;
#5749 = LINE ( 'NONE', #5901, #727 ) ;
#5750 = VERTEX_POINT ( 'NONE', #3612 ) ;
#5751 = CARTESIAN_POINT ( 'NONE',  ( -113.1748380935642189, 12.95810719976604020, 283.1544379066509123 ) ) ;
#5752 = EDGE_LOOP ( 'NONE', ( #124, #6603, #6019, #7558 ) ) ;
#5753 = CARTESIAN_POINT ( 'NONE',  ( -40.36197875153749237, 1.782934918035397720, 291.4031871388234549 ) ) ;
#5754 = CARTESIAN_POINT ( 'NONE',  ( -71.08915250034451105, 0.0000000000000000000, 151.0491461614699915 ) ) ;
#5755 = AXIS2_PLACEMENT_3D ( 'NONE', #5691, #6400, #323 ) ;
#5756 = DIRECTION ( 'NONE',  ( -0.9988390925805179510, 0.04817122723086519898, 0.0000000000000000000 ) ) ;
#5757 = EDGE_CURVE ( 'NONE', #1259, #6303, #6630, .T. ) ;
#5758 = CARTESIAN_POINT ( 'NONE',  ( -30.96053191269480109, 0.0000000000000000000, 156.1611320171009822 ) ) ;
#5759 = CARTESIAN_POINT ( 'NONE',  ( -3.476306829133529952, 3.738153414566769861, 323.7500000000000000 ) ) ;
#5760 = EDGE_CURVE ( 'NONE', #2805, #1359, #1196, .T. ) ;
#5761 = VERTEX_POINT ( 'NONE', #5409 ) ;
#5762 = CARTESIAN_POINT ( 'NONE',  ( -1.807315091076570068, 3.995356370322069139, 322.2500000000000000 ) ) ;
#5763 =( NAMED_UNIT ( * ) SI_UNIT ( $, .STERADIAN. ) SOLID_ANGLE_UNIT ( ) );
#5764 = CARTESIAN_POINT ( 'NONE',  ( -84.32128197840640382, 0.0000000000000000000, 139.2480600800000161 ) ) ;
#5765 = FACE_OUTER_BOUND ( 'NONE', #2865, .T. ) ;
#5766 = CARTESIAN_POINT ( 'NONE',  ( -24.00990191039919708, 0.0000000000000000000, 159.7024622046380102 ) ) ;
#5767 = CARTESIAN_POINT ( 'NONE',  ( -44.50525334956130052, 2.838028578981270478, 144.0652528972129858 ) ) ;
#5768 = ORIENTED_EDGE ( 'NONE', *, *, #4883, .T. ) ;
#5769 = CARTESIAN_POINT ( 'NONE',  ( -100.4763547013420038, 3.995356370322069139, 152.6515808367279874 ) ) ;
#5770 = CARTESIAN_POINT ( 'NONE',  ( -100.2893556757200031, 2.547313607011620018, 265.6544379066509691 ) ) ;
#5771 = ORIENTED_EDGE ( 'NONE', *, *, #157, .F. ) ;
#5772 = CARTESIAN_POINT ( 'NONE',  ( -51.15845601712160118, 0.0000000000000000000, 142.2794455352259888 ) ) ;
#5773 = DIRECTION ( 'NONE',  ( -0.04817122723086530306, -0.9988390925805179510, 0.0000000000000000000 ) ) ;
#5774 = ORIENTED_EDGE ( 'NONE', *, *, #7669, .T. ) ;
#5775 = DIRECTION ( 'NONE',  ( 0.9994584038019942440, -0.03290743182884547230, 0.0000000000000000000 ) ) ;
#5776 = CARTESIAN_POINT ( 'NONE',  ( -48.86899445204230119, 2.893519659029809787, 137.9176418593629876 ) ) ;
#5777 = CARTESIAN_POINT ( 'NONE',  ( -40.32706739976510590, 2.784897459864388747, 291.3870634551493595 ) ) ;
#5778 = CARTESIAN_POINT ( 'NONE',  ( -97.91921915573969670, 3.517255149402569891, 149.1700779288169940 ) ) ;
#5779 = CARTESIAN_POINT ( 'NONE',  ( -23.02134192578789751, 2.564833194450560239, 149.9871110927579991 ) ) ;
#5780 = VECTOR ( 'NONE', #4380, 1000.000000000000000 ) ;
#5781 = DIRECTION ( 'NONE',  ( -0.01271524779707100018, -0.9999191579690125398, 0.0000000000000000000 ) ) ;
#5782 = ORIENTED_EDGE ( 'NONE', *, *, #2253, .T. ) ;
#5783 = CARTESIAN_POINT ( 'NONE',  ( -40.17548534499416490, 0.5832906458854342224, 266.6544379066509123 ) ) ;
#5784 = B_SPLINE_CURVE_WITH_KNOTS ( 'NONE', 3,
 ( #222, #7354, #6258, #7318, #1946, #4922, #768, #6770, #148, #4996, #1434, #2616, #3245, #3175, #4345, #7390, #1984, #5551, #2020, #259, #6734, #3905, #1512, #4494, #5628, #734, #2655, #299, #3824, #4418, #5035, #3866, #7428, #3135, #5515, #2541, #185, #2691, #4456, #6843, #887, #3284, #5667, #5073, #3787, #4961, #2577, #1397, #6178, #805, #7464, #3208, #6415, #338, #929, #3477, #6375, #3323, #2140, #3985, #4535, #5862, #4646, #1003, #3948, #379, #7502, #6923, #5787, #1552, #1076, #7659, #3400, #5707, #7037, #420, #2814, #494, #5192, #2772, #5746, #7583, #5151, #6337, #2223, #5826, #5113, #966, #7544, #4612, #6999, #2258, #2889, #3361, #2182, #1626, #2733 ),
 .UNSPECIFIED., .F., .F.,
 ( 4, 3, 3, 3, 3, 3, 3, 3, 3, 3, 3, 3, 3, 3, 3, 3, 3, 3, 3, 3, 3, 3, 3, 3, 3, 3, 3, 3, 3, 3, 3, 3, 4 ),
 ( 0.0000000000000000000, 0.05739923744655339721, 0.1147984748930920007, 0.1721977123396339904, 0.2295969497862069830, 0.2869961872327649877, 0.3443954246792930163, 0.4017946621258450257, 0.4591938995724210160, 0.5165931370189359439, 0.5739923744654850113, 0.6313916119120409620, 0.6887908493585559455, 0.7461900868050390656, 0.8035893242517100354, 0.8609885616982280165, 0.9199017416401259473, 0.9773009790866770130, 1.034700216533219974, 1.092099453979740176, 1.149498691426310115, 1.206897928872900261, 1.264297166319519938, 1.321696403766090100, 1.381934283391399898, 1.439333520837909886, 1.496732758284490039, 1.554131995730970051, 1.611531233177589950, 1.668930470624130136, 1.726329708070790225, 1.783728945517309983, 1.803599440768600015 ),
 .UNSPECIFIED. ) ;
#5785 = CARTESIAN_POINT ( 'NONE',  ( -113.6169836377374764, 6.164678654061680696, 276.3045629711113520 ) ) ;
#5786 = AXIS2_PLACEMENT_3D ( 'NONE', #2969, #7737, #5827 ) ;
#5787 = CARTESIAN_POINT ( 'NONE',  ( -44.69923459368449414, 0.0000000000000000000, 145.5593520297300074 ) ) ;
#5788 = DIRECTION ( 'NONE',  ( 0.04817122723086530306, 0.9988390925805179510, 0.0000000000000000000 ) ) ;
#5789 = CARTESIAN_POINT ( 'NONE',  ( -4.961418165266570313, 7.739275378388469129, 318.7500000000000000 ) ) ;
#5790 = B_SPLINE_CURVE_WITH_KNOTS ( 'NONE', 3,
 ( #6525, #2810, #526, #5265, #7655, #415, #4569, #1149, #7068, #1698, #3509, #6995 ),
 .UNSPECIFIED., .F., .F.,
 ( 4, 2, 2, 2, 2, 4 ),
 ( 0.0000000000000000000, 0.2499999999999948930, 0.4999999999999897859, 0.7499999999999846789, 0.8749999999999923395, 1.000000000000000000 ),
 .UNSPECIFIED. ) ;
#5791 = CARTESIAN_POINT ( 'NONE',  ( -1.957430736968331475, 0.002301936117436026268, 319.9074451831106103 ) ) ;
#5792 = VERTEX_POINT ( 'NONE', #1255 ) ;
#5793 = CIRCLE ( 'NONE', #284, 2.199999999999993960 ) ;
#5794 = DIRECTION ( 'NONE',  ( -3.506950558086310039E-15, 1.961123667350899851E-16, -1.000000000000000000 ) ) ;
#5795 = VERTEX_POINT ( 'NONE', #2435 ) ;
#5796 = CARTESIAN_POINT ( 'NONE',  ( -7.315416974860430521, 0.8775010008004010542, 322.2500000000000000 ) ) ;
#5797 = CARTESIAN_POINT ( 'NONE',  ( -70.73306877934238912, 0.0000000000000000000, 153.8133541409739848 ) ) ;
#5798 = CIRCLE ( 'NONE', #1038, 7.654378035012191717 ) ;
#5799 = CARTESIAN_POINT ( 'NONE',  ( -31.08626267370980045, 0.0000000000000000000, 156.5667664226660065 ) ) ;
#5800 = DIRECTION ( 'NONE',  ( -1.000000000000000000, 0.0000000000000000000, 0.0000000000000000000 ) ) ;
#5801 = EDGE_CURVE ( 'NONE', #5346, #2475, #5332, .T. ) ;
#5802 = ORIENTED_EDGE ( 'NONE', *, *, #249, .F. ) ;
#5803 = CARTESIAN_POINT ( 'NONE',  ( -40.94131146984889824, 0.5840396977012489721, 267.7392196576769834 ) ) ;
#5804 = COORDINATED_UNIVERSAL_TIME_OFFSET ( 0, 0, .AHEAD. ) ;
#5805 = CARTESIAN_POINT ( 'NONE',  ( -105.0012955040210016, 13.62303811808740051, 11.50000000000000000 ) ) ;
#5806 = B_SPLINE_CURVE_WITH_KNOTS ( 'NONE', 3,
 ( #4482, #7413, #5059, #6244, #2758, #2088, #2204, #4597, #6870, #6984, #6945, #1501 ),
 .UNSPECIFIED., .F., .F.,
 ( 4, 2, 1, 1, 1, 1, 2, 4 ),
 ( 0.7258605022298437737, 0.7301439318825083680, 0.7344273615351728512, 0.7429942208404957116, 0.7601279394511262222, 0.7943953766723920173, 0.8629302511149279376, 1.000000000000000000 ),
 .UNSPECIFIED. ) ;
#5807 = CARTESIAN_POINT ( 'NONE',  ( -103.6216733519718929, 3.771452157396097071, 266.7071312580432618 ) ) ;
#5808 = CARTESIAN_POINT ( 'NONE',  ( -24.12946424799749678, 0.0000000000000000000, 159.7824075871390050 ) ) ;
#5809 = CARTESIAN_POINT ( 'NONE',  ( -44.12520768639230084, 2.833195853605869896, 138.7926251528340060 ) ) ;
#5810 = VERTEX_POINT ( 'NONE', #4083 ) ;
#5811 = ADVANCED_FACE ( 'NONE', ( #6474 ), #3055, .T. ) ;
#5812 = CARTESIAN_POINT ( 'NONE',  ( -103.5696327003519883, 0.6452962365131579281, 290.5779785872820185 ) ) ;
#5813 = CARTESIAN_POINT ( 'NONE',  ( -79.63980535360040847, 3.284808526054860067, 149.1316395119509934 ) ) ;
#5814 = EDGE_CURVE ( 'NONE', #991, #4549, #2034, .T. ) ;
#5815 = ORIENTED_EDGE ( 'NONE', *, *, #99, .F. ) ;
#5816 = CARTESIAN_POINT ( 'NONE',  ( -50.39871152138259447, 0.0000000000000000000, 145.8077342748700005 ) ) ;
#5817 = CARTESIAN_POINT ( 'NONE',  ( -87.08153897073030691, -0.001000001298026020023, 137.8609707278629912 ) ) ;
#5818 = ORIENTED_EDGE ( 'NONE', *, *, #4980, .F. ) ;
#5819 = CARTESIAN_POINT ( 'NONE',  ( -109.0404516121569998, 12.75871725584459959, 318.7500000000000000 ) ) ;
#5820 = CARTESIAN_POINT ( 'NONE',  ( -51.47860742191730310, 2.926703518454719877, 141.1889883794929972 ) ) ;
#5821 = CARTESIAN_POINT ( 'NONE',  ( -41.32925083372543895, 2.797641500819330496, 291.6544379066510828 ) ) ;
#5822 = CARTESIAN_POINT ( 'NONE',  ( -105.0865742338720139, 8.591120789383639433, 289.6544379066509691 ) ) ;
#5823 = CARTESIAN_POINT ( 'NONE',  ( -112.7643120787219999, 0.0000000000000000000, 149.1705927090359864 ) ) ;
#5824 = EDGE_LOOP ( 'NONE', ( #6099, #2188 ) ) ;
#5825 = DIRECTION ( 'NONE',  ( 5.551191419549779809E-14, -5.429600633769779649E-17, 1.000000000000000000 ) ) ;
#5826 = CARTESIAN_POINT ( 'NONE',  ( -44.00897899663019786, 0.0000000000000000000, 147.6160841148110023 ) ) ;
#5827 = DIRECTION ( 'NONE',  ( 0.0000000000000000000, 0.0000000000000000000, -1.000000000000000000 ) ) ;
#5828 = CARTESIAN_POINT ( 'NONE',  ( -13.39895664894921623, 2.616808917539907853, 311.0601649606069827 ) ) ;
#5829 = VECTOR ( 'NONE', #1725, 1000.000000000000000 ) ;
#5830 = CARTESIAN_POINT ( 'NONE',  ( -74.44149307944360316, 3.995356370322069139, 197.7976943920669726 ) ) ;
#5831 = ORIENTED_EDGE ( 'NONE', *, *, #1829, .T. ) ;
#5832 = CARTESIAN_POINT ( 'NONE',  ( -113.3031345608577567, 12.96429458102176291, 283.1800617626174130 ) ) ;
#5833 = EDGE_LOOP ( 'NONE', ( #3683, #6839, #1460, #2242 ) ) ;
#5834 = CARTESIAN_POINT ( 'NONE',  ( -8.272336894743961722, 3.176341651426825299E-15, 320.6677045147528133 ) ) ;
#5835 = CARTESIAN_POINT ( 'NONE',  ( -71.62023358975410758, 0.0000000000000000000, 159.1028471294310123 ) ) ;
#5836 = CARTESIAN_POINT ( 'NONE',  ( -81.55226651084269918, 13.00321644496600015, 149.1705927090359864 ) ) ;
#5837 = CARTESIAN_POINT ( 'NONE',  ( -105.0157661190109053, 7.148898901506026249, 267.7590644078311470 ) ) ;
#5838 = AXIS2_PLACEMENT_3D ( 'NONE', #5578, #4483, #6946 ) ;
#5839 = ORIENTED_EDGE ( 'NONE', *, *, #3231, .F. ) ;
#5840 = CARTESIAN_POINT ( 'NONE',  ( -41.30534950339639977, 0.5843957620103990003, 267.6544379066510260 ) ) ;
#5841 = CARTESIAN_POINT ( 'NONE',  ( -84.69353218025810293, 0.0000000000000000000, 138.7706814307620107 ) ) ;
#5842 = CARTESIAN_POINT ( 'NONE',  ( -103.9981852745520143, 4.260301153473393221, 266.8391989856309578 ) ) ;
#5843 = CARTESIAN_POINT ( 'NONE',  ( -23.64720649514169892, 0.0000000000000000000, 159.3458900778040004 ) ) ;
#5844 = CARTESIAN_POINT ( 'NONE',  ( -40.34439132010109574, 0.5834558522204660314, 268.5236413618019355 ) ) ;
#5845 = VERTEX_POINT ( 'NONE', #6817 ) ;
#5846 = EDGE_CURVE ( 'NONE', #1359, #3445, #167, .T. ) ;
#5847 = CARTESIAN_POINT ( 'NONE',  ( -113.4282625802590019, 8.965680130093529598, 274.1544379066509691 ) ) ;
#5848 = CARTESIAN_POINT ( 'NONE',  ( -82.59786427427830802, 3.322423615460969426, 148.7627517701209854 ) ) ;
#5849 = VERTEX_POINT ( 'NONE', #6744 ) ;
#5850 = CARTESIAN_POINT ( 'NONE',  ( -51.55797187061129705, 0.0000000000000000000, 139.6918109424819932 ) ) ;
#5851 = CARTESIAN_POINT ( 'NONE',  ( -81.06186215499751313, 13.00321644496600015, 138.7571094230850122 ) ) ;
#5852 = CIRCLE ( 'NONE', #1089, 1.000000000000000444 ) ;
#5853 = CARTESIAN_POINT ( 'NONE',  ( -50.50989571269889922, 2.914384878148869706, 144.4125169911110049 ) ) ;
#5854 = CARTESIAN_POINT ( 'NONE',  ( -9.966437489849887754, 8.655278431673830042, 314.7490000000002510 ) ) ;
#5855 = CARTESIAN_POINT ( 'NONE',  ( -24.03041183058099861, 2.577664692920680345, 151.0463054895450057 ) ) ;
#5856 = AXIS2_PLACEMENT_3D ( 'NONE', #7239, #1324, #3238 ) ;
#5857 = CARTESIAN_POINT ( 'NONE',  ( -40.72746865097659708, 2.789989072607969689, 292.5953661508910386 ) ) ;
#5858 = ORIENTED_EDGE ( 'NONE', *, *, #4940, .T. ) ;
#5859 = CARTESIAN_POINT ( 'NONE',  ( -104.7349665339310292, 6.412143498439530021, 267.0142196183394958 ) ) ;
#5860 = ADVANCED_FACE ( 'NONE', ( #1448 ), #4970, .F. ) ;
#5861 = CARTESIAN_POINT ( 'NONE',  ( -113.6540734344775956, 5.280524814356419405, 277.6146195702205546 ) ) ;
#5862 = CARTESIAN_POINT ( 'NONE',  ( -44.62037211294349959, 0.0000000000000000000, 144.6301455521210073 ) ) ;
#5863 = DIRECTION ( 'NONE',  ( -0.04417854055733940605, -0.9990236516490111907, -3.141442638652180414E-07 ) ) ;
#5864 = CARTESIAN_POINT ( 'NONE',  ( -111.6656410625892732, 3.995356370322069584, 314.3500000000003070 ) ) ;
#5865 = FACE_OUTER_BOUND ( 'NONE', #5594, .T. ) ;
#5866 = ORIENTED_EDGE ( 'NONE', *, *, #58, .T. ) ;
#5867 = CARTESIAN_POINT ( 'NONE',  ( -41.34342688581310199, 1.584433483699279943, 291.6544379066509691 ) ) ;
#5868 = DIRECTION ( 'NONE',  ( -0.04817122723086530306, -0.9988390925805179510, 0.0000000000000000000 ) ) ;
#5869 = CARTESIAN_POINT ( 'NONE',  ( -107.2605271331457999, 3.995356370322069139, 161.8755000000000166 ) ) ;
#5870 = CARTESIAN_POINT ( 'NONE',  ( -70.90724232615009726, 2.168404344971009831E-19, 151.3927678769119893 ) ) ;
#5871 = CARTESIAN_POINT ( 'NONE',  ( -28.51489053123850326, 0.0000000000000000000, 160.4457294382819725 ) ) ;
#5872 = LINE ( 'NONE', #4662, #7229 ) ;
#5873 = ORIENTED_EDGE ( 'NONE', *, *, #3468, .F. ) ;
#5874 = DIRECTION ( 'NONE',  ( 1.000000000000000000, 0.0000000000000000000, -5.551115123125777969E-15 ) ) ;
#5875 = PERSON_AND_ORGANIZATION_ROLE ( 'design_owner' ) ;
#5876 = CARTESIAN_POINT ( 'NONE',  ( -1.830245898735709975, 0.007217135485464329717, 163.8962259421620047 ) ) ;
#5877 = LINE ( 'NONE', #1608, #7654 ) ;
#5878 = CARTESIAN_POINT ( 'NONE',  ( -32.81377676279599598, 2.689357416986390081, 149.5605942024210151 ) ) ;
#5879 = ORIENTED_EDGE ( 'NONE', *, *, #2411, .T. ) ;
#5880 = CARTESIAN_POINT ( 'NONE',  ( -114.5097122073280076, 7.903798105711899780, 284.0269880424770008 ) ) ;
#5881 = CARTESIAN_POINT ( 'NONE',  ( -80.95317550110900129, 3.301510228250290169, 149.0272963660509902 ) ) ;
#5882 = ORIENTED_EDGE ( 'NONE', *, *, #99, .T. ) ;
#5883 = EDGE_CURVE ( 'NONE', #1175, #3320, #4931, .T. ) ;
#5884 = CARTESIAN_POINT ( 'NONE',  ( -51.50439929108890169, 0.0000000000000000000, 141.0749220537029771 ) ) ;
#5885 = CARTESIAN_POINT ( 'NONE',  ( -85.38792332440360155, -0.001000001298026020023, 142.8292495597050049 ) ) ;
#5886 = CARTESIAN_POINT ( 'NONE',  ( -104.1863771393600047, 1.647895537523770049, 266.9181764653750406 ) ) ;
#5887 = CARTESIAN_POINT ( 'NONE',  ( -51.55033488341519643, 2.927615562456109988, 139.6631574896850054 ) ) ;
#5888 = CARTESIAN_POINT ( 'NONE',  ( -90.95560137796069000, 3.428704262772590106, 138.4050720464109645 ) ) ;
#5889 = CARTESIAN_POINT ( 'NONE',  ( -105.1129002011319926, 7.551033870359940892, 274.3154313336120254 ) ) ;
#5890 = CARTESIAN_POINT ( 'NONE',  ( -23.83805363098399965, 2.575218613000929579, 155.7443710573550106 ) ) ;
#5891 = CARTESIAN_POINT ( 'NONE',  ( -39.49644744861250700, 2.774335067474889893, 292.0375540879189771 ) ) ;
#5892 = VERTEX_POINT ( 'NONE', #6541 ) ;
#5893 = ADVANCED_FACE ( 'NONE', ( #6464 ), #2426, .F. ) ;
#5894 = CARTESIAN_POINT ( 'NONE',  ( -101.7884653908181036, 4.591002217998362056, 312.7989489214071455 ) ) ;
#5895 = EDGE_CURVE ( 'NONE', #7351, #1491, #2412, .T. ) ;
#5896 = CARTESIAN_POINT ( 'NONE',  ( -103.9817760035980001, 0.6456993524159300168, 290.2637173077309853 ) ) ;
#5897 = CARTESIAN_POINT ( 'NONE',  ( -111.5078420405279900, 2.455121517911139861, 323.4468661874039981 ) ) ;
#5898 = CARTESIAN_POINT ( 'NONE',  ( -2.000000000000000000, 4.000000000000000000, 323.7500000000000000 ) ) ;
#5899 = EDGE_CURVE ( 'NONE', #439, #6189, #4694, .T. ) ;
#5900 = CARTESIAN_POINT ( 'NONE',  ( -13.13506077402758088, 2.787805900136119064, 311.5834157419336066 ) ) ;
#5901 = CARTESIAN_POINT ( 'NONE',  ( -114.0434928689719811, 13.00000000000000000, 323.7500000000000000 ) ) ;
#5902 = ORIENTED_EDGE ( 'NONE', *, *, #3604, .T. ) ;
#5903 = EDGE_CURVE ( 'NONE', #4994, #88, #5949, .T. ) ;
#5904 = LINE ( 'NONE', #7115, #7213 ) ;
#5905 = CARTESIAN_POINT ( 'NONE',  ( -105.0430016937140181, 6.985116649423080304, 290.1378952327345360 ) ) ;
#5906 = AXIS2_PLACEMENT_3D ( 'NONE', #207, #3661, #6049 ) ;
#5907 = ORIENTED_EDGE ( 'NONE', *, *, #6051, .T. ) ;
#5908 = CARTESIAN_POINT ( 'NONE',  ( -39.76554771036432356, 1.773177462209943878, 290.9063114963526004 ) ) ;
#5909 = CARTESIAN_POINT ( 'NONE',  ( -70.73634525294519904, 0.0000000000000000000, 151.8694802028649917 ) ) ;
#5910 = CARTESIAN_POINT ( 'NONE',  ( -29.10834776649799949, 0.0000000000000000000, 160.3390245307870146 ) ) ;
#5911 = VECTOR ( 'NONE', #5868, 1000.000000000000000 ) ;
#5912 = DIRECTION ( 'NONE',  ( 0.0000000000000000000, 0.0000000000000000000, -1.000000000000000000 ) ) ;
#5913 = ORIENTED_EDGE ( 'NONE', *, *, #2843, .T. ) ;
#5914 = DIRECTION ( 'NONE',  ( 0.8662767110661238057, 0.0000000000000000000, -0.4995644701782338548 ) ) ;
#5915 = CARTESIAN_POINT ( 'NONE',  ( -105.0539410357470018, 12.56645895492209952, 284.1544379066509691 ) ) ;
#5916 = PLANE ( 'NONE',  #7167 ) ;
#5917 = VECTOR ( 'NONE', #6082, 1000.000000000000000 ) ;
#5918 = CARTESIAN_POINT ( 'NONE',  ( -103.9786205391774416, 4.231611194224156769, 266.8300488315776420 ) ) ;
#5919 = CARTESIAN_POINT ( 'NONE',  ( -32.39391153998359840, 2.684017906682969912, 149.6645036477730173 ) ) ;
#5920 = ORIENTED_EDGE ( 'NONE', *, *, #541, .F. ) ;
#5921 = CARTESIAN_POINT ( 'NONE',  ( -114.6712677520889940, 5.045060642166759202, 282.2094982524380384 ) ) ;
#5922 = CARTESIAN_POINT ( 'NONE',  ( -81.11290537253610466, 3.303541424530950010, 149.0092559844929951 ) ) ;
#5923 = CARTESIAN_POINT ( 'NONE',  ( -93.94234076277909651, 3.466684796333430185, 148.8702547976830033 ) ) ;
#5924 = EDGE_LOOP ( 'NONE', ( #538, #5199, #3397, #845 ) ) ;
#5925 = CARTESIAN_POINT ( 'NONE',  ( -51.22710156380319546, 0.0000000000000000000, 138.9968120795750224 ) ) ;
#5926 = DIRECTION ( 'NONE',  ( 0.0000000000000000000, 0.0000000000000000000, 1.000000000000000000 ) ) ;
#5927 = CARTESIAN_POINT ( 'NONE',  ( -104.1596010971470037, 0.6458732825090389706, 268.3911622586740577 ) ) ;
#5928 = CARTESIAN_POINT ( 'NONE',  ( -50.96195750321950158, 2.920134044620919855, 138.7286301642240005 ) ) ;
#5929 = CARTESIAN_POINT ( 'NONE',  ( -91.39967974952129737, 3.434350744861240035, 142.9074757504330080 ) ) ;
#5930 = CARTESIAN_POINT ( 'NONE',  ( -10.08960663742019825, 6.123266322889501900, 314.7490000000002510 ) ) ;
#5931 = CARTESIAN_POINT ( 'NONE',  ( -23.30441619524449948, 2.568432953423509968, 158.4979687410629765 ) ) ;
#5932 = DIRECTION ( 'NONE',  ( 3.965082230804120359E-15, -1.652117596168379867E-16, 1.000000000000000000 ) ) ;
#5933 = ORIENTED_EDGE ( 'NONE', *, *, #1729, .F. ) ;
#5934 = CARTESIAN_POINT ( 'NONE',  ( -100.6039222116571636, 3.551394570409081908, 310.4036164568667573 ) ) ;
#5935 = CARTESIAN_POINT ( 'NONE',  ( -103.8013166762119965, 0.6455228457880139992, 290.4535342312190096 ) ) ;
#5936 = CARTESIAN_POINT ( 'NONE',  ( -102.7117101946110012, 8.629096790248290461, 312.2489999848460229 ) ) ;
#5937 = ADVANCED_FACE ( 'NONE', ( #2306 ), #297, .F. ) ;
#5938 = CARTESIAN_POINT ( 'NONE',  ( -12.24363138516063998, 3.944884879144342271, 313.3367363941723625 ) ) ;
#5939 = CARTESIAN_POINT ( 'NONE',  ( -38.34216575632030555, 1.759576054550199942, 289.6544379066509691 ) ) ;
#5940 = ORIENTED_EDGE ( 'NONE', *, *, #565, .F. ) ;
#5941 = CARTESIAN_POINT ( 'NONE',  ( -40.37092738060960073, 0.5834818070471089468, 289.9177143635649827 ) ) ;
#5942 = CARTESIAN_POINT ( 'NONE',  ( -104.9502627969612831, 6.519282877498106643, 290.4472860891875143 ) ) ;
#5943 = ORIENTED_EDGE ( 'NONE', *, *, #5903, .T. ) ;
#5944 = CARTESIAN_POINT ( 'NONE',  ( -103.8448305332743757, 1.646975234888076178, 291.5499544489184700 ) ) ;
#5945 = CARTESIAN_POINT ( 'NONE',  ( -68.96850660000930588, 0.0000000000000000000, 160.4457294382819725 ) ) ;
#5946 = ADVANCED_FACE ( 'NONE', ( #616 ), #1938, .F. ) ;
#5947 =( BOUNDED_CURVE ( )  B_SPLINE_CURVE ( 3, ( #5196, #3403, #5791, #4026 ),
 .UNSPECIFIED., .F., .F. ) 
 B_SPLINE_CURVE_WITH_KNOTS ( ( 4, 4 ),
 ( 3.541042899421035006, 3.611910034201420316 ),
 .UNSPECIFIED. ) 
 CURVE ( )  GEOMETRIC_REPRESENTATION_ITEM ( )  RATIONAL_B_SPLINE_CURVE ( ( 1.000000000000000000, 0.9995815312203610858, 0.9995815312203610858, 1.000000000000000000 ) ) 
 REPRESENTATION_ITEM ( '' )  );
#5948 = CARTESIAN_POINT ( 'NONE',  ( -77.89744814321591093, 0.0000000000000000000, 149.1705927090359864 ) ) ;
#5949 = LINE ( 'NONE', #6427, #2579 ) ;
#5950 = CARTESIAN_POINT ( 'NONE',  ( -104.4916388052289875, 5.139510844160789738, 267.1722408904940380 ) ) ;
#5951 = ORIENTED_EDGE ( 'NONE', *, *, #5181, .T. ) ;
#5952 = DIRECTION ( 'NONE',  ( -0.9999995216640081841, 0.0009780959844864832269, 0.0000000000000000000 ) ) ;
#5953 = VECTOR ( 'NONE', #1884, 1000.000000000000000 ) ;
#5954 = APPROVAL_STATUS ( 'not_yet_approved' ) ;
#5955 = CARTESIAN_POINT ( 'NONE',  ( -84.33551147310988938, 0.0000000000000000000, 141.7909219566510046 ) ) ;
#5956 = DIRECTION ( 'NONE',  ( 1.000000000000000000, 0.0000000000000000000, 0.0000000000000000000 ) ) ;
#5957 = CARTESIAN_POINT ( 'NONE',  ( -40.37037164339660222, 0.5834812634825089495, 268.3928053023650477 ) ) ;
#5958 = EDGE_LOOP ( 'NONE', ( #5273, #1197, #535, #5715, #3427, #6460, #7296, #4013, #562, #7532 ) ) ;
#5959 = CARTESIAN_POINT ( 'NONE',  ( -113.5742607467809933, 6.968174646421959828, 282.6270992845589944 ) ) ;
#5960 = CARTESIAN_POINT ( 'NONE',  ( -2.992762044695270518, 1.985524089387679769, 323.2451455579200115 ) ) ;
#5961 = CIRCLE ( 'NONE', #7454, 1.000000000000000000 ) ;
#5962 = CARTESIAN_POINT ( 'NONE',  ( -94.57929897709340139, 3.474783830841750021, 148.9687610046400152 ) ) ;
#5963 = ORIENTED_EDGE ( 'NONE', *, *, #3649, .F. ) ;
#5964 = CARTESIAN_POINT ( 'NONE',  ( -114.6766424362949977, 5.021236988287169467, 278.8912153940672169 ) ) ;
#5965 = CARTESIAN_POINT ( 'NONE',  ( -100.6039222012900041, 3.551394570277250029, 310.4036164672500036 ) ) ;
#5966 = CARTESIAN_POINT ( 'NONE',  ( -40.41909389976369482, 2.786067628718079892, 149.0356252432459883 ) ) ;
#5967 = CARTESIAN_POINT ( 'NONE',  ( -1.193311146999040728, 2.596657884709550501, 322.6000098299306273 ) ) ;
#5968 = CARTESIAN_POINT ( 'NONE',  ( -51.31525026698920300, 2.924626112660560384, 141.7967680188029647 ) ) ;
#5969 = CARTESIAN_POINT ( 'NONE',  ( -90.85582819387708753, 3.427435118289929861, 138.3552467671129875 ) ) ;
#5970 = CARTESIAN_POINT ( 'NONE',  ( -9.947549840990197012, 9.004964835517386135, 314.7490000000002510 ) ) ;
#5971 = CARTESIAN_POINT ( 'NONE',  ( -23.71913843555719836, 2.573706454578290170, 159.4270916814459724 ) ) ;
#5972 = CARTESIAN_POINT ( 'NONE',  ( -9.110998630566930601, 4.236915029627160045, 312.2490000000000236 ) ) ;
#5973 = ORIENTED_EDGE ( 'NONE', *, *, #5129, .T. ) ;
#5974 = CARTESIAN_POINT ( 'NONE',  ( -14.05662661152040016, 2.450835289238909809, 309.7490000000000236 ) ) ;
#5975 = CARTESIAN_POINT ( 'NONE',  ( -105.1851464519070021, 1.650855100458009872, 289.6544379066509691 ) ) ;
#5976 = DIRECTION ( 'NONE',  ( 1.000000000000000000, 0.0000000000000000000, 0.0000000000000000000 ) ) ;
#5977 = CARTESIAN_POINT ( 'NONE',  ( -13.60449222823489102, 2.527180796735324808, 310.6513040011131466 ) ) ;
#5978 = ORIENTED_EDGE ( 'NONE', *, *, #6528, .F. ) ;
#5979 = CARTESIAN_POINT ( 'NONE',  ( -40.90119909747060234, 0.5840004639321479951, 290.5532512863480292 ) ) ;
#5980 = CARTESIAN_POINT ( 'NONE',  ( -105.0250501223117112, 6.882750482434587980, 290.2150014729586474 ) ) ;
#5981 = ADVANCED_FACE ( 'NONE', ( #2979 ), #542, .F. ) ;
#5982 = ORIENTED_EDGE ( 'NONE', *, *, #4033, .T. ) ;
#5983 = CARTESIAN_POINT ( 'NONE',  ( -104.4300564181821045, 1.648862324583767247, 291.2533027493883537 ) ) ;
#5984 = CARTESIAN_POINT ( 'NONE',  ( -7.344533915294345405, 3.995356370322069139, 161.8755000000000166 ) ) ;
#5985 = CARTESIAN_POINT ( 'NONE',  ( -26.40111486757770010, 0.0000000000000000000, 160.4802146902100048 ) ) ;
#5986 = CARTESIAN_POINT ( 'NONE',  ( -77.89744814321591093, 0.0000000000000000000, 149.1705927090359864 ) ) ;
#5987 = CARTESIAN_POINT ( 'NONE',  ( -105.2127154621920084, 8.605880615324151606, 274.1544379066509691 ) ) ;
#5988 = CARTESIAN_POINT ( 'NONE',  ( -104.2075473021450023, 4.586800214360680528, 266.9502321394469959 ) ) ;
#5989 = CARTESIAN_POINT ( 'NONE',  ( -105.1679960305269930, 3.597055365082849843, 279.1544379066489796 ) ) ;
#5990 = ORIENTED_EDGE ( 'NONE', *, *, #3037, .T. ) ;
#5991 = DIRECTION ( 'NONE',  ( -3.408894374718760498E-15, 1.347888004229359924E-45, -1.000000000000000000 ) ) ;
#5992 = CARTESIAN_POINT ( 'NONE',  ( -85.12690037799620768, 0.0000000000000000000, 145.4704573788709752 ) ) ;
#5993 =( BOUNDED_SURFACE ( )  B_SPLINE_SURFACE ( 3, 3, ( 
 ( #4640, #3941, #7577, #5822, #5107, #1697 ),
 ( #452, #4055, #2252, #1070, #3355, #7496 ),
 ( #5699, #7538, #6993, #4529, #3979, #3395 ),
 ( #5145, #333, #5739, #6917, #6408, #2135 ) ),
 .UNSPECIFIED., .F., .F., .F. ) 
 B_SPLINE_SURFACE_WITH_KNOTS ( ( 4, 4 ),
 ( 4, 2, 4 ),
 ( 0.0000000000000000000, 1.000000000000000000 ),
 ( 0.0000000000000000000, 0.1016369166048250033, 1.000000000000000000 ),
 .UNSPECIFIED. ) 
 GEOMETRIC_REPRESENTATION_ITEM ( )  RATIONAL_B_SPLINE_SURFACE ( (
 ( 1.000000000000000000, 1.000000000000000000, 1.000000000000000000, 1.000000000000000000, 1.000000000000000000, 1.000000000000000000),
 ( 0.8047378541243629391, 0.8047378541243629391, 0.8047378541243629391, 0.8047378541243629391, 0.8047378541243629391, 0.8047378541243629391),
 ( 0.8047378541243629391, 0.8047378541243629391, 0.8047378541243629391, 0.8047378541243629391, 0.8047378541243629391, 0.8047378541243629391),
 ( 1.000000000000000000, 1.000000000000000000, 1.000000000000000000, 1.000000000000000000, 1.000000000000000000, 1.000000000000000000) ) ) 
 REPRESENTATION_ITEM ( '' )  SURFACE ( )  );
#5994 = EDGE_CURVE ( 'NONE', #1994, #217, #3909, .T. ) ;
#5995 = CARTESIAN_POINT ( 'NONE',  ( 68.96975048290809696, 0.0000000000000000000, 200.6839180354719758 ) ) ;
#5996 = CARTESIAN_POINT ( 'NONE',  ( -105.2126599787829946, 8.610404793811101243, 312.2490000000000236 ) ) ;
#5997 = ORIENTED_EDGE ( 'NONE', *, *, #3042, .F. ) ;
#5998 = CARTESIAN_POINT ( 'NONE',  ( -114.5032124946048953, 8.000866086609613959, 283.0257118111845784 ) ) ;
#5999 = CARTESIAN_POINT ( 'NONE',  ( -70.66517383302999633, 3.170684850600490101, 153.4214253395380183 ) ) ;
#6000 = ADVANCED_FACE ( 'NONE', ( #1514 ), #3402, .F. ) ;
#6001 = CARTESIAN_POINT ( 'NONE',  ( -92.73454859335069500, 3.451325445053199825, 148.5806141149730024 ) ) ;
#6002 = ORIENTED_EDGE ( 'NONE', *, *, #2550, .T. ) ;
#6003 = CARTESIAN_POINT ( 'NONE',  ( -38.32945050852320179, 2.759495212519210039, 289.6544379066509691 ) ) ;
#6004 = CARTESIAN_POINT ( 'NONE',  ( -49.77674328317819885, 0.0000000000000000000, 138.1261880834330213 ) ) ;
#6005 = CARTESIAN_POINT ( 'NONE',  ( -109.0404516121569998, 12.75871725584469907, 161.8755000000000166 ) ) ;
#6006 = CARTESIAN_POINT ( 'NONE',  ( -104.5201112478150947, 6.003775915767763038, 291.6490810437539380 ) ) ;
#6007 = CARTESIAN_POINT ( 'NONE',  ( 0.0000000000000000000, 2.000000000000000000, 319.7500000000000000 ) ) ;
#6008 = CIRCLE ( 'NONE', #6387, 2.200000000000000178 ) ;
#6009 = CARTESIAN_POINT ( 'NONE',  ( -51.03877082276530075, 2.921110404882629741, 147.3486965342869723 ) ) ;
#6010 = CARTESIAN_POINT ( 'NONE',  ( -91.32846570443240353, 3.433445900023240238, 138.6411326660259817 ) ) ;
#6011 = CARTESIAN_POINT ( 'NONE',  ( -103.3878814668759816, 4.678283220852618385, 292.5374764295968362 ) ) ;
#6012 = CARTESIAN_POINT ( 'NONE',  ( -24.32797676771520301, 2.581448610731659876, 159.9028199514899882 ) ) ;
#6013 = CARTESIAN_POINT ( 'NONE',  ( -8.913523179315770761, 8.949113843761699272, -48.64979999999999905 ) ) ;
#6014 = ORIENTED_EDGE ( 'NONE', *, *, #1714, .F. ) ;
#6015 = CARTESIAN_POINT ( 'NONE',  ( -105.2127154621920084, 8.605880615324151606, 274.1544379066509691 ) ) ;
#6016 = CARTESIAN_POINT ( 'NONE',  ( -90.85188706110440648, 0.0000000000000000000, 145.5904395706710091 ) ) ;
#6017 = CARTESIAN_POINT ( 'NONE',  ( -64.78451229669830980, 0.0000000000000000000, 154.1222023196510236 ) ) ;
#6018 = CYLINDRICAL_SURFACE ( 'NONE', #6454, 4.000000000000000000 ) ;
#6019 = ORIENTED_EDGE ( 'NONE', *, *, #1628, .F. ) ;
#6020 = CARTESIAN_POINT ( 'NONE',  ( -17.21702404006340004, 13.00321644496600015, 149.1705927090359864 ) ) ;
#6021 = CARTESIAN_POINT ( 'NONE',  ( -105.0062386838940256, 6.783694734854677222, 290.2830529057108038 ) ) ;
#6022 = CARTESIAN_POINT ( 'NONE',  ( -103.3511551213775448, 1.645414546687919088, 291.6544379066509691 ) ) ;
#6023 = CARTESIAN_POINT ( 'NONE',  ( -18.58424340513309758, 2.508409344152839893, 149.1933393843730187 ) ) ;
#6024 = CARTESIAN_POINT ( 'NONE',  ( -2.000000000000000000, 0.0000000000000000000, 149.1705927090359864 ) ) ;
#6025 = DIRECTION ( 'NONE',  ( -0.01181041209969390000, -0.9999302546508109790, -1.734602487082230082E-15 ) ) ;
#6026 = CARTESIAN_POINT ( 'NONE',  ( -64.86787430694960221, 3.096965128591980143, 153.7299988541529672 ) ) ;
#6027 =( BOUNDED_SURFACE ( )  B_SPLINE_SURFACE ( 3, 2, ( 
 ( #1719, #7560, #1606 ),
 ( #6505, #2867, #397 ),
 ( #4117, #2272, #1643 ),
 ( #3527, #5168, #5915 ) ),
 .UNSPECIFIED., .F., .F., .F. ) 
 B_SPLINE_SURFACE_WITH_KNOTS ( ( 4, 4 ),
 ( 3, 3 ),
 ( 1.604619215278549644E-17, 0.003873560822003570096 ),
 ( 0.0000000000000000000, 1.000000000000000000 ),
 .UNSPECIFIED. ) 
 GEOMETRIC_REPRESENTATION_ITEM ( )  RATIONAL_B_SPLINE_SURFACE ( (
 ( 1.000000000000000000, 0.7071067811865480168, 1.000000000000000000),
 ( 1.000000000000000000, 0.7071067811865480168, 1.000000000000000000),
 ( 1.000000000000000000, 0.7071067811865430208, 1.000000000000000000),
 ( 1.000000000000000000, 0.7071067811865430208, 1.000000000000000000) ) ) 
 REPRESENTATION_ITEM ( '' )  SURFACE ( )  );
#6028 = CARTESIAN_POINT ( 'NONE',  ( -7.165051494981000246, 3.995356370322069139, 322.2500000000000000 ) ) ;
#6029 = CARTESIAN_POINT ( 'NONE',  ( -104.9735017887109905, 14.13761165742179848, 312.2490000000000236 ) ) ;
#6030 = AXIS2_PLACEMENT_3D ( 'NONE', #308, #2071, #6149 ) ;
#6031 = VERTEX_POINT ( 'NONE', #7431 ) ;
#6032 = CARTESIAN_POINT ( 'NONE',  ( -84.58267023866669376, 3.347663911552860139, 147.4008470386569911 ) ) ;
#6033 = CARTESIAN_POINT ( 'NONE',  ( -84.86944744565880683, 0.0000000000000000000, 146.8554805844269993 ) ) ;
#6034 = CARTESIAN_POINT ( 'NONE',  ( -104.9149268297810380, 6.372115280683178007, 267.7771986805706206 ) ) ;
#6035 = CIRCLE ( 'NONE', #5282, 5.000000000000000888 ) ;
#6036 = CARTESIAN_POINT ( 'NONE',  ( -100.2130641889379916, 8.546828554825690816, 283.1544379066509691 ) ) ;
#6037 = ORIENTED_EDGE ( 'NONE', *, *, #3042, .T. ) ;
#6038 = CARTESIAN_POINT ( 'NONE',  ( -114.6619866078410013, 5.253686378801599943, 282.4609825836060395 ) ) ;
#6039 = CARTESIAN_POINT ( 'NONE',  ( -71.19222169064759953, 3.177387107917849729, 155.4852280657290180 ) ) ;
#6040 = EDGE_CURVE ( 'NONE', #4728, #6927, #633, .T. ) ;
#6041 = CARTESIAN_POINT ( 'NONE',  ( -106.0527801283409843, 12.61463018187579976, 284.1544379066509691 ) ) ;
#6042 = EDGE_CURVE ( 'NONE', #5750, #5849, #1694, .T. ) ;
#6043 = ORIENTED_EDGE ( 'NONE', *, *, #2851, .T. ) ;
#6044 = DIRECTION ( 'NONE',  ( -0.9988390926527652702, 0.04817122573280498837, -6.661338147751610721E-14 ) ) ;
#6045 = CARTESIAN_POINT ( 'NONE',  ( -104.7350395635180007, 6.388396075373390381, 311.9960824025350234 ) ) ;
#6046 = FACE_OUTER_BOUND ( 'NONE', #5530, .T. ) ;
#6047 = CARTESIAN_POINT ( 'NONE',  ( -105.0670264247868175, 7.346112094906121825, 290.2641826845082846 ) ) ;
#6048 = CARTESIAN_POINT ( 'NONE',  ( -1.548728305183089571, 2.774661195334728436, 322.9135191166341201 ) ) ;
#6049 = DIRECTION ( 'NONE',  ( -0.04817122723086569858, -0.9988390925805179510, 0.0000000000000000000 ) ) ;
#6050 = CARTESIAN_POINT ( 'NONE',  ( -91.99609043801089570, 3.441934944225049975, 139.6165264780059942 ) ) ;
#6051 = EDGE_CURVE ( 'NONE', #2245, #3974, #7307, .T. ) ;
#6052 = CARTESIAN_POINT ( 'NONE',  ( -107.2039519418827354, 0.3039356790803119379, 321.5336171427803720 ) ) ;
#6053 = CARTESIAN_POINT ( 'NONE',  ( -23.36914865877099956, 2.569255888047170089, 158.7941797825740196 ) ) ;
#6054 = CARTESIAN_POINT ( 'NONE',  ( -92.57156071898809557, -0.001000001298026020023, 148.5251873153569875 ) ) ;
#6055 = CARTESIAN_POINT ( 'NONE',  ( 65.47178443006299631, 0.0000000000000000000, 206.7496146743889938 ) ) ;
#6056 = CARTESIAN_POINT ( 'NONE',  ( -91.46393088607040056, 1.581460469754770005E-21, 147.5127534504100026 ) ) ;
#6057 = CARTESIAN_POINT ( 'NONE',  ( -64.19503406217690156, 0.0000000000000000000, 159.4363195082680136 ) ) ;
#6058 = LINE ( 'NONE', #2572, #696 ) ;
#6059 = ORIENTED_EDGE ( 'NONE', *, *, #6575, .F. ) ;
#6060 = CARTESIAN_POINT ( 'NONE',  ( -38.32945050914639751, 2.759495212527139696, 268.6038538920900010 ) ) ;
#6061 = ORIENTED_EDGE ( 'NONE', *, *, #4618, .T. ) ;
#6062 = LINE ( 'NONE', #3173, #6797 ) ;
#6063 = CARTESIAN_POINT ( 'NONE',  ( -20.62853304826209921, 2.534405464063949953, 149.3547157232300151 ) ) ;
#6064 = CARTESIAN_POINT ( 'NONE',  ( -24.18062879878360150, 0.0000000000000000000, 151.3281632230130072 ) ) ;
#6065 = FACE_OUTER_BOUND ( 'NONE', #4137, .T. ) ;
#6066 = CARTESIAN_POINT ( 'NONE',  ( -64.04386051065640117, 3.086486742311369547, 156.4950708076439980 ) ) ;
#6067 = CARTESIAN_POINT ( 'NONE',  ( -50.39351800874099752, -0.001000001298026020023, 142.8483361194390113 ) ) ;
#6068 = CARTESIAN_POINT ( 'NONE',  ( -102.8269319397220016, 3.579662975231999944, 314.7490000000000236 ) ) ;
#6069 = EDGE_LOOP ( 'NONE', ( #304, #6554, #7656, #3387 ) ) ;
#6070 = PERSON_AND_ORGANIZATION ( #6822, #814 ) ;
#6071 = CARTESIAN_POINT ( 'NONE',  ( -84.60793884625630312, 0.0000000000000000000, 142.7489250998099806 ) ) ;
#6072 = CARTESIAN_POINT ( 'NONE',  ( -105.0739144376001235, 7.182294403037716712, 268.3507588899669827 ) ) ;
#6073 = CARTESIAN_POINT ( 'NONE',  ( -39.54820195883035439, 1.577556345399844906, 267.7312672682243715 ) ) ;
#6074 = VERTEX_POINT ( 'NONE', #3907 ) ;
#6075 = CARTESIAN_POINT ( 'NONE',  ( -114.7075541608890035, 4.142308290654129976, 280.4709028626759846 ) ) ;
#6076 = CARTESIAN_POINT ( 'NONE',  ( -70.80323142375350187, 3.172440619181629895, 151.6424793893829985 ) ) ;
#6077 = CARTESIAN_POINT ( 'NONE',  ( -105.6096199179650057, 0.0000000000000000000, 318.7500000000000000 ) ) ;
#6078 = VECTOR ( 'NONE', #7738, 1000.000000000000000 ) ;
#6079 = ORIENTED_EDGE ( 'NONE', *, *, #5508, .T. ) ;
#6080 = CARTESIAN_POINT ( 'NONE',  ( -41.07688791334469869, 10.49420186094489971, 291.6544379066509691 ) ) ;
#6081 = CARTESIAN_POINT ( 'NONE',  ( -49.06542336971379825, 0.0000000000000000000, 137.9511793908120012 ) ) ;
#6082 = DIRECTION ( 'NONE',  ( 0.0000000000000000000, 1.000000000000000000, 0.0000000000000000000 ) ) ;
#6083 = ADVANCED_FACE ( 'NONE', ( #1005 ), #422, .F. ) ;
#6084 = CARTESIAN_POINT ( 'NONE',  ( -104.9293923083023543, 6.886551655909634029, 290.8321297622579209 ) ) ;
#6085 = CARTESIAN_POINT ( 'NONE',  ( -114.0434928689719811, 13.00000000000000000, 319.7500000000000000 ) ) ;
#6086 = AXIS2_PLACEMENT_3D ( 'NONE', #6080, #4823, #46 ) ;
#6087 = CARTESIAN_POINT ( 'NONE',  ( -114.2657357289959918, 2.281780951383909795, 321.6803399598329634 ) ) ;
#6088 = CARTESIAN_POINT ( 'NONE',  ( -8.976878512000880050, 7.698946448377330221, 149.1705927090359864 ) ) ;
#6089 = CARTESIAN_POINT ( 'NONE',  ( -105.0720310787829845, 7.167842456209919888, 289.9818745984269412 ) ) ;
#6090 = CARTESIAN_POINT ( 'NONE',  ( -113.5092331866929953, 3.995356370322069139, 318.7499999999959641 ) ) ;
#6091 = CARTESIAN_POINT ( 'NONE',  ( -105.0928674035699970, 7.351874933466790552, 268.6544379066510260 ) ) ;
#6092 = CARTESIAN_POINT ( 'NONE',  ( -42.99652753305959862, 13.00321644496600015, 148.5251873153569875 ) ) ;
#6093 = CARTESIAN_POINT ( 'NONE',  ( -90.86597426157749169, 0.0000000000000000000, 145.1985354034159741 ) ) ;
#6094 = CARTESIAN_POINT ( 'NONE',  ( -64.66998061922480190, 0.0000000000000000000, 159.8239123701460187 ) ) ;
#6095 = DIRECTION ( 'NONE',  ( 0.0000000000000000000, 0.0000000000000000000, -1.000000000000000000 ) ) ;
#6096 = ADVANCED_FACE ( 'NONE', ( #2816 ), #852, .T. ) ;
#6097 = ORIENTED_EDGE ( 'NONE', *, *, #7097, .T. ) ;
#6098 = CARTESIAN_POINT ( 'NONE',  ( -40.74483891101729682, 2.790209957625480186, 265.7119190690569894 ) ) ;
#6099 = ORIENTED_EDGE ( 'NONE', *, *, #4375, .F. ) ;
#6100 = CARTESIAN_POINT ( 'NONE',  ( -17.21702404006340004, 0.0000000000000000000, 149.1705927090359864 ) ) ;
#6101 = AXIS2_PLACEMENT_3D ( 'NONE', #700, #7242, #4926 ) ;
#6102 = CARTESIAN_POINT ( 'NONE',  ( -70.33226007501099275, 0.0000000000000000000, 160.1102472168650195 ) ) ;
#6103 = CARTESIAN_POINT ( 'NONE',  ( -24.04116986397550093, 0.0000000000000000000, 155.1110152925160151 ) ) ;
#6104 = CYLINDRICAL_SURFACE ( 'NONE', #377, 1.000000000000000888 ) ;
#6105 = CARTESIAN_POINT ( 'NONE',  ( -64.06344334553348574, 3.086735765318970426, 156.4317785302129948 ) ) ;
#6106 = CARTESIAN_POINT ( 'NONE',  ( -50.39351800874099752, 13.00321644496600015, 142.8483361194390113 ) ) ;
#6107 = CARTESIAN_POINT ( 'NONE',  ( -105.2887561036910142, 6.597681612626500325, 312.2490000000000236 ) ) ;
#6108 = VECTOR ( 'NONE', #5593, 1000.000000000000000 ) ;
#6109 = CARTESIAN_POINT ( 'NONE',  ( -84.89920430322020195, 3.351689246939260070, 146.7987578231270049 ) ) ;
#6110 = CARTESIAN_POINT ( 'NONE',  ( -85.12002949513559713, 0.0000000000000000000, 145.2075421325560285 ) ) ;
#6111 = CARTESIAN_POINT ( 'NONE',  ( -104.9420156456463360, 6.483150405319662468, 267.8403571118399782 ) ) ;
#6112 = CARTESIAN_POINT ( 'NONE',  ( -106.1197444173679827, 4.608611013713800553, 279.1745772045319995 ) ) ;
#6113 = ORIENTED_EDGE ( 'NONE', *, *, #2891, .T. ) ;
#6114 = CARTESIAN_POINT ( 'NONE',  ( -31.37113543732979792, 0.0000000000000000000, 150.1994159787510057 ) ) ;
#6115 = CARTESIAN_POINT ( 'NONE',  ( -71.69641707668660047, 3.183798762230929835, 158.9375567157400155 ) ) ;
#6116 = CARTESIAN_POINT ( 'NONE',  ( -102.9470970632379334, 4.357004764310613787, 311.0887756568439499 ) ) ;
#6117 = VERTEX_POINT ( 'NONE', #4496 ) ;
#6118 = CARTESIAN_POINT ( 'NONE',  ( -107.4400095534550132, 3.995356370322069139, 315.2500000000000000 ) ) ;
#6119 = CARTESIAN_POINT ( 'NONE',  ( -102.9746102825280047, 4.293254727756917966, 312.4562375993589285 ) ) ;
#6120 = CARTESIAN_POINT ( 'NONE',  ( -105.1545389415340566, 4.632987284516733695, 280.0299852456533358 ) ) ;
#6121 = DIRECTION ( 'NONE',  ( 0.5004356563159418902, 0.0000000000000000000, 0.8657737313453397476 ) ) ;
#6122 = CARTESIAN_POINT ( 'NONE',  ( -2.537183023366215817, 3.268593152313050254, 323.4729261957933772 ) ) ;
#6123 = CARTESIAN_POINT ( 'NONE',  ( -111.9336115059840040, 1.626269677835779914, 322.9794520985649910 ) ) ;
#6124 = CARTESIAN_POINT ( 'NONE',  ( -91.15623350700400351, 3.431255126125940080, 146.9917157425610128 ) ) ;
#6125 = CARTESIAN_POINT ( 'NONE',  ( -104.9734366119880491, 7.002314025940473030, 290.3943639151681282 ) ) ;
#6126 = EDGE_CURVE ( 'NONE', #6436, #4728, #2837, .T. ) ;
#6127 = DIRECTION ( 'NONE',  ( -0.04817122723086530306, -0.9988390925805179510, 0.0000000000000000000 ) ) ;
#6128 = DIRECTION ( 'NONE',  ( -0.9999191579690125398, 0.01271524779707099498, 0.0000000000000000000 ) ) ;
#6129 = AXIS2_PLACEMENT_3D ( 'NONE', #874, #1462, #5731 ) ;
#6130 = CARTESIAN_POINT ( 'NONE',  ( -104.1926035800709940, 1.647914195365280055, 291.4016707695510036 ) ) ;
#6131 = CARTESIAN_POINT ( 'NONE',  ( -63.95843147471029511, 0.0000000000000000000, 159.1071941156550054 ) ) ;
#6132 = B_SPLINE_SURFACE_WITH_KNOTS ( 'NONE', 2, 1, ( 
 ( #7377, #2605 ),
 ( #876, #3348 ),
 ( #2678, #2009 ) ),
 .UNSPECIFIED., .F., .F., .F.,
 ( 3, 3 ),
 ( 2, 2 ),
 ( -2.000000000000000000, -1.000000000000000000 ),
 ( 0.0000000000000000000, 1.300421644626400086 ),
 .UNSPECIFIED. ) ;
#6133 = CARTESIAN_POINT ( 'NONE',  ( -7.344533915293784077, 3.995356370322069139, 318.7500000000000000 ) ) ;
#6134 = EDGE_CURVE ( 'NONE', #1248, #764, #1554, .T. ) ;
#6135 = ORIENTED_EDGE ( 'NONE', *, *, #6040, .F. ) ;
#6136 = EDGE_CURVE ( 'NONE', #1052, #4549, #2689, .T. ) ;
#6137 = CARTESIAN_POINT ( 'NONE',  ( -38.41382978593299669, 2.760568202683120198, 267.9399029374079646 ) ) ;
#6138 = ORIENTED_EDGE ( 'NONE', *, *, #4375, .T. ) ;
#6139 = CARTESIAN_POINT ( 'NONE',  ( -41.27118160836990057, 6.519561894309430450, 291.6544379066509691 ) ) ;
#6140 = CARTESIAN_POINT ( 'NONE',  ( -4.000000000000000000, 4.000000000000000000, 323.7500000000000000 ) ) ;
#6141 = EDGE_CURVE ( 'NONE', #6927, #7232, #6245, .T. ) ;
#6142 = CARTESIAN_POINT ( 'NONE',  ( -24.47408172682650118, 0.0000000000000000000, 152.4237427883570035 ) ) ;
#6143 = CARTESIAN_POINT ( 'NONE',  ( -64.76612991492230265, 3.095670916103829828, 154.2055755317230137 ) ) ;
#6144 = EDGE_CURVE ( 'NONE', #6850, #4881, #2297, .T. ) ;
#6145 = CARTESIAN_POINT ( 'NONE',  ( -103.4447656195450094, 3.571918854438790092, 266.6667954124010294 ) ) ;
#6146 = CARTESIAN_POINT ( 'NONE',  ( 0.0000000000000000000, 0.0000000000000000000, 319.7500000000000000 ) ) ;
#6147 = CARTESIAN_POINT ( 'NONE',  ( -84.09523983350149479, 3.341465610551439980, 140.4169982852259864 ) ) ;
#6148 = FACE_OUTER_BOUND ( 'NONE', #620, .T. ) ;
#6149 = DIRECTION ( 'NONE',  ( -0.7092018130892532302, -0.7050055236031249617, 0.0000000000000000000 ) ) ;
#6150 = DIRECTION ( 'NONE',  ( 0.04817122723086530306, 0.9988390925805179510, 0.0000000000000000000 ) ) ;
#6151 = ORIENTED_EDGE ( 'NONE', *, *, #2068, .F. ) ;
#6152 = CARTESIAN_POINT ( 'NONE',  ( -30.78184937311900171, 0.0000000000000000000, 150.8266434777249856 ) ) ;
#6153 = CARTESIAN_POINT ( 'NONE',  ( -69.92573969045679405, 3.161284363698479982, 160.2461934434579689 ) ) ;
#6154 = CARTESIAN_POINT ( 'NONE',  ( -102.7976812970064628, 4.262853906190861686, 311.0135620742711353 ) ) ;
#6155 = ORIENTED_EDGE ( 'NONE', *, *, #5846, .F. ) ;
#6156 = CARTESIAN_POINT ( 'NONE',  ( -114.6620954754930040, 5.251302555323159815, 275.8505880845090132 ) ) ;
#6157 = CARTESIAN_POINT ( 'NONE',  ( -105.0692403622829971, 7.312063382991630611, 312.1690416225359854 ) ) ;
#6158 = CARTESIAN_POINT ( 'NONE',  ( -54.26340241342820292, 2.962115739631729916, 148.6959020438259813 ) ) ;
#6159 = CIRCLE ( 'NONE', #3036, 2.200000000000000178 ) ;
#6160 = CARTESIAN_POINT ( 'NONE',  ( -106.1142345362438562, 5.464985319421347576, 281.6269902217148342 ) ) ;
#6161 = DIRECTION ( 'NONE',  ( 0.0000000000000000000, 1.000000000000000000, 0.0000000000000000000 ) ) ;
#6162 = CARTESIAN_POINT ( 'NONE',  ( -114.7188489735440839, 0.08019201046773589969, 320.7117610355260240 ) ) ;
#6163 = CARTESIAN_POINT ( 'NONE',  ( -114.0434928689719811, 13.00000000000000000, 149.1705927090359864 ) ) ;
#6164 = CARTESIAN_POINT ( 'NONE',  ( -104.4903258138130155, 5.136430751881979617, 291.1380002237610256 ) ) ;
#6165 = AXIS2_PLACEMENT_3D ( 'NONE', #1790, #7197, #6615 ) ;
#6166 = CARTESIAN_POINT ( 'NONE',  ( -114.0434928689719811, 13.00000000000000000, 284.1544379066509691 ) ) ;
#6167 = CARTESIAN_POINT ( 'NONE',  ( -104.9305569938277074, 6.435891401090475306, 290.4955231792925474 ) ) ;
#6168 = CARTESIAN_POINT ( 'NONE',  ( -91.15473476702980804, 0.0000000000000000000, 143.7113861056150199 ) ) ;
#6169 = VECTOR ( 'NONE', #7118, 1000.000000000000000 ) ;
#6170 = CARTESIAN_POINT ( 'NONE',  ( -63.78330170468470328, 0.0000000000000000000, 158.6223342658360025 ) ) ;
#6171 = DIRECTION ( 'NONE',  ( 0.1214093666953641876, 0.0000000000000000000, -0.9926025214952008957 ) ) ;
#6172 = ORIENTED_EDGE ( 'NONE', *, *, #5037, .F. ) ;
#6173 = CARTESIAN_POINT ( 'NONE',  ( -39.82751194021520291, 2.778544974859889827, 266.0500437968000256 ) ) ;
#6174 = B_SPLINE_CURVE_WITH_KNOTS ( 'NONE', 3,
 ( #7076, #1747, #498, #534 ),
 .UNSPECIFIED., .F., .F.,
 ( 4, 4 ),
 ( 0.0000000000000000000, 1.000000000000000000 ),
 .UNSPECIFIED. ) ;
#6175 = ORIENTED_EDGE ( 'NONE', *, *, #1729, .T. ) ;
#6176 = CARTESIAN_POINT ( 'NONE',  ( -111.4861586422779993, 3.995356370322069139, 322.2500000000000000 ) ) ;
#6177 = ADVANCED_FACE ( 'NONE', ( #7698 ), #3143, .F. ) ;
#6178 = CARTESIAN_POINT ( 'NONE',  ( -44.16213975853479923, 0.0000000000000000000, 142.8446019462450067 ) ) ;
#6179 = CARTESIAN_POINT ( 'NONE',  ( -23.33906604716369770, 0.0000000000000000000, 150.2456203018969916 ) ) ;
#6180 = CARTESIAN_POINT ( 'NONE',  ( -64.95458028528609873, 3.098067436247029960, 152.7491176422800265 ) ) ;
#6181 = CARTESIAN_POINT ( 'NONE',  ( -106.1197445713590071, 4.608561637179930059, 279.1544379066509691 ) ) ;
#6182 = EDGE_LOOP ( 'NONE', ( #3032, #1190, #940, #5588 ) ) ;
#6183 = EDGE_CURVE ( 'NONE', #513, #200, #5351, .T. ) ;
#6184 = CARTESIAN_POINT ( 'NONE',  ( -84.44550411377089461, 3.345919628602109785, 139.0530105394829832 ) ) ;
#6185 = CARTESIAN_POINT ( 'NONE',  ( -105.0932437651800058, 7.324441712857000297, 268.6544379066510260 ) ) ;
#6186 = EDGE_CURVE ( 'NONE', #6401, #6074, #5445, .T. ) ;
#6187 = LINE ( 'NONE', #1485, #774 ) ;
#6188 = CARTESIAN_POINT ( 'NONE',  ( -105.1465518989869565, 4.991773046450483697, 275.6741502305771974 ) ) ;
#6189 = VERTEX_POINT ( 'NONE', #2892 ) ;
#6190 = CARTESIAN_POINT ( 'NONE',  ( -30.56660201779880026, 0.0000000000000000000, 151.1615107105619984 ) ) ;
#6191 = CARTESIAN_POINT ( 'NONE',  ( -71.24966758714180060, 3.178117773651689681, 150.8121822503720182 ) ) ;
#6192 = CARTESIAN_POINT ( 'NONE',  ( -4.961418165267128977, 7.739275378388499327, 161.8755000000000166 ) ) ;
#6193 = EDGE_CURVE ( 'NONE', #7291, #5586, #7639, .T. ) ;
#6194 = VERTEX_POINT ( 'NONE', #6687 ) ;
#6195 = CARTESIAN_POINT ( 'NONE',  ( 39.62960771708790020, 3.995356370322069139, 251.8957282297280074 ) ) ;
#6196 = CARTESIAN_POINT ( 'NONE',  ( -28.25974124693320277, -0.001000001298026020023, 160.4802146902100048 ) ) ;
#6197 = CARTESIAN_POINT ( 'NONE',  ( -105.1069797286409937, 6.809501649996855477, 283.8370306975809854 ) ) ;
#6198 = CARTESIAN_POINT ( 'NONE',  ( -40.93642519117990020, 2.792646221604800250, 265.6738631530159864 ) ) ;
#6199 = DIRECTION ( 'NONE',  ( 0.9988390925805178400, -0.04817122723086587899, -3.330669073875482243E-13 ) ) ;
#6200 = CARTESIAN_POINT ( 'NONE',  ( -44.14067220988439999, 2.833392310447250040, 147.4314953816950151 ) ) ;
#6201 = DIRECTION ( 'NONE',  ( -0.9999191579690125398, 0.01271524779707759560, 0.0000000000000000000 ) ) ;
#6202 = CARTESIAN_POINT ( 'NONE',  ( -104.0992578762690073, 4.407466995072530480, 291.4231186511139526 ) ) ;
#6203 = AXIS2_PLACEMENT_3D ( 'NONE', #5038, #1478, #6301 ) ;
#6204 =( BOUNDED_CURVE ( )  B_SPLINE_CURVE ( 3, ( #1693, #6639, #5499, #2485 ),
 .UNSPECIFIED., .F., .F. ) 
 B_SPLINE_CURVE_WITH_KNOTS ( ( 4, 4 ),
 ( 3.109000632605425807, 4.679648653094838906 ),
 .UNSPECIFIED. ) 
 CURVE ( )  GEOMETRIC_REPRESENTATION_ITEM ( )  RATIONAL_B_SPLINE_CURVE ( ( 1.000000000000000000, 0.8047728089597125933, 0.8047728089597125933, 1.000000000000000000 ) ) 
 REPRESENTATION_ITEM ( '' )  );
#6205 = CARTESIAN_POINT ( 'NONE',  ( -39.34418722376909727, 3.518175385115939857, 264.4544379066509805 ) ) ;
#6206 = CARTESIAN_POINT ( 'NONE',  ( -105.9590161994480013, 3.995356370322069139, 159.8547740578349874 ) ) ;
#6207 = CARTESIAN_POINT ( 'NONE',  ( -92.05571560910209428, 0.0000000000000000000, 140.3684297898890065 ) ) ;
#6208 = CARTESIAN_POINT ( 'NONE',  ( -63.08924027481169361, 2.168404344971009831E-19, 150.1009434761029979 ) ) ;
#6209 = CARTESIAN_POINT ( 'NONE',  ( -31.33718476739660019, 2.670579586041040177, 158.6135857322850029 ) ) ;
#6210 = AXIS2_PLACEMENT_3D ( 'NONE', #4610, #5825, #7146 ) ;
#6211 = CARTESIAN_POINT ( 'NONE',  ( -105.1499011491900006, 4.802542562612740262, 275.8818219775140506 ) ) ;
#6212 = ORIENTED_EDGE ( 'NONE', *, *, #4323, .T. ) ;
#6213 = CARTESIAN_POINT ( 'NONE',  ( -39.11456060040963223, 9.718927587920520139, 267.4828650313969547 ) ) ;
#6214 = CARTESIAN_POINT ( 'NONE',  ( -41.07688791334469869, 10.49420186094489971, 291.6544379066509691 ) ) ;
#6215 = CARTESIAN_POINT ( 'NONE',  ( -71.52808941782760144, 3.181658261294989742, 150.4831534637019956 ) ) ;
#6216 = DIRECTION ( 'NONE',  ( -0.04817122723086530306, -0.9988390925805179510, 0.0000000000000000000 ) ) ;
#6217 = CARTESIAN_POINT ( 'NONE',  ( -23.91207933459480017, 0.0000000000000000000, 150.8769312481870202 ) ) ;
#6218 = DIRECTION ( 'NONE',  ( -0.9988390925805179510, 0.04817122723086545572, 0.0000000000000000000 ) ) ;
#6219 = CARTESIAN_POINT ( 'NONE',  ( -12.07318690969499997, 4.304691639604200759, 313.6684142273130078 ) ) ;
#6220 = ORIENTED_EDGE ( 'NONE', *, *, #584, .F. ) ;
#6221 = EDGE_CURVE ( 'NONE', #4158, #5239, #449, .T. ) ;
#6222 = CARTESIAN_POINT ( 'NONE',  ( -84.37961927348331415, 3.345081477899450206, 141.9563867502279777 ) ) ;
#6223 = CARTESIAN_POINT ( 'NONE',  ( -41.18586085245109984, 0.5842788905848140812, 290.6425434425089520 ) ) ;
#6224 = CARTESIAN_POINT ( 'NONE',  ( -38.34216575632030555, 1.759576054550199942, 268.6544379066510260 ) ) ;
#6225 = CARTESIAN_POINT ( 'NONE',  ( -2.000000000000000000, 0.0000000000000000000, 159.7570809800919847 ) ) ;
#6226 = ORIENTED_EDGE ( 'NONE', *, *, #5066, .T. ) ;
#6227 = APPROVAL ( #3455, 'UNSPECIFIED' ) ;
#6228 = CARTESIAN_POINT ( 'NONE',  ( -41.34607956385800520, 1.584436078274259918, 267.6544379066510260 ) ) ;
#6229 = VECTOR ( 'NONE', #1630, 1000.000000000000114 ) ;
#6230 = CARTESIAN_POINT ( 'NONE',  ( -102.2159195194182786, 3.965393914378938067, 310.7212115038402089 ) ) ;
#6231 = B_SPLINE_CURVE_WITH_KNOTS ( 'NONE', 3,
 ( #7008, #7705, #2231, #1635, #5753, #3408, #4581, #1674, #4657, #1085, #3486, #1047, #6971, #5908, #5317, #2781, #7552, #1711 ),
 .UNSPECIFIED., .F., .F.,
 ( 4, 2, 2, 2, 1, 1, 2, 2, 2, 4 ),
 ( 0.0000000000000000000, 0.2500000000000623390, 0.3750000000000904277, 0.4375000000001045275, 0.4687500000000981437, 0.4843750000000949241, 0.4921875000000933142, 0.5000000000000917044, 0.7500000000000457412, 1.000000000000000000 ),
 .UNSPECIFIED. ) ;
#6232 = CARTESIAN_POINT ( 'NONE',  ( -4.336808689942019708E-16, 2.000000000004060308, 320.0118023498579873 ) ) ;
#6233 = ORIENTED_EDGE ( 'NONE', *, *, #722, .F. ) ;
#6234 = CARTESIAN_POINT ( 'NONE',  ( -11.49203277363220010, 7.418627449499089366, 314.7490000000000236 ) ) ;
#6235 = CARTESIAN_POINT ( 'NONE',  ( -102.6493943808289941, 7.281291954082660389, 314.5890832450689913 ) ) ;
#6236 = EDGE_CURVE ( 'NONE', #1648, #3338, #4801, .T. ) ;
#6237 = CARTESIAN_POINT ( 'NONE',  ( -110.9926636831918501, 3.452534106473216458, 323.7186962464081148 ) ) ;
#6238 = CARTESIAN_POINT ( 'NONE',  ( -40.02061894819329524, 1.777379849863869987, 267.1475388800359951 ) ) ;
#6239 = CARTESIAN_POINT ( 'NONE',  ( -104.0006735678520045, 0.6457178360564650443, 268.0730639229860230 ) ) ;
#6240 = CARTESIAN_POINT ( 'NONE',  ( -43.56957498683649987, 2.826130080646570342, 140.3640102587679905 ) ) ;
#6241 = ORIENTED_EDGE ( 'NONE', *, *, #2221, .T. ) ;
#6242 = ADVANCED_FACE ( 'NONE', ( #3630 ), #6018, .F. ) ;
#6243 = CARTESIAN_POINT ( 'NONE',  ( -91.87122517658990262, 3.440347186375340094, 147.9772771994909988 ) ) ;
#6244 = CARTESIAN_POINT ( 'NONE',  ( -103.8059161681177613, 5.069548013141169207, 265.9842909622384468 ) ) ;
#6245 = B_SPLINE_CURVE_WITH_KNOTS ( 'NONE', 3,
 ( #2735, #5115, #968, #3363, #5748, #1042, #3441, #7074, #462, #2373, #1195, #5271, #4615, #5938, #1705, #7662, #1783, #4103, #4062, #3589, #4182, #6492, #5237, #1117, #7112, #6417, #2856, #1079, #5900, #533, #3552, #4763, #4649, #5828, #3516, #7001, #3480, #2930, #4686, #7039, #2970, #5977, #1746, #3008, #5311, #4143 ),
 .UNSPECIFIED., .F., .F.,
 ( 4, 2, 2, 2, 2, 2, 1, 1, 1, 2, 2, 2, 2, 2, 1, 1, 1, 2, 2, 2, 2, 1, 1, 1, 1, 2, 2, 4 ),
 ( 0.0000000000000000000, 0.1249999999994077238, 0.1874999999991115440, 0.2499999999988153365, 0.3749999999982231991, 0.4374999999979325982, 0.4687499999977873810, 0.4843749999977149390, 0.4921874999976849629, 0.4960937499976763587, 0.4999999999976677545, 0.6249999999975479614, 0.6874999999974881204, 0.7187499999974656939, 0.7343749999974544806, 0.7421874999974562570, 0.7460937499974571452, 0.7480468749974649167, 0.7499999999974725773, 0.8124999999975475173, 0.8437499999975934806, 0.8593749999976246778, 0.8671874999976401099, 0.8710937499976478815, 0.8730468749976518783, 0.8740234374976616483, 0.8749999999976715293, 1.000000000000000000 ),
 .UNSPECIFIED. ) ;
#6246 = DIRECTION ( 'NONE',  ( 1.000000000000000000, 0.0000000000000000000, 0.0000000000000000000 ) ) ;
#6247 = CARTESIAN_POINT ( 'NONE',  ( -104.3365179889263032, 4.828253592320988830, 291.2639472937430583 ) ) ;
#6248 = CARTESIAN_POINT ( 'NONE',  ( -90.89880930645858825, 0.0000000000000000000, 138.3739628865099860 ) ) ;
#6249 =( BOUNDED_SURFACE ( )  B_SPLINE_SURFACE ( 3, 2, ( 
 ( #6234, #2559, #4938 ),
 ( #6748, #201, #4395 ),
 ( #5642, #7481, #903 ),
 ( #274, #2669, #1375 ) ),
 .UNSPECIFIED., .F., .F., .F. ) 
 B_SPLINE_SURFACE_WITH_KNOTS ( ( 4, 4 ),
 ( 3, 3 ),
 ( 0.0008403575345477881046, 0.0009169570725424880039 ),
 ( 0.0000000000000000000, 1.000000000000000000 ),
 .UNSPECIFIED. ) 
 GEOMETRIC_REPRESENTATION_ITEM ( )  RATIONAL_B_SPLINE_SURFACE ( (
 ( 1.000000000000000000, 0.7071067811865380248, 1.000000000000000000),
 ( 1.000000000000000000, 0.7072220033406450002, 1.000000000000000000),
 ( 1.000000000000000000, 0.7073351037280690701, 1.000000000000000000),
 ( 1.000000000000000000, 0.7074461177046060811, 1.000000000000000000) ) ) 
 REPRESENTATION_ITEM ( '' )  SURFACE ( )  );
#6250 = CARTESIAN_POINT ( 'NONE',  ( -73.48108644529351352, 3.206494000102300124, 149.5178385026950139 ) ) ;
#6251 = CARTESIAN_POINT ( 'NONE',  ( -114.7120313748049938, 4.008506407753950285, 279.1544379066509691 ) ) ;
#6252 = CARTESIAN_POINT ( 'NONE',  ( -30.17489108959409805, 2.655799461356049829, 152.8820517012790106 ) ) ;
#6253 = ORIENTED_EDGE ( 'NONE', *, *, #2217, .F. ) ;
#6254 = ORIENTED_EDGE ( 'NONE', *, *, #5700, .F. ) ;
#6255 = CARTESIAN_POINT ( 'NONE',  ( -104.9967529926500305, 7.091829827670729003, 267.7047293935805783 ) ) ;
#6256 = VECTOR ( 'NONE', #5357, 1000.000000000000000 ) ;
#6257 = CARTESIAN_POINT ( 'NONE',  ( -113.5962306332966278, 6.569432683376069448, 275.9525036772447493 ) ) ;
#6258 = CARTESIAN_POINT ( 'NONE',  ( -46.12317021480030377, 0.0000000000000000000, 137.9383515142299927 ) ) ;
#6259 = DIRECTION ( 'NONE',  ( 0.0000000000000000000, 1.000000000000000000, 2.164934898019053234E-12 ) ) ;
#6260 = CARTESIAN_POINT ( 'NONE',  ( -64.72420795373790270, 3.095138228041939943, 159.8504636131889924 ) ) ;
#6261 = CARTESIAN_POINT ( 'NONE',  ( -106.1159391050331351, 5.269067801764566461, 276.9527601651669784 ) ) ;
#6262 = VERTEX_POINT ( 'NONE', #5430 ) ;
#6263 = CARTESIAN_POINT ( 'NONE',  ( -84.09042447340179649, 3.341404378637100159, 140.2722676561269850 ) ) ;
#6264 = ORIENTED_EDGE ( 'NONE', *, *, #5322, .F. ) ;
#6265 = CARTESIAN_POINT ( 'NONE',  ( -41.26490489802640127, 0.5843562032853700794, 290.6520292084359767 ) ) ;
#6266 = PLANE ( 'NONE',  #401 ) ;
#6267 = CARTESIAN_POINT ( 'NONE',  ( -105.0920983738280796, 7.374494802392093540, 275.3281101133821949 ) ) ;
#6268 = VERTEX_POINT ( 'NONE', #3745 ) ;
#6269 = CARTESIAN_POINT ( 'NONE',  ( -31.36210519537830521, 0.0000000000000000000, 158.4543567353609888 ) ) ;
#6270 = DIRECTION ( 'NONE',  ( -1.000000000000000000, 0.0000000000000000000, 0.0000000000000000000 ) ) ;
#6271 = CARTESIAN_POINT ( 'NONE',  ( -0.02578435356781549892, 2.012892176783919407, 320.2735923123989892 ) ) ;
#6272 = ORIENTED_EDGE ( 'NONE', *, *, #150, .T. ) ;
#6273 = CARTESIAN_POINT ( 'NONE',  ( -106.2126457168429994, 8.617691027423850514, 283.1544379066509691 ) ) ;
#6274 = CARTESIAN_POINT ( 'NONE',  ( -105.1887541507570063, 7.955557500237589785, 312.2328847794789795 ) ) ;
#6275 = CARTESIAN_POINT ( 'NONE',  ( -112.4504606211763047, 0.6157935975823551900, 321.8827334472179587 ) ) ;
#6276 = CARTESIAN_POINT ( 'NONE',  ( -106.1185318369140589, 4.935837324662446512, 280.7979323197215535 ) ) ;
#6277 = CARTESIAN_POINT ( 'NONE',  ( -103.2259922892980057, 0.6449601230462220780, 267.6544379066510260 ) ) ;
#6278 = CARTESIAN_POINT ( 'NONE',  ( -43.59188034106869480, 2.826414001879579807, 139.8341325994690010 ) ) ;
#6279 = VERTEX_POINT ( 'NONE', #1979 ) ;
#6280 = ADVANCED_FACE ( 'NONE', ( #1903 ), #7231, .F. ) ;
#6281 = CARTESIAN_POINT ( 'NONE',  ( -103.1861293549779930, 0.6449211332515870643, 290.6544379066509691 ) ) ;
#6282 = DIRECTION ( 'NONE',  ( 8.120488408686861972E-15, -2.392219633754020149E-16, 1.000000000000000000 ) ) ;
#6283 = EDGE_CURVE ( 'NONE', #231, #7203, #4303, .T. ) ;
#6284 = AXIS2_PLACEMENT_3D ( 'NONE', #3293, #2111, #4388 ) ;
#6285 = FACE_OUTER_BOUND ( 'NONE', #5206, .T. ) ;
#6286 = CARTESIAN_POINT ( 'NONE',  ( -104.4876698597471858, 5.136522956927176864, 291.1367178838806353 ) ) ;
#6287 = EDGE_CURVE ( 'NONE', #1084, #608, #2030, .T. ) ;
#6288 = CARTESIAN_POINT ( 'NONE',  ( -92.04581194839039426, 0.0000000000000000000, 140.4906727529810269 ) ) ;
#6289 = CARTESIAN_POINT ( 'NONE',  ( -64.88093039582309984, 0.0000000000000000000, 153.6562969382369772 ) ) ;
#6290 = FACE_OUTER_BOUND ( 'NONE', #5431, .T. ) ;
#6291 = CIRCLE ( 'NONE', #2914, 2.000000000000001776 ) ;
#6292 = CARTESIAN_POINT ( 'NONE',  ( -31.44752014294879672, 2.671982678677470524, 150.1390782926529823 ) ) ;
#6293 = CARTESIAN_POINT ( 'NONE',  ( -24.19935005925830040, 2.579812891955440168, 151.3747052858959989 ) ) ;
#6294 = DIRECTION ( 'NONE',  ( 0.0000000000000000000, 0.0000000000000000000, 1.000000000000000000 ) ) ;
#6295 = ORIENTED_EDGE ( 'NONE', *, *, #5473, .F. ) ;
#6296 = CARTESIAN_POINT ( 'NONE',  ( -105.1128900600194243, 7.550983970731151906, 268.5743927580630270 ) ) ;
#6297 = AXIS2_PLACEMENT_3D ( 'NONE', #4229, #5392, #3098 ) ;
#6298 = DIRECTION ( 'NONE',  ( 0.0000000000000000000, 0.0000000000000000000, 1.000000000000000000 ) ) ;
#6299 = CARTESIAN_POINT ( 'NONE',  ( -112.7443953984600000, 0.03914218535749919986, 320.3907172505900007 ) ) ;
#6300 = CARTESIAN_POINT ( 'NONE',  ( -105.0779672769887014, 7.381847697746975356, 312.1737325197138944 ) ) ;
#6301 = DIRECTION ( 'NONE',  ( 0.0000000000000000000, 0.0000000000000000000, 1.000000000000000000 ) ) ;
#6302 = CARTESIAN_POINT ( 'NONE',  ( -13.41498531086380019, 2.442676001490810211, 310.0698465882119876 ) ) ;
#6303 = VERTEX_POINT ( 'NONE', #1315 ) ;
#6304 = CARTESIAN_POINT ( 'NONE',  ( -84.93165823005119819, 3.352101859708640497, 143.9589206349380106 ) ) ;
#6305 = ORIENTED_EDGE ( 'NONE', *, *, #3271, .F. ) ;
#6306 = DIRECTION ( 'NONE',  ( 0.0000000000000000000, -0.9996134796903165531, 0.02780092123324268832 ) ) ;
#6307 = DIRECTION ( 'NONE',  ( 0.0000000000000000000, 0.0000000000000000000, -1.000000000000000000 ) ) ;
#6308 = B_SPLINE_SURFACE_WITH_KNOTS ( 'NONE', 3, 1, ( 
 ( #3125, #6013 ),
 ( #1189, #3625 ),
 ( #5424, #2964 ),
 ( #3583, #2408 ),
 ( #5972, #4873 ),
 ( #3704, #2447 ) ),
 .UNSPECIFIED., .F., .F., .F.,
 ( 4, 2, 4 ),
 ( 2, 2 ),
 ( 0.0000000000000000000, 0.1515543800034849786, 1.000000000000000000 ),
 ( 0.0000000000000000000, 36.08988000000000085 ),
 .UNSPECIFIED. ) ;
#6309 = CARTESIAN_POINT ( 'NONE',  ( -106.2126457168429994, 8.617691027423850514, 283.1544379066509691 ) ) ;
#6310 = CARTESIAN_POINT ( 'NONE',  ( -30.20005805786960096, 0.0000000000000000000, 159.9760647751340059 ) ) ;
#6311 = CARTESIAN_POINT ( 'NONE',  ( -1.884850435671190101E-10, 1.884850435671190101E-10, 320.1431991264809085 ) ) ;
#6312 = ORIENTED_EDGE ( 'NONE', *, *, #3231, .T. ) ;
#6313 = CARTESIAN_POINT ( 'NONE',  ( -114.5237375753920048, 7.720079086920960343, 274.2870266474589585 ) ) ;
#6314 = CARTESIAN_POINT ( 'NONE',  ( -111.9286653970624599, 1.635745083924513565, 322.9772520702932752 ) ) ;
#6315 = CARTESIAN_POINT ( 'NONE',  ( -40.36285792654140181, 2.785352582073999717, 265.8075827395979900 ) ) ;
#6316 = CARTESIAN_POINT ( 'NONE',  ( -104.0241233199409834, 0.6457407721757889574, 268.1074134890309892 ) ) ;
#6317 = CARTESIAN_POINT ( 'NONE',  ( -44.59484207695059865, 2.839167662065880116, 146.4148339219790103 ) ) ;
#6318 = EDGE_LOOP ( 'NONE', ( #1982, #2620, #5448, #4441, #985, #2614 ) ) ;
#6319 = CARTESIAN_POINT ( 'NONE',  ( -103.4285578516659996, 0.6451582517041430931, 290.6245067918700329 ) ) ;
#6320 = CARTESIAN_POINT ( 'NONE',  ( -113.6245668736976313, 6.001516920530129973, 281.8340989036444171 ) ) ;
#6321 = EDGE_CURVE ( 'NONE', #5090, #4920, #591, .T. ) ;
#6322 = CARTESIAN_POINT ( 'NONE',  ( -51.07442938322730441, 0.0000000000000000000, 147.3889185231269892 ) ) ;
#6323 = CARTESIAN_POINT ( 'NONE',  ( -103.8793945395365483, 4.090534336854065423, 291.5222790305510330 ) ) ;
#6324 = ORIENTED_EDGE ( 'NONE', *, *, #6949, .T. ) ;
#6325 = CARTESIAN_POINT ( 'NONE',  ( -91.90567629190599064, 0.0000000000000000000, 139.3501293682499806 ) ) ;
#6326 = CARTESIAN_POINT ( 'NONE',  ( -77.76103013286069654, 3.260918054678699995, 149.1707605587849912 ) ) ;
#6327 = DIRECTION ( 'NONE',  ( 1.000000000000000000, 0.0000000000000000000, -8.881784197001244245E-13 ) ) ;
#6328 = APPROVAL ( #5954, 'UNSPECIFIED' ) ;
#6329 = CARTESIAN_POINT ( 'NONE',  ( -30.36798641915960317, 2.658255641996180252, 159.8831608777649933 ) ) ;
#6330 = CARTESIAN_POINT ( 'NONE',  ( -23.65760923053509757, 2.572923782038039953, 150.5558063335180066 ) ) ;
#6331 = VERTEX_POINT ( 'NONE', #2534 ) ;
#6332 = AXIS2_PLACEMENT_3D ( 'NONE', #3996, #975, #2783 ) ;
#6333 = ORIENTED_EDGE ( 'NONE', *, *, #5468, .F. ) ;
#6334 = CARTESIAN_POINT ( 'NONE',  ( -105.0555953904104882, 7.301869346553194084, 267.9800164313160735 ) ) ;
#6335 = EDGE_CURVE ( 'NONE', #5366, #692, #6058, .T. ) ;
#6336 = LINE ( 'NONE', #965, #6506 ) ;
#6337 = CARTESIAN_POINT ( 'NONE',  ( -44.16732024360580056, 0.0000000000000000000, 147.3967376555800115 ) ) ;
#6338 = DIRECTION ( 'NONE',  ( -4.403279950663190103E-13, 2.166646399162710057E-12, -1.000000000000000000 ) ) ;
#6339 = VECTOR ( 'NONE', #6527, 1000.000000000000000 ) ;
#6340 = EDGE_CURVE ( 'NONE', #3634, #4006, #3170, .T. ) ;
#6341 = CARTESIAN_POINT ( 'NONE',  ( -64.26859835020879075, 3.089344753617460082, 159.5085317714850248 ) ) ;
#6342 = CARTESIAN_POINT ( 'NONE',  ( -13.41361940698019950, 2.567661124188949984, 311.0319395061999899 ) ) ;
#6343 = ORIENTED_EDGE ( 'NONE', *, *, #3369, .T. ) ;
#6344 = LINE ( 'NONE', #6496, #418 ) ;
#6345 = ORIENTED_EDGE ( 'NONE', *, *, #7010, .T. ) ;
#6346 = CARTESIAN_POINT ( 'NONE',  ( -88.94016535008579183, 3.403075021215750340, 137.8609707278629912 ) ) ;
#6347 = CARTESIAN_POINT ( 'NONE',  ( -70.66194409253951392, 0.0000000000000000000, 152.2406367032560013 ) ) ;
#6348 = CARTESIAN_POINT ( 'NONE',  ( -106.0895508151989901, 7.189616846669440342, 275.4083898570070232 ) ) ;
#6349 = CARTESIAN_POINT ( 'NONE',  ( -30.19282760264239940, 0.0000000000000000000, 152.3666667257969891 ) ) ;
#6350 = CARTESIAN_POINT ( 'NONE',  ( -0.6962209886525959623, 0.6962209886525959623, 322.1230754555010094 ) ) ;
#6351 = ORIENTED_EDGE ( 'NONE', *, *, #2777, .T. ) ;
#6352 = CARTESIAN_POINT ( 'NONE',  ( -40.96090027827279556, 0.5840588574452739712, 267.7308968118630332 ) ) ;
#6353 = PERSON_AND_ORGANIZATION_ROLE ( 'creator' ) ;
#6354 = CARTESIAN_POINT ( 'NONE',  ( -111.3895958331844156, 2.684635709384006308, 323.5275419175976594 ) ) ;
#6355 = DIRECTION ( 'NONE',  ( 0.0000000000000000000, 0.0000000000000000000, -1.000000000000000000 ) ) ;
#6356 = CARTESIAN_POINT ( 'NONE',  ( -24.68711989336539858, 0.0000000000000000000, 160.0771500372160006 ) ) ;
#6357 = AXIS2_PLACEMENT_3D ( 'NONE', #4757, #3508, #1229 ) ;
#6358 = CARTESIAN_POINT ( 'NONE',  ( -44.27912050329580040, 2.835152989396960255, 143.2287398276300223 ) ) ;
#6359 = ORIENTED_EDGE ( 'NONE', *, *, #4073, .F. ) ;
#6360 = CARTESIAN_POINT ( 'NONE',  ( -103.5104610975819952, 0.6452383609784089202, 290.6013131129160456 ) ) ;
#6361 = CARTESIAN_POINT ( 'NONE',  ( -113.6211119616964709, 6.077194573374890219, 281.9153764983457222 ) ) ;
#6362 = CARTESIAN_POINT ( 'NONE',  ( -8.838729757919169927, 0.0000000000000000000, 323.7500000000000000 ) ) ;
#6363 = CARTESIAN_POINT ( 'NONE',  ( -104.6223327572679409, 5.456021370152334349, 290.9944811881608757 ) ) ;
#6364 = EDGE_LOOP ( 'NONE', ( #1239, #5990, #6801, #1957, #5858 ) ) ;
#6365 = CARTESIAN_POINT ( 'NONE',  ( -92.05845952898938833, 0.0000000000000000000, 140.2486831677999817 ) ) ;
#6366 = CARTESIAN_POINT ( 'NONE',  ( -48.68368851082300353, 2.891162558724050147, 137.8875230851430160 ) ) ;
#6367 = CARTESIAN_POINT ( 'NONE',  ( -40.45481709429749628, 1.784072899605839924, 291.4515960760389817 ) ) ;
#6368 = EDGE_CURVE ( 'NONE', #3256, #5158, #1102, .T. ) ;
#6369 = CARTESIAN_POINT ( 'NONE',  ( -30.17579324712939837, 2.655811057950510090, 152.5720398029370131 ) ) ;
#6370 = CARTESIAN_POINT ( 'NONE',  ( -24.48964301416049594, 2.583504392217140122, 152.9254932227869972 ) ) ;
#6371 = CARTESIAN_POINT ( 'NONE',  ( -3.440329995356930404, 3.995356370322069139, 322.8060826047150158 ) ) ;
#6372 = VERTEX_POINT ( 'NONE', #7214 ) ;
#6373 = CARTESIAN_POINT ( 'NONE',  ( -104.9289735372143042, 6.885429168866045835, 267.4756086610464081 ) ) ;
#6374 = CARTESIAN_POINT ( 'NONE',  ( -106.0928674035700112, 7.351874933466790552, 268.6544379066510260 ) ) ;
#6375 = CARTESIAN_POINT ( 'NONE',  ( -44.47802490906940420, 0.0000000000000000000, 143.9482008531720112 ) ) ;
#6376 = CARTESIAN_POINT ( 'NONE',  ( -103.9323070542126146, 5.204591957835802418, 311.5872040092274915 ) ) ;
#6377 = EDGE_CURVE ( 'NONE', #4539, #5197, #2700, .T. ) ;
#6378 = CARTESIAN_POINT ( 'NONE',  ( -111.6656410625901970, 3.995356370322069139, 166.2755000000002212 ) ) ;
#6379 = EDGE_CURVE ( 'NONE', #6783, #6372, #43, .T. ) ;
#6380 = LINE ( 'NONE', #4687, #2229 ) ;
#6381 = ORIENTED_EDGE ( 'NONE', *, *, #3545, .F. ) ;
#6382 = CARTESIAN_POINT ( 'NONE',  ( -113.9162860493318732, 12.99386516941545722, 283.6491233673827992 ) ) ;
#6383 = ORIENTED_EDGE ( 'NONE', *, *, #3545, .T. ) ;
#6384 = ADVANCED_FACE ( 'NONE', ( #2437 ), #844, .T. ) ;
#6385 = CARTESIAN_POINT ( 'NONE',  ( -40.37432179840320146, 0.5834851271151060281, 289.8968605304759762 ) ) ;
#6386 = CARTESIAN_POINT ( 'NONE',  ( -71.67373118323980918, 0.0000000000000000000, 159.0016677555309741 ) ) ;
#6387 = AXIS2_PLACEMENT_3D ( 'NONE', #7720, #4704, #7060 ) ;
#6388 = EDGE_CURVE ( 'NONE', #4549, #5546, #7253, .T. ) ;
#6389 = CARTESIAN_POINT ( 'NONE',  ( -30.47781636189409937, 0.0000000000000000000, 154.6342472442950111 ) ) ;
#6390 = CARTESIAN_POINT ( 'NONE',  ( -105.0845430584729741, 7.419336876125513847, 268.1619807155090029 ) ) ;
#6391 = ORIENTED_EDGE ( 'NONE', *, *, #3268, .T. ) ;
#6392 = CARTESIAN_POINT ( 'NONE',  ( -40.73025892152160310, 0.5838332679524830260, 267.8653572812270340 ) ) ;
#6393 = DIRECTION ( 'NONE',  ( 1.000000000000000000, 0.0000000000000000000, 0.0000000000000000000 ) ) ;
#6394 = FACE_OUTER_BOUND ( 'NONE', #7152, .T. ) ;
#6395 = CARTESIAN_POINT ( 'NONE',  ( -105.0539410357470018, 12.56645895492219900, 284.1544379066509691 ) ) ;
#6396 = CARTESIAN_POINT ( 'NONE',  ( -23.29173394870469949, 0.0000000000000000000, 158.3936031437150120 ) ) ;
#6397 = CARTESIAN_POINT ( 'NONE',  ( -44.05823621401970769, 2.832344031587439748, 138.8596233756570086 ) ) ;
#6398 = ORIENTED_EDGE ( 'NONE', *, *, #4732, .T. ) ;
#6399 = DIRECTION ( 'NONE',  ( -0.01181041209969390000, -0.9999302546508109790, 0.0000000000000000000 ) ) ;
#6400 = DIRECTION ( 'NONE',  ( -0.8650200284677330709, 0.04171750651340239840, -0.4999999999999865663 ) ) ;
#6401 = VERTEX_POINT ( 'NONE', #2992 ) ;
#6402 = CARTESIAN_POINT ( 'NONE',  ( -51.43532300254279477, 0.0000000000000000000, 141.3686808701320103 ) ) ;
#6403 = CARTESIAN_POINT ( 'NONE',  ( -103.4597254985546755, 4.742224411158448838, 292.5039303001839244 ) ) ;
#6404 = ORIENTED_EDGE ( 'NONE', *, *, #7287, .T. ) ;
#6405 = CARTESIAN_POINT ( 'NONE',  ( -103.1861293549780640, 0.6449211332515842887, 266.6544379066510828 ) ) ;
#6406 = CARTESIAN_POINT ( 'NONE',  ( -50.20393031595749989, 2.910494372810929598, 138.2828694517680219 ) ) ;
#6407 = CARTESIAN_POINT ( 'NONE',  ( -38.48258938972909959, 2.761442568769339800, 290.6209080300060350 ) ) ;
#6408 = CARTESIAN_POINT ( 'NONE',  ( -103.1842722068119969, 4.585506075544210525, 291.6544379066509691 ) ) ;
#6409 = VECTOR ( 'NONE', #2715, 1000.000000000000114 ) ;
#6410 = CARTESIAN_POINT ( 'NONE',  ( -40.50393280505660698, 2.787146529138579965, 292.5384271789329773 ) ) ;
#6411 = ORIENTED_EDGE ( 'NONE', *, *, #2451, .F. ) ;
#6412 = CARTESIAN_POINT ( 'NONE',  ( -104.8709149026259126, 6.724921705869491007, 267.3086129199740526 ) ) ;
#6413 = CARTESIAN_POINT ( 'NONE',  ( -104.1861368084699961, 0.6458992369941720657, 289.7852340802640470 ) ) ;
#6414 = AXIS2_PLACEMENT_3D ( 'NONE', #5936, #532, #6568 ) ;
#6415 = CARTESIAN_POINT ( 'NONE',  ( -44.32892216620140147, 0.0000000000000000000, 143.3968260948350064 ) ) ;
#6416 = DIRECTION ( 'NONE',  ( 0.1931172784024579314, -0.9502390503602085037, -0.2444411257398328985 ) ) ;
#6417 = CARTESIAN_POINT ( 'NONE',  ( -13.07117247105499835, 2.838522725976106997, 311.7099471155062815 ) ) ;
#6418 = PLANE ( 'NONE',  #6485 ) ;
#6419 = ORIENTED_EDGE ( 'NONE', *, *, #3364, .T. ) ;
#6420 = AXIS2_PLACEMENT_3D ( 'NONE', #7044, #1557, #2859 ) ;
#6421 = CARTESIAN_POINT ( 'NONE',  ( -112.8012307103559948, 0.03698115419982819785, 320.3051397321900140 ) ) ;
#6422 = ADVANCED_FACE ( 'NONE', ( #3535 ), #2912, .T. ) ;
#6423 = VERTEX_POINT ( 'NONE', #1178 ) ;
#6424 = CARTESIAN_POINT ( 'NONE',  ( -40.41296987199789470, 0.5835229286587830799, 290.0183653200830349 ) ) ;
#6425 = CARTESIAN_POINT ( 'NONE',  ( -70.79154402521109546, 0.0000000000000000000, 154.0856433058779942 ) ) ;
#6426 = AXIS2_PLACEMENT_3D ( 'NONE', #5762, #3963, #6430 ) ;
#6427 = CARTESIAN_POINT ( 'NONE',  ( -87.89407395230499276, 0.0000000000000000000, 274.1013958489190259 ) ) ;
#6428 = CARTESIAN_POINT ( 'NONE',  ( -105.0862416695961059, 7.419607979736521308, 268.4682217396919555 ) ) ;
#6429 = ORIENTED_EDGE ( 'NONE', *, *, #2931, .F. ) ;
#6430 = DIRECTION ( 'NONE',  ( 1.000000000000000000, -1.371950217666840234E-14, 0.0000000000000000000 ) ) ;
#6431 = EDGE_CURVE ( 'NONE', #1821, #7174, #7684, .T. ) ;
#6432 = CARTESIAN_POINT ( 'NONE',  ( -105.0012955040200069, 13.62303811808740051, 372.3987999999999943 ) ) ;
#6433 = CARTESIAN_POINT ( 'NONE',  ( -103.4931293852895777, 3.630004982750286491, 266.6804556682341172 ) ) ;
#6434 = CARTESIAN_POINT ( 'NONE',  ( -24.85562576975890181, 0.0000000000000000000, 160.1417025578990092 ) ) ;
#6435 = CARTESIAN_POINT ( 'NONE',  ( -34.78470220381060329, 2.714419490662229428, 149.2735455150289852 ) ) ;
#6436 = VERTEX_POINT ( 'NONE', #1137 ) ;
#6437 = CARTESIAN_POINT ( 'NONE',  ( -103.2641349449159947, 0.6449974302423669981, 290.6521026271070127 ) ) ;
#6438 = CARTESIAN_POINT ( 'NONE',  ( -78.22372743571759202, 3.266801841031899745, 149.1705927090359864 ) ) ;
#6439 = EDGE_CURVE ( 'NONE', #183, #6331, #127, .T. ) ;
#6440 = ORIENTED_EDGE ( 'NONE', *, *, #6563, .T. ) ;
#6441 = CARTESIAN_POINT ( 'NONE',  ( -50.65675708522609710, 0.0000000000000000000, 138.5127069148649923 ) ) ;
#6442 = CARTESIAN_POINT ( 'NONE',  ( -42.67821632858260017, 2.814794965793200099, 148.6253130367410051 ) ) ;
#6443 = FACE_OUTER_BOUND ( 'NONE', #5562, .T. ) ;
#6444 = CARTESIAN_POINT ( 'NONE',  ( -50.29864900157920005, 2.911698841741330313, 138.3253983521360055 ) ) ;
#6445 = CARTESIAN_POINT ( 'NONE',  ( -9.206919287035418620, 5.968588478226378946, 312.1512934092484670 ) ) ;
#6446 = CARTESIAN_POINT ( 'NONE',  ( -23.14095616523449550, 2.566354210492109544, 150.0809562167620186 ) ) ;
#6447 = CARTESIAN_POINT ( 'NONE',  ( -103.0873795387530123, 8.526223444348049796, 266.6544379066510260 ) ) ;
#6448 = ORIENTED_EDGE ( 'NONE', *, *, #6476, .F. ) ;
#6449 = CARTESIAN_POINT ( 'NONE',  ( -102.6056730276709885, 6.966045045467693875, 314.4936305098035518 ) ) ;
#6450 = DIRECTION ( 'NONE',  ( -0.8650200284677200813, 0.04171750651340182248, 0.5000000000000091038 ) ) ;
#6451 = CARTESIAN_POINT ( 'NONE',  ( -114.7639975833969999, 2.035466637765290354, 319.7500000000000000 ) ) ;
#6452 = CARTESIAN_POINT ( 'NONE',  ( -106.0928674035610015, 7.351874933421259861, 289.6544379066509691 ) ) ;
#6453 = CARTESIAN_POINT ( 'NONE',  ( -107.2605271331449472, 3.995356370322069584, 314.3500000000003070 ) ) ;
#6454 = AXIS2_PLACEMENT_3D ( 'NONE', #4917, #3672, #799 ) ;
#6455 =( BOUNDED_SURFACE ( )  B_SPLINE_SURFACE ( 3, 2, ( 
 ( #4207, #3576, #1888 ),
 ( #6672, #5964, #1299 ),
 ( #3115, #5495, #4902 ),
 ( #7297, #1924, #1339 ),
 ( #748, #1220, #7724 ),
 ( #1766, #593, #2994 ),
 ( #6821, #3843, #3766 ),
 ( #7444, #4435, #6784 ),
 ( #5607, #6861, #4511 ),
 ( #2595, #786, #4974 ),
 ( #4361, #2631, #6156 ),
 ( #7335, #3190, #1414 ),
 ( #3225, #5091, #5012 ),
 ( #7405, #7368, #6898 ),
 ( #2079, #1526, #2117 ),
 ( #1963, #3921, #6313 ),
 ( #3154, #865, #5531 ),
 ( #1492, #5568, #236 ) ),
 .UNSPECIFIED., .F., .F., .F. ) 
 B_SPLINE_SURFACE_WITH_KNOTS ( ( 4, 2, 2, 2, 2, 2, 2, 2, 4 ),
 ( 3, 3 ),
 ( 0.0000000000000000000, 0.0009764184149430150082, 0.001464627622414519910, 0.001952836829886030016, 0.002929255244829049795, 0.003905673659772060033, 0.004882092074715079812, 0.005858510489658090049, 0.007811347319544120066 ),
 ( 0.0000000000000000000, 1.000000000000000000 ),
 .UNSPECIFIED. ) 
 GEOMETRIC_REPRESENTATION_ITEM ( )  RATIONAL_B_SPLINE_SURFACE ( (
 ( 1.000000000000000000, 0.7024031531465240175, 1.000000000000000000),
 ( 1.000000000000000000, 0.7024029282997100720, 1.000000000000000000),
 ( 1.000000000000000000, 0.7025368989462369429, 1.000000000000000000),
 ( 1.000000000000000000, 0.7029127497653190337, 1.000000000000000000),
 ( 1.000000000000000000, 0.7030671337199659865, 1.000000000000000000),
 ( 1.000000000000000000, 0.7034283243658989715, 1.000000000000000000),
 ( 1.000000000000000000, 0.7036360452702919988, 1.000000000000000000),
 ( 1.000000000000000000, 0.7043107941770460068, 1.000000000000000000),
 ( 1.000000000000000000, 0.7048328628268329954, 1.000000000000000000),
 ( 1.000000000000000000, 0.7059229852232069558, 1.000000000000000000),
 ( 1.000000000000000000, 0.7064940787519409238, 1.000000000000000000),
 ( 1.000000000000000000, 0.7075202592737970253, 1.000000000000000000),
 ( 1.000000000000000000, 0.7079815488658550704, 1.000000000000000000),
 ( 1.000000000000000000, 0.7086834489377320523, 1.000000000000000000),
 ( 1.000000000000000000, 0.7089158538356989947, 1.000000000000000000),
 ( 1.000000000000000000, 0.7091075998841119832, 1.000000000000000000),
 ( 1.000000000000000000, 0.7085495022917559504, 1.000000000000000000),
 ( 1.000000000000000000, 0.7071067811865480168, 1.000000000000000000) ) ) 
 REPRESENTATION_ITEM ( '' )  SURFACE ( )  );
#6456 = CARTESIAN_POINT ( 'NONE',  ( -106.8430056084798707, 12.65274055593679492, 161.8755000000000166 ) ) ;
#6457 = ORIENTED_EDGE ( 'NONE', *, *, #6193, .F. ) ;
#6458 = CARTESIAN_POINT ( 'NONE',  ( -39.74524585581710312, 1.578613261097989939, 290.8848120165050091 ) ) ;
#6459 = CARTESIAN_POINT ( 'NONE',  ( -112.9958873937030006, 0.01731454221643409855, 319.9700167558610246 ) ) ;
#6460 = ORIENTED_EDGE ( 'NONE', *, *, #2929, .F. ) ;
#6461 = CARTESIAN_POINT ( 'NONE',  ( -40.34439129794160550, 0.5834558521987920354, 289.6544379066509691 ) ) ;
#6462 = VECTOR ( 'NONE', #4250, 1000.000000000000000 ) ;
#6463 = CARTESIAN_POINT ( 'NONE',  ( -71.53987874247810907, 0.0000000000000000000, 156.5667664226650118 ) ) ;
#6464 = FACE_OUTER_BOUND ( 'NONE', #1525, .T. ) ;
#6465 = ADVANCED_FACE ( 'NONE', ( #3223 ), #7441, .F. ) ;
#6466 = DIRECTION ( 'NONE',  ( 1.000000000000000000, 1.645485889400823653E-32, -1.485687538674780079E-15 ) ) ;
#6467 = ORIENTED_EDGE ( 'NONE', *, *, #12, .F. ) ;
#6468 = CARTESIAN_POINT ( 'NONE',  ( -4.961418165267128977, 7.739275378388499327, 161.8755000000000166 ) ) ;
#6469 = DIRECTION ( 'NONE',  ( -1.625896048388380022E-15, 7.841243758125039891E-17, -1.000000000000000000 ) ) ;
#6470 = CC_DESIGN_PERSON_AND_ORGANIZATION_ASSIGNMENT ( #7245, #6700, ( #2196 ) ) ;
#6471 = DIRECTION ( 'NONE',  ( -1.000000000000000000, 0.0000000000000000000, 0.0000000000000000000 ) ) ;
#6472 = CARTESIAN_POINT ( 'NONE',  ( -106.0527801283269866, 12.61463018215299847, 283.1544379066509691 ) ) ;
#6473 = ORIENTED_EDGE ( 'NONE', *, *, #3839, .F. ) ;
#6474 = FACE_OUTER_BOUND ( 'NONE', #5425, .T. ) ;
#6475 = CARTESIAN_POINT ( 'NONE',  ( -80.30162885459149891, 3.293224580613129948, 149.0886150958050109 ) ) ;
#6476 = EDGE_CURVE ( 'NONE', #1025, #1491, #3710, .T. ) ;
#6477 = VERTEX_POINT ( 'NONE', #6077 ) ;
#6478 = CARTESIAN_POINT ( 'NONE',  ( -50.84616782799849943, 0.0000000000000000000, 143.2133292513739775 ) ) ;
#6479 = CARTESIAN_POINT ( 'NONE',  ( -40.57964601471029908, 2.788109319194750135, 149.0185125954940020 ) ) ;
#6480 = ADVANCED_FACE ( 'NONE', ( #3188 ), #5493, .T. ) ;
#6481 = CARTESIAN_POINT ( 'NONE',  ( -104.9364063200099366, 0.6466330729413942713, 267.6452191167147134 ) ) ;
#6482 = CARTESIAN_POINT ( 'NONE',  ( -49.99576551912969791, 2.907848170937679999, 138.2038453760449954 ) ) ;
#6483 = CARTESIAN_POINT ( 'NONE',  ( -91.74657113225188709, 3.438761953748360245, 141.8462756880559823 ) ) ;
#6484 = DIRECTION ( 'NONE',  ( 1.000000000000000000, -1.371950217666840234E-14, 0.0000000000000000000 ) ) ;
#6485 = AXIS2_PLACEMENT_3D ( 'NONE', #5830, #1080, #7587 ) ;
#6486 = CARTESIAN_POINT ( 'NONE',  ( -41.34196608152250008, 1.797722342850319954, 265.6544379066509691 ) ) ;
#6487 = ORIENTED_EDGE ( 'NONE', *, *, #1356, .F. ) ;
#6488 = CARTESIAN_POINT ( 'NONE',  ( -104.6486895317248269, 6.238267336100730809, 266.8596184291926647 ) ) ;
#6489 = CARTESIAN_POINT ( 'NONE',  ( -104.0849475510849942, 0.6458002641405180544, 290.0976416750190197 ) ) ;
#6490 = CARTESIAN_POINT ( 'NONE',  ( -112.4696433384800258, 2.291004593439800452, 323.4132681698910119 ) ) ;
#6491 = CARTESIAN_POINT ( 'NONE',  ( -105.4169350090420068, 3.995356370322069139, 318.7500000000000000 ) ) ;
#6492 = CARTESIAN_POINT ( 'NONE',  ( -12.82017793177540810, 3.077269257435123251, 312.2064985317022661 ) ) ;
#6493 = DIRECTION ( 'NONE',  ( 0.8662767110661219183, 0.0000000000000000000, -0.4995644701782369079 ) ) ;
#6494 = EDGE_LOOP ( 'NONE', ( #2375, #3883, #3605, #7170, #1081, #3071, #5734, #6002 ) ) ;
#6495 = CARTESIAN_POINT ( 'NONE',  ( -40.84378514510260061, 0.5839443075490371449, 290.5225692820009726 ) ) ;
#6496 = CARTESIAN_POINT ( 'NONE',  ( -109.4630840978740025, 3.995356370322069139, 157.8340481156700150 ) ) ;
#6497 = ORIENTED_EDGE ( 'NONE', *, *, #6040, .T. ) ;
#6498 = CARTESIAN_POINT ( 'NONE',  ( -114.0434928689719811, 13.00000000000000000, 323.7500000000000000 ) ) ;
#6499 = CARTESIAN_POINT ( 'NONE',  ( -71.71635496078960159, 2.145853270398200263E-19, 157.2277340719579968 ) ) ;
#6500 =( BOUNDED_CURVE ( )  B_SPLINE_CURVE ( 3, ( #1471, #3240, #2014, #800 ),
 .UNSPECIFIED., .F., .F. ) 
 B_SPLINE_CURVE_WITH_KNOTS ( ( 4, 4 ),
 ( 4.827469546341172091, 5.127729865476080562 ),
 .UNSPECIFIED. ) 
 CURVE ( )  GEOMETRIC_REPRESENTATION_ITEM ( )  RATIONAL_B_SPLINE_CURVE ( ( 1.000000000000000000, 0.9925010791718494874, 0.9925010791718494874, 1.000000000000000000 ) ) 
 REPRESENTATION_ITEM ( '' )  );
#6501 = CARTESIAN_POINT ( 'NONE',  ( -105.1835881693384920, 7.898856024518631003, 274.2080835074414153 ) ) ;
#6502 = CARTESIAN_POINT ( 'NONE',  ( -77.89744814321591093, 3.262652783558460001, 149.1705927090359864 ) ) ;
#6503 = EDGE_LOOP ( 'NONE', ( #2668, #2179, #4973, #7394 ) ) ;
#6504 = DIRECTION ( 'NONE',  ( -0.9988390925805179510, 0.04817122723086506714, 0.0000000000000000000 ) ) ;
#6505 = CARTESIAN_POINT ( 'NONE',  ( -106.1673247439569963, 10.03476751308910053, 283.1544379066509691 ) ) ;
#6506 = VECTOR ( 'NONE', #3823, 1000.000000000000000 ) ;
#6507 = CARTESIAN_POINT ( 'NONE',  ( -85.78144237571200392, 0.0000000000000000000, 138.1643568914829814 ) ) ;
#6508 = CARTESIAN_POINT ( 'NONE',  ( -103.6067758923709334, 3.754537889975254394, 266.7036493115309099 ) ) ;
#6509 = CARTESIAN_POINT ( 'NONE',  ( -44.31103658242429333, 2.835559002175540133, 138.6304921279169946 ) ) ;
#6510 = ORIENTED_EDGE ( 'NONE', *, *, #7422, .T. ) ;
#6511 = CARTESIAN_POINT ( 'NONE',  ( -114.6266137099219975, 5.977693310469359922, 283.1328280308960075 ) ) ;
#6512 = DIRECTION ( 'NONE',  ( 0.07879696650637034450, 0.9968906851151706494, 0.0000000000000000000 ) ) ;
#6513 = DIRECTION ( 'NONE',  ( -0.9988390925805179510, 0.04817122723086530306, 0.0000000000000000000 ) ) ;
#6514 = VERTEX_POINT ( 'NONE', #3764 ) ;
#6515 = CARTESIAN_POINT ( 'NONE',  ( -50.56948224387250690, 0.0000000000000000000, 144.1605690527249806 ) ) ;
#6516 = CARTESIAN_POINT ( 'NONE',  ( -39.18618928482359820, 2.770389186748360100, 149.1316395119509934 ) ) ;
#6517 = EDGE_CURVE ( 'NONE', #3338, #5750, #2329, .T. ) ;
#6518 = CARTESIAN_POINT ( 'NONE',  ( -8.646044848997910037, 3.995356370322069139, 163.8962259421609815 ) ) ;
#6519 = EDGE_CURVE ( 'NONE', #7098, #5792, #6521, .T. ) ;
#6520 = CARTESIAN_POINT ( 'NONE',  ( -51.60754240134320270, 2.928343091214230309, 140.1129744421530177 ) ) ;
#6522 = CARTESIAN_POINT ( 'NONE',  ( -91.85979056310169710, 3.440201780676479970, 141.4735185474829962 ) ) ;
#6521 = B_SPLINE_CURVE_WITH_KNOTS ( 'NONE', 3,
 ( #233, #3840, #1922, #6116, #6154, #862, #4972, #7295, #4322, #6230, #4393, #7402, #709, #2557, #6782, #3258, #2035, #822, #6708, #1296, #4936, #5009, #5566, #5604, #3802, #1449, #199, #2628, #784 ),
 .UNSPECIFIED., .F., .F.,
 ( 4, 2, 2, 2, 1, 1, 1, 2, 2, 2, 2, 1, 1, 1, 1, 2, 2, 4 ),
 ( 0.4938585323676820127, 0.6203938992761754978, 0.6836615827304276527, 0.7152954244575501219, 0.7311123453211095802, 0.7390208057528893093, 0.7429750359687756767, 0.7449521510767187493, 0.7469292661846618220, 0.8101969496388267133, 0.8418307913659112129, 0.8576477122294554611, 0.8655561726612295281, 0.8695104028771127869, 0.8714875179850543052, 0.8724760755390212896, 0.8734646330929882740, 1.000000000000000000 ),
 .UNSPECIFIED. ) ;
#6523 = CARTESIAN_POINT ( 'NONE',  ( -103.4624341619130092, 3.592040898500659551, 291.6379062768110089 ) ) ;
#6524 = CARTESIAN_POINT ( 'NONE',  ( 69.16243539183160749, 3.995356370322069139, 200.6839180354719758 ) ) ;
#6525 = CARTESIAN_POINT ( 'NONE',  ( -105.1851464518889969, 1.650855100457929936, 268.6544379066510260 ) ) ;
#6526 = VERTEX_POINT ( 'NONE', #5639 ) ;
#6527 = DIRECTION ( 'NONE',  ( 0.9999995216640081841, -0.0009780959844864832269, 0.0000000000000000000 ) ) ;
#6528 = EDGE_CURVE ( 'NONE', #1509, #2105, #3692, .T. ) ;
#6529 = FACE_OUTER_BOUND ( 'NONE', #34, .T. ) ;
#6530 = CARTESIAN_POINT ( 'NONE',  ( -7.344533915293784077, 3.995356370322069139, 318.7500000000000000 ) ) ;
#6531 = DIRECTION ( 'NONE',  ( 0.0000000000000000000, 1.000000000000000000, 0.0000000000000000000 ) ) ;
#6532 = CARTESIAN_POINT ( 'NONE',  ( -44.91639044889569732, 13.00321644496600015, 142.8199153411109990 ) ) ;
#6533 = DIRECTION ( 'NONE',  ( -1.000000000000000000, 0.0000000000000000000, 0.0000000000000000000 ) ) ;
#6534 = VERTEX_POINT ( 'NONE', #2593 ) ;
#6535 = FACE_OUTER_BOUND ( 'NONE', #196, .T. ) ;
#6536 = CARTESIAN_POINT ( 'NONE',  ( -104.9901805315737278, 6.703828831377331987, 290.3348458195277999 ) ) ;
#6537 = VECTOR ( 'NONE', #3751, 1000.000000000000000 ) ;
#6538 = ORIENTED_EDGE ( 'NONE', *, *, #6340, .T. ) ;
#6539 = CARTESIAN_POINT ( 'NONE',  ( -2.939419985849427430, 3.995356370322069139, 318.7500000000000000 ) ) ;
#6540 = CARTESIAN_POINT ( 'NONE',  ( -39.44422943992410069, 1.768482301394739942, 290.2987513205490018 ) ) ;
#6541 = CARTESIAN_POINT ( 'NONE',  ( -5.334661859500710257, 0.0000000000000000000, 165.9169518843249875 ) ) ;
#6542 = CIRCLE ( 'NONE', #6165, 5.000000000000004441 ) ;
#6543 = CARTESIAN_POINT ( 'NONE',  ( -104.8412170034039974, 6.089338072105119792, 267.6224202579790585 ) ) ;
#6544 = ORIENTED_EDGE ( 'NONE', *, *, #4648, .F. ) ;
#6545 = DIRECTION ( 'NONE',  ( -1.000000000000000000, 0.0000000000000000000, 0.0000000000000000000 ) ) ;
#6546 = CARTESIAN_POINT ( 'NONE',  ( -84.51979881277020468, 0.0000000000000000000, 138.9535699563460014 ) ) ;
#6547 =( BOUNDED_SURFACE ( )  B_SPLINE_SURFACE ( 2, 2, ( 
 ( #2983, #1757, #5362 ),
 ( #3566, #1795, #621 ),
 ( #3022, #1209, #1915 ),
 ( #7749, #2430, #4855 ),
 ( #4314, #2385, #119 ) ),
 .UNSPECIFIED., .F., .F., .T. ) 
 B_SPLINE_SURFACE_WITH_KNOTS ( ( 3, 2, 3 ),
 ( 3, 3 ),
 ( -1.570796332926059913, -0.7853981664630279580, 0.0000000000000000000 ),
 ( 0.01271559045031579911, 0.03291340914381549881 ),
 .UNSPECIFIED. ) 
 GEOMETRIC_REPRESENTATION_ITEM ( )  RATIONAL_B_SPLINE_SURFACE ( (
 ( 1.000000000000000000, 0.9999490064483990137, 1.000000000000000000),
 ( 0.9238795319248099824, 0.9238324200262260089, 0.9238795319248099824),
 ( 1.000000000000000000, 0.9999490064483990137, 1.000000000000000000),
 ( 0.9238795319246499993, 0.9238324200260660257, 0.9238795319246499993),
 ( 1.000000000000000000, 0.9999490064483990137, 1.000000000000000000) ) ) 
 REPRESENTATION_ITEM ( '' )  SURFACE ( )  );
#6548 = CARTESIAN_POINT ( 'NONE',  ( -105.0678585921874486, 7.140845063003018467, 268.3066005433663008 ) ) ;
#6549 = CARTESIAN_POINT ( 'NONE',  ( -39.34971099005131379, 0.5824829589184238321, 268.6544379066511965 ) ) ;
#6550 = EDGE_LOOP ( 'NONE', ( #7164, #3328, #2780, #3571 ) ) ;
#6551 = CARTESIAN_POINT ( 'NONE',  ( -2.000000000000000000, 0.0000000000000000000, 323.7500000000000000 ) ) ;
#6552 = DIRECTION ( 'NONE',  ( -0.04817122723086530306, -0.9988390925805179510, 0.0000000000000000000 ) ) ;
#6553 = CARTESIAN_POINT ( 'NONE',  ( -98.12425617760010255, 3.519862453211660025, 149.1705927090359864 ) ) ;
#6554 = ORIENTED_EDGE ( 'NONE', *, *, #58, .F. ) ;
#6555 = CARTESIAN_POINT ( 'NONE',  ( -112.8966035137323018, -4.212576113532027102E-15, 159.7029726206395708 ) ) ;
#6556 = CARTESIAN_POINT ( 'NONE',  ( -50.41463947485950570, 0.0000000000000000000, 145.9500068689339969 ) ) ;
#6557 = CARTESIAN_POINT ( 'NONE',  ( -40.49955943234040490, 2.787090888943889677, 149.0272963660509902 ) ) ;
#6558 = CARTESIAN_POINT ( 'NONE',  ( -104.1861368160879948, 0.6458992370015971263, 268.5228816370139953 ) ) ;
#6559 = CARTESIAN_POINT ( 'NONE',  ( -51.61274717394729805, 2.928409276538170403, 140.2573552984100047 ) ) ;
#6560 = CARTESIAN_POINT ( 'NONE',  ( -91.40988357927119523, 3.434481021540539913, 138.7028309666049779 ) ) ;
#6561 = CARTESIAN_POINT ( 'NONE',  ( -9.110998630566902179, 4.236915029627161822, 313.7134660940673143 ) ) ;
#6562 = CARTESIAN_POINT ( 'NONE',  ( -23.32383449681940135, 2.568679664380469685, 157.6127701267379848 ) ) ;
#6563 = EDGE_CURVE ( 'NONE', #1025, #4881, #5013, .T. ) ;
#6564 = CARTESIAN_POINT ( 'NONE',  ( -104.8735753543010532, 13.00769105333518638, 267.4828650313972958 ) ) ;
#6565 = ORIENTED_EDGE ( 'NONE', *, *, #2217, .T. ) ;
#6566 = CARTESIAN_POINT ( 'NONE',  ( -39.34213890066340014, 1.766904805648899845, 268.6544379066510260 ) ) ;
#6567 = DIRECTION ( 'NONE',  ( 0.04817122723086530306, 0.9988390925805179510, 0.0000000000000000000 ) ) ;
#6568 = DIRECTION ( 'NONE',  ( -0.9994583992760652791, 0.03290756928922665414, 6.061728859866813378E-09 ) ) ;
#6569 = DIRECTION ( 'NONE',  ( 0.9988390925805179510, -0.04817122723086530306, -4.966075749511360231E-15 ) ) ;
#6570 = VERTEX_POINT ( 'NONE', #3152 ) ;
#6571 = CARTESIAN_POINT ( 'NONE',  ( -105.0850711684643670, 7.261496644221839603, 289.8557627008265172 ) ) ;
#6572 = ORIENTED_EDGE ( 'NONE', *, *, #4372, .T. ) ;
#6573 = DIRECTION ( 'NONE',  ( -0.9988390925805179510, 0.04817122723086545572, 0.0000000000000000000 ) ) ;
#6574 = CARTESIAN_POINT ( 'NONE',  ( -71.42397948513830386, 0.0000000000000000000, 159.3947770926989733 ) ) ;
#6575 = EDGE_CURVE ( 'NONE', #5792, #7232, #1961, .T. ) ;
#6576 = CARTESIAN_POINT ( 'NONE',  ( -114.7061594365617907, 4.173682292422328466, 280.4646043780056743 ) ) ;
#6577 = LINE ( 'NONE', #1167, #6256 ) ;
#6578 = CARTESIAN_POINT ( 'NONE',  ( -64.32346193815580193, 3.090042221245710152, 151.0332977631059919 ) ) ;
#6579 = CARTESIAN_POINT ( 'NONE',  ( -103.5511040127729387, 4.818627239762272474, 265.8389687557468051 ) ) ;
#6580 = ORIENTED_EDGE ( 'NONE', *, *, #2556, .F. ) ;
#6581 = CARTESIAN_POINT ( 'NONE',  ( -83.70153886402130183, 3.336459335117340164, 148.3435379802519947 ) ) ;
#6582 = AXIS2_PLACEMENT_3D ( 'NONE', #1087, #30, #2900 ) ;
#6583 = CARTESIAN_POINT ( 'NONE',  ( -84.94000200581419335, 0.0000000000000000000, 143.9915942599789958 ) ) ;
#6584 = CARTESIAN_POINT ( 'NONE',  ( -104.5929285813001712, 5.382112162149475409, 267.2808153360199981 ) ) ;
#6585 = CARTESIAN_POINT ( 'NONE',  ( -40.67822001985659597, 1.581887345055507099, 266.7607325518184780 ) ) ;
#6586 = ORIENTED_EDGE ( 'NONE', *, *, #4419, .F. ) ;
#6587 = CARTESIAN_POINT ( 'NONE',  ( -114.4513957346029969, 8.712473540011089312, 284.1544379044239577 ) ) ;
#6588 = DIRECTION ( 'NONE',  ( 0.0000000000000000000, 0.0000000000000000000, -1.000000000000000000 ) ) ;
#6589 = AXIS2_PLACEMENT_3D ( 'NONE', #6192, #3729, #6670 ) ;
#6590 = CARTESIAN_POINT ( 'NONE',  ( -93.28184603908300687, 3.458285974318179967, 148.7320021979640217 ) ) ;
#6591 = VERTEX_POINT ( 'NONE', #1997 ) ;
#6592 = CARTESIAN_POINT ( 'NONE',  ( -103.1851512589930167, 1.644920654915600133, 266.6544379066510260 ) ) ;
#6593 = CARTESIAN_POINT ( 'NONE',  ( -100.7674430338960292, 3.553473946284790408, 310.2398422866721717 ) ) ;
#6594 = CARTESIAN_POINT ( 'NONE',  ( -62.09703525481239694, 3.061730375410720129, 149.7634821389389970 ) ) ;
#6595 = CARTESIAN_POINT ( 'NONE',  ( -104.7068799324568289, 6.354413907898726954, 291.3464245684410230 ) ) ;
#6596 = DIRECTION ( 'NONE',  ( 0.0000000000000000000, 0.0000000000000000000, -1.000000000000000000 ) ) ;
#6597 = CARTESIAN_POINT ( 'NONE',  ( -50.84240059167650116, 2.918613399936739849, 147.0830738621019691 ) ) ;
#6598 = CARTESIAN_POINT ( 'NONE',  ( -91.04842205802759736, 3.429884799183410049, 138.4577709058409880 ) ) ;
#6599 = CARTESIAN_POINT ( 'NONE',  ( -102.8588030847970032, 4.298190517296319513, 292.6568544221410093 ) ) ;
#6600 = CARTESIAN_POINT ( 'NONE',  ( -26.01504787706170063, 2.602901872263529981, 160.4315630308139760 ) ) ;
#6601 = CARTESIAN_POINT ( 'NONE',  ( -41.34342688581310199, 1.584433483700089962, 266.6544379066510260 ) ) ;
#6602 = CIRCLE ( 'NONE', #7225, 252.5659389375220485 ) ;
#6603 = ORIENTED_EDGE ( 'NONE', *, *, #2213, .F. ) ;
#6604 = CARTESIAN_POINT ( 'NONE',  ( -41.09865044207440121, 13.00321644496600015, 149.1705927090359864 ) ) ;
#6605 = CARTESIAN_POINT ( 'NONE',  ( -103.7116971065440083, 1.646486349154649975, 291.6013677687219570 ) ) ;
#6606 = FACE_OUTER_BOUND ( 'NONE', #7363, .T. ) ;
#6607 = VECTOR ( 'NONE', #2775, 1000.000000000000227 ) ;
#6608 = CARTESIAN_POINT ( 'NONE',  ( -40.67822367193600996, 1.581887358900575302, 291.5481444634965555 ) ) ;
#6609 = ORIENTED_EDGE ( 'NONE', *, *, #3831, .F. ) ;
#6610 = CARTESIAN_POINT ( 'NONE',  ( -105.0460799560394491, 7.003287529803226441, 290.1235614287526232 ) ) ;
#6611 = ORIENTED_EDGE ( 'NONE', *, *, #3502, .F. ) ;
#6612 = CARTESIAN_POINT ( 'NONE',  ( -39.38474601842758460, 1.767619155067465586, 268.1658477357261177 ) ) ;
#6613 = EDGE_CURVE ( 'NONE', #4158, #3220, #5709, .T. ) ;
#6614 = LINE ( 'NONE', #3060, #1396 ) ;
#6615 = DIRECTION ( 'NONE',  ( 1.000000000000000000, 0.0000000000000000000, -5.551115123125777969E-15 ) ) ;
#6616 = EDGE_CURVE ( 'NONE', #1864, #6710, #4459, .T. ) ;
#6617 = CARTESIAN_POINT ( 'NONE',  ( -109.0404516121569998, 12.75871725584459959, 318.7500000000000000 ) ) ;
#6618 = CARTESIAN_POINT ( 'NONE',  ( -63.73637065860149420, 3.082576766945190005, 158.2572800743880066 ) ) ;
#6619 = CARTESIAN_POINT ( 'NONE',  ( -9.011840717084510288, 6.911487112660049448, 312.2428298852090052 ) ) ;
#6620 = DIRECTION ( 'NONE',  ( 1.000000000000000000, 0.0000000000000000000, 0.0000000000000000000 ) ) ;
#6621 = ADVANCED_FACE ( 'NONE', ( #5088 ), #6716, .T. ) ;
#6622 = VERTEX_POINT ( 'NONE', #6858 ) ;
#6623 = DIRECTION ( 'NONE',  ( 1.000000000000000000, 0.0000000000000000000, 0.0000000000000000000 ) ) ;
#6624 = CARTESIAN_POINT ( 'NONE',  ( -85.09515195156700429, 0.0000000000000000000, 145.9935098465369947 ) ) ;
#6625 = B_SPLINE_CURVE_WITH_KNOTS ( 'NONE', 3,
 ( #5142, #6366, #5776, #2250, #450, #4091, #2881, #1184, #4712, #6482, #1106, #6406, #6444, #1031, #3432, #7689, #5341, #7729, #1771, #5928, #1068, #520, #5224, #3505, #7139, #2324, #4169, #3579, #4638, #5887, #7651, #2364, #10, #6520, #6559, #2845, #6990, #2918, #4053, #598, #5300, #7103, #5820, #1619, #5968, #7065, #4015, #7613, #4677, #7027, #1735, #1657, #3470, #5853, #488, #5261, #4131, #2286, #1144, #1695, #5379, #3541, #557, #4752, #2959, #2999, #2402, #1226, #4213, #6597, #52, #6009, #3621, #5419, #639, #7179, #4790, #1808, #3040, #665, #3684, #5443, #7285, #3067, #4814 ),
 .UNSPECIFIED., .F., .F.,
 ( 4, 3, 3, 3, 3, 3, 3, 3, 3, 3, 3, 3, 3, 3, 3, 3, 3, 3, 3, 3, 3, 3, 3, 3, 3, 3, 3, 3, 4 ),
 ( 0.0000000000000000000, 0.05968054048570839432, 0.1207130636110209931, 0.1842357417646970086, 0.2331143455209979953, 0.2882750032497319870, 0.3487188855883079919, 0.4068755235822630323, 0.4889527989522709506, 0.5464609196212800724, 0.6153295057922140154, 0.6830242130726770222, 0.7690387686874969875, 0.8444252292723120057, 0.8858680579901528906, 1.048165677340730184, 1.206586033599809982, 1.365006389858899993, 1.465846437223520038, 1.579905752316300038, 1.645864940847250102, 1.786510673633080026, 1.838894746741009945, 1.907003732843900234, 1.994042613264029873, 2.025478623863240291, 2.115983704464119874, 2.218213294786639977, 2.284190991771239965 ),
 .UNSPECIFIED. ) ;
#6626 = EDGE_CURVE ( 'NONE', #5090, #165, #4783, .T. ) ;
#6627 = CARTESIAN_POINT ( 'NONE',  ( -104.6913448363716128, 5.638102133685942263, 267.3993554737066347 ) ) ;
#6628 = DIRECTION ( 'NONE',  ( 0.0000000000000000000, 1.000000000000000000, 0.0000000000000000000 ) ) ;
#6629 = ORIENTED_EDGE ( 'NONE', *, *, #4787, .F. ) ;
#6630 = LINE ( 'NONE', #7644, #5829 ) ;
#6631 = CARTESIAN_POINT ( 'NONE',  ( -70.42562947135138529, 3.167639076549820132, 160.0751078442529831 ) ) ;
#6632 = CARTESIAN_POINT ( 'NONE',  ( -94.74561991679900075, 3.476898782668989885, 148.9902887952460162 ) ) ;
#6633 = ORIENTED_EDGE ( 'NONE', *, *, #5181, .F. ) ;
#6634 = LINE ( 'NONE', #2360, #3462 ) ;
#6635 = VECTOR ( 'NONE', #2366, 1000.000000000000000 ) ;
#6636 = CARTESIAN_POINT ( 'NONE',  ( -102.4881388196860001, 6.359823865801109477, 314.2431648050750255 ) ) ;
#6637 = CARTESIAN_POINT ( 'NONE',  ( -105.1492175397419544, 4.925694627105252188, 280.8793380814219063 ) ) ;
#6638 = CARTESIAN_POINT ( 'NONE',  ( -106.1011031069868693, 6.527864667707079072, 282.5700598819996685 ) ) ;
#6639 = CARTESIAN_POINT ( 'NONE',  ( -114.0434728016382877, 12.99999903220836650, 322.0932274136831097 ) ) ;
#6640 = CARTESIAN_POINT ( 'NONE',  ( -89.32008951720190737, 3.407906948707749795, 137.9140827528100033 ) ) ;
#6641 = CARTESIAN_POINT ( 'NONE',  ( -104.6495917881640025, 5.517480701262659437, 290.9675449730310106 ) ) ;
#6642 = CARTESIAN_POINT ( 'NONE',  ( -23.58740756426410101, 2.572031368874899915, 159.2618627829550064 ) ) ;
#6643 = CARTESIAN_POINT ( 'NONE',  ( -8.994473609820580862, 7.308181882542211127, 312.2490000000000236 ) ) ;
#6644 = CARTESIAN_POINT ( 'NONE',  ( -106.0807419664379978, 7.603298061317130596, 275.2832326482199505 ) ) ;
#6645 = CARTESIAN_POINT ( 'NONE',  ( -91.83531032210500200, 0.0000000000000000000, 147.9370075371689950 ) ) ;
#6646 = CARTESIAN_POINT ( 'NONE',  ( -103.1711405694369859, 3.326695977282410066, 266.6544379066510260 ) ) ;
#6647 = CARTESIAN_POINT ( 'NONE',  ( -28.99040617357510286, 2.640739132181610049, 160.3627972074319814 ) ) ;
#6648 = VERTEX_POINT ( 'NONE', #4163 ) ;
#6649 = CARTESIAN_POINT ( 'NONE',  ( -38.63370047572060173, 2.763364139016259990, 267.3235841168900038 ) ) ;
#6650 = B_SPLINE_CURVE_WITH_KNOTS ( 'NONE', 3,
 ( #2978, #6655, #5480, #659 ),
 .UNSPECIFIED., .F., .F.,
 ( 4, 4 ),
 ( 0.0000000000000000000, 1.000000000000000000 ),
 .UNSPECIFIED. ) ;
#6651 = ORIENTED_EDGE ( 'NONE', *, *, #3742, .F. ) ;
#6652 = DIRECTION ( 'NONE',  ( 0.04817122723086530306, 0.9988390925805179510, 0.0000000000000000000 ) ) ;
#6653 = CARTESIAN_POINT ( 'NONE',  ( -19.90909398440450317, 2.525256678133859900, 149.2762473706549997 ) ) ;
#6654 = CARTESIAN_POINT ( 'NONE',  ( -24.46981263835220233, 0.0000000000000000000, 153.2033116922739850 ) ) ;
#6655 = CARTESIAN_POINT ( 'NONE',  ( -106.2135420831850325, 8.280744944804355967, 283.1544379066508554 ) ) ;
#6656 = CARTESIAN_POINT ( 'NONE',  ( -64.71366913901979956, 3.095003569602280180, 154.3990874187740019 ) ) ;
#6657 = CARTESIAN_POINT ( 'NONE',  ( -103.0214788901179190, 4.402558131196791180, 265.6718632456208411 ) ) ;
#6658 = CARTESIAN_POINT ( 'NONE',  ( -102.6992869183710013, 9.492436818151228195, 314.7490000000000236 ) ) ;
#6659 = VECTOR ( 'NONE', #6121, 1000.000000000000114 ) ;
#6660 = EDGE_CURVE ( 'NONE', #7276, #4122, #1827, .T. ) ;
#6661 = ORIENTED_EDGE ( 'NONE', *, *, #5280, .F. ) ;
#6662 = CARTESIAN_POINT ( 'NONE',  ( -84.32731183133709862, 3.344416508522229936, 147.7472399337559921 ) ) ;
#6663 = CARTESIAN_POINT ( 'NONE',  ( -84.18229101260889990, 0.0000000000000000000, 141.1302052660619779 ) ) ;
#6664 = CARTESIAN_POINT ( 'NONE',  ( -104.9879132301268641, 6.692858883092464239, 267.9670426098139728 ) ) ;
#6665 = AXIS2_PLACEMENT_3D ( 'NONE', #4439, #3194, #6866 ) ;
#6666 = CARTESIAN_POINT ( 'NONE',  ( -40.52095156226471317, 1.581257297734485867, 266.8240304116507673 ) ) ;
#6667 = ORIENTED_EDGE ( 'NONE', *, *, #5704, .T. ) ;
#6668 = CARTESIAN_POINT ( 'NONE',  ( -114.6613949112587107, 5.262491623346393865, 275.8498844554471816 ) ) ;
#6669 = CARTESIAN_POINT ( 'NONE',  ( -70.64348017739010288, 3.170409326212479950, 152.4188349083449907 ) ) ;
#6670 = DIRECTION ( 'NONE',  ( -0.9988390925805179510, 0.04817122723086506714, 0.0000000000000000000 ) ) ;
#6671 = ORIENTED_EDGE ( 'NONE', *, *, #6862, .T. ) ;
#6672 = CARTESIAN_POINT ( 'NONE',  ( -113.6644701333909921, 4.972422735672010319, 278.8903264747630146 ) ) ;
#6673 = VECTOR ( 'NONE', #1010, 1000.000000000000000 ) ;
#6674 = CARTESIAN_POINT ( 'NONE',  ( -50.35068345882919516, 2.151080063857249406E-19, 138.3437406353839947 ) ) ;
#6675 = CARTESIAN_POINT ( 'NONE',  ( -8.965620329501359009, 7.932386895312930619, 161.8745000000000118 ) ) ;
#6676 = CARTESIAN_POINT ( 'NONE',  ( -104.8174628429568287, 6.593059030834957923, 291.1278700285325840 ) ) ;
#6677 = CARTESIAN_POINT ( 'NONE',  ( -2.245338707152710001, 3.122660881191667404, 323.3570673965585343 ) ) ;
#6678 = CARTESIAN_POINT ( 'NONE',  ( -113.1201004202460041, 2.843038940798410241, 322.9794520985870463 ) ) ;
#6679 = EDGE_CURVE ( 'NONE', #7107, #3260, #6634, .T. ) ;
#6680 = CARTESIAN_POINT ( 'NONE',  ( -91.75449745193499496, 3.438862844434350308, 147.8545785038299982 ) ) ;
#6681 = CARTESIAN_POINT ( 'NONE',  ( -105.0607105384490012, 7.091516596047560128, 290.0524077482530174 ) ) ;
#6682 = CARTESIAN_POINT ( 'NONE',  ( -4.000000000000000000, 4.000000000000000000, 323.7500000000000000 ) ) ;
#6683 = CARTESIAN_POINT ( 'NONE',  ( -104.0236387405199849, 13.40891096850881148, 266.6544379066512533 ) ) ;
#6684 = LINE ( 'NONE', #6055, #5459 ) ;
#6685 = CARTESIAN_POINT ( 'NONE',  ( -103.4482604240620134, 1.645703452732679928, 291.6544379066509691 ) ) ;
#6686 = CARTESIAN_POINT ( 'NONE',  ( -66.85473093634611530, 0.0000000000000000000, 160.4802146902100048 ) ) ;
#6687 = CARTESIAN_POINT ( 'NONE',  ( -87.08153897073030691, 3.379440215554370130, 137.8609707278629912 ) ) ;
#6688 = ORIENTED_EDGE ( 'NONE', *, *, #5022, .T. ) ;
#6689 = CARTESIAN_POINT ( 'NONE',  ( -20.87184240769019894, -0.001000001298026020023, 149.1705927090359864 ) ) ;
#6690 = ORIENTED_EDGE ( 'NONE', *, *, #301, .F. ) ;
#6691 = CARTESIAN_POINT ( 'NONE',  ( -105.1715297587342803, 1.650871186984189887, 289.9645963349070712 ) ) ;
#6692 = LINE ( 'NONE', #4730, #5780 ) ;
#6693 = CARTESIAN_POINT ( 'NONE',  ( -22.83865379429740017, 0.0000000000000000000, 149.8608897569170040 ) ) ;
#6694 = PLANE ( 'NONE',  #5856 ) ;
#6695 = CARTESIAN_POINT ( 'NONE',  ( -64.20179160390880213, 3.088495037651609820, 159.4397384406319986 ) ) ;
#6696 = CARTESIAN_POINT ( 'NONE',  ( -54.81634599403290053, 13.00321644496600015, 138.7135205944919960 ) ) ;
#6697 = CARTESIAN_POINT ( 'NONE',  ( -104.2912796433760292, 3.598284024508488610, 314.7490000000003079 ) ) ;
#6698 = PRODUCT_DEFINITION_SHAPE ( 'NONE', 'NONE',  #5170 ) ;
#6699 = CARTESIAN_POINT ( 'NONE',  ( -41.08560277283900319, 1.584181306849050008, 291.6544379066509691 ) ) ;
#6700 = PERSON_AND_ORGANIZATION_ROLE ( 'classification_officer' ) ;
#6701 = CARTESIAN_POINT ( 'NONE',  ( -84.37178895669508449, 0.0000000000000000000, 141.9255693347419935 ) ) ;
#6702 = CARTESIAN_POINT ( 'NONE',  ( -104.9256922043333162, 6.415856922712221078, 267.8019184476045780 ) ) ;
#6703 = CARTESIAN_POINT ( 'NONE',  ( -105.1557369180469976, 4.562120578681254202, 279.1747502271613826 ) ) ;
#6704 = ORIENTED_EDGE ( 'NONE', *, *, #487, .T. ) ;
#6705 = EDGE_CURVE ( 'NONE', #5158, #6889, #1847, .T. ) ;
#6706 = CARTESIAN_POINT ( 'NONE',  ( -31.61682830402809330, 0.0000000000000000000, 150.0037563662850175 ) ) ;
#6707 = CARTESIAN_POINT ( 'NONE',  ( -71.82983005021509371, 3.185495278398500218, 158.2800508133379935 ) ) ;
#6708 = CARTESIAN_POINT ( 'NONE',  ( -101.4179980366007783, 3.693992312928557897, 310.3205088663426636 ) ) ;
#6709 = AXIS2_PLACEMENT_3D ( 'NONE', #5847, #1500, #1135 ) ;
#6710 = VERTEX_POINT ( 'NONE', #6592 ) ;
#6711 = FACE_OUTER_BOUND ( 'NONE', #6364, .T. ) ;
#6712 = CARTESIAN_POINT ( 'NONE',  ( -114.0434928689719811, 13.00000000000000000, 274.1544379066509691 ) ) ;
#6713 = CARTESIAN_POINT ( 'NONE',  ( -105.1583171348029708, 4.301254282732362988, 281.7759794894691368 ) ) ;
#6714 = CARTESIAN_POINT ( 'NONE',  ( 4.960310595328019631E-15, -2.392219633753999935E-16, 275.1544379066499459 ) ) ;
#6715 = CARTESIAN_POINT ( 'NONE',  ( -88.94016535008579183, -0.001000001298026020023, 137.8609707278629912 ) ) ;
#6716 = TOROIDAL_SURFACE ( 'NONE', #3337, 6.000000000000000000, 1.000000000000000000 ) ;
#6717 = CARTESIAN_POINT ( 'NONE',  ( -113.6464542770320065, 1.136788039052409882, 322.6411333223032898 ) ) ;
#6718 = EDGE_CURVE ( 'NONE', #3872, #6878, #97, .T. ) ;
#6719 = DIRECTION ( 'NONE',  ( -0.01271524779707654956, -0.9999191579690125398, 0.0000000000000000000 ) ) ;
#6720 = CARTESIAN_POINT ( 'NONE',  ( -104.7858807278360018, 6.516758857478325950, 291.2014700857691309 ) ) ;
#6721 = EDGE_CURVE ( 'NONE', #6436, #3345, #1804, .T. ) ;
#6722 = CARTESIAN_POINT ( 'NONE',  ( -105.1842404587670075, 4.618943178514049563, 268.6544379066510260 ) ) ;
#6723 = CARTESIAN_POINT ( 'NONE',  ( -42.99652753305959862, -0.001000001298026020023, 148.5251873153569875 ) ) ;
#6724 = EDGE_CURVE ( 'NONE', #5795, #1491, #5961, .T. ) ;
#6725 = EDGE_CURVE ( 'NONE', #3345, #1338, #1580, .T. ) ;
#6726 = CARTESIAN_POINT ( 'NONE',  ( -91.18808189740019543, 0.0000000000000000000, 147.0633289455450381 ) ) ;
#6727 = CARTESIAN_POINT ( 'NONE',  ( -47.24592977388441994, 2.872879622081733864, 137.7853797220895729 ) ) ;
#6728 = CARTESIAN_POINT ( 'NONE',  ( -30.06813471603859966, 2.654442042376220279, 160.0328901325459867 ) ) ;
#6729 = VERTEX_POINT ( 'NONE', #5454 ) ;
#6730 = CARTESIAN_POINT ( 'NONE',  ( -38.33913325738009803, 2.759618341024240085, 268.3901139492849666 ) ) ;
#6731 = VERTEX_POINT ( 'NONE', #6003 ) ;
#6732 = CARTESIAN_POINT ( 'NONE',  ( -27.33042805725549940, 0.0000000000000000000, 152.8824597521790167 ) ) ;
#6733 = VECTOR ( 'NONE', #2469, 1000.000000000000000 ) ;
#6734 = CARTESIAN_POINT ( 'NONE',  ( -43.74554687481439430, 0.0000000000000000000, 139.3135792836130236 ) ) ;
#6735 = CARTESIAN_POINT ( 'NONE',  ( -24.38989632127050200, 0.0000000000000000000, 151.9251233723099972 ) ) ;
#6736 = CARTESIAN_POINT ( 'NONE',  ( -64.85653143677468790, 3.096820889947930144, 153.7906877364680156 ) ) ;
#6737 = CARTESIAN_POINT ( 'NONE',  ( -9.027136049143235752, 6.675254411270227450, 314.7243694321928729 ) ) ;
#6738 = CARTESIAN_POINT ( 'NONE',  ( -105.1129002011240061, 7.551033870322110708, 268.6544379066510260 ) ) ;
#6739 = CARTESIAN_POINT ( 'NONE',  ( -84.09417325018709732, 3.341452049116639955, 140.3872213133840035 ) ) ;
#6740 = CARTESIAN_POINT ( 'NONE',  ( -84.09006656890059617, 2.028854774116240069E-21, 140.2530346662929901 ) ) ;
#6741 = CARTESIAN_POINT ( 'NONE',  ( -72.07044437279650140, 0.0000000000000000000, 150.0037563662850175 ) ) ;
#6742 = CARTESIAN_POINT ( 'NONE',  ( -39.61214723978137187, 0.5827396468830446929, 267.6555068365902912 ) ) ;
#6743 = ORIENTED_EDGE ( 'NONE', *, *, #4832, .F. ) ;
#6744 = CARTESIAN_POINT ( 'NONE',  ( -105.0932437651830043, 7.324441712857029607, 283.9934444796770094 ) ) ;
#6745 = CARTESIAN_POINT ( 'NONE',  ( -71.73038192044579375, 3.184230668551899956, 157.2962739413090105 ) ) ;
#6746 = CARTESIAN_POINT ( 'NONE',  ( -106.0807419664349993, 7.603298061307250499, 275.2832326482229632 ) ) ;
#6747 = ORIENTED_EDGE ( 'NONE', *, *, #6528, .T. ) ;
#6748 = CARTESIAN_POINT ( 'NONE',  ( -11.49350620084669927, 7.366865924863399862, 314.7490000000000236 ) ) ;
#6749 = CARTESIAN_POINT ( 'NONE',  ( -28.53446003202910219, 13.00321644496600015, 152.0032210447369891 ) ) ;
#6750 = DIRECTION ( 'NONE',  ( 3.408894374718760498E-15, -1.845763451624369877E-16, 1.000000000000000000 ) ) ;
#6751 = CARTESIAN_POINT ( 'NONE',  ( -106.0837561691014201, 7.467853396718595604, 282.9904185076694603 ) ) ;
#6752 = CARTESIAN_POINT ( 'NONE',  ( -104.1742216850040137, 0.6458875828541549291, 268.4953897124419768 ) ) ;
#6753 = CARTESIAN_POINT ( 'NONE',  ( -114.5078490602320329, 0.2883109635163491613, 321.3398247663571397 ) ) ;
#6754 = CARTESIAN_POINT ( 'NONE',  ( -90.98043626103429915, 3.429019547807380164, 146.5205064681329929 ) ) ;
#6755 = CARTESIAN_POINT ( 'NONE',  ( -104.8533562128720149, 6.677120042283351431, 291.0499821541499159 ) ) ;
#6756 =( BOUNDED_SURFACE ( )  B_SPLINE_SURFACE ( 3, 3, ( 
 ( #3435, #453, #2848, #6447, #7144, #1776 ),
 ( #138, #6683, #644, #15, #4912, #561 ),
 ( #4334, #4174, #6564, #1897, #7183, #1934 ),
 ( #56, #7309, #7224, #4758, #6722, #3046 ) ),
 .UNSPECIFIED., .F., .F., .F. ) 
 B_SPLINE_SURFACE_WITH_KNOTS ( ( 4, 4 ),
 ( 4, 2, 4 ),
 ( 0.0000000000000000000, 1.000000000000000000 ),
 ( 0.0000000000000000000, 0.1016369166048250033, 1.000000000000000000 ),
 .UNSPECIFIED. ) 
 GEOMETRIC_REPRESENTATION_ITEM ( )  RATIONAL_B_SPLINE_SURFACE ( (
 ( 1.000000000000000000, 1.000000000000000000, 1.000000000000000000, 1.000000000000000000, 1.000000000000000000, 1.000000000000000000),
 ( 0.8047378541243619399, 0.8047378541243619399, 0.8047378541243619399, 0.8047378541243619399, 0.8047378541243619399, 0.8047378541243619399),
 ( 0.8047378541243619399, 0.8047378541243619399, 0.8047378541243619399, 0.8047378541243619399, 0.8047378541243619399, 0.8047378541243619399),
 ( 1.000000000000000000, 1.000000000000000000, 1.000000000000000000, 1.000000000000000000, 1.000000000000000000, 1.000000000000000000) ) ) 
 REPRESENTATION_ITEM ( '' )  SURFACE ( )  );
#6757 = ADVANCED_FACE ( 'NONE', ( #6711 ), #7134, .T. ) ;
#6758 = CARTESIAN_POINT ( 'NONE',  ( -106.2135933250150117, 8.270220597968711118, 275.1544379066509691 ) ) ;
#6759 = CARTESIAN_POINT ( 'NONE',  ( -104.8432599396695792, 6.105102910402943728, 290.6762613944913483 ) ) ;
#6760 = CIRCLE ( 'NONE', #4009, 1.000000000000000888 ) ;
#6761 = CARTESIAN_POINT ( 'NONE',  ( -90.98486754911809271, 0.0000000000000000000, 144.3948114343879752 ) ) ;
#6762 = CARTESIAN_POINT ( 'NONE',  ( -64.25048890157189874, 0.0000000000000000000, 155.8577232185070045 ) ) ;
#6763 = ADVANCED_FACE ( 'NONE', ( #4287 ), #711, .F. ) ;
#6764 = CARTESIAN_POINT ( 'NONE',  ( -39.34343311930970088, 1.577143931193280002, 289.6544379066509691 ) ) ;
#6765 = CARTESIAN_POINT ( 'NONE',  ( -105.1583553035890048, 4.298716912468250051, 276.5372425900930011 ) ) ;
#6766 = EDGE_CURVE ( 'NONE', #2108, #581, #4588, .T. ) ;
#6767 = CARTESIAN_POINT ( 'NONE',  ( -38.36964712811469980, 2.760006363820429964, 268.1668744366029955 ) ) ;
#6768 = ORIENTED_EDGE ( 'NONE', *, *, #3662, .T. ) ;
#6769 = CARTESIAN_POINT ( 'NONE',  ( -39.34418722376907596, 3.518175385115938969, 290.8260107819049267 ) ) ;
#6770 = CARTESIAN_POINT ( 'NONE',  ( -45.11103687528939332, 2.153050162922120002E-19, 138.2092255372470220 ) ) ;
#6771 = CARTESIAN_POINT ( 'NONE',  ( -23.95364679858900203, 0.0000000000000000000, 155.3872396700579941 ) ) ;
#6772 = CARTESIAN_POINT ( 'NONE',  ( -64.76905509951080830, 3.095708516716729974, 151.7622455757170030 ) ) ;
#6773 = CARTESIAN_POINT ( 'NONE',  ( -12.96308572143809990, 2.923348646540489870, 311.9238887231709896 ) ) ;
#6774 = CARTESIAN_POINT ( 'NONE',  ( -85.19334713322609787, 3.355429447372819673, 138.4213692668060105 ) ) ;
#6775 = CARTESIAN_POINT ( 'NONE',  ( -40.58076104774840331, 0.5836870446125199674, 290.3013258868500088 ) ) ;
#6776 = DIRECTION ( 'NONE',  ( -0.9999995216640081841, 0.0009780959844864832269, 0.0000000000000000000 ) ) ;
#6777 = CARTESIAN_POINT ( 'NONE',  ( -106.1132037844740097, 5.580161367374659065, 276.5328574114460025 ) ) ;
#6778 = ORIENTED_EDGE ( 'NONE', *, *, #3980, .F. ) ;
#6779 = CARTESIAN_POINT ( 'NONE',  ( -30.31969467973039656, 0.0000000000000000000, 151.7488278623499980 ) ) ;
#6780 = CARTESIAN_POINT ( 'NONE',  ( -70.97018420928809235, 3.174563784789240284, 151.2608443412359804 ) ) ;
#6781 = VECTOR ( 'NONE', #6963, 1000.000000000000114 ) ;
#6782 = CARTESIAN_POINT ( 'NONE',  ( -102.0057482992023239, 3.876990241324063557, 310.6155770806914234 ) ) ;
#6783 = VERTEX_POINT ( 'NONE', #6118 ) ;
#6784 = CARTESIAN_POINT ( 'NONE',  ( -114.6931390281380061, 4.518641441913690215, 276.9382883438290150 ) ) ;
#6785 = DIRECTION ( 'NONE',  ( 0.0000000000000000000, 1.000000000000000000, 0.0000000000000000000 ) ) ;
#6786 = CARTESIAN_POINT ( 'NONE',  ( -106.1057073328980067, 6.221741721986379758, 282.3709683307810110 ) ) ;
#6787 = AXIS2_PLACEMENT_3D ( 'NONE', #5025, #918, #879 ) ;
#6788 = CARTESIAN_POINT ( 'NONE',  ( -41.19718926624918964, 2.795962169504009776, 266.6547879609777283 ) ) ;
#6789 = CARTESIAN_POINT ( 'NONE',  ( -106.0527801283269866, 12.61463018215309972, 274.1544379066509691 ) ) ;
#6790 = CARTESIAN_POINT ( 'NONE',  ( -43.64997263368749714, 2.827152488386969864, 141.0607381730389989 ) ) ;
#6791 = CARTESIAN_POINT ( 'NONE',  ( -109.0404516121569998, 12.75871725584469907, 161.8755000000000166 ) ) ;
#6792 = CARTESIAN_POINT ( 'NONE',  ( -105.0828195323100829, 7.405619691852216135, 289.8654647782732354 ) ) ;
#6793 = AXIS2_PLACEMENT_3D ( 'NONE', #3965, #4976, #398 ) ;
#6794 = CARTESIAN_POINT ( 'NONE',  ( -39.34418722376909727, 3.518175385115939857, 289.6544379066509691 ) ) ;
#6795 = CARTESIAN_POINT ( 'NONE',  ( -41.34298017247200363, 1.655529375318359531, 291.6544379066509123 ) ) ;
#6796 = CARTESIAN_POINT ( 'NONE',  ( -91.96637122040439749, 0.0000000000000000000, 140.9941520914049988 ) ) ;
#6797 = VECTOR ( 'NONE', #5550, 1000.000000000000000 ) ;
#6798 = CARTESIAN_POINT ( 'NONE',  ( -65.78654315021880450, 0.0000000000000000000, 160.2779200221129940 ) ) ;
#6799 = ADVANCED_FACE ( 'NONE', ( #1180 ), #6455, .T. ) ;
#6800 = CARTESIAN_POINT ( 'NONE',  ( -31.35869975863599635, 2.670853193352350274, 158.5040387167769893 ) ) ;
#6801 = ORIENTED_EDGE ( 'NONE', *, *, #385, .F. ) ;
#6802 = CARTESIAN_POINT ( 'NONE',  ( -39.27198691319492951, 6.454664549271046603, 267.4828650313969547 ) ) ;
#6803 = CARTESIAN_POINT ( 'NONE',  ( -41.09491957025840492, 10.15576644122140060, 291.6544379066509691 ) ) ;
#6804 = CARTESIAN_POINT ( 'NONE',  ( -71.64491138509559676, 3.183143801651040050, 150.3608053573319978 ) ) ;
#6805 = CARTESIAN_POINT ( 'NONE',  ( -3.118902406155700024, 3.995356370322069139, 315.2500000000000000 ) ) ;
#6806 = CARTESIAN_POINT ( 'NONE',  ( -23.65256970609920018, 0.0000000000000000000, 150.5539754802460095 ) ) ;
#6807 = CARTESIAN_POINT ( 'NONE',  ( -66.58280834818241090, 3.118772703272019609, 160.4434623248000094 ) ) ;
#6808 = CARTESIAN_POINT ( 'NONE',  ( -106.1145046383684303, 5.434788406491865231, 276.7207799334276501 ) ) ;
#6809 = B_SPLINE_CURVE_WITH_KNOTS ( 'NONE', 3,
 ( #3421, #2241, #2353, #5919, #7019, #5878, #6981, #478, #4081, #2313, #1683, #7564, #1647, #4044, #6435, #4669, #3459, #4157, #547, #512, #2908, #2948, #5330, #7717, #4738 ),
 .UNSPECIFIED., .F., .F.,
 ( 4, 3, 3, 3, 3, 3, 3, 3, 4 ),
 ( 0.0000000000000000000, 0.05165009745762010052, 0.1141274043246799930, 0.1826721404908119850, 0.2320690625643750116, 0.3155849557912320247, 0.4275624655511380268, 0.5280981541984179906, 0.5486197793629310482 ),
 .UNSPECIFIED. ) ;
#6810 = EDGE_LOOP ( 'NONE', ( #466, #5549, #3407, #4772, #6312, #2802 ) ) ;
#6811 = CARTESIAN_POINT ( 'NONE',  ( -85.49075049650458880, 3.359210802221960002, 138.2724611415469838 ) ) ;
#6812 = EDGE_CURVE ( 'NONE', #2395, #2270, #3301, .T. ) ;
#6813 = CARTESIAN_POINT ( 'NONE',  ( -105.1679960305259982, 3.597055365082789891, 279.7071105954719883 ) ) ;
#6814 = CARTESIAN_POINT ( 'NONE',  ( -71.23546544188749863, 0.0000000000000000000, 150.8266434777249856 ) ) ;
#6815 = CARTESIAN_POINT ( 'NONE',  ( -105.1557749579289833, 4.559872938835932921, 278.7207994186040878 ) ) ;
#6816 = ORIENTED_EDGE ( 'NONE', *, *, #6626, .T. ) ;
#6817 = CARTESIAN_POINT ( 'NONE',  ( -104.8943605477342516, 0.9408932350767230668, 268.6544379066512533 ) ) ;
#6818 = DIRECTION ( 'NONE',  ( 9.785066557478440917E-14, -4.814769775946860038E-13, -1.000000000000000000 ) ) ;
#6819 = DIRECTION ( 'NONE',  ( -0.8662767110661168113, 0.0000000000000000000, 0.4995644701782458452 ) ) ;
#6820 = VERTEX_POINT ( 'NONE', #6273 ) ;
#6821 = CARTESIAN_POINT ( 'NONE',  ( -113.6560017730549959, 5.226679241471809512, 277.7446794302729813 ) ) ;
#6822 = PERSON ( 'UNSPECIFIED', 'UNSPECIFIED', 'UNSPECIFIED', ('UNSPECIFIED'), ('UNSPECIFIED'), ('UNSPECIFIED') ) ;
#6823 = CARTESIAN_POINT ( 'NONE',  ( -68.71335731570160021, 0.0000000000000000000, 160.4802146902100048 ) ) ;
#6824 = CARTESIAN_POINT ( 'NONE',  ( -111.9995264212935382, 1.497587529635853398, 322.8705756068235360 ) ) ;
#6825 = CARTESIAN_POINT ( 'NONE',  ( -106.1123276930227775, 5.668145246284312044, 281.8669114383189935 ) ) ;
#6826 = CARTESIAN_POINT ( 'NONE',  ( -104.1665150774619946, 0.6458800450486570366, 268.4533543806709872 ) ) ;
#6827 = CARTESIAN_POINT ( 'NONE',  ( -43.60421783257489636, 2.826570624403919929, 140.7306462651129948 ) ) ;
#6828 = VERTEX_POINT ( 'NONE', #166 ) ;
#6829 = CARTESIAN_POINT ( 'NONE',  ( -91.02583902997649545, 3.429596870007010079, 146.6813969328919995 ) ) ;
#6830 = DIRECTION ( 'NONE',  ( 0.0009780959844829521972, 0.9999995216640081841, 0.0000000000000000000 ) ) ;
#6831 = VECTOR ( 'NONE', #7190, 1000.000000000000000 ) ;
#6832 = DIRECTION ( 'NONE',  ( 0.0000000000000000000, -1.000000000000000000, 0.0000000000000000000 ) ) ;
#6833 = CARTESIAN_POINT ( 'NONE',  ( -41.34249323760795392, 1.726625676380333374, 291.6544379066509123 ) ) ;
#6834 = AXIS2_PLACEMENT_3D ( 'NONE', #5529, #6818, #4900 ) ;
#6835 = CARTESIAN_POINT ( 'NONE',  ( -106.8430056084798707, 12.65274055593669722, 318.7500000000000000 ) ) ;
#6836 = CARTESIAN_POINT ( 'NONE',  ( -63.92434276235280066, 0.0000000000000000000, 150.6338631811849780 ) ) ;
#6837 = CARTESIAN_POINT ( 'NONE',  ( -38.94249054772159724, 2.767290798738169855, 291.4822798353089865 ) ) ;
#6838 = CARTESIAN_POINT ( 'NONE',  ( -31.33171625199719657, 2.670510479045209884, 157.5840735324159994 ) ) ;
#6839 = ORIENTED_EDGE ( 'NONE', *, *, #487, .F. ) ;
#6840 = ORIENTED_EDGE ( 'NONE', *, *, #5846, .T. ) ;
#6841 = CARTESIAN_POINT ( 'NONE',  ( -2.918020297545920627, 0.3561464530107071869, 321.5988283785186468 ) ) ;
#6842 = DIRECTION ( 'NONE',  ( 3.965082230804120359E-15, -1.652117596168379867E-16, 1.000000000000000000 ) ) ;
#6843 = CARTESIAN_POINT ( 'NONE',  ( -43.79115270454109776, 0.0000000000000000000, 141.6093255677659783 ) ) ;
#6844 = CARTESIAN_POINT ( 'NONE',  ( -67.47273780826864709, 3.130089291734936108, 160.5558056959834516 ) ) ;
#6845 = DIRECTION ( 'NONE',  ( 0.0000000000000000000, 1.000000000000000000, -4.996003610813204432E-13 ) ) ;
#6846 = CARTESIAN_POINT ( 'NONE',  ( -10.79179088910150064, 3.596232592856599908, 311.3740038879629992 ) ) ;
#6847 = ORIENTED_EDGE ( 'NONE', *, *, #1634, .T. ) ;
#6848 = CARTESIAN_POINT ( 'NONE',  ( -86.96446733142290952, 3.377951470356640229, 137.8789102203700168 ) ) ;
#6849 = ADVANCED_FACE ( 'NONE', ( #825 ), #6249, .F. ) ;
#6850 = VERTEX_POINT ( 'NONE', #3804 ) ;
#6851 = CYLINDRICAL_SURFACE ( 'NONE', #3790, 7.654378035012191717 ) ;
#6852 = ADVANCED_FACE ( 'NONE', ( #1999 ), #5051, .F. ) ;
#6853 = LINE ( 'NONE', #1368, #1902 ) ;
#6854 = CARTESIAN_POINT ( 'NONE',  ( -106.1197512754660011, 4.606404879082299786, 278.7244881939339507 ) ) ;
#6855 = ORIENTED_EDGE ( 'NONE', *, *, #6616, .T. ) ;
#6856 = CARTESIAN_POINT ( 'NONE',  ( -31.35137265373000304, 0.0000000000000000000, 157.7358940324769776 ) ) ;
#6857 = AXIS2_PLACEMENT_3D ( 'NONE', #506, #7050, #1755 ) ;
#6858 = CARTESIAN_POINT ( 'NONE',  ( -92.57156071898809557, 0.0000000000000000000, 148.5251873153569875 ) ) ;
#6859 = CARTESIAN_POINT ( 'NONE',  ( -2.418669776893918932, 2.418669776893918932, 323.4799954190910398 ) ) ;
#6860 = ORIENTED_EDGE ( 'NONE', *, *, #4184, .T. ) ;
#6861 = CARTESIAN_POINT ( 'NONE',  ( -114.6513929743249491, 5.546109412434070407, 277.1553420101478764 ) ) ;
#6862 = EDGE_CURVE ( 'NONE', #7718, #2108, #832, .T. ) ;
#6863 = CARTESIAN_POINT ( 'NONE',  ( -105.1602141842240883, 7.634705713979788477, 314.6841521896872109 ) ) ;
#6864 = CARTESIAN_POINT ( 'NONE',  ( -111.9661843883760213, 1.562620976008942897, 322.9218083778106347 ) ) ;
#6865 = CARTESIAN_POINT ( 'NONE',  ( -106.1020589220707251, 6.466363371530226445, 282.5318192933979731 ) ) ;
#6866 = DIRECTION ( 'NONE',  ( -0.9988390925805179510, 0.04817122723086506714, 0.0000000000000000000 ) ) ;
#6867 = CARTESIAN_POINT ( 'NONE',  ( -44.68011477598229675, 2.840252011491300355, 145.1126409142009948 ) ) ;
#6868 = ORIENTED_EDGE ( 'NONE', *, *, #4893, .F. ) ;
#6869 = CARTESIAN_POINT ( 'NONE',  ( -7.344533915294354287, 3.995356370322069584, 157.4755000000002951 ) ) ;
#6870 = CARTESIAN_POINT ( 'NONE',  ( -103.3645952869327687, 4.663180544198493926, 265.7691207108006779 ) ) ;
#6871 = LINE ( 'NONE', #6362, #2084 ) ;
#6872 = DIRECTION ( 'NONE',  ( 0.0000000000000000000, 0.0000000000000000000, -1.000000000000000000 ) ) ;
#6873 = CARTESIAN_POINT ( 'NONE',  ( -92.05678762793979786, 0.0000000000000000000, 140.0116862646250127 ) ) ;
#6874 = CARTESIAN_POINT ( 'NONE',  ( -75.23831827259610350, 3.228838829968850188, 149.2735455150269956 ) ) ;
#6875 = CARTESIAN_POINT ( 'NONE',  ( -39.59714001946993278, 2.775615501982349187, 290.6533059919442508 ) ) ;
#6876 = CARTESIAN_POINT ( 'NONE',  ( -30.30144510033260019, 2.657408671111309850, 153.9381192001750094 ) ) ;
#6877 = CARTESIAN_POINT ( 'NONE',  ( 147.2187954993579808, 0.4001155239042940015, 284.1544379066509691 ) ) ;
#6878 = VERTEX_POINT ( 'NONE', #1670 ) ;
#6879 = CARTESIAN_POINT ( 'NONE',  ( -40.17260119804680585, 3.532025486651329427, 266.6544379066509123 ) ) ;
#6880 = AXIS2_PLACEMENT_3D ( 'NONE', #6374, #6842, #4572 ) ;
#6881 = CARTESIAN_POINT ( 'NONE',  ( -72.34475268460390396, 3.192043176636470303, 149.8159981027159802 ) ) ;
#6882 = LINE ( 'NONE', #6805, #524 ) ;
#6883 = B_SPLINE_CURVE_WITH_KNOTS ( 'NONE', 3,
 ( #2378, #6022, #4269, #5944, #7742, #5983, #3059, #5435, #693, #6691, #1788, #2976 ),
 .UNSPECIFIED., .F., .F.,
 ( 4, 2, 2, 2, 2, 4 ),
 ( 0.0000000000000000000, 0.1250000000000076605, 0.2500000000000153211, 0.5000000000000102141, 0.7500000000000051070, 1.000000000000000000 ),
 .UNSPECIFIED. ) ;
#6884 = CARTESIAN_POINT ( 'NONE',  ( -105.2165667369181676, 8.303179770146714489, 312.2490000000000805 ) ) ;
#6885 = CARTESIAN_POINT ( 'NONE',  ( -105.1891951345379965, 9.354065902895719375, 149.1705927090369812 ) ) ;
#6886 = CARTESIAN_POINT ( 'NONE',  ( -106.1144634440803713, 5.439404442826101693, 276.7147749258422778 ) ) ;
#6887 = ORIENTED_EDGE ( 'NONE', *, *, #724, .T. ) ;
#6888 = CARTESIAN_POINT ( 'NONE',  ( -86.02766058339700805, 3.366037638413420297, 138.0817015606079678 ) ) ;
#6889 = VERTEX_POINT ( 'NONE', #536 ) ;
#6890 = CARTESIAN_POINT ( 'NONE',  ( -40.96172361735739997, 0.5840596627503290561, 290.5783204613799739 ) ) ;
#6891 = CARTESIAN_POINT ( 'NONE',  ( -105.0928674035610015, 7.351874933421259861, 289.6544379066509691 ) ) ;
#6892 = CARTESIAN_POINT ( 'NONE',  ( -105.2169884363109986, 8.244108641324707776, 284.1544379019389908 ) ) ;
#6893 = ORIENTED_EDGE ( 'NONE', *, *, #6283, .T. ) ;
#6894 = CARTESIAN_POINT ( 'NONE',  ( -30.25628389095500026, 0.0000000000000000000, 153.6784254531420117 ) ) ;
#6895 = ADVANCED_FACE ( 'NONE', ( #5353 ), #1689, .F. ) ;
#6896 = CARTESIAN_POINT ( 'NONE',  ( -2.202334077313859773, 0.4046681546265509799, 321.5226048166779833 ) ) ;
#6897 = ORIENTED_EDGE ( 'NONE', *, *, #2107, .T. ) ;
#6898 = CARTESIAN_POINT ( 'NONE',  ( -114.5970956448080074, 6.519186969078290872, 274.8168218099629598 ) ) ;
#6899 = CARTESIAN_POINT ( 'NONE',  ( 0.0000000000000000000, 2.000000000000000000, 149.1705927090359864 ) ) ;
#6900 = CARTESIAN_POINT ( 'NONE',  ( -106.0852360537160024, 7.402484425226130149, 282.9745339087579623 ) ) ;
#6901 = CARTESIAN_POINT ( 'NONE',  ( -106.1170759123253333, 5.147303835741647404, 281.2163414255357452 ) ) ;
#6902 = CARTESIAN_POINT ( 'NONE',  ( -103.4228911779180038, 0.6451527091506549239, 267.6829259231649871 ) ) ;
#6903 = CARTESIAN_POINT ( 'NONE',  ( -44.52991254357709749, 2.838342044227140093, 146.6612482211860140 ) ) ;
#6904 = ORIENTED_EDGE ( 'NONE', *, *, #4563, .F. ) ;
#6905 = CARTESIAN_POINT ( 'NONE',  ( -103.8330199343420048, 0.6455538546323180693, 290.4180732331769832 ) ) ;
#6906 = CARTESIAN_POINT ( 'NONE',  ( -113.6420216999500212, 5.595762106370539612, 281.3152126630810699 ) ) ;
#6907 = VECTOR ( 'NONE', #5460, 1000.000000000000114 ) ;
#6908 = PLANE ( 'NONE',  #1078 ) ;
#6909 = CARTESIAN_POINT ( 'NONE',  ( -104.5777756967321181, 5.345743180393063732, 291.0443571542238033 ) ) ;
#6910 = VERTEX_POINT ( 'NONE', #609 ) ;
#6911 = ADVANCED_FACE ( 'NONE', ( #6535 ), #753, .F. ) ;
#6912 = CARTESIAN_POINT ( 'NONE',  ( -2.000000000000000000, 2.000000000000000000, 149.1705927090359864 ) ) ;
#6913 = CARTESIAN_POINT ( 'NONE',  ( -64.56730779512960794, -1.962100330745590267E-21, 151.3640031723220147 ) ) ;
#6914 = CARTESIAN_POINT ( 'NONE',  ( -39.53608120655963631, 2.774839061272694085, 290.5386782698152501 ) ) ;
#6915 = CIRCLE ( 'NONE', #159, 1.000000000000000888 ) ;
#6916 = CARTESIAN_POINT ( 'NONE',  ( -30.25885671640329733, 2.656867044990030013, 153.6933110050190123 ) ) ;
#6917 = CARTESIAN_POINT ( 'NONE',  ( -103.0873795387530123, 8.526223444348049796, 291.6544379066509691 ) ) ;
#6918 = DIRECTION ( 'NONE',  ( 0.0000000000000000000, -1.000000000000000000, 0.0000000000000000000 ) ) ;
#6919 = ORIENTED_EDGE ( 'NONE', *, *, #1499, .T. ) ;
#6920 = CARTESIAN_POINT ( 'NONE',  ( -40.10008046976480500, 6.481545909748375855, 266.6544379066509123 ) ) ;
#6921 = AXIS2_PLACEMENT_3D ( 'NONE', #3117, #751, #3156 ) ;
#6922 = PLANE ( 'NONE',  #7379 ) ;
#6923 = CARTESIAN_POINT ( 'NONE',  ( -44.69827057712259943, 0.0000000000000000000, 145.4289690136539832 ) ) ;
#6924 = CARTESIAN_POINT ( 'NONE',  ( -104.9200440570418493, 6.858409187900879722, 312.0915620034090807 ) ) ;
#6925 = DIRECTION ( 'NONE',  ( 0.04817122723086530306, 0.9988390925805179510, 0.0000000000000000000 ) ) ;
#6926 = CARTESIAN_POINT ( 'NONE',  ( -106.1046791007654662, 6.288678471934776582, 275.8965776693807470 ) ) ;
#6927 = VERTEX_POINT ( 'NONE', #2300 ) ;
#6928 = CARTESIAN_POINT ( 'NONE',  ( -105.2103562079479957, 8.711365713970028679, 312.2490000000000236 ) ) ;
#6929 = ORIENTED_EDGE ( 'NONE', *, *, #1769, .F. ) ;
#6930 = LINE ( 'NONE', #6498, #6673 ) ;
#6931 = CARTESIAN_POINT ( 'NONE',  ( -70.62547994474019220, 0.0000000000000000000, 152.7509276713490181 ) ) ;
#6932 = CARTESIAN_POINT ( 'NONE',  ( -105.1069797286780272, 6.809501648788423012, 274.4718451162711972 ) ) ;
#6933 = CARTESIAN_POINT ( 'NONE',  ( -31.34854095691429876, -1.961376081612940134E-21, 158.5687963826460134 ) ) ;
#6934 = CARTESIAN_POINT ( 'NONE',  ( -2.000000000004060308, 4.336808689942019708E-16, 320.0118023498579873 ) ) ;
#6935 = VERTEX_POINT ( 'NONE', #2973 ) ;
#6936 = CARTESIAN_POINT ( 'NONE',  ( -40.47626475626110221, 0.5835848371605240059, 268.1538195964640181 ) ) ;
#6937 = APPROVAL_STATUS ( 'not_yet_approved' ) ;
#6938 = CARTESIAN_POINT ( 'NONE',  ( -111.3871800913319134, 2.689323092975403284, 323.5291708352000910 ) ) ;
#6939 = EDGE_CURVE ( 'NONE', #7020, #516, #3093, .T. ) ;
#6940 = CARTESIAN_POINT ( 'NONE',  ( -106.1134909525666643, 5.546824666618036304, 281.7279082439987405 ) ) ;
#6941 = CARTESIAN_POINT ( 'NONE',  ( 0.0000000000000000000, 2.000000000000000000, 323.7500000000000000 ) ) ;
#6942 = CARTESIAN_POINT ( 'NONE',  ( -43.87997475681540038, 2.830076984822019970, 147.7709405830769924 ) ) ;
#6943 = ORIENTED_EDGE ( 'NONE', *, *, #191, .T. ) ;
#6944 = CARTESIAN_POINT ( 'NONE',  ( -103.9395808116589990, 0.6456580814483809938, 290.3151727823530450 ) ) ;
#6945 = CARTESIAN_POINT ( 'NONE',  ( -102.8770943023794615, 4.309465783687531193, 265.6544379066509691 ) ) ;
#6946 = DIRECTION ( 'NONE',  ( -0.9988390925805179510, 0.04817122723086519898, 0.0000000000000000000 ) ) ;
#6947 = CARTESIAN_POINT ( 'NONE',  ( -104.5823432495727587, 5.356795770960780523, 291.0393982173027325 ) ) ;
#6948 = EDGE_LOOP ( 'NONE', ( #5453, #82, #1480, #2558 ) ) ;
#6949 = EDGE_CURVE ( 'NONE', #6570, #5761, #5904, .T. ) ;
#6950 = CARTESIAN_POINT ( 'NONE',  ( -91.99263326590140366, 0.0000000000000000000, 140.8658969477670269 ) ) ;
#6951 = EDGE_CURVE ( 'NONE', #310, #692, #2497, .T. ) ;
#6952 = CARTESIAN_POINT ( 'NONE',  ( -62.67570990307650192, 0.0000000000000000000, 149.9055113407499675 ) ) ;
#6953 = LINE ( 'NONE', #4527, #2249 ) ;
#6954 = CARTESIAN_POINT ( 'NONE',  ( -30.51656814051929700, 2.660144445482839792, 151.2608443412370036 ) ) ;
#6955 = CARTESIAN_POINT ( 'NONE',  ( -23.83180954777909832, 2.575139143395909880, 150.7681741597330074 ) ) ;
#6956 = ADVANCED_FACE ( 'NONE', ( #7740 ), #2509, .F. ) ;
#6957 = CARTESIAN_POINT ( 'NONE',  ( -38.94249054765180063, 2.767290798737289670, 291.4822798352050199 ) ) ;
#6958 = VECTOR ( 'NONE', #7709, 1000.000000000000000 ) ;
#6959 = ORIENTED_EDGE ( 'NONE', *, *, #5233, .T. ) ;
#6960 = CARTESIAN_POINT ( 'NONE',  ( -104.9309911945117193, 6.891162387352451013, 267.4816760074251079 ) ) ;
#6961 = EDGE_CURVE ( 'NONE', #2650, #2924, #4492, .T. ) ;
#6962 = CARTESIAN_POINT ( 'NONE',  ( -113.5700171551574442, 7.028329245824244786, 275.6466414977782620 ) ) ;
#6963 = DIRECTION ( 'NONE',  ( -0.8662767110661201420, 0.0000000000000000000, 0.4995644701782400166 ) ) ;
#6964 = CARTESIAN_POINT ( 'NONE',  ( -106.0928674035640000, 7.351874933433579784, 283.9934444796800221 ) ) ;
#6965 = VECTOR ( 'NONE', #211, 1000.000000000000114 ) ;
#6966 = CARTESIAN_POINT ( 'NONE',  ( -65.56485041804579339, 3.105827388141120249, 160.2155065653159909 ) ) ;
#6967 = CARTESIAN_POINT ( 'NONE',  ( -106.0837561018563804, 7.467856418598151969, 275.3184565197412326 ) ) ;
#6968 = ORIENTED_EDGE ( 'NONE', *, *, #6660, .F. ) ;
#6969 = LINE ( 'NONE', #6928, #2537 ) ;
#6970 = ORIENTED_EDGE ( 'NONE', *, *, #686, .T. ) ;
#6971 = CARTESIAN_POINT ( 'NONE',  ( -39.93296110250466313, 1.776035814708560423, 291.0737382456135833 ) ) ;
#6972 = CARTESIAN_POINT ( 'NONE',  ( -71.78961174152860281, 0.0000000000000000000, 157.6113554470390170 ) ) ;
#6973 = CARTESIAN_POINT ( 'NONE',  ( 0.0000000000000000000, 0.0000000000000000000, 323.7500000000000000 ) ) ;
#6974 = CARTESIAN_POINT ( 'NONE',  ( -31.29429876484429585, 0.0000000000000000000, 158.7885438460039893 ) ) ;
#6975 = CARTESIAN_POINT ( 'NONE',  ( -105.1108021445561462, 7.540305198888986205, 268.7820134820620410 ) ) ;
#6976 = ORIENTED_EDGE ( 'NONE', *, *, #6144, .T. ) ;
#6977 = CARTESIAN_POINT ( 'NONE',  ( -40.35150898018719801, 0.5834628139785439371, 268.5357009548629890 ) ) ;
#6978 = CARTESIAN_POINT ( 'NONE',  ( -13.99305037253549955, 7.450431079083969621, 161.8745000000000118 ) ) ;
#6979 = LINE ( 'NONE', #4700, #3166 ) ;
#6980 = CARTESIAN_POINT ( 'NONE',  ( -23.34907804013329979, 0.0000000000000000000, 158.7313249592739908 ) ) ;
#6981 = CARTESIAN_POINT ( 'NONE',  ( -33.02747037652400053, 2.692074660795889862, 149.5178385026950139 ) ) ;
#6982 = ORIENTED_EDGE ( 'NONE', *, *, #7189, .T. ) ;
#6983 = CARTESIAN_POINT ( 'NONE',  ( -103.2251832009079919, 0.6449593316797400666, 290.6544379066509691 ) ) ;
#6984 = CARTESIAN_POINT ( 'NONE',  ( -103.0749933361586841, 4.439658959520198067, 265.6831086076884390 ) ) ;
#6985 = ORIENTED_EDGE ( 'NONE', *, *, #3415, .T. ) ;
#6986 = CARTESIAN_POINT ( 'NONE',  ( -51.57976027085349813, 0.0000000000000000000, 140.6449536090719903 ) ) ;
#6987 = CARTESIAN_POINT ( 'NONE',  ( -42.89239799192969826, 2.817518911209420107, 148.5605983373910135 ) ) ;
#6988 = ORIENTED_EDGE ( 'NONE', *, *, #7619, .F. ) ;
#6989 = DIRECTION ( 'NONE',  ( 0.04817122723086530306, 0.9988390925805179510, 0.0000000000000000000 ) ) ;
#6990 = CARTESIAN_POINT ( 'NONE',  ( -51.59007198522130011, 2.928121341450179660, 140.5570356421879978 ) ) ;
#6991 = B_SPLINE_CURVE_WITH_KNOTS ( 'NONE', 3,
 ( #282, #6088, #1421, #756 ),
 .UNSPECIFIED., .F., .F.,
 ( 4, 4 ),
 ( -0.07014523241075298898, 0.0000000000000000000 ),
 .UNSPECIFIED. ) ;
#6992 = CARTESIAN_POINT ( 'NONE',  ( -40.93461401480719530, 2.792623190186509952, 292.6544379017649931 ) ) ;
#6993 = CARTESIAN_POINT ( 'NONE',  ( -104.0461810239510783, 12.96631111089939203, 291.6544379066509123 ) ) ;
#6994 = ADVANCED_FACE ( 'NONE', ( #1393 ), #1276, .T. ) ;
#6995 = CARTESIAN_POINT ( 'NONE',  ( -103.1851512589930167, 1.644920654915600133, 266.6544379066510260 ) ) ;
#6996 = ORIENTED_EDGE ( 'NONE', *, *, #1303, .F. ) ;
#6997 = CARTESIAN_POINT ( 'NONE',  ( -101.3779970958602377, 4.067113997817187077, 311.9647559977062770 ) ) ;
#6998 = CARTESIAN_POINT ( 'NONE',  ( -104.1601568434730041, 0.6458738260825870325, 289.9160696662110013 ) ) ;
#6999 = CARTESIAN_POINT ( 'NONE',  ( -43.50867639620270211, 0.0000000000000000000, 148.1357315420040095 ) ) ;
#7000 = DIRECTION ( 'NONE',  ( 3.965082230804120359E-15, -1.652117596168379867E-16, 1.000000000000000000 ) ) ;
#7001 = CARTESIAN_POINT ( 'NONE',  ( -13.50043179230486778, 2.568225634669057289, 310.8584174878507724 ) ) ;
#7002 = ADVANCED_FACE ( 'NONE', ( #2613 ), #1237, .F. ) ;
#7003 =( BOUNDED_CURVE ( )  B_SPLINE_CURVE ( 3, ( #4591, #4002, #7561, #4699 ),
 .UNSPECIFIED., .F., .F. ) 
 B_SPLINE_CURVE_WITH_KNOTS ( ( 4, 4 ),
 ( 4.712388980233070512, 6.283185307027982169 ),
 .UNSPECIFIED. ) 
 CURVE ( )  GEOMETRIC_REPRESENTATION_ITEM ( )  RATIONAL_B_SPLINE_CURVE ( ( 1.000000000000000000, 0.8047378541243613848, 0.8047378541243613848, 1.000000000000000000 ) ) 
 REPRESENTATION_ITEM ( '' )  );
#7004 = VECTOR ( 'NONE', #1511, 1000.000000000000000 ) ;
#7005 = ORIENTED_EDGE ( 'NONE', *, *, #4499, .F. ) ;
#7006 = CARTESIAN_POINT ( 'NONE',  ( -37.44383207444760586, 0.0000000000000000000, 149.1705927090359864 ) ) ;
#7007 = ORIENTED_EDGE ( 'NONE', *, *, #348, .F. ) ;
#7008 = CARTESIAN_POINT ( 'NONE',  ( -41.34196608152250008, 1.797722342852039912, 291.6544379066509691 ) ) ;
#7009 = CARTESIAN_POINT ( 'NONE',  ( -71.41414798146310261, 0.0000000000000000000, 156.1611320170999875 ) ) ;
#7010 = EDGE_CURVE ( 'NONE', #4625, #6622, #187, .T. ) ;
#7011 = CARTESIAN_POINT ( 'NONE',  ( -30.23311507133589870, 0.0000000000000000000, 153.5434967653100102 ) ) ;
#7012 = CARTESIAN_POINT ( 'NONE',  ( -104.9731825186880201, 7.001583669941022769, 267.9138871829350137 ) ) ;
#7013 = ORIENTED_EDGE ( 'NONE', *, *, #1398, .T. ) ;
#7014 = CARTESIAN_POINT ( 'NONE',  ( -111.2378976158341288, 12.86469395575260144, 161.8755000000000166 ) ) ;
#7015 = CALENDAR_DATE ( 2021, 15, 9 ) ;
#7016 = CARTESIAN_POINT ( 'NONE',  ( -86.82483333017920302, 0.0000000000000000000, 137.8991860448680029 ) ) ;
#7017 = CARTESIAN_POINT ( 'NONE',  ( -103.9511555739795909, 4.191908950427061242, 266.8175886891284563 ) ) ;
#7018 = CARTESIAN_POINT ( 'NONE',  ( -25.66109332472170124, 0.0000000000000000000, 160.3591055814970048 ) ) ;
#7019 = CARTESIAN_POINT ( 'NONE',  ( -32.60142193593329552, 2.686656965358619864, 149.6091832201080081 ) ) ;
#7020 = VERTEX_POINT ( 'NONE', #1358 ) ;
#7021 = LINE ( 'NONE', #3346, #3956 ) ;
#7022 = CARTESIAN_POINT ( 'NONE',  ( -68.90938040759579053, 3.148358035263549848, 160.4554431879530227 ) ) ;
#7023 = ORIENTED_EDGE ( 'NONE', *, *, #6575, .T. ) ;
#7024 = CARTESIAN_POINT ( 'NONE',  ( -50.79676365783939929, 0.0000000000000000000, 143.3695900170549749 ) ) ;
#7025 = CARTESIAN_POINT ( 'NONE',  ( -2.000000000000000000, 2.000000000000000000, 323.7500000000000000 ) ) ;
#7026 = CARTESIAN_POINT ( 'NONE',  ( -103.3169255521430046, 0.6450490645480121410, 267.6544379288140476 ) ) ;
#7027 = CARTESIAN_POINT ( 'NONE',  ( -50.79496653102089709, 2.918010027838730203, 143.3688659490339887 ) ) ;
#7028 = CARTESIAN_POINT ( 'NONE',  ( -8.913523179314511324, 8.949113843761637099, 313.7134660940673143 ) ) ;
#7029 = CARTESIAN_POINT ( 'NONE',  ( -23.86297968891189925, 2.575535547288319904, 150.8086530182099807 ) ) ;
#7030 = VECTOR ( 'NONE', #3687, 1000.000000000000000 ) ;
#7031 = CARTESIAN_POINT ( 'NONE',  ( -106.0928674035700112, 7.351874933466790552, 268.6544379066510260 ) ) ;
#7032 = ORIENTED_EDGE ( 'NONE', *, *, #6660, .T. ) ;
#7033 = CARTESIAN_POINT ( 'NONE',  ( -101.5210131031608682, 4.223951968833794979, 312.2547533431655324 ) ) ;
#7034 = CARTESIAN_POINT ( 'NONE',  ( -104.0542648624549997, 0.6457702535116119913, 290.1550550565389699 ) ) ;
#7035 = CIRCLE ( 'NONE', #4911, 0.9999999999999962252 ) ;
#7036 = EDGE_CURVE ( 'NONE', #1164, #1540, #3096, .T. ) ;
#7037 = CARTESIAN_POINT ( 'NONE',  ( -44.61471572095110361, 0.0000000000000000000, 146.3388502238050251 ) ) ;
#7038 = CARTESIAN_POINT ( 'NONE',  ( -11.49203274145749987, 7.418628234046749981, 312.2489999974829971 ) ) ;
#7039 = CARTESIAN_POINT ( 'NONE',  ( -13.59766839320891840, 2.529601715271464712, 310.6648903614762958 ) ) ;
#7040 = DIRECTION ( 'NONE',  ( 3.506950558086310039E-15, -1.961123667350909712E-16, 1.000000000000000000 ) ) ;
#7041 = ORIENTED_EDGE ( 'NONE', *, *, #6134, .F. ) ;
#7042 = AXIS2_PLACEMENT_3D ( 'NONE', #7378, #7116, #4146 ) ;
#7043 = CARTESIAN_POINT ( 'NONE',  ( -77.89744814321591093, -0.001000001298026020023, 149.1705927090359864 ) ) ;
#7044 = CARTESIAN_POINT ( 'NONE',  ( -41.34705765984249837, 0.5844365566102529552, 268.6544379066510260 ) ) ;
#7045 = ORIENTED_EDGE ( 'NONE', *, *, #1958, .F. ) ;
#7046 = CARTESIAN_POINT ( 'NONE',  ( -40.44892372721099605, 0.5835580949970150533, 290.1010299968679647 ) ) ;
#7047 = CARTESIAN_POINT ( 'NONE',  ( -70.66787230394160702, 0.0000000000000000000, 153.4094597856320092 ) ) ;
#7048 =( BOUNDED_SURFACE ( )  B_SPLINE_SURFACE ( 3, 2, ( 
 ( #4505, #4429, #6309 ),
 ( #6892, #937, #4968 ),
 ( #7362, #3333, #7512 ),
 ( #2149, #1561, #2191 ) ),
 .UNSPECIFIED., .F., .F., .F. ) 
 B_SPLINE_SURFACE_WITH_KNOTS ( ( 4, 4 ),
 ( 3, 3 ),
 ( 0.0000000000000000000, 0.001281386694808540156 ),
 ( 0.0000000000000000000, 1.000000000000000000 ),
 .UNSPECIFIED. ) 
 GEOMETRIC_REPRESENTATION_ITEM ( )  RATIONAL_B_SPLINE_SURFACE ( (
 ( 1.000000000000000000, 0.7071067811865430208, 1.000000000000000000),
 ( 1.000000000000000000, 0.7082153863813840378, 1.000000000000000000),
 ( 1.000000000000000000, 0.7159930811301410403, 1.000000000000000000),
 ( 1.000000000000000000, 0.7286822673707979980, 1.000000000000000000) ) ) 
 REPRESENTATION_ITEM ( '' )  SURFACE ( )  );
#7049 = CARTESIAN_POINT ( 'NONE',  ( -77.89744814321591093, -0.001000001298026020023, 149.1705927090359864 ) ) ;
#7050 = DIRECTION ( 'NONE',  ( -0.9999191579690125398, 0.01271524779707759560, 0.0000000000000000000 ) ) ;
#7051 = ADVANCED_FACE ( 'NONE', ( #652 ), #4098, .T. ) ;
#7052 = ORIENTED_EDGE ( 'NONE', *, *, #762, .F. ) ;
#7053 = CARTESIAN_POINT ( 'NONE',  ( -40.97392332946019877, 0.5840715952454390569, 267.7255712910650232 ) ) ;
#7054 = APPROVAL_DATE_TIME ( #434, #2640 ) ;
#7055 = DIRECTION ( 'NONE',  ( -3.408894374718760498E-15, 1.845763451624369877E-16, -1.000000000000000000 ) ) ;
#7056 = CARTESIAN_POINT ( 'NONE',  ( -106.2098146117499908, 8.744273145798910463, 275.1544379066509691 ) ) ;
#7057 = CARTESIAN_POINT ( 'NONE',  ( -43.64297023276589726, 2.827063394836700105, 139.5978077951830016 ) ) ;
#7058 = VERTEX_POINT ( 'NONE', #5665 ) ;
#7059 = CARTESIAN_POINT ( 'NONE',  ( -114.5205974004989997, 7.744425012415060650, 283.9874682774320149 ) ) ;
#7060 = DIRECTION ( 'NONE',  ( -0.9988390925805179510, 0.04817122723086506714, 0.0000000000000000000 ) ) ;
#7061 = ORIENTED_EDGE ( 'NONE', *, *, #6679, .F. ) ;
#7062 = CARTESIAN_POINT ( 'NONE',  ( -50.69757517228160282, 0.0000000000000000000, 143.6902768812509805 ) ) ;
#7063 = LINE ( 'NONE', #3501, #3178 ) ;
#7064 = DIRECTION ( 'NONE',  ( -0.03290743182884550699, -0.9994584038019942440, 2.345255614483080838E-14 ) ) ;
#7065 = CARTESIAN_POINT ( 'NONE',  ( -51.21291764371739674, 2.923324760162929969, 142.1124214166129889 ) ) ;
#7066 = CARTESIAN_POINT ( 'NONE',  ( -12.77220157083381658, 2.559504666218140656, 310.3904698165328568 ) ) ;
#7067 = CARTESIAN_POINT ( 'NONE',  ( -23.89325747858460147, 2.575920600352609835, 150.8498862192489867 ) ) ;
#7068 = CARTESIAN_POINT ( 'NONE',  ( -103.8448305219875891, 1.646975234836230761, 266.7589213607035390 ) ) ;
#7069 = ORIENTED_EDGE ( 'NONE', *, *, #113, .T. ) ;
#7070 = CARTESIAN_POINT ( 'NONE',  ( -104.5200536768717541, 6.006274712761412005, 266.6630330798706723 ) ) ;
#7071 = CARTESIAN_POINT ( 'NONE',  ( -113.6640194316804156, 4.989399015409282434, 278.7026750896688441 ) ) ;
#7072 = CARTESIAN_POINT ( 'NONE',  ( -114.8000987936700881, 4.492334674044279343E-08, 320.2456322150896426 ) ) ;
#7073 = DIRECTION ( 'NONE',  ( -0.9988390925805179510, 0.04817122723086530306, 0.0000000000000000000 ) ) ;
#7074 = CARTESIAN_POINT ( 'NONE',  ( -11.78326821812871117, 5.173560233272493036, 314.2260971571761843 ) ) ;
#7075 = AXIS2_PLACEMENT_3D ( 'NONE', #6041, #1844, #5411 ) ;
#7076 = CARTESIAN_POINT ( 'NONE',  ( -105.1129002011240061, 7.551033870321989916, 283.9934444796770094 ) ) ;
#7077 = ORIENTED_EDGE ( 'NONE', *, *, #5903, .F. ) ;
#7078 = CARTESIAN_POINT ( 'NONE',  ( -39.40250458618832141, 0.5825345961482301105, 290.1796312745462387 ) ) ;
#7079 = CARTESIAN_POINT ( 'NONE',  ( -124.2567202626404708, 5.483257455350438292, 279.1544379066509691 ) ) ;
#7080 = EDGE_LOOP ( 'NONE', ( #6351, #2255, #4027, #809 ) ) ;
#7081 = DIRECTION ( 'NONE',  ( 1.000000000000000000, 0.0000000000000000000, 0.0000000000000000000 ) ) ;
#7082 = CARTESIAN_POINT ( 'NONE',  ( -70.64025840917580013, 0.0000000000000000000, 153.1436295815879873 ) ) ;
#7083 = AXIS2_PLACEMENT_3D ( 'NONE', #5268, #6567, #1075 ) ;
#7084 = CARTESIAN_POINT ( 'NONE',  ( -63.60105925353190770, 3.080856557545439856, 150.3987262016970021 ) ) ;
#7085 = CARTESIAN_POINT ( 'NONE',  ( -105.0558588826889519, 7.295386560863245329, 268.2457246377289266 ) ) ;
#7086 = ADVANCED_FACE ( 'NONE', ( #7541, #2770, #3321, #1510 ), #4532, .F. ) ;
#7087 = EDGE_LOOP ( 'NONE', ( #4341, #5818, #3267, #6138 ) ) ;
#7088 = CARTESIAN_POINT ( 'NONE',  ( -40.69751097899829517, 0.5838012373060820215, 267.8908021210449988 ) ) ;
#7089 = ADVANCED_FACE ( 'NONE', ( #3821 ), #4453, .F. ) ;
#7090 = CARTESIAN_POINT ( 'NONE',  ( -86.37317554193069213, 0.0000000000000000000, 137.9946217931979788 ) ) ;
#7091 = CARTESIAN_POINT ( 'NONE',  ( -39.33477056775493708, 2.772279139663161640, 268.3920391862482120 ) ) ;
#7092 = CARTESIAN_POINT ( 'NONE',  ( -43.89975263089990420, 2.830328678419939958, 139.0534648885579827 ) ) ;
#7093 = ORIENTED_EDGE ( 'NONE', *, *, #4732, .F. ) ;
#7094 = CARTESIAN_POINT ( 'NONE',  ( -114.5948443792710378, 6.584402714218675179, 282.3390385913309046 ) ) ;
#7095 = CARTESIAN_POINT ( 'NONE',  ( -3.738153414566769861, 3.476306829133529952, 323.7500000000000000 ) ) ;
#7096 = CARTESIAN_POINT ( 'NONE',  ( -98.05619720600540745, 3.518996996557739898, 149.1705927090359864 ) ) ;
#7097 = EDGE_CURVE ( 'NONE', #6074, #1761, #3398, .T. ) ;
#7098 = VERTEX_POINT ( 'NONE', #1549 ) ;
#7099 = CARTESIAN_POINT ( 'NONE',  ( -51.61022833631939477, 0.0000000000000000000, 140.0902359539960003 ) ) ;
#7100 = CARTESIAN_POINT ( 'NONE',  ( -40.65928930376770012, 2.789122085224549963, 149.0092559844929951 ) ) ;
#7101 = CLOSED_SHELL ( 'NONE', ( #4839, #6242, #7672, #6763, #6083, #6465, #7479, #3372, #2744, #147, #4614, #4086, #6956, #7715, #6280, #7704, #7343, #7381, #6177, #2110, #826, #7528, #2548, #3924, #2171, #6911, #5937, #3512, #868, #5360, #2684, #5893, #5377, #430, #7425, #1002, #580, #7086, #2015, #6994, #1866, #6422, #3642, #5548, #1238, #2391, #2022, #1063, #4557, #2834, #5946, #2694, #3844, #3555, #3274, #5082, #6096, #670, #3596, #343, #5662, #6852, #1873, #1342, #1055, #3935, #1210, #5522, #2308, #5711, #2937, #4754, #4332, #2560, #1390, #3833, #2787, #1014, #6000, #7002, #7089, #108, #2, #1687, #2008, #576, #7519, #245, #1443, #6480, #442, #3608, #4802, #3136, #7051, #7507, #4321, #6757, #525, #208, #3463, #3780, #878, #6849, #5565, #7620, #3029, #5119, #1353, #7275, #2259, #6621, #7757, #4518, #1536, #1204, #730, #5370, #351, #821, #3706, #6384, #5328, #1637, #7371, #396, #6799, #5811, #815, #6895, #1297, #5981, #5223, #2053, #5860, #4134, #2152 ) ) ;
#7102 = CARTESIAN_POINT ( 'NONE',  ( -104.4037007573440121, 1.648540195471640102, 267.0631516805859746 ) ) ;
#7103 = CARTESIAN_POINT ( 'NONE',  ( -51.49654146907269592, 2.926931572744679855, 141.1127187034140036 ) ) ;
#7104 = CARTESIAN_POINT ( 'NONE',  ( -92.05786539635289500, 3.442720883915820096, 140.3441591751650037 ) ) ;
#7105 = CARTESIAN_POINT ( 'NONE',  ( -100.2893556757200031, 2.547313607011620018, 291.6544379066509691 ) ) ;
#7106 = CARTESIAN_POINT ( 'NONE',  ( -40.95253703173229098, 2.792851104213020186, 292.6325436964169739 ) ) ;
#7107 = VERTEX_POINT ( 'NONE', #5188 ) ;
#7108 = DIRECTION ( 'NONE',  ( 0.0000000000000000000, -1.000000000000000000, 0.0000000000000000000 ) ) ;
#7109 = CARTESIAN_POINT ( 'NONE',  ( -113.6530382687328000, 5.309135987323172046, 277.5474339381846676 ) ) ;
#7110 = CARTESIAN_POINT ( 'NONE',  ( -112.5801278183860035, 0.3616073354858680422, 321.4184128849039439 ) ) ;
#7111 = CYLINDRICAL_SURFACE ( 'NONE', #3779, 1.000000000000000888 ) ;
#7112 = CARTESIAN_POINT ( 'NONE',  ( -13.03990872044658467, 2.865189535236430274, 311.7718565850354935 ) ) ;
#7113 = CARTESIAN_POINT ( 'NONE',  ( -9.506026631893281120, 3.995356370322069139, 319.2999807591430113 ) ) ;
#7114 = ORIENTED_EDGE ( 'NONE', *, *, #1113, .T. ) ;
#7115 = CARTESIAN_POINT ( 'NONE',  ( 0.0000000000000000000, 7.500000000000000000, 323.7500000000000000 ) ) ;
#7116 = DIRECTION ( 'NONE',  ( 0.04817122723086530306, 0.9988390925805179510, 0.0000000000000000000 ) ) ;
#7117 = VERTEX_POINT ( 'NONE', #296 ) ;
#7118 = DIRECTION ( 'NONE',  ( 0.04817122723086530306, 0.9988390925805179510, 0.0000000000000000000 ) ) ;
#7119 = CARTESIAN_POINT ( 'NONE',  ( -22.76971949867539990, 2.561633381520850072, 149.8159981027159802 ) ) ;
#7120 = CARTESIAN_POINT ( 'NONE',  ( -63.10028582688150323, 3.074488596764520132, 150.1065657680219942 ) ) ;
#7121 = FACE_OUTER_BOUND ( 'NONE', #4378, .T. ) ;
#7122 = ORIENTED_EDGE ( 'NONE', *, *, #4650, .F. ) ;
#7123 = CARTESIAN_POINT ( 'NONE',  ( -85.04158746971069149, 3.353499629635229962, 146.2973803323289985 ) ) ;
#7124 = AXIS2_PLACEMENT_3D ( 'NONE', #283, #3892, #6830 ) ;
#7125 = CARTESIAN_POINT ( 'NONE',  ( -84.79340711845279088, 1.656810396909400009E-21, 138.6834371310569907 ) ) ;
#7126 = CARTESIAN_POINT ( 'NONE',  ( -104.3609954965985196, 4.874284605262926284, 267.0630471214877844 ) ) ;
#7127 = CARTESIAN_POINT ( 'NONE',  ( -40.34439129794160550, 0.5834558521987920354, 268.6544379066510260 ) ) ;
#7128 = ORIENTED_EDGE ( 'NONE', *, *, #6287, .F. ) ;
#7129 = EDGE_CURVE ( 'NONE', #7701, #1631, #2197, .T. ) ;
#7130 = CARTESIAN_POINT ( 'NONE',  ( -114.5967588301540019, 6.525048163899089815, 283.4952646294900660 ) ) ;
#7131 = CARTESIAN_POINT ( 'NONE',  ( -83.13183239734969732, 3.329214305099580162, 148.6253130367410051 ) ) ;
#7132 = CARTESIAN_POINT ( 'NONE',  ( -107.4400095534550132, 3.995356370322069139, 315.2500000000000000 ) ) ;
#7133 = ORIENTED_EDGE ( 'NONE', *, *, #7192, .F. ) ;
#7134 = PLANE ( 'NONE',  #6086 ) ;
#7135 = CARTESIAN_POINT ( 'NONE',  ( -51.00199581572029928, 0.0000000000000000000, 142.7449028008409755 ) ) ;
#7136 = CC_DESIGN_PERSON_AND_ORGANIZATION_ASSIGNMENT ( #5326, #5875, ( #3757 ) ) ;
#7137 = CARTESIAN_POINT ( 'NONE',  ( -103.1861293549779930, 0.6449211332515870643, 290.6544379066509691 ) ) ;
#7138 = DIRECTION ( 'NONE',  ( -0.04817122723086530306, -0.9988390925805179510, 0.0000000000000000000 ) ) ;
#7139 = CARTESIAN_POINT ( 'NONE',  ( -51.35290950702590607, 2.925105022789839637, 139.1875258950549892 ) ) ;
#7140 = CARTESIAN_POINT ( 'NONE',  ( -91.22540212422910599, 3.432134683105600104, 143.4670679032669796 ) ) ;
#7141 = CARTESIAN_POINT ( 'NONE',  ( -11.44655440906369925, 8.387971204123211066, 314.7490000000000236 ) ) ;
#7142 = EDGE_CURVE ( 'NONE', #516, #1286, #4118, .T. ) ;
#7143 = DIRECTION ( 'NONE',  ( 0.8662767110661351300, 0.0000000000000000000, 0.4995644701782140373 ) ) ;
#7144 = CARTESIAN_POINT ( 'NONE',  ( -103.1842722068119969, 4.585506075544210525, 266.6544379066510260 ) ) ;
#7145 = ORIENTED_EDGE ( 'NONE', *, *, #1308, .T. ) ;
#7146 = DIRECTION ( 'NONE',  ( 1.000000000000000000, 0.0000000000000000000, -5.551115123125777653E-14 ) ) ;
#7147 = EDGE_CURVE ( 'NONE', #1175, #4006, #3586, .T. ) ;
#7148 = CARTESIAN_POINT ( 'NONE',  ( -113.6644701333620162, 4.972422735670599003, 278.9407891767806973 ) ) ;
#7149 = CARTESIAN_POINT ( 'NONE',  ( -105.1842404588560100, 4.618943178514099301, 293.8544379066510146 ) ) ;
#7150 = VECTOR ( 'NONE', #5676, 1000.000000000000000 ) ;
#7151 = CARTESIAN_POINT ( 'NONE',  ( -124.0640353537170029, 9.478613825672509208, 275.1544379066509691 ) ) ;
#7152 = EDGE_LOOP ( 'NONE', ( #1998, #6220, #5241, #5389, #5331 ) ) ;
#7153 = CARTESIAN_POINT ( 'NONE',  ( -41.08277266141350026, 0.5841780603908799385, 290.6284588011059782 ) ) ;
#7154 = CARTESIAN_POINT ( 'NONE',  ( -105.0919669217694832, 7.313730169496020395, 289.7471929322306892 ) ) ;
#7155 = VECTOR ( 'NONE', #5235, 1000.000000000000000 ) ;
#7156 = ORIENTED_EDGE ( 'NONE', *, *, #2211, .T. ) ;
#7157 = CARTESIAN_POINT ( 'NONE',  ( -40.35968020603965556, 1.782429761130930990, 266.8923214517303109 ) ) ;
#7158 = CARTESIAN_POINT ( 'NONE',  ( -17.87648313916200138, 2.499409575004940098, 149.1744486920450186 ) ) ;
#7159 = CARTESIAN_POINT ( 'NONE',  ( -31.89113661583549941, 0.0000000000000000000, 149.8159981027159802 ) ) ;
#7160 = CARTESIAN_POINT ( 'NONE',  ( -83.45014360182798896, 0.0000000000000000000, 148.5251873153569875 ) ) ;
#7161 = CARTESIAN_POINT ( 'NONE',  ( -105.2887561036900053, 6.597681612626439929, 372.3987999999999943 ) ) ;
#7162 = AXIS2_PLACEMENT_3D ( 'NONE', #6964, #6416, #4458 ) ;
#7163 = CARTESIAN_POINT ( 'NONE',  ( -104.2293703509859171, 5.562138847278900400, 266.3127266187118494 ) ) ;
#7164 = ORIENTED_EDGE ( 'NONE', *, *, #3353, .F. ) ;
#7165 = CARTESIAN_POINT ( 'NONE',  ( -13.99305037253559902, 7.450431079083969621, 149.1705927090369812 ) ) ;
#7166 = CARTESIAN_POINT ( 'NONE',  ( -84.64840278591120182, 0.0000000000000000000, 142.8889884774330028 ) ) ;
#7167 = AXIS2_PLACEMENT_3D ( 'NONE', #1093, #545, #7714 ) ;
#7168 = CARTESIAN_POINT ( 'NONE',  ( -105.0207207368220992, 6.859823259777233950, 268.0779597953172129 ) ) ;
#7169 = CARTESIAN_POINT ( 'NONE',  ( -40.09040934356497843, 1.579541707943366236, 267.0615206212908674 ) ) ;
#7170 = ORIENTED_EDGE ( 'NONE', *, *, #961, .T. ) ;
#7171 = CARTESIAN_POINT ( 'NONE',  ( -114.4251532653739503, 9.044477096599898402, 283.1544379066513102 ) ) ;
#7172 = CARTESIAN_POINT ( 'NONE',  ( -83.45014360182798896, 3.333262390480450144, 148.5251873153569875 ) ) ;
#7173 = CARTESIAN_POINT ( 'NONE',  ( -106.1149785589950056, 11.32493448478209963, 275.1544379066509691 ) ) ;
#7174 = VERTEX_POINT ( 'NONE', #6566 ) ;
#7175 = CARTESIAN_POINT ( 'NONE',  ( -113.5476323068265714, 12.97608602627654228, 275.0277868111169255 ) ) ;
#7176 = CARTESIAN_POINT ( 'NONE',  ( -106.1197512754149983, 4.606404878729749797, 279.5843876172369846 ) ) ;
#7177 = CARTESIAN_POINT ( 'NONE',  ( -104.3529744506630692, 5.742994221563232138, 291.8559797504007634 ) ) ;
#7178 = CARTESIAN_POINT ( 'NONE',  ( -0.3294994094486687342, 2.164748471567397914, 321.3448958010640695 ) ) ;
#7179 = CARTESIAN_POINT ( 'NONE',  ( -51.28287261140000197, 2.924214500619219947, 147.5958830980970049 ) ) ;
#7180 = DIRECTION ( 'NONE',  ( -0.04817122723086530306, -0.9988390925805179510, 0.0000000000000000000 ) ) ;
#7181 = CARTESIAN_POINT ( 'NONE',  ( -9.578762936012470419, 5.080415322846933535, 311.9710332624301259 ) ) ;
#7182 = LINE ( 'NONE', #6524, #4357 ) ;
#7183 = CARTESIAN_POINT ( 'NONE',  ( -105.1842404587670643, 4.618943178514047787, 267.4828650313972958 ) ) ;
#7184 = ORIENTED_EDGE ( 'NONE', *, *, #7746, .T. ) ;
#7185 = EDGE_CURVE ( 'NONE', #6117, #6729, #604, .T. ) ;
#7186 = CARTESIAN_POINT ( 'NONE',  ( -100.2893556757200031, 2.547313607011620018, 292.6544379066509691 ) ) ;
#7187 = CARTESIAN_POINT ( 'NONE',  ( -91.27741088341760189, 0.0000000000000000000, 143.2984422274649887 ) ) ;
#7188 = CARTESIAN_POINT ( 'NONE',  ( -56.84128998344340289, 10.24129708801639893, 149.1705927090359864 ) ) ;
#7189 = EDGE_CURVE ( 'NONE', #6570, #1673, #4718, .T. ) ;
#7190 = DIRECTION ( 'NONE',  ( -3.506950558086310039E-15, 1.961123667350899851E-16, -1.000000000000000000 ) ) ;
#7191 = ORIENTED_EDGE ( 'NONE', *, *, #4455, .F. ) ;
#7192 = EDGE_CURVE ( 'NONE', #6710, #6935, #1701, .T. ) ;
#7193 = CARTESIAN_POINT ( 'NONE',  ( -39.34343311930970088, 1.577143931192370063, 289.6544379066509691 ) ) ;
#7194 = CARTESIAN_POINT ( 'NONE',  ( -104.8572371667003438, 6.154280973576431890, 290.6502960091620480 ) ) ;
#7195 = CARTESIAN_POINT ( 'NONE',  ( -104.1851587346450003, 1.645898758679850138, 268.6544379066500028 ) ) ;
#7196 = DIRECTION ( 'NONE',  ( 0.0000000000000000000, 1.000000000000000000, 0.0000000000000000000 ) ) ;
#7197 = DIRECTION ( 'NONE',  ( -3.506950558086310039E-15, 1.405887209047971786E-45, -1.000000000000000000 ) ) ;
#7198 = VECTOR ( 'NONE', #3286, 1000.000000000000000 ) ;
#7199 = DIRECTION ( 'NONE',  ( 0.4994195462902677463, -0.02408561361543307480, 0.8660254037844336006 ) ) ;
#7200 = CARTESIAN_POINT ( 'NONE',  ( -105.1129002011319926, 7.551033870359940892, 274.3154313336120254 ) ) ;
#7201 = DIRECTION ( 'NONE',  ( 0.0000000000000000000, 1.000000000000000000, 0.0000000000000000000 ) ) ;
#7202 = LINE ( 'NONE', #4349, #2347 ) ;
#7203 = VERTEX_POINT ( 'NONE', #5306 ) ;
#7204 = CARTESIAN_POINT ( 'NONE',  ( -27.01912173950022122, 2.615669952428534284, 160.5558056959834516 ) ) ;
#7205 = VECTOR ( 'NONE', #109, 1000.000000000000114 ) ;
#7206 = APPROVAL_ROLE ( '' ) ;
#7207 = CARTESIAN_POINT ( 'NONE',  ( -85.06680489279000312, 0.0000000000000000000, 144.6726799457159700 ) ) ;
#7208 = CARTESIAN_POINT ( 'NONE',  ( -104.9080230797477782, 6.344708821634967855, 267.7619312391464064 ) ) ;
#7209 = DIRECTION ( 'NONE',  ( -0.9988390925805179510, 0.04817122723086545572, 0.0000000000000000000 ) ) ;
#7210 = ORIENTED_EDGE ( 'NONE', *, *, #5618, .F. ) ;
#7211 = CARTESIAN_POINT ( 'NONE',  ( -114.5415323840949924, 7.428371749129599522, 283.8924280442229815 ) ) ;
#7212 = CARTESIAN_POINT ( 'NONE',  ( -71.73828080513159478, 3.184331112948129761, 158.8321242086909990 ) ) ;
#7213 = VECTOR ( 'NONE', #4185, 1000.000000000000000 ) ;
#7214 = CARTESIAN_POINT ( 'NONE',  ( -107.6326944623780122, 0.0000000000000000000, 315.2500000000000000 ) ) ;
#7215 = EDGE_LOOP ( 'NONE', ( #2825, #16, #4854, #4286, #6254, #5180, #2675 ) ) ;
#7216 = DIRECTION ( 'NONE',  ( 3.506950558086310039E-15, -1.961123667350909712E-16, 1.000000000000000000 ) ) ;
#7217 = DIRECTION ( 'NONE',  ( 0.9988390925805179510, -0.04817122723086530306, -1.627785756950949994E-15 ) ) ;
#7218 = FACE_OUTER_BOUND ( 'NONE', #3688, .T. ) ;
#7219 = CARTESIAN_POINT ( 'NONE',  ( -104.4497930006162534, 5.888075500695410192, 291.7429692163608479 ) ) ;
#7220 = DIRECTION ( 'NONE',  ( 0.0000000000000000000, -1.000000000000000000, 0.0000000000000000000 ) ) ;
#7221 = LINE ( 'NONE', #5461, #7333 ) ;
#7222 = CARTESIAN_POINT ( 'NONE',  ( -113.6640195288864703, 4.989426271937253077, 279.6067852099758397 ) ) ;
#7223 = CARTESIAN_POINT ( 'NONE',  ( -23.38710376811149771, 2.569484210169679539, 158.8479493383520094 ) ) ;
#7224 = CARTESIAN_POINT ( 'NONE',  ( -104.8735753543009821, 13.00769105333520059, 268.6544379066510260 ) ) ;
#7225 = AXIS2_PLACEMENT_3D ( 'NONE', #6877, #1508, #924 ) ;
#7226 = CARTESIAN_POINT ( 'NONE',  ( -114.0380821820685924, 2.393849652384580473, 322.0421168124889846 ) ) ;
#7227 = CARTESIAN_POINT ( 'NONE',  ( -90.87954585512001415, 0.0000000000000000000, 145.0659094425220133 ) ) ;
#7228 = CARTESIAN_POINT ( 'NONE',  ( -66.55493229689550105, 0.0000000000000000000, 160.4396946686069896 ) ) ;
#7229 = VECTOR ( 'NONE', #1677, 1000.000000000000000 ) ;
#7230 = EDGE_CURVE ( 'NONE', #231, #7291, #1451, .T. ) ;
#7231 = CYLINDRICAL_SURFACE ( 'NONE', #3089, 7.654378035012191717 ) ;
#7232 = VERTEX_POINT ( 'NONE', #5974 ) ;
#7233 = CARTESIAN_POINT ( 'NONE',  ( -39.07048466580449997, 2.768918407245340330, 266.6706142702229840 ) ) ;
#7234 = CARTESIAN_POINT ( 'NONE',  ( -104.9139325366318616, 6.367327824739041020, 290.5347056085547024 ) ) ;
#7235 = ORIENTED_EDGE ( 'NONE', *, *, #2211, .F. ) ;
#7236 = CARTESIAN_POINT ( 'NONE',  ( -39.34213890066340014, 1.766904805648899845, 268.6544379066510260 ) ) ;
#7237 = CARTESIAN_POINT ( 'NONE',  ( -69.33582087456230170, 0.0000000000000000000, 160.3858412227660040 ) ) ;
#7238 = CARTESIAN_POINT ( 'NONE',  ( -22.90530441308710152, 0.0000000000000000000, 149.9064189542509951 ) ) ;
#7239 = CARTESIAN_POINT ( 'NONE',  ( -87.70138904338151065, 3.995356370322069139, 274.1013958489190259 ) ) ;
#7240 = CARTESIAN_POINT ( 'NONE',  ( -64.92628983956400646, 3.097707957037630244, 152.3921966061969897 ) ) ;
#7241 = CARTESIAN_POINT ( 'NONE',  ( -9.206919261491700368, 5.968588564575919797, 312.1512930926249965 ) ) ;
#7242 = DIRECTION ( 'NONE',  ( 0.0000000000000000000, 0.0000000000000000000, 1.000000000000000000 ) ) ;
#7243 = EDGE_LOOP ( 'NONE', ( #4430, #2709, #4879, #3443 ) ) ;
#7244 = CARTESIAN_POINT ( 'NONE',  ( -26.40111486757770010, 2.607811206594769615, 160.4802146902100048 ) ) ;
#7245 = PERSON_AND_ORGANIZATION ( #6822, #814 ) ;
#7246 = EDGE_CURVE ( 'NONE', #4158, #5792, #2750, .T. ) ;
#7247 = CARTESIAN_POINT ( 'NONE',  ( -84.56624548939450392, 1.610643562815240024E-21, 147.4305914176290173 ) ) ;
#7248 = CARTESIAN_POINT ( 'NONE',  ( -104.9873019985033835, 6.689903431441280190, 267.9651801755412635 ) ) ;
#7249 = CARTESIAN_POINT ( 'NONE',  ( -4.961418165266570313, 7.739275378388469129, 318.7500000000000000 ) ) ;
#7250 = ORIENTED_EDGE ( 'NONE', *, *, #157, .T. ) ;
#7251 = CARTESIAN_POINT ( 'NONE',  ( -114.6708353448496780, 5.052605505656349472, 276.1028445888985061 ) ) ;
#7252 = CARTESIAN_POINT ( 'NONE',  ( -70.52175078480699710, 3.168861381682620326, 160.0328901325459867 ) ) ;
#7253 = LINE ( 'NONE', #4161, #324 ) ;
#7254 =( BOUNDED_CURVE ( )  B_SPLINE_CURVE ( 3, ( #572, #66, #7703, #5315 ),
 .UNSPECIFIED., .F., .F. ) 
 B_SPLINE_CURVE_WITH_KNOTS ( ( 4, 4 ),
 ( 4.736621924904309999, 4.738040901771619851 ),
 .UNSPECIFIED. ) 
 CURVE ( )  GEOMETRIC_REPRESENTATION_ITEM ( )  RATIONAL_B_SPLINE_CURVE ( ( 1.000000000000000000, 0.9999998322087277902, 0.9999998322087277902, 1.000000000000000000 ) ) 
 REPRESENTATION_ITEM ( '' )  );
#7255 = VERTEX_POINT ( 'NONE', #1074 ) ;
#7256 = CARTESIAN_POINT ( 'NONE',  ( -106.0928674035669985, 7.351874933467130724, 274.3154313336120254 ) ) ;
#7257 = CIRCLE ( 'NONE', #6129, 1.000000000000000888 ) ;
#7258 = CARTESIAN_POINT ( 'NONE',  ( -104.5837326691040090, 6.096451217809820022, 311.9185789957060138 ) ) ;
#7259 = CARTESIAN_POINT ( 'NONE',  ( -57.39312141316609939, 3.001914104449170395, 149.0987898892329895 ) ) ;
#7260 = CARTESIAN_POINT ( 'NONE',  ( -104.3641574840859363, 5.759586403228738050, 291.8431172477198174 ) ) ;
#7261 = B_SPLINE_CURVE_WITH_KNOTS ( 'NONE', 3,
 ( #4729, #5355, #7277, #6100 ),
 .UNSPECIFIED., .F., .F.,
 ( 4, 4 ),
 ( 0.0000000000000000000, 0.5485768787815730185 ),
 .UNSPECIFIED. ) ;
#7262 = CARTESIAN_POINT ( 'NONE',  ( -2.748135103158704684, 3.374114101369563468, 323.5495484337016592 ) ) ;
#7263 = CARTESIAN_POINT ( 'NONE',  ( -111.9257647238808744, 2.821621160212001822, 323.5968649400132335 ) ) ;
#7264 = CARTESIAN_POINT ( 'NONE',  ( -92.05651226923210118, 3.442703348148789644, 140.0587613041550128 ) ) ;
#7265 = CARTESIAN_POINT ( 'NONE',  ( -113.6586878973936763, 5.149769725709093748, 280.3346993315410032 ) ) ;
#7266 = APPLICATION_CONTEXT ( 'configuration controlled 3d designs of mechanical parts and assemblies' ) ;
#7267 = PLANE ( 'NONE',  #5219 ) ;
#7268 = CARTESIAN_POINT ( 'NONE',  ( -113.1579502396589874, 0.03912035090029850060, 163.8962259421609815 ) ) ;
#7269 = CARTESIAN_POINT ( 'NONE',  ( -114.5654902409303304, 2.133752818448443556, 320.9981137020656661 ) ) ;
#7270 = CARTESIAN_POINT ( 'NONE',  ( -91.68041330267040223, 0.0000000000000000000, 142.0510717023969960 ) ) ;
#7271 = CARTESIAN_POINT ( 'NONE',  ( -65.56351979127900620, 0.0000000000000000000, 160.2137791713590218 ) ) ;
#7272 = DIRECTION ( 'NONE',  ( -0.9999191579690123177, 0.01271524779708346417, 0.0000000000000000000 ) ) ;
#7273 = ORIENTED_EDGE ( 'NONE', *, *, #4691, .F. ) ;
#7274 = CARTESIAN_POINT ( 'NONE',  ( -98.12425617760010255, 0.0000000000000000000, 149.1705927090359864 ) ) ;
#7275 = ADVANCED_FACE ( 'NONE', ( #1778 ), #3475, .T. ) ;
#7276 = VERTEX_POINT ( 'NONE', #2292 ) ;
#7277 = CARTESIAN_POINT ( 'NONE',  ( -19.65356961848119965, 0.0000000000000000000, 149.1705927090359864 ) ) ;
#7278 = CARTESIAN_POINT ( 'NONE',  ( -70.16269130611209448, 0.0000000000000000000, 160.1745794319229788 ) ) ;
#7279 = CARTESIAN_POINT ( 'NONE',  ( -23.44834874928099921, 0.0000000000000000000, 157.0267466809939663 ) ) ;
#7280 = DIRECTION ( 'NONE',  ( -0.04817122723086530306, -0.9988390925805179510, 0.0000000000000000000 ) ) ;
#7281 = CARTESIAN_POINT ( 'NONE',  ( -63.92955116893629963, 3.085033107749460157, 159.0571085231289885 ) ) ;
#7282 = CARTESIAN_POINT ( 'NONE',  ( -11.50546899602370132, 6.943196777614109472, 314.7366597704269680 ) ) ;
#7283 = CARTESIAN_POINT ( 'NONE',  ( -102.5313991825890128, 12.97361934662710148, 314.7490000000000236 ) ) ;
#7284 = VECTOR ( 'NONE', #6776, 1000.000000000000000 ) ;
#7285 = CARTESIAN_POINT ( 'NONE',  ( -52.50100659544950332, 2.939704497892809965, 148.3827529405930079 ) ) ;
#7286 = CARTESIAN_POINT ( 'NONE',  ( -84.18908356629380307, 0.0000000000000000000, 139.5644054547379938 ) ) ;
#7287 = EDGE_CURVE ( 'NONE', #3320, #3634, #563, .T. ) ;
#7288 = CARTESIAN_POINT ( 'NONE',  ( -105.0881078914355129, 7.281264433224505339, 268.4657251566761147 ) ) ;
#7289 = VECTOR ( 'NONE', #328, 1000.000000000000000 ) ;
#7290 = DIRECTION ( 'NONE',  ( -0.9999191579690125398, 0.01271524779707789571, 6.938332949631217327E-15 ) ) ;
#7291 = VERTEX_POINT ( 'NONE', #1191 ) ;
#7292 = DIRECTION ( 'NONE',  ( 0.9999995216640081841, -0.0009780959844864832269, 0.0000000000000000000 ) ) ;
#7293 = CARTESIAN_POINT ( 'NONE',  ( -70.93519941338890078, 3.174118884470650048, 151.3324127435159880 ) ) ;
#7294 = EDGE_CURVE ( 'NONE', #6729, #2849, #3005, .T. ) ;
#7295 = CARTESIAN_POINT ( 'NONE',  ( -102.3544053160656233, 4.028332976103554230, 310.7907886030022837 ) ) ;
#7296 = ORIENTED_EDGE ( 'NONE', *, *, #6388, .F. ) ;
#7297 = CARTESIAN_POINT ( 'NONE',  ( -113.6611775901950097, 5.074410135413599754, 278.2473695102880242 ) ) ;
#7298 = EDGE_CURVE ( 'NONE', #3992, #5313, #2336, .T. ) ;
#7299 = VECTOR ( 'NONE', #2935, 1000.000000000000114 ) ;
#7300 = CARTESIAN_POINT ( 'NONE',  ( -113.6563539348526319, 12.98132936755889055, 274.9553994429973613 ) ) ;
#7301 = CARTESIAN_POINT ( 'NONE',  ( -105.1557749579010164, 4.559872938452617319, 279.5880763925471797 ) ) ;
#7302 = CARTESIAN_POINT ( 'NONE',  ( -105.1129002011319926, 7.551033870359980860, 289.6544379066509691 ) ) ;
#7303 = CYLINDRICAL_SURFACE ( 'NONE', #2407, 1.000000000000000888 ) ;
#7304 = CARTESIAN_POINT ( 'NONE',  ( -110.7098093730610060, 4.000000000000000000, 323.7500000000000000 ) ) ;
#7305 = CARTESIAN_POINT ( 'NONE',  ( -41.34342688581310199, 1.584433483699279943, 267.6544379066510260 ) ) ;
#7306 = CARTESIAN_POINT ( 'NONE',  ( -103.5491866902079892, 4.816856971617970551, 292.4706897689250695 ) ) ;
#7307 =( BOUNDED_CURVE ( )  B_SPLINE_CURVE ( 3, ( #5630, #6378, #2184, #4537 ),
 .UNSPECIFIED., .F., .F. ) 
 B_SPLINE_CURVE_WITH_KNOTS ( ( 4, 4 ),
 ( 3.141592653589761142, 6.283185307179554258 ),
 .UNSPECIFIED. ) 
 CURVE ( )  GEOMETRIC_REPRESENTATION_ITEM ( )  RATIONAL_B_SPLINE_CURVE ( ( 1.000000000000000000, 0.3333333333333227122, 0.3333333333333227122, 1.000000000000000000 ) ) 
 REPRESENTATION_ITEM ( '' )  );
#7308 = B_SPLINE_CURVE_WITH_KNOTS ( 'NONE', 3,
 ( #7160, #252, #4769, #5986 ),
 .UNSPECIFIED., .F., .F.,
 ( 4, 4 ),
 ( 0.0000000000000000000, 0.5485768787815840097 ),
 .UNSPECIFIED. ) ;
#7309 = CARTESIAN_POINT ( 'NONE',  ( -104.8509621475899962, 13.45168003562939951, 268.6544379066510260 ) ) ;
#7310 = FACE_OUTER_BOUND ( 'NONE', #1556, .T. ) ;
#7311 = CARTESIAN_POINT ( 'NONE',  ( -103.7129530617529412, 0.6454364176511451223, 291.6023915526643009 ) ) ;
#7312 = CARTESIAN_POINT ( 'NONE',  ( -63.91552949084950086, 0.0000000000000000000, 156.9414265352380085 ) ) ;
#7313 = CARTESIAN_POINT ( 'NONE',  ( -7.344533915293770754, 3.995356370322069584, 323.1500000000000341 ) ) ;
#7314 = ORIENTED_EDGE ( 'NONE', *, *, #2732, .T. ) ;
#7315 = CARTESIAN_POINT ( 'NONE',  ( -92.57156071898809557, 0.0000000000000000000, 148.5251873153569875 ) ) ;
#7316 = ORIENTED_EDGE ( 'NONE', *, *, #1972, .T. ) ;
#7317 = CARTESIAN_POINT ( 'NONE',  ( -39.27198691319489399, 6.454664549271050156, 289.6544379066509691 ) ) ;
#7318 = CARTESIAN_POINT ( 'NONE',  ( -45.90152452391419757, 0.0000000000000000000, 137.9865478848959981 ) ) ;
#7319 = CARTESIAN_POINT ( 'NONE',  ( -23.59784513774920001, 0.0000000000000000000, 156.4942677060369931 ) ) ;
#7320 = CARTESIAN_POINT ( 'NONE',  ( -64.14055504411359721, 3.087716336667809980, 159.3654791671170301 ) ) ;
#7321 = CARTESIAN_POINT ( 'NONE',  ( -103.2764659214540046, 3.410062493724689947, 266.6492204332300275 ) ) ;
#7322 = DIRECTION ( 'NONE',  ( -0.01205939290385864456, -0.9997098990350197223, 0.02084919217094952093 ) ) ;
#7323 = B_SPLINE_SURFACE_WITH_KNOTS ( 'NONE', 2, 1, ( 
 ( #1815, #2410 ),
 ( #102, #4797 ),
 ( #4874, #685 ) ),
 .UNSPECIFIED., .F., .F., .F.,
 ( 3, 3 ),
 ( 2, 2 ),
 ( -2.000000000000000000, -1.000000000000000000 ),
 ( 0.0000000000000000000, 1.300421644626400086 ),
 .UNSPECIFIED. ) ;
#7324 = CARTESIAN_POINT ( 'NONE',  ( -84.39927044107869847, 3.345331705731729777, 139.1241127958249706 ) ) ;
#7325 = CARTESIAN_POINT ( 'NONE',  ( -84.09582384049559778, 0.0000000000000000000, 140.1345527876979986 ) ) ;
#7326 = CARTESIAN_POINT ( 'NONE',  ( -106.2126457168429994, 8.617691027423850514, 275.1544379066509691 ) ) ;
#7327 = CARTESIAN_POINT ( 'NONE',  ( -40.81822742277212512, 0.5839193096323930243, 266.7088670751359700 ) ) ;
#7328 = VERTEX_POINT ( 'NONE', #6166 ) ;
#7329 = CARTESIAN_POINT ( 'NONE',  ( -114.4755424589997546, 8.388987972260640191, 274.1866288109926586 ) ) ;
#7330 = CARTESIAN_POINT ( 'NONE',  ( -70.21397828111510364, 3.164948580483100127, 160.1532144882539797 ) ) ;
#7331 = EDGE_CURVE ( 'NONE', #1631, #6262, #3048, .T. ) ;
#7332 = CARTESIAN_POINT ( 'NONE',  ( -106.2135420831921522, 8.280744944827288734, 275.1544379066508554 ) ) ;
#7333 = VECTOR ( 'NONE', #7180, 1000.000000000000000 ) ;
#7334 = ORIENTED_EDGE ( 'NONE', *, *, #6812, .T. ) ;
#7335 = CARTESIAN_POINT ( 'NONE',  ( -113.6092681288419897, 6.326417060732009823, 276.1423897659680051 ) ) ;
#7336 = CARTESIAN_POINT ( 'NONE',  ( -103.5648283330149866, 4.822211906053600394, 311.4010668785069811 ) ) ;
#7337 = CARTESIAN_POINT ( 'NONE',  ( -61.40668040951969431, 3.052951609967680113, 149.6605050791940243 ) ) ;
#7338 = CARTESIAN_POINT ( 'NONE',  ( -106.0807419664299971, 7.603298061290479914, 283.0256431650740296 ) ) ;
#7339 = CARTESIAN_POINT ( 'NONE',  ( -3.837508274333874425, 3.918754137166942542, 323.7500000000000568 ) ) ;
#7340 = CIRCLE ( 'NONE', #5075, 1.000000000000000444 ) ;
#7341 = CARTESIAN_POINT ( 'NONE',  ( -110.7098093730610060, 4.000000000000000000, 323.7500000000000000 ) ) ;
#7342 = CARTESIAN_POINT ( 'NONE',  ( -92.41822631866949678, 3.447303003764569773, 148.4246841404920190 ) ) ;
#7343 = ADVANCED_FACE ( 'NONE', ( #4951 ), #7323, .F. ) ;
#7344 = CARTESIAN_POINT ( 'NONE',  ( -103.8078142656269875, 5.057206975256353765, 291.6015506618501831 ) ) ;
#7345 = CARTESIAN_POINT ( 'NONE',  ( -106.2126457168429994, 8.617691027423850514, 275.1544379066509691 ) ) ;
#7346 = CARTESIAN_POINT ( 'NONE',  ( -103.1861293549780640, 0.6449211332515857320, 291.6544379066507986 ) ) ;
#7347 =( BOUNDED_SURFACE ( )  B_SPLINE_SURFACE ( 3, 3, ( 
 ( #6029, #2582, #7358, #738, #6107, #663 ),
 ( #5519, #3756, #2508, #1989, #1875, #74 ),
 ( #4889, #4275, #3065, #4812, #5441, #6697 ),
 ( #4385, #153, #7283, #6658, #2546, #6068 ) ),
 .UNSPECIFIED., .F., .F., .F. ) 
 B_SPLINE_SURFACE_WITH_KNOTS ( ( 4, 4 ),
 ( 4, 2, 4 ),
 ( 0.0000000000000000000, 1.000000000000000000 ),
 ( 0.0000000000000000000, 0.1515543800034849786, 1.000000000000000000 ),
 .UNSPECIFIED. ) 
 GEOMETRIC_REPRESENTATION_ITEM ( )  RATIONAL_B_SPLINE_SURFACE ( (
 ( 1.000000000000000000, 1.000000000000000000, 1.000000000000000000, 1.000000000000000000, 1.000000000000000000, 1.000000000000000000),
 ( 0.8047378541243649375, 0.8047378541243649375, 0.8047378541243649375, 0.8047378541243649375, 0.8047378541243649375, 0.8047378541243649375),
 ( 0.8047378541243649375, 0.8047378541243649375, 0.8047378541243649375, 0.8047378541243649375, 0.8047378541243649375, 0.8047378541243649375),
 ( 1.000000000000000000, 1.000000000000000000, 1.000000000000000000, 1.000000000000000000, 1.000000000000000000, 1.000000000000000000) ) ) 
 REPRESENTATION_ITEM ( '' )  SURFACE ( )  );
#7348 = CARTESIAN_POINT ( 'NONE',  ( -29.62166186068820295, 2.648766064445140067, 160.2014503092029827 ) ) ;
#7349 = DIRECTION ( 'NONE',  ( -0.9988390925805179510, 0.04817122723086519898, 0.0000000000000000000 ) ) ;
#7350 = CARTESIAN_POINT ( 'NONE',  ( -39.09758418044158645, 10.05251277932859466, 267.4828650313969547 ) ) ;
#7351 = VERTEX_POINT ( 'NONE', #6015 ) ;
#7352 = CARTESIAN_POINT ( 'NONE',  ( -39.09758418044158645, 10.05251277932859466, 290.8260107819049267 ) ) ;
#7353 = AXIS2_PLACEMENT_3D ( 'NONE', #5640, #3960, #7478 ) ;
#7354 = CARTESIAN_POINT ( 'NONE',  ( -46.36471743239789589, 0.0000000000000000000, 137.8963269581039981 ) ) ;
#7355 = CARTESIAN_POINT ( 'NONE',  ( -23.55717986092579963, 0.0000000000000000000, 150.4487153957990131 ) ) ;
#7356 = CARTESIAN_POINT ( 'NONE',  ( -64.49444701033839067, 3.092216421252750091, 151.2521097695369861 ) ) ;
#7357 = CARTESIAN_POINT ( 'NONE',  ( -106.0951166909846251, 6.888413397203509092, 275.5372073871270686 ) ) ;
#7358 = CARTESIAN_POINT ( 'NONE',  ( -105.0282425151979879, 13.09932242070889963, 312.2490000000000236 ) ) ;
#7359 = CARTESIAN_POINT ( 'NONE',  ( -84.27740772052219143, 3.343781243568479944, 141.5665879914100174 ) ) ;
#7360 = CARTESIAN_POINT ( 'NONE',  ( -40.68366528912819291, 0.5837876948859450632, 290.4078874193380102 ) ) ;
#7361 = CARTESIAN_POINT ( 'NONE',  ( -71.50293282679240292, 0.0000000000000000000, 150.5056867692319997 ) ) ;
#7362 = CARTESIAN_POINT ( 'NONE',  ( -105.1822761155249992, 7.892400026471060315, 284.0988208195479388 ) ) ;
#7363 = EDGE_LOOP ( 'NONE', ( #1883, #4501, #6860, #5567, #4109, #5882, #2037, #5412, #7023, #5213, #7580, #3366, #4562, #4057, #6538, #5057, #5664, #5951, #6113, #2262, #75, #2909, #5673, #5831, #1794, #1611, #4145, #2144, #7435, #5070 ) ) ;
#7364 = CARTESIAN_POINT ( 'NONE',  ( -30.50611171801030252, 0.0000000000000000000, 151.2761016740940079 ) ) ;
#7365 = CARTESIAN_POINT ( 'NONE',  ( -70.81132251701819769, 3.172543655695229781, 154.1835784403319849 ) ) ;
#7366 = CARTESIAN_POINT ( 'NONE',  ( -11.63430473294809886, 2.420032376138530061, 309.7490000000000236 ) ) ;
#7367 = ORIENTED_EDGE ( 'NONE', *, *, #3214, .T. ) ;
#7368 = CARTESIAN_POINT ( 'NONE',  ( -114.5686055494810205, 7.017682605229627057, 275.6805975688957915 ) ) ;
#7369 = CARTESIAN_POINT ( 'NONE',  ( -105.2126599787829946, 8.610404793811101243, 312.2490000000000236 ) ) ;
#7370 = CARTESIAN_POINT ( 'NONE',  ( -112.4693709937324968, 0.5787533213216072836, 321.8225035014223749 ) ) ;
#7371 = ADVANCED_FACE ( 'NONE', ( #5541 ), #44, .T. ) ;
#7372 = CARTESIAN_POINT ( 'NONE',  ( -106.1143956900896086, 5.446982111644188329, 281.6039062095516670 ) ) ;
#7373 = CARTESIAN_POINT ( 'NONE',  ( -104.1861368306079925, 0.6458992370157999874, 268.6153877952979769 ) ) ;
#7374 = CARTESIAN_POINT ( 'NONE',  ( -112.3978704176900010, 0.7188434727441059824, 322.0421091522210304 ) ) ;
#7375 = CARTESIAN_POINT ( 'NONE',  ( -90.88843460000698826, 3.427849750343340052, 146.1203057577710069 ) ) ;
#7376 = CARTESIAN_POINT ( 'NONE',  ( -105.0379685610329545, 7.226406281481137839, 290.1495437443558103 ) ) ;
#7377 = CARTESIAN_POINT ( 'NONE',  ( -62.44054221136629224, -0.001000001298026020023, 149.8159981027159802 ) ) ;
#7378 = CARTESIAN_POINT ( 'NONE',  ( -109.0404516121569998, 12.75871725584469907, 161.8755000000000166 ) ) ;
#7379 = AXIS2_PLACEMENT_3D ( 'NONE', #1475, #298, #1551 ) ;
#7380 = DIRECTION ( 'NONE',  ( -1.000000000000000000, 0.0000000000000000000, 0.0000000000000000000 ) ) ;
#7381 = ADVANCED_FACE ( 'NONE', ( #2530 ), #2571, .F. ) ;
#7382 = CARTESIAN_POINT ( 'NONE',  ( -64.70475288393140545, 0.0000000000000000000, 154.4358896953760052 ) ) ;
#7383 = CARTESIAN_POINT ( 'NONE',  ( -30.69896970969099925, 2.662463930048689864, 150.9426793647689919 ) ) ;
#7384 = EDGE_CURVE ( 'NONE', #5892, #2820, #6684, .T. ) ;
#7385 = ORIENTED_EDGE ( 'NONE', *, *, #392, .T. ) ;
#7386 = EDGE_LOOP ( 'NONE', ( #6043, #7665, #2658, #824, #3999, #5127, #1064, #6988, #4745, #1123, #5782, #5632, #1472, #6324 ) ) ;
#7387 = CARTESIAN_POINT ( 'NONE',  ( -20.87184240769019894, 13.00321644496600015, 149.1705927090359864 ) ) ;
#7388 = ORIENTED_EDGE ( 'NONE', *, *, #5129, .F. ) ;
#7389 = CARTESIAN_POINT ( 'NONE',  ( -41.73127613906940070, 0.0000000000000000000, 148.9554575778099945 ) ) ;
#7390 = CARTESIAN_POINT ( 'NONE',  ( -44.08966569270279479, 0.0000000000000000000, 138.8306806886180027 ) ) ;
#7391 = CARTESIAN_POINT ( 'NONE',  ( -23.22534948862640292, 0.0000000000000000000, 150.1453496611040066 ) ) ;
#7392 = CARTESIAN_POINT ( 'NONE',  ( -63.73274721127079800, 3.082530539789269941, 158.0400866193259901 ) ) ;
#7393 = CARTESIAN_POINT ( 'NONE',  ( -14.05662661152040016, 2.450835289238889825, 309.7490000000000236 ) ) ;
#7394 = ORIENTED_EDGE ( 'NONE', *, *, #3599, .F. ) ;
#7395 = CARTESIAN_POINT ( 'NONE',  ( -84.42963837623931056, 3.345717916183030383, 142.1342774696180129 ) ) ;
#7396 = FACE_OUTER_BOUND ( 'NONE', #5833, .T. ) ;
#7397 = CARTESIAN_POINT ( 'NONE',  ( -11.49203277646580013, 7.418627449481319580, 314.7490000000000236 ) ) ;
#7398 = CARTESIAN_POINT ( 'NONE',  ( -90.66469465069509681, -0.001000001298026020023, 142.8092024469350179 ) ) ;
#7399 = ORIENTED_EDGE ( 'NONE', *, *, #2405, .T. ) ;
#7400 = CARTESIAN_POINT ( 'NONE',  ( -30.23080341915469660, 0.0000000000000000000, 152.1163400725229735 ) ) ;
#7401 = CIRCLE ( 'NONE', #4029, 1.000000000000000444 ) ;
#7402 = CARTESIAN_POINT ( 'NONE',  ( -102.1616430040816823, 3.942148802405355923, 310.6939348810709021 ) ) ;
#7403 = CARTESIAN_POINT ( 'NONE',  ( -3.738153414566769861, 3.476306829133529952, 323.7500000000000000 ) ) ;
#7404 = ORIENTED_EDGE ( 'NONE', *, *, #5757, .T. ) ;
#7405 = CARTESIAN_POINT ( 'NONE',  ( -113.5745385608350091, 6.963527057377060459, 275.6843450286949633 ) ) ;
#7406 = CARTESIAN_POINT ( 'NONE',  ( -26.12567613871269856, 13.00321644496600015, 152.0014769509129735 ) ) ;
#7407 = CARTESIAN_POINT ( 'NONE',  ( -110.8604795430147476, 3.709342884047829969, 323.7500000000001137 ) ) ;
#7408 = CIRCLE ( 'NONE', #3171, 2.199999999999993960 ) ;
#7409 = CARTESIAN_POINT ( 'NONE',  ( -39.83615178573199955, 1.774533911819909937, 267.3318888182930095 ) ) ;
#7410 = CARTESIAN_POINT ( 'NONE',  ( -114.4511052243744160, 8.716148896485613307, 284.1544379044488551 ) ) ;
#7411 = CARTESIAN_POINT ( 'NONE',  ( -43.73343399384879859, 2.828213895788550314, 141.4080305782230198 ) ) ;
#7412 = DIRECTION ( 'NONE',  ( 0.04817122723086530306, 0.9988390925805179510, 0.0000000000000000000 ) ) ;
#7413 = CARTESIAN_POINT ( 'NONE',  ( -103.8237255511976116, 5.088047120931530998, 265.9955340738574705 ) ) ;
#7414 = CIRCLE ( 'NONE', #1161, 1.000000000000027534 ) ;
#7415 = CARTESIAN_POINT ( 'NONE',  ( 0.6996255503925140617, 0.0000000000000000000, 322.1895589341589812 ) ) ;
#7416 = CARTESIAN_POINT ( 'NONE',  ( -103.7837334800211266, 3.966303338263703626, 291.5559538344461430 ) ) ;
#7417 = CARTESIAN_POINT ( 'NONE',  ( -91.73666809155608348, 0.0000000000000000000, 139.0501297896439894 ) ) ;
#7418 = CIRCLE ( 'NONE', #7529, 5.000000000000004441 ) ;
#7419 = CARTESIAN_POINT ( 'NONE',  ( -63.46626529282960405, 0.0000000000000000000, 150.3068286594520089 ) ) ;
#7420 = CARTESIAN_POINT ( 'NONE',  ( -39.39811566226636330, 2.773084653358751872, 290.1704470410540466 ) ) ;
#7421 = CARTESIAN_POINT ( 'NONE',  ( -31.36344522584910166, 2.670913987256000155, 157.8460071397630031 ) ) ;
#7422 = EDGE_CURVE ( 'NONE', #3058, #581, #7340, .T. ) ;
#7423 = VERTEX_POINT ( 'NONE', #4220 ) ;
#7424 = VERTEX_POINT ( 'NONE', #3126 ) ;
#7425 = ADVANCED_FACE ( 'NONE', ( #7310 ), #1351, .F. ) ;
#7426 = CARTESIAN_POINT ( 'NONE',  ( -41.07688791334469869, 10.49420186094489971, 266.6544379066510260 ) ) ;
#7427 = CARTESIAN_POINT ( 'NONE',  ( -114.0434928689719811, 13.00000000000000000, 323.7500000000000000 ) ) ;
#7428 = CARTESIAN_POINT ( 'NONE',  ( -43.59840430863239646, 0.0000000000000000000, 140.6999684703069988 ) ) ;
#7429 = EDGE_CURVE ( 'NONE', #88, #6372, #1423, .T. ) ;
#7430 = CARTESIAN_POINT ( 'NONE',  ( -66.85473093634611530, 3.122230545901170551, 160.4802146902100048 ) ) ;
#7431 = CARTESIAN_POINT ( 'NONE',  ( -113.6909409977389913, 0.2276121061000110357, 318.7499999999959641 ) ) ;
#7432 = CARTESIAN_POINT ( 'NONE',  ( -11.04619947299030081, 3.398397265335669548, 311.2480676420770465 ) ) ;
#7433 = EDGE_LOOP ( 'NONE', ( #499, #5117, #3206, #4617 ) ) ;
#7434 = CARTESIAN_POINT ( 'NONE',  ( -84.61738088791089751, 3.348105301742070328, 138.8474409569110151 ) ) ;
#7435 = ORIENTED_EDGE ( 'NONE', *, *, #5473, .T. ) ;
#7436 = CARTESIAN_POINT ( 'NONE',  ( -105.1249088055569985, 6.058659329731559851, 283.4762577448440197 ) ) ;
#7437 = CARTESIAN_POINT ( 'NONE',  ( -2.000000000000000000, 0.0000000000000000000, 323.7500000000000000 ) ) ;
#7438 = CARTESIAN_POINT ( 'NONE',  ( -106.1079539911469993, 6.049691389237979777, 276.0731666307340220 ) ) ;
#7439 = ORIENTED_EDGE ( 'NONE', *, *, #331, .T. ) ;
#7440 = CARTESIAN_POINT ( 'NONE',  ( -30.59130567432289993, 0.0000000000000000000, 159.7463123622029855 ) ) ;
#7441 = CYLINDRICAL_SURFACE ( 'NONE', #6589, 2.200000000000000178 ) ;
#7442 = CARTESIAN_POINT ( 'NONE',  ( -0.1279334032063320081, 2.063966701603160203, 320.7871302637299777 ) ) ;
#7443 = ORIENTED_EDGE ( 'NONE', *, *, #2747, .T. ) ;
#7444 = CARTESIAN_POINT ( 'NONE',  ( -113.6506173632200074, 5.377029728932249952, 277.3815182566229964 ) ) ;
#7445 = FACE_OUTER_BOUND ( 'NONE', #2516, .T. ) ;
#7446 = CARTESIAN_POINT ( 'NONE',  ( -105.1135410055309620, 6.561829162098596235, 282.6253425063071631 ) ) ;
#7447 = CARTESIAN_POINT ( 'NONE',  ( -39.34719092695890197, 2.772437080379610119, 266.3940893637720251 ) ) ;
#7448 = DIRECTION ( 'NONE',  ( -1.000000000000000000, 0.0000000000000000000, 0.0000000000000000000 ) ) ;
#7449 = CARTESIAN_POINT ( 'NONE',  ( -44.70211073833719695, 2.840531586789470264, 145.5901761470949793 ) ) ;
#7450 = EDGE_LOOP ( 'NONE', ( #5284, #2146, #4480, #405, #1128 ) ) ;
#7451 = CARTESIAN_POINT ( 'NONE',  ( -113.5064287015168105, 7.999539336915811205, 283.0704696707484231 ) ) ;
#7452 = CARTESIAN_POINT ( 'NONE',  ( -39.27198691319489399, 6.454664549271050156, 289.6544379066509691 ) ) ;
#7453 = CARTESIAN_POINT ( 'NONE',  ( -104.2671108382159559, 4.697087023668625072, 291.3156972268164964 ) ) ;
#7454 = AXIS2_PLACEMENT_3D ( 'NONE', #7256, #4325, #4746 ) ;
#7455 = CARTESIAN_POINT ( 'NONE',  ( -90.41273078906769456, 0.0000000000000000000, 138.1744057359970270 ) ) ;
#7456 = CARTESIAN_POINT ( 'NONE',  ( -64.63674830457300402, 0.0000000000000000000, 151.4939558463260028 ) ) ;
#7457 = CARTESIAN_POINT ( 'NONE',  ( -40.81546602333380491, 1.789626854036070025, 291.6013681135290199 ) ) ;
#7458 = CARTESIAN_POINT ( 'NONE',  ( -30.87042702422910168, 2.664644212644719623, 159.5049440092210205 ) ) ;
#7459 = CARTESIAN_POINT ( 'NONE',  ( -105.1466237543399984, 4.987812385712769192, 275.6783187416019700 ) ) ;
#7460 = EDGE_LOOP ( 'NONE', ( #2496, #3404, #1298, #7069 ) ) ;
#7461 = CARTESIAN_POINT ( 'NONE',  ( -3.269267886037740212, 0.8775010007999970441, 322.2500000000000000 ) ) ;
#7462 = CARTESIAN_POINT ( 'NONE',  ( -113.6289978335975377, 5.904212568656064697, 276.5740573431405664 ) ) ;
#7463 = EDGE_CURVE ( 'NONE', #6074, #6401, #3549, .T. ) ;
#7464 = CARTESIAN_POINT ( 'NONE',  ( -44.24710758970620361, 0.0000000000000000000, 143.1205758705300184 ) ) ;
#7465 = CARTESIAN_POINT ( 'NONE',  ( -105.1920961254130731, 7.993714815536731244, 312.2346633370883069 ) ) ;
#7466 = CARTESIAN_POINT ( 'NONE',  ( -8.646044848995710908, 3.995356370322069139, 323.7500000000000000 ) ) ;
#7467 = CARTESIAN_POINT ( 'NONE',  ( -106.1147084569966808, 5.411867194961989647, 276.7508712506885900 ) ) ;
#7468 = VERTEX_POINT ( 'NONE', #3272 ) ;
#7469 = CARTESIAN_POINT ( 'NONE',  ( -84.12350646417480959, 3.341825344108430240, 139.8478920039590037 ) ) ;
#7470 = ORIENTED_EDGE ( 'NONE', *, *, #4563, .T. ) ;
#7471 = CARTESIAN_POINT ( 'NONE',  ( -83.66959031638180022, 0.0000000000000000000, 148.3683374607369956 ) ) ;
#7472 = CARTESIAN_POINT ( 'NONE',  ( -124.1131745247819964, 5.476334644251299899, 283.1544379066509691 ) ) ;
#7473 = CARTESIAN_POINT ( 'NONE',  ( -106.1195305339650048, 4.678127667177109039, 278.2867244514449681 ) ) ;
#7474 = ORIENTED_EDGE ( 'NONE', *, *, #4946, .F. ) ;
#7475 = CARTESIAN_POINT ( 'NONE',  ( -31.23208474508119892, 0.0000000000000000000, 157.0974819173339938 ) ) ;
#7476 = VECTOR ( 'NONE', #4063, 1000.000000000000000 ) ;
#7477 = CARTESIAN_POINT ( 'NONE',  ( -103.1851512589930167, 1.644920654915590141, 267.6544379066510260 ) ) ;
#7478 = DIRECTION ( 'NONE',  ( 1.526556658859615487E-13, -0.2517533232453100789, 0.9677914363306499013 ) ) ;
#7479 = ADVANCED_FACE ( 'NONE', ( #4404 ), #2641, .F. ) ;
#7480 = ORIENTED_EDGE ( 'NONE', *, *, #5077, .T. ) ;
#7481 = CARTESIAN_POINT ( 'NONE',  ( -8.998986032673055746, 7.205712775379004675, 314.7465824834996511 ) ) ;
#7482 = CARTESIAN_POINT ( 'NONE',  ( -100.2130641889379916, 8.546828554825708579, 161.8745000000000118 ) ) ;
#7483 = CARTESIAN_POINT ( 'NONE',  ( -105.0925799036290300, 7.348589746144887691, 283.9997228665529292 ) ) ;
#7484 = CARTESIAN_POINT ( 'NONE',  ( -40.82464413552420268, 1.789767208077350125, 266.7181292923020237 ) ) ;
#7485 = CARTESIAN_POINT ( 'NONE',  ( -103.7410786986069979, 0.6454639272358279056, 267.8225509891989873 ) ) ;
#7486 = CARTESIAN_POINT ( 'NONE',  ( -43.96989606767279923, 2.831220525169059865, 147.6651740998560172 ) ) ;
#7487 = EDGE_LOOP ( 'NONE', ( #5401, #6305, #1150, #3452, #1044 ) ) ;
#7488 = CARTESIAN_POINT ( 'NONE',  ( -112.3403400350327104, 0.1700034482327404395, 321.0914003455309285 ) ) ;
#7489 = DIRECTION ( 'NONE',  ( -0.01271524779707100018, -0.9999191579690125398, 0.0000000000000000000 ) ) ;
#7490 = CARTESIAN_POINT ( 'NONE',  ( -51.72591244719499315, 0.0000000000000000000, 147.9478950948609963 ) ) ;
#7491 = CARTESIAN_POINT ( 'NONE',  ( -102.6781278393540049, 4.196718073539240201, 292.6544379066509691 ) ) ;
#7492 = CARTESIAN_POINT ( 'NONE',  ( -90.58063074757630773, 0.0000000000000000000, 138.2391001220150031 ) ) ;
#7493 = CARTESIAN_POINT ( 'NONE',  ( -75.90201369877449622, 3.237278855432200064, 149.2233184256660081 ) ) ;
#7494 = DIRECTION ( 'NONE',  ( 8.925871739611249878E-13, 8.873058081997740438E-13, 1.000000000000000000 ) ) ;
#7495 = CARTESIAN_POINT ( 'NONE',  ( -31.30688659901039728, 2.670194563238239560, 157.4499609695729703 ) ) ;
#7496 = CARTESIAN_POINT ( 'NONE',  ( -105.1881255202160332, 0.6468792785984144311, 290.8260107819049267 ) ) ;
#7497 = ORIENTED_EDGE ( 'NONE', *, *, #4599, .F. ) ;
#7498 = ORIENTED_EDGE ( 'NONE', *, *, #6221, .F. ) ;
#7499 = CARTESIAN_POINT ( 'NONE',  ( -105.0595433771182741, 7.317323743256889834, 268.0030944384254212 ) ) ;
#7500 = VECTOR ( 'NONE', #3244, 1000.000000000000114 ) ;
#7501 = FACE_OUTER_BOUND ( 'NONE', #3224, .T. ) ;
#7502 = CARTESIAN_POINT ( 'NONE',  ( -44.69195678892289436, 0.0000000000000000000, 145.2973422114280027 ) ) ;
#7503 = CARTESIAN_POINT ( 'NONE',  ( -64.93554963756679399, -0.001000001298026020023, 155.4866532908079932 ) ) ;
#7504 = CARTESIAN_POINT ( 'NONE',  ( -11.49350251018729985, 7.366995577793139738, 314.7490000000000236 ) ) ;
#7505 = CARTESIAN_POINT ( 'NONE',  ( -106.1050717153166971, 6.261012782078958949, 275.9164678453964825 ) ) ;
#7506 = ORIENTED_EDGE ( 'NONE', *, *, #2253, .F. ) ;
#7507 = ADVANCED_FACE ( 'NONE', ( #1463 ), #1314, .F. ) ;
#7508 = CARTESIAN_POINT ( 'NONE',  ( -103.8283323892110701, 5.092869110927414233, 161.8745000000000118 ) ) ;
#7509 = ORIENTED_EDGE ( 'NONE', *, *, #7661, .F. ) ;
#7510 = CARTESIAN_POINT ( 'NONE',  ( -40.63754387885290242, 0.5837425836981769978, 290.3617999333069406 ) ) ;
#7511 = CARTESIAN_POINT ( 'NONE',  ( -71.78002129422330313, 0.0000000000000000000, 158.6803260027830049 ) ) ;
#7512 = CARTESIAN_POINT ( 'NONE',  ( -106.1679015045319971, 7.932020015195410778, 283.1099491616820387 ) ) ;
#7513 = CARTESIAN_POINT ( 'NONE',  ( -31.16381858614699851, 0.0000000000000000000, 156.8341082374240045 ) ) ;
#7514 = CARTESIAN_POINT ( 'NONE',  ( -4.000000000000000000, 4.000000000000000000, 323.7500000000000000 ) ) ;
#7515 = EDGE_CURVE ( 'NONE', #2105, #2698, #5616, .T. ) ;
#7516 = EDGE_LOOP ( 'NONE', ( #2067, #7597, #6135, #3969 ) ) ;
#7517 = CARTESIAN_POINT ( 'NONE',  ( -40.54530105809210028, 0.5836523613224369189, 290.2696249612600354 ) ) ;
#7518 = CARTESIAN_POINT ( 'NONE',  ( -102.7170231860919927, 8.251390189306240686, 314.7490000000000236 ) ) ;
#7519 = ADVANCED_FACE ( 'NONE', ( #6285 ), #6908, .F. ) ;
#7520 = CARTESIAN_POINT ( 'NONE',  ( -105.1465518989780321, 4.991773046432504302, 282.6347255827210461 ) ) ;
#7521 = CARTESIAN_POINT ( 'NONE',  ( -1.282084449473379850, 0.1332924004247849903, 318.7499999999959641 ) ) ;
#7522 = CARTESIAN_POINT ( 'NONE',  ( -104.0643667312150029, 0.6457801341135820383, 268.1749413374570281 ) ) ;
#7523 = CARTESIAN_POINT ( 'NONE',  ( -44.61764775144239792, 2.839457662986729858, 146.3139004992160039 ) ) ;
#7524 = EDGE_LOOP ( 'NONE', ( #3474, #4602, #4838, #669, #4019, #1710, #1730 ) ) ;
#7525 = EDGE_CURVE ( 'NONE', #4355, #7351, #1458, .T. ) ;
#7526 = CARTESIAN_POINT ( 'NONE',  ( -103.5892217908919974, 0.6453153965331199782, 290.5696555411909685 ) ) ;
#7527 = CARTESIAN_POINT ( 'NONE',  ( -113.5712209929865963, 7.026737915369751342, 282.6894561183852375 ) ) ;
#7528 = ADVANCED_FACE ( 'NONE', ( #952 ), #6132, .F. ) ;
#7529 = AXIS2_PLACEMENT_3D ( 'NONE', #2944, #4211, #1806 ) ;
#7530 = CARTESIAN_POINT ( 'NONE',  ( -100.2130641889379916, 8.546828554825690816, 274.1544379066509691 ) ) ;
#7531 = CARTESIAN_POINT ( 'NONE',  ( -104.7845900149205391, 5.912619322480575867, 290.7749653166229677 ) ) ;
#7532 = ORIENTED_EDGE ( 'NONE', *, *, #4364, .F. ) ;
#7533 = CARTESIAN_POINT ( 'NONE',  ( -90.02237057986410207, 0.0000000000000000000, 138.0619171842670028 ) ) ;
#7534 = CARTESIAN_POINT ( 'NONE',  ( -64.38942781298490559, 0.0000000000000000000, 151.1146512875050121 ) ) ;
#7535 = CARTESIAN_POINT ( 'NONE',  ( -40.00910904456812034, 2.780854213722578461, 291.1576915537586387 ) ) ;
#7536 = VECTOR ( 'NONE', #2773, 1000.000000000000000 ) ;
#7537 = CARTESIAN_POINT ( 'NONE',  ( -30.48158334461949792, 2.659699545164230461, 151.3324127435180060 ) ) ;
#7538 = CARTESIAN_POINT ( 'NONE',  ( -104.0236387405199707, 13.40891096850879549, 291.6544379066509123 ) ) ;
#7539 = CARTESIAN_POINT ( 'NONE',  ( -41.32925083372539632, 2.797641500819330052, 292.6544379066509691 ) ) ;
#7540 = ORIENTED_EDGE ( 'NONE', *, *, #2267, .F. ) ;
#7541 = FACE_OUTER_BOUND ( 'NONE', #7386, .T. ) ;
#7542 = CIRCLE ( 'NONE', #4793, 5.000000000000004441 ) ;
#7543 = CARTESIAN_POINT ( 'NONE',  ( -113.4689686254713052, 8.496505124650319374, 275.1544379066507986 ) ) ;
#7544 = CARTESIAN_POINT ( 'NONE',  ( -43.72837861707390061, 2.183941335834829946E-19, 147.9333053557080007 ) ) ;
#7545 = CARTESIAN_POINT ( 'NONE',  ( -70.94352702659850252, 3.995356370322069139, 203.8633910309820010 ) ) ;
#7546 = CARTESIAN_POINT ( 'NONE',  ( -11.49642254948470033, 7.263749886283470403, 314.7465993764240011 ) ) ;
#7547 =( BOUNDED_CURVE ( )  B_SPLINE_CURVE ( 3, ( #5984, #1322, #2939, #5319 ),
 .UNSPECIFIED., .F., .F. ) 
 B_SPLINE_CURVE_WITH_KNOTS ( ( 4, 4 ),
 ( 3.141592653590001838, 6.283185307179586232 ),
 .UNSPECIFIED. ) 
 CURVE ( )  GEOMETRIC_REPRESENTATION_ITEM ( )  RATIONAL_B_SPLINE_CURVE ( ( 1.000000000000000000, 0.3333333333334029813, 0.3333333333334029813, 1.000000000000000000 ) ) 
 REPRESENTATION_ITEM ( '' )  );
#7548 = CARTESIAN_POINT ( 'NONE',  ( -81.63569240683941075, 3.995356370322069139, 277.6074976944939863 ) ) ;
#7549 = ORIENTED_EDGE ( 'NONE', *, *, #7566, .T. ) ;
#7550 = DIRECTION ( 'NONE',  ( 1.000000000000000000, 0.0000000000000000000, -8.881784197001244245E-13 ) ) ;
#7551 = ORIENTED_EDGE ( 'NONE', *, *, #6725, .F. ) ;
#7552 = CARTESIAN_POINT ( 'NONE',  ( -39.34213885668909683, 1.766910805723587385, 289.9298682572633652 ) ) ;
#7553 = CARTESIAN_POINT ( 'NONE',  ( -71.18797601997349034, 0.0000000000000000000, 155.4667720568640163 ) ) ;
#7554 = FACE_OUTER_BOUND ( 'NONE', #803, .T. ) ;
#7555 = CARTESIAN_POINT ( 'NONE',  ( -31.28871662394110231, 0.0000000000000000000, 157.3562024543840039 ) ) ;
#7556 = B_SPLINE_CURVE_WITH_KNOTS ( 'NONE', 3,
 ( #2906, #2274, #2239, #1094, #6433, #4120, #3529, #6508, #4042, #5807, #436, #2830, #4628, #3457, #7017, #5918, #5329, #5842, #982, #546, #475, #5289, #2869, #7679, #2947, #7716, #2352, #4737, #7126, #3966, #399, #585, #2388, #3024, #80, #2473, #5488, #4316, #6584, #2986, #667, #6627, #2514, #3686, #2551, #4930, #5524, #3147, #3723, #1252, #1881, #7208, #6034, #3107, #6702, #4775, #1212, #3646, #6111, #4857, #5364, #3069, #1173, #4279, #7248, #6664, #1290, #4243, #7168, #741, #158, #7752, #1797, #1332, #122, #4199, #5446, #6548, #2432, #6072, #704, #1759, #4895, #7288, #3609, #4155 ),
 .UNSPECIFIED., .F., .F.,
 ( 4, 2, 1, 1, 1, 2, 2, 2, 1, 1, 1, 2, 2, 2, 1, 1, 1, 2, 2, 2, 1, 1, 1, 1, 2, 2, 2, 2, 1, 2, 2, 2, 2, 1, 1, 1, 2, 2, 2, 1, 1, 2, 2, 2, 1, 1, 2, 2, 2, 1, 1, 1, 2, 2, 4 ),
 ( 0.0000000000000000000, 0.06249999999969362008, 0.09374999999953900764, 0.1093749999994644145, 0.1171874999994271388, 0.1210937499994081540, 0.1249999999993891553, 0.1874999999990714372, 0.2187499999989135357, 0.2343749999988322119, 0.2421874999987913557, 0.2460937499987729815, 0.2499999999987546073, 0.3124999999983681942, 0.3437499999981769583, 0.3593749999980829779, 0.3671874999980342391, 0.3710937499980164755, 0.3749999999979987675, 0.4374999999976053044, 0.4687499999974102938, 0.4843749999973125386, 0.4921874999972636888, 0.4960937499972349896, 0.4980468749972274956, 0.4999999999972200571, 0.5624999999978026466, 0.5937499999980864196, 0.6093749999982336352, 0.6171874999983031351, 0.6249999999983726351, 0.6874999999988909982, 0.7187499999991503463, 0.7343749999992899014, 0.7421874999993582911, 0.7460937499993922639, 0.7480468749993992583, 0.7499999999994061417, 0.7812499999994623190, 0.7968749999994986233, 0.8046874999995072830, 0.8085937499995116129, 0.8124999999995160538, 0.8437499999995650146, 0.8593749999995896616, 0.8671874999996026512, 0.8710937499996094235, 0.8749999999996160849, 0.9062499999997514211, 0.9218749999998083755, 0.9296874999998367972, 0.9335937499998643307, 0.9355468749998638867, 0.9374999999998634426, 1.000000000000000000 ),
 .UNSPECIFIED. ) ;
#7557 = CARTESIAN_POINT ( 'NONE',  ( -104.4040147391760058, 4.953508651122150219, 267.0937883876709975 ) ) ;
#7558 = ORIENTED_EDGE ( 'NONE', *, *, #3037, .F. ) ;
#7559 = CARTESIAN_POINT ( 'NONE',  ( -40.63703828867139833, 0.5837420891822110436, 267.9475814596649457 ) ) ;
#7560 = CARTESIAN_POINT ( 'NONE',  ( -105.2103562079480383, 8.711365713970039337, 283.1544379066513102 ) ) ;
#7561 = CARTESIAN_POINT ( 'NONE',  ( -8.296448233806507144E-13, 7.500000000000039968, 322.0931457505065509 ) ) ;
#7562 = DIRECTION ( 'NONE',  ( -0.03290743182886970986, -0.9994584038019934669, 0.0000000000000000000 ) ) ;
#7563 = CARTESIAN_POINT ( 'NONE',  ( -23.58232301018940191, 0.0000000000000000000, 159.2484333362599784 ) ) ;
#7564 = CARTESIAN_POINT ( 'NONE',  ( -34.06519581364680249, 2.705269773709400027, 149.3508966228270083 ) ) ;
#7565 = ORIENTED_EDGE ( 'NONE', *, *, #5029, .F. ) ;
#7566 = EDGE_CURVE ( 'NONE', #2820, #1640, #6871, .T. ) ;
#7567 = DIRECTION ( 'NONE',  ( 0.0000000000000000000, 0.0000000000000000000, 1.000000000000000000 ) ) ;
#7568 = CARTESIAN_POINT ( 'NONE',  ( -8.838729757921429453, 0.0000000000000000000, 159.8547740578360106 ) ) ;
#7569 = VERTEX_POINT ( 'NONE', #366 ) ;
#7570 = CARTESIAN_POINT ( 'NONE',  ( -51.48004124933240178, 2.168404344971009831E-19, 139.4495275853199985 ) ) ;
#7571 = CARTESIAN_POINT ( 'NONE',  ( -41.34196608152250008, 1.797722342852039912, 291.6544379066509691 ) ) ;
#7572 = VERTEX_POINT ( 'NONE', #1577 ) ;
#7573 = EDGE_CURVE ( 'NONE', #608, #655, #3835, .T. ) ;
#7574 = CARTESIAN_POINT ( 'NONE',  ( -104.0597506159629972, 0.6457756191076280405, 268.1507073853630345 ) ) ;
#7575 = CARTESIAN_POINT ( 'NONE',  ( -62.89160142737339498, 2.185759761826600341E-19, 150.0006141464280063 ) ) ;
#7576 = PLANE ( 'NONE',  #497 ) ;
#7577 = CARTESIAN_POINT ( 'NONE',  ( -104.8735753543059985, 13.00769105333520059, 289.6544379066509691 ) ) ;
#7578 = CARTESIAN_POINT ( 'NONE',  ( -98.12425617760010255, -0.001000001298026020023, 149.1705927090359864 ) ) ;
#7579 = AXIS2_PLACEMENT_3D ( 'NONE', #7605, #4632, #4046 ) ;
#7580 = ORIENTED_EDGE ( 'NONE', *, *, #7608, .T. ) ;
#7581 = EDGE_CURVE ( 'NONE', #6526, #6514, #1589, .T. ) ;
#7582 = CARTESIAN_POINT ( 'NONE',  ( -113.6179017684166581, 6.145523681465605570, 276.3236024719310535 ) ) ;
#7583 = CARTESIAN_POINT ( 'NONE',  ( -44.30060652594340098, 0.0000000000000000000, 147.1706108475469819 ) ) ;
#7584 = CARTESIAN_POINT ( 'NONE',  ( -103.8348276366909744, 5.099667699227201645, 311.5378187185680190 ) ) ;
#7585 = AXIS2_PLACEMENT_3D ( 'NONE', #2521, #2481, #4864 ) ;
#7586 = CARTESIAN_POINT ( 'NONE',  ( -40.42508913407089466, -0.001000001298026020023, 138.6941936058039744 ) ) ;
#7587 = DIRECTION ( 'NONE',  ( -0.8662767110661236947, 0.0000000000000000000, 0.4995644701782337993 ) ) ;
#7588 = EDGE_LOOP ( 'NONE', ( #6667, #2438, #3648, #1429 ) ) ;
#7589 = CARTESIAN_POINT ( 'NONE',  ( -28.25974124693320277, 0.0000000000000000000, 160.4802146902100048 ) ) ;
#7590 = ORIENTED_EDGE ( 'NONE', *, *, #1628, .T. ) ;
#7591 = CARTESIAN_POINT ( 'NONE',  ( -113.5092331866929953, 3.995356370322069139, 318.7499999999959641 ) ) ;
#7592 = CARTESIAN_POINT ( 'NONE',  ( -71.65156773438239668, 0.0000000000000000000, 156.9657950773789707 ) ) ;
#7593 =( BOUNDED_SURFACE ( )  B_SPLINE_SURFACE ( 3, 2, ( 
 ( #2257, #7736, #5975 ),
 ( #6413, #4611, #1780 ),
 ( #6998, #458, #4683 ),
 ( #6489, #1625, #3438 ),
 ( #7034, #1664, #1114 ),
 ( #5896, #529, #605 ),
 ( #5348, #5307, #1192 ),
 ( #5935, #3006, #5386 ),
 ( #2222, #4300, #6130 ),
 ( #1312, #7311, #6605 ),
 ( #3743, #760, #6685 ),
 ( #5506, #7346, #3127 ) ),
 .UNSPECIFIED., .F., .F., .F. ) 
 B_SPLINE_SURFACE_WITH_KNOTS ( ( 4, 2, 2, 2, 2, 4 ),
 ( 3, 3 ),
 ( 0.0000000000000000000, 0.0003905413793411869889, 0.0005858120690117799142, 0.0007810827586823739779, 0.001171624138023559828, 0.001562165517364749907 ),
 ( 0.0000000000000000000, 1.000000000000000000 ),
 .UNSPECIFIED. ) 
 GEOMETRIC_REPRESENTATION_ITEM ( )  RATIONAL_B_SPLINE_SURFACE ( (
 ( 1.000000000000000000, 0.7056988538191809601, 1.000000000000000000),
 ( 1.000000000000000000, 0.7056986088237979793, 1.000000000000000000),
 ( 1.000000000000000000, 0.7057353144488119900, 1.000000000000000000),
 ( 1.000000000000000000, 0.7058409344617840864, 1.000000000000000000),
 ( 1.000000000000000000, 0.7058840311609430040, 1.000000000000000000),
 ( 1.000000000000000000, 0.7059858867390660375, 1.000000000000000000),
 ( 1.000000000000000000, 0.7060451929884240529, 1.000000000000000000),
 ( 1.000000000000000000, 0.7062396154896759537, 1.000000000000000000),
 ( 1.000000000000000000, 0.7063964550579630020, 1.000000000000000000),
 ( 1.000000000000000000, 0.7067352319907149738, 1.000000000000000000),
 ( 1.000000000000000000, 0.7069210015311709894, 1.000000000000000000),
 ( 1.000000000000000000, 0.7071067811865470176, 1.000000000000000000) ) ) 
 REPRESENTATION_ITEM ( '' )  SURFACE ( )  );
#7594 = CARTESIAN_POINT ( 'NONE',  ( -31.12620657415299874, 0.0000000000000000000, 156.7009867121390130 ) ) ;
#7595 = CARTESIAN_POINT ( 'NONE',  ( -105.0605268568599939, 7.090345380753790394, 268.2554412069350178 ) ) ;
#7596 = AXIS2_PLACEMENT_3D ( 'NONE', #3003, #5464, #4258 ) ;
#7597 = ORIENTED_EDGE ( 'NONE', *, *, #4223, .T. ) ;
#7598 = FACE_OUTER_BOUND ( 'NONE', #3746, .T. ) ;
#7599 = CARTESIAN_POINT ( 'NONE',  ( -87.08153897073030691, 0.0000000000000000000, 137.8609707278629912 ) ) ;
#7600 = DIRECTION ( 'NONE',  ( 3.506950558086305306E-15, -1.961123667350934610E-16, 1.000000000000000000 ) ) ;
#7601 = CARTESIAN_POINT ( 'NONE',  ( -23.33993187794320079, 0.0000000000000000000, 157.5425961499669825 ) ) ;
#7602 = VECTOR ( 'NONE', #6819, 1000.000000000000000 ) ;
#7603 = CARTESIAN_POINT ( 'NONE',  ( -46.62792290196190237, 2.865020876247969639, 137.8609707278629912 ) ) ;
#7604 = ORIENTED_EDGE ( 'NONE', *, *, #150, .F. ) ;
#7605 = CARTESIAN_POINT ( 'NONE',  ( -81.63569240683941075, 3.995356370322069139, 277.6074976944939863 ) ) ;
#7606 = CARTESIAN_POINT ( 'NONE',  ( -2.008963528596295234, 0.01792705718863127004, 320.1698294642982887 ) ) ;
#7607 = ORIENTED_EDGE ( 'NONE', *, *, #4284, .F. ) ;
#7608 = EDGE_CURVE ( 'NONE', #4412, #107, #4251, .T. ) ;
#7609 = CARTESIAN_POINT ( 'NONE',  ( -51.30129784852750419, 0.0000000000000000000, 139.1064193140639986 ) ) ;
#7610 = CARTESIAN_POINT ( 'NONE',  ( -103.3643880126926433, 4.663012345169844863, 292.5397654445807802 ) ) ;
#7611 = ORIENTED_EDGE ( 'NONE', *, *, #1593, .T. ) ;
#7612 = CARTESIAN_POINT ( 'NONE',  ( -105.1320755051920059, 1.650698075394080089, 268.1278866085519894 ) ) ;
#7613 = CARTESIAN_POINT ( 'NONE',  ( -51.00436746076960048, 2.920672710510509695, 142.7348967206310135 ) ) ;
#7614 = CARTESIAN_POINT ( 'NONE',  ( -40.44308570440388451, 2.786372780624382095, 291.4494470697653128 ) ) ;
#7615 = CARTESIAN_POINT ( 'NONE',  ( -23.97638065722810197, 2.576977617618169791, 155.3164070948749895 ) ) ;
#7616 = CARTESIAN_POINT ( 'NONE',  ( -40.84156704467670096, 2.791439979251360448, 292.6142133039739974 ) ) ;
#7617 = EDGE_LOOP ( 'NONE', ( #911, #6473, #2535, #6985 ) ) ;
#7618 = CARTESIAN_POINT ( 'NONE',  ( -104.2045381097430266, 5.521398823916968013, 266.2803648838572030 ) ) ;
#7619 = EDGE_CURVE ( 'NONE', #3189, #5197, #130, .T. ) ;
#7620 = ADVANCED_FACE ( 'NONE', ( #3695 ), #4352, .F. ) ;
#7621 = CARTESIAN_POINT ( 'NONE',  ( -113.4035488654616728, 0.07735952212432158082, 318.2402637728064292 ) ) ;
#7622 = FACE_OUTER_BOUND ( 'NONE', #2716, .T. ) ;
#7623 = EDGE_CURVE ( 'NONE', #7468, #1286, #866, .T. ) ;
#7624 = CARTESIAN_POINT ( 'NONE',  ( -46.62792290196190237, -0.001000001298026020023, 137.8609707278629912 ) ) ;
#7625 = AXIS2_PLACEMENT_3D ( 'NONE', #5770, #1535, #7489 ) ;
#7626 = CARTESIAN_POINT ( 'NONE',  ( -105.9590161994470066, 3.995356370322069139, 323.7500000000000000 ) ) ;
#7627 = VERTEX_POINT ( 'NONE', #6823 ) ;
#7628 = DIRECTION ( 'NONE',  ( 1.000000000000000000, 0.0000000000000000000, 0.0000000000000000000 ) ) ;
#7629 = VERTEX_POINT ( 'NONE', #3922 ) ;
#7630 = CARTESIAN_POINT ( 'NONE',  ( -40.34341320195709812, 1.583455373862799886, 268.6544379066510260 ) ) ;
#7631 = B_SPLINE_CURVE_WITH_KNOTS ( 'NONE', 3,
 ( #7599, #7016, #5327, #7090, #4119, #1056, #6507, #3456, #1131, #3528, #1758, #2351, #4736, #7125, #5841, #474, #6546, #1172, #2868, #5764, #7638, #1250, #7286, #5487, #2549, #4856, #2387, #7325, #6740, #1954, #4351, #1288, #3568, #3685, #3146, #6663, #666, #3068, #4315, #121, #5955, #6701, #4774, #3106, #583, #1796, #4197, #6071, #7166, #1331, #740, #703, #3645, #2984, #1837, #4242, #6583, #36, #1211, #2513, #4892, #7207, #1916, #5523, #3722, #6110, #3607, #5992, #156, #4929, #5363, #6624, #7751, #623, #3023, #5403, #2431, #4815, #6033, #4278, #5444, #79, #2472, #7247, #1879, #856, #3251, #777, #812, #3181, #5558, #2069, #7471, #2109, #3914, #307, #3217 ),
 .UNSPECIFIED., .F., .F.,
 ( 4, 3, 3, 3, 3, 3, 3, 3, 3, 3, 3, 3, 3, 3, 3, 3, 3, 3, 3, 3, 3, 3, 3, 3, 3, 3, 3, 3, 3, 3, 3, 3, 4 ),
 ( 0.0000000000000000000, 0.05729902684956630216, 0.1145980536991259985, 0.1718970805486879916, 0.2291961073982550223, 0.2864951342477979890, 0.3437941610973470619, 0.4010931879469030181, 0.4583922147964570315, 0.5156912416460559534, 0.5729902684955839876, 0.6302892953451509905, 0.6875883221947149959, 0.7448873490442909917, 0.8021863758938730937, 0.8594854027433900256, 0.9177381028539909336, 0.9750371297035610452, 1.032336156553129936, 1.089635183402679841, 1.146934210252209985, 1.204233237101820064, 1.261532263951470112, 1.318831290800950073, 1.377918455014960131, 1.435217481864510036, 1.492516508714009982, 1.549815535563439761, 1.607114562413169967, 1.664413589262830007, 1.721712616112500038, 1.779011642962019968, 1.791528604513010103 ),
 .UNSPECIFIED. ) ;
#7632 = CARTESIAN_POINT ( 'NONE',  ( -70.63732763446100194, 0.0000000000000000000, 152.4942394678199946 ) ) ;
#7633 = CARTESIAN_POINT ( 'NONE',  ( -104.9735017887099957, 14.13761165742170078, 372.3987999999999943 ) ) ;
#7634 = CARTESIAN_POINT ( 'NONE',  ( -105.1167674503269609, 7.571026091960328053, 268.6067933741878164 ) ) ;
#7635 = VERTEX_POINT ( 'NONE', #2670 ) ;
#7636 = CARTESIAN_POINT ( 'NONE',  ( -40.39400455236489762, 0.5835043787469289533, 268.3408797012959894 ) ) ;
#7637 = DATE_AND_TIME ( #7015, #1816 ) ;
#7638 = CARTESIAN_POINT ( 'NONE',  ( -84.27048200262899513, 0.0000000000000000000, 139.3512617518949810 ) ) ;
#7639 = B_SPLINE_CURVE_WITH_KNOTS ( 'NONE', 3,
 ( #6764, #4837, #650, #2455, #4878, #4263, #3167, #4224, #6608, #1819, #3052, #1274 ),
 .UNSPECIFIED., .F., .F.,
 ( 4, 2, 2, 2, 2, 4 ),
 ( 0.0000000000000000000, 0.2500000000000011657, 0.5000000000000023315, 0.7500000000000035527, 0.8750000000000017764, 1.000000000000000000 ),
 .UNSPECIFIED. ) ;
#7640 = DIRECTION ( 'NONE',  ( -3.965082230804120359E-15, 1.652117596168379867E-16, -1.000000000000000000 ) ) ;
#7641 = CARTESIAN_POINT ( 'NONE',  ( -114.5417395603849258, 7.429719920778120823, 283.9012480682922615 ) ) ;
#7642 = CARTESIAN_POINT ( 'NONE',  ( -40.44558174940719653, 0.5835548262203779091, 268.2112330374829980 ) ) ;
#7643 = ORIENTED_EDGE ( 'NONE', *, *, #5603, .F. ) ;
#7644 = CARTESIAN_POINT ( 'NONE',  ( -1.999999999999970024, 0.8775010007995570627, 322.2500000000000000 ) ) ;
#7645 = CARTESIAN_POINT ( 'NONE',  ( -2.264336804268409775, 0.5286736085354120096, 321.7546027035330098 ) ) ;
#7646 = B_SPLINE_CURVE_WITH_KNOTS ( 'NONE', 3,
 ( #5252, #614, #400, #4190 ),
 .UNSPECIFIED., .F., .F.,
 ( 4, 4 ),
 ( 0.0000000000000000000, 0.5458427884721009926 ),
 .UNSPECIFIED. ) ;
#7647 = ORIENTED_EDGE ( 'NONE', *, *, #62, .F. ) ;
#7648 = CARTESIAN_POINT ( 'NONE',  ( -50.65290515068859634, 0.0000000000000000000, 143.8499748687309818 ) ) ;
#7649 = CARTESIAN_POINT ( 'NONE',  ( -103.6696725918402109, 4.933103344176498872, 292.4044877744823907 ) ) ;
#7650 = CARTESIAN_POINT ( 'NONE',  ( -103.9852292615830009, 0.6457027300352999877, 268.0392520605649906 ) ) ;
#7651 = CARTESIAN_POINT ( 'NONE',  ( -51.57132836772399997, 2.927882538138580237, 139.7758817175529771 ) ) ;
#7652 = CARTESIAN_POINT ( 'NONE',  ( -10.32550504901557709, 4.036925615497410469, 311.6043264580320624 ) ) ;
#7653 = CARTESIAN_POINT ( 'NONE',  ( -24.46197149744270050, 2.583152524671510353, 153.2670042788719797 ) ) ;
#7654 = VECTOR ( 'NONE', #7640, 1000.000000000000000 ) ;
#7655 = CARTESIAN_POINT ( 'NONE',  ( -104.9754335771656599, 1.650483696481584106, 267.7216766871322875 ) ) ;
#7656 = ORIENTED_EDGE ( 'NONE', *, *, #4521, .F. ) ;
#7657 = DIRECTION ( 'NONE',  ( -0.9999191579690125398, 0.01271524779707759560, 0.0000000000000000000 ) ) ;
#7658 = AXIS2_PLACEMENT_3D ( 'NONE', #4168, #7064, #5775 ) ;
#7659 = CARTESIAN_POINT ( 'NONE',  ( -44.67704130203600243, 0.0000000000000000000, 145.9572955161680170 ) ) ;
#7660 = LINE ( 'NONE', #7188, #5156 ) ;
#7661 = EDGE_CURVE ( 'NONE', #655, #255, #5723, .T. ) ;
#7662 = CARTESIAN_POINT ( 'NONE',  ( -12.28281649175306356, 3.868754872424443825, 313.2602784566854552 ) ) ;
#7663 = EDGE_CURVE ( 'NONE', #3974, #2245, #5226, .T. ) ;
#7664 = FACE_OUTER_BOUND ( 'NONE', #1391, .T. ) ;
#7665 = ORIENTED_EDGE ( 'NONE', *, *, #3649, .T. ) ;
#7666 = AXIS2_PLACEMENT_3D ( 'NONE', #287, #6872, #1503 ) ;
#7667 = CARTESIAN_POINT ( 'NONE',  ( -40.02526028163472915, 0.5831437112836672654, 291.1586959729328896 ) ) ;
#7668 = CARTESIAN_POINT ( 'NONE',  ( -104.1851587346450003, 1.645898758679850138, 268.6544379066500028 ) ) ;
#7669 = EDGE_CURVE ( 'NONE', #5305, #1402, #5684, .T. ) ;
#7670 = CARTESIAN_POINT ( 'NONE',  ( -40.34672603786399492, 0.5834581357996150297, 289.7324334915280133 ) ) ;
#7671 = CARTESIAN_POINT ( 'NONE',  ( -71.74233269270939672, 2.168404344971009831E-19, 157.3562024543840039 ) ) ;
#7672 = ADVANCED_FACE ( 'NONE', ( #202 ), #2001, .F. ) ;
#7673 = CARTESIAN_POINT ( 'NONE',  ( -62.68263031464610435, 3.069176963702569871, 149.9081454970130096 ) ) ;
#7674 = CARTESIAN_POINT ( 'NONE',  ( -105.0909163658060095, 7.303478976553949842, 268.5054080191380308 ) ) ;
#7675 = ORIENTED_EDGE ( 'NONE', *, *, #3406, .F. ) ;
#7676 = CARTESIAN_POINT ( 'NONE',  ( -40.95107639852820114, 0.5840492487433469604, 267.7349761119230607 ) ) ;
#7677 = PERSON_AND_ORGANIZATION ( #6822, #814 ) ;
#7678 = CARTESIAN_POINT ( 'NONE',  ( -1.830245898735159971, 0.007217135485130389376, 159.8547740578320031 ) ) ;
#7679 = CARTESIAN_POINT ( 'NONE',  ( -104.2747328904298314, 4.712738432254611531, 266.9996602654716753 ) ) ;
#7680 = CARTESIAN_POINT ( 'NONE',  ( -112.9671519962930120, 3.995356370322069139, 163.8962259421609815 ) ) ;
#7681 = ORIENTED_EDGE ( 'NONE', *, *, #5559, .F. ) ;
#7682 = CARTESIAN_POINT ( 'NONE',  ( -114.5293673211220522, 7.620969790403229638, 282.9052218436923454 ) ) ;
#7683 = CARTESIAN_POINT ( 'NONE',  ( -103.1851512589930167, 1.644920654915600133, 291.6544379066509691 ) ) ;
#7684 = LINE ( 'NONE', #3574, #2965 ) ;
#7685 = ORIENTED_EDGE ( 'NONE', *, *, #5645, .F. ) ;
#7686 = CARTESIAN_POINT ( 'NONE',  ( -51.25775387978050190, 0.0000000000000000000, 141.9725567624900293 ) ) ;
#7687 = CARTESIAN_POINT ( 'NONE',  ( -37.77011136694510185, 2.752382501725449959, 149.1705927090359864 ) ) ;
#7688 = CARTESIAN_POINT ( 'NONE',  ( -72.34475268460380448, 13.00321644496600015, 149.8159981027159802 ) ) ;
#7689 = CARTESIAN_POINT ( 'NONE',  ( -50.59829385048569605, 2.915509816643480079, 138.4779746793169863 ) ) ;
#7690 = CARTESIAN_POINT ( 'NONE',  ( -91.64602842227259316, 3.437483522336679975, 138.9322878491429947 ) ) ;
#7691 = CARTESIAN_POINT ( 'NONE',  ( -8.949711076455550085, 8.262268130041759306, 312.2490000000000236 ) ) ;
#7692 = CARTESIAN_POINT ( 'NONE',  ( -23.34098305776900162, 2.568897856434640303, 158.6848958828699949 ) ) ;
#7693 = CARTESIAN_POINT ( 'NONE',  ( -112.9671519962930120, 3.995356370322069139, 159.8547740578390233 ) ) ;
#7694 = ORIENTED_EDGE ( 'NONE', *, *, #1452, .F. ) ;
#7695 = CARTESIAN_POINT ( 'NONE',  ( -113.6584526048410879, 5.158244467920944487, 277.9099665578151530 ) ) ;
#7696 = CARTESIAN_POINT ( 'NONE',  ( -112.9163653464359953, 2.942096037217359683, 323.1169564424390046 ) ) ;
#7697 = CARTESIAN_POINT ( 'NONE',  ( -105.0865742338720139, 8.591120789383650092, 268.6544379066510260 ) ) ;
#7698 = FACE_OUTER_BOUND ( 'NONE', #3518, .T. ) ;
#7699 = AXIS2_PLACEMENT_3D ( 'NONE', #6228, #7292, #1920 ) ;
#7700 = FACE_OUTER_BOUND ( 'NONE', #7617, .T. ) ;
#7701 = VERTEX_POINT ( 'NONE', #2751 ) ;
#7702 = CARTESIAN_POINT ( 'NONE',  ( -40.34439131245559906, 0.5834558522129750235, 289.7859947077570268 ) ) ;
#7703 = CARTESIAN_POINT ( 'NONE',  ( -39.34303389181510369, 1.640397225867032516, 268.6544379066510260 ) ) ;
#7704 = ADVANCED_FACE ( 'NONE', ( #1416 ), #133, .F. ) ;
#7705 = CARTESIAN_POINT ( 'NONE',  ( -41.10628688341459736, 1.794095607220014932, 291.6544379066509123 ) ) ;
#7706 = UNCERTAINTY_MEASURE_WITH_UNIT (LENGTH_MEASURE( 1.000000000000000082E-05 ), #473, 'distance_accuracy_value', 'NONE');
#7707 = AXIS2_PLACEMENT_3D ( 'NONE', #5372, #7216, #89 ) ;
#7708 = CARTESIAN_POINT ( 'NONE',  ( -71.04492174309200436, 0.0000000000000000000, 159.7463123622029855 ) ) ;
#7709 = DIRECTION ( 'NONE',  ( 0.0000000000000000000, 1.000000000000000000, 0.0000000000000000000 ) ) ;
#7710 = CC_DESIGN_PERSON_AND_ORGANIZATION_ASSIGNMENT ( #7677, #2386, ( #942 ) ) ;
#7711 = CARTESIAN_POINT ( 'NONE',  ( -104.7852672370129739, 6.515340080457747263, 267.1059650659010458 ) ) ;
#7712 = ORIENTED_EDGE ( 'NONE', *, *, #7287, .F. ) ;
#7713 = CARTESIAN_POINT ( 'NONE',  ( -84.49881484315760360, 3.346597530473579774, 147.5232267781030089 ) ) ;
#7714 = DIRECTION ( 'NONE',  ( 0.0000000000000000000, -0.9996134796903166642, 0.02780092123324218872 ) ) ;
#7715 = ADVANCED_FACE ( 'NONE', ( #7445 ), #4943, .F. ) ;
#7716 = CARTESIAN_POINT ( 'NONE',  ( -104.3070236590646971, 4.772468645673708210, 267.0229137902485377 ) ) ;
#7717 = CARTESIAN_POINT ( 'NONE',  ( -37.37577310283070631, 2.747367987597860051, 149.1705927090359864 ) ) ;
#7718 = VERTEX_POINT ( 'NONE', #316 ) ;
#7719 = CARTESIAN_POINT ( 'NONE',  ( -113.5281578550440003, 7.684426348569349585, 282.9448300170269590 ) ) ;
#7720 = CARTESIAN_POINT ( 'NONE',  ( -4.961418165267128977, 7.739275378388499327, 161.8755000000000166 ) ) ;
#7721 = EDGE_CURVE ( 'NONE', #2124, #5220, #2711, .T. ) ;
#7722 = CARTESIAN_POINT ( 'NONE',  ( -97.24064524052610636, 3.508626373275320454, 149.1623820816460011 ) ) ;
#7723 = ORIENTED_EDGE ( 'NONE', *, *, #1433, .T. ) ;
#7724 = CARTESIAN_POINT ( 'NONE',  ( -114.7060312689650061, 4.176955404808969874, 277.8622572462750213 ) ) ;
#7725 = CARTESIAN_POINT ( 'NONE',  ( -50.53458563048300078, 0.0000000000000000000, 144.3146031467280181 ) ) ;
#7726 = CARTESIAN_POINT ( 'NONE',  ( -38.81105143951389636, 2.765619013805989734, 149.1478460336999774 ) ) ;
#7727 = AXIS2_PLACEMENT_3D ( 'NONE', #5463, #2327, #3582 ) ;
#7728 = CARTESIAN_POINT ( 'NONE',  ( -104.5093361067850282, 0.6462153570815797332, 267.1455525123018333 ) ) ;
#7729 = CARTESIAN_POINT ( 'NONE',  ( -50.79379769958300272, 2.917996111623420319, 138.5992331205259802 ) ) ;
#7730 = CARTESIAN_POINT ( 'NONE',  ( -91.29167237578339211, 3.432977355650390194, 143.2542791836939955 ) ) ;
#7731 = CARTESIAN_POINT ( 'NONE',  ( -11.55320689834210057, 6.176512579664849234, 314.7490000000000236 ) ) ;
#7732 = CARTESIAN_POINT ( 'NONE',  ( -23.43351125127430024, 2.570074462169510188, 157.0553522801409940 ) ) ;
#7733 = CARTESIAN_POINT ( 'NONE',  ( -66.85473093634611530, 3.122230545901170551, 160.4802146902100048 ) ) ;
#7734 = ORIENTED_EDGE ( 'NONE', *, *, #7, .F. ) ;
#7735 = CARTESIAN_POINT ( 'NONE',  ( -102.7170232982290656, 8.251390183369942122, 314.7490000000000236 ) ) ;
#7736 = CARTESIAN_POINT ( 'NONE',  ( -105.1901225506559854, 0.6468812318867920297, 289.6544379066514239 ) ) ;
#7737 = DIRECTION ( 'NONE',  ( 0.0000000000000000000, -1.000000000000000000, 0.0000000000000000000 ) ) ;
#7738 = DIRECTION ( 'NONE',  ( -0.04817122723086530306, -0.9988390925805179510, 0.0000000000000000000 ) ) ;
#7739 = VERTEX_POINT ( 'NONE', #6899 ) ;
#7740 = FACE_OUTER_BOUND ( 'NONE', #970, .T. ) ;
#7741 = CYLINDRICAL_SURFACE ( 'NONE', #7042, 2.199999999999993960 ) ;
#7742 = CARTESIAN_POINT ( 'NONE',  ( -104.0011543076213059, 1.647481470099638079, 291.4876527709265588 ) ) ;
#7743 = CARTESIAN_POINT ( 'NONE',  ( -22.09826894898149874, 2.553094122242350217, 149.6195175962079986 ) ) ;
#7744 = FACE_OUTER_BOUND ( 'NONE', #3611, .T. ) ;
#7745 = CARTESIAN_POINT ( 'NONE',  ( -64.12005241771150565, 3.087455619615719904, 150.8102261798849781 ) ) ;
#7746 = EDGE_CURVE ( 'NONE', #3445, #6526, #4205, .T. ) ;
#7747 = CARTESIAN_POINT ( 'NONE',  ( -102.5856891815200385, 4.145608230100438441, 265.6553028519209647 ) ) ;
#7748 = ORIENTED_EDGE ( 'NONE', *, *, #3311, .F. ) ;
#7749 = CARTESIAN_POINT ( 'NONE',  ( -105.2126599787829804, 8.610404793811099466, 313.2845339104222262 ) ) ;
#7750 = VECTOR ( 'NONE', #330, 1000.000000000000000 ) ;
#7751 = CARTESIAN_POINT ( 'NONE',  ( -85.07404113862790496, 0.0000000000000000000, 146.1230250893669904 ) ) ;
#7752 = CARTESIAN_POINT ( 'NONE',  ( -105.0351931716204632, 6.939956562088224423, 268.1362723840701392 ) ) ;
#7753 = CARTESIAN_POINT ( 'NONE',  ( -40.11306768434530312, 1.579956052948300105, 267.0562434173130555 ) ) ;
#7754 = ORIENTED_EDGE ( 'NONE', *, *, #2107, .F. ) ;
#7755 = CARTESIAN_POINT ( 'NONE',  ( -114.6397469882940072, 5.718461671081030318, 282.9218579348629987 ) ) ;
#7756 = CARTESIAN_POINT ( 'NONE',  ( -82.30516537798058607, 3.318701499283529976, 148.8292523927139825 ) ) ;
#7757 = ADVANCED_FACE ( 'NONE', ( #1130 ), #6027, .T. ) ;
ENDSEC;
END-ISO-10303-21;
