ISO-10303-21;
HEADER;
FILE_DESCRIPTION (( 'STEP AP203' ),
    '1' );
FILE_NAME ('right.STEP',
    '2021-09-15T09:41:23',
    ( '' ),
    ( '' ),
    'SwSTEP 2.0',
    'SolidWorks 2019',
    '' );
FILE_SCHEMA (( 'CONFIG_CONTROL_DESIGN' ));
ENDSEC;

DATA;
#1 = FACE_OUTER_BOUND ( 'NONE', #2280, .T. ) ;
#2 = FACE_OUTER_BOUND ( 'NONE', #63, .T. ) ;
#3 = CARTESIAN_POINT ( 'NONE',  ( -30.73816891927490147, 2.662962382104459458, 150.8924890185010099 ) ) ;
#4 = CARTESIAN_POINT ( 'NONE',  ( -31.28248240418069770, 0.0000000000000000000, 158.8387645672439987 ) ) ;
#5 = EDGE_CURVE ( 'NONE', #10, #3113, #761, .T. ) ;
#6 = CARTESIAN_POINT ( 'NONE',  ( -91.50824415852379445, 3.435731492487859917, 147.5671307168730095 ) ) ;
#7 = B_SPLINE_CURVE_WITH_KNOTS ( 'NONE', 3,
 ( #1527, #3328, #1024, #2648, #1874, #3850, #3649, #899, #2025, #1978, #3176, #2887, #876, #256, #2838, #234, #684, #1352, #3873, #3544, #1553, #1223, #2862, #1898, #4151, #4176, #2202, #3628, #3283, #3950, #18, #3304, #1001, #338, #2968, #1656, #3198, #1201, #1249 ),
 .UNSPECIFIED., .F., .F.,
 ( 4, 2, 2, 1, 1, 2, 2, 2, 2, 1, 1, 1, 2, 2, 2, 2, 1, 1, 1, 1, 2, 2, 2, 4 ),
 ( 0.0000000000000000000, 0.1250000000000132949, 0.1875000000000199285, 0.2187500000000232592, 0.2343750000000249245, 0.2421875000000257849, 0.2500000000000266454, 0.3750000000000282552, 0.4375000000000290878, 0.4687500000000295319, 0.4843750000000309197, 0.4921875000000316414, 0.4960937500000320299, 0.5000000000000323075, 0.6250000000000327516, 0.6875000000000329736, 0.7187500000000329736, 0.7343750000000316414, 0.7421875000000308642, 0.7460937500000318634, 0.7480468750000324185, 0.7500000000000328626, 0.8750000000000164313, 1.000000000000000000 ),
 .UNSPECIFIED. ) ;
#8 = CARTESIAN_POINT ( 'NONE',  ( -44.63171532646219930, 2.839636783489559946, 138.4275399466240231 ) ) ;
#9 = CARTESIAN_POINT ( 'NONE',  ( -63.95468664229360201, 3.085352782806519922, 150.6600481172870047 ) ) ;
#10 = VERTEX_POINT ( 'NONE', #3384 ) ;
#11 = CARTESIAN_POINT ( 'NONE',  ( -44.65941075970020080, 0.0000000000000000000, 146.0945855557789912 ) ) ;
#12 = VERTEX_POINT ( 'NONE', #440 ) ;
#13 = CARTESIAN_POINT ( 'NONE',  ( -67.78404412602378670, 0.0000000000000000000, 152.8824597521790167 ) ) ;
#14 = CARTESIAN_POINT ( 'NONE',  ( -64.95734101053319876, 0.0000000000000000000, 152.8432848724529833 ) ) ;
#15 = CARTESIAN_POINT ( 'NONE',  ( -30.48026876579289990, 0.0000000000000000000, 151.3287395323339979 ) ) ;
#16 = CARTESIAN_POINT ( 'NONE',  ( 147.1779042723249802, 0.4020322936089180121, 11.49999999999960032 ) ) ;
#17 = CARTESIAN_POINT ( 'NONE',  ( -53.93216868445969681, 2.957903676910280222, 148.6572194861969933 ) ) ;
#18 = CARTESIAN_POINT ( 'NONE',  ( -111.4053565067872142, 2.654043927350623555, 0.2332363374349716023 ) ) ;
#19 = CARTESIAN_POINT ( 'NONE',  ( -113.9565395914201247, 2.433930392579978896, 1.596855327081768916 ) ) ;
#20 = CARTESIAN_POINT ( 'NONE',  ( -9.966437489848093634, 8.655278431673727013, 9.000000000004538592 ) ) ;
#21 = CARTESIAN_POINT ( 'NONE',  ( -31.89113661583549941, 0.0000000000000000000, 149.8159981027159802 ) ) ;
#22 = CARTESIAN_POINT ( 'NONE',  ( -85.04480846673770600, 3.353540609761170188, 146.3123357633270132 ) ) ;
#23 = CARTESIAN_POINT ( 'NONE',  ( -30.25683866663339927, 2.656841653857790142, 151.9871453035729871 ) ) ;
#24 = AXIS2_PLACEMENT_3D ( 'NONE', #622, #3606, #2945 ) ;
#25 = B_SPLINE_CURVE_WITH_KNOTS ( 'NONE', 3,
 ( #2235, #4115, #2805, #285, #2257, #3858, #520, #863, #609, #2187, #3230, #3185, #3142, #2848, #2167, #3792, #3530, #843, #3462, #2576, #886, #3835, #3551, #2509, #198 ),
 .UNSPECIFIED., .F., .F.,
 ( 4, 3, 3, 3, 3, 3, 3, 3, 4 ),
 ( 0.0000000000000000000, 0.05165009745791170059, 0.1141274043252070020, 0.1826721404910419955, 0.2320690625643750116, 0.3155849557914889858, 0.4275624655502959781, 0.5280981542022610276, 0.5486197793629310482 ),
 .UNSPECIFIED. ) ;
#26 = CARTESIAN_POINT ( 'NONE',  ( -31.24503885376669743, 0.0000000000000000000, 157.1564151413420234 ) ) ;
#27 = FACE_OUTER_BOUND ( 'NONE', #1971, .T. ) ;
#28 = CARTESIAN_POINT ( 'NONE',  ( -8.965620329501359009, 7.932386895312930619, 161.8745000000000118 ) ) ;
#29 = CARTESIAN_POINT ( 'NONE',  ( -64.06960162794689495, 3.086814073458409968, 150.7671073842810188 ) ) ;
#30 = ORIENTED_EDGE ( 'NONE', *, *, #1765, .F. ) ;
#31 = CARTESIAN_POINT ( 'NONE',  ( -44.61358212832099923, 0.0000000000000000000, 146.3435784993340292 ) ) ;
#32 = VERTEX_POINT ( 'NONE', #2372 ) ;
#33 = CARTESIAN_POINT ( 'NONE',  ( -83.45014360182798896, 3.333262390480450144, 148.5251873153569875 ) ) ;
#34 = CARTESIAN_POINT ( 'NONE',  ( -63.73116702910471076, 0.0000000000000000000, 158.0453629094130008 ) ) ;
#35 = ADVANCED_FACE ( 'NONE', ( #3675 ), #884, .T. ) ;
#36 = CARTESIAN_POINT ( 'NONE',  ( -111.9659986389229545, 0.4492224104421058684, 2.035270681976318219 ) ) ;
#37 = LINE ( 'NONE', #1734, #1832 ) ;
#38 = DIRECTION ( 'NONE',  ( -3.909376679712113281E-30, -4.342100274480069708E-16, 1.000000000000000000 ) ) ;
#39 =( BOUNDED_CURVE ( )  B_SPLINE_CURVE ( 3, ( #3826, #875, #278, #1552 ),
 .UNSPECIFIED., .F., .T. ) 
 B_SPLINE_CURVE_WITH_KNOTS ( ( 4, 4 ),
 ( -1.243449787580175325E-13, 3.141592653589660333 ),
 .UNSPECIFIED. ) 
 CURVE ( )  GEOMETRIC_REPRESENTATION_ITEM ( )  RATIONAL_B_SPLINE_CURVE ( ( 1.000000000000000000, 0.3333333333333362014, 0.3333333333333362014, 1.000000000000000000 ) ) 
 REPRESENTATION_ITEM ( '' )  );
#40 = CARTESIAN_POINT ( 'NONE',  ( -83.28715572746540374, 3.331189791716919757, 148.5806141149730024 ) ) ;
#41 = LINE ( 'NONE', #1679, #1611 ) ;
#42 = CARTESIAN_POINT ( 'NONE',  ( -70.81262850592069924, 3.172560261660769765, 159.8882727951099980 ) ) ;
#43 = ORIENTED_EDGE ( 'NONE', *, *, #1695, .F. ) ;
#44 = CARTESIAN_POINT ( 'NONE',  ( -1.282084449470529908, 0.1332924004258379813, 5.001000000001090129 ) ) ;
#45 = CARTESIAN_POINT ( 'NONE',  ( -11.88315225431639988, 4.828773849210759472, 9.713874857825659959 ) ) ;
#46 = CARTESIAN_POINT ( 'NONE',  ( -52.84085623724330105, -0.001000001298026020023, 148.5251873153569875 ) ) ;
#47 = CARTESIAN_POINT ( 'NONE',  ( -29.22624380208650052, 0.0000000000000000000, 160.3119120940700100 ) ) ;
#48 = CARTESIAN_POINT ( 'NONE',  ( -86.91631892973019546, 0.0000000000000000000, 137.8869402149240102 ) ) ;
#49 = AXIS2_PLACEMENT_3D ( 'NONE', #1730, #3023, #110 ) ;
#50 = CARTESIAN_POINT ( 'NONE',  ( -19.65356961848119965, 0.0000000000000000000, 149.1705927090359864 ) ) ;
#51 = VECTOR ( 'NONE', #3983, 1000.000000000000000 ) ;
#52 = CARTESIAN_POINT ( 'NONE',  ( -64.50334829036461315, 3.092329654656329918, 151.2719135448429881 ) ) ;
#53 = CARTESIAN_POINT ( 'NONE',  ( -44.29618560505030445, 0.0000000000000000000, 143.2845443677060189 ) ) ;
#54 = ORIENTED_EDGE ( 'NONE', *, *, #1051, .F. ) ;
#55 = DIRECTION ( 'NONE',  ( 0.1214093666953637296, 0.0000000000000000000, -0.9926025214952008957 ) ) ;
#56 = CARTESIAN_POINT ( 'NONE',  ( -0.02330925388543584817, 2.011767740017293082, 3.500555794935233056 ) ) ;
#57 = CARTESIAN_POINT ( 'NONE',  ( -64.32232269892899978, 0.0000000000000000000, 155.6454242085459896 ) ) ;
#58 = CARTESIAN_POINT ( 'NONE',  ( -31.10367732688030173, 0.0000000000000000000, 150.4490065956119906 ) ) ;
#59 = LINE ( 'NONE', #3027, #2259 ) ;
#60 = CARTESIAN_POINT ( 'NONE',  ( -104.4799380793308785, 8.644191966433286467, 9.732233041612705193 ) ) ;
#61 = ADVANCED_FACE ( 'NONE', ( #2049 ), #3404, .T. ) ;
#62 = CARTESIAN_POINT ( 'NONE',  ( -69.10099131913230508, 3.150794612462210154, 160.4312292543719991 ) ) ;
#63 = EDGE_LOOP ( 'NONE', ( #3060, #132, #209, #2282 ) ) ;
#64 = DIRECTION ( 'NONE',  ( 0.8650200284677207474, -0.04171750651340189187, -0.5000000000000078826 ) ) ;
#65 = VECTOR ( 'NONE', #3287, 1000.000000000000000 ) ;
#66 = CARTESIAN_POINT ( 'NONE',  ( -13.41361940698079991, 2.567661124186449761, 12.71706049380540016 ) ) ;
#67 = CARTESIAN_POINT ( 'NONE',  ( -29.29433071336539740, 2.644602225661119910, 160.2914701242370086 ) ) ;
#68 = CARTESIAN_POINT ( 'NONE',  ( -30.19165721798239943, 0.0000000000000000000, 153.2038843075590080 ) ) ;
#69 = CARTESIAN_POINT ( 'NONE',  ( -2.000000000000000000, 0.0000000000000000000, 149.1705927090359864 ) ) ;
#70 = CARTESIAN_POINT ( 'NONE',  ( -44.66307868926769942, 2.840035497162709976, 144.8971635365749933 ) ) ;
#71 = CARTESIAN_POINT ( 'NONE',  ( -101.5472062834697198, 3.725339529833167518, 13.36372380476085553 ) ) ;
#72 = CARTESIAN_POINT ( 'NONE',  ( -44.12506024733700372, 0.0000000000000000000, 142.7251734776679939 ) ) ;
#73 = ORIENTED_EDGE ( 'NONE', *, *, #3531, .F. ) ;
#74 = CARTESIAN_POINT ( 'NONE',  ( -112.7643120787219999, 2.000000000000000000, 4.000000000000000000 ) ) ;
#75 = CARTESIAN_POINT ( 'NONE',  ( -72.01223519455001565, 0.0000000000000000000, 150.0476972896009897 ) ) ;
#76 =( BOUNDED_CURVE ( )  B_SPLINE_CURVE ( 3, ( #1050, #2376, #3638, #693, #648, #2010, #305, #989, #3593, #1664, #2934, #1965, #3271, #1318 ),
 .UNSPECIFIED., .F., .T. ) 
 B_SPLINE_CURVE_WITH_KNOTS ( ( 4, 2, 2, 2, 2, 2, 4 ),
 ( 0.0000000000000000000, 0.09074999533283652220, 0.2206428531424301231, 0.3505357109520243486, 0.4804285687616179357, 0.7402142843808121597, 1.000000000000000000 ),
 .UNSPECIFIED. ) 
 CURVE ( )  GEOMETRIC_REPRESENTATION_ITEM ( )  RATIONAL_B_SPLINE_CURVE ( ( 0.9999988769945643563, 0.9999988843664000537, 0.9999989001970838176, 0.9999989570431180308, 0.9999990059603918180, 0.9999991236411083229, 0.9999991922594836380, 0.9999993361722964158, 0.9999994113987059619, 0.9999996296429971565, 0.9999997638009090473, 0.9999999489023194688, 1.000000000610601569, 1.000000000000000000 ) ) 
 REPRESENTATION_ITEM ( '' )  );
#77 = CARTESIAN_POINT ( 'NONE',  ( -64.72077808371480501, 0.0000000000000000000, 154.3771523193640007 ) ) ;
#78 = CARTESIAN_POINT ( 'NONE',  ( -85.11686331524529692, 3.354457098636089984, 138.4615124993859752 ) ) ;
#79 = CARTESIAN_POINT ( 'NONE',  ( -93.83681211297889035, 0.0000000000000000000, 148.9554575778096535 ) ) ;
#80 = LINE ( 'NONE', #1409, #664 ) ;
#81 = CARTESIAN_POINT ( 'NONE',  ( -46.28082788963130412, -0.001000001298026020023, 146.3365109029739983 ) ) ;
#82 = CARTESIAN_POINT ( 'NONE',  ( -104.2912796433729739, 3.598284024508442869, 8.999999999994937383 ) ) ;
#83 = ADVANCED_FACE ( 'NONE', ( #4078 ), #3761, .T. ) ;
#84 = DIRECTION ( 'NONE',  ( -3.408894374718760498E-15, 1.845763451624369877E-16, -1.000000000000000000 ) ) ;
#85 = DIRECTION ( 'NONE',  ( 0.0000000000000000000, 0.0000000000000000000, -1.000000000000000000 ) ) ;
#86 = CARTESIAN_POINT ( 'NONE',  ( -49.29971046492219955, 0.0000000000000000000, 138.0047003069609843 ) ) ;
#87 = DIRECTION ( 'NONE',  ( 0.0000000000000000000, 1.000000000000000000, 0.0000000000000000000 ) ) ;
#88 = CARTESIAN_POINT ( 'NONE',  ( -43.60919136738190360, 2.826633915866090252, 139.7474266713919917 ) ) ;
#89 = APPROVAL_PERSON_ORGANIZATION ( #823, #4108, #4116 ) ;
#90 = DIRECTION ( 'NONE',  ( -0.8650200284677300733, 0.04171750651340229432, -0.4999999999999916178 ) ) ;
#91 = CARTESIAN_POINT ( 'NONE',  ( -44.48421730484009373, 0.0000000000000000000, 143.9738352552880087 ) ) ;
#92 = EDGE_LOOP ( 'NONE', ( #2535, #3438, #4188, #1932, #1005, #4131, #3854, #3125 ) ) ;
#93 = CARTESIAN_POINT ( 'NONE',  ( -23.40300258064999994, 0.0000000000000000000, 150.2995160384409985 ) ) ;
#94 = CARTESIAN_POINT ( 'NONE',  ( -94.90879894827999408, 3.478973812239170016, 149.0092559844929951 ) ) ;
#95 = PERSON_AND_ORGANIZATION ( #2854, #2916 ) ;
#96 = CARTESIAN_POINT ( 'NONE',  ( -111.6365627221619974, 0.8767006227390600204, 1.500999999999999890 ) ) ;
#97 = CARTESIAN_POINT ( 'NONE',  ( -17.75822642540810037, 2.497905833491870009, 149.1728071058069816 ) ) ;
#98 = CARTESIAN_POINT ( 'NONE',  ( -66.85473093634611530, -0.001000001298026020023, 160.4802146902100048 ) ) ;
#99 = CARTESIAN_POINT ( 'NONE',  ( -25.67083650799749606, 2.598523005036940337, 160.3630873272550161 ) ) ;
#100 = ORIENTED_EDGE ( 'NONE', *, *, #3054, .T. ) ;
#101 = CARTESIAN_POINT ( 'NONE',  ( -105.0539410357470018, 12.56645895492219900, 149.1705927090359864 ) ) ;
#102 = CARTESIAN_POINT ( 'NONE',  ( -11.60901814786470077, 5.999134316529890931, 9.195413814747849912 ) ) ;
#103 = CARTESIAN_POINT ( 'NONE',  ( -30.37030674180569889, 2.658284541108010046, 159.8818409305440014 ) ) ;
#104 = EDGE_CURVE ( 'NONE', #3275, #1737, #3732, .T. ) ;
#105 = CARTESIAN_POINT ( 'NONE',  ( -43.63003359199180409, 2.826898965613259929, 139.6409794608370021 ) ) ;
#106 = VECTOR ( 'NONE', #3302, 1000.000000000000000 ) ;
#107 = CARTESIAN_POINT ( 'NONE',  ( -103.2272800625583073, 4.553859305217978992, 12.51884928669859143 ) ) ;
#108 = CARTESIAN_POINT ( 'NONE',  ( -46.44828570176149896, 2.173436787954620055E-19, 137.8862492540910125 ) ) ;
#109 = ORIENTED_EDGE ( 'NONE', *, *, #3266, .T. ) ;
#110 = DIRECTION ( 'NONE',  ( -0.9988390925805179510, 0.04817122723086545572, 0.0000000000000000000 ) ) ;
#111 = CARTESIAN_POINT ( 'NONE',  ( -3.261277437104225463, 3.630660870597036016, 0.06880307537622676328 ) ) ;
#112 = AXIS2_PLACEMENT_3D ( 'NONE', #3035, #2055, #3355 ) ;
#113 = CARTESIAN_POINT ( 'NONE',  ( -66.26003309738860025, 0.0000000000000000000, 160.3868787525200048 ) ) ;
#114 = DIRECTION ( 'NONE',  ( -0.9988390925805179510, 0.04817122723086519898, 0.0000000000000000000 ) ) ;
#115 = CARTESIAN_POINT ( 'NONE',  ( -91.34439852257840187, 3.433647890618630072, 143.0862828338599968 ) ) ;
#116 = CARTESIAN_POINT ( 'NONE',  ( -79.50799923817189097, 3.283132517012420148, 149.1378050306910268 ) ) ;
#117 = B_SPLINE_CURVE_WITH_KNOTS ( 'NONE', 3,
 ( #2161, #1180, #1663, #2953, #47, #2745, #3291, #988, #346, #323, #1622, #3916, #3613, #670, #647, #1436, #3957, #3248, #3592, #2975, #2293, #1360, #4, #2313, #2677, #3936, #3312, #390, #1964, #1641, #3270, #1317, #3637, #2631, #1988, #2933, #26, #1340, #1031, #2656, #947, #1011, #4243, #2337, #692, #2009, #1295, #2274, #712, #1704, #370, #3570, #1685, #2357, #2999, #628, #3982, #1944, #304, #2612, #3017, #3656, #965, #2034, #3335, #68, #4058, #781, #1105, #2105, #3734, #2427, #3646, #1407, #3625, #1328, #723, #701, #3365, #681, #15, #3280, #3947, #401, #1653, #1370, #1733, #2324, #58, #3670, #418, #998, #3968, #2688, #741, #2022, #3927 ),
 .UNSPECIFIED., .F., .F.,
 ( 4, 3, 3, 3, 3, 3, 3, 3, 3, 3, 3, 3, 3, 3, 3, 3, 3, 3, 3, 3, 3, 3, 3, 3, 3, 3, 3, 3, 3, 3, 3, 3, 4 ),
 ( 0.0000000000000000000, 0.07077011098253109533, 0.1415402219650130078, 0.2123103329475470036, 0.2830804439300350084, 0.3538505549125319782, 0.4246206658950529844, 0.4953907768775979159, 0.5661608878600660200, 0.6369309988425959634, 0.7077011098251340115, 0.7784712208076399742, 0.8492413317901940095, 0.9200114427726300281, 0.9907815537552100427, 1.061551664737770073, 1.134610832572279904, 1.205380943554799966, 1.276151054537330021, 1.346921165519859853, 1.417691276502379916, 1.488461387484889986, 1.559231498467399835, 1.630001609449910127, 1.700771720432450174, 1.771541831414970014, 1.842311942397510283, 1.913082053380049885, 1.983852164362559956, 2.054622275345109994, 2.125392386327620287, 2.196162497310159889, 2.230498350089969772 ),
 .UNSPECIFIED. ) ;
#118 = CARTESIAN_POINT ( 'NONE',  ( -23.38610115287849922, 2.569471460637850146, 157.2973849722310149 ) ) ;
#119 = CARTESIAN_POINT ( 'NONE',  ( -81.06186215499751313, -0.001000001298026020023, 138.7571094230850122 ) ) ;
#120 = CARTESIAN_POINT ( 'NONE',  ( -104.7685855230669461, 6.333539466050028821, 9.472989462680223127 ) ) ;
#121 = CARTESIAN_POINT ( 'NONE',  ( -10.20199119474759719, 4.056614763655597145, 10.16609408370639933 ) ) ;
#122 = CARTESIAN_POINT ( 'NONE',  ( -58.21894507059620594, 13.00321644496600015, 149.1705927090359864 ) ) ;
#123 = AXIS2_PLACEMENT_3D ( 'NONE', #3848, #3543, #2201 ) ;
#124 = CARTESIAN_POINT ( 'NONE',  ( -114.8000987936699318, 4.492329369421460017E-08, 3.504367784917102213 ) ) ;
#125 = CARTESIAN_POINT ( 'NONE',  ( -44.45027136854249505, 2.837329338275529800, 143.8213643122930137 ) ) ;
#126 = EDGE_CURVE ( 'NONE', #3510, #1589, #780, .T. ) ;
#127 = VECTOR ( 'NONE', #1614, 1000.000000000000114 ) ;
#128 = CARTESIAN_POINT ( 'NONE',  ( -103.8882410925967292, 5.156405837904801004, 12.18412210878549651 ) ) ;
#129 = ORIENTED_EDGE ( 'NONE', *, *, #4103, .T. ) ;
#130 = CARTESIAN_POINT ( 'NONE',  ( -46.53680630763569326, 0.0000000000000000000, 137.8732103644219933 ) ) ;
#131 = CARTESIAN_POINT ( 'NONE',  ( -92.04079416115020251, 0.0000000000000000000, 140.5411208140679946 ) ) ;
#132 = ORIENTED_EDGE ( 'NONE', *, *, #740, .T. ) ;
#133 = CARTESIAN_POINT ( 'NONE',  ( -23.70646890779330107, 0.0000000000000000000, 150.6106116255199936 ) ) ;
#134 = CARTESIAN_POINT ( 'NONE',  ( -95.14899435229219193, 3.482028268745740007, 149.0356252432469830 ) ) ;
#135 = CARTESIAN_POINT ( 'NONE',  ( -112.2799550337949910, 3.250018615143710043, 0.3031338125983559784 ) ) ;
#136 = CARTESIAN_POINT ( 'NONE',  ( -91.99436700220449836, 3.441913004333399861, 139.6191460765920169 ) ) ;
#137 = CARTESIAN_POINT ( 'NONE',  ( -51.90866210755419985, 2.932171724857200346, 148.0717680189579823 ) ) ;
#138 = CARTESIAN_POINT ( 'NONE',  ( -23.29201126626189833, 2.568274987689020072, 158.3943659319089932 ) ) ;
#139 = CARTESIAN_POINT ( 'NONE',  ( -105.3267298346460024, 3.611451094724710043, 11.49999999999980105 ) ) ;
#140 = CARTESIAN_POINT ( 'NONE',  ( -102.7117101808080122, 8.629097209578100447, 11.50000001516310100 ) ) ;
#141 = CARTESIAN_POINT ( 'NONE',  ( -71.47648100537288940, 0.0000000000000000000, 156.3586365057369960 ) ) ;
#142 = FACE_OUTER_BOUND ( 'NONE', #3159, .T. ) ;
#143 = VERTEX_POINT ( 'NONE', #459 ) ;
#144 = PLANE ( 'NONE',  #4030 ) ;
#145 = CARTESIAN_POINT ( 'NONE',  ( -43.97556948680999511, 2.831293081140300316, 142.2435715433360031 ) ) ;
#146 = CARTESIAN_POINT ( 'NONE',  ( -102.4916599952772032, 4.080165519738571334, 12.88921459746170406 ) ) ;
#147 = EDGE_LOOP ( 'NONE', ( #2816, #1154, #224, #1681, #3578, #187, #874, #3098, #1492, #3941 ) ) ;
#148 = CARTESIAN_POINT ( 'NONE',  ( -83.83036357774500402, 0.0000000000000000000, 148.2358497701959834 ) ) ;
#149 = CARTESIAN_POINT ( 'NONE',  ( -91.78707281031698528, 0.0000000000000000000, 141.7027619278210011 ) ) ;
#150 = AXIS2_PLACEMENT_3D ( 'NONE', #3830, #585, #3876 ) ;
#151 = VERTEX_POINT ( 'NONE', #3108 ) ;
#152 = CARTESIAN_POINT ( 'NONE',  ( -24.45277461366379868, 0.0000000000000000000, 152.2398395441329910 ) ) ;
#153 = LINE ( 'NONE', #2145, #3935 ) ;
#154 =( LENGTH_UNIT ( ) NAMED_UNIT ( * ) SI_UNIT ( .MILLI., .METRE. ) );
#155 = CARTESIAN_POINT ( 'NONE',  ( -62.44054221136629224, 13.00321644496600015, 149.8159981027159802 ) ) ;
#156 = CARTESIAN_POINT ( 'NONE',  ( -92.02780804908880441, 3.442338105241110391, 139.7689755645959906 ) ) ;
#157 = CARTESIAN_POINT ( 'NONE',  ( -51.30226662676359695, 2.924461075914929875, 139.1017277016220248 ) ) ;
#158 = EDGE_CURVE ( 'NONE', #677, #4036, #3087, .T. ) ;
#159 = EDGE_CURVE ( 'NONE', #2185, #3711, #3403, .T. ) ;
#160 = CARTESIAN_POINT ( 'NONE',  ( -23.92333431350840200, 2.576303233900139933, 155.4866712560639996 ) ) ;
#161 = CARTESIAN_POINT ( 'NONE',  ( -81.06186215499751313, 13.00321644496600015, 138.7571094230850122 ) ) ;
#162 = CARTESIAN_POINT ( 'NONE',  ( -103.4590627952369886, 4.633846046370848626, 10.80401834904059477 ) ) ;
#163 = CARTESIAN_POINT ( 'NONE',  ( -70.98658411028630155, 0.0000000000000000000, 159.7815278242179886 ) ) ;
#164 = EDGE_CURVE ( 'NONE', #4036, #1872, #1921, .T. ) ;
#165 = CARTESIAN_POINT ( 'NONE',  ( -50.66024879067040132, 0.0000000000000000000, 143.8202058523259836 ) ) ;
#166 = ORIENTED_EDGE ( 'NONE', *, *, #2062, .F. ) ;
#167 = CARTESIAN_POINT ( 'NONE',  ( -113.8505657904419621, 0.9359564508294978546, 1.324996546689060528 ) ) ;
#168 = CARTESIAN_POINT ( 'NONE',  ( -111.6656410625911349, 3.995356370322069139, 5.001000000000000334 ) ) ;
#169 = DIRECTION ( 'NONE',  ( 1.000000000000000000, 0.0000000000000000000, 0.0000000000000000000 ) ) ;
#170 = PLANE ( 'NONE',  #2767 ) ;
#171 = EDGE_LOOP ( 'NONE', ( #2640, #1803, #192, #556 ) ) ;
#172 = DIRECTION ( 'NONE',  ( 0.0000000000000000000, 0.0000000000000000000, -1.000000000000000000 ) ) ;
#173 = CARTESIAN_POINT ( 'NONE',  ( -102.6056729345131799, 6.966045072707567343, 9.255369480824061412 ) ) ;
#174 = ORIENTED_EDGE ( 'NONE', *, *, #1885, .F. ) ;
#175 = CARTESIAN_POINT ( 'NONE',  ( -23.43088053105610058, 0.0000000000000000000, 157.0979001572520133 ) ) ;
#176 = CARTESIAN_POINT ( 'NONE',  ( -93.71653894283329578, 3.463813737486560296, 148.8292523927129878 ) ) ;
#177 = CARTESIAN_POINT ( 'NONE',  ( -66.85473093634611530, 3.122230545901170551, 160.4802146902100048 ) ) ;
#178 = CARTESIAN_POINT ( 'NONE',  ( -90.84844315729428388, 3.427341311309680005, 145.6030055198779678 ) ) ;
#179 = ORIENTED_EDGE ( 'NONE', *, *, #3814, .F. ) ;
#180 = CARTESIAN_POINT ( 'NONE',  ( -51.40586925680280217, 2.925778559885459984, 141.4781515845130286 ) ) ;
#181 = AXIS2_PLACEMENT_3D ( 'NONE', #74, #3701, #397 ) ;
#182 = CARTESIAN_POINT ( 'NONE',  ( -23.58901357583589942, 2.572051853824980139, 156.5150397684139989 ) ) ;
#183 = EDGE_CURVE ( 'NONE', #3825, #1511, #4144, .T. ) ;
#184 = CARTESIAN_POINT ( 'NONE',  ( -101.9946824954169529, 3.836031390336430480, 12.27842467643298718 ) ) ;
#185 = CARTESIAN_POINT ( 'NONE',  ( -71.69865492253509842, 0.0000000000000000000, 157.1564151413420234 ) ) ;
#186 = CARTESIAN_POINT ( 'NONE',  ( -51.51252963628730441, 0.0000000000000000000, 141.0461310653499822 ) ) ;
#187 = ORIENTED_EDGE ( 'NONE', *, *, #1210, .F. ) ;
#188 = CARTESIAN_POINT ( 'NONE',  ( -114.7188489735439987, 0.08019201046953976231, 3.038238964464247793 ) ) ;
#189 = CARTESIAN_POINT ( 'NONE',  ( -34.38810471654980461, 2.709375999560160064, 149.3138890520220059 ) ) ;
#190 = CARTESIAN_POINT ( 'NONE',  ( -1.095827861741899945, 3.995356370322069139, 5.001000000001090129 ) ) ;
#191 = CARTESIAN_POINT ( 'NONE',  ( -75.49326743183638655, 3.232080986503739872, 149.2525703222679851 ) ) ;
#192 = ORIENTED_EDGE ( 'NONE', *, *, #665, .F. ) ;
#193 = CARTESIAN_POINT ( 'NONE',  ( -84.59704158969309162, 0.0000000000000000000, 142.7120581586090111 ) ) ;
#194 = CARTESIAN_POINT ( 'NONE',  ( -90.29851873254860095, 2.168404344971009831E-19, 138.1409052292879949 ) ) ;
#195 = AXIS2_PLACEMENT_3D ( 'NONE', #140, #4079, #1456 ) ;
#196 = ORIENTED_EDGE ( 'NONE', *, *, #3843, .F. ) ;
#197 = CARTESIAN_POINT ( 'NONE',  ( -24.48647396534270015, 0.0000000000000000000, 152.8806194414200093 ) ) ;
#198 = CARTESIAN_POINT ( 'NONE',  ( -37.44383207444760586, 2.748233444252059954, 149.1705927090359864 ) ) ;
#199 = CARTESIAN_POINT ( 'NONE',  ( -64.93554963756679399, 13.00321644496600015, 155.4866532908079932 ) ) ;
#200 = CARTESIAN_POINT ( 'NONE',  ( -91.43474534623528882, 3.434796560882799721, 138.7270358414070017 ) ) ;
#201 = ORIENTED_EDGE ( 'NONE', *, *, #1885, .T. ) ;
#202 = CARTESIAN_POINT ( 'NONE',  ( -51.59677965013990075, 2.928206079391890260, 139.9543932279269995 ) ) ;
#203 = CARTESIAN_POINT ( 'NONE',  ( -1.282084449470529908, 0.1332924004258379813, 5.001000000001090129 ) ) ;
#204 = CARTESIAN_POINT ( 'NONE',  ( -52.84085623724340053, -0.001000001298026020023, 148.5251873153569875 ) ) ;
#205 = CARTESIAN_POINT ( 'NONE',  ( -69.88557016777070885, 0.0000000000000000000, 160.2587970687999928 ) ) ;
#206 = CARTESIAN_POINT ( 'NONE',  ( -50.42633849347220121, 0.0000000000000000000, 144.8960597127789924 ) ) ;
#207 =( BOUNDED_SURFACE ( )  B_SPLINE_SURFACE ( 3, 2, ( 
 ( #3278, #2283, #332 ),
 ( #2264, #2662, #3965 ),
 ( #2302, #3536, #4251 ),
 ( #3885, #2963, #3944 ) ),
 .UNSPECIFIED., .F., .F., .F. ) 
 B_SPLINE_SURFACE_WITH_KNOTS ( ( 4, 4 ),
 ( 3, 3 ),
 ( 0.0008403575345478940311, 0.0009169570725424430096 ),
 ( 0.0000000000000000000, 1.000000000000000000 ),
 .UNSPECIFIED. ) 
 GEOMETRIC_REPRESENTATION_ITEM ( )  RATIONAL_B_SPLINE_SURFACE ( (
 ( 1.000000000000000000, 0.7071067811865480168, 1.000000000000000000),
 ( 1.000000000000000000, 0.7072220033406170225, 1.000000000000000000),
 ( 1.000000000000000000, 0.7073351037280830589, 1.000000000000000000),
 ( 1.000000000000000000, 0.7074461177046060811, 1.000000000000000000) ) ) 
 REPRESENTATION_ITEM ( '' )  SURFACE ( )  );
#208 = ADVANCED_FACE ( 'NONE', ( #898 ), #3107, .T. ) ;
#209 = ORIENTED_EDGE ( 'NONE', *, *, #3920, .F. ) ;
#210 = CARTESIAN_POINT ( 'NONE',  ( -37.44383207444760586, -0.001000001298026020023, 149.1705927090359864 ) ) ;
#211 = FACE_OUTER_BOUND ( 'NONE', #4007, .T. ) ;
#212 = CARTESIAN_POINT ( 'NONE',  ( -112.7359700596360028, 0.05568174811012140124, 3.334436341997970121 ) ) ;
#213 = DIRECTION ( 'NONE',  ( -0.04817122723086530306, -0.9988390925805179510, 0.0000000000000000000 ) ) ;
#214 = ADVANCED_FACE ( 'NONE', ( #2248 ), #2462, .T. ) ;
#215 = EDGE_CURVE ( 'NONE', #663, #984, #39, .T. ) ;
#216 = CARTESIAN_POINT ( 'NONE',  ( -7.344533915294872095, 3.995356370322069584, 9.401000000000255596 ) ) ;
#217 = ORIENTED_EDGE ( 'NONE', *, *, #2196, .F. ) ;
#218 = CARTESIAN_POINT ( 'NONE',  ( -84.24089375877100849, -1.878550007970589937E-21, 139.4201282546019911 ) ) ;
#219 = CARTESIAN_POINT ( 'NONE',  ( -90.48557685726490263, 2.153124642263540087E-19, 138.1996618929150316 ) ) ;
#220 = CARTESIAN_POINT ( 'NONE',  ( -23.34833806416709834, 0.0000000000000000000, 157.4852152286410103 ) ) ;
#221 = CARTESIAN_POINT ( 'NONE',  ( -68.98807610079749963, -0.001000001298026020023, 152.0032210447369891 ) ) ;
#222 = CARTESIAN_POINT ( 'NONE',  ( -64.94981856290770850, 3.098007310680900073, 153.0449048821059819 ) ) ;
#223 = CARTESIAN_POINT ( 'NONE',  ( 0.1926849089234610179, 3.995356370322069139, 0.0000000000000000000 ) ) ;
#224 = ORIENTED_EDGE ( 'NONE', *, *, #4076, .F. ) ;
#225 = CARTESIAN_POINT ( 'NONE',  ( -51.52094749441750565, 2.927241926494309698, 139.5662528768050095 ) ) ;
#226 = CARTESIAN_POINT ( 'NONE',  ( -64.14615794667780335, 1.797463185743720072E-21, 150.8345496903949936 ) ) ;
#227 = B_SPLINE_CURVE_WITH_KNOTS ( 'NONE', 3,
 ( #1808, #3157, #1830, #4200, #1486, #4153, #1179, #3852, #923, #1530, #3478, #2840, #2819, #4107, #2159, #1855 ),
 .UNSPECIFIED., .F., .F.,
 ( 4, 2, 2, 2, 2, 2, 2, 4 ),
 ( 0.0000000000000000000, 0.2500000000000028866, 0.3749999999999982792, 0.5000000000000000000, 0.6250000000000014433, 0.7500000000000032196, 0.8749999999999982236, 1.000000000000000000 ),
 .UNSPECIFIED. ) ;
#228 = DIRECTION ( 'NONE',  ( -1.000000000000000000, 0.0000000000000000000, 0.0000000000000000000 ) ) ;
#229 = CARTESIAN_POINT ( 'NONE',  ( -70.71941064679310784, 0.0000000000000000000, 153.7396823796860303 ) ) ;
#230 = CARTESIAN_POINT ( 'NONE',  ( -50.88181351341049918, 0.0000000000000000000, 147.1402942141980077 ) ) ;
#231 = CARTESIAN_POINT ( 'NONE',  ( -70.62231503486150075, 3.170140287096389731, 152.7193666826699996 ) ) ;
#232 = ORIENTED_EDGE ( 'NONE', *, *, #215, .T. ) ;
#233 = CARTESIAN_POINT ( 'NONE',  ( -4.961418165267629909, 7.739275378388519755, 5.000999999999670820 ) ) ;
#234 = CARTESIAN_POINT ( 'NONE',  ( -112.1217977080781338, 1.258727292544112863, 1.086392616467566574 ) ) ;
#235 = CARTESIAN_POINT ( 'NONE',  ( -72.21742875925880867, 3.190424090485000086, 149.8989628458570280 ) ) ;
#236 =( BOUNDED_CURVE ( )  B_SPLINE_CURVE ( 3, ( #3156, #2455, #811, #1854 ),
 .UNSPECIFIED., .F., .T. ) 
 B_SPLINE_CURVE_WITH_KNOTS ( ( 4, 4 ),
 ( 4.590679350631954314, 4.834098610137536944 ),
 .UNSPECIFIED. ) 
 CURVE ( )  GEOMETRIC_REPRESENTATION_ITEM ( )  RATIONAL_B_SPLINE_CURVE ( ( 1.000000000000000000, 0.9950683476634676339, 0.9950683476634676339, 1.000000000000000000 ) ) 
 REPRESENTATION_ITEM ( '' )  );
#237 = CARTESIAN_POINT ( 'NONE',  ( 0.0000000000000000000, -0.001000001298026020023, 149.1705927090359864 ) ) ;
#238 = CARTESIAN_POINT ( 'NONE',  ( -72.44888222573358405, 3.193367316601090078, 149.7805870806819826 ) ) ;
#239 = VERTEX_POINT ( 'NONE', #580 ) ;
#240 = CARTESIAN_POINT ( 'NONE',  ( -84.10639689937180208, 0.0000000000000000000, 140.5901547514920082 ) ) ;
#241 = EDGE_CURVE ( 'NONE', #1582, #2208, #1992, .T. ) ;
#242 = CARTESIAN_POINT ( 'NONE',  ( -91.43567774943198856, 0.0000000000000000000, 142.8042398508210056 ) ) ;
#243 = CARTESIAN_POINT ( 'NONE',  ( -23.36866492596499967, 0.0000000000000000000, 158.7894040840699859 ) ) ;
#244 = CARTESIAN_POINT ( 'NONE',  ( -102.4771405982310029, 14.00277543565269944, 8.999999999999799272 ) ) ;
#245 = CARTESIAN_POINT ( 'NONE',  ( -65.13763792375920048, 3.100395517567459791, 160.0571740563399885 ) ) ;
#246 = CARTESIAN_POINT ( 'NONE',  ( -12.30271761774628558, 3.831101505487027659, 10.52756637435364340 ) ) ;
#247 = ORIENTED_EDGE ( 'NONE', *, *, #2979, .T. ) ;
#248 = CARTESIAN_POINT ( 'NONE',  ( -51.54739208189669597, 2.927578101382730225, 139.6649854126989965 ) ) ;
#249 = DIRECTION ( 'NONE',  ( 0.0000000000000000000, 0.0000000000000000000, -1.000000000000000000 ) ) ;
#250 = FACE_OUTER_BOUND ( 'NONE', #3429, .T. ) ;
#251 = CARTESIAN_POINT ( 'NONE',  ( -71.12465454695029621, 0.0000000000000000000, 150.9874262065009987 ) ) ;
#252 = CARTESIAN_POINT ( 'NONE',  ( -51.42723357102660486, 0.0000000000000000000, 147.7284790149909952 ) ) ;
#253 = CARTESIAN_POINT ( 'NONE',  ( -71.45689241607780673, 3.180753151680919988, 150.5561091790700061 ) ) ;
#254 = VERTEX_POINT ( 'NONE', #3498 ) ;
#255 = CARTESIAN_POINT ( 'NONE',  ( -37.44383207444760586, 13.00321644496600015, 149.1705927090359864 ) ) ;
#256 = CARTESIAN_POINT ( 'NONE',  ( -112.2306733191142882, 1.045776981397128491, 1.300629139327053041 ) ) ;
#257 = CARTESIAN_POINT ( 'NONE',  ( -85.07299951883449296, 3.353899192364450332, 144.6800746546039989 ) ) ;
#258 = DIRECTION ( 'NONE',  ( 1.000000000000000000, 0.0000000000000000000, -5.551115123125777969E-15 ) ) ;
#259 = PRODUCT_DEFINITION_SHAPE ( 'NONE', 'NONE',  #821 ) ;
#260 = CARTESIAN_POINT ( 'NONE',  ( -111.4861586422779993, 3.995356370322069139, 1.500999999999999890 ) ) ;
#261 = ORIENTED_EDGE ( 'NONE', *, *, #3266, .F. ) ;
#262 = CARTESIAN_POINT ( 'NONE',  ( -85.09975055698309632, 0.0000000000000000000, 145.9536752159289961 ) ) ;
#263 = CARTESIAN_POINT ( 'NONE',  ( -90.97467357164450164, 0.0000000000000000000, 144.4501446354530003 ) ) ;
#264 = CARTESIAN_POINT ( 'NONE',  ( -68.71335731570169969, -0.001000001298026020023, 160.4802146902100048 ) ) ;
#265 = EDGE_CURVE ( 'NONE', #1325, #3825, #3634, .T. ) ;
#266 = AXIS2_PLACEMENT_3D ( 'NONE', #1065, #2995, #1660 ) ;
#267 = CARTESIAN_POINT ( 'NONE',  ( -64.63771387500129606, 3.094038366823530062, 154.6813214603869824 ) ) ;
#268 = ORIENTED_EDGE ( 'NONE', *, *, #3314, .F. ) ;
#269 = CARTESIAN_POINT ( 'NONE',  ( -12.53772180104513900, 3.438386673399040916, 10.98685239689611493 ) ) ;
#270 = EDGE_LOOP ( 'NONE', ( #4140, #1469, #642, #2086, #2896 ) ) ;
#271 = CARTESIAN_POINT ( 'NONE',  ( -90.66469465069509681, -0.001000001298026020023, 142.8092024469350179 ) ) ;
#272 = CARTESIAN_POINT ( 'NONE',  ( -23.77800647469759809, 2.574455048699590076, 150.6952995769709958 ) ) ;
#273 = CARTESIAN_POINT ( 'NONE',  ( -114.8020988401970044, -0.001000001298026020023, 149.1705927090359864 ) ) ;
#274 = CARTESIAN_POINT ( 'NONE',  ( -0.7220189357584803069, 2.361214591016864262, 1.703637293831395949 ) ) ;
#275 = DIRECTION ( 'NONE',  ( 0.1214093666953637296, 0.0000000000000000000, -0.9926025214952008957 ) ) ;
#276 = CARTESIAN_POINT ( 'NONE',  ( -71.13922007919779844, 3.176713291532230254, 155.3153236619420170 ) ) ;
#277 = ORIENTED_EDGE ( 'NONE', *, *, #2195, .T. ) ;
#278 = CARTESIAN_POINT ( 'NONE',  ( -7.344533915294829463, 3.995356370322069584, 0.6009999999997085451 ) ) ;
#279 = CARTESIAN_POINT ( 'NONE',  ( -83.77402321437610055, 3.337381010003979576, 148.2866577439179991 ) ) ;
#280 = CARTESIAN_POINT ( 'NONE',  ( -30.76755870256829795, 2.663336110694709991, 150.8503786465270196 ) ) ;
#281 = CARTESIAN_POINT ( 'NONE',  ( -2.003500035639730115, 0.007010942457112609959, 3.763459819555860175 ) ) ;
#282 = ORIENTED_EDGE ( 'NONE', *, *, #1153, .T. ) ;
#283 = CARTESIAN_POINT ( 'NONE',  ( -85.11044868032109889, 0.0000000000000000000, 145.8256309400489954 ) ) ;
#284 = CARTESIAN_POINT ( 'NONE',  ( -91.59191089727839596, 3.436795522257389823, 147.6762336558840047 ) ) ;
#285 = CARTESIAN_POINT ( 'NONE',  ( -42.49375260890860062, 2.812448981821119798, 148.6766817703010020 ) ) ;
#286 = DATE_AND_TIME ( #3813, #2304 ) ;
#287 = CARTESIAN_POINT ( 'NONE',  ( -64.95604199182400862, 3.098086293611610031, 152.7916431831760065 ) ) ;
#288 = EDGE_LOOP ( 'NONE', ( #3417, #1082, #2171, #2982 ) ) ;
#289 = CARTESIAN_POINT ( 'NONE',  ( -102.5522287843510014, 12.44580834140150039, 8.999999999999799272 ) ) ;
#290 = ORIENTED_EDGE ( 'NONE', *, *, #2562, .F. ) ;
#291 = FACE_OUTER_BOUND ( 'NONE', #2459, .T. ) ;
#292 = CARTESIAN_POINT ( 'NONE',  ( -23.68514059282330209, 2.573274128633249891, 150.5861801173550134 ) ) ;
#293 = CARTESIAN_POINT ( 'NONE',  ( -68.71335731570160021, 3.145865351562550316, 160.4802146902100048 ) ) ;
#294 = EDGE_CURVE ( 'NONE', #2907, #1425, #558, .T. ) ;
#295 = CARTESIAN_POINT ( 'NONE',  ( -1.879927871840892273, 2.940342470283094034, 0.6053373762061817764 ) ) ;
#296 = AXIS2_PLACEMENT_3D ( 'NONE', #1900, #2571, #3201 ) ;
#297 = DIRECTION ( 'NONE',  ( 0.0000000000000000000, 1.000000000000000000, 0.0000000000000000000 ) ) ;
#298 = CARTESIAN_POINT ( 'NONE',  ( -71.79777988958740309, 3.185087501134899579, 158.5892137389450056 ) ) ;
#299 = VERTEX_POINT ( 'NONE', #3222 ) ;
#300 = PRODUCT_DEFINITION_FORMATION_WITH_SPECIFIED_SOURCE ( 'ANY', '', #3514, .NOT_KNOWN. ) ;
#301 = CARTESIAN_POINT ( 'NONE',  ( -14.05662661152139847, 2.450835289238920023, 11.49999999999970157 ) ) ;
#302 = CARTESIAN_POINT ( 'NONE',  ( -84.63672146003429475, 3.348351219639710052, 147.3258477095690182 ) ) ;
#303 = CARTESIAN_POINT ( 'NONE',  ( -30.16869896609309976, 2.655720947789990127, 152.7193666826719891 ) ) ;
#304 = CARTESIAN_POINT ( 'NONE',  ( -30.35121973252460137, 0.0000000000000000000, 154.1476676519569935 ) ) ;
#305 = CARTESIAN_POINT ( 'NONE',  ( -2.264332576724169765, 0.5286746620082528603, 1.995395460807139365 ) ) ;
#306 = CARTESIAN_POINT ( 'NONE',  ( -90.86382997149189578, 0.0000000000000000000, 145.2521209866800120 ) ) ;
#307 = CARTESIAN_POINT ( 'NONE',  ( -43.81660215487119814, 2.829271425714960042, 139.1858979877389970 ) ) ;
#308 = B_SPLINE_CURVE_WITH_KNOTS ( 'NONE', 3,
 ( #2286, #3627, #1308, #3395, #639, #683, #1977, #431, #3261, #2001, #17, #1676, #3604 ),
 .UNSPECIFIED., .F., .F.,
 ( 4, 3, 3, 3, 4 ),
 ( 0.0000000000000000000, 0.2695853921821949606, 0.4534631250310970918, 0.7999915225427269849, 0.9646305853295960020 ),
 .UNSPECIFIED. ) ;
#309 = CARTESIAN_POINT ( 'NONE',  ( -100.2130641889379916, 8.546828554825708579, 161.8745000000000118 ) ) ;
#310 = ORIENTED_EDGE ( 'NONE', *, *, #3680, .F. ) ;
#311 = CARTESIAN_POINT ( 'NONE',  ( -12.31249778182005983, 3.812899324721915395, 10.54665693245639169 ) ) ;
#312 = ORIENTED_EDGE ( 'NONE', *, *, #2402, .F. ) ;
#313 = CARTESIAN_POINT ( 'NONE',  ( -98.12425617760010255, 0.0000000000000000000, 149.1705927090359864 ) ) ;
#314 = CARTESIAN_POINT ( 'NONE',  ( -63.79335171229630674, 0.0000000000000000000, 157.4792457825389818 ) ) ;
#315 = CARTESIAN_POINT ( 'NONE',  ( -0.9864527579727870865, 2.493226378986369784, 1.356692992534839881 ) ) ;
#316 = CARTESIAN_POINT ( 'NONE',  ( -114.4591921248298689, 2.186294653150428591, 2.467815278169481985 ) ) ;
#317 = CARTESIAN_POINT ( 'NONE',  ( -70.95629580173269346, 3.174387139772990363, 159.8064573476260080 ) ) ;
#318 = ORIENTED_EDGE ( 'NONE', *, *, #1398, .T. ) ;
#319 = EDGE_CURVE ( 'NONE', #3466, #847, #1598, .T. ) ;
#320 = PLANE ( 'NONE',  #612 ) ;
#321 = CARTESIAN_POINT ( 'NONE',  ( -4.961418165267629909, 7.739275378388519755, 5.000999999999670820 ) ) ;
#322 = CARTESIAN_POINT ( 'NONE',  ( -1.807315091079390035, 3.995356370322069139, 8.500999999999590884 ) ) ;
#323 = CARTESIAN_POINT ( 'NONE',  ( -30.12667096192510030, 0.0000000000000000000, 160.0065636488710084 ) ) ;
#324 = PLANE ( 'NONE',  #3618 ) ;
#325 = CARTESIAN_POINT ( 'NONE',  ( -91.68202375934150439, 3.437941511905399761, 147.7799214198730056 ) ) ;
#326 = B_SPLINE_CURVE_WITH_KNOTS ( 'NONE', 3,
 ( #394, #3640, #1707, #2014 ),
 .UNSPECIFIED., .F., .F.,
 ( 4, 4 ),
 ( 0.0000000000000000000, 7.628795045051120559E-05 ),
 .UNSPECIFIED. ) ;
#327 = CARTESIAN_POINT ( 'NONE',  ( -44.14968343532169825, 2.833507003607820263, 138.7698911991359978 ) ) ;
#328 = CARTESIAN_POINT ( 'NONE',  ( -101.1013971684401582, 3.626229090064786220, 13.58719860978544425 ) ) ;
#329 = ORIENTED_EDGE ( 'NONE', *, *, #2062, .T. ) ;
#330 = CARTESIAN_POINT ( 'NONE',  ( -43.69740128124279721, 0.0000000000000000000, 141.2373476235249825 ) ) ;
#331 = ORIENTED_EDGE ( 'NONE', *, *, #868, .F. ) ;
#332 = CARTESIAN_POINT ( 'NONE',  ( -11.49203277363320019, 7.418627449498899296, 8.999999999999630518 ) ) ;
#333 = CARTESIAN_POINT ( 'NONE',  ( -63.83657081707490022, 2.051190155145889994E-21, 158.8318118490649908 ) ) ;
#334 = CARTESIAN_POINT ( 'NONE',  ( -84.24770499346359998, 3.343404401109209889, 139.4069329045120185 ) ) ;
#335 = CARTESIAN_POINT ( 'NONE',  ( -111.6365627221619974, 0.8767006227390600204, 1.500999999999999890 ) ) ;
#336 = B_SPLINE_CURVE_WITH_KNOTS ( 'NONE', 3,
 ( #3177, #235, #2863, #582, #2478, #1899, #578, #253, #3891, #2199, #1895, #3564, #1267, #3823, #623, #3172, #1939, #1245, #3495, #555, #873, #3517, #2565, #2288, #3195, #231, #2906, #1574, #2246, #3911, #3263, #3242, #4195, #2884, #3220, #2542, #1198, #3869, #276, #941, #918, #2269, #1871, #1550, #3541, #601, #2520, #2587, #1220, #2859, #1916, #2946, #4237, #298, #3585, #1596, #4216, #1617, #4172, #2927, #1289, #960, #2606, #641, #3846, #896, #2222, #1959, #317, #1635, #42, #2993, #4255, #2351, #3285, #2650, #3930, #62, #3306 ),
 .UNSPECIFIED., .F., .F.,
 ( 4, 3, 3, 3, 3, 3, 3, 3, 3, 3, 3, 3, 3, 3, 3, 3, 3, 3, 3, 3, 3, 3, 3, 3, 3, 3, 4 ),
 ( 0.0000000000000000000, 0.04559324161397360076, 0.1022132777801209869, 0.1434630865214630013, 0.1588333139462679844, 0.2151537610920430110, 0.2624378674189609684, 0.2806190369989919886, 0.3338740955094199880, 0.3961430751631679903, 0.4094817314937840291, 0.5052986192310539026, 0.5906973358054570244, 0.6258179327116549784, 0.7211208143831610018, 0.8339619248988590083, 0.9104853179354339687, 0.9546013533827971687, 0.9896042899668938686, 1.010346455751420125, 1.054464295086970038, 1.093465326355919975, 1.127861554108940068, 1.183654301970769929, 1.188414640812629930, 1.304789776129289924, 1.388844797617210025 ),
 .UNSPECIFIED. ) ;
#337 = CARTESIAN_POINT ( 'NONE',  ( -1.807315091079390035, 3.995356370322069139, 8.500999999998981593 ) ) ;
#338 = CARTESIAN_POINT ( 'NONE',  ( -111.3932919428790314, 2.677463965469572216, 0.2249629788335881786 ) ) ;
#339 = CARTESIAN_POINT ( 'NONE',  ( -114.2657326348256817, 2.281766494969684089, 2.069653837200027269 ) ) ;
#340 = CARTESIAN_POINT ( 'NONE',  ( -11.40988436978019926, 9.083950065529959872, 8.999999999999710454 ) ) ;
#341 = ORIENTED_EDGE ( 'NONE', *, *, #3007, .T. ) ;
#342 = FACE_OUTER_BOUND ( 'NONE', #147, .T. ) ;
#343 = CARTESIAN_POINT ( 'NONE',  ( -84.96556074386980129, 3.352533393689120178, 144.1131982384569881 ) ) ;
#344 = CARTESIAN_POINT ( 'NONE',  ( -30.21813573322269875, 2.656349496682009814, 152.1609977091549979 ) ) ;
#345 = VECTOR ( 'NONE', #1212, 1000.000000000000000 ) ;
#346 = CARTESIAN_POINT ( 'NONE',  ( -29.97491343294479904, 0.0000000000000000000, 160.0764535444679950 ) ) ;
#347 = CARTESIAN_POINT ( 'NONE',  ( -28.53446003202910219, -0.001000001298026020023, 152.0032210447369891 ) ) ;
#348 = CARTESIAN_POINT ( 'NONE',  ( -91.41571102332299859, 3.434554742768570090, 147.4403865632839938 ) ) ;
#349 = EDGE_CURVE ( 'NONE', #3922, #3213, #3144, .T. ) ;
#350 = CARTESIAN_POINT ( 'NONE',  ( -105.0012955040210016, 13.62303811808740051, 11.50000000000000000 ) ) ;
#351 = EDGE_CURVE ( 'NONE', #2960, #3296, #3893, .T. ) ;
#352 = CARTESIAN_POINT ( 'NONE',  ( -64.19362180944000329, 3.088391164794479948, 150.8891244955970024 ) ) ;
#353 = VERTEX_POINT ( 'NONE', #3244 ) ;
#354 = CARTESIAN_POINT ( 'NONE',  ( -44.68538129644409906, 0.0000000000000000000, 145.8406163864480050 ) ) ;
#355 = EDGE_LOOP ( 'NONE', ( #1834, #3600, #2793, #277, #2301 ) ) ;
#356 = DIRECTION ( 'NONE',  ( -0.04817122723086530306, -0.9988390925805179510, 0.0000000000000000000 ) ) ;
#357 = EDGE_CURVE ( 'NONE', #663, #3700, #2271, .T. ) ;
#358 = CARTESIAN_POINT ( 'NONE',  ( -64.49400951828990003, 0.0000000000000000000, 159.7049250355819936 ) ) ;
#359 = CARTESIAN_POINT ( 'NONE',  ( -86.70275870822818831, 3.374622874659010119, 137.9229560917360118 ) ) ;
#360 = FACE_OUTER_BOUND ( 'NONE', #288, .T. ) ;
#361 = CARTESIAN_POINT ( 'NONE',  ( -1.443214681112958475, 1.443214681112958475, 0.8368481233853594103 ) ) ;
#362 = DIRECTION ( 'NONE',  ( 0.0000000000000000000, 0.0000000000000000000, 1.000000000000000000 ) ) ;
#363 = DIRECTION ( 'NONE',  ( -1.000000000000000000, 0.0000000000000000000, 0.0000000000000000000 ) ) ;
#364 = CARTESIAN_POINT ( 'NONE',  ( -8.949711076456626557, 8.262268130041816150, 10.03553390593619632 ) ) ;
#365 = ORIENTED_EDGE ( 'NONE', *, *, #3077, .F. ) ;
#366 = CARTESIAN_POINT ( 'NONE',  ( 0.0000000000000000000, 2.000000000000000000, 323.7500000000000000 ) ) ;
#367 = CARTESIAN_POINT ( 'NONE',  ( -12.77220151159579942, 2.559504677321439825, 13.35853024690259971 ) ) ;
#368 = CARTESIAN_POINT ( 'NONE',  ( -30.19948134169660037, 2.656112282294360138, 153.2671473552919963 ) ) ;
#369 = VECTOR ( 'NONE', #907, 1000.000000000000000 ) ;
#370 = CARTESIAN_POINT ( 'NONE',  ( -30.66424315431249781, 0.0000000000000000000, 155.2491959432849740 ) ) ;
#371 = DIRECTION ( 'NONE',  ( 1.000000000000000000, 0.0000000000000000000, 0.0000000000000000000 ) ) ;
#372 = VECTOR ( 'NONE', #3431, 1000.000000000000114 ) ;
#373 = LINE ( 'NONE', #28, #2155 ) ;
#374 = EDGE_CURVE ( 'NONE', #1325, #3518, #4175, .T. ) ;
#375 = CARTESIAN_POINT ( 'NONE',  ( -100.6617980100684946, 3.564619829103018223, 13.80747294711315476 ) ) ;
#376 = CARTESIAN_POINT ( 'NONE',  ( -44.66227487243639871, 0.0000000000000000000, 144.9243272552220105 ) ) ;
#377 = ORIENTED_EDGE ( 'NONE', *, *, #215, .F. ) ;
#378 = CYLINDRICAL_SURFACE ( 'NONE', #2050, 5.000000000000002665 ) ;
#379 = CARTESIAN_POINT ( 'NONE',  ( -71.88917384822909185, 0.0000000000000000000, 150.1454762095939941 ) ) ;
#380 =( BOUNDED_CURVE ( )  B_SPLINE_CURVE ( 3, ( #717, #992, #3619, #2981 ),
 .UNSPECIFIED., .F., .T. ) 
 B_SPLINE_CURVE_WITH_KNOTS ( ( 4, 4 ),
 ( -5.778488798569014762E-12, 3.141592653584014627 ),
 .UNSPECIFIED. ) 
 CURVE ( )  GEOMETRIC_REPRESENTATION_ITEM ( )  RATIONAL_B_SPLINE_CURVE ( ( 1.000000000000000000, 0.3333333333333333703, 0.3333333333333333703, 1.000000000000000000 ) ) 
 REPRESENTATION_ITEM ( '' )  );
#381 = CARTESIAN_POINT ( 'NONE',  ( -64.76203298115790119, 0.0000000000000000000, 154.2200263386189931 ) ) ;
#382 = CARTESIAN_POINT ( 'NONE',  ( -84.93109661829520007, 3.352095142260440142, 138.5820051185939690 ) ) ;
#383 = DIRECTION ( 'NONE',  ( 0.0000000000000000000, 0.0000000000000000000, 1.000000000000000000 ) ) ;
#384 = CARTESIAN_POINT ( 'NONE',  ( -81.27608440401679957, 3.305616454101119928, 148.9902887952460162 ) ) ;
#385 = CARTESIAN_POINT ( 'NONE',  ( -114.0434928689719811, 13.00000000000000000, 4.000000000000000000 ) ) ;
#386 = ORIENTED_EDGE ( 'NONE', *, *, #1269, .F. ) ;
#387 = CARTESIAN_POINT ( 'NONE',  ( -83.45014360182798896, -0.001000001298026020023, 148.5251873153569875 ) ) ;
#388 = CARTESIAN_POINT ( 'NONE',  ( -9.312088004799150553, 5.663954221622810259, 11.64835027742069862 ) ) ;
#389 = CARTESIAN_POINT ( 'NONE',  ( -49.05378267914480261, 0.0000000000000000000, 137.9490792928589826 ) ) ;
#390 = CARTESIAN_POINT ( 'NONE',  ( -31.37642260087720203, 0.0000000000000000000, 158.2753463380490189 ) ) ;
#391 = CARTESIAN_POINT ( 'NONE',  ( -114.0434928689719811, 13.00000000000000000, 323.7500000000000000 ) ) ;
#392 = AXIS2_PLACEMENT_3D ( 'NONE', #3061, #2719, #3321 ) ;
#393 = CARTESIAN_POINT ( 'NONE',  ( -44.70349300356339484, 2.840549347980669825, 145.6990195472019991 ) ) ;
#394 = CARTESIAN_POINT ( 'NONE',  ( -8.994473609821570292, 7.308181882542170271, 11.49999999999960032 ) ) ;
#395 = CARTESIAN_POINT ( 'NONE',  ( -43.91778160295219635, 0.0000000000000000000, 147.7275361918730141 ) ) ;
#396 = ORIENTED_EDGE ( 'NONE', *, *, #2635, .T. ) ;
#397 = DIRECTION ( 'NONE',  ( 1.000000000000000000, 0.0000000000000000000, 0.0000000000000000000 ) ) ;
#398 = CARTESIAN_POINT ( 'NONE',  ( -70.93388483456151050, 0.0000000000000000000, 151.3287395323339979 ) ) ;
#399 = EDGE_CURVE ( 'NONE', #3922, #3320, #1619, .T. ) ;
#400 = CARTESIAN_POINT ( 'NONE',  ( -65.11770066507908439, 0.0000000000000000000, 160.0527018446310024 ) ) ;
#401 = CARTESIAN_POINT ( 'NONE',  ( -30.67103847818160034, 0.0000000000000000000, 150.9874262065019934 ) ) ;
#402 = CARTESIAN_POINT ( 'NONE',  ( -110.7098093730610060, 4.000000000000000000, 0.0000000000000000000 ) ) ;
#403 = LINE ( 'NONE', #98, #2526 ) ;
#404 = CARTESIAN_POINT ( 'NONE',  ( -46.62792290196190237, 13.00321644496600015, 137.8609707278629912 ) ) ;
#405 = CARTESIAN_POINT ( 'NONE',  ( -217.5718534080390043, 3.995356370322069139, 199.0335014125869861 ) ) ;
#406 = DIRECTION ( 'NONE',  ( 0.0000000000000000000, -0.9965373674306753360, -0.08314610823327422962 ) ) ;
#407 = CIRCLE ( 'NONE', #195, 2.500000015163320377 ) ;
#408 = LINE ( 'NONE', #442, #2497 ) ;
#409 = CARTESIAN_POINT ( 'NONE',  ( -48.78347291343809644, 0.0000000000000000000, 137.9009628815540225 ) ) ;
#410 = B_SPLINE_SURFACE_WITH_KNOTS ( 'NONE', 3, 1, ( 
 ( #3685, #475 ),
 ( #1794, #3378 ),
 ( #434, #2419 ),
 ( #1753, #738 ),
 ( #3363, #3062 ),
 ( #4048, #1096 ) ),
 .UNSPECIFIED., .F., .F., .F.,
 ( 4, 2, 4 ),
 ( 2, 2 ),
 ( 0.0000000000000000000, 0.1515543800034849786, 1.000000000000000000 ),
 ( 0.0000000000000000000, 36.08988000000000085 ),
 .UNSPECIFIED. ) ;
#411 = CARTESIAN_POINT ( 'NONE',  ( -8.802211628616110062, 0.0000000000000000000, 4.000000000000000000 ) ) ;
#412 = CARTESIAN_POINT ( 'NONE',  ( -114.0434928689719811, 13.00000000000000000, 4.000000000000000000 ) ) ;
#413 = CARTESIAN_POINT ( 'NONE',  ( -103.8577783009961450, 5.123690221163750280, 12.19955459595263392 ) ) ;
#414 = CARTESIAN_POINT ( 'NONE',  ( -44.16442609881680426, 0.0000000000000000000, 147.4010019422299820 ) ) ;
#415 = EDGE_LOOP ( 'NONE', ( #654, #3557, #2318, #510, #1459, #3140 ) ) ;
#416 = DIRECTION ( 'NONE',  ( 3.508876978744390297E-15, -4.461984743328479560E-17, 1.000000000000000000 ) ) ;
#417 = DIRECTION ( 'NONE',  ( -0.5004356563159380045, 0.0000000000000000000, 0.8657737313453419681 ) ) ;
#418 = CARTESIAN_POINT ( 'NONE',  ( -31.32182232973520186, 0.0000000000000000000, 150.2458035360969859 ) ) ;
#419 = DIRECTION ( 'NONE',  ( -0.04817122723086530306, -0.9988390925805179510, 0.0000000000000000000 ) ) ;
#420 = DIRECTION ( 'NONE',  ( 1.000000000000000000, 0.0000000000000000000, -8.467505249662520843E-15 ) ) ;
#421 = CARTESIAN_POINT ( 'NONE',  ( -113.1217657375750036, 0.03220253029617749924, 4.000000000000000000 ) ) ;
#422 = ORIENTED_EDGE ( 'NONE', *, *, #2762, .F. ) ;
#423 = ADVANCED_FACE ( 'NONE', ( #2522 ), #3175, .F. ) ;
#424 = LINE ( 'NONE', #483, #2063 ) ;
#425 = CARTESIAN_POINT ( 'NONE',  ( -13.73580596120400088, 2.446755645365030318, 13.35830682355769916 ) ) ;
#426 = CARTESIAN_POINT ( 'NONE',  ( -31.29437544447199926, 2.670035257684320484, 158.7914479491319923 ) ) ;
#427 = CARTESIAN_POINT ( 'NONE',  ( -44.52285182470879477, 2.838252235007029611, 144.1414870471480185 ) ) ;
#428 = AXIS2_PLACEMENT_3D ( 'NONE', #244, #4137, #545 ) ;
#429 = CARTESIAN_POINT ( 'NONE',  ( -103.8283323892110701, 5.092869110927409793, 161.8745000000000118 ) ) ;
#430 = CARTESIAN_POINT ( 'NONE',  ( -84.88832662239668991, 0.0000000000000000000, 146.8152891218389868 ) ) ;
#431 = CARTESIAN_POINT ( 'NONE',  ( -56.78567519766770033, 2.994189656015699974, 149.0167449459540023 ) ) ;
#432 = ORIENTED_EDGE ( 'NONE', *, *, #1563, .F. ) ;
#433 = CYLINDRICAL_SURFACE ( 'NONE', #392, 2.199999999999993960 ) ;
#434 = CARTESIAN_POINT ( 'NONE',  ( -8.949711076455509229, 8.262268130041759306, 312.2490000000000236 ) ) ;
#435 = PERSON_AND_ORGANIZATION ( #2854, #2916 ) ;
#436 = CARTESIAN_POINT ( 'NONE',  ( -65.63424328002780328, 3.106708526951090121, 160.2327977740970084 ) ) ;
#437 = CARTESIAN_POINT ( 'NONE',  ( -91.68315950864510455, 3.437955691471990427, 138.9829520156699800 ) ) ;
#438 = CARTESIAN_POINT ( 'NONE',  ( -80.83748490782140550, 3.300039101938839980, 149.0412696102330017 ) ) ;
#439 = CARTESIAN_POINT ( 'NONE',  ( -23.85959053536099717, 2.575492482217009993, 159.5743381672199916 ) ) ;
#440 = CARTESIAN_POINT ( 'NONE',  ( -110.0392907047369988, 12.80688848307550032, 0.0000000000000000000 ) ) ;
#441 = CARTESIAN_POINT ( 'NONE',  ( -105.2189095092669504, 8.118945603782401932, 9.000000000121723076 ) ) ;
#442 = CARTESIAN_POINT ( 'NONE',  ( -114.7639975833969999, 2.035466637765300124, 323.7500000000000000 ) ) ;
#443 = CARTESIAN_POINT ( 'NONE',  ( -62.44054221136629224, -0.001000001298026020023, 149.8159981027159802 ) ) ;
#444 = EDGE_CURVE ( 'NONE', #1280, #1901, #1378, .T. ) ;
#445 = CARTESIAN_POINT ( 'NONE',  ( -112.3978704176900010, 0.7188434727423729242, 1.707890847781790011 ) ) ;
#446 = CARTESIAN_POINT ( 'NONE',  ( -44.70398757718300686, 2.840555732243419840, 145.4234422702710106 ) ) ;
#447 = VECTOR ( 'NONE', #742, 1000.000000000000000 ) ;
#448 = CARTESIAN_POINT ( 'NONE',  ( -104.9454943023620359, 6.931199646657451474, 11.64426265670444494 ) ) ;
#449 = CARTESIAN_POINT ( 'NONE',  ( -43.74347176187190200, 0.0000000000000000000, 139.3174992587549923 ) ) ;
#450 = CARTESIAN_POINT ( 'NONE',  ( -0.6962209886538202053, 0.6962209886538202053, 1.626924544495659486 ) ) ;
#451 = VERTEX_POINT ( 'NONE', #2006 ) ;
#452 = CARTESIAN_POINT ( 'NONE',  ( -2.003500035639730115, 0.007010942457112609959, 3.763459819555860175 ) ) ;
#453 = CARTESIAN_POINT ( 'NONE',  ( -95.06852881971269653, 3.481005008519890254, 149.0272963660519849 ) ) ;
#454 = B_SPLINE_CURVE_WITH_KNOTS ( 'NONE', 3,
 ( #4204, #1255, #2295, #608, #950, #3229, #3594, #325, #284, #6, #1990, #3293, #348, #672, #1666, #2977, #502, #1756, #2443, #4053, #1099, #3750, #2808, #4118, #3465, #178, #3381, #4074, #478, #1819, #802, #3124, #3794, #3065, #1497, #2741, #2422, #115, #3422, #1430, #1518, #3728, #1168, #2489, #1124, #2124, #846, #1796, #2170, #777, #522, #1842, #3104, #156, #3443, #136, #1474, #2101, #2760, #3400, #3143, #456, #437, #2784, #1775, #1146, #200, #2829, #4139, #4095, #1191, #2468, #2513, #757, #3774, #2083, #825, #3084, #1452 ),
 .UNSPECIFIED., .F., .F.,
 ( 4, 3, 3, 3, 3, 3, 3, 3, 3, 3, 3, 3, 3, 3, 3, 3, 3, 3, 3, 3, 3, 3, 3, 3, 3, 3, 4 ),
 ( 0.0000000000000000000, 0.04571398124061350210, 0.1026600240600299974, 0.1439248642443499981, 0.1596060668794470061, 0.2157548008544249996, 0.2631041374372860009, 0.2819317511842189816, 0.3354231415804859728, 0.3982337252725129395, 0.4113461818820030036, 0.5099785840512039981, 0.5975164345957220124, 0.6290490389917690051, 0.7201518263981140366, 0.8396064496869369842, 0.9092663464364848513, 0.9530286526499548438, 0.9877900433035298189, 1.009387694924599899, 1.064552632163250134, 1.092331383710710035, 1.126692502676990060, 1.182221141258040120, 1.186573537672829914, 1.302958954088879961, 1.387915349600389980 ),
 .UNSPECIFIED. ) ;
#455 = CARTESIAN_POINT ( 'NONE',  ( -8.997824869315509844, 7.231977029052679029, 11.50120031178779989 ) ) ;
#456 = CARTESIAN_POINT ( 'NONE',  ( -91.72832537398929276, 3.438530064394030195, 139.0428811766099955 ) ) ;
#457 = CARTESIAN_POINT ( 'NONE',  ( -52.56522171652619591, 2.940521205520409964, 148.4157818568930054 ) ) ;
#458 = CARTESIAN_POINT ( 'NONE',  ( -23.69752139232210197, 2.573431566294389850, 159.4096453024920095 ) ) ;
#459 = CARTESIAN_POINT ( 'NONE',  ( -11.46271806071019839, 8.052814963378398971, 8.999999999999788614 ) ) ;
#460 = CARTESIAN_POINT ( 'NONE',  ( -101.3779970586989947, 4.067114011744250135, 11.78424397250950051 ) ) ;
#461 = CARTESIAN_POINT ( 'NONE',  ( -70.42852950171310056, 0.0000000000000000000, 160.0764535444679950 ) ) ;
#462 = CARTESIAN_POINT ( 'NONE',  ( -30.94479341717229914, 2.665589876208129816, 159.4247406409510006 ) ) ;
#463 = ORIENTED_EDGE ( 'NONE', *, *, #2591, .T. ) ;
#464 = AXIS2_PLACEMENT_3D ( 'NONE', #1918, #533, #1291 ) ;
#465 = DIRECTION ( 'NONE',  ( -0.0000000000000000000, 1.000000000000000000, 0.0000000000000000000 ) ) ;
#466 = CARTESIAN_POINT ( 'NONE',  ( -43.61890859696909928, 2.826756974303920256, 140.8400648119130096 ) ) ;
#467 = CARTESIAN_POINT ( 'NONE',  ( -105.2126599787840036, 8.610404793811069268, 11.49999999999980105 ) ) ;
#468 = VERTEX_POINT ( 'NONE', #3932 ) ;
#469 = CARTESIAN_POINT ( 'NONE',  ( -83.45014360182798896, 0.0000000000000000000, 148.5251873153569875 ) ) ;
#470 = EDGE_CURVE ( 'NONE', #961, #12, #985, .T. ) ;
#471 = CARTESIAN_POINT ( 'NONE',  ( -89.90588826404230360, 1.477980117879159960E-21, 138.0291177583459898 ) ) ;
#472 = ADVANCED_FACE ( 'NONE', ( #3308 ), #2972, .F. ) ;
#473 = ORIENTED_EDGE ( 'NONE', *, *, #4190, .T. ) ;
#474 = CARTESIAN_POINT ( 'NONE',  ( -23.32705218897459787, 0.0000000000000000000, 157.6119393183240049 ) ) ;
#475 = CARTESIAN_POINT ( 'NONE',  ( -8.913523179315770761, 8.949113843761699272, -48.64979999999999905 ) ) ;
#476 = DIRECTION ( 'NONE',  ( 0.0000000000000000000, 0.0000000000000000000, 1.000000000000000000 ) ) ;
#477 = CARTESIAN_POINT ( 'NONE',  ( -109.0404516121579945, 12.75871725584469907, 5.001000000000000334 ) ) ;
#478 = CARTESIAN_POINT ( 'NONE',  ( -90.87219729238969990, 3.427643271894279753, 145.1411264880109684 ) ) ;
#479 = EDGE_CURVE ( 'NONE', #1771, #1163, #3014, .T. ) ;
#480 = CARTESIAN_POINT ( 'NONE',  ( -50.71395146762409922, 2.916979988291930059, 146.8727980111979718 ) ) ;
#481 = CARTESIAN_POINT ( 'NONE',  ( -23.35596227587370066, 2.569087995162000038, 157.4514518810520087 ) ) ;
#482 = DIRECTION ( 'NONE',  ( -0.04817122723086530306, -0.9988390925805179510, 0.0000000000000000000 ) ) ;
#483 = CARTESIAN_POINT ( 'NONE',  ( -2.000000000000000000, 0.0000000000000000000, 323.7500000000000000 ) ) ;
#484 = CARTESIAN_POINT ( 'NONE',  ( -71.51853522467959579, 0.0000000000000000000, 156.4939025778100188 ) ) ;
#485 = CARTESIAN_POINT ( 'NONE',  ( -51.00805279813700110, 0.0000000000000000000, 142.7274751781760074 ) ) ;
#486 = ORIENTED_EDGE ( 'NONE', *, *, #658, .T. ) ;
#487 = CARTESIAN_POINT ( 'NONE',  ( -114.4591936663799885, 2.186306806649610301, 2.467819631226110033 ) ) ;
#488 = CARTESIAN_POINT ( 'NONE',  ( -36.44873486890710268, 2.735579722036229899, 149.1834071438080116 ) ) ;
#489 = CARTESIAN_POINT ( 'NONE',  ( -106.8430056084808655, 12.65274055593679492, 5.001000000000000334 ) ) ;
#490 = CARTESIAN_POINT ( 'NONE',  ( -103.7976357113383727, 5.060968658338457438, 12.23002022365777997 ) ) ;
#491 = ORIENTED_EDGE ( 'NONE', *, *, #3389, .F. ) ;
#492 = CARTESIAN_POINT ( 'NONE',  ( -46.62792290196190237, 0.0000000000000000000, 137.8609707278629912 ) ) ;
#493 = CARTESIAN_POINT ( 'NONE',  ( -102.4143290739232555, 6.068864480181660248, 9.660842010409311342 ) ) ;
#494 = CIRCLE ( 'NONE', #24, 2.499999999941170170 ) ;
#495 = ORIENTED_EDGE ( 'NONE', *, *, #2479, .T. ) ;
#496 = CARTESIAN_POINT ( 'NONE',  ( -24.46106555206539923, 0.0000000000000000000, 153.2758330682089820 ) ) ;
#497 = CARTESIAN_POINT ( 'NONE',  ( -3.674961684924808569, 3.837480842449823459, -7.239308255865179458E-16 ) ) ;
#498 = CARTESIAN_POINT ( 'NONE',  ( -66.00416915529220319, 0.0000000000000000000, 160.3274444595780039 ) ) ;
#499 = ADVANCED_FACE ( 'NONE', ( #342 ), #1682, .T. ) ;
#500 = AXIS2_PLACEMENT_3D ( 'NONE', #1732, #476, #3101 ) ;
#501 = CARTESIAN_POINT ( 'NONE',  ( -111.9257647238849671, 2.821621160211750468, 0.1531350599830348103 ) ) ;
#502 = CARTESIAN_POINT ( 'NONE',  ( -91.07673500528410671, 3.430244335516339671, 146.8179886818180080 ) ) ;
#503 = VERTEX_POINT ( 'NONE', #44 ) ;
#504 = CARTESIAN_POINT ( 'NONE',  ( -50.40077359247270294, 2.912998002413500043, 145.1283446109699753 ) ) ;
#505 = CARTESIAN_POINT ( 'NONE',  ( -24.10436497230410069, 2.578605157145140048, 154.9097150416710065 ) ) ;
#506 = CARTESIAN_POINT ( 'NONE',  ( -102.2405651373360911, 3.926962388299610751, 12.03140570199240145 ) ) ;
#507 = CARTESIAN_POINT ( 'NONE',  ( -71.77669817894739879, 0.0000000000000000000, 157.5418899550519996 ) ) ;
#508 = CARTESIAN_POINT ( 'NONE',  ( -50.79436342777690072, 0.0000000000000000000, 147.0167627775499852 ) ) ;
#509 =( BOUNDED_CURVE ( )  B_SPLINE_CURVE ( 3, ( #203, #2900, #1867, #1521 ),
 .UNSPECIFIED., .F., .T. ) 
 B_SPLINE_CURVE_WITH_KNOTS ( ( 4, 4 ),
 ( 1.155455441668798988, 1.456006353163077360 ),
 .UNSPECIFIED. ) 
 CURVE ( )  GEOMETRIC_REPRESENTATION_ITEM ( )  RATIONAL_B_SPLINE_CURVE ( ( 1.000000000000000000, 0.9924865845547994336, 0.9924865845547994336, 1.000000000000000000 ) ) 
 REPRESENTATION_ITEM ( '' )  );
#510 = ORIENTED_EDGE ( 'NONE', *, *, #2714, .T. ) ;
#511 = CARTESIAN_POINT ( 'NONE',  ( -24.61369263519729955, 0.0000000000000000000, 160.0465602523250084 ) ) ;
#512 = CARTESIAN_POINT ( 'NONE',  ( -36.78437297534180317, 2.739847643845890524, 149.1744486920450186 ) ) ;
#513 = CARTESIAN_POINT ( 'NONE',  ( -17.21702404006340004, 13.00321644496600015, 149.1705927090359864 ) ) ;
#514 = CARTESIAN_POINT ( 'NONE',  ( -74.28508914745390257, 3.216717091627609992, 149.3812346751279847 ) ) ;
#515 = VERTEX_POINT ( 'NONE', #3587 ) ;
#516 = CARTESIAN_POINT ( 'NONE',  ( -85.08301718966920646, 0.0000000000000000000, 146.0802271561819907 ) ) ;
#517 = CARTESIAN_POINT ( 'NONE',  ( -88.94016535008579183, 0.0000000000000000000, 137.8609707278629912 ) ) ;
#518 = VERTEX_POINT ( 'NONE', #3954 ) ;
#519 = CARTESIAN_POINT ( 'NONE',  ( -23.28686823167930342, 0.0000000000000000000, 157.9835169059039970 ) ) ;
#520 = CARTESIAN_POINT ( 'NONE',  ( -41.86019377236569738, 2.804392227708160323, 148.8233469153789770 ) ) ;
#521 = CARTESIAN_POINT ( 'NONE',  ( -111.6156619598299926, 3.569443832528579996, 0.07304427684967459977 ) ) ;
#522 = CARTESIAN_POINT ( 'NONE',  ( -92.06013923226920781, 3.442749383747990333, 140.0759045879239864 ) ) ;
#523 = ORIENTED_EDGE ( 'NONE', *, *, #1450, .T. ) ;
#524 = CARTESIAN_POINT ( 'NONE',  ( -51.56834398181629808, 2.927845092936630422, 140.7275282605089899 ) ) ;
#525 = EDGE_CURVE ( 'NONE', #3173, #2185, #2204, .T. ) ;
#526 = CARTESIAN_POINT ( 'NONE',  ( -24.48649486320720214, 2.583464495068770184, 152.8796936327119909 ) ) ;
#527 = PLANE ( 'NONE',  #3984 ) ;
#528 = EDGE_CURVE ( 'NONE', #579, #3173, #3580, .T. ) ;
#529 = ADVANCED_FACE ( 'NONE', ( #3267 ), #688, .F. ) ;
#530 = CARTESIAN_POINT ( 'NONE',  ( -71.75555201732490218, 0.0000000000000000000, 157.4152377426159717 ) ) ;
#531 = CARTESIAN_POINT ( 'NONE',  ( -50.47725142401750276, 0.0000000000000000000, 144.5918988902350009 ) ) ;
#532 = ORIENTED_EDGE ( 'NONE', *, *, #2037, .T. ) ;
#533 = DIRECTION ( 'NONE',  ( 3.408894374718760498E-15, -1.347888004229359924E-45, 1.000000000000000000 ) ) ;
#534 = CARTESIAN_POINT ( 'NONE',  ( -112.7443953984600000, 0.03914218535864580351, 3.359282749405289703 ) ) ;
#535 = CARTESIAN_POINT ( 'NONE',  ( -34.22837484512740502, 2.707344803279569945, 149.3319294335800009 ) ) ;
#536 = PLANE ( 'NONE',  #767 ) ;
#537 = B_SPLINE_CURVE_WITH_KNOTS ( 'NONE', 3,
 ( #3559, #1239, #551, #1845, #1194, #3864, #4167, #618, #914, #1612, #226, #869, #3215, #2284, #3238, #2603, #1215, #3669, #1039, #3624, #2020, #1019, #3025, #1327, #3008, #14, #2323, #1348, #2642, #2305, #3324, #656, #1973, #1955, #381, #77, #3300, #2704, #1389, #638, #997, #3602, #2943, #57, #2345, #680, #1631, #3645, #2986, #3258, #1306, #4252, #1693, #1368, #1673, #314, #2622, #3279, #1059, #34, #2664, #3926, #2687, #1998, #976, #333, #1652, #3946, #3967, #3991, #700, #2964, #2365, #358, #722, #2043, #3344, #400, #1712, #4010, #2384, #498, #113, #2721, #1122 ),
 .UNSPECIFIED., .F., .F.,
 ( 4, 3, 3, 3, 3, 3, 3, 3, 3, 3, 3, 3, 3, 3, 3, 3, 3, 3, 3, 3, 3, 3, 3, 3, 3, 3, 3, 3, 4 ),
 ( 0.0000000000000000000, 0.07381557778851799423, 0.1476311555770649930, 0.2214467333656530146, 0.2952623111541199941, 0.3690778889426319931, 0.4428934667312129925, 0.5167090445197219939, 0.5905246223083230328, 0.6643402000968460230, 0.7381557778854930252, 0.8119713556738449300, 0.8857869334623920121, 0.9602146871463950184, 1.034030264934900023, 1.107845842723459873, 1.181661420511989968, 1.255476998300510072, 1.329292576088999978, 1.403108153877480113, 1.476923731666039963, 1.551887139258590009, 1.625702717047140089, 1.699518294835699939, 1.773333872624200058, 1.849158152569760016, 1.922973730358240152, 1.999802361382340132, 2.076630992406440335 ),
 .UNSPECIFIED. ) ;
#538 = CARTESIAN_POINT ( 'NONE',  ( -73.01620323430300630, 3.200582435915040325, 149.6195175962069754 ) ) ;
#539 = ORIENTED_EDGE ( 'NONE', *, *, #2820, .T. ) ;
#540 = CARTESIAN_POINT ( 'NONE',  ( -84.89909166809640340, 0.0000000000000000000, 143.8195633885260065 ) ) ;
#541 = CARTESIAN_POINT ( 'NONE',  ( -102.7170231955187347, 8.251390188806539072, 8.999999999999811706 ) ) ;
#542 = VECTOR ( 'NONE', #3471, 1000.000000000000000 ) ;
#543 = ORIENTED_EDGE ( 'NONE', *, *, #2018, .F. ) ;
#544 = CARTESIAN_POINT ( 'NONE',  ( -24.43025680482420015, 0.0000000000000000000, 152.1155461630480090 ) ) ;
#545 = DIRECTION ( 'NONE',  ( 0.0000000000000000000, -1.000000000000000000, 0.0000000000000000000 ) ) ;
#546 = DATE_AND_TIME ( #3463, #4146 ) ;
#547 = CARTESIAN_POINT ( 'NONE',  ( -63.79218390303378783, 3.083286415689860060, 158.6751395152760153 ) ) ;
#548 = CARTESIAN_POINT ( 'NONE',  ( -12.34753334319156970, 3.748912649420428345, 10.61504600216686711 ) ) ;
#549 = ORIENTED_EDGE ( 'NONE', *, *, #3346, .T. ) ;
#550 = CARTESIAN_POINT ( 'NONE',  ( -50.49119529385009741, 2.914147283189890025, 146.3404025599459999 ) ) ;
#551 = CARTESIAN_POINT ( 'NONE',  ( -62.87463853269400005, 0.0000000000000000000, 149.9931632093640133 ) ) ;
#552 = CARTESIAN_POINT ( 'NONE',  ( 130.7627748239690106, 3.995356370322069139, 247.1216644978269983 ) ) ;
#553 = CARTESIAN_POINT ( 'NONE',  ( -70.91058484156290831, 0.0000000000000000000, 154.5593057869040194 ) ) ;
#554 = CARTESIAN_POINT ( 'NONE',  ( -50.43627257895219884, 0.0000000000000000000, 146.0844996749979998 ) ) ;
#555 = CARTESIAN_POINT ( 'NONE',  ( -70.73847137259079432, 3.171617284436440087, 151.8691992749000121 ) ) ;
#556 = ORIENTED_EDGE ( 'NONE', *, *, #1718, .T. ) ;
#557 = ADVANCED_FACE ( 'NONE', ( #3997 ), #320, .F. ) ;
#558 = LINE ( 'NONE', #1941, #1369 ) ;
#559 = CARTESIAN_POINT ( 'NONE',  ( -105.2103562079479957, 8.711365713970071312, 149.1705927090359864 ) ) ;
#560 = CARTESIAN_POINT ( 'NONE',  ( -105.4169350090450052, 3.995356370322069139, 5.000999999996900591 ) ) ;
#561 = CARTESIAN_POINT ( 'NONE',  ( -68.71335731570160021, 0.0000000000000000000, 160.4802146902100048 ) ) ;
#562 = FACE_OUTER_BOUND ( 'NONE', #2556, .T. ) ;
#563 = ORIENTED_EDGE ( 'NONE', *, *, #2511, .F. ) ;
#564 = CARTESIAN_POINT ( 'NONE',  ( -84.86610582430378713, 0.0000000000000000000, 143.6820270741049796 ) ) ;
#565 = CARTESIAN_POINT ( 'NONE',  ( -91.52686221336919914, 0.0000000000000000000, 138.8116873883280107 ) ) ;
#566 = CARTESIAN_POINT ( 'NONE',  ( -24.48351547795730099, 0.0000000000000000000, 153.0110870701869885 ) ) ;
#567 = CARTESIAN_POINT ( 'NONE',  ( -111.6788435512049915, 0.0000000000000000000, 8.501000000000589196 ) ) ;
#568 = B_SPLINE_CURVE_WITH_KNOTS ( 'NONE', 3,
 ( #3641, #1385, #3963, #653, #1055, #1015, #2015, #2983, #395, #718, #1995, #414, #994, #3621, #676, #1649, #2380, #1670, #2341, #1708, #31, #2961, #11, #1035, #354, #3664, #3339, #3021, #1344, #696, #3319, #376, #3987, #2039, #1689, #3923, #2639, #3038, #91, #3003, #1364, #1970, #3360, #53, #3942, #972, #1324, #72, #2683, #2361, #1728, #2700, #2300, #3276, #4006, #735, #2319, #2619, #330, #2058, #3743, #2733, #1490, #794, #3138, #2437, #1092, #1139, #3096, #2717, #3394, #3375, #2753, #1749, #449, #4088, #817, #3436, #3458, #1769, #1835, #4024, #1402, #3076, #2095, #4044, #1117, #1073, #2415, #3058, #2460, #2117, #838, #3719, #108, #130, #492 ),
 .UNSPECIFIED., .F., .F.,
 ( 4, 3, 3, 3, 3, 3, 3, 3, 3, 3, 3, 3, 3, 3, 3, 3, 3, 3, 3, 3, 3, 3, 3, 3, 3, 3, 3, 3, 3, 3, 3, 3, 4 ),
 ( 0.0000000000000000000, 0.04397815584401339878, 0.08795631168802679756, 0.1319344675320490157, 0.1759126233760709979, 0.2198907792200739952, 0.2638689350640920361, 0.3078470909081469919, 0.3518252467521300053, 0.3958034025961160163, 0.4397815584400799338, 0.4837597142839930586, 0.5277378701280530660, 0.5717160259720299731, 0.6156941818160829305, 0.6596723376602190436, 0.7048104461788750053, 0.7487886020228839978, 0.7927667578668939896, 0.8367449137108899926, 0.8807230695549170818, 0.9247012253989159714, 0.9686793812429500550, 1.012657537086949944, 1.058810604195919991, 1.102788760039929983, 1.146766915883929983, 1.190745071727909998, 1.234723227571979942, 1.278701383416020132, 1.322679539260069870, 1.366657695104090076, 1.381882073958720092 ),
 .UNSPECIFIED. ) ;
#569 = CARTESIAN_POINT ( 'NONE',  ( -65.48373685011030432, 3.104795178439559766, 160.1860662009059979 ) ) ;
#570 = CARTESIAN_POINT ( 'NONE',  ( -11.51362567919957947, 6.654171674052647312, 9.021302225494723714 ) ) ;
#571 = ORIENTED_EDGE ( 'NONE', *, *, #2377, .F. ) ;
#572 = CARTESIAN_POINT ( 'NONE',  ( -51.58691520767619920, 2.928080587643119959, 139.8568974727270131 ) ) ;
#573 = VECTOR ( 'NONE', #1359, 1000.000000000000114 ) ;
#574 = FACE_OUTER_BOUND ( 'NONE', #2919, .T. ) ;
#575 = CARTESIAN_POINT ( 'NONE',  ( -0.2433703556326698991, 0.2433703556326698991, 2.504731881950398531 ) ) ;
#576 = CARTESIAN_POINT ( 'NONE',  ( -0.2345543174145564846, 2.117280731246596215, 2.644182733225583171 ) ) ;
#577 = CARTESIAN_POINT ( 'NONE',  ( -50.71992983568529922, 0.0000000000000000000, 146.8897150531860234 ) ) ;
#578 = CARTESIAN_POINT ( 'NONE',  ( -71.55253772913330579, 3.181969368849619784, 150.4577863097950114 ) ) ;
#579 = VERTEX_POINT ( 'NONE', #1637 ) ;
#580 = CARTESIAN_POINT ( 'NONE',  ( -106.8430056084808655, 12.65274055593679492, 5.001000000000000334 ) ) ;
#581 = CARTESIAN_POINT ( 'NONE',  ( -83.45014360182798896, 3.333262390480450144, 148.5251873153569875 ) ) ;
#582 = CARTESIAN_POINT ( 'NONE',  ( -71.97366265819670161, 3.187324212476870144, 150.0809797880429812 ) ) ;
#583 = ADVANCED_FACE ( 'NONE', ( #1 ), #2674, .F. ) ;
#584 = CARTESIAN_POINT ( 'NONE',  ( -81.55226651084269918, 13.00321644496600015, 149.1705927090359864 ) ) ;
#585 = DIRECTION ( 'NONE',  ( -8.467505249662490867E-15, 4.083641924809390279E-16, -1.000000000000000000 ) ) ;
#586 = ORIENTED_EDGE ( 'NONE', *, *, #611, .F. ) ;
#587 = CARTESIAN_POINT ( 'NONE',  ( -85.12580968302161466, 0.0000000000000000000, 145.5680500526620165 ) ) ;
#588 = CARTESIAN_POINT ( 'NONE',  ( -92.35435587929799794, 2.168404344971009831E-19, 148.3752973661379997 ) ) ;
#589 = CARTESIAN_POINT ( 'NONE',  ( -7.315455574864519583, 0.8767006227395149898, 1.500999999999689916 ) ) ;
#590 = APPLICATION_CONTEXT ( 'configuration controlled 3d designs of mechanical parts and assemblies' ) ;
#591 = CARTESIAN_POINT ( 'NONE',  ( -63.82260301854050510, 3.083673171017339953, 158.7859326440789971 ) ) ;
#592 = ORIENTED_EDGE ( 'NONE', *, *, #1242, .T. ) ;
#593 = CARTESIAN_POINT ( 'NONE',  ( -13.28494467172225946, 2.682696000887228482, 12.46254900699557489 ) ) ;
#594 = ORIENTED_EDGE ( 'NONE', *, *, #2635, .F. ) ;
#595 = CARTESIAN_POINT ( 'NONE',  ( -92.57156071898809557, 13.00321644496600015, 148.5251873153569875 ) ) ;
#596 = FACE_OUTER_BOUND ( 'NONE', #2514, .T. ) ;
#597 = CIRCLE ( 'NONE', #3824, 7.654378035012191717 ) ;
#598 = CARTESIAN_POINT ( 'NONE',  ( -4.336808689942019708E-16, 2.000000000004060308, 3.738197650142449646 ) ) ;
#599 = CARTESIAN_POINT ( 'NONE',  ( -70.75455159050770249, 0.0000000000000000000, 151.8033043643509927 ) ) ;
#600 = CARTESIAN_POINT ( 'NONE',  ( -92.57156071898809557, 3.449252846289670327, 148.5251873153569875 ) ) ;
#601 = CARTESIAN_POINT ( 'NONE',  ( -71.74882632457889997, 3.184465161612979767, 157.3887779681109862 ) ) ;
#602 = VERTEX_POINT ( 'NONE', #1721 ) ;
#603 = CARTESIAN_POINT ( 'NONE',  ( 147.2187955574219984, 0.4001155208200460334, 11.50000000232139996 ) ) ;
#604 = CARTESIAN_POINT ( 'NONE',  ( -84.37539572039740676, 3.345028151610859979, 147.6850170861879974 ) ) ;
#605 = CARTESIAN_POINT ( 'NONE',  ( -30.29329177049719846, 2.657305095044499854, 153.9070815908199847 ) ) ;
#606 = EDGE_LOOP ( 'NONE', ( #2231, #2119, #1237, #2177 ) ) ;
#607 = CARTESIAN_POINT ( 'NONE',  ( -85.20347263551148842, 0.0000000000000000000, 138.4158389650459924 ) ) ;
#608 = CARTESIAN_POINT ( 'NONE',  ( -92.20015010432810243, 3.444529811838289657, 148.2585441263570090 ) ) ;
#609 = CARTESIAN_POINT ( 'NONE',  ( -41.38969491760980191, 2.798409762484620256, 148.9101432455280190 ) ) ;
#610 = EDGE_CURVE ( 'NONE', #1258, #32, #3676, .T. ) ;
#611 = EDGE_CURVE ( 'NONE', #3117, #3700, #1713, .T. ) ;
#612 = AXIS2_PLACEMENT_3D ( 'NONE', #667, #1046, #406 ) ;
#613 = CARTESIAN_POINT ( 'NONE',  ( -65.23772298921069535, 3.101667793218179980, 160.0975241069120045 ) ) ;
#614 = ORIENTED_EDGE ( 'NONE', *, *, #790, .T. ) ;
#615 = CARTESIAN_POINT ( 'NONE',  ( -17.21702404006340004, -0.001000001298026020023, 149.1705927090359864 ) ) ;
#616 = VERTEX_POINT ( 'NONE', #3332 ) ;
#617 = CARTESIAN_POINT ( 'NONE',  ( -72.34475268460390396, 3.192043176636470303, 149.8159981027159802 ) ) ;
#618 = CARTESIAN_POINT ( 'NONE',  ( -63.74844233158920304, 2.151117534756010268E-19, 150.4966877040299948 ) ) ;
#619 = CC_DESIGN_DATE_AND_TIME_ASSIGNMENT ( #1144, #3772, ( #821 ) ) ;
#620 = CARTESIAN_POINT ( 'NONE',  ( -0.2042955852819799967, 2.102147792640989721, 2.711137357760670330 ) ) ;
#621 = CARTESIAN_POINT ( 'NONE',  ( -1.146697272583820038, 2.573350109668295804, 1.196655213811930629 ) ) ;
#622 = CARTESIAN_POINT ( 'NONE',  ( -11.46271806077499988, 8.052814965864289576, 11.49999999994100008 ) ) ;
#623 = CARTESIAN_POINT ( 'NONE',  ( -70.99199422994740871, 3.174841146648689882, 151.2074539165739964 ) ) ;
#624 = EDGE_LOOP ( 'NONE', ( #1403, #955, #2559, #3221 ) ) ;
#625 = DIRECTION ( 'NONE',  ( -9.186250802805520390E-12, 3.295213683151019937E-13, 1.000000000000000000 ) ) ;
#626 = CARTESIAN_POINT ( 'NONE',  ( -84.66698215717140386, 3.348736979361080390, 142.9477310527829843 ) ) ;
#627 = CARTESIAN_POINT ( 'NONE',  ( -54.81634599403290053, -0.001000001298026020023, 138.7135205944919960 ) ) ;
#628 = CARTESIAN_POINT ( 'NONE',  ( -30.45696877279459969, 0.0000000000000000000, 154.5593057869050142 ) ) ;
#629 = CARTESIAN_POINT ( 'NONE',  ( -84.16705705390459968, 1.937174135549849951E-21, 139.6395506120049959 ) ) ;
#630 = CARTESIAN_POINT ( 'NONE',  ( -91.30328203070789073, 0.0000000000000000000, 143.2171079843000143 ) ) ;
#631 = CARTESIAN_POINT ( 'NONE',  ( -105.2887561036920090, 6.597681612626510095, 11.50000000000000000 ) ) ;
#632 = CARTESIAN_POINT ( 'NONE',  ( -64.71868284286020412, 3.095067971462389878, 154.3805280389869949 ) ) ;
#633 = VERTEX_POINT ( 'NONE', #728 ) ;
#634 = CARTESIAN_POINT ( 'NONE',  ( -13.61272368434352664, 2.524305515543377787, 13.11408468129542371 ) ) ;
#635 = ORIENTED_EDGE ( 'NONE', *, *, #294, .F. ) ;
#636 = CARTESIAN_POINT ( 'NONE',  ( -94.46943780997330009, 13.00321644496600015, 149.1705927090359864 ) ) ;
#637 = ADVANCED_FACE ( 'NONE', ( #3032 ), #2878, .F. ) ;
#638 = CARTESIAN_POINT ( 'NONE',  ( -64.53111399952540239, 0.0000000000000000000, 155.0128925658559922 ) ) ;
#639 = CARTESIAN_POINT ( 'NONE',  ( -59.14822347109190304, 3.024232461233539837, 149.3362921206899898 ) ) ;
#640 = AXIS2_PLACEMENT_3D ( 'NONE', #1013, #951, #3273 ) ;
#641 = CARTESIAN_POINT ( 'NONE',  ( -71.39840948594070369, 3.180009215514529863, 159.4247406409510006 ) ) ;
#642 = ORIENTED_EDGE ( 'NONE', *, *, #1613, .F. ) ;
#643 = VECTOR ( 'NONE', #775, 1000.000000000000000 ) ;
#644 = CARTESIAN_POINT ( 'NONE',  ( -35.00728649603247078, 0.0000000000000000000, 149.1705927090359864 ) ) ;
#645 = CARTESIAN_POINT ( 'NONE',  ( -83.51098378690609536, 3.334036051054030114, 148.4831314938170124 ) ) ;
#646 = CARTESIAN_POINT ( 'NONE',  ( -31.02147220713819920, 2.666564755867150360, 156.3541585643600058 ) ) ;
#647 = CARTESIAN_POINT ( 'NONE',  ( -30.75702453556790061, 0.0000000000000000000, 159.6167522037069944 ) ) ;
#648 = CARTESIAN_POINT ( 'NONE',  ( -2.102142868993402303, 0.2042960825670570857, 2.711135849710618828 ) ) ;
#649 = CARTESIAN_POINT ( 'NONE',  ( -91.48206188489990609, 0.0000000000000000000, 142.6619754293700169 ) ) ;
#650 = CARTESIAN_POINT ( 'NONE',  ( -17.21702404006340004, 0.0000000000000000000, 149.1705927090359864 ) ) ;
#651 = DIRECTION ( 'NONE',  ( 0.0000000000000000000, 0.0000000000000000000, -1.000000000000000000 ) ) ;
#652 = EDGE_LOOP ( 'NONE', ( #4196, #889, #1533, #2726 ) ) ;
#653 = CARTESIAN_POINT ( 'NONE',  ( -43.38657551512220323, 0.0000000000000000000, 148.2385966211139987 ) ) ;
#654 = ORIENTED_EDGE ( 'NONE', *, *, #925, .F. ) ;
#655 = CARTESIAN_POINT ( 'NONE',  ( -95.28617032750639737, 13.00321644496600015, 138.6634986500699824 ) ) ;
#656 = CARTESIAN_POINT ( 'NONE',  ( -64.86570185916929177, 0.0000000000000000000, 153.7525910089229910 ) ) ;
#657 = CARTESIAN_POINT ( 'NONE',  ( -84.32584268919450210, 3.344398092097279562, 139.2478746901039983 ) ) ;
#658 = EDGE_CURVE ( 'NONE', #1345, #468, #424, .T. ) ;
#659 = CARTESIAN_POINT ( 'NONE',  ( -72.34475268460390396, 13.00321644496600015, 149.8159981027159802 ) ) ;
#660 = CARTESIAN_POINT ( 'NONE',  ( -105.1891951345379965, 9.354065902895719375, 149.1705927090369812 ) ) ;
#661 = CARTESIAN_POINT ( 'NONE',  ( -114.5654902412485399, 2.133752822605729627, 2.751886299176993234 ) ) ;
#662 = CARTESIAN_POINT ( 'NONE',  ( -9.110998630567985757, 4.236915029627180473, 10.03553390593619632 ) ) ;
#663 = VERTEX_POINT ( 'NONE', #1780 ) ;
#664 = VECTOR ( 'NONE', #1392, 1000.000000000000000 ) ;
#665 = EDGE_CURVE ( 'NONE', #1872, #2208, #407, .T. ) ;
#666 = EDGE_CURVE ( 'NONE', #2601, #1163, #2952, .T. ) ;
#667 = CARTESIAN_POINT ( 'NONE',  ( -139.3764909965510128, 3.995356370322069139, 244.2320863228079872 ) ) ;
#668 = DIRECTION ( 'NONE',  ( -0.9988390925805179510, 0.04817122723086545572, 0.0000000000000000000 ) ) ;
#669 = CARTESIAN_POINT ( 'NONE',  ( -30.44111705326620054, 2.659184801559880018, 154.5140772031190011 ) ) ;
#670 = CARTESIAN_POINT ( 'NONE',  ( -30.65261705268340009, 0.0000000000000000000, 159.7015474368259902 ) ) ;
#671 = CARTESIAN_POINT ( 'NONE',  ( -67.78404412602378670, -0.001000001298026020023, 152.8824597521790167 ) ) ;
#672 = CARTESIAN_POINT ( 'NONE',  ( -91.30874078075871125, 3.433194479661019649, 147.2862717379500168 ) ) ;
#673 = CARTESIAN_POINT ( 'NONE',  ( -62.44054221136629224, 0.0000000000000000000, 149.8159981027159802 ) ) ;
#674 = LINE ( 'NONE', #1993, #3317 ) ;
#675 = ORIENTED_EDGE ( 'NONE', *, *, #1984, .F. ) ;
#676 = CARTESIAN_POINT ( 'NONE',  ( -44.36093125190199515, 0.0000000000000000000, 147.0608961536810000 ) ) ;
#677 = VERTEX_POINT ( 'NONE', #101 ) ;
#678 = DIRECTION ( 'NONE',  ( 0.1214093666953637296, 0.0000000000000000000, -0.9926025214952008957 ) ) ;
#679 =( BOUNDED_SURFACE ( )  B_SPLINE_SURFACE ( 3, 2, ( 
 ( #1396, #4018, #710 ),
 ( #1414, #1048, #2675 ),
 ( #4038, #1029, #747 ),
 ( #1701, #3694, #102 ),
 ( #388, #3353, #2073 ),
 ( #3033, #3309, #2411 ),
 ( #2695, #121, #45 ),
 ( #2996, #2728, #783 ),
 ( #1358, #4060, #2712 ),
 ( #3979, #2032, #3714 ),
 ( #763, #1107, #2090 ),
 ( #2430, #1438, #3015 ),
 ( #2354, #3371, #1066 ),
 ( #367, #3387, #66 ),
 ( #729, #3654, #425 ),
 ( #2392, #3333, #1379 ) ),
 .UNSPECIFIED., .F., .F., .F. ) 
 B_SPLINE_SURFACE_WITH_KNOTS ( ( 4, 2, 2, 2, 2, 2, 2, 4 ),
 ( 3, 3 ),
 ( 3.172581785235189855, 3.365057684628879997, 3.557533584022559925, 3.750009483416250067, 3.942485382809939765, 4.134961282203629906, 4.327437181597310278, 4.712388980384689674 ),
 ( 0.0000000000000000000, 1.000000000000000000 ),
 .UNSPECIFIED. ) 
 GEOMETRIC_REPRESENTATION_ITEM ( )  RATIONAL_B_SPLINE_SURFACE ( (
 ( 1.000000000000000000, 0.7074461177046050819, 1.000000000000000000),
 ( 1.000000000000000000, 0.7088198047430629423, 1.000000000000000000),
 ( 1.000000000000000000, 0.7146904362205740435, 1.000000000000000000),
 ( 1.000000000000000000, 0.7338335800435409340, 1.000000000000000000),
 ( 1.000000000000000000, 0.7470991864447950048, 1.000000000000000000),
 ( 1.000000000000000000, 0.7781922998882550013, 1.000000000000000000),
 ( 1.000000000000000000, 0.7959875963184940284, 1.000000000000000000),
 ( 1.000000000000000000, 0.8329330503416689790, 1.000000000000000000),
 ( 1.000000000000000000, 0.8520688501907489609, 1.000000000000000000),
 ( 1.000000000000000000, 0.8889033414129220434, 1.000000000000000000),
 ( 1.000000000000000000, 0.9065988849333269650, 1.000000000000000000),
 ( 1.000000000000000000, 0.9384081103303579807, 1.000000000000000000),
 ( 1.000000000000000000, 0.9525225598779980540, 1.000000000000000000),
 ( 1.000000000000000000, 0.9872636456856329623, 1.000000000000000000),
 ( 1.000000000000000000, 1.000146308573550025, 1.000000000000000000),
 ( 1.000000000000000000, 1.000000000000000000, 1.000000000000000000) ) ) 
 REPRESENTATION_ITEM ( '' )  SURFACE ( )  );
#680 = CARTESIAN_POINT ( 'NONE',  ( -64.21668915417190249, 0.0000000000000000000, 155.9596468419649682 ) ) ;
#681 = CARTESIAN_POINT ( 'NONE',  ( -30.42766191273639720, 0.0000000000000000000, 151.4453835907849850 ) ) ;
#682 = CARTESIAN_POINT ( 'NONE',  ( -92.57156071898809557, 0.0000000000000000000, 148.5251873153569875 ) ) ;
#683 = CARTESIAN_POINT ( 'NONE',  ( -58.53747498611780031, 3.016466025283639940, 149.2523007707630143 ) ) ;
#684 = CARTESIAN_POINT ( 'NONE',  ( -112.0874319262373717, 1.325918267831847963, 1.024113197647968709 ) ) ;
#685 = CARTESIAN_POINT ( 'NONE',  ( -1.149600204597990356E-14, 7.499999999999998224, 1.656854249492383913 ) ) ;
#686 = CARTESIAN_POINT ( 'NONE',  ( -42.99652753305959862, -0.001000001298026020023, 148.5251873153569875 ) ) ;
#687 = CARTESIAN_POINT ( 'NONE',  ( -102.6992869183630148, 9.492436818150888911, 8.999999999999788614 ) ) ;
#688 = PLANE ( 'NONE',  #1646 ) ;
#689 = CARTESIAN_POINT ( 'NONE',  ( -84.86194781066480175, 3.351215282184989874, 146.8834350266990043 ) ) ;
#690 = CARTESIAN_POINT ( 'NONE',  ( -30.19495241845559974, 2.656054691257319966, 153.2228006109869796 ) ) ;
#691 = EDGE_CURVE ( 'NONE', #2116, #1056, #2129, .T. ) ;
#692 = CARTESIAN_POINT ( 'NONE',  ( -30.93699546936570144, 0.0000000000000000000, 156.0871734043940080 ) ) ;
#693 = CARTESIAN_POINT ( 'NONE',  ( -2.063961590405145596, 0.1279337272943100456, 2.962868450081553640 ) ) ;
#694 = DIRECTION ( 'NONE',  ( 0.1214093666953637296, 0.0000000000000000000, -0.9926025214952008957 ) ) ;
#695 = CARTESIAN_POINT ( 'NONE',  ( -64.57510035777929147, 3.093242060563690110, 151.3789177094789977 ) ) ;
#696 = CARTESIAN_POINT ( 'NONE',  ( -44.68732799816689294, 0.0000000000000000000, 145.1904257723989815 ) ) ;
#697 = EDGE_LOOP ( 'NONE', ( #217, #592, #3831, #1860 ) ) ;
#698 = DIRECTION ( 'NONE',  ( 0.0000000000000000000, 1.000000000000000000, 0.0000000000000000000 ) ) ;
#699 = CARTESIAN_POINT ( 'NONE',  ( -70.67240971305929520, 2.187201965670800050E-19, 152.1725251210370118 ) ) ;
#700 = CARTESIAN_POINT ( 'NONE',  ( -64.16458826927780024, 0.0000000000000000000, 159.4020125306529962 ) ) ;
#701 = CARTESIAN_POINT ( 'NONE',  ( -30.33799529070949674, 0.0000000000000000000, 151.6826660067929993 ) ) ;
#702 = LINE ( 'NONE', #724, #447 ) ;
#703 = FACE_OUTER_BOUND ( 'NONE', #2165, .T. ) ;
#704 = CARTESIAN_POINT ( 'NONE',  ( -82.52750345486948902, 3.321528810824160072, 148.7805912156520094 ) ) ;
#705 = DIRECTION ( 'NONE',  ( 1.000000000000000000, 0.0000000000000000000, 0.0000000000000000000 ) ) ;
#706 = CARTESIAN_POINT ( 'NONE',  ( -11.61042060231750206, 4.298265512551819434, 8.999999999999710454 ) ) ;
#707 = CARTESIAN_POINT ( 'NONE',  ( -104.1628871793079725, 9.545683074924330214, 8.999999999994937383 ) ) ;
#708 = DIRECTION ( 'NONE',  ( -0.9988390925805179510, 0.04817122723086545572, 0.0000000000000000000 ) ) ;
#709 = VECTOR ( 'NONE', #297, 1000.000000000000000 ) ;
#710 = CARTESIAN_POINT ( 'NONE',  ( -11.49642254948570042, 7.263749886283580537, 9.002400623575750771 ) ) ;
#711 = CARTESIAN_POINT ( 'NONE',  ( -26.12567613871269856, 13.00321644496600015, 152.0014769509129735 ) ) ;
#712 = CARTESIAN_POINT ( 'NONE',  ( -30.75356941500610120, 0.0000000000000000000, 155.5250167617829788 ) ) ;
#713 = CARTESIAN_POINT ( 'NONE',  ( -29.99188798461469929, -0.001000001298026020023, 155.5306577074939867 ) ) ;
#714 = EDGE_CURVE ( 'NONE', #1857, #3095, #3778, .T. ) ;
#715 = CARTESIAN_POINT ( 'NONE',  ( -44.84877908220809672, 2.842396792736299638, 138.3216999233230240 ) ) ;
#716 = B_SPLINE_SURFACE_WITH_KNOTS ( 'NONE', 4, 1, ( 
 ( #46, #2974 ),
 ( #3310, #3568 ),
 ( #2910, #2312 ),
 ( #627, #2335 ),
 ( #3980, #3269 ) ),
 .UNSPECIFIED., .F., .F., .F.,
 ( 5, 5 ),
 ( 2, 2 ),
 ( -1.000000000000000000, 0.0000000000000000000 ),
 ( 0.0000000000000000000, 1.300421644626400086 ),
 .UNSPECIFIED. ) ;
#717 = CARTESIAN_POINT ( 'NONE',  ( -107.2605271331467947, 3.995356370322069139, 5.001000000000000334 ) ) ;
#718 = CARTESIAN_POINT ( 'NONE',  ( -44.00286480902440189, 0.0000000000000000000, 147.6194761684409968 ) ) ;
#719 = ORIENTED_EDGE ( 'NONE', *, *, #1418, .T. ) ;
#720 = DIRECTION ( 'NONE',  ( -0.04817122723086530306, -0.9988390925805179510, 0.0000000000000000000 ) ) ;
#721 = CARTESIAN_POINT ( 'NONE',  ( -2.493434306458051086, 3.246719028791705597, 0.2945428859412511091 ) ) ;
#722 = CARTESIAN_POINT ( 'NONE',  ( -64.63095786564490197, 0.0000000000000000000, 159.7996763387329793 ) ) ;
#723 = CARTESIAN_POINT ( 'NONE',  ( -30.30093552173920202, 2.186451032399269953E-19, 151.8033043643509927 ) ) ;
#724 = CARTESIAN_POINT ( 'NONE',  ( -88.94016535008579183, -0.001000001298026020023, 137.8609707278629912 ) ) ;
#725 = CARTESIAN_POINT ( 'NONE',  ( -105.2120179074000248, 8.660896887052201620, 10.46446608957640301 ) ) ;
#726 = CARTESIAN_POINT ( 'NONE',  ( -8.913523179315658851, 8.949113843761699272, 11.49999999999960032 ) ) ;
#727 = DIRECTION ( 'NONE',  ( 1.000000000000000000, 0.0000000000000000000, 0.0000000000000000000 ) ) ;
#728 = CARTESIAN_POINT ( 'NONE',  ( -100.2766404279240078, 3.547232764980650099, 13.99999999999979927 ) ) ;
#729 = CARTESIAN_POINT ( 'NONE',  ( -13.41498531086660151, 2.442676001490869719, 13.67915341178139954 ) ) ;
#730 = CARTESIAN_POINT ( 'NONE',  ( -30.88293789828899705, 2.664803304369849801, 159.4956186040950001 ) ) ;
#731 = DIRECTION ( 'NONE',  ( -0.9988390925805179510, 0.04817122723086530306, 0.0000000000000000000 ) ) ;
#732 = CIRCLE ( 'NONE', #112, 2.500000000000005329 ) ;
#733 = CARTESIAN_POINT ( 'NONE',  ( -44.65694283149149868, 2.839957350062479957, 146.0996471782270021 ) ) ;
#734 = CYLINDRICAL_SURFACE ( 'NONE', #2911, 5.000000000000000888 ) ;
#735 = CARTESIAN_POINT ( 'NONE',  ( -43.79706610133249001, 0.0000000000000000000, 141.6338765801530144 ) ) ;
#736 = ORIENTED_EDGE ( 'NONE', *, *, #2929, .F. ) ;
#737 = CARTESIAN_POINT ( 'NONE',  ( -24.02524735393440025, 0.0000000000000000000, 151.0485078525800020 ) ) ;
#738 = CARTESIAN_POINT ( 'NONE',  ( -9.054684967973290810, 6.085615533651860254, -48.64979999999999905 ) ) ;
#739 = LINE ( 'NONE', #1428, #2501 ) ;
#740 = EDGE_CURVE ( 'NONE', #3892, #841, #1824, .T. ) ;
#741 = CARTESIAN_POINT ( 'NONE',  ( -31.75562638700509765, 0.0000000000000000000, 149.9064191546309814 ) ) ;
#742 = DIRECTION ( 'NONE',  ( 0.0000000000000000000, 1.000000000000000000, 0.0000000000000000000 ) ) ;
#743 = CARTESIAN_POINT ( 'NONE',  ( -78.43865052853549003, 3.269534842451149892, 149.1683783122659861 ) ) ;
#744 = ORIENTED_EDGE ( 'NONE', *, *, #3531, .T. ) ;
#745 = B_SPLINE_CURVE_WITH_KNOTS ( 'NONE', 3,
 ( #3262, #1595, #2969, #3890, #661, #316, #2268, #339, #1657, #3868, #19, #1333, #2649, #3540, #3951, #1915, #1003, #3219 ),
 .UNSPECIFIED., .F., .F.,
 ( 4, 2, 2, 2, 2, 2, 2, 2, 4 ),
 ( 0.0000000000000000000, 0.1250000000000019429, 0.1875000000000029976, 0.2500000000000040523, 0.3125000000000052736, 0.3750000000000064393, 0.5000000000000051070, 0.7500000000000025535, 1.000000000000000000 ),
 .UNSPECIFIED. ) ;
#746 = CARTESIAN_POINT ( 'NONE',  ( -101.5210130604659895, 4.223951986460499519, 11.49424662495469995 ) ) ;
#747 = CARTESIAN_POINT ( 'NONE',  ( -11.52997789522899907, 6.623813341139729083, 9.053231986203089221 ) ) ;
#748 = CARTESIAN_POINT ( 'NONE',  ( -31.30965097330849645, 2.670229427409660072, 158.7369608558740026 ) ) ;
#749 = CARTESIAN_POINT ( 'NONE',  ( -44.56922140114449604, 2.838841945413290269, 146.5305990903029851 ) ) ;
#750 = CARTESIAN_POINT ( 'NONE',  ( -102.1318033832846481, 3.929623812969650132, 13.07006326397368312 ) ) ;
#751 = CARTESIAN_POINT ( 'NONE',  ( -84.51637218270690255, 0.0000000000000000000, 147.5032057292230263 ) ) ;
#752 = ORIENTED_EDGE ( 'NONE', *, *, #1563, .T. ) ;
#753 = DIRECTION ( 'NONE',  ( 0.0000000000000000000, 1.000000000000000000, 0.0000000000000000000 ) ) ;
#754 = DIRECTION ( 'NONE',  ( 0.0000000000000000000, 0.0000000000000000000, -1.000000000000000000 ) ) ;
#755 = APPLICATION_PROTOCOL_DEFINITION ( 'international standard', 'config_control_design', 1994, #1746 ) ;
#756 = CARTESIAN_POINT ( 'NONE',  ( -66.29749143225930652, 3.115143316572940080, 160.3896308386449903 ) ) ;
#757 = CARTESIAN_POINT ( 'NONE',  ( -90.75501136117560463, 3.426153103639350217, 138.2935623304950070 ) ) ;
#758 = CARTESIAN_POINT ( 'NONE',  ( -78.10248516507539307, 3.265260087367530151, 149.1700779288169940 ) ) ;
#759 = EDGE_CURVE ( 'NONE', #927, #953, #1831, .T. ) ;
#760 = CARTESIAN_POINT ( 'NONE',  ( -23.79273446414330095, 2.574642321976059911, 159.5063997695289970 ) ) ;
#761 = LINE ( 'NONE', #405, #1226 ) ;
#762 = CARTESIAN_POINT ( 'NONE',  ( -101.7884653369410159, 4.591002242994750127, 10.95005104484890168 ) ) ;
#763 = CARTESIAN_POINT ( 'NONE',  ( -11.04619947299130089, 3.398397265335700190, 12.50093235792150104 ) ) ;
#764 = CARTESIAN_POINT ( 'NONE',  ( -49.76718405654749944, -1.709629649717259793E-21, 138.1234469379610061 ) ) ;
#765 = CARTESIAN_POINT ( 'NONE',  ( -114.5654910263969981, 2.133763045523890067, 2.751889360920819705 ) ) ;
#766 = CARTESIAN_POINT ( 'NONE',  ( -43.24774762051369947, 2.822037653286399550, 148.3472445661309962 ) ) ;
#767 = AXIS2_PLACEMENT_3D ( 'NONE', #237, #2228, #169 ) ;
#768 = CIRCLE ( 'NONE', #1954, 158.8255068557829190 ) ;
#769 = CARTESIAN_POINT ( 'NONE',  ( -1.866898254099289778, 0.004433933632318890102, 4.000000000000000000 ) ) ;
#770 = CARTESIAN_POINT ( 'NONE',  ( -83.45014360182798896, 0.0000000000000000000, 148.5251873153569875 ) ) ;
#771 = CARTESIAN_POINT ( 'NONE',  ( -3.476504225844360363, 2.953008451688780234, 0.1041092978309379885 ) ) ;
#772 = ORIENTED_EDGE ( 'NONE', *, *, #3346, .F. ) ;
#773 = LINE ( 'NONE', #2098, #2792 ) ;
#774 = CARTESIAN_POINT ( 'NONE',  ( -93.42384004653608542, 3.460091621309129728, 148.7627517701199906 ) ) ;
#775 = DIRECTION ( 'NONE',  ( 0.0000000000000000000, 1.000000000000000000, 0.0000000000000000000 ) ) ;
#776 = CARTESIAN_POINT ( 'NONE',  ( -48.48654928131739439, 2.888655681909349848, 137.8609707278629912 ) ) ;
#777 = CARTESIAN_POINT ( 'NONE',  ( -92.06150634641250008, 3.442766854211609662, 140.1957256274049826 ) ) ;
#778 = DIRECTION ( 'NONE',  ( 0.0000000000000000000, 1.000000000000000000, 0.0000000000000000000 ) ) ;
#779 = CARTESIAN_POINT ( 'NONE',  ( -23.31186750085390003, 2.568526986738130180, 157.7177931367549775 ) ) ;
#780 = LINE ( 'NONE', #3755, #3909 ) ;
#781 = CARTESIAN_POINT ( 'NONE',  ( -30.17481335263719799, 0.0000000000000000000, 152.9404794526059845 ) ) ;
#782 = CARTESIAN_POINT ( 'NONE',  ( -104.9777964031979991, 6.996209651592209866, 11.62768473998190188 ) ) ;
#783 = CARTESIAN_POINT ( 'NONE',  ( -12.07318690969620079, 4.304691639604779851, 10.08058577268630174 ) ) ;
#784 = CARTESIAN_POINT ( 'NONE',  ( -31.12939796907770074, 2.667937301821860174, 159.1694813750610251 ) ) ;
#785 = ORIENTED_EDGE ( 'NONE', *, *, #1248, .T. ) ;
#786 = EDGE_CURVE ( 'NONE', #2320, #2261, #3865, .T. ) ;
#787 = ADVANCED_FACE ( 'NONE', ( #2174 ), #3217, .T. ) ;
#788 = CARTESIAN_POINT ( 'NONE',  ( -112.4758541009259858, 0.5660627635524779766, 1.943831821521649905 ) ) ;
#789 = CARTESIAN_POINT ( 'NONE',  ( -44.64619294292720042, 2.839820651514600058, 146.1638841063080179 ) ) ;
#790 = EDGE_CURVE ( 'NONE', #1857, #2599, #2924, .T. ) ;
#791 = VECTOR ( 'NONE', #1577, 1000.000000000000114 ) ;
#792 = CARTESIAN_POINT ( 'NONE',  ( -105.1119179309385032, 7.534205496620912434, 11.55734664614342044 ) ) ;
#793 = ORIENTED_EDGE ( 'NONE', *, *, #2903, .F. ) ;
#794 = CARTESIAN_POINT ( 'NONE',  ( -43.58790357836339524, 0.0000000000000000000, 140.5988878761219780 ) ) ;
#795 = CARTESIAN_POINT ( 'NONE',  ( -91.98304018292340345, 0.0000000000000000000, 140.9180180152239927 ) ) ;
#796 = ORIENTED_EDGE ( 'NONE', *, *, #1269, .T. ) ;
#797 = CARTESIAN_POINT ( 'NONE',  ( -23.70217249142629967, 0.0000000000000000000, 156.1612284508859716 ) ) ;
#798 = DIRECTION ( 'NONE',  ( -1.000000000000000000, 0.0000000000000000000, 0.0000000000000000000 ) ) ;
#799 = AXIS2_PLACEMENT_3D ( 'NONE', #3414, #172, #4066 ) ;
#800 =( NAMED_UNIT ( * ) PLANE_ANGLE_UNIT ( ) SI_UNIT ( $, .RADIAN. ) );
#801 = CARTESIAN_POINT ( 'NONE',  ( -60.52912361046439571, -0.001000001298026020023, 159.6252616925540053 ) ) ;
#802 = CARTESIAN_POINT ( 'NONE',  ( -90.88078522274869897, 3.427752478752379872, 145.0539288353899963 ) ) ;
#803 = CARTESIAN_POINT ( 'NONE',  ( -51.39185560105980244, 2.925600358373969812, 147.6956673068700070 ) ) ;
#804 = CARTESIAN_POINT ( 'NONE',  ( -23.49753826317530070, 2.570888608669210207, 159.1117864593940112 ) ) ;
#805 = DIRECTION ( 'NONE',  ( -3.506950558086310039E-15, 1.961123667350899851E-16, -1.000000000000000000 ) ) ;
#806 = CARTESIAN_POINT ( 'NONE',  ( -104.3801718860699594, 5.633234502396084586, 9.870276250674066887 ) ) ;
#807 = CARTESIAN_POINT ( 'NONE',  ( -71.16234137014680527, 0.0000000000000000000, 155.3872576493159841 ) ) ;
#808 = CARTESIAN_POINT ( 'NONE',  ( -51.40317081958980339, 2.142477268389019797E-19, 141.4890474118990085 ) ) ;
#809 = EDGE_LOOP ( 'NONE', ( #1820, #3503, #1181, #2809 ) ) ;
#810 = DIRECTION ( 'NONE',  ( 0.0000000000000000000, 0.0000000000000000000, 1.000000000000000000 ) ) ;
#811 = CARTESIAN_POINT ( 'NONE',  ( -27.01912173950022122, 2.615669952428534284, 160.5558056959834516 ) ) ;
#812 = EDGE_CURVE ( 'NONE', #961, #1525, #2879, .T. ) ;
#813 = CARTESIAN_POINT ( 'NONE',  ( -43.58548268761660438, 2.826332413521920106, 139.8685136894150105 ) ) ;
#814 = AXIS2_PLACEMENT_3D ( 'NONE', #2856, #2901, #3538 ) ;
#815 = CARTESIAN_POINT ( 'NONE',  ( -103.8283320037210302, 5.092869239209446341, 12.21447159990007236 ) ) ;
#816 = ORIENTED_EDGE ( 'NONE', *, *, #2732, .T. ) ;
#817 = CARTESIAN_POINT ( 'NONE',  ( -43.85492150893340124, 0.0000000000000000000, 139.1157792722059980 ) ) ;
#818 = CARTESIAN_POINT ( 'NONE',  ( -91.09238569252681827, 0.0000000000000000000, 138.4786072677869981 ) ) ;
#819 = ORIENTED_EDGE ( 'NONE', *, *, #2820, .F. ) ;
#820 = CARTESIAN_POINT ( 'NONE',  ( -24.22142097067359856, 0.0000000000000000000, 154.4962944185030267 ) ) ;
#821 = PRODUCT_DEFINITION ( 'UNKNOWN', '', #300, #3051 ) ;
#822 = CARTESIAN_POINT ( 'NONE',  ( -94.51189718183650257, 3.473926761280790032, 148.9599507429450114 ) ) ;
#823 = PERSON_AND_ORGANIZATION ( #2854, #2916 ) ;
#824 = CARTESIAN_POINT ( 'NONE',  ( -111.5078420405289990, 2.455121517910699769, 0.3031338125958039642 ) ) ;
#825 = CARTESIAN_POINT ( 'NONE',  ( -89.68310893788759586, 3.412522576667430307, 137.9754713694450174 ) ) ;
#826 = CARTESIAN_POINT ( 'NONE',  ( -51.19280873364859730, 2.923069223509519698, 147.5138152056240131 ) ) ;
#827 = CARTESIAN_POINT ( 'NONE',  ( -24.09974581275279704, 2.578545555379450072, 159.7652372328229831 ) ) ;
#828 = CARTESIAN_POINT ( 'NONE',  ( -7.165051494980620106, 3.995356370322069139, 1.500999999999689916 ) ) ;
#829 = CARTESIAN_POINT ( 'NONE',  ( -71.83003866964560302, 0.0000000000000000000, 158.2753463380480241 ) ) ;
#830 = CARTESIAN_POINT ( 'NONE',  ( -50.57847538510189622, 0.0000000000000000000, 144.1305195808600104 ) ) ;
#831 = ORIENTED_EDGE ( 'NONE', *, *, #4212, .F. ) ;
#832 = CARTESIAN_POINT ( 'NONE',  ( -114.7639975833969999, 2.035466637765290354, 4.000000000000000000 ) ) ;
#833 = PLANE ( 'NONE',  #1743 ) ;
#834 = LINE ( 'NONE', #2500, #3591 ) ;
#835 = EDGE_CURVE ( 'NONE', #2852, #3369, #2219, .T. ) ;
#836 = CARTESIAN_POINT ( 'NONE',  ( -102.1032013128839111, 3.917847638008018940, 13.08443895873249119 ) ) ;
#837 = ORIENTED_EDGE ( 'NONE', *, *, #2979, .F. ) ;
#838 = CARTESIAN_POINT ( 'NONE',  ( -46.11386743577700287, 2.153867294630730263E-19, 137.9399803890479745 ) ) ;
#839 = CARTESIAN_POINT ( 'NONE',  ( -92.03827334796260118, 0.0000000000000000000, 139.8291328883650237 ) ) ;
#840 = AXIS2_PLACEMENT_3D ( 'NONE', #1251, #2797, #4178 ) ;
#841 = VERTEX_POINT ( 'NONE', #2194 ) ;
#842 = CARTESIAN_POINT ( 'NONE',  ( -24.29300379139399979, 0.0000000000000000000, 154.2215951003559837 ) ) ;
#843 = CARTESIAN_POINT ( 'NONE',  ( -39.05438316943869381, 2.768713177706469963, 149.1378050306890088 ) ) ;
#844 = AXIS2_PLACEMENT_3D ( 'NONE', #3368, #1044, #3674 ) ;
#845 = CARTESIAN_POINT ( 'NONE',  ( -112.9163653464369901, 2.942096037216300086, 0.6330435575613698740 ) ) ;
#846 = CARTESIAN_POINT ( 'NONE',  ( -92.02215915641269817, 3.442266516564369994, 140.7025015196609843 ) ) ;
#847 = VERTEX_POINT ( 'NONE', #3888 ) ;
#848 = CARTESIAN_POINT ( 'NONE',  ( -51.54586162092270030, 2.927559403275729721, 140.8795039984700281 ) ) ;
#849 = CARTESIAN_POINT ( 'NONE',  ( -24.45026834315400066, 2.583004042090399910, 153.4187928246120123 ) ) ;
#850 = CARTESIAN_POINT ( 'NONE',  ( -8.965620329397749444, 7.932386897472410325, 11.49999999999960032 ) ) ;
#851 = CARTESIAN_POINT ( 'NONE',  ( -71.03155512290999241, 0.0000000000000000000, 154.9730457842380247 ) ) ;
#852 = CARTESIAN_POINT ( 'NONE',  ( -51.55285250676649866, 0.0000000000000000000, 139.6877346780190123 ) ) ;
#853 = ORIENTED_EDGE ( 'NONE', *, *, #1640, .F. ) ;
#854 = CARTESIAN_POINT ( 'NONE',  ( -112.5128532561730026, 0.4935359155897079964, 2.069660040188499917 ) ) ;
#855 = CARTESIAN_POINT ( 'NONE',  ( -32.56258716553180221, 2.686163096608600309, 149.6195175962079986 ) ) ;
#856 = CARTESIAN_POINT ( 'NONE',  ( -9.188126039396339095, 3.995356370322069139, 5.001000000002970403 ) ) ;
#857 = CARTESIAN_POINT ( 'NONE',  ( -2.917984664853292998, 0.3556025310239011583, 2.152278649597364701 ) ) ;
#858 = ORIENTED_EDGE ( 'NONE', *, *, #3433, .F. ) ;
#859 = CARTESIAN_POINT ( 'NONE',  ( -84.13367760328449663, 0.0000000000000000000, 140.8410460348169977 ) ) ;
#860 = DIRECTION ( 'NONE',  ( 1.000000000000000000, -9.003423303438600580E-15, 0.0000000000000000000 ) ) ;
#861 = ORIENTED_EDGE ( 'NONE', *, *, #1108, .F. ) ;
#862 = CARTESIAN_POINT ( 'NONE',  ( -24.32394011133749956, 0.0000000000000000000, 154.0850935016629819 ) ) ;
#863 = CARTESIAN_POINT ( 'NONE',  ( -41.62574748926210333, 2.801411101130210302, 148.8702547976839980 ) ) ;
#864 = CARTESIAN_POINT ( 'NONE',  ( -64.93520350899419213, 3.097821305716550011, 152.3940035988910324 ) ) ;
#865 = CARTESIAN_POINT ( 'NONE',  ( 0.0000000000000000000, 2.000000000000000000, 4.000000000000000000 ) ) ;
#866 = ORIENTED_EDGE ( 'NONE', *, *, #3216, .F. ) ;
#867 = CARTESIAN_POINT ( 'NONE',  ( -51.08725478252289776, 2.921726937871040430, 147.4029788201240194 ) ) ;
#868 = EDGE_CURVE ( 'NONE', #3480, #1280, #1547, .T. ) ;
#869 = CARTESIAN_POINT ( 'NONE',  ( -64.25883524646771150, 0.0000000000000000000, 150.9527167452739889 ) ) ;
#870 = CARTESIAN_POINT ( 'NONE',  ( -4.336808689942016750E-16, 4.336808689942016750E-16, 3.999999999999997335 ) ) ;
#871 = CARTESIAN_POINT ( 'NONE',  ( -70.74657507904539955, 0.0000000000000000000, 153.8754190396500121 ) ) ;
#872 = CARTESIAN_POINT ( 'NONE',  ( -50.50477858539349540, 0.0000000000000000000, 146.3597005165700011 ) ) ;
#873 = CARTESIAN_POINT ( 'NONE',  ( -70.72366783881891195, 3.171429014631499843, 151.9277924429030122 ) ) ;
#874 = ORIENTED_EDGE ( 'NONE', *, *, #2788, .F. ) ;
#875 = CARTESIAN_POINT ( 'NONE',  ( -2.939419985850506567, 3.995356370322069584, 0.6009999999997094333 ) ) ;
#876 = CARTESIAN_POINT ( 'NONE',  ( -112.3492131294780449, 0.8138965050789933597, 1.570001796703289987 ) ) ;
#877 = CARTESIAN_POINT ( 'NONE',  ( -33.03611483967740270, 2.692184728526919812, 149.5119330253600083 ) ) ;
#878 = DIRECTION ( 'NONE',  ( 0.04817122723086530306, 0.9988390925805179510, 0.0000000000000000000 ) ) ;
#879 = VECTOR ( 'NONE', #3777, 1000.000000000000000 ) ;
#880 = LINE ( 'NONE', #260, #3247 ) ;
#881 = ORIENTED_EDGE ( 'NONE', *, *, #4190, .F. ) ;
#882 = CARTESIAN_POINT ( 'NONE',  ( -85.11808161981009846, 2.189646916075549687E-19, 145.1742789427929949 ) ) ;
#883 = CARTESIAN_POINT ( 'NONE',  ( -91.82436603677030007, 0.0000000000000000000, 141.5700641868490095 ) ) ;
#884 = TOROIDAL_SURFACE ( 'NONE', #1432, 110.7820467919760006, 4.000000000000000000 ) ;
#885 = CARTESIAN_POINT ( 'NONE',  ( -23.57656840161670075, 0.0000000000000000000, 156.5670032621510188 ) ) ;
#886 = CARTESIAN_POINT ( 'NONE',  ( -37.98503445980099968, 2.755115503145179723, 149.1683783122659861 ) ) ;
#887 = CARTESIAN_POINT ( 'NONE',  ( -64.71918591588810443, 3.095074795968510095, 159.8474766215449847 ) ) ;
#888 = LINE ( 'NONE', #289, #1785 ) ;
#889 = ORIENTED_EDGE ( 'NONE', *, *, #1822, .F. ) ;
#890 = CARTESIAN_POINT ( 'NONE',  ( -50.44965031142330503, 2.913619001355060245, 146.1358897192759798 ) ) ;
#891 = CARTESIAN_POINT ( 'NONE',  ( -22.92234878716890023, 2.563574257649499977, 149.9153939285259867 ) ) ;
#892 = EDGE_CURVE ( 'NONE', #1771, #1345, #2548, .T. ) ;
#893 = CARTESIAN_POINT ( 'NONE',  ( -68.09535044377909685, 3.138006605728786091, 160.5558056959834516 ) ) ;
#894 = CARTESIAN_POINT ( 'NONE',  ( -0.1233684536336067256, 2.061780635090828984, 3.006118312756566269 ) ) ;
#895 = CARTESIAN_POINT ( 'NONE',  ( -51.42754020497849865, 0.0000000000000000000, 139.3270592105830019 ) ) ;
#896 = CARTESIAN_POINT ( 'NONE',  ( -71.26945832472141262, 3.178369241895730113, 159.5611954821980021 ) ) ;
#897 = ORIENTED_EDGE ( 'NONE', *, *, #2332, .F. ) ;
#898 = FACE_OUTER_BOUND ( 'NONE', #2143, .T. ) ;
#899 = CARTESIAN_POINT ( 'NONE',  ( -112.5051662924423113, 0.5085823185000140079, 2.047634512620057912 ) ) ;
#900 = CARTESIAN_POINT ( 'NONE',  ( -37.11755278194520002, 2.744084386778599782, 149.1705927090359864 ) ) ;
#901 = CARTESIAN_POINT ( 'NONE',  ( -11.49496611690189773, 7.315357331287519749, 9.000800396792790536 ) ) ;
#902 = CARTESIAN_POINT ( 'NONE',  ( -113.5118156947905561, 0.1339629188029758944, 4.683292429529424261 ) ) ;
#903 = ORIENTED_EDGE ( 'NONE', *, *, #3975, .T. ) ;
#904 = CARTESIAN_POINT ( 'NONE',  ( -84.75636943932619261, 0.0000000000000000000, 143.2681727019759990 ) ) ;
#905 = CARTESIAN_POINT ( 'NONE',  ( -91.10280405986149788, 0.0000000000000000000, 146.8783399589729868 ) ) ;
#906 = CARTESIAN_POINT ( 'NONE',  ( -24.07103786400779910, 0.0000000000000000000, 159.7471173121869867 ) ) ;
#907 = DIRECTION ( 'NONE',  ( 0.0000000000000000000, 1.000000000000000000, 0.0000000000000000000 ) ) ;
#908 = CARTESIAN_POINT ( 'NONE',  ( -64.22641699814910510, 3.088808433930589903, 155.9247427252630018 ) ) ;
#909 = ORIENTED_EDGE ( 'NONE', *, *, #3265, .T. ) ;
#910 = CARTESIAN_POINT ( 'NONE',  ( -12.97324741332461784, 2.910397636566038226, 11.84512223654843410 ) ) ;
#911 = VERTEX_POINT ( 'NONE', #850 ) ;
#912 = CARTESIAN_POINT ( 'NONE',  ( -50.49786098768510101, 2.914232076300649954, 144.4849530578100030 ) ) ;
#913 = CIRCLE ( 'NONE', #2980, 7.654378035012191717 ) ;
#914 = CARTESIAN_POINT ( 'NONE',  ( -63.89096148923860596, -1.797463185746630031E-21, 150.6065351697729966 ) ) ;
#915 = CARTESIAN_POINT ( 'NONE',  ( -4.000000000000000000, 7.692908858248279635, 0.0000000000000000000 ) ) ;
#916 = CARTESIAN_POINT ( 'NONE',  ( -71.20238657276719607, 0.0000000000000000000, 150.8773906822910078 ) ) ;
#917 = CARTESIAN_POINT ( 'NONE',  ( -31.89113661583549941, -0.001000001298026020023, 149.8159981027159802 ) ) ;
#918 = CARTESIAN_POINT ( 'NONE',  ( -71.27792967786419354, 3.178477161045900168, 155.7438655901769948 ) ) ;
#919 = ORIENTED_EDGE ( 'NONE', *, *, #2511, .T. ) ;
#920 = CARTESIAN_POINT ( 'NONE',  ( -42.99652753305959862, -0.001000001298026020023, 148.5251873153569875 ) ) ;
#921 = CARTESIAN_POINT ( 'NONE',  ( -2.000000000000000000, 0.0000000000000000000, 6.231901406742180072 ) ) ;
#922 = CARTESIAN_POINT ( 'NONE',  ( -84.74848194818069658, 3.349773350652720083, 143.2415105080270052 ) ) ;
#923 = CARTESIAN_POINT ( 'NONE',  ( -10.11363822277331614, 4.279773478006737797, 12.04029288626401950 ) ) ;
#924 = ADVANCED_FACE ( 'NONE', ( #250 ), #527, .T. ) ;
#925 = EDGE_CURVE ( 'NONE', #3413, #503, #1522, .T. ) ;
#926 = CARTESIAN_POINT ( 'NONE',  ( -111.4861586422809978, 3.995356370322069139, 8.501000000000589196 ) ) ;
#927 = VERTEX_POINT ( 'NONE', #293 ) ;
#928 = CARTESIAN_POINT ( 'NONE',  ( -84.26001497626589298, 0.0000000000000000000, 141.4906723753440190 ) ) ;
#929 = CARTESIAN_POINT ( 'NONE',  ( -91.87539383411859717, 0.0000000000000000000, 147.9799292188820061 ) ) ;
#930 = CARTESIAN_POINT ( 'NONE',  ( -106.1882192376679939, 0.0000000000000000000, 4.000000000000000000 ) ) ;
#931 = PERSON_AND_ORGANIZATION ( #2854, #2916 ) ;
#932 = CARTESIAN_POINT ( 'NONE',  ( -64.91152290874600794, 3.097520570868089962, 153.4881613509020042 ) ) ;
#933 = ORIENTED_EDGE ( 'NONE', *, *, #3525, .F. ) ;
#934 = DIRECTION ( 'NONE',  ( 0.0000000000000000000, 1.000000000000000000, 0.0000000000000000000 ) ) ;
#935 = EDGE_LOOP ( 'NONE', ( #4207, #2860, #2843, #3620 ) ) ;
#936 = CARTESIAN_POINT ( 'NONE',  ( -94.46943780997330009, -0.001000001298026020023, 149.1705927090359864 ) ) ;
#937 = DIRECTION ( 'NONE',  ( 3.506950558086310039E-15, -1.961123667350909712E-16, 1.000000000000000000 ) ) ;
#938 = CARTESIAN_POINT ( 'NONE',  ( -0.3783915829963623856, 0.3783915829963623856, 2.183172204190613641 ) ) ;
#939 = CARTESIAN_POINT ( 'NONE',  ( -70.69617807228370054, 0.0000000000000000000, 153.6047210121009812 ) ) ;
#940 = LINE ( 'NONE', #917, #709 ) ;
#941 = CARTESIAN_POINT ( 'NONE',  ( -71.17657197285150517, 3.177188268513829517, 155.4307219666270328 ) ) ;
#942 = AXIS2_PLACEMENT_3D ( 'NONE', #223, #4230, #3577 ) ;
#943 = ORIENTED_EDGE ( 'NONE', *, *, #2956, .F. ) ;
#944 = CARTESIAN_POINT ( 'NONE',  ( -33.78901370682080341, -0.001000001298026020023, 149.1705927090359864 ) ) ;
#945 = CARTESIAN_POINT ( 'NONE',  ( -84.58047238739770535, 3.347636718211049800, 142.6568999552480079 ) ) ;
#946 = FACE_OUTER_BOUND ( 'NONE', #2409, .T. ) ;
#947 = CARTESIAN_POINT ( 'NONE',  ( -31.10521234659280054, 0.0000000000000000000, 156.6282376926849906 ) ) ;
#948 = CARTESIAN_POINT ( 'NONE',  ( -85.12504338705929285, 0.0000000000000000000, 145.4372231223180165 ) ) ;
#949 = EDGE_CURVE ( 'NONE', #3892, #3466, #4049, .T. ) ;
#950 = CARTESIAN_POINT ( 'NONE',  ( -92.05107605407688709, 3.442634188567689879, 148.1409622119760172 ) ) ;
#951 = DIRECTION ( 'NONE',  ( 3.506950558086310039E-15, -1.405887209047971786E-45, 1.000000000000000000 ) ) ;
#952 = CARTESIAN_POINT ( 'NONE',  ( -64.93310787383049387, 3.097794657041819999, 159.9651551093640194 ) ) ;
#953 = VERTEX_POINT ( 'NONE', #4169 ) ;
#954 = CARTESIAN_POINT ( 'NONE',  ( -13.16038495714601453, 2.768646349591413980, 12.21573823194103170 ) ) ;
#955 = ORIENTED_EDGE ( 'NONE', *, *, #2192, .T. ) ;
#956 = FACE_OUTER_BOUND ( 'NONE', #3535, .T. ) ;
#957 = CYLINDRICAL_SURFACE ( 'NONE', #1262, 5.000000000000000888 ) ;
#958 = CARTESIAN_POINT ( 'NONE',  ( -3.476306829135209941, 3.738153414567599864, 2.994664983239770015E-15 ) ) ;
#959 = CARTESIAN_POINT ( 'NONE',  ( 58.63310904902470355, 3.995356370322069139, 288.8141475624760233 ) ) ;
#960 = CARTESIAN_POINT ( 'NONE',  ( -71.53005377812179688, 3.181683200230640107, 159.2593706323739866 ) ) ;
#961 = VERTEX_POINT ( 'NONE', #915 ) ;
#962 = CARTESIAN_POINT ( 'NONE',  ( -41.09865044207440121, -0.001000001298026020023, 149.1705927090359864 ) ) ;
#963 = CARTESIAN_POINT ( 'NONE',  ( -84.79885040707409871, 3.350412861559879829, 147.0240275108679953 ) ) ;
#964 = CARTESIAN_POINT ( 'NONE',  ( -30.64852172606500247, 2.661822373555439825, 155.1993312255780211 ) ) ;
#965 = CARTESIAN_POINT ( 'NONE',  ( -30.24256200351539903, 0.0000000000000000000, 153.6047210121009812 ) ) ;
#966 = DIRECTION ( 'NONE',  ( 0.0000000000000000000, 1.000000000000000000, 0.0000000000000000000 ) ) ;
#967 = CARTESIAN_POINT ( 'NONE',  ( -90.88655581677849682, 0.0000000000000000000, 144.9878371734119753 ) ) ;
#968 = CARTESIAN_POINT ( 'NONE',  ( -43.77096134419589646, 2.828691038870819519, 139.2645816919410038 ) ) ;
#969 = ADVANCED_FACE ( 'NONE', ( #3492 ), #4199, .T. ) ;
#970 = CARTESIAN_POINT ( 'NONE',  ( -62.44054221136629224, 3.066098504611760145, 149.8159981027159802 ) ) ;
#971 = ORIENTED_EDGE ( 'NONE', *, *, #1846, .T. ) ;
#972 = CARTESIAN_POINT ( 'NONE',  ( -44.21255804393389610, 0.0000000000000000000, 143.0083265642089998 ) ) ;
#973 = ORIENTED_EDGE ( 'NONE', *, *, #2013, .F. ) ;
#974 = CARTESIAN_POINT ( 'NONE',  ( -50.84396451802049910, 2.918632920702839861, 138.6316652894120125 ) ) ;
#975 =( BOUNDED_CURVE ( )  B_SPLINE_CURVE ( 3, ( #1532, #1204, #902, #3526 ),
 .UNSPECIFIED., .F., .T. ) 
 B_SPLINE_CURVE_WITH_KNOTS ( ( 4, 4 ),
 ( 1.702298743233572109, 2.004338114061191334 ),
 .UNSPECIFIED. ) 
 CURVE ( )  GEOMETRIC_REPRESENTATION_ITEM ( )  RATIONAL_B_SPLINE_CURVE ( ( 1.000000000000000000, 0.9924121226913693583, 0.9924121226913693583, 1.000000000000000000 ) ) 
 REPRESENTATION_ITEM ( '' )  );
#976 = CARTESIAN_POINT ( 'NONE',  ( -63.79966644181720170, 0.0000000000000000000, 158.7083444002939814 ) ) ;
#977 = EDGE_CURVE ( 'NONE', #2320, #3275, #2217, .T. ) ;
#978 = EDGE_CURVE ( 'NONE', #1737, #2261, #308, .T. ) ;
#979 = CARTESIAN_POINT ( 'NONE',  ( -84.57292934946219987, 3.347540043719130054, 138.8985713959089878 ) ) ;
#980 = CARTESIAN_POINT ( 'NONE',  ( -74.24262977558910848, 13.00321644496600015, 149.1705927090359864 ) ) ;
#981 = AXIS2_PLACEMENT_3D ( 'NONE', #4180, #3137, #4223 ) ;
#982 = CARTESIAN_POINT ( 'NONE',  ( -52.76478328191529954, 0.0000000000000000000, 148.4949922710900125 ) ) ;
#983 = CARTESIAN_POINT ( 'NONE',  ( -8.932313916647334651, 8.601221662346501873, 10.03553390593619632 ) ) ;
#984 = VERTEX_POINT ( 'NONE', #2990 ) ;
#985 = LINE ( 'NONE', #2948, #65 ) ;
#986 = CARTESIAN_POINT ( 'NONE',  ( -84.41506856098838796, 3.345532644288079727, 147.6350913931690059 ) ) ;
#987 = CARTESIAN_POINT ( 'NONE',  ( -31.13252586295180180, 2.667976905156649980, 156.7110838715250338 ) ) ;
#988 = CARTESIAN_POINT ( 'NONE',  ( -29.80628891443119599, 1.530450096973619959E-21, 160.1410677939990137 ) ) ;
#989 = CARTESIAN_POINT ( 'NONE',  ( -2.409781048016617966, 0.8195708618583330551, 1.560039049845855841 ) ) ;
#990 = CARTESIAN_POINT ( 'NONE',  ( -91.77193305262869671, -1.555865781970300175E-21, 147.8766881657119825 ) ) ;
#991 = CARTESIAN_POINT ( 'NONE',  ( -43.96748970879399820, 2.831190073998500090, 138.9586669540779837 ) ) ;
#992 = CARTESIAN_POINT ( 'NONE',  ( -107.2605271331467804, 3.995356370322069584, 0.6010000000000796927 ) ) ;
#993 = ORIENTED_EDGE ( 'NONE', *, *, #1738, .T. ) ;
#994 = CARTESIAN_POINT ( 'NONE',  ( -44.23267190801819737, 0.0000000000000000000, 147.2883719443979942 ) ) ;
#995 = EDGE_LOOP ( 'NONE', ( #1411, #933, #54, #166, #1811 ) ) ;
#996 = CARTESIAN_POINT ( 'NONE',  ( -48.48654928131739439, 2.888655681909349848, 137.8609707278629912 ) ) ;
#997 = CARTESIAN_POINT ( 'NONE',  ( -64.48066790480589816, 0.0000000000000000000, 155.1711703710949735 ) ) ;
#998 = CARTESIAN_POINT ( 'NONE',  ( -31.43555777946049901, 0.0000000000000000000, 150.1454762095939941 ) ) ;
#999 = CARTESIAN_POINT ( 'NONE',  ( -20.76198124056829997, 2.536102396968739736, 149.3724244134330092 ) ) ;
#1000 = CARTESIAN_POINT ( 'NONE',  ( -56.42624879281189720, 0.0000000000000000000, 148.9554575778099945 ) ) ;
#1001 = CARTESIAN_POINT ( 'NONE',  ( -111.3958900720104594, 2.672420874769540600, 0.2267323339693397277 ) ) ;
#1002 = ADVANCED_FACE ( 'NONE', ( #703 ), #2944, .F. ) ;
#1003 = CARTESIAN_POINT ( 'NONE',  ( -111.1656720263992497, 3.784182542782370096, 3.422013106907373764E-15 ) ) ;
#1004 = CARTESIAN_POINT ( 'NONE',  ( -40.42508913407089466, -0.001000001298026020023, 138.6941936058039744 ) ) ;
#1005 = ORIENTED_EDGE ( 'NONE', *, *, #183, .F. ) ;
#1006 = CIRCLE ( 'NONE', #1562, 2.499999999999999556 ) ;
#1007 = CARTESIAN_POINT ( 'NONE',  ( -42.99652753305959862, 0.0000000000000000000, 148.5251873153569875 ) ) ;
#1008 = CARTESIAN_POINT ( 'NONE',  ( -84.10908805125529852, 3.341641789061169820, 139.9315211785370252 ) ) ;
#1009 = CIRCLE ( 'NONE', #3961, 114.7820467919760006 ) ;
#1010 = CARTESIAN_POINT ( 'NONE',  ( -30.61229011990869964, 2.661361611490269841, 155.0828999141449742 ) ) ;
#1011 = CARTESIAN_POINT ( 'NONE',  ( -31.06491915591140085, 0.0000000000000000000, 156.4939025778100188 ) ) ;
#1012 = DIRECTION ( 'NONE',  ( 0.0000000000000000000, 0.0000000000000000000, 1.000000000000000000 ) ) ;
#1013 = CARTESIAN_POINT ( 'NONE',  ( -100.2130641889379916, 8.546828554825708579, 149.1705927090359864 ) ) ;
#1014 = CARTESIAN_POINT ( 'NONE',  ( -63.53020951951459949, 3.079955896545240268, 150.3475108521979848 ) ) ;
#1015 = CARTESIAN_POINT ( 'NONE',  ( -43.61886160918010091, 0.0000000000000000000, 148.0396947165399979 ) ) ;
#1016 = ORIENTED_EDGE ( 'NONE', *, *, #2332, .T. ) ;
#1017 = LINE ( 'NONE', #2736, #3959 ) ;
#1018 = CARTESIAN_POINT ( 'NONE',  ( -70.63685135407810378, 0.0000000000000000000, 153.0721818800820131 ) ) ;
#1019 = CARTESIAN_POINT ( 'NONE',  ( -64.90315275829560449, 0.0000000000000000000, 152.2650763628950017 ) ) ;
#1020 = VECTOR ( 'NONE', #805, 1000.000000000000000 ) ;
#1021 = CARTESIAN_POINT ( 'NONE',  ( -85.50787974500059363, 3.359428790476509885, 138.2682728460260080 ) ) ;
#1022 = CYLINDRICAL_SURFACE ( 'NONE', #1417, 2.000000000000001776 ) ;
#1023 = DIRECTION ( 'NONE',  ( 1.000000000000000000, -9.003423303438630556E-15, 0.0000000000000000000 ) ) ;
#1024 = CARTESIAN_POINT ( 'NONE',  ( -112.6836301049078344, 0.1582574555190394416, 2.858975981092177765 ) ) ;
#1025 = DIRECTION ( 'NONE',  ( -9.265550801104809379E-11, 4.162120250577364982E-12, 1.000000000000000000 ) ) ;
#1026 = CARTESIAN_POINT ( 'NONE',  ( -8.949711076456630110, 8.262268130041821479, 11.49999999999960032 ) ) ;
#1027 = ADVANCED_FACE ( 'NONE', ( #4253 ), #1805, .T. ) ;
#1028 = DIRECTION ( 'NONE',  ( 0.04817122723086530306, 0.9988390925805179510, 0.0000000000000000000 ) ) ;
#1029 = CARTESIAN_POINT ( 'NONE',  ( -9.114267117561665188, 6.210471775776004399, 9.105844765971442101 ) ) ;
#1030 = CARTESIAN_POINT ( 'NONE',  ( -26.40111486757770010, -0.001000001298026020023, 160.4802146902090101 ) ) ;
#1031 = CARTESIAN_POINT ( 'NONE',  ( -31.18003451651529900, 0.0000000000000000000, 156.8943877218569867 ) ) ;
#1032 = CARTESIAN_POINT ( 'NONE',  ( -31.89113661583549941, -0.001000001298026020023, 149.8159981027159802 ) ) ;
#1033 = CARTESIAN_POINT ( 'NONE',  ( -44.44337669247229883, 2.837242154914089820, 138.5415394338259887 ) ) ;
#1034 = CARTESIAN_POINT ( 'NONE',  ( -101.0563272501406118, 3.618346190770256321, 13.60980442188361472 ) ) ;
#1035 = CARTESIAN_POINT ( 'NONE',  ( -44.67551413998580045, 0.0000000000000000000, 145.9683668008599966 ) ) ;
#1036 = ORIENTED_EDGE ( 'NONE', *, *, #3237, .T. ) ;
#1037 = CARTESIAN_POINT ( 'NONE',  ( -22.76971949867539990, 0.0000000000000000000, 149.8159981027159802 ) ) ;
#1038 = CARTESIAN_POINT ( 'NONE',  ( -70.62842942140549951, 0.0000000000000000000, 152.9404794526059845 ) ) ;
#1039 = CARTESIAN_POINT ( 'NONE',  ( -64.79313462262119572, 0.0000000000000000000, 151.8491962968050188 ) ) ;
#1040 = B_SPLINE_CURVE_WITH_KNOTS ( 'NONE', 3,
 ( #650, #50, #3617, #1342 ),
 .UNSPECIFIED., .F., .F.,
 ( 4, 4 ),
 ( 0.0000000000000000000, 0.5458427884718249912 ),
 .UNSPECIFIED. ) ;
#1041 = CARTESIAN_POINT ( 'NONE',  ( -84.58234374046480752, 3.347659761920489530, 138.8881896302279699 ) ) ;
#1042 = CARTESIAN_POINT ( 'NONE',  ( -22.05943417857420030, 2.552600253492249838, 149.6091832201069849 ) ) ;
#1043 = CARTESIAN_POINT ( 'NONE',  ( -81.11307931616460110, 3.303543636446100162, 149.0092357669090006 ) ) ;
#1044 = DIRECTION ( 'NONE',  ( 0.0000000000000000000, 0.0000000000000000000, 1.000000000000000000 ) ) ;
#1045 = ORIENTED_EDGE ( 'NONE', *, *, #399, .F. ) ;
#1046 = DIRECTION ( 'NONE',  ( 0.8650200284677218576, -0.04171750651340193350, 0.5000000000000059952 ) ) ;
#1047 = CIRCLE ( 'NONE', #1464, 2.500000002515539332 ) ;
#1048 = CARTESIAN_POINT ( 'NONE',  ( -9.027136049144147023, 6.675254411269631483, 9.024630567793122893 ) ) ;
#1049 = CARTESIAN_POINT ( 'NONE',  ( -30.62907919784640143, 2.661574873279400233, 159.7205339968330122 ) ) ;
#1050 = CARTESIAN_POINT ( 'NONE',  ( -2.003500035639730115, 0.007010942457112609959, 3.763459819555860175 ) ) ;
#1051 = EDGE_CURVE ( 'NONE', #633, #3256, #2285, .T. ) ;
#1052 = CARTESIAN_POINT ( 'NONE',  ( -43.73150219797729932, 2.828189191724040263, 139.3472223284250049 ) ) ;
#1053 = B_SPLINE_SURFACE_WITH_KNOTS ( 'NONE', 3, 1, ( 
 ( #1320, #1299 ),
 ( #350, #3901 ),
 ( #1362, #2680 ),
 ( #2658, #2596 ),
 ( #631, #3252 ),
 ( #2616, #3960 ) ),
 .UNSPECIFIED., .F., .F., .F.,
 ( 4, 2, 4 ),
 ( 2, 2 ),
 ( 0.0000000000000000000, 0.1515543800034849786, 1.000000000000000000 ),
 ( 0.0000000000000000000, 36.08988000000000085 ),
 .UNSPECIFIED. ) ;
#1054 = CARTESIAN_POINT ( 'NONE',  ( -64.41194786357299051, 3.091167398398860122, 151.1356076979359955 ) ) ;
#1055 = CARTESIAN_POINT ( 'NONE',  ( -43.50731827225669690, 0.0000000000000000000, 148.1404415530319909 ) ) ;
#1056 = VERTEX_POINT ( 'NONE', #3505 ) ;
#1057 = DIRECTION ( 'NONE',  ( 1.000000000000000000, 0.0000000000000000000, 0.0000000000000000000 ) ) ;
#1058 = CARTESIAN_POINT ( 'NONE',  ( -92.88987192346421295, 3.453300931670500340, 148.6253130367410051 ) ) ;
#1059 = CARTESIAN_POINT ( 'NONE',  ( -63.73857143842920436, 0.0000000000000000000, 157.9067652112699989 ) ) ;
#1060 = CARTESIAN_POINT ( 'NONE',  ( -84.77828534507671066, 3.350151864693549975, 138.7014197800109798 ) ) ;
#1061 = CARTESIAN_POINT ( 'NONE',  ( -20.92989057035759970, 2.538237439743639801, 149.3969749999019996 ) ) ;
#1062 = CARTESIAN_POINT ( 'NONE',  ( -7.165051494980620106, 3.995356370322069139, 1.500999999999689916 ) ) ;
#1063 = FACE_OUTER_BOUND ( 'NONE', #270, .T. ) ;
#1064 = ORIENTED_EDGE ( 'NONE', *, *, #1744, .F. ) ;
#1065 = CARTESIAN_POINT ( 'NONE',  ( -2.000000000000000000, 4.000000000000000000, 4.000000000000000000 ) ) ;
#1066 = CARTESIAN_POINT ( 'NONE',  ( -12.96308572143930071, 2.923348646541830131, 11.82511127682509944 ) ) ;
#1067 = CARTESIAN_POINT ( 'NONE',  ( -58.21894507059620594, -0.001000001298026020023, 149.1705927090359864 ) ) ;
#1068 = VECTOR ( 'NONE', #2423, 1000.000000000000000 ) ;
#1069 = B_SPLINE_CURVE_WITH_KNOTS ( 'NONE', 3,
 ( #3534, #3234, #3861, #2920, #3487, #4187, #1542, #4208, #1281, #634, #2600, #1566, #1951, #3212, #4249, #1303, #593, #3904, #1236, #3816, #954, #2534, #1259, #3165, #910, #2281, #4164, #269, #3883, #3255, #548, #2579, #311, #2874, #246, #2214, #1588, #2850, #3509, #3837, #1628, #2940, #570, #1888 ),
 .UNSPECIFIED., .F., .F.,
 ( 4, 2, 2, 1, 1, 1, 1, 2, 2, 2, 2, 1, 1, 1, 2, 2, 2, 2, 1, 1, 1, 2, 2, 2, 2, 2, 4 ),
 ( 0.0000000000000000000, 0.06250000000002328693, 0.09375000000003450018, 0.1093750000000402733, 0.1171875000000427852, 0.1210937500000446587, 0.1230468750000456024, 0.1240234375000458522, 0.1250000000000461020, 0.1875000000000473788, 0.2187500000000480171, 0.2343750000000479339, 0.2421875000000479061, 0.2460937500000477673, 0.2480468750000475175, 0.2500000000000472400, 0.3750000000000391909, 0.4375000000000352496, 0.4687500000000333067, 0.4843750000000323630, 0.4921875000000320299, 0.4960937500000319189, 0.5000000000000317524, 0.6250000000000236478, 0.6875000000000196509, 0.7500000000000156541, 1.000000000000000000 ),
 .UNSPECIFIED. ) ;
#1070 = CARTESIAN_POINT ( 'NONE',  ( -42.99652753305959862, 2.818843051174050096, 148.5251873153569875 ) ) ;
#1071 = ADVANCED_FACE ( 'NONE', ( #2801 ), #3415, .T. ) ;
#1072 = CARTESIAN_POINT ( 'NONE',  ( -76.53022877813920388, 3.245267214004390333, 149.1933393843740134 ) ) ;
#1073 = CARTESIAN_POINT ( 'NONE',  ( -45.11043620548459643, 0.0000000000000000000, 138.2135659504039893 ) ) ;
#1074 = ORIENTED_EDGE ( 'NONE', *, *, #949, .T. ) ;
#1075 = CARTESIAN_POINT ( 'NONE',  ( -23.16679874030570119, 0.0000000000000000000, 150.1013778506849974 ) ) ;
#1076 = CARTESIAN_POINT ( 'NONE',  ( -3.431663245514543714, 3.715847114506777960, 0.03717564468163872538 ) ) ;
#1077 = DATE_AND_TIME ( #4031, #1540 ) ;
#1078 = CARTESIAN_POINT ( 'NONE',  ( -66.85473093634611530, -0.001000001298026020023, 160.4802146902100048 ) ) ;
#1079 = CARTESIAN_POINT ( 'NONE',  ( -105.0849176481709861, 11.92415330065220047, 149.1705927090369812 ) ) ;
#1080 = CARTESIAN_POINT ( 'NONE',  ( -78.03386615353289812, 3.264387512437729733, 149.1704248592880049 ) ) ;
#1081 = CARTESIAN_POINT ( 'NONE',  ( -25.35048324788990115, 2.594449000977659736, 160.2876658049900129 ) ) ;
#1082 = ORIENTED_EDGE ( 'NONE', *, *, #3468, .T. ) ;
#1083 =( BOUNDED_CURVE ( )  B_SPLINE_CURVE ( 3, ( #1274, #857, #3226, #281 ),
 .UNSPECIFIED., .F., .T. ) 
 B_SPLINE_CURVE_WITH_KNOTS ( ( 4, 4 ),
 ( 3.954335453230244823, 4.569977055020229884 ),
 .UNSPECIFIED. ) 
 CURVE ( )  GEOMETRIC_REPRESENTATION_ITEM ( )  RATIONAL_B_SPLINE_CURVE ( ( 1.000000000000000000, 0.9686640610635655069, 0.9686640610635655069, 1.000000000000000000 ) ) 
 REPRESENTATION_ITEM ( '' )  );
#1084 = CARTESIAN_POINT ( 'NONE',  ( -102.4881388196860001, 6.359823865804290044, 9.505835194922950038 ) ) ;
#1085 = VECTOR ( 'NONE', #1897, 1000.000000000000000 ) ;
#1086 = CARTESIAN_POINT ( 'NONE',  ( -7.165051494988360581, 3.995356370322069139, 8.500999999999999446 ) ) ;
#1087 = CARTESIAN_POINT ( 'NONE',  ( -50.79416808057100496, 0.0000000000000000000, 138.5963709244799986 ) ) ;
#1088 = B_SPLINE_CURVE_WITH_KNOTS ( 'NONE', 3,
 ( #2094, #413, #128, #4043, #4109, #1401, #4064, #1091, #2458, #1727, #1115, #448, #3741, #1768, #4023, #792, #2115, #3412, #467 ),
 .UNSPECIFIED., .F., .F.,
 ( 4, 2, 1, 2, 2, 2, 2, 2, 2, 4 ),
 ( 0.5061416520357409077, 0.5215747254096247953, 0.5370077987835087940, 0.5678739455312739048, 0.6296062390268043485, 0.7530708260178651248, 0.7839369727656317899, 0.8148031195133982330, 0.8765354130089324514, 1.000000000000000000 ),
 .UNSPECIFIED. ) ;
#1089 = CARTESIAN_POINT ( 'NONE',  ( -25.13971260038390199, 0.0000000000000000000, 160.2338551249849843 ) ) ;
#1090 = CARTESIAN_POINT ( 'NONE',  ( -44.67313067353039457, 2.840163213712400214, 145.9703962418519723 ) ) ;
#1091 = CARTESIAN_POINT ( 'NONE',  ( -104.3683772751037537, 5.760890543785842866, 11.94046841048970542 ) ) ;
#1092 = CARTESIAN_POINT ( 'NONE',  ( -43.56624294639900796, 0.0000000000000000000, 140.2320477354149943 ) ) ;
#1093 = CARTESIAN_POINT ( 'NONE',  ( -52.84085623724340053, 0.0000000000000000000, 148.5251873153569875 ) ) ;
#1094 = ORIENTED_EDGE ( 'NONE', *, *, #357, .F. ) ;
#1095 = CARTESIAN_POINT ( 'NONE',  ( -68.71335731570160021, -0.001000001298026020023, 160.4802146902100048 ) ) ;
#1096 = CARTESIAN_POINT ( 'NONE',  ( -9.134506838026890563, 2.388244256645900343, -48.64979999999999905 ) ) ;
#1097 = LINE ( 'NONE', #3725, #643 ) ;
#1098 = CARTESIAN_POINT ( 'NONE',  ( -111.3995317719639928, 3.333350323195030995, 0.03542012876945412059 ) ) ;
#1099 = CARTESIAN_POINT ( 'NONE',  ( -90.94862487862489786, 3.428615146527130175, 146.4011165410820183 ) ) ;
#1100 = LINE ( 'NONE', #2369, #1906 ) ;
#1101 = ADVANCED_FACE ( 'NONE', ( #2779 ), #1535, .F. ) ;
#1102 = EDGE_CURVE ( 'NONE', #3652, #2496, #2880, .T. ) ;
#1103 = CARTESIAN_POINT ( 'NONE',  ( -23.93342421180200219, 2.576430993838070282, 159.6390296621430309 ) ) ;
#1104 = CARTESIAN_POINT ( 'NONE',  ( -83.45014360182798896, -0.001000001298026020023, 148.5251873153569875 ) ) ;
#1105 = CARTESIAN_POINT ( 'NONE',  ( -30.17180559280369678, 0.0000000000000000000, 152.8100122661319915 ) ) ;
#1106 = CARTESIAN_POINT ( 'NONE',  ( -101.9128950109480058, 4.801205466314810266, 10.69586624298240096 ) ) ;
#1107 = CARTESIAN_POINT ( 'NONE',  ( -11.63811324047488682, 2.971481520410361288, 11.58830229233000608 ) ) ;
#1108 = EDGE_CURVE ( 'NONE', #3586, #4231, #454, .T. ) ;
#1109 = CARTESIAN_POINT ( 'NONE',  ( -31.27643374839150070, 2.669807106128520235, 158.8453069724740203 ) ) ;
#1110 =( BOUNDED_CURVE ( )  B_SPLINE_CURVE ( 3, ( #2414, #3393, #1137, #769 ),
 .UNSPECIFIED., .F., .T. ) 
 B_SPLINE_CURVE_WITH_KNOTS ( ( 4, 4 ),
 ( 5.813081761116130508, 5.883631232394599841 ),
 .UNSPECIFIED. ) 
 CURVE ( )  GEOMETRIC_REPRESENTATION_ITEM ( )  RATIONAL_B_SPLINE_CURVE ( ( 1.000000000000000000, 0.9995852740150725779, 0.9995852740150725779, 1.000000000000000000 ) ) 
 REPRESENTATION_ITEM ( '' )  );
#1111 = DIRECTION ( 'NONE',  ( -1.000000000000000000, 0.0000000000000000000, 0.0000000000000000000 ) ) ;
#1112 = CARTESIAN_POINT ( 'NONE',  ( -43.66104924060350356, 2.827293150927350229, 141.0657483710219822 ) ) ;
#1113 = AXIS2_PLACEMENT_3D ( 'NONE', #1986, #3288, #3052 ) ;
#1114 = LOCAL_TIME ( 10, 41, 23.00000000000000000, #4093 ) ;
#1115 = CARTESIAN_POINT ( 'NONE',  ( -104.9200451443776387, 6.858412099316653965, 11.65743696590752698 ) ) ;
#1116 = ORIENTED_EDGE ( 'NONE', *, *, #1210, .T. ) ;
#1117 = CARTESIAN_POINT ( 'NONE',  ( -44.93928715515970396, 0.0000000000000000000, 138.2775046784619803 ) ) ;
#1118 = CARTESIAN_POINT ( 'NONE',  ( -89.20822256636481029, 0.0000000000000000000, 137.8948697559260097 ) ) ;
#1119 = VERTEX_POINT ( 'NONE', #2147 ) ;
#1120 = CARTESIAN_POINT ( 'NONE',  ( -24.30424811939659691, 0.0000000000000000000, 151.6274172904170143 ) ) ;
#1121 = CARTESIAN_POINT ( 'NONE',  ( -92.57156071898809557, 3.449252846289670327, 148.5251873153569875 ) ) ;
#1122 = CARTESIAN_POINT ( 'NONE',  ( -66.85473093634611530, 0.0000000000000000000, 160.4802146902100048 ) ) ;
#1123 = CARTESIAN_POINT ( 'NONE',  ( -46.62792290196190237, 2.865020876247969639, 137.8609707278629912 ) ) ;
#1124 = CARTESIAN_POINT ( 'NONE',  ( -91.91799362165319565, 3.440941810939860179, 141.2541215517809974 ) ) ;
#1125 = CARTESIAN_POINT ( 'NONE',  ( -51.48413588319239409, 2.926773684757320027, 147.7719868529549956 ) ) ;
#1126 = CARTESIAN_POINT ( 'NONE',  ( -25.84790111988350247, 2.600775151584069800, 160.3955193535780097 ) ) ;
#1127 = CARTESIAN_POINT ( 'NONE',  ( -85.38792332440360155, -0.001000001298026020023, 142.8292495597050049 ) ) ;
#1128 = EDGE_CURVE ( 'NONE', #1543, #602, #1909, .T. ) ;
#1129 = CARTESIAN_POINT ( 'NONE',  ( -102.2394534161740012, 5.522401141232189836, 10.02446186838730036 ) ) ;
#1130 = CARTESIAN_POINT ( 'NONE',  ( -71.39061153813399585, 0.0000000000000000000, 156.0871734043940080 ) ) ;
#1131 = CARTESIAN_POINT ( 'NONE',  ( -51.60577242449730306, 2.168404344971009831E-19, 140.0726289777200009 ) ) ;
#1132 = ORIENTED_EDGE ( 'NONE', *, *, #470, .F. ) ;
#1133 = PLANE ( 'NONE',  #2597 ) ;
#1134 = LINE ( 'NONE', #3763, #3251 ) ;
#1135 = CARTESIAN_POINT ( 'NONE',  ( -44.45558486230800099, 2.837397028539569988, 146.8550440024419856 ) ) ;
#1136 = VECTOR ( 'NONE', #356, 1000.000000000000000 ) ;
#1137 = CARTESIAN_POINT ( 'NONE',  ( -1.912053266462804935, 0.001422346773750227632, 3.922132506608507985 ) ) ;
#1138 = ORIENTED_EDGE ( 'NONE', *, *, #3842, .F. ) ;
#1139 = CARTESIAN_POINT ( 'NONE',  ( -43.56573835183019838, 0.0000000000000000000, 140.1121614683619896 ) ) ;
#1140 = CARTESIAN_POINT ( 'NONE',  ( -102.6493943896987560, 7.281291951969263820, 9.159916755490908002 ) ) ;
#1141 = EDGE_LOOP ( 'NONE', ( #290, #719, #2162, #1312 ) ) ;
#1142 = CARTESIAN_POINT ( 'NONE',  ( -23.28240225693919996, 0.0000000000000000000, 158.2233207266479837 ) ) ;
#1143 = CARTESIAN_POINT ( 'NONE',  ( -2.630444046305580930, 3.315226222591892036, 0.2400158512737464722 ) ) ;
#1144 = DATE_AND_TIME ( #3441, #1809 ) ;
#1145 = CARTESIAN_POINT ( 'NONE',  ( -110.7098093730610060, 4.000000000000000000, 3.469446951953609850E-15 ) ) ;
#1146 = CARTESIAN_POINT ( 'NONE',  ( -91.50556414444061204, 3.435697147959020370, 138.7881551276840071 ) ) ;
#1147 = CARTESIAN_POINT ( 'NONE',  ( -51.23852096673490308, 2.923650512873179785, 139.0141367082610202 ) ) ;
#1148 = CARTESIAN_POINT ( 'NONE',  ( -25.03995147193599990, 2.590500788392359865, 160.2019610599990074 ) ) ;
#1149 = CARTESIAN_POINT ( 'NONE',  ( -87.08153897073030691, 13.00321644496600015, 137.8609707278629912 ) ) ;
#1150 = CARTESIAN_POINT ( 'NONE',  ( -46.62792290196190237, -0.001000001298026020023, 137.8609707278629912 ) ) ;
#1151 = CARTESIAN_POINT ( 'NONE',  ( -71.78976456533291639, 0.0000000000000000000, 158.6188252297939982 ) ) ;
#1152 = CARTESIAN_POINT ( 'NONE',  ( -51.21827209822020421, 0.0000000000000000000, 138.9938956507580201 ) ) ;
#1153 = EDGE_CURVE ( 'NONE', #1582, #143, #888, .T. ) ;
#1154 = ORIENTED_EDGE ( 'NONE', *, *, #2037, .F. ) ;
#1155 = CLOSED_SHELL ( 'NONE', ( #2845, #2069, #4154, #4104, #924, #3345, #3574, #2851, #1347, #208, #214, #4051, #3410, #3524, #3556, #2356, #1422, #3208, #1027, #3390, #83, #3290, #2011, #1903, #3385, #3259, #2424, #1071, #583, #3031, #1298, #1506, #1928, #423, #2651, #2251, #2452, #2278, #4000, #35, #2303, #499, #969, #787, #3945, #2614, #2336, #1002, #3708, #472, #529, #557, #4128, #1183, #2644, #4025, #3849, #1101, #4021, #61, #3153, #1878, #2872, #2142, #637, #1745 ) ) ;
#1156 = DIRECTION ( 'NONE',  ( 1.000000000000000000, 0.0000000000000000000, 0.0000000000000000000 ) ) ;
#1157 = CARTESIAN_POINT ( 'NONE',  ( 130.7627748239690106, 3.995356370322069139, 247.1216644978269983 ) ) ;
#1158 = CARTESIAN_POINT ( 'NONE',  ( -11.49350251018839941, 7.366995577793189476, 8.999999999999630518 ) ) ;
#1159 = CARTESIAN_POINT ( 'NONE',  ( -114.7643120787220141, 2.000000000000000000, 149.1705927090359864 ) ) ;
#1160 = ORIENTED_EDGE ( 'NONE', *, *, #2087, .T. ) ;
#1161 = CARTESIAN_POINT ( 'NONE',  ( -84.65864695025969411, 0.0000000000000000000, 147.2788707257120109 ) ) ;
#1162 = CARTESIAN_POINT ( 'NONE',  ( -91.43608882915100367, 0.0000000000000000000, 138.7227577994260059 ) ) ;
#1163 = VERTEX_POINT ( 'NONE', #865 ) ;
#1164 = CARTESIAN_POINT ( 'NONE',  ( -23.29631727273070041, 0.0000000000000000000, 157.8610901569549867 ) ) ;
#1165 = CARTESIAN_POINT ( 'NONE',  ( -2.000000000000000000, 4.000000000000000000, 0.0000000000000000000 ) ) ;
#1166 = APPROVAL_STATUS ( 'not_yet_approved' ) ;
#1167 = CARTESIAN_POINT ( 'NONE',  ( -112.1053013884120162, 2.646679460456722754, 0.2045722039551012561 ) ) ;
#1168 = CARTESIAN_POINT ( 'NONE',  ( -91.69683193099498908, 3.438129342192369986, 141.9976049884189990 ) ) ;
#1169 = ORIENTED_EDGE ( 'NONE', *, *, #3788, .T. ) ;
#1170 = CARTESIAN_POINT ( 'NONE',  ( -50.90352061562230546, 2.919390612783919980, 147.1763980669870193 ) ) ;
#1171 = CARTESIAN_POINT ( 'NONE',  ( -24.36082259249390347, 2.581866497652170356, 153.9352991764980061 ) ) ;
#1172 = CARTESIAN_POINT ( 'NONE',  ( -67.47273780826864709, 3.130089291734936108, 160.5558056959834516 ) ) ;
#1173 = CARTESIAN_POINT ( 'NONE',  ( -71.25348007874430323, 0.0000000000000000000, 155.6672316880940059 ) ) ;
#1174 = CARTESIAN_POINT ( 'NONE',  ( -51.61260643680519422, 2.146285611201790161E-19, 140.2046035531490134 ) ) ;
#1175 = ORIENTED_EDGE ( 'NONE', *, *, #4026, .T. ) ;
#1176 = CIRCLE ( 'NONE', #2128, 2.199999999999993960 ) ;
#1177 = CARTESIAN_POINT ( 'NONE',  ( -24.78312877483760346, 0.0000000000000000000, 160.1108344005470201 ) ) ;
#1178 = FACE_OUTER_BOUND ( 'NONE', #652, .T. ) ;
#1179 = CARTESIAN_POINT ( 'NONE',  ( -10.79179088913858209, 3.596232592826859698, 12.37499611197499938 ) ) ;
#1180 = CARTESIAN_POINT ( 'NONE',  ( -28.52803600220159908, 0.0000000000000000000, 160.4463101942070011 ) ) ;
#1181 = ORIENTED_EDGE ( 'NONE', *, *, #3733, .F. ) ;
#1182 = CARTESIAN_POINT ( 'NONE',  ( -84.67810627164961090, 0.0000000000000000000, 142.9922187686300106 ) ) ;
#1183 = ADVANCED_FACE ( 'NONE', ( #3187, #2239 ), #1931, .T. ) ;
#1184 = CARTESIAN_POINT ( 'NONE',  ( -91.91984692806640567, 0.0000000000000000000, 139.3940119444360164 ) ) ;
#1185 = VECTOR ( 'NONE', #4029, 1000.000000000000114 ) ;
#1186 = ORIENTED_EDGE ( 'NONE', *, *, #528, .T. ) ;
#1187 = CARTESIAN_POINT ( 'NONE',  ( -23.40073884910430024, 0.0000000000000000000, 158.8976359751619896 ) ) ;
#1188 = LINE ( 'NONE', #2894, #2297 ) ;
#1189 = PERSON_AND_ORGANIZATION_ROLE ( 'classification_officer' ) ;
#1190 = CARTESIAN_POINT ( 'NONE',  ( -64.54240405083540111, 3.092826501133859818, 154.9830118297119839 ) ) ;
#1191 = CARTESIAN_POINT ( 'NONE',  ( -91.05318924356119226, 3.429944814715340407, 138.4604549420639898 ) ) ;
#1192 = ORIENTED_EDGE ( 'NONE', *, *, #5, .F. ) ;
#1193 = CARTESIAN_POINT ( 'NONE',  ( -50.67745247975560119, 2.916515811246339851, 146.8029816123149942 ) ) ;
#1194 = CARTESIAN_POINT ( 'NONE',  ( -63.25716767935659846, 0.0000000000000000000, 150.1851638088599827 ) ) ;
#1195 = CARTESIAN_POINT ( 'NONE',  ( -4.336808689942019708E-16, 2.000000000000000000, 4.000000000000000000 ) ) ;
#1196 = DIRECTION ( 'NONE',  ( -0.04817122723086530306, -0.9988390925805179510, 0.0000000000000000000 ) ) ;
#1197 = CARTESIAN_POINT ( 'NONE',  ( -50.39702792668420273, 0.0000000000000000000, 145.7945847260420180 ) ) ;
#1198 = CARTESIAN_POINT ( 'NONE',  ( -71.06590618867319620, 3.175780950796620150, 155.0828999141319855 ) ) ;
#1199 = VERTEX_POINT ( 'NONE', #3555 ) ;
#1200 = DIRECTION ( 'NONE',  ( 0.04817122723086530306, 0.9988390925805179510, 0.0000000000000000000 ) ) ;
#1201 = CARTESIAN_POINT ( 'NONE',  ( -110.8605277775870945, 3.709249834983241900, -1.183022682998350998E-15 ) ) ;
#1202 = LINE ( 'NONE', #2774, #3047 ) ;
#1203 = CARTESIAN_POINT ( 'NONE',  ( -83.45014360182798896, -0.001000001298026020023, 148.5251873153569875 ) ) ;
#1204 = CARTESIAN_POINT ( 'NONE',  ( -113.3206399902793038, 0.06832836660568507303, 4.347074583094497235 ) ) ;
#1205 = EDGE_LOOP ( 'NONE', ( #1447, #2718, #2588, #4113, #2436 ) ) ;
#1206 = CARTESIAN_POINT ( 'NONE',  ( -84.93207751188890597, 0.0000000000000000000, 143.9570997029470050 ) ) ;
#1207 = DIRECTION ( 'NONE',  ( -3.909376679712091560E-30, -4.342100274480059847E-16, 1.000000000000000000 ) ) ;
#1208 = CARTESIAN_POINT ( 'NONE',  ( -23.61647365081890015, 0.0000000000000000000, 156.4327365565330012 ) ) ;
#1209 = LINE ( 'NONE', #1165, #1740 ) ;
#1210 = EDGE_CURVE ( 'NONE', #1514, #2638, #1609, .T. ) ;
#1211 = CARTESIAN_POINT ( 'NONE',  ( -64.87102197133290815, 3.097005465117139700, 153.7126848135529826 ) ) ;
#1212 = DIRECTION ( 'NONE',  ( 0.0000000000000000000, 1.000000000000000000, 0.0000000000000000000 ) ) ;
#1213 = ORIENTED_EDGE ( 'NONE', *, *, #2762, .T. ) ;
#1214 = CARTESIAN_POINT ( 'NONE',  ( -50.95885593900210608, 2.920093960635529839, 142.8738867268670276 ) ) ;
#1215 = CARTESIAN_POINT ( 'NONE',  ( -64.68582453223639561, 0.0000000000000000000, 151.5808504130469885 ) ) ;
#1216 = CC_DESIGN_PERSON_AND_ORGANIZATION_ASSIGNMENT ( #435, #1754, ( #300 ) ) ;
#1217 = DIRECTION ( 'NONE',  ( 0.0000000000000000000, -1.000000000000000000, 0.0000000000000000000 ) ) ;
#1218 = CARTESIAN_POINT ( 'NONE',  ( -71.07470717299540297, 0.0000000000000000000, 155.1111208637609877 ) ) ;
#1219 = CARTESIAN_POINT ( 'NONE',  ( -51.06973017822009808, 0.0000000000000000000, 147.3838407997799891 ) ) ;
#1220 = CARTESIAN_POINT ( 'NONE',  ( -71.83022296887679659, 3.185500274860570080, 158.0395926939779940 ) ) ;
#1221 = ORIENTED_EDGE ( 'NONE', *, *, #164, .F. ) ;
#1222 = DIRECTION ( 'NONE',  ( -3.410689977343330069E-15, 4.337127444284189734E-17, -1.000000000000000000 ) ) ;
#1223 = CARTESIAN_POINT ( 'NONE',  ( -112.0053923664630418, 1.486154206612462003, 0.8886304351901617160 ) ) ;
#1224 = CARTESIAN_POINT ( 'NONE',  ( -35.03965136306879913, 2.717661647197350039, 149.2525703222679851 ) ) ;
#1225 = CARTESIAN_POINT ( 'NONE',  ( -66.85473093634611530, 0.0000000000000000000, 160.4802146902100048 ) ) ;
#1226 = VECTOR ( 'NONE', #2692, 1000.000000000000114 ) ;
#1227 = B_SPLINE_CURVE_WITH_KNOTS ( 'NONE', 3,
 ( #4033, #1079, #2405, #2249, #660, #559 ),
 .UNSPECIFIED., .F., .F.,
 ( 4, 2, 4 ),
 ( -0.3858301919062619989, -0.1929145384582690026, 5.551115123125782702E-17 ),
 .UNSPECIFIED. ) ;
#1228 = CARTESIAN_POINT ( 'NONE',  ( -112.8665456300190044, 0.02510567621093410043, 3.557866865281749558 ) ) ;
#1229 = ORIENTED_EDGE ( 'NONE', *, *, #104, .T. ) ;
#1230 = CARTESIAN_POINT ( 'NONE',  ( -84.98974295083169750, 0.0000000000000000000, 144.2308536715449918 ) ) ;
#1231 = CARTESIAN_POINT ( 'NONE',  ( -91.05854927711780533, 0.0000000000000000000, 146.7596251005200259 ) ) ;
#1232 = CARTESIAN_POINT ( 'NONE',  ( -24.32630434902489824, 0.0000000000000000000, 159.9018977970619915 ) ) ;
#1233 = CARTESIAN_POINT ( 'NONE',  ( -7.158864168944769624, 7.845252078296423903, 5.000999999999670820 ) ) ;
#1234 = COORDINATED_UNIVERSAL_TIME_OFFSET ( 0, 0, .AHEAD. ) ;
#1235 = CARTESIAN_POINT ( 'NONE',  ( -63.73656304967948927, 3.082578738082920378, 157.9298697118780126 ) ) ;
#1236 = CARTESIAN_POINT ( 'NONE',  ( -13.20493355166075133, 2.736222073069050520, 12.30397561783360771 ) ) ;
#1237 = ORIENTED_EDGE ( 'NONE', *, *, #241, .F. ) ;
#1238 = CARTESIAN_POINT ( 'NONE',  ( -51.27593729403180589, 2.924126309210760333, 141.9275599608990035 ) ) ;
#1239 = CARTESIAN_POINT ( 'NONE',  ( -62.66648713332299536, 0.0000000000000000000, 149.9020008245800000 ) ) ;
#1240 = CARTESIAN_POINT ( 'NONE',  ( -1.884850435641110970E-10, 1.884850435641110970E-10, 3.606800873522073569 ) ) ;
#1241 = EDGE_CURVE ( 'NONE', #3518, #1783, #1069, .T. ) ;
#1242 = EDGE_CURVE ( 'NONE', #2005, #2417, #2557, .T. ) ;
#1243 = CARTESIAN_POINT ( 'NONE',  ( -70.65910939226249354, 0.0000000000000000000, 153.3368219760370152 ) ) ;
#1244 = CARTESIAN_POINT ( 'NONE',  ( -87.69954584265283870, 3.387298961388135687, 137.7853797220895729 ) ) ;
#1245 = CARTESIAN_POINT ( 'NONE',  ( -70.79752666817900320, 3.172368323518949929, 151.6609092937949868 ) ) ;
#1246 = ORIENTED_EDGE ( 'NONE', *, *, #666, .T. ) ;
#1247 = CARTESIAN_POINT ( 'NONE',  ( -37.44383207444760586, 13.00321644496600015, 149.1705927090359864 ) ) ;
#1248 = EDGE_CURVE ( 'NONE', #2496, #3586, #3682, .T. ) ;
#1249 = CARTESIAN_POINT ( 'NONE',  ( -110.7098093730610060, 4.000000000000000000, 0.0000000000000000000 ) ) ;
#1250 = CARTESIAN_POINT ( 'NONE',  ( -84.13541362709929672, 3.341976562729289668, 139.7934851005410053 ) ) ;
#1251 = CARTESIAN_POINT ( 'NONE',  ( -47.55723609163970877, -0.001000001298026020023, 145.4587256658940078 ) ) ;
#1252 = CARTESIAN_POINT ( 'NONE',  ( -72.66306388908019187, 3.196091262017310086, 149.7158723813319909 ) ) ;
#1253 = ORIENTED_EDGE ( 'NONE', *, *, #812, .T. ) ;
#1254 = CARTESIAN_POINT ( 'NONE',  ( -85.01692186125241335, -2.344772417597359895E-21, 144.3674266114080069 ) ) ;
#1255 = CARTESIAN_POINT ( 'NONE',  ( -92.44412430463439989, 3.447632329696940001, 148.4416589994060018 ) ) ;
#1256 = CARTESIAN_POINT ( 'NONE',  ( -75.05534619337601043, 13.00321644496600015, 159.6787754808030115 ) ) ;
#1257 = CARTESIAN_POINT ( 'NONE',  ( -64.23741236879710925, 3.088948001122370002, 159.4738323003300309 ) ) ;
#1258 = VERTEX_POINT ( 'NONE', #3297 ) ;
#1259 = CARTESIAN_POINT ( 'NONE',  ( -13.14997200105577591, 2.776457385694296676, 12.19511553620973388 ) ) ;
#1260 = ORIENTED_EDGE ( 'NONE', *, *, #1613, .T. ) ;
#1261 = LINE ( 'NONE', #4210, #1136 ) ;
#1262 = AXIS2_PLACEMENT_3D ( 'NONE', #1263, #937, #2582 ) ;
#1263 = CARTESIAN_POINT ( 'NONE',  ( -100.2130641889379916, 8.546828554825708579, 161.8745000000000118 ) ) ;
#1264 = CARTESIAN_POINT ( 'NONE',  ( -1.807315091079279901, 3.995356370322069139, 1.500999999999639956 ) ) ;
#1265 = CARTESIAN_POINT ( 'NONE',  ( -70.69495076729829464, 0.0000000000000000000, 152.0482339214729848 ) ) ;
#1266 = CARTESIAN_POINT ( 'NONE',  ( -1.656854249492388131, 7.579905465388345753, 4.769954276699948069E-15 ) ) ;
#1267 = CARTESIAN_POINT ( 'NONE',  ( -71.19178498804329536, 3.177381721410860393, 150.8924890185010099 ) ) ;
#1268 = ORIENTED_EDGE ( 'NONE', *, *, #2987, .F. ) ;
#1269 = EDGE_CURVE ( 'NONE', #2185, #2116, #568, .T. ) ;
#1270 = CARTESIAN_POINT ( 'NONE',  ( -107.2605271331214283, 3.995356370322069139, 9.401000000012631475 ) ) ;
#1271 = CARTESIAN_POINT ( 'NONE',  ( -84.22630682130508717, 3.343132296050290275, 141.3414581341160101 ) ) ;
#1272 = CARTESIAN_POINT ( 'NONE',  ( -31.63961712913610569, 2.674425333423819495, 149.9871324694040027 ) ) ;
#1273 = EDGE_CURVE ( 'NONE', #1551, #12, #2053, .T. ) ;
#1274 = CARTESIAN_POINT ( 'NONE',  ( -3.269306486040839843, 0.8767006227391209716, 1.500999999998129830 ) ) ;
#1275 = ORIENTED_EDGE ( 'NONE', *, *, #1846, .F. ) ;
#1276 = CARTESIAN_POINT ( 'NONE',  ( -84.36243736223610767, 0.0000000000000000000, 141.8916700197819978 ) ) ;
#1277 = CARTESIAN_POINT ( 'NONE',  ( -91.34642333457090047, 0.0000000000000000000, 143.0793666079310071 ) ) ;
#1278 = CARTESIAN_POINT ( 'NONE',  ( -77.89744814321591093, -0.001000001298026020023, 149.1705927090359864 ) ) ;
#1279 = CARTESIAN_POINT ( 'NONE',  ( -63.75049194060350288, 3.082756216110099867, 158.4510083125960023 ) ) ;
#1280 = VERTEX_POINT ( 'NONE', #770 ) ;
#1281 = CARTESIAN_POINT ( 'NONE',  ( -13.61830613865380535, 2.522382897212569031, 13.12519794488114044 ) ) ;
#1282 = ORIENTED_EDGE ( 'NONE', *, *, #1293, .T. ) ;
#1283 = CARTESIAN_POINT ( 'NONE',  ( -49.94921053460730320, 2.907255401297849762, 138.1724399159089955 ) ) ;
#1284 = VECTOR ( 'NONE', #1448, 1000.000000000000114 ) ;
#1285 = CARTESIAN_POINT ( 'NONE',  ( -2.493226378986369784, 0.9864527579727870865, 1.356692992534839881 ) ) ;
#1286 = B_SPLINE_CURVE_WITH_KNOTS ( 'NONE', 3,
 ( #581, #40, #2669, #3971, #2349, #704, #3827, #2690, #4034, #3382, #1717, #384, #1043, #438, #2724, #2444, #2125, #116, #3028, #3011, #743, #758, #1080, #3707, #3673 ),
 .UNSPECIFIED., .F., .F.,
 ( 4, 3, 3, 3, 3, 3, 3, 3, 4 ),
 ( 0.0000000000000000000, 0.05165009745730459595, 0.1141274043245400077, 0.1826721404907649948, 0.2320690625643749838, 0.3155849557934030103, 0.4275624655544479902, 0.5280981542051700339, 0.5486197793629210562 ),
 .UNSPECIFIED. ) ;
#1287 = CARTESIAN_POINT ( 'NONE',  ( -70.62849357450230059, 0.0000000000000000000, 152.6809905463850043 ) ) ;
#1288 = LINE ( 'NONE', #3563, #1883 ) ;
#1289 = CARTESIAN_POINT ( 'NONE',  ( -71.58301403784679451, 3.182356641128269548, 159.1694813750600019 ) ) ;
#1290 = EDGE_LOOP ( 'NONE', ( #1116, #2735, #1064, #1213 ) ) ;
#1291 = DIRECTION ( 'NONE',  ( -1.000000000000000000, 0.0000000000000000000, 5.551115123125781913E-15 ) ) ;
#1292 = CARTESIAN_POINT ( 'NONE',  ( -85.10006814139899234, 3.354243327519000228, 144.9621057634490171 ) ) ;
#1293 = EDGE_CURVE ( 'NONE', #1280, #1355, #2679, .T. ) ;
#1294 = CARTESIAN_POINT ( 'NONE',  ( -30.17174056066039967, 2.655759533668729855, 152.9268398089279799 ) ) ;
#1295 = CARTESIAN_POINT ( 'NONE',  ( -30.84654466025360264, 0.0000000000000000000, 155.8091242063750315 ) ) ;
#1296 = CARTESIAN_POINT ( 'NONE',  ( -105.2103562079479957, 8.711365713970028679, 312.2490000000000236 ) ) ;
#1297 = CARTESIAN_POINT ( 'NONE',  ( -92.57156071898809557, 0.0000000000000000000, 148.5251873153569875 ) ) ;
#1298 = ADVANCED_FACE ( 'NONE', ( #27, #1989, #3336 ), #324, .F. ) ;
#1299 = CARTESIAN_POINT ( 'NONE',  ( -104.9735017887099957, 14.13761165742170078, 372.3987999999999943 ) ) ;
#1300 = EDGE_CURVE ( 'NONE', #3457, #1872, #1686, .T. ) ;
#1301 = CARTESIAN_POINT ( 'NONE',  ( -101.9646049925055991, 3.863498133586138028, 13.15410244593261346 ) ) ;
#1302 = ORIENTED_EDGE ( 'NONE', *, *, #158, .F. ) ;
#1303 = CARTESIAN_POINT ( 'NONE',  ( -13.32206630448487772, 2.659928254136007197, 12.53617910477346875 ) ) ;
#1304 = ORIENTED_EDGE ( 'NONE', *, *, #1102, .T. ) ;
#1305 = CARTESIAN_POINT ( 'NONE',  ( -98.12425617760010255, -0.001000001298026020023, 149.1705927090359864 ) ) ;
#1306 = CARTESIAN_POINT ( 'NONE',  ( -63.97144495081288795, 0.0000000000000000000, 156.7339576245420005 ) ) ;
#1307 = B_SPLINE_CURVE_WITH_KNOTS ( 'NONE', 3,
 ( #3452, #3134, #3092, #4083 ),
 .UNSPECIFIED., .F., .F.,
 ( 4, 4 ),
 ( 0.0000000000000000000, 0.5485768787814200298 ),
 .UNSPECIFIED. ) ;
#1308 = CARTESIAN_POINT ( 'NONE',  ( -60.65541020379270520, 3.043398233419009724, 149.5489549586460214 ) ) ;
#1309 = VECTOR ( 'NONE', #2517, 1000.000000000000000 ) ;
#1310 = CARTESIAN_POINT ( 'NONE',  ( -52.41175932162310147, 2.152314155324070297E-19, 148.3426431727360182 ) ) ;
#1311 = FACE_OUTER_BOUND ( 'NONE', #1587, .T. ) ;
#1312 = ORIENTED_EDGE ( 'NONE', *, *, #666, .F. ) ;
#1313 = DIRECTION ( 'NONE',  ( -1.000000000000000000, 0.0000000000000000000, 5.551115123125781913E-15 ) ) ;
#1314 = CARTESIAN_POINT ( 'NONE',  ( -84.21717228198578198, 3.343016138728939879, 139.4918563581850037 ) ) ;
#1315 = CARTESIAN_POINT ( 'NONE',  ( -30.39737187811940089, 2.658628818028220042, 151.5155158948749943 ) ) ;
#1316 = B_SPLINE_CURVE_WITH_KNOTS ( 'NONE', 3,
 ( #3402, #4035, #1798, #1126, #99, #3710, #1081, #4097, #1148, #4077, #2725, #2407, #1433, #3469, #2445, #3754, #1477, #827, #2786, #1103, #439, #760, #458, #2126, #2085, #804, #3424, #2471, #2150, #3776, #2425, #1758, #138, #1500, #3731, #1454, #4121, #779, #3383, #481, #2764, #118, #3106, #3446, #182, #2743, #3798, #160, #4056, #505, #1823, #2811, #3128, #1171, #2492, #849, #2173, #526, #3048, #3148, #1912, #3168, #4143, #3840, #2923, #1545, #1934, #2877, #3907, #4211, #2516, #4233, #2832, #272, #292, #1569, #1592, #2193, #3581, #2855, #891, #3512 ),
 .UNSPECIFIED., .F., .F.,
 ( 4, 3, 3, 3, 3, 3, 3, 3, 3, 3, 3, 3, 3, 3, 3, 3, 3, 3, 3, 3, 3, 3, 3, 3, 3, 3, 3, 4 ),
 ( 0.0000000000000000000, 0.05924652833572138788, 0.1198356613157339906, 0.1828841990036700060, 0.2324103822495839911, 0.2877323932804169981, 0.3482546569708959705, 0.4057987881723560397, 0.4877502608983129706, 0.5452164956617110425, 0.6135754544474609773, 0.6816566693195530435, 0.7668737395157380066, 0.8415097460233929016, 0.8841974340654940034, 1.073073491744279906, 1.239460505033630033, 1.357970570794490017, 1.477546961195919994, 1.610331543151809930, 1.687311797590399953, 1.793435628239089974, 1.879073527902309859, 1.899109553866149991, 1.981344129141769939, 2.053501483965339602, 2.138341125684350086, 2.229670310530929900 ),
 .UNSPECIFIED. ) ;
#1317 = CARTESIAN_POINT ( 'NONE',  ( -31.36009885826689825, 0.0000000000000000000, 157.7932364962780127 ) ) ;
#1318 = CARTESIAN_POINT ( 'NONE',  ( -4.000000000000000000, 4.000000000000000000, 0.0000000000000000000 ) ) ;
#1319 = CARTESIAN_POINT ( 'NONE',  ( -91.15478498421168752, 1.670964451766830060E-21, 146.9950938221680019 ) ) ;
#1320 = CARTESIAN_POINT ( 'NONE',  ( -104.9735017887119994, 14.13761165742179848, 11.50000000000000000 ) ) ;
#1321 = EDGE_CURVE ( 'NONE', #3905, #1910, #3614, .T. ) ;
#1322 = DIRECTION ( 'NONE',  ( -0.7230536400546160314, -0.6907918887796598018, 0.0000000000000000000 ) ) ;
#1323 = ORIENTED_EDGE ( 'NONE', *, *, #2402, .T. ) ;
#1324 = CARTESIAN_POINT ( 'NONE',  ( -44.16923074636899571, 0.0000000000000000000, 142.8666613610550087 ) ) ;
#1325 = VERTEX_POINT ( 'NONE', #4001 ) ;
#1326 = CARTESIAN_POINT ( 'NONE',  ( -89.21758076570129958, -0.001000001298026020023, 146.3268180450679949 ) ) ;
#1327 = CARTESIAN_POINT ( 'NONE',  ( -64.94455302311399691, 0.0000000000000000000, 152.5505855723700108 ) ) ;
#1328 = CARTESIAN_POINT ( 'NONE',  ( -30.27113511013449809, 2.168404344971009831E-19, 151.9257691429120030 ) ) ;
#1329 = CARTESIAN_POINT ( 'NONE',  ( -22.60673162431080030, 2.559560782757290376, 149.7605713030989989 ) ) ;
#1330 = CARTESIAN_POINT ( 'NONE',  ( -100.9293025250078415, 3.685679337496945873, 12.69126057116115192 ) ) ;
#1331 = CARTESIAN_POINT ( 'NONE',  ( -1.282084449470529908, 0.1332924004258379813, 5.001000000001090129 ) ) ;
#1332 = CIRCLE ( 'NONE', #3661, 5.000000000000004441 ) ;
#1333 = CARTESIAN_POINT ( 'NONE',  ( -113.7004169201539128, 2.559634874249665071, 1.282116520482217137 ) ) ;
#1334 = FACE_OUTER_BOUND ( 'NONE', #3013, .T. ) ;
#1335 = CARTESIAN_POINT ( 'NONE',  ( -102.4771405982310029, 14.00277543565269944, 8.999999999999788614 ) ) ;
#1336 = AXIS2_PLACEMENT_3D ( 'NONE', #2561, #249, #3490 ) ;
#1337 = CARTESIAN_POINT ( 'NONE',  ( -37.44383207444760586, 0.0000000000000000000, 149.1705927090359864 ) ) ;
#1338 = CYLINDRICAL_SURFACE ( 'NONE', #3316, 2.200000000000000178 ) ;
#1339 = CARTESIAN_POINT ( 'NONE',  ( -30.53837816117659898, 2.660421807342260081, 151.2074539165789986 ) ) ;
#1340 = CARTESIAN_POINT ( 'NONE',  ( -31.21456349575639777, 0.0000000000000000000, 157.0262026361519929 ) ) ;
#1341 = DIRECTION ( 'NONE',  ( -0.04817122723086530306, -0.9988390925805179510, 0.0000000000000000000 ) ) ;
#1342 = CARTESIAN_POINT ( 'NONE',  ( -22.76971949867539990, 0.0000000000000000000, 149.8159981027159802 ) ) ;
#1343 = CARTESIAN_POINT ( 'NONE',  ( -22.76971949867539990, 2.561633381520850072, 149.8159981027159802 ) ) ;
#1344 = CARTESIAN_POINT ( 'NONE',  ( -44.69491915816570327, 0.0000000000000000000, 145.3223637983120113 ) ) ;
#1345 = VERTEX_POINT ( 'NONE', #69 ) ;
#1346 = CARTESIAN_POINT ( 'NONE',  ( -22.76971949867539990, 0.0000000000000000000, 149.8159981027159802 ) ) ;
#1347 = ADVANCED_FACE ( 'NONE', ( #2657 ), #1501, .T. ) ;
#1348 = CARTESIAN_POINT ( 'NONE',  ( -64.94409263373620433, 0.0000000000000000000, 153.1423576447930088 ) ) ;
#1349 = CARTESIAN_POINT ( 'NONE',  ( -86.03972917285059907, 3.366190411729530041, 138.0820013871380070 ) ) ;
#1350 = CARTESIAN_POINT ( 'NONE',  ( -20.43265521301200138, 2.531914627486509861, 149.3319496511639954 ) ) ;
#1351 = CARTESIAN_POINT ( 'NONE',  ( -74.24262977558910848, -0.001000001298026020023, 149.1705927090359864 ) ) ;
#1352 = CARTESIAN_POINT ( 'NONE',  ( -112.0456827238523942, 1.407486389079309452, 0.9536013002424542639 ) ) ;
#1353 = CARTESIAN_POINT ( 'NONE',  ( -8.997824869315030227, 7.231977029052649719, 149.1705927090359864 ) ) ;
#1354 = CARTESIAN_POINT ( 'NONE',  ( -8.913523179315662404, 8.949113843761685061, 10.03553390593619632 ) ) ;
#1355 = VERTEX_POINT ( 'NONE', #1642 ) ;
#1356 = CIRCLE ( 'NONE', #2322, 5.000000000000004441 ) ;
#1357 = CARTESIAN_POINT ( 'NONE',  ( -37.44383207444760586, 0.0000000000000000000, 149.1705927090359864 ) ) ;
#1358 = CARTESIAN_POINT ( 'NONE',  ( -10.32550495252229972, 4.036925718952510067, 12.14467375264789872 ) ) ;
#1359 = DIRECTION ( 'NONE',  ( 0.9999191579690124287, -0.01271524779707759387, 0.0000000000000000000 ) ) ;
#1360 = CARTESIAN_POINT ( 'NONE',  ( -31.24035954925429692, 0.0000000000000000000, 158.9436711460990068 ) ) ;
#1361 = CARTESIAN_POINT ( 'NONE',  ( -87.08153897073030691, 0.0000000000000000000, 137.8609707278629912 ) ) ;
#1362 = CARTESIAN_POINT ( 'NONE',  ( -105.0282425151989827, 13.09932242070900088, 11.50000000000000000 ) ) ;
#1363 = FACE_OUTER_BOUND ( 'NONE', #3254, .T. ) ;
#1364 = CARTESIAN_POINT ( 'NONE',  ( -44.41351397298409864, 0.0000000000000000000, 143.6986690014149985 ) ) ;
#1365 = EDGE_LOOP ( 'NONE', ( #3795, #2618, #2439, #3145, #539, #993, #396, #2607, #3912, #1323, #4224, #4250, #3931, #3340, #2835, #903, #3004, #1960, #129, #3565, #2891, #3838, #329, #3022 ) ) ;
#1366 = DIRECTION ( 'NONE',  ( -0.5004356563159398918, 0.0000000000000000000, -0.8657737313453408579 ) ) ;
#1367 = CARTESIAN_POINT ( 'NONE',  ( -0.3781651679036400759, 2.189077178129680057, 2.282560322295553501 ) ) ;
#1368 = CARTESIAN_POINT ( 'NONE',  ( -63.85336681529931013, 0.0000000000000000000, 157.1855200660029936 ) ) ;
#1369 = VECTOR ( 'NONE', #1873, 1000.000000000000114 ) ;
#1370 = CARTESIAN_POINT ( 'NONE',  ( -30.82650252981529704, 0.0000000000000000000, 150.7673551580820117 ) ) ;
#1371 = CARTESIAN_POINT ( 'NONE',  ( -17.21702404006340004, 0.0000000000000000000, 149.1705927090359864 ) ) ;
#1372 = B_SPLINE_SURFACE_WITH_KNOTS ( 'NONE', 4, 1, ( 
 ( #1078, #1429 ),
 ( #801, #2467 ),
 ( #2807, #199 ),
 ( #3399, #2123 ),
 ( #1795, #155 ) ),
 .UNSPECIFIED., .F., .F., .F.,
 ( 5, 5 ),
 ( 2, 2 ),
 ( -1.000000000000000000, 0.0000000000000000000 ),
 ( 0.0000000000000000000, 1.300421644626400086 ),
 .UNSPECIFIED. ) ;
#1373 = CARTESIAN_POINT ( 'NONE',  ( -103.7483122642890123, 8.591783744396751743, 8.999999993649026919 ) ) ;
#1374 = CARTESIAN_POINT ( 'NONE',  ( -9.947549840986916081, 9.004964835517194288, 9.000000000004538592 ) ) ;
#1375 = EDGE_LOOP ( 'NONE', ( #247, #3721, #318, #793 ) ) ;
#1376 = EDGE_CURVE ( 'NONE', #2208, #3256, #3202, .T. ) ;
#1377 = EDGE_CURVE ( 'NONE', #451, #1425, #2697, .T. ) ;
#1378 = LINE ( 'NONE', #387, #3697 ) ;
#1379 = CARTESIAN_POINT ( 'NONE',  ( -14.05662661152139847, 2.450835289238929793, 13.99999999999979927 ) ) ;
#1380 = CARTESIAN_POINT ( 'NONE',  ( -30.81584225595229753, 2.663949902589319851, 159.5611954821989968 ) ) ;
#1381 = CC_DESIGN_PERSON_AND_ORGANIZATION_ASSIGNMENT ( #95, #1406, ( #821 ) ) ;
#1382 = CARTESIAN_POINT ( 'NONE',  ( -100.2130641889390006, 8.546828554825740554, 8.999999999999799272 ) ) ;
#1383 = CARTESIAN_POINT ( 'NONE',  ( -44.57687909578670116, 2.838939237517140057, 144.3964257180469986 ) ) ;
#1384 = CARTESIAN_POINT ( 'NONE',  ( -64.11221737062849968, 3.087355986996049850, 150.8068098664930119 ) ) ;
#1385 = CARTESIAN_POINT ( 'NONE',  ( -43.13589058064209780, 0.0000000000000000000, 148.4323149888680007 ) ) ;
#1386 = ORIENTED_EDGE ( 'NONE', *, *, #528, .F. ) ;
#1387 = DIRECTION ( 'NONE',  ( 0.0000000000000000000, 1.000000000000000000, 0.0000000000000000000 ) ) ;
#1388 = CARTESIAN_POINT ( 'NONE',  ( 4.021288917089789381E-16, 1.999999999999989564, 3.751058269853266403 ) ) ;
#1389 = CARTESIAN_POINT ( 'NONE',  ( -64.58197845963779571, 0.0000000000000000000, 154.8533021127970244 ) ) ;
#1390 = CARTESIAN_POINT ( 'NONE',  ( -84.85261491549709945, 3.351097190532100090, 138.6392614293559689 ) ) ;
#1391 = CARTESIAN_POINT ( 'NONE',  ( -3.311587315081659710, 0.0000000000000000000, 8.500999999999610424 ) ) ;
#1392 = DIRECTION ( 'NONE',  ( -0.5004356563159380045, 0.0000000000000000000, 0.8657737313453419681 ) ) ;
#1393 = CARTESIAN_POINT ( 'NONE',  ( -46.28082788963130412, 13.00321644496600015, 146.3365109029739983 ) ) ;
#1394 = CARTESIAN_POINT ( 'NONE',  ( -103.9394751270320256, 14.08176066566580609, 8.999999999994937383 ) ) ;
#1395 = VECTOR ( 'NONE', #3812, 1000.000000000000114 ) ;
#1396 = CARTESIAN_POINT ( 'NONE',  ( -8.997824869315499186, 7.231977029052689687, 11.50120031178779989 ) ) ;
#1397 = CARTESIAN_POINT ( 'NONE',  ( -30.74461465148329964, 2.663044115063649908, 159.6219639275869895 ) ) ;
#1398 = EDGE_CURVE ( 'NONE', #3331, #4119, #1009, .T. ) ;
#1399 = AXIS2_PLACEMENT_3D ( 'NONE', #3691, #2028, #4015 ) ;
#1400 = CARTESIAN_POINT ( 'NONE',  ( -22.76971949867539990, -0.001000001298026020023, 149.8159981027159802 ) ) ;
#1401 = CARTESIAN_POINT ( 'NONE',  ( -104.1144376899353006, 5.418472123591978828, 12.06947177164174434 ) ) ;
#1402 = CARTESIAN_POINT ( 'NONE',  ( -44.38906848429190433, 0.0000000000000000000, 138.5755884654240049 ) ) ;
#1403 = ORIENTED_EDGE ( 'NONE', *, *, #525, .F. ) ;
#1404 = LINE ( 'NONE', #1095, #2109 ) ;
#1405 = CARTESIAN_POINT ( 'NONE',  ( -3.252426465270172429, 3.626235929110606548, 0.07047660710942366125 ) ) ;
#1406 = PERSON_AND_ORGANIZATION_ROLE ( 'creator' ) ;
#1407 = CARTESIAN_POINT ( 'NONE',  ( -30.21879364429089776, 0.0000000000000000000, 152.1725251210370118 ) ) ;
#1408 = CARTESIAN_POINT ( 'NONE',  ( -98.12425617760010255, 0.0000000000000000000, 149.1705927090359864 ) ) ;
#1409 = CARTESIAN_POINT ( 'NONE',  ( -139.5691759054740260, 0.0000000000000000000, 244.2320863228079872 ) ) ;
#1410 = CARTESIAN_POINT ( 'NONE',  ( -7.757078889733447724, 0.3036473047978918705, 2.217213313750081571 ) ) ;
#1411 = ORIENTED_EDGE ( 'NONE', *, *, #3433, .T. ) ;
#1412 = CARTESIAN_POINT ( 'NONE',  ( -105.1602141842289910, 7.634705713980953767, 9.064847810307714582 ) ) ;
#1413 = UNCERTAINTY_MEASURE_WITH_UNIT (LENGTH_MEASURE( 1.000000000000000082E-05 ), #154, 'distance_accuracy_value', 'NONE');
#1414 = CARTESIAN_POINT ( 'NONE',  ( -9.011840717085540575, 6.911487112660078758, 11.50617011478890106 ) ) ;
#1415 = CARTESIAN_POINT ( 'NONE',  ( -49.54563825069949701, 0.0000000000000000000, 138.0603213210630145 ) ) ;
#1416 =( BOUNDED_SURFACE ( )  B_SPLINE_SURFACE ( 3, 3, ( 
 ( #726, #2388, #1026, #3973, #3012, #2626 ),
 ( #1354, #983, #364, #3607, #662, #1680 ),
 ( #1374, #20, #2672, #2691, #3651, #1736 ),
 ( #340, #3952, #1981, #3995, #706, #2048 ) ),
 .UNSPECIFIED., .F., .F., .F. ) 
 B_SPLINE_SURFACE_WITH_KNOTS ( ( 4, 4 ),
 ( 4, 2, 4 ),
 ( 0.0000000000000000000, 1.000000000000000000 ),
 ( 0.0000000000000000000, 0.1515543800034849786, 1.000000000000000000 ),
 .UNSPECIFIED. ) 
 GEOMETRIC_REPRESENTATION_ITEM ( )  RATIONAL_B_SPLINE_SURFACE ( (
 ( 1.000000000000000000, 1.000000000000000000, 1.000000000000000000, 1.000000000000000000, 1.000000000000000000, 1.000000000000000000),
 ( 0.8047378541251419826, 0.8047378541251419826, 0.8047378541251419826, 0.8047378541251419826, 0.8047378541251419826, 0.8047378541251419826),
 ( 0.8047378541251419826, 0.8047378541251419826, 0.8047378541251419826, 0.8047378541251419826, 0.8047378541251419826, 0.8047378541251419826),
 ( 1.000000000000000000, 1.000000000000000000, 1.000000000000000000, 1.000000000000000000, 1.000000000000000000, 1.000000000000000000) ) ) 
 REPRESENTATION_ITEM ( '' )  SURFACE ( )  );
#1417 = AXIS2_PLACEMENT_3D ( 'NONE', #2023, #4012, #3647 ) ;
#1418 = EDGE_CURVE ( 'NONE', #2190, #1525, #76, .T. ) ;
#1419 = CARTESIAN_POINT ( 'NONE',  ( -44.36085976744519854, 2.836192507564800014, 143.5015500987209975 ) ) ;
#1420 = DIRECTION ( 'NONE',  ( 0.04817122723086530306, 0.9988390925805179510, 0.0000000000000000000 ) ) ;
#1421 = CARTESIAN_POINT ( 'NONE',  ( -84.93243290915999921, 0.0000000000000000000, 146.6958170520549913 ) ) ;
#1422 = ADVANCED_FACE ( 'NONE', ( #3313 ), #3937, .T. ) ;
#1423 = CARTESIAN_POINT ( 'NONE',  ( -100.6039222021604900, 3.551394570288331831, 13.34538353361535989 ) ) ;
#1424 = EDGE_CURVE ( 'NONE', #1489, #3256, #732, .T. ) ;
#1425 = VERTEX_POINT ( 'NONE', #411 ) ;
#1426 = CARTESIAN_POINT ( 'NONE',  ( -100.2766404279229988, 3.547232764980630115, 312.2490000000000236 ) ) ;
#1427 = CARTESIAN_POINT ( 'NONE',  ( -95.72007546622899099, 3.489290656157050030, 149.0886150958060057 ) ) ;
#1428 = CARTESIAN_POINT ( 'NONE',  ( -8.997824869315499186, 7.231977029052679029, 11.49999999999960032 ) ) ;
#1429 = CARTESIAN_POINT ( 'NONE',  ( -66.85473093634611530, 13.00321644496600015, 160.4802146902100048 ) ) ;
#1430 = CARTESIAN_POINT ( 'NONE',  ( -91.41135950839529301, 3.434499407704569851, 142.8789767759849951 ) ) ;
#1431 = CARTESIAN_POINT ( 'NONE',  ( -104.4785197301319926, 8.687269804713599441, 9.732233041612710522 ) ) ;
#1432 = AXIS2_PLACEMENT_3D ( 'NONE', #1720, #3974, #727 ) ;
#1433 = CARTESIAN_POINT ( 'NONE',  ( -24.59437853390609874, 2.584836249065920022, 160.0338003619110054 ) ) ;
#1434 = CARTESIAN_POINT ( 'NONE',  ( -104.9735017887119994, 14.13761165742179848, 11.49999999999980105 ) ) ;
#1435 = B_SPLINE_CURVE_WITH_KNOTS ( 'NONE', 3,
 ( #3690, #457, #1776, #3085, #137, #2761, #4075, #1125, #803, #4141, #826, #867, #1544, #1170, #2785, #1844, #480, #1193, #1797, #3105, #550, #890, #2853, #3818, #1866, #2191, #3796, #3423, #3146, #504, #4189, #1475, #2515, #2491, #2536, #912, #1520, #3467, #2831, #2810, #4096, #1214, #4166, #4120, #1238, #1821, #180, #1499, #2469, #1890, #848, #524, #3839, #2172, #3167, #2216, #3511, #202, #572, #3189, #248, #3489, #225, #1568, #2876, #2560, #3863, #157, #1147, #3444, #3775, #2149, #3126, #974, #2241, #2942, #1672, #2581, #1651, #2641, #1283, #1953, #1972, #2985, #996 ),
 .UNSPECIFIED., .F., .F.,
 ( 4, 3, 3, 3, 3, 3, 3, 3, 3, 3, 3, 3, 3, 3, 3, 3, 3, 3, 3, 3, 3, 3, 3, 3, 3, 3, 3, 3, 4 ),
 ( 0.0000000000000000000, 0.08897224613400049609, 0.1669690354760769990, 0.2180549524265670003, 0.2866504507287149783, 0.3496406458366120296, 0.3848314696880970054, 0.4786836604165279896, 0.5330013150472600048, 0.5830015657582430233, 0.6509038033842989845, 0.7100721315478839557, 0.7309698981818489871, 0.8698739833844190139, 1.015618530590230106, 1.161363077796029986, 1.231097811241979922, 1.307983810655620083, 1.376825522293260162, 1.442325235544289930, 1.494083564456450075, 1.521030299929819973, 1.584234703698309987, 1.642065331418169905, 1.692272278243969863, 1.773633778135079941, 1.781394838061560071, 1.941759692529189785, 2.068787576162890218 ),
 .UNSPECIFIED. ) ;
#1436 = CARTESIAN_POINT ( 'NONE',  ( -30.84776551300729963, 0.0000000000000000000, 159.5275897594730168 ) ) ;
#1437 = CARTESIAN_POINT ( 'NONE',  ( -102.7295635581759967, 4.154313124731210394, 11.53955599183058922 ) ) ;
#1438 = CARTESIAN_POINT ( 'NONE',  ( -12.12289932763369293, 2.766430812654611326, 12.07044191783689335 ) ) ;
#1439 = CARTESIAN_POINT ( 'NONE',  ( -62.44054221136629224, 13.00321644496600015, 149.8159981027159802 ) ) ;
#1440 = CARTESIAN_POINT ( 'NONE',  ( -112.6875651384719959, 0.1507474481337019723, 2.900917156123079987 ) ) ;
#1441 = VECTOR ( 'NONE', #1217, 1000.000000000000000 ) ;
#1442 = CARTESIAN_POINT ( 'NONE',  ( -44.54211860312570082, 2.838497221712350083, 144.2264649340949916 ) ) ;
#1443 = CARTESIAN_POINT ( 'NONE',  ( -103.8132431507588933, 5.077075166928127992, 12.22211598235769969 ) ) ;
#1444 = ORIENTED_EDGE ( 'NONE', *, *, #4212, .T. ) ;
#1445 = CARTESIAN_POINT ( 'NONE',  ( -83.58588007926779540, 0.0000000000000000000, 148.4313593780439930 ) ) ;
#1446 = CARTESIAN_POINT ( 'NONE',  ( -90.65412076290718346, 0.0000000000000000000, 138.2641444128529997 ) ) ;
#1447 = ORIENTED_EDGE ( 'NONE', *, *, #2670, .F. ) ;
#1448 = DIRECTION ( 'NONE',  ( -0.9999191579690124287, 0.01271524779707759387, 0.0000000000000000000 ) ) ;
#1449 = CARTESIAN_POINT ( 'NONE',  ( -94.98844223734009518, 3.479986578269000042, 149.0185125954949967 ) ) ;
#1450 = EDGE_CURVE ( 'NONE', #984, #3117, #59, .T. ) ;
#1451 = CARTESIAN_POINT ( 'NONE',  ( -110.7098093730610060, 4.000000000000000000, 3.469446951953609850E-15 ) ) ;
#1452 = CARTESIAN_POINT ( 'NONE',  ( -88.94016535008579183, 3.403075021215750340, 137.8609707278629912 ) ) ;
#1453 = LINE ( 'NONE', #1735, #2937 ) ;
#1454 = CARTESIAN_POINT ( 'NONE',  ( -23.28545134802599748, 2.568191239634059819, 157.9957166090409828 ) ) ;
#1455 = CARTESIAN_POINT ( 'NONE',  ( -105.0012955040120488, 13.62303811808689247, 10.03553390592869654 ) ) ;
#1456 = DIRECTION ( 'NONE',  ( 4.926620193007687345E-09, -3.437019953337342746E-08, -0.9999999999999994449 ) ) ;
#1457 = CARTESIAN_POINT ( 'NONE',  ( -71.59906213315049683, 0.0000000000000000000, 159.1499728647500262 ) ) ;
#1458 = CARTESIAN_POINT ( 'NONE',  ( -31.36787004074109575, 2.670969674273290018, 158.4001898074039900 ) ) ;
#1459 = ORIENTED_EDGE ( 'NONE', *, *, #2562, .T. ) ;
#1460 = VECTOR ( 'NONE', #878, 1000.000000000000000 ) ;
#1461 = CARTESIAN_POINT ( 'NONE',  ( -112.7643120675800077, 0.0000000000000000000, 3.674428399225520447 ) ) ;
#1462 = DIRECTION ( 'NONE',  ( -0.8650200284677211915, 0.04171750651340187105, 0.5000000000000072164 ) ) ;
#1463 = CARTESIAN_POINT ( 'NONE',  ( -43.59844412616190112, 2.826496640222059931, 140.7038346008479834 ) ) ;
#1464 = AXIS2_PLACEMENT_3D ( 'NONE', #1810, #2751, #3359 ) ;
#1465 = CARTESIAN_POINT ( 'NONE',  ( -3.118902406156919938, 3.995356370322069139, 1.500999999996620149 ) ) ;
#1466 = ORIENTED_EDGE ( 'NONE', *, *, #611, .T. ) ;
#1467 = CARTESIAN_POINT ( 'NONE',  ( -84.59148653304829679, 0.0000000000000000000, 147.3921249458710179 ) ) ;
#1468 = CARTESIAN_POINT ( 'NONE',  ( -91.33166751683320683, 0.0000000000000000000, 138.6381776173550122 ) ) ;
#1469 = ORIENTED_EDGE ( 'NONE', *, *, #714, .F. ) ;
#1470 = CARTESIAN_POINT ( 'NONE',  ( -24.35487643128109880, 0.0000000000000000000, 153.9485919029689853 ) ) ;
#1471 = CARTESIAN_POINT ( 'NONE',  ( -2.932439120007368949, 3.466285062383544169, 0.1445471179692590924 ) ) ;
#1472 = PERSON_AND_ORGANIZATION_ROLE ( 'design_owner' ) ;
#1473 = CARTESIAN_POINT ( 'NONE',  ( -113.0437204744440294, 1.728895301535997797, 0.6308692162491641442 ) ) ;
#1474 = CARTESIAN_POINT ( 'NONE',  ( -91.97893041833050631, 3.441716795935129802, 139.5622410969150167 ) ) ;
#1475 = CARTESIAN_POINT ( 'NONE',  ( -50.43436258234800817, 2.913424797075419903, 144.8416301959250063 ) ) ;
#1476 = EDGE_CURVE ( 'NONE', #1557, #3091, #1975, .T. ) ;
#1477 = CARTESIAN_POINT ( 'NONE',  ( -24.19299985038519907, 2.579731385059769622, 159.8264161605029869 ) ) ;
#1478 = CARTESIAN_POINT ( 'NONE',  ( -105.0012955040119920, 13.62303811808689780, 11.49999999999980105 ) ) ;
#1479 = CARTESIAN_POINT ( 'NONE',  ( -102.7737884628920000, 4.239882624000129496, 12.74712331247720165 ) ) ;
#1480 = PRODUCT_RELATED_PRODUCT_CATEGORY ( 'detail', '', ( #3514 ) ) ;
#1481 = CARTESIAN_POINT ( 'NONE',  ( -71.21064060433640464, 0.0000000000000000000, 159.6167522037059996 ) ) ;
#1482 = CARTESIAN_POINT ( 'NONE',  ( -50.38728449524270303, 0.0000000000000000000, 145.3438816499659936 ) ) ;
#1483 = ORIENTED_EDGE ( 'NONE', *, *, #2408, .F. ) ;
#1484 = CARTESIAN_POINT ( 'NONE',  ( -113.6464542770340387, 1.136788039050629973, 1.108866677697590175 ) ) ;
#1485 = CARTESIAN_POINT ( 'NONE',  ( -31.89113661583549941, 2.677623837330069811, 149.8159981027159802 ) ) ;
#1486 = CARTESIAN_POINT ( 'NONE',  ( -11.58817483913819402, 3.055037817865013050, 12.76971518351013835 ) ) ;
#1487 = VECTOR ( 'NONE', #753, 1000.000000000000000 ) ;
#1488 = CARTESIAN_POINT ( 'NONE',  ( -76.15509093283149866, 3.240497041062060379, 149.2095459061219742 ) ) ;
#1489 = VERTEX_POINT ( 'NONE', #1675 ) ;
#1490 = CARTESIAN_POINT ( 'NONE',  ( -43.60141188318740291, 0.0000000000000000000, 140.7234371009179767 ) ) ;
#1491 = CARTESIAN_POINT ( 'NONE',  ( -89.45426924330850227, -1.477980117879159960E-21, 137.9354783534780040 ) ) ;
#1492 = ORIENTED_EDGE ( 'NONE', *, *, #3102, .F. ) ;
#1493 = CARTESIAN_POINT ( 'NONE',  ( -23.28463524430920017, 0.0000000000000000000, 158.1034188162760188 ) ) ;
#1494 = CARTESIAN_POINT ( 'NONE',  ( -97.12915897206650584, 3.507208730995909907, 149.1577782742650129 ) ) ;
#1495 = CALENDAR_DATE ( 2021, 15, 9 ) ;
#1496 = CARTESIAN_POINT ( 'NONE',  ( -111.8304410115670038, 1.827409992562950114, 0.6330435575449119279 ) ) ;
#1497 = CARTESIAN_POINT ( 'NONE',  ( -91.13423370370880150, 3.430975222853420270, 143.7724376800449875 ) ) ;
#1498 = ORIENTED_EDGE ( 'NONE', *, *, #1102, .F. ) ;
#1499 = CARTESIAN_POINT ( 'NONE',  ( -51.44447325629990075, 2.926269822030650225, 141.3339223807829796 ) ) ;
#1500 = CARTESIAN_POINT ( 'NONE',  ( -23.28688426256629995, 2.568209791295959832, 158.2817069136200132 ) ) ;
#1501 = B_SPLINE_SURFACE_WITH_KNOTS ( 'NONE', 4, 1, ( 
 ( #1032, #3657 ),
 ( #347, #2358 ),
 ( #713, #3917 ),
 ( #3018, #3958 ),
 ( #1705, #2632 ) ),
 .UNSPECIFIED., .F., .F., .F.,
 ( 5, 5 ),
 ( 2, 2 ),
 ( -1.000000000000000000, 0.0000000000000000000 ),
 ( 0.0000000000000000000, 1.300421644626400086 ),
 .UNSPECIFIED. ) ;
#1502 = CARTESIAN_POINT ( 'NONE',  ( -26.40111486757770010, -0.001000001298026020023, 160.4802146902100048 ) ) ;
#1503 = CARTESIAN_POINT ( 'NONE',  ( -71.63365058528360407, 0.0000000000000000000, 156.8943877218559919 ) ) ;
#1504 = CARTESIAN_POINT ( 'NONE',  ( -51.36024356466479901, 0.0000000000000000000, 141.6392957093449922 ) ) ;
#1505 = ORIENTED_EDGE ( 'NONE', *, *, #3981, .F. ) ;
#1506 = ADVANCED_FACE ( 'NONE', ( #360 ), #1022, .T. ) ;
#1507 = CARTESIAN_POINT ( 'NONE',  ( -26.27093064054639981, 0.0000000000000000000, 160.4638090434490039 ) ) ;
#1508 = CARTESIAN_POINT ( 'NONE',  ( -33.62883452062350642, 2.699721146443149866, 149.4122567870279852 ) ) ;
#1509 = CARTESIAN_POINT ( 'NONE',  ( -11.49642254948570042, 7.263749886283589419, 9.002400623575750771 ) ) ;
#1510 = CYLINDRICAL_SURFACE ( 'NONE', #981, 114.7820467919760006 ) ;
#1511 = VERTEX_POINT ( 'NONE', #2707 ) ;
#1512 = CARTESIAN_POINT ( 'NONE',  ( -84.79349505228348960, 0.0000000000000000000, 143.4061540879860104 ) ) ;
#1513 = CARTESIAN_POINT ( 'NONE',  ( -92.06181069024049179, 0.0000000000000000000, 140.1774088752829925 ) ) ;
#1514 = VERTEX_POINT ( 'NONE', #335 ) ;
#1515 = CARTESIAN_POINT ( 'NONE',  ( -23.97373390977979568, 0.0000000000000000000, 155.3241289986179936 ) ) ;
#1516 = CARTESIAN_POINT ( 'NONE',  ( -51.39901570368739669, 2.925691408213789924, 149.1705927090359864 ) ) ;
#1517 = CARTESIAN_POINT ( 'NONE',  ( -63.77121864248889693, 3.083019799016459839, 158.5624326819549879 ) ) ;
#1518 = CARTESIAN_POINT ( 'NONE',  ( -91.50835514719109653, 3.435732830999540077, 142.5802133415070045 ) ) ;
#1519 = ORIENTED_EDGE ( 'NONE', *, *, #1765, .T. ) ;
#1520 = CARTESIAN_POINT ( 'NONE',  ( -50.50747483101550017, 2.914354328583999898, 144.4389853525389924 ) ) ;
#1521 = CARTESIAN_POINT ( 'NONE',  ( -1.866898254099289778, 0.004433933632318890102, 4.000000000000000000 ) ) ;
#1522 = LINE ( 'NONE', #3191, #2133 ) ;
#1523 = CARTESIAN_POINT ( 'NONE',  ( -71.73609847294920883, 0.0000000000000000000, 158.8387645672430040 ) ) ;
#1524 = CARTESIAN_POINT ( 'NONE',  ( -50.39554003574700403, 0.0000000000000000000, 145.1957021763190028 ) ) ;
#1525 = VERTEX_POINT ( 'NONE', #3993 ) ;
#1526 = DIRECTION ( 'NONE',  ( 0.0000000000000000000, 0.0000000000000000000, -1.000000000000000000 ) ) ;
#1527 = CARTESIAN_POINT ( 'NONE',  ( -112.7359700596360028, 0.05568174811012140124, 3.334436341997970121 ) ) ;
#1528 = CARTESIAN_POINT ( 'NONE',  ( -36.07661270936890219, 2.730847874697970301, 149.1933393843740134 ) ) ;
#1529 = EDGE_CURVE ( 'NONE', #911, #1940, #2864, .T. ) ;
#1530 = CARTESIAN_POINT ( 'NONE',  ( -9.740262932785139327, 4.801524277534953811, 11.85693742882241963 ) ) ;
#1531 =( BOUNDED_CURVE ( )  B_SPLINE_CURVE ( 3, ( #2883, #1958, #1244, #1980 ),
 .UNSPECIFIED., .F., .T. ) 
 B_SPLINE_CURVE_WITH_KNOTS ( ( 4, 4 ),
 ( 4.590679350631983624, 4.834098610137564478 ),
 .UNSPECIFIED. ) 
 CURVE ( )  GEOMETRIC_REPRESENTATION_ITEM ( )  RATIONAL_B_SPLINE_CURVE ( ( 1.000000000000000000, 0.9950683476634676339, 0.9950683476634676339, 1.000000000000000000 ) ) 
 REPRESENTATION_ITEM ( '' )  );
#1532 = CARTESIAN_POINT ( 'NONE',  ( -113.1217657375750036, 0.03220253029617749924, 4.000000000000000000 ) ) ;
#1533 = ORIENTED_EDGE ( 'NONE', *, *, #835, .F. ) ;
#1534 = CARTESIAN_POINT ( 'NONE',  ( -84.63283784110950592, 0.0000000000000000000, 138.8293912844120257 ) ) ;
#1535 = PLANE ( 'NONE',  #2206 ) ;
#1536 = VECTOR ( 'NONE', #3597, 1000.000000000000000 ) ;
#1537 = CARTESIAN_POINT ( 'NONE',  ( -23.69230170248059864, 0.0000000000000000000, 159.3956548809429989 ) ) ;
#1538 = CARTESIAN_POINT ( 'NONE',  ( -68.98807610079749963, 13.00321644496600015, 152.0032210447369891 ) ) ;
#1539 = APPROVAL_STATUS ( 'not_yet_approved' ) ;
#1540 = LOCAL_TIME ( 10, 41, 23.00000000000000000, #3687 ) ;
#1541 = CARTESIAN_POINT ( 'NONE',  ( -64.88880790432580170, 3.097231368905839943, 152.1292843895730016 ) ) ;
#1542 = CARTESIAN_POINT ( 'NONE',  ( -13.65360401136315538, 2.510730314556210985, 13.19545138672021878 ) ) ;
#1543 = VERTEX_POINT ( 'NONE', #1371 ) ;
#1544 = CARTESIAN_POINT ( 'NONE',  ( -50.99147433400250407, 2.920509013798949560, 147.2848624864689953 ) ) ;
#1545 = CARTESIAN_POINT ( 'NONE',  ( -24.25159704564019947, 2.580477426853559741, 151.4831371032769880 ) ) ;
#1546 = DIRECTION ( 'NONE',  ( 0.0000000000000000000, 0.0000000000000000000, 1.000000000000000000 ) ) ;
#1547 = B_SPLINE_CURVE_WITH_KNOTS ( 'NONE', 3,
 ( #4192, #3799, #3169, #3149 ),
 .UNSPECIFIED., .F., .F.,
 ( 4, 4 ),
 ( 0.0000000000000000000, 0.5458427884718289880 ),
 .UNSPECIFIED. ) ;
#1548 = CARTESIAN_POINT ( 'NONE',  ( -70.58028703069329879, 0.0000000000000000000, 160.0065636488710084 ) ) ;
#1549 = CARTESIAN_POINT ( 'NONE',  ( -50.96926359904420423, 0.0000000000000000000, 147.2638256508469965 ) ) ;
#1550 = CARTESIAN_POINT ( 'NONE',  ( -71.58614193171629836, 3.182396244462999846, 156.7110838715120167 ) ) ;
#1551 = VERTEX_POINT ( 'NONE', #402 ) ;
#1552 = CARTESIAN_POINT ( 'NONE',  ( -7.344533915294846338, 3.995356370322069139, 5.000999999999670820 ) ) ;
#1553 = CARTESIAN_POINT ( 'NONE',  ( -112.0090205186465226, 1.479072370426514960, 0.8943625337909606454 ) ) ;
#1554 = CARTESIAN_POINT ( 'NONE',  ( -72.34475268460390396, 0.0000000000000000000, 149.8159981027159802 ) ) ;
#1555 = CARTESIAN_POINT ( 'NONE',  ( -81.55226651084269918, -0.001000001298026020023, 149.1705927090359864 ) ) ;
#1556 = CARTESIAN_POINT ( 'NONE',  ( -217.7645383169630122, 0.0000000000000000000, 199.0335014125869861 ) ) ;
#1557 = VERTEX_POINT ( 'NONE', #2046 ) ;
#1558 = CARTESIAN_POINT ( 'NONE',  ( -84.28704034138789325, 0.0000000000000000000, 139.3153852825340095 ) ) ;
#1559 = CARTESIAN_POINT ( 'NONE',  ( -90.94845239432189032, 0.0000000000000000000, 146.3977651359889762 ) ) ;
#1560 = CARTESIAN_POINT ( 'NONE',  ( -24.37824951959469999, 0.0000000000000000000, 151.8686972253940155 ) ) ;
#1561 = CARTESIAN_POINT ( 'NONE',  ( -107.5904136333400061, 0.8767006227395659490, 1.500999999998839929 ) ) ;
#1562 = AXIS2_PLACEMENT_3D ( 'NONE', #4232, #3299, #1630 ) ;
#1563 = EDGE_CURVE ( 'NONE', #2496, #1880, #2112, .T. ) ;
#1564 = EDGE_CURVE ( 'NONE', #2417, #602, #2624, .T. ) ;
#1565 = CARTESIAN_POINT ( 'NONE',  ( -65.34418379062789484, 3.103021147601510155, 160.1358400873660059 ) ) ;
#1566 = CARTESIAN_POINT ( 'NONE',  ( -13.60878836551527371, 2.525674118986803496, 13.10624978833531529 ) ) ;
#1567 = ORIENTED_EDGE ( 'NONE', *, *, #2643, .F. ) ;
#1568 = CARTESIAN_POINT ( 'NONE',  ( -51.50454532719930256, 2.927033352012129885, 139.5175895086830167 ) ) ;
#1569 = CARTESIAN_POINT ( 'NONE',  ( -23.58564395422110138, 2.572008901934950131, 150.4820750697539893 ) ) ;
#1570 = EDGE_CURVE ( 'NONE', #3652, #4231, #702, .T. ) ;
#1571 = CARTESIAN_POINT ( 'NONE',  ( -2.000000000000000000, 2.000000000000000000, 149.1705927090359864 ) ) ;
#1572 = CARTESIAN_POINT ( 'NONE',  ( -1.159139650244785491, 2.579570173297379032, 1.184047067560056066 ) ) ;
#1573 = CARTESIAN_POINT ( 'NONE',  ( -51.31413393481800256, 0.0000000000000000000, 141.7910113047889809 ) ) ;
#1574 = CARTESIAN_POINT ( 'NONE',  ( -70.64119547277148570, 3.170380274864880388, 153.1340428295980018 ) ) ;
#1575 = ORIENTED_EDGE ( 'NONE', *, *, #3077, .T. ) ;
#1576 = CARTESIAN_POINT ( 'NONE',  ( -8.997824869315030227, 7.231977029052649719, 149.1705927090359864 ) ) ;
#1577 = DIRECTION ( 'NONE',  ( -0.5004356563159398918, 0.0000000000000000000, -0.8657737313453408579 ) ) ;
#1578 = CARTESIAN_POINT ( 'NONE',  ( -85.11854001256490676, 3.354478179394189574, 145.1885800744520054 ) ) ;
#1579 = CARTESIAN_POINT ( 'NONE',  ( -3.118902406158199803, 3.995356370322069139, 8.500999999999610424 ) ) ;
#1580 = AXIS2_PLACEMENT_3D ( 'NONE', #233, #1985, #708 ) ;
#1581 = FACE_OUTER_BOUND ( 'NONE', #1375, .T. ) ;
#1582 = VERTEX_POINT ( 'NONE', #1715 ) ;
#1583 = CARTESIAN_POINT ( 'NONE',  ( -84.63795178917230544, 0.0000000000000000000, 142.8520411147699747 ) ) ;
#1584 = CARTESIAN_POINT ( 'NONE',  ( -92.10084685027379692, 0.0000000000000000000, 148.1814128826470096 ) ) ;
#1585 = CARTESIAN_POINT ( 'NONE',  ( -68.71335731570169969, 13.00321644496600015, 160.4802146902100048 ) ) ;
#1586 = CARTESIAN_POINT ( 'NONE',  ( -64.33704062366990684, 3.090215164759909872, 155.6049011931779944 ) ) ;
#1587 = EDGE_LOOP ( 'NONE', ( #3683, #919, #1709, #310 ) ) ;
#1588 = CARTESIAN_POINT ( 'NONE',  ( -12.05845419753489800, 4.340114306496730023, 10.05153823981061834 ) ) ;
#1589 = VERTEX_POINT ( 'NONE', #1391 ) ;
#1590 = LINE ( 'NONE', #2685, #3895 ) ;
#1591 = EDGE_CURVE ( 'NONE', #518, #2638, #2989, .T. ) ;
#1592 = CARTESIAN_POINT ( 'NONE',  ( -23.46865991022590237, 2.570521300566530165, 150.3596726485289707 ) ) ;
#1593 = DIRECTION ( 'NONE',  ( -0.04817122723086530306, -0.9988390925805179510, 0.0000000000000000000 ) ) ;
#1594 = CARTESIAN_POINT ( 'NONE',  ( -0.9337391318405691143, 2.466962047991222207, 1.430396112621173277 ) ) ;
#1595 = CARTESIAN_POINT ( 'NONE',  ( -114.7639976329442106, 2.035463844192455518, 3.674428399211920215 ) ) ;
#1596 = CARTESIAN_POINT ( 'NONE',  ( -71.76326704207720297, 3.184648766716069890, 158.7369608558730079 ) ) ;
#1597 = ORIENTED_EDGE ( 'NONE', *, *, #1293, .F. ) ;
#1598 = LINE ( 'NONE', #2568, #1777 ) ;
#1599 = CARTESIAN_POINT ( 'NONE',  ( -84.09307739797060322, 3.341438113957609701, 140.2134620886239986 ) ) ;
#1600 = CARTESIAN_POINT ( 'NONE',  ( -30.82431360909729889, 2.664057821739519660, 155.7438655901819970 ) ) ;
#1601 = CARTESIAN_POINT ( 'NONE',  ( -112.8012153600959948, 0.03685202342045930390, 3.445822937214700232 ) ) ;
#1602 = ORIENTED_EDGE ( 'NONE', *, *, #3582, .T. ) ;
#1603 = CARTESIAN_POINT ( 'NONE',  ( -84.39966971150950314, 0.0000000000000000000, 142.0268086357129960 ) ) ;
#1604 = CARTESIAN_POINT ( 'NONE',  ( -91.61925237488789264, 0.0000000000000000000, 142.2423293119249763 ) ) ;
#1605 = CARTESIAN_POINT ( 'NONE',  ( -44.28340561492080241, 2.835207854249359727, 138.6585773843860068 ) ) ;
#1606 = VECTOR ( 'NONE', #3998, 1000.000000000000000 ) ;
#1607 = CARTESIAN_POINT ( 'NONE',  ( -63.75273482163079564, 3.082784297945500018, 157.7780189288860129 ) ) ;
#1608 = ORIENTED_EDGE ( 'NONE', *, *, #691, .F. ) ;
#1609 = LINE ( 'NONE', #2189, #2667 ) ;
#1610 = ORIENTED_EDGE ( 'NONE', *, *, #2110, .T. ) ;
#1611 = VECTOR ( 'NONE', #2992, 1000.000000000000000 ) ;
#1612 = CARTESIAN_POINT ( 'NONE',  ( -64.01855971795831124, 0.0000000000000000000, 150.7205424300839809 ) ) ;
#1613 = EDGE_CURVE ( 'NONE', #3369, #1857, #37, .T. ) ;
#1614 = DIRECTION ( 'NONE',  ( -0.5004356563159398918, 0.0000000000000000000, -0.8657737313453408579 ) ) ;
#1615 = CARTESIAN_POINT ( 'NONE',  ( -1.999385639007532411, 3.000004123379598653, 0.5333104434008116845 ) ) ;
#1616 = CARTESIAN_POINT ( 'NONE',  ( -52.22148693741600312, 0.0000000000000000000, 148.2476575803699745 ) ) ;
#1617 = CARTESIAN_POINT ( 'NONE',  ( -71.73004981715989459, 3.184226445434919839, 158.8453069724740203 ) ) ;
#1618 = ORIENTED_EDGE ( 'NONE', *, *, #1241, .F. ) ;
#1619 = LINE ( 'NONE', #2837, #3416 ) ;
#1620 = CARTESIAN_POINT ( 'NONE',  ( -83.91221657011669777, 3.339138273513649668, 148.1704296897819688 ) ) ;
#1621 = CARTESIAN_POINT ( 'NONE',  ( -30.28485530382180002, 2.657197945130030270, 151.8691992749029964 ) ) ;
#1622 = CARTESIAN_POINT ( 'NONE',  ( -30.27842849090520261, 0.0000000000000000000, 159.9366737532739933 ) ) ;
#1623 = CARTESIAN_POINT ( 'NONE',  ( -85.83795942216760011, 0.0000000000000000000, 138.1412833287070043 ) ) ;
#1624 = CARTESIAN_POINT ( 'NONE',  ( -91.57482064723978965, 0.0000000000000000000, 142.3787751668279782 ) ) ;
#1625 = CARTESIAN_POINT ( 'NONE',  ( -45.90105501129810506, 2.855776091435120012, 137.9846072281150100 ) ) ;
#1626 = CARTESIAN_POINT ( 'NONE',  ( -101.7811338299673309, 3.798372965108720578, 13.24628812575450709 ) ) ;
#1627 = ORIENTED_EDGE ( 'NONE', *, *, #610, .F. ) ;
#1628 = CARTESIAN_POINT ( 'NONE',  ( -11.75002316312429507, 5.320704133471994446, 9.460151188192062577 ) ) ;
#1629 = ORIENTED_EDGE ( 'NONE', *, *, #3367, .T. ) ;
#1630 = DIRECTION ( 'NONE',  ( -0.9990451006441082304, 0.04369081000626662964, 0.0000000000000000000 ) ) ;
#1631 = CARTESIAN_POINT ( 'NONE',  ( -64.16445148206159388, 0.0000000000000000000, 156.1163169236019996 ) ) ;
#1632 = AXIS2_PLACEMENT_3D ( 'NONE', #3081, #1387, #55 ) ;
#1633 = CARTESIAN_POINT ( 'NONE',  ( -2.953008451688780234, 3.476504225844360363, 0.1041092978309379885 ) ) ;
#1634 = CARTESIAN_POINT ( 'NONE',  ( -2.763972161590490195, 7.633298678480615607, 5.000999999999670820 ) ) ;
#1635 = CARTESIAN_POINT ( 'NONE',  ( -70.82392281056789329, 3.172703880414330158, 159.8818409305480088 ) ) ;
#1636 = ORIENTED_EDGE ( 'NONE', *, *, #2331, .F. ) ;
#1637 = CARTESIAN_POINT ( 'NONE',  ( -31.89113661583549941, 0.0000000000000000000, 149.8159981027159802 ) ) ;
#1638 = DIRECTION ( 'NONE',  ( 0.04817122723086530306, 0.9988390925805179510, 0.0000000000000000000 ) ) ;
#1639 = DIRECTION ( 'NONE',  ( -1.000000000000000000, 0.0000000000000000000, 9.003423303438600580E-15 ) ) ;
#1640 = EDGE_CURVE ( 'NONE', #677, #3457, #1227, .T. ) ;
#1641 = CARTESIAN_POINT ( 'NONE',  ( -31.37874409619950100, 0.0000000000000000000, 158.0379721060290308 ) ) ;
#1642 = CARTESIAN_POINT ( 'NONE',  ( -87.08153897073030691, 0.0000000000000000000, 137.8609707278629912 ) ) ;
#1643 = CARTESIAN_POINT ( 'NONE',  ( -90.87250301786808393, 0.0000000000000000000, 145.1205847363530097 ) ) ;
#1644 = FACE_OUTER_BOUND ( 'NONE', #2825, .T. ) ;
#1645 = EDGE_CURVE ( 'NONE', #2684, #1258, #2327, .T. ) ;
#1646 = AXIS2_PLACEMENT_3D ( 'NONE', #3609, #2653, #3352 ) ;
#1647 = CARTESIAN_POINT ( 'NONE',  ( -64.30818207866840908, 3.089847958285299789, 151.0082960727649777 ) ) ;
#1648 = ORIENTED_EDGE ( 'NONE', *, *, #2224, .T. ) ;
#1649 = CARTESIAN_POINT ( 'NONE',  ( -44.41313582583480013, 0.0000000000000000000, 146.9439860098729866 ) ) ;
#1650 = ORIENTED_EDGE ( 'NONE', *, *, #3680, .T. ) ;
#1651 = CARTESIAN_POINT ( 'NONE',  ( -50.54228487405829640, 2.914796982692169802, 138.4464009275769740 ) ) ;
#1652 = CARTESIAN_POINT ( 'NONE',  ( -63.88741949564160905, 0.0000000000000000000, 158.9506808288209925 ) ) ;
#1653 = CARTESIAN_POINT ( 'NONE',  ( -30.74877050399840073, 0.0000000000000000000, 150.8773906822920026 ) ) ;
#1654 = CARTESIAN_POINT ( 'NONE',  ( -21.84707935171120141, 2.549899801864479620, 149.5605942024200203 ) ) ;
#1655 = CARTESIAN_POINT ( 'NONE',  ( -100.2766404279240078, 3.547232764980650099, 13.99999999999979927 ) ) ;
#1656 = CARTESIAN_POINT ( 'NONE',  ( -111.2201719725501050, 3.012237657128477242, 0.1173966387936720562 ) ) ;
#1657 = CARTESIAN_POINT ( 'NONE',  ( -114.1924652569660736, 2.317873162966069600, 1.943825073175309059 ) ) ;
#1658 = CARTESIAN_POINT ( 'NONE',  ( -112.3849500265660879, 12.92001309847902135, -9.638942645605413998E-06 ) ) ;
#1659 = ORIENTED_EDGE ( 'NONE', *, *, #2018, .T. ) ;
#1660 = DIRECTION ( 'NONE',  ( 0.0000000000000000000, 0.0000000000000000000, -1.000000000000000000 ) ) ;
#1661 = CARTESIAN_POINT ( 'NONE',  ( -84.72624626536729409, 3.349489622712940040, 147.1591878068950336 ) ) ;
#1662 = LINE ( 'NONE', #1963, #573 ) ;
#1663 = CARTESIAN_POINT ( 'NONE',  ( -28.77428475368629890, 0.0000000000000000000, 160.4056686567739973 ) ) ;
#1664 = CARTESIAN_POINT ( 'NONE',  ( -2.770903932846076501, 1.541814765038930890, 0.8013313969987096996 ) ) ;
#1665 = EDGE_CURVE ( 'NONE', #3903, #1551, #7, .T. ) ;
#1666 = CARTESIAN_POINT ( 'NONE',  ( -91.21722029503929718, 3.432030698097670030, 147.1259112215719824 ) ) ;
#1667 = CARTESIAN_POINT ( 'NONE',  ( -45.42363804593789922, 2.849704933566649778, 138.1063950557309852 ) ) ;
#1668 = CARTESIAN_POINT ( 'NONE',  ( -62.49626069314300025, 3.066807043957480161, 149.8374511886889877 ) ) ;
#1669 = ORIENTED_EDGE ( 'NONE', *, *, #2140, .F. ) ;
#1670 = CARTESIAN_POINT ( 'NONE',  ( -44.50973601295070381, 2.186174414946490049E-19, 146.7081013713350046 ) ) ;
#1671 = ORIENTED_EDGE ( 'NONE', *, *, #1787, .T. ) ;
#1672 = CARTESIAN_POINT ( 'NONE',  ( -50.56809333104769877, 2.915125168394140154, 138.4607103000760162 ) ) ;
#1673 = CARTESIAN_POINT ( 'NONE',  ( -63.82335926379779778, 0.0000000000000000000, 157.3323829242710019 ) ) ;
#1674 = CARTESIAN_POINT ( 'NONE',  ( -86.35554611505619960, 3.370206641106390233, 137.9966121228000020 ) ) ;
#1675 = CARTESIAN_POINT ( 'NONE',  ( -105.2126599787840036, 8.610404793811069268, 11.49999999999980105 ) ) ;
#1676 = CARTESIAN_POINT ( 'NONE',  ( -53.38553474605699734, 2.950952532251700067, 148.5905522541490029 ) ) ;
#1677 = DIRECTION ( 'NONE',  ( -1.000000000000000000, -5.759281940242994505E-14, 0.0000000000000000000 ) ) ;
#1678 = CIRCLE ( 'NONE', #640, 5.000000000000004441 ) ;
#1679 = CARTESIAN_POINT ( 'NONE',  ( -1.807315091079390035, 3.995356370322069139, 8.500999999998981593 ) ) ;
#1680 = CARTESIAN_POINT ( 'NONE',  ( -9.134506838026783981, 2.388244256645847940, 10.03553390593619632 ) ) ;
#1681 = ORIENTED_EDGE ( 'NONE', *, *, #1377, .F. ) ;
#1682 = CYLINDRICAL_SURFACE ( 'NONE', #266, 4.000000000000000000 ) ;
#1683 = FACE_OUTER_BOUND ( 'NONE', #2777, .T. ) ;
#1684 = CARTESIAN_POINT ( 'NONE',  ( -31.37155773352910160, 2.671016687301170034, 150.1975242228839988 ) ) ;
#1685 = CARTESIAN_POINT ( 'NONE',  ( -30.57793905414170155, 0.0000000000000000000, 154.9730457842380247 ) ) ;
#1686 = LINE ( 'NONE', #1296, #51 ) ;
#1687 = LINE ( 'NONE', #1278, #2636 ) ;
#1688 = CARTESIAN_POINT ( 'NONE',  ( -100.9612769519407749, 3.602710668482804746, 13.65746932068329933 ) ) ;
#1689 = CARTESIAN_POINT ( 'NONE',  ( -44.60147038827630439, 0.0000000000000000000, 144.5200829224129961 ) ) ;
#1690 = ORIENTED_EDGE ( 'NONE', *, *, #1640, .T. ) ;
#1691 = CARTESIAN_POINT ( 'NONE',  ( -46.62792290196190237, 0.0000000000000000000, 137.8609707278629912 ) ) ;
#1692 = CARTESIAN_POINT ( 'NONE',  ( -70.67764373227309704, 0.0000000000000000000, 153.4707714940690266 ) ) ;
#1693 = CARTESIAN_POINT ( 'NONE',  ( -63.88969398603079952, 0.0000000000000000000, 157.0362552147610131 ) ) ;
#1694 = EDGE_CURVE ( 'NONE', #468, #503, #3470, .T. ) ;
#1695 = EDGE_CURVE ( 'NONE', #1199, #4209, #2002, .T. ) ;
#1696 = CARTESIAN_POINT ( 'NONE',  ( -2.000000000002850165, 0.0000000000000000000, 8.500999999998981593 ) ) ;
#1697 = CARTESIAN_POINT ( 'NONE',  ( -105.2126599787840320, 8.610404793811069268, 10.46446608957640301 ) ) ;
#1698 = FACE_OUTER_BOUND ( 'NONE', #3196, .T. ) ;
#1699 = ORIENTED_EDGE ( 'NONE', *, *, #2763, .T. ) ;
#1700 = DIRECTION ( 'NONE',  ( 0.0000000000000000000, 0.0000000000000000000, -1.000000000000000000 ) ) ;
#1701 = CARTESIAN_POINT ( 'NONE',  ( -9.206919261492739537, 5.968588564575919797, 11.59770690737370025 ) ) ;
#1702 = VECTOR ( 'NONE', #966, 1000.000000000000000 ) ;
#1703 = FACE_OUTER_BOUND ( 'NONE', #697, .T. ) ;
#1704 = CARTESIAN_POINT ( 'NONE',  ( -30.70872530137850021, 0.0000000000000000000, 155.3872576493159841 ) ) ;
#1705 = CARTESIAN_POINT ( 'NONE',  ( -28.25974124693320277, -0.001000001298026020023, 160.4802146902100048 ) ) ;
#1706 = CARTESIAN_POINT ( 'NONE',  ( -43.98891775868619902, 2.831462568306109873, 147.6450688159019933 ) ) ;
#1707 = CARTESIAN_POINT ( 'NONE',  ( -8.996714391953091194, 7.257369484997941100, 11.50040020249470096 ) ) ;
#1708 = CARTESIAN_POINT ( 'NONE',  ( -44.58385687722739732, 2.150634274995510112E-19, 146.4663526879689925 ) ) ;
#1709 = ORIENTED_EDGE ( 'NONE', *, *, #1529, .F. ) ;
#1710 = CARTESIAN_POINT ( 'NONE',  ( -24.09419902416460246, 0.0000000000000000000, 151.1608403976379975 ) ) ;
#1711 = CARTESIAN_POINT ( 'NONE',  ( -70.63156548743251051, 0.0000000000000000000, 152.5519688266389835 ) ) ;
#1712 = CARTESIAN_POINT ( 'NONE',  ( -65.31445429674589320, 0.0000000000000000000, 160.1250265845559966 ) ) ;
#1713 = CIRCLE ( 'NONE', #4112, 2.200000000000000178 ) ;
#1714 = CARTESIAN_POINT ( 'NONE',  ( -87.08153897073030691, 3.379440215554370130, 137.8609707278629912 ) ) ;
#1715 = CARTESIAN_POINT ( 'NONE',  ( -102.5568433043600010, 12.44603088535520108, 8.999999999999788614 ) ) ;
#1716 = B_SPLINE_SURFACE_WITH_KNOTS ( 'NONE', 4, 1, ( 
 ( #2212, #3163 ),
 ( #221, #1538 ),
 ( #4205, #4160 ),
 ( #2532, #1256 ),
 ( #264, #1585 ) ),
 .UNSPECIFIED., .F., .F., .F.,
 ( 5, 5 ),
 ( 2, 2 ),
 ( -1.000000000000000000, 0.0000000000000000000 ),
 ( 0.0000000000000000000, 1.300421644626400086 ),
 .UNSPECIFIED. ) ;
#1717 = CARTESIAN_POINT ( 'NONE',  ( -81.44240534372210050, 3.307731405928350021, 148.9687610046400152 ) ) ;
#1718 = EDGE_CURVE ( 'NONE', #1872, #1489, #1356, .T. ) ;
#1719 = CARTESIAN_POINT ( 'NONE',  ( -44.91639044889569732, -0.001000001298026020023, 142.8199153411109990 ) ) ;
#1720 = CARTESIAN_POINT ( 'NONE',  ( 0.0000000000000000000, 0.0000000000000000000, 4.000000000000000000 ) ) ;
#1721 = CARTESIAN_POINT ( 'NONE',  ( -17.21702404006340004, 2.491023774598859930, 149.1705927090359864 ) ) ;
#1722 = CARTESIAN_POINT ( 'NONE',  ( -9.380810948319799891, 0.0000000000000000000, 5.001000000002970403 ) ) ;
#1723 = CARTESIAN_POINT ( 'NONE',  ( -31.36845051378420024, 2.670977216696090117, 157.8307978632320214 ) ) ;
#1724 =( BOUNDED_CURVE ( )  B_SPLINE_CURVE ( 3, ( #3086, #1778, #1410, #2103 ),
 .UNSPECIFIED., .F., .T. ) 
 B_SPLINE_CURVE_WITH_KNOTS ( ( 4, 4 ),
 ( 4.629146770892085705, 5.303958088564311169 ),
 .UNSPECIFIED. ) 
 CURVE ( )  GEOMETRIC_REPRESENTATION_ITEM ( )  RATIONAL_B_SPLINE_CURVE ( ( 1.000000000000000000, 0.9624111141301483485, 0.9624111141301483485, 1.000000000000000000 ) ) 
 REPRESENTATION_ITEM ( '' )  );
#1725 = DIRECTION ( 'NONE',  ( 0.1214093666953637296, 0.0000000000000000000, -0.9926025214952008957 ) ) ;
#1726 = FACE_OUTER_BOUND ( 'NONE', #2154, .T. ) ;
#1727 = CARTESIAN_POINT ( 'NONE',  ( -104.7787552716188486, 6.483534486802860819, 11.73045182920441754 ) ) ;
#1728 = CARTESIAN_POINT ( 'NONE',  ( -43.99565889882159553, 0.0000000000000000000, 142.3099173611520030 ) ) ;
#1729 = ORIENTED_EDGE ( 'NONE', *, *, #1476, .T. ) ;
#1730 = CARTESIAN_POINT ( 'NONE',  ( -4.961418165267629909, 7.739275378388519755, 5.000999999999670820 ) ) ;
#1731 = CARTESIAN_POINT ( 'NONE',  ( -95.43218623326660577, 3.485629549676759975, 149.0649380474190195 ) ) ;
#1732 = CARTESIAN_POINT ( 'NONE',  ( 0.0000000000000000000, 0.0000000000000000000, 0.0000000000000000000 ) ) ;
#1733 = CARTESIAN_POINT ( 'NONE',  ( -30.91288515178300145, 0.0000000000000000000, 150.6596187433539740 ) ) ;
#1734 = CARTESIAN_POINT ( 'NONE',  ( -145.4421876330850125, 3.995356370322069139, 240.7259844772399902 ) ) ;
#1735 = CARTESIAN_POINT ( 'NONE',  ( -9.188126039396339095, 3.995356370322069139, 5.001000000002970403 ) ) ;
#1736 = CARTESIAN_POINT ( 'NONE',  ( -10.16995702929099110, 2.401411326861998763, 9.000000000004538592 ) ) ;
#1737 = VERTEX_POINT ( 'NONE', #2991 ) ;
#1738 = EDGE_CURVE ( 'NONE', #1901, #254, #1286, .T. ) ;
#1739 = DIRECTION ( 'NONE',  ( 0.0000000000000000000, 0.0000000000000000000, -1.000000000000000000 ) ) ;
#1740 = VECTOR ( 'NONE', #1926, 1000.000000000000000 ) ;
#1741 = LINE ( 'NONE', #3736, #1606 ) ;
#1742 = CARTESIAN_POINT ( 'NONE',  ( -30.34767462653139702, 2.657996748977009993, 159.8946278968229819 ) ) ;
#1743 = AXIS2_PLACEMENT_3D ( 'NONE', #1157, #1462, #3477 ) ;
#1744 = EDGE_CURVE ( 'NONE', #32, #518, #1100, .T. ) ;
#1745 = ADVANCED_FACE ( 'NONE', ( #3729 ), #2583, .T. ) ;
#1746 = APPLICATION_CONTEXT ( 'configuration controlled 3d designs of mechanical parts and assemblies' ) ;
#1747 = CARTESIAN_POINT ( 'NONE',  ( -44.62604635708349576, 2.839564461972449827, 144.6468685937549878 ) ) ;
#1748 = CARTESIAN_POINT ( 'NONE',  ( -102.0177218421493706, 3.883607614031454158, 13.12740480087636818 ) ) ;
#1749 = CARTESIAN_POINT ( 'NONE',  ( -43.69911274454440075, 0.0000000000000000000, 139.4220981732879920 ) ) ;
#1750 = CARTESIAN_POINT ( 'NONE',  ( -77.89744814321591093, 13.00321644496600015, 149.1705927090359864 ) ) ;
#1751 = ORIENTED_EDGE ( 'NONE', *, *, #399, .T. ) ;
#1752 = FACE_OUTER_BOUND ( 'NONE', #995, .T. ) ;
#1753 = CARTESIAN_POINT ( 'NONE',  ( -9.054684967972059795, 6.085615533651800746, 312.2490000000000236 ) ) ;
#1754 = PERSON_AND_ORGANIZATION_ROLE ( 'design_supplier' ) ;
#1755 = CARTESIAN_POINT ( 'NONE',  ( -111.1656772940259827, 3.784188027934559884, 3.469446951953609850E-15 ) ) ;
#1756 = CARTESIAN_POINT ( 'NONE',  ( -91.02335375349890967, 3.429565522101820196, 146.6723581191120047 ) ) ;
#1757 = CARTESIAN_POINT ( 'NONE',  ( -105.2103562079489905, 8.711365713970080193, 11.49999999999980105 ) ) ;
#1758 = CARTESIAN_POINT ( 'NONE',  ( -23.30448366310759667, 2.568433620380539573, 158.5059920915790030 ) ) ;
#1759 = ORIENTED_EDGE ( 'NONE', *, *, #159, .T. ) ;
#1760 = CARTESIAN_POINT ( 'NONE',  ( -102.6056729259629918, 6.966045075207920156, 9.255369479963789558 ) ) ;
#1761 = DIRECTION ( 'NONE',  ( 0.0000000000000000000, 0.0000000000000000000, -1.000000000000000000 ) ) ;
#1762 = CARTESIAN_POINT ( 'NONE',  ( -52.84085623724340053, -0.001000001298026020023, 148.5251873153569875 ) ) ;
#1763 = AXIS2_PLACEMENT_3D ( 'NONE', #1382, #1012, #3678 ) ;
#1764 = CARTESIAN_POINT ( 'NONE',  ( -113.5445743938520167, 1.236973847269410509, 1.014049601006320467 ) ) ;
#1765 = EDGE_CURVE ( 'NONE', #3408, #953, #403, .T. ) ;
#1766 = CARTESIAN_POINT ( 'NONE',  ( -44.24472481733750584, 2.834715472102030009, 147.2699835689950021 ) ) ;
#1767 = B_SPLINE_CURVE_WITH_KNOTS ( 'NONE', 3,
 ( #1856, #3806, #3203, #1228, #1601, #3158 ),
 .UNSPECIFIED., .F., .F.,
 ( 4, 2, 4 ),
 ( 0.0000000000000000000, 0.03808298952110209662, 0.07716969627408039323 ),
 .UNSPECIFIED. ) ;
#1768 = CARTESIAN_POINT ( 'NONE',  ( -105.0162214867463319, 7.155499926836197844, 11.60752496151887314 ) ) ;
#1769 = CARTESIAN_POINT ( 'NONE',  ( -44.08189926105050205, 0.0000000000000000000, 138.8327472808509810 ) ) ;
#1770 = CARTESIAN_POINT ( 'NONE',  ( -0.8749071755604244105, 0.8749071755604244105, 1.392086829270849702 ) ) ;
#1771 = VERTEX_POINT ( 'NONE', #4055 ) ;
#1772 = DIRECTION ( 'NONE',  ( -0.01271524779707654956, -0.9999191579690125398, 0.0000000000000000000 ) ) ;
#1773 = LINE ( 'NONE', #2121, #1185 ) ;
#1774 = CARTESIAN_POINT ( 'NONE',  ( -110.9419300158309909, 3.552216045176809889, 3.469446951953609850E-15 ) ) ;
#1775 = CARTESIAN_POINT ( 'NONE',  ( -91.57220259010510688, 3.436544732693179505, 138.8540946503520104 ) ) ;
#1776 = CARTESIAN_POINT ( 'NONE',  ( -52.31953743442419835, 2.937396712882459848, 148.2997767745389979 ) ) ;
#1777 = VECTOR ( 'NONE', #2608, 1000.000000000000000 ) ;
#1778 = CARTESIAN_POINT ( 'NONE',  ( -8.272020315465479001, -1.959116670121253897E-14, 3.082747790409774424 ) ) ;
#1779 = CARTESIAN_POINT ( 'NONE',  ( -87.08153897073030691, -0.001000001298026020023, 137.8609707278629912 ) ) ;
#1780 = CARTESIAN_POINT ( 'NONE',  ( -2.939419985850489248, 3.995356370322069139, 5.000999999999670820 ) ) ;
#1781 = CARTESIAN_POINT ( 'NONE',  ( -71.30138158177589958, 0.0000000000000000000, 159.5275897594730168 ) ) ;
#1782 = CARTESIAN_POINT ( 'NONE',  ( -28.99083159511700103, 2.640742836681059469, 160.3679449657650196 ) ) ;
#1783 = VERTEX_POINT ( 'NONE', #2102 ) ;
#1784 = CARTESIAN_POINT ( 'NONE',  ( -25.34627290811119948, 0.0000000000000000000, 160.2865923735659806 ) ) ;
#1785 = VECTOR ( 'NONE', #1864, 1000.000000000000000 ) ;
#1786 = CARTESIAN_POINT ( 'NONE',  ( -43.56916526347779950, 2.826124516203750048, 140.4151096753410286 ) ) ;
#1787 = EDGE_CURVE ( 'NONE', #468, #1589, #80, .T. ) ;
#1788 = CARTESIAN_POINT ( 'NONE',  ( -223.6375500445720093, 3.995356370322069139, 195.5273995670160048 ) ) ;
#1789 = ORIENTED_EDGE ( 'NONE', *, *, #3709, .F. ) ;
#1790 = CARTESIAN_POINT ( 'NONE',  ( -84.05712290567549871, -1.543587313973050061E-21, 148.0352382655360088 ) ) ;
#1791 = CARTESIAN_POINT ( 'NONE',  ( -91.69476105370580399, 0.0000000000000000000, 138.9938959729649923 ) ) ;
#1792 = VERTEX_POINT ( 'NONE', #3046 ) ;
#1793 = CARTESIAN_POINT ( 'NONE',  ( -24.01794349447459709, 0.0000000000000000000, 155.1860998364270188 ) ) ;
#1794 = CARTESIAN_POINT ( 'NONE',  ( -8.932313916646229757, 8.601221662346430819, 312.2490000000000236 ) ) ;
#1795 = CARTESIAN_POINT ( 'NONE',  ( -62.44054221136629224, -0.001000001298026020023, 149.8159981027159802 ) ) ;
#1796 = CARTESIAN_POINT ( 'NONE',  ( -92.04780530867239463, 3.442592628036870384, 140.5052675454680013 ) ) ;
#1797 = CARTESIAN_POINT ( 'NONE',  ( -50.64399556447419570, 2.916090363883979908, 146.7310054713140062 ) ) ;
#1798 = CARTESIAN_POINT ( 'NONE',  ( -26.02104212767480007, 2.602977392442419990, 160.4272327132510156 ) ) ;
#1799 = CARTESIAN_POINT ( 'NONE',  ( -105.1978088487350220, 9.583333864162247195, 10.03553390592869654 ) ) ;
#1800 = CARTESIAN_POINT ( 'NONE',  ( -105.2168210810190061, 8.283178308798099465, 11.50000000000239986 ) ) ;
#1801 = CARTESIAN_POINT ( 'NONE',  ( -70.83904713385919649, 0.0000000000000000000, 154.2847051737790025 ) ) ;
#1802 = CARTESIAN_POINT ( 'NONE',  ( -50.61713222343399821, 0.0000000000000000000, 143.9757707795460249 ) ) ;
#1803 = ORIENTED_EDGE ( 'NONE', *, *, #1376, .F. ) ;
#1804 = CIRCLE ( 'NONE', #2429, 114.7820467919760006 ) ;
#1805 = B_SPLINE_SURFACE_WITH_KNOTS ( 'NONE', 2, 1, ( 
 ( #2623, #1750 ),
 ( #1351, #980 ),
 ( #3059, #659 ) ),
 .UNSPECIFIED., .F., .F., .F.,
 ( 3, 3 ),
 ( 2, 2 ),
 ( -2.000000000000000000, -1.000000000000000000 ),
 ( 0.0000000000000000000, 1.300421644626400086 ),
 .UNSPECIFIED. ) ;
#1806 = CARTESIAN_POINT ( 'NONE',  ( -114.1519132080630214, 0.6391845741345054677, 1.723512007163249260 ) ) ;
#1807 = CARTESIAN_POINT ( 'NONE',  ( -32.20944782031069309, 2.681671922710890055, 149.7158723813329857 ) ) ;
#1808 = CARTESIAN_POINT ( 'NONE',  ( -14.05662661152139847, 2.450835289238920023, 13.99999999999979927 ) ) ;
#1809 = LOCAL_TIME ( 10, 41, 23.00000000000000000, #3420 ) ;
#1810 = CARTESIAN_POINT ( 'NONE',  ( -11.49203268115529930, 7.418629597667649733, 11.50000000251429988 ) ) ;
#1811 = ORIENTED_EDGE ( 'NONE', *, *, #1241, .T. ) ;
#1812 = CARTESIAN_POINT ( 'NONE',  ( -84.96944349028029819, 0.0000000000000000000, 146.5744867028570013 ) ) ;
#1813 = B_SPLINE_CURVE_WITH_KNOTS ( 'NONE', 3,
 ( #3294, #2339, #3596, #2277, #1625, #3315, #3573, #1667, #3659, #4246, #1991, #3985, #715, #3919, #8, #2978, #1033, #2634, #1605, #2036, #327, #2316, #3939, #3337, #2917, #991, #4227, #307, #968, #1052, #3356, #3056, #105, #88, #813, #3392, #2698, #3036, #1786, #3093, #1463, #466, #3074, #1112, #3411, #3373, #2434, #3740, #145, #4063, #3019, #3696, #1419, #125, #427, #1442, #2775, #1383, #1747, #70, #2750, #446, #393, #1090, #4085, #733, #789, #2114, #749, #2731, #1135, #4041, #2456, #2413, #1766, #3764, #3717, #1706, #2136, #2075, #4022, #2395, #4002, #2378, #766, #2093, #3679, #1070 ),
 .UNSPECIFIED., .F., .F.,
 ( 4, 3, 3, 3, 3, 3, 3, 3, 3, 3, 3, 3, 3, 3, 3, 3, 3, 3, 3, 3, 3, 3, 3, 3, 3, 3, 3, 3, 3, 4 ),
 ( 0.0000000000000000000, 0.05912017612427789698, 0.1195576568853949917, 0.1823768532293640054, 0.2295292465662600312, 0.2863598682514889582, 0.3330186152117760034, 0.3740323115455099767, 0.3796773621720629932, 0.4453051207159710034, 0.4890408107393869885, 0.5405180336211760084, 0.5990749782544469992, 0.6685463454379020343, 0.7284758834462919941, 0.7664050260514930768, 0.9039355523539119863, 1.027468680711289828, 1.150206804228209867, 1.182788140224360074, 1.278828923401539974, 1.386067008787399857, 1.411651904269179969, 1.485920986985040049, 1.549890226901200041, 1.578942162423769835, 1.653913694077700169, 1.684704573737060063, 1.763173149768070047, 1.803522017867539962 ),
 .UNSPECIFIED. ) ;
#1814 = CARTESIAN_POINT ( 'NONE',  ( -92.04998165359918971, 0.0000000000000000000, 140.4191102860939964 ) ) ;
#1815 = EDGE_LOOP ( 'NONE', ( #331, #909, #2078, #2752 ) ) ;
#1816 = CARTESIAN_POINT ( 'NONE',  ( -24.47481572494369928, 0.0000000000000000000, 153.1428973990649922 ) ) ;
#1817 = CARTESIAN_POINT ( 'NONE',  ( -97.46479707849890417, 3.511476652805550103, 149.1667367260280059 ) ) ;
#1818 = CARTESIAN_POINT ( 'NONE',  ( -110.7098093730610060, 4.000000000000000000, 3.469446951953609850E-15 ) ) ;
#1819 = CARTESIAN_POINT ( 'NONE',  ( -90.87622774143140703, 3.427694524562959533, 145.0975145453570008 ) ) ;
#1820 = ORIENTED_EDGE ( 'NONE', *, *, #4026, .F. ) ;
#1821 = CARTESIAN_POINT ( 'NONE',  ( -51.36381987385270520, 2.925243848334359686, 141.6235918943229990 ) ) ;
#1822 = EDGE_CURVE ( 'NONE', #3369, #2907, #1453, .T. ) ;
#1823 = CARTESIAN_POINT ( 'NONE',  ( -24.17649352968859944, 2.579522308096830141, 154.6677949264879999 ) ) ;
#1824 = LINE ( 'NONE', #1502, #542 ) ;
#1825 = CARTESIAN_POINT ( 'NONE',  ( -68.98165207097011375, 0.0000000000000000000, 160.4463101942070011 ) ) ;
#1826 = CARTESIAN_POINT ( 'NONE',  ( -51.37242767831779844, 0.0000000000000000000, 139.2112344571609981 ) ) ;
#1827 = ORIENTED_EDGE ( 'NONE', *, *, #104, .F. ) ;
#1828 = CARTESIAN_POINT ( 'NONE',  ( -114.7245065406600020, 2.055052771717169602, 3.359282749423449843 ) ) ;
#1829 = CARTESIAN_POINT ( 'NONE',  ( -35.70147486406160198, 2.726077701755639904, 149.2095459061219742 ) ) ;
#1830 = CARTESIAN_POINT ( 'NONE',  ( -12.77220151161636075, 2.559504677317586463, 13.35853024688058355 ) ) ;
#1831 =( BOUNDED_CURVE ( )  B_SPLINE_CURVE ( 3, ( #2266, #893, #1172, #1913 ),
 .UNSPECIFIED., .F., .T. ) 
 B_SPLINE_CURVE_WITH_KNOTS ( ( 4, 4 ),
 ( 4.590679350631939215, 4.834098610137520957 ),
 .UNSPECIFIED. ) 
 CURVE ( )  GEOMETRIC_REPRESENTATION_ITEM ( )  RATIONAL_B_SPLINE_CURVE ( ( 1.000000000000000000, 0.9950683476634676339, 0.9950683476634676339, 1.000000000000000000 ) ) 
 REPRESENTATION_ITEM ( '' )  );
#1832 = VECTOR ( 'NONE', #2723, 1000.000000000000114 ) ;
#1833 = CARTESIAN_POINT ( 'NONE',  ( -113.4035488654609480, 0.07735952212446946252, 5.510736227190791148 ) ) ;
#1834 = ORIENTED_EDGE ( 'NONE', *, *, #2457, .F. ) ;
#1835 = CARTESIAN_POINT ( 'NONE',  ( -44.17469555369930134, 0.0000000000000000000, 138.7439574335269867 ) ) ;
#1836 = CARTESIAN_POINT ( 'NONE',  ( -91.92640785618279153, 0.0000000000000000000, 141.1760919778230061 ) ) ;
#1837 = ORIENTED_EDGE ( 'NONE', *, *, #1300, .T. ) ;
#1838 = CARTESIAN_POINT ( 'NONE',  ( -23.31447969619370042, 0.0000000000000000000, 158.5696235316079878 ) ) ;
#1839 = LINE ( 'NONE', #1516, #1395 ) ;
#1840 = APPROVAL_DATE_TIME ( #286, #4136 ) ;
#1841 = DIRECTION ( 'NONE',  ( 0.04817122723086530306, 0.9988390925805179510, 0.0000000000000000000 ) ) ;
#1842 = CARTESIAN_POINT ( 'NONE',  ( -92.04983073957870943, 3.442618217674560555, 139.9570911780549807 ) ) ;
#1843 = ORIENTED_EDGE ( 'NONE', *, *, #977, .T. ) ;
#1844 = CARTESIAN_POINT ( 'NONE',  ( -50.75332901148490095, 2.917480744777559920, 146.9405392738190130 ) ) ;
#1845 = CARTESIAN_POINT ( 'NONE',  ( -63.06590310602530280, 0.0000000000000000000, 150.0891635091120122 ) ) ;
#1846 = EDGE_CURVE ( 'NONE', #299, #677, #3401, .T. ) ;
#1847 = DIRECTION ( 'NONE',  ( 0.0000000000000000000, 0.0000000000000000000, 1.000000000000000000 ) ) ;
#1848 = CARTESIAN_POINT ( 'NONE',  ( -70.77373951129770546, 0.0000000000000000000, 154.0111556996140223 ) ) ;
#1849 = CARTESIAN_POINT ( 'NONE',  ( -50.50562143734190101, 0.0000000000000000000, 144.4392010575839720 ) ) ;
#1850 = EDGE_LOOP ( 'NONE', ( #816, #232 ) ) ;
#1851 = VECTOR ( 'NONE', #2473, 1000.000000000000000 ) ;
#1852 = DIRECTION ( 'NONE',  ( 0.0000000000000000000, 1.000000000000000000, 0.0000000000000000000 ) ) ;
#1853 = CARTESIAN_POINT ( 'NONE',  ( -113.2449723362229861, 1.531390751355310664, 0.7634211489995050837 ) ) ;
#1854 = CARTESIAN_POINT ( 'NONE',  ( -26.40111486757770010, 2.607811206594769615, 160.4802146902100048 ) ) ;
#1855 = CARTESIAN_POINT ( 'NONE',  ( -8.997824869315509844, 7.231977029052679029, 11.50120031178779989 ) ) ;
#1856 = CARTESIAN_POINT ( 'NONE',  ( -113.1217657375750036, 0.03220253029617749924, 4.000000000000000000 ) ) ;
#1857 = VERTEX_POINT ( 'NONE', #1062 ) ;
#1858 = CARTESIAN_POINT ( 'NONE',  ( -85.04079315357159885, 0.0000000000000000000, 144.5033914623999749 ) ) ;
#1859 = CARTESIAN_POINT ( 'NONE',  ( -91.74688972044440050, 0.0000000000000000000, 141.8367200493740086 ) ) ;
#1860 = ORIENTED_EDGE ( 'NONE', *, *, #740, .F. ) ;
#1861 = CARTESIAN_POINT ( 'NONE',  ( -24.06131333614350254, 0.0000000000000000000, 155.0479112388700003 ) ) ;
#1862 = FACE_OUTER_BOUND ( 'NONE', #3884, .T. ) ;
#1863 = CARTESIAN_POINT ( 'NONE',  ( -64.12506924992879931, 3.087519599303050200, 156.2381319843189829 ) ) ;
#1864 = DIRECTION ( 'NONE',  ( 0.9988390925805179510, -0.04817122723086530306, 0.0000000000000000000 ) ) ;
#1865 = ORIENTED_EDGE ( 'NONE', *, *, #3814, .T. ) ;
#1866 = CARTESIAN_POINT ( 'NONE',  ( -50.39895414979319099, 2.912974349670850227, 145.7750614199999859 ) ) ;
#1867 = CARTESIAN_POINT ( 'NONE',  ( -1.666219019250893885, 0.01781898611165989854, 4.346066332854882752 ) ) ;
#1868 = DIRECTION ( 'NONE',  ( 1.000000000000000000, 0.0000000000000000000, 0.0000000000000000000 ) ) ;
#1869 = CARTESIAN_POINT ( 'NONE',  ( -71.11785922308079932, 0.0000000000000000000, 155.2491959432849740 ) ) ;
#1870 = CARTESIAN_POINT ( 'NONE',  ( -50.65745254191379843, 0.0000000000000000000, 146.7594983627760143 ) ) ;
#1871 = CARTESIAN_POINT ( 'NONE',  ( -71.47508827590229430, 3.180984095173500226, 156.3541585643470171 ) ) ;
#1872 = VERTEX_POINT ( 'NONE', #2387 ) ;
#1873 = DIRECTION ( 'NONE',  ( 0.5004356563159239046, 0.0000000000000000000, -0.8657737313453500727 ) ) ;
#1874 = CARTESIAN_POINT ( 'NONE',  ( -112.5944707944869521, 0.3332753439857202848, 2.396665155240815359 ) ) ;
#1875 = DIRECTION ( 'NONE',  ( -0.04817122723086530306, -0.9988390925805179510, 0.0000000000000000000 ) ) ;
#1876 = DIRECTION ( 'NONE',  ( 3.506950558086310039E-15, -1.405887209047971786E-45, 1.000000000000000000 ) ) ;
#1877 = EDGE_CURVE ( 'NONE', #2261, #3642, #1435, .T. ) ;
#1878 = ADVANCED_FACE ( 'NONE', ( #2321 ), #207, .F. ) ;
#1879 = CARTESIAN_POINT ( 'NONE',  ( -72.83749181059499733, 3.198309622049679835, 149.6651460912270011 ) ) ;
#1880 = VERTEX_POINT ( 'NONE', #313 ) ;
#1881 = CARTESIAN_POINT ( 'NONE',  ( -84.23085111896720889, 0.0000000000000000000, 141.3591766060260113 ) ) ;
#1882 = CARTESIAN_POINT ( 'NONE',  ( -91.21831162092240675, 0.0000000000000000000, 143.4926138885969920 ) ) ;
#1883 = VECTOR ( 'NONE', #363, 1000.000000000000000 ) ;
#1884 = CARTESIAN_POINT ( 'NONE',  ( -24.25855003271680133, 0.0000000000000000000, 154.3587477243449939 ) ) ;
#1885 = EDGE_CURVE ( 'NONE', #2342, #1783, #1006, .T. ) ;
#1886 = CC_DESIGN_SECURITY_CLASSIFICATION ( #3595, ( #300 ) ) ;
#1887 = CARTESIAN_POINT ( 'NONE',  ( -64.54619736527769192, 3.092875262488920196, 159.7385662215109789 ) ) ;
#1888 = CARTESIAN_POINT ( 'NONE',  ( -11.49642254948570042, 7.263749886283589419, 9.002400623575750771 ) ) ;
#1889 = ORIENTED_EDGE ( 'NONE', *, *, #3843, .T. ) ;
#1890 = CARTESIAN_POINT ( 'NONE',  ( -51.51501467089529740, 2.927167193095940423, 141.0344069620090011 ) ) ;
#1891 = DIRECTION ( 'NONE',  ( 0.0000000000000000000, -0.9965373674306751139, 0.08314610823327640843 ) ) ;
#1892 = CARTESIAN_POINT ( 'NONE',  ( -2.102147792640989721, 0.2042955852819799967, 2.711137357760670330 ) ) ;
#1893 = CARTESIAN_POINT ( 'NONE',  ( -0.8027533105921308421, 2.401545698753530189, 1.592326225249103056 ) ) ;
#1894 = CARTESIAN_POINT ( 'NONE',  ( -51.18422267121570002, 0.0000000000000000000, 147.5000041408159746 ) ) ;
#1895 = CARTESIAN_POINT ( 'NONE',  ( -71.25151707158529746, 3.178141323627909909, 150.8090418736759943 ) ) ;
#1896 = ORIENTED_EDGE ( 'NONE', *, *, #349, .T. ) ;
#1897 = DIRECTION ( 'NONE',  ( 0.04817122723086530306, 0.9988390925805179510, 0.0000000000000000000 ) ) ;
#1898 = CARTESIAN_POINT ( 'NONE',  ( -111.8289251217689468, 1.829972289238606553, 0.6320860103385130824 ) ) ;
#1899 = CARTESIAN_POINT ( 'NONE',  ( -71.68382175806729606, 3.183638764712979796, 150.3228270315779866 ) ) ;
#1900 = CARTESIAN_POINT ( 'NONE',  ( -112.7643120787219999, 2.000000000000000000, 149.1705927090359864 ) ) ;
#1901 = VERTEX_POINT ( 'NONE', #33 ) ;
#1902 = CARTESIAN_POINT ( 'NONE',  ( -84.10423401699529222, 0.0000000000000000000, 139.9867630194389960 ) ) ;
#1903 = ADVANCED_FACE ( 'NONE', ( #291 ), #2802, .T. ) ;
#1904 = CARTESIAN_POINT ( 'NONE',  ( -92.49646176642460205, 0.0000000000000000000, 148.4759636372650107 ) ) ;
#1905 = LINE ( 'NONE', #2554, #369 ) ;
#1906 = VECTOR ( 'NONE', #420, 1000.000000000000000 ) ;
#1907 = CARTESIAN_POINT ( 'NONE',  ( -63.89911809215350047, 3.084646157796770538, 158.9839731109320269 ) ) ;
#1908 = ORIENTED_EDGE ( 'NONE', *, *, #4162, .T. ) ;
#1909 = LINE ( 'NONE', #615, #345 ) ;
#1910 = VERTEX_POINT ( 'NONE', #617 ) ;
#1911 = CARTESIAN_POINT ( 'NONE',  ( -92.57156071898809557, -0.001000001298026020023, 148.5251873153569875 ) ) ;
#1912 = CARTESIAN_POINT ( 'NONE',  ( -24.47116707109899991, 2.583269458122329887, 152.4165566865800088 ) ) ;
#1913 = CARTESIAN_POINT ( 'NONE',  ( -66.85473093634611530, 3.122230545901170551, 160.4802146902100048 ) ) ;
#1914 = CARTESIAN_POINT ( 'NONE',  ( -1.128109075007289519, 2.564058449284303265, 1.215616698372001370 ) ) ;
#1915 = CARTESIAN_POINT ( 'NONE',  ( -111.6156528936420358, 3.569434322114648062, 0.07304242138762002956 ) ) ;
#1916 = CARTESIAN_POINT ( 'NONE',  ( -71.83278717513800871, 3.185532797479259770, 158.2806310325530035 ) ) ;
#1917 = ORIENTED_EDGE ( 'NONE', *, *, #1376, .T. ) ;
#1918 = CARTESIAN_POINT ( 'NONE',  ( -13.99305037253559902, 7.450431079083969621, 149.1705927090369812 ) ) ;
#1919 = CARTESIAN_POINT ( 'NONE',  ( -84.09892241514130262, 3.341512046060629793, 140.5373130311459988 ) ) ;
#1920 = CARTESIAN_POINT ( 'NONE',  ( -30.68560401043070129, 2.662293952225840421, 155.3153236619469908 ) ) ;
#1921 = CIRCLE ( 'NONE', #2739, 252.5659389956671532 ) ;
#1922 = CARTESIAN_POINT ( 'NONE',  ( -72.55515367438771079, 3.194718868737150164, 149.7472543115200097 ) ) ;
#1923 = EDGE_LOOP ( 'NONE', ( #2070, #341, #2299, #2040, #2875 ) ) ;
#1924 = CARTESIAN_POINT ( 'NONE',  ( -85.34157389373110902, 0.0000000000000000000, 138.3407444250009917 ) ) ;
#1925 = CARTESIAN_POINT ( 'NONE',  ( -91.34347446020389327, 0.0000000000000000000, 147.3368939084560054 ) ) ;
#1926 = DIRECTION ( 'NONE',  ( -1.000000000000000000, 0.0000000000000000000, 0.0000000000000000000 ) ) ;
#1927 = SHAPE_DEFINITION_REPRESENTATION ( #259, #3055 ) ;
#1928 = ADVANCED_FACE ( 'NONE', ( #3623 ), #2602, .F. ) ;
#1929 = CARTESIAN_POINT ( 'NONE',  ( -63.81537233581800450, 3.083581026924260282, 157.3721794629240094 ) ) ;
#1930 = ORIENTED_EDGE ( 'NONE', *, *, #2068, .F. ) ;
#1931 = PLANE ( 'NONE',  #942 ) ;
#1932 = ORIENTED_EDGE ( 'NONE', *, *, #2087, .F. ) ;
#1933 = CARTESIAN_POINT ( 'NONE',  ( -92.57156071898809557, -0.001000001298026020023, 148.5251873153569875 ) ) ;
#1934 = CARTESIAN_POINT ( 'NONE',  ( -24.17846818865369940, 2.579547442319370276, 151.3300606438070304 ) ) ;
#1935 = CC_DESIGN_PERSON_AND_ORGANIZATION_ASSIGNMENT ( #931, #1189, ( #3595 ) ) ;
#1936 = DIRECTION ( 'NONE',  ( 0.0000000000000000000, 0.0000000000000000000, -1.000000000000000000 ) ) ;
#1937 = CARTESIAN_POINT ( 'NONE',  ( -70.88127798150499359, 0.0000000000000000000, 151.4453835907839903 ) ) ;
#1938 = FACE_OUTER_BOUND ( 'NONE', #4174, .T. ) ;
#1939 = CARTESIAN_POINT ( 'NONE',  ( -70.85098794689000101, 3.173048157334649844, 151.5155158948689973 ) ) ;
#1940 = VERTEX_POINT ( 'NONE', #3925 ) ;
#1941 = CARTESIAN_POINT ( 'NONE',  ( -145.6348725420090204, 0.0000000000000000000, 240.7259844772399902 ) ) ;
#1942 = CARTESIAN_POINT ( 'NONE',  ( -84.91515788390701402, 3.351891916152029527, 146.7370566341010090 ) ) ;
#1943 = CARTESIAN_POINT ( 'NONE',  ( -31.89113661583549941, 2.677623837330069811, 149.8159981027159802 ) ) ;
#1944 = CARTESIAN_POINT ( 'NONE',  ( -30.38543106509080260, 0.0000000000000000000, 154.2847051737790025 ) ) ;
#1945 = CARTESIAN_POINT ( 'NONE',  ( -85.08040501343499784, 0.0000000000000000000, 144.7736247734650021 ) ) ;
#1946 = CARTESIAN_POINT ( 'NONE',  ( -91.13910652781829924, 0.0000000000000000000, 143.7676425977479937 ) ) ;
#1947 = CARTESIAN_POINT ( 'NONE',  ( -102.7128620838609976, 8.578616674318400470, 8.999999999999799272 ) ) ;
#1948 = AXIS2_PLACEMENT_3D ( 'NONE', #2481, #1420, #3785 ) ;
#1949 = CARTESIAN_POINT ( 'NONE',  ( -63.72981965330640008, 3.082493312154749976, 158.0786236345720113 ) ) ;
#1950 = ORIENTED_EDGE ( 'NONE', *, *, #3871, .T. ) ;
#1951 = CARTESIAN_POINT ( 'NONE',  ( -13.60859504084299587, 2.525741082063180265, 13.10586491239308948 ) ) ;
#1952 = ORIENTED_EDGE ( 'NONE', *, *, #1529, .T. ) ;
#1953 = CARTESIAN_POINT ( 'NONE',  ( -49.55527834699900325, 2.902246042143200366, 138.0674859083389947 ) ) ;
#1954 = AXIS2_PLACEMENT_3D ( 'NONE', #3972, #1025, #3851 ) ;
#1955 = CARTESIAN_POINT ( 'NONE',  ( -64.79826392502160104, 0.0000000000000000000, 154.0638860110080088 ) ) ;
#1956 = CARTESIAN_POINT ( 'NONE',  ( -2.409784746521410170, 0.8195694930428250036, 1.560040839377909938 ) ) ;
#1957 = EDGE_CURVE ( 'NONE', #3408, #3483, #597, .T. ) ;
#1958 = CARTESIAN_POINT ( 'NONE',  ( -88.32215847816328846, 3.395216275381985671, 137.7853797220895729 ) ) ;
#1959 = CARTESIAN_POINT ( 'NONE',  ( -71.08269526661379700, 3.175994212585790066, 159.7205339968340070 ) ) ;
#1960 = ORIENTED_EDGE ( 'NONE', *, *, #3920, .T. ) ;
#1961 = CARTESIAN_POINT ( 'NONE',  ( -39.88037765286540548, 0.0000000000000000000, 149.1705927090359864 ) ) ;
#1962 = CARTESIAN_POINT ( 'NONE',  ( -83.45014360182798896, 3.333262390480450144, 148.5251873153569875 ) ) ;
#1963 = CARTESIAN_POINT ( 'NONE',  ( -11.57072849395559899, 7.419628165983500168, 8.999999999999799272 ) ) ;
#1964 = CARTESIAN_POINT ( 'NONE',  ( -31.38151874766679938, 0.0000000000000000000, 158.1580133869910014 ) ) ;
#1965 = CARTESIAN_POINT ( 'NONE',  ( -3.476503194787198492, 2.953009409544195663, 0.1041091014273596571 ) ) ;
#1966 = CARTESIAN_POINT ( 'NONE',  ( -90.89704065871360683, 0.0000000000000000000, 146.1510332326010086 ) ) ;
#1967 = CARTESIAN_POINT ( 'NONE',  ( -88.01085216040799253, -0.001000001298026020023, 145.4587256658940078 ) ) ;
#1968 = CARTESIAN_POINT ( 'NONE',  ( -100.4822349899872620, 3.549847162136221534, 13.89719440794782201 ) ) ;
#1969 = ORIENTED_EDGE ( 'NONE', *, *, #1424, .F. ) ;
#1970 = CARTESIAN_POINT ( 'NONE',  ( -44.37555663014949658, 0.0000000000000000000, 143.5607032308240036 ) ) ;
#1971 = EDGE_LOOP ( 'NONE', ( #971, #2580, #3376, #282, #1650, #3227, #1160, #3451, #2504, #4065, #1175, #571 ) ) ;
#1972 = CARTESIAN_POINT ( 'NONE',  ( -49.24323758062790546, 2.898278038718200111, 137.9843499524910158 ) ) ;
#1973 = CARTESIAN_POINT ( 'NONE',  ( -64.83449486888511615, 0.0000000000000000000, 153.9077456833980193 ) ) ;
#1974 = CARTESIAN_POINT ( 'NONE',  ( -84.28391620214389945, 3.343864935599130117, 139.3256595888389882 ) ) ;
#1975 = LINE ( 'NONE', #1696, #106 ) ;
#1976 = VECTOR ( 'NONE', #1057, 1000.000000000000000 ) ;
#1977 = CARTESIAN_POINT ( 'NONE',  ( -57.93017247759200217, 3.008743399087169923, 149.1706398159849982 ) ) ;
#1978 = CARTESIAN_POINT ( 'NONE',  ( -112.4851723476290886, 0.5477884255803501246, 1.979484547176020737 ) ) ;
#1979 = B_SPLINE_CURVE_WITH_KNOTS ( 'NONE', 3,
 ( #4086, #2137, #2716, #3094, #1072, #1488, #2396, #191, #2207, #2890, #2503, #3502, #2230, #2253, #514, #2549, #2912, #4155, #2842, #538, #1879, #1252, #1922, #238, #2866 ),
 .UNSPECIFIED., .F., .F.,
 ( 4, 3, 3, 3, 3, 3, 3, 3, 4 ),
 ( 0.0000000000000000000, 0.09789170151444989698, 0.2064242866714129931, 0.2909421482432760220, 0.3149568718283770052, 0.3740720758085550046, 0.4599787085133580922, 0.5130516500164910010, 0.5458853412181610132 ),
 .UNSPECIFIED. ) ;
#1980 = CARTESIAN_POINT ( 'NONE',  ( -87.08153897073030691, 3.379440215554370130, 137.8609707278629912 ) ) ;
#1981 = CARTESIAN_POINT ( 'NONE',  ( -11.44655440905649968, 8.387971204122870006, 8.999999999999710454 ) ) ;
#1982 = ORIENTED_EDGE ( 'NONE', *, *, #658, .F. ) ;
#1983 = B_SPLINE_CURVE_WITH_KNOTS ( 'NONE', 3,
 ( #1509, #901, #1158, #3501 ),
 .UNSPECIFIED., .F., .F.,
 ( 4, 4 ),
 ( 0.0000000000000000000, 0.0001549583579970969897 ),
 .UNSPECIFIED. ) ;
#1984 = EDGE_CURVE ( 'NONE', #2852, #3396, #1261, .T. ) ;
#1985 = DIRECTION ( 'NONE',  ( 0.04817122723086530306, 0.9988390925805179510, 0.0000000000000000000 ) ) ;
#1986 = CARTESIAN_POINT ( 'NONE',  ( -27.33042805725549940, -0.001000001298026020023, 152.8824597521790167 ) ) ;
#1987 = CARTESIAN_POINT ( 'NONE',  ( -31.29521025581300009, 2.670045822306610361, 157.3887779681240033 ) ) ;
#1988 = CARTESIAN_POINT ( 'NONE',  ( -31.30193594855660422, 0.0000000000000000000, 157.4152377426159717 ) ) ;
#1989 = FACE_BOUND ( 'NONE', #2111, .T. ) ;
#1990 = CARTESIAN_POINT ( 'NONE',  ( -91.47644965554330554, 3.435327146648859742, 147.5256701105290063 ) ) ;
#1991 = CARTESIAN_POINT ( 'NONE',  ( -45.03618044991550562, 2.844779423588230216, 138.2406222601660204 ) ) ;
#1992 = CIRCLE ( 'NONE', #123, 250.0659127085489217 ) ;
#1993 = CARTESIAN_POINT ( 'NONE',  ( -1.000000000000000000, 0.0000000000000000000, 149.1705927090359864 ) ) ;
#1994 = ORIENTED_EDGE ( 'NONE', *, *, #444, .T. ) ;
#1995 = CARTESIAN_POINT ( 'NONE',  ( -44.08794801509670691, 0.0000000000000000000, 147.5114161450079848 ) ) ;
#1996 = ORIENTED_EDGE ( 'NONE', *, *, #2192, .F. ) ;
#1997 = CARTESIAN_POINT ( 'NONE',  ( -88.94016535008579183, -0.001000001298026020023, 137.8609707278629912 ) ) ;
#1998 = CARTESIAN_POINT ( 'NONE',  ( -63.77473093312950425, 0.0000000000000000000, 158.5808428770679939 ) ) ;
#1999 = LINE ( 'NONE', #3301, #3174 ) ;
#2000 = CARTESIAN_POINT ( 'NONE',  ( -17.35344205040329868, 2.492758503478419652, 149.1707605587849912 ) ) ;
#2001 = CARTESIAN_POINT ( 'NONE',  ( -54.47940354613830038, 2.964862459343620138, 148.7251542980359886 ) ) ;
#2002 = LINE ( 'NONE', #3521, #2390 ) ;
#2003 = CARTESIAN_POINT ( 'NONE',  ( -52.84085623724340053, 0.0000000000000000000, 148.5251873153569875 ) ) ;
#2004 = CARTESIAN_POINT ( 'NONE',  ( -42.99652753305959862, 13.00321644496600015, 148.5251873153569875 ) ) ;
#2005 = VERTEX_POINT ( 'NONE', #1346 ) ;
#2006 = CARTESIAN_POINT ( 'NONE',  ( -106.1882192376679939, 0.0000000000000000000, 4.000000000000000000 ) ) ;
#2007 = CARTESIAN_POINT ( 'NONE',  ( -84.18171410686099421, 3.342565242794449887, 139.5904794593380132 ) ) ;
#2008 = CARTESIAN_POINT ( 'NONE',  ( -31.76381269048420819, 2.676004751178520102, 149.8989628458610071 ) ) ;
#2009 = CARTESIAN_POINT ( 'NONE',  ( -30.89248983148739924, 0.0000000000000000000, 155.9503613952940100 ) ) ;
#2010 = CARTESIAN_POINT ( 'NONE',  ( -2.202329598090130958, 0.4046690217196254880, 2.227393397504301653 ) ) ;
#2011 = ADVANCED_FACE ( 'NONE', ( #956 ), #2156, .T. ) ;
#2012 = CYLINDRICAL_SURFACE ( 'NONE', #2366, 7.654378035012191717 ) ;
#2013 = EDGE_CURVE ( 'NONE', #2599, #4090, #1590, .T. ) ;
#2014 = CARTESIAN_POINT ( 'NONE',  ( -8.997824869315509844, 7.231977029052679029, 11.50120031178779989 ) ) ;
#2015 = CARTESIAN_POINT ( 'NONE',  ( -43.72147744185389939, 0.0000000000000000000, 147.9364683762500192 ) ) ;
#2016 = ORIENTED_EDGE ( 'NONE', *, *, #3896, .T. ) ;
#2017 = CARTESIAN_POINT ( 'NONE',  ( -102.8269319397149957, 3.579662975231909794, 13.99999999999979927 ) ) ;
#2018 = EDGE_CURVE ( 'NONE', #3700, #3117, #3615, .T. ) ;
#2019 = CARTESIAN_POINT ( 'NONE',  ( -70.83644467049150251, 0.0000000000000000000, 151.5640247987880116 ) ) ;
#2020 = CARTESIAN_POINT ( 'NONE',  ( -64.87726306656810493, 0.0000000000000000000, 152.1236542860669942 ) ) ;
#2021 = CIRCLE ( 'NONE', #2705, 2.000000000000001776 ) ;
#2022 = CARTESIAN_POINT ( 'NONE',  ( -31.82224059057050525, 0.0000000000000000000, 149.8608910089319863 ) ) ;
#2023 = CARTESIAN_POINT ( 'NONE',  ( -112.7643120787219999, 2.000000000000000000, 323.7500000000000000 ) ) ;
#2024 = CARTESIAN_POINT ( 'NONE',  ( -3.738153414567599864, 3.476306829135209941, 2.994664983239770015E-15 ) ) ;
#2025 = CARTESIAN_POINT ( 'NONE',  ( -112.4932230303943612, 0.5320035586229601154, 2.006699186712233463 ) ) ;
#2026 = VECTOR ( 'NONE', #1875, 1000.000000000000000 ) ;
#2027 = LINE ( 'NONE', #2671, #3872 ) ;
#2028 = DIRECTION ( 'NONE',  ( -0.8650200284677300733, 0.04171750651340229432, -0.4999999999999916178 ) ) ;
#2029 = CARTESIAN_POINT ( 'NONE',  ( -104.2534616248190389, 6.572269410539733236, 8.999999999994937383 ) ) ;
#2030 =( GEOMETRIC_REPRESENTATION_CONTEXT ( 3 ) GLOBAL_UNCERTAINTY_ASSIGNED_CONTEXT ( ( #1413 ) ) GLOBAL_UNIT_ASSIGNED_CONTEXT ( ( #154, #800, #4050 ) ) REPRESENTATION_CONTEXT ( 'NONE', 'WORKASPACE' ) );
#2031 = CARTESIAN_POINT ( 'NONE',  ( 58.63310904902470355, 3.995356370322069139, 288.8141475624760233 ) ) ;
#2032 = CARTESIAN_POINT ( 'NONE',  ( -11.39454008939829599, 3.097837200508092081, 11.34635547598509930 ) ) ;
#2033 = CARTESIAN_POINT ( 'NONE',  ( -22.76971949867539990, -0.001000001298026020023, 149.8159981027159802 ) ) ;
#2034 = CARTESIAN_POINT ( 'NONE',  ( -30.22402766350479908, 0.0000000000000000000, 153.4707714940700214 ) ) ;
#2035 = CARTESIAN_POINT ( 'NONE',  ( -86.97039441166100460, 0.0000000000000000000, 137.8779770538760090 ) ) ;
#2036 = CARTESIAN_POINT ( 'NONE',  ( -44.21493143765789569, 2.834337002571750030, 138.7122609859709996 ) ) ;
#2037 = EDGE_CURVE ( 'NONE', #3095, #4090, #3722, .T. ) ;
#2038 = CARTESIAN_POINT ( 'NONE',  ( -100.2766404279240078, 3.547232764980650099, 13.99999999999979927 ) ) ;
#2039 = CARTESIAN_POINT ( 'NONE',  ( -44.62314164749049894, 0.0000000000000000000, 144.6551248431860301 ) ) ;
#2040 = ORIENTED_EDGE ( 'NONE', *, *, #3605, .F. ) ;
#2041 = CARTESIAN_POINT ( 'NONE',  ( -23.87890496705170307, 0.0000000000000000000, 150.8260742853859995 ) ) ;
#2042 = CARTESIAN_POINT ( 'NONE',  ( -72.34475268460390396, 0.0000000000000000000, 149.8159981027159802 ) ) ;
#2043 = CARTESIAN_POINT ( 'NONE',  ( -64.78925643483030683, 0.0000000000000000000, 159.8876985242810065 ) ) ;
#2044 = APPROVAL ( #1166, 'UNSPECIFIED' ) ;
#2045 = CARTESIAN_POINT ( 'NONE',  ( -86.88598959836629376, 3.376953555801569973, 137.8900818188350001 ) ) ;
#2046 = CARTESIAN_POINT ( 'NONE',  ( -107.6326944623830144, 0.0000000000000000000, 8.500999999999260481 ) ) ;
#2047 = CARTESIAN_POINT ( 'NONE',  ( -103.7466832523149236, 8.663173895457113360, 8.999999993649026919 ) ) ;
#2048 = CARTESIAN_POINT ( 'NONE',  ( -11.63430473294099876, 2.420032376138430141, 8.999999999999710454 ) ) ;
#2049 = FACE_OUTER_BOUND ( 'NONE', #606, .T. ) ;
#2050 = AXIS2_PLACEMENT_3D ( 'NONE', #3684, #3005, #1772 ) ;
#2051 = DIRECTION ( 'NONE',  ( 0.0000000000000000000, 1.000000000000000000, 0.0000000000000000000 ) ) ;
#2052 = CARTESIAN_POINT ( 'NONE',  ( -31.89113661583549941, 2.677623837330069811, 149.8159981027159802 ) ) ;
#2053 = CIRCLE ( 'NONE', #799, 110.7820467919760006 ) ;
#2054 = CARTESIAN_POINT ( 'NONE',  ( -30.05813287957810331, 2.654314856265220346, 160.0544243095889954 ) ) ;
#2055 = DIRECTION ( 'NONE',  ( -0.01271524779706549590, -0.9999191579690127618, 0.0000000000000000000 ) ) ;
#2056 = CARTESIAN_POINT ( 'NONE',  ( -111.2378976158351378, 12.86469395575260144, 5.001000000000000334 ) ) ;
#2057 = CARTESIAN_POINT ( 'NONE',  ( -62.97218964319731072, 3.072859612848910071, 150.0379823291250148 ) ) ;
#2058 = CARTESIAN_POINT ( 'NONE',  ( -43.66877545929129667, 0.0000000000000000000, 141.1070861629569890 ) ) ;
#2059 = ORIENTED_EDGE ( 'NONE', *, *, #2537, .F. ) ;
#2060 = LINE ( 'NONE', #4028, #1487 ) ;
#2061 = CARTESIAN_POINT ( 'NONE',  ( -4.000000000000000000, 4.000000000000000000, 0.0000000000000000000 ) ) ;
#2062 = EDGE_CURVE ( 'NONE', #3518, #633, #2343, .T. ) ;
#2063 = VECTOR ( 'NONE', #1739, 1000.000000000000000 ) ;
#2064 = CARTESIAN_POINT ( 'NONE',  ( -84.57762296102129085, 3.347599728978249978, 138.8933665486480038 ) ) ;
#2065 = CARTESIAN_POINT ( 'NONE',  ( -20.15706080466910066, 2.528410092979250123, 149.2999158078399944 ) ) ;
#2066 = B_SPLINE_SURFACE_WITH_KNOTS ( 'NONE', 2, 1, ( 
 ( #1203, #3179 ),
 ( #1555, #584 ),
 ( #2525, #3115 ) ),
 .UNSPECIFIED., .F., .F., .F.,
 ( 3, 3 ),
 ( 2, 2 ),
 ( -2.000000000000000000, -1.000000000000000000 ),
 ( 0.0000000000000000000, 1.300421644626400086 ),
 .UNSPECIFIED. ) ;
#2067 = CARTESIAN_POINT ( 'NONE',  ( -103.7478582512609790, 8.627487045814385525, 8.999999993649034025 ) ) ;
#2068 = EDGE_CURVE ( 'NONE', #633, #1199, #3643, .T. ) ;
#2069 = ADVANCED_FACE ( 'NONE', ( #2756 ), #433, .F. ) ;
#2070 = ORIENTED_EDGE ( 'NONE', *, *, #3209, .T. ) ;
#2071 = AXIS2_PLACEMENT_3D ( 'NONE', #2539, #3239, #1847 ) ;
#2072 = CARTESIAN_POINT ( 'NONE',  ( -102.4857855093359973, 4.081200955218509563, 12.89212198625459926 ) ) ;
#2073 = CARTESIAN_POINT ( 'NONE',  ( -11.66354761523709982, 5.693856030577349792, 9.296700554841299535 ) ) ;
#2074 = CARTESIAN_POINT ( 'NONE',  ( -31.35890344889969583, 2.670855591974940157, 158.4950511921940119 ) ) ;
#2075 = CARTESIAN_POINT ( 'NONE',  ( -43.81059739209119641, 2.829194995351210107, 147.8449992775749990 ) ) ;
#2076 = LINE ( 'NONE', #429, #3867 ) ;
#2077 = CARTESIAN_POINT ( 'NONE',  ( -84.78501385155219339, 0.0000000000000000000, 147.0501888485879931 ) ) ;
#2078 = ORIENTED_EDGE ( 'NONE', *, *, #1738, .F. ) ;
#2079 = CARTESIAN_POINT ( 'NONE',  ( -24.15471164797240178, 0.0000000000000000000, 151.2754044656180099 ) ) ;
#2080 = CARTESIAN_POINT ( 'NONE',  ( -94.01478283740910058, 3.467605813509699875, 148.8838470785310051 ) ) ;
#2081 = PERSON_AND_ORGANIZATION_ROLE ( 'creator' ) ;
#2082 = CARTESIAN_POINT ( 'NONE',  ( -66.11914069905360236, 3.112874825751700048, 160.3552100190890144 ) ) ;
#2083 = CARTESIAN_POINT ( 'NONE',  ( -89.99043788374861208, 3.416430666393060367, 138.0537013131769868 ) ) ;
#2084 = CARTESIAN_POINT ( 'NONE',  ( -102.7128620685309954, 8.578616674123450636, 8.999999999999788614 ) ) ;
#2085 = CARTESIAN_POINT ( 'NONE',  ( -23.54599332366950293, 2.571504780268540014, 159.1913917061289681 ) ) ;
#2086 = ORIENTED_EDGE ( 'NONE', *, *, #1822, .T. ) ;
#2087 = EDGE_CURVE ( 'NONE', #1511, #2960, #1017, .T. ) ;
#2088 = CARTESIAN_POINT ( 'NONE',  ( -100.2766404279240078, 3.547232764980659869, 13.99999999999979927 ) ) ;
#2089 = CIRCLE ( 'NONE', #296, 2.000000000000001776 ) ;
#2090 = CARTESIAN_POINT ( 'NONE',  ( -12.54514592739639944, 3.417458281869260261, 11.00186471584290082 ) ) ;
#2091 = CARTESIAN_POINT ( 'NONE',  ( -31.07643770935279903, 2.667263860924229846, 159.2593706323750098 ) ) ;
#2092 = CARTESIAN_POINT ( 'NONE',  ( -112.5801278183860035, 0.3616073354864730027, 2.331587115094539975 ) ) ;
#2093 = CARTESIAN_POINT ( 'NONE',  ( -43.16574617791370372, 2.820994899338850281, 148.4090590334270132 ) ) ;
#2094 = CARTESIAN_POINT ( 'NONE',  ( -103.8283320037210302, 5.092869239209446341, 12.21447159990007236 ) ) ;
#2095 = CARTESIAN_POINT ( 'NONE',  ( -44.64819978995269878, 0.0000000000000000000, 138.4214883979039996 ) ) ;
#2096 = CARTESIAN_POINT ( 'NONE',  ( -0.8195694930428250036, 2.409784746521410170, 1.560040839377909938 ) ) ;
#2097 = ORIENTED_EDGE ( 'NONE', *, *, #1051, .T. ) ;
#2098 = CARTESIAN_POINT ( 'NONE',  ( 130.5700899150449743, 0.0000000000000000000, 247.1216644978269983 ) ) ;
#2099 = CARTESIAN_POINT ( 'NONE',  ( -2.745862601471503517, 3.372986521409202521, 0.1994800332308043489 ) ) ;
#2100 = FACE_BOUND ( 'NONE', #2381, .T. ) ;
#2101 = CARTESIAN_POINT ( 'NONE',  ( -91.96060761579468590, 3.441483798124540083, 139.5060090558339994 ) ) ;
#2102 = CARTESIAN_POINT ( 'NONE',  ( -11.49642254948570042, 7.263749886283589419, 9.002400623575750771 ) ) ;
#2103 = CARTESIAN_POINT ( 'NONE',  ( -7.315455574864519583, 0.8767006227395149898, 1.500999999999689916 ) ) ;
#2104 = CARTESIAN_POINT ( 'NONE',  ( -105.0539410357470018, 12.56645895492219900, 161.8745000000000118 ) ) ;
#2105 = CARTESIAN_POINT ( 'NONE',  ( -30.17487750573389960, 0.0000000000000000000, 152.6809905463859991 ) ) ;
#2106 = CARTESIAN_POINT ( 'NONE',  ( -100.2766404279240078, 3.547232764980659869, 13.99999999999979927 ) ) ;
#2107 = CARTESIAN_POINT ( 'NONE',  ( -70.25990498319970357, 0.0000000000000000000, 160.1410677939990137 ) ) ;
#2108 = CARTESIAN_POINT ( 'NONE',  ( -30.35901243715650111, 2.658140922354419899, 159.8882727951080085 ) ) ;
#2109 = VECTOR ( 'NONE', #698, 1000.000000000000000 ) ;
#2110 = EDGE_CURVE ( 'NONE', #3483, #927, #1404, .T. ) ;
#2111 = EDGE_LOOP ( 'NONE', ( #586, #543 ) ) ;
#2112 = B_SPLINE_CURVE_WITH_KNOTS ( 'NONE', 3,
 ( #682, #79, #3010, #1408 ),
 .UNSPECIFIED., .F., .F.,
 ( 4, 4 ),
 ( 0.0000000000000000000, 1.000000000000000000 ),
 .UNSPECIFIED. ) ;
#2113 = CARTESIAN_POINT ( 'NONE',  ( -113.7004245384719923, 2.559652184711350031, 1.282125324646679942 ) ) ;
#2114 = CARTESIAN_POINT ( 'NONE',  ( -44.61498764198930189, 2.839423836301249615, 146.3503541948210227 ) ) ;
#2115 = CARTESIAN_POINT ( 'NONE',  ( -105.1920941789455668, 7.993697347359806749, 11.51433666153587332 ) ) ;
#2116 = VERTEX_POINT ( 'NONE', #1691 ) ;
#2117 = CARTESIAN_POINT ( 'NONE',  ( -45.88649174895289207, 0.0000000000000000000, 137.9863891222830148 ) ) ;
#2118 = CARTESIAN_POINT ( 'NONE',  ( -91.89606262625780175, 0.0000000000000000000, 141.3059290854860137 ) ) ;
#2119 = ORIENTED_EDGE ( 'NONE', *, *, #665, .T. ) ;
#2120 = CARTESIAN_POINT ( 'NONE',  ( -23.49908598965940243, 0.0000000000000000000, 156.8344373170839958 ) ) ;
#2121 = CARTESIAN_POINT ( 'NONE',  ( 58.44042414010129960, 0.0000000000000000000, 288.8141475624760233 ) ) ;
#2122 = APPROVAL_DATE_TIME ( #4071, #2044 ) ;
#2123 = CARTESIAN_POINT ( 'NONE',  ( -67.20787156347550706, 13.00321644496600015, 151.6306142346180081 ) ) ;
#2124 = CARTESIAN_POINT ( 'NONE',  ( -91.98379002222489476, 3.441778564306610111, 140.9056894846820285 ) ) ;
#2125 = CARTESIAN_POINT ( 'NONE',  ( -79.89288258765340345, 3.288026711684670200, 149.1178669924070164 ) ) ;
#2126 = CARTESIAN_POINT ( 'NONE',  ( -23.61509413712759908, 2.572383490527260008, 159.3049151905469785 ) ) ;
#2127 = CARTESIAN_POINT ( 'NONE',  ( -105.2887561037250350, 6.597681612626934644, 10.03553390592869654 ) ) ;
#2128 = AXIS2_PLACEMENT_3D ( 'NONE', #477, #1841, #114 ) ;
#2129 = LINE ( 'NONE', #1150, #1851 ) ;
#2130 = CARTESIAN_POINT ( 'NONE',  ( -70.98973316980519144, 0.0000000000000000000, 154.8349573312220002 ) ) ;
#2131 = CARTESIAN_POINT ( 'NONE',  ( -51.30333097998610015, 0.0000000000000000000, 139.0999930547600059 ) ) ;
#2132 = ORIENTED_EDGE ( 'NONE', *, *, #786, .T. ) ;
#2133 = VECTOR ( 'NONE', #1593, 1000.000000000000000 ) ;
#2134 = CARTESIAN_POINT ( 'NONE',  ( -114.7639975831960157, 2.035466649103220060, 3.674428399211920215 ) ) ;
#2135 = CARTESIAN_POINT ( 'NONE',  ( -33.83147307868059528, 2.702297752321139779, 149.3812346751289795 ) ) ;
#2136 = CARTESIAN_POINT ( 'NONE',  ( -43.86251225371800189, 2.829855159629859784, 147.7867930140340036 ) ) ;
#2137 = CARTESIAN_POINT ( 'NONE',  ( -77.57116885071430090, 3.258503726085010044, 149.1705927090359864 ) ) ;
#2138 = ORIENTED_EDGE ( 'NONE', *, *, #3582, .F. ) ;
#2139 = CARTESIAN_POINT ( 'NONE',  ( -84.83667023697451270, 0.0000000000000000000, 146.9327389852140016 ) ) ;
#2140 = EDGE_CURVE ( 'NONE', #3396, #2907, #773, .T. ) ;
#2141 = CARTESIAN_POINT ( 'NONE',  ( -102.2394534226111062, 5.522401138217973404, 10.02446187075528705 ) ) ;
#2142 = ADVANCED_FACE ( 'NONE', ( #1752 ), #378, .F. ) ;
#2143 = EDGE_LOOP ( 'NONE', ( #1386, #3924, #2476, #1996 ) ) ;
#2144 = CARTESIAN_POINT ( 'NONE',  ( -23.88155730298970170, 0.0000000000000000000, 155.6089535643610020 ) ) ;
#2145 = CARTESIAN_POINT ( 'NONE',  ( -139.3764909965510128, 3.995356370322069139, 244.2320863228079872 ) ) ;
#2146 = DIRECTION ( 'NONE',  ( 0.0000000000000000000, 0.0000000000000000000, -1.000000000000000000 ) ) ;
#2147 = CARTESIAN_POINT ( 'NONE',  ( -112.7643120787219999, 0.0000000000000000000, 149.1705927090359864 ) ) ;
#2148 = EDGE_CURVE ( 'NONE', #2803, #4082, #3343, .T. ) ;
#2149 = CARTESIAN_POINT ( 'NONE',  ( -51.03422932574579818, 2.921052485207700222, 138.7931498585479915 ) ) ;
#2150 = CARTESIAN_POINT ( 'NONE',  ( -23.37861883626169757, 2.569376313436079862, 158.8339939618190044 ) ) ;
#2151 = CARTESIAN_POINT ( 'NONE',  ( -100.9312039746570093, 3.555556375573879713, 13.67269176636939854 ) ) ;
#2152 = CARTESIAN_POINT ( 'NONE',  ( -71.53412958218029871, 0.0000000000000000000, 159.2474352623210052 ) ) ;
#2153 = CARTESIAN_POINT ( 'NONE',  ( -50.54445425269099701, 0.0000000000000000000, 146.4958960159129902 ) ) ;
#2154 = EDGE_LOOP ( 'NONE', ( #3277, #2652, #3488, #3810 ) ) ;
#2155 = VECTOR ( 'NONE', #3639, 1000.000000000000000 ) ;
#2156 = B_SPLINE_SURFACE_WITH_KNOTS ( 'NONE', 4, 1, ( 
 ( #1911, #3579 ),
 ( #1326, #3558 ),
 ( #271, #3601 ),
 ( #3236, #655 ),
 ( #1997, #3214 ) ),
 .UNSPECIFIED., .F., .F., .F.,
 ( 5, 5 ),
 ( 2, 2 ),
 ( -1.000000000000000000, 0.0000000000000000000 ),
 ( 0.0000000000000000000, 1.300421644626400086 ),
 .UNSPECIFIED. ) ;
#2157 = CARTESIAN_POINT ( 'NONE',  ( -24.95256491447799974, 0.0000000000000000000, 160.1751085487689750 ) ) ;
#2158 = CARTESIAN_POINT ( 'NONE',  ( -48.48654928131739439, 0.0000000000000000000, 137.8609707278629912 ) ) ;
#2159 = CARTESIAN_POINT ( 'NONE',  ( -9.011840717086267105, 6.911487112648834419, 11.50617011467078221 ) ) ;
#2160 = APPROVAL_PERSON_ORGANIZATION ( #2758, #2044, #2466 ) ;
#2161 = CARTESIAN_POINT ( 'NONE',  ( -28.25974124693320277, 0.0000000000000000000, 160.4802146902100048 ) ) ;
#2162 = ORIENTED_EDGE ( 'NONE', *, *, #2958, .F. ) ;
#2163 = CARTESIAN_POINT ( 'NONE',  ( -85.00645407140058296, 0.0000000000000000000, 146.4531563536579881 ) ) ;
#2164 = CARTESIAN_POINT ( 'NONE',  ( -92.05658674071919734, 0.0000000000000000000, 140.0604171578440003 ) ) ;
#2165 = EDGE_LOOP ( 'NONE', ( #1729, #491, #179, #4181 ) ) ;
#2166 = CARTESIAN_POINT ( 'NONE',  ( -23.53666315241450135, 0.0000000000000000000, 156.7012699677690080 ) ) ;
#2167 = CARTESIAN_POINT ( 'NONE',  ( -40.10296194508279655, 2.782047397841859837, 149.0676399030440109 ) ) ;
#2168 = EDGE_CURVE ( 'NONE', #2116, #3877, #3474, .T. ) ;
#2169 = CARTESIAN_POINT ( 'NONE',  ( -47.24592977388441994, 2.872879622081733864, 137.7853797220895729 ) ) ;
#2170 = CARTESIAN_POINT ( 'NONE',  ( -92.05622000041178410, 3.442699631577859964, 140.3151578712719925 ) ) ;
#2171 = ORIENTED_EDGE ( 'NONE', *, *, #2903, .T. ) ;
#2172 = CARTESIAN_POINT ( 'NONE',  ( -51.60189632383319491, 2.928271294135379677, 140.4577252961809961 ) ) ;
#2173 = CARTESIAN_POINT ( 'NONE',  ( -24.48046987200769919, 2.583387993014239825, 153.1478397300590188 ) ) ;
#2174 = FACE_OUTER_BOUND ( 'NONE', #2799, .T. ) ;
#2175 = CARTESIAN_POINT ( 'NONE',  ( -70.95015900568400014, 0.0000000000000000000, 154.6971315590629956 ) ) ;
#2176 = CARTESIAN_POINT ( 'NONE',  ( -51.11290189127039696, 0.0000000000000000000, 142.4165622432780083 ) ) ;
#2177 = ORIENTED_EDGE ( 'NONE', *, *, #4161, .F. ) ;
#2178 = CARTESIAN_POINT ( 'NONE',  ( -114.0380871659809969, 2.393865714614700213, 1.707890847763630093 ) ) ;
#2179 = CARTESIAN_POINT ( 'NONE',  ( -32.38387574182470274, 2.683890282743260247, 149.6651460912270011 ) ) ;
#2180 = CARTESIAN_POINT ( 'NONE',  ( -105.2103562079479957, 8.711365713970071312, 149.1705927090359864 ) ) ;
#2181 = DIRECTION ( 'NONE',  ( -0.04817122723086530306, -0.9988390925805179510, 0.0000000000000000000 ) ) ;
#2182 = ORIENTED_EDGE ( 'NONE', *, *, #790, .F. ) ;
#2183 = CARTESIAN_POINT ( 'NONE',  ( -84.09287524008931314, 0.0000000000000000000, 140.2237711135499865 ) ) ;
#2184 = CARTESIAN_POINT ( 'NONE',  ( -92.05916914604820533, 0.0000000000000000000, 140.2970997581210213 ) ) ;
#2185 = VERTEX_POINT ( 'NONE', #4047 ) ;
#2186 = CARTESIAN_POINT ( 'NONE',  ( -24.25973619558839545, 0.0000000000000000000, 151.5086929120070067 ) ) ;
#2187 = CARTESIAN_POINT ( 'NONE',  ( -41.15669860474079655, 2.795447109396830054, 148.9442104181709965 ) ) ;
#2188 = CARTESIAN_POINT ( 'NONE',  ( -64.73590600591309396, 3.095286983699800043, 151.6968949238959965 ) ) ;
#2189 = CARTESIAN_POINT ( 'NONE',  ( -2.000000000000039968, 0.8767006227395659490, 1.500999999999089951 ) ) ;
#2190 = VERTEX_POINT ( 'NONE', #452 ) ;
#2191 = CARTESIAN_POINT ( 'NONE',  ( -50.38976097309369351, 2.912857446700399588, 145.6626333267190034 ) ) ;
#2192 = EDGE_CURVE ( 'NONE', #3173, #353, #2060, .T. ) ;
#2193 = CARTESIAN_POINT ( 'NONE',  ( -23.34340221492029954, 2.568928477712420388, 150.2451470368399953 ) ) ;
#2194 = CARTESIAN_POINT ( 'NONE',  ( -26.40111486757770010, 2.607811206594769615, 160.4802146902100048 ) ) ;
#2195 = EDGE_CURVE ( 'NONE', #3091, #515, #3362, .T. ) ;
#2196 = EDGE_CURVE ( 'NONE', #2005, #3892, #3713, .T. ) ;
#2197 = CARTESIAN_POINT ( 'NONE',  ( -69.22790082245481358, 0.0000000000000000000, 160.4056686567739973 ) ) ;
#2198 = CARTESIAN_POINT ( 'NONE',  ( -51.21611841819790811, 0.0000000000000000000, 142.1040276318809958 ) ) ;
#2199 = CARTESIAN_POINT ( 'NONE',  ( -71.28275606512480067, 3.178538603279129848, 150.7684624696630067 ) ) ;
#2200 = EDGE_LOOP ( 'NONE', ( #377, #3286, #1659, #3533 ) ) ;
#2201 = DIRECTION ( 'NONE',  ( -0.9994584101771073481, 0.03290723820451960796, 0.0000000000000000000 ) ) ;
#2202 = CARTESIAN_POINT ( 'NONE',  ( -111.5391129052755161, 2.394065258217670245, 0.3360486657476319250 ) ) ;
#2204 = B_SPLINE_CURVE_WITH_KNOTS ( 'NONE', 3,
 ( #1357, #1961, #2694, #1007 ),
 .UNSPECIFIED., .F., .F.,
 ( 4, 4 ),
 ( 0.0000000000000000000, 0.5458427884718189960 ),
 .UNSPECIFIED. ) ;
#2203 = CARTESIAN_POINT ( 'NONE',  ( -34.46857024912399936, 2.710399259785939652, 149.3055601748280310 ) ) ;
#2205 = CYLINDRICAL_SURFACE ( 'NONE', #840, 7.654378035012191717 ) ;
#2206 = AXIS2_PLACEMENT_3D ( 'NONE', #2210, #1207, #860 ) ;
#2207 = CARTESIAN_POINT ( 'NONE',  ( -75.20537819886799014, 3.228419880023380095, 149.2762473706549997 ) ) ;
#2208 = VERTEX_POINT ( 'NONE', #3762 ) ;
#2209 = CARTESIAN_POINT ( 'NONE',  ( -85.12427709109709895, 0.0000000000000000000, 145.3063961919740166 ) ) ;
#2210 = CARTESIAN_POINT ( 'NONE',  ( -1.807315091079390035, 3.995356370322069139, 8.500999999999590884 ) ) ;
#2211 = CARTESIAN_POINT ( 'NONE',  ( -23.37429514968750155, 0.0000000000000000000, 157.3567054383729840 ) ) ;
#2212 = CARTESIAN_POINT ( 'NONE',  ( -72.34475268460380448, -0.001000001298026020023, 149.8159981027159802 ) ) ;
#2213 = CARTESIAN_POINT ( 'NONE',  ( -64.39559588471379925, 3.090959920484079859, 159.6228115300759782 ) ) ;
#2214 = CARTESIAN_POINT ( 'NONE',  ( -12.17087955739057747, 4.078927678947722235, 10.27021626021840994 ) ) ;
#2215 = ORIENTED_EDGE ( 'NONE', *, *, #2195, .F. ) ;
#2216 = CARTESIAN_POINT ( 'NONE',  ( -51.61183919665099751, 2.928397730448439873, 140.2024218858350082 ) ) ;
#2217 = B_SPLINE_CURVE_WITH_KNOTS ( 'NONE', 3,
 ( #1093, #1000, #3282, #3970 ),
 .UNSPECIFIED., .F., .F.,
 ( 4, 4 ),
 ( 0.0000000000000000000, 0.9642612570889529389 ),
 .UNSPECIFIED. ) ;
#2218 = DIRECTION ( 'NONE',  ( 0.8650200284677260765, -0.04171750651340244004, -0.4999999999999988343 ) ) ;
#2219 = LINE ( 'NONE', #552, #127 ) ;
#2220 = CARTESIAN_POINT ( 'NONE',  ( -0.09390900430643782382, 2.047070960069201195, 3.129177639002550748 ) ) ;
#2221 = CARTESIAN_POINT ( 'NONE',  ( -51.16383543732290207, 0.0000000000000000000, 142.2623379490059961 ) ) ;
#2222 = CARTESIAN_POINT ( 'NONE',  ( -71.19823072025280908, 3.177463454370060170, 159.6219639275859947 ) ) ;
#2223 = ORIENTED_EDGE ( 'NONE', *, *, #3007, .F. ) ;
#2224 = EDGE_CURVE ( 'NONE', #3905, #3480, #1307, .T. ) ;
#2225 = CARTESIAN_POINT ( 'NONE',  ( -37.44383207444760586, -0.001000001298026020023, 149.1705927090359864 ) ) ;
#2226 = CARTESIAN_POINT ( 'NONE',  ( -1.511831567792933706, 0.04493414390488554427, 5.391099545375607427 ) ) ;
#2227 = LINE ( 'NONE', #560, #2026 ) ;
#2228 = DIRECTION ( 'NONE',  ( 0.0000000000000000000, 0.0000000000000000000, 1.000000000000000000 ) ) ;
#2229 = B_SPLINE_SURFACE_WITH_KNOTS ( 'NONE', 4, 1, ( 
 ( #3350, #404 ),
 ( #1004, #3630 ),
 ( #1719, #3029 ),
 ( #81, #1393 ),
 ( #686, #2004 ) ),
 .UNSPECIFIED., .F., .F., .F.,
 ( 5, 5 ),
 ( 2, 2 ),
 ( -1.000000000000000000, 0.0000000000000000000 ),
 ( 0.0000000000000000000, 1.300421644626400086 ),
 .UNSPECIFIED. ) ;
#2230 = CARTESIAN_POINT ( 'NONE',  ( -74.68199091389580246, 3.221764142585969992, 149.3319294335800009 ) ) ;
#2231 = ORIENTED_EDGE ( 'NONE', *, *, #164, .T. ) ;
#2232 = CARTESIAN_POINT ( 'NONE',  ( -84.11713333739879772, 0.0000000000000000000, 140.7145352816930028 ) ) ;
#2233 = CARTESIAN_POINT ( 'NONE',  ( -91.27512018438289942, -1.670964451765269944E-21, 147.2243707969089996 ) ) ;
#2234 = AXIS2_PLACEMENT_3D ( 'NONE', #2350, #3650, #705 ) ;
#2235 = CARTESIAN_POINT ( 'NONE',  ( -42.99652753305959862, 2.818843051174050096, 148.5251873153569875 ) ) ;
#2236 = APPROVAL_ROLE ( '' ) ;
#2237 = CARTESIAN_POINT ( 'NONE',  ( -63.86431561642209687, 3.084203599916610194, 158.8938954541250155 ) ) ;
#2238 = ORIENTED_EDGE ( 'NONE', *, *, #2693, .F. ) ;
#2239 = FACE_BOUND ( 'NONE', #1850, .T. ) ;
#2240 = ORIENTED_EDGE ( 'NONE', *, *, #835, .T. ) ;
#2241 = CARTESIAN_POINT ( 'NONE',  ( -50.71538003651299675, 2.916998066158610126, 138.5445253033129802 ) ) ;
#2242 = PLANE ( 'NONE',  #2772 ) ;
#2243 = CARTESIAN_POINT ( 'NONE',  ( -2.063966701603160203, 0.1279334032063489945, 2.962869736270010268 ) ) ;
#2244 = CARTESIAN_POINT ( 'NONE',  ( -72.14488443006520413, 0.0000000000000000000, 149.9525716760450109 ) ) ;
#2245 = CARTESIAN_POINT ( 'NONE',  ( -4.000000000000000000, 7.692908858248279635, 0.0000000000000000000 ) ) ;
#2246 = CARTESIAN_POINT ( 'NONE',  ( -70.64458831603310784, 3.170423417222539619, 153.1784278492149838 ) ) ;
#2247 = ORIENTED_EDGE ( 'NONE', *, *, #3660, .F. ) ;
#2248 = FACE_OUTER_BOUND ( 'NONE', #624, .T. ) ;
#2249 = CARTESIAN_POINT ( 'NONE',  ( -105.1655796671650052, 9.996685632211731232, 149.1705927090369812 ) ) ;
#2250 = CARTESIAN_POINT ( 'NONE',  ( -84.38878816632418989, 3.345198453646990089, 147.6684676058910100 ) ) ;
#2251 = ADVANCED_FACE ( 'NONE', ( #211 ), #1133, .F. ) ;
#2252 = CARTESIAN_POINT ( 'NONE',  ( -31.00327634730290072, 2.666333812374440004, 150.5561091790779926 ) ) ;
#2253 = CARTESIAN_POINT ( 'NONE',  ( -74.48593913502079999, 3.219271094093410390, 149.3547157232300151 ) ) ;
#2254 = ORIENTED_EDGE ( 'NONE', *, *, #3658, .F. ) ;
#2255 = CARTESIAN_POINT ( 'NONE',  ( -84.55638482904929276, 0.0000000000000000000, 142.5725756719279786 ) ) ;
#2256 = CARTESIAN_POINT ( 'NONE',  ( -90.94738258201680026, 0.0000000000000000000, 144.5856310771659992 ) ) ;
#2257 = CARTESIAN_POINT ( 'NONE',  ( -42.28624221295810059, 2.809809923145450306, 148.7320021979660112 ) ) ;
#2258 = PERSON_AND_ORGANIZATION ( #2854, #2916 ) ;
#2259 = VECTOR ( 'NONE', #3626, 1000.000000000000000 ) ;
#2260 = CARTESIAN_POINT ( 'NONE',  ( -64.02503767917190203, 3.086247502443439927, 156.5474513366690132 ) ) ;
#2261 = VERTEX_POINT ( 'NONE', #2730 ) ;
#2262 = DIRECTION ( 'NONE',  ( 1.000000000000000000, 0.0000000000000000000, 0.0000000000000000000 ) ) ;
#2263 = EDGE_LOOP ( 'NONE', ( #2971, #866, #1952, #495, #1444 ) ) ;
#2264 = CARTESIAN_POINT ( 'NONE',  ( -8.995599854959328567, 7.282713555093610402, 11.50000000070599881 ) ) ;
#2265 = CARTESIAN_POINT ( 'NONE',  ( -102.5568433042700036, 12.44603088739830099, 11.50000000000000000 ) ) ;
#2266 = CARTESIAN_POINT ( 'NONE',  ( -68.71335731570160021, 3.145865351562550316, 160.4802146902100048 ) ) ;
#2267 = CARTESIAN_POINT ( 'NONE',  ( -70.64527328675079332, 0.0000000000000000000, 153.2038843075580132 ) ) ;
#2268 = CARTESIAN_POINT ( 'NONE',  ( -114.3989808086042643, 2.216033631869376297, 2.331582110505158401 ) ) ;
#2269 = CARTESIAN_POINT ( 'NONE',  ( -71.38129503538159781, 3.179791427926390135, 156.0527080543440093 ) ) ;
#2270 = EDGE_LOOP ( 'NONE', ( #2928, #3988, #1636, #4102 ) ) ;
#2271 = LINE ( 'NONE', #3566, #1085 ) ;
#2272 = CARTESIAN_POINT ( 'NONE',  ( -84.82851423666299695, 3.350791060823020029, 143.5300001080740060 ) ) ;
#2273 = CARTESIAN_POINT ( 'NONE',  ( -31.23020568928810192, 2.669219425406440305, 150.3228270315879911 ) ) ;
#2274 = CARTESIAN_POINT ( 'NONE',  ( -30.79986400997599816, 0.0000000000000000000, 155.6672316880950007 ) ) ;
#2275 = CARTESIAN_POINT ( 'NONE',  ( -84.47033153734278699, 0.0000000000000000000, 139.0159099380090311 ) ) ;
#2276 = CARTESIAN_POINT ( 'NONE',  ( -90.90527570781559064, 0.0000000000000000000, 144.8540987586149811 ) ) ;
#2277 = CARTESIAN_POINT ( 'NONE',  ( -46.07708390470530446, 2.858015050009149682, 137.9504848456919888 ) ) ;
#2278 = ADVANCED_FACE ( 'NONE', ( #4040 ), #144, .F. ) ;
#2279 = CARTESIAN_POINT ( 'NONE',  ( -63.73900010851199482, 3.082610053355180124, 158.3377150805419831 ) ) ;
#2280 = EDGE_LOOP ( 'NONE', ( #3264, #831, #2984, #3860 ) ) ;
#2281 = CARTESIAN_POINT ( 'NONE',  ( -12.81625522836452014, 3.072646365120654366, 11.53437175699473727 ) ) ;
#2282 = ORIENTED_EDGE ( 'NONE', *, *, #319, .F. ) ;
#2283 = CARTESIAN_POINT ( 'NONE',  ( -8.994473609821595161, 7.308181882541999741, 8.999999999999616307 ) ) ;
#2284 = CARTESIAN_POINT ( 'NONE',  ( -64.45646638931660277, 0.0000000000000000000, 151.1966576992830085 ) ) ;
#2285 =( BOUNDED_CURVE ( )  B_SPLINE_CURVE ( 3, ( #1655, #1423, #1330, #2734, #2647, #2416, #2506, #3482, #2141, #493, #4089, #173, #1140, #3744, #541, #2846 ),
 .UNSPECIFIED., .F., .T. ) 
 B_SPLINE_CURVE_WITH_KNOTS ( ( 4, 2, 2, 2, 2, 2, 2, 4 ),
 ( 0.0000000000000000000, 0.2499999999999963918, 0.3750000000000013878, 0.4999999999999998335, 0.6249999999999983347, 0.7499999999999967804, 0.8750000000000015543, 1.000000000000000000 ),
 .UNSPECIFIED. ) 
 CURVE ( )  GEOMETRIC_REPRESENTATION_ITEM ( )  RATIONAL_B_SPLINE_CURVE ( ( 1.000000000000000000, 1.000000000000845102, 0.9999999999292823460, 0.9999999997371511462, 0.9999999996591806273, 0.9999999994839847695, 0.9999999993867556558, 0.9999999991853931736, 0.9999999990812820094, 0.9999999988821108854, 0.9999999987871450724, 0.9999999986242784633, 0.9999999985565783955, 0.9999999984639480477, 0.9999999984390397501, 0.9999999984392264896 ) ) 
 REPRESENTATION_ITEM ( '' )  );
#2286 = CARTESIAN_POINT ( 'NONE',  ( -62.44054221136629224, 3.066098504611760145, 149.8159981027159802 ) ) ;
#2287 = CARTESIAN_POINT ( 'NONE',  ( -88.01085216040799253, 0.0000000000000000000, 145.4587256658940078 ) ) ;
#2288 = CARTESIAN_POINT ( 'NONE',  ( -70.64776027937131175, 3.170463870546009755, 152.3366000621099943 ) ) ;
#2289 = ORIENTED_EDGE ( 'NONE', *, *, #1570, .F. ) ;
#2290 = CARTESIAN_POINT ( 'NONE',  ( -31.89113661583549941, -0.001000001298026020023, 149.8159981027159802 ) ) ;
#2291 = CARTESIAN_POINT ( 'NONE',  ( -83.57101026968979340, 3.334799388296969980, 148.4398477156019851 ) ) ;
#2292 = CARTESIAN_POINT ( 'NONE',  ( -30.34391059940909940, 2.657948984212539667, 151.6609092937999890 ) ) ;
#2293 = CARTESIAN_POINT ( 'NONE',  ( -31.19823669432779667, 0.0000000000000000000, 159.0485777249540149 ) ) ;
#2294 = CARTESIAN_POINT ( 'NONE',  ( -2.000000000000000000, 0.0000000000000000000, 4.000000000000000000 ) ) ;
#2295 = CARTESIAN_POINT ( 'NONE',  ( -92.31982072583659260, 3.446051541572979993, 148.3529341341979944 ) ) ;
#2296 = FACE_OUTER_BOUND ( 'NONE', #3235, .T. ) ;
#2297 = VECTOR ( 'NONE', #3485, 1000.000000000000000 ) ;
#2298 = CARTESIAN_POINT ( 'NONE',  ( -113.5092331866920006, 3.995356370322069139, 5.001000000001640799 ) ) ;
#2299 = ORIENTED_EDGE ( 'NONE', *, *, #3976, .F. ) ;
#2300 = CARTESIAN_POINT ( 'NONE',  ( -43.91288728100290228, 0.0000000000000000000, 142.0376838937870048 ) ) ;
#2301 = ORIENTED_EDGE ( 'NONE', *, *, #2763, .F. ) ;
#2302 = CARTESIAN_POINT ( 'NONE',  ( -8.996716895021558358, 7.257312249201859800, 11.50040200597890028 ) ) ;
#2303 = ADVANCED_FACE ( 'NONE', ( #2749 ), #3311, .T. ) ;
#2304 = LOCAL_TIME ( 10, 41, 23.00000000000000000, #3231 ) ;
#2305 = CARTESIAN_POINT ( 'NONE',  ( -64.91523784603229785, 0.0000000000000000000, 153.4451272920729821 ) ) ;
#2306 = CARTESIAN_POINT ( 'NONE',  ( -84.47568412370890201, 3.346303446607569843, 139.0064087276749945 ) ) ;
#2307 = CARTESIAN_POINT ( 'NONE',  ( -1.249127299186580498, 1.249127299186580498, 0.9984525401314852111 ) ) ;
#2308 = LINE ( 'NONE', #959, #3797 ) ;
#2309 = ORIENTED_EDGE ( 'NONE', *, *, #2732, .F. ) ;
#2310 = CARTESIAN_POINT ( 'NONE',  ( -33.15638800982844003, 0.0000000000000000000, 149.3857278402626605 ) ) ;
#2311 = CARTESIAN_POINT ( 'NONE',  ( -84.11789708057379755, 3.341753207395159908, 140.7053396651380126 ) ) ;
#2312 = CARTESIAN_POINT ( 'NONE',  ( -50.39351800874099752, 13.00321644496600015, 142.8483361194390113 ) ) ;
#2313 = CARTESIAN_POINT ( 'NONE',  ( -31.31393748408769895, 0.0000000000000000000, 158.7303465493290275 ) ) ;
#2314 = CARTESIAN_POINT ( 'NONE',  ( -86.02660545971218653, 0.0000000000000000000, 138.0820475480110190 ) ) ;
#2315 = CARTESIAN_POINT ( 'NONE',  ( -90.85736101896129924, 0.0000000000000000000, 145.7717949354820064 ) ) ;
#2316 = CARTESIAN_POINT ( 'NONE',  ( -44.08853094676919682, 2.832729286396650448, 138.8318290387099978 ) ) ;
#2317 = CARTESIAN_POINT ( 'NONE',  ( -63.36223639253470452, 3.077819941300120377, 150.2445883274149878 ) ) ;
#2318 = ORIENTED_EDGE ( 'NONE', *, *, #2013, .T. ) ;
#2319 = CARTESIAN_POINT ( 'NONE',  ( -43.76154660226339388, 0.0000000000000000000, 141.5007428321229952 ) ) ;
#2320 = VERTEX_POINT ( 'NONE', #3421 ) ;
#2321 = FACE_OUTER_BOUND ( 'NONE', #2485, .T. ) ;
#2322 = AXIS2_PLACEMENT_3D ( 'NONE', #2523, #362, #1677 ) ;
#2323 = CARTESIAN_POINT ( 'NONE',  ( -64.95461842486140824, 0.0000000000000000000, 152.9918970398879878 ) ) ;
#2324 = CARTESIAN_POINT ( 'NONE',  ( -31.00828123933170133, 0.0000000000000000000, 150.5543126694829823 ) ) ;
#2325 = CARTESIAN_POINT ( 'NONE',  ( -19.21245848450299931, 2.516397702725099883, 149.2233184256660081 ) ) ;
#2326 = CARTESIAN_POINT ( 'NONE',  ( -1.985524089390489966, 2.992762044695270518, 0.5048544420787789422 ) ) ;
#2327 = LINE ( 'NONE', #3499, #791 ) ;
#2328 = CARTESIAN_POINT ( 'NONE',  ( -52.61878123081770298, 2.168404344971009831E-19, 148.4328412055880051 ) ) ;
#2329 = CARTESIAN_POINT ( 'NONE',  ( -105.0539410357479966, 12.56645895492219900, 11.50000000000000000 ) ) ;
#2330 = CARTESIAN_POINT ( 'NONE',  ( -102.5047003484239951, 13.49253353243920017, 8.999999999999788614 ) ) ;
#2331 = EDGE_CURVE ( 'NONE', #3642, #1056, #3751, .T. ) ;
#2332 = EDGE_CURVE ( 'NONE', #239, #3320, #1176, .T. ) ;
#2333 = CARTESIAN_POINT ( 'NONE',  ( -13.99305037253549955, 7.450431079083969621, 161.8745000000000118 ) ) ;
#2334 = CARTESIAN_POINT ( 'NONE',  ( -84.99160916439360847, 3.352864091720470174, 146.5267427805799798 ) ) ;
#2335 = CARTESIAN_POINT ( 'NONE',  ( -54.81634599403290053, 13.00321644496600015, 138.7135205944919960 ) ) ;
#2336 = ADVANCED_FACE ( 'NONE', ( #4052, #2100 ), #3103, .T. ) ;
#2337 = CARTESIAN_POINT ( 'NONE',  ( -30.98081071729779978, 0.0000000000000000000, 156.2233704336649964 ) ) ;
#2338 = CARTESIAN_POINT ( 'NONE',  ( 0.0000000000000000000, 0.0000000000000000000, 4.000000000000000000 ) ) ;
#2339 = CARTESIAN_POINT ( 'NONE',  ( -46.43262543088899719, 2.862537419741470135, 137.8872049180720012 ) ) ;
#2340 = LINE ( 'NONE', #2298, #1536 ) ;
#2341 = CARTESIAN_POINT ( 'NONE',  ( -44.54679644508900083, 2.168404344971009831E-19, 146.5872270296519844 ) ) ;
#2342 = VERTEX_POINT ( 'NONE', #455 ) ;
#2343 = LINE ( 'NONE', #2017, #1284 ) ;
#2344 = CARTESIAN_POINT ( 'NONE',  ( -72.27585665933888492, 0.0000000000000000000, 149.8608910089319863 ) ) ;
#2345 = CARTESIAN_POINT ( 'NONE',  ( -64.26892682628219688, 0.0000000000000000000, 155.8029767603269988 ) ) ;
#2346 = CARTESIAN_POINT ( 'NONE',  ( -85.33770882331079122, 3.357265190439850056, 138.3468645478500036 ) ) ;
#2347 = CARTESIAN_POINT ( 'NONE',  ( -18.44453563802370155, 2.506632839737960250, 149.1904302413029768 ) ) ;
#2348 = CARTESIAN_POINT ( 'NONE',  ( -0.4046681546277219876, 2.202334077313859773, 2.227395183318630068 ) ) ;
#2349 = CARTESIAN_POINT ( 'NONE',  ( -82.73985828173280765, 3.324229262451930289, 148.7320021979640217 ) ) ;
#2350 = CARTESIAN_POINT ( 'NONE',  ( -112.7643120787219999, 2.000000000000000000, 4.000000000000000000 ) ) ;
#2351 = CARTESIAN_POINT ( 'NONE',  ( -70.51174894834529994, 3.168734195571599965, 160.0544243095899901 ) ) ;
#2352 = CARTESIAN_POINT ( 'NONE',  ( -103.9940161437029928, 13.04725450259209651, 8.999999999994937383 ) ) ;
#2353 = DIRECTION ( 'NONE',  ( -0.9988390925805179510, 0.04817122723086545572, 0.0000000000000000000 ) ) ;
#2354 = CARTESIAN_POINT ( 'NONE',  ( -11.87572927106539922, 2.909521522018729822, 12.91255563841239784 ) ) ;
#2355 = CARTESIAN_POINT ( 'NONE',  ( -31.37660690010839915, 2.671080935554170033, 158.0395926939779940 ) ) ;
#2356 = ADVANCED_FACE ( 'NONE', ( #3123 ), #1372, .T. ) ;
#2357 = CARTESIAN_POINT ( 'NONE',  ( -30.53611710103690058, 0.0000000000000000000, 154.8349573312229950 ) ) ;
#2358 = CARTESIAN_POINT ( 'NONE',  ( -28.53446003202910219, 13.00321644496600015, 152.0032210447369891 ) ) ;
#2359 = DIRECTION ( 'NONE',  ( 0.0000000000000000000, 1.000000000000000000, 0.0000000000000000000 ) ) ;
#2360 = CC_DESIGN_PERSON_AND_ORGANIZATION_ASSIGNMENT ( #3042, #1472, ( #3514 ) ) ;
#2361 = CARTESIAN_POINT ( 'NONE',  ( -44.03827967633959872, 0.0000000000000000000, 142.4468140457150014 ) ) ;
#2362 = VERTEX_POINT ( 'NONE', #4094 ) ;
#2363 = CARTESIAN_POINT ( 'NONE',  ( -23.04397054189320215, 0.0000000000000000000, 150.0036119745479937 ) ) ;
#2364 = CARTESIAN_POINT ( 'NONE',  ( -2.403365736631377203, 3.201707172014474523, 0.3321448761277322470 ) ) ;
#2365 = CARTESIAN_POINT ( 'NONE',  ( -64.37610421271851635, 0.0000000000000000000, 159.6040940492199809 ) ) ;
#2366 = AXIS2_PLACEMENT_3D ( 'NONE', #1967, #2957, #694 ) ;
#2367 = CARTESIAN_POINT ( 'NONE',  ( -85.22605419434030694, 3.355845359382770177, 138.4010882581160047 ) ) ;
#2368 = CARTESIAN_POINT ( 'NONE',  ( -19.59261945120060133, 2.521232101325030062, 149.2520882168879837 ) ) ;
#2369 = CARTESIAN_POINT ( 'NONE',  ( -1.807315091079279901, 3.995356370322069139, 1.500999999999089951 ) ) ;
#2370 = APPROVAL_PERSON_ORGANIZATION ( #2258, #4136, #2236 ) ;
#2371 = PLANE ( 'NONE',  #844 ) ;
#2372 = CARTESIAN_POINT ( 'NONE',  ( -111.4861586422779993, 3.995356370322069139, 1.500999999999999890 ) ) ;
#2373 = DIRECTION ( 'NONE',  ( 0.0000000000000000000, -0.9965373674306753360, 0.08314610823327382716 ) ) ;
#2374 = CARTESIAN_POINT ( 'NONE',  ( -112.7643120787219999, 2.000000000000000000, 149.1705927090359864 ) ) ;
#2375 = CARTESIAN_POINT ( 'NONE',  ( -31.18930644210290026, 2.668699095968239732, 159.0677989404390189 ) ) ;
#2376 = CARTESIAN_POINT ( 'NONE',  ( -2.008912951597302765, 0.01783674487012707963, 3.580873644220933905 ) ) ;
#2377 = EDGE_CURVE ( 'NONE', #299, #3331, #3773, .T. ) ;
#2378 = CARTESIAN_POINT ( 'NONE',  ( -43.40722015930819566, 2.824065551992590350, 148.2270307049930125 ) ) ;
#2379 = CARTESIAN_POINT ( 'NONE',  ( -64.69498921928069990, 3.094766674555859964, 151.6099516301250105 ) ) ;
#2380 = CARTESIAN_POINT ( 'NONE',  ( -44.46534039976759800, 0.0000000000000000000, 146.8270758660650017 ) ) ;
#2381 = EDGE_LOOP ( 'NONE', ( #1896, #3802 ) ) ;
#2382 = CARTESIAN_POINT ( 'NONE',  ( -23.61142356518750063, 0.0000000000000000000, 150.5052499877899947 ) ) ;
#2383 = CARTESIAN_POINT ( 'NONE',  ( -96.00982308395660425, 3.492975221234100314, 149.1074512689899905 ) ) ;
#2384 = CARTESIAN_POINT ( 'NONE',  ( -65.74830521319580612, 0.0000000000000000000, 160.2680101666360031 ) ) ;
#2385 = CARTESIAN_POINT ( 'NONE',  ( -85.73565192223539100, 3.362324318768560083, 138.1780126268430138 ) ) ;
#2386 = CARTESIAN_POINT ( 'NONE',  ( -18.82757513502300029, 2.511503508052870259, 149.2033803873819977 ) ) ;
#2387 = CARTESIAN_POINT ( 'NONE',  ( -105.2103562079589949, 8.711365713970430136, 11.49999999999980105 ) ) ;
#2388 = CARTESIAN_POINT ( 'NONE',  ( -8.932313916647339980, 8.601221662346500096, 11.49999999999960032 ) ) ;
#2389 = ORIENTED_EDGE ( 'NONE', *, *, #2902, .T. ) ;
#2390 = VECTOR ( 'NONE', #2569, 1000.000000000000114 ) ;
#2391 = CARTESIAN_POINT ( 'NONE',  ( -103.6990838500980630, 4.838920086523360808, 10.56140913073420862 ) ) ;
#2392 = CARTESIAN_POINT ( 'NONE',  ( -14.05662661152139847, 2.450835289238929793, 13.99999999999979927 ) ) ;
#2393 = CARTESIAN_POINT ( 'NONE',  ( -20.06330264812210018, 13.00321644496600015, 159.6815318476249956 ) ) ;
#2394 = B_SPLINE_CURVE_WITH_KNOTS ( 'NONE', 3,
 ( #1943, #2008, #1272, #3956, #1684, #2273, #2610, #2252, #2951, #3246, #2998, #280, #3, #4241, #1339, #3546, #1315, #2292, #2630, #1621, #4222, #23, #344, #2932, #2676, #303, #1294, #3915, #2590, #690, #368, #3934, #605, #3636, #669, #2655, #1010, #964, #1920, #3224, #1600, #3590, #646, #987, #3611, #1987, #3289, #1723, #2355, #3034, #4061, #1458, #2074, #3072, #2431, #748, #426, #1109, #3388, #2375, #784, #2091, #3372, #462, #730, #1380, #1397, #1049, #3737, #103, #2108, #1742, #2748, #2054, #3407, #67, #1782, #3090, #2696 ),
 .UNSPECIFIED., .F., .F.,
 ( 4, 3, 3, 3, 3, 3, 3, 3, 3, 3, 3, 3, 3, 3, 3, 3, 3, 3, 3, 3, 3, 3, 3, 3, 3, 3, 4 ),
 ( 0.0000000000000000000, 0.04559324161622490407, 0.1022132777812309740, 0.1434630865221319940, 0.1588333139462380084, 0.2151537610927539701, 0.2624378674192590077, 0.2806190369989239874, 0.3338740955095639840, 0.3961430751632850633, 0.4094817314936770036, 0.5052986192314619096, 0.5906973358065349400, 0.6258179327114650192, 0.7211208143843530483, 0.8339619248999851076, 0.9104853179350769210, 0.9546013533829730280, 0.9896042899666838144, 1.010346455750990025, 1.054464295086690040, 1.093465326355409939, 1.127861554108600117, 1.183654301969319977, 1.188414640812039957, 1.304789776128129963, 1.388844797616209936 ),
 .UNSPECIFIED. ) ;
#2395 = CARTESIAN_POINT ( 'NONE',  ( -43.70118193772650272, 2.827803630932160139, 147.9567368386269663 ) ) ;
#2396 = CARTESIAN_POINT ( 'NONE',  ( -75.78301504957009627, 3.235765551580869648, 149.2337341490829772 ) ) ;
#2397 = CARTESIAN_POINT ( 'NONE',  ( -83.71255287114320254, 0.0000000000000000000, 148.3348800483230150 ) ) ;
#2398 = ORIENTED_EDGE ( 'NONE', *, *, #2168, .T. ) ;
#2399 = CARTESIAN_POINT ( 'NONE',  ( -23.79268693742249852, 0.0000000000000000000, 150.7183429554530107 ) ) ;
#2400 = CARTESIAN_POINT ( 'NONE',  ( -96.38189896721880245, 3.497706710715289713, 149.1316395119509934 ) ) ;
#2401 = APPROVAL_DATE_TIME ( #1077, #4108 ) ;
#2402 = EDGE_CURVE ( 'NONE', #953, #1737, #4179, .T. ) ;
#2403 = VECTOR ( 'NONE', #3447, 1000.000000000000000 ) ;
#2404 = CARTESIAN_POINT ( 'NONE',  ( -66.47188684447739604, 3.117361498605470072, 160.4232883005869894 ) ) ;
#2405 = CARTESIAN_POINT ( 'NONE',  ( -105.1134409523610032, 11.28172898175780148, 149.1705927090369812 ) ) ;
#2406 = CARTESIAN_POINT ( 'NONE',  ( -105.2120179074001101, 8.660896887052201620, 11.49999999999978684 ) ) ;
#2407 = CARTESIAN_POINT ( 'NONE',  ( -24.69025865992190205, 2.586055487192710167, 160.0758942976989943 ) ) ;
#2408 = EDGE_CURVE ( 'NONE', #3213, #3922, #380, .T. ) ;
#2409 = EDGE_LOOP ( 'NONE', ( #2138, #2528, #2450, #4229 ) ) ;
#2410 = CARTESIAN_POINT ( 'NONE',  ( -102.4143290665699908, 6.068864483264029275, 9.660842008586859819 ) ) ;
#2411 = CARTESIAN_POINT ( 'NONE',  ( -11.80061622879990146, 5.108669135765690150, 9.555934027400279973 ) ) ;
#2412 = CARTESIAN_POINT ( 'NONE',  ( -50.91318011591269510, 0.0000000000000000000, 138.6916078828160153 ) ) ;
#2413 = CARTESIAN_POINT ( 'NONE',  ( -44.28155064539089381, 2.835183805324110295, 147.2065774794120045 ) ) ;
#2414 = CARTESIAN_POINT ( 'NONE',  ( -2.003500035639730115, 0.007010942457112609959, 3.763459819555860175 ) ) ;
#2415 = CARTESIAN_POINT ( 'NONE',  ( -45.28158525580950311, 0.0000000000000000000, 138.1496272223470214 ) ) ;
#2416 = CARTESIAN_POINT ( 'NONE',  ( -101.7884653414703280, 4.591002240893053532, 10.95005104768607218 ) ) ;
#2417 = VERTEX_POINT ( 'NONE', #1343 ) ;
#2418 = CARTESIAN_POINT ( 'NONE',  ( -2.000000000000039968, 0.8767006227391209716, 1.500999999999639956 ) ) ;
#2419 = CARTESIAN_POINT ( 'NONE',  ( -8.949711076456738468, 8.262268130041828584, -48.64979999999999905 ) ) ;
#2420 = CARTESIAN_POINT ( 'NONE',  ( -98.12425617760010255, 3.519862453211660025, 149.1705927090359864 ) ) ;
#2421 = CARTESIAN_POINT ( 'NONE',  ( 0.1926849089234610179, 3.995356370322069139, 0.0000000000000000000 ) ) ;
#2422 = CARTESIAN_POINT ( 'NONE',  ( -91.31161346342341290, 3.433230961370349998, 143.1905587170989804 ) ) ;
#2423 = DIRECTION ( 'NONE',  ( 0.9988390925805179510, -0.04817122723086530306, 0.0000000000000000000 ) ) ;
#2424 = ADVANCED_FACE ( 'NONE', ( #1363 ), #734, .F. ) ;
#2425 = CARTESIAN_POINT ( 'NONE',  ( -23.32607157078870230, 2.568708154923510012, 158.6156797150740090 ) ) ;
#2426 = CARTESIAN_POINT ( 'NONE',  ( -83.45014360182798896, 13.00321644496600015, 148.5251873153569875 ) ) ;
#2427 = CARTESIAN_POINT ( 'NONE',  ( -30.18710100435800214, 0.0000000000000000000, 152.4243925736199969 ) ) ;
#2428 = CARTESIAN_POINT ( 'NONE',  ( -100.2766404279240078, 3.547232764980659869, 13.99999999999979927 ) ) ;
#2429 = AXIS2_PLACEMENT_3D ( 'NONE', #2441, #754, #798 ) ;
#2430 = CARTESIAN_POINT ( 'NONE',  ( -11.58817483910450008, 3.055037817883199835, 12.76971518355420088 ) ) ;
#2431 = CARTESIAN_POINT ( 'NONE',  ( -31.32249284056380034, 2.670392675868530130, 158.6819857089420225 ) ) ;
#2432 = ORIENTED_EDGE ( 'NONE', *, *, #1570, .T. ) ;
#2433 = CARTESIAN_POINT ( 'NONE',  ( -114.3989828206210007, 2.216046634259989823, 2.331587115114820197 ) ) ;
#2434 = CARTESIAN_POINT ( 'NONE',  ( -43.77310762239260100, 2.828718257775949763, 141.5653898191710027 ) ) ;
#2435 = CARTESIAN_POINT ( 'NONE',  ( -103.7706283942872005, 5.033410113768638006, 12.24370015434779546 ) ) ;
#2436 = ORIENTED_EDGE ( 'NONE', *, *, #1665, .F. ) ;
#2437 = CARTESIAN_POINT ( 'NONE',  ( -43.56674754096780333, 0.0000000000000000000, 140.3519340024690223 ) ) ;
#2438 = CARTESIAN_POINT ( 'NONE',  ( -91.99362353263890668, 0.0000000000000000000, 139.6067315876819919 ) ) ;
#2439 = ORIENTED_EDGE ( 'NONE', *, *, #1108, .T. ) ;
#2440 = CARTESIAN_POINT ( 'NONE',  ( -24.48943245272799984, 0.0000000000000000000, 152.7501518126520068 ) ) ;
#2441 = CARTESIAN_POINT ( 'NONE',  ( 0.0000000000000000000, 0.0000000000000000000, 149.1705927090359864 ) ) ;
#2442 = DIRECTION ( 'NONE',  ( 0.0000000000000000000, -1.000000000000000000, 0.0000000000000000000 ) ) ;
#2443 = CARTESIAN_POINT ( 'NONE',  ( -90.98077683256279613, 3.429024047258139696, 146.5217124020039989 ) ) ;
#2444 = CARTESIAN_POINT ( 'NONE',  ( -80.27304355435239813, 3.292861110284619919, 149.0890972011849840 ) ) ;
#2445 = CARTESIAN_POINT ( 'NONE',  ( -24.38745150690870034, 2.582204508228279849, 159.9369035926229969 ) ) ;
#2446 = CARTESIAN_POINT ( 'NONE',  ( -85.38792332440360155, 13.00321644496600015, 142.8292495597050049 ) ) ;
#2447 = CARTESIAN_POINT ( 'NONE',  ( -2.000000000000000000, 2.000000000000000000, 4.000000000000000000 ) ) ;
#2448 = CARTESIAN_POINT ( 'NONE',  ( -71.46919703121010059, 0.0000000000000000000, 159.3448976598930074 ) ) ;
#2449 = CARTESIAN_POINT ( 'NONE',  ( -51.59755872941869370, 0.0000000000000000000, 140.4785198432720108 ) ) ;
#2450 = ORIENTED_EDGE ( 'NONE', *, *, #1877, .F. ) ;
#2451 = EDGE_CURVE ( 'NONE', #1345, #1543, #674, .T. ) ;
#2452 = ADVANCED_FACE ( 'NONE', ( #2938 ), #4005, .T. ) ;
#2453 = VECTOR ( 'NONE', #934, 1000.000000000000000 ) ;
#2454 = CARTESIAN_POINT ( 'NONE',  ( -25.55283321583860001, 0.0000000000000000000, 160.3393296221480000 ) ) ;
#2455 = CARTESIAN_POINT ( 'NONE',  ( -27.64173437501068520, 2.623587266422384268, 160.5558056959834516 ) ) ;
#2456 = CARTESIAN_POINT ( 'NONE',  ( -44.31594115789820165, 2.835621164563570051, 147.1423031962380037 ) ) ;
#2457 = EDGE_CURVE ( 'NONE', #1258, #1792, #2340, .T. ) ;
#2458 = CARTESIAN_POINT ( 'NONE',  ( -104.6341708035460556, 6.187564668795896061, 11.80486043351478465 ) ) ;
#2459 = EDGE_LOOP ( 'NONE', ( #432, #785, #1268, #365 ) ) ;
#2460 = CARTESIAN_POINT ( 'NONE',  ( -45.67842120396110062, 0.0000000000000000000, 138.0388008306079826 ) ) ;
#2461 = CARTESIAN_POINT ( 'NONE',  ( -91.61763559758729514, 0.0000000000000000000, 138.9006169772309818 ) ) ;
#2462 = B_SPLINE_SURFACE_WITH_KNOTS ( 'NONE', 2, 1, ( 
 ( #3197, #2886 ),
 ( #962, #4197 ),
 ( #210, #1247 ) ),
 .UNSPECIFIED., .F., .F., .F.,
 ( 3, 3 ),
 ( 2, 2 ),
 ( -2.000000000000000000, -1.000000000000000000 ),
 ( 0.0000000000000000000, 1.300421644626400086 ),
 .UNSPECIFIED. ) ;
#2463 = EDGE_LOOP ( 'NONE', ( #3738, #486, #2490, #1908, #1246, #3882 ) ) ;
#2464 = CARTESIAN_POINT ( 'NONE',  ( -24.44731537918710274, 0.0000000000000000000, 153.4087687373530002 ) ) ;
#2465 = CARTESIAN_POINT ( 'NONE',  ( -93.24301126868631684, 3.457792105568229690, 148.7216678218660206 ) ) ;
#2466 = APPROVAL_ROLE ( '' ) ;
#2467 = CARTESIAN_POINT ( 'NONE',  ( -60.52912361046439571, 13.00321644496600015, 159.6252616925540053 ) ) ;
#2468 = CARTESIAN_POINT ( 'NONE',  ( -91.04284838328710805, 3.429813318599880034, 138.4545867507099786 ) ) ;
#2469 = CARTESIAN_POINT ( 'NONE',  ( -51.47802367340509733, 2.926696623416909837, 141.1914689399650058 ) ) ;
#2470 = AXIS2_PLACEMENT_3D ( 'NONE', #2031, #64, #2373 ) ;
#2471 = CARTESIAN_POINT ( 'NONE',  ( -23.42046245941960336, 2.569908408488899898, 158.9393164273330115 ) ) ;
#2472 = CARTESIAN_POINT ( 'NONE',  ( -86.63312674368779653, -0.001000001298026020023, 146.3249479373060069 ) ) ;
#2473 = DIRECTION ( 'NONE',  ( 0.0000000000000000000, 1.000000000000000000, 0.0000000000000000000 ) ) ;
#2474 = CARTESIAN_POINT ( 'NONE',  ( -69.45388034665501209, 0.0000000000000000000, 160.3587903754219894 ) ) ;
#2475 = CARTESIAN_POINT ( 'NONE',  ( -50.38743846040729579, 0.0000000000000000000, 145.4900242516129936 ) ) ;
#2476 = ORIENTED_EDGE ( 'NONE', *, *, #3975, .F. ) ;
#2477 = CARTESIAN_POINT ( 'NONE',  ( -25.77880614538739934, 0.0000000000000000000, 160.3860575430950064 ) ) ;
#2478 = CARTESIAN_POINT ( 'NONE',  ( -71.82517380231159621, 3.185436026607749938, 150.1975242228720049 ) ) ;
#2479 = EDGE_CURVE ( 'NONE', #1940, #2342, #326, .T. ) ;
#2480 = CARTESIAN_POINT ( 'NONE',  ( -28.25974124693320277, 0.0000000000000000000, 160.4802146902100048 ) ) ;
#2481 = CARTESIAN_POINT ( 'NONE',  ( -109.0404516121579945, 12.75871725584469907, 5.001000000000000334 ) ) ;
#2482 = ORIENTED_EDGE ( 'NONE', *, *, #1321, .T. ) ;
#2483 = CARTESIAN_POINT ( 'NONE',  ( -84.34952906391170302, 0.0000000000000000000, 147.7207433547180244 ) ) ;
#2484 = CARTESIAN_POINT ( 'NONE',  ( -91.82475860270339751, 0.0000000000000000000, 139.1882880092659889 ) ) ;
#2485 = EDGE_LOOP ( 'NONE', ( #174, #3742, #563, #858 ) ) ;
#2486 = CARTESIAN_POINT ( 'NONE',  ( -23.30093250972210228, 0.0000000000000000000, 158.4551606650260283 ) ) ;
#2487 = CARTESIAN_POINT ( 'NONE',  ( -107.4400095534590065, 3.995356370322069139, 8.500999999999260481 ) ) ;
#2488 = CARTESIAN_POINT ( 'NONE',  ( -111.0540716415289921, 3.667941576735299414, 3.469446951953611822E-15 ) ) ;
#2489 = CARTESIAN_POINT ( 'NONE',  ( -91.81477896011800510, 3.439629143825599922, 141.6200661028599939 ) ) ;
#2490 = ORIENTED_EDGE ( 'NONE', *, *, #1694, .T. ) ;
#2491 = CARTESIAN_POINT ( 'NONE',  ( -50.47993970051970081, 2.914004190235219838, 144.5775183512629951 ) ) ;
#2492 = CARTESIAN_POINT ( 'NONE',  ( -24.40320474018009733, 2.582405501193699937, 153.6905625811319851 ) ) ;
#2493 = CARTESIAN_POINT ( 'NONE',  ( -4.000000000000000000, 2.000000000000000000, 0.0000000000000000000 ) ) ;
#2494 = CARTESIAN_POINT ( 'NONE',  ( -71.39212255921549399, 0.0000000000000000000, 159.4384273152400056 ) ) ;
#2495 = CARTESIAN_POINT ( 'NONE',  ( -50.53981854676970187, 0.0000000000000000000, 144.2852683821749906 ) ) ;
#2496 = VERTEX_POINT ( 'NONE', #3921 ) ;
#2497 = VECTOR ( 'NONE', #1761, 1000.000000000000000 ) ;
#2498 = CARTESIAN_POINT ( 'NONE',  ( -112.6641659474970112, 0.1966902440150299913, 2.751889360906039972 ) ) ;
#2499 = CARTESIAN_POINT ( 'NONE',  ( -35.32939898080060459, 2.721346212274450060, 149.2337341490829772 ) ) ;
#2500 = CARTESIAN_POINT ( 'NONE',  ( -111.4861586422809978, 3.995356370322069139, 8.501000000000589196 ) ) ;
#2501 = VECTOR ( 'NONE', #3704, 1000.000000000000000 ) ;
#2502 = EDGE_CURVE ( 'NONE', #633, #3622, #4234, .T. ) ;
#2503 = CARTESIAN_POINT ( 'NONE',  ( -74.84172078531510408, 3.223795338866529914, 149.3138890520220059 ) ) ;
#2504 = ORIENTED_EDGE ( 'NONE', *, *, #3658, .T. ) ;
#2505 = CARTESIAN_POINT ( 'NONE',  ( -84.47664786689729510, 0.0000000000000000000, 142.2986619742580103 ) ) ;
#2506 = CARTESIAN_POINT ( 'NONE',  ( -101.9128950159545894, 4.801205463919532512, 10.69586624579710765 ) ) ;
#2507 = ORIENTED_EDGE ( 'NONE', *, *, #2950, .F. ) ;
#2508 = CARTESIAN_POINT ( 'NONE',  ( -23.44277538875109812, 0.0000000000000000000, 159.0025510959779922 ) ) ;
#2509 = CARTESIAN_POINT ( 'NONE',  ( -37.51189104605169433, 2.749098900906089771, 149.1705927090359864 ) ) ;
#2510 = EDGE_CURVE ( 'NONE', #3622, #3460, #2076, .T. ) ;
#2511 = EDGE_CURVE ( 'NONE', #151, #1940, #1047, .T. ) ;
#2512 = CARTESIAN_POINT ( 'NONE',  ( -64.83516961870209627, 3.096549481769470091, 153.9114380985629964 ) ) ;
#2513 = CARTESIAN_POINT ( 'NONE',  ( -91.03247233957959850, 3.429681373966309899, 138.4487820894129868 ) ) ;
#2514 = EDGE_LOOP ( 'NONE', ( #3790, #1169, #2939, #4217, #1699, #196 ) ) ;
#2515 = CARTESIAN_POINT ( 'NONE',  ( -50.45524346583070496, 2.913690171194439849, 144.7088241243549760 ) ) ;
#2516 = CARTESIAN_POINT ( 'NONE',  ( -24.04825647900469576, 2.577891610391709776, 151.0779991060919940 ) ) ;
#2517 = DIRECTION ( 'NONE',  ( 1.000000000000000000, 0.0000000000000000000, -8.467505249662490867E-15 ) ) ;
#2518 = CARTESIAN_POINT ( 'NONE',  ( -71.76755355285619942, 0.0000000000000000000, 158.7303465493290275 ) ) ;
#2519 = CARTESIAN_POINT ( 'NONE',  ( -50.85253724985479806, 0.0000000000000000000, 143.1956892103220014 ) ) ;
#2520 = CARTESIAN_POINT ( 'NONE',  ( -71.79293891979899911, 3.185026156237840134, 157.6133354007099854 ) ) ;
#2521 = VERTEX_POINT ( 'NONE', #1159 ) ;
#2522 = FACE_OUTER_BOUND ( 'NONE', #2885, .T. ) ;
#2523 = CARTESIAN_POINT ( 'NONE',  ( -100.2130641889390006, 8.546828554825740554, 11.49999999999980105 ) ) ;
#2524 = CARTESIAN_POINT ( 'NONE',  ( 136.8284714605100305, 3.995356370322069139, 243.6155626522539990 ) ) ;
#2525 = CARTESIAN_POINT ( 'NONE',  ( -77.89744814321591093, -0.001000001298026020023, 149.1705927090359864 ) ) ;
#2526 = VECTOR ( 'NONE', #778, 1000.000000000000000 ) ;
#2527 = CARTESIAN_POINT ( 'NONE',  ( -2.939419985850489248, 3.995356370322069139, 5.000999999999670820 ) ) ;
#2528 = ORIENTED_EDGE ( 'NONE', *, *, #3178, .T. ) ;
#2529 = CARTESIAN_POINT ( 'NONE',  ( -84.13998756197599960, 0.0000000000000000000, 139.7544380053080033 ) ) ;
#2530 = CARTESIAN_POINT ( 'NONE',  ( -91.87763069558259588, 0.0000000000000000000, 139.2894010498320085 ) ) ;
#2531 = CARTESIAN_POINT ( 'NONE',  ( -23.54967155349010355, 0.0000000000000000000, 159.2049162700720046 ) ) ;
#2532 = CARTESIAN_POINT ( 'NONE',  ( -75.05534619337601043, -0.001000001298026020023, 159.6787754808030115 ) ) ;
#2533 = CARTESIAN_POINT ( 'NONE',  ( -64.82413460182620213, 3.096409159489450058, 159.9096738610760156 ) ) ;
#2534 = CARTESIAN_POINT ( 'NONE',  ( -13.15413089416553838, 2.773330196255160196, 12.20335211487117633 ) ) ;
#2535 = ORIENTED_EDGE ( 'NONE', *, *, #2451, .F. ) ;
#2536 = CARTESIAN_POINT ( 'NONE',  ( -50.48866220739599697, 2.914115099176480150, 144.5311422326709874 ) ) ;
#2537 = EDGE_CURVE ( 'NONE', #3320, #239, #4003, .T. ) ;
#2538 = CARTESIAN_POINT ( 'NONE',  ( -114.7639975833969999, 2.035466637765300124, 4.000000000000000000 ) ) ;
#2539 = CARTESIAN_POINT ( 'NONE',  ( -4.000000000000000000, 2.000000000000000000, 4.000000000000000000 ) ) ;
#2540 = CARTESIAN_POINT ( 'NONE',  ( -68.71335731570160021, 0.0000000000000000000, 160.4802146902100048 ) ) ;
#2541 = CARTESIAN_POINT ( 'NONE',  ( -50.80176483942329924, 0.0000000000000000000, 143.3519686404069944 ) ) ;
#2542 = CARTESIAN_POINT ( 'NONE',  ( -70.97780595866990438, 3.174660568671059835, 154.7997872838890316 ) ) ;
#2543 = ORIENTED_EDGE ( 'NONE', *, *, #925, .T. ) ;
#2544 = CARTESIAN_POINT ( 'NONE',  ( 0.0000000000000000000, 7.500000000000000000, 323.7500000000000000 ) ) ;
#2545 = CARTESIAN_POINT ( 'NONE',  ( -1.753847770937097872, 1.913853892123938467E-14, 5.806048190358410466 ) ) ;
#2546 = DIRECTION ( 'NONE',  ( -0.8650200284677207474, 0.04171750651340176003, 0.5000000000000078826 ) ) ;
#2547 = LINE ( 'NONE', #489, #1460 ) ;
#2548 = CIRCLE ( 'NONE', #3497, 2.000000000000000000 ) ;
#2549 = CARTESIAN_POINT ( 'NONE',  ( -74.08245058939928640, 3.214140485749640064, 149.4122567870269904 ) ) ;
#2550 = ORIENTED_EDGE ( 'NONE', *, *, #3054, .F. ) ;
#2551 = CARTESIAN_POINT ( 'NONE',  ( -84.32752367842519448, 0.0000000000000000000, 141.7576359546900164 ) ) ;
#2552 = CARTESIAN_POINT ( 'NONE',  ( -91.17870907437038852, 0.0000000000000000000, 143.6301282431730044 ) ) ;
#2553 = CARTESIAN_POINT ( 'NONE',  ( -24.46196804182229911, 0.0000000000000000000, 159.9767585320959995 ) ) ;
#2554 = CARTESIAN_POINT ( 'NONE',  ( -98.12425617760010255, -0.001000001298026020023, 149.1705927090359864 ) ) ;
#2555 = CARTESIAN_POINT ( 'NONE',  ( -63.93404197264980837, 3.085090259493399767, 156.8504856044800135 ) ) ;
#2556 = EDGE_LOOP ( 'NONE', ( #532, #973, #2182, #3666 ) ) ;
#2557 = LINE ( 'NONE', #2897, #2453 ) ;
#2558 =( BOUNDED_CURVE ( )  B_SPLINE_CURVE ( 3, ( #2625, #685, #1266, #2245 ),
 .UNSPECIFIED., .F., .T. ) 
 B_SPLINE_CURVE_WITH_KNOTS ( ( 4, 4 ),
 ( 1.008872836884301302E-12, 1.570796326795903086 ),
 .UNSPECIFIED. ) 
 CURVE ( )  GEOMETRIC_REPRESENTATION_ITEM ( )  RATIONAL_B_SPLINE_CURVE ( ( 1.000000000000000000, 0.8047378541243654926, 0.8047378541243654926, 1.000000000000000000 ) ) 
 REPRESENTATION_ITEM ( '' )  );
#2559 = ORIENTED_EDGE ( 'NONE', *, *, #3079, .F. ) ;
#2560 = CARTESIAN_POINT ( 'NONE',  ( -51.41691718925989818, 2.925918969956870175, 139.2958795705210093 ) ) ;
#2561 = CARTESIAN_POINT ( 'NONE',  ( -112.7643120787219999, 2.000000000000000000, 323.7500000000000000 ) ) ;
#2562 = EDGE_CURVE ( 'NONE', #2190, #2601, #1110, .T. ) ;
#2563 = CARTESIAN_POINT ( 'NONE',  ( -70.72475117890299146, 0.0000000000000000000, 151.9257691429120030 ) ) ;
#2564 = CARTESIAN_POINT ( 'NONE',  ( -52.69076981316730013, 2.173999452981199814E-19, 148.4642061395749977 ) ) ;
#2565 = CARTESIAN_POINT ( 'NONE',  ( -70.67175180199129159, 3.170768835988409862, 152.1609977091540031 ) ) ;
#2566 = ORIENTED_EDGE ( 'NONE', *, *, #977, .F. ) ;
#2567 = MANIFOLD_SOLID_BREP ( 'right.stp', #1155 ) ;
#2568 = CARTESIAN_POINT ( 'NONE',  ( -28.25974124693320277, -0.001000001298026020023, 160.4802146902100048 ) ) ;
#2569 = DIRECTION ( 'NONE',  ( 0.9999191579690124287, -0.01271524779707759387, 0.0000000000000000000 ) ) ;
#2570 = CARTESIAN_POINT ( 'NONE',  ( -84.53274988799431355, 3.347029121954169906, 147.4842500722029968 ) ) ;
#2571 = DIRECTION ( 'NONE',  ( 0.0000000000000000000, 0.0000000000000000000, -1.000000000000000000 ) ) ;
#2572 = PLANE ( 'NONE',  #150 ) ;
#2573 = ORIENTED_EDGE ( 'NONE', *, *, #1694, .F. ) ;
#2574 = CARTESIAN_POINT ( 'NONE',  ( -84.72677183820711377, 0.0000000000000000000, 138.7402388170430072 ) ) ;
#2575 = CARTESIAN_POINT ( 'NONE',  ( -91.98812034219621125, 0.0000000000000000000, 148.0806710507640105 ) ) ;
#2576 = CARTESIAN_POINT ( 'NONE',  ( -38.32744301155339883, 2.759469524188800094, 149.1623820816450063 ) ) ;
#2577 = CARTESIAN_POINT ( 'NONE',  ( -64.78942018024528693, 3.095967484700170136, 154.1113080258070056 ) ) ;
#2578 = ORIENTED_EDGE ( 'NONE', *, *, #1744, .T. ) ;
#2579 = CARTESIAN_POINT ( 'NONE',  ( -12.32291070346260220, 3.793654293609925343, 10.56698248912670302 ) ) ;
#2580 = ORIENTED_EDGE ( 'NONE', *, *, #158, .T. ) ;
#2581 = CARTESIAN_POINT ( 'NONE',  ( -50.55521367493490459, 2.914961388889969918, 138.4535081505160292 ) ) ;
#2582 = DIRECTION ( 'NONE',  ( -0.7230536400546160314, -0.6907918887796598018, 0.0000000000000000000 ) ) ;
#2583 =( BOUNDED_SURFACE ( )  B_SPLINE_SURFACE ( 2, 2, ( 
 ( #3994, #2406, #1757 ),
 ( #1697, #725, #3066 ),
 ( #3752, #60, #1431 ),
 ( #1373, #2067, #2047 ),
 ( #2084, #2742, #3349 ) ),
 .UNSPECIFIED., .F., .F., .F. ) 
 B_SPLINE_SURFACE_WITH_KNOTS ( ( 3, 2, 3 ),
 ( 3, 3 ),
 ( -5.329070518200770327E-15, 0.7853981664638619575, 1.570796332927729910 ),
 ( 0.01271559045029760013, 0.03291337396283810363 ),
 .UNSPECIFIED. ) 
 GEOMETRIC_REPRESENTATION_ITEM ( )  RATIONAL_B_SPLINE_SURFACE ( (
 ( 1.000000000000000000, 0.9999490066260410259, 1.000000000000000000),
 ( 0.9238795319245649562, 0.9238324201901000343, 0.9238795319245649562),
 ( 1.000000000000000000, 0.9999490066260410259, 1.000000000000000000),
 ( 0.9238795319245269866, 0.9238324201900619537, 0.9238795319245269866),
 ( 1.000000000000000000, 0.9999490066260410259, 1.000000000000000000) ) ) 
 REPRESENTATION_ITEM ( '' )  SURFACE ( )  );
#2584 = CARTESIAN_POINT ( 'NONE',  ( -0.02578435356780680102, 2.012892176783919407, 3.476407687600980179 ) ) ;
#2585 = CARTESIAN_POINT ( 'NONE',  ( 0.0000000000000000000, 2.000000000000000000, 4.000000000000000000 ) ) ;
#2586 = DIRECTION ( 'NONE',  ( 0.0000000000000000000, 1.000000000000000000, 0.0000000000000000000 ) ) ;
#2587 = CARTESIAN_POINT ( 'NONE',  ( -71.82206658255239518, 3.185396556002480395, 157.8307978632280140 ) ) ;
#2588 = ORIENTED_EDGE ( 'NONE', *, *, #3759, .F. ) ;
#2589 = CARTESIAN_POINT ( 'NONE',  ( -84.32021788565761256, 3.344326495045890191, 141.7464753918309839 ) ) ;
#2590 = CARTESIAN_POINT ( 'NONE',  ( -30.19097224726489870, 2.656004077916150230, 153.1784278492159785 ) ) ;
#2591 = EDGE_CURVE ( 'NONE', #3622, #1489, #1088, .T. ) ;
#2592 = CARTESIAN_POINT ( 'NONE',  ( -7.344533915294846338, 3.995356370322069139, 5.000999999999670820 ) ) ;
#2593 = ORIENTED_EDGE ( 'NONE', *, *, #3491, .F. ) ;
#2594 = CARTESIAN_POINT ( 'NONE',  ( -84.17595456541928911, 0.0000000000000000000, 141.0976188123239865 ) ) ;
#2595 = CARTESIAN_POINT ( 'NONE',  ( -90.85461232511750040, 0.0000000000000000000, 145.6428885551010239 ) ) ;
#2596 = CARTESIAN_POINT ( 'NONE',  ( -105.1978088487339988, 9.583333864162177917, 372.3987999999999943 ) ) ;
#2597 = AXIS2_PLACEMENT_3D ( 'NONE', #3073, #465, #1156 ) ;
#2598 = CARTESIAN_POINT ( 'NONE',  ( -64.80200020353410650, 3.096127478172039815, 151.8747562421760051 ) ) ;
#2599 = VERTEX_POINT ( 'NONE', #1465 ) ;
#2600 = CARTESIAN_POINT ( 'NONE',  ( -13.61035881174246143, 2.525127027210277930, 13.10937646666828371 ) ) ;
#2601 = VERTEX_POINT ( 'NONE', #3116 ) ;
#2602 = CYLINDRICAL_SURFACE ( 'NONE', #3067, 2.199999999999993960 ) ;
#2603 = CARTESIAN_POINT ( 'NONE',  ( -64.61362238230600497, 0.0000000000000000000, 151.4516410057300106 ) ) ;
#2604 = CARTESIAN_POINT ( 'NONE',  ( -1.541813109815839855, 2.770906554907969888, 0.8013326406917870015 ) ) ;
#2605 = DIRECTION ( 'NONE',  ( 0.8650200284677292961, -0.04171750651340220412, 0.4999999999999930611 ) ) ;
#2606 = CARTESIAN_POINT ( 'NONE',  ( -71.46854592774569426, 3.180901089852619990, 159.3443738729230006 ) ) ;
#2607 = ORIENTED_EDGE ( 'NONE', *, *, #3981, .T. ) ;
#2608 = DIRECTION ( 'NONE',  ( 0.0000000000000000000, 1.000000000000000000, 0.0000000000000000000 ) ) ;
#2609 = CARTESIAN_POINT ( 'NONE',  ( -85.02556771627170917, 3.353296252041739756, 144.3963862373319955 ) ) ;
#2610 = CARTESIAN_POINT ( 'NONE',  ( -31.09892166035709948, 2.667550029543119816, 150.4577863098029979 ) ) ;
#2611 = AXIS2_PLACEMENT_3D ( 'NONE', #2447, #3050, #3756 ) ;
#2612 = CARTESIAN_POINT ( 'NONE',  ( -30.32012344252940039, 0.0000000000000000000, 154.0111556996140223 ) ) ;
#2613 = CARTESIAN_POINT ( 'NONE',  ( -72.34475268460390396, -0.001000001298026020023, 149.8159981027159802 ) ) ;
#2614 = ADVANCED_FACE ( 'NONE', ( #3037 ), #170, .F. ) ;
#2615 = CARTESIAN_POINT ( 'NONE',  ( -91.21495258429740716, 0.0000000000000000000, 147.1097323095380034 ) ) ;
#2616 = CARTESIAN_POINT ( 'NONE',  ( -105.3267298346460024, 3.611451094724710043, 11.50000000000000000 ) ) ;
#2617 = CARTESIAN_POINT ( 'NONE',  ( -63.68110231500130425, 3.081874453511000311, 150.4536402095679932 ) ) ;
#2618 = ORIENTED_EDGE ( 'NONE', *, *, #2987, .T. ) ;
#2619 = CARTESIAN_POINT ( 'NONE',  ( -43.72947394175310620, 0.0000000000000000000, 141.3690452278239889 ) ) ;
#2620 = EDGE_LOOP ( 'NONE', ( #3769, #1519, #3953, #3361 ) ) ;
#2621 = DIRECTION ( 'NONE',  ( -0.9988390925805179510, 0.04817122723086519898, 0.0000000000000000000 ) ) ;
#2622 = CARTESIAN_POINT ( 'NONE',  ( -63.76966378002500591, 0.0000000000000000000, 157.6237066478329893 ) ) ;
#2623 = CARTESIAN_POINT ( 'NONE',  ( -77.89744814321591093, -0.001000001298026020023, 149.1705927090359864 ) ) ;
#2624 = B_SPLINE_CURVE_WITH_KNOTS ( 'NONE', 3,
 ( #3969, #1329, #2689, #3281, #1042, #1654, #2646, #3348, #3948, #1061, #999, #3706, #1350, #2065, #3045, #2368, #2325, #2386, #2347, #2666, #97, #3689, #2000, #3671, #3326 ),
 .UNSPECIFIED., .F., .F.,
 ( 4, 3, 3, 3, 3, 3, 3, 3, 4 ),
 ( 0.0000000000000000000, 0.05165009745794179458, 0.1141274043250660036, 0.1826721404909469881, 0.2320690625643750116, 0.3155849557933270155, 0.4275624655539679853, 0.5280981542017370023, 0.5486197793629310482 ),
 .UNSPECIFIED. ) ;
#2625 = CARTESIAN_POINT ( 'NONE',  ( 0.0000000000000000000, 7.500000000000000000, 4.000000000000000000 ) ) ;
#2626 = CARTESIAN_POINT ( 'NONE',  ( -9.134506838026780429, 2.388244256645850161, 11.49999999999960032 ) ) ;
#2627 = EDGE_LOOP ( 'NONE', ( #1671, #2661, #2550, #2543, #2573 ) ) ;
#2628 = CARTESIAN_POINT ( 'NONE',  ( -223.6375500445720093, 3.995356370322069139, 195.5273995670160048 ) ) ;
#2629 = CARTESIAN_POINT ( 'NONE',  ( -84.18403254031900929, 3.342594389300769908, 141.1331226458159733 ) ) ;
#2630 = CARTESIAN_POINT ( 'NONE',  ( -30.30125627867129978, 2.657406525461069702, 151.8113524940600030 ) ) ;
#2631 = CARTESIAN_POINT ( 'NONE',  ( -31.32308211017900135, 0.0000000000000000000, 157.5418899550529943 ) ) ;
#2632 = CARTESIAN_POINT ( 'NONE',  ( -28.25974124693320277, 13.00321644496600015, 160.4802146902100048 ) ) ;
#2633 = CARTESIAN_POINT ( 'NONE',  ( -91.52881874384920025, 0.0000000000000000000, 142.5200428907619994 ) ) ;
#2634 = CARTESIAN_POINT ( 'NONE',  ( -44.36130445349969875, 2.836198568369220130, 138.5975048694419911 ) ) ;
#2635 = EDGE_CURVE ( 'NONE', #254, #1910, #1979, .T. ) ;
#2636 = VECTOR ( 'NONE', #2359, 1000.000000000000000 ) ;
#2637 = CARTESIAN_POINT ( 'NONE',  ( -2.000000000000000000, 2.000000000000000000, 323.7500000000000000 ) ) ;
#2638 = VERTEX_POINT ( 'NONE', #3853 ) ;
#2639 = CARTESIAN_POINT ( 'NONE',  ( -44.54627656472050035, 0.0000000000000000000, 144.2475976553510009 ) ) ;
#2640 = ORIENTED_EDGE ( 'NONE', *, *, #1424, .T. ) ;
#2641 = CARTESIAN_POINT ( 'NONE',  ( -50.27514027130320073, 2.911399898243280493, 138.2995461444560021 ) ) ;
#2642 = CARTESIAN_POINT ( 'NONE',  ( -64.93356684261098621, 0.0000000000000000000, 153.2928182496979730 ) ) ;
#2643 = EDGE_CURVE ( 'NONE', #616, #1557, #3180, .T. ) ;
#2644 = ADVANCED_FACE ( 'NONE', ( #562 ), #2572, .F. ) ;
#2645 = CARTESIAN_POINT ( 'NONE',  ( -114.7643120787220141, 2.000000000000000000, 4.000000000000000000 ) ) ;
#2646 = CARTESIAN_POINT ( 'NONE',  ( -21.63338573798299791, 2.547182558054979840, 149.5178385026940191 ) ) ;
#2647 = CARTESIAN_POINT ( 'NONE',  ( -101.5210130640550830, 4.223951984979117391, 11.49424662763404825 ) ) ;
#2648 = CARTESIAN_POINT ( 'NONE',  ( -112.6188848156898246, 0.2853269616660462082, 2.511230502822987543 ) ) ;
#2649 = CARTESIAN_POINT ( 'NONE',  ( -113.5126789947349124, 2.651530681886145047, 1.095212971621900122 ) ) ;
#2650 = CARTESIAN_POINT ( 'NONE',  ( -69.74794678212958843, 3.159021564967460005, 160.2914701242380033 ) ) ;
#2651 = ADVANCED_FACE ( 'NONE', ( #1581 ), #1510, .T. ) ;
#2652 = ORIENTED_EDGE ( 'NONE', *, *, #1128, .T. ) ;
#2653 = DIRECTION ( 'NONE',  ( -8.467505249662520843E-15, 4.083641924809400140E-16, -1.000000000000000000 ) ) ;
#2654 = CYLINDRICAL_SURFACE ( 'NONE', #1113, 7.654378035012191717 ) ;
#2655 = CARTESIAN_POINT ( 'NONE',  ( -30.52418988990450188, 2.660241229364699755, 154.7997872838990077 ) ) ;
#2656 = CARTESIAN_POINT ( 'NONE',  ( -31.14262343155409951, 0.0000000000000000000, 156.7613127072709744 ) ) ;
#2657 = FACE_OUTER_BOUND ( 'NONE', #935, .T. ) ;
#2658 = CARTESIAN_POINT ( 'NONE',  ( -105.1978088487350078, 9.583333864162250748, 11.50000000000000000 ) ) ;
#2659 = CARTESIAN_POINT ( 'NONE',  ( -62.74670818608610290, 3.069991872009760314, 149.9349925031879991 ) ) ;
#2660 = CARTESIAN_POINT ( 'NONE',  ( -92.57156071898809557, -0.001000001298026020023, 148.5251873153569875 ) ) ;
#2661 = ORIENTED_EDGE ( 'NONE', *, *, #126, .F. ) ;
#2662 = CARTESIAN_POINT ( 'NONE',  ( -8.996742606231661554, 7.256871965568194582, 9.000814612466120579 ) ) ;
#2663 = CARTESIAN_POINT ( 'NONE',  ( -71.46189730810039009, 0.0000000000000000000, 150.5543126694819875 ) ) ;
#2664 = CARTESIAN_POINT ( 'NONE',  ( -63.73377735816990253, 0.0000000000000000000, 158.1804878918819952 ) ) ;
#2665 = CARTESIAN_POINT ( 'NONE',  ( -85.60071851990200287, 3.360608993004269962, 138.2314832421639892 ) ) ;
#2666 = CARTESIAN_POINT ( 'NONE',  ( -18.10063497714600089, 2.502259854535299866, 149.1788033364279897 ) ) ;
#2667 = VECTOR ( 'NONE', #2262, 1000.000000000000000 ) ;
#2668 = CARTESIAN_POINT ( 'NONE',  ( -4.000000000000000000, 4.000000000000000000, 3.903127820947819907E-15 ) ) ;
#2669 = CARTESIAN_POINT ( 'NONE',  ( -83.11891788029198835, 3.329050035491230020, 148.6309482772350066 ) ) ;
#2670 = EDGE_CURVE ( 'NONE', #4082, #3903, #1767, .T. ) ;
#2671 = CARTESIAN_POINT ( 'NONE',  ( -114.7643120787220141, 2.000000000000000000, 323.7500000000000000 ) ) ;
#2672 = CARTESIAN_POINT ( 'NONE',  ( -9.983937447938917131, 8.314336048158232018, 9.000000000004538592 ) ) ;
#2673 = EDGE_LOOP ( 'NONE', ( #1597, #1994, #819, #4016 ) ) ;
#2674 = CYLINDRICAL_SURFACE ( 'NONE', #2681, 5.000000000000000888 ) ;
#2675 = CARTESIAN_POINT ( 'NONE',  ( -11.50546899602530004, 6.943196777614299542, 9.012340229572791017 ) ) ;
#2676 = CARTESIAN_POINT ( 'NONE',  ( -30.18241428835699836, 2.655895363535500042, 152.5130504277479986 ) ) ;
#2677 = CARTESIAN_POINT ( 'NONE',  ( -31.33614849656440171, 0.0000000000000000000, 158.6188252297950214 ) ) ;
#2678 = CARTESIAN_POINT ( 'NONE',  ( -85.66670153067239823, 0.0000000000000000000, 138.2059575479540001 ) ) ;
#2679 = B_SPLINE_CURVE_WITH_KNOTS ( 'NONE', 3,
 ( #469, #1445, #2397, #148, #3699, #1790, #2800, #4110, #2483, #3767, #751, #1467, #1161, #2778, #2077, #2139, #430, #1421, #1812, #2163, #3118, #3787, #516, #262, #283, #2823, #587, #948, #2209, #882, #2844, #4182, #1945, #4157, #1858, #1254, #1230, #3899, #1206, #540, #564, #2868, #1512, #904, #4132, #1182, #1583, #193, #2255, #3481, #2505, #3832, #1603, #1276, #2551, #3808, #928, #1881, #3504, #2594, #3855, #859, #2232, #240, #3528, #3182, #2183, #3160, #1902, #3205, #2529, #629, #2892, #218, #1558, #2914, #4225, #2275, #4203, #1534, #2574, #3548, #3228, #3878, #607, #1924, #3571, #2678, #1623, #2314, #2976, #3000, #3292, #48, #2035, #4244, #1361 ),
 .UNSPECIFIED., .F., .F.,
 ( 4, 3, 3, 3, 3, 3, 3, 3, 3, 3, 3, 3, 3, 3, 3, 3, 3, 3, 3, 3, 3, 3, 3, 3, 3, 3, 3, 3, 3, 3, 3, 3, 4 ),
 ( 0.0000000000000000000, 0.04386549876972779816, 0.08773099753948120083, 0.1315964963092159934, 0.1754619950789459981, 0.2193274938486930170, 0.2631929926184330415, 0.3070584913881249656, 0.3509239901578239951, 0.3947894889275539998, 0.4386549876972529738, 0.4825204864670310512, 0.5263859852368649728, 0.5702514840066550406, 0.6141169827764509925, 0.6579824815461700060, 0.7025780686884309789, 0.7464435674581750835, 0.7903090662279429468, 0.8341745649976910482, 0.8780400637674420361, 0.9219055625372308826, 0.9657710613069948602, 1.009636560076719869, 1.054870974544920070, 1.098736473314690043, 1.142601972084470008, 1.186467470854180029, 1.230332969623989969, 1.274198468393769934, 1.318063967163469963, 1.361929465933189976, 1.371511875822349902 ),
 .UNSPECIFIED. ) ;
#2680 = CARTESIAN_POINT ( 'NONE',  ( -105.0282425151979879, 13.09932242070889963, 372.3987999999999943 ) ) ;
#2681 = AXIS2_PLACEMENT_3D ( 'NONE', #2333, #84, #1313 ) ;
#2682 = DIRECTION ( 'NONE',  ( 3.506950558086310039E-15, -1.961123667350909712E-16, 1.000000000000000000 ) ) ;
#2683 = CARTESIAN_POINT ( 'NONE',  ( -44.08110518639489328, 0.0000000000000000000, 142.5841821744920139 ) ) ;
#2684 = VERTEX_POINT ( 'NONE', #926 ) ;
#2685 = CARTESIAN_POINT ( 'NONE',  ( -3.118902406156919938, 3.995356370322069139, 1.500999999996620149 ) ) ;
#2686 = CARTESIAN_POINT ( 'NONE',  ( -1.343866153681055220, 2.671932097453556310, 0.9992898846573627925 ) ) ;
#2687 = CARTESIAN_POINT ( 'NONE',  ( -63.74940767810280562, 0.0000000000000000000, 158.4513587093539684 ) ) ;
#2688 = CARTESIAN_POINT ( 'NONE',  ( -31.69126836129659708, 0.0000000000000000000, 149.9525716760460057 ) ) ;
#2689 = CARTESIAN_POINT ( 'NONE',  ( -22.43849377713529947, 2.557421026531569996, 149.7102371408369947 ) ) ;
#2690 = CARTESIAN_POINT ( 'NONE',  ( -82.07936355803600748, 3.315830440436680071, 148.8702547976830033 ) ) ;
#2691 = CARTESIAN_POINT ( 'NONE',  ( -10.08960663741700614, 6.123266322889344693, 9.000000000004538592 ) ) ;
#2692 = DIRECTION ( 'NONE',  ( -0.5004356563159257920, 0.0000000000000000000, 0.8657737313453489625 ) ) ;
#2693 = EDGE_CURVE ( 'NONE', #4082, #1792, #975, .T. ) ;
#2694 = CARTESIAN_POINT ( 'NONE',  ( -41.73127613906940070, 0.0000000000000000000, 148.9554575778099945 ) ) ;
#2695 = CARTESIAN_POINT ( 'NONE',  ( -9.740262932760460401, 4.801524277574769961, 11.85693742891279889 ) ) ;
#2696 = CARTESIAN_POINT ( 'NONE',  ( -28.25974124693320277, 2.631446012256150269, 160.4802146902100048 ) ) ;
#2697 = LINE ( 'NONE', #2294, #4173 ) ;
#2698 = CARTESIAN_POINT ( 'NONE',  ( -43.56805737438679671, 2.826110782268089761, 140.1160651815069969 ) ) ;
#2699 = CARTESIAN_POINT ( 'NONE',  ( -101.8562335024319623, 3.823915185784560133, 13.20856224592321837 ) ) ;
#2700 = CARTESIAN_POINT ( 'NONE',  ( -43.95427308991229864, 0.0000000000000000000, 142.1738006274690065 ) ) ;
#2701 = ORIENTED_EDGE ( 'NONE', *, *, #3976, .T. ) ;
#2702 = CARTESIAN_POINT ( 'NONE',  ( 52.37472750356349849, 0.0000000000000000000, 292.3202494080499605 ) ) ;
#2703 = CARTESIAN_POINT ( 'NONE',  ( -0.1940877681616497985, 2.097083855142737985, 2.762621707777214830 ) ) ;
#2704 = CARTESIAN_POINT ( 'NONE',  ( -64.63078048942570319, 0.0000000000000000000, 154.6937857267590175 ) ) ;
#2705 = AXIS2_PLACEMENT_3D ( 'NONE', #2374, #85, #3071 ) ;
#2706 = CARTESIAN_POINT ( 'NONE',  ( -85.01257336905980821, 3.353131089683180299, 138.5291573947270081 ) ) ;
#2707 = CARTESIAN_POINT ( 'NONE',  ( -8.965620329501408747, 7.932386895312930619, 149.1705927090359864 ) ) ;
#2708 = DIRECTION ( 'NONE',  ( -0.04817122723086530306, -0.9988390925805179510, 0.0000000000000000000 ) ) ;
#2709 = PLANE ( 'NONE',  #1399 ) ;
#2710 = CARTESIAN_POINT ( 'NONE',  ( -104.9735017887119710, 14.13761165742178250, 10.03553390592869654 ) ) ;
#2711 = CARTESIAN_POINT ( 'NONE',  ( -105.2126599787840036, 8.610404793811101243, 11.49999999999980105 ) ) ;
#2712 = CARTESIAN_POINT ( 'NONE',  ( -12.18068121153300076, 4.060516651931890486, 10.28934750529599995 ) ) ;
#2713 = CARTESIAN_POINT ( 'NONE',  ( -50.16587393146519958, 1.709629649718140003E-21, 138.2634916706860224 ) ) ;
#2714 = EDGE_CURVE ( 'NONE', #4090, #2190, #1083, .T. ) ;
#2715 = CARTESIAN_POINT ( 'NONE',  ( -22.76971949867539990, 13.00321644496600015, 149.8159981027159802 ) ) ;
#2716 = CARTESIAN_POINT ( 'NONE',  ( -77.23798904411179933, 3.254266983152310111, 149.1744486920450186 ) ) ;
#2717 = CARTESIAN_POINT ( 'NONE',  ( -43.58749160838740266, 0.0000000000000000000, 139.8803309453679731 ) ) ;
#2718 = ORIENTED_EDGE ( 'NONE', *, *, #2148, .F. ) ;
#2719 = DIRECTION ( 'NONE',  ( 0.04817122723086530306, 0.9988390925805179510, 0.0000000000000000000 ) ) ;
#2720 = CARTESIAN_POINT ( 'NONE',  ( -92.67569026011769040, 3.450576986254290102, 148.5605983373910135 ) ) ;
#2721 = CARTESIAN_POINT ( 'NONE',  ( -66.54269491709470685, 0.0000000000000000000, 160.4380406954779801 ) ) ;
#2722 = CARTESIAN_POINT ( 'NONE',  ( -113.1201004202450093, 2.843038940798130021, 0.7705479014126280779 ) ) ;
#2723 = DIRECTION ( 'NONE',  ( 0.5004356563159239046, 0.0000000000000000000, -0.8657737313453500727 ) ) ;
#2724 = CARTESIAN_POINT ( 'NONE',  ( -80.55657801383819105, 3.296466737148100012, 149.0676399030460004 ) ) ;
#2725 = CARTESIAN_POINT ( 'NONE',  ( -24.79245584335820141, 2.587354591121149738, 160.1159109294149800 ) ) ;
#2726 = ORIENTED_EDGE ( 'NONE', *, *, #1984, .T. ) ;
#2727 = CARTESIAN_POINT ( 'NONE',  ( -105.1887541507580011, 7.955557500238030322, 11.51611522051839920 ) ) ;
#2728 = CARTESIAN_POINT ( 'NONE',  ( -10.66994367686550582, 3.597671057295249497, 10.62817315264399909 ) ) ;
#2729 = CARTESIAN_POINT ( 'NONE',  ( -50.34301800053490439, 0.0000000000000000000, 138.3404107865129902 ) ) ;
#2730 = CARTESIAN_POINT ( 'NONE',  ( -52.84085623724340053, 2.944026250107679932, 148.5251873153569875 ) ) ;
#2731 = CARTESIAN_POINT ( 'NONE',  ( -44.50816972356550139, 2.838065658138030134, 146.7049083958389986 ) ) ;
#2732 = EDGE_CURVE ( 'NONE', #984, #663, #3612, .T. ) ;
#2733 = CARTESIAN_POINT ( 'NONE',  ( -43.62078076026359952, 0.0000000000000000000, 140.8501309016540120 ) ) ;
#2734 = CARTESIAN_POINT ( 'NONE',  ( -101.3779970618230948, 4.067114010573593674, 11.78424397501300191 ) ) ;
#2735 = ORIENTED_EDGE ( 'NONE', *, *, #1591, .F. ) ;
#2736 = CARTESIAN_POINT ( 'NONE',  ( -56.84128998344340289, 10.24129708801639893, 149.1705927090359864 ) ) ;
#2737 = CARTESIAN_POINT ( 'NONE',  ( -93.06429984497870578, 3.455519291702879858, 148.6760393268459950 ) ) ;
#2738 = CARTESIAN_POINT ( 'NONE',  ( -88.94016535008579183, 3.403075021215750340, 137.8609707278629912 ) ) ;
#2739 = AXIS2_PLACEMENT_3D ( 'NONE', #603, #625, #3154 ) ;
#2740 = CARTESIAN_POINT ( 'NONE',  ( -65.95239725589890156, 3.110754115990180146, 160.3172284661710307 ) ) ;
#2741 = CARTESIAN_POINT ( 'NONE',  ( -91.22059866577599507, 3.432073521605280231, 143.4800396165449854 ) ) ;
#2742 = CARTESIAN_POINT ( 'NONE',  ( -102.7125410328409600, 8.603862720589193103, 8.999999999999790390 ) ) ;
#2743 = CARTESIAN_POINT ( 'NONE',  ( -23.70721886502639819, 2.573555033891770094, 156.1454359731540080 ) ) ;
#2744 = CARTESIAN_POINT ( 'NONE',  ( -105.1978088487350078, 9.583333864162250748, 11.49999999999980105 ) ) ;
#2745 = CARTESIAN_POINT ( 'NONE',  ( -29.43195409900210180, -1.530450096972480012E-21, 160.2587970687999928 ) ) ;
#2746 = CARTESIAN_POINT ( 'NONE',  ( -101.5836193378889902, 3.693999810893150215, 13.34563028475199786 ) ) ;
#2747 = LINE ( 'NONE', #3170, #3043 ) ;
#2748 = CARTESIAN_POINT ( 'NONE',  ( -30.33629631778919844, 2.657852059264829592, 159.9009075195010041 ) ) ;
#2749 = FACE_OUTER_BOUND ( 'NONE', #1205, .T. ) ;
#2750 = CARTESIAN_POINT ( 'NONE',  ( -44.68240643180219962, 2.840281286530490057, 145.1458082782099837 ) ) ;
#2751 = DIRECTION ( 'NONE',  ( -0.04417908600571799488, -0.9990236275278777667, 8.600626808065557514E-07 ) ) ;
#2752 = ORIENTED_EDGE ( 'NONE', *, *, #444, .F. ) ;
#2753 = CARTESIAN_POINT ( 'NONE',  ( -43.66468312410199815, 0.0000000000000000000, 139.5300223778319832 ) ) ;
#2754 = CARTESIAN_POINT ( 'NONE',  ( -92.00405045168409401, 0.0000000000000000000, 140.7917345012010060 ) ) ;
#2755 = ORIENTED_EDGE ( 'NONE', *, *, #5, .T. ) ;
#2756 = FACE_OUTER_BOUND ( 'NONE', #2771, .T. ) ;
#2757 = CARTESIAN_POINT ( 'NONE',  ( 0.0000000000000000000, 7.500000000000000000, 149.1705927090359864 ) ) ;
#2758 = PERSON_AND_ORGANIZATION ( #2854, #2916 ) ;
#2759 = CARTESIAN_POINT ( 'NONE',  ( -113.5126878880769965, 2.651548150180619956, 1.095221860398889913 ) ) ;
#2760 = CARTESIAN_POINT ( 'NONE',  ( -91.91380733076100285, 3.440888672792219882, 139.3623806155090108 ) ) ;
#2761 = CARTESIAN_POINT ( 'NONE',  ( -51.73727955414139501, 2.929992457181930021, 147.9610358488059774 ) ) ;
#2762 = EDGE_CURVE ( 'NONE', #32, #1514, #880, .T. ) ;
#2763 = EDGE_CURVE ( 'NONE', #1792, #515, #3589, .T. ) ;
#2764 = CARTESIAN_POINT ( 'NONE',  ( -23.37013656669680017, 2.569268339623440145, 157.3747339980099866 ) ) ;
#2765 = CARTESIAN_POINT ( 'NONE',  ( -105.0282425151989827, 13.09932242070900088, 11.49999999999980105 ) ) ;
#2766 = CARTESIAN_POINT ( 'NONE',  ( -100.6039222012889951, 3.551394570277250029, 13.34538353274250078 ) ) ;
#2767 = AXIS2_PLACEMENT_3D ( 'NONE', #1788, #90, #2776 ) ;
#2768 = CARTESIAN_POINT ( 'NONE',  ( -71.66817956452470639, 0.0000000000000000000, 157.0262026361519929 ) ) ;
#2769 = EDGE_CURVE ( 'NONE', #3466, #579, #117, .T. ) ;
#2770 = CARTESIAN_POINT ( 'NONE',  ( -52.84085623724340053, 13.00321644496600015, 148.5251873153569875 ) ) ;
#2771 = EDGE_LOOP ( 'NONE', ( #1483, #549, #1016, #1045 ) ) ;
#2772 = AXIS2_PLACEMENT_3D ( 'NONE', #3819, #2218, #1891 ) ;
#2773 = CARTESIAN_POINT ( 'NONE',  ( -26.02594320218209845, 0.0000000000000000000, 160.4262811823530228 ) ) ;
#2774 = CARTESIAN_POINT ( 'NONE',  ( -87.08153897073030691, -0.001000001298026020023, 137.8609707278629912 ) ) ;
#2775 = CARTESIAN_POINT ( 'NONE',  ( -44.56019935820719979, 2.838727133373700084, 144.3114642755079728 ) ) ;
#2776 = DIRECTION ( 'NONE',  ( -0.5004356563159240157, 0.0000000000000000000, 0.8657737313453500727 ) ) ;
#2777 = EDGE_LOOP ( 'NONE', ( #1629, #201, #1618 ) ) ;
#2778 = CARTESIAN_POINT ( 'NONE',  ( -84.72580736747099195, 0.0000000000000000000, 147.1656165055540271 ) ) ;
#2779 = FACE_OUTER_BOUND ( 'NONE', #3817, .T. ) ;
#2780 = ORIENTED_EDGE ( 'NONE', *, *, #2815, .T. ) ;
#2781 = CARTESIAN_POINT ( 'NONE',  ( -24.18429190863050238, 0.0000000000000000000, 154.6338411126600079 ) ) ;
#2782 = CARTESIAN_POINT ( 'NONE',  ( -3.208437676244487058, 3.604245597248247446, 0.07903237358879167118 ) ) ;
#2783 = DIRECTION ( 'NONE',  ( 0.0000000000000000000, 0.0000000000000000000, -1.000000000000000000 ) ) ;
#2784 = CARTESIAN_POINT ( 'NONE',  ( -91.63355778519270700, 3.437324942276089867, 138.9253481502830141 ) ) ;
#2785 = CARTESIAN_POINT ( 'NONE',  ( -50.82381327127740178, 2.918377079255690010, 147.0617934782490011 ) ) ;
#2786 = CARTESIAN_POINT ( 'NONE',  ( -24.01448734611309987, 2.577461605528060140, 159.7005417038420205 ) ) ;
#2787 = CARTESIAN_POINT ( 'NONE',  ( -105.3267298346460024, 3.611451094724710931, 10.03553390592869654 ) ) ;
#2788 = EDGE_CURVE ( 'NONE', #3903, #1514, #2997, .T. ) ;
#2789 = CARTESIAN_POINT ( 'NONE',  ( -104.0217065966610051, 5.290859410633470539, 12.11653297257590012 ) ) ;
#2790 = CARTESIAN_POINT ( 'NONE',  ( -71.81371492703530635, 0.0000000000000000000, 157.7932364962780127 ) ) ;
#2791 = CARTESIAN_POINT ( 'NONE',  ( -50.38760007399219631, 0.0000000000000000000, 145.6434266774950004 ) ) ;
#2792 = VECTOR ( 'NONE', #3397, 1000.000000000000114 ) ;
#2793 = ORIENTED_EDGE ( 'NONE', *, *, #3389, .T. ) ;
#2794 = VECTOR ( 'NONE', #3599, 1000.000000000000000 ) ;
#2795 = CARTESIAN_POINT ( 'NONE',  ( -114.2473849428159696, 0.5451009789326031196, 1.876660743176311374 ) ) ;
#2796 = DIRECTION ( 'NONE',  ( 0.0000000000000000000, 1.000000000000000000, 0.0000000000000000000 ) ) ;
#2797 = DIRECTION ( 'NONE',  ( 0.0000000000000000000, 1.000000000000000000, 0.0000000000000000000 ) ) ;
#2798 = CARTESIAN_POINT ( 'NONE',  ( -102.8070772244722804, 4.258670510180068369, 12.73086011831201603 ) ) ;
#2799 = EDGE_LOOP ( 'NONE', ( #3133, #2898, #2254, #4156 ) ) ;
#2800 = CARTESIAN_POINT ( 'NONE',  ( -84.15746160056669112, 0.0000000000000000000, 147.9312192311979857 ) ) ;
#2801 = FACE_OUTER_BOUND ( 'NONE', #1365, .T. ) ;
#2802 = B_SPLINE_SURFACE_WITH_KNOTS ( 'NONE', 2, 1, ( 
 ( #1305, #2922 ),
 ( #936, #636 ),
 ( #1933, #595 ) ),
 .UNSPECIFIED., .F., .F., .F.,
 ( 3, 3 ),
 ( 2, 2 ),
 ( -2.000000000000000000, -1.000000000000000000 ),
 ( 0.0000000000000000000, 1.300421644626400086 ),
 .UNSPECIFIED. ) ;
#2803 = VERTEX_POINT ( 'NONE', #2645 ) ;
#2804 = CARTESIAN_POINT ( 'NONE',  ( -23.28738532325050059, 0.0000000000000000000, 158.3406977984430171 ) ) ;
#2805 = CARTESIAN_POINT ( 'NONE',  ( -42.66530181151970424, 2.814630696184780234, 148.6309482772360013 ) ) ;
#2806 = APPROVAL_STATUS ( 'not_yet_approved' ) ;
#2807 = CARTESIAN_POINT ( 'NONE',  ( -64.93554963756679399, -0.001000001298026020023, 155.4866532908079932 ) ) ;
#2808 = CARTESIAN_POINT ( 'NONE',  ( -90.89668614848770289, 3.427954679309659802, 146.1648806441019985 ) ) ;
#2809 = ORIENTED_EDGE ( 'NONE', *, *, #1398, .F. ) ;
#2810 = CARTESIAN_POINT ( 'NONE',  ( -50.75051301036329932, 2.917444697326029956, 143.5179943286840114 ) ) ;
#2811 = CARTESIAN_POINT ( 'NONE',  ( -24.24034312526359969, 2.580334237164310096, 154.4253374520359898 ) ) ;
#2812 = CARTESIAN_POINT ( 'NONE',  ( -104.1605647564069841, 5.336871032498583745, 10.09363396180880379 ) ) ;
#2813 = CARTESIAN_POINT ( 'NONE',  ( -71.43442678606609775, 0.0000000000000000000, 156.2233704336640017 ) ) ;
#2814 = CARTESIAN_POINT ( 'NONE',  ( -51.60925997613550464, 0.0000000000000000000, 140.3400755893040071 ) ) ;
#2815 = EDGE_CURVE ( 'NONE', #1589, #3396, #1999, .T. ) ;
#2816 = ORIENTED_EDGE ( 'NONE', *, *, #2714, .F. ) ;
#2817 = CARTESIAN_POINT ( 'NONE',  ( -114.8000988391970196, 0.0000000000000000000, 4.000000000000000000 ) ) ;
#2818 = CARTESIAN_POINT ( 'NONE',  ( 52.56741241248699481, 3.995356370322069139, 292.3202494080499605 ) ) ;
#2819 = CARTESIAN_POINT ( 'NONE',  ( -9.206919261501605334, 5.968588564545949104, 11.59770690726380593 ) ) ;
#2820 = EDGE_CURVE ( 'NONE', #3211, #1901, #3192, .T. ) ;
#2821 = CARTESIAN_POINT ( 'NONE',  ( -113.0886114414815324, 2.973688340901507158E-14, 6.062045078839917167 ) ) ;
#2822 = ORIENTED_EDGE ( 'NONE', *, *, #1300, .F. ) ;
#2823 = CARTESIAN_POINT ( 'NONE',  ( -85.12114680365920094, 0.0000000000000000000, 145.6975866641690232 ) ) ;
#2824 = CARTESIAN_POINT ( 'NONE',  ( -91.86165926322370012, 0.0000000000000000000, 141.4373664458769895 ) ) ;
#2825 = EDGE_LOOP ( 'NONE', ( #1690, #1837, #1221, #1302 ) ) ;
#2826 = CARTESIAN_POINT ( 'NONE',  ( -23.83522002695760023, 0.0000000000000000000, 155.7507845503729982 ) ) ;
#2827 = PLANE ( 'NONE',  #428 ) ;
#2828 = CARTESIAN_POINT ( 'NONE',  ( -63.78832278624899033, 3.083236885485160172, 157.5094714805629792 ) ) ;
#2829 = CARTESIAN_POINT ( 'NONE',  ( -91.32029996236559555, 3.433341184114790057, 138.6282651709489926 ) ) ;
#2830 = EDGE_LOOP ( 'NONE', ( #2059, #897 ) ) ;
#2831 = CARTESIAN_POINT ( 'NONE',  ( -50.65620431195139872, 2.916245507437990270, 143.8253357806870270 ) ) ;
#2832 = CARTESIAN_POINT ( 'NONE',  ( -23.86338429345650169, 2.575540723717899994, 150.8098493701290010 ) ) ;
#2833 = CARTESIAN_POINT ( 'NONE',  ( -71.83513481643511511, 0.0000000000000000000, 158.1580133869900067 ) ) ;
#2834 = CARTESIAN_POINT ( 'NONE',  ( -51.59893841218950428, 2.190523078740219871E-19, 139.9406544022920116 ) ) ;
#2835 = ORIENTED_EDGE ( 'NONE', *, *, #3079, .T. ) ;
#2836 = AXIS2_PLACEMENT_3D ( 'NONE', #2637, #651, #3295 ) ;
#2837 = CARTESIAN_POINT ( 'NONE',  ( -111.2378976158351378, 12.86469395575260144, 5.001000000000000334 ) ) ;
#2838 = CARTESIAN_POINT ( 'NONE',  ( -112.1886369400597943, 1.128017032463658698, 1.213164877096219785 ) ) ;
#2839 = CARTESIAN_POINT ( 'NONE',  ( -33.33435873425239748, 2.695976804550050066, 149.4573383395430142 ) ) ;
#2840 = CARTESIAN_POINT ( 'NONE',  ( -9.312088004811915454, 5.663954221588602067, 11.64835027731504802 ) ) ;
#2841 = AXIS2_PLACEMENT_3D ( 'NONE', #2818, #2546, #3453 ) ;
#2842 = CARTESIAN_POINT ( 'NONE',  ( -73.19703201215308752, 3.202881951655939918, 149.5784336479520107 ) ) ;
#2843 = ORIENTED_EDGE ( 'NONE', *, *, #3549, .F. ) ;
#2844 = CARTESIAN_POINT ( 'NONE',  ( -85.10711360039461226, 2.168404344971009831E-19, 145.0410860881660255 ) ) ;
#2845 = ADVANCED_FACE ( 'NONE', ( #3268 ), #1338, .F. ) ;
#2846 = CARTESIAN_POINT ( 'NONE',  ( -102.7128620838609976, 8.578616674318400470, 8.999999999999799272 ) ) ;
#2847 = CARTESIAN_POINT ( 'NONE',  ( -23.77007222637889683, 0.0000000000000000000, 159.4889434385360119 ) ) ;
#2848 = CARTESIAN_POINT ( 'NONE',  ( -40.38386883905940294, 2.785619762632530083, 149.0412696102320069 ) ) ;
#2849 = CARTESIAN_POINT ( 'NONE',  ( -64.14130572961420285, 3.087725882591669802, 159.3744125910930052 ) ) ;
#2850 = CARTESIAN_POINT ( 'NONE',  ( -11.91310276841596405, 4.750601803854820560, 9.771311338778348343 ) ) ;
#2851 = ADVANCED_FACE ( 'NONE', ( #2 ), #2654, .T. ) ;
#2852 = VERTEX_POINT ( 'NONE', #1086 ) ;
#2853 = CARTESIAN_POINT ( 'NONE',  ( -50.42560584331259577, 2.913313254307180244, 146.0175263890129997 ) ) ;
#2854 = PERSON ( 'UNSPECIFIED', 'UNSPECIFIED', 'UNSPECIFIED', ('UNSPECIFIED'), ('UNSPECIFIED'), ('UNSPECIFIED') ) ;
#2855 = CARTESIAN_POINT ( 'NONE',  ( -23.07072422367560094, 2.565461072597730041, 150.0224313233709950 ) ) ;
#2856 = CARTESIAN_POINT ( 'NONE',  ( -27.33042805725549940, 0.0000000000000000000, 152.8824597521790167 ) ) ;
#2857 = CARTESIAN_POINT ( 'NONE',  ( -71.83236016496790910, 0.0000000000000000000, 158.0379721060280076 ) ) ;
#2858 = CARTESIAN_POINT ( 'NONE',  ( -51.26680267512240619, 0.0000000000000000000, 141.9467464575469933 ) ) ;
#2859 = CARTESIAN_POINT ( 'NONE',  ( -71.83492515750079122, 3.185560069188010157, 158.1599637307160151 ) ) ;
#2860 = ORIENTED_EDGE ( 'NONE', *, *, #319, .T. ) ;
#2861 = CARTESIAN_POINT ( 'NONE',  ( -8.987613395358009072, 7.465475172613320609, 149.1705927090359864 ) ) ;
#2862 = CARTESIAN_POINT ( 'NONE',  ( -111.9208230963805306, 1.651211985166798124, 0.7557086412075143533 ) ) ;
#2863 = CARTESIAN_POINT ( 'NONE',  ( -72.09323319791670315, 3.188844672730370089, 149.9871324693949930 ) ) ;
#2864 = CIRCLE ( 'NONE', #3200, 156.3250028482610219 ) ;
#2865 = CARTESIAN_POINT ( 'NONE',  ( -7.357736403911819600, 0.0000000000000000000, 8.500999999999999446 ) ) ;
#2866 = CARTESIAN_POINT ( 'NONE',  ( -72.34475268460390396, 3.192043176636470303, 149.8159981027159802 ) ) ;
#2867 = ORIENTED_EDGE ( 'NONE', *, *, #868, .T. ) ;
#2868 = CARTESIAN_POINT ( 'NONE',  ( -84.83062066524090028, 0.0000000000000000000, 143.5441354739969881 ) ) ;
#2869 = CARTESIAN_POINT ( 'NONE',  ( -91.01429449437411279, 0.0000000000000000000, 146.6409102420680028 ) ) ;
#2870 = CARTESIAN_POINT ( 'NONE',  ( -23.86075364908339935, 0.0000000000000000000, 159.5780705004410152 ) ) ;
#2871 = CARTESIAN_POINT ( 'NONE',  ( -107.2040638491116340, 0.3036473047978889284, 2.217213313749911041 ) ) ;
#2872 = ADVANCED_FACE ( 'NONE', ( #1683 ), #679, .F. ) ;
#2873 = CARTESIAN_POINT ( 'NONE',  ( -63.98909054498449933, 3.085790358032990177, 159.1506226567940132 ) ) ;
#2874 = CARTESIAN_POINT ( 'NONE',  ( -12.30558687257993000, 3.825744296584988380, 10.53316707144774611 ) ) ;
#2875 = ORIENTED_EDGE ( 'NONE', *, *, #1591, .T. ) ;
#2876 = CARTESIAN_POINT ( 'NONE',  ( -51.46607353529840623, 2.926544134095550032, 139.4034480695250124 ) ) ;
#2877 = CARTESIAN_POINT ( 'NONE',  ( -24.16135880503910371, 2.579329861150919889, 151.2942465483139927 ) ) ;
#2878 =( BOUNDED_SURFACE ( )  B_SPLINE_SURFACE ( 3, 2, ( 
 ( #4017, #3653, #2711 ),
 ( #3405, #441, #1800 ),
 ( #4059, #1412, #2727 ),
 ( #3386, #3426, #3109 ),
 ( #1760, #120, #782 ),
 ( #1084, #806, #3129 ),
 ( #2410, #2812, #4122 ),
 ( #1129, #2391, #3088 ),
 ( #4037, #162, #2789 ),
 ( #1106, #3070, #3735 ),
 ( #762, #1437, #3693 ),
 ( #746, #506, #1479 ),
 ( #460, #184, #2072 ),
 ( #3712, #3370, #2746 ),
 ( #2766, #4099, #2151 ),
 ( #2106, #2088, #2428 ) ),
 .UNSPECIFIED., .F., .F., .F. ) 
 B_SPLINE_SURFACE_WITH_KNOTS ( ( 4, 2, 2, 2, 2, 2, 2, 4 ),
 ( 3, 3 ),
 ( 3.141592653589790007, 3.337942194439150079, 3.534291735288519920, 3.730641276137879991, 3.926990816987240063, 4.123340357836600134, 4.319689898685970419, 4.712388980384689674 ),
 ( 0.0000000000000000000, 1.000000000000000000 ),
 .UNSPECIFIED. ) 
 GEOMETRIC_REPRESENTATION_ITEM ( )  RATIONAL_B_SPLINE_SURFACE ( (
 ( 1.000000000000000000, 0.7071067811865460184, 1.000000000000000000),
 ( 1.000000000000000000, 0.7070717273041059459, 1.000000000000000000),
 ( 1.000000000000000000, 0.7117460039581410269, 1.000000000000000000),
 ( 1.000000000000000000, 0.7291288925851769909, 1.000000000000000000),
 ( 1.000000000000000000, 0.7418334198131210089, 1.000000000000000000),
 ( 1.000000000000000000, 0.7723968198840830413, 1.000000000000000000),
 ( 1.000000000000000000, 0.7902180103235020292, 1.000000000000000000),
 ( 1.000000000000000000, 0.8275942679198390328, 1.000000000000000000),
 ( 1.000000000000000000, 0.8471316616387200016, 1.000000000000000000),
 ( 1.000000000000000000, 0.8849191459301569695, 1.000000000000000000),
 ( 1.000000000000000000, 0.9031651001990880223, 1.000000000000000000),
 ( 1.000000000000000000, 0.9360421834873099423, 1.000000000000000000),
 ( 1.000000000000000000, 0.9506740358621320608, 1.000000000000000000),
 ( 1.000000000000000000, 0.9867291879192060522, 1.000000000000000000),
 ( 1.000000000000000000, 1.000158581772790045, 1.000000000000000000),
 ( 1.000000000000000000, 1.000000000000000000, 1.000000000000000000) ) ) 
 REPRESENTATION_ITEM ( '' )  SURFACE ( )  );
#2879 = LINE ( 'NONE', #2493, #1441 ) ;
#2880 = B_SPLINE_CURVE_WITH_KNOTS ( 'NONE', 3,
 ( #517, #1118, #1491, #3809, #471, #4111, #194, #219, #1446, #3459, #3833, #818, #3768, #1468, #1162, #565, #2461, #1791, #4133, #2484, #2530, #1184, #3437, #2438, #4067, #839, #3078, #2164, #1513, #2184, #1814, #131, #3097, #2754, #795, #3789, #1836, #2118, #2824, #883, #149, #1859, #4158, #3918, #1604, #1624, #2633, #649, #242, #4183, #1277, #630, #3206, #1882, #2552, #1946, #4226, #3938, #3616, #2935, #263, #2256, #3856, #2276, #967, #1643, #306, #3879, #2955, #2595, #2315, #3183, #2915, #1966, #3550, #1559, #4245, #2869, #1231, #905, #1319, #2615, #2233, #1925, #3250, #3272, #3529, #3572, #990, #929, #2575, #1584, #3900, #588, #2893, #1904, #1297 ),
 .UNSPECIFIED., .F., .F.,
 ( 4, 3, 3, 3, 3, 3, 3, 3, 3, 3, 3, 3, 3, 3, 3, 3, 3, 3, 3, 3, 3, 3, 3, 3, 3, 3, 3, 3, 3, 3, 3, 3, 4 ),
 ( 0.0000000000000000000, 0.07065419209845680282, 0.1413083841969139942, 0.2119625762954160109, 0.2826167683938960451, 0.3532709604923729985, 0.4239251525908360185, 0.4945793446892789991, 0.5652335367877460159, 0.6358877288861800592, 0.7065419209846430793, 0.7771961130831069875, 0.8478503051816210778, 0.9185044972800611163, 0.9891586893785411227, 1.059812881477010027, 1.132963926712089897, 1.203618118810560134, 1.274272310909039918, 1.344926503007529917, 1.415580695106020137, 1.486234887204489930, 1.556889079303010126, 1.627543271401499902, 1.698197463499980131, 1.768851655598459915, 1.839505847696909946, 1.910160039795410158, 1.980814231893849975, 2.051468423992320211, 2.122122616090790004, 2.192776808189270010, 2.230229605238370105 ),
 .UNSPECIFIED. ) ;
#2881 = CARTESIAN_POINT ( 'NONE',  ( -71.36650122055169732, 0.0000000000000000000, 150.6596187433529792 ) ) ;
#2882 = VECTOR ( 'NONE', #1526, 1000.000000000000000 ) ;
#2883 = CARTESIAN_POINT ( 'NONE',  ( -88.94016535008579183, 3.403075021215750340, 137.8609707278629912 ) ) ;
#2884 = CARTESIAN_POINT ( 'NONE',  ( -70.82506975350770517, 3.172718320218749888, 154.2280276299900095 ) ) ;
#2885 = EDGE_LOOP ( 'NONE', ( #1094, #2309, #523, #1466 ) ) ;
#2886 = CARTESIAN_POINT ( 'NONE',  ( -42.99652753305959862, 13.00321644496600015, 148.5251873153569875 ) ) ;
#2887 = CARTESIAN_POINT ( 'NONE',  ( -112.4181472339874972, 0.6791552651154044717, 1.758851804574578015 ) ) ;
#2888 = CARTESIAN_POINT ( 'NONE',  ( -84.08967445191208867, 3.341394841156969608, 140.3730286417909952 ) ) ;
#2889 = CARTESIAN_POINT ( 'NONE',  ( -14.05662661152139847, 2.450835289238920023, 13.99999999999979927 ) ) ;
#2890 = CARTESIAN_POINT ( 'NONE',  ( -74.92218631788780669, 3.224818599092280191, 149.3055601748290258 ) ) ;
#2891 = ORIENTED_EDGE ( 'NONE', *, *, #3127, .T. ) ;
#2892 = CARTESIAN_POINT ( 'NONE',  ( -84.20454261353660286, 0.0000000000000000000, 139.5281538496770111 ) ) ;
#2893 = CARTESIAN_POINT ( 'NONE',  ( -92.42407108884718525, 2.176120285282900084E-19, 148.4259957825879894 ) ) ;
#2894 = CARTESIAN_POINT ( 'NONE',  ( -48.48654928131739439, -0.001000001298026020023, 137.8609707278629912 ) ) ;
#2895 = CARTESIAN_POINT ( 'NONE',  ( -64.73103040696081223, 3.095224984238799770, 154.3343490958559983 ) ) ;
#2896 = ORIENTED_EDGE ( 'NONE', *, *, #294, .T. ) ;
#2897 = CARTESIAN_POINT ( 'NONE',  ( -22.76971949867539990, -0.001000001298026020023, 149.8159981027159802 ) ) ;
#2898 = ORIENTED_EDGE ( 'NONE', *, *, #812, .F. ) ;
#2899 = DIRECTION ( 'NONE',  ( 0.0000000000000000000, -1.000000000000000000, 0.0000000000000000000 ) ) ;
#2900 = CARTESIAN_POINT ( 'NONE',  ( -1.469805346854808681, 0.06109697387788679684, 4.682258954356866454 ) ) ;
#2901 = DIRECTION ( 'NONE',  ( 0.0000000000000000000, -1.000000000000000000, 0.0000000000000000000 ) ) ;
#2902 = EDGE_CURVE ( 'NONE', #2960, #1771, #1741, .T. ) ;
#2903 = EDGE_CURVE ( 'NONE', #2362, #4119, #408, .T. ) ;
#2904 = CARTESIAN_POINT ( 'NONE',  ( -70.64071707312639603, 2.149606724271219853E-19, 152.4243925736199969 ) ) ;
#2905 = CARTESIAN_POINT ( 'NONE',  ( -42.99652753305959862, 2.818843051174050096, 148.5251873153569875 ) ) ;
#2906 = CARTESIAN_POINT ( 'NONE',  ( -70.62535662942869408, 3.170178872975130346, 152.9268398089259904 ) ) ;
#2907 = VERTEX_POINT ( 'NONE', #1722 ) ;
#2908 = CARTESIAN_POINT ( 'NONE',  ( -111.6656410625912343, 3.995356370322069139, 9.401000000025344860 ) ) ;
#2909 = CARTESIAN_POINT ( 'NONE',  ( -84.90371514937099562, 3.351747161249000406, 143.8213333193589847 ) ) ;
#2910 = CARTESIAN_POINT ( 'NONE',  ( -50.39351800874099752, -0.001000001298026020023, 142.8483361194390113 ) ) ;
#2911 = AXIS2_PLACEMENT_3D ( 'NONE', #309, #2682, #1322 ) ;
#2912 = CARTESIAN_POINT ( 'NONE',  ( -73.78797480302699796, 3.210396143856519835, 149.4573383395419910 ) ) ;
#2913 = VERTEX_POINT ( 'NONE', #2052 ) ;
#2914 = CARTESIAN_POINT ( 'NONE',  ( -84.34439978603079169, 0.0000000000000000000, 139.2143307033849737 ) ) ;
#2915 = CARTESIAN_POINT ( 'NONE',  ( -90.88159617960219805, 0.0000000000000000000, 146.0251579955649959 ) ) ;
#2916 = ORGANIZATION ( 'UNSPECIFIED', 'UNSPECIFIED', '' ) ;
#2917 = CARTESIAN_POINT ( 'NONE',  ( -44.06351489616690031, 2.832411156765519689, 138.8576497663929956 ) ) ;
#2918 = CARTESIAN_POINT ( 'NONE',  ( -64.44351810964099059, 3.091569098787799952, 155.2824620087130256 ) ) ;
#2919 = EDGE_LOOP ( 'NONE', ( #4248, #4068, #109, #1930 ) ) ;
#2920 = CARTESIAN_POINT ( 'NONE',  ( -13.75698327056517911, 2.482432696704548913, 13.40129959429030571 ) ) ;
#2921 = EDGE_LOOP ( 'NONE', ( #772, #3608, #1751, #4238 ) ) ;
#2922 = CARTESIAN_POINT ( 'NONE',  ( -98.12425617760010255, 13.00321644496600015, 149.1705927090359864 ) ) ;
#2923 = CARTESIAN_POINT ( 'NONE',  ( -24.31073134023939630, 2.581229460969499900, 151.6400809914499916 ) ) ;
#2924 = LINE ( 'NONE', #1264, #1309 ) ;
#2925 = CARTESIAN_POINT ( 'NONE',  ( -2.253372488825098330, 3.126801902735856675, 0.4007439094062485996 ) ) ;
#2926 = CARTESIAN_POINT ( 'NONE',  ( -51.87272702808660085, 0.0000000000000000000, 148.0487115080460114 ) ) ;
#2927 = CARTESIAN_POINT ( 'NONE',  ( -71.64292251087169916, 3.183118435274649993, 159.0677989404379957 ) ) ;
#2928 = ORIENTED_EDGE ( 'NONE', *, *, #2168, .F. ) ;
#2929 = EDGE_CURVE ( 'NONE', #1119, #2521, #2021, .T. ) ;
#2930 = CARTESIAN_POINT ( 'NONE',  ( -111.6656410625911349, 3.995356370322069139, 5.001000000000000334 ) ) ;
#2931 = CARTESIAN_POINT ( 'NONE',  ( -84.15490711923328604, 3.342224455041489684, 139.6912725139449947 ) ) ;
#2932 = CARTESIAN_POINT ( 'NONE',  ( -30.19414421060269760, 2.656044531239609707, 152.3366000621109890 ) ) ;
#2933 = CARTESIAN_POINT ( 'NONE',  ( -31.27551421177700419, 0.0000000000000000000, 157.2866276465319970 ) ) ;
#2934 = CARTESIAN_POINT ( 'NONE',  ( -2.992759969817342380, 1.985525654861761691, 0.5048535932885341859 ) ) ;
#2935 = CARTESIAN_POINT ( 'NONE',  ( -91.00196456127231670, 0.0000000000000000000, 144.3146581937409678 ) ) ;
#2936 = CARTESIAN_POINT ( 'NONE',  ( 0.0000000000000000000, 7.500000000000000000, 4.000000000000000000 ) ) ;
#2937 = VECTOR ( 'NONE', #2708, 1000.000000000000000 ) ;
#2938 = FACE_OUTER_BOUND ( 'NONE', #2463, .T. ) ;
#2939 = ORIENTED_EDGE ( 'NONE', *, *, #2148, .T. ) ;
#2940 = CARTESIAN_POINT ( 'NONE',  ( -11.58750921778785603, 6.039949031393915035, 9.153418659347288155 ) ) ;
#2941 = ORIENTED_EDGE ( 'NONE', *, *, #978, .F. ) ;
#2942 = CARTESIAN_POINT ( 'NONE',  ( -50.58091949930219755, 2.915288265951210267, 138.4680091620500093 ) ) ;
#2943 = CARTESIAN_POINT ( 'NONE',  ( -64.37525796856000682, 0.0000000000000000000, 155.4874726112380188 ) ) ;
#2944 = PLANE ( 'NONE',  #3569 ) ;
#2945 = DIRECTION ( 'NONE',  ( 0.9988390926266200731, -0.04817122627492942399, 2.346733918356647667E-11 ) ) ;
#2946 = CARTESIAN_POINT ( 'NONE',  ( -71.82148610950990530, 3.185389013579699835, 158.4001898074000110 ) ) ;
#2947 = ORIENTED_EDGE ( 'NONE', *, *, #2643, .T. ) ;
#2948 = CARTESIAN_POINT ( 'NONE',  ( -114.0434928689719811, 13.00000000000000000, 0.0000000000000000000 ) ) ;
#2949 = CARTESIAN_POINT ( 'NONE',  ( -84.49793248824080649, 3.346586890501319633, 142.3714099007939922 ) ) ;
#2950 = EDGE_CURVE ( 'NONE', #3113, #1557, #2747, .T. ) ;
#2951 = CARTESIAN_POINT ( 'NONE',  ( -30.91297756577400335, 2.665185462225729829, 150.6595575974070016 ) ) ;
#2952 = CIRCLE ( 'NONE', #2611, 2.000000000000000000 ) ;
#2953 = CARTESIAN_POINT ( 'NONE',  ( -29.00026427788650096, 0.0000000000000000000, 160.3587903754219894 ) ) ;
#2954 = DIRECTION ( 'NONE',  ( 0.0000000000000000000, 0.0000000000000000000, 1.000000000000000000 ) ) ;
#2955 = CARTESIAN_POINT ( 'NONE',  ( -90.85186363127370157, 0.0000000000000000000, 145.5139821747200131 ) ) ;
#2956 = EDGE_CURVE ( 'NONE', #3483, #3905, #3448, .T. ) ;
#2957 = DIRECTION ( 'NONE',  ( 0.0000000000000000000, 1.000000000000000000, 0.0000000000000000000 ) ) ;
#2958 = EDGE_CURVE ( 'NONE', #1163, #1525, #4020, .T. ) ;
#2959 = CARTESIAN_POINT ( 'NONE',  ( -64.63922791818779956, 3.094057598471820381, 151.4914655127880110 ) ) ;
#2960 = VERTEX_POINT ( 'NONE', #2757 ) ;
#2961 = CARTESIAN_POINT ( 'NONE',  ( -44.63649644401060357, 0.0000000000000000000, 146.2190820275560270 ) ) ;
#2962 = ORIENTED_EDGE ( 'NONE', *, *, #1248, .F. ) ;
#2963 = CARTESIAN_POINT ( 'NONE',  ( -9.001204309022416084, 7.154701906856113069, 9.004797217754585859 ) ) ;
#2964 = CARTESIAN_POINT ( 'NONE',  ( -64.26132240059540379, 0.0000000000000000000, 159.5059342312490003 ) ) ;
#2965 = CARTESIAN_POINT ( 'NONE',  ( -85.88169456070809815, 3.364180900227240034, 138.1281158218179996 ) ) ;
#2966 = DIRECTION ( 'NONE',  ( -0.9990236688736078285, 0.04417815105135059622, 0.0000000000000000000 ) ) ;
#2967 = CARTESIAN_POINT ( 'NONE',  ( -2.017447207803569675, 2.017447207803569675, 0.4439521363506349072 ) ) ;
#2968 = CARTESIAN_POINT ( 'NONE',  ( -111.3153837659071286, 2.828680295744310680, 0.1720908488041807127 ) ) ;
#2969 = CARTESIAN_POINT ( 'NONE',  ( -114.7245066141064456, 2.055047179217248221, 3.359282006216875782 ) ) ;
#2970 = CARTESIAN_POINT ( 'NONE',  ( -114.0434727340204972, 12.99999902894747983, 1.656772550796022481 ) ) ;
#2971 = ORIENTED_EDGE ( 'NONE', *, *, #183, .T. ) ;
#2972 = PLANE ( 'NONE',  #2470 ) ;
#2973 = CARTESIAN_POINT ( 'NONE',  ( -83.63006642934608692, 3.335550378160879959, 148.3952849837060057 ) ) ;
#2974 = CARTESIAN_POINT ( 'NONE',  ( -52.84085623724330105, 13.00321644496600015, 148.5251873153569875 ) ) ;
#2975 = CARTESIAN_POINT ( 'NONE',  ( -31.14544606438190044, 0.0000000000000000000, 159.1499728647500262 ) ) ;
#2976 = CARTESIAN_POINT ( 'NONE',  ( -86.23430986067479864, 0.0000000000000000000, 138.0287194587709791 ) ) ;
#2977 = CARTESIAN_POINT ( 'NONE',  ( -91.14100562630831348, 3.431061578607599749, 146.9588601772740049 ) ) ;
#2978 = CARTESIAN_POINT ( 'NONE',  ( -44.52829019403480260, 2.838321786283269699, 138.4901421425240073 ) ) ;
#2979 = EDGE_CURVE ( 'NONE', #2362, #299, #1804, .T. ) ;
#2980 = AXIS2_PLACEMENT_3D ( 'NONE', #2287, #2586, #275 ) ;
#2981 = CARTESIAN_POINT ( 'NONE',  ( -111.6656410625911349, 3.995356370322069139, 5.001000000000000334 ) ) ;
#2982 = ORIENTED_EDGE ( 'NONE', *, *, #3759, .T. ) ;
#2983 = CARTESIAN_POINT ( 'NONE',  ( -43.82409327452779735, 0.0000000000000000000, 147.8332420359600121 ) ) ;
#2984 = ORIENTED_EDGE ( 'NONE', *, *, #3367, .F. ) ;
#2985 = CARTESIAN_POINT ( 'NONE',  ( -48.88852977490839891, 2.893767376734739827, 137.9151128167409865 ) ) ;
#2986 = CARTESIAN_POINT ( 'NONE',  ( -64.06512037767569723, 0.0000000000000000000, 156.4265147103299682 ) ) ;
#2987 = EDGE_CURVE ( 'NONE', #4209, #3586, #3665, .T. ) ;
#2988 = CARTESIAN_POINT ( 'NONE',  ( -86.19206625681060530, 3.368127475504949953, 138.0375494888329797 ) ) ;
#2989 = LINE ( 'NONE', #3366, #3686 ) ;
#2990 = CARTESIAN_POINT ( 'NONE',  ( -7.344533915294846338, 3.995356370322069139, 5.000999999999670820 ) ) ;
#2991 = CARTESIAN_POINT ( 'NONE',  ( -62.44054221136629224, 3.066098504611760145, 149.8159981027159802 ) ) ;
#2992 = DIRECTION ( 'NONE',  ( -1.000000000000000000, 0.0000000000000000000, 9.003423303438630556E-15 ) ) ;
#2993 = CARTESIAN_POINT ( 'NONE',  ( -70.80129069529759533, 3.172416088283380287, 159.8946278968239767 ) ) ;
#2994 = ORIENTED_EDGE ( 'NONE', *, *, #3491, .T. ) ;
#2995 = DIRECTION ( 'NONE',  ( 1.000000000000000000, 0.0000000000000000000, 0.0000000000000000000 ) ) ;
#2996 = CARTESIAN_POINT ( 'NONE',  ( -10.11363822274220148, 4.279773478044889501, 12.04029288634299988 ) ) ;
#2997 =( BOUNDED_CURVE ( )  B_SPLINE_CURVE ( 3, ( #3325, #4011, #36, #96 ),
 .UNSPECIFIED., .F., .T. ) 
 B_SPLINE_CURVE_WITH_KNOTS ( ( 4, 4 ),
 ( 4.796307274618969885, 5.303958088562070294 ),
 .UNSPECIFIED. ) 
 CURVE ( )  GEOMETRIC_REPRESENTATION_ITEM ( )  RATIONAL_B_SPLINE_CURVE ( ( 1.000000000000000000, 0.9786392758610285014, 0.9786392758610285014, 1.000000000000000000 ) ) 
 REPRESENTATION_ITEM ( '' )  );
#2998 = CARTESIAN_POINT ( 'NONE',  ( -30.79790100281419996, 2.663721984321469893, 150.8090418736790070 ) ) ;
#2999 = CARTESIAN_POINT ( 'NONE',  ( -30.49654293691569862, 0.0000000000000000000, 154.6971315590640188 ) ) ;
#3000 = CARTESIAN_POINT ( 'NONE',  ( -86.44201426163759550, 0.0000000000000000000, 137.9753913695319909 ) ) ;
#3001 = CARTESIAN_POINT ( 'NONE',  ( -107.2605271331467947, 3.995356370322069139, 5.001000000000000334 ) ) ;
#3002 = CARTESIAN_POINT ( 'NONE',  ( -101.1428069737401501, 3.634012205368025494, 13.56643275363971313 ) ) ;
#3003 = CARTESIAN_POINT ( 'NONE',  ( -44.44886563891210329, 0.0000000000000000000, 143.8362521283509921 ) ) ;
#3004 = ORIENTED_EDGE ( 'NONE', *, *, #3549, .T. ) ;
#3005 = DIRECTION ( 'NONE',  ( -0.9999191579690125398, 0.01271524779707759560, 0.0000000000000000000 ) ) ;
#3006 = CARTESIAN_POINT ( 'NONE',  ( -71.28011859858401067, 0.0000000000000000000, 150.7673551580820117 ) ) ;
#3007 = EDGE_CURVE ( 'NONE', #451, #616, #1773, .T. ) ;
#3008 = CARTESIAN_POINT ( 'NONE',  ( -64.95094701682359073, 0.0000000000000000000, 152.6969352224119802 ) ) ;
#3009 = DIRECTION ( 'NONE',  ( -1.000000000000000000, 0.0000000000000000000, 9.003423303438600580E-15 ) ) ;
#3010 = CARTESIAN_POINT ( 'NONE',  ( -95.68771059918290689, 0.0000000000000000000, 149.1705927090359864 ) ) ;
#3011 = CARTESIAN_POINT ( 'NONE',  ( -78.78105908028349802, 3.273888863494710311, 149.1623820816460011 ) ) ;
#3012 = CARTESIAN_POINT ( 'NONE',  ( -9.110998630567991086, 4.236915029627179585, 11.49999999999960032 ) ) ;
#3013 = EDGE_LOOP ( 'NONE', ( #1132, #1253, #3943, #3298 ) ) ;
#3014 = LINE ( 'NONE', #366, #3978 ) ;
#3015 = CARTESIAN_POINT ( 'NONE',  ( -12.81836019682729777, 3.070681194185350016, 11.53943036710879966 ) ) ;
#3016 = CARTESIAN_POINT ( 'NONE',  ( -50.65716507508779642, 0.0000000000000000000, 138.5068504134099783 ) ) ;
#3017 = CARTESIAN_POINT ( 'NONE',  ( -30.29295901027710158, 0.0000000000000000000, 153.8754190396500121 ) ) ;
#3018 = CARTESIAN_POINT ( 'NONE',  ( -34.60173012460779773, -0.001000001298026020023, 159.6787754808030115 ) ) ;
#3019 = CARTESIAN_POINT ( 'NONE',  ( -44.17076315706930245, 2.833775333148700337, 142.8667701658160070 ) ) ;
#3020 = CARTESIAN_POINT ( 'NONE',  ( -101.1784908362832027, 3.640865694942203579, 13.54854252124100533 ) ) ;
#3021 = CARTESIAN_POINT ( 'NONE',  ( -44.69689927184950307, 0.0000000000000000000, 145.4529738482210064 ) ) ;
#3022 = ORIENTED_EDGE ( 'NONE', *, *, #2068, .T. ) ;
#3023 = DIRECTION ( 'NONE',  ( 0.04817122723086530306, 0.9988390925805179510, 0.0000000000000000000 ) ) ;
#3024 = CARTESIAN_POINT ( 'NONE',  ( -71.55729339564901181, 0.0000000000000000000, 150.4490065956119906 ) ) ;
#3025 = CARTESIAN_POINT ( 'NONE',  ( -64.92904245002308983, 0.0000000000000000000, 152.4064984397220144 ) ) ;
#3026 = CARTESIAN_POINT ( 'NONE',  ( -85.42030113871179253, 3.358315457101990198, 138.3067545961029623 ) ) ;
#3027 = CARTESIAN_POINT ( 'NONE',  ( -7.158864168944769624, 7.845252078296423903, 5.000999999999670820 ) ) ;
#3028 = CARTESIAN_POINT ( 'NONE',  ( -79.12495974117119601, 3.278261848697499925, 149.1507551767700193 ) ) ;
#3029 = CARTESIAN_POINT ( 'NONE',  ( -44.91639044889569732, 13.00321644496600015, 142.8199153411109990 ) ) ;
#3030 = CARTESIAN_POINT ( 'NONE',  ( -102.8269319397149957, 3.579662975231909794, 8.999999999999788614 ) ) ;
#3031 = ADVANCED_FACE ( 'NONE', ( #3419 ), #410, .F. ) ;
#3032 = FACE_OUTER_BOUND ( 'NONE', #3870, .T. ) ;
#3033 = CARTESIAN_POINT ( 'NONE',  ( -9.578762876158130268, 5.080415435731599594, 11.77796701369989840 ) ) ;
#3034 = CARTESIAN_POINT ( 'NONE',  ( -31.38130908873250391, 2.671140729881609666, 158.1599637307180046 ) ) ;
#3035 = CARTESIAN_POINT ( 'NONE',  ( -102.7128620838609976, 8.578616674318400470, 11.49999999999980105 ) ) ;
#3036 = CARTESIAN_POINT ( 'NONE',  ( -43.56272517980439574, 2.826042976611129909, 140.2634791907680096 ) ) ;
#3037 = FACE_OUTER_BOUND ( 'NONE', #4202, .T. ) ;
#3038 = CARTESIAN_POINT ( 'NONE',  ( -44.51696329386150097, 0.0000000000000000000, 144.1110357385699956 ) ) ;
#3039 = ORIENTED_EDGE ( 'NONE', *, *, #2457, .T. ) ;
#3040 = CARTESIAN_POINT ( 'NONE',  ( -23.28962693871829970, 0.0000000000000000000, 150.1991437268220011 ) ) ;
#3041 = CARTESIAN_POINT ( 'NONE',  ( -3.147684609113593268, 3.573877864255198489, 0.09158130218630824992 ) ) ;
#3042 = PERSON_AND_ORGANIZATION ( #2854, #2916 ) ;
#3043 = VECTOR ( 'NONE', #1196, 1000.000000000000000 ) ;
#3044 = CARTESIAN_POINT ( 'NONE',  ( -86.53100846280250380, 3.372438365192949927, 137.9593903733870093 ) ) ;
#3045 = CARTESIAN_POINT ( 'NONE',  ( -19.87615391068619886, 2.524837728188510155, 149.2735455150269956 ) ) ;
#3046 = CARTESIAN_POINT ( 'NONE',  ( -113.6909409977379966, 0.2276121061002250034, 5.001000000001640799 ) ) ;
#3047 = VECTOR ( 'NONE', #2796, 1000.000000000000000 ) ;
#3048 = CARTESIAN_POINT ( 'NONE',  ( -24.48998777894099987, 2.583508846209060295, 152.7242391778619890 ) ) ;
#3049 = ORIENTED_EDGE ( 'NONE', *, *, #4242, .T. ) ;
#3050 = DIRECTION ( 'NONE',  ( 0.0000000000000000000, 0.0000000000000000000, 1.000000000000000000 ) ) ;
#3051 = DESIGN_CONTEXT ( 'detailed design', #590, 'design' ) ;
#3052 = DIRECTION ( 'NONE',  ( 0.1214093666953641876, 0.0000000000000000000, -0.9926025214952008957 ) ) ;
#3053 = CARTESIAN_POINT ( 'NONE',  ( -48.48654928131739439, 0.0000000000000000000, 137.8609707278629912 ) ) ;
#3054 = EDGE_CURVE ( 'NONE', #3413, #3510, #153, .T. ) ;
#3055 = ADVANCED_BREP_SHAPE_REPRESENTATION ( 'right', ( #2567, #500 ), #2030 ) ;
#3056 = CARTESIAN_POINT ( 'NONE',  ( -43.65921038218260009, 2.827269909055829977, 139.5362416517239978 ) ) ;
#3057 = CARTESIAN_POINT ( 'NONE',  ( -102.1200245653496523, 3.924752744285940231, 13.07598328949630861 ) ) ;
#3058 = CARTESIAN_POINT ( 'NONE',  ( -45.47035065896919548, 0.0000000000000000000, 138.0912125389330072 ) ) ;
#3059 = CARTESIAN_POINT ( 'NONE',  ( -72.34475268460390396, -0.001000001298026020023, 149.8159981027159802 ) ) ;
#3060 = ORIENTED_EDGE ( 'NONE', *, *, #949, .F. ) ;
#3061 = CARTESIAN_POINT ( 'NONE',  ( -109.0404516121579945, 12.75871725584469907, 5.001000000000000334 ) ) ;
#3062 = CARTESIAN_POINT ( 'NONE',  ( -9.110998630568159840, 4.236915029627219553, -48.64979999999999905 ) ) ;
#3063 = SECURITY_CLASSIFICATION_LEVEL ( 'unclassified' ) ;
#3064 = CARTESIAN_POINT ( 'NONE',  ( -47.86854240939487681, 2.880796936075584735, 137.7853797220895729 ) ) ;
#3065 = CARTESIAN_POINT ( 'NONE',  ( -91.06153566753469875, 3.430050808388629857, 144.0653500026870120 ) ) ;
#3066 = CARTESIAN_POINT ( 'NONE',  ( -105.2103562079490331, 8.711365713970078417, 10.46446608957640301 ) ) ;
#3067 = AXIS2_PLACEMENT_3D ( 'NONE', #3906, #3257, #2621 ) ;
#3068 = CARTESIAN_POINT ( 'NONE',  ( -3.269306486040839843, 0.8767006227391209716, 1.500999999998129830 ) ) ;
#3069 = CARTESIAN_POINT ( 'NONE',  ( -105.0282425151989543, 13.09932242070900088, 10.03553390592869654 ) ) ;
#3070 = CARTESIAN_POINT ( 'NONE',  ( -102.9746102825289711, 4.293254727756889544, 11.29276240064130121 ) ) ;
#3071 = DIRECTION ( 'NONE',  ( -1.000000000000000000, 0.0000000000000000000, 0.0000000000000000000 ) ) ;
#3072 = CARTESIAN_POINT ( 'NONE',  ( -31.34416382081849761, 2.670668161828490206, 158.5892137389470236 ) ) ;
#3073 = CARTESIAN_POINT ( 'NONE',  ( -2.000000000000000000, 0.0000000000000000000, 323.7500000000000000 ) ) ;
#3074 = CARTESIAN_POINT ( 'NONE',  ( -43.64471590694459735, 2.827085333700670056, 140.9782754575979880 ) ) ;
#3075 = CARTESIAN_POINT ( 'NONE',  ( -102.0778347222601354, 3.907516350413207551, 13.09718899445410756 ) ) ;
#3076 = CARTESIAN_POINT ( 'NONE',  ( -44.51064512223570091, 0.0000000000000000000, 138.4960093446450173 ) ) ;
#3077 = EDGE_CURVE ( 'NONE', #1880, #4209, #1905, .T. ) ;
#3078 = CARTESIAN_POINT ( 'NONE',  ( -92.05136279119780340, 0.0000000000000000000, 139.9434254404050080 ) ) ;
#3079 = EDGE_CURVE ( 'NONE', #3711, #353, #25, .T. ) ;
#3080 = EDGE_LOOP ( 'NONE', ( #2389, #3576, #3049, #3786 ) ) ;
#3081 = CARTESIAN_POINT ( 'NONE',  ( -47.55723609163970877, 0.0000000000000000000, 145.4587256658940078 ) ) ;
#3082 = CARTESIAN_POINT ( 'NONE',  ( -2.520474998382599807, 3.260238353201050376, 0.2836821145979032122 ) ) ;
#3083 = CARTESIAN_POINT ( 'NONE',  ( -111.9336115059840040, 1.626269677835209926, 0.7705479014352399902 ) ) ;
#3084 = CARTESIAN_POINT ( 'NONE',  ( -89.33450012834539677, 3.408089491016250250, 137.9108390578410308 ) ) ;
#3085 = CARTESIAN_POINT ( 'NONE',  ( -52.10059563717160103, 2.934612490530669859, 148.1782784915529874 ) ) ;
#3086 = CARTESIAN_POINT ( 'NONE',  ( -8.802211628616110062, 0.0000000000000000000, 4.000000000000000000 ) ) ;
#3087 = LINE ( 'NONE', #2104, #1020 ) ;
#3088 = CARTESIAN_POINT ( 'NONE',  ( -104.2270617866920048, 5.547676117467290169, 12.01223093419359955 ) ) ;
#3089 = CARTESIAN_POINT ( 'NONE',  ( -71.65185276309641438, 0.0000000000000000000, 159.0485777249540149 ) ) ;
#3090 = CARTESIAN_POINT ( 'NONE',  ( -28.64737525036579768, 2.636375273155830090, 160.4312292543719991 ) ) ;
#3091 = VERTEX_POINT ( 'NONE', #567 ) ;
#3092 = CARTESIAN_POINT ( 'NONE',  ( -75.46090256479809000, 0.0000000000000000000, 149.1705927090359864 ) ) ;
#3093 = CARTESIAN_POINT ( 'NONE',  ( -43.58488418458760094, 2.826324298147119940, 140.5701172101429961 ) ) ;
#3094 = CARTESIAN_POINT ( 'NONE',  ( -76.90235093767780938, 3.249999061342660145, 149.1834071438080116 ) ) ;
#3095 = VERTEX_POINT ( 'NONE', #589 ) ;
#3096 = CARTESIAN_POINT ( 'NONE',  ( -43.57237689526419899, 0.0000000000000000000, 139.9947935831119707 ) ) ;
#3097 = CARTESIAN_POINT ( 'NONE',  ( -92.02506072044469931, 0.0000000000000000000, 140.6654509871779624 ) ) ;
#3098 = ORIENTED_EDGE ( 'NONE', *, *, #1665, .T. ) ;
#3099 = CARTESIAN_POINT ( 'NONE',  ( -23.74563799638440287, 0.0000000000000000000, 156.0250864071610124 ) ) ;
#3100 = CARTESIAN_POINT ( 'NONE',  ( -92.78196170877170346, 3.451928538390339973, 148.5939311065519917 ) ) ;
#3101 = DIRECTION ( 'NONE',  ( 1.000000000000000000, 0.0000000000000000000, 0.0000000000000000000 ) ) ;
#3102 = EDGE_CURVE ( 'NONE', #1525, #1551, #1209, .T. ) ;
#3103 = PLANE ( 'NONE',  #3887 ) ;
#3104 = CARTESIAN_POINT ( 'NONE',  ( -92.04164247043860314, 3.442514029492690142, 139.8627149965259946 ) ) ;
#3105 = CARTESIAN_POINT ( 'NONE',  ( -50.55476762234280130, 2.914955716762179794, 146.5390486549139837 ) ) ;
#3106 = CARTESIAN_POINT ( 'NONE',  ( -23.40358161012610339, 2.569693746953439994, 157.2194992690469917 ) ) ;
#3107 = B_SPLINE_SURFACE_WITH_KNOTS ( 'NONE', 2, 1, ( 
 ( #2225, #255 ),
 ( #944, #3913 ),
 ( #2290, #4239 ) ),
 .UNSPECIFIED., .F., .F., .F.,
 ( 3, 3 ),
 ( 2, 2 ),
 ( -2.000000000000000000, -1.000000000000000000 ),
 ( 0.0000000000000000000, 1.300421644626400086 ),
 .UNSPECIFIED. ) ;
#3108 = CARTESIAN_POINT ( 'NONE',  ( -11.49203277645710131, 7.418627449599189738, 8.999999999999710454 ) ) ;
#3109 = CARTESIAN_POINT ( 'NONE',  ( -105.0692403622840061, 7.312063382991220273, 11.57995837746510048 ) ) ;
#3110 = CIRCLE ( 'NONE', #3662, 2.500000000000130562 ) ;
#3111 = CARTESIAN_POINT ( 'NONE',  ( -71.82303754600161483, 0.0000000000000000000, 157.9156043011529960 ) ) ;
#3112 = CARTESIAN_POINT ( 'NONE',  ( -50.41093926460960262, 0.0000000000000000000, 145.0458809445489976 ) ) ;
#3113 = VERTEX_POINT ( 'NONE', #2487 ) ;
#3114 = CARTESIAN_POINT ( 'NONE',  ( -114.1924689629880021, 2.317888222958949918, 1.943831821539800053 ) ) ;
#3115 = CARTESIAN_POINT ( 'NONE',  ( -77.89744814321591093, 13.00321644496600015, 149.1705927090359864 ) ) ;
#3116 = CARTESIAN_POINT ( 'NONE',  ( -1.866898254099289778, 0.004433933632318890102, 4.000000000000000000 ) ) ;
#3117 = VERTEX_POINT ( 'NONE', #1233 ) ;
#3118 = CARTESIAN_POINT ( 'NONE',  ( -85.03636894687801373, 0.0000000000000000000, 146.3299677250460036 ) ) ;
#3119 = CARTESIAN_POINT ( 'NONE',  ( -102.8269319397230106, 3.579662975232019928, 11.49999999999980105 ) ) ;
#3120 = ORIENTED_EDGE ( 'NONE', *, *, #2788, .T. ) ;
#3121 = CARTESIAN_POINT ( 'NONE',  ( -23.40025223520779818, 0.0000000000000000000, 157.2281956481050145 ) ) ;
#3122 = CARTESIAN_POINT ( 'NONE',  ( -94.30925862378110480, 3.471350155402810334, 148.9289286310450109 ) ) ;
#3123 = FACE_OUTER_BOUND ( 'NONE', #3181, .T. ) ;
#3124 = CARTESIAN_POINT ( 'NONE',  ( -90.91506677223661370, 3.428188412390750006, 144.7260754512080041 ) ) ;
#3125 = ORIENTED_EDGE ( 'NONE', *, *, #1128, .F. ) ;
#3126 = CARTESIAN_POINT ( 'NONE',  ( -50.96162365681340134, 2.920129171529769696, 138.7315268221880160 ) ) ;
#3127 = EDGE_CURVE ( 'NONE', #602, #1325, #1839, .T. ) ;
#3128 = CARTESIAN_POINT ( 'NONE',  ( -24.30476722391239974, 2.581153471771319818, 154.1806984044179956 ) ) ;
#3129 = CARTESIAN_POINT ( 'NONE',  ( -104.7350395635180007, 6.388396075372599903, 11.75291759746130005 ) ) ;
#3130 = CARTESIAN_POINT ( 'NONE',  ( -71.72913028054540518, 0.0000000000000000000, 157.2866276465319970 ) ) ;
#3131 = CARTESIAN_POINT ( 'NONE',  ( -51.58585748270179749, 0.0000000000000000000, 140.6169640972390198 ) ) ;
#3132 = VECTOR ( 'NONE', #1366, 1000.000000000000114 ) ;
#3133 = ORIENTED_EDGE ( 'NONE', *, *, #2958, .T. ) ;
#3134 = CARTESIAN_POINT ( 'NONE',  ( -73.61000407859411609, 0.0000000000000000000, 149.3857278402630016 ) ) ;
#3135 = CARTESIAN_POINT ( 'NONE',  ( -34.30801813418239732, 2.708357569309340462, 149.3226728225789941 ) ) ;
#3136 = CARTESIAN_POINT ( 'NONE',  ( -20.87184240769019894, -0.001000001298026020023, 149.1705927090359864 ) ) ;
#3137 = DIRECTION ( 'NONE',  ( 0.0000000000000000000, 0.0000000000000000000, -1.000000000000000000 ) ) ;
#3138 = CARTESIAN_POINT ( 'NONE',  ( -43.57439527353950126, 0.0000000000000000000, 140.4743386513249845 ) ) ;
#3139 = DIRECTION ( 'NONE',  ( 0.01271524779707759387, 0.9999191579690125398, 0.0000000000000000000 ) ) ;
#3140 = ORIENTED_EDGE ( 'NONE', *, *, #4162, .F. ) ;
#3141 = CARTESIAN_POINT ( 'NONE',  ( -23.33659100282559962, 0.0000000000000000000, 158.6811721929769874 ) ) ;
#3142 = CARTESIAN_POINT ( 'NONE',  ( -40.65946324739620366, 2.789124297139709885, 149.0092357669090006 ) ) ;
#3143 = CARTESIAN_POINT ( 'NONE',  ( -91.76910929030290731, 3.439048688633179918, 139.1052273296359942 ) ) ;
#3144 =( BOUNDED_CURVE ( )  B_SPLINE_CURVE ( 3, ( #2930, #2908, #1270, #3520 ),
 .UNSPECIFIED., .F., .T. ) 
 B_SPLINE_CURVE_WITH_KNOTS ( ( 4, 4 ),
 ( 3.141592653584014627, 6.283185307173807743 ),
 .UNSPECIFIED. ) 
 CURVE ( )  GEOMETRIC_REPRESENTATION_ITEM ( )  RATIONAL_B_SPLINE_CURVE ( ( 1.000000000000000000, 0.3333333333314071889, 0.3333333333314071889, 1.000000000000000000 ) ) 
 REPRESENTATION_ITEM ( '' )  );
#3145 = ORIENTED_EDGE ( 'NONE', *, *, #3709, .T. ) ;
#3146 = CARTESIAN_POINT ( 'NONE',  ( -50.38973395323159821, 2.912857708841759763, 145.2824725730980049 ) ) ;
#3147 = VECTOR ( 'NONE', #1852, 1000.000000000000000 ) ;
#3148 = CARTESIAN_POINT ( 'NONE',  ( -24.48535415584209574, 2.583449865004809887, 152.5697289664600191 ) ) ;
#3149 = CARTESIAN_POINT ( 'NONE',  ( -83.45014360182798896, 0.0000000000000000000, 148.5251873153569875 ) ) ;
#3150 = CARTESIAN_POINT ( 'NONE',  ( -70.73204455967349702, 0.0000000000000000000, 159.9366737532739933 ) ) ;
#3151 = CARTESIAN_POINT ( 'NONE',  ( -50.44888141069309739, 0.0000000000000000000, 144.7445967228860013 ) ) ;
#3152 = ORIENTED_EDGE ( 'NONE', *, *, #3468, .F. ) ;
#3153 = ADVANCED_FACE ( 'NONE', ( #3207 ), #2827, .F. ) ;
#3154 = DIRECTION ( 'NONE',  ( -0.9994584098282224272, 0.03290724880084867909, -9.192121733930974158E-12 ) ) ;
#3155 = CARTESIAN_POINT ( 'NONE',  ( -114.6118650631649984, 2.110816745238279779, 2.900917156114000139 ) ) ;
#3156 = CARTESIAN_POINT ( 'NONE',  ( -28.25974124693320277, 2.631446012256150269, 160.4802146902100048 ) ) ;
#3157 = CARTESIAN_POINT ( 'NONE',  ( -13.41498531087738044, 2.442676001491006499, 13.67915341177063659 ) ) ;
#3158 = CARTESIAN_POINT ( 'NONE',  ( -112.7359700596360028, 0.05568174811012140124, 3.334436341997970121 ) ) ;
#3159 = EDGE_LOOP ( 'NONE', ( #2566, #2132, #2941, #1827 ) ) ;
#3160 = CARTESIAN_POINT ( 'NONE',  ( -84.09501862900189906, 0.0000000000000000000, 140.1040183130870105 ) ) ;
#3161 = DIRECTION ( 'NONE',  ( 0.0000000000000000000, 0.0000000000000000000, -1.000000000000000000 ) ) ;
#3162 = CARTESIAN_POINT ( 'NONE',  ( -23.46498326035780124, 0.0000000000000000000, 156.9661687371679761 ) ) ;
#3163 = CARTESIAN_POINT ( 'NONE',  ( -72.34475268460380448, 13.00321644496600015, 149.8159981027159802 ) ) ;
#3164 = CARTESIAN_POINT ( 'NONE',  ( -63.83028168057990115, 3.083770713016800169, 157.2965059653370190 ) ) ;
#3165 = CARTESIAN_POINT ( 'NONE',  ( -13.14852541684194165, 2.777547594213098936, 12.19225063244156715 ) ) ;
#3166 = ORIENTED_EDGE ( 'NONE', *, *, #1153, .F. ) ;
#3167 = CARTESIAN_POINT ( 'NONE',  ( -51.60699143417569701, 2.928336084963759856, 140.3268980121190168 ) ) ;
#3168 = CARTESIAN_POINT ( 'NONE',  ( -24.45160896766510206, 2.583020751884810284, 152.2053956660219853 ) ) ;
#3169 = CARTESIAN_POINT ( 'NONE',  ( -82.18489220783779103, 0.0000000000000000000, 148.9554575778099945 ) ) ;
#3170 = CARTESIAN_POINT ( 'NONE',  ( -107.4400095534590065, 3.995356370322069139, 8.500999999999260481 ) ) ;
#3171 = CARTESIAN_POINT ( 'NONE',  ( -51.47931385540100280, 2.194331421552960143E-19, 141.1924650899009919 ) ) ;
#3172 = CARTESIAN_POINT ( 'NONE',  ( -70.91534183730669838, 3.173866460145930102, 151.3749194167340022 ) ) ;
#3173 = VERTEX_POINT ( 'NONE', #3507 ) ;
#3174 = VECTOR ( 'NONE', #3009, 1000.000000000000000 ) ;
#3175 = CYLINDRICAL_SURFACE ( 'NONE', #1580, 2.200000000000000178 ) ;
#3176 = CARTESIAN_POINT ( 'NONE',  ( -112.4806665070625371, 0.5566212293769371433, 1.964480188332561106 ) ) ;
#3177 = CARTESIAN_POINT ( 'NONE',  ( -72.34475268460390396, 3.192043176636470303, 149.8159981027159802 ) ) ;
#3178 = EDGE_CURVE ( 'NONE', #3877, #3642, #1188, .T. ) ;
#3179 = CARTESIAN_POINT ( 'NONE',  ( -83.45014360182798896, 13.00321644496600015, 148.5251873153569875 ) ) ;
#3180 = LINE ( 'NONE', #1556, #3445 ) ;
#3181 = EDGE_LOOP ( 'NONE', ( #881, #1229, #312, #30 ) ) ;
#3182 = CARTESIAN_POINT ( 'NONE',  ( -84.09073185117659932, 0.0000000000000000000, 140.3435239140129909 ) ) ;
#3183 = CARTESIAN_POINT ( 'NONE',  ( -90.86615170049088874, 0.0000000000000000000, 145.8992827585299779 ) ) ;
#3184 = CARTESIAN_POINT ( 'NONE',  ( -23.92809324791310033, 0.0000000000000000000, 155.4666262051130161 ) ) ;
#3185 = CARTESIAN_POINT ( 'NONE',  ( -40.82246833524749974, 2.791197114794710110, 148.9902887952460162 ) ) ;
#3186 = CARTESIAN_POINT ( 'NONE',  ( -64.32898835844299867, 3.090112628351300295, 159.5652022885380177 ) ) ;
#3187 = FACE_OUTER_BOUND ( 'NONE', #4125, .T. ) ;
#3188 = ORIENTED_EDGE ( 'NONE', *, *, #2591, .F. ) ;
#3189 = CARTESIAN_POINT ( 'NONE',  ( -51.57085984865399553, 2.927876439089329708, 139.7601948282019748 ) ) ;
#3190 = CYLINDRICAL_SURFACE ( 'NONE', #1336, 2.000000000000001776 ) ;
#3191 = CARTESIAN_POINT ( 'NONE',  ( -1.095827861741899945, 3.995356370322069139, 5.001000000001090129 ) ) ;
#3192 = B_SPLINE_CURVE_WITH_KNOTS ( 'NONE', 3,
 ( #1714, #2045, #359, #3044, #1674, #2988, #1349, #2965, #2385, #2665, #1021, #3026, #2346, #2367, #78, #2706, #382, #1390, #1060, #3688, #3347, #3992, #1041, #2064, #979, #2306, #3603, #657, #1974, #334, #1314, #2007, #2931, #1250, #1008, #3914, #1599, #2888, #1919, #2311, #4240, #3245, #2629, #3955, #1271, #3894, #2589, #3567, #2949, #945, #626, #922, #2272, #2909, #343, #2609, #257, #1292, #4221, #1578, #3933, #3588, #3545, #4198, #22, #2334, #1942, #689, #963, #1661, #302, #2570, #986, #3874, #2250, #604, #3635, #3610, #3223, #1620, #279, #2973, #2291, #645, #1962 ),
 .UNSPECIFIED., .F., .F.,
 ( 4, 3, 3, 3, 3, 3, 3, 3, 3, 3, 3, 3, 3, 3, 3, 3, 3, 3, 3, 3, 3, 3, 3, 3, 3, 3, 3, 3, 4 ),
 ( 0.0000000000000000000, 0.05931599827499479949, 0.1199140154158079979, 0.1827784466265300056, 0.2260313156534509982, 0.2845038626411889870, 0.3301856691023570267, 0.3716243407416719990, 0.3749163045363399505, 0.4431213015521480170, 0.4854776308029299936, 0.5346667813081810161, 0.6010957568567401044, 0.6761030402882239887, 0.7386784098716100422, 0.7834611033983410744, 0.9105450149868039578, 1.025455963146239879, 1.138297800394849846, 1.247784936356870045, 1.291796749752190054, 1.396436272067670181, 1.483801187534990129, 1.544607148157440157, 1.619584162689019946, 1.627902260152519931, 1.691996716752429908, 1.762510772928769898, 1.791438130251300054 ),
 .UNSPECIFIED. ) ;
#3193 = CARTESIAN_POINT ( 'NONE',  ( -1.001700573219277413, 2.500900144518239721, 1.350691160695411064 ) ) ;
#3194 = CARTESIAN_POINT ( 'NONE',  ( -51.29871516421130906, 0.0000000000000000000, 147.6161674818519884 ) ) ;
#3195 = CARTESIAN_POINT ( 'NONE',  ( -70.63603035712549172, 3.170314702841899646, 152.5130504277449859 ) ) ;
#3196 = EDGE_LOOP ( 'NONE', ( #386, #1759, #268, #1608 ) ) ;
#3197 = CARTESIAN_POINT ( 'NONE',  ( -42.99652753305959862, -0.001000001298026020023, 148.5251873153569875 ) ) ;
#3198 = CARTESIAN_POINT ( 'NONE',  ( -110.9927439783901093, 3.452379230980580527, 0.03132329361734299822 ) ) ;
#3199 = DIRECTION ( 'NONE',  ( 0.0000000000000000000, 0.0000000000000000000, -1.000000000000000000 ) ) ;
#3200 = AXIS2_PLACEMENT_3D ( 'NONE', #16, #383, #2966 ) ;
#3201 = DIRECTION ( 'NONE',  ( -1.000000000000000000, 0.0000000000000000000, 0.0000000000000000000 ) ) ;
#3202 = CIRCLE ( 'NONE', #1763, 2.500000000000002220 ) ;
#3203 = CARTESIAN_POINT ( 'NONE',  ( -112.9955300831699958, 0.01725907534845880220, 3.780360454709629892 ) ) ;
#3204 = ORIENTED_EDGE ( 'NONE', *, *, #126, .T. ) ;
#3205 = CARTESIAN_POINT ( 'NONE',  ( -84.12183613383659520, 0.0000000000000000000, 139.8723852130960097 ) ) ;
#3206 = CARTESIAN_POINT ( 'NONE',  ( -91.26014072684500888, 0.0000000000000000000, 143.3548493606689931 ) ) ;
#3207 = FACE_OUTER_BOUND ( 'NONE', #3964, .T. ) ;
#3208 = ADVANCED_FACE ( 'NONE', ( #1862 ), #1716, .T. ) ;
#3209 = EDGE_CURVE ( 'NONE', #2638, #451, #4054, .T. ) ;
#3210 = CARTESIAN_POINT ( 'NONE',  ( -63.84690368885059542, 3.083982185043289803, 157.2202766462879993 ) ) ;
#3211 = VERTEX_POINT ( 'NONE', #3880 ) ;
#3212 = CARTESIAN_POINT ( 'NONE',  ( -13.51968036581722821, 2.556891526689061944, 12.92883041658186016 ) ) ;
#3213 = VERTEX_POINT ( 'NONE', #3001 ) ;
#3214 = CARTESIAN_POINT ( 'NONE',  ( -88.94016535008579183, 13.00321644496600015, 137.8609707278629912 ) ) ;
#3215 = CARTESIAN_POINT ( 'NONE',  ( -64.35765081789210740, 0.0000000000000000000, 151.0746872222780155 ) ) ;
#3216 = EDGE_CURVE ( 'NONE', #911, #1511, #373, .T. ) ;
#3217 = CYLINDRICAL_SURFACE ( 'NONE', #2071, 4.000000000000000000 ) ;
#3218 = CARTESIAN_POINT ( 'NONE',  ( -70.65656339309289535, 2.168404344971009831E-19, 152.2984588473280212 ) ) ;
#3219 = CARTESIAN_POINT ( 'NONE',  ( -110.7098093730610060, 4.000000000000000000, 0.0000000000000000000 ) ) ;
#3220 = CARTESIAN_POINT ( 'NONE',  ( -70.89473312203249122, 3.173604140866250312, 154.5140772031109861 ) ) ;
#3221 = ORIENTED_EDGE ( 'NONE', *, *, #159, .F. ) ;
#3222 = CARTESIAN_POINT ( 'NONE',  ( -114.0434928689719811, 13.00000000000000000, 149.1705927090359864 ) ) ;
#3223 = CARTESIAN_POINT ( 'NONE',  ( -84.04233449160069824, 3.340792851543030295, 148.0458679140609775 ) ) ;
#3224 = CARTESIAN_POINT ( 'NONE',  ( -30.72295590408310062, 2.662768929207429913, 155.4307219666270328 ) ) ;
#3225 = AXIS2_PLACEMENT_3D ( 'NONE', #3119, #3139, #3161 ) ;
#3226 = CARTESIAN_POINT ( 'NONE',  ( -2.482399742765846185, 0.05632417787676888277, 2.930828306298701058 ) ) ;
#3227 = ORIENTED_EDGE ( 'NONE', *, *, #3216, .T. ) ;
#3228 = CARTESIAN_POINT ( 'NONE',  ( -84.94303860629820235, 0.0000000000000000000, 138.5710099273829883 ) ) ;
#3229 = CARTESIAN_POINT ( 'NONE',  ( -91.90919549787020060, 3.440830210683599510, 148.0145869988130016 ) ) ;
#3230 = CARTESIAN_POINT ( 'NONE',  ( -40.98878927495189828, 2.793312066621929990, 148.9687610046400152 ) ) ;
#3231 = COORDINATED_UNIVERSAL_TIME_OFFSET ( 0, 0, .AHEAD. ) ;
#3232 = CARTESIAN_POINT ( 'NONE',  ( -64.95583862636270567, 3.098083785156950043, 152.9177834691980138 ) ) ;
#3233 = ORIENTED_EDGE ( 'NONE', *, *, #1476, .F. ) ;
#3234 = CARTESIAN_POINT ( 'NONE',  ( -13.95680192089416138, 2.449565890940588631, 13.80033447737053898 ) ) ;
#3235 = EDGE_LOOP ( 'NONE', ( #3542, #1950, #1789, #2289 ) ) ;
#3236 = CARTESIAN_POINT ( 'NONE',  ( -95.28617032750639737, -0.001000001298026020023, 138.6634986500699824 ) ) ;
#3237 = EDGE_CURVE ( 'NONE', #1543, #2005, #1040, .T. ) ;
#3238 = CARTESIAN_POINT ( 'NONE',  ( -64.54142023237560011, 0.0000000000000000000, 151.3224315984130044 ) ) ;
#3239 = DIRECTION ( 'NONE',  ( 0.0000000000000000000, 1.000000000000000000, 0.0000000000000000000 ) ) ;
#3240 = CARTESIAN_POINT ( 'NONE',  ( -1.541915151624843716, 2.771323475211241227, 0.8327331166907079307 ) ) ;
#3241 = DIRECTION ( 'NONE',  ( 0.5004356563159398918, 0.0000000000000000000, 0.8657737313453408579 ) ) ;
#3242 = CARTESIAN_POINT ( 'NONE',  ( -70.68563047219269890, 3.170945320986520155, 153.5857077046480015 ) ) ;
#3243 = ORIENTED_EDGE ( 'NONE', *, *, #3703, .T. ) ;
#3244 = CARTESIAN_POINT ( 'NONE',  ( -37.44383207444760586, 2.748233444252059954, 149.1705927090359864 ) ) ;
#3245 = CARTESIAN_POINT ( 'NONE',  ( -84.15632566572369910, 3.342241860411030441, 140.9882987221849930 ) ) ;
#3246 = CARTESIAN_POINT ( 'NONE',  ( -30.82913999635210089, 2.664119263972669849, 150.7684624696690037 ) ) ;
#3247 = VECTOR ( 'NONE', #2181, 1000.000000000000000 ) ;
#3248 = CARTESIAN_POINT ( 'NONE',  ( -31.01558096244139762, 0.0000000000000000000, 159.3448976598930074 ) ) ;
#3249 = DIRECTION ( 'NONE',  ( 1.000000000000000000, 0.0000000000000000000, 0.0000000000000000000 ) ) ;
#3250 = CARTESIAN_POINT ( 'NONE',  ( -91.42042552063330163, 0.0000000000000000000, 147.4471604796520126 ) ) ;
#3251 = VECTOR ( 'NONE', #3199, 1000.000000000000000 ) ;
#3252 = CARTESIAN_POINT ( 'NONE',  ( -105.2887561036900053, 6.597681612626439929, 372.3987999999999943 ) ) ;
#3253 = CARTESIAN_POINT ( 'NONE',  ( -64.24700850514989270, 3.089070028238910304, 159.4837592428820017 ) ) ;
#3254 = EDGE_LOOP ( 'NONE', ( #3745, #463, #4134, #2822, #2994 ) ) ;
#3255 = CARTESIAN_POINT ( 'NONE',  ( -12.39808124954078750, 3.660135240936618128, 10.71373611527216418 ) ) ;
#3256 = VERTEX_POINT ( 'NONE', #1947 ) ;
#3257 = DIRECTION ( 'NONE',  ( 0.04817122723086530306, 0.9988390925805179510, 0.0000000000000000000 ) ) ;
#3258 = CARTESIAN_POINT ( 'NONE',  ( -64.01686874486350121, 0.0000000000000000000, 156.5809248855649969 ) ) ;
#3259 = ADVANCED_FACE ( 'NONE', ( #1644 ), #1053, .F. ) ;
#3260 = B_SPLINE_CURVE_WITH_KNOTS ( 'NONE', 3,
 ( #4127, #900, #512, #488, #1528, #1829, #2499, #1224, #3522, #2203, #189, #3135, #535, #4106, #2135, #1508, #2839, #877, #3804, #855, #2179, #1807, #4152, #3500, #1485 ),
 .UNSPECIFIED., .F., .F.,
 ( 4, 3, 3, 3, 3, 3, 3, 3, 4 ),
 ( 0.0000000000000000000, 0.09789170151467589676, 0.2064242866715270130, 0.2909421482428209971, 0.3149568718283770052, 0.3740720758092739850, 0.4599787085137170273, 0.5130516500166010241, 0.5458853412181610132 ),
 .UNSPECIFIED. ) ;
#3261 = CARTESIAN_POINT ( 'NONE',  ( -55.63121051387750526, 2.979509139690549979, 148.8681418799809819 ) ) ;
#3262 = CARTESIAN_POINT ( 'NONE',  ( -114.7639975833969999, 2.035466637765300124, 4.000000000000000000 ) ) ;
#3263 = CARTESIAN_POINT ( 'NONE',  ( -70.65309741046500847, 3.170531621600759742, 153.2671473552919963 ) ) ;
#3264 = ORIENTED_EDGE ( 'NONE', *, *, #265, .T. ) ;
#3265 = EDGE_CURVE ( 'NONE', #3480, #254, #1687, .T. ) ;
#3266 = EDGE_CURVE ( 'NONE', #3460, #1199, #1678, .T. ) ;
#3267 = FACE_OUTER_BOUND ( 'NONE', #1290, .T. ) ;
#3268 = FACE_OUTER_BOUND ( 'NONE', #2200, .T. ) ;
#3269 = CARTESIAN_POINT ( 'NONE',  ( -48.48654928131739439, 13.00321644496600015, 137.8609707278629912 ) ) ;
#3270 = CARTESIAN_POINT ( 'NONE',  ( -31.36942147723319962, 0.0000000000000000000, 157.9156043011529960 ) ) ;
#3271 = CARTESIAN_POINT ( 'NONE',  ( -3.738152910752055025, 3.476307333690522139, 2.994664984095297161E-15 ) ) ;
#3272 = CARTESIAN_POINT ( 'NONE',  ( -91.49737658106279525, 0.0000000000000000000, 147.5574270508489860 ) ) ;
#3273 = DIRECTION ( 'NONE',  ( 1.000000000000000000, 0.0000000000000000000, -5.551115123125777969E-15 ) ) ;
#3274 = CARTESIAN_POINT ( 'NONE',  ( -100.8913596352402635, 3.592451021295445912, 13.69251695268750346 ) ) ;
#3275 = VERTEX_POINT ( 'NONE', #673 ) ;
#3276 = CARTESIAN_POINT ( 'NONE',  ( -43.87273644070219802, 0.0000000000000000000, 141.9023471109849766 ) ) ;
#3277 = ORIENTED_EDGE ( 'NONE', *, *, #3237, .F. ) ;
#3278 = CARTESIAN_POINT ( 'NONE',  ( -8.994473609821570292, 7.308181882542090335, 11.49999999999960032 ) ) ;
#3279 = CARTESIAN_POINT ( 'NONE',  ( -63.75411760922710158, 0.0000000000000000000, 157.7652359295520057 ) ) ;
#3280 = CARTESIAN_POINT ( 'NONE',  ( -30.54111290715420068, 0.0000000000000000000, 151.2142501862630013 ) ) ;
#3281 = CARTESIAN_POINT ( 'NONE',  ( -22.26694457452409992, 2.555239312167910004, 149.6645036477719941 ) ) ;
#3282 = CARTESIAN_POINT ( 'NONE',  ( -59.62614411751959409, 0.0000000000000000000, 149.3857278402630016 ) ) ;
#3283 = CARTESIAN_POINT ( 'NONE',  ( -111.4447402581755995, 2.577555961385787242, 0.2612399724580113936 ) ) ;
#3284 = CARTESIAN_POINT ( 'NONE',  ( -52.04710698275140146, 0.0000000000000000000, 148.1481845442079930 ) ) ;
#3285 = CARTESIAN_POINT ( 'NONE',  ( -70.16814477065321398, 3.164364932999990110, 160.1855898344749960 ) ) ;
#3286 = ORIENTED_EDGE ( 'NONE', *, *, #357, .T. ) ;
#3287 = DIRECTION ( 'NONE',  ( -0.9988390925805179510, 0.04817122723086530306, 0.0000000000000000000 ) ) ;
#3288 = DIRECTION ( 'NONE',  ( 0.0000000000000000000, 1.000000000000000000, 0.0000000000000000000 ) ) ;
#3289 = CARTESIAN_POINT ( 'NONE',  ( -31.33932285103169946, 2.670606816931460070, 157.6133354007180003 ) ) ;
#3290 = ADVANCED_FACE ( 'NONE', ( #2296 ), #2012, .F. ) ;
#3291 = CARTESIAN_POINT ( 'NONE',  ( -29.61912150671660271, 0.0000000000000000000, 160.1999324313989916 ) ) ;
#3292 = CARTESIAN_POINT ( 'NONE',  ( -86.66877702601820488, 0.0000000000000000000, 137.9279709717490050 ) ) ;
#3293 = CARTESIAN_POINT ( 'NONE',  ( -91.44558564258551314, 3.434934636666729713, 147.4834277083650136 ) ) ;
#3294 = CARTESIAN_POINT ( 'NONE',  ( -46.62792290196190237, 2.865020876247969639, 137.8609707278629912 ) ) ;
#3295 = DIRECTION ( 'NONE',  ( -1.000000000000000000, 0.0000000000000000000, 0.0000000000000000000 ) ) ;
#3296 = VERTEX_POINT ( 'NONE', #2936 ) ;
#3297 = CARTESIAN_POINT ( 'NONE',  ( -113.5092331866920006, 3.995356370322069139, 5.001000000001640799 ) ) ;
#3298 = ORIENTED_EDGE ( 'NONE', *, *, #1273, .T. ) ;
#3299 = DIRECTION ( 'NONE',  ( 0.04366985309242155805, 0.9985658945570972111, -0.03096930994178920607 ) ) ;
#3300 = CARTESIAN_POINT ( 'NONE',  ( -64.67596511063840126, 0.0000000000000000000, 154.5348152488319897 ) ) ;
#3301 = CARTESIAN_POINT ( 'NONE',  ( -2.000000000002850165, 0.0000000000000000000, 8.500999999999590884 ) ) ;
#3302 = DIRECTION ( 'NONE',  ( -1.000000000000000000, 0.0000000000000000000, 9.003423303438630556E-15 ) ) ;
#3303 = CARTESIAN_POINT ( 'NONE',  ( -4.000000000000000000, 4.000000000000000000, 3.903127820947819907E-15 ) ) ;
#3304 = CARTESIAN_POINT ( 'NONE',  ( -111.3996795437951306, 2.665064745909450306, 0.2293285636844018260 ) ) ;
#3305 = CARTESIAN_POINT ( 'NONE',  ( -103.8283320037210302, 5.092869239209446341, 12.21447159990007236 ) ) ;
#3306 = CARTESIAN_POINT ( 'NONE',  ( -68.71335731570160021, 3.145865351562550316, 160.4802146902100048 ) ) ;
#3307 = CARTESIAN_POINT ( 'NONE',  ( -103.9671719308259696, 13.56898134876029260, 8.999999999994937383 ) ) ;
#3308 = FACE_OUTER_BOUND ( 'NONE', #1923, .T. ) ;
#3309 = CARTESIAN_POINT ( 'NONE',  ( -9.976320027877202179, 4.330639696102578817, 9.943925455469095454 ) ) ;
#3310 = CARTESIAN_POINT ( 'NONE',  ( -48.17718449455220053, -0.001000001298026020023, 146.6740724992289699 ) ) ;
#3311 =( BOUNDED_SURFACE ( )  B_SPLINE_SURFACE ( 3, 2, ( 
 ( #832, #2817, #4062 ),
 ( #2134, #124, #1461 ),
 ( #1828, #188, #534 ),
 ( #3155, #4126, #1440 ),
 ( #765, #3430, #2498 ),
 ( #487, #2795, #3803 ),
 ( #2433, #1806, #2092 ),
 ( #3391, #3739, #854 ),
 ( #3114, #167, #788 ),
 ( #2178, #1484, #445 ),
 ( #3476, #1764, #4105 ),
 ( #2113, #1853, #3464 ),
 ( #2759, #1473, #3793 ),
 ( #2722, #3442, #3083 ),
 ( #845, #3749, #1496 ),
 ( #3705, #1167, #4073 ),
 ( #135, #501, #824 ),
 ( #521, #1098, #3727 ),
 ( #1755, #2488, #1774 ),
 ( #1818, #1451, #1145 ) ),
 .UNSPECIFIED., .F., .F., .F. ) 
 B_SPLINE_SURFACE_WITH_KNOTS ( ( 4, 2, 2, 2, 2, 2, 2, 2, 2, 4 ),
 ( 3, 3 ),
 ( 0.0000000000000000000, 0.0004799641762786119748, 0.0007199462644179179622, 0.0009599283525572239496, 0.001199910440696530045, 0.001439892528835840044, 0.001919856705114449851, 0.002399820881393060091, 0.002879785057671670114, 0.003839713410228899702 ),
 ( 0.0000000000000000000, 1.000000000000000000 ),
 .UNSPECIFIED. ) 
 GEOMETRIC_REPRESENTATION_ITEM ( )  RATIONAL_B_SPLINE_SURFACE ( (
 ( 1.000000000000000000, 0.7008090614130749740, 1.000000000000000000),
 ( 1.000000000000000000, 0.7007906210055799834, 1.000000000000000000),
 ( 1.000000000000000000, 0.7080165146607110271, 1.000000000000000000),
 ( 1.000000000000000000, 0.7270029034472260676, 1.000000000000000000),
 ( 1.000000000000000000, 0.7346439130388209282, 1.000000000000000000),
 ( 1.000000000000000000, 0.7514246397564600111, 1.000000000000000000),
 ( 1.000000000000000000, 0.7606124743840759761, 1.000000000000000000),
 ( 1.000000000000000000, 0.7799544311730589596, 1.000000000000000000),
 ( 1.000000000000000000, 0.7901313933046990590, 1.000000000000000000),
 ( 1.000000000000000000, 0.8104231272438759959, 1.000000000000000000),
 ( 1.000000000000000000, 0.8206040697610890167, 1.000000000000000000),
 ( 1.000000000000000000, 0.8507365830079839375, 1.000000000000000000),
 ( 1.000000000000000000, 0.8704072424780650019, 1.000000000000000000),
 ( 1.000000000000000000, 0.9060852000881490786, 1.000000000000000000),
 ( 1.000000000000000000, 0.9220617098642009957, 1.000000000000000000),
 ( 1.000000000000000000, 0.9498544995515949552, 1.000000000000000000),
 ( 1.000000000000000000, 0.9616978294209329592, 1.000000000000000000),
 ( 1.000000000000000000, 0.9903845051532779165, 1.000000000000000000),
 ( 1.000000000000000000, 0.9999535776358039474, 1.000000000000000000),
 ( 1.000000000000000000, 1.000000000000000000, 1.000000000000000000) ) ) 
 REPRESENTATION_ITEM ( '' )  SURFACE ( )  );
#3312 = CARTESIAN_POINT ( 'NONE',  ( -31.37132645408750165, 0.0000000000000000000, 158.3926792891070079 ) ) ;
#3313 = FACE_OUTER_BOUND ( 'NONE', #2620, .T. ) ;
#3314 = EDGE_CURVE ( 'NONE', #1056, #3711, #1813, .T. ) ;
#3315 = CARTESIAN_POINT ( 'NONE',  ( -45.73668632674490198, 2.853685587782840205, 138.0223637237750154 ) ) ;
#3316 = AXIS2_PLACEMENT_3D ( 'NONE', #321, #1638, #668 ) ;
#3317 = VECTOR ( 'NONE', #3986, 1000.000000000000000 ) ;
#3318 = CARTESIAN_POINT ( 'NONE',  ( -64.15357913559979863, 3.087881966387400201, 150.8474700142680263 ) ) ;
#3319 = CARTESIAN_POINT ( 'NONE',  ( -44.67480143530169556, 0.0000000000000000000, 145.0573765138110218 ) ) ;
#3320 = VERTEX_POINT ( 'NONE', #2056 ) ;
#3321 = DIRECTION ( 'NONE',  ( -0.9988390925805179510, 0.04817122723086519898, 0.0000000000000000000 ) ) ;
#3322 = CARTESIAN_POINT ( 'NONE',  ( -70.99472897592279708, 0.0000000000000000000, 151.2142501862630013 ) ) ;
#3323 = CC_DESIGN_APPROVAL ( #2044, ( #821 ) ) ;
#3324 = CARTESIAN_POINT ( 'NONE',  ( -64.89046985260080191, 0.0000000000000000000, 153.5988591504980150 ) ) ;
#3325 = CARTESIAN_POINT ( 'NONE',  ( -112.7359700596360028, 0.05568174811012140124, 3.334436341997970121 ) ) ;
#3326 = CARTESIAN_POINT ( 'NONE',  ( -17.21702404006340004, 2.491023774598859930, 149.1705927090359864 ) ) ;
#3327 = CARTESIAN_POINT ( 'NONE',  ( -2.992762044695270518, 1.985524089390489966, 0.5048544420787789422 ) ) ;
#3328 = CARTESIAN_POINT ( 'NONE',  ( -112.7154645985323782, 0.09596311719728591039, 3.096184437983069415 ) ) ;
#3329 = DIRECTION ( 'NONE',  ( 0.0000000000000000000, 0.0000000000000000000, -1.000000000000000000 ) ) ;
#3330 = CARTESIAN_POINT ( 'NONE',  ( -110.0392907047369988, 12.80688848307550032, 0.0000000000000000000 ) ) ;
#3331 = VERTEX_POINT ( 'NONE', #412 ) ;
#3332 = CARTESIAN_POINT ( 'NONE',  ( -105.6096199179690132, 0.0000000000000000000, 5.000999999996900591 ) ) ;
#3333 = CARTESIAN_POINT ( 'NONE',  ( -14.05662661152139847, 2.450835289238929793, 13.99999999999979927 ) ) ;
#3334 = CARTESIAN_POINT ( 'NONE',  ( -20.06330264812210018, -0.001000001298026020023, 159.6815318476249956 ) ) ;
#3335 = CARTESIAN_POINT ( 'NONE',  ( -30.20549332349419913, 0.0000000000000000000, 153.3368219760380100 ) ) ;
#3336 = FACE_BOUND ( 'NONE', #2830, .T. ) ;
#3337 = CARTESIAN_POINT ( 'NONE',  ( -44.07177461821400044, 2.832516189669159967, 138.8489606514319803 ) ) ;
#3338 = CARTESIAN_POINT ( 'NONE',  ( -101.1696030031147728, 3.639159084867105154, 13.55299772864311514 ) ) ;
#3339 = CARTESIAN_POINT ( 'NONE',  ( -44.69887938553340234, 0.0000000000000000000, 145.5835838981300014 ) ) ;
#3340 = ORIENTED_EDGE ( 'NONE', *, *, #3314, .T. ) ;
#3341 = CARTESIAN_POINT ( 'NONE',  ( -23.95629568370430107, 0.0000000000000000000, 150.9361753075220065 ) ) ;
#3342 = CARTESIAN_POINT ( 'NONE',  ( -2.506432659172018518, 3.253217420754114908, 0.2893021606355080655 ) ) ;
#3343 = CIRCLE ( 'NONE', #181, 2.000000000000001776 ) ;
#3344 = CARTESIAN_POINT ( 'NONE',  ( -64.94336143069578782, 0.0000000000000000000, 159.9733888663330106 ) ) ;
#3345 = ADVANCED_FACE ( 'NONE', ( #1726 ), #4013, .T. ) ;
#3346 = EDGE_CURVE ( 'NONE', #3213, #239, #2547, .T. ) ;
#3347 = CARTESIAN_POINT ( 'NONE',  ( -84.64685260011030721, 3.348480129035110053, 138.8182236125240081 ) ) ;
#3348 = CARTESIAN_POINT ( 'NONE',  ( -21.39893945487920135, 2.544201431477019604, 149.4709306203889980 ) ) ;
#3349 = CARTESIAN_POINT ( 'NONE',  ( -102.7117101831200046, 8.629097133893370852, 8.999999999999788614 ) ) ;
#3350 = CARTESIAN_POINT ( 'NONE',  ( -46.62792290196190237, -0.001000001298026020023, 137.8609707278629912 ) ) ;
#3351 = CARTESIAN_POINT ( 'NONE',  ( -102.7893341319820024, 6.536331129700809761, 8.999999999999788614 ) ) ;
#3352 = DIRECTION ( 'NONE',  ( -1.000000000000000000, 0.0000000000000000000, 8.467505249662520843E-15 ) ) ;
#3353 = CARTESIAN_POINT ( 'NONE',  ( -9.566494836654486633, 4.982099461382651029, 9.542416867694660354 ) ) ;
#3354 = CARTESIAN_POINT ( 'NONE',  ( -22.76971949867539990, 13.00321644496600015, 149.8159981027159802 ) ) ;
#3355 = DIRECTION ( 'NONE',  ( -0.9999191579690126508, 0.01271524779706542652, 0.0000000000000000000 ) ) ;
#3356 = CARTESIAN_POINT ( 'NONE',  ( -43.69829522688110046, 2.827766922720869935, 139.4340476368840029 ) ) ;
#3357 = VECTOR ( 'NONE', #1222, 1000.000000000000000 ) ;
#3358 = B_SPLINE_SURFACE_WITH_KNOTS ( 'NONE', 4, 1, ( 
 ( #1030, #3999 ),
 ( #3334, #2393 ),
 ( #3677, #3695 ),
 ( #3655, #711 ),
 ( #2033, #3354 ) ),
 .UNSPECIFIED., .F., .F., .F.,
 ( 5, 5 ),
 ( 2, 2 ),
 ( -1.000000000000000000, 0.0000000000000000000 ),
 ( 0.0000000000000000000, 1.300421644626400086 ),
 .UNSPECIFIED. ) ;
#3359 = DIRECTION ( 'NONE',  ( 0.9990236275282471379, -0.04417908600573525191, -1.005883569869358015E-09 ) ) ;
#3360 = CARTESIAN_POINT ( 'NONE',  ( -44.33587111759990051, 0.0000000000000000000, 143.4226237992650113 ) ) ;
#3361 = ORIENTED_EDGE ( 'NONE', *, *, #2110, .F. ) ;
#3362 = LINE ( 'NONE', #2702, #3132 ) ;
#3363 = CARTESIAN_POINT ( 'NONE',  ( -9.110998630566930601, 4.236915029627160045, 312.2490000000000236 ) ) ;
#3364 = APPLICATION_PROTOCOL_DEFINITION ( 'international standard', 'config_control_design', 1994, #590 ) ;
#3365 = CARTESIAN_POINT ( 'NONE',  ( -30.38282860172290256, 0.0000000000000000000, 151.5640247987890064 ) ) ;
#3366 = CARTESIAN_POINT ( 'NONE',  ( -107.4400095534560080, 3.995356370322069139, 1.500999999998590129 ) ) ;
#3367 = EDGE_CURVE ( 'NONE', #3518, #2342, #227, .T. ) ;
#3368 = CARTESIAN_POINT ( 'NONE',  ( -2.000000000000000000, 2.000000000000000000, 0.0000000000000000000 ) ) ;
#3369 = VERTEX_POINT ( 'NONE', #856 ) ;
#3370 = CARTESIAN_POINT ( 'NONE',  ( -101.2693236353539845, 3.625379291206848098, 13.00640339064849549 ) ) ;
#3371 = CARTESIAN_POINT ( 'NONE',  ( -12.36603815672569695, 2.685457848373629552, 12.31253149978790340 ) ) ;
#3372 = CARTESIAN_POINT ( 'NONE',  ( -31.01492985897700194, 2.666481750546210172, 159.3443738729230006 ) ) ;
#3373 = CARTESIAN_POINT ( 'NONE',  ( -43.69975358725480419, 2.827785467633610050, 141.2429417248399943 ) ) ;
#3374 = CARTESIAN_POINT ( 'NONE',  ( -103.6315808190769161, 4.896543271578524426, 12.31416008774692017 ) ) ;
#3375 = CARTESIAN_POINT ( 'NONE',  ( -43.62855080903960214, 0.0000000000000000000, 139.6432839041380021 ) ) ;
#3376 = ORIENTED_EDGE ( 'NONE', *, *, #4161, .T. ) ;
#3377 = CARTESIAN_POINT ( 'NONE',  ( -24.20722392178040039, 0.0000000000000000000, 151.3920486888130199 ) ) ;
#3378 = CARTESIAN_POINT ( 'NONE',  ( -8.932313916647460772, 8.601221662346500096, -48.64979999999999905 ) ) ;
#3379 = PERSON_AND_ORGANIZATION ( #2854, #2916 ) ;
#3380 = CARTESIAN_POINT ( 'NONE',  ( -65.79650276851779722, 3.108771789578329781, 160.2758576820279757 ) ) ;
#3381 = CARTESIAN_POINT ( 'NONE',  ( -90.85212314457508853, 3.427388014312620079, 145.3937235544809994 ) ) ;
#3382 = CARTESIAN_POINT ( 'NONE',  ( -81.61031467351199353, 3.309866448703259856, 148.9442104181700017 ) ) ;
#3383 = CARTESIAN_POINT ( 'NONE',  ( -23.33117966265099952, 2.568772677303030161, 157.5855869602899872 ) ) ;
#3384 = CARTESIAN_POINT ( 'NONE',  ( -105.4169350090450052, 3.995356370322069139, 5.000999999996900591 ) ) ;
#3385 = ADVANCED_FACE ( 'NONE', ( #3784 ), #536, .T. ) ;
#3386 = CARTESIAN_POINT ( 'NONE',  ( -102.6493943808289941, 7.281291954081710038, 9.159916754930259586 ) ) ;
#3387 = CARTESIAN_POINT ( 'NONE',  ( -13.08233881945880661, 2.501375827712702726, 13.02643360680879603 ) ) ;
#3388 = CARTESIAN_POINT ( 'NONE',  ( -31.23827240722199861, 2.669321835989059810, 158.9598631747180093 ) ) ;
#3389 = EDGE_CURVE ( 'NONE', #2684, #3091, #834, .T. ) ;
#3390 = ADVANCED_FACE ( 'NONE', ( #3805 ), #2066, .T. ) ;
#3391 = CARTESIAN_POINT ( 'NONE',  ( -114.2657357289959918, 2.281780951383719724, 2.069660040168229909 ) ) ;
#3392 = CARTESIAN_POINT ( 'NONE',  ( -43.57255184506719559, 2.826167935196869596, 139.9918109120370104 ) ) ;
#3393 = CARTESIAN_POINT ( 'NONE',  ( -1.957606109689152385, 0.002281705293703872178, 3.843253080257901022 ) ) ;
#3394 = CARTESIAN_POINT ( 'NONE',  ( -43.60335380987630316, 0.0000000000000000000, 139.7602076318759998 ) ) ;
#3395 = CARTESIAN_POINT ( 'NONE',  ( -59.75938249172879324, 3.032004115736909977, 149.4225261678400329 ) ) ;
#3396 = VERTEX_POINT ( 'NONE', #2865 ) ;
#3397 = DIRECTION ( 'NONE',  ( -0.5004356563159398918, 0.0000000000000000000, -0.8657737313453408579 ) ) ;
#3398 = CARTESIAN_POINT ( 'NONE',  ( -97.79797688509999887, 3.515713395738230052, 149.1705927090359864 ) ) ;
#3399 = CARTESIAN_POINT ( 'NONE',  ( -67.20787156347550706, -0.001000001298026020023, 151.6306142346180081 ) ) ;
#3400 = CARTESIAN_POINT ( 'NONE',  ( -91.85010076970550585, 3.440078607978350078, 139.2290385676189999 ) ) ;
#3401 = LINE ( 'NONE', #4014, #1068 ) ;
#3402 = CARTESIAN_POINT ( 'NONE',  ( -26.40111486757770010, 2.607811206594769615, 160.4802146902100048 ) ) ;
#3403 = LINE ( 'NONE', #920, #3147 ) ;
#3404 =( BOUNDED_SURFACE ( )  B_SPLINE_SURFACE ( 3, 3, ( 
 ( #1335, #2330, #3631, #687, #3351, #3030 ),
 ( #1394, #3307, #2352, #707, #2029, #82 ),
 ( #2710, #1455, #3069, #1799, #2127, #2787 ),
 ( #1434, #1478, #2765, #2744, #4098, #139 ) ),
 .UNSPECIFIED., .F., .F., .F. ) 
 B_SPLINE_SURFACE_WITH_KNOTS ( ( 4, 4 ),
 ( 4, 2, 4 ),
 ( 0.0000000000000000000, 1.000000000000000000 ),
 ( 0.0000000000000000000, 0.1515543800034849786, 1.000000000000000000 ),
 .UNSPECIFIED. ) 
 GEOMETRIC_REPRESENTATION_ITEM ( )  RATIONAL_B_SPLINE_SURFACE ( (
 ( 1.000000000000000000, 1.000000000000000000, 1.000000000000000000, 1.000000000000000000, 1.000000000000000000, 1.000000000000000000),
 ( 0.8047378541235860050, 0.8047378541235860050, 0.8047378541235860050, 0.8047378541235860050, 0.8047378541235860050, 0.8047378541235860050),
 ( 0.8047378541235860050, 0.8047378541235860050, 0.8047378541235860050, 0.8047378541235860050, 0.8047378541235860050, 0.8047378541235860050),
 ( 1.000000000000000000, 1.000000000000000000, 1.000000000000000000, 1.000000000000000000, 1.000000000000000000, 1.000000000000000000) ) ) 
 REPRESENTATION_ITEM ( '' )  SURFACE ( )  );
#3405 = CARTESIAN_POINT ( 'NONE',  ( -102.7170231860919927, 8.251390189305570999, 8.999999999999809930 ) ) ;
#3406 = CARTESIAN_POINT ( 'NONE',  ( -70.07273757548529147, 0.0000000000000000000, 160.1999324313989916 ) ) ;
#3407 = CARTESIAN_POINT ( 'NONE',  ( -29.71452870188739936, 2.649945593693630030, 160.1855898344740012 ) ) ;
#3408 = VERTEX_POINT ( 'NONE', #1225 ) ;
#3409 = CARTESIAN_POINT ( 'NONE',  ( 0.0000000000000000000, 2.000000000000000000, 323.7500000000000000 ) ) ;
#3410 = ADVANCED_FACE ( 'NONE', ( #3829 ), #2205, .F. ) ;
#3411 = CARTESIAN_POINT ( 'NONE',  ( -43.67952349191369876, 2.827528216161660168, 141.1540147056430214 ) ) ;
#3412 = CARTESIAN_POINT ( 'NONE',  ( -105.2165668860281187, 8.303168044312450036, 11.50000000000002842 ) ) ;
#3413 = VERTEX_POINT ( 'NONE', #190 ) ;
#3414 = CARTESIAN_POINT ( 'NONE',  ( 0.0000000000000000000, 0.0000000000000000000, 0.0000000000000000000 ) ) ;
#3415 = PLANE ( 'NONE',  #3225 ) ;
#3416 = VECTOR ( 'NONE', #1200, 1000.000000000000000 ) ;
#3417 = ORIENTED_EDGE ( 'NONE', *, *, #3788, .F. ) ;
#3418 = CARTESIAN_POINT ( 'NONE',  ( -24.14448754322149782, 0.0000000000000000000, 154.7717818769870064 ) ) ;
#3419 = FACE_OUTER_BOUND ( 'NONE', #2263, .T. ) ;
#3420 = COORDINATED_UNIVERSAL_TIME_OFFSET ( 0, 0, .AHEAD. ) ;
#3421 = CARTESIAN_POINT ( 'NONE',  ( -52.84085623724340053, 0.0000000000000000000, 148.5251873153569875 ) ) ;
#3422 = CARTESIAN_POINT ( 'NONE',  ( -91.37778726331519863, 3.434072493776680002, 142.9823851288539913 ) ) ;
#3423 = CARTESIAN_POINT ( 'NONE',  ( -50.38775723632890191, 2.912832390793589799, 145.4362845235310147 ) ) ;
#3424 = CARTESIAN_POINT ( 'NONE',  ( -23.45563847020810044, 2.570355716343869723, 159.0278561833009974 ) ) ;
#3425 = CARTESIAN_POINT ( 'NONE',  ( -62.44054221136629224, -0.001000001298026020023, 149.8159981027159802 ) ) ;
#3426 = CARTESIAN_POINT ( 'NONE',  ( -104.9322374920329963, 6.737602582986411015, 9.304212961010792426 ) ) ;
#3427 = CARTESIAN_POINT ( 'NONE',  ( -71.59623950032239748, 0.0000000000000000000, 156.7613127072709744 ) ) ;
#3428 = CARTESIAN_POINT ( 'NONE',  ( -50.90330966028629689, 0.0000000000000000000, 143.0394097802360136 ) ) ;
#3429 = EDGE_LOOP ( 'NONE', ( #2247, #1575, #43, #261, #2593, #853, #1275, #837, #3152, #736 ) ) ;
#3430 = CARTESIAN_POINT ( 'NONE',  ( -114.4254346790440309, 0.3695843737257493156, 2.219137324934102207 ) ) ;
#3431 = DIRECTION ( 'NONE',  ( 0.5004356563159289006, 0.0000000000000000000, 0.8657737313453470751 ) ) ;
#3432 = CARTESIAN_POINT ( 'NONE',  ( -20.87184240769019894, 13.00321644496600015, 149.1705927090359864 ) ) ;
#3433 = EDGE_CURVE ( 'NONE', #1783, #151, #1983, .T. ) ;
#3434 = CARTESIAN_POINT ( 'NONE',  ( -103.7297309132682273, 4.992156516386784482, 12.26441943231336218 ) ) ;
#3435 = EDGE_LOOP ( 'NONE', ( #4149, #2482, #594, #3598 ) ) ;
#3436 = CARTESIAN_POINT ( 'NONE',  ( -43.92201223866749871, 0.0000000000000000000, 139.0186582001900035 ) ) ;
#3437 = CARTESIAN_POINT ( 'NONE',  ( -91.96206316055030072, 0.0000000000000000000, 139.4986228390399958 ) ) ;
#3438 = ORIENTED_EDGE ( 'NONE', *, *, #892, .F. ) ;
#3439 = CARTESIAN_POINT ( 'NONE',  ( -23.65870698646810055, 0.0000000000000000000, 156.2973704946110161 ) ) ;
#3440 = CARTESIAN_POINT ( 'NONE',  ( -3.239175733271150381, 3.619611520968358587, 0.07300526564313114530 ) ) ;
#3441 = CALENDAR_DATE ( 2021, 15, 9 ) ;
#3442 = CARTESIAN_POINT ( 'NONE',  ( -112.6566621800100023, 2.108091708416220733, 0.4188372000744817747 ) ) ;
#3443 = CARTESIAN_POINT ( 'NONE',  ( -92.00718212558669507, 3.442075909537929856, 139.6765630402919953 ) ) ;
#3444 = CARTESIAN_POINT ( 'NONE',  ( -51.16580336613590418, 2.922725815807969862, 138.9314260422320046 ) ) ;
#3445 = VECTOR ( 'NONE', #4201, 1000.000000000000114 ) ;
#3446 = CARTESIAN_POINT ( 'NONE',  ( -23.48092568760549881, 2.570677275574670073, 156.8748859802599895 ) ) ;
#3447 = DIRECTION ( 'NONE',  ( -0.04817122723086530306, -0.9988390925805179510, 0.0000000000000000000 ) ) ;
#3448 = B_SPLINE_CURVE_WITH_KNOTS ( 'NONE', 3,
 ( #2540, #1825, #2197, #2474, #3844, #205, #3406, #2107, #461, #1548, #3150, #4080, #163, #4170, #1481, #1781, #2494, #2448, #2152, #1457, #3089, #3779, #1523, #2518, #1151, #3449, #3821, #829, #2833, #2857, #3111, #2790, #4100, #507, #530, #3130, #185, #2768, #1503, #3427, #3493, #484, #141, #2813, #1130, #3800, #4123, #1173, #3757, #807, #1869, #1218, #851, #2130, #2175, #553, #3472, #1801, #4147, #1848, #871, #229, #939, #1692, #1243, #2267, #1018, #1038, #3515, #1287, #1711, #2904, #3218, #699, #1265, #2563, #599, #3866, #2019, #1937, #398, #3322, #4214, #251, #916, #3006, #2881, #2663, #3024, #3539, #3966, #379, #75, #2244, #3561, #2344, #2042 ),
 .UNSPECIFIED., .F., .F.,
 ( 4, 3, 3, 3, 3, 3, 3, 3, 3, 3, 3, 3, 3, 3, 3, 3, 3, 3, 3, 3, 3, 3, 3, 3, 3, 3, 3, 3, 3, 3, 3, 3, 4 ),
 ( 0.0000000000000000000, 0.07077011098252410093, 0.1415402219650330196, 0.2123103329474869960, 0.2830804439300130260, 0.3538505549125399718, 0.4246206658950820167, 0.4953907768776169562, 0.5661608878601059880, 0.6369309988426049562, 0.7077011098250770571, 0.7784712208075800222, 0.8492413317900819880, 0.9200114427726150401, 0.9907815537551428742, 1.061551664737679923, 1.134610832572179984, 1.205380943554700046, 1.276151054537210117, 1.346921165519729957, 1.417691276502240028, 1.488461387484760090, 1.559231498467279931, 1.630001609449809985, 1.700771720432320055, 1.771541831414839896, 1.842311942397369950, 1.913082053379889569, 1.983852164362420067, 2.054622275344929694, 2.125392386327420002, 2.196162497309919637, 2.230498350089679782 ),
 .UNSPECIFIED. ) ;
#3449 = CARTESIAN_POINT ( 'NONE',  ( -71.81197557780960494, 0.0000000000000000000, 158.5073039102599921 ) ) ;
#3450 = CARTESIAN_POINT ( 'NONE',  ( -50.59497524814240421, 0.0000000000000000000, 146.6292816723670001 ) ) ;
#3451 = ORIENTED_EDGE ( 'NONE', *, *, #351, .T. ) ;
#3452 = CARTESIAN_POINT ( 'NONE',  ( -72.34475268460390396, 0.0000000000000000000, 149.8159981027159802 ) ) ;
#3453 = DIRECTION ( 'NONE',  ( 0.04817122723086519898, 0.9988390925805179510, 0.0000000000000000000 ) ) ;
#3454 = CARTESIAN_POINT ( 'NONE',  ( -100.2130641889379916, 8.546828554825708579, 149.1705927090359864 ) ) ;
#3455 = B_SPLINE_CURVE_WITH_KNOTS ( 'NONE', 3,
 ( #3053, #409, #389, #86, #1415, #764, #4019, #2713, #2729, #4039, #3016, #1087, #2412, #3715, #4124, #1152, #2131, #1826, #895, #3780, #4171, #852, #3801, #2834, #1131, #1174, #2814, #2449, #3131, #4081, #3758, #186, #3171, #4148, #808, #1504, #1573, #2858, #2198, #2221, #2176, #3494, #485, #3516, #3428, #2519, #2541, #3473, #3822, #165, #1802, #830, #2495, #1849, #531, #3151, #206, #3112, #1524, #1482, #2475, #2791, #1197, #4101, #554, #3845, #872, #2153, #3450, #1870, #577, #508, #230, #1549, #1219, #1894, #3194, #252, #4254, #3910, #2926, #3284, #1616, #1310, #2328, #2564, #982, #2003 ),
 .UNSPECIFIED., .F., .F.,
 ( 4, 3, 3, 3, 3, 3, 3, 3, 3, 3, 3, 3, 3, 3, 3, 3, 3, 3, 3, 3, 3, 3, 3, 3, 3, 3, 3, 3, 3, 4 ),
 ( 0.0000000000000000000, 0.08036616672407451145, 0.1607323334481140231, 0.2410985001721940302, 0.3214646668962620191, 0.4018308336202849884, 0.4821970003442969666, 0.5625631670683000074, 0.6429293337923499552, 0.7232955005164419804, 0.8036616672404539585, 0.8840278339644169758, 0.9643940006884950122, 1.046889390926970087, 1.127255557651009932, 1.207621724375040007, 1.287987891099110049, 1.368354057823149894, 1.448720224547229929, 1.529086391271300194, 1.609452557995320054, 1.693811018808909941, 1.774177185532950229, 1.854543352256950106, 1.934909518981029919, 2.015275685705150366, 2.095641852429179774, 2.176008019153369943, 2.256374185877429994, 2.284320244504019826 ),
 .UNSPECIFIED. ) ;
#3456 = CARTESIAN_POINT ( 'NONE',  ( -113.6909409977379966, 0.2276121061002250034, 5.001000000001640799 ) ) ;
#3457 = VERTEX_POINT ( 'NONE', #2180 ) ;
#3458 = CARTESIAN_POINT ( 'NONE',  ( -44.00195574985899327, 0.0000000000000000000, 138.9257027405209897 ) ) ;
#3459 = CARTESIAN_POINT ( 'NONE',  ( -90.80582297172269080, 0.0000000000000000000, 138.3338807565710056 ) ) ;
#3460 = VERTEX_POINT ( 'NONE', #3875 ) ;
#3461 = CARTESIAN_POINT ( 'NONE',  ( -23.31168473085270065, 0.0000000000000000000, 157.7365147376399932 ) ) ;
#3462 = CARTESIAN_POINT ( 'NONE',  ( -38.67134367244550219, 2.763842509391639890, 149.1507551767690245 ) ) ;
#3463 = CALENDAR_DATE ( 2021, 15, 9 ) ;
#3464 = CARTESIAN_POINT ( 'NONE',  ( -112.2272226409129843, 1.052847796715230100, 1.282125324682610090 ) ) ;
#3465 = CARTESIAN_POINT ( 'NONE',  ( -90.86173426552001331, 3.427510332662289994, 145.8111596864699777 ) ) ;
#3466 = VERTEX_POINT ( 'NONE', #2480 ) ;
#3467 = CARTESIAN_POINT ( 'NONE',  ( -50.57137649746979946, 2.915166919799129897, 144.1334454275600194 ) ) ;
#3468 = EDGE_CURVE ( 'NONE', #2521, #2362, #2089, .T. ) ;
#3469 = CARTESIAN_POINT ( 'NONE',  ( -24.48727798543970025, 2.583474328952580112, 159.9867803610279680 ) ) ;
#3470 =( BOUNDED_CURVE ( )  B_SPLINE_CURVE ( 3, ( #921, #2545, #2226, #1331 ),
 .UNSPECIFIED., .F., .T. ) 
 B_SPLINE_CURVE_WITH_KNOTS ( ( 4, 4 ),
 ( 4.760578857082035320, 5.127729865540864296 ),
 .UNSPECIFIED. ) 
 CURVE ( )  GEOMETRIC_REPRESENTATION_ITEM ( )  RATIONAL_B_SPLINE_CURVE ( ( 1.000000000000000000, 0.9887981895463235915, 0.9887981895463235915, 1.000000000000000000 ) ) 
 REPRESENTATION_ITEM ( '' )  );
#3471 = DIRECTION ( 'NONE',  ( 0.0000000000000000000, 1.000000000000000000, 0.0000000000000000000 ) ) ;
#3472 = CARTESIAN_POINT ( 'NONE',  ( -70.87325846642549720, 0.0000000000000000000, 154.4217426956020063 ) ) ;
#3473 = CARTESIAN_POINT ( 'NONE',  ( -50.75256509866509447, 0.0000000000000000000, 143.5083047827559994 ) ) ;
#3474 = CIRCLE ( 'NONE', #1632, 7.654378035012191717 ) ;
#3475 = ORIENTED_EDGE ( 'NONE', *, *, #241, .T. ) ;
#3476 = CARTESIAN_POINT ( 'NONE',  ( -113.9565452391379949, 2.433946838146260117, 1.596863349247839903 ) ) ;
#3477 = DIRECTION ( 'NONE',  ( 0.04817122723086530306, 0.9988390925805179510, 0.0000000000000000000 ) ) ;
#3478 = CARTESIAN_POINT ( 'NONE',  ( -9.578762876178901209, 5.080415435692419379, 11.77796701360405685 ) ) ;
#3479 = CARTESIAN_POINT ( 'NONE',  ( -2.939419985849925698, 3.995356370322069584, 9.400999999999982037 ) ) ;
#3480 = VERTEX_POINT ( 'NONE', #4129 ) ;
#3481 = CARTESIAN_POINT ( 'NONE',  ( -84.51639367301160632, 0.0000000000000000000, 142.4353766968719981 ) ) ;
#3482 = CARTESIAN_POINT ( 'NONE',  ( -102.1383918384997571, 5.266910657805444984, 10.23306594772909683 ) ) ;
#3483 = VERTEX_POINT ( 'NONE', #561 ) ;
#3484 = CARTESIAN_POINT ( 'NONE',  ( -23.49622347112059728, 0.0000000000000000000, 159.1037336830249842 ) ) ;
#3485 = DIRECTION ( 'NONE',  ( 0.0000000000000000000, 1.000000000000000000, 0.0000000000000000000 ) ) ;
#3486 = CARTESIAN_POINT ( 'NONE',  ( -63.94076700147789438, 3.085175858679360061, 159.0694555638050076 ) ) ;
#3487 = CARTESIAN_POINT ( 'NONE',  ( -13.72264314190390522, 2.490897589962528968, 13.33288800688350229 ) ) ;
#3488 = ORIENTED_EDGE ( 'NONE', *, *, #1564, .F. ) ;
#3489 = CARTESIAN_POINT ( 'NONE',  ( -51.53517415067189233, 2.927422778994419605, 139.6154169086910031 ) ) ;
#3490 = DIRECTION ( 'NONE',  ( -1.000000000000000000, 0.0000000000000000000, 0.0000000000000000000 ) ) ;
#3491 = EDGE_CURVE ( 'NONE', #3457, #3460, #1332, .T. ) ;
#3492 = FACE_OUTER_BOUND ( 'NONE', #1141, .T. ) ;
#3493 = CARTESIAN_POINT ( 'NONE',  ( -71.55882841536109140, 0.0000000000000000000, 156.6282376926849906 ) ) ;
#3494 = CARTESIAN_POINT ( 'NONE',  ( -51.06045085588309718, 0.0000000000000000000, 142.5717632939360158 ) ) ;
#3495 = CARTESIAN_POINT ( 'NONE',  ( -70.75487234744058185, 3.171825864767479963, 151.8113524940559955 ) ) ;
#3496 = ORIENTED_EDGE ( 'NONE', *, *, #3525, .T. ) ;
#3497 = AXIS2_PLACEMENT_3D ( 'NONE', #1571, #1936, #228 ) ;
#3498 = CARTESIAN_POINT ( 'NONE',  ( -77.89744814321591093, 3.262652783558460001, 149.1705927090359864 ) ) ;
#3499 = CARTESIAN_POINT ( 'NONE',  ( 52.56741241248699481, 3.995356370322069139, 292.3202494080499605 ) ) ;
#3500 = CARTESIAN_POINT ( 'NONE',  ( -31.99526615696490239, 2.678947977294690030, 149.7805870806819826 ) ) ;
#3501 = CARTESIAN_POINT ( 'NONE',  ( -11.49203277645710131, 7.418627449599189738, 8.999999999999710454 ) ) ;
#3502 = CARTESIAN_POINT ( 'NONE',  ( -74.76163420294929551, 3.222776908615720082, 149.3226728225789941 ) ) ;
#3503 = ORIENTED_EDGE ( 'NONE', *, *, #1273, .F. ) ;
#3504 = CARTESIAN_POINT ( 'NONE',  ( -84.20168726166851059, 0.0000000000000000000, 141.2276808367080037 ) ) ;
#3505 = CARTESIAN_POINT ( 'NONE',  ( -46.62792290196190237, 2.865020876247969639, 137.8609707278629912 ) ) ;
#3506 = CARTESIAN_POINT ( 'NONE',  ( -24.40773899598459806, 0.0000000000000000000, 151.9912527819619754 ) ) ;
#3507 = CARTESIAN_POINT ( 'NONE',  ( -37.44383207444760586, 0.0000000000000000000, 149.1705927090359864 ) ) ;
#3508 = CARTESIAN_POINT ( 'NONE',  ( -63.73495149912219659, 3.082558570121539887, 158.2234549444730192 ) ) ;
#3509 = CARTESIAN_POINT ( 'NONE',  ( -11.86853326977606038, 4.890558650418742381, 9.685832819296832596 ) ) ;
#3510 = VERTEX_POINT ( 'NONE', #1579 ) ;
#3511 = CARTESIAN_POINT ( 'NONE',  ( -51.60926301593500654, 2.928364888104079800, 140.0777732547369965 ) ) ;
#3512 = CARTESIAN_POINT ( 'NONE',  ( -22.76971949867539990, 2.561633381520850072, 149.8159981027159802 ) ) ;
#3513 = CARTESIAN_POINT ( 'NONE',  ( -0.05187826196613241903, 0.05187826196613241903, 3.220037309340120668 ) ) ;
#3514 = PRODUCT ( 'right', 'right', '', ( #3748 ) ) ;
#3515 = CARTESIAN_POINT ( 'NONE',  ( -70.62542166157200541, 0.0000000000000000000, 152.8100122661319915 ) ) ;
#3516 = CARTESIAN_POINT ( 'NONE',  ( -50.95565474039100451, 0.0000000000000000000, 142.8831870624159706 ) ) ;
#3517 = CARTESIAN_POINT ( 'NONE',  ( -70.71045473540179671, 3.171260993164189745, 151.9871453035729871 ) ) ;
#3518 = VERTEX_POINT ( 'NONE', #2889 ) ;
#3519 = AXIS2_PLACEMENT_3D ( 'NONE', #4194, #2605, #3584 ) ;
#3520 = CARTESIAN_POINT ( 'NONE',  ( -107.2605271331467947, 3.995356370322069139, 5.001000000000000334 ) ) ;
#3521 = CARTESIAN_POINT ( 'NONE',  ( -108.7907846640949856, 3.655500971345309935, 149.1705927090359864 ) ) ;
#3522 = CARTESIAN_POINT ( 'NONE',  ( -34.75176213010229986, 2.714000540717009802, 149.2762473706549997 ) ) ;
#3523 = CARTESIAN_POINT ( 'NONE',  ( -17.21702404006340004, -0.001000001298026020023, 149.1705927090359864 ) ) ;
#3524 = ADVANCED_FACE ( 'NONE', ( #946 ), #716, .T. ) ;
#3525 = EDGE_CURVE ( 'NONE', #3256, #151, #1662, .T. ) ;
#3526 = CARTESIAN_POINT ( 'NONE',  ( -113.6909409977379966, 0.2276121061002250034, 5.001000000001640799 ) ) ;
#3527 = ORIENTED_EDGE ( 'NONE', *, *, #1321, .F. ) ;
#3528 = CARTESIAN_POINT ( 'NONE',  ( -84.09566046134479222, 0.0000000000000000000, 140.4657742212910136 ) ) ;
#3529 = CARTESIAN_POINT ( 'NONE',  ( -91.58292442610080286, 1.555865781970230022E-21, 147.6654370816950177 ) ) ;
#3530 = CARTESIAN_POINT ( 'NONE',  ( -39.43926651891230506, 2.773607372378619651, 149.1178669924049984 ) ) ;
#3531 = EDGE_CURVE ( 'NONE', #3510, #2852, #3897, .T. ) ;
#3532 = CARTESIAN_POINT ( 'NONE',  ( -64.72489888871669450, 3.095147014950510034, 154.3574359118400139 ) ) ;
#3533 = ORIENTED_EDGE ( 'NONE', *, *, #1450, .F. ) ;
#3534 = CARTESIAN_POINT ( 'NONE',  ( -14.05662661152139847, 2.450835289238920023, 13.99999999999979927 ) ) ;
#3535 = EDGE_LOOP ( 'NONE', ( #1498, #2432, #861, #2962 ) ) ;
#3536 = CARTESIAN_POINT ( 'NONE',  ( -8.998986032674219260, 7.205712775379243595, 9.002417516498995909 ) ) ;
#3537 = DIRECTION ( 'NONE',  ( -0.04817122700954517417, -0.9988390925911915241, 1.295240765282179392E-09 ) ) ;
#3538 = DIRECTION ( 'NONE',  ( 0.1214093666953641876, 0.0000000000000000000, -0.9926025214952008957 ) ) ;
#3539 = CARTESIAN_POINT ( 'NONE',  ( -71.66170294877869651, 0.0000000000000000000, 150.3461308625990114 ) ) ;
#3540 = CARTESIAN_POINT ( 'NONE',  ( -112.9237949149679849, 2.938767399653607892, 0.6082029100622127205 ) ) ;
#3541 = CARTESIAN_POINT ( 'NONE',  ( -71.68377805587509499, 3.183637921027449469, 157.0576464139100210 ) ) ;
#3542 = ORIENTED_EDGE ( 'NONE', *, *, #3703, .F. ) ;
#3543 = DIRECTION ( 'NONE',  ( 0.0000000000000000000, 0.0000000000000000000, 1.000000000000000000 ) ) ;
#3544 = CARTESIAN_POINT ( 'NONE',  ( -112.0151818083012216, 1.467044762901814181, 0.9041644178146074351 ) ) ;
#3545 = CARTESIAN_POINT ( 'NONE',  ( -85.11891750270710588, 3.354482997939300049, 145.8342459836899820 ) ) ;
#3546 = CARTESIAN_POINT ( 'NONE',  ( -30.46172576853519942, 2.659447120839490086, 151.3749194167409939 ) ) ;
#3547 = EDGE_LOOP ( 'NONE', ( #1865, #3807, #4046, #2578, #3554, #2755 ) ) ;
#3548 = CARTESIAN_POINT ( 'NONE',  ( -84.83490522225251596, 0.0000000000000000000, 138.6556243722130262 ) ) ;
#3549 = EDGE_CURVE ( 'NONE', #2913, #847, #2394, .T. ) ;
#3550 = CARTESIAN_POINT ( 'NONE',  ( -90.91913893540670699, 0.0000000000000000000, 146.2752958836230164 ) ) ;
#3551 = CARTESIAN_POINT ( 'NONE',  ( -37.58025008478400508, 2.749968173131580151, 149.1704248592880049 ) ) ;
#3552 = DATE_TIME_ROLE ( 'classification_date' ) ;
#3553 = CARTESIAN_POINT ( 'NONE',  ( -64.93939259013740184, 3.097874866760510049, 153.2650627590749934 ) ) ;
#3554 = ORIENTED_EDGE ( 'NONE', *, *, #3605, .T. ) ;
#3555 = CARTESIAN_POINT ( 'NONE',  ( -100.2766404279240078, 3.547232764980639885, 149.1705927090359864 ) ) ;
#3556 = ADVANCED_FACE ( 'NONE', ( #142 ), #3672, .T. ) ;
#3557 = ORIENTED_EDGE ( 'NONE', *, *, #3896, .F. ) ;
#3558 = CARTESIAN_POINT ( 'NONE',  ( -89.21758076570129958, 13.00321644496600015, 146.3268180450679949 ) ) ;
#3559 = CARTESIAN_POINT ( 'NONE',  ( -62.44054221136629224, 0.0000000000000000000, 149.8159981027159802 ) ) ;
#3560 = CARTESIAN_POINT ( 'NONE',  ( -0.1279334032063489945, 2.063966701603160203, 2.962869736270010268 ) ) ;
#3561 = CARTESIAN_POINT ( 'NONE',  ( -72.20924245577359102, 0.0000000000000000000, 149.9064191546309814 ) ) ;
#3562 = VECTOR ( 'NONE', #3633, 1000.000000000000114 ) ;
#3563 = CARTESIAN_POINT ( 'NONE',  ( -58.40104942009870115, 0.0000000000000000000, 149.1705927090359864 ) ) ;
#3564 = CARTESIAN_POINT ( 'NONE',  ( -71.22117477133799923, 3.177755450001130022, 150.8503786465250016 ) ) ;
#3565 = ORIENTED_EDGE ( 'NONE', *, *, #1564, .T. ) ;
#3566 = CARTESIAN_POINT ( 'NONE',  ( -2.763972161590490195, 7.633298678480615607, 5.000999999999670820 ) ) ;
#3567 = CARTESIAN_POINT ( 'NONE',  ( -84.40664881671089859, 3.345425850461330342, 142.0556767750929907 ) ) ;
#3568 = CARTESIAN_POINT ( 'NONE',  ( -48.17718449455220053, 13.00321644496600015, 146.6740724992289699 ) ) ;
#3569 = AXIS2_PLACEMENT_3D ( 'NONE', #337, #38, #1023 ) ;
#3570 = CARTESIAN_POINT ( 'NONE',  ( -30.62109110422710145, 0.0000000000000000000, 155.1111208637609877 ) ) ;
#3571 = CARTESIAN_POINT ( 'NONE',  ( -85.49544363917699741, 0.0000000000000000000, 138.2706317672019907 ) ) ;
#3572 = CARTESIAN_POINT ( 'NONE',  ( -91.67742873936479953, 0.0000000000000000000, 147.7710626237040117 ) ) ;
#3573 = CARTESIAN_POINT ( 'NONE',  ( -45.58318673635400131, 2.851733720198390110, 138.0635675119000325 ) ) ;
#3574 = ADVANCED_FACE ( 'NONE', ( #1703 ), #3358, .T. ) ;
#3575 = CARTESIAN_POINT ( 'NONE',  ( -64.25670966847320642, 3.089193400055980199, 159.4935789809149753 ) ) ;
#3576 = ORIENTED_EDGE ( 'NONE', *, *, #479, .T. ) ;
#3577 = DIRECTION ( 'NONE',  ( 0.0000000000000000000, 0.0000000000000000000, -1.000000000000000000 ) ) ;
#3578 = ORIENTED_EDGE ( 'NONE', *, *, #3209, .F. ) ;
#3579 = CARTESIAN_POINT ( 'NONE',  ( -92.57156071898809557, 13.00321644496600015, 148.5251873153569875 ) ) ;
#3580 = B_SPLINE_CURVE_WITH_KNOTS ( 'NONE', 3,
 ( #21, #2310, #644, #1337 ),
 .UNSPECIFIED., .F., .F.,
 ( 4, 4 ),
 ( 0.0000000000000000000, 1.000000000000000000 ),
 .UNSPECIFIED. ) ;
#3581 = CARTESIAN_POINT ( 'NONE',  ( -23.21208554821570047, 2.567258639674899978, 150.1378912770990155 ) ) ;
#3582 = EDGE_CURVE ( 'NONE', #3877, #2320, #3455, .T. ) ;
#3583 = CARTESIAN_POINT ( 'NONE',  ( -2.770906554907969888, 1.541813109815839855, 0.8013326406917870015 ) ) ;
#3584 = DIRECTION ( 'NONE',  ( 0.0000000000000000000, -0.9965373674306751139, -0.08314610823327689415 ) ) ;
#3585 = CARTESIAN_POINT ( 'NONE',  ( -71.77610890933249266, 3.184812015174929734, 158.6819857089399761 ) ) ;
#3586 = VERTEX_POINT ( 'NONE', #600 ) ;
#3587 = CARTESIAN_POINT ( 'NONE',  ( -112.7643120787219999, 0.0000000000000000000, 6.623095966852620364 ) ) ;
#3588 = CARTESIAN_POINT ( 'NONE',  ( -85.13136151747760039, 3.354641221186910105, 145.5692027144220049 ) ) ;
#3589 =( BOUNDED_CURVE ( )  B_SPLINE_CURVE ( 3, ( #3456, #1833, #2821, #4130 ),
 .UNSPECIFIED., .F., .T. ) 
 B_SPLINE_CURVE_WITH_KNOTS ( ( 4, 4 ),
 ( 4.278847193147024441, 4.760578857053824109 ),
 .UNSPECIFIED. ) 
 CURVE ( )  GEOMETRIC_REPRESENTATION_ITEM ( )  RATIONAL_B_SPLINE_CURVE ( ( 1.000000000000000000, 0.9807545335062478609, 0.9807545335062478609, 1.000000000000000000 ) ) 
 REPRESENTATION_ITEM ( '' )  );
#3590 = CARTESIAN_POINT ( 'NONE',  ( -30.92767896661630189, 2.665372088620030055, 156.0527080543530190 ) ) ;
#3591 = VECTOR ( 'NONE', #213, 1000.000000000000000 ) ;
#3592 = CARTESIAN_POINT ( 'NONE',  ( -31.08051351341169877, 0.0000000000000000000, 159.2474352623210052 ) ) ;
#3593 = CARTESIAN_POINT ( 'NONE',  ( -2.493222954072258801, 0.9864542478358738764, 1.356691296914564360 ) ) ;
#3594 = CARTESIAN_POINT ( 'NONE',  ( -91.77747352211800091, 3.439155243925489991, 147.8785198370299838 ) ) ;
#3595 = SECURITY_CLASSIFICATION ( '', '', #3063 ) ;
#3596 = CARTESIAN_POINT ( 'NONE',  ( -46.24927604524679481, 2.860205207897349666, 137.9171061999689982 ) ) ;
#3597 = DIRECTION ( 'NONE',  ( -0.04817122723086530306, -0.9988390925805179510, 0.0000000000000000000 ) ) ;
#3598 = ORIENTED_EDGE ( 'NONE', *, *, #3265, .F. ) ;
#3599 = DIRECTION ( 'NONE',  ( 0.0000000000000000000, 1.000000000000000000, 0.0000000000000000000 ) ) ;
#3600 = ORIENTED_EDGE ( 'NONE', *, *, #1645, .F. ) ;
#3601 = CARTESIAN_POINT ( 'NONE',  ( -90.66469465069509681, 13.00321644496600015, 142.8092024469350179 ) ) ;
#3602 = CARTESIAN_POINT ( 'NONE',  ( -64.42819323819088595, 0.0000000000000000000, 155.3295210139299911 ) ) ;
#3603 = CARTESIAN_POINT ( 'NONE',  ( -84.39335552552280717, 3.345256616384160164, 139.1226202386459931 ) ) ;
#3604 = CARTESIAN_POINT ( 'NONE',  ( -52.84085623724340053, 2.944026250107679932, 148.5251873153569875 ) ) ;
#3605 = EDGE_CURVE ( 'NONE', #518, #10, #2308, .T. ) ;
#3606 = DIRECTION ( 'NONE',  ( -0.04817122627492961134, -0.9988390926266201841, 9.919516418563313693E-10 ) ) ;
#3607 = CARTESIAN_POINT ( 'NONE',  ( -9.054684967973170018, 6.085615533651848708, 10.03553390593619632 ) ) ;
#3608 = ORIENTED_EDGE ( 'NONE', *, *, #349, .F. ) ;
#3609 = CARTESIAN_POINT ( 'NONE',  ( -1.807315091079279901, 3.995356370322069139, 1.500999999999089951 ) ) ;
#3610 = CARTESIAN_POINT ( 'NONE',  ( -84.16060647769339198, 3.342296796790909852, 147.9326462422289978 ) ) ;
#3611 = CARTESIAN_POINT ( 'NONE',  ( -31.23016198711000158, 2.669218581721089834, 157.0576464139230097 ) ) ;
#3612 =( BOUNDED_CURVE ( )  B_SPLINE_CURVE ( 3, ( #2592, #216, #3479, #2527 ),
 .UNSPECIFIED., .F., .T. ) 
 B_SPLINE_CURVE_WITH_KNOTS ( ( 4, 4 ),
 ( 3.141592653589660333, 6.283185307179461887 ),
 .UNSPECIFIED. ) 
 CURVE ( )  GEOMETRIC_REPRESENTATION_ITEM ( )  RATIONAL_B_SPLINE_CURVE ( ( 1.000000000000000000, 0.3333333333332890724, 0.3333333333332890724, 1.000000000000000000 ) ) 
 REPRESENTATION_ITEM ( '' )  );
#3613 = CARTESIAN_POINT ( 'NONE',  ( -30.53296804151780108, 0.0000000000000000000, 159.7815278242179886 ) ) ;
#3614 = LINE ( 'NONE', #2613, #1702 ) ;
#3615 = CIRCLE ( 'NONE', #49, 2.200000000000000178 ) ;
#3616 = CARTESIAN_POINT ( 'NONE',  ( -91.03315955736380261, 0.0000000000000000000, 144.1784145769679810 ) ) ;
#3617 = CARTESIAN_POINT ( 'NONE',  ( -21.50446810468520198, 0.0000000000000000000, 149.3857278402630016 ) ) ;
#3618 = AXIS2_PLACEMENT_3D ( 'NONE', #391, #1341, #731 ) ;
#3619 = CARTESIAN_POINT ( 'NONE',  ( -111.6656410625911491, 3.995356370322069584, 0.6010000000000805809 ) ) ;
#3620 = ORIENTED_EDGE ( 'NONE', *, *, #3632, .F. ) ;
#3621 = CARTESIAN_POINT ( 'NONE',  ( -44.30091771721949101, 0.0000000000000000000, 147.1757419465670012 ) ) ;
#3622 = VERTEX_POINT ( 'NONE', #3305 ) ;
#3623 = FACE_OUTER_BOUND ( 'NONE', #2921, .T. ) ;
#3624 = CARTESIAN_POINT ( 'NONE',  ( -64.84099425620409818, 0.0000000000000000000, 151.9848972650599990 ) ) ;
#3625 = CARTESIAN_POINT ( 'NONE',  ( -30.24133469852979772, 2.150357657542759579E-19, 152.0482339214729848 ) ) ;
#3626 = DIRECTION ( 'NONE',  ( 0.04817122723086530306, 0.9988390925805179510, 0.0000000000000000000 ) ) ;
#3627 = CARTESIAN_POINT ( 'NONE',  ( -61.55231546324770164, 3.054803568303849914, 149.6802043936220059 ) ) ;
#3628 = CARTESIAN_POINT ( 'NONE',  ( -111.4963052878761118, 2.477338130365724478, 0.3002626042401662088 ) ) ;
#3629 = CARTESIAN_POINT ( 'NONE',  ( -48.48654928131739439, 2.888655681909349848, 137.8609707278629912 ) ) ;
#3630 = CARTESIAN_POINT ( 'NONE',  ( -40.42508913407089466, 13.00321644496600015, 138.6941936058039744 ) ) ;
#3631 = CARTESIAN_POINT ( 'NONE',  ( -102.5313991825809978, 12.97361934662680127, 8.999999999999788614 ) ) ;
#3632 = EDGE_CURVE ( 'NONE', #579, #2913, #940, .T. ) ;
#3633 = DIRECTION ( 'NONE',  ( 0.5004356563159247928, 0.0000000000000000000, -0.8657737313453496286 ) ) ;
#3634 = CIRCLE ( 'NONE', #464, 5.000000000000000888 ) ;
#3635 = CARTESIAN_POINT ( 'NONE',  ( -84.27220126421488544, 3.343715902444320154, 147.8125378265129939 ) ) ;
#3636 = CARTESIAN_POINT ( 'NONE',  ( -30.37145368474070040, 2.658298980912369824, 154.2280276299960065 ) ) ;
#3637 = CARTESIAN_POINT ( 'NONE',  ( -31.34422827180149795, 0.0000000000000000000, 157.6685421674889938 ) ) ;
#3638 = CARTESIAN_POINT ( 'NONE',  ( -2.020582427856405072, 0.04117563436043708558, 3.399030254183915023 ) ) ;
#3639 = DIRECTION ( 'NONE',  ( 3.408894374718760498E-15, -1.845763451624369877E-16, 1.000000000000000000 ) ) ;
#3640 = CARTESIAN_POINT ( 'NONE',  ( -8.995597031946839905, 7.282777393244029618, 11.49999999999950084 ) ) ;
#3641 = CARTESIAN_POINT ( 'NONE',  ( -42.99652753305959862, 0.0000000000000000000, 148.5251873153569875 ) ) ;
#3642 = VERTEX_POINT ( 'NONE', #3629 ) ;
#3643 = LINE ( 'NONE', #1426, #4168 ) ;
#3644 = CARTESIAN_POINT ( 'NONE',  ( -1.085265284441717881, 2.542646953805730803, 1.260200350150023629 ) ) ;
#3645 = CARTESIAN_POINT ( 'NONE',  ( -64.11337201048780798, 0.0000000000000000000, 156.2721045350950249 ) ) ;
#3646 = CARTESIAN_POINT ( 'NONE',  ( -30.20294732432440199, 0.0000000000000000000, 152.2984588473290160 ) ) ;
#3647 = DIRECTION ( 'NONE',  ( -1.000000000000000000, 0.0000000000000000000, 0.0000000000000000000 ) ) ;
#3648 = CARTESIAN_POINT ( 'NONE',  ( -4.000000000000000000, 4.000000000000000000, 3.903127820947819907E-15 ) ) ;
#3649 = CARTESIAN_POINT ( 'NONE',  ( -112.5321045691886894, 0.4557300452517665801, 2.143920188467697052 ) ) ;
#3650 = DIRECTION ( 'NONE',  ( 0.0000000000000000000, 0.0000000000000000000, 1.000000000000000000 ) ) ;
#3651 = CARTESIAN_POINT ( 'NONE',  ( -10.14629310936269668, 4.262327231713171294, 9.000000000004538592 ) ) ;
#3652 = VERTEX_POINT ( 'NONE', #4215 ) ;
#3653 = CARTESIAN_POINT ( 'NONE',  ( -105.2126599787840320, 8.610404793811110125, 8.999999999999795719 ) ) ;
#3654 = CARTESIAN_POINT ( 'NONE',  ( -13.57550263490350240, 2.444717184055072323, 13.51883712518899827 ) ) ;
#3655 = CARTESIAN_POINT ( 'NONE',  ( -26.12567613871269856, -0.001000001298026020023, 152.0014769509129735 ) ) ;
#3656 = CARTESIAN_POINT ( 'NONE',  ( -30.26579457802479567, 0.0000000000000000000, 153.7396823796860303 ) ) ;
#3657 = CARTESIAN_POINT ( 'NONE',  ( -31.89113661583549941, 13.00321644496600015, 149.8159981027159802 ) ) ;
#3658 = EDGE_CURVE ( 'NONE', #3296, #961, #2558, .T. ) ;
#3659 = CARTESIAN_POINT ( 'NONE',  ( -45.27583210066369901, 2.847825925021339799, 138.1529469748639940 ) ) ;
#3660 = EDGE_CURVE ( 'NONE', #1880, #1119, #1288, .T. ) ;
#3661 = AXIS2_PLACEMENT_3D ( 'NONE', #3454, #1876, #258 ) ;
#3662 = AXIS2_PLACEMENT_3D ( 'NONE', #2265, #3537, #4191 ) ;
#3663 = CARTESIAN_POINT ( 'NONE',  ( -63.17524246952380196, 3.075441889750949898, 150.1455384924819896 ) ) ;
#3664 = CARTESIAN_POINT ( 'NONE',  ( -44.69524845290239767, 0.0000000000000000000, 145.7128659720349901 ) ) ;
#3665 = B_SPLINE_CURVE_WITH_KNOTS ( 'NONE', 3,
 ( #4070, #3398, #1817, #1494, #3747, #2400, #2383, #1427, #1731, #134, #453, #1449, #94, #4009, #822, #3122, #2080, #176, #774, #2465, #2737, #1058, #3100, #2720, #1121 ),
 .UNSPECIFIED., .F., .F.,
 ( 4, 3, 3, 3, 3, 3, 3, 3, 4 ),
 ( 0.0000000000000000000, 0.09789170151401069275, 0.2064242866711910041, 0.2909421482412600235, 0.3149568718283700108, 0.3740720758087799913, 0.4599787085134640074, 0.5130516500165009930, 0.5458853412181480236 ),
 .UNSPECIFIED. ) ;
#3666 = ORIENTED_EDGE ( 'NONE', *, *, #714, .T. ) ;
#3667 = CARTESIAN_POINT ( 'NONE',  ( -23.50721307291869877, 0.0000000000000000000, 150.4023830131150135 ) ) ;
#3668 = CARTESIAN_POINT ( 'NONE',  ( -2.463235925409870575, 3.231624240921268321, 0.3069032890875236230 ) ) ;
#3669 = CARTESIAN_POINT ( 'NONE',  ( -64.74527498903830747, 0.0000000000000000000, 151.7134953285500103 ) ) ;
#3670 = CARTESIAN_POINT ( 'NONE',  ( -31.20808688000990117, 0.0000000000000000000, 150.3461308626000061 ) ) ;
#3671 = CARTESIAN_POINT ( 'NONE',  ( -17.28508301166920091, 2.491889231252920389, 149.1705927090359864 ) ) ;
#3672 = B_SPLINE_SURFACE_WITH_KNOTS ( 'NONE', 2, 1, ( 
 ( #443, #1439 ),
 ( #1067, #122 ),
 ( #1762, #2770 ) ),
 .UNSPECIFIED., .F., .F., .F.,
 ( 3, 3 ),
 ( 2, 2 ),
 ( -2.000000000000000000, -1.000000000000000000 ),
 ( 0.0000000000000000000, 1.300421644626400086 ),
 .UNSPECIFIED. ) ;
#3673 = CARTESIAN_POINT ( 'NONE',  ( -77.89744814321591093, 3.262652783558460001, 149.1705927090359864 ) ) ;
#3674 = DIRECTION ( 'NONE',  ( 1.000000000000000000, 0.0000000000000000000, 0.0000000000000000000 ) ) ;
#3675 = FACE_OUTER_BOUND ( 'NONE', #809, .T. ) ;
#3676 = LINE ( 'NONE', #2628, #3562 ) ;
#3677 = CARTESIAN_POINT ( 'NONE',  ( -24.67102780767549675, -0.001000001298026020023, 155.5299600902559973 ) ) ;
#3678 = DIRECTION ( 'NONE',  ( -1.000000000000000000, 1.942890293094022368E-14, 0.0000000000000000000 ) ) ;
#3679 = CARTESIAN_POINT ( 'NONE',  ( -43.08184976521869913, 2.819928032210620383, 148.4683280952170037 ) ) ;
#3680 = EDGE_CURVE ( 'NONE', #143, #911, #494, .T. ) ;
#3681 = CARTESIAN_POINT ( 'NONE',  ( -63.82574118693669618, 3.083713493700920072, 150.5553709149990027 ) ) ;
#3682 = LINE ( 'NONE', #2660, #2794 ) ;
#3683 = ORIENTED_EDGE ( 'NONE', *, *, #3842, .T. ) ;
#3684 = CARTESIAN_POINT ( 'NONE',  ( -102.7633557007380034, 8.579258765077078408, 13.99999999999979927 ) ) ;
#3685 = CARTESIAN_POINT ( 'NONE',  ( -8.913523179314539746, 8.949113843761640652, 312.2490000000000236 ) ) ;
#3686 = VECTOR ( 'NONE', #419, 1000.000000000000000 ) ;
#3687 = COORDINATED_UNIVERSAL_TIME_OFFSET ( 0, 0, .AHEAD. ) ;
#3688 = CARTESIAN_POINT ( 'NONE',  ( -84.71085984463459795, 3.349294345036370135, 138.7578045791680097 ) ) ;
#3689 = CARTESIAN_POINT ( 'NONE',  ( -17.42206106195730086, 2.493631078408370172, 149.1711074892560021 ) ) ;
#3690 = CARTESIAN_POINT ( 'NONE',  ( -52.84085623724340053, 2.944026250107679932, 148.5251873153569875 ) ) ;
#3691 = CARTESIAN_POINT ( 'NONE',  ( -145.4421876330850125, 3.995356370322069139, 240.7259844772399902 ) ) ;
#3692 = ORIENTED_EDGE ( 'NONE', *, *, #525, .T. ) ;
#3693 = CARTESIAN_POINT ( 'NONE',  ( -103.3133165324830003, 4.610392671362720129, 12.47502552242439933 ) ) ;
#3694 = CARTESIAN_POINT ( 'NONE',  ( -9.386835301699370859, 5.360388871212583339, 9.367581900366328540 ) ) ;
#3695 = CARTESIAN_POINT ( 'NONE',  ( -24.67102780767549675, 13.00321644496600015, 155.5299600902559973 ) ) ;
#3696 = CARTESIAN_POINT ( 'NONE',  ( -44.26611829410280308, 2.834987821878640180, 143.1851847202290173 ) ) ;
#3697 = VECTOR ( 'NONE', #2051, 1000.000000000000000 ) ;
#3698 = CARTESIAN_POINT ( 'NONE',  ( -103.3586034514658110, 4.656855426332685788, 12.45243249067928915 ) ) ;
#3699 = CARTESIAN_POINT ( 'NONE',  ( -83.94817428434700446, 0.0000000000000000000, 148.1368194920690087 ) ) ;
#3700 = VERTEX_POINT ( 'NONE', #1634 ) ;
#3701 = DIRECTION ( 'NONE',  ( 0.0000000000000000000, 0.0000000000000000000, 1.000000000000000000 ) ) ;
#3702 = CARTESIAN_POINT ( 'NONE',  ( -2.996868432650452441, 3.498494258166386484, 0.1272195984151135995 ) ) ;
#3703 = EDGE_CURVE ( 'NONE', #1355, #3652, #913, .T. ) ;
#3704 = DIRECTION ( 'NONE',  ( 3.408894374718760498E-15, -1.845763451624369877E-16, 1.000000000000000000 ) ) ;
#3705 = CARTESIAN_POINT ( 'NONE',  ( -112.4965193952519940, 3.145476416442460010, 0.3993589512039960043 ) ) ;
#3706 = CARTESIAN_POINT ( 'NONE',  ( -20.59566030086359945, 2.533987445141510086, 149.3508966228270083 ) ) ;
#3707 = CARTESIAN_POINT ( 'NONE',  ( -77.96550711481040707, 3.263518240212369914, 149.1705927090359864 ) ) ;
#3708 = ADVANCED_FACE ( 'NONE', ( #1938 ), #3929, .F. ) ;
#3709 = EDGE_CURVE ( 'NONE', #4231, #3211, #1531, .T. ) ;
#3710 = CARTESIAN_POINT ( 'NONE',  ( -25.50528530048289966, 2.596417443521320312, 160.3270770574000039 ) ) ;
#3711 = VERTEX_POINT ( 'NONE', #2905 ) ;
#3712 = CARTESIAN_POINT ( 'NONE',  ( -100.9293025232199881, 3.685679337814009582, 12.69126056950410053 ) ) ;
#3713 = B_SPLINE_CURVE_WITH_KNOTS ( 'NONE', 3,
 ( #1037, #4008, #2363, #1075, #3040, #93, #3667, #2382, #133, #2399, #2041, #3341, #737, #1710, #2079, #3377, #2186, #1120, #4069, #1560, #3506, #544, #152, #4114, #4135, #4159, #2440, #197, #566, #1816, #496, #2464, #3791, #3746, #3770, #1470, #862, #842, #1884, #820, #2781, #3418, #4091, #1861, #1793, #1515, #3184, #2144, #2826, #3811, #3099, #797, #3439, #1208, #885, #2166, #2120, #3162, #175, #3121, #2211, #220, #474, #3461, #1164, #519, #1493, #1142, #2804, #2486, #1838, #3141, #243, #1187, #2508, #3484, #2531, #3834, #1537, #2847, #2870, #3857, #906, #4184, #1232, #2553, #511, #1177, #2157, #1089, #1784, #2454, #2477, #2773, #3782, #1507, #3716 ),
 .UNSPECIFIED., .F., .F.,
 ( 4, 3, 3, 3, 3, 3, 3, 3, 3, 3, 3, 3, 3, 3, 3, 3, 3, 3, 3, 3, 3, 3, 3, 3, 3, 3, 3, 3, 3, 3, 3, 3, 4 ),
 ( 0.0000000000000000000, 0.04406886926978079849, 0.08813773853957330984, 0.1322066078093539765, 0.1762754770791690184, 0.2203443463489619947, 0.2644132156187379845, 0.3084820848884919919, 0.3525509541582760309, 0.3966198234280369772, 0.4406886926978220154, 0.4847575619675980052, 0.5288264312373870402, 0.5728953005071539817, 0.6169641697769049360, 0.6610330390466919726, 0.7065284304889829503, 0.7505972997587850859, 0.7946661690285629076, 0.8387350382983550512, 0.8828039075681449743, 0.9268727768379328991, 0.9709416461077610139, 1.015010515377559930, 1.059079384647389821, 1.103148253917169974, 1.147217123186939913, 1.191285992456720066, 1.235354861726430054, 1.279423730996199993, 1.323492600265959940, 1.367561469535739871, 1.388959302123349948 ),
 .UNSPECIFIED. ) ;
#3714 = CARTESIAN_POINT ( 'NONE',  ( -12.41666340845049987, 3.616894919963410171, 10.74999222407300081 ) ) ;
#3715 = CARTESIAN_POINT ( 'NONE',  ( -51.03219215125429997, 0.0000000000000000000, 138.7868448411529982 ) ) ;
#3716 = CARTESIAN_POINT ( 'NONE',  ( -26.40111486757770010, 0.0000000000000000000, 160.4802146902100048 ) ) ;
#3717 = CARTESIAN_POINT ( 'NONE',  ( -44.10397458268129611, 2.832925653298290047, 147.4939690807439945 ) ) ;
#3718 = CARTESIAN_POINT ( 'NONE',  ( -103.5427282478028843, 4.815888418180334085, 12.35918751842810792 ) ) ;
#3719 = CARTESIAN_POINT ( 'NONE',  ( -46.36228751936660331, 2.168404344971009831E-19, 137.9000666211850046 ) ) ;
#3720 = CARTESIAN_POINT ( 'NONE',  ( -0.5286736085368120008, 2.264336804268409775, 1.995397296465280190 ) ) ;
#3721 = ORIENTED_EDGE ( 'NONE', *, *, #2377, .T. ) ;
#3722 = LINE ( 'NONE', #2418, #1976 ) ;
#3723 = CARTESIAN_POINT ( 'NONE',  ( -3.267630543123954290, 3.633837124009365649, 0.06761629969647797722 ) ) ;
#3724 =( BOUNDED_CURVE ( )  B_SPLINE_CURVE ( 3, ( #3330, #1658, #2970, #385 ),
 .UNSPECIFIED., .F., .T. ) 
 B_SPLINE_CURVE_WITH_KNOTS ( ( 4, 4 ),
 ( 1.603568953717793732, 3.174216777876410767 ),
 .UNSPECIFIED. ) 
 CURVE ( )  GEOMETRIC_REPRESENTATION_ITEM ( )  RATIONAL_B_SPLINE_CURVE ( ( 1.000000000000000000, 0.8047728552318911266, 0.8047728552318911266, 1.000000000000000000 ) ) 
 REPRESENTATION_ITEM ( '' )  );
#3725 = CARTESIAN_POINT ( 'NONE',  ( 0.0000000000000000000, 2.000000000000000000, 4.000000000000000000 ) ) ;
#3726 = VECTOR ( 'NONE', #1639, 1000.000000000000000 ) ;
#3727 = CARTESIAN_POINT ( 'NONE',  ( -111.1706782722729940, 3.109553327572669890, 0.07304427685477228593 ) ) ;
#3728 = CARTESIAN_POINT ( 'NONE',  ( -91.60687891935299376, 3.436985509450010134, 142.2855372917630064 ) ) ;
#3729 = FACE_OUTER_BOUND ( 'NONE', #171, .T. ) ;
#3730 = CC_DESIGN_APPROVAL ( #4136, ( #3595 ) ) ;
#3731 = CARTESIAN_POINT ( 'NONE',  ( -23.28046680608220242, 2.568128185149330278, 158.1406919289739790 ) ) ;
#3732 = LINE ( 'NONE', #3425, #879 ) ;
#3733 = EDGE_CURVE ( 'NONE', #4119, #1551, #745, .T. ) ;
#3734 = CARTESIAN_POINT ( 'NONE',  ( -30.17794941866410241, 0.0000000000000000000, 152.5519688266389835 ) ) ;
#3735 = CARTESIAN_POINT ( 'NONE',  ( -103.5648283330159956, 4.822211906053450292, 12.34793312149099975 ) ) ;
#3736 = CARTESIAN_POINT ( 'NONE',  ( 0.0000000000000000000, 0.9994999993509939840, 149.1705927090359864 ) ) ;
#3737 = CARTESIAN_POINT ( 'NONE',  ( -30.50267973296789847, 2.659967800466640053, 159.8064573476239900 ) ) ;
#3738 = ORIENTED_EDGE ( 'NONE', *, *, #892, .T. ) ;
#3739 = CARTESIAN_POINT ( 'NONE',  ( -113.9534343579030775, 0.8346799375910118890, 1.447931303925199087 ) ) ;
#3740 = CARTESIAN_POINT ( 'NONE',  ( -43.87042788839339380, 2.829955967775080072, 141.9003636460070084 ) ) ;
#3741 = CARTESIAN_POINT ( 'NONE',  ( -104.9938401386153117, 7.080427222877672122, 11.61917349901671592 ) ) ;
#3742 = ORIENTED_EDGE ( 'NONE', *, *, #2479, .F. ) ;
#3743 = CARTESIAN_POINT ( 'NONE',  ( -43.64477810977740546, 0.0000000000000000000, 140.9786085323059694 ) ) ;
#3744 = CARTESIAN_POINT ( 'NONE',  ( -102.7050701828787567, 7.923974288670204480, 9.032230441160761458 ) ) ;
#3745 = ORIENTED_EDGE ( 'NONE', *, *, #2510, .F. ) ;
#3746 = CARTESIAN_POINT ( 'NONE',  ( -24.40540504946740086, 0.0000000000000000000, 153.6777855381670008 ) ) ;
#3747 = CARTESIAN_POINT ( 'NONE',  ( -96.75703681252720401, 3.502476883657640094, 149.1478460336989826 ) ) ;
#3748 = MECHANICAL_CONTEXT ( 'NONE', #1746, 'mechanical' ) ;
#3749 = CARTESIAN_POINT ( 'NONE',  ( -112.4696433384818448, 2.291004593438378478, 0.3367318301085887589 ) ) ;
#3750 = CARTESIAN_POINT ( 'NONE',  ( -90.93510308914349594, 3.428443199722679857, 146.3396146125890027 ) ) ;
#3751 =( BOUNDED_CURVE ( )  B_SPLINE_CURVE ( 3, ( #776, #3064, #2169, #1123 ),
 .UNSPECIFIED., .F., .T. ) 
 B_SPLINE_CURVE_WITH_KNOTS ( ( 4, 4 ),
 ( 4.590679350631998723, 4.834098610137578689 ),
 .UNSPECIFIED. ) 
 CURVE ( )  GEOMETRIC_REPRESENTATION_ITEM ( )  RATIONAL_B_SPLINE_CURVE ( ( 1.000000000000000000, 0.9950683476634676339, 0.9950683476634676339, 1.000000000000000000 ) ) 
 REPRESENTATION_ITEM ( '' )  );
#3752 = CARTESIAN_POINT ( 'NONE',  ( -104.4804861215369982, 8.601094269103910506, 9.732233041612710522 ) ) ;
#3753 = AXIS2_PLACEMENT_3D ( 'NONE', #671, #87, #1725 ) ;
#3754 = CARTESIAN_POINT ( 'NONE',  ( -24.29459014873599898, 2.581023455927350163, 159.8841397684870174 ) ) ;
#3755 = CARTESIAN_POINT ( 'NONE',  ( -3.118902406158199803, 3.995356370322069139, 8.500999999999610424 ) ) ;
#3756 = DIRECTION ( 'NONE',  ( 1.000000000000000000, 0.0000000000000000000, 0.0000000000000000000 ) ) ;
#3757 = CARTESIAN_POINT ( 'NONE',  ( -71.20718548377439561, 0.0000000000000000000, 155.5250167617829788 ) ) ;
#3758 = CARTESIAN_POINT ( 'NONE',  ( -51.53916554311249598, 0.0000000000000000000, 140.9022558171849937 ) ) ;
#3759 = EDGE_CURVE ( 'NONE', #4119, #2803, #4072, .T. ) ;
#3760 = ORIENTED_EDGE ( 'NONE', *, *, #2815, .F. ) ;
#3761 = B_SPLINE_SURFACE_WITH_KNOTS ( 'NONE', 4, 1, ( 
 ( #1779, #1149 ),
 ( #119, #161 ),
 ( #1127, #2446 ),
 ( #2472, #4057 ),
 ( #1104, #2426 ) ),
 .UNSPECIFIED., .F., .F., .F.,
 ( 5, 5 ),
 ( 2, 2 ),
 ( -1.000000000000000000, 0.0000000000000000000 ),
 ( 0.0000000000000000000, 1.300421644626400086 ),
 .UNSPECIFIED. ) ;
#3762 = CARTESIAN_POINT ( 'NONE',  ( -102.7117101834410136, 8.629097124144839981, 8.999999999999788614 ) ) ;
#3763 = CARTESIAN_POINT ( 'NONE',  ( -112.7643120787219999, 0.0000000000000000000, 323.7500000000000000 ) ) ;
#3764 = CARTESIAN_POINT ( 'NONE',  ( -44.20541573782870159, 2.834215607005289961, 147.3325388060189880 ) ) ;
#3765 = DIRECTION ( 'NONE',  ( 3.506950558086310039E-15, -1.961123667350909712E-16, 1.000000000000000000 ) ) ;
#3766 = ORIENTED_EDGE ( 'NONE', *, *, #1787, .F. ) ;
#3767 = CARTESIAN_POINT ( 'NONE',  ( -84.43295062330929568, 0.0000000000000000000, 147.6119745419699996 ) ) ;
#3768 = CARTESIAN_POINT ( 'NONE',  ( -91.21202660468000545, 0.0000000000000000000, 138.5583924425710052 ) ) ;
#3769 = ORIENTED_EDGE ( 'NONE', *, *, #1957, .F. ) ;
#3770 = CARTESIAN_POINT ( 'NONE',  ( -24.38229531249089987, 0.0000000000000000000, 153.8127413295710255 ) ) ;
#3771 = CARTESIAN_POINT ( 'NONE',  ( -3.096855703084000488, 3.548472575027745268, 0.1031415699275920472 ) ) ;
#3772 = DATE_TIME_ROLE ( 'creation_date' ) ;
#3773 = LINE ( 'NONE', #4032, #4142 ) ;
#3774 = CARTESIAN_POINT ( 'NONE',  ( -90.41146101126440726, 3.421784526421729922, 138.1608718742929796 ) ) ;
#3775 = CARTESIAN_POINT ( 'NONE',  ( -51.10267196240530296, 2.921923019466069693, 138.8596189362920086 ) ) ;
#3776 = CARTESIAN_POINT ( 'NONE',  ( -23.34774754843119737, 2.568983809456750311, 158.7258148198590106 ) ) ;
#3777 = DIRECTION ( 'NONE',  ( 0.0000000000000000000, 1.000000000000000000, 0.0000000000000000000 ) ) ;
#3778 = LINE ( 'NONE', #828, #2403 ) ;
#3779 = CARTESIAN_POINT ( 'NONE',  ( -71.69397561802280450, 0.0000000000000000000, 158.9436711460990068 ) ) ;
#3780 = CARTESIAN_POINT ( 'NONE',  ( -51.48265273163919886, 0.0000000000000000000, 139.4428839640050057 ) ) ;
#3781 = ORIENTED_EDGE ( 'NONE', *, *, #2502, .F. ) ;
#3782 = CARTESIAN_POINT ( 'NONE',  ( -26.14594168308510191, 0.0000000000000000000, 160.4458119466580115 ) ) ;
#3783 = PLANE ( 'NONE',  #2841 ) ;
#3784 = FACE_OUTER_BOUND ( 'NONE', #92, .T. ) ;
#3785 = DIRECTION ( 'NONE',  ( -0.9988390925805179510, 0.04817122723086519898, 0.0000000000000000000 ) ) ;
#3786 = ORIENTED_EDGE ( 'NONE', *, *, #351, .F. ) ;
#3787 = CARTESIAN_POINT ( 'NONE',  ( -85.05969306827360299, 0.0000000000000000000, 146.2050974406140256 ) ) ;
#3788 = EDGE_CURVE ( 'NONE', #2521, #2803, #2027, .T. ) ;
#3789 = CARTESIAN_POINT ( 'NONE',  ( -91.95675308610771026, 0.0000000000000000000, 141.0462548701589753 ) ) ;
#3790 = ORIENTED_EDGE ( 'NONE', *, *, #2929, .T. ) ;
#3791 = CARTESIAN_POINT ( 'NONE',  ( -24.42851478644390184, 0.0000000000000000000, 153.5428297467630046 ) ) ;
#3792 = CARTESIAN_POINT ( 'NONE',  ( -39.81942748560350509, 2.778441770978469894, 149.0890972011839892 ) ) ;
#3793 = CARTESIAN_POINT ( 'NONE',  ( -112.1322853133719946, 1.238438764239859990, 1.095221860376279999 ) ) ;
#3794 = CARTESIAN_POINT ( 'NONE',  ( -90.97962387856310329, 3.429009233587609895, 144.3953860479809919 ) ) ;
#3795 = ORIENTED_EDGE ( 'NONE', *, *, #1695, .T. ) ;
#3796 = CARTESIAN_POINT ( 'NONE',  ( -50.38630166808580668, 2.912813747685489840, 145.5495449454679715 ) ) ;
#3797 = VECTOR ( 'NONE', #3241, 1000.000000000000114 ) ;
#3798 = CARTESIAN_POINT ( 'NONE',  ( -23.81134971816420176, 2.574879233712669802, 155.8198400646539881 ) ) ;
#3799 = CARTESIAN_POINT ( 'NONE',  ( -80.33399372163380292, 0.0000000000000000000, 149.1705927090359864 ) ) ;
#3800 = CARTESIAN_POINT ( 'NONE',  ( -71.34610590025569365, 0.0000000000000000000, 155.9503613952930152 ) ) ;
#3801 = CARTESIAN_POINT ( 'NONE',  ( -51.58192392690399686, 0.0000000000000000000, 139.8121772875899751 ) ) ;
#3802 = ORIENTED_EDGE ( 'NONE', *, *, #2408, .T. ) ;
#3803 = CARTESIAN_POINT ( 'NONE',  ( -112.6105198230820008, 0.3019777468247760166, 2.467819631240879996 ) ) ;
#3804 = CARTESIAN_POINT ( 'NONE',  ( -32.74341594338110184, 2.688462612349499903, 149.5784336479530054 ) ) ;
#3805 = FACE_OUTER_BOUND ( 'NONE', #1815, .T. ) ;
#3806 = CARTESIAN_POINT ( 'NONE',  ( -113.0589094434760113, 0.02078502531677160411, 3.890303473702089843 ) ) ;
#3807 = ORIENTED_EDGE ( 'NONE', *, *, #1645, .T. ) ;
#3808 = CARTESIAN_POINT ( 'NONE',  ( -84.29260999461429549, 0.0000000000000000000, 141.6236018895980067 ) ) ;
#3809 = CARTESIAN_POINT ( 'NONE',  ( -89.68007875367540294, 0.0000000000000000000, 137.9822980559119969 ) ) ;
#3810 = ORIENTED_EDGE ( 'NONE', *, *, #1242, .F. ) ;
#3811 = CARTESIAN_POINT ( 'NONE',  ( -23.79033567065149768, 0.0000000000000000000, 155.8881683816329939 ) ) ;
#3812 = DIRECTION ( 'NONE',  ( 0.9999191579690124287, -0.01271524779707759387, 0.0000000000000000000 ) ) ;
#3813 = CALENDAR_DATE ( 2021, 15, 9 ) ;
#3814 = EDGE_CURVE ( 'NONE', #3113, #2684, #41, .T. ) ;
#3815 = CARTESIAN_POINT ( 'NONE',  ( -63.86497613139639640, 3.084211999207199906, 157.1435821434170066 ) ) ;
#3816 = CARTESIAN_POINT ( 'NONE',  ( -13.17508781480716884, 2.757767444065373663, 12.24485814451402277 ) ) ;
#3817 = EDGE_LOOP ( 'NONE', ( #2780, #675, #73, #3204 ) ) ;
#3818 = CARTESIAN_POINT ( 'NONE',  ( -50.40894113565479984, 2.913101346937539748, 145.8971974144150181 ) ) ;
#3819 = CARTESIAN_POINT ( 'NONE',  ( 136.8284714605100305, 3.995356370322069139, 243.6155626522539990 ) ) ;
#3820 = CARTESIAN_POINT ( 'NONE',  ( -2.000000000004060308, 4.336808689942019708E-16, 3.738197650142449646 ) ) ;
#3821 = CARTESIAN_POINT ( 'NONE',  ( -71.82494252285599146, 0.0000000000000000000, 158.3926792891059847 ) ) ;
#3822 = CARTESIAN_POINT ( 'NONE',  ( -50.70640694466769816, 0.0000000000000000000, 143.6642553175409773 ) ) ;
#3823 = CARTESIAN_POINT ( 'NONE',  ( -71.08409330002019999, 3.176012284203869829, 151.0467921991640026 ) ) ;
#3824 = AXIS2_PLACEMENT_3D ( 'NONE', #13, #2899, #678 ) ;
#3825 = VERTEX_POINT ( 'NONE', #1353 ) ;
#3826 = CARTESIAN_POINT ( 'NONE',  ( -2.939419985850489248, 3.995356370322069139, 5.000999999999670820 ) ) ;
#3827 = CARTESIAN_POINT ( 'NONE',  ( -82.31380984114099419, 3.318811567014650077, 148.8233469153779822 ) ) ;
#3828 = FACE_OUTER_BOUND ( 'NONE', #355, .T. ) ;
#3829 = FACE_OUTER_BOUND ( 'NONE', #2270, .T. ) ;
#3830 = CARTESIAN_POINT ( 'NONE',  ( -1.807315091079279901, 3.995356370322069139, 1.500999999999639956 ) ) ;
#3831 = ORIENTED_EDGE ( 'NONE', *, *, #4103, .F. ) ;
#3832 = CARTESIAN_POINT ( 'NONE',  ( -84.43815878920339912, 0.0000000000000000000, 142.1627353049860290 ) ) ;
#3833 = CARTESIAN_POINT ( 'NONE',  ( -90.95752518053811286, 0.0000000000000000000, 138.4036171002889830 ) ) ;
#3834 = CARTESIAN_POINT ( 'NONE',  ( -23.61453117858219741, 0.0000000000000000000, 159.3023663233509808 ) ) ;
#3835 = CARTESIAN_POINT ( 'NONE',  ( -37.64886909633620604, 2.750840748061509800, 149.1700779288169940 ) ) ;
#3836 = CARTESIAN_POINT ( 'NONE',  ( -64.63127756476409047, 3.093957090721640490, 159.7953782391520008 ) ) ;
#3837 = CARTESIAN_POINT ( 'NONE',  ( -11.78718099343868531, 5.174780163485242390, 9.530607191918150534 ) ) ;
#3838 = ORIENTED_EDGE ( 'NONE', *, *, #374, .T. ) ;
#3839 = CARTESIAN_POINT ( 'NONE',  ( -51.58847409935890482, 2.928100891982019949, 140.5914531622020149 ) ) ;
#3840 = CARTESIAN_POINT ( 'NONE',  ( -24.35694022876949916, 2.581817036793580211, 151.8008926154780056 ) ) ;
#3841 = CARTESIAN_POINT ( 'NONE',  ( -2.012892176783919407, 0.02578435356780680102, 3.476407687600980179 ) ) ;
#3842 = EDGE_CURVE ( 'NONE', #143, #151, #768, .T. ) ;
#3843 = EDGE_CURVE ( 'NONE', #1119, #515, #1134, .T. ) ;
#3844 = CARTESIAN_POINT ( 'NONE',  ( -69.67985987085509691, 0.0000000000000000000, 160.3119120940700100 ) ) ;
#3845 = CARTESIAN_POINT ( 'NONE',  ( -50.46510291809590143, 0.0000000000000000000, 146.2235050172280069 ) ) ;
#3846 = CARTESIAN_POINT ( 'NONE',  ( -71.33655396705771068, 3.179222643676249849, 159.4956186040950001 ) ) ;
#3847 = ORIENTED_EDGE ( 'NONE', *, *, #2769, .T. ) ;
#3848 = CARTESIAN_POINT ( 'NONE',  ( 147.2187693866819984, 0.4001185673217880212, 8.999999999999788614 ) ) ;
#3849 = ADVANCED_FACE ( 'NONE', ( #1178 ), #833, .F. ) ;
#3850 = CARTESIAN_POINT ( 'NONE',  ( -112.5536013754873181, 0.4135248763890486123, 2.227689567378132729 ) ) ;
#3851 = DIRECTION ( 'NONE',  ( -0.9990236681741403446, 0.04417816686877166360, -9.274891596381468430E-11 ) ) ;
#3852 = CARTESIAN_POINT ( 'NONE',  ( -10.32550495255579293, 4.036925718916603678, 12.14467375257477677 ) ) ;
#3853 = CARTESIAN_POINT ( 'NONE',  ( -107.5904136333400061, 0.8767006227395659490, 1.500999999998839929 ) ) ;
#3854 = ORIENTED_EDGE ( 'NONE', *, *, #3127, .F. ) ;
#3855 = CARTESIAN_POINT ( 'NONE',  ( -84.15481608435189287, 0.0000000000000000000, 140.9693324235710179 ) ) ;
#3856 = CARTESIAN_POINT ( 'NONE',  ( -90.92399559885279814, 0.0000000000000000000, 144.7203603438189816 ) ) ;
#3857 = CARTESIAN_POINT ( 'NONE',  ( -23.96589575654569870, 0.0000000000000000000, 159.6625939063140152 ) ) ;
#3858 = CARTESIAN_POINT ( 'NONE',  ( -42.07388738609449774, 2.807109471517670318, 148.7805912156530042 ) ) ;
#3859 = CARTESIAN_POINT ( 'NONE',  ( -64.26651244564980914, 3.089318070137260008, 159.5032928720430050 ) ) ;
#3860 = ORIENTED_EDGE ( 'NONE', *, *, #374, .F. ) ;
#3861 = CARTESIAN_POINT ( 'NONE',  ( -13.86937575007319445, 2.460235826090321876, 13.62549308746544696 ) ) ;
#3862 = ORIENTED_EDGE ( 'NONE', *, *, #2670, .T. ) ;
#3863 = CARTESIAN_POINT ( 'NONE',  ( -51.35704675046880396, 2.925157658768319902, 139.1944936084290134 ) ) ;
#3864 = CARTESIAN_POINT ( 'NONE',  ( -63.43154542664819218, 2.185691155185990135E-19, 150.2860020235740137 ) ) ;
#3865 = LINE ( 'NONE', #204, #4042 ) ;
#3866 = CARTESIAN_POINT ( 'NONE',  ( -70.79161135947811090, 0.0000000000000000000, 151.6826660067929993 ) ) ;
#3867 = VECTOR ( 'NONE', #3765, 1000.000000000000000 ) ;
#3868 = CARTESIAN_POINT ( 'NONE',  ( -114.0380821840964245, 2.393849658912805989, 1.707883190627146996 ) ) ;
#3869 = CARTESIAN_POINT ( 'NONE',  ( -71.10213779483079577, 3.176241712861810118, 155.1993312255690114 ) ) ;
#3870 = EDGE_LOOP ( 'NONE', ( #3781, #2097, #1969, #3188 ) ) ;
#3871 = EDGE_CURVE ( 'NONE', #1355, #3211, #1202, .T. ) ;
#3872 = VECTOR ( 'NONE', #3329, 1000.000000000000000 ) ;
#3873 = CARTESIAN_POINT ( 'NONE',  ( -112.0243941751004684, 1.449059370139657688, 0.9189089361065159167 ) ) ;
#3874 = CARTESIAN_POINT ( 'NONE',  ( -84.40201276310439482, 3.345366622112389887, 147.6518260260050113 ) ) ;
#3875 = CARTESIAN_POINT ( 'NONE',  ( -103.8283323892112122, 5.092869110927557230, 149.1705927090359864 ) ) ;
#3876 = DIRECTION ( 'NONE',  ( -1.000000000000000000, 0.0000000000000000000, 8.467505249662490867E-15 ) ) ;
#3877 = VERTEX_POINT ( 'NONE', #2158 ) ;
#3878 = CARTESIAN_POINT ( 'NONE',  ( -85.06537137729169729, 0.0000000000000000000, 138.4909335050920163 ) ) ;
#3879 = CARTESIAN_POINT ( 'NONE',  ( -90.85515692511569341, 0.0000000000000000000, 145.3836572370069860 ) ) ;
#3880 = CARTESIAN_POINT ( 'NONE',  ( -87.08153897073030691, 3.379440215554370130, 137.8609707278629912 ) ) ;
#3881 = CARTESIAN_POINT ( 'NONE',  ( -65.04359298391359800, 3.099199616174160177, 160.0148628344140036 ) ) ;
#3882 = ORIENTED_EDGE ( 'NONE', *, *, #479, .F. ) ;
#3883 = CARTESIAN_POINT ( 'NONE',  ( -12.44363879873264267, 3.585431454534081741, 10.80276853356492950 ) ) ;
#3884 = EDGE_LOOP ( 'NONE', ( #943, #1610, #1505, #3527 ) ) ;
#3885 = CARTESIAN_POINT ( 'NONE',  ( -8.997824869315509844, 7.231977029052689687, 11.50120031178779989 ) ) ;
#3886 = FACE_OUTER_BOUND ( 'NONE', #415, .T. ) ;
#3887 = AXIS2_PLACEMENT_3D ( 'NONE', #2421, #2442, #2783 ) ;
#3888 = CARTESIAN_POINT ( 'NONE',  ( -28.25974124693320277, 2.631446012256150269, 160.4802146902100048 ) ) ;
#3889 = CARTESIAN_POINT ( 'NONE',  ( -1.166275818768183425, 2.583137939940232553, 1.176869612846074498 ) ) ;
#3890 = CARTESIAN_POINT ( 'NONE',  ( -114.6118645643169458, 2.110807603537428356, 2.900914735594997573 ) ) ;
#3891 = CARTESIAN_POINT ( 'NONE',  ( -71.36659363454769789, 3.179604801532200486, 150.6595575974010046 ) ) ;
#3892 = VERTEX_POINT ( 'NONE', #4177 ) ;
#3893 = LINE ( 'NONE', #2544, #2882 ) ;
#3894 = CARTESIAN_POINT ( 'NONE',  ( -84.25077690617609960, 3.343443464398520248, 141.4469920958360092 ) ) ;
#3895 = VECTOR ( 'NONE', #720, 1000.000000000000000 ) ;
#3896 = EDGE_CURVE ( 'NONE', #2599, #3413, #4084, .T. ) ;
#3897 = LINE ( 'NONE', #322, #3726 ) ;
#3898 = ORIENTED_EDGE ( 'NONE', *, *, #2451, .T. ) ;
#3899 = CARTESIAN_POINT ( 'NONE',  ( -84.96256404041110954, 2.344772417595060064E-21, 144.0942807316819767 ) ) ;
#3900 = CARTESIAN_POINT ( 'NONE',  ( -92.22283908493899673, 2.153848328545800165E-19, 148.2796554932419895 ) ) ;
#3901 = CARTESIAN_POINT ( 'NONE',  ( -105.0012955040200069, 13.62303811808740051, 372.3987999999999943 ) ) ;
#3902 = CARTESIAN_POINT ( 'NONE',  ( -64.77145489107100218, 3.095739048492630374, 151.7851945820699768 ) ) ;
#3903 = VERTEX_POINT ( 'NONE', #212 ) ;
#3904 = CARTESIAN_POINT ( 'NONE',  ( -13.23126940000217822, 2.718160823474065513, 12.35615808485532341 ) ) ;
#3905 = VERTEX_POINT ( 'NONE', #1554 ) ;
#3906 = CARTESIAN_POINT ( 'NONE',  ( -109.0404516121579945, 12.75871725584469907, 5.001000000000000334 ) ) ;
#3907 = CARTESIAN_POINT ( 'NONE',  ( -24.14348317187609894, 2.579102539282409623, 151.2586441914349962 ) ) ;
#3908 = CARTESIAN_POINT ( 'NONE',  ( -3.607326170775318364, 3.607326170775318364, 2.994887141004179859E-15 ) ) ;
#3909 = VECTOR ( 'NONE', #482, 1000.000000000000000 ) ;
#3910 = CARTESIAN_POINT ( 'NONE',  ( -51.71423950296430405, 0.0000000000000000000, 147.9447510280880067 ) ) ;
#3911 = CARTESIAN_POINT ( 'NONE',  ( -70.64856848722389771, 3.170474030563720014, 153.2228006109859848 ) ) ;
#3912 = ORIENTED_EDGE ( 'NONE', *, *, #759, .T. ) ;
#3913 = CARTESIAN_POINT ( 'NONE',  ( -33.78901370682080341, 13.00321644496600015, 149.1705927090359864 ) ) ;
#3914 = CARTESIAN_POINT ( 'NONE',  ( -84.09609116157020026, 3.341476437806759847, 140.0721445768589888 ) ) ;
#3915 = CARTESIAN_POINT ( 'NONE',  ( -30.18757940400330142, 2.655960935558479896, 153.1340428296009861 ) ) ;
#3916 = CARTESIAN_POINT ( 'NONE',  ( -30.41331903035209905, 0.0000000000000000000, 159.8615082116099870 ) ) ;
#3917 = CARTESIAN_POINT ( 'NONE',  ( -29.99188798461469929, 13.00321644496600015, 155.5306577074939867 ) ) ;
#3918 = CARTESIAN_POINT ( 'NONE',  ( -91.66297950272991102, 0.0000000000000000000, 142.1065037414259962 ) ) ;
#3919 = CARTESIAN_POINT ( 'NONE',  ( -44.73934938789140148, 2.841005254561929760, 138.3717125770760106 ) ) ;
#3920 = EDGE_CURVE ( 'NONE', #847, #841, #236, .T. ) ;
#3921 = CARTESIAN_POINT ( 'NONE',  ( -92.57156071898809557, 0.0000000000000000000, 148.5251873153569875 ) ) ;
#3922 = VERTEX_POINT ( 'NONE', #168 ) ;
#3923 = CARTESIAN_POINT ( 'NONE',  ( -44.57558983557960630, 0.0000000000000000000, 144.3841595721320061 ) ) ;
#3924 = ORIENTED_EDGE ( 'NONE', *, *, #3632, .T. ) ;
#3925 = CARTESIAN_POINT ( 'NONE',  ( -8.994473609821570292, 7.308181882542170271, 11.49999999999960032 ) ) ;
#3926 = CARTESIAN_POINT ( 'NONE',  ( -63.73642827776600228, 0.0000000000000000000, 158.3177140633789861 ) ) ;
#3927 = CARTESIAN_POINT ( 'NONE',  ( -31.89113661583549941, 0.0000000000000000000, 149.8159981027159802 ) ) ;
#3928 = CARTESIAN_POINT ( 'NONE',  ( -3.205122712792578543, 3.205122712792578543, 0.05241439425903730853 ) ) ;
#3929 = PLANE ( 'NONE',  #3519 ) ;
#3930 = CARTESIAN_POINT ( 'NONE',  ( -69.44444766388210155, 3.155162175987420436, 160.3679449657660143 ) ) ;
#3931 = ORIENTED_EDGE ( 'NONE', *, *, #2331, .T. ) ;
#3932 = CARTESIAN_POINT ( 'NONE',  ( -2.000000000000000000, 0.0000000000000000000, 6.231901406742180072 ) ) ;
#3933 = CARTESIAN_POINT ( 'NONE',  ( -85.12233612834801022, 3.354526451849480395, 145.3012725876019999 ) ) ;
#3934 = CARTESIAN_POINT ( 'NONE',  ( -30.23201440342459989, 2.656525981680129878, 153.5857077046499910 ) ) ;
#3935 = VECTOR ( 'NONE', #417, 1000.000000000000000 ) ;
#3936 = CARTESIAN_POINT ( 'NONE',  ( -31.35835950904110447, 0.0000000000000000000, 158.5073039102609869 ) ) ;
#3937 = CYLINDRICAL_SURFACE ( 'NONE', #3753, 7.654378035012191717 ) ;
#3938 = CARTESIAN_POINT ( 'NONE',  ( -91.06744504900029824, 0.0000000000000000000, 144.0416606779700146 ) ) ;
#3939 = CARTESIAN_POINT ( 'NONE',  ( -44.08011402938119261, 2.832622242813100044, 138.8403540503850024 ) ) ;
#3940 = CARTESIAN_POINT ( 'NONE',  ( -62.45925104041020148, 3.066336411241899818, 149.8231193524729861 ) ) ;
#3941 = ORIENTED_EDGE ( 'NONE', *, *, #1418, .F. ) ;
#3942 = CARTESIAN_POINT ( 'NONE',  ( -44.25477192278580674, 0.0000000000000000000, 143.1463512751790006 ) ) ;
#3943 = ORIENTED_EDGE ( 'NONE', *, *, #3102, .T. ) ;
#3944 = CARTESIAN_POINT ( 'NONE',  ( -11.49642254948570042, 7.263749886283580537, 9.002400623575750771 ) ) ;
#3945 = ADVANCED_FACE ( 'NONE', ( #3828 ), #3783, .F. ) ;
#3946 = CARTESIAN_POINT ( 'NONE',  ( -63.93826817420840314, -2.051190155145990052E-21, 159.0695498085759994 ) ) ;
#3947 = CARTESIAN_POINT ( 'NONE',  ( -30.60195704851550147, 0.0000000000000000000, 151.0997608401920047 ) ) ;
#3948 = CARTESIAN_POINT ( 'NONE',  ( -21.16288688322680045, 2.541200092831439772, 149.4310421725450055 ) ) ;
#3949 = CARTESIAN_POINT ( 'NONE',  ( -2.202334077313859773, 0.4046681546277219876, 2.227395183318630068 ) ) ;
#3950 = CARTESIAN_POINT ( 'NONE',  ( -111.4185520409750723, 2.628422469772242476, 0.2424478924201741714 ) ) ;
#3951 = CARTESIAN_POINT ( 'NONE',  ( -112.5013736993980160, 3.143528237452090757, 0.3798243894554074740 ) ) ;
#3952 = CARTESIAN_POINT ( 'NONE',  ( -11.42890907223659980, 8.731726247994508583, 8.999999999999710454 ) ) ;
#3953 = ORIENTED_EDGE ( 'NONE', *, *, #759, .F. ) ;
#3954 = CARTESIAN_POINT ( 'NONE',  ( -107.4400095534560080, 3.995356370322069139, 1.500999999998590129 ) ) ;
#3955 = CARTESIAN_POINT ( 'NONE',  ( -84.20386124419789553, 3.342846680151529526, 141.2367673454870101 ) ) ;
#3956 = CARTESIAN_POINT ( 'NONE',  ( -31.52004658941070403, 2.672904873170240059, 150.0809797880570216 ) ) ;
#3957 = CARTESIAN_POINT ( 'NONE',  ( -30.93850649044690115, 0.0000000000000000000, 159.4384273152400056 ) ) ;
#3958 = CARTESIAN_POINT ( 'NONE',  ( -34.60173012460779773, 13.00321644496600015, 159.6787754808030115 ) ) ;
#3959 = VECTOR ( 'NONE', #3989, 1000.000000000000000 ) ;
#3960 = CARTESIAN_POINT ( 'NONE',  ( -105.3267298346439986, 3.611451094724639876, 372.3987999999999943 ) ) ;
#3961 = AXIS2_PLACEMENT_3D ( 'NONE', #2338, #2954, #3249 ) ;
#3962 = CARTESIAN_POINT ( 'NONE',  ( -62.47782352738519762, 3.066572586818309798, 149.8302705003829942 ) ) ;
#3963 = CARTESIAN_POINT ( 'NONE',  ( -43.26583275798769535, 0.0000000000000000000, 148.3367516891960349 ) ) ;
#3964 = EDGE_LOOP ( 'NONE', ( #3475, #1917, #3496, #1138, #3166 ) ) ;
#3965 = CARTESIAN_POINT ( 'NONE',  ( -11.49350620084779884, 7.366865924863370552, 8.999999999999630518 ) ) ;
#3966 = CARTESIAN_POINT ( 'NONE',  ( -71.77543839850389418, 0.0000000000000000000, 150.2458035360969859 ) ) ;
#3967 = CARTESIAN_POINT ( 'NONE',  ( -64.00306115608420043, 0.0000000000000000000, 159.1838203193169932 ) ) ;
#3968 = CARTESIAN_POINT ( 'NONE',  ( -31.55861912578129846, 0.0000000000000000000, 150.0476972896009897 ) ) ;
#3969 = CARTESIAN_POINT ( 'NONE',  ( -22.76971949867539990, 2.561633381520850072, 149.8159981027159802 ) ) ;
#3970 = CARTESIAN_POINT ( 'NONE',  ( -62.44054221136629224, 0.0000000000000000000, 149.8159981027159802 ) ) ;
#3971 = CARTESIAN_POINT ( 'NONE',  ( -82.94736867768300215, 3.326868321127590455, 148.6766817702989840 ) ) ;
#3972 = CARTESIAN_POINT ( 'NONE',  ( 147.1784076800280161, 0.4020077048291070265, 9.000000014730598963 ) ) ;
#3973 = CARTESIAN_POINT ( 'NONE',  ( -9.054684967973170018, 6.085615533651850484, 11.49999999999960032 ) ) ;
#3974 = DIRECTION ( 'NONE',  ( 0.0000000000000000000, 0.0000000000000000000, 1.000000000000000000 ) ) ;
#3975 = EDGE_CURVE ( 'NONE', #353, #2913, #3260, .T. ) ;
#3976 = EDGE_CURVE ( 'NONE', #10, #616, #2227, .T. ) ;
#3977 = CARTESIAN_POINT ( 'NONE',  ( -4.961418165267629909, 7.739275378388519755, 5.000999999999670820 ) ) ;
#3978 = VECTOR ( 'NONE', #1700, 1000.000000000000000 ) ;
#3979 = CARTESIAN_POINT ( 'NONE',  ( -10.79179088910260198, 3.596232592856609678, 12.37499611203640093 ) ) ;
#3980 = CARTESIAN_POINT ( 'NONE',  ( -48.48654928131739439, -0.001000001298026020023, 137.8609707278629912 ) ) ;
#3981 = EDGE_CURVE ( 'NONE', #1910, #927, #336, .T. ) ;
#3982 = CARTESIAN_POINT ( 'NONE',  ( -30.41964239765710332, 0.0000000000000000000, 154.4217426956020063 ) ) ;
#3983 = DIRECTION ( 'NONE',  ( -3.506950558086310039E-15, 1.961123667350899851E-16, -1.000000000000000000 ) ) ;
#3984 = AXIS2_PLACEMENT_3D ( 'NONE', #273, #1546, #1868 ) ;
#3985 = CARTESIAN_POINT ( 'NONE',  ( -44.93957295065700208, 2.843551352609050120, 138.2802044011619955 ) ) ;
#3986 = DIRECTION ( 'NONE',  ( -1.000000000000000000, 0.0000000000000000000, 0.0000000000000000000 ) ) ;
#3987 = CARTESIAN_POINT ( 'NONE',  ( -44.64481290670460112, 0.0000000000000000000, 144.7901667639580126 ) ) ;
#3988 = ORIENTED_EDGE ( 'NONE', *, *, #691, .T. ) ;
#3989 = DIRECTION ( 'NONE',  ( 0.9988390925805179510, -0.04817122723086530306, 0.0000000000000000000 ) ) ;
#3990 = CARTESIAN_POINT ( 'NONE',  ( -2.188621974285203553, 3.094479585133188326, 0.4329272191657821400 ) ) ;
#3991 = CARTESIAN_POINT ( 'NONE',  ( -64.08382471268099323, 0.0000000000000000000, 159.2929164249850089 ) ) ;
#3992 = CARTESIAN_POINT ( 'NONE',  ( -84.58709128827690904, 3.347720137070840263, 138.8830404613219969 ) ) ;
#3993 = CARTESIAN_POINT ( 'NONE',  ( -4.000000000000000000, 4.000000000000000000, 0.0000000000000000000 ) ) ;
#3994 = CARTESIAN_POINT ( 'NONE',  ( -105.2126599787840036, 8.610404793811069268, 11.49999999999980105 ) ) ;
#3995 = CARTESIAN_POINT ( 'NONE',  ( -11.55320689833500047, 6.176512579664509062, 8.999999999999710454 ) ) ;
#3996 = ORIENTED_EDGE ( 'NONE', *, *, #2956, .T. ) ;
#3997 = FACE_OUTER_BOUND ( 'NONE', #2627, .T. ) ;
#3998 = DIRECTION ( 'NONE',  ( 0.0000000000000000000, -1.000000000000000000, 0.0000000000000000000 ) ) ;
#3999 = CARTESIAN_POINT ( 'NONE',  ( -26.40111486757770010, 13.00321644496600015, 160.4802146902090101 ) ) ;
#4000 = ADVANCED_FACE ( 'NONE', ( #1334 ), #2371, .F. ) ;
#4001 = CARTESIAN_POINT ( 'NONE',  ( -14.05662661152099879, 2.450835289238920023, 149.1705927090359864 ) ) ;
#4002 = CARTESIAN_POINT ( 'NONE',  ( -43.55952270947519622, 2.826002253115160290, 148.0971866107369976 ) ) ;
#4003 = CIRCLE ( 'NONE', #1948, 2.199999999999993960 ) ;
#4004 = CC_DESIGN_PERSON_AND_ORGANIZATION_ASSIGNMENT ( #3379, #2081, ( #300 ) ) ;
#4005 = CYLINDRICAL_SURFACE ( 'NONE', #2836, 2.000000000000000000 ) ;
#4006 = CARTESIAN_POINT ( 'NONE',  ( -43.83490127101740086, 0.0000000000000000000, 141.7681118455689955 ) ) ;
#4007 = EDGE_LOOP ( 'NONE', ( #4087, #1889, #2215, #3233, #1567, #2223, #4027, #635, #1669, #3760, #3766, #1982, #3898, #1036, #4165, #1074, #3847, #1186, #3692, #796, #2398, #1602, #1843, #473, #4256, #3996, #1648, #2867, #1282, #3243, #1304, #752 ) ) ;
#4008 = CARTESIAN_POINT ( 'NONE',  ( -22.91168978699970182, 0.0000000000000000000, 149.9084525338920173 ) ) ;
#4009 = CARTESIAN_POINT ( 'NONE',  ( -94.71274716940419580, 3.476480763746599756, 148.9864696948430094 ) ) ;
#4010 = CARTESIAN_POINT ( 'NONE',  ( -65.51923914870899068, 0.0000000000000000000, 160.2003035237090103 ) ) ;
#4011 = CARTESIAN_POINT ( 'NONE',  ( -112.3404557186157717, 0.1696010403668614941, 2.659766216792744498 ) ) ;
#4012 = DIRECTION ( 'NONE',  ( 0.0000000000000000000, 0.0000000000000000000, -1.000000000000000000 ) ) ;
#4013 = B_SPLINE_SURFACE_WITH_KNOTS ( 'NONE', 2, 1, ( 
 ( #1400, #2715 ),
 ( #3136, #3432 ),
 ( #3523, #513 ) ),
 .UNSPECIFIED., .F., .F., .F.,
 ( 3, 3 ),
 ( 2, 2 ),
 ( -2.000000000000000000, -1.000000000000000000 ),
 ( 0.0000000000000000000, 1.300421644626400086 ),
 .UNSPECIFIED. ) ;
#4014 = CARTESIAN_POINT ( 'NONE',  ( -114.1091421549670031, 13.00316608220149917, 149.1705927090359864 ) ) ;
#4015 = DIRECTION ( 'NONE',  ( -0.5004356563159240157, 0.0000000000000000000, 0.8657737313453500727 ) ) ;
#4016 = ORIENTED_EDGE ( 'NONE', *, *, #3871, .F. ) ;
#4017 = CARTESIAN_POINT ( 'NONE',  ( -102.7128620838609976, 8.578616674318430668, 8.999999999999809930 ) ) ;
#4018 = CARTESIAN_POINT ( 'NONE',  ( -9.001204309022401873, 7.154701906856123728, 9.004797217754584082 ) ) ;
#4019 = CARTESIAN_POINT ( 'NONE',  ( -49.96652899400630332, 0.0000000000000000000, 138.1934693043230027 ) ) ;
#4020 = B_SPLINE_CURVE_WITH_KNOTS ( 'NONE', 3,
 ( #2585, #1388, #56, #2220, #894, #2703, #576, #1367, #4193, #274, #1893, #1594, #3193, #3644, #1914, #621, #1572, #3889, #2686, #3240, #295, #1615, #3990, #2925, #4236, #2364, #3668, #721, #3342, #4092, #3082, #1143, #2099, #1471, #3702, #3771, #3041, #2782, #3440, #1405, #111, #3723, #1076, #497, #2061 ),
 .UNSPECIFIED., .F., .F.,
 ( 4, 2, 2, 2, 2, 2, 1, 1, 1, 2, 2, 2, 2, 2, 1, 1, 1, 2, 2, 2, 2, 1, 1, 1, 2, 2, 4 ),
 ( 0.0000000000000000000, 0.1250000000000059952, 0.1875000000000089928, 0.2500000000000119904, 0.3750000000000179856, 0.4375000000000209832, 0.4687500000000224820, 0.4843750000000232037, 0.4921875000000235922, 0.4960937500000238143, 0.5000000000000239808, 0.6250000000000280886, 0.6875000000000301981, 0.7187500000000311973, 0.7343750000000317524, 0.7421875000000320854, 0.7460937500000320854, 0.7480468750000321965, 0.7500000000000323075, 0.8125000000000298650, 0.8437500000000286438, 0.8593750000000279776, 0.8671875000000278666, 0.8710937500000276446, 0.8730468750000274225, 0.8750000000000272005, 1.000000000000000000 ),
 .UNSPECIFIED. ) ;
#4021 = ADVANCED_FACE ( 'NONE', ( #1311 ), #1416, .T. ) ;
#4022 = CARTESIAN_POINT ( 'NONE',  ( -43.75676867665239911, 2.828510487235529780, 147.9016246873690079 ) ) ;
#4023 = CARTESIAN_POINT ( 'NONE',  ( -105.0779634874359942, 7.381832276003532201, 11.57526747306322079 ) ) ;
#4024 = CARTESIAN_POINT ( 'NONE',  ( -44.28188201899550336, 0.0000000000000000000, 138.6597729494750126 ) ) ;
#4025 = ADVANCED_FACE ( 'NONE', ( #1063 ), #2709, .F. ) ;
#4026 = EDGE_CURVE ( 'NONE', #12, #3331, #3724, .T. ) ;
#4027 = ORIENTED_EDGE ( 'NONE', *, *, #1377, .T. ) ;
#4028 = CARTESIAN_POINT ( 'NONE',  ( -37.44383207444760586, -0.001000001298026020023, 149.1705927090359864 ) ) ;
#4029 = DIRECTION ( 'NONE',  ( 0.5004356563159398918, 0.0000000000000000000, 0.8657737313453408579 ) ) ;
#4030 = AXIS2_PLACEMENT_3D ( 'NONE', #3409, #1111, #810 ) ;
#4031 = CALENDAR_DATE ( 2021, 15, 9 ) ;
#4032 = CARTESIAN_POINT ( 'NONE',  ( -114.0434928689719811, 13.00000000000000000, 323.7500000000000000 ) ) ;
#4033 = CARTESIAN_POINT ( 'NONE',  ( -105.0539410357470018, 12.56645895492219900, 149.1705927090359864 ) ) ;
#4034 = CARTESIAN_POINT ( 'NONE',  ( -81.84331098638239155, 3.312829101791079811, 148.9101432455270242 ) ) ;
#4035 = CARTESIAN_POINT ( 'NONE',  ( -26.20519172726790202, 2.605319793905689796, 160.4555247112049869 ) ) ;
#4036 = VERTEX_POINT ( 'NONE', #2329 ) ;
#4037 = CARTESIAN_POINT ( 'NONE',  ( -102.1383918325380051, 5.266910660663229216, 10.23306594515169898 ) ) ;
#4038 = CARTESIAN_POINT ( 'NONE',  ( -9.056793841715752080, 6.592363650594680102, 11.52661599310150109 ) ) ;
#4039 = CARTESIAN_POINT ( 'NONE',  ( -50.50009153781139304, 0.0000000000000000000, 138.4236305999610295 ) ) ;
#4040 = FACE_OUTER_BOUND ( 'NONE', #3080, .T. ) ;
#4041 = CARTESIAN_POINT ( 'NONE',  ( -44.39166537061760209, 2.836584182607460036, 147.0007781320080085 ) ) ;
#4042 = VECTOR ( 'NONE', #4213, 1000.000000000000000 ) ;
#4043 = CARTESIAN_POINT ( 'NONE',  ( -103.9466617885804141, 5.220848934241109518, 12.15452221705778513 ) ) ;
#4044 = CARTESIAN_POINT ( 'NONE',  ( -44.78575445766959717, 0.0000000000000000000, 138.3469674511639766 ) ) ;
#4045 = CARTESIAN_POINT ( 'NONE',  ( -2.418669776894628143, 2.418669776894637913, 0.2700045808943279391 ) ) ;
#4046 = ORIENTED_EDGE ( 'NONE', *, *, #610, .T. ) ;
#4047 = CARTESIAN_POINT ( 'NONE',  ( -42.99652753305959862, 0.0000000000000000000, 148.5251873153569875 ) ) ;
#4048 = CARTESIAN_POINT ( 'NONE',  ( -9.134506838025659547, 2.388244256645830177, 312.2490000000000236 ) ) ;
#4049 = CIRCLE ( 'NONE', #814, 7.654378035012191717 ) ;
#4050 =( NAMED_UNIT ( * ) SI_UNIT ( $, .STERADIAN. ) SOLID_ANGLE_UNIT ( ) );
#4051 = ADVANCED_FACE ( 'NONE', ( #1698 ), #2229, .T. ) ;
#4052 = FACE_OUTER_BOUND ( 'NONE', #3547, .T. ) ;
#4053 = CARTESIAN_POINT ( 'NONE',  ( -90.96384688423039222, 3.428808739506299830, 146.4618108367650109 ) ) ;
#4054 =( BOUNDED_CURVE ( )  B_SPLINE_CURVE ( 3, ( #1561, #2871, #4185, #930 ),
 .UNSPECIFIED., .F., .T. ) 
 B_SPLINE_CURVE_WITH_KNOTS ( ( 4, 4 ),
 ( 3.954335453224513852, 4.629146770897768270 ),
 .UNSPECIFIED. ) 
 CURVE ( )  GEOMETRIC_REPRESENTATION_ITEM ( )  RATIONAL_B_SPLINE_CURVE ( ( 1.000000000000000000, 0.9624111141300347727, 0.9624111141300347727, 1.000000000000000000 ) ) 
 REPRESENTATION_ITEM ( '' )  );
#4055 = CARTESIAN_POINT ( 'NONE',  ( 0.0000000000000000000, 2.000000000000000000, 149.1705927090359864 ) ) ;
#4056 = CARTESIAN_POINT ( 'NONE',  ( -24.02906074191280084, 2.577647614596620063, 155.1497144096420016 ) ) ;
#4057 = CARTESIAN_POINT ( 'NONE',  ( -86.63312674368779653, 13.00321644496600015, 146.3249479373060069 ) ) ;
#4058 = CARTESIAN_POINT ( 'NONE',  ( -30.18323528530979871, 0.0000000000000000000, 153.0721818800820131 ) ) ;
#4059 = CARTESIAN_POINT ( 'NONE',  ( -102.7050701735670089, 7.923974289767328649, 9.032230441037050639 ) ) ;
#4060 = CARTESIAN_POINT ( 'NONE',  ( -10.91084810166919894, 3.409358003235611001, 10.86666365509860555 ) ) ;
#4061 = CARTESIAN_POINT ( 'NONE',  ( -31.37917110636950113, 2.671113458172860167, 158.2806310325560162 ) ) ;
#4062 = CARTESIAN_POINT ( 'NONE',  ( -112.7643120787219999, 0.0000000000000000000, 4.000000000000000000 ) ) ;
#4063 = CARTESIAN_POINT ( 'NONE',  ( -44.07001012426039921, 2.832494107569949904, 142.5518488863649793 ) ) ;
#4064 = CARTESIAN_POINT ( 'NONE',  ( -104.2716524138758842, 5.621563055612813109, 11.98967024789961755 ) ) ;
#4065 = ORIENTED_EDGE ( 'NONE', *, *, #470, .T. ) ;
#4066 = DIRECTION ( 'NONE',  ( 1.000000000000000000, 0.0000000000000000000, 0.0000000000000000000 ) ) ;
#4067 = CARTESIAN_POINT ( 'NONE',  ( -92.01594844030080367, 0.0000000000000000000, 139.7179322380240194 ) ) ;
#4068 = ORIENTED_EDGE ( 'NONE', *, *, #2510, .T. ) ;
#4069 = CARTESIAN_POINT ( 'NONE',  ( -24.34124881949569996, 0.0000000000000000000, 151.7480572579050033 ) ) ;
#4070 = CARTESIAN_POINT ( 'NONE',  ( -98.12425617760010255, 3.519862453211660025, 149.1705927090359864 ) ) ;
#4071 = DATE_AND_TIME ( #1495, #1114 ) ;
#4072 = CIRCLE ( 'NONE', #2234, 2.000000000000001776 ) ;
#4073 = CARTESIAN_POINT ( 'NONE',  ( -111.6176712747700037, 2.241612368205209815, 0.3993589512204550052 ) ) ;
#4074 = CARTESIAN_POINT ( 'NONE',  ( -90.86873034228939616, 3.427599187069029885, 145.1847518230950129 ) ) ;
#4075 = CARTESIAN_POINT ( 'NONE',  ( -51.58432030697829873, 2.928047549750460110, 147.8468050960720177 ) ) ;
#4076 = EDGE_CURVE ( 'NONE', #1425, #3095, #1724, .T. ) ;
#4077 = CARTESIAN_POINT ( 'NONE',  ( -24.90133920324420203, 2.588738730839989621, 160.1537678701230050 ) ) ;
#4078 = FACE_OUTER_BOUND ( 'NONE', #2673, .T. ) ;
#4079 = DIRECTION ( 'NONE',  ( -0.03290740155733661715, -0.9994584047986904141, 3.418946239931756718E-08 ) ) ;
#4080 = CARTESIAN_POINT ( 'NONE',  ( -70.86693509912051070, 0.0000000000000000000, 159.8615082116099870 ) ) ;
#4081 = CARTESIAN_POINT ( 'NONE',  ( -51.56580144993770176, 0.0000000000000000000, 140.7583805690190104 ) ) ;
#4082 = VERTEX_POINT ( 'NONE', #421 ) ;
#4083 = CARTESIAN_POINT ( 'NONE',  ( -77.89744814321591093, 0.0000000000000000000, 149.1705927090359864 ) ) ;
#4084 = LINE ( 'NONE', #2524, #372 ) ;
#4085 = CARTESIAN_POINT ( 'NONE',  ( -44.66588681946790018, 2.840071089679600203, 146.0351413773499871 ) ) ;
#4086 = CARTESIAN_POINT ( 'NONE',  ( -77.89744814321591093, 3.262652783558460001, 149.1705927090359864 ) ) ;
#4087 = ORIENTED_EDGE ( 'NONE', *, *, #3660, .T. ) ;
#4088 = CARTESIAN_POINT ( 'NONE',  ( -43.79919663540270136, 0.0000000000000000000, 139.2166392654800120 ) ) ;
#4089 = CARTESIAN_POINT ( 'NONE',  ( -102.4881388274735343, 6.359823862813676953, 9.505835196422973254 ) ) ;
#4090 = VERTEX_POINT ( 'NONE', #3068 ) ;
#4091 = CARTESIAN_POINT ( 'NONE',  ( -24.10290043968250018, 0.0000000000000000000, 154.9098465579280060 ) ) ;
#4092 = CARTESIAN_POINT ( 'NONE',  ( -2.515110687908389320, 3.257556170320341948, 0.2858210076130713317 ) ) ;
#4093 = COORDINATED_UNIVERSAL_TIME_OFFSET ( 0, 0, .AHEAD. ) ;
#4094 = CARTESIAN_POINT ( 'NONE',  ( -114.7639975833969999, 2.035466637765300124, 149.1705927090359864 ) ) ;
#4095 = CARTESIAN_POINT ( 'NONE',  ( -91.06349262609089124, 3.430075833103120253, 138.4663876494829822 ) ) ;
#4096 = CARTESIAN_POINT ( 'NONE',  ( -50.84946602911419689, 2.918702942445250414, 143.1955175585130178 ) ) ;
#4097 = CARTESIAN_POINT ( 'NONE',  ( -25.18939754543719900, 2.592400656368719858, 160.2466547901310037 ) ) ;
#4098 = CARTESIAN_POINT ( 'NONE',  ( -105.2887561037250066, 6.597681612626940861, 11.49999999999980105 ) ) ;
#4099 = CARTESIAN_POINT ( 'NONE',  ( -100.7674430338999656, 3.553473946284869900, 13.50915771333279913 ) ) ;
#4100 = CARTESIAN_POINT ( 'NONE',  ( -71.79784434056989539, 0.0000000000000000000, 157.6685421674889938 ) ) ;
#4101 = CARTESIAN_POINT ( 'NONE',  ( -50.41712582285179423, 0.0000000000000000000, 145.9430554145259862 ) ) ;
#4102 = ORIENTED_EDGE ( 'NONE', *, *, #3178, .F. ) ;
#4103 = EDGE_CURVE ( 'NONE', #841, #2417, #1316, .T. ) ;
#4104 = ADVANCED_FACE ( 'NONE', ( #574 ), #957, .F. ) ;
#4105 = CARTESIAN_POINT ( 'NONE',  ( -112.3566704031370023, 0.7995201214911840104, 1.596863349229869833 ) ) ;
#4106 = CARTESIAN_POINT ( 'NONE',  ( -34.03232306625010750, 2.704851754786979701, 149.3547157232300151 ) ) ;
#4107 = CARTESIAN_POINT ( 'NONE',  ( -9.056793841718507210, 6.592363650576351652, 11.52661599298532380 ) ) ;
#4108 = APPROVAL ( #2806, 'UNSPECIFIED' ) ;
#4109 = CARTESIAN_POINT ( 'NONE',  ( -104.0328014341409499, 5.318402919605601298, 12.11087222541961417 ) ) ;
#4110 = CARTESIAN_POINT ( 'NONE',  ( -84.25780029545789773, 1.543587313972390091E-21, 147.8272001968599909 ) ) ;
#4111 = CARTESIAN_POINT ( 'NONE',  ( -90.11146060783239875, 2.183684047678470186E-19, 138.0821485656620098 ) ) ;
#4112 = AXIS2_PLACEMENT_3D ( 'NONE', #3977, #1028, #2353 ) ;
#4113 = ORIENTED_EDGE ( 'NONE', *, *, #3733, .T. ) ;
#4114 = CARTESIAN_POINT ( 'NONE',  ( -24.46832075495320069, 2.187613136199829650E-19, 152.3658707497349951 ) ) ;
#4115 = CARTESIAN_POINT ( 'NONE',  ( -42.83353965869509494, 2.816770452410490400, 148.5806141149739972 ) ) ;
#4116 = APPROVAL_ROLE ( '' ) ;
#4117 = CARTESIAN_POINT ( 'NONE',  ( -66.65738021033580196, 3.119720979638579639, 160.4535412680230024 ) ) ;
#4118 = CARTESIAN_POINT ( 'NONE',  ( -90.87305337477060618, 3.427654276351809859, 145.9884300624700018 ) ) ;
#4119 = VERTEX_POINT ( 'NONE', #2538 ) ;
#4120 = CARTESIAN_POINT ( 'NONE',  ( -51.17209160883939489, 2.922805644018290128, 142.2399081278599908 ) ) ;
#4121 = CARTESIAN_POINT ( 'NONE',  ( -23.29953369912149697, 2.568370225144540164, 157.8475566578199789 ) ) ;
#4122 = CARTESIAN_POINT ( 'NONE',  ( -104.5837326691050038, 6.096451217809719658, 11.83042100429330112 ) ) ;
#4123 = CARTESIAN_POINT ( 'NONE',  ( -71.30016072902189705, 0.0000000000000000000, 155.8091242063740083 ) ) ;
#4124 = CARTESIAN_POINT ( 'NONE',  ( -51.13321321645430118, 0.0000000000000000000, 138.8877982467559775 ) ) ;
#4125 = EDGE_LOOP ( 'NONE', ( #100, #744, #2240, #1260, #614, #2016 ) ) ;
#4126 = CARTESIAN_POINT ( 'NONE',  ( -114.5078490602320187, 0.2883109635154398331, 2.410175233647741777 ) ) ;
#4127 = CARTESIAN_POINT ( 'NONE',  ( -37.44383207444760586, 2.748233444252059954, 149.1705927090359864 ) ) ;
#4128 = ADVANCED_FACE ( 'NONE', ( #3886 ), #2242, .F. ) ;
#4129 = CARTESIAN_POINT ( 'NONE',  ( -77.89744814321591093, 0.0000000000000000000, 149.1705927090359864 ) ) ;
#4130 = CARTESIAN_POINT ( 'NONE',  ( -112.7643120787219999, 0.0000000000000000000, 6.623095966852620364 ) ) ;
#4131 = ORIENTED_EDGE ( 'NONE', *, *, #265, .F. ) ;
#4132 = CARTESIAN_POINT ( 'NONE',  ( -84.71760337247459915, 0.0000000000000000000, 143.1301015300630013 ) ) ;
#4133 = CARTESIAN_POINT ( 'NONE',  ( -91.75975982820459365, 0.0000000000000000000, 139.0910919911150074 ) ) ;
#4134 = ORIENTED_EDGE ( 'NONE', *, *, #1718, .F. ) ;
#4135 = CARTESIAN_POINT ( 'NONE',  ( -24.47748521471920213, 2.168404344971009831E-19, 152.4934488168649978 ) ) ;
#4136 = APPROVAL ( #1539, 'UNSPECIFIED' ) ;
#4137 = DIRECTION ( 'NONE',  ( 0.0000000000000000000, 0.0000000000000000000, -1.000000000000000000 ) ) ;
#4138 = CARTESIAN_POINT ( 'NONE',  ( -64.05834595256419561, 3.086671034409439685, 159.2669481515549990 ) ) ;
#4139 = CARTESIAN_POINT ( 'NONE',  ( -91.19494499166910373, 3.431747388726549719, 138.5420781736689833 ) ) ;
#4140 = ORIENTED_EDGE ( 'NONE', *, *, #4076, .T. ) ;
#4141 = CARTESIAN_POINT ( 'NONE',  ( -51.30689260395320161, 2.924519945469400195, 147.6180438820299798 ) ) ;
#4142 = VECTOR ( 'NONE', #2146, 1000.000000000000000 ) ;
#4143 = CARTESIAN_POINT ( 'NONE',  ( -24.41420300938559862, 2.582545169985679845, 152.0001729063520202 ) ) ;
#4144 = B_SPLINE_CURVE_WITH_KNOTS ( 'NONE', 3,
 ( #1576, #2861, #4220, #4150 ),
 .UNSPECIFIED., .F., .F.,
 ( 4, 4 ),
 ( -0.07002442851367199350, 0.0000000000000000000 ),
 .UNSPECIFIED. ) ;
#4145 = CARTESIAN_POINT ( 'NONE',  ( -2.000000000000000000, 4.336808689942019708E-16, 4.000000000000000000 ) ) ;
#4146 = LOCAL_TIME ( 10, 41, 23.00000000000000000, #1234 ) ;
#4147 = CARTESIAN_POINT ( 'NONE',  ( -70.80483580129289578, 0.0000000000000000000, 154.1476676519559987 ) ) ;
#4148 = CARTESIAN_POINT ( 'NONE',  ( -51.44124233749540309, 2.168404344971009831E-19, 141.3407562509000002 ) ) ;
#4149 = ORIENTED_EDGE ( 'NONE', *, *, #2224, .F. ) ;
#4150 = CARTESIAN_POINT ( 'NONE',  ( -8.965620329501408747, 7.932386895312930619, 149.1705927090359864 ) ) ;
#4151 = CARTESIAN_POINT ( 'NONE',  ( -111.6762410453269325, 2.127186862923099220, 0.4636831052068238757 ) ) ;
#4152 = CARTESIAN_POINT ( 'NONE',  ( -32.10153760561860281, 2.680299529430739902, 149.7472543115210044 ) ) ;
#4153 = CARTESIAN_POINT ( 'NONE',  ( -11.04619947302733607, 3.398397265309710757, 12.50093235786594192 ) ) ;
#4154 = ADVANCED_FACE ( 'NONE', ( #596 ), #3190, .T. ) ;
#4155 = CARTESIAN_POINT ( 'NONE',  ( -73.48973090845069578, 3.206604067833379812, 149.5119330253590135 ) ) ;
#4156 = ORIENTED_EDGE ( 'NONE', *, *, #4242, .F. ) ;
#4157 = CARTESIAN_POINT ( 'NONE',  ( -85.06059908350330545, 0.0000000000000000000, 144.6385081179319911 ) ) ;
#4158 = CARTESIAN_POINT ( 'NONE',  ( -91.70493461158720550, 0.0000000000000000000, 141.9716118954000024 ) ) ;
#4159 = CARTESIAN_POINT ( 'NONE',  ( -24.48664967448529950, 2.149195553742199882E-19, 152.6210268839950004 ) ) ;
#4160 = CARTESIAN_POINT ( 'NONE',  ( -70.44550405338320331, 13.00321644496600015, 155.5306577074939867 ) ) ;
#4161 = EDGE_CURVE ( 'NONE', #4036, #1582, #3110, .T. ) ;
#4162 = EDGE_CURVE ( 'NONE', #503, #2601, #509, .T. ) ;
#4163 = CARTESIAN_POINT ( 'NONE',  ( -64.73707252387850986, 3.095301817463980143, 154.3112690229790189 ) ) ;
#4164 = CARTESIAN_POINT ( 'NONE',  ( -12.60440111598827961, 3.343498702320018889, 11.11761317784917047 ) ) ;
#4165 = ORIENTED_EDGE ( 'NONE', *, *, #2196, .T. ) ;
#4166 = CARTESIAN_POINT ( 'NONE',  ( -51.06547377392070786, 2.921449802326909762, 142.5568974273629976 ) ) ;
#4167 = CARTESIAN_POINT ( 'NONE',  ( -63.58999387911859458, 2.168404344971009831E-19, 150.3913448638019759 ) ) ;
#4168 = VECTOR ( 'NONE', #416, 1000.000000000000000 ) ;
#4169 = CARTESIAN_POINT ( 'NONE',  ( -66.85473093634611530, 3.122230545901170551, 160.4802146902100048 ) ) ;
#4170 = CARTESIAN_POINT ( 'NONE',  ( -71.10623312145200714, 0.0000000000000000000, 159.7015474368259902 ) ) ;
#4171 = CARTESIAN_POINT ( 'NONE',  ( -51.52378108662889389, 0.0000000000000000000, 139.5632920684469980 ) ) ;
#4172 = CARTESIAN_POINT ( 'NONE',  ( -71.69188847599060921, 3.183741175295459858, 158.9598631747169861 ) ) ;
#4173 = VECTOR ( 'NONE', #371, 1000.000000000000000 ) ;
#4174 = EDGE_LOOP ( 'NONE', ( #2947, #2507, #1192, #2701 ) ) ;
#4175 = LINE ( 'NONE', #301, #3357 ) ;
#4176 = CARTESIAN_POINT ( 'NONE',  ( -111.6228735007588568, 2.231083092972458104, 0.4104044692243027925 ) ) ;
#4177 = CARTESIAN_POINT ( 'NONE',  ( -26.40111486757770010, 0.0000000000000000000, 160.4802146902100048 ) ) ;
#4178 = DIRECTION ( 'NONE',  ( 0.1214093666953637296, 0.0000000000000000000, -0.9926025214952008957 ) ) ;
#4179 = B_SPLINE_CURVE_WITH_KNOTS ( 'NONE', 3,
 ( #177, #4117, #2404, #756, #2082, #2740, #3380, #436, #569, #1565, #613, #245, #3881, #952, #2533, #887, #3836, #1887, #4206, #2213, #3186, #3859, #3575, #3253, #1257, #2849, #4138, #2873, #3486, #1907, #2237, #591, #547, #1517, #1279, #2279, #3508, #1949, #1235, #1607, #4186, #2828, #1929, #3164, #3210, #3815, #2555, #2260, #1863, #908, #1586, #2918, #1190, #267, #632, #3532, #2895, #4163, #2577, #2512, #1211, #932, #3553, #222, #3232, #287, #4228, #864, #1541, #2598, #3902, #2188, #2379, #2959, #695, #52, #1054, #1647, #352, #3318, #1384, #29, #9, #3681, #2617, #1014, #2317, #3663, #2057, #2659, #1668, #3962, #3940, #970 ),
 .UNSPECIFIED., .F., .F.,
 ( 4, 3, 3, 3, 3, 3, 3, 3, 3, 3, 3, 3, 3, 3, 3, 3, 3, 3, 3, 3, 3, 3, 3, 3, 3, 3, 3, 3, 3, 3, 3, 4 ),
 ( 0.0000000000000000000, 0.05974828080181119466, 0.1208516639312970098, 0.1844498312440550070, 0.2329669464251510058, 0.2899654284327840004, 0.3377091664803359983, 0.3789776733656949892, 0.3854529045278879962, 0.4503032445029159780, 0.4955531150144359964, 0.5497874651051219974, 0.6034046955644670751, 0.6713676263628509666, 0.7309314436278819826, 0.7637622116477189582, 0.8892286286272230722, 1.016345885128570048, 1.134400039361669998, 1.143463141629909918, 1.221983992784839712, 1.310685789037660198, 1.361903114632979861, 1.473793215500329934, 1.513164354942389878, 1.566819251660580115, 1.635166835726239887, 1.659056619112230013, 1.723476336857839852, 1.790681446832939949, 1.863658083208659999, 1.869030396285100037 ),
 .UNSPECIFIED. ) ;
#4180 = CARTESIAN_POINT ( 'NONE',  ( 0.0000000000000000000, 0.0000000000000000000, 323.7500000000000000 ) ) ;
#4181 = ORIENTED_EDGE ( 'NONE', *, *, #2950, .T. ) ;
#4182 = CARTESIAN_POINT ( 'NONE',  ( -85.09614558097909764, 2.147161773866430493E-19, 144.9078932335389993 ) ) ;
#4183 = CARTESIAN_POINT ( 'NONE',  ( -91.39087683637420412, 0.0000000000000000000, 142.9416483831210201 ) ) ;
#4184 = CARTESIAN_POINT ( 'NONE',  ( -24.19064065622760040, 0.0000000000000000000, 159.8270370620269887 ) ) ;
#4185 = CARTESIAN_POINT ( 'NONE',  ( -106.7184105508191294, -6.018169905161049176E-14, 3.082747790410041322 ) ) ;
#4186 = CARTESIAN_POINT ( 'NONE',  ( -63.76690802543530623, 3.082964453950370221, 157.6449344343919847 ) ) ;
#4187 = CARTESIAN_POINT ( 'NONE',  ( -13.67583363529170448, 2.504042584029603002, 13.23969381909672194 ) ) ;
#4188 = ORIENTED_EDGE ( 'NONE', *, *, #2902, .F. ) ;
#4189 = CARTESIAN_POINT ( 'NONE',  ( -50.41872241923639564, 2.913226067129919716, 144.9751340683060050 ) ) ;
#4190 = EDGE_CURVE ( 'NONE', #3275, #3408, #537, .T. ) ;
#4191 = DIRECTION ( 'NONE',  ( -5.912492717640962256E-11, -1.293894852372122863E-09, -1.000000000000000000 ) ) ;
#4192 = CARTESIAN_POINT ( 'NONE',  ( -77.89744814321591093, 0.0000000000000000000, 149.1705927090359864 ) ) ;
#4193 = CARTESIAN_POINT ( 'NONE',  ( -0.4997258324486590908, 2.250060643072246513, 2.045045551629239622 ) ) ;
#4194 = CARTESIAN_POINT ( 'NONE',  ( -217.5718534080390043, 3.995356370322069139, 199.0335014125869861 ) ) ;
#4195 = CARTESIAN_POINT ( 'NONE',  ( -70.74690783926489246, 3.171724434350889688, 153.9070815908169720 ) ) ;
#4196 = ORIENTED_EDGE ( 'NONE', *, *, #2140, .T. ) ;
#4197 = CARTESIAN_POINT ( 'NONE',  ( -41.09865044207440121, 13.00321644496600015, 149.1705927090359864 ) ) ;
#4198 = CARTESIAN_POINT ( 'NONE',  ( -85.07852919599578456, 3.353969410597600120, 146.0947977018840049 ) ) ;
#4199 =( BOUNDED_SURFACE ( )  B_SPLINE_SURFACE ( 3, 2, ( 
 ( #4145, #870, #1195 ),
 ( #3820, #1240, #598 ),
 ( #3841, #3513, #2584 ),
 ( #2243, #575, #3560 ),
 ( #1892, #938, #620 ),
 ( #3949, #450, #2348 ),
 ( #4235, #1770, #3720 ),
 ( #1956, #2307, #2096 ),
 ( #1285, #361, #315 ),
 ( #3583, #2967, #2604 ),
 ( #3327, #4045, #2326 ),
 ( #771, #3928, #1633 ),
 ( #2024, #3908, #958 ),
 ( #3303, #3648, #2668 ) ),
 .UNSPECIFIED., .F., .F., .F. ) 
 B_SPLINE_SURFACE_WITH_KNOTS ( ( 4, 2, 2, 2, 2, 2, 4 ),
 ( 3, 3 ),
 ( 6.283185307179590673, 6.479534848028950300, 6.675884388878309927, 6.872233929727670443, 7.068583470577030070, 7.461282552275759983, 7.853981633974480125 ),
 ( 0.0000000000000000000, 1.000000000000000000 ),
 .UNSPECIFIED. ) 
 GEOMETRIC_REPRESENTATION_ITEM ( )  RATIONAL_B_SPLINE_SURFACE ( (
 ( 1.000000000000000000, 0.7071067811865480168, 1.000000000000000000),
 ( 1.000000000000000000, 0.7070717266846580085, 1.000000000000000000),
 ( 1.000000000000000000, 0.7117460047829139436, 1.000000000000000000),
 ( 1.000000000000000000, 0.7291288917604019648, 1.000000000000000000),
 ( 1.000000000000000000, 0.7418334209259089818, 1.000000000000000000),
 ( 1.000000000000000000, 0.7723968187712940692, 1.000000000000000000),
 ( 1.000000000000000000, 0.7902180112882439822, 1.000000000000000000),
 ( 1.000000000000000000, 0.8275942669550969688, 1.000000000000000000),
 ( 1.000000000000000000, 0.8471316623313640548, 1.000000000000000000),
 ( 1.000000000000000000, 0.9038128866905850156, 1.000000000000000000),
 ( 1.000000000000000000, 0.9386556523773950111, 1.000000000000000000),
 ( 1.000000000000000000, 0.9867291873849179940, 1.000000000000000000),
 ( 1.000000000000000000, 1.000158582174070165, 1.000000000000000000),
 ( 1.000000000000000000, 1.000000000000000000, 1.000000000000000000) ) ) 
 REPRESENTATION_ITEM ( '' )  SURFACE ( )  );
#4200 = CARTESIAN_POINT ( 'NONE',  ( -11.87572927109676257, 2.909521522004398175, 12.91255563837401787 ) ) ;
#4201 = DIRECTION ( 'NONE',  ( -0.5004356563159257920, 0.0000000000000000000, 0.8657737313453489625 ) ) ;
#4202 = EDGE_LOOP ( 'NONE', ( #3862, #3120, #422, #1627, #3039, #2238 ) ) ;
#4203 = CARTESIAN_POINT ( 'NONE',  ( -84.55158468922618908, 0.0000000000000000000, 138.9226506112100026 ) ) ;
#4204 = CARTESIAN_POINT ( 'NONE',  ( -92.57156071898809557, 3.449252846289670327, 148.5251873153569875 ) ) ;
#4205 = CARTESIAN_POINT ( 'NONE',  ( -70.44550405338320331, -0.001000001298026020023, 155.5306577074939867 ) ) ;
#4206 = CARTESIAN_POINT ( 'NONE',  ( -64.46541884269309719, 3.091847925328520041, 159.6764785652589751 ) ) ;
#4207 = ORIENTED_EDGE ( 'NONE', *, *, #2769, .F. ) ;
#4208 = CARTESIAN_POINT ( 'NONE',  ( -13.62972868312266961, 2.518517548241160142, 13.14793458316598063 ) ) ;
#4209 = VERTEX_POINT ( 'NONE', #2420 ) ;
#4210 = CARTESIAN_POINT ( 'NONE',  ( -7.165051494988360581, 3.995356370322069139, 8.500999999999999446 ) ) ;
#4211 = CARTESIAN_POINT ( 'NONE',  ( -24.12482713125739764, 2.578865303924450458, 151.2232536727889851 ) ) ;
#4212 = EDGE_CURVE ( 'NONE', #2342, #3825, #739, .T. ) ;
#4213 = DIRECTION ( 'NONE',  ( 0.0000000000000000000, 1.000000000000000000, 0.0000000000000000000 ) ) ;
#4214 = CARTESIAN_POINT ( 'NONE',  ( -71.05557311728421155, 0.0000000000000000000, 151.0997608401920047 ) ) ;
#4215 = CARTESIAN_POINT ( 'NONE',  ( -88.94016535008579183, 0.0000000000000000000, 137.8609707278629912 ) ) ;
#4216 = CARTESIAN_POINT ( 'NONE',  ( -71.74799151324060631, 3.184454596990720088, 158.7914479491319923 ) ) ;
#4217 = ORIENTED_EDGE ( 'NONE', *, *, #2693, .T. ) ;
#4218 = CC_DESIGN_APPROVAL ( #4108, ( #300 ) ) ;
#4219 = CC_DESIGN_DATE_AND_TIME_ASSIGNMENT ( #546, #3552, ( #3595 ) ) ;
#4220 = CARTESIAN_POINT ( 'NONE',  ( -8.976878512000880050, 7.698946448377330221, 149.1705927090359864 ) ) ;
#4221 = CARTESIAN_POINT ( 'NONE',  ( -85.11094922943458130, 3.354381663516840195, 145.0754770780339982 ) ) ;
#4222 = CARTESIAN_POINT ( 'NONE',  ( -30.27005177005019831, 2.657009675325100240, 151.9277924429040354 ) ) ;
#4223 = DIRECTION ( 'NONE',  ( -1.000000000000000000, 0.0000000000000000000, 0.0000000000000000000 ) ) ;
#4224 = ORIENTED_EDGE ( 'NONE', *, *, #978, .T. ) ;
#4225 = CARTESIAN_POINT ( 'NONE',  ( -84.40175923067378960, 0.0000000000000000000, 139.1132761242369895 ) ) ;
#4226 = CARTESIAN_POINT ( 'NONE',  ( -91.10173054063680809, 0.0000000000000000000, 143.9049067789719913 ) ) ;
#4227 = CARTESIAN_POINT ( 'NONE',  ( -43.88508864956569511, 2.830142327435010152, 139.0678288515729832 ) ) ;
#4228 = CARTESIAN_POINT ( 'NONE',  ( -64.94949850460729124, 3.098003084823419684, 152.6667804684640259 ) ) ;
#4229 = ORIENTED_EDGE ( 'NONE', *, *, #786, .F. ) ;
#4230 = DIRECTION ( 'NONE',  ( 0.0000000000000000000, -1.000000000000000000, 0.0000000000000000000 ) ) ;
#4231 = VERTEX_POINT ( 'NONE', #2738 ) ;
#4232 = CARTESIAN_POINT ( 'NONE',  ( -11.49543762092579868, 7.341204054068350082, 11.50120031178779989 ) ) ;
#4233 = CARTESIAN_POINT ( 'NONE',  ( -23.96068565214349988, 2.576778019960769939, 150.9403967496890004 ) ) ;
#4234 = B_SPLINE_CURVE_WITH_KNOTS ( 'NONE', 3,
 ( #2038, #1968, #375, #3274, #1688, #1034, #328, #3002, #3338, #3020, #4247, #71, #1626, #2699, #1301, #1748, #3075, #836, #3057, #750, #146, #2798, #107, #3698, #3718, #3374, #3434, #2435, #490, #1443, #815 ),
 .UNSPECIFIED., .F., .F.,
 ( 4, 2, 2, 1, 2, 2, 2, 2, 1, 1, 2, 2, 2, 2, 1, 1, 2, 4 ),
 ( 0.0000000000000000000, 0.06326770650446261746, 0.09490155975669391231, 0.1107184863828066940, 0.1186269496958632791, 0.1265354130089198503, 0.1898031195133878524, 0.2214369727656199383, 0.2372538993917360783, 0.2451623627047941345, 0.2491165943613230238, 0.2530708260178519131, 0.3796062390267931907, 0.4428739455312619699, 0.4745077987834979139, 0.4903247254096177454, 0.4982331887226792988, 0.5061416520357409077 ),
 .UNSPECIFIED. ) ;
#4235 = CARTESIAN_POINT ( 'NONE',  ( -2.264336804268409775, 0.5286736085368120008, 1.995397296465280190 ) ) ;
#4236 = CARTESIAN_POINT ( 'NONE',  ( -2.352958223982239527, 3.176531124667065775, 0.3546479723942197460 ) ) ;
#4237 = CARTESIAN_POINT ( 'NONE',  ( -71.81251951766870434, 3.185274931281339761, 158.4950511921909992 ) ) ;
#4238 = ORIENTED_EDGE ( 'NONE', *, *, #2537, .T. ) ;
#4239 = CARTESIAN_POINT ( 'NONE',  ( -31.89113661583549941, 13.00321644496600015, 149.8159981027159802 ) ) ;
#4240 = CARTESIAN_POINT ( 'NONE',  ( -84.13372683267050434, 3.341954397985540393, 140.8455171017930354 ) ) ;
#4241 = CARTESIAN_POINT ( 'NONE',  ( -30.63047723125039923, 2.661592944897450241, 151.0467921991659921 ) ) ;
#4242 = EDGE_CURVE ( 'NONE', #1163, #3296, #1097, .T. ) ;
#4243 = CARTESIAN_POINT ( 'NONE',  ( -31.02286493660459854, 0.0000000000000000000, 156.3586365057369960 ) ) ;
#4244 = CARTESIAN_POINT ( 'NONE',  ( -87.02546167222439522, 0.0000000000000000000, 137.8693188566169852 ) ) ;
#4245 = CARTESIAN_POINT ( 'NONE',  ( -90.97776585323700260, 0.0000000000000000000, 146.5202343883559877 ) ) ;
#4246 = CARTESIAN_POINT ( 'NONE',  ( -45.13893561543329724, 2.846085668540149882, 138.2030298278799876 ) ) ;
#4247 = CARTESIAN_POINT ( 'NONE',  ( -101.3797151046764640, 3.681418186291958161, 13.44769164344851475 ) ) ;
#4248 = ORIENTED_EDGE ( 'NONE', *, *, #2502, .T. ) ;
#4249 = CARTESIAN_POINT ( 'NONE',  ( -13.43743308070325782, 2.595232595775635698, 12.76522576052879643 ) ) ;
#4250 = ORIENTED_EDGE ( 'NONE', *, *, #1877, .T. ) ;
#4251 = CARTESIAN_POINT ( 'NONE',  ( -11.49496940825619973, 7.315240705357449080, 9.000804013091510569 ) ) ;
#4252 = CARTESIAN_POINT ( 'NONE',  ( -63.93056946842189348, 0.0000000000000000000, 156.8851064196520042 ) ) ;
#4253 = FACE_OUTER_BOUND ( 'NONE', #3435, .T. ) ;
#4254 = CARTESIAN_POINT ( 'NONE',  ( -51.57073653699529814, 0.0000000000000000000, 147.8366150215399841 ) ) ;
#4255 = CARTESIAN_POINT ( 'NONE',  ( -70.78991238655748930, 3.172271398571230083, 159.9009075195010041 ) ) ;
#4256 = ORIENTED_EDGE ( 'NONE', *, *, #1957, .T. ) ;
ENDSEC;
END-ISO-10303-21;
